utc,load,ens_p10,ens_p50,ens_p90,q10,q50,q90
2026-06-25 12:00:00+00:00,89511.52791953324,87678.23558737485,89511.52791953324,92901.61738311406,87417.97628522989,89251.26861738828,92641.3580809691
2026-06-25 12:05:00+00:00,89670.32081083453,87826.29347317865,89670.32081083453,93017.6156461712,87625.47550838017,89469.50159178453,92816.20611340503
2026-06-25 12:10:00+00:00,89829.588119141,87975.13484760428,89829.588119141,93130.54458361924,87834.17267698387,89688.62138760592,92987.43125675266
2026-06-25 12:15:00+00:00,89989.32783987978,88124.75409062399,89989.32783987978,93239.86554524979,88044.05849628056,89908.62300968415,93154.81385950785
2026-06-25 12:20:00+00:00,90149.53796847806,88275.14558221,90149.53796847806,93345.03988085437,88255.12367150978,90129.50146285095,93318.13427016641
2026-06-25 12:25:00+00:00,90310.21650036299,88426.30370233451,90310.21650036299,93445.52894022453,88467.35890791117,90351.25175193803,93477.17283722419
2026-06-25 12:30:00+00:00,90471.36143096171,88578.22283096971,90471.36143096171,93540.79407315177,88680.75491072428,90573.86888177713,93631.70990917704
2026-06-25 12:35:00+00:00,90632.97075570142,88730.89734808788,90632.97075570142,93630.29662942771,88895.30238518871,90797.34785719996,93781.52583452074
2026-06-25 12:40:00+00:00,90795.04247000923,88884.32163366117,90795.04247000923,93713.49795884386,89110.99203654403,91021.68368303824,93926.4009617512
2026-06-25 12:45:00+00:00,90957.57456931229,89038.49006766184,90957.57456931229,93789.85941119172,89327.81457002983,91246.87136412371,94066.11563936422
2026-06-25 12:50:00+00:00,91120.5650490378,89193.39703006209,91120.5650490378,93858.8423362629,89545.7606908857,91472.90590528809,94200.45021585563
2026-06-25 12:55:00+00:00,91284.0119046129,89349.03690083412,91284.0119046129,93919.90808384889,89764.82110435118,91699.7823113631,94329.18503972128
2026-06-25 13:00:00+00:00,91447.91313146474,89505.40405995016,91447.91313146474,93972.51800374128,89984.98651566589,91927.49558718047,94452.10045945701
2026-06-25 13:05:00+00:00,91610.20779229258,89661.73061529586,91610.20779229258,94016.52979285491,90210.21512690469,92157.88540568465,94567.32221867272
2026-06-25 13:10:00+00:00,91769.58948409044,89817.54221377826,91769.58948409044,94053.22400430264,90443.04945332356,92392.13518281413,94674.21672167623
2026-06-25 13:15:00+00:00,91927.18800372766,89973.27354390165,91927.18800372766,94084.19627217286,90681.35666993374,92629.25553789159,94774.42530801026
2026-06-25 13:20:00+00:00,92084.13314807355,90129.35929417041,92084.13314807355,94111.04223055404,90923.00395174649,92868.25709023977,94869.58931721747
2026-06-25 13:25:00+00:00,92241.55471399747,90286.23415308878,92241.55471399747,94135.35751353465,91165.85847377304,93108.15045918131,94961.35008884055
2026-06-25 13:30:00+00:00,92400.58249836872,90444.33280916112,92400.58249836872,94158.73775520307,91407.7874110247,93347.94626403898,95051.3489624222
2026-06-25 13:35:00+00:00,92562.34629805665,90604.0899508917,92562.34629805665,94182.77858964777,91646.65793851267,93586.65512413543,95141.2272775051
2026-06-25 13:40:00+00:00,92727.97590993058,90765.9402667849,92727.97590993058,94209.07565095721,91880.3372312482,93823.2876587934,95232.62637363192
2026-06-25 13:45:00+00:00,92898.60113085985,90930.318445345,92898.60113085985,94239.22457321982,92106.69246424256,94056.85448733559,95327.18759034539
2026-06-25 13:50:00+00:00,93075.3517577138,91097.65917507629,93075.3517577138,94274.82099052402,92323.59081250701,94286.36622908467,95426.55226718816
2026-06-25 13:55:00+00:00,93259.35758736172,91268.3971444831,93259.35758736172,94317.46053695829,92528.89945105278,94510.83350336335,95532.36174370295
2026-06-25 14:00:00+00:00,93451.748416673,91442.96704206977,93451.748416673,94368.73884661103,92720.48555489114,94729.26692949438,95646.2573594324
2026-06-25 14:05:00+00:00,93659.88867015569,91631.10447244553,93659.88867015569,94448.59937461777,92897.66087855726,94938.37079329482,95767.07091503381
2026-06-25 14:10:00+00:00,93887.62970051097,91838.6259144905,93887.62970051097,94571.26015547756,93062.74460217764,95137.2085595646,95892.53932931041
2026-06-25 14:15:00+00:00,94130.83169689767,92060.08736811538,94130.83169689767,94729.72869232408,93218.11503915052,95328.32961610066,96022.66161902397
2026-06-25 14:20:00+00:00,94385.35484847473,92290.04483323079,94385.35484847473,94917.01248829105,93366.15050287414,95514.28335069986,96157.43680093618
2026-06-25 14:25:00+00:00,94647.05934440099,92523.05430974737,94647.05934440099,95126.11904651215,93509.22930674673,95697.61915115912,96296.86389180881
2026-06-25 14:30:00+00:00,94911.80537383529,92753.6717975758,94911.80537383529,95350.0558701211,93649.72976416654,95880.8864052753,96440.9419084036
2026-06-25 14:35:00+00:00,95175.45312593659,92976.45329662669,95175.45312593659,95581.8304622516,93790.03018853179,96066.63450084538,96589.66986748225
2026-06-25 14:40:00+00:00,95433.86278986372,93185.95480681071,95433.86278986372,95814.45032603737,93932.50889324074,96257.41282566622,96743.0467858065
2026-06-25 14:45:00+00:00,95682.89455477557,93376.7323280385,95682.89455477557,96040.9229646121,94079.54419169162,96455.77076753475,96901.07168013809
2026-06-25 14:50:00+00:00,95918.40860983099,93543.34186022075,95918.40860983099,96254.25588110952,94233.51439728265,96664.25771424781,97063.74356723877
2026-06-25 14:55:00+00:00,96136.26514418892,93680.33940326807,96136.26514418892,96447.45657866329,94396.7978234121,96885.42305360237,97231.06146387022
2026-06-25 15:00:00+00:00,96332.3243470082,93782.28095709109,96332.3243470082,96613.53256040714,94571.77278347818,97121.81617339529,97403.02438679423
2026-06-25 15:05:00+00:00,96505.92604098319,93856.97326971687,96505.92604098319,96755.22312773694,94756.76883003357,97380.6875365005,97584.32006656013
2026-06-25 15:10:00+00:00,96661.8138237648,93917.81244777671,96661.8138237648,96882.26780247274,94948.48530548721,97664.68438492034,97778.3304117904
2026-06-25 15:15:00+00:00,96803.95354694672,93967.73852908777,96803.95354694672,96998.17441838449,95146.85520802178,97969.45127514457,97983.09570635637
2026-06-25 15:20:00+00:00,96936.31106212264,94009.69155146717,96936.31106212264,97106.45080924217,95351.81153581996,98290.6327636628,98196.65623412942
2026-06-25 15:25:00+00:00,97062.85222088621,94046.61155273205,97062.85222088621,97210.6048088158,95563.28728706444,98623.87340696466,98417.0522789809
2026-06-25 15:30:00+00:00,97187.54287483112,94081.43857069957,97187.54287483112,97314.1442508753,95781.2154599379,98964.8177615399,98642.32412478217
2026-06-25 15:35:00+00:00,97314.34887555106,94117.11264318683,97314.34887555106,97420.57696919068,96005.529052623,99309.11038387813,98870.51205540462
2026-06-25 15:40:00+00:00,97447.23607463969,94156.57380801097,97447.23607463969,97533.41079753189,96236.16106330242,99652.39583046903,99099.65635471961
2026-06-25 15:45:00+00:00,97590.1703236907,94202.76210298917,97590.1703236907,97656.15356966894,96473.04449015889,99990.31865780227,99327.79730659848
2026-06-25 15:50:00+00:00,97747.11747429777,94258.6175659385,97747.11747429777,97792.3131193718,96716.11233137504,100318.5234223675,99552.9751949126
2026-06-25 15:55:00+00:00,97922.04337805457,94327.08023467615,97922.04337805457,97945.39728041041,96965.29758513355,100632.65468065444,99773.23030353333
2026-06-25 16:00:00+00:00,98118.9138865548,94411.09014701925,98118.9138865548,98118.9138865548,97220.53324961713,100928.35698915269,99986.60291633206
2026-06-25 16:05:00+00:00,98345.6906269539,94547.52198866467,98345.6906269539,98321.2554181448,97489.48347788422,101213.03419718191,100188.32864816046
2026-06-25 16:10:00+00:00,98605.59947697865,94764.83624267908,98605.59947697865,98557.18193018917,97777.56392163425,101496.32882112202,100377.52341409335
2026-06-25 16:15:00+00:00,98895.50266407958,95053.35164293434,98895.50266407958,98824.75261846131,98081.33482701123,101777.24341805301,100558.04794833667
2026-06-25 16:20:00+00:00,99212.26241570727,95403.38692330227,99212.26241570727,99122.02667873447,98397.35644015926,102054.78054505488,100733.76298509646
2026-06-25 16:25:00+00:00,99552.74095931226,95805.26081765472,99552.74095931226,99447.06330678209,98722.18900722232,102327.94275920765,100908.52925857871
2026-06-25 16:30:00+00:00,99913.80052234516,96249.29205986348,99913.80052234516,99797.92169837742,99052.39277434454,102595.73261759139,101086.20750298942
2026-06-25 16:35:00+00:00,100292.30333225647,96725.79938380043,100292.30333225647,100172.6610492939,99384.52798766992,102857.15267728607,101270.65845253458
2026-06-25 16:40:00+00:00,100685.11161649684,97225.10152333736,100685.11161649684,100569.34055530479,99715.15489334252,103111.20549537172,101465.74284142019
2026-06-25 16:45:00+00:00,101089.08760251677,97737.51721234612,101089.08760251677,100986.0194121835,100040.83373750644,103356.89362892834,101675.32140385226
2026-06-25 16:50:00+00:00,101501.09351776683,98253.36518469856,101501.09351776683,101420.75681570328,100358.12476630569,103593.21963503599,101903.25487403676
2026-06-25 16:55:00+00:00,101917.99158969762,98762.96417426648,101917.99158969762,101871.61196163758,100663.58822588433,103819.18607077464,102153.4039861797
2026-06-25 17:00:00+00:00,102336.64404575966,99256.63291492172,102336.64404575966,102336.64404575966,100953.7843623864,104033.79549322434,102429.6294744871
2026-06-25 17:05:00+00:00,102780.63770712129,99774.73594768671,102780.63770712129,102866.75761371314,101230.26328076846,104233.0216539982,102761.99112766888
2026-06-25 17:10:00+00:00,103269.36194374863,100354.67522688454,103269.36194374863,103500.23364652897,101497.92061695892,104415.8845918131,103169.33653603245
2026-06-25 17:15:00+00:00,103793.38280628894,100982.325606338,103793.38280628894,104216.1959930616,101758.33491355956,104585.95629440482,103638.70813617995
2026-06-25 17:20:00+00:00,104343.26634538955,101643.56193986988,104343.26634538955,104993.76850216546,102013.08471317231,104746.80874950907,104157.14836471356
2026-06-25 17:25:00+00:00,104909.57861169767,102324.259081303,104909.57861169767,105812.07502269499,102263.74855839896,104902.01394486162,104711.69965823537
2026-06-25 17:30:00+00:00,105482.88565586062,103010.29188446012,105482.88565586062,106650.23940350463,102511.90499184141,105055.14386819818,105289.4044533476
2026-06-25 17:35:00+00:00,106053.7535285257,103687.53520316411,106053.7535285257,107487.3854934488,102759.13255610145,105209.77050725452,105877.30518665235
2026-06-25 17:40:00+00:00,106612.74828034014,104341.86389123769,106612.74828034014,108302.63714138197,103007.00979378096,105369.46584976636,106462.44429475177
2026-06-25 17:45:00+00:00,107150.43596195127,104959.1528025037,107150.43596195127,109075.11819615854,103257.11524748176,105537.80188346947,107031.86421424805
2026-06-25 17:50:00+00:00,107657.38262400634,105525.27679078495,107657.38262400634,109783.952506633,103511.02745980576,105718.35059609955,107572.6073817433
2026-06-25 17:55:00+00:00,108124.15431715261,106026.11070990423,108124.15431715261,110408.2639216597,103770.32497335474,105914.68397539237,108071.7162338397
2026-06-25 18:00:00+00:00,108541.31709203743,106447.52941368433,108541.31709203743,110927.17629009316,104036.58633073057,106130.37400908367,108516.2332071394
2026-06-25 18:05:00+00:00,108919.99073734313,106808.37427965552,108919.99073734313,111364.39707998847,104315.64057851923,106381.00337234297,108920.76814363796
2026-06-25 18:10:00+00:00,109279.07900478267,107139.68835703992,109279.07900478267,111761.89095446689,104609.51954499737,106673.91736575987,109309.6499702824
2026-06-25 18:15:00+00:00,109620.82388954914,107445.64900719814,109620.82388954914,112126.16755498206,104914.10594530277,107000.33191520028,109684.49975110205
2026-06-25 18:20:00+00:00,109947.46738683555,107730.43359149077,109947.46738683555,112463.73652298765,105225.28249457329,107351.46294653005,110046.9385501262
2026-06-25 18:25:00+00:00,110261.251491835,107998.21947127845,110261.251491835,112781.10749993728,105538.93190794675,107718.5263856151,110398.58743138425
2026-06-25 18:30:00+00:00,110564.4181997406,108253.18400792177,110564.4181997406,113084.7901272846,105850.936900561,108092.73815832127,110741.06745890545
2026-06-25 18:35:00+00:00,110859.20950574536,108499.50456278132,110859.20950574536,113381.2940464833,106157.18018755387,108465.31419051449,111075.9996967192
2026-06-25 18:40:00+00:00,111147.86740504236,108741.35849721772,111147.86740504236,113677.12889898696,106453.54448406317,108827.47040806057,111405.00520885475
2026-06-25 18:45:00+00:00,111432.6338928247,108982.9231725916,111432.6338928247,113978.80432624927,106735.91250522673,109170.42273682547,111729.70505934148
2026-06-25 18:50:00+00:00,111715.75096428541,109228.37595026352,111715.75096428541,114292.82996972388,107000.1669661824,109485.38710267503,112051.7203122087
2026-06-25 18:55:00+00:00,111999.4606146176,109481.89419159413,111999.4606146176,114625.71547086441,107242.19058206801,109763.57943147513,112372.67203148572
2026-06-25 19:00:00+00:00,112286.00483901429,109747.655257944,112286.00483901429,114983.97047112453,107457.86606802137,109996.21564909165,112694.18128120189
2026-06-25 19:05:00+00:00,112577.02043999633,110028.95991302704,112577.02043999633,115380.85851203008,107655.9923927991,110196.26404158604,113025.8655751181
2026-06-25 19:10:00+00:00,112871.20171214995,110323.35218100494,112871.20171214995,115817.96421685003,107847.81850866458,110383.39945625272,113372.18486690155
2026-06-25 19:15:00+00:00,113166.37688876654,110626.37431390998,113166.37688876654,116284.27884965265,108032.90210601565,110558.89766080711,113727.02388044084
2026-06-25 19:20:00+00:00,113460.3742031373,110933.56856377446,113460.3742031373,116768.79367450626,108210.80087525025,110724.03442296461,114084.26733962471
2026-06-25 19:25:00+00:00,113751.0218885536,111240.47718263071,113751.0218885536,117260.49995547917,108381.07250676626,110880.08551044064,114437.7999683418
2026-06-25 19:30:00+00:00,114036.14817830674,111542.64242251101,114036.14817830674,117748.38895663968,108543.27469096155,111028.32669095058,114781.50649048082
2026-06-25 19:35:00+00:00,114313.58130568799,111835.60653544765,114313.58130568799,118221.4519420561,108696.96511823403,111170.0337322099,115109.27162993042
2026-06-25 19:40:00+00:00,114581.14950398868,112114.91177347294,114581.14950398868,118668.68017579672,108841.70147898159,111306.48240193393,115414.9801105793
2026-06-25 19:45:00+00:00,114836.68100650009,112376.10038861918,114836.68100650009,119079.06492192984,108977.0414636021,111438.94846783811,115692.51665631615
2026-06-25 19:50:00+00:00,115078.00404651355,112614.71463291865,115078.00404651355,119441.59744452378,109102.5427624935,111568.70769763787,115935.7659910296
2026-06-25 19:55:00+00:00,115302.94685732038,112826.2967584037,115302.94685732038,119745.26900764683,109217.76306605365,111697.03585904858,116138.61283860837
2026-06-25 20:00:00+00:00,115509.33767221183,113006.38901710659,115509.33767221183,119979.07087536728,109322.26006468045,111825.20871978569,116294.94192294114
2026-06-25 20:05:00+00:00,115710.82384559649,113170.69910868788,115710.82384559649,120173.1930242188,109419.05182363537,111953.39646164342,116424.8349894265
2026-06-25 20:10:00+00:00,115919.38671447492,113335.9690178893,115919.38671447492,120363.50389762274,109511.45121056511,112080.51191352025,116551.43394090151
2026-06-25 20:15:00+00:00,116130.3554860264,113499.29242436473,116130.3554860264,120547.51245997906,109599.4581194454,112205.94481378797,116673.21373741263
2026-06-25 20:20:00+00:00,116339.05936743024,113657.76300776811,116339.05936743024,120722.72767568765,109683.07244425196,112329.08490081834,116788.64933900624
2026-06-25 20:25:00+00:00,116540.82756586578,113808.4744477534,116540.82756586578,120886.65850914847,109762.29407896055,112449.32191298307,116896.21570572875
2026-06-25 20:30:00+00:00,116730.98928851227,113948.52042397455,116730.98928851227,121036.81392476143,109837.1229175469,112566.04558865397,116994.38779762658
2026-06-25 20:35:00+00:00,116904.87374254904,114074.99461608547,116904.87374254904,121170.70288692643,109907.55885398673,112678.64566620278,117081.64057474612
2026-06-25 20:40:00+00:00,117057.8101351554,114184.99070374011,117057.8101351554,121285.83436004343,109973.60178225582,112786.51188400123,117156.44899713382
2026-06-25 20:45:00+00:00,117185.12767351062,114275.60236659244,117185.12767351062,121379.71730851232,110035.25159632985,112889.03398042114,117217.28802483606
2026-06-25 20:50:00+00:00,117282.15556479404,114343.92328429637,117282.15556479404,121449.86069673307,110092.50819018457,112985.6016938342,117262.63261789922
2026-06-25 20:55:00+00:00,117344.22301618493,114387.04713650583,117344.22301618493,121493.77348910557,110145.37145779574,113075.60476261223,117290.95773636978
2026-06-25 21:00:00+00:00,117366.65923486263,114402.06760287477,117366.65923486263,121508.96465002975,110193.84129313909,113158.43292512695,117300.73834029408
2026-06-25 21:05:00+00:00,117367.67901957518,114397.08314104934,117367.67901957518,121485.95599960665,110240.73991497452,113239.32819281668,117290.66008380771
2026-06-25 21:10:00+00:00,117368.6109290753,114383.12864771653,117368.6109290753,121421.28259259668,110288.2887696557,113322.72737133043,117261.9183765312
2026-06-25 21:15:00+00:00,117369.45481054905,114361.70246109142,117369.45481054905,121321.47324538873,110335.58659254902,113406.81239035609,117216.75281173842
2026-06-25 21:20:00+00:00,117370.21051118264,114334.3029193892,117370.21051118264,121193.05677437177,110381.73211902089,113489.76517958149,117157.40298270322
2026-06-25 21:25:00+00:00,117370.87787816221,114302.42836082503,117370.87787816221,121042.56199593471,110425.82408443764,113569.7676686945,117086.10848269948
2026-06-25 21:30:00+00:00,117371.45675867387,114267.57712361403,117371.45675867387,120876.5177264665,110466.96122416569,113645.00178738295,117005.10890500105
2026-06-25 21:35:00+00:00,117371.94699990381,114231.24754597132,117371.94699990381,120701.45278235606,110504.24227357139,113713.64946533472,116916.64384288182
2026-06-25 21:40:00+00:00,117372.34844903814,114194.9379661121,117372.34844903814,120523.89597999235,110536.76596802114,113773.89263223764,116822.95288961563
2026-06-25 21:45:00+00:00,117372.66095326304,114160.1467222515,117372.66095326304,120350.37613576427,110563.63104288133,113823.91321777957,116726.27563847636
2026-06-25 21:50:00+00:00,117372.88435976465,114128.37215260466,117372.88435976465,120187.42206606078,110583.93623351831,113861.89315164836,116628.85168273788
2026-06-25 21:55:00+00:00,117373.0185157291,114101.11259538672,117373.0185157291,120041.5625872708,110596.78027529852,113886.01436353188,116532.92061567404
2026-06-25 22:00:00+00:00,117373.06326834255,114079.86638881284,117373.06326834255,119919.32651578328,110601.26190358827,113894.45878311798,116440.72203055871
2026-06-25 22:05:00+00:00,117357.18079065623,114063.78231019023,117357.18079065623,119817.80982349142,110596.87993317285,113869.98852747674,116349.17471286966
2026-06-25 22:10:00+00:00,117311.711251829,114050.5442487811,117311.711251829,119727.81522287635,110584.07957170418,113801.03197915986,116253.51270053443
2026-06-25 22:15:00+00:00,117239.92149320847,114039.45321073286,117239.92149320847,119646.43164120888,110563.37914384856,113694.27046607756,116153.4484655016
2026-06-25 22:20:00+00:00,117145.07835614224,114029.8102021931,117145.07835614224,119570.7480057598,110535.29697427235,113556.38531614008,116048.69447971972
2026-06-25 22:25:00+00:00,117030.44868197793,114020.91622930927,117030.44868197793,119497.85324379992,110500.35138764184,113394.05785725763,115938.96321513735
2026-06-25 22:30:00+00:00,116899.29931206313,114012.0722982289,116899.29931206313,119424.83628260005,110459.0607086234,113213.96941734046,115823.96714370308
2026-06-25 22:35:00+00:00,116754.89708774547,114002.57941509946,116754.89708774547,119348.786049431,110411.94326188331,113022.8013242988,115703.41873736546
2026-06-25 22:40:00+00:00,116600.50885037253,113991.73858606852,116600.50885037253,119266.79147156356,110359.51737208795,112827.23490604285,115577.03046807306
2026-06-25 22:45:00+00:00,116439.40144129194,113978.8508172835,116439.40144129194,119175.94147626853,110302.30136390365,112633.9514904829,115444.51480777445
2026-06-25 22:50:00+00:00,116274.84170185127,113963.21711489196,116274.84170185127,119073.32499081673,110240.81356199669,112449.63240552913,115305.5842284182
2026-06-25 22:55:00+00:00,116110.09647339815,113944.13848504137,116110.09647339815,118956.03094247899,110175.57229103343,112280.9589790918,115159.95120195283
2026-06-25 23:00:00+00:00,115948.43259728022,113920.91593387928,115948.43259728022,118821.14825852605,110107.0958756802,112134.61253908114,115007.32820032697
2026-06-25 23:05:00+00:00,115781.32184497971,113844.66835745049,115781.32184497971,118642.50950805226,110009.607801269,112006.24815750944,114833.47797474773
2026-06-25 23:10:00+00:00,115598.51698475353,113675.57129753652,115598.51698475353,118402.18076448968,109862.1150158273,111885.7412406996,114628.66342449747
2026-06-25 23:15:00+00:00,115400.70635311112,113426.51072888983,115400.70635311112,118109.60121161572,109672.31103806457,111771.10361802766,114399.34724363755
2026-06-25 23:20:00+00:00,115188.57828656198,113110.37262626286,115188.57828656198,117774.21003320786,109447.88938669037,111660.34711886967,114151.99212622932
2026-06-25 23:25:00+00:00,114962.82112161558,112740.04296440809,114962.82112161558,117405.4464130435,109196.54358041422,111551.48357260169,113893.06076633417
2026-06-25 23:30:00+00:00,114724.12319478138,112328.40771807799,114724.12319478138,117012.74953490008,108925.96713794557,111442.52480859979,113629.0158580134
2026-06-25 23:35:00+00:00,114473.17284256888,111888.35286202499,114473.17284256888,116605.5585825551,108643.85357799396,111331.48265624001,113366.32009532844
2026-06-25 23:40:00+00:00,114210.65840148753,111432.76437100158,114210.65840148753,116193.31273978592,108357.89641926893,111216.36894489841,113111.43617234063
2026-06-25 23:45:00+00:00,113937.26820804682,110974.52821976019,113937.26820804682,115785.45119037003,108075.78918047997,111095.19550395106,112870.82678311135
2026-06-25 23:50:00+00:00,113653.69059875622,110526.53038305332,113653.69059875622,115391.41311808485,107805.22538033659,110965.974162774,112650.95462170191
2026-06-25 23:55:00+00:00,113360.61391012522,110101.65683563337,113360.61391012522,115020.63770670783,107553.89853754832,110826.7167507433,112458.28238217373
2026-06-26 00:00:00+00:00,113058.72647866326,109712.79355225289,113058.72647866326,114682.56414001639,107329.50217082463,110675.43509723501,112299.27275858814
2026-06-26 00:05:00+00:00,112728.80485300598,109343.1240214141,112728.80485300598,114373.15089877587,107124.90632045773,110501.98167353735,112169.45281873614
2026-06-26 00:10:00+00:00,112356.39498709406,108967.84371515086,112356.39498709406,114079.41582985276,106927.05377522827,110301.1279720403,112057.49790893332
2026-06-26 00:15:00+00:00,111949.33932539451,108587.85658351298,111949.33932539451,113797.38716617636,106734.7471765787,110078.26435377251,111959.59314102781
2026-06-26 00:20:00+00:00,111515.48031237436,108204.06657655026,111515.48031237436,113523.09314067588,106546.7891659514,109838.78117976262,111871.92362686782
2026-06-26 00:25:00+00:00,111062.66039250072,107817.37764431252,111062.66039250072,113252.5619862806,106361.98238478876,109588.06881103934,111790.67447830152
2026-06-26 00:30:00+00:00,110598.72201024054,107428.69373684954,110598.72201024054,112981.82193591977,106179.12947453317,109331.51760863129,111712.03080717706
2026-06-26 00:35:00+00:00,110131.50761006091,107038.91880421113,110131.50761006091,112706.90122252263,105997.03307662703,109074.51793356716,111632.17772534263
2026-06-26 00:40:00+00:00,109668.85963642888,106648.9567964471,109668.85963642888,112423.82807901845,105814.49583251272,108822.4601468756,111547.30034464643
2026-06-26 00:45:00+00:00,109218.62053381147,106259.71166360728,109218.62053381147,112128.6307383365,105630.32038363264,108580.73460958527,111453.58377693659
2026-06-26 00:50:00+00:00,108788.63274667574,105872.0873557414,108788.63274667574,111817.33743340599,105443.30937142918,108354.7316827248,111347.21313406133
2026-06-26 00:55:00+00:00,108386.73871948871,105486.98782289933,108386.73871948871,111485.97639715622,105252.2654373447,108149.8417273229,111224.37352786881
2026-06-26 01:00:00+00:00,108020.78089671742,105105.31701513086,108020.78089671742,111130.5758625164,105055.99122282166,107971.45510440822,111081.2500702072
2026-06-26 01:05:00+00:00,107688.72134862306,104722.8269581582,107688.72134862306,110736.9529914595,104859.96006043482,107819.9335906312,110904.16762442114
2026-06-26 01:10:00+00:00,107380.02813093174,104335.82538037452,107380.02813093174,110298.97861235336,104668.92859246147,107688.81636127681,110685.06831020815
2026-06-26 01:15:00+00:00,107089.80266630779,103946.04978583605,107089.80266630779,109824.7614577195,104480.62442489773,107573.25987532543,110428.56312394569
2026-06-26 01:20:00+00:00,106813.14637741563,103555.23767859896,106813.14637741563,109322.41026007954,104292.77516373966,107468.42059175743,110139.26306201126
2026-06-26 01:25:00+00:00,106545.16068691965,103165.12656271945,106545.16068691965,108800.03375195502,104103.10841498335,107369.45496955325,109821.77912078232
2026-06-26 01:30:00+00:00,106280.94701748424,102777.45394225373,106280.94701748424,108265.74066586752,103909.3517846249,107271.51946769324,109480.72229663633
2026-06-26 01:35:00+00:00,106015.6067917738,102393.95732125803,106015.6067917738,107727.63973433858,103709.2328786604,107169.77054515785,109120.7035859508
2026-06-26 01:40:00+00:00,105744.24143245266,102016.3742037885,105744.24143245266,107193.8396898898,103500.47930308594,107059.3646609274,108746.33398510318
2026-06-26 01:45:00+00:00,105461.95236218526,101646.44209390138,105461.95236218526,106672.44926504273,103280.81866389762,106935.45827398232,108362.22449047094
2026-06-26 01:50:00+00:00,105163.841003636,101285.89849565286,105163.841003636,106171.57719231893,103047.97856709149,106793.20784330301,107972.98609843157
2026-06-26 01:55:00+00:00,104845.00877946922,100936.48091309912,104845.00877946922,105699.33220423998,102799.68661866369,106627.76982786984,107583.22980536256
2026-06-26 02:00:00+00:00,104500.55711234933,100599.9268502964,104500.55711234933,105263.82303332747,102533.67042461027,106434.3006866632,107197.56660764135
2026-06-26 02:05:00+00:00,104120.91890205357,100282.57616743122,104121.148900923,104860.22947738442,102243.90329242614,106161.38641972002,106802.36485357843
2026-06-26 02:10:00+00:00,103704.20705307399,99986.26474700985,103705.04341259916,104476.04182213497,101927.23589594173,105773.14865380511,106383.13921550955
2026-06-26 02:15:00+00:00,103257.04299514729,99705.97412656806,103258.73662318577,104107.83453198233,101585.71189065652,105288.0472879908,105943.22017585012
2026-06-26 02:20:00+00:00,102786.04815801012,99436.68584364162,102788.72450849069,103752.18207132965,101221.37493206994,104724.54222134945,105485.93821701549
2026-06-26 02:25:00+00:00,102297.84397139917,99173.38143576632,102301.50304432183,103405.65890458015,100836.26867568148,104101.09335295335,105014.62382142106
2026-06-26 02:30:00+00:00,101799.05186505106,98911.04244047793,101803.56820648703,103064.83949613702,100432.43677699058,103436.16058187485,104532.60747148223
2026-06-26 02:35:00+00:00,101296.29326870253,98644.65039531223,101301.41597079425,102726.29831040346,100011.9228914967,102748.20380718628,104043.21964961436
2026-06-26 02:40:00+00:00,100796.1896120902,98369.186837805,100801.54231305134,102386.60981178266,99576.77067469928,102055.68292795995,103549.79083823285
2026-06-26 02:45:00+00:00,100305.36232495075,98079.633305492,100310.4432090662,102042.3484646778,99129.02378209782,101377.05784326821,103055.65151975308
2026-06-26 02:50:00+00:00,99830.43283702085,97770.97133590902,99834.61463464674,101690.08873349206,98670.72586919175,100730.78845218338,102564.13217659047
2026-06-26 02:55:00+00:00,99378.02257803717,97438.18246659185,99380.55256560082,101326.40508262864,98203.92059148052,100135.3346537778,102078.56329116036
2026-06-26 03:00:00+00:00,98954.75297773637,97076.24823507623,98954.75297773637,100947.87197649076,97730.65160446362,99609.15634712376,101602.27534587815
2026-06-26 03:05:00+00:00,98559.68902385524,96671.58482975219,98557.23487369984,100554.26549507817,97230.78143283448,99136.73495824312,101127.79073722872
2026-06-26 03:10:00+00:00,98184.64974939192,96218.95119345526,98180.59751575814,100149.04276372955,96688.19993833166,98687.41093827704,100646.71535272239
2026-06-26 03:15:00+00:00,97825.38765197512,95725.84299538954,97820.20726914966,99734.29981485645,96110.99178202232,98256.93272397676,100161.00491131276
2026-06-26 03:20:00+00:00,97477.65522923357,95199.75590475912,97471.43049911284,99312.13268087048,95507.24162497357,97841.04875209356,99672.61513195343
2026-06-26 03:25:00+00:00,97137.20497879597,94648.18559076807,97129.63357088612,98884.63739418316,94885.03412825262,97435.50745937873,99183.50173359801
2026-06-26 03:30:00+00:00,96799.789398291,94078.62772262053,96790.18284970793,98453.90998720606,94252.45395292656,97036.05728258358,98695.6204352001
2026-06-26 03:35:00+00:00,96461.16098534742,93498.57796952054,96448.4447008167,98022.04649235077,93617.58576006253,96638.44665845936,98210.92695571326
2026-06-26 03:40:00+00:00,96117.07223759397,92915.53200067223,96099.78548945085,97591.1429420288,92988.5142107277,96238.42402375738,97731.37701409115
2026-06-26 03:45:00+00:00,95763.2756526593,92336.98548527969,95739.57158084883,97163.29536865173,92373.32396598923,95831.73781522889,97258.92632928732
2026-06-26 03:50:00+00:00,95395.52372817216,91770.43409254699,95363.16934024906,96740.59980463116,91780.09968691421,95414.1364696252,96795.5306202554
2026-06-26 03:55:00+00:00,95009.56896176125,91223.37349167823,94965.94513288999,96325.1522823786,91216.9260345698,94981.36842369757,96343.14560594897
2026-06-26 04:00:00+00:00,94601.16385105529,90703.2993518775,94543.26532401002,95919.04883430566,90691.88767002318,94529.18211419729,95903.72700532165
2026-06-26 04:05:00+00:00,94157.66024683286,90198.04793389399,94080.67370119988,95519.50748728057,90192.63401072846,94047.91723902289,95473.5898625929
2026-06-26 04:10:00+00:00,93674.96781317722,89691.62243380648,93573.04919413241,95122.42473008939,89701.85833928555,93535.81168325,95048.04319608548
2026-06-26 04:15:00+00:00,93161.67576767397,89185.76892381343,93029.7608811693,94727.9142880203,89220.21111448023,93000.46116439547,94627.53368590801
2026-06-26 04:20:00+00:00,92626.37332790873,88682.23347611335,92460.1778406722,94336.08988636157,88748.34279509827,92449.46139997621,94212.50801216906
2026-06-26 04:25:00+00:00,92077.64971146718,88182.7621629047,91873.66915100277,93947.06525040137,88286.90383992544,91890.40810750914,93803.41285497716
2026-06-26 04:30:00+00:00,91524.09413593494,87689.10105638596,91279.60389052267,93560.95410542795,87836.5447077475,91330.89700451113,93400.69489444088
2026-06-26 04:35:00+00:00,90974.29581889762,87202.9962287556,90687.35113759359,93177.8701767295,87397.91585735024,90778.5238084991,93004.80081066882
2026-06-26 04:40:00+00:00,90436.8439779409,86726.1937522121,90106.27997057715,92797.92718959425,86971.66774751943,90240.88423698992,92616.17728376955
2026-06-26 04:45:00+00:00,89920.32783065038,86260.43969895395,89545.75946783503,92421.2388693104,86558.45083704081,89725.5740075005,92235.27099385162
2026-06-26 04:50:00+00:00,89433.33659461174,85807.48014117965,89015.1587077289,92047.91894116621,86158.9155847002,89240.18883754774,91862.5286210236
2026-06-26 04:55:00+00:00,88984.45948741057,85369.06115108762,88523.84676862042,91678.08113044982,85773.71244928332,88792.32444464852,91498.39684539409
2026-06-26 05:00:00+00:00,88582.28572663254,84946.92880087641,88081.19272887126,91311.83916244951,85403.49188957599,88389.57654631977,91143.32234707162
2026-06-26 05:05:00+00:00,88215.7409661679,84526.54806052042,87669.35451902723,90940.49526585873,85042.53101867308,88020.38734496913,90792.19102163608
2026-06-26 05:10:00+00:00,87866.88309864023,84096.2767659335,87265.36496894252,90558.33314794149,84685.76438098538,87667.43063982115,90440.96783627608
2026-06-26 05:15:00+00:00,87533.99969973523,83662.20028822316,86870.90550594154,90169.93875184201,84334.82858227265,87329.64954361785,90091.71807851328
2026-06-26 05:20:00+00:00,87215.37834513852,83230.40399849699,86487.65755734853,89779.89802070444,83991.36022829455,87005.98716910137,89746.50703586938
2026-06-26 05:25:00+00:00,86909.3066105358,82806.97326786249,86117.30255048783,89392.79689767293,83656.99592481078,86695.3866290138,89407.39999586603
2026-06-26 05:30:00+00:00,86614.0720716127,82397.99346742716,85761.52191268378,89013.22132589159,83333.37227758103,86396.79103609725,89076.46224602491
2026-06-26 05:35:00+00:00,86327.96230405489,82009.54996829861,85421.99707126067,88645.75724850464,83022.125892365,86109.1435030938,88755.75907386768
2026-06-26 05:40:00+00:00,86049.264883548,81647.72814158435,85100.40945354283,88294.9906086562,82724.8933749224,85831.38714274559,88447.35576691605
2026-06-26 05:45:00+00:00,85776.26738577776,81318.61335839187,84798.44048685457,87965.50734949042,82443.31133101288,85562.46506779468,88153.31761269165
2026-06-26 05:50:00+00:00,85507.25738642977,81028.29098982879,84517.77159852022,87661.89341415149,82179.01636639619,85301.32039098318,87875.70989871617
2026-06-26 05:55:00+00:00,85240.52246118971,80782.8464070026,84260.08421586407,87388.73474578354,81933.645086832,85046.8962250532,87616.59791251131
2026-06-26 06:00:00+00:00,84974.35018574324,80588.36498102083,84027.05976621047,87150.61728753072,81708.83409808,84798.13568274681,87378.04694159869
2026-06-26 06:05:00+00:00,84703.90803213141,80431.5319920396,83816.51177590476,86941.75335483708,81497.98833639253,84552.43250950624,87155.10749337399
2026-06-26 06:10:00+00:00,84427.77716853839,80293.06393663939,83623.3711887181,86751.37401484548,81293.79548850501,84308.79780168696,86941.25116112649
2026-06-26 06:15:00+00:00,84149.36571486459,80170.09301056425,83444.99555811343,86576.59333824829,81096.81628590178,84068.60069840103,86736.17486121836
2026-06-26 06:20:00+00:00,83872.08179101038,80059.7514095583,83278.74243755374,86414.52539573793,80907.61146006713,83833.21033876053,86539.57551001174
2026-06-26 06:25:00+00:00,83599.33351687611,79959.1713293656,83121.96938050199,86262.2842580068,80726.74174248538,83603.99586187748,86351.15002386874
2026-06-26 06:30:00+00:00,83334.5290123622,79865.48496573025,82972.03394042114,86116.98399574724,80554.76786464086,83382.32640686398,86170.59531915154
2026-06-26 06:35:00+00:00,83081.07639736899,79775.82451439634,82826.29367077416,85975.73867965168,80392.25055801793,83169.57111283205,85997.60831222229
2026-06-26 06:40:00+00:00,82842.3837917969,79687.32217110794,82682.10612502402,85835.66238041251,80239.75055410083,82967.09911889378,85831.88591944313
2026-06-26 06:45:00+00:00,82621.85931554627,79597.11013160912,82536.8288566337,85693.86916872213,80097.82858437394,82776.27956416122,85673.1250571762
2026-06-26 06:50:00+00:00,82422.9110885175,79502.320591644,82387.81941906616,85547.47311527291,79967.04538032156,82598.48158774641,85521.02264178367
2026-06-26 06:55:00+00:00,82248.94723061097,79400.08574695667,82232.43536578435,85393.58829075725,79847.961673428,82435.07432876142,85375.27558962765
2026-06-26 07:00:00+00:00,82103.37586172704,79287.53779329117,82068.03425025124,85229.32876586754,79741.1381951776,82287.42692631832,85235.58081707032
2026-06-26 07:05:00+00:00,81977.65868364534,79156.88462417253,81883.60109245029,85043.13576335201,79641.56615556721,82148.70614611778,85096.4837379544
2026-06-26 07:10:00+00:00,81860.57633703791,79006.2311582375,81674.99249591203,84830.75905172851,79544.37304909017,82012.0086809424,84954.36393681307
2026-06-26 07:15:00+00:00,81751.51535014385,78841.55512889779,81449.87338942013,84600.27552034381,79450.3240339753,81878.59856052705,84811.66958604423
2026-06-26 07:20:00+00:00,81649.86225120214,78668.83426956514,81215.90870175822,84359.76205854476,79360.18426845154,81749.73981460667,84670.84885804572
2026-06-26 07:25:00+00:00,81555.00356845185,78494.04631365126,80980.76336170993,84117.29555567815,79274.71891074779,81626.69647291608,84534.34992521544
2026-06-26 07:30:00+00:00,81466.32583013199,78323.16899456787,80752.10229805895,83880.95290109079,79194.69311909295,81510.73256519025,84404.62095995124
2026-06-26 07:35:00+00:00,81383.21556448164,78162.1800457267,80537.5904395889,83658.81098412945,79120.87205171591,81403.11212116406,84284.110134651
2026-06-26 07:40:00+00:00,81305.05929973985,78017.05720053946,80344.89271508339,83458.94669414099,79054.02086684559,81305.09917057236,84175.26562171255
2026-06-26 07:45:00+00:00,81231.2435641456,77893.77819241786,80181.6740533261,83289.43692047219,78994.90472271087,81217.9577431501,84080.53559353383
2026-06-26 07:50:00+00:00,81161.15488593798,77798.32075477365,80055.59938310066,83158.35855246986,78944.28877754064,81142.95186863214,84002.36822251265
2026-06-26 07:55:00+00:00,81094.17979335603,77736.6626210185,79974.33363319073,83073.7884794808,78902.93818956385,81081.34557675337,83943.21168104692
2026-06-26 08:00:00+00:00,81029.70481463877,77714.7815245642,79945.54173237995,83043.80359085182,78871.61811700935,81034.40289724873,83905.51414153448
2026-06-26 08:05:00+00:00,80964.80654580909,77716.92232592062,79948.70641144767,83046.91180798202,78845.97982237833,80995.777508946,83880.0388819737
2026-06-26 08:10:00+00:00,80897.93803433202,77723.21874800025,79957.97337576874,83056.01858194952,78821.3230366354,80958.53187602227,83856.01422881184
2026-06-26 08:15:00+00:00,80830.55048560994,77733.4818178186,79973.00201602002,83070.79709661962,78797.88562070458,80923.04320623631,83833.58592712034
2026-06-26 08:20:00+00:00,80764.09510504517,77747.52256239123,79993.45172287837,83090.92053585759,78775.90543550995,80889.68870734682,83812.89972197055
2026-06-26 08:25:00+00:00,80700.02309804005,77765.15200873365,80018.98188702064,83116.06208352876,78755.62034197559,80858.84558711255,83794.1013584338
2026-06-26 08:30:00+00:00,80639.78566999691,77786.18118386142,80049.2518991237,83145.89492349845,78737.26820102554,80830.89105329226,83777.33658158155
2026-06-26 08:35:00+00:00,80584.8340263181,77810.42111479006,80083.9211498644,83180.09223963194,78721.08687358384,80806.20231364471,83762.75113648508
2026-06-26 08:40:00+00:00,80536.61937240596,77837.68282853512,80122.64902991962,83218.32721579453,78707.31422057458,80785.1565759286,83750.49076821581
2026-06-26 08:45:00+00:00,80496.59291366281,77867.77735211211,80165.09492996619,83260.27303585154,78696.18810292178,80768.1310479027,83740.70122184513
2026-06-26 08:50:00+00:00,80466.205855491,77900.51571253658,80210.91824068099,83305.60288366827,78687.94638154953,80755.50293732577,83733.52824244434
2026-06-26 08:55:00+00:00,80446.90940329286,77935.70893682406,80259.77835274086,83353.98994311002,78682.82691738187,80747.64945195652,83729.11757508488
2026-06-26 09:00:00+00:00,80440.15476247075,77973.1680519901,80311.33465682267,83405.10739804209,78681.06757134285,80744.94779955372,83727.61496483808
2026-06-26 09:05:00+00:00,80466.32821143161,78030.58424970854,80384.80154422749,83478.29114654129,78708.88354033037,80777.27366399254,83760.79910291701
2026-06-26 09:10:00+00:00,80540.97092099402,78123.28220341973,80496.46748568634,83590.03282240349,78787.89989880615,80868.5230751126,83854.60535615697
2026-06-26 09:15:00+00:00,80658.2664351777,78247.52316278893,80641.60299102105,83735.73921307258,78911.46932404001,81010.1037596193,84000.41448306275
2026-06-26 09:20:00+00:00,80812.39829800237,78399.56837748135,80815.47857005337,83910.8171059924,79072.94449330184,81193.4234442181,84189.60724213917
2026-06-26 09:25:00+00:00,80997.55005348776,78575.67909716231,81013.36473260511,84110.6732886069,79265.67808386144,81409.88985561438,84413.564391891
2026-06-26 09:30:00+00:00,81207.90524565359,78772.116571497,81230.53198849809,84330.71454835995,79483.02277298868,81650.91072051354,84663.66669082305
2026-06-26 09:35:00+00:00,81437.64741851955,78985.14205015068,81462.25084755407,84566.3476726954,79718.3312379534,81907.893765621,84931.29489744011
2026-06-26 09:40:00+00:00,81680.96011610542,79211.01678278863,81703.79181959487,84812.97944905718,79964.95615602544,82172.24671764219,85207.82977024697
2026-06-26 09:45:00+00:00,81932.02688243089,79446.00201907608,81950.42541444227,85066.01666488919,80216.25020447462,82435.3773032825,85484.65206774844
2026-06-26 09:50:00+00:00,82185.03126151567,79686.35900867828,82197.42214191808,85320.86610763529,80465.56606057081,82688.69324924736,85753.14254844928
2026-06-26 09:55:00+00:00,82434.15679737952,79928.34900126047,82440.05251184411,85572.93456473936,80706.25640158386,82923.60228224217,86004.6819708543
2026-06-26 10:00:00+00:00,82673.58703404212,80168.23324648793,82673.58703404212,85817.62882364531,80931.67390478359,83131.51212897233,86230.65109346832
2026-06-26 10:05:00+00:00,82922.1621191964,80424.72017902124,82907.62556194572,86066.8630756946,81150.74740008668,83317.60796106116,86437.29276821583
2026-06-26 10:10:00+00:00,83199.15620341647,80715.20573976844,83153.77679860323,86333.78036860388,81376.70864341152,83494.5786311403,86637.98339929024
2026-06-26 10:15:00+00:00,83499.40383504388,81033.98243776598,83410.32452825863,86615.63077438,81609.36470103051,83665.08738742763,86834.80407359957
2026-06-26 10:20:00+00:00,83817.73956242023,81375.34278205024,83675.55253515589,86909.66436502968,81848.52263921603,83831.79747814109,87029.8358780519
2026-06-26 10:25:00+00:00,84148.9979338871,81733.57928165764,83947.74460353899,87213.13121255969,82093.98952424043,83997.37215149854,87225.15989955528
2026-06-26 10:30:00+00:00,84488.01349778604,82102.98444562464,84225.18451765185,87523.28138897681,82345.57242237612,84164.47465571793,87422.85722501775
2026-06-26 10:35:00+00:00,84829.62080245861,82477.85078298763,84506.15606173847,87837.36496628782,82603.07839989552,84335.76823901715,87625.00894134735
2026-06-26 10:40:00+00:00,85168.65439624639,82852.47080278303,84788.94302004277,88152.63201649944,82866.31452307096,84513.91614961412,87833.69613545216
2026-06-26 10:45:00+00:00,85499.94882749095,83221.13701404727,85071.8291768088,88466.33261161848,83135.08785817487,84701.58163572673,88050.9998942402
2026-06-26 10:50:00+00:00,85818.33864453388,83578.14192581674,85353.09831628045,88775.71682365172,83409.2054714796,84901.42794557291,88279.00130461955
2026-06-26 10:55:00+00:00,86118.65839571675,83917.7780471279,85631.03422270171,89078.03472460588,83688.47442925759,85116.11832737054,88519.78145349826
2026-06-26 11:00:00+00:00,86395.7426293811,84234.33788701714,85903.92068031656,89370.53638648777,83972.70179778116,85348.31602933754,88775.42142778437
2026-06-26 11:05:00+00:00,86650.73237734196,84535.59466477574,86174.64724953356,89661.70425807028,84267.29777137072,85607.82242415485,89057.73566954797
2026-06-26 11:10:00+00:00,86890.35523271466,84832.92780980274,86446.92505682462,89959.9537086212,84576.21947705725,85899.51793488226,89372.98231470697
2026-06-26 11:15:00+00:00,87117.82558579136,85126.03914629629,86720.27023552854,90262.43419088949,84897.09438017909,86218.68438530616,89714.90799094128
2026-06-26 11:20:00+00:00,87336.35782686408,85414.63049845453,86994.19891898424,90566.29515762422,85227.5499460746,86560.6035992128,90077.25932593076
2026-06-26 11:25:00+00:00,87549.16634622501,85698.40369047558,87268.22724053056,90868.6860615744,85565.21364008216,86920.55740038854,90453.78294735528
2026-06-26 11:30:00+00:00,87759.46553416621,85977.06054655756,87541.87133350637,91166.75635548908,85907.7129275401,87293.82761261967,90838.22548289472
2026-06-26 11:35:00+00:00,87970.4697809798,86250.30289089863,87814.64733125053,91457.65549211725,86252.67527378675,87675.6960596925,91224.33356022892
2026-06-26 11:40:00+00:00,88185.39347695783,86517.8325476969,88086.0713671019,91738.53292420795,86597.72814416052,88061.44456539335,91605.85380703777
2026-06-26 11:45:00+00:00,88407.45101239247,86779.3513411505,88355.65957439938,92006.53810451021,86940.4990039997,88446.35495350855,91976.53285100113
2026-06-26 11:50:00+00:00,88639.8567775758,87034.56109545757,88622.92808648178,92258.82048577306,87278.6153186427,88825.70904782436,92330.11731979891
2026-06-26 11:55:00+00:00,88885.82516279993,87283.16363481626,88887.39303668804,92492.5295207455,87609.70455342781,89194.78867212716,92660.35384111093
2026-06-26 12:00:00+00:00,89148.57055835694,87524.86078342466,89148.57055835694,92704.8146621766,87931.39417369345,89548.87565020322,92960.98904261708
2026-06-26 12:05:00+00:00,89435.55597139076,87761.14714837536,89405.12289961698,92895.7198504664,88252.450124767,89895.30565668488,93236.59198786954
2026-06-26 12:10:00+00:00,89748.61903310164,87993.55319099523,89656.75274929438,93069.400832523,88581.07202419998,90243.8982657439,93497.51175897673
2026-06-26 12:15:00+00:00,90082.53606986623,88221.83451683403,89904.53690177476,93229.17477085766,88914.03784566702,90593.6611504757,93746.16501145282
2026-06-26 12:20:00+00:00,90432.08340806112,88445.74673144144,90149.55215144371,93378.35882798159,89248.12556284263,90943.60198397569,93984.96840081198
2026-06-26 12:25:00+00:00,90792.03737406299,88665.04544036718,90392.87529268677,93520.27016640591,89580.11314940137,91292.72843933935,94216.33858256847
2026-06-26 12:30:00+00:00,91157.1742942484,88879.48624916092,90635.58311988958,93658.2259486419,89906.77857901783,91640.04818966208,94442.69221223642
2026-06-26 12:35:00+00:00,91522.27049499404,89088.82476337242,90878.75242743768,93795.54333720072,90224.89982536655,91984.5689080393,94666.44594533004
2026-06-26 12:40:00+00:00,91882.1023026765,89292.81658855137,91123.46000971668,93935.53949459354,90531.25486212209,92325.29826756647,94890.01643736352
2026-06-26 12:45:00+00:00,92231.44604367245,89491.21733024745,91370.78266111216,94081.53158333158,90822.62166295903,92661.243941339,95115.82034385102
2026-06-26 12:50:00+00:00,92565.07804435847,89683.78259401041,91621.79717600973,94236.83676592605,91095.7782015519,92991.4136024523,95346.27432030677
2026-06-26 12:55:00+00:00,92877.77463111123,89870.26798538992,91877.58034879492,94404.77220488814,91347.50245157529,93314.81492400185,95583.79502224494
2026-06-26 13:00:00+00:00,93164.31213030733,90050.42910993569,92139.20897385338,94588.65506272903,91574.57238670374,93630.45557908303,95830.79910517971
2026-06-26 13:05:00+00:00,93428.940357993,90219.4010390564,92408.61865244502,94792.3888095905,91776.84303669464,93940.57038087424,96090.1323197436
2026-06-26 13:10:00+00:00,93680.66595501319,90374.63403418819,92685.93033756447,95015.48694557649,91958.98258748419,94247.7993887678,96361.01745575853
2026-06-26 13:15:00+00:00,93921.40048494263,90519.35648592193,92969.49885119926,95254.68167814151,92124.98874701516,94551.75814518025,96640.436727523
2026-06-26 13:20:00+00:00,94153.05551135605,90656.79678484859,93257.67901533701,95506.70521474008,92278.8592232304,94852.06219252804,96925.37234933542
2026-06-26 13:25:00+00:00,94377.54259782817,90790.18332155906,93548.82565196525,95768.28976282665,92424.59172407268,95148.32707322763,97212.80653549422
2026-06-26 13:30:00+00:00,94596.77330793372,90922.74448664424,93841.29358307157,96036.16752985574,92566.18395748483,95440.1683296955,97499.72150029783
2026-06-26 13:35:00+00:00,94812.65920524743,91057.70867069505,94133.4376306435,96307.07072328184,92707.63363140961,95727.20150434812,97783.09945804473
2026-06-26 13:40:00+00:00,95027.11185334405,91198.30426430241,94423.61261666867,96577.73155055946,92852.93845378984,96009.042139602,98059.92262303332
2026-06-26 13:45:00+00:00,95242.04281579825,91347.75965805726,94710.17336313457,96844.88221914304,93006.09613256833,96285.30577787357,98327.17320956202
2026-06-26 13:50:00+00:00,95459.36365618483,91509.30324255045,94991.47469202886,97105.25493648717,93171.1043756879,96555.60796157928,98581.83343192934
2026-06-26 13:55:00+00:00,95680.98593807845,91686.16340837293,95265.87142533902,97355.58191004624,93351.9608910913,96819.56423313568,98820.88550443365
2026-06-26 14:00:00+00:00,95908.82122505388,91881.56854611562,95531.71838505268,97592.59534727481,93552.66338672137,97076.79013495921,99041.31164137342
2026-06-26 14:05:00+00:00,96136.33654422041,92105.05045210157,95786.3188611574,97813.89283523735,93780.94869068194,97325.24269870792,99241.74911173744
2026-06-26 14:10:00+00:00,96357.29141738518,92360.87528698424,96029.84513522638,98021.60948596356,94038.5220068997,97564.25289289429,99425.23806126963
2026-06-26 14:15:00+00:00,96574.03615016979,92644.37298785018,96264.95551662552,98219.28379435583,94320.33360705171,97795.49716521648,99595.36501940113
2026-06-26 14:20:00+00:00,96788.92104819576,92950.87349178582,96494.30831472075,98410.4542553164,94621.33376281505,98020.65196337263,99755.71651556305
2026-06-26 14:25:00+00:00,97004.29641708467,93275.70673587774,96720.56183887801,98598.65936374768,94936.47274586682,98241.39373506085,99909.87907918653
2026-06-26 14:30:00+00:00,97222.51256245805,93614.20265721242,96946.37439846325,98787.43761455196,95260.70082788411,98459.39892797926,100061.43923970271
2026-06-26 14:35:00+00:00,97445.91978993747,93961.69119287639,97174.40430284232,98980.32750263157,95588.96828054395,98676.34398982604,100213.9835265427
2026-06-26 14:40:00+00:00,97676.86840514449,94313.50227995616,97407.30986138122,99180.86752288885,95916.22537552346,98893.90536829931,100371.09846913762
2026-06-26 14:45:00+00:00,97917.70871370065,94664.96585553822,97647.74938344583,99392.5961702261,96237.42238449972,99113.7595110972,100536.37059691861
2026-06-26 14:50:00+00:00,98170.79102122752,95011.4118567091,97898.3811784021,99619.05193954571,96547.50957914977,99337.58286591784,100713.38643931682
2026-06-26 14:55:00+00:00,98438.46563334664,95348.17022055532,98161.86355561594,99863.77332574995,96841.43723115072,99567.05188045937,100905.73252576333
2026-06-26 15:00:00+00:00,98723.08285567956,95670.57088416336,98440.85482445332,100130.29882374119,97114.15561217966,99803.84300241995,101116.99538568931
2026-06-26 15:05:00+00:00,99035.38940879461,95982.49619301414,98741.98363114678,100433.38773853803,97364.93232634835,100043.9164615357,101351.0963826543
2026-06-26 15:10:00+00:00,99380.87884294803,96291.51217368348,99067.19615262513,100780.4644128912,97599.05060873099,100282.92636385922,101607.78885002865
2026-06-26 15:15:00+00:00,99754.0217082932,96598.47428490037,99412.12699429864,101164.06489830119,97820.4841774482,100522.08997156323,101884.4072719596
2026-06-26 15:20:00+00:00,100149.28855498356,96904.23798539376,99772.41076157754,101576.72524626847,98033.20675062065,100762.6245468205,102178.28613259445
2026-06-26 15:25:00+00:00,100561.14993317249,97209.65873389263,100143.68205987205,102010.98150829354,98241.192046369,101005.74735180373,102486.75991608045
2026-06-26 15:30:00+00:00,100984.07639301344,97515.59198912594,100521.57549459244,102459.36973587685,98448.41378281389,101252.67564868569,102807.16310656487
2026-06-26 15:35:00+00:00,101412.53848465977,97822.89320982265,100901.72567114893,102914.42598051896,98658.845678076,101504.6266996391,103136.83018819497
2026-06-26 15:40:00+00:00,101841.00675826495,98132.41785471173,101279.76719495177,103368.6862937203,98876.46145027595,101762.81776683671,103473.09564511805
2026-06-26 15:45:00+00:00,102263.95176398233,98445.02138252214,101651.3346714112,103814.68672698134,99105.23481753441,102028.46611245126,103813.29396148135
2026-06-26 15:50:00+00:00,102675.84405196535,98761.55925198286,102012.06270593745,104244.9633318026,99349.13949797205,102302.78899865548,104154.75962143211
2026-06-26 15:55:00+00:00,103071.15417236745,99082.88692182285,102357.58590394075,104652.05215968455,99612.1492097095,102587.00368762213,104494.82710911769
2026-06-26 16:00:00+00:00,103444.35267534199,99409.85985077106,102683.5388708314,105028.48926212768,99898.23767086741,102882.32744152391,104830.83090868525
2026-06-26 16:05:00+00:00,103802.58885760551,99758.85879399093,102994.80795077547,105381.62214542972,100229.1379661485,103197.21183546887,105179.8494570347
2026-06-26 16:10:00+00:00,104156.60042995423,100139.44519744563,103299.49792920404,105724.59418087034,100615.99083835758,103536.28009743762,105555.77672817523
2026-06-26 16:15:00+00:00,104506.24056366105,100542.2455560637,103598.07107342455,106058.63521742309,101046.88149276846,103895.00696891175,105951.17051191811
2026-06-26 16:20:00+00:00,104851.36242999898,100957.88636477369,103890.98965074457,106384.97510406142,101509.89513465499,104268.86719137292,106358.58859807473
2026-06-26 16:25:00+00:00,105191.8192002409,101376.99411850414,104178.71592847156,106704.84368975883,101993.11696929095,104653.33550630274,106770.58877645637
2026-06-26 16:30:00+00:00,105527.46404565981,101790.1953121836,104461.71217391307,107019.47082348878,102484.63220195023,105043.88665518285,107179.72883687433
2026-06-26 16:35:00+00:00,105858.15013752863,102188.11644074063,104740.44065437661,107330.08635422481,102972.5260379066,105435.9953794949,107578.56656913993
2026-06-26 16:40:00+00:00,106183.73064712028,102561.38399910375,105015.3636371697,107637.92013094036,103444.88368243392,105825.13642072048,107959.65976306451
2026-06-26 16:45:00+00:00,106504.05874570775,102900.62448220153,105286.94338959985,107944.20200260892,103889.790340806,106206.78452034121,108315.56620845938
2026-06-26 16:50:00+00:00,106818.98760456395,103196.46438496253,105555.64217897455,108250.161818204,104295.33121829668,106576.41441983878,108638.84369513586
2026-06-26 16:55:00+00:00,107128.37039496184,103439.53020231528,105821.92227260134,108557.02942669907,104649.59152017975,106929.50086069477,108922.05001290522
2026-06-26 17:00:00+00:00,107432.06028817435,103620.4484291883,106086.24593778774,108866.03467706763,104940.65645172908,107261.51858439081,109157.74295157882
2026-06-26 17:05:00+00:00,107729.41199227585,103754.41565478257,106346.57117342869,109179.54005488209,105182.44838261348,107581.19621980969,109355.63102438762
2026-06-26 17:10:00+00:00,108020.34048556097,103865.87942253577,106601.17455257688,109497.72327320593,105399.6358727106,107899.32384628241,109532.71604534105
2026-06-26 17:15:00+00:00,108305.53934463303,103959.34265873155,106850.9962037764,109818.53702224923,105596.4234126075,108214.468380963,109692.49575541822
2026-06-26 17:20:00+00:00,108585.70214609535,104039.30828965356,107096.97625557141,110139.93399222204,105777.01549289125,108525.19674100546,109838.46789559822
2026-06-26 17:25:00+00:00,108861.5224665513,104110.2792415855,107340.05483650598,110459.8668733344,105945.61660414893,108830.07584356378,109974.13020686014
2026-06-26 17:30:00+00:00,109133.69388260416,104176.75844081098,107581.17207512422,110776.28835579635,106106.43123696759,109127.672605792,110102.98043018306
2026-06-26 17:35:00+00:00,109402.90997085729,104243.24881361371,107821.26809997027,111087.15112981798,106263.66388193429,109416.55394484411,110228.51630654608
2026-06-26 17:40:00+00:00,109669.86430791405,104314.25328627732,108061.28303958819,111390.40788560935,106421.5190296361,109695.28677787412,110354.23557692824
2026-06-26 17:45:00+00:00,109935.25047037772,104394.2747850855,108302.15702252214,111684.01131338047,106584.20117066009,109962.43802203605,110483.6359823087
2026-06-26 17:50:00+00:00,110199.76203485168,104487.81623632189,108544.8301773162,111965.91410334145,106755.91479559331,110216.57459448387,110620.21526366651
2026-06-26 17:55:00+00:00,110464.09257793924,104599.38056627013,108790.24263251449,112234.0689457023,106940.86439502284,110456.26341237164,110767.47116198075
2026-06-26 18:00:00+00:00,110728.93567624375,104733.47070121391,109039.33451666111,112486.4285306731,107143.25445953573,110680.07139285332,110928.90141823054
2026-06-26 18:05:00+00:00,110998.24181476673,104932.52433399696,109295.2428806305,112723.56304280201,107373.27464336915,110891.94815626123,111101.544202105
2026-06-26 18:10:00+00:00,111273.78719208615,105223.22484232248,109558.94511735994,112948.63412142514,107633.15140394447,111096.79630670954,111279.9345567516
2026-06-26 18:15:00+00:00,111553.00395517002,105586.44367976332,109828.14186848784,113163.48163893462,107915.14443662505,111294.61223702513,111463.81553333698
2026-06-26 18:20:00+00:00,111833.32425098628,106003.05229989233,110100.53377565263,113369.94546772251,108211.51343677427,111485.39234003481,111652.93018302774
2026-06-26 18:25:00+00:00,112112.18022650291,106453.9221562824,110373.82148049267,113569.86548018089,108514.51809975553,111669.13300856543,111847.02155699042
2026-06-26 18:30:00+00:00,112387.0040286879,106919.92470250632,110645.70562464636,113765.0815487018,108816.41812093217,111845.83063544384,112045.83270639172
2026-06-26 18:35:00+00:00,112655.22780450922,107381.93139213702,110913.88684975213,113957.43354567734,109109.4731956676,112015.48161349687,112249.10668239815
2026-06-26 18:40:00+00:00,112914.28370093484,107820.81367874733,111176.06579744838,114148.76134349959,109385.94301932518,112178.08233555139,112456.58653617639
2026-06-26 18:45:00+00:00,113161.60386493278,108217.44301591012,111429.94310937347,114340.9048145606,109638.08728726825,112333.62919443421,112668.01531889298
2026-06-26 18:50:00+00:00,113394.620443471,108552.69085719822,111673.21942716588,114535.70383125248,109858.16569486026,112482.11858297224,112883.13608171456
2026-06-26 18:55:00+00:00,113610.76558351744,108807.42865618454,111903.59539246396,114734.99826596728,110038.43793746454,112623.54689399226,113101.69187580771
2026-06-26 19:00:00+00:00,113807.47143204011,108962.52786644187,112118.7716469061,114940.62799109709,110171.16371044447,112757.91052032114,113323.42575233903
2026-06-26 19:05:00+00:00,113996.23047657809,109054.11485548333,112333.44228797998,115159.6052091087,110271.5901825491,112892.66716787034,113561.75690308152
2026-06-26 19:10:00+00:00,114188.07647618992,109132.47504586692,112559.95719499716,115394.39236893396,110361.10564495766,113033.07040160248,113825.69860083383
2026-06-26 19:15:00+00:00,114379.7534851229,109199.71847373284,112792.50068233184,115640.00471266248,110441.18147667892,113175.81040292111,114108.38501830123
2026-06-26 19:20:00+00:00,114568.00555762427,109257.95517522134,113025.25706435826,115891.45748238392,110513.28905672154,113317.57735322975,114402.95032818883
2026-06-26 19:25:00+00:00,114749.57674794132,109309.2951864727,113252.41065545064,116143.76592018791,110578.89976409428,113455.06143393193,114702.52870320187
2026-06-26 19:30:00+00:00,114921.21111032127,109355.84854362713,113468.14576998322,116391.94526816407,110639.48497780584,113584.95282643122,115000.25431604548
2026-06-26 19:35:00+00:00,115079.65269901142,109399.72528282486,113666.6467223302,116631.01076840202,110696.51607686494,113703.94171213117,115289.26133942493
2026-06-26 19:40:00+00:00,115221.64556825899,109443.03544020616,113842.09782686584,116855.97766299143,110751.46444028028,113808.7182724353,115562.68394604536
2026-06-26 19:45:00+00:00,115343.9337723113,109487.88905191128,113988.68339796434,117061.86119402188,110805.80144706061,113895.97268874716,115813.65630861197
2026-06-26 19:50:00+00:00,115443.26136541554,109536.3961540804,114100.58774999995,117243.67660358305,110860.9984762146,113962.39514247028,116035.31259982994
2026-06-26 19:55:00+00:00,115516.37240181903,109590.66678285383,114171.99519734689,117396.43913376455,110918.52690675101,114004.67581500825,116220.78699240446
2026-06-26 20:00:00+00:00,115560.010935769,109652.81097437178,114197.09005437935,117515.16402665603,110979.85811767852,114019.50488776455,116363.21365904073
2026-06-26 20:05:00+00:00,115587.01452623832,109727.72255145112,114192.64060018264,117614.63101326874,111047.67224008012,114018.57626047185,116481.16623708767
2026-06-26 20:10:00+00:00,115612.31003015855,109816.32160173988,114179.92303918257,117712.09805098221,111122.08114707802,114016.00887913324,116596.78837230604
2026-06-26 20:15:00+00:00,115635.77544871495,109914.75755862499,114159.88357376441,117806.2977214383,111200.70383073973,114012.13049455789,116708.5692500187
2026-06-26 20:20:00+00:00,115657.28878309282,110019.17985549339,114133.4684063133,117895.96260627895,111281.15928313279,114007.26885755498,116814.99805554858
2026-06-26 20:25:00+00:00,115676.72803447746,110125.73792573204,114101.62373921448,117979.82528714609,111361.06649632473,114001.75171893371,116914.56397421859
2026-06-26 20:30:00+00:00,115693.9712040541,110230.58120272792,114065.29577485313,118056.61834568162,111438.04446238307,113995.90682950323,117005.75619135161
2026-06-26 20:35:00+00:00,115708.89629300805,110329.8591198679,114025.43071561448,118125.07436352743,111509.71217337536,113990.06194007277,117087.06389227057
2026-06-26 20:40:00+00:00,115721.3813025246,110419.72111053899,113982.97476388367,118183.92592232548,111573.68862136913,113984.5448014515,117156.97626229834
2026-06-26 20:45:00+00:00,115731.30423378902,110496.31660812812,113938.87412204596,118231.90560371766,111627.59279843193,113979.6831644486,117213.98248675787
2026-06-26 20:50:00+00:00,115738.54308798659,110555.79504602222,113894.07499248654,118267.7459893459,111669.04369663126,113975.80477987324,117256.57175097203
2026-06-26 20:55:00+00:00,115742.9758663026,110594.30585760827,113849.52357759056,118290.17966085211,111695.66030803467,113973.23739853463,117283.23324026373
2026-06-26 21:00:00+00:00,115744.4805699223,110607.99847627318,113806.16607974327,118297.9391998782,111705.06162470968,113972.30877124194,117292.45613995586
2026-06-26 21:05:00+00:00,115737.97137174015,110587.60132296997,113763.19456849676,118278.97438028193,111701.83118414487,113982.0369077823,117280.02576342266
2026-06-26 21:10:00+00:00,115719.1092850362,110529.48336672793,113718.80279439194,118224.89580451076,111692.3617294025,114008.93234409981,117244.45152700736
2026-06-26 21:15:00+00:00,115688.89257157438,110438.25486304838,113672.43948129723,118139.9272970912,111676.9860609105,114049.561620239,117188.30877048647
2026-06-26 21:20:00+00:00,115648.31949311854,110318.52606743263,113623.553353081,118028.2926825497,111656.03697909687,114100.49127624447,117114.1728336365
2026-06-26 21:25:00+00:00,115598.38831143259,110174.907235382,113571.59313361169,117894.21578541276,111629.84728438962,114158.28785216078,117024.61905623396
2026-06-26 21:30:00+00:00,115540.09728828038,110012.00862239783,113516.00754675773,117741.92043020687,111598.74977721668,114219.51788803253,116922.22277805534
2026-06-26 21:35:00+00:00,115474.44468542577,109834.44048398145,113456.24531638747,117575.63044145849,111563.07725800612,114280.74792390426,116809.55933887712
2026-06-26 21:40:00+00:00,115402.42876463267,109646.81307563419,113391.75516636934,117399.56964369412,111523.16252718585,114338.5444998206,116689.20407847583
2026-06-26 21:45:00+00:00,115325.04778766492,109453.73665285735,113321.98582057176,117217.96186144024,111479.3383851839,114389.47415582606,116563.73233662796
2026-06-26 21:50:00+00:00,115243.30001628643,109259.82147115226,113246.38600286315,117035.03091922334,111431.93763242823,114430.10343196525,116435.71945311
2026-06-26 21:55:00+00:00,115158.18371226109,109069.67778602027,113164.40443711187,116855.00064156989,111381.29306934685,114456.99886828274,116307.74076769846
2026-06-26 22:00:00+00:00,115070.69713735272,108887.91585296269,113075.48984718634,116682.09485300638,111327.73749636773,114466.72700482311,116182.37162016986
2026-06-26 22:05:00+00:00,114968.43018542798,108702.98514809043,112970.48276147056,116508.62750993524,111248.13415333568,114449.99495471989,116051.4893368182
2026-06-26 22:10:00+00:00,114839.77523538993,108501.92048006131,112842.07441784709,116324.43744521891,111123.22169180788,114401.91466134944,115906.19138909268
2026-06-26 22:15:00+00:00,114686.93427655692,108287.2101031969,112692.48960443215,116130.0357980739,110959.14602978087,114325.65991012055,115747.8833345025
2026-06-26 22:20:00+00:00,114512.10929824742,108061.34227181884,112523.95310934205,115925.93370771673,110762.05308525116,114224.40448644197,115577.97073055695
2026-06-26 22:25:00+00:00,114317.50228977986,107826.80524024871,112338.68972069302,115712.64231336387,110538.08877621531,114101.32217572254,115397.85913476515
2026-06-26 22:30:00+00:00,114105.31524047266,107586.08726280816,112138.92422660136,115490.67275423183,110293.39902066985,113959.58676337103,115208.95410463643
2026-06-26 22:35:00+00:00,113877.75013964428,107341.67659381873,111926.8814151833,115260.53616953711,110034.1297366113,113802.37203479622,115012.66119767992
2026-06-26 22:40:00+00:00,113637.00897661313,107096.06148760211,111704.78607455513,115022.74369849623,109766.42684203622,113632.85177540692,114810.38597140492
2026-06-26 22:45:00+00:00,113385.29374069763,106851.73019847985,111474.8629928331,114777.80648032566,109496.43625494112,113454.19977061189,114603.5339833206
2026-06-26 22:50:00+00:00,113124.80642121623,106611.1709807736,111239.33695813348,114526.2356542419,109230.30389332252,113269.58980581995,114393.5107909362
2026-06-26 22:55:00+00:00,112857.74900748733,106376.87208880497,111000.43275857257,114268.5423594615,108974.17567517702,113082.19566643986,114181.72195176095
2026-06-26 23:00:00+00:00,112586.32348882942,106151.32177689552,110760.37518226657,114005.23773520089,108734.19751850107,112895.19113788045,113969.57302330407
2026-06-26 23:05:00+00:00,112277.48828633882,105934.00320359122,110499.3790679764,113725.3907866073,108503.15047065524,112680.1932544347,113750.16045243439
2026-06-26 23:10:00+00:00,111905.95371022847,105721.85775705238,110201.5108954228,113420.86975996617,108269.67959934141,112413.28925093383,113517.2665254247
2026-06-26 23:15:00+00:00,111485.54958349164,105513.56103602223,109874.77291416189,113096.38465620138,108033.72685306807,112104.35821359401,113273.32555889022
2026-06-26 23:20:00+00:00,111030.10572912163,105307.78863924403,109527.16737374969,112756.64547623684,107795.23418034379,111763.27922863138,113020.77186944614
2026-06-26 23:25:00+00:00,110553.45197011172,105103.216165461,109166.69652374231,112406.36222099644,107554.14352967707,111399.9313822621,112762.03977370764
2026-06-26 23:30:00+00:00,110069.4181294552,104898.51921341638,108801.36261369582,112050.24489140406,107310.39684957643,111024.19376070231,112499.56358828992
2026-06-26 23:35:00+00:00,109591.83403014531,104692.3733818534,108439.16789316629,111693.00348838362,107063.93608855044,110645.94545016818,112235.77762980817
2026-06-26 23:40:00+00:00,109134.52949517542,104483.45426951528,108088.11461170983,111339.348012859,106814.70319510759,110275.0655368758,111973.11621487759
2026-06-26 23:45:00+00:00,108711.33434753872,104270.4374751453,107756.2050188825,110993.9884657541,106562.64011775643,109921.43310704138,111714.01366011336
2026-06-26 23:50:00+00:00,108336.07841022855,104051.99859748667,107451.44136424032,110661.63484799283,106307.68880500551,109594.92724688101,111460.90428213068
2026-06-26 23:55:00+00:00,108022.5915062382,103826.81323528262,107181.82589733947,110346.99716049904,106049.79120536333,109305.42704261089,111216.22239754474
2026-06-27 00:00:00+00:00,107784.7034585609,103593.5569872764,106955.36086773596,110054.78540419668,105788.88926733843,109062.81158044712,110982.40232297075
2026-06-27 00:05:00+00:00,107601.18979119108,103331.11580712053,106763.20864535811,109769.74088096648,105516.58386347552,108859.67792130265,110757.86505671086
2026-06-27 00:10:00+00:00,107439.25972840656,103027.30399809181,106589.16441523132,109476.61911106293,105227.5169279845,108679.00300572538,110538.84792157917
2026-06-27 00:15:00+00:00,107295.39364362594,102694.18968336999,106430.17964955726,109180.15142297061,104926.19200187159,108516.23573938396,110324.50972095877
2026-06-27 00:20:00+00:00,107166.07191026774,102343.84098613472,106283.2058205377,108885.06914517403,104617.11262614303,108366.82502794705,110114.0092582327
2026-06-27 00:25:00+00:00,107047.77490175057,101988.32602956572,106145.19440037428,108596.10360615772,104304.78234180507,108226.21977708336,109906.50533678409
2026-06-27 00:30:00+00:00,106936.98299149296,101639.71293684273,106013.09686126873,108317.98613440621,103993.704689864,108089.86889246148,109701.15675999597
2026-06-27 00:35:00+00:00,106830.17655291347,101310.06983114537,105883.86467542277,108055.44805840404,103688.38321132597,107953.2212797501,109497.12233125145
2026-06-27 00:40:00+00:00,106723.83595943067,101011.46483565343,105754.44931503806,107813.22070663577,103393.3214471973,107811.7258446179,109293.56085393358
2026-06-27 00:45:00+00:00,106614.4415844631,100755.96607354654,105621.80225231637,107596.03540758589,103113.02293848421,107660.8314927335,109089.63113142547
2026-06-27 00:50:00+00:00,106498.47380142935,100555.64166800442,105482.87495945935,107408.62348973895,102851.99122619294,107495.98712976559,108884.49196711017
2026-06-27 00:55:00+00:00,106372.41298374794,100422.55974220678,105334.61890866874,107255.7162815795,102614.72985132973,107312.64166138282,108677.30216437076
2026-06-27 01:00:00+00:00,106232.73950483746,100368.7884193333,105173.98557214624,107142.04511159207,102405.74235490084,107106.24399325384,108467.22052659036
2026-06-27 01:05:00+00:00,106086.11405669079,100359.87055682807,105006.44172619215,107058.52887687409,102225.20846532847,106865.62090220445,108258.6600840154
2026-06-27 01:10:00+00:00,105940.4315629257,100353.02616197217,104838.61533313764,106990.74557763948,102067.04613439314,106586.8198203669,108055.34537104187
2026-06-27 01:15:00+00:00,105794.02374439815,100347.83908270087,104669.19964423074,106935.41519704764,101926.36623813852,106276.12063636938,107855.40244727724
2026-06-27 01:20:00+00:00,105645.22232196403,100343.89316694935,104496.88791071945,106889.25771825787,101798.27965260831,105939.8032388402,107656.95737232894
2026-06-27 01:25:00+00:00,105492.35901647931,100340.77226265287,104320.37338385175,106848.99312442944,101677.89725384618,105584.1475164076,107458.13620580435
2026-06-27 01:30:00+00:00,105333.76554879989,100338.06021774668,104138.34931487565,106811.34139872176,101560.32991789584,105215.43335769986,107257.06500731091
2026-06-27 01:35:00+00:00,105167.77363978168,100335.340880166,103949.50895503919,106773.02252429414,101440.68852080095,104839.9406513452,107051.86983645607
2026-06-27 01:40:00+00:00,104992.71501028068,100332.19809784606,103752.54555559033,106730.75648430586,101314.08393860521,104463.9492859719,106840.67675284724
2026-06-27 01:45:00+00:00,104806.92138115272,100328.21571872212,103546.15236777709,106681.2632619163,101175.62704735229,104093.73915020826,106621.61181609181
2026-06-27 01:50:00+00:00,104608.72447325378,100322.97759072941,103329.02264284747,106621.26284028476,101020.4287230859,103735.5901326825,106392.80108579724
2026-06-27 01:55:00+00:00,104396.45600743982,100316.06756180314,103099.84963204947,106547.4752025706,100843.59984184969,103395.78212202288,106152.37062157095
2026-06-27 02:00:00+00:00,104168.4477045667,100307.06947987857,102857.32658663113,106456.62033193311,100640.25127968739,103080.59500685766,105898.44648302035
2026-06-27 02:05:00+00:00,103915.62885733966,100218.92939072872,102599.21027451254,106302.37928780992,100392.94241190891,102794.91084969394,105631.2016622673
2026-06-27 02:10:00+00:00,103631.71070950264,99988.51126300241,102324.07716722359,106050.56989835187,100091.87596168696,102534.78862750207,105351.98016223444
2026-06-27 02:15:00+00:00,103319.1979084697,99636.27582894854,102031.8500714269,105716.11729978818,99743.62782685943,102293.2736006051,105060.66455873036
2026-06-27 02:20:00+00:00,102980.5951016549,99182.683820816,101722.45179378509,105313.946628348,99354.77390526417,102063.41102932618,104757.13742756366
2026-06-27 02:25:00+00:00,102618.40693647231,98648.19597085375,101395.8051409608,104858.98302026058,98931.89009473912,101838.24617398842,104441.28134454293
2026-06-27 02:30:00+00:00,102235.13806033599,98053.27301131065,101051.83291961665,104366.1516117551,98481.55229312209,101610.82429491487,104112.9788854768
2026-06-27 02:35:00+00:00,101833.29312065998,97418.37567443564,100690.45793641525,103850.37753906072,98010.33639825099,101374.19065242868,103772.11262617382
2026-06-27 02:40:00+00:00,101415.37676485836,96763.96469247762,100311.60299801923,103326.5859384067,97524.81830796367,101121.39050685294,103418.56514244262
2026-06-27 02:45:00+00:00,100983.89364034518,96110.50079768548,99915.19091109118,102809.70194602219,97031.57392009802,100845.46911851077,103052.21901009175
2026-06-27 02:50:00+00:00,100541.34839453454,95478.44472230815,99501.14448229379,102314.65069813642,96537.17913249192,100539.47174772527,102672.95680492985
2026-06-27 02:55:00+00:00,100090.24567484045,94888.25719859454,99069.38651828963,101856.35733097854,96048.20984298323,100196.44365481955,102280.66110276552
2026-06-27 03:00:00+00:00,99633.090128677,94360.39895879355,98619.83982574134,101449.7469807778,95571.24194940983,99809.4301001167,101875.21447940732
2026-06-27 03:05:00+00:00,99143.67746761897,93861.04193233822,98113.47128597634,101084.57015531418,95083.04027660993,99302.13552499688,101442.71374292196
2026-06-27 03:10:00+00:00,98601.24570294247,93346.33446201602,97522.81154841316,100737.79551842266,94561.29875568423,98624.88237637327,100973.05681881816
2026-06-27 03:15:00+00:00,98016.46293161344,92821.70190010748,96865.12907185091,100405.17544041484,94013.98694386435,97810.64292286849,100471.82795906751
2026-06-27 03:20:00+00:00,97399.9972505979,92292.56959889317,96157.69231508888,100082.4622916023,93449.07439838187,96892.38943310527,99944.61141564166
2026-06-27 03:25:00+00:00,96762.5167568618,91764.36291065362,95417.7697369262,99765.40844229664,92874.53067646842,95903.09417570624,99396.99144051224
2026-06-27 03:30:00+00:00,96114.68954737113,91242.5071876694,94662.62979616213,99449.76626280948,92298.3253353556,94875.72941929408,98834.55228565085
2026-06-27 03:35:00+00:00,95467.18371909187,90732.42778222103,93909.54095159582,99131.2881234524,91728.42793227502,93843.26743249147,98262.87820302913
2026-06-27 03:40:00+00:00,94830.66736898999,90239.55004658907,93175.77166202647,98805.72639453699,91172.80802445831,92838.68048392105,97687.55344461871
2026-06-27 03:45:00+00:00,94215.80859403148,89769.29933305406,92478.5903862533,98468.83344637486,90639.43516913704,91894.94084220551,97114.16226239124
2026-06-27 03:50:00+00:00,93633.2754911823,89327.10099389653,91835.26558307551,98116.3616492776,90136.27892354286,91045.02077596751,96548.2889083183
2026-06-27 03:55:00+00:00,93093.73615740845,88918.38038139707,91263.06571129226,97744.0633735568,89671.30884490735,90321.8925538297,95995.51763437153
2026-06-27 04:00:00+00:00,92607.8586896759,88548.5628478362,90779.2592297028,97347.6909895241,89252.49449046214,89758.52844441478,95461.43269252258
2026-06-27 04:05:00+00:00,92164.77288047645,88215.27818568486,90363.38703099583,96912.80479240224,88873.65579428663,89306.61423031359,94927.67701836384
2026-06-27 04:10:00+00:00,91744.4928592121,87909.29805599614,89980.24535747213,96433.82669850011,88520.5298986111,88892.718009106,94376.46199474488
2026-06-27 04:15:00+00:00,91344.0132282143,87625.76061392388,89624.98569234899,95919.80150975836,88188.96217289323,88512.13552189835,93814.22454452307
2026-06-27 04:20:00+00:00,90960.32858981437,87359.8040146219,89292.75951884367,95379.77402811764,87874.79798659086,88160.16250979694,93247.4015905557
2026-06-27 04:25:00+00:00,90590.4335463437,87106.56641324401,88978.71832017343,94822.78905551862,87573.88270916173,87832.09471390808,92682.43005570017
2026-06-27 04:30:00+00:00,90231.32270013362,86861.18596494407,88678.01357955561,94257.89139390197,87282.0617100636,87523.22787533805,92125.74686281382
2026-06-27 04:35:00+00:00,89879.99065351556,86618.80082487586,88385.79678020741,93694.12584520833,86995.18035875424,87228.85773519316,91583.78893475395
2026-06-27 04:40:00+00:00,89533.43200882082,86374.54914819323,88097.21940534616,93140.53721137838,86709.08402469144,86944.2800345797,91062.99319437797
2026-06-27 04:45:00+00:00,89188.64136838084,86123.56909004999,87807.4329381891,92606.17029435279,86419.61807733297,86664.790514604,90569.79656454317
2026-06-27 04:50:00+00:00,88842.61333452692,85860.99880559997,87511.58886195354,92100.06989607218,86122.62788613657,86385.68491637232,90110.63596810693
2026-06-27 04:55:00+00:00,88492.34250959048,85581.97644999699,87204.83865985672,91631.28081847726,85813.95882056004,86102.25898099101,89691.94832792657
2026-06-27 05:00:00+00:00,88134.82349590286,85281.64017839488,86882.33381511593,91208.84786350868,85489.45625006112,85809.80844956634,89320.17056685947
2026-06-27 05:05:00+00:00,87767.14972918252,84954.29791214383,86541.88161021666,90818.12318752432,85145.22545039468,85508.88040363367,88981.33097366044
2026-06-27 05:10:00+00:00,87390.7324031976,84601.2052702375,86187.36592414982,90438.63248755003,84783.2358417022,85204.79781891928,88657.06286763978
2026-06-27 05:15:00+00:00,87009.04275735405,84227.92195429494,85823.05313489081,90070.68087652829,84408.12901002137,84900.02027781577,88347.21071748802
2026-06-27 05:20:00+00:00,86625.55203105781,83840.00766593525,85453.20962041507,89714.57346740164,84024.54654138991,84597.00736271578,88051.6189918957
2026-06-27 05:25:00+00:00,86243.73146371485,83443.02210677748,85082.10175869797,89370.61537311263,83637.13002184547,84298.21865601199,87770.13215955331
2026-06-27 05:30:00+00:00,85867.05229473111,83042.52497844072,84713.99592771496,89039.11170660374,83250.5210374258,84006.11374009699,87502.59468915139
2026-06-27 05:35:00+00:00,85498.98576351251,82644.075982544,84353.15850544143,88720.3675808175,82869.3611741686,83723.15219736344,87248.85104938046
2026-06-27 05:40:00+00:00,85143.00310946503,82253.23482070644,84003.85586985279,88414.68810869644,82498.29201811153,83451.79361020395,87008.74570893105
2026-06-27 05:45:00+00:00,84802.57557199457,81875.56119454703,83670.35439892446,88122.37840318307,82141.95515529235,83194.49756101119,86782.12313649367
2026-06-27 05:50:00+00:00,84481.17439050713,81516.61480568489,83356.92047063184,87843.74357721994,81804.99217174869,82953.72363217775,86568.82780075887
2026-06-27 05:55:00+00:00,84182.27080440863,81181.95535573903,83067.82046295036,87579.08874374954,81492.04465351829,82731.93140609631,86368.70417041716
2026-06-27 06:00:00+00:00,83909.33605310501,80877.1425463286,82807.32075385543,87328.7190157144,81207.75418663883,82531.58046515947,86181.59671415904
2026-06-27 06:05:00+00:00,83657.17003859146,80589.27783041817,82567.93960151653,87093.0443446305,80939.71073490816,82349.03523043104,86008.76998045361
2026-06-27 06:10:00+00:00,83417.49168295957,80303.23981230958,82339.00761503326,86871.02636203494,80673.88979642565,82178.09228020506,85850.04014444334
2026-06-27 06:15:00+00:00,83189.15075575985,80021.25392062761,82120.00969877625,86660.79770090191,80412.51125868135,82017.35943271972,85703.07911482884
2026-06-27 06:20:00+00:00,82970.99702654281,79745.54558399713,81910.43075711605,86460.49099420563,80157.79500916527,81865.44450621305,85565.55880031074
2026-06-27 06:25:00+00:00,82761.880264859,79478.3402310429,81709.7556944233,86268.23887492034,79911.96093536746,81720.95531892324,85435.15110958961
2026-06-27 06:30:00+00:00,82560.65024025897,79221.86329038977,81517.46941506855,86082.17397602022,79677.22892477794,81582.49968908836,85309.52795136614
2026-06-27 06:35:00+00:00,82366.15672229318,78978.34019066255,81333.05682342242,85900.4289304795,79455.81886488678,81448.68543494653,85186.36123434087
2026-06-27 06:40:00+00:00,82177.2494805122,78749.99636048607,81156.00282385548,85721.1363712724,79249.95064318395,81318.12037473585,85063.32286721448
2026-06-27 06:45:00+00:00,81992.77828446656,78539.05722848514,80985.79232073837,85542.4289313731,79061.84414715956,81189.41232669445,84938.08475868755
2026-06-27 06:50:00+00:00,81811.59290370677,78347.74822328458,80821.91021844164,85362.43924375586,78893.7192643036,81061.16910906044,84808.31881746069
2026-06-27 06:55:00+00:00,81632.54310778338,78178.29477350917,80663.84142133588,85179.29994139487,78747.7958821061,80931.99854007193,84671.69695223455
2026-06-27 07:00:00+00:00,81454.47866624687,78032.9223077838,80511.07083379172,84991.14365726434,78626.29388805712,80800.50843796702,84525.89107170972
2026-06-27 07:05:00+00:00,81267.76706633143,77903.72143819368,80359.81347643006,84793.84489636398,78519.3397089777,80661.74006668307,84365.41684475477
2026-06-27 07:10:00+00:00,81067.34760953786,77781.29551865977,80207.782995317,84586.8117046174,78416.08878785424,80514.00819314108,84189.23936735874
2026-06-27 07:15:00+00:00,80858.92778681665,77665.63909056039,80056.71223299073,84373.47702638456,78317.30453642484,80360.83089005467,84001.70468890292
2026-06-27 07:20:00+00:00,80648.21508911831,77556.7466952739,79908.3340319895,84157.27380602545,78223.75036642753,80205.72623013752,83807.15885876857
2026-06-27 07:25:00+00:00,80440.91700739338,77454.6128741786,79764.3812348515,83941.63498790006,78136.18968960036,80052.21228610323,83609.94792633702
2026-06-27 07:30:00+00:00,80242.74103259234,77359.23216865283,79626.586684115,83729.9935163684,78055.38591768141,79903.80713066545,83414.41794098954
2026-06-27 07:35:00+00:00,80059.3946556657,77270.59912007493,79496.6832223182,83525.78233579044,77982.10246240871,79764.0288365378,83224.91495210744
2026-06-27 07:40:00+00:00,79896.58536756401,77188.70826982321,79376.40369199935,83332.4343905262,77917.10273552037,79636.39547643391,83045.785009072
2026-06-27 07:45:00+00:00,79760.02065923769,77113.55415927606,79267.48093569667,83153.38262493564,77861.1501487544,79524.42512306744,82881.37416126452
2026-06-27 07:50:00+00:00,79655.40802163734,77045.13132981173,79171.64779594837,82992.05998337877,77815.00811384886,79431.63584915201,82736.0284580663
2026-06-27 07:55:00+00:00,79588.4549457134,76983.43432280862,79090.6371152927,82851.89941021558,77779.44004254183,79361.54572740124,82614.09394885862
2026-06-27 08:00:00+00:00,79564.86892241643,76928.45767964503,79026.18173626788,82736.33384980605,77755.20934657137,79317.6728305288,82519.91668302276
2026-06-27 08:05:00+00:00,79565.04184816396,76876.61544546366,78970.99631819101,82633.96643075222,77737.3527509492,79290.45084976515,82444.85885441412
2026-06-27 08:10:00+00:00,79565.55703690299,76824.88406098158,78917.0878156591,82532.17020163803,77720.47142116864,79267.49378749217,82376.83230386968
2026-06-27 08:15:00+00:00,79566.40910587806,76774.10166093866,78865.12751413038,82432.5329867963,77704.67542969003,79248.09018315062,82315.00755124312
2026-06-27 08:20:00+00:00,79567.59267233373,76725.1063800748,78815.78669906296,82336.6426105599,77690.07484897382,79231.5285761812,82258.55511638812
2026-06-27 08:25:00+00:00,79569.10235351462,76678.73635312988,78769.73665591503,82246.08689726163,77676.77975148041,79217.09750602461,82206.64551915837
2026-06-27 08:30:00+00:00,79570.93276666528,76635.82971484376,78727.64867014476,82162.45367123437,77664.90020967014,79204.0855121216,82158.4492794075
2026-06-27 08:35:00+00:00,79573.07852903029,76597.22459995635,78690.19402721034,82087.33075681094,77654.54629600346,79191.7811339129,82113.13691698926
2026-06-27 08:40:00+00:00,79575.53425785419,76563.75914320751,78658.04401256992,82022.30597832419,77645.82808294074,79179.47291083919,82069.8789517573
2026-06-27 08:45:00+00:00,79578.29457038161,76536.27147933714,78631.86991168166,81968.96716010696,77638.85564294238,79166.44938234123,82027.84590356532
2026-06-27 08:50:00+00:00,79581.35408385708,76515.59974308513,78612.34301000374,81928.90212649207,77633.7390484688,79151.99908785972,81986.20829226698
2026-06-27 08:55:00+00:00,79584.70741552518,76502.58206919132,78600.13459299433,81903.69870181239,77630.58837198032,79135.41056683539,81944.13663771597
2026-06-27 09:00:00+00:00,79588.34918263051,76498.05659239565,78595.91594611159,81894.94471040077,77629.51368593742,79115.97235870895,81900.801459766
2026-06-27 09:05:00+00:00,79605.06198855441,76513.09199520457,78604.55488886563,81898.29589574931,77631.40850416076,79091.5520423656,81854.48087206864
2026-06-27 09:10:00+00:00,79644.55289813271,76554.66046179393,78628.43902471504,81907.56093759526,77636.64711924884,79061.47957110948,81804.92847646141
2026-06-27 09:15:00+00:00,79702.20322079168,76617.45537940763,78664.51931504074,81921.55706463919,77644.56077182869,79027.23704600976,81753.52802507684
2026-06-27 09:20:00+00:00,79773.39426595756,76696.17013528962,78709.74672122365,81939.10150558154,77654.48070252739,78990.30656813561,81701.66327004739
2026-06-27 09:25:00+00:00,79853.50734305655,76785.49811668377,78761.0722046447,81959.01148912286,77665.73815197198,78952.17023855621,81650.71796350557
2026-06-27 09:30:00+00:00,79937.92376151498,76880.132710834,78815.44672668484,81980.10424396368,77677.66436078951,78914.31015834077,81602.0758575839
2026-06-27 09:35:00+00:00,80022.02483075905,76974.76730498424,78869.82124872497,82001.19699880449,77689.59056960703,78878.20842855841,81557.12070441485
2026-06-27 09:40:00+00:00,80101.19186021504,77064.0952863784,78921.14673214602,82021.10698234581,77700.84801905163,78845.34715027832,81517.23625613091
2026-06-27 09:45:00+00:00,80170.80615930918,77142.81004226037,78966.37413832895,82038.65142328816,77710.76794975031,78817.2084245697,81483.80626486463
2026-06-27 09:50:00+00:00,80226.24903746773,77205.6049598741,79002.45442865464,82052.64755033207,77718.68160233017,78795.2743525017,81458.21448274847
2026-06-27 09:55:00+00:00,80262.90180411695,77247.17342646344,79026.33856450405,82061.91259217804,77723.92021741824,78781.0270351435,81441.84466191493
2026-06-27 10:00:00+00:00,80276.14576868307,77262.20882927236,79034.97750725808,82065.26377752658,77725.81503564159,78775.9485735643,81436.08055449654
2026-06-27 10:05:00+00:00,80230.67783266793,77223.95283223157,79009.37848479938,82050.87537713823,77702.67421407044,78777.63742782948,81443.49489160639
2026-06-27 10:10:00+00:00,80104.97236250849,77117.72380449883,78938.60471682531,82011.09568194694,77638.69664855023,78782.62526956425,81464.91903825988
2026-06-27 10:15:00+00:00,79915.07686503354,76956.33019115853,78831.69115243899,81951.0029509133,77542.04968787076,78790.79401717744,81499.12469744291
2026-06-27 10:20:00+00:00,79677.038847072,76752.5804372951,78697.67274074342,81875.67544299788,77420.90068082185,78802.02558907782,81544.88357214142
2026-06-27 10:25:00+00:00,79406.90581545273,76519.28298799292,78545.58443084171,81790.19141716129,77283.41697619333,78816.20190367429,81600.96736534132
2026-06-27 10:30:00+00:00,79120.72527700459,76269.24628833642,78384.46117183694,81699.6291323641,77137.76592277497,78833.2048793756,81666.14778002852
2026-06-27 10:35:00+00:00,78834.54473855643,76015.27878341002,78223.33791283217,81609.06684756692,76992.11486935662,78852.9164345906,81739.19651918895
2026-06-27 10:40:00+00:00,78564.41170693717,75770.1889182981,78071.24960293046,81523.58282173032,76854.63116472807,78875.21848772811,81818.8852858085
2026-06-27 10:45:00+00:00,78326.37368897563,75546.78513808509,77937.23119123491,81448.25531381491,76733.48215767916,78899.99295719694,81903.9857828731
2026-06-27 10:50:00+00:00,78136.4781915007,75357.8758878554,77830.31762684855,81388.16258278125,76636.8351969997,78927.12176140591,81993.26971336869
2026-06-27 10:55:00+00:00,78010.77272134123,75216.26961269343,77759.54385887452,81348.38288758998,76572.85763147949,78956.48681876386,82085.50878028116
2026-06-27 11:00:00+00:00,77965.30478532611,75134.7747576836,77733.9448364158,81333.99448720163,76549.71680990835,78987.9700476796,82179.47468659643
2026-06-27 11:05:00+00:00,77980.75162000008,75088.71601230587,77742.22880783663,81344.45994217561,76560.94987291326,79043.43876249685,82287.20948149149
2026-06-27 11:10:00+00:00,78025.40981576068,75045.08015789153,77766.41877112992,81374.869684227,76593.4305134806,79141.6435209105,82419.88383302212
2026-06-27 11:15:00+00:00,78096.75591021588,75004.16877730183,77805.5217998418,81423.74377904991,76645.3309089392,79277.79110635596,82574.9623724924
2026-06-27 11:20:00+00:00,78192.2664409737,74966.28345339814,77858.54496751844,81489.60229233847,76714.82323661796,79447.08830226879,82749.90973120643
2026-06-27 11:25:00+00:00,78309.4179456421,74931.72576904172,77924.49534770602,81570.96528978679,76800.07967384574,79644.74189208444,82942.19054046825
2026-06-27 11:30:00+00:00,78445.68696182905,74900.79730709392,78002.3800139507,81666.35283708904,76899.27239795141,79865.95865923837,83149.26943158195
2026-06-27 11:35:00+00:00,78598.55002714258,74873.79965041603,78091.20603979859,81774.28499993932,77010.57358626382,80105.9453871661,83368.61103585166
2026-06-27 11:40:00+00:00,78765.48367919067,74851.03438186935,78189.9804987959,81893.28184403176,77132.15541611187,80359.90885930308,83597.67998458141
2026-06-27 11:45:00+00:00,78943.96445558131,74832.80308431522,78297.7104644888,82021.8634350605,77262.1900648244,80623.05585908482,83833.94090907529
2026-06-27 11:50:00+00:00,79131.46889392249,74819.40734061493,78413.40301042343,82158.54983871967,77398.84970973029,80890.5931699468,84074.85844063738
2026-06-27 11:55:00+00:00,79325.47353182218,74811.14873362979,78536.06521014594,82301.86112070338,77540.30652815841,81157.72757532449,84317.89721057178
2026-06-27 12:00:00+00:00,79523.4549068884,74808.32884622112,78664.70413720251,82450.31734670578,77684.73269743765,81419.66585865337,84560.52185018256
2026-06-27 12:05:00+00:00,79764.03449417386,74865.46860381219,78845.54184166274,82641.83457911965,77856.70040124013,81697.99186261339,84814.94093196874
2026-06-27 12:10:00+00:00,80079.34596811913,75027.36631787375,79116.4184976853,82907.79890464507,78077.39413623278,82012.91689837119,85092.41623111175
2026-06-27 12:15:00+00:00,80457.13416541388,75279.7396503382,79463.76836495004,83236.93542543711,78339.9045492366,82357.58895209237,85388.99218293933
2026-06-27 12:20:00+00:00,80885.14392274777,75608.30626313803,79874.0257031368,83617.9692436509,78637.32228707265,82725.15600994254,85700.71322277914
2026-06-27 12:25:00+00:00,81351.12007681053,75998.78381820572,80333.6247719254,84039.62546144148,78962.7379965619,83108.76605808728,86023.62378595889
2026-06-27 12:30:00+00:00,81842.80746429182,76436.88997747368,80828.99983099567,84490.62918096395,79309.2423245254,83501.56708269219,86353.76830780628
2026-06-27 12:35:00+00:00,82347.95092188132,76908.34240287443,81346.58514002746,84959.70550437337,79669.92591778416,83896.70706992286,86687.19122364903
2026-06-27 12:40:00+00:00,82854.29528626871,77398.85875634039,81872.81495870058,85435.57953382483,80037.87942315919,84287.33400594491,87019.93696881484
2026-06-27 12:45:00+00:00,83349.5853941437,77894.15669980399,82394.12354669487,85906.97637147343,80406.19348747151,84666.59587692392,87348.0499786314
2026-06-27 12:50:00+00:00,83821.56608219593,78379.95389519777,82896.94516369015,86362.62111947424,80767.95875754213,85027.64066902548,87667.57468842642
2026-06-27 12:55:00+00:00,84257.98218711512,78841.96800445412,83367.71406936625,86791.23887998231,81116.26588019208,85363.61636841521,87974.55553352759
2026-06-27 13:00:00+00:00,84646.57854559095,79265.91668950554,83792.86452340301,87181.55475515277,81444.20550224237,85667.67096125867,88265.0369492626
2026-06-27 13:05:00+00:00,85001.28754946485,79671.18461329087,84191.20498329797,87547.39992173345,81757.73052846361,85947.55907659118,88543.05886006443
2026-06-27 13:10:00+00:00,85344.88505105875,80085.83373289365,84589.61911324806,87909.9797772288,82068.16755884158,86216.357906149,88815.64644400739
2026-06-27 13:15:00+00:00,85678.38107778312,80508.59765146331,84986.65398298227,88269.08075492896,82376.66778302015,86475.19928014923,89083.32201688131
2026-06-27 13:20:00+00:00,86002.78565704843,80938.20997214927,85380.85666222953,88624.48928812401,82684.38239064312,86725.21502880893,89346.60789447604
2026-06-27 13:25:00+00:00,86319.10881626508,81373.40429810096,85770.77422071881,88975.99181010397,82992.46257135435,86967.53698234522,89606.02639258133
2026-06-27 13:30:00+00:00,86628.36058284357,81812.91423246784,86154.95372817908,89323.37475415894,83302.05951479769,87203.29697097516,89862.09982698708
2026-06-27 13:35:00+00:00,86931.55098419428,82255.47337839933,86531.94225433932,89666.424553579,83614.32441061691,87433.62682491583,90115.35051348303
2026-06-27 13:40:00+00:00,87229.69004772775,82699.81533904487,86900.28686892845,90004.92764165421,83930.40844845593,87659.65837438434,90366.30076785904
2026-06-27 13:45:00+00:00,87523.78780085436,83144.67371755387,87258.53464167549,90338.67045167464,84251.46281795851,87882.52344959773,90615.47290590491
2026-06-27 13:50:00+00:00,87814.8542709846,83588.7821170758,87605.23264230933,90667.4394169304,84578.63870876854,88103.35388077314,90863.3892434105
2026-06-27 13:55:00+00:00,88103.89948552886,84030.87414076008,87938.927940559,90991.02097071154,84913.08731052982,88323.2814981276,91110.57209616555
2026-06-27 14:00:00+00:00,88391.93347189768,84469.68339175613,88258.16760615342,91309.20154630812,85255.95981288621,88543.43813187823,91357.54377995995
2026-06-27 14:05:00+00:00,88674.87512517959,84919.83552347575,88562.43885161384,91622.32976928887,85617.97874361624,88758.1114222838,91601.2837433098
2026-06-27 14:10:00+00:00,88949.13146995897,85392.02064519144,88853.51443171142,91930.9931889492,86004.89895355607,88962.51608684009,91839.32572156732
2026-06-27 14:15:00+00:00,89216.44472788998,85879.06904384377,89133.36972955,92235.33662416927,86410.42011693602,89159.17457161967,92073.02346077644
2026-06-27 14:20:00+00:00,89478.55712062669,86373.81100637326,89403.98012823344,92535.50489382919,86828.2419079863,89350.60932269519,92303.7307069811
2026-06-27 14:25:00+00:00,89737.21086982322,86869.07681972046,89667.32101086556,92831.64281680915,87252.06400093726,89539.34278613918,92532.80120622524
2026-06-27 14:30:00+00:00,89994.14819713369,87357.69677082593,89925.36776055025,93123.89521198926,87675.58607001914,89727.89740802428,92761.58870455276
2026-06-27 14:35:00+00:00,90251.11132421221,87832.5011466302,90180.09576039133,93412.4068982497,88092.5077894622,89918.79563442303,92991.44694800761
2026-06-27 14:40:00+00:00,90509.84247271292,88286.32023407379,90433.48039349265,93697.32269447055,88496.52883349676,90114.55991140804,93223.7296826337
2026-06-27 14:45:00+00:00,90772.08386428987,88711.9843200973,90687.49704295803,93978.78741953205,88881.34887635309,90317.71268505191,93459.790654475
2026-06-27 14:50:00+00:00,91039.57772059727,89102.32369164123,90944.12109189136,94256.94589231425,89240.66759226145,90530.77640142723,93700.98360957539
2026-06-27 14:55:00+00:00,91314.06626328913,89450.16863564614,91205.3279233965,94531.94293169737,89568.18465545213,90756.27350660658,93948.66229397885
2026-06-27 15:00:00+00:00,91597.29171401965,89748.34943905254,91473.09292057726,94803.92335656148,89857.5997401554,90996.72644666253,94204.18045372925
2026-06-27 15:05:00+00:00,91892.22224211818,90005.38579243391,91746.75688019236,95070.94358022421,90112.74137206048,91257.50679543495,94467.5361132302
2026-06-27 15:10:00+00:00,92198.95533851086,90237.36162821834,92023.7486456006,95331.69209434657,90344.53201838245,91540.02496523256,94737.39636840866
2026-06-27 15:15:00+00:00,92514.92720724695,90448.4535961283,92303.17566980602,95587.26183532392,90557.31226564052,91840.8616598313,95013.11857259362
2026-06-27 15:20:00+00:00,92837.57405237568,90642.83834588632,92584.1454058126,95838.74573955165,90755.4227003538,92156.59758300714,95294.0600791141
2026-06-27 15:25:00+00:00,93164.33207794627,90824.69252721492,92865.76530662432,96087.23674342509,90943.20390904149,92483.81343853603,95579.57824129912
2026-06-27 15:30:00+00:00,93492.63748800798,90998.19278983661,93147.14282524522,96333.82778333961,91124.99647822272,92819.08993019395,95869.03041247766
2026-06-27 15:35:00+00:00,93819.92648661003,91167.51578347391,93427.38541467927,96579.61179569058,91305.14099441667,93159.00776175683,96161.77394597873
2026-06-27 15:40:00+00:00,94143.63527780164,91336.83815784931,93705.60052793045,96825.68171687334,91487.97804414248,93500.14763700064,96457.16619513134
2026-06-27 15:45:00+00:00,94461.2000656321,91510.33656268535,93980.89561800283,97073.13048328328,91677.84821391932,93839.09025970133,96754.56451326453
2026-06-27 15:50:00+00:00,94770.0570541506,91692.18764770453,94252.37813790036,97323.05103131576,91879.09209026633,94172.41633363486,97053.32625370727
2026-06-27 15:55:00+00:00,95067.6424474064,91886.56806262933,94519.15554062706,97576.5362973661,92096.05025970271,94496.70656257721,97352.8087697886
2026-06-27 16:00:00+00:00,95351.39244944871,92097.65445718233,94780.33527918691,97834.6792178297,92333.06330874759,94808.5416503043,97652.36941483749
2026-06-27 16:05:00+00:00,95623.58534058882,92325.37015741508,95037.76605470873,98096.452778443,92593.96120165924,95113.2811830038,97959.16534651139
2026-06-27 16:10:00+00:00,95888.70331893562,92565.33290171977,95293.6614668715,98360.0281106741,92877.10371054427,95418.09778734794,98278.48408095016
2026-06-27 16:15:00+00:00,96147.48846523481,92815.26095832979,95547.67631650463,98625.29536951604,93178.62613369426,95722.2917278395,98606.87850920662
2026-06-27 16:20:00+00:00,96400.68286023207,93072.87259547858,95799.46540443743,98892.14470996172,93494.66376940085,96025.16326898127,98940.90152233354
2026-06-27 16:25:00+00:00,96649.02858467314,93335.88608139947,96048.6835314993,99160.46628700414,93821.35191595566,96326.01267527603,99277.10601138367
2026-06-27 16:30:00+00:00,96893.2677193037,93602.01968432592,96294.98549851951,99430.15025563625,94154.82587165026,96624.1402112266,99612.0448674098
2026-06-27 16:35:00+00:00,97134.14234486944,93868.99167249128,96538.0261063275,99701.08677085099,94491.2209347763,96918.84614133573,99942.27098146471
2026-06-27 16:40:00+00:00,97372.39454211609,94134.52031412897,96777.46015575255,99973.16598764138,94826.6724036254,97209.43073010622,100264.33724460115
2026-06-27 16:45:00+00:00,97608.76639178931,94396.32387747239,97012.94244762408,100246.27806100032,95157.31557648914,97495.19424204089,100574.79654787193
2026-06-27 16:50:00+00:00,97843.99997463483,94652.12063075493,97244.1277827714,100520.31314592082,95479.28575165918,97775.43694164249,100870.2017823298
2026-06-27 16:55:00+00:00,98078.83737139836,94899.62884220998,97470.67096202387,100795.16139739583,95788.71822742707,98049.45909341381,101147.10583902753
2026-06-27 17:00:00+00:00,98314.02066282555,95136.56678007093,97692.22678621083,101070.7129704183,96081.74830208448,98316.56096185767,101402.06160901791
2026-06-27 17:05:00+00:00,98546.33043467045,95369.16053002476,97908.65897772442,101348.4860549246,96366.37257186862,98578.60966595111,101636.88282155312
2026-06-27 17:10:00+00:00,98772.93830698474,95603.97116380463,98120.38530899059,101629.57543682546,96652.04364064292,98837.71457141191,101857.25338748128
2026-06-27 17:15:00+00:00,98995.17291196075,95839.21942871336,98327.89165588937,101913.23616507548,96937.08081813846,99093.53931285389,102065.53147024912
2026-06-27 17:20:00+00:00,99214.36288179076,96073.12607205377,98531.66389430089,102198.72328862917,97219.80341408617,99345.74752489086,102264.07523330337
2026-06-27 17:25:00+00:00,99431.83684866705,96303.91184112863,98732.18790010517,102485.29185644117,97498.53073821709,99594.00284213663,102455.24284009072
2026-06-27 17:30:00+00:00,99648.92344478195,96529.79748324075,98929.94954918235,102772.19691746596,97771.5821002622,99837.96889920507,102641.3924540579
2026-06-27 17:35:00+00:00,99866.95130232771,96749.00374569293,99125.43471741246,103058.69352065814,98037.2768099525,100077.30933070992,102824.88223865161
2026-06-27 17:40:00+00:00,100087.24905349666,96959.75137578794,99319.1292806756,103344.0367149723,98293.93417701901,100311.68777126505,103008.0703573186
2026-06-27 17:45:00+00:00,100311.14533048111,97160.26112082864,99511.5191148518,103627.48154936294,98539.87351119272,100540.76785548426,103193.31497350555
2026-06-27 17:50:00+00:00,100539.96876547333,97348.75372811778,99703.09009582122,103908.28307278469,98773.41412220463,100764.21321798136,103382.9742506592
2026-06-27 17:55:00+00:00,100775.0479906656,97523.44994495816,99894.32809946385,104185.69633419208,98992.87531978574,100981.68749337022,103579.40635222626
2026-06-27 18:00:00+00:00,101017.71163825026,97682.57051865259,100085.7190016598,104458.97638253965,99196.57641366705,101192.8543162646,103784.96944165343
2026-06-27 18:05:00+00:00,101279.2322786543,97830.65950288583,100278.06657250157,104731.0281720001,99394.21247330192,101402.41316017963,104005.51798786323
2026-06-27 18:10:00+00:00,101565.4726377644,97973.38542821186,100471.37017361764,105004.53975093976,99594.56043922686,101613.94715462827,104242.25456617707
2026-06-27 18:15:00+00:00,101869.64658096245,98110.6557572374,100664.90906819205,105278.44080960374,99794.56242779751,101825.44541822118,104490.55949964006
2026-06-27 18:20:00+00:00,102184.96797363028,98242.3779525691,100857.96251940883,105551.66103823714,99991.16055536958,102034.89706956893,104745.81311129723
2026-06-27 18:25:00+00:00,102504.65068114977,98368.4594768137,101049.80979045207,105823.13012708508,100181.29693829874,102240.29122728217,105003.39572419373
2026-06-27 18:30:00+00:00,102821.90856890271,98488.80779257785,101239.73014450583,106091.77776639264,100361.91369294064,102439.6170099715,105258.68766137463
2026-06-27 18:35:00+00:00,103129.95550227098,98603.33036246822,101427.00284475416,106356.53364640495,100529.95293565102,102630.86353624755,105507.06924588498
2026-06-27 18:40:00+00:00,103422.0053466364,98711.93464909155,101610.9071543811,106616.32745736708,100682.3567827855,102812.01992472094,105743.92080076992
2026-06-27 18:45:00+00:00,103691.27196738086,98814.52811505448,101790.72233657072,106870.08888952417,100816.0673506998,102981.07529400228,105964.62264907449
2026-06-27 18:50:00+00:00,103930.96922988616,98911.01822296371,101965.72765450705,107116.74763312128,100928.02675574957,103136.0187627022,106164.5551138438
2026-06-27 18:55:00+00:00,104134.31099953418,99001.31243542596,102135.20237137421,107355.23337840356,101015.17711429049,103274.83944943131,106339.09851812293
2026-06-27 19:00:00+00:00,104294.51114170677,99085.3182150479,102298.4257503562,107584.47581561608,101074.46054267825,103395.52647280024,106483.633184957
2026-06-27 19:05:00+00:00,104430.19135778026,99166.72751180254,102465.1947120512,107817.08683193782,101114.55866957277,103501.07193116363,106603.36196017862
2026-06-27 19:10:00+00:00,104563.368718062,99248.50605343029,102642.70453532634,108062.52742233091,101147.16997727624,103596.82080872732,106708.40378912854
2026-06-27 19:15:00+00:00,104692.35014133021,99329.47196918873,102826.33202076906,108315.00093871511,101173.76186260772,103684.29155287879,106801.51314411403
2026-06-27 19:20:00+00:00,104815.44254636318,99408.4433883355,103011.4539689668,108568.71073301026,101195.80172238628,103765.00261100537,106885.44449744234
2026-06-27 19:25:00+00:00,104930.95285193919,99484.23844012822,103193.44718050702,108817.86015713621,101214.756953431,103840.47243049456,106962.95232142071
2026-06-27 19:30:00+00:00,105037.1879768365,99555.67525382455,103367.68845597716,109056.65256301274,101232.09495256096,103912.21945873373,107036.79108835645
2026-06-27 19:35:00+00:00,105132.45483983337,99621.57195868206,103529.5545959647,109279.2913025597,101249.2831165952,103981.7621431103,107109.71527055674
2026-06-27 19:40:00+00:00,105215.06035970805,99680.74668395844,103674.42240105708,109479.97972769686,101267.78884235279,104050.6189310117,107184.47934032888
2026-06-27 19:45:00+00:00,105283.31145523884,99732.01755891128,103797.66867184172,109652.9211903441,101289.07952665284,104120.30826982536,107263.83776998012
2026-06-27 19:50:00+00:00,105335.51504520395,99774.20271279823,103894.6702089061,109792.31904242118,101314.62256631437,104192.34860693869,107350.5450318177
2026-06-27 19:55:00+00:00,105369.97804838173,99806.12027487691,103960.8038128377,109892.37663584795,101345.88535815648,104268.25838973913,107447.35559814889
2026-06-27 20:00:00+00:00,105385.00738355039,99826.58837440494,103991.44628422392,109947.29732254423,101384.33529899824,104349.55606561404,107557.02394128093
2026-06-27 20:05:00+00:00,105389.21098873642,99840.5625060292,104001.54778422143,109976.75047448682,101445.41281955322,104432.48091667674,107683.53190958235
2026-06-27 20:10:00+00:00,105392.45352405412,99853.73369883075,104009.4318866891,110004.19915797442,101539.1997486094,104513.00356823952,107827.1527397754
2026-06-27 20:15:00+00:00,105394.92699141336,99866.02338371851,104015.5355112677,110029.5372664096,101659.12558009749,104592.23948248845,107985.07798669802
2026-06-27 20:20:00+00:00,105396.82339272412,99877.35299160132,104020.29557759807,110052.65869319496,101798.61980794815,104671.30412160959,108154.49920518811
2026-06-27 20:25:00+00:00,105398.33472989628,99887.64395338815,104024.14900532097,110073.45733173311,101951.1119260921,104751.31294778897,108332.6079500836
2026-06-27 20:30:00+00:00,105399.6530048398,99896.81769998785,104027.53271407718,110091.82707542666,102110.03142846,104833.38142321265,108516.59577622237
2026-06-27 20:35:00+00:00,105400.97021946457,99904.79566230935,104030.88362350751,110107.66181767816,102268.80780898256,104918.62501006665,108703.65423844235
2026-06-27 20:40:00+00:00,105402.47837568053,99911.49927126152,104034.63865325277,110120.85545189024,102420.87056159042,105008.15917053707,108890.97489158149
2026-06-27 20:45:00+00:00,105404.36947539759,99916.84995775326,104039.23472295373,110131.30187146549,102559.64918021431,105103.09936680995,109075.74929047764
2026-06-27 20:50:00+00:00,105406.8355205257,99920.7691526935,104045.10875225117,110138.8949698065,102678.57315878493,105204.5610610713,109255.16898996875
2026-06-27 20:55:00+00:00,105410.06851297474,99923.17828699111,104052.69766078591,110143.52864031585,102771.0719912329,105313.65971550721,109426.42554489274
2026-06-27 21:00:00+00:00,105414.26045465468,99923.99879155502,104062.43836819872,110145.09677639618,102830.57517148895,105431.51079230371,109586.7105100875
2026-06-27 21:05:00+00:00,105437.69502422756,99911.2599638163,104089.25492711079,110142.84168956567,102870.67195181015,105579.74023295206,109749.31741662721
2026-06-27 21:10:00+00:00,105494.08167280458,99876.04085183276,104143.94221098034,110136.22485022344,102909.10080946166,105771.99771910047,109925.8462467502
2026-06-27 21:15:00+00:00,105576.75106096939,99822.83751245339,104220.74337070363,110125.46889009343,102945.51507588621,105997.43432317054,110110.9482320408
2026-06-27 21:20:00+00:00,105679.03384930562,99756.14600252714,104313.901557177,110110.79644089958,102979.56808252662,106245.20111758378,110299.27460408327
2026-06-27 21:25:00+00:00,105794.26069839692,99680.46237890296,104417.65992129671,110092.43013436583,103010.91316082558,106504.44917476179,110485.47659446197
2026-06-27 21:30:00+00:00,105915.7622688269,99600.2826984298,104526.26161395914,110070.5926022161,103039.20364222594,106764.32956712611,110664.20543476111
2026-06-27 21:35:00+00:00,106036.86922117924,99520.10301795666,104633.94978606055,110045.50647617437,103064.09285817045,107013.99336709833,110830.11235656503
2026-06-27 21:40:00+00:00,106150.91221603753,99444.4193943325,104734.96758849725,110017.39438796455,103085.23414010185,107242.59164709997,110977.84859145801
2026-06-27 21:45:00+00:00,106251.22191398543,99377.72788440624,104823.55817216556,109986.4789693106,103102.28081946293,107439.27547955261,111102.06537102435
2026-06-27 21:50:00+00:00,106331.12897560655,99324.52454502686,104893.9646879618,109952.98285193644,103114.88622769648,107593.19593687779,111197.41392684831
2026-06-27 21:55:00+00:00,106383.96406148458,99289.30543304332,104940.43028678221,109917.12866756604,103122.70369624523,107693.50409149709,111258.54549051423
2026-06-27 22:00:00+00:00,106403.0578322031,99276.5666053046,104957.1981195232,109879.13904792331,103125.38655655198,107729.35101583207,111280.11129360634
2026-06-27 22:05:00+00:00,106373.46009555487,99289.85123409794,104941.48221927459,109816.66040243335,103124.39814624393,107703.25325844905,111247.26891565863
2026-06-27 22:10:00+00:00,106290.36688104393,99326.57932546776,104896.79136599062,109712.0158543287,103121.46771028994,107629.14384984782,111154.9520821194
2026-06-27 22:15:00+00:00,106162.32818182094,99382.06218689874,104826.8108308641,109572.44310604456,103116.64744114518,107513.29858535013,111012.47624344457
2026-06-27 22:20:00+00:00,105997.89399103659,99451.61112587563,104735.22588508777,109405.17986001613,103109.98953126487,107361.99326027764,110829.15685009005
2026-06-27 22:25:00+00:00,105805.61430184152,99530.5374498831,104625.72179985447,109217.4638186786,103101.54617310423,107181.50366995213,110614.3093525117
2026-06-27 22:30:00+00:00,105594.03910738642,99614.15246640584,104501.98384635693,109016.53268446714,103091.36955911844,106978.1056096953,110377.24920116547
2026-06-27 22:35:00+00:00,105371.71840082195,99697.7674829286,104367.697295788,108809.62415981696,103079.51188176271,106758.07487482888,110127.29184650721
2026-06-27 22:40:00+00:00,105147.20217529876,99776.69380693608,104226.54741934042,108603.97594716323,103066.02533349226,106527.68726067457,109873.75273899284
2026-06-27 22:45:00+00:00,104929.04042396754,99846.24274591295,104082.21948820702,108406.82574894113,103050.96210676226,106293.21856255413,109625.94732907828
2026-06-27 22:50:00+00:00,104725.78313997896,99901.72560734395,103938.39877358053,108225.41126758588,103034.37439402795,106060.94457578925,109393.1910672194
2026-06-27 22:55:00+00:00,104545.98031648365,99938.45369871375,103798.77054665379,108066.97020553262,103016.31438774453,105837.1410957017,109184.79940387211
2026-06-27 23:00:00+00:00,104398.18194663232,99951.73832750709,103667.02007861955,107938.74026521659,102996.83428036717,105628.08391761316,109010.08778949232
2026-06-27 23:05:00+00:00,104274.97494650354,99937.3878954723,103533.82642935097,107834.27457667135,102952.79173761647,105415.64864686187,108859.21597879613
2026-06-27 23:10:00+00:00,104161.88529435828,99896.40533959884,103388.98864581829,107740.8340946005,102865.0729026109,105181.21399320677,108715.4388593632
2026-06-27 23:15:00+00:00,104056.8715766207,99831.89377023306,103234.87197986005,107656.21825844415,102739.7726839027,104930.31040860065,108577.71458094471
2026-06-27 23:20:00+00:00,103957.892379715,99746.95629772132,103073.84168331472,107578.2265076425,102582.98599004399,104668.46834499629,108445.00129329185
2026-06-27 23:25:00+00:00,103862.90629006538,99644.69603240998,102908.26300802085,107504.65828163564,102400.80772958692,104401.21825434646,108316.25714615584
2026-06-27 23:30:00+00:00,103769.871894096,99528.21608464538,102740.50120581691,107433.3130198638,102199.33281108366,104134.09058860394,108190.44028928786
2026-06-27 23:35:00+00:00,103676.74777823102,99400.61956477388,102572.92152854142,107361.99016176703,101984.65614308637,103872.61579972155,108066.50887243908
2026-06-27 23:40:00+00:00,103581.49252889468,99265.00958314184,102407.88922803289,107288.48914678555,101762.87263414722,103622.324339652,107943.42104536071
2026-06-27 23:45:00+00:00,103482.06473251113,99124.48925009562,102247.76955612983,107210.6094143595,101540.07719281837,103388.74666034814,107820.13495780394
2026-06-27 23:50:00+00:00,103376.42297550457,98982.16167598157,102094.92776467075,107126.15040392902,101322.36472765198,103177.41321376273,107695.60875951995
2026-06-27 23:55:00+00:00,103262.52584429915,98841.12997114605,101951.72910549413,107032.91155493424,101115.83014720019,102993.85445184853,107568.80060025994
2026-06-28 00:00:00+00:00,103138.33192531909,98704.49724593539,101820.53883043848,106928.69230681534,100926.5683600152,102843.60082655835,107438.66862977513
2026-06-28 00:05:00+00:00,103002.77982640087,98561.22505389243,101701.32134368824,106813.14959672629,100745.48407514878,102720.06271391823,107309.43284685396
2026-06-28 00:10:00+00:00,102856.94600679414,98400.19734292805,101591.18652990558,106687.7432096642,100560.12696644313,102611.1794614761,107184.91460826733
2026-06-28 00:15:00+00:00,102701.99583004286,98224.40081494057,101488.21786164571,106552.97685683388,100371.55938963585,102514.27497846769,107063.47410074012
2026-06-28 00:20:00+00:00,102539.09465969086,98036.82217182842,101390.49881146378,106409.35424944018,100180.84370046467,102426.67317412865,106943.47151099719
2026-06-28 00:25:00+00:00,102369.4078592821,97840.44811548995,101296.11285191496,106257.37909868792,99989.0422546672,102345.69795769468,106823.26702576342
2026-06-28 00:30:00+00:00,102194.1007923605,97638.26534782359,101203.14345555447,106097.55511578196,99797.21740798118,102268.67323840145,106701.22083176367
2026-06-28 00:35:00+00:00,102014.33882246996,97433.26057072768,101109.67409493748,105930.38601192708,99606.4315161442,102192.92292548463,106575.69311572282
2026-06-28 00:40:00+00:00,101831.28731315437,97228.42048610063,101013.78824261918,105756.37549832815,99417.74693489399,102115.77092817993,106445.04406436572
2026-06-28 00:45:00+00:00,101646.11162795768,97026.7317958408,100913.56937115472,105576.02728619,99232.2260199682,102034.54115572298,106307.63386441726
2026-06-28 00:50:00+00:00,101459.97713042378,96831.1812018466,100807.1009530993,105389.84508671747,99050.9311271045,101946.5575173495,106161.82270260228
2026-06-28 00:55:00+00:00,101274.04918409657,96644.75540601637,100692.46646100811,105198.33261111536,98874.92461204053,101849.14392229516,106005.97076564569
2026-06-28 01:00:00+00:00,101089.49315252,96470.44111024855,100567.74936743632,105001.99357058853,98705.26883051397,101739.62427979564,105838.4382402723
2026-06-28 01:05:00+00:00,100905.72734818755,96309.22726247048,100434.88976286787,104791.40627943446,98546.57955088043,101622.5988451496,105655.6216817915
2026-06-28 01:10:00+00:00,100721.04798948969,96158.37931517602,100296.69051737167,104559.31040884793,98400.52814827695,101503.37719636425,105455.94194980446
2026-06-28 01:15:00+00:00,100534.93729881568,96015.29872711314,100152.52927288036,104309.45170537946,98263.76038861333,101380.34722673814,105240.79568747392
2026-06-28 01:20:00+00:00,100346.87749855474,95877.38695702991,100001.78367132657,104045.57591557973,98132.92203779948,101251.89682956976,105011.57953796253
2026-06-28 01:25:00+00:00,100156.35081109618,95742.0454636743,99843.83135464291,103771.42878599933,98004.65886174522,101116.41389815765,104769.69014443303
2026-06-28 01:30:00+00:00,99962.83945882924,95606.67570579436,99678.04996476203,103490.75606318888,97875.61662636038,100972.28632580036,104516.52415004805
2026-06-28 01:35:00+00:00,99765.8256641432,95468.67914213809,99503.81714361657,103207.30349369902,97742.44109755484,100817.90200579638,104253.47819797033
2026-06-28 01:40:00+00:00,99564.79164942726,95325.45723145352,99320.51053313917,102924.81682408032,97601.77804123843,100651.64883144424,103981.94893136254
2026-06-28 01:45:00+00:00,99359.21963707075,95174.41143248865,99127.5077752624,102647.04180088344,97450.27322332098,100471.91469604247,103703.33299338739
2026-06-28 01:50:00+00:00,99148.5918494629,95012.94320399154,98924.18651191898,102377.72417065897,97284.57240971237,100277.08749288961,103419.02702720753
2026-06-28 01:55:00+00:00,98932.39050899299,94838.45400471015,98709.92438504148,102120.60967995758,97101.32136632245,100065.55511528414,103130.4276759857
2026-06-28 02:00:00+00:00,98710.09783805025,94648.34529339254,98484.09903656258,101879.44407532981,96897.16585906103,99835.7054565246,102838.93158288457
2026-06-28 02:05:00+00:00,98484.93030947146,94438.12194792076,98237.46882923967,101657.47005326688,96650.17417240105,99552.57126078429,102541.00344049343
2026-06-28 02:10:00+00:00,98259.23694733548,94206.48500817352,97963.05508449161,101452.496981248,96347.0537694926,99190.56100355712,102232.34167921629
2026-06-28 02:15:00+00:00,98031.19880089466,93955.6301758938,97663.62988224294,101260.12061230581,95997.40918426137,98762.12617512271,101913.19354893784
2026-06-28 02:20:00+00:00,97798.99691940144,93687.75315282465,97341.96530241835,101075.93669947301,95610.84495063299,98279.71826576065,101583.8062995428
2026-06-28 02:25:00+00:00,97560.81235210816,93405.04964070898,97000.83342494242,100895.54099578224,95196.96560253314,97755.78876575052,101244.42718091588
2026-06-28 02:30:00+00:00,97314.82614826727,93109.71534128986,96643.00632973983,100714.52925426619,94765.3756738874,97202.7891653719,100895.3034429418
2026-06-28 02:35:00+00:00,97059.2193571311,92803.94595631024,96271.25609673517,100528.49722795752,94325.67969862156,96633.17095490439,100536.68233550528
2026-06-28 02:40:00+00:00,96792.17302795209,92489.93718751316,95888.35480585307,100333.04066988887,93887.48221066118,96059.38562462761,100168.811108491
2026-06-28 02:45:00+00:00,96511.8682099826,92169.88473664157,95497.07453701815,100123.75533309294,93460.38774393192,95493.88466482107,99791.9370117837
2026-06-28 02:50:00+00:00,96216.48595247502,91845.98430543851,95100.18737015506,99896.23697060237,93054.00083235947,94949.11956576443,99406.30729526807
2026-06-28 02:55:00+00:00,95904.20730468175,91520.43159564694,94700.4653851884,99646.08133544985,92677.92600986948,94437.54181773725,99012.16920882883
2026-06-28 03:00:00+00:00,95573.2133158552,91195.42230900988,94300.68066204284,99368.88418066806,92341.7678103876,93971.60291101913,98609.7700023507
2026-06-28 03:05:00+00:00,95199.44490213855,90860.16662157704,93882.68303775998,99043.20102395666,92038.94599336015,93537.81643442519,98191.81664453197
2026-06-28 03:10:00+00:00,94767.46703700667,90505.08607548404,93431.38488953105,98656.8848915369,91754.1927090433,93113.73855256292,97752.80578663482
2026-06-28 03:15:00+00:00,94288.39685570923,90134.19342160277,92954.15210750491,98219.47779922384,91484.08107757753,92698.3846194005,97295.66920239007
2026-06-28 03:20:00+00:00,93773.35149349601,89751.50141080514,92458.35058183047,97740.52176283245,91225.18421910328,92290.7699889061,96823.33866552834
2026-06-28 03:25:00+00:00,93233.44808561678,89361.02279396301,91951.34620265661,97229.55879817772,90974.07525376104,91889.91001504788,96338.74594978038
2026-06-28 03:30:00+00:00,92679.80376732124,88966.7703219483,91440.50486013225,96696.1309210747,90727.32730169124,91494.820051794,95844.82282887686
2026-06-28 03:35:00+00:00,92123.53567385918,88572.75674563284,90933.19244440629,96149.78014733839,90481.51348303434,91104.51545311262,95344.50107654856
2026-06-28 03:40:00+00:00,91575.76094048032,88182.99481588858,90436.77484562759,95600.04849278375,90233.20691793082,90718.01157297188,94840.71246652612
2026-06-28 03:45:00+00:00,91047.5967024344,87801.49728358735,89958.61795394508,95056.47797322588,89978.98072652114,90334.32376534,94336.38877254029
2026-06-28 03:50:00+00:00,90550.16009497122,87432.27689960109,89506.08765950767,94528.61060447972,89715.40802894575,89952.46738418509,93834.46176832174
2026-06-28 03:55:00+00:00,90094.56825334045,87079.34641480162,89086.5498524642,94025.98840236028,89439.0619453451,89571.45778347533,93337.86322760122
2026-06-28 04:00:00+00:00,89691.9383127919,86746.7185800609,88707.37042296362,93558.1533826826,89146.51559585969,89190.3103171789,92849.52492410941
2026-06-28 04:05:00+00:00,89332.9911261952,86434.95456554656,88362.13135748447,93114.07822275504,88841.09362174652,88806.26887714064,92356.7431899016
2026-06-28 04:10:00+00:00,88998.3134324464,86139.67938968755,88037.44915140093,92676.17715761597,88528.31878931652,88418.6120770196,91848.23426389568
2026-06-28 04:15:00+00:00,88683.82119583484,85857.50157574758,87730.24145820526,92244.15453967541,88208.06140629086,88029.40735350519,91329.05978011634
2026-06-28 04:20:00+00:00,88385.43038064985,85585.02964699037,87437.4259313898,91817.71472134336,87880.19178039076,87640.72214328684,90804.28137258823
2026-06-28 04:25:00+00:00,88099.05695118076,85318.87212667966,87155.92022444677,91396.56205502985,87544.58021933745,87254.62388305395,90278.96067533601
2026-06-28 04:30:00+00:00,87820.61687171685,85055.63753807917,86882.6419908685,90980.40089314485,87201.09703085216,86873.18000949599,89758.15932238438
2026-06-28 04:35:00+00:00,87546.0261065475,84791.93440445267,86614.50888414729,90568.93558809841,86849.61252265608,86498.45795930232,89246.93894775797
2026-06-28 04:40:00+00:00,87271.20061996201,84524.37124906384,86348.43855777539,90161.87049230051,86489.99700247042,86132.5251691624,88750.36118548147
2026-06-28 04:45:00+00:00,86992.05637624973,84249.55659517643,86081.3486652451,89758.90995816118,86122.12077801638,85777.44907576565,88273.48766957957
2026-06-28 04:50:00+00:00,86704.50933969997,83964.0989660542,85810.15686004874,89359.75833809043,85745.8541570152,85435.29711580146,87821.38003407686
2026-06-28 04:55:00+00:00,86404.47547460209,83664.60688496081,85531.78079567854,88964.11998449826,85361.06744718809,85108.1367259593,87399.09991299809
2026-06-28 05:00:00+00:00,86087.87074524537,83347.68887516005,85243.13812562684,88571.69924979468,84967.63095625625,84798.03534292855,87011.70894036788
2026-06-28 05:05:00+00:00,85747.32724850069,83001.50845000066,84940.90605021337,88172.66558383753,84545.22158130624,84500.42390514375,86647.73508546206
2026-06-28 05:10:00+00:00,85382.46334099422,82621.75454265856,84626.32459389158,87761.00219703393,84080.54943609309,84209.54299476335,86292.95533469188
2026-06-28 05:15:00+00:00,84999.6743766484,82216.3238061381,84303.15564635428,87342.13408261773,83584.03465334082,83925.6745140626,85948.30484778521
2026-06-28 05:20:00+00:00,84605.35570938558,81793.11289344367,83975.1610972943,86921.48623382283,83066.0973657734,83649.10036531674,85614.71878446991
2026-06-28 05:25:00+00:00,84205.90269312814,81360.01845757964,83646.10283640446,86504.4836438831,82537.15770611484,83380.102450801,85293.13230447381
2026-06-28 05:30:00+00:00,83807.71068179849,80924.93715155042,83319.74275337756,86096.55130603244,82007.63580708911,83118.9626727907,84984.4805675248
2026-06-28 05:35:00+00:00,83417.17502931898,80495.76562836036,82999.84273790642,85703.11421350474,81487.9518014202,82865.96293356104,84689.69873335073
2026-06-28 05:40:00+00:00,83040.69108961202,80080.40054101388,82690.16467968388,85329.59735953384,80988.52582183213,82621.38513538729,84409.72196167942
2026-06-28 05:45:00+00:00,82684.65421660001,79686.7385425153,82394.47046840272,84981.42573735367,80519.77800104885,82385.51118054472,84145.48541223878
2026-06-28 05:50:00+00:00,82355.45976420527,79322.67628586908,82116.52199375577,84664.02434019807,80092.12847179436,82158.62297130855,83897.92424475665
2026-06-28 05:55:00+00:00,82059.50308635025,78996.11042407955,81860.08114543586,84382.81816130095,79715.99736679267,81941.00240995408,83667.97361896087
2026-06-28 06:00:00+00:00,81803.1795369573,78714.93761015112,81628.90981313582,84143.23219389618,79401.80481876776,81732.93139875651,83456.5686945793
2026-06-28 06:05:00+00:00,81577.66152442733,78466.22502286064,81418.19366991668,83935.71814443529,79130.64688597272,81534.56440708022,83261.81690576434
2026-06-28 06:10:00+00:00,81368.45333564664,78231.13759395962,81219.65724683453,83745.59209052142,78875.95696769927,81345.15494195872,83080.11017248804
2026-06-28 06:15:00+00:00,81173.44814226555,78008.71860591433,81031.87072057456,83570.5755821158,78636.66120822942,81163.63346217098,82909.81038320775
2026-06-28 06:20:00+00:00,80990.53911593446,77798.01134119101,80853.40426782206,83408.39016917977,78411.68575184509,80988.93042649601,82749.27942638083
2026-06-28 06:25:00+00:00,80817.61942830367,77598.05908225596,80682.82806526229,83256.75740167456,78199.95674282832,80819.97629371272,82596.87919046466
2026-06-28 06:30:00+00:00,80652.5822510236,77407.90511157544,80518.71228958052,83113.39882956148,78000.40032546104,80655.70152260018,82450.97156391655
2026-06-28 06:35:00+00:00,80493.32075574457,77226.59271161573,80359.62711746198,82976.03600280185,77811.94264402527,80495.03657193737,82309.91843519389
2026-06-28 06:40:00+00:00,80337.72811411698,77053.1651648431,80204.14272559193,82842.39047135688,77633.50984280296,80336.91190050318,82172.08169275403
2026-06-28 06:45:00+00:00,80183.69749779114,76886.66575372379,80050.82929065565,82710.18378518791,77464.02806607606,80180.2579670767,82035.82322505431
2026-06-28 06:50:00+00:00,80029.12207841745,76726.1377607241,79898.25698933836,82577.13749425618,77302.42345812658,80024.00523043687,81899.5049205521
2026-06-28 06:55:00+00:00,79871.89502764629,76570.6244683103,79744.99599832536,82440.97314852301,77147.62216323649,79867.08414936266,81761.48866770476
2026-06-28 07:00:00+00:00,79709.90951712796,76419.16915894864,79589.61649430185,82299.41229794968,76998.55032568779,79708.4251826331,81620.13635496964
2026-06-28 07:05:00+00:00,79536.95996496403,76268.28867074815,79427.23929777049,82153.18072458637,76849.54822165775,79541.3641174044,81475.53767781024
2026-06-28 07:10:00+00:00,79351.3667610994,76116.36044739462,79256.26308199196,82005.19803801685,76697.49740149455,79362.80027986705,81329.5033021614
2026-06-28 07:15:00+00:00,79157.81203494957,75965.21867971947,79080.17480278872,81856.4765295027,76545.13592073636,79177.00943735144,81182.9765721875
2026-06-28 07:20:00+00:00,78960.97791593004,75816.69755855418,78902.4614159832,81708.0284903055,76395.20183492139,78988.26735718793,81036.90083205288
2026-06-28 07:25:00+00:00,78765.5465334563,75672.63127473014,78726.60987739786,81560.86621168682,76250.4331995878,78800.84980670686,80892.21942592191
2026-06-28 07:30:00+00:00,78576.20001694385,75534.85401907885,78556.1071428551,81416.00198490829,76113.56807027385,78619.03255323866,80749.87569795897
2026-06-28 07:35:00+00:00,78397.62049580814,75405.19998243172,78394.44016817739,81274.44810123144,75987.34450251769,78447.09136411369,80610.8129923284
2026-06-28 07:40:00+00:00,78234.4900994647,75285.50335562018,78245.09590918716,81137.21685191788,75874.50055185752,78289.30200666228,80475.97465319459
2026-06-28 07:45:00+00:00,78091.49095732904,75177.59832947569,78111.56132170683,81005.32052822919,75777.77427383154,78149.94024821483,80346.30402472187
2026-06-28 07:50:00+00:00,77973.30519881661,75083.31909482971,77997.32336155887,80879.77142142695,75699.90372397796,78033.2818561017,80222.74445107464
2026-06-28 07:55:00+00:00,77884.6149533429,75004.49984251366,77905.86898456572,80761.58182277276,75643.62695783493,77943.60259765327,80106.23927641725
2026-06-28 08:00:00+00:00,77830.10235032343,74942.97476335897,77840.68514654977,80651.76402352819,75611.68203094069,77885.1782401999,79997.73184491406
2026-06-28 08:05:00+00:00,77796.04898230336,74891.22154248919,77792.16941359147,80543.12635636263,75593.40385577739,77846.99422195199,79890.16791092402
2026-06-28 08:10:00+00:00,77765.43008786147,74840.88669468317,77748.14064852164,80429.62122665577,75576.3485508982,77814.55438015572,79777.67874291923
2026-06-28 08:15:00+00:00,77737.96826546363,74792.5576552553,77708.21775228834,80313.97703473447,75560.58598094777,77786.91208069501,79662.98595623388
2026-06-28 08:20:00+00:00,77713.38611357575,74746.82185952003,77672.01962583966,80198.92218092569,75546.18601057085,77763.12068945382,79548.81116620205
2026-06-28 08:25:00+00:00,77691.4062306637,74704.26674279179,77639.16517012364,80087.18506555632,75533.21850441206,77742.23357231614,79437.8759881579
2026-06-28 08:30:00+00:00,77671.75121519338,74665.47974038495,77609.27328608836,79981.4940889533,75521.75332711612,77723.30409516592,79332.90203743556
2026-06-28 08:35:00+00:00,77654.14366563069,74631.04828761396,77581.96287468192,79884.57765144357,75511.86034332773,77705.3856238871,79236.61092936916
2026-06-28 08:40:00+00:00,77638.30618044148,74601.55981979324,77556.85283685235,79799.16415335401,75503.60941769156,77687.53152436364,79151.72427929284
2026-06-28 08:45:00+00:00,77623.96135809168,74577.6017722372,77533.56207354777,79727.98199501158,75497.07041485231,77668.79516247954,79080.96370254071
2026-06-28 08:50:00+00:00,77610.83179704714,74559.76158026028,77511.70948571623,79673.75957674318,75492.31319945466,77648.22990411872,79027.05081444695
2026-06-28 08:55:00+00:00,77598.64009577376,74548.62667917689,77490.91397430577,79639.22529887571,75489.4076361433,77624.88911516515,78992.70723034567
2026-06-28 09:00:00+00:00,77587.10885273745,74544.78450430144,77470.79444026451,79627.10756173613,75488.42358956291,77597.8261615028,78980.65456557098
2026-06-28 09:05:00+00:00,77576.86739756573,74548.86735137632,77452.49805074513,79633.81790507783,75489.28029254018,77564.39370099975,78981.8224125192
2026-06-28 09:10:00+00:00,77568.45238470555,74560.15522270103,77436.99755853407,79652.37003078724,75491.64882430085,77523.84870343927,78985.22461672232
2026-06-28 09:15:00+00:00,77561.44739985201,74577.20711342555,77423.65024303,79680.39558239077,75495.22681908826,77478.1010025783,78990.70917321804
2026-06-28 09:20:00+00:00,77555.43602870009,74598.58201869996,77411.81338363157,79715.52620341495,75499.71191114573,77429.06043217362,78998.12407704403
2026-06-28 09:25:00+00:00,77550.00185694486,74622.83893367431,77400.84425973742,79755.3935373862,75504.80173471656,77378.63682598209,79007.31732323798
2026-06-28 09:30:00+00:00,77544.72847028133,74648.53685349862,77390.10015074626,79797.629227831,75510.19392404407,77328.74001776056,79018.13690683756
2026-06-28 09:35:00+00:00,77539.19945440459,74674.23477332291,77378.93833605674,79839.86491827578,75515.58611337157,77281.27984126587,79030.43082288052
2026-06-28 09:40:00+00:00,77532.99839500964,74698.49168829725,77366.71609506749,79879.73225224702,75520.6759369424,77238.16613025486,79044.04706640447
2026-06-28 09:45:00+00:00,77525.70887779152,74719.86659357167,77352.7907071772,79914.8628732712,75525.16102899986,77201.30871848439,79058.83363244715
2026-06-28 09:50:00+00:00,77516.91448844528,74736.9184842962,77336.51945178454,79942.88842487475,75528.73902378726,77172.61743971129,79074.63851604621
2026-06-28 09:55:00+00:00,77506.19881266597,74748.2063556209,77317.25960828814,79961.44055058414,75531.10755554795,77154.00212769241,79091.30971223935
2026-06-28 10:00:00+00:00,77493.1454361486,74752.28920269579,77294.36845608667,79968.15089392583,75531.96425852521,77147.3726161846,79108.69521606428
2026-06-28 10:05:00+00:00,77460.64712931242,74728.6501067929,77254.13183332475,79957.39162424137,75510.05732146236,77147.65797843259,79129.93407037108
2026-06-28 10:10:00+00:00,77396.28266070165,74662.04632024071,77187.11204747863,79927.64540805492,75449.49108370033,77148.51133535747,79158.00881626512
2026-06-28 10:15:00+00:00,77306.66461319878,74558.94809477388,77099.08108194437,79882.70963466687,75357.99740537896,77149.92859223072,79192.53269616699
2026-06-28 10:20:00+00:00,77198.40556968629,74425.82568212708,76995.81092011808,79826.38169337763,75243.30814663811,77151.90565432371,79233.1189524973
2026-06-28 10:25:00+00:00,77078.11811304673,74269.14933403498,76883.0735453958,79762.45897348758,75113.15516761757,77154.43842690789,79279.38082767666
2026-06-28 10:30:00+00:00,76952.41482616254,74095.38930223227,76766.64094117365,79694.73886429715,74975.27032845722,77157.52281525466,79330.93156412565
2026-06-28 10:35:00+00:00,76827.90829191625,73911.01583845362,76652.28509084771,79627.0187551067,74837.38548929685,77161.15472463547,79387.38440426486
2026-06-28 10:40:00+00:00,76711.21109319034,73722.49919443367,76545.77797781405,79563.09603521667,74707.23251027634,77165.33006032174,79448.35259051487
2026-06-28 10:45:00+00:00,76608.93581286733,73536.30962190713,76452.89158546877,79506.76809392743,74592.54325153546,77170.04472758486,79513.4493652963
2026-06-28 10:50:00+00:00,76527.6950338297,73358.91737260866,76379.39789720792,79461.83232053938,74501.04957321411,77175.29463169626,79582.28797102976
2026-06-28 10:55:00+00:00,76474.10133895995,73196.79269827294,76331.06889642765,79432.08610435293,74440.48333545208,77181.0756779274,79654.48165013581
2026-06-28 11:00:00+00:00,76454.7673111406,73056.40585063462,76313.67656652397,79421.32683466846,74418.57639838922,77187.38377154966,79729.64364503506
2026-06-28 11:05:00+00:00,76461.54025577844,72922.0195343361,76318.27007456233,79424.93994933684,74423.17809572324,77225.77022564736,79813.57644707657
2026-06-28 11:10:00+00:00,76481.3818421075,72776.48456429272,76331.8102769611,79435.63217510804,74436.70806526775,77322.77555382767,79911.77318041495
2026-06-28 11:15:00+00:00,76513.57619875106,72624.15335764865,76353.93669114575,79453.1828346312,74458.75362333647,77470.8794621463,80023.38303667912
2026-06-28 11:20:00+00:00,76557.40745433242,72469.37833154805,76384.2888345418,79477.37125055541,74488.90208624308,77662.56165665909,80147.55520749796
2026-06-28 11:25:00+00:00,76612.15973747491,72316.51190313508,76422.50622457472,79507.97674552983,74526.74077030127,77890.3018434217,80283.4388845004
2026-06-28 11:30:00+00:00,76677.11717680182,72169.90648955389,76468.22837867004,79544.77864220354,74571.85699182477,78146.57972848993,80430.18325931535
2026-06-28 11:35:00+00:00,76751.56390093642,72033.91450794866,76521.09481425323,79587.55626322568,74623.83806712728,78423.87501791952,80586.93752357175
2026-06-28 11:40:00+00:00,76834.78403850202,71912.88837546353,76580.74504874978,79636.08893124535,74682.27131252247,78714.66741776624,80752.85086889844
2026-06-28 11:45:00+00:00,76926.06171812196,71811.18050924267,76646.8185995852,79690.1559689117,74746.74404432405,79011.4366340858,80927.07248692439
2026-06-28 11:50:00+00:00,77024.68106841948,71733.14332643025,76718.95498418498,79749.53669887381,74816.84357884576,79306.66237293398,81108.75156927848
2026-06-28 11:55:00+00:00,77129.92621801792,71683.12924417038,76796.79371997461,79814.01044378083,74892.15723240122,79592.82434036651,81297.03730758964
2026-06-28 12:00:00+00:00,77241.08129554056,71665.4906796073,76879.9743243796,79883.35652628186,74972.27232130422,79862.40224243917,81491.07889348676
2026-06-28 12:05:00+00:00,77404.47597590814,71744.64102119619,77028.36828139063,80029.8804403516,75100.34335962604,80134.87803454994,81702.97716270936
2026-06-28 12:10:00+00:00,77658.61847987537,71968.77878579556,77290.8738698351,80312.45337705246,75312.3175880086,80431.26994354192,81942.91444779724
2026-06-28 12:15:00+00:00,77991.06075481659,72317.93408315447,77650.67079939359,80710.70320466509,75596.97141262138,80746.36208263834,82207.16218557983
2026-06-28 12:20:00+00:00,78389.3547481061,72772.13702302205,78090.93877974665,81204.25779147023,75943.08123963387,81074.93856506255,82491.99181288648
2026-06-28 12:25:00+00:00,78841.05240711824,73311.41771514736,78594.85752057485,81772.74500574858,76339.4234752156,81411.7835040378,82793.67476654662
2026-06-28 12:30:00+00:00,79333.70567922734,73915.80626927948,79145.60673155874,82395.79271578083,76774.77452553608,81751.68101278742,83108.48248338961
2026-06-28 12:35:00+00:00,79854.86651180766,74565.33279516749,79726.36612237891,83053.02878984767,77237.91079676477,82089.4152045347,83432.6864002449
2026-06-28 12:40:00+00:00,80392.08685223355,75240.02740256049,80320.3154027159,83724.08109622981,77717.6086950712,82419.77019250297,83762.55795394182
2026-06-28 12:45:00+00:00,80932.91864787934,75919.92020120754,80910.6342822503,84388.57750320793,78202.64462662488,82737.53008991547,84094.3685813098
2026-06-28 12:50:00+00:00,81464.91384611934,76585.04130085775,81480.50247066263,85026.14587906274,78681.79499759528,83037.47900999553,84424.38971917822
2026-06-28 12:55:00+00:00,81975.62439432785,77215.42081126016,82013.09967763348,85616.41409207492,79143.83621415195,83314.40106596643,84748.89280437648
2026-06-28 13:00:00+00:00,82452.6022398792,77791.08884216391,82491.60561284341,86139.01001052519,79577.54468246434,83563.08037105149,85064.14927373397
2026-06-28 13:05:00+00:00,82923.6957875894,78350.48367926554,82943.82144602961,86632.19638175088,80002.8829340138,83783.88816157551,85375.62791037092
2026-06-28 13:10:00+00:00,83420.27540824203,78939.97439343533,83405.84699363828,87142.71363319746,80444.97506617621,83983.65217277646,85690.90504438055
2026-06-28 13:15:00+00:00,83935.17599816261,79551.48727218289,83873.30993541348,87662.90615330783,80900.33983396293,84166.84126624734,86009.41343305176
2026-06-28 13:20:00+00:00,84461.23245367674,80176.94860301778,84341.8379510993,88185.11833052486,81365.49599238537,84337.92430358123,86330.58583367348
2026-06-28 13:25:00+00:00,84991.27967111001,80808.28467344963,84807.05872043985,88701.69455329145,81836.96229645488,84501.37014637112,86653.85500353463
2026-06-28 13:30:00+00:00,85518.15254678797,81437.42177098802,85264.5999231792,89204.97921005047,82311.25750118286,84661.64765621004,86978.65369992409
2026-06-28 13:35:00+00:00,86034.68597703619,82056.28618314255,85710.08923906142,89687.31668924484,82784.90036158069,84823.22569469102,87304.41468013082
2026-06-28 13:40:00+00:00,86533.71485818028,82656.80419742283,86139.15434783061,90141.05137931745,83254.40963265974,84990.57312340707,87630.57070144369
2026-06-28 13:45:00+00:00,87008.07408654576,83230.90210133846,86547.42292923087,90558.52766871115,83716.30406943135,85168.15880395126,87956.55452115164
2026-06-28 13:50:00+00:00,87450.59855845828,83770.506182399,86930.52266300627,90932.08994586888,84167.10242690697,85360.45159791657,88281.79889654358
2026-06-28 13:55:00+00:00,87854.12317024333,84267.54272811409,87284.08122890088,91254.08259923349,84603.32346009793,85571.92036689607,88605.7365849084
2026-06-28 14:00:00+00:00,88211.48281822653,84713.93802599331,87603.72630665879,91516.85001724788,85021.48592401562,85807.03397248275,88927.80034353504
2026-06-28 14:05:00+00:00,88531.92391496357,85118.1477302371,87891.0613491514,91729.36315413835,85420.4381095403,86071.00763631429,89244.98330252805
2026-06-28 14:10:00+00:00,88831.26166115995,85496.43125244598,88153.58976583029,91909.99116044633,85803.49819016154,86364.10637474863,89555.99100975884
2026-06-28 14:15:00+00:00,89112.18413536614,85852.42051622982,88395.78917130973,92065.17571908745,86173.88974480476,86683.37374145929,89862.82484916644
2026-06-28 14:20:00+00:00,89377.3794161325,86189.74744519834,88622.13718020414,92201.35851297731,86534.83635239534,87025.85329011978,90167.48620468998
2026-06-28 14:25:00+00:00,89629.53558200944,86512.04396296137,88837.11140712781,92324.98122503156,86889.56159185867,87388.58857440356,90471.97646026852
2026-06-28 14:30:00+00:00,89871.34071154734,86822.94199312868,89045.1894666951,92442.4855381658,87241.28904212013,87768.62314798417,90778.29699984114
2026-06-28 14:35:00+00:00,90105.48288329663,87126.07345931011,89250.84897352035,92560.31313529563,87593.24228210512,88163.00056453509,91088.44920734699
2026-06-28 14:40:00+00:00,90334.6501758077,87425.07028511536,89458.56754221789,92684.90569933671,87948.644890739,88568.7643777298,91404.43446672508
2026-06-28 14:45:00+00:00,90561.53066763094,87723.56439415432,89672.82278740204,92822.70491320462,88310.72044694719,88982.95814124182,91728.25416191455
2026-06-28 14:50:00+00:00,90788.81243731677,88025.18771003673,89898.09232368716,92980.152459815,88682.69252965505,89402.62540874464,92061.90967685446
2026-06-28 14:55:00+00:00,91019.18356341557,88333.5721563724,90138.85376568761,93163.69002208347,89067.784717788,89824.8097339118,92407.4023954839
2026-06-28 15:00:00+00:00,91255.33212447776,88652.3496567711,90399.58472801774,93379.75928292563,89469.2205902714,90246.55467041672,92766.73370174199
2026-06-28 15:05:00+00:00,91485.70810851274,88984.1311950253,90674.86966598417,93656.88641167835,89891.25262221438,90674.43472334526,93142.44457560004
2026-06-28 15:10:00+00:00,91700.07173169538,89326.6178725549,90956.85876978608,94011.204113812,90333.36416369151,91116.34435058659,93534.4593845793
2026-06-28 15:15:00+00:00,91903.07641482423,89676.07678941086,91246.3782563766,94430.56387644255,90791.62510607642,91571.30703501933,93940.85459394383
2026-06-28 15:20:00+00:00,92099.37557869786,90028.77504564408,91544.25434270885,94902.81718668592,91262.10534074274,92038.34625952212,94359.7066689576
2026-06-28 15:25:00+00:00,92293.62264411482,90380.97974130556,91851.31324573593,95415.81553165808,91740.87475906409,92516.48550697353,94789.09207488461
2026-06-28 15:30:00+00:00,92490.47103187365,90728.95797644621,92168.38118241096,95957.41039847495,92224.00325241406,93004.74826025219,95227.0872769889
2026-06-28 15:35:00+00:00,92694.57416277291,91068.97685111698,92496.28436968707,96515.45327425249,92707.56071216632,93502.1580022367,95671.76874053445
2026-06-28 15:40:00+00:00,92910.5854576112,91397.30346536884,92835.84902451733,97077.79564610666,93187.61702969446,94007.73821580569,96121.21293078526
2026-06-28 15:45:00+00:00,93143.15833718701,91710.20491925268,93187.90136385491,97632.28900115336,93660.24209637211,94520.51238383775,96573.49631300535
2026-06-28 15:50:00+00:00,93396.94622229892,92003.9483128195,93553.26760465288,98166.78482650856,94121.50580357289,95039.50398921147,97026.69535245873
2026-06-28 15:55:00+00:00,93676.60253374549,92274.80074612022,93932.77396386438,98669.13460928823,94567.47804267041,95563.73651480551,97478.88651440939
2026-06-28 16:00:00+00:00,93986.7806923253,92519.02931920579,94327.24665844251,99127.18983660825,94994.22870503832,96092.23344349845,97928.14626412133
2026-06-28 16:05:00+00:00,94366.12758744547,92736.9448625043,94756.61303757248,99553.32519325227,95412.80381472177,96640.22790227739,98377.1615174161
2026-06-28 16:10:00+00:00,94838.82640862494,92934.06903333822,95234.00093571442,99968.92392172669,95834.75863802017,97218.73331868177,98829.78310796952
2026-06-28 16:15:00+00:00,95387.83502682985,93114.48517210007,95750.03729773394,100375.35034573164,96256.9269296884,97820.44362641867,99285.83337782709
2026-06-28 16:20:00+00:00,95996.11131302634,93282.27661918236,96295.34906849661,100773.96878896725,96676.14244448145,98438.05275919517,99745.13466903428
2026-06-28 16:25:00+00:00,96646.61313818058,93441.52671497758,96860.56319286798,101166.14357513371,97089.2389371542,99064.25465071842,100207.50932363655
2026-06-28 16:30:00+00:00,97322.29837325872,93596.31879987825,97436.30661571366,101553.23902793112,97493.05016246156,99691.74323469549,100672.77968367943
2026-06-28 16:35:00+00:00,98006.12488922689,93750.73621427687,98013.20628189924,101936.61947105963,97884.4098751585,100313.21244483345,101140.76809120835
2026-06-28 16:40:00+00:00,98681.05055705129,93908.86229856597,98581.88913629027,102317.6492282194,98260.15182999989,100921.35621483946,101611.29688826884
2026-06-28 16:45:00+00:00,99330.03324769801,94074.78039313805,99132.98212375231,102697.69262311053,98617.1097817407,101508.86847842055,102084.18841690633
2026-06-28 16:50:00+00:00,99936.03083213327,94252.57383838561,99657.112189151,103078.11397943324,98952.11748513584,102068.44316928387,102559.26501916634
2026-06-28 16:55:00+00:00,100482.00118132317,94446.32597470115,100144.90627735184,103460.27762088759,99262.00869494022,102592.77422113651,103036.34903709433
2026-06-28 17:00:00+00:00,100950.90216623388,94660.12014247722,100586.99133322046,103845.5478711738,99543.61716590877,103074.55556768553,103515.26281273579
2026-06-28 17:05:00+00:00,101362.72232165463,94895.38173421781,100998.19935343317,104237.01269240592,99794.16261915702,103525.35243298308,104013.96200706804
2026-06-28 17:10:00+00:00,101750.76820631372,95149.56932403805,101399.27036942169,104635.15411681277,100016.895140786,103961.81086733156,104544.09374020886
2026-06-28 17:15:00+00:00,102117.97472708591,95420.81602474701,101789.69337818472,105037.42757326638,100217.69403302863,104384.24604381346,105096.01754291436
2026-06-28 17:20:00+00:00,102467.27679084598,95707.25494915376,102168.95737672094,105441.28849063891,100402.43859811801,104792.97313551129,105660.09294594069
2026-06-28 17:25:00+00:00,102801.6093044687,96007.0192100674,102536.55136202897,105844.19229780238,100577.00813828717,105188.3073155076,106226.67948004404
2026-06-28 17:30:00+00:00,103123.90717482886,96318.24192029702,102891.96433110753,106243.59442362894,100747.2819557691,105570.56375688488,106786.1366759805
2026-06-28 17:35:00+00:00,103437.1053088012,96639.05619265168,103234.6852809553,106636.95029699068,100919.13935279688,105940.05763272566,107328.8240645062
2026-06-28 17:40:00+00:00,103744.13861326051,96967.59513994047,103564.20320857094,107021.71534675968,101098.45963160349,106297.10411611243,107845.10117637734
2026-06-28 17:45:00+00:00,104047.94199508156,97301.99187497249,103880.00711095313,107395.34500180803,101291.122094422,106642.0183801277,108325.32754235002
2026-06-28 17:50:00+00:00,104351.45036113916,97640.37951055681,104181.58598510055,107755.29469100785,101503.00604348541,106975.11559785405,108759.86269318037
2026-06-28 17:55:00+00:00,104657.598618308,97980.8911595025,104468.42882801188,108099.01984323119,101739.99078102678,107296.71094237392,109139.06615962459
2026-06-28 18:00:00+00:00,104969.32167346291,98321.65993461867,104740.02463668576,108423.97588735019,102007.95560927913,107607.11958676986,109453.29747243878
2026-06-28 18:05:00+00:00,105288.21634801838,98683.61728894564,104997.56715916326,108733.69211633534,102346.05829887146,107911.32201012576,109721.18743235039
2026-06-28 18:10:00+00:00,105612.16133778992,99082.39714341146,105243.33143087062,109033.7937524691,102775.90315020789,108212.85663202884,109969.09629486788
2026-06-28 18:15:00+00:00,105938.51436125375,99508.18631265676,105478.4283798844,109324.8801185914,103277.03926018426,108509.87553631653,110198.97777291894
2026-06-28 18:20:00+00:00,106264.63313688614,99951.17161132222,105703.96893428115,109607.5505375422,103829.01572569636,108800.53080682631,110412.78557943123
2026-06-28 18:25:00+00:00,106587.87538316334,100401.53985404847,105921.06402213738,109882.40433216149,104411.38164363995,109082.9745273956,110612.47342733246
2026-06-28 18:30:00+00:00,106905.59881856159,100849.47785547616,106130.82457152967,110150.04082528916,105003.6861109109,109355.3587818619,110799.99502955028
2026-06-28 18:35:00+00:00,107215.16116155713,101285.17243024593,106334.36151053452,110411.05933976523,105585.47822440493,109615.83565406263,110977.30409901237
2026-06-28 18:40:00+00:00,107513.92013062624,101698.81039299846,106532.78576722853,110666.05919842965,106136.3070810179,109862.55722783528,111146.35434864643
2026-06-28 18:45:00+00:00,107799.23344424515,102080.57855837439,106727.2082696882,110915.63972412233,106635.72177764558,110093.6755870173,111309.09949138013
2026-06-28 18:50:00+00:00,108068.45882089011,102420.66374101433,106918.73994599009,111160.40023968327,107063.27141118376,110307.34281544613,111467.4932401411
2026-06-28 18:55:00+00:00,108318.95397903738,102709.25275555898,107108.49172421076,111400.9400679524,107398.50507852825,110501.71099695923,111623.4893078571
2026-06-28 19:00:00+00:00,108548.07663716319,102936.53241664893,107297.57453242673,111637.8585317697,107620.97187657484,110674.93221539406,111779.04140745573
2026-06-28 19:05:00+00:00,108756.92195644099,103118.16634855568,107484.03754401559,111865.8160726849,107769.83352469273,110830.42637920709,111928.49976954843
2026-06-28 19:10:00+00:00,108950.11035410633,103278.67628632167,107665.57474044373,112080.97433561356,107899.75121495353,110973.90654752418,112066.5122055025
2026-06-28 19:15:00+00:00,109130.28743272887,103421.53621074407,107842.76426192102,112286.18444844443,108013.52325330673,111106.96453018698,112195.4787993794
2026-06-28 19:20:00+00:00,109300.09879487807,103550.22010262005,108016.18424865726,112484.29753906622,108113.94794570179,111231.19213703705,112317.79963524066
2026-06-28 19:25:00+00:00,109462.1900431235,103668.20194274682,108186.41284086228,112678.16473536767,108203.82359808816,111348.18117791608,112435.87479714777
2026-06-28 19:30:00+00:00,109619.20678003471,103778.95571192149,108354.02817874591,112870.63716523747,108285.94851641533,111459.52346266559,112552.10436916223
2026-06-28 19:35:00+00:00,109773.79460818127,103885.9553909413,108519.60840251799,113064.56595656439,108363.12100663272,111566.81080112726,112668.88843534555
2026-06-28 19:40:00+00:00,109928.5991301327,103992.67496060337,108683.73165238838,113262.8022372371,108438.13937468987,111671.63500314266,112788.62707975922
2026-06-28 19:45:00+00:00,110086.26594845855,104102.58840170488,108846.97606856682,113468.19713514438,108513.80192653618,111775.5878785534,112913.72038646473
2026-06-28 19:50:00+00:00,110249.44066572837,104219.16969504305,109009.91979126321,113683.60177817491,108592.90696812113,111880.2612372011,113046.5684395236
2026-06-28 19:55:00+00:00,110420.76888451174,104345.892821415,109173.14096068735,113911.86729421743,108678.25280539422,111987.24688892737,113189.57132299733
2026-06-28 20:00:00+00:00,110602.89620737819,104486.23176161792,109337.21771704909,114155.84481116068,108772.63774430488,112098.13664357383,113345.12912094741
2026-06-28 20:05:00+00:00,110803.25633486877,104637.22516352148,109501.43393154838,114430.62324665308,108869.89030611697,112209.15280261388,113518.45324260682
2026-06-28 20:10:00+00:00,111023.80971758382,104793.40110306104,109664.71280336211,114743.36431243445,108963.04031859369,112316.16823330332,113710.87765116792
2026-06-28 20:15:00+00:00,111258.9920831818,104954.46770313245,109827.09146466546,115085.02832753069,109053.68804743364,112420.2505941573,113918.98626163135
2026-06-28 20:20:00+00:00,111503.23915932118,105120.13308663153,109988.6070476336,115446.57561096764,109143.43375833533,112522.467543691,114139.36298899769
2026-06-28 20:25:00+00:00,111750.9866736604,105290.10537645407,110149.29668444171,115818.96648177119,109233.87771699738,112623.88674041952,114368.59174826754
2026-06-28 20:30:00+00:00,111996.67035385793,105464.09269549591,110309.19750726495,116193.1612589672,109326.62018911829,112725.57584285803,114603.25645444157
2026-06-28 20:35:00+00:00,112234.72592757223,105641.80316665284,110468.34664827852,116560.12026158153,109423.26144039669,112828.60250952172,114839.94102252035
2026-06-28 20:40:00+00:00,112459.58912246175,105822.94491282069,110626.78123965758,116910.80380864,109525.40173653107,112934.03439892572,115075.22936750452
2026-06-28 20:45:00+00:00,112665.69566618495,106007.22605689529,110784.5384135773,117236.17221916855,109634.64134322006,113042.93916958517,115305.70540439467
2026-06-28 20:50:00+00:00,112847.4812864003,106194.35472177241,110941.65530221292,117527.18581219297,109752.58052616217,113156.38448001521,115527.95304819143
2026-06-28 20:55:00+00:00,112999.38171076625,106384.03903034794,111098.16903773954,117774.80490673918,109880.81955105597,113275.43798873105,115738.55621389538
2026-06-28 21:00:00+00:00,113115.83266694123,106575.9871055176,111254.11675233237,117969.98982183302,110020.95868360004,113401.1673542478,115934.09881650718
2026-06-28 21:05:00+00:00,113212.10884696718,106789.23778738882,111420.77378303203,118135.95131617766,110202.78642727864,113542.05293897456,116130.03946535681
2026-06-28 21:10:00+00:00,113306.38480450504,107036.3635689948,111605.28094874386,118300.29797401177,110445.30340395245,113702.62650618117,116340.14864827516
2026-06-28 21:15:00+00:00,113397.44605964192,107307.37305262033,111801.47360444017,118460.58685266455,110733.92805688462,113878.03281567381,116558.47809801402
2026-06-28 21:20:00+00:00,113484.07813246486,107592.27484055012,112003.1871050932,118614.37500946513,111054.07882933826,114063.41662725869,116779.07954732524
2026-06-28 21:25:00+00:00,113565.06654306095,107881.07753506886,112204.25680567519,118759.2195017427,111391.1741645766,114253.92270074201,116996.00472896064
2026-06-28 21:30:00+00:00,113639.19681151726,108163.78973846136,112398.51806115845,118892.67738682641,111730.63250586268,114444.69579592999,117203.30537567205
2026-06-28 21:35:00+00:00,113705.2544579209,108430.42005301228,112579.80622651524,119012.30572204545,112057.87229645974,114630.8806726288,117395.03322021129
2026-06-28 21:40:00+00:00,113762.02500235892,108670.97708100636,112741.95665671784,119115.66156472896,112358.31197963087,114807.62209064468,117565.23999533021
2026-06-28 21:45:00+00:00,113808.29396491838,108875.46942472835,112878.80470673849,119200.3019722061,112617.36999863925,114970.06480978381,117707.97743378063
2026-06-28 21:50:00+00:00,113842.84686568637,109033.90568646295,112984.18573154949,119263.78400180605,112820.46479674798,115113.35358985241,117817.29726831437
2026-06-28 21:55:00+00:00,113864.46922474999,109136.29446849492,113051.93508612309,119303.66471085795,112953.01481722025,115232.63319065666,117887.25123168327
2026-06-28 22:00:00+00:00,113871.94656219629,109172.64437310897,113075.88812543156,119317.501156691,113000.43850331921,115323.04837200278,117911.89105663917
2026-06-28 22:05:00+00:00,113862.80660559642,109152.9822204195,113071.54504101646,119305.54493092987,112992.34308247508,115396.96885036782,117909.82399488607
2026-06-28 22:10:00+00:00,113836.73595850467,109097.40115159047,113058.97017973351,119271.06699573608,112969.00652213163,115469.37659410584,117903.77494691285
2026-06-28 22:15:00+00:00,113795.75845498282,109011.00925048103,113038.84512952618,119216.15346424402,112931.85337557216,115539.33474083857,117893.9721186485
2026-06-28 22:20:00+00:00,113741.89792909268,108898.91460095032,113011.85147833792,119142.89044958806,112882.30819608002,115605.90642818781,117880.64371602211
2026-06-28 22:25:00+00:00,113677.17821489606,108766.22528685746,112978.6708141123,119053.36406490258,112821.79553693856,115668.15479377528,117864.01794496272
2026-06-28 22:30:00+00:00,113603.62314645475,108618.04939206158,112939.98472479272,118949.66042332197,112751.73995143114,115725.14297522274,117844.32301139938
2026-06-28 22:35:00+00:00,113523.25655783054,108459.49500042184,112896.47479832274,118833.86563798058,112673.56599284106,115775.93411015195,117821.78712126115
2026-06-28 22:40:00+00:00,113438.10228308525,108295.67019579733,112848.8226226458,118708.06582201282,112588.69821445167,115819.59133618465,117796.63848047708
2026-06-28 22:45:00+00:00,113350.18415628067,108131.6830620472,112797.7097857054,118574.34708855306,112498.56116954633,115855.17779094259,117769.10529497621
2026-06-28 22:50:00+00:00,113261.52601147858,107972.6416830306,112743.81787544502,118434.7955507357,112404.57941140837,115881.7566120475,117739.41577068758
2026-06-28 22:55:00+00:00,113174.15168274078,107823.65414260663,112687.82847980816,118291.49732169507,112308.17749332113,115898.39093712118,117707.79811354027
2026-06-28 23:00:00+00:00,113090.0850041291,107689.82852463443,112630.42318673829,118146.5385145656,112210.77996856795,115904.14390378534,117674.4805294633
2026-06-28 23:05:00+00:00,113004.07510914451,107558.57010582052,112560.06385393135,117957.8500390916,112096.49508225753,115880.3059718224,117620.02842904841
2026-06-28 23:10:00+00:00,112910.2295856965,107416.29113816484,112467.06711379056,117693.6521387455,111951.88398319326,115812.5436559746,117529.56027376755
2026-06-28 23:15:00+00:00,112809.6099494596,107266.6101684668,112354.89671632026,117371.46492725388,111782.05058020064,115706.48417630348,117410.13384587009
2026-06-28 23:20:00+00:00,112703.27771610826,107113.1457435258,112227.01641152482,117008.80851834328,111592.09878210511,115567.75475287056,117268.8069276054
2026-06-28 23:25:00+00:00,112592.2944013171,106959.51641014121,112086.88994940859,116623.20302574034,111387.13249773212,115401.98260573743,117112.63730122283
2026-06-28 23:30:00+00:00,112477.72152076059,106809.3407151124,111937.98107997599,116232.16856317157,111172.25563590713,115214.79495496556,116948.68274897181
2026-06-28 23:35:00+00:00,112360.62059011322,106666.23720523877,111783.75355323132,115853.22524436355,110952.5721054556,115011.81902061655,116784.00105310167
2026-06-28 23:40:00+00:00,112242.05312504956,106533.82442731968,111627.671119179,115503.89318304288,110733.185815203,114798.68202275189,116625.6499958618
2026-06-28 23:45:00+00:00,112123.08064124406,106415.72092815454,111473.19752782337,115201.69249293611,110519.20067397476,114581.01118143315,116480.68735950158
2026-06-28 23:50:00+00:00,112004.76465437132,106315.54525454273,111323.79652916882,114964.14328776978,110315.72059059635,114364.43371672186,116356.17092627038
2026-06-28 23:55:00+00:00,111888.1666801058,106236.91595328359,111182.93187321967,114808.76568127051,110127.84947389322,114154.57684867956,116259.15847841755
2026-06-29 00:00:00+00:00,111774.34823412202,106183.45157117657,111054.06730998034,114753.07978716485,109960.69123269084,113957.06779736777,116196.7077981925
2026-06-29 00:05:00+00:00,111658.70673869683,106147.77606259755,110932.06671079173,114759.78906352665,109811.3919740102,113757.39675014568,116157.94534515312
2026-06-29 00:10:00+00:00,111537.1519254154,106119.13470445934,110809.8429461109,114778.33823935044,109672.27825767643,113539.8593214995,116126.33016869675
2026-06-29 00:15:00+00:00,111411.51377391482,106096.07802736676,110687.93326461654,114806.35933474381,109541.22467172124,113308.2908721814,116100.41893583185
2026-06-29 00:20:00+00:00,111283.62226383219,106077.15656192452,110566.87491498727,114841.4843698144,109416.10580417629,113066.52676294345,116078.76831356692
2026-06-29 00:25:00+00:00,111155.30737480462,106060.92083873745,110447.20514590175,114881.34536466979,109294.7962430733,112818.40235453781,116059.93496891046
2026-06-29 00:30:00+00:00,111028.39908646919,106045.9213884103,110329.46120603864,114923.57433941757,109175.17057644391,112567.75300771663,116042.47556887091
2026-06-29 00:35:00+00:00,110904.72737846298,106030.70874154783,110214.18034407657,114965.80331416533,109055.10339231984,112318.41408323198,116024.94678045681
2026-06-29 00:40:00+00:00,110786.12223042312,106013.8334287548,110101.89980869417,115005.6643090207,108932.46927873277,112074.22094183603,116005.90527067662
2026-06-29 00:45:00+00:00,110674.41362198668,105993.84598063603,109993.15684857011,115040.7893440913,108805.14282371436,111839.00894428091,115983.9077065388
2026-06-29 00:50:00+00:00,110571.43153279074,105969.29692779625,109888.48871238303,115068.81043948467,108670.99861529631,111616.61345131871,115957.51075505189
2026-06-29 00:55:00+00:00,110479.00594247243,105938.73680084024,109788.43264881156,115087.35961530848,108527.91124151029,111410.86982370158,115925.27108322433
2026-06-29 01:00:00+00:00,110398.96683066883,105900.71613037278,109693.52590653437,115094.06889167026,108373.75529038801,111225.61342218166,115885.74535806463
2026-06-29 01:05:00+00:00,110332.03397325003,105838.74712937252,109607.77305923187,115085.59346814344,108213.141503997,111063.25702259286,115833.76608411182
2026-06-29 01:10:00+00:00,110276.00383749745,105739.59603912111,109532.93353378051,115060.76407054579,108050.86110676087,110920.52683805351,115765.28788527154
2026-06-29 01:15:00+00:00,110228.32144016513,105606.69443267764,109466.17685865295,115020.4760083515,107885.05941024549,110792.72838524236,115680.55060760223
2026-06-29 01:20:00+00:00,110186.43179800708,105443.47388310131,109404.67256232188,114965.62459103481,107713.88172601671,110675.1671808381,115579.79409716229
2026-06-29 01:25:00+00:00,110147.77992777734,105253.36596345123,109345.59017325992,114897.10512806993,107535.47336564038,110563.1487415195,115463.25820001018
2026-06-29 01:30:00+00:00,110109.81084622994,105039.80224678657,109286.09921993977,114815.81292893107,107347.97964068239,110451.97858396528,115331.18276220429
2026-06-29 01:35:00+00:00,110069.96957011892,104806.21430616647,109223.36923083411,114722.64330309244,107149.5458627085,110336.96222485414,115183.80762980304
2026-06-29 01:40:00+00:00,110025.70111619831,104556.03371465005,109154.56973441558,114618.49156002827,106938.31734328465,110213.40518086485,115021.37264886487
2026-06-29 01:45:00+00:00,109974.45050122212,104292.69204529651,109076.87025915684,114504.25300921276,106712.43939397662,110076.61296867613,114844.11766544817
2026-06-29 01:50:00+00:00,109913.6627419444,104019.62087116495,108987.4403335306,114380.82296012012,106470.05732635032,109921.8911049667,114652.28252561136
2026-06-29 01:55:00+00:00,109840.78285511918,103740.25176531456,108883.4494860095,114249.09672222457,106209.31645197158,109744.5451064153,114446.10707541287
2026-06-29 02:00:00+00:00,109753.25585750048,103458.01630080446,108762.0672450662,114109.96960500033,105928.36208240621,109539.88048970065,114225.83116091114
2026-06-29 02:05:00+00:00,109610.52738963193,103142.90811719475,108590.97354430755,113904.63127088749,105593.04251183751,109273.44090093391,113929.85946821547
2026-06-29 02:10:00+00:00,109380.65137300771,102769.0554482863,108345.5538849927,113584.3492759776,105179.60769616194,108922.16228756084,113509.03417333316
2026-06-29 02:15:00+00:00,109073.9852458079,102346.09175849933,108034.53614707288,113165.13577022195,104701.80543951492,108498.43861826208,112982.2513571697
2026-06-29 02:20:00+00:00,108700.88644621245,101883.65051225411,107666.64821049919,112663.0029035719,104173.38354603207,108014.66386171825,112368.40710063052
2026-06-29 02:25:00+00:00,108271.71241240136,101391.3651739709,107250.61795522289,112093.9628259788,103608.08981984887,107483.23198661002,111686.39748462103
2026-06-29 02:30:00+00:00,107796.82058255466,100878.86920806994,106795.17326119509,111474.02768739397,103019.67206510087,106916.53696161798,110955.11859004672
2026-06-29 02:35:00+00:00,107286.56839485234,100355.7960789715,106309.042008367,110819.20963776874,102421.87808592361,106326.9727554228,110193.46649781305
2026-06-29 02:40:00+00:00,106751.31328747435,99831.77925109582,105800.95207668982,110145.52082705447,101828.4556864526,105726.93333670511,109420.33728882541
2026-06-29 02:45:00+00:00,106201.41269860075,99316.45218886317,105279.63134611465,109468.97340520246,101253.15267082339,105128.81267414555,108654.62704398928
2026-06-29 02:50:00+00:00,105647.22406641152,98819.4483566938,104753.80769659275,108805.57952216406,100709.71684317148,104545.00473642476,107915.2318442101
2026-06-29 02:55:00+00:00,105099.10482908667,98350.40121900795,104232.20900807522,108171.3513278906,100211.89600763243,103987.90349222334,107221.04777039331
2026-06-29 03:00:00+00:00,104567.41242480619,97918.94424022592,103723.56316051331,107582.30097233345,99773.43796834176,103469.90291022198,106590.97090344435
2026-06-29 03:05:00+00:00,104016.06133887655,97518.85024451683,103197.70295041293,107013.92228395626,99384.56481120871,102976.44487029867,105999.48249547018
2026-06-29 03:10:00+00:00,103409.4297452612,97135.32654783246,102624.78801985219,106433.11878361226,99022.90429563037,102484.72889440389,105409.55302971322
2026-06-29 03:15:00+00:00,102758.57061512562,96765.15835226694,102014.03651714066,105843.01715983704,98683.3127359741,101994.78541432707,104822.81243378214
2026-06-29 03:20:00+00:00,102074.53691963527,96405.13085991432,101374.66659058775,105246.74410116626,98360.6464466073,101506.64486185751,104240.89063528561
2026-06-29 03:25:00+00:00,101368.38162995559,96052.02927286873,100715.896388503,104647.42629613556,98049.76174189731,101020.33766878459,103665.41756183234
2026-06-29 03:30:00+00:00,100651.15771725205,95702.63879322431,100046.94405919587,104048.19043328053,97745.51493621152,100535.89426689771,103098.02314103094
2026-06-29 03:35:00+00:00,99933.91815269012,95353.74462307511,99377.02775097587,103452.16320113683,97442.76234391727,100053.34508798619,102540.33730049014
2026-06-29 03:40:00+00:00,99227.71590743524,95002.13196451525,98715.36561215247,102862.47128824008,97136.36027938196,99572.72056383941,101993.98996781856
2026-06-29 03:45:00+00:00,98543.60395265289,94644.58601963887,98071.17579103517,102282.24138312592,96821.16505697294,99094.05112624673,101460.61107062493
2026-06-29 03:50:00+00:00,97892.63525950855,94277.89199054004,97453.67643593345,101714.60017432997,96492.03299105758,98617.36720699753,100941.8305365179
2026-06-29 03:55:00+00:00,97285.86279916763,93898.83507931286,96872.08569515681,101162.67435038785,96143.82039600324,98142.69923788116,100439.27829310612
2026-06-29 04:00:00+00:00,96734.33954279563,93504.20048805147,96335.62171701471,100629.59059983518,95771.38358617731,97670.07765068697,99954.5842679983
2026-06-29 04:05:00+00:00,96224.80462151486,93090.31811555695,95831.7075491934,100111.19733206453,95371.73114303719,97196.27853622992,99488.22608970816
2026-06-29 04:10:00+00:00,95735.40574073682,92658.12835010215,95341.359054624,99601.1346381849,94947.9698394838,96719.20027141659,99038.14793631317
2026-06-29 04:15:00+00:00,95264.30873306064,92211.33212798882,94864.18360448343,99099.21672930675,94504.10327704978,96240.55671717388,98602.1795597677
2026-06-29 04:20:00+00:00,94809.67943108545,91753.63038551867,94399.78856994858,98605.25781654044,94044.13505726769,95762.0617344287,98178.15071202611
2026-06-29 04:25:00+00:00,94369.6836674104,91288.72405899348,93947.78132219637,98119.0721109964,93572.06878167021,95285.42918410792,97763.89114504275
2026-06-29 04:30:00+00:00,93942.48727463467,90820.3140847149,93507.76923240369,97640.47382378505,93091.90805178994,94812.37292713847,97357.23061077196
2026-06-29 04:35:00+00:00,93526.25608535735,90352.10139898474,93079.35967174744,97169.27716601678,92607.6564691595,94344.60682444718,96955.99886116812
2026-06-29 04:40:00+00:00,93119.15593217764,89887.78693810472,92662.16001140454,96705.29634880202,92123.3176353115,93883.84473696101,96558.02564818556
2026-06-29 04:45:00+00:00,92719.35264769466,89431.07163837651,92255.77762255186,96248.34558325114,91642.89515177855,93431.80052560681,96161.14072377863
2026-06-29 04:50:00+00:00,92325.01206450755,88985.65643610193,91859.81987636632,95798.23908047458,91170.39262009328,92990.1880513115,95763.1738399017
2026-06-29 04:55:00+00:00,91934.30001521544,88555.24226758265,91473.89414402483,95354.79105158275,90709.81364178832,92560.72117500198,95361.95474850912
2026-06-29 05:00:00+00:00,91545.38233241753,88143.53006912042,91097.6077967043,94917.81570768605,90265.16181839629,92145.1137576051,94955.31320155524
2026-06-29 05:05:00+00:00,91148.16918734055,87734.06251407482,90724.87241288768,94477.81874867204,89818.81321809953,91734.35803527587,94535.51314342348
2026-06-29 05:10:00+00:00,90737.99673604484,87312.07345294958,90351.73269166931,94028.75292678739,89355.11566862855,91320.52871412145,94099.99306596493
2026-06-29 05:15:00+00:00,90321.16978837988,86883.80058776276,89980.99568514324,93575.60303168112,88881.03041083831,90906.963359997,93654.34454233553
2026-06-29 05:20:00+00:00,89903.99315419515,86455.48162053231,89615.46844540341,93123.3538530023,88403.51868558361,90496.99953875771,93204.15914569114
2026-06-29 05:25:00+00:00,89492.77164334014,86033.35425327628,89257.95802454386,92676.99018039995,87929.54173371935,90093.97481625873,92755.02844918765
2026-06-29 05:30:00+00:00,89093.8100656643,85623.65618801267,88911.27147465853,92241.49680352311,87466.06079610046,89701.22675835527,92312.54402598095
2026-06-29 05:35:00+00:00,88713.41323101717,85232.62512675949,88578.21584784145,91821.85851202086,87020.03711358178,89322.09293090247,91882.29744922694
2026-06-29 05:40:00+00:00,88357.88594924819,84866.49877153474,88261.59819618659,91423.0600955422,86598.4319270182,88959.9108997555,91469.88029208152
2026-06-29 05:45:00+00:00,88033.53303020685,84531.51482435645,87964.22557178796,91050.08634373618,86208.20647726461,88618.01823076955,91080.88412770056
2026-06-29 05:50:00+00:00,87746.65928374261,84233.9109872426,87688.90502673955,90707.92204625186,85856.3220051759,88299.7524897998,90720.90052923994
2026-06-29 05:55:00+00:00,87503.56951970501,83979.92496221124,87438.44361313534,90401.55199273827,85549.7397516069,88008.45124270141,90395.52106985559
2026-06-29 06:00:00+00:00,87310.56854794349,83775.79445128035,87215.64838306932,90135.96097284445,85295.42095741257,87747.45205532954,90110.33732270336
2026-06-29 06:05:00+00:00,87155.07141937112,83607.27054789955,87012.83255802092,89898.90128368913,85076.93290064254,87506.39597250891,89851.7027561114
2026-06-29 06:10:00+00:00,87018.26454271268,83454.6394771571,86820.20143944629,89674.51179833911,84872.65803520949,87273.21023625886,89602.63438452916
2026-06-29 06:15:00+00:00,86897.10976453515,83315.94163852907,86637.40019940466,89462.35717036566,84681.78036576274,87048.66170822672,89363.71910029472
2026-06-29 06:20:00+00:00,86788.56893140556,83189.21743149147,86464.07400995518,89262.00205334001,84503.48389695164,86833.51725005968,89135.54379574604
2026-06-29 06:25:00+00:00,86689.60388989086,83072.50725552032,86299.868043157,89073.01110083335,84336.95263342552,86628.543723405,88918.69536322114
2026-06-29 06:30:00+00:00,86597.17648655809,82963.85151009163,86144.42747106933,88894.94896641692,84181.37057983376,86434.50798990997,88713.76069505801
2026-06-29 06:35:00+00:00,86508.24856797421,82861.29059468147,85997.39746575132,88727.38030366194,84035.92174082565,86252.17691122183,88521.32668359466
2026-06-29 06:40:00+00:00,86419.78198070626,82762.86490876583,85858.42319926214,88569.86976613963,83899.79012105057,86082.31734898781,88341.98022116905
2026-06-29 06:45:00+00:00,86328.7385713212,82666.61485182076,85727.149843661,88421.98200742123,83772.15972515784,85925.69616485515,88176.30820011927
2026-06-29 06:50:00+00:00,86232.08018638607,82570.58082332228,85603.22257100703,88283.28168107795,83652.2145577968,85783.08022047117,88024.89751278325
2026-06-29 06:55:00+00:00,86126.76867246782,82472.8032227464,85486.28655335942,88153.33344068102,83539.13862361679,85655.23637748306,87888.33505149902
2026-06-29 07:00:00+00:00,86009.76587613349,82371.32244956917,85375.98696277736,88031.70193980166,83432.11592726716,85542.93149753808,87767.20770860456
2026-06-29 07:05:00+00:00,85880.52740486803,82265.21061664242,85269.33812255383,87916.14677429682,83325.97040894986,85438.11806522465,87655.87233678259
2026-06-29 07:10:00+00:00,85741.86529710043,82155.93561217753,85164.17860156021,87804.8504076052,83217.53399296594,85333.38524054688,87548.62638088399
2026-06-29 07:15:00+00:00,85595.77604581368,82045.13149868984,85061.3899402233,87698.01179467056,83109.0026601135,85230.45489827551,87445.9676214991
2026-06-29 07:20:00+00:00,85444.25614399073,81934.43233869463,84961.85367896983,87595.82989043667,83002.57239119058,85131.04891318131,87348.39383921829
2026-06-29 07:25:00+00:00,85289.30208461461,81825.47219470724,84866.4513582266,87498.5036498473,82900.43916699526,85036.8891600351,87256.40281463186
2026-06-29 07:30:00+00:00,85132.9103606683,81719.88512924299,84776.06451842036,87406.23202784626,82804.7989683256,84949.69751360764,87170.49232833018
2026-06-29 07:35:00+00:00,84977.0774651348,81619.30520481718,84691.57469997791,87319.2139793773,82717.84777597967,84871.19584866968,87091.16016090356
2026-06-29 07:40:00+00:00,84823.79989099708,81525.36648394515,84613.86344332597,87237.64845938422,82641.78157075551,84803.10603999204,87018.90409294235
2026-06-29 07:45:00+00:00,84675.07413123811,81439.70302914223,84543.81228889135,87161.73442281077,82578.79633345119,84747.14996234549,86954.22190503689
2026-06-29 07:50:00+00:00,84532.89667884096,81363.9489029237,84482.3027771008,87091.67082460075,82531.08804486481,84705.0494905008,86897.61137777752
2026-06-29 07:55:00+00:00,84399.26402678853,81299.73816780491,84430.21644838109,87027.65661969794,82500.8526857944,84678.52649922874,86849.57029175457
2026-06-29 08:00:00+00:00,84276.17266806384,81248.70488630116,84388.434843159,86969.89076304612,82490.28623703802,84669.30286330011,86810.59642755838
2026-06-29 08:05:00+00:00,84154.46603256334,81205.04541202402,84352.3981690915,86914.7164588552,82490.91958447694,84669.54365982652,86776.64215752431
2026-06-29 08:10:00+00:00,84025.87605800675,81162.24055139102,84317.2448819269,86859.02025435011,82492.80198471413,84670.26373552924,86743.58871568408
2026-06-29 08:15:00+00:00,83893.73199911191,81120.85104612657,84283.40389422904,86803.81611899726,82495.90697463012,84671.45961959347,86711.82717517256
2026-06-29 08:20:00+00:00,83761.36311059678,81081.43763795495,84251.30411856175,86750.11802226296,82500.20809110552,84673.12784120446,86681.74860912468
2026-06-29 08:25:00+00:00,83632.09864717917,81044.5610686006,84221.37446748884,86698.93993361361,82505.67887102092,84675.26492954738,86653.74409067526
2026-06-29 08:30:00+00:00,83509.26786357701,81010.7820797878,84194.04385357411,86651.29582251555,82512.29285125685,84677.86741380749,86628.20469295925
2026-06-29 08:35:00+00:00,83396.20001450814,80980.66141324092,84169.74118938144,86608.19965843511,82520.02356869393,84680.93182316997,86605.52148911152
2026-06-29 08:40:00+00:00,83296.2243546905,80954.75981068432,84148.89538747462,86570.6654108387,82528.84456021273,84684.45468682006,86586.08555226694
2026-06-29 08:45:00+00:00,83212.67013884193,80933.63801384234,84131.93536041748,86539.70704919263,82538.72936269382,84688.43253394298,86570.28795556044
2026-06-29 08:50:00+00:00,83148.86662168034,80917.85676443936,84119.29002077384,86516.33854296329,82549.65151301777,84692.86189372394,86558.5197721269
2026-06-29 08:55:00+00:00,83108.1430579236,80907.97680419973,84111.38828110752,86501.57386161704,82561.58454806518,84697.73929534813,86551.17207510117
2026-06-29 09:00:00+00:00,83093.8287022896,80904.55887484776,84108.65905398234,86496.42697462019,82574.5020047166,84703.0612680008,86548.63593761818
2026-06-29 09:05:00+00:00,83100.33531757198,80905.7398037697,84113.8763761731,86503.87016348739,82607.22314813297,84735.33347146389,86580.30445120795
2026-06-29 09:10:00+00:00,83119.41148882435,80909.25691232768,84129.19322356032,86525.65057758511,82675.64046517052,84816.84902507746,86670.4088234191
2026-06-29 09:15:00+00:00,83150.3917041545,80915.07168320978,84154.10691736641,86560.94448815756,82775.33732525277,84941.2856473638,86811.5973014144
2026-06-29 09:20:00+00:00,83192.61045167022,80923.14559910423,84188.11477881383,86608.92816644892,82901.89709780327,85102.3210568452,86996.51813235655
2026-06-29 09:25:00+00:00,83245.40221947934,80933.44014269914,84230.71412912497,86668.7778837034,83050.90315224556,85293.63297204407,87217.81956340838
2026-06-29 09:30:00+00:00,83308.10149568964,80945.9167966827,84281.40228952226,86739.66991116517,83217.9388580032,85508.89911148265,87468.14984173261
2026-06-29 09:35:00+00:00,83380.04276840892,80960.53704374301,84339.67658122811,86820.78052007844,83398.58758449968,85741.79719368329,87740.15721449198
2026-06-29 09:40:00+00:00,83460.56052574502,80977.26236656828,84405.03432546496,86911.2859816874,83588.43270115856,85986.00493716831,88026.48992884927
2026-06-29 09:45:00+00:00,83548.98925580569,80996.05424784662,84476.97284345521,87010.36256723624,83783.05757740338,86235.20006046002,88319.79623196722
2026-06-29 09:50:00+00:00,83644.66344669876,81016.87417026621,84554.98945642129,87117.18654796916,83978.0455826577,86483.06028208077,88612.7243710086
2026-06-29 09:55:00+00:00,83746.91758653204,81039.68361651523,84638.58148558562,87230.93419513038,84168.98008634502,86723.26332055284,88897.92259313616
2026-06-29 10:00:00+00:00,83855.0861634133,81064.44406928179,84727.24625217063,87350.78177996403,84351.44445788891,86949.4868943986,89168.03914551264
2026-06-29 10:05:00+00:00,84022.80494644378,81144.80889185365,84867.08009808575,87524.78848413775,84529.63158057246,87169.28380774196,89433.70839030697
2026-06-29 10:10:00+00:00,84293.48072197114,81325.04283220672,85095.79739997745,87792.54375450444,84711.44526638702,87394.70248580562,89710.31909535135
2026-06-29 10:15:00+00:00,84651.10450397297,81591.02445006138,85400.32253117378,88140.51926008628,84898.03527781852,87626.1640787602,89997.65111630355
2026-06-29 10:20:00+00:00,85079.66730642678,81928.632305138,85767.57986500277,88555.18666990548,85090.55137735292,87864.08973677616,90295.4843088213
2026-06-29 10:25:00+00:00,85563.16014331013,82323.744957157,86184.49377479243,89023.01765298427,85290.14332747615,88108.90061002407,90603.59852856229
2026-06-29 10:30:00+00:00,86085.57402860062,82762.24096583872,86637.98863387079,89530.48387834479,85497.96089067412,88361.01784867441,90921.77363118429
2026-06-29 10:35:00+00:00,86630.89997627576,83229.99889090357,87114.98881556587,90064.05701500927,85715.15382943279,88620.86260289773,91249.789472345
2026-06-29 10:40:00+00:00,87183.12900031311,83712.89729207197,87602.41869320569,90610.20873199987,85942.87190623807,88888.85602286457,91587.42590770221
2026-06-29 10:45:00+00:00,87726.25211469026,84196.81472906422,88087.20264011828,91155.41069833883,86182.26488357592,89165.41925874543,91934.4627929136
2026-06-29 10:50:00+00:00,88244.26033338471,84667.62976160077,88556.26502963167,91686.13458304835,86434.48252393225,89450.97346071084,92290.67998363695
2026-06-29 10:55:00+00:00,88721.14467037402,85111.22094940198,88996.53023507388,92188.8520551506,86700.67458979304,89745.93977893135,92655.85733552997
2026-06-29 11:00:00+00:00,89140.89613963578,85513.46685218824,89394.92262977292,92650.03478366775,86981.99084364416,90050.73936357746,93029.77470425038
2026-06-29 11:05:00+00:00,89519.11091677354,85895.98633275545,89765.26321713174,93087.06814490016,87295.44590700099,90368.99461184,93418.73613398705
2026-06-29 11:10:00+00:00,89883.54357787935,86287.94827031862,90130.64923079513,93525.77813920962,87652.60670110487,90703.3252682189,93827.719888518
2026-06-29 11:15:00+00:00,90236.42273766345,86686.55624922679,90491.91938945382,93965.29737171053,88046.45143803075,91052.64850384842,94254.51715288464
2026-06-29 11:20:00+00:00,90579.97701083608,87089.01385382902,90849.91241179858,94404.75844751741,88469.95832985356,91415.88148986283,94696.9191121284
2026-06-29 11:25:00+00:00,90916.43501210744,87492.52466847432,91205.46701652024,94843.29397174467,88916.10558864828,91791.94139739634,95152.71695129071
2026-06-29 11:30:00+00:00,91248.02535618778,87894.29227751175,91559.42192230954,95280.03654950674,89377.87142648983,92179.74539758323,95619.70185541303
2026-06-29 11:35:00+00:00,91576.97665778735,88291.52026529034,91912.61584785722,95714.11878591808,89848.23405545315,92578.21066155772,96095.66500953678
2026-06-29 11:40:00+00:00,91905.51753161637,88681.41221615915,92265.8875118541,96144.67328609312,90320.17168761321,92986.25436045411,96578.39759870339
2026-06-29 11:45:00+00:00,92235.87659238509,89061.17171446721,92620.07563299095,96570.83265514633,90786.66253504495,93402.79366540661,97065.69080795429
2026-06-29 11:50:00+00:00,92570.28245480372,89428.00234456357,92976.0189299585,96991.72949819214,91240.6848098233,93826.74574754949,97555.3358223309
2026-06-29 11:55:00+00:00,92910.9637335825,89779.10769079729,93334.55612144756,97406.49642034499,91675.21672402324,94257.02777801697,98045.12382687468
2026-06-29 12:00:00+00:00,93260.14904343167,90111.69133751738,93696.52592614891,97814.26602671936,92083.23648971968,94692.55692794334,98532.84600662705
2026-06-29 12:05:00+00:00,93621.12182215389,90421.99338369083,94067.45143121903,98214.60747651239,92467.98068289192,95156.83978381907,99036.29279245321
2026-06-29 12:10:00+00:00,93993.56201535008,90711.17632705647,94449.9375543129,98608.28512756532,92839.31047132866,95666.48523828757,99569.30021934993
2026-06-29 12:15:00+00:00,94374.29299942782,90983.82735012106,94840.44575986902,98996.22438295871,93200.140954819,96210.0639217126,100123.72787855593
2026-06-29 12:20:00+00:00,94760.13815079475,91244.53363539143,95235.43751232587,99379.35064577305,93553.38723315203,96776.14646445785,100691.43536131
2026-06-29 12:25:00+00:00,95147.92084585846,91497.88236537432,95631.37427612192,99758.58931908887,93901.96440611682,97353.303496887,101264.28225885083
2026-06-29 12:30:00+00:00,95534.46446102657,91748.4607225765,96024.71751569568,100134.86580598674,94248.78757350252,97930.10564936377,101834.12816241723
2026-06-29 12:35:00+00:00,95916.59237270665,92000.8558895048,96411.92869548562,100509.10550954717,94596.77183509814,98495.12355225184,102392.8326632479
2026-06-29 12:40:00+00:00,96291.12795730631,92259.65504866598,96789.46927993023,100882.23383285066,94948.83229069284,99036.92783591493,102932.2553525816
2026-06-29 12:45:00+00:00,96654.89459123318,92529.44538256683,97153.800733468,101255.17617897775,95307.8840400757,99544.08913071673,103444.25582165709
2026-06-29 12:50:00+00:00,97004.71565089485,92814.81407371415,97501.38452053742,101628.857951009,95676.84218303578,100005.17806702093,103920.69366171311
2026-06-29 12:55:00+00:00,97337.41451269892,93120.34830461469,97828.68210557697,102004.20455202491,96058.6218193622,100408.76527519128,104353.4284639884
2026-06-29 13:00:00+00:00,97649.814553053,93450.63525777526,98132.15495302512,102382.14138510599,96456.13804884406,100743.42138559143,104734.31981972171
2026-06-29 13:05:00+00:00,97937.8528262533,93823.17904463808,98408.05913512666,102754.96763803963,96876.0308974131,101019.0796591402,105065.5011459684
2026-06-29 13:10:00+00:00,98202.99708871281,94245.35598495037,98658.720433042,103116.77346099667,97319.67644452144,101258.20680650916,105359.61859740282
2026-06-29 13:15:00+00:00,98450.3667700145,94706.56157367631,98889.70487458298,103471.17070063288,97782.09387023863,101468.17363269103,105624.30087169219
2026-06-29 13:20:00+00:00,98685.08129974124,95196.19130578017,99106.57848756152,103821.77120360406,98258.30235463426,101656.3509426786,105867.17666650374
2026-06-29 13:25:00+00:00,98912.26010747597,95703.64067622616,99314.90729978948,104172.18681656597,98743.32107777789,101830.10954146466,106095.87467950469
2026-06-29 13:30:00+00:00,99137.02262280155,96218.30517997849,99520.25733907876,104526.02938617438,99232.16921973912,101996.82023404192,106318.02360836227
2026-06-29 13:35:00+00:00,99364.4882753009,96729.5803120014,99728.19463324122,104886.91075908506,99719.86596058753,102163.85382540322,106541.25215074372
2026-06-29 13:40:00+00:00,99599.77649455694,97226.86156725911,99944.28521008878,105258.4427819538,100201.4304803927,102338.5811205413,106773.18900431626
2026-06-29 13:45:00+00:00,99848.00671015253,97699.54444071582,100174.09509743331,105644.23730143638,100671.88195922418,102528.37292444891,107021.4628667471
2026-06-29 13:50:00+00:00,100114.29835167063,98137.02442733578,100423.19032308667,106047.90616418858,101126.23957715156,102740.60004211884,107293.70243570347
2026-06-29 13:55:00+00:00,100403.77084869411,98528.69702208322,100697.13691486079,106473.06121686615,101559.52251424443,102982.63327854386,107597.53640885261
2026-06-29 14:00:00+00:00,100721.54363080589,98863.95771992233,101001.50090056751,106923.3143061249,101966.74995057235,103261.84343871674,107940.59348386175
2026-06-29 14:05:00+00:00,101074.87881217276,99147.81669562,101344.63315566325,107414.0537541734,102344.63052313004,103598.06481445715,108348.63973404867
2026-06-29 14:10:00+00:00,101464.86221649525,99397.2358612999,101728.39491456264,107952.64743143383,102697.01572099797,104000.02242855064,108833.19182166674
2026-06-29 14:15:00+00:00,101887.3488376569,99619.53831796128,102148.61774351493,108530.67650688242,103029.63900237429,104458.42318243872,109380.50432778658
2026-06-29 14:20:00+00:00,102338.19366954114,99822.04716660353,102601.13320876939,109139.72214949531,103348.23382545724,104963.97397756288,109976.83183347885
2026-06-29 14:25:00+00:00,102813.25170603153,100012.08550822595,103081.77287657524,109771.36552824875,103658.53364844495,105507.38171536464,110608.42891981416
2026-06-29 14:30:00+00:00,103308.37794101157,100196.97644382788,103586.36831318178,110417.18781211888,103966.27192953565,106079.3532972855,111261.55016786314
2026-06-29 14:35:00+00:00,103819.42736836473,100384.04307440865,104110.75108483822,111068.77017008189,104277.18212692754,106670.595624767,111922.45015869643
2026-06-29 14:40:00+00:00,104342.25498197452,100580.60850096759,104650.75275779385,111717.693771114,104596.99769881878,107271.8155992506,112577.38347338466
2026-06-29 14:45:00+00:00,104872.71577572444,100793.99582450402,105202.20489829789,112355.53978419141,104931.45210340759,107873.7201221779,113212.60469299846
2026-06-29 14:50:00+00:00,105406.66474349801,101031.52814601728,105760.93907259962,112973.88937829027,105286.27879889213,108467.01609499034,113814.36839860844
2026-06-29 14:55:00+00:00,105939.95687917869,101300.5285665067,106322.78684694826,113564.32372238679,105667.21124347059,109042.41041912945,114368.92917128524
2026-06-29 15:00:00+00:00,106468.44717665,101608.3201869716,106883.5797875931,114118.42398545716,106079.9828953412,109590.60999603673,114862.54159209951
2026-06-29 15:05:00+00:00,107000.30714920447,101978.92498140763,107461.91863880809,114641.78025086212,106539.49161659548,110127.989334785,115307.48142586662
2026-06-29 15:10:00+00:00,107545.55219163807,102424.47313465412,108074.86635143828,115147.53599671039,107050.79718428853,110675.1084570317,115727.77517716521
2026-06-29 15:15:00+00:00,108102.80312008945,102934.45006397596,108715.9478015894,115638.60248410003,107604.87592906397,111228.9525330953,116127.30353671081
2026-06-29 15:20:00+00:00,108670.68075069734,103498.34118663808,109378.68786536735,116117.89097412922,108192.70418156536,111786.50673329431,116509.947195219
2026-06-29 15:25:00+00:00,109247.8058996004,104105.63191990533,110056.61141887789,116588.31272789605,108805.2582724363,112344.7562279472,116879.58684340527
2026-06-29 15:30:00+00:00,109832.79938293736,104745.80768104263,110743.24333822685,117052.77900649862,109433.51453232033,112900.68618737246,117240.10317198519
2026-06-29 15:35:00+00:00,110424.28201684685,105408.35388731484,111432.10849952002,117514.20107103507,110068.44929186106,113451.28178188854,117595.37687167429
2026-06-29 15:40:00+00:00,111020.87461746762,106082.75595598687,112116.73177886322,117975.49018260352,110701.03888170204,113993.52818181398,117949.2886331881
2026-06-29 15:45:00+00:00,111621.19800093831,106758.4993043236,112790.63805236226,118439.55760230208,111322.2596324869,114524.41055746721,118305.71914724215
2026-06-29 15:50:00+00:00,112223.87298339764,107425.06934958995,113447.35219612297,118909.31459122886,111923.08787485918,115040.91407916673,118668.54910455205
2026-06-29 15:55:00+00:00,112827.5203809843,108071.95150905078,114080.39908625111,119387.672410482,112494.49993946246,115540.02391723105,119041.65919583321
2026-06-29 16:00:00+00:00,113430.76100983695,108688.631199971,114683.30359885255,119877.5423211596,113027.47215694032,116018.72524197862,119428.9301118013
2026-06-29 16:05:00+00:00,114043.72324680134,109298.55186200523,115263.66197427208,120379.96756638396,113529.56755041757,116471.69232248564,119826.42011427904
2026-06-29 16:10:00+00:00,114674.41142875905,109928.10924606513,115833.72278586557,120892.47246140307,114015.87870041159,116899.29156404409,120227.4252225504
2026-06-29 16:15:00+00:00,115318.2603119025,110571.21723630122,116393.98940925545,121412.6898755036,114488.67627365484,117307.0463412963,120631.68276352262
2026-06-29 16:20:00+00:00,115970.70465242415,111221.789716864,116944.9652200641,121938.2526779722,114950.23093687983,117700.48002888453,121038.93006410297
2026-06-29 16:25:00+00:00,116627.17920651643,111873.74057190397,117487.15359391394,122466.79373809556,115402.81335681898,118085.11600145104,121448.90445119867
2026-06-29 16:30:00+00:00,117283.1187303718,112520.9836855716,118021.05790642738,122995.94592516031,115848.69420020486,118466.4776336381,121861.34325171699
2026-06-29 16:35:00+00:00,117933.9579801827,113157.43294201745,118547.18153322679,123523.34210845316,116290.14413376985,118850.08830008801,122275.98379256517
2026-06-29 16:40:00+00:00,118575.13171214156,113777.00222539195,119066.0278499346,124046.61515726078,116729.43382424649,119241.47137544304,122692.56340065043
2026-06-29 16:45:00+00:00,119202.07468244081,114373.60541984561,119578.10023217322,124563.3979408698,117168.83393836721,119646.15023434546,123110.81940288006
2026-06-29 16:50:00+00:00,119810.22164727295,114941.15640952897,120083.902055565,125071.32332856691,117610.61514286452,120069.64825143757,123530.4891261613
2026-06-29 16:55:00+00:00,120395.00736283037,115473.5690785925,120583.93669573242,125568.0241896388,118057.04810447089,120517.48880136161,123951.30989740136
2026-06-29 17:00:00+00:00,120951.86658530551,115964.7573111867,121078.70752829783,126051.1333933721,118510.40348991877,120995.19525875986,124373.01904350752
2026-06-29 17:05:00+00:00,121489.80652171945,116422.1776884494,121564.65389632825,126522.25340649998,118976.40898259831,121523.24830359058,124795.13522594328
2026-06-29 17:10:00+00:00,122020.15974794839,116858.76116330044,122039.13533059595,126985.15237774959,119456.23243926848,122109.80716772235,125217.65394539689
2026-06-29 17:15:00+00:00,122541.84907346747,117276.63317756342,122504.03548828136,127440.71169939873,119945.304786715,122741.91305366301,125641.02778761285
2026-06-29 17:20:00+00:00,123053.79730775184,117677.91917306186,122961.23802656482,127889.81276372513,120439.05695172364,123406.6071639204,126065.7093383356
2026-06-29 17:25:00+00:00,123554.92726027663,118064.74459161932,123412.62660262674,128333.33696300653,120932.91986108014,124090.93070100233,126492.15118330956
2026-06-29 17:30:00+00:00,124044.16174051703,118439.23487505935,123860.08487364746,128772.1656895207,121422.32444157024,124781.92486741663,126920.80590827919
2026-06-29 17:35:00+00:00,124520.42355794819,118803.51546520554,124305.49649680739,129207.18033554542,121902.70161997966,125466.63086567115,127352.12609898896
2026-06-29 17:40:00+00:00,124982.63552204521,119159.7118038814,124750.74512928691,129639.26229335839,122369.48232309415,126132.08989827373,127786.56434118329
2026-06-29 17:45:00+00:00,125429.72044228329,119509.9493329105,125197.71442826636,130069.29295523738,122818.09747769947,126765.34316773215,128224.57322060665
2026-06-29 17:50:00+00:00,125860.60112813757,119856.35349411641,125648.28805092617,130498.1537134602,123243.97801058136,127353.43187655428,128666.60532300347
2026-06-29 17:55:00+00:00,126274.2003890832,120201.04972932265,126104.34965444669,130926.72596030452,123642.55484852557,127883.39722724796,129113.11323411822
2026-06-29 18:00:00+00:00,126669.44103459532,120546.16348035281,126567.7828960083,131355.89108804814,124009.2589183178,128342.28042232098,129564.54953969535
2026-06-29 18:05:00+00:00,127045.66871511369,120894.52419435876,127056.88464713663,131799.13985332852,124347.80552797041,128744.18406671668,130033.6403650794
2026-06-29 18:10:00+00:00,127404.52232016808,121245.79930710503,127581.25792080692,132264.1159695189,124666.81268208334,129115.02888726724,130528.05807146
2026-06-29 18:15:00+00:00,127748.36451786873,121597.37124333427,128129.74558637403,132742.93026400052,124969.06535232367,129459.5832693138,131040.67459834929
2026-06-29 18:20:00+00:00,128079.55797632586,121946.6224277891,128691.19051319276,133227.6935641547,125257.3485103586,129782.61559819755,131564.36188525934
2026-06-29 18:25:00+00:00,128400.46536364964,122290.93528521214,129254.43557061798,133710.51669736282,125534.44712785527,130088.89425925961,132091.9918717022
2026-06-29 18:30:00+00:00,128713.44934795034,122627.69224034598,129808.32362800447,134183.51049100616,125803.14617648079,130383.18763784118,132616.43649719004
2026-06-29 18:35:00+00:00,129020.87259733817,122954.27571793323,130341.6975547071,134638.78577246598,126066.23062790232,130670.26411928343,133130.56770123495
2026-06-29 18:40:00+00:00,129325.09777992332,123268.06814271655,130843.40022008072,135068.45336912366,126326.485453787,130954.89208892746,133627.25742334904
2026-06-29 18:45:00+00:00,129628.48756381602,123566.4519394385,131302.2744934801,135464.62410836053,126586.69562580198,131241.83993211447,134099.37760304433
2026-06-29 18:50:00+00:00,129933.40461712649,123846.80953284174,131707.16324426015,135819.40881755785,126849.6461156144,131535.87603418564,134539.800179833
2026-06-29 18:55:00+00:00,130242.21160796497,124106.52334766887,132046.9093417756,136124.91832409694,127118.1218948914,131841.7687804821,134941.39709322707
2026-06-29 19:00:00+00:00,130557.27120444164,124342.97580866252,132310.35565538137,136373.26345535915,127394.90793530013,132164.28655634503,135297.04028273872
2026-06-29 19:05:00+00:00,130884.41435287539,124554.21975302261,132518.75576716888,136576.39778572746,127676.44950006217,132518.6839001865,135619.86868335155
2026-06-29 19:10:00+00:00,131224.7788275537,124743.13862229532,132703.2472246386,136754.48880009362,127957.44634845034,132909.5049223641,135928.12641134454
2026-06-29 19:15:00+00:00,131573.6875385396,124914.36074774247,132867.49884525867,136911.9681916021,128238.06519620871,133325.45236613738,136222.3431781728
2026-06-29 19:20:00+00:00,131926.4633958962,125072.51446062596,133015.1794464975,137053.26765339734,128518.47275908127,133755.22897476572,136503.04869529142
2026-06-29 19:25:00+00:00,132278.4293096865,125222.22809220763,133149.9578458232,137182.81887862374,128798.83575281203,134187.53749150853,136770.77267415557
2026-06-29 19:30:00+00:00,132624.90818997362,125368.12997374937,133275.50286070417,137305.05356042582,129079.32089314504,134611.08065962532,137026.04482622037
2026-06-29 19:35:00+00:00,132961.2229468206,125514.84843651304,133395.48330860864,137424.403391948,129360.09489582428,135014.56122237557,137269.39486294083
2026-06-29 19:40:00+00:00,133282.69649029055,125667.01181176053,133513.56800700483,137545.30006633472,129641.32447659383,135386.68192301868,137501.3524957722
2026-06-29 19:45:00+00:00,133584.65173044644,125829.2484307537,133633.425773361,137672.17527673044,129923.17635119768,135716.14550481408,137722.4474361695
2026-06-29 19:50:00+00:00,133862.41157735145,126006.18662475441,133758.7254251454,137809.4607162796,130205.81723537984,135991.65471102129,137933.20939558788
2026-06-29 19:55:00+00:00,134111.29894106858,126202.45472502452,133893.13577982638,137961.58807812666,130489.41384488436,136201.91228489974,138134.16808548244
2026-06-29 20:00:00+00:00,134326.63673166092,126422.68106282591,134040.3256548721,138132.98905541605,130774.13289545523,136335.62096970886,138325.8532173083
2026-06-29 20:05:00+00:00,134517.80873592233,126703.83860307425,134201.46582487665,138330.87435955225,131082.17050136862,136419.6038439293,138514.86101257236
2026-06-29 20:10:00+00:00,134697.81626003678,127066.36797619784,134373.35035126208,138555.70205609113,131427.4726315762,136489.83229299888,138705.62186985172
2026-06-29 20:15:00+00:00,134867.4084931525,127490.09901172735,134553.0829817388,138801.77486940406,131797.8307838356,136548.73152061284,138895.4167662067
2026-06-29 20:20:00+00:00,135027.3346244177,127954.86153919352,134737.76746401712,139063.39552386256,132181.03645590425,136598.72673046644,139081.52667869764
2026-06-29 20:25:00+00:00,135178.34384298063,128440.48538812704,134924.50754580752,139334.86674383798,132564.8811455397,136642.2431262549,139261.23258438485
2026-06-29 20:30:00+00:00,135321.18533798947,128926.80038805866,135110.4069748203,139610.49125370177,132937.15635049937,136681.7059116735,139431.81546032868
2026-06-29 20:35:00+00:00,135456.60829859247,129393.63636851907,135292.56949876592,139884.57177782542,133285.65356854085,136719.54029041744,139590.55628358945
2026-06-29 20:40:00+00:00,135585.36191393787,129820.823159039,135468.09886535475,140151.41104058025,133598.16429742158,136758.171466182,139734.7360312275
2026-06-29 20:45:00+00:00,135708.19537317383,130188.19058914922,135634.0988222971,140405.31176633784,133862.48003489908,136800.02464266238,139861.63568030315
2026-06-29 20:50:00+00:00,135825.8578654486,130475.56848838035,135787.67311730343,140640.5766794695,134066.39227873087,136847.52502355384,139968.53620787675
2026-06-29 20:55:00+00:00,135939.09857991044,130662.7866862632,135925.92549808408,140851.5085043467,134197.69252667445,136903.09781255163,140052.71859100866
2026-06-29 21:00:00+00:00,136048.6667057075,130729.67501232841,136045.9597123495,141032.40996534092,134244.1722764873,136969.168213351,140111.46380675916
2026-06-29 21:05:00+00:00,136159.83813941813,130717.59387764473,136157.70132767482,141199.50869061987,134227.32617250015,137056.6439172274,140155.65600625103
2026-06-29 21:10:00+00:00,136275.58011718944,130683.67235147353,136271.50943908797,141370.4906479701,134179.79241950728,137170.4973628888,140197.76804126322
2026-06-29 21:15:00+00:00,136393.178837523,130631.39325063466,136385.1380854785,141541.846071191,134106.0778559618,137304.2508751794,140237.46393984038
2026-06-29 21:20:00+00:00,136509.92049892026,130564.23939194795,136496.34130573578,141710.06519408213,134010.68932031665,137451.42677894328,140274.40773002704
2026-06-29 21:25:00+00:00,136623.0912998828,130485.69359223322,136602.87313874933,141871.63825044286,133898.1336510248,137605.5473990246,140308.26343986785
2026-06-29 21:30:00+00:00,136729.97743891206,130399.23866831027,136702.48762340855,142023.05547407278,133772.91768653932,137760.13506026744,140338.6950974074
2026-06-29 21:35:00+00:00,136827.8651145096,130308.35743699894,136792.938798603,142160.80709877133,133639.54826531315,137908.71208751597,140365.36673069032
2026-06-29 21:40:00+00:00,136914.04052517694,130216.53271511906,136871.98070322207,142281.38335833797,133502.53222579934,138044.80080561433,140387.94236776113
2026-06-29 21:45:00+00:00,136985.78986941557,130127.24731949043,136937.36737615525,142381.27448657216,133366.3764064509,138161.9235394066,140406.0860366645
2026-06-29 21:50:00+00:00,137040.399345727,130043.98406693291,136986.85285629198,142456.97071727348,133235.58764572078,138253.6026137369,140419.46176544507
2026-06-29 21:55:00+00:00,137075.15515261274,129970.2257742663,137018.19118252175,142504.9622842413,133114.672782062,138313.36035344936,140427.73358214728
2026-06-29 22:00:00+00:00,137087.34348857432,129909.45525831044,137029.13639373402,142521.73942127512,133008.13865392757,138334.7190833882,140430.56551481594
2026-06-29 22:05:00+00:00,137070.29649316097,129860.25898502601,137011.30721929925,142509.6972327108,132915.01771693424,138315.92969027083,140413.40085088383
2026-06-29 22:10:00+00:00,137021.18783676042,129817.76968476127,136960.02552007115,142474.9536994989,132829.7627835979,138261.74761750907,140363.75929945894
2026-06-29 22:15:00+00:00,136943.06601413185,129780.28957091729,136878.60003216396,142419.58337036095,132750.01122772045,138175.45202498816,140284.41952109832
2026-06-29 22:20:00+00:00,136838.9795200344,129746.12085689524,136770.33949169196,142345.6607940185,132673.40042310365,138060.3220725936,140178.16017635918
2026-06-29 22:25:00+00:00,136711.9768492273,129713.56575609616,136638.55263476938,142255.2605191931,132597.5677435493,137919.6369202107,140047.75992579854
2026-06-29 22:30:00+00:00,136565.10649646976,129680.92648192118,136486.54819751054,142150.45709460627,132520.15056285923,137756.67572772483,139895.99742997356
2026-06-29 22:35:00+00:00,136401.41695652087,129646.50524777142,136317.63491602958,142033.32506897964,132438.7862548353,137574.71765502132,139725.65134944135
2026-06-29 22:40:00+00:00,136223.9567241399,129608.60426704798,136135.12152644093,141905.93899103464,132351.11219327926,137377.0418619856,139539.500344759
2026-06-29 22:45:00+00:00,136035.77429408598,129565.52575315197,135942.3167648587,141770.37340949287,132254.76575199296,137166.927508503,139340.32307648368
2026-06-29 22:50:00+00:00,135839.91816111834,129515.5719194845,135742.52936739722,141628.70287307588,132147.38430477818,136947.6537544589,139130.89820517245
2026-06-29 22:55:00+00:00,135639.43681999613,129457.04497944667,135539.0680701708,141483.0019305052,132026.6052254368,136722.4997597387,138914.00439138242
2026-06-29 23:00:00+00:00,135437.37876547856,129388.24714643958,135335.2416092936,141335.34513050242,131890.0658877706,136494.74468422774,138692.42029567072
2026-06-29 23:05:00+00:00,135198.55963248064,129287.4575194962,135101.4022249166,141165.25784081864,131715.09549062783,136219.18466374814,138412.78794309273
2026-06-29 23:10:00+00:00,134893.83535567694,129137.97719622024,134812.16363885964,140954.5157841519,131485.85572575973,135859.18705198585,138032.56947730063
2026-06-29 23:15:00+00:00,134535.3148794659,128945.64138786907,134477.22680974056,140708.56904164387,131210.23270632257,135430.88783562204,137570.77373674666
2026-06-29 23:20:00+00:00,134135.10714824594,128716.2853057,134106.29269617717,140432.86769443649,130896.11254547247,134950.42300133785,137046.40955988315
2026-06-29 23:25:00+00:00,133705.32110641553,128455.74416097041,133709.0622567872,140132.86182367138,130551.38135636577,134433.92853581448,136478.48578516237
2026-06-29 23:30:00+00:00,133258.0656983731,128169.8531649376,133295.23645018844,139814.0015104904,130183.92525215869,133897.54042573302,135886.01125103654
2026-06-29 23:35:00+00:00,132805.44986851714,127864.4475288589,132874.51623499874,139481.73683603527,129801.63034600746,133357.39465777465,135287.994795958
2026-06-29 23:40:00+00:00,132359.58256124603,127545.36246399165,132456.60256983576,139141.51788144777,129412.38275106826,132829.62721862053,134703.44525837904
2026-06-29 23:45:00+00:00,131932.57272095827,127218.43318159321,132051.1964133174,138798.79472786968,129024.06858049736,132330.37409495178,134151.37147675196
2026-06-29 23:50:00+00:00,131536.52929205226,126889.49489292088,131667.99872406138,138459.01745644282,128644.57394745102,131875.7712734496,133650.782289529
2026-06-29 23:55:00+00:00,131183.56121892645,126564.38280923202,131316.7104606855,138127.63614830887,128281.78496508542,131481.95474079504,133220.68653516244
2026-06-30 00:00:00+00:00,130885.77744597931,126248.93214178394,131007.03258180757,137810.10088460968,127943.58774655683,131165.06048366937,132880.0930521046
2026-06-30 00:05:00+00:00,130633.41364271086,125925.94698324316,130731.95236783366,137499.1377551579,127616.00035638596,130905.46042798147,132601.9683547392
2026-06-30 00:10:00+00:00,130405.47085333269,125577.49304845365,130475.64098720747,137184.12327994115,127281.51648324744,130670.17765529011,132344.98450777715
2026-06-30 00:15:00+00:00,130197.20608431073,125208.29798193891,130234.57523060305,136865.48318536396,126942.7356765283,130455.32488575118,132106.70867516156
2026-06-30 00:20:00+00:00,130003.87634211086,124823.08942822253,130005.23188869444,136543.64319783053,126602.25748561563,130257.0148395205,131884.70802083547
2026-06-30 00:25:00+00:00,129820.73863319893,124426.59503182808,129784.08775215571,136219.02904374537,126262.6814598965,130071.36023675397,131676.54970874198
2026-06-30 00:30:00+00:00,129643.04996404085,124023.54243727909,129567.61961166095,135892.06644951273,125926.60714875793,129894.47379760742,131479.80090282418
2026-06-30 00:35:00+00:00,129466.0673411025,123618.65928909909,129352.30425788419,135563.18114153706,125596.63410158704,129722.46824223672,131292.02876702513
2026-06-30 00:40:00+00:00,129285.04777084978,123216.67323181163,129134.61848149955,135232.79884622263,125275.36186777086,129551.45629079775,131110.80046528793
2026-06-30 00:45:00+00:00,129095.24825974855,122822.31190994028,128911.03907318102,134901.34528997392,124965.38999669645,129377.55066344635,130933.68316155564
2026-06-30 00:50:00+00:00,128891.92581426469,122440.30296800859,128678.0428236027,134569.24619919516,124669.3180377509,129196.8640803384,130758.24401977136
2026-06-30 00:55:00+00:00,128670.33744086411,122075.37405054011,128432.10652343865,134236.92730029084,124389.74554032124,129005.50926162975,130582.05020387817
2026-06-30 01:00:00+00:00,128425.74014601269,121732.25280205836,128169.70696336293,133904.81431966525,124129.27205379456,128799.59892747627,130402.6688778191
2026-06-30 01:05:00+00:00,128160.10918350519,121414.50268763959,127896.63223676129,133577.02473892912,123894.36653767005,128590.42081534902,130230.99252640177
2026-06-30 01:10:00+00:00,127878.7715403667,121118.93345806185,127620.03228969632,133255.7064960937,123685.58729896633,128389.2970689019,130076.44719026581
2026-06-30 01:15:00+00:00,127582.0118229085,120840.14218640144,127338.42669185731,132938.33100216443,123496.66790834966,128192.39201756495,129934.40036710243
2026-06-30 01:20:00+00:00,127270.11463744192,120572.72594573464,127050.33501293366,132622.36966814657,123321.34193648622,127995.8699907683,129800.2195546028
2026-06-30 01:25:00+00:00,126943.36459027822,120311.28180913778,126754.27682261472,132305.2939050455,123153.34295404224,127795.89531794195,129669.27225045815
2026-06-30 01:30:00+00:00,126602.04628772874,120050.40684968712,126448.77169058977,131984.57512386655,122986.40453168392,127588.63232851602,129536.92595235967
2026-06-30 01:35:00+00:00,126246.44433610475,119784.69814045899,126132.3391865482,131657.68473561516,122814.26024007749,127370.24535192054,129398.54815799856
2026-06-30 01:40:00+00:00,125876.84334171754,119508.75275452968,125803.49888017934,131322.09415129657,122630.64364988919,127136.89871758562,129249.50636506602
2026-06-30 01:45:00+00:00,125493.52791087846,119217.16776497547,125460.77034117251,130975.27478191615,122429.28833178518,126884.75675494128,129085.16807125325
2026-06-30 01:50:00+00:00,125096.78264989877,118904.54024487267,125102.67313921709,130614.69803847927,122203.92785643175,126609.98379341765,128900.90077425144
2026-06-30 01:55:00+00:00,124686.89216508975,118565.46726729756,124727.72684400238,130237.83533199126,121948.29579449506,126308.74416244475,128692.07197175181
2026-06-30 02:00:00+00:00,124264.14106276276,118194.54590532648,124334.45102521774,129842.15807345745,121656.12571664134,125977.20219145267,128454.04916144554
2026-06-30 02:05:00+00:00,123816.10850868392,117781.319926748,123912.30801957061,129421.90465037501,121287.14688905125,125578.95877995853,128146.58112570544
2026-06-30 02:10:00+00:00,123333.0284446392,117322.37403054912,123454.425931779,128975.1526100077,120815.68001949518,125088.739612121,127741.8767089428
2026-06-30 02:15:00+00:00,122819.16764096964,116822.8666866036,122964.82298354807,128505.13210301075,120257.34584102403,124519.39619433251,127253.99350190643
2026-06-30 02:20:00+00:00,122278.79286801632,116287.95636478528,122447.51739658303,128015.07328003939,119627.76508668863,123883.7800329854,126696.98909534518
2026-06-30 02:25:00+00:00,121716.17089612022,115722.80153496795,121906.52739258905,127508.20629174891,118942.55848953988,123194.7426344721,126084.92108000793
2026-06-30 02:30:00+00:00,121135.56849562244,115132.56066702545,121345.87119327136,126987.76128879447,118217.34678262862,122465.13550518501,125431.84704664355
2026-06-30 02:35:00+00:00,120541.25243686397,114522.39223083155,120769.56702033509,126456.96842183139,117467.75069900573,121707.81015151649,124751.82458600085
2026-06-30 02:40:00+00:00,119937.4894901859,113897.45469626007,120181.63309548545,125919.0578415149,116709.39097172211,120935.61807985896,124058.91128882869
2026-06-30 02:45:00+00:00,119328.5464259292,113262.90653318484,119586.08764042764,125377.25969850022,115957.88833382855,120161.4107966048,123367.16474587595
2026-06-30 02:50:00+00:00,118718.69001443501,112623.90621147964,118986.94887686681,124834.8041434426,115228.86351837598,119398.03980814644,122690.64254789149
2026-06-30 02:55:00+00:00,118112.18702604427,111985.61220101829,118388.23502650819,124294.9213269973,114537.93725841524,118658.35662087625,122043.40228562415
2026-06-30 03:00:00+00:00,117513.30423109808,111353.1829716746,117793.96431105695,123760.84139981953,113900.7302869972,117955.2127411866,121439.50154982279
2026-06-30 03:05:00+00:00,116917.17766573137,110710.22399606025,117198.52411321623,123230.524428852,113303.56770434814,117273.91299010397,120871.37985122135
2026-06-30 03:10:00+00:00,116315.94726684282,110040.28171955359,116593.70612561978,122699.08026842639,112720.55726619094,116591.07256642617,120318.8853948515
2026-06-30 03:15:00+00:00,115709.38565591905,109348.42607117842,115979.63503486851,122165.46375028155,112148.99368882149,115906.5085432027,119777.18881290857
2026-06-30 03:20:00+00:00,115097.26545444665,108639.72697995856,115356.43552756339,121628.62970615627,111586.17168853561,115220.03799348295,119241.46073758785
2026-06-30 03:25:00+00:00,114479.35928391227,107919.2543749178,114724.23229030543,121087.53296778938,111029.38598162917,114531.47799031642,118706.87180108472
2026-06-30 03:30:00+00:00,113855.43976580256,107192.07818507998,114083.15000969556,120541.12836691969,110475.93128439803,113840.64560675251,118168.59263559451
2026-06-30 03:35:00+00:00,113225.2795216041,106463.26833946886,113433.31337233476,119988.37073528601,109923.102313138,113147.35791584075,117621.79387331255
2026-06-30 03:40:00+00:00,112588.65117280353,105737.89476710832,112774.84706482402,119428.21490462718,109368.193784145,112451.43199063055,117061.64614643416
2026-06-30 03:45:00+00:00,111945.32734088748,105021.02739702212,112107.87577376429,118859.61570668199,108808.50041371486,111752.68490417134,116483.32008715466
2026-06-30 03:50:00+00:00,111295.08064734256,104317.73615823405,111432.52418575653,118281.52797318928,108241.31691814339,111050.93372951262,115881.98632766944
2026-06-30 03:55:00+00:00,110637.68371365538,103633.09097976799,110748.91698740174,117692.90653588786,107663.93801372648,110345.99553970383,115252.81550017378
2026-06-30 04:00:00+00:00,109972.9091613126,102972.16179064769,110057.17886530086,117092.70622651653,107073.65841675998,109637.68740779441,114590.97823686303
2026-06-30 04:05:00+00:00,109283.18340136383,102321.31952207559,109334.8955157734,116465.22555383533,106456.83354515542,108912.90572345366,113856.35795956824
2026-06-30 04:10:00+00:00,108557.40500160365,101666.14965706338,108567.40144365335,115801.30484860246,105807.63923433283,108163.48570199306,113027.13254688127
2026-06-30 04:15:00+00:00,107805.05481863591,101010.54395234882,107766.44454831337,115109.71167555395,105135.10082685089,107396.65265492529,112125.91431613863
2026-06-30 04:20:00+00:00,107035.61370906461,100358.39416466966,106943.77272912618,114399.21359942581,104448.24366526816,106619.63189376306,111175.31558467692
2026-06-30 04:25:00+00:00,106258.56252949357,99713.59205076362,106111.13388546451,113678.57818495411,103756.0930921433,105839.64873001905,110197.94866983267
2026-06-30 04:30:00+00:00,105483.3821365268,99080.0293673685,105280.27591670104,112956.57299687485,103067.67445003492,105063.92847520599,109216.4258889424
2026-06-30 04:35:00+00:00,104719.55338676815,98461.597871222,104462.94672220842,112241.96559992411,102392.01308150166,104299.69644083656,108253.3595593427
2026-06-30 04:40:00+00:00,103976.55713682156,97862.18931906187,103670.8942013594,111543.5235588379,101738.13432910212,103554.17793842345,107331.36199837009
2026-06-30 04:45:00+00:00,103263.87424329098,97285.69546762588,102915.86625352665,110870.01443835226,101115.06353539495,102834.59827947938,106473.04552336114
2026-06-30 04:50:00+00:00,102590.98556278029,96736.00807365177,102209.61077808289,110230.20580320325,100531.82604293876,102148.18277551707,105701.0224516524
2026-06-30 04:55:00+00:00,101967.37195189342,96217.01889387726,101563.87567440077,109632.86521812687,99997.44719429218,101502.15673804916,105037.90510058039
2026-06-30 05:00:00+00:00,101402.51426723429,95732.61968504016,100990.40884185303,109086.76024785917,99520.95233201383,100903.74547858839,104506.3057874817
2026-06-30 05:05:00+00:00,100873.4410902075,95274.56311573081,100469.39187984313,108575.5879069325,99084.84222268898,100334.6217725922,104064.88715612888
2026-06-30 05:10:00+00:00,100352.95411159469,94831.80881075111,99972.33812932434,108077.74833098675,98665.59189495195,99773.57906123498,103655.43795699232
2026-06-30 05:15:00+00:00,99844.19385206523,94404.0589611561,99497.9931019941,107594.06376641936,98263.18808443489,99223.52365460496,103275.25966745529
2026-06-30 05:20:00+00:00,99350.3008322886,93991.01575800077,99045.10230954984,107125.35645962776,97877.61752676996,98687.36186279026,102921.65376490106
2026-06-30 05:25:00+00:00,98874.41557293414,93592.38139234016,98612.41126368896,106672.44865700933,97508.8669575893,98167.99999587906,102591.92172671293
2026-06-30 05:30:00+00:00,98419.67859467132,93207.85805522924,98198.6654761089,106236.1626049615,97156.92311252508,97668.34436395958,102283.36503027414
2026-06-30 05:35:00+00:00,97989.23041816952,92837.14793772304,97802.61045850709,105817.32054988171,96821.77272720943,97191.30127711994,101993.28515296803
2026-06-30 05:40:00+00:00,97586.21156409818,92479.95323087658,97422.99172258093,105416.74473816737,96503.40253727454,96739.77704544834,101718.98357217782
2026-06-30 05:45:00+00:00,97213.7625531267,92135.97612574484,97058.55478002786,105035.25741621587,96201.79927835257,96316.67797903297,101457.76176528679
2026-06-30 05:50:00+00:00,96875.02390592448,91804.91881338287,96708.04514254534,104673.68083042468,95916.94968607563,95924.91038796198,101206.92120967824
2026-06-30 05:55:00+00:00,96573.13614316097,91486.48348484564,96370.20832183071,104332.83722719118,95648.84049607594,95567.38058232352,100963.76338273541
2026-06-30 06:00:00+00:00,96311.23978550556,91180.3723311882,96043.78982958145,104013.54885291279,95397.4584439856,95246.99487220583,100725.58976184162
2026-06-30 06:05:00+00:00,96083.41446018241,90882.06972661466,95724.43944820418,103717.01503266282,95165.00051085421,94954.69135975097,100498.31413029035
2026-06-30 06:10:00+00:00,95879.11141080467,90588.19591154448,95409.75824169254,103441.62237144363,94951.49847473294,94678.78670495005,100287.69515920503
2026-06-30 06:15:00+00:00,95694.52858262531,90300.15687635569,95101.41864412444,103183.97403554636,94753.69126675649,94418.25505466481,100090.80165771364
2026-06-30 06:20:00+00:00,95525.86392089729,90019.35861142633,94801.09308957781,102940.67319126203,94568.31781805943,94172.07055575699,99904.70243494427
2026-06-30 06:25:00+00:00,95369.31537087353,89747.20710713443,94510.45401213062,102708.32300488181,94392.11705977643,93939.20735508828,99726.46630002494
2026-06-30 06:30:00+00:00,95221.08087780702,89485.10835385803,94231.17384586073,102483.52664269671,94221.8279230421,93718.6395995204,99553.16206208372
2026-06-30 06:35:00+00:00,95077.3583869507,89234.46834197517,93964.92502484606,102262.88727099786,94054.1893389911,93509.34143591509,99381.85853024865
2026-06-30 06:40:00+00:00,94934.34584355752,88996.69306186386,93713.3799831646,102043.00805607633,93885.94023875805,93310.28701113409,99209.62451364775
2026-06-30 06:45:00+00:00,94788.24119288042,88773.18850390214,93478.21115489423,101820.4921642232,93713.81955347757,93120.45047203908,99033.5288214091
2026-06-30 06:50:00+00:00,94635.24238017239,88565.36065846808,93261.0909741129,101591.94276172956,93534.5662142843,92938.8059654918,98850.64026266073
2026-06-30 06:55:00+00:00,94471.54735068635,88374.61551593964,93063.69187489852,101353.96301488651,93344.9191523129,92764.32763835399,98658.02764653067
2026-06-30 07:00:00+00:00,94293.35404967527,88202.35906669493,92887.68629132904,101103.15608998512,93141.61729869797,92595.98963748735,98452.759782147
2026-06-30 07:05:00+00:00,94088.10223259145,88042.09456457073,92725.8652258321,100820.81142402682,92911.29864586984,92433.60394022676,98216.95328957355
2026-06-30 07:10:00+00:00,93851.80727403158,87886.82273618458,92570.1970207327,100498.66102718009,92648.81913183512,92277.49885902244,97942.229770266
2026-06-30 07:15:00+00:00,93593.53054796519,87737.19578108552,92421.12011995475,100148.97192548646,92363.24460609282,92127.42304340917,97639.91550544005
2026-06-30 07:20:00+00:00,93322.33342836176,87593.86589882264,92279.0729674222,99784.01114498755,92063.64091814194,91983.12514292171,97321.33677631145
2026-06-30 07:25:00+00:00,93047.27728919082,87457.48528894498,92144.49400705895,99416.04571172495,91759.0739174815,91844.35380709484,96997.81986409595
2026-06-30 07:30:00+00:00,92777.42350442185,87328.7061510016,92017.82168278891,99057.34265174021,91458.60945361054,91710.8576854633,96680.69105000923
2026-06-30 07:35:00+00:00,92521.8334480244,87208.1806845416,91899.494438536,98720.16899107493,91171.31337602803,91582.38542756187,96381.27661526705
2026-06-30 07:40:00+00:00,92289.56849396793,87096.561089114,91789.95071822415,98416.79175577068,90906.251534233,91458.68568292532,96110.90284108516
2026-06-30 07:45:00+00:00,92089.69001622198,86994.49956426786,91689.62896577727,98159.47797186908,90672.48977772449,91339.5071010884,95880.89600867928
2026-06-30 07:50:00+00:00,91931.25938875607,86902.64830955224,91598.96762511932,97960.49466541168,90479.09395600148,91224.59833158586,95702.58239926513
2026-06-30 07:55:00+00:00,91823.33798553968,86821.65952451625,91518.40514017417,97832.10886244009,90335.12991856302,91113.70802395252,95587.2882940584
2026-06-30 08:00:00+00:00,91774.98718054233,86752.18540870889,91448.37995486576,97786.58758899587,90249.66351490808,91006.5848277231,95546.3399742749
2026-06-30 08:05:00+00:00,91760.01926116698,86688.6605088061,91383.6499368069,97790.25802129378,90197.90527386992,90897.443246105,95550.57217855839
2026-06-30 08:10:00+00:00,91746.2222063208,86625.71311910576,91319.34224119605,97800.83198842518,90149.20513966988,90782.59632189483,95562.8742159766
2026-06-30 08:15:00+00:00,91733.62092722958,86564.28606058971,91256.44924333549,97817.65349574672,90103.83808488917,90664.94051401132,95582.65422338119
2026-06-30 08:20:00+00:00,91722.2403351191,86505.3221542399,91195.96331852759,97840.06654861495,90062.07908210896,90547.37228137313,95609.32033762378
2026-06-30 08:25:00+00:00,91712.10534121523,86449.7642210382,91138.87684207463,97867.41515238649,90024.20310391055,90432.7880828989,95642.28069555598
2026-06-30 08:30:00+00:00,91703.2408567437,86398.55508196655,91086.18218927902,97899.0433124179,89990.48512287509,90324.08437750733,95680.94343402944
2026-06-30 08:35:00+00:00,91695.67179293031,86352.63755800683,91038.87173544298,97934.29503406578,89961.2001115838,90224.15762411708,95724.71668989578
2026-06-30 08:40:00+00:00,91689.42306100091,86312.95447014099,90997.93785586889,97972.51432268675,89936.62304261792,90135.90428164683,95773.00860000665
2026-06-30 08:45:00+00:00,91684.51957218129,86280.44863935089,90964.37292585908,98013.04518363737,89917.02888855863,90062.22080901523,95825.22730121369
2026-06-30 08:50:00+00:00,91680.98623769723,86256.06288661846,90939.16932071584,98055.23162227424,89902.69262198718,90006.00366514098,95880.7809303685
2026-06-30 08:55:00+00:00,91678.84796877454,86240.74003292559,90923.31941574154,98098.41764395394,89893.88921548473,89970.14930894274,95939.07762432274
2026-06-30 09:00:00+00:00,91678.12967663902,86235.42289925422,90917.81558623847,98141.94725403309,89890.89364163255,89957.55419933917,95999.52551992804
2026-06-30 09:05:00+00:00,91693.01945109162,86248.08045450896,90936.04431976307,98188.35399118945,89918.45532031699,89990.05321699085,96076.25254911439
2026-06-30 09:10:00+00:00,91735.96859966654,86284.69305335224,90988.42640957651,98240.7062325999,89996.5487844941,90082.24758751232,96181.2633186699
2026-06-30 09:15:00+00:00,91804.39686018942,86343.22059540277,91071.5056895383,98299.15024136966,90118.28667634953,90226.18328725315,96310.78097773335
2026-06-30 09:20:00+00:00,91895.72397048594,86421.62298027915,91181.82599350795,98363.832280604,90276.78163806899,90413.90629256293,96461.02867544348
2026-06-30 09:25:00+00:00,92007.3696683817,86517.86010760006,91315.93115534498,98434.8986134081,90465.14631183817,90637.4625797912,96628.22956093906
2026-06-30 09:30:00+00:00,92136.75369170238,86629.89187698415,91470.36500890888,98512.49550288725,90676.49333984271,90888.89812528758,96808.60678335889
2026-06-30 09:35:00+00:00,92281.29577827363,86755.6781880501,91641.67138805917,98596.76921214662,90903.93536426831,91160.25890540169,96998.38349184168
2026-06-30 09:40:00+00:00,92438.41566592109,86893.17894041653,91826.39412665533,98687.86600429149,91140.58502730067,91443.59089648303,97193.78283552625
2026-06-30 09:45:00+00:00,92605.53309247042,87040.35403370208,92021.0770585569,98785.93214242709,91379.55497112543,91730.94007488125,97391.02796355131
2026-06-30 09:50:00+00:00,92780.06779574727,87195.16336752546,92222.26401762335,98891.11388965863,91613.95783792828,92014.3524169459,97586.34202505567
2026-06-30 09:55:00+00:00,92959.43951357728,87355.56684150528,92426.49883771423,99003.55750909135,91836.90626989488,92285.87389902656,97775.94816917807
2026-06-30 10:00:00+00:00,93141.06798378611,87519.5243552602,92630.32535268902,99123.40926383049,92041.51290921097,92537.55049747282,97956.0695450573
2026-06-30 10:05:00+00:00,93349.88589072603,87716.10491500472,92854.22191658034,99263.24529671605,92233.72813827072,92775.64228980444,98126.07361757732
2026-06-30 10:10:00+00:00,93608.09583568847,87970.20314342792,93117.60001783347,99433.56024567498,92424.92310703134,93012.99452245528,98289.72697793787
2026-06-30 10:15:00+00:00,93909.02243190781,88273.51736486035,93415.40319192695,99631.37811644304,92616.34160902306,93251.53092514607,98449.85146475134
2026-06-30 10:20:00+00:00,94245.99029261846,88617.74590363255,93742.57497433927,99853.72291475594,92809.227437776,93493.17522759757,98609.26891663008
2026-06-30 10:25:00+00:00,94612.32403105484,88994.5870840751,94094.05890054896,100097.61864634942,93004.82438682043,93739.85115953058,98770.80117218645
2026-06-30 10:30:00+00:00,95001.34826045133,89395.7392305185,94464.79850603455,100360.08931695916,93204.37624968648,93993.48245066578,98937.27007003287
2026-06-30 10:35:00+00:00,95406.38759404235,89812.90066729336,94849.73732627454,100638.15893232092,93409.12681990437,94255.99283072398,99111.49744878168
2026-06-30 10:40:00+00:00,95820.76664506225,90237.7697187302,95243.81889674744,100928.85149817039,93620.31989100427,94529.3060294259,99296.30514704523
2026-06-30 10:45:00+00:00,96237.81002674549,90662.04470915957,95641.98675293179,101229.19102024332,93839.19925651638,94815.34577649232,99494.51500343595
2026-06-30 10:50:00+00:00,96650.84235232644,91077.42396291201,96039.18443030608,101536.20150427539,94067.00870997089,95116.03580164396,99708.94885656619
2026-06-30 10:55:00+00:00,97053.18823503947,91475.60580431814,96430.35546434883,101846.90695600238,94304.99204489798,95433.29983460162,99942.42854504827
2026-06-30 11:00:00+00:00,97438.17228811905,91848.28855770842,96810.44339053857,102158.33138115997,94554.39305482783,95769.06160508603,100197.77590749465
2026-06-30 11:05:00+00:00,97811.66264092289,92210.6433247551,97187.25465681829,102483.17871609124,94820.08729142998,96133.08255819899,100493.04867223017
2026-06-30 11:10:00+00:00,98184.72107015211,92581.38292996777,97571.38564914232,102833.82094417042,95104.60991058766,96531.30751678854,100840.34310228952
2026-06-30 11:15:00+00:00,98558.46266005603,92957.51828193302,97961.96481000615,103206.78414167996,95405.69411215167,96959.93527719472,101233.53883834979
2026-06-30 11:20:00+00:00,98934.00249488399,93336.06028923743,98358.12058190528,103598.59438490232,95721.07309597277,97415.16463575758,101666.515521088
2026-06-30 11:25:00+00:00,99312.45565888537,93714.0198604677,98758.9814073352,104005.77775011995,96048.48006190172,97893.19438881717,102133.15279118127
2026-06-30 11:30:00+00:00,99694.93723630953,94088.40790421034,99163.67572879142,104424.8603136153,96385.64820978932,98390.22333271353,102627.33028930664
2026-06-30 11:35:00+00:00,100082.56231140583,94456.23532905203,99571.33198876944,104852.36815167077,96730.31073948635,98902.45026378673,103142.92765614117
2026-06-30 11:40:00+00:00,100476.44596842359,94814.51304357938,99981.07862976473,105284.82734056888,97080.20085084358,99426.07397837682,103673.82453236192
2026-06-30 11:45:00+00:00,100877.7032916122,95160.25195637897,100392.0440942728,105718.76395659203,97433.05174371178,99957.29327282385,104213.900558646
2026-06-30 11:50:00+00:00,101287.44936522096,95490.46297603741,100803.35682478917,106150.70407602271,97786.59661794174,100492.30694346783,104757.03537567043
2026-06-30 11:55:00+00:00,101706.79927349929,95802.15701114136,101214.14526380929,106577.17377514334,98138.56867338424,101027.31378664888,105297.1086241123
2026-06-30 12:00:00+00:00,102136.8681006965,96092.34497027738,101623.5378538287,106994.69913023637,98486.70110989004,101558.51259870702,105827.99994464866
2026-06-30 12:05:00+00:00,102589.9389381591,96358.41315871735,102035.22054249105,107405.74250320464,98833.43751372574,102106.86833364474,106374.88192626862
2026-06-30 12:10:00+00:00,103072.95339807877,96602.75892282673,102452.49795376879,107815.67266893804,99182.86747941333,102690.15721616933,106960.89416752994
2026-06-30 12:15:00+00:00,103579.01434597258,96829.90973283253,102873.92654465062,108225.37532319977,99535.19321918649,103299.79494867787,107576.86682346281
2026-06-30 12:20:00+00:00,104101.2246473577,97044.39305896174,103298.06277212522,108635.73616175288,99890.61694527906,103927.19723356758,108213.63004909734
2026-06-30 12:25:00+00:00,104632.68716775124,97250.73637144135,103723.46309318127,109047.64088036054,100249.34086992482,104563.77977323555,108862.01399946363
2026-06-30 12:30:00+00:00,105166.5047726703,97453.46714049837,104148.68396480748,109461.97517478588,100611.56720535751,105200.95827007898,109512.84882959187
2026-06-30 12:35:00+00:00,105695.78032763203,97657.11283635983,104572.28184399253,109879.62474079202,100977.49816381093,105830.14842649495,110156.96469451215
2026-06-30 12:40:00+00:00,106213.61669815352,97866.20092925268,104992.81318772509,110301.47527414205,101347.33595751885,106442.76594488068,110785.1917492546
2026-06-30 12:45:00+00:00,106713.11674975195,98085.25888940395,105408.83445299388,110728.41247059916,101721.28279871507,107030.22652763328,111388.36014884937
2026-06-30 12:50:00+00:00,107187.38334794436,98318.81418704064,105818.90209678754,111161.32202592642,102099.54089963331,107583.94587714989,111957.3000483266
2026-06-30 12:55:00+00:00,107629.51935824793,98571.39429238976,106221.5725760948,111601.08963588701,102482.3124725074,108095.33969582767,112482.84160271642
2026-06-30 13:00:00+00:00,108032.62764617974,98847.5266756783,106615.40234790431,112048.60099624401,102869.7997295711,108555.82368606377,112955.81496704894
2026-06-30 13:05:00+00:00,108396.41727380951,99150.24006391557,106996.39405991879,112506.86597995048,103257.8243469687,108966.65840992655,113381.73135704378
2026-06-30 13:10:00+00:00,108729.44715925955,99477.80012843337,107363.67888602948,112976.97826098744,103643.61495232316,109339.89181421112,113775.94199981682
2026-06-30 13:15:00+00:00,109038.09495212602,99827.58975594255,107720.50607250792,113456.94923666008,104029.48418508613,109683.1206784049,114144.03706749243
2026-06-30 13:20:00+00:00,109328.73830200505,100196.99183315385,108070.12486562562,113944.79030427356,104417.74468470932,110003.94178199524,114491.60673219511
2026-06-30 13:25:00+00:00,109607.75485849268,100583.38924677808,108415.78451165413,114438.51286113299,104810.70909064442,110309.95190446952,114824.24116604934
2026-06-30 13:30:00+00:00,109881.52227118511,100984.16488352603,108760.734256865,114936.12830454358,105210.69004234309,110608.74782531512,115147.5305411795
2026-06-30 13:35:00+00:00,110156.41818967843,101396.70163010848,109108.22334752975,115435.64803181047,105620.00017925707,110907.9263240194,115467.06502971008
2026-06-30 13:40:00+00:00,110438.82026356876,101818.38237323624,109461.5010299199,115935.08344023883,106040.95214083801,111215.08418006975,115788.43480376553
2026-06-30 13:45:00+00:00,110735.10614245223,102246.58999962008,109823.816550307,116432.44592713383,106475.85856653759,111537.81817295353,116117.23003547032
2026-06-30 13:50:00+00:00,111051.65347592495,102678.70739597079,110198.4191549626,116925.7468898006,106927.03209580753,111883.72508215811,116459.04089694886
2026-06-30 13:55:00+00:00,111394.83991358306,103112.11744899918,110588.55809015819,117412.99772554435,107396.78536809952,112260.40168717087,116819.45756032562
2026-06-30 14:00:00+00:00,111771.04310502265,103544.20304541603,110997.48260216533,117892.20983167017,107887.43102286523,112675.44476747917,117204.07019772507
2026-06-30 14:05:00+00:00,112189.7732005495,103979.57806020709,111425.97293647772,118361.0527167779,108414.5116970756,113145.18889905918,117610.26292179088
2026-06-30 14:10:00+00:00,112651.96739840163,104424.29750795248,111871.55412265334,118820.23149854733,108986.66575706359,113673.8601067428,118030.66143775996
2026-06-30 14:15:00+00:00,113151.14392007343,104877.90598475453,112332.59258306015,119272.31098790382,109595.84943632387,114250.89234330098,118463.71830664651
2026-06-30 14:20:00+00:00,113680.82098705936,105339.9480867156,112807.45474006617,119719.85599577271,110234.01896835116,114865.71956150467,118907.88608946474
2026-06-30 14:25:00+00:00,114234.51682085387,105809.96840993801,113294.50701603932,120165.4313330793,110893.13058664014,115507.77571412486,119361.61734722888
2026-06-30 14:30:00+00:00,114805.74964295136,106287.5115505241,113792.11583334762,120611.60181074889,111565.14052468553,116166.49475393252,119823.36464095314
2026-06-30 14:35:00+00:00,115388.03767484627,106772.1221045762,114298.64761435901,121060.93223970683,112242.00501598201,116831.31063369861,120291.58053165172
2026-06-30 14:40:00+00:00,115974.89913803308,107263.34466819666,114812.46878144148,121515.98743087843,112915.68029402426,117491.65730619412,120764.7175803389
2026-06-30 14:45:00+00:00,116559.8522540062,107760.7238374878,115331.94575696299,121979.33219518901,113578.12259230705,118136.96872418998,121241.22834802882
2026-06-30 14:50:00+00:00,117136.41524426006,108263.80420855198,115855.44496329153,122453.53134356388,114221.28814432496,118756.67884045717,121719.56539573576
2026-06-30 14:55:00+00:00,117698.10633028911,108772.13037749153,116381.33282279508,122941.14968692836,114837.13318357279,119340.22160776668,122198.18128447389
2026-06-30 15:00:00+00:00,118238.44373358776,109285.24694040878,116907.97575784159,123444.75203620779,115417.6139435452,119877.03097888945,122675.52857525744
2026-06-30 15:05:00+00:00,118763.63267010711,109805.39868054132,117439.09301063459,123960.28105512024,115965.96575368292,120374.57422608141,123158.3991016311
2026-06-30 15:10:00+00:00,119284.70738099514,110334.69822288139,117978.98563999923,124482.7198712462,116493.41864472575,120849.84430163424,123652.86004968423
2026-06-30 15:15:00+00:00,119802.42962554167,110872.49192616332,118526.8927932359,125013.19399130458,117003.92090211713,121306.56367837237,124156.277009248
2026-06-30 15:20:00+00:00,120317.56116303653,111418.12614912138,119082.053617645,125552.82892201429,117501.42081130041,121748.45482912041,124666.01557015366
2026-06-30 15:25:00+00:00,120830.86375276951,111970.94725048989,119643.70726052696,126102.75017009428,117989.86665771902,122179.24022670284,125179.44132223235
2026-06-30 15:30:00+00:00,121343.09915403045,112530.30158900317,120211.09286918219,126664.08324226344,118473.2067268163,122602.64234394419,125693.91985531533
2026-06-30 15:35:00+00:00,121855.02912610915,113095.53552339548,120783.44959091108,127237.95364524069,118955.38930403566,123022.383653669,126206.81675923378
2026-06-30 15:40:00+00:00,122367.41542829546,113665.99541240117,121360.01657301403,127825.48688574496,119440.3626748205,123442.18662870178,126715.49762381891
2026-06-30 15:45:00+00:00,122881.01981987913,114241.02761475454,121940.03296279146,128427.80847049515,119932.07512461419,123865.77374186707,127217.32803890195
2026-06-30 15:50:00+00:00,123396.60406015006,114819.97848918986,122522.73790754378,129046.04390621018,120434.4749388601,124296.86746598937,127709.6735943141
2026-06-30 15:55:00+00:00,123914.929908398,115402.19439444148,123107.37055457137,129681.31869960896,120951.51040300168,124739.19027389321,128189.89987988652
2026-06-30 16:00:00+00:00,124436.7591239128,115987.02168924366,123693.17005117466,130334.75835741045,121487.12980248226,125196.46463840315,128655.37248545045
2026-06-30 16:05:00+00:00,124963.79132381489,116579.60662332027,124287.89005027854,131026.41835673116,122041.14610964306,125667.30625501453,129098.724049318
2026-06-30 16:10:00+00:00,125496.28342981059,117184.02303896142,124897.34237217688,131768.81638311347,122609.34601401378,126146.84760847728,129518.32996596953
2026-06-30 16:15:00+00:00,126032.83315806852,117798.00868375083,125517.85341522344,132551.77125591514,123189.63837682059,126633.58635549777,129920.1699594887
2026-06-30 16:20:00+00:00,126572.03822475724,118419.3013052722,126145.74957777199,133365.10179449388,123779.93205928967,127126.02015278234,130310.22375395919
2026-06-30 16:25:00+00:00,127112.49634604539,119045.63865110924,126777.35725817634,134198.62681820744,124378.13592264718,127622.64665703729,130694.47107346462
2026-06-30 16:30:00+00:00,127652.80523810154,119674.75846884566,127409.0028547903,135042.16514641355,124982.15882811933,128121.96352496899,131078.89164208865
2026-06-30 16:35:00+00:00,128191.5626170943,120304.39850606519,128037.01276596767,135885.53559846987,125589.90963693224,128622.46841328384,131469.4651839149
2026-06-30 16:40:00+00:00,128727.36619919229,120932.29651035155,128657.71339006221,136718.55699373418,126199.29721031213,129122.65897868811,131872.17142302712
2026-06-30 16:45:00+00:00,129258.81370056407,121556.1902292884,129267.43112542774,137531.04815156423,126808.23040948513,129621.03287788817,132292.99008350883
2026-06-30 16:50:00+00:00,129784.50283737826,122173.8174104595,129862.49237041804,138312.82789131772,127414.61809567745,130116.08776759036,132737.90088944382
2026-06-30 16:55:00+00:00,130303.03132580349,122782.91580144857,130439.2235233869,139053.7150323524,128016.36913011523,130606.32130450103,133212.8835649156
2026-06-30 17:00:00+00:00,130812.99688200832,123381.2231498393,130993.95098268813,139743.52839402595,128611.39237402465,131090.23114532654,133723.91783400794
2026-06-30 17:05:00+00:00,131318.90288168666,123977.86192455613,131534.7696152256,140417.91186474334,129210.94266859065,131569.51157756362,134307.5435395228
2026-06-30 17:10:00+00:00,131825.21913674087,124581.15988935449,132071.22856784597,141111.66829654414,129824.46418303679,132046.8940466022,134982.77163464908
2026-06-30 17:15:00+00:00,132330.49301765216,125187.66273406456,132601.83565881688,141813.35495423802,130447.1497706473,132522.43194598844,135729.28850905073
2026-06-30 17:20:00+00:00,132833.27189490176,125793.91614851652,133125.0987064061,142511.52910263464,131074.19228470637,132996.1786692685,136526.78055239163
2026-06-30 17:25:00+00:00,133332.10313897097,126396.4658225406,133639.52552888138,143194.74800654373,131700.78457849822,133468.18760998856,137354.93415433567
2026-06-30 17:30:00+00:00,133825.53412034098,126991.8574459669,134143.62394451041,143851.5689307749,132322.11950530697,133938.5121616947,138193.4357045468
2026-06-30 17:35:00+00:00,134312.11220949306,127576.6367086257,134635.90177156098,144470.54914013785,132933.38991841685,134407.20571793313,139021.97159268893
2026-06-30 17:40:00+00:00,134790.38477690847,128147.34930034711,135114.86682830082,145040.2458994423,133529.7886711121,134874.32167225,139820.22820842595
2026-06-30 17:45:00+00:00,135258.8991930684,128700.54091096134,135579.02693299763,145549.21647349786,134106.50861667687,135339.91341819143,140567.8919414218
2026-06-30 17:50:00+00:00,135716.20282845417,129232.75723029856,136026.8899039192,145986.01812711422,134658.74260839538,135804.0343493036,141244.64918134036
2026-06-30 17:55:00+00:00,136160.84305354697,129740.54394818899,136456.96355933324,146339.2081251011,135181.6834995518,136266.73785913267,141830.18631784554
2026-06-30 18:00:00+00:00,136591.36723882807,130220.4467544628,136867.75571750745,146597.34373226817,135670.52414343035,136728.0773412248,142304.18974060132
2026-06-30 18:05:00+00:00,137007.42881017126,130679.12957615736,137256.98669507907,146788.95193984098,136133.2742954014,137191.51011047038,142696.67886275522
2026-06-30 18:10:00+00:00,137410.77658372512,131125.59361657576,137625.6605500855,146953.26975509577,136581.47143888997,137659.18861169342,143054.40004787335
2026-06-30 18:15:00+00:00,137803.10101538282,131559.8904799467,137977.21071289474,147094.9194669182,137015.60001926203,138129.2089333404,143382.13011124727
2026-06-30 18:20:00+00:00,138186.0925610377,131982.07177049894,138315.0706138748,147218.52336419388,137436.14448188365,138599.66716385784,143684.6458681687
2026-06-30 18:25:00+00:00,138561.44167658288,132392.18909246125,138642.67368339372,147328.70373580846,137843.58927212082,139068.65939169223,143966.72413392912
2026-06-30 18:30:00+00:00,138930.8388179117,132790.2940500623,138963.45335181945,147430.08287064766,138238.41883533963,139534.28170529002,144233.14172382024
2026-06-30 18:35:00+00:00,139295.9744409174,133176.43824753087,139280.8430495201,147527.28305759706,138621.11761690612,139994.63019309778,144488.67545313365
2026-06-30 18:40:00+00:00,139658.53900149325,133550.67328909563,139598.27620686364,147624.9265855423,138992.17006218625,140447.80094356195,144738.10213716095
2026-06-30 18:45:00+00:00,140020.2229555324,133913.0507789854,139919.18625421808,147727.6357433691,139352.06061654614,140891.89004512905,144986.19859119382
2026-06-30 18:50:00+00:00,140382.71675892823,134263.62232142882,140247.00662195144,147840.03281996294,139701.27372535176,141324.99358624557,145237.7416305238
2026-06-30 18:55:00+00:00,140747.71086757394,134602.43952065468,140585.1707404318,147966.74010420966,140040.29383396913,141745.207655358,145497.5080704425
2026-06-30 19:00:00+00:00,141116.89573736273,134929.55398089168,140937.11204002707,148112.37988499476,140369.6053877644,142150.6283409129,145770.27472624162
2026-06-30 19:05:00+00:00,141499.76388543975,135247.42942537207,141314.77372437564,148281.8653843703,140699.24789573695,142554.84101747166,146063.48229060307
2026-06-30 19:10:00+00:00,141900.51629520755,135558.23913013426,141722.09332975728,148473.86475322052,141035.67443461073,142968.9232877945,146376.66768552488
2026-06-30 19:15:00+00:00,142312.9061219452,135861.59902861636,142150.49578550228,148683.6326736798,141373.9898013382,143387.20958262598,146702.75207027278
2026-06-30 19:20:00+00:00,142730.68652093207,136157.12505425635,142591.40602094092,148906.42382788227,141709.2987928719,143804.0343327105,147034.6566041124
2026-06-30 19:25:00+00:00,143147.6106474472,136444.4331404923,143036.2489654035,149137.4928979622,142036.70620616435,144213.73196879262,147365.30244630942
2026-06-30 19:30:00+00:00,143557.43165676994,136723.13922076224,143476.44954822032,149372.0945660538,142351.3168381681,144610.63692161685,147687.6107561296
2026-06-30 19:35:00+00:00,143953.9027041795,136992.85922850427,143903.43269872168,149605.48351429132,142648.2354858356,144989.0836219277,147994.50269283867
2026-06-30 19:40:00+00:00,144330.77694495503,137253.20909715642,144308.6233462378,149832.91442480905,142922.56694611948,145343.40650046972,148278.89941570215
2026-06-30 19:45:00+00:00,144681.80753437584,137503.80476015672,144683.44642009903,150049.64197974114,143169.41601597215,145667.93998798734,148533.7220839859
2026-06-30 19:50:00+00:00,145000.74762772102,137744.2621509432,145019.3268496356,150250.92086122185,143383.8874923462,145957.01851522506,148751.8918569555
2026-06-30 19:55:00+00:00,145281.3503802699,137974.19720295403,145307.68956417788,150432.0057513855,143561.08617219413,146204.97651292747,148926.32989387674
2026-06-30 20:00:00+00:00,145517.36894730167,138193.22584962708,145539.95949305606,150588.15133236622,143696.11685246852,146406.148411839,149049.95735401523
2026-06-30 20:05:00+00:00,145722.09659506386,138404.50620418636,145732.84490940213,150725.53630416314,143805.4972985813,146579.5506705915,149139.88897354924
2026-06-30 20:10:00+00:00,145913.6002725057,138611.09506382025,145909.88923869355,150854.19320050688,143908.80641570632,146747.09539561314,149218.97185725704
2026-06-30 20:15:00+00:00,146092.79365895886,138812.45638791364,146072.770138779,150975.15745412913,144005.74071043916,146907.46048934292,149288.72571730454
2026-06-30 20:20:00+00:00,146260.59043375505,139008.0541358514,146223.16526750714,151089.46449776148,144095.9966893752,147059.32385421993,149350.67026585754
2026-06-30 20:25:00+00:00,146417.90427622598,139197.3522670185,146362.75228272652,151198.14976413548,144179.27085910997,147201.36339268312,149406.32521508195
2026-06-30 20:30:00+00:00,146565.6488657033,139379.8147407997,146493.20884228594,151302.24868598286,144255.25972623884,147332.25700717166,149457.2102771436
2026-06-30 20:35:00+00:00,146704.73788151873,139554.90551657998,146616.21260403396,151402.7966960352,144323.65979735734,147450.68260012454,149504.84516420838
2026-06-30 20:40:00+00:00,146836.08500300397,139722.08855374422,146733.4412258193,151500.82922702408,144384.1675790609,147555.31807398068,149550.74958844215
2026-06-30 20:45:00+00:00,146960.60390949072,139880.82781167733,146846.57236549052,151597.38171168114,144436.47957794493,147644.84133117934,149596.4432620107
2026-06-30 20:50:00+00:00,147079.20828031065,140030.58724976412,146957.28368089633,151693.48958273805,144480.29230060498,147717.9302741594,149643.44589707995
2026-06-30 20:55:00+00:00,147192.81179479545,140170.83082738952,147067.25282988537,151790.18827292637,144515.30225363647,147773.2628053599,149693.27720581574
2026-06-30 21:00:00+00:00,147302.3281322768,140301.02250393847,147178.15747030632,151888.51321497775,144541.20594363482,147809.51682721998,149747.45690038396
2026-06-30 21:05:00+00:00,147412.84304023054,140428.95082698687,147294.6063141753,151993.81672836034,144562.01565661305,147835.0886702477,149808.37501623158
2026-06-30 21:10:00+00:00,147527.13236530864,140560.84427609298,147417.929386627,152108.41603581954,144581.84113448937,147859.16370382905,149875.8962489147
2026-06-30 21:15:00+00:00,147642.64493560686,140693.82670861518,147544.88631518782,152228.793925003,144600.5250677174,147881.60338872,149947.7523007628
2026-06-30 21:20:00+00:00,147756.82957922106,140825.02198191182,147672.23672738436,152351.43318355823,144617.91014675048,147902.26918567636,150021.67487410535
2026-06-30 21:25:00+00:00,147867.13512424717,140951.55395334127,147796.74025074294,152472.81659913276,144633.83906204213,147921.02255545405,150095.39567127172
2026-06-30 21:30:00+00:00,147971.01039878104,141070.5464802619,147915.15651279007,152589.42695937413,144648.15450404584,147937.72495880895,150166.6463945915
2026-06-30 21:35:00+00:00,148065.90423091844,141179.12342003206,148024.24514105226,152697.74705193,144660.69916321512,147952.2378564969,150233.158746394
2026-06-30 21:40:00+00:00,148149.26544875532,141274.40863001012,148120.76576305588,152794.25966444783,144671.31573000338,147964.42270927393,150292.6644290088
2026-06-30 21:45:00+00:00,148218.5428803875,141353.5259675544,148201.47800632752,152875.44758457522,144679.84689486414,147974.14097789576,150342.89514476535
2026-06-30 21:50:00+00:00,148271.1853539109,141413.59929002333,148263.14149839352,152937.7935999597,144686.13534825083,147981.25412311836,150381.58259599307
2026-06-30 21:55:00+00:00,148304.64169742126,141451.75245477518,148302.51586678036,152977.78049824887,144690.023780617,147985.62360569762,150406.45848502143
2026-06-30 22:00:00+00:00,148316.36073901455,141465.1093191684,148316.36073901455,152991.89106709024,144691.35488241602,147987.1108863894,150415.2545141799
2026-06-30 22:05:00+00:00,148287.75108739,141450.94210237855,148287.8162828611,152982.75053311515,144676.5357358134,147958.38359823765,150386.75402292254
2026-06-30 22:10:00+00:00,148206.54518078416,141410.10646878486,148206.7822552245,152956.43314301764,144633.99244856264,147876.99215204534,150306.1588637075
2026-06-30 22:15:00+00:00,148079.67759159862,141345.10144355134,148080.15766734036,152914.59521453915,144566.59624949924,147750.1221752069,150180.82850837032
2026-06-30 22:20:00+00:00,147914.08289223508,141258.42605184185,147914.84153044428,152858.8930654212,144477.2183674588,147584.95929511674,150018.12242874652
2026-06-30 22:25:00+00:00,147716.69565509516,141152.57931882032,147717.73285577178,152790.98301340535,144368.7300312768,147388.68913916932,149825.40009667157
2026-06-30 22:30:00+00:00,147494.45045258058,141030.06026965068,147495.73065455855,152712.5213762331,144244.00246978892,147168.49733475904,149610.02098398114
2026-06-30 22:35:00+00:00,147254.2818570929,140893.36792949683,147255.73393804012,152625.16447164596,144105.90691183062,146931.5695092803,149379.34456251064
2026-06-30 22:40:00+00:00,147003.12444103375,140745.0013235227,147004.64171745212,152530.5686173855,143957.3145862375,146685.09129012754,149140.73030409563
2026-06-30 22:45:00+00:00,146747.91277680488,140587.45947689223,146749.35300403013,152430.3901311931,143801.09672184513,146436.24830469518,148901.5376805717
2026-06-30 22:50:00+00:00,146495.5814368079,140423.24141476932,146496.7668090097,152326.2853308104,143640.12454748905,146192.22618037768,148669.12616377432
2026-06-30 22:55:00+00:00,146253.06499344442,140254.84616231784,146253.78214362654,152219.91053397892,143477.26929200478,145960.2105445694,148450.855225539
2026-06-30 23:00:00+00:00,146027.29801911613,140084.7727447018,146027.29801911613,152112.9220584401,143315.40218422798,145747.38702466481,148254.08433770135
2026-06-30 23:05:00+00:00,145805.13015592648,139887.02697901087,145807.3468415802,151996.69835241485,143139.76925354573,145545.94969572464,148073.1213346772
2026-06-30 23:10:00+00:00,145570.41252557572,139639.27843483046,145579.8273463067,151862.23550862665,142936.00824636276,145343.02153592234,147896.3112825039
2026-06-30 23:15:00+00:00,145325.58191986036,139349.52176606812,145345.43803831073,151710.616311571,142707.57796704097,145138.1815273213,147722.06950044932
2026-06-30 23:20:00+00:00,145073.0751305771,139025.75162663122,145104.8774226073,151542.92354574343,142457.93721994216,144931.00865198512,147548.8113077812
2026-06-30 23:25:00+00:00,144815.32894952258,138675.9626704272,144858.84400421157,151360.2399956393,142190.54480942822,144721.08189197708,147374.95202376726
2026-06-30 23:30:00+00:00,144554.7801684934,138308.1495513636,144608.0362881386,151163.6484457543,141908.859539861,144507.98022936075,147198.90696767537
2026-06-30 23:35:00+00:00,144293.86557928618,137930.30692334782,144353.1527794034,150954.2316805838,141616.34021560237,144291.28264619954,147019.0914587733
2026-06-30 23:40:00+00:00,144035.0219736976,137550.42944028726,144094.89198302105,150733.07248462326,141316.4456410141,144070.56812455694,146833.9208163288
2026-06-30 23:45:00+00:00,143780.68614352428,137176.5117560895,143833.95240400668,150501.2536423683,141012.63462045812,143845.41564649632,146641.8103596097
2026-06-30 23:50:00+00:00,143533.2948805628,136816.5485246619,143571.03254737533,150259.85793831432,140708.36595829632,143615.40419408123,146441.17540788374
2026-06-30 23:55:00+00:00,143295.2849766099,136478.53439991194,143306.83091814208,150009.96815695678,140407.09845889048,143380.11274937508,146230.43128041868
2026-07-01 00:00:00+00:00,143069.0932234621,136170.46403574702,143042.04602132196,149752.66708279127,140112.2909266025,143139.12029444132,146007.9932964824
2026-07-01 00:05:00+00:00,142858.94326131872,135889.44518109472,142776.66966402644,149469.93227558307,139820.86399023316,142891.93330103962,145775.37407760837
2026-07-01 00:10:00+00:00,142664.70247962145,135624.7017644788,142509.86734491214,149147.24587067126,139526.94733067523,142638.47169317224,145534.54292961035
2026-07-01 00:15:00+00:00,142482.2732940307,135372.40270920124,142241.0981063117,148790.9475159119,139229.81333042824,142378.9346312665,145284.6001981763
2026-07-01 00:20:00+00:00,142307.55812020678,135128.71693856394,141969.82099055793,148407.3768591611,138928.7343719918,142113.52127574975,145024.6462289943
2026-07-01 00:25:00+00:00,142136.4593738102,134889.81337586892,141695.4950399835,148002.873548275,138622.98283786557,141842.43078704947,144753.78136775238
2026-07-01 00:30:00+00:00,141964.87947050127,134651.86094441806,141417.57929692126,147583.77723110965,138311.83111054907,141565.86232559287,144471.10596013858
2026-07-01 00:35:00+00:00,141788.72082594037,134411.02856751333,141135.53280370386,147156.42755552114,137994.551572542,141284.0150518074,144175.72035184086
2026-07-01 00:40:00+00:00,141603.88585578793,134163.48516845674,140848.8146026641,146727.1641693656,137670.41660634393,140997.08812612033,143866.7248885473
2026-07-01 00:45:00+00:00,141406.2769757043,133905.39967055013,140556.88373613474,146302.32672049908,137338.69859445447,140705.28070895912,143543.2199159459
2026-07-01 00:50:00+00:00,141191.79660134987,133632.94099709555,140259.19924644844,145888.25485677776,136998.66991937323,140408.7919607511,143204.30577972467
2026-07-01 00:55:00+00:00,140956.34714838502,133342.27807139492,139955.220175938,145491.28822605757,136649.6029635998,140107.82104192363,142849.08282557168
2026-07-01 01:00:00+00:00,140695.83103247013,133029.57981675013,139644.40556693618,145117.76647619478,136290.77010963383,139802.56711290404,142476.65139917494
2026-07-01 01:05:00+00:00,140398.53995027742,132695.41349070132,139330.7993732327,144766.6293092198,135920.26972286293,139494.37544270896,142069.26246707203
2026-07-01 01:10:00+00:00,140058.5541150687,132343.09780366308,139017.3297711138,144430.1824743921,135537.22581129742,139183.67593550976,141614.38602064454
2026-07-01 01:15:00+00:00,139680.4587173891,131972.92885824933,138701.78213665658,144104.8146904114,135142.4492213708,138869.29470446578,141118.95094284642
2026-07-01 01:20:00+00:00,139268.83894778354,131585.2027570738,138381.94184593842,143786.9146759774,134736.75079951662,138550.0578627365,140589.8861166317
2026-07-01 01:25:00+00:00,138828.27999679706,131180.2156027504,138055.59427503662,143472.87114978972,134320.94139216832,138224.79152348128,140034.12042495437
2026-07-01 01:30:00+00:00,138363.3670549747,130758.26349789293,137720.52480002836,143159.072830548,133895.83184575947,137892.32179985964,139458.5827507684
2026-07-01 01:35:00+00:00,137878.68531286146,130319.64254511525,137374.51879699103,142841.90843695198,133462.2330067236,137551.4748050309,138870.20197702778
2026-07-01 01:40:00+00:00,137378.81996100233,129864.64884703119,137015.36164200184,142517.76668770128,133020.95572149422,137201.0766521545,138275.90698668652
2026-07-01 01:45:00+00:00,136868.3561899423,129393.57850625458,136640.83871113806,142183.0363014956,132572.81083650485,136839.95345438994,137682.62666269855
2026-07-01 01:50:00+00:00,136351.87919022646,128906.72762539923,136248.735380477,141834.10599703455,132118.60919818896,136466.93132489652,137097.28988801793
2026-07-01 01:55:00+00:00,135833.97415239978,128404.39230707905,135836.83702609598,141467.3644930179,131659.1616529801,136080.83637683367,136526.8255455986
2026-07-01 02:00:00+00:00,135319.22626700727,127886.86865390779,135402.92902407213,141079.2005081452,131195.27904731184,135680.4947233609,135978.1625183946
2026-07-01 02:05:00+00:00,134800.26565156732,127335.57178249005,134937.71484059814,140667.93778405854,130724.42329992012,135269.66354381802,135447.02301214135
2026-07-01 02:10:00+00:00,134266.76289954694,126736.6539141719,134435.7227034008,140235.55318304597,130243.82632527254,134851.11535259522,134923.1219108795
2026-07-01 02:15:00+00:00,133718.86391541385,126097.51680867933,133900.47513085877,139783.9151047761,129753.95396340007,134422.19926542733,134404.37711502085
2026-07-01 02:20:00+00:00,133156.71460363592,125425.56222573847,133335.49464135082,139314.89194891765,129255.27205433352,133980.26439804918,133888.70652497708
2026-07-01 02:25:00+00:00,132580.46086868094,124728.19192507534,132744.30375325555,138830.35211513928,128748.24643810382,133522.6598661957,133374.02804116005
2026-07-01 02:30:00+00:00,131990.2486150167,124012.80766641605,132130.42498495165,138332.16400310965,128233.34295474185,133046.73478560164,132858.25956398135
2026-07-01 02:35:00+00:00,131386.223747111,123286.81120948661,131497.38085481783,137822.1960124975,127711.02744427856,132549.83827200189,132339.31899385282
2026-07-01 02:40:00+00:00,130768.5321694317,122557.60431401314,130848.69388123283,137302.3165429715,127181.76574674479,132029.3194411313,131815.12423118617
2026-07-01 02:45:00+00:00,130137.3197864465,121832.58873972166,130187.8865825752,136774.39399420025,126646.02370217144,131482.52740872468,131283.59317639316
2026-07-01 02:50:00+00:00,129492.7325026233,121119.16624633827,129518.48147722374,136240.29676585252,126104.26715058945,130906.81129051688,130742.64372988556
2026-07-01 02:55:00+00:00,128834.91622242988,120424.73859358898,128844.00108355712,135701.89325759694,125556.96193202969,130299.52020224275,130190.19379207511
2026-07-01 03:00:00+00:00,128164.01685033402,119756.70754119991,128167.96791995395,135161.05186910217,125004.57388652307,129658.0032596372,129624.16126337349
2026-07-01 03:05:00+00:00,127457.20039842077,119109.82189913694,127465.40214485944,134603.65760754774,124439.42378900797,128945.06013584034,129044.84332640911
2026-07-01 03:10:00+00:00,126699.00270189327,118472.61080660085,126715.96022302346,134018.37271583726,123855.9245883687,128135.53465479692,128454.45859967006
2026-07-01 03:15:00+00:00,125900.62439989642,117843.14651717001,125930.1191322817,133411.2314472256,123257.6803855551,127244.84215844858,127853.80713735773
2026-07-01 03:20:00+00:00,125073.26613157516,117219.5012844228,125118.35585046993,132788.26805496754,122648.2952815169,126288.39798873705,127243.68899367348
2026-07-01 03:25:00+00:00,124228.12853607441,116599.7473619376,124291.14735542386,132155.51679231794,122031.37337720396,125281.617487604,126624.90422281869
2026-07-01 03:30:00+00:00,123376.41225253908,115981.95700329279,123458.97062497924,131519.01191253166,121410.51877356604,124239.91599699108,125998.25287899478
2026-07-01 03:35:00+00:00,122529.31792011416,115364.20246206669,122632.30263697181,130884.78766886356,120789.33557155296,123178.70885883998,125364.53501640311
2026-07-01 03:40:00+00:00,121698.0461779445,114744.55599183775,121821.62036923731,130258.87831456844,120171.4278721145,122113.41141509236,124724.55068924505
2026-07-01 03:45:00+00:00,120893.79766517511,114121.08984618432,121037.40079961147,129647.31810290119,119560.39977620044,121059.43900768989,124079.099951722
2026-07-01 03:50:00+00:00,120127.77302095083,113491.87627868475,120290.12090593,129056.1412871166,118959.85538476061,120032.2069785743,123428.98285803536
2026-07-01 03:55:00+00:00,119411.17288441665,112854.98754291746,119590.2576660287,128491.38212046956,118373.39879874476,119047.13066968722,122774.99946238649
2026-07-01 04:00:00+00:00,118755.19789471746,112208.49589246076,118948.28805774325,127959.07485621487,117804.63411910275,118119.62542297032,122117.94981897676
2026-07-01 04:05:00+00:00,118151.5886903756,111540.5622241627,118354.60781551439,127455.63973418468,117250.67463021363,117219.63812485246,121446.35600896021
2026-07-01 04:10:00+00:00,117581.18657257856,110845.70303905102,117790.02766169027,126971.56129436987,116705.59055625765,116310.95551145804,120751.93112047951
2026-07-01 04:15:00+00:00,117038.84317446903,110131.52399697388,117250.6470559677,126503.97024026344,116168.42140788626,115399.75269927211,120040.26171821899
2026-07-01 04:20:00+00:00,116519.41012918974,109405.63075777938,116732.56545804352,126049.99727535836,115638.20669575091,114492.20480477973,119316.93436686299
2026-07-01 04:25:00+00:00,116017.73906988338,108675.62898131563,116231.88232761458,125606.77310314764,115113.98593050301,113594.48694446593,118587.53563109586
2026-07-01 04:30:00+00:00,115528.68162969264,107949.12432743073,115744.69712437772,125171.42842712426,114594.79862279406,112712.77423481572,117857.65207560196
2026-07-01 04:35:00+00:00,115047.08944176028,107233.72245597282,115267.10930802976,124741.09395078119,114079.68428327548,111853.24179231419,117132.87026506563
2026-07-01 04:40:00+00:00,114567.81413922898,106537.02902679001,114795.21833826756,124312.90037761144,113567.68242259872,111022.06473344637,116418.77676417123
2026-07-01 04:45:00+00:00,114085.70735524144,105866.6496997304,114325.12367478794,123883.978411108,113057.83255141527,110225.41817469732,115720.95813760307
2026-07-01 04:50:00+00:00,113595.62072294037,105230.19013464211,113852.92477728774,123451.45875476382,112549.17418037652,109469.47723255203,115045.00095004555
2026-07-01 04:55:00+00:00,113092.40587546848,104635.25599137327,113374.7211054638,123012.47211207195,112040.74682013398,108760.4170234956,114396.49176618295
2026-07-01 05:00:00+00:00,112570.91444596846,104089.45292977196,112886.61211901296,122564.14918652532,111531.58998133906,108104.41266401306,113781.01715069967
2026-07-01 05:05:00+00:00,112025.4649446273,103580.82524504903,112388.83328625854,122106.00111584786,111016.36865899722,107482.21049930806,113182.27080767027
2026-07-01 05:10:00+00:00,111458.02317905061,103091.65723791935,111885.77593975283,121640.84434741586,110492.7167937391,106872.32455165994,112583.05225795237
2026-07-01 05:15:00+00:00,110874.91172850908,102620.91457648725,111379.77333553621,121170.76754920093,109964.12731465384,106277.58145316722,111987.60679140489
2026-07-01 05:20:00+00:00,110282.45317227337,102167.56292885689,110873.15872964909,120697.85938917474,109434.09315083062,105700.80783592841,111400.17969788674
2026-07-01 05:25:00+00:00,109686.97008961419,101730.56796313258,110368.26537813182,120224.20853530896,108906.10723135859,105144.83033204201,110825.01626725688
2026-07-01 05:30:00+00:00,109094.78505980222,101308.89534741855,109867.42653702479,119751.90365557518,108383.66248532692,104612.47557360654,110266.36178937422
2026-07-01 05:35:00+00:00,108512.22066210814,100901.51074981902,109372.97546236835,119283.03341794504,107870.25184182478,104106.57019272051,109728.46155409765
2026-07-01 05:40:00+00:00,107945.59947580265,100507.3798384383,108887.2454102029,118819.6864903902,107369.3682299413,103629.94082148247,109215.56085128614
2026-07-01 05:45:00+00:00,107401.24408015645,100125.46828138056,108412.56963656882,118363.95154088228,106884.50457876567,103185.41409199087,108731.90497079858
2026-07-01 05:50:00+00:00,106885.4770544402,99754.7417467501,107951.28139750643,117917.91723739292,106419.15381738705,102775.81663634429,108281.7392024939
2026-07-01 05:55:00+00:00,106404.6209779246,99394.16590265116,107505.71394905615,117483.67224789377,105976.80887489459,102403.97508664119,107869.30883623102
2026-07-01 06:00:00+00:00,105964.99842988033,99042.70641718798,107078.20054725837,117063.30524035645,105560.96268037746,102072.71607498013,107498.8591618689
2026-07-01 06:05:00+00:00,105551.66903062728,98696.80528570843,106653.28518085621,116650.07212163844,105163.46860561144,101770.53902864252,107163.65334351404
2026-07-01 06:10:00+00:00,105146.64672051465,98354.66706355473,106218.10240442913,116237.15185473305,104774.38878394861,101483.80769420289,106852.10345214995
2026-07-01 06:15:00+00:00,104751.68555885712,98017.90125882266,105778.8713227719,115826.51769181556,104394.52928684266,101212.14518269943,106561.17813795083
2026-07-01 06:20:00+00:00,104368.53960496941,97688.11737960797,105341.81104067939,115420.14288506133,104024.69618574722,100955.1746051702,106287.84605109096
2026-07-01 06:25:00+00:00,103998.96291816619,97366.92493400646,104913.14066294636,115020.00068664565,103665.69555211594,100712.51907265343,106029.07584174453
2026-07-01 06:30:00+00:00,103644.70955776214,97055.93343011386,104499.07929436765,114628.06434874386,103318.33345740246,100483.80169618719,105781.83616008583
2026-07-01 06:35:00+00:00,103307.53358307196,96756.75237602598,104105.84603973805,114246.30712353134,102983.41597306047,100268.64558680968,105543.09565628905
2026-07-01 06:40:00+00:00,102989.1890534103,96470.99127983856,103739.66000385239,113876.70226318332,102661.74917054361,100066.67385555898,105309.8229805285
2026-07-01 06:45:00+00:00,102691.4300280919,96200.25964964739,103406.74029150544,113521.2230198752,102354.13912130553,99877.5096134733,105078.98678297832
2026-07-01 06:50:00+00:00,102416.01056643143,95946.16699354822,103113.30600749206,113181.84264578225,102061.39189679989,99700.77597159072,104847.55571381284
2026-07-01 06:55:00+00:00,102164.68472774354,95710.32281963681,102865.57625660703,112860.53439307984,101784.31356848033,99536.09604094941,104612.49842320626
2026-07-01 07:00:00+00:00,101939.20657134296,95494.33663600899,102669.77014364516,112559.27151394328,101523.71020780051,99383.09293258752,104370.78356133282
2026-07-01 07:05:00+00:00,101736.86580731375,95291.17050162905,102505.41922699289,112269.33029844941,101273.81592430014,99241.28412349764,104123.28071674902
2026-07-01 07:10:00+00:00,101552.00984551062,95093.31269703545,102348.45502311569,111982.06043905484,101029.05760912673,99109.58463187466,103873.80314208528
2026-07-01 07:15:00+00:00,101381.97929490427,94901.66206268496,102199.69657392694,111699.54529150462,100790.53050614563,98986.71388056017,103623.73498362674
2026-07-01 07:20:00+00:00,101224.11476446538,94717.1174390345,102059.96292134002,111423.86821154373,100559.32985922217,98871.39129239574,103374.46038765855
2026-07-01 07:25:00+00:00,101075.75686316461,94540.57766654079,101930.07310726828,111157.11255491717,100336.55091222172,98762.33629022294,103127.36350046583
2026-07-01 07:30:00+00:00,100934.24619997271,94372.94158566074,101810.84617362516,110901.36167736998,100123.28890900961,98658.26829688333,102883.82846833374
2026-07-01 07:35:00+00:00,100796.92338386028,94215.10803685113,101703.10116232395,110658.69893464715,99920.63909345122,98557.90673521852,102645.23943754744
2026-07-01 07:40:00+00:00,100661.12902379804,94067.97586056884,101607.65711527807,110431.20768249372,99729.69670941187,98459.97102807005,102412.98055439205
2026-07-01 07:45:00+00:00,100524.2037287567,93932.44389727068,101525.33307440089,110220.97127665467,99551.55700075692,98363.18059827955,102188.43596515272
2026-07-01 07:50:00+00:00,100383.48810770689,93809.41098741346,101456.94808160578,110030.07307287503,99387.31521135171,98266.25486868853,101972.9898161146
2026-07-01 07:55:00+00:00,100236.3227696193,93699.77597145406,101403.32117880612,109860.5964268998,99238.06658506162,98167.9132621386,101768.02625356281
2026-07-01 08:00:00+00:00,100080.04832346467,93604.43768984923,101365.27140791528,109714.62469447401,99104.90636575196,98066.87520147132,101574.92942378251
2026-07-01 08:05:00+00:00,99904.23066639631,93516.19375150993,101338.13729416524,109580.48341871558,98978.75357925899,97957.63944058045,101381.2714360131
2026-07-01 08:10:00+00:00,99705.11223175142,93428.18741679222,101316.05515727412,109446.56335334649,98851.34998474029,97838.07762681303,101177.16873174098
2026-07-01 08:15:00+00:00,99490.04843277638,93341.83600332086,101298.04073088447,109315.04567001785,98725.02492604314,97711.9685231907,100967.82195562164
2026-07-01 08:20:00+00:00,99266.39468271757,93258.55682872052,101283.1097486389,109188.11154038065,98602.10774701493,97583.0908927351,100758.43175231063
2026-07-01 08:25:00+00:00,99041.5063948214,93179.76721061593,101270.27794417995,109067.942136086,98484.92779150295,97455.22349846779,100554.1987664635
2026-07-01 08:30:00+00:00,98822.73898233421,93106.88446663179,101258.56105115022,108956.71862878496,98375.81440335457,97332.14510341047,100360.32364273579
2026-07-01 08:35:00+00:00,98617.4478585024,93041.32591439282,101246.97480319224,108856.62219012862,98277.09692641709,97217.6344705847,100182.00702578302
2026-07-01 08:40:00+00:00,98432.9884365724,92984.50887152369,101234.53493394861,108769.83399176798,98191.10470453788,97115.4703630121,100024.44956026076
2026-07-01 08:45:00+00:00,98276.71612979051,92937.85065564915,101220.2571770619,108698.53520535419,98120.16708156423,97029.4315437143,99892.85189082455
2026-07-01 08:50:00+00:00,98155.98635140319,92902.76858439388,101203.15726617468,108644.90700253822,98066.61340134351,96963.29677571291,99792.41466212992
2026-07-01 08:55:00+00:00,98078.15451465677,92880.6799753826,101182.2509349295,108611.13055497121,98032.77300772304,96920.84482202957,99728.33851883242
2026-07-01 09:00:00+00:00,98050.57603279765,92873.00214624002,101156.55391696897,108599.38703430419,98020.97524455012,96905.85444568587,99705.82410558757
2026-07-01 09:05:00+00:00,98072.49955111838,92890.09099523189,101114.33821659355,108603.17560724964,98055.84032606207,96911.42552288997,99714.51850632904
2026-07-01 09:10:00+00:00,98134.53787128624,92938.97498652231,101048.05658877941,108614.15746880732,98154.03852443869,96927.75292527124,99739.80270877862
2026-07-01 09:15:00+00:00,98231.09264110969,93016.08028658344,100962.9958931827,108631.75683305929,98305.97427044106,96954.25790898311,99780.47821327411
2026-07-01 09:20:00+00:00,98356.5655083972,93117.83306188746,100864.44298945958,108655.39791408765,98502.05199483037,96990.361730179,99835.34652015328
2026-07-01 09:25:00+00:00,98505.35812095721,93240.65947890657,100757.68473726619,108684.50492597441,98732.67612836773,97035.48564501229,99903.2091297539
2026-07-01 09:30:00+00:00,98671.8721265982,93380.98570411296,100648.00799625863,108718.50208280166,98988.25110181425,97089.05090963643,99982.86754241378
2026-07-01 09:35:00+00:00,98850.50917312865,93535.23790397878,100540.69962609309,108756.81359865144,99259.18134593108,97150.47878020485,100073.12325847064
2026-07-01 09:40:00+00:00,99035.67090835699,93699.84224497623,100441.04648642568,108798.86368760583,99535.87129147936,97219.19051287098,100172.77777826233
2026-07-01 09:45:00+00:00,99221.7589800917,93871.2248935775,100354.33543691257,108844.07656374687,99808.72536922018,97294.6073637882,100280.6326021266
2026-07-01 09:50:00+00:00,99403.17503614126,94045.81201625477,100285.8533372099,108891.87644115664,100068.1480099147,97376.15058910995,100395.4892304012
2026-07-01 09:55:00+00:00,99574.32072431411,94220.0297794802,100240.88704697377,108941.68753391715,100304.54364432403,97463.24144498966,100516.14916342396
2026-07-01 10:00:00+00:00,99729.59769241874,94390.30434972601,100224.72342586037,108992.93405611052,100508.31670320933,97555.30118758074,100641.41390153262
2026-07-01 10:05:00+00:00,99870.12036409404,94565.82162974612,100243.37853468159,109053.33530856688,100685.07613996373,97687.0672227351,100800.1240583491
2026-07-01 10:10:00+00:00,100002.71914560313,94757.49465514078,100297.25925236488,109130.01108220841,100848.99858262057,97888.33862844214,101017.04090030171
2026-07-01 10:15:00+00:00,100130.36965869089,94964.3402916517,100383.23866573987,109221.48632625508,101003.33997390125,98151.1291690616,101284.84690693783
2026-07-01 10:20:00+00:00,100256.0475251022,95185.37540502055,100498.18986163607,109326.28598992695,101151.35625652713,98467.45260895313,101596.22455780493
2026-07-01 10:25:00+00:00,100382.72836658184,95419.61686098899,100638.98592688306,109442.93502244401,101296.30337321965,98829.32271247645,101943.85633245035
2026-07-01 10:30:00+00:00,100513.38780487473,95666.08152529874,100802.49994831036,109569.95837302631,101441.43726670016,99228.75324399129,102320.42471042156
2026-07-01 10:35:00+00:00,100651.00146172568,95923.78626369145,100985.60501274758,109705.88099089387,101590.01387969009,99657.75796785732,102718.61217126591
2026-07-01 10:40:00+00:00,100798.54495887957,96191.74794190878,101185.1742070242,109849.22782526669,101745.28915491083,100108.35064843427,103131.10119453086
2026-07-01 10:45:00+00:00,100958.99391808124,96468.98342569245,101398.08061796984,109998.52382536481,101910.51903508375,100572.54505008183,103550.57425976377
2026-07-01 10:50:00+00:00,101135.32396107553,96754.50958078413,101621.19733241403,110152.29394040823,102088.95946293024,101042.35493715969,103969.71384651211
2026-07-01 10:55:00+00:00,101330.5107096073,97047.34327292547,101851.39743718634,110309.06311961699,102283.86638117174,101509.79407402755,104381.20243432322
2026-07-01 11:00:00+00:00,101547.5297854214,97346.50136785816,102085.5540191163,110467.35631221111,102498.4957325296,101966.87622504514,104777.72250274455
2026-07-01 11:05:00+00:00,101815.70825220253,97664.59576637438,102364.39532158147,110629.71973847544,102744.68453341624,102437.38712557072,105170.37332429501
2026-07-01 11:10:00+00:00,102155.36916489856,98011.70867241155,102722.42205967521,110800.26868792188,103028.45084867316,102946.58667440485,105574.55229613034
2026-07-01 11:15:00+00:00,102555.98213214909,98383.06240642926,103147.1660278007,110979.88171361094,103344.32219366546,103488.69988107066,105989.3890847532
2026-07-01 11:20:00+00:00,103007.01676259372,98773.87928888714,103626.15902036121,111169.43736860319,103686.82608375822,104057.95175509126,106414.01335666626
2026-07-01 11:25:00+00:00,103497.94266487204,99179.38164024477,104146.93283175996,111369.81420595912,104050.49003431649,104648.56730598972,106847.55477837218
2026-07-01 11:30:00+00:00,104018.22944762366,99594.79178096174,104697.01925640018,111581.89077873928,104429.84156070538,105254.77154328921,107289.14301637364
2026-07-01 11:35:00+00:00,104557.3467194882,100015.33203149764,105263.95008868509,111806.54564000422,104819.40817828994,105870.7894765128,107737.90773717329
2026-07-01 11:40:00+00:00,105104.76408910521,100436.22471231208,105835.25712301793,112044.65734281445,105213.71740243527,106490.84611518362,108192.97860727378
2026-07-01 11:45:00+00:00,105649.95116511435,100852.69214386462,106398.47215380195,112297.10444023051,105607.29674850641,107109.16646882478,108653.48529317779
2026-07-01 11:50:00+00:00,106182.3775561552,101259.95664661491,106941.12697544035,112564.76548531294,105994.67373186849,107719.97554695941,109118.55746138799
2026-07-01 11:55:00+00:00,106691.51287086737,101653.2405410225,107450.75338233636,112848.51903112224,106370.37586788656,108317.4983591106,109587.32477840703
2026-07-01 12:00:00+00:00,107166.82671789045,102027.76614754702,107914.88316889323,113149.24363071901,106728.93067192569,108895.95991480147,110058.9169107376
2026-07-01 12:05:00+00:00,107616.24651160654,102383.23990107886,108340.0510471837,113489.25822154668,107068.72938594416,109465.9439395777,110540.15007331687
2026-07-01 12:10:00+00:00,108056.32720220812,102724.78954673094,108744.2845246559,113885.06874094842,107394.72149458271,110040.49671036184,111036.46952323041
2026-07-01 12:15:00+00:00,108489.47970205027,103055.76937029655,109132.35458877588,114328.83424183441,107711.2718772302,110617.53706374211,111544.94849020334
2026-07-01 12:20:00+00:00,108918.11492348814,103379.53365756906,109509.0322270099,114812.71377711471,108022.74541327539,111194.98383630688,112062.66020396088
2026-07-01 12:25:00+00:00,109344.64377887682,103699.43669434176,109879.08842682403,115328.86639969946,108333.50698210711,111770.75586464445,112586.67789422814
2026-07-01 12:30:00+00:00,109771.47718057143,104018.83276640797,110247.29417568451,115869.45116249878,108647.92146311415,112342.7719853431,113114.07479073027
2026-07-01 12:35:00+00:00,110201.0260409271,104341.07615956104,110618.42046105745,116426.62711842277,108970.35373568533,112908.95103499116,113641.92412319245
2026-07-01 12:40:00+00:00,110635.70127229895,104669.52115959428,110997.23827040901,116992.55332038154,109305.16867920947,113467.2118501769,114167.29912133985
2026-07-01 12:45:00+00:00,111077.91378704207,105007.52205230104,111388.51859120537,117559.38882128522,109656.73117307534,114015.47326748869,114687.27301489757
2026-07-01 12:50:00+00:00,111530.0744975116,105358.43312347459,111797.0324109127,118119.29267404393,110029.40609667177,114551.65412351476,115198.91903359085
2026-07-01 12:55:00+00:00,111994.59431606263,105725.6086589083,112227.5507169971,118664.42393156777,110427.55832938758,115073.67325484345,115699.31040714477
2026-07-01 13:00:00+00:00,112473.88415505031,106112.4029443955,112684.84449692478,119186.94164676685,110855.55275061155,115579.44949806308,116185.52036528452
2026-07-01 13:05:00+00:00,112967.68407375783,106525.03726634041,113175.86141106761,119691.42719162464,111331.0173446617,116062.69038813058,116651.9762386025
2026-07-01 13:10:00+00:00,113473.51076256971,106964.5152805846,113700.86801378349,120189.3533698769,111862.92243877487,116522.01559026813,117098.44184772276
2026-07-01 13:15:00+00:00,113990.44008049302,107426.36482707727,114254.6136335176,120683.2163820623,112442.64642671806,116962.712136462,117529.99515741807
2026-07-01 13:20:00+00:00,114517.54788653478,107906.1137457677,114831.8475987151,121175.51242871943,113061.56770225828,117390.0670586984,117951.7141324611
2026-07-01 13:25:00+00:00,115053.91003970208,108399.2898766051,115427.31923782115,121668.73771038695,113711.06465916254,117809.36738896358,118368.6767376246
2026-07-01 13:30:00+00:00,115598.60239900199,108901.42105953871,116035.77787928093,122165.3884276035,114382.51569119784,118225.90015924379,118785.96093768127
2026-07-01 13:35:00+00:00,116150.70082344156,109408.03513451775,116651.9728515396,122667.96078090766,115067.29919213124,118644.95240152524,119208.64469740386
2026-07-01 13:40:00+00:00,116709.28117202783,109914.65994149148,117270.65348304235,123178.95097083811,115756.79355572969,119071.81114779417,119641.80598156503
2026-07-01 13:45:00+00:00,117273.41930376789,110416.82332040914,117886.56910223431,123700.85519793346,116442.37717576022,119511.76343003681,120090.52275493757
2026-07-01 13:50:00+00:00,117842.19107766877,110910.05311121995,118494.46903756069,124236.16966273233,117115.42844598986,119970.0962802394,120559.87298229414
2026-07-01 13:55:00+00:00,118414.67235273753,111389.87715387314,119089.10261746665,124787.39056577336,117767.32576018562,120452.0967303882,121054.93462840747
2026-07-01 14:00:00+00:00,118989.93898798128,111851.82328831797,119665.21917039732,125357.01410759517,118389.4475121145,120963.05181246942,121580.78565805027
2026-07-01 14:05:00+00:00,119571.4681128528,112291.82658989223,120222.77519733467,125952.52509447782,118988.16993118079,121515.48802068498,122153.06581475542
2026-07-01 14:10:00+00:00,120162.6128338694,112712.2649946354,120767.49890303804,126576.54267836006,119577.00724114728,122112.61984408127,122777.66991244325
2026-07-01 14:15:00+00:00,120762.26297563482,113118.33063354924,121302.7971716188,127224.2645782686,120158.04482731852,122745.76630691113,123445.05852146771
2026-07-01 14:20:00+00:00,121369.3083627528,113515.21563763547,121832.07688718825,127890.88851323012,120733.36807499915,123406.24643342741,124145.69221218281
2026-07-01 14:25:00+00:00,121982.63881982709,113908.11213789589,122358.74493385774,128571.61220227137,121305.06236949377,124085.37924788303,124870.03155494247
2026-07-01 14:30:00+00:00,122601.14417146143,114302.21226533224,122886.20819573861,129261.63336441905,121875.21309610696,124774.48377453082,125608.5371201007
2026-07-01 14:35:00+00:00,123223.71424225956,114702.70815094624,123417.87355694224,129956.14971869982,122445.90564014342,125464.87903762367,126351.66947801142
2026-07-01 14:40:00+00:00,123849.23885682524,115114.79192573972,123957.14790157993,130650.35898414045,123019.22538690767,126147.88406141444,127089.88919902864
2026-07-01 14:45:00+00:00,124476.60783976217,115543.65572071435,124507.43811376301,131339.45887976757,123597.25772170439,126814.81787015601,127813.6568535063
2026-07-01 14:50:00+00:00,125104.71101567418,115994.49166687191,125072.15107760282,132018.64712460796,124182.08802983812,127456.99948810124,128513.43301179838
2026-07-01 14:55:00+00:00,125732.43820916493,116472.49189521417,125654.69367721074,132683.1214376883,124775.80169661352,128065.747939503,129179.67824425883
2026-07-01 15:00:00+00:00,126358.6792448382,116982.84853674287,126258.47279669809,133328.07953803526,125380.4841073352,128632.38224861414,129802.85312124166
2026-07-01 15:05:00+00:00,126987.79935399313,117543.49106494915,126894.90565042784,133954.96115715068,125994.70688562856,129156.66746703727,130385.19564845074
2026-07-01 15:10:00+00:00,127623.79981987498,118162.04423876813,127568.08891094635,134570.00330387012,126615.37351355323,129648.69038216492,130939.12703424302
2026-07-01 15:15:00+00:00,128265.02454500664,118828.24311736753,128270.44864963986,135175.5996132211,127242.0671640653,130115.25262193487,131470.3826529521
2026-07-01 15:20:00+00:00,128909.81743191105,119531.822759915,128994.41093789478,135774.14372023102,127874.37101012068,130563.15581428484,131984.69787891157
2026-07-01 15:25:00+00:00,129556.52238311112,120262.51822557831,129732.40184709737,136368.02925992743,128511.86822467543,130999.20158715267,132487.8080864549
2026-07-01 15:30:00+00:00,130203.48330112976,121010.06457352516,130476.84744863397,136959.6498673377,129154.14198068556,131430.19156847612,132985.4486499157
2026-07-01 15:35:00+00:00,130849.04408848991,121764.19686292323,131220.17381389087,137551.39917748934,129800.77545110704,131862.927386193,133483.3549436275
2026-07-01 15:40:00+00:00,131491.5486477145,122514.65015294023,131954.80701425442,138145.67082540985,130451.3518088959,132304.21066824102,133987.26234192392
2026-07-01 15:45:00+00:00,132129.34088132635,123251.15950274386,132673.17312111094,138744.8584461266,131105.45422700813,132760.843042558,134502.90621913847
2026-07-01 15:50:00+00:00,132760.76469184848,123963.45997150184,133367.6982058467,139351.35567466714,131762.66587839974,133239.6261370817,135036.0219496047
2026-07-01 15:55:00+00:00,133384.16398180375,124641.28661838188,134030.8083398481,139967.55614605892,132422.56993602676,133747.36157974994,135592.34490765622
2026-07-01 16:00:00+00:00,133997.88265371512,125274.37450255168,134654.9295945014,140595.85349532941,133084.74957284515,134290.85099850045,136177.6104676265
2026-07-01 16:05:00+00:00,134603.0589669209,125872.75632407927,135243.61149887278,141263.3686810388,133771.7037801245,134883.7149258907,136798.10449852355
2026-07-01 16:10:00+00:00,135202.296790211,126454.56229001218,135808.09943543756,141984.84077350286,134498.24851001392,135528.55569254994,137452.22251277996
2026-07-01 16:15:00+00:00,135796.13844028598,127021.67371998742,136352.36325569556,142744.09057538243,135252.44237678903,136215.64762352346,138133.86434986664
2026-07-01 16:20:00+00:00,136385.12623384615,127575.97193364198,136880.37281114678,143524.9388893384,136022.3439947253,136935.26504385684,138836.92984925432
2026-07-01 16:25:00+00:00,136969.80248759195,128119.33825061283,137396.0979532911,144311.2065180316,136796.01197809822,137677.68227859543,139555.31885041384
2026-07-01 16:30:00+00:00,137550.70951822386,128653.65399053699,137903.5085336284,145086.71426412274,137561.50494118338,138433.17365278467,140282.93119281606
2026-07-01 16:35:00+00:00,138128.38964244226,129180.80047305144,138406.5744036586,145835.2829302728,138306.88149825623,139192.01349146993,141013.6667159317
2026-07-01 16:40:00+00:00,138703.3851769475,129702.6590177932,138909.26541488164,146540.73331914254,139020.2002635924,139944.47611969666,141741.42525923165
2026-07-01 16:45:00+00:00,139276.2384384401,130221.1109443992,139415.5514187974,147186.8862333928,139689.51985146722,140680.83586251028,142460.10666218665
2026-07-01 16:50:00+00:00,139847.49174362046,130738.0375725065,139929.4022669058,147757.56247568448,140302.89887615634,141391.36704495625,143163.61076426753
2026-07-01 16:55:00+00:00,140417.68740918895,131255.32022175207,140454.78781070674,148236.58284867834,140848.39595193524,142066.34399207996,143845.83740494514
2026-07-01 17:00:00+00:00,140987.36775184606,131774.84021177288,140995.67790170014,148607.7681550352,141314.06969307948,142696.04102892682,144500.68642369023
2026-07-01 17:05:00+00:00,141575.74163111948,132298.65557710925,141572.639728312,148902.3589628754,141727.5388190422,143315.4603942722,145161.02216833679
2026-07-01 17:10:00+00:00,142194.45806843153,132826.06866933795,142194.48639027093,149165.38161746945,142123.85306290557,143958.19587464407,145854.65335240166
2026-07-01 17:15:00+00:00,142832.7196233245,133354.82728365052,142847.55660603067,149401.33558720362,142502.21755938846,144612.40911671676,146567.89636387985
2026-07-01 17:20:00+00:00,143479.7288553405,133882.67921523866,143518.189094045,149614.72034046415,142861.83744320978,145266.2617671646,147287.06759076647
2026-07-01 17:25:00+00:00,144124.6883240219,134407.37225929392,144192.72257276773,149810.03534563727,143201.91784908847,145907.91547266193,147998.48342105662
2026-07-01 17:30:00+00:00,144756.80058891093,134926.65421100793,144857.4957606526,149991.78007110915,143521.66391174335,146525.53187988308,148688.46024274544
2026-07-01 17:35:00+00:00,145365.26820954983,135438.27286557227,145498.8473761534,150164.45398526615,143820.28076589337,147107.2726355024,149343.3144438279
2026-07-01 17:40:00+00:00,145939.29374548083,135939.97601817866,146103.11613772387,150332.55655649444,144096.97354625745,147641.29938619412,149949.36241229918
2026-07-01 17:45:00+00:00,146468.0797562462,136429.5114640186,146656.64076381785,150500.58725318025,144350.94738755442,148115.7737786327,150492.92053615436
2026-07-01 17:50:00+00:00,146940.82880138815,136904.62699828378,147145.7599728891,150673.0455437099,144581.40742450327,148518.8574594924,150960.3052033885
2026-07-01 17:55:00+00:00,147346.74344044892,137363.07041616584,147556.81248339132,150854.4308964695,144787.55879182287,148838.71207544752,151337.83280199667
2026-07-01 18:00:00+00:00,147675.0262329708,137802.58951285627,147876.1370137784,151049.2427798454,144968.60662423205,149063.49927317246,151611.81971997398
2026-07-01 18:05:00+00:00,147945.30236332957,138230.9978644961,148129.26371761155,151257.171546139,145128.2148130225,149224.73539948318,151818.3784669869
2026-07-01 18:10:00+00:00,148187.22770649678,138656.2861687952,148353.74222400325,151473.11169112942,145272.13649022765,149364.10522837203,152004.22316073178
2026-07-01 18:15:00+00:00,148405.05085790867,139076.46790329865,148553.94046473398,151694.3688984192,145402.71065167926,149485.0230472782,152171.5726012484
2026-07-01 18:20:00+00:00,148603.02041300127,139489.55654555143,148734.22637158443,151918.248851611,145522.2762932092,149590.90314364064,152322.64558857662
2026-07-01 18:25:00+00:00,148785.3849672106,139893.5655730987,148898.967876335,152142.0572343075,145633.17241064916,149685.15980489846,152459.6609227563
2026-07-01 18:30:00+00:00,148956.39311597275,140286.5084634855,149052.53291076634,152363.09973011128,145737.7379998309,149771.2073184907,152584.8374038272
2026-07-01 18:35:00+00:00,149120.29345472387,140666.3986942568,149199.28940665902,152578.68202262503,145838.31205658618,149852.45997185638,152700.39383182922
2026-07-01 18:40:00+00:00,149281.33457889996,141031.24974295776,149343.60529579353,152786.1097954513,145937.23357674683,149932.3320524346,152808.54900680218
2026-07-01 18:45:00+00:00,149443.76508393712,141379.0750871334,149489.8485099505,152982.68873219282,146036.84155614456,150014.2378476644,152911.52172878594
2026-07-01 18:50:00+00:00,149611.8335652715,141707.88820432877,149642.3869809104,153165.72451645217,146139.47499061123,150101.59164498482,153011.53079782025
2026-07-01 18:55:00+00:00,149789.78861833908,142015.70257208892,149805.58864045385,153332.522831832,146247.4728759785,150197.80773183494,153110.79501394508
2026-07-01 19:00:00+00:00,149981.87883857597,142300.53166795895,149983.82142036132,153480.38936193494,146363.1742080782,150306.30039565376,153211.53317720012
2026-07-01 19:05:00+00:00,150189.39992428926,142568.4967685486,150177.21228329357,153613.50986632833,146490.86558689718,150426.10401291776,153311.63871966096
2026-07-01 19:10:00+00:00,150408.56448152076,142826.98629383606,150381.126402106,153738.44656574065,146630.73238891,150552.97818785676,153407.70702078426
2026-07-01 19:15:00+00:00,150635.9964673085,143075.91443641888,150592.78902387153,153856.06983551627,146778.96177468015,150685.42504954006,153500.00980168153
2026-07-01 19:20:00+00:00,150868.31983869054,143315.19538889464,150809.42539566293,153967.25005099952,146931.7409047711,150821.94672703688,153588.81878346443
2026-07-01 19:25:00+00:00,151102.15855270508,143544.74334386093,151028.2607645531,154072.8575875347,147085.2569397464,150961.04534941644,153674.4056872445
2026-07-01 19:30:00+00:00,151334.13656639014,143764.47249391535,151246.5203776148,154173.7628204662,147235.6970401695,151101.22304574802,153757.04223413326
2026-07-01 19:35:00+00:00,151560.8778367838,143974.2970316555,151461.429481921,154270.8361251383,147379.24836660383,151240.98194510085,153837.00014524232
2026-07-01 19:40:00+00:00,151779.00632092418,144174.1311496789,151670.21332454434,154364.9478768954,147512.09807961292,151378.82417654418,153914.55114168327
2026-07-01 19:45:00+00:00,151985.14597584936,144363.8890405832,151870.09715255784,154456.96845108178,147630.43333976017,151513.25186914724,153989.96694456766
2026-07-01 19:50:00+00:00,152175.9207585974,144543.48489696594,152058.30621303426,154547.76822304184,147730.44130760912,151642.7671519793,154063.5192750071
2026-07-01 19:55:00+00:00,152347.95462620645,144712.83291142478,152232.0657530464,154638.21756811987,147808.30914372322,151765.8721541096,154135.4798541131
2026-07-01 20:00:00+00:00,152497.87153571454,144871.84727655718,152388.60101966717,154729.18686166024,147860.22400866597,151881.06900460733,154206.12040299727
2026-07-01 20:05:00+00:00,152634.53232029933,145029.42412364285,152535.70491498648,154821.21731725617,147897.11265969582,151995.44519920618,154277.85712474957
2026-07-01 20:10:00+00:00,152768.37227799807,145192.12454619023,152682.04450530105,154913.7856616726,147932.25770125914,152115.31266974958,154352.03512687839
2026-07-01 20:15:00+00:00,152898.37706313847,145356.36018014033,152826.1562839935,155006.1655400115,147965.3800647013,152238.01019947146,154427.31948712288
2026-07-01 20:20:00+00:00,153023.53233004813,145518.54266143407,152966.5767444467,155097.63059737487,147996.2006813676,152360.87657160583,154502.37528322224
2026-07-01 20:25:00+00:00,153142.82373305468,145675.08362601246,153101.84238004344,155187.45447886467,148024.44048260333,152481.25056938655,154575.86759291572
2026-07-01 20:30:00+00:00,153255.2369264858,145822.39470981635,153230.48968416644,155274.91082958283,148049.82039975392,152596.47097604768,154646.46149394242
2026-07-01 20:35:00+00:00,153359.75756466915,145956.8875487868,153351.05515019852,155359.27329463133,148072.06136416463,152703.87657482314,154712.82206404154
2026-07-01 20:40:00+00:00,153455.37130193232,146074.97377886475,153462.0752715224,155439.81551911213,148090.88430718082,152800.8061489469,154773.61438095232
2026-07-01 20:45:00+00:00,153541.063792603,146173.06503599105,153562.08654152087,155515.81114812722,148106.01016014788,152884.59848165294,154827.50352241387
2026-07-01 20:50:00+00:00,153615.8206910088,146247.57295610683,153649.62545357674,155586.53382677853,148117.15985441106,152952.59235617513,154873.1545661655
2026-07-01 20:55:00+00:00,153678.62765147738,146294.9091751529,153723.22850107276,155651.25720016804,148124.05432131572,153002.12655574753,154909.23258994627
2026-07-01 21:00:00+00:00,153728.47032833638,146311.48532907024,153781.4321773917,155709.2549133977,148126.41449220717,153030.53986360403,154934.40267149542
2026-07-01 21:05:00+00:00,153771.04834538331,146310.25673000186,153830.98592613722,155764.58709403858,148125.3697181571,153046.9933525926,154953.30021810764
2026-07-01 21:10:00+00:00,153812.4203337949,146306.61553080272,153879.23330904526,155821.0438048504,148122.3687721935,153062.3764501539,154971.34955600905
2026-07-01 21:15:00+00:00,153852.1104589678,146300.62862848194,153925.6019966967,155877.49359371816,148117.6117185964,153076.620471411,154988.39914133603
2026-07-01 21:20:00+00:00,153889.64288629848,146292.3629200485,153969.51965967257,155932.80500852683,148111.2986216458,153089.65673148693,155004.29743022504
2026-07-01 21:25:00+00:00,153924.54178118354,146281.8853025115,154010.41396855385,155985.84659716132,148103.62954562175,153101.4165455048,155018.89287881233
2026-07-01 21:30:00+00:00,153956.33130901953,146269.26267288,154047.71259392155,156035.48690750665,148094.80455480423,153111.8312285877,155032.03394323445
2026-07-01 21:35:00+00:00,153984.53563520304,146254.56192816305,154080.8432063566,156080.59448744776,148085.0237134732,153120.8320958586,155043.56907962766
2026-07-01 21:40:00+00:00,154008.6789251306,146237.8499653697,154109.23347644007,156120.03788486967,148074.4870859087,153128.35046244066,155053.3467441284
2026-07-01 21:45:00+00:00,154028.28534419872,146219.19368150903,154132.31107475286,156152.68564765732,148063.39473639076,153134.3176434569,155061.215392873
2026-07-01 21:50:00+00:00,154042.87905780406,146198.6599735901,154149.50367187604,156177.40632369567,148051.94672919938,153138.66495403045,155067.02348199792
2026-07-01 21:55:00+00:00,154051.9842313431,146176.31573862195,154160.23893839054,156193.06846086972,148040.34312861454,153141.3237092843,155070.61946763954
2026-07-01 22:00:00+00:00,154055.12503021245,146152.22787361362,154163.9445448774,156198.5406070644,148028.78399891625,153142.2252243416,155071.85180593422
2026-07-01 22:05:00+00:00,154051.41095719422,146100.36566379198,154159.77518674955,156193.42013877654,148017.17324137368,153139.44423147035,155068.33778714322
2026-07-01 22:10:00+00:00,154040.56142569307,145998.95381077455,154147.6130369811,156178.5374078177,148005.09111955063,153131.3783021495,155058.17656147233
2026-07-01 22:15:00+00:00,154023.01546703922,145854.44233615635,154127.97698249458,156154.61042504528,147992.25224116902,153118.44301031835,155041.93937497464
2026-07-01 22:20:00+00:00,153999.212112563,145673.28126153248,154101.38591021253,156122.35720131648,147978.3712139508,153101.05392991623,155020.1974737032
2026-07-01 22:25:00+00:00,153969.59039359458,145461.92060849804,154068.35870705754,156082.49574748863,147963.16264561797,153079.62663488244,154993.5221037112
2026-07-01 22:30:00+00:00,153934.58934146425,145226.81039864803,154029.41425995217,156035.74407441905,147946.3411438924,153054.57669915629,154962.48451105165
2026-07-01 22:35:00+00:00,153894.64798750225,144974.40065357753,153985.07145581898,155982.82019296498,147927.62131649605,153026.31969667712,154927.65594177772
2026-07-01 22:40:00+00:00,153850.20536303887,144711.14139488165,153935.84918158047,155924.44211398377,147906.71777115093,152995.27120138422,154889.60764194245
2026-07-01 22:45:00+00:00,153801.70049940434,144443.4826441554,153882.26632415928,155861.32784833267,147883.34511557894,152961.84678721696,154848.910857599
2026-07-01 22:50:00+00:00,153749.57242792894,144177.8744229939,153824.8417704779,155794.19540686897,147857.217957502,152926.46202811456,154806.13683480042
2026-07-01 22:55:00+00:00,153694.2601799429,143920.76675299217,153764.09440745894,155723.76280045,147828.05090464212,152889.53249801643,154761.8568195998
2026-07-01 23:00:00+00:00,153636.2027867765,143678.60965574533,153700.54312202494,155650.748039933,147795.55856472123,152851.47377086183,154716.64205805032
2026-07-01 23:05:00+00:00,153561.18542369024,143440.6118451507,153619.8493587202,155559.68951901823,147746.6497202007,152808.70546432488,154667.31736335758
2026-07-01 23:10:00+00:00,153456.26636714907,143192.63479734107,153508.99114711967,155437.12464720328,147670.42632124713,152757.26092710008,154610.1226896026
2026-07-01 23:15:00+00:00,153323.79430028956,142936.10767726466,153370.46225169188,155286.76995904173,147569.89272714037,152696.97632965728,154544.75199415174
2026-07-01 23:20:00+00:00,153166.11790624846,142672.45964986965,153206.75643690533,155112.34198908717,147448.05329716016,152627.68784246634,154470.89923437109
2026-07-01 23:25:00+00:00,152985.58586816248,142403.11988010426,153020.36746722847,154917.55727189314,147307.9123905863,152549.23163599722,154388.25836762693
2026-07-01 23:30:00+00:00,152784.54686916823,142129.51753291665,152813.78910712988,154706.13234201312,147152.47436669868,152461.44388071971,154296.52335128546
2026-07-01 23:35:00+00:00,152565.3495924025,141853.08177325505,152589.515121078,154481.78373400075,146984.743584777,152364.16074710374,154195.3881427129
2026-07-01 23:40:00+00:00,152330.34272100197,141575.24176606766,152350.0392735414,154248.22798240947,146807.72440410109,152257.21840561918,154084.54669927547
2026-07-01 23:45:00+00:00,152081.8749381033,141297.42667630262,152097.85532898857,154009.18162179287,146624.42118395073,152140.45302673586,153963.69297833936
2026-07-01 23:50:00+00:00,151822.2949268432,141021.0656689082,151835.45705188805,153768.36118670454,146437.83828360576,152013.70078092374,153832.52093727083
2026-07-01 23:55:00+00:00,151553.95137035835,140747.58790883253,151565.3382067083,153529.483211698,146250.98006234592,151876.79783865262,153690.7245334361
2026-07-02 00:00:00+00:00,151279.19295178546,140478.42256102388,151289.9925579178,153296.26423132676,146066.85087945103,151729.58037039242,153537.99772420133
2026-07-02 00:05:00+00:00,150965.65762346078,140218.35664172893,150980.11875671768,153053.91149836135,145878.9004771719,151532.35463913475,153334.92948822374
2026-07-02 00:10:00+00:00,150586.77082294153,139968.87733990265,150611.52283115662,152788.55416947,145678.87292514666,151253.9467934052,153051.04034946233
2026-07-02 00:15:00+00:00,150153.5624611958,139726.46407955556,150194.3596109744,152505.29163505294,145467.21407373628,150906.97283197448,152699.4215832359
2026-07-02 00:20:00+00:00,149677.06244919167,139487.59628469808,149738.78392591098,152209.22328551038,145244.36977330165,150504.04875361337,152293.16446486334
2026-07-02 00:25:00+00:00,149168.30069789736,139248.7533793408,149254.9506057061,151905.44851124246,145010.7858742036,150057.7905570926,151845.3602696636
2026-07-02 00:30:00+00:00,148638.3071182809,139006.4147874942,148753.01448009975,151599.06670264943,144766.90822680315,149580.81424118293,151369.1002729555
2026-07-02 00:35:00+00:00,148098.11162131047,138757.05993316878,148243.13037883167,151295.1772501315,144513.18268146118,149085.73580465504,150877.4757500579
2026-07-02 00:40:00+00:00,147558.74411795413,138497.16824037503,147735.45313164187,150998.8795440888,144250.05508853856,148585.17124627973,150383.5779762897
2026-07-02 00:45:00+00:00,147031.23451918006,138223.21913312344,147240.13756827003,150715.27297492154,143977.97129839624,148091.73656482776,149900.4982269698
2026-07-02 00:50:00+00:00,146526.6127359563,137931.69203542452,146767.3385184562,150449.45693303,143697.3771613951,147618.04775906986,149441.32777741697
2026-07-02 00:55:00+00:00,146055.90867925104,137619.0663712888,146327.21081194014,150206.53080881428,143408.71852789604,147176.72082777673,149019.1579029502
2026-07-02 01:00:00+00:00,145630.1522600323,137281.82156472676,145929.90927846174,149991.59399267464,143112.44124826,146780.3717697192,148647.07987888833
2026-07-02 01:05:00+00:00,145247.98805445255,136907.84294623462,145572.370419582,149805.8131017042,142806.05600344393,146427.20455613302,148320.58178786322
2026-07-02 01:10:00+00:00,144895.95476189366,136490.89335378283,145240.92661284623,149643.36790305006,142486.58297815113,146102.06970116965,148021.97060423376
2026-07-02 01:15:00+00:00,144566.9234781684,136036.2684725934,144929.82650197065,149498.87751219317,142153.73227836197,145797.55301797326,147744.56594090944
2026-07-02 01:20:00+00:00,144253.76529908928,135549.26398788826,144633.3187306714,149366.96104461452,141807.21401005695,145506.24031968796,147481.6874107997
2026-07-02 01:25:00+00:00,143949.3513204689,135035.17558488934,144345.65194266482,149242.2376157952,141446.7382792164,145220.71741945803,147226.65462681407
2026-07-02 01:30:00+00:00,143646.55263811996,134499.29894881867,144061.0747816671,149119.32634121607,141072.0151918207,144933.5701304276,146972.78720186194
2026-07-02 01:35:00+00:00,143338.24034785508,133946.9297648981,143773.8358913944,148992.8463363582,140682.75485385035,144637.38426574084,146713.40474885283
2026-07-02 01:40:00+00:00,143017.28554548684,133383.36371834963,143478.18391556302,148857.41671670266,140278.66737128567,144324.74563854194,146441.82688069617
2026-07-02 01:45:00+00:00,142676.55932682785,132813.89649439527,143168.36749788918,148707.65659773035,139859.46285010708,143988.24006197508,146151.37321030142
2026-07-02 01:50:00+00:00,142308.93278769075,132243.82377825683,142838.63528208912,148538.18509492232,139424.85139629504,143620.45334918445,145835.36335057806
2026-07-02 01:55:00+00:00,141907.2770238882,131678.44125515642,142483.235911879,148343.62132375955,138974.54311582993,143213.97131331416,145487.11691443555
2026-07-02 02:00:00+00:00,141464.4631312327,131123.04461031588,142096.41803097507,148118.58439972304,138508.2481146921,142761.37976750848,145099.9535147834
2026-07-02 02:05:00+00:00,140959.8053411471,130579.84739433776,141676.9036920045,147824.40397734518,138013.71692363214,142222.98477271452,144643.6696427122
2026-07-02 02:10:00+00:00,140384.18459982637,130044.32210801552,141228.28693084506,147435.9500143623,137481.76885537058,141575.13202443832,144102.06924105593
2026-07-02 02:15:00+00:00,139747.82207524145,129511.65286185757,140752.1243660887,146968.15208106136,136916.71718884297,140834.46678766256,143489.48310033913
2026-07-02 02:20:00+00:00,139060.93893536337,128977.0237663723,140249.97261632764,146435.9397477294,136322.87520298487,140017.63432736992,142820.24201108637
2026-07-02 02:25:00+00:00,138333.75634816318,128435.6189320681,139723.38830015378,145854.24258465332,135704.5561767318,139141.27990854293,142108.6767638222
2026-07-02 02:30:00+00:00,137576.4954816118,127882.62246945337,139173.9280361593,145237.99016212006,135066.07338901932,138222.04879616434,141369.1181490711
2026-07-02 02:35:00+00:00,136799.37750368027,127313.21848903655,138603.14844293622,144602.11205041673,134411.7401187829,137276.58625521674,140615.89695735753
2026-07-02 02:40:00+00:00,136012.6235823396,126722.59110132596,138012.6061390766,143961.53781983015,133745.86964495818,136321.53755068273,139863.34397920617
2026-07-02 02:45:00+00:00,135226.45488556073,126105.92441683006,137403.85774317253,143331.19704064736,133072.77524648057,135373.54794754498,139125.79000514152
2026-07-02 02:50:00+00:00,134451.09258131468,125458.40254605723,136778.459873816,142726.0192831553,132396.7702022857,134449.26271078616,138417.56582568804
2026-07-02 02:55:00+00:00,133696.75783757248,124775.20959951587,136137.96914959917,142160.93411764098,131722.16779130907,133565.3271053889,137753.0022313703
2026-07-02 03:00:00+00:00,132973.6718223051,124051.52968771438,135483.94218911405,141650.87111439137,131053.2812924862,132738.38639633573,137146.43001271287
2026-07-02 03:05:00+00:00,132267.6668873336,123242.52035266657,134790.8612620043,141188.86054279518,130380.71098038128,131951.88331059436,136593.7191501182
2026-07-02 03:10:00+00:00,131558.57584061997,122321.48307221415,134039.15277900948,140753.79974196918,129693.57279669955,131176.99904578517,136075.9558246194
2026-07-02 03:15:00+00:00,130847.62053434683,121310.81786060726,133239.28957036545,140339.41888679244,128993.95352108814,130411.98657287016,135585.29512768704
2026-07-02 03:20:00+00:00,130136.02282069666,120232.92473209619,132401.74446630807,139939.44815214392,128283.9399331942,129655.09886281122,135113.89215079157
2026-07-02 03:25:00+00:00,129425.00455185202,119110.20370093107,131536.99029707324,139547.61771290266,127565.61881266488,128904.58888657032,134653.90198540347
2026-07-02 03:30:00+00:00,128715.78757999542,117965.05478136217,130655.49989289673,139157.6577439477,126841.07693914727,128158.70961510936,134197.47972299327
2026-07-02 03:35:00+00:00,128009.59375730943,116819.87798763961,129767.74608401448,138763.298420158,126112.40109228858,127415.7140193903,133736.78045503146
2026-07-02 03:40:00+00:00,127307.64493597657,115697.07333401368,128884.20170066235,138358.26991641268,125381.6780517359,126673.85507037507,133263.9592729885
2026-07-02 03:45:00+00:00,126611.16296817939,114619.04083473452,128015.33957307615,137936.3024075907,124650.9945971364,125931.38573902562,132771.171268335
2026-07-02 03:50:00+00:00,125921.36970610038,113608.18050405236,127171.63253149182,137491.12606857106,123922.43750813721,125186.55899630387,132250.5715325413
2026-07-02 03:55:00+00:00,125239.48700192211,112686.89235621739,126363.55340614516,137016.47107423283,123198.09356438548,124437.62781317176,131694.315157078
2026-07-02 04:00:00+00:00,124566.73670782712,111877.57640547983,125601.57502727208,136506.06759945495,122480.04954552834,123682.84516059124,131094.5572334156
2026-07-02 04:05:00+00:00,123900.76405570479,111149.35716790246,124868.99771350267,135931.40311336037,121754.18609535524,122921.09045094912,130431.1228656672
2026-07-02 04:10:00+00:00,123238.64871417095,110454.74172192029,124143.25356209373,135279.2592089215,121009.2416773331,122153.55535046096,129697.46944641041
2026-07-02 04:15:00+00:00,122580.76419049775,109791.20392534194,123426.01307122105,134566.30724679158,120251.5898006253,121381.96121083193,128906.20049981245
2026-07-02 04:20:00+00:00,121927.48399195742,109156.21763597599,122718.94673906047,133809.21858762397,119487.6039743952,120608.02938376712,128069.9195500405
2026-07-02 04:25:00+00:00,121279.18162582206,108547.25671163101,122023.72506378779,133024.66459207202,118723.65770780615,119833.4812209717,127201.23012126183
2026-07-02 04:30:00+00:00,120636.23059936392,107961.79501011562,121342.01854357882,132229.31662078906,117966.12451002152,119060.0380741508,126312.7357376436
2026-07-02 04:35:00+00:00,119999.00441985515,107397.30638923838,120675.49767660936,131439.84603442837,117221.37789020465,118289.4212950095,125417.03992335303
2026-07-02 04:40:00+00:00,119367.8765945679,106851.26470680787,120025.83296105525,130672.92419364328,116495.79135751893,117523.35223525297,124526.74620255735
2026-07-02 04:45:00+00:00,118743.22063077439,106321.1438206327,119394.69489509227,129945.2224590871,115795.73842112771,116763.55224658633,123654.45809942373
2026-07-02 04:50:00+00:00,118125.41003574675,105804.41758852146,118783.75397689627,129273.41219141315,115127.59259019436,116011.74268071473,122812.77913811943
2026-07-02 04:55:00+00:00,117514.81831675721,105298.55986828273,118194.68070464305,128674.16475127479,114497.72737388223,115269.64488934327,122014.31284281163
2026-07-02 05:00:00+00:00,116911.8189810779,104801.0445177251,117629.14557650841,128164.1514993253,113912.51628135468,114538.98022417708,121271.66273766756
2026-07-02 05:05:00+00:00,116304.06154412191,104310.37937588201,117081.07370448062,127723.70586122834,113356.04221849151,113788.64676247827,120559.20956567675
2026-07-02 05:10:00+00:00,115683.1441065905,103827.56361302258,116543.81125124144,127318.51894853769,112809.58283580776,112996.86729494392,119846.13748829896
2026-07-02 05:15:00+00:00,115055.36305368814,103353.80808380891,116018.16029100692,126943.29865074172,112275.3037594196,112179.35024343162,119137.25515740676
2026-07-02 05:20:00+00:00,114427.01477061934,102890.3236429031,115504.92289799315,126592.75285732887,111755.37061544324,111351.80402979902,118437.37122487268
2026-07-02 05:25:00+00:00,113804.39564258854,102438.32114496722,115004.90114641619,126261.58945778757,111251.94902999488,110529.93707590374,117751.2943425693
2026-07-02 05:30:00+00:00,113193.80205480025,101999.01144466338,114518.89711049212,125944.5163416062,110767.20462919073,109729.45780360335,117083.83316236915
2026-07-02 05:35:00+00:00,112601.53039245895,101573.60539665366,114047.71286443701,125636.2413982732,110303.30303914694,108966.07463475553,116439.79633614479
2026-07-02 05:40:00+00:00,112033.87704076912,101163.31385560016,113592.15048246692,125331.47251727697,109862.40988597974,108255.49599121785,115823.99251576875
2026-07-02 05:45:00+00:00,111497.13838493524,100769.34767616498,113153.01203879793,125024.91758810595,109446.69079580533,107613.43029484793,115241.23035311363
2026-07-02 05:50:00+00:00,110997.61081016179,100392.9177130102,112731.0996076461,124711.28450024851,109058.3113947399,107055.58596750342,114696.31850005192
2026-07-02 05:55:00+00:00,110541.59070165326,100035.23482079791,112327.21526322752,124385.28114319313,108699.43730889962,106597.6714310419,114194.06560845618
2026-07-02 06:00:00+00:00,110135.37444461412,99697.50985419021,111942.16107975824,124041.61540642817,108372.23416440075,106255.39510732103,113739.28033019899
2026-07-02 06:05:00+00:00,109766.89582848719,99373.88802177495,111574.54636409205,123684.49628462379,108072.50784317305,105988.96084604898,113324.53205528866
2026-07-02 06:10:00+00:00,109418.82801116578,99058.21129860832,111221.58305521331,123322.35452893218,107792.9702689722,105746.60853914505,112936.96245154376
2026-07-02 06:15:00+00:00,109089.57643053007,98751.23568905485,110881.97717553383,122956.23066356487,107531.14613065327,105526.10067178348,112573.23858755229
2026-07-02 06:20:00+00:00,108777.54652446024,98453.7171974791,110554.4347474655,122587.1652127334,107284.56011707128,105325.19972913859,112230.02753190219
2026-07-02 06:25:00+00:00,108481.1437308365,98166.41182824563,110237.66179342016,122216.19870064926,107050.73691708126,105141.6681963846,111903.99635318141
2026-07-02 06:30:00+00:00,108198.77348753903,97890.07558571902,109930.36433580972,121844.37165152401,106827.20121953823,104973.2685586958,111591.81211997797
2026-07-02 06:35:00+00:00,107928.84123244803,97625.46447426382,109631.24839704599,121472.72458956917,106611.47771329727,104817.7633012464,111290.14190087977
2026-07-02 06:40:00+00:00,107669.7524034437,97373.33449824459,109339.01999954086,121102.29803899626,106401.09108721335,104672.91490921073,110995.65276447478
2026-07-02 06:45:00+00:00,107419.91243840622,97134.44166202586,109052.38516570616,120734.13252401682,106193.56603014156,104536.485867763,110705.011779351
2026-07-02 06:50:00+00:00,107177.72677521578,96909.5419699722,108770.04991795379,120369.26856884237,105986.42723093691,104406.23866207749,110414.88601409637
2026-07-02 06:55:00+00:00,106941.60085175258,96699.39142644817,108490.72027869559,120008.74669768442,105777.19937845443,104279.93577732849,110121.94253729886
2026-07-02 07:00:00+00:00,106709.94010589679,96504.74603581836,108213.10227034343,119653.60743475452,105563.40716154917,104155.33969869022,109822.84841754641
2026-07-02 07:05:00+00:00,106480.66922649133,96320.77891814204,107928.3465864078,119292.44554126573,105346.30442174821,104029.91602053169,109509.5989450393
2026-07-02 07:10:00+00:00,106253.65967713096,96142.4871283971,107632.03520054664,118916.8386085293,105129.3182859288,103903.80707746191,109180.6436843248
2026-07-02 07:15:00+00:00,106030.23705782357,95970.36257332597,107329.52105539298,118532.30140590419,104913.23337097117,103778.79046501513,108842.33111551142
2026-07-02 07:20:00+00:00,105811.72696857719,95804.89715967112,107026.1570935799,118144.34870274921,104698.83429375553,103656.64377872567,108501.00971870762
2026-07-02 07:25:00+00:00,105599.45500939975,95646.58279417499,106727.29625774034,117758.49526842328,104486.90567116214,103539.14461412777,108163.02797402191
2026-07-02 07:30:00+00:00,105394.74678029919,95495.91138357998,106438.2914905074,117380.25587228527,104278.23212007122,103428.07056675573,107834.7343615628
2026-07-02 07:35:00+00:00,105198.92788128348,95353.37483462857,106164.49573451404,117015.14528369407,104073.59825736299,103325.19923214382,107522.47736143875
2026-07-02 07:40:00+00:00,105013.32391236057,95219.46505406321,105911.26193239339,116668.67827200858,103873.78869991768,103232.30820582631,107232.6054537583
2026-07-02 07:45:00+00:00,104839.26047353847,95094.67394862628,105683.9430267784,116346.36960658764,103679.58806461554,103151.1750833375,106971.46711862988
2026-07-02 07:50:00+00:00,104678.06316482507,94979.49342506028,105487.89196030212,116053.73405679017,103491.7809683368,103083.57746021164,106745.41083616205
2026-07-02 07:55:00+00:00,104531.05758622834,94874.4153901076,105328.46167559759,115796.28639197502,103311.1520279617,103031.29293198304,106560.78508646325
2026-07-02 08:00:00+00:00,104399.56933775629,94779.93175051075,105211.00511529784,115579.54138150113,103138.48586037046,102996.09909418595,106423.938349642
2026-07-02 08:05:00+00:00,104274.56373626157,94691.59724728283,105121.20934895395,115391.85494941557,102962.87414716372,102970.64929459017,106314.53246950023
2026-07-02 08:10:00+00:00,104147.7352765411,94605.13225956622,105040.51454810334,115217.1726715583,102776.22810521277,102946.52464172068,106208.74595511495
2026-07-02 08:15:00+00:00,104021.503325519,94521.27715129714,104967.90330835833,115054.39379497744,102583.56165430375,102923.89437224445,106107.7022845073
2026-07-02 08:20:00+00:00,103898.28725011945,94440.77228641183,104902.35822533137,114902.41756672111,102389.88871422283,102902.92772282856,106012.52493569843
2026-07-02 08:25:00+00:00,103780.50641726662,94364.35802884647,104842.86189463481,114760.14323383741,102200.22320475618,102883.79393013999,105924.33738670946
2026-07-02 08:30:00+00:00,103670.58019388466,94292.77474253732,104788.39691188106,114626.4700433745,102019.57904568997,102866.6622308458,105844.26311556155
2026-07-02 08:35:00+00:00,103570.92794689772,94226.7627914206,104737.94587268255,114500.29724238045,101852.97015681038,102851.70186161296,105773.42560027583
2026-07-02 08:40:00+00:00,103483.96904323001,94167.06253943252,104690.49137265162,114380.52407790339,101705.41045790353,102839.08205910855,105712.94831887344
2026-07-02 08:45:00+00:00,103412.12284980563,94114.4143505093,104645.01600740069,114266.04979699147,101581.91386875564,102828.97205999956,105663.95474937554
2026-07-02 08:50:00+00:00,103357.80873354878,94069.55858858717,104600.50237254215,114155.77364669277,101487.49430915284,102821.541100953,105627.56836980324
2026-07-02 08:55:00+00:00,103323.44606138361,94033.23561760235,104555.9330636884,114048.59487405543,101427.16569888129,102816.95841863593,105604.9126581777
2026-07-02 09:00:00+00:00,103311.45420023431,94006.18580149107,104510.29067645184,113943.41272612756,101405.94195772719,102815.39324971534,105597.11109252003
2026-07-02 09:05:00+00:00,103313.45221059959,93984.39977355812,104462.07528502107,113835.54328674597,101428.46841257821,102820.51279432724,105598.94345792627
2026-07-02 09:10:00+00:00,103319.34400040198,93963.50239805657,104411.32066441365,113722.84234976459,101492.58176090356,102835.54518144026,105604.38515192525
2026-07-02 09:15:00+00:00,103328.97620770136,93943.68538534507,104359.30996148527,113608.01872725706,101593.08297836165,102860.00104097035,105613.35307118723
2026-07-02 09:20:00+00:00,103342.19547055759,93925.14044578226,104307.32632309168,113493.7812312971,101724.77304061092,102893.39100283345,105625.76411238257
2026-07-02 09:25:00+00:00,103358.84842703056,93908.05928972684,104256.65289608862,113382.83867395838,101882.45292330977,102935.22569694555,105641.53517218155
2026-07-02 09:30:00+00:00,103378.78171518013,93892.63362753739,104208.57282733181,113277.89986731463,102060.92360211661,102985.01575322259,105660.5831472545
2026-07-02 09:35:00+00:00,103401.84197306617,93879.05516957262,104164.369263677,113181.67362343954,102254.98605268991,103042.27180158053,105682.82493427173
2026-07-02 09:40:00+00:00,103427.87583874856,93867.51562619113,104125.32535197992,113096.86875440678,102459.44125068805,103106.50447193532,105708.17742990358
2026-07-02 09:45:00+00:00,103456.72995028715,93858.20670775158,104092.72423909626,113026.19407229005,102669.09017176945,103177.2243942029,105736.55753082031
2026-07-02 09:50:00+00:00,103488.2509457418,93851.32012461261,104067.8490718818,112972.35838916306,102878.73379159255,103253.94219829928,105767.8821336923
2026-07-02 09:55:00+00:00,103522.28546317243,93847.04758713288,104051.98299719226,112938.07051709948,103083.17308581574,103336.16851414039,105802.0681351898
2026-07-02 10:00:00+00:00,103558.68014063885,93845.58080567107,104046.40916188335,112926.03926817303,103277.20903009748,103423.41397164218,105839.03243198317
2026-07-02 10:05:00+00:00,103623.10152956292,93891.82744399192,104077.9082808135,112941.29903846399,103468.41115142676,103554.23128221756,105935.87529383274
2026-07-02 10:10:00+00:00,103736.7649980605,94022.62988720367,104167.40714198734,112985.07135566165,103667.73975964474,103761.50577139604,106139.05129250634
2026-07-02 10:15:00+00:00,103892.8404092326,94226.08192768009,104307.40800197983,113054.34572925325,103875.082004688,104036.24699026848,106432.50877768552
2026-07-02 10:20:00+00:00,104084.49762618022,94490.2773577949,104490.41311736604,113146.111668726,104090.32503649317,104369.46448992575,106800.19609905187
2026-07-02 10:25:00+00:00,104304.90651200437,94803.3099699219,104708.92474472098,113257.35868356704,104313.35600499684,104752.16782145873,107226.06160628695
2026-07-02 10:30:00+00:00,104547.23692980601,95153.27355643484,104955.44514061966,113385.07628326367,104544.0620601356,105175.3665359583,107694.0536490723
2026-07-02 10:35:00+00:00,104804.65874268618,95528.26190970748,105222.4765616371,113526.25397730301,104782.33035184607,105630.0701845153,108188.1205770895
2026-07-02 10:40:00+00:00,105070.34181374585,95916.3688221136,105502.52126434834,113677.88127517233,105028.04803006485,106107.28831822056,108692.21074002009
2026-07-02 10:45:00+00:00,105337.45600608604,96305.68808602693,105788.08150532837,113836.94768635882,105281.10224472855,106598.03048816502,109190.27248754565
2026-07-02 10:50:00+00:00,105599.17118280774,96684.31349382126,106071.65954115224,114000.44272034966,105541.38014577377,107093.30624543953,109666.25416934774
2026-07-02 10:55:00+00:00,105848.65720701194,97040.33883787035,106345.75762839497,114165.3558866321,105808.7688831371,107584.12514113494,110104.10413510792
2026-07-02 11:00:00+00:00,106079.08394179966,97361.85791054796,106602.87802363155,114328.6766946933,106083.15560675517,108061.49672634211,110487.77073450775
2026-07-02 11:05:00+00:00,106290.69763499379,97656.93915903516,106849.34052187782,114499.11619703044,106364.87909625383,108551.97670163696,110825.32290075826
2026-07-02 11:10:00+00:00,106491.12823070545,97943.71686239286,107097.71501967618,114687.17310048496,106654.89675107824,109083.5787300827,111139.59350020427
2026-07-02 11:15:00+00:00,106684.62113646785,98225.38356081449,107349.87892589143,114892.51839606052,106954.02365089394,109649.49930650121,111436.67678222792
2026-07-02 11:20:00+00:00,106875.42175981424,98505.13179449353,107607.70964938849,115114.8230747608,107263.07487536642,110242.93492571436,111722.66699621147
2026-07-02 11:25:00+00:00,107067.7755082779,98786.15410362344,107873.08459903217,115353.75812758946,107582.86550416128,110857.08208254397,112003.65839153709
2026-07-02 11:30:00+00:00,107265.92778939207,99071.6430283977,108147.88118368735,115608.99454555019,107914.210616944,111485.13727181192,112285.74521758697
2026-07-02 11:35:00+00:00,107474.12401068998,99364.79110900976,108433.97681221888,115880.20331964665,108257.92529338012,112120.29698834005,112575.0217237433
2026-07-02 11:40:00+00:00,107696.60957970488,99668.79088565307,108733.24889349165,116167.05544088251,108614.82461313518,112755.75772695024,112877.5821593883
2026-07-02 11:45:00+00:00,107937.62990397004,99986.83489852113,109047.57483637045,116469.22190026146,108985.7236558747,113384.71598246433,113199.52077390412
2026-07-02 11:50:00+00:00,108201.43039101867,100322.11568780737,109378.8320497202,116786.37368878715,109371.4375012642,114000.36824970422,113546.93181667301
2026-07-02 11:55:00+00:00,108492.25644838408,100677.82579370525,109728.8979424057,117118.18179746324,109772.78122896921,114595.91102349172,113925.90953707712
2026-07-02 12:00:00+00:00,108814.35348359947,101057.15775640828,110099.64992329186,117464.31721729344,110190.5699186553,115164.54079864868,114342.5481844987
2026-07-02 12:05:00+00:00,109209.92163385732,101473.18208619209,110506.28677995956,117844.64010933909,110641.9840817698,115714.70427357501,114823.44550970974
2026-07-02 12:10:00+00:00,109707.6052505604,101932.65756461158,110958.89137947687,118275.16802590918,111138.72319643956,116259.34484073234,115382.8764149741
2026-07-02 12:15:00+00:00,110291.31606255732,102429.30913877908,111451.66724993945,118749.8080448788,111673.3807923492,116798.40403603514,116008.4508769118
2026-07-02 12:20:00+00:00,110944.96579869672,102956.86175580697,111978.81791944292,119262.46724412302,112238.55039918341,117331.82339539794,116687.77887214269
2026-07-02 12:25:00+00:00,111652.4661878272,103509.04036280753,112534.54691608292,119807.05270151696,112826.82554662689,117859.54445473521,117408.47037728678
2026-07-02 12:30:00+00:00,112397.7289587974,104079.56990689311,113113.0577679551,120377.4714949357,113430.79976436424,118381.50874996147,118158.13536896398
2026-07-02 12:35:00+00:00,113164.66584045597,104662.17533517606,113708.5540031551,120967.63070225432,114043.06658208018,118897.65781699122,118924.38382379425
2026-07-02 12:40:00+00:00,113937.18856165154,105250.5815947687,114315.23914977853,121571.43740134792,114656.21952945937,119407.93319173898,119694.82571839755
2026-07-02 12:45:00+00:00,114699.2088512327,105838.51363278336,114927.31673592106,122182.79867009162,115262.85213618644,119912.27641011923,120457.07102939379
2026-07-02 12:50:00+00:00,115434.63843804812,106419.69639633241,115538.9902896783,122795.62158636047,115855.55793194611,120410.62900804648,121198.72973340291
2026-07-02 12:55:00+00:00,116127.3890509464,106987.85483252814,116144.46333914592,123403.81322802957,116426.93044642301,120902.93252143523,121907.41180704489
2026-07-02 13:00:00+00:00,116761.37241877618,107536.71388848292,116737.93941241951,124001.280672974,116969.56320930182,121389.12848619997,122570.72722693965
2026-07-02 13:05:00+00:00,117349.180245545,108071.11944568697,117330.11948094548,124602.75212789913,117482.59728035564,121862.72003597273,123203.28143864703
2026-07-02 13:10:00+00:00,117916.7080937629,108601.00166307761,117934.25848913981,125224.49624094117,117973.71941294578,122319.77509375969,123828.08467642823
2026-07-02 13:15:00+00:00,118467.8234800322,109127.71190393786,118548.39092455262,125862.73075212141,118448.34167713943,122764.08237953659,124445.35409995525
2026-07-02 13:20:00+00:00,119006.39392095528,109652.60153155062,119170.55127473398,126513.6734014612,118911.87614300365,123199.43061327921,125055.30686890004
2026-07-02 13:25:00+00:00,119536.28693313444,110177.02190919891,119798.77402723397,127173.54192898184,119369.73488060555,123629.6085149633,125658.16014293458
2026-07-02 13:30:00+00:00,120061.37003317209,110702.32440016567,120431.09366960268,127838.55407470468,119827.32996001228,124058.40480456458,126254.13108173084
2026-07-02 13:35:00+00:00,120585.51073767054,111229.86036773385,121065.54468939018,128504.92757865101,120290.07345129093,124489.60820205881,126843.43684496083
2026-07-02 13:40:00+00:00,121112.57656323217,111760.98117518643,121700.1615741466,129168.88018084217,120763.37742450857,124927.00742742178,127426.29459229652
2026-07-02 13:45:00+00:00,121646.4350264593,112297.03818580638,122332.978811422,129826.62962129946,121252.65394973235,125374.39120062921,128002.92148340987
2026-07-02 13:50:00+00:00,122190.95364395429,112839.38276287664,122962.03088876646,130474.39364004426,121763.31509702938,125835.54824165686,128573.53467797287
2026-07-02 13:55:00+00:00,122749.99993231952,113389.36626968022,123585.35229373009,131108.38997709783,122300.77293646675,126314.2672704805,129138.3513356575
2026-07-02 14:00:00+00:00,123327.4414081573,113948.34006950005,124200.97751386295,131724.83637248154,122870.43953811159,126814.33700707585,129697.58861613573
2026-07-02 14:05:00+00:00,123920.36006357193,114519.45366331107,124808.25171051917,132326.82397597237,123481.4150569205,127334.98959401337,130243.27986452155
2026-07-02 14:10:00+00:00,124522.87866222147,115103.34240231603,125408.91353180334,132920.56929351692,124134.99239679652,127872.15783953978,130770.2526689996
2026-07-02 14:15:00+00:00,125134.42587803894,115697.58642513966,126004.58769539127,133506.97809939127,124824.8727512264,128424.68146214522,131282.91555384782
2026-07-02 14:20:00+00:00,125754.43038495735,116299.7658704066,126596.89891895877,134086.95616787116,125544.75731369697,128991.4001803199,131785.67704334424
2026-07-02 14:25:00+00:00,126382.32085690975,116907.46087674156,127187.47192018169,134661.40927323262,126288.34727769495,129571.15371255392,132282.94566176677
2026-07-02 14:30:00+00:00,127017.52596782915,117518.25158276926,127777.9314167358,135231.2431897515,127049.34383670712,130162.78177733747,132779.12993339344
2026-07-02 14:35:00+00:00,127659.47439164857,118129.71812711435,128369.90212629693,135797.3636917037,127821.44818422024,130765.12409316073,133278.6383825022
2026-07-02 14:40:00+00:00,128307.59480230104,118739.44064840156,128965.00876654094,136360.6765533652,128598.3615137211,131377.02037851384,133785.87953337096
2026-07-02 14:45:00+00:00,128961.31587371959,119344.9992852556,129564.87605514357,136922.08754901178,129373.78501869645,131997.31035188702,134305.26191027777
2026-07-02 14:50:00+00:00,129620.06627983724,119943.9741763011,130171.12870978066,137482.50245291943,130141.41989263307,132624.83373177037,134841.19403750057
2026-07-02 14:55:00+00:00,130283.27469458702,120533.94546016278,130785.39144812807,138042.82703936406,130894.96732901773,133258.43023665407,135398.0844393173
2026-07-02 15:00:00+00:00,130950.36979190192,121112.49327546536,131409.28898786157,138603.9670826216,131628.12852133717,133896.9395850283,135980.341640006
2026-07-02 15:05:00+00:00,131626.3949355952,121676.43336812007,132042.45102526792,139168.85384159937,132363.99064242613,134553.89662771203,136595.3750985046
2026-07-02 15:10:00+00:00,132315.2965561434,122226.4400608447,132682.9559217528,139738.37804337748,133124.12351014325,135239.46495244544,137243.80420350647
2026-07-02 15:15:00+00:00,133014.85792747478,122765.88135747382,133330.1013926704,140310.38466449094,133899.95228551136,135947.42738310056,137919.8523739224
2026-07-02 15:20:00+00:00,133722.86232351724,123298.12526184192,133983.18515337494,140882.71868147454,134682.90212955323,136671.5667435494,138617.74302866333
2026-07-02 15:25:00+00:00,134437.09301819908,123826.53977778358,134641.50491922064,141453.2250708633,135464.3982032917,137405.66585766396,139331.69958664017
2026-07-02 15:30:00+00:00,135155.33328544826,124354.49290913329,135304.35840556168,142019.74880919207,136235.8656677495,138143.50754931627,140055.9454667638
2026-07-02 15:35:00+00:00,135875.36639919298,124885.35265972558,135971.04332775227,142580.13487299587,136988.72968394947,138878.87464237833,140784.7040879451
2026-07-02 15:40:00+00:00,136594.9756333613,125422.487033395,136640.8574011466,143132.22823880953,137714.41541291433,139605.54996072216,141512.19886909504
2026-07-02 15:45:00+00:00,137311.94426188132,125969.26403397607,137313.098341099,143673.87388316804,138404.34801566697,140317.3163282198,142232.6532291244
2026-07-02 15:50:00+00:00,138024.05555868114,126529.05166530334,137987.06386296352,144202.91678260628,139049.95265323008,141007.95656874322,142940.29058694415
2026-07-02 15:55:00+00:00,138729.09279768897,127105.21793121131,138662.05168209443,144717.20191365917,139642.6544866265,141671.25350616444,143629.33436146518
2026-07-02 16:00:00+00:00,139424.83925283278,127701.13083553452,139337.35951384593,145214.57425286167,140173.87867687905,142300.98996435554,144294.00797159836
2026-07-02 16:05:00+00:00,140148.72662286524,128332.55293929277,140053.128755326,145711.13711938888,140674.74784340107,142930.71249329197,144969.359658842
2026-07-02 16:10:00+00:00,140927.01439606195,129006.25378017729,140835.6899492152,146219.8771627439,141177.43136491778,143589.16531676165,145684.14170404346
2026-07-02 16:15:00+00:00,141740.72753063543,129712.11182702974,141663.6245292266,146733.9643549536,141674.92454141958,144262.9277693554,146423.13358513743
2026-07-02 16:20:00+00:00,142570.89098479826,130440.00554869177,142515.51392907338,147246.56866804487,142160.22267289704,144938.57918566378,147171.11478005853
2026-07-02 16:25:00+00:00,143398.52971676303,131179.81341400513,143369.93958246856,147750.86007404464,142626.32105934064,145602.69890027752,147912.8647667413
2026-07-02 16:30:00+00:00,144204.66868474227,131921.41389181136,144205.4829231253,148240.00854497973,143066.21500074086,146241.86624778726,148633.16302312043
2026-07-02 16:35:00+00:00,144970.3328469486,132654.68545095227,145000.72538475675,148707.184052877,143472.8997970882,146842.66056278374,149316.78902713052
2026-07-02 16:40:00+00:00,145676.54716159456,133369.50656026945,145734.24840107592,149145.55656976343,143839.37074837316,147391.66117985762,149948.5222567062
2026-07-02 16:45:00+00:00,146304.3365868927,134055.7556886046,146384.63340579596,149548.29606766585,144158.62315458618,147875.44743359956,150513.14218978203
2026-07-02 16:50:00+00:00,146834.72608105562,134703.3113047994,146930.46183263,149908.57251861112,144423.65231571777,148280.59865860027,150995.42830429273
2026-07-02 16:55:00+00:00,147248.74060229587,135302.05187769549,147350.31511529116,150219.55589462616,144627.45353175845,148593.6941894504,151380.16007817283
2026-07-02 17:00:00+00:00,147527.40510882603,135841.85587613456,147622.77468749252,150474.41616773786,144763.02210269868,148801.3133607407,151652.116989357
2026-07-02 17:05:00+00:00,147717.19436670846,136333.88869617807,147799.89030277816,150685.31666028628,144854.40023411973,148942.28043988466,151849.7430955254
2026-07-02 17:10:00+00:00,147880.09528530468,136798.3931547856,147950.83066938564,150871.69673425975,144931.83600352498,149065.88814705735,152023.78095093265
2026-07-02 17:15:00+00:00,148020.40103777577,137238.86385214617,148079.8556530682,151037.64042115756,144997.63351878818,149174.41849599153,152177.45777837498
2026-07-02 17:20:00+00:00,148142.40479728297,137658.79538844887,148191.22511957912,151187.23175247893,145054.09688778303,149270.1535004201,152314.0008006486
2026-07-02 17:25:00+00:00,148250.39973698757,138061.68236388266,148289.19893467161,151324.55475972313,145103.53021838338,149355.3751740757,152436.63724054975
2026-07-02 17:30:00+00:00,148348.67903005064,138451.01937863659,148378.03696409898,151453.69347438944,145148.2376184629,149432.3655306913,152548.5943208747
2026-07-02 17:35:00+00:00,148441.53584963342,138830.30103289968,148461.99907361445,151578.73192797715,145190.52319589537,149503.4065839996,152653.09926441958
2026-07-02 17:40:00+00:00,148533.2633688971,139203.02192686094,148545.34512897133,151703.75415198551,145232.69105855454,149570.78034773347,152753.37929398066
2026-07-02 17:45:00+00:00,148628.1547610029,139572.6766607094,148632.33499592278,151832.84417791374,145277.04531431413,149636.76883562567,152852.66163235414
2026-07-02 17:50:00+00:00,148730.50319911196,139942.75983463408,148727.22854022213,151970.08603726112,145325.89007104785,149703.654061409,152954.1735023363
2026-07-02 17:55:00+00:00,148844.6018563855,140316.766048824,148834.2856276226,152119.56376152692,145381.52943662953,149773.71803881635,153061.1421267234
2026-07-02 18:00:00+00:00,148974.74390598474,140698.18990346818,148957.7661238775,152285.3613822104,145446.26751893287,149849.2427815804,153176.79472831156
2026-07-02 18:05:00+00:00,149122.7256048205,141100.17585922108,149100.30059803644,152471.9232548687,145519.91660749188,149926.7074945713,153297.65709965565
2026-07-02 18:10:00+00:00,149285.22146651216,141527.3247630138,149259.24000725307,152677.90768257313,145600.08169880137,150001.4259802352,153418.01409853876
2026-07-02 18:15:00+00:00,149458.84204928338,141970.31579444997,149430.92479943667,152898.71961809375,145685.75596117624,150073.932148669,153537.73154559988
2026-07-02 18:20:00+00:00,149640.19791135803,142419.8281331335,149611.69542249647,153129.7640142009,145775.93256293135,150144.75990996973,153656.67526147765
2026-07-02 18:25:00+00:00,149825.89961095992,142866.54095866808,149797.8923243417,153366.4458236648,145869.6046723816,150214.44317423424,153774.711066811
2026-07-02 18:30:00+00:00,150012.5577063128,143301.1334506576,149985.8559528816,153604.16999925565,145965.7654578419,150283.51585155955,153891.70478223875
2026-07-02 18:35:00+00:00,150196.78275564045,143714.28478870573,150171.9267560254,153838.34149374376,146063.40808762712,150352.5118520426,154007.52222839967
2026-07-02 18:40:00+00:00,150375.18531716676,144096.67415241632,150352.44518168236,154064.36525989932,146161.5257300522,150421.96508578028,154122.02922593267
2026-07-02 18:45:00+00:00,150544.3759491154,144438.98072139316,150523.75167776167,154277.64625049254,146259.11155343195,150492.4094628696,154235.09159547644
2026-07-02 18:50:00+00:00,150700.9652097103,144731.88367523998,150682.18669217266,154473.5894182937,146355.15872608134,150564.37889340753,154346.57515766993
2026-07-02 18:55:00+00:00,150841.5636571751,144966.06219356065,150824.09067282447,154647.59971607305,146448.66041631525,150638.4072874909,154456.3457331519
2026-07-02 19:00:00+00:00,150962.7818497337,145132.19545595886,150945.80406762645,154795.0820966008,146538.60979244855,150715.02855521676,154564.26914256113
2026-07-02 19:05:00+00:00,151067.5286833066,145253.66338229706,151050.46193807723,154922.5030169424,146628.1031475407,150793.59577755927,154671.67235139647
2026-07-02 19:10:00+00:00,151162.19084370753,145361.2588143857,151144.88955933807,155040.23074998334,146720.21576120553,150873.14720720975,154779.58280439558
2026-07-02 19:15:00+00:00,151248.59557400027,145456.78031475056,151230.96269981205,155149.52297222373,146813.9092815895,150953.74451184098,154887.41704105568
2026-07-02 19:20:00+00:00,151328.5701172485,145542.02644591738,151310.5571279022,155251.6373601639,146908.145356839,151035.4493591256,154994.591600874
2026-07-02 19:25:00+00:00,151403.941716516,145618.79577041193,151385.5486120116,155347.83159030403,147001.8856351006,151118.3234167364,155100.52302334784
2026-07-02 19:30:00+00:00,151476.53761486642,145688.88685076003,151457.81292054328,155439.36333914433,147094.0917645207,151202.4283523461,155204.6278479743
2026-07-02 19:35:00+00:00,151548.18505536357,145754.0982494875,151529.22582190033,155527.49028318498,147183.72539324575,151287.8258336274,155306.32261425073
2026-07-02 19:40:00+00:00,151620.71128107107,145816.22852912,151601.66308448574,155613.47009892622,147269.7481694222,151374.57752825296,155405.02386167424
2026-07-02 19:45:00+00:00,151695.94353505273,145877.07625218347,151677.0004767026,155698.56046286825,147351.12174119655,151462.74510389558,155500.14812974213
2026-07-02 19:50:00+00:00,151775.70906037223,145938.43998120356,151757.11376695396,155784.0190515113,147426.80775671522,151552.39022822795,155591.11195795165
2026-07-02 19:55:00+00:00,151861.8351000933,146002.11827870613,151843.8787236429,155871.1035413556,147495.7678641247,151643.57456892275,155677.33188579997
2026-07-02 20:00:00+00:00,151956.14889727967,146069.9097072169,151939.17111517242,155961.07160890131,147556.9637115714,151736.35979365275,155758.2244527843
2026-07-02 20:05:00+00:00,152062.6272131883,146141.83834560786,152046.89620540128,156054.9965552267,147613.8792626087,151836.5965722099,155838.950661997
2026-07-02 20:10:00+00:00,152182.04744663098,146215.9992596347,152167.77354831123,156152.20621887068,147670.28257503206,151947.9978735556,155923.66208012434
2026-07-02 20:15:00+00:00,152311.43779700377,146291.29749214908,152298.90034748963,156251.34008252472,147725.56143835114,152067.41881411654,156010.26109205486
2026-07-02 20:20:00+00:00,152447.82646370272,146366.63808600252,152437.37380652394,156351.03762888006,147779.10364207564,152191.7145103194,156096.6500826769
2026-07-02 20:25:00+00:00,152588.24164612382,146440.9260840466,152580.29112900156,156449.93834062814,147830.29697571523,152317.74007859093,156180.73143687894
2026-07-02 20:30:00+00:00,152729.71154366308,146513.0665291329,152724.74951850998,156546.68170046026,147878.52922877957,152442.3506353579,156260.40753954934
2026-07-02 20:35:00+00:00,152869.2643557166,146581.96446411297,152867.84617863654,156639.90719106788,147923.18819077837,152562.40129704698,156333.58077557659
2026-07-02 20:40:00+00:00,153003.92828168027,146646.5249318384,153006.67831296878,156728.25429514222,147963.6616512213,152674.74718008484,156398.15352984908
2026-07-02 20:45:00+00:00,153130.73152095024,146705.65297516072,153138.34312509408,156810.36249537472,147999.33739961806,152776.24340089827,156452.02818725526
2026-07-02 20:50:00+00:00,153246.7022729225,146758.25363693153,153259.93781859984,156884.87127445673,148029.60322547826,152863.74507591402,156493.10713268354
2026-07-02 20:55:00+00:00,153348.86873699306,146803.2319600024,153368.5595970735,156950.42011507964,148053.84691831164,152934.10732155872,156519.2927510223
2026-07-02 21:00:00+00:00,153434.25911255795,146839.49298722492,153461.30566410255,157005.64849993476,148071.45626762786,152984.18525425915,156528.48742716003
2026-07-02 21:05:00+00:00,153511.10802968618,146870.93024985865,153546.53869487823,157055.53041503156,148085.28434286185,153022.5082810313,156528.08679967409
2026-07-02 21:10:00+00:00,153588.68912085405,146901.88162068548,153633.40696758206,157105.3975541472,148098.51541911316,153059.45396104458,156526.9069732336
2026-07-02 21:15:00+00:00,153665.58908906844,146931.91865484044,153720.18609028668,157154.4259616245,148111.0340943885,153094.64963895566,156524.98103186474
2026-07-02 21:20:00+00:00,153740.39463733629,146960.6129074585,153805.15167106478,157201.7916818064,148122.72496669443,153127.72265942127,156522.3420595935
2026-07-02 21:25:00+00:00,153811.69246866438,146987.53593367472,153886.57931798897,157246.67075903577,148133.47263403755,153158.30036709813,156519.02314044602
2026-07-02 21:30:00+00:00,153878.06928605973,147012.25928862407,153962.74463913197,157288.23923765542,148143.16169442455,153186.01010664293,156515.05735844842
2026-07-02 21:35:00+00:00,153938.11179252915,147034.35452744158,154031.92324256644,157325.6731620083,148151.67674586206,153210.4792227124,156510.47779762675
2026-07-02 21:40:00+00:00,153990.4066910796,147053.39320526225,154092.390736365,157358.14857643718,148158.90238635664,153231.3350599633,156505.3175420071
2026-07-02 21:45:00+00:00,154033.54068471794,147068.94687722105,154142.42272860036,157384.84152528507,148164.72321391496,153248.2049630523,156499.6096756156
2026-07-02 21:50:00+00:00,154066.1004764511,147080.58709845305,154180.29482734518,157404.9280528947,148169.02382654368,153260.71627663614,156493.3872824783
2026-07-02 21:55:00+00:00,154086.67276928588,147087.88542409326,154204.2826406721,157417.5842036091,148171.68882224942,153268.49634537147,156486.68344662126
2026-07-02 22:00:00+00:00,154093.8442662293,147090.41340927666,154212.66177665384,157421.986021771,148172.6027990387,153271.1725139151,156479.53125207065
2026-07-02 22:05:00+00:00,154089.60961268397,147062.2451286012,154207.12923119302,157412.45942628803,148171.43831779636,153270.30422919017,156468.38043091242
2026-07-02 22:10:00+00:00,154077.2170521374,146981.8936200239,154191.01491137827,157385.0566874817,148167.99669639068,153267.7354108081,156450.11161924174
2026-07-02 22:15:00+00:00,154057.1336847237,146855.5888837183,154165.0437920612,157341.54337681594,148162.3556683035,153263.52011245792,156425.40425709856
2026-07-02 22:20:00+00:00,154029.82661057697,146689.56091985802,154129.9408480933,157283.68506575466,148154.59296701668,153257.7123878288,156394.93778452277
2026-07-02 22:25:00+00:00,153995.7629298314,146490.03972861668,154086.43105432618,157213.2473257618,148144.7863260122,153250.36629060988,156359.39164155428
2026-07-02 22:30:00+00:00,153955.40974262106,146263.25531016785,154035.23938561144,157131.9957283013,148133.01347877187,153241.53587449016,156319.44526823296
2026-07-02 22:35:00+00:00,153909.2341490801,146015.4376646851,153977.0908168006,157041.69584483706,148119.3521587776,153231.27519315883,156275.77810459875
2026-07-02 22:40:00+00:00,153857.7032493426,145752.81679234203,153912.71032274523,156944.11324683297,148103.8800995113,153219.63830030494,156229.06959069156
2026-07-02 22:45:00+00:00,153801.28414354273,145481.62269331224,153842.82287829692,156841.013505753,148086.6750344548,153206.67924961765,156179.99916655125
2026-07-02 22:50:00+00:00,153740.44393181455,145208.0853677693,153768.1534583072,156734.16219306106,148067.81469709007,153192.452094786,156129.24627221777
2026-07-02 22:55:00+00:00,153675.64971429226,144938.43481588684,153689.42703762767,156625.32488022113,148047.37682089893,153177.0108894991,156077.490347731
2026-07-02 23:00:00+00:00,153607.36859110993,144678.90103783843,153607.36859110993,156516.267138697,148025.43913936333,153160.40968744608,156025.41083313088
2026-07-02 23:05:00+00:00,153513.3644398965,144410.88993873377,153503.57940917177,156397.64152390236,147984.9347654119,153130.91508797233,155972.34636620095
2026-07-02 23:10:00+00:00,153374.32697267862,144114.70002280577,153361.7575122576,156260.00628991803,147911.4057909601,153078.06140544836,155916.62069641944
2026-07-02 23:15:00+00:00,153195.11204118704,143794.90018891293,153185.77297025904,156104.9855562091,147808.84341797006,153003.80426610092,155857.39093136834
2026-07-02 23:20:00+00:00,152980.57549715243,143456.0593359136,152979.49585306752,155934.2034422405,147681.23884840394,152910.09929615675,155793.81417862955
2026-07-02 23:25:00+00:00,152735.57319230554,143102.74636266622,152746.7962305746,155749.28406747725,147532.58328422377,152798.9021218426,155725.047545785
2026-07-02 23:30:00+00:00,152464.9609783771,142739.53016802925,152491.54417267183,155551.85155138432,147366.8679273918,152672.16836938518,155650.24814041663
2026-07-02 23:35:00+00:00,152173.59470709783,142370.97965086106,152217.60974925067,155343.53001342664,147188.08397987005,152531.8536650113,155568.57307010642
2026-07-02 23:40:00+00:00,151866.33023019842,142001.6637100201,151928.86303020263,155125.9435730692,147000.22264362068,152379.91363494768,155479.17944243623
2026-07-02 23:45:00+00:00,151548.02339940966,141636.15124436482,151629.17408541922,154900.71634977713,146807.27512060583,152218.303905421,155381.22436498804
2026-07-02 23:50:00+00:00,151223.53006646226,141279.0111527536,151322.41298479203,154669.47246301523,146613.23261278754,152048.98010265813,155273.86494534375
2026-07-02 23:55:00+00:00,150897.7060830869,140934.81233404487,151012.4497982125,154433.83603224854,146422.086322128,151873.89785288568,155156.25829108537
2026-07-03 00:00:00+00:00,150575.40730101432,140608.12368709708,150703.1545955722,154195.4311769421,146237.82745058928,151695.01278233057,155027.56150979473
2026-07-03 00:05:00+00:00,150231.72640944863,140300.8086375917,150370.67749020644,153934.8432083111,146055.44221900296,151489.5352378082,154857.59489833505
2026-07-03 00:10:00+00:00,149844.08884347073,140008.98157026584,149994.13816977656,153637.0823195335,145866.9094985155,151237.64658113837,154623.04135064417
2026-07-03 00:15:00+00:00,149420.8495736267,139728.58782256124,149581.8610656633,153310.40995301842,145671.7094665615,150945.75896105447,154333.35186991605
2026-07-03 00:20:00+00:00,148970.3635704625,139455.57273191967,149142.17060924726,152963.087551175,145469.3223005754,150620.28452628976,153997.97745934478
2026-07-03 00:25:00+00:00,148500.98580452419,139185.88163578298,148683.3912319091,152603.3765564122,145259.22817799178,150267.63542557752,153626.3691221243
2026-07-03 00:30:00+00:00,148021.07124635778,138915.45987159296,148213.84736502942,152239.5384111392,145040.9072762452,149894.22380765105,153227.97786144874
2026-07-03 00:35:00+00:00,147538.97486650932,138640.25277679134,147741.86343998896,151879.83455776502,144813.83977277012,149506.4618212436,152812.25468051198
2026-07-03 00:40:00+00:00,147063.0516355248,138356.20568881996,147275.76388816827,151532.52643869878,144577.50584500117,149110.76161508856,152388.65058250813
2026-07-03 00:45:00+00:00,146601.65652395025,138059.26394512056,146823.87314094807,151205.87549634965,144331.3856703728,148713.5353379191,151966.61657063116
2026-07-03 00:50:00+00:00,146163.1445023317,137745.37288313496,146394.51562970897,150908.1431731266,144074.95942631963,148321.19513846858,151555.60364807508
2026-07-03 00:55:00+00:00,145755.8705412152,137410.4778403049,145996.0157858316,150647.59091143875,143807.70729027613,147940.15316547023,151165.06281803394
2026-07-03 01:00:00+00:00,145388.1896111467,137050.52415407225,145636.69804069668,150432.48015369519,143529.10943967683,147576.8215676574,150804.44508370172
2026-07-03 01:05:00+00:00,145059.50715988627,136659.86837706363,145316.19982159225,150257.9332457752,143233.98181399505,147232.28200016572,150471.7044016137
2026-07-03 01:10:00+00:00,144759.443769906,136237.68672945717,145024.3411741682,150109.70579891634,142918.34139022548,146900.2125056023,150155.21367407005
2026-07-03 01:15:00+00:00,144481.67711381987,135787.154050022,144754.72045734775,149982.00915356513,142583.46990208494,146575.91981390747,149850.05232291206
2026-07-03 01:20:00+00:00,144219.88486424182,135311.44517752714,144500.93603005412,149869.05465016805,142230.6490832902,146254.71065502163,149551.29976998092
2026-07-03 01:25:00+00:00,143967.744693786,134813.73495074158,144256.5862512105,149765.05362917174,141861.16066755803,145931.89175888512,149254.03543711797
2026-07-03 01:30:00+00:00,143718.9342750663,134297.1982084344,144015.26947974024,149664.21743102264,141476.2863886052,145602.76985543832,148953.33874616452
2026-07-03 01:35:00+00:00,143467.13128069678,133765.00978937463,143770.5840745665,149560.75739616726,141077.30798014847,145262.65167462168,148644.28911896178
2026-07-03 01:40:00+00:00,143206.0133832915,133220.34453233134,143516.1283946125,149448.8848650522,140665.50717590467,144906.84394637548,148321.96597735106
2026-07-03 01:45:00+00:00,142929.25825546434,132666.37727607353,143245.50079880148,149322.81117812396,140242.16570959054,144530.65340064012,147981.44874317365
2026-07-03 01:50:00+00:00,142630.54356982943,132106.28285937026,142952.29964605666,149176.74767582904,139808.56531492283,144129.38676735605,147617.81683827078
2026-07-03 01:55:00+00:00,142303.54699900077,131543.2361209906,142630.12329530137,149004.905698614,139365.98772561835,143698.35077646349,147226.1496844838
2026-07-03 02:00:00+00:00,141941.9462155923,130980.41189970353,142272.57010545873,148801.49658692532,138915.71467539392,143232.85215790296,146801.52670365392
2026-07-03 02:05:00+00:00,141547.7740273705,130423.77882824192,141878.50666911373,148523.52529950184,138465.0019603608,142722.7078339569,146330.59839576116
2026-07-03 02:10:00+00:00,141126.46204823628,129873.25216980581,141451.08254830982,148141.26892202857,138016.14674551846,142162.77597454734,145807.01917747734
2026-07-03 02:15:00+00:00,140676.78616000555,129322.92670886507,140990.32055615814,147668.84698537158,137562.9928179158,141555.9251810741,145236.37434568148
2026-07-03 02:20:00+00:00,140197.5222444939,128766.89722988957,140496.24350576973,147120.37902039685,137099.3839646017,140905.02405493686,144624.24919725262
2026-07-03 02:25:00+00:00,139687.44618351734,128199.2585173492,139968.8742102556,146509.9845579704,136619.16397262507,140212.94119753543,143976.2290290698
2026-07-03 02:30:00+00:00,139145.33385889154,127614.10535571382,139408.23548272697,145851.78312895825,136116.17662903483,139482.54521026954,143297.8991380121
2026-07-03 02:35:00+00:00,138569.96115243234,127005.5325294533,138814.3501362948,145159.8942642264,135584.26572087986,138716.70469453893,142594.8448209585
2026-07-03 02:40:00+00:00,137960.10394595555,126367.63482303752,138187.24098407014,144448.43749464088,135017.27503520905,137918.28825174333,141872.65137478808
2026-07-03 02:45:00+00:00,137314.53812127694,125694.50702093635,137526.93083916412,143731.5323510677,134409.0483590713,137090.16448328257,141136.90409637985
2026-07-03 02:50:00+00:00,136632.03956021232,124980.24390761966,136833.44251468783,143023.29836437284,133753.42947951553,136235.20199055632,140393.1882826129
2026-07-03 02:55:00+00:00,135911.3841445775,124218.94026755732,136106.79882375232,142337.8550654224,133044.26218359068,135356.26937496438,139647.0892303662
2026-07-03 03:00:00+00:00,135151.34775618822,123404.69088521924,135347.02257946867,141689.32198508224,132275.39025834555,134456.23523790645,138904.1922365188
2026-07-03 03:05:00+00:00,134257.95922393713,122464.8690641237,134482.73540643844,141054.93331673238,131331.02159507308,133480.8779433394,138141.53553282918
2026-07-03 03:10:00+00:00,133164.84228457516,121353.25120405597,133462.12600274323,140404.6829474583,130132.05985930767,132389.08238264426,137337.71912729184
2026-07-03 03:15:00+00:00,131912.16518170558,120103.53673388627,132314.56779171395,139741.82994868432,128727.39249946065,131203.37694835695,136500.67098114017
2026-07-03 03:20:00+00:00,130540.09615893174,118749.42508248486,131069.43419668161,139069.63339183482,127165.90696394327,129946.29003301346,135638.31905560737
2026-07-03 03:25:00+00:00,129088.80345985694,117324.61567872197,129756.09864097722,138391.3523483341,125496.49070116681,128640.35002914979,134758.59131192678
2026-07-03 03:30:00+00:00,127598.45532808454,115862.80795146782,128403.93454793171,137710.24588960654,123768.03115954256,127308.08532930195,133869.41571133168
2026-07-03 03:35:00+00:00,126109.22000721782,114397.7013295927,127042.3153408761,137029.5730870765,122029.41578748176,125972.02432600588,132978.72021505533
2026-07-03 03:40:00+00:00,124661.26574086012,112962.99524196681,125700.61444314137,136352.5930121684,120329.53203339575,124654.69541179758,132094.4327843311
2026-07-03 03:45:00+00:00,123294.76077261473,111592.38911746042,124408.20527805848,135682.56473630646,118717.26734569577,123378.62697921303,131224.48138039216
2026-07-03 03:50:00+00:00,122049.87334608499,110319.58238494376,123194.46126895839,135022.74733091507,117241.50917279311,122166.34742078822,130376.7939644719
2026-07-03 03:55:00+00:00,120966.7717048742,109178.27447328705,122088.75583917214,134376.39986741866,115951.14496309904,121040.38512905914,129559.29849780358
2026-07-03 04:00:00+00:00,120085.62409258573,108202.16481136053,121120.46241203068,133746.78141724152,114895.06216502485,120023.26849656174,128779.92294162049
2026-07-03 04:05:00+00:00,119352.26825405993,107340.33508999602,120252.89708552613,133123.21398243812,113992.90316273455,119088.82529651903,128030.87309482976
2026-07-03 04:10:00+00:00,118680.1188182228,106518.19146352909,119427.09312988518,132495.1972599674,113131.7145240769,118193.26294890032,127298.05801118493
2026-07-03 04:15:00+00:00,118060.70935480607,105733.92005608576,118638.99972679086,131866.25686361062,112311.48997299031,117332.67931636107,126579.96053418893
2026-07-03 04:20:00+00:00,117485.57343354145,104985.70699179197,117884.5660579261,131239.91840714897,111532.22323341315,116503.17226155681,125875.06350734465
2026-07-03 04:25:00+00:00,116946.2446241606,104271.73839477371,117159.74130497385,130619.70750436363,110793.90802928383,115700.83964714297,125181.84977415498
2026-07-03 04:30:00+00:00,116434.25649639526,103590.20038915699,116460.4746496171,130009.14976903582,110096.53808454076,114921.77933577505,124498.80217812285
2026-07-03 04:35:00+00:00,115941.14261997715,102939.27909906776,115782.7152735388,129411.77081494674,109440.10712312235,114162.08919010853,123824.40356275115
2026-07-03 04:40:00+00:00,115458.43656463797,102317.16064863201,115122.4123584219,128831.09625587756,108824.60886896693,113417.8670727989,123157.13677154279
2026-07-03 04:45:00+00:00,114977.67190010943,101722.03116197571,114475.51508594936,128270.65170560953,108250.03704601295,112685.21084650158,122495.4846480007
2026-07-03 04:50:00+00:00,114490.38219612322,101152.07676322486,113837.97263780417,127733.96277792384,107716.3853781988,111960.21837387214,121837.93003562774
2026-07-03 04:55:00+00:00,113988.10102241105,100605.48357650543,113205.73419566924,127224.55508660167,107223.64758946287,111238.987517566,121182.95577792685
2026-07-03 05:00:00+00:00,113462.36194870465,100080.4377259434,112574.74894122756,126745.95424542423,106771.81740374357,110517.61614023865,120529.04471840094
2026-07-03 05:05:00+00:00,112913.05530934331,99568.86401189395,111936.87922159556,126292.93990663276,106356.34310422064,109783.04902511828,119859.07029909707
2026-07-03 05:10:00+00:00,112349.33283188332,99065.70765343272,111290.87089278708,125857.07696763217,105970.37346927331,109030.89641419497,119163.69351940708
2026-07-03 05:15:00+00:00,111776.62017588175,98573.68540276644,110642.99839983106,125437.0689099492,105610.45296563927,108270.25435826702,118453.07855885099
2026-07-03 05:20:00+00:00,111200.34300089577,98095.51401210178,109999.53618775657,125031.61921511056,105273.12606005612,107510.21890813278,117737.38959694884
2026-07-03 05:25:00+00:00,110625.92696648251,97633.91023364548,109366.75870159261,124639.43136464301,104954.93721926153,106759.88611459055,117026.7908132206
2026-07-03 05:30:00+00:00,110058.79773219906,97191.59081960421,108750.94038636818,124259.20884007323,104652.43090999313,106028.35202843869,116331.44638718634
2026-07-03 05:35:00+00:00,109504.38095760258,96771.27252218469,108158.35568711231,123889.655122928,104362.15159898854,105324.71270047549,115661.52049836607
2026-07-03 05:40:00+00:00,108968.1023022502,96375.6720935936,107595.27904885402,123529.47369473401,104080.64375298543,104658.0641814993,115027.17732627977
2026-07-03 05:45:00+00:00,108455.387425699,96007.5062860377,107067.98491662231,123177.368037018,103804.45183872145,104037.50252230842,114438.58105044751
2026-07-03 05:50:00+00:00,107971.66198750616,95669.49185172361,106582.7477354462,122832.04163130667,103530.1203229342,103472.1237737012,113905.89585038928
2026-07-03 05:55:00+00:00,107522.35164722877,95364.3455428581,106145.8419503547,122492.19795912677,103254.19367236136,102971.02398647594,113439.28590562512
2026-07-03 06:00:00+00:00,107112.88206442397,95094.78411164782,105763.54200637684,122156.54050200504,102973.21635374056,102543.29921143097,113048.91539567502
2026-07-03 06:05:00+00:00,106733.44104996834,94855.20276624446,105423.65887416752,121830.31708132017,102691.87660587423,102167.04548217125,112721.24309605148
2026-07-03 06:10:00+00:00,106370.05880013565,94636.2401591759,105108.020055181,121517.95138294048,102416.7505794869,101813.47645699755,112431.47797793195
2026-07-03 06:15:00+00:00,106021.9245525788,94434.97820921324,104813.92479064528,121216.91068512703,102147.21460919938,101481.36462375207,112172.90951433398
2026-07-03 06:20:00+00:00,105688.22754495071,94248.4988351276,104538.67232178846,120924.6622661409,101882.64502963236,101169.4824702769,111938.82717827514
2026-07-03 06:25:00+00:00,105368.15701490425,94073.88395569003,104279.56188983846,120638.6734042432,101622.41817540664,100876.60248441418,111722.52044277296
2026-07-03 06:30:00+00:00,105060.90220009239,93908.2154896717,104033.89273602336,120356.41137769503,101365.91038114297,100601.49715400605,111517.27878084501
2026-07-03 06:35:00+00:00,104765.65233816799,93748.57535584364,103798.96410157115,120075.34346475743,101112.49798146212,100342.93896689468,111316.3916655088
2026-07-03 06:40:00+00:00,104481.596666784,93592.04547297698,103572.0752277099,119792.9369436915,100861.55731098485,100099.70041092215,111113.1485697819
2026-07-03 06:45:00+00:00,104207.92442359327,93435.70775984281,103350.52535566757,119506.65909275835,100612.46470433191,99870.55397393066,110900.83896668187
2026-07-03 06:50:00+00:00,103943.82484624878,93276.64413521225,103131.61372667224,119213.97719021904,100364.5964961241,99654.27214376227,110672.75232922625
2026-07-03 06:55:00+00:00,103688.48717240337,93111.93651785637,102912.63958195188,118912.35851433467,100117.32902098213,99449.6274082592,110422.17813043257
2026-07-03 07:00:00+00:00,103441.10063971001,92938.6668265463,102690.90216273454,118599.27034336631,99870.03861352679,99255.39225526353,110142.4058433184
2026-07-03 07:05:00+00:00,103188.5379501848,92756.83764809399,102462.77007287051,118265.32564249322,99617.71151162717,99068.66599631423,109819.32969626223
2026-07-03 07:10:00+00:00,102922.69110402862,92569.63354441967,102228.66282514157,117907.19412808209,99357.8098708279,98887.73339612428,109450.3389161155
2026-07-03 07:15:00+00:00,102650.27828617158,92378.90939695678,101991.95602417299,117531.42820517518,99093.42390226299,98713.14512229689,109045.96547360522
2026-07-03 07:20:00+00:00,102378.01768154372,92186.52008713874,101756.02527459005,117144.58027881474,98827.64381706646,98545.45184243524,108616.74133945837
2026-07-03 07:25:00+00:00,102112.62747507515,91994.320496399,101524.24618101802,116753.202754043,98563.55982637238,98385.20422414255,108173.19848440198
2026-07-03 07:30:00+00:00,101860.82585169592,91804.165506171,101299.99434808215,116363.8480359022,98304.26214131471,98232.952935022,107725.868879163
2026-07-03 07:35:00+00:00,101629.3309963361,91617.90999788816,101086.64538040773,115983.06852943466,98052.84097302753,98089.24864267679,107285.28449446843
2026-07-03 07:40:00+00:00,101424.8610939258,91437.4088529839,100887.57488261999,115617.41663968257,97812.38653264487,97954.64201471016,106861.97730104528
2026-07-03 07:45:00+00:00,101254.13432939505,91264.51695289169,100706.15845934421,115273.4447716882,97585.98903130072,97829.68371872527,106466.47926962053
2026-07-03 07:50:00+00:00,101123.86888767395,91101.08917904492,100545.77171520567,114957.70533049382,97376.73868012914,97714.92442232532,106109.32237092117
2026-07-03 07:55:00+00:00,101040.78295369259,90948.98041287709,100409.79025482964,114676.75072114164,97187.72569026417,97610.91479311352,105801.03857567422
2026-07-03 08:00:00+00:00,101011.59471238099,90810.04553582157,100301.58968284137,114437.13334867393,97022.0402728398,97518.20549869307,105552.15985460664
2026-07-03 08:05:00+00:00,101014.41865070243,90680.66158715938,100214.37447875389,114228.4560267851,96866.83314009801,97433.46791434592,105346.0143554231
2026-07-03 08:10:00+00:00,101022.22600959109,90555.93314652663,100137.90848395188,114034.80404067312,96709.21609182669,97352.98087268912,105157.43197476286
2026-07-03 08:15:00+00:00,101034.02010493356,90435.80640588942,100070.40634586794,113854.4535026355,96552.22097047887,97276.7062273284,104984.19730675472
2026-07-03 08:20:00+00:00,101048.80425261636,90320.22755721383,100010.08271193474,113685.6805249698,96398.87961850752,97204.60583186957,104824.09494552757
2026-07-03 08:25:00+00:00,101065.58176852606,90209.14279246601,99955.15222958493,113526.76121997356,96252.22387836568,97136.64153991839,104674.90948521021
2026-07-03 08:30:00+00:00,101083.35596854921,90102.49830361201,99903.82954625113,113375.97169994433,96115.28559250635,97072.77520508067,104534.42551993152
2026-07-03 08:35:00+00:00,101101.13016857234,90000.24028261795,99854.32930936603,113231.58807717968,95991.09660338251,97012.96868096218,104400.42764382031
2026-07-03 08:40:00+00:00,101117.90768448204,89902.31492144991,99804.86616636226,113091.88646397713,95882.68875344719,96957.18382116871,104270.70045100544
2026-07-03 08:45:00+00:00,101132.69183216484,89808.66841207405,99753.6547646725,112955.14297263426,95793.09388515336,96905.38247930603,104143.02853561577
2026-07-03 08:50:00+00:00,101144.4859275073,89719.2469464564,99698.90975172934,112819.6337154486,95725.34384095405,96857.52650897994,104015.19649178012
2026-07-03 08:55:00+00:00,101152.29328639597,89633.99671656314,99638.84577496546,112683.63480471769,95682.47046330226,96813.57776379622,103884.98891362734
2026-07-03 09:00:00+00:00,101155.1172247174,89552.86391436029,99571.67748181353,112545.42235273909,95667.50559465101,96773.49809736063,103750.19039528628
2026-07-03 09:05:00+00:00,101143.9947177719,89471.40569088861,99498.43777227354,112405.58572004808,95683.17972828301,96734.93049944012,103604.29878886219
2026-07-03 09:10:00+00:00,101112.5888733274,89386.54723394511,99421.59912463227,112266.27170547462,95727.37398161068,96696.01390026038,103445.53645274519
2026-07-03 09:15:00+00:00,101063.84220597187,89300.28679063026,99341.53555375247,112128.09257875828,95795.8461332816,96657.45406411539,103278.77474049156
2026-07-03 09:20:00+00:00,101000.6972302933,89214.62260804459,99258.62107449696,111991.66060963861,95884.35396194328,96619.95675529908,103108.8850056575
2026-07-03 09:25:00+00:00,100926.09646087966,89131.55293328867,99173.2297017285,111857.58806785519,95988.65524624332,96584.22773810537,102940.73860179922
2026-07-03 09:30:00+00:00,100842.9824123189,89053.07601346295,99085.73545030986,111726.48722314756,96104.50776482924,96550.97277682825,102779.206882473
2026-07-03 09:35:00+00:00,100754.29759919905,88981.19009566796,98996.51233510382,111598.9703452553,96227.66929634858,96520.89763576163,102629.16120123498
2026-07-03 09:40:00+00:00,100662.98453610805,88917.89342700427,98905.93437097316,111475.64970391794,96353.89761944891,96494.7080791995,102495.47291164145
2026-07-03 09:45:00+00:00,100571.98573763389,88865.18425457232,98814.37557278066,111357.13756887508,96478.95051277777,96473.10987143581,102383.01336724861
2026-07-03 09:50:00+00:00,100484.24371836455,88825.06082547267,98722.20995538907,111244.04620986625,96598.5857549827,96456.80877676443,102296.65392161267
2026-07-03 09:55:00+00:00,100402.70099288801,88799.52138680583,98629.81153366122,111136.98789663105,96708.56112471127,96446.5105594794,102241.26592828988
2026-07-03 10:00:00+00:00,100330.30007579224,88790.56418567234,98537.55432245987,111036.57489890899,96804.63440061102,96442.92098387462,102221.72074083646
2026-07-03 10:05:00+00:00,100258.76580068553,88792.44041944963,98436.866675092,110936.55698118727,96887.54512467035,96454.68764056411,102251.64190937321
2026-07-03 10:10:00+00:00,100179.61908541401,88797.99228227249,98321.8597491476,110831.96245630427,96962.42140024072,96489.13325103956,102337.25670551525
2026-07-03 10:15:00+00:00,100095.4965709225,88807.10451637737,98196.93176591393,110725.3214165265,97031.60384801423,96544.97627591138,102472.34206506026
2026-07-03 10:20:00+00:00,100009.03489815578,88819.66186400075,98066.48094667828,110619.16395412036,97097.43308868297,96620.93517578999,102650.67492380594
2026-07-03 10:25:00+00:00,99922.8707080586,88835.54906737906,97934.90551272786,110516.02016135234,97162.24974293905,96715.72841128585,102866.03221754998
2026-07-03 10:30:00+00:00,99839.64064157575,88854.65086874878,97806.60368534994,110418.42013048888,97228.39443147456,96828.07444300936,103112.19088209003
2026-07-03 10:35:00+00:00,99761.98133965202,88876.85201034638,97685.97368583179,110328.89395379646,97298.2077749816,96956.69173157099,103382.92785322381
2026-07-03 10:40:00+00:00,99692.52944323218,88902.03723440829,97577.41373546066,110249.9717235415,97374.0303941523,97100.29873758112,103672.02006674901
2026-07-03 10:45:00+00:00,99633.92159326102,88930.091283171,97485.32205552382,110184.1835319905,97458.20290967872,97257.6139216502,103973.24445846329
2026-07-03 10:50:00+00:00,99588.79443068334,88960.89889887096,97414.09686730854,110134.05947140987,97553.06594225299,97427.35574438868,104280.37796416436
2026-07-03 10:55:00+00:00,99559.78459644387,88994.34482374463,97368.13639210204,110102.12963406609,97660.9601125672,97608.24266640698,104587.1975196499
2026-07-03 11:00:00+00:00,99549.52873148744,89030.31380002847,97351.83885119158,110090.92411222562,97784.22604131344,97798.99314831551,104887.4800607176
2026-07-03 11:05:00+00:00,99612.13822972473,89098.75126585433,97428.67038678782,110115.52121456091,97950.70281133689,98091.88602492811,105205.9704944774
2026-07-03 11:10:00+00:00,99788.92598024364,89225.33064618488,97645.83824661245,110186.18069479534,98180.37684905292,98560.37237774524,105567.35458590773
2026-07-03 11:15:00+00:00,100063.33086675481,89403.52866350285,97983.35231021937,110298.20481277171,98463.80979050897,99174.92903740729,105965.32055760898
2026-07-03 11:20:00+00:00,100418.79177296885,89626.8220402909,98421.22245716247,110446.8958283329,98791.56327175249,99906.03283455463,106393.55663218159
2026-07-03 11:25:00+00:00,100838.74758259638,89888.68749903174,98939.45856699563,110627.55600132167,99154.19892883088,100724.1605998277,106845.75103222593
2026-07-03 11:30:00+00:00,101306.63717934804,90182.60176220808,99518.07051927273,110835.48759158091,99542.27839779163,101599.78916386687,107315.59198034246
2026-07-03 11:35:00+00:00,101805.89944693442,90502.04155230262,100137.06819354769,111065.99285895341,99946.36331468208,102503.3953573125,107796.76769913154
2026-07-03 11:40:00+00:00,102319.97326906615,90840.48359179805,100776.46146937435,111314.37406328201,100357.01531554974,103405.45601080504,108282.9664111936
2026-07-03 11:45:00+00:00,102832.29752945385,91191.40460317708,101416.26022630662,111575.93346440954,100764.796036442,104276.44795498483,108767.87633912906
2026-07-03 11:50:00+00:00,103326.31111180814,91548.28130892241,102036.47434389842,111845.97332217883,101160.26711340634,105086.84802049228,109245.1857055383
2026-07-03 11:55:00+00:00,103785.45289983966,91904.59043151671,102617.11370170358,112119.79589643271,101533.99018249013,105807.13303796778,109708.58273302177
2026-07-03 12:00:00+00:00,104193.16177725898,92253.80869344271,103138.18817927603,112392.70344701399,101876.52687974085,106407.77983805175,110151.75564417982
2026-07-03 12:05:00+00:00,104562.7666256574,92614.60579397806,103622.56630989237,112693.38304870564,102188.74218845407,106916.04468778576,110577.59858123978
2026-07-03 12:10:00+00:00,104920.83293549965,93007.73236269715,104106.60894837978,113048.57562447466,102481.53315841514,107383.8097465094,110994.84696411855
2026-07-03 12:15:00+00:00,105270.65450380658,93429.7865175278,104590.56445661797,113450.66420643992,102760.50952540617,107818.49068331005,111405.950931951
2026-07-03 12:20:00+00:00,105615.52512759906,93877.3663763978,105074.68119648668,113892.03182672031,103031.28102520926,108227.5031672751,111813.36062387192
2026-07-03 12:25:00+00:00,105958.73860389793,94347.07005723496,105559.20752986563,114365.06151743472,103299.45739360648,108618.26286749191,112219.52617901622
2026-07-03 12:30:00+00:00,106303.58872972404,94835.49567796709,106044.3918186345,114862.13631070202,103570.64836637993,108998.18545304786,112626.8977365187
2026-07-03 12:35:00+00:00,106653.36930209825,95339.24135652198,106530.48242467301,115375.63923864112,103850.46367931174,109374.6865930303,113037.92543551423
2026-07-03 12:40:00+00:00,107011.37411804145,95854.90521082746,107017.72770986092,115897.95333337084,104144.51306818397,109755.18195652662,113455.05941513766
2026-07-03 12:45:00+00:00,107380.89697457445,96379.08535881132,107506.37603607796,116421.46162701017,104458.40626877871,110147.0872126242,113880.74981452385
2026-07-03 12:50:00+00:00,107765.23166871814,96908.37991840139,107996.67576520376,116938.5471516779,104797.75301687804,110557.81803041042,114317.44677280761
2026-07-03 12:55:00+00:00,108167.67199749337,97439.38700752547,108488.87525911813,117441.59293949298,105168.16304826409,110994.79007897263,114767.6004291238
2026-07-03 13:00:00+00:00,108591.51175792096,97968.70474411132,108983.22287970074,117922.98202257424,105575.24609871896,111465.41902739822,115233.6609226073
2026-07-03 13:05:00+00:00,109044.6455458356,98508.34592222702,109480.1594634617,118390.21587558635,106047.11569748203,111969.7091970692,115722.84655595731
2026-07-03 13:10:00+00:00,109529.47716665611,99070.03839797429,109979.70357522994,118856.38444195132,106600.08439054844,112500.37814292933,116237.50713602534
2026-07-03 13:15:00+00:00,110041.06423177959,99649.95288233146,110481.47016936328,119322.2534569242,107222.06043883375,113053.9113844086,116772.79005817462
2026-07-03 13:20:00+00:00,110574.46435260313,100244.26008627698,110985.07420021965,119788.58865575997,107900.95210325356,113626.79444093698,117323.84271776852
2026-07-03 13:25:00+00:00,111124.7351405238,100849.13072078917,111490.13062215692,120256.15577371368,108624.66764472348,114215.51283194449,117885.81251017023
2026-07-03 13:30:00+00:00,111686.93420693875,101460.73549684642,111996.25438953299,120725.7205460403,109381.11532415911,114816.55207686107,118453.84683074307
2026-07-03 13:35:00+00:00,112256.11916324505,102075.2451254271,112503.0604567057,121198.0487079949,110158.20340247604,115426.39769511677,119023.0930748503
2026-07-03 13:40:00+00:00,112827.34762083978,102688.83031750958,113010.16377803296,121673.90599483244,110943.84014058986,116041.53520614155,119588.69863785515
2026-07-03 13:45:00+00:00,113395.67719112006,103297.66178407222,113517.17930787265,122154.05814180797,111725.93379941618,116658.45012936539,120145.81091512096
2026-07-03 13:50:00+00:00,113956.16548548298,103897.91023609343,114023.72200058264,122639.27088417647,112492.39263987058,117273.62798421826,120689.57730201099
2026-07-03 13:55:00+00:00,114503.87011532566,104485.74638455159,114529.40681052084,123130.30995719299,113231.12492286865,117883.5542901302,121215.14519388847
2026-07-03 14:00:00+00:00,115033.84869204514,105057.34094042501,115033.84869204514,123627.94109611252,113930.03890932599,118484.71456653115,121717.66198611671
2026-07-03 14:05:00+00:00,115541.89886935688,105613.97120439785,115532.45669100125,124134.57307453963,114595.52031901444,119075.91633682133,122195.54082904749
2026-07-03 14:10:00+00:00,116030.77120403635,106160.7070311457,116022.72937421643,124650.99290593926,115244.8619535332,119660.24673361065,122653.33183473605
2026-07-03 14:15:00+00:00,116505.95266207088,106699.40796263427,116507.41597752085,125175.53368535722,115882.33269653897,120240.61069014366,123095.38784110092
2026-07-03 14:20:00+00:00,116972.93020944767,107231.93354082921,116989.26573674471,125706.5285078392,116512.20143168845,120819.91313966495,123526.06168606055
2026-07-03 14:25:00+00:00,117437.19081215399,107760.14330769614,117471.02788771816,126242.31046843094,117138.7370426383,121401.05901541906,123949.70620753345
2026-07-03 14:30:00+00:00,117904.22143617712,108285.89680520077,117955.45166627136,126781.21266217815,117766.20841304524,121986.9532506506,124370.67424343812
2026-07-03 14:35:00+00:00,118379.5090475043,108811.05357530875,118445.28630823451,127321.5681841266,118398.88442656596,122580.50077860407,124793.31863169304
2026-07-03 14:40:00+00:00,118868.54061212279,109337.47315998572,118943.28104943773,127861.71012932199,119041.03396685713,123184.60653252412,125221.99221021669
2026-07-03 14:45:00+00:00,119376.80309601985,109867.01510119738,119452.18512571124,128399.97159281006,119696.92591757544,123802.17544565529,125661.04781692756
2026-07-03 14:50:00+00:00,119909.78346518276,110401.53894090936,119974.7477728852,128934.68566963656,120370.82916237762,124436.11245124212,126114.83828974415
2026-07-03 14:55:00+00:00,120472.96868559875,110942.90422108734,120513.71822678976,129464.18545484719,121067.01258492033,125089.32248252921,126587.71646658493
2026-07-03 15:00:00+00:00,121071.8457232551,111492.970483697,121071.8457232551,129986.80404348767,121789.74506886025,125764.71047276114,127084.03518536843
2026-07-03 15:05:00+00:00,121726.01888779124,112057.64038346165,121654.96816268096,130505.41221659267,122568.70473850984,126474.45681543321,127610.16898836177
2026-07-03 15:10:00+00:00,122444.058676951,112638.68266151252,122264.39464325338,131023.66953294426,123418.8404113478,127223.89565531384,128166.0368344576
2026-07-03 15:15:00+00:00,123214.90133887834,113231.75598942713,122896.08119748211,131541.0922542095,124322.3270107802,128005.66255255733,128746.3081865127
2026-07-03 15:20:00+00:00,124027.48312171707,113832.51903878302,123545.9838578768,132057.19664205553,125261.33946021312,128812.39306731781,129345.65250738375
2026-07-03 15:25:00+00:00,124870.74027361115,114436.63048115767,124210.05865694716,132571.49895814926,126218.05268305267,129636.72275974958,129958.73925992756
2026-07-03 15:30:00+00:00,125733.60904270444,115039.74898812862,124884.26162720291,133083.5154641578,127174.6416027049,130471.28719000683,130580.23790700083
2026-07-03 15:35:00+00:00,126605.02567714086,115637.5332312734,125564.54880115374,133592.7624217482,128113.28114257594,131308.72191824386,131204.81791146033
2026-07-03 15:40:00+00:00,127473.92642506429,116225.64188216948,126246.87621130931,134098.75609258743,129016.14622607184,132141.66250461474,131827.14873616278
2026-07-03 15:45:00+00:00,128329.24753461864,116799.73361239443,126927.19989017936,134601.01273834263,129865.4117765987,132962.74450927388,132441.89984396493
2026-07-03 15:50:00+00:00,129159.92525394777,117355.46709352575,127601.47587027359,135099.04862068078,130643.25271756262,133764.6034923754,133043.74069772344
2026-07-03 15:55:00+00:00,129954.89583119562,117888.50099714097,128265.66018410167,135592.3800012689,131331.84397236968,134539.8750140736,133627.34076029522
2026-07-03 16:00:00+00:00,130703.09551450606,118394.49399481757,128915.7088641733,136080.5231417741,131913.36046442593,135281.1946345226,134187.3694945369
2026-07-03 16:05:00+00:00,131427.32899830793,118872.8851573688,129558.97750865674,136583.75461491148,132418.51890830696,136013.47148491404,134731.85519014852
2026-07-03 16:10:00+00:00,132154.63300373455,119328.70378567428,130204.57171297126,137115.56287392764,132891.6911728792,136760.94580215975,135271.91854152843
2026-07-03 16:15:00+00:00,132880.2918189863,119765.99389641132,130851.07250550309,137665.28200128686,133335.53491298485,137515.2498049944,135806.867618581
2026-07-03 16:20:00+00:00,133599.5897322637,120188.79950625711,131497.0609146384,138222.2460794532,133752.70778346626,138268.0157121527,136336.0104912105
2026-07-03 16:25:00+00:00,134307.81103176717,120601.16463188888,132141.11796876343,138775.78919089097,134145.86743916568,139010.8757423693,136858.65522932127
2026-07-03 16:30:00+00:00,135000.24000569727,121007.13328998389,132781.82469626435,139315.24541806424,134517.6715349254,139735.46211437893,137374.10990281758
2026-07-03 16:35:00+00:00,135672.16094225436,121410.74949721938,133417.76212552737,139829.9488434373,134870.77772558774,140433.4070469162,137881.6825816038
2026-07-03 16:40:00+00:00,136318.85812963903,121816.05727027255,134047.51128493872,140309.23354947433,135207.84366599497,141096.34275871594,138380.68133558414
2026-07-03 16:45:00+00:00,136935.61585605165,122227.10062582068,134669.65320288463,140742.4336186395,135531.52701098938,141715.90146851266,138870.41423466307
2026-07-03 16:50:00+00:00,137517.71840969272,122647.92358054097,135282.7689077513,141118.88313339703,135844.48541541325,142283.71539504113,139350.18934874472
2026-07-03 16:55:00+00:00,138060.45007876275,123082.57015111066,135885.43942792492,141427.91617621112,136149.37653410886,142791.41675703606,139819.31474773353
2026-07-03 17:00:00+00:00,138559.09515146216,123535.084354207,136476.24579179168,141658.8668295459,136448.8580219185,143230.6377732321,140277.09850153374
2026-07-03 17:05:00+00:00,139029.02947082563,124011.68533887262,137077.12011160972,141834.6947518731,136746.2217039063,143627.86129269662,140737.7084802669
2026-07-03 17:10:00+00:00,139487.52621144586,124512.10127539399,137703.7540195474,141987.89641147858,137041.51581213807,144013.51760150606,141211.24811296622
2026-07-03 17:15:00+00:00,139932.7156588603,125030.63971231421,138345.36782385633,142122.11110554793,137332.5326119584,144385.16007390874,141690.92880790352
2026-07-03 17:20:00+00:00,140362.72809860655,125561.60819817634,138991.18183278816,142240.9781312668,137617.06436871202,144740.34208415294,142169.9619733506
2026-07-03 17:25:00+00:00,140775.69381622202,126099.3142815235,139630.4163545945,142348.13678582085,137892.90334774373,145076.617006487,142641.55901757936
2026-07-03 17:30:00+00:00,141169.7430972443,126638.06551089877,140252.2916975269,142447.22636639554,138157.84181439818,145391.53821515918,143098.93134886152
2026-07-03 17:35:00+00:00,141543.00622721086,127172.1694348452,140846.02816983705,142541.88617017653,138409.6720340201,145682.65908441783,143535.290375469
2026-07-03 17:40:00+00:00,141893.6134916592,127695.93360190588,141400.84607977656,142635.7554943495,138646.1862719542,145947.53298851123,143943.84750567356
2026-07-03 17:45:00+00:00,142219.69517612684,128203.6655606239,141905.96573559704,142732.47363609992,138865.1767935452,146183.71330168768,144317.81414774706
2026-07-03 17:50:00+00:00,142519.38156615122,128689.67285954235,142350.60744555003,142835.6798926135,139064.43586413775,146388.75339819546,144650.40170996127
2026-07-03 17:55:00+00:00,142790.80294726996,129148.2630472043,142723.99151788728,142949.01356107576,139241.75574907663,146560.20665228297,144934.8216005881
2026-07-03 18:00:00+00:00,143032.08960502053,129573.74367215284,143015.3382608603,143076.11393867238,139394.92871370655,146695.6264381984,145164.2852278993
2026-07-03 18:05:00+00:00,143253.03939148274,129987.36394445234,143253.28501836478,143220.11978994292,139528.79673913954,146804.49111205272,145355.2783477994
2026-07-03 18:10:00+00:00,143464.45125604072,130409.79160887857,143474.20689179492,143379.2336669741,139650.76025416655,146899.39877151808,145529.94375052187
2026-07-03 18:15:00+00:00,143665.95713018824,130834.46201604154,143678.93082565008,143549.6905482724,139762.4491956508,146982.58240318488,145689.97839583197
2026-07-03 18:20:00+00:00,143857.1889454191,131254.81051655125,143868.2837644297,143727.7254123441,139865.4935004555,147056.2749936434,145837.07924349493
2026-07-03 18:25:00+00:00,144037.77863322716,131664.2724610178,144043.09265263312,143909.5732376956,139961.52310544375,147122.70952948395,145972.94325327603
2026-07-03 18:30:00+00:00,144207.35812510626,132056.28320005123,144204.18443475978,144091.46900283327,140052.1679474787,147184.1189972968,146099.26738494053
2026-07-03 18:35:00+00:00,144365.5593525502,132424.27808426158,144352.3860553091,144269.6476862635,140139.05796342363,147242.73638367237,146217.74859825367
2026-07-03 18:40:00+00:00,144512.01424705275,132761.6924642588,144488.52445878045,144440.34426649264,140223.82309014167,147300.7946752009,146330.08385298075
2026-07-03 18:45:00+00:00,144646.35474010784,133061.96169065306,144613.4265896732,144599.79372202713,140308.09326449598,147360.5268584727,146437.97010888695
2026-07-03 18:50:00+00:00,144768.2127632092,133318.52111405437,144727.91939248686,144744.23103137326,140393.49842334967,147424.16592007809,146543.10432573763
2026-07-03 18:55:00+00:00,144877.22024785067,133524.8060850727,144832.8298117207,144869.89117303744,140481.66850356606,147493.94484660745,146647.183463298
2026-07-03 19:00:00+00:00,144973.00912552606,133674.2519543181,144928.98479187422,144973.00912552606,140574.2334420082,147572.09662465102,146751.90448133327
2026-07-03 19:05:00+00:00,145055.21680148726,133783.75263084448,145014.40984004206,145056.79096266886,140669.8030761728,147657.60382813212,146853.9411501356
2026-07-03 19:10:00+00:00,145125.37993440183,133876.55230919918,145088.16043040605,145128.60782389663,140765.71992349127,147747.48006110993,146949.59716692002
2026-07-03 19:15:00+00:00,145185.97933588727,133955.61176823248,145152.60845809628,145190.942286117,140861.71294072902,147841.0048553786,147040.0143818365
2026-07-03 19:20:00+00:00,145239.49581756114,134023.89178679485,145210.1258182428,145246.27692623777,140957.5110846515,147937.45774273216,147126.33464503483
2026-07-03 19:25:00+00:00,145288.41019104078,134084.35314373646,145263.08440597568,145297.0943211667,141052.84331202396,148036.11825496485,147209.69980666492
2026-07-03 19:30:00+00:00,145335.2032679438,134139.95661790777,145313.856116425,145345.87704781146,141147.4385796119,148136.26592387076,147291.25171687655
2026-07-03 19:35:00+00:00,145382.35585988767,134193.66298815905,145364.81284472084,145395.10768307987,141241.02584418064,148237.180281244,147372.1322258197
2026-07-03 19:40:00+00:00,145432.34877848983,134248.4330333407,145418.32648599322,145447.2688038796,141333.33406249556,148338.1408588787,147453.48318364422
2026-07-03 19:45:00+00:00,145487.66283536778,134307.22753230302,145476.76893537224,145504.8429871184,141424.09219132215,148438.427188569,147536.44644049986
2026-07-03 19:50:00+00:00,145550.77884213906,134373.00726389638,145542.51208798803,145570.3128097041,141513.0291874257,148537.31880210902,147622.1638465366
2026-07-03 19:55:00+00:00,145624.17761042106,134448.73300697113,145617.92783897053,145646.16084854433,141599.8740075716,148634.0952312929,147711.77725190425
2026-07-03 20:00:00+00:00,145710.33995183135,134537.36554037756,145705.3880834499,145734.8696805469,141684.35560852528,148728.03600791475,147806.42850675274
2026-07-03 20:05:00+00:00,145833.66977298688,134652.24125058358,145825.60183023397,145855.17517447617,141769.67663734968,148826.48999367896,147910.00323642074
2026-07-03 20:10:00+00:00,146009.08339742513,134799.35657949746,145990.66890220795,146018.35348254346,141858.22231756695,148934.92958409307,148023.80098144145
2026-07-03 20:15:00+00:00,146224.83026214418,134970.66238912998,146190.04741561835,146215.69760682675,141948.49547063131,149049.81961165584,148145.08446475625
2026-07-03 20:20:00+00:00,146469.15980414237,135158.109541492,146413.19548671143,146438.5005494041,142038.9989179969,149167.62490886616,148271.1164093066
2026-07-03 20:25:00+00:00,146730.32146041782,135353.64889859437,146649.57123173363,146678.05531235345,142128.2354811179,149284.8103082228,148399.1595380338
2026-07-03 20:30:00+00:00,146996.56466796872,135549.23132244794,146888.63276693132,146925.65489775295,142214.7079814485,149397.84064222462,148526.4765738794
2026-07-03 20:35:00+00:00,147256.13886379323,135736.80767506352,147119.83820855082,147172.59230768055,142296.91924044283,149503.18074337038,148650.33023978473
2026-07-03 20:40:00+00:00,147497.29348488964,135908.328818452,147332.64567283858,147410.16054421422,142373.3720795551,149597.29544415895,148767.9832586913
2026-07-03 20:45:00+00:00,147708.27796825606,136055.74561462412,147516.51327604096,147629.6526094321,142442.56932023942,149676.6495770892,148876.69835354036
2026-07-03 20:50:00+00:00,147877.3417508907,136171.00892559078,147660.89913440426,147822.36150541206,142503.01378395007,149737.70797465986,148973.7382472735
2026-07-03 20:55:00+00:00,147992.73426979178,136246.06961336284,147755.2613641749,147979.58023423227,142553.2082921411,149776.93546936978,149056.365662832
2026-07-03 21:00:00+00:00,148042.70496195744,136272.8785399511,147789.05808159924,148092.60179797065,142591.65566626677,149790.7968937178,149121.84332315734
2026-07-03 21:05:00+00:00,148055.54792144065,136272.35326287174,147763.85981891828,148179.9544183827,142623.4133746389,149782.0225861413,149177.7678546506
2026-07-03 21:10:00+00:00,148067.37777679614,136270.78438690613,147691.94203823045,148265.26521806323,142654.29714375056,149756.90486690297,149233.0272983761
2026-07-03 21:15:00+00:00,148078.17476677513,136268.18234496328,147578.82025056827,148347.47555034922,142683.94718232742,149717.25154123973,149286.82149927042
2026-07-03 21:20:00+00:00,148087.91913012872,136264.55756995195,147430.0099669643,148425.52676857778,142712.0036990954,149664.87041438842,149338.35030227003
2026-07-03 21:25:00+00:00,148096.59110560807,136259.92049478108,147251.02669845105,148498.36022608585,142738.10690278027,149601.5692915859,149386.81355231142
2026-07-03 21:30:00+00:00,148104.17093196427,136254.2815523595,147047.3859560611,148564.9172762105,142761.89700210784,149529.15597806903,149431.41109433112
2026-07-03 21:35:00+00:00,148110.63884794843,136247.6511755961,146824.60325082694,148624.1392722887,142783.01420580398,149449.4382790746,149471.34277326558
2026-07-03 21:40:00+00:00,148115.97509231177,136240.03979739978,146588.19409378112,148674.9675676576,142801.0987225944,149364.22399983957,149505.80843405135
2026-07-03 21:45:00+00:00,148120.15990380535,136231.45785067938,146343.67399595623,148716.34351565412,142815.79076120502,149275.32094560072,149534.00792162493
2026-07-03 21:50:00+00:00,148123.17352118032,136221.91576834378,146096.55846838473,148747.20846961532,142826.7305303616,149184.53692159493,149555.1410809227
2026-07-03 21:55:00+00:00,148124.9961831878,136211.42398330185,145852.36302209916,148766.50378287822,142833.5582387899,149093.6797330591,149568.4077568813
2026-07-03 22:00:00+00:00,148125.60812857893,136199.99292846248,145616.60316813213,148773.17080877983,142835.91409521585,149004.55718523002,149573.00779443717
2026-07-03 22:05:00+00:00,148104.50179468034,136149.88452719746,145375.6940930053,148770.33471235968,142828.4659151119,148915.82940982777,149565.89008809623
2026-07-03 22:10:00+00:00,148043.4014292838,136028.86393795907,145113.88965793446,148761.95503455296,142806.64187781513,148823.98735403916,149545.03877474644
2026-07-03 22:15:00+00:00,147945.63498683818,135845.19644627676,144833.46338599335,148748.22469254016,142771.22273784803,148727.585046301,149511.20656289737
2026-07-03 22:20:00+00:00,147814.53042179227,135607.14733768013,144536.68880025568,148729.33660350193,142722.98924973322,148625.17651505038,149465.14616105857
2026-07-03 22:25:00+00:00,147653.4156885949,135322.98189769863,144225.83942379514,148705.4836846188,142662.7221679932,148515.31578872408,149407.61027773962
2026-07-03 22:30:00+00:00,147465.61874169493,135000.96541186183,143903.18877968547,148676.8588530713,142591.20224715056,148396.55689575922,149339.35162145004
2026-07-03 22:35:00+00:00,147254.46753554116,134649.36316569924,143571.01039100034,148643.65502604,142509.2102417278,148267.4538645926,149261.12290069944
2026-07-03 22:40:00+00:00,147023.29002458244,134276.44044474038,143231.57778081347,148606.06512070552,142417.5269062475,148126.5607236612,149173.67682399732
2026-07-03 22:45:00+00:00,146775.4141632676,133890.46253451478,142887.16447219858,148564.28205424835,142316.93299523223,147972.431501402,149077.7660998533
2026-07-03 22:50:00+00:00,146514.16790604545,133499.69472055192,142540.0439882294,148518.49874384908,142208.20926320454,147803.62022625186,148974.14343677694
2026-07-03 22:55:00+00:00,146242.87920736487,133112.40228838136,142192.48985197954,148468.90810668826,142092.13646468695,147618.68092664774,148863.56154327773
2026-07-03 23:00:00+00:00,145964.87602167463,132736.85052353266,141846.77558652285,148415.70305994645,141969.49535420202,147416.16763102662,148746.7731278653
2026-07-03 23:05:00+00:00,145619.59965904543,132348.14806130365,141499.72270815834,148318.05351680738,141786.6183708641,147146.68227289474,148574.75761258154
2026-07-03 23:10:00+00:00,145157.26539617596,131919.66970702354,141146.63793671117,148141.48072461042,141499.25675355206,146773.14814125097,148306.84531931768
2026-07-03 23:15:00+00:00,144597.3621374571,131457.0800012685,140787.52260054415,147895.70460176974,141122.3194564352,146312.6012977713,147956.3153063573
2026-07-03 23:20:00+00:00,143959.3787872798,130966.04348461487,140422.37802802006,147590.4450666994,140670.71543368278,145782.07780413152,147536.44663198403
2026-07-03 23:25:00+00:00,143262.80425003497,130452.22469763889,140051.20554750168,147235.42203781358,140159.35363946419,145198.61372200763,147060.51835448146
2026-07-03 23:30:00+00:00,142527.12743011353,129921.28818091685,139674.00648735184,146840.35543352636,139603.14302794865,144579.24511307548,146541.80953213316
2026-07-03 23:35:00+00:00,141771.8372319064,129378.89847502501,139290.78217593333,146414.96517225183,139016.99255330558,143941.00803901104,145993.5992232227
2026-07-03 23:40:00+00:00,141016.4225598044,128830.72012053967,138901.53394160888,145968.97117240416,138415.8111697042,143300.93856149013,145429.1664860337
2026-07-03 23:45:00+00:00,140280.3723181986,128282.41765803707,138506.26311274138,145512.0933523974,137814.50783131382,142676.07274218873,144861.79037884978
2026-07-03 23:50:00+00:00,139583.17541147984,127739.6556280935,138104.9710176936,145054.05163064576,137227.99149230382,142083.4466427827,144304.74995995447
2026-07-03 23:55:00+00:00,138944.32074403903,127208.09857128526,137697.65898482825,144604.5659255633,136671.17110684345,141540.09632494798,143771.32428763137
2026-07-04 00:00:00+00:00,138383.29722026706,126693.41102818855,137284.3283425082,144173.3561555641,136158.955629102,141063.05785036046,143274.79242016413
2026-07-04 00:05:00+00:00,137881.9069738077,126188.98650095807,136863.11947550758,143724.19605221265,135673.4545622857,140633.51392996483,142797.78165586916
2026-07-04 00:10:00+00:00,137406.21512804672,125684.4412889629,136432.61753619285,143222.53228624284,135187.01866404145,140220.0925443011,142314.70727172084
2026-07-04 00:15:00+00:00,136952.10507198828,125179.77412860098,135993.49100431512,142680.59418482287,134699.9187701995,139820.9976594381,141826.5302939898
2026-07-04 00:20:00+00:00,136515.46019463634,124674.98375627032,135546.40835962564,142110.61107512104,134212.42571659022,139434.4332414448,141334.2117489466
2026-07-04 00:25:00+00:00,136092.16388499498,124170.06890836889,135092.03808187562,141524.81228430552,133724.81033904394,139058.60325639017,140838.7126628618
2026-07-04 00:30:00+00:00,135678.09953206836,123665.02832129462,134631.04865081623,140935.42713954466,133237.34347339105,138691.711670343,140340.9940620059
2026-07-04 00:35:00+00:00,135269.15052486048,123159.86073144554,134164.10854619867,140354.68496800665,132750.29595546186,138331.96244937222,139842.01697264952
2026-07-04 00:40:00+00:00,134861.20025237545,122654.56487521958,133691.88624777406,139794.81509685976,132263.93862108677,137977.55955954673,139342.74242106325
2026-07-04 00:45:00+00:00,134450.13210361727,122149.13948901473,133215.05023529372,139268.04685327222,131778.542306096,137626.70696693548,138844.13143351753
2026-07-04 00:50:00+00:00,134031.82946759008,121643.58330922898,132734.26898850882,138786.6095644123,131294.37784631999,137277.60863760737,138347.14503628304
2026-07-04 00:55:00+00:00,133602.17573329795,121137.89507226029,132250.2109871705,138362.73255744827,130811.71607758904,136928.4685376312,137852.74425563036
2026-07-04 01:00:00+00:00,133157.0542897449,120632.0735145066,131763.54471102997,138008.64515954832,130330.82783573351,136577.490633076,137361.89011782993
2026-07-04 01:05:00+00:00,132703.2791961551,120118.66481208729,131270.56410523705,137713.79872992347,129853.88507480649,136238.36323609867,136874.36207596184
2026-07-04 01:10:00+00:00,132249.6266347743,119592.92692842381,130768.07410899045,137454.7833310584,129381.97038987734,135921.68679529292,136388.9694556317
2026-07-04 01:15:00+00:00,131794.92317913863,119058.92628086734,130257.50969311471,137224.5363450318,128913.72057830094,135621.0334813827,135905.2180918986
2026-07-04 01:20:00+00:00,131337.99540278455,118520.72928676903,129740.30582843437,137015.99515392253,128447.7724374321,135329.9754650919,135422.61381982153
2026-07-04 01:25:00+00:00,130877.66987924832,117982.40236348005,129217.89748577401,136822.09713980937,127982.76276462566,135042.08491714447,134940.6624744596
2026-07-04 01:30:00+00:00,130412.77318206626,117448.01192835158,128691.71963595816,136635.77968477106,127517.32835723645,134750.9340082644,134458.8698908718
2026-07-04 01:35:00+00:00,129942.13188477467,116921.62439873477,128163.20724981141,136449.9801708864,127050.10601261929,134450.0949091755,133976.7419041172
2026-07-04 01:40:00+00:00,129464.57256090987,116407.30619198075,127633.79529815826,136257.6359802342,126579.73252812904,134133.13979060182,133493.7843492548
2026-07-04 01:45:00+00:00,128978.92178400821,115909.12372544075,127104.91875182332,136051.68449489324,126104.8447011205,133793.64082326725,133009.5030613437
2026-07-04 01:50:00+00:00,128484.00612760596,115431.14341646589,126578.01258163113,135825.06309694223,125624.07932894852,133425.17017789575,132523.4038754429
2026-07-04 01:55:00+00:00,127978.65216523944,114977.43168240733,126054.51175840621,135570.70916846005,125136.07320896792,133021.30002521118,132034.99262661146
2026-07-04 02:00:00+00:00,127461.686470445,114552.05494061626,125535.85125297317,135281.56009152543,124639.46313853357,132575.60253593753,131543.77514990844
2026-07-04 02:05:00+00:00,126941.99527082079,114163.16938269898,125033.94856942992,134956.49002014933,124140.51278155365,132061.75609701118,131060.1999285414
2026-07-04 02:10:00+00:00,126426.17826948,113810.58791318224,124554.82095357562,134599.71283237493,123644.5958075391,131464.42892124536,130591.44706967998
2026-07-04 02:15:00+00:00,125909.63225323142,113485.86201879788,124091.0529887866,134212.17549632958,123149.0140222487,130793.67791817915,130132.11984432625
2026-07-04 02:20:00+00:00,125387.75400888386,113180.54318627775,123635.22925843918,133794.8249801404,122651.06923144129,130059.55999735177,129676.82152348227
2026-07-04 02:25:00+00:00,124855.94032324609,112886.18290235368,123179.93434590967,133348.6082519347,122148.0632408757,129272.13206830237,129220.15537815011
2026-07-04 02:30:00+00:00,124309.5879831269,112594.33265375753,122717.7528345744,132874.47227983963,121637.29785631073,128441.45104057006,128756.72467933185
2026-07-04 02:35:00+00:00,123744.09377533507,112296.5439272211,122241.26930780972,132373.3640319825,121116.07488350524,127577.57382369404,128281.13269802956
2026-07-04 02:40:00+00:00,123154.85448667944,111984.36820947626,121743.0683489919,131846.23047649054,120581.69612821798,126690.55732721346,127787.98270524532
2026-07-04 02:45:00+00:00,122537.26690396876,111649.35698725485,121215.7345414973,131294.01858149093,120031.46339620782,125790.45846066748,127271.87797198119
2026-07-04 02:50:00+00:00,121886.72781401183,111283.06174728871,120651.85246870221,130717.67531511094,119462.67849323359,124887.33413359521,126727.42176923926
2026-07-04 02:55:00+00:00,121198.63400361745,110877.03397630963,120044.00671398298,130118.14764547782,118872.6432250541,123991.24125553588,126149.21736802158
2026-07-04 03:00:00+00:00,120468.3822595944,110422.82516104954,119384.78186071593,129496.38254071877,118258.65939742814,123112.2367360286,125531.86803933025
2026-07-04 03:05:00+00:00,119627.4365417255,109890.0746621523,118606.99475724087,128793.94244997193,117604.08912290826,122213.12231279016,124842.60208259798
2026-07-04 03:10:00+00:00,118632.95602224417,109263.18471949606,117670.50008424961,127968.46902947512,116900.03210519058,121258.72934269714,124063.28735702822
2026-07-04 03:15:00+00:00,117518.88030663496,108555.85113866407,116608.43917364653,127045.02805800512,116155.3965367493,120262.15916402826,123210.48647327919
2026-07-04 03:20:00+00:00,116319.14900038252,107781.76972523952,115453.95335733601,126048.68531433874,115379.0906100586,119236.51311506229,122300.76204200907
2026-07-04 03:25:00+00:00,115067.70170897142,106954.63628480556,114240.18396722236,125004.50657725276,114580.0225175927,118194.89253407798,121350.67667387602
2026-07-04 03:30:00+00:00,113798.47803788628,106088.14662294541,113000.27233520997,123937.55762552394,113767.10045182581,117150.39875935415,120376.79297953827
2026-07-04 03:35:00+00:00,112545.4175926117,105195.99654524229,111767.35979320323,122872.90423792912,112949.23260523212,116116.1331291695,119395.67356965397
2026-07-04 03:40:00+00:00,111342.45997863231,104291.88185727937,110574.58767310643,121835.61219324503,112135.32717028586,115105.19698180283,118423.88105488132
2026-07-04 03:45:00+00:00,110223.54480143265,103389.49836463988,109455.09730682398,120850.74727024848,111334.29233946119,114130.69165553286,117477.97804587851
2026-07-04 03:50:00+00:00,109222.61166649738,102502.54187290696,108442.03002626024,119943.37524771628,110555.03630523235,113205.7184886384,116574.52715330373
2026-07-04 03:55:00+00:00,108373.60017931109,101644.7081876639,107568.52716331955,119138.5619044252,109806.46726007354,112343.3788193982,115730.09098781516
2026-07-04 04:00:00+00:00,107710.44994535838,100829.69311449381,106867.73004990627,118461.37301915202,109097.49339645894,111556.77398609102,114961.23216007098
2026-07-04 04:05:00+00:00,107178.28338874542,100026.19266135106,106292.3152744366,117880.72018705188,108408.1628669281,110822.19957690882,114247.46320627276
2026-07-04 04:10:00+00:00,106695.32162289984,99199.33715253334,105768.11181194399,117344.61620334808,107715.63108181623,110107.82779645723,113556.26706850863
2026-07-04 04:15:00+00:00,106255.15228728855,98357.47386813886,105287.9895742587,116846.77864691963,107024.46712029113,109414.57490763562,112886.16196626674
2026-07-04 04:20:00+00:00,105851.36302137842,97508.95008826593,104844.81847321092,116380.92509664554,106339.24006152053,108743.35717334325,112235.66611903522
2026-07-04 04:25:00+00:00,105477.54146463636,96662.11309301277,104431.46842063092,115940.77313140486,105664.51898467226,108095.09085647945,111603.29774630212
2026-07-04 04:30:00+00:00,105127.2752565292,95825.3101624776,104040.80932834894,115520.04033007659,105004.87296891407,107470.69221994354,110987.57506755563
2026-07-04 04:35:00+00:00,104794.15203652385,95006.88857675873,103665.71110819522,115112.44427153976,104364.87109341376,106871.07752663482,110387.01630228381
2026-07-04 04:40:00+00:00,104471.75944408719,94215.19561595436,103299.04367199999,114711.70253467337,103749.0824373391,106297.16303945261,109800.13966997481
2026-07-04 04:45:00+00:00,104153.68511868609,93458.57856016277,102933.67693159348,114311.53269835647,103162.07607985784,105749.86502129621,109225.46339011677
2026-07-04 04:50:00+00:00,103833.5166997874,92745.38468948219,102562.48079880596,113905.65234146806,102608.42110013778,105230.09973506496,108661.50568219775
2026-07-04 04:55:00+00:00,103504.84182685807,92083.96128401089,102178.32518546766,113487.77904288715,102092.68657734671,104738.78344365813,108106.78476570593
2026-07-04 05:00:00+00:00,103161.24813936492,91482.6556238471,101774.0800034088,113051.6303814928,101619.44159065238,104276.83240997508,107559.81886012937
2026-07-04 05:05:00+00:00,102806.90001000106,90920.51901342582,101350.76110844518,112598.22392781025,101180.57193159449,103837.76991729895,107017.71456320165
2026-07-04 05:10:00+00:00,102451.34234139904,90372.40118158938,100916.78469322452,112135.05920605155,100763.6584945317,103414.45795029304,106479.77643008609
2026-07-04 05:15:00+00:00,102096.23356793498,89840.34704504686,100476.1211748249,111665.5767256259,100366.81301286034,103006.82082392677,105947.8196164154
2026-07-04 05:20:00+00:00,101743.23212398498,89326.40152050751,100032.74097032449,111193.21699594244,99988.14721997667,102614.78285316954,105423.65927782241
2026-07-04 05:25:00+00:00,101393.99644392516,88832.60952468046,99590.61449680137,110721.42052641034,99625.77284927703,102238.26835299084,104909.11056993985
2026-07-04 05:30:00+00:00,101050.18496213164,88361.01597427487,99153.71217133371,110253.62782643877,99277.80163415766,101877.20163836004,104405.98864840047
2026-07-04 05:35:00+00:00,100713.45611298048,87913.66578599992,98726.0044109996,109793.2794054369,98942.34530801492,101531.50702424663,103916.10866883706
2026-07-04 05:40:00+00:00,100385.46833084786,87492.6038765648,98311.46163287718,109343.81577281392,98617.51560424505,101201.10882562002,103441.28578688232
2026-07-04 05:45:00+00:00,100067.88005010984,87099.87516267864,97914.05425404456,108908.67743797897,98301.4242562444,100885.9313574496,102983.33515816908
2026-07-04 05:50:00+00:00,99762.34970514255,86737.52456105061,97537.75269157988,108491.30491034122,97992.18299740924,100585.89893470486,102544.07193833007
2026-07-04 05:55:00+00:00,99470.5357303221,86407.59698838987,97186.52736256126,108095.13869930984,97687.90356113586,100300.9358723552,102125.31128299805
2026-07-04 06:00:00+00:00,99194.09656002458,86112.13736140562,96864.3486840668,107723.61931429402,97386.69768082057,100030.96648537007,101728.8683478058
2026-07-04 06:05:00+00:00,98932.13539662123,85845.21810418933,96564.33523040466,107371.42217001638,97089.70942298144,99776.92654902778,101351.40293922841
2026-07-04 06:10:00+00:00,98681.6719245197,85598.00006512842,96276.5252127944,107030.56074323787,96799.31555750646,99538.35862373577,100987.75147322245
2026-07-04 06:15:00+00:00,98441.2393011508,85368.16079737592,96000.26850368142,106700.48263642516,96515.47687284678,99313.09720215728,100636.99401964266
2026-07-04 06:20:00+00:00,98209.37068394528,85153.37785408489,95734.91497551107,106380.63545204488,96238.15415745351,99098.97677695545,100298.2106483439
2026-07-04 06:25:00+00:00,97984.59923033392,84951.32878840835,95479.81450072874,106070.46679256365,95967.30819977779,98893.83184079349,99970.48142918095
2026-07-04 06:30:00+00:00,97765.45809774753,84759.69115349939,95234.31695177978,105769.42426044816,95702.89978827078,98695.49688633456,99652.88643200861
2026-07-04 06:35:00+00:00,97550.48044361686,84576.14250251102,94997.77220110955,105476.955458165,95444.8897113836,98501.80640624186,99344.5057266817
2026-07-04 06:40:00+00:00,97338.1994253727,84398.36038859628,94769.53012116342,105192.50798818086,95193.2387575674,98310.59489317857,99044.41938305505
2026-07-04 06:45:00+00:00,97127.14820044585,84224.02236490825,94548.94058438676,104915.52945296236,94947.90771527331,98119.69683980785,98751.70747098344
2026-07-04 06:50:00+00:00,96915.85992626706,84050.80598459992,94335.35346322495,104645.46745497615,94708.85737295245,97926.9467387929,98465.4500603217
2026-07-04 06:55:00+00:00,96702.86776026714,83876.3888008244,94128.11863012334,104381.76959668887,94476.04851905601,97730.1790827969,98184.72722092461
2026-07-04 07:00:00+00:00,96486.70485987685,83698.44836673468,93926.58595752732,104123.8834805672,94249.44194203508,97527.22836448303,97908.61902264702
2026-07-04 07:05:00+00:00,96262.8516179859,83518.29823700302,93728.38282789112,103865.80899110425,94025.92998791434,97312.26097890304,97625.94965220116
2026-07-04 07:10:00+00:00,96030.01795047721,83339.1912086304,93532.26914077805,103603.97748479976,93803.2867293941,97083.92598533601,97330.2835631551
2026-07-04 07:15:00+00:00,95791.5812992714,83161.71369826299,93339.29354429695,103341.48377213009,93582.79554493907,96846.78187278629,97027.8112256472
2026-07-04 07:20:00+00:00,95550.9191062891,82986.45212254694,93150.50468655673,103081.42266357163,93365.73981301389,96605.38713025808,96724.72310981588
2026-07-04 07:25:00+00:00,95311.40881345091,82813.99289812842,92966.95121566627,102826.88896960077,93153.40291208321,96364.30024675564,96427.2096857996
2026-07-04 07:30:00+00:00,95076.4278626774,82644.92244165359,92789.68177973444,102580.97750069392,92947.0682206117,96128.07971128327,96141.46142373675
2026-07-04 07:35:00+00:00,94849.35369588927,82479.8271697686,92619.74502687014,102346.78306732744,92748.01911706405,95901.28401284521,95873.66879376577
2026-07-04 07:40:00+00:00,94633.56375500704,82319.29349911962,92458.18960518223,102127.40047997775,92557.53897990487,95688.47164044571,95630.02226602507
2026-07-04 07:45:00+00:00,94432.43548195138,82163.90784635281,92306.06416277961,101925.92454912124,92376.91118759887,95494.20108308911,95416.71231065303
2026-07-04 07:50:00+00:00,94249.3463186429,82014.25662811437,92164.41734777116,101745.45008523426,92207.41911861069,95323.03082977959,95239.92939778813
2026-07-04 07:55:00+00:00,94087.67370700218,81870.9262610504,92034.29780826575,101589.07189879323,92050.346151405,95179.51936952143,95105.86399756874
2026-07-04 08:00:00+00:00,93950.79508894986,81734.50316180711,91916.75419237227,101459.88480027457,91906.97566444647,95068.22519131892,95020.70658013331
2026-07-04 08:05:00+00:00,93833.76234953669,81605.55699964851,91810.8802426379,101347.23499232586,91767.95726420719,94975.18598367316,94967.64230228354
2026-07-04 08:10:00+00:00,93728.17514974505,81483.51335171037,91714.0893767744,101238.84303499514,91625.10789468705,94884.17124677042,94924.46704960059
2026-07-04 08:15:00+00:00,93632.232595393,81367.24249644644,91624.90975563761,101135.36527485934,91481.4619406425,94796.3371871428,94889.28738539189
2026-07-04 08:20:00+00:00,93544.13379229857,81255.61471231046,91541.86954008332,101037.45805849541,91340.0537868299,94712.84001132232,94860.20987296497
2026-07-04 08:25:00+00:00,93462.07784627985,81147.50027775619,91463.49689096738,100945.77773248024,91203.91781800565,94634.83592584105,94835.3410756273
2026-07-04 08:30:00+00:00,93384.26386315488,81041.76947123738,91388.31996914555,100860.9806433908,91076.08841892611,94563.48113723107,94812.7875566864
2026-07-04 08:35:00+00:00,93308.8909487417,80937.29257120778,91314.86693547372,100783.72313780399,90959.5999743477,94499.93185202438,94790.6558794497
2026-07-04 08:40:00+00:00,93234.15820885838,80832.93985612116,91241.66595080766,100714.66156229678,90857.48686902679,94445.3442767531,94767.05260722473
2026-07-04 08:45:00+00:00,93158.26474932295,80727.58160443124,91167.24517600323,100654.45226344609,90772.78348771977,94400.87461794926,94740.08430331899
2026-07-04 08:50:00+00:00,93079.4096759535,80620.08809459176,91090.13277191616,100603.75158782884,90708.52421518303,94367.67908214492,94707.85753103993
2026-07-04 08:55:00+00:00,92995.79209456805,80509.32960505651,91008.85689940235,100563.21588202198,90667.74343617298,94346.91387587214,94668.4788536951
2026-07-04 09:00:00+00:00,92905.6111109847,80394.17641427924,90921.94571931759,100533.50149260243,90653.47553544599,94339.73520566298,94620.05483459191
2026-07-04 09:05:00+00:00,92811.34352433195,80275.97525672254,90830.25817583439,100511.62216379054,90660.37437560322,94355.69377133368,94543.03109181082
2026-07-04 09:10:00+00:00,92716.49340921601,80156.7946901521,90735.90356175638,100493.6495082399,90679.64072853854,94399.81451171741,94425.15749151324
2026-07-04 09:15:00+00:00,92620.8007846714,80036.58772797632,90639.28556088598,100478.82667517725,90709.12934294726,94466.46499187156,94275.49696912825
2026-07-04 09:20:00+00:00,92524.00566973256,79915.30738360356,90540.80785702565,100466.39681382936,90746.69496752479,94550.01277685352,94103.11246008493
2026-07-04 09:25:00+00:00,92425.84808343403,79792.90667044223,90440.87413397782,100455.60307342299,90790.19235096654,94644.82543172067,93917.06689981236
2026-07-04 09:30:00+00:00,92326.0680448103,79669.33860190067,90339.88807554496,100445.68860318487,90837.47624196783,94745.27052153043,93726.42322373958
2026-07-04 09:35:00+00:00,92224.40557289583,79544.55619138728,90238.2533655295,100435.89655234183,90886.40138922409,94845.71561134022,93540.24436729569
2026-07-04 09:40:00+00:00,92120.60068672519,79418.51245231043,90136.37368773387,100425.47007012057,90934.82254143067,94940.52826620737,93367.59326590973
2026-07-04 09:45:00+00:00,92014.39340533283,79291.16039807851,90034.65272596055,100413.65230574788,90980.59444728294,95024.07605118933,93217.53285501081
2026-07-04 09:50:00+00:00,91905.52374775322,79162.45304209988,89933.49416401197,100399.6864084505,91021.57185547632,95090.72653134348,93099.12607002794
2026-07-04 09:55:00+00:00,91793.7317330209,79032.34339778294,89833.30168569055,100382.81552745524,91055.60951470613,95134.84727172721,93021.43584639025
2026-07-04 10:00:00+00:00,91678.75738017038,78900.78447853605,89734.47897479877,100362.2828119888,91080.56217366779,95150.80583739791,92993.52511952678
2026-07-04 10:05:00+00:00,91548.67368321956,78756.2760615396,89629.20990961579,100330.41030555984,91098.41986830239,95093.33573022015,92997.69453223498
2026-07-04 10:10:00+00:00,91396.03096208005,78591.51905202531,89512.07966204734,100282.42436473707,91113.08668177598,94934.44778684634,93009.88963153884
2026-07-04 10:15:00+00:00,91227.28522462673,78412.76815547855,89387.09385633569,100221.92460833752,91125.28843362129,94694.42557451567,93029.64070920723
2026-07-04 10:20:00+00:00,91048.89247873459,78226.27807738475,89258.25811672305,100152.51065517812,91135.75094337107,94393.5526604674,93056.47805700902
2026-07-04 10:25:00+00:00,90867.30873227853,78038.30352322923,89129.57806745172,100077.78212407586,91145.20003055806,94052.11261194067,93089.93196671308
2026-07-04 10:30:00+00:00,90688.98999313348,77855.09919849744,89005.0593327639,100001.33863384774,91154.36151471501,93690.38899617475,93129.53273008826
2026-07-04 10:35:00+00:00,90520.3922691744,77682.91980867473,88888.7075369019,99926.7798033107,91163.96121537469,93328.66538040883,93174.81063890345
2026-07-04 10:40:00+00:00,90367.9715682762,77528.0200592465,88784.52830410792,99857.70525128172,91174.72495206981,92987.22533188212,93225.2959849275
2026-07-04 10:45:00+00:00,90238.18389831383,77396.65465569812,88696.52725862425,99797.71459657776,91187.37854433314,92686.35241783381,93280.51905992931
2026-07-04 10:50:00+00:00,90137.4852671622,77295.07830351501,88628.71002469311,99750.40745801585,91202.64781169743,92446.33020550317,93340.01015567772
2026-07-04 10:55:00+00:00,90072.33168269631,77229.5457081825,88585.0822265568,99719.38345441292,91221.2585736954,92287.44226212935,93403.29956394162
2026-07-04 11:00:00+00:00,90049.17915279101,77206.31157518603,88569.64948845751,99708.24220458594,91243.93664985984,92229.97215495158,93469.91757648985
2026-07-04 11:05:00+00:00,90083.62517961202,77229.2118120349,88599.73840587467,99736.48800121446,91289.75874941904,92237.87871898028,93561.548098624
2026-07-04 11:10:00+00:00,90182.106973557,77295.0202121659,88685.81839309404,99816.922638393,91373.49744835921,92260.9220071396,93696.84668577371
2026-07-04 11:15:00+00:00,90337.34010484884,77399.39830995562,88821.60930256742,99943.09198706104,91489.42236634994,92298.08741353934,93870.80110489986
2026-07-04 11:20:00+00:00,90542.04014371047,77538.00763978068,89000.83098674667,100108.54191815804,91631.8031230608,92348.36033228927,94078.39912296343
2026-07-04 11:25:00+00:00,90788.92266036481,77706.50973601772,89217.2032980836,100306.81830262345,91794.90933816138,92410.72615749922,94314.62850692534
2026-07-04 11:30:00+00:00,91070.70322503475,77900.56613304328,89464.44608903003,100531.46701139676,91973.01063132126,92484.17028327899,94574.47702374653
2026-07-04 11:35:00+00:00,91380.09740794322,78115.83836523398,89736.27921203777,100776.03391541743,92160.37662221002,92567.67810373835,94852.93244038796
2026-07-04 11:40:00+00:00,91709.8207793131,78347.98796696645,90026.42251955868,101034.06488562493,92351.27693049722,92660.23501298715,95144.98252381053
2026-07-04 11:45:00+00:00,92052.58890936735,78592.67647261727,90328.59586404455,101299.10579295873,92539.98117585247,92760.82640513513,95445.61504097517
2026-07-04 11:50:00+00:00,92401.11736832884,78845.56541656307,90636.51909794722,101564.7025083583,92720.75897794533,92868.43767429214,95749.8177588429
2026-07-04 11:55:00+00:00,92748.1217264205,79102.31633318042,90943.91207371851,101824.4009027631,92887.87995644537,92982.05421456795,96052.57844437455
2026-07-04 12:00:00+00:00,93086.31755386524,79358.59075684597,91244.49464381026,102071.7468471126,93035.6137310222,93100.66142007236,96348.88486453111
2026-07-04 12:05:00+00:00,93446.15054486252,79647.32845366198,91562.87860814734,102319.51673157266,93164.1105385751,93252.10525870843,96651.2433503474
2026-07-04 12:10:00+00:00,93857.06553720438,79997.51847055918,91923.67203032502,102583.57400063559,93279.7820674882,93460.99670153299,96973.93329790629
2026-07-04 12:15:00+00:00,94310.27681650271,80398.8962631567,92320.5891583006,102862.0951067307,93386.29011465826,93721.46864738656,97314.60207174071
2026-07-04 12:20:00+00:00,94796.99866836931,80841.19728707371,92747.34424003144,103153.25650228719,93487.29647698211,94027.65399510965,97670.89703638363
2026-07-04 12:25:00+00:00,95308.44537841603,81314.15699792936,93197.65152347482,103455.23463973432,93586.46295135652,94373.68564354278,98040.46555636798
2026-07-04 12:30:00+00:00,95835.83123225471,81807.51085134283,93665.22525658815,103766.20597150133,93687.45133467825,94753.69649152645,98420.95499622676
2026-07-04 12:35:00+00:00,96370.37051549718,82310.9943029333,94143.77968732869,104084.34695001751,93793.9234238441,95161.81943790117,98810.01272049289
2026-07-04 12:40:00+00:00,96903.27751375527,82814.34280831985,94627.02906365381,104407.83402771207,93909.5410157509,95592.18738150747,99205.28609369935
2026-07-04 12:45:00+00:00,97425.76651264084,83307.29182312173,95108.68763352082,104734.84365701425,94037.9659072954,96038.93322118583,99604.42248037907
2026-07-04 12:50:00+00:00,97929.05179776571,83779.57680295806,95582.4696448871,105063.55229035333,94182.85989537438,96496.18985577676,100005.06924506505
2026-07-04 12:55:00+00:00,98404.34765474174,84220.93320344799,96042.0893457099,105392.13638015851,94347.88477688465,96958.09018412081,100404.87375229021
2026-07-04 13:00:00+00:00,98842.86836918075,84621.0964802107,96481.26098394662,105718.7723788591,94536.70234872297,97418.76710505845,100801.48336658752
2026-07-04 13:05:00+00:00,99248.40359488022,84987.96765597729,96910.78136110665,106042.72822243434,94787.62355337139,97910.06813122086,101193.78894497949
2026-07-04 13:10:00+00:00,99633.3860735976,85338.24337906168,97344.39073465111,106365.62311345876,95128.4510057696,98460.89771134693,101583.74477544018
2026-07-04 13:15:00+00:00,100001.99472288472,85674.85254345728,97780.21853646479,106689.16040425461,95547.08401150089,99060.97414843875,101973.59336892987
2026-07-04 13:20:00+00:00,100358.40846029334,86000.72404315752,98216.39419843258,107015.04344714404,96031.42187614858,99700.01574549836,102365.57723640888
2026-07-04 13:25:00+00:00,100706.80620337525,86318.78677215581,98651.04715243922,107344.97559444922,96569.36390529599,100367.74080552784,102761.93888883745
2026-07-04 13:30:00+00:00,101051.36686968229,86631.96962444557,99082.30683036962,107680.66019849232,97148.80940452643,101053.86763152928,103164.92083717593
2026-07-04 13:35:00+00:00,101396.2693767662,86943.20149402022,99508.30266410853,108023.80061159555,97757.65767942321,101748.1145265048,103576.76559238459
2026-07-04 13:40:00+00:00,101745.69264217884,87255.41127487314,99927.16408554086,108376.10018608106,98383.80803556961,102440.1997934564,103999.71566542369
2026-07-04 13:45:00+00:00,102103.81558347195,87571.52786099778,100337.02052655137,108739.26227427105,99015.15977854902,103119.84173538619,104436.01356725357
2026-07-04 13:50:00+00:00,102474.81711819734,87894.48014638755,100736.0014190249,109114.9902284877,99639.61221394465,103776.75865529625,104887.90180883447
2026-07-04 13:55:00+00:00,102862.87616390681,88227.19702503586,101122.23619484631,109504.98740105318,100245.06464733988,104400.66885618865,105357.62290112671
2026-07-04 14:00:00+00:00,103272.17163815217,88572.60739093611,101493.85428590041,109910.95714428968,100819.416384318,104981.2906410655,105847.41935509058
2026-07-04 14:05:00+00:00,103708.35685969077,88924.35146232446,101844.81959606743,110339.3667806017,101380.92732964244,105529.75720627981,106379.6035837249
2026-07-04 14:10:00+00:00,104170.99163617977,89275.29582902273,102173.70663156027,110793.37960790026,101954.53806995523,106064.84898210573,106967.0699522395
2026-07-04 14:15:00+00:00,104655.11461852057,89627.20894240303,102485.56072776248,111269.74294176733,102538.16893365771,106587.75512242693,107597.9338999114
2026-07-04 14:20:00+00:00,105155.76445761466,89981.85925383738,102785.42722005775,111765.20409778485,103129.74024915116,107099.6647811271,108260.31086601745
2026-07-04 14:25:00+00:00,105667.97980436344,90341.0152146979,103078.35144382974,112276.5103915348,103727.17234483687,107601.76711208992,108942.31628983453
2026-07-04 14:30:00+00:00,106186.7993096684,90706.44527635656,103369.3787344621,112800.40913859913,104328.38554911611,108095.25126919904,109632.0656106396
2026-07-04 14:35:00+00:00,106707.26162443092,91079.91789018553,103663.55442733846,113333.6476545598,104931.3001903902,108581.30640633819,110317.67426770958
2026-07-04 14:40:00+00:00,107224.40539955249,91463.20150755682,103965.92385784246,113872.97325499877,105533.83659706042,109061.12167739103,110987.25770032132
2026-07-04 14:45:00+00:00,107733.26928593454,91858.06457984245,104281.53236135775,114415.133255498,106133.9150975281,109535.88623624123,111628.93134775176
2026-07-04 14:50:00+00:00,108228.89193447852,92266.27555841456,104615.425273268,114956.87497163947,106729.45602019446,110006.78923677249,112230.81064927783
2026-07-04 14:55:00+00:00,108706.31199608586,92689.60289464516,104972.64792895687,115494.94571900509,107318.37969346084,110475.01983286848,112781.01104417641
2026-07-04 15:00:00+00:00,109160.568121658,93129.81503990633,105358.24566380796,116026.09281317687,107898.60644572851,110941.76717841288,113267.64797172442
2026-07-04 15:05:00+00:00,109589.60550029021,93597.72057107474,105781.10412048688,116549.71471938118,108477.09940278863,111397.95221031373,113700.11419713922
2026-07-04 15:10:00+00:00,109997.8057077759,94099.2112681527,106242.95012314142,117069.01260993154,109060.58017569235,111836.60569403069,114099.51469517562
2026-07-04 15:15:00+00:00,110389.86197506364,94628.68038720087,106738.09077937859,117586.43786104061,109646.60682073109,112262.0815262749,114471.53321941665
2026-07-04 15:20:00+00:00,110770.46753310201,95180.52118427977,107260.83319680538,118104.44184892107,110232.73739419623,112678.7336037575,114821.85352344542
2026-07-04 15:25:00+00:00,111144.31561283965,95749.12691545005,107805.4844830288,118625.47594978557,110816.52995237913,113090.91582318959,115156.15936084498
2026-07-04 15:30:00+00:00,111516.09944522512,96328.89083677226,108366.35174565585,119151.99153984677,111395.54255157123,113502.98208128232,115480.1344851984
2026-07-04 15:35:00+00:00,111890.51226120701,96914.206204307,108937.74209229353,119686.43999531736,111967.33324806388,113919.28627474683,115799.46265008874
2026-07-04 15:40:00+00:00,112272.24729173393,97499.46627411486,109513.96263054883,120231.27269240996,112529.46009814844,114344.18230029424,116119.82760909907
2026-07-04 15:45:00+00:00,112665.9977677545,98079.06430225645,110089.32046802876,120788.94100733729,113079.48115811638,114782.02405463571,116446.91311581248
2026-07-04 15:50:00+00:00,113076.45692021726,98647.39354479231,110658.12271234032,121361.89631631196,113614.95448425903,115237.16543448233,116786.40292381203
2026-07-04 15:55:00+00:00,113508.31798007083,99198.84725778308,111214.6764710905,121952.58999554667,114133.43813286777,115713.96033654523,117143.98078668077
2026-07-04 16:00:00+00:00,113966.27417826382,99727.81869728935,111753.2888518863,122563.47342125408,114632.49016023403,116216.7626575356,117525.33045800176
2026-07-04 16:05:00+00:00,114460.97524992398,100242.00587101305,112282.6544282062,123223.74220562138,115110.25361374945,116758.84450040647,117927.5029163377
2026-07-04 16:10:00+00:00,114995.0376301273,100752.54376992818,112814.5195562296,123950.06960657085,115568.71523153037,117344.91239529694,118342.73440337917
2026-07-04 16:15:00+00:00,115561.10459974477,101258.98112500331,113347.76901761498,124726.12346891775,116011.1986059551,117966.47187969707,118769.48656740108
2026-07-04 16:20:00+00:00,116151.81943964728,101760.86666720708,113881.28759402075,125535.57163747729,116441.02732940194,118615.02849109696,119206.22105667827
2026-07-04 16:25:00+00:00,116759.82543070581,102257.74912750808,114413.96006710538,126362.08195706473,116861.52499424921,119282.08776698673,119651.39951948568
2026-07-04 16:30:00+00:00,117377.7658537913,102749.17723687491,114944.67121852728,127189.32227249531,117276.01519287525,119959.15524485645,120103.48360409822
2026-07-04 16:35:00+00:00,117998.28398977467,103234.69972627616,115472.30582994495,128000.96042858427,117687.82151765833,120637.73646219618,120560.93495879073
2026-07-04 16:40:00+00:00,118614.0231195269,103713.86532668045,115995.74868301678,128780.66427014687,118100.26756097683,121309.33695649604,121022.21523183818
2026-07-04 16:45:00+00:00,119217.62652391891,104186.22276905639,116513.88455940122,129512.1016419983,118516.67691520901,121965.46226524614,121485.78607151542
2026-07-04 16:50:00+00:00,119801.73748382166,104651.32078437254,117025.59824075678,130178.9403889539,118940.3731727332,122597.61792593652,121950.10912609735
2026-07-04 16:55:00+00:00,120358.9992801061,105108.70810359756,117529.77450874184,130764.84835582884,119374.67992592773,123197.3094760573,122413.6460438589
2026-07-04 17:00:00+00:00,120882.05519364314,105557.93345770001,118025.29814501485,131253.49338743836,119822.92076717093,123756.04245309858,122874.85847307494
2026-07-04 17:05:00+00:00,121400.98198917338,105999.42298719255,118529.9458638279,131687.8676665775,120292.09425694821,124316.08738814131,123349.53743690407
2026-07-04 17:10:00+00:00,121943.43995327876,106434.13217472774,119056.35753794327,132118.16060246478,120783.1121312672,124914.3349659783,123849.43646550587
2026-07-04 17:15:00+00:00,122498.44764959233,106862.40376448412,119595.7126867847,132538.8358795504,121290.16774578945,125534.22095466741,124366.96096765679
2026-07-04 17:20:00+00:00,123055.02364174718,107284.58050064018,120139.190829776,132944.35718228482,121807.45445617655,126159.18112226645,124894.5163521332
2026-07-04 17:25:00+00:00,123602.18649337636,107701.00512737445,120677.97148634092,133329.1881951183,122329.16561809006,126772.6512368333,125424.50802771155
2026-07-04 17:30:00+00:00,124128.95476811295,108112.02038886547,121203.23417590324,133687.7926025012,122849.49458719153,127358.06706642579,125949.3414031682
2026-07-04 17:35:00+00:00,124624.34702958999,108517.9690292917,121706.1584178867,134014.63408888387,123362.63471914252,127898.86437910177,126461.42188727962
2026-07-04 17:40:00+00:00,125077.38184144053,108919.1937928317,122177.92373171511,134304.17633871664,123862.77936960461,128378.47894291907,126953.15488882216
2026-07-04 17:45:00+00:00,125477.07776729767,109316.03742366399,122609.70963681223,134550.88303644984,124344.12189423938,128780.34652593556,127416.94581657226
2026-07-04 17:50:00+00:00,125812.45337079445,109708.84266596708,122992.69565260182,134749.21786653384,124800.85564870836,129087.90289620902,127845.20007930633
2026-07-04 17:55:00+00:00,126072.52721556394,110097.95226391945,123318.06129850764,134893.64451341893,125227.17398867314,129284.58382179735,128230.3230858008
2026-07-04 18:00:00+00:00,126246.3178652392,110483.70896169967,123576.98609395347,134978.62666155546,125617.27026979526,129353.8250707584,128564.72024483206
2026-07-04 18:05:00+00:00,126362.47871817896,110876.35009335534,123786.72600889108,135027.1812633212,125981.39616204676,129342.4038131158,128857.40597609837
2026-07-04 18:10:00+00:00,126459.31595005278,111282.11230601574,123972.84848737011,135067.0502414949,126333.70483686929,129310.8273949275,129125.05592080801
2026-07-04 18:15:00+00:00,126540.32729046003,111695.33731348193,124139.00025996109,135099.78473612838,126674.24190212884,129263.1268483026,129371.56732000243
2026-07-04 18:20:00+00:00,126609.01046900002,112110.36682955489,124288.82805723457,135126.93588727355,127003.05296569139,129203.3332053503,129600.83741472305
2026-07-04 18:25:00+00:00,126668.86321527207,112521.54256803563,124425.97860976105,135150.0548349822,127320.18363542293,129135.47749817967,129816.76344601136
2026-07-04 18:30:00+00:00,126723.38325887558,112923.20624272521,124554.09864811112,135170.6927193062,127625.67951918949,129063.59075889991,130023.24265490875
2026-07-04 18:35:00+00:00,126776.0683294098,113309.69956742458,124676.8349028553,135190.4006802974,127919.58622485703,128991.70401962014,130224.17228245671
2026-07-04 18:40:00+00:00,126830.41615647412,113675.36425593482,124797.83410456417,135210.7298580076,128201.94936029156,128923.84831244953,130423.44956969663
2026-07-04 18:45:00+00:00,126889.92446966788,114014.5420220569,124920.7429838082,135233.23139248873,128472.81453335907,128864.0546694972,130624.97175767
2026-07-04 18:50:00+00:00,126958.0909985904,114321.57457959189,125049.20827115802,135259.45642379258,128732.22735192555,128816.35412287232,130832.63608741823
2026-07-04 18:55:00+00:00,127038.41347284098,114590.80364234075,125186.8766971841,135290.95609197108,128980.233423857,128784.777704684,131050.33979998276
2026-07-04 19:00:00+00:00,127134.38962201904,114816.5709241045,125337.394992457,135329.28153707593,129216.87835701942,128773.35644704143,131281.98013640504
2026-07-04 19:05:00+00:00,127250.66725503324,115012.31950606497,125498.10282092614,135374.0177110054,129444.58525631618,128831.53021076335,131531.31900440293
2026-07-04 19:10:00+00:00,127387.7382479688,115195.72038570853,125663.38782346311,135423.8444195984,129665.62812757552,128993.3618272847,131796.55043891445
2026-07-04 19:15:00+00:00,127542.86643118974,115367.45715129307,125832.46869602168,135478.95508381783,129879.82893005073,129239.81678463885,132073.2198718113
2026-07-04 19:20:00+00:00,127713.31563506009,115528.21339107644,126004.56413455565,135539.54312462668,130087.00962299512,129551.8605708592,132356.87273496515
2026-07-04 19:25:00+00:00,127896.34968994386,115678.67269331648,126178.89283501879,135605.80196298793,130286.99216566201,129910.45867397913,132643.05446024766
2026-07-04 19:30:00+00:00,128089.2324262051,115819.5186462711,126354.67349336494,135677.92501986452,130479.5985173047,130296.57658203201,132927.31047953048
2026-07-04 19:35:00+00:00,128289.22767420778,115951.43483819815,126531.12480554784,135756.10571621943,130664.6506371765,130691.17978305124,133205.1862246853
2026-07-04 19:40:00+00:00,128493.59926431598,116075.1048573555,126707.4654675213,135840.53747301566,130841.97048453068,131075.2337650702,133472.22712758384
2026-07-04 19:45:00+00:00,128699.61102689369,116191.21229200103,126882.91417523913,135931.4137112161,131011.38001862055,131429.7040161223,133723.9786200977
2026-07-04 19:50:00+00:00,128904.52679230495,116300.4407303926,127056.6896246551,136028.92785178378,131172.7011986994,131735.55602424085,133955.98613409864
2026-07-04 19:55:00+00:00,129105.61039091379,116403.47376078805,127228.01051172303,136133.27331568164,131325.7559840206,131973.7552774593,134163.79510145826
2026-07-04 20:00:00+00:00,129300.12565308422,116500.99497144531,127396.09553239668,136244.64352387266,131470.3663338374,132125.26726381102,134342.95095404828
2026-07-04 20:05:00+00:00,129507.5745403228,116597.7653836333,127573.81137555862,136393.8407425001,131614.73010405464,132225.5274839594,134508.5716427406
2026-07-04 20:10:00+00:00,129743.3867014092,116696.74081143862,127770.20807767501,136602.66450067362,131764.83866375356,132322.0306776746,134676.6078262978
2026-07-04 20:15:00+00:00,129998.7174976171,116795.89703234541,127978.77935607504,136857.8041138057,131917.20424195193,132413.8311916499,134843.85399842754
2026-07-04 20:20:00+00:00,130264.72229022012,116893.20982383788,128193.01892808791,137145.9488973089,132068.33906766772,132499.98337257875,135007.1046528375
2026-07-04 20:25:00+00:00,130532.556440492,116986.65496340023,128406.42051104286,137453.78816659562,132214.75536991874,132579.5415671545,135163.15428323523
2026-07-04 20:30:00+00:00,130793.37530970637,117074.20822851667,128612.47782226907,137768.01123707843,132352.96537772278,132651.56012207048,135308.79738332843
2026-07-04 20:35:00+00:00,131038.33425913691,117153.84539667137,128804.68457909574,138075.30742416973,132479.48132009775,132715.09338402015,135440.8284468248
2026-07-04 20:40:00+00:00,131258.58865005733,117223.54224534854,128976.53449885207,138362.36604328212,132590.81542606145,132769.19569969684,135556.04196743196
2026-07-04 20:45:00+00:00,131445.29384374124,117281.27455203237,129121.52129886727,138615.87640982802,132683.47992463183,132812.92141579397,135651.23243885755
2026-07-04 20:50:00+00:00,131589.60520146237,117325.01809420704,129233.13869647055,138822.52783921995,132753.98704482664,132845.32487900485,135723.19435480918
2026-07-04 20:55:00+00:00,131682.67808449434,117352.74864935678,129304.8804089911,138969.0096468704,132798.84901566376,132865.46043602293,135768.7222089946
2026-07-04 21:00:00+00:00,131715.66785411083,117362.44199496576,129330.24015375812,139042.0111481919,132814.57806616108,132872.38243354153,135784.61049512133
2026-07-04 21:05:00+00:00,131709.51546471365,117354.06055054738,129325.0112148831,139072.78482480702,132804.01649578873,132854.0848260165,135781.13776038878
2026-07-04 21:10:00+00:00,131691.66181061248,117329.76196686759,129309.82140287505,139101.39218519093,132773.33355716028,132801.42530171943,135770.91419362527
2026-07-04 21:15:00+00:00,131663.01216294288,117290.81486828947,129285.41622465962,139127.73608503497,132724.03190900863,132717.753808067,135754.23175098212
2026-07-04 21:20:00+00:00,131624.47179284046,117238.48787917609,129252.54118716235,139151.7193800305,132657.61421006662,132606.42029247616,135731.38238861065
2026-07-04 21:25:00+00:00,131576.94597144073,117174.04962389045,129211.94179730887,139173.24492586878,132575.5831190672,132470.7747023637,135702.65806266214
2026-07-04 21:30:00+00:00,131521.3399698793,117098.76872679562,129164.36356202472,139192.21557824124,132479.44129474313,132314.16698514644,135668.35072928792
2026-07-04 21:35:00+00:00,131458.55905929173,117013.91381225469,129110.55198823553,139208.53419283914,132370.69139582742,132139.94708824123,135628.75234463924
2026-07-04 21:40:00+00:00,131389.5085108136,116920.75350463069,129051.25258286689,139222.10362535383,132250.83608105287,131951.46495906488,135584.15486486742
2026-07-04 21:45:00+00:00,131315.09359558052,116820.55642828667,128987.21085284436,139232.8267314766,132121.37800915237,131752.07054503425,135534.8502461238
2026-07-04 21:50:00+00:00,131236.21958472795,116714.5912075857,128919.17230509353,139240.60636689892,131983.81983885885,131545.11379356612,135481.13044455965
2026-07-04 21:55:00+00:00,131153.79174939156,116604.12646689081,128847.88244654002,139245.34538731194,131839.66422890517,131333.9446520774,135423.28741632623
2026-07-04 22:00:00+00:00,131068.71536070685,116490.43083056509,128774.0867841094,139246.94664840712,131690.41383802416,131121.91306798486,135361.61311757492
2026-07-04 22:05:00+00:00,130966.57395456753,116353.80065066641,128685.6937467926,139230.34395284974,131502.2014571909,130882.19835187387,135259.61971609513
2026-07-04 22:10:00+00:00,130834.31606371407,116176.76498428306,128571.45297150612,139182.1242974662,131246.25718706148,130590.84682985552,135086.86990539212
2026-07-04 22:15:00+00:00,130674.89445455217,115963.94151332376,128433.37177706389,139104.6703291894,130931.72965089,130255.50897263542,134852.73143019085
2026-07-04 22:20:00+00:00,130491.26189348761,115719.94791969721,128273.45748227986,139000.36469495227,130567.7674719309,129883.83525091903,134566.57203521614
2026-07-04 22:25:00+00:00,130286.3711469261,115449.40188531211,128093.717405968,138871.59004168777,130163.51927343839,129483.47613541194,134237.75946519294
2026-07-04 22:30:00+00:00,130063.17498127343,115156.92109207717,127896.15886694222,138720.72901632875,129728.13367866677,129062.08209681963,133875.6614648462
2026-07-04 22:35:00+00:00,129824.6261629353,114847.12322190107,127682.78918401645,138550.16426580818,129270.75931087034,128627.30360584772,133489.6457789008
2026-07-04 22:40:00+00:00,129573.67745831747,114524.62595669253,127455.61567600467,138362.27843705894,128800.54479330339,128186.79113320165,133089.08015208167
2026-07-04 22:45:00+00:00,129313.2816338257,114194.04697836025,127216.6456617208,138159.45417701398,128326.6387492202,127748.19514958702,132683.3323291138
2026-07-04 22:50:00+00:00,129046.39145586571,113860.00396881289,126967.88645997879,137944.07413260624,127858.18980187505,127319.16612570934,132281.770054722
2026-07-04 22:55:00+00:00,128775.95969084326,113527.1146099592,126711.34538959256,137718.52095076855,127404.3465745222,126907.35453227413,131893.76107363123
2026-07-04 23:00:00+00:00,128504.93910516409,113199.99658370786,126449.0297693761,137485.17727843393,126974.25769041601,126520.41083998696,131528.67313056643
2026-07-04 23:05:00+00:00,128219.76766127076,112865.70861836623,126162.08181724297,137187.92154277524,126553.89590044839,126151.89436592304,131177.25363500504
2026-07-04 23:10:00+00:00,127907.35322340921,112510.3465388086,125833.84240979126,136779.92629460432,126124.27428632506,125789.34023568609,130823.19199349346
2026-07-04 23:15:00+00:00,127571.35341069018,112137.0836717941,125469.61685386166,136277.5153663125,125687.10196752088,125431.36263277417,130465.26894636004
2026-07-04 23:20:00+00:00,127215.4258422244,111749.09334408185,125074.71045629482,135697.0125902912,125244.08806351078,125076.57574068542,130102.26523393314
2026-07-04 23:25:00+00:00,126843.22813712266,111349.54888243096,124654.42852393142,135054.74179893173,124796.94169376956,124723.593742918,129732.96159654109
2026-07-04 23:30:00+00:00,126458.41791449569,110941.62361360056,124214.07636361211,134367.02682462538,124347.37197777219,124371.03082297003,129356.13877451222
2026-07-04 23:35:00+00:00,126064.65279345422,110528.49086434976,123758.95928217762,133650.19149976355,123897.08803499347,124017.50116433966,128970.57750817489
2026-07-04 23:40:00+00:00,125665.59039310904,110113.3239614377,123294.38258646852,132920.5596567376,123447.79898490832,123661.61895052498,128575.05853785743
2026-07-04 23:45:00+00:00,125264.88833257086,109699.29623162345,122825.65158332557,132194.45512793877,123001.2139469916,123301.99836502415,128168.3626038882
2026-07-04 23:50:00+00:00,124866.20423095046,109289.5810016662,122358.07157958938,131488.20174575853,122559.04204071821,122937.25359133529,127749.27044659552
2026-07-04 23:55:00+00:00,124473.1957073586,108887.35159832501,121896.94788210066,130818.12334258818,122122.992385563,122565.99881295652,127316.56280630776
2026-07-05 00:00:00+00:00,124089.52038090599,108495.78134835903,121447.58579770004,130200.54375081902,121694.77410100088,122186.848213386,126869.02042335326
2026-07-05 00:05:00+00:00,123706.90399117026,108106.62480523347,120991.94170673059,129605.61229902775,121273.95818612947,121789.05911196371,126388.4844422257
2026-07-05 00:10:00+00:00,123316.07459008042,107711.1659567945,120512.6496071132,128996.48207693917,120858.37217616219,121367.21703110248,125863.88086571277
2026-07-05 00:15:00+00:00,122919.19326527431,107311.87228137256,120016.03123205538,128378.98255866684,120447.10999474757,120927.92845890975,125304.6177215837
2026-07-05 00:20:00+00:00,122518.42110438981,106911.21125729814,119508.40831476459,127758.94321832438,120039.26556553412,120477.79988349292,124720.10303760775
2026-07-05 00:25:00+00:00,122115.91919506477,106511.65036290168,118996.10258844831,127142.19353002532,119633.93281217036,120023.43779295936,124119.74484155416
2026-07-05 00:30:00+00:00,121713.84862493702,106115.65707651366,118485.43578631405,126534.56296788328,119230.20565830481,119571.44867541648,123512.95116119219
2026-07-05 00:35:00+00:00,121314.37048164445,105725.69887646458,117982.72964156927,125941.88100601183,118827.17802758598,119128.43901897171,122909.13002429111
2026-07-05 00:40:00+00:00,120919.64585282492,105344.2432410849,117494.30588742145,125369.97711852453,118423.9438436624,118701.01531173242,122317.68945862011
2026-07-05 00:45:00+00:00,120531.83582611624,104973.75764870507,117026.4862570781,124824.68077953499,118019.59703018259,118295.78404180604,121748.03749194852
2026-07-05 00:50:00+00:00,120153.10148915634,104616.70957765557,116585.59248374667,124311.82146315681,117613.23151079506,117919.35169729996,121209.58215204554
2026-07-05 00:55:00+00:00,119785.60392958301,104275.56650626687,116177.94630063466,123837.22864350352,117203.94120914834,117578.32476632159,120711.73146668043
2026-07-05 01:00:00+00:00,119431.50423503414,103952.79591286945,115809.86944094957,123406.73179468872,116790.82004889094,117279.3097369783,120263.89346362247
2026-07-05 01:05:00+00:00,119096.25401940671,103652.01758492025,115481.36796432124,123020.52329555678,116369.97338382302,117021.55708981109,119862.91177885642
2026-07-05 01:10:00+00:00,118780.7221504722,103372.25240401458,115183.98846601429,122670.23793731151,115939.90453060853,116795.4006313843,119494.99386581236
2026-07-05 01:15:00+00:00,118480.19559668032,103109.06948969052,114911.3634826883,122348.86881260567,115503.30435719177,116594.07183884043,119153.59347842753
2026-07-05 01:20:00+00:00,118189.96132648074,102858.0379614861,114657.12555100287,122049.40901409202,115062.86373151695,116410.802189322,118832.16437063913
2026-07-05 01:25:00+00:00,117905.3063083231,102614.72693893944,114414.9072076176,121764.85163442334,114621.27352152836,116238.82315997154,118524.16029638436
2026-07-05 01:30:00+00:00,117621.51751065707,102374.70554158851,114178.34098919203,121488.18976625237,114181.22459517024,116071.36622793155,118223.03500960043
2026-07-05 01:35:00+00:00,117333.88190193233,102133.54288897142,113941.05943238575,121212.41650223189,113745.40782038686,115901.66287034453,117922.24226422454
2026-07-05 01:40:00+00:00,117037.68645059854,101886.80810062622,113696.69507385837,120930.52493501463,113316.51406512242,115722.94456435305,117615.23581419389
2026-07-05 01:45:00+00:00,116728.21812510541,101630.07029609095,113438.88045026947,120635.50815725341,112897.23419732126,115528.44278709957,117295.46941344571
2026-07-05 01:50:00+00:00,116400.76389390256,101358.89859490372,113161.24809827864,120320.35926160097,112490.25908492756,115311.38901572661,116956.3968159172
2026-07-05 01:55:00+00:00,116050.61072543968,101068.86211660251,112857.43055454544,119978.07134071006,112098.27959588561,115065.01472737672,116591.47177554556
2026-07-05 02:00:00+00:00,115673.04558816642,100755.52998072542,112521.06035572948,119601.63748723343,111723.98659813967,114782.55139919237,116194.14804626802
2026-07-05 02:05:00+00:00,115258.20952172883,100414.118778586,112135.67401045248,119177.20500747893,111370.43656071484,114434.56125534128,115752.97355868513
2026-07-05 02:10:00+00:00,114803.32448744623,100045.36059661939,111695.69980488121,118702.02544034383,111036.21882456983,114004.9003832871,115266.44915483378
2026-07-05 02:15:00+00:00,114314.29883627829,99653.09779704605,111211.10794199284,118185.74822736504,110717.3235655494,113506.7410551163,114742.95795580572
2026-07-05 02:20:00+00:00,113797.04091918473,99241.17274208648,110691.86862476452,117638.02281007952,110409.74095949825,112953.25554291534,114190.88308269258
2026-07-05 02:25:00+00:00,113257.45908712513,98813.42779396112,110147.95205617344,117068.49863002417,110109.46118226108,112357.61611877073,113618.60765658616
2026-07-05 02:30:00+00:00,112701.46169105924,98373.70531489041,109589.32843919675,116486.82512873596,109812.47440968263,111732.9950547689,113034.5147985781
2026-07-05 02:35:00+00:00,112134.9570819467,97925.84766709484,109025.96797681159,115902.65174775178,109514.77081760758,111092.56462299629,112446.98762976007
2026-07-05 02:40:00+00:00,111563.85361074717,97473.6972127949,108467.84087199515,115325.62792860859,109212.34058188068,110449.49709553941,111864.40927122385
2026-07-05 02:45:00+00:00,110994.05962842035,97021.09631421103,107924.9173277246,114765.40311284331,108901.17387834661,109816.9647444847,111295.1628440611
2026-07-05 02:50:00+00:00,110431.48348592588,96571.88733356367,107407.16754697707,114231.62674199289,108577.26088285011,109208.13984191867,110747.63146936349
2026-07-05 02:55:00+00:00,109882.03353422343,96129.91263307333,106924.56173272977,113733.94825759424,108236.59177123588,108636.19465992773,110230.1982682228
2026-07-05 03:00:00+00:00,109351.6181242727,95699.01457496044,106487.0700879598,113282.0171011843,107875.15671934864,108114.3014705984,109751.24636173066
2026-07-05 03:05:00+00:00,108837.220248585,95274.26086345573,106094.46844073999,112868.9728193073,107498.66131832344,107632.79710480153,109306.87445021271
2026-07-05 03:10:00+00:00,108330.4675217759,94848.3200396454,105734.88859875877,112478.9416620482,107114.49010916235,107170.77124617179,108884.82604297015
2026-07-05 03:15:00+00:00,107829.23522796159,94421.43572103341,105400.83473441677,112108.05312625505,106721.1516925106,106724.52544594121,108480.95147455813
2026-07-05 03:20:00+00:00,107331.39865125803,93993.85152512355,105084.81102011459,111752.43670877593,106317.15466901346,106290.36125534186,108091.10107953184
2026-07-05 03:25:00+00:00,106834.83307578138,93565.81106941972,104779.32162825287,111408.22190645892,105901.00763931613,105864.5802256058,107711.12519244643
2026-07-05 03:30:00+00:00,106337.41378564772,93137.55797142575,104476.87073123222,111071.53821615204,105471.21920406388,105443.48390796508,107336.87414785706
2026-07-05 03:35:00+00:00,105837.01606497313,92709.33584864554,104169.96250145331,110738.51513470341,105026.29796390196,105023.37385365175,106964.19828031887
2026-07-05 03:40:00+00:00,105331.5151978737,92281.38831858295,103851.1011113167,110405.28215896105,104564.75251947559,104600.55161389789,106588.94792438704
2026-07-05 03:45:00+00:00,104818.78646846554,91853.95899874179,103512.79073322308,110067.96878577305,104085.09147143002,104171.31873993554,106206.97341461676
2026-07-05 03:50:00+00:00,104296.70516086467,91427.29150662594,103147.53553957303,109722.70451198747,103585.82342041051,103731.97678299675,105814.12508556315
2026-07-05 03:55:00+00:00,103763.14655918725,91001.6294597393,102747.83970276719,109365.61883445234,103065.45696706226,103278.82729431357,105406.25327178139
2026-07-05 04:00:00+00:00,103215.98594754933,90577.2164755857,102306.20739520619,108992.84125001579,102522.50071203055,102808.17182511809,104979.20830782662
2026-07-05 04:05:00+00:00,102642.38405250182,90150.42130355097,101791.20947406863,108603.23899472576,101920.99585270914,102310.92301540602,104526.67125563766
2026-07-05 04:10:00+00:00,102036.24471319304,89718.66602042473,101187.46107637745,108200.20448056671,101237.56408603022,101785.11057184925,104048.8718033713
2026-07-05 04:15:00+00:00,101405.55788263514,89283.7742348164,100511.5327942998,107786.65496829126,100489.58476194681,101237.71164569403,103551.48322490968
2026-07-05 04:20:00+00:00,100758.31351384034,88847.56955533543,99779.99522000286,107365.50771865215,99694.43723041183,100675.70338818667,103040.17879413498
2026-07-05 04:25:00+00:00,100102.50155982078,88411.87559059127,99009.41894565376,106939.67999240205,98869.50084137828,100106.06295057338,102520.63178492934
2026-07-05 04:30:00+00:00,99446.11197358872,87978.51594919339,98216.37456341962,106512.08905029362,98032.15494479908,99535.76748410046,101998.51547117492
2026-07-05 04:35:00+00:00,98797.13470815629,87549.31423975123,97417.43266546764,106085.65215307954,97199.77889062723,98971.79414001419,101479.50312675387
2026-07-05 04:40:00+00:00,98163.55971653569,87126.09407087426,96629.16384396495,105663.28656151252,96389.75202881567,98421.12006956084,100969.26802554834
2026-07-05 04:45:00+00:00,97553.37695173909,86710.67905117189,95868.13869107871,105247.90953634522,95619.45370931739,97890.72242398663,100473.48344144049
2026-07-05 04:50:00+00:00,96974.57636677871,86304.89278925362,95150.92779897604,104842.43833833034,94906.26328208533,97387.57835453791,99997.82264831249
2026-07-05 04:55:00+00:00,96435.1479146667,85910.55889372888,94494.10175982413,104449.79022822053,94267.56009707246,96918.66501246089,99547.95892004645
2026-07-05 05:00:00+00:00,95943.08154841527,85529.5009732071,93914.23116579013,104072.8824667685,93720.72350423175,96490.95954900184,99129.56553052457
2026-07-05 05:05:00+00:00,95486.7449678605,85156.86340332453,93382.74722521432,103708.93280890121,93240.7019002615,96093.67055597396,98735.67090331954
2026-07-05 05:10:00+00:00,95048.42002793997,84787.28251946403,92861.51588051615,103352.75247866908,92789.05063884796,95710.9352467777,98354.85606308754
2026-07-05 05:15:00+00:00,94626.96791431797,84421.81986985516,92352.7598249814,103003.64894050996,92363.05950542602,95342.12370504033,97986.12318533608
2026-07-05 05:20:00+00:00,94221.24981265893,84061.53700272739,91858.70175189596,102660.9296588617,91960.01828543059,94986.60601438908,97628.47444557256
2026-07-05 05:25:00+00:00,93830.12690862716,83707.49546631028,91381.5643545456,102323.9020981621,91577.21676429655,94643.75225845112,97280.91201930448
2026-07-05 05:30:00+00:00,93452.46038788705,83360.75680883332,90923.57032621617,101991.87372284905,91211.94472745877,94312.93252085375,96942.4380820393
2026-07-05 05:35:00+00:00,93087.11143610292,83022.38257852604,90486.9423601935,101664.15199736037,90861.49196035218,93993.51688522418,96612.05480928441
2026-07-05 05:40:00+00:00,92732.94123893917,82693.43432361793,90073.90314976338,101340.0443861339,90523.14824841167,93684.87543518964,96288.76437654733
2026-07-05 05:45:00+00:00,92388.81098206012,82374.97359233853,89686.67538821168,101018.85835360749,90194.20337707209,93386.37825437733,95971.56895933549
2026-07-05 05:50:00+00:00,92053.58185113018,82068.06193291735,89327.48176882416,100699.901364219,89871.94713176836,93097.39542641453,95659.47073315637
2026-07-05 05:55:00+00:00,91726.11503181365,81773.76089358392,88998.54498488671,100382.48088240622,89553.66929793541,92817.29703492844,95351.47187351738
2026-07-05 06:00:00+00:00,91405.2717097749,81493.13202256773,88702.08772968511,100065.90437260702,89236.65966100806,92545.45316354629,95046.574555926
2026-07-05 06:05:00+00:00,91088.15611850306,81218.15224147265,88433.99458142572,99744.39664187616,88915.91467398911,92281.05214190944,94741.79801397119
2026-07-05 06:10:00+00:00,90773.66616856742,80941.95689901644,88186.75487258942,99414.98507036864,88590.75869932421,92023.68842944267,94436.1188347886
2026-07-05 06:15:00+00:00,90463.3535612527,80667.34518409963,87957.4984278738,99081.18098217284,88264.97338661249,91773.3413044484,94131.47522420579
2026-07-05 06:20:00+00:00,90158.76999784364,80397.11628562263,87743.35507197652,98746.49570137703,87942.3403854531,91529.99004522907,93829.80538805024
2026-07-05 06:25:00+00:00,89861.46717962495,80134.06939248597,87541.45462959516,98414.4405520696,87626.64134544526,91293.61393008709,93533.04753214947
2026-07-05 06:30:00+00:00,89572.9968078813,79881.00369359003,87348.92692542738,98088.52685833881,87321.65791618805,91064.19223732487,93243.13986233101
2026-07-05 06:35:00+00:00,89294.91058389744,79640.71837783536,87162.90178417075,97772.26594427302,87031.1717472807,90841.70424524482,92962.02058442234
2026-07-05 06:40:00+00:00,89028.76020895806,79416.01263412237,86980.50903052297,97469.16913396055,86758.96448832234,90626.1292321494,92691.62790425101
2026-07-05 06:45:00+00:00,88776.09738434792,79209.68565135155,86798.87848918157,97182.74775148972,86508.81778891211,90417.44647634098,92433.90002764453
2026-07-05 06:50:00+00:00,88538.47381135168,79024.53661842337,86615.13998484427,96916.51312094885,86284.51329864922,90215.63525612201,92190.77516043042
2026-07-05 06:55:00+00:00,88317.44119125404,78863.36472423829,86426.4233422086,96673.97656642627,86089.8326671328,90020.67484979492,91964.19150843618
2026-07-05 07:00:00+00:00,88114.55122533978,78728.96915769676,86229.85838597221,96458.64941201032,85928.55754396203,89832.5445356621,91756.08727748934
2026-07-05 07:05:00+00:00,87928.90723763312,78616.01231111013,86024.20256453959,96263.53665073187,85795.3743164785,89652.87659680445,91561.55735843706
2026-07-05 07:10:00+00:00,87757.12829217088,78515.88024164822,85811.7902445409,96078.84212200006,85680.17390044198,89482.34480997841,91374.36659275672
2026-07-05 07:15:00+00:00,87597.03970025649,78426.45763549928,85595.11662801234,95903.87541947067,85579.54473807877,89319.49069399988,91194.458112221
2026-07-05 07:20:00+00:00,87446.4667731934,78345.62917885151,85376.67691699017,95737.94613679942,85490.0752716152,89162.85576768465,91021.7750486026
2026-07-05 07:25:00+00:00,87303.23482228507,78271.27955789317,85158.96631351057,95580.36386764205,85408.35394327766,89010.98154984856,90856.26053367429
2026-07-05 07:30:00+00:00,87165.16915883493,78201.29345881245,84944.48001960975,95430.43820565433,85330.96919529243,88862.40955930745,90697.85769920873
2026-07-05 07:35:00+00:00,87030.09509414647,78133.55556779764,84735.71323732394,95287.47874449198,85254.50946988583,88715.68131487716,90546.50967697868
2026-07-05 07:40:00+00:00,86895.83793952312,78065.95057103694,84535.16116868934,95150.7950778107,85175.56320928424,88569.33833537354,90402.15959875683
2026-07-05 07:45:00+00:00,86760.2230062683,77996.3631547186,84345.31901574219,95019.69679926631,85090.71885571395,88421.92213961238,90264.75059631589
2026-07-05 07:50:00+00:00,86621.0756056855,77922.6780050308,84168.68198051867,94893.49350251452,84996.56485140132,88271.97424640958,90134.2258014286
2026-07-05 07:55:00+00:00,86476.22104907817,77842.77980816184,84007.74526505501,94771.49478121106,84889.68963857267,88118.03617458095,90010.52834586767
2026-07-05 08:00:00+00:00,86323.48464774973,77754.55325029991,83865.00407138742,94653.01022901168,84766.68165945433,87958.64944294229,89893.60136140582
2026-07-05 08:05:00+00:00,86160.97618982937,77653.20719186492,83735.1088090567,94536.56128381898,84615.06917364881,87792.25162851311,89784.21852415135
2026-07-05 08:10:00+00:00,85989.83669581308,77537.87662265834,83610.97551911153,94421.59025767908,84429.40185493564,87619.42274766667,89682.40022690824
2026-07-05 08:15:00+00:00,85812.43832555466,77412.33542294084,83492.49785084993,94308.78805546286,84216.80026680681,87441.91797824942,89586.95967649281
2026-07-05 08:20:00+00:00,85631.1532389079,77280.35747297299,83379.5694535699,94198.84558204132,83984.38497275425,87261.49249810788,89496.71007972128
2026-07-05 08:25:00+00:00,85448.3535957266,77145.71665301546,83272.08397656954,94092.45374228533,83739.27653626991,87079.90148508859,89410.4646434099
2026-07-05 08:30:00+00:00,85266.4115558645,77012.18684332888,83169.9350691468,93990.30344106584,83488.59552084575,86898.90011703795,89327.03657437496
2026-07-05 08:35:00+00:00,85087.69927917545,76883.54192417383,83073.01638059976,93893.08558325384,83239.4624899737,86720.24357180252,89245.2390794327
2026-07-05 08:40:00+00:00,84914.58892551318,76763.555775811,82981.2215602264,93801.49107372019,82998.99800714575,86545.68702722878,89163.88536539936
2026-07-05 08:45:00+00:00,84749.45265473149,76656.00227850094,82894.44425732482,93716.21081733584,82774.32263585381,86376.98566116326,89081.78863909123
2026-07-05 08:50:00+00:00,84594.66262668416,76564.65531250434,82812.57812119297,93637.93571897176,82572.55693958983,86215.89465145239,88997.76210732458
2026-07-05 08:55:00+00:00,84452.591001225,76493.2887580818,82735.51680112892,93567.35668349886,82400.82148184581,86064.1691759427,88910.61897691562
2026-07-05 09:00:00+00:00,84325.60993820778,76445.67649549396,82663.1539464307,93505.16461578806,82266.23682611366,85923.56441248073,88819.17245468065
2026-07-05 09:05:00+00:00,84211.46326701358,76413.7587829406,82596.49920516372,93446.85311329496,82152.30643501737,85788.14296724285,88716.8356422748
2026-07-05 09:10:00+00:00,84105.48015690813,76386.45357465929,82535.88941506478,93388.14934247383,82038.9701358567,85651.84638711842,88600.69740281487
2026-07-05 09:15:00+00:00,84006.41077757231,76363.00129496731,82480.2090099389,93330.09456169374,81928.00303913721,85516.24826102327,88475.08458530958
2026-07-05 09:20:00+00:00,83913.00529868693,76342.64236818196,82428.34242359112,93273.73002932369,81821.18025536448,85382.92217787326,88344.3240387677
2026-07-05 09:25:00+00:00,83824.01388993284,76324.61721862054,82379.17408982645,93220.09700373274,81720.27689504414,85253.44172658422,88212.74261219802
2026-07-05 09:30:00+00:00,83738.18672099085,76308.16627060027,82331.58844244995,93170.23674328993,81627.06806868172,85129.380496072,88084.66715460921
2026-07-05 09:35:00+00:00,83654.27396154181,76292.52994843847,82284.46991526661,93125.19050636429,81543.32888678282,85012.31207525246,87964.42451501008
2026-07-05 09:40:00+00:00,83571.02578126654,76276.94867645245,82236.70294208151,93085.99955132486,81470.83445985301,84903.81005304141,87856.34154240934
2026-07-05 09:45:00+00:00,83487.1923498459,76260.66287895944,82187.17195669963,93053.7051365407,81411.3598983979,84805.4480183547,87764.74508581578
2026-07-05 09:50:00+00:00,83401.52383696068,76242.91298027676,82134.76139292606,93029.34852038082,81366.68031292304,84718.7995601082,87693.96199423811
2026-07-05 09:55:00+00:00,83312.77041229176,76222.93940472169,82078.35568456579,93013.97096121426,81338.57081393403,84645.43826721772,87648.3191166851
2026-07-05 10:00:00+00:00,83219.68224551994,76199.98257661151,82016.83926542383,93008.61371741006,81328.80651193646,84586.93772859912,87632.14330216547
2026-07-05 10:05:00+00:00,83115.8070188175,76171.87657127035,81943.75144988416,93009.62703057588,81330.98752473439,84536.74688195929,87635.34107924154
2026-07-05 10:10:00+00:00,82998.39373298598,76138.00504647459,81856.04098944641,93012.64599415491,81337.43482492818,84487.67767226657,87644.75978163283
2026-07-05 10:15:00+00:00,82871.74453564995,76099.93280021982,81757.70647358902,93017.63914426953,81348.0048052179,84440.34819932889,87660.13746608388
2026-07-05 10:20:00+00:00,82740.16157443411,76059.22463050169,81652.74649179044,93024.57501704214,81362.55385830365,84395.37656295429,87681.21218933922
2026-07-05 10:25:00+00:00,82607.94699696312,76017.44533531583,81545.15963352921,93033.42214859505,81380.93837688548,84353.38086295073,87707.72200814345
2026-07-05 10:30:00+00:00,82479.40295086162,75976.15971265784,81438.94448828373,93044.14907505072,81403.01475366343,84314.97919912619,87739.40497924111
2026-07-05 10:35:00+00:00,82358.83158375423,75936.93256052333,81338.09964553252,93056.72433253149,81428.63938133759,84280.78967128864,87775.99915937675
2026-07-05 10:40:00+00:00,82250.53504326566,75901.32867690797,81246.62369475405,93071.11645715972,81457.668652608,84251.4303792461,87817.24260529494
2026-07-05 10:45:00+00:00,82158.81547702051,75870.91285980733,81168.51522542676,93087.29398505781,81489.95896017474,84227.51942280651,87862.87337374022
2026-07-05 10:50:00+00:00,82087.97503264346,75847.24990721706,81107.77282702917,93105.22545234812,81525.3666967379,84209.67490177788,87912.62952145717
2026-07-05 10:55:00+00:00,82042.31585775914,75831.9046171328,81068.39508903974,93124.87939515304,81563.7482549975,84198.51491596818,87966.24910519033
2026-07-05 11:00:00+00:00,82026.14009999223,75826.44178755011,81054.38060093694,93146.22434959494,81604.96002765362,84194.6575651854,88023.47018168427
2026-07-05 11:05:00+00:00,82066.79585133218,75854.85475482307,81088.50294196614,93217.31348359908,81687.96450458364,84207.60499645236,88125.68665081344
2026-07-05 11:10:00+00:00,82182.3665282615,75935.70988604272,81185.72024565535,93377.97058168323,81844.44462835386,84244.61357261977,88306.20619152658
2026-07-05 11:15:00+00:00,82363.2572651444,76062.43152531024,81338.30793290699,93615.82010485847,82063.33747069765,84302.93271723735,88552.63752917961
2026-07-05 11:20:00+00:00,82599.87319634513,76228.44401672677,81538.54142462344,93918.48651413586,82333.58010334846,84379.81185385486,88852.58938912852
2026-07-05 11:25:00+00:00,82882.6194562279,76427.17170439348,81778.69614170713,94273.5942705265,82644.10959803968,84472.50040602205,89193.67049672929
2026-07-05 11:30:00+00:00,83201.9011791569,76652.03893241152,82051.04750506046,94668.76783504146,82983.86302650474,84578.24779728867,89563.48957733785
2026-07-05 11:35:00+00:00,83548.12349949639,76896.47004488205,82347.87093558584,95091.63166869186,83341.77746047702,84694.30345120448,89949.65535631013
2026-07-05 11:40:00+00:00,83911.69155161057,77153.88938590625,82661.44185418569,95529.81023248874,83706.78997169001,84817.9167913192,90339.77655900216
2026-07-05 11:45:00+00:00,84283.01046986364,77417.72129958526,82984.03568176241,95970.92798744321,84067.83763187703,84946.33724118261,90721.46191076981
2026-07-05 11:50:00+00:00,84652.48538861985,77681.39013002024,83307.92783921839,96402.60939456633,84413.85751277154,85076.81422434445,91082.3201369691
2026-07-05 11:55:00+00:00,85010.52144224341,77938.32022131237,83625.39374745607,96812.47891486922,84733.78668610695,85206.59716435446,91409.95996295598
2026-07-05 12:00:00+00:00,85347.52376509854,78181.93591756279,83928.70882737784,97188.16100936293,85016.56222361668,85332.9354847624,91691.99011408638
2026-07-05 12:05:00+00:00,85679.98224331916,78428.26544749022,84236.6393378765,97554.31984531242,85270.29446195532,85457.80773298873,91934.94779304205
2026-07-05 12:10:00+00:00,86029.42677219804,78695.2505389006,84570.51238991956,97940.2104400219,85512.32449923575,85586.23736430384,92156.9465345634
2026-07-05 12:15:00+00:00,86393.82249983784,78979.18578452594,84926.44468252148,98340.34352956126,85745.43554937877,85720.04116403247,92362.9595620944
2026-07-05 12:20:00+00:00,86771.13457434106,79276.36577709821,85300.55291469673,98749.22985000043,85972.41082630523,85861.0359174993,92557.96009907903
2026-07-05 12:25:00+00:00,87159.3281438103,79583.08510934949,85688.95378545977,99161.38013740926,86196.03354393588,86011.03841002901,92746.92136896132
2026-07-05 12:30:00+00:00,87556.36835634816,79895.6383740117,86087.76399382504,99571.3051278577,86419.08691619156,86171.86542694631,92934.81659518518
2026-07-05 12:35:00+00:00,87960.2203600572,80210.32016381693,86493.10023880702,99973.51555741568,86644.35415699305,86345.3337535759,93126.6190011947
2026-07-05 12:40:00+00:00,88368.84930303995,80523.4250714971,86901.07921942015,100362.5221621531,86874.61848026118,86533.2601752425,93327.30181043377
2026-07-05 12:45:00+00:00,88780.22033339906,80831.24768978432,87307.81763467893,100732.83567813982,87112.66309991678,86737.46147727073,93541.83824634642
2026-07-05 12:50:00+00:00,89192.29859923705,81130.0826114105,87709.43218359779,101078.9668414458,87361.27122988063,86959.75444498534,93775.20153237664
2026-07-05 12:55:00+00:00,89603.04924865653,81416.22442910772,88102.03956519121,101395.42638814091,87623.22608407354,87201.95586371105,94032.36489196839
2026-07-05 13:00:00+00:00,90010.43742976004,81685.96773560793,88481.75647847363,101676.7250542951,87901.3108764163,87465.88251877249,94318.3015485657
2026-07-05 13:05:00+00:00,90415.42346159318,81938.22117226943,88847.98468405487,101922.82708855851,88198.98454170371,87806.84669869031,94655.19763204057
2026-07-05 13:10:00+00:00,90820.88238002002,82176.52057302029,89204.58849208483,102141.26608119444,88516.09377584302,88265.2802738483,95054.83118594844
2026-07-05 13:15:00+00:00,91227.65140837079,82404.1013194473,89554.3784258882,102337.90678069253,88850.00343442385,88820.6794023659,95506.56330425841
2026-07-05 13:20:00+00:00,91636.5677699758,82624.19879313724,89900.16500878953,102518.6139355424,89198.07837303574,89452.54024236258,95999.75508093956
2026-07-05 13:25:00+00:00,92048.46868816536,82840.0483756769,90244.75876411349,102689.25229423365,89557.68344726834,90140.3589519578,96523.767609961
2026-07-05 13:30:00+00:00,92464.19138626971,83054.88544865305,90590.97021518473,102855.68660525592,89926.18351271118,90863.63168927099,97067.96198529174
2026-07-05 13:35:00+00:00,92884.57308761918,83271.94539365245,90941.60988532788,103023.78161709881,90300.9434249539,91601.85461242164,97621.69930090092
2026-07-05 13:40:00+00:00,93310.45101554401,83494.46359226192,91299.48829786755,103199.40207825195,90679.32803958605,92334.52387952918,98174.3406507576
2026-07-05 13:45:00+00:00,93742.66239337451,83725.6754260682,91667.41597612837,103388.41273720496,91058.70221219725,93041.13564871307,98715.24712883086
2026-07-05 13:50:00+00:00,94182.044444441,83968.81627665811,92048.20344343499,103596.67834244744,91436.43079837707,93701.18607809278,99233.77982908978
2026-07-05 13:55:00+00:00,94629.43439207369,84227.1215256184,92444.66122311207,103830.06364246905,91809.8786537151,94294.17132578776,99719.29984550344
2026-07-05 14:00:00+00:00,95085.66945960291,84503.82655453586,92859.59983848417,104094.43338575936,92176.41063380096,94799.58754991746,100161.16827204096
2026-07-05 14:05:00+00:00,95566.5017151335,84799.16869647635,93304.6344249602,104404.4204802254,92535.6553205142,95240.46983480368,100572.83482957639
2026-07-05 14:10:00+00:00,96081.26922611883,85110.67224727015,93784.81395051142,104766.16828989929,92890.2571585292,95655.7749450845,100975.00361734467
2026-07-05 14:15:00+00:00,96621.18821491202,85437.50303265064,94293.09968730612,105172.80724745833,93242.10479762786,96048.8815593538,101367.91729685606
2026-07-05 14:20:00+00:00,97177.47490386623,85778.82687835119,94822.45290751255,105617.46778557985,93593.08688759197,96423.16835620545,101751.81852962088
2026-07-05 14:25:00+00:00,97741.34551533454,86133.80961010519,95365.83488329905,106093.28033694117,93945.09207820341,96782.01401423337,102126.9499771494
2026-07-05 14:30:00+00:00,98304.01627167009,86501.61705364601,95916.20688683384,106593.3753342196,94300.00901924401,97128.79721203141,102493.55430095195
2026-07-05 14:35:00+00:00,98856.70339522598,86881.41503470704,96466.53019028521,107110.88321009246,94659.72636049558,97466.89662819343,102851.87416253876
2026-07-05 14:40:00+00:00,99390.62310835536,87272.36937902168,97009.76606582147,107638.93439723704,95026.13275173999,97799.69094131338,103202.15222342017
2026-07-05 14:45:00+00:00,99896.99163341134,87673.64591232328,97538.87578561089,108170.65932833072,95401.11684275905,98130.55882998514,103544.63114510644
2026-07-05 14:50:00+00:00,100367.02519274702,88084.41046034523,98046.82062182174,108699.18843605075,95786.56728333463,98462.87897280253,103879.55358910786
2026-07-05 14:55:00+00:00,100791.94000871557,88503.82884882094,98526.5618466223,109217.65215307448,96184.37272324855,98800.03004835949,104207.16221693475
2026-07-05 15:00:00+00:00,101162.95230367004,88931.06690348373,98971.06073218083,109719.18091207922,96596.42181228266,99145.3907352499,104527.69969009739
2026-07-05 15:05:00+00:00,101483.58626561792,89377.80690915698,99383.13263871714,110212.8628260229,97023.31803313133,99485.38813648414,104837.00521755737
2026-07-05 15:10:00+00:00,101768.13229578527,89853.1502695917,99772.98067502517,110712.0412354324,97463.89169436158,99807.72078930549,105132.48946060482
2026-07-05 15:15:00+00:00,102023.95593635328,90352.391488913,100144.64773613453,111216.22941433846,97917.37168456416,100117.6745236572,105416.75225924276
2026-07-05 15:20:00+00:00,102258.42272950304,90870.82507124585,100502.1767170748,111724.94063677185,98382.98689232983,100420.53516948246,105692.39345347424
2026-07-05 15:25:00+00:00,102478.8982174158,91403.74552071535,100849.61051287562,112237.68817676326,98859.96620624937,100721.58855672454,105962.0128833023
2026-07-05 15:30:00+00:00,102692.74794227263,91946.44734144653,101190.99201856653,112753.98530834346,99347.53851491351,101026.12051532659,106228.21038873
2026-07-05 15:35:00+00:00,102907.3374462547,92494.2250375644,101530.36412917715,113273.34530554317,99844.93270691305,101339.41687523188,106493.58580976035
2026-07-05 15:40:00+00:00,103130.03227154318,93042.37311319401,101871.76973973706,113795.28144239316,100351.37767083872,101666.76346638362,106760.7389863964
2026-07-05 15:45:00+00:00,103368.1979603192,93586.18607246042,102219.25174527592,114319.30699292412,100866.10229528128,102013.44611872498,107032.26975864121
2026-07-05 15:50:00+00:00,103629.20005476393,94120.95841948866,102576.85304082325,114844.9352311668,101388.33546883152,102384.75066219925,107310.7779664978
2026-07-05 15:55:00+00:00,103920.40409705852,94641.98465840376,102948.6165214087,115371.67943115198,101917.30608008019,102785.9629267496,107598.8634499692
2026-07-05 16:00:00+00:00,104249.1756293841,95144.55929333075,103338.58508206182,115899.05286691035,102452.24301761804,103222.36874231928,107899.12604905848
2026-07-05 16:05:00+00:00,104639.72606412097,95637.14385630038,103746.11888883615,116433.61864165652,103009.95907945288,103732.54663423255,108204.97915130346
2026-07-05 16:10:00+00:00,105102.60477595855,96130.33162824607,104166.64632192388,116980.10320651182,103602.33577534829,104338.9262988344,108509.55925313562
2026-07-05 16:15:00+00:00,105624.68425054164,96622.61473664688,104598.31259756262,117535.26485736718,104221.20506152863,105022.5703225992,108815.05085789853
2026-07-05 16:20:00+00:00,106192.83697351512,97112.48530898191,105039.26293199,118095.8618901135,104858.39889421832,105764.54129200123,109123.63846893571
2026-07-05 16:25:00+00:00,106793.93543052382,97598.43547273027,105487.6425414436,118658.65260064165,105505.74922964173,106545.90179351479,109437.5065895907
2026-07-05 16:30:00+00:00,107414.85210721263,98078.957355371,105941.59664216108,119220.39528484254,106155.08802402327,107347.71441361417,109758.83972320706
2026-07-05 16:35:00+00:00,108042.45948922631,98552.5430843832,106399.27045038005,119777.8482386071,106798.24723358733,108151.04173877373,110089.82237312829
2026-07-05 16:40:00+00:00,108663.6300622098,99017.68478724596,106858.8091823381,120327.76975782619,107427.05881455827,108936.94635546773,110432.63904269798
2026-07-05 16:45:00+00:00,109265.23631180788,99472.87459143838,107318.35805427286,120866.91813839076,108033.35472316052,109686.49085017052,110789.47423525964
2026-07-05 16:50:00+00:00,109834.15072366543,99916.6046244395,107776.06228242198,121392.05167619168,108608.96691561844,110380.73780935636,111162.51245415681
2026-07-05 16:55:00+00:00,110357.24578342726,100347.36701372844,108230.06708302301,121899.92866711985,109145.72734815643,111000.74981949962,111553.93820273304
2026-07-05 17:00:00+00:00,110821.39397673825,100763.65388678429,108678.51767231364,122387.30740706618,109635.4679769989,111527.58946707453,111965.93598433188
2026-07-05 17:05:00+00:00,111235.87013810898,101172.19699183668,109128.52421018873,122859.87044053551,110084.46057012098,111985.86077765346,112420.04187201039
2026-07-05 17:10:00+00:00,111622.15304364708,101579.33440171074,109586.63474482644,123325.18866111546,110507.11439738203,112415.04871160208,112929.2603787616
2026-07-05 17:15:00+00:00,111985.42109139287,101982.96773077887,110050.1513248891,123782.85288832108,110907.4676678327,112818.53725758482,113482.97866783297
2026-07-05 17:20:00+00:00,112330.85267938678,102380.99859341331,110516.37599903916,124232.45394166745,111289.55859052372,113199.71040426605,114070.58390247195
2026-07-05 17:25:00+00:00,112663.62620566915,102771.32860398648,110982.610815939,124673.58264066964,111657.42537450576,113561.9521403102,114681.46324592599
2026-07-05 17:30:00+00:00,112988.92006828035,103151.85937687063,111446.157824251,125105.82980484274,112015.10622882955,113908.64645438168,115305.00386144256
2026-07-05 17:35:00+00:00,113311.91266526074,103520.49252643816,111904.3190726376,125528.78625370175,112366.63936254573,114243.17733514488,115930.59291226912
2026-07-05 17:40:00+00:00,113637.7823946507,103875.12966706135,112354.39660976116,125942.0428067618,112716.06298470497,114568.92877126421,116547.6175616531
2026-07-05 17:45:00+00:00,113971.70765449059,104213.67241311255,112793.69248428408,126345.19028353794,113067.41530435803,114889.28475140408,117145.46497284199
2026-07-05 17:50:00+00:00,114318.86684282082,104534.02237896412,113219.50874486878,126737.81950354525,113424.73453055555,115207.62926422889,117713.52230908322
2026-07-05 17:55:00+00:00,114684.43835768169,104834.08117898836,113629.14744017766,127119.52128629878,113792.05887234825,115527.34629840303,118241.17673362426
2026-07-05 18:00:00+00:00,115073.60059711363,105111.75042755759,114019.91061887311,127489.88645131359,114173.42653878678,115851.81984259094,118717.81540971258
2026-07-05 18:05:00+00:00,115492.37797625156,105367.61981180083,114394.83093371982,127850.07922897939,114575.61291106539,116175.79987749238,119154.39905857753
2026-07-05 18:10:00+00:00,115939.41771105494,105605.58525792252,114759.27896508599,128201.74577603122,114998.54641578878,116492.4155860363,119570.66429377881
2026-07-05 18:15:00+00:00,116408.832400801,105828.50773890817,115114.06365303934,128545.19980150233,115435.99483012343,116802.61976023097,119969.16211705946
2026-07-05 18:20:00+00:00,116894.73464476688,106039.24822774332,115459.99393764751,128880.75501442586,115881.72593123572,117107.36519208457,120352.44353016245
2026-07-05 18:25:00+00:00,117391.23704222977,106240.6676974134,115797.87875897817,129208.72512383503,116329.50749629216,117407.60467360531,120723.05953483075
2026-07-05 18:30:00+00:00,117892.45219246687,106435.62712090397,116128.527057099,129529.42383876297,116773.10730245919,117704.29099680143,121083.56113280739
2026-07-05 18:35:00+00:00,118392.49269475535,106626.98747120051,116452.74777207771,129843.16486824295,117206.2931269032,117998.37695368113,121436.49932583535
2026-07-05 18:40:00+00:00,118885.47114837237,106817.60972128857,116771.34984398192,130150.2619213081,117622.83274679071,118290.8153362526,121784.42511565764
2026-07-05 18:45:00+00:00,119365.50015259514,107010.3548441536,117085.14221287933,130451.02870699164,118016.49393928809,118582.5589365241,122129.88950401719
2026-07-05 18:50:00+00:00,119826.69230670083,107208.08381278114,117394.93381883763,130745.77893432672,118381.04448156185,118874.56054650381,122475.44349265707
2026-07-05 18:55:00+00:00,120263.16020996663,107413.6576001567,117701.53360192444,131034.82631234657,118710.2521507784,119167.77295819993,122823.63808332024
2026-07-05 19:00:00+00:00,120669.01646166971,107629.93717926579,118005.75050220749,131318.48455008434,118997.88472410418,119463.14896362071,123177.02427774969
2026-07-05 19:05:00+00:00,121064.34402536327,107858.90449012606,118312.7898319469,131594.1983494358,119249.7403035066,119775.12517038002,123536.83797727636
2026-07-05 19:10:00+00:00,121469.01815720448,108098.74958904086,118625.22139114032,131860.24426519524,119478.42492759657,120111.8525530119,123901.11696577484
2026-07-05 19:15:00+00:00,121876.83989537651,108346.64562342419,118939.9008514617,132118.18378574328,119687.91827850584,120464.85545390472,124267.61506880361
2026-07-05 19:20:00+00:00,122281.61027806254,108599.76574069011,119253.683884585,132369.5783994607,119882.20003836615,120825.65821544695,124634.0861119212
2026-07-05 19:25:00+00:00,122677.13034344571,108855.28308825257,119563.42616218416,132615.9895947284,120065.24988930927,121185.78518002697,124998.28392068608
2026-07-05 19:30:00+00:00,123057.20112970924,109110.37081352563,119865.98335593312,132858.978859927,120241.04751346694,121536.76069003323,125357.96232065675
2026-07-05 19:35:00+00:00,123415.62367503623,109362.20206392328,120158.2111375058,133100.10768343735,120413.57259297089,121870.10908785411,125710.8751373917
2026-07-05 19:40:00+00:00,123746.19901760992,109607.94998685953,120436.9651785762,133340.93755364022,120586.80480995288,122177.35471587806,126054.77619644944
2026-07-05 19:45:00+00:00,124042.72819561341,109844.78772974841,120699.10115081824,133583.02995891636,120764.72384654467,122450.02191649348,126387.41932338844
2026-07-05 19:50:00+00:00,124299.01224722993,110069.88844000392,120941.47472590586,133827.94638764652,120951.309384878,122679.63503208877,126706.55834376722
2026-07-05 19:55:00+00:00,124508.85221064258,110280.4252650401,121160.94157551303,134077.24832821148,121150.5411070846,122857.71840505238,127009.94708314426
2026-07-05 20:00:00+00:00,124666.04912403459,110473.57135227093,121354.35737131367,134332.49726899207,121366.39869529624,122975.79637777273,127295.33936707805
2026-07-05 20:05:00+00:00,124793.13626462627,110658.61405129045,121532.88517653705,134612.90512562034,121617.96720323192,123056.40592080077,127578.51395212379
2026-07-05 20:10:00+00:00,124915.92187618889,110845.14374865982,121708.64973921134,134929.00849786948,121913.3333543053,123128.35037920153,127872.63547474262
2026-07-05 20:15:00+00:00,125033.119446732,111030.7881472438,121879.9492582089,135269.3559003317,122239.97933519009,123192.55365713443,128171.53658035185
2026-07-05 20:20:00+00:00,125143.44246426513,111213.17494990712,122045.08193240207,135622.4958475993,122585.38733255997,123249.93965875897,128469.04991436886
2026-07-05 20:25:00+00:00,125245.60441679784,111389.93185951452,122202.34596066322,135976.97685426442,122937.03953308871,123301.43228823457,128759.00812221103
2026-07-05 20:30:00+00:00,125338.31879233965,111558.68657893073,122350.03954186468,136321.34743491933,123282.41812345001,123347.95544972073,129035.24384929567
2026-07-05 20:35:00+00:00,125420.29907890013,111717.06681102053,122486.4608748788,136644.15610415637,123609.0052903176,123390.43304737686,129291.58974104017
2026-07-05 20:40:00+00:00,125490.25876448883,111862.7002586486,122609.90815857792,136933.95137656765,123904.28322036515,123429.78898536245,129521.87844286188
2026-07-05 20:45:00+00:00,125546.91133711526,111993.21462467972,122718.6795918344,137179.28176674552,124155.7341002664,123466.94716783694,129719.94260017818
2026-07-05 20:50:00+00:00,125588.970284789,112106.23761197863,122811.07337352059,137368.69578928218,124350.84011669508,123502.83149895979,129879.6148584064
2026-07-05 20:55:00+00:00,125615.14909551958,112199.39692341005,122885.38770250884,137490.74195876985,124477.0834563249,123538.36588289046,129994.7278629639
2026-07-05 21:00:00+00:00,125624.16125731653,112270.32026183873,122939.92077767149,137533.9687898008,124521.94630582957,123574.47422378839,130059.11425926807
2026-07-05 21:05:00+00:00,125620.37372156006,112328.58589078892,122983.20105744984,137529.27962927066,124513.99328684314,123612.16953809513,130094.92206717761
2026-07-05 21:10:00+00:00,125609.43693721991,112384.95125607264,123024.64646038097,137515.73728659516,124491.15682743605,123651.255651907,130128.32127508141
2026-07-05 21:15:00+00:00,125591.98963869012,112438.81283398623,123063.88937548084,137494.12947014658,124454.97082393654,123690.84268386578,130159.17748119199
2026-07-05 21:20:00+00:00,125568.67056036461,112489.56710082608,123100.56219176545,137465.2438882972,124406.96917267292,123730.04075261317,130187.3562837219
2026-07-05 21:25:00+00:00,125540.11843663738,112536.61053288858,123134.29729825082,137429.8682494194,124348.68576997342,123767.95997679088,130212.72328088369
2026-07-05 21:30:00+00:00,125506.9720019024,112579.33960647006,123164.72708395291,137388.7902618854,124281.65451216635,123803.71047504063,130235.14407088986
2026-07-05 21:35:00+00:00,125469.86999055363,112617.15079786691,123191.48393788772,137342.7976340676,124207.40929557997,123836.40236600416,130254.48425195298
2026-07-05 21:40:00+00:00,125429.45113698507,112649.4405833755,123214.20024907125,137292.6780743382,124127.48401654256,123865.14576832317,130270.60942228562
2026-07-05 21:45:00+00:00,125386.35417559066,112675.6054392922,123232.5084065195,137239.2192910696,124043.41257138237,123889.05080063944,130283.38518010027
2026-07-05 21:50:00+00:00,125341.21784076438,112695.0418419134,123246.04079924845,137183.20899263406,123956.72885642768,123907.2275815946,130292.6771236095
2026-07-05 21:55:00+00:00,125294.68086690022,112707.14626753544,123254.4298162741,137125.43488740388,123868.96676800678,123918.78622983045,130298.35085102584
2026-07-05 22:00:00+00:00,125247.38198839215,112711.3151924547,123257.30784661241,137066.68468375137,123781.66020244792,123922.83686398869,130300.27196056183
2026-07-05 22:05:00+00:00,125195.45600271331,112687.15670208666,123243.68275084074,137002.36953799907,123690.41647905149,123895.11598097836,130271.96381142846
2026-07-05 22:10:00+00:00,125134.72562856955,112618.00797723592,123204.46777513191,136927.42309411598,123589.74807711395,123816.56220338322,130191.06810814413
2026-07-05 22:15:00+00:00,125065.36148220401,112508.85913728249,123142.15338689511,136841.91679194395,123479.54663295769,123694.08883835717,130063.62796688247
2026-07-05 22:20:00+00:00,124987.53417985975,112364.7003016064,123059.23005353955,136745.9220713249,123359.70378290514,123534.60919305403,129895.68650381714
2026-07-05 22:25:00+00:00,124901.41433777988,112190.52158958768,122958.18824247444,136639.5103721007,123230.11116327866,123345.03657462767,129693.2868351218
2026-07-05 22:30:00+00:00,124807.17257220748,111991.31312060636,122841.51842110901,136522.7531341134,123090.6604104007,123132.28429023192,129462.47207697011
2026-07-05 22:35:00+00:00,124704.97949938563,111772.06501404244,122711.71105685245,136395.72179720478,122941.2431605936,122903.26564702067,129209.28534553573
2026-07-05 22:40:00+00:00,124595.00573555748,111537.767389276,122571.25661711398,136258.4878012168,122781.75105017981,122664.89395214773,128939.76975699227
2026-07-05 22:45:00+00:00,124477.42189696606,111293.41036568701,122422.64556930281,136111.12258599146,122612.07571548173,122424.08251276697,128659.96842751345
2026-07-05 22:50:00+00:00,124352.39859985448,111043.98406265554,122268.36838082816,135953.69759137058,122432.10879282175,122187.74463603225,128375.92447327285
2026-07-05 22:55:00+00:00,124220.10646046585,110794.4785995616,122110.91551909922,135786.2842571961,122241.74191852224,121962.79362909739,128093.68101044418
2026-07-05 23:00:00+00:00,124080.71609504323,110549.88409578521,121952.77745152522,135608.9540233099,122040.86672890565,121756.14279911628,127819.28115520108
2026-07-05 23:05:00+00:00,123920.70908945774,110282.261724844,121777.5570147358,135402.97381014886,121812.69005014037,121561.62436293901,127528.82703610952
2026-07-05 23:10:00+00:00,123728.84610852154,109966.54497842421,121569.6742345567,135152.65466019296,121543.94901024796,121367.6933053576,127198.92688651652
2026-07-05 23:15:00+00:00,123508.71638688934,109612.03245315874,121332.8453621914,134862.63419634884,121239.83069833039,121173.19708543862,126836.38297976728
2026-07-05 23:20:00+00:00,123263.90915921585,109228.02274568053,121070.78664884332,134537.5500415231,120905.52220348963,120976.98316224868,126447.99758920698
2026-07-05 23:25:00+00:00,122998.01366015579,108823.81445262251,120787.21434571591,134182.03981862238,120546.21061482775,120777.89899485439,126040.57298818087
2026-07-05 23:30:00+00:00,122714.61912436389,108408.70617061757,120485.84470401259,133800.7411505534,120167.08302144674,120574.79204232237,125620.91145003407
2026-07-05 23:35:00+00:00,122417.31478649483,107991.99649629867,120170.39397493683,133398.29166022266,119773.32651244859,120366.50976371921,125195.81524811184
2026-07-05 23:40:00+00:00,122109.68988120336,107582.98402629873,119844.57840969204,132979.32897053694,119370.12817693531,120151.89961811154,124772.08665575937
2026-07-05 23:45:00+00:00,121795.33364314416,107190.96735725066,119512.11425948166,132548.49070440273,118962.6751040089,119929.80906456592,124356.52794632183
2026-07-05 23:50:00+00:00,121477.83530697196,106825.24508578738,119176.71777550915,132110.4144847268,118556.15438277138,119699.08556214902,123955.94139314447
2026-07-05 23:55:00+00:00,121160.78410734147,106495.11580854178,118842.10520897793,131669.73793441564,118155.75310232473,119458.5765699274,123577.12926957244
2026-07-06 00:00:00+00:00,120847.7692789074,106209.87812214687,118511.99281109146,131231.09867637602,117766.65835177097,119207.12954696771,123226.89384895097
2026-07-06 00:05:00+00:00,120521.52789811806,105960.909169251,118168.88992092885,130762.63932170911,117369.76123796846,118937.83879426327,122900.97200819648
2026-07-06 00:10:00+00:00,120166.72728201334,105731.21844159681,117797.22131030055,130237.97962106786,116947.12346297412,118646.83837003475,122588.89286296416
2026-07-06 00:15:00+00:00,119789.85202613537,105517.55305945851,117403.57637950689,129669.97290668651,116505.6880086879,118337.53536918969,122288.14704470738
2026-07-06 00:20:00+00:00,119397.38672602632,105316.66014311035,116994.54452884827,129071.47251079926,116052.39785700965,118013.33688663568,121996.22518487959
2026-07-06 00:25:00+00:00,118995.81597722828,105125.28681282653,116576.71515862501,128455.33176564035,115594.19598983931,117677.65001728028,121710.6179149341
2026-07-06 00:30:00+00:00,118591.62437528346,104940.18018888129,116156.67766913754,127834.404003444,115138.02538907676,117333.88185603108,121428.81586632434
2026-07-06 00:35:00+00:00,118191.29651573393,104758.08739154885,115741.02146068616,127221.54255644444,114690.82903662194,116985.43949779558,121148.30967050367
2026-07-06 00:40:00+00:00,117801.31699412188,104575.75554110343,115336.33593357127,126629.60075687587,114259.54991437473,116635.73003748142,120866.5899589255
2026-07-06 00:45:00+00:00,117428.17040598941,104389.93175781927,114949.21048809323,126071.43193697256,113851.13100423504,116288.16056999612,120581.14736304317
2026-07-06 00:50:00+00:00,117078.3413468787,104197.36316197058,114586.2345245524,125559.88942896867,113472.51528810276,115946.13819024731,120289.47251431011
2026-07-06 00:55:00+00:00,116758.31441233186,103994.79687383158,114253.99744324914,125107.82656509847,113130.6457478778,115613.06999314246,119989.05604417967
2026-07-06 01:00:00+00:00,116474.57419789105,103778.98001367653,113959.08864448383,124728.09667759616,112832.46536546007,115292.36307358921,119677.38858410524
2026-07-06 01:05:00+00:00,116226.82265118868,103558.1920658964,113701.35471623864,124410.0575491301,112574.99353090754,114984.47533829825,119353.26924854291
2026-07-06 01:10:00+00:00,116006.46773765249,103341.10390916167,113472.12176486099,124129.57262508884,112346.67998822633,114685.95188346929,119018.56074661431
2026-07-06 01:15:00+00:00,115807.55307951766,103125.04975516594,113265.19846819894,123879.25373178691,112141.61325023846,114394.33058824329,118675.34910177108
2026-07-06 01:20:00+00:00,115624.12229901936,102907.36381560264,113074.39350410065,123651.71269553887,111953.88182976606,114107.14933176128,118325.72033746481
2026-07-06 01:25:00+00:00,115450.21901839272,102685.38030216536,112893.51555041427,123439.56134265919,111777.5742396312,113821.94599316419,117971.76047714717
2026-07-06 01:30:00+00:00,115279.88685987292,102456.43342654756,112716.37328498789,123235.41149946245,111606.77899265596,113536.2584515931,117615.5555442698
2026-07-06 01:35:00+00:00,115107.16944569511,102217.8574004428,112536.77538566964,123031.87499226318,111435.58460166244,113247.62458618892,117259.19156228435
2026-07-06 01:40:00+00:00,114926.11039809445,101966.98643554453,112348.53053030767,122821.5636473759,111258.07957947267,112953.58227609267,116904.75455464244
2026-07-06 01:45:00+00:00,114730.75333930609,101701.15474354634,112145.44739675008,122597.08929111512,111068.35243890881,112651.66940044536,116554.33054479571
2026-07-06 01:50:00+00:00,114515.14189156522,101417.6965361417,111921.334662845,122351.0637497954,110860.4916927929,112339.42383838797,116210.00555619581
2026-07-06 01:55:00+00:00,114273.31967710695,101113.94602502414,111670.00100644057,122076.0988497313,110628.58585394702,112014.38346906149,115873.86561229438
2026-07-06 02:00:00+00:00,113999.33031816648,100787.23742188717,111385.2551053849,121764.80641723728,110366.72343519324,111674.0861716069,115547.99673654305
2026-07-06 02:05:00+00:00,113665.44777793923,100407.57638305843,111033.17220481095,121377.92299736754,110060.99667157268,111306.92460709724,115234.9840002522
2026-07-06 02:10:00+00:00,113256.82399354204,99955.72293904172,110595.08893064006,120895.82039945012,109706.53769237944,110907.66675997437,114934.10135799687
2026-07-06 02:15:00+00:00,112786.81954809208,99445.14286279485,110087.70603190297,120340.56334621046,109310.99485181514,110483.41349443253,114642.46815812569
2026-07-06 02:20:00+00:00,112268.79502470657,98889.30192727562,109527.7242576304,119734.21656037394,108882.01650408137,110041.26567466607,114357.20374898729
2026-07-06 02:25:00+00:00,111716.11100650273,98301.66590544184,108931.84435685306,119098.844764666,108427.25100337979,109588.32416486918,114075.4274789303
2026-07-06 02:30:00+00:00,111142.12807659771,97695.7005702513,108316.76707860167,118456.51268181203,107954.34670391196,109131.68982923619,113794.25869630334
2026-07-06 02:35:00+00:00,110560.20681810875,97084.8716946618,107699.193171907,117829.28503453748,107470.95195987953,108678.46353196133,113510.81674945506
2026-07-06 02:40:00+00:00,109983.70781415305,96482.64505163112,107095.82338579971,117239.2265455677,106984.71512548409,108235.74613723888,113222.22098673409
2026-07-06 02:45:00+00:00,109425.99164784783,95902.48641411708,106523.35846931058,116708.40193762816,106503.28455492728,107810.63850926317,112925.59075648901
2026-07-06 02:50:00+00:00,108900.41890231024,95357.8615550775,105998.49917147032,116258.87593344426,106034.30860241067,107410.24151222839,112618.04540706851
2026-07-06 02:55:00+00:00,108420.3501606575,94862.23624747014,105537.94624130962,115912.7132557414,105585.43562213593,107041.65601032888,112296.70428682119
2026-07-06 03:00:00+00:00,107999.14600600685,94429.07626425283,105158.40042785925,115691.978627245,105164.31396830465,106711.98286775887,111958.68674409568
2026-07-06 03:05:00+00:00,107628.76670824405,94046.02035249365,104846.89756312055,115556.439195605,104771.20876968154,106421.79831638595,111607.77962187238
2026-07-06 03:10:00+00:00,107288.26462008353,93688.90790048365,104574.01007114339,115447.53539830206,104397.83608142055,106162.4194295949,111248.97391578702
2026-07-06 03:15:00+00:00,106971.63844888541,93353.50564301497,104331.74358903115,115359.84189280776,104039.02064730716,105927.05833385569,110881.19520317107
2026-07-06 03:20:00+00:00,106672.8869020098,93035.58031487981,104112.10375388726,115287.93333659363,103689.58721112677,105708.92715563833,110503.3690613561
2026-07-06 03:25:00+00:00,106386.00868681684,92730.89865087032,103907.09620281514,115226.38438713121,103344.36051666488,105501.23802141284,110114.42106767363
2026-07-06 03:30:00+00:00,106105.00251066661,92435.22738577868,103708.72657291823,115169.76970189204,102998.1653077069,105297.2030576492,109713.27679945524
2026-07-06 03:35:00+00:00,105823.86708091924,92144.33325439705,103509.00050129986,115112.66393834769,102645.82632803831,105090.03439081741,109298.86183403245
2026-07-06 03:40:00+00:00,105536.60110493487,91853.98299151762,103299.92362506353,115049.64175396967,102282.16832144455,104872.94414738753,108870.10174873678
2026-07-06 03:45:00+00:00,105237.20329007361,91559.94333193255,103073.50158131264,114975.27780622954,101902.01603171107,104639.1444538295,108425.9221208998
2026-07-06 03:50:00+00:00,104919.67234369557,91257.981010434,102821.74000715057,114884.14675259883,101500.19420262332,104381.84743661337,107965.24852785304
2026-07-06 03:55:00+00:00,104578.00697316088,90943.86276181416,102536.64453968077,114770.82325054912,101071.52757796671,104094.26522220913,107487.00654692802
2026-07-06 04:00:00+00:00,104206.20588582962,90613.3553208652,102210.22081600662,114629.88195755192,100610.84090152678,103769.60993708677,106990.12175545632
2026-07-06 04:05:00+00:00,103797.77368020348,90261.21050091882,101809.17194610155,114379.73609280378,100090.32815710675,103382.63785296753,106448.77942892163
2026-07-06 04:10:00+00:00,103353.80384920267,89888.60626862507,101316.39480332306,113960.66618633697,99495.82408879258,102920.48680852522,105846.11071944342
2026-07-06 04:15:00+00:00,102879.6784418151,89500.9485887536,100748.18566985092,113400.04786187662,98842.61458079379,102394.94128065884,105194.46001930695
2026-07-06 04:20:00+00:00,102380.77950702872,89103.64342607414,100120.84082786478,112725.25674314781,98145.98551731977,101817.78574626734,104506.17172079739
2026-07-06 04:25:00+00:00,101862.48909383148,88702.0967453563,99450.65655954437,111963.66845387565,97421.22278258004,101200.80468224965,103793.59021619998
2026-07-06 04:30:00+00:00,101330.18925121131,88301.71451136982,98753.92914706936,111142.65861778524,96683.61226078405,100555.78256550478,103069.05989779993
2026-07-06 04:35:00+00:00,100789.26202815614,87907.90268888434,98046.95487261949,110289.60285860172,95948.4398361413,99894.50387293166,102344.92515788246
2026-07-06 04:40:00+00:00,100245.08947365395,87526.06724266952,97346.0300183744,109431.87680005017,95230.99139286121,99228.75308142927,101633.53038873276
2026-07-06 04:45:00+00:00,99703.05363669264,87161.6141374951,96667.45086651383,108596.85606585573,94546.55281515328,98570.31466789654,100947.21998263607
2026-07-06 04:50:00+00:00,99168.53656626018,86819.9493381307,96027.51369921748,107811.91627974348,93910.40998722696,97930.97310923244,100298.33833187759
2026-07-06 04:55:00+00:00,98646.92031134447,86506.478809346,95442.51479866503,107104.43306543853,93337.84879329173,97322.51288233593,99699.22982874257
2026-07-06 05:00:00+00:00,98143.5869209335,86226.6085159107,94928.75044703619,106501.78204666599,92844.15511755705,96756.71846410597,99162.23886551615
2026-07-06 05:05:00+00:00,97639.25253623919,85973.27623122724,94459.94627288377,105962.74098344897,92403.1867591809,96201.17430407646,98666.88111586563
2026-07-06 05:10:00+00:00,97115.75505585673,85734.68735498184,94000.13394775713,105429.83068630678,91978.81968831351,95622.21084479221,98184.94446938169
2026-07-06 05:15:00+00:00,96580.159164849,85509.14929136989,93551.06881833092,104906.04135470878,91571.3670456528,95029.73155266869,97717.18164223483
2026-07-06 05:20:00+00:00,96039.52954827882,85294.96944458675,93114.5062312797,104394.36318812441,91181.14197189665,94433.63989412133,97264.34535059544
2026-07-06 05:25:00+00:00,95500.93089120903,85090.45521882777,92692.20153327803,103897.78638602309,90808.45760774297,93843.83933556559,96827.18831063398
2026-07-06 05:30:00+00:00,94971.42787870248,84893.9140182883,92285.91007100053,103419.30114787418,90453.62709388963,93270.23334341687,96406.46323852088
2026-07-06 05:35:00+00:00,94458.08519582204,84703.65324716375,91897.38719112179,102961.89767314712,90116.96357103452,92722.72538409065,96002.92285042658
2026-07-06 05:40:00+00:00,93967.96752763054,84517.98030964946,91528.38824031639,102528.56616131132,89798.78017987557,92211.21892400234,95617.31986252152
2026-07-06 05:45:00+00:00,93508.1395591908,84335.20260994078,91180.66856525891,102122.29681183613,89499.39006111065,91745.6174295674,95250.40699097615
2026-07-06 05:50:00+00:00,93085.66597556567,84153.62755223308,90855.98351262395,101746.07982419102,89219.10635543765,91335.82436720126,94902.93695196089
2026-07-06 05:55:00+00:00,92707.61146181801,83971.56254072173,90556.0884290861,101402.90539784536,88958.24220355446,90991.74320331938,94575.66246164618
2026-07-06 06:00:00+00:00,92381.04070301067,83787.3149796021,90282.73866131993,101095.76373226856,88717.11074615899,90723.27740433716,94269.3362362025
2026-07-06 06:05:00+00:00,92090.75844522915,83603.12890750168,90030.43028573082,100818.39968312239,88495.0939280134,90504.11863863879,93977.95773654486
2026-07-06 06:10:00+00:00,91816.36404344492,83422.19592924003,89791.8269604979,100560.96348234794,88289.76945908995,90300.81350071216,93695.42128165448
2026-07-06 06:15:00+00:00,91557.11409604976,83244.24479830061,89565.9354049564,100321.05339383362,88098.74412790155,90112.54784612825,93422.32187480097
2026-07-06 06:20:00+00:00,91312.2652014355,83069.00426816684,89351.76233844149,100096.26768146781,87919.62472296115,89938.50753045804,93159.25451925395
2026-07-06 06:25:00+00:00,91081.0739579939,82896.20309232216,89148.31448028842,99884.2046091389,87750.01803278174,89777.87840927258,92906.81421828305
2026-07-06 06:30:00+00:00,90862.79696411673,82725.57002425006,88954.59854983242,99682.46244073535,87587.53084587622,89629.84633814282,92665.59597515789
2026-07-06 06:35:00+00:00,90656.69081819581,82556.83381743396,88769.62126640866,99488.6394401455,87429.7699507576,89493.59717263977,92436.1947931481
2026-07-06 06:40:00+00:00,90462.01211862292,82389.72322535732,88592.38934935245,99300.33387125775,87274.34213593879,89368.31676833445,92219.20567552325
2026-07-06 06:45:00+00:00,90278.01746378986,82223.96700150355,88421.90951799894,99115.14399796053,87118.85418993274,89253.19098079785,92015.22362555304
2026-07-06 06:50:00+00:00,90103.96345208843,82059.29389935613,88257.18849168337,98930.66808414223,86960.9129012524,89147.40566560095,91824.84364650706
2026-07-06 06:55:00+00:00,89939.10668191039,81895.43267239849,88097.23298974095,98744.50439369124,86798.12505841075,89050.14667831478,91648.66074165492
2026-07-06 07:00:00+00:00,89782.70375164755,81732.11207411409,87941.04973150692,98554.25119049597,86628.09744992071,88960.59987451031,91487.26991426626
2026-07-06 07:05:00+00:00,89628.77911283023,81558.25409944539,87784.9717483041,98350.09997198958,86440.24100459444,88877.68204723578,91337.88823527686
2026-07-06 07:10:00+00:00,89473.45366025718,81367.08270478334,87627.32698802881,98128.3371465807,86230.42795334202,88800.50945174132,91196.90446262446
2026-07-06 07:15:00+00:00,89319.12865722283,81164.7795857842,87470.11454487655,97895.70334462107,86005.95703782327,88728.56713690086,91063.6711300816
2026-07-06 07:20:00+00:00,89168.20536702163,80957.52643810416,87315.33351304277,97658.93919646235,85774.12699969807,88661.34015158836,90937.5407714208
2026-07-06 07:25:00+00:00,89023.08505294801,80751.50495739948,87164.98298672296,97424.7853324562,85542.23658062622,88598.31354467769,90817.86592041461
2026-07-06 07:30:00+00:00,88886.16897829642,80552.89683932633,87021.06206011256,97199.98238295432,85317.58452226759,88538.97236504278,90703.99911083556
2026-07-06 07:35:00+00:00,88759.85840636131,80367.88377954096,86885.56982740706,96991.27097830837,85107.469566282,88482.80166155755,90595.2928764562
2026-07-06 07:40:00+00:00,88646.55460043708,80202.64747369959,86760.50538280197,96805.39174887004,84919.19045432929,88429.28648309593,90491.09975104904
2026-07-06 07:45:00+00:00,88548.65882381822,80063.36961745842,86647.86782049271,96649.08532499103,84760.04592806932,88377.91187853183,90390.77226838662
2026-07-06 07:50:00+00:00,88468.57233979912,79956.2319064737,86549.65623467478,96529.09233702297,84637.3347291619,88328.16289673919,90293.66296224149
2026-07-06 07:55:00+00:00,88408.69641167425,79887.41603640163,86467.86971954368,96452.15341531759,84558.35559926693,88279.52458659191,90199.12436638617
2026-07-06 08:00:00+00:00,88371.43230273805,79863.10370289846,86404.50736929482,96425.00919022653,84530.40728004418,88231.4819969639,90106.5090145932
2026-07-06 08:05:00+00:00,88346.96705222451,79864.58020197453,86351.58517841657,96425.36235879651,84530.41291367955,88181.8795094028,90011.26057411962
2026-07-06 08:10:00+00:00,88323.97055435489,79868.92856058375,86300.17859634863,96426.41370308836,84530.42981322586,88129.771305887,89910.95007087506
2026-07-06 08:15:00+00:00,88302.56835490445,79876.02707079756,86250.87589971353,96428.15098097494,84530.45797664333,88076.45713593645,89808.12107661102
2026-07-06 08:20:00+00:00,88282.88599964848,79885.75402468746,86204.2653651338,96430.56195032914,84530.49740189225,88023.23674907119,89705.31716307897
2026-07-06 08:25:00+00:00,88265.0490343623,79897.98771432489,86160.93526923201,96433.63436902381,84530.54808693287,87971.40989481121,89605.08190203045
2026-07-06 08:30:00+00:00,88249.18300482111,79912.60643178131,86121.47388863066,96437.35599493183,84530.61002972543,87922.27632267654,89509.95886521689
2026-07-06 08:35:00+00:00,88235.41345680023,79929.48846912822,86086.46949995229,96441.71458592608,84530.68322823023,87877.13578218718,89422.49162438979
2026-07-06 08:40:00+00:00,88223.86593607497,79948.51211843708,86056.51037981948,96446.69789987941,84530.76768040749,87837.28802286314,89345.22375130065
2026-07-06 08:45:00+00:00,88214.66598842056,79969.55567177935,86032.18480485471,96452.29369466468,84530.86338421747,87804.03279422442,89280.69881770095
2026-07-06 08:50:00+00:00,88207.9391596123,79992.4974212265,86014.08105168055,96458.48972815477,84530.97033762046,87778.66984579105,89231.46039534218
2026-07-06 08:55:00+00:00,88203.81099542548,80017.21565885,86002.78739691952,96465.27375822257,84531.08853857667,87762.49892708301,89200.05205597584
2026-07-06 09:00:00+00:00,88202.40704163536,80043.58867672131,85998.89211719416,96472.63354274092,84531.21798504642,87756.81978762033,89189.01737135339
2026-07-06 09:05:00+00:00,88215.02097308193,80086.800262163,86005.68182293797,96493.35365568097,84560.7727736254,87757.60104511896,89222.15054947899
2026-07-06 09:10:00+00:00,88251.26199707198,80159.69314109956,86025.43756304034,96538.36879705601,84644.113359528,87759.93424197656,89316.21598556239
2026-07-06 09:15:00+00:00,88308.72895808093,80258.63401350533,86057.23927180766,96604.8919138022,84773.65927864236,87763.8035147357,89463.2125321636
2026-07-06 09:20:00+00:00,88385.02070058422,80379.98957935469,86100.16688354634,96690.13595285562,84941.83006685665,87769.19299993897,89655.13904184259
2026-07-06 09:25:00+00:00,88477.73606905733,80520.12653862199,86153.30033256274,96791.31386115242,85141.04526005905,87776.0868341289,89883.9943671593
2026-07-06 09:30:00+00:00,88584.47390797568,80675.41159128159,86215.7195531633,96905.63858562871,85363.72439413772,87784.46915384813,90141.77736067375
2026-07-06 09:35:00+00:00,88702.83306181472,80842.21143730785,86286.50447965438,97030.32307322064,85602.28700498081,87794.32409563917,90420.48687494585
2026-07-06 09:40:00+00:00,88830.4123750499,81016.89277667513,86364.7350463424,97162.58027086435,85849.15262847648,87805.63579604462,90712.12176253564
2026-07-06 09:45:00+00:00,88964.81069215665,81195.82230935778,86449.49118753374,97299.6231254959,86096.74080051293,87818.38839160705,91008.68087600304
2026-07-06 09:50:00+00:00,89103.62685761045,81375.36673533017,86539.85283753481,97438.66458405147,86337.4710569783,87832.56601886904,91302.16306790804
2026-07-06 09:55:00+00:00,89244.45971588673,81551.89275456665,86634.899930652,97576.91759346715,86563.76293376075,87848.15281437316,91584.5671908106
2026-07-06 10:00:00+00:00,89384.90811146093,81721.76706704158,86733.71240119169,97711.5951006791,86768.03596674844,87865.13291466197,91847.89209727071
2026-07-06 10:05:00+00:00,89535.69536226659,81888.6419232599,86858.3969081806,97846.49929734875,86955.98510931266,87947.09932187764,92102.16965790358
2026-07-06 10:10:00+00:00,89708.02531138128,82059.14939818317,87028.23255157034,97987.7606122791,87139.51027628478,88146.43562299151,92362.78782079779
2026-07-06 10:15:00+00:00,89900.21759099649,82234.12592847079,87238.0579270547,98136.08434811854,87320.33844574298,88446.31183178998,92629.77955472338
2026-07-06 10:20:00+00:00,90110.59183330373,82414.4079507821,87482.71163032753,98292.17580751551,87500.1965957655,88829.8979620594,92903.17782845044
2026-07-06 10:25:00+00:00,90337.46767049455,82600.83190177646,87757.03225708261,98456.74029311843,87680.81170443057,89280.36402758613,93183.01561074897
2026-07-06 10:30:00+00:00,90579.1647347604,82794.23421811323,88055.85840301374,98630.48310757574,87863.91074981644,89780.88004215654,93469.32587038906
2026-07-06 10:35:00+00:00,90834.00265829281,82995.45133645176,88374.02866381475,98814.1095535358,88051.22071000132,90314.616019557,93762.14157614074
2026-07-06 10:40:00+00:00,91100.30107328326,83205.31969345143,88706.38163517944,99008.32493364712,88244.46856306345,90864.74197357387,94061.49569677406
2026-07-06 10:45:00+00:00,91376.3796119233,83424.67572577158,89047.75591280159,99213.83455055804,88445.38128708107,91414.42791799354,94367.42120105904
2026-07-06 10:50:00+00:00,91660.55790640441,83654.3558700716,89392.99009237502,99431.343706917,88655.68586013239,91946.84386660237,94679.95105776576
2026-07-06 10:55:00+00:00,91951.15558891809,83895.1965630108,89736.92276959354,99661.55770537246,88877.10926029566,92445.15983318673,94999.11823566431
2026-07-06 11:00:00+00:00,92246.49229165587,84148.03424124859,90074.39254015095,99905.18184857279,89111.37846564912,92892.54583153297,95324.95570352465
2026-07-06 11:05:00+00:00,92559.80737190435,84424.36329681115,90421.93539062711,100181.99708776182,89364.53314813403,93312.89749323556,95662.76774245875
2026-07-06 11:10:00+00:00,92902.51979663032,84731.93788776058,90796.49661871733,100506.24128226994,89639.39137634494,93739.78211623181,96016.27021639507
2026-07-06 11:15:00+00:00,93270.21861254553,85065.98409981,91193.5287867886,100870.30509687561,89932.84772333996,94170.87721382231,96383.11346832845
2026-07-06 11:20:00+00:00,93658.49286636172,85421.72801867261,91608.48445720795,101266.57919635714,90241.79676217724,94603.8602993077,96760.94784125377
2026-07-06 11:25:00+00:00,94062.93160479063,85794.39573006156,92036.81619234233,101687.45424549296,90563.1330659149,95036.40888598858,97147.42367816588
2026-07-06 11:30:00+00:00,94479.12387454402,86179.21331969004,92473.97655455877,102125.3209090614,90893.75120761106,95466.20048716558,97540.19132205965
2026-07-06 11:35:00+00:00,94902.65872233362,86571.40687327117,92915.41810622427,102572.56985184089,91230.54576032385,95890.9126161393,97936.90111592997
2026-07-06 11:40:00+00:00,95329.12519487119,86966.20247651813,93356.5934097058,103021.5917386098,91570.41129711136,96308.22278621038,98335.20340277164
2026-07-06 11:45:00+00:00,95754.11233886845,87358.8262151441,93792.95502737041,103464.77723414646,91910.24239103176,96715.80851067942,98732.74852557959
2026-07-06 11:50:00+00:00,96173.20920103717,87744.50417486226,94219.95552158504,103894.51700322934,92246.93361514315,97111.34730284705,99127.18682734863
2026-07-06 11:55:00+00:00,96582.00482808908,88118.46244138574,94633.04745471671,104303.20171063674,92577.37954250365,97492.51667601387,99516.16865107365
2026-07-06 12:00:00+00:00,96976.08826673594,88475.9271004277,95027.68338913243,104683.2220211471,92898.47474617141,97856.9941434805,99897.34433974953
2026-07-06 12:05:00+00:00,97362.38788531566,88827.79961784363,95408.50603833536,105037.77330991317,93211.7525619683,98201.99495359205,100276.79117975518
2026-07-06 12:10:00+00:00,97750.13644221419,89186.2527372092,95783.5451668669,105377.36165619626,93521.57649573186,98528.71769218355,100660.94304139998
2026-07-06 12:15:00+00:00,98138.3795692152,89548.41946081781,96153.33391365147,105705.34378093758,93829.08637554369,98840.81487879028,101047.98514357432
2026-07-06 12:20:00+00:00,98526.16289810244,89911.43279096289,96518.40541761345,106025.07640507832,94135.42202948539,99141.93903294766,101436.10270516871
2026-07-06 12:25:00+00:00,98912.53206065956,90272.42572993788,96879.29281767725,106339.91624955967,94441.72328563855,99435.74267419105,101823.48094507358
2026-07-06 12:30:00+00:00,99296.5326886703,90628.53128003622,97236.5292527673,106653.22003532287,94749.1299720848,99725.87832205584,102208.3050821794
2026-07-06 12:35:00+00:00,99677.21041391835,90976.88244355128,97590.64786180797,106968.34448330905,95058.78191690572,100015.99849607737,102588.76033537657
2026-07-06 12:40:00+00:00,100053.61086818742,91314.61222277654,97942.18178372366,107288.64631445945,95371.81894818293,100309.75571579102,102963.0319235556
2026-07-06 12:45:00+00:00,100424.77968326124,91638.8536200054,98291.66415743879,107617.48224971526,95689.38089399801,100610.80250073218,103329.3050656069
2026-07-06 12:50:00+00:00,100789.76249092349,91946.73963753131,98639.62812187774,107958.20901001769,96012.60758243255,100922.79137043619,103685.76498042094
2026-07-06 12:55:00+00:00,101147.6049229579,92235.40327764765,98986.60681596494,108314.18331630791,96342.63884156819,101249.37484443845,104030.59688688816
2026-07-06 13:00:00+00:00,101497.35261114816,92501.9775426479,99333.13337862476,108688.76188952714,96680.61449948652,101594.20544227431,104361.98600389902
2026-07-06 13:05:00+00:00,101835.68114323684,92743.50991508143,99674.39167477492,109085.85828186755,97026.20920034786,101961.68314035216,104678.45018511052
2026-07-06 13:10:00+00:00,102161.66241896767,92962.20237061635,100006.76003050085,109504.86336989098,97378.12754769916,102351.05644723041,104981.35831115817
2026-07-06 13:15:00+00:00,102477.9365381261,93162.91965122396,100332.56327647851,109942.34986109323,97736.05430870198,102758.25068066952,105273.17214140014
2026-07-06 13:20:00+00:00,102787.14360049758,93350.52649887564,100654.12624338384,110394.89046297003,98099.67425051772,103179.19115842992,105556.35343519463
2026-07-06 13:25:00+00:00,103091.92370586756,93529.8876555428,100973.7737618928,110859.05788301714,98468.67214030797,103609.80319827207,105833.36395189984
2026-07-06 13:30:00+00:00,103394.91695402151,93705.86786319682,101293.83066268133,111331.42482873033,98842.73274523423,104046.01211795643,106106.66545087396
2026-07-06 13:35:00+00:00,103698.76344474484,93883.33186380901,101616.62177642543,111808.56400760534,99221.54083245799,104483.74323524337,106378.71969147517
2026-07-06 13:40:00+00:00,104006.10327782304,94067.1443993508,101944.471933801,112287.04812713792,99604.78116914076,104918.92186789343,106651.98843306163
2026-07-06 13:45:00+00:00,104319.57655304151,94262.17021179355,102279.70596548404,112763.44989482386,99992.13852244405,105347.47333366696,106928.9334349916
2026-07-06 13:50:00+00:00,104641.82337018577,94473.27404310861,102624.6487021505,113234.34201815887,100383.29765952936,105765.32295032448,107212.01645662323
2026-07-06 13:55:00+00:00,104975.48382904119,94705.32063526739,102981.62497447633,113696.29720463874,100777.94334755822,106168.39603562641,107503.6992573147
2026-07-06 14:00:00+00:00,105323.19802939329,94963.17473024121,103352.95961313747,114145.88816175921,101175.76035369211,106552.61790733319,107806.44359642423
2026-07-06 14:05:00+00:00,105683.03281551087,95253.80515321494,103741.25875600382,114582.30307645787,101575.3267692628,106918.2241716407,108113.32073395138
2026-07-06 14:10:00+00:00,106051.16892505641,95578.33016064773,104146.05390659724,115008.78445255429,101976.18732711575,107270.02141650021,108417.34719603196
2026-07-06 14:15:00+00:00,106427.41729790578,95932.83864142261,104565.05794407178,115427.98647286711,102379.47675668293,107610.79143230515,108720.90264122857
2026-07-06 14:20:00+00:00,106811.58887393479,96313.41948442251,104995.98374758144,115842.56332021505,102786.32978739639,107943.31600944902,109026.36672810379
2026-07-06 14:25:00+00:00,107203.49459301935,96716.16157853037,105436.54419628024,116255.16917741677,103197.8811486881,108270.37693832528,109336.1191152202
2026-07-06 14:30:00+00:00,107602.94539503532,97137.15381262923,105884.45216932219,116668.45822729095,103615.26556999011,108594.7560093274,109652.53946114036
2026-07-06 14:35:00+00:00,108009.75221985858,97572.48507560202,106337.42054586129,117085.08465265631,104039.61778073439,108919.23501284883,109978.00742442688
2026-07-06 14:40:00+00:00,108423.72600736495,98018.24425633164,106793.16220505157,117507.70263633148,104472.07251035298,109246.59573928305,110314.90266364231
2026-07-06 14:45:00+00:00,108844.6776974303,98470.52024370118,107249.39002604704,117938.96636113516,104913.76448827791,109579.61997902354,110665.60483734925
2026-07-06 14:50:00+00:00,109272.41822993054,98925.40192659352,107703.81688800167,118381.53000988606,105365.82844394112,109921.08952246376,111032.49360411028
2026-07-06 14:55:00+00:00,109706.75854474147,99378.97819389164,108154.15567006954,118838.04776540284,105829.3991067747,110273.7861599972,111417.94862248798
2026-07-06 15:00:00+00:00,110147.50958173901,99827.33793447852,108598.11925140463,119311.17381050417,106305.61120621061,110640.49168201727,111824.34955104491
2026-07-06 15:05:00+00:00,110599.10893965478,100283.00876423714,109035.95637395112,119799.11910900015,106803.92347818888,111022.17011343518,112271.14689605129
2026-07-06 15:10:00+00:00,111064.88176017792,100758.48246595393,109470.32155667098,120298.28051678743,107329.61759564464,111416.62844227375,112769.77285543048
2026-07-06 15:15:00+00:00,111542.9702976205,101249.794178867,109902.53634424481,120808.59105481459,107877.56269350262,111821.91290359393,113310.57962522493
2026-07-06 15:20:00+00:00,112031.51680629468,101752.9790422145,110333.92228135325,121329.9837440302,108442.62790668756,112236.06973245664,113883.91940147705
2026-07-06 15:25:00+00:00,112528.6635405125,102264.07219523452,110765.80091267693,121862.39160538287,109019.68237012412,112657.14516392286,114480.14438022925
2026-07-06 15:30:00+00:00,113032.55275458607,102779.10877716522,111199.49378289645,122405.74765982112,109603.59521873707,113083.18543305351,115089.60675752397
2026-07-06 15:35:00+00:00,113541.32670282749,103294.12392724471,111636.32243669246,122959.98492829358,110189.23558745114,113512.23677490959,115702.6587294036
2026-07-06 15:40:00+00:00,114053.12763954881,103805.15278471111,112077.60841874556,123525.03643174877,110771.47261119101,113942.34542455198,116309.65249191059
2026-07-06 15:45:00+00:00,114566.09781906218,104308.23048880257,112524.6732737364,124100.83519113532,111345.17542488141,114371.55761704168,116900.94024108733
2026-07-06 15:50:00+00:00,115078.37949567968,104799.3921787572,112978.83854634559,124687.31422740177,111905.21316344704,114797.91958743961,117466.87417297624
2026-07-06 15:55:00+00:00,115588.11492371338,105274.6729938131,113441.42578125375,125284.40656149671,112446.45496181266,115219.47757080672,117997.80648361976
2026-07-06 16:00:00+00:00,116093.4463574754,105730.10807320845,113913.75652314152,125892.04521436873,112963.76995490296,115634.27780220399,118484.08936906028
2026-07-06 16:05:00+00:00,116603.62656685375,106166.04123402634,114403.7113956271,126531.3446577842,113459.03943883792,116041.19025514263,118928.49174766387
2026-07-06 16:10:00+00:00,117126.57641615214,106587.27219659663,114915.04211108471,127216.33520229027,113939.32011108052,116441.63136139115,119344.12955033679
2026-07-06 16:15:00+00:00,117658.44030130604,106996.51995502748,115442.87684732887,127936.32362700676,114407.24420857007,116837.46704339642,119736.87549193193
2026-07-06 16:20:00+00:00,118195.36261825099,107396.50350342713,115982.34378217417,128680.61671105342,114865.44396824585,117230.56322360522,120112.60228730208
2026-07-06 16:25:00+00:00,118733.4877629226,107789.94183590372,116528.57109343515,129438.52123355001,115316.55162704717,117622.78582446442,120477.18265130016
2026-07-06 16:30:00+00:00,119268.96013125632,108179.55394656549,117076.68695892642,130199.34397361634,115763.1994219133,118016.00076842085,120836.48929877894
2026-07-06 16:35:00+00:00,119797.92411918772,108568.05882952058,117621.81955646252,130952.39171037216,116208.01958978355,118412.07397792135,121196.39494459129
2026-07-06 16:40:00+00:00,120316.52412265236,108958.17547887724,118159.09706385802,131686.9712229372,116653.6443675972,118812.87137541271,121562.77230359004
2026-07-06 16:45:00+00:00,120820.90453758575,109352.62288874362,118683.6476589275,132392.3892904313,117102.70599229354,119220.25888334184,121941.49409062805
2026-07-06 16:50:00+00:00,121307.20975992344,109754.12005322792,119190.5995194855,133057.9526919742,117557.83670081187,119636.10242415551,122338.43302055818
2026-07-06 16:55:00+00:00,121771.58418560095,110165.38596643833,119675.08082334661,133672.96820668568,118021.66873009146,120062.26792030061,122759.46180823325
2026-07-06 17:00:00+00:00,122210.17221055382,110589.13962248305,120132.21974832541,134226.7426136855,118496.83431707164,120500.62129422392,123210.45316850606
2026-07-06 17:05:00+00:00,122627.9521968334,111033.13123346234,120566.81230967943,134735.6587020177,118993.12869812765,120967.17565767007,123707.64875668098
2026-07-06 17:10:00+00:00,123033.03969024484,111499.43456687588,120987.81961203832,135223.94101457827,119513.97218359704,121470.34452393299,124256.01722080659
2026-07-06 17:15:00+00:00,123426.28486235454,111982.25394993108,121396.61746727493,135692.65896126477,120052.43462136255,122000.59441778349,124844.52176485228
2026-07-06 17:20:00+00:00,123808.53788472876,112475.79370983533,121794.58168726203,136142.88195197476,120601.58585930688,122548.39186399242,125462.12559278747
2026-07-06 17:25:00+00:00,124180.6489289339,112974.25817379598,122183.08808387238,136575.67939660582,121154.49574531282,123104.20338733062,126097.7919085815
2026-07-06 17:30:00+00:00,124543.46816653623,113471.85166902046,122563.5124689788,136992.12070505554,121704.23412726301,123658.49551256896,126740.48391620374
2026-07-06 17:35:00+00:00,124897.84576910209,113962.7785227161,122937.2306544541,137393.27528722148,122243.87085304025,124201.73476447823,127379.16481962358
2026-07-06 17:40:00+00:00,125244.63190819784,114441.2430620903,123305.61845217101,137780.2125530012,122766.47577052725,124724.38766782929,128002.7978228104
2026-07-06 17:45:00+00:00,125584.67675538981,114901.44961435048,123670.05167400234,138154.00191229235,123265.1187276067,125216.92074739299,128600.34612973359
2026-07-06 17:50:00+00:00,125918.83048224427,115337.60250670399,124031.90613182088,138515.71277499245,123732.86957216139,125669.80052794014,129160.77294436248
2026-07-06 17:55:00+00:00,126247.94326032764,115743.90606635822,124392.55763749943,138866.41455099906,124162.798152074,126073.4935342416,129673.0414706665
2026-07-06 18:00:00+00:00,126572.86526120619,116114.56462052054,124753.38200291077,139207.1766502098,124547.97431522726,126418.4662910682,130126.11491261501
2026-07-06 18:05:00+00:00,126889.63350803894,116459.8226933896,125118.834965447,139543.98276414644,124894.85970238576,126712.84590090443,130535.0508193432
2026-07-06 18:10:00+00:00,127195.04407086944,116793.7980762915,125490.33456931073,139880.2376781891,125217.05958398078,126975.1415924168,130923.49720963745
2026-07-06 18:15:00+00:00,127491.08569159081,117116.50499712487,125864.70008659057,140213.14244302316,125518.35925239511,127211.39307964919,131293.30299194393
2026-07-06 18:20:00+00:00,127779.74711209614,117427.95768378838,126238.75078937516,140539.89810933376,125802.5440000115,127427.6400766455,131646.31707470876
2026-07-06 18:25:00+00:00,128063.0170742786,117728.17036418062,126609.30594975306,140857.70572780617,126073.39911921279,127629.9222974496,131984.38836637815
2026-07-06 18:30:00+00:00,128342.88432003125,118017.15726620027,126973.18483981291,141163.7663491256,126334.70990238176,127824.27945610533,132309.3657753982
2026-07-06 18:35:00+00:00,128621.33759124727,118294.93261774594,127327.2067316433,141455.28102397735,126590.2616419012,128016.75126665665,132623.09821021513
2026-07-06 18:40:00+00:00,128900.36562981975,118561.51064671627,127668.19089733282,141729.45080304658,126843.8396301539,128213.37744314739,132927.43457927505
2026-07-06 18:45:00+00:00,129181.95717764182,118816.90558100991,127992.9566089701,141983.4767370185,127099.22915952263,128420.19769962139,133224.22379102415
2026-07-06 18:50:00+00:00,129468.10097660655,119061.13164852545,128298.32313864375,142214.55987657845,127360.2155223902,128643.25175012261,133515.31475390852
2026-07-06 18:55:00+00:00,129760.78576860715,119294.20307716158,128581.10975844234,142419.9012724116,127630.58401113939,128888.5793086949,133802.55637637436
2026-07-06 19:00:00+00:00,130062.00029553668,119516.13409481692,128838.13574045451,142596.70197520318,127914.11991815301,129162.22008938211,134087.7975668678
2026-07-06 19:05:00+00:00,130384.36470881687,119730.24048119965,129077.12219065889,142755.95222219595,128215.06893828086,129482.04128113005,134376.22605749517
2026-07-06 19:10:00+00:00,130733.79254345664,119939.39511006854,129307.76358033365,142909.8942769828,128532.03002122155,129854.17791198453,134669.45716895998
2026-07-06 19:15:00+00:00,131102.21261672996,120142.9478503981,129529.83922951661,143057.6072297744,128860.31834163092,130267.07145463955,134963.98119260417
2026-07-06 19:20:00+00:00,131481.5537459108,120340.24857116278,129743.12845824569,143198.17017078132,129195.24907416491,130709.16338178905,135256.28841976973
2026-07-06 19:25:00+00:00,131863.74474827302,120530.64714133709,129947.4105865587,143330.66219021412,129532.13739347942,131168.89516612707,135542.86914179864
2026-07-06 19:30:00+00:00,132240.71444109068,120713.49342989553,130142.46493449355,143454.16237828336,129866.29847423032,131634.70828034755,135820.21365003285
2026-07-06 19:35:00+00:00,132604.39164163766,120888.1373058126,130328.07082208808,143567.74982519966,130193.04749107354,132095.04419714448,136084.8122358144
2026-07-06 19:40:00+00:00,132946.7051671879,121053.92863806277,130504.00756938013,143670.50362117362,130507.69961866492,132538.34438921188,136333.1551904852
2026-07-06 19:45:00+00:00,133259.58383501542,121210.21729562056,130670.05449640758,143761.5028564158,130805.5700316604,132953.05032924368,136561.73280538726
2026-07-06 19:50:00+00:00,133534.95646239407,121356.35314746042,130825.9909232083,143839.8266211368,131081.9739047159,133327.60348993388,136767.03537186256
2026-07-06 19:55:00+00:00,133764.75186659786,121491.68606255688,130971.59616982017,143904.5540055472,131332.22641248733,133650.4453439765,136945.55318125302
2026-07-06 20:00:00+00:00,133940.89886490072,121615.56590988442,131106.649556281,143954.7640998576,131551.64272963046,133910.01736406542,137093.77652490072
2026-07-06 20:05:00+00:00,134086.4997384478,121735.6672003128,131235.26823875547,143994.50997359928,131757.62511685246,134135.2158614738,137225.7518857612
2026-07-06 20:10:00+00:00,134228.8426966763,121858.43228599399,131361.17213073446,144029.01654026614,131967.88007934895,134360.1837544801,137356.55608315844
2026-07-06 20:15:00+00:00,134366.13544929802,121981.3627978257,131483.5446882453,144059.12065601238,132178.17915850863,134581.23242628694,137484.22491298697
2026-07-06 20:20:00+00:00,134496.58570602487,122101.96036670572,131601.56936731518,144085.65917699234,132384.29389572033,134794.67326009664,137606.7941711412
2026-07-06 20:25:00+00:00,134618.40117656876,122217.72662353178,131714.42962397146,144109.46895936033,132581.99583237275,134996.81763911177,137722.2996535156
2026-07-06 20:30:00+00:00,134729.7895706416,122326.16319920168,131821.30891424132,144131.3868592706,132767.05650985465,135183.97694653468,137828.77715600468
2026-07-06 20:35:00+00:00,134828.95859795518,122424.77172461312,131921.39069415207,144152.2497328775,132935.2474695548,135352.46256556787,137924.26247450293
2026-07-06 20:40:00+00:00,134914.11596822145,122511.05383066388,132013.85841973097,144172.89443633534,133082.34025286196,135498.58587941376,138006.79140490477
2026-07-06 20:45:00+00:00,134983.46939115235,122582.51114825174,132097.89554700526,144194.15782579832,133204.10640116487,135618.65827127485,138074.39974310473
2026-07-06 20:50:00+00:00,135035.22657645965,122636.6453082744,132172.68553200222,144216.87675742077,133296.3174558523,135708.99112435352,138125.12328499724
2026-07-06 20:55:00+00:00,135067.59523385536,122670.95794162965,132237.41183074913,144241.88808735707,133354.744958313,135765.89582185226,138156.99782647684
2026-07-06 21:00:00+00:00,135078.78307305128,122682.95067921522,132291.25789927325,144270.02867176145,133375.16044993573,135785.68374697352,138168.0591634379
2026-07-06 21:05:00+00:00,135078.2485820142,122674.91863220479,132339.21808984005,144303.4682017433,133358.98447337135,135780.71649361955,138164.4494889936
2026-07-06 21:10:00+00:00,135076.65861084592,122651.6501536489,132386.40006034818,144342.71147455723,133312.97999833582,135766.26694054523,138154.07922620856
2026-07-06 21:15:00+00:00,135074.03341246088,122614.38673726072,132432.1572252745,144386.0980055753,133240.93220681546,135743.01339823194,138137.6365159049
2026-07-06 21:20:00+00:00,135070.39323977355,122564.36987675345,132475.84299909603,144431.96731016962,133146.62628079657,135711.634177161,138115.80949890448
2026-07-06 21:25:00+00:00,135065.75834569836,122502.84106584021,132516.81079628965,144478.6589037123,133033.84740226556,135672.80758781382,138089.2863160293
2026-07-06 21:30:00+00:00,135060.14898314973,122431.0417982342,132554.41403133227,144524.5123015754,132906.3807532087,135627.21194067167,138058.7551081013
2026-07-06 21:35:00+00:00,135053.5854050422,122350.21356764856,132588.00611870087,144567.867019131,132768.01151561242,135575.525546216,138024.90401594253
2026-07-06 21:40:00+00:00,135046.08786429017,122261.59786779647,132616.94047287235,144607.06257175122,132622.52487146299,135518.42671492815,137988.42118037486
2026-07-06 21:45:00+00:00,135037.67661380806,122166.43619239109,132640.57050832367,144640.4384748081,132473.7060027468,135456.59375728946,137949.99474222038
2026-07-06 21:50:00+00:00,135028.37190651038,122065.9700351456,132658.24963953174,144666.3342436738,132325.3400914501,135390.70498378127,137910.31284230095
2026-07-06 21:55:00+00:00,135018.19399531157,121961.44088977313,132669.33128097354,144683.0893937203,132181.21231955936,135321.438704885,137870.0636214386
2026-07-06 22:00:00+00:00,135007.163133126,121854.09024998688,132673.1688471259,144689.0434403198,132045.10786906083,135249.47323108197,137829.93522045529
2026-07-06 22:05:00+00:00,134979.99988260228,121727.93848716452,132651.02670141365,144674.63282074485,131915.116758996,135161.16030550608,137789.5067871696
2026-07-06 22:10:00+00:00,134923.21141754894,121568.32468900693,132587.48765962306,144633.06857637723,131785.62757833983,135044.07098542445,137747.26075647894
2026-07-06 22:15:00+00:00,134839.49790762077,121378.46842371195,132486.8828147734,144566.85212875297,131654.87336397884,134900.71255251838,137702.2401998234
2026-07-06 22:20:00+00:00,134731.55952247235,121161.58925947749,132353.5432598839,144478.48489940804,131521.08715279965,134733.59228846905,137653.48818864312
2026-07-06 22:25:00+00:00,134602.0964317585,120920.90676450147,132191.80008797382,144370.46830987828,131382.50198168887,134545.21747495767,137600.04779437822
2026-07-06 22:30:00+00:00,134453.8088051338,120659.64050698173,132005.98439206244,144245.3037816997,131237.35088753302,134338.09539366554,137540.96208846875
2026-07-06 22:35:00+00:00,134289.39681225296,120381.0100551162,131800.427265169,144105.49273640828,131083.86690721865,134114.73332627382,137475.27414235493
2026-07-06 22:40:00+00:00,134111.56062277072,120088.23497710274,131579.45980031276,143953.53659553995,130920.28307763243,133877.63855446383,137402.02702747678
2026-07-06 22:45:00+00:00,133923.00040634174,119784.53484113923,131347.41309051297,143791.93678063067,130744.83243566082,133629.31835991668,137320.26381527455
2026-07-06 22:50:00+00:00,133726.41633262072,119473.12921542363,131108.61822878887,143623.19471321636,130555.7480181905,133372.28002431372,137229.02757718822
2026-07-06 22:55:00+00:00,133524.50857126235,119157.23766815376,130867.40630815971,143449.81181483302,130351.26286210795,133109.03082933614,137127.36138465797
2026-07-06 23:00:00+00:00,133319.9772919213,118840.07976752752,130628.10842164478,143274.28950701657,130129.6100042998,132842.07805666514,137014.3083091239
2026-07-06 23:05:00+00:00,133090.22460832782,118493.70418277144,130368.11440848994,143076.76575201945,129865.57734113146,132553.84673049266,136835.8856013077
2026-07-06 23:10:00+00:00,132814.63386175263,118095.40847888624,130065.73465592065,142838.4923351388,129541.57370682324,132228.3544982162,136549.4062089535
2026-07-06 23:15:00+00:00,132498.87706316102,117656.28556773128,129726.68107892545,142563.64141247765,129167.263545044,131870.49757632538,136170.85674903533
2026-07-06 23:20:00+00:00,132148.62622351828,117187.42836116583,129356.66559249292,142256.385140139,128752.31129946267,131485.1721813098,135716.22383852708
2026-07-06 23:25:00+00:00,131769.55335378973,116699.92977104921,128961.40011161163,141920.8956742259,128306.3814137481,131077.2745296592,135201.49409440273
2026-07-06 23:30:00+00:00,131367.3304649407,116204.8827092407,128546.59655127015,141561.34517084135,127839.13833156924,130651.70083786313,134642.65413363618
2026-07-06 23:35:00+00:00,130947.62956793656,115713.38008759965,128117.96682645702,141181.90578608838,127360.24649659493,130213.34732241122,134055.69057320146
2026-07-06 23:40:00+00:00,130516.12267374252,115236.51481798536,127681.22285216086,140786.74967606997,126879.3703524941,129767.11019979315,133456.59003007246
2026-07-06 23:45:00+00:00,130078.48179332394,114785.37981225712,127242.0765433702,140380.04899688924,126406.17434293561,129317.88568649853,132861.33912122314
2026-07-06 23:50:00+00:00,129640.37893764616,114371.06798227421,126806.23981507363,139965.9759046491,125950.32291158837,128870.569999017,132285.92446362748
2026-07-06 23:55:00+00:00,129207.48611767447,114004.672239896,126379.4245822597,139548.7025554526,125521.48050212128,128430.05935383815,131746.33267425938
2026-07-07 00:00:00+00:00,128785.4753443742,113697.28549698174,125967.34275991698,139132.4011054028,125129.31155820323,128001.2499674517,131258.55037009285
2026-07-07 00:05:00+00:00,128353.06166426011,113437.53786088096,125558.16561655796,138692.666372887,124761.87293892476,127564.72785464728,130801.02372422161
2026-07-07 00:10:00+00:00,127890.27176805481,113203.6147234034,125138.10092835792,138208.36235078017,124400.74334204516,127102.74682113877,130342.53240447366
2026-07-07 00:15:00+00:00,127404.74513303535,112990.9419230988,124709.91537179952,137688.56495691682,124045.86996923656,126622.70476980208,129884.5632699245
2026-07-07 00:20:00+00:00,126904.12123647881,112794.94529851685,124276.37562336551,137142.35010913134,123697.20002217103,126131.9996035131,129428.60317964952
2026-07-07 00:25:00+00:00,126396.03955566218,112611.0506882073,123840.24835953864,136578.7937252583,123354.68070252071,125638.02922514774,128976.13899272414
2026-07-07 00:30:00+00:00,125888.1395678626,112434.68393071984,123404.30025680157,136006.97172313207,123018.25921195763,125148.1915375819,128528.65756822376
2026-07-07 00:35:00+00:00,125388.06075035702,112261.2708646042,122971.29799163705,135435.9600205872,122687.88275215396,124669.88444369145,128087.64576522385
2026-07-07 00:40:00+00:00,124903.44258042259,112086.23732841009,122544.0082405278,134874.83453545813,122363.49852478172,124210.50584635235,127654.59044279977
2026-07-07 00:45:00+00:00,124441.92453533628,111905.00916068723,122125.1976799565,134332.67118557935,122045.05373151306,123777.45364844045,127230.97846002699
2026-07-07 00:50:00+00:00,124011.14609237519,111713.01219998534,121717.63298640592,133818.5458887853,121732.49557402004,123378.12575283168,126818.29667598089
2026-07-07 00:55:00+00:00,123618.74672881635,111505.67228485415,121324.08083635876,133341.53456291053,121425.77125397479,123019.9200624019,126418.03194973695
2026-07-07 01:00:00+00:00,123272.36592193681,111278.41525384334,120947.3079062977,132910.7131257894,121124.82797304938,122710.23448002705,126031.67114037053
2026-07-07 01:05:00+00:00,122972.43905254995,111038.61607563178,120593.3797499377,132524.42423244557,120840.7615578669,122447.97407033807,125668.97302053662
2026-07-07 01:10:00+00:00,122708.96238166913,110795.44865153155,120262.80375530366,132170.47139437258,120580.48219656941,122221.84659968296,125334.13041572226
2026-07-07 01:15:00+00:00,122473.91670687153,110547.03721904215,119950.00935034332,131842.12181410982,120337.65863310748,122023.9540235133,125020.28126425082
2026-07-07 01:20:00+00:00,122259.28282573425,110291.50601566311,119649.42596300443,131532.6426941967,120105.95961143164,121846.39829728063,124720.56350444574
2026-07-07 01:25:00+00:00,122057.04153583448,110026.97927889397,119355.48302123477,131235.3012371726,119879.05387549243,121681.28137643651,124428.11507463048
2026-07-07 01:30:00+00:00,121859.17363474933,109751.58124623423,119062.6099529821,130943.36464557685,119650.6101692404,121520.70521643246,124136.07391312844
2026-07-07 01:35:00+00:00,121657.65992005594,109463.43615518344,118765.23618619418,130650.10012194893,119414.29723662611,121356.77177272004,123837.57795826305
2026-07-07 01:40:00+00:00,121444.48118933146,109160.66824324112,118457.7911488187,130348.7748688282,119163.78382160011,121181.58300075079,123525.76514835774
2026-07-07 01:45:00+00:00,121211.61824015302,108841.40174790681,118134.70426880347,130032.65608875403,118892.73866811296,120987.24085597628,123193.77342173594
2026-07-07 01:50:00+00:00,120951.0518700978,108503.76090668004,117790.40497409622,129695.01098426581,118594.83052011518,120765.84729384803,122834.74071672108
2026-07-07 01:55:00+00:00,120654.76287674288,108145.8699570603,117419.32269264472,129329.10675790299,118263.72812155733,120509.50426981761,122441.80497163658
2026-07-07 02:00:00+00:00,120314.73205766543,107765.85313654719,117015.88685239672,128928.21061220489,117893.10021638997,120210.31373933656,122008.1041248059
2026-07-07 02:05:00+00:00,119891.4123179336,107342.18886888314,116564.60495383802,128487.98521492205,117440.97740552416,119817.671045979,121498.42762014938
2026-07-07 02:10:00+00:00,119361.79970691123,106860.16216896314,116059.4115714708,128011.0512681242,116881.26423662371,119299.42023811323,120893.70750533356
2026-07-07 02:15:00+00:00,118742.68973861916,106328.10716101534,115508.87674426736,127501.11302582953,116231.44037376827,118675.33632838202,120211.29562430117
2026-07-07 02:20:00+00:00,118050.87792707808,105754.35796926796,114921.57051120009,126961.87474205618,115508.9854810375,117965.19432942811,119468.54382099495
2026-07-07 02:25:00+00:00,117303.15978630881,105147.24871794913,114306.06291124127,126397.04067082239,114731.37922251101,117188.76925389431,118682.80393935757
2026-07-07 02:30:00+00:00,116516.33083033208,104515.11353128703,113670.92398336326,125810.31506614632,113916.10126226845,116365.83611442336,117871.42782333182
2026-07-07 02:35:00+00:00,115707.18657316868,103866.28653350988,113024.72376653839,125205.40218204613,113080.63126438946,115516.16992365808,117051.76731686032
2026-07-07 02:40:00+00:00,114892.52252883936,103209.10184884584,112376.03229973899,124586.00627254003,112242.4488929537,114659.54569424118,116241.17426388587
2026-07-07 02:45:00+00:00,114089.1342113649,102551.89360152306,111733.4196219374,123955.83159164622,111419.03381204078,113815.73843881546,115457.00050835112
2026-07-07 02:50:00+00:00,113313.81713476605,101902.99591576974,111105.45577210592,123318.58239338285,110627.86568573039,113004.52317002372,114716.59789419884
2026-07-07 02:55:00+00:00,112583.36681306358,101270.74291581409,110500.71078921692,122677.96293176815,109886.42417810213,112245.67490050867,114037.31826537174
2026-07-07 03:00:00+00:00,111914.57876027827,100663.46872588423,109927.75471224272,122037.67746082025,109212.18895323567,111558.96864291313,113436.51346581252
2026-07-07 03:05:00+00:00,111289.72508210251,100062.2243286707,109379.06091899006,121381.89053657516,108589.09048403973,110922.354567686,112901.86655179992
2026-07-07 03:10:00+00:00,110678.84065679103,99445.85948468048,108840.36205473145,120695.98656881783,107987.24803789488,110299.7789929632,112404.86541114289
2026-07-07 03:15:00+00:00,110080.3651572079,98819.40648486647,108310.1170596379,119985.49959218995,107403.42447058852,109690.01115291803,111938.56913507942
2026-07-07 03:20:00+00:00,109492.73825621734,98187.89762018155,107786.78487388037,119255.96364133312,106834.38263790803,109091.82028172372,111496.03681484755
2026-07-07 03:25:00+00:00,108914.39962668346,97556.36518157864,107268.82443762991,118512.91275088904,106276.88539564081,108503.97561355362,111070.32754168527
2026-07-07 03:30:00+00:00,108343.78894147041,96929.84146001062,106754.69469105752,117761.88095549933,105727.69559957429,107925.24638258094,110654.5004068306
2026-07-07 03:35:00+00:00,107779.34587344232,96313.35874643041,106242.85457433418,117008.40228980572,105183.57610549583,107354.40182297898,110241.61450152156
2026-07-07 03:40:00+00:00,107219.51009546335,95711.9493317909,105731.7630276309,116258.01078844981,104641.28976919284,106790.21116892103,109824.72891699616
2026-07-07 03:45:00+00:00,106662.72128039767,95130.64550704497,105219.87899111869,115516.24048607328,104097.59944645269,106231.44365458038,109396.9027444924
2026-07-07 03:50:00+00:00,106107.41910110941,94574.4795631455,104705.66140496852,114788.62541731776,103549.26799306281,105676.86851413024,108951.19507524831
2026-07-07 03:55:00+00:00,105552.04323046269,94048.48379104545,104187.56920935142,114080.69961682496,102993.05826481059,105125.25498174397,108480.66500050187
2026-07-07 04:00:00+00:00,104995.03334132167,93557.69048169767,103664.06134443839,113397.99711923649,102425.7331174834,104575.3722915948,107978.37161149114
2026-07-07 04:05:00+00:00,104434.64594637002,93094.65791089497,103131.57932977173,112729.8651805289,101841.13937263486,104025.22942355325,107437.40287911985
2026-07-07 04:10:00+00:00,103871.4396799833,92647.92330524695,102589.53718466521,112063.27751484269,101238.88508160666,103474.79759582005,106860.26113569
2026-07-07 04:15:00+00:00,103307.30739756346,92216.48738193169,102040.85259894702,111400.20784406539,100624.37494486844,102925.7894000638,106254.12701453688
2026-07-07 04:20:00+00:00,102744.14195451248,91799.35085812725,101488.44326244533,110742.62989008459,100003.0136628898,102379.91742795313,105626.18114899576
2026-07-07 04:25:00+00:00,102183.83620623231,91395.51445101177,100935.22686498832,110092.51737478789,99380.20593614034,101838.89427115663,104983.60417240197
2026-07-07 04:30:00+00:00,101628.28300812497,91003.9788777633,100384.12109640417,109451.84402006282,98761.35646508963,101304.43252134293,104333.57671809077
2026-07-07 04:35:00+00:00,101079.37521559237,90623.74485555991,99838.04364652107,108822.58354779701,98151.86995020731,100778.24477018062,103683.2794193975
2026-07-07 04:40:00+00:00,100539.00568403651,90253.81310157973,99299.91220516716,108206.709679878,97557.151091963,100262.0436093383,103039.89290965741
2026-07-07 04:45:00+00:00,100009.06726885936,89893.1843330008,98772.6444621707,107606.1961381934,96982.60459082625,99757.5416304846,102410.59782220582
2026-07-07 04:50:00+00:00,99491.45282546291,89540.85926700124,98259.1581073598,107023.01664463073,96433.63514726672,99266.45142528812,101802.57479037803
2026-07-07 04:55:00+00:00,98988.05520924908,89195.83862075912,97762.37083056266,106459.14492107762,95915.64746175398,98790.4855854175,101223.00444750935
2026-07-07 05:00:00+00:00,98500.76727561989,88857.12311145253,97285.20032160747,105916.55468942161,95434.04623475764,98331.35670254129,100679.06742693501
2026-07-07 05:05:00+00:00,98019.62278402544,88522.33816541646,96817.8851385506,105380.18501069985,94974.24001132273,97882.61380592972,100151.54568753346
2026-07-07 05:10:00+00:00,97535.82145626596,88190.6408881298,96350.59902247202,104837.57915078214,94519.78557219157,97437.77775658648,99619.75082420108
2026-07-07 05:15:00+00:00,97053.0050912686,87863.32951548648,95886.1624377353,104294.61713880516,94073.30997137963,96998.5188937804,99088.65792430023
2026-07-07 05:20:00+00:00,96574.81548796048,87541.70228338048,95427.39584870404,103757.1790039055,93637.44026290243,96566.5075567803,98563.24207519327
2026-07-07 05:25:00+00:00,96104.89444526873,87227.05742770573,94977.1197197418,103231.14477521979,93214.80350077548,96143.41408485505,98048.4783642425
2026-07-07 05:30:00+00:00,95646.88376212047,86920.6931843562,94538.15451521215,102722.39448188466,92808.02673901427,95730.90881727345,97549.34187881032
2026-07-07 05:35:00+00:00,95204.42523744283,86623.90778922584,94113.32069947869,102236.80815303676,92419.73703163431,95330.66209330437,97070.80770625903
2026-07-07 05:40:00+00:00,94781.16067016298,86337.99947820859,93705.43873690497,101780.26581781272,92052.56143265111,94944.34425221664,96617.850933951
2026-07-07 05:45:00+00:00,94380.731859208,86064.26648719839,93317.32909185458,101358.64750534913,91709.12699608017,94573.62563327911,96195.44664924858
2026-07-07 05:50:00+00:00,94006.78060350502,85804.0070520892,92951.8122286911,100977.83324478265,91392.06077593699,94220.17657576059,95808.56993951411
2026-07-07 05:55:00+00:00,93662.94870198121,85558.51940877497,92611.70861177811,100643.70306524991,91103.98982623707,93885.66741892994,95462.19589210993
2026-07-07 06:00:00+00:00,93352.87795356366,85329.10179314965,92299.83870547917,100362.13699588751,90847.54120099594,93571.76850205599,95161.29959439838
2026-07-07 06:05:00+00:00,93069.13482186869,85111.15568819504,92008.97189068368,100122.67141127399,90616.64259359853,93272.02106642969,94898.6708545929
2026-07-07 06:10:00+00:00,92801.00585133047,84899.45735780774,91729.83291356105,99908.27546755028,90402.21998315041,92979.40980918311,94661.12725154942
2026-07-07 06:15:00+00:00,92547.21296210296,84694.36720925395,91462.17528639495,99714.97836619685,90202.39785224789,92694.77025334685,94444.68552859403
2026-07-07 06:20:00+00:00,92306.4780743401,84496.24564979976,91205.75252146898,99538.80930869408,90015.30068348731,92418.93792195141,94245.3624290528
2026-07-07 06:25:00+00:00,92077.52310819589,84305.45308671138,90960.31813106677,99375.79749652238,89839.052959465,92152.74833802735,94059.17469625185
2026-07-07 06:30:00+00:00,91859.06998382426,84122.34992725492,90725.62562747196,99221.97213116217,89671.7791627773,91897.0370246052,93882.13907351729
2026-07-07 06:35:00+00:00,91649.84062137917,83947.29657869657,90501.4285229682,99073.36241409385,89511.60377602054,91652.63950471555,93710.27230417519
2026-07-07 06:40:00+00:00,91448.55694101454,83780.6534483025,90287.48032983909,98925.99754679781,89356.65128179107,91420.39130138894,93539.59113155166
2026-07-07 06:45:00+00:00,91253.94086288441,83622.78094333882,90083.53456036828,98775.9067307545,89205.04616268522,91201.12793765587,93366.1122989728
2026-07-07 06:50:00+00:00,91064.71430714265,83474.03947107171,89889.34472683936,98619.11916744433,89054.91290129932,90995.68493654697,93185.8525497647
2026-07-07 06:55:00+00:00,90879.59919394327,83334.78943876733,89704.66434153603,98451.66405834764,88904.37598022971,90804.8978210927,92994.82862725346
2026-07-07 07:00:00+00:00,90697.31744344022,83205.39125369184,89529.24691674189,98269.57060494489,88751.55988207273,90629.60211432367,92789.05727476517
2026-07-07 07:05:00+00:00,90511.0709589301,83080.68311431391,89358.9275206259,98063.599074129,88588.93478121214,90459.20457606023,92553.50223703725
2026-07-07 07:10:00+00:00,90317.55674208268,82956.25608122133,89190.57424342512,97832.09882038349,88413.62945833783,90284.91398003882,92282.84595984787
2026-07-07 07:15:00+00:00,90120.7393606117,82833.59985485888,89025.49013052524,97582.48267657454,88230.75630550542,90110.26887016412,91987.6832380844
2026-07-07 07:20:00+00:00,89924.58338223082,82714.20413567135,88864.97822731202,97322.16347556845,88045.42771477035,89938.80779034083,91678.6088666341
2026-07-07 07:25:00+00:00,89733.05337465377,82599.5586241035,88710.34157917113,97058.55405023138,87862.75607818826,89774.06928447359,91366.21764038429
2026-07-07 07:30:00+00:00,89550.11390559426,82491.15302060013,88562.8832314883,96799.06723342965,87687.85378781466,89619.59189646709,91061.10435422229
2026-07-07 07:35:00+00:00,89379.72954276597,82390.47702560601,88423.9062296493,96551.11585802944,87525.83323570513,89478.914170226,90773.8638030354
2026-07-07 07:40:00+00:00,89225.86485388264,82299.02033956595,88294.71361903976,96322.11275689706,87381.80681391517,89355.574649655,90515.090781711
2026-07-07 07:45:00+00:00,89092.48440665794,82218.27266292469,88176.60844504547,96119.47076289865,87260.88691450036,89253.11187865878,90295.38008513629
2026-07-07 07:50:00+00:00,88983.5527688056,82149.72369612702,88070.89375305212,95950.60270890052,87168.18592951624,89175.064401142,90125.32650819865
2026-07-07 07:55:00+00:00,88903.03450803932,82094.86313961774,87978.8725884454,95822.92142776889,87108.81625101836,89124.97076100933,90015.52484578536
2026-07-07 08:00:00+00:00,88854.89419207277,82055.18069384161,87901.84799661108,95743.83975237,87087.8902710623,89106.36950216544,89976.56989278375
2026-07-07 08:05:00+00:00,88825.13995606982,82024.16425076395,87832.84691086403,95692.83212384202,87088.6825720842,89104.76244912526,89980.15083587561
2026-07-07 08:10:00+00:00,88797.23116241631,81994.4817813789,87764.68355825463,95644.63728822664,87091.00842830342,89103.29270635919,89990.55980924857
2026-07-07 08:15:00+00:00,88771.30921965894,81966.39310467451,87698.34192477181,95599.56453574542,87094.79126945023,89101.96073770516,90007.29602904875
2026-07-07 08:20:00+00:00,88747.51553634439,81940.15803963886,87634.80599640444,95557.9231566199,87099.95452525489,89100.76700700108,90029.85871142222
2026-07-07 08:25:00+00:00,88725.99152101942,81916.03640525998,87575.05975914146,95520.02244107163,87106.42162544762,89099.71197808486,90057.74707251505
2026-07-07 08:30:00+00:00,88706.87858223068,81894.28802052591,87520.08719897171,95486.1716793221,87114.11599975871,89098.79611479444,90090.46032847336
2026-07-07 08:35:00+00:00,88690.31812852489,81875.17270442475,87470.8723018842,95456.68016159289,87122.96107791843,89098.01988096774,90127.49769544323
2026-07-07 08:40:00+00:00,88676.45156844876,81858.95027594452,87428.39905386775,95431.85717810557,87132.88028965704,89097.38374044267,90168.35838957076
2026-07-07 08:45:00+00:00,88665.42031054897,81845.88055407327,87393.65144091133,95412.0120190816,87143.79706470479,89096.88815705717,90212.54162700199
2026-07-07 08:50:00+00:00,88657.36576337226,81836.22335779908,87367.6134490038,95397.45397474259,87155.63483279194,89096.53359464914,90259.54662388306
2026-07-07 08:55:00+00:00,88652.4293354653,81830.23850610999,87351.26906413409,95388.49233531005,87168.31702364875,89096.32051705652,90308.87259636004
2026-07-07 09:00:00+00:00,88650.75243537484,81828.18581799408,87345.60227229109,95385.43639100553,87181.76706700548,89096.24938811721,90360.01876057903
2026-07-07 09:05:00+00:00,88664.82617908203,81843.28941108311,87357.74622295551,95390.34143988427,87200.18234123701,89109.12805993894,90420.60204358703
2026-07-07 09:10:00+00:00,88705.3030225128,81886.62431205728,87392.82633811136,95404.7005048419,87227.4989211316,89146.23536711905,90498.01989311031
2026-07-07 09:15:00+00:00,88769.56638413097,81955.22670347721,87448.81501250245,95427.97946336048,87263.24828103963,89205.27824722991,90591.44230631387
2026-07-07 09:20:00+00:00,88854.99968240042,82046.13276790352,87523.68464087258,95459.64419292209,87306.9618953114,89283.96363784396,90700.03928036269
2026-07-07 09:25:00+00:00,88958.98633578497,82156.37868789678,87615.40761796561,95499.16057100882,87358.1712382973,89379.99847653354,90822.98081242177
2026-07-07 09:30:00+00:00,89078.90976274846,82283.00064601765,87721.95633852531,95545.99447510275,87416.40778434768,89491.08970087109,90959.43689965611
2026-07-07 09:35:00+00:00,89212.15338175472,82423.03482482671,87841.30319729555,95599.61178268594,87481.20300781289,89614.94424842895,91108.5775392307
2026-07-07 09:40:00+00:00,89356.1006112676,82573.5174068846,87971.4205890201,95659.47837124049,87552.08838304327,89749.26905677955,91269.57272831048
2026-07-07 09:45:00+00:00,89508.13486975091,82731.48457475191,88110.28090844283,95725.06011824847,87628.59538438918,89891.77106349527,91441.59246406048
2026-07-07 09:50:00+00:00,89665.63957566852,82893.97251098926,88255.85655030751,95795.82290119196,87710.25548620097,90040.1572061485,91623.8067436457
2026-07-07 09:55:00+00:00,89825.99814748428,83058.01739815726,88406.119909358,95871.23259755304,87796.600162829,90192.13442231163,91815.38556423112
2026-07-07 10:00:00+00:00,89986.59400366199,83220.65541881653,88559.04338033812,95950.75508481378,87887.1608886236,90345.40964955707,92015.49892298171
2026-07-07 10:05:00+00:00,90163.26700053764,83396.13422536902,88737.45096720953,96063.00911652982,87997.6154128728,90518.83924711571,92252.04415209452
2026-07-07 10:10:00+00:00,90371.2237227372,83598.47203110241,88961.50615517733,96232.34864260437,88141.20381461548,90729.57518265449,92547.37238206113
2026-07-07 10:15:00+00:00,90606.89768115936,83824.3608599059,89225.19056085046,96451.84233504087,88313.80106282842,90972.7678063998,92892.33430748849
2026-07-07 10:20:00+00:00,90866.72238670287,84070.49273566864,89522.48580083785,96714.5588658428,88511.28212648834,91243.56746857816,93277.78062298354
2026-07-07 10:25:00+00:00,91147.13135026646,84333.55968227981,89847.37349174845,97013.56690701356,88729.52197457201,91537.12451941593,93694.56202315318
2026-07-07 10:30:00+00:00,91444.55808274887,84610.25372362864,90193.8352501912,97341.93513055664,88964.39557605618,91848.58930913957,94133.52920260432
2026-07-07 10:35:00+00:00,91755.43609504888,84897.26688360433,90555.85269277504,97692.73220847544,89211.77789991755,92173.11218797548,94585.53285594386
2026-07-07 10:40:00+00:00,92076.19889806518,85191.29118609602,90927.40743610887,98059.02681277347,89467.5439151329,92505.84350615012,95041.42367777874
2026-07-07 10:45:00+00:00,92403.2800026965,85489.01865499289,91302.4810968017,98433.88761545412,89727.568590679,92841.93361388991,95492.05236271591
2026-07-07 10:50:00+00:00,92733.11291984163,85787.14131418415,91675.05529146238,98810.38328852088,89987.72689553253,93176.53286142129,95928.26960536225
2026-07-07 10:55:00+00:00,93062.13116039925,86082.35118755899,92039.11163669993,99181.58250397719,90243.8937986703,93504.79159897067,96340.9261003247
2026-07-07 11:00:00+00:00,93386.76823526814,86371.34029900658,92388.63174912323,99540.55393382646,90491.94426906902,93821.8601767645,96720.87254221016
2026-07-07 11:05:00+00:00,93716.92274910574,86661.87162351745,92735.22610928335,99908.49332675738,90739.3411643254,94137.25717895727,97077.29833389168
2026-07-07 11:10:00+00:00,94063.13940596746,86962.61842958117,93092.93936920402,100307.09654924819,90995.54022625498,94462.42172846629,97426.17493036356
2026-07-07 11:15:00+00:00,94422.82086584887,87271.63818133554,93459.40440270318,100730.18244998691,91259.40575016275,94795.3849836622,97768.5261044145
2026-07-07 11:20:00+00:00,94793.36978874562,87586.98834291832,93832.25408359877,101171.56987766143,91529.80203135381,95134.17810291561,98105.37562883322
2026-07-07 11:25:00+00:00,95172.18883465331,87906.72637846733,94209.1212857088,101625.0776809597,91805.59336513317,95476.83224459716,98437.74727640842
2026-07-07 11:30:00+00:00,95556.68066356752,88228.90975212031,94587.6388828512,102084.52470856966,92085.64404680584,95821.37856707753,98766.66481992889
2026-07-07 11:35:00+00:00,95944.2479354839,88551.5959280151,94965.43974884393,102543.72980917925,92368.81837167685,96165.8482287273,99093.15203218328
2026-07-07 11:40:00+00:00,96332.29331039805,88872.84237028944,95340.15675750493,102996.51183147643,92653.98063505122,96508.2723879171,99418.23268596033
2026-07-07 11:45:00+00:00,96718.21944830558,89190.70654308113,95709.42278265217,103436.68962414912,92939.995132234,96846.68220301761,99742.93055404877
2026-07-07 11:50:00+00:00,97099.42900920211,89503.24591052798,96070.87069810361,103858.08203588528,93225.72615853023,97179.10883239945,100068.26940923734
2026-07-07 11:55:00+00:00,97473.32465308325,89808.51793676772,96422.13337767724,104254.50791537284,93510.0380092449,97503.58343443324,100395.27302431471
2026-07-07 12:00:00+00:00,97837.3090399446,90104.5800859382,96760.84369519095,104619.78611129976,93791.79497968308,97818.1371674896,100724.96517206966
2026-07-07 12:05:00+00:00,98198.5606317805,90394.97703067282,97089.76123621737,104956.73844179319,94071.360483449,98121.89733562733,101061.5718513149
2026-07-07 12:10:00+00:00,98564.50654759826,90684.158917638,97413.38769358017,105274.59845537524,94350.21060616935,98416.55487115527,101406.66644252204
2026-07-07 12:15:00+00:00,98932.9224329128,90971.54142202098,97731.96910197401,105576.80259632613,94628.87865118272,98703.98637481926,101757.29379096818
2026-07-07 12:20:00+00:00,99301.58393323916,91256.54021900902,98045.75149609357,105866.78730892623,94907.89792182777,98986.06844736509,102110.49874193034
2026-07-07 12:25:00+00:00,99668.26669409232,91538.5709837894,98354.98091063347,106147.9890374558,95187.80172144313,99264.67768953857,102463.32614068559
2026-07-07 12:30:00+00:00,100030.74636098725,91817.04939154934,98659.90338028842,106423.84422619514,95469.1233533674,99541.69070208553,102812.82083251096
2026-07-07 12:35:00+00:00,100386.79857943895,92091.3911174761,98960.76493975303,106697.78931942453,95752.39612093923,99818.98408575177,103156.02766268353
2026-07-07 12:40:00+00:00,100734.1989949624,92361.01183675692,99257.81162372201,106973.26076142427,96038.15332749722,100098.4344412831,103489.99147648034
2026-07-07 12:45:00+00:00,101070.72325307259,92625.32722457907,99551.28946689001,107253.69499647465,96326.92827638001,100381.91836942536,103811.75711917841
2026-07-07 12:50:00+00:00,101394.14699928452,92883.75295612981,99841.44450395164,107542.52846885596,96619.25427092623,100671.31247092431,104118.36943605485
2026-07-07 12:55:00+00:00,101702.24587911318,93135.70470659634,100128.52276960162,107843.19762284851,96915.66461447452,100968.49334652581,104406.87327238667
2026-07-07 13:00:00+00:00,101992.79553807354,93380.59815116598,100412.77029853457,108159.13890273256,97216.69261036349,101275.33759697565,104674.31347345095
2026-07-07 13:05:00+00:00,102262.3682251583,93614.0304090414,100688.12743982456,108485.02217207302,97519.55152374889,101593.353709218,104921.4181734925
2026-07-07 13:10:00+00:00,102511.8363312433,93834.03854856773,100950.55496078766,108813.90932803809,97821.96052536785,101921.58894073799,105152.6815041111
2026-07-07 13:15:00+00:00,102745.42571466832,94043.69816864583,101203.32952348138,109146.82486531293,98125.2117769311,102258.22804809289,105370.79730661621
2026-07-07 13:20:00+00:00,102967.36223377305,94246.08486817656,101449.72778996338,109484.7932785828,98430.59744014937,102601.45578783998,105578.45942231738
2026-07-07 13:25:00+00:00,103181.87174689726,94444.27424606078,101693.02642229121,109828.8390625329,98739.40967673334,102949.45691653651,105778.36169252405
2026-07-07 13:30:00+00:00,103393.18011238065,94641.34190119935,101936.50208252246,110179.98671184847,99052.94064839376,103300.41619073974,105973.19795854572
2026-07-07 13:35:00+00:00,103605.51318856297,94840.36343249315,102183.43143271473,110539.26072121473,99372.48251684134,103652.51836700695,106165.66206169188
2026-07-07 13:40:00+00:00,103823.09683378397,95044.41443884298,102437.09113492558,110907.68558531688,99699.32744378677,104003.94820189541,106358.44784327204
2026-07-07 13:45:00+00:00,104050.15690638336,95256.57051914977,102700.7578512126,111286.28579884017,100034.7675909408,104352.89045196239,106554.24914459563
2026-07-07 13:50:00+00:00,104290.91926470087,95479.90727231433,102977.70824363343,111676.08585646978,100380.09512001414,104697.52987376515,106755.75980697219
2026-07-07 13:55:00+00:00,104549.60976707628,95717.50029723757,103271.21897424558,112078.11025289095,100736.60219271749,105036.05122386095,106965.67367171118
2026-07-07 14:00:00+00:00,104830.45427184929,95972.4251928203,103584.5667051067,112493.38348278892,101105.58097076158,105366.63925880706,107186.68458012212
2026-07-07 14:05:00+00:00,105138.01191315839,96247.24395885103,103924.55028681287,112928.33368302647,101490.29300626165,105686.13229134669,107408.90729251497
2026-07-07 14:10:00+00:00,105471.6647935597,96541.088193157,104292.99130172873,113386.68651872476,101891.99571095784,105994.53654328652,107623.21619323305
2026-07-07 14:15:00+00:00,105827.87322401936,96851.88789169717,104685.70050956457,113865.41277695629,102308.97503599833,106294.78863477905,107833.4445596358
2026-07-07 14:20:00+00:00,106203.09751550347,97177.57305043055,105098.48867003075,114361.48324479372,102739.51693253127,106589.8251859768,108043.42566908267
2026-07-07 14:25:00+00:00,106593.7979789782,97516.07366531611,105527.16654283757,114871.86870930964,103181.90735170482,106882.58281703226,108256.99279893319
2026-07-07 14:30:00+00:00,106996.43492540965,97865.31973231286,105967.54488769539,115393.53995757662,103634.43224466711,107175.99814809793,108477.97922654674
2026-07-07 14:35:00+00:00,107407.46866576395,98223.24124737973,106415.43446431447,115923.4677766673,104095.37756256633,107473.00779932628,108710.2182292828
2026-07-07 14:40:00+00:00,107823.35951100728,98587.76820647575,106866.64603240519,116458.62295365422,104563.0292565506,107776.54839086987,108957.54308450085
2026-07-07 14:45:00+00:00,108240.5677721057,98956.83060555988,107316.99035167787,116995.97627561002,105035.67327776806,108089.55654288117,109223.78706956033
2026-07-07 14:50:00+00:00,108655.5537600254,99328.35844059114,107762.2781818428,117532.49852960728,105511.59557736693,108414.96887551267,109512.78346182071
2026-07-07 14:55:00+00:00,109064.77778573248,99700.28170752847,108198.32028261035,118065.1605027186,105989.08210649528,108755.72200891688,109828.36553864145
2026-07-07 15:00:00+00:00,109464.70016019311,100070.53040233087,108620.9274136908,118590.9329820166,106466.41881630133,109114.75256324632,110174.366577382
2026-07-07 15:05:00+00:00,109853.2164146179,100440.99344725518,109028.74947194598,119109.88523006256,106948.34106075813,109493.31385018447,110596.1910115086
2026-07-07 15:10:00+00:00,110232.85883085988,100815.27386673156,109425.50124320952,119625.38721889567,107439.86258976096,109889.76516111408,111124.31600797502
2026-07-07 15:15:00+00:00,110607.0428458488,101193.87280997894,109814.59082064962,120139.36079980526,107939.68694834126,110302.70208573635,111740.18394437189
2026-07-07 15:20:00+00:00,110979.18389651434,101577.2914262163,110199.4262974344,120653.72782408072,108446.5176815304,110730.7202137526,112425.23719828988
2026-07-07 15:25:00+00:00,111352.69741978623,101966.03086466258,110583.41576673207,121170.41014301138,108959.05833435991,111172.4151348641,113160.91814731967
2026-07-07 15:30:00+00:00,111730.99885259417,102360.59227453673,110969.96732171073,121691.32960788663,109476.01245186116,111626.38243877211,113928.66916905192
2026-07-07 15:35:00+00:00,112117.50363186789,102761.47680505771,111362.4890555386,122218.40806999581,109996.08357906557,112091.21771517787,114709.93264107732
2026-07-07 15:40:00+00:00,112515.6271945371,103169.1856054445,111764.38906138379,122753.56738062832,110517.97526100461,112565.51655378273,115486.15094098652
2026-07-07 15:45:00+00:00,112928.7849775315,103584.21982491603,112179.07543241448,123298.72939107349,111040.39104270969,113047.87454428789,116238.76644637022
2026-07-07 15:50:00+00:00,113360.39241778081,104007.08061269126,112609.95626179883,123855.81595262069,111562.03446921223,113536.88727639463,116949.22153481905
2026-07-07 15:55:00+00:00,113813.86495221476,104438.26911798916,113060.439642705,124426.74891655929,112081.60908554369,114031.15033980424,117598.95858392371
2026-07-07 16:00:00+00:00,114292.61801776303,104878.28649002865,113533.93366830115,125013.45013417862,112597.81843673547,114529.25932421797,118169.41997127484
2026-07-07 16:05:00+00:00,114820.60191055712,105335.03544443747,114047.64384329568,125630.87436210661,113113.42536004029,115041.25513510013,118672.37294268869
2026-07-07 16:10:00+00:00,115410.91179719282,105813.32651111849,114609.8733695397,126286.90108960397,113631.60351931269,115575.41128605572,119137.05496288152
2026-07-07 16:15:00+00:00,116050.68042029621,106309.02256070335,115210.6768859154,126972.83926690929,114151.67269948688,116127.67227899721,119571.11373779399
2026-07-07 16:20:00+00:00,116727.04052249344,106817.98646382378,115840.10903130502,127679.99784426115,114672.95268549706,116693.98261583697,119982.19697336676
2026-07-07 16:25:00+00:00,117427.12484641065,107336.08109111142,116488.22444459077,128399.68577189818,115194.76326227747,117270.28679848746,120377.95237554055
2026-07-07 16:30:00+00:00,118138.06613467395,107859.16931319796,117145.07776465487,129123.21200005895,115716.42421476232,117852.5293288611,120766.02765025602
2026-07-07 16:35:00+00:00,118846.99712990949,108383.1140007151,117800.7236303795,129841.88547898208,116237.25532788581,118436.65470887032,121154.07050345383
2026-07-07 16:40:00+00:00,119541.05057474342,108903.77802429447,118445.21668064692,130547.01515890616,116756.57638658218,119018.60744042753,121549.7286410747
2026-07-07 16:45:00+00:00,120207.35921180183,109417.0242545678,119068.61155433932,131229.90999006975,117273.70717578563,119594.33202544517,121960.64976905931
2026-07-07 16:50:00+00:00,120833.05578371086,109918.71556216673,119660.96289033892,131881.87892271156,117787.96748043035,120159.77296583564,122394.4815933483
2026-07-07 16:55:00+00:00,121405.27303309664,110404.71481772298,120212.32532752793,132494.23090707007,118298.67708545059,120710.87476351137,122858.87181988238
2026-07-07 17:00:00+00:00,121911.14370258532,110870.8848918682,120712.75350478858,133058.2748933839,118805.15577578056,121243.5819203848,123361.46815460222
2026-07-07 17:05:00+00:00,122364.41251844326,111324.53540454447,121172.92794331565,133589.3712254827,119321.61148652203,121775.25828176629,123927.88285136933
2026-07-07 17:10:00+00:00,122789.95899106872,111775.05189188386,121611.8347338295,134108.11775216204,119857.84741676063,122321.51953455262,124567.56179931003
2026-07-07 17:15:00+00:00,123191.61803928553,112221.41109880306,122031.98686950064,134613.6796811095,120406.57624740631,122875.68794303566,125263.90315726229
2026-07-07 17:20:00+00:00,123573.22458191762,112662.58977021869,122435.89734349964,135105.2222200127,120960.510659369,123431.08577150735,126000.30508406406
2026-07-07 17:25:00+00:00,123938.61353778887,113097.56465104749,122826.079148997,135581.91057655925,121512.36333355872,123981.03528425962,126760.16573855327
2026-07-07 17:30:00+00:00,124291.61982572319,113525.31248620614,123205.04527916329,136042.90995843665,122054.8469508854,124518.85874558437,127526.8832795679
2026-07-07 17:35:00+00:00,124636.07836454442,113944.81002061126,123575.30872716899,136487.38557333255,122580.674192259,125037.87841977354,128283.85586594585
2026-07-07 17:40:00+00:00,124975.82407307648,114355.03399917956,123939.38248618467,136914.5026289345,123082.55773858947,125531.41657111904,129014.48165652511
2026-07-07 17:45:00+00:00,125314.69187014326,114754.9611668277,124299.77954938087,137323.42633293013,123553.21027078679,125992.79546391281,129702.1588101436
2026-07-07 17:50:00+00:00,125656.51667456867,115143.56826847242,124659.01290992807,137713.321893007,123985.3444697609,126415.33736244673,130330.28548563928
2026-07-07 17:55:00+00:00,126005.13340517656,115519.8320490303,125019.59556099688,138083.3545168527,124371.67301642177,126792.36453101276,130882.25984185009
2026-07-07 18:00:00+00:00,126364.37698079084,115882.72925341809,125384.04049575777,138432.6894121548,124704.90859167936,127117.19923390282,131341.48003761398
2026-07-07 18:05:00+00:00,126732.69536685813,116238.68353208907,125756.73083414968,138766.07869633342,124993.85331773057,127395.72265310989,131732.06501441472
2026-07-07 18:10:00+00:00,127104.92182513147,116593.38143796157,126137.78609053878,139088.75361005138,125255.19235780466,127642.26872255318,132091.83603318702
2026-07-07 18:15:00+00:00,127479.46921889453,116944.69406964965,126523.32384973628,139400.5980458603,125493.46295436019,127862.838834414,132424.7447319452
2026-07-07 18:20:00+00:00,127854.75041143087,117290.49252576742,126909.46169655352,139701.49589631194,125713.20234985568,128063.43438087354,132734.7427487035
2026-07-07 18:25:00+00:00,128229.17826602413,117628.64790492896,127292.31721580181,139991.33105395798,125918.94778674966,128250.05675411307,133025.7817214763
2026-07-07 18:30:00+00:00,128601.16564595787,117957.03130574839,127668.00799229248,140269.98741135007,126115.23650750068,128428.7073463139,133301.81328827792
2026-07-07 18:35:00+00:00,128969.12541451574,118273.51382683983,128032.65161083677,140537.34886103994,126306.60575456722,128605.38754965723,133566.78908712268
2026-07-07 18:40:00+00:00,129331.47043498133,118575.96656681733,128382.36565624601,140793.29929557923,126497.5927704079,128786.09875632434,133824.66075602488
2026-07-07 18:45:00+00:00,129686.61357063825,118862.260624295,128713.26771333152,141037.72260751965,126692.73479748114,128976.8423584965,134079.37993299888
2026-07-07 18:50:00+00:00,130032.96768477009,119130.26709788694,129021.47536690456,141270.5026894129,126896.56907824558,129183.61974835496,134334.89825605892
2026-07-07 18:55:00+00:00,130368.94564066047,119377.85708620728,129303.10620177645,141491.5234338107,127113.63285515968,129412.43231808096,134595.1673632194
2026-07-07 19:00:00+00:00,130692.96030159299,119602.90168787008,129554.27780275852,141700.66873326467,127348.46337068199,129669.28145985576,134864.13889249458
2026-07-07 19:05:00+00:00,131016.60120819123,119807.7777970851,129782.42772259968,141903.16832120856,127603.34839455086,129973.8991200583,135147.40251863343
2026-07-07 19:10:00+00:00,131349.25510604624,119997.72023959157,129998.20141726,142103.32581223792,127874.98686411239,130333.73520060793,135444.27382298798
2026-07-07 19:15:00+00:00,131686.0306658928,120174.88701129793,130202.52832636755,142299.6359206472,128159.53277323667,130736.36802699663,135749.29330347737
2026-07-07 19:20:00+00:00,132022.03655846565,120341.43610811258,130396.33788955031,142490.59336073085,128453.14011579388,131169.37592471635,136057.00145802056
2026-07-07 19:25:00+00:00,132352.38145449958,120499.52552594389,130580.5595464363,142674.69284678335,128751.9628856541,131620.33721925906,136361.93878453676
2026-07-07 19:30:00+00:00,132672.17402472938,120651.31326070025,130756.12273665355,142850.429093099,129052.15507668747,132076.83023611672,136658.64578094488
2026-07-07 19:35:00+00:00,132976.52293988978,120798.95730829009,130923.95689983007,143016.29681397238,129349.87068276411,132526.4333007812,136941.66294516413
2026-07-07 19:40:00+00:00,133260.53687071556,120944.61566462177,131084.99147559388,143170.79072369786,129641.26369775417,132956.72473874455,137205.53077511344
2026-07-07 19:45:00+00:00,133519.32448794149,121090.4463256037,131240.15590357297,143312.40553656995,129922.48811552774,133355.28287549876,137444.78976871193
2026-07-07 19:50:00+00:00,133747.99446230236,121238.60728714427,131390.37962339545,143439.63596688298,130189.697929955,133709.68603653566,137653.98042387867
2026-07-07 19:55:00+00:00,133941.65546453293,121391.25654515189,131536.59207468922,143550.9767289315,130439.04713490601,134007.51254734732,137827.64323853274
2026-07-07 20:00:00+00:00,134095.41616536796,121550.55209553495,131679.72269708238,143644.9225370099,130666.68972425096,134236.3407334256,137960.31871059316
2026-07-07 20:05:00+00:00,134226.83155193538,121726.61456243956,131823.91139596564,143729.6811996537,130889.46169775211,134426.08340753612,138069.62675843513
2026-07-07 20:10:00+00:00,134355.6015483684,121923.53056735445,131971.13278676954,143813.63035496642,131122.94090302737,134613.17479808524,138175.9929693381
2026-07-07 20:15:00+00:00,134480.0522309097,122134.40710220189,132119.06837418178,143895.51946159432,131361.3941057303,134794.97535402616,138278.16634457765
2026-07-07 20:20:00+00:00,134598.50967580214,122352.35115890413,132265.39966289006,143974.09797818388,131599.08807151442,134968.84552431217,138374.89588542923
2026-07-07 20:25:00+00:00,134709.29995928833,122570.46972938349,132407.80815758204,144048.11536338145,131830.28956603323,135132.1457578965,138464.9305931684
2026-07-07 20:30:00+00:00,134810.74915761108,122781.86980556221,132543.9753629455,144116.32107583337,132049.2653549403,135282.23650373245,138547.01946907063
2026-07-07 20:35:00+00:00,134901.18334701305,122979.65837936259,132671.58278366807,144177.464574186,132250.28220388913,135416.47821077314,138619.91151441153
2026-07-07 20:40:00+00:00,134978.92860373703,123156.94244270687,132788.3119244374,144230.29531708566,132427.6068785333,135532.2313279719,138682.35573046652
2026-07-07 20:45:00+00:00,135042.31100402575,123306.82898751737,132891.8442899413,144273.56276317875,132575.50614452633,135626.85630428197,138733.10111851117
2026-07-07 20:50:00+00:00,135089.65662412194,123422.42500571633,132979.8613848674,144306.0163711117,132688.24676752172,135697.7135886566,138770.89667982105
2026-07-07 20:55:00+00:00,135119.2915402683,123496.83748922605,133050.0447139034,144326.4055995308,132760.09551317303,135742.16363004895,138794.4914156715
2026-07-07 21:00:00+00:00,135129.5418287076,123523.17342996877,133100.075781737,144333.4799070824,132785.3191471338,135757.56687741238,138802.63432733825
2026-07-07 21:05:00+00:00,135125.82546684242,123515.34010607345,133138.54278542535,144324.72651911833,132769.991456619,135752.0609912248,138797.83700683273
2026-07-07 21:10:00+00:00,135115.02757352445,123492.5791056971,133175.36370651907,144299.89295466268,132726.30249418083,135736.1202734262,138784.18310930437
2026-07-07 21:15:00+00:00,135097.67493716994,123455.99888580413,133210.21472644617,144261.11911287048,132657.69342347872,135710.61013516295,138762.77973073546
2026-07-07 21:20:00+00:00,135074.29434619515,123406.70790335894,133242.77202663437,144210.54489289658,132567.60540817206,135676.39598758123,138734.7339671082
2026-07-07 21:25:00+00:00,135045.41258901643,123345.81461532594,133272.71178851163,144150.31019389597,132459.47961192028,135634.34324182742,138701.1529144049
2026-07-07 21:30:00+00:00,135011.55645404995,123274.42747866953,133299.7101935059,144082.5549150236,132336.7571983828,135585.31730904776,138663.1436686078
2026-07-07 21:35:00+00:00,134973.25272971205,123193.65495035413,133323.443423045,144009.4189554344,132202.87933121898,135530.18360038858,138621.81332569916
2026-07-07 21:40:00+00:00,134931.02820441898,123104.60548734412,133343.58765855688,143933.04221428328,132061.28717408827,135469.80752699613,138578.2689816613
2026-07-07 21:45:00+00:00,134885.40966658702,123008.38754660393,133359.81908146944,143855.56459072523,131915.42189065003,135405.05450001673,138533.6177324764
2026-07-07 21:50:00+00:00,134836.92390463248,122906.10958509796,133371.8138732105,143779.12598391512,131768.72464456368,135336.78993059666,138488.9666741268
2026-07-07 21:55:00+00:00,134786.09770697157,122798.88005979061,133379.24821520803,143705.866293008,131624.63659948867,135265.8792298822,138445.42290259473
2026-07-07 22:00:00+00:00,134733.45786202062,122687.80742764629,133381.7982888899,143637.9254171587,131486.59891908438,135193.18780901964,138404.09351386243
2026-07-07 22:05:00+00:00,134670.53455062394,122548.13996597077,133361.99192604504,143575.60852682806,131351.23792454266,135110.06318351487,138365.70594960876
2026-07-07 22:10:00+00:00,134589.37529380264,122358.70288862009,133305.25606530637,143516.72389916205,131212.17034801593,135008.04267523732,138329.41477579914
2026-07-07 22:15:00+00:00,134491.2828902381,122125.9700573841,133215.61554836747,143459.66609334332,131068.32296960425,134888.27640487865,138293.96777484583
2026-07-07 22:20:00+00:00,134377.5601386117,121856.41533405261,133097.09521692214,143402.82966855456,130918.62256940783,134751.91449313052,138258.11272916102
2026-07-07 22:25:00+00:00,134249.50983760488,121556.51258041545,132953.719912664,143344.60918397846,130761.99592752679,134600.1070606845,138220.59742115682
2026-07-07 22:30:00+00:00,134108.43478589898,121232.73565826245,132789.51447728687,143283.39919879776,130597.36982406127,134434.00422823228,138180.16963324556
2026-07-07 22:35:00+00:00,133955.6377821754,120891.55842938345,132608.5037524843,143217.59427219504,130423.67103911142,134254.75611646546,138135.57714783942
2026-07-07 22:40:00+00:00,133792.42162511553,120539.45475556827,132414.7125799501,143145.58896335308,130239.82635277735,134063.51284607573,138085.56774735055
2026-07-07 22:45:00+00:00,133620.08911340078,120182.89849860672,132212.16580137797,143065.77783145453,130044.76254515923,133861.42453775465,138028.88921419124
2026-07-07 22:50:00+00:00,133439.9430457125,119828.36352028865,132004.88825846158,142976.55543568206,129837.4063963572,133649.64131219394,137964.2893307736
2026-07-07 22:55:00+00:00,133253.28622073215,119482.3236824039,131796.9047928946,142876.31633521835,129616.68468647139,133429.31329008515,137890.5158795099
2026-07-07 23:00:00+00:00,133061.42143714105,119151.25284674225,131592.24024637078,142763.45508924616,129381.52419560195,133201.59059212,137806.31664281234
2026-07-07 23:05:00+00:00,132850.73083784303,118823.05500495667,131377.1720683787,142615.29195374204,129113.46828659152,132945.98344925357,137656.4320876189
2026-07-07 23:10:00+00:00,132608.98490946926,118482.80889933274,131136.84545673212,142414.04005547197,128799.40235454467,132645.65489196862,137397.1608660902
2026-07-07 23:15:00+00:00,132339.56896629222,118132.75051760937,130873.58687561243,142165.4332598026,128446.26622795427,132307.23424024822,137044.58803847234
2026-07-07 23:20:00+00:00,132045.8683225844,117775.11584752546,130589.72278920113,141875.2054321006,128060.99973531326,131937.35081407538,136614.7986650115
2026-07-07 23:25:00+00:00,131731.26829261836,117412.14087681992,130287.57966167963,141549.09043773264,127650.54270511455,131542.63393343316,136123.87780595385
2026-07-07 23:30:00+00:00,131399.1541906665,117046.0615932316,129969.48395722941,141192.82214206536,127221.83496585107,131129.71291830463,135587.91052154542
2026-07-07 23:35:00+00:00,131052.91133100139,116679.1139844994,129637.7621400319,140812.13441046537,126781.81634601571,130705.21708867286,135022.9818720324
2026-07-07 23:40:00+00:00,130695.92502789546,116313.53403836225,129294.74067426854,140412.76110829946,126337.42667410141,130275.77576452083,134445.17691766092
2026-07-07 23:45:00+00:00,130331.58059562121,115951.55774255902,128942.74602412077,140000.4361009342,125895.6057786011,129848.01826583169,133870.58071867708
2026-07-07 23:50:00+00:00,129963.26334845116,115595.4210848286,128584.10465377006,139580.89325373626,125463.29348800765,129428.57391258836,133315.27833532708
2026-07-07 23:55:00+00:00,129594.35860065777,115247.36005290989,128221.1430273978,139159.86643207227,125047.42963081402,129024.07202477398,132795.354827857
2026-07-08 00:00:00+00:00,129228.25166651355,114909.6106345418,127856.1876091855,138743.08950130898,124654.95403551312,128641.14192237158,132326.89525651297
2026-07-08 00:05:00+00:00,128852.04767730857,114580.33903138798,127474.37092035705,138300.55814336086,124275.59677355157,128267.60238156059,131894.14373637372
2026-07-08 00:10:00+00:00,128453.41862060742,114255.86348343898,127063.01163765315,137805.50125147178,123895.21653867899,127888.45387308471,131469.47925018426
2026-07-08 00:15:00+00:00,128036.6000950944,113935.64803592395,126627.71545853047,137268.50250800245,123514.94609284255,127506.09825877335,131051.1891596903
2026-07-08 00:20:00+00:00,127605.82769945376,113619.15673407208,126174.08808044557,136700.1455953134,123135.91819798957,127122.93740045592,130637.56082663746
2026-07-08 00:25:00+00:00,127165.33703236982,113305.8536231125,125707.73520085511,136111.0141957653,122759.26561606732,126741.3731599619,130226.88161277147
2026-07-08 00:30:00+00:00,126719.36369252681,112995.20274827443,125234.2625172157,135511.69199171886,122386.12110902305,126363.80739912069,129817.43887983792
2026-07-08 00:35:00+00:00,126272.14327860904,112686.66815478698,124759.275726984,134912.76266553465,122017.61743880404,125992.64197976173,129407.5199895825
2026-07-08 00:40:00+00:00,125827.91138930079,112379.71388787932,124288.38052761658,134324.80989957327,121654.88736735756,125630.27876371444,128995.4123037509
2026-07-08 00:45:00+00:00,125390.90362328633,112073.80399278062,123827.18261657009,133758.41737619546,121299.06365663087,125279.11961280822,128579.40318408876
2026-07-08 00:50:00+00:00,124965.35557924994,111768.40251472006,123381.28769130114,133224.16877776178,120951.27906857122,124941.56638887255,128157.77999234175
2026-07-08 00:55:00+00:00,124555.50285587591,111462.97349892677,122956.3014492664,132732.64778663288,120612.66636512592,124620.02095373682,127728.83009025553
2026-07-08 01:00:00+00:00,124165.58105184851,111156.98099062996,122557.82958792243,132294.43808516941,120284.3583082422,124316.88516923047,127290.84083957579
2026-07-08 01:05:00+00:00,123800.36898212823,110859.30083935136,122188.77996766022,131906.3825859045,119976.19965845534,124040.11231816978,126847.55859982804
2026-07-08 01:10:00+00:00,123458.04231063026,110576.15853056964,121844.47715854517,131553.40527806722,119692.96297969922,123791.50281720803,126403.15194291598
2026-07-08 01:15:00+00:00,123132.93190947096,110303.04256344933,121519.1519225457,131228.21145906247,119428.17273901914,123564.22922893015,125956.54154915252
2026-07-08 01:20:00+00:00,122819.3686507667,110035.44143715502,121207.03502163017,130923.5064262949,119175.35340346032,123351.46411592109,125506.64809885052
2026-07-08 01:25:00+00:00,122511.68340663378,109768.8436508512,120902.35721776697,130631.99547716936,118928.02944006803,123146.38004076578,125052.39227232289
2026-07-08 01:30:00+00:00,122204.20704918855,109498.73770370241,120599.3492729245,130346.38390909055,118679.7253158875,122942.14956604915,124592.6947498825
2026-07-08 01:35:00+00:00,121891.2704505474,109220.61209487321,120292.24194907113,130059.3770194633,118423.96549796399,122731.9452543561,124126.4762118423
2026-07-08 01:40:00+00:00,121567.20448282662,108929.95532352815,119975.26600817524,129763.6801056923,118154.27445334273,122508.93966827163,123652.65733851508
2026-07-08 01:45:00+00:00,121226.34001814261,108622.25588883174,119642.65221220524,129451.99846518233,117864.176649069,122266.30537038064,123170.15881021385
2026-07-08 01:50:00+00:00,120863.00792861167,108293.00228994855,119288.63132312948,129117.03739533821,117547.19655218806,121997.21492326805,122677.9013072514
2026-07-08 01:55:00+00:00,120471.53908635015,107937.6830260431,118907.43410291635,128751.50219356462,117196.85862974513,121694.8408895188,122174.80550994068
2026-07-08 02:00:00+00:00,120046.26436347443,107551.78659627994,118493.29131353425,128348.0981572664,116806.68734878546,121352.35583171788,121659.79209859455
2026-07-08 02:05:00+00:00,119570.35017498297,107105.61899612813,118032.72745647037,127895.6393181834,116338.81155717341,120934.8574355976,121129.06932988671
2026-07-08 02:10:00+00:00,119036.729677791,106582.00795776457,117521.28215654232,127392.5720942487,115770.76688297755,120421.08048365415,120581.00770882328
2026-07-08 02:15:00+00:00,118454.38385688985,105995.22458541566,116966.70886071413,126846.05036215686,115119.18796354944,119824.65318361818,120017.77128821568
2026-07-08 02:20:00+00:00,117832.29369727093,105359.53998330771,116376.76101594984,126263.22799860244,114400.70943624068,119159.20374322035,119441.52412087547
2026-07-08 02:25:00+00:00,117179.44018392563,104689.22525566713,115759.19206921347,125651.25888027994,113631.96593840283,118438.3603701913,118854.4302596141
2026-07-08 02:30:00+00:00,116504.80430184527,103998.55150672022,115121.75546746906,125017.29688388399,112829.59210738748,117675.75127226168,118258.65375724308
2026-07-08 02:35:00+00:00,115817.36703602131,103301.78984069338,114472.20465768063,124368.49588610907,112010.22258054621,116885.00465716218,117656.3586665739
2026-07-08 02:40:00+00:00,115126.10937144508,102613.21136181292,113818.29308681218,123712.00976364975,111190.49199523061,116079.74873262337,117049.70904041802
2026-07-08 02:45:00+00:00,114440.01229310797,101947.08717430523,113167.77420182778,123054.99239320059,110387.03498879223,115273.61170637597,116440.86893158699
2026-07-08 02:50:00+00:00,113768.05678600133,101317.68838239663,112528.40144969142,122404.59765145612,109616.48619858269,114480.22178615062,115832.00239289225
2026-07-08 02:55:00+00:00,113119.2238351166,100739.2860903135,111907.92827736716,121767.97941511091,108895.48026195356,113713.20717967793,115225.27347714531
2026-07-08 03:00:00+00:00,112502.49442544511,100226.1514022822,111314.10813181901,121152.29156085948,108240.65181625639,112986.1960946886,114622.84623715766
2026-07-08 03:05:00+00:00,111908.22105159074,99766.0705770425,110736.37550179313,120551.22216700396,107635.38899822527,112272.41175033517,114021.09603858533
2026-07-08 03:10:00+00:00,111320.37886333355,99334.22654989995,110159.50797856487,119952.94929462267,107050.26169899176,111539.94479316828,113415.33724942102
2026-07-08 03:15:00+00:00,110738.38282842914,98925.98543992953,109584.27366289216,119356.36179457438,106482.67718750362,110794.7245720155,112806.14242598136
2026-07-08 03:20:00+00:00,110161.64791463321,98536.71336620618,109011.44065553289,118760.34851771791,105930.04273270867,110042.68043570449,112194.08412458294
2026-07-08 03:25:00+00:00,109589.58908970137,98161.77644780486,108441.77705724492,118163.79831491207,105389.76560355465,109289.74173306288,111579.7349015423
2026-07-08 03:30:00+00:00,109021.6213213893,97796.54080380056,107876.05096878622,117565.60003701567,104859.25306898945,108541.83781291833,110963.66731317603
2026-07-08 03:35:00+00:00,108457.15957745259,97436.37255326821,107315.03049091464,116964.64253488749,104335.91239796077,107804.89802409844,110346.45391580075
2026-07-08 03:40:00+00:00,107895.61882564693,97076.6378152828,106759.48372438808,116359.81465938641,103817.15085941645,107084.85171543084,109728.66726573299
2026-07-08 03:45:00+00:00,107336.41403372798,96712.70270891929,106210.17876996446,115750.00526137115,103300.37572230428,106387.62823574319,109110.87991928938
2026-07-08 03:50:00+00:00,106778.96016945134,96339.93335325264,105667.88372840166,115134.10319170056,102782.99425557202,105719.15693386312,108493.66443278646
2026-07-08 03:55:00+00:00,106222.67220057268,95953.69586735779,105133.36670045758,114510.99730123347,102262.4137281675,105085.36715861825,107877.59336254087
2026-07-08 04:00:00+00:00,105666.96509484765,95549.35637030973,104607.39578689012,113879.57644082862,101736.04140903849,104492.18825883624,107263.23926486912
2026-07-08 04:05:00+00:00,105107.22602842166,95123.58021779313,104088.70820890536,113225.8512731773,101200.91453990033,103932.52842466593,106638.77057469518
2026-07-08 04:10:00+00:00,104541.13738625501,94679.19490740084,103575.51990971772,112542.03768486973,100657.96062242344,103394.06100755218,105996.03350735086
2026-07-08 04:15:00+00:00,103971.5569493256,94220.80977107008,103067.8170730976,111836.3323626134,100110.42231548816,102874.8630982666,105341.11728976447
2026-07-08 04:20:00+00:00,103401.34249861137,93753.03414073809,102565.58588281539,111116.93199311571,99561.5422779749,102373.01178758084,104680.11114886438
2026-07-08 04:25:00+00:00,102833.35181509021,93280.47734834207,102068.81252264148,110392.03326308409,99014.56316876403,101886.58416626645,104019.10431157892
2026-07-08 04:30:00+00:00,102270.44267974007,92807.74872581929,101577.4831763463,109669.83285922595,98472.72764673593,101413.65732509505,103364.18600483646
2026-07-08 04:35:00+00:00,101715.47287353883,92339.45760510693,101091.5840277002,108958.5274682487,97939.27837077096,100952.30835483827,102721.44545556532
2026-07-08 04:40:00+00:00,101171.30017746445,91880.21331814227,100611.10126047363,108266.31377685981,97417.45799974952,100500.6143462677,102096.97189069388
2026-07-08 04:45:00+00:00,100640.78237249482,91434.6251968625,100136.02105843695,107601.38847176668,96910.50919255197,100056.65239015498,101496.85453715047
2026-07-08 04:50:00+00:00,100126.77723960787,91007.30257320486,99666.32960536057,106971.94823967673,96421.6746080587,99618.4995772717,100927.18262186347
2026-07-08 04:55:00+00:00,99632.14255978151,90602.85477910658,99202.01308501489,106386.1897672974,95954.1969051501,99184.23299838947,100394.0453717612
2026-07-08 05:00:00+00:00,99159.73611399365,90225.89114650487,98743.05768117029,105852.30974133611,95511.3187427065,98751.92974427989,99903.53201377198
2026-07-08 05:05:00+00:00,98703.06347439771,89870.10628026907,98283.17831916283,105355.64202982519,95086.11280273851,98318.72337461927,99445.96621818196
2026-07-08 05:10:00+00:00,98254.22250703846,89525.68509163907,97818.26827327175,104875.96059977388,94669.83964024184,97884.63893485196,99006.84324738092
2026-07-08 05:15:00+00:00,97813.95943373094,89191.97237210798,97351.58125068234,104413.12228635495,94263.02372357468,97452.09074440172,98585.00971645296
2026-07-08 05:20:00+00:00,97383.02047629023,88868.31291316889,96886.37095857984,103966.98392474125,93866.18952109519,97023.49312269219,98179.312240482
2026-07-08 05:25:00+00:00,96962.15185653132,88554.05150631494,96425.89110414946,103537.4023501055,93479.86150116153,96601.26038914714,97788.59743455207
2026-07-08 05:30:00+00:00,96552.09979626926,88248.53294303922,95973.39539457647,103124.23439762056,93104.56413213185,96187.80686319026,97411.71191374719
2026-07-08 05:35:00+00:00,96153.6105173191,87951.10201483482,95532.13753704612,102727.33690245917,92740.82188236434,95785.54686424525,97047.50229315135
2026-07-08 05:40:00+00:00,95767.4302414959,87661.10351319486,95105.37123874368,102346.56669979412,92389.15922021716,95396.89471173585,96694.81518784854
2026-07-08 05:45:00+00:00,95394.30519061464,87377.88222961249,94696.35020685436,101981.78062479821,92050.10061404845,95024.26472508574,96352.49721292278
2026-07-08 05:50:00+00:00,95034.98158649042,87100.78295558075,94308.32814856345,101632.83551264426,91724.17053221639,94670.07122371865,96019.39498345809
2026-07-08 05:55:00+00:00,94690.20565093825,86829.15048259277,93944.55877105617,101299.58819850504,91411.89344307916,94336.7285270583,95694.35511453844
2026-07-08 06:00:00+00:00,94360.72360577315,86562.32960214169,93608.29578151777,100981.89551755332,91113.79381499489,94026.65095452839,95376.22422124784
2026-07-08 06:05:00+00:00,94039.51560309445,86296.11060519767,93290.52089484542,100678.79698694572,90822.8395218878,93733.47131282209,95064.27088112367
2026-07-08 06:10:00+00:00,93720.52284816443,86028.23969430878,92980.65999419556,100388.72663301924,90533.19939534625,93449.36068065884,94758.7541120386
2026-07-08 06:15:00+00:00,93405.93314254271,85760.99552833504,92679.63303914247,100110.63305471727,90247.1993402247,93174.54078550184,94460.00618957976
2026-07-08 06:20:00+00:00,93097.93428778881,85496.65676613635,92388.35998926032,99843.46485098325,89967.1652613776,92909.23335481435,94168.35938933419
2026-07-08 06:25:00+00:00,92798.71408546233,85237.50206657272,92107.7608041234,99586.17062076057,89695.42306365937,92653.66011605947,93884.14598688894
2026-07-08 06:30:00+00:00,92510.4603371228,84985.8100885041,91838.75544330588,99337.69896299267,89434.29865192449,92408.04279670044,93607.6982578311
2026-07-08 06:35:00+00:00,92235.36084432983,84743.85949079045,91582.26386638204,99096.99847662292,89186.11793102742,92172.60312420042,93339.34847774776
2026-07-08 06:40:00+00:00,91975.60340864299,84513.92893229173,91339.20603292604,98863.01776059474,88953.20680582254,91947.56282602265,93079.42892222595
2026-07-08 06:45:00+00:00,91733.37583162182,84298.29707186791,91110.50190251217,98634.70541385155,88737.89118116436,91733.1436296303,92828.27186685278
2026-07-08 06:50:00+00:00,91510.86591482592,84099.24256837895,90897.07143471464,98411.01003533675,88542.49696190731,91529.56726248653,92586.2095872153
2026-07-08 06:55:00+00:00,91310.26145981484,83919.04408068483,90699.83458910768,98190.88022399374,88369.35005290584,91337.05545205456,92353.57435890059
2026-07-08 07:00:00+00:00,91133.75026814816,83759.9802676455,90519.7113252655,97973.26457876596,88220.77635901437,91155.82992579759,92130.69845749567
2026-07-08 07:05:00+00:00,90971.85780203425,83614.53527702353,90350.13216712084,97750.10791359204,88089.7010256646,90975.63116338031,91907.74814792402
2026-07-08 07:10:00+00:00,90814.37588189336,83474.04352509291,90184.60432433762,97517.18497580013,87967.13593025134,90788.87609451816,91677.58452599369
2026-07-08 07:15:00+00:00,90662.39184660275,83339.05907348082,90024.1627850869,97279.18926441787,87852.53707557387,90599.80112175032,91444.58211361882
2026-07-08 07:20:00+00:00,90516.99303503972,83210.13598381437,89869.8425375397,97040.81427847288,87745.36046443139,90412.64264761603,91213.1154327134
2026-07-08 07:25:00+00:00,90379.26678608159,83087.82831772065,89722.67856986707,96806.75351699277,87645.06209962313,90231.63707465456,90987.55900519161
2026-07-08 07:30:00+00:00,90250.30043860566,82972.69013682684,89583.70587024005,96581.70047900517,87551.09798394833,90061.0208054051,90772.28735296748
2026-07-08 07:35:00+00:00,90131.18133148922,82865.27550276008,89453.9594268297,96370.34866353773,87462.92412020623,89905.03024240691,90571.67499795512
2026-07-08 07:40:00+00:00,90022.99680360957,82766.13847714747,89334.47422780702,96177.39156961805,87379.99651119603,89767.90178819919,90390.09646206861
2026-07-08 07:45:00+00:00,89926.83419384401,82675.83312161616,89226.28526134307,96007.52269627375,87301.77115971701,89653.8718453212,90231.92626722204
2026-07-08 07:50:00+00:00,89843.78084106988,82594.91349779327,89130.4275156089,95865.43554253248,87227.70406856836,89567.17681631217,90101.53893532946
2026-07-08 07:55:00+00:00,89774.92408416442,82523.93366730594,89047.93597877552,95755.82360742187,87157.25124054933,89512.05310371131,90003.30898830501
2026-07-08 08:00:00+00:00,89721.35126200494,82463.4476917813,88979.845639014,95683.3803899695,87089.86867845916,89492.73711005786,89941.61094806275
2026-07-08 08:05:00+00:00,89676.39018103048,82408.46522601385,88919.61679258004,95632.28471798525,87022.38798179156,89493.76378721751,89900.74176076686
2026-07-08 08:10:00+00:00,89632.94760360521,82354.14938252934,88860.53899043432,95583.81706572948,86952.9923874381,89496.76641968095,89862.23359815712
2026-07-08 08:15:00+00:00,89591.47930249419,82301.28440955176,88803.3911028053,95538.32340190561,86883.16535429472,89501.62890892496,89826.31382051097
2026-07-08 08:20:00+00:00,89552.44105046247,82250.65455530508,88748.95199992154,95496.14969521704,86814.39034125736,89508.2351564263,89793.20978810581
2026-07-08 08:25:00+00:00,89516.28862027511,82203.0440680133,88698.00055201146,95457.64191436727,86748.15080722194,89516.46906366172,89763.1488612191
2026-07-08 08:30:00+00:00,89483.47778469723,82159.23719590036,88651.31562930364,95423.14602805965,86685.93021108441,89526.21453210799,89736.35840012827
2026-07-08 08:35:00+00:00,89454.46431649383,82120.0181871903,88609.67610202651,95393.00800499765,86629.21201174072,89537.35546324185,89713.06576511078
2026-07-08 08:40:00+00:00,89429.70398842999,82086.17129010707,88573.86084040861,95367.57381388468,86579.47966808682,89549.7757585401,89693.49831644402
2026-07-08 08:45:00+00:00,89409.6525732708,82058.48075287466,88544.6487146784,95347.18942342419,86538.2166390186,89563.35931947947,89677.88341440544
2026-07-08 08:50:00+00:00,89394.7658437813,82037.73082371707,88522.81859506443,95332.2008023196,86506.90638343207,89577.99004753675,89666.4484192725
2026-07-08 08:55:00+00:00,89385.49957272653,82024.70575085824,88509.14935179512,95322.95391927433,86487.03236022312,89593.55184418868,89659.42069132261
2026-07-08 09:00:00+00:00,89382.3095328716,82020.1897825222,88504.41985509903,95319.79474299181,86480.07802828771,89609.92861091201,89657.02759083323
2026-07-08 09:05:00+00:00,89400.76173200675,82047.28784312725,88523.23871663009,95333.20362503176,86498.6754201963,89630.21120101398,89677.74454318656
2026-07-08 09:10:00+00:00,89453.6952584729,82124.17283016346,88577.17865747777,95371.77519841988,86551.5035182191,89657.5527654691,89737.24716646684
2026-07-08 09:15:00+00:00,89537.47550586108,82244.2309514624,88662.46471202378,95433.02685405857,86634.11620580169,89691.93065225515,89831.56311000437
2026-07-08 09:20:00+00:00,89648.46786776232,82400.84841485566,88775.3219146498,95514.4759828502,86742.0673663896,89733.32220934988,89956.72002312951
2026-07-08 09:25:00+00:00,89783.03773776768,82587.41142817482,88911.97529973759,95613.6399756972,86870.9108834284,89781.70478473105,90108.74555517265
2026-07-08 09:30:00+00:00,89937.55050946819,82797.30619925147,89068.64990166885,95728.03622350193,87016.20064036365,89837.0557263764,90283.66735546409
2026-07-08 09:35:00+00:00,90108.37157645488,83023.91893591719,89241.57075482527,95855.18211716681,87173.49052064089,89899.35238226375,90477.51307333418
2026-07-08 09:40:00+00:00,90291.8663323188,83260.63584600356,89426.96289358861,95992.59504759424,87338.33440770567,89968.57210037083,90686.31035811332
2026-07-08 09:45:00+00:00,90484.400170651,83500.84313734215,89621.05135234055,96137.79240568659,87506.28618500357,90044.69222867537,90906.08685913181
2026-07-08 09:50:00+00:00,90682.33848504248,83737.92701776457,89820.06116546282,96288.29158234628,87672.89973598016,90127.69011515517,91132.87022572002
2026-07-08 09:55:00+00:00,90882.0466690843,83965.27369510235,90020.2173673371,96441.6099684757,87833.72894408094,90217.54310778799,91362.6881072083
2026-07-08 10:00:00+00:00,91079.89011636752,84176.26937718714,90217.74499234516,96595.26495497725,87984.32769275151,90314.22855455158,91591.56815292701
2026-07-08 10:05:00+00:00,91293.93322886156,84377.48150952674,90428.7480175324,96763.20213620366,88128.20889249649,90452.88437368236,91844.40399583221
2026-07-08 10:10:00+00:00,91541.68017311301,84580.47187831937,90669.41380487512,96959.22325680463,88272.65583656478,90661.90464885155,92144.12919907033
2026-07-08 10:15:00+00:00,91818.65598957856,84786.11820243206,90936.09246615137,97180.62993312783,88418.87798251827,90931.15097618898,92483.83130725728
2026-07-08 10:20:00+00:00,92120.38571871496,84995.29820073188,91225.13411313917,97424.72378152101,88568.08478791892,91250.48495182458,92856.59786500895
2026-07-08 10:25:00+00:00,92442.39440097884,85208.88959208592,91532.88885761652,97688.80641833194,88721.48571032866,91609.76817188818,93255.51641694127
2026-07-08 10:30:00+00:00,92780.20707682699,85427.77009536125,91855.70681136147,97970.17945990831,88880.29020730942,91998.86223250968,93673.67450767012
2026-07-08 10:35:00+00:00,93129.34878671604,85652.81742942492,92189.93808615205,98266.14452259784,89045.7077364231,92407.62872981896,94104.15968181136
2026-07-08 10:40:00+00:00,93485.34457110277,85884.90931314403,92531.93279376626,98574.00322274833,89218.94775523167,92825.9292599459,94540.05948398092
2026-07-08 10:45:00+00:00,93843.71947044383,86124.9234653856,92878.04104598217,98891.05717670744,89401.21972129703,93243.62541902036,94974.46145879473
2026-07-08 10:50:00+00:00,94199.99852519597,86373.73760501675,93224.6129545778,99214.60800082293,89593.73309218115,93650.57880317223,95400.45315086863
2026-07-08 10:55:00+00:00,94549.70677581584,86632.22945090453,93567.99863133112,99541.95731144254,89797.69732544592,94036.65100853138,95811.12210481857
2026-07-08 11:00:00+00:00,94888.3692627602,86901.27672191602,93904.54818802021,99870.40672491398,90014.32187865327,94391.7036312277,96199.5558652604
2026-07-08 11:05:00+00:00,95224.10630946708,87188.55328230275,94243.27795134138,100216.6175508833,90254.20821375646,94728.8788710347,96576.57561948411
2026-07-08 11:10:00+00:00,95567.0079127093,87498.74764958804,94594.0379428163,100594.9833088131,90524.33133897153,95067.6023435675,96956.620893614
2026-07-08 11:15:00+00:00,95915.55362294581,87828.25952254662,94954.42881646103,100999.40392977609,90820.4610312546,95407.16076871847,97338.2067405175
2026-07-08 11:20:00+00:00,96268.22299063552,88173.48859995313,95322.0512262917,101423.77934484486,91138.36706756179,95746.84086637996,97719.84821306198
2026-07-08 11:25:00+00:00,96623.4955662373,88530.8345805823,95694.50582632441,101862.00948509209,91473.81922484921,96085.92935644434,98100.06036411492
2026-07-08 11:30:00+00:00,96979.85090021008,88896.69716320882,96069.39327057521,102307.9942815904,91822.58728007301,96423.7129588039,98477.35824654368
2026-07-08 11:35:00+00:00,97335.76854301276,89267.47604660741,96444.31421306024,102755.63366541248,92180.44101018929,96759.478393351,98850.25691321572
2026-07-08 11:40:00+00:00,97689.72804510426,89639.57092955273,96816.86930779554,103198.82756763093,92543.15019215415,97092.51237997806,99217.27141699842
2026-07-08 11:45:00+00:00,98040.20895694348,90009.38151081951,97184.65920879724,103631.47591931843,92906.48460292377,97422.10163857734,99576.9168107592
2026-07-08 11:50:00+00:00,98385.69082898932,90373.30748918244,97545.28457008139,104047.4786515476,93266.21401945423,97747.53288904123,99927.7081473655
2026-07-08 11:55:00+00:00,98724.6532117007,90727.7485634162,97896.34604566409,104440.73569539111,93618.10821870167,98068.09285126206,100268.16047968471
2026-07-08 12:00:00+00:00,99055.57565553652,91069.10443229551,98235.44428956146,104805.14698192159,93957.9369776222,98383.06824513219,100596.78886058425
2026-07-08 12:05:00+00:00,99382.83974751344,91403.38707020892,98564.82175889939,105144.73786606538,94290.65579497482,98694.55727160137,100919.05068559406
2026-07-08 12:10:00+00:00,99710.96415809661,91738.38141505864,98888.65013610394,105469.2359092361,94624.03558398629,99004.74655681336,101240.32730517247
2026-07-08 12:15:00+00:00,100038.63406291773,92073.14661088998,99207.42391314135,105781.0943522374,94958.06924331434,99313.05545845153,101559.01970457932
2026-07-08 12:20:00+00:00,100364.53463760855,92406.74180174823,99521.63758197789,106082.7664358729,95292.74967161671,99618.90333419923,101873.52886907457
2026-07-08 12:25:00+00:00,100687.35105780071,92738.22613167865,99831.78563457985,106376.70540094619,95628.06976755115,99921.70954173985,102182.2557839181
2026-07-08 12:30:00+00:00,101005.76849912594,93066.65874472652,100138.36256291349,106665.3644882609,95964.02242977539,100220.89343875676,102483.60143436983
2026-07-08 12:35:00+00:00,101318.47213721595,93391.09878493713,100441.86285894508,106951.19693862063,96300.60055694717,100515.8743829333,102775.96680568968
2026-07-08 12:40:00+00:00,101624.14714770245,93710.60539635574,100742.7810146409,107236.65599282904,96637.79704772422,100806.07173195286,103057.75288313755
2026-07-08 12:45:00+00:00,101921.47870621714,94024.23772302763,101041.61152196719,107524.19489168974,96975.6048007643,101090.9048434988,103327.36065197334
2026-07-08 12:50:00+00:00,102209.1519883917,94331.05490899809,101338.84887289024,107816.26687600631,97314.01671472516,101369.7930752545,103583.19109745696
2026-07-08 12:55:00+00:00,102485.85216985787,94630.1160983124,101634.98755937634,108115.32518658241,97653.02568826452,101642.15578490331,103823.64520484833
2026-07-08 13:00:00+00:00,102750.26442624733,94920.48043501584,101930.52207339175,108423.82306422165,97992.62462004011,101907.4123301286,104047.12395940737
2026-07-08 13:05:00+00:00,102998.59396056584,95202.01112611413,102222.39269852755,108734.55883869578,98332.63099427469,102162.33933673195,104250.85984671093
2026-07-08 13:10:00+00:00,103230.28456850564,95475.85887932498,102508.14257061861,109040.30601499406,98672.9388628509,102405.71164758851,104435.73346662776
2026-07-08 13:15:00+00:00,103448.87931472821,95743.01408976161,102789.17045999691,109343.48059674623,99013.65597591622,102639.945945992,104605.61797585573
2026-07-08 13:20:00+00:00,103657.92126389498,96004.46715253723,103066.87513699436,109646.49858758213,99354.8900836182,102867.45891523616,104764.38653109259
2026-07-08 13:25:00+00:00,103860.9534806674,96261.20846276505,103342.6553719429,109951.77599113157,99696.74893610433,103090.66723861473,104915.91228903615
2026-07-08 13:30:00+00:00,104061.51902970698,96514.22841555832,103617.90993517448,110261.7288110243,100039.34028352218,103311.98759942138,105064.06840638425
2026-07-08 13:35:00+00:00,104263.16097567511,96764.51740603021,103894.03759702107,110578.77305089014,100382.77187601924,103533.83668094991,105212.72803983463
2026-07-08 13:40:00+00:00,104469.4223832333,97013.06582929398,104172.43712781456,110905.3247143589,100727.15146374301,103758.63116649403,105365.76434608515
2026-07-08 13:45:00+00:00,104683.84631704295,97260.86408046278,104454.50729788693,111243.79980506035,101072.58679684106,103988.78773934746,105527.05048183359
2026-07-08 13:50:00+00:00,104909.97584176555,97508.90255464992,104741.64687757008,111596.6143266243,101419.18562546089,104226.72308280393,105700.45960377774
2026-07-08 13:55:00+00:00,105151.35402206256,97758.17164696856,105035.25463719598,111966.18428268057,101767.05569975002,104474.85388015717,105889.86486861543
2026-07-08 14:00:00+00:00,105411.52392259541,98009.6617525319,105336.72934709657,112354.92567685893,102116.30476985598,104735.59681470091,106099.13943304443
2026-07-08 14:05:00+00:00,105691.63731297229,98258.17663223579,105642.82945579528,112772.52639965247,102463.77888902272,105004.7472204826,106327.00393325732
2026-07-08 14:10:00+00:00,105989.40324115394,98499.33384503498,105950.078502792,113223.72724919254,102807.36066424618,105277.3012681553,106569.64111523995
2026-07-08 14:15:00+00:00,106303.20068933062,98735.3444831312,106259.52289488341,113703.52359056627,103148.7126763018,105554.47689592099,106827.11730038008
2026-07-08 14:20:00+00:00,106631.40863969266,98968.41963872609,106572.20903886613,114206.91078886077,103489.49750596497,105837.49204198181,107099.4988100654
2026-07-08 14:25:00+00:00,106972.40607443034,99200.77040402133,106889.18334153683,114728.88420916323,103831.37773401118,106127.5646445398,107386.85196568367
2026-07-08 14:30:00+00:00,107324.57197573395,99434.60787121866,107211.49220969211,115264.43921656076,104176.01594121585,106425.91264179703,107689.24308862262
2026-07-08 14:35:00+00:00,107686.28532579381,99672.14313251972,107540.18205012867,115808.57117614045,104525.07470835444,106733.75397195554,108006.73850026999
2026-07-08 14:40:00+00:00,108055.92510680019,99915.5872801262,107876.29926964312,116356.27545298952,104880.21661620235,107052.30657321744,108339.40452201349
2026-07-08 14:45:00+00:00,108431.8703009434,100167.15140623982,108220.89027503211,116902.54741219504,105243.10424553504,107382.78838378475,108687.30747524089
2026-07-08 14:50:00+00:00,108812.4998904137,100429.04660306222,108575.00147309228,117442.3824188442,105615.40017712793,107726.41734185956,109050.5136813399
2026-07-08 14:55:00+00:00,109196.19285740143,100703.4839627951,108939.6792706203,117970.77583802407,105998.7669917565,108084.41138564397,109429.08946169824
2026-07-08 15:00:00+00:00,109581.32818409687,100992.67457764017,109315.9700744128,118482.72303482184,106394.86727019615,108457.98845333997,109823.10113770368
2026-07-08 15:05:00+00:00,109968.64488227735,101302.33911940569,109706.29929230674,118979.14799316681,106806.92889618572,108855.6378170861,110253.04924363422
2026-07-08 15:10:00+00:00,110360.66175377589,101634.42568310942,110111.62683487816,119466.1069249275,107235.61441493696,109282.73423201266,110734.22115682792
2026-07-08 15:15:00+00:00,110758.42746586633,101985.4864957672,110530.80086303235,119946.29353709977,107678.73839943469,109735.82386080957,111258.86346326259
2026-07-08 15:20:00+00:00,111162.99068582249,102352.07378439484,110962.66953767466,120422.40153667954,108134.11542266372,110211.45286616668,111819.22274891603
2026-07-08 15:25:00+00:00,111575.40008091822,102730.73977600824,111406.0810197104,120897.12463066267,108599.56005760883,110706.16741077391,112407.54559976602
2026-07-08 15:30:00+00:00,111996.70431842735,103118.03669762317,111859.88347004488,121373.15652604512,109072.88687725487,111216.51365732109,113016.07860179036
2026-07-08 15:35:00+00:00,112427.95206562369,103510.5167762555,112322.92504958337,121853.19092982271,109551.91045458663,111739.03776849812,113637.06834096686
2026-07-08 15:40:00+00:00,112870.19198978112,103904.73223892109,112794.05391923124,122339.92154899138,110034.44536258891,112270.2859069949,114262.76140327333
2026-07-08 15:45:00+00:00,113324.47275817342,104297.23531263575,113272.11823989381,122836.042090547,110518.30617424654,112806.80423550129,114885.40437468755
2026-07-08 15:50:00+00:00,113791.84303807445,104684.57822441532,113755.96617247634,123344.24626148546,111001.3074625443,113345.13891670716,115497.24384118732
2026-07-08 15:55:00+00:00,114273.35149675806,105063.31320127567,114244.44587788417,123867.2277688027,111481.26380046703,113881.83611330243,116090.52638875044
2026-07-08 16:00:00+00:00,114770.04680149804,105429.9924702326,114736.4055170226,124407.68031949457,111955.98976099951,114413.44198797694,116657.49860335472
2026-07-08 16:05:00+00:00,115297.99015339659,105783.14824057427,115239.92931999275,124975.43589026843,112429.79787350622,114953.79887430977,117202.06901104325
2026-07-08 16:10:00+00:00,115867.13663303365,106125.62450434019,115761.67425935034,125574.25240584691,112907.82499839635,115515.6137681688,117735.21765495431
2026-07-08 16:15:00+00:00,116469.37572689967,106460.44116267316,116298.34760968266,126197.71249524894,113389.12220522175,116093.72982567704,118259.79839670828
2026-07-08 16:20:00+00:00,117096.59692148515,106790.61811671601,116846.65664557701,126839.39878749332,113872.74056353435,116682.99020295762,118778.66509792565
2026-07-08 16:25:00+00:00,117740.68970328057,107119.17526761159,117403.30864162064,127492.89391159892,114357.73114288601,117278.23805613353,119294.67162022687
2026-07-08 16:30:00+00:00,118393.54355877644,107449.1325165027,117965.01087240083,128151.78049658462,114843.14501282867,117874.31654132789,119810.67182523244
2026-07-08 16:35:00+00:00,119047.04797446319,107783.50976453217,118528.4706125049,128809.64117146927,115328.03324291417,118466.06881466374,120329.51957456273
2026-07-08 16:40:00+00:00,119693.09243683134,108125.32691284281,119090.3951365201,129460.05856527173,115811.44690269444,119048.33803226415,120854.06872983827
2026-07-08 16:45:00+00:00,120323.56643237136,108477.6038625775,119647.4917190337,130096.61530701084,116292.43706172136,119615.96735025216,121387.17315267946
2026-07-08 16:50:00+00:00,120930.35944757375,108843.36051487901,120196.46763463304,130712.89402570551,116770.05478954682,120163.79992475089,121931.6867047068
2026-07-08 16:55:00+00:00,121505.36096892894,109225.61677089022,120734.03015790535,131302.47735037457,117243.35115572269,120686.67891188334,122490.46324754068
2026-07-08 17:00:00+00:00,122040.46048292749,109627.39253175391,121256.88656343792,131858.9479100369,117711.3772298009,121179.4474677726,123066.35664280163
2026-07-08 17:05:00+00:00,122546.09005989783,110063.0087470538,121777.2359381028,132400.21884765406,118178.27892816527,121649.83541583216,123679.01155729752
2026-07-08 17:10:00+00:00,123038.49254492857,110539.11597189642,122306.52225745001,132945.28552338606,118647.75569034736,122109.10495350072,124338.14664442105
2026-07-08 17:15:00+00:00,123518.27358665029,111047.22851570883,122840.3201290837,133489.35389204934,119118.18887062077,122557.39779793899,125031.72674566977
2026-07-08 17:20:00+00:00,123986.03883369366,111578.86068791809,123374.20416060807,134027.62990846043,119587.95982325904,122994.85566630782,125747.71670254126
2026-07-08 17:25:00+00:00,124442.39393468923,112125.52679795132,123903.74895962728,134555.31952743581,120055.44990253569,123421.620275768,126474.08135653306
2026-07-08 17:30:00+00:00,124887.94453826766,112678.74115523553,124424.52913374553,135067.62870379197,120519.04046272431,123837.83334348029,127198.7855491428
2026-07-08 17:35:00+00:00,125323.29629305954,113230.01806919783,124932.11929056697,135559.7633923453,120977.11285809847,124243.63658660548,127909.79412186802
2026-07-08 17:40:00+00:00,125749.05484769549,113770.87184926531,125422.09403769582,136026.92954791238,121428.04844293167,124639.17172230438,128595.07191620627
2026-07-08 17:45:00+00:00,126165.82585080613,114292.81680486501,125890.02798273621,136464.3331253097,121870.22857149749,125024.58046773779,129242.58377365516
2026-07-08 17:50:00+00:00,126574.21495102208,114787.36724542401,126331.49573329238,136867.18007935368,122302.03459806945,125400.00454006647,129840.29453571224
2026-07-08 17:55:00+00:00,126974.82779697393,115246.0374803694,126742.07189696845,137230.6763648608,122721.84787692117,125765.5856564512,130376.16904387512
2026-07-08 18:00:00+00:00,127368.2700372923,115660.34181912824,127117.33108136865,137550.02793664756,123128.04976232615,126121.46553405283,130838.17213964132
2026-07-08 18:05:00+00:00,127759.70333684224,116044.33556342333,127461.0855009262,137835.16554221182,123533.01094355588,126468.14909638466,131254.77628002284
2026-07-08 18:10:00+00:00,128152.10564123972,116417.48609309948,127782.2966658812,138100.5990683306,123946.70137692404,126806.27647114133,131660.78903215678
2026-07-08 18:15:00+00:00,128542.80702024179,116779.42583476681,128084.26312754795,138348.40317873942,124363.90131726745,127136.19218175547,132053.67790272852
2026-07-08 18:20:00+00:00,128929.13754360545,117129.78721503541,128370.28343724091,138580.6525371736,124779.39101942288,127458.24075165977,132430.9103984234
2026-07-08 18:25:00+00:00,129308.42728108782,117468.20266051534,128643.65614627447,138799.42180736858,125187.95073822717,127772.76670428687,132789.95402592674
2026-07-08 18:30:00+00:00,129678.00630244588,117794.30459781675,128907.67980596301,139006.78565305966,125584.36072851712,128080.11456306942,133128.27629192395
2026-07-08 18:35:00+00:00,130035.20467743672,118107.72545354972,129165.65296762087,139204.81873798236,125963.40124512956,128380.62885144008,133443.34470310027
2026-07-08 18:40:00+00:00,130377.35247581733,118408.09765432435,129420.87418256253,139395.59572587206,126319.85254290128,128674.6540928315,133732.62676614113
2026-07-08 18:45:00+00:00,130701.77976734481,118695.05362675073,129676.64200210232,139581.1912804641,126648.49487666912,128962.53481067634,133993.5899877318
2026-07-08 18:50:00+00:00,131005.81662177613,118968.22579743895,129936.25497755464,139763.68006549389,126944.10850126983,129244.61552840726,134223.70187455768
2026-07-08 18:55:00+00:00,131286.79310886844,119227.24659299912,130203.01166023388,139945.13674469685,127201.47367154031,129521.24076945691,134420.4299333041
2026-07-08 19:00:00+00:00,131542.0392983787,119471.74844004134,130480.21060145443,140127.6359818084,127415.3706423173,129792.75505725796,134581.2416706564
2026-07-08 19:05:00+00:00,131777.0367340995,119707.67761045106,130775.58755887912,140314.77607922343,127594.66456533918,130060.63525367244,134714.96391362304
2026-07-08 19:10:00+00:00,131999.69495606175,119940.20552610906,131090.4692214493,140506.8218165284,127753.91037392254,130325.68563079872,134833.60782572487
2026-07-08 19:15:00+00:00,132210.98602838,120167.80233861832,131418.54053739712,140700.84757324558,127896.42299527177,130587.24182742393,134939.4174184158
2026-07-08 19:20:00+00:00,132411.8820151687,120388.93819958185,131753.48645495478,140893.9277288975,128025.51735659108,130844.63948233523,135034.63670314976
2026-07-08 19:25:00+00:00,132603.35498054238,120602.08326060271,132088.9919223544,141083.1366630066,128144.50838508485,131097.2142343198,135121.5096913806
2026-07-08 19:30:00+00:00,132786.3769886156,120805.70767328389,132418.74188782822,141265.54875509528,128256.71100795732,131344.3017221647,135202.28039456226
2026-07-08 19:35:00+00:00,132961.92010350278,120998.28158922841,132736.42129960834,141438.238384686,128365.44015241278,131585.23758465718,135279.19282414857
2026-07-08 19:40:00+00:00,133130.95638931848,121178.2751600393,133035.71510592703,141598.2799313012,128474.01074565556,131819.35746058432,135354.4909915935
2026-07-08 19:45:00+00:00,133294.45791017724,121344.15853731956,133310.30825501634,141742.74777446323,128585.73771488991,132045.99698873327,135430.4189083509
2026-07-08 19:50:00+00:00,133453.39673019352,121494.40187267221,133553.8856951085,141868.71629369466,128703.93598732018,132264.4918078912,135509.22058587466
2026-07-08 19:55:00+00:00,133608.74491348187,121627.47531770027,133760.1323744357,141973.25986851784,128831.92049015063,132474.1775568452,135593.14003561877
2026-07-08 20:00:00+00:00,133761.47452415677,121741.84902400676,133922.73324123007,142053.4528784552,128973.00615058556,132674.3898743825,135684.42126903703
2026-07-08 20:05:00+00:00,133912.7894474663,121846.71732738623,134060.8460956121,142119.2046297566,129133.90800476655,132869.89624291117,135781.3126998569
2026-07-08 20:10:00+00:00,134062.70172335132,121951.18642463253,134196.6110191758,142182.0966105302,129315.47903948324,133064.8836132751,135880.2614853584
2026-07-08 20:15:00+00:00,134210.39564796552,122053.5942588476,134328.18638236367,142241.71147308598,129512.24110791206,133257.81682691493,135980.80975232425
2026-07-08 20:20:00+00:00,134355.05551746252,122152.27877313345,134453.7305556181,142297.63186973392,129718.71606322947,133447.1607252714,136082.49962753724
2026-07-08 20:25:00+00:00,134495.86562799604,122245.57791059202,134571.40190938162,142349.4404527841,129929.42575861192,133631.38014978514,136184.87323778012
2026-07-08 20:30:00+00:00,134632.01027571975,122331.82961432527,134679.35881409666,142396.7198745464,130138.8920472358,133808.93994189688,136287.47270983565
2026-07-08 20:35:00+00:00,134762.6737567873,122409.3718274352,134775.75964020565,142439.05278733087,130341.63678227758,133978.3049430473,136389.84017048654
2026-07-08 20:40:00+00:00,134887.04036735237,122476.54249302375,134858.76275815116,142476.0218434475,130532.18181691368,134137.93999467712,136491.5177465156
2026-07-08 20:45:00+00:00,135004.2944035686,122531.6795541929,134926.5265383756,142507.20969520623,130705.04900432056,134286.30993822697,136592.0475647056
2026-07-08 20:50:00+00:00,135113.62016158982,122573.12095404461,134977.20935132142,142532.19899491707,130854.76019767462,134421.87961513753,136690.97175183927
2026-07-08 20:55:00+00:00,135214.20193756948,122599.20463568087,135008.9695674311,142550.57239489004,130975.83725015233,134543.1138668496,136787.83243469935
2026-07-08 21:00:00+00:00,135305.22402766137,122608.26854220364,135019.96555714714,142561.9125474351,131062.80201493014,134648.47753480377,136882.17174006862
2026-07-08 21:05:00+00:00,135392.705262846,122604.6977577631,135019.88268092013,142569.36724245985,131130.0006422954,134746.13362130505,136980.7801438635
2026-07-08 21:10:00+00:00,135482.00992677084,122594.25995674104,135019.63438022125,142576.34121555646,131194.97189119167,134844.14442088178,137088.50529365442
2026-07-08 21:15:00+00:00,135571.3404945901,122577.36696758692,135019.22114702372,142582.8025375616,131257.02652777964,134940.8237133096,137201.97507370525
2026-07-08 21:20:00+00:00,135658.89944145796,122554.43061875015,135018.6434733007,142588.71927931206,131315.47531821998,135034.48527836413,137317.81736827976
2026-07-08 21:25:00+00:00,135742.88924252868,122525.86273868015,135017.90185102544,142594.05951164447,131369.6290286734,135123.4428958211,137432.6600616418
2026-07-08 21:30:00+00:00,135821.51237295632,122492.07515582634,135016.99677217117,142598.79130539563,131418.79842530063,135206.0103454561,137543.13103805517
2026-07-08 21:35:00+00:00,135892.97130789515,122453.47969863814,135015.9287287111,142602.88273140226,131462.2942742622,135280.50140704482,137645.85818178373
2026-07-08 21:40:00+00:00,135955.46852249934,122410.48819556496,135014.69821261836,142606.30186050112,131499.42734171898,135345.2298603629,137737.4693770912
2026-07-08 21:45:00+00:00,136007.20649192305,122363.51247505624,135013.30571586627,142609.01676352884,131529.50839383158,135398.50948518602,137814.59250824153
2026-07-08 21:50:00+00:00,136046.38769132056,122312.96436556139,135011.75173042793,142610.99551132225,131551.84819676066,135438.65406128982,137873.85545949845
2026-07-08 21:55:00+00:00,136071.214595846,122259.25569552985,135010.03674827667,142612.20617471804,131565.75751666696,135463.97736844994,137911.88611512582
2026-07-08 22:00:00+00:00,136079.88968065352,122202.79829341102,135008.1612613856,142612.61682455288,131570.54711971112,135472.79318644205,137925.3123593874
2026-07-08 22:05:00+00:00,136062.49233143404,122127.93212272404,134984.8475823309,142608.7175606325,131547.58062953973,135440.66283707746,137915.09683761018
2026-07-08 22:10:00+00:00,136012.42887320387,122020.73833393648,134921.70649772405,142597.24341004278,131481.7065363287,135349.17100653372,137885.38363439805
2026-07-08 22:15:00+00:00,135932.8921901054,121884.24053592046,134823.07121059095,142578.529834541,131377.4629060326,135205.66652113598,137837.57279293062
2026-07-08 22:20:00+00:00,135827.07516628093,121721.462337548,134693.2749239578,142552.91229588428,131239.387804606,135017.49820720937,137773.0643563873
2026-07-08 22:25:00+00:00,135698.17068587293,121535.42734769125,134536.65084085058,142520.72625582988,131072.01929800355,134792.01489107902,137693.2583679476
2026-07-08 22:30:00+00:00,135549.37163302366,121329.15917522224,134357.53216429538,142482.30717613501,130879.89545217982,134536.56539907007,137599.55487079103
2026-07-08 22:35:00+00:00,135383.87089187565,121105.68142901312,134160.25209731818,142437.99051855688,130667.55433308944,134258.49855750758,137493.35390809705
2026-07-08 22:40:00+00:00,135204.8613465711,120868.0177179359,133949.1438429451,142388.11174485265,130439.53400668701,133965.16319271672,137376.0555230452
2026-07-08 22:45:00+00:00,135015.5358812525,120619.1916508627,133728.54060420222,142333.00631677956,130200.37253892713,133663.90813102262,137249.0597588149
2026-07-08 22:50:00+00:00,134819.08738006215,120362.22683666562,133502.77558411553,142273.0096960948,129954.60799576438,133362.08219875037,137113.76665858566
2026-07-08 22:55:00+00:00,134618.70872714248,120100.14688421674,133276.18198571113,142208.45734455565,129706.77844315338,133067.03422222513,136971.57626553698
2026-07-08 23:00:00+00:00,134417.59280663583,119835.97540238811,133053.09301201504,142139.68472391923,129461.42194704874,132786.11302777205,136823.88862284835
2026-07-08 23:05:00+00:00,134195.88485548797,119544.61758178825,132817.85773484566,142029.2415568424,129194.18630725249,132507.535470357,136637.95817544954
2026-07-08 23:10:00+00:00,133934.43689587593,119204.71854906814,132553.93283728702,141845.5268202873,128882.13750922332,132215.01038226028,136385.3132721898
2026-07-08 23:15:00+00:00,133637.5019897892,118824.9118171636,132264.31293926336,141597.64985746914,128531.94089740091,131909.12455577875,136073.7648121279
2026-07-08 23:20:00+00:00,133309.33319921707,118413.83089901043,131951.99266069924,141294.7200116029,128150.2618162249,131590.46478320917,135711.1236943226
2026-07-08 23:25:00+00:00,132954.183586149,117980.10930754447,131619.966621519,140945.84662590383,127743.76561013496,131259.6178568484,135305.20081783272
2026-07-08 23:30:00+00:00,132576.3062125744,117532.3805557015,131271.22944164716,140560.13904358703,127319.11762357072,130917.17056899321,134863.80708171692
2026-07-08 23:35:00+00:00,132179.9541404826,117079.27815641738,130908.77574100798,140146.70660786767,126882.98320097184,130563.70971194038,134394.75338503404
2026-07-08 23:40:00+00:00,131769.380431863,116629.43562262792,130535.60013952597,139714.6586619609,126442.02768677798,130199.82207798673,133905.8506268428
2026-07-08 23:45:00+00:00,131348.8381487051,116191.48646726894,130154.69725712553,139273.1045490818,126002.9164254288,129826.09445942906,133404.90970620196
2026-07-08 23:50:00+00:00,130922.58035299816,115774.06420327623,129769.06171373109,138831.1536124455,125572.31476136392,129443.11364856416,132899.7415221703
2026-07-08 23:55:00+00:00,130494.86010673165,115385.80234358564,129381.68812926702,138397.9151952672,125156.88803902302,129051.46643768887,132398.15697380656
2026-07-09 00:00:00+00:00,130069.93047189494,115035.33440113296,128995.57112365776,137982.498640762,124763.30160284575,128651.73961909994,131907.96696016952
2026-07-09 00:05:00+00:00,129625.59004698829,114715.13873343826,128594.29683360051,137556.69421438928,124380.93733262464,128219.60373078221,131399.00261336885
2026-07-09 00:10:00+00:00,129142.35421248511,114410.35578635457,128163.70669462005,137091.93150194213,123995.74852424789,127738.19627984475,130842.60755155409
2026-07-09 00:15:00+00:00,128628.55120333451,114118.61220531714,127710.17827488213,136596.77882713627,123609.25764629869,127219.30451227067,130248.86140284366
2026-07-09 00:20:00+00:00,128092.50925448563,113837.53463576126,127240.08914255256,136079.80451368733,123222.98716736022,126674.7156740431,129627.84379535606
2026-07-09 00:25:00+00:00,127542.55660088759,113564.7497231222,126759.81686579711,135549.57688531105,122838.45955601564,126116.21701114517,128989.63435720971
2026-07-09 00:30:00+00:00,126987.02147748956,113297.88411283524,126275.73901278155,135014.66426572317,122457.19728084812,125555.59576956002,128344.31271652308
2026-07-09 00:35:00+00:00,126434.23211924061,113034.56445033563,125794.23315167165,134483.6349786394,122080.72281044087,125004.63919527078,127701.95850141469
2026-07-09 00:40:00+00:00,125892.51676108988,112772.41738105868,125321.6768506332,133965.05734777538,121710.55861337703,124475.13453426056,127072.65134000295
2026-07-09 00:45:00+00:00,125370.20363798653,112509.06955043966,124864.447677832,133467.49969684688,121348.22715823978,123978.86903251252,126466.47086040632
2026-07-09 00:50:00+00:00,124875.62098487967,112242.14760391382,124428.92320143376,132999.53034956954,120995.2509136123,123527.62993600979,125893.4966907433
2026-07-09 00:55:00+00:00,124417.09703671845,111969.27818691648,124021.48098960433,132569.71762965914,120653.15234807774,123133.20449073547,125363.80845913233
2026-07-09 01:00:00+00:00,124002.96002845194,111688.08794488285,123648.49861050944,132186.6298608313,120323.45393021933,122807.37994267272,124887.48579369187
2026-07-09 01:05:00+00:00,123633.74734046444,111408.87228596909,123313.39990722138,131850.0979137679,120016.10985070046,122541.08153640077,124460.31096543322
2026-07-09 01:10:00+00:00,123299.39510313592,111140.7603707747,123010.45284442118,131549.0842364902,119735.4727033942,122312.16405238776,124066.99177884444
2026-07-09 01:15:00+00:00,122992.32967640905,110879.62947340016,122732.3011726879,131275.85451872277,119474.662561698,122112.80904045004,123700.99616225921
2026-07-09 01:20:00+00:00,122704.97742022654,110621.35686794584,122471.58864260053,131022.67445019048,119226.79949900942,121935.19805040403,123355.79204401116
2026-07-09 01:25:00+00:00,122429.76469453107,110361.81982851216,122220.95900473814,130781.80972061804,118985.00358872596,121771.51263206614,123024.84735243396
2026-07-09 01:30:00+00:00,122159.11785926533,110096.89562919954,121973.05600967971,130545.52601973015,118742.39490424514,121613.93433525276,122701.63001586126
2026-07-09 01:35:00+00:00,121885.46327437201,109822.4615441084,121720.52340800432,130306.08903725162,118492.09351896448,121454.6447097803,122379.60796262672
2026-07-09 01:40:00+00:00,121601.2272997938,109534.39484733916,121456.00495029091,130055.76446290714,118227.21950628147,121285.82530546519,122052.24912106397
2026-07-09 01:45:00+00:00,121298.8362954734,109228.57281299225,121172.14438711859,129786.81798642146,117940.89293959364,121099.65767212378,121713.0214195067
2026-07-09 01:50:00+00:00,120970.71662135351,108900.87271516807,120861.58546906633,129491.51529751933,117626.23389229852,120888.32335957247,121355.39278628853
2026-07-09 01:55:00+00:00,120609.29463737679,108547.17182796705,120516.97194671317,129162.12208592547,117276.3624377936,120644.00391762772,120972.83114974316
2026-07-09 02:00:00+00:00,120206.99670348597,108163.3474254896,120130.94757063813,128790.90404136464,116884.39864947642,120358.88089610588,120558.8044382042
2026-07-09 02:05:00+00:00,119742.3947200323,107718.86565561935,119672.83385440704,128354.43894126943,116406.48049178412,120002.04096589205,120113.82773600097
2026-07-09 02:10:00+00:00,119206.64737972543,107195.11906685548,119126.5235073872,127841.84094912822,115815.84094958678,119555.77166453093,119644.29309192713
2026-07-09 02:15:00+00:00,118611.06123104566,106605.87453422161,118506.51707386,127264.18033374955,115131.2426269312,119032.05584182836,119152.48388101278
2026-07-09 02:20:00+00:00,117966.94282247328,105964.89893274147,117827.31509810679,126632.52736394192,114371.44812786418,118442.87634759014,118640.68347828812
2026-07-09 02:25:00+00:00,117285.59870248855,105285.9591374387,117103.41812440888,125957.9523085138,113555.22005643259,117800.21603162208,118111.1752587833
2026-07-09 02:30:00+00:00,116578.33541957177,104582.82202333695,116349.32669704764,125251.52543627378,112701.32101668321,117116.05774373005,117566.24259752844
2026-07-09 02:35:00+00:00,115856.45952220321,103869.2544654599,115579.54136030441,124524.31701603025,111828.51361266292,116402.38433371985,117008.16886955373
2026-07-09 02:40:00+00:00,115131.27755886315,103159.02333883126,114808.56265846056,123787.39731659177,110955.56044841852,115671.1786513973,116439.23744988932
2026-07-09 02:45:00+00:00,114414.09607803187,102465.89551847464,114050.89113579741,123051.83660676684,110101.2241279968,114934.42354656824,115861.73171356534
2026-07-09 02:50:00+00:00,113716.22162818967,101803.63787941377,113321.02733659634,122328.70515536396,109284.26725544463,114204.10186903847,115277.93503561197
2026-07-09 02:55:00+00:00,113048.96075781684,101186.01729667227,112633.47180513866,121629.07323119162,108523.45243480883,113492.19646861384,114690.13079105935
2026-07-09 03:00:00+00:00,112423.62001539362,100626.80064527385,112002.72508570574,120964.01110305836,107837.54227013623,112810.69019510016,114100.60235493764
2026-07-09 03:05:00+00:00,111827.54598614972,100113.87103806439,111414.40838627586,120321.386152664,107202.07980750127,112131.87466564104,113499.20069462057
2026-07-09 03:10:00+00:00,111240.15160726114,99623.62582508945,110843.0425410748,119681.39486437988,106580.1596396624,111424.93228270065,112876.6468291788
2026-07-09 03:15:00+00:00,110660.84295512781,99152.60323717215,110286.4775337551,119043.60116102187,105971.87169069215,110697.18207406576,112236.52921118801
2026-07-09 03:20:00+00:00,110089.02610614953,98697.34150513557,109742.56334796929,118407.5689654057,105377.30588466322,109955.94306752307,111582.43629322373
2026-07-09 03:25:00+00:00,109524.10713672619,98254.37885980282,109209.14996736997,117772.86220034723,104796.5521456482,109208.53429085932,110917.95652786162
2026-07-09 03:30:00+00:00,108965.49212325765,97820.25353199703,108684.08737560963,117139.0447886622,104229.70039771976,108462.27477186125,110246.67836767725
2026-07-09 03:35:00+00:00,108412.58714214378,97391.50375254129,108165.22555634087,116505.68065316648,103676.84056495051,107724.48353831559,109572.19026524623
2026-07-09 03:40:00+00:00,107864.79826978441,96964.66775225871,107650.41449321623,115872.33371667578,103138.06257141309,107002.47961800905,108898.0806731442
2026-07-09 03:45:00+00:00,107321.53158257942,96536.28376197242,107137.50416988824,115238.56790200599,102613.45634118012,106303.5820387284,108227.9380439467
2026-07-09 03:50:00+00:00,106782.19315692868,96102.89001250548,106624.34457000947,114603.94713197283,102103.11179832427,105635.10982826035,107565.3508302294
2026-07-09 03:55:00+00:00,106246.18906923206,95661.02473468102,106108.78567723249,113968.0353293922,101607.11886691813,105004.38201439162,106913.90748456787
2026-07-09 04:00:00+00:00,105712.92539588938,95207.22615932216,105588.6774752098,113330.39641707978,101125.56747103434,104418.71762490895,106277.19645953774
2026-07-09 04:05:00+00:00,105181.1175701175,94738.6615642129,105063.64574139427,112682.61674933683,100660.23108004095,103868.33544620575,105641.99718066883
2026-07-09 04:10:00+00:00,104650.51996259323,94257.29296400853,104535.78336731144,112019.81730437884,100211.4601231034,103337.63655368518,104995.93106979852
2026-07-09 04:15:00+00:00,104122.09705590659,93766.85069483913,104006.64100772301,111346.86394089306,99777.20996399046,102825.21340864868,104343.84957396369
2026-07-09 04:20:00+00:00,103596.81333264748,93271.06509283469,103477.76931739069,110668.62251756674,99355.43596647086,102329.65847239763,103690.60414020116
2026-07-09 04:25:00+00:00,103075.63327540584,92773.66649412524,102950.71895107611,109989.95889308717,98944.09349431342,101849.56420623347,103041.0462155478
2026-07-09 04:30:00+00:00,102559.52136677162,92278.38523484085,102427.040563541,109315.73892614161,98541.13791128685,101383.52307145762,102400.02724704047
2026-07-09 04:35:00+00:00,102049.44208933477,91788.95165111157,101908.284809547,108650.82847541731,98144.52458115993,100930.1275293715,101772.39868171606
2026-07-09 04:40:00+00:00,101546.35992568525,91309.09607906737,101396.00234385581,108000.09339960155,97752.20886770144,100487.97004127652,101163.01196661143
2026-07-09 04:45:00+00:00,101051.23935841297,90842.54885483834,100891.74382122915,107368.39955738159,97362.14613468011,100055.6430684741,100576.71854876338
2026-07-09 04:50:00+00:00,100565.04487010791,90393.04031455451,100397.05989642863,106760.61280744469,96972.29174586473,99631.73907226564,100018.36987520884
2026-07-09 04:55:00+00:00,100088.74094336001,89964.30079434592,99913.50122421599,106181.59900847812,96580.60106502406,99214.8505139526,99492.81739298462
2026-07-09 05:00:00+00:00,99623.29206075918,89560.0606303426,99442.61845935289,105636.22401916915,96185.02945592687,98803.56985483636,99004.91254912762
2026-07-09 05:05:00+00:00,99162.00548833082,89172.31536975029,98975.17181346417,105108.54487715228,95782.13512126297,98396.21542042159,98540.5897129555
2026-07-09 05:10:00+00:00,98699.32097070209,88791.19978957178,98503.33909353618,104582.06068578822,95371.93229448613,97992.85239161906,98084.04283564426
2026-07-09 05:15:00+00:00,98237.90170836548,88417.65307063267,98030.79734737305,104060.80040235359,94957.56038551102,97594.69351283938,97637.51273701825
2026-07-09 05:20:00+00:00,97780.4109018136,88052.61439375854,97561.22362277874,103548.792984125,94542.15880425229,97202.95152849315,97203.24023690182
2026-07-09 05:25:00+00:00,97329.51175153897,87697.02293977496,97098.29496755736,103050.06738837907,94128.86696062458,96818.83918299098,96783.46615511934
2026-07-09 05:30:00+00:00,96887.86745803418,87351.81788950754,96645.68842951294,102568.6525723924,93720.82426454258,96443.56922074346,96380.43131149514
2026-07-09 05:35:00+00:00,96458.14122179177,87017.93842378184,96207.0810564495,102108.57749344157,93321.1701259209,96078.3543861612,95996.37652585359
2026-07-09 05:40:00+00:00,96042.99624330428,86696.32372342348,95786.1498961711,101673.87110880323,92933.04395467421,95724.4074236548,95633.542618019
2026-07-09 05:45:00+00:00,95645.09572306433,86387.91296925803,95386.5719964818,101268.56237575394,92559.58516071716,95382.94107763488,95294.17040781573
2026-07-09 05:50:00+00:00,95267.10286156442,86093.64534211106,95012.0244051856,100896.68025157036,92203.93315396443,95055.16809251199,94980.50071506819
2026-07-09 05:55:00+00:00,94911.68085929712,85814.46002280817,94666.18417008662,100562.25369352907,91869.22734433063,94742.30121269678,94694.77435960066
2026-07-09 06:00:00+00:00,94581.49291675501,85551.29619217495,94352.72833898882,100269.31165890668,91558.60714173048,94445.55318259983,94439.23216123751
2026-07-09 06:05:00+00:00,94268.9336814802,85297.25053234311,94065.538671333,100009.98010644679,91260.57350908022,94160.33709134778,94209.82725669401
2026-07-09 06:10:00+00:00,93965.01898026522,85045.98506768525,93794.90910028544,99771.82950197507,90963.39285277376,93881.63517418614,93999.23576299884
2026-07-09 06:15:00+00:00,93670.34378247824,84799.28699238844,93539.1349342387,99552.05556339114,90669.85274794222,93610.01389470385,93804.78297044644
2026-07-09 06:20:00+00:00,93385.50305748745,84558.94350063967,93296.51148158521,99347.85400859476,90382.7407697166,93346.0397164899,93623.79416933129
2026-07-09 06:25:00+00:00,93111.09177466106,84326.7417866259,93065.33405071744,99156.42055548556,90104.84449322803,93090.27910313319,93453.5946499478
2026-07-09 06:30:00+00:00,92847.70490336722,84104.46904453421,92843.89795002787,98974.95092196322,89838.95149360753,92843.29851822268,93291.50970259045
2026-07-09 06:35:00+00:00,92595.93741297413,83893.91246855157,92630.498487909,98800.6408259274,89587.8493459862,92605.66442534734,93134.86461755369
2026-07-09 06:40:00+00:00,92356.38427284994,83696.859252865,92423.4309727533,98630.68598527781,89354.32562549507,92377.94328809608,92980.98468513197
2026-07-09 06:45:00+00:00,92129.64045236289,83515.09659166148,92220.99071295322,98462.28211791409,89141.16790726523,92160.70157005788,92827.19519561972
2026-07-09 06:50:00+00:00,91916.3009208811,83350.41167912807,92021.47301690123,98292.62494173595,88951.16376642778,91954.50573482168,92670.82143931145
2026-07-09 06:55:00+00:00,91716.9606477728,83204.59170945175,91823.17319298985,98118.91017464304,88787.10077811375,91759.9222459764,92509.18870650155
2026-07-09 07:00:00+00:00,91532.21460240612,83079.4238768195,91624.38654961152,97938.33353453505,88651.76651745419,91577.51756711103,92339.62228748451
2026-07-09 07:05:00+00:00,91354.61202080359,82967.13990322725,91416.49465844863,97744.35887197017,88537.3578797432,91396.59856564998,92156.30016148929
2026-07-09 07:10:00+00:00,91177.68078723102,82859.13335255161,91195.68961876603,97535.86025212344,88433.38505580965,91208.94885509019,91958.43516965336
2026-07-09 07:15:00+00:00,91003.48384342171,82755.93418180083,90967.48253032997,97318.14871481976,88338.60556408697,91018.85001812941,91750.90489513401
2026-07-09 07:20:00+00:00,90834.08413110893,82658.07234798312,90737.38449290663,97096.53529988404,88251.77692300855,90830.58363746536,91538.58692108847
2026-07-09 07:25:00+00:00,90671.54459202595,82566.07780810674,90510.90660626224,96876.3310471412,88171.6566510078,90648.43129579576,91326.35883067398
2026-07-09 07:30:00+00:00,90517.92816790604,82480.48051917988,90293.559970163,96662.84699641612,88097.00226651807,90476.67457581837,91119.09820704782
2026-07-09 07:35:00+00:00,90375.29780048244,82401.81043821076,90090.85568437514,96461.39418753376,88026.57128797281,90319.5950602309,90921.68263336725
2026-07-09 07:40:00+00:00,90245.71643148847,82330.59752220761,89908.30484866486,96277.28366031898,87959.12123380537,90181.4743317311,90738.98969278947
2026-07-09 07:45:00+00:00,90131.24700265737,82267.37172817867,89751.41856279837,96115.82645459674,87893.40962244918,90066.59397301667,90575.8969684718
2026-07-09 07:50:00+00:00,90033.95245572242,82212.66301313213,89625.7079265419,95982.33361019193,87828.19397233761,89979.23556678537,90437.28204357145
2026-07-09 07:55:00+00:00,89955.89573241689,82167.00133407624,89536.68403966166,95882.11616692942,87762.23180190404,89923.68069573492,90328.02250124568
2026-07-09 08:00:00+00:00,89899.13977447404,82130.9166480192,89489.85800192386,95820.4851646342,87694.2806295819,89904.21094256305,90252.99592465172
2026-07-09 08:05:00+00:00,89854.54033921323,82100.19328938317,89466.76031182724,95780.98613950181,87621.51581154147,89907.31334418512,90197.77382597805
2026-07-09 08:10:00+00:00,89811.83057673815,82070.47416292956,89445.29517316721,95743.77026385935,87543.42219613303,89916.24301211022,90144.97788762806
2026-07-09 08:15:00+00:00,89771.38951795863,82042.07708117561,89425.53424365495,95709.05703172887,87462.22154006004,89930.43364092663,90095.06094808166
2026-07-09 08:20:00+00:00,89733.59619378445,82015.31985663847,89407.54918100174,95677.06593713244,87380.13560002584,89949.31892522264,90048.4758458187
2026-07-09 08:25:00+00:00,89698.82963512544,81990.52030183542,89391.41164291867,95648.01647409213,87299.38613273388,89972.33255958652,90005.675419319
2026-07-09 08:30:00+00:00,89667.46887289135,81967.99622928358,89377.19328711703,95622.12813663002,87222.19489488757,89998.9082386066,89967.11250706243
2026-07-09 08:35:00+00:00,89639.89293799203,81948.06545150025,89364.96577130798,95599.62041876819,87150.78364319031,90028.47965687115,89933.2399475288
2026-07-09 08:40:00+00:00,89616.48086133729,81931.04578100255,89354.80075320273,95580.71281452871,87087.37413434552,90060.48050896845,89904.51057919802
2026-07-09 08:45:00+00:00,89597.61167383689,81917.25503030773,89346.76989051247,95565.62481793367,87034.1881250566,90094.34448948682,89881.37724054987
2026-07-09 08:50:00+00:00,89583.66440640067,81907.01101193298,89340.94484094843,95554.5759230051,86993.44737202695,90129.50529301452,89864.29277006426
2026-07-09 08:55:00+00:00,89575.0180899384,81900.63153839552,89337.39726222178,95547.78562376511,86967.37363196,90165.39661413984,89853.710006221
2026-07-09 09:00:00+00:00,89572.05175535992,81898.43442221255,89336.19881204375,95545.47341423576,86958.18866155914,90201.45214745108,89850.08178749995
2026-07-09 09:05:00+00:00,89591.19374224562,81921.51844422653,89353.40645700079,95546.35983539165,86980.29883329377,90238.74028900127,89867.31334903829
2026-07-09 09:10:00+00:00,89646.05919903952,81987.1550496927,89402.75452807892,95549.00258084381,87042.87636909225,90279.11595478273,89916.9791902874
2026-07-09 09:15:00+00:00,89732.80736994669,82089.92104774744,89480.83072958859,95553.37687356898,87140.2917998464,90323.19261929275,89996.03604619834
2026-07-09 09:20:00+00:00,89847.59749917228,82224.39324752713,89584.22276584026,95559.45793654388,87266.91565644802,90371.58375702857,90101.4406517222
2026-07-09 09:25:00+00:00,89986.5888309214,82385.14845816811,89709.5183411444,95567.2209927453,87417.11846978898,90424.90284248751,90230.14974181006
2026-07-09 09:30:00+00:00,90145.94060939919,82566.7634888068,89853.30515981151,95576.64126514991,87585.27077076113,90483.76335016683,90379.12005141303
2026-07-09 09:35:00+00:00,90321.81207881073,82763.81514857954,90012.17092615202,95587.69397673447,87765.74309025625,90548.77875456381,90545.30831548215
2026-07-09 09:40:00+00:00,90510.3624833612,82970.8802466227,90182.7033444764,95600.35435047575,87952.90595916622,90620.5625301757,90725.67126896854
2026-07-09 09:45:00+00:00,90707.75106725567,83182.53559207267,90361.49011909514,95614.59760935044,88141.12990838283,90699.72815149982,90917.16564682327
2026-07-09 09:50:00+00:00,90910.13707469928,83393.35799406581,90545.11895431868,95630.39897633532,88324.78546879794,90786.88909303339,91116.74818399742
2026-07-09 09:55:00+00:00,91113.67974989714,83597.92426173849,90730.1775544575,95647.73367440708,88498.24317130339,90882.65882927376,91321.37561544208
2026-07-09 10:00:00+00:00,91314.5383370544,83790.8112042271,90913.25362382208,95666.57692654249,88655.87354679099,90987.65083471814,91528.00467610835
2026-07-09 10:05:00+00:00,91529.25890343332,83978.80797342937,91108.5136593268,95734.42406413736,88800.95138530317,91134.87286720893,91766.03501170294
2026-07-09 10:10:00+00:00,91774.40959197367,84172.50435013653,91330.51041970353,95890.71941267994,88941.72006494609,91350.26194533074,92061.19683871517
2026-07-09 10:15:00+00:00,92046.18276039674,84372.17808682512,91576.41100198879,96123.36168628557,89080.00299870719,91623.82543469417,92404.94274826994
2026-07-09 10:20:00+00:00,92340.77076642383,84578.1069359717,91843.38250321921,96420.24959906966,89217.62359957397,91945.57070090983,92788.72533149221
2026-07-09 10:25:00+00:00,92654.36596777629,84790.56865005277,92128.59202043134,96769.28186514755,89356.40528053383,92305.5051095883,93203.99717950694
2026-07-09 10:30:00+00:00,92983.16072217541,85009.84098154488,92429.2066506618,97158.35719863465,89498.17145457424,92693.6360263402,93642.21088343905
2026-07-09 10:35:00+00:00,93323.34738734251,85236.20168292463,92742.39349094713,97575.37431364629,89644.74553468269,93099.97081677613,94094.81903441346
2026-07-09 10:40:00+00:00,93671.1183209989,85469.92850666851,93065.31963832393,98008.23192429784,89797.95093384659,93514.5168465067,94553.27422355513
2026-07-09 10:45:00+00:00,94022.66588086588,85711.29920525308,93395.1521898288,98444.82874470472,89959.61106505341,93927.2814811425,95009.02904198896
2026-07-09 10:50:00+00:00,94374.18242466476,85960.59153115487,93729.05824249829,98873.06348898227,90131.54934129058,94328.27208629414,95453.53608083993
2026-07-09 10:55:00+00:00,94721.86031011687,86218.08323685043,94064.204893369,99280.83487124584,90315.58917554558,94707.49602757223,95878.24793123295
2026-07-09 11:00:00+00:00,95061.89189494352,86484.05207481633,94397.75923947751,99656.04160561084,90513.55398080587,95054.96067058736,96274.61718429296
2026-07-09 11:05:00+00:00,95406.57494418744,86765.6858028949,94742.67275897565,100018.92709263208,90733.01373573484,95383.09629695059,96657.53695649139
2026-07-09 11:10:00+00:00,95767.99654793637,87067.96933183829,95110.6957957911,100395.6732975457,90978.29502606372,95710.73394448977,97045.84777084204
2026-07-09 11:15:00+00:00,96142.03305147905,87387.87614348764,95497.19374562429,100783.08678148901,91246.35617538156,96037.4821131408,97436.92332828327
2026-07-09 11:20:00+00:00,96524.56080010427,87722.37971968412,95897.53200417563,101177.9741055993,91534.15550727746,96362.94930283955,97828.1373297536
2026-07-09 11:25:00+00:00,96911.45613910077,88068.45354226884,96307.07596714559,101577.14183101391,91838.65134534055,96686.74401352191,98216.86347619143
2026-07-09 11:30:00+00:00,97298.59541375736,88423.07109308297,96721.19103023453,101977.39651887013,92156.8020131599,97008.4747451237,98600.4754685352
2026-07-09 11:35:00+00:00,97681.85496936274,88783.20585396767,97135.24258914289,102375.54473030525,92485.56583432463,97327.74999758085,98976.34700772334
2026-07-09 11:40:00+00:00,98057.11115120575,89145.8313067641,97544.59603957107,102768.39302645662,92821.90113242382,97644.1782708292,99341.8517946943
2026-07-09 11:45:00+00:00,98420.24030457511,89507.92093331338,97944.61677721952,103152.74796846151,93162.76623104654,97957.36806480464,99694.36353038652
2026-07-09 11:50:00+00:00,98767.11877475958,89866.44821545666,98330.67019778866,103525.41611745725,93505.11945378194,98266.92787944304,100031.25591573844
2026-07-09 11:55:00+00:00,99093.62290704795,90218.38663503512,98698.12169697888,103883.20403458114,93845.91912421907,98572.46621468027,100349.90265168849
2026-07-09 12:00:00+00:00,99395.62904672898,90560.7096738899,99042.33667049061,104222.91828097048,94182.12356594705,98873.59157045222,100647.67743917511
2026-07-09 12:05:00+00:00,99676.57590428511,90901.22861533816,99369.48290823877,104544.6709844943,94520.97333026424,99173.05250281843,100927.83625046372
2026-07-09 12:10:00+00:00,99943.88976980615,91248.21775884932,99688.97023008381,104852.3819734661,94870.55496297954,99473.09295332649,101196.1487386331
2026-07-09 12:15:00+00:00,100199.42835799191,91599.34511049296,100001.02707664455,105148.56935968986,95229.0957794479,99772.56450014435,101453.75912584174
2026-07-09 12:20:00+00:00,100445.04938354224,91952.27867633862,100305.88188853966,105435.7512549697,95594.82309502426,100070.3187214399,101701.81163424815
2026-07-09 12:25:00+00:00,100682.61056115695,92304.68646245588,100603.76310638797,105716.44577110956,95965.96422506351,100365.20719538107,101941.45048601081
2026-07-09 12:30:00+00:00,100913.96960553587,92654.23647491429,100894.89917080819,105993.17101991351,96340.7464849206,100656.0815001358,102173.81990328821
2026-07-09 12:35:00+00:00,101140.98423137881,92998.5967197834,101179.5185224191,106268.44511318555,96717.39718995048,100941.79321387198,102400.06410823885
2026-07-09 12:40:00+00:00,101365.51215338561,93335.43520313279,101457.84960183947,106544.78616272972,97094.14365550806,101221.19391475755,102621.32732302119
2026-07-09 12:45:00+00:00,101589.41108625609,93662.41993103197,101730.12084968803,106824.71228035008,97469.21319694829,101493.13518096042,102838.75376979378
2026-07-09 12:50:00+00:00,101814.53874469007,93977.21890955055,101996.56070658352,107110.7415778506,97840.83312962607,101756.46859064854,103053.48767071507
2026-07-09 12:55:00+00:00,102042.7528433874,94277.50014475806,102257.39761314474,107405.39216703533,98207.23076889636,102010.0457219898,103266.67324794357
2026-07-09 13:00:00+00:00,102275.91109704785,94560.93164272404,102512.86000999044,107711.18215970829,98566.63343011409,102252.7181531521,103479.45472363777
2026-07-09 13:05:00+00:00,102509.47402089866,94829.47894725522,102759.1821866428,108022.7288333165,98920.36723641538,102482.16101739164,103686.32855303073
2026-07-09 13:10:00+00:00,102738.52979463877,95087.47662491868,102993.9646652411,108333.96396527812,99271.22626423676,102698.51968059271,103882.66824507473
2026-07-09 13:15:00+00:00,102964.37762967566,95336.14621592473,103219.48523532975,108646.37741735391,99619.63975888373,102904.35106986534,104070.93360250705
2026-07-09 13:20:00+00:00,103188.3167374168,95576.70926048356,103438.02168645314,108961.45905130466,99966.03696566183,103102.2121123196,104253.58442806498
2026-07-09 13:25:00+00:00,103411.64632926967,95810.38729880542,103651.85180815568,109280.69872889112,100310.84712987652,103294.65973506561,104433.08052448576
2026-07-09 13:30:00+00:00,103635.66561664174,96038.40187110058,103863.25338998175,109605.58631187404,100654.49949683338,103484.2508652134,104611.88169450675
2026-07-09 13:35:00+00:00,103861.67381094047,96261.97451757926,104074.50422147577,109937.61166201424,100997.42331183788,103673.54242987311,104792.4477408652
2026-07-09 13:40:00+00:00,104090.97012357335,96482.32677845171,104287.88209218212,110278.26464107243,101340.04782019553,103865.09135615473,104977.23846629837
2026-07-09 13:45:00+00:00,104324.85376594788,96700.68019392817,104505.66479164519,110629.03511080942,101682.80226721184,104061.4545711684,105168.71367354359
2026-07-09 13:50:00+00:00,104564.6239494715,96918.25630421891,104730.13010940941,110991.41293298593,102026.11589819237,104265.1890020242,105369.33316533813
2026-07-09 13:55:00+00:00,104811.57988555168,97136.27664953415,104963.55583501916,111366.8879693628,102370.41795844256,104478.85157583217,105581.55674441923
2026-07-09 14:00:00+00:00,105067.02078559592,97355.96277008414,105208.21975801884,111756.95008170072,102716.13769326797,104704.99921970241,105807.84421352424
2026-07-09 14:05:00+00:00,105327.36298981673,97570.76331626049,105458.0621474424,112166.33376891067,103059.90783478782,104938.42169349539,106044.7634090013
2026-07-09 14:10:00+00:00,105589.13255839601,97775.21225122364,105706.95555250278,112597.23449381827,103399.11741533567,105173.30220382991,106288.08015482963
2026-07-09 14:15:00+00:00,105853.7932826954,97972.15908433702,105957.07618301289,113047.33356405627,103735.33013053855,105411.28784795348,106539.05123519301
2026-07-09 14:20:00+00:00,106122.80895407642,98164.45332496402,106210.6002487856,113514.31228725745,104070.1096760235,105654.02572311366,106798.93343427526
2026-07-09 14:25:00+00:00,106397.64336390066,98354.9444824681,106469.7039596338,113995.85197105457,104405.01974741748,105903.16292655795,107068.98353626012
2026-07-09 14:30:00+00:00,106679.7603035297,98546.48206621264,106736.56352537037,114489.6339230804,104741.62404034755,106160.34655553389,107350.45832533143
2026-07-09 14:35:00+00:00,106970.62356432513,98741.91558556115,107013.35515580823,114993.3394509677,105081.4862504407,106427.22370728906,107644.614585673
2026-07-09 14:40:00+00:00,107271.69693764849,98944.09454987699,107302.25506076023,115504.64986234928,105426.17007332398,106705.44147907091,107952.70910146859
2026-07-09 14:45:00+00:00,107584.44421486139,99155.86846852361,107605.4394500393,116021.24646485786,105777.23920462439,106996.64696812704,108275.99865690201
2026-07-09 14:50:00+00:00,107910.3291873254,99380.08685086443,107925.08453345828,116540.81056612624,106136.25733996893,107302.48727170494,108615.74003615706
2026-07-09 14:55:00+00:00,108250.81564640209,99619.59920626286,108263.36652083011,117061.0234737872,106504.78817498464,107624.60948705218,108973.19002341753
2026-07-09 15:00:00+00:00,108607.36738345302,99877.25504408237,108622.46162196764,117579.56649547347,106884.39540529852,107964.66071141625,109349.6054028672
2026-07-09 15:05:00+00:00,108986.14623225176,100165.00520453702,109017.66393649607,118102.83922751909,107276.78331689174,108333.97193314026,109764.7135348815
2026-07-09 15:10:00+00:00,109390.79808518745,100488.66303216205,109458.57127508556,118637.57806216842,107681.6184537762,108739.85683291552,110232.16684463841
2026-07-09 15:15:00+00:00,109819.0128215451,100841.87179280251,109938.81541411659,119181.96950091985,108097.40789862498,109177.93654651185,110744.10971352555
2026-07-09 15:20:00+00:00,110268.4803206097,101218.27475230352,110452.02812996955,119734.20004527167,108522.6587341112,109643.83220969912,111292.68652293055
2026-07-09 15:25:00+00:00,110736.89046166622,101611.5151765101,110991.84119902487,120292.45619672227,108955.87804290796,110133.16495824717,111870.04165424104
2026-07-09 15:30:00+00:00,111221.93312399967,102015.23633126744,111551.88639766297,120854.92445676996,109395.57290768839,110641.55592792586,112468.31948884462
2026-07-09 15:35:00+00:00,111721.29818689503,102423.08148242053,112125.79550226429,121419.79132691312,109840.25041112555,111164.626254505,113079.66440812894
2026-07-09 15:40:00+00:00,112232.67552963727,102828.69389581449,112707.20028920921,121985.24330865005,110288.41763589259,111697.99707375448,113696.22079348163
2026-07-09 15:45:00+00:00,112753.75503151145,103225.71683729441,113289.7325348782,122549.46690347911,110738.58166466259,112237.28952144412,114310.1330262903
2026-07-09 15:50:00+00:00,113282.2265718025,103607.79357270537,113867.02401565167,123110.64861289866,111189.24958010869,112778.12473334378,114913.54548794261
2026-07-09 15:55:00+00:00,113815.78002979545,103968.56736789244,114432.70650791003,123666.97493840705,111638.92846490396,113316.1238452233,115498.60255982615
2026-07-09 16:00:00+00:00,114352.10528477524,104301.68148870072,114980.41178803373,124216.63238150257,112086.12540172151,113846.90799285253,116057.44862332856
2026-07-09 16:05:00+00:00,114908.35717573902,104606.1751723363,115522.07308701817,124763.72998352261,112529.49457990918,114382.89484337026,116595.21501448011
2026-07-09 16:10:00+00:00,115498.46094783643,104888.75469304313,116072.2367344773,125312.86682510526,112969.82885090541,114936.9317651883,117123.76343070624
2026-07-09 16:15:00+00:00,116115.26208958137,105154.5638722231,116628.45415471938,125862.96446670016,113408.84329051925,115505.2844459861,117645.33379548724
2026-07-09 16:20:00+00:00,116751.6060894877,105408.74653127804,117188.27677205259,126412.9444687568,113848.2529745597,116084.21857344304,118162.16603230352
2026-07-09 16:25:00+00:00,117400.3384360693,105656.44649160988,117749.25601078519,126961.72839172483,114289.77297883581,116669.99983523853,118676.50006463539
2026-07-09 16:30:00+00:00,118054.30461784005,105902.80757462048,118308.94329522538,127508.23779605377,114735.11837915663,117258.89391905199,119190.57581596321
2026-07-09 16:35:00+00:00,118706.35012331381,106152.97360171172,118864.89004968143,128051.3942421932,115186.00425133115,117847.16651256286,119706.63320976729
2026-07-09 16:40:00+00:00,119349.32044100446,106412.08839428547,119414.64769846153,128590.11929059269,115644.14567116846,118431.08330345052,120226.91216952802
2026-07-09 16:45:00+00:00,119976.06105942585,106685.29577374361,119955.76766587391,129123.33450170181,116111.25771447756,119006.90997939438,120753.65261872573
2026-07-09 16:50:00+00:00,120579.41746709189,106977.73956148801,120485.80137622682,129649.96143597014,116589.05545706749,119570.91222807388,121289.09448084077
2026-07-09 16:55:00+00:00,121152.23515251641,107294.56357892054,121002.30025382845,130168.92165384724,117079.25397474729,120119.35573716844,121835.47767935345
2026-07-09 17:00:00+00:00,121687.35960421331,107640.91164744309,121502.81572298706,130679.13671578268,117583.56834332595,120648.50619435744,122395.04213774418
2026-07-09 17:05:00+00:00,122198.63938514408,108037.45206520724,121993.1284308825,131190.8119422498,118124.1239884063,121172.18979842616,122986.70145670086
2026-07-09 17:10:00+00:00,122703.50311496925,108493.96280895437,122479.86156665022,131711.7339861638,118713.56400848713,121703.5109012482,123620.23415629021
2026-07-09 17:15:00+00:00,123200.16636725122,108999.25221797104,122961.8303675319,132237.19640663677,119339.37998872143,122237.6524201356,124284.17753906072
2026-07-09 17:20:00+00:00,123686.84471555239,109542.12863154386,123437.85007076921,132762.492762781,119989.06351426228,122769.79727240029,124967.06890756085
2026-07-09 17:25:00+00:00,124161.75373343518,110111.40038895939,123906.73591360374,133282.91661370866,120650.10617026275,123295.12837535434,125657.44556433914
2026-07-09 17:30:00+00:00,124623.108994462,110695.87582950422,124367.30313327716,133793.7615185319,121309.99954187586,123808.82864630972,126343.84481194406
2026-07-09 17:35:00+00:00,125069.12607219529,111284.36329246493,124818.36696703116,134290.32103636296,121956.23521425467,124306.08100257837,127014.8039529241
2026-07-09 17:40:00+00:00,125498.0205401974,111865.6711171281,125258.74265210734,134767.88872631406,122576.30477255223,124782.06836147235,127658.86028982775
2026-07-09 17:45:00+00:00,125908.00797203077,112428.60764278032,125687.24542574737,135221.7581474974,123157.69980192157,125231.97364030362,128264.55112520352
2026-07-09 17:50:00+00:00,126297.30394125781,112961.98120870814,126102.69052519287,135647.22285902515,123687.91188751577,125650.9797563842,128820.41376159986
2026-07-09 17:55:00+00:00,126664.12402144092,113454.60015419818,126503.89318768555,136039.57642000949,124154.43261448786,126034.26962702605,129314.9855015653
2026-07-09 18:00:00+00:00,127006.68378614252,113895.27281853698,126889.668650467,136394.11238956268,124544.75356799088,126377.02616954119,129736.80364764834
2026-07-09 18:05:00+00:00,127328.45094661422,114306.99264320248,127260.16815315683,136721.43013399528,124882.87590886808,126684.39191259979,130108.39637585393
2026-07-09 18:10:00+00:00,127634.97984653212,114717.76711279631,127617.37171212188,137035.39032966996,125201.73687427648,126967.23592350574,130460.41859592391
2026-07-09 18:15:00+00:00,127927.61600809549,115123.9256312906,127962.83772972475,137336.17850077688,125502.23216383977,127229.33092752156,130793.5977110119
2026-07-09 18:20:00+00:00,128207.7049535035,115521.79760265749,128298.12460832803,137623.98017150626,125785.25747718166,127474.4496499098,131108.66112427163
2026-07-09 18:25:00+00:00,128476.59220495536,115907.7124308691,128624.7907502943,137898.9808660483,126051.70851392584,127706.36481593296,131406.3362388567
2026-07-09 18:30:00+00:00,128735.62328465031,116277.9995198976,128944.39455798618,138161.36610859318,126302.48097369596,127928.84915085362,131687.3504579208
2026-07-09 18:35:00+00:00,128986.14371478754,116628.9882737151,129258.4944337662,138411.32142333113,126538.4705561158,128145.67537993428,131952.43118461766
2026-07-09 18:40:00+00:00,129229.49901756628,116957.00809629376,129568.648779997,138649.03233445235,126760.57296080903,128360.61622843752,132202.3058221009
2026-07-09 18:45:00+00:00,129467.03471518574,117258.38839160571,129876.41599904119,138874.68436614706,126969.68388739933,128577.44442162583,132437.70177352423
2026-07-09 18:50:00+00:00,129700.09632984512,117529.45856362309,130183.35449326131,139088.4630426054,127166.69903551039,128799.93268476176,132659.34644204125
2026-07-09 18:55:00+00:00,129930.02938374363,117766.54801631805,130491.02266501995,139290.55388801763,127352.51410476594,129031.85374310786,132867.96723080572
2026-07-09 19:00:00+00:00,130158.1793990805,117965.98615366271,130800.97891667974,139481.14242657393,127528.02479478967,129276.98032192663,133064.29154297124
2026-07-09 19:05:00+00:00,130383.83961765883,118135.42779988053,131122.84516443036,139661.26401671075,127691.03329748876,129535.6747928371,133250.011269707
2026-07-09 19:10:00+00:00,130605.34078772739,118286.85102319988,131461.08090915313,139832.33771465678,127840.29154457695,129804.08579636275,133426.6655142292
2026-07-09 19:15:00+00:00,130822.58469115388,118423.07009360031,131809.50093024824,139995.1245912907,127978.11984538769,130079.66546112284,133594.752497762
2026-07-09 19:20:00+00:00,131035.47310980603,118546.89928106134,132161.9200071157,140150.38571749107,128106.83850925448,130359.86591573668,133754.77044152975
2026-07-09 19:25:00+00:00,131243.9078255515,118661.15285556253,132512.15291915563,140298.88216413656,128228.76784551081,130642.13928882351,133907.21756675665
2026-07-09 19:30:00+00:00,131447.79062025805,118768.6450870834,132854.01444576817,140441.37500210578,128346.22816349014,130923.93770900265,134052.59209466688
2026-07-09 19:35:00+00:00,131647.02327579338,118872.1902456035,133181.31936635336,140578.62530227742,128461.53977252601,131202.71330489332,134191.3922464848
2026-07-09 19:40:00+00:00,131841.50757402516,118974.6026011024,133487.88246031132,140711.39413553008,128577.02298195184,131475.91820511484,134324.11624343452
2026-07-09 19:45:00+00:00,132031.1452968211,119078.6964235596,133767.5185070422,140840.44257274235,128694.99810110114,131741.00453828645,134451.2623067404
2026-07-09 19:50:00+00:00,132215.83822604897,119187.28598295462,134014.04228594602,140966.53168479286,128817.7854393074,131995.42443302745,134573.3286576266
2026-07-09 19:55:00+00:00,132395.48814357643,119303.18554926706,134221.26857642288,141090.42254256032,128947.70530590409,132236.63001795713,134690.81351731738
2026-07-09 20:00:00+00:00,132569.9968312712,119429.20939247642,134383.01215787293,141212.8762169233,129087.07801022472,132462.07342169472,134804.215107037
2026-07-09 20:05:00+00:00,132743.1678670347,119574.13045202663,134517.65720741282,141340.32511379768,129242.13109932236,132683.08093523208,134913.22085341104
2026-07-09 20:10:00+00:00,132917.75161770533,119740.5165483436,134647.08882155851,141476.21355511117,129414.4141531068,132910.09747754183,135017.46871527276
2026-07-09 20:15:00+00:00,133092.07004855594,119921.87427287975,134770.37315880897,141616.82048576002,129599.23053019658,133139.2531192143,135117.38271215756
2026-07-09 20:20:00+00:00,133264.4451248595,120111.71021708757,134886.57637766315,141758.42485064056,129791.88358921028,133366.67793084006,135213.386863601
2026-07-09 20:25:00+00:00,133433.19881188887,120303.53097241954,134994.76463661995,141897.30559464902,129987.67668876641,133588.5019830094,135305.90518913855
2026-07-09 20:30:00+00:00,133596.65307491698,120490.84313032812,135094.0040941784,142029.74166268174,130181.91318748353,133800.8553463128,135395.36170830575
2026-07-09 20:35:00+00:00,133753.12987921675,120667.1532822658,135183.36090883744,142152.01199963503,130369.89644398018,133999.86809134067,135482.18044063813
2026-07-09 20:40:00+00:00,133900.95119006108,120825.96801968502,135261.90123909598,142260.39555040508,130546.92981687492,134181.67028868344,135566.7854056711
2026-07-09 20:45:00+00:00,134038.4389727229,120960.79393403826,135328.69124345307,142351.1712598883,130708.31666478627,134342.39200893155,135649.60062294028
2026-07-09 20:50:00+00:00,134163.9151924752,121065.137616778,135382.7970804076,142420.61807298087,130849.3603463328,134478.16332267542,135731.0501119811
2026-07-09 20:55:00+00:00,134275.70181459075,121132.5056593567,135423.2849084585,142465.01493457914,130965.36422013304,134585.11430050543,135811.55789232912
2026-07-09 21:00:00+00:00,134372.12080434262,121156.40465322683,135449.2208861048,142480.6407895794,131051.63164480553,134659.37501301203,135891.5479835198
2026-07-09 21:05:00+00:00,134460.94862341633,121151.45243602352,135467.05455150135,142478.55235943268,131120.7905937997,134714.86392585989,135975.52376452868
2026-07-09 21:10:00+00:00,134550.0625448984,121137.02828594686,135483.79931542324,142472.52153800547,131188.07424504196,134767.79176127372,136065.95741252636
2026-07-09 21:15:00+00:00,134637.9357511627,121113.78095529668,135499.3671452997,142462.90002881727,131252.69376386635,134817.72697468405,136160.22614434076
2026-07-09 21:20:00+00:00,134723.04142458327,121082.35919637287,135513.67000855992,142450.03953538745,131313.86031560687,134864.23802152145,136255.7071767998
2026-07-09 21:25:00+00:00,134803.8527475341,121043.41176147528,135526.61987263305,142434.29176123557,131370.78506559756,134906.89335721653,136349.77772673153
2026-07-09 21:30:00+00:00,134878.84290238924,120997.58740290377,135538.12870494835,142416.00840988097,131422.67917917238,134945.26143719978,136439.81501096382
2026-07-09 21:35:00+00:00,134946.48507152262,120945.53487295822,135548.10847293504,142395.5411848432,131468.75382166548,134978.91071690174,136523.1962463247
2026-07-09 21:40:00+00:00,135005.2524373082,120887.90292393847,135556.47114402227,142373.24178964167,131508.22015841075,135007.40965175306,136597.29864964212
2026-07-09 21:45:00+00:00,135053.6181821201,120825.34030814441,135563.1286856393,142349.4619277958,131540.28935474236,135030.3266971842,136659.499437744
2026-07-09 21:50:00+00:00,135090.05548833217,120758.4957778759,135567.99306521527,142324.55330282514,131564.1725759942,135047.2303086258,136707.17582745836
2026-07-09 21:55:00+00:00,135113.0375383185,120688.01808543278,135570.97625017946,142298.8676182491,131579.08098750035,135057.6889415083,136737.70503561315
2026-07-09 22:00:00+00:00,135121.03751445306,120614.55598311493,135571.99020796106,142272.75657758705,131584.22575459484,135061.27105126236,136748.4642790363
2026-07-09 22:05:00+00:00,135103.15943453857,120522.62873847538,135554.66239681194,142245.25686285252,131568.1676790061,135039.97818467632,136739.6238950636
2026-07-09 22:10:00+00:00,135051.69387988865,120398.27050088774,135504.67856493927,142214.80524049496,131521.7133554232,134978.76719461795,136713.7913037904
2026-07-09 22:15:00+00:00,134969.89387814354,120244.40234538255,135425.03811470533,142180.8535406881,131447.4426386212,134881.6394956366,136671.99934618425
2026-07-09 22:20:00+00:00,134861.0124569435,120063.94534699044,135318.74044847224,142142.85359360554,131347.93538337512,134752.5965022819,136615.28086321257
2026-07-09 22:25:00+00:00,134728.30264392888,119859.82058074207,135188.78496860227,142100.25722942085,131225.77144446,134595.6396291033,136544.6686958428
2026-07-09 22:30:00+00:00,134575.0174667399,119634.949121668,135038.17107745755,142052.51627830774,131083.5306766509,134414.77029065028,136461.1956850424
2026-07-09 22:35:00+00:00,134404.40995301688,119392.25204479886,134869.89817740035,141999.0825704398,130923.79293472278,134213.98990147232,136365.89467177883
2026-07-09 22:40:00+00:00,134219.73313039998,119134.6504251653,134686.96567079274,141939.40793599063,130749.13807345074,133997.29987611895,136259.79849701957
2026-07-09 22:45:00+00:00,134024.24002652965,118865.06533779789,134492.372959997,141872.94420513394,130562.14594760978,133768.70162913966,136143.94000173203
2026-07-09 22:50:00+00:00,133821.18366904603,118586.41785772723,134289.11944737533,141799.14320804327,130365.39641197494,133532.19657508392,136019.35202688375
2026-07-09 22:55:00+00:00,133613.81708558946,118301.629059984,134080.2045352899,141717.45677489234,130161.46932132126,133291.78612850123,135887.06741344207
2026-07-09 23:00:00+00:00,133405.39330380017,118013.62001959875,133868.62762610288,141627.33673585474,129952.94453042376,133051.4717039411,135748.11900237456
2026-07-09 23:05:00+00:00,133171.33704545666,117692.26113379785,133624.86479899482,141487.4003356769,129697.24534989761,132781.56600793608,135547.06906960058
2026-07-09 23:10:00+00:00,132889.19128366213,117313.02925732819,133322.73519716656,141264.20528523545,129359.09961697838,132455.59022849362,135239.12391135367
2026-07-09 23:15:00+00:00,132565.38642304396,116887.25515150126,132970.25281901084,140969.1141138991,128952.04397637177,132082.3585023755,134841.28239907237
2026-07-09 23:20:00+00:00,132206.3528682295,116426.26957762855,132575.43166292034,140613.48935103652,128489.61507278346,131670.6849663434,134370.54340419528
2026-07-09 23:25:00+00:00,131818.52102384614,115941.40329702153,132146.28572728776,140208.69352601658,127985.34955091913,131229.38375715914,133843.905798161
2026-07-09 23:30:00+00:00,131408.32129452127,115443.9870709917,131690.82901050584,139766.08916820798,127452.78405548447,130767.26901158446,133278.368452408
2026-07-09 23:35:00+00:00,130982.18408488219,114945.35166085055,131217.0755109673,139297.0388069795,126905.45523118513,130293.1548663811,132690.93023837495
2026-07-09 23:40:00+00:00,130546.53979955633,114456.82782790952,130733.03922706479,138812.90497169987,126356.89972272686,129815.85545831086,132098.59002750038
2026-07-09 23:45:00+00:00,130107.81884317103,113989.74633348016,130246.73415719107,138325.05019173783,125820.65417481528,129344.18492413546,131518.34669122292
2026-07-09 23:50:00+00:00,129672.45162035369,113555.43793887389,129766.17429973886,137844.83699646214,125310.2552321561,128886.95740061667,130967.19910098107
2026-07-09 23:55:00+00:00,129246.86853573167,113165.23340540222,129299.37365310083,137383.6279152416,124839.23953945498,128452.98702451623,130462.14612821347
2026-07-10 00:00:00+00:00,128837.49999393235,112830.46349437664,128854.34621566972,136952.7854774449,124421.14374141765,128051.0879325959,130020.18664435866
2026-07-10 00:05:00+00:00,128427.7354195497,112539.63893409772,128411.02812705543,136527.69126253334,124041.2912488599,127665.699199788,129627.29201260368
2026-07-10 00:10:00+00:00,127999.93243853528,112271.29807784417,127947.8811504986,136080.20125448256,123674.95699889939,127277.14953776714,129255.41009910408
2026-07-10 00:15:00+00:00,127558.97375755283,112021.81312439482,127470.70771983819,135616.38958943315,123320.60492569461,126888.08753840858,128900.50452975127
2026-07-10 00:20:00+00:00,127109.74208326606,111787.5562725283,126985.3102689131,135142.33040352562,122976.698963404,126501.16179358757,128558.53893043665
2026-07-10 00:25:00+00:00,126657.1201223387,111564.89972102341,126497.49123156224,134664.09783290038,122641.70304618598,126119.02089517932,128225.47692705161
2026-07-10 00:30:00+00:00,126205.9905814345,111350.21566865886,126013.0530416245,134187.766013698,122314.08110819903,125744.31343505908,127897.28214548755
2026-07-10 00:35:00+00:00,125761.23616721715,111139.87631421343,125537.79813293881,133719.409082059,121992.29708360159,125379.68800510211,127569.91821163584
2026-07-10 00:40:00+00:00,125327.7395863504,110930.25385646583,125077.52893934408,133265.10117412388,121674.8149065521,125027.79319718364,127239.34875138788
2026-07-10 00:45:00+00:00,124910.38354549796,110717.72049419483,124638.04789467921,132830.91642603313,121360.09851120903,124691.27760317891,126901.53739063507
2026-07-10 00:50:00+00:00,124514.05075132358,110498.64842617912,124225.1574327831,132422.9289739272,121046.61183173083,124372.78981496318,126552.44775526882
2026-07-10 00:55:00+00:00,124143.62391049096,110269.40985119749,123844.65998749467,132047.21295394667,120732.81880227593,124074.97842441166,126188.04347118048
2026-07-10 01:00:00+00:00,123803.98572966385,110026.37696802865,123502.35799265283,131709.84250223203,120417.18335700282,123800.49202339961,125804.2881642615
2026-07-10 01:05:00+00:00,123499.83807911722,109779.55907982176,123200.91302827928,131413.04202922064,120112.21368308534,123555.76482761069,125403.88596036009
2026-07-10 01:10:00+00:00,123227.74556305182,109539.19783742986,122934.0368572962,131150.01639799442,119827.49759382445,123340.846189357,124992.589319273
2026-07-10 01:15:00+00:00,122980.38498901995,109302.01396118767,122694.1071878933,130913.31042366025,119557.11846256921,123148.8074054566,124570.93436781426
2026-07-10 01:20:00+00:00,122750.43316457399,109064.7281714298,122473.50172826019,130695.46892132524,119295.15966266865,122972.71977272742,124139.45723279793
2026-07-10 01:25:00+00:00,122530.56689726624,108824.06118849094,122264.59818658659,130489.03670609646,119035.70456747184,122805.65458798746,123698.69404103806
2026-07-10 01:30:00+00:00,122313.46299464906,108576.73373270575,122059.77427106211,130286.5585930809,118772.83655032788,122640.68314805473,123249.1809193487
2026-07-10 01:35:00+00:00,122091.79826427477,108319.46652440887,121851.40768987649,130080.57939738562,118500.63898458576,122470.87674974719,122791.4539945439
2026-07-10 01:40:00+00:00,121858.2495136957,108048.98028393494,121631.87615121933,129863.64393411767,118213.19524359454,122289.30668988283,122326.04939343774
2026-07-10 01:45:00+00:00,121605.49355046422,107761.99573161868,121393.55736328034,129628.29701838411,117904.58870070333,122089.04426527965,121853.50324284424
2026-07-10 01:50:00+00:00,121326.20718213265,107455.23358779473,121128.82903424915,129367.08346529193,117568.90272926114,121863.16077275563,121374.35166957746
2026-07-10 01:55:00+00:00,121013.0672162533,107125.41457279772,120830.06887231547,129072.54808994822,117200.22070261704,121604.72750912874,120889.13080045144
2026-07-10 02:00:00+00:00,120658.75046037853,106769.25940696233,120489.65458566893,128737.23570745999,116792.62599412007,121306.81577121702,120398.37676228026
2026-07-10 02:05:00+00:00,120230.21052532719,106363.17879648776,120075.75816378697,128331.16764601167,116300.91429301382,120927.00052824072,119896.58445819045
2026-07-10 02:10:00+00:00,119708.92601829072,105892.29472895394,119570.87375742434,127838.0107608875,115697.1921812595,120437.87273020523,119379.39280394345
2026-07-10 02:15:00+00:00,119109.3612413805,105366.39484676655,118988.8623166868,127270.77815784427,115001.50937128266,119855.02764510633,118849.0539453055
2026-07-10 02:20:00+00:00,118445.98049670782,104795.26679233133,118343.58479168004,126642.48294263874,114233.91557550883,119194.06054093968,118307.82002804289
2026-07-10 02:25:00+00:00,117733.24808638405,104188.69820805396,117648.90213250977,125966.1382210277,113414.46050636357,118470.56668570102,117757.94319792191
2026-07-10 02:30:00+00:00,116985.62831252046,103556.47673634018,116918.67528928175,125254.75709876792,112563.19387627239,117700.14134738602,117201.67560070883
2026-07-10 02:35:00+00:00,116217.58547722847,102908.39001959567,116166.76521210167,124521.35268161618,111700.16539766088,116898.37979399043,116641.26938216996
2026-07-10 02:40:00+00:00,115443.58388261932,102254.22570022615,115407.03285107526,123778.93807532922,110845.42478295453,116080.87729350993,116078.97668807155
2026-07-10 02:45:00+00:00,114678.08783080438,101603.77142063732,114653.33915630824,123040.52638566389,110019.02174457892,115263.22911394024,115517.0496641799
2026-07-10 02:50:00+00:00,113935.56162389497,100966.8148232349,113919.54507790632,122319.13071837692,109241.00599495956,114461.03052327705,114957.7404562613
2026-07-10 02:55:00+00:00,113230.46956400243,100353.14355042462,113219.51156597523,121627.7641792251,108531.42724652198,113689.8767895161,114403.30121008205
2026-07-10 03:00:00+00:00,112577.27595323806,99772.54524461215,112567.09957062069,120979.43987396518,107910.33521169178,112965.36318065308,113855.98407140838
2026-07-10 03:05:00+00:00,111959.8386400772,99192.10135536517,111946.26408559651,120371.70645075814,107358.25523104994,112257.39666900848,113317.94909674847
2026-07-10 03:10:00+00:00,111351.88824106334,98580.13667367843,111331.5593770488,119788.75570288002,106838.9970651616,111529.81405973142,112788.11344826176
2026-07-10 03:15:00+00:00,110752.6982104101,97948.30385409827,110722.7453036715,119223.56545376028,106347.53705642848,110789.10537006056,112263.86493019147
2026-07-10 03:20:00+00:00,110161.5420023311,97308.25555117104,110119.58172415869,118669.11352682831,105878.85154725231,110041.76061723451,111742.5913467809
2026-07-10 03:25:00+00:00,109577.69307103999,96671.64441944308,109521.82849720439,118118.37774551359,105427.91688003478,109294.26981849196,111221.68050227326
2026-07-10 03:30:00+00:00,109000.42487075034,96050.12311346075,108929.24548150261,117564.33593324553,104989.70939717762,108553.12299107152,110698.52020091181
2026-07-10 03:35:00+00:00,108429.01085567584,95455.34428777041,108341.59253574739,116999.96591345356,104559.20544108254,107824.81015221182,110170.49824693978
2026-07-10 03:40:00+00:00,107862.72448003005,94898.96059691838,107758.62951863273,116418.24550956712,104131.38135415122,107115.82131915157,109635.00244460042
2026-07-10 03:45:00+00:00,107300.8391980266,94392.62469545101,107180.11628885266,115812.15254501566,103701.21347878543,106432.64650912935,109089.42059813702
2026-07-10 03:50:00+00:00,106742.62846387918,93947.98923791468,106605.81270510123,115174.6648432286,103263.67815738684,105781.77573938384,108531.1405117928
2026-07-10 03:55:00+00:00,106187.36573180131,93576.70687885568,106035.47862607242,114498.76022763537,102813.7517323572,105169.69902715368,107957.549989811
2026-07-10 04:00:00+00:00,105634.3244560067,93290.43027282042,105468.8739104603,113777.41652166541,102346.41054609818,104602.90638967749,107366.03683643487
2026-07-10 04:05:00+00:00,105080.83536461058,93067.71401802573,104902.91595750455,112964.8153473315,101861.33016560007,104073.38069349433,106738.24267507644
2026-07-10 04:10:00+00:00,104525.92257092641,92875.69671248352,104335.83520405006,112036.60496157357,101363.7578290054,103567.23318048047,106064.87247026205
2026-07-10 04:15:00+00:00,103971.3996069651,92708.90701043271,103769.36106519868,111017.96314021164,100857.02738544437,103082.14643088038,105356.90903790644
2026-07-10 04:20:00+00:00,103419.08000473748,92561.87356611219,103205.2229560522,109934.06765906578,100344.47268404714,102615.80302493852,104625.3351939243
2026-07-10 04:25:00+00:00,102870.77729625445,92429.12503376087,102645.15029171245,108810.09629395604,99829.42757394393,102165.88554289934,103881.13375423034
2026-07-10 04:30:00+00:00,102328.3050135269,92305.19006761763,102090.87248728122,107671.22682070252,99315.22590426492,101730.07656500736,103135.28753473927
2026-07-10 04:35:00+00:00,101793.47668856569,92184.59732192144,101544.11895786038,106542.63701512525,98805.20152414028,101306.05867150704,102398.77935136584
2026-07-10 04:40:00+00:00,101268.10585338168,92061.87545091113,101006.61911855172,105449.50465304428,98302.6882827002,100891.51444264282,101682.59202002473
2026-07-10 04:45:00+00:00,100754.00603998578,91931.55310882564,100480.10238445706,104417.00751027973,97811.02002907488,100484.12645865917,100997.70835663068
2026-07-10 04:50:00+00:00,100252.99078038885,91788.15894990388,99966.29817067823,103470.3233626516,97333.53061239446,100081.57729980061,100355.11117709843
2026-07-10 04:55:00+00:00,99766.87360660177,91626.22162838475,99466.93589231704,102634.62998597998,96873.55388178916,99681.5495463116,99765.78329734264
2026-07-10 05:00:00+00:00,99297.46805063543,91440.26979850714,98983.7449644753,101935.10515608492,96434.42368638917,99281.72577843655,99240.70753327805
2026-07-10 05:05:00+00:00,98837.06846971513,91222.69388991239,98507.62639370919,101322.65606308002,96008.7990818478,98884.37543088931,98759.52952008073
2026-07-10 05:10:00+00:00,98378.3275890975,90973.45938024293,98030.46920395807,100732.63608558719,95587.9115358569,98493.24105093678,98294.84335055943
2026-07-10 05:15:00+00:00,97923.5964928405,90698.45749573925,97555.48483639868,100166.89228218893,95172.95351560447,98108.21488765316,97847.05452707791
2026-07-10 05:20:00+00:00,97475.22626500201,90403.57946264188,97085.88473220768,99627.27171146781,94765.11748827859,97729.18919011262,97416.56855199998
2026-07-10 05:25:00+00:00,97035.56798963994,90094.71650719135,96624.88033256179,99115.62143200633,94365.59592106722,97356.0562073894,97003.79092768938
2026-07-10 05:30:00+00:00,96606.97275081217,89777.75985562819,96175.68307863772,98633.78850238705,93975.5812811584,96988.70818855766,96609.1271565099
2026-07-10 05:35:00+00:00,96191.79163257667,89458.60073419288,95741.50441161211,98183.61998119246,93596.26603574018,96627.03738269162,96232.9827408253
2026-07-10 05:40:00+00:00,95792.37571899129,89143.130369126,95325.55577266174,97766.96292700515,93228.84265200053,96270.93603886546,95875.76318299938
2026-07-10 05:45:00+00:00,95411.07609411397,88837.239986668,94931.04860296323,97385.66439840758,92874.50359712749,95920.29640615336,95537.8739853959
2026-07-10 05:50:00+00:00,95050.24384200259,88546.82081305949,94561.19434369332,97041.57145398234,92534.44133830906,95575.01073362953,95219.72065037861
2026-07-10 05:55:00+00:00,94712.23004671508,88277.76407454092,94219.2044360287,96736.53115231192,92209.84834273327,95234.97127036816,94921.70868031132
2026-07-10 06:00:00+00:00,94399.38579230936,88035.96099735283,93908.29032114607,96472.39055197885,91901.91707758814,94900.07026544346,94644.24357755776
2026-07-10 06:05:00+00:00,94107.71130646903,87812.9635681248,93623.36687721284,96244.02864592048,91601.00273792495,94561.09618560219,94387.6552266233
2026-07-10 06:10:00+00:00,93830.71106228742,87596.38207239557,93355.87627989115,96042.08434919921,91298.84809593805,94212.14112649011,94150.0774596859
2026-07-10 06:15:00+00:00,93566.99251193699,87386.19518476934,93103.82091659964,95862.04460358525,90998.72698453012,93858.05278052988,93928.62170061827
2026-07-10 06:20:00+00:00,93315.16310759018,87182.38157985042,92865.20317475699,95699.39635084876,90703.91323660382,93503.67884014416,93720.39937329313
2026-07-10 06:25:00+00:00,93073.83030141944,86984.91993224302,92638.02544178185,95549.62653276001,90417.6806850618,93153.86699775561,93522.52190158321
2026-07-10 06:30:00+00:00,92841.60154559724,86793.78891655144,92420.2901050929,95408.22209108913,90143.30316280674,92813.46494578691,93332.1007093612
2026-07-10 06:35:00+00:00,92617.08429229603,86608.96720737989,92209.99955210886,95270.66996760633,89884.05450274124,92487.32037666069,93146.24722049985
2026-07-10 06:40:00+00:00,92398.88599368825,86430.4334793326,92005.1561702483,95132.45710408183,89643.20853776803,92180.28098279962,92962.07285887189
2026-07-10 06:45:00+00:00,92185.61410194634,86258.16640701386,91803.76234692999,94989.07044228581,89424.03910078974,91897.19445662637,92776.68904835
2026-07-10 06:50:00+00:00,91975.87606924279,86092.14466502794,91603.82046957254,94835.99692398848,89229.82002470904,91642.90849056357,92587.20721280694
2026-07-10 06:55:00+00:00,91768.27934775002,85932.34692797906,91403.33292559463,94668.72349096002,89063.82514242858,91422.2707770339,92390.73877611541
2026-07-10 07:00:00+00:00,91561.43138964051,85778.75187047146,91200.30210241495,94482.73708497063,88929.32828685103,91240.12900846003,92184.39516214814
2026-07-10 07:05:00+00:00,91346.07459479173,85630.55483452945,90986.16473289106,94263.74469931617,88816.4011135571,91078.72768166903,91954.09886474443
2026-07-10 07:10:00+00:00,91117.637880918,85486.88740193559,90757.54529605375,94007.1407382284,88712.4404119682,90918.68969633053,91694.02650425448
2026-07-10 07:15:00+00:00,90881.75847694703,85347.63260693151,90520.2277985815,93722.94325988147,88616.70771574794,90762.43034913111,91413.67069431751
2026-07-10 07:20:00+00:00,90644.07361180647,85212.6734837589,90279.99624715277,93421.17032244954,88528.46455855994,90612.36493675724,91122.52404857261
2026-07-10 07:25:00+00:00,90410.22051442403,85081.89306665938,90042.63464844605,93111.83998410676,88446.97247406779,90470.90875589549,90830.07918065896
2026-07-10 07:30:00+00:00,90185.8364137274,84955.17438987466,89813.92700913982,92804.97030302728,88371.49299593517,90340.47710323233,90545.82870421564
2026-07-10 07:35:00+00:00,89976.55853864427,84832.40048764633,89599.65733591255,92510.57933738524,88301.28765782565,90223.48527545434,90279.2652328819
2026-07-10 07:40:00+00:00,89788.02411810232,84713.45439421608,89405.6096354427,92238.68514535476,88235.61799340289,90122.34856924802,90039.88138029679
2026-07-10 07:45:00+00:00,89625.87038102925,84598.21914382557,89237.56791440876,91999.30578511002,88173.74553633045,90039.48228129989,89837.16976009951
2026-07-10 07:50:00+00:00,89495.73455635272,84486.57777071645,89101.3161794892,91802.45931482514,88114.93182027203,89977.30170829648,89680.62298592916
2026-07-10 07:55:00+00:00,89403.25387300043,84378.41330913034,89002.63843736249,91658.16379267431,88058.43837889118,89938.2221469243,89579.73367142492
2026-07-10 08:00:00+00:00,89354.06555990009,84273.60879330896,88947.31869470712,91576.43727683164,88003.52674585156,89924.65889386991,89543.99443022591
2026-07-10 08:05:00+00:00,89329.24461511637,84166.23673090072,88916.58196165865,91530.698241186,87947.93338525198,89926.25185897053,89545.3225033272
2026-07-10 08:10:00+00:00,89306.16133984561,84052.44925645889,88887.8785042651,91487.82739218003,87890.70866340728,89930.92944772397,89549.252469414
2026-07-10 08:15:00+00:00,89284.89591771297,83935.24884458225,88861.33021307376,91448.0361368185,87833.08496730504,89938.53970030765,89555.70294866066
2026-07-10 08:20:00+00:00,89265.52853234361,83817.63796986963,88837.05897863182,91411.53588210627,87776.29468393285,89948.93065689893,89564.59256124162
2026-07-10 08:25:00+00:00,89248.1393673627,83702.61910691981,88815.18669148657,91378.53803504807,87721.57020027834,89961.95035767522,89575.83992733124
2026-07-10 08:30:00+00:00,89232.8086063954,83593.19473033163,88795.83524218519,91349.25400264874,87670.14390332911,89977.44684281392,89589.36366710388
2026-07-10 08:35:00+00:00,89219.61643306684,83492.36731470385,88779.12652127494,91323.89519191305,87623.24818007275,89995.2681524924,89605.08240073397
2026-07-10 08:40:00+00:00,89208.64303100221,83403.13933463533,88765.18241930305,91302.67300984584,87582.11541749685,90015.26232688807,89622.91474839588
2026-07-10 08:45:00+00:00,89199.96858382666,83328.51326472487,88754.12482681677,91285.79886345187,87547.97800258904,90037.27740617831,89642.77933026398
2026-07-10 08:50:00+00:00,89193.67327516536,83271.49157957123,88746.07563436331,91273.48415973596,87522.0683223369,90061.16143054052,89664.59476651266
2026-07-10 08:55:00+00:00,89189.83728864347,83235.07675377326,88741.15673248994,91265.94030570288,87505.61876372804,90086.76244015212,89688.27967731634
2026-07-10 09:00:00+00:00,89188.54080788614,83222.27126192977,88739.49001174388,91263.37870835746,87499.86171375007,90113.92847519045,89713.75268284936
2026-07-10 09:05:00+00:00,89207.1874924314,83254.8148509133,88760.37203455386,91279.9119931546,87527.2414001646,90152.5794948251,89762.16929653464
2026-07-10 09:10:00+00:00,89260.71234134541,83346.59130217259,88820.1747057795,91327.43191767066,87604.03402211377,90211.63723809266,89851.69447600955
2026-07-10 09:15:00+00:00,89345.4925475454,83488.81914217053,88914.63292961426,91402.81858709246,87722.2199236561,90289.45241497118,89977.76100777017
2026-07-10 09:20:00+00:00,89457.90530394859,83672.7168973701,89039.48161025168,91502.9521066069,87873.77944885002,90384.37573543866,90135.80167831258
2026-07-10 09:25:00+00:00,89594.3278034723,83889.50309423424,89190.45565188526,91624.71258140083,88050.69294175402,90494.75790947312,90321.24927413285
2026-07-10 09:30:00+00:00,89751.13723903375,84130.39625922589,89363.2899587085,91764.98011666113,88244.94074642657,90618.94964705253,90529.53658172711
2026-07-10 09:35:00+00:00,89924.7108035502,84386.61491880803,89553.7194349149,91920.63481757467,88448.5032069261,90755.30165815496,90756.0963875914
2026-07-10 09:40:00+00:00,90111.42568993891,84649.37759944359,89757.47898469798,92088.55678932832,88653.36066731112,90902.1646527584,90996.36147822182
2026-07-10 09:45:00+00:00,90307.65909111715,84909.9028275955,89970.30351225125,92265.62613710893,88851.49347164007,91057.88934084082,91245.76464011446
2026-07-10 09:50:00+00:00,90509.78820000216,85159.40912972676,90187.9279217682,92448.72296610339,89034.88196397145,91220.8264323803,91499.73865976543
2026-07-10 09:55:00+00:00,90714.19020951119,85389.11503230028,90406.08711744237,92634.72738149855,89195.50648836368,91389.32663735482,91753.71632367074
2026-07-10 10:00:00+00:00,90917.2423125615,85590.23906177901,90620.5160034672,92820.5194884813,89325.34738887525,91561.74066574239,92003.13041832653
2026-07-10 10:05:00+00:00,91138.47661853881,85766.95661569241,90848.07553235735,93024.59651334964,89429.39969914002,91759.20176992808,92266.05061775936
2026-07-10 10:10:00+00:00,91396.54833370844,85931.55638049312,91105.8997404937,93264.57108994407,89520.1034079945,91999.49665974714,92560.29832472086
2026-07-10 10:15:00+00:00,91686.51929630701,86087.42681602889,91390.13315786919,93535.9964347652,89600.60629230112,92275.95623135277,92880.93391879473
2026-07-10 10:20:00+00:00,92003.45134457118,86237.95638214749,91696.92031447678,93834.42576431365,89674.05612892233,92581.91138089816,93223.01777956472
2026-07-10 10:25:00+00:00,92342.4063167376,86386.53353869672,92022.40574030945,94155.41229509002,89743.6006947206,92910.69300453659,93581.61028661451
2026-07-10 10:30:00+00:00,92698.44605104292,86536.54674552432,92362.73396536012,94494.50924359492,89812.38776655836,93255.63199842123,93951.77181952784
2026-07-10 10:35:00+00:00,93066.63238572376,86691.38446247802,92714.04951962175,94847.26982632893,89883.56512129807,93610.05925870534,94328.56275788839
2026-07-10 10:40:00+00:00,93442.02715901678,86854.43514940565,93072.4969330873,95209.24725979268,89960.28053580216,93967.3056815421,94707.04348127989
2026-07-10 10:45:00+00:00,93819.69220915866,87029.08726615492,93434.22073574972,95575.99476048676,90045.68178693308,94320.70216308479,95082.27436928605
2026-07-10 10:50:00+00:00,94194.68937438603,87218.72927257363,93795.36545760196,95943.06554491182,90142.9166515533,94663.57959948655,95449.3158014906
2026-07-10 10:55:00+00:00,94562.08049293549,87426.74962850953,94152.075628637,96306.0128295684,90255.13290652524,94989.26888690064,95803.22815747722
2026-07-10 11:00:00+00:00,94916.92740304377,87656.53679381037,94500.49577884776,96660.38983095714,90385.47832871135,95291.10092148029,96139.07181682964
2026-07-10 11:05:00+00:00,95276.28803524494,87937.20922432245,94857.14233485359,97027.94968420228,90562.00674628785,95574.54048213137,96472.92712540172
2026-07-10 11:10:00+00:00,95656.43969836162,88286.46298410746,95236.8088436096,97427.55671233707,90803.68007631552,95850.43739973482,96820.47898469516
2026-07-10 11:15:00+00:00,96051.27329806313,88690.55294533655,95633.05551561245,97850.43091372566,91100.00822898364,96120.20014840647,97176.1946077655
2026-07-10 11:20:00+00:00,96454.6797400188,89135.73398018071,96039.44256135874,98287.79228673213,91440.50111448154,96385.23720226214,97534.54120766828
2026-07-10 11:25:00+00:00,96860.54992989791,89608.26096081102,96449.53019134513,98730.86082972071,91814.66864299851,96646.95703541765,97889.98599745899
2026-07-10 11:30:00+00:00,97262.77477336983,90094.3887593985,96856.87861606822,99170.85654105546,92212.02072472392,96906.7681219888,98236.9961901932
2026-07-10 11:35:00+00:00,97655.24517610385,90580.37224811425,97255.04804602468,99598.99941910054,92622.06726984704,97166.07893609144,98570.03899892638
2026-07-10 11:40:00+00:00,98031.85204376931,91052.46629912927,97637.59869171111,100006.50946222008,93034.31818855718,97426.29795184138,98883.58163671408
2026-07-10 11:45:00+00:00,98386.48628203553,91496.92578461466,97998.09076362415,100384.60666877824,93438.28339104369,97688.83364335442,99172.09131661183
2026-07-10 11:50:00+00:00,98713.03879657183,91900.00557674147,98330.08447226042,100724.51103713912,93823.47278749582,97955.09448474643,99430.03525167517
2026-07-10 11:55:00+00:00,99005.4004930475,92247.96054768073,98627.1400281166,101017.44256566686,94179.39628810294,98226.48895013318,99651.88065495958
2026-07-10 12:00:00+00:00,99257.46227713193,92527.0455696035,98882.81764168924,101254.6212527256,94495.56380305435,98504.4255136305,99832.0947395206
2026-07-10 12:05:00+00:00,99477.01370009071,92755.87535287654,99105.79840633541,101451.29667218833,94784.9061425786,98801.63555800376,99979.20454490393
2026-07-10 12:10:00+00:00,99677.8105088697,92964.20483675416,99310.76561718727,101630.12589935682,95067.47763641075,99124.73047893593,100107.65769212371
2026-07-10 12:15:00+00:00,99862.69290265863,93154.9992367387,99500.28278740433,101793.44018473836,95343.47347399987,99465.93876991926,100220.8022664381
2026-07-10 12:20:00+00:00,100034.50108064714,93331.22376833254,99676.913430146,101943.57077884028,95613.088844795,99817.48892444598,100321.98635310524
2026-07-10 12:25:00+00:00,100196.07524202488,93495.84364703803,99843.2210585718,102082.8489321699,95876.51893824521,100171.60943600835,100414.55803738332
2026-07-10 12:30:00+00:00,100350.25558598155,93651.82408835755,100001.76918584117,102213.60589523453,96133.95894379955,100520.52879809859,100501.8654045305
2026-07-10 12:35:00+00:00,100499.88231170677,93802.13030779346,100155.12132511352,102338.1729185415,96385.60405090707,100856.47550420895,100587.25653980495
2026-07-10 12:40:00+00:00,100647.79561839029,93949.72752084813,100305.84098954838,102458.8812525981,96631.64944901686,101171.67804783171,100674.07952846483
2026-07-10 12:45:00+00:00,100796.8357052217,94097.58094302392,100456.4916923052,102578.06214791168,96872.29032757792,101458.36492245908,100765.68245576834
2026-07-10 12:50:00+00:00,100949.84277139073,94248.65578982318,100609.6369465434,102698.04685498953,97107.72187603936,101708.7646215833,100865.4134069736
2026-07-10 12:55:00+00:00,101109.65701608702,94405.91727674831,100767.84026542248,102821.16662433895,97338.1392838502,101915.10563869664,100976.6204673388
2026-07-10 13:00:00+00:00,101279.11863850024,94572.33061930165,100933.66516210187,102949.75270646729,97563.73774045952,102069.61646729131,101102.65172212211
2026-07-10 13:05:00+00:00,101452.57634925364,94742.42218394185,101100.5218086261,103076.4763076851,97778.98536484007,102184.58076254206,101242.00473643784
2026-07-10 13:10:00+00:00,101623.3526042071,94909.4748167258,101261.42017887051,103194.16430735802,97980.3701309854,102280.08271645036,101390.71668020854
2026-07-10 13:15:00+00:00,101792.74822040522,95074.58845255317,101418.32348874076,103305.381465576,98171.11701087566,102360.05162774857,101548.44504590482
2026-07-10 13:20:00+00:00,101962.06401489257,95238.8630263237,101573.19495414257,103412.69254242901,98354.45097649113,102428.41679516908,101714.84732599722
2026-07-10 13:25:00+00:00,102132.60080471376,95403.39847293707,101727.99779098161,103518.662298007,98533.59699981194,102489.10751744424,101889.58101295635
2026-07-10 13:30:00+00:00,102305.6594069134,95569.29472729297,101884.6952151636,103625.85549239989,98711.78005281836,102546.05309330644,102072.30359925277
2026-07-10 13:35:00+00:00,102482.54063853603,95737.65172429115,102045.25044259419,103736.83688569767,98892.2251074905,102603.18282148807,102262.67257735704
2026-07-10 13:40:00+00:00,102664.54531662627,95909.56939883126,102211.62668917912,103854.17123799029,99078.15713580865,102664.42600072148,102460.34543973974
2026-07-10 13:45:00+00:00,102852.97425822873,96086.14768581302,102385.78717082406,103980.42330936766,99272.80110975297,102733.71192973903,102664.97967887149
2026-07-10 13:50:00+00:00,103049.12828038799,96268.48652013614,102569.69510343469,104118.15785991977,99479.38200130365,102814.96990727315,102876.2327872228
2026-07-10 13:55:00+00:00,103254.30820014865,96457.68583670032,102765.31370291671,104269.93964973657,99701.12478244091,102912.12923205615,103093.76225726426
2026-07-10 14:00:00+00:00,103469.81483455528,96654.84557040525,102974.60618517583,104438.33343890798,99941.25442514493,103029.11920282044,103317.22558146648
2026-07-10 14:05:00+00:00,103696.38317178836,96858.06169441216,103200.95701443213,104633.54472836912,100203.32781651555,103185.93991484072,103549.08993513393
2026-07-10 14:10:00+00:00,103933.68712509547,97065.24816684848,103445.44984459598,104861.72968352622,100487.22562532076,103395.48403997307,103792.0395137201
2026-07-10 14:15:00+00:00,104181.4358991218,97277.23190006329,103706.59667610834,105119.37906117608,100790.658496043,103651.01974182192,104046.05733991902
2026-07-10 14:20:00+00:00,104439.33869851257,97494.83980640558,103982.90950941024,105402.98361811542,101111.33707316472,103945.81518399165,104311.12643642469
2026-07-10 14:25:00+00:00,104707.104727913,97718.89879822443,104272.90034494268,105709.03411114102,101446.97200116832,104273.1385300867,104587.22982593116
2026-07-10 14:30:00+00:00,104984.44319196828,97950.23578786885,104575.0811831467,106034.02129704962,101795.27392453629,104626.2579437115,104874.35053113247
2026-07-10 14:35:00+00:00,105271.06329532365,98189.67768768792,104887.96402446329,106374.43593263799,102153.95348775107,104998.44158847046,105172.47157472263
2026-07-10 14:40:00+00:00,105566.67424262431,98438.0514100306,105210.06086933347,106726.76877470287,102520.7213352951,105382.95762796799,105481.57597939568
2026-07-10 14:45:00+00:00,105870.98523851551,98696.183867246,105539.88371819824,107087.51058004101,102893.28811165079,105773.07422580851,105801.64676784565
2026-07-10 14:50:00+00:00,106183.70548764242,98964.90197168314,105875.94457149862,107453.15210544919,103269.36446130062,106162.05954559642,106132.66696276655
2026-07-10 14:55:00+00:00,106504.54419465027,99245.03263569107,106216.75542967563,107820.18410772411,103646.66102872702,106543.18175093619,106474.61958685242
2026-07-10 15:00:00+00:00,106833.21056418428,99537.40277161878,106560.82829317026,108185.09734366261,104022.88845841245,106909.70900543219,106827.4876627973
2026-07-10 15:05:00+00:00,107171.91421756419,99849.68041343537,106910.87506867867,108552.70147133913,104399.97934374501,107272.12112855916,107199.64688873308
2026-07-10 15:10:00+00:00,107523.10256047208,100186.98691854534,107270.76057880389,108930.4747968183,104781.90128065842,107644.66708208784,107597.60308273864
2026-07-10 15:15:00+00:00,107886.8414740967,100546.32918445092,107640.72619784727,109318.91104888191,105169.41741745341,108026.2687430668,108018.53444742851
2026-07-10 15:20:00+00:00,108263.1968396268,100924.71410865443,108021.01330011016,109718.50395631185,105563.29090243083,108415.84798854454,108459.6191854172
2026-07-10 15:25:00+00:00,108652.23453825111,101319.14858865805,108411.86325989391,110129.74724788996,105964.28488389142,108812.32669556959,108918.0354993192
2026-07-10 15:30:00+00:00,109054.02045115839,101726.63952196408,108813.51745149985,110553.13465239809,106373.16251013598,109214.62674119048,109390.96159174902
2026-07-10 15:35:00+00:00,109468.62045953739,102144.19380607476,109226.21724922935,110989.15989861809,106790.68692946529,109621.67000245574,109875.57566532119
2026-07-10 15:40:00+00:00,109896.10044457683,102568.81833849232,109650.20402738369,111438.31671533179,107217.62129018012,110032.37835641389,110369.05592265018
2026-07-10 15:45:00+00:00,110336.52628746546,102997.52001671906,110085.7191602643,111901.09883132107,107654.72874058125,110445.67368011345,110868.58056635055
2026-07-10 15:50:00+00:00,110789.96386939201,103427.30573825722,110533.00402217248,112377.99997536777,108102.77242896949,110860.47785060294,111371.32779903676
2026-07-10 15:55:00+00:00,111256.47907154525,103855.18240060903,110992.29998740957,112869.51387625372,108562.5155036456,111275.7127449309,111874.47582332336
2026-07-10 16:00:00+00:00,111736.1377751139,104278.15690127676,111463.84843027694,113376.13426276078,109034.72111291037,111690.30024014585,112375.20284182484
2026-07-10 16:05:00+00:00,112252.79568838031,104702.68983320815,111967.9458604224,113917.29607751986,109529.16189746755,112101.49382667152,112874.93869996771
2026-07-10 16:10:00+00:00,112822.6668930351,105136.25555015802,112518.09924458058,114505.98293605242,110051.85746289042,112508.7599980311,113377.8587218624
2026-07-10 16:15:00+00:00,113434.35483037925,105577.38159083921,113104.36564268294,115133.01157647622,110597.94140478405,112914.34013592244,113885.25932814923
2026-07-10 16:20:00+00:00,114076.46294171379,106024.59549396459,113716.802114661,115789.19873690899,111162.5473187536,113320.47562204329,114398.43693946853
2026-07-10 16:25:00+00:00,114737.59466833978,106476.424798247,114345.46572044623,116465.36115546848,111740.80880040406,113729.40783809143,114918.68797646069
2026-07-10 16:30:00+00:00,115406.35345155823,106931.3970423993,114980.41351997017,117152.31557027242,112327.85944534057,114143.37816576469,115447.30885976601
2026-07-10 16:35:00+00:00,116071.34273267021,107388.03976513432,115611.70257316428,117840.8787194386,112918.83284916819,114564.62798676082,115985.59601002483
2026-07-10 16:40:00+00:00,116721.16595297672,107844.88050516497,116229.38993996006,118521.86734108471,113508.86260749202,114995.39868277764,116534.84584787751
2026-07-10 16:45:00+00:00,117344.42655377879,108300.44680120402,116823.53268028899,119186.09817332853,114093.08231591713,115437.93163551288,117096.35479396439
2026-07-10 16:50:00+00:00,117929.72797637747,108753.2661919644,117384.1878540826,119824.38795428777,114666.62557004864,115894.4682266644,117671.41926892579
2026-07-10 16:55:00+00:00,118465.67366207378,109201.86621615893,117901.41252127236,120427.55342208021,115224.62596549159,116367.24983792994,118261.33569340208
2026-07-10 17:00:00+00:00,118940.86705216879,109644.77441250045,118365.26374178976,120986.41131482356,115762.21709785108,116858.5178510073,118867.40048803359
2026-07-10 17:05:00+00:00,119365.62813031096,110084.90334246343,118782.67359314799,121510.6142623217,116289.79422487791,117389.06056306932,119519.47152287875
2026-07-10 17:10:00+00:00,119760.98294968648,110525.72056638566,119170.58856302427,122017.15686339435,116819.40499766915,117970.49997675593,120235.83642305934
2026-07-10 17:15:00+00:00,120131.59405590304,110966.58612127512,119534.08732659619,122507.86880968316,117348.66160184934,118591.3280319656,121000.43624181069
2026-07-10 17:20:00+00:00,120482.12399456829,111406.86004413971,119878.24855904127,122984.57979282968,117875.17622304306,119240.0366685968,121797.21203236807
2026-07-10 17:25:00+00:00,120817.23531128989,111845.90237198742,120208.15093553717,123449.11950447556,118396.56104687479,119905.117826548,122610.1048479668
2026-07-10 17:30:00+00:00,121141.59055167546,112283.07314182617,120528.87313126141,123903.31763626235,118910.42825896913,120575.06344571763,123423.05574184217
2026-07-10 17:35:00+00:00,121459.85226133268,112717.73239066389,120845.4938213916,124349.0038798317,119414.39004495057,121238.36546600421,124220.00576722952
2026-07-10 17:40:00+00:00,121776.68298586919,113149.24015550854,121163.09168110529,124788.00792682517,119906.05859044372,121883.51582730617,124984.89597736414
2026-07-10 17:45:00+00:00,122096.74527089261,113576.95647336803,121486.74538558007,125222.15946888439,120383.04608107303,122499.00646952196,125701.66742548131
2026-07-10 17:50:00+00:00,122424.70166201066,114000.24138125034,121821.53360999354,125653.28819765095,120842.96470246314,123073.32933255009,126354.26116481639
2026-07-10 17:55:00+00:00,122765.21470483094,114418.45491616339,122172.53502952325,126083.22380476646,121283.42664023853,123594.97635628901,126926.61824860465
2026-07-10 18:00:00+00:00,123122.94694496112,114830.95711511513,122544.82831934681,126513.79598187249,121702.04408002374,124052.43948063717,127402.67973008139
2026-07-10 18:05:00+00:00,123506.25087149514,115252.45702020075,122948.48960436361,126953.74155074016,122110.92055743978,124464.06954928994,127813.17467619202
2026-07-10 18:10:00+00:00,123915.42452107227,115693.08201430655,123384.64707872382,127406.72918413465,122521.169723071,124856.56738088647,128200.22868536781
2026-07-10 18:15:00+00:00,124343.04876061819,116145.31964562707,123844.9575214812,127866.9863501887,122928.91893498698,125230.94987774082,128564.87760807278
2026-07-10 18:20:00+00:00,124781.70445705853,116601.65746235683,124321.0777116895,128328.74051703514,123330.29555125734,125588.23394216716,128908.15729477107
2026-07-10 18:25:00+00:00,125223.97247731897,117054.58301269036,124804.6644284024,128786.21915280673,123721.42692995169,125929.43647647958,129231.10359592672
2026-07-10 18:30:00+00:00,125662.43368832514,117496.58384482225,125287.37445067365,129233.64972563623,124098.44042913962,126255.57438299218,129534.7523620038
2026-07-10 18:35:00+00:00,126089.66895700272,117920.14750694699,125760.86455755701,129665.25970365643,124457.46340689075,126567.66456401908,129820.13944346638
2026-07-10 18:40:00+00:00,126498.25915027737,118317.76154725914,126216.79152810617,130075.2765550001,124794.62322127467,126866.7239218744,130088.30069077856
2026-07-10 18:45:00+00:00,126880.78513507472,118681.91351395326,126646.81214137489,130457.92774779999,125106.04723036099,127153.76935887225,130340.2719544044
2026-07-10 18:50:00+00:00,127229.82777832047,119005.09095522386,127042.58317641688,130807.44075018894,125387.86279221931,127429.81777732675,130577.08908480802
2026-07-10 18:55:00+00:00,127537.96794694023,119279.78141926552,127395.76141228586,131118.04303029965,125636.19726491923,127695.88607955197,130799.78793245344
2026-07-10 19:00:00+00:00,127797.78650785968,119498.47245427273,127698.0036280356,131383.96205626498,125847.17800653038,127952.99116786208,131009.40434780474
2026-07-10 19:05:00+00:00,128021.82237509363,119675.62554094514,127964.89536759506,131620.08582020123,126027.68689043031,128201.66562669018,131208.3027900163
2026-07-10 19:10:00+00:00,128228.8633371626,119832.7814085323,128217.96004261485,131845.0521231155,126189.21907522535,128441.93199393518,131398.29588492954
2026-07-10 19:15:00+00:00,128420.86357275094,119973.04647805369,128457.76123373114,132058.7131464767,126334.82184682821,128674.04210210984,131579.5917330393
2026-07-10 19:20:00+00:00,128599.77726054288,120099.52717052883,128684.86252158007,132260.92107175355,126467.54249115166,128898.2477837269,131752.39843484035
2026-07-10 19:25:00+00:00,128767.55857922266,120215.32990697719,128899.82748679776,132451.52808041495,126590.42829410837,129114.80087129917,131916.92409082752
2026-07-10 19:30:00+00:00,128926.1617074746,120323.56110841825,129103.21971002039,132630.38635392973,126706.52654161114,129323.95319733936,132073.37680149556
2026-07-10 19:35:00+00:00,129077.54082398297,120427.32719587152,129295.60277188409,132797.3480737667,126818.88451957262,129525.9565943603,132221.96466733934
2026-07-10 19:40:00+00:00,129223.65010743204,120529.73459035647,129477.54025302503,132952.26542139472,126930.54951390559,129721.06289487467,132362.8957888536
2026-07-10 19:45:00+00:00,129366.4437365061,120633.88971289257,129649.59573407938,133094.9905782826,127044.56881052275,129909.52393139529,132496.37826653314
2026-07-10 19:50:00+00:00,129507.87588988939,120742.89898449935,129812.33279568322,133225.37572589924,127163.98969533683,130091.5915364349,132622.62020087274
2026-07-10 19:55:00+00:00,129649.9007462662,120859.86882619628,129966.31501847277,133343.27304571337,127291.85945426056,130267.5175425063,132741.8296923672
2026-07-10 20:00:00+00:00,129794.47248432082,120987.90565900285,130112.10598308413,133448.5347191939,127431.22537320667,130437.55378212221,132854.2148415114
2026-07-10 20:05:00+00:00,129941.20821062815,121135.72677120846,130250.7112599237,133543.57626922763,127590.4833101829,130606.21073131265,132960.39622550347
2026-07-10 20:10:00+00:00,130087.86119431083,121305.54935428423,130382.97394581552,133631.4187993608,127771.75436313261,130776.47416859967,133061.15180075905
2026-07-10 20:15:00+00:00,130233.58985787469,121490.72968402226,130509.2139110222,133712.82286205143,127968.67367787189,130946.30888023421,133156.92573659885
2026-07-10 20:20:00+00:00,130377.5526238256,121684.62403621458,130629.75102580637,133788.5490097575,128174.87640021693,131113.6796524671,133248.16220234355
2026-07-10 20:25:00+00:00,130518.90791466938,121880.5886866532,130744.90516043064,133859.357794937,128383.99767598385,131276.55127154928,133335.30536731397
2026-07-10 20:30:00+00:00,130656.8141529119,122071.97991113024,130854.99618515765,133926.00977004797,128589.67265098875,131432.88852373167,133418.7994008308
2026-07-10 20:35:00+00:00,130790.42976105899,122252.15398543772,130960.34397024999,133989.2654875483,128785.53647104782,131580.6561952651,133499.08847221473
2026-07-10 20:40:00+00:00,130918.91316161651,122414.46718536773,131061.26838597031,134049.88549989605,128965.22428197718,131717.81907240048,133576.61675078655
2026-07-10 20:45:00+00:00,131041.4227770903,122552.27578671231,131158.0893025812,134108.63035954928,129122.37122959293,131842.34194138873,133651.828405867
2026-07-10 20:50:00+00:00,131157.1170299862,122658.93606526348,131251.12659034532,134166.26061896584,129250.61245971125,131952.18958848072,133725.1676067768
2026-07-10 20:55:00+00:00,131265.15434281004,122727.80429681337,131340.70011952528,134223.5368306038,129343.58311814826,132045.32679992734,133797.0785228367
2026-07-10 21:00:00+00:00,131364.69313806773,122752.23675715398,131427.1297603837,134281.21954692117,129394.91835072011,132119.7183619795,133868.0053233674
2026-07-10 21:05:00+00:00,131462.1362960222,122746.5845645883,131514.90408974985,134341.88502727513,129422.4495767991,132183.64018928853,133941.62532933938
2026-07-10 21:10:00+00:00,131562.94354716668,122730.21635632386,131606.80427543417,134406.43814950963,129448.17651374682,132246.19268996944,134019.91312372917
2026-07-10 21:15:00+00:00,131664.8585893525,122704.01468650965,131700.58907417115,134473.13239381285,129471.98675436318,132306.57739046813,134100.75876886642
2026-07-10 21:20:00+00:00,131765.62512043086,122668.86210929461,131794.0172426951,134540.22124037295,129493.76789144817,132363.99581723084,134182.05232708075
2026-07-10 21:25:00+00:00,131862.98683825313,122625.64117882769,131884.84753774042,134605.95816937817,129513.40751780172,132417.64949670367,134261.6838607019
2026-07-10 21:30:00+00:00,131954.6874406705,122575.23444925783,131970.83871604144,134668.5966610166,129530.79322622383,132466.73995533274,134337.54343205946
2026-07-10 21:35:00+00:00,132038.47062553425,122518.52447473402,132049.7495343326,134726.39019547644,129545.81260951444,132510.46871956415,134407.52110348322
2026-07-10 21:40:00+00:00,132112.08009069573,122456.3938094052,132119.33874934827,134777.59225294588,129558.35326047352,132548.037315844,134469.50693730274
2026-07-10 21:45:00+00:00,132173.25953400612,122389.72500742032,132177.36511782283,134820.45631361307,129568.30277190103,132578.64727061844,134521.39099584776
2026-07-10 21:50:00+00:00,132219.75265331674,122319.40062292833,132221.5873964907,134853.2358576662,129575.54873659692,132601.5001103336,134561.0633414479
2026-07-10 21:55:00+00:00,132249.30314647884,122246.3032100782,132249.76434208616,134874.18436529342,129579.97874736114,132615.79736143549,134586.41403643295
2026-07-10 22:00:00+00:00,132259.6547113437,122171.31532301888,132259.6547113437,134881.55531668288,129581.48039699366,132620.74055037033,134595.33314313248
2026-07-10 22:05:00+00:00,132229.69813646568,122086.19123231024,132229.4650236725,134866.604079614,129554.16901294811,132588.84087583545,134577.02015512943
2026-07-10 22:10:00+00:00,132143.7445100048,121982.59947642469,132142.85695021707,134823.24322304767,129475.77516970638,132497.57281404844,134524.1593722707
2026-07-10 22:15:00+00:00,132007.66797922092,121861.29401137982,132005.77197531486,134753.7120289443,129351.60933061081,132353.58280773566,134439.86806628172
2026-07-10 22:20:00+00:00,131827.34269137384,121723.02879319339,131824.1515833031,134660.24977926436,129186.98195900374,132163.51729962355,134327.26350888814
2026-07-10 22:25:00+00:00,131608.64279372344,121568.55777788298,131603.93725851917,134545.09575596827,128987.20351822753,131934.02273243846,134189.46297181552
2026-07-10 22:30:00+00:00,131357.44243352953,121398.63492146629,131351.07048530047,134410.48924101645,128757.5844716245,131671.74554890682,134029.5837267893
2026-07-10 22:35:00+00:00,131079.61575805195,121214.01417996098,131071.49274798429,134258.66951636932,128503.43528253704,131383.33219175506,133850.74304553514
2026-07-10 22:40:00+00:00,130781.03691455054,121015.44950938474,130771.14553090802,134091.87586398737,128230.06641430747,131075.42910370952,133656.05819977855
2026-07-10 22:45:00+00:00,130467.58005028513,120803.69486575518,130455.97031840897,133912.347565831,127942.78833027813,130754.68272749668,133448.64646124502
2026-07-10 22:50:00+00:00,130145.11931251557,120579.50420508998,130131.9085948245,133722.32390386064,127646.9114937914,130427.73950584287,133231.6251016602
2026-07-10 22:55:00+00:00,129819.52884850166,120343.63148340685,129804.90184449196,133524.04416003672,127347.74636818959,130101.24588147452,133008.11139274953
2026-07-10 23:00:00+00:00,129496.68280550327,120096.83065672338,129480.89155174869,133319.7476163197,127050.60341681507,129781.84829711803,132781.22260623865
2026-07-10 23:05:00+00:00,129139.5292068137,119804.36687221832,129124.08845231395,133062.4117771314,126721.32124614604,129443.97281829806,132514.81184817094
2026-07-10 23:10:00+00:00,128714.65563371664,119439.26405723995,128701.87177588609,132713.08664921054,126329.05563215498,129061.83829513045,132177.7522427124
2026-07-10 23:15:00+00:00,128233.39557045739,119013.91433806038,128224.93574777113,132286.1202679929,125884.09279242557,128641.7803472283,131780.69108877212
2026-07-10 23:20:00+00:00,127707.08250128133,118540.70984095159,127703.97459327508,131795.8606689142,125396.71894454153,128190.13459420468,131334.27568525937
2026-07-10 23:25:00+00:00,127147.04991043375,118032.04269218567,127149.6825377039,131256.6558874102,124877.22030608654,127713.23665567272,130849.15333108339
2026-07-10 23:30:00+00:00,126564.63128216001,117500.3050180347,126572.7538063636,130682.85395891669,124335.88309464432,127217.42215124551,130335.97132515332
2026-07-10 23:35:00+00:00,125971.16010070543,116957.88894477073,125983.8826245602,130088.80291886945,123782.9935277986,126709.02670053618,129805.37696637842
2026-07-10 23:40:00+00:00,125377.96985031533,116417.18659866582,125393.7632175997,129488.85080270418,123228.83782313301,126194.38592315784,129268.0175536679
2026-07-10 23:45:00+00:00,124796.39401523506,115890.59010599201,124813.0898107881,128897.34564585668,122683.70219823132,125679.83543872354,128734.54038593096
2026-07-10 23:50:00+00:00,124237.76607970997,115390.49159302138,124252.55662943136,128328.63548376273,122157.87287067721,125171.71086684645,128215.59276207679
2026-07-10 23:55:00+00:00,123713.41952798536,114929.28318602598,123722.85789883553,127797.06835185806,121661.63605805438,124676.34782713963,127721.82198101464
2026-07-11 00:00:00+00:00,123234.68784430658,114519.35701127787,123234.68784430658,127316.99228557844,121205.27797794655,124200.08193921621,127263.87534165368
2026-07-11 00:05:00+00:00,122789.52969338208,114149.13437114486,122774.89496748132,126878.4901290471,120776.64150721274,123723.45420861711,126834.48730354093
2026-07-11 00:10:00+00:00,122357.42104767449,113796.9381709239,122323.10642323663,126459.31598506187,120356.44097943489,123227.17001563885,126417.35103318209
2026-07-11 00:15:00+00:00,121936.97135306046,113460.01294128083,121879.18441673869,126055.32477707039,119944.26979728109,122717.81154202782,126009.55188992461
2026-07-11 00:20:00+00:00,121526.79005541661,113135.60321288145,121442.99115315366,125662.37142852033,119539.7213634194,122201.96096953048,125608.17523311585
2026-07-11 00:25:00+00:00,121125.48660061954,112820.95351639159,121014.38883764776,125276.3108628593,119142.38908051791,121686.20047989323,125210.30642210321
2026-07-11 00:30:00+00:00,120731.67043454591,112513.30838247706,120593.23967538709,124892.99800353502,118751.8663512447,121177.1122548625,124813.03081623407
2026-07-11 00:35:00+00:00,120343.9510030723,112209.91234180366,120179.40587153786,124508.28777399505,118367.74657826779,120681.27847618471,124413.43377485582
2026-07-11 00:40:00+00:00,119960.93775207539,111908.00992503723,119772.74963126626,124118.03509768711,117989.6231642553,120205.2813256063,124008.60065731587
2026-07-11 00:45:00+00:00,119581.24012743177,111604.84566284358,119373.13315973841,123718.0948980588,117617.08951187531,119755.70298487369,123595.61682296159
2026-07-11 00:50:00+00:00,119203.46757501806,111297.66408588852,118980.41866212053,123304.32209855782,117249.73902379588,119339.1256357333,123171.56763114034
2026-07-11 00:55:00+00:00,118826.22954071092,110983.70972483787,118594.46834357877,122872.57162263177,116887.16510268506,118962.13145993158,122733.53844119955
2026-07-11 01:00:00+00:00,118448.13547038694,110660.22711035745,118215.14440927931,122418.69839372834,116528.96115121095,118631.30263921492,122278.61461248659
2026-07-11 01:05:00+00:00,118076.81018072773,110336.06394926224,117849.82007457208,121937.50738521328,116185.08594425603,118345.68573196819,121803.28788824788
2026-07-11 01:10:00+00:00,117718.56552016988,110019.84550407305,117503.10292039198,121429.62965590111,115862.15937016405,118095.04746903779,121308.10989561076
2026-07-11 01:15:00+00:00,117370.04148222257,109708.48263901433,117170.70670028265,120899.65925741248,115554.76650179496,117872.05029086245,120796.25581974407
2026-07-11 01:20:00+00:00,117027.87806039494,109398.8862183106,116848.34516778772,120352.19024136817,115257.49241200875,117669.35663788089,120270.90084581659
2026-07-11 01:25:00+00:00,116688.71524819615,109087.96710618629,116531.73207645077,119791.81665938885,114964.92217366537,117479.62895053184,119735.22015899717
2026-07-11 01:30:00+00:00,116349.19303913535,108772.63616686591,116216.58117981549,119223.13256309525,114671.64085962478,117295.52966925406,119192.38894445461
2026-07-11 01:35:00+00:00,116005.95142672172,108449.80426457396,115898.60623142548,118650.73200410804,114372.23354274701,117109.72123448625,118645.58238735773
2026-07-11 01:40:00+00:00,115655.63040446438,108116.38226353489,115573.52098482434,118079.20903404796,114061.28529589194,116914.86608666719,118097.97567287536
2026-07-11 01:45:00+00:00,115294.86996587251,107769.28102797324,115237.03919355573,117513.15770453571,113733.38119191957,116703.62666623555,117552.7439861763
2026-07-11 01:50:00+00:00,114920.31010445526,107405.41142211342,114884.87461116328,116957.172067192,113383.10630368991,116468.6654136301,117013.06251242937
2026-07-11 01:55:00+00:00,114528.59081372179,107021.68431017995,114512.74099119057,116415.84617363755,113005.0457040629,116202.64476928956,116482.1064368034
2026-07-11 02:00:00+00:00,114116.35208718127,106615.01055639732,114116.35208718127,115893.77407549304,112593.78446589848,115898.22717365266,115963.05094446718
2026-07-11 02:05:00+00:00,113683.23512366565,106178.33650204362,113694.78076053837,115393.44134278125,112129.56074129735,115536.98451320539,115457.81767688556
2026-07-11 02:10:00+00:00,113231.8800691699,105708.94254535322,113251.0756169837,114911.3047172746,111602.9328566118,115110.66993737726,114964.14289057454
2026-07-11 02:15:00+00:00,112763.42533794753,105210.24063598497,112786.91402653902,114442.91500821832,111023.96614607939,114627.2177810222,114478.92369327963
2026-07-11 02:20:00+00:00,112279.00934425212,104685.64272359773,112303.97335922613,113983.82302485764,110402.72594393755,114094.56237899428,113999.05719274638
2026-07-11 02:25:00+00:00,111779.77050233718,104138.56075785036,111803.93098506687,113529.57957643783,109749.2775844238,113520.63806614742,113521.44049672029
2026-07-11 02:30:00+00:00,111266.84722645626,103572.40668840174,111288.46427408299,113075.73547220408,109073.68640177566,112913.37917733562,113042.9707129469
2026-07-11 02:35:00+00:00,110741.37793086293,102990.5924649107,110759.25059629633,112617.84152140164,108386.01773023058,112280.72004741285,112560.54494917176
2026-07-11 02:40:00+00:00,110204.50102981071,102396.5300370361,110217.96732172866,112151.44853327578,107696.33690402606,111630.59501123312,112071.06031314038
2026-07-11 02:45:00+00:00,109657.35493755317,101793.63135443682,109666.29182040179,111672.1073170717,107014.7092573996,110970.93840365042,111571.41391259832
2026-07-11 02:50:00+00:00,109101.07806834384,101185.3083667717,109105.90146233753,111175.36868203462,106351.20012458871,110309.68455951872,111058.50285529105
2026-07-11 02:55:00+00:00,108536.80883643625,100574.97302369961,108538.47361755765,110656.7834374098,105715.87483983087,109654.76781369201,110529.22424896416
2026-07-11 03:00:00+00:00,107965.68565608398,99966.0372748794,107965.68565608398,110111.90239244248,105118.79873736354,109014.12250102428,109980.47520136317
2026-07-11 03:05:00+00:00,107373.58473274892,99311.50725961168,107372.59861301625,109530.92543863051,104551.39431195134,108366.0190450534,109406.8152758516
2026-07-11 03:10:00+00:00,106749.76605377551,98577.41568002141,106747.3526227762,108911.56466828007,103997.01198246615,107687.59010953484,108807.65247460346
2026-07-11 03:15:00+00:00,106100.44370624122,97786.71433000412,106096.24370436872,108260.63919184888,103453.60896930647,106985.0633896489,108187.15656357988
2026-07-11 03:20:00+00:00,105431.8317772234,96962.35500345526,105425.56787679865,107584.96811979468,102919.14249287083,106264.66658057594,107549.49730874204
2026-07-11 03:25:00+00:00,104750.14435379952,96127.28949427031,104741.62115907087,106891.3705625752,102391.56977355777,105532.62737749622,106898.84447605113
2026-07-11 03:30:00+00:00,104061.59552304693,95304.46959634477,104050.6995701902,106186.66563064815,101868.84803176578,104795.17347559016,106239.36783146832
2026-07-11 03:35:00+00:00,103372.39937204306,94516.84710357412,103359.0991291615,105477.67243447127,101348.93448789338,104058.53257003803,105575.23714095478
2026-07-11 03:40:00+00:00,102688.76998786532,93787.37380985382,102673.11585498965,104771.2100845023,100829.78636233909,103328.93235602016,104910.62217047167
2026-07-11 03:45:00+00:00,102016.92145759113,93139.00150907937,101999.04576667948,104074.0976911989,100309.36087550143,102612.60052871687,104249.69268598016
2026-07-11 03:50:00+00:00,101363.0678682979,92594.68199514622,101343.18488323587,103393.15436501887,99785.61524777887,101915.76478330852,103596.61845344142
2026-07-11 03:55:00+00:00,100733.423307063,92177.3670619499,100711.82922366363,102735.1992164199,99256.50669956999,101244.65281497542,102955.56923881662
2026-07-11 04:00:00+00:00,100134.20186096386,91910.00850338586,100111.27480696769,102107.05135585974,98719.99245127327,100605.49231889787,102330.71480806696
2026-07-11 04:05:00+00:00,99553.63871534288,91741.58157934865,99529.82736499858,101493.01770343565,98168.85379439476,99984.73804551216,101704.52336473658
2026-07-11 04:10:00+00:00,98977.04951851173,91602.18445862836,98952.75019582824,100875.40897143999,97600.71871864473,99366.4842014109,101061.2445459356
2026-07-11 04:15:00+00:00,98406.26905200173,91486.45329846369,98381.77566779361,100258.0499586231,97020.81449172799,98753.417666009,100407.72026797387
2026-07-11 04:20:00+00:00,97843.13209734416,91389.02425609344,97818.6361492316,99644.76546373533,96434.36838134931,98148.2253187213,99750.79244716141
2026-07-11 04:25:00+00:00,97289.47343607034,91304.53348875635,97265.06400847911,99039.38028552702,95846.60765521356,97553.5940389628,99097.30299980809
2026-07-11 04:30:00+00:00,96747.12784971159,91227.61715369116,96722.79161387307,98445.7192227485,95262.75958102554,96972.2107061483,98454.0938422239
2026-07-11 04:35:00+00:00,96217.93011979919,91152.91140813664,96193.55133375035,97867.60707415016,94688.05142649007,96406.76219969273,97828.00689071878
2026-07-11 04:40:00+00:00,95703.7150278645,91075.05240933153,95679.07553644788,97308.86863848231,94127.71045931194,95859.935399011,97225.88406160264
2026-07-11 04:45:00+00:00,95206.31735543876,90988.6763145146,95181.0965903026,96773.3287144953,93586.963947196,95334.41718351799,96654.56727118547
2026-07-11 04:50:00+00:00,94727.57188405335,90888.4192809246,94701.34686365139,96264.81210093947,93071.03915784702,94832.89443262859,96120.89843577717
2026-07-11 04:55:00+00:00,94269.31339523953,90768.91746580024,94241.55872483115,95787.14359656518,92585.16335896983,94358.0540257577,95631.7194716877
2026-07-11 05:00:00+00:00,93833.37667052863,90624.80702638034,93803.46454217882,95344.14800012275,92134.56381826926,93912.58284232022,95193.87229522699
2026-07-11 05:05:00+00:00,93413.23912482162,90439.34543583165,93380.39200692633,94929.16434478694,91707.67572529847,93486.28472216915,94795.27439391235
2026-07-11 05:10:00+00:00,93001.76265895333,90204.90343013692,92965.25465097884,94532.11051276245,91290.180049205,93068.2950820263,94418.11695474532
2026-07-11 05:15:00+00:00,92599.85878335584,89929.78706075883,92559.16360368302,94151.6795763446,90883.17272708533,92660.29816660995,94060.65244326214
2026-07-11 05:20:00+00:00,92208.43900846121,89622.30237916004,92163.2299943856,93786.56460782867,90487.74969603593,92263.97822063821,93721.13332499913
2026-07-11 05:25:00+00:00,91828.41484470149,89290.75543680321,91778.56495243325,93435.45867950999,90105.0068931532,91881.01948882932,93397.81206549256
2026-07-11 05:30:00+00:00,91460.69780250877,88943.45228515104,91406.27960717272,93097.05486368388,89736.04025553363,91513.10621590145,93088.94113027873
2026-07-11 05:35:00+00:00,91106.19939231512,88588.69897566616,91047.48508795067,92770.04623264559,89381.94572027368,91161.92264657281,92792.7729848939
2026-07-11 05:40:00+00:00,90765.83112455257,88234.80155981128,90703.29252411377,92453.12585869049,89043.81922446976,90829.1530255616,92507.56009487437
2026-07-11 05:45:00+00:00,90440.50450965321,87890.06608904905,90374.81304500876,92144.98681411386,88722.75670521836,90516.48159758598,92231.55492575641
2026-07-11 05:50:00+00:00,90131.13105804911,87562.79861484213,90063.15777998236,91844.32217121101,88419.85409961593,90225.59260736419,91963.00994307632
2026-07-11 05:55:00+00:00,89838.62228017235,87261.30518865322,89769.43785838122,91549.82500227723,88136.2073447589,89958.1702996144,91700.17761237036
2026-07-11 06:00:00+00:00,89563.88968645496,86993.89186194495,89494.76440955205,91260.18837960783,87872.91237774372,89715.89891905482,91441.31039917484
2026-07-11 06:05:00+00:00,89305.65981618987,86746.21157579534,89237.55802640047,90973.44580996512,87624.74764030814,89497.20626857351,91187.47242898517
2026-07-11 06:10:00+00:00,89061.02119631767,86499.56101288652,88994.41320606839,90689.34354612773,87385.80618560428,89297.38060400388,90940.74455809554
2026-07-11 06:15:00+00:00,88828.428318742,86255.7118370873,88763.70193425706,90409.14377941562,87156.15586785018,89113.39684948209,90700.90434824041
2026-07-11 06:20:00+00:00,88606.33567536644,86016.43571226651,88543.79619666767,90134.10870114865,86935.86454126389,88942.22992914428,90467.7293611542
2026-07-11 06:25:00+00:00,88393.19775809466,85783.50430229299,88333.06797900148,89865.50050264674,86725.00006006348,88780.85476712666,90240.9971585713
2026-07-11 06:30:00+00:00,88187.46905883026,85558.68927103555,88129.88926695967,89604.58137522977,86523.63027846701,88626.24628756537,90020.48530222615
2026-07-11 06:35:00+00:00,87987.60406947686,85343.76228236308,87932.63204624351,89352.6135102177,86331.82305069253,88475.37941459658,89805.97135385321
2026-07-11 06:40:00+00:00,87792.05728193809,85140.49500014432,87739.6683025542,89110.85909893039,86149.64623095808,88325.22907235645,89597.23287518685
2026-07-11 06:45:00+00:00,87599.28318811757,84950.65908824818,87549.37002159293,88880.58033268775,85977.16767348173,88172.77018498113,89394.04742796152
2026-07-11 06:50:00+00:00,87407.7362799189,84776.02621054347,87360.10918906097,88663.03940280969,85814.45523248153,88014.97767660678,89196.19257391166
2026-07-11 06:55:00+00:00,87215.87104924575,84618.368030899,87170.25779065951,88459.49850061613,85661.57676217555,87848.8264713696,89003.44587477169
2026-07-11 07:00:00+00:00,87022.1419880017,84479.45621318363,86978.18781208979,88271.21981742696,85518.60011678182,87671.29149340572,88815.58489227599
2026-07-11 07:05:00+00:00,86815.41244581061,84349.95625015104,86772.90862415338,88086.44130678168,85381.46233555728,87473.91304548518,88625.25196983479
2026-07-11 07:10:00+00:00,86590.20804884097,84220.6386049255,86549.13352765968,87895.39737173989,85246.69716127183,87254.53348353361,88427.74077877225
2026-07-11 07:15:00+00:00,86353.47670381342,84093.43239693176,86313.79040332159,87702.3448779017,85115.26750341296,87019.5808114204,88226.80587269377
2026-07-11 07:20:00+00:00,86112.16631744854,83970.26674559458,86073.80713185198,87511.54069086719,84988.13627146819,86775.48303301503,88026.2018052048
2026-07-11 07:25:00+00:00,85873.22479646701,83853.07077033866,85836.11159396384,87327.24167623646,84866.26637492498,86528.66815218693,87829.68312991074
2026-07-11 07:30:00+00:00,85643.60004758943,83743.77359058877,85607.63167036998,87153.70469960953,84750.62072327083,86285.56417280558,87641.00440041702
2026-07-11 07:35:00+00:00,85430.23997753643,83644.30432576961,85395.29524178337,86995.18662658652,84642.16222599326,86052.59909874038,87463.92017032905
2026-07-11 07:40:00+00:00,85240.09249302863,83556.59209530594,85206.0301889169,86855.94432276752,84541.85379257977,85836.20093386085,87302.18499325226
2026-07-11 07:45:00+00:00,85080.10550078667,83482.5660186225,85046.76439248347,86740.23465375259,84450.65833251782,85642.79768203635,87159.55342279206
2026-07-11 07:50:00+00:00,84957.22690753116,83424.15521514403,84924.425733196,86652.31448514183,84369.53875529494,85478.81734713641,87039.78001255386
2026-07-11 07:55:00+00:00,84878.40461998273,83383.28880429523,84845.94209176737,86596.44068253532,84299.45797039862,85350.68793303042,86946.61931614314
2026-07-11 08:00:00+00:00,84850.586544862,83361.89590550087,84818.24134891052,86576.87011153314,84241.37888731636,85264.83744358788,86883.82588716525
2026-07-11 08:05:00+00:00,84850.7530798882,83351.25997556586,84818.2431641267,86577.69708480113,84189.81527567926,85203.51079999054,86840.71630521723
2026-07-11 08:10:00+00:00,84851.24833756297,83341.39761668243,84818.24860917668,86579.98342265967,84139.10082472803,85144.98883442668,86803.50701979504
2026-07-11 08:15:00+00:00,84852.06579678052,83332.3376663562,84818.25768316256,86583.43725219068,84089.92832336464,85089.75341727555,86771.30238935252
2026-07-11 08:20:00+00:00,84853.1989364351,83324.10896209287,84818.27038518651,86587.76670047604,84042.99056049099,85038.28641891631,86743.20677234363
2026-07-11 08:25:00+00:00,84854.64123542098,83316.74034139812,84818.28671435059,86592.67989459762,83998.98032500899,84991.0697097282,86718.3245272222
2026-07-11 08:30:00+00:00,84856.38617263231,83310.2606417776,84818.30666975696,86597.8849616373,83958.59040582058,84948.58516009038,86695.76001244214
2026-07-11 08:35:00+00:00,84858.42722696341,83304.69870073698,84818.33025050776,86603.090028677,83922.51359182766,84911.31464038212,86674.61758645729
2026-07-11 08:40:00+00:00,84860.75787730845,83300.08335578194,84818.35745570507,86608.00322279856,83891.44267193218,84879.74002098257,86654.00160772154
2026-07-11 08:45:00+00:00,84863.37160256172,83296.44344441815,84818.38828445108,86612.33267108393,83866.07043503606,84854.34317227101,86633.01643468878
2026-07-11 08:50:00+00:00,84866.2618816174,83293.80780415126,84818.42273584785,86615.78650061494,83847.08967004121,84835.60596462656,86610.7664258129
2026-07-11 08:55:00+00:00,84869.42219336977,83292.205272487,84818.46080899755,86618.0728384735,83835.19316584955,84824.01026842848,86586.35593954775
2026-07-11 09:00:00+00:00,84872.84601671305,83291.66468693098,84818.50250300228,86618.89981174147,83831.07371136302,84820.03795405597,86558.88933434723
2026-07-11 09:05:00+00:00,84884.16421138434,83297.58874186245,84827.33251422606,86613.0273315716,83840.92134430756,84832.3247990855,86526.74222315363
2026-07-11 09:10:00+00:00,84909.356984658,83313.96701137885,84851.87051704848,86596.79165110199,83868.14715303663,84866.5687066158,86489.84600735268
2026-07-11 09:15:00+00:00,84945.94183673417,83338.70865256322,84889.31897759503,86572.26541039253,83909.27550239328,84918.84473530935,86449.63872806332
2026-07-11 09:20:00+00:00,84991.43626781294,83369.72282249854,84936.88036199127,86541.52124950323,83960.83075722065,84985.22794382874,86407.55842640453
2026-07-11 09:25:00+00:00,85043.35777809445,83404.91867826784,84991.75713636268,86506.63180849401,84019.33728236183,85061.79339083644,86365.04314349534
2026-07-11 09:30:00+00:00,85099.22386777881,83442.20537695415,85051.1517668348,86469.66972742486,84081.3194426599,85144.616134995,86323.53092045466
2026-07-11 09:35:00+00:00,85156.55203706617,83479.49207564045,85112.26671953315,86432.7076463557,84143.30160295794,85229.77123496693,86284.45979840151
2026-07-11 09:40:00+00:00,85212.8597861566,83514.68793140975,85172.30446058318,86397.8182053465,84201.80812809912,85313.33374941476,86249.26781845487
2026-07-11 09:45:00+00:00,85265.66461525027,83545.70210134507,85228.46745611049,86367.0740444572,84253.36338292647,85391.37873700103,86219.3930217337
2026-07-11 09:50:00+00:00,85312.48402454726,83570.44374252943,85277.95817224056,86342.54780374776,84294.49173228315,85459.98125638823,86196.27344935699
2026-07-11 09:55:00+00:00,85350.83551424771,83586.82201204584,85317.97907509889,86326.31212327811,84321.7175410122,85515.21636623892,86181.34714244369
2026-07-11 10:00:00+00:00,85378.23658455173,83592.74606697731,85345.732630811,86320.43964310826,84331.56517395675,85553.1591252156,86176.05214211284
2026-07-11 10:05:00+00:00,85397.33898204938,83579.285690174,85364.42957817236,86324.05392684393,84322.16730402228,85579.9106952944,86181.6792998522
2026-07-11 10:10:00+00:00,85412.96241612181,83542.07170724716,85379.65253978322,86334.66074471273,84296.18495773282,85604.34050832153,86197.94649791956
2026-07-11 10:15:00+00:00,85425.87633115586,83485.85483942152,85392.16180747616,86351.9060467073,84256.9350303594,85626.67602776477,86223.93232358883
2026-07-11 10:20:00+00:00,85436.85017153832,83415.38580792175,85402.71767308391,86375.43578282028,84207.73441717301,85647.14471709187,86258.71536413392
2026-07-11 10:25:00+00:00,85446.65338165603,83335.4153339726,85412.08042843908,86404.89590304431,84151.90001344463,85665.97403977059,86301.37420682874
2026-07-11 10:30:00+00:00,85456.0554058958,83250.69413879875,85421.01036537428,86439.93235737203,84092.74871444523,85683.39145926868,86350.98743894721
2026-07-11 10:35:00+00:00,85465.82568864443,83165.97294362489,85430.26777572224,86480.19109579611,84033.59741544587,85699.62443905388,86406.6336477632
2026-07-11 10:40:00+00:00,85476.73367428877,83086.00246967572,85440.61295131556,86525.31806830916,83977.76301171748,85714.90044259396,86467.39142055067
2026-07-11 10:45:00+00:00,85489.54880721563,83015.53343817596,85452.8061839869,86574.95922490385,83928.56239853108,85729.44693335667,86532.33934458351
2026-07-11 10:50:00+00:00,85505.04053181184,82959.31657035032,85467.60776556896,86628.76051557282,83889.31247115767,85743.49137480979,86600.55600713563
2026-07-11 10:55:00+00:00,85523.97829246418,82922.10258742349,85485.77798789431,86686.36789030871,83863.33012486823,85757.26123042103,86671.11999548093
2026-07-11 11:00:00+00:00,85547.13153355948,82908.64221062016,85508.07714279564,86747.42729910417,83853.93225493374,85770.98396365817,86743.10989689332
2026-07-11 11:05:00+00:00,85585.69576065072,82920.64961163231,85545.86392535856,86833.33591896616,83855.1975013942,85784.60089507003,86824.54776814563
2026-07-11 11:10:00+00:00,85648.97143743247,82955.84247983588,85608.59066062132,86963.3287752496,83859.22771492534,85797.8780806542,86923.2759897032
2026-07-11 11:15:00+00:00,85734.88544550403,83012.97681298161,85694.15808534561,87133.80859046904,83866.37460675185,85810.78008705162,87038.10363437877
2026-07-11 11:20:00+00:00,85841.36466646464,83090.80860882023,85800.46693629306,87341.17808713905,83876.98988809837,85823.27148090322,87167.83977498507
2026-07-11 11:25:00+00:00,85966.33598191357,83188.09386510243,85925.4179502253,87581.8399877742,83891.42527018957,85835.31682884997,87311.29348433486
2026-07-11 11:30:00+00:00,86107.72627345011,83303.58857957898,86066.91186390402,87852.19701488905,83910.03246425011,85846.88069753279,87467.27383524085
2026-07-11 11:35:00+00:00,86263.46242267353,83436.04875000058,86222.84941409086,88148.65189099817,83933.16318150466,85857.92765359259,87634.5899005158
2026-07-11 11:40:00+00:00,86431.47131118314,83584.23037411796,86391.13133754746,88467.60733861609,83961.16913317787,85868.42226367033,87812.05075297244
2026-07-11 11:45:00+00:00,86609.67982057814,83746.88944968185,86569.65837103548,88805.4660802574,83994.40203049443,85878.32909440697,87998.46546542349
2026-07-11 11:50:00+00:00,86796.01483245783,83922.78197444297,86756.33125131657,89158.63083843666,84033.21358467899,85887.61271244343,88192.64311068169
2026-07-11 11:55:00+00:00,86988.40322842149,84110.66394615205,86949.05071515238,89523.50433566842,84077.95550695619,85896.23768442063,88393.39276155981
2026-07-11 12:00:00+00:00,87184.7718900684,84309.2913625598,87145.71749930456,89896.48929446725,84128.97950855072,85904.16857697953,88599.52349087055
