utc,total,p10,p90,CE,DOM,AEP,ATSI,AP,PS,PL,PE,BC,PEP,REST
2026-07-01 12:00:00+00:00,108695.99803852927,107199.3218757846,110192.67420127388,13933.006056708062,17151.882335906765,18500.06071472926,9339.980765330958,6032.421775559421,5705.558877546224,5488.113742968028,4885.45534843476,3730.4308420305047,3500.5638402560894,20428.5237390592
2026-07-01 13:00:00+00:00,113133.69695154109,111637.02078879642,114630.3731142857,14379.180364011221,17535.835705949376,19149.539973017912,9805.46039387177,6442.46992220544,5821.189903721697,5617.931937365488,5261.190939558571,3952.2951662366295,3741.6487160193146,21426.953929583666
2026-07-01 14:00:00+00:00,119858.11702037384,118361.44085762948,121354.79318311876,15279.051371802425,18560.79850438685,20360.347262718857,10386.17515812036,6764.521852042741,6211.7957755351445,5676.374374957458,5736.639648005568,4246.464924970615,4062.43134518542,22573.516802648406
2026-07-01 15:00:00+00:00,128914.56040552323,127417.8842427788,130411.23656826808,16707.93734294214,20071.150296796477,21105.368512012763,11178.403243157074,7250.507197848394,6687.482049201515,6119.035618784917,6393.086164899133,4650.862714086467,4490.199503431281,24260.527762363086
2026-07-01 16:00:00+00:00,137791.95929355704,136295.28313081208,139288.63545630136,18055.539838964556,21440.26946897103,22123.93829982754,11828.46270712023,7949.813598890797,7310.0528505663415,6514.71129382092,6823.433998014937,5113.612102788165,4876.577644641462,25755.547489951045
2026-07-01 17:00:00+00:00,145280.8324083426,143784.15624559796,146777.50857108724,18836.081273660635,22704.327325958882,22749.75931950015,12238.076310622455,8192.63109798287,7985.402203886123,6919.294953108222,7281.157243398302,5612.377444572006,5175.336690867162,27586.3885447858
2026-07-01 18:00:00+00:00,151284.6446892743,149787.96852652956,152781.32085201883,20065.853596467234,23848.05515287929,23162.284773992815,12505.180167835986,8426.897698033568,8695.438133672102,7026.36495667861,7578.666150230853,5898.56725898071,5287.754909760459,28789.581890742684
2026-07-01 19:00:00+00:00,154571.06737200104,153074.39120925652,156067.7435347458,20628.629360902833,24444.479221015037,23241.815660715685,12608.533971311039,8502.038381264581,9173.829212267938,7079.4962511193835,7824.736136067699,6092.56602569868,5441.9467316748805,29532.996419963285
2026-07-01 20:00:00+00:00,156594.3615656754,155097.6854029307,158091.03772842,20901.62962989693,24574.697794695545,23479.66592200767,12666.219142245884,8565.428675696581,9605.91534331509,7145.509864586522,7893.031705789394,6243.073748883821,5584.223736862447,29934.966001695506
2026-07-01 21:00:00+00:00,159092.15316517773,157595.4770024331,160588.82932792237,20986.196866559745,24931.815703592918,23677.717501631123,12780.394493884789,8661.104930292307,9856.661840702081,7205.330978401181,8028.962367301868,6364.095969082606,5696.016356980686,30903.85615674844
2026-07-01 22:00:00+00:00,159556.8817875532,158060.20562480888,161053.55795029816,20927.886069265383,24911.45707453621,23795.826079259503,12759.797266396894,8706.32744954348,9912.0501133643,7206.509690428947,7969.310587462041,6358.571995507047,5768.714876044026,31240.430585745347
2026-07-01 23:00:00+00:00,158533.05901892768,157036.38285618325,160029.73518167253,20880.891307991198,24689.170442791557,23691.527376190632,12836.359933659493,8747.779757126018,9775.13780671682,7136.7223183621945,7844.985024894415,6304.451109630788,5741.2076515107,30884.826290053858
2026-07-02 00:00:00+00:00,156120.65573666303,154623.97957391845,157617.33189940773,20247.335161845018,24464.60912981319,23390.256179470467,12851.014456761444,8590.78182989938,9703.643373819532,6997.0698609362125,7526.187308994454,6173.317636596593,5571.875291570915,30604.565506955827
2026-07-02 01:00:00+00:00,153653.9314475477,152157.25528480296,155150.60761029224,20199.105691878136,24058.599105998313,23361.476597814766,12706.016641389295,8420.355448395907,9453.35863525826,6841.33773236188,7267.381973902735,5947.238973098043,5270.38602872998,30128.67461872039
2026-07-02 02:00:00+00:00,149085.02924625913,147588.35308351432,150581.7054090036,19905.756272947678,22989.508163040005,23167.423642390455,12362.320663079563,8176.420331591819,9117.873352254228,6632.28230112369,6988.363606634059,5731.117102274976,5005.132339837141,29008.831471085527
2026-07-02 03:00:00+00:00,138470.07635593892,136973.40019319428,139966.75251868356,18902.662333778397,21283.647692108443,21750.951011490706,11320.194482757192,7600.946382368171,8664.895889364954,6051.956915380959,6433.250603749301,5212.583157320876,4597.194012374706,26651.79387524522
2026-07-02 04:00:00+00:00,128110.65107260451,125688.48913741799,130828.0071252798,17318.767583473258,19945.255475131235,20431.96509193005,10534.694478958118,6946.626849680117,7786.1792587660075,5660.059381067736,6013.240288195498,4879.199846362652,4296.688822440518,24297.973996599336
2026-07-02 05:00:00+00:00,120268.60491608163,117751.88303498215,122738.00319413055,16227.92917233428,18992.762095852402,19581.701225354827,9630.166797400494,6455.588050271234,7100.516376815614,5326.551310182195,5605.919729169142,4473.6898714616245,3928.446016645367,22945.334270594438
2026-07-02 06:00:00+00:00,114587.69821383373,112012.08833969352,117225.66494638743,15102.141598433813,18500.993716521905,18950.270319391835,9135.064027636676,6219.226471323141,6787.267179144811,5061.262426627293,5296.427891213052,4143.6337685426215,3683.29565748854,21708.115157510034
2026-07-02 07:00:00+00:00,110127.13580426008,107676.72007001359,112840.94963174211,14648.504089212327,17880.038460434673,18059.21153205515,8735.011604551255,6024.379804291358,6466.375618771622,4865.292326504992,5149.602195545585,3944.7385472072388,3579.5812855292643,20774.40034015663
2026-07-02 08:00:00+00:00,107406.11002450345,104783.8689118765,110270.46692418608,14330.09768577751,17771.97724049654,17499.210710974738,8644.591018799163,5785.922017565147,6205.254805729874,4774.217312487026,5056.841216226856,3862.8287724957286,3503.7981695103076,19971.371074440554
2026-07-02 09:00:00+00:00,105985.1000701559,103250.03381704818,108942.59661476304,14022.73088160923,17684.577834847,16962.29769837004,8444.14689075383,5672.367077356171,6154.337764263272,4768.688956508839,5108.916126937318,3806.0249267293634,3537.9730125597675,19823.038900221076
2026-07-02 10:00:00+00:00,107435.24591816953,104731.53663882268,110425.78165244016,14017.623172255202,18052.08521099415,17153.777877175828,8599.755168030091,5723.706586522532,6076.377183548772,4911.477119279254,5222.142790655246,3855.991760356178,3756.403487502193,20065.905561850093
2026-07-02 11:00:00+00:00,109247.22470842113,106747.92651770668,111883.5444757556,14284.610060036088,17899.739444368184,17622.938266859615,8666.078001300808,5814.377173176845,6294.270822312197,5195.397101529139,5286.875577698141,3891.839164811891,3910.91857639767,20380.180519930553
2026-07-02 12:00:00+00:00,112964.36075322113,110599.01879807518,115417.016389681,14711.832372317424,18114.11543249715,18416.692403259785,9028.97263895445,6063.508073690216,6457.278033256963,5647.172057098615,5639.230268767158,4051.9169468120776,4174.842409454715,20658.80011711256
2026-07-02 13:00:00+00:00,118522.82321825024,115884.35592923293,121328.85464889371,15063.51627833036,18750.844965905024,19533.679439979325,9487.035777423494,6533.4687707054645,6701.378042544198,5929.516039625853,6063.0699184503355,4318.660299713519,4358.565584384589,21783.088101188085
2026-07-02 14:00:00+00:00,126378.64293531649,123935.43479763977,129001.94390683211,15973.202041636572,20035.4659020622,20575.198650598762,10329.95335259404,7012.738419733881,7091.403205570511,6234.869678202579,6521.5326707261465,4685.054825911981,4616.579103391712,23302.645084888085
2026-07-02 15:00:00+00:00,135453.69970732383,132855.79115134798,138104.89815587533,17000.136232080746,21473.902770455858,21708.45914293792,11076.506149255116,7530.861633975535,7527.5575455094295,6661.208710272981,7124.6814490888255,5100.305834524167,4769.666890248213,25480.413348975
2026-07-02 16:00:00+00:00,144009.78657058015,141748.32451006497,146210.7486558724,18129.620812173962,22398.017625988512,22761.353613481795,11888.485430226645,8072.305448316822,8200.836898793776,6920.354558008729,7307.167722632698,5501.211755343258,4989.582068807146,27840.850636806823
2026-07-02 17:00:00+00:00,150060.46217877633,148164.6311485148,151983.00366891208,19187.304586177568,23582.51686142872,23526.089881612155,12383.929402783588,8237.041891819543,8590.174380840725,7104.093494060954,7527.131749403835,5821.06289377402,5233.940746660792,28867.176290214422
2026-07-02 18:00:00+00:00,154742.28275863582,152941.7143588629,156504.48441779672,20173.395903167417,24505.221125237185,23926.9930133641,12614.35452877162,8422.317521466539,8888.7999679876,7194.896971996483,7798.773377552046,6004.737456662278,5376.971480485332,29835.821411945224
2026-07-02 19:00:00+00:00,157335.0846691669,155658.5277492496,159038.57271481096,20763.748660102126,24997.983896619407,24015.407421548814,12684.167087100572,8549.022235969016,9113.760531422351,7224.761005674853,7934.298589960466,6134.753791336381,5516.678035837182,30400.503413595776
2026-07-02 20:00:00+00:00,159140.1584075767,157496.13485403432,160865.17455357642,21016.090645595785,25192.50983905071,24203.92582874194,12724.955744027287,8622.532332056593,9465.92106823522,7283.018447627185,8026.519683694284,6266.503529655095,5610.139347803149,30728.041941089476
2026-07-02 21:00:00+00:00,160831.3339741102,159168.8464586473,162536.48169593018,21276.908403762944,25254.672161786162,24286.091096978318,12789.68034777943,8683.063139288075,9687.854732965712,7359.2421026214015,8111.94558444722,6367.146694185972,5688.33506891892,31326.394641376017
2026-07-02 22:00:00+00:00,161542.01701314183,159847.42488708868,163250.2293855748,21305.216296946266,25538.75407896472,24324.16777412175,12746.574074737911,8682.456664916264,9776.80103801616,7371.505983711433,8065.760955624228,6421.805553927906,5763.61700403727,31545.35758813794
2026-07-02 23:00:00+00:00,160840.8980963019,159018.51342285165,162621.27295829845,20947.218924226385,25277.608119151766,24257.221515830875,12758.04376490026,8722.48110591977,9777.861625434502,7392.941347834986,7988.252598914789,6415.447524099575,5758.014305125232,31545.807264863775
2026-07-03 00:00:00+00:00,158612.2802316084,156574.34641750212,160703.81737076162,20213.90226708229,24992.293008435525,24020.46260492966,12724.073105364556,8644.347349989817,9734.66948377127,7282.114227552346,7904.124031453658,6298.459566302395,5554.4120927483045,31243.42249397859
2026-07-03 01:00:00+00:00,154966.90115879918,152784.0352374739,157176.025004195,20051.387148166752,24484.077533012238,23660.51423192572,12529.702223139398,8444.343683012872,9343.075498011473,7075.87230635464,7666.611614066849,6016.019453136991,5278.598924188731,30416.698543783517
2026-07-03 02:00:00+00:00,150107.06285598065,147927.06947572326,152482.9340632863,19452.236490907067,23378.057312053184,23451.20902732093,12164.196198431782,8130.315192578475,9094.022911345744,6827.005067157698,7262.497269657649,5749.768921484827,5069.267666947598,29528.486798095713
2026-07-03 03:00:00+00:00,139922.72953574473,137510.1883885729,142493.19815601865,18308.944550887023,21886.171244079276,22241.326554806663,11247.188764965642,7623.864009608566,8430.12388349472,6202.177713084469,6741.748208729666,5337.802913862206,4698.86148884974,27204.520203376742
2026-07-03 04:00:00+00:00,126578.54292924379,123159.49801295002,129788.7417683017,16357.640683568367,20124.802624575856,20595.182058866936,10195.849756472018,6631.692941595919,7508.971289318771,5152.550054776966,5981.888428505984,4841.053889161519,4105.158209252718,25083.752993148737
2026-07-03 05:00:00+00:00,119664.07778831193,115658.80937874907,123873.64738464657,15427.964517655286,19277.488378984803,18871.24821030515,9661.287023082854,6219.43575698859,7141.054544208343,4764.617901319223,5718.383951728176,4563.6099311606995,3807.1792196587285,24211.808353220065
2026-07-03 06:00:00+00:00,113897.31911266674,109595.20314654402,118466.40830156894,14240.064488050177,18841.7978888376,18225.18747767445,8605.712307367747,5967.503649737277,6748.626251999228,4524.39166291426,5500.479106093972,4280.873310990731,3634.558925620422,23328.12404338085
2026-07-03 07:00:00+00:00,108365.80807791375,104156.39036133137,113086.4392559653,13598.500823305356,18324.893289043725,17840.389425290236,8226.706046840482,5790.831252586711,6419.377684309432,4465.426213583048,5381.88663897554,4120.492882630043,3575.4662155249166,20621.837605824254
2026-07-03 08:00:00+00:00,104617.77728756834,100484.7900352052,108602.06829339481,12861.482653977962,17836.75775011877,17138.711165627115,8033.184992953541,5686.739396554784,6225.477891093022,4380.76611913011,5138.464248148289,3985.475775343944,3502.9956134084246,19827.721681212388
2026-07-03 09:00:00+00:00,102276.44315074265,98294.25866689725,106189.37143300254,12570.7178035481,17404.967218719852,16707.382232295065,8052.637134683536,5481.2721428176765,6184.397115600508,4395.75674377661,5091.277851190474,3908.6150102499446,3513.9396020152194,18965.480295845668
2026-07-03 10:00:00+00:00,101904.7454109404,98377.10100705996,105570.91383022311,12394.302925882852,17549.416116893586,16516.7764796982,7942.178411536963,5377.99787966563,6164.759318205011,4454.042302731665,5097.340238510665,3856.573416576969,3553.400488973072,18997.957832265798
2026-07-03 11:00:00+00:00,102262.7903310687,98705.23723818571,106245.56293692111,12494.602406659576,17339.17951452181,16635.179593109326,7915.821246606856,5522.775701793615,6103.035726256297,4563.433577254605,5182.461467800192,3855.587902618922,3625.5708763792186,19025.14231806828
2026-07-03 12:00:00+00:00,107000.04415856038,102900.21982938421,111037.19986108053,12481.638828030074,17853.65124970298,16915.314312342925,8183.326131094894,5681.1005554020585,6324.735205770333,5074.126721978251,5488.372988903816,4004.839948072138,3860.4832173118593,21132.45499995104
2026-07-03 13:00:00+00:00,114247.83772795454,110449.7608535451,117766.85831111563,13254.831683990902,18568.549893797768,18920.461400345444,9026.398504261835,6259.509137527122,6580.957776889975,5474.951077184477,5974.593505809802,4308.227442582272,4128.17431272294,21751.182992842005
2026-07-03 14:00:00+00:00,120393.60455763749,117013.1603990345,123395.01140596192,13843.551554336285,19613.096184118487,19895.108891767377,9558.358412341193,6762.243448580265,6883.980208589043,5757.63304997783,6358.3023434531415,4579.831416087812,4316.393815293937,22825.10523309214
2026-07-03 15:00:00+00:00,128436.85255618978,125753.43671316649,131213.50249969965,14962.455448782552,20954.85475961285,20776.260271859,10141.158242434243,7169.359810442698,7310.494250060878,6112.886682152522,6612.284386030565,5140.099240664109,4529.726927967717,24727.27253618268
2026-07-03 16:00:00+00:00,135038.66907141803,132600.69682275402,137393.81427793048,16087.818915124228,21914.88123091587,21630.96339918137,10757.855787431625,7572.695986974042,7639.550927789732,6189.593943013124,6835.7544863125495,5488.775267657107,4705.2110619916175,26215.56806502675
2026-07-03 17:00:00+00:00,140762.6279766092,138581.69724288335,142829.72753621716,16820.888324233427,23276.44880673635,22231.510575489698,11294.433986429762,7759.681857380735,8012.184714334513,6362.732269328011,7088.751285786975,5749.431684862215,4949.50210276757,27217.062369259944
2026-07-03 18:00:00+00:00,145186.64836099232,143240.01884157918,147427.3460200925,17770.732055938315,23849.218009878066,22581.027785951628,11615.733752022203,7953.143696873459,8437.51069885374,6360.5295777247175,7251.949577331665,5955.774845188448,5117.623315656876,28293.405045573192
2026-07-03 19:00:00+00:00,147522.7324982798,145509.36879099213,149592.78075901436,17978.4673494244,24260.67646779805,22674.84760911484,11689.990795875823,8074.015045153621,8779.672905986017,6475.664138292768,7383.772638390872,6073.104912874295,5261.684134114014,28870.836501255108
2026-07-03 20:00:00+00:00,149074.9981035144,146961.35618650808,151189.07664609645,18280.77710431004,24307.13714270158,22777.543037268428,11713.51215623175,8139.948986343522,8904.029912837115,6518.3813726955095,7474.024199784941,6207.051941122666,5358.337507281089,29394.25474293776
2026-07-03 21:00:00+00:00,150329.58785349166,148260.10171088087,152619.41153200465,18094.601951075536,24404.427678642052,22898.317407616185,11740.656355000483,8158.618542323326,9121.059751966186,6593.865054266989,7578.844205716519,6321.742563201337,5433.477233712237,29983.977109970816
2026-07-03 22:00:00+00:00,150967.51371493307,148798.5496946114,153149.33337560974,18108.740609931378,24644.164605536476,22895.62628838759,11689.657564664361,8175.868230300941,9192.36981874938,6696.907194809138,7568.359432864361,6363.374976930847,5511.151442152074,30121.29355060651
2026-07-03 23:00:00+00:00,150203.06928125504,147663.1703154337,152735.19198211777,17761.247692430294,24569.741406539928,22795.604905977794,11590.597800623538,8172.179945868114,9234.501054592976,6642.635848670986,7476.929352859944,6314.286658009264,5509.660191986345,30135.684423695853
2026-07-04 00:00:00+00:00,147564.65860379126,144552.02414206095,150293.5846996565,17623.719496579346,24089.661089076235,22420.10829304181,11258.056467753258,7981.154481950722,8944.851379235615,6490.4008996006105,7364.366166902671,6244.446275056723,5277.240357500363,29870.653697093912
2026-07-04 01:00:00+00:00,143184.99770622028,139868.20704377847,146109.1842519357,17048.6317897615,23436.618242230306,22076.297912936196,10946.934332150267,7831.401775268348,8727.490494852405,6373.591902221028,6981.568530148173,5891.484675898342,4970.415120656795,28900.562930096938
2026-07-04 02:00:00+00:00,138203.38687855413,134786.83734588296,141388.95103022762,16366.083686346688,22606.231345676115,21737.52595791469,10537.394295104112,7617.363703096428,8333.430771484476,6093.927377774946,6623.086329726235,5588.925379684316,4739.952321852184,27959.465709893942
2026-07-04 03:00:00+00:00,129504.35479972069,126203.65265162144,132675.7613866821,15658.104596019515,21217.37927686089,20548.559348050658,9790.277120363982,7112.463084636281,7967.931370507916,5497.735697502373,6227.837885804178,5129.501586954805,4395.590261775651,25958.97457124445
2026-07-04 04:00:00+00:00,118177.36591825167,115175.10697510945,121439.06045473758,14269.966676963075,19599.35185023691,18544.11582912228,8733.97161029382,6359.1212574946785,7323.971483118361,5170.974479284408,5873.033432978262,4691.859803765138,4032.493897852148,23578.50559714258
2026-07-04 05:00:00+00:00,110866.63522129778,107179.36869283202,115354.1896458143,13442.231194446955,19233.5791485771,17562.667364099296,8220.751912862159,5865.427638708387,6846.78747638842,4778.078512402769,5560.169933985334,4422.194373594817,3762.4441973371895,21172.303468895352
2026-07-04 06:00:00+00:00,105569.22447478084,101586.63445528092,110391.54995843941,12514.84412424179,18477.072466547826,16718.049286947054,7720.174409467736,5658.991028762843,6416.953180443897,4603.220810736796,5406.713283606317,4144.104882783982,3587.787125562256,20321.313875680353
2026-07-04 07:00:00+00:00,101856.67990613228,97975.50718544329,106081.7056488522,11831.828055385247,18175.953969757487,16366.342031608125,7550.595040461393,5517.3151017352275,6089.998217257688,4459.99279123066,5266.980467813172,3980.2076196345906,3522.9328762764594,19094.533734972225
2026-07-04 08:00:00+00:00,98552.87690324138,94804.02024109739,102525.83138579586,11295.703403477508,17833.602924764542,15979.545259362047,7331.643553710449,5316.425679368043,5800.166045120596,4391.191018726222,5010.929315588259,3820.105474924514,3393.788722480946,18379.77550571826
2026-07-04 09:00:00+00:00,96686.54103289574,93224.38405410302,100429.09847131927,11113.33826510339,17436.35596647937,15658.457080531905,7286.553971124523,5083.971914139793,5771.787560906979,4381.129251879171,5014.037703811298,3721.185854079074,3373.7217865111206,17846.001678329118
2026-07-04 10:00:00+00:00,96306.42595516976,92773.80149507892,100038.79870969309,10807.646433717488,17256.05997596401,15782.93046473326,7265.252243144812,5115.1835030663215,5737.887767250981,4444.516102878103,4995.351982567389,3757.2002911281047,3347.911316715849,17796.48587400345
2026-07-04 11:00:00+00:00,97012.41907455547,92906.25030416297,101382.38302723556,10771.631738343493,17471.514497608383,15655.8690650004,7297.601006867001,5257.83121450692,5773.877475953533,4484.605254723645,5111.101002911518,3822.041685104818,3432.876708195186,17933.469425340576
2026-07-04 12:00:00+00:00,100145.75124046726,95518.17260288975,105645.6372632616,10582.407678878797,17528.176441714175,15784.612075249914,7444.765879009828,5320.405894886239,6011.607015722327,4877.071342574406,5486.61733443146,3902.4854787222175,3585.5500682533616,19622.052031024537
2026-07-04 13:00:00+00:00,104826.7448870449,99719.79882893026,109501.92931708125,10843.273384032913,18145.319091317153,17071.309989553654,7877.846121810391,5821.873543028427,6192.740703303083,5050.937672030106,5706.733008452842,4142.984445599437,3819.744155384934,20153.982772531966
2026-07-04 14:00:00+00:00,112065.43193095212,107296.67246473413,116740.16936071444,11588.266498416842,19291.31413650216,18534.390094711835,8145.836505198607,6317.554903716917,6375.594874779093,5315.393952107979,6103.213562663089,4428.79665219314,4105.924661093787,21859.146089568698
2026-07-04 15:00:00+00:00,119528.40464080426,114938.39640456707,123812.20126436061,12158.795950818392,20192.31063959686,19845.15218272428,8957.166016238263,6916.208351590544,6561.798370648623,5502.380956694916,6468.896319049667,4871.001622355312,4317.586355288017,23737.107875799386
2026-07-04 16:00:00+00:00,127232.75234719353,122617.65271491461,131399.0907647764,13445.773382067237,21187.53028788323,20616.003289953205,9725.554552406233,7349.20655957092,7103.580853449467,5646.498306067653,6750.008499519621,5296.894821252982,4490.914050645427,25620.787744377554
2026-07-04 17:00:00+00:00,133701.28341534548,129585.05777606783,137294.43989602997,14718.188613331953,22202.529810869375,21582.658367495016,10411.7262783442,7590.553840923925,7778.53316463283,5954.373703573802,6964.691104917464,5538.71116228674,4723.795350569894,26235.522018400276
2026-07-04 18:00:00+00:00,137435.42440402892,133703.53303382848,140825.61671820193,15161.143765375658,22772.53550329649,21958.78197042859,10991.160423379995,7702.007746514688,8042.217114768043,5888.867685004272,7125.438384728706,5733.232966651893,4842.995031113242,27217.043812767326
2026-07-04 19:00:00+00:00,140048.1354938163,136548.83373483934,143375.9818226473,15418.606227615443,23303.032335395055,22045.496814695583,11136.830877065355,7789.645920303112,8334.621032100626,6012.2381916490385,7281.3500573095935,5874.476258066793,4962.590077828489,27889.24770178722
2026-07-04 20:00:00+00:00,141799.99383121287,137922.2379140913,145261.16533455608,15620.330119906715,23569.077845292064,22324.557992361308,11077.838220384312,7890.102101931626,8528.286161008968,6121.333253675253,7350.68709248227,5950.7527324178,5069.662896217154,28297.3654155354
2026-07-04 21:00:00+00:00,142382.8469091733,137968.48396010426,146172.22342552134,15739.877147981248,23673.676847061983,22434.062477764008,10670.76430982563,7977.601673041129,8348.27873594471,6202.326088556215,7434.716083580898,6020.187985571711,5168.763430931719,28712.592128914024
2026-07-04 22:00:00+00:00,141881.42241572405,137307.5592370184,146262.7063846975,15443.016955023166,23852.812444048766,22194.70580976978,10560.583966630387,7910.491074800095,8453.513071742414,6183.55860194388,7289.13324471295,6005.18404397779,5078.753221681868,28909.669981392955
2026-07-04 23:00:00+00:00,139139.87170864406,134093.15839254763,143615.5352217212,15043.512821439552,23492.180207308444,21836.969802061343,10203.75812378295,7768.332948693687,8463.037270101113,6099.681605697625,7109.752181254952,5853.491654592554,5003.782414148158,28265.372679563687
2026-07-05 00:00:00+00:00,135603.92501845062,130417.53161833996,140297.5244959765,14694.589251174646,22937.61767132498,21466.516622699084,10042.023724279295,7565.106850497034,8326.202083015936,5806.496177800859,6672.9384207970315,5684.06613797902,4811.718314323591,27596.649764559155
2026-07-05 01:00:00+00:00,130889.95766984284,126073.14608662052,135774.8477277732,14003.579839472348,22345.648174570495,20709.857814422478,9246.048115871057,7210.3164600006385,8283.481715284648,5698.551045755495,6358.675550174632,5571.07149756184,4534.224264950606,26928.503191778585
2026-07-05 02:00:00+00:00,125911.78838209914,121308.15979593105,130058.66049280169,13766.528105424362,21675.60090244017,20262.01883526738,9193.526931434972,7072.835069096645,8087.601642446101,5458.5636424238555,6094.454599833871,5329.616134609226,4408.756742988306,24562.285776134242
2026-07-05 03:00:00+00:00,119270.34376111836,114849.41221537035,123160.45032671618,13301.649667402333,20642.102299375423,19269.38788745422,8623.30552768214,6566.661065147209,7511.0790082449785,5146.012780304518,5705.01022789203,5034.308679268504,4115.2241450069,23355.602473340117
2026-07-05 04:00:00+00:00,116559.9551374531,111548.80205733716,121283.37421705836,13374.531005425384,19851.46383881544,18472.080096406375,8456.911557278414,6297.206847599553,7269.09036759792,5155.069497497061,5624.211432150021,4711.518200200541,4173.691732400416,23174.180562081972
2026-07-05 05:00:00+00:00,108447.62971567007,103625.45760731815,113475.24803161096,12376.85166105421,19302.798540667973,17523.364794248148,7859.9456269707,5764.839582769851,6572.28522063186,4774.6479661627545,5323.410759303574,4321.177232888348,3732.69251367068,20895.615817301965
2026-07-05 06:00:00+00:00,102246.06053153677,97764.23889049925,107199.33340123981,11584.296757650489,18069.056531651702,16632.261689332307,7345.658629821214,5457.593888364388,6149.587774175365,4559.74153015909,5079.446659818216,4007.8706218355096,3560.678839248404,19799.86760948009
2026-07-05 07:00:00+00:00,97971.47488850386,93555.878485604,102748.10753059249,11000.189758200268,17460.636016745666,16124.807577463722,7075.11721756233,5214.141977698451,5784.839260576496,4392.86911593469,4960.670017471585,3856.903951281855,3403.1549277865092,18698.145067782283
2026-07-05 08:00:00+00:00,95636.06614095111,91030.09574323177,100607.13162541097,10645.082375728458,17562.313720652903,15709.055336298024,6954.648099856362,5038.915669597874,5674.674885968769,4278.841977915547,4747.601316049154,3705.5646684443154,3326.248990674549,17993.119099765147
2026-07-05 09:00:00+00:00,93920.00944246803,89255.8133071106,98782.89956268476,10433.771052288177,17160.41067735357,15622.580911947089,6861.583455452023,5037.595847015438,5514.3301510478905,4263.901355862963,4612.474176632751,3617.445565433726,3258.903690603766,17537.012558830644
2026-07-05 10:00:00+00:00,93832.26347296045,88991.13729683866,98833.25944378281,10076.603061957696,17127.721716537602,15420.746097888576,6908.921766744159,5102.694641010015,5502.947619866593,4355.155215518993,4562.928907688262,3629.552293874421,3250.3847577594443,17894.607394114686
2026-07-05 11:00:00+00:00,94343.73360951131,89165.76710589902,99794.55868012842,10068.532330838148,17214.584179977617,15650.80557164423,6767.378116457853,5070.001837745292,5392.193802724345,4420.759868952758,4686.930698965246,3642.4816826571355,3423.916280932621,18006.14923861607
2026-07-05 12:00:00+00:00,95614.76402509137,90456.98756222494,101010.76229279999,9894.734751605709,17544.93432723001,15818.819258172,6842.981581120937,5143.626394699925,5487.342596202511,4416.534683383295,4934.528671057194,3625.5825467517884,3527.48521375432,18378.194001113676
2026-07-05 13:00:00+00:00,101065.41370976267,95929.18948408264,106490.65762497451,10298.153033843299,18064.87262461662,16964.99887567423,7448.274355521374,5492.74889625281,5680.22610746414,4675.398998830815,5256.836634249892,3956.100498624881,3635.7405157345743,19592.063168950033
2026-07-05 14:00:00+00:00,107632.89479233098,102535.90808276202,113391.74262346273,10871.28675630093,18789.431987945685,18139.985501521038,8045.5829819885585,6109.3205277878715,5886.0303250255665,5104.758133825262,5523.426531644437,4253.461566350836,3883.5227574673995,21026.08772247339
2026-07-05 15:00:00+00:00,114391.0379946824,108761.63315310629,120862.00003928908,11329.65672987877,19893.04656572926,19229.546228692754,8495.814729024747,6459.656089504631,6123.446129976176,5373.996576056544,6007.532474257614,4567.946361090115,4229.845289756568,22680.55082071522
2026-07-05 16:00:00+00:00,120608.01998805298,114708.14835863191,127547.75004153408,12002.52950682607,21069.236051080366,20137.782408627027,8904.925418317223,7006.219228806747,6310.20829124299,5647.720937601502,6296.37543006139,4877.139880954138,4532.199759908708,23823.68307462682
2026-07-05 17:00:00+00:00,127650.26056519014,121105.60718193327,134835.33873542157,12487.531164203738,22484.687187237905,21256.303218577254,9508.852301087176,7263.564963816912,6548.509054056458,5982.748499850308,6701.725333967013,5247.877995194794,4739.607618221115,25428.853228977478
2026-07-05 18:00:00+00:00,132599.3045111616,126071.30473432915,139999.17993916108,13512.836120292686,23089.419991429688,21902.84089776518,9942.46674014629,7446.764838297219,6978.673942773286,6080.800074315396,6975.230177388524,5446.127666553374,4850.489454237921,26373.65460796203
2026-07-05 19:00:00+00:00,135641.45431124276,128977.1519274203,143128.57053157638,13809.838958840766,23819.11904545899,22080.908827207753,10321.982973769798,7690.786766121728,7294.916256814171,6167.36721529108,7075.421095667886,5583.707581593458,4938.752741224804,26858.652849252332
2026-07-05 20:00:00+00:00,136479.19570240105,129826.02579988036,143765.1856971527,14079.405550852893,23811.22040252364,22305.375017475057,10317.55594077237,7702.655765518242,7418.904131587781,6208.188089527171,7061.915204325812,5636.293288711602,4980.833622952461,26956.848688154034
2026-07-05 21:00:00+00:00,137332.41549076675,130267.00714418982,144723.977581386,13874.18469803169,24089.38185412791,22559.307577345317,10353.257374524477,7787.260819418893,7708.482381595562,6180.793890179016,7008.384318878043,5688.343468707404,5049.588123880514,27033.430984077924
2026-07-05 22:00:00+00:00,137532.25838006425,130224.17256398592,145294.06664595628,13848.708326671369,23732.919544464094,22541.629912449574,10302.158034097618,7709.926379135513,7876.8224509379015,6246.838316339929,6854.860326889392,5724.6661969473835,5063.770084611356,27629.958807520103
2026-07-05 23:00:00+00:00,134591.97802599502,127527.17788018638,142830.80327656222,14384.099841637028,23125.72095772765,22046.68250008605,9794.084797044503,7382.565934265292,7719.374146997366,6120.395205735844,6630.332871972115,5520.942005759472,5015.776139951431,26852.003624818262
2026-07-06 00:00:00+00:00,131567.26156820124,124557.01466757752,139335.78874519953,14008.443242174217,23015.50978229947,21438.667140064863,9631.346577642591,7222.063987707976,7345.256906823232,5944.736678416551,6431.425738152357,5376.463043232689,4787.185423451071,26366.16304823623
2026-07-06 01:00:00+00:00,128638.92985317805,121446.0727416169,136173.46681328124,13897.17223817101,22361.978689092157,21206.02562779537,9420.068724034092,6960.0956955658385,7063.253182754614,5738.77081890691,6336.174443044331,5238.753364345875,4652.870418731181,25763.76665073667
2026-07-06 02:00:00+00:00,124049.05433529898,116902.3026749771,131683.95202661978,13560.990621655836,21682.458698603106,20469.171217406943,9203.190756216685,6789.370139853364,6834.483625486894,5429.4035742620845,6003.367116784812,4941.661638095246,4485.177234071971,24649.779712862008
2026-07-06 03:00:00+00:00,117667.67677121125,110559.26245069379,124863.698235274,13071.600995289491,20282.894905228473,19604.159203914824,8740.81678841955,6426.696555034001,6758.101098477665,5151.4024706168875,5661.412207053712,4677.24713702739,4138.626428367997,23154.718981781272
2026-07-06 04:00:00+00:00,110359.54825465666,103309.43348444726,119261.19725615924,12293.11565636087,19434.45909264436,18551.102996555244,8271.779291668396,6001.396792765141,6408.444093819297,4873.609418805877,5346.138568788624,4372.368694232236,3787.7697354434595,21019.363913573146
2026-07-06 05:00:00+00:00,103605.67846151805,97189.5155950028,111999.73571490974,11274.395841046315,18848.66983884924,17425.304355637712,7816.310714268137,5696.075005851585,5998.378855869475,4517.446048838977,4933.523525298982,3925.442341750958,3566.2544354623965,19603.87749864427
2026-07-06 06:00:00+00:00,98271.47265106047,92348.72754041945,105645.9000733661,10360.368846522075,17911.240461344212,16823.485691555943,7565.335879329498,5453.151889633882,5651.286907381572,4371.948494738258,4674.953664247762,3717.9065823120504,3298.265466539766,18443.52876745545
2026-07-06 07:00:00+00:00,95201.03695096048,89547.88396054432,102105.99183081416,10081.797696624175,17486.115965792582,16349.811392148415,7235.867367651729,5215.115690859898,5438.001561693766,4265.662147621688,4519.168209016989,3502.690435482355,3219.456507076169,17887.3499769927
2026-07-06 08:00:00+00:00,93428.4918062305,87846.61161983649,100453.40003166189,9777.938557585332,17218.90513675857,16078.975458924779,7102.646889298993,5122.754252927775,5313.884194469605,4177.764084662496,4410.033196143529,3403.574364123002,3162.9016706845146,17659.1140006519
2026-07-06 09:00:00+00:00,92843.02076523306,87289.96714494769,99893.83324123918,9654.24860097,17164.143308200495,15994.235519066173,7091.898964223845,5160.827499316317,5243.2595054169715,4165.457144767959,4424.825707753215,3410.894705734185,3226.727485663129,17306.502324120764
2026-07-06 10:00:00+00:00,95041.09427599868,89677.36861150955,101825.21842156479,9766.657163496335,17667.52659570112,16162.471782580062,7185.588884575935,5203.991113836318,5264.945290862612,4385.996691101548,4538.358695004012,3533.9302244797577,3359.3303746317647,17972.297459729212
2026-07-06 11:00:00+00:00,98740.03826274676,93815.07979391972,104880.05243016721,10106.623338022713,18132.716920953637,16657.475844780267,7587.214128083748,5458.374639157994,5441.077591325071,4700.688482967782,4709.796955356603,3636.0504444778917,3600.9074071825544,18709.112510438496
2026-07-06 12:00:00+00:00,102426.43743764076,97568.77057094268,108727.99914637854,10568.393325204008,18274.57950558099,17539.72754238323,7946.128678611802,5647.445956157609,5641.241378062458,4974.844493392373,5056.127261683305,3828.2069669105595,3699.251979756026,19250.490349898417
2026-07-06 13:00:00+00:00,108390.74584162049,102812.11043037786,115124.08644969272,11294.174478548033,18901.70193104967,18542.68670693374,8459.068898548536,6074.738694905739,5960.004067927716,5258.560849081443,5318.426256374185,4123.403064704898,3931.447659731534,20526.53323381501
2026-07-06 14:00:00+00:00,113367.9029653747,107291.51811565264,120862.9161782309,12154.283725507988,19360.656843347293,19268.409673366343,8817.308859034341,6323.2844797704365,6102.590718602759,5550.811718351913,5526.239354497565,4313.430309757053,4245.734204394272,21705.153078744734
2026-07-06 15:00:00+00:00,118975.49644906983,112296.01959212804,127016.8147098266,12694.521825186759,20299.469440445773,20233.454231157586,9320.00369650604,6643.791435743593,6215.478561992076,5763.940750094324,5821.867575306366,4565.511875793358,4430.664786875321,22986.79226996865
2026-07-06 16:00:00+00:00,124470.65733770479,116964.12724861328,133578.82173752028,13337.549930384463,21284.669690017865,21309.557660086226,9743.784169303866,7091.1423996425965,6531.616494755616,5889.060435553865,6055.010805081431,4818.242860747831,4556.353177724396,23853.669714406624
2026-07-06 17:00:00+00:00,130574.02738631656,122105.84407168176,140800.33669038757,14040.118025689268,22355.53477091792,22239.142327616097,10232.008510033424,7365.499036334362,6746.391796725595,6078.120670847816,6244.940588981753,5039.702696593599,4741.489653363124,25491.079309213594
2026-07-06 18:00:00+00:00,135048.9629260094,126272.88424807254,146150.3438087674,14847.960906659653,22818.4042865889,22854.23591280335,10538.968226269939,7740.908980293221,6985.848240820372,6364.594781684697,6440.668841471736,5191.995160525183,4917.191240429556,26348.18634846279
2026-07-06 19:00:00+00:00,137073.2473820716,128111.80178828197,148428.9155662897,15191.648445798988,23271.881433677434,23016.167221808817,10809.486088270423,7817.827581744767,7141.9560814506685,6406.905910822523,6496.710808462385,5239.711378391169,5021.41867012747,26659.533761516945
2026-07-06 20:00:00+00:00,138466.4689289001,129413.48020560325,149784.48597039303,15522.182013015097,23460.471080847296,23187.589158082184,10964.01904251879,7872.0398321918165,7291.610393789639,6415.535311233097,6584.119388381255,5315.494027740857,5067.301382535939,26786.10729856416
2026-07-06 21:00:00+00:00,139142.62133052276,129995.10041126491,150596.05497776816,15698.689004204036,23636.68036019547,23044.656984988636,10962.95935815123,7923.644271954239,7479.0703136883685,6374.230772418961,6493.7171834259725,5397.786813577037,5078.792629816768,27052.393638102036
2026-07-06 22:00:00+00:00,138541.47492489015,129097.58751984435,150454.44278573184,15647.773759610787,23449.818515108436,22886.00890687844,10882.488151097448,7910.320516712987,7458.7645014298205,6307.746574320942,6429.130531867248,5443.452688246087,5074.882821665853,27051.087957952066
2026-07-06 23:00:00+00:00,136081.7627648504,126317.45735811628,148017.3891365404,15411.888719096773,23301.251991005403,22697.588325102377,10433.926324080237,7604.482335054742,7335.029935767044,6179.901954977909,6162.115014380691,5355.571585755678,4869.178587946804,26730.827991682756
2026-07-07 00:00:00+00:00,132046.7010307972,122501.10052659897,143704.32471825214,14901.741641501936,22655.326205263205,22237.210197186847,10077.146752378603,7282.737919400862,7124.291193486153,5975.509777676524,6101.758634019985,5216.22184767743,4648.443534617907,25826.31332758774
2026-07-07 01:00:00+00:00,128613.26561207477,119912.40845265184,139927.52284246325,14554.203807050717,21960.60704798036,21892.42822545364,9889.277995545439,7237.4905096258135,6884.38394343722,5787.082721632361,5888.1465714655915,4937.534948247317,4425.687748190366,25156.42209344593
2026-07-07 02:00:00+00:00,123500.98183778537,114954.76870577023,134177.98821059638,13979.684569573474,20651.454263369684,21325.80620262998,9499.413833777875,7025.113388437742,6798.126451873611,5456.0884392873095,5705.7046774485925,4787.737504848169,4220.727117413027,24051.125389125893
2026-07-07 03:00:00+00:00,115868.92126927717,107816.46297521562,125497.43207236718,13255.376738910827,19496.47178041899,20079.637906111657,9085.559811981613,6506.975768929032,6391.719381978226,5124.613457035765,5325.059917392624,4459.248421158321,3902.431539504062,22241.82654585605
2026-07-07 04:00:00+00:00,108041.71285954266,101177.99586913767,116491.69383045415,12551.185722370408,18520.4128310139,18751.124139315925,8454.294194737684,6059.54962993721,5896.507070486771,4805.093327201055,4927.9968062338985,4100.75910200684,3623.641780946805,20351.148255292144
2026-07-07 05:00:00+00:00,100526.1903362201,94306.99311395196,108184.70512048528,11559.948820956819,17503.43142234704,17725.07059328766,7783.5547303323565,5605.529703212005,5452.374473378569,4568.380884521588,4471.447002421076,3788.357077284082,3303.787718274346,18764.307910204578
2026-07-07 06:00:00+00:00,95563.3516467862,89825.35113944559,102613.43549962777,10879.493440686947,16876.168699894082,16959.874405148006,7406.38299436149,5269.435069036426,5218.8184508441,4359.331284635618,4239.743643719042,3513.2458750320793,3135.4875788277404,17705.37020460066
2026-07-07 07:00:00+00:00,92262.06046448395,86893.09282995776,98972.17944551098,10405.140998413252,16222.800652275,16521.358700325218,7172.19432679586,5113.028666162431,5043.445676326289,4197.211708079424,4094.3530710642426,3381.4559432569645,3031.2616633540865,17079.809058431172
2026-07-07 08:00:00+00:00,90533.95667133696,85384.56415404512,96949.89320312087,10060.794806181735,16079.426256660627,16298.034892968251,7120.097167989337,4984.658337349213,4917.283277807822,4148.568464436623,4017.6537292163353,3286.8590789769855,2967.2482351374138,16653.332424612607
2026-07-07 09:00:00+00:00,90027.74754076365,85102.97922028875,96273.50773076032,9902.707410208397,16103.231882726577,16086.775865437987,7159.204644769485,4984.985599923775,4802.166288487091,4131.643805389027,4028.3081169288052,3232.087282070329,3012.3350069510816,16584.301637871107
2026-07-07 10:00:00+00:00,92584.55834331815,87900.62371565598,98409.64568605108,9925.965630555114,16681.24008693889,16383.190746070279,7337.577640238917,5104.311818218103,4872.784844165927,4353.735955424445,4178.1589206616045,3282.935535364873,3229.847945363288,17234.809220316703
2026-07-07 11:00:00+00:00,96113.44294324584,91667.71763987698,101421.07982983606,10286.642778469834,17077.28100307231,16877.152540342388,7613.021797937615,5284.377427901028,5122.034973730332,4670.528173096321,4419.970607217847,3398.594480470435,3403.374778717147,17960.46438229057
2026-07-07 12:00:00+00:00,100950.64141248455,96652.09442248041,105940.89294274704,10890.931064105154,17503.520403044025,17765.6782815638,7955.972294727472,5573.561042631418,5420.451622058626,5005.437643089596,4659.346628552909,3613.9580814117335,3606.007933251597,18955.7764180482
2026-07-07 13:00:00+00:00,105250.33254622523,100601.75764981375,110834.82346945727,11705.85104674486,18065.038930107967,18438.809630993786,8362.832505338363,5879.41163693086,5459.89446446341,5224.133961245142,4891.60375155018,3852.780407960563,3685.8493620174913,19684.126848872613
2026-07-07 14:00:00+00:00,109709.43394125586,104510.03098618642,116178.01037795185,12552.571086796106,18602.148776807317,18947.055725923914,8921.219367415337,6172.638817329911,5532.2615202314655,5383.898024941399,5166.8043659271325,4070.9893054753597,3829.733134168556,20530.113816239365
2026-07-07 15:00:00+00:00,115101.14349077998,109447.10220824354,122139.60119371203,13117.857604195588,19330.17400657527,20134.985393381015,9409.646192717026,6513.466081831702,5747.587617433662,5642.496741008237,5335.110714114161,4218.245539240525,3947.7681268809274,21703.80547340189
2026-07-07 16:00:00+00:00,120831.30693150545,114310.19434450053,128886.70612534069,14238.52866445318,20038.057886848575,21090.585520397457,9792.367524587797,6690.995005430758,5895.7591856828085,5746.043685308979,5679.9211500812125,4455.862411256701,4181.46370307246,23021.722194385522
2026-07-07 17:00:00+00:00,126474.59611455083,118717.2023428591,135622.61467389506,15127.333336090527,20758.117618450462,22135.215562933834,10349.774494516301,7011.758442727457,6292.701645482312,5853.792728673685,5914.86241802985,4670.858998425117,4321.648963986792,24038.531905234504
2026-07-07 18:00:00+00:00,131586.31243297615,123167.86476655352,141600.08980180445,15876.806560800946,21427.13790391349,22792.181564370458,10909.858133585378,7327.742049623821,6575.192968830402,6000.082773256666,6013.179163836523,4830.291477478146,4464.672563507603,25369.16727377272
2026-07-07 19:00:00+00:00,134654.29524568142,125739.39634984169,145209.38293540594,16336.381359736255,22125.93594995244,23102.615229626776,11150.091687661656,7413.697056284066,6934.296316266962,6090.603827835023,6117.961904602761,4955.829987085749,4506.301306991263,25920.58061963846
2026-07-07 20:00:00+00:00,136310.0759378075,127381.57799771291,146914.86139110345,16826.50131235557,22206.260989963346,23395.04311494097,11251.490235412288,7479.8869431706535,6983.244784143676,6128.164328919836,6267.776122669812,5016.982637080823,4630.166027031326,26124.5594421192
2026-07-07 21:00:00+00:00,136874.5582107111,127828.08937993516,147265.03792631745,17021.585260945583,22204.234571708967,23254.985103027702,11236.337553083073,7586.778987400466,7046.180905363614,6221.22423894587,6341.065769039182,5140.151552416172,4608.341998625429,26213.672270155064
2026-07-07 22:00:00+00:00,137281.53867197086,128340.66237677625,147846.07496095612,17117.493772086476,22405.940650634453,23169.704001913866,11220.059500373512,7579.201510521348,7111.106418588995,6114.235860435629,6338.538308168388,5339.034567217876,4686.90080501517,26199.323277015133
2026-07-07 23:00:00+00:00,135152.7569783061,126264.29536987025,146041.46420761725,16958.61268394541,21915.223786059043,22995.154463706807,11040.270599577785,7410.5513773780385,7140.713080922175,5994.493447679423,6153.779356237834,5235.70559094003,4561.9531144901985,25746.29947736935
2026-07-08 00:00:00+00:00,131663.6252091543,123253.0808828567,141896.45703530972,16558.597530128744,21482.16964048975,22500.15553890676,10534.018083907322,7190.265877200783,6959.366846226779,5888.182975281626,5884.311475801594,5074.792061819874,4436.514306495001,25155.25087289606
2026-07-08 01:00:00+00:00,128220.74119871373,120232.60665073784,137993.04698638117,15775.34599094216,20949.993418163936,22012.855474448847,10261.01693083539,7074.1958223924485,6751.837879496642,5780.886611066392,5735.475471428299,4825.056376566399,4271.57992115873,24782.497302214484
2026-07-08 02:00:00+00:00,124290.08247951473,116641.85008967889,133960.9261649468,15413.43068626742,20144.476394973084,21540.889988891897,10019.960678576215,6880.222797804091,6583.857135601156,5503.153856045407,5476.972199167413,4679.218908567487,4061.5960386824527,23986.30379493809
2026-07-08 03:00:00+00:00,116241.25479142394,109258.06060956299,125356.16613906731,14575.848533737186,19047.675953434227,20153.88649771651,9403.308629490155,6357.291932187165,6118.59627432493,5190.814813067085,5105.115521731842,4295.0929438164585,3802.035921382134,22191.58777053625
2026-07-08 04:00:00+00:00,108164.73353064914,101480.10342589978,115564.10803401851,13608.12930006695,17856.768037683527,18972.44826937631,8645.908600308549,5822.720798729509,5775.65113919462,4842.390618762685,4693.978455395421,3948.377393838993,3500.857736980348,20497.503180312222
2026-07-08 05:00:00+00:00,100350.11551903786,94507.09728220472,107229.59403651382,12417.287330812447,16902.045634121638,17812.314475135096,8049.403484339729,5369.245762860302,5304.231587133474,4513.137558502394,4299.10976226397,3602.811122802127,3135.9379371982423,18944.590863868445
2026-07-08 06:00:00+00:00,95203.50186739067,89783.01142096065,101424.08364060732,11548.752760340638,16469.180664000767,17032.182366248107,7533.727562979109,5075.949772558844,4987.1065174160485,4328.792487566401,4113.904723313823,3366.031120048841,2933.4047933566517,17814.46909956146
2026-07-08 07:00:00+00:00,91903.13504665159,86792.65552212569,97802.60221964415,10945.698169346026,16047.881339473144,16648.82599375,7336.447388827232,4948.453886158429,4842.3106231274105,4217.356807112777,3945.321743158462,3203.9995294730647,2858.1523452897914,16908.687220935255
2026-07-08 08:00:00+00:00,90018.36194582812,85085.70552849726,95890.90545662925,10621.243487932343,15762.231438426861,16354.157307326092,7210.941257634442,4863.135500258263,4622.771488710326,4165.040640406258,3871.644350964288,3130.622092478859,2788.639178786056,16627.935202904322
2026-07-08 09:00:00+00:00,89690.59938772269,84970.54794730504,95147.69510987001,10340.241963744711,15707.64969603785,16328.202042649424,7197.90881769305,4888.874686882112,4557.077630760516,4167.345893272305,3908.130234351284,3132.9900102846145,2820.3101776457797,16641.868234401034
2026-07-08 10:00:00+00:00,91909.50813318184,87551.53535953957,97444.16442130326,10374.55942290005,16118.389366197236,16472.910955536525,7344.830655074247,5053.232766521583,4665.643552944608,4379.141996712541,4057.303470477039,3212.1307214108087,3042.9982528390333,17188.366972568154
2026-07-08 11:00:00+00:00,95767.10990110312,91607.99206913519,100591.1265210381,10665.640435668196,16709.352077410927,17062.445039582693,7705.729074329694,5263.358332788295,4886.459952529883,4699.789370933597,4288.7043677131705,3352.3762912938428,3221.9131217847303,17911.341837068092
2026-07-08 12:00:00+00:00,100442.1353232622,96378.41068210185,105225.61585319137,11446.58359665914,17157.499527758144,17648.76343097674,8077.727898646827,5488.213787325139,5116.375612537417,4949.649089455848,4560.353295061977,3509.447560201643,3463.20950690372,19024.312017735585
2026-07-08 13:00:00+00:00,105322.27769940453,100399.3820293648,110285.91108413067,12215.218865004646,17583.252687670873,18404.71447378078,8606.145887287166,5713.611491497934,5447.620137757674,5185.245515780346,4853.096777833223,3667.6210280094815,3678.707022716323,19967.043812066066
2026-07-08 14:00:00+00:00,109108.81271486412,103740.82517191993,114809.38705199384,12840.379024966496,18309.431997484604,19077.368707688765,8922.92672921569,6014.214643137889,5430.606553414092,5401.997563220769,5072.476869547576,3841.9337692861045,3713.379623112527,20484.097233789624
2026-07-08 15:00:00+00:00,115060.44068929815,109041.65365518593,121704.12637046058,13602.416982919405,18976.25766918486,20141.743926062387,9537.977112013383,6392.627048467266,5675.716411300331,5677.221034264146,5309.688719496322,4000.3822775610743,3837.382949525678,21909.026558503305
2026-07-08 16:00:00+00:00,121451.40209194086,114274.89745684582,128777.2637687961,14715.859202830034,19892.19834022989,21041.700042002485,9984.826944513665,6580.990660993298,5988.955002084906,5793.636801438879,5672.90886618592,4292.38604158548,3999.266890562941,23488.673299513368
2026-07-08 17:00:00+00:00,127576.9806694497,118948.00778118856,135892.04929651643,15770.409490063523,20709.37626707672,22195.1882113015,10575.672483024604,6890.459015119161,6436.438755169547,5973.453876767961,5906.6464874301755,4455.214985651842,4213.168084401692,24450.95301344296
2026-07-08 18:00:00+00:00,132504.41592121182,123504.1309880672,141342.5601537951,16256.84698079055,21408.711902076746,22903.146050952157,11075.76796887608,7199.906063901282,6766.394883516469,6161.203158859155,6156.146928747158,4659.170707349154,4355.421184176832,25561.70009196624
2026-07-08 19:00:00+00:00,136108.04966592597,126773.00158136585,145215.05084289392,16968.71511323319,21773.406872246593,23207.800480126756,11341.053456496084,7261.280407788741,7033.615301173548,6277.899953034256,6278.467299775017,4843.738280877446,4435.290626952703,26686.78187422165
2026-07-08 20:00:00+00:00,138272.6045727012,128672.51221867936,147466.71046859754,17326.304180492458,22184.869386306087,23434.989053687637,11486.45680394615,7340.981706189688,7225.817397699342,6327.103117551067,6399.773140667441,5064.228324401925,4551.959537616154,26930.121924143245
2026-07-08 21:00:00+00:00,139171.17222274022,129561.1599075931,148191.88673198054,17490.574862981222,22267.035088108467,23474.169146953525,11517.503929943565,7509.79261974185,7346.902550381207,6316.194992086303,6502.620885735852,5141.239969012829,4632.474705044133,26972.663472751265
2026-07-08 22:00:00+00:00,139137.58570163738,129270.55167091005,148291.82614516723,17701.746252556677,22117.525977920963,23438.484940960625,11371.798446426224,7480.9603994548825,7342.995585366135,6339.919897180259,6340.664463153642,5233.894803804106,4724.465005249661,27045.12992956421
2026-07-08 23:00:00+00:00,137167.89638035605,127761.45434536219,146372.54932447517,17474.372669050557,21903.44614233393,23285.503357601952,11128.954179975799,7319.652673018779,7305.485308758432,6113.614841659002,6206.167739961134,5172.9916939333725,4536.676714794206,26721.031059268862
2026-07-09 00:00:00+00:00,133812.2147883599,124842.36085976483,142861.4920034132,17075.736554810435,21399.358635030563,22672.11406958789,10846.179469224171,7151.628375983718,7147.3379117555505,5986.62038580728,5933.712686953144,5044.770871068072,4418.367867984711,26136.38796015438
2026-07-09 01:00:00+00:00,129979.42832491694,121345.96250036081,138389.97580171103,16300.133445456095,21019.074865207942,22177.43047222921,10421.632821066485,7012.992439949559,6949.669497901193,5912.829074504769,5752.854978849073,4772.196586221636,4140.565547360402,25520.04859617057
2026-07-09 02:00:00+00:00,125767.22852729152,117640.06607020505,134093.75451801973,15589.952224866087,20117.02623602451,21793.7525938651,10035.385707011552,6859.43700184338,6700.129711580426,5688.505941191884,5441.682346712258,4647.411562907821,3993.5039593523747,24900.441241936132
2026-07-09 03:00:00+00:00,117616.42130452862,110191.68476503374,125205.68124956315,14935.753611350121,18854.99970141317,20423.302214265936,9576.098019139303,6337.06002200293,6187.952155732008,5309.004924890599,5195.151883015788,4271.378049540664,3791.363582363912,22734.357140814187
2026-07-09 04:00:00+00:00,109275.02208481642,103120.44483249566,115766.19616163989,14233.923287160396,17969.634520893498,18942.7947335274,8885.345058131355,5883.027321951258,5867.3182237996125,4907.331590680323,4698.9015510802965,3914.5360465619833,3416.687409954336,20555.52234107596
2026-07-09 05:00:00+00:00,101595.59050656193,96129.83786848036,107609.29506542641,12869.31594117695,17003.18583900459,17821.542101829717,8275.853037168661,5447.787277056361,5505.3836478372705,4567.714618254007,4364.734589055816,3604.457012062941,3111.552970328024,19024.06347278759
2026-07-09 06:00:00+00:00,96040.86334594137,90841.78518578863,101475.44829573297,11966.695344142414,16249.135962144052,17064.641093932554,7795.2518950792355,5166.474402092052,5148.625437782219,4364.498515444279,4140.210068782563,3366.7362763967353,2930.139291057474,17848.45505908778
2026-07-09 07:00:00+00:00,92615.49711217901,87799.07047914952,97685.96163079282,11222.611609377951,15911.810091728983,16678.75878179181,7482.072157611089,4998.982550498119,4982.764766812689,4275.141808300645,3994.2522377170217,3200.3416783917114,2804.545978572477,17064.215451376516
2026-07-09 08:00:00+00:00,90789.2315112486,86139.48614653006,95452.3201915513,10800.553810868814,15715.93183013057,16426.16977843415,7329.670281269416,4921.289306194306,4810.657992831001,4195.0655743004545,3871.5601884879443,3137.907104318874,2766.431845651321,16813.993798761738
2026-07-09 09:00:00+00:00,90313.28287504298,85962.2629160557,94946.40608608653,10655.27883576644,15644.842378244348,16188.070067608242,7327.061871827239,4932.148758592571,4750.484431129122,4209.407059046819,3922.808585914137,3138.916590681633,2816.342836325311,16727.921459907117
2026-07-09 10:00:00+00:00,92221.12980133765,88154.12472536924,96693.49690966433,10525.02070355862,15995.973652949842,16540.497857366834,7448.681284440918,5078.036284031424,4864.1179267512525,4392.919121835595,4066.440659630793,3222.654931334453,3001.755941943601,17085.031437494294
2026-07-09 11:00:00+00:00,96085.50652231927,92246.60284512238,100399.85450473767,10867.168294635661,16470.004997651195,17123.377387360346,7755.045597386052,5304.928435776599,5051.711548174349,4691.797507820214,4303.68512066523,3365.623557443154,3195.0794488804227,17957.084626526033
2026-07-09 12:00:00+00:00,100592.97560731432,96767.65666669843,104948.64996844625,11561.642867499315,16871.765828599157,17773.12923263855,8199.11909229808,5530.518769545782,5277.826736070882,5012.083575300309,4576.935457893072,3544.2047815807096,3416.545486492171,18829.2037793963
2026-07-09 13:00:00+00:00,105538.47576835642,101029.57746386649,109962.72912395836,12455.949405841377,17481.913278552584,18434.75740429613,8722.455359973967,5741.786451945388,5506.174481549044,5211.516911086273,4887.810505982862,3707.893439107488,3663.3249297594793,19724.893600261832
2026-07-09 14:00:00+00:00,110019.05091200332,104991.50101963109,115346.44633625948,13187.231648149189,18039.99970877818,19020.335820801152,9222.280150065912,6050.344240533968,5735.060832971304,5484.215132810849,5177.466838795488,3873.677344584313,3732.770829301304,20495.66836521168
2026-07-09 15:00:00+00:00,115646.33724810362,109853.01542130156,121950.98786319821,13704.74820413028,18890.42114669083,20082.538914044297,9707.05407295513,6393.475997291461,5938.223992453401,5730.91250352041,5487.171522772501,4027.4156670059656,3871.3333574114677,21813.041869827895
2026-07-09 16:00:00+00:00,122478.89395643465,115532.18087898102,129282.88062615207,14558.333601336939,19920.956367748502,20943.333588572295,10376.209194778457,6667.243656666683,6359.430329797486,5903.813879791826,5853.675614976372,4304.802401857955,4115.169691912078,23475.92562899606
2026-07-09 17:00:00+00:00,128971.43060429125,120938.39126519588,136454.22959600494,15423.496848681829,20994.198477201284,22041.89993420878,10911.717750449183,6980.664662969453,6644.9479458401565,6102.307853822881,6106.180050274399,4562.736804789062,4302.23022955991,24901.05004649429
2026-07-09 18:00:00+00:00,134397.69604579383,126367.29467241664,142035.72719427018,16367.29292565543,21721.310885949748,22803.41881629742,11444.272792679976,7296.482075454998,6970.983182985738,6287.817570432038,6346.91933306834,4853.439842986833,4452.895809403876,25852.862810879444
2026-07-09 19:00:00+00:00,137481.80992581922,128893.23815177658,145321.01091789803,16675.430736676502,22076.620504476803,23212.738555458895,11556.663595301303,7463.711850997443,7279.002620167935,6343.775112952388,6393.409653721729,4988.824837312137,4577.7235565222945,26913.908902231808
2026-07-09 20:00:00+00:00,140055.75063153918,131260.8211008338,148247.82336892706,17121.34186013165,22554.972077083803,23438.69294175581,11682.556555001654,7549.746558566708,7462.281586788489,6418.558358245623,6587.704417084206,5088.499961175245,4719.720400357707,27431.675915348274
2026-07-09 21:00:00+00:00,140487.28378451607,131264.4728584445,148609.94039096325,17143.816017796573,22685.231097906293,23351.074251038033,11598.654244334024,7603.986893365385,7567.470236898142,6411.514490736802,6651.803689290204,5230.039131655206,4711.14927885787,27532.544452637496
2026-07-09 22:00:00+00:00,140292.1418146245,130806.45958930583,148949.3996604276,17147.13261476641,22628.225347332693,23211.728063433704,11580.013380926,7535.508973765255,7633.446341265352,6356.097903729476,6621.151949147501,5289.044720913902,4787.543956567588,27502.2485627766
2026-07-09 23:00:00+00:00,137407.66504321073,127560.24220817824,146419.722826178,16633.379678504865,22102.595119721824,22935.008281658902,11327.501496971721,7357.207512120175,7573.863449518485,6188.307566708734,6456.2025848524545,5181.027506809277,4616.447636548166,27036.124209796122
2026-07-10 00:00:00+00:00,133533.28746231692,124499.41851421537,142114.76726788282,15915.129446463612,21684.101435129545,22555.862594838876,10940.643040610266,7119.766217029207,7375.575112253779,5989.790063308822,6165.02509966912,5071.293072127088,4485.442925539209,26230.658455347417
2026-07-10 01:00:00+00:00,130290.15038613444,121747.41411845064,138235.92394889132,15544.19829733397,21096.728313778847,22101.711687906496,10435.976702682317,7065.032852644968,7283.38587467568,5894.800513690936,5962.302908863358,4859.338146150976,4259.124801926753,25787.55028648014
2026-07-10 02:00:00+00:00,125868.6851019036,117651.83210586022,133838.3147062458,15120.94677544491,20347.545118824462,21623.13641289253,10073.654235560658,6859.694847594494,6917.822949368985,5613.028512766919,5661.424063536388,4727.180560929989,4026.7506386542946,24897.500986329964
2026-07-10 03:00:00+00:00,118166.9985913431,110581.61420642602,125291.94575046557,14665.957539783572,19253.591397483742,20344.042602707446,9588.664775350268,6368.738620389726,6388.70783422816,5269.176136640894,5221.15792128966,4406.849382857644,3764.112796717082,22895.999583894907
2026-07-10 04:00:00+00:00,109253.36995651748,102169.3089965538,115539.23866090522,13621.769601524076,18082.14269931344,18854.62757590717,8745.92719798948,5894.264970385191,5925.295327968356,4914.955495385984,4908.206466055483,3951.3079139059273,3468.374966638932,20886.497741443407
2026-07-10 05:00:00+00:00,101550.26468005635,95006.03502694191,107631.60558119635,12529.48809429809,16997.34133804154,17757.60372064801,8182.725142908156,5476.140672001607,5553.695400751502,4579.2027347656185,4542.677761380457,3678.647771664521,3196.169597390128,19056.572446206716
2026-07-10 06:00:00+00:00,96181.92351289761,90228.70645930083,101781.33790112933,11605.891267945712,16395.527947969855,16995.74843369933,7639.067107071797,5172.954554897166,5253.298624140079,4360.47834672481,4327.534015338546,3420.851863513873,3011.87079532543,17998.70055627101
2026-07-10 07:00:00+00:00,92692.76950953531,87258.93903760334,97816.14571707248,11109.735841176533,15969.808198336255,16539.348277981597,7367.73895083261,5019.242593718151,5087.485486374662,4230.153031905957,4071.2461837293035,3235.50472433865,2859.1902837496937,17203.315937391897
2026-07-10 08:00:00+00:00,90527.11174908986,85463.59007979085,95259.6080388859,10682.435844449854,15635.312907476799,16297.204283854939,7163.386085221055,4931.706813786821,4962.5977504592865,4150.496293388428,3992.1117986048885,3113.901174167698,2808.4369945469275,16789.52180313317
2026-07-10 09:00:00+00:00,90029.60377631475,85272.62449262996,94562.43814760505,10448.33715769708,15666.473543588736,16227.472228828476,7110.410378592159,4942.654802249834,4864.1801186495195,4135.011391283893,3974.3111154051294,3134.3560081540186,2837.993091731706,16688.40394013419
2026-07-10 10:00:00+00:00,91936.65260194111,87352.76659670472,96306.44745236289,10487.43579402622,15810.507896221223,16526.94408968983,7301.896005516634,5044.105603784298,4964.598322338921,4304.512238822417,4126.913299399947,3245.840702406712,3002.396034414323,17121.502615320576
2026-07-10 11:00:00+00:00,95570.6780752397,91218.31367224568,99810.34730781568,10796.110794205471,16463.302747392383,17085.96999832285,7594.630457966975,5228.908927720065,5149.3472127935165,4581.5780479961895,4411.582474831894,3321.783140927681,3169.5039338299243,17767.960339252757
2026-07-10 12:00:00+00:00,100171.01572562738,95634.43636918771,104534.2418079152,11429.606422584257,16927.153349360953,17666.003492671523,7999.535606203612,5475.093810321796,5416.077476517659,4915.028832578167,4729.024436118591,3492.3656086436044,3424.9053139442462,18696.221376682963
2026-07-10 13:00:00+00:00,104691.27916888526,99687.55966848996,109179.32442276149,12087.057376175997,17555.722671739826,18280.18550267709,8418.314386538246,5696.863512140039,5521.157688509122,5106.217572248155,4961.835688683602,3737.2673220668235,3622.221077661876,19704.436370444506
2026-07-10 14:00:00+00:00,109750.51855204203,104230.02036300779,115124.04303704711,12890.609786503523,18150.297816852366,18864.631170592012,8925.645881501787,6056.31281294526,5857.858755894584,5418.471382104199,5295.085736120644,3946.112459370387,3764.5703055796935,20580.92244457759
2026-07-10 15:00:00+00:00,115705.13453614753,109332.70625016988,121846.02146758421,13555.304162637907,19027.243721298153,19838.865713995176,9415.289810200244,6393.4104424712905,6138.206300329707,5618.768195477457,5564.782783064519,4143.6607204279335,3918.6502602268997,22090.952426018233
2026-07-10 16:00:00+00:00,121780.32351734978,114297.76790733406,128662.31014030958,13968.216171148608,20109.688303105162,20954.74966853684,9957.90827595104,6740.635963327662,6522.987433334042,5759.49065754471,5904.4315862010135,4374.7976277650205,4183.899206200481,23303.5186242352
2026-07-10 17:00:00+00:00,127595.81625487922,119011.28235809694,134935.55198586214,14588.147649958102,20867.88562321294,21888.198006895967,10485.734763852255,7062.79397117019,6864.269489758156,5991.174720099386,6126.282835692607,4698.842484043625,4356.624268447465,24665.862441748523
2026-07-10 18:00:00+00:00,132625.85415542015,124110.11176514009,140600.32766687038,15228.740602182772,21545.89932065099,22638.272643751163,10999.475356665136,7300.107024558483,7194.039483907177,6151.8907899274145,6311.8797293038015,4869.413227786233,4546.281331746773,25839.854644940184
2026-07-10 19:00:00+00:00,135944.03081286233,126569.19650376239,144105.59548801306,15802.11667402103,22205.914829011163,22953.72056225193,11138.582501013878,7463.950983383901,7458.417247501706,6208.694522575218,6452.735434227221,4999.293107956295,4653.128594793769,26607.476356126215
2026-07-10 20:00:00+00:00,137904.78536342495,128277.06552858358,146309.87509617882,16215.60007132623,22399.685434558673,23013.15262168499,11240.454269346536,7558.657733361329,7669.145888761264,6272.443651157777,6533.479793669004,5187.824918622365,4784.96897571103,27029.37200522575
2026-07-10 21:00:00+00:00,138241.68219340802,128464.62039496416,146816.99957179927,16195.477886045863,22443.281060989986,22911.0260894131,11159.60492377604,7598.679882533274,7804.878650884302,6292.205684165825,6557.558516996385,5248.76895729007,4743.677227819791,27286.523313493377
2026-07-10 22:00:00+00:00,137213.4216598634,127177.04352845284,146132.38052795763,16124.60683206993,22339.350540375235,22696.3965366863,11060.939409182638,7490.400893794416,7758.10851677864,6221.542903605442,6494.720359895204,5332.73032740389,4684.515964389986,27010.109375681743
2026-07-10 23:00:00+00:00,134401.75531102953,124175.93924616447,143876.57401445595,15942.627705075323,22038.884524824505,22341.36335516257,10625.445627727857,7262.407656069904,7585.487504716487,5998.815052157004,6283.618953343292,5264.688447655609,4577.803480244188,26480.613004052782
2026-07-11 00:00:00+00:00,129958.96767487717,120127.29387534324,139384.06078605462,15317.964016291062,21511.97811875574,21733.347650523083,10218.750474633314,6978.07173067874,7399.101913427454,5808.485059505253,5920.8799736084065,5065.2125713156565,4389.434674805506,25615.741491332963
2026-07-11 01:00:00+00:00,126806.80132237267,117498.73866754255,135729.0346501405,15040.575172754798,20950.316568231363,21215.05415502999,9935.69757378581,6843.4594080989555,7247.165141399271,5712.235282254376,5730.966853271063,4854.051557039899,4225.091964051161,25052.18764645601
2026-07-11 02:00:00+00:00,122683.9356980816,113924.30974123855,130814.42204235977,14684.182316842409,20083.715261148325,20946.479386267136,9542.913730967202,6702.877398207987,7015.141014418134,5464.163312170451,5460.722287663241,4663.244231222654,4079.45190469898,24041.044854475098
2026-07-11 03:00:00+00:00,115907.51020078156,107815.48012982428,123505.09958709215,14292.535865752949,19175.025390072908,19819.49442631037,9072.735150815131,6190.170223937864,6406.143543863895,5113.132382157236,5185.332733136807,4373.657674022031,3828.585260250416,22450.69755046196
2026-07-11 04:00:00+00:00,106687.80692360195,98816.8518633219,114395.48738453421,13122.632596872227,17985.370326685024,18362.006116334796,8305.499988470701,5792.0345270730895,5972.31633474973,4693.975216956241,4851.544126722711,3982.3419383184914,3459.00964254835,20161.076108870588
2026-07-11 05:00:00+00:00,99413.63134983598,92022.23383785365,106456.5791137919,12030.824673914956,16912.077843613904,17261.202501919834,7748.953110830799,5335.271941690552,5474.7296042046255,4355.262709654779,4494.424892601852,3684.9750878699756,3188.7652023692417,18927.143781165483
2026-07-11 06:00:00+00:00,93836.5460210484,87616.95211744774,100228.29755751554,11243.542631323693,16341.721121126435,16387.626121718313,7265.5733440168815,5014.9238180462,5289.884739735493,4104.114718444028,4232.785871082964,3396.6243741440285,3018.367145844179,17541.382135566193
2026-07-11 07:00:00+00:00,90241.82960626237,84513.14515454929,96302.78586796326,10759.40551108293,15949.600033589128,15912.079009468125,6993.210171333316,4797.997214655546,4995.186623722479,3985.9802116983533,4062.30738357698,3258.117083017885,2913.933268830679,16614.013095286948
2026-07-11 08:00:00+00:00,87380.75504567985,82098.8218315844,93205.27956092767,10350.549567528848,15579.021855004712,15395.736855744468,6817.844906554036,4696.440577971224,4813.441969044595,3901.9521482149426,3889.6822359236417,3114.652758055214,2765.0345967994326,16056.397574838735
2026-07-11 09:00:00+00:00,86389.7090943837,81451.48006543946,91978.188246,10103.62118788885,15337.14402616883,15380.497381567435,6674.406713753661,4682.495201221625,4764.032986063408,3866.894119358172,3892.3385571871663,3069.3778613810773,2746.639776424346,15872.261283369126
2026-07-11 10:00:00+00:00,86577.43849632402,81882.82549605425,92079.4766579241,10030.790468804918,15292.48209997676,15326.04472551031,6768.987474814882,4707.080365709529,4789.15523187977,3951.884195604192,3917.4507499610527,3077.8116121246508,2740.4496642061526,15975.301907731786
2026-07-11 11:00:00+00:00,86926.7913348083,82144.67137760222,92517.5064144142,10146.038973063463,15364.695671352913,15353.566935367096,6760.090369225917,4640.673420833635,4637.1295370063135,4044.666068643558,3947.1996881159394,3081.874052687173,2817.207032139389,16133.649586372905
2026-07-11 12:00:00+00:00,88197.13321346535,83204.637400295,93918.68981464402,10139.034198609816,15692.600956640923,15440.500185708286,6854.856690333981,4729.726537306045,4757.729181209335,4140.483574941264,4171.63324300179,3208.256616662529,2864.173114406164,16198.13891464521
2026-07-11 13:00:00+00:00,93900.94317677554,88348.64870897845,99951.27743655542,10507.413945733666,16483.313712912703,16421.005460343164,7304.474119752348,5117.186658884928,5019.911181858936,4445.138685120614,4479.68541139096,3385.6685264134776,3114.5542129271576,17622.59126143759
2026-07-11 14:00:00+00:00,100191.60310387718,93760.59612270736,107000.60396017558,11422.790918313343,17435.09095087506,17232.88996574093,7768.101281685256,5507.016114359176,5228.419741777861,4878.328366262927,4790.635863464103,3684.794265043853,3381.9946284173957,18861.54100793727
2026-07-11 15:00:00+00:00,106279.63972121055,98675.12920226085,114084.60200589267,12074.205003174206,18395.184239544236,18235.884438031797,8641.347165089948,5772.786187035623,5526.108351238726,5082.896626359188,5087.218195697398,3894.695702425954,3532.2438722192887,20037.0699403942
2026-07-11 16:00:00+00:00,112583.11885214414,103739.83654632956,121387.27549519119,12608.566302125255,19511.07475516809,19079.47817712728,8800.73618698073,6123.826035071028,5935.124952326001,5261.885426701349,5373.89792471753,4268.252747670473,3821.591297711722,21798.68504654468
2026-07-11 17:00:00+00:00,118419.17949704795,107901.00712778358,127902.5515237586,13362.10657501846,20160.63486589935,19971.95030854007,9101.179476953654,6475.13435207967,6290.968195200741,5491.236318368232,5702.6586331590215,4581.712344428168,3973.312245509352,23308.286181891235
2026-07-11 18:00:00+00:00,122488.34706524738,111691.03106337835,132730.8589797321,14042.326178596508,20827.440495738734,20723.72365467811,9438.95736445457,6640.888665991818,6558.711744680044,5610.7458118009645,5832.489769602733,4737.0650442588585,4118.394573350743,23957.60376209429
2026-07-11 19:00:00+00:00,126193.83681538183,114781.16969883982,137007.27436207773,14827.92796374741,21336.573255239742,21246.426235941537,9743.131484064337,6908.576366083891,6643.000839266153,5660.770576810955,5917.374852203043,4904.977310840886,4234.155746158249,24770.92218502565
2026-07-11 20:00:00+00:00,128722.98484292434,116824.8966481341,139733.46202261766,14949.25798407829,21574.635069716485,21445.079551200197,10036.084337950235,7072.4787005354065,7003.9764200718755,5731.344907875379,6121.237007391272,5012.487853598801,4352.96661838346,25423.436392122956
2026-07-11 21:00:00+00:00,129405.24562161043,117192.97988576378,140987.3449921178,15086.26781149564,21701.56349496616,21452.299261450848,10003.952106873514,6993.785064414807,7288.821133563556,5812.5054819928655,6178.153169000836,5098.8462806798325,4302.43017044672,25486.62164672564
2026-07-11 22:00:00+00:00,129507.03007719405,117828.95971465406,140726.16583622977,15052.46866901117,21729.06983953229,21349.674403375502,10049.187067276463,7082.714450095151,7362.817502006241,5775.366146762117,6100.070232368693,5150.704367961944,4311.386907693915,25543.57049111056
2026-07-11 23:00:00+00:00,127764.71036329337,116308.51520850867,139203.01193580165,15020.206755954125,21522.607557593958,21386.07352858494,9649.319748816606,6861.84558142196,7169.966626000374,5624.836772954004,5898.39391033576,5139.990944551664,4303.278747766744,25188.190189313245
2026-07-12 00:00:00+00:00,124446.165550678,113407.052546937,135638.91010475066,14700.291950040248,20974.707847090478,20814.899264080836,9439.616903955719,6668.364255282831,7019.172527725604,5433.749790386121,5661.33002599408,4976.353941504767,4224.320801847412,24533.358242769897
2026-07-12 01:00:00+00:00,121484.85137762222,111010.20341103284,131958.6589193644,14328.029691783031,20629.340334191544,20309.962880115225,9260.301524199167,6657.9507733285145,6862.167807968675,5300.317676199573,5505.219964483126,4809.599995514102,4070.7559169807278,23751.204812858567
2026-07-12 02:00:00+00:00,119177.13654591801,108813.00633519297,129339.20928297055,14203.385041837773,20002.44719529823,20260.502083847074,9015.623226284932,6562.72388823185,6698.884596081204,5196.990624120339,5315.111724361599,4591.37715529638,4038.0788234095767,23292.01218714904
2026-07-12 03:00:00+00:00,112080.2016413844,102158.29704647491,121397.96047465924,13829.345122770626,18962.996628906225,18773.733523243787,8516.363299839932,6045.64541310275,6383.463537964471,4960.283623714948,5101.340042217716,4320.166730562292,3690.5879393886057,21496.275779673026
2026-07-12 04:00:00+00:00,104740.43669113539,96586.46651258755,113910.73684720145,12794.283291616364,17952.31174638531,17994.05378065414,7938.326255164664,5702.314280946039,5884.191262168933,4569.390103599788,4797.903187852221,4005.0833056406836,3460.167961351318,19642.41151575594
2026-07-12 05:00:00+00:00,97415.79152071176,89983.80949398347,105384.76322225791,11814.09632822109,16926.346960387702,16880.202219969968,7408.164272897276,5208.396458506962,5429.508705028183,4173.979478459731,4442.246470431726,3695.7416181293165,3167.4441119386684,18269.664896741124
2026-07-12 06:00:00+00:00,92154.23024099063,85672.64102881882,99228.67333016275,11214.952100382776,16271.88871148507,15973.338785774304,7050.6943057338,4863.549103106531,5155.842571412631,3970.820425248538,4202.780081782619,3416.5936130474183,3006.6399008726717,17027.130642144268
2026-07-12 07:00:00+00:00,88566.37933661552,82618.89579203809,95074.33293238028,10541.794161295045,15939.548621752041,15565.675721787262,6760.133266646308,4666.234504254139,4918.245352107065,3845.3837181509057,4037.050032626028,3236.959487692754,2899.6156134052458,16155.738856898717
2026-07-12 08:00:00+00:00,85491.99602475554,79976.69388446878,91944.55219958027,10122.226408498444,15490.911503041909,15009.378597399686,6495.636415163784,4574.578536952768,4766.71293969858,3763.953981158125,3848.0884335216574,3088.204195316575,2784.0600213465605,15548.244992657465
2026-07-12 09:00:00+00:00,84191.20475207671,78839.27491440147,90209.81288272564,9853.33959186403,15226.716096929365,14848.561544824941,6451.154456640781,4533.5717009292775,4616.558778717053,3755.0989065280464,3842.040818208099,3034.1011039246587,2704.294632210101,15325.767121300343
2026-07-12 10:00:00+00:00,83832.7812511648,78708.33015085958,89857.64441180954,9792.916798937391,15175.196624260418,14759.856138678315,6423.081601026423,4489.783396971962,4591.3228465375205,3758.817952425941,3801.8644659857114,3026.915728095158,2692.2923221735223,15320.733376072429
2026-07-12 11:00:00+00:00,83655.27423133078,78639.62421954107,89822.65703961278,9810.783132633864,15136.233158564963,14705.703879236524,6357.523893582313,4447.936316991492,4486.174040937832,3865.6498715454895,3832.5888660476626,2987.872094611077,2752.960958293139,15271.848018886414
2026-07-12 12:00:00+00:00,84717.03705880973,79678.40239231511,91062.89968456472,9635.312209773769,15543.219464486312,14813.532260791839,6405.290854758852,4513.303759380733,4561.172606503977,3929.9344803020454,4003.994655677939,3104.482630983539,2761.789116462107,15445.005019688613
2026-07-12 13:00:00+00:00,89722.19960403157,83981.13438463418,96650.88650379,9736.764287557797,16180.385888945373,15766.126264842504,6902.147682135695,4910.6208000646175,4721.548703336235,4198.750047644314,4330.479232490342,3276.0668075922754,2970.8580568520965,16728.451832570325
2026-07-12 14:00:00+00:00,95771.59946182846,88767.96143577053,103634.4441231952,10634.293514191984,17145.593263126124,16641.305213066622,7225.413639617999,5309.062115931778,4895.282499785726,4568.968007964624,4603.938992864623,3550.555623945733,3193.8914684375923,18003.295122895648
2026-07-12 15:00:00+00:00,102187.57788618615,94538.54413985953,111240.26779507456,11549.364220889838,18126.826096270815,17582.502148403582,8143.726366257188,5597.917778040079,5183.988330728896,4783.91889414574,4995.364384682081,3785.9554008252553,3402.2448686022117,19035.769397340468
2026-07-12 16:00:00+00:00,108654.57190385365,100004.1561492605,118387.7904567252,12047.315886343327,19309.729914079635,18557.066331086357,8406.353393749407,5913.775148056272,5692.966302638271,4967.442302124394,5312.7906939304,4083.2484624577373,3642.895650704226,20720.987818683614
2026-07-12 17:00:00+00:00,114841.41292804942,104931.95729776095,125530.95808141622,12812.639892627674,19978.1916661275,19490.90892010414,8721.143845872451,6328.030416698983,6077.035096650707,5173.429181965305,5536.535628834159,4377.821765796268,3893.7654837702553,22451.911029601986
2026-07-12 18:00:00+00:00,119731.82921325418,109265.22795290787,131295.16486371603,13842.747926274618,20704.81767556441,20195.03767737056,9119.721075856572,6590.115039805332,6387.385278908604,5373.8626396674035,5784.876282028711,4586.563332942298,4015.9683392471316,23130.73394558852
2026-07-12 19:00:00+00:00,124005.71940090414,113114.0826864545,136072.18000789784,14601.384099606905,20991.562950443258,20837.167872872204,9557.730866955628,6725.073217313274,6656.915538595235,5510.555390309819,5920.485119547245,4833.22112112116,4139.426154641012,24232.197069498416
2026-07-12 20:00:00+00:00,127312.53262155173,115799.08471454556,139522.05837254474,15037.308717594778,21339.204293612336,21238.13900821514,9896.405484373532,6848.042253579178,7040.776628591611,5603.034452700986,6063.902679616382,4937.8050723119895,4182.983637288683,25124.930393667106
2026-07-12 21:00:00+00:00,129274.15392615418,117455.42325678554,141530.06056928632,15419.952125278685,21713.773463261874,21482.917001347658,10022.43861609161,7004.31469259088,7284.081285195321,5687.424523677866,6177.141140868519,5017.960454572897,4251.933565010479,25212.21705825839
2026-07-12 22:00:00+00:00,129782.7252277626,118452.6342207352,141731.22985548535,15413.056762721604,21795.5312428158,21471.820554109643,10056.552509493686,7042.551711053312,7295.567069307551,5676.762794325116,6136.865533438895,5182.231147900499,4337.771751371339,25374.01415122515
2026-07-12 23:00:00+00:00,128562.99233541683,118198.24234726447,140749.11949069792,15420.191406575908,21420.552158289298,21448.708074812985,9783.499966102252,6876.575738742506,7221.803281297301,5602.754730550345,5996.633000907836,5181.360279304911,4356.157261621882,25254.756437211632
2026-07-13 00:00:00+00:00,125428.83269872601,115421.0067551488,137587.73384166518,15036.582275142517,20898.94384865616,21131.003507205245,9553.59032140403,6704.425241072813,7022.280076327622,5433.2754975331,5744.029950026012,5007.404888302309,4311.581666385288,24585.715426670908
2026-07-13 01:00:00+00:00,122630.0752444379,112896.87239553491,134332.92516452965,14844.202686650104,20522.372034790886,20562.20271847131,9362.055031870756,6638.571896946418,6908.4145665790875,5314.838361728044,5532.224614188054,4838.323622813716,4161.657309531748,23945.212400867782
2026-07-13 02:00:00+00:00,119972.58625100434,110551.42773891467,131304.5554593618,14548.036625828307,19986.817472709758,20434.971946940288,9135.111299355653,6434.847249661726,6691.812225388987,5158.117373330343,5459.220086949707,4665.77870668935,4063.1933036462715,23394.679960503934
2026-07-13 03:00:00+00:00,112307.86662075916,103525.87014651572,123347.84262137923,14062.002706843181,18920.067121547192,18879.02145874405,8552.58740485117,6022.70522015498,6321.763988955389,4911.961742052799,5137.80905274122,4354.983328468949,3677.4397497498594,21467.524846650376
2026-07-13 04:00:00+00:00,105922.71112701266,97553.58642823478,115509.54998383379,13068.917084723278,18016.318806206276,18164.277311837825,8209.344302886291,5704.863422352146,5885.587756832006,4630.8471178257805,4915.947482701364,3947.4279394910072,3418.7286480458993,19960.451254110794
2026-07-13 05:00:00+00:00,98524.9752952717,90704.60412077187,107608.36137490968,12259.470215711824,16871.860669699527,17101.610930543346,7648.260798806221,5250.819556571524,5499.331461995381,4302.198227813514,4465.9491913712955,3620.1936854045844,3169.2502926133043,18336.030264741185
2026-07-13 06:00:00+00:00,93453.05702306502,86397.54640894648,101627.45508593445,11317.136711064888,16324.534960757877,16352.340235368367,7300.440021814851,5019.63220800458,5193.0793363862485,4133.014320661733,4208.766660304822,3419.829097998358,2966.6691158649173,17217.614354838373
2026-07-13 07:00:00+00:00,90204.69928217406,83721.97577393455,97926.45161121665,10811.752649001335,15757.967340455127,15857.758693016269,7058.760157855773,4932.537203475005,5023.479634679341,4027.1132802108777,4046.571360524282,3257.7869267435276,2842.017677246194,16588.954358966326
2026-07-13 08:00:00+00:00,88243.45808882946,82129.12078952094,95578.69496598243,10373.90324599409,15588.764282791835,15660.165729812757,6854.177947419736,4775.103787645817,4828.200012527969,3974.272081617973,3940.2855505051302,3127.3920414184754,2797.504088719663,16323.689320376026
2026-07-13 09:00:00+00:00,88150.05567445663,82494.42750324612,95127.68872127442,10307.389510067402,15581.858874060708,15578.437646563478,6912.462964127047,4799.123985939702,4854.4062627766025,3989.9952663143895,3939.9704715585854,3167.588032208181,2812.2766014407025,16206.54605939983
2026-07-13 10:00:00+00:00,90485.55874726681,85110.86387034952,96924.48631383145,10450.007062760567,15745.131404205235,15991.527707886555,7107.884111042232,4938.173365378668,4951.371890761961,4169.661066443708,4095.022748440749,3282.4350261225313,2982.0123823625368,16772.331981862077
2026-07-13 11:00:00+00:00,94659.2792409179,89490.71401096968,100704.51070393925,10852.396253391566,16240.97189984207,16646.385648087627,7448.613919287102,5208.047670091579,5065.41535410227,4519.728545117541,4372.706565045754,3395.6410185004875,3197.378635227575,17711.99373222432
2026-07-13 12:00:00+00:00,98920.82535810079,93736.86648123577,105048.31742486612,11579.475603409373,16653.919131101615,17271.817124544712,7885.07591124287,5461.511128383806,5316.930147779507,4820.743566923871,4665.609658277709,3552.4145804902864,3388.954449132375,18324.37405681466
2026-07-13 13:00:00+00:00,103654.48189082598,97738.20057173807,110632.7512071482,12183.893642275156,17290.089524888666,17974.30981415622,8275.036439164029,5701.617356775613,5491.807180044844,5095.472063844749,4912.367450871238,3724.205209360332,3623.206770347748,19382.476439097372
2026-07-13 14:00:00+00:00,108447.63599518851,101334.11340324629,116492.24684950402,12730.66866855583,17969.924876277615,18752.356119498043,8775.885112678581,5929.138890110143,5811.844302854489,5275.747068156995,5250.765672919272,3903.6674865246846,3715.3097041913416,20332.328093421496
2026-07-13 15:00:00+00:00,114692.19572155042,106456.20593903898,123776.73656101577,13538.21646710727,18982.76208857556,19727.865425541233,9363.341964626065,6348.222783541377,6097.419995409001,5624.529787615775,5508.500802525119,4034.2177263722137,3873.8759810710544,21593.242699165752
2026-07-13 16:00:00+00:00,121098.33487182015,111472.67140455762,130912.62890622826,14378.513863556374,19837.38525895809,20736.784119252265,9738.068849007319,6631.814858977716,6500.160833069945,5704.749261696135,5910.917316523594,4335.379523678563,4082.0103454854607,23242.55064161468
2026-07-13 17:00:00+00:00,127049.9091870763,116534.08409374714,137879.52223692203,15163.338609925246,20835.406605309614,21491.946625099714,10263.496690892136,7004.912692572166,6770.686197255621,5897.662605018387,6094.52200049211,4612.981307271181,4315.1435437806595,24599.81230945945
2026-07-13 18:00:00+00:00,132556.35026678635,121106.11546834797,144271.12614620116,16356.584161922672,21543.522729140044,22496.4445304391,10732.636818702413,7214.5187632246,7180.268067658441,6033.39133537836,6350.781192328496,4834.040815925091,4459.189469311387,25354.97238275573
2026-07-13 19:00:00+00:00,136097.88308460513,124048.23779866975,148246.59432611932,16804.77384169313,21944.508708353933,23051.66965822233,11063.597275540653,7411.08388023704,7385.750609583062,6157.210955921775,6411.922501920768,4998.609051026283,4509.026140458018,26359.73046164812
2026-07-13 20:00:00+00:00,138648.9406629611,126343.40243817674,150612.31403835962,17167.597343413312,22363.392429461397,23239.7711243775,11126.60333790529,7524.508408401928,7530.615898670482,6212.656146140694,6534.048873565659,5098.802068693958,4640.271557623034,27210.673474707848
2026-07-13 21:00:00+00:00,139327.9536573821,126294.1952380333,151277.9119934488,17318.785140175984,22495.96713879218,23210.434673564243,11084.577914556367,7637.824496320886,7584.9538469419895,6233.418488852627,6597.79625592319,5253.477925716188,4699.291154048675,27211.42662248976
2026-07-13 22:00:00+00:00,139505.70177858177,126355.17651973867,151786.79357907735,17418.671442361418,22485.5684411278,23156.89169584627,11075.533231394822,7579.308056117299,7705.8279469105,6181.115299063043,6614.84005903627,5402.304405528401,4739.493124048478,27146.148077147496
2026-07-13 23:00:00+00:00,137198.62877601525,124388.95685745019,150083.49446241357,17192.3698313376,22108.452714333704,22927.558631739386,10760.70611732685,7401.003846429331,7644.739250961865,6105.827913336701,6419.561807635359,5307.5095708525305,4638.322725884854,26692.57636617707
2026-07-14 00:00:00+00:00,133352.14258577887,121386.65680873487,146095.62287386484,16503.536724899248,21541.446133776368,22306.788357827576,10396.507611048984,7234.742168781742,7402.553041254707,6004.310582757171,6168.082265426366,5154.701070555503,4531.910554995306,26107.564074455902
2026-07-14 01:00:00+00:00,130184.10706384863,118533.00564710455,142551.9555601976,16006.638263272234,21163.078409881757,21866.629776916394,10156.943603762375,7127.069699663298,7289.778230348409,5873.9835253890915,5911.509174008877,4951.13617070219,4225.798458261808,25611.5417516422
2026-07-14 02:00:00+00:00,125718.26637108898,114524.91438623035,137818.56369533885,15580.617126856485,20272.585496075,21444.819668781733,9879.362108493557,6879.282299492277,6960.334403212408,5578.9929577334515,5719.925319754202,4789.79752482446,3986.913687112973,24625.63577875243
2026-07-14 03:00:00+00:00,117554.46623941415,106924.79625481133,128673.97599203659,14806.411549167547,19263.492152301977,20038.332928543576,9273.64667269278,6292.6944742084515,6446.86164150854,5230.847426342759,5300.055428002533,4444.884222243625,3776.564937977097,22680.674806425268
2026-07-14 04:00:00+00:00,108510.19967072409,99386.3467650196,118510.67818561355,13759.85577458643,18198.243787449363,18686.622763677955,8522.778373378698,5822.997197783137,5959.588913106713,4833.021516304021,4952.973263132133,3987.0838171988703,3431.810068340433,20355.22419576632
2026-07-14 05:00:00+00:00,100648.55038008193,92377.64960719715,110492.08749431116,12640.623001072463,17032.757727882272,17625.860075511813,7922.398666415649,5370.917657435997,5533.526111614992,4548.709448618052,4519.773367864718,3670.9086968244205,3172.984686830555,18610.090940010974
2026-07-14 06:00:00+00:00,95484.58706784245,87968.8773371553,104283.7180647162,11680.060672338937,16394.922254144614,16837.813831355652,7535.056659219745,5149.020430600508,5231.135234184377,4365.752529681338,4287.80870403253,3466.8598523004193,2907.9097714570516,17628.24712852729
2026-07-14 07:00:00+00:00,91691.21532527359,85049.51851304877,99933.02463439142,10966.785760022083,15814.167703534282,16252.876381243208,7315.606363405475,5029.103430993148,5074.055966242412,4229.142847374323,4050.594146960511,3255.978449091498,2829.772814261316,16873.131462145324
2026-07-14 08:00:00+00:00,89901.09778962133,83769.03712553577,97679.5085507792,10576.994519915244,15660.474045233283,15978.625500709146,7146.796994174625,4915.1087329097,4954.61359310251,4156.572083531441,3990.6808031152214,3138.3468628626615,2785.1328609858124,16597.751793081676
2026-07-14 09:00:00+00:00,89315.26282785696,83264.63466517454,96687.738298186,10454.073060874764,15627.6201171918,15860.979602138934,7155.089949233761,4856.225740200041,4863.893957107686,4162.145849185558,3985.760676552367,3156.6338810313487,2796.5872526852872,16396.252741655422
2026-07-14 10:00:00+00:00,91453.66762535952,85817.0177673231,98284.90202994805,10502.705453277007,15765.353286661115,16261.153732848394,7334.562879671423,4998.073618263011,4948.093260944715,4343.016495887142,4145.108395244184,3239.277654408847,2987.702498638418,16928.62034951528
2026-07-14 11:00:00+00:00,95422.82649361088,90139.13937732279,101600.71034064033,10940.40721365207,16279.930921048806,16864.88989166954,7662.230861569258,5243.159041449692,5053.84409448475,4665.284219780329,4383.4150380229385,3380.205523439117,3142.897805635055,17806.56188285931
2026-07-14 12:00:00+00:00,99556.47323688363,94156.00061163786,106046.84813570954,11560.493710994713,16705.370352031136,17369.32539772475,8048.828615031505,5522.048460219393,5304.089286761357,4929.699169228433,4709.301991978826,3549.9082885898256,3398.4618582582066,18458.946106065498
2026-07-14 13:00:00+00:00,103717.19471216419,97541.87270517138,110965.72374680357,12232.285225437208,17185.217251537208,17867.137913581348,8411.157666619161,5717.293356935832,5465.922500855145,5174.836953835527,4990.025875234416,3719.6237997637104,3638.0831562350563,19315.611012129564
2026-07-14 14:00:00+00:00,108817.45033257692,101413.29159979544,117527.2590271459,12994.272265785337,18012.06693519286,18730.970028989137,8870.60326192866,5931.114643580716,5749.192628682087,5341.166364857005,5318.013138063789,3919.140356102908,3694.0043606900645,20256.906348704364
2026-07-14 15:00:00+00:00,114742.14790298115,106202.85269530224,124198.19906349828,13706.174626735625,19038.815206033953,19606.260349764667,9376.511482925143,6364.075333455042,6014.663018183194,5681.6049894554435,5597.798150584364,4018.837786469149,3845.871089534449,21491.535869840107
2026-07-14 16:00:00+00:00,121148.57392781696,111404.45611013807,131295.9298987192,14258.427499068215,20057.67882154751,20631.629290080567,9729.899255644985,6685.746483244759,6443.456498234006,5791.895553903248,5899.369784990033,4367.508656075235,4055.9656368444944,23226.9964481839
2026-07-14 17:00:00+00:00,127318.95075508741,116067.95058478962,138518.9574254103,15131.253860069906,20845.494094364192,21515.377149890803,10350.991690450617,6990.627093671074,6765.812559795754,5996.956463425916,6091.366928228719,4630.5796938835165,4319.289374459193,24681.201846847733
2026-07-14 18:00:00+00:00,132192.36570253837,119566.38584755079,144201.64972615923,15820.04203783551,21602.52429990066,22358.09134724154,10788.179752896958,7201.771161887604,7148.437971693085,6190.846179417055,6372.170537742896,4837.154981179277,4487.280804682136,25385.866628061653
2026-07-14 19:00:00+00:00,136192.26468260822,122490.62326752853,148642.35044724343,16736.365169732155,21950.261485008166,22948.007135639888,11062.851888087687,7374.662293076251,7388.834150080904,6266.759305783601,6450.535446610227,4996.473110415269,4535.104878218036,26482.409819956025
2026-07-14 20:00:00+00:00,138564.50414194827,123883.95514883442,150775.76298470842,16986.519091356397,22401.861594345126,23155.426767271125,11120.72498885154,7533.166471036151,7583.776255982159,6320.859950153478,6545.456552368224,5084.7625697551475,4659.283271842972,27172.666628985968
2026-07-14 21:00:00+00:00,139555.7453811192,124539.2940934046,152024.46982141578,17198.87408861769,22574.549580425788,23200.729942189966,11113.898125472018,7652.880613590424,7722.251430534612,6341.6556953619165,6643.524647905449,5237.255863084028,4721.7096664065075,27148.41572753082
2026-07-14 22:00:00+00:00,139525.7085757438,124619.427943685,152363.81109269874,17243.617729588615,22559.368170502974,23067.568520405755,11043.889323293302,7622.23604710997,7809.906035937575,6310.174778578803,6588.991893335152,5390.415644910303,4738.888734493488,27150.65169758786
2026-07-14 23:00:00+00:00,137181.52768216853,123333.34635407409,150352.53113932005,16987.826909460087,22297.063611648966,22701.21672143255,10791.966720235476,7445.534478684587,7705.949500055253,6195.729043145597,6492.520276928938,5378.6381004867435,4632.359982502236,26552.722337588104
2026-07-15 00:00:00+00:00,133488.27466966666,119907.75661233047,146559.13495182816,16302.03916614444,21766.20039681091,22255.756972404328,10409.863251168937,7258.956195750328,7515.0758084040235,6088.358995599815,6194.592556484011,5179.404954237754,4512.596930452696,26005.42944220942
2026-07-15 01:00:00+00:00,130272.3003464643,116963.9818334176,142747.15713243454,15869.866920004615,21358.57537936292,21756.90563547774,10140.15801118356,7139.017929987322,7403.894264331725,5984.668752586502,6009.637311608348,4964.90480738444,4230.175029698189,25414.49630483894
2026-07-15 02:00:00+00:00,125604.91377328895,112831.73983645791,137667.5091196983,15329.338443836357,20545.95070721786,21306.062880268077,9878.546514018368,6854.925621765584,7072.023136781809,5648.751780940191,5702.841173520284,4779.0330234672965,3996.1226944903397,24491.317796982785
2026-07-15 03:00:00+00:00,117409.0193867505,105659.54152631306,128333.3381773238,14708.736916283491,19407.66367119158,20102.962101092005,9297.94458305823,6323.279717078315,6508.416397398688,5279.049593186496,5256.50027650935,4469.378263782434,3771.887255808966,22283.20061136093
2026-07-15 04:00:00+00:00,108099.90775917502,98847.60852907662,118491.64599833387,13495.000168788558,18234.839518919478,18456.838722957556,8489.26780006836,5813.585118387269,6039.1235263268045,4865.3218905657895,4972.146880505219,4043.5886858684985,3438.649731491877,20251.545715295615
2026-07-15 05:00:00+00:00,100482.80711207756,92257.94818757323,110245.59203650079,12400.209705545056,17084.356589011288,17574.85416641706,7895.505914843327,5339.0724371598935,5570.835815832317,4560.393685492967,4534.301798851846,3721.0611580338564,3188.6148294572404,18613.60101143272
2026-07-15 06:00:00+00:00,95286.47380106262,87922.2167680408,104069.49925672243,11514.409324056902,16492.988070308977,16666.12342809029,7530.615420060229,5127.674786625239,5260.232559136234,4375.598876172979,4314.88330885538,3482.968166799371,2912.4949740705533,17608.484886886457
2026-07-15 07:00:00+00:00,91685.8232527288,84866.04166678144,99812.52470161233,10965.915207552765,15833.586401279928,16173.22302969429,7268.8452352895865,4998.596264850142,5110.9671919754965,4237.965453266374,4070.9742412946925,3299.318223154349,2834.8723313457212,16891.559673025466
2026-07-15 08:00:00+00:00,89897.88747706075,83660.36655642102,97611.60715598619,10526.090893202758,15709.351189093286,15891.059062796854,7166.612148853864,4862.985187784715,4912.528161469739,4189.192239898523,3980.596287873761,3181.7875344981426,2785.5843401219236,16692.100431467195
2026-07-15 09:00:00+00:00,89512.68167351818,83594.07130620453,96929.87091492036,10383.043012335589,15581.428551908291,15891.817658554914,7161.92298425445,4876.079920415464,4904.351393849434,4199.400472850208,4027.491196836264,3194.2923439193,2808.679513536451,16484.174625057818
2026-07-15 10:00:00+00:00,91568.72380257549,85967.63519800424,98766.47374398731,10407.606682624677,15895.001431313158,16184.434787187456,7277.827586918706,4994.905948344988,4988.976169248242,4388.546674107388,4182.496482792974,3301.585646440376,2978.2165216375843,16969.125871959935
2026-07-15 11:00:00+00:00,95583.82189201479,90433.46843208572,102229.10045630555,10825.412875543798,16347.63179609898,16837.806390966904,7583.279769231304,5241.139825666428,5180.477680269609,4701.953816094612,4434.147061465623,3418.837597038174,3156.668244195017,17856.46683544434
2026-07-15 12:00:00+00:00,99526.2231299826,94164.32293091954,105982.04652242246,11398.025470957138,16687.877424282382,17240.95053226178,7995.0574438362655,5497.798617232987,5428.440980700284,4968.904413023888,4729.984712108985,3577.8016194600295,3445.7889271898066,18555.59298892904
2026-07-15 13:00:00+00:00,103707.24559525034,97576.97701202346,111002.16476048238,12082.956593464169,17263.773357299367,17804.40126043683,8358.894125512394,5680.790956096818,5547.341051411829,5212.591082762078,5006.819940220347,3749.1378347692994,3637.5897723402613,19362.949620936957
2026-07-15 14:00:00+00:00,108800.32563986204,101502.56915712265,117330.076778707,12986.340806536256,18005.498600878953,18496.58404572361,8778.511903343044,5874.262124978472,5851.594554495029,5384.329064562504,5358.736502266481,3935.479005022478,3715.791396901347,20413.197635153865
2026-07-15 15:00:00+00:00,114679.08743673345,106373.42131150031,124686.37573171972,13672.893988900361,19114.521872850375,19391.328157611577,9224.316614429927,6299.153394009279,6153.420241304602,5704.760455916997,5616.794839853688,4132.693186992573,3901.5002843499215,21467.704400514154
2026-07-15 16:00:00+00:00,120927.81168916158,111046.64202262778,131597.58114003425,14110.446800462902,20163.47384999035,20412.106367762724,9586.684404369666,6598.878993892769,6529.379207515766,5777.731037313514,5987.3869192561015,4399.797324840442,4099.945767466111,23261.981016291247
2026-07-15 17:00:00+00:00,126673.51274264381,115173.23972340366,138584.84091604507,14824.106942111634,20846.49570470469,21203.37537082621,10070.21187879745,6923.163538705577,6884.022852635027,5981.8716598132605,6165.854722968725,4692.287757162022,4330.360157577606,24751.76215734162
2026-07-15 18:00:00+00:00,131466.4076553001,118396.08777690052,144429.92778993282,15571.656709108478,21579.641679791563,21893.418773137633,10527.808681408002,7141.335523757795,7222.084595798204,6167.114902989527,6426.483893974051,4901.5903925491175,4488.387409198417,25546.88509358732
2026-07-15 19:00:00+00:00,135480.30892861256,121755.24965870215,149265.48390902265,16261.15619952519,22001.57688979313,22536.466833686012,10869.852579948085,7303.670080981984,7500.61420599685,6245.532433586933,6498.514228544951,5102.40849214973,4658.124120526956,26502.392863872723
2026-07-15 20:00:00+00:00,137861.75624715613,123876.24612299555,151312.18746360895,16667.182437388776,22316.926157518752,22738.063103215503,10983.630516504929,7444.2315226508235,7607.586745440424,6307.224508962756,6618.329486631088,5206.68341432036,4681.478385278343,27290.419969244384
2026-07-15 21:00:00+00:00,138645.65185195467,124093.28645438909,152620.79640990988,16753.894731083677,22453.62887660421,22865.865410588267,11001.358926549385,7493.912919889742,7749.50262134571,6320.361264482532,6680.065128115391,5296.153955713055,4754.5364846994735,27276.371532883208
2026-07-15 22:00:00+00:00,138386.70520388393,124319.07674462193,152482.25382059114,16864.05338820549,22379.704069581006,22698.19569807494,10837.11543053754,7501.162665294249,7808.429309766462,6241.279990050955,6634.684390066877,5397.153056854248,4745.159818119765,27279.767387332384
2026-07-15 23:00:00+00:00,136243.89679287834,122479.86252385132,150787.87414183104,16734.35741887369,22245.006340551154,22380.8274989019,10572.557548394867,7373.036540135196,7743.6523433182565,6151.978429745521,6465.77710797397,5331.1197187614825,4629.699252102734,26615.88459411957
2026-07-16 00:00:00+00:00,132647.47008207272,119236.72661257419,146775.32652864925,16007.82987726766,21708.475455658252,22024.40690099383,10210.24755077011,7210.087877726954,7590.871353721759,6021.026549469723,6177.91847900559,5152.228193404077,4519.820143796473,26024.557700258287
2026-07-16 01:00:00+00:00,129524.07568175843,116816.2460563445,143295.96733411626,15632.156551052753,21202.349606938533,21683.80320087578,10015.088620423565,7074.315859419481,7460.575963215254,5897.0196525037245,5944.928490306732,4950.234857400978,4258.612066525217,25404.990813096414
2026-07-16 02:00:00+00:00,124997.44758698197,112666.36530039438,138514.014012319,15145.077242472189,20303.21743096867,21176.55511088488,9723.996459708975,6740.788572729247,7112.475151391866,5651.446131903288,5682.20350217796,4830.362867971108,4026.048535379923,24605.276581393864
2026-07-16 03:00:00+00:00,117127.98357224307,105744.6053189228,129538.60187123985,14436.805300161404,19373.75272817935,20016.625849751697,9209.23561681303,6265.40103774431,6533.960272969407,5288.608378861928,5262.803414250172,4471.0356738433375,3793.3069644382704,22476.448335230172
2026-07-16 04:00:00+00:00,107697.88578697924,102454.33483709751,113116.75797321738,13358.67295701,18187.67449678594,18366.5175292059,8392.127043174318,5777.769239786543,6032.989944682132,4845.599492954742,4967.491103870999,4001.909267965238,3466.2902151580947,20300.84449638532
2026-07-16 05:00:00+00:00,100021.56405109863,95485.43400189329,105347.65298137578,12235.773507116806,17175.756148146473,17266.153900714904,7896.937597051274,5343.218550631583,5599.610648727054,4584.386427973904,4542.385924508426,3652.516454689805,3196.1686722202135,18528.65621931819
2026-07-16 06:00:00+00:00,95389.54457021577,91109.72725090357,99916.61951307418,11409.176049309452,16521.38577889621,16651.274785196383,7536.547890817839,5131.748305399764,5291.29680581492,4414.447183821382,4340.114845496001,3461.682817865279,2946.8574786025315,17685.012628995995
2026-07-16 07:00:00+00:00,91692.29771268234,87772.49904745241,96106.7547733235,10831.217436549869,15929.48950785373,16136.50933484122,7219.732661881088,4966.234208056467,5130.0262907919,4266.773107379994,4098.492116341548,3282.3545065923977,2850.529612470896,16980.93892992321
2026-07-16 08:00:00+00:00,90057.05375028287,86217.17062620852,94174.12619931223,10410.680118776836,15771.699835187912,15911.654515056976,7132.947820491617,4833.263063892022,5005.447510290337,4226.03866240259,4017.5947144957563,3169.6219313321853,2797.9422446965036,16780.16333366014
2026-07-16 09:00:00+00:00,90051.71195768654,86396.3128202308,93878.08162469901,10301.24944109506,15794.952743593627,15924.184830834673,7142.5103877532265,4833.5026371601,5001.15072549081,4244.903924471285,4057.766817471028,3183.5254021349174,2818.2868920543783,16749.678155627425
2026-07-16 10:00:00+00:00,92105.49133042192,88590.79718459076,95669.84039807798,10285.413203020722,16096.112971162884,16249.557820193693,7297.995261091384,4991.166471349326,5116.3480393307445,4441.114346060114,4204.724558642673,3300.2486132612116,2981.9210053044108,17140.88904100476
2026-07-16 11:00:00+00:00,95860.2635848051,92603.68070145589,99256.10804430887,10700.144290638931,16446.134696670724,16945.514582889333,7615.914213734159,5218.574971532623,5193.113448848116,4745.150616754087,4458.663561611218,3402.437030245618,3153.67180775805,17980.944364122228
2026-07-16 12:00:00+00:00,99177.51406392013,95883.49079673828,102719.65021670112,11190.433948351103,16708.36751279921,17242.88421904503,7971.366802552956,5450.7732359905,5493.86966985719,5013.147151812404,4675.415698734061,3558.1130723260962,3313.981859167619,18559.16089328395
2026-07-16 13:00:00+00:00,102696.12127626002,99145.93417464709,106091.68077709276,11823.829545585919,17244.206049618617,17624.29057073591,8290.663773788501,5636.939592772363,5477.0868657646315,5227.060573557809,4845.620114091109,3674.7055735822796,3599.3364222514606,19252.3821945114
2026-07-16 14:00:00+00:00,107436.42511298737,103317.95448196527,111409.22259140477,12557.165764271362,17981.125120371926,18340.714168134484,8603.126191728566,5830.256449671773,5800.397585520069,5402.684300325214,5214.080415179598,3835.810738291499,3658.7799341015743,20212.2844453913
2026-07-16 15:00:00+00:00,113049.67144269947,108231.09649800642,117996.35157055478,13212.584843616125,18871.207158263824,19111.54771279152,9134.275321823257,6209.9283847123215,6097.593071725759,5684.940150750143,5476.452673599589,4034.083897074998,3809.2671313471083,21407.79109699482
2026-07-16 16:00:00+00:00,119766.50431310658,113915.88101740925,124689.41899116572,13883.288861338624,20017.281313252883,20240.366267459453,9563.91040229455,6521.180255984078,6500.419956401521,5808.042949323401,5803.453922876742,4374.678631780298,4012.12122954633,23041.760522848726
2026-07-16 17:00:00+00:00,125750.19216194811,118995.88335377933,130660.63551696541,14770.599089316569,20935.0718949943,20967.396052892484,10100.267557896217,6789.230708332699,6861.339365697523,5978.876664893269,6036.374589913256,4625.522263442169,4315.487909800714,24370.02606476891
2026-07-16 18:00:00+00:00,130958.96382054969,123796.49062632128,135239.30148323913,15626.21452173017,21564.889694400765,21883.29384172791,10604.472331982159,7013.127173346601,7226.4786060067645,6162.465617909075,6279.9040671548155,4837.17627149069,4463.178096540146,25297.763598260586
2026-07-16 19:00:00+00:00,134868.48720407256,127040.44121716694,139084.37431226045,16237.64664095109,21930.882121009545,22577.221422060713,10927.076434448683,7174.314601099872,7575.29463775544,6275.175264540508,6366.611338874967,4996.192828151356,4542.638526041609,26265.433389138772
2026-07-16 20:00:00+00:00,137897.4718356298,129269.03365148147,142143.65735670665,16754.37916691497,22236.903832201726,22804.047094825964,11060.846972745045,7388.84197061672,7784.125226319437,6344.697278561088,6525.591289379826,5187.828073470491,4648.348635198132,27161.862295396448
2026-07-16 21:00:00+00:00,139121.24968824137,130194.93817164081,142839.67103104864,16847.781167005654,22514.694386632753,22955.28483235331,11067.194293773937,7411.975492014304,7933.122422525968,6345.43040728602,6613.4728952165615,5250.077510999978,4712.698398686155,27469.517881746735
2026-07-16 22:00:00+00:00,138991.31613755532,129915.5804446064,142524.99955216591,17047.598037590113,22606.09972038348,22860.817978612,10935.820190804108,7373.363224625239,7956.99242498563,6265.050243360518,6531.863737451721,5402.22783188904,4689.0864629405305,27322.396284912924
2026-07-16 23:00:00+00:00,136380.43862715104,127733.02452673162,139720.2809218514,16814.263821413082,22250.39178452526,22499.640252500896,10749.14441278188,7272.52739348611,7838.981307131793,6187.311542428422,6345.209547519407,5334.717428806026,4545.89515952519,26542.355977033014
2026-07-17 00:00:00+00:00,132627.50653211807,124615.44428288267,135717.21539277848,16132.507298944205,21590.689395125926,21966.630918189658,10312.448299097696,7072.046584963343,7651.954915922528,6050.0838932031165,6063.845088423669,5185.965306984943,4427.74883662634,26173.58599463665
2026-07-17 01:00:00+00:00,129004.80999252964,121311.5747171453,131865.51353869203,15618.657887404708,21309.75767008901,21454.038797389538,9989.954898602815,6891.758724784419,7520.352994632513,5924.97048900915,5888.206428065092,4969.246848296306,4206.051395248326,25231.81385900776
2026-07-17 02:00:00+00:00,124085.06535500131,116656.27898058761,126827.69076417419,14926.969225990852,20342.869661212884,21005.510654932626,9731.206009670774,6606.299377895287,7172.136831590377,5665.960775904262,5624.422297218508,4774.618708656278,4012.5951869562177,24222.476624973267
2026-07-17 03:00:00+00:00,115838.09664805145,109113.28075581593,118483.76621306519,14289.024491496588,19326.19627316585,19559.931426817533,9082.779543075962,6154.55033984313,6497.293849510658,5300.154521441499,5250.56717872434,4429.452069720408,3752.984117994497,22195.162836260995
2026-07-17 04:00:00+00:00,106628.99435006993,104435.64562647504,108382.40189325073,13028.621655115987,17949.423987086186,18361.002496989935,8229.956654263397,5655.555685590719,5987.3266539585875,4855.312765801078,4870.465238146556,3982.7022621994292,3459.702675482039,20248.92427543601
2026-07-17 05:00:00+00:00,99431.684411614,97190.0552532998,101142.68031179575,12077.101563049895,17021.669314801824,17225.17645384114,7780.365413711163,5317.857846472408,5574.731333238307,4585.094963989194,4489.496419402846,3699.811521767271,3139.5301189823713,18520.849462357586
2026-07-17 06:00:00+00:00,94479.97999997647,92080.83207939513,96244.77172560678,11236.881187915234,16249.711946828804,16521.245765436477,7302.4201839982225,5058.3112183446965,5383.304547283004,4405.00101744422,4232.007208928344,3499.0055326994566,2934.367306230437,17657.724084867565
2026-07-17 07:00:00+00:00,91322.69148131025,89013.06699725144,93070.20424307603,10742.950117118446,15827.497565450742,16013.050365543142,7075.477942725301,4879.320553311958,5256.810709379001,4294.334637532863,4057.061995450706,3334.1830673956,2851.6718466718853,16990.332680730604
2026-07-17 08:00:00+00:00,89647.74346476993,87469.03269454243,91354.32723557751,10388.13784094789,15606.334331523305,15826.743547508597,6969.42534323534,4775.727698353876,5137.928158723133,4226.685717298661,3956.4945764819067,3267.797086467714,2797.3907191246294,16695.07844510488
2026-07-17 09:00:00+00:00,89873.59076751863,87773.92168677028,91569.44839374864,10240.222227501814,15656.529564742146,15885.255225259074,6978.595623201713,4783.980015078421,5136.244586599183,4257.239988522291,4036.9227226657445,3307.9613533889087,2842.9392381181824,16747.70022244116
2026-07-17 10:00:00+00:00,91902.94810858837,89915.08399260722,93553.54918089457,10222.038454002713,15920.003397108672,16212.948043828674,7214.468327920781,4918.1276656982245,5204.906129281317,4436.577068592841,4153.85405414425,3417.8277649569986,3018.3970323946132,17183.800170659284
2026-07-17 11:00:00+00:00,95166.22788883759,93299.69471966203,96791.94389458303,10542.204488464968,16314.31923487217,16844.995398712894,7484.9705722096,5122.716381469053,5271.986127688503,4689.25292935009,4329.635425320006,3468.5525119493586,3153.9622102486837,17943.632608552263
2026-07-17 12:00:00+00:00,97884.80059795183,96060.52074366115,99509.51557993105,11019.717473194722,16593.183691855673,17111.42636326394,7851.724459111462,5331.790746732756,5349.842074345299,4943.012485308415,4511.661198174597,3533.955306583411,3284.170679218153,18354.31612016342
