{"type":"FeatureCollection","features":[{"type":"Feature","properties":{"layer":"land"},"geometry":{"type":"MultiPolygon","coordinates":[[[[-123.776,39.529],[-123.769,39.564],[-123.787,39.597],[-123.791,39.677],[-123.809,39.712],[-123.83,39.727],[-123.837,39.783],[-123.854,39.834],[-123.88,39.844],[-123.908,39.866],[-123.931,39.908],[-123.956,39.925],[-123.979,39.963],[-124.033,40.012],[-124.076,40.027],[-124.087,40.078],[-124.116,40.107],[-124.185,40.13],[-124.22,40.165],[-124.319,40.225],[-124.327,40.237],[-124.343,40.242],[-124.364,40.261],[-124.348,40.319],[-124.365,40.345],[-124.366,40.377],[-124.398,40.416],[-124.409,40.444],[-124.388,40.483],[-124.386,40.51],[-124.358,40.563],[-124.317,40.632],[-124.306,40.637],[-124.312,40.646],[-124.24,40.759],[-124.231,40.75],[-124.259,40.698],[-124.226,40.686],[-124.225,40.695],[-124.214,40.701],[-124.22,40.737],[-124.203,40.745],[-124.201,40.762],[-124.183,40.8],[-124.146,40.81],[-124.122,40.807],[-124.087,40.825],[-124.082,40.844],[-124.094,40.854],[-124.102,40.858],[-124.119,40.852],[-124.138,40.864],[-124.151,40.863],[-124.2,40.785],[-124.223,40.757],[-124.233,40.767],[-124.177,40.848],[-124.134,40.936],[-124.11,41.015],[-124.111,41.042],[-124.117,41.048],[-124.135,41.048],[-124.147,41.06],[-124.161,41.099],[-124.164,41.132],[-124.163,41.139],[-124.143,41.145],[-124.124,41.182],[-124.091,41.289],[-124.062,41.436],[-124.082,41.521],[-124.068,41.539],[-124.089,41.549],[-124.103,41.567],[-124.103,41.603],[-124.14,41.664],[-124.138,41.68],[-124.159,41.737],[-124.188,41.747],[-124.201,41.739],[-124.263,41.776],[-124.26,41.789],[-124.248,41.794],[-124.234,41.813],[-124.219,41.85],[-124.204,41.971],[-124.217,42.006],[-124.275,42.045],[-124.293,42.046],[-124.336,42.092],[-124.35,42.098],[-124.36,42.113],[-124.354,42.132],[-124.366,42.15],[-124.364,42.175],[-124.376,42.197],[-124.379,42.22],[-124.395,42.239],[-124.412,42.249],[-124.409,42.296],[-124.433,42.329],[-124.425,42.42],[-124.44,42.439],[-124.424,42.454],[-124.421,42.491],[-124.406,42.52],[-124.394,42.567],[-124.403,42.595],[-124.4,42.616],[-124.415,42.662],[-124.454,42.687],[-124.467,42.703],[-124.473,42.73],[-124.505,42.737],[-124.515,42.749],[-124.539,42.816],[-124.567,42.834],[-124.548,42.845],[-124.492,42.93],[-124.445,43.03],[-124.424,43.119],[-124.416,43.125],[-124.418,43.142],[-124.387,43.263],[-124.401,43.31],[-124.377,43.34],[-124.342,43.352],[-124.329,43.349],[-124.326,43.312],[-124.317,43.3],[-124.308,43.328],[-124.309,43.355],[-124.287,43.371],[-124.276,43.394],[-124.253,43.417],[-124.233,43.424],[-124.222,43.425],[-124.218,43.416],[-124.213,43.375],[-124.178,43.369],[-124.14,43.375],[-124.17,43.38],[-124.187,43.391],[-124.194,43.42],[-124.209,43.431],[-124.207,43.443],[-124.198,43.452],[-124.209,43.452],[-124.233,43.447],[-124.24,43.437],[-124.277,43.421],[-124.283,43.403],[-124.325,43.363],[-124.335,43.365],[-124.298,43.418],[-124.238,43.547],[-124.223,43.586],[-124.21,43.657],[-124.175,43.673],[-124.154,43.698],[-124.14,43.733],[-124.133,43.735],[-124.109,43.706],[-124.072,43.705],[-124.07,43.712],[-124.101,43.719],[-124.129,43.749],[-124.149,43.748],[-124.16,43.737],[-124.161,43.718],[-124.172,43.698],[-124.203,43.681],[-124.176,43.762],[-124.151,43.882],[-124.14,43.982],[-124.119,44.006],[-124.133,44.032],[-124.134,44.044],[-124.114,44.191],[-124.114,44.249],[-124.107,44.286],[-124.114,44.307],[-124.1,44.327],[-124.084,44.412],[-124.054,44.433],[-124.018,44.41],[-124.028,44.439],[-124.05,44.449],[-124.083,44.428],[-124.084,44.498],[-124.063,44.61],[-124.046,44.621],[-124.031,44.618],[-124.012,44.6],[-124.005,44.616],[-124.007,44.624],[-124.019,44.627],[-124.027,44.622],[-124.048,44.633],[-124.068,44.618],[-124.058,44.664],[-124.063,44.672],[-124.078,44.675],[-124.067,44.689],[-124.058,44.726],[-124.059,44.746],[-124.073,44.778],[-124.065,44.823],[-124.035,44.878],[-124.032,44.905],[-124.018,44.917],[-124.026,44.936],[-124.015,44.968],[-124.005,45.044],[-124.016,45.054],[-124.014,45.064],[-123.984,45.105],[-123.971,45.154],[-123.969,45.205],[-123.976,45.217],[-123.96,45.3],[-123.972,45.331],[-124.002,45.338],[-124.002,45.344],[-123.981,45.35],[-123.973,45.362],[-123.958,45.415],[-123.953,45.413],[-123.961,45.379],[-123.918,45.418],[-123.955,45.433],[-123.971,45.452],[-123.971,45.494],[-123.959,45.516],[-123.949,45.557],[-123.939,45.5],[-123.891,45.475],[-123.894,45.482],[-123.883,45.5],[-123.901,45.538],[-123.896,45.56],[-123.925,45.554],[-123.958,45.576],[-123.942,45.649],[-123.921,45.663],[-123.918,45.69],[-123.887,45.683],[-123.871,45.698],[-123.886,45.694],[-123.897,45.696],[-123.908,45.708],[-123.917,45.704],[-123.93,45.693],[-123.938,45.661],[-123.942,45.727],[-123.964,45.744],[-123.968,45.761],[-123.981,45.76],[-123.982,45.768],[-123.968,45.782],[-123.959,45.816],[-123.957,45.873],[-123.97,45.919],[-123.991,45.938],[-123.964,45.967],[-123.934,45.98],[-123.923,46.014],[-123.951,46.12],[-123.99,46.201],[-124.023,46.231],[-124.003,46.238],[-123.988,46.227],[-123.995,46.22],[-123.985,46.21],[-123.951,46.205],[-123.916,46.181],[-123.904,46.18],[-123.901,46.169],[-123.825,46.157],[-123.812,46.114],[-123.799,46.102],[-123.801,46.144],[-123.778,46.137],[-123.778,46.143],[-123.807,46.168],[-123.844,46.173],[-123.865,46.186],[-123.798,46.194],[-123.767,46.204],[-123.727,46.17],[-123.706,46.171],[-123.614,46.186],[-123.599,46.192],[-123.62,46.197],[-123.621,46.205],[-123.582,46.207],[-123.537,46.234],[-123.519,46.235],[-123.485,46.23],[-123.437,46.198],[-123.43,46.177],[-123.386,46.146],[-123.256,46.133],[-123.233,46.137],[-123.206,46.165],[-123.18,46.179],[-123.208,46.178],[-123.269,46.15],[-123.298,46.152],[-123.393,46.204],[-123.456,46.267],[-123.479,46.276],[-123.603,46.26],[-123.663,46.27],[-123.675,46.294],[-123.693,46.305],[-123.724,46.3],[-123.726,46.29],[-123.748,46.291],[-123.765,46.273],[-123.807,46.283],[-123.818,46.269],[-123.834,46.269],[-123.873,46.24],[-123.925,46.252],[-123.985,46.309],[-124.009,46.313],[-124.023,46.314],[-124.049,46.296],[-124.052,46.286],[-124.04,46.281],[-124.041,46.273],[-124.062,46.277],[-124.076,46.268],[-124.08,46.272],[-124.062,46.388],[-124.063,46.596],[-124.072,46.643],[-124.063,46.655],[-124.036,46.631],[-124.044,46.624],[-124.018,46.569],[-124.026,46.492],[-124.014,46.385],[-123.958,46.378],[-123.948,46.403],[-123.932,46.415],[-123.927,46.44],[-123.911,46.428],[-123.876,46.419],[-123.847,46.397],[-123.841,46.416],[-123.898,46.442],[-123.902,46.457],[-123.936,46.472],[-123.935,46.495],[-123.908,46.508],[-123.896,46.521],[-123.896,46.544],[-123.956,46.623],[-123.895,46.603],[-123.916,46.628],[-123.923,46.658],[-123.911,46.682],[-123.877,46.692],[-123.843,46.697],[-123.826,46.692],[-123.812,46.663],[-123.795,46.661],[-123.764,46.678],[-123.796,46.682],[-123.84,46.717],[-123.9,46.747],[-123.912,46.741],[-123.913,46.728],[-123.952,46.725],[-123.976,46.741],[-123.982,46.72],[-123.963,46.707],[-123.973,46.701],[-124.025,46.713],[-124.03,46.72],[-124.093,46.743],[-124.101,46.761],[-124.101,46.809],[-124.13,46.886],[-124.127,46.899],[-124.112,46.912],[-124.091,46.9],[-124.098,46.878],[-124.077,46.859],[-124.072,46.843],[-124.058,46.844],[-124.021,46.832],[-124.015,46.851],[-124.032,46.87],[-124.057,46.862],[-124.047,46.891],[-123.813,46.959],[-123.828,46.965],[-123.845,46.961],[-123.868,46.97],[-123.956,46.972],[-123.922,46.98],[-124.013,46.984],[-124.019,46.994],[-124.013,47.009],[-124.028,47.028],[-124.117,47.043],[-124.139,47.036],[-124.148,47.024],[-124.137,47.002],[-124.137,46.968],[-124.124,46.947],[-124.105,46.945],[-124.106,46.933],[-124.138,46.945],[-124.153,46.938],[-124.153,46.93],[-124.178,46.926],[-124.172,47.042],[-124.179,47.107],[-124.2,47.187],[-124.212,47.227],[-124.243,47.29],[-124.254,47.302],[-124.276,47.303],[-124.299,47.348],[-124.272,47.343],[-124.283,47.351],[-124.318,47.357],[-124.349,47.5],[-124.351,47.547],[-124.384,47.636],[-124.411,47.688],[-124.423,47.742],[-124.447,47.75],[-124.477,47.778],[-124.483,47.813],[-124.542,47.834],[-124.568,47.87],[-124.61,47.875],[-124.638,47.908],[-124.672,47.991],[-124.694,48.075],[-124.689,48.1],[-124.735,48.17],[-124.7,48.192],[-124.689,48.213],[-124.706,48.246],[-124.689,48.253],[-124.682,48.263],[-124.683,48.285],[-124.661,48.32],[-124.671,48.324],[-124.67,48.333],[-124.689,48.338],[-124.718,48.357],[-124.73,48.372],[-124.728,48.388],[-124.697,48.391],[-124.638,48.383],[-124.608,48.366],[-124.593,48.375],[-124.575,48.37],[-124.399,48.294],[-124.296,48.262],[-124.228,48.259],[-124.111,48.216],[-124.1,48.2],[-124.05,48.177],[-123.971,48.166],[-123.873,48.162],[-123.862,48.156],[-123.818,48.161],[-123.789,48.153],[-123.7,48.165],[-123.642,48.151],[-123.634,48.141],[-123.585,48.135],[-123.552,48.151],[-123.524,48.135],[-123.505,48.133],[-123.436,48.142],[-123.405,48.139],[-123.453,48.132],[-123.45,48.125],[-123.422,48.118],[-123.247,48.115],[-123.224,48.122],[-123.15,48.177],[-123.108,48.184],[-123.161,48.152],[-123.112,48.149],[-123.089,48.128],[-123.063,48.118],[-123.04,48.085],[-123.045,48.06],[-123.03,48.045],[-123.008,48.039],[-122.997,48.039],[-123.006,48.079],[-122.999,48.092],[-122.927,48.095],[-122.919,48.07],[-122.887,48.063],[-122.857,48.03],[-122.853,48.01],[-122.873,48.001],[-122.873,47.994],[-122.854,47.995],[-122.841,48.006],[-122.825,48.035],[-122.877,48.08],[-122.882,48.092],[-122.878,48.107],[-122.856,48.125],[-122.795,48.141],[-122.77,48.141],[-122.75,48.117],[-122.785,48.103],[-122.791,48.097],[-122.792,48.083],[-122.722,47.994],[-122.688,47.973],[-122.678,47.936],[-122.626,47.89],[-122.62,47.878],[-122.668,47.871],[-122.676,47.862],[-122.692,47.833],[-122.736,47.794],[-122.75,47.775],[-122.769,47.738],[-122.781,47.692],[-122.8,47.68],[-122.828,47.683],[-122.829,47.694],[-122.818,47.713],[-122.8,47.777],[-122.806,47.843],[-122.817,47.83],[-122.822,47.792],[-122.839,47.782],[-122.847,47.82],[-122.856,47.826],[-122.867,47.809],[-122.866,47.794],[-122.839,47.747],[-122.862,47.733],[-122.887,47.688],[-122.904,47.673],[-122.91,47.65],[-122.942,47.635],[-123.021,47.566],[-123.065,47.493],[-123.119,47.45],[-123.161,47.357],[-123.13,47.341],[-123.074,47.345],[-122.905,47.395],[-122.839,47.432],[-122.868,47.436],[-122.976,47.391],[-123.052,47.367],[-123.092,47.367],[-123.114,47.391],[-123.111,47.405],[-123.063,47.457],[-123.023,47.523],[-122.949,47.597],[-122.873,47.631],[-122.798,47.652],[-122.764,47.669],[-122.734,47.743],[-122.624,47.847],[-122.596,47.847],[-122.592,47.823],[-122.571,47.82],[-122.567,47.834],[-122.571,47.857],[-122.588,47.904],[-122.613,47.946],[-122.528,47.906],[-122.518,47.881],[-122.51,47.833],[-122.49,47.804],[-122.504,47.788],[-122.475,47.776],[-122.468,47.757],[-122.483,47.737],[-122.558,47.74],[-122.556,47.729],[-122.565,47.713],[-122.596,47.692],[-122.652,47.733],[-122.661,47.73],[-122.658,47.718],[-122.628,47.693],[-122.592,47.597],[-122.6,47.59],[-122.592,47.583],[-122.617,47.574],[-122.644,47.596],[-122.682,47.652],[-122.697,47.623],[-122.69,47.597],[-122.639,47.577],[-122.682,47.528],[-122.63,47.544],[-122.553,47.583],[-122.543,47.567],[-122.542,47.541],[-122.534,47.528],[-122.508,47.52],[-122.51,47.503],[-122.552,47.414],[-122.556,47.392],[-122.538,47.371],[-122.555,47.347],[-122.586,47.336],[-122.561,47.301],[-122.557,47.285],[-122.569,47.264],[-122.661,47.288],[-122.686,47.301],[-122.628,47.38],[-122.633,47.405],[-122.641,47.386],[-122.654,47.377],[-122.688,47.364],[-122.726,47.339],[-122.729,47.321],[-122.753,47.281],[-122.724,47.233],[-122.75,47.213],[-122.743,47.192],[-122.773,47.173],[-122.799,47.205],[-122.815,47.251],[-122.815,47.274],[-122.796,47.281],[-122.784,47.315],[-122.791,47.364],[-122.811,47.384],[-122.806,47.398],[-122.82,47.383],[-122.846,47.316],[-122.92,47.278],[-122.95,47.202],[-122.965,47.181],[-122.991,47.165],[-123.068,47.146],[-123.079,47.13],[-123.041,47.144],[-123.022,47.144],[-123.018,47.13],[-123.029,47.122],[-123.068,47.112],[-123.079,47.096],[-122.969,47.148],[-122.942,47.178],[-122.93,47.174],[-122.935,47.16],[-122.979,47.102],[-123.01,47.083],[-122.987,47.081],[-122.965,47.09],[-122.946,47.107],[-122.935,47.13],[-122.927,47.11],[-122.935,47.089],[-122.918,47.056],[-122.908,47.048],[-122.893,47.047],[-122.893,47.057],[-122.908,47.083],[-122.896,47.093],[-122.901,47.13],[-122.892,47.142],[-122.853,47.165],[-122.848,47.146],[-122.86,47.13],[-122.821,47.142],[-122.823,47.16],[-122.817,47.166],[-122.798,47.158],[-122.773,47.128],[-122.736,47.111],[-122.722,47.089],[-122.686,47.104],[-122.652,47.128],[-122.572,47.209],[-122.55,47.242],[-122.537,47.279],[-122.538,47.316],[-122.433,47.265],[-122.4,47.281],[-122.428,47.297],[-122.43,47.305],[-122.422,47.316],[-122.391,47.334],[-122.339,47.347],[-122.328,47.357],[-122.325,47.391],[-122.367,47.442],[-122.37,47.497],[-122.388,47.521],[-122.409,47.575],[-122.39,47.594],[-122.378,47.596],[-122.346,47.562],[-122.34,47.599],[-122.359,47.624],[-122.413,47.642],[-122.429,47.66],[-122.414,47.667],[-122.381,47.72],[-122.388,47.752],[-122.406,47.778],[-122.404,47.798],[-122.382,47.839],[-122.353,47.856],[-122.34,47.873],[-122.334,47.91],[-122.32,47.942],[-122.277,47.967],[-122.242,47.973],[-122.213,47.987],[-122.207,48.014],[-122.192,48.026],[-122.208,48.038],[-122.222,48.038],[-122.238,48.026],[-122.34,48.09],[-122.362,48.123],[-122.366,48.191],[-122.376,48.213],[-122.436,48.235],[-122.444,48.232],[-122.449,48.223],[-122.446,48.202],[-122.467,48.192],[-122.469,48.177],[-122.458,48.144],[-122.432,48.122],[-122.384,48.101],[-122.348,48.054],[-122.377,48.06],[-122.406,48.088],[-122.49,48.13],[-122.51,48.147],[-122.526,48.171],[-122.533,48.196],[-122.534,48.25],[-122.446,48.261],[-122.43,48.259],[-122.401,48.235],[-122.389,48.24],[-122.391,48.26],[-122.375,48.281],[-122.386,48.304],[-122.479,48.36],[-122.534,48.375],[-122.567,48.41],[-122.567,48.417],[-122.552,48.428],[-122.559,48.434],[-122.584,48.438],[-122.616,48.41],[-122.647,48.404],[-122.674,48.414],[-122.683,48.43],[-122.663,48.455],[-122.669,48.473],[-122.705,48.486],[-122.702,48.498],[-122.672,48.499],[-122.633,48.516],[-122.581,48.458],[-122.581,48.485],[-122.568,48.489],[-122.514,48.453],[-122.501,48.45],[-122.481,48.464],[-122.488,48.513],[-122.504,48.544],[-122.516,48.558],[-122.567,48.585],[-122.547,48.589],[-122.525,48.583],[-122.468,48.555],[-122.448,48.562],[-122.44,48.581],[-122.444,48.603],[-122.458,48.623],[-122.493,48.643],[-122.503,48.685],[-122.525,48.692],[-122.521,48.709],[-122.499,48.739],[-122.509,48.756],[-122.53,48.769],[-122.575,48.78],[-122.594,48.774],[-122.64,48.722],[-122.65,48.718],[-122.66,48.723],[-122.67,48.743],[-122.65,48.764],[-122.658,48.777],[-122.696,48.801],[-122.705,48.788],[-122.704,48.827],[-122.768,48.874],[-122.773,48.887],[-122.768,48.897],[-122.746,48.918],[-122.759,48.936],[-122.808,48.935],[-122.814,48.952],[-122.801,48.962],[-122.732,48.959],[-122.741,48.977],[-122.76,49.001],[-122.782,49.017],[-122.823,49.007],[-122.853,49.017],[-122.876,49.037],[-122.876,49.055],[-122.865,49.07],[-122.868,49.08],[-122.882,49.086],[-122.93,49.087],[-123.033,49.051],[-123.049,49.035],[-123.032,48.995],[-123.045,48.984],[-123.088,48.972],[-123.1,49.021],[-123.143,49.061],[-123.054,49.123],[-123.041,49.151],[-123.081,49.128],[-123.123,49.116],[-123.167,49.116],[-123.212,49.13],[-123.2,49.149],[-123.205,49.19],[-123.198,49.206],[-123.18,49.21],[-123.138,49.196],[-123.143,49.207],[-123.236,49.25],[-123.247,49.275],[-123.143,49.28],[-123.162,49.3],[-123.155,49.309],[-123.139,49.309],[-123.109,49.289],[-123.074,49.294],[-123.067,49.288],[-123.039,49.296],[-122.961,49.282],[-122.922,49.3],[-122.892,49.334],[-122.863,49.406],[-122.856,49.442],[-122.869,49.456],[-122.878,49.457],[-122.882,49.404],[-122.938,49.326],[-123.021,49.307],[-123.212,49.343],[-123.27,49.335],[-123.284,49.363],[-123.294,49.37],[-123.245,49.411],[-123.24,49.442],[-123.251,49.523],[-123.218,49.596],[-123.226,49.603],[-123.207,49.622],[-123.205,49.636],[-123.212,49.65],[-123.17,49.675],[-123.154,49.693],[-123.171,49.705],[-123.203,49.682],[-123.239,49.667],[-123.253,49.65],[-123.245,49.613],[-123.249,49.598],[-123.256,49.593],[-123.287,49.581],[-123.328,49.582],[-123.355,49.555],[-123.397,49.558],[-123.503,49.505],[-123.486,49.494],[-123.491,49.473],[-123.473,49.435],[-123.482,49.414],[-123.516,49.392],[-123.555,49.39],[-123.781,49.465],[-123.886,49.477],[-123.903,49.486],[-123.92,49.507],[-123.964,49.521],[-123.975,49.531],[-124.027,49.603],[-124.061,49.631],[-124.068,49.662],[-124.064,49.678],[-124.044,49.691],[-124.02,49.733],[-123.99,49.745],[-123.939,49.744],[-123.921,49.716],[-123.835,49.634],[-123.828,49.582],[-123.805,49.529],[-123.794,49.513],[-123.777,49.505],[-123.753,49.541],[-123.772,49.575],[-123.772,49.594],[-123.76,49.61],[-123.718,49.617],[-123.694,49.635],[-123.59,49.654],[-123.55,49.675],[-123.534,49.705],[-123.664,49.656],[-123.795,49.644],[-123.808,49.647],[-123.812,49.667],[-123.823,49.683],[-123.884,49.739],[-123.928,49.764],[-123.934,49.783],[-123.89,49.829],[-123.882,49.847],[-123.884,49.901],[-123.891,49.921],[-123.945,49.945],[-123.958,49.967],[-123.954,49.99],[-123.936,50.007],[-123.896,50.018],[-123.878,50.031],[-123.808,50.041],[-123.772,50.073],[-123.755,50.094],[-123.756,50.103],[-123.777,50.112],[-123.815,50.149],[-123.993,50.22],[-123.972,50.193],[-123.945,50.172],[-123.881,50.154],[-123.862,50.144],[-123.846,50.121],[-123.808,50.103],[-123.833,50.076],[-123.869,50.055],[-123.981,50.021],[-123.993,50.011],[-124.0,49.974],[-123.989,49.934],[-123.962,49.904],[-123.926,49.886],[-123.911,49.87],[-123.93,49.838],[-123.978,49.809],[-124.001,49.812],[-124.009,49.821],[-124.013,49.864],[-124.034,49.883],[-124.02,49.908],[-124.023,49.92],[-124.037,49.925],[-124.075,49.87],[-124.053,49.852],[-124.048,49.841],[-124.085,49.831],[-124.089,49.822],[-124.082,49.808],[-124.148,49.784],[-124.25,49.781],[-124.274,49.774],[-124.267,49.752],[-124.283,49.747],[-124.304,49.753],[-124.327,49.774],[-124.404,49.767],[-124.513,49.798],[-124.526,49.815],[-124.532,49.844],[-124.583,49.882],[-124.635,49.902],[-124.65,49.921],[-124.732,49.954],[-124.764,49.977],[-124.822,50.04],[-124.829,50.055],[-124.82,50.071],[-124.763,50.034],[-124.742,50.028],[-124.685,49.986],[-124.704,50.041],[-124.683,50.052],[-124.672,50.083],[-124.705,50.103],[-124.666,50.127],[-124.672,50.144],[-124.649,50.153],[-124.628,50.169],[-124.618,50.189],[-124.623,50.206],[-124.603,50.24],[-124.626,50.266],[-124.64,50.294],[-124.687,50.313],[-124.713,50.331],[-124.677,50.355],[-124.66,50.392],[-124.6,50.405],[-124.534,50.397],[-124.506,50.416],[-124.411,50.446],[-124.357,50.486],[-124.349,50.497],[-124.359,50.509],[-124.425,50.466],[-124.504,50.438],[-124.589,50.425],[-124.672,50.431],[-124.685,50.422],[-124.694,50.402],[-124.75,50.352],[-124.808,50.322],[-124.83,50.318],[-124.898,50.328],[-124.952,50.328],[-124.963,50.341],[-124.946,50.371],[-124.952,50.392],[-124.986,50.428],[-125.007,50.432],[-124.991,50.384],[-124.995,50.36],[-125.062,50.328],[-125.082,50.325],[-125.089,50.35],[-125.086,50.364],[-125.062,50.377],[-125.069,50.424],[-125.057,50.477],[-125.042,50.487],[-124.97,50.501],[-124.959,50.511],[-124.953,50.537],[-124.937,50.547],[-124.891,50.555],[-124.87,50.583],[-124.874,50.608],[-124.866,50.63],[-124.864,50.672],[-124.856,50.693],[-124.829,50.72],[-124.824,50.735],[-124.836,50.754],[-124.906,50.779],[-124.91,50.794],[-124.825,50.87],[-124.787,50.885],[-124.814,50.927],[-124.832,50.932],[-124.861,50.927],[-124.87,50.895],[-124.918,50.844],[-124.986,50.808],[-124.956,50.799],[-124.949,50.761],[-124.909,50.749],[-124.9,50.735],[-124.925,50.658],[-124.908,50.627],[-124.94,50.598],[-124.959,50.603],[-124.967,50.591],[-125.027,50.559],[-125.04,50.531],[-125.102,50.499],[-125.124,50.474],[-125.112,50.454],[-125.128,50.437],[-125.178,50.419],[-125.208,50.427],[-125.243,50.467],[-125.246,50.481],[-125.239,50.496],[-125.244,50.504],[-125.256,50.507],[-125.299,50.467],[-125.325,50.474],[-125.342,50.489],[-125.357,50.543],[-125.384,50.535],[-125.385,50.512],[-125.397,50.487],[-125.432,50.466],[-125.544,50.456],[-125.563,50.459],[-125.577,50.471],[-125.548,50.494],[-125.541,50.506],[-125.528,50.555],[-125.542,50.589],[-125.517,50.651],[-125.487,50.672],[-125.453,50.685],[-125.425,50.713],[-125.455,50.72],[-125.504,50.688],[-125.556,50.666],[-125.569,50.638],[-125.571,50.608],[-125.563,50.589],[-125.577,50.552],[-125.586,50.535],[-125.622,50.522],[-125.622,50.511],[-125.61,50.494],[-125.613,50.479],[-125.644,50.448],[-125.67,50.439],[-125.71,50.44],[-125.774,50.488],[-125.795,50.494],[-125.786,50.506],[-125.752,50.509],[-125.74,50.52],[-125.787,50.532],[-125.836,50.528],[-125.864,50.501],[-125.955,50.476],[-126.008,50.472],[-126.057,50.479],[-126.09,50.501],[-126.131,50.49],[-126.242,50.501],[-126.281,50.519],[-126.228,50.544],[-126.179,50.52],[-126.186,50.549],[-126.179,50.576],[-126.104,50.597],[-126.086,50.589],[-126.063,50.603],[-125.978,50.613],[-125.939,50.63],[-125.96,50.646],[-125.985,50.644],[-126.16,50.598],[-126.244,50.597],[-126.277,50.626],[-126.269,50.63],[-126.222,50.643],[-126.119,50.647],[-126.048,50.665],[-126.019,50.666],[-125.939,50.652],[-125.826,50.677],[-125.75,50.685],[-125.716,50.679],[-125.699,50.689],[-125.672,50.74],[-125.62,50.758],[-125.608,50.781],[-125.651,50.836],[-125.645,50.855],[-125.628,50.863],[-125.56,50.866],[-125.55,50.873],[-125.535,50.912],[-125.512,50.927],[-125.507,50.939],[-125.512,50.961],[-125.538,50.995],[-125.563,51.055],[-125.578,51.072],[-125.637,51.104],[-125.631,51.063],[-125.583,50.967],[-125.542,50.939],[-125.576,50.907],[-125.639,50.895],[-125.679,50.87],[-125.686,50.829],[-125.644,50.799],[-125.648,50.782],[-125.685,50.775],[-125.709,50.758],[-125.743,50.717],[-125.767,50.706],[-125.767,50.713],[-125.88,50.709],[-125.905,50.689],[-125.94,50.683],[-125.953,50.685],[-125.985,50.715],[-126.008,50.713],[-126.059,50.685],[-126.187,50.672],[-126.212,50.675],[-126.227,50.693],[-126.21,50.709],[-126.168,50.718],[-126.126,50.748],[-126.055,50.775],[-126.031,50.789],[-126.035,50.795],[-126.08,50.795],[-126.152,50.774],[-126.179,50.781],[-126.196,50.798],[-126.179,50.853],[-126.184,50.868],[-126.214,50.848],[-126.233,50.844],[-126.24,50.863],[-126.388,50.852],[-126.46,50.822],[-126.489,50.817],[-126.547,50.837],[-126.556,50.844],[-126.562,50.877],[-126.499,50.922],[-126.467,50.912],[-126.361,50.904],[-126.319,50.914],[-126.223,50.905],[-126.184,50.923],[-126.173,50.939],[-126.179,50.954],[-126.243,50.928],[-126.405,50.939],[-126.459,50.952],[-126.484,50.965],[-126.506,51.012],[-126.515,51.076],[-126.521,51.076],[-126.552,51.005],[-126.527,50.956],[-126.535,50.942],[-126.575,50.906],[-126.674,50.878],[-126.696,50.877],[-126.747,50.891],[-126.749,50.897],[-126.77,50.91],[-126.815,50.918],[-126.846,50.943],[-126.87,50.938],[-126.899,50.907],[-127.0,50.907],[-127.0,51.665],[-126.677,51.646],[-126.655,51.656],[-126.648,51.679],[-126.625,51.678],[-126.612,51.707],[-126.603,51.714],[-126.638,51.762],[-126.638,51.773],[-126.666,51.803],[-126.659,51.788],[-126.668,51.766],[-126.644,51.72],[-126.649,51.707],[-126.679,51.693],[-126.699,51.665],[-127.0,51.695],[-127.0,52.298],[-126.943,52.253],[-126.937,52.235],[-126.947,52.213],[-126.908,52.178],[-126.779,52.098],[-126.711,52.047],[-126.672,51.987],[-126.67,52.031],[-126.672,52.047],[-126.686,52.063],[-126.716,52.077],[-126.723,52.095],[-126.751,52.128],[-126.793,52.153],[-126.885,52.195],[-126.913,52.227],[-126.903,52.258],[-126.939,52.306],[-126.939,52.32],[-126.926,52.337],[-126.885,52.344],[-126.875,52.358],[-126.814,52.368],[-126.734,52.371],[-126.753,52.393],[-126.785,52.397],[-126.913,52.372],[-127.0,52.34],[-127.0,52.635],[-126.982,52.645],[-126.966,52.686],[-126.932,52.713],[-126.926,52.734],[-126.955,52.788],[-126.97,52.829],[-127.0,52.847],[-127.0,55.0],[-107.5,55.0],[-107.5,39.5],[-123.793,39.5],[-123.776,39.529]]],[[[-126.953,50.885],[-126.922,50.872],[-126.958,50.864],[-127.0,50.833],[-127.0,50.885],[-126.953,50.885]]],[[[-127.0,52.75],[-126.98,52.724],[-127.0,52.7],[-127.0,52.75]]]]}},{"type":"Feature","properties":{"layer":"land"},"geometry":{"type":"MultiPolygon","coordinates":[[[[-123.704,49.156],[-123.697,49.137],[-123.706,49.133],[-123.75,49.129],[-123.777,49.133],[-123.843,49.151],[-123.862,49.164],[-123.87,49.19],[-123.834,49.201],[-123.809,49.184],[-123.769,49.169],[-123.704,49.156]]],[[[-124.172,49.464],[-124.172,49.455],[-124.186,49.447],[-124.232,49.459],[-124.297,49.458],[-124.361,49.48],[-124.356,49.49],[-124.377,49.5],[-124.379,49.507],[-124.365,49.521],[-124.355,49.522],[-124.329,49.513],[-124.251,49.504],[-124.232,49.499],[-124.172,49.464]]],[[[-124.694,49.491],[-124.691,49.483],[-124.702,49.479],[-124.746,49.488],[-124.825,49.54],[-124.839,49.557],[-124.836,49.598],[-124.827,49.603],[-124.792,49.58],[-124.716,49.499],[-124.694,49.491]]],[[[-124.136,49.657],[-124.164,49.66],[-124.188,49.679],[-124.205,49.705],[-124.133,49.754],[-124.119,49.755],[-124.103,49.747],[-124.098,49.767],[-124.09,49.77],[-124.02,49.781],[-124.021,49.775],[-124.075,49.741],[-124.109,49.678],[-124.136,49.657]]],[[[-124.913,50.194],[-124.926,50.2],[-124.965,50.249],[-124.964,50.262],[-124.937,50.276],[-124.917,50.303],[-124.816,50.274],[-124.812,50.269],[-124.822,50.247],[-124.816,50.212],[-124.766,50.189],[-124.754,50.168],[-124.786,50.139],[-124.832,50.117],[-124.852,50.133],[-124.869,50.166],[-124.829,50.185],[-124.84,50.198],[-124.913,50.194]]],[[[-124.808,50.232],[-124.812,50.24],[-124.773,50.289],[-124.749,50.304],[-124.725,50.305],[-124.69,50.291],[-124.661,50.263],[-124.651,50.224],[-124.665,50.191],[-124.716,50.162],[-124.731,50.168],[-124.743,50.204],[-124.727,50.243],[-124.709,50.26],[-124.705,50.274],[-124.713,50.286],[-124.727,50.291],[-124.727,50.266],[-124.757,50.219],[-124.768,50.214],[-124.808,50.232]]],[[[-125.503,50.405],[-125.636,50.383],[-125.743,50.377],[-125.781,50.386],[-125.783,50.397],[-125.735,50.411],[-125.688,50.41],[-125.593,50.438],[-125.547,50.443],[-125.523,50.442],[-125.507,50.431],[-125.503,50.405]]],[[[-125.34,50.453],[-125.328,50.434],[-125.338,50.412],[-125.355,50.398],[-125.382,50.394],[-125.379,50.376],[-125.392,50.367],[-125.448,50.354],[-125.487,50.358],[-125.545,50.378],[-125.5,50.401],[-125.49,50.413],[-125.491,50.422],[-125.478,50.43],[-125.409,50.448],[-125.389,50.459],[-125.368,50.461],[-125.34,50.453]]],[[[-125.757,50.42],[-125.824,50.409],[-125.949,50.425],[-125.965,50.438],[-125.889,50.461],[-125.806,50.475],[-125.77,50.459],[-125.764,50.449],[-125.743,50.437],[-125.739,50.429],[-125.757,50.42]]],[[[-126.385,50.629],[-126.364,50.619],[-126.374,50.605],[-126.426,50.589],[-126.453,50.588],[-126.485,50.579],[-126.511,50.582],[-126.507,50.586],[-126.559,50.603],[-126.548,50.614],[-126.471,50.628],[-126.385,50.629]]],[[[-126.895,50.666],[-126.833,50.625],[-126.838,50.622],[-126.854,50.629],[-126.897,50.621],[-127.0,50.626],[-127.0,50.662],[-126.935,50.66],[-126.895,50.666]]],[[[-126.782,50.775],[-126.855,50.786],[-126.905,50.822],[-126.905,50.829],[-126.826,50.836],[-126.793,50.807],[-126.782,50.822],[-126.784,50.832],[-126.771,50.836],[-126.682,50.834],[-126.666,50.836],[-126.641,50.85],[-126.562,50.802],[-126.603,50.808],[-126.741,50.775],[-126.769,50.788],[-126.782,50.775]]]]}},{"type":"Feature","properties":{"layer":"land"},"geometry":{"type":"MultiPolygon","coordinates":[[[[-122.366,48.0],[-122.349,47.946],[-122.382,47.908],[-122.393,47.905],[-122.4,47.919],[-122.435,47.91],[-122.441,47.915],[-122.45,47.959],[-122.461,47.978],[-122.476,47.987],[-122.518,47.966],[-122.539,47.972],[-122.58,48.005],[-122.593,48.025],[-122.592,48.042],[-122.61,48.06],[-122.615,48.075],[-122.6,48.13],[-122.607,48.154],[-122.623,48.163],[-122.668,48.151],[-122.693,48.18],[-122.744,48.206],[-122.756,48.23],[-122.751,48.25],[-122.657,48.385],[-122.631,48.385],[-122.596,48.402],[-122.579,48.377],[-122.578,48.357],[-122.516,48.322],[-122.518,48.294],[-122.546,48.281],[-122.594,48.308],[-122.609,48.299],[-122.627,48.267],[-122.641,48.288],[-122.651,48.25],[-122.666,48.242],[-122.724,48.234],[-122.71,48.221],[-122.652,48.224],[-122.596,48.205],[-122.581,48.188],[-122.559,48.121],[-122.547,48.017],[-122.536,48.006],[-122.522,48.012],[-122.51,48.035],[-122.523,48.057],[-122.524,48.079],[-122.514,48.091],[-122.46,48.053],[-122.381,48.016],[-122.366,48.0]]],[[[-123.017,48.497],[-122.999,48.473],[-122.965,48.458],[-122.965,48.451],[-122.979,48.456],[-123.03,48.454],[-123.065,48.479],[-123.103,48.48],[-123.139,48.496],[-123.154,48.513],[-123.167,48.544],[-123.178,48.599],[-123.158,48.615],[-123.129,48.62],[-123.102,48.609],[-123.058,48.573],[-123.025,48.563],[-123.004,48.539],[-122.978,48.531],[-122.992,48.514],[-123.017,48.511],[-123.017,48.497]]],[[[-122.751,48.655],[-122.8,48.63],[-122.809,48.611],[-122.821,48.609],[-122.841,48.621],[-122.866,48.65],[-122.887,48.696],[-122.896,48.7],[-122.906,48.697],[-122.91,48.688],[-122.906,48.666],[-122.91,48.658],[-122.862,48.602],[-122.874,48.594],[-122.917,48.589],[-122.933,48.593],[-122.951,48.623],[-122.98,48.639],[-122.99,48.605],[-122.997,48.597],[-123.027,48.627],[-123.021,48.642],[-122.918,48.711],[-122.858,48.709],[-122.746,48.664],[-122.751,48.655]]],[[[-123.382,48.756],[-123.408,48.754],[-123.458,48.767],[-123.429,48.738],[-123.428,48.73],[-123.482,48.712],[-123.531,48.734],[-123.55,48.771],[-123.534,48.801],[-123.57,48.832],[-123.572,48.85],[-123.547,48.862],[-123.587,48.898],[-123.596,48.952],[-123.582,48.931],[-123.503,48.892],[-123.431,48.842],[-123.459,48.845],[-123.489,48.862],[-123.5,48.849],[-123.472,48.828],[-123.369,48.774],[-123.382,48.756]]],[[[-123.449,49.459],[-123.457,49.478],[-123.445,49.486],[-123.445,49.494],[-123.453,49.508],[-123.418,49.531],[-123.373,49.542],[-123.357,49.535],[-123.342,49.507],[-123.322,49.486],[-123.324,49.462],[-123.343,49.443],[-123.376,49.438],[-123.367,49.454],[-123.375,49.464],[-123.389,49.467],[-123.404,49.466],[-123.433,49.446],[-123.452,49.445],[-123.449,49.459]]],[[[-124.664,49.747],[-124.652,49.768],[-124.658,49.774],[-124.658,49.801],[-124.633,49.802],[-124.609,49.795],[-124.562,49.754],[-124.488,49.734],[-124.391,49.72],[-124.348,49.704],[-124.323,49.671],[-124.294,49.65],[-124.27,49.616],[-124.173,49.554],[-124.144,49.53],[-124.123,49.5],[-124.143,49.489],[-124.162,49.496],[-124.198,49.521],[-124.378,49.603],[-124.439,49.612],[-124.439,49.631],[-124.473,49.672],[-124.493,49.672],[-124.572,49.708],[-124.614,49.716],[-124.664,49.747]]],[[[-126.649,49.773],[-126.618,49.631],[-126.639,49.595],[-126.679,49.592],[-126.807,49.627],[-126.856,49.666],[-126.913,49.692],[-126.974,49.736],[-126.971,49.755],[-126.962,49.759],[-126.933,49.739],[-126.909,49.765],[-126.864,49.773],[-126.856,49.78],[-126.874,49.789],[-126.898,49.781],[-126.944,49.806],[-126.987,49.815],[-126.97,49.833],[-126.864,49.855],[-126.801,49.881],[-126.769,49.883],[-126.742,49.856],[-126.723,49.85],[-126.703,49.86],[-126.691,49.857],[-126.649,49.773]]],[[[-125.06,50.115],[-124.98,50.189],[-124.983,50.2],[-125.007,50.233],[-124.986,50.226],[-124.929,50.169],[-124.917,50.145],[-124.919,50.133],[-124.926,50.128],[-124.911,50.114],[-124.906,50.088],[-124.891,50.069],[-124.963,50.049],[-124.976,50.022],[-124.986,50.014],[-125.005,50.018],[-125.011,50.03],[-125.007,50.072],[-125.06,50.115]]],[[[-125.199,50.041],[-125.227,50.069],[-125.212,50.075],[-125.324,50.143],[-125.329,50.155],[-125.335,50.194],[-125.349,50.22],[-125.349,50.242],[-125.336,50.274],[-125.318,50.284],[-125.263,50.294],[-125.247,50.288],[-125.235,50.265],[-125.18,50.229],[-125.166,50.206],[-125.165,50.193],[-125.191,50.158],[-125.185,50.144],[-125.225,50.132],[-125.228,50.121],[-125.212,50.103],[-125.178,50.083],[-125.161,50.003],[-125.163,49.993],[-125.187,50.01],[-125.199,50.041]]],[[[-125.336,50.302],[-125.382,50.296],[-125.398,50.308],[-125.404,50.332],[-125.394,50.35],[-125.329,50.343],[-125.314,50.35],[-125.315,50.397],[-125.3,50.427],[-125.288,50.437],[-125.216,50.409],[-125.199,50.391],[-125.171,50.391],[-125.152,50.345],[-125.115,50.297],[-125.077,50.262],[-125.049,50.219],[-125.048,50.206],[-125.055,50.195],[-125.065,50.194],[-125.083,50.206],[-125.106,50.145],[-125.142,50.126],[-125.154,50.134],[-125.132,50.191],[-125.13,50.214],[-125.136,50.232],[-125.167,50.247],[-125.212,50.322],[-125.246,50.314],[-125.277,50.327],[-125.313,50.32],[-125.336,50.302]]],[[[-126.602,50.675],[-126.585,50.688],[-126.588,50.701],[-126.55,50.733],[-126.527,50.744],[-126.508,50.74],[-126.428,50.795],[-126.398,50.808],[-126.323,50.816],[-126.289,50.829],[-126.272,50.83],[-126.244,50.816],[-126.224,50.795],[-126.213,50.772],[-126.185,50.76],[-126.179,50.751],[-126.186,50.742],[-126.233,50.727],[-126.245,50.717],[-126.268,50.685],[-126.264,50.665],[-126.288,50.655],[-126.35,50.652],[-126.435,50.669],[-126.46,50.665],[-126.449,50.65],[-126.47,50.644],[-126.521,50.658],[-126.603,50.655],[-126.618,50.672],[-126.602,50.675]]]]}},{"type":"Feature","properties":{"layer":"land"},"geometry":{"type":"MultiPolygon","coordinates":[[[[-123.981,46.497],[-123.948,46.464],[-123.946,46.418],[-123.964,46.407],[-123.975,46.44],[-123.998,46.453],[-123.99,46.488],[-123.981,46.497]]],[[[-122.719,48.102],[-122.701,48.098],[-122.677,48.049],[-122.673,48.024],[-122.682,48.007],[-122.7,48.008],[-122.718,48.023],[-122.737,48.056],[-122.739,48.083],[-122.729,48.083],[-122.716,48.048],[-122.702,48.049],[-122.702,48.064],[-122.712,48.084],[-122.729,48.097],[-122.719,48.102]]],[[[-122.703,48.6],[-122.675,48.569],[-122.688,48.547],[-122.714,48.542],[-122.737,48.577],[-122.735,48.59],[-122.715,48.606],[-122.703,48.6]]],[[[-123.283,48.611],[-123.28,48.601],[-123.288,48.591],[-123.303,48.597],[-123.337,48.631],[-123.332,48.634],[-123.337,48.648],[-123.305,48.619],[-123.283,48.611]]],[[[-122.635,48.683],[-122.613,48.648],[-122.62,48.646],[-122.662,48.67],[-122.717,48.715],[-122.72,48.725],[-122.715,48.739],[-122.698,48.735],[-122.671,48.705],[-122.635,48.683]]],[[[-125.945,49.198],[-125.938,49.185],[-125.954,49.181],[-125.962,49.153],[-125.969,49.149],[-126.012,49.159],[-126.018,49.181],[-126.035,49.202],[-126.024,49.212],[-126.006,49.214],[-125.945,49.198]]],[[[-126.083,49.315],[-126.064,49.278],[-126.048,49.267],[-126.069,49.256],[-126.09,49.254],[-126.158,49.274],[-126.224,49.277],[-126.24,49.302],[-126.227,49.308],[-126.24,49.343],[-126.231,49.357],[-126.231,49.379],[-126.132,49.397],[-126.086,49.363],[-126.075,49.339],[-126.083,49.315]]],[[[-123.337,49.365],[-123.359,49.343],[-123.376,49.337],[-123.416,49.337],[-123.429,49.347],[-123.418,49.381],[-123.37,49.411],[-123.326,49.42],[-123.315,49.413],[-123.337,49.365]]],[[[-124.655,49.547],[-124.594,49.522],[-124.625,49.523],[-124.653,49.496],[-124.663,49.494],[-124.704,49.521],[-124.703,49.538],[-124.684,49.549],[-124.655,49.547]]],[[[-126.524,50.579],[-126.519,50.57],[-126.53,50.565],[-126.615,50.553],[-126.65,50.559],[-126.658,50.564],[-126.648,50.57],[-126.654,50.579],[-126.671,50.59],[-126.587,50.595],[-126.524,50.579]]],[[[-126.325,50.605],[-126.288,50.603],[-126.245,50.572],[-126.227,50.569],[-126.235,50.557],[-126.268,50.555],[-126.305,50.535],[-126.413,50.527],[-126.448,50.519],[-126.625,50.535],[-126.584,50.548],[-126.368,50.583],[-126.347,50.599],[-126.325,50.605]]],[[[-122.718,47.181],[-122.676,47.176],[-122.671,47.165],[-122.677,47.14],[-122.69,47.13],[-122.707,47.124],[-122.742,47.144],[-122.746,47.154],[-122.729,47.162],[-122.718,47.181]]],[[[-123.299,48.816],[-123.252,48.79],[-123.25,48.766],[-123.188,48.756],[-123.182,48.743],[-123.187,48.736],[-123.199,48.732],[-123.257,48.739],[-123.307,48.765],[-123.311,48.797],[-123.323,48.806],[-123.323,48.813],[-123.299,48.816]]],[[[-123.102,48.762],[-123.158,48.763],[-123.204,48.784],[-123.204,48.809],[-123.222,48.823],[-123.224,48.833],[-123.204,48.83],[-123.141,48.801],[-123.054,48.796],[-123.044,48.789],[-123.042,48.784],[-123.071,48.779],[-123.102,48.762]]],[[[-123.417,46.205],[-123.349,46.166],[-123.316,46.149],[-123.358,46.15],[-123.411,46.175],[-123.423,46.188],[-123.417,46.205]]],[[[-123.481,46.256],[-123.444,46.236],[-123.437,46.22],[-123.441,46.213],[-123.468,46.225],[-123.478,46.236],[-123.481,46.256]]],[[[-125.831,49.237],[-125.797,49.227],[-125.786,49.209],[-125.801,49.144],[-125.842,49.134],[-125.88,49.146],[-125.888,49.173],[-125.915,49.176],[-125.923,49.197],[-125.901,49.226],[-125.862,49.237],[-125.831,49.237]]]]}},{"type":"Feature","properties":{"layer":"land"},"geometry":{"type":"MultiPolygon","coordinates":[[[[-122.422,47.409],[-122.367,47.384],[-122.418,47.371],[-122.469,47.336],[-122.474,47.363],[-122.466,47.373],[-122.442,47.383],[-122.44,47.393],[-122.446,47.401],[-122.463,47.398],[-122.456,47.391],[-122.49,47.374],[-122.497,47.336],[-122.51,47.332],[-122.527,47.346],[-122.531,47.357],[-122.518,47.38],[-122.51,47.456],[-122.471,47.496],[-122.456,47.501],[-122.462,47.487],[-122.441,47.467],[-122.435,47.426],[-122.422,47.409]]],[[[-122.495,47.602],[-122.48,47.587],[-122.499,47.571],[-122.521,47.574],[-122.542,47.596],[-122.571,47.596],[-122.578,47.602],[-122.568,47.63],[-122.58,47.663],[-122.562,47.686],[-122.558,47.714],[-122.538,47.715],[-122.511,47.696],[-122.506,47.663],[-122.49,47.641],[-122.511,47.628],[-122.5,47.619],[-122.495,47.602]]],[[[-122.858,48.473],[-122.849,48.462],[-122.836,48.46],[-122.821,48.473],[-122.808,48.458],[-122.806,48.442],[-122.813,48.427],[-122.828,48.417],[-122.89,48.424],[-122.883,48.441],[-122.938,48.458],[-122.943,48.476],[-122.937,48.493],[-122.91,48.514],[-122.917,48.534],[-122.91,48.547],[-122.887,48.564],[-122.877,48.566],[-122.861,48.54],[-122.858,48.473]]],[[[-123.659,49.041],[-123.698,49.082],[-123.703,49.1],[-123.697,49.109],[-123.687,49.109],[-123.659,49.073],[-123.547,48.976],[-123.472,48.938],[-123.334,48.903],[-123.322,48.897],[-123.314,48.882],[-123.317,48.87],[-123.327,48.864],[-123.342,48.87],[-123.369,48.862],[-123.395,48.872],[-123.437,48.904],[-123.531,48.942],[-123.659,49.041]]],[[[-122.867,47.278],[-122.87,47.243],[-122.848,47.22],[-122.848,47.193],[-122.874,47.168],[-122.891,47.2],[-122.922,47.229],[-122.922,47.237],[-122.905,47.278],[-122.891,47.278],[-122.847,47.298],[-122.853,47.285],[-122.867,47.278]]]]}},{"type":"Feature","properties":{"layer":"land"},"geometry":{"type":"MultiPolygon","coordinates":[[[[-123.337,48.508],[-123.287,48.468],[-123.281,48.448],[-123.287,48.424],[-123.302,48.414],[-123.357,48.401],[-123.437,48.445],[-123.453,48.434],[-123.48,48.392],[-123.511,48.381],[-123.52,48.355],[-123.555,48.328],[-123.551,48.313],[-123.572,48.306],[-123.595,48.31],[-123.596,48.328],[-123.654,48.314],[-123.734,48.351],[-123.781,48.363],[-123.891,48.367],[-124.131,48.433],[-124.389,48.518],[-124.438,48.526],[-124.43,48.539],[-124.391,48.561],[-124.401,48.565],[-124.445,48.568],[-124.486,48.54],[-124.665,48.573],[-124.769,48.615],[-124.816,48.647],[-125.094,48.73],[-125.16,48.787],[-125.185,48.801],[-125.171,48.816],[-125.11,48.842],[-125.078,48.876],[-125.011,48.892],[-125.007,48.9],[-125.014,48.928],[-124.984,48.956],[-124.918,48.972],[-124.883,48.991],[-124.847,49.02],[-124.819,49.058],[-124.808,49.099],[-124.779,49.152],[-124.799,49.189],[-124.808,49.247],[-124.829,49.225],[-124.822,49.181],[-124.822,49.14],[-124.828,49.12],[-124.87,49.075],[-124.888,49.014],[-124.968,48.988],[-125.045,48.993],[-125.086,48.979],[-125.147,48.999],[-125.171,48.993],[-125.221,48.955],[-125.24,48.955],[-125.336,48.972],[-125.302,49.003],[-125.261,49.021],[-125.261,49.028],[-125.309,49.028],[-125.333,49.042],[-125.343,49.041],[-125.354,49.027],[-125.366,48.987],[-125.401,48.973],[-125.43,48.944],[-125.449,48.937],[-125.461,48.921],[-125.489,48.919],[-125.531,48.933],[-125.573,48.956],[-125.62,48.969],[-125.637,48.993],[-125.736,49.053],[-125.836,49.069],[-125.872,49.09],[-125.871,49.103],[-125.862,49.11],[-125.831,49.114],[-125.816,49.123],[-125.785,49.105],[-125.768,49.103],[-125.701,49.135],[-125.692,49.133],[-125.684,49.148],[-125.646,49.164],[-125.632,49.188],[-125.613,49.206],[-125.61,49.225],[-125.699,49.181],[-125.747,49.148],[-125.755,49.169],[-125.754,49.222],[-125.741,49.267],[-125.777,49.248],[-125.802,49.253],[-125.802,49.3],[-125.782,49.338],[-125.775,49.37],[-125.782,49.37],[-125.806,49.343],[-125.83,49.284],[-125.844,49.267],[-125.877,49.28],[-125.901,49.274],[-125.956,49.233],[-125.994,49.242],[-126.028,49.274],[-126.009,49.292],[-125.951,49.32],[-125.929,49.373],[-125.899,49.422],[-125.912,49.438],[-125.922,49.42],[-125.958,49.393],[-125.979,49.342],[-126.014,49.322],[-126.059,49.346],[-126.076,49.384],[-126.058,49.412],[-126.055,49.445],[-126.174,49.415],[-126.186,49.404],[-126.227,49.413],[-126.244,49.446],[-126.255,49.451],[-126.268,49.445],[-126.259,49.431],[-126.261,49.4],[-126.284,49.367],[-126.297,49.363],[-126.309,49.376],[-126.405,49.421],[-126.391,49.431],[-126.432,49.473],[-126.465,49.46],[-126.487,49.438],[-126.464,49.406],[-126.464,49.396],[-126.51,49.378],[-126.542,49.386],[-126.573,49.414],[-126.574,49.426],[-126.562,49.459],[-126.558,49.51],[-126.562,49.521],[-126.556,49.521],[-126.556,49.527],[-126.577,49.548],[-126.563,49.587],[-126.533,49.602],[-126.499,49.611],[-126.453,49.636],[-126.337,49.631],[-126.218,49.646],[-126.186,49.657],[-126.138,49.65],[-126.09,49.661],[-126.092,49.67],[-126.117,49.685],[-126.195,49.681],[-126.297,49.661],[-126.324,49.648],[-126.453,49.674],[-126.477,49.684],[-126.487,49.695],[-126.479,49.712],[-126.412,49.772],[-126.411,49.778],[-126.467,49.792],[-126.474,49.784],[-126.472,49.75],[-126.494,49.719],[-126.517,49.708],[-126.573,49.707],[-126.593,49.716],[-126.605,49.732],[-126.637,49.817],[-126.65,49.898],[-126.706,49.877],[-126.726,49.882],[-126.767,49.912],[-126.783,49.942],[-126.844,49.973],[-126.843,49.961],[-126.811,49.943],[-126.803,49.928],[-126.823,49.9],[-126.854,49.883],[-126.883,49.883],[-126.892,49.891],[-126.919,49.973],[-126.936,49.867],[-127.0,49.863],[-127.0,50.589],[-126.974,50.583],[-126.994,50.569],[-126.977,50.563],[-126.857,50.559],[-126.85,50.552],[-126.864,50.53],[-126.844,50.53],[-126.829,50.548],[-126.766,50.544],[-126.631,50.507],[-126.595,50.48],[-126.569,50.479],[-126.563,50.484],[-126.562,50.498],[-126.556,50.501],[-126.46,50.475],[-126.364,50.487],[-126.272,50.466],[-126.193,50.47],[-126.117,50.455],[-126.024,50.426],[-125.958,50.395],[-125.838,50.387],[-125.789,50.377],[-125.74,50.356],[-125.589,50.371],[-125.454,50.329],[-125.425,50.295],[-125.432,50.288],[-125.411,50.257],[-125.388,50.199],[-125.35,50.144],[-125.37,50.139],[-125.35,50.125],[-125.302,50.107],[-125.293,50.09],[-125.259,50.065],[-125.261,50.049],[-125.223,50.018],[-125.216,49.983],[-125.178,49.925],[-124.882,49.725],[-124.87,49.695],[-124.876,49.677],[-124.891,49.672],[-124.973,49.685],[-124.98,49.682],[-124.976,49.668],[-124.918,49.631],[-124.838,49.517],[-124.808,49.507],[-124.795,49.473],[-124.773,49.461],[-124.724,49.465],[-124.668,49.443],[-124.658,49.438],[-124.637,49.411],[-124.596,49.391],[-124.545,49.377],[-124.36,49.357],[-124.32,49.335],[-124.208,49.308],[-124.175,49.315],[-124.109,49.28],[-124.163,49.272],[-124.178,49.26],[-124.165,49.255],[-124.123,49.26],[-124.071,49.247],[-123.978,49.241],[-123.955,49.229],[-123.946,49.208],[-123.964,49.203],[-123.931,49.144],[-123.917,49.135],[-123.828,49.13],[-123.813,49.119],[-123.787,49.069],[-123.757,49.042],[-123.751,49.028],[-123.774,49.021],[-123.761,48.996],[-123.765,48.988],[-123.78,48.986],[-123.816,49.013],[-123.835,49.006],[-123.835,49.0],[-123.787,48.965],[-123.74,48.943],[-123.58,48.822],[-123.596,48.811],[-123.602,48.797],[-123.568,48.794],[-123.567,48.761],[-123.573,48.746],[-123.618,48.763],[-123.651,48.76],[-123.651,48.753],[-123.561,48.712],[-123.527,48.678],[-123.542,48.65],[-123.541,48.636],[-123.517,48.611],[-123.514,48.595],[-123.518,48.58],[-123.541,48.555],[-123.535,48.54],[-123.514,48.548],[-123.472,48.575],[-123.479,48.591],[-123.479,48.636],[-123.437,48.65],[-123.472,48.672],[-123.472,48.685],[-123.446,48.692],[-123.417,48.691],[-123.399,48.682],[-123.389,48.635],[-123.393,48.63],[-123.355,48.561],[-123.346,48.523],[-123.337,48.508]]],[[[-126.994,50.589],[-127.0,50.589],[-127.0,50.589],[-126.994,50.589]]]]}},{"type":"Feature","properties":{"layer":"land"},"geometry":{"type":"MultiPolygon","coordinates":[[[[-123.239,48.43],[-123.227,48.426],[-123.24,48.419],[-123.251,48.425],[-123.239,48.43]]],[[[-122.791,48.512],[-122.82,48.481],[-122.822,48.5],[-122.839,48.511],[-122.823,48.525],[-122.791,48.524],[-122.795,48.515],[-122.791,48.512]]],[[[-122.582,48.549],[-122.579,48.532],[-122.594,48.537],[-122.644,48.53],[-122.655,48.543],[-122.649,48.588],[-122.582,48.549]]],[[[-122.937,48.576],[-122.914,48.585],[-122.911,48.578],[-122.916,48.568],[-122.94,48.563],[-122.952,48.548],[-122.985,48.555],[-122.984,48.565],[-122.995,48.576],[-123.016,48.582],[-122.97,48.595],[-122.941,48.587],[-122.937,48.576]]],[[[-123.341,48.605],[-123.338,48.594],[-123.351,48.588],[-123.355,48.602],[-123.376,48.618],[-123.341,48.605]]],[[[-122.674,48.627],[-122.664,48.608],[-122.7,48.623],[-122.674,48.627]]],[[[-123.111,48.637],[-123.141,48.638],[-123.163,48.65],[-123.121,48.641],[-123.111,48.637]]],[[[-123.169,48.673],[-123.172,48.669],[-123.198,48.673],[-123.187,48.668],[-123.184,48.663],[-123.19,48.66],[-123.236,48.68],[-123.239,48.687],[-123.215,48.689],[-123.194,48.676],[-123.174,48.68],[-123.169,48.673]]],[[[-122.621,48.692],[-122.654,48.71],[-122.619,48.709],[-122.622,48.72],[-122.611,48.71],[-122.612,48.696],[-122.621,48.692]]],[[[-123.008,48.692],[-123.037,48.677],[-123.043,48.693],[-123.066,48.7],[-123.041,48.717],[-123.015,48.722],[-123.008,48.692]]],[[[-123.294,48.716],[-123.3,48.699],[-123.321,48.707],[-123.334,48.719],[-123.33,48.73],[-123.311,48.731],[-123.294,48.716]]],[[[-123.375,48.716],[-123.388,48.725],[-123.378,48.736],[-123.367,48.735],[-123.362,48.727],[-123.375,48.716]]],[[[-122.883,48.763],[-122.912,48.761],[-122.887,48.747],[-122.913,48.75],[-122.922,48.761],[-122.918,48.762],[-122.92,48.768],[-122.907,48.771],[-122.883,48.763]]],[[[-123.384,48.815],[-123.403,48.831],[-123.404,48.843],[-123.39,48.844],[-123.359,48.832],[-123.355,48.823],[-123.363,48.816],[-123.374,48.816],[-123.366,48.809],[-123.384,48.815]]],[[[-125.196,48.849],[-125.186,48.843],[-125.191,48.83],[-125.208,48.849],[-125.196,48.849]]],[[[-123.328,48.856],[-123.302,48.856],[-123.303,48.869],[-123.288,48.872],[-123.248,48.856],[-123.265,48.859],[-123.247,48.846],[-123.249,48.83],[-123.232,48.814],[-123.322,48.832],[-123.338,48.852],[-123.328,48.856]]],[[[-125.312,48.882],[-125.292,48.866],[-125.314,48.865],[-125.317,48.873],[-125.308,48.876],[-125.312,48.882]]],[[[-125.127,48.897],[-125.122,48.887],[-125.162,48.875],[-125.135,48.896],[-125.127,48.897]]],[[[-125.333,48.9],[-125.335,48.89],[-125.353,48.907],[-125.34,48.905],[-125.333,48.9]]],[[[-125.337,48.908],[-125.318,48.914],[-125.324,48.905],[-125.337,48.908]]],[[[-125.258,48.917],[-125.248,48.916],[-125.248,48.911],[-125.261,48.909],[-125.258,48.917]]],[[[-125.274,48.925],[-125.268,48.915],[-125.292,48.915],[-125.281,48.923],[-125.292,48.922],[-125.295,48.928],[-125.274,48.925]]],[[[-125.237,48.926],[-125.234,48.922],[-125.242,48.928],[-125.247,48.921],[-125.262,48.929],[-125.254,48.928],[-125.258,48.932],[-125.272,48.93],[-125.278,48.941],[-125.237,48.926]]],[[[-125.051,48.95],[-125.062,48.918],[-125.089,48.897],[-125.113,48.897],[-125.12,48.904],[-125.111,48.909],[-125.103,48.931],[-125.081,48.948],[-125.066,48.955],[-125.051,48.95]]],[[[-123.639,48.98],[-123.631,48.944],[-123.634,48.935],[-123.656,48.947],[-123.668,48.975],[-123.66,48.984],[-123.639,48.98]]],[[[-123.674,48.981],[-123.674,48.969],[-123.693,48.984],[-123.707,49.012],[-123.704,49.017],[-123.693,49.013],[-123.68,49.018],[-123.657,48.997],[-123.656,48.987],[-123.674,48.981]]],[[[-123.438,49.406],[-123.438,49.393],[-123.475,49.392],[-123.5,49.382],[-123.464,49.412],[-123.438,49.406]]],[[[-123.953,49.47],[-123.963,49.462],[-123.974,49.468],[-123.987,49.486],[-123.983,49.51],[-123.955,49.491],[-123.953,49.47]]],[[[-126.485,49.667],[-126.486,49.652],[-126.507,49.638],[-126.518,49.614],[-126.545,49.611],[-126.524,49.635],[-126.519,49.646],[-126.536,49.628],[-126.567,49.632],[-126.556,49.654],[-126.537,49.663],[-126.528,49.681],[-126.519,49.683],[-126.485,49.667]]],[[[-124.649,49.883],[-124.63,49.866],[-124.64,49.852],[-124.668,49.84],[-124.667,49.868],[-124.649,49.883]]],[[[-124.945,50.005],[-124.885,49.988],[-124.9,49.968],[-124.916,49.967],[-124.941,49.982],[-124.948,50.0],[-124.945,50.005]]],[[[-126.706,50.578],[-126.693,50.562],[-126.706,50.555],[-126.756,50.559],[-126.781,50.571],[-126.782,50.577],[-126.774,50.587],[-126.762,50.581],[-126.752,50.59],[-126.706,50.578]]],[[[-126.662,50.748],[-126.691,50.738],[-126.714,50.744],[-126.719,50.751],[-126.682,50.769],[-126.653,50.763],[-126.652,50.756],[-126.633,50.757],[-126.662,50.74],[-126.662,50.748]]],[[[-126.742,50.856],[-126.819,50.84],[-126.909,50.84],[-126.924,50.845],[-126.909,50.852],[-126.862,50.849],[-126.881,50.858],[-126.887,50.867],[-126.853,50.883],[-126.813,50.89],[-126.767,50.882],[-126.742,50.865],[-126.742,50.856]]]]}},{"type":"Feature","properties":{"layer":"lakes"},"geometry":{"type":"Polygon","coordinates":[[[-110.207,44.393],[-110.192,44.331],[-110.198,44.32],[-110.211,44.313],[-110.25,44.326],[-110.262,44.395],[-110.28,44.409],[-110.298,44.358],[-110.299,44.331],[-110.28,44.313],[-110.302,44.298],[-110.318,44.314],[-110.345,44.39],[-110.412,44.383],[-110.425,44.387],[-110.384,44.401],[-110.378,44.417],[-110.393,44.429],[-110.397,44.439],[-110.433,44.45],[-110.46,44.453],[-110.479,44.45],[-110.486,44.441],[-110.491,44.423],[-110.5,44.415],[-110.511,44.413],[-110.542,44.418],[-110.566,44.444],[-110.551,44.465],[-110.527,44.484],[-110.463,44.469],[-110.421,44.494],[-110.405,44.496],[-110.397,44.503],[-110.397,44.532],[-110.402,44.542],[-110.407,44.544],[-110.397,44.552],[-110.359,44.57],[-110.32,44.569],[-110.28,44.552],[-110.274,44.539],[-110.274,44.458],[-110.267,44.436],[-110.207,44.393]]]}},{"type":"Feature","properties":{"layer":"lakes"},"geometry":{"type":"Polygon","coordinates":[[[-114.186,47.907],[-114.139,47.924],[-114.156,47.955],[-114.159,47.996],[-114.167,48.01],[-114.201,48.033],[-114.207,48.054],[-114.2,48.072],[-114.185,48.085],[-114.142,48.095],[-114.131,48.092],[-114.115,48.064],[-114.07,48.061],[-114.055,48.047],[-114.038,48.001],[-114.016,47.963],[-114.021,47.872],[-114.005,47.832],[-114.003,47.786],[-114.009,47.764],[-114.022,47.752],[-114.043,47.76],[-114.051,47.788],[-114.057,47.794],[-114.066,47.792],[-114.07,47.766],[-114.043,47.728],[-114.043,47.718],[-114.057,47.711],[-114.118,47.718],[-114.154,47.712],[-114.166,47.715],[-114.155,47.751],[-114.108,47.784],[-114.106,47.798],[-114.121,47.807],[-114.217,47.829],[-114.283,47.82],[-114.3,47.824],[-114.317,47.842],[-114.286,47.845],[-114.247,47.869],[-114.206,47.878],[-114.189,47.895],[-114.186,47.907]]]}},{"type":"Feature","properties":{"layer":"lakes"},"geometry":{"type":"Polygon","coordinates":[[[-116.203,48.17],[-116.189,48.155],[-116.207,48.15],[-116.255,48.155],[-116.263,48.153],[-116.283,48.135],[-116.392,48.135],[-116.411,48.13],[-116.412,48.105],[-116.419,48.091],[-116.453,48.064],[-116.458,48.053],[-116.455,48.044],[-116.442,48.033],[-116.435,48.015],[-116.437,47.994],[-116.454,47.971],[-116.492,47.962],[-116.567,47.957],[-116.567,47.964],[-116.554,47.979],[-116.55,47.997],[-116.525,47.998],[-116.515,48.01],[-116.516,48.018],[-116.533,48.039],[-116.524,48.089],[-116.511,48.112],[-116.479,48.131],[-116.452,48.18],[-116.437,48.197],[-116.414,48.187],[-116.389,48.183],[-116.361,48.215],[-116.369,48.234],[-116.389,48.243],[-116.404,48.261],[-116.415,48.265],[-116.45,48.244],[-116.46,48.253],[-116.469,48.28],[-116.481,48.286],[-116.504,48.278],[-116.538,48.249],[-116.56,48.244],[-116.571,48.253],[-116.525,48.302],[-116.486,48.311],[-116.437,48.313],[-116.403,48.286],[-116.351,48.286],[-116.334,48.279],[-116.286,48.238],[-116.28,48.228],[-116.286,48.217],[-116.263,48.19],[-116.203,48.17]]]}},{"type":"Feature","properties":{"layer":"lakes"},"geometry":{"type":"Polygon","coordinates":[[[-111.297,42.142],[-111.284,42.096],[-111.285,42.038],[-111.306,41.968],[-111.313,41.911],[-111.332,41.883],[-111.346,41.873],[-111.36,41.869],[-111.381,41.883],[-111.41,41.958],[-111.411,41.993],[-111.42,42.021],[-111.413,42.069],[-111.396,42.126],[-111.388,42.14],[-111.375,42.15],[-111.336,42.158],[-111.325,42.156],[-111.297,42.142]]]}},{"type":"Feature","properties":{"layer":"lakes"},"geometry":{"type":"Polygon","coordinates":[[[-111.671,40.229],[-111.672,40.216],[-111.68,40.206],[-111.71,40.199],[-111.731,40.201],[-111.754,40.176],[-111.807,40.179],[-111.821,40.169],[-111.834,40.156],[-111.847,40.12],[-111.841,40.106],[-111.859,40.09],[-111.863,40.072],[-111.894,40.061],[-111.892,40.086],[-111.874,40.097],[-111.901,40.122],[-111.901,40.145],[-111.919,40.159],[-111.92,40.168],[-111.868,40.23],[-111.85,40.265],[-111.842,40.295],[-111.87,40.344],[-111.885,40.362],[-111.884,40.371],[-111.863,40.38],[-111.845,40.38],[-111.769,40.359],[-111.757,40.344],[-111.752,40.313],[-111.725,40.289],[-111.733,40.268],[-111.726,40.238],[-111.687,40.239],[-111.671,40.229]]]}},{"type":"Feature","properties":{"layer":"lakes"},"geometry":{"type":"Polygon","coordinates":[[[-121.809,42.271],[-121.807,42.259],[-121.81,42.249],[-121.821,42.243],[-121.891,42.318],[-121.931,42.312],[-121.944,42.325],[-121.94,42.345],[-121.909,42.361],[-121.91,42.381],[-121.92,42.394],[-121.935,42.402],[-121.953,42.402],[-121.971,42.393],[-121.974,42.412],[-121.986,42.421],[-122.001,42.421],[-122.012,42.407],[-122.033,42.421],[-122.052,42.442],[-122.081,42.483],[-122.054,42.497],[-122.019,42.503],[-121.996,42.544],[-121.996,42.551],[-121.979,42.557],[-121.974,42.585],[-121.953,42.59],[-121.948,42.602],[-121.958,42.634],[-121.945,42.632],[-121.937,42.62],[-121.929,42.57],[-121.933,42.543],[-121.947,42.531],[-121.967,42.525],[-121.98,42.51],[-121.979,42.492],[-121.958,42.476],[-121.91,42.476],[-121.884,42.458],[-121.861,42.45],[-121.83,42.418],[-121.817,42.38],[-121.825,42.292],[-121.809,42.271]]]}},{"type":"Feature","properties":{"layer":"lakes"},"geometry":{"type":"Polygon","coordinates":[[[-111.555,46.478],[-111.573,46.514],[-111.707,46.638],[-111.712,46.649],[-111.703,46.662],[-111.687,46.66],[-111.67,46.651],[-111.628,46.61],[-111.605,46.594],[-111.569,46.579],[-111.542,46.519],[-111.5,46.499],[-111.495,46.492],[-111.474,46.449],[-111.475,46.426],[-111.486,46.389],[-111.514,46.36],[-111.533,46.385],[-111.555,46.478]]]}},{"type":"Feature","properties":{"layer":"lakes"},"geometry":{"type":"Polygon","coordinates":[[[-110.7,43.933],[-110.7,44.011],[-110.713,44.059],[-110.705,44.059],[-110.678,44.026],[-110.659,44.01],[-110.645,43.988],[-110.63,43.935],[-110.636,43.888],[-110.633,43.878],[-110.624,43.875],[-110.597,43.884],[-110.582,43.881],[-110.59,43.863],[-110.604,43.847],[-110.619,43.837],[-110.63,43.84],[-110.645,43.827],[-110.656,43.828],[-110.678,43.847],[-110.725,43.87],[-110.74,43.881],[-110.717,43.889],[-110.704,43.908],[-110.7,43.933]]]}},{"type":"Feature","properties":{"layer":"lakes"},"geometry":{"type":"Polygon","coordinates":[[[-109.519,54.961],[-109.518,54.949],[-109.542,54.9],[-109.589,54.866],[-109.609,54.859],[-109.712,54.845],[-109.767,54.845],[-109.783,54.848],[-109.794,54.873],[-109.844,54.881],[-109.871,54.878],[-109.883,54.87],[-109.873,54.832],[-109.911,54.797],[-109.984,54.783],[-110.025,54.762],[-110.039,54.77],[-110.044,54.789],[-110.034,54.811],[-109.948,54.859],[-109.932,54.889],[-109.905,54.906],[-109.842,54.967],[-109.82,55.0],[-109.549,55.0],[-109.554,54.982],[-109.525,54.968],[-109.519,54.961]]]}},{"type":"Feature","properties":{"layer":"lakes"},"geometry":{"type":"Polygon","coordinates":[[[-107.514,54.679],[-107.523,54.659],[-107.542,54.669],[-107.569,54.709],[-107.575,54.732],[-107.563,54.742],[-107.5,54.765],[-107.5,54.685],[-107.514,54.679]]]}},{"type":"Feature","properties":{"layer":"lakes"},"geometry":{"type":"Polygon","coordinates":[[[-111.187,44.804],[-111.2,44.788],[-111.197,44.78],[-111.137,44.773],[-111.098,44.759],[-111.12,44.766],[-111.149,44.765],[-111.201,44.75],[-111.194,44.742],[-111.217,44.749],[-111.237,44.762],[-111.251,44.779],[-111.264,44.825],[-111.292,44.843],[-111.31,44.873],[-111.214,44.819],[-111.14,44.811],[-111.152,44.806],[-111.187,44.804]]]}},{"type":"Feature","properties":{"layer":"lakes"},"geometry":{"type":"Polygon","coordinates":[[[-109.89,54.595],[-109.842,54.565],[-109.842,54.557],[-109.912,54.528],[-109.946,54.521],[-109.986,54.502],[-110.025,54.494],[-110.034,54.482],[-109.972,54.482],[-109.982,54.467],[-109.999,54.454],[-110.037,54.441],[-110.082,54.455],[-110.127,54.441],[-110.145,54.446],[-110.193,54.471],[-110.205,54.482],[-110.206,54.493],[-110.199,54.512],[-110.202,54.52],[-110.213,54.528],[-110.253,54.537],[-110.253,54.543],[-110.239,54.556],[-110.188,54.595],[-110.158,54.625],[-110.141,54.629],[-110.078,54.619],[-109.949,54.641],[-109.915,54.628],[-109.894,54.607],[-109.89,54.595]]]}},{"type":"Feature","properties":{"layer":"lakes"},"geometry":{"type":"Polygon","coordinates":[[[-118.252,40.71],[-118.233,40.699],[-118.279,40.684],[-118.296,40.674],[-118.319,40.644],[-118.323,40.626],[-118.292,40.594],[-118.285,40.569],[-118.29,40.541],[-118.305,40.513],[-118.304,40.577],[-118.333,40.616],[-118.339,40.632],[-118.332,40.661],[-118.312,40.692],[-118.286,40.714],[-118.252,40.71]]]}},{"type":"Feature","properties":{"layer":"lakes"},"geometry":{"type":"Polygon","coordinates":[[[-107.512,47.647],[-107.539,47.65],[-107.649,47.633],[-107.67,47.622],[-107.724,47.567],[-107.806,47.538],[-107.822,47.522],[-107.831,47.475],[-107.878,47.445],[-107.889,47.4],[-107.907,47.379],[-107.929,47.362],[-107.95,47.355],[-107.921,47.392],[-107.916,47.406],[-107.916,47.465],[-107.9,47.501],[-107.93,47.571],[-107.967,47.596],[-108.204,47.602],[-108.179,47.61],[-108.009,47.616],[-107.94,47.598],[-107.922,47.59],[-107.896,47.561],[-107.882,47.52],[-107.875,47.477],[-107.858,47.471],[-107.848,47.477],[-107.855,47.509],[-107.85,47.532],[-107.838,47.548],[-107.82,47.558],[-107.777,47.566],[-107.727,47.59],[-107.712,47.602],[-107.69,47.643],[-107.662,47.66],[-107.656,47.671],[-107.701,47.673],[-107.723,47.68],[-107.738,47.691],[-107.723,47.697],[-107.684,47.684],[-107.555,47.677],[-107.52,47.668],[-107.5,47.657],[-107.5,47.641],[-107.512,47.647]]]}},{"type":"Feature","properties":{"layer":"lakes"},"geometry":{"type":"Polygon","coordinates":[[[-117.918,49.353],[-117.907,49.342],[-117.959,49.353],[-118.078,49.406],[-118.103,49.432],[-118.157,49.52],[-118.172,49.558],[-118.161,49.596],[-118.17,49.623],[-118.164,49.649],[-118.153,49.673],[-118.143,49.726],[-118.132,49.753],[-118.092,49.802],[-118.093,49.783],[-118.099,49.767],[-118.127,49.631],[-118.093,49.505],[-118.082,49.48],[-118.052,49.443],[-118.01,49.422],[-117.966,49.378],[-117.918,49.353]]]}},{"type":"Feature","properties":{"layer":"lakes"},"geometry":{"type":"Polygon","coordinates":[[[-120.027,47.873],[-119.981,47.835],[-120.009,47.851],[-120.116,47.869],[-120.16,47.883],[-120.182,47.894],[-120.192,47.907],[-120.192,47.951],[-120.206,47.985],[-120.244,48.016],[-120.296,48.037],[-120.463,48.078],[-120.494,48.109],[-120.526,48.163],[-120.545,48.171],[-120.553,48.191],[-120.568,48.207],[-120.579,48.215],[-120.615,48.223],[-120.623,48.238],[-120.635,48.281],[-120.657,48.304],[-120.662,48.314],[-120.657,48.331],[-120.652,48.334],[-120.626,48.311],[-120.589,48.245],[-120.529,48.208],[-120.452,48.102],[-120.419,48.083],[-120.281,48.053],[-120.226,48.034],[-120.179,48.006],[-120.157,47.972],[-120.166,47.926],[-120.151,47.91],[-120.119,47.896],[-120.055,47.885],[-120.027,47.873]]]}},{"type":"Feature","properties":{"layer":"lakes"},"geometry":{"type":"Polygon","coordinates":[[[-118.36,52.125],[-118.386,52.108],[-118.385,52.097],[-118.366,52.09],[-118.382,52.08],[-118.413,52.074],[-118.445,52.074],[-118.501,52.095],[-118.528,52.099],[-118.504,52.118],[-118.493,52.143],[-118.506,52.174],[-118.515,52.221],[-118.527,52.234],[-118.565,52.255],[-118.609,52.314],[-118.631,52.327],[-118.658,52.354],[-118.703,52.371],[-118.724,52.385],[-118.768,52.436],[-118.833,52.495],[-118.876,52.555],[-118.943,52.602],[-118.984,52.617],[-119.021,52.645],[-119.084,52.705],[-119.121,52.727],[-119.121,52.734],[-119.1,52.734],[-119.058,52.721],[-119.007,52.662],[-118.989,52.649],[-118.872,52.588],[-118.803,52.516],[-118.748,52.481],[-118.735,52.467],[-118.73,52.443],[-118.72,52.431],[-118.618,52.36],[-118.524,52.268],[-118.483,52.235],[-118.464,52.215],[-118.446,52.169],[-118.423,52.154],[-118.393,52.147],[-118.281,52.147],[-118.257,52.152],[-118.181,52.191],[-118.161,52.186],[-118.2,52.138],[-118.227,52.123],[-118.264,52.118],[-118.336,52.127],[-118.36,52.125]]]}},{"type":"Feature","properties":{"layer":"lakes"},"geometry":{"type":"Polygon","coordinates":[[[-122.145,40.765],[-122.095,40.783],[-122.108,40.765],[-122.128,40.752],[-122.151,40.744],[-122.177,40.742],[-122.225,40.762],[-122.242,40.749],[-122.262,40.755],[-122.362,40.749],[-122.375,40.745],[-122.4,40.721],[-122.427,40.734],[-122.444,40.735],[-122.42,40.767],[-122.417,40.783],[-122.391,40.771],[-122.385,40.785],[-122.391,40.81],[-122.403,40.831],[-122.35,40.831],[-122.334,40.824],[-122.347,40.812],[-122.355,40.796],[-122.354,40.782],[-122.338,40.776],[-122.308,40.783],[-122.267,40.835],[-122.259,40.869],[-122.227,40.893],[-122.225,40.914],[-122.211,40.893],[-122.224,40.867],[-122.273,40.811],[-122.279,40.783],[-122.26,40.77],[-122.191,40.794],[-122.164,40.79],[-122.191,40.773],[-122.188,40.765],[-122.145,40.765]]]}},{"type":"Feature","properties":{"layer":"lakes"},"geometry":{"type":"Polygon","coordinates":[[[-118.092,48.671],[-118.072,48.664],[-118.09,48.616],[-118.099,48.609],[-118.123,48.606],[-118.13,48.555],[-118.154,48.514],[-118.161,48.486],[-118.196,48.465],[-118.196,48.412],[-118.152,48.267],[-118.168,48.232],[-118.173,48.257],[-118.209,48.342],[-118.225,48.397],[-118.227,48.426],[-118.223,48.458],[-118.21,48.492],[-118.175,48.545],[-118.147,48.606],[-118.12,48.626],[-118.114,48.661],[-118.106,48.673],[-118.092,48.685],[-118.086,48.678],[-118.092,48.671]]]}},{"type":"Feature","properties":{"layer":"lakes"},"geometry":{"type":"Polygon","coordinates":[[[-117.696,50.756],[-117.701,50.74],[-117.779,50.714],[-117.804,50.695],[-117.868,50.675],[-117.887,50.658],[-117.856,50.654],[-117.863,50.631],[-117.908,50.575],[-117.898,50.559],[-117.896,50.539],[-117.901,50.469],[-117.888,50.426],[-117.894,50.405],[-117.887,50.356],[-117.882,50.343],[-117.815,50.255],[-117.796,50.24],[-117.777,50.202],[-117.801,50.138],[-117.826,50.12],[-117.88,50.103],[-117.837,50.136],[-117.832,50.172],[-117.852,50.21],[-117.88,50.247],[-117.894,50.281],[-117.918,50.3],[-117.942,50.341],[-117.942,50.377],[-117.955,50.463],[-117.942,50.504],[-117.949,50.548],[-117.947,50.611],[-117.934,50.637],[-117.932,50.665],[-117.901,50.685],[-117.846,50.699],[-117.804,50.734],[-117.78,50.743],[-117.725,50.751],[-117.701,50.761],[-117.696,50.756]]]}},{"type":"Feature","properties":{"layer":"lakes"},"geometry":{"type":"Polygon","coordinates":[[[-117.539,51.695],[-117.517,51.659],[-117.543,51.666],[-117.593,51.691],[-117.675,51.713],[-117.694,51.729],[-117.701,51.758],[-117.724,51.793],[-117.832,51.845],[-117.873,51.87],[-117.746,51.839],[-117.66,51.796],[-117.564,51.772],[-117.551,51.755],[-117.55,51.736],[-117.586,51.739],[-117.606,51.734],[-117.551,51.706],[-117.539,51.695]]]}},{"type":"Feature","properties":{"layer":"lakes"},"geometry":{"type":"Polygon","coordinates":[[[-107.5,50.627],[-107.529,50.614],[-107.549,50.613],[-107.628,50.652],[-107.64,50.653],[-107.704,50.652],[-107.718,50.638],[-107.739,50.64],[-107.783,50.66],[-107.81,50.665],[-107.906,50.665],[-107.92,50.662],[-107.947,50.644],[-107.977,50.644],[-108.006,50.658],[-107.979,50.661],[-107.94,50.687],[-107.919,50.693],[-107.602,50.665],[-107.56,50.644],[-107.546,50.643],[-107.5,50.655],[-107.5,50.627]]]}},{"type":"Feature","properties":{"layer":"lakes"},"geometry":{"type":"Polygon","coordinates":[[[-122.627,41.023],[-122.606,41.036],[-122.617,41.016],[-122.656,40.979],[-122.672,40.956],[-122.653,40.957],[-122.677,40.936],[-122.677,40.923],[-122.665,40.913],[-122.679,40.906],[-122.678,40.887],[-122.706,40.884],[-122.717,40.876],[-122.733,40.85],[-122.739,40.835],[-122.713,40.826],[-122.72,40.822],[-122.755,40.82],[-122.77,40.839],[-122.797,40.835],[-122.788,40.843],[-122.786,40.853],[-122.837,40.863],[-122.856,40.877],[-122.822,40.868],[-122.81,40.875],[-122.787,40.875],[-122.765,40.899],[-122.76,40.92],[-122.754,40.882],[-122.729,40.884],[-122.705,40.917],[-122.704,40.94],[-122.692,40.95],[-122.678,40.997],[-122.687,41.019],[-122.689,41.076],[-122.665,41.036],[-122.665,41.024],[-122.658,41.017],[-122.627,41.023]]]}},{"type":"Feature","properties":{"layer":"lakes"},"geometry":{"type":"Polygon","coordinates":[[[-109.561,41.037],[-109.562,41.06],[-109.582,41.078],[-109.556,41.08],[-109.547,41.085],[-109.559,41.105],[-109.535,41.138],[-109.535,41.148],[-109.56,41.156],[-109.565,41.207],[-109.571,41.217],[-109.59,41.226],[-109.598,41.246],[-109.596,41.256],[-109.56,41.27],[-109.55,41.286],[-109.519,41.311],[-109.513,41.297],[-109.518,41.282],[-109.554,41.256],[-109.533,41.237],[-109.523,41.218],[-109.517,41.157],[-109.499,41.126],[-109.528,41.062],[-109.529,41.046],[-109.51,41.013],[-109.512,40.998],[-109.538,40.984],[-109.589,40.969],[-109.582,40.961],[-109.598,40.96],[-109.606,40.953],[-109.608,40.941],[-109.602,40.927],[-109.618,40.928],[-109.624,40.941],[-109.618,40.963],[-109.589,40.982],[-109.625,41.002],[-109.629,41.016],[-109.624,41.022],[-109.589,41.003],[-109.57,41.017],[-109.561,41.037]]]}},{"type":"Feature","properties":{"layer":"lakes"},"geometry":{"type":"Polygon","coordinates":[[[-112.607,42.996],[-112.581,42.991],[-112.583,42.979],[-112.624,42.955],[-112.68,42.938],[-112.696,42.925],[-112.709,42.892],[-112.717,42.887],[-112.761,42.881],[-112.829,42.826],[-112.852,42.819],[-112.859,42.811],[-112.874,42.822],[-112.878,42.83],[-112.875,42.835],[-112.819,42.9],[-112.8,42.912],[-112.778,42.935],[-112.764,42.937],[-112.716,43.032],[-112.69,43.066],[-112.673,43.059],[-112.663,43.046],[-112.607,42.996]]]}},{"type":"Feature","properties":{"layer":"lakes"},"geometry":{"type":"Polygon","coordinates":[[[-111.154,43.296],[-111.156,43.31],[-111.164,43.319],[-111.192,43.321],[-111.199,43.325],[-111.194,43.337],[-111.167,43.341],[-111.11,43.339],[-111.11,43.333],[-111.116,43.328],[-111.115,43.29],[-111.053,43.215],[-111.041,43.175],[-111.095,43.206],[-111.14,43.265],[-111.154,43.296]]]}},{"type":"Feature","properties":{"layer":"lakes"},"geometry":{"type":"Polygon","coordinates":[[[-121.469,39.698],[-121.418,39.695],[-121.404,39.706],[-121.419,39.723],[-121.444,39.729],[-121.41,39.732],[-121.397,39.728],[-121.388,39.718],[-121.396,39.698],[-121.417,39.685],[-121.467,39.684],[-121.481,39.669],[-121.472,39.637],[-121.44,39.605],[-121.415,39.607],[-121.407,39.59],[-121.381,39.602],[-121.292,39.623],[-121.301,39.61],[-121.359,39.593],[-121.389,39.571],[-121.358,39.558],[-121.293,39.565],[-121.305,39.556],[-121.337,39.548],[-121.398,39.55],[-121.442,39.534],[-121.439,39.551],[-121.447,39.565],[-121.47,39.556],[-121.464,39.577],[-121.477,39.58],[-121.485,39.588],[-121.471,39.604],[-121.472,39.619],[-121.488,39.657],[-121.506,39.674],[-121.543,39.687],[-121.563,39.717],[-121.55,39.75],[-121.544,39.718],[-121.529,39.691],[-121.517,39.686],[-121.5,39.694],[-121.469,39.698]]]}},{"type":"Feature","properties":{"layer":"lakes"},"geometry":{"type":"Polygon","coordinates":[[[-108.123,43.373],[-108.128,43.348],[-108.151,43.31],[-108.147,43.253],[-108.151,43.223],[-108.168,43.21],[-108.181,43.221],[-108.188,43.246],[-108.188,43.337],[-108.2,43.346],[-108.24,43.361],[-108.178,43.406],[-108.164,43.423],[-108.137,43.402],[-108.123,43.373]]]}},{"type":"Feature","properties":{"layer":"lakes"},"geometry":{"type":"Polygon","coordinates":[[[-111.932,40.967],[-111.934,40.956],[-111.945,40.947],[-112.024,40.91],[-112.065,40.904],[-112.12,40.876],[-112.133,40.857],[-112.138,40.813],[-112.184,40.774],[-112.236,40.747],[-112.267,40.725],[-112.34,40.689],[-112.367,40.689],[-112.395,40.699],[-112.402,40.706],[-112.394,40.716],[-112.405,40.741],[-112.406,40.772],[-112.445,40.808],[-112.446,40.856],[-112.454,40.886],[-112.484,40.946],[-112.49,40.944],[-112.52,40.909],[-112.531,40.86],[-112.547,40.835],[-112.554,40.829],[-112.562,40.832],[-112.595,40.88],[-112.634,40.904],[-112.637,40.918],[-112.631,40.941],[-112.659,40.939],[-112.684,40.965],[-112.744,40.997],[-112.752,41.004],[-112.751,41.012],[-112.736,41.032],[-112.776,41.04],[-112.774,41.049],[-112.761,41.049],[-112.756,41.054],[-112.76,41.085],[-112.769,41.096],[-112.768,41.117],[-112.78,41.142],[-112.78,41.168],[-112.772,41.19],[-112.784,41.205],[-112.818,41.228],[-112.843,41.271],[-112.894,41.301],[-112.916,41.326],[-112.923,41.327],[-112.972,41.303],[-112.969,41.271],[-113.007,41.275],[-113.016,41.282],[-113.015,41.294],[-112.997,41.326],[-112.978,41.331],[-112.955,41.328],[-112.942,41.333],[-112.952,41.381],[-112.997,41.455],[-113.024,41.523],[-113.018,41.525],[-113.002,41.521],[-112.999,41.534],[-112.98,41.54],[-112.977,41.545],[-112.982,41.555],[-112.978,41.568],[-112.987,41.576],[-113.016,41.587],[-113.025,41.605],[-113.011,41.615],[-112.977,41.616],[-112.937,41.631],[-112.902,41.628],[-112.858,41.636],[-112.839,41.652],[-112.825,41.658],[-112.823,41.671],[-112.811,41.677],[-112.775,41.681],[-112.752,41.676],[-112.729,41.662],[-112.7,41.635],[-112.708,41.581],[-112.74,41.558],[-112.745,41.546],[-112.724,41.502],[-112.706,41.494],[-112.677,41.458],[-112.637,41.435],[-112.597,41.424],[-112.589,41.426],[-112.581,41.439],[-112.552,41.437],[-112.516,41.419],[-112.503,41.346],[-112.48,41.333],[-112.473,41.323],[-112.482,41.276],[-112.472,41.238],[-112.46,41.224],[-112.43,41.207],[-112.412,41.207],[-112.397,41.218],[-112.346,41.232],[-112.346,41.267],[-112.361,41.274],[-112.383,41.331],[-112.4,41.348],[-112.383,41.373],[-112.385,41.393],[-112.406,41.409],[-112.397,41.454],[-112.361,41.462],[-112.342,41.449],[-112.326,41.45],[-112.313,41.46],[-112.285,41.448],[-112.271,41.432],[-112.269,41.423],[-112.294,41.42],[-112.277,41.388],[-112.269,41.385],[-112.245,41.389],[-112.222,41.382],[-112.179,41.389],[-112.143,41.412],[-112.066,41.41],[-112.052,41.38],[-112.055,41.371],[-112.098,41.336],[-112.127,41.341],[-112.133,41.353],[-112.154,41.328],[-112.173,41.331],[-112.204,41.345],[-112.253,41.348],[-112.292,41.319],[-112.325,41.271],[-112.299,41.265],[-112.257,41.265],[-112.251,41.237],[-112.194,41.193],[-112.179,41.149],[-112.141,41.126],[-112.122,41.082],[-112.104,41.061],[-112.097,41.055],[-112.06,41.049],[-111.998,41.026],[-111.966,41.002],[-111.95,40.978],[-111.932,40.967]],[[-112.52,41.014],[-112.529,41.036],[-112.555,41.03],[-112.554,41.01],[-112.54,40.991],[-112.533,41.006],[-112.52,41.014]],[[-112.312,41.142],[-112.322,41.17],[-112.343,41.187],[-112.358,41.189],[-112.388,41.179],[-112.384,41.174],[-112.36,41.169],[-112.317,41.139],[-112.312,41.142]],[[-112.169,40.931],[-112.162,40.955],[-112.166,40.976],[-112.192,41.014],[-112.194,41.043],[-112.207,41.06],[-112.235,41.075],[-112.253,41.071],[-112.25,41.058],[-112.271,41.052],[-112.265,41.039],[-112.245,41.037],[-112.236,41.022],[-112.248,41.006],[-112.248,40.965],[-112.177,40.873],[-112.173,40.875],[-112.175,40.89],[-112.167,40.908],[-112.169,40.931]]]}},{"type":"Feature","properties":{"layer":"lakes"},"geometry":{"type":"Polygon","coordinates":[[[-120.324,42.057],[-120.313,42.015],[-120.32,41.969],[-120.356,41.927],[-120.368,41.871],[-120.376,41.86],[-120.368,41.825],[-120.38,41.807],[-120.4,41.795],[-120.475,41.774],[-120.476,41.791],[-120.464,41.794],[-120.471,41.811],[-120.471,41.852],[-120.494,41.88],[-120.503,41.924],[-120.488,41.948],[-120.484,41.969],[-120.487,41.992],[-120.478,42.003],[-120.498,42.025],[-120.495,42.049],[-120.456,42.095],[-120.437,42.108],[-120.415,42.113],[-120.349,42.089],[-120.324,42.057]]]}},{"type":"Feature","properties":{"layer":"lakes"},"geometry":{"type":"Polygon","coordinates":[[[-119.43,39.927],[-119.419,39.911],[-119.419,39.89],[-119.434,39.873],[-119.454,39.867],[-119.48,39.887],[-119.502,39.898],[-119.518,39.917],[-119.571,39.934],[-119.588,39.947],[-119.609,39.979],[-119.617,40.022],[-119.628,40.037],[-119.687,40.075],[-119.694,40.085],[-119.708,40.12],[-119.703,40.136],[-119.691,40.134],[-119.681,40.14],[-119.667,40.175],[-119.644,40.193],[-119.617,40.205],[-119.588,40.21],[-119.559,40.207],[-119.531,40.182],[-119.517,40.135],[-119.496,39.975],[-119.48,39.946],[-119.43,39.927]]]}},{"type":"Feature","properties":{"layer":"lakes"},"geometry":{"type":"Polygon","coordinates":[[[-118.647,43.269],[-118.66,43.276],[-118.675,43.3],[-118.688,43.301],[-118.717,43.291],[-118.737,43.293],[-118.757,43.283],[-118.772,43.269],[-118.786,43.23],[-118.808,43.234],[-118.842,43.263],[-118.882,43.263],[-118.927,43.327],[-118.931,43.354],[-118.965,43.38],[-118.964,43.394],[-118.949,43.42],[-118.931,43.424],[-118.823,43.416],[-118.752,43.421],[-118.657,43.444],[-118.67,43.416],[-118.673,43.394],[-118.667,43.38],[-118.65,43.381],[-118.64,43.374],[-118.595,43.305],[-118.598,43.29],[-118.618,43.27],[-118.647,43.269]]]}},{"type":"Feature","properties":{"layer":"lakes"},"geometry":{"type":"Polygon","coordinates":[[[-119.007,43.243],[-119.018,43.203],[-119.035,43.196],[-119.074,43.163],[-119.09,43.161],[-119.18,43.194],[-119.19,43.206],[-119.184,43.233],[-119.232,43.257],[-119.223,43.264],[-119.173,43.275],[-119.163,43.286],[-119.155,43.321],[-119.127,43.293],[-119.092,43.287],[-119.064,43.262],[-119.022,43.257],[-119.007,43.243]]]}},{"type":"Feature","properties":{"layer":"rivers"},"geometry":{"type":"LineString","coordinates":[[-121.473,39.557],[-121.444,39.576],[-121.398,39.576],[-121.368,39.598],[-121.291,39.623]]}},{"type":"Feature","properties":{"layer":"rivers"},"geometry":{"type":"MultiLineString","coordinates":[[[-120.156,39.838],[-120.222,39.8],[-120.241,39.8],[-120.283,39.817],[-120.345,39.807],[-120.359,39.817],[-120.374,39.843],[-120.385,39.846],[-120.437,39.841],[-120.502,39.817],[-120.554,39.762],[-120.567,39.759],[-120.597,39.787],[-120.635,39.805],[-120.669,39.851],[-120.708,39.878],[-120.806,39.879],[-120.863,39.861],[-120.952,39.858],[-121.042,39.815],[-121.146,39.795],[-121.188,39.763],[-121.199,39.746],[-121.249,39.733],[-121.267,39.699],[-121.294,39.685],[-121.298,39.677],[-121.272,39.65],[-121.286,39.643],[-121.282,39.635],[-121.291,39.623]],[[-121.473,39.557],[-121.499,39.557],[-121.54,39.546],[-121.569,39.516],[-121.574,39.5]]]}},{"type":"Feature","properties":{"layer":"rivers"},"geometry":{"type":"LineString","coordinates":[[-108.157,43.417],[-108.174,43.292],[-108.158,43.218]]}},{"type":"Feature","properties":{"layer":"rivers"},"geometry":{"type":"MultiLineString","coordinates":[[[-109.884,43.649],[-109.837,43.633],[-109.766,43.622],[-109.713,43.581],[-109.646,43.561],[-109.608,43.539],[-109.527,43.526],[-109.469,43.489],[-109.449,43.484],[-109.435,43.454],[-109.412,43.431],[-109.386,43.431],[-109.357,43.443],[-109.286,43.423],[-109.233,43.382],[-109.167,43.359],[-109.069,43.286],[-109.023,43.263],[-108.745,43.19],[-108.653,43.122],[-108.522,43.081],[-108.465,43.05],[-108.423,43.054],[-108.404,43.066],[-108.359,43.116],[-108.314,43.138],[-108.287,43.141],[-108.232,43.126],[-108.202,43.13],[-108.167,43.157],[-108.158,43.187],[-108.158,43.218]],[[-107.897,44.163],[-107.917,44.08],[-107.953,44.027],[-107.978,43.978],[-108.007,43.944],[-108.04,43.919],[-108.151,43.861],[-108.167,43.844],[-108.151,43.789],[-108.145,43.732],[-108.151,43.711],[-108.193,43.665],[-108.198,43.646],[-108.191,43.588],[-108.146,43.497],[-108.137,43.452],[-108.158,43.416]],[[-109.908,43.369],[-109.881,43.356],[-109.782,43.26],[-109.746,43.237]]]}},{"type":"Feature","properties":{"layer":"rivers"},"geometry":{"type":"LineString","coordinates":[[-118.233,40.699],[-118.277,40.698],[-118.308,40.673],[-118.326,40.646],[-118.33,40.624],[-118.321,40.607],[-118.304,40.593],[-118.296,40.574],[-118.306,40.515]]}},{"type":"Feature","properties":{"layer":"rivers"},"geometry":{"type":"MultiLineString","coordinates":[[[-114.92,41.25],[-115.003,41.22],[-115.088,41.158],[-115.173,41.123],[-115.255,41.066],[-115.336,41.036],[-115.372,41.016],[-115.421,40.968],[-115.447,40.954],[-115.52,40.948],[-115.595,40.969],[-115.641,40.956],[-115.657,40.962],[-115.675,40.945],[-115.709,40.896],[-115.759,40.85],[-115.801,40.845],[-115.82,40.83],[-115.846,40.791],[-115.891,40.776],[-115.954,40.721],[-115.995,40.742],[-116.11,40.712],[-116.136,40.694],[-116.15,40.652],[-116.204,40.606],[-116.24,40.593],[-116.283,40.588],[-116.451,40.597],[-116.473,40.608],[-116.482,40.629],[-116.482,40.697],[-116.489,40.708],[-116.523,40.721],[-116.574,40.719],[-116.667,40.702],[-116.739,40.702],[-116.776,40.683],[-116.826,40.675],[-116.873,40.678],[-116.897,40.69],[-117.024,40.796],[-117.075,40.848],[-117.094,40.861],[-117.154,40.88],[-117.205,40.952],[-117.254,40.997],[-117.31,41.032],[-117.33,41.037],[-117.348,41.003],[-117.368,40.991],[-117.414,40.982],[-117.585,41.05],[-117.678,41.037],[-117.695,41.028],[-117.729,40.975],[-117.796,40.942],[-117.948,40.902],[-118.004,40.852],[-118.035,40.739],[-118.058,40.715],[-118.092,40.707],[-118.233,40.699]],[[-118.606,40.01],[-118.552,40.019],[-118.51,40.038],[-118.42,40.103],[-118.414,40.145],[-118.417,40.156],[-118.44,40.167],[-118.439,40.182],[-118.411,40.237],[-118.364,40.296],[-118.353,40.324],[-118.333,40.338],[-118.333,40.359],[-118.296,40.433],[-118.288,40.479],[-118.306,40.515]]]}},{"type":"Feature","properties":{"layer":"rivers"},"geometry":{"type":"LineString","coordinates":[[-114.106,47.716],[-114.09,47.781],[-114.086,47.853],[-114.096,47.929],[-114.109,47.977],[-114.136,48.034],[-114.138,48.07],[-114.125,48.083]]}},{"type":"Feature","properties":{"layer":"rivers"},"geometry":{"type":"MultiLineString","coordinates":[[[-114.674,49.392],[-114.593,49.381],[-114.564,49.365],[-114.55,49.323],[-114.54,49.261],[-114.484,49.206],[-114.482,49.178],[-114.502,49.1],[-114.491,49.059],[-114.468,49.028],[-114.4,48.973],[-114.327,48.843],[-114.289,48.821],[-114.272,48.801],[-114.276,48.781],[-114.262,48.763],[-114.218,48.727],[-114.181,48.712],[-114.164,48.695],[-114.146,48.658],[-114.153,48.617],[-114.116,48.577],[-114.112,48.565],[-114.113,48.553],[-114.127,48.543],[-114.098,48.514],[-114.063,48.494],[-114.067,48.458],[-114.048,48.449],[-114.043,48.431],[-114.047,48.421],[-114.057,48.415],[-114.175,48.399],[-114.204,48.365],[-114.226,48.272],[-114.262,48.226],[-114.261,48.198],[-114.245,48.189],[-114.146,48.198],[-114.127,48.163],[-114.108,48.147],[-114.109,48.123],[-114.125,48.083]],[[-114.775,47.352],[-114.722,47.359],[-114.674,47.348],[-114.641,47.349],[-114.609,47.371],[-114.556,47.385],[-114.535,47.384],[-114.47,47.354],[-114.375,47.334],[-114.358,47.336],[-114.332,47.358],[-114.325,47.374],[-114.329,47.403],[-114.323,47.427],[-114.278,47.489],[-114.276,47.503],[-114.291,47.514],[-114.307,47.515],[-114.357,47.498],[-114.358,47.521],[-114.338,47.561],[-114.316,47.573],[-114.318,47.59],[-114.343,47.628],[-114.34,47.645],[-114.317,47.656],[-114.261,47.656],[-114.206,47.679],[-114.125,47.684],[-114.113,47.695],[-114.107,47.715]]]}},{"type":"Feature","properties":{"layer":"rivers"},"geometry":{"type":"LineString","coordinates":[[-112.257,41.475],[-112.243,41.492],[-112.23,41.491],[-112.191,41.467]]}},{"type":"Feature","properties":{"layer":"rivers"},"geometry":{"type":"MultiLineString","coordinates":[[[-110.843,40.832],[-110.826,40.888],[-110.835,40.973],[-110.859,41.007],[-110.924,41.05],[-110.933,41.072],[-110.931,41.094],[-110.885,41.187],[-110.887,41.218],[-110.906,41.255],[-110.93,41.267],[-110.956,41.302],[-110.987,41.318],[-111.0,41.35],[-111.006,41.394],[-111.007,41.529],[-111.016,41.548],[-111.055,41.537],[-111.116,41.551],[-111.122,41.565],[-111.134,41.668],[-111.131,41.688],[-111.116,41.709],[-111.072,41.747],[-111.065,41.796],[-111.046,41.838],[-110.994,41.889],[-110.993,41.91],[-110.973,41.934],[-110.948,41.987],[-110.94,42.017],[-110.942,42.06],[-110.969,42.1],[-110.973,42.14],[-110.985,42.161],[-111.048,42.222],[-111.083,42.202],[-111.1,42.178],[-111.128,42.159],[-111.147,42.154],[-111.144,42.195],[-111.185,42.209],[-111.214,42.233],[-111.249,42.241],[-111.284,42.271],[-111.295,42.284],[-111.295,42.305],[-111.315,42.318],[-111.325,42.339],[-111.336,42.417],[-111.397,42.5],[-111.401,42.519],[-111.446,42.551],[-111.473,42.581],[-111.496,42.591],[-111.5,42.62],[-111.512,42.629],[-111.576,42.629],[-111.6,42.664],[-111.627,42.675],[-111.658,42.664],[-111.758,42.588],[-111.778,42.563],[-111.775,42.538],[-111.78,42.523],[-111.775,42.503],[-111.764,42.492],[-111.73,42.48],[-111.721,42.463],[-111.719,42.4],[-111.699,42.315],[-111.705,42.3],[-111.774,42.22],[-111.812,42.204],[-111.887,42.151],[-111.901,42.113],[-111.904,42.027],[-111.919,41.983],[-111.914,41.963],[-111.878,41.928],[-111.866,41.905],[-111.886,41.84],[-111.905,41.825],[-111.931,41.829],[-112.015,41.871],[-112.041,41.862],[-112.102,41.776],[-112.104,41.756],[-112.089,41.72],[-112.096,41.695],[-112.09,41.681],[-112.104,41.642],[-112.104,41.62],[-112.08,41.601],[-112.078,41.59],[-112.096,41.583],[-112.096,41.544],[-112.118,41.534],[-112.15,41.474],[-112.158,41.467],[-112.191,41.467]],[[-112.285,41.447],[-112.257,41.474]]]}},{"type":"Feature","properties":{"layer":"rivers"},"geometry":{"type":"LineString","coordinates":[[-114.854,43.93],[-114.822,43.967],[-114.838,44.002],[-114.831,44.036],[-114.847,44.103],[-114.872,44.153],[-114.879,44.187],[-114.913,44.211],[-114.909,44.232],[-114.898,44.247],[-114.881,44.259],[-114.835,44.275],[-114.72,44.276],[-114.701,44.281],[-114.666,44.263],[-114.625,44.277],[-114.574,44.263],[-114.481,44.277],[-114.376,44.275],[-114.326,44.283],[-114.289,44.31],[-114.275,44.345],[-114.251,44.378],[-114.236,44.431],[-114.166,44.507],[-114.16,44.527],[-114.174,44.589],[-114.166,44.612],[-114.115,44.66],[-114.079,44.673],[-114.059,44.698],[-114.001,44.735],[-113.991,44.755],[-114.001,44.821],[-113.979,44.844],[-113.967,44.938],[-113.916,45.053],[-113.919,45.078],[-113.9,45.111],[-113.898,45.18],[-113.871,45.239],[-113.891,45.273],[-113.88,45.31],[-113.898,45.344],[-113.987,45.415],[-114.011,45.413],[-114.038,45.396],[-114.194,45.415],[-114.221,45.412],[-114.315,45.355],[-114.354,45.342],[-114.573,45.31],[-114.627,45.342],[-114.658,45.376],[-114.694,45.402],[-114.806,45.415],[-114.829,45.424],[-114.943,45.5],[-114.986,45.519],[-115.067,45.534],[-115.183,45.588],[-115.208,45.584],[-115.241,45.554],[-115.287,45.542],[-115.333,45.499],[-115.393,45.469],[-115.429,45.457],[-115.478,45.403],[-115.502,45.394],[-115.604,45.407],[-115.656,45.444],[-115.745,45.454],[-115.773,45.47],[-115.909,45.468],[-116.082,45.415],[-116.097,45.42],[-116.104,45.431],[-116.12,45.433],[-116.155,45.428],[-116.169,45.41],[-116.213,45.41],[-116.258,45.428],[-116.29,45.434],[-116.308,45.465],[-116.298,45.478],[-116.298,45.508],[-116.289,45.53],[-116.293,45.565],[-116.267,45.609],[-116.288,45.67],[-116.308,45.698],[-116.3,45.717],[-116.308,45.777],[-116.281,45.856],[-116.293,45.895],[-116.405,45.945],[-116.432,45.977],[-116.45,45.989],[-116.477,45.993],[-116.513,45.984],[-116.576,46.02],[-116.599,46.046],[-116.611,46.047],[-116.622,46.04],[-116.621,46.013],[-116.668,46.005],[-116.713,45.979],[-116.72,45.962],[-116.724,45.907],[-116.748,45.876],[-116.779,45.866]]}},{"type":"Feature","properties":{"layer":"rivers"},"geometry":{"type":"MultiLineString","coordinates":[[[-118.532,44.262],[-118.539,44.303],[-118.569,44.352],[-118.573,44.42],[-118.605,44.447],[-118.651,44.461],[-118.7,44.462],[-118.792,44.443],[-119.17,44.432],[-119.237,44.449],[-119.397,44.462],[-119.449,44.473],[-119.486,44.492],[-119.537,44.5],[-119.59,44.518],[-119.614,44.538],[-119.631,44.578],[-119.626,44.624],[-119.639,44.698],[-119.632,44.748],[-119.636,44.758],[-119.692,44.816],[-119.745,44.831],[-119.784,44.854],[-119.844,44.837],[-119.893,44.841],[-119.958,44.822],[-120.023,44.82],[-120.097,44.768]],[[-120.599,45.727],[-120.565,45.702],[-120.416,45.618],[-120.374,45.574],[-120.36,45.545],[-120.36,45.519],[-120.377,45.494],[-120.393,45.485],[-120.446,45.488],[-120.478,45.475],[-120.503,45.449],[-120.519,45.416],[-120.524,45.382],[-120.518,45.302],[-120.529,45.246],[-120.519,45.228],[-120.467,45.202],[-120.453,45.186],[-120.449,45.167],[-120.462,45.11],[-120.491,45.095],[-120.468,45.035],[-120.478,44.98],[-120.474,44.961],[-120.454,44.934],[-120.457,44.892],[-120.445,44.878],[-120.39,44.864],[-120.373,44.851],[-120.371,44.837],[-120.384,44.803],[-120.382,44.783],[-120.367,44.766],[-120.329,44.745],[-120.302,44.739],[-120.221,44.758],[-120.185,44.743],[-120.159,44.74],[-120.133,44.747],[-120.093,44.771]]]}},{"type":"Feature","properties":{"layer":"rivers"},"geometry":{"type":"LineString","coordinates":[[-119.535,50.915],[-119.569,50.913],[-119.6,50.902],[-119.707,50.828],[-119.766,50.756],[-119.799,50.737],[-119.825,50.706],[-119.873,50.676],[-119.938,50.66],[-120.066,50.673],[-120.19,50.675],[-120.312,50.695],[-120.367,50.711],[-120.472,50.708],[-120.763,50.786],[-120.861,50.779],[-120.916,50.755],[-120.945,50.771],[-120.992,50.768],[-121.08,50.788],[-121.203,50.78],[-121.254,50.748],[-121.304,50.696],[-121.327,50.617],[-121.294,50.553],[-121.297,50.489],[-121.323,50.44],[-121.341,50.425],[-121.396,50.398],[-121.403,50.387],[-121.41,50.289],[-121.425,50.272],[-121.45,50.263],[-121.551,50.259],[-121.588,50.24]]}},{"type":"Feature","properties":{"layer":"rivers"},"geometry":{"type":"LineString","coordinates":[[-107.897,44.163],[-107.897,44.206],[-107.91,44.245],[-107.959,44.295],[-107.969,44.319],[-107.995,44.353],[-108.0,44.382],[-108.023,44.44],[-108.032,44.506],[-108.048,44.547],[-108.068,44.574],[-108.109,44.605],[-108.102,44.646],[-108.13,44.677],[-108.136,44.718],[-108.164,44.749],[-108.155,44.813],[-108.158,44.835],[-108.177,44.876],[-108.17,44.909],[-108.174,44.92],[-108.217,44.948],[-108.226,44.978],[-108.244,44.994],[-108.246,45.005],[-108.16,45.168],[-108.107,45.233],[-107.993,45.311],[-107.842,45.356],[-107.792,45.383],[-107.773,45.43],[-107.702,45.523],[-107.678,45.588],[-107.657,45.609],[-107.65,45.637],[-107.623,45.66],[-107.586,45.673],[-107.567,45.696],[-107.546,45.768],[-107.561,45.794],[-107.567,45.822],[-107.568,45.852],[-107.545,45.935],[-107.554,45.951],[-107.533,45.976],[-107.5,45.999]]}},{"type":"Feature","properties":{"layer":"rivers"},"geometry":{"type":"LineString","coordinates":[[-119.962,47.813],[-119.981,47.835]]}},{"type":"Feature","properties":{"layer":"rivers"},"geometry":{"type":"LineString","coordinates":[[-110.194,44.327],[-110.217,44.342],[-110.243,44.393],[-110.273,44.422],[-110.309,44.445],[-110.327,44.476],[-110.337,44.516],[-110.341,44.572]]}},{"type":"Feature","properties":{"layer":"rivers"},"geometry":{"type":"MultiLineString","coordinates":[[[-109.992,44.055],[-109.999,44.065],[-110.047,44.091],[-110.09,44.151],[-110.099,44.176],[-110.101,44.234],[-110.136,44.305],[-110.192,44.326]],[[-110.341,44.571],[-110.342,44.596],[-110.353,44.609],[-110.386,44.632],[-110.47,44.709],[-110.469,44.722],[-110.431,44.739],[-110.396,44.776],[-110.364,44.781],[-110.342,44.802],[-110.343,44.829],[-110.364,44.916],[-110.382,44.945],[-110.408,44.967],[-110.455,44.981],[-110.517,45.017],[-110.607,45.026],[-110.658,45.043],[-110.709,45.05],[-110.723,45.058],[-110.772,45.149],[-110.787,45.162],[-110.851,45.183],[-110.883,45.203],[-110.89,45.225],[-110.849,45.259],[-110.833,45.307],[-110.822,45.316],[-110.781,45.333],[-110.71,45.393],[-110.661,45.419],[-110.61,45.468],[-110.576,45.528],[-110.56,45.615],[-110.527,45.675],[-110.495,45.705],[-110.423,45.732],[-110.385,45.735],[-110.325,45.72],[-110.28,45.72],[-110.193,45.775],[-110.086,45.789],[-109.962,45.859],[-109.872,45.861],[-109.829,45.849],[-109.81,45.837],[-109.798,45.814],[-109.753,45.797],[-109.741,45.772],[-109.722,45.759],[-109.656,45.759],[-109.556,45.732],[-109.45,45.724],[-109.426,45.707],[-109.339,45.688],[-109.286,45.649],[-109.173,45.635],[-109.112,45.611],[-109.007,45.605],[-108.84,45.623],[-108.743,45.657],[-108.683,45.666],[-108.617,45.697],[-108.524,45.726],[-108.479,45.747],[-108.446,45.779],[-108.426,45.819],[-108.411,45.834],[-108.382,45.845],[-108.351,45.878],[-108.316,45.889],[-108.221,45.977],[-108.179,45.998],[-108.128,46.008],[-107.98,46.005],[-107.883,46.023],[-107.857,46.042],[-107.696,46.083],[-107.666,46.101],[-107.603,46.121],[-107.527,46.156],[-107.5,46.161]]]}},{"type":"Feature","properties":{"layer":"rivers"},"geometry":{"type":"LineString","coordinates":[[-109.602,40.927],[-109.616,40.944],[-109.552,41.007],[-109.525,41.122],[-109.528,41.157],[-109.569,41.247],[-109.567,41.258],[-109.533,41.281],[-109.514,41.302]]}},{"type":"Feature","properties":{"layer":"rivers"},"geometry":{"type":"MultiLineString","coordinates":[[[-109.908,43.369],[-109.954,43.374],[-109.986,43.386],[-109.999,43.37],[-110.01,43.327],[-110.01,43.205],[-110.03,43.171],[-110.052,43.156],[-110.061,43.098],[-110.101,43.049],[-110.109,43.031],[-110.109,42.99],[-110.13,42.939],[-110.13,42.932],[-110.082,42.908],[-109.976,42.894],[-109.955,42.885],[-109.952,42.864],[-109.959,42.819],[-109.943,42.758],[-109.945,42.726],[-109.964,42.708],[-109.938,42.661],[-109.926,42.616],[-109.94,42.583],[-109.972,42.559],[-110.056,42.53],[-110.061,42.514],[-110.058,42.471],[-110.075,42.452],[-110.106,42.384],[-110.156,42.319],[-110.169,42.293],[-110.164,42.26],[-110.14,42.231],[-110.136,42.215],[-110.164,42.195],[-110.164,42.161],[-110.155,42.143],[-110.109,42.126],[-110.116,42.091],[-110.103,42.08],[-110.078,42.076],[-110.051,42.062],[-110.04,42.046],[-110.033,42.003],[-110.023,41.994],[-109.962,41.978],[-109.899,41.944],[-109.856,41.942],[-109.827,41.927],[-109.766,41.859],[-109.777,41.831],[-109.766,41.817],[-109.722,41.794],[-109.708,41.753],[-109.626,41.667],[-109.601,41.664],[-109.588,41.656],[-109.568,41.626],[-109.533,41.605],[-109.503,41.568],[-109.384,41.492],[-109.369,41.476],[-109.373,41.458],[-109.389,41.443],[-109.394,41.42],[-109.431,41.414],[-109.413,41.383],[-109.414,41.371],[-109.434,41.366],[-109.464,41.318],[-109.492,41.328],[-109.506,41.322],[-109.513,41.304]],[[-109.602,40.927],[-109.554,40.915],[-109.466,40.939],[-109.418,40.941],[-109.351,40.923],[-109.184,40.921],[-109.14,40.914],[-109.128,40.906],[-109.105,40.871],[-109.088,40.859],[-109.04,40.859],[-108.948,40.832],[-108.911,40.811],[-108.862,40.762],[-108.881,40.72],[-108.952,40.605],[-108.967,40.553],[-108.986,40.544],[-109.047,40.554],[-109.121,40.549],[-109.141,40.533],[-109.156,40.503],[-109.173,40.493],[-109.215,40.484],[-109.229,40.471],[-109.222,40.435],[-109.229,40.416],[-109.276,40.44],[-109.291,40.436],[-109.302,40.419],[-109.32,40.358],[-109.35,40.32],[-109.429,40.323],[-109.451,40.317],[-109.463,40.304],[-109.475,40.269],[-109.489,40.262],[-109.533,40.291],[-109.554,40.276],[-109.566,40.231],[-109.564,40.206],[-109.541,40.19],[-109.544,40.18],[-109.554,40.171],[-109.578,40.164],[-109.588,40.139],[-109.654,40.081],[-109.704,40.067],[-109.799,39.988],[-109.812,39.947],[-109.836,39.94],[-109.843,39.93],[-109.843,39.895],[-109.881,39.872],[-109.883,39.863],[-109.858,39.844],[-109.86,39.83],[-109.906,39.804],[-109.93,39.743],[-109.964,39.745],[-109.974,39.711],[-109.975,39.651],[-110.003,39.631],[-110.028,39.56],[-110.017,39.5]]]}},{"type":"Feature","properties":{"layer":"rivers"},"geometry":{"type":"LineString","coordinates":[[-112.514,45.806],[-112.528,45.847],[-112.528,45.885],[-112.493,45.928],[-112.488,45.951],[-112.508,45.986],[-112.554,45.995],[-112.658,45.992],[-112.772,46.005],[-112.791,46.011],[-112.799,46.025],[-112.797,46.167],[-112.748,46.218],[-112.734,46.266],[-112.706,46.3],[-112.711,46.35],[-112.723,46.373],[-112.747,46.395],[-112.714,46.467],[-112.725,46.488],[-112.781,46.495],[-112.802,46.506],[-112.812,46.531],[-112.85,46.558],[-112.897,46.582],[-112.933,46.594],[-113.032,46.594],[-113.053,46.599],[-113.111,46.635],[-113.176,46.663],[-113.212,46.705],[-113.254,46.725],[-113.304,46.728],[-113.508,46.695],[-113.529,46.697],[-113.583,46.722],[-113.671,46.719],[-113.693,46.725],[-113.78,46.805],[-113.878,46.862],[-113.901,46.881],[-113.933,46.882],[-113.981,46.865],[-114.002,46.876],[-114.015,46.869],[-114.049,46.882],[-114.091,46.876],[-114.147,46.916],[-114.189,46.934],[-114.234,47.005],[-114.31,47.031],[-114.375,47.03],[-114.393,47.004],[-114.406,46.999],[-114.431,47.001],[-114.505,47.026],[-114.546,47.013],[-114.591,47.033],[-114.615,47.035],[-114.687,47.019],[-114.711,47.025],[-114.725,47.039],[-114.751,47.113],[-114.764,47.13],[-114.804,47.151],[-114.831,47.159],[-114.865,47.197],[-114.937,47.242],[-114.959,47.252],[-115.018,47.255],[-115.043,47.266],[-115.055,47.302],[-115.057,47.325],[-115.047,47.335],[-114.954,47.355],[-114.856,47.328],[-114.806,47.32],[-114.775,47.342],[-114.78,47.38],[-114.812,47.416],[-114.885,47.465],[-114.906,47.471],[-114.931,47.505],[-115.01,47.536],[-115.05,47.54],[-115.163,47.573],[-115.208,47.594],[-115.235,47.596],[-115.289,47.581],[-115.346,47.599],[-115.385,47.638],[-115.386,47.664],[-115.412,47.716],[-115.416,47.739],[-115.452,47.758],[-115.489,47.815],[-115.535,47.831],[-115.585,47.859],[-115.677,47.883],[-115.686,47.897],[-115.692,47.941],[-115.701,47.955],[-115.764,48.009],[-115.83,48.033],[-115.85,48.056],[-115.984,48.097],[-116.111,48.119],[-116.189,48.155]]}},{"type":"Feature","properties":{"layer":"rivers"},"geometry":{"type":"LineString","coordinates":[[-116.568,48.251],[-116.505,48.293],[-116.483,48.298],[-116.455,48.294],[-116.36,48.259],[-116.301,48.182],[-116.19,48.155]]}},{"type":"Feature","properties":{"layer":"rivers"},"geometry":{"type":"MultiLineString","coordinates":[[[-122.165,43.083],[-122.182,43.097],[-122.289,43.099],[-122.372,43.043],[-122.388,43.013],[-122.39,42.968],[-122.404,42.948],[-122.421,42.931],[-122.444,42.922],[-122.483,42.882],[-122.484,42.852],[-122.477,42.819],[-122.483,42.768],[-122.498,42.755],[-122.648,42.703],[-122.677,42.673],[-122.76,42.67],[-122.794,42.653],[-122.827,42.568],[-122.835,42.516],[-122.878,42.457],[-122.94,42.46],[-123.015,42.446],[-123.075,42.451],[-123.126,42.426],[-123.164,42.448],[-123.209,42.441],[-123.304,42.45],[-123.433,42.448],[-123.47,42.457],[-123.478,42.466],[-123.472,42.475],[-123.474,42.483],[-123.486,42.493],[-123.471,42.519],[-123.479,42.548],[-123.495,42.56],[-123.578,42.581],[-123.585,42.59],[-123.575,42.623],[-123.576,42.641],[-123.587,42.667],[-123.613,42.675],[-123.704,42.668],[-123.719,42.68],[-123.719,42.697],[-123.727,42.704],[-123.866,42.748],[-123.895,42.734],[-123.9,42.722],[-123.928,42.716],[-123.924,42.705],[-123.974,42.69],[-124.033,42.653],[-124.046,42.627],[-124.041,42.576],[-124.05,42.566],[-124.088,42.579],[-124.113,42.573],[-124.131,42.557]],[[-124.428,42.424],[-124.36,42.474],[-124.309,42.491],[-124.283,42.513],[-124.179,42.513],[-124.131,42.557]]]}},{"type":"Feature","properties":{"layer":"rivers"},"geometry":{"type":"MultiLineString","coordinates":[[[-123.145,39.5],[-123.156,39.508],[-123.196,39.509],[-123.222,39.551],[-123.26,39.56],[-123.279,39.597],[-123.293,39.605],[-123.298,39.629],[-123.33,39.645],[-123.35,39.742],[-123.427,39.897],[-123.457,39.933],[-123.457,39.946],[-123.435,39.958],[-123.428,39.983],[-123.436,39.996],[-123.474,40.019],[-123.48,40.043],[-123.506,40.045],[-123.509,40.05],[-123.485,40.066],[-123.49,40.082],[-123.505,40.091],[-123.507,40.109],[-123.563,40.137],[-123.585,40.159],[-123.582,40.18],[-123.592,40.197],[-123.625,40.192],[-123.637,40.214],[-123.618,40.23],[-123.624,40.241],[-123.689,40.271],[-123.702,40.269],[-123.718,40.312],[-123.749,40.333],[-123.818,40.342],[-123.838,40.358],[-123.9,40.36],[-123.907,40.395],[-123.93,40.443],[-123.958,40.441],[-123.977,40.465],[-123.992,40.468],[-124.018,40.461],[-124.034,40.477],[-124.069,40.48]],[[-124.306,40.637],[-124.27,40.643],[-124.176,40.625],[-124.145,40.599],[-124.144,40.53],[-124.081,40.52],[-124.096,40.495],[-124.069,40.479]]]}},{"type":"Feature","properties":{"layer":"rivers"},"geometry":{"type":"MultiLineString","coordinates":[[[-124.603,54.085],[-124.591,54.086],[-124.57,54.061],[-124.473,54.023],[-124.448,53.988],[-124.448,53.949],[-124.47,53.916],[-124.513,53.899],[-124.56,53.891],[-124.575,53.881],[-124.614,53.829],[-124.617,53.817],[-124.598,53.803],[-124.605,53.788],[-124.71,53.736],[-124.803,53.701],[-124.887,53.684],[-124.891,53.667],[-124.925,53.647],[-124.918,53.639],[-124.927,53.614],[-124.921,53.593],[-124.891,53.563]],[[-124.589,54.085],[-124.515,54.11],[-124.347,54.135],[-124.337,54.133],[-124.342,54.125],[-124.284,54.071],[-124.24,54.085],[-124.197,54.078],[-124.185,54.085],[-124.123,54.064],[-124.081,54.034],[-124.064,54.03],[-123.866,54.018],[-123.849,54.008],[-123.821,53.979],[-123.805,53.975],[-123.729,53.975],[-123.664,53.967],[-123.643,53.975]],[[-123.643,53.975],[-123.636,53.968]],[[-123.643,53.975],[-123.491,53.998],[-123.404,53.975],[-123.367,53.971],[-123.259,53.982],[-123.236,53.978],[-123.225,53.969],[-123.222,53.956],[-123.239,53.927],[-123.117,53.896],[-123.065,53.861],[-123.05,53.86],[-122.957,53.9],[-122.944,53.913],[-122.953,53.928],[-122.937,53.956],[-122.89,53.975],[-122.827,53.964],[-122.772,53.941],[-122.71,53.928]]]}},{"type":"Feature","properties":{"layer":"rivers"},"geometry":{"type":"LineString","coordinates":[[-108.006,50.658],[-107.949,50.661],[-107.91,50.673],[-107.868,50.676],[-107.627,50.658],[-107.551,50.629],[-107.5,50.64]]}},{"type":"Feature","properties":{"layer":"rivers"},"geometry":{"type":"MultiLineString","coordinates":[[[-116.422,51.667],[-116.396,51.672],[-116.364,51.663],[-116.335,51.646],[-116.318,51.626],[-116.318,51.578],[-116.306,51.558],[-116.312,51.544],[-116.215,51.461],[-116.177,51.44],[-116.146,51.431],[-116.092,51.372],[-116.028,51.343],[-116.001,51.32],[-115.966,51.312],[-115.868,51.27],[-115.799,51.256],[-115.764,51.22],[-115.706,51.188],[-115.656,51.193],[-115.615,51.178],[-115.539,51.21],[-115.465,51.193],[-115.443,51.182],[-115.361,51.105],[-115.313,51.087],[-115.291,51.066],[-115.26,51.055],[-115.196,51.091],[-115.166,51.1],[-115.123,51.096],[-115.023,51.15],[-114.963,51.169],[-114.912,51.166],[-114.887,51.181],[-114.819,51.194],[-114.802,51.206],[-114.674,51.248],[-114.621,51.246],[-114.555,51.227],[-114.455,51.18],[-114.382,51.175],[-114.321,51.143],[-114.266,51.14],[-114.245,51.112],[-114.196,51.108],[-114.181,51.088],[-114.113,51.055],[-114.056,51.044],[-114.015,51.021],[-114.039,50.982],[-114.023,50.939],[-114.002,50.932],[-114.008,50.908],[-114.001,50.886],[-113.988,50.87],[-113.995,50.863],[-113.965,50.856],[-113.845,50.846],[-113.778,50.812],[-113.768,50.816],[-113.678,50.803],[-113.587,50.802],[-113.545,50.81],[-113.516,50.795],[-113.501,50.797],[-113.451,50.826],[-113.374,50.829],[-113.338,50.856],[-113.304,50.846],[-113.242,50.865],[-113.182,50.861],[-113.146,50.845],[-113.138,50.833],[-113.143,50.794],[-113.153,50.778],[-113.144,50.772],[-113.069,50.767],[-113.037,50.756],[-112.983,50.759],[-112.962,50.766],[-112.944,50.792],[-112.898,50.799],[-112.878,50.795],[-112.87,50.779],[-112.852,50.771],[-112.83,50.775],[-112.758,50.761],[-112.673,50.779],[-112.65,50.794],[-112.589,50.761],[-112.543,50.761],[-112.528,50.754],[-112.522,50.744],[-112.562,50.734],[-112.514,50.706],[-112.526,50.692],[-112.491,50.668],[-112.466,50.633],[-112.434,50.624],[-112.378,50.624],[-112.37,50.609],[-112.391,50.572],[-112.388,50.565],[-112.364,50.555],[-112.349,50.484],[-112.295,50.425],[-112.263,50.436],[-112.223,50.435],[-112.185,50.425],[-112.165,50.412],[-112.172,50.405],[-112.176,50.336],[-112.164,50.33],[-112.151,50.287],[-112.097,50.274],[-112.072,50.219],[-112.076,50.206],[-112.053,50.2],[-111.996,50.21],[-111.966,50.206],[-111.926,50.184],[-111.912,50.206],[-111.896,50.203],[-111.85,50.165],[-111.843,50.146],[-111.762,50.13],[-111.697,50.137],[-111.678,50.144],[-111.613,50.093],[-111.607,50.083],[-111.61,50.062],[-111.581,50.047],[-111.576,50.034],[-111.59,50.031],[-111.594,50.023],[-111.596,49.982],[-111.652,49.975],[-111.671,49.952],[-111.704,49.929]],[[-111.704,49.929],[-111.706,49.925]],[[-108.006,50.658],[-108.067,50.677],[-108.186,50.666],[-108.228,50.667],[-108.268,50.677],[-108.307,50.699],[-108.362,50.758],[-108.429,50.796],[-108.439,50.81],[-108.454,50.883],[-108.499,50.918],[-108.581,50.939],[-108.612,50.928],[-108.644,50.935],[-108.697,50.96],[-108.724,50.963],[-108.755,50.961],[-108.807,50.946],[-108.847,50.973],[-108.906,50.992],[-108.965,51.021],[-109.051,51.015],[-109.114,51.022],[-109.308,51.008],[-109.347,50.999],[-109.424,50.967],[-109.464,50.96],[-109.609,50.976],[-109.681,50.975],[-109.693,50.971],[-109.701,50.943],[-109.722,50.932],[-109.857,50.953],[-109.88,50.943],[-109.886,50.92],[-109.928,50.899],[-109.975,50.907],[-109.999,50.905],[-110.018,50.894],[-110.018,50.885],[-109.992,50.859],[-109.992,50.853],[-110.003,50.84],[-110.066,50.808],[-110.075,50.795],[-110.045,50.757],[-110.047,50.74],[-110.06,50.732],[-110.116,50.734],[-110.128,50.722],[-110.151,50.672],[-110.195,50.635],[-110.251,50.624],[-110.322,50.596],[-110.382,50.585],[-110.394,50.574],[-110.396,50.52],[-110.39,50.487],[-110.412,50.458],[-110.412,50.442],[-110.39,50.432],[-110.39,50.425],[-110.421,50.417],[-110.451,50.428],[-110.5,50.459],[-110.539,50.451],[-110.564,50.462],[-110.575,50.456],[-110.589,50.438],[-110.582,50.432],[-110.589,50.384],[-110.616,50.346],[-110.616,50.322],[-110.637,50.305],[-110.609,50.287],[-110.613,50.271],[-110.65,50.247],[-110.632,50.232],[-110.591,50.218],[-110.575,50.199],[-110.572,50.183],[-110.582,50.141],[-110.593,50.134],[-110.661,50.134],[-110.688,50.125],[-110.691,50.114],[-110.681,50.092],[-110.671,50.089],[-110.658,50.098],[-110.63,50.069],[-110.65,50.041],[-110.664,50.034],[-110.743,50.037],[-110.788,50.055],[-110.811,50.055],[-110.836,50.083],[-110.88,50.058],[-110.909,50.051],[-110.932,50.027],[-110.961,50.023],[-111.019,50.036],[-111.048,50.027],[-111.107,50.056],[-111.15,50.062],[-111.195,50.051],[-111.264,50.047],[-111.302,50.034],[-111.312,50.017],[-111.335,50.014],[-111.357,50.001],[-111.372,49.969],[-111.425,49.967],[-111.44,49.914],[-111.463,49.901],[-111.479,49.899],[-111.548,49.918],[-111.627,49.891],[-111.671,49.903],[-111.704,49.929]],[[-111.704,49.929],[-111.706,49.931]]]}},{"type":"Feature","properties":{"layer":"rivers"},"geometry":{"type":"LineString","coordinates":[[-122.369,40.763],[-122.26,40.765],[-122.223,40.772],[-122.165,40.754],[-122.138,40.757],[-122.095,40.784]]}},{"type":"Feature","properties":{"layer":"rivers"},"geometry":{"type":"LineString","coordinates":[[-120.429,41.709],[-120.409,41.63],[-120.415,41.608],[-120.457,41.558],[-120.471,41.517],[-120.509,41.488],[-120.542,41.476],[-120.554,41.48],[-120.573,41.503],[-120.589,41.502],[-120.679,41.474],[-120.714,41.438],[-120.737,41.428],[-120.837,41.448],[-120.909,41.414],[-120.944,41.406],[-120.957,41.407],[-120.984,41.429],[-121.01,41.41],[-121.026,41.376],[-121.1,41.38],[-121.117,41.37],[-121.126,41.352],[-121.115,41.256],[-121.142,41.184],[-121.131,41.167],[-121.134,41.137],[-121.11,41.073],[-121.11,41.048],[-121.142,41.027],[-121.17,40.962],[-121.192,40.95],[-121.251,40.984],[-121.279,41.043],[-121.315,41.059],[-121.359,41.054],[-121.401,41.037],[-121.43,41.016],[-121.432,40.995],[-121.444,40.99],[-121.482,41.004],[-121.513,40.991],[-121.536,40.991],[-121.573,41.003],[-121.61,41.025],[-121.653,41.031],[-121.683,41.019],[-121.745,41.009],[-121.784,40.975],[-121.8,40.968],[-121.816,40.973],[-121.899,41.033],[-121.917,41.037],[-121.943,41.021],[-121.978,40.97],[-121.973,40.925],[-121.944,40.893],[-121.944,40.878],[-121.952,40.867],[-121.993,40.853],[-122.026,40.817],[-122.048,40.827],[-122.095,40.784]]}},{"type":"Feature","properties":{"layer":"rivers"},"geometry":{"type":"MultiLineString","coordinates":[[[-112.741,54.4],[-112.735,54.419],[-112.763,54.451],[-112.768,54.468],[-112.763,54.477],[-112.737,54.492],[-112.727,54.53],[-112.689,54.54],[-112.652,54.591],[-112.598,54.619]],[[-112.598,54.619],[-112.597,54.619],[-112.604,54.619],[-112.598,54.619]],[[-112.598,54.619],[-112.46,54.612],[-112.357,54.619],[-112.329,54.612],[-112.337,54.598],[-112.254,54.582],[-112.23,54.568],[-112.203,54.54],[-112.159,54.516],[-112.123,54.466],[-112.1,54.461],[-112.008,54.482],[-111.864,54.473],[-111.815,54.461],[-111.753,54.461],[-111.719,54.441],[-111.625,54.445],[-111.51,54.404],[-111.46,54.438],[-111.445,54.441],[-111.404,54.421],[-111.35,54.453],[-111.279,54.46],[-111.176,54.419],[-111.14,54.376],[-111.116,54.365],[-111.123,54.365],[-111.075,54.365],[-110.981,54.402],[-110.932,54.406],[-110.808,54.379],[-110.764,54.392],[-110.662,54.388],[-110.624,54.411],[-110.578,54.425],[-110.507,54.42],[-110.459,54.447],[-110.373,54.446],[-110.325,54.434],[-110.308,54.42],[-110.263,54.362],[-110.234,54.35],[-110.19,54.343],[-110.102,54.295],[-110.063,54.262],[-110.044,54.255],[-109.978,54.265],[-109.933,54.252],[-109.878,54.251],[-109.588,54.316],[-109.523,54.321],[-109.492,54.318],[-109.441,54.3],[-109.421,54.286],[-109.423,54.269],[-109.39,54.249],[-109.356,54.261],[-109.315,54.265],[-109.29,54.259],[-109.271,54.244],[-109.246,54.242],[-109.205,54.269],[-109.144,54.29],[-109.121,54.286],[-109.111,54.271],[-109.1,54.27],[-109.0,54.304],[-108.959,54.289],[-108.778,54.276],[-108.73,54.252],[-108.702,54.249],[-108.584,54.288],[-108.465,54.29],[-108.388,54.319],[-108.303,54.297],[-108.197,54.304],[-108.17,54.297],[-108.152,54.308],[-108.047,54.338],[-107.963,54.338],[-107.915,54.356],[-107.859,54.335],[-107.834,54.338],[-107.824,54.355],[-107.858,54.419],[-107.875,54.437],[-107.874,54.502],[-107.862,54.516],[-107.842,54.513],[-107.824,54.523],[-107.819,54.528],[-107.827,54.533],[-107.822,54.54],[-107.795,54.555],[-107.793,54.591],[-107.772,54.677],[-107.776,54.7],[-107.806,54.756],[-107.809,54.831],[-107.799,54.849],[-107.8,54.883],[-107.796,54.894],[-107.772,54.907],[-107.762,54.944],[-107.711,55.0]]]}},{"type":"Feature","properties":{"layer":"rivers"},"geometry":{"type":"LineString","coordinates":[[-122.095,43.422],[-122.129,43.428],[-122.16,43.443],[-122.265,43.511],[-122.375,43.514],[-122.422,43.525],[-122.452,43.57],[-122.46,43.614],[-122.458,43.638],[-122.428,43.698],[-122.429,43.721],[-122.439,43.741],[-122.517,43.769],[-122.546,43.819],[-122.601,43.855],[-122.641,43.866],[-122.698,43.908],[-122.802,43.934],[-122.928,44.034],[-122.999,44.039],[-123.085,44.081],[-123.103,44.103],[-123.087,44.113],[-123.11,44.179],[-123.119,44.196],[-123.132,44.203],[-123.15,44.272],[-123.18,44.305],[-123.191,44.333],[-123.212,44.352],[-123.204,44.374],[-123.218,44.381],[-123.21,44.389],[-123.203,44.431],[-123.19,44.452],[-123.189,44.496],[-123.204,44.545],[-123.232,44.576],[-123.219,44.589],[-123.178,44.598],[-123.164,44.642],[-123.098,44.65],[-123.06,44.666],[-123.061,44.683],[-123.12,44.705],[-123.129,44.72],[-123.125,44.74],[-123.115,44.753],[-123.081,44.771],[-123.122,44.783],[-123.108,44.799],[-123.078,44.81],[-123.077,44.829],[-123.132,44.838],[-123.152,44.845],[-123.161,44.856],[-123.15,44.875],[-123.123,44.881],[-123.116,44.901],[-123.081,44.937],[-123.021,44.967],[-123.013,44.977],[-123.019,44.988],[-123.051,45.008],[-123.061,45.025],[-123.057,45.063],[-123.041,45.094],[-122.985,45.119],[-122.972,45.135],[-122.992,45.166],[-122.985,45.19],[-123.034,45.224],[-122.974,45.242],[-122.963,45.281],[-122.943,45.284],[-122.897,45.272],[-122.85,45.27],[-122.718,45.306],[-122.668,45.308],[-122.65,45.316],[-122.635,45.351],[-122.597,45.373],[-122.588,45.389],[-122.595,45.411],[-122.628,45.439],[-122.636,45.46],[-122.635,45.518],[-122.65,45.539],[-122.734,45.591],[-122.76,45.624],[-122.734,45.657]]}},{"type":"Feature","properties":{"layer":"rivers"},"geometry":{"type":"LineString","coordinates":[[-122.755,40.821],[-122.763,40.779],[-122.769,40.768],[-122.785,40.762],[-122.786,40.733],[-122.826,40.717],[-122.903,40.664],[-122.943,40.667],[-122.966,40.689],[-123.001,40.687],[-123.012,40.693],[-123.028,40.728],[-123.058,40.769],[-123.098,40.792],[-123.12,40.792],[-123.173,40.767],[-123.207,40.765],[-123.232,40.754],[-123.294,40.789],[-123.366,40.817],[-123.405,40.808],[-123.432,40.815],[-123.465,40.845],[-123.469,40.869],[-123.48,40.881],[-123.526,40.892],[-123.556,40.912],[-123.598,40.915],[-123.613,40.932],[-123.612,40.956],[-123.627,40.972],[-123.64,41.043],[-123.677,41.086],[-123.694,41.117],[-123.683,41.167],[-123.69,41.203]]}},{"type":"Feature","properties":{"layer":"rivers"},"geometry":{"type":"LineString","coordinates":[[-116.57,48.25],[-116.601,48.249],[-116.659,48.259],[-116.677,48.256],[-116.704,48.22],[-116.73,48.198],[-116.746,48.169],[-116.79,48.152],[-116.804,48.153],[-116.855,48.183],[-116.975,48.185],[-117.0,48.19],[-117.075,48.241],[-117.213,48.259],[-117.233,48.271],[-117.276,48.369],[-117.285,48.472],[-117.255,48.506],[-117.278,48.538],[-117.341,48.578],[-117.348,48.59],[-117.348,48.627],[-117.389,48.703],[-117.406,48.808],[-117.374,48.865],[-117.317,48.937],[-117.317,48.961],[-117.343,49.03],[-117.367,49.046],[-117.399,49.053],[-117.471,49.055],[-117.597,49.021],[-117.626,49.018]]}},{"type":"Feature","properties":{"layer":"rivers"},"geometry":{"type":"LineString","coordinates":[[-107.5,39.586],[-107.612,39.564],[-107.777,39.582],[-107.798,39.579],[-107.835,39.557],[-107.857,39.529],[-107.967,39.5]]}},{"type":"Feature","properties":{"layer":"rivers"},"geometry":{"type":"LineString","coordinates":[[-122.396,40.831],[-122.373,40.813],[-122.369,40.763],[-122.383,40.763],[-122.394,40.753],[-122.411,40.721]]}},{"type":"Feature","properties":{"layer":"rivers"},"geometry":{"type":"MultiLineString","coordinates":[[[-122.425,41.254],[-122.369,41.319],[-122.355,41.317],[-122.279,41.279],[-122.26,41.263],[-122.253,41.242],[-122.284,41.172],[-122.313,41.132],[-122.333,41.09],[-122.349,41.071],[-122.384,41.053],[-122.396,41.031],[-122.411,40.99],[-122.411,40.968],[-122.394,40.928],[-122.367,40.911],[-122.402,40.845],[-122.396,40.831]],[[-121.978,39.5],[-121.974,39.629],[-121.958,39.666],[-121.966,39.676],[-121.942,39.706],[-121.937,39.728],[-121.95,39.746],[-121.995,39.761],[-122.005,39.773],[-122.007,39.801],[-122.037,39.808],[-122.044,39.816],[-122.042,39.847],[-122.028,39.879],[-122.033,39.893],[-122.046,39.885],[-122.052,39.888],[-122.061,39.906],[-122.084,39.929],[-122.067,39.939],[-122.067,39.971],[-122.087,40.009],[-122.124,40.151],[-122.191,40.167],[-122.204,40.184],[-122.177,40.232],[-122.156,40.253],[-122.164,40.262],[-122.173,40.262],[-122.188,40.249],[-122.197,40.249],[-122.2,40.262],[-122.167,40.297],[-122.139,40.307],[-122.136,40.315],[-122.15,40.331],[-122.179,40.327],[-122.191,40.331],[-122.164,40.352],[-122.177,40.376],[-122.176,40.409],[-122.187,40.437],[-122.238,40.468],[-122.304,40.482],[-122.321,40.499],[-122.342,40.505],[-122.342,40.523],[-122.362,40.561],[-122.362,40.584],[-122.416,40.605],[-122.439,40.623],[-122.43,40.653],[-122.448,40.697],[-122.44,40.714],[-122.411,40.721]]]}},{"type":"Feature","properties":{"layer":"rivers"},"geometry":{"type":"LineString","coordinates":[[-121.807,42.25],[-121.851,42.305],[-121.866,42.369],[-121.866,42.395],[-121.891,42.419],[-121.935,42.44],[-121.954,42.463],[-121.951,42.475]]}},{"type":"Feature","properties":{"layer":"rivers"},"geometry":{"type":"MultiLineString","coordinates":[[[-121.807,42.25],[-121.786,42.24],[-121.775,42.222],[-121.777,42.203],[-121.814,42.188],[-121.834,42.133],[-121.868,42.115],[-121.999,42.161],[-122.035,42.146],[-122.087,42.074],[-122.121,42.048],[-122.188,42.023],[-122.197,42.003],[-122.209,41.994],[-122.285,41.992],[-122.333,42.0],[-122.401,41.983],[-122.462,41.935],[-122.509,41.925],[-122.528,41.914],[-122.569,41.864],[-122.586,41.855],[-122.635,41.851],[-122.658,41.858],[-122.694,41.881],[-122.802,41.9],[-122.814,41.893],[-122.831,41.861],[-122.845,41.855],[-122.909,41.867],[-122.936,41.855],[-122.985,41.849],[-123.038,41.812],[-123.134,41.855],[-123.204,41.868],[-123.249,41.889],[-123.272,41.89],[-123.284,41.884],[-123.286,41.857],[-123.279,41.849],[-123.283,41.844],[-123.303,41.832],[-123.323,41.805],[-123.331,41.826],[-123.339,41.826],[-123.374,41.8],[-123.421,41.737],[-123.448,41.648],[-123.476,41.619],[-123.516,41.593],[-123.519,41.567],[-123.484,41.404],[-123.484,41.383],[-123.499,41.35],[-123.574,41.281],[-123.61,41.227],[-123.645,41.208],[-123.687,41.203],[-123.737,41.215],[-123.761,41.235],[-123.78,41.277]],[[-124.068,41.539],[-124.032,41.541],[-123.965,41.517],[-123.949,41.502],[-123.914,41.444],[-123.911,41.407],[-123.905,41.398],[-123.88,41.372],[-123.86,41.365],[-123.848,41.348],[-123.846,41.328],[-123.856,41.311],[-123.84,41.294],[-123.78,41.277]]]}},{"type":"Feature","properties":{"layer":"rivers"},"geometry":{"type":"MultiLineString","coordinates":[[[-113.458,55.0],[-113.412,54.968],[-113.399,54.941],[-113.432,54.879],[-113.427,54.854],[-113.463,54.821],[-113.46,54.797],[-113.445,54.772],[-113.434,54.765],[-113.358,54.763]],[[-113.358,54.763],[-113.35,54.763],[-113.358,54.763],[-113.358,54.763]],[[-113.358,54.763],[-113.28,54.736],[-113.251,54.774],[-113.246,54.798],[-113.231,54.815],[-113.234,54.851],[-113.193,54.883],[-113.159,54.896],[-113.146,54.9],[-113.123,54.892],[-113.108,54.895],[-112.993,54.948],[-112.898,54.976],[-112.781,54.976],[-112.731,54.987],[-112.73,55.0]],[[-117.592,52.179],[-117.585,52.179]],[[-117.592,52.179],[-117.545,52.189],[-117.523,52.199],[-117.521,52.21],[-117.558,52.276],[-117.558,52.296],[-117.579,52.31],[-117.589,52.348],[-117.641,52.389],[-117.654,52.406],[-117.645,52.456],[-117.67,52.552],[-117.683,52.564],[-117.734,52.573],[-117.779,52.594],[-117.836,52.607],[-117.857,52.62],[-117.865,52.638],[-117.874,52.71],[-117.885,52.728],[-118.013,52.809],[-118.048,52.844],[-118.062,52.881],[-118.035,52.957],[-118.045,52.976],[-118.09,53.017],[-118.101,53.038],[-118.095,53.052],[-118.05,53.09],[-118.023,53.103],[-117.991,53.199],[-117.979,53.216],[-117.887,53.236],[-117.87,53.252],[-117.86,53.312],[-117.842,53.338],[-117.798,53.351],[-117.772,53.375],[-117.697,53.385],[-117.553,53.451],[-117.497,53.465],[-117.48,53.477],[-117.474,53.497],[-117.396,53.52],[-117.35,53.565],[-117.32,53.571],[-117.265,53.614],[-117.272,53.614],[-117.216,53.63],[-117.192,53.647],[-117.176,53.669],[-117.175,53.748],[-117.162,53.765],[-117.177,53.792],[-117.203,53.806],[-117.189,53.828],[-117.139,53.869],[-117.135,53.882],[-117.107,53.902],[-117.077,53.94],[-117.056,53.952],[-117.009,53.955],[-116.984,53.964],[-116.935,53.995],[-116.884,54.003],[-116.826,54.046],[-116.795,54.058],[-116.754,54.111],[-116.737,54.123],[-116.464,54.221],[-116.265,54.251],[-116.119,54.228],[-116.072,54.235],[-116.054,54.212],[-116.018,54.19],[-115.979,54.18],[-115.968,54.194],[-115.822,54.191],[-115.788,54.166],[-115.744,54.157],[-115.735,54.146],[-115.645,54.169],[-115.57,54.158],[-115.509,54.167],[-115.44,54.154]],[[-115.44,54.154],[-115.433,54.153],[-115.441,54.153],[-115.44,54.154]],[[-115.44,54.154],[-115.368,54.175],[-115.336,54.162],[-115.3,54.167],[-115.235,54.159],[-115.194,54.18],[-115.154,54.185],[-115.134,54.195],[-115.101,54.2],[-115.077,54.228],[-114.951,54.294],[-114.943,54.305],[-114.961,54.318],[-114.944,54.327],[-114.895,54.315],[-114.863,54.328],[-114.821,54.318],[-114.775,54.332],[-114.64,54.33],[-114.604,54.345],[-114.589,54.364],[-114.53,54.382],[-114.523,54.41],[-114.536,54.434],[-114.522,54.441],[-114.494,54.436],[-114.43,54.483],[-114.358,54.506],[-114.33,54.527],[-114.317,54.561],[-114.337,54.591],[-114.326,54.598],[-114.314,54.648],[-114.318,54.666],[-114.337,54.68],[-114.31,54.71],[-114.303,54.742],[-114.275,54.789],[-114.275,54.818],[-114.203,54.878],[-114.215,54.905],[-114.2,54.931],[-114.197,54.97],[-114.181,55.0]]]}},{"type":"Feature","properties":{"layer":"rivers"},"geometry":{"type":"MultiLineString","coordinates":[[[-118.319,52.522],[-118.334,52.544],[-118.368,52.567],[-118.587,52.778],[-118.596,52.788],[-118.6,52.827],[-118.611,52.845],[-118.932,52.957],[-118.969,52.976],[-118.998,53.006],[-119.051,53.029],[-119.156,53.034],[-119.198,53.043],[-119.346,52.986],[-119.403,52.974],[-119.476,52.974],[-119.512,52.995],[-119.56,53.009],[-119.57,53.018],[-119.568,53.032],[-119.582,53.043],[-119.649,53.053],[-119.656,53.069],[-119.687,53.073],[-119.844,53.155],[-119.855,53.148],[-119.877,53.16],[-119.923,53.172],[-119.94,53.196],[-120.007,53.205],[-120.025,53.214],[-120.071,53.258],[-120.093,53.267],[-120.124,53.304],[-120.163,53.32],[-120.209,53.354],[-120.289,53.374],[-120.42,53.449],[-120.415,53.461],[-120.429,53.473],[-120.474,53.477],[-120.492,53.489],[-120.526,53.496],[-120.557,53.546],[-120.578,53.554],[-120.623,53.546],[-120.632,53.556],[-120.629,53.571],[-120.633,53.577],[-120.673,53.584],[-120.708,53.628],[-120.762,53.638],[-120.832,53.681],[-120.886,53.692],[-120.894,53.703],[-120.886,53.718],[-120.9,53.741],[-120.944,53.737],[-120.988,53.759],[-121.058,53.764],[-121.078,53.772],[-121.069,53.79],[-121.126,53.779],[-121.163,53.817],[-121.173,53.82],[-121.208,53.813],[-121.225,53.831],[-121.256,53.847],[-121.283,53.837],[-121.29,53.827],[-121.322,53.857],[-121.331,53.854],[-121.35,53.864],[-121.374,53.885],[-121.402,53.891],[-121.41,53.902],[-121.434,53.895],[-121.445,53.882],[-121.456,53.879],[-121.473,53.909],[-121.551,53.916],[-121.647,53.944],[-121.634,53.962],[-121.645,53.977],[-121.688,53.999],[-121.659,54.007],[-121.653,54.012],[-121.656,54.021],[-121.703,54.033],[-121.728,54.05],[-121.753,54.033],[-121.766,54.036],[-121.793,54.071],[-121.858,54.108],[-121.923,54.133],[-121.985,54.182],[-122.129,54.2],[-122.15,54.222],[-122.194,54.215],[-122.272,54.217],[-122.301,54.235],[-122.364,54.259],[-122.398,54.26],[-122.443,54.235],[-122.51,54.224],[-122.546,54.2],[-122.536,54.179],[-122.543,54.17],[-122.566,54.165],[-122.588,54.146],[-122.579,54.13],[-122.56,54.125],[-122.561,54.105],[-122.57,54.087],[-122.601,54.074],[-122.619,54.044],[-122.673,54.014],[-122.672,53.998],[-122.662,53.985],[-122.71,53.975],[-122.693,53.941],[-122.737,53.913],[-122.75,53.897],[-122.751,53.869],[-122.716,53.763],[-122.717,53.726],[-122.735,53.69],[-122.711,53.664],[-122.72,53.636],[-122.719,53.595],[-122.727,53.571],[-122.724,53.559],[-122.678,53.516],[-122.686,53.493],[-122.65,53.425],[-122.657,53.405],[-122.676,53.397],[-122.805,53.393],[-122.828,53.384],[-122.886,53.322],[-122.863,53.288],[-122.795,53.262],[-122.719,53.166],[-122.701,53.156],[-122.656,53.149],[-122.558,53.097],[-122.556,53.091],[-122.567,53.077],[-122.538,53.052],[-122.518,52.977],[-122.448,52.877],[-122.449,52.853],[-122.464,52.821],[-122.474,52.693],[-122.488,52.654],[-122.475,52.612],[-122.484,52.564],[-122.48,52.551],[-122.447,52.529],[-122.44,52.518],[-122.428,52.484],[-122.395,52.436],[-122.374,52.38],[-122.353,52.366],[-122.308,52.352],[-122.292,52.339],[-122.292,52.31],[-122.278,52.281],[-122.277,52.196],[-122.29,52.129],[-122.262,52.016],[-122.276,51.989],[-122.268,51.951],[-122.299,51.91],[-122.312,51.901],[-122.371,51.887],[-122.387,51.875],[-122.386,51.862],[-122.399,51.844],[-122.407,51.81],[-122.408,51.758],[-122.364,51.722],[-122.33,51.671],[-122.327,51.635],[-122.281,51.556],[-122.274,51.508],[-122.241,51.471],[-122.221,51.439],[-122.228,51.391],[-122.243,51.347],[-122.243,51.329],[-122.236,51.313],[-122.194,51.282],[-122.139,51.189],[-122.065,51.163],[-122.026,51.122],[-121.964,51.09],[-121.923,51.008]],[[-121.923,51.008],[-121.917,51.008]],[[-121.923,51.008],[-121.887,50.984],[-121.862,50.946],[-121.878,50.828],[-121.869,50.806],[-121.848,50.785],[-121.845,50.768],[-121.875,50.759],[-121.91,50.775],[-121.926,50.761],[-121.929,50.74],[-121.918,50.677],[-121.774,50.531],[-121.745,50.514],[-121.701,50.438],[-121.687,50.429],[-121.676,50.364],[-121.658,50.332],[-121.599,50.266],[-121.581,50.233],[-121.581,50.172],[-121.547,50.049],[-121.521,50.013],[-121.507,49.97],[-121.451,49.92],[-121.445,49.788],[-121.424,49.744],[-121.429,49.727],[-121.424,49.726],[-121.44,49.689],[-121.439,49.67],[-121.412,49.6],[-121.433,49.55],[-121.427,49.501],[-121.443,49.403],[-121.466,49.385],[-121.498,49.376],[-121.567,49.374],[-121.628,49.338],[-121.691,49.284],[-121.7,49.24],[-121.721,49.215],[-121.743,49.209],[-121.843,49.209],[-121.906,49.219],[-122.0,49.201],[-122.06,49.179],[-122.2,49.168],[-122.331,49.113],[-122.348,49.115],[-122.398,49.153],[-122.437,49.171],[-122.543,49.171],[-122.565,49.177],[-122.595,49.205],[-122.615,49.212],[-122.64,49.21],[-122.708,49.185],[-122.745,49.215],[-122.787,49.225],[-122.862,49.223],[-122.905,49.201],[-122.951,49.164],[-123.024,49.158],[-123.041,49.151]]]}},{"type":"Feature","properties":{"layer":"rivers"},"geometry":{"type":"LineString","coordinates":[[-120.882,42.4],[-120.981,42.407],[-121.022,42.432],[-121.124,42.458],[-121.205,42.465],[-121.256,42.476],[-121.441,42.473],[-121.566,42.495],[-121.596,42.512],[-121.608,42.548],[-121.67,42.572],[-121.698,42.609],[-121.717,42.613],[-121.752,42.6],[-121.789,42.606],[-121.81,42.601],[-121.864,42.567],[-121.951,42.476]]}},{"type":"Feature","properties":{"layer":"rivers"},"geometry":{"type":"MultiLineString","coordinates":[[[-111.186,43.338],[-111.148,43.322],[-111.107,43.249],[-111.068,43.197],[-111.041,43.175]],[[-112.64,43.024],[-112.739,42.925],[-112.809,42.874],[-112.864,42.813]],[[-113.472,42.675],[-113.394,42.682],[-113.336,42.668],[-113.316,42.654]]]}},{"type":"Feature","properties":{"layer":"rivers"},"geometry":{"type":"MultiLineString","coordinates":[[[-111.041,43.175],[-110.994,43.174],[-110.967,43.205],[-110.936,43.212],[-110.805,43.213],[-110.78,43.226],[-110.769,43.242],[-110.764,43.261],[-110.767,43.279],[-110.781,43.292],[-110.719,43.325],[-110.708,43.353],[-110.711,43.367],[-110.736,43.392],[-110.773,43.396],[-110.819,43.413],[-110.836,43.443],[-110.846,43.486],[-110.843,43.5],[-110.823,43.518],[-110.787,43.529],[-110.76,43.547],[-110.749,43.612],[-110.733,43.651],[-110.64,43.758],[-110.628,43.806],[-110.631,43.837]],[[-112.639,43.024],[-112.566,43.062],[-112.507,43.11],[-112.495,43.14],[-112.465,43.164],[-112.337,43.225],[-112.301,43.255],[-112.241,43.271],[-112.202,43.292],[-112.171,43.328],[-112.124,43.402],[-112.124,43.42],[-112.1,43.432],[-112.079,43.463],[-112.043,43.48],[-112.028,43.497],[-112.021,43.518],[-112.052,43.664],[-112.049,43.682],[-112.076,43.695],[-112.08,43.707],[-112.076,43.724],[-112.058,43.746],[-112.059,43.753],[-112.082,43.751],[-112.065,43.77],[-112.048,43.778],[-112.03,43.778],[-111.953,43.751],[-111.912,43.771],[-111.886,43.766],[-111.837,43.724],[-111.788,43.709],[-111.753,43.682],[-111.682,43.664],[-111.661,43.636],[-111.637,43.622],[-111.59,43.606],[-111.516,43.623],[-111.433,43.587],[-111.414,43.562],[-111.417,43.532],[-111.402,43.484],[-111.336,43.456],[-111.211,43.37],[-111.188,43.339]],[[-113.316,42.654],[-113.288,42.637],[-113.247,42.633],[-113.106,42.638],[-113.075,42.644],[-113.049,42.654],[-112.895,42.758],[-112.871,42.783],[-112.864,42.812]],[[-113.474,42.675],[-113.525,42.667],[-113.56,42.646],[-113.637,42.561],[-113.674,42.546],[-113.723,42.548],[-113.748,42.568],[-113.823,42.551],[-113.875,42.565],[-113.9,42.553],[-114.032,42.537],[-114.072,42.518],[-114.119,42.514],[-114.15,42.523],[-114.166,42.544],[-114.228,42.559],[-114.254,42.557],[-114.352,42.592],[-114.488,42.62],[-114.522,42.641],[-114.563,42.646],[-114.593,42.66],[-114.779,42.675],[-114.81,42.698],[-114.831,42.729],[-114.832,42.762],[-114.9,42.784],[-114.916,42.803],[-114.919,42.825],[-114.909,42.845],[-114.885,42.86],[-114.906,42.894],[-114.944,42.918],[-114.963,42.923],[-115.05,42.929],[-115.128,42.919],[-115.168,42.993],[-115.192,43.007],[-115.286,42.961],[-115.365,42.955],[-115.451,42.935],[-115.496,42.949],[-115.571,42.947],[-115.623,42.969],[-115.66,42.955],[-115.734,42.95],[-115.753,42.959],[-115.761,42.986],[-115.775,42.997],[-115.859,43.004],[-115.924,43.02],[-115.945,43.014],[-115.968,42.97],[-115.991,42.964],[-116.037,42.989],[-116.081,43.003],[-116.097,43.025],[-116.174,43.059],[-116.19,43.076],[-116.187,43.096],[-116.196,43.107],[-116.297,43.147],[-116.319,43.171],[-116.346,43.184],[-116.359,43.243],[-116.4,43.297],[-116.417,43.305],[-116.491,43.301],[-116.517,43.305],[-116.555,43.323],[-116.758,43.49],[-116.77,43.504],[-116.782,43.576],[-116.794,43.587],[-116.821,43.603],[-116.869,43.616],[-116.92,43.643],[-116.94,43.658],[-116.959,43.685],[-117.037,43.696],[-117.077,43.71],[-117.067,43.735],[-117.039,43.766],[-117.024,43.798],[-117.031,43.829],[-116.994,43.858],[-116.971,43.893],[-116.948,43.991],[-116.936,44.017],[-116.941,44.049],[-116.969,44.083],[-116.969,44.1],[-116.959,44.109],[-116.921,44.113],[-116.908,44.135],[-116.907,44.158],[-116.892,44.177],[-116.917,44.2],[-116.961,44.224],[-116.974,44.268],[-116.986,44.272],[-117.044,44.26],[-117.065,44.264],[-117.086,44.29],[-117.099,44.292],[-117.113,44.288],[-117.14,44.264],[-117.195,44.298],[-117.202,44.316],[-117.195,44.35],[-117.215,44.395],[-117.212,44.418],[-117.194,44.456],[-117.204,44.482],[-117.184,44.501],[-117.18,44.513],[-117.149,44.525],[-117.122,44.554],[-117.104,44.612],[-117.029,44.734],[-117.011,44.75],[-116.932,44.79],[-116.864,44.866],[-116.833,44.92],[-116.822,44.966],[-116.82,44.987],[-116.833,45.003],[-116.831,45.025],[-116.718,45.151],[-116.697,45.19],[-116.679,45.251],[-116.656,45.285],[-116.649,45.347],[-116.602,45.395],[-116.587,45.428],[-116.539,45.471],[-116.531,45.502],[-116.512,45.536],[-116.463,45.582],[-116.455,45.601],[-116.464,45.642],[-116.499,45.691],[-116.53,45.752],[-116.543,45.762],[-116.557,45.772],[-116.6,45.778],[-116.658,45.803],[-116.688,45.827],[-116.76,45.838],[-116.779,45.866],[-116.839,45.91],[-116.902,46.046],[-116.961,46.105],[-116.918,46.142],[-116.909,46.162],[-116.909,46.183],[-116.931,46.211],[-116.942,46.26],[-116.956,46.281],[-117.037,46.363],[-117.044,46.378],[-117.025,46.429],[-117.024,46.451],[-117.196,46.439],[-117.209,46.444],[-117.205,46.457],[-117.222,46.478],[-117.222,46.522],[-117.23,46.542],[-117.362,46.62],[-117.448,46.705],[-117.465,46.711],[-117.509,46.691],[-117.54,46.687],[-117.6,46.691],[-117.671,46.719],[-117.723,46.701],[-117.757,46.663],[-117.794,46.633],[-117.811,46.629],[-117.849,46.635],[-117.873,46.615],[-117.903,46.603],[-118.055,46.59],[-118.115,46.571],[-118.15,46.566],[-118.167,46.572],[-118.186,46.596],[-118.23,46.615],[-118.278,46.607],[-118.306,46.618],[-118.394,46.594],[-118.444,46.602],[-118.476,46.597],[-118.521,46.577],[-118.548,46.55],[-118.593,46.525],[-118.606,46.475],[-118.621,46.454],[-118.614,46.444],[-118.623,46.429],[-118.662,46.396],[-118.733,46.369],[-118.757,46.341],[-118.759,46.316],[-118.784,46.311],[-118.882,46.268],[-118.984,46.246],[-119.03,46.215]],[[-119.052,46.224],[-118.989,46.187],[-118.958,46.155],[-118.934,46.121],[-118.919,46.08]]]}},{"type":"Feature","properties":{"layer":"rivers"},"geometry":{"type":"MultiLineString","coordinates":[[[-117.132,52.014],[-117.115,52.021],[-117.061,52.071],[-116.97,52.098],[-116.939,52.089],[-116.902,52.04],[-116.838,51.993],[-116.808,51.98],[-116.774,51.974],[-116.739,51.977],[-116.71,51.991],[-116.687,52.014],[-116.665,52.023],[-116.566,52.034],[-116.504,52.019],[-116.433,52.031],[-116.418,52.049],[-116.422,52.12],[-116.43,52.15],[-116.455,52.184],[-116.459,52.205],[-116.454,52.225],[-116.441,52.241],[-116.378,52.269],[-116.365,52.285],[-116.362,52.309],[-116.352,52.319],[-116.303,52.346],[-116.287,52.357],[-116.273,52.383],[-116.251,52.393],[-116.224,52.419],[-116.198,52.43],[-116.107,52.422],[-116.047,52.426],[-115.983,52.41],[-115.961,52.41],[-115.898,52.428],[-115.727,52.455],[-115.62,52.461],[-115.494,52.44],[-115.477,52.406],[-115.444,52.379],[-115.418,52.376],[-115.354,52.403],[-115.307,52.392],[-115.263,52.412],[-115.056,52.335],[-115.016,52.344],[-114.948,52.373],[-114.95,52.391],[-114.992,52.443],[-114.995,52.454],[-114.982,52.522],[-114.999,52.529],[-115.049,52.589],[-115.058,52.634],[-115.081,52.671],[-115.094,52.734],[-115.112,52.748],[-115.163,52.758],[-115.187,52.803],[-115.146,52.809],[-115.156,52.821],[-115.167,52.865],[-115.215,52.899],[-115.235,52.906],[-115.215,52.927],[-115.22,52.935],[-115.202,52.968],[-115.203,52.98],[-115.215,52.991],[-115.213,53.036],[-115.203,53.044],[-115.105,53.063],[-115.04,53.064],[-115.027,53.067],[-115.008,53.091],[-114.969,53.097],[-114.964,53.11],[-114.974,53.131],[-114.972,53.142],[-114.914,53.226],[-114.892,53.242],[-114.862,53.248],[-114.875,53.274],[-114.818,53.303],[-114.796,53.324],[-114.736,53.315],[-114.574,53.316],[-114.53,53.311],[-114.509,53.317],[-114.516,53.317],[-114.473,53.341],[-114.406,53.352],[-114.412,53.365],[-114.384,53.403],[-114.341,53.42],[-114.322,53.416],[-114.275,53.378],[-114.251,53.369],[-114.193,53.361],[-114.15,53.341],[-114.064,53.338],[-114.025,53.324],[-113.935,53.333],[-113.865,53.352],[-113.795,53.35],[-113.768,53.359],[-113.71,53.358],[-113.667,53.381],[-113.673,53.407],[-113.638,53.447],[-113.632,53.482],[-113.619,53.474],[-113.613,53.478],[-113.604,53.495],[-113.56,53.529],[-113.487,53.529],[-113.453,53.55],[-113.382,53.554],[-113.374,53.588],[-113.344,53.598],[-113.316,53.632],[-113.286,53.644],[-113.285,53.677],[-113.248,53.687],[-113.228,53.701],[-113.207,53.728],[-113.178,53.745],[-113.097,53.817],[-113.077,53.852],[-113.015,53.879],[-112.946,53.899],[-112.881,53.941],[-112.867,53.951],[-112.85,54.008],[-112.823,54.046],[-112.782,54.057],[-112.735,54.051],[-112.612,54.011],[-112.593,53.999],[-112.531,54.002],[-112.459,53.989],[-112.416,53.995],[-112.398,54.002],[-112.385,54.02],[-112.264,54.059],[-112.241,54.057],[-112.172,54.016],[-112.187,53.987],[-112.163,53.977],[-112.124,53.972],[-112.081,53.95],[-112.028,53.941],[-111.979,53.911],[-111.959,53.906],[-111.899,53.919],[-111.864,53.906],[-111.818,53.922],[-111.743,53.898],[-111.733,53.879],[-111.738,53.861],[-111.758,53.83],[-111.753,53.81],[-111.753,53.817],[-111.721,53.783],[-111.665,53.776],[-111.502,53.791],[-111.449,53.79],[-111.43,53.784],[-111.397,53.742],[-111.377,53.735],[-111.148,53.745],[-110.981,53.833],[-110.918,53.854],[-110.811,53.852],[-110.767,53.858],[-110.719,53.838],[-110.638,53.849],[-110.609,53.838],[-110.616,53.845],[-110.548,53.8],[-110.521,53.758],[-110.479,53.755],[-110.432,53.739],[-110.335,53.66],[-110.307,53.658],[-110.27,53.681],[-110.202,53.694],[-110.119,53.637],[-109.888,53.56],[-109.816,53.548],[-109.79,53.557],[-109.78,53.577],[-109.759,53.591],[-109.742,53.592],[-109.64,53.577],[-109.629,53.572],[-109.623,53.536],[-109.549,53.484],[-109.53,53.463],[-109.531,53.446],[-109.554,53.427],[-109.547,53.416],[-109.507,53.401],[-109.467,53.373],[-109.441,53.368],[-109.365,53.383],[-109.287,53.385],[-109.265,53.378],[-109.225,53.33],[-109.182,53.31],[-109.085,53.283],[-109.054,53.248],[-109.05,53.222],[-109.041,53.207],[-108.967,53.161],[-108.864,53.039],[-108.835,53.015],[-108.786,53.001],[-108.756,52.982],[-108.649,52.968],[-108.593,52.937],[-108.55,52.93],[-108.424,52.882],[-108.39,52.859],[-108.334,52.837],[-108.33,52.818],[-108.338,52.802],[-108.365,52.779],[-108.372,52.762],[-108.364,52.747],[-108.348,52.736],[-108.328,52.734]],[[-107.5,52.386],[-107.553,52.409],[-107.606,52.446],[-107.864,52.556],[-108.026,52.57],[-108.067,52.591],[-108.126,52.647],[-108.156,52.666],[-108.222,52.69],[-108.264,52.716],[-108.334,52.734]]]}},{"type":"Feature","properties":{"layer":"rivers"},"geometry":{"type":"MultiLineString","coordinates":[[[-117.873,51.87],[-117.726,51.814],[-117.662,51.763],[-117.632,51.72],[-117.558,51.69],[-117.517,51.659]],[[-117.88,50.103],[-117.827,50.132],[-117.81,50.178],[-117.817,50.207],[-117.908,50.351],[-117.92,50.392],[-117.926,50.585],[-117.904,50.656],[-117.906,50.682]],[[-118.366,52.09],[-118.45,52.104],[-118.527,52.102]],[[-117.907,49.342],[-118.027,49.407],[-118.083,49.451],[-118.123,49.506],[-118.139,49.57],[-118.143,49.622],[-118.127,49.705],[-118.092,49.802]],[[-118.168,48.232],[-118.168,48.284],[-118.194,48.352],[-118.212,48.435],[-118.209,48.462],[-118.168,48.521],[-118.134,48.599],[-118.096,48.648],[-118.072,48.664]]]}},{"type":"Feature","properties":{"layer":"rivers"},"geometry":{"type":"MultiLineString","coordinates":[[[-117.517,51.659],[-117.513,51.64],[-117.504,51.629],[-117.476,51.611],[-117.418,51.539],[-117.394,51.524],[-117.253,51.505],[-117.156,51.476],[-117.112,51.453],[-117.079,51.423],[-117.003,51.317],[-116.938,51.264],[-116.902,51.205],[-116.871,51.175],[-116.819,51.144],[-116.778,51.134],[-116.514,51.006],[-116.436,50.955],[-116.388,50.913],[-116.352,50.86],[-116.153,50.693],[-116.102,50.614],[-116.05,50.555],[-115.991,50.455],[-115.896,50.368],[-115.872,50.335],[-115.865,50.287]],[[-117.906,50.683],[-117.952,50.716],[-117.982,50.726],[-118.014,50.812],[-118.055,50.819],[-118.079,50.844],[-118.12,50.857],[-118.111,50.875],[-118.122,50.889],[-118.183,50.932],[-118.215,50.976],[-118.223,51.001],[-118.22,51.026],[-118.195,51.052],[-118.189,51.073],[-118.214,51.143],[-118.209,51.164],[-118.214,51.191],[-118.23,51.228],[-118.254,51.261],[-118.319,51.309],[-118.394,51.343],[-118.437,51.387],[-118.501,51.496],[-118.539,51.543],[-118.61,51.584],[-118.621,51.6],[-118.627,51.637],[-118.668,51.672],[-118.674,51.743],[-118.686,51.755],[-118.686,51.766],[-118.654,51.83],[-118.586,51.888],[-118.58,51.974],[-118.598,52.035],[-118.567,52.084],[-118.551,52.099],[-118.53,52.102]],[[-118.092,49.802],[-118.085,49.883],[-118.068,49.908],[-118.017,49.938],[-117.932,49.971],[-117.91,49.992],[-117.9,50.017],[-117.929,50.071],[-117.93,50.089],[-117.911,50.1],[-117.88,50.103]],[[-118.366,52.09],[-118.317,52.06],[-118.286,52.052],[-118.26,52.033],[-118.207,52.021],[-118.133,51.988],[-118.066,51.972],[-117.99,51.919],[-117.892,51.887],[-117.873,51.87]],[[-118.074,48.664],[-118.042,48.679],[-118.04,48.693],[-118.062,48.746],[-118.032,48.762],[-118.003,48.8],[-117.987,48.809],[-117.937,48.816],[-117.918,48.835],[-117.739,48.952],[-117.647,48.988],[-117.629,49.006],[-117.621,49.033],[-117.628,49.066],[-117.647,49.085],[-117.724,49.113],[-117.728,49.12],[-117.722,49.167],[-117.663,49.228],[-117.659,49.327],[-117.672,49.338],[-117.715,49.346],[-117.855,49.335],[-117.907,49.342]],[[-118.168,48.232],[-118.196,48.171],[-118.189,48.15],[-118.232,48.108],[-118.241,48.05],[-118.253,48.037],[-118.278,48.026],[-118.358,48.037],[-118.377,48.03],[-118.383,48.012],[-118.346,47.965],[-118.339,47.893],[-118.351,47.852],[-118.366,47.839],[-118.387,47.834],[-118.411,47.841],[-118.445,47.869],[-118.466,47.876],[-118.514,47.876],[-118.521,47.879],[-118.531,47.903],[-118.571,47.925],[-118.679,47.938],[-118.692,47.935],[-118.716,47.91],[-118.764,47.904],[-118.792,47.907],[-118.817,47.935],[-118.846,47.94],[-118.948,47.932],[-118.963,47.939],[-118.969,47.961],[-118.968,48.004],[-118.976,48.019],[-119.024,48.048],[-119.062,48.122],[-119.087,48.131],[-119.141,48.136],[-119.23,48.116],[-119.271,48.096],[-119.312,48.108],[-119.327,48.094],[-119.345,48.05],[-119.364,48.041],[-119.427,48.049],[-119.456,48.067],[-119.504,48.07],[-119.628,48.013],[-119.652,48.009],[-119.684,48.009],[-119.707,48.016],[-119.689,48.06],[-119.702,48.075],[-119.778,48.095],[-119.806,48.075],[-119.853,48.073],[-119.896,48.056],[-119.9,48.044],[-119.871,47.995],[-119.861,47.938],[-119.905,47.907],[-119.908,47.899],[-119.901,47.881],[-119.905,47.872],[-119.95,47.841],[-119.962,47.813],[-120.005,47.787],[-120.053,47.78],[-120.111,47.787],[-120.19,47.753],[-120.179,47.688],[-120.199,47.667],[-120.217,47.596],[-120.277,47.538],[-120.286,47.516],[-120.282,47.453],[-120.272,47.43],[-120.236,47.399],[-120.134,47.375],[-120.082,47.353],[-120.068,47.329],[-120.073,47.283],[-120.068,47.258],[-120.055,47.249],[-120.012,47.239],[-119.997,47.225],[-119.991,47.206],[-119.991,47.16],[-120.017,47.11],[-120.018,47.088],[-119.998,47.06],[-119.984,46.999],[-119.943,46.944],[-119.943,46.865],[-119.922,46.831],[-119.938,46.743],[-119.932,46.708],[-119.913,46.678],[-119.881,46.65],[-119.843,46.639],[-119.696,46.663],[-119.612,46.663],[-119.59,46.673],[-119.532,46.725],[-119.514,46.734],[-119.471,46.734],[-119.426,46.701],[-119.419,46.683],[-119.395,46.67],[-119.364,46.62],[-119.278,46.547],[-119.258,46.514],[-119.257,46.439],[-119.244,46.355],[-119.244,46.334],[-119.259,46.306],[-119.251,46.283],[-119.136,46.242],[-119.052,46.224]],[[-118.919,46.08],[-118.926,46.056],[-118.952,46.024],[-118.987,46.012],[-119.045,45.964],[-119.093,45.949],[-119.341,45.946],[-119.48,45.927],[-119.575,45.928],[-119.663,45.872],[-119.934,45.838],[-120.08,45.795],[-120.127,45.789],[-120.176,45.759],[-120.23,45.737],[-120.29,45.74],[-120.363,45.715],[-120.426,45.721],[-120.47,45.71],[-120.621,45.731],[-120.658,45.716],[-120.669,45.703],[-120.787,45.68],[-120.844,45.651],[-120.9,45.642],[-120.968,45.651],[-121.044,45.653],[-121.133,45.624],[-121.155,45.622],[-121.173,45.632],[-121.204,45.685],[-121.224,45.697],[-121.272,45.709],[-121.57,45.729],[-121.718,45.71],[-121.793,45.721],[-121.821,45.717],[-121.862,45.701],[-121.971,45.642],[-122.15,45.594]],[[-123.18,46.179],[-123.112,46.186],[-123.092,46.183],[-123.03,46.149],[-123.0,46.145],[-122.936,46.122],[-122.892,46.092],[-122.861,46.05],[-122.85,46.011],[-122.807,45.978],[-122.793,45.916],[-122.774,45.881],[-122.78,45.82],[-122.753,45.782],[-122.759,45.741],[-122.755,45.702],[-122.739,45.663],[-122.722,45.649],[-122.673,45.626],[-122.595,45.614],[-122.54,45.622],[-122.426,45.588],[-122.342,45.587],[-122.261,45.566],[-122.15,45.594]]]}},{"type":"Feature","properties":{"layer":"rivers"},"geometry":{"type":"LineString","coordinates":[[-111.31,44.873],[-111.239,44.815],[-111.219,44.775],[-111.184,44.768],[-111.146,44.77],[-111.098,44.759]]}},{"type":"Feature","properties":{"layer":"rivers"},"geometry":{"type":"MultiLineString","coordinates":[[[-111.098,44.759],[-111.067,44.722],[-111.05,44.677],[-111.039,44.666],[-110.931,44.668],[-110.897,44.649],[-110.851,44.647],[-110.808,44.66],[-110.764,44.72],[-110.744,44.727]],[[-111.516,46.36],[-111.498,46.31],[-111.456,46.261],[-111.446,46.217],[-111.429,46.19],[-111.405,46.17],[-111.377,46.156],[-111.377,46.149],[-111.403,46.147],[-111.406,46.137],[-111.393,46.124],[-111.37,46.115],[-111.391,46.077],[-111.383,46.05],[-111.388,46.024],[-111.438,46.012],[-111.45,45.994],[-111.476,45.902],[-111.459,45.874],[-111.459,45.858],[-111.481,45.819],[-111.475,45.771],[-111.513,45.683],[-111.507,45.631],[-111.516,45.616],[-111.564,45.604],[-111.575,45.592],[-111.579,45.557],[-111.616,45.516],[-111.625,45.467],[-111.636,45.45],[-111.682,45.417],[-111.692,45.4],[-111.732,45.262],[-111.727,45.218],[-111.706,45.185],[-111.653,45.126],[-111.636,45.089],[-111.633,45.079],[-111.647,45.048],[-111.636,44.978],[-111.592,44.911],[-111.508,44.852],[-111.474,44.838],[-111.439,44.833],[-111.404,44.839],[-111.374,44.858],[-111.356,44.879],[-111.31,44.873]]]}},{"type":"Feature","properties":{"layer":"rivers"},"geometry":{"type":"MultiLineString","coordinates":[[[-111.697,46.662],[-111.654,46.614],[-111.568,46.535],[-111.548,46.505],[-111.521,46.452],[-111.514,46.424],[-111.516,46.362]],[[-108.196,47.602],[-107.995,47.605],[-107.962,47.597],[-107.928,47.581],[-107.904,47.546],[-107.894,47.477],[-107.875,47.464],[-107.844,47.474],[-107.822,47.545],[-107.748,47.567],[-107.722,47.582],[-107.677,47.635],[-107.658,47.646],[-107.584,47.664],[-107.553,47.663],[-107.5,47.647]]]}},{"type":"Feature","properties":{"layer":"rivers"},"geometry":{"type":"LineString","coordinates":[[-108.191,47.602],[-108.28,47.595],[-108.3,47.579],[-108.348,47.596],[-108.402,47.602],[-108.426,47.633],[-108.454,47.618],[-108.489,47.629],[-108.585,47.636],[-108.648,47.635],[-108.7,47.658],[-108.745,47.656],[-108.759,47.691],[-108.777,47.705],[-108.866,47.744],[-108.916,47.739],[-108.93,47.753],[-108.911,47.79],[-108.921,47.807],[-108.941,47.814],[-109.04,47.814],[-109.119,47.79],[-109.163,47.808],[-109.237,47.814],[-109.263,47.809],[-109.388,47.753],[-109.435,47.747],[-109.533,47.767],[-109.626,47.761],[-109.705,47.726],[-109.832,47.735],[-109.87,47.751],[-109.888,47.778],[-109.944,47.794],[-110.049,47.843],[-110.058,47.859],[-110.048,47.916],[-110.103,48.01],[-110.14,48.047],[-110.16,48.055],[-110.188,48.055],[-110.248,48.017],[-110.283,48.025],[-110.38,47.969],[-110.448,47.951],[-110.467,47.933],[-110.469,47.918],[-110.442,47.918],[-110.473,47.892],[-110.527,47.875],[-110.564,47.888],[-110.572,47.856],[-110.613,47.85],[-110.719,47.789],[-110.76,47.773],[-110.786,47.772],[-110.866,47.793],[-110.888,47.788],[-110.997,47.687],[-111.028,47.633],[-111.086,47.581],[-111.169,47.542],[-111.226,47.547],[-111.288,47.528],[-111.296,47.514],[-111.295,47.475],[-111.278,47.444],[-111.276,47.426],[-111.295,47.41],[-111.31,47.406],[-111.329,47.424],[-111.36,47.424],[-111.392,47.438],[-111.402,47.419],[-111.453,47.425],[-111.507,47.417],[-111.507,47.41],[-111.485,47.399],[-111.486,47.39],[-111.521,47.383],[-111.687,47.283],[-111.766,47.211],[-111.804,47.193],[-111.827,47.162],[-111.93,47.128],[-111.943,47.116],[-112.005,47.038],[-112.0,47.022],[-111.98,46.999],[-111.94,46.973],[-111.926,46.895],[-111.896,46.887],[-111.891,46.876],[-111.892,46.864],[-111.924,46.832],[-111.921,46.824],[-111.901,46.81],[-111.858,46.757],[-111.794,46.733],[-111.788,46.694],[-111.778,46.673],[-111.754,46.664],[-111.699,46.663]]}},{"type":"Feature","properties":{"layer":"admin0"},"geometry":{"type":"LineString","coordinates":[[-124.759,48.494],[-124.005,48.28],[-123.585,48.213],[-123.528,48.216],[-123.273,48.267],[-123.232,48.289],[-123.119,48.415],[-123.178,48.467],[-123.213,48.533],[-123.26,48.683],[-123.005,48.757],[-123.003,48.785],[-123.005,48.815],[-123.313,48.993]]}},{"type":"Feature","properties":{"layer":"admin0"},"geometry":{"type":"MultiLineString","coordinates":[[[-123.028,48.993],[-122.753,48.993]],[[-123.313,48.993],[-123.09,48.993]]]}},{"type":"Feature","properties":{"layer":"admin0"},"geometry":{"type":"LineString","coordinates":[[-122.753,48.993],[-107.5,48.993]]}},{"type":"Feature","properties":{"layer":"admin0"},"geometry":{"type":"LineString","coordinates":[[-123.09,48.993],[-123.035,48.993]]}},{"type":"Feature","properties":{"layer":"admin1"},"geometry":{"type":"LineString","coordinates":[[-124.215,42.0],[-124.219,42.0]]}},{"type":"Feature","properties":{"layer":"admin1"},"geometry":{"type":"MultiLineString","coordinates":[[[-111.05,42.0],[-111.05,41.0]],[[-111.05,41.0],[-111.05,41.0]],[[-111.05,41.0],[-111.05,41.0]],[[-111.05,41.0],[-109.046,41.0]]]}},{"type":"Feature","properties":{"layer":"admin1"},"geometry":{"type":"LineString","coordinates":[[-114.043,42.0],[-114.041,39.5]]}},{"type":"Feature","properties":{"layer":"admin1"},"geometry":{"type":"LineString","coordinates":[[-109.046,41.0],[-107.5,41.0]]}},{"type":"Feature","properties":{"layer":"admin1"},"geometry":{"type":"LineString","coordinates":[[-109.046,41.0],[-109.046,39.5]]}},{"type":"Feature","properties":{"layer":"admin1"},"geometry":{"type":"MultiLineString","coordinates":[[[-120.0,55.0],[-120.001,53.823],[-119.996,53.805],[-119.981,53.791],[-119.962,53.785],[-119.919,53.783],[-119.904,53.775],[-119.903,53.768],[-119.921,53.724],[-119.903,53.711],[-119.876,53.71],[-119.855,53.698]],[[-119.818,53.709],[-119.808,53.705],[-119.79,53.681],[-119.737,53.642],[-119.732,53.623],[-119.754,53.605],[-119.794,53.603]],[[-119.855,53.698],[-119.818,53.709]],[[-119.794,53.603],[-119.905,53.617]],[[-119.905,53.617],[-119.927,53.615],[-119.931,53.605],[-119.887,53.567],[-119.886,53.557],[-119.904,53.542],[-119.909,53.532],[-119.905,53.522],[-119.883,53.507]],[[-119.848,53.513],[-119.827,53.508],[-119.809,53.493],[-119.757,53.415],[-119.742,53.4],[-119.719,53.385],[-119.642,53.354]],[[-119.883,53.507],[-119.848,53.513]],[[-119.589,53.379],[-119.476,53.357]],[[-119.642,53.354],[-119.632,53.355],[-119.606,53.378],[-119.589,53.379]],[[-119.408,53.368],[-119.381,53.356],[-119.375,53.323],[-119.359,53.29],[-119.278,53.208],[-119.263,53.198],[-119.222,53.194],[-119.188,53.184]],[[-119.476,53.357],[-119.408,53.368]],[[-118.978,53.238],[-118.92,53.209],[-118.877,53.197],[-118.85,53.183],[-118.757,53.121],[-118.751,53.115],[-118.751,53.104],[-118.78,53.068],[-118.777,53.053],[-118.766,53.051]],[[-119.029,53.135],[-119.015,53.142],[-119.014,53.15],[-119.026,53.176],[-119.011,53.193],[-119.007,53.231],[-118.978,53.238]],[[-119.17,53.184],[-119.156,53.182],[-119.126,53.161],[-119.09,53.157],[-119.029,53.135]],[[-119.188,53.184],[-119.17,53.184]],[[-118.738,53.062],[-118.726,53.061],[-118.712,53.039],[-118.698,53.037]],[[-118.766,53.051],[-118.738,53.062]],[[-118.684,53.038],[-118.672,53.034],[-118.663,53.016],[-118.674,52.966],[-118.637,52.93],[-118.624,52.887],[-118.605,52.878]],[[-118.698,53.037],[-118.684,53.038]],[[-118.515,52.9],[-118.498,52.9],[-118.483,52.893],[-118.471,52.862],[-118.43,52.848],[-118.421,52.84],[-118.417,52.826],[-118.432,52.791],[-118.423,52.779],[-118.374,52.761],[-118.355,52.748],[-118.325,52.696],[-118.306,52.677],[-118.305,52.667],[-118.317,52.654],[-118.352,52.628],[-118.329,52.588],[-118.286,52.569],[-118.279,52.559],[-118.284,52.534],[-118.276,52.516],[-118.244,52.493],[-118.207,52.482],[-118.209,52.471],[-118.22,52.463],[-118.25,52.456],[-118.259,52.445],[-118.258,52.431],[-118.232,52.399],[-118.227,52.37],[-118.211,52.367]],[[-118.605,52.878],[-118.515,52.9]],[[-118.012,52.485],[-117.992,52.485],[-117.934,52.441],[-117.891,52.425],[-117.802,52.416],[-117.758,52.405],[-117.736,52.391],[-117.727,52.373],[-117.729,52.352],[-117.742,52.33],[-117.822,52.28],[-117.822,52.263],[-117.778,52.218],[-117.754,52.2],[-117.69,52.19],[-117.664,52.181],[-117.616,52.14],[-117.591,52.13]],[[-118.096,52.398],[-118.064,52.399],[-118.043,52.408],[-118.039,52.424],[-118.045,52.445],[-118.032,52.455],[-118.012,52.485]],[[-118.13,52.399],[-118.096,52.398]],[[-118.211,52.367],[-118.156,52.396],[-118.13,52.399]],[[-117.319,52.182],[-117.302,52.156],[-117.297,52.137],[-117.298,52.105],[-117.288,52.082],[-117.271,52.063],[-117.27,52.045],[-117.237,52.03],[-117.185,51.988],[-117.112,51.965],[-117.047,51.915],[-117.037,51.905],[-117.032,51.891],[-117.027,51.855],[-116.994,51.835],[-116.987,51.805],[-116.938,51.72],[-116.914,51.708],[-116.888,51.706]],[[-117.376,52.134],[-117.346,52.148],[-117.332,52.182],[-117.319,52.182]],[[-117.493,52.15],[-117.418,52.135],[-117.376,52.134]],[[-117.591,52.13],[-117.524,52.147],[-117.493,52.15]],[[-116.685,51.809],[-116.66,51.799],[-116.651,51.789],[-116.646,51.758],[-116.606,51.724],[-116.596,51.709],[-116.593,51.665],[-116.576,51.644],[-116.495,51.617],[-116.484,51.607],[-116.473,51.581],[-116.461,51.569],[-116.405,51.547],[-116.4,51.541],[-116.399,51.518],[-116.388,51.495],[-116.366,51.481],[-116.315,51.466],[-116.296,51.451],[-116.302,51.402],[-116.3,51.379],[-116.277,51.36],[-116.275,51.334],[-116.267,51.323],[-116.246,51.308],[-116.217,51.302]],[[-116.888,51.706],[-116.853,51.706],[-116.823,51.713],[-116.807,51.729],[-116.82,51.741],[-116.818,51.748],[-116.764,51.792],[-116.752,51.798],[-116.685,51.809]],[[-116.181,51.304],[-116.166,51.299],[-116.146,51.263],[-116.118,51.252],[-116.051,51.241],[-116.028,51.22],[-116.018,51.142],[-116.003,51.129],[-115.93,51.094],[-115.874,51.086]],[[-116.217,51.302],[-116.181,51.304]],[[-115.843,51.086],[-115.816,51.084],[-115.779,51.073],[-115.772,51.067],[-115.764,51.041],[-115.757,51.034],[-115.695,51.018],[-115.677,51.007],[-115.659,50.979],[-115.62,50.97],[-115.603,50.93],[-115.572,50.9],[-115.581,50.893],[-115.633,50.884],[-115.645,50.875],[-115.647,50.852],[-115.573,50.835],[-115.542,50.8],[-115.484,50.781],[-115.464,50.761],[-115.45,50.759]],[[-115.874,51.086],[-115.843,51.086]],[[-115.434,50.759],[-115.419,50.754],[-115.403,50.722],[-115.391,50.716]],[[-115.45,50.759],[-115.434,50.759]],[[-115.357,50.733],[-115.343,50.73],[-115.317,50.712],[-115.29,50.675],[-115.288,50.656],[-115.316,50.649],[-115.313,50.636],[-115.239,50.582],[-115.221,50.55],[-115.198,50.545]],[[-115.391,50.716],[-115.379,50.719],[-115.357,50.733]],[[-115.096,50.589],[-115.028,50.579],[-115.0,50.563],[-114.93,50.487],[-114.88,50.441],[-114.856,50.408],[-114.814,50.384],[-114.775,50.354],[-114.777,50.346],[-114.791,50.338],[-114.79,50.328],[-114.76,50.288],[-114.754,50.242],[-114.733,50.203],[-114.733,50.162],[-114.724,50.126],[-114.719,50.116],[-114.704,50.107],[-114.685,50.076],[-114.667,50.072],[-114.661,50.064],[-114.66,50.015],[-114.643,49.973],[-114.65,49.963],[-114.661,49.962]],[[-115.198,50.545],[-115.179,50.554],[-115.159,50.579],[-115.129,50.587],[-115.096,50.589]],[[-114.661,49.962],[-114.673,49.964]],[[-114.673,49.964],[-114.683,49.959],[-114.688,49.946],[-114.683,49.892],[-114.638,49.827],[-114.628,49.802],[-114.625,49.78],[-114.65,49.759],[-114.636,49.73],[-114.644,49.714],[-114.666,49.697],[-114.663,49.686],[-114.681,49.636],[-114.684,49.631],[-114.721,49.625],[-114.731,49.618],[-114.744,49.596],[-114.738,49.581],[-114.701,49.565],[-114.689,49.547]],[[-114.587,49.557],[-114.576,49.556],[-114.564,49.539],[-114.569,49.514],[-114.592,49.471],[-114.598,49.444],[-114.592,49.418],[-114.578,49.395],[-114.557,49.376],[-114.538,49.372],[-114.521,49.354],[-114.482,49.342],[-114.47,49.334],[-114.461,49.307],[-114.441,49.292],[-114.433,49.27],[-114.426,49.264],[-114.38,49.258],[-114.372,49.25],[-114.375,49.241],[-114.388,49.23],[-114.387,49.217],[-114.376,49.205],[-114.342,49.197]],[[-114.623,49.543],[-114.587,49.557]],[[-114.659,49.553],[-114.623,49.543]],[[-114.689,49.547],[-114.659,49.553]],[[-114.312,49.198],[-114.258,49.186]],[[-114.342,49.197],[-114.312,49.198]],[[-114.242,49.187],[-114.225,49.186],[-114.154,49.148],[-114.153,49.138],[-114.16,49.117],[-114.157,49.104],[-114.116,49.067],[-114.104,49.06],[-114.048,49.049],[-114.037,49.034],[-114.038,49.023],[-114.064,48.993]],[[-114.258,49.186],[-114.242,49.187]]]}},{"type":"Feature","properties":{"layer":"admin1"},"geometry":{"type":"LineString","coordinates":[[-110.0,55.0],[-109.999,48.993]]}},{"type":"Feature","properties":{"layer":"admin1"},"geometry":{"type":"MultiLineString","coordinates":[[[-122.595,45.614],[-122.673,45.626],[-122.722,45.649],[-122.739,45.663],[-122.754,45.702],[-122.759,45.741],[-122.753,45.782],[-122.78,45.82],[-122.774,45.881],[-122.792,45.916],[-122.801,45.962],[-122.807,45.978],[-122.85,46.012],[-122.861,46.05],[-122.892,46.092],[-122.91,46.108],[-122.967,46.136],[-123.03,46.149],[-123.092,46.183],[-123.112,46.186]],[[-123.112,46.186],[-123.172,46.179]],[[-123.172,46.179],[-123.177,46.179]],[[-123.177,46.179],[-123.18,46.179]],[[-116.879,46.001],[-119.002,46.0],[-119.045,45.964],[-119.093,45.949],[-119.341,45.946],[-119.48,45.927]],[[-119.48,45.927],[-119.549,45.93]],[[-119.549,45.93],[-119.575,45.928],[-119.592,45.921],[-119.621,45.896],[-119.662,45.872],[-119.934,45.838],[-120.08,45.795],[-120.127,45.789],[-120.202,45.746],[-120.245,45.736]],[[-120.245,45.736],[-120.29,45.74]],[[-120.29,45.74],[-120.374,45.714]],[[-120.47,45.71],[-120.621,45.731]],[[-120.621,45.731],[-120.658,45.717],[-120.669,45.703],[-120.716,45.69],[-120.787,45.68],[-120.839,45.653],[-120.9,45.642]],[[-121.155,45.622],[-121.173,45.632],[-121.204,45.685],[-121.224,45.697],[-121.272,45.709],[-121.57,45.729]],[[-121.57,45.729],[-121.718,45.71]],[[-121.718,45.71],[-121.793,45.721]],[[-121.793,45.721],[-121.821,45.717],[-121.862,45.701],[-121.931,45.66],[-121.971,45.642],[-122.261,45.566]],[[-120.374,45.714],[-120.426,45.721]],[[-120.426,45.721],[-120.47,45.71]],[[-121.001,45.65],[-121.039,45.653]],[[-121.039,45.653],[-121.133,45.624],[-121.155,45.622]],[[-120.9,45.642],[-120.968,45.651]],[[-120.968,45.651],[-121.001,45.65]],[[-122.261,45.566],[-122.342,45.587],[-122.426,45.588],[-122.456,45.6],[-122.555,45.622]],[[-122.555,45.622],[-122.595,45.614]]]}},{"type":"Feature","properties":{"layer":"admin1"},"geometry":{"type":"LineString","coordinates":[[-120.001,42.0],[-124.215,42.0]]}},{"type":"Feature","properties":{"layer":"admin1"},"geometry":{"type":"LineString","coordinates":[[-116.879,46.001],[-116.902,46.046],[-116.955,46.094],[-116.961,46.105],[-116.918,46.142],[-116.909,46.162],[-116.909,46.183],[-116.931,46.211],[-116.942,46.26],[-116.989,46.32],[-117.037,46.363],[-117.044,46.378],[-117.039,46.424],[-117.043,48.055],[-117.035,48.359],[-117.038,48.993]]}},{"type":"Feature","properties":{"layer":"admin1"},"geometry":{"type":"MultiLineString","coordinates":[[[-117.14,44.264],[-117.195,44.298],[-117.202,44.316],[-117.195,44.35],[-117.215,44.395],[-117.212,44.418],[-117.194,44.456],[-117.204,44.482],[-117.183,44.501],[-117.18,44.514],[-117.149,44.525],[-117.122,44.554],[-117.112,44.573],[-117.104,44.612],[-117.029,44.734],[-117.011,44.75],[-116.932,44.79],[-116.864,44.866],[-116.833,44.92],[-116.822,44.967],[-116.82,44.988],[-116.832,45.003],[-116.831,45.025],[-116.717,45.151],[-116.697,45.19],[-116.679,45.251],[-116.656,45.285],[-116.649,45.348],[-116.636,45.366],[-116.602,45.395],[-116.587,45.428],[-116.539,45.471],[-116.531,45.502],[-116.512,45.536],[-116.463,45.582],[-116.455,45.601],[-116.456,45.622],[-116.464,45.642],[-116.499,45.691],[-116.53,45.752],[-116.557,45.772],[-116.599,45.778],[-116.657,45.804],[-116.688,45.827],[-116.759,45.838],[-116.779,45.867],[-116.839,45.91],[-116.868,45.966],[-116.879,46.001]],[[-117.044,44.26],[-117.065,44.264],[-117.086,44.29],[-117.099,44.292]],[[-117.099,44.292],[-117.113,44.288],[-117.14,44.264]],[[-116.931,44.11],[-116.921,44.114],[-116.912,44.124],[-116.907,44.158],[-116.892,44.177],[-116.897,44.186],[-116.917,44.2],[-116.961,44.224],[-116.969,44.237],[-116.973,44.268],[-116.986,44.272]],[[-116.986,44.272],[-117.044,44.26]],[[-116.945,44.11],[-116.931,44.11]],[[-117.017,42.0],[-117.02,43.785],[-117.031,43.829],[-117.016,43.845],[-116.994,43.858],[-116.971,43.893],[-116.948,43.991],[-116.934,44.029],[-116.941,44.05],[-116.969,44.084],[-116.969,44.1],[-116.959,44.109],[-116.945,44.11]]]}},{"type":"Feature","properties":{"layer":"admin1"},"geometry":{"type":"MultiLineString","coordinates":[[[-114.751,46.714],[-114.761,46.716],[-114.769,46.725],[-114.762,46.761],[-114.772,46.779],[-114.824,46.793],[-114.905,46.842],[-114.921,46.877],[-114.923,46.894],[-114.918,46.923],[-114.957,46.943],[-114.999,46.978],[-115.039,46.989],[-115.052,46.997],[-115.061,47.024],[-115.15,47.093],[-115.165,47.116],[-115.192,47.143],[-115.28,47.196],[-115.29,47.216],[-115.333,47.264],[-115.432,47.293],[-115.497,47.304],[-115.51,47.313],[-115.545,47.356],[-115.586,47.388],[-115.661,47.423],[-115.701,47.431],[-115.724,47.442],[-115.725,47.452],[-115.714,47.46],[-115.658,47.466],[-115.646,47.47],[-115.639,47.479],[-115.643,47.486],[-115.678,47.5],[-115.692,47.532],[-115.733,47.556],[-115.729,47.564],[-115.689,47.584],[-115.677,47.604],[-115.686,47.624],[-115.718,47.661],[-115.715,47.686],[-115.719,47.7],[-115.732,47.713],[-115.761,47.726],[-115.778,47.754],[-115.821,47.776],[-115.845,47.83],[-115.855,47.844],[-115.887,47.859],[-115.937,47.894],[-115.985,47.948],[-116.046,47.997],[-116.049,48.004],[-116.048,48.993]],[[-114.567,46.644],[-114.594,46.651],[-114.636,46.674],[-114.639,46.69],[-114.622,46.707],[-114.623,46.72],[-114.638,46.736],[-114.678,46.752]],[[-114.678,46.752],[-114.699,46.747],[-114.737,46.718],[-114.751,46.714]],[[-114.527,45.568],[-114.545,45.573],[-114.529,45.6],[-114.542,45.627],[-114.536,45.636],[-114.498,45.665],[-114.494,45.68],[-114.498,45.696],[-114.494,45.705],[-114.502,45.719],[-114.533,45.743],[-114.549,45.771],[-114.55,45.784],[-114.53,45.798],[-114.495,45.845],[-114.478,45.853],[-114.423,45.858],[-114.393,45.878],[-114.388,45.888],[-114.415,45.929],[-114.414,45.947],[-114.399,45.972],[-114.404,45.985],[-114.461,46.001],[-114.474,46.013],[-114.472,46.032],[-114.483,46.056],[-114.454,46.093],[-114.451,46.109],[-114.458,46.119],[-114.498,46.149],[-114.503,46.16],[-114.494,46.174],[-114.447,46.181],[-114.433,46.191],[-114.438,46.236],[-114.454,46.27],[-114.438,46.293],[-114.43,46.321],[-114.406,46.347],[-114.403,46.395],[-114.375,46.441],[-114.371,46.46],[-114.373,46.471],[-114.4,46.501],[-114.394,46.508],[-114.349,46.523],[-114.339,46.536],[-114.346,46.56],[-114.334,46.579],[-114.337,46.601],[-114.323,46.634],[-114.323,46.652],[-114.329,46.672],[-114.352,46.678]],[[-114.352,46.678],[-114.428,46.666],[-114.478,46.648]],[[-114.478,46.648],[-114.509,46.654]],[[-114.509,46.654],[-114.567,46.644]],[[-113.547,45.124],[-113.561,45.13],[-113.565,45.152],[-113.579,45.169],[-113.584,45.19],[-113.594,45.203],[-113.662,45.251],[-113.67,45.278],[-113.711,45.305],[-113.717,45.314],[-113.715,45.38],[-113.726,45.394],[-113.754,45.41],[-113.764,45.438],[-113.752,45.471],[-113.754,45.501],[-113.768,45.515],[-113.799,45.525],[-113.811,45.535],[-113.803,45.566],[-113.789,45.584],[-113.795,45.601],[-113.811,45.612],[-113.883,45.632],[-113.889,45.638],[-113.896,45.658],[-113.957,45.693],[-113.99,45.703]],[[-113.99,45.703],[-113.999,45.699],[-114.003,45.691],[-113.997,45.659],[-114.001,45.653],[-114.048,45.636],[-114.069,45.606],[-114.096,45.592],[-114.109,45.573],[-114.191,45.545]],[[-114.309,45.482],[-114.348,45.49],[-114.357,45.5],[-114.402,45.519],[-114.418,45.541],[-114.451,45.559],[-114.507,45.568]],[[-114.507,45.568],[-114.527,45.568]],[[-114.191,45.545],[-114.208,45.546]],[[-114.208,45.546],[-114.232,45.537],[-114.256,45.5],[-114.309,45.482]],[[-113.324,44.792],[-113.339,44.798],[-113.344,44.82],[-113.352,44.826],[-113.425,44.854],[-113.44,44.872],[-113.46,44.909],[-113.48,44.929],[-113.476,44.942],[-113.443,44.959],[-113.43,45.001],[-113.452,45.05],[-113.49,45.092],[-113.499,45.114],[-113.513,45.124]],[[-113.513,45.124],[-113.547,45.124]],[[-112.829,44.377],[-112.845,44.38],[-112.872,44.407],[-112.93,44.423],[-112.957,44.447],[-112.991,44.46],[-113.008,44.499],[-112.993,44.532],[-113.003,44.542],[-113.028,44.553],[-113.037,44.579],[-113.067,44.605],[-113.065,44.619],[-113.042,44.637],[-113.043,44.647],[-113.075,44.697],[-113.091,44.713],[-113.102,44.737],[-113.141,44.776],[-113.183,44.804],[-113.21,44.814],[-113.25,44.819]],[[-113.25,44.819],[-113.296,44.796],[-113.324,44.792]],[[-111.051,44.498],[-111.095,44.507],[-111.112,44.515],[-111.171,44.574],[-111.21,44.594],[-111.218,44.609],[-111.222,44.641],[-111.25,44.656],[-111.308,44.732],[-111.367,44.755]],[[-111.367,44.755],[-111.375,44.755],[-111.396,44.734],[-111.44,44.727],[-111.464,44.71],[-111.463,44.7],[-111.45,44.684],[-111.451,44.666],[-111.46,44.659],[-111.492,44.648],[-111.507,44.6],[-111.496,44.575],[-111.457,44.561],[-111.454,44.552],[-111.487,44.546]],[[-112.185,44.552],[-112.204,44.555],[-112.233,44.569]],[[-112.233,44.569],[-112.328,44.537],[-112.36,44.471],[-112.374,44.462],[-112.401,44.458]],[[-111.487,44.546],[-111.558,44.567],[-111.667,44.567]],[[-111.667,44.567],[-111.682,44.566],[-111.733,44.541],[-111.809,44.528]],[[-111.809,44.528],[-111.852,44.557],[-111.87,44.562],[-111.912,44.564]],[[-111.912,44.564],[-111.97,44.55]],[[-112.082,44.539],[-112.163,44.553]],[[-112.163,44.553],[-112.185,44.552]],[[-111.97,44.55],[-111.986,44.551]],[[-111.986,44.551],[-112.082,44.539]],[[-112.497,44.475],[-112.524,44.488],[-112.68,44.505]],[[-112.68,44.505],[-112.699,44.504],[-112.723,44.494],[-112.751,44.489],[-112.815,44.444],[-112.826,44.431],[-112.827,44.42],[-112.808,44.394],[-112.809,44.388],[-112.829,44.377]],[[-112.401,44.458],[-112.435,44.474],[-112.469,44.478]],[[-112.469,44.478],[-112.497,44.475]]]}},{"type":"Feature","properties":{"layer":"admin1"},"geometry":{"type":"LineString","coordinates":[[-111.051,44.498],[-111.05,42.0]]}},{"type":"Feature","properties":{"layer":"admin1"},"geometry":{"type":"LineString","coordinates":[[-111.051,44.498],[-111.051,45.0],[-107.5,45.0]]}},{"type":"Feature","properties":{"layer":"admin1"},"geometry":{"type":"LineString","coordinates":[[-117.017,42.0],[-120.001,42.0]]}},{"type":"Feature","properties":{"layer":"admin1"},"geometry":{"type":"LineString","coordinates":[[-117.017,42.0],[-114.043,42.0]]}},{"type":"Feature","properties":{"layer":"admin1"},"geometry":{"type":"MultiLineString","coordinates":[[[-113.482,42.0],[-113.856,42.0]],[[-113.856,42.0],[-114.043,42.0]],[[-112.359,42.0],[-112.733,42.0]],[[-112.733,42.0],[-113.482,42.0]],[[-111.237,42.0],[-111.611,42.0]],[[-111.611,42.0],[-112.359,42.0]],[[-111.05,42.0],[-111.237,42.0]]]}},{"type":"Feature","properties":{"layer":"admin1"},"geometry":{"type":"LineString","coordinates":[[-120.0,39.5],[-120.001,42.0]]}},{"type":"Feature","properties":{"layer":"admin1"},"geometry":{"type":"LineString","coordinates":[[-123.18,46.179],[-123.213,46.173],[-123.282,46.144],[-123.373,46.147],[-123.427,46.181],[-123.428,46.229],[-123.446,46.249],[-123.475,46.268],[-123.502,46.27],[-123.541,46.26],[-123.65,46.259],[-123.688,46.25],[-123.741,46.269],[-123.782,46.254],[-123.815,46.25],[-123.872,46.235],[-123.941,46.242],[-123.967,46.265],[-123.997,46.27],[-124.007,46.286],[-124.031,46.295],[-124.037,46.291],[-124.032,46.282],[-124.032,46.26],[-124.093,46.26]]}},{"type":"Feature","properties":{"layer":"coast"},"geometry":{"type":"MultiLineString","coordinates":[[[-124.492,42.93],[-124.445,43.03],[-124.424,43.119],[-124.416,43.125],[-124.418,43.142],[-124.387,43.263],[-124.401,43.31],[-124.377,43.34],[-124.36,43.342],[-124.342,43.352],[-124.329,43.349],[-124.326,43.312],[-124.317,43.3],[-124.308,43.328],[-124.312,43.339],[-124.309,43.355],[-124.287,43.371],[-124.276,43.394],[-124.253,43.417],[-124.233,43.424],[-124.222,43.425],[-124.218,43.416],[-124.218,43.386],[-124.213,43.375],[-124.178,43.369],[-124.152,43.369],[-124.14,43.375],[-124.17,43.38],[-124.187,43.391],[-124.194,43.42],[-124.209,43.431],[-124.207,43.443],[-124.198,43.452],[-124.209,43.452],[-124.233,43.447],[-124.24,43.437],[-124.277,43.421],[-124.283,43.403],[-124.325,43.363],[-124.335,43.365],[-124.298,43.418],[-124.238,43.547],[-124.223,43.586],[-124.21,43.657],[-124.175,43.673],[-124.154,43.698],[-124.14,43.733],[-124.133,43.735],[-124.109,43.706],[-124.072,43.705],[-124.07,43.712],[-124.101,43.719],[-124.129,43.749],[-124.149,43.748],[-124.16,43.737],[-124.161,43.718],[-124.172,43.698],[-124.203,43.681],[-124.176,43.762],[-124.151,43.882],[-124.14,43.982],[-124.137,43.99],[-124.124,43.996],[-124.119,44.006],[-124.133,44.032],[-124.134,44.044],[-124.114,44.191],[-124.114,44.249],[-124.107,44.286],[-124.114,44.307],[-124.1,44.327],[-124.084,44.412],[-124.065,44.429],[-124.054,44.433],[-124.035,44.416],[-124.018,44.41],[-124.028,44.439],[-124.05,44.449],[-124.083,44.428],[-124.084,44.498],[-124.063,44.61],[-124.046,44.621],[-124.031,44.618],[-124.012,44.6],[-124.005,44.616],[-124.007,44.624],[-124.019,44.627],[-124.027,44.622],[-124.048,44.633],[-124.068,44.618],[-124.071,44.621],[-124.058,44.664],[-124.063,44.672],[-124.078,44.675],[-124.067,44.689],[-124.058,44.726],[-124.059,44.746],[-124.073,44.778],[-124.065,44.823],[-124.035,44.878],[-124.032,44.905],[-124.018,44.917],[-124.018,44.927],[-124.026,44.936],[-124.015,44.968],[-124.005,45.044],[-124.016,45.054],[-124.014,45.064],[-123.984,45.105],[-123.971,45.154],[-123.969,45.205],[-123.976,45.217],[-123.96,45.3],[-123.972,45.331],[-124.002,45.338],[-124.002,45.344],[-123.981,45.35],[-123.973,45.362],[-123.968,45.392],[-123.958,45.415],[-123.953,45.413],[-123.961,45.379],[-123.944,45.389],[-123.918,45.418],[-123.955,45.433],[-123.971,45.452],[-123.971,45.494],[-123.959,45.516],[-123.954,45.548],[-123.949,45.557],[-123.939,45.5],[-123.922,45.495],[-123.913,45.483],[-123.891,45.475],[-123.894,45.482],[-123.883,45.5],[-123.901,45.538],[-123.896,45.56],[-123.925,45.554],[-123.958,45.576],[-123.945,45.621],[-123.942,45.649],[-123.921,45.663],[-123.918,45.69],[-123.91,45.691],[-123.887,45.683],[-123.871,45.698],[-123.886,45.694],[-123.897,45.696],[-123.908,45.708],[-123.917,45.704],[-123.921,45.697],[-123.93,45.693],[-123.932,45.669],[-123.938,45.661],[-123.942,45.727],[-123.948,45.736],[-123.964,45.744],[-123.969,45.753],[-123.968,45.761],[-123.981,45.76],[-123.982,45.768],[-123.968,45.782],[-123.959,45.816],[-123.957,45.873],[-123.96,45.897],[-123.97,45.919],[-123.991,45.938],[-123.973,45.953],[-123.964,45.967],[-123.934,45.98],[-123.923,46.014],[-123.937,46.082],[-123.951,46.12],[-123.99,46.201],[-124.023,46.231],[-124.003,46.238],[-123.988,46.227],[-123.995,46.22],[-123.985,46.21],[-123.951,46.205],[-123.924,46.191],[-123.916,46.181],[-123.904,46.18],[-123.901,46.169],[-123.867,46.16],[-123.835,46.162],[-123.825,46.157],[-123.819,46.147],[-123.812,46.114],[-123.799,46.102],[-123.801,46.144],[-123.778,46.137],[-123.778,46.143],[-123.807,46.168],[-123.844,46.173],[-123.865,46.186],[-123.798,46.194],[-123.767,46.204],[-123.727,46.17],[-123.706,46.171],[-123.614,46.186],[-123.599,46.192],[-123.62,46.197],[-123.621,46.205],[-123.607,46.209],[-123.582,46.207],[-123.542,46.226],[-123.537,46.234],[-123.519,46.235],[-123.485,46.23],[-123.473,46.217],[-123.437,46.198],[-123.43,46.177],[-123.386,46.146],[-123.326,46.139],[-123.299,46.141],[-123.278,46.134],[-123.256,46.133],[-123.233,46.137],[-123.206,46.165],[-123.18,46.179],[-123.208,46.178],[-123.269,46.15],[-123.298,46.152],[-123.393,46.204],[-123.456,46.267],[-123.479,46.276],[-123.603,46.26],[-123.663,46.27],[-123.675,46.294],[-123.693,46.305],[-123.724,46.3],[-123.726,46.29],[-123.748,46.291],[-123.765,46.273],[-123.778,46.274],[-123.791,46.283],[-123.807,46.283],[-123.818,46.269],[-123.834,46.269],[-123.873,46.24],[-123.925,46.252],[-123.949,46.27],[-123.967,46.294],[-123.985,46.309],[-124.009,46.313],[-124.023,46.314],[-124.049,46.296],[-124.052,46.286],[-124.04,46.281],[-124.041,46.273],[-124.062,46.277],[-124.076,46.268],[-124.08,46.272],[-124.066,46.339],[-124.062,46.388],[-124.063,46.596],[-124.072,46.643],[-124.063,46.655],[-124.036,46.631],[-124.044,46.624],[-124.018,46.569],[-124.026,46.492],[-124.022,46.42],[-124.014,46.385],[-123.958,46.378],[-123.948,46.403],[-123.932,46.415],[-123.927,46.44],[-123.911,46.428],[-123.876,46.419],[-123.847,46.397],[-123.841,46.416],[-123.857,46.426],[-123.898,46.442],[-123.902,46.457],[-123.936,46.472],[-123.935,46.495],[-123.908,46.508],[-123.896,46.521],[-123.896,46.544],[-123.956,46.623],[-123.895,46.603],[-123.916,46.628],[-123.923,46.658],[-123.911,46.682],[-123.877,46.692],[-123.843,46.697],[-123.826,46.692],[-123.812,46.663],[-123.795,46.661],[-123.776,46.667],[-123.764,46.678],[-123.796,46.682],[-123.84,46.717],[-123.9,46.747],[-123.912,46.741],[-123.913,46.728],[-123.952,46.725],[-123.976,46.741],[-123.982,46.72],[-123.975,46.711],[-123.963,46.707],[-123.973,46.701],[-124.025,46.713],[-124.03,46.72],[-124.093,46.743],[-124.101,46.761],[-124.101,46.809],[-124.13,46.886],[-124.127,46.899],[-124.112,46.912],[-124.091,46.9],[-124.098,46.878],[-124.077,46.859],[-124.072,46.843],[-124.058,46.844],[-124.021,46.832],[-124.014,46.842],[-124.015,46.851],[-124.032,46.87],[-124.057,46.862],[-124.047,46.891],[-124.033,46.898],[-124.007,46.899],[-123.963,46.918],[-123.813,46.959],[-123.828,46.965],[-123.845,46.961],[-123.868,46.97],[-123.95,46.968],[-123.956,46.972],[-123.922,46.98],[-124.013,46.984],[-124.019,46.994],[-124.013,47.009],[-124.028,47.028],[-124.066,47.037],[-124.117,47.043],[-124.139,47.036],[-124.148,47.024],[-124.137,47.002],[-124.137,46.968],[-124.124,46.947],[-124.105,46.945],[-124.106,46.933],[-124.138,46.945],[-124.153,46.938],[-124.153,46.93],[-124.178,46.926],[-124.172,46.981],[-124.172,47.042],[-124.179,47.107],[-124.2,47.187],[-124.212,47.227],[-124.243,47.29],[-124.254,47.302],[-124.276,47.303],[-124.299,47.348],[-124.272,47.343],[-124.283,47.351],[-124.318,47.357],[-124.349,47.5],[-124.351,47.547],[-124.384,47.636],[-124.411,47.688],[-124.416,47.726],[-124.423,47.742],[-124.447,47.75],[-124.477,47.778],[-124.483,47.813],[-124.542,47.834],[-124.568,47.87],[-124.593,47.876],[-124.61,47.875],[-124.638,47.908],[-124.672,47.991],[-124.694,48.075],[-124.689,48.1],[-124.735,48.17],[-124.719,48.176],[-124.7,48.192],[-124.689,48.213],[-124.706,48.246],[-124.689,48.253],[-124.682,48.263],[-124.683,48.285],[-124.661,48.32],[-124.671,48.324],[-124.67,48.333],[-124.689,48.338],[-124.718,48.357],[-124.73,48.372],[-124.728,48.388],[-124.697,48.391],[-124.638,48.383],[-124.62,48.369],[-124.608,48.366],[-124.593,48.375],[-124.575,48.37],[-124.399,48.294],[-124.347,48.281],[-124.296,48.262],[-124.274,48.257],[-124.251,48.263],[-124.228,48.259],[-124.111,48.216],[-124.1,48.2],[-124.05,48.177],[-123.997,48.173],[-123.971,48.166],[-123.873,48.162],[-123.862,48.156],[-123.818,48.161],[-123.789,48.153],[-123.7,48.165],[-123.642,48.151],[-123.634,48.141],[-123.585,48.135],[-123.552,48.151],[-123.535,48.145],[-123.524,48.135],[-123.505,48.133],[-123.476,48.134],[-123.436,48.142],[-123.405,48.139],[-123.453,48.132],[-123.45,48.125],[-123.422,48.118],[-123.247,48.115],[-123.224,48.122],[-123.15,48.177],[-123.108,48.184],[-123.161,48.152],[-123.112,48.149],[-123.089,48.128],[-123.063,48.118],[-123.04,48.085],[-123.045,48.06],[-123.03,48.045],[-123.008,48.039],[-122.997,48.039],[-123.006,48.079],[-122.999,48.092],[-122.957,48.097],[-122.927,48.095],[-122.919,48.07],[-122.887,48.063],[-122.857,48.03],[-122.853,48.01],[-122.873,48.001],[-122.873,47.994],[-122.854,47.995],[-122.841,48.006],[-122.825,48.035],[-122.837,48.05],[-122.877,48.08],[-122.882,48.092],[-122.878,48.107],[-122.868,48.119],[-122.856,48.125],[-122.795,48.141],[-122.77,48.141],[-122.75,48.117],[-122.785,48.103],[-122.791,48.097],[-122.792,48.083],[-122.722,47.994],[-122.688,47.973],[-122.678,47.936],[-122.626,47.89],[-122.62,47.878],[-122.668,47.871],[-122.676,47.862],[-122.692,47.833],[-122.736,47.794],[-122.75,47.775],[-122.769,47.738],[-122.781,47.692],[-122.8,47.68],[-122.828,47.683],[-122.829,47.694],[-122.818,47.713],[-122.8,47.777],[-122.799,47.807],[-122.806,47.843],[-122.817,47.83],[-122.822,47.792],[-122.839,47.782],[-122.847,47.82],[-122.856,47.826],[-122.867,47.809],[-122.866,47.794],[-122.839,47.747],[-122.862,47.733],[-122.887,47.688],[-122.904,47.673],[-122.91,47.65],[-122.942,47.635],[-123.021,47.566],[-123.065,47.493],[-123.119,47.45],[-123.133,47.412],[-123.158,47.372],[-123.161,47.357],[-123.13,47.341],[-123.074,47.345],[-122.905,47.395],[-122.872,47.41],[-122.839,47.432],[-122.868,47.436],[-122.907,47.424],[-122.976,47.391],[-123.052,47.367],[-123.092,47.367],[-123.114,47.391],[-123.111,47.405],[-123.063,47.457],[-123.023,47.523],[-122.949,47.597],[-122.873,47.631],[-122.798,47.652],[-122.764,47.669],[-122.734,47.743],[-122.624,47.847],[-122.613,47.85],[-122.596,47.847],[-122.597,47.831],[-122.592,47.823],[-122.571,47.82],[-122.567,47.834],[-122.571,47.857],[-122.588,47.904],[-122.611,47.936],[-122.613,47.946],[-122.528,47.906],[-122.518,47.881],[-122.51,47.833],[-122.49,47.804],[-122.504,47.788],[-122.475,47.776],[-122.469,47.768],[-122.468,47.757],[-122.483,47.737],[-122.541,47.743],[-122.558,47.74],[-122.556,47.729],[-122.565,47.713],[-122.58,47.698],[-122.596,47.692],[-122.652,47.733],[-122.661,47.73],[-122.658,47.718],[-122.628,47.693],[-122.592,47.597],[-122.6,47.59],[-122.592,47.583],[-122.617,47.574],[-122.644,47.596],[-122.682,47.652],[-122.695,47.634],[-122.697,47.623],[-122.69,47.597],[-122.639,47.577],[-122.647,47.562],[-122.676,47.538],[-122.682,47.528],[-122.63,47.544],[-122.553,47.583],[-122.543,47.567],[-122.542,47.541],[-122.534,47.528],[-122.508,47.52],[-122.51,47.503],[-122.552,47.414],[-122.556,47.392],[-122.538,47.371],[-122.555,47.347],[-122.586,47.336],[-122.561,47.301],[-122.557,47.285],[-122.569,47.264],[-122.583,47.264],[-122.661,47.288],[-122.686,47.301],[-122.683,47.31],[-122.67,47.319],[-122.653,47.349],[-122.628,47.38],[-122.633,47.405],[-122.641,47.386],[-122.654,47.377],[-122.688,47.364],[-122.71,47.345],[-122.726,47.339],[-122.729,47.321],[-122.749,47.295],[-122.753,47.281],[-122.748,47.267],[-122.723,47.238],[-122.724,47.233],[-122.75,47.213],[-122.743,47.192],[-122.773,47.173],[-122.799,47.205],[-122.815,47.251],[-122.815,47.274],[-122.796,47.281],[-122.787,47.296],[-122.784,47.315],[-122.785,47.343],[-122.791,47.364],[-122.811,47.384],[-122.806,47.398],[-122.82,47.383],[-122.846,47.316],[-122.87,47.299],[-122.913,47.285],[-122.92,47.278],[-122.95,47.202],[-122.965,47.181],[-122.991,47.165],[-123.068,47.146],[-123.079,47.13],[-123.041,47.144],[-123.022,47.144],[-123.018,47.13],[-123.029,47.122],[-123.068,47.112],[-123.079,47.096],[-122.969,47.148],[-122.942,47.178],[-122.93,47.174],[-122.935,47.16],[-122.979,47.102],[-123.01,47.083],[-122.987,47.081],[-122.965,47.09],[-122.946,47.107],[-122.935,47.13],[-122.927,47.11],[-122.935,47.089],[-122.926,47.078],[-122.918,47.056],[-122.908,47.048],[-122.893,47.047],[-122.893,47.057],[-122.908,47.083],[-122.896,47.093],[-122.901,47.13],[-122.892,47.142],[-122.853,47.165],[-122.848,47.146],[-122.86,47.13],[-122.821,47.142],[-122.823,47.16],[-122.817,47.166],[-122.798,47.158],[-122.773,47.128],[-122.736,47.111],[-122.722,47.089],[-122.686,47.104],[-122.652,47.128],[-122.572,47.209],[-122.55,47.242],[-122.537,47.279],[-122.538,47.316],[-122.448,47.268],[-122.433,47.265],[-122.4,47.281],[-122.428,47.297],[-122.43,47.305],[-122.422,47.316],[-122.391,47.334],[-122.339,47.347],[-122.328,47.357],[-122.324,47.373],[-122.325,47.391],[-122.361,47.43],[-122.367,47.442],[-122.37,47.497],[-122.388,47.521],[-122.409,47.575],[-122.39,47.594],[-122.378,47.596],[-122.346,47.562],[-122.34,47.599],[-122.345,47.612],[-122.359,47.624],[-122.413,47.642],[-122.429,47.66],[-122.414,47.667],[-122.381,47.72],[-122.388,47.752],[-122.406,47.778],[-122.404,47.798],[-122.399,47.814],[-122.382,47.839],[-122.353,47.856],[-122.34,47.873],[-122.334,47.91],[-122.325,47.924],[-122.32,47.942],[-122.277,47.967],[-122.242,47.973],[-122.213,47.987],[-122.207,48.014],[-122.192,48.026],[-122.208,48.038],[-122.222,48.038],[-122.238,48.026],[-122.308,48.065],[-122.34,48.09],[-122.362,48.123],[-122.368,48.16],[-122.366,48.191],[-122.376,48.213],[-122.436,48.235],[-122.444,48.232],[-122.449,48.223],[-122.446,48.202],[-122.467,48.192],[-122.469,48.177],[-122.458,48.144],[-122.432,48.122],[-122.384,48.101],[-122.348,48.054],[-122.366,48.054],[-122.377,48.06],[-122.406,48.088],[-122.49,48.13],[-122.51,48.147],[-122.526,48.171],[-122.533,48.196],[-122.534,48.25],[-122.446,48.261],[-122.43,48.259],[-122.401,48.235],[-122.389,48.24],[-122.394,48.25],[-122.391,48.26],[-122.375,48.281],[-122.386,48.304],[-122.479,48.36],[-122.534,48.375],[-122.554,48.401],[-122.567,48.41],[-122.567,48.417],[-122.552,48.428],[-122.559,48.434],[-122.584,48.438],[-122.616,48.41],[-122.647,48.404],[-122.674,48.414],[-122.683,48.43],[-122.663,48.455],[-122.669,48.473],[-122.705,48.486],[-122.702,48.498],[-122.672,48.499],[-122.633,48.516],[-122.613,48.5],[-122.581,48.458],[-122.581,48.485],[-122.568,48.489],[-122.551,48.482],[-122.514,48.453],[-122.501,48.45],[-122.481,48.464],[-122.488,48.513],[-122.504,48.544],[-122.516,48.558],[-122.567,48.585],[-122.547,48.589],[-122.525,48.583],[-122.485,48.56],[-122.468,48.555],[-122.448,48.562],[-122.44,48.581],[-122.444,48.603],[-122.458,48.623],[-122.484,48.635],[-122.493,48.643],[-122.503,48.685],[-122.525,48.692],[-122.521,48.709],[-122.499,48.739],[-122.509,48.756],[-122.53,48.769],[-122.575,48.78],[-122.594,48.774],[-122.64,48.722],[-122.65,48.718],[-122.66,48.723],[-122.67,48.743],[-122.65,48.764],[-122.658,48.777],[-122.677,48.793],[-122.696,48.801],[-122.705,48.788],[-122.701,48.812],[-122.704,48.827],[-122.768,48.874],[-122.773,48.887],[-122.768,48.897],[-122.746,48.918],[-122.759,48.936],[-122.808,48.935],[-122.814,48.952],[-122.801,48.962],[-122.777,48.965],[-122.732,48.959],[-122.741,48.977],[-122.76,49.001],[-122.782,49.017],[-122.823,49.007],[-122.853,49.017],[-122.876,49.037],[-122.876,49.055],[-122.865,49.07],[-122.868,49.08],[-122.882,49.086],[-122.93,49.087],[-122.951,49.083],[-123.033,49.051],[-123.049,49.035],[-123.032,48.995],[-123.045,48.984],[-123.088,48.972],[-123.1,49.021],[-123.108,49.034],[-123.139,49.054],[-123.143,49.061],[-123.129,49.075],[-123.076,49.106],[-123.054,49.123],[-123.041,49.151],[-123.081,49.128],[-123.123,49.116],[-123.167,49.116],[-123.212,49.13],[-123.212,49.137],[-123.2,49.149],[-123.205,49.19],[-123.198,49.206],[-123.18,49.21],[-123.138,49.196],[-123.143,49.207],[-123.236,49.25],[-123.247,49.275],[-123.218,49.279],[-123.175,49.277],[-123.143,49.28],[-123.162,49.3],[-123.155,49.309],[-123.139,49.309],[-123.129,49.305],[-123.123,49.294],[-123.109,49.289],[-123.09,49.289],[-123.074,49.294],[-123.067,49.288],[-123.057,49.294],[-123.039,49.296],[-122.961,49.282],[-122.922,49.3],[-122.892,49.334],[-122.863,49.406],[-122.856,49.442],[-122.869,49.456],[-122.878,49.457],[-122.882,49.449],[-122.882,49.404],[-122.938,49.326],[-123.021,49.307],[-123.212,49.343],[-123.27,49.335],[-123.284,49.363],[-123.294,49.37],[-123.284,49.383],[-123.256,49.397],[-123.245,49.411],[-123.24,49.442],[-123.251,49.523],[-123.24,49.555],[-123.218,49.596],[-123.225,49.597],[-123.226,49.603],[-123.207,49.622],[-123.205,49.636],[-123.212,49.65],[-123.17,49.675],[-123.154,49.693],[-123.171,49.705],[-123.203,49.682],[-123.239,49.667],[-123.253,49.65],[-123.245,49.613],[-123.249,49.598],[-123.256,49.593],[-123.287,49.581],[-123.328,49.582],[-123.355,49.555],[-123.397,49.558],[-123.41,49.548],[-123.489,49.515],[-123.503,49.505],[-123.486,49.494],[-123.491,49.473],[-123.473,49.435],[-123.482,49.414],[-123.516,49.392],[-123.555,49.39],[-123.781,49.465],[-123.886,49.477],[-123.903,49.486],[-123.92,49.507],[-123.964,49.521],[-123.975,49.531],[-123.993,49.55],[-124.027,49.603],[-124.061,49.631],[-124.068,49.662],[-124.064,49.678],[-124.044,49.691],[-124.02,49.733],[-123.99,49.745],[-123.939,49.744],[-123.921,49.716],[-123.869,49.672],[-123.835,49.634],[-123.828,49.582],[-123.805,49.529],[-123.794,49.513],[-123.777,49.505],[-123.767,49.513],[-123.753,49.541],[-123.772,49.575],[-123.772,49.594],[-123.76,49.61],[-123.718,49.617],[-123.694,49.635],[-123.638,49.641],[-123.59,49.654],[-123.55,49.675],[-123.534,49.705],[-123.664,49.656],[-123.795,49.644],[-123.808,49.647],[-123.812,49.667],[-123.823,49.683],[-123.884,49.739],[-123.928,49.764],[-123.934,49.783],[-123.923,49.8],[-123.89,49.829],[-123.882,49.847],[-123.884,49.901],[-123.891,49.921],[-123.945,49.945],[-123.958,49.967],[-123.954,49.99],[-123.936,50.007],[-123.896,50.018],[-123.878,50.031],[-123.808,50.041],[-123.772,50.073],[-123.755,50.094],[-123.756,50.103],[-123.777,50.112],[-123.815,50.149],[-123.888,50.182],[-123.929,50.19],[-123.971,50.214],[-123.993,50.22],[-123.972,50.193],[-123.945,50.172],[-123.881,50.154],[-123.862,50.144],[-123.846,50.121],[-123.808,50.103],[-123.815,50.09],[-123.833,50.076],[-123.869,50.055],[-123.981,50.021],[-123.993,50.011],[-124.0,49.993],[-124.0,49.974],[-123.989,49.934],[-123.979,49.918],[-123.962,49.904],[-123.926,49.886],[-123.911,49.87],[-123.93,49.838],[-123.938,49.829],[-123.978,49.809],[-124.001,49.812],[-124.009,49.821],[-124.013,49.864],[-124.034,49.883],[-124.02,49.908],[-124.023,49.92],[-124.037,49.925],[-124.075,49.87],[-124.053,49.852],[-124.048,49.841],[-124.085,49.831],[-124.089,49.822],[-124.082,49.808],[-124.148,49.784],[-124.25,49.781],[-124.274,49.774],[-124.267,49.752],[-124.283,49.747],[-124.304,49.753],[-124.327,49.774],[-124.404,49.767],[-124.513,49.798],[-124.526,49.815],[-124.532,49.844],[-124.583,49.882],[-124.635,49.902],[-124.65,49.921],[-124.675,49.927],[-124.732,49.954],[-124.764,49.977],[-124.822,50.04],[-124.829,50.055],[-124.82,50.071],[-124.763,50.034],[-124.742,50.028],[-124.685,49.986],[-124.702,50.023],[-124.704,50.041],[-124.683,50.052],[-124.672,50.083],[-124.705,50.103],[-124.693,50.114],[-124.666,50.127],[-124.672,50.144],[-124.649,50.153],[-124.628,50.169],[-124.618,50.189],[-124.623,50.206],[-124.603,50.24],[-124.608,50.251],[-124.626,50.266],[-124.64,50.294],[-124.687,50.313],[-124.713,50.331],[-124.677,50.355],[-124.672,50.374],[-124.66,50.392],[-124.632,50.402],[-124.6,50.405],[-124.534,50.397],[-124.506,50.416],[-124.477,50.422],[-124.411,50.446],[-124.357,50.486],[-124.349,50.497],[-124.359,50.509],[-124.383,50.498],[-124.425,50.466],[-124.504,50.438],[-124.589,50.425],[-124.672,50.431],[-124.685,50.422],[-124.694,50.402],[-124.75,50.352],[-124.808,50.322],[-124.83,50.318],[-124.898,50.328],[-124.952,50.328],[-124.963,50.341],[-124.946,50.371],[-124.952,50.392],[-124.967,50.412],[-124.986,50.428],[-125.007,50.432],[-124.991,50.384],[-124.995,50.36],[-125.062,50.328],[-125.082,50.325],[-125.089,50.35],[-125.086,50.364],[-125.062,50.377],[-125.069,50.424],[-125.057,50.477],[-125.042,50.487],[-124.97,50.501],[-124.959,50.511],[-124.953,50.537],[-124.937,50.547],[-124.891,50.555],[-124.87,50.583],[-124.874,50.608],[-124.866,50.63],[-124.864,50.672],[-124.856,50.693],[-124.829,50.72],[-124.824,50.735],[-124.836,50.754],[-124.906,50.779],[-124.91,50.794],[-124.885,50.819],[-124.853,50.84],[-124.825,50.87],[-124.809,50.88],[-124.787,50.885],[-124.814,50.927],[-124.832,50.932],[-124.861,50.927],[-124.868,50.916],[-124.87,50.895],[-124.918,50.844],[-124.971,50.82],[-124.986,50.808],[-124.956,50.799],[-124.949,50.761],[-124.909,50.749],[-124.9,50.735],[-124.913,50.706],[-124.925,50.658],[-124.909,50.637],[-124.908,50.627],[-124.94,50.598],[-124.949,50.597],[-124.954,50.604],[-124.959,50.603],[-124.967,50.591],[-125.027,50.559],[-125.04,50.531],[-125.102,50.499],[-125.124,50.474],[-125.112,50.454],[-125.128,50.437],[-125.178,50.419],[-125.197,50.421],[-125.208,50.427],[-125.243,50.467],[-125.246,50.481],[-125.239,50.496],[-125.244,50.504],[-125.256,50.507],[-125.299,50.467],[-125.325,50.474],[-125.342,50.489],[-125.357,50.543],[-125.384,50.535],[-125.385,50.512],[-125.397,50.487],[-125.432,50.466],[-125.544,50.456],[-125.563,50.459],[-125.577,50.471],[-125.573,50.478],[-125.548,50.494],[-125.541,50.506],[-125.528,50.555],[-125.542,50.589],[-125.535,50.617],[-125.517,50.651],[-125.487,50.672],[-125.453,50.685],[-125.425,50.713],[-125.455,50.72],[-125.504,50.688],[-125.556,50.666],[-125.569,50.638],[-125.571,50.608],[-125.563,50.589],[-125.572,50.573],[-125.577,50.552],[-125.586,50.535],[-125.622,50.522],[-125.622,50.511],[-125.61,50.494],[-125.613,50.479],[-125.644,50.448],[-125.67,50.439],[-125.71,50.44],[-125.774,50.488],[-125.795,50.494],[-125.786,50.506],[-125.752,50.509],[-125.74,50.52],[-125.787,50.532],[-125.814,50.533],[-125.836,50.528],[-125.864,50.501],[-125.955,50.476],[-126.008,50.472],[-126.057,50.479],[-126.09,50.501],[-126.111,50.491],[-126.131,50.49],[-126.242,50.501],[-126.281,50.519],[-126.276,50.525],[-126.228,50.544],[-126.179,50.52],[-126.186,50.549],[-126.185,50.564],[-126.179,50.576],[-126.138,50.583],[-126.104,50.597],[-126.086,50.589],[-126.063,50.603],[-125.978,50.613],[-125.958,50.618],[-125.939,50.63],[-125.96,50.646],[-125.985,50.644],[-126.035,50.63],[-126.062,50.627],[-126.16,50.598],[-126.244,50.597],[-126.252,50.601],[-126.265,50.62],[-126.277,50.626],[-126.269,50.63],[-126.222,50.643],[-126.119,50.647],[-126.048,50.665],[-126.019,50.666],[-125.939,50.652],[-125.914,50.654],[-125.826,50.677],[-125.75,50.685],[-125.716,50.679],[-125.706,50.682],[-125.699,50.689],[-125.684,50.726],[-125.672,50.74],[-125.62,50.758],[-125.608,50.781],[-125.62,50.799],[-125.64,50.816],[-125.651,50.836],[-125.645,50.855],[-125.628,50.863],[-125.56,50.866],[-125.55,50.873],[-125.535,50.912],[-125.512,50.927],[-125.507,50.939],[-125.512,50.961],[-125.538,50.995],[-125.563,51.055],[-125.578,51.072],[-125.637,51.104],[-125.631,51.063],[-125.583,50.967],[-125.542,50.939],[-125.557,50.92],[-125.576,50.907],[-125.639,50.895],[-125.679,50.87],[-125.686,50.829],[-125.682,50.822],[-125.644,50.799],[-125.648,50.782],[-125.685,50.775],[-125.709,50.758],[-125.743,50.717],[-125.767,50.706],[-125.767,50.713],[-125.88,50.709],[-125.905,50.689],[-125.94,50.683],[-125.953,50.685],[-125.985,50.715],[-126.008,50.713],[-126.059,50.685],[-126.187,50.672],[-126.212,50.675],[-126.227,50.693],[-126.21,50.709],[-126.168,50.718],[-126.126,50.748],[-126.055,50.775],[-126.031,50.789],[-126.035,50.795],[-126.08,50.795],[-126.152,50.774],[-126.179,50.781],[-126.196,50.798],[-126.194,50.815],[-126.179,50.853],[-126.184,50.868],[-126.214,50.848],[-126.233,50.844],[-126.238,50.848],[-126.24,50.863],[-126.27,50.864],[-126.313,50.857],[-126.388,50.852],[-126.46,50.822],[-126.489,50.817],[-126.522,50.832],[-126.547,50.837],[-126.556,50.844],[-126.557,50.869],[-126.562,50.877],[-126.499,50.922],[-126.467,50.912],[-126.361,50.904],[-126.319,50.914],[-126.223,50.905],[-126.204,50.91],[-126.184,50.923],[-126.173,50.939],[-126.179,50.954],[-126.243,50.928],[-126.405,50.939],[-126.459,50.952],[-126.484,50.965],[-126.506,51.012],[-126.515,51.076],[-126.521,51.076],[-126.545,51.032],[-126.552,51.005],[-126.545,50.984],[-126.527,50.956],[-126.535,50.942],[-126.553,50.931],[-126.562,50.915],[-126.575,50.906],[-126.674,50.878],[-126.696,50.877],[-126.747,50.891],[-126.749,50.897],[-126.77,50.91],[-126.815,50.918],[-126.846,50.943],[-126.87,50.938],[-126.899,50.907],[-127.0,50.907]],[[-127.0,50.885],[-126.953,50.885],[-126.922,50.872],[-126.958,50.864],[-127.0,50.833]],[[-127.0,51.665],[-126.709,51.645],[-126.677,51.646],[-126.655,51.656],[-126.648,51.679],[-126.625,51.678],[-126.612,51.707],[-126.603,51.714],[-126.638,51.762],[-126.638,51.773],[-126.666,51.803],[-126.659,51.788],[-126.668,51.766],[-126.644,51.72],[-126.649,51.707],[-126.679,51.693],[-126.699,51.665],[-127.0,51.695]],[[-127.0,52.298],[-126.957,52.269],[-126.943,52.253],[-126.937,52.235],[-126.947,52.213],[-126.908,52.178],[-126.779,52.098],[-126.711,52.047],[-126.7,52.035],[-126.672,51.987],[-126.672,52.047],[-126.686,52.063],[-126.716,52.077],[-126.723,52.095],[-126.751,52.128],[-126.793,52.153],[-126.885,52.195],[-126.913,52.227],[-126.903,52.245],[-126.903,52.258],[-126.939,52.306],[-126.939,52.32],[-126.926,52.337],[-126.885,52.344],[-126.875,52.358],[-126.856,52.357],[-126.814,52.368],[-126.734,52.371],[-126.753,52.393],[-126.785,52.397],[-126.913,52.372],[-127.0,52.34]],[[-127.0,52.635],[-126.982,52.645],[-126.966,52.686],[-126.932,52.713],[-126.926,52.734],[-126.932,52.753],[-126.955,52.788],[-126.97,52.829],[-127.0,52.847]],[[-127.0,52.75],[-126.98,52.724],[-126.987,52.711],[-127.0,52.7]]]}},{"type":"Feature","properties":{"layer":"coast"},"geometry":{"type":"LineString","coordinates":[[-124.492,42.93],[-124.548,42.845],[-124.567,42.834],[-124.539,42.816],[-124.515,42.749],[-124.505,42.737],[-124.492,42.738],[-124.473,42.73],[-124.467,42.703],[-124.454,42.687],[-124.415,42.662],[-124.4,42.616],[-124.403,42.595],[-124.394,42.567],[-124.406,42.52],[-124.421,42.491],[-124.424,42.454],[-124.44,42.439],[-124.425,42.42],[-124.426,42.362],[-124.433,42.329],[-124.409,42.296],[-124.412,42.249],[-124.395,42.239],[-124.379,42.22],[-124.376,42.197],[-124.364,42.175],[-124.366,42.15],[-124.354,42.132],[-124.36,42.113],[-124.35,42.098],[-124.336,42.092],[-124.293,42.046],[-124.275,42.045],[-124.217,42.006],[-124.202,41.96],[-124.219,41.85],[-124.234,41.813],[-124.248,41.794],[-124.26,41.789],[-124.263,41.776],[-124.232,41.762],[-124.201,41.739],[-124.188,41.747],[-124.159,41.737],[-124.138,41.68],[-124.14,41.664],[-124.103,41.603],[-124.103,41.567],[-124.089,41.549],[-124.068,41.539],[-124.082,41.521],[-124.062,41.436],[-124.091,41.289],[-124.124,41.182],[-124.143,41.145],[-124.163,41.139],[-124.164,41.132],[-124.161,41.099],[-124.147,41.06],[-124.135,41.048],[-124.117,41.048],[-124.111,41.042],[-124.11,41.015],[-124.134,40.936],[-124.177,40.848],[-124.233,40.767],[-124.223,40.757],[-124.2,40.785],[-124.194,40.802],[-124.17,40.827],[-124.167,40.842],[-124.151,40.863],[-124.138,40.864],[-124.119,40.852],[-124.102,40.858],[-124.094,40.854],[-124.082,40.844],[-124.087,40.825],[-124.122,40.807],[-124.146,40.81],[-124.183,40.8],[-124.192,40.773],[-124.201,40.762],[-124.199,40.754],[-124.203,40.745],[-124.22,40.737],[-124.217,40.731],[-124.222,40.722],[-124.213,40.71],[-124.214,40.701],[-124.225,40.695],[-124.222,40.69],[-124.226,40.686],[-124.259,40.698],[-124.247,40.728],[-124.231,40.75],[-124.24,40.759],[-124.312,40.646],[-124.306,40.637],[-124.317,40.632],[-124.322,40.617],[-124.358,40.563],[-124.386,40.51],[-124.388,40.483],[-124.409,40.444],[-124.398,40.416],[-124.366,40.377],[-124.365,40.345],[-124.348,40.319],[-124.364,40.261],[-124.343,40.242],[-124.327,40.237],[-124.319,40.225],[-124.22,40.165],[-124.185,40.13],[-124.116,40.107],[-124.087,40.078],[-124.076,40.027],[-124.069,40.021],[-124.059,40.024],[-124.033,40.012],[-124.001,39.978],[-123.979,39.963],[-123.956,39.925],[-123.931,39.908],[-123.908,39.866],[-123.88,39.844],[-123.854,39.834],[-123.837,39.783],[-123.838,39.762],[-123.83,39.727],[-123.824,39.718],[-123.809,39.712],[-123.791,39.677],[-123.786,39.655],[-123.787,39.597],[-123.769,39.564],[-123.77,39.545],[-123.793,39.5]]}},{"type":"Feature","properties":{"layer":"coast"},"geometry":{"type":"LineString","coordinates":[[-123.974,46.493],[-123.981,46.497],[-123.99,46.488],[-123.998,46.453],[-123.975,46.44],[-123.964,46.407],[-123.946,46.418],[-123.948,46.464],[-123.971,46.485],[-123.974,46.493]]}},{"type":"Feature","properties":{"layer":"coast"},"geometry":{"type":"LineString","coordinates":[[-122.435,47.426],[-122.441,47.467],[-122.462,47.487],[-122.456,47.501],[-122.471,47.496],[-122.504,47.467],[-122.51,47.456],[-122.518,47.38],[-122.531,47.357],[-122.527,47.346],[-122.51,47.332],[-122.497,47.336],[-122.49,47.354],[-122.49,47.374],[-122.485,47.38],[-122.456,47.391],[-122.463,47.398],[-122.446,47.401],[-122.44,47.393],[-122.442,47.383],[-122.466,47.373],[-122.474,47.363],[-122.475,47.35],[-122.469,47.336],[-122.418,47.371],[-122.367,47.384],[-122.422,47.409],[-122.435,47.426]]}},{"type":"Feature","properties":{"layer":"coast"},"geometry":{"type":"LineString","coordinates":[[-122.497,47.607],[-122.5,47.619],[-122.511,47.628],[-122.49,47.641],[-122.5,47.649],[-122.506,47.663],[-122.511,47.696],[-122.538,47.715],[-122.558,47.714],[-122.562,47.686],[-122.58,47.663],[-122.579,47.649],[-122.568,47.63],[-122.578,47.602],[-122.571,47.596],[-122.542,47.596],[-122.521,47.574],[-122.499,47.571],[-122.48,47.587],[-122.493,47.594],[-122.497,47.607]]}},{"type":"Feature","properties":{"layer":"coast"},"geometry":{"type":"LineString","coordinates":[[-122.729,48.097],[-122.712,48.084],[-122.702,48.064],[-122.702,48.049],[-122.716,48.048],[-122.723,48.076],[-122.729,48.083],[-122.739,48.083],[-122.741,48.074],[-122.731,48.042],[-122.7,48.008],[-122.682,48.007],[-122.673,48.024],[-122.687,48.073],[-122.701,48.098],[-122.709,48.102],[-122.729,48.097]]}},{"type":"Feature","properties":{"layer":"coast"},"geometry":{"type":"LineString","coordinates":[[-122.359,47.977],[-122.366,48.0],[-122.381,48.016],[-122.46,48.053],[-122.514,48.091],[-122.524,48.079],[-122.523,48.057],[-122.51,48.035],[-122.522,48.012],[-122.536,48.006],[-122.547,48.017],[-122.559,48.121],[-122.581,48.188],[-122.596,48.205],[-122.652,48.224],[-122.71,48.221],[-122.724,48.234],[-122.666,48.242],[-122.651,48.25],[-122.647,48.281],[-122.641,48.288],[-122.627,48.267],[-122.609,48.299],[-122.594,48.308],[-122.562,48.286],[-122.546,48.281],[-122.531,48.284],[-122.518,48.294],[-122.516,48.322],[-122.578,48.357],[-122.579,48.377],[-122.596,48.402],[-122.631,48.385],[-122.657,48.385],[-122.668,48.363],[-122.751,48.25],[-122.756,48.23],[-122.744,48.206],[-122.693,48.18],[-122.668,48.151],[-122.644,48.161],[-122.623,48.163],[-122.607,48.154],[-122.6,48.13],[-122.615,48.075],[-122.61,48.06],[-122.592,48.042],[-122.593,48.025],[-122.58,48.005],[-122.539,47.972],[-122.518,47.966],[-122.489,47.985],[-122.476,47.987],[-122.461,47.978],[-122.45,47.959],[-122.441,47.915],[-122.435,47.91],[-122.4,47.919],[-122.393,47.905],[-122.387,47.905],[-122.347,47.951],[-122.359,47.977]]}},{"type":"Feature","properties":{"layer":"coast"},"geometry":{"type":"LineString","coordinates":[[-122.862,48.489],[-122.861,48.54],[-122.877,48.566],[-122.887,48.564],[-122.91,48.547],[-122.917,48.534],[-122.91,48.514],[-122.925,48.507],[-122.937,48.493],[-122.943,48.476],[-122.938,48.458],[-122.883,48.441],[-122.89,48.424],[-122.828,48.417],[-122.813,48.427],[-122.806,48.442],[-122.808,48.458],[-122.821,48.473],[-122.836,48.46],[-122.849,48.462],[-122.858,48.473],[-122.862,48.489]]}},{"type":"Feature","properties":{"layer":"coast"},"geometry":{"type":"LineString","coordinates":[[-122.694,48.586],[-122.703,48.6],[-122.715,48.606],[-122.727,48.602],[-122.735,48.59],[-122.737,48.577],[-122.723,48.548],[-122.714,48.542],[-122.688,48.547],[-122.686,48.557],[-122.675,48.569],[-122.694,48.586]]}},{"type":"Feature","properties":{"layer":"coast"},"geometry":{"type":"LineString","coordinates":[[-123.02,48.499],[-123.017,48.511],[-123.002,48.509],[-122.992,48.514],[-122.978,48.531],[-123.004,48.539],[-123.025,48.563],[-123.058,48.573],[-123.094,48.598],[-123.102,48.609],[-123.129,48.62],[-123.158,48.615],[-123.178,48.599],[-123.167,48.544],[-123.154,48.513],[-123.139,48.496],[-123.103,48.48],[-123.065,48.479],[-123.03,48.454],[-123.016,48.451],[-122.979,48.456],[-122.965,48.451],[-122.965,48.458],[-122.999,48.473],[-123.02,48.499]]}},{"type":"Feature","properties":{"layer":"coast"},"geometry":{"type":"LineString","coordinates":[[-123.287,48.613],[-123.305,48.619],[-123.337,48.648],[-123.332,48.634],[-123.333,48.63],[-123.338,48.634],[-123.337,48.631],[-123.303,48.597],[-123.288,48.591],[-123.28,48.601],[-123.287,48.613]]}},{"type":"Feature","properties":{"layer":"coast"},"geometry":{"type":"LineString","coordinates":[[-122.746,48.664],[-122.858,48.709],[-122.918,48.711],[-122.929,48.708],[-122.978,48.668],[-122.997,48.661],[-123.021,48.642],[-123.026,48.636],[-123.027,48.627],[-123.01,48.605],[-122.997,48.597],[-122.99,48.605],[-122.985,48.633],[-122.98,48.639],[-122.951,48.623],[-122.933,48.593],[-122.917,48.589],[-122.874,48.594],[-122.862,48.602],[-122.91,48.658],[-122.906,48.666],[-122.91,48.688],[-122.906,48.697],[-122.896,48.7],[-122.887,48.696],[-122.866,48.65],[-122.841,48.621],[-122.821,48.609],[-122.809,48.611],[-122.8,48.63],[-122.757,48.65],[-122.746,48.664]]}},{"type":"Feature","properties":{"layer":"coast"},"geometry":{"type":"LineString","coordinates":[[-122.621,48.669],[-122.635,48.683],[-122.671,48.705],[-122.698,48.735],[-122.715,48.739],[-122.72,48.725],[-122.717,48.715],[-122.655,48.665],[-122.62,48.646],[-122.613,48.648],[-122.621,48.669]]}},{"type":"Feature","properties":{"layer":"coast"},"geometry":{"type":"LineString","coordinates":[[-123.369,48.774],[-123.472,48.828],[-123.496,48.846],[-123.499,48.856],[-123.489,48.862],[-123.459,48.845],[-123.431,48.842],[-123.503,48.892],[-123.582,48.931],[-123.596,48.952],[-123.594,48.919],[-123.587,48.898],[-123.547,48.862],[-123.572,48.85],[-123.57,48.832],[-123.534,48.801],[-123.534,48.794],[-123.547,48.784],[-123.55,48.771],[-123.541,48.746],[-123.531,48.734],[-123.496,48.716],[-123.482,48.712],[-123.461,48.715],[-123.428,48.73],[-123.429,48.738],[-123.458,48.767],[-123.408,48.754],[-123.382,48.756],[-123.369,48.774]]}},{"type":"Feature","properties":{"layer":"coast"},"geometry":{"type":"LineString","coordinates":[[-123.654,49.034],[-123.633,49.024],[-123.531,48.942],[-123.437,48.904],[-123.395,48.872],[-123.369,48.862],[-123.342,48.87],[-123.327,48.864],[-123.317,48.87],[-123.314,48.882],[-123.322,48.897],[-123.334,48.903],[-123.366,48.907],[-123.391,48.92],[-123.472,48.938],[-123.547,48.976],[-123.57,48.992],[-123.659,49.073],[-123.687,49.109],[-123.697,49.109],[-123.703,49.1],[-123.698,49.082],[-123.654,49.034]]}},{"type":"Feature","properties":{"layer":"coast"},"geometry":{"type":"LineString","coordinates":[[-123.721,49.161],[-123.769,49.169],[-123.809,49.184],[-123.824,49.199],[-123.834,49.201],[-123.863,49.196],[-123.87,49.19],[-123.862,49.164],[-123.843,49.151],[-123.777,49.133],[-123.75,49.129],[-123.697,49.137],[-123.697,49.148],[-123.704,49.156],[-123.721,49.161]]}},{"type":"Feature","properties":{"layer":"coast"},"geometry":{"type":"LineString","coordinates":[[-125.95,49.201],[-126.006,49.214],[-126.024,49.212],[-126.035,49.202],[-126.03,49.19],[-126.018,49.181],[-126.012,49.159],[-125.969,49.149],[-125.962,49.153],[-125.96,49.172],[-125.954,49.181],[-125.938,49.185],[-125.937,49.191],[-125.95,49.201]]}},{"type":"Feature","properties":{"layer":"coast"},"geometry":{"type":"LineString","coordinates":[[-126.083,49.315],[-126.075,49.339],[-126.086,49.363],[-126.108,49.384],[-126.132,49.397],[-126.231,49.379],[-126.231,49.357],[-126.24,49.343],[-126.227,49.308],[-126.24,49.302],[-126.224,49.277],[-126.193,49.272],[-126.158,49.274],[-126.09,49.254],[-126.069,49.256],[-126.048,49.267],[-126.064,49.278],[-126.083,49.315]]}},{"type":"Feature","properties":{"layer":"coast"},"geometry":{"type":"LineString","coordinates":[[-123.331,49.373],[-123.327,49.381],[-123.33,49.384],[-123.315,49.413],[-123.326,49.42],[-123.35,49.418],[-123.385,49.404],[-123.418,49.381],[-123.426,49.367],[-123.429,49.347],[-123.426,49.34],[-123.416,49.337],[-123.376,49.337],[-123.359,49.343],[-123.331,49.373]]}},{"type":"Feature","properties":{"layer":"coast"},"geometry":{"type":"LineString","coordinates":[[-124.232,49.499],[-124.296,49.512],[-124.329,49.513],[-124.355,49.522],[-124.365,49.521],[-124.379,49.507],[-124.377,49.5],[-124.356,49.49],[-124.361,49.48],[-124.318,49.463],[-124.268,49.456],[-124.232,49.459],[-124.186,49.447],[-124.172,49.455],[-124.172,49.464],[-124.232,49.499]]}},{"type":"Feature","properties":{"layer":"coast"},"geometry":{"type":"LineString","coordinates":[[-123.452,49.445],[-123.433,49.446],[-123.404,49.466],[-123.389,49.467],[-123.375,49.464],[-123.367,49.454],[-123.376,49.438],[-123.343,49.443],[-123.324,49.462],[-123.322,49.486],[-123.342,49.507],[-123.362,49.541],[-123.373,49.542],[-123.418,49.531],[-123.44,49.521],[-123.453,49.508],[-123.445,49.494],[-123.445,49.486],[-123.457,49.478],[-123.449,49.459],[-123.452,49.445]]}},{"type":"Feature","properties":{"layer":"coast"},"geometry":{"type":"LineString","coordinates":[[-124.607,49.531],[-124.655,49.547],[-124.684,49.549],[-124.703,49.538],[-124.704,49.521],[-124.691,49.509],[-124.663,49.494],[-124.653,49.496],[-124.636,49.517],[-124.625,49.523],[-124.594,49.522],[-124.607,49.531]]}},{"type":"Feature","properties":{"layer":"coast"},"geometry":{"type":"LineString","coordinates":[[-124.709,49.497],[-124.716,49.499],[-124.792,49.58],[-124.827,49.603],[-124.836,49.598],[-124.839,49.557],[-124.825,49.54],[-124.746,49.488],[-124.71,49.48],[-124.691,49.483],[-124.694,49.491],[-124.709,49.497]]}},{"type":"Feature","properties":{"layer":"coast"},"geometry":{"type":"LineString","coordinates":[[-124.109,49.678],[-124.075,49.741],[-124.021,49.775],[-124.02,49.781],[-124.09,49.77],[-124.098,49.767],[-124.103,49.747],[-124.119,49.755],[-124.133,49.754],[-124.205,49.705],[-124.188,49.679],[-124.164,49.66],[-124.136,49.657],[-124.109,49.678]]}},{"type":"Feature","properties":{"layer":"coast"},"geometry":{"type":"LineString","coordinates":[[-124.664,49.747],[-124.614,49.716],[-124.572,49.708],[-124.493,49.672],[-124.473,49.672],[-124.462,49.654],[-124.439,49.631],[-124.439,49.612],[-124.378,49.603],[-124.198,49.521],[-124.162,49.496],[-124.143,49.489],[-124.123,49.5],[-124.144,49.53],[-124.173,49.554],[-124.27,49.616],[-124.282,49.628],[-124.294,49.65],[-124.323,49.671],[-124.348,49.704],[-124.391,49.72],[-124.488,49.734],[-124.521,49.747],[-124.562,49.754],[-124.609,49.795],[-124.633,49.802],[-124.658,49.801],[-124.654,49.788],[-124.658,49.774],[-124.652,49.762],[-124.664,49.747]]}},{"type":"Feature","properties":{"layer":"coast"},"geometry":{"type":"LineString","coordinates":[[-126.659,49.788],[-126.691,49.857],[-126.703,49.86],[-126.723,49.85],[-126.742,49.856],[-126.769,49.883],[-126.801,49.881],[-126.864,49.855],[-126.97,49.833],[-126.987,49.815],[-126.944,49.806],[-126.898,49.781],[-126.874,49.789],[-126.864,49.788],[-126.856,49.78],[-126.864,49.773],[-126.909,49.765],[-126.919,49.759],[-126.933,49.739],[-126.962,49.759],[-126.971,49.755],[-126.974,49.736],[-126.913,49.692],[-126.856,49.666],[-126.807,49.627],[-126.679,49.592],[-126.639,49.595],[-126.618,49.631],[-126.619,49.653],[-126.634,49.692],[-126.643,49.759],[-126.659,49.788]]}},{"type":"Feature","properties":{"layer":"coast"},"geometry":{"type":"LineString","coordinates":[[-125.027,50.144],[-125.06,50.115],[-125.053,50.105],[-125.007,50.072],[-125.011,50.03],[-125.005,50.018],[-124.986,50.014],[-124.976,50.022],[-124.963,50.049],[-124.891,50.069],[-124.906,50.088],[-124.911,50.114],[-124.926,50.128],[-124.919,50.133],[-124.917,50.145],[-124.929,50.169],[-124.996,50.232],[-125.007,50.233],[-124.98,50.189],[-124.986,50.179],[-125.027,50.144]]}},{"type":"Feature","properties":{"layer":"coast"},"geometry":{"type":"LineString","coordinates":[[-125.199,50.041],[-125.187,50.01],[-125.178,50.0],[-125.163,49.993],[-125.161,50.003],[-125.178,50.083],[-125.186,50.092],[-125.212,50.103],[-125.228,50.121],[-125.225,50.132],[-125.185,50.144],[-125.191,50.158],[-125.165,50.193],[-125.171,50.219],[-125.18,50.229],[-125.199,50.237],[-125.215,50.256],[-125.235,50.265],[-125.247,50.288],[-125.263,50.294],[-125.29,50.291],[-125.336,50.274],[-125.349,50.242],[-125.349,50.22],[-125.335,50.194],[-125.324,50.143],[-125.23,50.09],[-125.212,50.075],[-125.227,50.069],[-125.199,50.041]]}},{"type":"Feature","properties":{"layer":"coast"},"geometry":{"type":"LineString","coordinates":[[-124.891,50.193],[-124.84,50.198],[-124.829,50.185],[-124.869,50.166],[-124.867,50.155],[-124.852,50.133],[-124.832,50.117],[-124.786,50.139],[-124.754,50.168],[-124.766,50.189],[-124.816,50.212],[-124.822,50.247],[-124.812,50.269],[-124.816,50.274],[-124.883,50.29],[-124.917,50.303],[-124.937,50.276],[-124.964,50.262],[-124.965,50.249],[-124.958,50.234],[-124.926,50.2],[-124.891,50.193]]}},{"type":"Feature","properties":{"layer":"coast"},"geometry":{"type":"LineString","coordinates":[[-124.803,50.229],[-124.768,50.214],[-124.757,50.219],[-124.727,50.266],[-124.727,50.291],[-124.723,50.293],[-124.705,50.274],[-124.709,50.26],[-124.727,50.243],[-124.743,50.204],[-124.726,50.163],[-124.716,50.162],[-124.694,50.171],[-124.665,50.191],[-124.651,50.224],[-124.661,50.263],[-124.69,50.291],[-124.725,50.305],[-124.749,50.304],[-124.786,50.277],[-124.812,50.24],[-124.803,50.229]]}},{"type":"Feature","properties":{"layer":"coast"},"geometry":{"type":"LineString","coordinates":[[-125.336,50.302],[-125.313,50.32],[-125.277,50.327],[-125.246,50.314],[-125.212,50.322],[-125.167,50.247],[-125.136,50.232],[-125.13,50.214],[-125.132,50.191],[-125.154,50.134],[-125.142,50.126],[-125.106,50.145],[-125.083,50.206],[-125.065,50.194],[-125.055,50.195],[-125.048,50.206],[-125.049,50.219],[-125.077,50.262],[-125.115,50.297],[-125.129,50.321],[-125.152,50.345],[-125.171,50.391],[-125.199,50.391],[-125.216,50.409],[-125.288,50.437],[-125.3,50.427],[-125.315,50.397],[-125.314,50.35],[-125.329,50.343],[-125.372,50.351],[-125.394,50.35],[-125.404,50.332],[-125.398,50.308],[-125.382,50.296],[-125.36,50.295],[-125.336,50.302]]}},{"type":"Feature","properties":{"layer":"coast"},"geometry":{"type":"LineString","coordinates":[[-125.502,50.414],[-125.507,50.431],[-125.523,50.442],[-125.547,50.443],[-125.593,50.438],[-125.688,50.41],[-125.735,50.411],[-125.772,50.404],[-125.783,50.397],[-125.781,50.386],[-125.743,50.377],[-125.636,50.383],[-125.609,50.391],[-125.592,50.388],[-125.503,50.405],[-125.502,50.414]]}},{"type":"Feature","properties":{"layer":"coast"},"geometry":{"type":"LineString","coordinates":[[-125.368,50.461],[-125.389,50.459],[-125.409,50.448],[-125.478,50.43],[-125.491,50.422],[-125.49,50.413],[-125.5,50.401],[-125.54,50.384],[-125.545,50.378],[-125.487,50.358],[-125.448,50.354],[-125.392,50.367],[-125.379,50.376],[-125.377,50.383],[-125.382,50.394],[-125.346,50.402],[-125.328,50.434],[-125.34,50.453],[-125.368,50.461]]}},{"type":"Feature","properties":{"layer":"coast"},"geometry":{"type":"LineString","coordinates":[[-125.749,50.422],[-125.739,50.429],[-125.743,50.437],[-125.764,50.449],[-125.77,50.459],[-125.806,50.475],[-125.889,50.461],[-125.965,50.438],[-125.949,50.425],[-125.824,50.409],[-125.785,50.412],[-125.749,50.422]]}},{"type":"Feature","properties":{"layer":"coast"},"geometry":{"type":"LineString","coordinates":[[-126.538,50.584],[-126.576,50.589],[-126.587,50.595],[-126.671,50.59],[-126.654,50.579],[-126.648,50.57],[-126.658,50.564],[-126.65,50.559],[-126.615,50.553],[-126.519,50.57],[-126.518,50.576],[-126.538,50.584]]}},{"type":"Feature","properties":{"layer":"coast"},"geometry":{"type":"LineString","coordinates":[[-126.337,50.603],[-126.368,50.583],[-126.584,50.548],[-126.625,50.535],[-126.448,50.519],[-126.413,50.527],[-126.305,50.535],[-126.268,50.555],[-126.235,50.557],[-126.227,50.569],[-126.245,50.572],[-126.288,50.603],[-126.337,50.603]]}},{"type":"Feature","properties":{"layer":"coast"},"geometry":{"type":"LineString","coordinates":[[-126.404,50.63],[-126.471,50.628],[-126.548,50.614],[-126.559,50.603],[-126.507,50.586],[-126.513,50.584],[-126.511,50.582],[-126.485,50.579],[-126.453,50.588],[-126.426,50.589],[-126.374,50.605],[-126.364,50.619],[-126.385,50.629],[-126.404,50.63]]}},{"type":"Feature","properties":{"layer":"coast"},"geometry":{"type":"MultiLineString","coordinates":[[[-126.859,50.646],[-126.895,50.666],[-126.935,50.66],[-127.0,50.662]],[[-127.0,50.626],[-126.897,50.621],[-126.862,50.629],[-126.838,50.622],[-126.833,50.625],[-126.859,50.646]]]}},{"type":"Feature","properties":{"layer":"coast"},"geometry":{"type":"LineString","coordinates":[[-126.618,50.672],[-126.603,50.655],[-126.576,50.652],[-126.521,50.658],[-126.47,50.644],[-126.449,50.65],[-126.449,50.657],[-126.46,50.665],[-126.435,50.669],[-126.35,50.652],[-126.288,50.655],[-126.264,50.665],[-126.268,50.685],[-126.245,50.717],[-126.233,50.727],[-126.186,50.742],[-126.179,50.751],[-126.185,50.76],[-126.213,50.772],[-126.224,50.795],[-126.244,50.816],[-126.272,50.83],[-126.289,50.829],[-126.323,50.816],[-126.398,50.808],[-126.428,50.795],[-126.508,50.74],[-126.527,50.744],[-126.55,50.733],[-126.588,50.701],[-126.585,50.688],[-126.59,50.679],[-126.618,50.672]]}},{"type":"Feature","properties":{"layer":"coast"},"geometry":{"type":"LineString","coordinates":[[-126.782,50.775],[-126.769,50.788],[-126.741,50.775],[-126.603,50.808],[-126.562,50.802],[-126.588,50.822],[-126.641,50.85],[-126.666,50.836],[-126.682,50.834],[-126.771,50.836],[-126.784,50.832],[-126.782,50.822],[-126.793,50.807],[-126.826,50.836],[-126.863,50.836],[-126.905,50.829],[-126.905,50.822],[-126.855,50.786],[-126.782,50.775]]}},{"type":"Feature","properties":{"layer":"coast"},"geometry":{"type":"MultiLineString","coordinates":[[[-123.321,48.496],[-123.337,48.508],[-123.346,48.523],[-123.355,48.561],[-123.39,48.62],[-123.393,48.63],[-123.389,48.635],[-123.39,48.646],[-123.399,48.682],[-123.417,48.691],[-123.446,48.692],[-123.472,48.685],[-123.472,48.672],[-123.437,48.65],[-123.479,48.636],[-123.475,48.621],[-123.479,48.591],[-123.472,48.575],[-123.514,48.548],[-123.535,48.54],[-123.541,48.555],[-123.518,48.58],[-123.514,48.595],[-123.517,48.611],[-123.541,48.636],[-123.542,48.65],[-123.53,48.665],[-123.527,48.678],[-123.561,48.712],[-123.651,48.753],[-123.651,48.76],[-123.618,48.763],[-123.573,48.746],[-123.567,48.761],[-123.568,48.794],[-123.575,48.798],[-123.599,48.794],[-123.602,48.797],[-123.596,48.811],[-123.58,48.822],[-123.594,48.837],[-123.718,48.922],[-123.74,48.943],[-123.787,48.965],[-123.835,49.0],[-123.835,49.006],[-123.816,49.013],[-123.78,48.986],[-123.765,48.988],[-123.761,48.996],[-123.774,49.021],[-123.751,49.028],[-123.757,49.042],[-123.787,49.069],[-123.813,49.119],[-123.828,49.13],[-123.842,49.128],[-123.884,49.137],[-123.917,49.135],[-123.931,49.144],[-123.964,49.203],[-123.946,49.208],[-123.946,49.215],[-123.955,49.229],[-123.978,49.241],[-124.009,49.246],[-124.071,49.247],[-124.123,49.26],[-124.165,49.255],[-124.178,49.26],[-124.163,49.272],[-124.127,49.274],[-124.109,49.28],[-124.159,49.31],[-124.175,49.315],[-124.208,49.308],[-124.32,49.335],[-124.36,49.357],[-124.445,49.363],[-124.545,49.377],[-124.596,49.391],[-124.637,49.411],[-124.658,49.438],[-124.668,49.443],[-124.692,49.449],[-124.724,49.465],[-124.773,49.461],[-124.795,49.473],[-124.808,49.507],[-124.838,49.517],[-124.918,49.631],[-124.976,49.668],[-124.98,49.682],[-124.973,49.685],[-124.891,49.672],[-124.876,49.677],[-124.87,49.695],[-124.873,49.713],[-124.882,49.725],[-125.178,49.925],[-125.216,49.983],[-125.223,50.018],[-125.261,50.049],[-125.259,50.065],[-125.293,50.09],[-125.302,50.107],[-125.35,50.125],[-125.37,50.139],[-125.35,50.144],[-125.388,50.199],[-125.411,50.257],[-125.432,50.288],[-125.425,50.295],[-125.436,50.314],[-125.454,50.329],[-125.477,50.339],[-125.524,50.347],[-125.564,50.366],[-125.589,50.371],[-125.74,50.356],[-125.789,50.377],[-125.838,50.387],[-125.958,50.395],[-126.024,50.426],[-126.117,50.455],[-126.193,50.47],[-126.272,50.466],[-126.364,50.487],[-126.46,50.475],[-126.493,50.487],[-126.556,50.501],[-126.562,50.498],[-126.563,50.484],[-126.569,50.479],[-126.595,50.48],[-126.631,50.507],[-126.766,50.544],[-126.829,50.548],[-126.844,50.53],[-126.864,50.53],[-126.85,50.552],[-126.857,50.559],[-126.977,50.563],[-126.994,50.569],[-126.974,50.583],[-127.0,50.589]],[[-127.0,50.589],[-126.994,50.589],[-127.0,50.589]],[[-127.0,49.863],[-126.936,49.867],[-126.93,49.883],[-126.929,49.933],[-126.919,49.973],[-126.91,49.957],[-126.892,49.891],[-126.883,49.883],[-126.854,49.883],[-126.823,49.9],[-126.809,49.914],[-126.803,49.928],[-126.811,49.943],[-126.843,49.961],[-126.844,49.973],[-126.783,49.942],[-126.767,49.912],[-126.726,49.882],[-126.706,49.877],[-126.664,49.897],[-126.65,49.898],[-126.637,49.817],[-126.605,49.732],[-126.593,49.716],[-126.573,49.707],[-126.545,49.704],[-126.517,49.708],[-126.494,49.719],[-126.478,49.735],[-126.472,49.75],[-126.474,49.784],[-126.467,49.792],[-126.411,49.778],[-126.412,49.772],[-126.479,49.712],[-126.487,49.695],[-126.477,49.684],[-126.453,49.674],[-126.324,49.648],[-126.297,49.661],[-126.195,49.681],[-126.117,49.685],[-126.099,49.678],[-126.09,49.661],[-126.138,49.65],[-126.186,49.657],[-126.218,49.646],[-126.337,49.631],[-126.417,49.638],[-126.453,49.636],[-126.499,49.611],[-126.549,49.596],[-126.565,49.584],[-126.572,49.566],[-126.571,49.554],[-126.577,49.548],[-126.556,49.527],[-126.556,49.521],[-126.562,49.521],[-126.558,49.503],[-126.562,49.459],[-126.574,49.426],[-126.573,49.414],[-126.542,49.386],[-126.528,49.379],[-126.51,49.378],[-126.487,49.384],[-126.464,49.396],[-126.464,49.406],[-126.487,49.438],[-126.465,49.46],[-126.448,49.471],[-126.432,49.473],[-126.391,49.431],[-126.405,49.421],[-126.338,49.386],[-126.309,49.376],[-126.297,49.363],[-126.288,49.363],[-126.261,49.4],[-126.257,49.416],[-126.259,49.431],[-126.268,49.445],[-126.255,49.451],[-126.244,49.446],[-126.227,49.413],[-126.186,49.404],[-126.174,49.415],[-126.055,49.445],[-126.058,49.412],[-126.076,49.384],[-126.059,49.346],[-126.014,49.322],[-125.979,49.342],[-125.958,49.393],[-125.922,49.42],[-125.912,49.438],[-125.899,49.422],[-125.929,49.373],[-125.951,49.32],[-126.009,49.292],[-126.028,49.274],[-125.994,49.242],[-125.956,49.233],[-125.94,49.241],[-125.901,49.274],[-125.877,49.28],[-125.852,49.266],[-125.844,49.267],[-125.83,49.284],[-125.818,49.324],[-125.806,49.343],[-125.782,49.37],[-125.775,49.37],[-125.782,49.338],[-125.802,49.3],[-125.802,49.253],[-125.791,49.247],[-125.777,49.248],[-125.741,49.267],[-125.754,49.222],[-125.755,49.169],[-125.747,49.148],[-125.699,49.181],[-125.61,49.225],[-125.613,49.206],[-125.632,49.188],[-125.646,49.164],[-125.684,49.148],[-125.692,49.133],[-125.701,49.135],[-125.747,49.109],[-125.768,49.103],[-125.785,49.105],[-125.816,49.123],[-125.831,49.114],[-125.862,49.11],[-125.871,49.103],[-125.872,49.09],[-125.863,49.081],[-125.836,49.069],[-125.736,49.053],[-125.637,48.993],[-125.62,48.969],[-125.607,48.962],[-125.573,48.956],[-125.531,48.933],[-125.498,48.92],[-125.461,48.921],[-125.449,48.937],[-125.43,48.944],[-125.401,48.973],[-125.366,48.987],[-125.354,49.027],[-125.343,49.041],[-125.333,49.042],[-125.309,49.028],[-125.261,49.028],[-125.261,49.021],[-125.283,49.015],[-125.302,49.003],[-125.336,48.972],[-125.315,48.965],[-125.265,48.963],[-125.24,48.955],[-125.221,48.955],[-125.171,48.993],[-125.147,48.999],[-125.111,48.984],[-125.086,48.979],[-125.045,48.993],[-124.993,48.986],[-124.968,48.988],[-124.888,49.014],[-124.879,49.032],[-124.87,49.075],[-124.828,49.12],[-124.822,49.14],[-124.822,49.181],[-124.829,49.225],[-124.808,49.247],[-124.799,49.189],[-124.779,49.152],[-124.808,49.099],[-124.819,49.058],[-124.847,49.02],[-124.883,48.991],[-124.918,48.972],[-124.984,48.956],[-125.014,48.928],[-125.007,48.9],[-125.011,48.892],[-125.078,48.876],[-125.096,48.863],[-125.11,48.842],[-125.171,48.816],[-125.185,48.801],[-125.16,48.787],[-125.109,48.739],[-125.094,48.73],[-124.816,48.647],[-124.769,48.615],[-124.731,48.596],[-124.665,48.573],[-124.486,48.54],[-124.445,48.568],[-124.401,48.565],[-124.391,48.561],[-124.43,48.539],[-124.438,48.526],[-124.389,48.518],[-124.131,48.433],[-123.891,48.367],[-123.841,48.362],[-123.781,48.363],[-123.734,48.351],[-123.685,48.332],[-123.668,48.318],[-123.654,48.314],[-123.596,48.328],[-123.595,48.31],[-123.572,48.306],[-123.551,48.313],[-123.555,48.328],[-123.52,48.355],[-123.511,48.381],[-123.48,48.392],[-123.453,48.434],[-123.437,48.445],[-123.357,48.401],[-123.302,48.414],[-123.287,48.424],[-123.281,48.448],[-123.287,48.468],[-123.321,48.496]]]}},{"type":"Feature","properties":{"layer":"coast"},"geometry":{"type":"LineString","coordinates":[[-122.705,47.182],[-122.718,47.181],[-122.729,47.162],[-122.746,47.154],[-122.742,47.144],[-122.701,47.124],[-122.677,47.14],[-122.671,47.165],[-122.676,47.176],[-122.705,47.182]]}},{"type":"Feature","properties":{"layer":"coast"},"geometry":{"type":"LineString","coordinates":[[-122.868,47.268],[-122.87,47.243],[-122.848,47.22],[-122.848,47.193],[-122.86,47.178],[-122.874,47.168],[-122.879,47.172],[-122.891,47.2],[-122.922,47.229],[-122.922,47.237],[-122.912,47.27],[-122.905,47.278],[-122.891,47.278],[-122.847,47.298],[-122.853,47.285],[-122.867,47.278],[-122.868,47.268]]}},{"type":"Feature","properties":{"layer":"coast"},"geometry":{"type":"LineString","coordinates":[[-123.287,48.813],[-123.313,48.817],[-123.323,48.813],[-123.323,48.806],[-123.311,48.797],[-123.311,48.772],[-123.307,48.765],[-123.257,48.739],[-123.199,48.732],[-123.187,48.736],[-123.182,48.743],[-123.188,48.756],[-123.25,48.766],[-123.252,48.79],[-123.287,48.813]]}},{"type":"Feature","properties":{"layer":"coast"},"geometry":{"type":"LineString","coordinates":[[-123.089,48.768],[-123.071,48.779],[-123.042,48.784],[-123.044,48.789],[-123.054,48.796],[-123.141,48.801],[-123.204,48.83],[-123.224,48.833],[-123.222,48.823],[-123.208,48.816],[-123.204,48.809],[-123.204,48.784],[-123.185,48.775],[-123.158,48.763],[-123.102,48.762],[-123.089,48.768]]}},{"type":"Feature","properties":{"layer":"coast"},"geometry":{"type":"LineString","coordinates":[[-123.417,46.205],[-123.405,46.201],[-123.316,46.149],[-123.358,46.15],[-123.411,46.175],[-123.423,46.188],[-123.417,46.205]]}},{"type":"Feature","properties":{"layer":"coast"},"geometry":{"type":"LineString","coordinates":[[-123.481,46.256],[-123.471,46.255],[-123.444,46.236],[-123.437,46.22],[-123.441,46.213],[-123.468,46.225],[-123.478,46.236],[-123.481,46.256]]}},{"type":"Feature","properties":{"layer":"coast"},"geometry":{"type":"LineString","coordinates":[[-125.862,49.237],[-125.831,49.237],[-125.797,49.227],[-125.786,49.209],[-125.801,49.144],[-125.842,49.134],[-125.88,49.146],[-125.88,49.161],[-125.888,49.173],[-125.915,49.176],[-125.923,49.197],[-125.915,49.213],[-125.901,49.226],[-125.862,49.237]]}}]}