{"type":"FeatureCollection","features":[{"id":"0","type":"Feature","properties":{"code":"MC_MAIN","name":"Columbia River Basin abv The Dalles","region":"Columbia River Main Stem","area":19863.0},"geometry":{"type":"Polygon","coordinates":[[[-121.54,45.633],[-121.556,45.665],[-121.577,45.658],[-121.673,45.661],[-121.736,45.637],[-121.769,45.637],[-121.771,45.61],[-121.791,45.591],[-121.784,45.581],[-121.803,45.562],[-121.824,45.557],[-121.862,45.516],[-121.903,45.516],[-121.917,45.534],[-121.917,45.547],[-121.901,45.556],[-121.918,45.586],[-121.912,45.602],[-121.948,45.638],[-121.93,45.656],[-121.957,45.682],[-121.953,45.695],[-121.966,45.694],[-121.968,45.714],[-122.044,45.735],[-122.043,45.751],[-122.105,45.8],[-122.084,45.818],[-122.092,45.865],[-122.084,45.885],[-122.069,45.887],[-122.058,45.927],[-122.036,45.938],[-122.046,45.955],[-122.018,45.96],[-121.978,46.012],[-121.941,45.994],[-121.825,46.0],[-121.812,45.993],[-121.748,46.02],[-121.696,45.993],[-121.705,45.968],[-121.657,45.92],[-121.578,45.925],[-121.571,45.918],[-121.571,45.873],[-121.592,45.864],[-121.596,45.848],[-121.613,45.835],[-121.609,45.814],[-121.596,45.806],[-121.605,45.785],[-121.596,45.76],[-121.586,45.754],[-121.553,45.754],[-121.544,45.745],[-121.507,45.75],[-121.494,45.77],[-121.469,45.775],[-121.457,45.758],[-121.436,45.754],[-121.438,45.789],[-121.415,45.816],[-121.382,45.82],[-121.365,45.808],[-121.353,45.82],[-121.319,45.816],[-121.305,45.825],[-121.215,45.758],[-121.173,45.766],[-121.161,45.754],[-121.123,45.758],[-121.117,45.731],[-121.128,45.72],[-121.119,45.708],[-121.102,45.712],[-121.057,45.691],[-120.99,45.695],[-120.917,45.683],[-120.848,45.708],[-120.823,45.741],[-120.723,45.745],[-120.68,45.764],[-120.688,45.806],[-120.713,45.835],[-120.684,45.856],[-120.675,45.898],[-120.642,45.914],[-120.638,45.952],[-120.621,45.96],[-120.618,45.989],[-120.516,45.985],[-120.461,45.995],[-120.454,46.019],[-120.39,46.033],[-120.302,46.05],[-120.236,46.048],[-120.154,46.059],[-120.073,46.084],[-120.061,46.12],[-119.997,46.124],[-119.895,46.154],[-119.889,46.147],[-119.822,46.156],[-119.748,46.187],[-119.712,46.19],[-119.699,46.207],[-119.656,46.211],[-119.557,46.25],[-119.53,46.248],[-119.503,46.231],[-119.482,46.246],[-119.48,46.257],[-119.516,46.296],[-119.525,46.35],[-119.642,46.422],[-119.732,46.408],[-119.768,46.43],[-119.794,46.433],[-119.799,46.443],[-119.899,46.458],[-119.943,46.484],[-119.968,46.48],[-119.977,46.489],[-120.008,46.484],[-120.023,46.47],[-120.054,46.479],[-120.072,46.498],[-120.105,46.559],[-120.084,46.589],[-120.066,46.596],[-120.067,46.645],[-120.107,46.664],[-120.166,46.672],[-120.2,46.698],[-120.166,46.735],[-120.16,46.762],[-120.167,46.776],[-120.158,46.785],[-120.162,46.795],[-120.205,46.814],[-120.2,46.848],[-120.187,46.862],[-120.22,46.867],[-120.229,46.888],[-120.241,46.891],[-120.198,46.935],[-120.205,46.943],[-120.193,46.965],[-120.205,46.996],[-120.197,47.006],[-120.225,47.023],[-120.218,47.032],[-120.238,47.06],[-120.223,47.072],[-120.225,47.094],[-120.237,47.125],[-120.263,47.137],[-120.279,47.163],[-120.282,47.2],[-120.292,47.213],[-120.323,47.216],[-120.325,47.229],[-120.365,47.237],[-120.398,47.276],[-120.424,47.275],[-120.435,47.288],[-120.506,47.316],[-120.559,47.307],[-120.571,47.31],[-120.579,47.337],[-120.669,47.346],[-120.693,47.365],[-120.722,47.37],[-120.738,47.397],[-120.749,47.392],[-120.783,47.401],[-120.796,47.421],[-120.826,47.426],[-120.844,47.412],[-120.856,47.421],[-120.875,47.417],[-120.887,47.43],[-120.912,47.426],[-120.931,47.459],[-120.952,47.471],[-120.905,47.475],[-120.879,47.465],[-120.809,47.482],[-120.76,47.468],[-120.731,47.477],[-120.711,47.496],[-120.703,47.52],[-120.673,47.525],[-120.646,47.56],[-120.612,47.578],[-120.615,47.587],[-120.602,47.595],[-120.591,47.623],[-120.552,47.641],[-120.483,47.627],[-120.446,47.645],[-120.521,47.727],[-120.531,47.765],[-120.546,47.781],[-120.535,47.79],[-120.539,47.801],[-120.609,47.839],[-120.629,47.905],[-120.659,47.927],[-120.657,47.941],[-120.644,47.941],[-120.632,47.927],[-120.606,47.928],[-120.577,47.899],[-120.502,47.883],[-120.471,47.86],[-120.486,47.848],[-120.481,47.834],[-120.441,47.804],[-120.388,47.821],[-120.356,47.838],[-120.344,47.858],[-120.327,47.862],[-120.265,47.841],[-120.186,47.841],[-120.173,47.829],[-120.148,47.833],[-120.044,47.804],[-120.032,47.808],[-120.013,47.839],[-119.975,47.868],[-119.994,47.891],[-120.021,47.902],[-120.03,47.948],[-120.067,47.972],[-120.08,48.007],[-119.984,48.016],[-119.996,48.046],[-119.978,48.085],[-119.988,48.098],[-119.958,48.118],[-119.952,48.133],[-119.913,48.145],[-119.904,48.165],[-119.935,48.219],[-119.986,48.229],[-120.0,48.248],[-119.932,48.254],[-119.905,48.285],[-119.913,48.293],[-119.893,48.313],[-119.913,48.355],[-119.881,48.383],[-119.888,48.415],[-119.863,48.431],[-119.823,48.437],[-119.796,48.481],[-119.798,48.491],[-119.74,48.487],[-119.73,48.472],[-119.734,48.443],[-119.7,48.431],[-119.709,48.414],[-119.688,48.389],[-119.717,48.368],[-119.713,48.348],[-119.721,48.339],[-119.696,48.314],[-119.705,48.285],[-119.678,48.258],[-119.632,48.283],[-119.594,48.27],[-119.569,48.27],[-119.561,48.279],[-119.519,48.27],[-119.502,48.283],[-119.494,48.279],[-119.486,48.3],[-119.438,48.26],[-119.442,48.243],[-119.427,48.225],[-119.39,48.208],[-119.311,48.216],[-119.257,48.175],[-119.223,48.179],[-119.205,48.193],[-119.203,48.208],[-119.178,48.208],[-119.163,48.218],[-119.153,48.279],[-119.132,48.279],[-119.123,48.266],[-119.092,48.268],[-119.071,48.318],[-119.075,48.331],[-119.055,48.356],[-119.067,48.37],[-119.059,48.372],[-119.059,48.393],[-119.05,48.397],[-119.053,48.416],[-119.027,48.416],[-118.994,48.395],[-118.973,48.4],[-118.955,48.389],[-118.961,48.358],[-118.944,48.362],[-118.923,48.345],[-118.882,48.345],[-118.871,48.31],[-118.848,48.308],[-118.842,48.298],[-118.846,48.272],[-118.821,48.26],[-118.819,48.241],[-118.786,48.237],[-118.771,48.206],[-118.792,48.177],[-118.805,48.114],[-118.796,48.06],[-118.817,48.039],[-118.809,48.014],[-118.828,47.995],[-118.869,47.979],[-118.923,47.979],[-118.94,47.962],[-118.986,47.966],[-119.023,47.995],[-119.063,47.991],[-119.04,47.97],[-118.98,47.948],[-118.988,47.902],[-118.978,47.891],[-118.948,47.887],[-118.919,47.858],[-118.898,47.875],[-118.84,47.87],[-118.823,47.883],[-118.736,47.854],[-118.573,47.866],[-118.559,47.848],[-118.55,47.802],[-118.517,47.798],[-118.519,47.745],[-118.49,47.75],[-118.478,47.733],[-118.461,47.737],[-118.436,47.72],[-118.407,47.72],[-118.405,47.697],[-118.378,47.695],[-118.363,47.673],[-118.371,47.668],[-118.371,47.643],[-118.336,47.637],[-118.286,47.6],[-118.273,47.608],[-118.236,47.608],[-118.219,47.591],[-118.186,47.587],[-118.178,47.6],[-118.128,47.625],[-118.102,47.658],[-118.036,47.683],[-117.957,47.675],[-117.928,47.708],[-117.911,47.708],[-117.913,47.697],[-117.875,47.673],[-117.88,47.648],[-117.871,47.639],[-117.884,47.635],[-117.892,47.614],[-117.884,47.602],[-117.892,47.585],[-117.88,47.549],[-117.855,47.522],[-117.848,47.472],[-117.834,47.443],[-117.869,47.42],[-117.898,47.425],[-117.923,47.416],[-117.944,47.433],[-118.015,47.416],[-118.042,47.385],[-118.034,47.352],[-118.042,47.331],[-118.15,47.273],[-118.15,47.231],[-118.169,47.2],[-118.198,47.212],[-118.228,47.2],[-118.321,47.198],[-118.313,47.181],[-118.355,47.118],[-118.35,47.085],[-118.369,47.058],[-118.388,47.052],[-118.382,47.033],[-118.359,47.027],[-118.355,47.006],[-118.371,46.989],[-118.363,46.964],[-118.405,46.939],[-118.4,46.877],[-118.336,46.841],[-118.298,46.858],[-118.215,46.845],[-118.217,46.835],[-118.196,46.823],[-118.196,46.81],[-118.271,46.764],[-118.282,46.708],[-118.319,46.708],[-118.352,46.695],[-118.394,46.65],[-118.432,46.633],[-118.507,46.633],[-118.515,46.616],[-118.54,46.616],[-118.557,46.633],[-118.586,46.629],[-118.58,46.598],[-118.588,46.585],[-118.638,46.577],[-118.642,46.552],[-118.667,46.518],[-118.667,46.477],[-118.682,46.462],[-118.711,46.454],[-118.732,46.429],[-118.753,46.425],[-118.773,46.391],[-118.832,46.37],[-118.884,46.298],[-118.888,46.277],[-118.871,46.26],[-118.871,46.239],[-118.823,46.2],[-118.777,46.229],[-118.736,46.225],[-118.721,46.235],[-118.719,46.254],[-118.688,46.26],[-118.696,46.24],[-118.688,46.181],[-118.73,46.139],[-118.721,46.114],[-118.738,46.089],[-118.73,46.068],[-118.73,46.01],[-118.738,46.002],[-118.725,45.993],[-118.728,45.966],[-118.682,45.945],[-118.661,45.912],[-118.621,45.904],[-118.665,45.883],[-118.69,45.891],[-118.732,45.862],[-118.769,45.862],[-118.819,45.879],[-118.848,45.9],[-118.865,45.9],[-118.886,45.92],[-118.903,45.912],[-118.961,45.912],[-119.015,45.937],[-119.044,45.908],[-119.182,45.866],[-119.217,45.868],[-119.252,45.854],[-119.286,45.858],[-119.309,45.885],[-119.301,45.908],[-119.317,45.914],[-119.33,45.91],[-119.353,45.879],[-119.413,45.864],[-119.421,45.739],[-119.438,45.714],[-119.43,45.673],[-119.471,45.643],[-119.471,45.593],[-119.484,45.581],[-119.475,45.543],[-119.484,45.501],[-119.428,45.487],[-119.417,45.464],[-119.371,45.431],[-119.375,45.389],[-119.348,45.387],[-119.341,45.367],[-119.325,45.36],[-119.325,45.335],[-119.296,45.306],[-119.288,45.252],[-119.25,45.239],[-119.27,45.211],[-119.255,45.189],[-119.293,45.173],[-119.294,45.145],[-119.311,45.141],[-119.332,45.162],[-119.358,45.161],[-119.407,45.116],[-119.457,45.104],[-119.486,45.108],[-119.494,45.079],[-119.515,45.062],[-119.554,45.052],[-119.573,45.025],[-119.607,45.029],[-119.615,45.041],[-119.652,45.02],[-119.682,45.02],[-119.7,44.989],[-119.721,44.975],[-119.768,44.991],[-119.815,44.962],[-119.832,44.975],[-119.89,44.962],[-119.91,44.962],[-119.919,44.971],[-119.944,44.958],[-119.986,44.962],[-120.019,44.941],[-120.04,44.941],[-120.038,44.927],[-120.017,44.918],[-119.996,44.881],[-119.998,44.87],[-120.034,44.86],[-120.0,44.785],[-120.027,44.77],[-120.03,44.76],[-120.011,44.741],[-119.952,44.741],[-119.95,44.727],[-119.963,44.714],[-119.963,44.681],[-119.992,44.631],[-120.021,44.622],[-120.042,44.598],[-120.038,44.581],[-120.05,44.573],[-120.038,44.56],[-120.075,44.531],[-120.088,44.452],[-120.111,44.429],[-120.144,44.425],[-120.186,44.462],[-120.24,44.454],[-120.248,44.466],[-120.278,44.47],[-120.294,44.458],[-120.328,44.458],[-120.359,44.481],[-120.365,44.5],[-120.39,44.5],[-120.411,44.512],[-120.453,44.495],[-120.482,44.495],[-120.525,44.514],[-120.521,44.547],[-120.53,44.568],[-120.5,44.577],[-120.521,44.597],[-120.513,44.623],[-120.528,44.625],[-120.565,44.662],[-120.603,44.67],[-120.625,44.71],[-120.663,44.743],[-120.64,44.767],[-120.65,44.781],[-120.655,44.814],[-120.63,44.839],[-120.634,44.856],[-120.613,44.864],[-120.609,44.918],[-120.64,44.962],[-120.669,44.966],[-120.69,44.954],[-120.736,44.954],[-120.771,44.993],[-120.769,45.012],[-120.728,45.008],[-120.677,45.033],[-120.671,45.06],[-120.659,45.068],[-120.667,45.118],[-120.688,45.127],[-120.684,45.148],[-120.7,45.172],[-120.692,45.218],[-120.68,45.231],[-120.68,45.26],[-120.753,45.3],[-120.792,45.339],[-120.792,45.364],[-120.805,45.377],[-120.809,45.452],[-120.775,45.481],[-120.775,45.516],[-120.815,45.533],[-120.882,45.625],[-120.916,45.62],[-120.925,45.606],[-120.913,45.585],[-120.925,45.564],[-120.917,45.502],[-120.905,45.485],[-120.95,45.443],[-120.957,45.42],[-121.05,45.373],[-121.059,45.36],[-121.057,45.312],[-121.103,45.3],[-121.136,45.32],[-121.156,45.324],[-121.169,45.316],[-121.207,45.354],[-121.282,45.345],[-121.298,45.362],[-121.39,45.358],[-121.398,45.37],[-121.486,45.333],[-121.525,45.341],[-121.505,45.368],[-121.505,45.403],[-121.53,45.435],[-121.525,45.481],[-121.485,45.517],[-121.521,45.581],[-121.53,45.631],[-121.54,45.633]]]}},{"id":"1","type":"Feature","properties":{"code":"LCOLUMBIA","name":"Lower Columbia River Main Stem","region":"Columbia River Main Stem","area":1839.0},"geometry":{"type":"Polygon","coordinates":[[[-122.844,46.304],[-122.867,46.277],[-122.844,46.27],[-122.828,46.25],[-122.761,46.233],[-122.74,46.212],[-122.719,46.225],[-122.677,46.22],[-122.648,46.233],[-122.632,46.22],[-122.553,46.212],[-122.527,46.195],[-122.49,46.195],[-122.457,46.179],[-122.449,46.164],[-122.407,46.179],[-122.393,46.171],[-122.361,46.187],[-122.323,46.187],[-122.288,46.153],[-122.202,46.195],[-122.239,46.134],[-122.28,46.13],[-122.28,46.115],[-122.305,46.099],[-122.315,46.075],[-122.35,46.078],[-122.368,46.064],[-122.402,46.061],[-122.407,46.045],[-122.428,46.033],[-122.45,46.047],[-122.476,46.046],[-122.49,46.029],[-122.536,46.034],[-122.549,46.027],[-122.557,46.008],[-122.595,46.007],[-122.597,45.988],[-122.586,45.986],[-122.558,45.943],[-122.519,45.962],[-122.394,45.953],[-122.391,45.943],[-122.372,45.935],[-122.357,45.945],[-122.352,45.924],[-122.313,45.889],[-122.32,45.886],[-122.309,45.871],[-122.315,45.861],[-122.304,45.848],[-122.254,45.843],[-122.253,45.854],[-122.221,45.866],[-122.197,45.865],[-122.189,45.852],[-122.17,45.858],[-122.166,45.849],[-122.128,45.862],[-122.111,45.841],[-122.092,45.841],[-122.084,45.818],[-122.105,45.8],[-122.043,45.751],[-122.044,45.735],[-121.968,45.714],[-121.966,45.694],[-121.953,45.695],[-121.957,45.682],[-121.93,45.656],[-121.948,45.638],[-121.912,45.602],[-121.918,45.586],[-121.901,45.556],[-121.93,45.544],[-121.954,45.547],[-121.961,45.538],[-121.985,45.57],[-122.011,45.569],[-122.028,45.558],[-122.02,45.55],[-122.03,45.539],[-122.063,45.54],[-122.09,45.527],[-122.095,45.5],[-122.111,45.486],[-122.127,45.486],[-122.135,45.472],[-122.168,45.471],[-122.187,45.452],[-122.212,45.447],[-122.26,45.449],[-122.277,45.434],[-122.286,45.437],[-122.285,45.455],[-122.3,45.467],[-122.319,45.474],[-122.328,45.466],[-122.346,45.476],[-122.376,45.47],[-122.435,45.5],[-122.474,45.492],[-122.482,45.498],[-122.523,45.479],[-122.548,45.479],[-122.561,45.504],[-122.59,45.512],[-122.619,45.508],[-122.64,45.525],[-122.715,45.5],[-122.753,45.525],[-122.759,45.543],[-122.831,45.607],[-122.869,45.612],[-122.917,45.672],[-122.919,45.695],[-122.973,45.708],[-123.013,45.735],[-123.055,45.814],[-123.034,45.862],[-122.994,45.858],[-122.975,45.872],[-123.005,45.918],[-122.996,45.943],[-123.0,45.968],[-123.013,45.981],[-123.009,45.998],[-122.965,46.029],[-122.953,46.02],[-122.927,46.029],[-122.921,46.043],[-122.963,46.073],[-122.959,46.093],[-122.936,46.112],[-122.963,46.164],[-122.955,46.181],[-122.963,46.218],[-122.978,46.22],[-122.98,46.233],[-122.965,46.245],[-122.927,46.245],[-122.913,46.274],[-122.88,46.306],[-122.844,46.304]]]}},{"id":"2","type":"Feature","properties":{"code":"MC_LTRIB","name":"Middle Columbia Lower Tributaries","region":"Middle Columbia Basin","area":21846.0},"geometry":{"type":"MultiPolygon","coordinates":[[[[-121.825,44.019],[-121.834,44.032],[-121.83,44.043],[-121.823,44.053],[-121.803,44.052],[-121.775,44.085],[-121.768,44.116],[-121.773,44.14],[-121.784,44.148],[-121.772,44.167],[-121.785,44.215],[-121.776,44.224],[-121.817,44.256],[-121.826,44.284],[-121.842,44.289],[-121.834,44.318],[-121.855,44.393],[-121.85,44.468],[-121.843,44.479],[-121.849,44.486],[-121.809,44.517],[-121.817,44.538],[-121.803,44.555],[-121.794,44.594],[-121.812,44.616],[-121.796,44.648],[-121.8,44.685],[-121.792,44.689],[-121.8,44.735],[-121.76,44.762],[-121.774,44.775],[-121.813,44.781],[-121.821,44.8],[-121.813,44.812],[-121.76,44.822],[-121.739,44.851],[-121.752,44.862],[-121.747,44.874],[-121.714,44.904],[-121.793,44.966],[-121.791,44.974],[-121.803,44.979],[-121.806,45.012],[-121.782,45.015],[-121.778,45.036],[-121.718,45.038],[-121.709,45.056],[-121.66,45.07],[-121.652,45.088],[-121.666,45.119],[-121.706,45.131],[-121.714,45.154],[-121.75,45.193],[-121.749,45.202],[-121.709,45.21],[-121.699,45.227],[-121.685,45.23],[-121.681,45.251],[-121.697,45.261],[-121.679,45.296],[-121.703,45.332],[-121.698,45.374],[-121.724,45.394],[-121.776,45.402],[-121.793,45.415],[-121.811,45.44],[-121.807,45.456],[-121.861,45.486],[-121.869,45.507],[-121.824,45.557],[-121.803,45.562],[-121.784,45.581],[-121.791,45.591],[-121.771,45.61],[-121.769,45.637],[-121.736,45.637],[-121.673,45.661],[-121.577,45.658],[-121.556,45.665],[-121.546,45.656],[-121.546,45.639],[-121.525,45.619],[-121.521,45.581],[-121.485,45.517],[-121.521,45.489],[-121.53,45.46],[-121.53,45.435],[-121.505,45.403],[-121.505,45.368],[-121.525,45.348],[-121.511,45.333],[-121.486,45.333],[-121.394,45.37],[-121.39,45.358],[-121.298,45.362],[-121.282,45.345],[-121.207,45.354],[-121.169,45.316],[-121.156,45.324],[-121.136,45.32],[-121.103,45.3],[-121.057,45.312],[-121.059,45.36],[-121.05,45.373],[-120.957,45.42],[-120.95,45.443],[-120.905,45.485],[-120.917,45.502],[-120.925,45.564],[-120.913,45.585],[-120.925,45.606],[-120.916,45.62],[-120.882,45.625],[-120.815,45.533],[-120.775,45.516],[-120.775,45.481],[-120.809,45.452],[-120.805,45.377],[-120.792,45.364],[-120.792,45.339],[-120.753,45.3],[-120.68,45.26],[-120.68,45.231],[-120.692,45.218],[-120.7,45.172],[-120.684,45.148],[-120.688,45.127],[-120.667,45.118],[-120.659,45.068],[-120.671,45.06],[-120.677,45.033],[-120.728,45.008],[-120.769,45.012],[-120.771,44.993],[-120.736,44.954],[-120.69,44.954],[-120.669,44.966],[-120.64,44.962],[-120.609,44.918],[-120.613,44.864],[-120.634,44.856],[-120.63,44.839],[-120.655,44.814],[-120.65,44.781],[-120.64,44.767],[-120.663,44.743],[-120.625,44.71],[-120.603,44.67],[-120.565,44.662],[-120.528,44.625],[-120.513,44.623],[-120.521,44.597],[-120.5,44.577],[-120.53,44.568],[-120.521,44.547],[-120.525,44.514],[-120.482,44.495],[-120.453,44.495],[-120.411,44.512],[-120.39,44.5],[-120.365,44.5],[-120.359,44.481],[-120.328,44.458],[-120.294,44.458],[-120.278,44.47],[-120.248,44.466],[-120.24,44.454],[-120.186,44.462],[-120.152,44.429],[-120.119,44.425],[-120.088,44.452],[-120.075,44.531],[-120.038,44.56],[-120.05,44.573],[-120.038,44.581],[-120.042,44.598],[-120.021,44.622],[-119.992,44.631],[-119.963,44.681],[-119.963,44.714],[-119.95,44.727],[-119.952,44.741],[-120.011,44.741],[-120.03,44.76],[-120.027,44.77],[-120.0,44.785],[-120.034,44.86],[-119.998,44.87],[-119.996,44.881],[-120.017,44.918],[-120.038,44.927],[-120.04,44.941],[-120.019,44.941],[-119.986,44.962],[-119.944,44.958],[-119.919,44.971],[-119.91,44.962],[-119.89,44.962],[-119.832,44.975],[-119.815,44.962],[-119.768,44.991],[-119.721,44.975],[-119.7,44.989],[-119.682,45.02],[-119.652,45.02],[-119.615,45.041],[-119.607,45.029],[-119.573,45.025],[-119.554,45.052],[-119.515,45.062],[-119.494,45.079],[-119.486,45.108],[-119.457,45.104],[-119.407,45.116],[-119.358,45.161],[-119.332,45.162],[-119.311,45.141],[-119.294,45.145],[-119.293,45.173],[-119.255,45.189],[-119.27,45.211],[-119.25,45.239],[-119.288,45.252],[-119.296,45.306],[-119.325,45.335],[-119.325,45.36],[-119.341,45.367],[-119.348,45.387],[-119.375,45.389],[-119.371,45.431],[-119.415,45.462],[-119.428,45.487],[-119.484,45.501],[-119.475,45.543],[-119.484,45.581],[-119.471,45.593],[-119.471,45.643],[-119.43,45.673],[-119.438,45.714],[-119.421,45.739],[-119.409,45.868],[-119.353,45.879],[-119.33,45.91],[-119.317,45.914],[-119.301,45.908],[-119.309,45.885],[-119.286,45.858],[-119.252,45.854],[-119.065,45.9],[-119.015,45.937],[-118.961,45.912],[-118.903,45.912],[-118.886,45.92],[-118.865,45.9],[-118.848,45.9],[-118.819,45.879],[-118.769,45.862],[-118.732,45.862],[-118.69,45.891],[-118.665,45.883],[-118.636,45.891],[-118.621,45.906],[-118.661,45.912],[-118.682,45.945],[-118.728,45.966],[-118.725,45.993],[-118.738,46.002],[-118.73,46.01],[-118.73,46.068],[-118.738,46.089],[-118.721,46.114],[-118.73,46.139],[-118.688,46.181],[-118.696,46.24],[-118.688,46.258],[-118.636,46.275],[-118.632,46.287],[-118.58,46.322],[-118.573,46.375],[-118.527,46.4],[-118.511,46.42],[-118.486,46.42],[-118.445,46.453],[-118.382,46.483],[-118.361,46.512],[-118.317,46.477],[-118.311,46.458],[-118.296,46.456],[-118.28,46.422],[-118.253,46.4],[-118.215,46.4],[-118.203,46.408],[-118.178,46.4],[-118.16,46.412],[-118.14,46.4],[-118.128,46.408],[-118.111,46.387],[-118.09,46.391],[-118.082,46.375],[-118.057,46.391],[-118.003,46.379],[-117.898,46.404],[-117.865,46.395],[-117.836,46.362],[-117.788,46.375],[-117.773,46.375],[-117.761,46.358],[-117.727,46.362],[-117.685,46.302],[-117.684,46.289],[-117.702,46.266],[-117.748,46.258],[-117.78,46.235],[-117.759,46.176],[-117.783,46.103],[-117.807,46.095],[-117.82,46.104],[-117.827,46.062],[-117.867,46.071],[-117.872,46.085],[-117.914,46.067],[-117.908,46.02],[-117.916,46.011],[-117.907,46.001],[-117.957,45.975],[-117.952,45.961],[-117.96,45.952],[-117.938,45.918],[-117.943,45.87],[-117.973,45.865],[-117.972,45.846],[-118.006,45.822],[-118.032,45.821],[-118.045,45.782],[-118.106,45.791],[-118.101,45.758],[-118.093,45.767],[-118.067,45.768],[-118.062,45.754],[-118.027,45.745],[-118.012,45.714],[-118.028,45.7],[-118.056,45.703],[-118.076,45.685],[-118.096,45.681],[-118.109,45.657],[-118.131,45.646],[-118.132,45.616],[-118.141,45.611],[-118.119,45.563],[-118.129,45.546],[-118.107,45.495],[-118.164,45.492],[-118.165,45.481],[-118.198,45.468],[-118.194,45.458],[-118.222,45.431],[-118.304,45.425],[-118.319,45.455],[-118.344,45.436],[-118.369,45.447],[-118.394,45.443],[-118.395,45.431],[-118.421,45.431],[-118.409,45.396],[-118.423,45.39],[-118.423,45.375],[-118.449,45.374],[-118.458,45.354],[-118.488,45.349],[-118.491,45.341],[-118.513,45.345],[-118.525,45.365],[-118.546,45.365],[-118.55,45.376],[-118.574,45.386],[-118.599,45.382],[-118.593,45.364],[-118.602,45.344],[-118.627,45.34],[-118.654,45.313],[-118.66,45.331],[-118.67,45.329],[-118.693,45.318],[-118.69,45.311],[-118.721,45.309],[-118.732,45.296],[-118.734,45.27],[-118.692,45.24],[-118.691,45.222],[-118.633,45.221],[-118.622,45.234],[-118.617,45.22],[-118.588,45.228],[-118.598,45.212],[-118.59,45.202],[-118.534,45.193],[-118.532,45.156],[-118.563,45.155],[-118.586,45.144],[-118.583,45.137],[-118.612,45.128],[-118.598,45.105],[-118.563,45.092],[-118.566,45.055],[-118.53,45.042],[-118.516,45.0],[-118.468,44.997],[-118.458,44.984],[-118.443,44.987],[-118.436,44.966],[-118.403,44.975],[-118.39,44.97],[-118.389,44.981],[-118.362,44.993],[-118.329,44.973],[-118.309,44.976],[-118.292,44.957],[-118.273,44.964],[-118.246,44.957],[-118.246,44.947],[-118.23,44.939],[-118.238,44.898],[-118.227,44.872],[-118.229,44.864],[-118.254,44.86],[-118.292,44.865],[-118.293,44.853],[-118.315,44.839],[-118.295,44.812],[-118.303,44.804],[-118.285,44.751],[-118.377,44.747],[-118.402,44.725],[-118.443,44.724],[-118.474,44.708],[-118.481,44.714],[-118.52,44.707],[-118.501,44.666],[-118.453,44.649],[-118.418,44.651],[-118.38,44.632],[-118.352,44.636],[-118.337,44.613],[-118.318,44.603],[-118.327,44.596],[-118.325,44.577],[-118.373,44.533],[-118.377,44.514],[-118.363,44.473],[-118.367,44.464],[-118.424,44.454],[-118.421,44.431],[-118.434,44.402],[-118.413,44.375],[-118.456,44.349],[-118.478,44.323],[-118.481,44.301],[-118.498,44.29],[-118.506,44.252],[-118.514,44.247],[-118.558,44.239],[-118.589,44.286],[-118.622,44.291],[-118.626,44.301],[-118.65,44.297],[-118.652,44.286],[-118.702,44.281],[-118.693,44.256],[-118.703,44.24],[-118.682,44.207],[-118.69,44.187],[-118.727,44.173],[-118.725,44.151],[-118.708,44.132],[-118.731,44.124],[-118.77,44.132],[-118.767,44.125],[-118.786,44.118],[-118.773,44.095],[-118.786,44.089],[-118.787,44.078],[-118.807,44.074],[-118.8,44.038],[-118.82,44.038],[-118.825,44.023],[-118.852,44.011],[-118.843,43.983],[-118.852,43.966],[-118.826,43.919],[-118.853,43.907],[-118.84,43.884],[-118.845,43.868],[-118.83,43.826],[-118.87,43.823],[-118.867,43.812],[-118.881,43.81],[-118.872,43.782],[-118.88,43.777],[-118.877,43.766],[-118.896,43.763],[-118.932,43.779],[-118.937,43.793],[-118.959,43.796],[-118.957,43.808],[-118.972,43.805],[-118.984,43.81],[-118.982,43.818],[-119.011,43.828],[-119.019,43.822],[-119.049,43.85],[-119.089,43.832],[-119.121,43.834],[-119.118,43.827],[-119.132,43.821],[-119.117,43.809],[-119.132,43.806],[-119.133,43.795],[-119.108,43.766],[-119.113,43.75],[-119.143,43.749],[-119.132,43.732],[-119.156,43.728],[-119.166,43.711],[-119.218,43.728],[-119.219,43.702],[-119.242,43.709],[-119.252,43.707],[-119.243,43.697],[-119.269,43.697],[-119.266,43.66],[-119.315,43.637],[-119.323,43.661],[-119.34,43.665],[-119.339,43.677],[-119.365,43.679],[-119.39,43.719],[-119.428,43.727],[-119.422,43.739],[-119.433,43.756],[-119.465,43.757],[-119.493,43.808],[-119.502,43.806],[-119.497,43.822],[-119.514,43.826],[-119.512,43.834],[-119.527,43.831],[-119.542,43.862],[-119.534,43.882],[-119.574,43.908],[-119.569,43.923],[-119.558,43.922],[-119.557,43.933],[-119.539,43.94],[-119.539,43.954],[-119.556,43.958],[-119.592,43.945],[-119.661,43.95],[-119.671,43.942],[-119.668,43.924],[-119.707,43.912],[-119.704,43.895],[-119.715,43.882],[-119.759,43.852],[-119.745,43.795],[-119.801,43.8],[-119.834,43.785],[-119.823,43.766],[-119.83,43.742],[-119.837,43.734],[-119.88,43.726],[-119.88,43.714],[-119.869,43.709],[-119.874,43.679],[-119.891,43.653],[-119.935,43.649],[-119.967,43.679],[-119.996,43.677],[-119.971,43.652],[-119.975,43.618],[-119.963,43.602],[-119.88,43.539],[-119.888,43.531],[-119.893,43.487],[-119.919,43.489],[-119.941,43.52],[-119.958,43.525],[-119.998,43.529],[-120.038,43.519],[-120.065,43.55],[-120.071,43.527],[-120.092,43.51],[-120.084,43.498],[-120.084,43.448],[-120.067,43.435],[-120.067,43.418],[-120.082,43.404],[-120.144,43.391],[-120.165,43.42],[-120.184,43.422],[-120.184,43.464],[-120.217,43.489],[-120.232,43.516],[-120.261,43.516],[-120.294,43.545],[-120.332,43.552],[-120.352,43.582],[-120.379,43.581],[-120.382,43.591],[-120.448,43.586],[-120.465,43.612],[-120.49,43.6],[-120.543,43.594],[-120.572,43.616],[-120.636,43.604],[-120.648,43.616],[-120.673,43.612],[-120.69,43.625],[-120.719,43.625],[-120.732,43.612],[-120.769,43.612],[-120.79,43.637],[-120.836,43.625],[-120.844,43.608],[-120.865,43.612],[-120.873,43.604],[-120.903,43.616],[-120.978,43.608],[-120.971,43.635],[-120.996,43.643],[-121.002,43.675],[-121.044,43.687],[-121.119,43.687],[-121.161,43.712],[-121.173,43.712],[-121.182,43.7],[-121.26,43.689],[-121.307,43.672],[-121.447,43.669],[-121.502,43.689],[-121.557,43.696],[-121.604,43.726],[-121.601,43.702],[-121.623,43.699],[-121.636,43.656],[-121.663,43.637],[-121.675,43.611],[-121.711,43.601],[-121.766,43.63],[-121.813,43.56],[-121.88,43.539],[-121.903,43.515],[-121.931,43.525],[-121.93,43.541],[-121.958,43.535],[-121.996,43.547],[-122.037,43.535],[-122.14,43.529],[-122.128,43.558],[-122.107,43.562],[-122.089,43.579],[-121.967,43.627],[-121.975,43.681],[-121.963,43.693],[-121.975,43.727],[-121.962,43.764],[-121.97,43.773],[-121.96,43.781],[-121.967,43.812],[-121.975,43.814],[-121.975,43.857],[-121.938,43.881],[-121.921,43.911],[-121.874,43.906],[-121.859,43.96],[-121.837,43.971],[-121.838,43.985],[-121.829,43.989],[-121.825,44.019]]],[[[-121.696,45.993],[-121.778,46.03],[-121.782,46.04],[-121.771,46.065],[-121.776,46.079],[-121.748,46.103],[-121.763,46.126],[-121.747,46.141],[-121.718,46.135],[-121.654,46.147],[-121.652,46.17],[-121.631,46.171],[-121.62,46.184],[-121.49,46.209],[-121.503,46.229],[-121.5,46.248],[-121.481,46.267],[-121.478,46.286],[-121.511,46.358],[-121.487,46.393],[-121.409,46.385],[-121.394,46.388],[-121.386,46.408],[-121.403,46.424],[-121.417,46.458],[-121.431,46.467],[-121.434,46.489],[-121.414,46.493],[-121.377,46.466],[-121.302,46.454],[-121.27,46.468],[-121.245,46.502],[-121.208,46.517],[-121.19,46.498],[-121.156,46.493],[-121.141,46.47],[-121.131,46.471],[-121.103,46.428],[-121.118,46.425],[-121.116,46.418],[-121.09,46.408],[-121.082,46.387],[-121.107,46.382],[-121.104,46.361],[-121.121,46.35],[-121.166,46.341],[-121.178,46.317],[-121.171,46.299],[-121.133,46.269],[-121.114,46.276],[-121.091,46.258],[-121.076,46.22],[-121.061,46.208],[-121.01,46.214],[-120.997,46.209],[-120.997,46.194],[-120.98,46.193],[-120.934,46.213],[-120.934,46.198],[-120.919,46.201],[-120.914,46.217],[-120.869,46.225],[-120.86,46.16],[-120.883,46.148],[-120.89,46.098],[-120.868,46.054],[-120.85,46.05],[-120.857,46.026],[-120.841,45.999],[-120.803,46.01],[-120.768,46.002],[-120.744,46.01],[-120.724,45.999],[-120.659,45.996],[-120.655,45.985],[-120.622,45.984],[-120.621,45.96],[-120.638,45.952],[-120.642,45.914],[-120.675,45.898],[-120.684,45.856],[-120.713,45.835],[-120.688,45.806],[-120.682,45.762],[-120.723,45.745],[-120.811,45.745],[-120.848,45.708],[-120.923,45.683],[-120.99,45.695],[-121.057,45.691],[-121.102,45.712],[-121.119,45.708],[-121.128,45.72],[-121.117,45.731],[-121.123,45.758],[-121.161,45.754],[-121.173,45.766],[-121.215,45.758],[-121.305,45.825],[-121.319,45.816],[-121.353,45.82],[-121.365,45.808],[-121.382,45.82],[-121.415,45.816],[-121.438,45.789],[-121.436,45.754],[-121.457,45.758],[-121.469,45.775],[-121.494,45.77],[-121.507,45.75],[-121.544,45.745],[-121.553,45.754],[-121.586,45.754],[-121.596,45.76],[-121.605,45.785],[-121.596,45.806],[-121.609,45.814],[-121.613,45.835],[-121.596,45.848],[-121.592,45.864],[-121.571,45.873],[-121.571,45.918],[-121.578,45.925],[-121.657,45.92],[-121.705,45.968],[-121.696,45.993]]]]}},{"id":"3","type":"Feature","properties":{"code":"MC_UTRIB","name":"Middle Columbia Upper Tributaries","region":"Middle Columbia Basin","area":11987.0},"geometry":{"type":"Polygon","coordinates":[[[-120.76,47.468],[-120.809,47.482],[-120.879,47.465],[-120.905,47.475],[-120.952,47.471],[-120.964,47.487],[-120.99,47.497],[-121.0,47.522],[-121.06,47.537],[-121.058,47.545],[-121.069,47.546],[-121.091,47.572],[-121.091,47.587],[-121.117,47.598],[-121.122,47.612],[-121.111,47.625],[-121.122,47.623],[-121.132,47.636],[-121.123,47.668],[-121.128,47.682],[-121.098,47.688],[-121.088,47.704],[-121.066,47.705],[-121.072,47.719],[-121.087,47.716],[-121.091,47.726],[-121.078,47.736],[-121.093,47.76],[-121.109,47.757],[-121.109,47.772],[-121.123,47.78],[-121.069,47.824],[-121.08,47.837],[-121.114,47.827],[-121.132,47.843],[-121.155,47.846],[-121.145,47.863],[-121.157,47.879],[-121.18,47.882],[-121.182,47.901],[-121.17,47.911],[-121.173,47.933],[-121.16,47.943],[-121.166,47.957],[-121.148,47.967],[-121.148,47.982],[-121.128,47.986],[-121.118,48.003],[-121.15,48.042],[-121.102,48.059],[-121.099,48.067],[-121.081,48.062],[-121.074,48.071],[-121.005,48.08],[-120.999,48.092],[-120.974,48.097],[-120.973,48.109],[-120.947,48.113],[-120.963,48.14],[-120.952,48.154],[-120.914,48.157],[-120.902,48.167],[-120.926,48.2],[-120.962,48.208],[-120.96,48.231],[-120.972,48.233],[-120.979,48.25],[-121.009,48.271],[-121.003,48.298],[-121.066,48.317],[-121.073,48.335],[-121.037,48.356],[-121.066,48.4],[-121.06,48.412],[-121.044,48.415],[-121.048,48.426],[-121.039,48.431],[-121.062,48.461],[-121.055,48.485],[-121.027,48.497],[-120.945,48.501],[-120.956,48.529],[-120.909,48.523],[-120.877,48.54],[-120.858,48.532],[-120.853,48.548],[-120.832,48.552],[-120.808,48.533],[-120.814,48.521],[-120.792,48.506],[-120.7,48.527],[-120.707,48.544],[-120.701,48.557],[-120.681,48.564],[-120.687,48.578],[-120.716,48.595],[-120.753,48.577],[-120.777,48.595],[-120.788,48.624],[-120.769,48.646],[-120.748,48.65],[-120.747,48.661],[-120.716,48.667],[-120.705,48.695],[-120.673,48.697],[-120.676,48.719],[-120.656,48.726],[-120.693,48.75],[-120.7,48.767],[-120.735,48.784],[-120.731,48.803],[-120.745,48.823],[-120.732,48.833],[-120.731,48.86],[-120.764,48.873],[-120.77,48.887],[-120.761,48.892],[-120.772,48.92],[-120.754,48.946],[-120.794,48.962],[-120.83,48.94],[-120.84,48.953],[-120.879,48.965],[-120.874,48.981],[-120.854,48.988],[-120.851,49.008],[-120.826,49.016],[-120.829,49.038],[-120.817,49.048],[-120.829,49.08],[-120.842,49.085],[-120.862,49.077],[-120.873,49.091],[-120.906,49.077],[-120.922,49.089],[-120.966,49.085],[-120.97,49.096],[-120.967,49.104],[-120.929,49.107],[-120.913,49.121],[-120.905,49.115],[-120.859,49.127],[-120.869,49.152],[-120.89,49.163],[-120.894,49.173],[-120.885,49.179],[-120.899,49.199],[-120.897,49.207],[-120.853,49.211],[-120.846,49.25],[-120.82,49.255],[-120.819,49.293],[-120.866,49.299],[-120.871,49.325],[-120.923,49.3],[-120.939,49.271],[-120.959,49.279],[-121.002,49.275],[-121.003,49.29],[-120.994,49.295],[-121.001,49.313],[-121.025,49.304],[-121.043,49.32],[-121.041,49.328],[-121.08,49.329],[-121.084,49.339],[-121.066,49.35],[-121.068,49.369],[-121.108,49.369],[-121.122,49.378],[-121.116,49.39],[-121.095,49.394],[-121.095,49.435],[-121.08,49.453],[-121.08,49.468],[-121.057,49.48],[-121.077,49.518],[-121.042,49.528],[-121.026,49.516],[-120.989,49.523],[-120.955,49.521],[-120.952,49.514],[-120.902,49.531],[-120.912,49.57],[-120.935,49.57],[-120.959,49.589],[-120.975,49.586],[-120.981,49.6],[-120.96,49.619],[-120.969,49.628],[-120.96,49.634],[-120.956,49.665],[-120.972,49.692],[-120.963,49.697],[-120.964,49.712],[-120.915,49.733],[-120.924,49.754],[-120.895,49.766],[-120.899,49.777],[-120.886,49.787],[-120.861,49.795],[-120.847,49.832],[-120.816,49.837],[-120.811,49.853],[-120.748,49.853],[-120.725,49.88],[-120.69,49.89],[-120.656,49.934],[-120.673,49.961],[-120.65,49.977],[-120.606,49.965],[-120.581,49.902],[-120.595,49.865],[-120.581,49.845],[-120.586,49.829],[-120.576,49.804],[-120.543,49.821],[-120.55,49.839],[-120.541,49.845],[-120.539,49.868],[-120.49,49.872],[-120.489,49.884],[-120.466,49.884],[-120.46,49.897],[-120.407,49.906],[-120.366,49.902],[-120.325,49.913],[-120.322,49.906],[-120.299,49.906],[-120.283,49.863],[-120.261,49.852],[-120.245,49.855],[-120.241,49.844],[-120.193,49.864],[-120.147,49.864],[-120.135,49.848],[-120.117,49.858],[-120.111,49.844],[-120.057,49.85],[-120.057,49.865],[-120.035,49.88],[-120.039,49.891],[-120.016,49.906],[-120.002,49.942],[-119.928,49.94],[-119.923,49.956],[-119.87,49.98],[-119.865,49.996],[-119.849,49.999],[-119.838,49.986],[-119.823,49.992],[-119.822,50.003],[-119.773,50.008],[-119.805,50.033],[-119.759,50.044],[-119.765,50.062],[-119.752,50.072],[-119.764,50.074],[-119.766,50.092],[-119.758,50.101],[-119.739,50.097],[-119.739,50.112],[-119.746,50.13],[-119.78,50.116],[-119.791,50.13],[-119.786,50.146],[-119.81,50.179],[-119.797,50.204],[-119.741,50.206],[-119.757,50.234],[-119.751,50.261],[-119.731,50.268],[-119.695,50.263],[-119.698,50.285],[-119.674,50.297],[-119.711,50.321],[-119.675,50.331],[-119.665,50.363],[-119.635,50.375],[-119.643,50.412],[-119.672,50.411],[-119.676,50.436],[-119.644,50.442],[-119.648,50.453],[-119.591,50.454],[-119.579,50.468],[-119.567,50.466],[-119.566,50.447],[-119.55,50.435],[-119.453,50.421],[-119.448,50.407],[-119.398,50.411],[-119.381,50.425],[-119.354,50.415],[-119.318,50.425],[-119.315,50.433],[-119.293,50.433],[-119.295,50.44],[-119.258,50.476],[-119.299,50.541],[-119.29,50.546],[-119.295,50.561],[-119.285,50.578],[-119.301,50.605],[-119.29,50.622],[-119.295,50.636],[-119.279,50.639],[-119.263,50.611],[-119.228,50.61],[-119.215,50.589],[-119.185,50.586],[-119.187,50.56],[-119.172,50.536],[-119.121,50.537],[-119.117,50.511],[-119.051,50.518],[-119.05,50.529],[-119.032,50.528],[-119.027,50.514],[-119.039,50.501],[-119.035,50.475],[-119.065,50.448],[-119.058,50.415],[-119.077,50.389],[-119.055,50.343],[-119.015,50.327],[-119.011,50.302],[-119.052,50.291],[-119.039,50.255],[-119.048,50.25],[-119.044,50.239],[-119.08,50.215],[-119.057,50.181],[-119.07,50.171],[-119.067,50.164],[-119.145,50.144],[-119.143,50.125],[-119.13,50.12],[-119.174,50.086],[-119.161,50.051],[-119.173,50.037],[-119.122,50.038],[-119.084,50.056],[-119.081,50.049],[-119.02,50.051],[-119.01,50.041],[-118.948,50.056],[-118.879,50.052],[-118.86,50.032],[-118.827,50.034],[-118.81,50.018],[-118.806,50.007],[-118.819,49.997],[-118.795,49.979],[-118.795,49.964],[-118.823,49.948],[-118.855,49.958],[-118.866,49.941],[-118.906,49.927],[-118.899,49.909],[-118.907,49.9],[-118.953,49.915],[-118.991,49.852],[-119.026,49.854],[-119.03,49.835],[-119.049,49.824],[-119.061,49.796],[-119.112,49.799],[-119.114,49.817],[-119.14,49.828],[-119.144,49.793],[-119.179,49.75],[-119.261,49.744],[-119.266,49.728],[-119.298,49.722],[-119.299,49.711],[-119.368,49.684],[-119.375,49.657],[-119.367,49.636],[-119.352,49.627],[-119.361,49.621],[-119.344,49.606],[-119.351,49.593],[-119.335,49.551],[-119.304,49.529],[-119.298,49.497],[-119.304,49.469],[-119.322,49.47],[-119.326,49.481],[-119.341,49.478],[-119.348,49.466],[-119.377,49.453],[-119.36,49.422],[-119.36,49.392],[-119.328,49.397],[-119.312,49.385],[-119.286,49.39],[-119.249,49.381],[-119.244,49.367],[-119.254,49.365],[-119.253,49.346],[-119.212,49.342],[-119.204,49.321],[-119.182,49.321],[-119.177,49.306],[-119.212,49.282],[-119.206,49.264],[-119.222,49.231],[-119.182,49.215],[-119.183,49.204],[-119.216,49.202],[-119.226,49.182],[-119.237,49.183],[-119.239,49.172],[-119.258,49.165],[-119.261,49.142],[-119.283,49.142],[-119.273,49.099],[-119.296,49.087],[-119.291,49.073],[-119.269,49.058],[-119.232,49.064],[-119.207,49.057],[-119.194,49.007],[-119.214,49.0],[-119.21,48.989],[-119.222,48.976],[-119.217,48.962],[-119.183,48.96],[-119.181,48.941],[-119.147,48.91],[-119.143,48.869],[-119.163,48.862],[-119.148,48.841],[-119.13,48.835],[-119.139,48.813],[-119.134,48.797],[-119.123,48.787],[-119.103,48.787],[-119.073,48.82],[-119.047,48.821],[-119.032,48.837],[-119.005,48.798],[-119.037,48.789],[-119.034,48.752],[-119.003,48.733],[-118.99,48.708],[-118.976,48.702],[-119.053,48.662],[-119.107,48.666],[-119.125,48.643],[-119.121,48.622],[-119.15,48.593],[-119.165,48.562],[-119.227,48.566],[-119.242,48.558],[-119.23,48.531],[-119.209,48.518],[-119.242,48.447],[-119.215,48.441],[-119.198,48.45],[-119.18,48.435],[-119.169,48.408],[-119.15,48.402],[-119.148,48.387],[-119.098,48.37],[-119.067,48.37],[-119.055,48.356],[-119.075,48.331],[-119.071,48.318],[-119.092,48.268],[-119.123,48.266],[-119.132,48.279],[-119.153,48.279],[-119.163,48.218],[-119.178,48.208],[-119.203,48.208],[-119.205,48.193],[-119.223,48.179],[-119.257,48.175],[-119.311,48.216],[-119.39,48.208],[-119.427,48.225],[-119.442,48.243],[-119.438,48.26],[-119.486,48.3],[-119.494,48.279],[-119.502,48.283],[-119.519,48.27],[-119.561,48.279],[-119.569,48.27],[-119.594,48.27],[-119.632,48.283],[-119.678,48.258],[-119.705,48.285],[-119.696,48.314],[-119.721,48.339],[-119.713,48.348],[-119.717,48.368],[-119.688,48.389],[-119.709,48.414],[-119.7,48.431],[-119.734,48.443],[-119.73,48.472],[-119.74,48.487],[-119.79,48.495],[-119.823,48.437],[-119.863,48.431],[-119.888,48.415],[-119.881,48.383],[-119.913,48.355],[-119.893,48.313],[-119.913,48.293],[-119.905,48.285],[-119.932,48.254],[-120.0,48.248],[-119.986,48.229],[-119.935,48.219],[-119.904,48.165],[-119.913,48.145],[-119.952,48.133],[-119.958,48.118],[-119.988,48.098],[-119.978,48.085],[-119.996,48.046],[-119.981,48.02],[-120.009,48.008],[-120.08,48.007],[-120.067,47.972],[-120.03,47.948],[-120.021,47.902],[-119.994,47.891],[-119.975,47.864],[-120.011,47.841],[-120.04,47.804],[-120.148,47.833],[-120.173,47.829],[-120.186,47.841],[-120.265,47.841],[-120.315,47.862],[-120.344,47.858],[-120.356,47.838],[-120.441,47.804],[-120.481,47.834],[-120.486,47.848],[-120.471,47.86],[-120.502,47.883],[-120.577,47.899],[-120.606,47.928],[-120.632,47.927],[-120.644,47.941],[-120.657,47.941],[-120.659,47.927],[-120.629,47.905],[-120.609,47.839],[-120.539,47.801],[-120.535,47.79],[-120.546,47.781],[-120.531,47.765],[-120.521,47.727],[-120.446,47.645],[-120.483,47.627],[-120.552,47.641],[-120.591,47.623],[-120.602,47.595],[-120.615,47.587],[-120.612,47.578],[-120.646,47.56],[-120.673,47.525],[-120.703,47.52],[-120.722,47.483],[-120.76,47.468]]]}},{"id":"4","type":"Feature","properties":{"code":"MC_YAK","name":"Yakima River Basin abv Kiona","region":"Middle Columbia Basin","area":5617.0},"geometry":{"type":"Polygon","coordinates":[[[-120.506,45.987],[-120.603,45.991],[-120.637,45.981],[-120.64,45.988],[-120.655,45.985],[-120.659,45.996],[-120.724,45.999],[-120.744,46.01],[-120.768,46.002],[-120.803,46.01],[-120.841,45.999],[-120.857,46.026],[-120.85,46.05],[-120.868,46.054],[-120.89,46.098],[-120.883,46.148],[-120.86,46.16],[-120.869,46.225],[-120.914,46.217],[-120.919,46.201],[-120.934,46.198],[-120.934,46.213],[-120.98,46.193],[-120.997,46.194],[-120.997,46.209],[-121.01,46.214],[-121.061,46.208],[-121.076,46.22],[-121.091,46.258],[-121.114,46.276],[-121.133,46.269],[-121.171,46.299],[-121.178,46.317],[-121.166,46.341],[-121.121,46.35],[-121.104,46.361],[-121.107,46.382],[-121.082,46.387],[-121.09,46.408],[-121.116,46.418],[-121.118,46.425],[-121.103,46.428],[-121.11,46.445],[-121.12,46.444],[-121.131,46.471],[-121.141,46.47],[-121.156,46.493],[-121.19,46.498],[-121.213,46.516],[-121.245,46.502],[-121.27,46.468],[-121.302,46.454],[-121.377,46.466],[-121.408,46.49],[-121.451,46.504],[-121.458,46.522],[-121.418,46.544],[-121.424,46.573],[-121.398,46.589],[-121.406,46.61],[-121.385,46.625],[-121.408,46.655],[-121.418,46.653],[-121.416,46.676],[-121.389,46.688],[-121.384,46.704],[-121.36,46.712],[-121.393,46.74],[-121.429,46.737],[-121.443,46.772],[-121.457,46.78],[-121.448,46.797],[-121.472,46.83],[-121.483,46.831],[-121.496,46.863],[-121.52,46.869],[-121.524,46.88],[-121.499,46.911],[-121.46,46.922],[-121.449,46.935],[-121.457,46.956],[-121.449,46.977],[-121.407,46.996],[-121.403,47.026],[-121.373,47.059],[-121.379,47.087],[-121.402,47.091],[-121.398,47.11],[-121.406,47.121],[-121.365,47.142],[-121.325,47.131],[-121.305,47.135],[-121.298,47.149],[-121.318,47.174],[-121.306,47.188],[-121.312,47.208],[-121.365,47.225],[-121.36,47.241],[-121.332,47.257],[-121.341,47.282],[-121.362,47.292],[-121.429,47.291],[-121.433,47.305],[-121.446,47.311],[-121.437,47.316],[-121.435,47.339],[-121.465,47.36],[-121.439,47.376],[-121.436,47.395],[-121.423,47.405],[-121.428,47.416],[-121.386,47.435],[-121.386,47.45],[-121.37,47.464],[-121.306,47.48],[-121.284,47.522],[-121.262,47.522],[-121.241,47.537],[-121.226,47.57],[-121.176,47.568],[-121.169,47.592],[-121.112,47.599],[-121.101,47.586],[-121.091,47.587],[-121.091,47.572],[-121.069,47.546],[-121.058,47.545],[-121.06,47.537],[-121.0,47.522],[-120.99,47.497],[-120.956,47.481],[-120.948,47.462],[-120.931,47.459],[-120.912,47.426],[-120.887,47.43],[-120.875,47.417],[-120.856,47.421],[-120.844,47.412],[-120.826,47.426],[-120.796,47.421],[-120.783,47.401],[-120.749,47.392],[-120.738,47.397],[-120.722,47.37],[-120.693,47.365],[-120.669,47.346],[-120.579,47.337],[-120.571,47.31],[-120.559,47.307],[-120.506,47.316],[-120.435,47.288],[-120.424,47.275],[-120.398,47.276],[-120.365,47.237],[-120.325,47.229],[-120.323,47.216],[-120.292,47.213],[-120.282,47.2],[-120.279,47.163],[-120.263,47.137],[-120.237,47.125],[-120.225,47.094],[-120.223,47.072],[-120.238,47.06],[-120.218,47.032],[-120.225,47.023],[-120.197,47.006],[-120.205,46.996],[-120.193,46.965],[-120.205,46.943],[-120.198,46.935],[-120.241,46.891],[-120.229,46.888],[-120.22,46.867],[-120.187,46.862],[-120.2,46.848],[-120.205,46.814],[-120.162,46.795],[-120.158,46.785],[-120.167,46.776],[-120.16,46.762],[-120.166,46.735],[-120.2,46.698],[-120.166,46.672],[-120.107,46.664],[-120.067,46.645],[-120.066,46.596],[-120.084,46.589],[-120.105,46.559],[-120.072,46.498],[-120.054,46.479],[-120.023,46.47],[-120.008,46.484],[-119.977,46.489],[-119.968,46.48],[-119.943,46.484],[-119.899,46.458],[-119.799,46.443],[-119.794,46.433],[-119.768,46.43],[-119.732,46.408],[-119.642,46.422],[-119.525,46.35],[-119.516,46.296],[-119.479,46.254],[-119.503,46.231],[-119.536,46.25],[-119.59,46.241],[-119.603,46.228],[-119.699,46.207],[-119.712,46.19],[-119.748,46.187],[-119.822,46.156],[-119.889,46.147],[-119.895,46.154],[-119.997,46.124],[-120.061,46.12],[-120.07,46.089],[-120.101,46.072],[-120.189,46.052],[-120.302,46.05],[-120.39,46.033],[-120.454,46.019],[-120.461,45.995],[-120.506,45.987]]]}},{"id":"5","type":"Feature","properties":{"code":"LS_CLEAR","name":"Clearwater River Basin","region":"Snake River","area":9306.0},"geometry":{"type":"Polygon","coordinates":[[[-116.788,46.156],[-116.842,46.177],[-116.867,46.238],[-116.867,46.264],[-116.88,46.281],[-116.867,46.298],[-116.875,46.327],[-116.842,46.364],[-116.858,46.394],[-116.85,46.427],[-116.83,46.439],[-116.834,46.456],[-116.821,46.473],[-116.857,46.483],[-116.88,46.51],[-116.886,46.53],[-116.873,46.54],[-116.877,46.55],[-116.862,46.571],[-116.864,46.593],[-116.923,46.61],[-116.948,46.606],[-116.964,46.622],[-116.954,46.623],[-116.959,46.641],[-116.97,46.64],[-116.987,46.659],[-116.973,46.683],[-116.938,46.689],[-116.913,46.711],[-116.909,46.734],[-116.898,46.732],[-116.872,46.751],[-116.876,46.78],[-116.864,46.793],[-116.868,46.803],[-116.819,46.818],[-116.745,46.822],[-116.748,46.829],[-116.705,46.847],[-116.711,46.865],[-116.693,46.875],[-116.675,46.87],[-116.66,46.891],[-116.641,46.897],[-116.643,46.904],[-116.617,46.89],[-116.58,46.892],[-116.563,46.906],[-116.547,46.889],[-116.527,46.893],[-116.526,46.922],[-116.51,46.94],[-116.455,46.97],[-116.418,46.972],[-116.376,46.956],[-116.356,46.963],[-116.334,46.907],[-116.285,46.922],[-116.283,46.915],[-116.258,46.922],[-116.18,46.911],[-116.182,46.918],[-116.158,46.926],[-116.144,46.95],[-116.122,46.95],[-116.12,46.961],[-116.11,46.962],[-116.118,46.987],[-116.087,46.992],[-116.082,47.011],[-116.04,47.028],[-116.03,47.015],[-116.003,47.015],[-115.965,47.047],[-115.95,47.049],[-115.95,47.067],[-115.96,47.066],[-115.974,47.093],[-115.968,47.109],[-115.906,47.115],[-115.885,47.099],[-115.806,47.122],[-115.767,47.116],[-115.722,47.127],[-115.66,47.099],[-115.629,47.103],[-115.578,47.077],[-115.563,47.079],[-115.546,47.097],[-115.534,47.091],[-115.516,47.101],[-115.488,47.079],[-115.478,47.029],[-115.455,47.025],[-115.451,47.011],[-115.465,47.005],[-115.466,46.99],[-115.432,46.984],[-115.427,46.966],[-115.435,46.957],[-115.377,46.944],[-115.362,46.946],[-115.361,46.961],[-115.341,46.964],[-115.292,46.945],[-115.272,46.948],[-115.265,46.96],[-115.203,46.968],[-115.18,46.997],[-115.115,46.996],[-115.099,47.013],[-115.073,47.016],[-115.049,46.972],[-115.001,46.971],[-114.98,46.937],[-114.965,46.939],[-114.931,46.914],[-114.936,46.895],[-114.927,46.882],[-114.948,46.864],[-114.924,46.853],[-114.91,46.807],[-114.864,46.813],[-114.86,46.799],[-114.85,46.8],[-114.841,46.787],[-114.844,46.779],[-114.807,46.781],[-114.771,46.767],[-114.765,46.746],[-114.785,46.725],[-114.779,46.703],[-114.769,46.705],[-114.766,46.694],[-114.747,46.701],[-114.744,46.712],[-114.709,46.717],[-114.703,46.732],[-114.657,46.739],[-114.628,46.713],[-114.623,46.696],[-114.644,46.678],[-114.638,46.657],[-114.553,46.617],[-114.511,46.619],[-114.505,46.634],[-114.462,46.633],[-114.432,46.659],[-114.409,46.655],[-114.392,46.668],[-114.339,46.668],[-114.326,46.659],[-114.319,46.634],[-114.327,46.626],[-114.323,46.611],[-114.344,46.59],[-114.327,46.57],[-114.349,46.553],[-114.343,46.513],[-114.403,46.501],[-114.402,46.479],[-114.382,46.464],[-114.381,46.442],[-114.371,46.443],[-114.368,46.432],[-114.383,46.43],[-114.383,46.412],[-114.424,46.388],[-114.41,46.357],[-114.417,46.326],[-114.437,46.302],[-114.426,46.281],[-114.462,46.28],[-114.47,46.271],[-114.468,46.246],[-114.445,46.238],[-114.443,46.176],[-114.47,46.157],[-114.483,46.167],[-114.503,46.164],[-114.526,46.15],[-114.518,46.122],[-114.474,46.116],[-114.456,46.09],[-114.458,46.078],[-114.472,46.073],[-114.464,46.063],[-114.498,46.051],[-114.473,46.018],[-114.489,46.001],[-114.481,45.991],[-114.455,45.994],[-114.408,45.975],[-114.398,45.958],[-114.43,45.942],[-114.409,45.905],[-114.383,45.887],[-114.411,45.853],[-114.44,45.864],[-114.462,45.85],[-114.514,45.847],[-114.518,45.824],[-114.547,45.798],[-114.544,45.787],[-114.563,45.781],[-114.564,45.766],[-114.546,45.758],[-114.546,45.739],[-114.53,45.738],[-114.532,45.708],[-114.496,45.71],[-114.506,45.69],[-114.499,45.665],[-114.516,45.652],[-114.532,45.653],[-114.54,45.641],[-114.565,45.638],[-114.539,45.601],[-114.561,45.587],[-114.556,45.569],[-114.563,45.557],[-114.578,45.555],[-114.588,45.535],[-114.622,45.527],[-114.663,45.47],[-114.691,45.473],[-114.691,45.492],[-114.726,45.487],[-114.77,45.513],[-114.79,45.511],[-114.796,45.495],[-114.818,45.499],[-114.818,45.518],[-114.829,45.52],[-114.833,45.534],[-114.815,45.544],[-114.809,45.559],[-114.818,45.573],[-114.81,45.581],[-114.822,45.605],[-114.838,45.607],[-114.838,45.625],[-114.876,45.631],[-114.896,45.624],[-114.936,45.655],[-114.944,45.684],[-114.989,45.677],[-114.991,45.703],[-114.96,45.722],[-114.965,45.739],[-114.95,45.76],[-114.93,45.763],[-114.928,45.774],[-114.954,45.792],[-114.995,45.787],[-115.016,45.806],[-115.035,45.799],[-115.038,45.773],[-115.074,45.772],[-115.074,45.753],[-115.089,45.733],[-115.138,45.722],[-115.158,45.682],[-115.184,45.697],[-115.187,45.689],[-115.213,45.689],[-115.225,45.695],[-115.225,45.713],[-115.235,45.712],[-115.257,45.698],[-115.261,45.675],[-115.312,45.653],[-115.358,45.65],[-115.381,45.621],[-115.406,45.617],[-115.423,45.604],[-115.436,45.613],[-115.485,45.617],[-115.488,45.627],[-115.474,45.633],[-115.477,45.644],[-115.494,45.648],[-115.492,45.66],[-115.526,45.651],[-115.533,45.639],[-115.589,45.616],[-115.645,45.663],[-115.665,45.66],[-115.667,45.649],[-115.683,45.65],[-115.673,45.633],[-115.693,45.63],[-115.699,45.615],[-115.758,45.621],[-115.839,45.594],[-115.853,45.603],[-115.892,45.593],[-115.9,45.603],[-115.926,45.603],[-115.93,45.617],[-115.96,45.627],[-115.966,45.649],[-116.02,45.637],[-116.023,45.647],[-116.062,45.653],[-116.04,45.704],[-116.003,45.735],[-116.012,45.782],[-116.026,45.794],[-116.051,45.79],[-116.064,45.8],[-116.076,45.853],[-116.125,45.86],[-116.126,45.879],[-116.146,45.894],[-116.158,45.933],[-116.174,45.949],[-116.231,45.948],[-116.247,45.964],[-116.301,45.97],[-116.3,46.0],[-116.344,46.004],[-116.348,46.018],[-116.373,46.029],[-116.387,46.024],[-116.455,46.057],[-116.465,46.071],[-116.484,46.064],[-116.489,46.049],[-116.541,46.044],[-116.55,46.072],[-116.582,46.108],[-116.592,46.107],[-116.597,46.121],[-116.614,46.125],[-116.611,46.133],[-116.665,46.103],[-116.681,46.137],[-116.713,46.154],[-116.768,46.127],[-116.794,46.127],[-116.804,46.14],[-116.788,46.156]]]}},{"id":"6","type":"Feature","properties":{"code":"LS_GRONDE","name":"Grande Ronde River Basin","region":"Snake River","area":3951.0},"geometry":{"type":"Polygon","coordinates":[[[-118.245,44.958],[-118.273,44.964],[-118.292,44.957],[-118.309,44.976],[-118.329,44.973],[-118.362,44.993],[-118.389,44.981],[-118.39,44.97],[-118.403,44.975],[-118.436,44.966],[-118.443,44.987],[-118.458,44.984],[-118.468,44.997],[-118.516,45.0],[-118.53,45.042],[-118.566,45.055],[-118.563,45.092],[-118.598,45.105],[-118.612,45.128],[-118.583,45.137],[-118.586,45.144],[-118.563,45.155],[-118.532,45.156],[-118.534,45.193],[-118.59,45.202],[-118.598,45.212],[-118.588,45.228],[-118.617,45.22],[-118.622,45.234],[-118.633,45.221],[-118.691,45.222],[-118.692,45.24],[-118.734,45.27],[-118.732,45.296],[-118.721,45.309],[-118.69,45.311],[-118.693,45.318],[-118.67,45.329],[-118.66,45.331],[-118.654,45.313],[-118.627,45.34],[-118.602,45.344],[-118.593,45.364],[-118.599,45.382],[-118.574,45.386],[-118.55,45.376],[-118.546,45.365],[-118.525,45.365],[-118.513,45.345],[-118.491,45.341],[-118.488,45.349],[-118.458,45.354],[-118.449,45.374],[-118.423,45.375],[-118.423,45.39],[-118.409,45.396],[-118.421,45.431],[-118.395,45.431],[-118.394,45.443],[-118.369,45.447],[-118.344,45.436],[-118.319,45.455],[-118.304,45.425],[-118.222,45.431],[-118.194,45.458],[-118.198,45.468],[-118.165,45.481],[-118.164,45.492],[-118.107,45.495],[-118.129,45.546],[-118.119,45.563],[-118.141,45.611],[-118.132,45.616],[-118.131,45.646],[-118.109,45.657],[-118.096,45.681],[-118.076,45.685],[-118.056,45.703],[-118.028,45.7],[-118.012,45.714],[-118.027,45.745],[-118.062,45.754],[-118.067,45.768],[-118.093,45.767],[-118.101,45.758],[-118.106,45.791],[-118.045,45.782],[-118.032,45.821],[-118.006,45.822],[-117.972,45.846],[-117.973,45.865],[-117.943,45.87],[-117.938,45.918],[-117.96,45.952],[-117.952,45.961],[-117.957,45.975],[-117.907,46.001],[-117.916,46.011],[-117.908,46.02],[-117.914,46.067],[-117.872,46.085],[-117.867,46.071],[-117.827,46.062],[-117.82,46.104],[-117.807,46.095],[-117.77,46.112],[-117.709,46.122],[-117.682,46.116],[-117.674,46.143],[-117.637,46.16],[-117.608,46.153],[-117.608,46.142],[-117.578,46.121],[-117.461,46.125],[-117.446,46.095],[-117.464,46.069],[-117.475,46.071],[-117.497,46.057],[-117.502,46.041],[-117.526,46.033],[-117.517,45.991],[-117.508,45.977],[-117.456,45.963],[-117.429,45.931],[-117.392,45.929],[-117.389,45.922],[-117.362,45.934],[-117.341,45.904],[-117.318,45.897],[-117.314,45.886],[-117.273,45.889],[-117.268,45.875],[-117.276,45.867],[-117.265,45.85],[-117.277,45.837],[-117.263,45.81],[-117.278,45.792],[-117.269,45.779],[-117.282,45.755],[-117.272,45.723],[-117.284,45.681],[-117.273,45.664],[-117.282,45.64],[-117.258,45.633],[-117.243,45.554],[-117.206,45.553],[-117.202,45.572],[-117.158,45.568],[-117.155,45.542],[-117.144,45.54],[-117.14,45.526],[-117.14,45.512],[-117.161,45.494],[-117.162,45.449],[-117.126,45.451],[-117.104,45.432],[-117.082,45.429],[-117.086,45.457],[-117.069,45.486],[-117.076,45.507],[-117.062,45.513],[-117.06,45.524],[-117.068,45.53],[-117.023,45.538],[-117.009,45.577],[-116.982,45.592],[-116.988,45.628],[-116.963,45.632],[-116.958,45.647],[-116.943,45.65],[-116.94,45.672],[-116.915,45.676],[-116.907,45.637],[-116.897,45.639],[-116.897,45.62],[-116.866,45.573],[-116.829,45.557],[-116.787,45.571],[-116.789,45.563],[-116.771,45.555],[-116.748,45.466],[-116.736,45.461],[-116.732,45.447],[-116.743,45.434],[-116.735,45.424],[-116.744,45.419],[-116.727,45.4],[-116.743,45.382],[-116.721,45.331],[-116.73,45.325],[-116.736,45.295],[-116.751,45.293],[-116.748,45.282],[-116.762,45.276],[-116.755,45.255],[-116.767,45.235],[-116.761,45.225],[-116.767,45.194],[-116.833,45.156],[-116.832,45.136],[-116.849,45.124],[-116.857,45.099],[-116.867,45.098],[-116.886,45.116],[-116.913,45.094],[-116.99,45.1],[-117.082,45.067],[-117.144,45.083],[-117.202,45.07],[-117.221,45.075],[-117.267,45.045],[-117.291,45.071],[-117.275,45.097],[-117.285,45.116],[-117.284,45.143],[-117.315,45.17],[-117.33,45.164],[-117.339,45.137],[-117.375,45.127],[-117.383,45.111],[-117.423,45.108],[-117.446,45.129],[-117.479,45.129],[-117.515,45.086],[-117.539,45.078],[-117.579,45.072],[-117.586,45.078],[-117.613,45.066],[-117.625,45.072],[-117.632,45.091],[-117.678,45.1],[-117.696,45.089],[-117.694,45.075],[-117.709,45.073],[-117.752,45.091],[-117.75,45.114],[-117.763,45.125],[-117.841,45.106],[-117.859,45.114],[-117.893,45.138],[-117.896,45.16],[-117.911,45.175],[-117.927,45.187],[-117.955,45.187],[-117.994,45.183],[-118.015,45.144],[-118.036,45.129],[-118.051,45.127],[-118.101,45.15],[-118.141,45.152],[-118.155,45.139],[-118.145,45.111],[-118.173,45.091],[-118.184,45.071],[-118.216,45.07],[-118.237,45.04],[-118.236,44.992],[-118.245,44.958]]]}},{"id":"7","type":"Feature","properties":{"code":"US_HENRY","name":"Henrys Fork River Basin","region":"Snake River","area":3030.0},"geometry":{"type":"Polygon","coordinates":[[[-111.757,43.774],[-111.805,43.764],[-111.853,43.791],[-111.877,43.792],[-111.907,43.832],[-111.895,43.845],[-111.9,43.866],[-111.845,43.912],[-111.754,43.938],[-111.728,43.956],[-111.675,43.969],[-111.673,43.98],[-111.678,44.023],[-111.718,44.066],[-111.718,44.088],[-111.731,44.097],[-111.737,44.147],[-111.748,44.15],[-111.771,44.183],[-111.786,44.181],[-111.799,44.194],[-111.797,44.249],[-111.807,44.292],[-111.784,44.302],[-111.773,44.321],[-111.733,44.326],[-111.723,44.349],[-111.751,44.378],[-111.757,44.407],[-111.755,44.44],[-111.746,44.445],[-111.806,44.485],[-111.808,44.514],[-111.752,44.538],[-111.723,44.542],[-111.696,44.56],[-111.611,44.548],[-111.585,44.566],[-111.547,44.555],[-111.526,44.532],[-111.471,44.539],[-111.47,44.554],[-111.502,44.561],[-111.523,44.584],[-111.524,44.635],[-111.491,44.646],[-111.474,44.662],[-111.485,44.708],[-111.427,44.722],[-111.419,44.712],[-111.404,44.714],[-111.387,44.752],[-111.371,44.751],[-111.35,44.724],[-111.337,44.733],[-111.32,44.727],[-111.323,44.716],[-111.299,44.704],[-111.27,44.664],[-111.278,44.656],[-111.261,44.647],[-111.26,44.622],[-111.229,44.596],[-111.229,44.574],[-111.177,44.569],[-111.157,44.55],[-111.156,44.524],[-111.13,44.498],[-110.996,44.47],[-110.998,44.455],[-110.969,44.44],[-110.964,44.419],[-110.944,44.399],[-110.925,44.405],[-110.906,44.364],[-110.88,44.338],[-110.834,44.339],[-110.831,44.325],[-110.816,44.327],[-110.8,44.274],[-110.755,44.257],[-110.755,44.232],[-110.732,44.22],[-110.733,44.202],[-110.714,44.185],[-110.728,44.155],[-110.773,44.128],[-110.754,44.112],[-110.762,44.078],[-110.785,44.069],[-110.814,44.084],[-110.84,44.066],[-110.831,44.049],[-110.872,44.026],[-110.875,43.993],[-110.87,43.972],[-110.859,43.966],[-110.841,43.884],[-110.874,43.873],[-110.885,43.858],[-110.875,43.811],[-110.847,43.775],[-110.857,43.752],[-110.855,43.719],[-110.845,43.721],[-110.828,43.686],[-110.892,43.683],[-110.917,43.654],[-110.912,43.633],[-110.949,43.618],[-110.94,43.601],[-110.92,43.6],[-110.904,43.572],[-110.918,43.571],[-110.929,43.551],[-110.956,43.537],[-110.959,43.483],[-110.981,43.487],[-110.999,43.478],[-111.025,43.486],[-111.073,43.52],[-111.109,43.523],[-111.133,43.539],[-111.152,43.537],[-111.165,43.546],[-111.198,43.538],[-111.218,43.558],[-111.218,43.58],[-111.237,43.621],[-111.254,43.63],[-111.279,43.627],[-111.311,43.66],[-111.342,43.663],[-111.345,43.652],[-111.369,43.649],[-111.394,43.668],[-111.417,43.658],[-111.429,43.668],[-111.446,43.655],[-111.509,43.64],[-111.543,43.658],[-111.562,43.652],[-111.574,43.661],[-111.592,43.652],[-111.607,43.683],[-111.623,43.683],[-111.644,43.7],[-111.667,43.737],[-111.663,43.76],[-111.682,43.775],[-111.742,43.783],[-111.75,43.767],[-111.757,43.774]]]}},{"id":"8","type":"Feature","properties":{"code":"MS_MOB","name":"Malheur-Owyhee-Boise River Basins","region":"Snake River","area":20212.0},"geometry":{"type":"MultiPolygon","coordinates":[[[[-116.94,43.72],[-116.989,43.729],[-116.99,43.762],[-116.938,43.806],[-116.923,43.833],[-116.892,43.841],[-116.873,43.841],[-116.861,43.829],[-116.84,43.833],[-116.838,43.87],[-116.776,43.88],[-116.753,43.872],[-116.721,43.885],[-116.701,43.855],[-116.668,43.846],[-116.65,43.856],[-116.639,43.85],[-116.632,43.829],[-116.607,43.815],[-116.581,43.83],[-116.578,43.819],[-116.558,43.823],[-116.55,43.813],[-116.492,43.822],[-116.494,43.829],[-116.484,43.831],[-116.456,43.82],[-116.439,43.834],[-116.428,43.832],[-116.415,43.856],[-116.384,43.872],[-116.296,43.867],[-116.292,43.853],[-116.253,43.845],[-116.21,43.818],[-116.191,43.825],[-116.187,43.811],[-116.209,43.8],[-116.165,43.789],[-116.162,43.745],[-116.119,43.737],[-116.086,43.764],[-116.087,43.801],[-116.058,43.805],[-116.06,43.83],[-116.031,43.835],[-116.036,43.852],[-116.019,43.863],[-116.023,43.877],[-116.01,43.886],[-116.012,43.908],[-116.038,43.911],[-116.051,43.938],[-116.035,43.952],[-116.053,43.978],[-116.037,43.992],[-115.998,43.983],[-115.99,43.973],[-115.942,43.984],[-115.935,43.978],[-115.917,43.984],[-115.911,44.0],[-115.873,44.009],[-115.84,44.0],[-115.839,44.015],[-115.824,44.017],[-115.821,44.006],[-115.782,44.012],[-115.769,44.003],[-115.739,44.004],[-115.709,43.957],[-115.681,43.965],[-115.674,43.992],[-115.641,44.019],[-115.643,44.026],[-115.534,44.039],[-115.526,44.029],[-115.49,44.03],[-115.48,44.047],[-115.439,44.045],[-115.441,44.052],[-115.426,44.055],[-115.419,44.067],[-115.378,44.047],[-115.362,44.028],[-115.346,44.026],[-115.342,44.012],[-115.313,44.016],[-115.316,44.027],[-115.304,44.04],[-115.264,44.042],[-115.253,44.058],[-115.238,44.06],[-115.231,44.072],[-115.238,44.093],[-115.218,44.096],[-115.183,44.083],[-115.168,44.063],[-115.155,44.003],[-115.146,44.004],[-115.14,43.983],[-115.11,43.969],[-115.09,43.972],[-115.091,43.957],[-115.075,43.953],[-115.077,43.941],[-115.03,43.955],[-114.977,43.945],[-114.973,43.934],[-114.992,43.918],[-114.992,43.889],[-114.977,43.878],[-114.975,43.868],[-114.988,43.86],[-114.973,43.85],[-114.948,43.854],[-114.936,43.841],[-114.861,43.82],[-114.85,43.814],[-114.855,43.793],[-114.832,43.787],[-114.807,43.8],[-114.757,43.791],[-114.715,43.812],[-114.703,43.808],[-114.692,43.788],[-114.691,43.748],[-114.667,43.735],[-114.677,43.732],[-114.677,43.696],[-114.689,43.686],[-114.663,43.66],[-114.68,43.593],[-114.648,43.591],[-114.638,43.568],[-114.667,43.539],[-114.684,43.485],[-114.711,43.462],[-114.773,43.483],[-114.782,43.516],[-114.832,43.516],[-114.844,43.533],[-114.861,43.537],[-114.907,43.533],[-114.925,43.518],[-114.936,43.491],[-114.963,43.498],[-114.963,43.477],[-114.998,43.433],[-115.036,43.433],[-115.069,43.387],[-115.123,43.383],[-115.144,43.366],[-115.165,43.37],[-115.252,43.35],[-115.261,43.32],[-115.3,43.314],[-115.313,43.272],[-115.33,43.26],[-115.342,43.229],[-115.398,43.241],[-115.411,43.258],[-115.436,43.258],[-115.438,43.285],[-115.469,43.295],[-115.486,43.312],[-115.54,43.32],[-115.557,43.337],[-115.607,43.354],[-115.653,43.412],[-115.669,43.412],[-115.711,43.379],[-115.723,43.379],[-115.746,43.393],[-115.761,43.42],[-115.798,43.429],[-115.861,43.425],[-115.89,43.404],[-115.932,43.395],[-115.939,43.384],[-116.032,43.379],[-116.05,43.356],[-116.052,43.337],[-116.108,43.335],[-116.113,43.302],[-116.123,43.283],[-116.142,43.277],[-116.142,43.264],[-116.178,43.262],[-116.211,43.266],[-116.227,43.295],[-116.273,43.295],[-116.29,43.312],[-116.357,43.308],[-116.371,43.327],[-116.371,43.352],[-116.413,43.376],[-116.453,43.445],[-116.523,43.433],[-116.565,43.458],[-116.575,43.452],[-116.575,43.427],[-116.59,43.425],[-116.592,43.41],[-116.623,43.42],[-116.659,43.456],[-116.659,43.469],[-116.69,43.483],[-116.717,43.51],[-116.731,43.549],[-116.771,43.572],[-116.782,43.625],[-116.803,43.625],[-116.809,43.614],[-116.832,43.616],[-116.88,43.656],[-116.886,43.679],[-116.932,43.695],[-116.94,43.72]]],[[[-117.74,44.191],[-117.644,44.154],[-117.598,44.145],[-117.578,44.129],[-117.571,44.089],[-117.544,44.075],[-117.498,44.075],[-117.486,44.062],[-117.454,44.072],[-117.398,44.066],[-117.378,44.045],[-117.327,44.041],[-117.303,44.012],[-117.278,44.0],[-117.217,43.995],[-117.221,43.964],[-117.19,43.954],[-117.159,43.923],[-117.164,43.913],[-117.211,43.904],[-117.219,43.871],[-117.253,43.87],[-117.271,43.856],[-117.275,43.843],[-117.267,43.839],[-117.259,43.793],[-117.282,43.758],[-117.321,43.76],[-117.306,43.742],[-117.317,43.706],[-117.334,43.693],[-117.34,43.662],[-117.313,43.664],[-117.307,43.65],[-117.273,43.633],[-117.246,43.661],[-117.218,43.645],[-117.205,43.593],[-117.221,43.589],[-117.217,43.539],[-117.236,43.545],[-117.25,43.531],[-117.25,43.493],[-117.219,43.458],[-117.211,43.466],[-117.186,43.466],[-117.178,43.45],[-117.146,43.445],[-117.142,43.434],[-117.155,43.422],[-117.142,43.406],[-117.173,43.395],[-117.171,43.368],[-117.188,43.36],[-117.176,43.314],[-117.213,43.297],[-117.234,43.25],[-117.219,43.237],[-117.198,43.237],[-117.182,43.212],[-117.161,43.212],[-117.14,43.195],[-117.115,43.191],[-117.107,43.175],[-117.09,43.175],[-117.069,43.15],[-117.019,43.141],[-116.961,43.145],[-116.932,43.154],[-116.919,43.17],[-116.911,43.158],[-116.859,43.139],[-116.85,43.106],[-116.827,43.075],[-116.794,43.062],[-116.782,43.07],[-116.736,43.066],[-116.73,43.043],[-116.709,43.031],[-116.705,42.993],[-116.661,42.983],[-116.65,42.96],[-116.597,42.915],[-116.571,42.86],[-116.58,42.827],[-116.596,42.814],[-116.582,42.8],[-116.584,42.789],[-116.523,42.745],[-116.517,42.722],[-116.469,42.67],[-116.423,42.67],[-116.4,42.706],[-116.4,42.723],[-116.389,42.727],[-116.365,42.7],[-116.347,42.702],[-116.336,42.67],[-116.294,42.67],[-116.272,42.585],[-116.28,42.573],[-116.275,42.552],[-116.238,42.539],[-116.205,42.473],[-116.213,42.452],[-116.203,42.441],[-116.181,42.445],[-116.135,42.395],[-116.119,42.362],[-116.073,42.371],[-116.064,42.357],[-116.037,42.351],[-116.034,42.34],[-115.975,42.309],[-115.99,42.292],[-115.985,42.275],[-116.008,42.267],[-116.015,42.255],[-115.999,42.218],[-116.015,42.204],[-115.993,42.131],[-116.022,42.093],[-116.012,42.077],[-115.99,42.069],[-115.968,42.029],[-115.98,42.016],[-115.976,42.002],[-116.006,41.986],[-115.978,41.925],[-115.951,41.918],[-115.936,41.899],[-115.904,41.907],[-115.901,41.882],[-115.868,41.887],[-115.846,41.88],[-115.842,41.866],[-115.816,41.862],[-115.816,41.826],[-115.775,41.807],[-115.746,41.808],[-115.719,41.764],[-115.682,41.774],[-115.672,41.793],[-115.634,41.796],[-115.616,41.787],[-115.611,41.77],[-115.648,41.761],[-115.64,41.733],[-115.649,41.728],[-115.627,41.687],[-115.647,41.669],[-115.634,41.624],[-115.642,41.616],[-115.692,41.619],[-115.718,41.607],[-115.706,41.58],[-115.723,41.555],[-115.742,41.552],[-115.719,41.505],[-115.773,41.504],[-115.771,41.515],[-115.787,41.52],[-115.791,41.534],[-115.801,41.532],[-115.814,41.56],[-115.866,41.555],[-115.889,41.566],[-115.899,41.583],[-115.925,41.586],[-115.933,41.596],[-115.97,41.59],[-115.979,41.603],[-116.002,41.596],[-116.008,41.584],[-116.0,41.556],[-115.984,41.551],[-115.973,41.531],[-115.979,41.515],[-116.005,41.504],[-116.007,41.478],[-115.988,41.463],[-115.983,41.412],[-115.974,41.414],[-115.973,41.392],[-115.96,41.383],[-115.975,41.366],[-115.977,41.34],[-116.018,41.312],[-115.997,41.289],[-115.996,41.268],[-116.037,41.258],[-116.047,41.241],[-116.095,41.219],[-116.146,41.207],[-116.144,41.2],[-116.179,41.169],[-116.181,41.143],[-116.206,41.128],[-116.232,41.15],[-116.266,41.148],[-116.303,41.171],[-116.298,41.205],[-116.314,41.243],[-116.308,41.258],[-116.337,41.272],[-116.348,41.31],[-116.323,41.343],[-116.33,41.368],[-116.345,41.366],[-116.35,41.383],[-116.381,41.389],[-116.398,41.379],[-116.419,41.401],[-116.504,41.406],[-116.52,41.425],[-116.539,41.407],[-116.572,41.416],[-116.587,41.403],[-116.592,41.384],[-116.614,41.377],[-116.625,41.379],[-116.637,41.402],[-116.657,41.403],[-116.672,41.455],[-116.664,41.46],[-116.667,41.47],[-116.73,41.482],[-116.736,41.569],[-116.734,41.58],[-116.725,41.582],[-116.737,41.624],[-116.748,41.626],[-116.752,41.64],[-116.786,41.638],[-116.801,41.654],[-116.864,41.632],[-116.867,41.643],[-116.9,41.637],[-116.948,41.615],[-116.982,41.631],[-117.069,41.624],[-117.09,41.642],[-117.11,41.643],[-117.122,41.666],[-117.133,41.668],[-117.141,41.696],[-117.155,41.694],[-117.171,41.713],[-117.213,41.721],[-117.231,41.747],[-117.247,41.748],[-117.251,41.762],[-117.293,41.77],[-117.296,41.795],[-117.32,41.824],[-117.306,41.844],[-117.32,41.871],[-117.315,41.89],[-117.328,41.899],[-117.327,41.929],[-117.341,41.956],[-117.334,41.968],[-117.344,41.966],[-117.361,41.989],[-117.408,41.981],[-117.428,41.996],[-117.442,41.994],[-117.45,42.018],[-117.493,42.029],[-117.514,42.062],[-117.58,42.084],[-117.601,42.103],[-117.603,42.139],[-117.615,42.148],[-117.617,42.17],[-117.605,42.179],[-117.61,42.193],[-117.621,42.213],[-117.643,42.22],[-117.641,42.228],[-117.661,42.228],[-117.669,42.271],[-117.669,42.301],[-117.66,42.306],[-117.688,42.33],[-117.721,42.306],[-117.744,42.302],[-117.813,42.313],[-117.854,42.284],[-117.876,42.32],[-117.916,42.306],[-117.958,42.328],[-117.963,42.342],[-117.977,42.34],[-117.974,42.329],[-117.985,42.316],[-118.007,42.309],[-118.007,42.276],[-118.027,42.261],[-118.017,42.244],[-118.023,42.218],[-117.99,42.146],[-117.999,42.141],[-117.99,42.113],[-118.056,42.116],[-118.06,42.13],[-118.07,42.129],[-118.079,42.112],[-118.101,42.116],[-118.107,42.104],[-118.136,42.102],[-118.137,42.088],[-118.152,42.074],[-118.19,42.082],[-118.232,42.075],[-118.252,42.057],[-118.282,42.121],[-118.282,42.136],[-118.269,42.142],[-118.285,42.176],[-118.299,42.173],[-118.317,42.196],[-118.371,42.194],[-118.377,42.211],[-118.388,42.213],[-118.392,42.242],[-118.406,42.254],[-118.412,42.286],[-118.428,42.305],[-118.41,42.312],[-118.407,42.334],[-118.383,42.353],[-118.395,42.388],[-118.385,42.405],[-118.399,42.461],[-118.329,42.554],[-118.326,42.592],[-118.31,42.605],[-118.315,42.619],[-118.325,42.621],[-118.326,42.639],[-118.28,42.651],[-118.263,42.676],[-118.267,42.69],[-118.284,42.695],[-118.284,42.709],[-118.248,42.741],[-118.179,42.746],[-118.178,42.772],[-118.169,42.777],[-118.179,42.808],[-118.194,42.821],[-118.251,42.811],[-118.255,42.792],[-118.288,42.801],[-118.296,42.777],[-118.328,42.768],[-118.339,42.755],[-118.349,42.709],[-118.367,42.702],[-118.372,42.716],[-118.404,42.736],[-118.415,42.771],[-118.399,42.8],[-118.405,42.817],[-118.461,42.818],[-118.474,42.827],[-118.443,42.855],[-118.443,42.902],[-118.406,42.913],[-118.424,42.95],[-118.407,42.96],[-118.419,42.984],[-118.411,43.004],[-118.424,43.013],[-118.407,43.023],[-118.41,43.048],[-118.461,43.08],[-118.468,43.101],[-118.498,43.099],[-118.512,43.141],[-118.524,43.146],[-118.516,43.151],[-118.519,43.162],[-118.538,43.173],[-118.546,43.197],[-118.604,43.202],[-118.61,43.19],[-118.67,43.172],[-118.677,43.193],[-118.719,43.197],[-118.718,43.208],[-118.689,43.213],[-118.677,43.237],[-118.706,43.28],[-118.682,43.314],[-118.681,43.34],[-118.613,43.411],[-118.554,43.403],[-118.55,43.422],[-118.523,43.434],[-118.53,43.455],[-118.593,43.458],[-118.635,43.506],[-118.672,43.511],[-118.682,43.524],[-118.71,43.534],[-118.724,43.62],[-118.716,43.625],[-118.72,43.639],[-118.703,43.649],[-118.707,43.674],[-118.698,43.68],[-118.697,43.706],[-118.707,43.737],[-118.726,43.745],[-118.725,43.76],[-118.742,43.779],[-118.821,43.784],[-118.841,43.798],[-118.848,43.819],[-118.83,43.826],[-118.845,43.868],[-118.84,43.884],[-118.853,43.907],[-118.826,43.919],[-118.852,43.966],[-118.843,43.983],[-118.852,44.011],[-118.825,44.023],[-118.82,44.038],[-118.8,44.038],[-118.807,44.074],[-118.787,44.078],[-118.786,44.089],[-118.773,44.095],[-118.786,44.118],[-118.767,44.125],[-118.77,44.132],[-118.731,44.124],[-118.708,44.132],[-118.725,44.151],[-118.727,44.173],[-118.683,44.195],[-118.688,44.224],[-118.703,44.24],[-118.693,44.256],[-118.698,44.285],[-118.652,44.286],[-118.65,44.297],[-118.626,44.301],[-118.622,44.291],[-118.589,44.286],[-118.558,44.239],[-118.514,44.247],[-118.506,44.252],[-118.498,44.29],[-118.481,44.301],[-118.478,44.323],[-118.456,44.349],[-118.413,44.375],[-118.396,44.341],[-118.361,44.345],[-118.323,44.337],[-118.29,44.325],[-118.244,44.287],[-118.219,44.291],[-118.194,44.283],[-118.188,44.272],[-118.2,44.239],[-118.148,44.232],[-118.146,44.21],[-118.123,44.183],[-118.082,44.179],[-118.057,44.199],[-118.048,44.191],[-118.015,44.191],[-117.971,44.227],[-117.975,44.243],[-117.965,44.254],[-117.923,44.266],[-117.902,44.258],[-117.828,44.187],[-117.798,44.183],[-117.761,44.212],[-117.74,44.191]]],[[[-118.708,42.513],[-118.708,42.528],[-118.735,42.519],[-118.76,42.533],[-118.779,42.53],[-118.78,42.548],[-118.755,42.564],[-118.757,42.585],[-118.804,42.588],[-118.816,42.593],[-118.821,42.611],[-118.835,42.605],[-118.849,42.617],[-118.931,42.621],[-118.918,42.627],[-118.921,42.637],[-118.903,42.644],[-118.909,42.661],[-118.888,42.673],[-118.891,42.683],[-118.871,42.683],[-118.88,42.696],[-118.86,42.711],[-118.867,42.732],[-118.885,42.74],[-118.881,42.773],[-118.897,42.789],[-118.866,42.787],[-118.863,42.795],[-118.852,42.793],[-118.854,42.782],[-118.819,42.784],[-118.822,42.777],[-118.788,42.768],[-118.791,42.76],[-118.779,42.755],[-118.738,42.769],[-118.668,42.741],[-118.635,42.747],[-118.624,42.731],[-118.64,42.732],[-118.637,42.725],[-118.628,42.726],[-118.617,42.71],[-118.608,42.711],[-118.598,42.698],[-118.568,42.7],[-118.561,42.679],[-118.571,42.677],[-118.562,42.664],[-118.575,42.658],[-118.58,42.643],[-118.615,42.629],[-118.616,42.614],[-118.603,42.606],[-118.625,42.583],[-118.618,42.577],[-118.629,42.564],[-118.633,42.53],[-118.657,42.526],[-118.658,42.515],[-118.671,42.509],[-118.667,42.495],[-118.708,42.513]]]]}},{"id":"9","type":"Feature","properties":{"code":"MS_TRIB","name":"Middle Snake Tributaries","region":"Snake River","area":7219.0},"geometry":{"type":"MultiPolygon","coordinates":[[[[-114.165,43.383],[-114.232,43.395],[-114.24,43.42],[-114.259,43.36],[-114.255,43.31],[-114.269,43.295],[-114.344,43.291],[-114.338,43.264],[-114.369,43.241],[-114.465,43.241],[-114.494,43.25],[-114.532,43.237],[-114.548,43.22],[-114.578,43.237],[-114.602,43.233],[-114.636,43.2],[-114.648,43.2],[-114.669,43.22],[-114.69,43.22],[-114.703,43.187],[-114.753,43.183],[-114.861,43.216],[-114.923,43.208],[-114.948,43.22],[-115.04,43.216],[-115.052,43.225],[-115.098,43.216],[-115.132,43.233],[-115.198,43.22],[-115.198,43.237],[-115.236,43.241],[-115.257,43.254],[-115.294,43.216],[-115.342,43.227],[-115.33,43.26],[-115.309,43.281],[-115.313,43.293],[-115.3,43.314],[-115.261,43.32],[-115.252,43.35],[-115.165,43.37],[-115.144,43.366],[-115.123,43.383],[-115.069,43.387],[-115.036,43.433],[-114.998,43.433],[-114.963,43.477],[-114.963,43.498],[-114.936,43.491],[-114.925,43.518],[-114.907,43.533],[-114.861,43.537],[-114.844,43.533],[-114.832,43.516],[-114.782,43.516],[-114.773,43.483],[-114.711,43.462],[-114.684,43.485],[-114.667,43.539],[-114.638,43.568],[-114.648,43.591],[-114.68,43.593],[-114.663,43.66],[-114.689,43.686],[-114.677,43.696],[-114.677,43.732],[-114.667,43.735],[-114.691,43.748],[-114.693,43.79],[-114.714,43.811],[-114.72,43.832],[-114.71,43.834],[-114.719,43.865],[-114.7,43.908],[-114.664,43.924],[-114.598,43.89],[-114.584,43.877],[-114.577,43.85],[-114.527,43.845],[-114.513,43.856],[-114.511,43.895],[-114.482,43.904],[-114.473,43.895],[-114.415,43.891],[-114.409,43.902],[-114.417,43.914],[-114.403,43.916],[-114.386,43.941],[-114.369,43.941],[-114.344,43.97],[-114.325,43.964],[-114.319,43.945],[-114.302,43.945],[-114.236,43.97],[-114.228,43.987],[-114.198,43.983],[-114.144,44.05],[-114.109,44.058],[-114.117,44.093],[-114.086,44.129],[-114.044,44.133],[-114.032,44.145],[-113.998,44.145],[-113.996,44.156],[-114.009,44.164],[-113.975,44.198],[-113.988,44.227],[-113.907,44.275],[-113.875,44.252],[-113.873,44.22],[-113.823,44.225],[-113.809,44.21],[-113.805,44.193],[-113.813,44.185],[-113.786,44.17],[-113.771,44.143],[-113.784,44.131],[-113.765,44.087],[-113.732,44.083],[-113.711,44.066],[-113.686,44.075],[-113.644,44.041],[-113.603,44.045],[-113.584,44.006],[-113.598,43.991],[-113.611,43.995],[-113.638,43.968],[-113.646,43.939],[-113.673,43.929],[-113.709,43.897],[-113.715,43.879],[-113.73,43.877],[-113.746,43.848],[-113.73,43.827],[-113.755,43.818],[-113.75,43.793],[-113.78,43.756],[-113.78,43.743],[-113.823,43.704],[-113.848,43.704],[-113.859,43.693],[-113.859,43.631],[-113.842,43.623],[-113.836,43.604],[-113.813,43.598],[-113.803,43.57],[-113.78,43.566],[-113.78,43.543],[-113.807,43.525],[-113.848,43.52],[-113.857,43.504],[-113.875,43.497],[-113.863,43.435],[-113.986,43.45],[-114.061,43.395],[-114.115,43.429],[-114.136,43.387],[-114.165,43.383]]],[[[-115.99,42.4],[-115.953,42.408],[-115.937,42.436],[-115.896,42.468],[-115.892,42.487],[-115.88,42.479],[-115.859,42.485],[-115.86,42.514],[-115.842,42.539],[-115.873,42.577],[-115.85,42.618],[-115.818,42.63],[-115.792,42.66],[-115.796,42.689],[-115.818,42.714],[-115.8,42.718],[-115.805,42.742],[-115.75,42.776],[-115.726,42.779],[-115.688,42.754],[-115.646,42.744],[-115.644,42.72],[-115.594,42.658],[-115.559,42.651],[-115.528,42.62],[-115.503,42.631],[-115.488,42.616],[-115.429,42.602],[-115.417,42.56],[-115.399,42.548],[-115.39,42.52],[-115.369,42.516],[-115.338,42.491],[-115.332,42.47],[-115.296,42.468],[-115.281,42.45],[-115.228,42.42],[-115.217,42.368],[-115.162,42.346],[-115.154,42.264],[-115.131,42.252],[-115.12,42.213],[-115.087,42.182],[-115.091,42.142],[-115.049,42.1],[-115.055,42.066],[-115.032,42.0],[-115.088,41.935],[-115.088,41.919],[-115.104,41.902],[-115.125,41.899],[-115.139,41.886],[-115.172,41.895],[-115.241,41.874],[-115.251,41.851],[-115.239,41.838],[-115.241,41.808],[-115.256,41.817],[-115.29,41.808],[-115.302,41.777],[-115.341,41.76],[-115.418,41.785],[-115.436,41.779],[-115.426,41.762],[-115.44,41.742],[-115.434,41.721],[-115.415,41.705],[-115.431,41.692],[-115.41,41.618],[-115.42,41.599],[-115.406,41.55],[-115.398,41.54],[-115.391,41.548],[-115.361,41.549],[-115.356,41.513],[-115.372,41.5],[-115.367,41.446],[-115.416,41.428],[-115.411,41.41],[-115.453,41.4],[-115.455,41.425],[-115.472,41.434],[-115.484,41.457],[-115.511,41.468],[-115.529,41.512],[-115.567,41.525],[-115.573,41.546],[-115.587,41.544],[-115.606,41.559],[-115.616,41.612],[-115.647,41.669],[-115.627,41.687],[-115.649,41.728],[-115.64,41.733],[-115.648,41.761],[-115.611,41.77],[-115.616,41.787],[-115.634,41.796],[-115.672,41.793],[-115.682,41.774],[-115.719,41.764],[-115.746,41.808],[-115.775,41.807],[-115.816,41.826],[-115.816,41.862],[-115.842,41.866],[-115.846,41.88],[-115.868,41.887],[-115.901,41.882],[-115.904,41.907],[-115.936,41.899],[-115.951,41.918],[-115.978,41.925],[-115.988,41.942],[-115.989,41.963],[-116.0,41.965],[-116.006,41.986],[-115.976,42.002],[-115.98,42.016],[-115.968,42.029],[-115.99,42.069],[-116.012,42.077],[-116.022,42.093],[-115.993,42.131],[-116.015,42.204],[-115.999,42.218],[-116.015,42.255],[-116.008,42.267],[-115.985,42.275],[-115.988,42.3],[-115.974,42.306],[-116.025,42.342],[-116.034,42.34],[-116.037,42.351],[-116.064,42.357],[-116.075,42.378],[-116.055,42.395],[-115.994,42.391],[-115.99,42.4]]],[[[-116.837,44.326],[-116.849,44.364],[-116.843,44.378],[-116.855,44.382],[-116.86,44.399],[-116.851,44.419],[-116.928,44.484],[-116.939,44.519],[-116.909,44.535],[-116.909,44.552],[-116.927,44.595],[-116.921,44.606],[-116.938,44.615],[-116.943,44.629],[-116.896,44.656],[-116.903,44.668],[-116.881,44.713],[-116.763,44.743],[-116.768,44.765],[-116.782,44.776],[-116.765,44.779],[-116.75,44.792],[-116.751,44.81],[-116.708,44.835],[-116.69,44.864],[-116.663,44.877],[-116.652,44.91],[-116.634,44.918],[-116.632,44.947],[-116.602,44.945],[-116.596,44.963],[-116.585,44.963],[-116.57,44.997],[-116.549,45.012],[-116.553,45.025],[-116.527,45.059],[-116.514,45.101],[-116.49,45.09],[-116.478,45.07],[-116.462,45.069],[-116.436,45.084],[-116.428,45.111],[-116.405,45.118],[-116.407,45.059],[-116.398,45.031],[-116.381,45.026],[-116.374,44.968],[-116.358,44.967],[-116.353,44.95],[-116.343,44.951],[-116.339,44.941],[-116.348,44.936],[-116.334,44.89],[-116.291,44.867],[-116.273,44.841],[-116.249,44.833],[-116.236,44.787],[-116.214,44.783],[-116.208,44.766],[-116.178,44.752],[-116.181,44.726],[-116.158,44.704],[-116.161,44.678],[-116.178,44.649],[-116.168,44.618],[-116.181,44.608],[-116.186,44.589],[-116.159,44.502],[-116.194,44.496],[-116.212,44.505],[-116.236,44.482],[-116.24,44.463],[-116.29,44.456],[-116.302,44.446],[-116.31,44.42],[-116.32,44.422],[-116.327,44.376],[-116.353,44.358],[-116.34,44.334],[-116.344,44.297],[-116.353,44.292],[-116.344,44.278],[-116.343,44.26],[-116.352,44.255],[-116.349,44.211],[-116.446,44.193],[-116.454,44.217],[-116.469,44.218],[-116.473,44.229],[-116.509,44.231],[-116.546,44.217],[-116.555,44.231],[-116.575,44.228],[-116.595,44.258],[-116.59,44.277],[-116.614,44.288],[-116.624,44.319],[-116.662,44.309],[-116.668,44.294],[-116.723,44.291],[-116.782,44.265],[-116.802,44.291],[-116.816,44.292],[-116.824,44.317],[-116.837,44.326]]],[[[-117.504,45.106],[-117.482,45.128],[-117.446,45.129],[-117.423,45.108],[-117.383,45.111],[-117.375,45.127],[-117.339,45.137],[-117.325,45.168],[-117.288,45.152],[-117.275,45.097],[-117.291,45.071],[-117.279,45.05],[-117.263,45.045],[-117.267,45.035],[-117.25,45.018],[-117.241,44.966],[-117.231,44.961],[-117.241,44.956],[-117.23,44.919],[-117.246,44.919],[-117.246,44.882],[-117.293,44.877],[-117.299,44.888],[-117.346,44.888],[-117.377,44.935],[-117.383,44.977],[-117.404,44.987],[-117.419,44.982],[-117.43,44.998],[-117.456,45.008],[-117.488,45.008],[-117.493,45.024],[-117.482,45.024],[-117.482,45.034],[-117.498,45.066],[-117.509,45.066],[-117.519,45.082],[-117.504,45.106]]],[[[-118.108,44.611],[-118.107,44.623],[-118.123,44.624],[-118.144,44.657],[-118.166,44.661],[-118.206,44.687],[-118.222,44.718],[-118.242,44.714],[-118.245,44.725],[-118.283,44.744],[-118.303,44.804],[-118.294,44.809],[-118.301,44.83],[-118.315,44.839],[-118.293,44.853],[-118.292,44.865],[-118.229,44.864],[-118.223,44.876],[-118.195,44.87],[-118.186,44.85],[-118.16,44.843],[-118.136,44.817],[-118.083,44.815],[-118.04,44.767],[-118.017,44.758],[-117.982,44.766],[-117.965,44.75],[-117.944,44.745],[-117.919,44.75],[-117.898,44.77],[-117.865,44.758],[-117.836,44.77],[-117.807,44.77],[-117.778,44.745],[-117.748,44.741],[-117.715,44.75],[-117.671,44.727],[-117.692,44.685],[-117.705,44.681],[-117.688,44.647],[-117.696,44.623],[-117.688,44.614],[-117.7,44.61],[-117.711,44.583],[-117.765,44.591],[-117.798,44.579],[-117.828,44.583],[-117.869,44.562],[-117.923,44.583],[-117.948,44.583],[-118.007,44.633],[-118.053,44.624],[-118.07,44.607],[-118.108,44.611]]]]}},{"id":"10","type":"Feature","properties":{"code":"LS_PALOUS","name":"Palouse River Basin","region":"Snake River","area":2806.0},"geometry":{"type":"Polygon","coordinates":[[[-117.948,46.721],[-117.99,46.729],[-118.047,46.712],[-118.09,46.741],[-118.126,46.74],[-118.154,46.758],[-118.094,46.805],[-118.068,46.805],[-118.046,46.843],[-118.053,46.856],[-118.048,46.905],[-118.031,46.917],[-118.029,46.942],[-117.993,46.98],[-118.002,46.99],[-117.992,47.002],[-118.007,47.019],[-117.997,47.022],[-117.997,47.036],[-118.016,47.04],[-118.026,47.027],[-118.046,47.024],[-118.057,47.056],[-118.046,47.065],[-118.055,47.073],[-118.055,47.112],[-118.078,47.134],[-118.08,47.169],[-118.095,47.198],[-118.086,47.218],[-118.067,47.222],[-118.053,47.25],[-118.002,47.254],[-117.967,47.298],[-117.961,47.328],[-117.942,47.335],[-117.935,47.362],[-117.886,47.366],[-117.878,47.401],[-117.834,47.443],[-117.848,47.472],[-117.855,47.522],[-117.882,47.556],[-117.725,47.552],[-117.726,47.574],[-117.711,47.57],[-117.701,47.581],[-117.667,47.589],[-117.663,47.598],[-117.677,47.608],[-117.671,47.62],[-117.637,47.618],[-117.624,47.605],[-117.587,47.596],[-117.589,47.57],[-117.614,47.566],[-117.606,47.541],[-117.623,47.527],[-117.612,47.51],[-117.571,47.517],[-117.557,47.508],[-117.556,47.489],[-117.531,47.478],[-117.509,47.493],[-117.507,47.471],[-117.478,47.483],[-117.463,47.47],[-117.41,47.472],[-117.394,47.426],[-117.412,47.415],[-117.405,47.394],[-117.395,47.396],[-117.398,47.373],[-117.358,47.383],[-117.346,47.378],[-117.33,47.395],[-117.312,47.39],[-117.314,47.379],[-117.282,47.365],[-117.265,47.312],[-117.243,47.312],[-117.198,47.289],[-117.176,47.271],[-117.17,47.253],[-117.146,47.246],[-117.14,47.228],[-117.151,47.23],[-117.147,47.216],[-117.129,47.211],[-117.117,47.191],[-117.091,47.176],[-117.064,47.177],[-117.044,47.15],[-117.022,47.146],[-117.021,47.128],[-116.97,47.121],[-116.978,47.094],[-116.952,47.064],[-116.93,47.079],[-116.898,47.08],[-116.874,47.054],[-116.826,47.039],[-116.737,47.064],[-116.738,47.082],[-116.718,47.089],[-116.696,47.07],[-116.62,47.067],[-116.614,47.049],[-116.604,47.051],[-116.581,47.029],[-116.521,47.041],[-116.511,47.028],[-116.492,47.035],[-116.472,46.99],[-116.449,46.986],[-116.454,46.966],[-116.48,46.963],[-116.481,46.951],[-116.526,46.922],[-116.527,46.893],[-116.547,46.889],[-116.563,46.906],[-116.58,46.892],[-116.617,46.89],[-116.643,46.904],[-116.641,46.897],[-116.66,46.891],[-116.675,46.87],[-116.693,46.875],[-116.711,46.865],[-116.705,46.847],[-116.748,46.829],[-116.745,46.822],[-116.864,46.808],[-116.867,46.785],[-116.876,46.78],[-116.872,46.751],[-116.898,46.732],[-116.909,46.734],[-116.913,46.711],[-116.938,46.689],[-116.973,46.683],[-116.987,46.659],[-116.97,46.64],[-116.959,46.641],[-116.954,46.623],[-116.964,46.622],[-116.948,46.606],[-116.923,46.61],[-116.864,46.593],[-116.873,46.54],[-116.884,46.523],[-116.923,46.525],[-116.939,46.511],[-116.969,46.506],[-116.981,46.516],[-116.996,46.506],[-117.053,46.504],[-117.072,46.479],[-117.103,46.474],[-117.109,46.506],[-117.126,46.523],[-117.14,46.524],[-117.148,46.545],[-117.206,46.562],[-117.211,46.575],[-117.251,46.603],[-117.257,46.62],[-117.286,46.627],[-117.297,46.677],[-117.322,46.688],[-117.325,46.71],[-117.355,46.723],[-117.386,46.77],[-117.404,46.775],[-117.415,46.791],[-117.468,46.791],[-117.505,46.803],[-117.528,46.825],[-117.587,46.827],[-117.59,46.845],[-117.619,46.826],[-117.678,46.824],[-117.704,46.79],[-117.751,46.786],[-117.778,46.795],[-117.827,46.774],[-117.861,46.77],[-117.918,46.726],[-117.948,46.721]]]}},{"id":"11","type":"Feature","properties":{"code":"MS_PAYET","name":"Payette River Basin","region":"Snake River","area":3292.0},"geometry":{"type":"Polygon","coordinates":[[[-116.851,43.875],[-116.838,43.899],[-116.854,43.926],[-116.91,43.932],[-116.919,43.963],[-116.913,44.01],[-116.928,44.025],[-116.925,44.047],[-116.897,44.055],[-116.851,44.088],[-116.852,44.11],[-116.769,44.112],[-116.762,44.135],[-116.703,44.15],[-116.697,44.172],[-116.677,44.171],[-116.673,44.194],[-116.656,44.205],[-116.669,44.249],[-116.646,44.253],[-116.651,44.273],[-116.672,44.293],[-116.662,44.309],[-116.624,44.319],[-116.614,44.288],[-116.59,44.277],[-116.595,44.258],[-116.581,44.23],[-116.555,44.231],[-116.546,44.217],[-116.509,44.231],[-116.473,44.229],[-116.469,44.218],[-116.454,44.217],[-116.446,44.193],[-116.349,44.211],[-116.352,44.255],[-116.343,44.26],[-116.344,44.278],[-116.353,44.292],[-116.344,44.297],[-116.34,44.334],[-116.353,44.358],[-116.327,44.376],[-116.32,44.422],[-116.31,44.42],[-116.302,44.446],[-116.29,44.456],[-116.24,44.463],[-116.236,44.482],[-116.212,44.505],[-116.194,44.496],[-116.159,44.502],[-116.186,44.589],[-116.181,44.608],[-116.168,44.618],[-116.178,44.649],[-116.157,44.7],[-116.181,44.726],[-116.178,44.752],[-116.208,44.766],[-116.214,44.783],[-116.197,44.815],[-116.203,44.833],[-116.189,44.89],[-116.174,44.892],[-116.174,44.907],[-116.159,44.909],[-116.157,44.939],[-116.122,44.959],[-116.108,44.983],[-116.114,45.001],[-116.134,44.998],[-116.136,45.005],[-116.102,45.047],[-116.114,45.071],[-116.135,45.071],[-116.145,45.103],[-116.136,45.141],[-116.12,45.158],[-116.072,45.154],[-116.055,45.168],[-116.036,45.156],[-116.011,45.16],[-115.991,45.145],[-115.982,45.116],[-115.97,45.111],[-115.977,45.099],[-115.964,45.09],[-115.953,45.055],[-115.96,45.043],[-115.922,45.037],[-115.912,45.02],[-115.902,45.022],[-115.901,45.0],[-115.89,44.998],[-115.882,44.973],[-115.89,44.965],[-115.865,44.917],[-115.884,44.911],[-115.884,44.892],[-115.904,44.875],[-115.902,44.849],[-115.841,44.855],[-115.82,44.836],[-115.818,44.81],[-115.802,44.809],[-115.828,44.776],[-115.823,44.758],[-115.796,44.755],[-115.786,44.738],[-115.793,44.711],[-115.806,44.702],[-115.808,44.672],[-115.826,44.666],[-115.823,44.655],[-115.832,44.65],[-115.823,44.637],[-115.809,44.643],[-115.802,44.637],[-115.802,44.618],[-115.818,44.601],[-115.817,44.565],[-115.756,44.566],[-115.739,44.529],[-115.752,44.519],[-115.752,44.501],[-115.721,44.484],[-115.72,44.465],[-115.661,44.489],[-115.65,44.505],[-115.634,44.504],[-115.632,44.515],[-115.611,44.529],[-115.61,44.544],[-115.575,44.549],[-115.556,44.537],[-115.547,44.542],[-115.547,44.524],[-115.531,44.505],[-115.536,44.485],[-115.557,44.471],[-115.542,44.455],[-115.544,44.426],[-115.526,44.417],[-115.523,44.388],[-115.549,44.337],[-115.532,44.314],[-115.543,44.297],[-115.525,44.271],[-115.519,44.253],[-115.526,44.241],[-115.455,44.244],[-115.441,44.265],[-115.426,44.267],[-115.418,44.257],[-115.395,44.268],[-115.373,44.26],[-115.396,44.286],[-115.363,44.298],[-115.352,44.315],[-115.362,44.346],[-115.327,44.351],[-115.294,44.327],[-115.27,44.33],[-115.249,44.293],[-115.224,44.297],[-115.215,44.284],[-115.181,44.289],[-115.174,44.282],[-115.167,44.239],[-115.18,44.231],[-115.168,44.21],[-115.173,44.2],[-115.152,44.187],[-115.132,44.189],[-115.115,44.17],[-115.086,44.171],[-115.073,44.158],[-115.058,44.164],[-115.034,44.152],[-115.024,44.136],[-115.048,44.112],[-115.001,44.088],[-115.045,44.065],[-115.056,44.05],[-115.055,44.029],[-115.028,44.008],[-114.984,44.01],[-114.983,43.988],[-114.965,43.979],[-114.966,43.965],[-114.992,43.95],[-115.03,43.955],[-115.077,43.941],[-115.075,43.953],[-115.091,43.957],[-115.09,43.972],[-115.11,43.969],[-115.14,43.983],[-115.146,44.004],[-115.155,44.003],[-115.168,44.063],[-115.183,44.083],[-115.218,44.096],[-115.238,44.093],[-115.231,44.072],[-115.238,44.06],[-115.253,44.058],[-115.264,44.042],[-115.304,44.04],[-115.316,44.027],[-115.313,44.016],[-115.342,44.012],[-115.346,44.026],[-115.362,44.028],[-115.378,44.047],[-115.419,44.067],[-115.426,44.055],[-115.441,44.052],[-115.439,44.045],[-115.48,44.047],[-115.49,44.03],[-115.526,44.029],[-115.534,44.039],[-115.643,44.026],[-115.641,44.019],[-115.674,43.992],[-115.681,43.965],[-115.709,43.957],[-115.739,44.004],[-115.769,44.003],[-115.782,44.012],[-115.821,44.006],[-115.824,44.017],[-115.839,44.015],[-115.84,44.0],[-115.873,44.009],[-115.911,44.0],[-115.917,43.984],[-115.935,43.978],[-115.942,43.984],[-115.99,43.973],[-115.998,43.983],[-116.037,43.992],[-116.053,43.978],[-116.035,43.952],[-116.051,43.938],[-116.038,43.911],[-116.012,43.908],[-116.01,43.886],[-116.023,43.877],[-116.019,43.863],[-116.036,43.852],[-116.035,43.831],[-116.06,43.83],[-116.058,43.805],[-116.091,43.796],[-116.086,43.764],[-116.129,43.736],[-116.148,43.747],[-116.162,43.745],[-116.165,43.789],[-116.209,43.8],[-116.187,43.811],[-116.191,43.825],[-116.21,43.818],[-116.253,43.845],[-116.292,43.853],[-116.296,43.867],[-116.384,43.872],[-116.415,43.856],[-116.428,43.832],[-116.439,43.834],[-116.456,43.82],[-116.484,43.831],[-116.494,43.829],[-116.492,43.822],[-116.55,43.813],[-116.558,43.823],[-116.578,43.819],[-116.581,43.83],[-116.602,43.816],[-116.618,43.817],[-116.639,43.85],[-116.695,43.852],[-116.721,43.885],[-116.753,43.872],[-116.776,43.88],[-116.839,43.87],[-116.851,43.875]]]}},{"id":"12","type":"Feature","properties":{"code":"LS_SALMN","name":"Salmon River Basin","region":"Snake River","area":13579.0},"geometry":{"type":"Polygon","coordinates":[[[-115.167,44.239],[-115.181,44.289],[-115.204,44.281],[-115.224,44.297],[-115.249,44.293],[-115.27,44.33],[-115.294,44.327],[-115.327,44.351],[-115.362,44.346],[-115.352,44.315],[-115.363,44.298],[-115.396,44.286],[-115.373,44.26],[-115.395,44.268],[-115.418,44.257],[-115.426,44.267],[-115.441,44.265],[-115.455,44.244],[-115.526,44.241],[-115.519,44.253],[-115.525,44.271],[-115.543,44.297],[-115.532,44.314],[-115.549,44.337],[-115.523,44.388],[-115.526,44.417],[-115.544,44.426],[-115.542,44.455],[-115.557,44.471],[-115.536,44.485],[-115.531,44.505],[-115.547,44.524],[-115.547,44.542],[-115.556,44.537],[-115.575,44.549],[-115.61,44.544],[-115.611,44.529],[-115.632,44.515],[-115.634,44.504],[-115.65,44.505],[-115.661,44.489],[-115.72,44.465],[-115.721,44.484],[-115.752,44.501],[-115.752,44.519],[-115.739,44.529],[-115.756,44.566],[-115.817,44.565],[-115.818,44.601],[-115.802,44.618],[-115.802,44.637],[-115.809,44.643],[-115.823,44.637],[-115.832,44.65],[-115.823,44.655],[-115.826,44.666],[-115.808,44.672],[-115.806,44.702],[-115.793,44.711],[-115.786,44.738],[-115.796,44.755],[-115.823,44.758],[-115.828,44.776],[-115.802,44.809],[-115.818,44.81],[-115.82,44.836],[-115.841,44.855],[-115.902,44.849],[-115.904,44.875],[-115.884,44.892],[-115.884,44.911],[-115.865,44.917],[-115.89,44.965],[-115.882,44.973],[-115.89,44.998],[-115.901,45.0],[-115.902,45.022],[-115.912,45.02],[-115.922,45.037],[-115.96,45.043],[-115.953,45.055],[-115.964,45.09],[-115.977,45.099],[-115.97,45.111],[-116.011,45.16],[-116.036,45.156],[-116.06,45.167],[-116.072,45.154],[-116.12,45.158],[-116.136,45.141],[-116.145,45.103],[-116.135,45.071],[-116.114,45.071],[-116.102,45.047],[-116.136,45.005],[-116.134,44.998],[-116.114,45.001],[-116.108,44.983],[-116.122,44.959],[-116.157,44.939],[-116.159,44.909],[-116.174,44.907],[-116.174,44.892],[-116.189,44.89],[-116.202,44.796],[-116.209,44.784],[-116.228,44.781],[-116.249,44.833],[-116.273,44.841],[-116.291,44.867],[-116.334,44.89],[-116.348,44.936],[-116.339,44.941],[-116.343,44.951],[-116.353,44.95],[-116.358,44.967],[-116.374,44.968],[-116.381,45.026],[-116.398,45.031],[-116.407,45.059],[-116.405,45.118],[-116.432,45.107],[-116.443,45.075],[-116.478,45.07],[-116.517,45.112],[-116.528,45.145],[-116.56,45.149],[-116.578,45.191],[-116.553,45.209],[-116.581,45.268],[-116.572,45.273],[-116.574,45.295],[-116.547,45.31],[-116.551,45.32],[-116.531,45.323],[-116.522,45.347],[-116.498,45.354],[-116.502,45.365],[-116.485,45.378],[-116.477,45.402],[-116.482,45.419],[-116.469,45.429],[-116.474,45.443],[-116.459,45.463],[-116.44,45.47],[-116.45,45.502],[-116.421,45.51],[-116.413,45.551],[-116.379,45.575],[-116.395,45.61],[-116.382,45.619],[-116.39,45.629],[-116.383,45.641],[-116.389,45.658],[-116.432,45.696],[-116.431,45.711],[-116.398,45.738],[-116.406,45.748],[-116.392,45.754],[-116.389,45.776],[-116.32,45.757],[-116.301,45.801],[-116.261,45.84],[-116.204,45.86],[-116.181,45.852],[-116.126,45.864],[-116.088,45.859],[-116.076,45.853],[-116.064,45.8],[-116.051,45.79],[-116.026,45.794],[-116.012,45.782],[-116.002,45.75],[-116.01,45.723],[-116.033,45.712],[-116.055,45.683],[-116.062,45.653],[-116.023,45.647],[-116.02,45.637],[-115.966,45.649],[-115.96,45.627],[-115.93,45.617],[-115.926,45.603],[-115.9,45.603],[-115.892,45.593],[-115.853,45.603],[-115.839,45.594],[-115.758,45.621],[-115.699,45.615],[-115.693,45.63],[-115.673,45.633],[-115.683,45.65],[-115.667,45.649],[-115.665,45.66],[-115.645,45.663],[-115.589,45.616],[-115.533,45.639],[-115.526,45.651],[-115.492,45.66],[-115.494,45.648],[-115.477,45.644],[-115.474,45.633],[-115.488,45.627],[-115.485,45.617],[-115.436,45.613],[-115.423,45.604],[-115.406,45.617],[-115.381,45.621],[-115.358,45.65],[-115.312,45.653],[-115.261,45.675],[-115.257,45.698],[-115.235,45.712],[-115.225,45.713],[-115.225,45.695],[-115.213,45.689],[-115.187,45.689],[-115.184,45.697],[-115.158,45.682],[-115.138,45.722],[-115.089,45.733],[-115.074,45.753],[-115.074,45.772],[-115.038,45.773],[-115.035,45.799],[-115.016,45.806],[-114.995,45.787],[-114.954,45.792],[-114.928,45.774],[-114.93,45.763],[-114.95,45.76],[-114.965,45.739],[-114.96,45.722],[-114.991,45.703],[-114.989,45.677],[-114.944,45.684],[-114.936,45.655],[-114.896,45.624],[-114.876,45.631],[-114.838,45.625],[-114.838,45.607],[-114.822,45.605],[-114.81,45.581],[-114.818,45.573],[-114.809,45.559],[-114.815,45.544],[-114.833,45.534],[-114.829,45.52],[-114.818,45.518],[-114.818,45.499],[-114.796,45.495],[-114.79,45.511],[-114.77,45.513],[-114.726,45.487],[-114.691,45.492],[-114.691,45.473],[-114.663,45.47],[-114.622,45.527],[-114.588,45.535],[-114.578,45.555],[-114.514,45.568],[-114.505,45.554],[-114.46,45.564],[-114.455,45.546],[-114.43,45.531],[-114.424,45.507],[-114.38,45.502],[-114.367,45.492],[-114.361,45.471],[-114.337,45.456],[-114.301,45.48],[-114.271,45.484],[-114.249,45.516],[-114.256,45.541],[-114.243,45.55],[-114.192,45.538],[-114.185,45.55],[-114.135,45.557],[-114.127,45.584],[-114.082,45.594],[-114.086,45.608],[-114.072,45.613],[-114.062,45.633],[-114.014,45.651],[-114.02,45.672],[-114.033,45.681],[-114.021,45.694],[-113.988,45.705],[-113.971,45.7],[-113.967,45.686],[-113.932,45.695],[-113.933,45.676],[-113.917,45.656],[-113.9,45.651],[-113.9,45.615],[-113.851,45.625],[-113.832,45.594],[-113.82,45.607],[-113.803,45.602],[-113.795,45.574],[-113.817,45.56],[-113.83,45.529],[-113.765,45.519],[-113.756,45.487],[-113.78,45.458],[-113.773,45.434],[-113.76,45.424],[-113.77,45.423],[-113.777,45.408],[-113.737,45.395],[-113.73,45.351],[-113.739,45.325],[-113.716,45.317],[-113.712,45.303],[-113.681,45.285],[-113.678,45.274],[-113.693,45.272],[-113.689,45.255],[-113.661,45.247],[-113.642,45.217],[-113.592,45.183],[-113.596,45.161],[-113.572,45.146],[-113.577,45.127],[-113.552,45.112],[-113.512,45.117],[-113.508,45.099],[-113.518,45.098],[-113.519,45.083],[-113.492,45.079],[-113.482,45.062],[-113.456,45.062],[-113.452,45.044],[-113.461,45.04],[-113.442,45.005],[-113.453,44.971],[-113.445,44.958],[-113.459,44.952],[-113.461,44.941],[-113.494,44.929],[-113.491,44.919],[-113.474,44.913],[-113.464,44.875],[-113.454,44.876],[-113.45,44.862],[-113.428,44.854],[-113.424,44.84],[-113.382,44.838],[-113.351,44.816],[-113.349,44.787],[-113.336,44.778],[-113.306,44.8],[-113.249,44.822],[-113.225,44.807],[-113.21,44.809],[-113.166,44.778],[-113.134,44.775],[-113.134,44.753],[-113.123,44.751],[-113.112,44.727],[-113.102,44.728],[-113.1,44.703],[-113.068,44.678],[-113.069,44.659],[-113.05,44.625],[-113.073,44.615],[-113.078,44.596],[-113.056,44.57],[-113.04,44.568],[-113.042,44.535],[-113.01,44.528],[-113.01,44.51],[-113.026,44.493],[-112.994,44.447],[-113.018,44.44],[-113.049,44.461],[-113.112,44.446],[-113.115,44.438],[-113.181,44.437],[-113.188,44.425],[-113.231,44.43],[-113.239,44.422],[-113.279,44.42],[-113.298,44.433],[-113.326,44.425],[-113.335,44.439],[-113.351,44.44],[-113.356,44.461],[-113.373,44.466],[-113.37,44.474],[-113.383,44.483],[-113.43,44.47],[-113.432,44.459],[-113.477,44.445],[-113.459,44.41],[-113.463,44.393],[-113.484,44.377],[-113.45,44.356],[-113.465,44.341],[-113.498,44.341],[-113.511,44.325],[-113.536,44.329],[-113.567,44.298],[-113.559,44.256],[-113.536,44.254],[-113.525,44.243],[-113.53,44.227],[-113.546,44.218],[-113.546,44.172],[-113.561,44.154],[-113.603,44.137],[-113.623,44.104],[-113.64,44.104],[-113.661,44.07],[-113.678,44.066],[-113.69,44.075],[-113.711,44.066],[-113.732,44.083],[-113.765,44.087],[-113.784,44.131],[-113.771,44.143],[-113.786,44.17],[-113.813,44.185],[-113.805,44.193],[-113.809,44.21],[-113.823,44.225],[-113.873,44.22],[-113.875,44.252],[-113.907,44.275],[-113.988,44.227],[-113.975,44.198],[-114.009,44.164],[-113.996,44.156],[-113.998,44.145],[-114.032,44.145],[-114.044,44.133],[-114.086,44.129],[-114.117,44.093],[-114.109,44.058],[-114.144,44.05],[-114.198,43.983],[-114.228,43.987],[-114.236,43.97],[-114.302,43.945],[-114.319,43.945],[-114.325,43.964],[-114.344,43.97],[-114.369,43.941],[-114.386,43.941],[-114.403,43.916],[-114.417,43.914],[-114.409,43.902],[-114.415,43.891],[-114.473,43.895],[-114.482,43.904],[-114.511,43.895],[-114.513,43.856],[-114.527,43.845],[-114.577,43.85],[-114.584,43.877],[-114.598,43.89],[-114.669,43.923],[-114.712,43.895],[-114.72,43.85],[-114.71,43.834],[-114.72,43.832],[-114.714,43.812],[-114.757,43.791],[-114.773,43.791],[-114.777,43.8],[-114.807,43.8],[-114.823,43.787],[-114.852,43.791],[-114.852,43.816],[-114.936,43.841],[-114.948,43.854],[-114.973,43.85],[-114.988,43.86],[-114.975,43.872],[-114.992,43.889],[-114.992,43.918],[-114.973,43.934],[-114.992,43.952],[-114.966,43.965],[-114.966,43.983],[-114.983,43.988],[-114.984,44.01],[-115.028,44.008],[-115.057,44.033],[-115.045,44.065],[-115.008,44.079],[-115.003,44.095],[-115.02,44.092],[-115.048,44.112],[-115.024,44.136],[-115.036,44.154],[-115.058,44.164],[-115.073,44.158],[-115.086,44.171],[-115.115,44.17],[-115.132,44.189],[-115.152,44.187],[-115.173,44.2],[-115.168,44.21],[-115.18,44.231],[-115.167,44.239]]]}},{"id":"13","type":"Feature","properties":{"code":"MS_MAIN","name":"Snake River Basin abv Hells Canyon Dam","region":"Snake River","area":16193.0},"geometry":{"type":"Polygon","coordinates":[[[-115.557,43.337],[-115.532,43.32],[-115.528,43.316],[-115.486,43.312],[-115.469,43.295],[-115.438,43.285],[-115.436,43.258],[-115.411,43.258],[-115.398,43.241],[-115.348,43.233],[-115.332,43.22],[-115.294,43.216],[-115.257,43.254],[-115.236,43.241],[-115.198,43.237],[-115.198,43.22],[-115.132,43.233],[-115.098,43.216],[-115.052,43.225],[-115.04,43.216],[-114.948,43.22],[-114.923,43.208],[-114.861,43.216],[-114.753,43.183],[-114.703,43.187],[-114.69,43.22],[-114.669,43.22],[-114.648,43.2],[-114.636,43.2],[-114.602,43.233],[-114.578,43.237],[-114.548,43.22],[-114.532,43.237],[-114.494,43.25],[-114.465,43.241],[-114.369,43.241],[-114.338,43.264],[-114.344,43.291],[-114.269,43.295],[-114.255,43.31],[-114.259,43.36],[-114.24,43.42],[-114.234,43.398],[-114.215,43.387],[-114.144,43.383],[-114.121,43.406],[-114.115,43.429],[-114.061,43.395],[-113.986,43.45],[-113.903,43.445],[-113.865,43.433],[-113.875,43.497],[-113.857,43.504],[-113.848,43.52],[-113.786,43.533],[-113.78,43.568],[-113.765,43.587],[-113.703,43.587],[-113.688,43.564],[-113.692,43.543],[-113.667,43.514],[-113.675,43.489],[-113.74,43.441],[-113.788,43.418],[-113.771,43.406],[-113.784,43.381],[-113.784,43.352],[-113.811,43.35],[-113.83,43.31],[-113.825,43.239],[-113.834,43.231],[-113.834,43.181],[-113.846,43.164],[-113.859,43.085],[-113.855,43.023],[-113.888,42.993],[-113.888,42.902],[-113.875,42.889],[-113.875,42.856],[-113.888,42.843],[-113.888,42.806],[-113.905,42.789],[-113.905,42.768],[-113.928,42.766],[-113.94,42.75],[-113.986,42.754],[-114.073,42.729],[-114.088,42.748],[-114.088,42.768],[-114.119,42.791],[-114.14,42.791],[-114.157,42.804],[-114.211,42.783],[-114.238,42.806],[-114.24,42.908],[-114.29,42.904],[-114.365,42.92],[-114.394,42.891],[-114.417,42.885],[-114.396,42.843],[-114.405,42.823],[-114.425,42.81],[-114.444,42.779],[-114.505,42.735],[-114.505,42.722],[-114.457,42.683],[-114.386,42.691],[-114.382,42.629],[-114.344,42.625],[-114.342,42.668],[-114.323,42.683],[-114.302,42.687],[-114.248,42.666],[-114.228,42.633],[-114.211,42.633],[-114.182,42.6],[-114.134,42.577],[-114.163,42.56],[-114.169,42.529],[-114.119,42.52],[-114.094,42.554],[-114.013,42.521],[-114.066,42.516],[-114.086,42.495],[-114.116,42.491],[-114.124,42.45],[-114.205,42.456],[-114.201,42.385],[-114.228,42.37],[-114.251,42.343],[-114.251,42.314],[-114.222,42.298],[-114.212,42.27],[-114.184,42.26],[-114.184,42.218],[-114.176,42.206],[-114.18,42.189],[-114.214,42.152],[-114.22,42.125],[-114.252,42.166],[-114.297,42.173],[-114.288,42.098],[-114.301,42.06],[-114.293,42.014],[-114.301,42.006],[-114.301,41.943],[-114.332,41.916],[-114.353,41.92],[-114.407,41.904],[-114.448,41.848],[-114.485,41.828],[-114.473,41.795],[-114.482,41.786],[-114.483,41.753],[-114.524,41.705],[-114.553,41.711],[-114.551,41.7],[-114.577,41.69],[-114.599,41.665],[-114.621,41.66],[-114.641,41.583],[-114.684,41.497],[-114.721,41.505],[-114.774,41.498],[-114.887,41.44],[-114.918,41.434],[-114.949,41.442],[-114.964,41.461],[-114.996,41.46],[-115.017,41.479],[-115.013,41.506],[-115.042,41.522],[-115.046,41.535],[-115.034,41.543],[-115.047,41.561],[-115.067,41.574],[-115.097,41.579],[-115.107,41.57],[-115.132,41.583],[-115.131,41.604],[-115.177,41.623],[-115.175,41.643],[-115.187,41.644],[-115.192,41.666],[-115.263,41.672],[-115.282,41.687],[-115.338,41.698],[-115.325,41.723],[-115.348,41.76],[-115.302,41.777],[-115.29,41.808],[-115.256,41.817],[-115.241,41.808],[-115.239,41.838],[-115.25,41.847],[-115.245,41.87],[-115.203,41.891],[-115.161,41.895],[-115.143,41.885],[-115.104,41.902],[-115.088,41.919],[-115.088,41.935],[-115.032,42.0],[-115.055,42.066],[-115.049,42.1],[-115.091,42.142],[-115.087,42.182],[-115.12,42.213],[-115.131,42.252],[-115.154,42.264],[-115.162,42.346],[-115.217,42.368],[-115.228,42.42],[-115.281,42.45],[-115.296,42.468],[-115.332,42.47],[-115.338,42.491],[-115.369,42.516],[-115.39,42.52],[-115.399,42.548],[-115.417,42.56],[-115.429,42.602],[-115.488,42.616],[-115.503,42.631],[-115.528,42.62],[-115.559,42.651],[-115.602,42.663],[-115.644,42.72],[-115.652,42.75],[-115.688,42.754],[-115.726,42.779],[-115.75,42.776],[-115.805,42.742],[-115.8,42.718],[-115.818,42.714],[-115.796,42.689],[-115.792,42.66],[-115.818,42.63],[-115.85,42.618],[-115.873,42.577],[-115.842,42.539],[-115.86,42.514],[-115.859,42.485],[-115.88,42.479],[-115.892,42.487],[-115.896,42.468],[-115.937,42.436],[-115.953,42.408],[-115.979,42.407],[-115.994,42.391],[-116.055,42.395],[-116.072,42.385],[-116.073,42.371],[-116.119,42.362],[-116.135,42.395],[-116.181,42.445],[-116.203,42.441],[-116.213,42.452],[-116.205,42.473],[-116.238,42.539],[-116.275,42.552],[-116.28,42.573],[-116.272,42.585],[-116.292,42.639],[-116.292,42.668],[-116.336,42.67],[-116.347,42.702],[-116.365,42.7],[-116.389,42.727],[-116.4,42.723],[-116.4,42.706],[-116.423,42.67],[-116.469,42.67],[-116.517,42.722],[-116.523,42.745],[-116.584,42.789],[-116.582,42.8],[-116.596,42.814],[-116.58,42.827],[-116.571,42.86],[-116.597,42.915],[-116.65,42.96],[-116.661,42.983],[-116.705,42.993],[-116.709,43.031],[-116.73,43.043],[-116.736,43.066],[-116.782,43.07],[-116.794,43.062],[-116.827,43.075],[-116.85,43.106],[-116.859,43.139],[-116.911,43.158],[-116.919,43.17],[-116.932,43.154],[-116.961,43.145],[-117.019,43.141],[-117.069,43.15],[-117.09,43.175],[-117.107,43.175],[-117.115,43.191],[-117.14,43.195],[-117.161,43.212],[-117.182,43.212],[-117.198,43.237],[-117.219,43.237],[-117.234,43.25],[-117.213,43.297],[-117.176,43.314],[-117.188,43.36],[-117.171,43.368],[-117.173,43.395],[-117.142,43.406],[-117.155,43.422],[-117.142,43.434],[-117.146,43.445],[-117.178,43.45],[-117.186,43.466],[-117.211,43.466],[-117.219,43.458],[-117.25,43.493],[-117.25,43.531],[-117.236,43.545],[-117.217,43.539],[-117.221,43.589],[-117.205,43.593],[-117.218,43.645],[-117.246,43.661],[-117.273,43.633],[-117.307,43.65],[-117.313,43.664],[-117.34,43.662],[-117.334,43.693],[-117.317,43.706],[-117.306,43.742],[-117.321,43.76],[-117.282,43.758],[-117.259,43.793],[-117.267,43.839],[-117.275,43.843],[-117.271,43.856],[-117.253,43.87],[-117.219,43.871],[-117.211,43.904],[-117.159,43.918],[-117.19,43.954],[-117.221,43.964],[-117.217,43.995],[-117.278,44.0],[-117.303,44.012],[-117.327,44.041],[-117.378,44.045],[-117.398,44.066],[-117.454,44.072],[-117.486,44.062],[-117.498,44.075],[-117.544,44.075],[-117.571,44.089],[-117.578,44.129],[-117.598,44.145],[-117.677,44.166],[-117.719,44.191],[-117.74,44.191],[-117.761,44.212],[-117.798,44.183],[-117.828,44.187],[-117.902,44.258],[-117.923,44.266],[-117.965,44.254],[-117.975,44.243],[-117.971,44.227],[-118.015,44.191],[-118.048,44.191],[-118.057,44.199],[-118.082,44.179],[-118.123,44.183],[-118.146,44.21],[-118.148,44.232],[-118.2,44.239],[-118.188,44.272],[-118.194,44.283],[-118.219,44.291],[-118.244,44.287],[-118.29,44.325],[-118.323,44.337],[-118.403,44.347],[-118.406,44.37],[-118.434,44.402],[-118.421,44.431],[-118.425,44.452],[-118.367,44.464],[-118.373,44.533],[-118.325,44.577],[-118.327,44.596],[-118.318,44.601],[-118.352,44.636],[-118.38,44.632],[-118.418,44.651],[-118.453,44.649],[-118.501,44.666],[-118.52,44.707],[-118.481,44.714],[-118.474,44.708],[-118.443,44.724],[-118.402,44.725],[-118.377,44.747],[-118.285,44.751],[-118.242,44.714],[-118.222,44.718],[-118.206,44.687],[-118.166,44.661],[-118.144,44.657],[-118.123,44.624],[-118.107,44.623],[-118.108,44.611],[-118.096,44.606],[-118.07,44.607],[-118.053,44.624],[-118.007,44.633],[-117.948,44.583],[-117.923,44.583],[-117.869,44.562],[-117.828,44.583],[-117.798,44.579],[-117.765,44.591],[-117.711,44.583],[-117.7,44.61],[-117.688,44.614],[-117.696,44.623],[-117.688,44.647],[-117.705,44.681],[-117.692,44.685],[-117.671,44.727],[-117.686,44.737],[-117.715,44.75],[-117.748,44.741],[-117.778,44.745],[-117.807,44.77],[-117.836,44.77],[-117.865,44.758],[-117.898,44.77],[-117.919,44.75],[-117.944,44.745],[-117.965,44.75],[-117.982,44.766],[-118.017,44.758],[-118.04,44.767],[-118.083,44.815],[-118.123,44.812],[-118.16,44.843],[-118.186,44.85],[-118.195,44.87],[-118.228,44.875],[-118.238,44.898],[-118.23,44.939],[-118.246,44.947],[-118.238,45.036],[-118.216,45.07],[-118.184,45.071],[-118.173,45.091],[-118.145,45.111],[-118.155,45.139],[-118.141,45.152],[-118.086,45.145],[-118.051,45.127],[-118.015,45.144],[-117.994,45.183],[-117.927,45.187],[-117.896,45.16],[-117.885,45.129],[-117.859,45.114],[-117.841,45.106],[-117.763,45.125],[-117.75,45.114],[-117.752,45.091],[-117.72,45.075],[-117.694,45.075],[-117.696,45.089],[-117.678,45.1],[-117.632,45.091],[-117.625,45.072],[-117.613,45.066],[-117.514,45.088],[-117.519,45.076],[-117.498,45.066],[-117.482,45.034],[-117.493,45.013],[-117.472,45.003],[-117.44,45.003],[-117.419,44.982],[-117.404,44.987],[-117.383,44.977],[-117.377,44.935],[-117.346,44.888],[-117.251,44.877],[-117.241,44.898],[-117.246,44.919],[-117.23,44.919],[-117.241,44.956],[-117.231,44.961],[-117.241,44.966],[-117.25,45.018],[-117.267,45.039],[-117.244,45.066],[-117.144,45.083],[-117.082,45.067],[-116.99,45.1],[-116.913,45.094],[-116.886,45.116],[-116.867,45.098],[-116.857,45.099],[-116.849,45.124],[-116.832,45.136],[-116.833,45.156],[-116.767,45.194],[-116.759,45.255],[-116.711,45.247],[-116.619,45.254],[-116.6,45.227],[-116.6,45.21],[-116.571,45.185],[-116.56,45.149],[-116.528,45.145],[-116.509,45.102],[-116.538,45.039],[-116.553,45.025],[-116.549,45.012],[-116.57,44.997],[-116.602,44.945],[-116.632,44.947],[-116.634,44.918],[-116.652,44.91],[-116.668,44.871],[-116.69,44.864],[-116.708,44.835],[-116.751,44.81],[-116.75,44.792],[-116.765,44.779],[-116.782,44.776],[-116.768,44.765],[-116.764,44.742],[-116.881,44.713],[-116.903,44.668],[-116.896,44.656],[-116.943,44.629],[-116.938,44.615],[-116.921,44.606],[-116.927,44.595],[-116.909,44.552],[-116.909,44.535],[-116.939,44.519],[-116.928,44.484],[-116.851,44.419],[-116.86,44.399],[-116.855,44.382],[-116.843,44.376],[-116.849,44.364],[-116.843,44.329],[-116.782,44.265],[-116.723,44.291],[-116.672,44.293],[-116.646,44.258],[-116.669,44.249],[-116.656,44.205],[-116.673,44.194],[-116.677,44.171],[-116.697,44.172],[-116.703,44.15],[-116.762,44.135],[-116.769,44.112],[-116.852,44.11],[-116.851,44.088],[-116.897,44.055],[-116.925,44.047],[-116.928,44.025],[-116.913,44.01],[-116.919,43.963],[-116.91,43.932],[-116.869,43.933],[-116.851,43.923],[-116.852,43.912],[-116.838,43.899],[-116.852,43.879],[-116.838,43.87],[-116.838,43.835],[-116.861,43.829],[-116.873,43.841],[-116.902,43.841],[-116.923,43.833],[-116.938,43.806],[-116.99,43.762],[-116.989,43.729],[-116.94,43.72],[-116.932,43.695],[-116.886,43.679],[-116.88,43.656],[-116.823,43.612],[-116.803,43.625],[-116.782,43.625],[-116.771,43.572],[-116.73,43.548],[-116.717,43.51],[-116.69,43.483],[-116.659,43.468],[-116.659,43.456],[-116.623,43.42],[-116.592,43.41],[-116.59,43.425],[-116.575,43.427],[-116.575,43.452],[-116.565,43.458],[-116.523,43.433],[-116.453,43.445],[-116.413,43.376],[-116.371,43.352],[-116.371,43.327],[-116.357,43.308],[-116.29,43.312],[-116.273,43.295],[-116.227,43.295],[-116.211,43.266],[-116.142,43.264],[-116.142,43.277],[-116.123,43.283],[-116.113,43.302],[-116.109,43.335],[-116.052,43.337],[-116.05,43.356],[-116.032,43.379],[-115.939,43.384],[-115.932,43.395],[-115.832,43.429],[-115.769,43.425],[-115.723,43.379],[-115.711,43.379],[-115.669,43.412],[-115.653,43.412],[-115.607,43.354],[-115.557,43.337]]]}},{"id":"14","type":"Feature","properties":{"code":"LS_MAIN","name":"Snake River Basin abv Ice Harbor Dam","region":"Snake River","area":5276.0},"geometry":{"type":"Polygon","coordinates":[[[-118.636,46.275],[-118.719,46.254],[-118.728,46.229],[-118.777,46.229],[-118.823,46.2],[-118.871,46.239],[-118.871,46.26],[-118.888,46.277],[-118.871,46.323],[-118.832,46.37],[-118.773,46.391],[-118.753,46.425],[-118.732,46.429],[-118.711,46.454],[-118.682,46.462],[-118.667,46.477],[-118.667,46.518],[-118.642,46.552],[-118.638,46.577],[-118.588,46.585],[-118.58,46.598],[-118.586,46.629],[-118.557,46.633],[-118.54,46.616],[-118.515,46.616],[-118.507,46.633],[-118.432,46.633],[-118.394,46.65],[-118.352,46.695],[-118.319,46.708],[-118.282,46.708],[-118.271,46.764],[-118.196,46.81],[-118.196,46.823],[-118.217,46.835],[-118.215,46.845],[-118.298,46.858],[-118.336,46.841],[-118.4,46.877],[-118.405,46.939],[-118.363,46.964],[-118.371,46.989],[-118.355,47.006],[-118.359,47.027],[-118.382,47.033],[-118.388,47.052],[-118.369,47.058],[-118.35,47.085],[-118.355,47.118],[-118.313,47.181],[-118.321,47.198],[-118.228,47.2],[-118.198,47.212],[-118.169,47.2],[-118.15,47.231],[-118.15,47.273],[-118.042,47.331],[-118.034,47.352],[-118.042,47.385],[-118.015,47.416],[-117.944,47.433],[-117.923,47.416],[-117.859,47.425],[-117.86,47.413],[-117.878,47.401],[-117.886,47.366],[-117.935,47.362],[-117.942,47.335],[-117.961,47.328],[-117.967,47.298],[-118.002,47.254],[-118.053,47.25],[-118.067,47.222],[-118.086,47.218],[-118.092,47.206],[-118.078,47.134],[-118.055,47.112],[-118.055,47.073],[-118.046,47.065],[-118.057,47.056],[-118.046,47.024],[-118.026,47.027],[-118.016,47.04],[-117.997,47.036],[-117.997,47.022],[-118.007,47.019],[-117.992,47.002],[-118.002,46.99],[-117.993,46.98],[-118.029,46.942],[-118.031,46.917],[-118.048,46.905],[-118.053,46.856],[-118.046,46.843],[-118.068,46.805],[-118.094,46.805],[-118.152,46.754],[-118.126,46.74],[-118.09,46.741],[-118.047,46.712],[-117.99,46.729],[-117.963,46.718],[-117.918,46.726],[-117.861,46.77],[-117.827,46.774],[-117.778,46.795],[-117.751,46.786],[-117.704,46.79],[-117.678,46.824],[-117.619,46.826],[-117.59,46.845],[-117.587,46.827],[-117.528,46.825],[-117.505,46.803],[-117.468,46.791],[-117.415,46.791],[-117.404,46.775],[-117.386,46.77],[-117.355,46.723],[-117.325,46.71],[-117.322,46.688],[-117.297,46.677],[-117.286,46.627],[-117.257,46.62],[-117.251,46.603],[-117.211,46.575],[-117.206,46.562],[-117.148,46.545],[-117.14,46.524],[-117.126,46.523],[-117.109,46.506],[-117.103,46.474],[-117.072,46.479],[-117.053,46.504],[-116.996,46.506],[-116.981,46.516],[-116.969,46.506],[-116.939,46.511],[-116.923,46.525],[-116.885,46.525],[-116.857,46.483],[-116.821,46.473],[-116.834,46.456],[-116.83,46.439],[-116.85,46.427],[-116.858,46.394],[-116.842,46.364],[-116.875,46.327],[-116.867,46.298],[-116.88,46.281],[-116.867,46.264],[-116.867,46.238],[-116.842,46.177],[-116.788,46.156],[-116.804,46.14],[-116.8,46.13],[-116.768,46.127],[-116.713,46.154],[-116.681,46.137],[-116.665,46.103],[-116.611,46.133],[-116.614,46.125],[-116.597,46.121],[-116.592,46.107],[-116.582,46.108],[-116.55,46.072],[-116.541,46.044],[-116.489,46.049],[-116.484,46.064],[-116.465,46.071],[-116.455,46.057],[-116.387,46.024],[-116.373,46.029],[-116.348,46.018],[-116.344,46.004],[-116.3,46.0],[-116.301,45.97],[-116.247,45.964],[-116.231,45.948],[-116.174,45.949],[-116.158,45.933],[-116.146,45.894],[-116.123,45.872],[-116.135,45.859],[-116.181,45.852],[-116.204,45.86],[-116.261,45.84],[-116.301,45.801],[-116.32,45.757],[-116.389,45.776],[-116.392,45.754],[-116.406,45.748],[-116.398,45.738],[-116.431,45.711],[-116.432,45.696],[-116.389,45.658],[-116.383,45.641],[-116.39,45.629],[-116.382,45.619],[-116.395,45.61],[-116.379,45.575],[-116.413,45.551],[-116.421,45.51],[-116.45,45.502],[-116.44,45.47],[-116.459,45.463],[-116.474,45.443],[-116.469,45.429],[-116.482,45.419],[-116.477,45.402],[-116.485,45.378],[-116.502,45.365],[-116.498,45.354],[-116.522,45.347],[-116.531,45.323],[-116.551,45.32],[-116.547,45.31],[-116.574,45.295],[-116.572,45.273],[-116.581,45.268],[-116.553,45.209],[-116.567,45.204],[-116.568,45.192],[-116.583,45.19],[-116.6,45.21],[-116.611,45.245],[-116.626,45.257],[-116.711,45.247],[-116.754,45.252],[-116.762,45.276],[-116.748,45.282],[-116.751,45.293],[-116.736,45.295],[-116.73,45.325],[-116.721,45.331],[-116.743,45.382],[-116.727,45.4],[-116.744,45.419],[-116.735,45.424],[-116.74,45.442],[-116.732,45.447],[-116.748,45.466],[-116.771,45.555],[-116.789,45.563],[-116.787,45.571],[-116.829,45.557],[-116.866,45.573],[-116.897,45.62],[-116.897,45.639],[-116.907,45.637],[-116.915,45.676],[-116.94,45.672],[-116.943,45.65],[-116.958,45.647],[-116.963,45.632],[-116.988,45.628],[-116.982,45.592],[-117.009,45.577],[-117.023,45.538],[-117.068,45.53],[-117.06,45.524],[-117.062,45.513],[-117.076,45.507],[-117.069,45.486],[-117.086,45.457],[-117.082,45.429],[-117.104,45.432],[-117.126,45.451],[-117.162,45.449],[-117.161,45.494],[-117.14,45.512],[-117.14,45.526],[-117.144,45.54],[-117.155,45.542],[-117.158,45.568],[-117.202,45.572],[-117.206,45.553],[-117.243,45.554],[-117.258,45.633],[-117.282,45.64],[-117.273,45.664],[-117.284,45.681],[-117.272,45.723],[-117.282,45.755],[-117.269,45.779],[-117.278,45.792],[-117.263,45.81],[-117.277,45.837],[-117.265,45.85],[-117.276,45.867],[-117.268,45.875],[-117.273,45.889],[-117.314,45.886],[-117.318,45.897],[-117.341,45.904],[-117.362,45.934],[-117.389,45.922],[-117.392,45.929],[-117.429,45.931],[-117.456,45.963],[-117.508,45.977],[-117.517,45.991],[-117.526,46.033],[-117.502,46.041],[-117.497,46.057],[-117.475,46.071],[-117.464,46.069],[-117.446,46.095],[-117.461,46.125],[-117.578,46.121],[-117.608,46.142],[-117.608,46.153],[-117.637,46.16],[-117.674,46.143],[-117.682,46.116],[-117.709,46.122],[-117.784,46.104],[-117.759,46.176],[-117.78,46.235],[-117.748,46.258],[-117.714,46.258],[-117.684,46.289],[-117.685,46.302],[-117.727,46.362],[-117.761,46.358],[-117.773,46.375],[-117.798,46.375],[-117.836,46.362],[-117.865,46.395],[-117.898,46.404],[-118.003,46.379],[-118.057,46.391],[-118.082,46.375],[-118.09,46.391],[-118.111,46.387],[-118.128,46.408],[-118.14,46.4],[-118.16,46.412],[-118.178,46.4],[-118.203,46.408],[-118.215,46.4],[-118.253,46.4],[-118.28,46.422],[-118.296,46.456],[-118.311,46.458],[-118.317,46.477],[-118.359,46.512],[-118.382,46.483],[-118.445,46.453],[-118.486,46.42],[-118.511,46.42],[-118.527,46.4],[-118.573,46.375],[-118.58,46.322],[-118.632,46.287],[-118.636,46.275]]]}},{"id":"15","type":"Feature","properties":{"code":"US_MAIN","name":"Upper Snake River Basin abv American Falls Dam","region":"Snake River","area":11888.0},"geometry":{"type":"Polygon","coordinates":[[[-114.27,42.175],[-114.22,42.125],[-114.214,42.152],[-114.18,42.189],[-114.176,42.206],[-114.184,42.218],[-114.184,42.26],[-114.212,42.27],[-114.222,42.298],[-114.251,42.314],[-114.251,42.343],[-114.228,42.37],[-114.201,42.385],[-114.205,42.456],[-114.124,42.45],[-114.116,42.491],[-114.086,42.495],[-114.066,42.516],[-114.016,42.516],[-114.013,42.523],[-114.094,42.554],[-114.119,42.52],[-114.169,42.529],[-114.163,42.56],[-114.134,42.577],[-114.182,42.6],[-114.211,42.633],[-114.228,42.633],[-114.248,42.666],[-114.302,42.687],[-114.323,42.683],[-114.342,42.668],[-114.344,42.625],[-114.382,42.629],[-114.386,42.691],[-114.457,42.683],[-114.505,42.723],[-114.505,42.735],[-114.444,42.779],[-114.425,42.81],[-114.405,42.823],[-114.396,42.843],[-114.417,42.885],[-114.394,42.891],[-114.365,42.92],[-114.29,42.904],[-114.24,42.908],[-114.238,42.806],[-114.211,42.783],[-114.157,42.804],[-114.14,42.791],[-114.119,42.791],[-114.088,42.768],[-114.088,42.748],[-114.073,42.729],[-113.986,42.754],[-113.94,42.75],[-113.928,42.766],[-113.907,42.766],[-113.905,42.789],[-113.888,42.806],[-113.888,42.843],[-113.875,42.856],[-113.875,42.889],[-113.888,42.902],[-113.888,42.993],[-113.855,43.023],[-113.859,43.085],[-113.846,43.164],[-113.834,43.181],[-113.834,43.231],[-113.825,43.239],[-113.83,43.31],[-113.811,43.35],[-113.784,43.352],[-113.784,43.381],[-113.771,43.406],[-113.788,43.418],[-113.702,43.466],[-113.675,43.496],[-113.619,43.496],[-113.594,43.462],[-113.571,43.456],[-113.553,43.42],[-113.536,43.42],[-113.498,43.454],[-113.465,43.454],[-113.423,43.408],[-113.405,43.41],[-113.4,43.431],[-113.371,43.456],[-113.361,43.479],[-113.265,43.479],[-113.244,43.458],[-113.219,43.458],[-113.23,43.418],[-113.209,43.398],[-113.225,43.381],[-113.23,43.36],[-113.211,43.337],[-113.196,43.335],[-113.19,43.312],[-113.173,43.312],[-113.14,43.291],[-113.105,43.248],[-113.121,43.164],[-113.092,43.127],[-113.092,43.089],[-113.113,43.052],[-113.067,42.989],[-113.071,42.964],[-113.046,42.927],[-113.046,42.885],[-113.025,42.864],[-113.021,42.843],[-113.0,42.831],[-112.998,42.812],[-112.973,42.795],[-112.948,42.795],[-112.915,42.779],[-112.898,42.791],[-112.903,42.91],[-112.868,42.951],[-112.817,43.049],[-112.706,43.107],[-112.621,43.132],[-112.607,43.218],[-112.598,43.222],[-112.603,43.24],[-112.558,43.264],[-112.546,43.281],[-112.605,43.335],[-112.611,43.358],[-112.632,43.362],[-112.642,43.377],[-112.642,43.485],[-112.65,43.495],[-112.615,43.512],[-112.561,43.583],[-112.54,43.583],[-112.486,43.62],[-112.452,43.608],[-112.434,43.627],[-112.434,43.643],[-112.411,43.65],[-112.392,43.668],[-112.348,43.729],[-112.328,43.741],[-112.303,43.737],[-112.273,43.766],[-112.255,43.768],[-112.259,43.814],[-112.215,43.858],[-112.196,43.864],[-112.184,43.885],[-112.18,43.96],[-112.161,43.966],[-112.128,44.004],[-112.04,44.004],[-112.015,44.033],[-111.963,44.041],[-111.959,44.006],[-111.996,43.952],[-111.992,43.91],[-112.007,43.887],[-112.032,43.879],[-111.961,43.883],[-111.905,43.835],[-111.897,43.812],[-111.877,43.792],[-111.853,43.791],[-111.805,43.764],[-111.77,43.765],[-111.757,43.774],[-111.75,43.767],[-111.742,43.783],[-111.682,43.775],[-111.663,43.76],[-111.667,43.737],[-111.644,43.7],[-111.623,43.683],[-111.607,43.683],[-111.592,43.652],[-111.574,43.661],[-111.562,43.652],[-111.543,43.658],[-111.509,43.64],[-111.446,43.655],[-111.429,43.668],[-111.417,43.658],[-111.394,43.668],[-111.369,43.649],[-111.345,43.652],[-111.342,43.663],[-111.311,43.66],[-111.279,43.627],[-111.254,43.63],[-111.237,43.621],[-111.21,43.544],[-111.133,43.539],[-111.109,43.523],[-111.051,43.508],[-111.027,43.493],[-111.025,43.482],[-111.043,43.473],[-111.027,43.446],[-110.976,43.419],[-110.966,43.42],[-110.968,43.431],[-110.983,43.429],[-110.98,43.44],[-111.014,43.458],[-111.022,43.472],[-110.982,43.473],[-110.979,43.48],[-110.955,43.461],[-110.918,43.455],[-110.92,43.465],[-110.936,43.467],[-110.935,43.485],[-110.952,43.494],[-110.935,43.511],[-110.919,43.505],[-110.892,43.519],[-110.916,43.516],[-110.918,43.524],[-110.9,43.533],[-110.906,43.539],[-110.878,43.546],[-110.882,43.564],[-110.853,43.596],[-110.83,43.606],[-110.863,43.617],[-110.824,43.621],[-110.832,43.66],[-110.807,43.66],[-110.777,43.685],[-110.776,43.703],[-110.797,43.708],[-110.773,43.711],[-110.754,43.742],[-110.759,43.763],[-110.81,43.765],[-110.759,43.767],[-110.747,43.779],[-110.751,43.797],[-110.797,43.777],[-110.813,43.779],[-110.827,43.799],[-110.869,43.805],[-110.885,43.858],[-110.874,43.873],[-110.841,43.884],[-110.859,43.966],[-110.87,43.972],[-110.875,43.993],[-110.872,44.026],[-110.831,44.049],[-110.84,44.066],[-110.814,44.084],[-110.785,44.069],[-110.766,44.074],[-110.752,44.105],[-110.773,44.128],[-110.732,44.151],[-110.713,44.178],[-110.733,44.202],[-110.732,44.22],[-110.755,44.232],[-110.755,44.257],[-110.8,44.274],[-110.816,44.327],[-110.831,44.325],[-110.837,44.353],[-110.855,44.366],[-110.82,44.388],[-110.761,44.398],[-110.734,44.416],[-110.719,44.439],[-110.734,44.463],[-110.724,44.464],[-110.727,44.478],[-110.642,44.484],[-110.638,44.492],[-110.628,44.467],[-110.662,44.438],[-110.663,44.42],[-110.622,44.392],[-110.622,44.37],[-110.606,44.368],[-110.603,44.35],[-110.587,44.348],[-110.585,44.338],[-110.525,44.323],[-110.482,44.335],[-110.441,44.332],[-110.423,44.345],[-110.422,44.338],[-110.396,44.337],[-110.359,44.308],[-110.357,44.297],[-110.391,44.243],[-110.382,44.226],[-110.389,44.207],[-110.366,44.198],[-110.373,44.18],[-110.341,44.198],[-110.306,44.201],[-110.272,44.183],[-110.269,44.169],[-110.25,44.178],[-110.234,44.173],[-110.2,44.18],[-110.215,44.157],[-110.203,44.144],[-110.205,44.132],[-110.19,44.134],[-110.189,44.127],[-110.251,44.109],[-110.259,44.098],[-110.293,44.094],[-110.29,44.08],[-110.323,44.065],[-110.35,44.073],[-110.367,44.057],[-110.397,44.057],[-110.437,44.031],[-110.463,44.035],[-110.462,44.028],[-110.472,44.027],[-110.469,44.013],[-110.446,44.001],[-110.439,43.969],[-110.467,43.959],[-110.479,43.943],[-110.557,43.927],[-110.554,43.916],[-110.586,43.898],[-110.588,43.862],[-110.58,43.848],[-110.555,43.847],[-110.553,43.84],[-110.46,43.854],[-110.462,43.861],[-110.438,43.868],[-110.437,43.889],[-110.418,43.892],[-110.398,43.919],[-110.394,43.898],[-110.344,43.903],[-110.337,43.919],[-110.323,43.924],[-110.326,43.891],[-110.372,43.889],[-110.451,43.837],[-110.44,43.831],[-110.44,43.806],[-110.395,43.785],[-110.357,43.797],[-110.341,43.769],[-110.316,43.772],[-110.314,43.761],[-110.411,43.765],[-110.44,43.759],[-110.437,43.748],[-110.447,43.743],[-110.455,43.757],[-110.559,43.749],[-110.561,43.738],[-110.522,43.72],[-110.525,43.709],[-110.553,43.721],[-110.552,43.692],[-110.536,43.69],[-110.534,43.679],[-110.573,43.675],[-110.595,43.636],[-110.616,43.638],[-110.623,43.626],[-110.64,43.635],[-110.68,43.634],[-110.681,43.616],[-110.695,43.61],[-110.698,43.599],[-110.691,43.589],[-110.67,43.588],[-110.651,43.59],[-110.644,43.605],[-110.604,43.61],[-110.583,43.601],[-110.576,43.573],[-110.586,43.547],[-110.565,43.545],[-110.536,43.527],[-110.539,43.494],[-110.548,43.489],[-110.545,43.518],[-110.559,43.517],[-110.562,43.527],[-110.584,43.536],[-110.608,43.533],[-110.636,43.501],[-110.656,43.499],[-110.661,43.476],[-110.695,43.494],[-110.718,43.481],[-110.715,43.47],[-110.667,43.454],[-110.636,43.429],[-110.634,43.421],[-110.644,43.42],[-110.677,43.431],[-110.674,43.417],[-110.686,43.405],[-110.653,43.416],[-110.622,43.412],[-110.615,43.424],[-110.585,43.427],[-110.561,43.455],[-110.485,43.474],[-110.471,43.458],[-110.45,43.453],[-110.452,43.438],[-110.43,43.426],[-110.413,43.395],[-110.382,43.391],[-110.375,43.381],[-110.355,43.384],[-110.33,43.361],[-110.317,43.37],[-110.301,43.364],[-110.28,43.337],[-110.264,43.332],[-110.25,43.29],[-110.177,43.276],[-110.16,43.242],[-110.172,43.226],[-110.191,43.22],[-110.182,43.2],[-110.183,43.16],[-110.206,43.125],[-110.203,43.11],[-110.266,43.1],[-110.284,43.065],[-110.385,43.072],[-110.377,43.059],[-110.396,43.053],[-110.398,43.042],[-110.467,43.038],[-110.469,43.023],[-110.49,43.003],[-110.509,42.997],[-110.531,43.009],[-110.568,42.994],[-110.586,43.032],[-110.579,43.091],[-110.61,43.098],[-110.622,43.082],[-110.663,43.088],[-110.686,43.147],[-110.739,43.138],[-110.736,43.149],[-110.75,43.166],[-110.762,43.175],[-110.771,43.17],[-110.779,43.184],[-110.806,43.17],[-110.843,43.18],[-110.856,43.172],[-110.964,43.163],[-110.982,43.15],[-110.977,43.129],[-110.966,43.126],[-110.98,43.121],[-110.982,43.106],[-111.037,43.082],[-111.067,43.086],[-111.097,43.104],[-111.143,43.109],[-111.151,43.101],[-111.21,43.098],[-111.227,43.082],[-111.302,43.084],[-111.359,43.113],[-111.368,43.13],[-111.383,43.132],[-111.402,43.173],[-111.381,43.19],[-111.384,43.201],[-111.371,43.213],[-111.341,43.213],[-111.327,43.218],[-111.329,43.226],[-111.388,43.219],[-111.411,43.234],[-111.436,43.231],[-111.466,43.275],[-111.492,43.282],[-111.519,43.312],[-111.545,43.316],[-111.549,43.334],[-111.579,43.352],[-111.581,43.363],[-111.562,43.369],[-111.535,43.404],[-111.539,43.422],[-111.559,43.42],[-111.571,43.429],[-111.583,43.482],[-111.599,43.484],[-111.624,43.528],[-111.679,43.547],[-111.695,43.542],[-111.724,43.589],[-111.744,43.59],[-111.742,43.581],[-111.775,43.55],[-111.788,43.518],[-111.81,43.504],[-111.877,43.575],[-111.919,43.575],[-112.005,43.543],[-112.0,43.502],[-112.048,43.458],[-112.075,43.452],[-112.092,43.372],[-112.117,43.314],[-112.155,43.252],[-112.182,43.245],[-112.211,43.208],[-112.244,43.183],[-112.261,43.191],[-112.307,43.17],[-112.369,43.187],[-112.419,43.158],[-112.444,43.17],[-112.484,43.143],[-112.482,43.074],[-112.352,43.075],[-112.338,43.103],[-112.292,43.119],[-112.282,43.139],[-112.253,43.124],[-112.256,43.116],[-112.235,43.112],[-112.216,43.074],[-112.185,43.067],[-112.181,43.053],[-112.19,43.048],[-112.178,43.039],[-112.179,43.024],[-112.172,43.036],[-112.153,43.039],[-112.134,43.023],[-112.082,43.036],[-112.085,43.029],[-112.056,43.011],[-112.052,42.993],[-112.054,42.982],[-112.088,42.978],[-112.087,42.949],[-112.13,42.943],[-112.128,42.933],[-112.141,42.924],[-112.136,42.903],[-112.305,42.9],[-112.311,42.884],[-112.34,42.877],[-112.331,42.864],[-112.343,42.851],[-112.363,42.849],[-112.4,42.88],[-112.437,42.887],[-112.449,42.874],[-112.473,42.871],[-112.495,42.839],[-112.505,42.838],[-112.51,42.819],[-112.481,42.739],[-112.458,42.728],[-112.458,42.706],[-112.428,42.702],[-112.414,42.646],[-112.373,42.64],[-112.388,42.62],[-112.377,42.596],[-112.383,42.577],[-112.395,42.565],[-112.419,42.562],[-112.419,42.544],[-112.444,42.544],[-112.457,42.557],[-112.466,42.53],[-112.484,42.524],[-112.479,42.503],[-112.49,42.487],[-112.487,42.473],[-112.505,42.464],[-112.494,42.44],[-112.499,42.421],[-112.532,42.369],[-112.523,42.356],[-112.508,42.354],[-112.514,42.339],[-112.565,42.343],[-112.571,42.368],[-112.621,42.369],[-112.64,42.385],[-112.654,42.383],[-112.661,42.393],[-112.647,42.435],[-112.655,42.47],[-112.675,42.471],[-112.714,42.448],[-112.718,42.414],[-112.709,42.398],[-112.726,42.389],[-112.726,42.368],[-112.801,42.339],[-112.814,42.306],[-112.805,42.285],[-112.82,42.266],[-112.845,42.262],[-112.857,42.25],[-112.895,42.262],[-112.92,42.258],[-112.926,42.273],[-112.916,42.291],[-112.957,42.291],[-112.966,42.27],[-112.989,42.26],[-112.98,42.248],[-112.995,42.233],[-113.02,42.216],[-113.049,42.216],[-113.051,42.202],[-113.091,42.162],[-113.124,42.154],[-113.122,42.118],[-113.101,42.11],[-113.105,42.089],[-113.143,42.073],[-113.143,42.035],[-113.266,41.92],[-113.332,41.904],[-113.362,41.904],[-113.37,41.912],[-113.386,41.912],[-113.391,41.904],[-113.411,41.908],[-113.545,41.862],[-113.566,41.862],[-113.591,41.879],[-113.616,41.87],[-113.666,41.879],[-113.663,41.86],[-113.676,41.835],[-113.672,41.802],[-113.68,41.798],[-113.676,41.772],[-113.699,41.766],[-113.711,41.75],[-113.759,41.798],[-113.786,41.866],[-113.807,41.866],[-113.816,41.879],[-113.845,41.87],[-113.874,41.891],[-113.891,41.866],[-113.943,41.843],[-113.943,41.802],[-113.957,41.791],[-114.003,41.8],[-114.028,41.787],[-114.045,41.795],[-114.076,41.735],[-114.076,41.698],[-114.086,41.691],[-114.128,41.712],[-114.195,41.716],[-114.203,41.725],[-114.211,41.712],[-114.239,41.706],[-114.241,41.687],[-114.261,41.683],[-114.268,41.71],[-114.293,41.714],[-114.293,41.739],[-114.324,41.77],[-114.349,41.775],[-114.411,41.833],[-114.447,41.852],[-114.407,41.904],[-114.353,41.92],[-114.332,41.916],[-114.301,41.943],[-114.301,42.006],[-114.293,42.014],[-114.301,42.06],[-114.288,42.098],[-114.297,42.173],[-114.27,42.175]]]}},{"id":"16","type":"Feature","properties":{"code":"US_TRIB","name":"Upper Snake Tributaries","region":"Snake River","area":4449.0},"geometry":{"type":"MultiPolygon","coordinates":[[[[-110.064,43.698],[-110.033,43.672],[-110.048,43.671],[-110.06,43.655],[-110.056,43.634],[-110.045,43.631],[-110.036,43.61],[-110.051,43.609],[-110.057,43.59],[-110.024,43.579],[-110.026,43.561],[-110.001,43.563],[-109.978,43.548],[-109.958,43.55],[-109.945,43.537],[-109.94,43.512],[-109.952,43.496],[-109.948,43.475],[-109.917,43.471],[-109.889,43.485],[-109.875,43.464],[-109.841,43.468],[-109.818,43.456],[-109.794,43.462],[-109.781,43.445],[-109.771,43.446],[-109.767,43.403],[-109.789,43.387],[-109.8,43.393],[-109.809,43.385],[-109.873,43.381],[-109.904,43.407],[-109.934,43.407],[-109.942,43.421],[-109.966,43.418],[-110.002,43.447],[-110.027,43.445],[-110.039,43.458],[-110.069,43.455],[-110.092,43.445],[-110.083,43.402],[-110.113,43.403],[-110.104,43.382],[-110.112,43.374],[-110.112,43.348],[-110.194,43.358],[-110.238,43.353],[-110.254,43.333],[-110.269,43.331],[-110.312,43.37],[-110.33,43.361],[-110.355,43.384],[-110.375,43.381],[-110.382,43.391],[-110.413,43.395],[-110.43,43.426],[-110.452,43.438],[-110.45,43.453],[-110.471,43.458],[-110.485,43.474],[-110.561,43.455],[-110.585,43.427],[-110.615,43.424],[-110.622,43.412],[-110.653,43.416],[-110.686,43.405],[-110.674,43.417],[-110.677,43.431],[-110.644,43.42],[-110.634,43.421],[-110.636,43.429],[-110.667,43.454],[-110.715,43.47],[-110.718,43.481],[-110.695,43.494],[-110.661,43.476],[-110.66,43.495],[-110.636,43.501],[-110.608,43.533],[-110.584,43.536],[-110.562,43.527],[-110.559,43.517],[-110.545,43.518],[-110.548,43.489],[-110.539,43.494],[-110.536,43.527],[-110.565,43.545],[-110.586,43.547],[-110.576,43.573],[-110.583,43.601],[-110.604,43.61],[-110.644,43.605],[-110.651,43.59],[-110.67,43.588],[-110.691,43.589],[-110.698,43.599],[-110.695,43.61],[-110.681,43.616],[-110.68,43.634],[-110.64,43.635],[-110.623,43.626],[-110.616,43.638],[-110.595,43.636],[-110.573,43.675],[-110.534,43.679],[-110.536,43.69],[-110.552,43.692],[-110.553,43.721],[-110.525,43.709],[-110.522,43.72],[-110.561,43.738],[-110.559,43.749],[-110.455,43.757],[-110.447,43.743],[-110.437,43.748],[-110.44,43.759],[-110.411,43.765],[-110.314,43.761],[-110.316,43.772],[-110.341,43.769],[-110.357,43.797],[-110.395,43.785],[-110.44,43.806],[-110.44,43.831],[-110.451,43.837],[-110.372,43.889],[-110.326,43.891],[-110.323,43.924],[-110.337,43.919],[-110.344,43.903],[-110.394,43.898],[-110.393,43.92],[-110.398,43.919],[-110.418,43.892],[-110.437,43.889],[-110.438,43.868],[-110.462,43.861],[-110.46,43.854],[-110.553,43.84],[-110.555,43.847],[-110.58,43.848],[-110.588,43.862],[-110.586,43.898],[-110.554,43.916],[-110.557,43.927],[-110.479,43.943],[-110.467,43.959],[-110.439,43.969],[-110.446,44.001],[-110.469,44.013],[-110.472,44.027],[-110.462,44.028],[-110.463,44.035],[-110.437,44.031],[-110.397,44.057],[-110.367,44.057],[-110.35,44.073],[-110.323,44.065],[-110.29,44.08],[-110.293,44.094],[-110.259,44.098],[-110.223,44.12],[-110.192,44.116],[-110.184,44.08],[-110.2,44.06],[-110.183,44.026],[-110.11,43.994],[-110.042,44.005],[-110.019,43.967],[-110.003,43.965],[-110.0,43.948],[-109.947,43.964],[-109.922,43.941],[-109.879,43.95],[-109.879,43.928],[-109.859,43.926],[-109.853,43.898],[-109.837,43.896],[-109.829,43.879],[-109.836,43.863],[-109.851,43.862],[-109.848,43.848],[-109.859,43.828],[-109.9,43.831],[-109.912,43.841],[-109.904,43.827],[-109.889,43.825],[-109.89,43.807],[-109.945,43.805],[-109.953,43.793],[-109.987,43.789],[-110.01,43.802],[-110.033,43.792],[-110.047,43.761],[-110.084,43.746],[-110.066,43.734],[-110.064,43.698]]],[[[-110.753,42.578],[-110.793,42.559],[-110.794,42.541],[-110.828,42.533],[-110.838,42.514],[-110.835,42.5],[-110.855,42.498],[-110.857,42.487],[-110.892,42.486],[-110.897,42.511],[-110.917,42.512],[-110.917,42.534],[-110.953,42.541],[-110.982,42.537],[-110.986,42.508],[-111.029,42.503],[-111.038,42.542],[-111.072,42.541],[-111.097,42.564],[-111.115,42.554],[-111.11,42.486],[-111.16,42.488],[-111.167,42.476],[-111.191,42.473],[-111.242,42.478],[-111.252,42.502],[-111.238,42.504],[-111.218,42.571],[-111.223,42.592],[-111.242,42.59],[-111.244,42.601],[-111.231,42.628],[-111.216,42.63],[-111.198,42.617],[-111.185,42.626],[-111.185,42.669],[-111.162,42.676],[-111.151,42.717],[-111.183,42.749],[-111.192,42.792],[-111.18,42.804],[-111.182,42.815],[-111.221,42.832],[-111.254,42.89],[-111.23,42.896],[-111.22,42.916],[-111.188,42.908],[-111.191,42.919],[-111.225,42.962],[-111.293,42.954],[-111.291,42.965],[-111.326,42.99],[-111.329,43.001],[-111.316,43.013],[-111.301,43.011],[-111.299,43.026],[-111.29,43.027],[-111.296,43.055],[-111.318,43.067],[-111.316,43.078],[-111.227,43.082],[-111.21,43.098],[-111.151,43.101],[-111.143,43.109],[-111.097,43.104],[-111.067,43.086],[-111.037,43.082],[-110.982,43.106],[-110.98,43.121],[-110.966,43.126],[-110.977,43.129],[-110.982,43.15],[-110.964,43.163],[-110.856,43.172],[-110.843,43.18],[-110.806,43.17],[-110.779,43.184],[-110.771,43.17],[-110.762,43.175],[-110.75,43.166],[-110.736,43.149],[-110.739,43.138],[-110.686,43.147],[-110.663,43.088],[-110.622,43.082],[-110.61,43.098],[-110.579,43.091],[-110.586,43.032],[-110.57,43.001],[-110.643,42.996],[-110.628,42.973],[-110.63,42.958],[-110.604,42.95],[-110.598,42.925],[-110.619,42.905],[-110.6,42.889],[-110.571,42.82],[-110.586,42.796],[-110.61,42.794],[-110.633,42.806],[-110.642,42.804],[-110.645,42.793],[-110.632,42.758],[-110.638,42.736],[-110.622,42.734],[-110.62,42.724],[-110.642,42.71],[-110.645,42.699],[-110.641,42.681],[-110.614,42.674],[-110.615,42.652],[-110.633,42.643],[-110.624,42.6],[-110.635,42.584],[-110.631,42.567],[-110.616,42.565],[-110.616,42.543],[-110.638,42.53],[-110.664,42.534],[-110.696,42.523],[-110.71,42.54],[-110.721,42.593],[-110.741,42.59],[-110.753,42.603],[-110.763,42.602],[-110.753,42.578]]],[[[-111.014,43.433],[-111.043,43.473],[-111.016,43.487],[-110.999,43.478],[-110.981,43.487],[-110.959,43.483],[-110.956,43.537],[-110.929,43.551],[-110.918,43.571],[-110.904,43.572],[-110.92,43.6],[-110.94,43.601],[-110.949,43.618],[-110.912,43.633],[-110.91,43.67],[-110.892,43.683],[-110.828,43.686],[-110.845,43.721],[-110.855,43.719],[-110.857,43.752],[-110.846,43.768],[-110.863,43.802],[-110.827,43.799],[-110.813,43.779],[-110.797,43.777],[-110.751,43.797],[-110.747,43.779],[-110.759,43.767],[-110.81,43.765],[-110.753,43.76],[-110.773,43.711],[-110.797,43.708],[-110.776,43.703],[-110.777,43.685],[-110.807,43.66],[-110.832,43.66],[-110.824,43.621],[-110.863,43.617],[-110.83,43.606],[-110.853,43.596],[-110.882,43.564],[-110.878,43.546],[-110.906,43.539],[-110.9,43.533],[-110.918,43.524],[-110.916,43.516],[-110.907,43.521],[-110.892,43.519],[-110.919,43.505],[-110.935,43.511],[-110.952,43.494],[-110.935,43.485],[-110.936,43.467],[-110.92,43.465],[-110.918,43.455],[-110.955,43.461],[-110.979,43.48],[-110.982,43.473],[-111.018,43.476],[-111.014,43.458],[-110.98,43.44],[-110.983,43.429],[-110.968,43.431],[-110.966,43.42],[-110.976,43.419],[-110.977,43.426],[-111.014,43.433]]],[[[-111.804,43.507],[-111.742,43.581],[-111.748,43.586],[-111.724,43.589],[-111.695,43.542],[-111.679,43.547],[-111.624,43.528],[-111.599,43.484],[-111.583,43.482],[-111.571,43.429],[-111.559,43.42],[-111.539,43.422],[-111.535,43.404],[-111.552,43.391],[-111.55,43.381],[-111.581,43.363],[-111.572,43.346],[-111.549,43.334],[-111.545,43.316],[-111.519,43.312],[-111.492,43.282],[-111.466,43.275],[-111.436,43.231],[-111.411,43.234],[-111.388,43.219],[-111.34,43.228],[-111.327,43.218],[-111.371,43.213],[-111.384,43.201],[-111.381,43.19],[-111.399,43.181],[-111.401,43.166],[-111.494,43.137],[-111.512,43.106],[-111.558,43.086],[-111.583,43.086],[-111.604,43.113],[-111.644,43.112],[-111.657,43.125],[-111.676,43.122],[-111.683,43.107],[-111.694,43.113],[-111.7,43.138],[-111.71,43.137],[-111.716,43.121],[-111.702,43.083],[-111.756,43.076],[-111.754,43.091],[-111.785,43.116],[-111.804,43.176],[-111.814,43.175],[-111.817,43.189],[-111.827,43.188],[-111.824,43.195],[-111.852,43.21],[-111.855,43.221],[-111.869,43.219],[-111.881,43.247],[-111.896,43.248],[-111.902,43.273],[-111.882,43.275],[-111.89,43.285],[-111.86,43.289],[-111.878,43.32],[-111.859,43.347],[-111.859,43.369],[-111.844,43.371],[-111.866,43.397],[-111.86,43.438],[-111.854,43.453],[-111.826,43.464],[-111.828,43.475],[-111.812,43.491],[-111.815,43.505],[-111.804,43.507]]],[[[-111.97,42.451],[-111.953,42.439],[-111.976,42.389],[-112.011,42.37],[-112.016,42.351],[-112.034,42.342],[-112.078,42.34],[-112.09,42.327],[-112.084,42.299],[-112.097,42.294],[-112.1,42.283],[-112.137,42.296],[-112.157,42.294],[-112.194,42.347],[-112.266,42.338],[-112.277,42.319],[-112.291,42.317],[-112.304,42.33],[-112.328,42.326],[-112.329,42.352],[-112.307,42.365],[-112.29,42.397],[-112.299,42.454],[-112.342,42.448],[-112.369,42.459],[-112.365,42.482],[-112.379,42.48],[-112.384,42.501],[-112.441,42.53],[-112.444,42.544],[-112.419,42.544],[-112.419,42.562],[-112.395,42.565],[-112.383,42.577],[-112.377,42.596],[-112.388,42.62],[-112.373,42.64],[-112.414,42.646],[-112.428,42.702],[-112.458,42.706],[-112.458,42.728],[-112.481,42.739],[-112.51,42.819],[-112.505,42.838],[-112.495,42.839],[-112.473,42.871],[-112.449,42.874],[-112.437,42.887],[-112.4,42.88],[-112.363,42.849],[-112.343,42.851],[-112.331,42.864],[-112.34,42.877],[-112.311,42.884],[-112.305,42.9],[-112.136,42.903],[-112.141,42.924],[-112.128,42.933],[-112.13,42.943],[-112.087,42.949],[-112.088,42.978],[-112.054,42.982],[-112.056,43.011],[-112.086,43.032],[-112.069,43.045],[-112.078,43.062],[-112.065,43.09],[-112.036,43.097],[-112.038,43.104],[-112.007,43.1],[-112.009,43.107],[-111.999,43.109],[-111.956,43.074],[-111.936,43.076],[-111.94,43.05],[-111.931,43.033],[-111.941,43.032],[-111.935,43.007],[-111.951,42.987],[-111.948,42.977],[-111.906,42.967],[-111.903,42.957],[-111.855,42.919],[-111.821,42.905],[-111.816,42.88],[-111.79,42.855],[-111.776,42.86],[-111.744,42.831],[-111.718,42.823],[-111.722,42.732],[-111.707,42.734],[-111.688,42.715],[-111.668,42.717],[-111.66,42.7],[-111.686,42.707],[-111.717,42.689],[-111.711,42.665],[-111.784,42.634],[-111.789,42.615],[-111.829,42.614],[-111.843,42.59],[-111.86,42.596],[-111.881,42.578],[-111.897,42.584],[-111.898,42.547],[-111.938,42.546],[-111.929,42.507],[-111.99,42.492],[-111.972,42.48],[-111.97,42.451]]]]}},{"id":"17","type":"Feature","properties":{"code":"PO_CLARK","name":"Clark Fork River Basin","region":"Upper Columbia Basin","area":10739.0},"geometry":{"type":"Polygon","coordinates":[[[-115.098,47.316],[-115.09,47.3],[-115.048,47.287],[-115.007,47.295],[-114.994,47.308],[-114.969,47.3],[-114.947,47.311],[-114.882,47.283],[-114.811,47.275],[-114.786,47.262],[-114.732,47.262],[-114.711,47.254],[-114.684,47.273],[-114.566,47.258],[-114.526,47.232],[-114.463,47.218],[-114.46,47.208],[-114.424,47.213],[-114.379,47.186],[-114.353,47.189],[-114.354,47.156],[-114.274,47.119],[-114.158,47.141],[-114.155,47.131],[-114.133,47.13],[-114.124,47.117],[-114.131,47.104],[-114.122,47.069],[-114.107,47.056],[-114.04,47.043],[-114.02,47.031],[-113.948,47.059],[-113.95,47.077],[-113.911,47.104],[-113.863,47.081],[-113.798,47.097],[-113.758,47.087],[-113.749,47.074],[-113.712,47.075],[-113.731,47.084],[-113.724,47.099],[-113.735,47.098],[-113.74,47.116],[-113.695,47.11],[-113.666,47.121],[-113.675,47.135],[-113.716,47.148],[-113.722,47.169],[-113.69,47.188],[-113.696,47.21],[-113.717,47.21],[-113.743,47.226],[-113.727,47.246],[-113.737,47.282],[-113.75,47.291],[-113.72,47.317],[-113.698,47.316],[-113.665,47.331],[-113.669,47.346],[-113.658,47.347],[-113.661,47.358],[-113.641,47.382],[-113.605,47.387],[-113.533,47.418],[-113.521,47.413],[-113.523,47.401],[-113.511,47.395],[-113.504,47.371],[-113.486,47.362],[-113.482,47.348],[-113.426,47.34],[-113.431,47.299],[-113.421,47.3],[-113.417,47.286],[-113.402,47.288],[-113.397,47.27],[-113.369,47.266],[-113.37,47.251],[-113.334,47.234],[-113.299,47.242],[-113.268,47.228],[-113.262,47.247],[-113.249,47.256],[-113.252,47.307],[-113.207,47.302],[-113.209,47.309],[-113.188,47.308],[-113.18,47.32],[-113.159,47.322],[-113.133,47.303],[-113.118,47.265],[-113.125,47.253],[-113.102,47.245],[-113.069,47.264],[-113.038,47.268],[-113.031,47.28],[-113.009,47.279],[-112.999,47.302],[-112.978,47.304],[-112.944,47.338],[-112.924,47.341],[-112.872,47.325],[-112.868,47.311],[-112.857,47.312],[-112.861,47.304],[-112.831,47.312],[-112.822,47.298],[-112.8,47.297],[-112.798,47.29],[-112.778,47.296],[-112.765,47.287],[-112.728,47.287],[-112.724,47.27],[-112.745,47.249],[-112.742,47.238],[-112.72,47.237],[-112.688,47.215],[-112.67,47.228],[-112.63,47.219],[-112.6,47.226],[-112.595,47.186],[-112.575,47.189],[-112.559,47.169],[-112.492,47.177],[-112.44,47.161],[-112.421,47.108],[-112.393,47.1],[-112.375,47.073],[-112.348,47.073],[-112.341,47.044],[-112.32,47.047],[-112.313,47.018],[-112.34,47.019],[-112.323,46.995],[-112.336,46.982],[-112.402,46.949],[-112.441,46.955],[-112.456,46.931],[-112.495,46.916],[-112.486,46.902],[-112.499,46.89],[-112.482,46.866],[-112.49,46.854],[-112.505,46.852],[-112.502,46.841],[-112.52,46.828],[-112.515,46.807],[-112.528,46.798],[-112.524,46.78],[-112.556,46.761],[-112.532,46.75],[-112.528,46.736],[-112.48,46.734],[-112.472,46.72],[-112.42,46.727],[-112.386,46.716],[-112.342,46.732],[-112.326,46.731],[-112.322,46.716],[-112.311,46.714],[-112.311,46.692],[-112.328,46.675],[-112.294,46.603],[-112.319,46.578],[-112.295,46.522],[-112.311,46.502],[-112.302,46.466],[-112.322,46.442],[-112.311,46.417],[-112.344,46.402],[-112.346,46.388],[-112.396,46.378],[-112.398,46.385],[-112.413,46.383],[-112.427,46.356],[-112.452,46.349],[-112.453,46.331],[-112.468,46.329],[-112.477,46.342],[-112.502,46.339],[-112.504,46.328],[-112.537,46.331],[-112.557,46.307],[-112.568,46.309],[-112.557,46.267],[-112.596,46.233],[-112.581,46.216],[-112.571,46.217],[-112.582,46.198],[-112.577,46.18],[-112.546,46.18],[-112.544,46.173],[-112.53,46.178],[-112.532,46.186],[-112.51,46.184],[-112.517,46.129],[-112.496,46.106],[-112.473,46.098],[-112.463,46.08],[-112.472,46.054],[-112.449,46.046],[-112.438,46.021],[-112.435,46.011],[-112.445,46.006],[-112.436,45.97],[-112.444,45.962],[-112.434,45.941],[-112.418,45.943],[-112.406,45.872],[-112.456,45.844],[-112.449,45.815],[-112.48,45.811],[-112.487,45.821],[-112.503,45.82],[-112.515,45.785],[-112.55,45.821],[-112.56,45.82],[-112.557,45.828],[-112.584,45.831],[-112.592,45.863],[-112.616,45.875],[-112.658,45.877],[-112.66,45.884],[-112.717,45.881],[-112.731,45.897],[-112.764,45.904],[-112.757,45.916],[-112.765,45.926],[-112.794,45.919],[-112.797,45.929],[-112.814,45.935],[-112.838,45.928],[-112.84,45.935],[-112.872,45.935],[-112.902,45.931],[-112.899,45.92],[-112.913,45.915],[-112.939,45.974],[-112.94,45.996],[-112.925,46.001],[-112.927,46.008],[-112.959,46.012],[-112.963,46.026],[-113.009,46.02],[-113.023,46.036],[-113.101,46.052],[-113.103,46.059],[-113.15,46.061],[-113.152,46.068],[-113.194,46.048],[-113.281,46.059],[-113.278,46.048],[-113.317,46.017],[-113.333,46.015],[-113.331,46.008],[-113.39,46.015],[-113.419,45.986],[-113.449,45.978],[-113.461,45.984],[-113.472,45.968],[-113.46,45.962],[-113.476,45.942],[-113.504,45.949],[-113.517,45.94],[-113.522,45.921],[-113.541,45.911],[-113.532,45.879],[-113.587,45.869],[-113.591,45.846],[-113.614,45.85],[-113.626,45.838],[-113.671,45.832],[-113.7,45.843],[-113.753,45.803],[-113.791,45.79],[-113.787,45.776],[-113.811,45.747],[-113.85,45.757],[-113.863,45.784],[-113.873,45.783],[-113.871,45.776],[-113.899,45.765],[-113.92,45.744],[-113.903,45.702],[-113.967,45.686],[-113.971,45.7],[-113.988,45.705],[-114.021,45.694],[-114.033,45.681],[-114.02,45.672],[-114.014,45.651],[-114.062,45.633],[-114.072,45.613],[-114.086,45.608],[-114.082,45.594],[-114.127,45.584],[-114.135,45.557],[-114.185,45.55],[-114.192,45.538],[-114.237,45.551],[-114.252,45.545],[-114.249,45.516],[-114.263,45.492],[-114.285,45.478],[-114.301,45.48],[-114.331,45.457],[-114.348,45.459],[-114.38,45.502],[-114.424,45.507],[-114.43,45.531],[-114.455,45.546],[-114.46,45.564],[-114.505,45.554],[-114.514,45.568],[-114.563,45.557],[-114.556,45.569],[-114.561,45.587],[-114.539,45.601],[-114.565,45.638],[-114.507,45.657],[-114.498,45.68],[-114.506,45.69],[-114.494,45.702],[-114.496,45.71],[-114.532,45.708],[-114.53,45.738],[-114.546,45.739],[-114.546,45.758],[-114.564,45.766],[-114.563,45.781],[-114.544,45.787],[-114.547,45.798],[-114.518,45.824],[-114.514,45.847],[-114.462,45.85],[-114.44,45.864],[-114.411,45.853],[-114.383,45.887],[-114.409,45.905],[-114.43,45.942],[-114.398,45.958],[-114.408,45.975],[-114.455,45.994],[-114.481,45.991],[-114.489,46.001],[-114.473,46.018],[-114.498,46.051],[-114.464,46.063],[-114.472,46.073],[-114.458,46.078],[-114.456,46.09],[-114.474,46.116],[-114.518,46.122],[-114.526,46.15],[-114.503,46.164],[-114.483,46.167],[-114.47,46.157],[-114.44,46.184],[-114.445,46.238],[-114.468,46.246],[-114.47,46.271],[-114.462,46.28],[-114.426,46.281],[-114.437,46.302],[-114.417,46.326],[-114.41,46.357],[-114.424,46.388],[-114.383,46.412],[-114.383,46.43],[-114.368,46.432],[-114.371,46.443],[-114.381,46.442],[-114.382,46.464],[-114.402,46.479],[-114.403,46.501],[-114.343,46.513],[-114.349,46.553],[-114.327,46.57],[-114.344,46.59],[-114.323,46.611],[-114.326,46.659],[-114.339,46.668],[-114.397,46.667],[-114.409,46.655],[-114.432,46.659],[-114.462,46.633],[-114.505,46.634],[-114.511,46.619],[-114.541,46.615],[-114.59,46.637],[-114.606,46.635],[-114.638,46.657],[-114.644,46.678],[-114.623,46.696],[-114.628,46.713],[-114.657,46.739],[-114.703,46.732],[-114.709,46.717],[-114.744,46.712],[-114.747,46.701],[-114.766,46.694],[-114.769,46.705],[-114.779,46.703],[-114.785,46.725],[-114.765,46.746],[-114.771,46.767],[-114.807,46.781],[-114.844,46.779],[-114.841,46.787],[-114.85,46.8],[-114.86,46.799],[-114.864,46.813],[-114.91,46.807],[-114.924,46.853],[-114.948,46.864],[-114.927,46.882],[-114.936,46.895],[-114.931,46.914],[-114.965,46.939],[-114.98,46.937],[-115.001,46.971],[-115.049,46.972],[-115.067,46.995],[-115.079,47.037],[-115.131,47.067],[-115.14,47.099],[-115.174,47.105],[-115.201,47.142],[-115.217,47.14],[-115.254,47.157],[-115.261,47.182],[-115.3,47.187],[-115.291,47.211],[-115.296,47.225],[-115.321,47.24],[-115.321,47.254],[-115.334,47.264],[-115.359,47.256],[-115.378,47.268],[-115.415,47.267],[-115.425,47.28],[-115.509,47.29],[-115.527,47.299],[-115.555,47.354],[-115.576,47.355],[-115.582,47.372],[-115.597,47.37],[-115.6,47.381],[-115.643,47.378],[-115.661,47.402],[-115.676,47.399],[-115.68,47.414],[-115.76,47.428],[-115.753,47.44],[-115.714,47.453],[-115.636,47.461],[-115.631,47.48],[-115.579,47.469],[-115.527,47.476],[-115.517,47.496],[-115.475,47.465],[-115.46,47.467],[-115.453,47.48],[-115.39,47.485],[-115.363,47.485],[-115.342,47.469],[-115.32,47.469],[-115.283,47.489],[-115.19,47.45],[-115.157,47.445],[-115.136,47.428],[-115.161,47.395],[-115.18,47.393],[-115.18,47.377],[-115.125,47.354],[-115.117,47.322],[-115.098,47.316]]]}},{"id":"18","type":"Feature","properties":{"code":"UC_MAIN","name":"Columbia River Basin abv Arrow Dam","region":"Upper Columbia Basin","area":24149.0},"geometry":{"type":"Polygon","coordinates":[[[-118.977,48.7],[-119.034,48.752],[-119.037,48.789],[-119.005,48.798],[-119.032,48.837],[-119.047,48.821],[-119.073,48.82],[-119.103,48.787],[-119.123,48.787],[-119.134,48.797],[-119.139,48.813],[-119.13,48.835],[-119.148,48.841],[-119.163,48.862],[-119.143,48.869],[-119.147,48.91],[-119.181,48.941],[-119.183,48.96],[-119.217,48.962],[-119.222,48.976],[-119.21,48.989],[-119.214,49.0],[-119.194,49.007],[-119.207,49.057],[-119.232,49.064],[-119.269,49.058],[-119.291,49.073],[-119.296,49.087],[-119.273,49.099],[-119.283,49.142],[-119.261,49.142],[-119.258,49.165],[-119.239,49.172],[-119.237,49.183],[-119.226,49.182],[-119.216,49.202],[-119.183,49.204],[-119.182,49.215],[-119.222,49.231],[-119.206,49.264],[-119.212,49.282],[-119.177,49.306],[-119.182,49.321],[-119.204,49.321],[-119.212,49.342],[-119.253,49.346],[-119.254,49.365],[-119.244,49.367],[-119.249,49.381],[-119.286,49.39],[-119.312,49.385],[-119.328,49.397],[-119.36,49.392],[-119.36,49.422],[-119.377,49.453],[-119.348,49.466],[-119.341,49.478],[-119.326,49.481],[-119.322,49.47],[-119.304,49.469],[-119.298,49.497],[-119.304,49.529],[-119.335,49.551],[-119.351,49.593],[-119.344,49.606],[-119.361,49.621],[-119.352,49.627],[-119.367,49.636],[-119.375,49.657],[-119.372,49.68],[-119.346,49.699],[-119.299,49.711],[-119.298,49.722],[-119.266,49.728],[-119.261,49.744],[-119.179,49.75],[-119.144,49.793],[-119.14,49.828],[-119.114,49.817],[-119.112,49.799],[-119.061,49.796],[-119.049,49.824],[-119.03,49.835],[-119.026,49.854],[-118.991,49.852],[-118.953,49.915],[-118.907,49.9],[-118.899,49.909],[-118.906,49.927],[-118.866,49.941],[-118.855,49.958],[-118.813,49.95],[-118.794,49.975],[-118.819,49.997],[-118.79,50.025],[-118.79,50.04],[-118.745,50.058],[-118.717,50.059],[-118.684,50.091],[-118.652,50.096],[-118.643,50.086],[-118.607,50.081],[-118.585,50.099],[-118.567,50.095],[-118.554,50.108],[-118.522,50.113],[-118.507,50.101],[-118.491,50.103],[-118.489,50.115],[-118.466,50.13],[-118.422,50.133],[-118.407,50.139],[-118.406,50.151],[-118.367,50.168],[-118.35,50.167],[-118.311,50.14],[-118.283,50.14],[-118.278,50.156],[-118.252,50.164],[-118.26,50.185],[-118.236,50.197],[-118.246,50.225],[-118.257,50.224],[-118.28,50.288],[-118.241,50.305],[-118.265,50.324],[-118.262,50.332],[-118.314,50.335],[-118.323,50.345],[-118.309,50.355],[-118.306,50.378],[-118.286,50.385],[-118.277,50.405],[-118.266,50.407],[-118.271,50.436],[-118.213,50.434],[-118.216,50.441],[-118.202,50.451],[-118.206,50.461],[-118.186,50.468],[-118.186,50.483],[-118.169,50.486],[-118.173,50.497],[-118.213,50.513],[-118.202,50.53],[-118.218,50.542],[-118.178,50.556],[-118.179,50.575],[-118.165,50.6],[-118.172,50.621],[-118.184,50.623],[-118.184,50.638],[-118.2,50.636],[-118.207,50.654],[-118.176,50.662],[-118.21,50.679],[-118.208,50.736],[-118.227,50.741],[-118.245,50.761],[-118.276,50.846],[-118.288,50.848],[-118.295,50.866],[-118.266,50.882],[-118.27,50.893],[-118.313,50.886],[-118.327,50.94],[-118.35,50.941],[-118.381,50.962],[-118.395,51.002],[-118.421,50.994],[-118.438,51.055],[-118.423,51.061],[-118.426,51.069],[-118.463,51.078],[-118.467,51.088],[-118.479,51.09],[-118.479,51.105],[-118.498,51.11],[-118.503,51.124],[-118.486,51.139],[-118.495,51.148],[-118.473,51.167],[-118.484,51.18],[-118.546,51.178],[-118.55,51.189],[-118.568,51.19],[-118.567,51.205],[-118.546,51.208],[-118.543,51.216],[-118.571,51.231],[-118.578,51.249],[-118.55,51.268],[-118.553,51.291],[-118.539,51.3],[-118.542,51.308],[-118.587,51.304],[-118.602,51.313],[-118.6,51.325],[-118.612,51.327],[-118.62,51.363],[-118.594,51.371],[-118.588,51.387],[-118.598,51.397],[-118.621,51.397],[-118.611,51.433],[-118.618,51.451],[-118.629,51.449],[-118.635,51.467],[-118.673,51.461],[-118.709,51.478],[-118.715,51.496],[-118.696,51.507],[-118.699,51.514],[-118.717,51.515],[-118.735,51.535],[-118.767,51.526],[-118.779,51.543],[-118.797,51.529],[-118.834,51.534],[-118.827,51.562],[-118.835,51.583],[-118.815,51.594],[-118.819,51.635],[-118.842,51.635],[-118.86,51.651],[-118.881,51.644],[-118.925,51.686],[-118.927,51.705],[-118.916,51.707],[-118.922,51.725],[-118.906,51.728],[-118.9,51.744],[-118.889,51.745],[-118.892,51.768],[-118.899,51.786],[-118.918,51.79],[-118.922,51.801],[-118.943,51.794],[-118.962,51.814],[-118.966,51.824],[-118.952,51.834],[-118.952,51.849],[-118.982,51.867],[-118.985,51.875],[-118.967,51.889],[-118.968,51.908],[-118.991,51.938],[-118.969,51.942],[-118.953,51.929],[-118.92,51.935],[-118.917,51.927],[-118.896,51.95],[-118.895,51.961],[-118.91,51.97],[-118.965,51.977],[-118.973,51.998],[-118.948,52.01],[-118.952,52.021],[-118.94,52.034],[-118.852,52.048],[-118.852,52.064],[-118.874,52.075],[-118.854,52.086],[-118.868,52.107],[-118.85,52.121],[-118.85,52.136],[-118.835,52.142],[-118.837,52.165],[-118.796,52.179],[-118.807,52.193],[-118.852,52.204],[-118.852,52.235],[-118.895,52.24],[-118.897,52.247],[-118.89,52.259],[-118.787,52.31],[-118.791,52.321],[-118.807,52.318],[-118.857,52.341],[-118.916,52.343],[-118.926,52.368],[-118.942,52.381],[-118.948,52.395],[-118.936,52.397],[-118.931,52.413],[-118.949,52.429],[-118.944,52.449],[-118.893,52.469],[-118.885,52.478],[-118.89,52.492],[-118.901,52.49],[-118.905,52.501],[-118.955,52.493],[-119.03,52.504],[-119.034,52.515],[-119.052,52.516],[-119.06,52.538],[-119.081,52.546],[-119.088,52.564],[-119.099,52.562],[-119.107,52.583],[-119.124,52.581],[-119.159,52.594],[-119.178,52.614],[-119.236,52.582],[-119.324,52.579],[-119.329,52.593],[-119.315,52.603],[-119.351,52.666],[-119.389,52.672],[-119.404,52.665],[-119.445,52.693],[-119.54,52.681],[-119.56,52.701],[-119.582,52.698],[-119.624,52.714],[-119.609,52.72],[-119.62,52.749],[-119.566,52.746],[-119.553,52.76],[-119.509,52.736],[-119.445,52.739],[-119.424,52.731],[-119.367,52.752],[-119.342,52.748],[-119.329,52.762],[-119.289,52.765],[-119.176,52.825],[-119.16,52.843],[-119.164,52.854],[-119.175,52.852],[-119.182,52.87],[-119.171,52.872],[-119.107,52.859],[-119.098,52.837],[-119.057,52.837],[-119.044,52.804],[-119.054,52.799],[-119.053,52.78],[-119.043,52.77],[-118.994,52.766],[-118.997,52.758],[-119.032,52.756],[-119.049,52.738],[-119.044,52.712],[-118.919,52.725],[-118.865,52.706],[-118.828,52.716],[-118.816,52.749],[-118.755,52.743],[-118.736,52.692],[-118.722,52.687],[-118.704,52.701],[-118.697,52.683],[-118.682,52.674],[-118.642,52.677],[-118.639,52.669],[-118.618,52.677],[-118.598,52.668],[-118.575,52.672],[-118.563,52.685],[-118.504,52.687],[-118.489,52.662],[-118.498,52.653],[-118.494,52.643],[-118.529,52.626],[-118.522,52.608],[-118.536,52.598],[-118.523,52.562],[-118.509,52.556],[-118.435,52.564],[-118.422,52.543],[-118.348,52.536],[-118.347,52.517],[-118.32,52.506],[-118.292,52.525],[-118.268,52.525],[-118.244,52.54],[-118.214,52.537],[-118.207,52.519],[-118.216,52.51],[-118.197,52.475],[-118.235,52.45],[-118.257,52.447],[-118.24,52.415],[-118.247,52.403],[-118.227,52.398],[-118.222,52.384],[-118.232,52.378],[-118.221,52.365],[-118.179,52.379],[-118.172,52.391],[-118.143,52.392],[-118.148,52.406],[-118.049,52.407],[-118.035,52.432],[-118.054,52.452],[-118.02,52.457],[-118.026,52.471],[-118.007,52.485],[-118.01,52.493],[-117.989,52.5],[-117.982,52.482],[-117.971,52.483],[-117.963,52.462],[-117.951,52.46],[-117.947,52.449],[-117.917,52.446],[-117.913,52.435],[-117.876,52.429],[-117.859,52.417],[-117.812,52.416],[-117.781,52.394],[-117.791,52.374],[-117.786,52.359],[-117.815,52.359],[-117.871,52.335],[-117.874,52.311],[-117.891,52.309],[-117.877,52.288],[-117.845,52.278],[-117.837,52.256],[-117.815,52.244],[-117.817,52.217],[-117.774,52.213],[-117.725,52.19],[-117.663,52.195],[-117.658,52.181],[-117.573,52.156],[-117.571,52.133],[-117.507,52.15],[-117.475,52.14],[-117.437,52.149],[-117.403,52.136],[-117.325,52.143],[-117.316,52.152],[-117.328,52.17],[-117.317,52.171],[-117.284,52.127],[-117.263,52.118],[-117.286,52.115],[-117.298,52.102],[-117.293,52.087],[-117.307,52.078],[-117.305,52.07],[-117.278,52.059],[-117.259,52.039],[-117.217,52.034],[-117.214,52.027],[-117.234,52.017],[-117.214,51.978],[-117.15,51.976],[-117.12,51.958],[-117.104,51.96],[-117.091,51.939],[-117.015,51.939],[-117.009,51.887],[-116.985,51.883],[-116.983,51.86],[-116.965,51.859],[-116.986,51.852],[-116.984,51.83],[-117.024,51.813],[-117.022,51.79],[-116.985,51.799],[-116.985,51.75],[-116.942,51.741],[-116.914,51.711],[-116.808,51.704],[-116.801,51.717],[-116.815,51.741],[-116.789,51.768],[-116.746,51.778],[-116.727,51.788],[-116.729,51.795],[-116.683,51.813],[-116.654,51.795],[-116.637,51.797],[-116.632,51.783],[-116.648,51.777],[-116.654,51.761],[-116.625,51.727],[-116.587,51.717],[-116.582,51.684],[-116.591,51.66],[-116.55,51.64],[-116.526,51.639],[-116.499,51.609],[-116.478,51.616],[-116.464,51.591],[-116.467,51.565],[-116.427,51.548],[-116.393,51.549],[-116.387,51.531],[-116.398,51.514],[-116.384,51.505],[-116.377,51.483],[-116.341,51.462],[-116.301,51.464],[-116.287,51.455],[-116.281,51.437],[-116.296,51.431],[-116.283,51.41],[-116.31,51.387],[-116.298,51.366],[-116.287,51.368],[-116.277,51.354],[-116.291,51.345],[-116.282,51.335],[-116.308,51.327],[-116.287,51.3],[-116.28,51.278],[-116.289,51.27],[-116.245,51.242],[-116.264,51.228],[-116.264,51.213],[-116.305,51.214],[-116.318,51.22],[-116.315,51.228],[-116.326,51.227],[-116.323,51.216],[-116.335,51.203],[-116.389,51.191],[-116.385,51.18],[-116.399,51.171],[-116.388,51.138],[-116.376,51.136],[-116.37,51.118],[-116.383,51.087],[-116.375,51.08],[-116.382,51.068],[-116.378,51.038],[-116.396,51.024],[-116.375,51.012],[-116.377,51.001],[-116.362,50.988],[-116.329,50.974],[-116.319,50.945],[-116.284,50.943],[-116.281,50.932],[-116.263,50.931],[-116.248,50.903],[-116.216,50.907],[-116.195,50.895],[-116.186,50.87],[-116.158,50.87],[-116.146,50.85],[-116.117,50.85],[-116.112,50.836],[-116.096,50.838],[-116.086,50.806],[-116.025,50.777],[-116.024,50.739],[-116.011,50.733],[-115.998,50.709],[-115.971,50.713],[-115.943,50.698],[-115.93,50.659],[-115.908,50.643],[-115.9,50.599],[-115.864,50.593],[-115.841,50.54],[-115.829,50.538],[-115.841,50.521],[-115.835,50.503],[-115.802,50.504],[-115.793,50.513],[-115.779,50.504],[-115.769,50.471],[-115.778,50.466],[-115.766,50.445],[-115.791,50.434],[-115.776,50.407],[-115.785,50.398],[-115.781,50.387],[-115.765,50.371],[-115.785,50.345],[-115.777,50.32],[-115.787,50.315],[-115.773,50.291],[-115.801,50.253],[-115.789,50.233],[-115.755,50.233],[-115.746,50.223],[-115.799,50.175],[-115.794,50.161],[-115.82,50.153],[-115.83,50.133],[-115.846,50.131],[-115.882,50.156],[-115.931,50.168],[-115.938,50.189],[-115.952,50.198],[-115.977,50.187],[-115.974,50.18],[-115.993,50.166],[-116.047,50.162],[-116.067,50.152],[-116.079,50.154],[-116.082,50.165],[-116.07,50.181],[-116.08,50.21],[-116.133,50.202],[-116.161,50.217],[-116.181,50.21],[-116.183,50.218],[-116.206,50.218],[-116.259,50.207],[-116.279,50.181],[-116.307,50.166],[-116.33,50.167],[-116.331,50.151],[-116.373,50.142],[-116.369,50.131],[-116.396,50.127],[-116.398,50.116],[-116.443,50.116],[-116.451,50.157],[-116.489,50.17],[-116.492,50.196],[-116.555,50.216],[-116.552,50.258],[-116.561,50.287],[-116.537,50.316],[-116.55,50.322],[-116.62,50.312],[-116.624,50.341],[-116.615,50.346],[-116.645,50.421],[-116.688,50.43],[-116.687,50.445],[-116.711,50.467],[-116.685,50.49],[-116.692,50.527],[-116.675,50.529],[-116.66,50.55],[-116.671,50.582],[-116.652,50.596],[-116.64,50.594],[-116.627,50.622],[-116.588,50.624],[-116.577,50.641],[-116.587,50.655],[-116.604,50.656],[-116.608,50.667],[-116.628,50.66],[-116.631,50.667],[-116.66,50.67],[-116.657,50.678],[-116.699,50.668],[-116.742,50.677],[-116.761,50.701],[-116.793,50.711],[-116.799,50.729],[-116.81,50.727],[-116.817,50.783],[-116.904,50.77],[-116.963,50.81],[-116.99,50.806],[-117.011,50.818],[-117.046,50.82],[-117.052,50.838],[-117.046,50.854],[-117.08,50.853],[-117.09,50.866],[-117.069,50.888],[-117.077,50.895],[-117.068,50.9],[-117.071,50.926],[-117.04,50.953],[-117.079,50.966],[-117.111,50.961],[-117.134,50.977],[-117.166,50.972],[-117.174,50.993],[-117.153,51.0],[-117.156,51.026],[-117.167,51.024],[-117.169,51.047],[-117.206,51.053],[-117.205,51.068],[-117.243,51.077],[-117.25,51.065],[-117.313,51.048],[-117.314,51.036],[-117.343,51.036],[-117.35,51.023],[-117.391,51.01],[-117.385,50.992],[-117.399,50.982],[-117.396,50.96],[-117.437,50.946],[-117.431,50.928],[-117.415,50.931],[-117.41,50.901],[-117.473,50.899],[-117.469,50.888],[-117.477,50.88],[-117.453,50.827],[-117.46,50.814],[-117.493,50.809],[-117.488,50.795],[-117.515,50.776],[-117.51,50.762],[-117.55,50.744],[-117.565,50.708],[-117.606,50.709],[-117.618,50.696],[-117.614,50.685],[-117.628,50.676],[-117.634,50.645],[-117.685,50.595],[-117.712,50.591],[-117.715,50.583],[-117.706,50.573],[-117.709,50.55],[-117.695,50.541],[-117.647,50.534],[-117.649,50.541],[-117.636,50.55],[-117.614,50.538],[-117.584,50.502],[-117.563,50.505],[-117.549,50.481],[-117.502,50.462],[-117.469,50.429],[-117.371,50.41],[-117.36,50.393],[-117.378,50.379],[-117.376,50.357],[-117.447,50.35],[-117.453,50.304],[-117.476,50.27],[-117.529,50.292],[-117.56,50.284],[-117.568,50.275],[-117.564,50.264],[-117.581,50.265],[-117.59,50.256],[-117.626,50.281],[-117.675,50.273],[-117.673,50.221],[-117.655,50.216],[-117.645,50.188],[-117.63,50.179],[-117.647,50.161],[-117.664,50.162],[-117.647,50.146],[-117.658,50.144],[-117.66,50.133],[-117.594,50.105],[-117.604,50.104],[-117.602,50.097],[-117.628,50.074],[-117.623,50.06],[-117.59,50.046],[-117.572,50.026],[-117.571,50.007],[-117.586,50.001],[-117.581,49.972],[-117.592,49.955],[-117.63,49.95],[-117.633,49.912],[-117.708,49.915],[-117.708,49.866],[-117.745,49.86],[-117.739,49.828],[-117.751,49.814],[-117.795,49.811],[-117.8,49.826],[-117.832,49.821],[-117.836,49.831],[-117.86,49.835],[-117.892,49.815],[-117.891,49.796],[-117.932,49.801],[-117.926,49.783],[-117.956,49.775],[-117.943,49.769],[-117.946,49.746],[-117.966,49.739],[-117.964,49.732],[-117.995,49.709],[-117.991,49.698],[-118.001,49.693],[-117.985,49.665],[-118.004,49.655],[-117.998,49.622],[-118.012,49.597],[-118.008,49.587],[-118.017,49.581],[-118.005,49.561],[-117.955,49.546],[-117.938,49.53],[-117.921,49.529],[-117.917,49.518],[-117.886,49.529],[-117.87,49.544],[-117.848,49.541],[-117.811,49.504],[-117.771,49.5],[-117.762,49.49],[-117.744,49.495],[-117.725,49.477],[-117.721,49.452],[-117.675,49.423],[-117.661,49.379],[-117.617,49.373],[-117.638,49.347],[-117.615,49.325],[-117.598,49.325],[-117.577,49.295],[-117.523,49.283],[-117.496,49.285],[-117.484,49.335],[-117.457,49.341],[-117.446,49.356],[-117.45,49.368],[-117.427,49.375],[-117.415,49.395],[-117.365,49.391],[-117.336,49.412],[-117.314,49.406],[-117.296,49.416],[-117.269,49.416],[-117.259,49.407],[-117.232,49.411],[-117.201,49.434],[-117.19,49.466],[-117.157,49.466],[-117.103,49.423],[-117.1,49.382],[-117.069,49.387],[-117.057,49.37],[-117.072,49.331],[-117.071,49.278],[-117.009,49.261],[-117.006,49.25],[-117.03,49.24],[-117.053,49.192],[-117.025,49.142],[-117.028,49.129],[-117.046,49.122],[-117.054,49.094],[-117.038,49.045],[-117.08,49.027],[-117.053,49.012],[-116.994,49.012],[-116.992,48.985],[-117.015,48.954],[-117.036,48.945],[-117.084,48.954],[-117.1,48.968],[-117.119,48.957],[-117.127,48.938],[-117.153,48.934],[-117.158,48.959],[-117.191,48.976],[-117.207,48.975],[-117.228,49.004],[-117.244,49.002],[-117.25,48.982],[-117.269,48.983],[-117.269,48.994],[-117.285,48.999],[-117.294,49.017],[-117.345,49.02],[-117.356,48.996],[-117.379,48.992],[-117.398,48.975],[-117.439,48.972],[-117.435,48.943],[-117.462,48.927],[-117.471,48.881],[-117.503,48.868],[-117.5,48.86],[-117.524,48.847],[-117.518,48.83],[-117.532,48.808],[-117.522,48.793],[-117.548,48.772],[-117.538,48.752],[-117.555,48.745],[-117.556,48.73],[-117.566,48.728],[-117.563,48.71],[-117.574,48.704],[-117.556,48.666],[-117.5,48.664],[-117.473,48.634],[-117.473,48.601],[-117.51,48.58],[-117.493,48.53],[-117.506,48.521],[-117.502,48.507],[-117.515,48.497],[-117.542,48.497],[-117.545,48.489],[-117.537,48.449],[-117.505,48.435],[-117.487,48.382],[-117.511,48.371],[-117.505,48.353],[-117.517,48.34],[-117.528,48.342],[-117.534,48.326],[-117.566,48.325],[-117.567,48.31],[-117.589,48.295],[-117.547,48.253],[-117.525,48.253],[-117.519,48.235],[-117.535,48.218],[-117.498,48.138],[-117.512,48.132],[-117.517,48.117],[-117.546,48.12],[-117.559,48.095],[-117.587,48.095],[-117.598,48.081],[-117.587,48.08],[-117.58,48.043],[-117.62,48.015],[-117.651,48.01],[-117.661,47.993],[-117.663,47.96],[-117.728,47.891],[-117.765,47.895],[-117.821,47.877],[-117.821,47.86],[-117.842,47.839],[-117.846,47.81],[-117.825,47.781],[-117.821,47.752],[-117.834,47.739],[-117.834,47.722],[-117.859,47.71],[-117.863,47.66],[-117.877,47.65],[-117.875,47.673],[-117.913,47.697],[-117.911,47.708],[-117.928,47.708],[-117.957,47.675],[-118.036,47.683],[-118.102,47.658],[-118.128,47.625],[-118.178,47.6],[-118.186,47.587],[-118.219,47.591],[-118.236,47.608],[-118.273,47.608],[-118.286,47.6],[-118.336,47.637],[-118.371,47.643],[-118.371,47.668],[-118.363,47.673],[-118.378,47.695],[-118.405,47.697],[-118.407,47.72],[-118.436,47.72],[-118.461,47.737],[-118.478,47.733],[-118.49,47.75],[-118.519,47.745],[-118.517,47.798],[-118.55,47.802],[-118.559,47.848],[-118.573,47.866],[-118.736,47.854],[-118.823,47.883],[-118.84,47.87],[-118.898,47.875],[-118.919,47.858],[-118.948,47.887],[-118.98,47.893],[-118.988,47.906],[-118.98,47.948],[-119.04,47.97],[-119.063,47.991],[-119.023,47.995],[-118.986,47.966],[-118.94,47.962],[-118.923,47.979],[-118.869,47.979],[-118.828,47.995],[-118.809,48.014],[-118.817,48.039],[-118.796,48.06],[-118.805,48.114],[-118.792,48.177],[-118.771,48.206],[-118.78,48.214],[-118.775,48.227],[-118.794,48.241],[-118.821,48.243],[-118.821,48.26],[-118.846,48.272],[-118.846,48.306],[-118.871,48.31],[-118.882,48.345],[-118.923,48.345],[-118.944,48.362],[-118.961,48.358],[-118.955,48.389],[-118.973,48.4],[-118.994,48.395],[-119.027,48.416],[-119.053,48.416],[-119.061,48.37],[-119.098,48.37],[-119.148,48.387],[-119.15,48.402],[-119.175,48.414],[-119.19,48.445],[-119.242,48.447],[-119.209,48.518],[-119.23,48.531],[-119.242,48.558],[-119.227,48.566],[-119.165,48.562],[-119.15,48.593],[-119.121,48.622],[-119.125,48.643],[-119.107,48.666],[-119.053,48.662],[-118.977,48.7]]]}},{"id":"19","type":"Feature","properties":{"code":"PO_FLAT","name":"Flathead River Basin","region":"Upper Columbia Basin","area":8991.0},"geometry":{"type":"Polygon","coordinates":[[[-114.705,47.389],[-114.696,47.414],[-114.738,47.464],[-114.738,47.477],[-114.761,47.488],[-114.755,47.535],[-114.775,47.556],[-114.763,47.581],[-114.768,47.605],[-114.752,47.622],[-114.77,47.667],[-114.759,47.684],[-114.723,47.692],[-114.723,47.711],[-114.735,47.713],[-114.733,47.724],[-114.754,47.758],[-114.834,47.773],[-114.84,47.795],[-114.786,47.85],[-114.81,47.876],[-114.831,47.873],[-114.852,47.893],[-114.819,47.908],[-114.833,47.936],[-114.851,47.945],[-114.85,47.96],[-114.797,48.0],[-114.76,48.002],[-114.768,48.048],[-114.735,48.064],[-114.761,48.116],[-114.747,48.125],[-114.754,48.147],[-114.741,48.159],[-114.761,48.19],[-114.749,48.206],[-114.816,48.212],[-114.832,48.229],[-114.819,48.241],[-114.832,48.266],[-114.823,48.271],[-114.828,48.288],[-114.846,48.293],[-114.865,48.32],[-114.914,48.34],[-114.917,48.35],[-114.906,48.367],[-114.862,48.365],[-114.859,48.377],[-114.844,48.379],[-114.843,48.412],[-114.892,48.431],[-114.914,48.451],[-114.895,48.461],[-114.909,48.488],[-114.902,48.501],[-114.858,48.499],[-114.889,48.532],[-114.868,48.553],[-114.872,48.568],[-114.837,48.595],[-114.834,48.621],[-114.817,48.62],[-114.82,48.63],[-114.806,48.64],[-114.818,48.66],[-114.805,48.673],[-114.778,48.673],[-114.765,48.686],[-114.768,48.697],[-114.747,48.7],[-114.753,48.721],[-114.787,48.742],[-114.788,48.765],[-114.746,48.77],[-114.723,48.785],[-114.714,48.793],[-114.719,48.807],[-114.729,48.806],[-114.732,48.817],[-114.725,48.829],[-114.69,48.841],[-114.685,48.86],[-114.709,48.887],[-114.697,48.903],[-114.719,48.937],[-114.685,48.973],[-114.735,48.983],[-114.74,48.991],[-114.728,49.002],[-114.759,49.036],[-114.703,49.07],[-114.756,49.124],[-114.727,49.133],[-114.732,49.145],[-114.709,49.157],[-114.712,49.175],[-114.752,49.2],[-114.754,49.219],[-114.743,49.224],[-114.748,49.242],[-114.738,49.262],[-114.718,49.272],[-114.722,49.28],[-114.708,49.292],[-114.734,49.304],[-114.739,49.316],[-114.801,49.327],[-114.861,49.323],[-114.89,49.346],[-114.877,49.376],[-114.886,49.387],[-114.868,49.402],[-114.872,49.415],[-114.85,49.418],[-114.866,49.434],[-114.852,49.441],[-114.857,49.458],[-114.809,49.464],[-114.716,49.45],[-114.706,49.435],[-114.684,49.443],[-114.663,49.439],[-114.619,49.46],[-114.599,49.449],[-114.606,49.439],[-114.588,49.392],[-114.567,49.377],[-114.526,49.377],[-114.532,49.372],[-114.522,49.356],[-114.487,49.351],[-114.479,49.326],[-114.492,49.317],[-114.457,49.303],[-114.446,49.289],[-114.448,49.265],[-114.412,49.264],[-114.38,49.25],[-114.403,49.239],[-114.396,49.209],[-114.361,49.204],[-114.347,49.191],[-114.322,49.202],[-114.282,49.177],[-114.226,49.192],[-114.215,49.175],[-114.165,49.155],[-114.156,49.142],[-114.166,49.137],[-114.161,49.122],[-114.148,49.113],[-114.157,49.108],[-114.153,49.094],[-114.112,49.066],[-114.064,49.05],[-114.07,48.993],[-114.051,48.966],[-114.028,48.962],[-114.048,48.937],[-114.025,48.932],[-114.017,48.904],[-114.052,48.892],[-114.033,48.883],[-114.022,48.866],[-114.005,48.865],[-114.002,48.854],[-113.992,48.855],[-113.988,48.841],[-113.998,48.84],[-114.001,48.828],[-113.96,48.822],[-113.966,48.803],[-113.954,48.819],[-113.915,48.835],[-113.917,48.843],[-113.867,48.842],[-113.854,48.854],[-113.826,48.851],[-113.818,48.841],[-113.786,48.845],[-113.78,48.823],[-113.762,48.818],[-113.762,48.8],[-113.773,48.798],[-113.767,48.777],[-113.742,48.765],[-113.737,48.747],[-113.714,48.743],[-113.704,48.707],[-113.721,48.69],[-113.738,48.692],[-113.736,48.684],[-113.763,48.666],[-113.751,48.66],[-113.742,48.628],[-113.748,48.613],[-113.698,48.589],[-113.677,48.592],[-113.669,48.582],[-113.635,48.597],[-113.607,48.575],[-113.588,48.585],[-113.544,48.583],[-113.535,48.573],[-113.513,48.572],[-113.509,48.558],[-113.497,48.552],[-113.475,48.551],[-113.469,48.53],[-113.476,48.514],[-113.464,48.493],[-113.474,48.488],[-113.465,48.475],[-113.479,48.466],[-113.48,48.451],[-113.405,48.416],[-113.353,48.422],[-113.352,48.4],[-113.34,48.394],[-113.335,48.377],[-113.381,48.349],[-113.379,48.341],[-113.345,48.316],[-113.346,48.298],[-113.332,48.288],[-113.299,48.285],[-113.293,48.264],[-113.247,48.255],[-113.226,48.235],[-113.223,48.224],[-113.237,48.215],[-113.23,48.172],[-113.17,48.168],[-113.161,48.155],[-113.133,48.151],[-113.134,48.136],[-113.086,48.138],[-113.062,48.148],[-113.054,48.12],[-113.038,48.122],[-113.036,48.115],[-112.997,48.131],[-112.984,48.121],[-112.997,48.109],[-112.977,48.074],[-112.936,48.061],[-112.942,48.045],[-112.953,48.044],[-112.95,48.033],[-112.906,48.031],[-112.881,47.975],[-112.902,47.973],[-112.906,47.95],[-112.921,47.945],[-112.953,47.944],[-112.955,47.951],[-112.997,47.946],[-113.029,47.924],[-113.052,47.928],[-113.092,47.916],[-113.098,47.901],[-113.067,47.882],[-113.06,47.857],[-113.06,47.839],[-113.07,47.834],[-113.067,47.783],[-113.085,47.77],[-113.084,47.744],[-113.124,47.735],[-113.143,47.744],[-113.169,47.722],[-113.16,47.687],[-113.132,47.642],[-113.147,47.637],[-113.141,47.615],[-113.153,47.599],[-113.124,47.573],[-113.126,47.518],[-113.113,47.49],[-113.068,47.481],[-113.029,47.497],[-113.016,47.469],[-113.0,47.467],[-113.002,47.456],[-112.991,47.454],[-112.993,47.442],[-112.976,47.419],[-112.947,47.408],[-112.943,47.393],[-112.919,47.385],[-112.916,47.371],[-112.929,47.34],[-112.944,47.338],[-112.978,47.304],[-112.999,47.302],[-113.009,47.279],[-113.031,47.28],[-113.038,47.268],[-113.069,47.264],[-113.091,47.246],[-113.125,47.253],[-113.118,47.265],[-113.133,47.303],[-113.159,47.322],[-113.18,47.32],[-113.188,47.308],[-113.209,47.309],[-113.207,47.302],[-113.252,47.307],[-113.249,47.256],[-113.262,47.247],[-113.268,47.228],[-113.299,47.242],[-113.334,47.234],[-113.37,47.251],[-113.369,47.266],[-113.397,47.27],[-113.402,47.288],[-113.417,47.286],[-113.421,47.3],[-113.431,47.299],[-113.423,47.326],[-113.433,47.346],[-113.482,47.348],[-113.486,47.362],[-113.504,47.371],[-113.511,47.395],[-113.523,47.401],[-113.521,47.413],[-113.544,47.417],[-113.605,47.387],[-113.641,47.382],[-113.661,47.358],[-113.658,47.347],[-113.669,47.346],[-113.665,47.331],[-113.698,47.316],[-113.72,47.317],[-113.75,47.291],[-113.737,47.282],[-113.727,47.246],[-113.743,47.226],[-113.717,47.21],[-113.696,47.21],[-113.69,47.188],[-113.722,47.169],[-113.716,47.148],[-113.675,47.135],[-113.666,47.121],[-113.695,47.11],[-113.74,47.116],[-113.735,47.098],[-113.724,47.099],[-113.731,47.084],[-113.712,47.075],[-113.749,47.074],[-113.758,47.087],[-113.798,47.097],[-113.863,47.081],[-113.911,47.104],[-113.95,47.077],[-113.948,47.059],[-114.02,47.031],[-114.04,47.043],[-114.107,47.056],[-114.122,47.069],[-114.131,47.104],[-114.124,47.117],[-114.133,47.13],[-114.155,47.131],[-114.158,47.141],[-114.274,47.119],[-114.354,47.156],[-114.353,47.189],[-114.379,47.186],[-114.424,47.213],[-114.46,47.208],[-114.463,47.218],[-114.49,47.218],[-114.498,47.228],[-114.544,47.241],[-114.547,47.251],[-114.566,47.258],[-114.55,47.273],[-114.593,47.315],[-114.58,47.343],[-114.582,47.366],[-114.598,47.379],[-114.657,47.375],[-114.705,47.389]]]}},{"id":"20","type":"Feature","properties":{"code":"UC_KOOT","name":"Kootenai River Basin","region":"Upper Columbia Basin","area":19372.0},"geometry":{"type":"Polygon","coordinates":[[[-117.038,49.048],[-117.054,49.094],[-117.046,49.122],[-117.028,49.129],[-117.025,49.142],[-117.053,49.192],[-117.03,49.24],[-117.006,49.25],[-117.01,49.262],[-117.036,49.275],[-117.071,49.278],[-117.072,49.331],[-117.057,49.37],[-117.069,49.387],[-117.1,49.382],[-117.103,49.423],[-117.157,49.466],[-117.19,49.466],[-117.201,49.434],[-117.232,49.411],[-117.259,49.407],[-117.269,49.416],[-117.296,49.416],[-117.314,49.406],[-117.336,49.412],[-117.365,49.391],[-117.415,49.395],[-117.427,49.375],[-117.45,49.368],[-117.446,49.356],[-117.457,49.341],[-117.484,49.335],[-117.496,49.285],[-117.523,49.283],[-117.577,49.295],[-117.598,49.325],[-117.615,49.325],[-117.638,49.347],[-117.617,49.373],[-117.661,49.379],[-117.675,49.423],[-117.721,49.452],[-117.725,49.477],[-117.744,49.495],[-117.762,49.49],[-117.771,49.5],[-117.811,49.504],[-117.848,49.541],[-117.87,49.544],[-117.886,49.529],[-117.917,49.518],[-117.921,49.529],[-117.938,49.53],[-117.955,49.546],[-118.005,49.561],[-118.017,49.581],[-118.008,49.587],[-118.012,49.597],[-117.998,49.622],[-118.004,49.655],[-117.985,49.665],[-118.001,49.693],[-117.991,49.698],[-117.995,49.709],[-117.964,49.732],[-117.966,49.739],[-117.946,49.746],[-117.943,49.769],[-117.956,49.775],[-117.926,49.783],[-117.932,49.801],[-117.891,49.796],[-117.892,49.815],[-117.86,49.835],[-117.836,49.831],[-117.832,49.821],[-117.8,49.826],[-117.795,49.811],[-117.751,49.814],[-117.739,49.828],[-117.745,49.86],[-117.708,49.866],[-117.708,49.915],[-117.633,49.912],[-117.63,49.95],[-117.592,49.955],[-117.581,49.972],[-117.586,50.001],[-117.571,50.007],[-117.572,50.026],[-117.59,50.046],[-117.623,50.06],[-117.628,50.074],[-117.602,50.097],[-117.604,50.104],[-117.594,50.105],[-117.66,50.133],[-117.658,50.144],[-117.647,50.146],[-117.664,50.162],[-117.647,50.161],[-117.63,50.179],[-117.645,50.188],[-117.655,50.216],[-117.673,50.221],[-117.675,50.273],[-117.626,50.281],[-117.59,50.256],[-117.581,50.265],[-117.564,50.264],[-117.568,50.275],[-117.56,50.284],[-117.529,50.292],[-117.476,50.27],[-117.453,50.304],[-117.447,50.35],[-117.376,50.357],[-117.378,50.379],[-117.36,50.393],[-117.371,50.41],[-117.469,50.429],[-117.502,50.462],[-117.549,50.481],[-117.563,50.505],[-117.584,50.502],[-117.614,50.538],[-117.636,50.55],[-117.649,50.541],[-117.647,50.534],[-117.695,50.541],[-117.709,50.55],[-117.706,50.573],[-117.715,50.583],[-117.712,50.591],[-117.685,50.595],[-117.634,50.645],[-117.628,50.676],[-117.614,50.685],[-117.618,50.696],[-117.606,50.709],[-117.565,50.708],[-117.55,50.744],[-117.51,50.762],[-117.515,50.776],[-117.488,50.795],[-117.493,50.809],[-117.46,50.814],[-117.453,50.827],[-117.477,50.88],[-117.469,50.888],[-117.473,50.899],[-117.41,50.901],[-117.415,50.931],[-117.431,50.928],[-117.437,50.946],[-117.396,50.96],[-117.387,51.014],[-117.35,51.023],[-117.343,51.036],[-117.314,51.036],[-117.313,51.048],[-117.275,51.054],[-117.243,51.077],[-117.205,51.068],[-117.206,51.053],[-117.169,51.047],[-117.167,51.024],[-117.156,51.026],[-117.153,51.0],[-117.174,50.993],[-117.166,50.972],[-117.134,50.977],[-117.111,50.961],[-117.079,50.966],[-117.04,50.953],[-117.071,50.926],[-117.068,50.9],[-117.077,50.895],[-117.069,50.888],[-117.09,50.866],[-117.08,50.853],[-117.046,50.854],[-117.052,50.838],[-117.046,50.82],[-117.011,50.818],[-116.99,50.806],[-116.963,50.81],[-116.904,50.77],[-116.817,50.783],[-116.81,50.727],[-116.799,50.729],[-116.793,50.711],[-116.761,50.701],[-116.742,50.677],[-116.699,50.668],[-116.657,50.678],[-116.66,50.67],[-116.631,50.667],[-116.628,50.66],[-116.608,50.667],[-116.604,50.656],[-116.587,50.655],[-116.577,50.641],[-116.588,50.624],[-116.627,50.622],[-116.64,50.594],[-116.652,50.596],[-116.671,50.582],[-116.66,50.55],[-116.675,50.529],[-116.692,50.527],[-116.685,50.49],[-116.711,50.467],[-116.687,50.445],[-116.688,50.43],[-116.645,50.421],[-116.615,50.346],[-116.624,50.341],[-116.62,50.312],[-116.55,50.322],[-116.537,50.316],[-116.561,50.287],[-116.552,50.258],[-116.555,50.216],[-116.492,50.196],[-116.489,50.17],[-116.451,50.157],[-116.443,50.116],[-116.398,50.116],[-116.396,50.127],[-116.369,50.131],[-116.373,50.142],[-116.331,50.151],[-116.33,50.167],[-116.307,50.166],[-116.279,50.181],[-116.259,50.207],[-116.206,50.218],[-116.183,50.218],[-116.181,50.21],[-116.161,50.217],[-116.133,50.202],[-116.08,50.21],[-116.07,50.181],[-116.082,50.165],[-116.079,50.154],[-116.067,50.152],[-116.047,50.162],[-115.993,50.166],[-115.974,50.18],[-115.977,50.187],[-115.952,50.198],[-115.938,50.189],[-115.931,50.168],[-115.882,50.156],[-115.846,50.131],[-115.83,50.133],[-115.82,50.153],[-115.794,50.161],[-115.799,50.175],[-115.746,50.223],[-115.755,50.233],[-115.789,50.233],[-115.801,50.253],[-115.773,50.291],[-115.787,50.315],[-115.777,50.32],[-115.785,50.345],[-115.765,50.371],[-115.781,50.387],[-115.785,50.398],[-115.776,50.407],[-115.791,50.434],[-115.766,50.445],[-115.778,50.466],[-115.769,50.471],[-115.779,50.504],[-115.793,50.513],[-115.802,50.504],[-115.835,50.503],[-115.841,50.521],[-115.829,50.538],[-115.841,50.54],[-115.864,50.593],[-115.9,50.599],[-115.908,50.643],[-115.93,50.659],[-115.943,50.698],[-115.971,50.713],[-115.998,50.709],[-116.011,50.733],[-116.024,50.739],[-116.025,50.777],[-116.086,50.806],[-116.096,50.838],[-116.112,50.836],[-116.117,50.85],[-116.146,50.85],[-116.158,50.87],[-116.186,50.87],[-116.195,50.895],[-116.216,50.907],[-116.248,50.903],[-116.263,50.931],[-116.281,50.932],[-116.284,50.943],[-116.319,50.945],[-116.329,50.974],[-116.362,50.988],[-116.377,51.001],[-116.375,51.012],[-116.396,51.024],[-116.378,51.038],[-116.382,51.068],[-116.375,51.08],[-116.383,51.087],[-116.37,51.118],[-116.376,51.136],[-116.388,51.138],[-116.399,51.171],[-116.385,51.18],[-116.389,51.191],[-116.335,51.203],[-116.323,51.216],[-116.326,51.227],[-116.315,51.228],[-116.318,51.22],[-116.305,51.214],[-116.264,51.213],[-116.264,51.228],[-116.245,51.242],[-116.289,51.27],[-116.28,51.278],[-116.287,51.3],[-116.308,51.327],[-116.292,51.333],[-116.274,51.328],[-116.269,51.314],[-116.25,51.309],[-116.247,51.298],[-116.204,51.289],[-116.172,51.297],[-116.159,51.292],[-116.156,51.266],[-116.038,51.237],[-116.021,51.221],[-116.023,51.209],[-116.005,51.208],[-116.002,51.197],[-116.045,51.172],[-116.034,51.155],[-116.011,51.155],[-116.007,51.125],[-115.959,51.117],[-115.926,51.087],[-115.864,51.089],[-115.846,51.069],[-115.811,51.085],[-115.801,51.071],[-115.767,51.072],[-115.775,51.041],[-115.715,51.015],[-115.695,51.022],[-115.676,50.998],[-115.646,50.995],[-115.618,50.961],[-115.594,50.957],[-115.608,50.948],[-115.599,50.938],[-115.613,50.928],[-115.608,50.91],[-115.574,50.911],[-115.568,50.893],[-115.653,50.874],[-115.643,50.841],[-115.63,50.836],[-115.605,50.847],[-115.601,50.836],[-115.568,50.837],[-115.564,50.807],[-115.522,50.783],[-115.487,50.78],[-115.485,50.754],[-115.423,50.755],[-115.407,50.743],[-115.416,50.734],[-115.408,50.69],[-115.393,50.696],[-115.395,50.703],[-115.373,50.706],[-115.372,50.721],[-115.306,50.726],[-115.295,50.672],[-115.274,50.641],[-115.313,50.639],[-115.31,50.628],[-115.284,50.602],[-115.242,50.593],[-115.24,50.567],[-115.219,50.536],[-115.195,50.532],[-115.186,50.54],[-115.191,50.555],[-115.172,50.568],[-115.016,50.575],[-114.959,50.5],[-114.939,50.488],[-114.925,50.46],[-114.87,50.43],[-114.858,50.39],[-114.824,50.387],[-114.815,50.358],[-114.77,50.357],[-114.766,50.346],[-114.796,50.331],[-114.78,50.299],[-114.758,50.299],[-114.753,50.284],[-114.773,50.256],[-114.737,50.193],[-114.725,50.191],[-114.737,50.174],[-114.726,50.157],[-114.735,50.13],[-114.73,50.112],[-114.709,50.1],[-114.702,50.075],[-114.664,50.061],[-114.666,50.05],[-114.677,50.048],[-114.661,50.032],[-114.66,50.009],[-114.669,50.004],[-114.657,49.999],[-114.653,49.969],[-114.691,49.964],[-114.687,49.95],[-114.695,49.941],[-114.686,49.909],[-114.694,49.9],[-114.647,49.836],[-114.638,49.785],[-114.653,49.761],[-114.632,49.73],[-114.641,49.721],[-114.635,49.7],[-114.665,49.688],[-114.655,49.656],[-114.668,49.643],[-114.749,49.617],[-114.731,49.575],[-114.719,49.573],[-114.721,49.561],[-114.708,49.552],[-114.65,49.564],[-114.628,49.548],[-114.589,49.564],[-114.576,49.558],[-114.569,49.533],[-114.599,49.503],[-114.593,49.467],[-114.606,49.452],[-114.635,49.458],[-114.633,49.45],[-114.663,49.439],[-114.684,49.443],[-114.706,49.435],[-114.716,49.45],[-114.809,49.464],[-114.857,49.458],[-114.852,49.441],[-114.866,49.434],[-114.85,49.418],[-114.872,49.415],[-114.868,49.402],[-114.886,49.387],[-114.877,49.376],[-114.891,49.349],[-114.861,49.323],[-114.841,49.33],[-114.743,49.318],[-114.708,49.292],[-114.722,49.28],[-114.718,49.272],[-114.738,49.262],[-114.748,49.242],[-114.743,49.224],[-114.754,49.219],[-114.752,49.2],[-114.712,49.175],[-114.709,49.157],[-114.732,49.145],[-114.727,49.133],[-114.756,49.124],[-114.703,49.07],[-114.759,49.036],[-114.728,49.002],[-114.74,48.991],[-114.735,48.983],[-114.685,48.973],[-114.719,48.937],[-114.697,48.903],[-114.709,48.887],[-114.685,48.86],[-114.69,48.841],[-114.725,48.829],[-114.732,48.817],[-114.729,48.806],[-114.719,48.807],[-114.714,48.793],[-114.723,48.785],[-114.746,48.77],[-114.788,48.765],[-114.787,48.742],[-114.753,48.721],[-114.747,48.7],[-114.768,48.697],[-114.765,48.686],[-114.778,48.673],[-114.805,48.673],[-114.818,48.66],[-114.806,48.64],[-114.82,48.63],[-114.817,48.62],[-114.838,48.617],[-114.837,48.595],[-114.872,48.568],[-114.868,48.553],[-114.889,48.532],[-114.858,48.499],[-114.902,48.501],[-114.909,48.488],[-114.895,48.461],[-114.915,48.454],[-114.892,48.431],[-114.843,48.412],[-114.84,48.402],[-114.848,48.393],[-114.844,48.379],[-114.859,48.377],[-114.862,48.365],[-114.906,48.367],[-114.917,48.35],[-114.914,48.34],[-114.865,48.32],[-114.846,48.293],[-114.828,48.288],[-114.823,48.271],[-114.832,48.266],[-114.819,48.241],[-114.832,48.229],[-114.816,48.212],[-114.75,48.21],[-114.761,48.19],[-114.741,48.159],[-114.754,48.147],[-114.747,48.125],[-114.761,48.116],[-114.751,48.084],[-114.74,48.082],[-114.739,48.06],[-114.805,48.043],[-114.847,48.06],[-114.895,48.057],[-114.904,48.067],[-114.924,48.06],[-114.932,48.07],[-114.985,48.085],[-115.017,48.081],[-115.061,48.101],[-115.086,48.042],[-115.078,48.013],[-115.099,48.01],[-115.11,47.994],[-115.13,47.988],[-115.119,47.97],[-115.131,47.954],[-115.18,47.955],[-115.184,47.913],[-115.209,47.906],[-115.211,47.913],[-115.253,47.911],[-115.251,47.904],[-115.29,47.895],[-115.315,47.92],[-115.373,47.904],[-115.398,47.916],[-115.436,47.912],[-115.453,47.92],[-115.523,47.912],[-115.559,47.939],[-115.538,47.977],[-115.542,47.998],[-115.561,48.016],[-115.605,48.033],[-115.617,48.06],[-115.641,48.08],[-115.65,48.135],[-115.678,48.166],[-115.696,48.172],[-115.68,48.21],[-115.719,48.254],[-115.765,48.266],[-115.78,48.26],[-115.814,48.213],[-115.89,48.191],[-115.94,48.187],[-115.96,48.155],[-116.007,48.158],[-116.02,48.178],[-116.024,48.242],[-115.993,48.247],[-115.993,48.265],[-116.021,48.268],[-116.023,48.29],[-116.037,48.3],[-116.055,48.289],[-116.068,48.295],[-116.068,48.314],[-116.09,48.329],[-116.094,48.362],[-116.127,48.379],[-116.136,48.408],[-116.177,48.417],[-116.182,48.431],[-116.164,48.444],[-116.178,48.487],[-116.252,48.513],[-116.249,48.521],[-116.266,48.541],[-116.335,48.516],[-116.37,48.522],[-116.421,48.511],[-116.432,48.494],[-116.42,48.474],[-116.432,48.476],[-116.444,48.463],[-116.476,48.477],[-116.52,48.477],[-116.539,48.553],[-116.556,48.573],[-116.572,48.57],[-116.591,48.594],[-116.599,48.618],[-116.594,48.638],[-116.611,48.672],[-116.649,48.689],[-116.669,48.716],[-116.642,48.752],[-116.638,48.777],[-116.707,48.779],[-116.73,48.802],[-116.734,48.823],[-116.759,48.839],[-116.761,48.866],[-116.785,48.866],[-116.775,48.877],[-116.798,48.883],[-116.832,48.87],[-116.84,48.883],[-116.869,48.891],[-116.882,48.92],[-116.898,48.92],[-116.925,48.948],[-116.859,48.985],[-116.882,49.0],[-116.906,49.0],[-116.909,49.014],[-116.896,49.018],[-116.884,49.052],[-116.948,49.066],[-116.967,49.051],[-117.011,49.058],[-117.038,49.048]]]}},{"id":"21","type":"Feature","properties":{"code":"PO_MAIN","name":"Pend Oreille River Basin abv Waneta Dam","region":"Upper Columbia Basin","area":5650.0},"geometry":{"type":"Polygon","coordinates":[[[-117.556,48.666],[-117.574,48.704],[-117.563,48.71],[-117.566,48.728],[-117.556,48.73],[-117.555,48.745],[-117.538,48.752],[-117.548,48.772],[-117.522,48.793],[-117.532,48.808],[-117.518,48.83],[-117.524,48.847],[-117.5,48.86],[-117.503,48.868],[-117.471,48.881],[-117.462,48.927],[-117.435,48.943],[-117.439,48.972],[-117.398,48.975],[-117.379,48.992],[-117.356,48.996],[-117.345,49.02],[-117.306,49.022],[-117.269,48.994],[-117.269,48.983],[-117.25,48.982],[-117.244,49.002],[-117.228,49.004],[-117.207,48.975],[-117.191,48.976],[-117.158,48.959],[-117.153,48.934],[-117.127,48.938],[-117.119,48.957],[-117.1,48.968],[-117.084,48.954],[-117.036,48.945],[-117.015,48.954],[-116.992,48.985],[-116.992,49.01],[-117.069,49.016],[-117.077,49.033],[-117.011,49.058],[-116.967,49.051],[-116.948,49.066],[-116.886,49.054],[-116.896,49.018],[-116.909,49.014],[-116.906,49.0],[-116.882,49.0],[-116.859,48.985],[-116.925,48.948],[-116.898,48.92],[-116.882,48.92],[-116.869,48.891],[-116.84,48.883],[-116.832,48.87],[-116.798,48.883],[-116.775,48.877],[-116.785,48.866],[-116.761,48.866],[-116.759,48.839],[-116.734,48.823],[-116.73,48.802],[-116.707,48.779],[-116.638,48.777],[-116.642,48.752],[-116.669,48.716],[-116.649,48.689],[-116.611,48.672],[-116.594,48.638],[-116.599,48.618],[-116.591,48.594],[-116.572,48.57],[-116.556,48.573],[-116.539,48.553],[-116.52,48.477],[-116.476,48.477],[-116.444,48.463],[-116.432,48.476],[-116.42,48.474],[-116.432,48.494],[-116.421,48.511],[-116.37,48.522],[-116.335,48.516],[-116.266,48.541],[-116.249,48.521],[-116.252,48.513],[-116.178,48.487],[-116.164,48.444],[-116.182,48.431],[-116.177,48.417],[-116.136,48.408],[-116.127,48.379],[-116.094,48.362],[-116.09,48.329],[-116.068,48.314],[-116.068,48.295],[-116.055,48.289],[-116.037,48.3],[-116.023,48.29],[-116.021,48.268],[-115.993,48.265],[-115.993,48.247],[-116.024,48.242],[-116.02,48.178],[-116.007,48.158],[-115.96,48.155],[-115.94,48.187],[-115.89,48.191],[-115.814,48.213],[-115.78,48.26],[-115.765,48.266],[-115.719,48.254],[-115.68,48.21],[-115.696,48.172],[-115.678,48.166],[-115.65,48.135],[-115.641,48.08],[-115.617,48.06],[-115.605,48.033],[-115.561,48.016],[-115.542,47.998],[-115.538,47.977],[-115.559,47.943],[-115.544,47.922],[-115.507,47.908],[-115.465,47.92],[-115.436,47.912],[-115.398,47.916],[-115.382,47.904],[-115.315,47.92],[-115.29,47.895],[-115.251,47.904],[-115.253,47.911],[-115.211,47.913],[-115.209,47.906],[-115.184,47.913],[-115.18,47.955],[-115.131,47.954],[-115.119,47.97],[-115.13,47.988],[-115.11,47.994],[-115.099,48.01],[-115.078,48.013],[-115.086,48.042],[-115.061,48.101],[-115.017,48.081],[-114.974,48.083],[-114.924,48.06],[-114.904,48.067],[-114.895,48.057],[-114.847,48.06],[-114.805,48.043],[-114.768,48.048],[-114.76,48.002],[-114.797,48.0],[-114.85,47.96],[-114.851,47.945],[-114.833,47.936],[-114.819,47.908],[-114.852,47.893],[-114.831,47.873],[-114.81,47.876],[-114.786,47.85],[-114.84,47.795],[-114.834,47.773],[-114.754,47.758],[-114.733,47.724],[-114.735,47.713],[-114.722,47.707],[-114.723,47.692],[-114.759,47.684],[-114.77,47.667],[-114.752,47.622],[-114.768,47.605],[-114.763,47.581],[-114.775,47.556],[-114.755,47.535],[-114.763,47.494],[-114.738,47.477],[-114.738,47.464],[-114.696,47.414],[-114.703,47.387],[-114.657,47.375],[-114.598,47.379],[-114.58,47.364],[-114.593,47.315],[-114.55,47.273],[-114.561,47.258],[-114.602,47.258],[-114.684,47.273],[-114.719,47.254],[-114.732,47.262],[-114.786,47.262],[-114.811,47.275],[-114.882,47.283],[-114.947,47.311],[-114.969,47.3],[-114.994,47.308],[-115.007,47.295],[-115.048,47.287],[-115.09,47.3],[-115.103,47.32],[-115.117,47.322],[-115.125,47.354],[-115.18,47.377],[-115.18,47.393],[-115.161,47.395],[-115.136,47.428],[-115.157,47.445],[-115.19,47.45],[-115.244,47.479],[-115.283,47.489],[-115.305,47.471],[-115.342,47.469],[-115.363,47.485],[-115.39,47.485],[-115.453,47.48],[-115.46,47.467],[-115.475,47.465],[-115.517,47.496],[-115.527,47.476],[-115.579,47.469],[-115.615,47.482],[-115.651,47.477],[-115.671,47.489],[-115.687,47.487],[-115.714,47.523],[-115.701,47.533],[-115.752,47.54],[-115.757,47.558],[-115.709,47.576],[-115.692,47.593],[-115.696,47.627],[-115.734,47.647],[-115.725,47.702],[-115.761,47.72],[-115.782,47.72],[-115.784,47.748],[-115.798,47.758],[-115.828,47.754],[-115.846,47.785],[-115.852,47.825],[-115.882,47.85],[-115.907,47.845],[-115.919,47.854],[-115.969,47.912],[-115.994,47.925],[-116.032,47.97],[-116.048,47.97],[-116.065,47.995],[-116.098,48.008],[-116.119,48.033],[-116.165,48.02],[-116.207,48.041],[-116.237,48.07],[-116.275,48.06],[-116.329,48.019],[-116.346,47.989],[-116.34,47.984],[-116.345,47.95],[-116.369,47.95],[-116.392,47.936],[-116.411,47.899],[-116.441,47.891],[-116.456,47.904],[-116.508,47.907],[-116.532,47.9],[-116.553,47.867],[-116.589,47.861],[-116.616,47.879],[-116.655,47.881],[-116.677,47.945],[-116.723,47.958],[-116.753,47.948],[-116.831,47.955],[-116.847,47.971],[-116.854,48.007],[-116.93,48.04],[-116.934,48.054],[-116.924,48.056],[-116.943,48.079],[-116.929,48.089],[-116.941,48.124],[-116.966,48.135],[-117.042,48.131],[-117.056,48.173],[-117.079,48.177],[-117.093,48.205],[-117.17,48.189],[-117.209,48.191],[-117.227,48.18],[-117.225,48.173],[-117.259,48.161],[-117.324,48.176],[-117.357,48.16],[-117.398,48.184],[-117.435,48.196],[-117.467,48.195],[-117.476,48.205],[-117.522,48.194],[-117.535,48.218],[-117.519,48.235],[-117.525,48.253],[-117.547,48.253],[-117.589,48.295],[-117.567,48.31],[-117.566,48.325],[-117.534,48.326],[-117.528,48.342],[-117.517,48.34],[-117.505,48.353],[-117.511,48.371],[-117.487,48.382],[-117.505,48.435],[-117.537,48.449],[-117.545,48.489],[-117.542,48.497],[-117.515,48.497],[-117.502,48.507],[-117.506,48.521],[-117.493,48.53],[-117.51,48.58],[-117.494,48.582],[-117.493,48.594],[-117.477,48.596],[-117.47,48.609],[-117.487,48.658],[-117.518,48.668],[-117.556,48.666]]]}},{"id":"22","type":"Feature","properties":{"code":"UC_SPOK","name":"Spokane River Basin","region":"Upper Columbia Basin","area":6135.0},"geometry":{"type":"Polygon","coordinates":[[[-117.589,47.57],[-117.587,47.596],[-117.666,47.621],[-117.677,47.608],[-117.663,47.598],[-117.667,47.589],[-117.701,47.581],[-117.711,47.57],[-117.726,47.574],[-117.725,47.552],[-117.842,47.55],[-117.884,47.56],[-117.892,47.585],[-117.884,47.61],[-117.892,47.614],[-117.884,47.635],[-117.871,47.639],[-117.88,47.65],[-117.863,47.66],[-117.859,47.71],[-117.834,47.722],[-117.834,47.739],[-117.821,47.752],[-117.825,47.781],[-117.846,47.81],[-117.842,47.839],[-117.821,47.86],[-117.821,47.877],[-117.765,47.895],[-117.728,47.891],[-117.663,47.96],[-117.661,47.993],[-117.651,48.01],[-117.62,48.015],[-117.58,48.043],[-117.587,48.08],[-117.598,48.081],[-117.587,48.095],[-117.559,48.095],[-117.546,48.12],[-117.517,48.117],[-117.512,48.132],[-117.498,48.138],[-117.529,48.2],[-117.522,48.194],[-117.476,48.205],[-117.467,48.195],[-117.435,48.196],[-117.357,48.16],[-117.324,48.176],[-117.259,48.161],[-117.225,48.173],[-117.227,48.18],[-117.209,48.191],[-117.17,48.189],[-117.093,48.205],[-117.079,48.177],[-117.056,48.173],[-117.042,48.131],[-116.966,48.135],[-116.941,48.124],[-116.929,48.089],[-116.943,48.079],[-116.924,48.056],[-116.934,48.054],[-116.93,48.04],[-116.854,48.007],[-116.847,47.971],[-116.831,47.955],[-116.753,47.948],[-116.723,47.958],[-116.677,47.945],[-116.655,47.881],[-116.616,47.879],[-116.589,47.861],[-116.553,47.867],[-116.532,47.9],[-116.508,47.907],[-116.456,47.904],[-116.441,47.891],[-116.411,47.899],[-116.392,47.936],[-116.369,47.95],[-116.345,47.95],[-116.34,47.984],[-116.346,47.989],[-116.329,48.019],[-116.275,48.06],[-116.237,48.07],[-116.207,48.041],[-116.165,48.02],[-116.119,48.033],[-116.098,48.008],[-116.065,47.995],[-116.048,47.97],[-116.032,47.97],[-115.994,47.925],[-115.969,47.912],[-115.919,47.854],[-115.907,47.845],[-115.882,47.85],[-115.852,47.825],[-115.846,47.785],[-115.828,47.754],[-115.798,47.758],[-115.784,47.748],[-115.782,47.72],[-115.761,47.72],[-115.725,47.702],[-115.734,47.647],[-115.696,47.627],[-115.692,47.593],[-115.709,47.576],[-115.757,47.558],[-115.752,47.54],[-115.701,47.533],[-115.714,47.523],[-115.687,47.487],[-115.63,47.476],[-115.636,47.461],[-115.65,47.455],[-115.739,47.446],[-115.753,47.44],[-115.759,47.424],[-115.722,47.426],[-115.714,47.416],[-115.68,47.414],[-115.676,47.399],[-115.661,47.402],[-115.643,47.378],[-115.6,47.381],[-115.597,47.37],[-115.582,47.372],[-115.576,47.355],[-115.555,47.354],[-115.527,47.299],[-115.509,47.29],[-115.425,47.28],[-115.415,47.267],[-115.378,47.268],[-115.359,47.256],[-115.334,47.264],[-115.321,47.254],[-115.313,47.23],[-115.296,47.225],[-115.291,47.211],[-115.3,47.187],[-115.261,47.182],[-115.254,47.157],[-115.217,47.14],[-115.201,47.142],[-115.174,47.105],[-115.14,47.099],[-115.131,47.067],[-115.109,47.048],[-115.087,47.044],[-115.069,47.02],[-115.099,47.013],[-115.115,46.996],[-115.18,46.997],[-115.203,46.968],[-115.265,46.96],[-115.272,46.948],[-115.292,46.945],[-115.341,46.964],[-115.361,46.961],[-115.362,46.946],[-115.377,46.944],[-115.435,46.957],[-115.427,46.966],[-115.432,46.984],[-115.466,46.99],[-115.465,47.005],[-115.451,47.011],[-115.455,47.025],[-115.478,47.029],[-115.488,47.079],[-115.516,47.101],[-115.534,47.091],[-115.546,47.097],[-115.563,47.079],[-115.578,47.077],[-115.629,47.103],[-115.66,47.099],[-115.722,47.127],[-115.767,47.116],[-115.806,47.122],[-115.885,47.099],[-115.906,47.115],[-115.937,47.114],[-115.972,47.105],[-115.969,47.076],[-115.95,47.067],[-115.95,47.049],[-115.965,47.047],[-116.003,47.015],[-116.03,47.015],[-116.04,47.028],[-116.082,47.011],[-116.087,46.992],[-116.118,46.987],[-116.11,46.962],[-116.12,46.961],[-116.122,46.95],[-116.144,46.95],[-116.158,46.926],[-116.182,46.918],[-116.18,46.911],[-116.258,46.922],[-116.283,46.915],[-116.285,46.922],[-116.334,46.907],[-116.356,46.963],[-116.376,46.956],[-116.418,46.972],[-116.455,46.97],[-116.451,46.989],[-116.472,46.99],[-116.492,47.035],[-116.511,47.028],[-116.521,47.041],[-116.581,47.029],[-116.604,47.051],[-116.614,47.049],[-116.62,47.067],[-116.696,47.07],[-116.718,47.089],[-116.738,47.082],[-116.737,47.064],[-116.826,47.039],[-116.874,47.054],[-116.898,47.08],[-116.93,47.079],[-116.952,47.064],[-116.978,47.094],[-116.97,47.121],[-117.021,47.128],[-117.022,47.146],[-117.044,47.15],[-117.064,47.177],[-117.091,47.176],[-117.117,47.191],[-117.129,47.211],[-117.147,47.216],[-117.151,47.23],[-117.14,47.228],[-117.146,47.246],[-117.17,47.253],[-117.176,47.271],[-117.198,47.289],[-117.243,47.312],[-117.265,47.312],[-117.282,47.365],[-117.314,47.379],[-117.312,47.39],[-117.33,47.395],[-117.346,47.378],[-117.358,47.383],[-117.398,47.373],[-117.395,47.396],[-117.405,47.394],[-117.412,47.415],[-117.394,47.426],[-117.41,47.472],[-117.463,47.47],[-117.478,47.483],[-117.507,47.471],[-117.509,47.493],[-117.531,47.478],[-117.556,47.489],[-117.557,47.508],[-117.571,47.517],[-117.612,47.51],[-117.623,47.527],[-117.606,47.541],[-117.614,47.566],[-117.589,47.57]]]}},{"id":"23","type":"Feature","properties":{"code":"WILURBAN","name":"Clackamas River Basin","region":"Western Oregon","area":1406.0},"geometry":{"type":"Polygon","coordinates":[[[-122.435,45.238],[-122.43,45.26],[-122.449,45.284],[-122.446,45.302],[-122.466,45.314],[-122.471,45.335],[-122.506,45.347],[-122.501,45.36],[-122.515,45.379],[-122.555,45.374],[-122.58,45.384],[-122.569,45.409],[-122.511,45.45],[-122.515,45.461],[-122.497,45.495],[-122.447,45.501],[-122.376,45.47],[-122.346,45.476],[-122.327,45.466],[-122.319,45.474],[-122.285,45.455],[-122.286,45.437],[-122.277,45.434],[-122.26,45.449],[-122.212,45.447],[-122.187,45.452],[-122.168,45.471],[-122.135,45.472],[-122.127,45.486],[-122.111,45.486],[-122.095,45.5],[-122.09,45.527],[-122.063,45.54],[-122.03,45.539],[-122.02,45.55],[-122.028,45.558],[-122.011,45.569],[-121.985,45.57],[-121.961,45.538],[-121.949,45.548],[-121.917,45.546],[-121.915,45.529],[-121.903,45.516],[-121.867,45.515],[-121.861,45.486],[-121.807,45.456],[-121.811,45.44],[-121.793,45.415],[-121.776,45.402],[-121.724,45.394],[-121.698,45.373],[-121.703,45.332],[-121.679,45.296],[-121.697,45.261],[-121.681,45.251],[-121.685,45.23],[-121.699,45.227],[-121.709,45.21],[-121.749,45.202],[-121.75,45.193],[-121.714,45.154],[-121.706,45.131],[-121.666,45.119],[-121.652,45.088],[-121.66,45.07],[-121.709,45.056],[-121.718,45.038],[-121.778,45.036],[-121.782,45.015],[-121.806,45.012],[-121.803,44.979],[-121.791,44.974],[-121.793,44.966],[-121.774,44.958],[-121.728,44.908],[-121.715,44.906],[-121.748,44.872],[-121.75,44.856],[-121.739,44.851],[-121.76,44.822],[-121.813,44.812],[-121.82,44.8],[-121.842,44.814],[-121.924,44.806],[-121.945,44.822],[-121.989,44.819],[-122.015,44.837],[-122.014,44.85],[-122.059,44.835],[-122.078,44.81],[-122.094,44.82],[-122.148,44.811],[-122.135,44.865],[-122.205,44.862],[-122.213,44.882],[-122.255,44.901],[-122.257,44.93],[-122.239,44.946],[-122.238,44.959],[-122.211,44.976],[-122.211,44.995],[-122.202,45.0],[-122.211,45.01],[-122.251,45.017],[-122.224,45.041],[-122.246,45.07],[-122.248,45.088],[-122.289,45.099],[-122.298,45.12],[-122.291,45.128],[-122.323,45.144],[-122.356,45.198],[-122.375,45.194],[-122.376,45.208],[-122.398,45.211],[-122.414,45.238],[-122.435,45.238]]]}},{"id":"24","type":"Feature","properties":{"code":"COASTAL","name":"Coastal River Basins","region":"Western Oregon","area":2457.0},"geometry":{"type":"MultiPolygon","coordinates":[[[[-123.653,45.177],[-123.73,45.226],[-123.756,45.214],[-123.774,45.23],[-123.828,45.251],[-123.851,45.278],[-123.878,45.278],[-123.871,45.296],[-123.887,45.305],[-123.892,45.327],[-123.912,45.338],[-123.903,45.355],[-123.821,45.333],[-123.808,45.342],[-123.771,45.334],[-123.747,45.35],[-123.727,45.347],[-123.683,45.369],[-123.686,45.398],[-123.653,45.425],[-123.687,45.443],[-123.731,45.44],[-123.708,45.464],[-123.73,45.478],[-123.692,45.51],[-123.655,45.521],[-123.627,45.555],[-123.628,45.57],[-123.648,45.584],[-123.633,45.618],[-123.644,45.631],[-123.63,45.643],[-123.61,45.642],[-123.594,45.704],[-123.624,45.713],[-123.677,45.698],[-123.727,45.714],[-123.756,45.708],[-123.758,45.7],[-123.799,45.721],[-123.797,45.741],[-123.758,45.749],[-123.759,45.764],[-123.703,45.772],[-123.682,45.761],[-123.663,45.765],[-123.656,45.774],[-123.672,45.812],[-123.639,45.823],[-123.637,45.831],[-123.653,45.842],[-123.67,45.884],[-123.687,45.884],[-123.689,45.902],[-123.681,45.908],[-123.695,45.928],[-123.632,45.971],[-123.635,45.978],[-123.616,45.982],[-123.61,45.994],[-123.556,46.006],[-123.557,46.02],[-123.548,46.026],[-123.556,46.032],[-123.548,46.037],[-123.506,46.054],[-123.474,46.053],[-123.454,46.083],[-123.412,46.073],[-123.351,46.093],[-123.296,46.078],[-123.247,46.039],[-123.197,46.035],[-123.183,46.015],[-123.159,46.009],[-123.158,45.994],[-123.115,45.98],[-123.1,45.957],[-123.046,45.931],[-123.031,45.87],[-123.05,45.835],[-123.05,45.798],[-123.109,45.786],[-123.106,45.779],[-123.146,45.749],[-123.167,45.759],[-123.187,45.744],[-123.238,45.749],[-123.26,45.714],[-123.283,45.717],[-123.325,45.689],[-123.401,45.692],[-123.407,45.668],[-123.388,45.629],[-123.375,45.619],[-123.342,45.629],[-123.318,45.585],[-123.358,45.577],[-123.377,45.547],[-123.397,45.543],[-123.391,45.53],[-123.403,45.519],[-123.399,45.509],[-123.412,45.502],[-123.406,45.488],[-123.416,45.486],[-123.406,45.462],[-123.359,45.453],[-123.348,45.44],[-123.367,45.421],[-123.382,45.418],[-123.397,45.43],[-123.42,45.421],[-123.42,45.407],[-123.446,45.394],[-123.457,45.369],[-123.428,45.326],[-123.369,45.275],[-123.403,45.267],[-123.427,45.285],[-123.445,45.277],[-123.474,45.283],[-123.469,45.272],[-123.492,45.264],[-123.491,45.249],[-123.503,45.239],[-123.529,45.237],[-123.534,45.21],[-123.561,45.2],[-123.569,45.218],[-123.604,45.214],[-123.616,45.204],[-123.614,45.188],[-123.653,45.177]]],[[[-123.755,46.434],[-123.731,46.428],[-123.717,46.469],[-123.75,46.498],[-123.736,46.533],[-123.716,46.547],[-123.704,46.571],[-123.664,46.575],[-123.655,46.605],[-123.681,46.628],[-123.649,46.657],[-123.617,46.65],[-123.563,46.658],[-123.548,46.641],[-123.517,46.647],[-123.484,46.64],[-123.476,46.622],[-123.444,46.603],[-123.438,46.585],[-123.411,46.584],[-123.416,46.568],[-123.407,46.559],[-123.417,46.545],[-123.416,46.524],[-123.406,46.514],[-123.41,46.493],[-123.422,46.498],[-123.498,46.483],[-123.526,46.459],[-123.567,46.469],[-123.571,46.459],[-123.633,46.428],[-123.677,46.426],[-123.716,46.386],[-123.719,46.369],[-123.735,46.362],[-123.744,46.392],[-123.773,46.417],[-123.755,46.434]]],[[[-123.41,43.97],[-123.364,43.972],[-123.351,43.941],[-123.329,43.938],[-123.324,43.921],[-123.309,43.918],[-123.307,43.909],[-123.325,43.891],[-123.265,43.885],[-123.251,43.862],[-123.2,43.865],[-123.169,43.89],[-123.144,43.87],[-123.13,43.872],[-123.131,43.861],[-123.163,43.843],[-123.144,43.817],[-123.15,43.798],[-123.139,43.792],[-123.137,43.773],[-123.18,43.764],[-123.212,43.78],[-123.246,43.762],[-123.257,43.774],[-123.286,43.783],[-123.331,43.777],[-123.35,43.799],[-123.374,43.794],[-123.392,43.813],[-123.43,43.805],[-123.447,43.82],[-123.433,43.823],[-123.445,43.839],[-123.471,43.841],[-123.492,43.829],[-123.497,43.839],[-123.546,43.832],[-123.566,43.854],[-123.591,43.853],[-123.606,43.864],[-123.635,43.858],[-123.639,43.868],[-123.677,43.871],[-123.689,43.914],[-123.705,43.925],[-123.724,43.921],[-123.731,43.938],[-123.72,43.948],[-123.723,43.981],[-123.767,43.998],[-123.762,44.025],[-123.85,44.048],[-123.866,44.059],[-123.88,44.056],[-123.884,44.066],[-123.902,44.07],[-123.89,44.092],[-123.869,44.104],[-123.89,44.155],[-123.932,44.18],[-123.954,44.183],[-123.957,44.189],[-123.912,44.218],[-123.928,44.244],[-123.902,44.269],[-123.914,44.274],[-123.928,44.319],[-123.92,44.336],[-123.887,44.347],[-123.901,44.378],[-123.772,44.398],[-123.777,44.408],[-123.765,44.418],[-123.783,44.448],[-123.766,44.482],[-123.72,44.473],[-123.686,44.48],[-123.686,44.492],[-123.67,44.491],[-123.668,44.499],[-123.627,44.489],[-123.567,44.509],[-123.564,44.502],[-123.551,44.509],[-123.538,44.478],[-123.512,44.48],[-123.473,44.436],[-123.499,44.411],[-123.498,44.396],[-123.467,44.384],[-123.443,44.352],[-123.439,44.33],[-123.451,44.32],[-123.439,44.304],[-123.439,44.278],[-123.463,44.273],[-123.469,44.283],[-123.471,44.272],[-123.443,44.262],[-123.423,44.229],[-123.478,44.212],[-123.486,44.203],[-123.483,44.183],[-123.496,44.172],[-123.49,44.162],[-123.525,44.132],[-123.546,44.127],[-123.55,44.056],[-123.534,44.056],[-123.523,44.041],[-123.501,44.051],[-123.484,44.048],[-123.457,44.02],[-123.453,44.0],[-123.432,43.999],[-123.41,43.97]]],[[[-123.604,44.709],[-123.646,44.687],[-123.647,44.678],[-123.675,44.675],[-123.735,44.702],[-123.768,44.677],[-123.811,44.699],[-123.868,44.693],[-123.888,44.714],[-123.891,44.722],[-123.876,44.732],[-123.889,44.74],[-123.865,44.746],[-123.863,44.779],[-123.82,44.813],[-123.833,44.816],[-123.834,44.825],[-123.799,44.848],[-123.791,44.864],[-123.797,44.871],[-123.773,44.882],[-123.803,44.907],[-123.799,44.922],[-123.77,44.929],[-123.786,44.954],[-123.684,44.976],[-123.681,44.969],[-123.638,44.967],[-123.633,44.956],[-123.58,44.93],[-123.594,44.901],[-123.618,44.896],[-123.635,44.873],[-123.623,44.857],[-123.582,44.847],[-123.564,44.83],[-123.589,44.815],[-123.648,44.815],[-123.639,44.804],[-123.654,44.77],[-123.614,44.747],[-123.604,44.709]]]]}},{"id":"25","type":"Feature","properties":{"code":"COQUILLE","name":"Coquille River Basin","region":"Western Oregon","area":1211.0},"geometry":{"type":"MultiPolygon","coordinates":[[[[-123.853,42.875],[-123.871,42.845],[-123.856,42.834],[-123.856,42.822],[-123.877,42.81],[-123.866,42.772],[-123.918,42.772],[-123.932,42.757],[-123.931,42.742],[-123.948,42.735],[-123.946,42.728],[-123.969,42.723],[-123.985,42.7],[-124.011,42.687],[-124.035,42.697],[-124.047,42.687],[-124.092,42.684],[-124.133,42.66],[-124.151,42.679],[-124.136,42.704],[-124.145,42.725],[-124.14,42.737],[-124.167,42.754],[-124.16,42.774],[-124.173,42.793],[-124.17,42.809],[-124.157,42.816],[-124.161,42.826],[-124.139,42.835],[-124.143,42.868],[-124.157,42.864],[-124.166,42.885],[-124.18,42.882],[-124.19,42.895],[-124.206,42.895],[-124.235,42.941],[-124.272,42.955],[-124.275,42.962],[-124.266,42.964],[-124.288,43.004],[-124.269,43.008],[-124.27,43.023],[-124.257,43.029],[-124.267,43.029],[-124.275,43.043],[-124.255,43.077],[-124.263,43.123],[-124.207,43.125],[-124.205,43.139],[-124.192,43.143],[-124.213,43.185],[-124.205,43.206],[-124.186,43.208],[-124.153,43.25],[-124.118,43.25],[-124.108,43.287],[-124.067,43.289],[-124.068,43.303],[-124.054,43.307],[-124.053,43.318],[-124.029,43.323],[-123.999,43.349],[-123.955,43.355],[-123.947,43.337],[-123.877,43.319],[-123.876,43.304],[-123.85,43.291],[-123.871,43.279],[-123.866,43.254],[-123.86,43.24],[-123.838,43.238],[-123.833,43.213],[-123.805,43.208],[-123.792,43.214],[-123.781,43.198],[-123.759,43.195],[-123.753,43.182],[-123.728,43.183],[-123.735,43.2],[-123.704,43.2],[-123.71,43.191],[-123.7,43.178],[-123.671,43.17],[-123.682,43.148],[-123.675,43.131],[-123.688,43.125],[-123.653,43.102],[-123.662,43.085],[-123.638,43.053],[-123.646,43.048],[-123.639,43.019],[-123.651,43.009],[-123.653,42.99],[-123.631,42.95],[-123.619,42.945],[-123.645,42.932],[-123.64,42.922],[-123.649,42.916],[-123.664,42.917],[-123.661,42.884],[-123.69,42.892],[-123.7,42.905],[-123.732,42.883],[-123.794,42.896],[-123.853,42.875]]],[[[-124.019,42.361],[-123.937,42.361],[-123.921,42.346],[-123.892,42.353],[-123.878,42.345],[-123.867,42.32],[-123.846,42.319],[-123.84,42.312],[-123.847,42.299],[-123.815,42.263],[-123.812,42.244],[-123.793,42.237],[-123.791,42.221],[-123.809,42.217],[-123.82,42.201],[-123.813,42.169],[-123.877,42.123],[-123.919,42.128],[-123.953,42.144],[-123.987,42.115],[-124.029,42.123],[-124.067,42.104],[-124.078,42.137],[-124.072,42.146],[-124.086,42.159],[-124.19,42.124],[-124.191,42.142],[-124.212,42.147],[-124.211,42.164],[-124.19,42.178],[-124.2,42.186],[-124.195,42.205],[-124.207,42.211],[-124.202,42.234],[-124.21,42.243],[-124.237,42.243],[-124.241,42.252],[-124.207,42.259],[-124.199,42.277],[-124.143,42.294],[-124.137,42.322],[-124.07,42.332],[-124.019,42.361]]]]}},{"id":"26","type":"Feature","properties":{"code":"ROGUE","name":"Rogue-Illinois River Basins","region":"Western Oregon","area":4328.0},"geometry":{"type":"Polygon","coordinates":[[[-123.852,42.144],[-123.801,42.18],[-123.783,42.162],[-123.776,42.119],[-123.712,42.137],[-123.698,42.151],[-123.698,42.177],[-123.69,42.183],[-123.705,42.194],[-123.705,42.206],[-123.667,42.225],[-123.658,42.253],[-123.628,42.256],[-123.603,42.243],[-123.581,42.214],[-123.59,42.212],[-123.581,42.203],[-123.586,42.19],[-123.563,42.196],[-123.554,42.186],[-123.465,42.206],[-123.435,42.194],[-123.431,42.183],[-123.403,42.189],[-123.391,42.211],[-123.399,42.216],[-123.394,42.244],[-123.382,42.25],[-123.407,42.263],[-123.412,42.299],[-123.45,42.306],[-123.448,42.325],[-123.525,42.316],[-123.529,42.337],[-123.54,42.339],[-123.579,42.323],[-123.591,42.339],[-123.611,42.338],[-123.632,42.363],[-123.641,42.361],[-123.608,42.455],[-123.652,42.464],[-123.659,42.481],[-123.675,42.481],[-123.679,42.491],[-123.709,42.503],[-123.703,42.512],[-123.71,42.555],[-123.753,42.572],[-123.736,42.58],[-123.743,42.597],[-123.814,42.607],[-123.815,42.622],[-123.841,42.624],[-123.85,42.633],[-123.873,42.628],[-123.926,42.643],[-123.937,42.633],[-123.995,42.624],[-123.995,42.612],[-124.036,42.6],[-124.041,42.587],[-124.072,42.588],[-124.069,42.581],[-124.082,42.574],[-124.118,42.6],[-124.123,42.636],[-124.137,42.644],[-124.139,42.663],[-124.128,42.661],[-124.131,42.668],[-124.092,42.684],[-124.047,42.687],[-124.035,42.697],[-124.011,42.687],[-123.985,42.7],[-123.969,42.723],[-123.946,42.728],[-123.948,42.735],[-123.931,42.742],[-123.932,42.757],[-123.918,42.772],[-123.866,42.772],[-123.866,42.783],[-123.839,42.793],[-123.8,42.786],[-123.781,42.801],[-123.761,42.791],[-123.748,42.797],[-123.731,42.779],[-123.707,42.784],[-123.707,42.773],[-123.68,42.768],[-123.67,42.732],[-123.645,42.734],[-123.636,42.725],[-123.618,42.729],[-123.604,42.721],[-123.574,42.735],[-123.557,42.72],[-123.543,42.723],[-123.511,42.707],[-123.499,42.714],[-123.467,42.698],[-123.432,42.713],[-123.405,42.711],[-123.392,42.729],[-123.348,42.735],[-123.33,42.728],[-123.254,42.729],[-123.241,42.698],[-123.208,42.705],[-123.195,42.723],[-123.16,42.738],[-123.164,42.748],[-123.129,42.763],[-123.126,42.756],[-123.098,42.762],[-123.066,42.732],[-123.022,42.745],[-123.007,42.722],[-122.992,42.723],[-122.949,42.761],[-122.922,42.767],[-122.92,42.778],[-122.89,42.781],[-122.86,42.768],[-122.821,42.788],[-122.811,42.775],[-122.798,42.779],[-122.781,42.789],[-122.786,42.802],[-122.777,42.804],[-122.777,42.823],[-122.757,42.831],[-122.769,42.84],[-122.766,42.846],[-122.743,42.851],[-122.743,42.862],[-122.717,42.877],[-122.66,42.895],[-122.594,42.902],[-122.593,42.917],[-122.564,42.927],[-122.547,42.945],[-122.492,42.953],[-122.477,42.98],[-122.478,43.002],[-122.453,43.028],[-122.463,43.043],[-122.459,43.056],[-122.394,43.097],[-122.351,43.107],[-122.336,43.098],[-122.273,43.132],[-122.254,43.119],[-122.231,43.122],[-122.179,43.107],[-122.178,43.086],[-122.157,43.074],[-122.151,43.061],[-122.163,43.055],[-122.166,43.0],[-122.137,42.973],[-122.172,42.943],[-122.165,42.922],[-122.144,42.903],[-122.159,42.88],[-122.18,42.88],[-122.185,42.872],[-122.179,42.853],[-122.188,42.85],[-122.18,42.841],[-122.174,42.784],[-122.187,42.766],[-122.18,42.752],[-122.193,42.704],[-122.177,42.689],[-122.166,42.66],[-122.225,42.637],[-122.214,42.624],[-122.215,42.6],[-122.23,42.578],[-122.218,42.569],[-122.214,42.544],[-122.23,42.545],[-122.228,42.515],[-122.237,42.501],[-122.285,42.498],[-122.279,42.474],[-122.316,42.445],[-122.25,42.438],[-122.244,42.409],[-122.268,42.405],[-122.265,42.372],[-122.273,42.366],[-122.24,42.358],[-122.236,42.348],[-122.241,42.321],[-122.253,42.315],[-122.254,42.303],[-122.268,42.3],[-122.249,42.278],[-122.264,42.275],[-122.26,42.254],[-122.309,42.247],[-122.351,42.279],[-122.381,42.277],[-122.397,42.266],[-122.411,42.237],[-122.421,42.25],[-122.435,42.247],[-122.455,42.22],[-122.494,42.216],[-122.51,42.205],[-122.51,42.164],[-122.499,42.137],[-122.473,42.109],[-122.48,42.089],[-122.473,42.072],[-122.517,42.055],[-122.518,42.044],[-122.573,42.028],[-122.582,42.052],[-122.602,42.052],[-122.626,42.088],[-122.669,42.067],[-122.727,42.085],[-122.755,42.079],[-122.755,42.068],[-122.794,42.063],[-122.795,42.052],[-122.836,42.054],[-122.86,42.038],[-122.881,42.037],[-122.876,42.023],[-122.9,41.994],[-122.958,41.956],[-122.965,41.932],[-123.0,41.931],[-123.012,41.949],[-123.076,41.956],[-123.115,41.937],[-123.165,41.939],[-123.203,41.917],[-123.242,41.924],[-123.277,41.948],[-123.304,41.946],[-123.303,41.962],[-123.338,41.974],[-123.359,42.005],[-123.419,42.003],[-123.435,42.018],[-123.474,42.014],[-123.536,41.992],[-123.532,41.956],[-123.552,41.929],[-123.551,41.915],[-123.562,41.905],[-123.597,41.904],[-123.611,41.875],[-123.636,41.888],[-123.64,41.899],[-123.632,41.904],[-123.648,41.904],[-123.657,41.94],[-123.695,41.946],[-123.701,41.96],[-123.713,41.953],[-123.736,41.96],[-123.748,41.976],[-123.785,41.979],[-123.794,42.003],[-123.822,41.997],[-123.848,42.047],[-123.819,42.076],[-123.852,42.144]]]}},{"id":"27","type":"Feature","properties":{"code":"SANTIAM","name":"Santiam River Basin","region":"Western Oregon","area":1866.0},"geometry":{"type":"Polygon","coordinates":[[[-121.849,44.486],[-121.855,44.393],[-121.842,44.341],[-121.877,44.367],[-121.915,44.362],[-121.929,44.379],[-121.926,44.406],[-121.941,44.417],[-122.047,44.426],[-122.148,44.403],[-122.137,44.386],[-122.12,44.382],[-122.132,44.361],[-122.128,44.351],[-122.21,44.32],[-122.257,44.332],[-122.257,44.321],[-122.284,44.308],[-122.292,44.277],[-122.308,44.266],[-122.378,44.27],[-122.402,44.292],[-122.455,44.266],[-122.506,44.289],[-122.555,44.294],[-122.584,44.314],[-122.635,44.311],[-122.682,44.324],[-122.7,44.343],[-122.71,44.341],[-122.715,44.366],[-122.737,44.369],[-122.741,44.379],[-122.787,44.377],[-122.813,44.402],[-122.852,44.394],[-122.869,44.424],[-122.882,44.428],[-122.854,44.438],[-122.847,44.458],[-122.861,44.467],[-122.864,44.488],[-122.9,44.499],[-122.937,44.525],[-122.931,44.575],[-122.938,44.604],[-122.971,44.634],[-122.981,44.632],[-122.983,44.662],[-123.016,44.655],[-123.031,44.689],[-123.043,44.694],[-123.029,44.712],[-123.015,44.715],[-123.014,44.7],[-122.984,44.703],[-122.98,44.745],[-122.956,44.765],[-122.9,44.769],[-122.885,44.783],[-122.807,44.799],[-122.788,44.829],[-122.77,44.837],[-122.723,44.839],[-122.72,44.832],[-122.663,44.847],[-122.634,44.827],[-122.559,44.839],[-122.527,44.838],[-122.524,44.831],[-122.476,44.841],[-122.447,44.861],[-122.404,44.859],[-122.392,44.88],[-122.354,44.865],[-122.343,44.879],[-122.316,44.862],[-122.31,44.874],[-122.281,44.88],[-122.277,44.896],[-122.263,44.902],[-122.213,44.882],[-122.205,44.862],[-122.135,44.865],[-122.15,44.815],[-122.145,44.81],[-122.094,44.82],[-122.078,44.81],[-122.059,44.835],[-122.014,44.85],[-122.015,44.837],[-121.989,44.819],[-121.945,44.822],[-121.924,44.806],[-121.832,44.813],[-121.813,44.781],[-121.774,44.775],[-121.76,44.762],[-121.8,44.735],[-121.792,44.689],[-121.8,44.685],[-121.796,44.648],[-121.812,44.616],[-121.794,44.594],[-121.803,44.555],[-121.817,44.538],[-121.809,44.517],[-121.849,44.486]]]}},{"id":"28","type":"Feature","properties":{"code":"UMPQUA","name":"Umpqua River Basin","region":"Western Oregon","area":3747.0},"geometry":{"type":"Polygon","coordinates":[[[-123.008,42.724],[-123.022,42.745],[-123.066,42.732],[-123.098,42.762],[-123.126,42.756],[-123.129,42.763],[-123.164,42.748],[-123.16,42.738],[-123.195,42.723],[-123.208,42.705],[-123.241,42.698],[-123.254,42.729],[-123.33,42.728],[-123.348,42.735],[-123.392,42.729],[-123.405,42.711],[-123.432,42.713],[-123.467,42.698],[-123.499,42.714],[-123.511,42.707],[-123.543,42.723],[-123.557,42.72],[-123.574,42.735],[-123.604,42.721],[-123.618,42.729],[-123.636,42.725],[-123.645,42.734],[-123.67,42.732],[-123.68,42.768],[-123.707,42.773],[-123.707,42.784],[-123.743,42.784],[-123.748,42.797],[-123.761,42.791],[-123.781,42.801],[-123.8,42.786],[-123.839,42.793],[-123.855,42.782],[-123.875,42.792],[-123.877,42.81],[-123.856,42.822],[-123.859,42.841],[-123.875,42.856],[-123.865,42.869],[-123.794,42.896],[-123.723,42.885],[-123.7,42.905],[-123.69,42.892],[-123.661,42.884],[-123.664,42.917],[-123.649,42.916],[-123.64,42.922],[-123.645,42.932],[-123.619,42.945],[-123.631,42.95],[-123.653,42.99],[-123.651,43.009],[-123.639,43.019],[-123.646,43.048],[-123.638,43.053],[-123.662,43.085],[-123.652,43.099],[-123.688,43.125],[-123.675,43.131],[-123.682,43.148],[-123.672,43.162],[-123.635,43.159],[-123.639,43.169],[-123.59,43.187],[-123.561,43.242],[-123.588,43.27],[-123.608,43.318],[-123.626,43.325],[-123.629,43.332],[-123.61,43.336],[-123.617,43.353],[-123.634,43.357],[-123.639,43.367],[-123.653,43.364],[-123.671,43.383],[-123.666,43.395],[-123.673,43.412],[-123.665,43.418],[-123.69,43.453],[-123.68,43.455],[-123.686,43.469],[-123.649,43.492],[-123.66,43.52],[-123.647,43.537],[-123.579,43.548],[-123.57,43.565],[-123.545,43.567],[-123.547,43.585],[-123.558,43.586],[-123.564,43.6],[-123.545,43.604],[-123.545,43.616],[-123.499,43.618],[-123.485,43.598],[-123.456,43.59],[-123.447,43.554],[-123.433,43.546],[-123.367,43.564],[-123.349,43.556],[-123.321,43.577],[-123.322,43.603],[-123.293,43.647],[-123.295,43.665],[-123.237,43.689],[-123.171,43.692],[-123.162,43.682],[-123.141,43.683],[-123.121,43.597],[-123.104,43.579],[-123.121,43.552],[-123.118,43.525],[-123.067,43.538],[-123.057,43.533],[-123.043,43.543],[-122.942,43.525],[-122.896,43.53],[-122.845,43.508],[-122.784,43.532],[-122.758,43.515],[-122.713,43.52],[-122.692,43.533],[-122.688,43.554],[-122.663,43.562],[-122.654,43.585],[-122.622,43.579],[-122.606,43.597],[-122.565,43.581],[-122.517,43.543],[-122.523,43.536],[-122.517,43.529],[-122.494,43.516],[-122.506,43.508],[-122.515,43.481],[-122.483,43.479],[-122.476,43.457],[-122.45,43.442],[-122.463,43.421],[-122.48,43.414],[-122.477,43.403],[-122.438,43.398],[-122.422,43.38],[-122.405,43.387],[-122.346,43.356],[-122.339,43.365],[-122.301,43.363],[-122.231,43.381],[-122.201,43.406],[-122.158,43.396],[-122.133,43.379],[-122.105,43.38],[-122.068,43.397],[-122.011,43.345],[-122.016,43.324],[-121.999,43.309],[-122.009,43.3],[-122.007,43.287],[-121.979,43.264],[-122.008,43.229],[-122.041,43.218],[-122.033,43.207],[-122.039,43.191],[-122.054,43.173],[-122.053,43.158],[-122.067,43.152],[-122.065,43.136],[-122.093,43.087],[-122.092,43.07],[-122.069,43.061],[-122.065,43.045],[-122.116,43.04],[-122.12,43.05],[-122.148,43.056],[-122.158,43.075],[-122.178,43.086],[-122.179,43.107],[-122.231,43.122],[-122.254,43.119],[-122.273,43.132],[-122.336,43.098],[-122.351,43.107],[-122.392,43.098],[-122.459,43.056],[-122.463,43.043],[-122.453,43.028],[-122.478,43.002],[-122.477,42.98],[-122.492,42.953],[-122.547,42.945],[-122.564,42.927],[-122.593,42.917],[-122.594,42.902],[-122.66,42.895],[-122.717,42.877],[-122.743,42.862],[-122.743,42.851],[-122.766,42.846],[-122.769,42.84],[-122.757,42.831],[-122.777,42.823],[-122.777,42.804],[-122.786,42.802],[-122.781,42.789],[-122.798,42.779],[-122.811,42.775],[-122.821,42.788],[-122.86,42.768],[-122.89,42.781],[-122.92,42.778],[-122.922,42.767],[-122.949,42.761],[-122.989,42.724],[-123.008,42.724]]]}},{"id":"29","type":"Feature","properties":{"code":"WILHDWTR","name":"Willamette Headwater River Basins","region":"Western Oregon","area":2446.0},"geometry":{"type":"MultiPolygon","coordinates":[[[[-122.844,45.119],[-122.801,45.184],[-122.754,45.229],[-122.686,45.22],[-122.65,45.2],[-122.683,45.235],[-122.686,45.25],[-122.594,45.241],[-122.583,45.253],[-122.573,45.245],[-122.557,45.258],[-122.507,45.262],[-122.478,45.245],[-122.444,45.25],[-122.429,45.235],[-122.414,45.238],[-122.406,45.217],[-122.376,45.208],[-122.375,45.194],[-122.356,45.198],[-122.323,45.144],[-122.291,45.128],[-122.298,45.12],[-122.289,45.099],[-122.248,45.088],[-122.246,45.07],[-122.232,45.062],[-122.224,45.041],[-122.251,45.017],[-122.211,45.01],[-122.202,45.0],[-122.211,44.995],[-122.211,44.976],[-122.238,44.959],[-122.239,44.946],[-122.257,44.93],[-122.254,44.9],[-122.268,44.901],[-122.281,44.88],[-122.31,44.874],[-122.32,44.861],[-122.343,44.879],[-122.354,44.865],[-122.392,44.88],[-122.404,44.859],[-122.447,44.861],[-122.476,44.841],[-122.634,44.827],[-122.663,44.847],[-122.702,44.839],[-122.708,44.853],[-122.728,44.864],[-122.739,44.892],[-122.752,44.885],[-122.784,44.897],[-122.809,44.881],[-122.838,44.901],[-122.905,44.872],[-122.921,44.884],[-122.942,44.884],[-122.965,44.939],[-122.995,44.948],[-123.003,44.942],[-123.026,44.96],[-123.028,44.989],[-123.003,45.006],[-123.004,45.021],[-122.965,45.017],[-122.964,45.029],[-122.955,45.031],[-122.947,45.115],[-122.844,45.119]]],[[[-123.353,45.449],[-123.406,45.462],[-123.416,45.486],[-123.406,45.488],[-123.412,45.502],[-123.399,45.509],[-123.403,45.519],[-123.391,45.53],[-123.397,45.543],[-123.377,45.547],[-123.366,45.572],[-123.318,45.585],[-123.342,45.629],[-123.375,45.619],[-123.388,45.629],[-123.407,45.668],[-123.401,45.692],[-123.325,45.689],[-123.283,45.717],[-123.26,45.714],[-123.238,45.749],[-123.187,45.744],[-123.167,45.759],[-123.146,45.749],[-123.106,45.779],[-123.109,45.786],[-123.05,45.798],[-123.034,45.785],[-123.034,45.764],[-123.011,45.733],[-122.973,45.708],[-122.919,45.695],[-122.917,45.672],[-122.869,45.612],[-122.831,45.607],[-122.759,45.543],[-122.753,45.525],[-122.705,45.5],[-122.695,45.483],[-122.725,45.452],[-122.725,45.439],[-122.7,45.431],[-122.688,45.395],[-122.669,45.395],[-122.646,45.36],[-122.657,45.35],[-122.699,45.342],[-122.703,45.35],[-122.764,45.341],[-122.779,45.351],[-122.826,45.349],[-122.892,45.302],[-122.904,45.307],[-122.917,45.338],[-122.932,45.335],[-122.947,45.347],[-123.005,45.358],[-123.009,45.368],[-123.024,45.365],[-123.052,45.393],[-123.052,45.382],[-123.084,45.368],[-123.172,45.402],[-123.203,45.399],[-123.209,45.413],[-123.236,45.426],[-123.27,45.419],[-123.348,45.44],[-123.353,45.449]]],[[[-123.643,44.966],[-123.681,44.969],[-123.684,44.976],[-123.752,44.961],[-123.756,44.971],[-123.746,44.985],[-123.727,44.989],[-123.71,45.011],[-123.712,45.041],[-123.692,45.057],[-123.704,45.073],[-123.737,45.088],[-123.761,45.132],[-123.752,45.149],[-123.729,45.157],[-123.732,45.176],[-123.715,45.187],[-123.716,45.202],[-123.697,45.206],[-123.653,45.177],[-123.614,45.188],[-123.609,45.213],[-123.569,45.218],[-123.557,45.201],[-123.534,45.21],[-123.529,45.237],[-123.503,45.239],[-123.491,45.249],[-123.492,45.264],[-123.469,45.272],[-123.474,45.283],[-123.445,45.277],[-123.427,45.285],[-123.401,45.26],[-123.365,45.253],[-123.347,45.234],[-123.346,45.219],[-123.317,45.214],[-123.305,45.198],[-123.295,45.2],[-123.295,45.211],[-123.245,45.218],[-123.184,45.212],[-123.181,45.194],[-123.139,45.195],[-123.14,45.172],[-123.127,45.152],[-123.149,45.129],[-123.139,45.105],[-123.151,45.084],[-123.137,45.049],[-123.164,45.025],[-123.178,44.996],[-123.224,44.99],[-123.238,44.998],[-123.247,44.97],[-123.286,44.973],[-123.294,44.942],[-123.313,44.938],[-123.341,44.966],[-123.376,44.973],[-123.386,44.96],[-123.441,44.952],[-123.44,44.937],[-123.455,44.934],[-123.452,44.927],[-123.484,44.928],[-123.49,44.942],[-123.534,44.921],[-123.564,44.918],[-123.643,44.966]]],[[[-123.37,44.618],[-123.331,44.525],[-123.344,44.519],[-123.34,44.509],[-123.354,44.491],[-123.375,44.49],[-123.381,44.481],[-123.415,44.485],[-123.412,44.478],[-123.452,44.462],[-123.466,44.445],[-123.482,44.445],[-123.512,44.48],[-123.538,44.478],[-123.551,44.509],[-123.581,44.506],[-123.591,44.53],[-123.607,44.531],[-123.617,44.555],[-123.631,44.563],[-123.644,44.594],[-123.636,44.599],[-123.655,44.633],[-123.621,44.625],[-123.615,44.612],[-123.594,44.612],[-123.582,44.634],[-123.586,44.644],[-123.573,44.65],[-123.585,44.678],[-123.577,44.683],[-123.581,44.694],[-123.606,44.703],[-123.614,44.747],[-123.637,44.764],[-123.653,44.765],[-123.652,44.787],[-123.639,44.804],[-123.648,44.815],[-123.589,44.815],[-123.564,44.83],[-123.582,44.847],[-123.623,44.857],[-123.635,44.873],[-123.622,44.891],[-123.557,44.875],[-123.512,44.896],[-123.441,44.888],[-123.429,44.898],[-123.384,44.904],[-123.366,44.9],[-123.368,44.892],[-123.357,44.891],[-123.344,44.871],[-123.316,44.869],[-123.302,44.835],[-123.244,44.81],[-123.231,44.779],[-123.236,44.766],[-123.269,44.756],[-123.283,44.764],[-123.312,44.758],[-123.316,44.742],[-123.339,44.734],[-123.335,44.712],[-123.35,44.697],[-123.315,44.675],[-123.344,44.669],[-123.341,44.651],[-123.354,44.644],[-123.349,44.63],[-123.37,44.618]]]]}},{"id":"30","type":"Feature","properties":{"code":"WILMAIN","name":"Willamette River Basin above Portland","region":"Western Oregon","area":2135.0},"geometry":{"type":"Polygon","coordinates":[[[-123.136,44.065],[-123.151,44.062],[-123.171,44.107],[-123.205,44.117],[-123.218,44.138],[-123.243,44.211],[-123.257,44.219],[-123.25,44.267],[-123.27,44.288],[-123.263,44.304],[-123.269,44.312],[-123.321,44.314],[-123.33,44.306],[-123.329,44.279],[-123.353,44.274],[-123.374,44.287],[-123.44,44.282],[-123.439,44.304],[-123.451,44.32],[-123.439,44.33],[-123.446,44.359],[-123.467,44.384],[-123.501,44.403],[-123.452,44.462],[-123.428,44.468],[-123.412,44.478],[-123.415,44.485],[-123.396,44.478],[-123.354,44.491],[-123.34,44.509],[-123.344,44.519],[-123.331,44.525],[-123.351,44.574],[-123.365,44.582],[-123.37,44.618],[-123.349,44.63],[-123.354,44.644],[-123.341,44.651],[-123.34,44.673],[-123.315,44.675],[-123.35,44.697],[-123.335,44.712],[-123.339,44.734],[-123.316,44.742],[-123.312,44.758],[-123.245,44.761],[-123.231,44.779],[-123.244,44.81],[-123.302,44.835],[-123.316,44.869],[-123.344,44.871],[-123.357,44.891],[-123.368,44.892],[-123.366,44.9],[-123.395,44.905],[-123.441,44.888],[-123.512,44.896],[-123.557,44.875],[-123.618,44.896],[-123.594,44.901],[-123.588,44.925],[-123.578,44.927],[-123.544,44.919],[-123.49,44.942],[-123.484,44.928],[-123.452,44.927],[-123.455,44.934],[-123.44,44.937],[-123.441,44.952],[-123.386,44.96],[-123.376,44.973],[-123.341,44.966],[-123.313,44.938],[-123.294,44.942],[-123.286,44.973],[-123.247,44.97],[-123.238,44.998],[-123.224,44.99],[-123.178,44.996],[-123.164,45.025],[-123.137,45.049],[-123.151,45.084],[-123.139,45.105],[-123.149,45.129],[-123.127,45.152],[-123.14,45.172],[-123.139,45.195],[-123.181,45.194],[-123.184,45.212],[-123.275,45.215],[-123.295,45.211],[-123.295,45.2],[-123.305,45.198],[-123.317,45.214],[-123.346,45.219],[-123.347,45.234],[-123.365,45.253],[-123.401,45.26],[-123.403,45.267],[-123.369,45.275],[-123.374,45.285],[-123.393,45.292],[-123.45,45.352],[-123.453,45.385],[-123.423,45.402],[-123.42,45.421],[-123.397,45.43],[-123.382,45.418],[-123.367,45.421],[-123.362,45.434],[-123.339,45.442],[-123.27,45.419],[-123.236,45.426],[-123.209,45.413],[-123.203,45.399],[-123.172,45.402],[-123.084,45.368],[-123.052,45.382],[-123.052,45.393],[-123.024,45.365],[-123.009,45.368],[-123.005,45.358],[-122.947,45.347],[-122.932,45.335],[-122.917,45.338],[-122.904,45.307],[-122.892,45.302],[-122.826,45.349],[-122.779,45.351],[-122.764,45.341],[-122.703,45.35],[-122.699,45.342],[-122.657,45.35],[-122.646,45.36],[-122.669,45.395],[-122.688,45.395],[-122.7,45.431],[-122.725,45.439],[-122.725,45.452],[-122.695,45.483],[-122.705,45.502],[-122.682,45.516],[-122.636,45.525],[-122.619,45.508],[-122.59,45.512],[-122.561,45.504],[-122.548,45.479],[-122.505,45.487],[-122.505,45.468],[-122.515,45.461],[-122.511,45.45],[-122.569,45.409],[-122.58,45.384],[-122.555,45.374],[-122.515,45.379],[-122.501,45.36],[-122.506,45.347],[-122.471,45.335],[-122.466,45.314],[-122.446,45.302],[-122.449,45.284],[-122.43,45.26],[-122.436,45.245],[-122.478,45.245],[-122.507,45.262],[-122.557,45.258],[-122.573,45.245],[-122.583,45.253],[-122.594,45.241],[-122.686,45.25],[-122.683,45.235],[-122.65,45.2],[-122.686,45.22],[-122.754,45.229],[-122.801,45.184],[-122.848,45.113],[-122.891,45.123],[-122.947,45.115],[-122.955,45.031],[-122.964,45.029],[-122.965,45.017],[-123.004,45.021],[-123.003,45.006],[-123.028,44.989],[-123.026,44.96],[-123.003,44.942],[-122.995,44.948],[-122.965,44.939],[-122.942,44.884],[-122.921,44.884],[-122.905,44.872],[-122.838,44.901],[-122.809,44.881],[-122.784,44.897],[-122.752,44.885],[-122.739,44.892],[-122.728,44.864],[-122.708,44.853],[-122.701,44.836],[-122.77,44.837],[-122.788,44.829],[-122.807,44.799],[-122.885,44.783],[-122.9,44.769],[-122.956,44.765],[-122.98,44.745],[-122.984,44.703],[-123.014,44.7],[-123.015,44.715],[-123.029,44.712],[-123.043,44.694],[-123.031,44.689],[-123.016,44.655],[-122.983,44.662],[-122.981,44.632],[-122.971,44.634],[-122.938,44.604],[-122.931,44.575],[-122.937,44.525],[-122.9,44.499],[-122.864,44.488],[-122.861,44.467],[-122.847,44.458],[-122.854,44.438],[-122.882,44.428],[-122.869,44.424],[-122.852,44.394],[-122.813,44.402],[-122.787,44.377],[-122.741,44.379],[-122.737,44.369],[-122.715,44.366],[-122.71,44.341],[-122.7,44.343],[-122.682,44.324],[-122.635,44.311],[-122.584,44.314],[-122.555,44.294],[-122.476,44.28],[-122.472,44.27],[-122.45,44.267],[-122.402,44.292],[-122.378,44.27],[-122.332,44.272],[-122.318,44.264],[-122.33,44.254],[-122.327,44.232],[-122.379,44.207],[-122.432,44.222],[-122.45,44.215],[-122.465,44.227],[-122.472,44.218],[-122.504,44.219],[-122.536,44.234],[-122.581,44.229],[-122.586,44.241],[-122.642,44.25],[-122.652,44.27],[-122.692,44.27],[-122.728,44.287],[-122.765,44.291],[-122.823,44.272],[-122.891,44.3],[-122.934,44.264],[-122.928,44.258],[-122.935,44.238],[-122.982,44.212],[-122.984,44.19],[-123.004,44.177],[-122.977,44.136],[-123.008,44.111],[-123.048,44.128],[-123.084,44.128],[-123.099,44.166],[-123.099,44.192],[-123.142,44.232],[-123.158,44.27],[-123.178,44.269],[-123.204,44.244],[-123.171,44.189],[-123.148,44.171],[-123.15,44.114],[-123.131,44.077],[-123.136,44.065]]]}},{"id":"31","type":"Feature","properties":{"code":"WILSOUTH","name":"Willamette River Basin abv Harrisburg","region":"Western Oregon","area":3761.0},"geometry":{"type":"Polygon","coordinates":[[[-122.786,43.532],[-122.836,43.508],[-122.896,43.53],[-122.942,43.525],[-123.043,43.543],[-123.057,43.533],[-123.067,43.538],[-123.118,43.525],[-123.121,43.552],[-123.104,43.579],[-123.121,43.597],[-123.138,43.649],[-123.134,43.706],[-123.155,43.731],[-123.13,43.739],[-123.125,43.76],[-123.138,43.773],[-123.139,43.792],[-123.15,43.798],[-123.147,43.824],[-123.163,43.839],[-123.131,43.861],[-123.13,43.872],[-123.144,43.87],[-123.169,43.89],[-123.2,43.865],[-123.251,43.862],[-123.265,43.885],[-123.325,43.891],[-123.307,43.909],[-123.309,43.918],[-123.324,43.921],[-123.329,43.938],[-123.351,43.941],[-123.364,43.972],[-123.392,43.977],[-123.41,43.97],[-123.432,43.999],[-123.455,44.002],[-123.457,44.02],[-123.484,44.048],[-123.501,44.051],[-123.523,44.041],[-123.534,44.056],[-123.55,44.056],[-123.546,44.127],[-123.525,44.132],[-123.49,44.162],[-123.496,44.172],[-123.483,44.183],[-123.486,44.203],[-123.478,44.212],[-123.423,44.229],[-123.443,44.262],[-123.471,44.272],[-123.469,44.283],[-123.463,44.273],[-123.374,44.287],[-123.353,44.274],[-123.329,44.279],[-123.33,44.306],[-123.321,44.314],[-123.269,44.312],[-123.263,44.304],[-123.27,44.288],[-123.25,44.267],[-123.254,44.212],[-123.243,44.211],[-123.205,44.117],[-123.171,44.107],[-123.151,44.062],[-123.136,44.065],[-123.131,44.077],[-123.15,44.114],[-123.148,44.171],[-123.171,44.189],[-123.204,44.244],[-123.179,44.269],[-123.158,44.27],[-123.142,44.232],[-123.099,44.192],[-123.099,44.166],[-123.084,44.128],[-123.048,44.128],[-123.008,44.111],[-122.977,44.136],[-123.004,44.177],[-122.984,44.19],[-122.982,44.212],[-122.935,44.238],[-122.928,44.258],[-122.934,44.264],[-122.891,44.3],[-122.823,44.272],[-122.765,44.291],[-122.728,44.287],[-122.692,44.27],[-122.652,44.27],[-122.642,44.25],[-122.586,44.241],[-122.581,44.229],[-122.536,44.234],[-122.504,44.219],[-122.472,44.218],[-122.465,44.227],[-122.45,44.215],[-122.432,44.222],[-122.379,44.207],[-122.33,44.228],[-122.33,44.254],[-122.32,44.267],[-122.292,44.277],[-122.284,44.308],[-122.257,44.321],[-122.257,44.332],[-122.21,44.32],[-122.128,44.351],[-122.132,44.361],[-122.12,44.382],[-122.137,44.386],[-122.148,44.403],[-122.135,44.409],[-122.113,44.406],[-122.102,44.418],[-122.036,44.427],[-121.947,44.419],[-121.926,44.406],[-121.929,44.379],[-121.915,44.362],[-121.877,44.367],[-121.849,44.35],[-121.834,44.318],[-121.841,44.288],[-121.826,44.284],[-121.817,44.256],[-121.776,44.223],[-121.785,44.215],[-121.772,44.167],[-121.784,44.148],[-121.773,44.139],[-121.771,44.093],[-121.803,44.052],[-121.823,44.053],[-121.83,44.043],[-121.834,44.032],[-121.822,44.011],[-121.829,43.989],[-121.838,43.985],[-121.837,43.971],[-121.859,43.96],[-121.874,43.906],[-121.921,43.911],[-121.938,43.881],[-121.975,43.857],[-121.975,43.814],[-121.967,43.812],[-121.96,43.781],[-121.97,43.773],[-121.962,43.764],[-121.975,43.727],[-121.963,43.693],[-121.975,43.681],[-121.967,43.627],[-122.089,43.579],[-122.107,43.562],[-122.128,43.558],[-122.142,43.539],[-122.148,43.515],[-122.125,43.506],[-122.138,43.455],[-122.153,43.447],[-122.128,43.433],[-122.094,43.434],[-122.058,43.399],[-122.133,43.379],[-122.158,43.396],[-122.201,43.406],[-122.231,43.381],[-122.301,43.363],[-122.339,43.365],[-122.346,43.356],[-122.405,43.387],[-122.422,43.38],[-122.438,43.398],[-122.479,43.405],[-122.479,43.415],[-122.463,43.421],[-122.45,43.442],[-122.476,43.457],[-122.483,43.479],[-122.515,43.481],[-122.506,43.508],[-122.494,43.516],[-122.523,43.535],[-122.517,43.543],[-122.566,43.582],[-122.606,43.597],[-122.622,43.579],[-122.654,43.585],[-122.663,43.562],[-122.688,43.554],[-122.692,43.533],[-122.713,43.52],[-122.758,43.515],[-122.786,43.532]]]}},{"id":"32","type":"Feature","properties":{"code":"CHEHALIS","name":"Chehalis River Basin","region":"Western Washington","area":1461.0},"geometry":{"type":"MultiPolygon","coordinates":[[[[-123.129,46.347],[-123.154,46.333],[-123.182,46.335],[-123.177,46.353],[-123.185,46.366],[-123.171,46.381],[-123.213,46.403],[-123.314,46.382],[-123.356,46.399],[-123.347,46.407],[-123.36,46.425],[-123.354,46.442],[-123.362,46.442],[-123.388,46.483],[-123.421,46.487],[-123.404,46.497],[-123.416,46.526],[-123.417,46.545],[-123.407,46.559],[-123.416,46.568],[-123.411,46.584],[-123.437,46.585],[-123.483,46.639],[-123.517,46.647],[-123.479,46.667],[-123.476,46.691],[-123.415,46.684],[-123.39,46.707],[-123.321,46.695],[-123.332,46.722],[-123.346,46.731],[-123.343,46.743],[-123.382,46.764],[-123.382,46.793],[-123.369,46.801],[-123.381,46.845],[-123.405,46.843],[-123.443,46.866],[-123.441,46.891],[-123.397,46.911],[-123.378,46.91],[-123.369,46.924],[-123.346,46.922],[-123.335,46.938],[-123.312,46.94],[-123.282,46.981],[-123.242,47.005],[-123.231,47.035],[-123.196,47.042],[-123.167,47.037],[-123.111,47.009],[-123.088,47.023],[-123.064,47.021],[-123.047,46.99],[-123.014,46.983],[-122.972,47.024],[-122.963,47.005],[-122.95,47.005],[-122.947,46.979],[-122.921,46.979],[-122.914,46.974],[-122.919,46.963],[-122.905,46.967],[-122.864,46.947],[-122.864,46.929],[-122.842,46.922],[-122.854,46.913],[-122.825,46.896],[-122.805,46.903],[-122.766,46.848],[-122.722,46.859],[-122.641,46.803],[-122.61,46.813],[-122.578,46.809],[-122.545,46.792],[-122.54,46.769],[-122.511,46.746],[-122.453,46.737],[-122.433,46.721],[-122.444,46.675],[-122.47,46.674],[-122.471,46.656],[-122.527,46.649],[-122.536,46.611],[-122.564,46.592],[-122.597,46.598],[-122.665,46.564],[-122.841,46.536],[-122.854,46.555],[-122.879,46.55],[-122.89,46.537],[-122.938,46.535],[-122.96,46.523],[-123.011,46.543],[-123.031,46.538],[-123.04,46.533],[-123.035,46.521],[-123.021,46.517],[-123.004,46.49],[-123.048,46.471],[-123.04,46.462],[-123.067,46.448],[-123.074,46.421],[-123.064,46.408],[-123.079,46.405],[-123.083,46.387],[-123.109,46.388],[-123.136,46.374],[-123.129,46.347]]],[[[-123.741,47.08],[-123.708,47.093],[-123.688,47.144],[-123.655,47.161],[-123.66,47.168],[-123.648,47.191],[-123.659,47.197],[-123.651,47.217],[-123.664,47.222],[-123.68,47.257],[-123.681,47.274],[-123.672,47.281],[-123.694,47.296],[-123.673,47.318],[-123.7,47.327],[-123.691,47.34],[-123.695,47.352],[-123.68,47.362],[-123.689,47.381],[-123.68,47.392],[-123.689,47.403],[-123.68,47.414],[-123.684,47.423],[-123.659,47.43],[-123.657,47.439],[-123.631,47.435],[-123.615,47.447],[-123.644,47.47],[-123.617,47.475],[-123.618,47.485],[-123.588,47.51],[-123.562,47.516],[-123.553,47.538],[-123.536,47.539],[-123.517,47.521],[-123.513,47.499],[-123.492,47.489],[-123.511,47.481],[-123.5,47.468],[-123.508,47.463],[-123.506,47.444],[-123.542,47.422],[-123.569,47.38],[-123.567,47.367],[-123.589,47.358],[-123.583,47.334],[-123.602,47.308],[-123.591,47.297],[-123.597,47.292],[-123.585,47.221],[-123.605,47.199],[-123.588,47.19],[-123.577,47.169],[-123.602,47.154],[-123.605,47.12],[-123.64,47.111],[-123.659,47.096],[-123.657,47.087],[-123.676,47.079],[-123.682,47.046],[-123.654,47.035],[-123.657,47.008],[-123.72,46.994],[-123.727,47.015],[-123.756,47.016],[-123.762,47.051],[-123.741,47.08]]]]}},{"id":"33","type":"Feature","properties":{"code":"COWLITZ","name":"Cowlitz River Basin","region":"Western Washington","area":2216.0},"geometry":{"type":"Polygon","coordinates":[[[-122.83,46.252],[-122.844,46.27],[-122.867,46.277],[-122.859,46.297],[-122.844,46.304],[-122.88,46.306],[-122.914,46.273],[-122.94,46.32],[-122.965,46.33],[-122.974,46.351],[-122.995,46.35],[-123.006,46.374],[-123.019,46.368],[-123.013,46.354],[-123.059,46.334],[-123.09,46.331],[-123.129,46.347],[-123.136,46.374],[-123.109,46.388],[-123.083,46.387],[-123.079,46.405],[-123.064,46.408],[-123.074,46.421],[-123.067,46.448],[-123.04,46.462],[-123.048,46.471],[-123.004,46.49],[-123.04,46.533],[-123.011,46.543],[-122.96,46.523],[-122.938,46.535],[-122.89,46.537],[-122.879,46.55],[-122.854,46.555],[-122.841,46.536],[-122.665,46.564],[-122.628,46.577],[-122.608,46.595],[-122.567,46.591],[-122.552,46.599],[-122.536,46.611],[-122.527,46.649],[-122.498,46.648],[-122.495,46.657],[-122.471,46.656],[-122.47,46.674],[-122.37,46.693],[-122.361,46.684],[-122.373,46.674],[-122.371,46.656],[-122.333,46.656],[-122.25,46.679],[-122.232,46.661],[-122.192,46.668],[-122.162,46.663],[-122.157,46.649],[-122.178,46.634],[-122.173,46.623],[-122.117,46.631],[-122.091,46.606],[-122.058,46.593],[-121.991,46.599],[-121.997,46.62],[-121.98,46.653],[-121.938,46.669],[-121.904,46.653],[-121.845,46.653],[-121.84,46.669],[-121.827,46.676],[-121.836,46.685],[-121.829,46.694],[-121.836,46.711],[-121.809,46.719],[-121.776,46.712],[-121.78,46.734],[-121.77,46.75],[-121.73,46.758],[-121.732,46.776],[-121.715,46.787],[-121.736,46.839],[-121.75,46.848],[-121.748,46.856],[-121.733,46.847],[-121.692,46.852],[-121.689,46.845],[-121.645,46.857],[-121.626,46.849],[-121.577,46.862],[-121.575,46.87],[-121.545,46.865],[-121.523,46.876],[-121.496,46.863],[-121.483,46.831],[-121.472,46.83],[-121.448,46.797],[-121.457,46.78],[-121.443,46.772],[-121.429,46.737],[-121.393,46.74],[-121.36,46.712],[-121.384,46.704],[-121.389,46.688],[-121.416,46.676],[-121.418,46.653],[-121.408,46.655],[-121.385,46.625],[-121.406,46.61],[-121.398,46.589],[-121.424,46.573],[-121.418,46.544],[-121.458,46.522],[-121.443,46.498],[-121.427,46.498],[-121.436,46.481],[-121.403,46.424],[-121.389,46.415],[-121.394,46.388],[-121.487,46.393],[-121.511,46.358],[-121.478,46.286],[-121.481,46.267],[-121.5,46.248],[-121.503,46.229],[-121.49,46.209],[-121.5,46.207],[-121.521,46.233],[-121.577,46.252],[-121.587,46.265],[-121.63,46.264],[-121.639,46.274],[-121.691,46.268],[-121.713,46.256],[-121.746,46.272],[-121.766,46.268],[-121.778,46.284],[-121.818,46.277],[-121.826,46.256],[-121.855,46.262],[-121.865,46.275],[-121.88,46.272],[-121.923,46.297],[-121.959,46.294],[-121.976,46.283],[-121.988,46.3],[-122.035,46.309],[-122.047,46.325],[-122.1,46.296],[-122.094,46.283],[-122.112,46.272],[-122.112,46.26],[-122.141,46.251],[-122.137,46.241],[-122.153,46.241],[-122.149,46.219],[-122.164,46.216],[-122.179,46.187],[-122.211,46.193],[-122.288,46.153],[-122.323,46.187],[-122.361,46.187],[-122.393,46.171],[-122.407,46.179],[-122.449,46.164],[-122.457,46.179],[-122.49,46.195],[-122.527,46.195],[-122.553,46.212],[-122.632,46.22],[-122.657,46.233],[-122.677,46.22],[-122.719,46.225],[-122.74,46.212],[-122.761,46.233],[-122.83,46.252]]]}},{"id":"34","type":"Feature","properties":{"code":"LEWIS","name":"Lewis River Basin","region":"Western Washington","area":742.0},"geometry":{"type":"Polygon","coordinates":[[[-122.372,45.935],[-122.404,45.955],[-122.519,45.962],[-122.558,45.943],[-122.586,45.986],[-122.597,45.988],[-122.598,46.003],[-122.565,46.013],[-122.557,46.008],[-122.549,46.027],[-122.536,46.034],[-122.49,46.029],[-122.476,46.046],[-122.45,46.047],[-122.428,46.033],[-122.407,46.045],[-122.402,46.061],[-122.368,46.064],[-122.35,46.078],[-122.315,46.075],[-122.305,46.099],[-122.28,46.115],[-122.28,46.13],[-122.239,46.134],[-122.202,46.19],[-122.179,46.187],[-122.164,46.216],[-122.149,46.219],[-122.153,46.241],[-122.137,46.241],[-122.141,46.251],[-122.112,46.26],[-122.112,46.272],[-122.094,46.283],[-122.1,46.296],[-122.072,46.306],[-122.071,46.317],[-122.057,46.324],[-122.047,46.325],[-122.029,46.307],[-121.988,46.3],[-121.976,46.283],[-121.959,46.294],[-121.923,46.297],[-121.88,46.272],[-121.865,46.275],[-121.855,46.262],[-121.826,46.256],[-121.818,46.277],[-121.778,46.284],[-121.766,46.268],[-121.746,46.272],[-121.713,46.256],[-121.691,46.268],[-121.639,46.274],[-121.63,46.264],[-121.587,46.265],[-121.577,46.252],[-121.521,46.233],[-121.494,46.204],[-121.526,46.206],[-121.62,46.184],[-121.631,46.171],[-121.652,46.17],[-121.654,46.147],[-121.718,46.135],[-121.747,46.141],[-121.763,46.126],[-121.748,46.103],[-121.776,46.079],[-121.771,46.065],[-121.782,46.04],[-121.778,46.03],[-121.761,46.026],[-121.76,46.011],[-121.812,45.993],[-121.825,46.0],[-121.925,45.994],[-121.959,45.998],[-121.978,46.012],[-122.018,45.96],[-122.046,45.955],[-122.036,45.938],[-122.058,45.927],[-122.069,45.887],[-122.084,45.885],[-122.093,45.841],[-122.111,45.841],[-122.128,45.862],[-122.166,45.849],[-122.17,45.858],[-122.189,45.852],[-122.197,45.865],[-122.221,45.866],[-122.253,45.854],[-122.254,45.843],[-122.304,45.848],[-122.315,45.861],[-122.309,45.871],[-122.32,45.886],[-122.313,45.889],[-122.352,45.924],[-122.355,45.943],[-122.372,45.935]]]}},{"id":"35","type":"Feature","properties":{"code":"MID_SOUND","name":"Middle Sound River Basins","region":"Western Washington","area":586.0},"geometry":{"type":"Polygon","coordinates":[[[-121.554,47.144],[-121.577,47.161],[-121.581,47.173],[-121.624,47.18],[-121.664,47.202],[-121.699,47.187],[-121.712,47.191],[-121.713,47.203],[-121.809,47.202],[-121.86,47.236],[-121.889,47.228],[-121.909,47.202],[-121.924,47.213],[-121.95,47.207],[-121.963,47.189],[-121.992,47.206],[-122.025,47.183],[-122.054,47.19],[-122.066,47.203],[-122.043,47.228],[-122.043,47.259],[-122.078,47.255],[-122.086,47.242],[-122.121,47.259],[-122.121,47.267],[-122.149,47.268],[-122.208,47.303],[-122.206,47.312],[-122.166,47.329],[-122.192,47.367],[-122.179,47.39],[-122.193,47.413],[-122.188,47.417],[-122.185,47.413],[-122.182,47.413],[-122.18,47.41],[-122.179,47.411],[-122.198,47.455],[-122.189,47.458],[-122.205,47.485],[-122.141,47.501],[-122.13,47.488],[-122.076,47.476],[-122.058,47.461],[-122.048,47.463],[-122.046,47.444],[-122.006,47.441],[-121.978,47.397],[-121.931,47.403],[-121.93,47.414],[-121.898,47.443],[-121.846,47.423],[-121.802,47.445],[-121.765,47.433],[-121.755,47.42],[-121.719,47.421],[-121.707,47.43],[-121.675,47.406],[-121.629,47.4],[-121.609,47.378],[-121.568,47.37],[-121.559,47.361],[-121.507,47.356],[-121.492,47.344],[-121.484,47.352],[-121.457,47.354],[-121.435,47.339],[-121.437,47.316],[-121.446,47.311],[-121.433,47.305],[-121.429,47.291],[-121.362,47.292],[-121.341,47.282],[-121.332,47.257],[-121.36,47.241],[-121.365,47.225],[-121.312,47.208],[-121.306,47.188],[-121.318,47.174],[-121.298,47.149],[-121.305,47.135],[-121.325,47.131],[-121.365,47.142],[-121.382,47.137],[-121.41,47.118],[-121.427,47.13],[-121.458,47.131],[-121.473,47.147],[-121.554,47.144]]]}},{"id":"36","type":"Feature","properties":{"code":"NW_WASH","name":"Northwest Washington River Basins","region":"Western Washington","area":1418.0},"geometry":{"type":"MultiPolygon","coordinates":[[[[-121.889,48.585],[-122.034,48.581],[-122.067,48.593],[-122.09,48.589],[-122.106,48.572],[-122.15,48.576],[-122.159,48.587],[-122.192,48.58],[-122.221,48.552],[-122.247,48.547],[-122.262,48.557],[-122.283,48.543],[-122.337,48.544],[-122.359,48.558],[-122.355,48.564],[-122.369,48.562],[-122.358,48.607],[-122.448,48.655],[-122.457,48.678],[-122.444,48.669],[-122.439,48.68],[-122.417,48.676],[-122.393,48.708],[-122.375,48.709],[-122.353,48.676],[-122.337,48.679],[-122.301,48.663],[-122.304,48.647],[-122.285,48.626],[-122.276,48.639],[-122.257,48.64],[-122.213,48.665],[-122.269,48.705],[-122.254,48.738],[-122.271,48.772],[-122.305,48.773],[-122.342,48.79],[-122.355,48.802],[-122.35,48.811],[-122.362,48.83],[-122.519,48.83],[-122.528,48.843],[-122.582,48.84],[-122.591,48.846],[-122.587,48.855],[-122.605,48.865],[-122.623,48.859],[-122.626,48.868],[-122.574,48.897],[-122.602,48.916],[-122.605,48.932],[-122.562,48.932],[-122.552,48.95],[-122.55,48.969],[-122.567,48.995],[-122.557,49.014],[-122.562,49.018],[-122.542,49.03],[-122.55,49.048],[-122.488,49.079],[-122.414,49.051],[-122.401,49.071],[-122.38,49.063],[-122.374,49.07],[-122.339,49.063],[-122.332,49.051],[-122.347,49.054],[-122.353,49.047],[-122.325,49.043],[-122.325,48.994],[-122.369,49.001],[-122.398,48.98],[-122.356,48.955],[-122.372,48.94],[-122.356,48.939],[-122.365,48.928],[-122.339,48.916],[-122.322,48.898],[-122.323,48.876],[-122.285,48.853],[-122.249,48.862],[-122.249,48.881],[-122.222,48.913],[-122.177,48.92],[-122.174,48.968],[-122.188,48.982],[-122.168,48.984],[-122.067,49.038],[-122.043,49.024],[-122.064,49.015],[-122.053,49.006],[-122.057,48.997],[-122.024,48.979],[-121.987,48.979],[-121.974,48.97],[-121.871,48.989],[-121.804,48.968],[-121.791,48.954],[-121.789,48.935],[-121.73,48.925],[-121.705,48.93],[-121.693,48.956],[-121.686,48.949],[-121.631,48.956],[-121.624,48.925],[-121.564,48.919],[-121.538,48.897],[-121.528,48.878],[-121.536,48.85],[-121.528,48.837],[-121.55,48.82],[-121.577,48.822],[-121.594,48.835],[-121.618,48.831],[-121.669,48.847],[-121.71,48.849],[-121.714,48.834],[-121.754,48.821],[-121.814,48.784],[-121.816,48.769],[-121.838,48.751],[-121.854,48.702],[-121.845,48.68],[-121.804,48.672],[-121.788,48.656],[-121.807,48.64],[-121.816,48.614],[-121.834,48.615],[-121.845,48.595],[-121.878,48.595],[-121.889,48.585]]],[[[-121.717,48.034],[-121.861,48.076],[-121.883,48.09],[-121.973,48.083],[-122.05,48.111],[-122.071,48.141],[-122.092,48.141],[-122.102,48.172],[-122.128,48.202],[-122.132,48.213],[-122.11,48.222],[-122.112,48.239],[-122.099,48.246],[-122.133,48.29],[-122.102,48.312],[-122.082,48.302],[-122.074,48.32],[-121.973,48.298],[-121.967,48.306],[-121.98,48.31],[-121.972,48.318],[-121.992,48.334],[-121.963,48.364],[-121.968,48.383],[-121.92,48.399],[-121.944,48.413],[-121.96,48.443],[-121.934,48.453],[-121.902,48.451],[-121.882,48.429],[-121.858,48.426],[-121.81,48.38],[-121.746,48.38],[-121.74,48.395],[-121.722,48.401],[-121.724,48.416],[-121.704,48.437],[-121.664,48.441],[-121.617,48.414],[-121.603,48.372],[-121.589,48.36],[-121.604,48.298],[-121.62,48.278],[-121.614,48.27],[-121.628,48.255],[-121.615,48.237],[-121.599,48.234],[-121.61,48.217],[-121.599,48.196],[-121.614,48.175],[-121.632,48.174],[-121.644,48.157],[-121.684,48.161],[-121.682,48.14],[-121.649,48.107],[-121.582,48.126],[-121.563,48.12],[-121.522,48.131],[-121.503,48.108],[-121.503,48.095],[-121.45,48.091],[-121.438,48.079],[-121.45,48.062],[-121.442,48.029],[-121.461,48.026],[-121.457,48.009],[-121.47,47.992],[-121.516,48.018],[-121.541,48.06],[-121.562,48.059],[-121.588,48.035],[-121.614,48.031],[-121.625,48.001],[-121.648,47.998],[-121.715,48.018],[-121.717,48.034]]]]}},{"id":"37","type":"Feature","properties":{"code":"OLYMPICS","name":"Olympics River Basins","region":"Western Washington","area":787.0},"geometry":{"type":"MultiPolygon","coordinates":[[[[-123.679,48.044],[-123.626,48.044],[-123.589,48.057],[-123.547,48.046],[-123.514,48.004],[-123.532,47.988],[-123.516,47.972],[-123.435,47.956],[-123.404,47.924],[-123.387,47.919],[-123.33,47.927],[-123.312,47.94],[-123.258,47.953],[-123.219,47.948],[-123.2,47.963],[-123.183,47.96],[-123.17,47.968],[-123.174,47.975],[-123.149,48.011],[-123.108,48.02],[-123.082,47.97],[-123.014,47.927],[-122.999,47.909],[-123.052,47.89],[-123.063,47.873],[-123.059,47.847],[-123.068,47.84],[-123.132,47.822],[-123.134,47.779],[-123.151,47.764],[-123.202,47.777],[-123.22,47.79],[-123.205,47.801],[-123.207,47.812],[-123.297,47.828],[-123.331,47.825],[-123.344,47.805],[-123.371,47.8],[-123.343,47.779],[-123.368,47.752],[-123.347,47.724],[-123.38,47.709],[-123.42,47.667],[-123.442,47.673],[-123.461,47.667],[-123.475,47.685],[-123.49,47.683],[-123.523,47.702],[-123.539,47.697],[-123.556,47.732],[-123.595,47.74],[-123.596,47.782],[-123.576,47.784],[-123.589,47.809],[-123.569,47.827],[-123.579,47.861],[-123.614,47.87],[-123.653,47.896],[-123.67,47.891],[-123.723,47.908],[-123.693,47.931],[-123.733,47.942],[-123.741,47.962],[-123.757,47.969],[-123.75,47.984],[-123.682,48.004],[-123.679,48.044]]],[[[-123.374,47.407],[-123.411,47.416],[-123.433,47.403],[-123.437,47.413],[-123.469,47.411],[-123.496,47.421],[-123.497,47.437],[-123.511,47.443],[-123.5,47.468],[-123.511,47.481],[-123.492,47.489],[-123.513,47.499],[-123.524,47.524],[-123.5,47.532],[-123.501,47.547],[-123.46,47.556],[-123.456,47.571],[-123.387,47.589],[-123.388,47.604],[-123.369,47.612],[-123.374,47.622],[-123.361,47.632],[-123.313,47.635],[-123.266,47.603],[-123.319,47.584],[-123.325,47.549],[-123.297,47.547],[-123.298,47.524],[-123.206,47.528],[-123.202,47.517],[-123.211,47.5],[-123.195,47.477],[-123.204,47.472],[-123.203,47.457],[-123.198,47.445],[-123.18,47.439],[-123.2,47.339],[-123.171,47.318],[-123.205,47.291],[-123.255,47.276],[-123.259,47.298],[-123.269,47.304],[-123.305,47.304],[-123.347,47.321],[-123.37,47.313],[-123.382,47.35],[-123.406,47.353],[-123.434,47.372],[-123.432,47.383],[-123.415,47.383],[-123.374,47.407]]],[[[-124.218,48.031],[-124.223,48.042],[-124.196,48.044],[-124.186,48.034],[-124.184,48.042],[-124.15,48.053],[-124.122,48.04],[-124.098,48.049],[-124.051,48.043],[-124.043,48.026],[-124.025,48.022],[-124.019,48.008],[-124.028,48.003],[-124.007,47.981],[-124.007,47.969],[-123.995,47.968],[-123.988,47.95],[-123.972,47.954],[-123.971,47.939],[-123.998,47.937],[-124.007,47.92],[-124.061,47.916],[-124.058,47.909],[-124.092,47.898],[-124.137,47.912],[-124.142,47.899],[-124.162,47.907],[-124.203,47.898],[-124.209,47.912],[-124.25,47.903],[-124.283,47.915],[-124.282,47.927],[-124.314,47.936],[-124.323,47.93],[-124.334,47.943],[-124.344,47.941],[-124.35,47.954],[-124.391,47.957],[-124.4,47.967],[-124.345,47.978],[-124.348,47.985],[-124.336,47.984],[-124.3,48.014],[-124.286,48.01],[-124.218,48.031]]]]}},{"id":"38","type":"Feature","properties":{"code":"SATSOP","name":"Satsop River Basin","region":"Western Washington","area":298.0},"geometry":{"type":"Polygon","coordinates":[[[-123.504,47.441],[-123.496,47.421],[-123.469,47.411],[-123.437,47.413],[-123.433,47.403],[-123.41,47.416],[-123.375,47.413],[-123.415,47.383],[-123.432,47.383],[-123.434,47.372],[-123.406,47.353],[-123.382,47.35],[-123.37,47.313],[-123.347,47.321],[-123.305,47.308],[-123.303,47.272],[-123.26,47.243],[-123.257,47.218],[-123.281,47.19],[-123.258,47.184],[-123.284,47.173],[-123.271,47.153],[-123.301,47.162],[-123.34,47.156],[-123.353,47.139],[-123.336,47.128],[-123.335,47.118],[-123.349,47.124],[-123.381,47.106],[-123.41,47.071],[-123.475,47.067],[-123.479,47.047],[-123.501,47.028],[-123.497,47.0],[-123.503,47.01],[-123.54,47.018],[-123.554,47.05],[-123.588,47.072],[-123.614,47.104],[-123.6,47.128],[-123.602,47.154],[-123.577,47.169],[-123.588,47.19],[-123.605,47.199],[-123.585,47.221],[-123.597,47.292],[-123.591,47.297],[-123.602,47.308],[-123.583,47.334],[-123.589,47.358],[-123.567,47.367],[-123.569,47.38],[-123.542,47.422],[-123.504,47.441]]]}},{"id":"39","type":"Feature","properties":{"code":"SKAGIT","name":"Skagit River Basin","region":"Western Washington","area":3099.0},"geometry":{"type":"Polygon","coordinates":[[[-121.649,48.107],[-121.682,48.14],[-121.684,48.161],[-121.644,48.157],[-121.632,48.174],[-121.614,48.175],[-121.599,48.196],[-121.61,48.217],[-121.599,48.234],[-121.615,48.237],[-121.628,48.255],[-121.614,48.27],[-121.62,48.278],[-121.604,48.298],[-121.589,48.36],[-121.603,48.372],[-121.617,48.414],[-121.664,48.441],[-121.706,48.436],[-121.727,48.411],[-121.722,48.401],[-121.754,48.377],[-121.819,48.384],[-121.858,48.426],[-121.882,48.429],[-121.902,48.451],[-121.934,48.453],[-121.96,48.443],[-121.944,48.413],[-121.92,48.399],[-121.968,48.382],[-121.99,48.393],[-122.01,48.389],[-122.026,48.401],[-122.113,48.396],[-122.11,48.389],[-122.128,48.378],[-122.136,48.357],[-122.173,48.354],[-122.17,48.332],[-122.185,48.329],[-122.187,48.306],[-122.238,48.296],[-122.273,48.327],[-122.252,48.343],[-122.274,48.369],[-122.253,48.384],[-122.26,48.402],[-122.295,48.406],[-122.324,48.435],[-122.334,48.433],[-122.335,48.463],[-122.343,48.469],[-122.327,48.483],[-122.31,48.483],[-122.304,48.506],[-122.24,48.5],[-122.219,48.53],[-122.238,48.55],[-122.221,48.552],[-122.191,48.581],[-122.159,48.587],[-122.15,48.576],[-122.106,48.572],[-122.09,48.589],[-122.067,48.593],[-122.034,48.581],[-121.994,48.588],[-121.889,48.585],[-121.878,48.595],[-121.842,48.597],[-121.834,48.615],[-121.816,48.614],[-121.807,48.64],[-121.787,48.655],[-121.804,48.672],[-121.848,48.685],[-121.854,48.702],[-121.838,48.751],[-121.816,48.769],[-121.814,48.784],[-121.754,48.821],[-121.714,48.834],[-121.713,48.848],[-121.669,48.847],[-121.618,48.831],[-121.594,48.835],[-121.577,48.822],[-121.55,48.82],[-121.528,48.837],[-121.536,48.85],[-121.531,48.863],[-121.502,48.862],[-121.489,48.872],[-121.467,48.857],[-121.393,48.856],[-121.373,48.86],[-121.362,48.888],[-121.325,48.895],[-121.299,48.926],[-121.307,48.932],[-121.299,48.953],[-121.254,48.953],[-121.239,48.971],[-121.249,48.996],[-121.269,49.003],[-121.274,49.017],[-121.298,49.021],[-121.29,49.03],[-121.307,49.042],[-121.3,49.054],[-121.353,49.101],[-121.336,49.115],[-121.335,49.138],[-121.303,49.144],[-121.289,49.166],[-121.274,49.169],[-121.288,49.204],[-121.317,49.206],[-121.328,49.219],[-121.33,49.238],[-121.318,49.251],[-121.268,49.264],[-121.265,49.272],[-121.211,49.278],[-121.212,49.293],[-121.187,49.302],[-121.169,49.297],[-121.164,49.287],[-121.126,49.29],[-121.122,49.279],[-121.104,49.275],[-121.108,49.259],[-121.081,49.275],[-121.048,49.278],[-121.022,49.309],[-121.001,49.313],[-120.994,49.295],[-121.005,49.282],[-120.99,49.273],[-120.959,49.279],[-120.939,49.271],[-120.923,49.3],[-120.871,49.325],[-120.866,49.299],[-120.819,49.293],[-120.82,49.255],[-120.846,49.25],[-120.853,49.211],[-120.897,49.207],[-120.899,49.199],[-120.885,49.179],[-120.894,49.173],[-120.89,49.163],[-120.869,49.152],[-120.859,49.127],[-120.905,49.115],[-120.913,49.121],[-120.929,49.107],[-120.967,49.104],[-120.97,49.096],[-120.966,49.085],[-120.922,49.089],[-120.906,49.077],[-120.873,49.091],[-120.862,49.077],[-120.842,49.085],[-120.829,49.08],[-120.817,49.048],[-120.829,49.038],[-120.826,49.016],[-120.851,49.008],[-120.854,48.988],[-120.874,48.981],[-120.879,48.965],[-120.84,48.953],[-120.83,48.94],[-120.794,48.962],[-120.754,48.946],[-120.772,48.92],[-120.761,48.892],[-120.77,48.887],[-120.764,48.873],[-120.731,48.86],[-120.732,48.833],[-120.745,48.823],[-120.731,48.803],[-120.735,48.784],[-120.7,48.767],[-120.693,48.75],[-120.656,48.726],[-120.676,48.719],[-120.673,48.697],[-120.705,48.695],[-120.716,48.667],[-120.747,48.661],[-120.748,48.65],[-120.769,48.646],[-120.788,48.624],[-120.777,48.595],[-120.753,48.577],[-120.716,48.595],[-120.687,48.578],[-120.681,48.564],[-120.701,48.557],[-120.707,48.544],[-120.7,48.527],[-120.792,48.506],[-120.814,48.521],[-120.808,48.533],[-120.832,48.552],[-120.853,48.548],[-120.858,48.532],[-120.877,48.54],[-120.909,48.523],[-120.956,48.529],[-120.945,48.501],[-121.027,48.497],[-121.055,48.485],[-121.062,48.461],[-121.039,48.431],[-121.048,48.426],[-121.044,48.415],[-121.06,48.412],[-121.066,48.4],[-121.037,48.356],[-121.073,48.335],[-121.066,48.317],[-121.003,48.298],[-121.009,48.271],[-120.979,48.25],[-120.972,48.233],[-120.96,48.231],[-120.962,48.208],[-120.918,48.194],[-120.905,48.162],[-120.952,48.154],[-120.963,48.14],[-120.947,48.113],[-120.973,48.109],[-120.974,48.097],[-120.999,48.092],[-121.005,48.08],[-121.074,48.071],[-121.081,48.062],[-121.099,48.067],[-121.102,48.059],[-121.15,48.042],[-121.122,48.013],[-121.118,48.003],[-121.128,47.986],[-121.228,47.975],[-121.248,47.956],[-121.276,47.985],[-121.381,47.958],[-121.406,47.979],[-121.444,47.965],[-121.463,47.969],[-121.472,47.993],[-121.457,48.009],[-121.461,48.026],[-121.442,48.029],[-121.45,48.062],[-121.438,48.079],[-121.45,48.091],[-121.503,48.095],[-121.503,48.108],[-121.527,48.132],[-121.649,48.107]]]}},{"id":"40","type":"Feature","properties":{"code":"SNOHOMISH","name":"Snohomish River Basin","region":"Western Washington","area":1768.0},"geometry":{"type":"Polygon","coordinates":[[[-121.755,47.423],[-121.802,47.445],[-121.846,47.423],[-121.888,47.445],[-121.906,47.437],[-121.931,47.403],[-121.978,47.397],[-122.006,47.441],[-122.046,47.444],[-122.048,47.463],[-122.058,47.461],[-122.09,47.485],[-122.084,47.497],[-122.073,47.496],[-122.082,47.505],[-122.064,47.501],[-122.057,47.51],[-122.061,47.52],[-122.051,47.522],[-122.056,47.536],[-122.047,47.553],[-122.015,47.556],[-122.017,47.574],[-122.0,47.573],[-121.993,47.609],[-121.953,47.631],[-121.984,47.641],[-121.997,47.672],[-122.037,47.69],[-122.044,47.708],[-122.036,47.713],[-122.031,47.756],[-122.045,47.791],[-122.082,47.787],[-122.107,47.8],[-122.142,47.86],[-122.138,47.881],[-122.096,47.922],[-122.106,47.952],[-122.101,47.979],[-122.081,47.98],[-122.08,47.995],[-122.063,48.002],[-122.068,48.02],[-122.094,48.03],[-122.119,48.063],[-122.105,48.077],[-122.109,48.091],[-122.071,48.118],[-122.067,48.133],[-122.05,48.111],[-122.004,48.09],[-121.955,48.083],[-121.89,48.091],[-121.812,48.061],[-121.768,48.054],[-121.759,48.044],[-121.717,48.035],[-121.719,48.02],[-121.687,48.013],[-121.667,47.998],[-121.625,48.001],[-121.614,48.031],[-121.588,48.035],[-121.562,48.059],[-121.541,48.06],[-121.516,48.018],[-121.473,47.993],[-121.463,47.969],[-121.444,47.965],[-121.406,47.979],[-121.381,47.958],[-121.276,47.985],[-121.248,47.956],[-121.228,47.975],[-121.174,47.978],[-121.156,47.988],[-121.148,47.982],[-121.148,47.967],[-121.166,47.957],[-121.16,47.943],[-121.173,47.933],[-121.179,47.879],[-121.157,47.879],[-121.144,47.859],[-121.155,47.846],[-121.132,47.843],[-121.114,47.827],[-121.08,47.837],[-121.069,47.824],[-121.123,47.78],[-121.109,47.772],[-121.109,47.757],[-121.093,47.76],[-121.078,47.736],[-121.091,47.726],[-121.087,47.716],[-121.072,47.719],[-121.066,47.705],[-121.088,47.704],[-121.098,47.688],[-121.132,47.677],[-121.123,47.668],[-121.132,47.636],[-121.11,47.621],[-121.122,47.612],[-121.117,47.598],[-121.169,47.592],[-121.176,47.568],[-121.208,47.566],[-121.211,47.573],[-121.235,47.564],[-121.233,47.546],[-121.262,47.522],[-121.284,47.522],[-121.306,47.48],[-121.37,47.464],[-121.386,47.45],[-121.386,47.435],[-121.428,47.416],[-121.423,47.405],[-121.436,47.395],[-121.439,47.376],[-121.465,47.36],[-121.461,47.349],[-121.479,47.353],[-121.492,47.344],[-121.507,47.356],[-121.596,47.373],[-121.629,47.4],[-121.656,47.399],[-121.707,47.43],[-121.725,47.419],[-121.755,47.423]]]}},{"id":"41","type":"Feature","properties":{"code":"SouthSound","name":"South Sound River Basins","region":"Western Washington","area":1559.0},"geometry":{"type":"Polygon","coordinates":[[[-122.444,46.675],[-122.433,46.721],[-122.453,46.737],[-122.511,46.746],[-122.54,46.769],[-122.545,46.792],[-122.587,46.81],[-122.641,46.803],[-122.679,46.825],[-122.669,46.852],[-122.678,46.873],[-122.667,46.886],[-122.62,46.892],[-122.609,46.853],[-122.545,46.843],[-122.54,46.855],[-122.555,46.878],[-122.548,46.902],[-122.566,46.933],[-122.528,46.959],[-122.514,46.95],[-122.494,46.954],[-122.472,46.929],[-122.464,46.934],[-122.444,46.927],[-122.411,46.899],[-122.332,46.945],[-122.296,46.948],[-122.295,46.96],[-122.265,46.966],[-122.274,47.002],[-122.259,47.004],[-122.273,47.039],[-122.236,47.054],[-122.253,47.07],[-122.258,47.121],[-122.281,47.124],[-122.307,47.187],[-122.33,47.205],[-122.318,47.215],[-122.309,47.205],[-122.272,47.209],[-122.278,47.237],[-122.294,47.249],[-122.285,47.266],[-122.29,47.28],[-122.268,47.292],[-122.198,47.294],[-122.149,47.268],[-122.121,47.267],[-122.121,47.259],[-122.086,47.242],[-122.078,47.255],[-122.043,47.259],[-122.043,47.228],[-122.063,47.214],[-122.065,47.2],[-122.029,47.182],[-121.993,47.206],[-121.963,47.189],[-121.954,47.205],[-121.936,47.205],[-121.933,47.212],[-121.909,47.202],[-121.889,47.229],[-121.852,47.235],[-121.843,47.219],[-121.809,47.202],[-121.713,47.203],[-121.712,47.191],[-121.699,47.187],[-121.664,47.202],[-121.624,47.18],[-121.581,47.173],[-121.554,47.144],[-121.535,47.151],[-121.514,47.143],[-121.466,47.145],[-121.458,47.131],[-121.407,47.119],[-121.398,47.11],[-121.402,47.091],[-121.377,47.084],[-121.373,47.059],[-121.403,47.026],[-121.407,46.996],[-121.449,46.977],[-121.457,46.956],[-121.449,46.935],[-121.46,46.922],[-121.499,46.911],[-121.54,46.866],[-121.564,46.872],[-121.577,46.862],[-121.603,46.861],[-121.606,46.853],[-121.645,46.857],[-121.689,46.845],[-121.692,46.852],[-121.733,46.847],[-121.753,46.855],[-121.736,46.839],[-121.715,46.787],[-121.732,46.776],[-121.73,46.758],[-121.77,46.75],[-121.78,46.734],[-121.776,46.712],[-121.809,46.719],[-121.836,46.711],[-121.829,46.694],[-121.836,46.685],[-121.827,46.676],[-121.84,46.669],[-121.845,46.653],[-121.904,46.653],[-121.938,46.669],[-121.98,46.653],[-121.997,46.62],[-121.991,46.599],[-122.058,46.593],[-122.091,46.606],[-122.117,46.631],[-122.173,46.623],[-122.178,46.634],[-122.157,46.649],[-122.175,46.668],[-122.232,46.661],[-122.262,46.681],[-122.323,46.658],[-122.371,46.656],[-122.373,46.674],[-122.361,46.684],[-122.37,46.693],[-122.444,46.675]]]}}]}