utc,total,p10,p90,CE,DOM,AEP,ATSI,AP,PS,PL,PE,BC,PEP,REST
2026-06-26 00:00:00+00:00,117778.9606216412,116282.28445889638,119275.63678438566,13395.61773984191,20130.939403129814,20289.44815207395,8829.851633803411,6544.764972187361,6742.432385363893,5489.6291091459125,5652.169725468514,4773.810765209292,4026.685011740195,21903.61172367696
2026-06-26 01:00:00+00:00,115864.93569688393,114368.25953413916,117361.61185962844,12898.267807290982,19772.25786258014,20193.933978461544,8694.530201291092,6524.932513751133,6590.402128094702,5445.5144640229655,5510.035102227739,4569.7000995979,3909.5345239052504,21755.827015660467
2026-06-26 02:00:00+00:00,112810.35752977358,111313.68136702882,114307.0336925181,12596.394113930663,19179.322057062014,19614.992383907076,8607.092973624298,6347.169313150783,6426.54747885874,5290.960719414305,5240.24862656043,4370.829754332268,3757.1264327798594,21379.67367615315
2026-06-26 03:00:00+00:00,106029.99068869156,104533.31452594661,107526.66685143589,12274.110971536156,18317.3240216203,18766.725804537906,8018.012701559811,5861.504864731536,5937.418410845567,4905.058635953278,4760.670091590399,4011.537335089197,3448.964346238958,19728.663504988443
2026-06-26 04:00:00+00:00,97465.68859171787,95401.67126391928,99516.60457929819,10927.379958375455,17255.24184835814,17039.814904022187,7488.010643255507,5450.613226197378,5511.493028479803,4509.448615191039,4477.77973932685,3675.042722645318,3075.9412410041646,18054.922664862024
2026-06-26 05:00:00+00:00,91177.8924618763,89066.97358450782,93197.42166382793,10057.442033228435,16461.06947745746,16143.353669698536,6956.785497936695,5071.504557405064,5055.944077782442,4224.15549497653,4148.908959084796,3450.1017151320175,2907.46927351431,16701.157705660044
2026-06-26 06:00:00+00:00,86456.89954652643,84394.61909883746,88470.7038566621,9427.867512912888,15922.137457750967,15437.554593902634,6575.425641991391,4755.522464499562,4833.807643413993,3965.2876625945014,4000.711188389327,3264.263069484022,2742.402618700468,15531.919692886693
2026-06-26 07:00:00+00:00,83568.44655577058,81487.70307061885,85576.29347976654,9000.73540337973,15653.786633344193,14977.875331221838,6438.908590508267,4643.703997389364,4638.841663686171,3882.285032164716,3840.4933189472667,3039.5493719204055,2680.1334735144683,14772.133739694173
2026-06-26 08:00:00+00:00,81753.38110440626,79714.76763334415,83753.56586188675,8732.222563918029,15431.851231663273,14617.297331520986,6366.982899810706,4554.964471827995,4522.19744790463,3790.8811432693906,3764.700483147225,2869.5751805606174,2571.6861653383053,14531.022185445092
2026-06-26 09:00:00+00:00,81785.24973538505,79728.90665262072,83862.32012903888,8621.697581694501,15316.031507509968,14721.737048969968,6400.202847093669,4514.145537154081,4493.7939998452375,3812.581232297591,3794.5448913800965,2879.2714253390513,2544.5973971091084,14686.64626699178
2026-06-26 10:00:00+00:00,84125.34202205646,82014.78912673122,86206.61290250992,8738.94566236067,15613.607489317717,15146.883685790413,6576.545989851893,4684.932393026934,4574.224094171106,3929.5212001093223,3886.9237846612714,2997.9600293648227,2742.4755642515584,15233.322129150758
2026-06-26 11:00:00+00:00,89000.3430454868,87020.3975384337,90915.49049063538,9111.789169615717,16385.873301317453,15700.955014328292,6951.320878270729,4952.550430438807,4786.512511983502,4330.911413311347,4180.214035745567,3213.163362444314,2996.5389330471235,16390.51399498395
2026-06-26 12:00:00+00:00,93590.67417515929,91621.51649255399,95483.40810800613,9621.416841386083,16811.93499215234,16492.948012115852,7266.775689720638,5285.25386804483,5020.25206852075,4661.861354105985,4496.19022511958,3399.4369695943165,3179.9718479369317,17354.63230646199
2026-06-26 13:00:00+00:00,97565.20140496924,95622.6806019074,99459.05182867551,10175.380743605261,17235.117805627557,16953.454441922502,7649.876113601072,5502.588589629736,5265.526717899848,4780.415523964844,4769.115878490942,3525.702528115272,3374.486155521825,18333.536906590372
2026-06-26 14:00:00+00:00,101208.82670398752,99269.40272871793,103100.24717596358,10675.482796679733,17707.574108414152,17700.797539895964,7943.452980890658,5669.271799308784,5500.482940659703,4945.608293112857,5004.683212177319,3715.5390444244226,3419.1450845929066,18926.78890383101
2026-06-26 15:00:00+00:00,105329.87283502927,103332.8778494677,107293.52095048036,10998.150651365848,18383.878946966848,18429.579219727875,8167.918334944526,5882.156297875081,5648.854256134515,5162.14187087605,5226.403306863866,3882.893703371922,3686.0248954564067,19861.871351446338
2026-06-26 16:00:00+00:00,109538.49812023302,107267.17992301912,111780.72643607979,11159.65242251939,19442.196822932765,19061.745887644523,8391.418186358807,6073.445627355283,5894.038265363809,5275.126381709203,5339.186922618302,4107.4408707668645,3932.5080804641557,20861.738652499916
2026-06-26 17:00:00+00:00,113041.31220553936,110541.55764369352,115588.1926355278,11276.762220944252,20127.463754302622,19391.52253052069,8534.801690820486,6296.549560076086,6193.821905139209,5394.224421141563,5684.4520319517715,4343.365257729492,4050.6368285180165,21747.712004395147
2026-06-26 18:00:00+00:00,116317.5970308979,113469.6136879292,119147.6570296935,11321.267203801139,20876.50051665778,19634.834976984093,8757.625425967784,6466.253230624688,6549.871487281066,5547.1713618666345,5893.926127331384,4587.61213421964,4325.861448174346,22356.67311798934
2026-06-26 19:00:00+00:00,118761.12848202314,115854.04926810961,121754.08162085735,11277.62482800949,21630.508047774496,19918.563035435986,8815.337670915915,6559.702973254489,6858.72465264085,5520.367736987077,5989.910445829976,4721.7817380092,4481.21873199759,22987.388621168087
2026-06-26 20:00:00+00:00,120141.40007571442,117236.1935487988,123127.38021636812,11292.464138006364,21949.889900986545,19972.97745307662,8792.0867401493,6529.051197643433,7023.407093854463,5565.513269748059,6075.407824159167,4898.307115841769,4627.194446109057,23415.100896139644
2026-06-26 21:00:00+00:00,120707.64564284662,117533.88562496069,123807.67340973995,11207.389323860525,22050.29974145341,19839.507001945618,8709.90177173833,6567.716631653756,7213.561270109071,5636.811934703914,6095.62795029917,5048.230718978023,4758.815551639483,23579.783746465306
2026-06-26 22:00:00+00:00,121341.81855211823,118021.95290433914,124731.71851975344,11506.192408350356,21887.74592288508,19784.474713146163,8708.700644997936,6632.673658355428,7371.731925622427,5589.395447741301,6046.8623699225245,5080.0813272509295,4742.3596440527235,23991.600489793367
2026-06-26 23:00:00+00:00,118362.90095151273,115275.53377342787,121590.89016610016,11370.38982307915,21537.492914919123,19514.96404247815,8532.880584620078,6523.9264374311515,7142.3479964207845,5461.5121244459315,5850.956170117384,4846.18849294969,4529.45011612731,23052.792248923986
2026-06-27 00:00:00+00:00,115135.44109060428,111929.61212429052,118374.25712188837,11129.972102389662,21077.50519453715,19026.693902879477,8384.742437576708,6372.1376405922165,6868.213843489168,5350.485884061204,5607.662718035335,4711.306303361526,4318.041475895109,22288.67958778673
2026-06-27 01:00:00+00:00,112946.61637072256,109829.96348969775,115954.61259538068,11077.044780257405,20373.341015743506,18752.12432055127,8239.692389738186,6367.422040732154,6730.730927941624,5301.776192202318,5463.065909959971,4532.313336644125,4056.0906504607715,22053.01480649123
2026-06-27 02:00:00+00:00,110045.92665680565,106893.09919269568,113179.97338828788,11128.729873216613,19720.207197487965,18513.701422241356,8028.5710246203425,6179.4745206279495,6557.361607970166,5177.253256841501,5252.808832856364,4316.9685962221865,3954.2581339003837,21216.59219082082
2026-06-27 03:00:00+00:00,104225.36522818403,101387.98237871533,107127.91911872158,10756.497922834116,18585.706218153493,17742.501099855035,7719.341422581744,5720.071354870326,6089.118071337746,4855.672954234151,5013.197056530484,4044.103516243454,3666.803984547811,20032.351626995667
2026-06-27 04:00:00+00:00,96876.53742301071,94441.2276712797,99539.53374555545,10320.56209301193,17706.942619220732,16602.5129636966,7033.479315937961,5327.13241638766,5652.359567583272,4353.621432377012,4602.118799405489,3724.177166614396,3361.371187599401,18192.25986117625
2026-06-27 05:00:00+00:00,91495.45909679802,89263.78356018667,93868.78509354214,9794.768016326463,16712.361923369248,15968.37300780406,6732.531506624517,4995.2533045973505,5258.3036282502235,4059.9247599432424,4368.058640643833,3403.0645896370165,3118.2176911507986,17084.602028451278
2026-06-27 06:00:00+00:00,87152.84776872795,85030.3752447815,89293.16245662149,9274.961189779759,16003.816041579166,15243.142643516445,6505.6710218606295,4786.0641138652045,4943.337475909945,3893.932257564723,4084.48784158918,3176.3603107754275,2947.870382367828,16293.204489919646
2026-06-27 07:00:00+00:00,84072.915464133,82065.45672917379,86214.5610933114,8885.964036688561,15550.856180048057,14913.971245033137,6338.957645632555,4613.713213971828,4699.724520469401,3785.1056292875305,3950.302980948137,3079.140635806251,2787.5998958243626,15467.57948042318
2026-06-27 08:00:00+00:00,82157.21961775783,80206.1828307157,84189.26544414573,8577.051741344241,15388.30151521324,14703.71645651455,6222.0709164657455,4522.021465171036,4530.465362185286,3694.0253647583477,3819.1333672596693,2968.1445920865335,2694.360922557604,15037.927914201582
2026-06-27 09:00:00+00:00,81597.69073580256,79650.6425866368,83656.31272307507,8413.951122513214,15362.95069505758,14625.593765590409,6246.0996979247,4466.902803442664,4485.092253988881,3704.8430707582334,3784.337384276689,2959.829338711312,2678.8323328796896,14869.258270659187
2026-06-27 10:00:00+00:00,82090.86200737965,80148.97931597588,84091.36980339176,8389.061804834164,15456.855936828953,14798.813357205645,6300.087096714767,4498.134697533895,4421.155007215265,3702.877197218262,3729.165290622253,2947.3112358463245,2675.9953874743624,15171.40499588577
2026-06-27 11:00:00+00:00,82336.17950529348,80475.97981949497,84381.03276572634,8562.256532428957,15668.830698652511,14670.834590508854,6325.886394748722,4484.1105944451965,4412.333186003056,3756.3250318802266,3747.083838160457,2902.1442101140888,2651.8876383224756,15154.486790028943
2026-06-27 12:00:00+00:00,84494.38331352577,82714.4578294698,86317.45726846077,8842.388991820158,15887.338129400077,14853.69850583514,6626.187120175212,4613.687015348636,4494.193835558812,4014.581540622387,3859.1358063630455,3028.9694652802204,2848.593199104159,15425.609704017925
2026-06-27 13:00:00+00:00,88440.58362616457,86560.41478471909,90357.56009074651,9066.526260967481,16496.76831906174,15577.614762529452,6753.8248894947155,4867.04670080116,4554.70702969611,4336.743978773382,4120.282244300201,3192.0665757405204,3081.3936157620483,16393.609249037745
2026-06-27 14:00:00+00:00,93516.41719701208,91573.35094510292,95589.0035858588,9348.035057679519,17548.201026696872,16144.47187966629,7090.6841186800275,5242.222202706122,4934.657509663699,4512.470593756532,4436.967652702837,3438.366179925787,3303.8993007361596,17516.44167479824
2026-06-27 15:00:00+00:00,96982.49945591073,94893.41225139171,99215.45884915514,9807.22451356037,17947.81639180155,16766.99152872062,7323.96986235966,5495.340362889598,5258.286786756616,4630.165009030261,4675.059776478251,3625.9581688418725,3423.4948559586646,18028.19219951328
2026-06-27 16:00:00+00:00,100506.16024821694,98255.14370942868,102979.92438563769,10048.724090545937,18875.38370339503,17227.817562059736,7621.66388951988,5776.645893899861,5477.900319229923,4767.371672229168,4840.665231893018,3766.5423001777904,3421.411464240986,18682.034121025623
2026-06-27 17:00:00+00:00,103098.8630846836,100611.1399648293,106001.86934104114,10412.807325338295,19024.1922298134,17885.55435249147,7839.61431815578,5956.676944023346,5669.200822723645,4793.445141240493,4985.985632725725,3806.7080945250973,3578.954797004681,19145.723426641667
2026-06-27 18:00:00+00:00,105664.73901493862,102989.13853963405,108894.4579411434,10729.599383240431,19717.290439066513,18305.896403283627,7994.50435839668,6068.158727511282,5673.871731462106,4814.300662897917,5039.825086230795,3985.506728253466,3648.056047909111,19687.72944668669
2026-06-27 19:00:00+00:00,107180.03612729309,104200.33917753767,110787.33584479032,11099.965697410302,20266.225200788533,18538.57805850396,8028.223442204916,6096.707950168452,5591.549102640389,4879.465481342501,4912.468923770398,4042.6076467639505,3724.052453588359,20000.192170111335
2026-06-27 20:00:00+00:00,108786.97855689269,105453.32103250409,112525.53781151764,11340.152817140219,20703.533265627888,18696.714503590803,8056.7886069826245,6139.4432501537885,5773.613820162982,4878.652648975085,5063.795748499796,4078.226288833753,3704.054407402229,20352.00319952352
2026-06-27 21:00:00+00:00,109830.6520473792,106354.5798753731,114049.59199245497,11372.616318492983,20596.279935194376,18958.258434029194,8127.245753286117,6193.38753902613,6001.529192604621,4851.6749369966265,5031.949305709939,4125.400520543758,3737.45505331028,20834.855058185178
2026-06-27 22:00:00+00:00,109906.3621125145,106581.61306341975,113913.86298582634,11308.551787257093,20710.333768239314,18890.719928770628,8299.546545497433,6319.362671711184,6043.616004726824,4814.667338059989,5039.953725904244,4121.335891173536,3696.1534401447484,20662.121011029514
2026-06-27 23:00:00+00:00,109480.36737014253,105991.76862823364,113350.29587954593,11538.446814622035,20520.45529816665,18740.013296143206,8181.365380962085,6316.6279572045905,5915.132532847865,4777.8723054881275,4921.934004985721,3961.33380924977,3751.029374705254,20856.156595767214
2026-06-28 00:00:00+00:00,107936.0075481413,104739.29323302582,111950.41998635256,11520.038092492092,20245.324718206422,18599.68449587184,8054.575930743537,6108.680145421494,5825.236497318839,4711.908234946956,4877.456516697132,3950.676076316495,3640.6163164392365,20401.810523687247
2026-06-28 01:00:00+00:00,106492.77810632257,103304.41298611203,110237.00450172185,11277.802154392282,19764.72715376222,18400.517173768993,8061.625659612492,5979.344166708161,5778.290079597438,4664.353971103674,4855.691248485022,3941.171579222168,3590.8091594685334,20178.445760201583
2026-06-28 02:00:00+00:00,104686.98284405319,101602.40484825945,108202.59362304774,11176.172300318984,19363.49293259598,18113.198245328807,7786.771321288459,5771.308614882388,5768.046911606329,4588.016907944319,4716.469320434703,3891.671406311493,3512.3407648184343,19999.494118523296
2026-06-28 03:00:00+00:00,100086.60923921902,97138.45974212814,103291.96628373199,11127.535180717912,18352.977879900245,17288.022785645095,7461.695161177009,5516.606739506779,5540.58715637454,4422.94342143574,4380.38375347179,3709.57227406867,3395.6194975342496,18890.665389386977
2026-06-28 04:00:00+00:00,94252.91690510375,91746.15704303542,96864.52481659089,10452.533832432355,17697.67538634102,16429.491588305147,7118.0968937489815,5236.166783826068,5019.110890233076,4104.994426228686,4182.219622596108,3449.3327801531914,3172.9606103414035,17390.33409089773
2026-06-28 05:00:00+00:00,88736.17533772624,86457.90599762715,91146.96613971204,9942.646707295198,16597.70236069937,15866.180890170352,6638.537361175843,4885.068038224372,4702.004356512915,3900.434739631606,3894.8290765284096,3124.2794570832893,2935.543314535868,16248.94903586901
2026-06-28 06:00:00+00:00,83994.48216663848,81951.93097850145,86119.6645064746,9302.053332673962,15841.834337566183,15119.142847937213,6418.227096139577,4671.409459073796,4403.8354522052705,3754.5487639528747,3681.5201965811466,2955.7311482867844,2768.4874783192804,15077.692053902407
2026-06-28 07:00:00+00:00,81324.7423740633,79228.21437571537,83410.41843405315,8952.764890789902,15619.683496345822,14686.969377860178,6233.347868394188,4493.191402178214,4287.767964266346,3613.947890309571,3537.5716859738586,2846.9932692101324,2641.749276286497,14410.755252448575
2026-06-28 08:00:00+00:00,79490.18716897577,77409.40855267605,81625.51051848129,8685.594635788733,15343.097713161475,14452.748302854823,6103.321511263523,4404.938928827772,4154.153143265036,3556.141296324593,3434.507621932075,2744.8506883505233,2549.7262594827043,14061.107067724504
2026-06-28 09:00:00+00:00,78760.34654562177,76720.93214581051,80877.39236449313,8471.730847303885,15253.95444801062,14275.39758450421,6091.412390896093,4381.218840738261,4062.6789063112547,3543.97275885702,3406.6799304745973,2663.575217222497,2525.863833182185,14083.861788121152
2026-06-28 10:00:00+00:00,78853.39225255621,76833.49556263578,81006.06837679376,8425.324199282113,15176.898036884684,14407.259304983976,6084.296660144502,4425.615243880779,4052.245468600017,3522.9716356885087,3409.2236524116456,2670.9897700423867,2513.813221768779,14164.755058868806
2026-06-28 11:00:00+00:00,78790.04873439265,76789.28463989274,80832.80663930882,8489.083943723499,15340.321037873899,14234.394561249326,6078.955828701927,4344.049190409587,3948.800250029599,3596.731827026223,3477.3382965678175,2688.962834787726,2556.6011481170804,14034.809815905974
2026-06-28 12:00:00+00:00,80704.60095554208,78765.66515301589,82698.80134938755,8673.460028820113,15619.912561720417,14429.66987002363,6318.8326458890815,4441.959431262021,3987.4458463504307,3713.11095460701,3550.87371606167,2822.1667209407824,2741.4644452103553,14405.704734656563
2026-06-28 13:00:00+00:00,84754.62916813878,82630.22040903647,87003.56362861887,9051.9568759188,16113.327252427189,15371.222568559057,6448.180843474937,4690.61715897776,4112.54683714048,3986.5807892884964,3791.2816408551143,2961.9958262442196,2849.970616751971,15376.948758500743
2026-06-28 14:00:00+00:00,89327.31276457506,87010.95744174038,91723.0919352935,9462.311412151257,16716.680223834854,16136.325363212043,6920.783247799742,5143.070568022382,4164.512217777896,4196.762285129111,4020.1763287568256,3203.7614914853702,3000.750193405763,16362.179432999808
2026-06-28 15:00:00+00:00,94429.70534050668,91755.02806432737,97430.05516281753,10242.793763440317,17536.00434631151,16839.804180531664,7272.81433053393,5397.449582678095,4274.057807552333,4432.056453165657,4368.841876565012,3405.237696438184,3174.4171860857277,17486.22811720424
2026-06-28 16:00:00+00:00,99574.21178152211,96435.4127657448,102915.2789401072,11304.092685082343,18150.370545877046,17616.75397617717,7588.5658323151165,5582.312684095698,4620.578110571526,4544.138029284678,4688.656890542394,3552.5236206223176,3203.7731709694267,18722.446235984404
2026-06-28 17:00:00+00:00,104420.9163214819,100738.17867935142,108557.01469897051,12006.425536438757,19050.589289688964,18308.198210748727,8137.671201254474,5741.292298491697,5069.848565802528,4693.828142438333,4927.284854177049,3631.652682226771,3446.448695840253,19407.676844374342
2026-06-28 18:00:00+00:00,109740.94907411655,105601.18990864145,114342.33281957876,12897.251975386445,19722.975242988152,19275.97938213744,8463.245729053428,5919.227045866902,5466.220625508126,4951.702505379439,5002.941271924152,3872.227697257915,3559.757197373049,20609.420401241496
2026-06-28 19:00:00+00:00,113185.05004713856,108573.11679753223,118454.22211478652,13404.742959921774,20290.697738693514,19644.785347643046,8641.684814758102,6300.549043872536,5615.621445764256,5016.429189880446,5220.316913544243,4053.2012222472786,3690.6170639268526,21306.4043068865
2026-06-28 20:00:00+00:00,116405.27902932581,111497.96298333623,121981.54410349001,13941.35169209609,20760.752378153604,20030.489828432168,8988.932117711258,6395.853088016668,5872.042669827077,5062.584626113494,5365.977077356545,4240.676640122198,3849.0095672482985,21897.609344248416
2026-06-28 21:00:00+00:00,119390.79189154436,114382.09769433267,124852.04507548785,14294.518620436644,20780.331704759676,20264.062419519258,9360.664859158207,6408.6037392001135,6149.655923471964,5257.086074030581,5479.366282332095,4378.217351172362,4051.858170317613,22966.426747145837
2026-06-28 22:00:00+00:00,121035.33278083467,116178.45705091146,126485.44268228591,14637.269476883539,20785.18286027346,20401.540251679595,9465.054427374722,6614.313078527401,6179.25931071875,5285.750128362075,5591.009725160239,4514.275169666708,4134.398581296581,23427.27977089158
2026-06-28 23:00:00+00:00,120349.22185337236,115616.81358150447,125672.22351889686,14908.368568871216,20623.5040927318,20246.25876105194,9350.659886605874,6576.00720500757,6396.562983516211,5270.838309055345,5549.760968218046,4385.296107039533,4095.911454002359,22946.053517272467
2026-06-29 00:00:00+00:00,118095.01883602692,113481.29865285342,123147.54601005098,14523.507858845149,20269.982996082224,20037.770462647604,9323.630651444786,6487.12919783099,6393.523202552941,5257.137800447096,5412.872510468938,4411.425768504614,3997.139318767479,21980.899068435094
2026-06-29 01:00:00+00:00,116180.25024117321,111725.25776539106,120869.92716424793,14445.656115828178,19721.249351800536,19843.772398801273,9096.590200178345,6392.284456302195,6238.629059075362,5185.145336787643,5210.820472266786,4385.331758679784,3900.429537529923,21760.34155392319
2026-06-29 02:00:00+00:00,113689.21420878252,109198.06223028214,118087.52187992497,14292.342016596222,19290.594993552975,19666.433055255868,8940.691552775872,6264.159836083406,6025.019629669785,5077.738829938947,5089.70893769331,4190.391892126323,3791.6658174220374,21060.46764766779
2026-06-29 03:00:00+00:00,107470.02674751659,103250.43362176172,111556.13937072114,13903.300270120844,18257.637385349568,18855.461330875452,8305.5238969445,5863.422758837453,5655.785139870386,4687.963837434114,4689.713470735626,3942.4909223680015,3503.814190076485,19804.91354490414
2026-06-29 04:00:00+00:00,100834.40588928113,96784.83117240362,105252.2476660868,13614.235408185548,17223.124836971354,17507.35383110968,7740.302762896695,5426.682232277286,5312.609246697539,4362.278297603214,4384.755825271433,3649.9804369723197,3290.5840122886343,18322.498999007446
2026-06-29 05:00:00+00:00,94641.1640818498,90915.47093834452,98177.73152188971,12733.11060853086,16256.52134200534,16761.2907551765,7312.057248464625,5047.476094638991,5000.270014054572,4067.219678781001,4112.723141654515,3280.106700422304,2932.721890551577,17137.66660756952
2026-06-29 06:00:00+00:00,90328.50310041357,86944.50106179873,93621.48211481425,12068.662405324943,15650.715948412231,16093.995729505332,7031.739035755827,4876.252273663961,4605.75467133685,3964.848227102998,3893.6077598622196,3103.860545445703,2787.22823827084,16251.838265732678
2026-06-29 07:00:00+00:00,87952.75552771028,84712.86023970209,91103.94731262185,11531.27260231883,15383.138115415275,15835.871261492142,7032.121781791145,4750.14526396664,4494.389952727489,3810.215260001609,3720.906298293471,2963.3436147501843,2684.0907169711695,15747.260659982328
2026-06-29 08:00:00+00:00,86442.62743796241,83472.63196043947,89408.33318509432,11127.120030582204,15218.889758307998,15802.747838390347,6818.486896269068,4665.304447617555,4408.235172586989,3774.1865595044824,3642.021614210731,2942.5976640147674,2652.983927274353,15390.053529203911
2026-06-29 09:00:00+00:00,86604.68890915874,83785.41534355846,89385.92787996981,11025.140167455444,15234.964080816051,15759.216902103706,6895.451804533104,4686.46449635846,4388.299131060524,3776.1346833458533,3662.3471229417532,2959.403453825354,2720.401278545222,15496.865788173265
2026-06-29 10:00:00+00:00,88591.68824995708,85640.03451567132,91466.04995173863,11189.368323700282,15631.391725692343,15972.745315459091,7057.787309868273,4854.272289583672,4439.2687414407255,3918.2706635598774,3791.034461592689,2978.408381534599,2851.052901289905,15908.088136235621
2026-06-29 11:00:00+00:00,93053.5080533024,90176.48516476738,95879.66409465249,11603.52885833473,16152.17136987829,16827.842603128294,7308.602537901275,5140.767378470154,4605.04706411488,4326.367651306995,4016.7841083560647,3153.606962440343,3081.4044084465454,16837.38511092483
2026-06-29 12:00:00+00:00,98108.20476498702,95103.60456464365,101009.1282260287,12330.002906855292,16443.883963831446,17826.88604741937,7708.007754216555,5406.85438424763,4854.786611192132,4698.750221514728,4359.893277851735,3395.2142584277262,3284.6540077973837,17799.271331633034
2026-06-29 13:00:00+00:00,102825.1814000725,99392.46234246163,106185.2784826251,13086.396652787751,17027.85145247022,18427.29467272008,8264.181385772707,5661.473138019936,5061.425596562683,4932.098492543596,4643.051714246207,3492.97114163073,3440.085543418276,18788.351609900335
2026-06-29 14:00:00+00:00,108316.73485020948,104231.15528655158,112353.6296346084,14324.621600324928,17404.47407312794,19568.43612679906,8745.680718416188,5926.484590707006,5389.88893707212,5101.742436707215,4930.151283030333,3626.227368325094,3621.071326437301,19677.956389262297
2026-06-29 15:00:00+00:00,114647.8247399016,110341.03965663043,118876.32259352785,15493.639266819027,18099.814242992918,20689.00118867756,9306.875835022302,6250.04431703399,5538.1772961678535,5262.826401149366,5300.115024320213,3769.981699688235,3794.5406173769247,21142.808850653226
2026-06-29 16:00:00+00:00,122586.68386090924,117476.60259311304,127545.99531894886,17027.861673031824,19084.575859066237,21859.932065097324,10112.151784716652,6677.114478296156,5972.976054231808,5513.249142376052,5555.296597444858,4068.6367503552015,3929.064082885487,22785.82537340764
2026-06-29 17:00:00+00:00,129221.97530669157,123893.03850295213,134412.67832255425,17746.89182744273,19952.582035863932,23163.84645241559,10859.433365042241,7031.388060423638,6330.750663875996,5684.5931133810745,5824.008711256879,4280.318188139752,4154.903763281136,24193.259125568617
2026-06-29 18:00:00+00:00,134580.9349095016,129117.9613823455,139672.07051185457,18885.034146667032,20616.17028478975,24022.479469989074,11249.911100240814,7368.689722513249,6628.034264245862,5968.667050746064,6017.0331358629455,4431.409355980587,4325.9072412626865,25067.599137203557
2026-06-29 19:00:00+00:00,138969.13976381693,134037.6683072513,143759.80316297262,19926.208734926273,20852.87023186664,24285.37200715953,11760.79344839246,7630.72810065166,7090.253359781689,6031.807864796286,6108.114285219557,4760.1242921563835,4374.657170471414,26148.210268395043
2026-06-29 20:00:00+00:00,140986.46060161912,136175.43103465548,145588.864621187,20158.29487538563,21381.80555060297,24419.6066560297,11816.59516973683,7729.03791350497,7246.688728846533,6090.1025408876285,6254.481223214035,4838.4871101529,4493.174589272255,26558.186243985663
2026-06-29 21:00:00+00:00,142372.4125998348,137288.56355460954,146827.58203793905,20678.123563678382,21638.636059394652,24371.97751768193,11876.718800135592,7870.171615532087,7422.159970247417,6138.227205285885,6334.278325940918,4900.069813647038,4584.705667925262,26557.344060365613
2026-06-29 22:00:00+00:00,142687.91505023357,137514.80703222798,147272.44051698994,20794.217610792468,21613.396944934044,24166.729226454445,11837.524015624062,7754.648918516106,7519.655513965615,6160.194323475148,6399.522785670162,5082.837236206415,4678.7006024286875,26680.48787216643
2026-06-29 23:00:00+00:00,140972.56032299472,135877.0781972751,145845.17084339168,20493.12122210925,21274.948336515616,24261.728220680772,11804.322667471026,7640.795085502723,7376.4865389666,6041.916369339622,6301.373012122194,5109.703511391249,4500.487799808166,26167.677559087522
2026-06-30 00:00:00+00:00,138655.9677927277,133427.12522895582,143477.78314151242,20384.46187949385,20993.64202374813,23886.90318271607,11614.328890508974,7409.376314865023,7212.724846964968,5959.234336342635,6103.204933721585,4918.238959609722,4393.794650073675,25780.057774683093
2026-06-30 01:00:00+00:00,135083.5346308144,130065.98675128889,139848.41087172026,20031.848911899193,20338.33455827388,23276.53451632215,11389.612096131243,7245.466090339793,7003.798256280479,5787.499730474712,5818.996465359836,4720.502457425433,4138.651668312245,25332.289879995427
2026-06-30 02:00:00+00:00,131554.1375324249,126686.21757176708,136326.52458605953,19747.210138753828,19813.164837553297,22862.893225870903,10988.816384898475,7094.445857756071,6731.533258775623,5568.828137195929,5701.7226881288425,4599.279104971458,4038.04154282275,24408.20235569772
2026-06-30 03:00:00+00:00,122736.97026715416,117969.17361450555,127432.55189840174,18886.394134169794,18658.658880411112,21494.89354068788,10308.634184076298,6603.172753649826,6162.303320507848,5297.013009711836,5166.387391619098,4112.8772419381185,3669.2732176660884,22377.362592716272
2026-06-30 04:00:00+00:00,113267.66362263204,107780.78537021461,118581.35870177492,17459.716148792682,17476.83344607002,20137.966435141843,9608.840965897554,5905.979974993739,5734.818362887408,4833.303315763247,4672.308262113171,3805.0718860645525,3320.321187474898,20312.5036374329
2026-06-30 05:00:00+00:00,105533.14352537289,100500.22099695462,110610.76708953538,16048.764481573144,16464.915435373347,19111.702922965873,9049.24075742788,5522.6127848453025,5301.947614842212,4467.0297378934865,4321.920223487162,3517.0550112123287,3034.96838494867,18692.986170803477
2026-06-30 06:00:00+00:00,100186.36808098166,95545.96849371906,104922.97525834659,15013.537105109213,15958.677229931336,18155.505178886648,8464.390711157446,5257.7494848109545,5069.391318037567,4334.457239535139,4110.228939767397,3298.538999075275,2855.748936254503,17668.14293841617
2026-06-30 07:00:00+00:00,96607.86310070058,92224.14541109327,100964.55045259082,14423.278222841544,15566.368599316476,17599.03968728041,8183.374410602498,5127.129867571685,4787.432931344693,4177.383461702451,3972.4488797680933,3123.160607149467,2735.7634514060587,16912.482981717196
2026-06-30 08:00:00+00:00,93478.91170558741,89439.15776963287,97518.00976041485,13713.82293465041,15328.523327644747,16902.300240286397,7847.094142110268,4963.943743188798,4685.148735612233,4070.546276848972,3862.3223499365913,3080.1019039998923,2697.401333351713,16327.70671795739
2026-06-30 09:00:00+00:00,93348.90127236635,89411.03478103304,97127.1472304303,13801.8470911782,15277.23895120832,16637.647909156734,7845.209297162179,4940.921510121007,4671.911861221897,4081.0197960071832,3866.2075912176065,3083.697194669429,2745.8551404099258,16397.344930013875
2026-06-30 10:00:00+00:00,95068.26475061159,91266.40992988923,98849.50345584351,13642.521143092266,15550.729278403358,16601.87547284763,8169.559429956948,5158.580097039988,4700.606789371116,4292.8053345564795,3988.1468015841765,3151.254389103841,2897.792228664669,16914.39378599113
2026-06-30 11:00:00+00:00,98629.79366464459,94900.02151761773,102390.66736789473,14014.223301968435,16016.185619296411,17278.476626131145,8328.839203646057,5405.626321155166,4811.2565303393685,4569.977751800438,4179.075749469928,3271.6434092176746,3144.0584654827535,17610.4306861372
2026-06-30 12:00:00+00:00,104133.72914726261,100638.10500501415,107482.95644987837,14572.662054905282,16478.716619722254,18266.447906770438,8852.788068418671,5788.995305858462,5176.866590865234,4960.9408511357615,4512.994663019213,3475.058581548504,3328.559492257901,18719.699012760877
2026-06-30 13:00:00+00:00,109025.70346319012,105078.87348170078,113408.63001195432,15151.361474528314,17005.90166121976,18887.373371028087,9357.173720705601,6043.391005600957,5340.25386993605,5217.476146045786,4894.099121907242,3608.2170226986173,3580.866379898727,19939.58968962099
2026-06-30 14:00:00+00:00,115926.3384314882,111155.18076805261,120695.53965443012,16192.54909517759,17815.176407502837,20247.27253814949,10177.843280714686,6378.387299241528,5692.381454423239,5473.049052898939,5265.248256513692,3805.262514679148,3728.987653177215,21150.180879009808
2026-06-30 15:00:00+00:00,123875.64492153465,118587.6894543102,128742.72816315293,17232.00006626108,18640.12015247709,21652.084085266215,10925.569432421958,6987.553220080192,6046.036096847928,5707.897807477031,5520.035345062604,4047.9208425774605,3985.8165336051234,23130.611339457988
2026-06-30 16:00:00+00:00,132112.08356519157,127065.7513231475,136708.18355987422,18188.73790210886,19915.080255403096,22951.662263138976,11702.550057725726,7388.861849335792,6546.1235631197205,6022.001926361901,6028.992841048461,4459.624867774131,4252.791735394187,24655.656303780717
2026-06-30 17:00:00+00:00,139327.19836286243,134185.66747270312,144440.22719676187,19450.890256010778,20953.499585984384,23921.88163611436,12196.485443356612,7760.243136865676,6872.058322487325,6399.294075639961,6248.9334329943395,4678.323439837569,4521.606346565678,26323.982687005744
2026-06-30 18:00:00+00:00,144915.14376977182,139947.62650057534,150285.594956948,20253.658462420073,21720.146591765373,24426.830366431805,12534.575757153472,8112.151032553977,7373.763081495704,6652.659218329454,6514.59791420546,4971.156069129094,4749.478648632386,27606.126627655023
2026-06-30 19:00:00+00:00,148308.56856357725,143466.91648662265,153496.19337813108,20643.845856002652,22185.042812961845,24560.42676269749,12632.066046797248,8365.660981233295,7562.2243015076765,6678.060120116304,6672.95824916298,5178.354537099036,4871.66570211645,28958.263193882274
2026-06-30 20:00:00+00:00,150373.44144686186,145551.94974006567,155446.8786435606,20918.016942408507,22423.88338765764,24579.35943938485,12610.625242043332,8464.205005137106,7842.341885101914,6826.087930632219,6785.556504200543,5344.438205344642,4982.834499794389,29596.092405156738
2026-06-30 21:00:00+00:00,151581.6917266664,146819.57617087092,156741.01570109735,21220.06977176627,22791.68745058855,24525.591231655337,12654.18715212157,8385.459748637117,8043.16297157936,6868.0270392202565,6846.270706498353,5443.640308823447,5086.6545171023445,29716.940828673833
2026-06-30 22:00:00+00:00,152007.75004739396,147054.7418177954,156871.4171982955,21358.354388729313,22758.493517689483,24509.432726306903,12580.603488963481,8428.905234776308,8294.36722451507,6879.440572002347,6824.901518869562,5568.462681187296,5163.726874395471,29641.06181995872
2026-06-30 23:00:00+00:00,150796.70150201407,145408.1988505101,155763.95228125504,21390.95900369032,22482.555068442598,24445.108332489963,12699.451694693149,8294.668333570555,8086.410246389305,6776.066565235556,6641.577336658709,5560.209745653966,5051.674764189149,29368.020411000783
2026-07-01 00:00:00+00:00,148346.58127848702,142783.8056070933,153603.18862747372,20849.285423539965,22188.39655418425,24211.21349827934,12593.410120841085,8128.350008280921,7892.963701268904,6550.306944447378,6443.2731927523755,5425.5474834018905,4917.355090983612,29146.479260507294
2026-07-01 01:00:00+00:00,145208.60476452514,139376.25704822585,150777.64177839918,20480.30752535401,21681.347432974562,23792.962845565693,12455.992423392534,8029.952298508503,7673.650730188523,6404.180976359649,6261.482667997958,5282.752510303092,4631.319029136413,28514.656324744203
2026-07-01 02:00:00+00:00,140227.19335861586,134923.2031130009,145477.56824678477,20108.436471805224,20886.28434659323,23374.5812115773,12100.942735590974,7796.063687921355,7465.814669902323,6137.043560538059,5955.206393110013,5046.294050446364,4351.615097172562,27004.911133958445
2026-07-01 03:00:00+00:00,132057.9734384456,126157.30274952338,137367.65676013098,19373.469715316358,19641.310777185703,22350.4240138447,11221.355952246571,7226.857996349891,6853.313690206054,5766.884882742667,5558.666303360488,4598.7700035741545,4074.5287698635075,25392.391333755502
2026-07-01 04:00:00+00:00,122061.01124008876,115715.91866493135,127489.17825332968,18263.699137521908,18136.86855654107,20535.267994064085,10653.796799524167,6692.951261257312,6330.672849765773,5272.331199293433,5088.328454708858,4217.727031366311,3627.0358742004955,23242.332081845354
2026-07-01 05:00:00+00:00,113907.2245982947,107679.7148917934,119419.19138019998,16729.55454021339,17125.202991251062,19580.135487642365,10236.315948979405,6325.446152380611,5863.623320005656,4900.528268601348,4700.8401132521285,3891.722962897643,3343.809498927176,21210.0453141439
2026-07-01 06:00:00+00:00,107872.0322010376,101897.96848867496,113051.16572645832,15718.16738097362,16458.92457444116,19069.494791125577,9171.303992153184,5863.34793555481,5605.1609166931385,4691.05252270946,4473.085474435985,3661.8214910362053,3146.485116148472,20013.188005765987
2026-07-01 07:00:00+00:00,103680.14088513177,97918.32947697109,108948.38253998275,15139.890392062487,16097.077712593453,18312.73027904903,8538.23726825325,5626.985242598759,5321.749539366466,4558.342446147419,4269.764641577822,3540.864552964764,3102.671218072095,19171.82759244621
2026-07-01 08:00:00+00:00,100623.62405271216,94850.8532013493,106124.78899722996,14532.28264604739,15801.347798662788,17489.34328888095,8425.257282629647,5534.727058736618,5184.664087774348,4481.124639395174,4205.6408978622185,3389.608444350939,3080.4306306081708,18499.197277763906
2026-07-01 09:00:00+00:00,99984.45700966146,94438.96864962988,105380.56484144527,14179.692117760564,15873.446924941303,17445.071237823213,8303.50322524422,5416.552631343755,5170.198399710037,4493.5319861701055,4236.13144781046,3309.2642408594497,3146.0835678188323,18410.981230179535
2026-07-01 10:00:00+00:00,101195.02037536625,96005.40560162801,106371.68668522287,14236.269872338624,16241.16707255307,17233.70181588453,8246.787882699644,5475.704940085332,5214.310669789104,4672.661810339376,4408.431805460139,3405.043642394935,3348.660751192131,18712.28011262938
2026-07-01 11:00:00+00:00,104259.56216513403,99371.60973458218,109106.94416289506,14568.515176106637,16488.728352692313,17516.933375806857,8491.959807744232,5669.687027067604,5410.845558258584,5026.10443754984,4601.703727826018,3574.9182600156323,3525.094852483937,19385.071589582385
2026-07-01 12:00:00+00:00,109239.47988673105,104492.56813274772,113969.25803523917,14926.295410906185,17080.432576441457,18496.163185727677,8864.741511019409,6028.675960192841,5740.008003999629,5331.504429434362,4966.835536644705,3782.3325865310844,3756.150545325423,20266.34014050825
2026-07-01 13:00:00+00:00,115404.24779208918,110117.41649680484,120803.50182620449,15627.32539454031,17863.387842135384,19593.684681090883,9658.790998947341,6394.213077052976,5999.396690308018,5587.958614335086,5373.461003164935,4013.4279708536974,4025.7849737027964,21266.816545957765
2026-07-01 14:00:00+00:00,122965.22042964453,117097.66586395176,128270.2478557832,16687.630009292887,18967.419805416706,20752.131404469284,10490.237461317593,6827.63053456867,6426.793475225239,5810.437739134272,5885.10819911398,4288.215993023462,4235.497348195733,22594.11845988671
2026-07-01 15:00:00+00:00,131806.35207953994,126143.29709669843,137122.09838259016,17923.258931412973,20116.06253347626,21784.037273238853,11221.359457415287,7410.093240811546,6786.2704634512365,6198.298085643235,6328.949719546037,4733.073799614654,4593.495094596952,24711.453480332904
2026-07-01 16:00:00+00:00,140688.01130779547,134772.34050646087,146196.4379536675,18874.042000507565,21373.20287961933,22899.806986672487,12016.22616082971,8152.387547248185,7099.982436780156,6567.712096818809,6777.26659375299,5107.688796847033,4913.63979239332,26906.05601632588
2026-07-01 17:00:00+00:00,147950.65650034955,142495.41818336656,152874.77798142444,20307.669551215924,22295.40364543934,23506.185399077276,12491.205246280364,8460.716804611335,7662.68262323786,7004.394535639769,7174.8528197622545,5414.089189279531,5115.416782878007,28518.03990292789
2026-07-01 18:00:00+00:00,152584.3954528373,147792.3061322777,157007.0971514062,20783.28734929385,23286.88122790099,23916.51809244675,12732.07224315484,8640.46445918846,8036.138719857617,7183.644164630314,7469.037651694481,5729.495623917227,5307.206146225154,29499.649774527636
2026-07-01 19:00:00+00:00,155591.6936670099,150943.54321363618,159766.74841064078,21060.30515400904,24171.303478773487,24017.049091922836,12811.561741783691,8712.941579656715,8644.524695305401,7250.982108289645,7578.338430187473,5880.73069927904,5461.089011079532,30002.867676723024
2026-07-01 20:00:00+00:00,158224.6436489483,153604.7183510398,162367.97497193574,21317.547147778838,24652.863217342736,24218.53708546405,12835.592515864591,8762.39704424982,8822.345386273693,7218.834819826936,7642.860762757412,6083.699780753025,5582.39773840435,31087.568150232823
2026-07-01 21:00:00+00:00,159095.26900102902,153945.62067905802,163399.40081248115,21452.43403925067,24486.955139522986,24276.36887181026,12898.626901873718,8800.790478181576,8749.141871585967,7214.382418197319,7756.012675852069,6160.641440247298,5638.641906527368,31661.273257979792
2026-07-01 22:00:00+00:00,159973.78065880263,154356.61172,164451.84686557238,21533.893228321613,24835.838634697728,24293.03752036836,12876.131151067062,8845.47255352931,8868.224211564517,7200.623424904567,7797.559439980076,6201.851167666157,5678.344433319838,31842.804893383396
2026-07-01 23:00:00+00:00,159349.11946887232,153374.28475677661,164222.33268120748,21554.144575684408,24711.894379364938,24239.2859065774,12923.362941512565,8852.096160121619,8798.247780370524,7170.104006145447,7640.156153614057,6099.830758331918,5624.81192750626,31735.184879643213
2026-07-02 00:00:00+00:00,156487.73273186365,150331.41841851792,161711.30398400934,20979.770503277436,24497.913553415445,24117.49143661704,12917.239335551636,8636.079966422452,8711.45294582688,6893.911160130251,7440.421258537539,5974.795331288182,5380.5302682239,30938.126972572893
2026-07-02 01:00:00+00:00,153314.8015051341,146904.1352437246,158483.39810212684,20483.984694342504,23969.112629390216,23765.50753118611,12738.118477937474,8373.179066098619,8704.434045550033,6756.782738811897,7162.031987681633,5743.131224453968,5161.090469724786,30457.428639956845
2026-07-02 02:00:00+00:00,148660.74453340482,142045.5125707713,153998.08425016797,20104.233037563485,22869.32962442434,23488.084818036506,12401.368038808821,8106.914365460876,8375.707559027904,6477.016768098182,6906.970301945192,5561.43788713465,4906.7598199280765,29462.922312976778
2026-07-02 03:00:00+00:00,138075.298327766,132137.27931811608,143253.49393428589,19148.29702259143,21188.45387794846,22149.86552990438,11391.10350492924,7548.634681165735,7797.838460736287,5993.716804920643,6352.003537986908,5107.939657185171,4579.16543866662,26818.27981173116
2026-07-02 04:00:00+00:00,129480.30492296559,122062.29985829009,135406.9437737068,17457.009299474106,20631.13411326656,21489.295212084002,10656.857690967247,6849.852459350559,7068.676920813445,5698.3651665570305,5832.278624068691,4712.132997374854,4223.537265052368,24861.16517395672
2026-07-02 05:00:00+00:00,120824.34883032722,112971.43670885885,127450.00359101378,16316.608573036765,19397.25461139617,20046.08758832405,10037.081101857979,6418.142366302187,6551.587926047806,5273.991356616512,5476.29337679873,4349.293770318275,3933.247680546329,23024.760479082408
2026-07-02 06:00:00+00:00,113953.68330077891,106548.3309639745,120531.15840915882,15322.878311268632,18542.740176456187,19249.392484323133,9162.798429988417,6201.443684827111,6171.750217563619,5004.393629672116,5178.503443949386,4051.6558186385632,3655.1745442331526,21412.95255985858
2026-07-02 07:00:00+00:00,109745.13269217797,102219.61056435092,115805.708386498,14783.980965437713,18219.2006313393,18657.741309662135,8617.6527793465,5960.384859276954,5944.26150459283,4815.0485162915,4895.209071773803,3853.3339532259506,3565.159897074127,20433.159204157153
2026-07-02 08:00:00+00:00,106732.33129872655,99291.34915463468,112647.52606311253,14288.843465193375,17800.312109875038,18028.021370372975,8395.966446089478,5684.129692672299,5864.913941706126,4788.729696421797,4854.089270098661,3789.7039977205072,3487.8828350660488,19749.738473510246
2026-07-02 09:00:00+00:00,105156.96312142411,98153.82099723475,110941.29200840965,13980.41364826285,17644.712367400072,17732.109128993496,8191.160264600294,5620.392231851946,5766.85524056949,4785.405598091369,4851.928626160017,3784.8059116841528,3495.7357656093673,19303.444338201058
2026-07-02 10:00:00+00:00,105949.62495000409,99367.87606437746,111442.01749929873,13782.619235096996,17903.386965620586,17656.70251741397,8262.577779111107,5630.7743669672245,5857.658625009647,4921.550640377884,4954.134993799682,3811.9025640652812,3641.7976223949217,19526.51964014677
2026-07-02 11:00:00+00:00,108139.57602333726,102258.14558871905,113413.89621737918,14099.466577282956,17890.562466232484,17945.37069872943,8341.149083558397,5769.976219052011,5926.42776145621,5198.446782842304,5125.466742855908,3875.041892298424,3875.578600852448,20092.089198176684
2026-07-02 12:00:00+00:00,112906.97470536493,106601.90115340127,118714.28877509263,14684.740697507266,18444.926170439998,18883.945856634524,8732.81276985706,6079.857852565923,6191.39713310226,5597.921245592251,5494.730314418574,4034.48636821488,4039.5920061031115,20722.564290929084
2026-07-02 13:00:00+00:00,119893.67462196862,113344.38580887353,125303.12404973211,15184.700895291726,18984.823815492848,20437.808458628213,9593.062495207703,6568.912933450219,6502.57820561448,5797.764225062182,5916.805513546527,4278.061146486421,4237.335447248772,22391.82148593952
2026-07-02 14:00:00+00:00,127022.8781752215,120199.23436232831,132173.71002048228,16192.7455613527,20318.332620392983,21158.85223936133,10324.69254041619,7067.108561060583,6833.183610555718,6134.167705734885,6362.432318093144,4636.677772679453,4508.1208504373535,23486.564395137182
2026-07-02 15:00:00+00:00,135737.29461301435,128383.49737687418,140639.53792935528,17257.155186195494,21567.746582964908,22097.488615064292,11208.199773046144,7590.858084524859,7187.194385624517,6517.807462887182,6854.975767508153,5011.288445683811,4750.437421959146,25694.142887555845
2026-07-02 16:00:00+00:00,144293.07573880928,137414.32875725353,148471.03307562365,18579.91499536364,22469.99962439808,22940.31959782603,11940.831433573994,8107.954302384335,7625.506399694089,6919.6115020589605,7178.453944555639,5466.842176936441,4966.171867133354,28097.469894884696
2026-07-02 17:00:00+00:00,151200.50197672757,145018.4742473,154821.72013916844,19762.281246670584,24182.04405250884,23631.24739948157,12425.422428914204,8315.61007215196,8024.943862046054,7196.432421026174,7561.529575615047,5799.986226631054,5205.532097249972,29095.47259443212
2026-07-02 18:00:00+00:00,155573.12062050356,150163.1960148848,158809.8699379279,20494.014248800137,24779.325981979124,24031.9182962293,12643.283983343734,8518.203597306761,8649.733067326504,7273.588636794389,7726.324916202585,5991.074494325821,5343.608389402523,30122.0450087927
2026-07-02 19:00:00+00:00,157855.2975626781,152951.04546023245,160959.40770056314,20845.482830934445,25155.472755813847,24182.43700101491,12697.252610150123,8579.17859201504,8910.215479446695,7308.524987381819,7859.736396582224,6174.092851992466,5504.246516716272,30638.65754063026
2026-07-02 20:00:00+00:00,159287.0238447038,154675.74033149064,162431.07092581526,21069.194456912333,25314.991223028766,24289.134639496664,12685.839683643968,8625.357028728029,9055.410409985778,7366.820985675222,7963.644817437128,6290.769759987315,5581.3122450999235,31044.548594708656
2026-07-02 21:00:00+00:00,160177.70422346308,154911.9834489268,163460.63673103056,21288.90605782437,25356.43757408527,24278.350553254048,12711.072277102186,8654.91457958379,9000.543985498733,7379.649287460716,8041.769550281614,6330.313039372776,5668.728820719936,31467.018498279627
2026-07-02 22:00:00+00:00,160732.7226891647,155157.63296551202,164257.12921542252,21272.007721017086,25571.22516188789,24279.00942295713,12670.837527384016,8669.95565600124,9221.445169962457,7365.808752972617,7951.655566858905,6367.317058808659,5760.241523481663,31603.219127833006
2026-07-02 23:00:00+00:00,159590.90596087652,153455.87036165828,163535.86019985238,20935.74801774566,25246.17444709298,24263.33126654233,12687.46487437192,8691.138266157532,9072.730237832628,7299.924514336197,7824.96963930783,6327.024306349491,5684.172238859444,31558.228152280506
2026-07-03 00:00:00+00:00,156114.8006655046,149609.3718651613,160379.0887455115,20176.405719903854,24907.083445441196,24159.583079974982,12419.153172282136,8458.630797460926,8996.53339071556,7065.393753180231,7533.577815447559,6164.9096455322615,5452.5787462625685,30780.95109930331
2026-07-03 01:00:00+00:00,152845.79197301058,145982.93772657815,157535.1450771698,19863.28498758483,24508.528812843848,23791.0488339589,12120.060105155799,8207.866580577394,8830.280661883051,6877.320779427693,7271.235193048787,5932.371226639068,5221.915049083659,30221.87974280756
2026-07-03 02:00:00+00:00,148288.2979681191,141213.3789868372,153108.5079177367,19479.5860107862,23395.72862721894,23498.36437541908,11786.34265109827,8000.112720289874,8788.675744414975,6605.9691631147,6992.139577457718,5701.845727453885,4967.363439564015,29072.169931301447
2026-07-03 03:00:00+00:00,137963.46971418633,131348.94349771237,142683.22392318316,18132.179029615763,21862.571255757917,22215.742154327156,10947.331063205316,7442.617301188657,8224.43061794792,6067.6760575803955,6465.026983949821,5273.654911951595,4625.395616445689,26706.844722216105
2026-07-03 04:00:00+00:00,124471.07515948582,116995.79094913563,130338.17075145364,16437.677934331135,20246.928059786347,20523.867302255276,9765.171888052884,6550.071508756807,7169.924231834274,5016.154626929971,5701.502796888131,4817.615182198641,4133.681282567096,24108.48034588525
2026-07-03 05:00:00+00:00,116687.32162522989,108221.65906322494,123838.4584614743,15496.260160389726,19515.08337872235,19050.06353143671,8876.045508367755,6098.325202922277,6566.9018310881775,4696.056903071416,5329.225752174989,4534.083005496786,3741.3673068304342,22783.909044729284
2026-07-03 06:00:00+00:00,110652.2336982273,101982.44320262023,117684.32059432019,14612.707667787807,18823.975705939487,18302.65954840817,8429.93225885899,5915.228928248828,6139.779111366054,4443.888254581965,5096.550716640809,4239.272919699711,3577.2336130399776,21071.004973655497
2026-07-03 07:00:00+00:00,106546.74235162766,98521.25567408533,113158.52859275516,13844.63709602099,18341.33266938989,17850.246412463846,8031.807588146613,5745.459274475105,5928.98344700277,4329.7338411780165,4928.291592463272,4001.5546942947153,3517.208594036843,20027.4871421556
2026-07-03 08:00:00+00:00,102719.22905943269,95060.16601372918,109230.70522232688,12785.976264240591,17954.003018930092,17218.303881608146,7897.7187019436615,5547.957750178059,5795.589435035287,4254.749442841451,4781.575270981291,3890.337633909699,3404.577792821166,19188.43986694325
2026-07-03 09:00:00+00:00,100663.00327418806,93267.08219841302,106925.02326624353,12601.815432183013,17624.62420904142,16800.91863923411,7632.57713625454,5337.701333402863,5684.617808286298,4223.979855589471,4743.852224952437,3891.218222925784,3396.967278264612,18724.731134053487
2026-07-03 10:00:00+00:00,100200.02385005703,93179.27017603572,106203.71583449007,12508.904103380202,17635.136617864453,16712.73574145482,7554.479882513623,5355.319488013027,5595.363970021693,4311.199242941254,4764.9399262210145,3773.23980021394,3476.2790461638024,18512.42603126919
2026-07-03 11:00:00+00:00,100310.46425624251,93086.21341094197,106399.71221332217,12651.706506338609,17441.191118107658,16587.88714060238,7559.016725772609,5403.931220866939,5619.4359389615,4425.423235687054,4780.536820431876,3866.9887843532865,3518.881552713627,18455.465212406965
2026-07-03 12:00:00+00:00,103924.42266407031,96706.3282381274,110437.32805054827,12642.28416339517,17594.380184972157,17196.542869493107,8023.312411542825,5710.136740562602,5795.554768223366,4745.171280402703,5119.191568911477,3970.7047519408,3764.6738114524796,19362.470113173633
2026-07-03 13:00:00+00:00,110910.9014840018,103727.38163609704,116689.59610570649,13317.024189843713,18501.74999998851,18549.573232327362,8765.513027859528,6159.356448843105,5960.489359938265,5161.1122554554695,5526.3963371025075,4222.257942922576,3951.432213319777,20795.99647640099
2026-07-03 14:00:00+00:00,118191.71106873015,111261.51702657813,123735.18904306916,14257.353523363434,19608.81482065696,19826.486430428842,9318.47656524474,6609.82556118869,6332.488595741182,5431.033111007781,5760.605908136818,4504.964832631962,4239.6670728977315,22301.99464743202
2026-07-03 15:00:00+00:00,126102.66211179212,118978.81282075598,131304.0893216548,15218.876361339304,20763.06995821183,20881.10156594405,9883.56992235316,7082.429324107889,6521.062990839178,5781.423852308184,6132.865687045886,4999.341423196322,4438.257098757283,24400.663927689046
2026-07-03 16:00:00+00:00,134106.86531920818,126603.08023549765,138913.58624041258,16734.49949285679,21616.14612280973,21673.8218971019,10607.071236792372,7508.784727957752,6932.36659572329,6009.018074584997,6644.9479628946965,5354.041878290718,4660.30173024553,26365.865599950408
2026-07-03 17:00:00+00:00,139996.99297486932,132901.16909346185,144275.3331304819,17477.797230860364,22906.478263403587,22295.50784037259,11183.10802864399,7786.155354938246,7278.031351992678,6171.531673247957,6940.62714128605,5640.57123697448,4942.132502318921,27375.052350830447
2026-07-03 18:00:00+00:00,144735.3300425179,138092.11002968953,148849.4509358098,18091.628889560416,23897.42738941255,22618.11376071124,11619.14021941536,7943.0293942374965,7724.739381086573,6314.940796449924,7087.0427315000115,5910.2612613577585,5113.0163265394895,28415.989892247067
2026-07-03 19:00:00+00:00,147555.77924595217,140778.62013132893,151645.39223316754,18639.582708653368,24317.63123999629,22673.251666775363,11722.734427039886,8053.564660779577,8020.042147884357,6388.418179473466,7331.826896282116,6025.1537773109085,5273.773847390573,29109.79969436626
2026-07-03 20:00:00+00:00,148792.50309884903,141970.63948488134,152976.24200605508,18884.786451702374,24470.077344834215,22799.195189746937,11694.539925158586,8091.385625438617,7945.414107096437,6481.526009603865,7432.66994344514,6136.855830493666,5356.441217748596,29499.611453580597
2026-07-03 21:00:00+00:00,149861.41466015676,142251.40900247954,154312.04908281696,18832.094287541004,24526.70984802815,22907.503018713724,11719.547582132862,8119.343391096197,8147.857763055855,6524.941022683514,7427.374015279118,6234.761004093458,5454.811536472282,29966.471191060642
2026-07-03 22:00:00+00:00,149500.48919726114,141630.7017764341,154286.67890776647,18688.21970376319,24388.36778035529,22903.728109125783,11575.518567814675,8050.630145870336,8313.425561494705,6510.608622338934,7334.204603706522,6188.427746975943,5476.224119153789,30071.134236661972
2026-07-03 23:00:00+00:00,147144.83659397732,138610.2839979023,152424.49562903942,18468.08195519982,24025.61030406051,22806.20615934443,11348.692927941815,7995.3534328535425,8150.893249300992,6434.859920950696,7001.405872371632,6085.836828427425,5320.500056255779,29507.39588727068
2026-07-04 00:00:00+00:00,143513.54805474897,134676.17273666704,149331.01052449344,18125.675195786203,23537.718158594016,22211.217460902782,10987.268103653303,7731.212688511931,8054.640477885584,6186.031978692758,6704.270157401666,5931.391887599159,5115.945102705119,28928.17684301644
2026-07-04 01:00:00+00:00,139415.286593344,130103.71860784965,145467.96523412457,17352.46441503408,23100.741162836126,22012.467436746334,10652.676450189952,7536.585225768882,7830.613365267268,6004.378421877964,6454.242803239001,5648.724466091987,4774.234325890686,28048.158520401717
2026-07-04 02:00:00+00:00,133524.81543245958,124780.6616757663,139607.97963612573,16416.689672481833,22340.565518311716,21616.54992447824,10127.7580699987,7380.277008314539,7464.1957070595745,5675.306131210071,6197.966626039099,5488.20677798265,4596.841687240848,26220.458309342328
2026-07-04 03:00:00+00:00,125187.48699354198,117203.25042808072,130830.28027772903,15663.193516380254,21096.774120095717,20152.265035638815,9704.277684936802,6781.0516992025405,7025.069737110058,5156.848060547522,5855.259089415497,5129.250023978216,4290.731024476847,24332.76700175973
2026-07-04 04:00:00+00:00,115299.32418430183,107055.5387191731,121228.10647335107,14382.144635468614,19614.58447659575,18540.146926584555,8698.596135829644,6266.148114501301,6529.898571756637,5008.014239744486,5311.665967141646,4607.70712394855,3820.9086845584484,22519.509308172204
2026-07-04 05:00:00+00:00,107948.07632148053,100265.67739268995,114265.0812167465,13576.502429121827,19067.114360692998,17430.643177015736,8164.512305772508,5644.263083443711,6210.902703447364,4713.8200240514525,5042.113222198494,4224.1767398437,3587.7806730512584,20286.247602841504
2026-07-04 06:00:00+00:00,101591.62013159873,94314.71718507571,107874.6571800547,12673.37279689682,17928.760980380626,16511.42018433051,7601.545912241512,5382.003543080235,5667.57847470367,4492.28751338813,4692.341302569327,3912.3364841353036,3360.430085355804,19369.542854516778
2026-07-04 07:00:00+00:00,97820.69372362357,91125.15634312264,103920.77478670166,12031.966927481766,17535.71562869246,16182.812934983001,7346.090403623721,5167.58325772661,5437.720146715349,4377.72448223524,4562.834116696875,3713.79205107416,3318.596864594421,18145.856909799975
2026-07-04 08:00:00+00:00,95215.95242756708,88519.95419588039,101289.02769312174,11518.654644032524,17343.424854991896,15850.28284182727,7170.3993465624135,5084.470452805646,5332.739578484625,4257.697992341687,4414.427416887422,3576.5178461056844,3215.810840996395,17451.526612531536
2026-07-04 09:00:00+00:00,93327.26038152998,86563.76961104298,99352.48423268674,11247.381444825685,16853.77864502217,15750.233201865623,7114.483637301404,4999.938053597367,5246.379989117832,4193.994764623456,4390.695157384112,3523.1752704290147,3223.8787643858986,16783.32145297741
2026-07-04 10:00:00+00:00,93125.43918485308,86448.7551334578,99310.44804773942,11135.759679113655,16682.8028766024,15863.958667122064,6922.158033878416,4982.623404500359,5250.354475583189,4282.746381233626,4341.758905435855,3552.933584087718,3177.7894278437343,16932.55374945207
2026-07-04 11:00:00+00:00,92951.0804771932,85826.53215942645,99718.01656283505,11024.375938171142,16938.659549419255,15664.310257064513,6867.736522510717,4989.37153945785,5037.913871309204,4342.198842677608,4478.393823024424,3485.9398011802964,3147.3690192857475,16974.811313092447
2026-07-04 12:00:00+00:00,94152.29834258603,86405.99279599066,101309.8836533488,10845.548604634432,17213.997912899034,15702.889924702424,6885.944175362888,5087.449416207395,5099.8784422793615,4166.099820622171,4679.655128041531,3676.22755065435,3416.545644485874,17378.061722696577
2026-07-04 13:00:00+00:00,99561.93888848159,91160.07690830849,106746.28455710651,11126.59830605113,17758.93100119282,16724.562331405385,7559.794150403153,5411.113127635214,5337.335754373606,4488.475404147422,4964.33815571687,3908.736391862432,3607.8034550666775,18674.250810626858
2026-07-04 14:00:00+00:00,105891.94400796924,97257.35628057133,112925.89587330162,11880.604013150929,18319.297510077016,17854.248420622396,8026.462858257471,5973.796920991646,5614.398560481308,4915.854668253106,5237.9439663384865,4140.576520046984,3759.5898970615326,20169.170672688353
2026-07-04 15:00:00+00:00,112980.6146195819,103693.53898955132,120424.08116291427,12850.25215692106,19298.282362542494,19196.993011329756,8287.370646041214,6392.4864498325605,5913.955435375263,5177.234013989597,5530.039543360146,4493.693900124672,3934.3996296779574,21905.90747038718
2026-07-04 16:00:00+00:00,121417.62254100523,111639.57142649226,129675.69598001335,13913.548601212253,20636.425577364953,20476.555359912316,9033.196791778006,6793.485558780749,6178.669416762875,5407.715883482533,5996.9204064767155,4828.779118859152,4162.205394761953,23990.120431613715
2026-07-04 17:00:00+00:00,127554.10742689608,117490.09354610668,135916.11086357085,14884.858932233848,21354.423891847175,21436.19827454394,9501.529621309832,7166.996078517604,6341.222460059051,5647.504047930413,6291.926696330509,5128.047806824482,4491.381756930802,25310.01786036841
2026-07-04 18:00:00+00:00,131975.83957568274,120920.7325731876,140382.3317322718,15402.909760988487,22098.27826147372,22017.632364864487,10181.381144501247,7343.908683161367,6806.510257797723,5788.283874983299,6655.012714582386,5336.738625989454,4602.035334634555,25743.148552706007
2026-07-04 19:00:00+00:00,134915.64892623454,123634.25289400361,143279.66267637222,15695.5361626848,22879.363943127024,22162.538852413756,10586.506154781038,7445.358488582406,7139.431780326251,5854.862693978759,6777.43794453254,5379.339334473178,4704.3229203898645,26290.950650944913
2026-07-04 20:00:00+00:00,136578.81717415285,125420.07017782363,145048.49596609976,15997.41199991673,23181.217339880288,22433.29142243637,10568.85715618176,7546.378819951187,7252.709284205624,5904.70577195371,6753.578902389957,5442.32749753919,4805.580000177599,26692.75897952043
2026-07-04 21:00:00+00:00,136962.4001855212,125982.79753024505,145372.72397560504,16374.18256993424,23072.287207478144,22423.34764651165,10555.26624303942,7580.221774202999,7195.306283584861,5853.03486753496,6662.145868379491,5567.329634104466,4857.292649588644,26821.98544116233
2026-07-04 22:00:00+00:00,136757.57253459806,125439.57662986623,145344.6923951958,16453.454983008498,23125.897097936693,22281.858209949347,10298.890996419701,7513.834207899806,7282.741948562101,5904.64946989027,6475.123708497919,5616.153877456331,4773.603765538996,27031.364269438403
2026-07-04 23:00:00+00:00,133546.70315424266,122488.49314137945,142193.2491331962,16201.159025131356,22568.08585313546,21923.881089757208,10013.882898999174,7321.629022523159,7113.754773007542,5753.856929211831,6296.453977232825,5467.530013321297,4631.619328936169,26254.850242986613
2026-07-05 00:00:00+00:00,129689.47390494205,118719.13133364712,138795.67789206645,15688.228438178232,22528.68192187127,21043.83589963652,9487.36679286315,7098.555627754671,6919.3130657512165,5581.963835947309,6022.758243770804,5273.82140063898,4423.840807153452,25621.10787137644
2026-07-05 01:00:00+00:00,124739.50924875832,114079.54516544266,133592.0088492231,14706.5096870771,21787.219653470853,20576.252411906895,9123.569298519884,6806.330985217473,6814.939157904433,5395.374016695145,5902.202131620789,5026.083105897782,4258.70525003716,24342.323550410816
2026-07-05 02:00:00+00:00,120611.177737824,110329.0956551698,128595.71796261932,14427.789896457807,21155.22701789832,20022.62135580171,9007.97935101223,6603.0385972512995,6380.910172313925,5133.497059454085,5645.145246071789,4808.988989198684,4141.703194309983,23284.27685805416
2026-07-05 03:00:00+00:00,115137.01651291605,104873.624553165,122909.01752719829,13955.509242631864,20101.92362007928,19049.76907023191,8536.505270479827,6260.552929413437,6306.79634893885,4944.15404841083,5234.933421321733,4446.917674258523,3837.424763319997,22462.53012382978
2026-07-05 04:00:00+00:00,110394.51203638178,100568.74429046562,118049.41332772373,13324.401027963739,18909.547717275018,18512.678333525833,8429.234035021946,5958.043417663402,6056.041688809137,4754.588958015028,5112.15890852997,4280.285214767804,3882.292309826341,21175.24042498356
2026-07-05 05:00:00+00:00,103374.13913158355,94720.0106757689,110877.35760743596,12483.784784759111,18159.5653801859,17388.32086388343,7846.045588059074,5585.280947082412,5633.687806673448,4476.593276274684,4756.881773676368,3989.817407199941,3615.2392610710026,19438.92204271817
2026-07-05 06:00:00+00:00,97318.61212284327,89589.54355474182,104025.44738208402,11698.44616747224,17256.8911954763,16553.13046400831,7307.381463805912,5259.050418441838,5288.572668135814,4224.373684472063,4473.341617448861,3655.2385986778468,3435.4210985570403,18166.764746347035
2026-07-05 07:00:00+00:00,93512.92233818531,86108.98059570052,99984.87095382517,11068.95900099728,16696.78019697393,15981.627377019668,7023.954379246867,5038.487809783361,5116.026491440386,4093.733318519692,4313.698677039768,3505.2843952530907,3334.023364117953,17340.347327793297
2026-07-05 08:00:00+00:00,90705.61999661654,83454.80930878551,97158.37460615093,10740.055325469695,16212.08324386725,15653.566021403029,6707.458873576697,4947.301644496318,4975.060285690239,3973.7353043418943,4151.104594747219,3329.6228762185483,3137.486509905055,16878.145316900594
2026-07-05 09:00:00+00:00,88896.65309288072,82031.71367084746,95279.22750000142,10481.475266442598,16123.131620204063,15452.377390310332,6530.91035933459,4853.259402901576,4810.098533810616,3840.157396608116,3999.4882612754577,3260.776991185298,3080.3921205167703,16464.585750291302
2026-07-05 10:00:00+00:00,88035.80370758304,81227.60570609043,94629.60887996892,9984.553414967771,16070.301671437495,15156.294800823438,6511.4418600135905,4820.810903867371,4713.566529613951,3839.854523453152,3964.337769777021,3246.826317278349,3009.9727883378637,16717.843128013035
2026-07-05 11:00:00+00:00,88164.11014917362,81139.56128949397,94995.40309819268,9966.163148826972,16229.08180897713,15239.436025403953,6357.464359386657,4892.297899078335,4577.997301057194,3965.6543131690614,4004.892892268644,3193.3223286504435,3099.786218562551,16638.013853792672
2026-07-05 12:00:00+00:00,89706.76400612063,82382.5914544586,96787.90622825523,10019.45092510868,16442.20748047865,15446.077686057404,6501.371455004247,4848.395528104188,4652.567948029043,4080.2259057266756,4208.843524091806,3371.930495959344,3108.3213075069434,17027.37175005364
2026-07-05 13:00:00+00:00,94572.12535053553,86967.59452038918,101843.15517058838,10590.755829024787,16825.911605464666,16518.828463228674,7008.553820984461,5249.1761750114765,4724.75793151345,4323.0955804505875,4411.323665268634,3542.7559735083046,3341.00446924262,18035.961836837865
2026-07-05 14:00:00+00:00,100513.97690538596,92057.73734715808,107866.30344352491,11248.956891454924,17798.674937231877,17416.642994573238,7516.301023238022,5506.288069575624,4943.598198794159,4711.048801313745,4828.856387911132,3746.619634862719,3593.086545906156,19203.90342052437
2026-07-05 15:00:00+00:00,106819.96194627708,97986.46252379089,114937.16275793209,12127.290634133873,18369.38967240205,18362.174144488956,8141.092042555404,5936.023085284861,5239.201467400342,5060.820736972666,5101.059537094677,4083.7468833554317,3807.1320674214435,20592.031675167367
2026-07-05 16:00:00+00:00,114367.74676820176,104274.41584768369,122961.81359224231,13243.214917932592,19230.153514250935,19754.205891303067,8657.868566635418,6361.073659823156,5672.632660249285,5289.196819427106,5453.999148157036,4396.667414632355,3985.911843452806,22322.822332338
2026-07-05 17:00:00+00:00,120518.12054367948,109336.79427207954,129564.99525600477,14359.162311972952,20009.594706003398,20728.70575183515,9287.110599346772,6702.443821599914,5943.160957297121,5531.88302686824,5646.429590371928,4652.997121720053,4264.483601488482,23392.149055175476
2026-07-05 18:00:00+00:00,125637.27388498433,114004.34368227093,135273.5405009228,15026.681289250188,20764.529176341028,21548.490977885802,9826.689034157964,6909.33749666939,6352.708745459574,5552.3119666677185,5868.283720218526,4864.273071442094,4318.407667882499,24605.560739009557
2026-07-05 19:00:00+00:00,129071.69475205298,117418.20971825763,139116.56127548896,15573.26753159388,21420.230230376124,21806.34966833091,10034.046151725444,7132.384442960643,6473.087154284704,5618.534474240894,6009.1104869780775,4983.544860392338,4454.2523720316585,25566.88737913831
2026-07-05 20:00:00+00:00,131828.58975142112,119665.34708825168,141718.56013712712,15939.553214983416,21535.40927578232,22250.821426100538,10454.782024421158,7168.214631854721,6858.716504266786,5709.947607810001,6131.528563629219,5142.506955855242,4445.384602039283,26191.724944678437
2026-07-05 21:00:00+00:00,133520.8140241647,120300.73825460448,143872.48834883788,16257.123556242985,21820.428805541847,22629.707648727293,10469.165685867036,7308.467997233701,7118.152550643952,5862.69811685746,6227.963805029346,5120.206907072375,4560.553266292625,26146.345684656062
2026-07-05 22:00:00+00:00,133984.84727929774,121055.11583080221,144047.3879901886,16274.376566153403,21756.916056922364,22500.07251180317,10645.022393289812,7314.241299916515,7016.740023303629,5927.290430635164,6231.938666150772,5136.493641386326,4600.048193215778,26581.707496520798
2026-07-05 23:00:00+00:00,130948.43028338632,118128.24228088633,141615.42887217316,16057.249345448306,21290.06650587631,21983.942003323184,10156.388971351582,7174.110098447526,6912.056632357019,5817.257693755047,6015.576780933572,5154.508053474326,4507.411122391864,25879.86307602758
2026-07-06 00:00:00+00:00,127570.09384636169,115359.66104144837,138179.1088721143,15504.95834947826,20992.156261383687,21486.22992304787,9812.039305249724,6931.307629875305,6717.92775311611,5601.985180285721,5890.5727469424455,5015.523805198579,4423.376625504539,25194.01626627948
2026-07-06 01:00:00+00:00,123794.56934760428,111585.25334827014,133677.2276617875,14920.20985864029,20388.679628574628,21070.632311213092,9451.315238714189,6742.966000207315,6554.838102343391,5426.966100419698,5719.398417049763,4868.563015665456,4288.989639496,24362.011035280477
2026-07-06 02:00:00+00:00,120579.89708635485,108955.56420705214,130391.08737516889,14660.958711550882,19788.20023011372,20443.28623635193,9292.237652372783,6566.36812614935,6414.647747006417,5225.420688191354,5626.871738812933,4639.219711184391,4165.6606283246565,23757.02561629645
2026-07-06 03:00:00+00:00,113703.78015929839,102756.04635394193,123048.09206494817,13982.072793809064,18705.10806074954,19450.58553153278,8787.16528080224,6214.178820629626,6115.50537347388,4953.618331497396,5200.733850131313,4347.633992468599,3806.856985450166,22140.32113875378
2026-07-06 04:00:00+00:00,106883.796131499,96372.87648586906,116660.96434329485,13463.66081631063,18001.868701569692,18316.517287686507,8385.452453345977,5802.099155297908,5809.315975141177,4564.00815808086,4975.331665484616,4024.452390380936,3559.449261538189,19981.64026666251
2026-07-06 05:00:00+00:00,98677.73727746417,89119.447512448,107548.62153122532,11962.451290342595,16822.234476483238,17139.13365084204,7785.445128882695,5307.307836795491,5406.326006780002,4260.949888078765,4488.30165484804,3728.7511674038724,3202.6370558530857,18574.199121154346
2026-07-06 06:00:00+00:00,93980.72819442136,85598.21807259646,101956.56799939145,11254.467176818742,16278.27803289752,16507.393576214792,7289.0522636544965,5043.846039152863,5049.582132220708,4095.7254703304443,4291.0300369214,3475.543235803758,3089.4208532331204,17606.38937717351
2026-07-06 07:00:00+00:00,90586.29512458984,82879.96042716001,98039.14948935865,10609.65937573708,15920.280011499202,16084.793793654495,6985.911648447915,4901.793067539742,4874.469834471401,4026.7576652605135,4068.0363143565028,3326.9518445149515,2966.6489481663552,16820.992620941674
2026-07-06 08:00:00+00:00,88728.66076560772,81488.94177424075,95696.19313862832,10327.336672888496,15637.536469815404,15837.955086109283,6856.734361251073,4760.74617111163,4690.893181193101,3954.5906691880873,4001.616869712944,3238.909737360015,2894.7992175453815,16527.54232943229
2026-07-06 09:00:00+00:00,88282.95567008143,81546.51074407912,94852.30611730933,10179.03173728246,15514.849128285045,15751.792851569262,6875.287671521723,4799.158222150957,4691.873952369465,3966.17547731999,3972.753115889049,3209.6798476485865,2861.9137148398227,16460.43995120505
2026-07-06 10:00:00+00:00,90013.67979572563,83647.65633129282,96486.56592759106,10141.44301912799,15955.435167887565,15818.421636525225,6889.512420772191,4927.623262365572,4775.590685908017,4120.211710590578,4116.248195233742,3287.38188067747,3065.5642040685193,16916.24761256877
2026-07-06 11:00:00+00:00,93910.52327466515,88047.64331318229,99681.3893544164,10548.14268707529,16393.617506749393,16495.31842909059,7347.182953828102,5117.0315134293505,4903.503411825726,4428.9228219452725,4333.758864214897,3406.5572043888897,3299.0189314688505,17637.468950648803
2026-07-06 12:00:00+00:00,98610.96586633983,92367.51229937283,104511.90022321696,11116.914221282712,16864.98876296056,17333.383541336618,7735.563063948115,5393.487274739635,5329.548987951557,4724.907451839185,4614.821706483969,3545.7674706549174,3535.4534867270722,18416.129898415493
2026-07-06 13:00:00+00:00,103581.11881811937,96573.50721235936,110159.20894776606,12180.470623072179,17297.565974512283,18191.770841033824,8355.181484807405,5733.915522320634,5313.436147616719,5002.533961465934,4920.69868998419,3776.6514872636358,3605.266340954623,19203.627745087957
2026-07-06 14:00:00+00:00,108788.6667417268,100769.70179872736,116404.85870191672,12756.245454925198,18191.248555200273,18876.002801519255,8741.308088570502,6066.350293299022,5588.606623693574,5308.17800239489,5248.582208171955,3973.567920701879,3791.1307293868194,20247.446063863426
2026-07-06 15:00:00+00:00,115433.4342624853,106606.64168235945,123485.63091170574,13537.863822833846,19051.511901482638,20030.25863649555,9332.279692840379,6438.151655654772,5916.107719480007,5539.170050179351,5588.484523597716,4245.547144672511,3956.113227552923,21797.945887695627
2026-07-06 16:00:00+00:00,122279.83233041673,111989.06319499566,131767.09791237768,14558.971983500116,20036.38414552404,21064.079166806772,10082.709195459054,6755.815627452947,6300.811262028123,5725.534962125482,5829.546193397093,4511.288039527435,4232.884376267995,23181.807378327663
2026-07-06 17:00:00+00:00,129111.3771396208,117261.18898522269,139683.8092596424,15614.039479493158,20694.190173898725,22211.17810029709,10602.690110138003,7116.43348038993,6774.531034711083,5952.261215171811,6103.203177638677,4779.30455396986,4386.0005232824,24877.54529063007
2026-07-06 18:00:00+00:00,133222.86401648878,120742.77465417117,144529.23200924424,16126.293594688173,21356.816503209215,22729.180720391083,11012.94774526315,7390.921389833133,7119.081015973232,6187.449488579127,6255.964950352386,4976.527298722728,4514.63731526638,25553.04399421017
2026-07-06 19:00:00+00:00,137223.8555966021,124360.82459293716,148848.12747112196,17236.42440535739,21979.68256432317,22933.850224891976,11229.857351268172,7538.111258726832,7393.887409373462,6212.79625613107,6321.389995797487,5195.646141318801,4660.849513693691,26521.36047572006
2026-07-06 20:00:00+00:00,138862.71890745498,126113.86101718855,150300.1092370216,17564.81305123629,22165.327393979307,23108.55843260532,11297.808985074611,7581.262858986051,7511.2468138244185,6258.205352945573,6459.450240858587,5291.514374884685,4797.309512490142,26827.22189057
2026-07-06 21:00:00+00:00,139683.664607759,125939.7864686581,151329.5361871746,17712.903610409146,22233.132172423208,23108.953460454595,11353.344599063304,7681.472489935223,7638.45108193564,6333.492381614306,6512.488309527266,5327.044438252714,4808.381821925876,26974.000242217717
2026-07-06 22:00:00+00:00,139235.29230942886,125214.70206292019,151260.01764062006,17226.49976048497,22373.04960026493,23115.031015870827,11349.122043551528,7524.703299739416,7724.40342748402,6275.113506997985,6483.557089352512,5445.076913254358,4876.994532021289,26841.741120407034
2026-07-06 23:00:00+00:00,136694.34185969314,122925.8020958527,149078.07929931124,16942.95399992048,22073.413037217466,22723.342035387486,11008.9962873943,7370.211307075226,7574.176261518177,6121.763822342814,6294.93549435167,5383.863826291229,4704.786906273059,26495.898881921257
2026-07-07 00:00:00+00:00,132427.4722223872,119651.90404135667,144683.70287731232,16324.58179620548,21347.728013691936,22175.97302690601,10600.503117337352,7166.322740041001,7383.11874882521,5965.681456794332,6072.391924569897,5198.0316385475,4553.7842829137935,25639.355476554698
2026-07-07 01:00:00+00:00,128786.983503587,116406.11001309325,140577.80102909892,15601.125788050109,20974.230596893787,21685.091421490102,10169.02732544744,7095.319842236527,7263.708764073092,5865.680575576028,5865.948529491648,4940.461747980656,4311.618009651711,25014.770902695906
2026-07-07 02:00:00+00:00,124201.72797636907,112347.1269661513,135374.57422603818,15069.768420457154,20111.66669255925,21262.936747863623,9844.338657644365,6839.042238856313,6918.439997569408,5478.565297175622,5641.152127465424,4767.2269583188145,4176.684754824155,24091.90608363495
2026-07-07 03:00:00+00:00,115932.05132734176,104840.32209012707,126231.02835020584,14454.966212558189,19056.102420416977,19811.926791420505,9284.545501881204,6242.21560678049,6371.730762051977,5079.870627188574,5222.816843621053,4443.769813523936,3858.0480879538727,22106.058659944993
2026-07-07 04:00:00+00:00,108166.30675555038,98979.32270269775,118148.22683082396,13835.588850955297,17920.545912170935,18597.97116455736,8593.836525328357,5863.876635688327,5862.982927310612,4814.90474473718,4905.761457316674,4018.9829271683666,3543.2108083065805,20208.64480201067
2026-07-07 05:00:00+00:00,100139.29768841167,91849.18894019444,109432.71680192358,12436.818783023713,16807.68547451047,17566.990454725074,7993.755946676488,5364.064942438463,5410.880199614152,4467.403317216274,4488.733529084625,3685.1634165902583,3189.822226470074,18727.979398062078
2026-07-07 06:00:00+00:00,94749.17511332428,87314.37245606992,102983.04445154882,11574.064089565685,16237.65311459863,16808.669496421506,7495.622345515504,5096.011437231932,5099.030446940442,4287.380536680052,4200.035524738007,3425.479944794807,3006.9261107601137,17518.30206607761
2026-07-07 07:00:00+00:00,91432.105065603,84676.80490384724,98887.7426763298,10926.099367054347,15777.320029108268,16468.683070174542,7231.586505425955,4910.795872633047,4934.080225679272,4164.324761173274,4038.486992943663,3264.8666788870523,2911.2276136476,16804.633948875984
2026-07-07 08:00:00+00:00,89397.61399556567,82973.08776379225,96730.95208607102,10530.933440980974,15510.443356104253,16244.405234153382,7096.374893200758,4846.939373674521,4727.575589069325,4098.29306342241,3922.9723690448513,3131.7027243099524,2805.949914311461,16482.02403729377
2026-07-07 09:00:00+00:00,88957.07650946594,83045.05208633821,95708.06312782623,10292.641757866657,15471.566810431112,16003.50074236128,7114.551547043133,4884.2386787932055,4734.237789041403,4115.755351962327,3915.6722400509198,3140.177862726983,2826.171618245816,16458.56211094311
2026-07-07 10:00:00+00:00,91026.40810449928,85442.89639026733,97398.58543469445,10360.183705567857,15693.896532722727,16340.08895152932,7271.515680722871,5021.268394577175,4782.9293791500895,4298.011200413818,4081.679607692154,3254.096603205874,3020.818380327374,16901.919668590002
2026-07-07 11:00:00+00:00,94541.80737466109,89295.05392326039,100319.08325509322,10722.670294037096,16174.712241505702,16955.420577795907,7602.193113023868,5241.751478870225,4869.298364787961,4589.106731935615,4341.8142528933395,3357.181340827944,3166.7491144501714,17520.909864533274
2026-07-07 12:00:00+00:00,99408.62773911777,93958.27480337184,105429.28104865443,11386.816200679494,16661.985199081937,17534.83610383434,8002.180824841716,5485.758228709702,5260.754967407195,4903.319547785648,4664.9990826999365,3524.770699873625,3438.7918384900536,18544.41504571413
2026-07-07 13:00:00+00:00,104157.92086328493,97825.54282097926,111234.3131197364,12230.340428786847,17207.866647309023,18259.068253244965,8469.326040598913,5769.635995381221,5305.672235002358,5120.078685759431,4980.201056979173,3711.4012009765484,3592.241982174576,19512.088337071888
2026-07-07 14:00:00+00:00,109041.35402989222,101815.01771469337,117049.20356544784,12903.130104530901,18119.646858368644,19047.275552992298,9001.64270366375,6081.482863309411,5513.178185366885,5400.467077428575,5257.276540245811,3973.6943810467797,3716.7285532464116,20026.831209692733
2026-07-07 15:00:00+00:00,115498.38591893594,107176.91837375694,123918.04585539937,13569.71156408734,18978.095199994343,20166.262665215603,9503.702567652925,6496.741400933137,5816.200761626152,5643.481273344655,5549.349142393959,4148.117577634961,3881.2202984782457,21745.503467574606
2026-07-07 16:00:00+00:00,122633.26356814054,113201.72625096033,132137.37586872937,14473.868297773466,20142.717501700172,20980.239164782473,10106.427115089124,6771.321082678811,6330.694425801333,5824.68726641029,5881.357270395382,4506.583941553803,4159.860042234179,23455.507459721488
2026-07-07 17:00:00+00:00,128695.6029931492,117826.1904697169,139278.4491034131,15271.568530227065,20803.71449728162,22149.57610991704,10622.705268726952,6993.7031678911935,6749.2188781900995,6073.558937164214,6175.6020125504465,4785.467606734853,4354.261210808504,24716.226773657203
2026-07-07 18:00:00+00:00,134220.8360008843,123441.85859039954,145782.40439465916,16140.632589437553,21484.364447180338,22911.413456737086,10954.926981357792,7427.346218930729,7348.157875228595,6295.646498299485,6421.216426055005,4989.742567744027,4507.0090727684155,25740.37986714527
2026-07-07 19:00:00+00:00,137283.50703606528,126261.93139915449,149369.39026844004,17162.77007232438,21852.579349927517,23224.346168103708,11289.665967309342,7483.447542678196,7535.140027836939,6337.561730474106,6462.574737243188,5189.794272780446,4662.171822793615,26083.455344593825
2026-07-07 20:00:00+00:00,139398.02669486625,128407.6100588199,151218.1458882669,17424.491738409353,22128.80415934367,23471.614878198827,11314.247020027828,7551.957485774356,7738.668084198927,6362.158252647311,6606.127814157691,5291.385816772492,4698.8437547673175,26809.72769056847
2026-07-07 21:00:00+00:00,140709.40207823017,129043.06995122848,152562.77290257276,17693.16597477917,22529.98297440117,23537.50015201498,11261.87017317069,7683.518601271739,7829.022489244679,6444.591028874048,6645.665009460548,5340.846848727129,4748.8128555818475,26994.42597070422
2026-07-07 22:00:00+00:00,140249.98967792885,128531.86723710845,152261.31413821326,17276.735967863042,22485.117894092335,23389.49419722531,11287.123178634833,7614.162679173135,7786.566866126352,6400.9634525425245,6638.457066531357,5463.532956680154,4783.157817689182,27124.677601370633
2026-07-07 23:00:00+00:00,138141.58732000523,126140.06737979787,150597.77878719894,17149.34346373512,22120.333524655896,23182.098320234527,11028.272529039574,7396.986800533384,7659.980427855083,6253.399318105707,6461.360769502875,5442.050869052504,4664.105098507432,26783.656198783152
2026-07-08 00:00:00+00:00,133972.97081820577,122746.78218780666,146569.60562387816,16652.37248797543,21595.44150317581,22540.514627352142,10631.468695188432,7136.73744724859,7414.890098849696,6095.952181766123,6148.47103387905,5265.451609522484,4526.992487155275,25964.678646092718
2026-07-08 01:00:00+00:00,130416.03969031785,119636.50513481976,142481.0953475362,16105.581714070488,21199.19704867224,22025.79978485479,10225.848822522768,7012.349286406668,7298.30179851398,5988.358230811413,5869.773187053445,5030.17139405152,4300.651200986864,25360.007222373697
2026-07-08 02:00:00+00:00,125431.11493391666,115183.89152231187,137163.2349714603,15543.830132162311,20264.676063040322,21392.451006308762,9838.031221550953,6841.767067888986,6900.080350058506,5682.174329980181,5623.710941106519,4786.20125153574,4173.680725475322,24384.511844809076
2026-07-08 03:00:00+00:00,117294.23070081841,107866.00643365165,127899.29139052532,14891.00541212487,19281.61923572891,19978.063940701984,9442.07654186965,6274.44412889131,6345.48426548408,5248.369432608823,5180.2972890509955,4468.715183575343,3842.601419017366,22341.553851765093
2026-07-08 04:00:00+00:00,108766.27239324848,100403.80915535189,117823.15249637487,13828.783757781543,18069.209285835743,18686.901933130972,8659.334707263646,5771.3340049660865,5848.106960724455,4897.072954445317,4942.009447419759,4036.8043252838256,3535.2347860760124,20491.48023032114
2026-07-08 05:00:00+00:00,100465.27576992041,92833.76244294817,109012.92539286704,12566.41067713326,16943.88114956252,17519.8497495805,7920.455979357264,5359.364627750563,5426.054532699778,4545.522703483267,4526.963457237616,3705.1967615019735,3187.1222170079186,18764.453914605772
2026-07-08 06:00:00+00:00,95532.87687397696,88950.89966017047,103154.70662536597,11694.709028155903,16351.110298087551,16908.712894636465,7553.581821605583,5037.142794055754,5143.023101387927,4358.6239005868,4298.876207924345,3444.8571863145785,2999.163624527585,17743.07601669446
2026-07-08 07:00:00+00:00,92116.45562952443,86014.57533966195,99223.63190860506,11132.855687374033,15920.901315107141,16509.457091842403,7310.268409065891,4938.357078736134,4968.435687492012,4229.100690273936,4048.6309287194067,3275.848908623973,2911.2820959840615,16871.31773630544
2026-07-08 08:00:00+00:00,89771.71220738204,84019.1170287113,96551.95474889217,10723.942965432887,15532.181011681532,16008.832179982466,7170.01302699955,4899.69950241484,4764.851759179397,4157.255449655111,3925.6512972538676,3192.7406177706694,2800.8292380070375,16595.715159004685
2026-07-08 09:00:00+00:00,89605.00335909042,84212.57030956488,95921.07977506277,10469.31554146886,15582.873185174485,16058.022326859034,7099.468823024277,4872.751113249874,4752.038849288118,4180.972577855333,3932.6529993639588,3168.1111641674665,2833.8784856271054,16654.918293011902
2026-07-08 10:00:00+00:00,91429.2464728632,86341.5064451439,97502.09450400603,10516.334317387678,15768.848022349088,16396.823202394873,7293.40585108119,4957.407911093655,4836.612827160875,4364.407762375295,4086.7108993189718,3267.057558266578,3021.2957555823878,16920.34236585261
2026-07-08 11:00:00+00:00,95154.94051892681,90299.7605948613,100823.7810030394,10832.529991652314,16269.542618745789,16998.018685667834,7612.184571289885,5198.102041786448,4906.748193840213,4666.876875425323,4363.328990234264,3365.359762708721,3124.7159679877873,17817.532819588247
2026-07-08 12:00:00+00:00,99917.90560600859,94881.74372772757,105708.53943305573,11546.47857715944,16750.96751242395,17476.05033563819,8031.732001872517,5455.521133497735,5239.910901414612,4988.507628716273,4692.66669390727,3532.894908378156,3431.781632576496,18771.394280423934
2026-07-08 13:00:00+00:00,104674.04466722743,98960.36718881436,110939.19637886845,12420.277406290825,17318.715546295425,18210.44649955668,8436.83268500287,5669.894411617801,5340.394350076857,5221.721058407631,4998.117197923478,3761.9027216058757,3623.6304549351303,19672.112335514856
2026-07-08 14:00:00+00:00,109715.07281906797,103016.78424415426,117225.54314002744,13194.842678080531,18184.914767249786,18883.848731433685,8920.429035368086,5982.270442348286,5667.178246445198,5494.31425675061,5243.564186202785,3965.328392848849,3760.9807583425745,20417.401323997565
2026-07-08 15:00:00+00:00,115778.77783765527,108276.72500247754,123742.8996498134,13706.806672764282,19066.780950148765,19923.721900887755,9417.628168522533,6391.536606955258,5956.1039137485095,5746.070391562953,5599.072566942354,4141.299357104674,3890.6192864013074,21939.13802261689
2026-07-08 16:00:00+00:00,123004.00052414369,114256.11286356006,131625.41667356857,14677.798963195855,20088.67254156212,20905.906001535506,10043.537609667048,6692.234543474073,6410.803222103343,5934.040559715073,5924.5981471805535,4484.035177315817,4158.355014306522,23684.018744087793
2026-07-08 17:00:00+00:00,129075.40836590467,119042.48115024279,138748.49492255866,15488.934265263499,20753.08101851488,21904.431667794368,10518.318429577359,6943.226528881245,6888.198511524752,6186.762545336154,6239.29832768614,4805.08260031787,4312.72991206949,25035.344558938912
2026-07-08 18:00:00+00:00,134613.05357686966,124398.48299166615,144920.23818378977,16337.55685682864,21517.485091122795,22641.912055372297,11019.525989481695,7304.19499074646,7232.298491092328,6428.381201940024,6460.077336463917,4961.551411616703,4505.176329515485,26204.893822689337
2026-07-08 19:00:00+00:00,137617.70542394705,127284.19931581181,147994.93978624375,16900.702633397425,21862.669938369385,23101.98892769896,11133.866598243649,7363.383966193989,7483.7261835324925,6450.491541378553,6601.644958642903,5223.6498599233955,4621.99438876127,26873.586427805032
2026-07-08 20:00:00+00:00,140314.29491488036,129880.8933357678,150678.80272004104,17580.31736033081,22353.088253199043,23315.796521647633,11242.991734028075,7439.282811778092,7742.329556584486,6500.155735200829,6666.369632035841,5329.464818342905,4710.093180605689,27434.40531112694
2026-07-08 21:00:00+00:00,140829.65605495134,130095.29048298254,151077.38639213602,17385.5887682176,22425.921275223704,23312.477447456647,11265.830316605492,7578.907197200536,7847.550033213546,6562.481127872895,6715.010021059891,5350.1674105247785,4749.1432449781905,27636.579212598066
2026-07-08 22:00:00+00:00,140669.94576272953,129434.3889320413,151481.8096059108,17453.866086234244,22358.633904700233,23173.446443648543,11189.75472010179,7518.966936009678,7774.111719245383,6511.572124949361,6685.345133326281,5472.851277669014,4798.265703629093,27733.131713215927
2026-07-08 23:00:00+00:00,138729.41688843406,127384.90625257966,150085.03539404817,17275.016240499037,22223.34659916215,22961.19758719303,10997.929452887412,7345.624583135882,7657.764518231304,6318.547089596407,6453.594753651102,5430.770945145205,4677.095447563271,27388.52967136924
2026-07-09 00:00:00+00:00,134370.57262408454,123592.58601006737,146027.62972459765,16745.09680469402,21572.0244215178,22328.504857280044,10549.243566718129,7121.729016954529,7478.113086717252,6135.573743028115,6120.807878863749,5241.229127723011,4533.074299036967,26545.175821550925
2026-07-09 01:00:00+00:00,130671.23278148012,120384.63192872195,141847.27340683137,15945.021770451727,21156.466546592612,21840.48672691133,10157.694661467309,7003.794692827525,7328.7331080534195,6031.980964549266,5919.02971513402,5000.917979775752,4305.731003735255,25981.375611981908
2026-07-09 02:00:00+00:00,126454.5134587624,116229.49702770775,137524.12074129193,15500.22602376228,20455.54179959101,21562.64753154433,9845.282196532775,6824.848742262131,6944.76231774199,5686.003731877935,5663.719236360695,4781.755852376169,4176.212097024057,25013.513929689037
2026-07-09 03:00:00+00:00,117915.61377295622,108467.15062685202,128141.64001828467,14759.45138543724,19217.922545198067,20178.666221553394,9365.966763794993,6247.545953090872,6381.288064767262,5316.86479070407,5321.696355086053,4470.155168715472,3846.543310009469,22809.513214599334
2026-07-09 04:00:00+00:00,109502.70717146248,100861.98258899807,118302.69692940776,14027.423864228638,18130.58790490823,18734.79799713167,8634.334018078744,5837.8621384409735,5989.454043261212,4895.215407159872,5063.459396982223,4039.8153673507977,3565.5869131929603,20584.17012072716
2026-07-09 05:00:00+00:00,101225.7301422414,93438.08633702729,109104.71433986278,12743.418050564907,16964.06758854085,17566.029146832843,7954.27902113417,5408.845177353109,5513.005541494981,4580.1083514374295,4603.467534701973,3709.9855042410086,3207.490684358523,18975.0335415816
2026-07-09 06:00:00+00:00,95982.32739554251,88906.00157652817,103378.15014209067,11738.932877040857,16307.81824019922,16894.797608459387,7558.983547097628,5112.003096858258,5217.532374902582,4375.951437626557,4336.865211988114,3455.40381662459,3025.23383822118,17958.805346524143
2026-07-09 07:00:00+00:00,92824.7001480355,86302.81798511524,100002.37207209096,11209.746509372739,15931.418730403275,16524.691777545144,7342.329459223082,5033.516216036765,5061.555907291981,4277.2492356273315,4142.461116193408,3313.919847052287,2923.865097535335,17063.946251754154
2026-07-09 08:00:00+00:00,90645.73149438945,84551.6429150864,97527.19680328776,10742.379915702568,15636.624416427225,16093.125062318015,7209.587663385049,4936.098331086867,4940.98380161495,4194.838593093778,4026.2974879086933,3201.4143367790984,2825.187829001412,16839.194057071785
2026-07-09 09:00:00+00:00,90319.42363677791,84718.1434142217,96842.61730782552,10494.963619291779,15645.914687331213,16172.505888156611,7150.734825772436,4913.843844798352,4853.417521579846,4207.317570434932,4067.447380628334,3183.9223996245482,2855.844227057227,16773.511672102635
2026-07-09 10:00:00+00:00,92424.1913314555,87046.62114326142,98652.82401920462,10549.047373148607,15848.425920510716,16508.461924563446,7362.361585641527,5013.2350429970475,4953.234383841488,4404.963157855474,4202.163551137662,3292.34610748839,3046.290286907646,17243.661997363477
2026-07-09 11:00:00+00:00,96007.95668544568,90811.9750296526,101848.38849089236,10854.262896567692,16327.97692287193,17060.683614903803,7683.771878599419,5268.852235387045,5130.999509013922,4686.99300901467,4432.917829699901,3392.4819680443816,3248.274952917799,17920.74186842514
2026-07-09 12:00:00+00:00,100606.19807518233,95374.80541946855,106549.15725620968,11552.650490794746,16739.164146175513,17570.401986070076,8131.131165091956,5515.828236933654,5417.653871898005,5020.469013461864,4741.179069424094,3590.850173883763,3448.166905330796,18878.703016117874
2026-07-09 13:00:00+00:00,105471.71490458795,99415.45037415964,111888.77014185321,12401.194341418777,17361.771668604266,18290.333444089036,8528.315999055178,5769.071170389747,5548.191115552694,5245.458925765129,5066.2460787961145,3780.0767871611574,3625.5380721351366,19855.517301620715
2026-07-09 14:00:00+00:00,110277.08499170402,103166.81135832187,117946.07016764578,13187.758803658437,18193.328909920696,18906.759363547022,9001.916324562175,6059.866515838692,5886.657852536968,5504.110625684028,5379.19174396827,3990.8506603324986,3745.6715398076612,20420.972651847584
2026-07-09 15:00:00+00:00,116875.14362655311,108947.18321539942,125130.53332093463,13676.621293178952,19149.15838265842,20084.051982929323,9563.92188135571,6466.911189056147,6109.415091469826,5771.881217688973,5650.20398380266,4229.882713043977,3910.5672811394425,22262.52861022968
2026-07-09 16:00:00+00:00,124060.1789455632,114728.00683551663,133030.65694745188,14578.45707352817,20326.71357110678,20974.10101992499,10356.136458531228,6749.809341810351,6568.362413011137,6011.726981583992,5956.472696996913,4513.6411102235625,4208.351116498185,23816.40716234787
2026-07-09 17:00:00+00:00,130433.4245036761,119860.54924405248,140563.40298552308,15546.673167159286,20996.79584047497,22139.123686394185,10907.301228732273,7025.219786657511,6922.574062218527,6236.514577971301,6269.233823162959,4810.833400835472,4416.970097867104,25162.184832202507
2026-07-09 18:00:00+00:00,135976.67273455468,125539.19720815438,146512.8865933676,16551.045453050923,21562.679278542808,22779.19908157348,11369.952655215266,7419.916580112446,7397.638940429466,6386.856552257348,6543.133672645131,5089.219229850403,4594.5704739087005,26282.460816968713
2026-07-09 19:00:00+00:00,139128.08454193125,128403.433497063,149929.83980110125,16980.88712700707,22227.316930855155,23162.286397307103,11509.302653635272,7532.232795777962,7500.011764256304,6408.14355705754,6695.732192071544,5279.161402650073,4685.644661075719,27147.36506023751
2026-07-09 20:00:00+00:00,141413.63588778075,130723.77566198175,152345.35992287844,17338.638556741866,22422.18636089805,23420.286745197063,11558.67038886386,7625.763110812718,7822.808193918847,6459.415716151632,6819.1919118180185,5376.49236912787,4816.957095116899,27753.225439133916
2026-07-09 21:00:00+00:00,142079.70001821773,131006.29341351523,153089.2340446568,17468.456226720624,22446.95213472094,23401.00377327359,11640.201301000367,7740.784827111495,7967.633839149615,6508.097294841495,6761.533649686437,5375.940911602583,4769.062677859526,28000.03338225105
2026-07-09 22:00:00+00:00,141927.27166663363,130180.29011664467,153217.9188189736,17640.222525243804,22573.937128821315,23265.026070460535,11493.025091324831,7574.9513344532215,7977.77212780197,6482.6672265132165,6723.559422630892,5450.540752669949,4820.58890428552,27924.981082428392
2026-07-09 23:00:00+00:00,139898.79025697184,127741.12105580716,151341.57042138404,17476.73327687869,22445.254138389028,23045.23392406481,11234.883825376222,7397.418248486122,7845.684813627403,6252.620605165295,6483.329146511015,5446.053889535321,4714.882232597575,27556.696156340335
2026-07-10 00:00:00+00:00,134780.96723444696,123472.74671854348,146556.11507331047,16571.59869981702,21821.447679982568,22443.45358215884,10712.416420204117,7158.79121215661,7526.840557186612,6067.031264459318,6156.224993405053,5248.662080051228,4534.386640781728,26540.11410424386
2026-07-10 01:00:00+00:00,131244.0259704303,120273.02305414584,142746.94864712632,15995.375912304096,21327.23615870922,21966.2595007156,10355.796688207274,7034.655854156827,7405.735352698788,5964.4974082095605,5937.8393723567115,5031.481632511619,4307.345494454719,25917.802596105877
2026-07-10 02:00:00+00:00,126729.79603374097,116407.60573743642,137896.14810875026,15402.663800181428,20605.340794331656,21562.78109436217,9894.949387013827,6844.469292780079,7131.833847237472,5721.967175853363,5699.905770129779,4763.768802586254,4178.416853078345,24923.699216186575
2026-07-10 03:00:00+00:00,118323.20746631015,108434.25346693609,128670.41837041188,14849.48027197831,19350.13344692992,20133.02857769332,9416.492534810757,6303.1515604239585,6513.926345467117,5257.568859610445,5369.709606433303,4453.417651071925,3854.1831274401775,22822.11548445092
2026-07-10 04:00:00+00:00,109430.98155212405,99328.5073788728,119728.57672625425,13918.63810421095,18133.77724621214,18747.203046792874,8513.486270380452,5853.215533728203,6069.261483872896,4891.523548679077,5053.675870227578,4026.9462094699948,3548.5011225197086,20674.753116030166
2026-07-10 05:00:00+00:00,101444.57197099346,92093.51594039385,110987.40089696879,12703.781877909507,17039.341634504402,17559.06111224732,7939.659449069754,5448.422595616266,5585.609161746167,4599.357323171834,4626.6535814028275,3708.6412530469984,3219.893679750703,19014.150302527687
2026-07-10 06:00:00+00:00,96453.93288339733,88187.91500925279,105584.85994823654,11794.030003762764,16433.29773132396,16970.371069135213,7531.483892972069,5129.7755711344225,5315.7032123390945,4423.398272797425,4368.6048098879255,3461.5288338413475,3031.0796518630236,17994.659834340066
2026-07-10 07:00:00+00:00,93069.68828079858,85347.44738220514,101522.83185104224,11074.788320450029,16061.142146339811,16490.827035830294,7284.715001903828,5049.40834172747,5123.679218983481,4322.811705007359,4208.761230519972,3310.704996781426,2926.8278362757674,17216.022446979146
2026-07-10 08:00:00+00:00,90547.1288242017,83274.2840776761,98605.96666919668,10722.40535407608,15575.789004334285,16131.603819468954,7165.655900840191,4931.404024575007,4966.385552480413,4215.709106491468,4035.9522903731695,3191.520484233632,2820.8108176973487,16789.892469631137
2026-07-10 09:00:00+00:00,90326.42082480129,83320.45830507293,97919.36899648364,10564.805366977169,15644.932312707504,16243.172970779195,7098.337507447577,4914.843156543679,4884.315863168861,4219.445981458396,4044.0559544408397,3172.64794474229,2853.1720496456624,16686.691716890098
2026-07-10 10:00:00+00:00,92144.93488554348,85548.50190828535,99620.40760586245,10579.964470309911,15865.133890818559,16545.589866749462,7286.5478007668935,4979.940430941101,4969.269264290936,4350.817264327021,4182.5193037375675,3279.0662927276503,3033.250179259421,17072.83612161493
2026-07-10 11:00:00+00:00,95607.60652722692,89407.16916404798,102462.7684163949,10827.492789255655,16299.288738850722,17123.15272669314,7577.948970245313,5223.941901550858,5147.920100401203,4599.690247043595,4439.261211967518,3358.146745560219,3252.4673469018458,17758.295748756853
2026-07-10 12:00:00+00:00,99890.35025649381,93719.32611304862,106559.31438844568,11437.17347090293,16733.74639463198,17555.167284899966,7979.912232518948,5459.841070014219,5405.259426000446,4918.102442876366,4736.1175481138525,3529.0557099269163,3431.5688690734523,18704.405807534728
2026-07-10 13:00:00+00:00,104724.31362872927,97585.39564551417,112304.00391042072,12146.36712355621,17322.01136103166,18216.29025088433,8425.854234683211,5685.869471436264,5539.871447289257,5118.581193430453,5100.9727381395305,3751.8756284130272,3599.220440648821,19817.399739216515
2026-07-10 14:00:00+00:00,109921.02673242553,101593.89224894441,118639.3530630316,12983.941596430119,18222.367542427153,18848.7789872204,8922.336481959834,6030.312637452892,5919.857945843337,5398.883307920197,5368.745053606898,3994.6839323940917,3755.5017225328493,20475.61752463776
2026-07-10 15:00:00+00:00,116348.59321989419,106959.12821886882,125507.64880432693,13547.124574360652,19189.279504981943,19968.60750579597,9397.879320475078,6404.769335460537,6219.179494688192,5638.831937800463,5601.716985894276,4246.7539493502045,3934.073157039534,22200.377454047353
2026-07-10 16:00:00+00:00,122945.27568045321,112134.90642603295,133350.9830605839,14374.574101341059,20266.42179682856,20832.28562328997,10104.844089697335,6767.7657005924375,6549.309249928177,5877.909288690978,5948.364280042041,4434.182968732069,4237.112617768757,23552.505963541833
2026-07-10 17:00:00+00:00,128957.42293787547,116927.7916219309,140366.0987657695,15268.472974687364,20877.210128969797,22054.28661738237,10641.155941202762,7006.880458050985,6920.314758736042,6097.577989038959,6147.838192473013,4744.361619732904,4394.542282212531,24804.781975388752
2026-07-10 18:00:00+00:00,134588.5736146808,121827.94417460935,146220.10775993913,16303.050106921495,21534.372571397478,22741.29146292389,11184.649070373107,7324.985566812428,7339.677457999295,6252.322146053235,6434.794543450202,5007.141652723117,4530.596774819081,25935.692261207478
2026-07-10 19:00:00+00:00,137624.7020005699,124608.16039831484,149794.22928393786,16836.037384505576,22107.767113292077,23148.397824986878,11311.825841817641,7427.130342351455,7470.428534224861,6281.420743871459,6573.18194498449,5205.736608220979,4665.934048915041,26596.841613399447
2026-07-10 20:00:00+00:00,139816.2078509825,126708.86373885343,151748.0209272241,17070.111540671543,22333.12275794989,23339.967926752874,11412.153951105718,7569.005218527613,7691.9292473872865,6312.715206069753,6694.453638326364,5293.162238566472,4810.565300038391,27289.020825586595
2026-07-10 21:00:00+00:00,140314.9632054753,126329.65315725816,152566.408444614,17188.957070460532,22385.368507924442,23307.24612872225,11362.263550651007,7648.895557709198,7863.98999806935,6351.518153013351,6649.312367470452,5314.352313854107,4717.507031552292,27525.55252604831
2026-07-10 22:00:00+00:00,139471.38432944004,125195.00139074762,152105.47022566086,17138.513461522074,22386.821789297916,22994.207468957033,11204.853337687347,7509.871460194577,7838.68363663109,6270.020621292479,6641.594379534365,5370.72100670268,4793.373772625549,27322.72339499492
2026-07-10 23:00:00+00:00,136273.38290163886,121518.19018652014,149403.5930426762,16699.378492523476,22184.397358883165,22400.749508247216,10721.213339047416,7295.489978438015,7692.891348189763,6063.186824403037,6394.030574168598,5312.801466405829,4695.460781499527,26813.783229832818
2026-07-11 00:00:00+00:00,131354.44230740372,117355.4131278852,144954.24359694825,16189.866579569461,21455.201795972494,21853.30648706137,10178.63761273909,7011.058147610706,7406.532489614814,5831.883049523966,6049.697103812156,5106.730159103308,4463.798402556819,25807.73047983954
2026-07-11 01:00:00+00:00,127337.83792243137,114484.96147418753,140099.5066698197,15477.546421890922,21028.928782959938,20981.162168482668,9808.481353651812,6900.163881480307,7294.736838101888,5753.440110392257,5763.678859469745,4963.473289256657,4250.103785140315,25116.122431604872
2026-07-11 02:00:00+00:00,122503.48530491574,110158.47854795156,134685.60727934254,14853.834371941186,20326.325347921513,20548.305189142644,9408.955970357,6595.245681038304,7075.392643893641,5373.938423537749,5573.864415444651,4701.775153670393,4135.206045410483,23910.64206255818
2026-07-11 03:00:00+00:00,115299.93919839512,103590.13391961479,126941.6116015916,14454.387181303173,19209.050633833525,19511.57342109583,8867.861305064293,6161.709602211216,6532.428906843691,5087.700295154292,5233.217857322882,4445.615699442598,3770.8416169611824,22025.55267916241
2026-07-11 04:00:00+00:00,105374.88912734331,100625.86899342485,110332.64120341328,13182.621092896074,17905.033430354273,17889.122969358432,8050.592622561053,5700.847848090718,6037.271329904012,4610.861101315138,4786.707965344151,4087.4546900072105,3442.208533661006,19682.16754385124
2026-07-11 05:00:00+00:00,98383.09136789505,93908.3747857613,103341.80733433673,12208.589773674472,16873.918941918855,16957.269363666182,7555.416508052605,5239.841780659574,5516.341755777548,4296.510632298754,4485.120300515788,3735.0082349564873,3216.1275235317826,18298.946552842994
2026-07-11 06:00:00+00:00,93331.17324521752,89120.15841772669,97729.53552878721,11464.109183202976,16324.55819502132,16047.245178371022,7211.001252663218,4941.634896618437,5317.300097895714,4123.500562596333,4224.256666470508,3495.9407064422267,2994.539484671598,17187.08702126417
2026-07-11 07:00:00+00:00,89191.0832642181,85176.03018419998,93781.9975446513,10831.63297292169,15544.605355277963,15539.608880846115,6841.189905549641,4771.974461816565,4998.502528698111,3984.2404646762006,4067.569815063011,3309.3112454927777,2916.427090238866,16386.020543637176
2026-07-11 08:00:00+00:00,86539.9663700027,82736.58017410984,90986.26602376427,10434.937047122487,15267.29787337506,15178.429726330141,6701.733918188602,4621.027989318585,4813.282985170377,3891.07587239353,3914.4815666768077,3129.379879514264,2751.3403527761566,15836.9791591367
2026-07-11 09:00:00+00:00,85672.93960688797,82092.90514893919,89642.22413513815,10174.989633933441,15130.730959162425,15170.740063816434,6679.3843837967515,4575.57211615254,4683.405032988642,3883.020552432394,3858.198766735927,3084.1416452267604,2734.387605441599,15698.368847201049
2026-07-11 10:00:00+00:00,85853.8482949428,82385.01143305909,89815.8092808371,10083.989670046409,15066.903213265467,15227.11467247367,6688.753941141027,4655.664891945813,4693.456394512824,3955.156122480515,3882.9823985313737,3087.1212463821353,2763.8689152415723,15748.836828922014
2026-07-11 11:00:00+00:00,86149.93263236694,82849.24160213137,90101.1863182928,10157.206466704063,15247.741002746847,15220.535228560439,6685.463350316572,4644.188047453529,4595.909312234131,4044.5690656393544,3925.211834642683,3036.706276973566,2773.567853483819,15818.83419361193
2026-07-11 12:00:00+00:00,87724.88395381709,84386.756344078,91605.94145420635,10066.092910542427,15576.99479128243,15429.563697363204,6789.585147210694,4705.2285321017025,4737.836511681914,4110.388225182295,4156.628569267368,3188.068466187939,2912.9471311442617,16051.549971852857
2026-07-11 13:00:00+00:00,93062.0051189011,89586.58054789188,96783.64091017267,10540.290728627226,16344.84907091001,16340.58580118137,7200.246384191905,5074.589573101171,4906.5536322987355,4434.7106535611065,4520.740086221009,3370.015010955238,3067.183286576274,17262.240891277066
2026-07-11 14:00:00+00:00,99179.42397626696,95751.61064698445,103380.70670183371,11253.343541000218,17394.8111854834,17101.938859340346,7650.098558916789,5460.426926334658,5113.757848224105,4845.2860945419,4825.934498437379,3642.4389380668795,3331.150029391887,18560.237496529408
2026-07-11 15:00:00+00:00,106174.06574807799,102175.34970601345,110456.80483030772,12130.72848172183,18299.79441624164,18199.081295002998,8451.603869450215,5829.060290064686,5427.761440546861,5116.804068652126,5092.822481211276,3984.170610464619,3506.375452947693,20135.86334177406
2026-07-11 16:00:00+00:00,113473.45801433247,109835.6892538401,117328.04402903316,12982.152685435556,19418.668152597398,19116.200989889756,8755.28726492423,6312.335895135534,5993.099696469455,5388.641426107834,5439.905583278384,4292.448318001217,3832.9853129453986,21941.73268954772
2026-07-11 17:00:00+00:00,119340.86573627127,115726.91346331176,122940.4487480604,13754.522952425965,20085.467054048255,20260.381070122385,9038.450004718272,6552.345539096426,6368.107747702177,5610.009811151306,5700.0409772491985,4569.7515751766,4139.850465561154,23261.938539019542
2026-07-11 18:00:00+00:00,124005.63149607662,120576.57410842339,127678.95926826997,14503.509901919952,20698.426973478643,21011.37829928563,9585.060450978011,6824.119929202341,6601.357892746619,5684.3847112579415,5969.925288243486,4846.787637295242,4240.360418714842,24040.319992953926
2026-07-11 19:00:00+00:00,127039.3356061872,123446.04506904075,131092.5332362726,15181.360781080844,21238.576847495548,21513.629397766832,9685.332294802703,6923.1904829783325,6754.296642765065,5755.259303595144,6046.709863388935,4982.397369735292,4321.385077048962,24637.197545529536
2026-07-11 20:00:00+00:00,129598.8043076993,126387.66724587145,133568.18179972866,15367.88886456241,21471.42110177882,21561.586739737926,9956.189282698346,7079.461924545279,7104.727125015549,5788.247291436518,6197.673238881778,5111.722749574129,4415.781388032193,25544.104601436367
2026-07-11 21:00:00+00:00,130700.94273724218,127851.59549721141,134393.16875306374,15603.795634182616,21414.041938841925,21710.1267690076,9993.191192144172,7208.216075116445,7344.406227423883,5879.08680185751,6214.786406406931,5244.756476309418,4447.868190323655,25640.667025628027
2026-07-11 22:00:00+00:00,130284.31013040872,127753.7381721633,133561.9401494957,15537.904577765401,21690.93124999757,21422.40741923644,9746.393537936388,7079.008598243937,7414.3989108729775,5840.928295561816,6193.911599047065,5215.252932201761,4444.826621495973,25698.346388049413
2026-07-11 23:00:00+00:00,127058.29460459031,124536.68685233666,130454.03981972039,15225.826889653374,21413.805494207838,21052.201655882654,9353.808227219552,6865.98451889073,7136.998483205448,5631.178846677694,5952.8939867083245,5168.2184425158175,4371.133833035482,24886.244226593397
2026-07-12 00:00:00+00:00,122626.55112477289,120510.0044722321,125809.46263649923,14702.469514587152,20737.645728767915,20364.288087083096,8986.490090654326,6647.045710688616,6872.178988319576,5414.103801493972,5736.638075181575,4925.537233318131,4211.705168163344,24028.448726515195
