utc,total,p10,p90,CE,DOM,AEP,ATSI,AP,PS,PL,PE,BC,PEP,REST
2026-06-29 12:00:00+00:00,99966.32106339713,98469.64490065235,101462.99722614163,12489.826354411496,16853.793370604497,17940.987063510638,8142.068068037936,5463.578943649201,4938.9004995950345,4790.25235259083,4335.10515033564,3434.4854174261486,3262.513389556045,18314.810453679653
2026-06-29 13:00:00+00:00,103641.46995979258,102144.79379704785,105138.14612253713,13046.480788484934,17541.525975011857,18353.577274440384,8471.711515872412,5683.236418081814,5180.316294319875,4960.407495403909,4571.001598331929,3545.6161565210004,3397.9239046997413,18889.672538624713
2026-06-29 14:00:00+00:00,109166.37275292745,107669.69659018269,110663.04891567197,14357.868990358942,17849.98229028472,19207.20811046395,9098.86251518038,5929.985653588278,5435.430031274193,5160.634543553683,4907.559226162019,3682.895750760156,3604.0591841778983,19931.88645712322
2026-06-29 15:00:00+00:00,114822.44844811733,113325.77228537272,116319.124610862,15056.328912605164,18300.10351341663,20469.379812445877,9545.909814251412,6333.42849291433,5718.569668809916,5371.781645148088,5244.337339343013,3913.237884167983,3760.1067535748366,21109.264611440092
2026-06-29 16:00:00+00:00,121486.51615985512,119989.83999711058,122983.19232259986,16262.399192843319,18795.86071797054,21321.948872512836,10315.355907883042,6635.198774316906,6289.758698805227,5634.620834172921,5497.88425958151,4203.736013713959,3932.1848018986325,22597.568086156225
2026-06-29 17:00:00+00:00,128420.6389045883,126923.96274184373,129917.31506733301,17653.850481810103,19500.780599249185,22217.064410795556,10977.173342543078,7180.786672969412,6794.843461704017,5963.16458717552,5857.225354689078,4466.470997076571,4166.368897148066,23642.910099427743
2026-06-29 18:00:00+00:00,133034.60451932362,131537.92835657886,134531.28068206814,18707.54855194214,19791.722168437773,22877.83414696079,11132.155175289827,7516.060434557187,7133.1689622886815,6228.73302985998,6098.634252351859,4697.608226833036,4356.775901152869,24494.363669649472
2026-06-29 19:00:00+00:00,137266.53578877856,135769.85962603413,138763.2119515234,19348.64509939541,20219.15937011446,22997.198391817456,11454.797818856247,7734.731040574361,7533.4103774130235,6298.8035019773615,6289.278037734055,5051.751155783116,4493.386784352252,25845.374210760856
2026-06-29 20:00:00+00:00,139735.27198633214,138238.59582358727,141231.94814907655,19692.93075163382,20830.71517014316,23100.04266710362,11386.673946644776,7882.299447755496,7829.246091275677,6356.301082915283,6524.49686365078,5177.150010722454,4625.274715098793,26330.141239388267
2026-06-29 21:00:00+00:00,141792.31047265406,140295.6343099095,143288.9866353988,19959.493041980622,21166.449415246596,23144.81332695708,11519.04717655249,8038.685520162075,8070.532669315624,6421.549149674085,6632.169381389835,5308.855443855725,4811.035130604284,26719.68021691565
2026-06-29 22:00:00+00:00,142866.85429283525,141370.17813009056,144363.53045557984,20239.290447769585,21144.09355817478,23097.454073337678,11739.437746310705,7946.962897039747,8227.841047634894,6559.626131042549,6651.280760227399,5477.620648374663,4904.3835080182935,26878.86347490497
2026-06-29 23:00:00+00:00,142001.7959752875,140505.11981254275,143498.47213803203,20361.63565596814,20867.435218716324,23132.993224180962,11811.212044368174,7918.733630274999,8030.165179322504,6448.6540292705995,6378.414508807055,5399.799529545489,4805.344018228183,26847.408936605087
2026-06-30 00:00:00+00:00,139667.14400169114,138170.46783894624,141163.8201644355,20041.789572768845,20501.55073203203,22854.583240841916,11634.57174805114,7622.21266845911,7894.435680885097,6351.712374736061,6104.9172059271705,5219.52784517949,4610.550395994563,26831.292536815727
2026-06-30 01:00:00+00:00,136451.7617702115,134955.085607467,137948.43793295627,19838.67636141957,20209.927073537565,22631.07070641751,11447.894302334293,7555.826730926349,7639.20317398855,6149.423813806399,5815.133232384132,5032.680053790886,4329.707213985149,25802.219107621087
2026-06-30 02:00:00+00:00,132395.36520686277,130898.68904411816,133892.04136960744,19335.072540074587,19565.141574813464,22373.358166830953,11115.431566987063,7388.840898470431,7348.992212816954,5886.54353242836,5641.274234563626,4827.978699292336,4187.412004549493,24725.31977603553
2026-06-30 03:00:00+00:00,123837.27423442884,122340.59807168404,125333.95039717332,18774.131686953686,18544.630506521946,21041.38048675595,10639.76823528951,6883.01504154815,6581.989453177583,5405.536150749963,5277.164313607596,4367.561938083617,3743.616684570724,22578.479737170124
2026-06-30 04:00:00+00:00,114805.53952863232,112556.35252745818,117250.42767112597,17444.372146260965,17307.122925069103,20066.61859199019,9843.108322261538,6038.293005205221,5963.80611003828,5025.822069682238,4754.541598836966,3963.0853377938624,3382.864274358435,21015.905147135516
2026-06-30 05:00:00+00:00,106973.03751501549,104677.34261988319,109277.66440532767,16466.942105004076,16321.459347095646,19069.860609019244,9157.737688630372,5676.527509292695,5535.777976736988,4618.573007895371,4414.886781081444,3621.866697200475,3001.060554282073,19088.345238777118
2026-06-30 06:00:00+00:00,101127.06654800591,98770.3812406189,103608.39886912314,15307.728078744036,15688.6313606304,18122.165192923105,8742.26086054098,5391.706700988349,5191.193321161623,4468.535506780878,4115.649184492265,3391.3491682283834,2836.178794013027,17871.668379502862
2026-06-30 07:00:00+00:00,96440.23635952242,94092.4858249703,99015.02465393806,14129.201152421505,15347.042145266249,17646.72054853246,8175.97794964588,5187.898094183783,4906.129587602736,4271.243690758886,3871.915019186385,3196.9907830917978,2759.945463125322,16947.171925707422
2026-06-30 08:00:00+00:00,94062.06728338823,91869.89582604665,96505.83033542288,13798.186933844401,15141.457694022229,16973.154638561446,8043.426927387091,5009.721255393121,4775.338746256495,4180.298335393483,3807.8944485530183,3109.4945488367266,2718.8985205355807,16504.19523460464
2026-06-30 09:00:00+00:00,93436.3348323584,91187.49704083365,95839.82738122226,13456.05898882892,15229.237183091438,16815.48836063193,7981.621894591833,4979.133669052333,4755.0409510460895,4172.077528213409,3831.615513511645,3102.2749859869286,2727.52973504501,16386.256022358888
2026-06-30 10:00:00+00:00,95063.14393387381,92817.13832257396,97571.07033196714,13428.409122202293,15474.774962010299,16908.187435725045,8260.60770383698,5136.774953202299,4779.9382889192875,4341.971273618503,3921.8979274786957,3172.755350007446,2828.94254106134,16808.884375811624
2026-06-30 11:00:00+00:00,98769.05526821752,96654.91261508406,101081.22409758589,13804.075147988848,15951.084529106141,17508.345341178003,8541.725621968197,5364.478213855249,4926.196664053894,4642.5016648822975,4154.470305835393,3296.8390969824395,3067.8328575727405,17511.50582479434
2026-06-30 12:00:00+00:00,103601.61377775563,101593.30327038447,105641.60371903588,14286.701388146717,16352.987096512836,18166.010508680414,9045.897773342254,5756.264966866819,5171.22855976835,4980.715149057521,4435.002842809392,3449.665360750302,3238.9982780680966,18718.141853752928
2026-06-30 13:00:00+00:00,108090.84064177836,105829.8024290517,110698.73247474598,14776.738716133072,16813.7688735362,18891.13490336934,9568.919208415577,5970.620716755351,5403.538283476755,5226.945801225887,4792.688432223537,3553.7730335943193,3389.1327187332136,19703.579954315108
2026-06-30 14:00:00+00:00,114562.98648310278,112187.83234208234,117196.74025430587,15747.101639389855,17495.056944516862,20168.51683322016,10288.346647730657,6332.887086115858,5650.019309049491,5466.880246560854,5098.7128821724955,3746.741220237301,3580.899560652373,20987.824113456885
2026-06-30 15:00:00+00:00,121322.77837193817,118856.5360557513,124077.8277098944,16573.97887761132,18222.203405759894,21396.251848367032,10906.113405580725,6792.378543293523,5971.514282524192,5664.314841363386,5467.705726178132,3922.476897487349,3748.999409645041,22656.841134127582
2026-06-30 16:00:00+00:00,129752.54290506725,127208.90220045821,132299.59338480973,17805.3192139234,19315.429946910455,22761.65613157148,11785.109785805966,7353.568333552805,6471.184263913151,6007.1091664674195,5846.422348114302,4224.209076587208,4006.737307954491,24175.797330266574
2026-06-30 17:00:00+00:00,135761.98462113988,133299.10713677702,138342.8318771323,18843.650709079047,20177.874871715776,23450.751284674443,12157.79995201174,7629.912799505186,6878.13402264469,6259.70154988591,6113.45268489717,4470.884266348786,4214.32591975348,25565.496560623647
2026-06-30 18:00:00+00:00,141468.89689662418,138970.5021101764,144169.68465707838,19559.131483645917,20840.723807712428,24204.139870350682,12557.863515831168,7920.3546292354795,7332.421850867885,6531.453238356523,6257.371222023641,4715.1539234602305,4332.765759727083,27217.51759541315
2026-06-30 19:00:00+00:00,144613.7178963902,142117.64622706693,147257.1585038708,20462.41714072958,21186.616408898106,24442.628543569215,12666.00559332729,8173.253032024584,7542.124329725079,6585.75459878966,6419.413534970715,4858.169413439816,4475.69342310105,27801.641877815113
2026-06-30 20:00:00+00:00,146594.39381199054,144018.49652329608,149244.1002819487,20699.621642821865,21712.272079931954,24475.16108734316,12674.379167448125,8277.168775410863,7823.73703249215,6634.104810216912,6447.022097654608,4999.568328255954,4634.937780299748,28216.42101011522
2026-06-30 21:00:00+00:00,148251.3838405445,145779.4451918642,150865.5842989931,21226.26799323272,22045.365080311305,24408.38627678725,12701.40857949243,8210.458271941312,7940.647647549176,6626.737338729982,6611.585153084022,5136.361466408954,4759.0028445511025,28585.16318845624
2026-06-30 22:00:00+00:00,149083.67223870195,146405.61902001535,151857.96891644408,21337.253909424206,22089.40590659369,24287.03226388524,12624.245504463135,8276.465780100138,8107.116531343455,6584.294624538255,6551.552605792723,5230.173873843181,4774.413705633637,29221.717533084302
2026-06-30 23:00:00+00:00,147679.67555818392,144822.24478659345,150623.16647604175,21019.117061979407,21852.638216577732,24149.759202800145,12736.88965918619,8196.08999066399,8007.458132400398,6439.161573147494,6383.327273879404,5193.132555785353,4625.6116658119245,29076.490225951897
2026-07-01 00:00:00+00:00,144946.72035276753,142195.54348461764,148111.31602671967,20776.621620861188,21418.11018133904,23884.54049837687,12624.820664308823,8028.658949672625,7796.93516987142,6316.527316379072,6134.56143971706,5067.38318073228,4492.6742470853,28405.887084423848
2026-07-01 01:00:00+00:00,141884.78190836875,139069.3048775934,145068.0610551835,20439.48771802495,21221.716412403523,23599.35218408895,12527.89584016551,7866.809788562584,7463.480781971538,6142.776370105181,5938.5649000479725,4756.021954051654,4233.572755727532,27695.103203219354
2026-07-01 02:00:00+00:00,137679.7916267385,134975.21924138154,140698.28993223063,20061.24836730842,20428.323793325904,23507.135463625535,12124.649847980028,7690.239212087182,7135.697826801184,5961.200153548734,5704.73138218393,4607.690771354894,3973.6770286411816,26485.1977798815
2026-07-01 03:00:00+00:00,130025.65777232588,127033.30832077512,133287.62339920393,19338.931749983763,19227.064130135223,22156.728190373142,11317.243733589348,7171.280414603059,6660.87169452023,5618.483461776717,5280.821139472756,4274.675426687407,3774.388824005046,25205.169007179196
2026-07-01 04:00:00+00:00,119963.59237600275,116387.76462730655,123998.79327733294,18183.55056337114,17964.225249328138,20431.413585094804,10777.959759607727,6666.268491518755,6187.5690025509,5128.631589460556,4870.603298552314,3948.9014322006506,3353.2271122685065,22451.24229204927
2026-07-01 05:00:00+00:00,112081.75080739561,108491.68822873516,115935.52689729551,16649.369321436865,16845.640632742507,19395.636538746672,10360.329666160947,6164.795439483425,5716.622124317872,4867.772042090708,4491.537500121276,3643.03545758066,3165.842580389524,20781.169504325146
2026-07-01 06:00:00+00:00,106210.10233903528,102659.59406561645,109865.18691597458,15715.002710630559,16159.726694039711,18876.50756309536,9314.656959644093,5834.114265183266,5432.270210163632,4569.55518035159,4330.170945247162,3358.1182416325005,2926.3215670453956,19693.658002001997
2026-07-01 07:00:00+00:00,101854.73237951234,98490.58524167766,105636.2874876439,15125.179981135052,15760.293030437053,18051.992000683957,8809.363196584816,5511.945957599432,5246.888240583147,4432.9872982687375,4143.691466194842,3194.5041493426716,2869.6165571785373,18708.270501504107
2026-07-01 08:00:00+00:00,98762.62799632688,95430.14505697125,102580.33601835075,14492.37788956035,15499.734528234294,17159.30533254039,8464.247409630927,5449.536681799293,5076.606078547202,4386.054844146034,4058.6227145193143,3153.149550506078,2829.289290887016,18193.703675955985
2026-07-01 09:00:00+00:00,97896.68554380613,94622.35907626816,101509.35744644351,14003.055890877073,15486.92561401586,17130.582653870733,8529.755116373695,5413.933222268678,5070.363425751506,4385.847429061353,4052.6346096239513,3135.509667201786,2814.6983546038737,17873.379560157628
2026-07-01 10:00:00+00:00,99236.90695039349,96004.44872347916,102750.91207549255,14000.994228407035,15704.401956002628,17006.209158888705,8484.95027743033,5486.194296621266,5161.979297555539,4565.51142426329,4233.189209863643,3253.9233193750183,3050.9053710677094,18288.648410918337
2026-07-01 11:00:00+00:00,102626.94395920091,99708.87186766962,105875.89925525399,14510.976413805334,16078.125380701813,17521.77101940633,8638.95047565162,5597.0426457107715,5268.026284750556,4883.639631155149,4460.839305195681,3349.204701148827,3291.6938789740843,19026.67422270075
2026-07-01 12:00:00+00:00,107157.71139291693,104261.72318654609,110496.62207625767,14769.361729874594,16500.054574006732,18304.430916291574,8982.324591830995,5920.165619727873,5574.859278795731,5202.723805385271,4859.451581648341,3579.438733714069,3458.3477451571875,20006.55281648458
2026-07-01 13:00:00+00:00,113336.85856848475,110293.1835939149,116728.47152318916,15742.053203421212,17146.926803651804,19489.205379188254,9670.326999005592,6416.512985701792,5762.813863992851,5524.41838881485,5217.865500564179,3843.916613646122,3729.789000788275,20793.02982970981
2026-07-01 14:00:00+00:00,120539.57126506073,117401.66617124109,123849.05088426666,16289.515083610257,17913.6098087873,20914.33125781324,10500.968826528706,6764.82241589032,6131.211098957864,5762.656268628549,5621.574128894711,4133.239541137896,3996.193422068808,22511.449412743063
2026-07-01 15:00:00+00:00,129050.99024052745,125864.31063400813,132431.65529630645,17562.7236913007,19306.257705930417,21651.293387095706,11189.485387431725,7388.865219519429,6670.780091737243,6169.468730075527,6054.969061118034,4454.595369852131,4336.659381305017,24265.89221516153
2026-07-01 16:00:00+00:00,138538.5265225812,135431.984206176,141622.1701453338,18868.509554500357,20659.811002111044,22866.94656796229,11984.045022803382,7999.124312353051,7150.914920462681,6494.874690775692,6611.533947015721,4895.469966508827,4697.024435964065,26310.272102124098
2026-07-01 17:00:00+00:00,146031.22208035382,143064.2084836203,148808.32997284894,19681.660999487056,21779.364687441972,23505.62670772471,12474.028954628457,8318.620045274238,7689.472251707559,6873.76142951557,7108.281411398079,5238.634252283177,4984.724064279236,28377.047276613783
2026-07-01 18:00:00+00:00,151109.7424025408,148465.17412865296,153598.17695363984,20772.534590646686,22426.402453983614,23904.988952050186,12699.830667719138,8523.06188917707,8385.0218052873,7063.116674554276,7410.768315075073,5432.566698016656,5203.304987263621,29288.145368767215
2026-07-01 19:00:00+00:00,153602.98336520354,151075.8601866405,156071.4737107898,21053.748966037056,23077.354720135485,23943.874027318114,12772.237115194433,8609.221119896809,8676.562510670421,7152.702289427934,7579.8852115379905,5616.2653221097,5309.245243987075,29811.886838888502
2026-07-01 20:00:00+00:00,155835.27665477459,153210.918077496,158394.82926485388,21356.80893135619,23340.47193011626,24179.123353495233,12827.322686072062,8784.472891654004,8873.277142055591,7232.471809665367,7615.777716403177,5803.881896899826,5470.243732880973,30351.424564175897
2026-07-01 21:00:00+00:00,157713.18811556432,155038.28939042322,160329.4596901931,21467.09144433563,23671.44326628339,24297.149491224463,12902.051355486345,8804.344834863465,9127.322524857336,7216.058410647314,7753.177483665146,5880.831922706586,5617.485148683522,30976.232232811115
2026-07-01 22:00:00+00:00,158581.32415322505,155677.9788013468,161327.739665419,21559.20700414385,23987.287554219653,24302.823765733927,12899.629371457762,8823.328827557254,9176.031190073856,7217.590707222226,7708.786031554324,5965.931595084671,5671.048719893956,31269.659386283565
2026-07-01 23:00:00+00:00,158023.90572831707,154676.6177798164,161177.59336718108,21571.829011670827,23796.331006366596,24249.072151942964,12955.47400729563,8866.97190663381,9211.95607399058,7181.920882660606,7545.151158468476,5877.137346226938,5542.950883520188,31225.111299540462
2026-07-02 00:00:00+00:00,155178.58725235553,151843.01549273395,158567.90557261647,21013.972097231595,23222.838653563704,24076.333671454347,12945.098849241907,8637.937848657777,9159.088343603,7047.485507865528,7390.9253949767635,5825.941447127409,5437.9141550592185,30421.051283574314
2026-07-02 01:00:00+00:00,152413.7672603069,149013.65290399507,155816.10036444498,20535.489229143895,22925.61200113875,23755.553220036414,12753.217050576575,8378.634464480203,8935.055368603184,6833.348073562117,6982.423812098756,5593.323711399699,5200.207794482775,30520.902534784535
2026-07-02 02:00:00+00:00,147759.8913511787,144228.90547649623,150993.4421371275,20195.28513831568,22133.61863978688,23489.14313028344,12452.97813875349,8169.51593226039,8457.25612985617,6554.939686796937,6879.750619648614,5375.0222278298015,4940.681859228568,29111.69984841872
2026-07-02 03:00:00+00:00,138040.99851522842,134678.32351861004,141472.8811801694,19240.455642223995,20695.503648087,22215.892112506346,11604.894639811457,7601.602320922414,8162.038667321762,6008.013537559043,6314.685089916361,4964.448735368028,4440.140499050747,26793.323622461277
2026-07-02 04:00:00+00:00,128679.38825318823,124194.04433201712,133421.65255804916,17614.363518040333,19537.987712036396,21400.811881107697,10752.197441643399,6892.466043273385,7391.023202603254,5589.599027137481,5869.832745915603,4636.4309651119565,4152.459281338528,24842.2164349802
2026-07-02 05:00:00+00:00,120227.86499334831,115798.08876541423,125547.83415763512,16566.397488450417,18580.508777766314,19844.543338362724,10259.354165392187,6445.4571753192595,6937.482853519394,5284.053179892386,5500.981095397886,4235.360680434131,3899.322901889045,22674.403336924574
2026-07-02 06:00:00+00:00,114600.308507915,110319.19531184624,119004.24260880979,15712.8489796974,17830.080740916637,19276.624600062292,9727.409722513474,6212.322676316995,6679.961711259155,5001.290427529011,5181.009529131464,3990.3810033709083,3629.508465723593,21358.870651394074
2026-07-02 07:00:00+00:00,109337.73426932275,105187.68599514193,113748.0467974865,15163.23507703307,17397.27631189717,18514.606568154784,8851.003646737774,5970.186109646967,6271.896216429598,4830.033776192481,5005.799151248009,3711.1115133124076,3504.2580778300376,20118.32782084047
2026-07-02 08:00:00+00:00,106408.24245161228,102371.45688489666,110711.3295388772,14483.776564919392,17206.86158730836,18068.371715720445,8382.640051123792,5729.5379848208095,6174.626137518767,4745.930697723034,4900.983182889147,3645.7180476210874,3459.731113964414,19610.06536800304
2026-07-02 09:00:00+00:00,105133.28550777325,101103.71681697352,109515.93521953556,14306.495119658062,17063.475390044478,17801.907916786717,8454.143253132783,5619.995899546033,5945.654189334596,4714.743076351123,4910.831448045253,3670.17108581486,3480.009747243407,19165.858381815942
2026-07-02 10:00:00+00:00,105287.10449601771,101493.01188961095,109276.90715447355,14220.285117821066,17223.86569200026,17366.118958430292,8394.434145979116,5521.292366063709,6075.889942853129,4863.043525348134,5028.903807189363,3689.0833641846807,3637.203190085231,19266.98438606274
2026-07-02 11:00:00+00:00,108234.78568249324,104642.08395708661,112101.57869343464,14532.872650553,17423.379473211135,17901.345719891175,8562.760649902884,5759.514953060253,6217.774934031733,5120.845920195786,5166.600805331051,3837.7271739284856,3872.938744705736,19839.02465768199
2026-07-02 12:00:00+00:00,112682.16847845237,109178.26892151925,116834.491700001,14904.650516219614,17832.351297479676,18604.631130789454,9081.378124979834,6062.189436860319,6530.580432056188,5486.913154810036,5594.321703017834,3992.193056974334,4091.238182735902,20501.721442529175
2026-07-02 13:00:00+00:00,119717.12680981282,115777.24360456773,123815.96734096207,15485.728790085084,18715.631960345298,19887.035949838653,9715.56436860134,6644.397057045459,6683.555512430222,5870.625561622676,6126.063893518873,4300.516561135395,4295.3941353868995,21992.61301980292
2026-07-02 14:00:00+00:00,126721.79860873095,122928.81757040393,130396.50525764046,16501.345054986443,19669.67957479361,21122.484812373616,10302.230977265075,7012.254448588403,6971.8047097688295,6198.561599473077,6428.339255478467,4633.231203543269,4520.955949269823,23360.911023190365
2026-07-02 15:00:00+00:00,136684.39602480872,132601.39638037118,140341.97639881453,17570.52088584466,21192.0264281228,21998.58175634321,11234.324110894608,7536.369884483205,7532.2870023173455,6728.161446018374,7025.92428469175,5081.035698928032,4830.098788862037,25955.065738302703
2026-07-02 16:00:00+00:00,145231.8392197821,141737.7482464441,147887.4128725675,18604.33193004339,22403.412739947362,22928.47074127335,12041.462514543284,8083.325343960098,8368.287903868939,6906.925723174753,7355.511462655238,5537.456833513867,5056.745140765604,27945.908886036235
2026-07-02 17:00:00+00:00,150646.4200432909,148040.65090037548,153020.01840616588,19441.68098081689,23573.948903039574,23517.665673909778,12379.928078795127,8239.244875254382,8809.56999344439,7112.454176529159,7563.934585414086,5819.605699756729,5234.207366449603,28954.17970988119
2026-07-02 18:00:00+00:00,155406.55400726365,153056.23761465997,157559.71531308946,20486.151546737685,24496.30215717151,23973.586936167027,12636.293892994698,8425.365816701375,9124.193312536809,7162.50962834587,7780.219513416332,6011.796812912029,5373.591388100555,29936.543002179762
2026-07-02 19:00:00+00:00,157713.77892964883,155550.02681364524,159752.27793406602,20761.953192977257,25003.379010578257,24062.43500766045,12693.555658834628,8557.806357962012,9349.918125067727,7221.015712275569,7910.035368906814,6138.683230690828,5515.92447529413,30499.07278940117
2026-07-02 20:00:00+00:00,159284.0817379866,157268.5382991772,161269.62262219898,21004.94239736368,25186.760073643774,24262.249839041066,12725.843483086783,8623.629839006187,9464.258050871951,7289.56024327424,8007.61327442282,6267.359002872105,5609.3857872600975,30842.479747143887
2026-07-02 21:00:00+00:00,160725.21425490978,158726.67018643956,162684.90644269885,21188.850747396562,25232.52335169304,24289.25455600769,12780.676403183967,8686.921416097402,9661.687391056405,7327.120757162508,8083.951497441062,6364.7368630271185,5688.156006983257,31421.335264860736
2026-07-02 22:00:00+00:00,161239.17948487884,159204.74473091846,163199.26831575707,21184.238666322108,25431.54281750763,24271.672560018098,12724.943731870477,8683.424640889292,9774.776419593529,7346.018057605507,8069.56030169531,6422.661027144915,5762.863443494219,31567.477818737756
2026-07-02 23:00:00+00:00,160076.344596091,157888.8100080381,162193.5513928795,20505.42723936661,25131.083564807344,24209.744280117367,12719.89408555922,8721.685225851166,9765.154927874562,7358.788114381587,7978.115943449071,6348.932186697073,5757.26074458218,31580.258283404786
2026-07-03 00:00:00+00:00,158348.7258037459,155689.92993700513,160676.70750921706,20120.654406057198,24929.227699145515,24147.732693187507,12675.526642820334,8636.698566783847,9547.097924278674,7238.144716130893,7858.606383474058,6288.772286984211,5553.658532205253,31352.60595267843
2026-07-03 01:00:00+00:00,154786.7219341935,151828.76473410605,157421.18886200615,19779.663223373052,24448.399945054935,23813.97771706559,12475.381662414038,8433.888713168108,9317.446538534961,7035.8436184093725,7599.714800421859,6009.353415912647,5277.84536364568,30595.206936193263
2026-07-03 02:00:00+00:00,149880.3134160533,146692.02072742028,152791.56890836506,19227.359288111307,23328.50757445091,23521.082375287235,12139.074101796401,8139.949298042959,9095.269428813963,6804.594657273912,7176.20876526103,5750.6243947018365,5068.5141064045465,29629.129425909196
2026-07-03 03:00:00+00:00,139561.4760307981,136537.0894181925,142780.31948944775,18086.916947950587,21589.53116257425,22367.166658315604,11313.25315859099,7659.0422173356355,8439.453739529348,6166.690621470277,6670.248302459271,5306.183963079562,4693.106014589843,27269.88324490277
2026-07-03 04:00:00+00:00,126423.50123547071,122180.90576695208,130319.25495877475,16225.424560581749,20042.361827988858,20547.89992989451,10158.950134723103,6617.819898181626,7524.955483620615,5148.576602753152,6060.650061851755,4841.909362378528,4146.394768550068,25108.558604946757
2026-07-03 05:00:00+00:00,119896.7825415809,114875.52785205838,125015.97105407302,15199.938216932906,19119.7895469854,19182.970117698183,9747.321943661567,6194.9882318163345,7132.867254341458,4773.257822476728,5751.7561877931075,4564.954959482447,3835.4545350781414,24393.483725314643
2026-07-03 06:00:00+00:00,114013.12232828402,108876.3579159181,119304.84509030766,14486.637643191687,18590.123598639515,18153.127707745833,8694.602775472667,5949.261618845626,6760.695256948626,4530.183210276702,5505.651971856313,4283.446444259517,3673.4400621109066,23385.95203893661
2026-07-03 07:00:00+00:00,108919.6073136908,103807.30422333468,114459.31340978165,13854.97547150043,18111.61609900803,18003.748673381368,8266.053030501145,5786.528926316068,6439.98193956956,4419.778523389855,5405.017992007483,4118.3428989068125,3574.712654981866,20938.851104128164
2026-07-03 08:00:00+00:00,105373.87783009889,100359.82800958396,110407.95250834717,13274.247052889017,17665.639773753755,17268.751259859375,8120.074329759469,5676.554358105127,6199.3393236514785,4382.75432209288,5222.002182212676,4047.2306893625705,3502.953330136472,20014.331208276086
2026-07-03 09:00:00+00:00,103180.14140317042,98451.1288515907,107911.9702180409,12607.703465107448,17218.086722409833,17186.36077395027,8065.556889192196,5532.93395669346,6157.8076949340375,4379.413095273804,5115.10833573585,3982.8084907856114,3523.7223860496038,19410.639593038308
2026-07-03 10:00:00+00:00,102042.89526852279,97702.99093536398,106789.50511045459,12447.045896324838,17192.30487921324,16776.46031430479,8037.219093277358,5331.292219883026,6154.502890893925,4461.903575042992,5124.626964731743,3926.170508456025,3565.7960473392204,19025.572879055624
2026-07-03 11:00:00+00:00,102682.10184809059,98131.46072708243,107534.84972618647,12565.813003714766,17032.484238810717,16621.666756775645,7961.714136357158,5507.515965189125,6112.499598064241,4608.471157998626,5216.761968638504,3958.1033657106327,3662.0770220558848,19434.994634775285
2026-07-03 12:00:00+00:00,107915.37972109216,103069.07446302044,113063.17972379627,12566.409412863413,17626.819027337955,17227.18542995603,8367.234470045603,5858.867895541791,6352.207823447836,5053.57857901632,5603.050007074942,4079.508227966704,3928.4525992726267,21252.066248568954
2026-07-03 13:00:00+00:00,114328.93904856888,109801.39042029069,118793.713894944,13318.099844246284,18413.40579859503,19060.4191535528,9174.871379411894,6289.260015805264,6529.809526852527,5462.011299892873,5993.644170027811,4307.020746273743,4125.74875861713,21654.648355293524
2026-07-03 14:00:00+00:00,120923.89731244961,116762.3881980593,124802.99792859124,13825.9034652365,19546.270120357236,20093.996771059385,9463.627760267425,6927.2830411646255,6903.116924433791,5775.658653150554,6348.822239698554,4680.593622316288,4324.965509567177,23033.659205198073
2026-07-03 15:00:00+00:00,128530.77846385751,125369.59736555742,132010.04665341007,14659.673585443925,20962.038067687616,20872.805388578894,10160.78842382937,7262.089970040613,7340.234317759306,6099.1567448537435,6597.812556138017,5167.778374576114,4518.3021477236525,24890.09888722628
2026-07-03 16:00:00+00:00,135277.5670028756,132224.82026624118,138236.69109963937,16067.721326275518,21957.36510642376,21658.99485322599,10769.190771579566,7576.230385908083,7664.893412586256,6170.925982290692,6834.536922995783,5512.587278185185,4692.175633673752,26372.945329731043
2026-07-03 17:00:00+00:00,140975.1387035173,138648.18288250084,143455.7880310664,16822.221421786486,23258.743800910503,22294.566746737033,11284.932504833801,7794.882471537834,8034.419699818243,6336.847324996717,7085.554170813657,5771.746210812006,4936.371086519207,27354.85326475179
2026-07-03 18:00:00+00:00,145304.33016691497,143125.65690876212,147805.68303443887,17685.589959862027,23861.70450038224,22642.433551615835,11616.290567906566,7943.62013023792,8471.566148350463,6370.155601650755,7245.042168051999,5959.724843900495,5104.808525937375,28403.39416901929
2026-07-03 19:00:00+00:00,147230.70399927886,145125.4046274273,149796.70381069815,17584.714433930836,24313.733338070397,22687.72968309255,11717.484393706325,8066.165316168459,8768.846318485841,6421.860989225927,7370.285400426814,6073.413002837627,5265.60882687566,28960.862296458425
2026-07-03 20:00:00+00:00,148702.3308942199,146617.00314107718,151326.66797160718,17839.111108952224,24434.936214507845,22767.702755625964,11656.504552402566,8126.9684970595135,8901.550747427043,6463.6993333464725,7476.242646161732,6204.956263317734,5353.213305672994,29477.445469745802
2026-07-03 21:00:00+00:00,150216.37430715433,147939.10876693984,152865.44030217442,18054.835083635913,24475.937332068574,22912.241131886403,11703.484583202457,8146.862905364836,9115.930128523509,6532.95952976939,7573.361114071284,6317.482772381452,5424.2111337280485,29959.068592522457
2026-07-03 22:00:00+00:00,150593.25813817824,147797.0908875579,153373.07355025067,17899.064945316513,24727.034161056024,22855.221319297143,11634.074122690121,8149.735541323112,9189.75970374403,6635.619558849634,7561.951449544917,6359.615615558369,5511.203980114995,30069.9777406834
2026-07-03 23:00:00+00:00,149565.93364552828,146188.7575763864,152731.2010171428,17555.976484274477,24320.456223793448,22764.18605418967,11547.157443567723,8154.748476194975,9230.82019471282,6606.860529043683,7467.62034659397,6315.907201645032,5539.227618554467,30062.973072958015
2026-07-04 00:00:00+00:00,146603.8122836082,142754.66909415583,150288.43578410152,17490.907562356548,23798.71818743386,22376.558368174774,11154.96826592378,7951.32979874222,8947.562858585543,6365.186784208688,7258.426252915163,6178.447089798783,5270.533959133048,29811.17315633578
2026-07-04 01:00:00+00:00,142164.24654281343,138335.8037134604,146006.8603587861,16697.159704012225,23321.34759668794,21918.061157525208,10840.326860484221,7729.511470492502,8727.801294943121,6291.393724224175,7041.905407801677,5823.1761085724675,4944.7098696246885,28828.853348445205
2026-07-04 02:00:00+00:00,136771.33914279434,132719.6946253326,141055.32347117254,16119.093453930496,22462.48665836581,21562.82735517543,10456.876251980682,7546.664824479007,8269.244628566277,5969.202904951041,6540.194021314822,5600.600561697603,4691.986824459894,27552.16165787327
2026-07-04 03:00:00+00:00,128238.51380388523,124297.99368680679,132112.86833568563,15436.751723620751,21090.03058814613,20162.19624414253,9673.943861534504,7074.590953396386,8139.747140528165,5355.235966627216,6188.114718773739,5104.196079785843,4379.413280241555,25634.293247088404
2026-07-04 04:00:00+00:00,117298.46586642823,112843.65070382933,121745.30794599796,14149.012427388865,19784.878006634157,18564.091612905242,8775.933465495087,6226.494956694849,7223.49577450098,5062.927903277533,5781.179669153357,4703.416348857806,3975.271766195294,23051.763935325074
2026-07-04 05:00:00+00:00,110678.47519881952,105762.9830320037,116669.22677521582,13400.57717307764,19151.154363240483,17547.539564244205,8202.916971371518,5917.856181780538,6816.427714355076,4743.930171523214,5586.215158582926,4421.636280653119,3730.935621433848,21159.28599855695
2026-07-04 06:00:00+00:00,104763.69251187914,100067.1992830323,110470.9899185895,12473.93718964189,18433.208579260525,16616.873209388777,7694.553061382145,5666.124894474963,6274.179211705011,4522.940728026347,5359.528907438905,4100.372496448627,3532.9792059785304,20088.995028133435
2026-07-04 07:00:00+00:00,100663.3373931246,95886.4962253284,105990.79115600638,11654.623294675072,17911.318321830197,16283.601373275622,7512.618794928,5405.668261358059,6006.1146689812995,4386.298064122528,5203.746773108189,3929.6627776820796,3472.813820202193,18896.871242961366
2026-07-04 08:00:00+00:00,97447.93598242912,92786.68221010917,102881.95969227007,11094.749395661225,17609.02228529151,15794.850177923287,7225.348316085557,5110.103213017177,5782.477321122734,4325.315377794202,5036.00983528314,3802.814064634014,3368.3230350751237,18298.92296054114
2026-07-04 09:00:00+00:00,96320.61829328578,91781.66243443478,101498.8456533304,10855.41114392281,17460.535760943574,15754.098037898835,7176.487329829672,5104.520979770203,5747.51712940079,4312.4026309296105,4932.974138736697,3755.183660074705,3317.6637328634943,17903.82374891538
2026-07-04 10:00:00+00:00,95934.69045002783,91593.8484249043,100967.33916338359,10773.23303853487,17103.188073687983,15768.286005333965,7172.3995467329305,5109.141550980819,5725.582567674035,4383.4722704891465,4927.249422748048,3773.584510859264,3291.928795359238,17906.624667627537
2026-07-04 11:00:00+00:00,96252.71003832758,91268.59035602899,102420.26925886932,10685.155456728782,17178.27682378936,15572.058927747003,7155.868494090534,5105.190636118469,5760.3067550621045,4454.9475687358945,5126.220403965685,3766.8191511215596,3378.824322310834,18069.041498657374
2026-07-04 12:00:00+00:00,99867.50929809468,93672.78307371911,107351.30953933118,10390.955842204621,17620.545628050888,15916.667210845659,7226.8755692925915,5355.364991053424,5989.283725238681,4829.748119979647,5406.122838957303,3907.842854635668,3616.817466800168,19607.28505103601
2026-07-04 13:00:00+00:00,104344.93768447009,98446.28204179497,110633.9446388799,10674.27996707078,18130.956091415483,17269.852120340118,7824.2097119100745,5752.346746598863,6179.723671321592,4981.191413589593,5650.071659063194,4121.14408752265,3669.072700939847,20092.08951469791
2026-07-04 14:00:00+00:00,110998.23006705988,104761.57456436336,117843.46579426857,11446.815830401494,18953.59525445392,18446.600305683078,8097.038746172375,6281.031710632405,6247.244844271254,5177.669355053669,5996.111366737655,4424.376831648466,4038.4974313941575,21889.24839061141
2026-07-04 15:00:00+00:00,118176.54000831384,111913.5643503895,124615.86466827962,12023.156317468716,20001.506359081068,19323.55368264557,8627.996023490377,6856.92035313933,6561.156852900359,5505.553492629547,6415.651045515927,4790.081540195423,4309.32192183842,23761.6424194091
2026-07-04 16:00:00+00:00,126202.33369079638,119357.18467739037,132525.68739580928,13282.474626434996,21198.263556537822,20596.84708874625,9387.284652145889,7250.3053458125105,7134.061653971921,5643.259219863836,6600.641613981685,5198.534895582751,4512.43039576958,25398.23064194915
2026-07-04 17:00:00+00:00,132508.0110470268,125875.46298253044,138573.51623896157,14121.393903762939,22203.66013648337,21461.568713117034,10216.25805151053,7589.550724944811,7472.82515595984,5964.307360965611,6937.380677559067,5522.567905423579,4749.94188136238,26268.556535937652
2026-07-04 18:00:00+00:00,136991.90786702195,130232.34022281348,142721.59542359973,14992.4998619399,22833.44381492772,22008.603370340876,10512.714671546943,7724.774000809864,8039.754822384563,5987.038038763383,7111.360354769521,5694.376754911317,4838.781829957487,27248.56034667037
2026-07-04 19:00:00+00:00,139653.9937948671,133185.20235772364,145283.02207270797,15304.888055659303,23348.491075089645,22020.84458970678,10737.015384968407,7808.4783542776295,8434.986114364421,6071.705256753073,7257.981320015034,5798.896341157112,4966.972575069823,27903.73472780586
2026-07-04 20:00:00+00:00,141112.61162553748,134443.62210797565,146906.397019151,15611.1521489414,23616.652914224193,22331.13386979787,10693.864291746302,7937.36374102515,8182.428176069165,6141.230715499778,7335.870530143012,5882.183091117507,5093.326225718589,28287.405921254493
2026-07-04 21:00:00+00:00,142588.79094640477,135562.04891088215,148930.99255626352,15884.416380708835,23749.414250206963,22434.276053047404,10715.18283229884,8002.911365650402,8379.689832981336,6139.854398544464,7417.904338193826,6003.082012973984,5185.128815703678,28676.930666095017
2026-07-04 22:00:00+00:00,140783.9831780687,133419.628461141,147606.31608595807,15631.711966726232,23864.321950496385,21985.60586239756,10345.926422447676,7858.617123844361,8415.257540680155,6146.808916111523,7262.050208225264,5910.397115067928,5147.237121270651,28216.048950800967
2026-07-04 23:00:00+00:00,137926.40028900356,130295.07393322904,145209.8668471388,15208.997065747433,23235.276411580297,21760.36046819667,10114.514035357917,7642.490260915478,8418.034620359314,6055.557987701243,6755.866463915353,5773.651494842469,5037.98916241263,27923.662317974744
2026-07-05 00:00:00+00:00,134000.43113256735,125864.62831151835,141811.75406934042,14477.92201699528,22757.06782460167,21093.156676035567,9812.450415043091,7388.456798718574,8348.71977301948,5816.471290459472,6547.132776529658,5638.950779721588,4790.332053629606,27329.770727813368
2026-07-05 01:00:00+00:00,130106.85398426083,122434.02599441743,137436.27226805637,14103.710502148859,22391.66569195106,20573.659342627958,9251.921858046051,7195.7647810325825,8207.673904256559,5709.019178651,6276.871268983935,5512.30889294305,4513.1715659921765,26371.086997627604
2026-07-05 02:00:00+00:00,124609.99292780043,117468.02973994928,131115.31285692868,13761.731762832867,21717.83220323986,19962.780920149267,9092.339483130705,6942.770511033928,7852.06480632683,5341.286862144806,6074.655608407783,5248.0669819672485,4393.206528003063,24223.257260564053
2026-07-05 03:00:00+00:00,118689.33000042601,111675.06957386497,125144.99539707415,13260.447591114087,20665.732884688518,19067.726730586848,8617.005375430505,6441.778912418765,7382.645121284505,5086.280900734811,5777.624795900464,4980.811945298307,4119.160230473294,23290.115512495908
2026-07-05 04:00:00+00:00,115514.43903832091,107902.84466186652,122952.119562206,13081.195252542879,19926.58354671169,18448.395605190515,8495.670908133252,6205.79273579956,6996.924033254148,5059.050926743021,5621.207990252023,4603.40127903659,4179.887012142815,22896.32974851441
2026-07-05 05:00:00+00:00,107601.92114725792,100294.71816928188,115285.12978321673,12254.671668554596,19071.599420635735,17489.462701884157,7893.167330575073,5752.148174973791,6419.723067604872,4762.337125922438,5231.817716187103,4322.851732097456,3706.3262063185775,20697.816002504118
2026-07-05 06:00:00+00:00,101295.86008040677,94539.40486705488,108872.0470676628,11368.633456078003,18041.278305718028,16617.563930539523,7407.262538226027,5420.587667106229,6026.125961169169,4444.50942783482,4911.921842455082,4010.9665413545986,3509.1996668061556,19537.81074311913
2026-07-05 07:00:00+00:00,97263.67446730498,90679.02311270591,104609.41698972737,11005.666356072117,17502.958820972035,16085.999876045244,7129.2169343846035,5168.071937555037,5736.701262240835,4322.572172674673,4745.9834105525515,3810.371866125494,3361.32078756749,18394.811043114893
2026-07-05 08:00:00+00:00,94073.37771428835,87567.08655061896,101364.52937944166,10356.517663441855,17211.38810488865,15741.819712408185,6795.567145163118,4980.115582459765,5623.864509152952,4268.155174846202,4562.170952618962,3620.443815676827,3267.189375219904,17646.145678411907
2026-07-05 09:00:00+00:00,92319.54603508237,86103.11715464313,99731.3481584872,9937.186351767465,16883.54264445263,15582.852547338542,6608.107969517796,4972.673885088053,5482.988227595112,4229.327455540711,4540.107363431223,3604.0968439329977,3238.058404472339,17240.60434194549
2026-07-05 10:00:00+00:00,92343.44192610458,85969.01841120007,99755.56601411068,9821.164933134503,16981.19087317107,15448.473221158773,6729.523889290163,4988.882686851636,5473.361464221886,4249.314177718013,4478.863470581224,3637.1409401720152,3220.9486095885404,17314.577660216757
2026-07-05 11:00:00+00:00,92024.22993291721,85296.19282288945,100119.07663580365,9771.108888716717,17033.490458301403,15461.514752586008,6597.318479929387,4953.182158956644,5254.18466550382,4177.125671525998,4570.8843224991115,3539.1823352388255,3249.299137343375,17416.939062315912
2026-07-05 12:00:00+00:00,94364.89832928465,87717.70575539304,102172.9948301843,9895.778997428917,17408.54469235743,15789.531159265971,6629.170247529611,5051.004103254588,5326.70205601147,4352.6602824733445,4753.865988755875,3581.8945565072513,3441.2916160295536,18134.454629670654
2026-07-05 13:00:00+00:00,99587.38090066978,92496.73637730654,107380.13780609085,10273.260833204655,18005.11762281279,16859.230037125424,7326.45749383948,5302.564919529526,5574.461714525446,4522.371302874893,5103.5566757129645,3834.7257229102734,3625.319218068362,19160.315360065964
2026-07-05 14:00:00+00:00,105365.3757036396,98062.64647695351,113373.05389269322,10798.259530426561,18697.70504993205,17872.633736073054,7804.908056548597,5812.775529182326,5809.585351208948,4912.827105618303,5346.575324195742,4155.701173010205,3824.038480102434,20330.366367341365
2026-07-05 15:00:00+00:00,111647.45828863725,104055.63550386553,120522.94709012007,11620.758852168796,19685.935646089405,18607.64067209453,8173.204371650985,6275.696591119761,6031.629364360739,5308.725973496824,5690.31942315739,4460.668475002159,4024.882989249788,21767.99593024688
2026-07-05 16:00:00+00:00,118748.016920302,110368.5754690444,128902.24704221959,12302.115078568291,21050.908815058163,20001.946691484838,8765.009404459846,6595.910888278896,6237.301366304807,5471.687078882209,6132.5503774532435,4768.865832564483,4362.47264745403,23059.248739793205
2026-07-05 17:00:00+00:00,125724.02411286793,116458.47821442358,136708.97665875408,13269.528835061501,21933.360072283544,21279.511754359246,9280.180238686191,7007.784307272135,6503.8179664714935,5782.3289996526555,6442.270144669626,4984.563966473575,4609.122974176496,24631.554853761452
2026-07-05 18:00:00+00:00,131056.92344703921,121577.03998755303,141800.2286190755,14244.310033422798,22412.445711945486,21764.41094683987,9902.938833047667,7269.276684953867,6843.266886890287,5830.203571870161,6725.174633543493,5279.373876544343,4736.398710976865,26049.123557004397
2026-07-05 19:00:00+00:00,134130.68578062652,124371.29242287444,145244.81443231253,14655.372822713422,23140.663540127593,21946.578865970318,10142.958692636535,7495.138468707046,7180.6168039162685,6025.1264197402315,6832.943875413838,5366.111451633959,4822.720619733543,26522.454220033753
2026-07-05 20:00:00+00:00,136050.39869788082,126330.81622615416,146901.9555482444,14841.701993657174,23423.383374994475,22323.958491933037,10456.73408264742,7579.431540430078,7241.7567623446685,6118.426113129636,6886.642988462886,5412.960744125106,4922.577595537539,26842.82501061879
2026-07-05 21:00:00+00:00,137237.76867065034,127537.36130615023,148001.50715613904,14878.289592274159,23385.755886965642,22599.30612966376,10430.254460258615,7676.113359500185,7493.1702370612375,6112.013193353515,6894.700728364106,5576.204891124417,5006.693089459082,27185.267102625618
2026-07-05 22:00:00+00:00,137443.31418451652,127794.23498688315,148681.39359475378,14828.897473701098,23548.14960568568,22336.18508628567,10308.7407462961,7539.456393724207,7840.039309189486,6162.891073472226,6761.580819250816,5658.945619131922,4956.086949078382,27502.341108700937
2026-07-05 23:00:00+00:00,134252.4066730673,124647.74120652671,145300.28302602406,14485.58887856823,22907.003647341884,21936.339748044735,10075.96763683151,7400.655077384913,7511.850720433886,6051.24199820982,6584.718022484541,5501.236699630168,4876.074870113684,26921.729374023933
2026-07-06 00:00:00+00:00,131495.85945198458,121969.7732321244,142693.17405055586,14199.796888720934,22841.72157614083,21502.79609888685,9690.662366365248,7214.5694991426035,7368.709252326108,5829.667541350707,6339.361067256547,5328.911208885398,4762.131207712882,26417.532745196488
2026-07-06 01:00:00+00:00,128242.08232879206,119281.76165279353,138812.9811534032,13949.647646212803,22126.880223283715,21231.43258604089,9487.63462475997,7079.51537199853,7166.186779790517,5615.358764822327,6251.433499103124,5138.285500192816,4602.91586267167,25592.79146991571
2026-07-06 02:00:00+00:00,123842.30907591019,115131.09087679737,134177.4261391162,13575.875901043357,21202.65196824711,20492.159447490874,9273.83931835175,6848.625131665738,6859.127204772752,5346.951642055804,6027.640109090012,4963.744662580082,4439.255257865478,24812.43843274723
2026-07-06 03:00:00+00:00,117621.52912181008,109099.31293029545,127566.79156083969,13136.70901636343,20154.005085082907,19662.687779181637,8866.923128170101,6450.948859368685,6578.95091059097,5103.891808942362,5692.595082321867,4580.507948019813,4124.996374988026,23269.313128780264
2026-07-06 04:00:00+00:00,110844.83898224519,102866.5200050675,121023.34836740867,12344.91435776972,19525.476245806847,18588.897145473446,8351.548042383196,6016.800576842012,6505.244376613142,4936.503344573882,5369.606456043696,4291.010031563911,3796.0016691101796,21118.83673606517
2026-07-06 05:00:00+00:00,102759.35488648714,95522.3888600657,112448.93856629968,11089.516272530918,18724.121000059426,17286.83674327788,7742.523060922665,5654.71476212164,6072.475828371211,4539.97225004566,4937.673157251278,3942.2716944293293,3422.768381108835,19346.481736368296
2026-07-06 06:00:00+00:00,97827.68740196108,91256.80684567269,106719.1743140217,10449.770432464647,17884.215401702444,16618.29260573682,7311.113392588771,5406.835395312265,5821.807004785356,4315.276079643567,4615.758117167266,3676.573715879718,3304.1067811874855,18423.938475492756
2026-07-06 07:00:00+00:00,94434.6247444493,88181.69501287161,102572.5151094249,10102.594288487502,17471.17646297265,16256.136409157145,7002.59148879981,5107.246559252359,5569.941879182101,4227.716562116961,4485.073998268858,3458.968661842599,3232.695261516716,17520.48317285261
2026-07-06 08:00:00+00:00,92280.26729644048,86248.277269739,100521.53984356852,9803.988323191736,17032.989240570445,15948.624749820767,6851.296770326247,5045.760211295503,5336.495491021157,4157.786530007559,4377.661116819485,3338.5835754285977,3093.006123097735,17294.07516486126
2026-07-06 09:00:00+00:00,91680.80462026742,85861.16546273573,99495.56108784745,9763.529373462328,16747.290139656227,15812.47523846322,6875.732423838028,5024.159851102261,5334.271705681603,4171.004112016491,4441.67422589782,3312.1947046595496,3150.5906367715643,17047.882208718318
2026-07-06 10:00:00+00:00,93908.78543033035,88298.64698215935,101390.0088396747,9862.273824880054,17309.397212535725,16019.665575254716,7016.068602353412,5097.150331110876,5367.956308362785,4343.952813404104,4556.24297218207,3400.1670085040714,3290.2597225703294,17645.651059172204
2026-07-06 11:00:00+00:00,97538.84231477942,92421.93450111449,104220.05854866069,10037.153761687188,17857.09392515886,16570.16948535484,7343.370824367806,5343.845193661488,5477.412165683332,4639.1419731186525,4724.288421484257,3579.3723184793307,3545.1153258913064,18421.878919892344
2026-07-06 12:00:00+00:00,101820.11369990777,96738.932393745,108550.10761810058,10539.007028216556,18149.973389279152,17391.37770283934,7771.3322354171905,5587.106299568526,5689.123435887731,5007.674066721029,5112.15567130066,3771.9576999993974,3700.3248606107195,19100.08131006746
2026-07-06 13:00:00+00:00,107693.06053821846,102040.28785108322,114978.01297697854,11391.25253948316,18731.689433196887,18373.155609397127,8383.807796735065,5943.495748666503,5914.065258612131,5324.337887415592,5370.282117687228,4031.9749158356203,3859.623074820683,20369.376156368464
2026-07-06 14:00:00+00:00,112697.29157543619,106565.34972965525,120220.79373216182,12233.736763127312,19288.83866115836,19004.797054583607,8760.770906508678,6259.12116823333,6122.82061301575,5514.962126898201,5630.42918723641,4177.553324511201,4210.389429655141,21493.872340508202
2026-07-06 15:00:00+00:00,118219.88197224596,111540.41705573404,126725.99183944131,12874.458478196815,19813.758230919117,20047.603403369732,9216.484289815226,6556.052547388323,6454.492473183904,5768.193281179238,5898.971383317334,4454.376303746596,4324.861923437408,22810.629657692276
2026-07-06 16:00:00+00:00,124298.97509085239,116775.15629824933,134135.97942415986,13502.697018892684,20664.332931621124,20976.128900561685,9813.782813417247,6944.986590374761,6906.986728838255,5935.259811206365,6309.079375341596,4729.403204046748,4498.666486793874,24017.651229758056
2026-07-06 17:00:00+00:00,130788.40190793147,122173.80075526713,142067.5496853675,14216.831295476815,21613.834433613967,22008.73016284754,10482.441308896081,7242.662624693241,7232.002560543914,6196.881554747761,6598.492164491667,4967.057884864011,4692.154873829928,25537.313043926555
2026-07-06 18:00:00+00:00,135913.28778614305,126548.82349057333,147454.0714932736,14952.565129076898,22442.65231986063,22619.257232558317,10795.067303021036,7658.281112173091,7548.935813076875,6290.583112712218,6821.892064592905,5189.347747467795,4852.5712631458455,26742.134688457427
2026-07-06 19:00:00+00:00,138296.72715535222,128884.40040021711,150342.95372042136,15422.35042466295,22896.541270848797,22854.55196360439,11003.29352970171,7704.399379579547,7647.9227243764335,6316.675806507795,6881.947728348979,5322.487098269998,4964.621010196044,27281.936219255575
2026-07-06 20:00:00+00:00,139840.20588195696,130469.60610746699,151586.47623703166,15812.640072774673,23075.246123386285,22970.9187722587,11178.600455468088,7763.520898572674,7934.596342256406,6348.87101535093,6873.384763948222,5385.69072434212,5032.067543946974,27464.669169651886
2026-07-06 21:00:00+00:00,140152.71861503538,130732.10758681236,151948.18761513467,15769.768329127002,23255.852711390446,22892.05536517242,11159.466187757902,7864.012322731242,7917.273956612238,6443.872596123503,6902.395279347973,5407.714196788161,5034.889827683705,27505.41784230079
2026-07-06 22:00:00+00:00,139569.97638379256,129790.63404215948,151832.53236348007,15844.609869163505,23044.96343501575,22729.05976527723,11088.758072505761,7802.1118030229545,7874.107119458848,6381.994765987035,6857.766395715446,5478.006017859768,5089.9558870713745,27378.643252714886
2026-07-06 23:00:00+00:00,137046.556344898,127502.58646339641,149075.59363882698,15604.39037953248,22804.793775973463,22494.924787565335,10810.441417962153,7590.746882217089,7707.8090446251745,6300.397641644604,6643.06860491233,5353.328808217172,4925.941405088337,26810.713597159862
2026-07-07 00:00:00+00:00,132718.85961411244,123305.39182171061,144573.00689800782,14960.691130576608,22341.668272485982,21986.193686565763,10322.237963039295,7288.339688821504,7560.2850775343395,6082.61014609078,6397.377177141502,5260.676522575587,4693.386299437769,25825.39364984332
2026-07-07 01:00:00+00:00,129052.07068749095,120237.53563427714,140464.36200484418,14507.242935712673,21528.190914551396,21609.300059757537,10052.270488815979,7231.010284461642,7418.912845936926,5933.733711495426,6105.69192879,4986.3618836415435,4429.604895040346,25249.750739287487
2026-07-07 02:00:00+00:00,124588.72379644957,116074.12018641269,135863.77080871843,14114.656150021388,20610.076020035365,21149.85513466795,9637.312642388983,6961.512907062303,7144.205503928395,5593.546742705249,5947.302299729941,4791.2828680859475,4219.745627277721,24419.22790054633
2026-07-07 03:00:00+00:00,116438.31923470813,108736.75822309994,126182.73862986776,13443.366145205899,19408.07957220304,19747.13395105478,9098.515653409173,6449.308677234375,6598.61142548244,5255.367499656578,5538.517717401408,4505.123820389675,3902.530370074904,22491.764402595854
2026-07-07 04:00:00+00:00,108902.815906118,101941.93938853616,117173.42011782998,12974.020403198927,18396.230162842225,18632.609409816643,8522.487024599544,5987.10196343168,6099.630991392801,4901.164642732006,5055.440686921638,4101.353210940143,3624.424151870435,20608.353258371975
2026-07-07 05:00:00+00:00,100796.70255653095,94511.81422588284,108200.7910240974,11670.357011481969,17386.148964385964,17531.524691990107,7789.404716892549,5504.826993042349,5600.748105358884,4630.749745539639,4642.014649744947,3784.764001101422,3283.9627403266772,18972.200936666442
2026-07-07 06:00:00+00:00,95696.67748134337,90035.06504225306,102693.40724998814,10942.606621590021,16552.71828938293,16865.28186040033,7386.430772111109,5230.134751072899,5391.274098957961,4394.12281495754,4441.062676971371,3517.8049811184255,3125.5292267488035,17849.711388031985
2026-07-07 07:00:00+00:00,92349.21687775849,87003.8951647336,99136.06076884862,10439.549316961555,16130.439228049594,16361.714046730005,7163.64859191283,5028.1574153159145,5108.159890635684,4260.235280790277,4251.292276093485,3390.9353373355502,3039.178450982564,17175.90704295102
2026-07-07 08:00:00+00:00,90532.84569559699,85354.3699781341,97275.1975024304,10090.01677566545,15964.544085202231,16134.496193873212,7050.497987334769,4919.59154369508,4977.296187892423,4219.593806162521,4141.019087017137,3264.249413000306,2952.5301478562724,16819.01046789758
2026-07-07 09:00:00+00:00,89974.2411664693,85178.51582877943,96356.38435620237,9904.451047406816,15875.797379854741,15977.782711060805,7112.320497253858,4865.26929852126,4997.404847858584,4210.51310018236,4153.2243988666805,3246.6117930685696,2937.5628197289307,16693.303272666697
2026-07-07 10:00:00+00:00,92237.25308210205,87860.64871882537,98119.52721295923,9928.683127993116,16454.27463963691,16276.702171750967,7266.283855114056,5047.055469526707,5018.956535078983,4360.79471816928,4298.027028794027,3319.718974948825,3146.018119122513,17120.738441966663
2026-07-07 11:00:00+00:00,95809.35422716325,91676.2842967627,101053.3509564574,10283.272977683238,16804.492457730896,16836.714144074154,7584.22349124431,5242.1480015645075,5141.828210944487,4638.011620818163,4492.551127367831,3437.949755643535,3362.978900084059,17985.183540008074
2026-07-07 12:00:00+00:00,100299.15148006156,96229.64865251223,105441.59294252699,10828.642599218985,17266.774465196126,17597.119494758652,7942.259038369888,5526.164775391736,5384.055257467022,4942.16525759039,4763.315023124681,3620.5923161285436,3597.367228777703,18830.696024037825
2026-07-07 13:00:00+00:00,104555.22538030699,100015.71067322299,110348.59963247248,11672.232337328529,17669.904130271207,18224.30582294872,8387.026825368532,5818.5111461549795,5413.784336132096,5175.3173391323935,5103.694427129406,3792.6875871633843,3685.952656935408,19611.808771742333
2026-07-07 14:00:00+00:00,109493.9128995204,104291.96665550538,116338.53428317915,12503.401981658824,18323.969752548266,18808.432483060245,8931.873703710427,6104.220694313342,5642.145104330724,5473.045141714386,5318.283593443592,4008.922411807609,3848.004624864529,20531.613408068457
2026-07-07 15:00:00+00:00,115098.7082364181,109198.8145023956,122840.65573673339,13085.702051595372,19046.387701476415,19877.03224410888,9391.945133101182,6478.478191877697,5833.593318298727,5681.267397929552,5605.518999284369,4216.504550414934,4021.120703065453,21861.157945265546
2026-07-07 16:00:00+00:00,121109.39489240372,114258.11246306893,129618.04650129343,13848.485267208145,20084.40587124502,20787.795151300616,9861.122807989992,6632.479607148518,6204.687673724863,5787.580145720847,5843.826072596856,4503.935024184853,4200.937178046479,23354.14009323753
2026-07-07 17:00:00+00:00,126627.08682753709,118683.50810584854,135936.63729481,14565.05186386802,20689.747663346465,21676.0030674221,10432.191460344487,6952.120697077974,6566.078760489411,6001.745171611391,6062.6070936577835,4684.936985586273,4351.402163677915,24645.201900455257
2026-07-07 18:00:00+00:00,131908.3140560171,123309.1306939923,141888.22282276896,15333.556814075133,21388.42212169043,22525.755841156835,10915.111670885939,7242.557873730625,6990.382130854195,6202.664271884868,6298.1083808433405,4926.338061018695,4517.091071996086,25568.325817880937
2026-07-07 19:00:00+00:00,135280.53382578367,126228.80587935555,145460.62980992426,16051.809371337446,21767.752524415242,22922.25448657415,11167.417467185418,7417.5400732864355,7305.710890492003,6272.000635458871,6337.104897678184,5067.430277437196,4646.299763855405,26325.21343806333
2026-07-07 20:00:00+00:00,136915.14744728227,127585.35178502972,147111.75434665746,16376.020921238349,22056.973555694585,23138.53832829767,11230.531039564548,7491.659654739208,7389.845880314073,6330.77046478345,6421.615327128428,5132.643863872082,4678.887530916639,26667.660880733245
2026-07-07 21:00:00+00:00,137427.14830256216,127978.2310873013,147754.38746432547,16492.164982016846,22253.51799529387,23079.159748974536,11200.439707843292,7526.740133611997,7447.9392508389765,6370.113429595073,6470.603064710463,5239.816014912017,4663.358258645732,26683.29571611936
2026-07-07 22:00:00+00:00,137325.74992165985,127874.51173230477,148359.9619982943,16393.19519167889,22377.983626178808,22897.38534508627,11148.932610825546,7515.4767164896575,7502.221426590092,6289.734918689009,6452.717514375491,5368.493629200816,4690.436457761779,26689.172484783496
2026-07-07 23:00:00+00:00,135226.39436965276,126256.20670964317,146103.89710938593,16298.0139016555,21950.95181384591,22653.609749734223,10989.93136879556,7273.586964575151,7408.909906644969,6147.573670101644,6252.226757212636,5310.8121001462905,4577.260435011896,26363.517701928995
2026-07-08 00:00:00+00:00,131481.51178217283,122731.96278940984,142010.9101893478,15795.369138854398,21441.26229405893,22133.011205758725,10462.492000024538,7115.738258953134,7338.256311823314,5961.165047083822,6028.900168456992,5137.005461971575,4440.389614538264,25627.922280649138
2026-07-08 01:00:00+00:00,127765.68204798695,119271.1859981809,137540.3933895342,15285.015048563955,21011.6402082022,21707.94377987394,10173.778689897545,6990.3968920651805,6970.9038306925695,5868.857426856259,5738.49085871216,4893.518719465006,4198.479471664705,24926.657121993445
2026-07-08 02:00:00+00:00,123823.38343868227,116003.7670161658,133347.1137890165,14906.390166905365,20147.342048128536,21369.010260562623,9860.267307622613,6819.265260018965,6644.981820331664,5520.045807171284,5550.818412243085,4783.924263672437,4069.3795716072627,24151.958520418448
2026-07-08 03:00:00+00:00,115983.03925399733,108893.75451281793,124708.90670270038,14261.585476514774,19026.800819143573,19972.097286000426,9353.191020821092,6299.14405598572,6211.470767335712,5206.476077883878,5172.784767324154,4374.082011453591,3811.425530324141,22293.981441210293
2026-07-08 04:00:00+00:00,107672.20183718615,100735.31595975191,115480.45327449431,13393.416959305458,17781.099434545056,18714.779303132433,8572.217061364483,5809.038792288074,5760.105740379278,4839.919243374643,4846.44461951428,3981.017426414827,3457.590279709111,20516.5729771585
2026-07-08 05:00:00+00:00,99723.15709540786,93456.33719451985,107082.87902595951,12082.42580245085,16896.359565354,17530.117175598636,7863.722067900594,5362.317204964299,5403.7556194802455,4552.5534957398595,4381.09972268111,3643.1706956243243,3167.6922902693877,18839.943455344546
2026-07-08 06:00:00+00:00,94564.16931811403,89037.21713648709,101183.6267712549,11192.505424899098,16418.101173502626,16838.030223808644,7468.913250364397,5061.594595727423,5040.319177350688,4354.107906812291,4135.1817873713,3401.911826320729,2918.909430738073,17734.594521218747
2026-07-08 07:00:00+00:00,91240.7593452274,86173.7978475377,97237.523526341,10653.816511539897,15938.26047585462,16446.53811817873,7266.680295201297,4926.648604919618,4866.680154206347,4205.367131077664,3973.202563977891,3237.3190504812037,2850.7788393455116,16875.467600444626
2026-07-08 08:00:00+00:00,89299.11769648822,84540.44857892941,94889.80597634045,10313.857792198482,15733.35335323831,16008.58074746461,7097.9984380844335,4862.550275385946,4724.208809043645,4157.999234659894,3869.6624790346677,3144.6108363784774,2808.8145573495017,16577.48117365026
2026-07-08 09:00:00+00:00,88604.90749283708,84134.23636870539,94047.53138037637,10119.874092545953,15506.136332292977,15928.982076610955,7096.401449809733,4883.348976902342,4641.950765809211,4167.726680158889,3910.077287627072,3128.2417176425515,2804.870481383388,16417.29763205401
2026-07-08 10:00:00+00:00,90573.17454900386,86290.51176987417,95757.46754372297,10090.062553528234,15746.99524149193,16273.850644525457,7268.6001876605615,4962.225658532383,4720.172613365002,4351.597996823067,4066.9398073520283,3209.0059721390053,2970.1320069340354,16913.591866652183
2026-07-08 11:00:00+00:00,94517.54716042322,90581.52218271562,99049.77547338481,10481.075667810315,16360.477299998262,16812.405866075496,7573.324329794142,5198.298614832668,4814.656784175498,4679.58220734394,4278.967458611157,3350.2486893879122,3203.6395600702067,17764.870682323628
2026-07-08 12:00:00+00:00,98873.03793595577,94642.62693485926,103811.83884251254,11041.188661419606,16885.683623506407,17464.556456618095,7971.75377193581,5426.424114866894,5112.76672458924,4934.804265459205,4574.714188364126,3505.5547566800306,3392.5701940417175,18563.021178474628
2026-07-08 13:00:00+00:00,103590.51951737198,98948.89459782117,108843.94726258416,11925.160670354113,17394.65360193743,17997.86852581041,8402.321736909516,5675.97602717368,5320.340841376461,5197.782967416958,4872.523034404279,3630.8104508632377,3603.972211205509,19569.109449920397
2026-07-08 14:00:00+00:00,108299.06434884339,102919.69350074347,113969.23175389571,12661.257490625267,18049.502140127268,18767.382241798794,8841.932988846806,5910.175969616162,5502.002065343059,5377.834201536766,5199.328757021665,3901.3653123491044,3698.4203898641613,20389.862791714324
2026-07-08 15:00:00+00:00,113559.95227773303,107239.06840417214,120484.7137283389,13268.288060626226,18826.813817617876,19677.497470053295,9352.276106980695,6286.23295529095,5756.427745623705,5688.999454789667,5419.576253950945,4011.2147543121428,3818.8100184954146,21453.815639992128
2026-07-08 16:00:00+00:00,120306.56094358058,113112.30222876767,127885.55916474684,14099.64639313243,19965.7763228031,20703.383393948112,9796.15911501865,6578.049086762174,6082.032139028249,5773.702239390858,5729.9127523397165,4344.880691815633,3969.4984530591846,23263.520356282483
2026-07-08 17:00:00+00:00,126427.71733268478,118245.46254864288,135006.57710421056,14897.855496522357,20777.042195463197,21763.165850507958,10456.997883090366,6845.082104052746,6501.5784429339365,5931.668756469652,5937.26065108736,4535.506581423241,4208.592643932991,24572.96672720096
2026-07-08 18:00:00+00:00,131223.64507201232,122246.42367094853,140212.67816791157,15828.028721567076,21365.267765293254,22532.50442778649,10849.677666689604,7115.345061337488,6738.062706576168,6169.37892654457,6200.387765066814,4728.089627987943,4336.959405736938,25359.94299742599
2026-07-08 19:00:00+00:00,134724.4899242984,125366.16842214728,144393.16146601096,16265.39705052904,21673.271463332563,22826.448835110376,11120.727894890382,7228.943147125265,7119.4639476942975,6203.923470130685,6331.875886601621,4888.123753401183,4431.508655252114,26634.805820230886
2026-07-08 20:00:00+00:00,137171.3110086521,127480.58802111713,146972.99796370984,16627.494036551405,22207.29378091663,23143.146080249433,11308.748164749177,7283.099131312398,7267.191563531831,6256.8782562630195,6449.541476450427,5065.903132213668,4538.773054518582,27023.24233189552
2026-07-08 21:00:00+00:00,137706.67230344593,127691.63478636084,147353.90892751145,16843.243193272257,22251.275899165514,23070.273931850406,11238.742310193784,7450.09558407914,7333.689198728518,6318.768512084999,6458.3870514846285,5157.368669104327,4594.170916469259,26990.657037013087
2026-07-08 22:00:00+00:00,137909.58763992623,128080.4802906789,148103.67883698284,16970.207318327473,22181.35086137271,22940.16807349694,11135.174438193464,7426.489069840515,7419.452376903015,6228.515173451632,6498.773180446072,5247.723502089542,4636.731062109442,27225.002583695416
2026-07-08 23:00:00+00:00,135629.24139831803,126110.50599489802,146149.45331923122,16869.559434862764,21923.989464449118,22672.361786851932,10988.344147926417,7237.316875524112,7292.619310869729,6118.32910196668,6284.011618109468,5136.028722752338,4532.834715599183,26573.846219406307
2026-07-09 00:00:00+00:00,131797.42685550236,122627.53753478365,142202.75677191926,16257.921367674067,21290.049545583093,22199.889723140022,10439.305811285547,7055.1928247778815,7181.184482181646,5986.022311484726,6031.474663302085,5000.6608061634,4375.988023990998,25979.73729591887
2026-07-09 01:00:00+00:00,127990.01925067417,119326.54695739386,137859.91908898507,15577.196734852374,20964.184400224574,21703.45136990168,10170.575948873386,6982.781363434552,6867.746995974658,5847.2135192332535,5768.247556726869,4743.967303083468,4115.592592181882,25249.061466187493
2026-07-09 02:00:00+00:00,124413.97576360228,116170.06237762609,134045.02220450164,15209.99794260607,20108.398848117766,21477.037961038164,9859.995595991177,6804.499502355645,6643.48861977178,5559.02797564116,5590.477166077109,4637.629247223216,3978.2539989859342,24545.168905794253
2026-07-09 03:00:00+00:00,116089.34053900302,108392.80109824956,125164.1235983542,14585.956112796037,19024.75331000922,20037.947336057732,9372.962424112107,6233.346548328374,6091.410819335074,5247.315254916092,5103.891575658764,4287.341641912215,3771.7047132199395,22332.710802657482
2026-07-09 04:00:00+00:00,107670.17237079199,100795.3134102133,116039.41432688433,13702.374086424205,17911.004215694677,18686.661608129394,8667.71349003672,5814.274424016091,5740.131820920351,4839.181634878811,4718.806544803338,3864.565358630628,3416.077665632466,20309.381521625302
2026-07-09 05:00:00+00:00,100300.77204789061,93807.34838564527,108029.65151957318,12631.138822979676,17000.091858268657,17527.522425577932,7918.2271273675215,5378.601893080069,5461.879455380251,4514.419958185531,4395.800819459634,3598.22488885008,3126.794445157403,18748.070353583873
2026-07-09 06:00:00+00:00,94965.24753481112,89281.2282098645,101971.7433837991,11629.903523608387,16204.871787907223,16858.88504779664,7534.450939705069,5116.126502966608,5127.553212644307,4353.6086215170435,4151.295411936604,3357.900837070903,2943.314129737276,17687.337519921057
2026-07-09 07:00:00+00:00,91621.11590132755,86389.74758095788,98067.33222901,10919.81680258117,15847.076280446296,16428.280872324987,7327.6414259438325,5024.868548748772,4947.5738725550755,4212.98809214568,3961.2503508219665,3180.8594373727415,2812.348389596517,16958.41182879051
2026-07-09 08:00:00+00:00,89710.92881493761,84764.8135340496,95763.14448729236,10517.578253961641,15579.003610536505,16045.336734963093,7191.54306540798,4897.915580083994,4805.062615981239,4168.589978793347,3884.7356170128555,3104.226107271908,2770.7927671972575,16746.14448372778
2026-07-09 09:00:00+00:00,89087.11329605295,84409.0203904578,94811.5445766098,10360.513455881148,15514.702508973283,15971.430695709514,7135.154984036806,4847.7546549752,4809.172205127106,4179.678648123507,3890.8505206638038,3093.3297199087565,2777.3160034966572,16507.209899157173
2026-07-09 10:00:00+00:00,91396.27493522516,86975.17212139997,96745.42187861283,10395.265451271582,15842.639962614989,16329.52645988555,7361.3722815268,5010.1001645030365,4935.023230840775,4366.228751081451,4084.240714844218,3212.361400139529,2929.5552368435983,16929.961281673633
2026-07-09 11:00:00+00:00,95262.94060471862,91231.6735654142,100227.64969179787,10709.802934122008,16361.06143601201,16922.167862555776,7659.08886639845,5255.169042317034,5045.140790500013,4687.7855109092325,4279.175336479111,3319.638753476091,3171.2815039612133,17852.62856798768
2026-07-09 12:00:00+00:00,99454.28808855884,95266.90603755231,104695.24809344459,11386.930498092572,16650.22615913938,17622.803993785532,8060.877196935617,5499.966136138425,5276.81280222727,4949.8720992598555,4590.3074243776955,3514.0502572204537,3404.071134651234,18498.370386730796
2026-07-09 13:00:00+00:00,103775.41038576017,98901.63383609847,109376.01419469615,12055.31770393521,17200.895276230334,18056.961990559266,8481.538588233978,5717.934597639433,5486.927894020862,5204.678071122633,4859.9592427291645,3657.9176085888325,3650.102239950237,19403.177172750224
2026-07-09 14:00:00+00:00,108675.92674618492,102867.67108623915,115633.59534024703,12847.829088235967,17931.329332399953,18847.364025259656,8962.706377991453,5936.365989910632,5693.431121408747,5371.834966187367,5194.444859396334,3820.9972989762005,3669.753683640132,20399.870002778476
2026-07-09 15:00:00+00:00,114478.89736313904,107821.66441208328,122538.19166822686,13446.945907149357,18846.925434502886,19816.683467373212,9525.013651990648,6321.902108702764,5917.1071684047165,5711.959699898722,5429.547894022926,4019.945915676881,3803.9093806806695,21638.956734736246
2026-07-09 16:00:00+00:00,121157.84484363967,113303.06971170791,130105.41467119142,14262.930016232553,19885.950992650298,20833.485281544232,10159.69191297193,6604.736355435337,6236.344949468761,5826.499907753854,5693.060313341226,4359.76480514018,3980.1998232154106,23315.180485885896
2026-07-09 17:00:00+00:00,127864.36738477465,118625.76452764281,137769.45105167196,15161.89811349821,20874.333270068197,21885.701571349917,10738.925475606356,6908.580403700192,6612.652658646532,6022.823316850979,5999.301978037516,4574.482526777668,4302.628337260809,24783.03973297829
2026-07-09 18:00:00+00:00,132784.71645578986,123466.7434635797,143193.51381113476,16211.652727162751,21422.876426363986,22551.919650737535,11307.331911511068,7162.876300847229,6975.264469787543,6181.532825732157,6212.141740404643,4854.181477996666,4420.035345987635,25484.903579258662
2026-07-09 19:00:00+00:00,136600.47693399418,126444.00843791859,147391.3633366528,16664.394601966807,21951.10967290996,22955.16047707303,11547.859039947953,7275.501758920187,7248.754530869927,6231.400186767832,6349.4028522256285,4948.295671556261,4491.73453498261,26936.863606773994
2026-07-09 20:00:00+00:00,138702.3692040085,128482.86889225633,149626.76207904494,17069.391017046004,22287.67380248827,23259.318364146373,11593.75065069621,7355.921881529096,7391.287522586312,6286.406899394247,6501.398113032807,5052.304739162933,4627.656293955544,27277.259919970682
2026-07-09 21:00:00+00:00,139512.57879282223,128959.08985791082,150448.5313564708,17203.767462054457,22442.246101764933,23213.047239533244,11584.833731831905,7463.401843024262,7507.31347056084,6382.414139800928,6567.131203103844,5211.477299014554,4677.561807900043,27259.38449423321
2026-07-09 22:00:00+00:00,139461.71440085623,128778.89567802483,150363.6883372125,17458.87003714162,22547.39341518508,22980.188911726455,11405.542972459789,7416.401530590568,7542.733360050069,6340.205876441066,6518.095669638492,5280.811764167867,4709.865663677556,27261.605199777674
2026-07-09 23:00:00+00:00,136469.45013109548,126293.40518650306,147536.93648798708,17070.24689102088,21852.911709607823,22768.650920903132,11188.506835712207,7247.181335390389,7448.65420020464,6157.138074174089,6275.242313544719,5185.407221535362,4541.128324422387,26734.382304579856
2026-07-10 00:00:00+00:00,132722.1697159761,122834.66106194981,143660.89921256216,16376.207553480997,21497.707822521963,22258.110010859225,10687.680483953398,7052.487179333095,7268.416663040392,5993.672025676501,6013.375073510652,5053.76777411731,4444.870072087047,26075.875057395515
2026-07-10 01:00:00+00:00,128965.90283941657,119679.11611991492,139514.8277435021,15714.387902258335,21011.86622018477,21799.103061271173,10366.657312416733,6947.85782544198,7107.80117911646,5915.308741363548,5816.27311203023,4751.336782739598,4129.213812358907,25406.09689023481
2026-07-10 02:00:00+00:00,125323.21216927246,116588.31594032719,135703.15294700378,15365.974161409276,20246.238029224933,21601.930320474417,9955.343115763142,6764.761589785735,6799.319931221374,5633.738219426187,5652.348623518287,4686.650160683141,3982.501303843515,24634.406713922446
2026-07-10 03:00:00+00:00,117065.49550948138,108806.11233146267,126655.58538492353,14768.98863282571,19167.329169435918,20087.87843297647,9440.072063580059,6273.604516982622,6323.415510387904,5256.800324776348,5196.099418235073,4268.542902422036,3781.093006817937,22501.671531041335
2026-07-10 04:00:00+00:00,108250.20187727113,100714.45136641261,116453.92268436987,13701.242508412146,17854.22909506301,18684.874144205674,8652.018832831161,5837.476232096937,5898.584213490752,4874.505211363532,4841.486848396362,3899.5914770011445,3420.528942659314,20585.6643717511
2026-07-10 05:00:00+00:00,100387.70672849855,93582.5197821419,107992.36689804483,12479.601882790726,16941.869232930894,17532.269111921734,7935.504558867124,5430.722418323864,5495.562583477287,4544.325187910093,4411.5791539005895,3590.5189353862443,3159.1971974744765,18866.556465515536
2026-07-10 06:00:00+00:00,95448.05685539781,89151.46630142095,102420.63437344319,11719.51585346558,16113.744196520587,16884.53449495536,7564.105561426302,5130.298660109284,5228.995490393985,4349.3807454506305,4257.021772234735,3367.269684650644,2944.8886303196423,17888.301765871063
2026-07-10 07:00:00+00:00,92127.02390993596,86231.65430732229,98781.6827646353,11009.517209240457,15848.846868782817,16423.931624642744,7305.738114118336,5025.159034401464,5073.439954902473,4242.836483400191,4048.9240517831686,3201.628154520306,2849.851020749748,17097.15139339427
2026-07-10 08:00:00+00:00,90017.64396518058,84526.66964527543,96127.10563472446,10654.237127014554,15643.040608533709,16045.176098836586,7159.34286632012,4912.4095192597615,4858.1103239447,4141.36416802846,3949.476809172061,3115.350125338704,2810.1678053795677,16728.968513352367
2026-07-10 09:00:00+00:00,89710.27395476395,84537.12370803034,95584.75380272485,10485.281681054328,15579.245709990097,16046.440745013722,7158.202286331597,4901.0798282268515,4857.3353638059125,4142.498044593344,3973.858810339412,3129.65805981248,2780.725504171224,16655.94792142499
2026-07-10 10:00:00+00:00,91233.39884587805,86234.88520103089,96695.10776475868,10504.174851805437,15836.324370135888,16328.434814363878,7303.426643097654,4965.449842246116,4927.745616406803,4296.547713447259,4102.426641332323,3204.576724492493,2946.564485249578,16817.72714330063
2026-07-10 11:00:00+00:00,95032.4199152667,90353.86060185981,100275.72239771626,10811.182772167822,16231.28567305096,16927.05695285037,7600.121596816283,5211.315806772165,5055.514734139671,4590.43093647461,4349.865068853797,3319.9508741037002,3148.9504311033866,17786.745068933935
2026-07-10 12:00:00+00:00,99454.58452834048,94826.25008128436,104899.0914592649,11342.625696550134,16661.11619264672,17553.29330074054,8044.968028872794,5436.501133374323,5320.79894224369,4914.800961881257,4692.955344601932,3491.5459546312463,3351.958848081646,18644.020124716204
2026-07-10 13:00:00+00:00,103487.62630380568,97936.5482777298,108922.02861764704,12096.175491263335,17164.86474200639,17917.458297016565,8427.370914565476,5661.97223551238,5514.937828232228,5079.131150892027,4925.469903688997,3623.6812524951606,3601.3241483587663,19475.24033977434
2026-07-10 14:00:00+00:00,108888.95629797276,102524.26262680782,116026.20440360642,12890.497632664039,17918.5618208474,18745.207765926905,8925.052029858478,5932.605727145145,5788.078425239378,5373.744077821837,5240.739209548409,3894.2996763692126,3687.9458643097505,20492.224068242213
2026-07-10 15:00:00+00:00,114620.49417377911,107380.15146104927,122471.81296929864,13389.3923099898,18891.378440552082,19706.873407724874,9383.170173572238,6299.557287133576,6070.560411185013,5613.096489218427,5544.84572106182,4039.170923121302,3864.3045278430964,21818.14448237688
2026-07-10 16:00:00+00:00,121314.3080148537,112755.28651698542,130050.3860471735,14115.177028537026,20063.027604434854,20757.61575242535,9926.801346294631,6649.589572667957,6501.271134369387,5750.772336666651,5851.711952834702,4339.110699116363,4087.3263797474,23271.904207759377
2026-07-10 17:00:00+00:00,127489.16575712382,117538.2560728636,136843.28992841963,14923.519633770127,20855.619518879943,21705.97098338921,10542.852993653309,6988.992266102427,6861.578903141979,5969.1474493501555,6074.641995254549,4579.611642988658,4313.287941888456,24673.942428704977
2026-07-10 18:00:00+00:00,132391.4455912125,121744.2470051125,142039.9562732721,15615.380929871511,21551.585584388016,22407.145205525387,11005.697599394714,7173.026500081256,7180.794196891765,6157.372881735222,6302.573550616303,4849.017008864941,4460.755717612055,25688.09641623135
2026-07-10 19:00:00+00:00,136046.25021933572,125012.98729733084,145928.71408723798,16544.066388746774,21938.329894644212,22834.251554777926,11264.612764554682,7336.2486561026135,7453.426004505353,6224.994882189733,6358.749330935269,5002.329233679994,4570.117563811714,26519.12394538743
2026-07-10 20:00:00+00:00,137853.74843053325,126923.06086986019,147650.12198925315,16736.763279611463,22336.26911892563,22989.32379943519,11405.472031297033,7461.883756316805,7562.505402230353,6279.810988981721,6445.6197511183855,5082.106937612033,4707.524787662236,26846.46857734241
2026-07-10 21:00:00+00:00,138016.42569159294,126444.73034186289,148354.5215812228,16884.27228533881,22371.282595386267,22870.44540738655,11275.029020789401,7412.7104886395,7605.208040654861,6264.761729155772,6559.301012527708,5195.851275450729,4661.620426232341,26915.943410031006
2026-07-10 22:00:00+00:00,137155.26762848988,125367.04532176183,147718.77093063726,16558.49339479477,22338.12060590562,22687.864268777008,11105.082888217625,7347.581831335956,7603.84428789911,6197.01649113302,6506.670356795455,5289.377014900798,4666.223416716942,26854.993072013567
2026-07-10 23:00:00+00:00,133646.24158443284,121888.28970408093,144948.19695863134,16282.835548548943,21991.052818631462,22125.87499730259,10595.230801664107,7148.823360349003,7481.5236026308,5980.9771981760905,6230.46115266461,5148.740910886391,4537.915626205318,26122.805567373525
2026-07-11 00:00:00+00:00,129457.53984175723,118320.94727803866,140542.99763682124,15773.356811271948,21329.717882376168,21581.99616955636,10119.066537560679,6925.271668512607,7300.814733079008,5785.8585093642705,5974.469812586743,4983.1214382170565,4354.963396750207,25328.902882482173
2026-07-11 01:00:00+00:00,125686.36234278446,114991.27408001685,135886.77394952008,15181.439766662588,20892.461991499735,21020.54650276952,9842.693849082301,6845.421966183419,7180.905788916195,5656.976762825194,5726.043105039517,4697.767402980501,4096.587715865409,24545.51749096009
2026-07-11 02:00:00+00:00,121829.6179106609,111971.42201698414,131541.41770220586,14751.087577599426,20103.488166174746,20672.900756893578,9506.16085803634,6609.653223147444,7018.5207350226565,5335.126473785332,5476.959564844686,4593.08107518493,3920.474917781981,23842.164562189795
2026-07-11 03:00:00+00:00,115039.95651830304,105799.96058961588,124092.49455641024,14308.99640840105,19155.268967842916,19500.714574770303,9059.572321664447,6181.678394119222,6491.272844599891,5113.317650608083,5192.6401478694115,4226.16871859406,3709.1819029887406,22101.14458684491
2026-07-11 04:00:00+00:00,105851.28807729388,97197.83048281992,114485.22658041421,13069.110454988055,17972.620209946126,18175.15701001218,8266.581689326178,5774.924273210683,5810.33858280298,4673.874902118397,4816.662964310575,3927.947384656361,3394.3570280607337,19969.713577861603
2026-07-11 05:00:00+00:00,98586.58760522128,90775.56596308979,106214.6805091743,12073.652773659765,16923.632758945736,17046.974231973814,7621.287556185507,5319.210705153451,5492.593141969336,4320.68066251726,4443.525555664643,3619.7567428659872,3192.955421888212,18532.318054397576
2026-07-11 06:00:00+00:00,93244.014751762,86443.34955854082,100355.9911407573,11353.33286466655,16354.539343549824,16217.17635326074,7249.730335596093,4972.400596065782,5143.744054465726,4087.859545385412,4156.670490116896,3399.2184594928194,3014.5543808067223,17294.78832835544
2026-07-11 07:00:00+00:00,89367.44503050753,83019.00140955951,95967.30459090447,10749.101501186859,15643.198367487246,15610.209055845076,6981.7803500527625,4834.341055889469,4982.503018595878,3996.1636875214963,3984.442713241459,3236.1470443373737,2851.5197009657068,16498.038535384196
2026-07-11 08:00:00+00:00,86737.7527020002,80680.12798858355,93151.6340113204,10332.310600739787,15331.492534853958,15298.879616683218,6712.347481823821,4711.445470789612,4815.8336125100805,3902.0899773348137,3872.913083775092,3062.661175410144,2751.2819903730506,15946.49715770662
2026-07-11 09:00:00+00:00,85631.23011164405,79787.71215283008,91867.0282094379,10069.339162441569,15083.652941606302,15143.910035203193,6695.807868154624,4679.441904324798,4689.352720451146,3871.242672153449,3840.897853701355,3040.921859887562,2707.4802418333243,15809.182851886728
2026-07-11 10:00:00+00:00,85927.52203287122,80231.71169024236,92105.98527884965,10001.909239958077,15081.349058690741,15280.071371769474,6745.61055115415,4672.125742329012,4691.7763037105915,3948.040456937715,3851.9827099604654,3064.503450864063,2709.3769524429554,15880.77619505398
2026-07-11 11:00:00+00:00,86306.677364586,80561.62591018528,92702.51922312666,10157.381598840851,15263.128414652389,15224.12268840379,6729.024779232427,4653.1972527975895,4594.956083977761,4033.7542530424757,3928.5828776021553,3017.8618528416946,2731.595888140914,15973.071675053923
2026-07-11 12:00:00+00:00,87784.2259333673,82070.2593861472,93996.70765558763,10035.496834446925,15639.636978249497,15491.969910756561,6800.488782442765,4718.88598924873,4709.734661677714,4126.178281468917,4137.3322804969985,3202.027297396831,2810.668489582162,16111.806427600206
2026-07-11 13:00:00+00:00,93108.11646735927,86931.35848649178,99933.47286244786,10495.86883862095,16178.883907856127,16379.98218927833,7287.081752045835,5086.571130681592,4876.936034920278,4401.451068305616,4520.654833548105,3364.200467667289,3094.1153960397874,17422.370848395356
2026-07-11 14:00:00+00:00,99180.33369373708,91788.1237397432,107237.81495684323,11358.588882259406,17205.225811957167,17114.1021052523,7723.503790613448,5507.926930336857,5140.158197761409,4819.301168364533,4823.643700347972,3589.0861381008467,3255.065726668544,18643.731242074606
2026-07-11 15:00:00+00:00,105974.40454466183,97500.90138948224,114858.03821741318,12174.532433734355,18348.608468572587,18100.93213727622,8651.258799770267,5866.242815280537,5418.647152647473,5061.317710076768,5123.311520889369,3866.4745174138757,3510.294387310834,19852.78460168953
2026-07-11 16:00:00+00:00,112555.37315365257,102612.83936015228,122170.1836176975,12820.518480851306,19406.373074735486,18993.14013409909,8817.45549632662,6145.944054594894,6026.510704127112,5278.387909497108,5485.540914520519,4141.2497596789635,3716.947625472589,21723.30499974889
2026-07-11 17:00:00+00:00,118432.32415471144,107319.03603214916,128459.28125427743,13507.853089672548,20159.875070604903,19888.91454339979,9111.37349550116,6521.229393644547,6242.824080861289,5488.98388661417,5691.221814725664,4517.2578570106525,3982.9404086129653,23319.85051406375
2026-07-11 18:00:00+00:00,122676.6693461814,110923.50648516347,133490.497106448,14111.456231881153,20805.225586329518,20699.25906334841,9613.162068967576,6662.800403709721,6540.765662480209,5651.050332559651,5870.018106700192,4692.006085954404,4080.8619579113674,23950.063846339177
2026-07-11 19:00:00+00:00,126257.09052774942,114038.77728497249,138020.2508545539,14903.046829313316,21229.563539220282,21164.78825682663,9745.624400826162,6919.91965738622,6736.088673894841,5705.772391752079,6078.681410270094,4903.920415137593,4205.16986207107,24664.515091051147
2026-07-11 20:00:00+00:00,128796.47292553085,115861.60137096308,140375.49700261652,15048.354152513724,21601.185168666816,21381.714618914688,10045.368370909953,7050.80457326078,7066.353524081428,5775.561680375259,6147.1198487798465,5010.890454470133,4266.22786585275,25402.892667705466
2026-07-11 21:00:00+00:00,129851.43182402535,116602.73170120282,141830.97875006087,15300.13684882173,21749.027638808235,21432.561562293635,10036.931468683631,7012.036722493787,7301.740394699028,5855.225657267916,6201.190157733398,5083.986258780656,4316.575930954079,25562.01918348928
2026-07-11 22:00:00+00:00,129654.53980519668,116701.07122418107,141022.73167792766,15087.678221482985,21768.761470200083,21166.75500322755,10068.952250622202,7024.329944314135,7395.001071371306,5824.278532867081,6181.682203304687,5148.969180586688,4300.807885138996,25687.32404208094
2026-07-11 23:00:00+00:00,127786.46375086502,114936.64321733905,139332.05596191433,15140.135876180446,21614.446112000787,21142.492393066535,9600.741762405434,6849.157427686592,7174.863692269218,5676.721975935772,5962.71146590236,5126.784747083136,4291.832941281054,25206.57535705367
2026-07-12 00:00:00+00:00,124009.58185726058,112217.26451345738,135388.5249007389,14604.279266621334,20916.06072519459,20783.81963092146,9324.663646190935,6664.825182806176,6967.8123508066565,5519.0927300331105,5702.626303904217,4959.664067009868,4199.158442101278,24367.579511670956
2026-07-12 01:00:00+00:00,120894.91656037052,109467.4491915519,131704.3410173147,14252.70355308261,20620.483672105776,20167.787285029244,9177.9320883071,6586.640532602671,6886.952836102718,5353.622589635918,5550.687975190723,4746.055326730739,4052.274855724163,23499.775845858847
2026-07-12 02:00:00+00:00,117491.64559412573,106068.3260433475,128414.75608854061,14018.097446557416,19974.028430349113,19639.755447383846,8882.279627476459,6364.786739569029,6659.342943113778,5227.583918025795,5311.0939949111935,4564.836342535769,3895.9402945590064,22953.900409644328
2026-07-12 03:00:00+00:00,110657.70491469017,100099.85523766272,120686.36693505498,13362.698502337505,18894.818334379514,18370.79781780762,8320.54810006257,6019.956867421579,6331.030284217035,4893.057940593969,4978.411694755727,4325.542277851129,3687.0818183271813,21473.76127693633
2026-07-12 04:00:00+00:00,103137.35879704502,94034.40772312127,112512.75201722195,12473.254109123263,17884.183141829377,17593.35162034001,7777.364911052635,5635.968502550128,5885.1414155405355,4553.961434765341,4767.399285501487,3941.886921466276,3404.318981317731,19220.52847355825
2026-07-12 05:00:00+00:00,96529.62497903667,88065.11628320855,104784.63980279509,11593.530818470721,16877.303627478545,16683.11856635999,7357.855684851456,5125.764243394954,5399.6134773405765,4173.55533808816,4451.879603954392,3687.070082093843,3166.182396764239,18013.751140239798
2026-07-12 06:00:00+00:00,90999.07213030031,83845.97897378576,98451.15308872008,10838.870633559693,16281.148117773619,15698.572368473979,7036.292912190751,4803.844083725202,5075.190578286268,3972.3991017428853,4197.326118987648,3409.9504877838654,2986.639752201359,16698.837975575043
2026-07-12 07:00:00+00:00,87604.86455865414,80979.37891714819,94314.2089149422,10343.953197532344,15551.137697277802,15263.613071271342,6774.970190200942,4677.04352296691,4920.771311565277,3872.5162559881996,4020.1021579117137,3229.65873617926,2844.3005222814872,16106.797895478869
2026-07-12 08:00:00+00:00,84695.30280852364,78525.70912393725,91385.62734148414,9885.598584197405,15210.17871192413,14855.638419559666,6501.77602235666,4549.035584125929,4769.257888668199,3771.4410130172005,3851.2222003994316,3051.787401853768,2734.0246658919,15515.342316529342
2026-07-12 09:00:00+00:00,83675.1400621843,77818.54085565823,89959.92645062102,9660.772412794575,15141.450008412337,14697.322322922784,6463.4958680923755,4473.797038219748,4616.900985469538,3753.212461857079,3845.1745850858733,3026.4375929171597,2709.295665510337,15287.281120902495
2026-07-12 10:00:00+00:00,83271.1294127701,77536.18403040053,89796.80321231642,9540.063828929084,14889.814603358913,14671.90667500853,6452.0822342298015,4480.9908148466775,4601.241024188712,3763.864424100469,3842.2602562457546,3027.061537781874,2691.7049252832735,15310.139088796997
2026-07-12 11:00:00+00:00,83104.11144641286,77266.95772820743,90025.04933606491,9553.992017436005,15134.005475671547,14581.828574074898,6361.604577519445,4426.865746095012,4490.019001491009,3869.581044878822,3841.6972401501507,2943.7516984896915,2654.056983354291,15246.70908725197
2026-07-12 12:00:00+00:00,84451.38427930993,78626.98927500974,91094.11745276385,9352.648665761348,15509.474715318389,14844.527005211054,6406.63406170927,4526.604813535628,4555.885683251705,3963.71060450663,4014.8028286881363,3100.2428343041456,2749.102085924824,15427.750981098814
2026-07-12 13:00:00+00:00,89329.36806964438,83019.16579581716,96435.0900339554,9634.877772696957,16062.551832869636,15717.618042254195,6868.265634186635,4865.305862497674,4736.917735367348,4206.790139687911,4350.621490679815,3272.091528148672,2970.1269958383564,16644.20103541718
2026-07-12 14:00:00+00:00,95294.5373086165,87525.19335240814,103722.21027326754,10302.578650824891,17195.892425474514,16404.16598556845,7225.600850283514,5237.898671884317,4926.328864579233,4633.477281600029,4694.511473017553,3494.056405504933,3152.5559749583454,18027.470724920728
2026-07-12 15:00:00+00:00,101470.06076174075,92621.84256781402,110456.78904560792,11154.535822536596,18036.196409480617,17399.529311671475,8024.870097449684,5592.466074312967,5227.425370666763,4823.097782257991,5003.503417326388,3772.8181730942706,3387.74019534737,19047.87810759663
2026-07-12 16:00:00+00:00,108643.66811405147,98742.1628009231,118099.4514784768,11895.575481127089,19339.818672370136,18500.938307082783,8358.493277314072,5912.447688545959,5717.526542825657,5081.230052085435,5341.048946728874,4079.731212063603,3679.153629210244,20737.704304697632
2026-07-12 17:00:00+00:00,114756.98618834367,103743.11920244532,124907.38931792237,12632.425307020118,20036.264575880883,19166.773833854622,8719.13633428833,6344.953583573583,6160.198524859416,5285.3644372851595,5676.4013101253195,4441.611710669637,3885.5548141372374,22408.301756649358
2026-07-12 18:00:00+00:00,119648.67026046646,108062.62495556122,130904.99712331792,13569.951402199615,20734.75550319835,20085.285559692507,9194.063280421386,6582.386549862599,6438.042219156998,5478.716274183036,5772.011622366857,4593.676233621544,3956.3366680628483,23243.444947700722
2026-07-12 19:00:00+00:00,123431.03174328178,111427.79383841423,135175.368336888,14007.90502268808,21023.368166738772,20655.498733084823,9578.486552487964,6722.523871060523,6646.375368977118,5552.174611196062,5932.18672178739,4825.080870774892,4097.211015369036,24390.220809117098
2026-07-12 20:00:00+00:00,126559.69190635782,113948.00224312473,138410.81627269287,14335.643313313933,21418.1630272034,21087.215500912134,9864.753457750683,6867.123721751728,7026.967683501744,5622.751470656739,6159.020581930074,4938.123789135684,4116.7036692697575,25123.22569093193
2026-07-12 21:00:00+00:00,128061.51227513824,114805.54020285234,140162.07410476074,14487.62481699079,21736.55449351452,21240.605332136274,9880.445696854234,7000.390402367354,7282.472254071334,5721.133036169093,6240.932601264221,5010.725106520731,4236.9050827488945,25223.7234525008
2026-07-12 22:00:00+00:00,128844.11415762882,116157.38225222637,140410.83667869956,14817.062035697545,21837.26748341427,21236.247579932016,9819.921609849436,7023.100115866931,7266.4227849558965,5728.127205806132,6216.32151579997,5175.701851837427,4294.326674348437,25429.61530012075
2026-07-12 23:00:00+00:00,127485.50532487383,114851.50438625988,139476.1689469825,14897.358878050012,21442.55412311564,21196.79743611117,9550.290723044303,6775.693216529499,7265.7399762760615,5625.286534197217,6046.682878732788,5170.485870240808,4324.002410167494,25190.613278408826
2026-07-13 00:00:00+00:00,123951.44418245136,111771.76177768398,135621.99051116148,14379.986006068151,20838.27290126426,20862.21424010605,9197.734170913298,6653.181248761061,7011.702379306818,5473.916678062488,5864.185174355649,4991.604070817236,4290.543773706668,24388.10353908967
2026-07-13 01:00:00+00:00,121116.84725203118,109232.72236366113,132442.57531560483,13987.911209858637,20534.841989739652,20391.94903822109,9053.707655013843,6635.724673308117,6944.2698797250405,5242.547617861264,5644.7908480823135,4797.340200027146,4134.052661527082,23749.711478667017
2026-07-13 02:00:00+00:00,117489.80572619039,106418.08176810632,129081.51763968164,13820.730556354545,19931.961483524323,19691.176767429344,8746.169899946593,6309.490659513273,6742.5112718635455,5188.574405447917,5493.158974823814,4668.690840036513,3980.6382660210706,22916.70260122945
2026-07-13 03:00:00+00:00,110447.05224231369,100241.47104284861,121507.61793841439,13017.049440476563,18824.820171920936,18509.812431431787,8334.868511691222,5981.411291385335,6363.18378910248,4891.079705613769,5114.594237647571,4299.1291246602495,3679.7629857288507,21431.340552654914
2026-07-13 04:00:00+00:00,104137.45557294847,95002.08104802415,114070.29571729997,12136.144501457517,17936.869234066973,17845.947443602785,8046.742923305518,5610.9583364728915,5909.348256187484,4607.632574798672,4912.245702927082,3948.2834127080164,3441.2852125557656,19741.997974865764
2026-07-13 05:00:00+00:00,96867.7863099611,88766.51118927432,105690.11583102468,11347.064466904445,16890.045561770476,16697.59378147355,7549.00086403119,5213.4553410659455,5494.849302869229,4296.547573630709,4496.68454263691,3621.0491586215935,3164.330010974988,18097.16570598206
2026-07-13 06:00:00+00:00,92183.9917720241,84994.41688302215,100328.17665284016,10636.885361203638,16201.48600348766,16121.764572911903,7130.421856392675,5018.054379071616,5180.555381626729,4133.4456732987055,4273.045106365205,3398.990237469168,2928.0343857174184,17161.30881447939
2026-07-13 07:00:00+00:00,89107.83074509949,82518.14327855459,96686.5404175629,10229.480731341271,15715.800704982452,15668.857080603084,6893.264164995305,4885.180471727763,5022.248375679927,4038.909175478271,4037.0902483080636,3250.4399427601134,2837.7751833068924,16528.784665916344
2026-07-13 08:00:00+00:00,87292.99160200624,81051.98348252999,94631.06692261201,9926.068254618782,15536.48046451519,15489.926765188615,6775.99567770123,4737.56788929556,4898.90038365286,3986.0679768853665,3952.604853813528,3136.5078379672004,2793.293486473487,16059.57801189442
2026-07-13 09:00:00+00:00,87248.4060217009,81247.5659252334,94098.43424487617,9863.618184178467,15408.987455762974,15473.26356898445,6782.47737801033,4771.869922271918,4853.866791124714,4018.999979589364,3977.8527455859194,3167.733864031767,2811.523040897652,16118.213091263347
2026-07-13 10:00:00+00:00,89703.08775050535,83902.31870305724,96218.12200814167,10015.407327627554,15667.293612272442,15825.878434417045,7002.133313802283,4906.513670719852,4985.588389853931,4172.331652901219,4136.743728374075,3240.1289586068624,2982.600807737029,16768.46785419306
2026-07-13 11:00:00+00:00,93797.20913944714,88382.01803907604,99937.55054758515,10398.419797189656,16172.046455746831,16482.50217098258,7322.456221259742,5119.907125294711,5164.812829547985,4555.313342949378,4419.842169409704,3395.4802475559677,3149.8797585889843,17616.54902092159
2026-07-13 12:00:00+00:00,98028.99533454233,92677.01969749617,104035.4094698474,10927.474897875087,16522.161611757885,17048.439878554025,7827.245005485038,5408.646705580613,5463.296270683836,4825.820330038393,4690.414188149353,3553.316531287471,3441.914899309708,18320.26501582091
2026-07-13 13:00:00+00:00,102700.12312036345,96465.09817864551,109731.66507166381,11734.669340370163,17160.54786026008,17737.057122321443,8211.865974834254,5642.223115752173,5540.476222485706,5097.655565532319,4943.575967351468,3703.710438243135,3629.016300753431,19299.32521245929
2026-07-13 14:00:00+00:00,107565.9382684425,100108.36375604526,115784.26976126335,12431.69217433157,17882.294545135745,18527.849445228425,8595.390160167966,5871.52808004324,5854.927162966138,5295.435273934534,5291.884463601341,3903.2027990821502,3690.019029121384,20221.71513483003
2026-07-13 15:00:00+00:00,113558.54067719783,104926.39077035963,122348.12398897014,13100.753600042517,18958.49285375808,19471.701657906717,9125.62565920304,6336.0421311072,6105.870367035518,5634.879400657469,5527.974717877569,4021.1990014759826,3873.47522130149,21402.52606683224
2026-07-13 16:00:00+00:00,119858.5617639145,109847.90298681955,128980.98337216578,13704.859394165424,19831.22088605481,20456.44968348745,9577.389229855218,6626.202525500221,6531.893528959291,5725.999103694267,5893.3282082849455,4340.207421885327,4086.7678860940887,23084.24389593346
2026-07-13 17:00:00+00:00,125866.3539578192,114291.30252677335,136232.61281873687,14591.701235743105,20762.62335949704,21304.614571434544,10041.712322768675,6924.360314827445,6769.6189645320355,5934.455126142938,6125.038082791766,4608.537117954662,4310.914311529013,24492.77855059796
2026-07-13 18:00:00+00:00,130652.8710716172,118338.493917671,141543.03079058358,15466.833702270122,21381.921016998567,22119.065661557663,10545.286962922715,7185.852385992214,7176.862955925326,6050.163158768752,6319.978338823595,4822.92316784304,4423.448082458976,25160.53563805623
2026-07-13 19:00:00+00:00,134258.2937163839,121246.23294379786,145677.8412156984,16081.6231816804,21788.04669177443,22798.663250566675,10803.110963523917,7396.869864787799,7417.598444039652,6116.40333459608,6415.372854733521,4978.055654096765,4506.262408167979,25956.287068416666
2026-07-13 20:00:00+00:00,136814.95578546912,122885.8907603338,148379.96724409706,16509.73390668867,22199.388754694588,22934.900800286396,10938.87563561793,7482.0100190504,7576.629349532979,6168.77574002626,6521.301514714572,5080.245742029945,4619.347565655895,26783.74675717147
2026-07-13 21:00:00+00:00,137720.02682645223,123808.05514573745,149340.87112529497,16569.332289460446,22363.97596093569,22884.87179262305,10981.702883866192,7518.456817123511,7695.076313759872,6205.144808997829,6575.9379602821755,5218.170474206249,4686.761463153992,27020.59606204324
2026-07-13 22:00:00+00:00,137399.52489300157,123253.35238628811,149109.51789353258,16543.788892876073,22492.02510414461,22691.683848209774,10743.108173011162,7461.06085875791,7757.836810505322,6162.86130973533,6541.178694775135,5351.0819236005145,4725.980931794539,26928.918345591203
2026-07-13 23:00:00+00:00,134856.26545022507,121547.85881447478,146552.7928535517,16414.069396510662,21997.746453171087,22362.064441651655,10480.528691085954,7335.363163266026,7725.025519351262,6041.822575085248,6304.246909179002,5272.8772179471525,4613.565744556303,26308.955338420725
2026-07-14 00:00:00+00:00,131241.18371709652,117863.9328228431,143015.9373390442,15892.566991947164,21396.08174503744,21754.415870568788,10163.652272812113,7148.7519611126445,7494.9422318256375,5953.49022461543,6081.260985110215,5129.686797278716,4451.818747604086,25774.51588918428
2026-07-14 01:00:00+00:00,127607.5232148483,114619.36084105994,139009.54623892767,15296.622392550431,21127.366792539648,21446.62743664337,9895.882646555861,7052.617880541259,7272.5352482839,5727.7217803375925,5845.492295943432,4856.857085231083,4182.339909477993,24903.45974674374
2026-07-14 02:00:00+00:00,123142.58788011252,110829.01065263082,134256.70316382582,14765.323002225388,20256.486833151197,20872.98108024646,9680.913865487024,6718.2467534616735,7009.251971747405,5561.315917924078,5635.996497682441,4744.421697327207,3994.6498164715895,23903.000444388053
2026-07-14 03:00:00+00:00,114864.59784926898,103831.924234379,124888.4236868741,14021.28639205717,19262.55176382044,19414.621757772336,8838.555951361883,6233.751070497343,6440.770855149967,5196.632836969001,5245.303802629261,4315.842612830766,3796.7785064171294,22098.50229976368
2026-07-14 04:00:00+00:00,106158.8943195922,100354.61361017203,111474.31796847357,12885.704232277956,17977.172839307306,18287.123195070762,8269.84094756984,5695.148114063511,5964.946677295975,4783.613154303153,4920.300680230297,3963.1098783831067,3389.0789782586635,20022.85562283163
2026-07-14 05:00:00+00:00,98696.27812309784,93650.12492020625,103569.51347819423,11896.860960956543,17031.0504605087,17159.647975831267,7784.352145695479,5340.202086886663,5503.732454585423,4507.011197619114,4413.170770535353,3626.68684530864,3167.2794426218265,18266.28378254884
2026-07-14 06:00:00+00:00,93796.04122043136,89439.57744852788,98561.61392869693,11153.928180529347,16314.582067951707,16410.062355982987,7350.566555868094,5068.139234378341,5229.202837400092,4311.6633481657545,4203.063644345625,3375.944601164486,2894.809837327706,17484.078557317218
2026-07-14 07:00:00+00:00,90443.18798059589,86324.8277990205,94779.49967357724,10591.123897621223,15789.812353284908,15947.439787887024,7141.480624847197,4896.868976861768,5065.681037116333,4197.690749482901,3996.1674528905437,3223.3600093211126,2808.352805810637,16785.21028547225
2026-07-14 08:00:00+00:00,88403.83570485006,84645.6587797102,92506.68341047406,10156.376865804566,15576.54687206626,15748.13526588451,6999.941953573631,4779.216234474923,4870.553864727476,4151.96110303315,3915.4601376152955,3118.1009806683187,2766.0688469177467,16321.47358008421
2026-07-14 09:00:00+00:00,88104.70308507927,84465.4656805561,91889.09340880686,10030.095408159516,15485.975577107889,15664.261609742303,7007.864856521254,4782.752827388289,4873.667473499997,4158.060148968112,3954.5474559525433,3136.156020285374,2779.120691308182,16232.201016145797
2026-07-14 10:00:00+00:00,90591.77343330564,87051.368721535,94049.51169657017,10118.493506791056,15831.526293583953,16038.90327802593,7204.9161082804,4923.752358003132,4984.58957089736,4368.699625806251,4127.680311967603,3252.8580603549844,2977.8526753460465,16762.50164424892
2026-07-14 11:00:00+00:00,94485.31254680928,91193.76358150593,98043.88863701765,10484.366099312767,16296.047616050297,16619.00945800267,7560.7723206916,5133.767243473811,5165.3311077237095,4666.59657372566,4371.030879717213,3347.7501400715346,3139.686675894921,17700.95443214508
2026-07-14 12:00:00+00:00,98195.14318171307,94826.63106548278,101604.3734438851,11007.504392946641,16616.40766480125,17044.58775377006,7975.80393200457,5421.078988972348,5320.6896503154385,4931.633861720488,4633.568799450219,3526.4403800686814,3387.025738510251,18330.402019153116
2026-07-14 13:00:00+00:00,101453.05582827296,97631.2126025825,104978.87963074447,11721.30307755374,16949.983952369686,17549.352437898877,8263.020917778034,5622.780035817131,5395.831337478104,5111.831385079895,4812.226888102149,3644.5743473186744,3464.204253382779,18917.947195493907
2026-07-14 14:00:00+00:00,106080.91911680881,101555.92853005866,109990.32161752044,12470.241906117619,17720.77359562345,18097.965976082676,8596.83276698473,5838.610708026304,5643.985527833332,5305.576276603521,5142.555423362597,3884.840055940142,3561.9302502943046,19817.606629940125
2026-07-14 15:00:00+00:00,112351.09791381512,106761.31303500957,117474.41586301886,13156.463664867912,18911.144241452494,19029.440360220156,9102.181293010233,6256.635077521875,5901.726950370615,5576.57730466221,5512.238882745674,4010.1763775111813,3731.144720940075,21163.369040512694
2026-07-14 16:00:00+00:00,119189.37697161593,112371.91955088382,124020.55474168253,13900.610646325542,20069.859481751053,20048.027743880135,9521.175950894925,6551.098454851853,6290.838574047447,5733.735570396196,5843.252480051924,4367.492941806743,3993.1065303507376,22870.178597259375
2026-07-14 17:00:00+00:00,124930.19821272312,117316.04554320748,129863.37185905642,14664.562344308586,20863.504846088734,20920.897601263383,10035.146801301587,6838.404142056212,6697.824258705278,5916.336617853432,6063.032457256842,4639.981724786891,4268.273193325346,24022.234225776818
2026-07-14 18:00:00+00:00,130161.64555707428,121908.38189436216,135091.7549313135,15473.684062685046,21482.101442677933,21838.643328159866,10497.379143738553,7113.803186006545,7160.151910700557,6076.6645694530525,6291.5091584680285,4813.521559200773,4423.13534865114,24991.051847332797
2026-07-14 19:00:00+00:00,133848.34956474238,125317.6414218353,139181.22006323002,16153.108929910995,21721.758921988843,22483.030957722145,10689.253272531096,7308.656525185392,7437.412517135648,6166.220465463061,6406.4209781245845,5000.670732811209,4509.866061123261,25971.95020274615
2026-07-14 20:00:00+00:00,136917.80267171902,127893.62961914239,142348.7637227186,16560.87968104857,22259.45747655223,22778.63146600041,10907.949545435624,7479.263941906705,7601.554440210822,6222.319608965706,6521.309575646519,5183.169743409794,4615.87158410972,26787.395608432947
2026-07-14 21:00:00+00:00,138067.173795675,128837.04196418029,143317.70747598025,16830.547632688736,22384.093838332767,22868.362914752077,10977.18951005138,7529.309117545525,7705.630240748227,6245.469549980885,6547.624025260568,5264.562663416239,4696.821431256428,27017.562871642167
2026-07-14 22:00:00+00:00,137788.1215530686,128249.68539176474,143010.1728663863,16757.904156413693,22337.73040971589,22570.002196418198,10853.024716933503,7514.227410063635,7831.146702786681,6222.839240798876,6550.662100527567,5435.446205421719,4697.354255730071,27017.7841582588
2026-07-14 23:00:00+00:00,135608.21682957164,125906.68260942609,140702.32609778462,16524.57637394879,22108.911566801093,22268.613131237136,10589.005599604172,7386.456376146416,7788.196110439177,6157.865359032265,6382.3716250037305,5404.67412478206,4590.040347864923,26407.50621471187
2026-07-15 00:00:00+00:00,131861.24504680454,122349.6774519101,136559.75212825506,16023.083550401694,21579.88737585354,21689.019496643985,10185.914551160391,7205.871918234191,7579.829431885932,6036.379704868461,6086.16079983642,5199.386144488338,4421.242052714083,25854.470020717516
2026-07-15 01:00:00+00:00,128219.64629898474,119298.87253035636,132820.32693232695,15421.392789677713,21315.412980816294,21279.752830051923,9861.789029123662,7005.635299425934,7427.814655021154,5858.326217272241,5874.328600807265,5000.200736421421,4212.7902332911535,24962.202927075985
2026-07-15 02:00:00+00:00,123365.0824548656,115358.48207165627,127692.98297976301,14743.753759481424,20434.86525345426,20777.496350825542,9696.630881402521,6747.14306551589,6986.425691461568,5650.379702995558,5666.571621478263,4801.24597290923,4029.3091969032866,23831.26095843804
2026-07-15 03:00:00+00:00,114212.82975457517,107011.3998201394,118405.7509630661,14074.225582942629,18974.532283361703,19329.49529688669,8812.02563919551,6211.717564238283,6451.639122785328,5252.3591461435735,5154.282912595355,4467.360968161247,3753.6812531790083,21731.509985085835
2026-07-15 04:00:00+00:00,105460.91238732348,102984.70991609861,107373.54474028117,12809.926751967843,17906.683591493675,18208.32142042675,8221.533734399794,5618.103307876845,5926.054840684804,4802.453589550728,4831.656127162577,4029.879744667117,3357.0224385477454,19749.276840545583
2026-07-15 05:00:00+00:00,97663.59910237239,95107.68437334114,99533.74111523529,11758.061657983217,16739.75686716474,16814.60706802601,7566.588182122699,5264.929731307391,5517.890787347388,4527.868399092934,4452.627445262568,3727.1498451629454,3099.109980516796,18195.009138385714
2026-07-15 06:00:00+00:00,93294.13842227854,90710.13982220259,95264.5268928478,11039.25559787223,16227.240199112086,16185.973538749433,7286.558646268638,4990.274943361103,5299.618810567169,4341.370713980364,4220.028835355102,3519.1333836108374,2892.387248994789,17292.29650440679
2026-07-15 07:00:00+00:00,89969.99123119788,87584.11792550565,91852.22811048852,10514.90224472806,15757.083263181576,15793.023027642204,7015.0555925696935,4855.205605329566,5164.845951722873,4225.147679271862,4018.232775853088,3364.166934239056,2769.444364523084,16492.883792136825
2026-07-15 08:00:00+00:00,88457.35172059627,86220.778985513,90260.1576137136,10144.716985129087,15507.59446550924,15602.166296298858,6888.821385092728,4775.324024550975,5068.852580640944,4188.952580294325,3963.801904730177,3316.3169554965502,2730.121295954342,16270.683246899032
2026-07-15 09:00:00+00:00,88742.8227564212,86566.35064490813,90473.58932687851,10022.556664949732,15587.376746526765,15627.437589666953,6905.789021692188,4796.03671962286,5131.136950464119,4213.770314514834,4001.8185196200225,3270.0125120962753,2804.4075049109156,16382.480212356524
2026-07-15 10:00:00+00:00,91307.71904849279,89317.2624577292,93005.1014772014,10074.49140187583,15889.580172430567,16044.168937177279,7159.655027134271,4945.107268729937,5263.2072203875405,4434.6764679606895,4188.435631243893,3369.1613750559136,2996.90222178194,16942.333324714913
2026-07-15 11:00:00+00:00,94596.52760253675,92638.92718731854,96297.1520967479,10414.457246824777,16199.486300031751,16639.203296625576,7492.838421985231,5136.197719302226,5285.161403399055,4718.3338826212475,4350.680512355813,3446.2464756012873,3098.1057717907397,17815.816571999047
2026-07-15 12:00:00+00:00,97362.69697427138,95351.6029633077,99083.83215103377,10841.690134972952,16496.00412848284,16927.903943132027,7866.518438255132,5348.544176198495,5261.881457626045,4968.814026579498,4529.2401129286445,3597.7351103051788,3206.478232393192,18317.887213397385
