{
"type": "FeatureCollection",
"name": "colombia_hydro_regions_final",
"crs": { "type": "name", "properties": { "name": "urn:ogc:def:crs:OGC:1.3:CRS84" } },
"features": [
{ "type": "Feature", "properties": { "name": "ANTIOQUIA", "source": "XM ListadoRios -> IDEAM SZH (disjoint; upstream region keeps shared basins)", "szh": "2307,2308,2604,2605,2606,2607,2608,2609,2610,2611,2612,2613,2614,2615,2616,2617,2618,2619,2620,2621,2622,2628,2629,2630,2631,2632,2633,2634,2635,2636,2637,2701,2702", "rivers": "A. SAN LORENZO (Samaná Norte); DESV. EEPPM (NEC,PAJ,DOL); ITUANGO (intermediate Cauca); NARE CP, GUATAPE, SAN CARLOS, A. SAN LORENZO, SAN MIGUEL; PORCE2 CP, PORCE III, GRANDE, GUADALUPE, TENCHE, CONCEPCION, ESCUELA DE MINAS, QUEBRADONA, CARLOS LLERAS", "area_km2": 45550.0, "xm_rivers": "A. SAN LORENZO;CARLOS LLERAS;CONCEPCION;DESV. EEPPM (NEC,PAJ,DOL);ESCUELA DE MINAS;GRANDE;GUADALUPE;GUATAPE;ITUANGO;NARE CP;PORCE III;PORCE2 CP;QUEBRADONA;SAN CARLOS;SAN MIGUEL;TENCHE", "riv_codes": "BOCATENC;CLLRPORC;DESVIEPM;ESCMNEGR;ITUACAUC;MIRFTENC;PENONARE;PLAYGUAT;PP-2POR1;PP-3PORC;PUNCGUAT;QUBRRGRD;RGR2RGRD;SLORNARE;SMIGCALD;TRONGUAD" }, "geometry": { "type": "MultiPolygon", "coordinates": [ [ [ [ -76.342679687999976, 2.685734956000033 ], [ -76.355976491999968, 2.676385717000073 ], [ -76.378911539999933, 2.672784398000033 ], [ -76.372819890999949, 2.656605799000033 ], [ -76.386527384999965, 2.639570228000025 ], [ -76.385652501999971, 2.627939750000053 ], [ -76.400699876999965, 2.614427616000057 ], [ -76.423135706999972, 2.611373306000075 ], [ -76.434100292999972, 2.601550658000065 ], [ -76.446719834999953, 2.612428549000072 ], [ -76.476200321999954, 2.614189193000072 ], [ -76.494481544999985, 2.627063344000021 ], [ -76.50345533999996, 2.620925875000069 ], [ -76.511163483999951, 2.62416205300002 ], [ -76.544016348999946, 2.649006781000026 ], [ -76.555290224999965, 2.675997050000035 ], [ -76.572806852999975, 2.686336058000052 ], [ -76.644645435999962, 2.799203299000055 ], [ -76.656950991999963, 2.859890480000047 ], [ -76.672761048999973, 2.891836812000065 ], [ -76.68547332199995, 2.899360771000033 ], [ -76.689219041999934, 2.915462472000058 ], [ -76.694080480999958, 2.94093123500005 ], [ -76.682374763999974, 2.951711150000051 ], [ -76.685133708999956, 2.986716781000041 ], [ -76.700622653999972, 2.987354313000026 ], [ -76.721707140999968, 2.975782734000063 ], [ -76.72272861099998, 2.960890609000046 ], [ -76.747448228999986, 2.927712217000021 ], [ -76.774953473999972, 2.924116763000029 ], [ -76.783787265999933, 2.953437467000072 ], [ -76.835950652999941, 2.994499724000036 ], [ -76.824972211999977, 3.009762288000047 ], [ -76.824381931999937, 3.023207514000035 ], [ -76.806073336999987, 3.045750117000068 ], [ -76.810845957999959, 3.099423822000063 ], [ -76.817071032999934, 3.110521189000053 ], [ -76.814115753999943, 3.122717969000064 ], [ -76.793872668999938, 3.138589926000066 ], [ -76.796444556999973, 3.150458757000024 ], [ -76.775278649999962, 3.183915755000044 ], [ -76.787534271999959, 3.187050086000056 ], [ -76.796762103999981, 3.197989969000048 ], [ -76.788993398999935, 3.20506130900003 ], [ -76.78257092399997, 3.249115465000045 ], [ -76.764275773999941, 3.25484104700007 ], [ -76.736671782999963, 3.310783350000065 ], [ -76.740618293999944, 3.319197985000073 ], [ -76.735650041999975, 3.328891570000053 ], [ -76.710415937999983, 3.353293722000046 ], [ -76.699999800999933, 3.354166913000029 ], [ -76.694129961999977, 3.368465991000051 ], [ -76.68773510699998, 3.400691848000065 ], [ -76.706003459999977, 3.427531935000047 ], [ -76.704936006999958, 3.442066859000022 ], [ -76.693042662999972, 3.450155342000073 ], [ -76.689444742999967, 3.460921374000065 ], [ -76.648872558999983, 3.467784537000057 ], [ -76.628527632999976, 3.487440784000057 ], [ -76.616802609, 3.528049311000075 ], [ -76.582040779999943, 3.561550388000057 ], [ -76.553752374999988, 3.636150692000058 ], [ -76.540499121999972, 3.64043027200006 ], [ -76.528344552999954, 3.655105556000024 ], [ -76.516305102, 3.692791846000034 ], [ -76.492142316999946, 3.71137391600007 ], [ -76.492264449999936, 3.723183729000027 ], [ -76.447613308999962, 3.753340201000071 ], [ -76.453402222999955, 3.759643054000037 ], [ -76.456036473999973, 3.788597492000065 ], [ -76.439957893999974, 3.805316670000025 ], [ -76.427944538999952, 3.851011998000047 ], [ -76.438178668999967, 3.872380193000026 ], [ -76.427847207999946, 3.893809801000032 ], [ -76.436419069999943, 3.926777167000068 ], [ -76.42747353599998, 3.951725467000074 ], [ -76.398447313999952, 3.978523964000033 ], [ -76.419190771, 3.990119818000039 ], [ -76.407974680999985, 4.032915893000052 ], [ -76.415181400999984, 4.042910566000046 ], [ -76.43532115499994, 4.052375379000068 ], [ -76.449703473999989, 4.045163861000049 ], [ -76.49193029099996, 4.055378093000058 ], [ -76.499451057999977, 4.062706524000021 ], [ -76.472493563999933, 4.103965469000059 ], [ -76.447080626999934, 4.164823785000067 ], [ -76.444899601999964, 4.192274828000052 ], [ -76.453944560999958, 4.230437752000057 ], [ -76.440179729999954, 4.245660622000059 ], [ -76.395113754999954, 4.245797506000031 ], [ -76.376780352999958, 4.269495549000055 ], [ -76.356628532999935, 4.259873026000037 ], [ -76.344435161999968, 4.263853968000035 ], [ -76.333158569999966, 4.27602070100005 ], [ -76.325439986999982, 4.303717489000064 ], [ -76.309422064999978, 4.303286513000046 ], [ -76.291827658999978, 4.313678613000036 ], [ -76.288940706999938, 4.324266794000039 ], [ -76.29782401999995, 4.328125975000034 ], [ -76.301558553999939, 4.342759164000029 ], [ -76.282790846999944, 4.359490959000027 ], [ -76.281190772999935, 4.382508219000044 ], [ -76.263895589999947, 4.39409536200003 ], [ -76.244345481999972, 4.429237195000042 ], [ -76.208963031999986, 4.426832360000049 ], [ -76.207885377999958, 4.446091056000057 ], [ -76.157824854999944, 4.474232401000052 ], [ -76.169446088999962, 4.518374506000043 ], [ -76.143460704999939, 4.554973429000029 ], [ -76.161547218999942, 4.588516019000053 ], [ -76.159738024999967, 4.601433195000027 ], [ -76.133245792999958, 4.628171341000041 ], [ -76.112544550999985, 4.681723016000035 ], [ -76.092853193999986, 4.702493679000042 ], [ -76.097713242999987, 4.714226251000071 ], [ -76.089281859999971, 4.734785051000074 ], [ -76.116382482999938, 4.741341121000062 ], [ -76.148150916999953, 4.784465716000057 ], [ -76.135306588999981, 4.793381473000068 ], [ -76.13820045999995, 4.804581087000031 ], [ -76.129166514999952, 4.816666652000038 ], [ -76.137429544999975, 4.848307309000063 ], [ -76.114587704999963, 4.892044810000073 ], [ -76.131188463999933, 4.912438137000038 ], [ -76.099801961999958, 4.917511911000076 ], [ -76.09017184399994, 4.945697152000037 ], [ -76.090291788999934, 4.980259045000025 ], [ -76.098560449999979, 4.99923357800003 ], [ -76.096681159999946, 5.034143667000023 ], [ -76.077975047999985, 5.051185473000032 ], [ -76.059433503999969, 5.031036651000022 ], [ -76.038092880999955, 5.031340370000066 ], [ -76.025636272999975, 5.024725820000072 ], [ -76.011367502999974, 5.03777087800006 ], [ -75.990450249999981, 5.040433284000073 ], [ -75.992557055999953, 5.026975984000046 ], [ -75.983770721999974, 5.016916043000037 ], [ -75.988194369999974, 5.006852013000071 ], [ -75.980294146999938, 4.996024396000053 ], [ -75.982752842999957, 4.980413878000036 ], [ -75.964099417999989, 4.961187385000073 ], [ -75.964159823999978, 4.950964191000025 ], [ -75.95072341599996, 4.942303760000073 ], [ -75.908696476999978, 4.941434732000062 ], [ -75.895251582999947, 4.929454727000063 ], [ -75.895202102999974, 4.901205515000072 ], [ -75.888651913999979, 4.891877813000065 ], [ -75.903362288999972, 4.876323423000031 ], [ -75.908391294999944, 4.884530275000031 ], [ -75.915711470999952, 4.880414944000051 ], [ -75.91115799399995, 4.860728020000067 ], [ -75.900525717999983, 4.852177570000038 ], [ -75.906146337999985, 4.847797999000022 ], [ -75.902750242999957, 4.837135382000042 ], [ -75.911779871999954, 4.814990266000052 ], [ -75.930108257999962, 4.810735947000069 ], [ -75.910581343999979, 4.807478892000063 ], [ -75.888611665999974, 4.815847975000054 ], [ -75.845826919, 4.819009746000063 ], [ -75.839790299999947, 4.812448737000068 ], [ -75.842707813999937, 4.79973622600005 ], [ -75.804569021999953, 4.813675020000062 ], [ -75.68845754299997, 4.812225840000053 ], [ -75.675864535999949, 4.805259740000054 ], [ -75.675074086999985, 4.798564765000037 ], [ -75.656880845999979, 4.792567946000077 ], [ -75.652651182999989, 4.767464319000055 ], [ -75.628253119999954, 4.758311473000049 ], [ -75.593591133999951, 4.715933885000027 ], [ -75.566877059999968, 4.709713085000033 ], [ -75.56292205799997, 4.69961595500007 ], [ -75.553570930999967, 4.702446268000074 ], [ -75.519104292999941, 4.693788023000025 ], [ -75.484418296999934, 4.66461737000003 ], [ -75.469250718999945, 4.679836517000069 ], [ -75.442014326999981, 4.680308753000077 ], [ -75.438587826999935, 4.695982926000056 ], [ -75.413495337999962, 4.696031446000063 ], [ -75.407858179999948, 4.709258097000031 ], [ -75.395292809999944, 4.715142482000033 ], [ -75.388020154999936, 4.714677834000042 ], [ -75.384304348999933, 4.703801072000033 ], [ -75.419219689999977, 4.66606060600003 ], [ -75.422338952999951, 4.645244212000023 ], [ -75.41550485199997, 4.624028122000027 ], [ -75.420845109999959, 4.611579578000033 ], [ -75.432686170999943, 4.601869496000063 ], [ -75.468020065999951, 4.599170165000032 ], [ -75.489714312, 4.570065394000039 ], [ -75.514712937999946, 4.555424997000046 ], [ -75.525114795999968, 4.542368237000062 ], [ -75.526217698999972, 4.497637377000046 ], [ -75.577965335999977, 4.453821420000054 ], [ -75.582973468999967, 4.426185308000072 ], [ -75.579002020999951, 4.406580164000047 ], [ -75.594812797999964, 4.359189590000028 ], [ -75.595564968999952, 4.318227768000042 ], [ -75.603682588999959, 4.296625151000057 ], [ -75.597869315999958, 4.278697955000041 ], [ -75.619889032999936, 4.269265975000053 ], [ -75.647202453999967, 4.227115024000057 ], [ -75.659933979999948, 4.220212742000058 ], [ -75.654200178999986, 4.212152153000034 ], [ -75.656260716999952, 4.200248854000051 ], [ -75.688355023999975, 4.16801416200002 ], [ -75.693471876999979, 4.136432653000043 ], [ -75.714415054999961, 4.127420640000025 ], [ -75.719089251999947, 4.112701937000054 ], [ -75.733026080999934, 4.11398848500005 ], [ -75.732823522, 4.102389173000063 ], [ -75.747158425999942, 4.094765700000039 ], [ -75.752150711999946, 4.070788814000025 ], [ -75.73913089399997, 4.051622512000051 ], [ -75.770032723999975, 4.022559487000024 ], [ -75.775653383999952, 4.005327884000053 ], [ -75.79155833599998, 4.009300636000035 ], [ -75.794434867999939, 4.004719567000052 ], [ -75.792820512999981, 3.970237748000045 ], [ -75.806763511999975, 3.954911452000033 ], [ -75.812828447999948, 3.920146102000047 ], [ -75.821743150999964, 3.90490472700003 ], [ -75.836936219999984, 3.908145016000049 ], [ -75.859412, 3.880266981000034 ], [ -75.858052727999961, 3.856473894000032 ], [ -75.865243368999984, 3.850778842000068 ], [ -75.871499398999958, 3.825116403000038 ], [ -75.893438741999944, 3.813531038000065 ], [ -75.920910638999942, 3.739671197000064 ], [ -75.936850774999982, 3.734998013000052 ], [ -75.946307486999956, 3.726512161000073 ], [ -75.945665671999961, 3.715656368000054 ], [ -75.95893046599997, 3.706971134000071 ], [ -75.960139721999951, 3.693433081000023 ], [ -75.950203139999985, 3.677192367000032 ], [ -75.956461850999972, 3.664982854000073 ], [ -75.975440591999984, 3.657194509000021 ], [ -75.978504298999951, 3.642600436000066 ], [ -75.993490447999989, 3.638120589000039 ], [ -75.987080076999973, 3.623211950000041 ], [ -75.995600180999986, 3.610819105000076 ], [ -75.984818507999989, 3.588780622000058 ], [ -75.989407814999936, 3.575235723000048 ], [ -75.984427384999947, 3.56075424900007 ], [ -76.002687383999955, 3.528719539000065 ], [ -76.002429233999976, 3.518915433000075 ], [ -76.027972424999973, 3.487774706000039 ], [ -76.022052960999986, 3.479225978000045 ], [ -76.028663577999964, 3.453481433000036 ], [ -76.037500039999941, 3.454166503000067 ], [ -76.043395913999973, 3.400783602000047 ], [ -76.042016181999941, 3.395107028000041 ], [ -76.030589789999965, 3.392858510000053 ], [ -76.032283202999963, 3.382209266000075 ], [ -76.045637653999961, 3.375482840000075 ], [ -76.061829198999988, 3.351536797000051 ], [ -76.05414121299998, 3.34437848500005 ], [ -76.056757483999945, 3.327964391000023 ], [ -76.045497689999934, 3.319258698000056 ], [ -76.037846368999965, 3.30026285200006 ], [ -76.050480067999956, 3.281884386000058 ], [ -76.03917895799998, 3.251476984000021 ], [ -76.060089369999957, 3.230717312000024 ], [ -76.052593994999938, 3.217818866000073 ], [ -76.059609556999987, 3.204031257000054 ], [ -76.068777371999943, 3.196074292000048 ], [ -76.08235097499994, 3.202838976000066 ], [ -76.091573993999987, 3.198946960000058 ], [ -76.092449220999981, 3.176607706000027 ], [ -76.078676216999952, 3.164869497000041 ], [ -76.086317625999982, 3.155098265000049 ], [ -76.07296837399997, 3.140776335000055 ], [ -76.073836478999965, 3.121835646000022 ], [ -76.106004878999954, 3.109434325000052 ], [ -76.102696122999987, 3.095762763000039 ], [ -76.081816128999947, 3.090765025000053 ], [ -76.070261802999937, 3.067215246000046 ], [ -76.073415453999985, 3.050415888000032 ], [ -76.06831686299995, 3.04597756000004 ], [ -76.077720411999962, 3.042394842000022 ], [ -76.090398870999934, 3.003776032000076 ], [ -76.099008820999984, 3.003520931000025 ], [ -76.104906699999958, 2.977110542000048 ], [ -76.121308945999942, 2.963088565000021 ], [ -76.111816618999967, 2.957824343000027 ], [ -76.117628150999963, 2.923511160000032 ], [ -76.125818034999952, 2.914517343000057 ], [ -76.144481614999961, 2.914804312000058 ], [ -76.152832712999952, 2.901990484000066 ], [ -76.151938729999983, 2.88748434200005 ], [ -76.171826994999947, 2.876383332000046 ], [ -76.19735049999997, 2.87592276700002 ], [ -76.206860756999959, 2.858229953000034 ], [ -76.221191042999976, 2.854401991000032 ], [ -76.226867824999943, 2.862737426000024 ], [ -76.240656110999964, 2.862389999000072 ], [ -76.252106503999983, 2.832803615000046 ], [ -76.263691423999944, 2.826446471000054 ], [ -76.272304407999968, 2.79342286900004 ], [ -76.285197168999957, 2.778662500000053 ], [ -76.285895552999989, 2.76135432500007 ], [ -76.279212297999948, 2.751634507000063 ], [ -76.289269823999973, 2.734354877000044 ], [ -76.266955432999964, 2.714426288000027 ], [ -76.27012999699997, 2.702714138000033 ], [ -76.26014354299997, 2.69398548700002 ], [ -76.264044549999937, 2.686619669000038 ], [ -76.273960134999982, 2.688141984000026 ], [ -76.295829154999979, 2.676133229000072 ], [ -76.342679687999976, 2.685734956000033 ] ] ], [ [ [ -75.870084536999968, 5.491758074000074 ], [ -75.905667311999935, 5.479992179000021 ], [ -75.930752052999935, 5.508133065000038 ], [ -75.959438471999988, 5.504575686000067 ], [ -75.984610328999963, 5.521653119000064 ], [ -75.988060714999961, 5.53712556000005 ], [ -75.998822670999971, 5.544085197000072 ], [ -76.008644898999989, 5.564349948000029 ], [ -76.01166408499995, 5.593513205000022 ], [ -76.001961624999979, 5.600718885000049 ], [ -76.00579464499998, 5.623184011000035 ], [ -76.08486990199998, 5.685931743000026 ], [ -76.083550672999934, 5.70129935500006 ], [ -76.062280041999941, 5.728572558000053 ], [ -76.069430500999943, 5.742535962000034 ], [ -76.059772815999963, 5.762894419000077 ], [ -76.081095934999951, 5.767422723000038 ], [ -76.070935797999937, 5.780549922000034 ], [ -76.086321898999984, 5.793826193000029 ], [ -76.081565056999978, 5.815841409000029 ], [ -76.099044031999938, 5.829767005000065 ], [ -76.101693978999947, 5.852951104000056 ], [ -76.083201922999933, 5.873222510000062 ], [ -76.082946272999948, 5.885179022000045 ], [ -76.061820381999951, 5.887107717000049 ], [ -76.056476029999942, 5.895137082000076 ], [ -76.060276443999953, 5.922980455000072 ], [ -76.053680921999955, 5.931791512000075 ], [ -76.059803684999963, 5.957713567000042 ], [ -76.067762455999969, 5.962706266000055 ], [ -76.069395387999975, 5.984997663000058 ], [ -76.087207012999954, 5.990133360000073 ], [ -76.09414843199994, 6.004175513000064 ], [ -76.07460733399995, 6.032462443000043 ], [ -76.054915887999982, 6.036300385000061 ], [ -76.058314837999944, 6.051411993000045 ], [ -76.027317025999935, 6.049969976000057 ], [ -75.999027772999966, 6.071532084000069 ], [ -75.997226922999971, 6.079112197000029 ], [ -76.008293157999958, 6.090748327000028 ], [ -76.018742796999959, 6.139969368000038 ], [ -76.017773154999986, 6.169025847000057 ], [ -76.029599935999954, 6.169102184000053 ], [ -76.031819707999944, 6.188044055000034 ], [ -76.03992044599994, 6.19805702900004 ], [ -76.034953283999982, 6.211705020000068 ], [ -76.037804151999978, 6.22341113400006 ], [ -76.048036793999984, 6.228215103000025 ], [ -76.049095845999943, 6.255828806000068 ], [ -76.002192858999933, 6.286371043000031 ], [ -75.990535584999975, 6.317021401000034 ], [ -75.989617755999973, 6.343627043000026 ], [ -76.010438614999941, 6.367043169000056 ], [ -76.04412807999995, 6.379887837000069 ], [ -76.03829570399995, 6.401729244000023 ], [ -76.04404249199996, 6.435541789000069 ], [ -76.060037684999941, 6.445701946000042 ], [ -76.063184741999976, 6.455851890000076 ], [ -76.068127575999938, 6.451409065000064 ], [ -76.08177154699996, 6.456137735000027 ], [ -76.086080322999976, 6.472798462000071 ], [ -76.058128523999983, 6.505527197000049 ], [ -76.036556848999965, 6.506687284000066 ], [ -76.014342211999974, 6.585352516000057 ], [ -76.017310347999967, 6.59538384800004 ], [ -76.007716549999941, 6.634098194000046 ], [ -76.011226285999953, 6.646102214000052 ], [ -75.997499245999961, 6.651060736000034 ], [ -75.997692747999963, 6.670069837000028 ], [ -75.989032787999975, 6.687917819000063 ], [ -75.959485065999957, 6.726366311000049 ], [ -75.984249449999936, 6.764573993000056 ], [ -75.982883163999986, 6.797338597000021 ], [ -75.987577428999941, 6.804792530000043 ], [ -75.979808674999958, 6.821501685000044 ], [ -75.95625406299996, 6.839408561000027 ], [ -75.968495658999984, 6.866499344000033 ], [ -75.96856153799996, 6.902002324000023 ], [ -75.967017392999935, 6.916122529000063 ], [ -75.952444370999956, 6.93716306500005 ], [ -75.958184304999975, 6.951427802000069 ], [ -75.954555511999956, 6.966495561000045 ], [ -75.978969697999958, 6.987571102000061 ], [ -75.983044274999941, 7.000943370000073 ], [ -75.972263605999956, 7.015933611000037 ], [ -75.973149994999972, 7.042711216000043 ], [ -75.963866329999973, 7.086447636000059 ], [ -75.970021679999945, 7.099036063000028 ], [ -75.969896890999962, 7.127013308000073 ], [ -75.947269262999953, 7.159536554000056 ], [ -75.947781580999958, 7.17545571200003 ], [ -75.953954794999959, 7.18010298400003 ], [ -75.919220123999935, 7.190406472000063 ], [ -75.906225796999934, 7.21897417200006 ], [ -75.884633230999953, 7.223424257000033 ], [ -75.881447417999937, 7.280289483000047 ], [ -75.852833663999945, 7.311848330000032 ], [ -75.853342232999978, 7.33444417000004 ], [ -75.84595845299998, 7.344875502000036 ], [ -75.824196510999968, 7.353748907000067 ], [ -75.808372915999939, 7.334500056000024 ], [ -75.812389884999959, 7.320315778000065 ], [ -75.792605142999946, 7.31381527700006 ], [ -75.766508895999948, 7.346423584000036 ], [ -75.728116559999989, 7.345450906000053 ], [ -75.722518835999949, 7.337699206000025 ], [ -75.703815237999947, 7.332207105000066 ], [ -75.696542226999952, 7.308079255000052 ], [ -75.702915968999946, 7.282228232000023 ], [ -75.691365710999946, 7.268332128000054 ], [ -75.676327730999958, 7.265694941000049 ], [ -75.639743475999978, 7.309603347000063 ], [ -75.631730022999989, 7.333451058000037 ], [ -75.621263781999971, 7.340901019000057 ], [ -75.600841597999988, 7.379284166000048 ], [ -75.589667874999975, 7.376404363000063 ], [ -75.575078599999983, 7.383676192000053 ], [ -75.549727850999943, 7.368071269000041 ], [ -75.516373985999962, 7.381142709000073 ], [ -75.515478153999936, 7.347134365000045 ], [ -75.528969051999979, 7.304911617000073 ], [ -75.478877802999989, 7.303113013000029 ], [ -75.452372891999971, 7.283629957000073 ], [ -75.412674220999975, 7.305274992000022 ], [ -75.392464965999977, 7.288881762000074 ], [ -75.419486776999975, 7.225100533000045 ], [ -75.438736046999963, 7.206770304000031 ], [ -75.433723135999969, 7.180045039000049 ], [ -75.437704190999966, 7.165826062000065 ], [ -75.471451957999989, 7.128413641000066 ], [ -75.466502294999941, 7.090877887000033 ], [ -75.470876597999961, 7.080484550000051 ], [ -75.459795879999945, 7.074011988000052 ], [ -75.424170439999955, 7.086505423000062 ], [ -75.387895226999944, 7.170442924000042 ], [ -75.37349186199998, 7.179393392000065 ], [ -75.373528289999967, 7.192249444000026 ], [ -75.346722507999971, 7.199362104000045 ], [ -75.336254554999982, 7.21309702800005 ], [ -75.343364502999975, 7.261249427000052 ], [ -75.328462005999938, 7.264280588000076 ], [ -75.304730980999977, 7.258006871000021 ], [ -75.29627594699997, 7.275968922000061 ], [ -75.278396870999984, 7.286062726000068 ], [ -75.285029942999984, 7.300486077000073 ], [ -75.261729057999958, 7.346996188000048 ], [ -75.254541893999942, 7.342248394000023 ], [ -75.220259596999938, 7.362173055000028 ], [ -75.218400207999935, 7.392329103000066 ], [ -75.224061217999974, 7.402644877000057 ], [ -75.208132216999957, 7.412755162000053 ], [ -75.209819791999962, 7.425885589000075 ], [ -75.199064885999974, 7.437125231000039 ], [ -75.202530710999952, 7.457119245000058 ], [ -75.194462176999934, 7.464853795000067 ], [ -75.199361824999983, 7.483139898000047 ], [ -75.192111951999948, 7.494908831000032 ], [ -75.153009816999941, 7.492584235000038 ], [ -75.13456780599995, 7.522678527000039 ], [ -75.102139131999934, 7.492615880000074 ], [ -75.091529789999981, 7.491025818000026 ], [ -75.08970368599995, 7.478651187000025 ], [ -75.067865108999968, 7.479238984000062 ], [ -75.043752395999945, 7.467541392000044 ], [ -75.027154405999966, 7.439231107000069 ], [ -75.015226582999958, 7.450917987000025 ], [ -75.013485543999934, 7.435133800000074 ], [ -75.002684970999951, 7.427352201000076 ], [ -74.974377766999964, 7.427948511000068 ], [ -74.953724227999942, 7.436152937000031 ], [ -74.939026463999937, 7.457172840000055 ], [ -74.910571234999964, 7.452084199000069 ], [ -74.900527182999951, 7.446295724000038 ], [ -74.89833155599996, 7.425487882000027 ], [ -74.88393892299996, 7.418098478000047 ], [ -74.872390092999979, 7.392618506000076 ], [ -74.863096962999975, 7.395314233000022 ], [ -74.850421802999961, 7.382514158000049 ], [ -74.840797395999971, 7.387650043000065 ], [ -74.831193207999945, 7.376566475000061 ], [ -74.83485148799997, 7.357709621000026 ], [ -74.826665915999968, 7.306003470000064 ], [ -74.844998448999945, 7.294155101000058 ], [ -74.844321821999984, 7.262531084000045 ], [ -74.865886496999963, 7.237040999000044 ], [ -74.853672303999986, 7.210747539000067 ], [ -74.833000241999969, 7.196476611000037 ], [ -74.832211619999953, 7.183081385000037 ], [ -74.817819980999957, 7.170713 ], [ -74.820139257999983, 7.153389395000033 ], [ -74.788966847999973, 7.13028147700004 ], [ -74.764578343999972, 7.093238051000071 ], [ -74.762447793999968, 7.077595664000057 ], [ -74.751750459999982, 7.066080446000058 ], [ -74.758541599999944, 7.059372170000074 ], [ -74.754166474999977, 7.049999975000048 ], [ -74.775896918999933, 7.041657268000051 ], [ -74.782925632999934, 7.002365492000024 ], [ -74.791916838999953, 6.994744481000055 ], [ -74.778640149999944, 6.954382642000041 ], [ -74.801003719999983, 6.93709195200006 ], [ -74.805507815999988, 6.923664392000035 ], [ -74.800248710999938, 6.873410547000049 ], [ -74.822216313999945, 6.869214341000031 ], [ -74.832508897999958, 6.899388653000074 ], [ -74.85589039599995, 6.910355452000033 ], [ -74.883992306999971, 6.880932040000062 ], [ -74.873100209999961, 6.866070505000039 ], [ -74.876312244999951, 6.848238038000034 ], [ -74.90371074799998, 6.815100091000033 ], [ -74.91990319699994, 6.822775084000057 ], [ -74.949916178999956, 6.822817439000062 ], [ -74.958333112999981, 6.812500028000045 ], [ -74.994955337999954, 6.84598584400004 ], [ -75.010297719999983, 6.833851975000073 ], [ -75.030036765999967, 6.842759995000051 ], [ -75.039739699999984, 6.835612095000045 ], [ -75.04590325199996, 6.793944424000074 ], [ -75.033907366999983, 6.778706311000064 ], [ -75.032686169999977, 6.766173816000048 ], [ -75.019369455999936, 6.760267211000041 ], [ -75.030406878999941, 6.726420583000049 ], [ -75.040984009999988, 6.726830457000062 ], [ -75.048853537999946, 6.713323169000034 ], [ -75.041769125999963, 6.68802813700006 ], [ -75.042228802999944, 6.678410761000066 ], [ -75.050693062999983, 6.675619217000076 ], [ -75.044390032999956, 6.658025338000073 ], [ -75.055651793999971, 6.642454189000034 ], [ -75.067238839999959, 6.646354289000044 ], [ -75.078116339999951, 6.630544317000044 ], [ -75.097396378999974, 6.629500372000052 ], [ -75.119332804999942, 6.617589948000045 ], [ -75.108591085999933, 6.605795282000031 ], [ -75.110572562999948, 6.592299635000074 ], [ -75.104958261999968, 6.584178010000073 ], [ -75.088679877999937, 6.593946777000042 ], [ -75.066868764999981, 6.596669714000029 ], [ -75.053116245999945, 6.585740719000057 ], [ -75.029918427999974, 6.588895317000038 ], [ -75.013137082999947, 6.569598170000063 ], [ -74.974190780999947, 6.567994878000036 ], [ -74.954978901999937, 6.551121494000029 ], [ -74.927801348999935, 6.548823852000055 ], [ -74.901796205999972, 6.532073528000069 ], [ -74.891378861999954, 6.539315122000062 ], [ -74.888966048999976, 6.556064895000077 ], [ -74.863322766999943, 6.556153557000073 ], [ -74.833071667999945, 6.576571441000056 ], [ -74.831408075999946, 6.583846534000031 ], [ -74.803901562999954, 6.587045129000046 ], [ -74.791813376999983, 6.565340314000025 ], [ -74.793651567999973, 6.545912058000056 ], [ -74.802925181999967, 6.540539969000065 ], [ -74.801043412999945, 6.529442327000027 ], [ -74.781208694999975, 6.50884854800006 ], [ -74.770296948999942, 6.505562203000068 ], [ -74.749540743999944, 6.473819846000026 ], [ -74.729575267999962, 6.459826640000074 ], [ -74.723311184999943, 6.461604973000021 ], [ -74.715115154999978, 6.448600832000068 ], [ -74.717043954999951, 6.422713 ], [ -74.688805348999949, 6.407531944000027 ], [ -74.692753945999982, 6.38972790400004 ], [ -74.676395963999937, 6.389173029000062 ], [ -74.666534658999979, 6.381624443000021 ], [ -74.673781044999942, 6.351004870000054 ], [ -74.621000395999943, 6.345715922000068 ], [ -74.61056419199997, 6.312280705000035 ], [ -74.627587613999935, 6.265682604000062 ], [ -74.589984705999939, 6.24698790900004 ], [ -74.588924834999943, 6.220322840000051 ], [ -74.573017969999967, 6.204514334000066 ], [ -74.583031933999962, 6.174734738000041 ], [ -74.598077522999972, 6.159934948000057 ], [ -74.611955397999964, 6.125541888000043 ], [ -74.582159107999985, 6.085389507000059 ], [ -74.561685429999955, 6.075136417000067 ], [ -74.568885879999982, 6.049897633000057 ], [ -74.55994323699997, 5.990859545000035 ], [ -74.586507224999934, 5.98093073800004 ], [ -74.606150316999958, 5.981342824000023 ], [ -74.610825953999949, 5.973060416000067 ], [ -74.60151886999995, 5.935603462000074 ], [ -74.588936, 5.919872812000051 ], [ -74.590875834999963, 5.898769467000022 ], [ -74.631375401999946, 5.88121463400006 ], [ -74.648244911999939, 5.836052147000032 ], [ -74.640619374999972, 5.807350376000045 ], [ -74.654783761999965, 5.782448553000052 ], [ -74.694931533999977, 5.796383834000039 ], [ -74.70096091299996, 5.80514548900004 ], [ -74.720570762999955, 5.781917037000028 ], [ -74.73623818599998, 5.77969805500004 ], [ -74.770342771999935, 5.735302361000038 ], [ -74.789554111999962, 5.722387418000039 ], [ -74.820529597999951, 5.738951235000059 ], [ -74.819349317999979, 5.786513194000065 ], [ -74.860664462999978, 5.779950475000021 ], [ -74.873000371999979, 5.787493141000027 ], [ -74.878676090999988, 5.780882292000058 ], [ -74.906687889999944, 5.792612321000036 ], [ -74.914683082999943, 5.804179389000069 ], [ -74.926172260999977, 5.787846703000071 ], [ -74.955238920999989, 5.770434407000039 ], [ -74.958317183999952, 5.753013745000032 ], [ -74.978229849999934, 5.748485169000048 ], [ -74.989560529999949, 5.75444787400005 ], [ -75.005825462999951, 5.739446059000045 ], [ -75.046385920999967, 5.742967145000023 ], [ -75.055764057999966, 5.752185182000062 ], [ -75.076819699999987, 5.746455228000059 ], [ -75.093547227999977, 5.751545037000028 ], [ -75.099341588999948, 5.759668168000076 ], [ -75.133020858999942, 5.76128131300004 ], [ -75.149467367999989, 5.74350077400004 ], [ -75.183746482999936, 5.734871607000059 ], [ -75.243016618999945, 5.732290137000064 ], [ -75.251205338999966, 5.719260489000021 ], [ -75.244790481999985, 5.712001627000063 ], [ -75.247718587999941, 5.695008229000052 ], [ -75.262589121999952, 5.680676869000024 ], [ -75.259206241999948, 5.637578522000069 ], [ -75.272750761999987, 5.605353591000039 ], [ -75.248058897999954, 5.579473181000026 ], [ -75.254712736999977, 5.563767786000028 ], [ -75.252879818999986, 5.530329970000025 ], [ -75.28192654999998, 5.49128094100007 ], [ -75.28482248399996, 5.459317015000067 ], [ -75.276960626999937, 5.418858741000065 ], [ -75.267864311999972, 5.405480986000043 ], [ -75.259733237999967, 5.406313754000053 ], [ -75.257742460999964, 5.395134558000052 ], [ -75.276071053999942, 5.369742582000072 ], [ -75.271740282999986, 5.35187017800007 ], [ -75.284895249999977, 5.335996858000044 ], [ -75.298351698999966, 5.338267771000062 ], [ -75.312080518999949, 5.329437559000041 ], [ -75.323273007999944, 5.341183880000074 ], [ -75.346329401999981, 5.331307487000061 ], [ -75.36027691299995, 5.278149808000023 ], [ -75.358991297999978, 5.235115317000066 ], [ -75.371807319999959, 5.222631255000067 ], [ -75.36101064199994, 5.199139529000036 ], [ -75.373202306999985, 5.185714619000066 ], [ -75.387690359999965, 5.182694759000071 ], [ -75.400644203999946, 5.187750769000047 ], [ -75.420962789999976, 5.177841031000071 ], [ -75.468324053999936, 5.179293510000036 ], [ -75.503639172999954, 5.155236260000038 ], [ -75.531398644999967, 5.166833703000066 ], [ -75.549888644999953, 5.167329226000049 ], [ -75.55985686799994, 5.161367077000023 ], [ -75.560597233999943, 5.146296833000065 ], [ -75.568352340999979, 5.147175661000063 ], [ -75.587994383999956, 5.130745549000039 ], [ -75.599688304999972, 5.107696834000024 ], [ -75.620063336999976, 5.099396584000033 ], [ -75.633537262999937, 5.098108435000029 ], [ -75.642681983999978, 5.106756297000061 ], [ -75.641628901999979, 5.115129962000026 ], [ -75.661196553999957, 5.118310718000032 ], [ -75.675117346999969, 5.143760124000039 ], [ -75.682810984999946, 5.132111183000063 ], [ -75.691792864999968, 5.134868873000073 ], [ -75.694302470999958, 5.12499684200003 ], [ -75.705506392999951, 5.122188106000067 ], [ -75.697463808999942, 5.089681698000049 ], [ -75.758241053999939, 5.037867187000074 ], [ -75.759884917999955, 5.027907867000067 ], [ -75.773749055999986, 5.017139661000044 ], [ -75.770742922999943, 5.007401705000063 ], [ -75.78085674099998, 5.010574201000054 ], [ -75.78553111399998, 4.996840324000061 ], [ -75.778486800999985, 4.993241358000034 ], [ -75.792910818999985, 4.98034911600007 ], [ -75.796214610999982, 4.966947714000071 ], [ -75.788508690999947, 4.949359751000031 ], [ -75.792232540999976, 4.936973718000047 ], [ -75.802871006999965, 4.936019413000054 ], [ -75.812940985999944, 4.922779847000072 ], [ -75.81694467799997, 4.90354734500005 ], [ -75.830651130999968, 4.902136388000031 ], [ -75.843266381999968, 4.871043384000075 ], [ -75.883406238999953, 4.891929097000059 ], [ -75.859912217999977, 4.922764190000066 ], [ -75.83449115999997, 4.912428666000039 ], [ -75.825858699999969, 4.916636538000034 ], [ -75.829336559999945, 4.92445966300005 ], [ -75.821437351999975, 4.935601073000043 ], [ -75.829641071999959, 4.949629695000056 ], [ -75.827357719999952, 4.965419832000066 ], [ -75.802676513999984, 5.01086465100002 ], [ -75.79663801199996, 5.046769509000057 ], [ -75.803529012999945, 5.06281892100003 ], [ -75.790948024999977, 5.085333083000023 ], [ -75.792258238999977, 5.106192982000039 ], [ -75.774736848999964, 5.133446844000048 ], [ -75.773009644999945, 5.156769384000029 ], [ -75.764457173999972, 5.169945909000035 ], [ -75.766357740999979, 5.211853461000032 ], [ -75.753500449999933, 5.221215106000045 ], [ -75.751087429999984, 5.233358942000052 ], [ -75.762049527999977, 5.251146916000039 ], [ -75.779230450999989, 5.252535264000073 ], [ -75.796372601999963, 5.295732236000049 ], [ -75.789086863999955, 5.301654788000064 ], [ -75.781885747999979, 5.329237430000035 ], [ -75.762091415999976, 5.354582950000065 ], [ -75.756548, 5.377975960000072 ], [ -75.738250991999962, 5.384363836000034 ], [ -75.739203933999988, 5.400739092000038 ], [ -75.734630711999955, 5.402280905000055 ], [ -75.746352953999974, 5.423803074000034 ], [ -75.74699762299997, 5.441259946000059 ], [ -75.754212357999961, 5.439685389000033 ], [ -75.779288669999971, 5.461972338000066 ], [ -75.775722273999975, 5.472210189000066 ], [ -75.785809523999944, 5.494602260000022 ], [ -75.766230198999949, 5.512654516000055 ], [ -75.743996571999958, 5.52084861700007 ], [ -75.738929723999945, 5.544061314000032 ], [ -75.721133090999956, 5.551846651000062 ], [ -75.734248762999982, 5.564137616000039 ], [ -75.745481361999964, 5.552376322000043 ], [ -75.786393420999957, 5.53983424200004 ], [ -75.807918203999975, 5.513704222000058 ], [ -75.817936466999981, 5.511702008000043 ], [ -75.829878040999972, 5.486689905000048 ], [ -75.844377133999956, 5.494345722000048 ], [ -75.852125976999957, 5.491811703000053 ], [ -75.860099249999962, 5.504582221000021 ], [ -75.870084536999968, 5.491758074000074 ] ] ] ] } },
{ "type": "Feature", "properties": { "name": "CALDAS", "source": "XM ListadoRios -> IDEAM SZH (disjoint; upstream region keeps shared basins)", "szh": "2302,2305,2613,2614,2615", "rivers": "CAMPOALEGRE, SAN EUGENIO (Risaralda); CAMPOALEGRE, SAN EUGENIO, ESTRELLA (Otún); CHINCHINA; DESV. GUARINO; MIEL I, DESV. MANSO", "area_km2": 6723.0, "xm_rivers": "CAMPOALEGRE;CHINCHINA;DESV. GUARINO;DESV. MANSO;ESTRELLA;MIEL I;SAN EUGENIO", "riv_codes": "AMANMIEL;CAMECAMP;CAMECHIN;DESVGUAR;DESVMANS;ESMECAMP;ESTRELLA" }, "geometry": { "type": "Polygon", "coordinates": [ [ [ -75.375144669999941, 4.803099463000024 ], [ -75.379347596999935, 4.763133427000071 ], [ -75.387303103999955, 4.746134908000045 ], [ -75.377975502999959, 4.730723892000071 ], [ -75.388796472999957, 4.715453779000029 ], [ -75.407858179999948, 4.709258097000031 ], [ -75.414567042999977, 4.695431390000067 ], [ -75.438587826999935, 4.695982926000056 ], [ -75.442014326999981, 4.680308753000077 ], [ -75.471335049999936, 4.678995185000076 ], [ -75.481497399999967, 4.66432422400004 ], [ -75.495633735999945, 4.670096239000031 ], [ -75.519104292999941, 4.693788023000025 ], [ -75.553570930999967, 4.702446268000074 ], [ -75.56292205799997, 4.69961595500007 ], [ -75.566877059999968, 4.709713085000033 ], [ -75.593591133999951, 4.715933885000027 ], [ -75.628253119999954, 4.758311473000049 ], [ -75.652651182999989, 4.767464319000055 ], [ -75.656880845999979, 4.792567946000077 ], [ -75.675074086999985, 4.798564765000037 ], [ -75.675864535999949, 4.805259740000054 ], [ -75.68845754299997, 4.812225840000053 ], [ -75.804569021999953, 4.813675020000062 ], [ -75.842707813999937, 4.79973622600005 ], [ -75.839790299999947, 4.812448737000068 ], [ -75.845826919, 4.819009746000063 ], [ -75.888611665999974, 4.815847975000054 ], [ -75.910581343999979, 4.807478892000063 ], [ -75.930108257999962, 4.810735947000069 ], [ -75.911779871999954, 4.814990266000052 ], [ -75.902750242999957, 4.837135382000042 ], [ -75.906146337999985, 4.847797999000022 ], [ -75.900525717999983, 4.852177570000038 ], [ -75.91115799399995, 4.860728020000067 ], [ -75.915711470999952, 4.880414944000051 ], [ -75.908391294999944, 4.884530275000031 ], [ -75.903362288999972, 4.876323423000031 ], [ -75.888651913999979, 4.891877813000065 ], [ -75.895202102999974, 4.901205515000072 ], [ -75.895971522999957, 4.931156660000056 ], [ -75.908696476999978, 4.941434732000062 ], [ -75.95072341599996, 4.942303760000073 ], [ -75.964159823999978, 4.950964191000025 ], [ -75.964099417999989, 4.961187385000073 ], [ -75.982752842999957, 4.980413878000036 ], [ -75.980294146999938, 4.996024396000053 ], [ -75.988376331999973, 5.007927573000075 ], [ -75.983770721999974, 5.016916043000037 ], [ -75.992557055999953, 5.026975984000046 ], [ -75.989733549999983, 5.039987022000048 ], [ -76.011367502999974, 5.03777087800006 ], [ -76.025636272999975, 5.024725820000072 ], [ -76.038092880999955, 5.031340370000066 ], [ -76.059433503999969, 5.031036651000022 ], [ -76.077803174999985, 5.053457627000057 ], [ -76.072789794999949, 5.071517369000048 ], [ -76.065528399999948, 5.075365674000068 ], [ -76.070716433999962, 5.095196575000045 ], [ -76.061558769999976, 5.102876746000049 ], [ -76.06088948699994, 5.137192594000055 ], [ -75.988927929999988, 5.15863508800004 ], [ -75.976822671999969, 5.17833999000004 ], [ -75.977408502999936, 5.194778535000069 ], [ -75.985901556999977, 5.203242035000073 ], [ -75.967647885999952, 5.22105268200005 ], [ -75.963271618999954, 5.236901570000043 ], [ -75.946578852999949, 5.223801455000057 ], [ -75.929172969999968, 5.226364007000029 ], [ -75.924582168999962, 5.24706302200002 ], [ -75.931222715999979, 5.254097911000031 ], [ -75.924569562999977, 5.263025544000072 ], [ -75.919129945999941, 5.299211411000044 ], [ -75.90743230299995, 5.31240624000003 ], [ -75.904472890999955, 5.344751358000053 ], [ -75.898983291999969, 5.355324363000022 ], [ -75.88984658399994, 5.356403982000074 ], [ -75.886174934999985, 5.374256767000077 ], [ -75.87419947099994, 5.37032047200006 ], [ -75.86962436999994, 5.376491894000026 ], [ -75.863177571999984, 5.436057994000066 ], [ -75.868081491999988, 5.440108916000042 ], [ -75.861731621999979, 5.45148714100003 ], [ -75.86859207599997, 5.491463620000047 ], [ -75.864688574999946, 5.502954250000073 ], [ -75.858126058999972, 5.503153249000036 ], [ -75.852125976999957, 5.491811703000053 ], [ -75.844377133999956, 5.494345722000048 ], [ -75.829878040999972, 5.486689905000048 ], [ -75.817936466999981, 5.511702008000043 ], [ -75.807918203999975, 5.513704222000058 ], [ -75.786393420999957, 5.53983424200004 ], [ -75.745481361999964, 5.552376322000043 ], [ -75.734248762999982, 5.564137616000039 ], [ -75.721133090999956, 5.551846651000062 ], [ -75.738929723999945, 5.544061314000032 ], [ -75.743996571999958, 5.52084861700007 ], [ -75.766230198999949, 5.512654516000055 ], [ -75.785809523999944, 5.494602260000022 ], [ -75.775722273999975, 5.472210189000066 ], [ -75.779288669999971, 5.461972338000066 ], [ -75.754212357999961, 5.439685389000033 ], [ -75.74699762299997, 5.441259946000059 ], [ -75.746352953999974, 5.423803074000034 ], [ -75.734630711999955, 5.402280905000055 ], [ -75.739203933999988, 5.400739092000038 ], [ -75.738250991999962, 5.384363836000034 ], [ -75.756548, 5.377975960000072 ], [ -75.762091415999976, 5.354582950000065 ], [ -75.781885747999979, 5.329237430000035 ], [ -75.789086863999955, 5.301654788000064 ], [ -75.796372601999963, 5.295732236000049 ], [ -75.779230450999989, 5.252535264000073 ], [ -75.762049527999977, 5.251146916000039 ], [ -75.751087429999984, 5.233358942000052 ], [ -75.753500449999933, 5.221215106000045 ], [ -75.766357740999979, 5.211853461000032 ], [ -75.764457173999972, 5.169945909000035 ], [ -75.773009644999945, 5.156769384000029 ], [ -75.774736848999964, 5.133446844000048 ], [ -75.792258238999977, 5.106192982000039 ], [ -75.790948024999977, 5.085333083000023 ], [ -75.803529012999945, 5.06281892100003 ], [ -75.79663801199996, 5.046769509000057 ], [ -75.802676513999984, 5.01086465100002 ], [ -75.827357719999952, 4.965419832000066 ], [ -75.829641071999959, 4.949629695000056 ], [ -75.821437351999975, 4.935601073000043 ], [ -75.829336559999945, 4.92445966300005 ], [ -75.825858699999969, 4.916636538000034 ], [ -75.83449115999997, 4.912428666000039 ], [ -75.859912217999977, 4.922764190000066 ], [ -75.883406238999953, 4.891929097000059 ], [ -75.843266381999968, 4.871043384000075 ], [ -75.830651130999968, 4.902136388000031 ], [ -75.81694467799997, 4.90354734500005 ], [ -75.812940985999944, 4.922779847000072 ], [ -75.802871006999965, 4.936019413000054 ], [ -75.792232540999976, 4.936973718000047 ], [ -75.788508690999947, 4.949359751000031 ], [ -75.796214610999982, 4.966947714000071 ], [ -75.792910818999985, 4.98034911600007 ], [ -75.778486800999985, 4.993241358000034 ], [ -75.78553111399998, 4.996840324000061 ], [ -75.78085674099998, 5.010574201000054 ], [ -75.770742922999943, 5.007401705000063 ], [ -75.773749055999986, 5.017139661000044 ], [ -75.759884917999955, 5.027907867000067 ], [ -75.758241053999939, 5.037867187000074 ], [ -75.697463808999942, 5.089681698000049 ], [ -75.705506392999951, 5.122188106000067 ], [ -75.694302470999958, 5.12499684200003 ], [ -75.691792864999968, 5.134868873000073 ], [ -75.682810984999946, 5.132111183000063 ], [ -75.675117346999969, 5.143760124000039 ], [ -75.661196553999957, 5.118310718000032 ], [ -75.641628901999979, 5.115129962000026 ], [ -75.642681983999978, 5.106756297000061 ], [ -75.633537262999937, 5.098108435000029 ], [ -75.620063336999976, 5.099396584000033 ], [ -75.599688304999972, 5.107696834000024 ], [ -75.587994383999956, 5.130745549000039 ], [ -75.568352340999979, 5.147175661000063 ], [ -75.560597233999943, 5.146296833000065 ], [ -75.55985686799994, 5.161367077000023 ], [ -75.549888644999953, 5.167329226000049 ], [ -75.531398644999967, 5.166833703000066 ], [ -75.503639172999954, 5.155236260000038 ], [ -75.468324053999936, 5.179293510000036 ], [ -75.420962789999976, 5.177841031000071 ], [ -75.400644203999946, 5.187750769000047 ], [ -75.387690359999965, 5.182694759000071 ], [ -75.373202306999985, 5.185714619000066 ], [ -75.36101064199994, 5.199139529000036 ], [ -75.371807319999959, 5.222631255000067 ], [ -75.358991297999978, 5.235115317000066 ], [ -75.36027691299995, 5.278149808000023 ], [ -75.346329401999981, 5.331307487000061 ], [ -75.323273007999944, 5.341183880000074 ], [ -75.312080518999949, 5.329437559000041 ], [ -75.298351698999966, 5.338267771000062 ], [ -75.284895249999977, 5.335996858000044 ], [ -75.271740282999986, 5.35187017800007 ], [ -75.276071053999942, 5.369742582000072 ], [ -75.257742460999964, 5.395134558000052 ], [ -75.259733237999967, 5.406313754000053 ], [ -75.267864311999972, 5.405480986000043 ], [ -75.276960626999937, 5.418858741000065 ], [ -75.28482248399996, 5.459317015000067 ], [ -75.28192654999998, 5.49128094100007 ], [ -75.252879818999986, 5.530329970000025 ], [ -75.254712736999977, 5.563767786000028 ], [ -75.248058897999954, 5.579473181000026 ], [ -75.272750761999987, 5.605353591000039 ], [ -75.259206241999948, 5.637578522000069 ], [ -75.262589121999952, 5.680676869000024 ], [ -75.247718587999941, 5.695008229000052 ], [ -75.244790481999985, 5.712001627000063 ], [ -75.251205338999966, 5.719260489000021 ], [ -75.243016618999945, 5.732290137000064 ], [ -75.183746482999936, 5.734871607000059 ], [ -75.149467367999989, 5.74350077400004 ], [ -75.133020858999942, 5.76128131300004 ], [ -75.099341588999948, 5.759668168000076 ], [ -75.093547227999977, 5.751545037000028 ], [ -75.076819699999987, 5.746455228000059 ], [ -75.055764057999966, 5.752185182000062 ], [ -75.046385920999967, 5.742967145000023 ], [ -75.005825462999951, 5.739446059000045 ], [ -74.989560529999949, 5.75444787400005 ], [ -74.978229849999934, 5.748485169000048 ], [ -74.958317183999952, 5.753013745000032 ], [ -74.955238920999989, 5.770434407000039 ], [ -74.926172260999977, 5.787846703000071 ], [ -74.914683082999943, 5.804179389000069 ], [ -74.906687889999944, 5.792612321000036 ], [ -74.878676090999988, 5.780882292000058 ], [ -74.873000371999979, 5.787493141000027 ], [ -74.860664462999978, 5.779950475000021 ], [ -74.819349317999979, 5.786513194000065 ], [ -74.820529597999951, 5.738951235000059 ], [ -74.789554111999962, 5.722387418000039 ], [ -74.770342771999935, 5.735302361000038 ], [ -74.73623818599998, 5.77969805500004 ], [ -74.720570762999955, 5.781917037000028 ], [ -74.70096091299996, 5.80514548900004 ], [ -74.694931533999977, 5.796383834000039 ], [ -74.654783761999965, 5.782448553000052 ], [ -74.659341165999933, 5.749372119000043 ], [ -74.682928674999971, 5.741428725000048 ], [ -74.688821979999943, 5.724137064000047 ], [ -74.703792996999937, 5.708165090000023 ], [ -74.702761829999986, 5.693680412000049 ], [ -74.716240855999956, 5.690351705000069 ], [ -74.728821860999972, 5.66414055000007 ], [ -74.73949885199994, 5.665563906000045 ], [ -74.760405100999947, 5.653123009000069 ], [ -74.792576575999988, 5.59687481900005 ], [ -74.801987381999936, 5.598825033000026 ], [ -74.842301155999962, 5.566428871000028 ], [ -74.885119510999971, 5.553165964000073 ], [ -74.893819830999973, 5.525019951000047 ], [ -74.890740084999948, 5.507655675000024 ], [ -74.898217698999986, 5.493674082000041 ], [ -74.898140671999954, 5.472238698000069 ], [ -74.908912452999971, 5.458396081000046 ], [ -74.902508405999981, 5.418883207000022 ], [ -74.906352527999957, 5.401940085000035 ], [ -74.934667127999944, 5.370656828000051 ], [ -74.950044374999948, 5.321025621000047 ], [ -74.909774203999973, 5.334574218000057 ], [ -74.869808187999979, 5.326397228000076 ], [ -74.834110432999978, 5.333810725000035 ], [ -74.80954797399994, 5.312260868000067 ], [ -74.790217334999966, 5.314340973000071 ], [ -74.770244986999955, 5.297664504000068 ], [ -74.742219709999972, 5.293245271000046 ], [ -74.733060415999944, 5.284109399000045 ], [ -74.765927320999936, 5.278194854000049 ], [ -74.831435907999946, 5.293525916000021 ], [ -74.850546552999958, 5.307234712000025 ], [ -74.879924709999955, 5.286718500000063 ], [ -74.916614132999939, 5.273990455000046 ], [ -74.924251948999938, 5.274554265000063 ], [ -74.942039806999958, 5.297448423000048 ], [ -74.950629792999962, 5.296048813000027 ], [ -74.960777937999978, 5.28268521800004 ], [ -74.965223585999979, 5.28731999200005 ], [ -75.006789668999943, 5.281756815000051 ], [ -75.03382088799998, 5.260711523000055 ], [ -75.026881199999934, 5.248186537000038 ], [ -75.030722156999957, 5.231673904000047 ], [ -75.047493711999948, 5.213275484000064 ], [ -75.048097992999942, 5.202748529000075 ], [ -75.069491835999941, 5.176757312000063 ], [ -75.097252242999957, 5.172002338000027 ], [ -75.096803790999957, 5.160137520000035 ], [ -75.107663539999976, 5.14739329400004 ], [ -75.140233255999988, 5.133799841000041 ], [ -75.156326525999987, 5.13879223400005 ], [ -75.167088634999971, 5.128061157000047 ], [ -75.202684251999983, 5.119227175000049 ], [ -75.231335248999983, 5.097945907000053 ], [ -75.262192569999968, 5.110149401000058 ], [ -75.283835600999964, 5.106281703000036 ], [ -75.293516157999989, 5.084435596000048 ], [ -75.291277071999957, 5.067097123000053 ], [ -75.30571146799997, 5.068146314000046 ], [ -75.329007441999977, 5.05650014500003 ], [ -75.316821880999953, 5.014602431000071 ], [ -75.335114190999946, 4.975487171000054 ], [ -75.350402925999958, 4.970867103000046 ], [ -75.353279141999963, 4.964149812000073 ], [ -75.352626986999951, 4.934968071000071 ], [ -75.343697204999955, 4.910825362000026 ], [ -75.317477616999952, 4.88641554000003 ], [ -75.330491452999979, 4.855025266000041 ], [ -75.353002093999976, 4.84170718300004 ], [ -75.356636032999972, 4.824387837000074 ], [ -75.375144669999941, 4.803099463000024 ] ] ] } },
{ "type": "Feature", "properties": { "name": "CARIBE", "source": "XM ListadoRios -> IDEAM SZH (disjoint; upstream region keeps shared basins)", "szh": "1301", "rivers": "SINU URRA", "area_km2": 4614.0, "xm_rivers": "SINU URRA", "riv_codes": "URR1SINU" }, "geometry": { "type": "Polygon", "coordinates": [ [ [ -76.334868319999941, 8.149025786000038 ], [ -76.336377063999976, 8.13999310500003 ], [ -76.325967577999961, 8.133954992000042 ], [ -76.327709459999937, 8.123665971000037 ], [ -76.303444596999952, 8.106348187000037 ], [ -76.298744407999948, 8.080376042000069 ], [ -76.284694981999962, 8.077284561000056 ], [ -76.279868919999956, 8.060934742000029 ], [ -76.286844890999987, 8.042489381000053 ], [ -76.281637221999972, 8.033074361000047 ], [ -76.28458883199994, 8.002219386000036 ], [ -76.274421659999973, 8.006995166000024 ], [ -76.254860110999971, 8.004170318000035 ], [ -76.241750189999948, 8.030835799000045 ], [ -76.233608660999948, 8.033388807000051 ], [ -76.224116122999988, 8.018496459000062 ], [ -76.203329040999961, 8.013633584000047 ], [ -76.197647970999981, 8.002137280000056 ], [ -76.17294570699994, 7.989334737000036 ], [ -76.16979048099995, 7.995166798000071 ], [ -76.153309217999947, 7.996744222000075 ], [ -76.129341518, 7.96410910700007 ], [ -76.091666653999937, 7.946899580000036 ], [ -76.084662169999945, 7.986563468000043 ], [ -76.065183108999975, 8.013137414000028 ], [ -76.040710375999936, 8.011879885000042 ], [ -76.009627216999945, 7.974519199000042 ], [ -75.992146333999983, 7.980637815000023 ], [ -75.988751608999962, 7.998526706000064 ], [ -75.981167019999987, 7.992344953000043 ], [ -75.982135258999961, 7.94236703200005 ], [ -76.013639530999967, 7.922256370000071 ], [ -75.999895928999933, 7.906359689000055 ], [ -76.004395750999947, 7.894144588000074 ], [ -76.000652331999959, 7.875451789000067 ], [ -75.989527666999948, 7.868030569000041 ], [ -75.98928897899998, 7.855179626000051 ], [ -75.968953001999978, 7.840707446000067 ], [ -75.968737056999942, 7.80609713900003 ], [ -75.960727678999945, 7.797763967000037 ], [ -75.953099074999955, 7.753621661000068 ], [ -75.949992313999985, 7.715078190000042 ], [ -75.970051152999986, 7.69777386100003 ], [ -75.974491237999985, 7.685559559000069 ], [ -75.973890701999949, 7.671753524000053 ], [ -75.962589659999935, 7.663613585000064 ], [ -75.949200086999952, 7.617479597000056 ], [ -75.957062837999956, 7.579366556000025 ], [ -75.952620828999954, 7.56348454700003 ], [ -75.976962945999958, 7.540663527000049 ], [ -75.98044964099995, 7.529768775000036 ], [ -75.991484594999974, 7.532769350000024 ], [ -75.999429950999968, 7.527892575000067 ], [ -76.001698854999972, 7.512639400000069 ], [ -76.035518882999952, 7.50770774700004 ], [ -76.030028947999938, 7.485435590000066 ], [ -76.033685717999958, 7.452512492000039 ], [ -76.047282851999967, 7.426210524000055 ], [ -76.044374698999945, 7.418631857000037 ], [ -76.050466739999933, 7.415018297000074 ], [ -76.048317992999955, 7.403132409000023 ], [ -76.057534177999969, 7.374996946000067 ], [ -76.050989446999949, 7.343822824000029 ], [ -76.011241266999946, 7.31799266400003 ], [ -76.003687775999936, 7.301765487000068 ], [ -75.991912932999981, 7.264035757000045 ], [ -75.99233748499995, 7.208559697000055 ], [ -75.967264831999955, 7.181524277000051 ], [ -75.947781580999958, 7.17545571200003 ], [ -75.947269262999953, 7.159536554000056 ], [ -75.969896890999962, 7.127013308000073 ], [ -75.985719844999949, 7.132627232000061 ], [ -75.992119152999976, 7.146326290000047 ], [ -76.000967440999943, 7.144077658000072 ], [ -76.014134514999967, 7.158369203000063 ], [ -76.035916666999981, 7.157619470000043 ], [ -76.056268041999942, 7.172117824000054 ], [ -76.09176966299998, 7.159067976000074 ], [ -76.101792339999975, 7.138282177000065 ], [ -76.113092126999959, 7.135841495000022 ], [ -76.134815686999957, 7.149313764000055 ], [ -76.139426680999975, 7.136621206000029 ], [ -76.162540367999952, 7.126595128000076 ], [ -76.217406533999963, 7.146838365000065 ], [ -76.243374552999967, 7.182124696000074 ], [ -76.256743898999957, 7.174590262000038 ], [ -76.278592145999937, 7.175741163000055 ], [ -76.270899631999953, 7.189227862000052 ], [ -76.275366061999989, 7.209527599000069 ], [ -76.268864974999985, 7.21416098100002 ], [ -76.274306808999938, 7.262726224000062 ], [ -76.284969650999983, 7.276779599000065 ], [ -76.302850406999937, 7.273524433000034 ], [ -76.324004889999969, 7.314718268000036 ], [ -76.323846861999982, 7.330975372000069 ], [ -76.340776593999976, 7.328798668000047 ], [ -76.351061923999964, 7.334787102000064 ], [ -76.355927356999985, 7.364322569000024 ], [ -76.403117415999986, 7.412926045000063 ], [ -76.414654078999945, 7.416415430000029 ], [ -76.423956876999966, 7.443318869000052 ], [ -76.437862834999976, 7.457408310000062 ], [ -76.438660843999969, 7.472224741000048 ], [ -76.452587105999953, 7.489779258000056 ], [ -76.452350569999965, 7.501374017000046 ], [ -76.461952535999956, 7.516261972000052 ], [ -76.474142074999975, 7.52241050400005 ], [ -76.476143024999942, 7.537817414000074 ], [ -76.490961181999978, 7.542695859000048 ], [ -76.514383074999955, 7.586726651000049 ], [ -76.507043416999977, 7.602125459000035 ], [ -76.514447872999938, 7.60883650300002 ], [ -76.492107767999983, 7.640812677000042 ], [ -76.495724725999935, 7.655552664000027 ], [ -76.485314249999988, 7.689613510000072 ], [ -76.49799690499998, 7.749777971000071 ], [ -76.483668661999957, 7.758703422000053 ], [ -76.480623494999975, 7.82355844600005 ], [ -76.464469855999937, 7.849107467000067 ], [ -76.462511053999947, 7.873380715000053 ], [ -76.446376246999989, 7.88159950000005 ], [ -76.437044437999987, 7.905854955000052 ], [ -76.420899659999975, 7.912639059000071 ], [ -76.411812305999945, 8.012012485000071 ], [ -76.425220870999965, 8.018808744000069 ], [ -76.422221563999983, 8.028985072000069 ], [ -76.429699912999979, 8.057388081000056 ], [ -76.424497377999955, 8.059808304000057 ], [ -76.423736217999988, 8.073378201000025 ], [ -76.409161025999936, 8.072624879000045 ], [ -76.407981568999958, 8.096954195000023 ], [ -76.401799806999975, 8.106491444000028 ], [ -76.375728758999969, 8.109831479000036 ], [ -76.370448433999968, 8.151515418000031 ], [ -76.359511100999953, 8.147692584000026 ], [ -76.348034841999947, 8.154629745000022 ], [ -76.334868319999941, 8.149025786000038 ] ] ] } },
{ "type": "Feature", "properties": { "name": "CENTRO", "source": "XM ListadoRios -> IDEAM SZH (disjoint; upstream region keeps shared basins)", "szh": "2101,2102,2103,2104,2105,2106,2108,2109,2116,2120,2204,2207,2401,2402,2403,2405", "rivers": "AMOYA; BETANIA CP; BETANIA CP (Yaguará); BOGOTA N.R., SAN FRANCISCO, DESV. SAN MARCOS; CUCUANA; EL QUIMBO, BETANIA CP; PRADO; SOGAMOSO", "area_km2": 47843.0, "xm_rivers": "AMOYA;BETANIA CP;BOGOTA N.R.;CUCUANA;DESV. SAN MARCOS;EL QUIMBO;PRADO;SAN FRANCISCO;SOGAMOSO", "riv_codes": "ALICBOGO;AMOYAMOY;BETAMAG1;CUCUCUCU;DESVSMAR;EMBAPRAD;QUIMMAGD;SANFRANC;SOGASOGA" }, "geometry": { "type": "MultiPolygon", "coordinates": [ [ [ [ -75.556894284999942, 2.066441814000029 ], [ -75.589345630999958, 2.022295438000071 ], [ -75.587766291999969, 2.010770127000058 ], [ -75.615629360999947, 1.997887384000023 ], [ -75.619237253999984, 1.978928040000028 ], [ -75.640911637999977, 1.958815731000072 ], [ -75.648020516999964, 1.93399323400007 ], [ -75.640937616999963, 1.922399128000052 ], [ -75.650784061999957, 1.901461054000038 ], [ -75.660924168999941, 1.889878014000033 ], [ -75.689482649999945, 1.880167669000059 ], [ -75.702306281999938, 1.866283132000035 ], [ -75.707571883999947, 1.840685779000069 ], [ -75.730852164999988, 1.824699014000032 ], [ -75.736281281999936, 1.782777963000058 ], [ -75.757150478999961, 1.775939376000053 ], [ -75.772824677999949, 1.761275567000041 ], [ -75.788275604999967, 1.762756185000057 ], [ -75.797533259999966, 1.74959319900006 ], [ -75.824985327999968, 1.749567670000033 ], [ -75.838287986999944, 1.741722473000038 ], [ -75.843915440999979, 1.723002504000021 ], [ -75.854138058999979, 1.725922694000076 ], [ -75.874388221999936, 1.713885701000038 ], [ -75.902852670999948, 1.718043867000063 ], [ -75.933513859999948, 1.692941717000053 ], [ -75.954577812999958, 1.663565589000029 ], [ -75.980264424999973, 1.657830227000034 ], [ -75.981098094999936, 1.624499292000053 ], [ -75.994931497999971, 1.614681183000073 ], [ -76.005388785999969, 1.615926733000038 ], [ -76.023841214999948, 1.590679654000041 ], [ -76.038684966999938, 1.581936941000038 ], [ -76.074191148999944, 1.58514197300002 ], [ -76.086971588999972, 1.577661514000056 ], [ -76.089870495999946, 1.568730169000048 ], [ -76.119222086999969, 1.552829661000033 ], [ -76.124857660999965, 1.566543870000032 ], [ -76.167362235999974, 1.590350244000035 ], [ -76.183325482999976, 1.574432612000066 ], [ -76.19965813999994, 1.57559115600003 ], [ -76.200090436999972, 1.591790735000075 ], [ -76.209783662999939, 1.602241869000068 ], [ -76.212261569999953, 1.642709100000047 ], [ -76.242244331999984, 1.68314564800005 ], [ -76.25346194399998, 1.674585040000068 ], [ -76.272232989999964, 1.67468352700007 ], [ -76.305574084999989, 1.689947916000051 ], [ -76.317268731999945, 1.683658114000025 ], [ -76.325205051999944, 1.663266115000056 ], [ -76.348220011999956, 1.661889776000066 ], [ -76.364621770999975, 1.668864050000025 ], [ -76.380116469999962, 1.662031919000071 ], [ -76.371598738999978, 1.74219572100003 ], [ -76.381968754999946, 1.747532506000027 ], [ -76.418045742999936, 1.717244141000037 ], [ -76.427619169999957, 1.725898864000044 ], [ -76.430903017999981, 1.739701448000062 ], [ -76.417923422999934, 1.762549721000028 ], [ -76.433698180999954, 1.789664824000056 ], [ -76.506993240999975, 1.833914777000075 ], [ -76.528837458999988, 1.823963844000048 ], [ -76.589301452999962, 1.867028105000031 ], [ -76.591930063999939, 1.881174568000063 ], [ -76.580997958999944, 1.898183650000021 ], [ -76.594996037999977, 1.919902566000076 ], [ -76.617903209999952, 1.926950100000056 ], [ -76.610716198999967, 1.946771641000055 ], [ -76.621871160999945, 1.958945870000036 ], [ -76.624324969999975, 1.973023348000027 ], [ -76.593544600999962, 2.004970972000024 ], [ -76.579902376999939, 2.002171232000023 ], [ -76.573703375999969, 2.028634415000056 ], [ -76.585940222999966, 2.035054997000032 ], [ -76.576872900999945, 2.056225082000026 ], [ -76.589481800999977, 2.10621250500003 ], [ -76.554166473999942, 2.14166649200007 ], [ -76.502484289999984, 2.123039194000057 ], [ -76.487805174999949, 2.127150316000041 ], [ -76.466805532999956, 2.100742099000058 ], [ -76.443726143999982, 2.12026025900002 ], [ -76.427773817999935, 2.12425504700002 ], [ -76.436774035999974, 2.18190603100004 ], [ -76.433221167999989, 2.189514221000024 ], [ -76.413123852999945, 2.194709957000043 ], [ -76.403448779999962, 2.208424420000028 ], [ -76.384718580999959, 2.267555166000022 ], [ -76.372714163999945, 2.27899140300002 ], [ -76.389224204999948, 2.304471846000069 ], [ -76.353354531999969, 2.346561674000043 ], [ -76.357863376999944, 2.400133759000028 ], [ -76.341141845999971, 2.40196484400002 ], [ -76.330806213999949, 2.390123076000066 ], [ -76.319356246999973, 2.394589069000062 ], [ -76.325757119999935, 2.413179925000065 ], [ -76.320843390999983, 2.43174172800002 ], [ -76.311189307999939, 2.429892892000055 ], [ -76.302233068999954, 2.447696525000026 ], [ -76.28981497999996, 2.442026650000059 ], [ -76.292555928999946, 2.460863020000033 ], [ -76.240945808999982, 2.475342409000064 ], [ -76.215921167999966, 2.495420650000028 ], [ -76.217089621999946, 2.512252061000027 ], [ -76.20698121199996, 2.524176410000052 ], [ -76.210522493999974, 2.538038988000039 ], [ -76.220951506999938, 2.547586005000028 ], [ -76.235644076999961, 2.549543455000048 ], [ -76.220649144999982, 2.565950079000061 ], [ -76.231648496999981, 2.605214333000049 ], [ -76.222602330999962, 2.626462686000025 ], [ -76.212150686999962, 2.632267148000039 ], [ -76.224249670999939, 2.644297309000024 ], [ -76.251561918999982, 2.654148403000022 ], [ -76.252058727999952, 2.666293991000032 ], [ -76.26827696099997, 2.667890962000058 ], [ -76.278134917999978, 2.686173029000031 ], [ -76.264044549999937, 2.686619669000038 ], [ -76.26014354299997, 2.69398548700002 ], [ -76.27012999699997, 2.702714138000033 ], [ -76.267504661999965, 2.715205714000035 ], [ -76.288762776999988, 2.731693225000072 ], [ -76.279212297999948, 2.751634507000063 ], [ -76.285895552999989, 2.76135432500007 ], [ -76.285197168999957, 2.778662500000053 ], [ -76.272304407999968, 2.79342286900004 ], [ -76.263691423999944, 2.826446471000054 ], [ -76.252106503999983, 2.832803615000046 ], [ -76.240656110999964, 2.862389999000072 ], [ -76.226867824999943, 2.862737426000024 ], [ -76.221191042999976, 2.854401991000032 ], [ -76.206860756999959, 2.858229953000034 ], [ -76.19735049999997, 2.87592276700002 ], [ -76.171826994999947, 2.876383332000046 ], [ -76.151938729999983, 2.88748434200005 ], [ -76.152832712999952, 2.901990484000066 ], [ -76.144481614999961, 2.914804312000058 ], [ -76.12201625299997, 2.916485095000041 ], [ -76.111560585999939, 2.94782942300003 ], [ -76.115752689999965, 2.951169447000041 ], [ -76.112008811999942, 2.958876135000025 ], [ -76.121308945999942, 2.963088565000021 ], [ -76.104906699999958, 2.977110542000048 ], [ -76.099008820999984, 3.003520931000025 ], [ -76.091538566999986, 3.002673938000044 ], [ -76.08641460299998, 3.010192026000027 ], [ -76.076438662999976, 3.043879830000037 ], [ -76.044181692999985, 3.042935084000021 ], [ -76.04199340599996, 3.016634344000067 ], [ -76.02045008999994, 3.003391579000038 ], [ -76.031540427999971, 2.970404417000054 ], [ -75.988590737999971, 2.982235832000072 ], [ -75.980444475999946, 2.954856190000044 ], [ -75.956816968999988, 2.936147549000054 ], [ -75.954597677999971, 2.917545681000036 ], [ -75.927393052999946, 2.921560876000058 ], [ -75.927380694999954, 2.914003742000034 ], [ -75.909677364999936, 2.910062889000073 ], [ -75.900803795999934, 2.894873598000061 ], [ -75.884348284999987, 2.897285186000033 ], [ -75.881623789999935, 2.889158225000074 ], [ -75.856335109999975, 2.871404806000044 ], [ -75.830741154999942, 2.871492385000067 ], [ -75.818867868999973, 2.884664696000073 ], [ -75.802361370999961, 2.885790136000026 ], [ -75.777330817999939, 2.913428227000054 ], [ -75.752809937999984, 2.910445065000033 ], [ -75.747775006999973, 2.916001398000049 ], [ -75.716901302999986, 2.885719335000033 ], [ -75.713264331999937, 2.870535191000045 ], [ -75.697651228999973, 2.865081932000066 ], [ -75.691051196999979, 2.840312188000041 ], [ -75.673427397999944, 2.825029094000058 ], [ -75.640503315999979, 2.823543291000021 ], [ -75.624549409999986, 2.847292223000068 ], [ -75.615380287999983, 2.850151466000057 ], [ -75.587986025999953, 2.84444729300003 ], [ -75.578176639999981, 2.832442161000074 ], [ -75.559867532999988, 2.744023258000027 ], [ -75.533475074999956, 2.733819726000036 ], [ -75.498384124999973, 2.762872104000053 ], [ -75.490097447999972, 2.79452896600003 ], [ -75.469176335999975, 2.805677107000065 ], [ -75.452014704999954, 2.82800353500005 ], [ -75.434350176999942, 2.827605812000058 ], [ -75.412498039999946, 2.867541359000029 ], [ -75.395736388999978, 2.877248974000054 ], [ -75.396138742999938, 2.887386918000061 ], [ -75.379399301999968, 2.896113683000067 ], [ -75.375617408999972, 2.917838664000044 ], [ -75.356130837999956, 2.938433638000049 ], [ -75.351490140999942, 2.958437423000021 ], [ -75.355788136999934, 2.971637151000039 ], [ -75.344965982999952, 2.995954075000043 ], [ -75.344324024999935, 3.017005864000055 ], [ -75.335666966999952, 3.02074774700003 ], [ -75.326269900999989, 3.043245128000024 ], [ -75.316947579999976, 3.048135995000052 ], [ -75.314943169999935, 3.072133352000037 ], [ -75.323911625999983, 3.090207754000062 ], [ -75.315361699999983, 3.104762295000057 ], [ -75.316802708999944, 3.116051712000058 ], [ -75.271598726999969, 3.167943657000023 ], [ -75.273912825999957, 3.152056629000072 ], [ -75.267524499999979, 3.142973521000044 ], [ -75.271987343999967, 3.133064598000033 ], [ -75.261374610999951, 3.091547524000021 ], [ -75.249792817999946, 3.076680674000045 ], [ -75.235080640999968, 3.07152953800005 ], [ -75.239590250999981, 3.060568095000065 ], [ -75.268548693999946, 3.045047252000074 ], [ -75.255017137999971, 3.030947961000038 ], [ -75.266051568999956, 3.024620352000056 ], [ -75.271729365999988, 2.994137089000048 ], [ -75.297744536999971, 2.979180928000062 ], [ -75.307660953999971, 2.952329372000065 ], [ -75.308834879999949, 2.93797487300003 ], [ -75.291016209999952, 2.918426143000033 ], [ -75.29038955599998, 2.866085102000056 ], [ -75.299519559999965, 2.840387017000069 ], [ -75.313595948999989, 2.832669089000035 ], [ -75.334913213999982, 2.788534225000035 ], [ -75.33549547299998, 2.77514614200004 ], [ -75.367249087999937, 2.747745541000029 ], [ -75.401759755999933, 2.675609046000034 ], [ -75.455936581999936, 2.615785580000022 ], [ -75.453871260999961, 2.597608097000034 ], [ -75.425158053999951, 2.571182552000039 ], [ -75.395809863999943, 2.573988236000048 ], [ -75.394368970999949, 2.560545941000044 ], [ -75.384983666999972, 2.548983685000053 ], [ -75.385477587999958, 2.51754435600003 ], [ -75.378469403999986, 2.508528779000073 ], [ -75.396380260999933, 2.479259163000052 ], [ -75.410782560999962, 2.468623641000022 ], [ -75.41106048599994, 2.461112099000047 ], [ -75.428603348999957, 2.452004349000049 ], [ -75.445725689999961, 2.39260143100006 ], [ -75.426484457999948, 2.354047834000028 ], [ -75.40103514599997, 2.350663569000062 ], [ -75.40126216699997, 2.339181105000023 ], [ -75.386351840999964, 2.315531723000049 ], [ -75.394571393999968, 2.304620986000032 ], [ -75.390660729, 2.293174924000027 ], [ -75.407900039999959, 2.265553730000022 ], [ -75.411115294999945, 2.24488277100005 ], [ -75.439059872999962, 2.223040906000051 ], [ -75.441284059999987, 2.21098266100006 ], [ -75.425951307999981, 2.189659081000059 ], [ -75.443313921999959, 2.14542366400002 ], [ -75.466792210999984, 2.143070128000033 ], [ -75.501191625999979, 2.123244214000067 ], [ -75.534756436999942, 2.118069943000023 ], [ -75.541105149999964, 2.089838331000067 ], [ -75.553341666999984, 2.081215659000065 ], [ -75.556894284999942, 2.066441814000029 ] ] ], [ [ [ -75.627981045999945, 3.932256777000021 ], [ -75.607888016999937, 3.925931769000044 ], [ -75.601349370999969, 3.898796146000052 ], [ -75.58419420599995, 3.893863987000032 ], [ -75.581067425999947, 3.876408840000067 ], [ -75.558518413999934, 3.850616109000043 ], [ -75.551873862999969, 3.829459200000031 ], [ -75.55603569799996, 3.791420560000063 ], [ -75.537602413999934, 3.768369783000026 ], [ -75.527123353999968, 3.731013158000053 ], [ -75.485788948999982, 3.716668804000051 ], [ -75.447527224999988, 3.725759147000076 ], [ -75.438669987999958, 3.733846064000033 ], [ -75.418432275999976, 3.735252725000066 ], [ -75.417083909999974, 3.748949336000067 ], [ -75.395619218999968, 3.726376869000035 ], [ -75.362738912999987, 3.712611192000054 ], [ -75.355692511999962, 3.697311873000046 ], [ -75.349746858999936, 3.702343914000039 ], [ -75.336939565999955, 3.696262319000027 ], [ -75.336910540999952, 3.675630159000036 ], [ -75.346206083999959, 3.660632962000022 ], [ -75.385226272999944, 3.661925494000059 ], [ -75.397348987999976, 3.647973764000028 ], [ -75.411049144999936, 3.654531678000069 ], [ -75.424896458999967, 3.639919375000034 ], [ -75.438418080999952, 3.606769155000052 ], [ -75.454424001999939, 3.603455937000035 ], [ -75.463277757999947, 3.593754767000064 ], [ -75.48447940799997, 3.536191344000031 ], [ -75.499028780999936, 3.542331675000071 ], [ -75.500304033999953, 3.558954017000076 ], [ -75.520949120999944, 3.55461626500005 ], [ -75.529947433999951, 3.562017157000071 ], [ -75.56445244799994, 3.561194168000043 ], [ -75.585562831999937, 3.584583577000046 ], [ -75.614804289999938, 3.588608405000059 ], [ -75.634659634999934, 3.625826835000055 ], [ -75.652936784999952, 3.644072589000075 ], [ -75.678697190999969, 3.64074273500006 ], [ -75.699791612999945, 3.651881009000022 ], [ -75.724580918999948, 3.642603656000063 ], [ -75.744011773999944, 3.64548566600007 ], [ -75.756218685999954, 3.666865101000042 ], [ -75.755953207999937, 3.677676048000023 ], [ -75.76863442299998, 3.686262045000035 ], [ -75.782470905999958, 3.676334084000075 ], [ -75.78904610799998, 3.678808768000067 ], [ -75.798890521999965, 3.697683694000034 ], [ -75.822688279999966, 3.717583041000069 ], [ -75.83022978799994, 3.774775011000031 ], [ -75.849228346999951, 3.774640693000038 ], [ -75.86951748499996, 3.753744687000051 ], [ -75.882513803999984, 3.752617746000055 ], [ -75.895539534999955, 3.742737635000026 ], [ -75.91837480199996, 3.745457900000076 ], [ -75.893438741999944, 3.813531038000065 ], [ -75.872746254999981, 3.823619074000021 ], [ -75.865392546999942, 3.836668410000073 ], [ -75.865243368999984, 3.850778842000068 ], [ -75.858052727999961, 3.856473894000032 ], [ -75.859412, 3.880266981000034 ], [ -75.836936219999984, 3.908145016000049 ], [ -75.821743150999964, 3.90490472700003 ], [ -75.812828447999948, 3.920146102000047 ], [ -75.806763511999975, 3.954911452000033 ], [ -75.792820512999981, 3.970237748000045 ], [ -75.794434867999939, 4.004719567000052 ], [ -75.79155833599998, 4.009300636000035 ], [ -75.775653383999952, 4.005327884000053 ], [ -75.770032723999975, 4.022559487000024 ], [ -75.73913089399997, 4.051622512000051 ], [ -75.752150711999946, 4.070788814000025 ], [ -75.747158425999942, 4.094765700000039 ], [ -75.732823522, 4.102389173000063 ], [ -75.733026080999934, 4.11398848500005 ], [ -75.719089251999947, 4.112701937000054 ], [ -75.714415054999961, 4.127420640000025 ], [ -75.693471876999979, 4.136432653000043 ], [ -75.688355023999975, 4.16801416200002 ], [ -75.656260716999952, 4.200248854000051 ], [ -75.654200178999986, 4.212152153000034 ], [ -75.659933979999948, 4.220212742000058 ], [ -75.647202453999967, 4.227115024000057 ], [ -75.619889032999936, 4.269265975000053 ], [ -75.60048433299994, 4.275762748000034 ], [ -75.582510175999971, 4.264552625000022 ], [ -75.572364595999943, 4.238829925000061 ], [ -75.563884277999989, 4.242613516000063 ], [ -75.551457080999967, 4.23815256000006 ], [ -75.511842473999934, 4.261290541000051 ], [ -75.499105769999971, 4.283021164000047 ], [ -75.469082304999972, 4.282179443000075 ], [ -75.443012948999979, 4.294246294000061 ], [ -75.407532166999943, 4.290182776000051 ], [ -75.390322948999938, 4.299680902000034 ], [ -75.374758589999942, 4.280825318000041 ], [ -75.374052067999969, 4.257384204000061 ], [ -75.358601586999953, 4.251094999000031 ], [ -75.334242211999936, 4.212461725000026 ], [ -75.329181424999945, 4.212925497000072 ], [ -75.328989935999971, 4.20230680800006 ], [ -75.293906621999952, 4.203069926000069 ], [ -75.265999835999935, 4.214786837000077 ], [ -75.251286686999947, 4.190887355000029 ], [ -75.241406887999972, 4.191587558000037 ], [ -75.22696693499995, 4.17934525000004 ], [ -75.199800569999979, 4.176226919000044 ], [ -75.181929951999962, 4.153982866000035 ], [ -75.167079211999976, 4.153307428000062 ], [ -75.155815901999972, 4.140404678000039 ], [ -75.154179366999983, 4.128254179000066 ], [ -75.130469635999987, 4.143596677000062 ], [ -75.097560314999953, 4.194643946000042 ], [ -75.076877298999989, 4.194192251000061 ], [ -75.100684121999961, 4.13550221600002 ], [ -75.089540241999941, 4.13132999000004 ], [ -75.078649122999934, 4.066900471000054 ], [ -75.086695325999983, 4.023320176000027 ], [ -75.07685343199995, 4.010951998000053 ], [ -75.072861610999951, 3.937722890000032 ], [ -75.081236498999942, 3.925138722000042 ], [ -75.094280291999951, 3.943646333000061 ], [ -75.111500661999969, 3.927835772000037 ], [ -75.143478380999966, 3.927795452000055 ], [ -75.159769992999941, 3.954777259000025 ], [ -75.174957358999961, 3.956372025000064 ], [ -75.168176928999969, 3.972071207000056 ], [ -75.201160105999975, 3.979033222000055 ], [ -75.228850083999987, 4.020858707000059 ], [ -75.245282962999966, 4.018144058000075 ], [ -75.251133350999964, 4.028063263000035 ], [ -75.296153766999964, 4.039526494000029 ], [ -75.305463177999968, 4.047121768000068 ], [ -75.307934701999955, 4.059616423000023 ], [ -75.329170603999955, 4.038336583000046 ], [ -75.375432663999959, 4.010657687000048 ], [ -75.398151837999933, 4.002320312000052 ], [ -75.424545482999974, 4.010768975000076 ], [ -75.441215083999964, 3.98485310600006 ], [ -75.452536128999952, 3.983578413000032 ], [ -75.473825476999934, 3.997113468000066 ], [ -75.492295420999938, 3.97364397900003 ], [ -75.504079840999964, 3.970573890000026 ], [ -75.519699584999955, 3.981729031000043 ], [ -75.544000872999959, 3.976193706000061 ], [ -75.554420573999948, 3.985733580000044 ], [ -75.560785998999961, 3.982552832000067 ], [ -75.578362956999968, 3.989098571000056 ], [ -75.601952611999934, 3.968637306000062 ], [ -75.625043218999963, 3.962674489000051 ], [ -75.632222290999948, 3.949147196000069 ], [ -75.627981045999945, 3.932256777000021 ] ] ], [ [ [ -74.540347746999942, 3.843187188000059 ], [ -74.551246201999959, 3.837442826000029 ], [ -74.56157116299994, 3.814276428000028 ], [ -74.582425644999944, 3.794692793000024 ], [ -74.625592282999946, 3.729491916000029 ], [ -74.675060530999986, 3.694910671000059 ], [ -74.692268489999947, 3.669889552000029 ], [ -74.726892953999936, 3.66081345200007 ], [ -74.732109138999988, 3.632297321000067 ], [ -74.74421330399997, 3.629516411000054 ], [ -74.753607812999974, 3.617572747000054 ], [ -74.765657454999939, 3.617563653000047 ], [ -74.772570225999971, 3.600530298000024 ], [ -74.793283116999987, 3.590897067000071 ], [ -74.816339923999976, 3.55580453400006 ], [ -74.815107126999976, 3.523674057000051 ], [ -74.829965387999948, 3.516420226000037 ], [ -74.861159495999971, 3.519444892000024 ], [ -74.887906284999985, 3.539104664000035 ], [ -74.888183449999985, 3.549780883000039 ], [ -74.880063843999949, 3.556606588000022 ], [ -74.865632008999967, 3.595826106000061 ], [ -74.860051746999943, 3.651728276000028 ], [ -74.868638580999971, 3.664547814000059 ], [ -74.901619799999935, 3.679530711000041 ], [ -74.904016748999936, 3.696335570000031 ], [ -74.943080246999955, 3.719415186000049 ], [ -74.943724801999963, 3.739241907000064 ], [ -74.955351076999989, 3.755468950000022 ], [ -74.943991725999979, 3.798394692000045 ], [ -74.930252325999959, 3.813720061000026 ], [ -74.871398617999944, 3.820595135000076 ], [ -74.860783826999977, 3.852454870000031 ], [ -74.825030641999945, 3.892740967000066 ], [ -74.811361008999938, 3.924035064000066 ], [ -74.806582154999944, 3.975597816000061 ], [ -74.781498445999944, 4.013050876000023 ], [ -74.74392437399996, 4.045572837000066 ], [ -74.738813684999968, 4.06005188000006 ], [ -74.711783708999974, 4.07586443100007 ], [ -74.696554866999975, 4.102014975000031 ], [ -74.675696873999982, 4.097963789000062 ], [ -74.598459859999934, 4.149180738000041 ], [ -74.579110844999946, 4.149480393000033 ], [ -74.570049768999979, 4.139772140000048 ], [ -74.564505121999957, 4.11293054500004 ], [ -74.541428112999938, 4.093181341000047 ], [ -74.52684402999995, 4.090318528000068 ], [ -74.549970806999966, 4.032643203000021 ], [ -74.541624199999944, 4.019249355000056 ], [ -74.542219811999985, 3.976899634000063 ], [ -74.531307339999955, 3.975087330000065 ], [ -74.528681511999935, 3.965566121000052 ], [ -74.512952125999959, 3.954855581000061 ], [ -74.511136237999949, 3.944663917000071 ], [ -74.523457194999935, 3.907858721000025 ], [ -74.522540554999978, 3.886181957000076 ], [ -74.540347746999942, 3.843187188000059 ] ] ], [ [ [ -73.693636440999967, 4.971950439000068 ], [ -73.735761666999963, 4.936503414000072 ], [ -73.751029954999979, 4.934896094000067 ], [ -73.765953872999944, 4.904218119000063 ], [ -73.762143703999982, 4.890279410000062 ], [ -73.791971237999974, 4.866247028000032 ], [ -73.814882768999951, 4.833776550000039 ], [ -73.814767168999936, 4.824265840000066 ], [ -73.822818977999987, 4.819244400000059 ], [ -73.820034629999952, 4.808811999000056 ], [ -73.830426927999952, 4.761262397000053 ], [ -73.856991078999954, 4.755798276000064 ], [ -73.883203783999988, 4.734307826000077 ], [ -73.883626652999965, 4.714449041000023 ], [ -73.890426029999958, 4.704341996000039 ], [ -73.903182039999933, 4.714334590000021 ], [ -73.923872124999946, 4.705546501000072 ], [ -73.967583171999934, 4.641132625000068 ], [ -73.987942504999978, 4.632013503000053 ], [ -74.002911799999936, 4.570882802000028 ], [ -74.009857155999953, 4.560206239000024 ], [ -74.027267824999967, 4.562276141000041 ], [ -74.040264792999949, 4.512928222000028 ], [ -74.052364378999982, 4.510655708000058 ], [ -74.063868218999971, 4.489062190000027 ], [ -74.074358100999973, 4.486908909000022 ], [ -74.077099777999933, 4.462742953000031 ], [ -74.103561540999976, 4.451915658000075 ], [ -74.109044245999939, 4.44342146200006 ], [ -74.114824337999949, 4.425476156000059 ], [ -74.113451932999965, 4.390363743000023 ], [ -74.094738942999982, 4.364523513000051 ], [ -74.10725163099994, 4.325103761000037 ], [ -74.115057131999947, 4.313080202000037 ], [ -74.131919882999966, 4.30572169200002 ], [ -74.13692421899998, 4.29321956800004 ], [ -74.146934982999937, 4.296747924000044 ], [ -74.174580914999979, 4.280295242000022 ], [ -74.202468329999988, 4.290639516000056 ], [ -74.199606650999954, 4.280770191000045 ], [ -74.205265453999971, 4.270121857000049 ], [ -74.216734236999969, 4.274293742000054 ], [ -74.221919521999951, 4.282009157000061 ], [ -74.214474491999965, 4.299357417000067 ], [ -74.221176543999945, 4.351756224000042 ], [ -74.203251005999959, 4.418634546000021 ], [ -74.217138702999989, 4.428741072000037 ], [ -74.233348298999942, 4.425627370000029 ], [ -74.244852275999961, 4.434118807000061 ], [ -74.262132511999937, 4.422629921000066 ], [ -74.277391251999973, 4.430820811000046 ], [ -74.304764734999935, 4.429486134000058 ], [ -74.300851771999987, 4.496960116000025 ], [ -74.310345004999988, 4.548817758000041 ], [ -74.363278179999952, 4.556933650000076 ], [ -74.37221494399995, 4.546641719000036 ], [ -74.370243478999953, 4.535516775000076 ], [ -74.424383152999951, 4.449298489000057 ], [ -74.462719451999988, 4.360929847000023 ], [ -74.498687984999947, 4.354822246000026 ], [ -74.502386913999942, 4.362655967000023 ], [ -74.527715527999987, 4.367665663000025 ], [ -74.545456742999988, 4.362784853000051 ], [ -74.560670752999954, 4.373398316000021 ], [ -74.626393051999969, 4.34961873900005 ], [ -74.642061972999954, 4.360478084000022 ], [ -74.642742622999947, 4.376683417000038 ], [ -74.66337429899994, 4.381950123000024 ], [ -74.670833399999935, 4.375000023000041 ], [ -74.681639769999947, 4.331189703000064 ], [ -74.717030012999942, 4.275782104000029 ], [ -74.74275849199995, 4.267935676000036 ], [ -74.779012611999974, 4.269163131000028 ], [ -74.777191327999958, 4.282634598000072 ], [ -74.809013190999963, 4.288777418000052 ], [ -74.805109947999938, 4.309402085000045 ], [ -74.821135701999935, 4.338006589000031 ], [ -74.833341983999958, 4.344409272000064 ], [ -74.829823155999975, 4.356076096000038 ], [ -74.776916937999943, 4.426825500000064 ], [ -74.752492207999978, 4.435760286000061 ], [ -74.73972361999995, 4.459715155000026 ], [ -74.719739424999943, 4.462944632000074 ], [ -74.705739661999985, 4.486582954000028 ], [ -74.644708148999939, 4.545594314000027 ], [ -74.619887386999949, 4.590653309000061 ], [ -74.601514307999935, 4.608804210000073 ], [ -74.597384058999978, 4.629519299000037 ], [ -74.587640472999965, 4.633384403000036 ], [ -74.569392705999974, 4.623617701000057 ], [ -74.557518159999972, 4.649914267000042 ], [ -74.557886062999955, 4.664987231000055 ], [ -74.549391002999982, 4.664903270000025 ], [ -74.547340883999937, 4.674774023000055 ], [ -74.538223372999937, 4.680253102000052 ], [ -74.530995549999943, 4.704213535000065 ], [ -74.53397231799994, 4.743509673000062 ], [ -74.528979056999958, 4.766391972000065 ], [ -74.533817696999961, 4.780295612000032 ], [ -74.527634017999958, 4.802226309000048 ], [ -74.509202685999981, 4.791292166000062 ], [ -74.495738632999974, 4.809783246000052 ], [ -74.462653435999982, 4.823679794000043 ], [ -74.459378859999958, 4.832594051000058 ], [ -74.433626680999964, 4.847262734000026 ], [ -74.419132375999936, 4.839195182000026 ], [ -74.412157248999961, 4.842428681000058 ], [ -74.411151665999967, 4.858997958000032 ], [ -74.420223107999959, 4.87364808500007 ], [ -74.409849925999936, 4.879694614000073 ], [ -74.37537804599998, 4.87157591600004 ], [ -74.36548526699994, 4.886414417000026 ], [ -74.353797859999986, 4.888752133000025 ], [ -74.349024070999974, 4.88127716200006 ], [ -74.342111746999933, 4.894618756000057 ], [ -74.331674613999951, 4.89211055100003 ], [ -74.314970072999984, 4.873095343000045 ], [ -74.30692051699998, 4.875969285000053 ], [ -74.300656891999949, 4.869690756000068 ], [ -74.283424805999971, 4.876096526000026 ], [ -74.275082008999959, 4.896436363000021 ], [ -74.262974593999957, 4.891534939000053 ], [ -74.227438672999938, 4.921990075000053 ], [ -74.218441277999943, 4.959735782000052 ], [ -74.205085184999973, 4.978580454000053 ], [ -74.183079460999977, 4.995272946000057 ], [ -74.161190144999978, 4.998087444000021 ], [ -74.160952474999988, 5.005265365000071 ], [ -74.179265639999983, 5.021581600000047 ], [ -74.158862916999965, 5.042560833000039 ], [ -74.143306134999989, 5.039882850000026 ], [ -74.13624552999994, 5.060268718000032 ], [ -74.124793143999966, 5.068213179000054 ], [ -74.095023892999961, 5.072527184000023 ], [ -74.089299775999962, 5.065607487000023 ], [ -74.070510841999976, 5.073680276000061 ], [ -74.062468626999987, 5.090896839000038 ], [ -74.06361312699994, 5.130423030000031 ], [ -74.044998647999989, 5.157793951000031 ], [ -74.047764840999946, 5.201148353000065 ], [ -74.023142059999941, 5.228976924000051 ], [ -73.993075182999974, 5.216601255000057 ], [ -73.982630918999973, 5.218395809000071 ], [ -73.963069684999937, 5.246126141000047 ], [ -73.958680203999961, 5.266582128000039 ], [ -73.965479175999974, 5.285604622000051 ], [ -73.954270364999957, 5.294222217000026 ], [ -73.969321668999953, 5.322032733000071 ], [ -73.966813151999986, 5.334055124000031 ], [ -73.946936087999973, 5.356661304000056 ], [ -73.934932457999935, 5.392009256000051 ], [ -73.897388885999987, 5.452639741000041 ], [ -73.904304476999982, 5.481209258000035 ], [ -73.89919075399996, 5.495324006000033 ], [ -73.905732082999975, 5.498579838000069 ], [ -73.911028036999937, 5.515616541000043 ], [ -73.908870266999941, 5.546623798000041 ], [ -73.924973886999965, 5.574208794000072 ], [ -73.890427106999937, 5.618006057000059 ], [ -73.86606225099996, 5.633070929000041 ], [ -73.856827845999987, 5.659086656000056 ], [ -73.84356984599998, 5.665810541000042 ], [ -73.845177686999989, 5.676577716000054 ], [ -73.819021138999972, 5.714621005000026 ], [ -73.818920739999953, 5.73541558200003 ], [ -73.836757218999935, 5.783023386000025 ], [ -73.857245528999954, 5.803846920000069 ], [ -73.857050747999949, 5.813273499000047 ], [ -73.839272268999935, 5.823841343000026 ], [ -73.831906329999981, 5.841638724000063 ], [ -73.853738171999964, 5.853084220000028 ], [ -73.845908186999964, 5.873064255000031 ], [ -73.860418763999974, 5.894232331000069 ], [ -73.840601169999957, 5.920447376000027 ], [ -73.835575472999949, 5.938532795000071 ], [ -73.838961636999954, 5.954659968000044 ], [ -73.814676581999947, 5.969147673000066 ], [ -73.816914287999964, 5.98723626900005 ], [ -73.806196015999944, 6.012161203000062 ], [ -73.793241764999948, 6.014834243000053 ], [ -73.789350806999948, 6.050320396000075 ], [ -73.769705039999963, 6.05040531700007 ], [ -73.754865852999956, 6.037750464000055 ], [ -73.749959356999966, 6.042528620000041 ], [ -73.728439549999962, 6.035534859000052 ], [ -73.694667285999969, 6.039591362000067 ], [ -73.67791217599995, 6.074509679000073 ], [ -73.657485440999949, 6.094543205000036 ], [ -73.650490779999984, 6.114012486000036 ], [ -73.640781222999976, 6.120416515000045 ], [ -73.610306489999971, 6.170999658000028 ], [ -73.598601531999975, 6.205096272000048 ], [ -73.577032828999961, 6.219918875000076 ], [ -73.55484248199997, 6.224777961000029 ], [ -73.553014054999949, 6.236355529000036 ], [ -73.54248432199995, 6.246632390000059 ], [ -73.548095029999956, 6.277978891000032 ], [ -73.499284602999978, 6.265213398000071 ], [ -73.496409231999962, 6.315484853000044 ], [ -73.474621576999937, 6.345684052000024 ], [ -73.481819191999989, 6.402407958000026 ], [ -73.461981609999953, 6.463810939000041 ], [ -73.445522148999942, 6.472246182000049 ], [ -73.448104287999968, 6.49692245500006 ], [ -73.435742490999985, 6.512313735000021 ], [ -73.44141216099996, 6.541203025000073 ], [ -73.429378545999953, 6.560709259000021 ], [ -73.428961070999947, 6.587503045000062 ], [ -73.418763234999972, 6.592417926000053 ], [ -73.417597489999935, 6.605574273000059 ], [ -73.398746599999981, 6.635823519000041 ], [ -73.40423753999994, 6.652021022000042 ], [ -73.458637632999967, 6.678248668000037 ], [ -73.459948628999939, 6.701312601000041 ], [ -73.473338033999937, 6.710133132000067 ], [ -73.483239956999967, 6.731588862000024 ], [ -73.486584738999966, 6.764007252000056 ], [ -73.481089855999983, 6.795196845000021 ], [ -73.470538378999947, 6.811643088000039 ], [ -73.472240761999956, 6.828295953000065 ], [ -73.459963671999958, 6.845600919000049 ], [ -73.465215700999977, 6.856516705000047 ], [ -73.457643679999933, 6.862727065000058 ], [ -73.450135432999957, 6.893147753000051 ], [ -73.461216628999978, 6.913449165000031 ], [ -73.447811024999965, 6.927791658000046 ], [ -73.446237036999946, 6.944529760000023 ], [ -73.468708662999973, 6.942099356000028 ], [ -73.489315214999976, 6.928201923000074 ], [ -73.536097949999942, 6.930927331000021 ], [ -73.547002523999936, 6.909874844000058 ], [ -73.561041486999954, 6.911433346000024 ], [ -73.574538821999965, 6.900691250000023 ], [ -73.583019017999959, 6.910738949000063 ], [ -73.589993456999935, 6.902994813000021 ], [ -73.609457562999978, 6.90172241700003 ], [ -73.627769133999948, 6.90403673000003 ], [ -73.62991621499998, 6.912005432000058 ], [ -73.649231751999935, 6.916616600000054 ], [ -73.675530031999983, 6.902787474000036 ], [ -73.704541813999981, 6.906973848000064 ], [ -73.712855503999947, 6.929732190000038 ], [ -73.757669712999984, 6.935506296000028 ], [ -73.767289976999962, 6.942044014000032 ], [ -73.771124124999972, 6.991325226000072 ], [ -73.787129507999964, 7.013154311000051 ], [ -73.792705012999988, 7.058733447000066 ], [ -73.820274378999954, 7.049323283000035 ], [ -73.875821989999963, 7.053085832000022 ], [ -73.916771670999935, 7.103211993000059 ], [ -73.926021724999941, 7.105727167000055 ], [ -73.932840290999934, 7.129235062000021 ], [ -73.92645790499995, 7.145112820000065 ], [ -73.938839688999963, 7.190513158000044 ], [ -73.923738213999968, 7.219576357000051 ], [ -73.900776484999938, 7.209208745000069 ], [ -73.869656995999947, 7.210702881000032 ], [ -73.845430161999957, 7.225045726000076 ], [ -73.834564555999975, 7.249729775000048 ], [ -73.802431399999989, 7.25875476300007 ], [ -73.798822102999964, 7.283944569000028 ], [ -73.786380317999942, 7.294271899000023 ], [ -73.772507950999966, 7.293329716000073 ], [ -73.764465642999937, 7.281338322000067 ], [ -73.739593508999974, 7.28419130900005 ], [ -73.692957458999956, 7.268579704000047 ], [ -73.662402469999961, 7.276949983000065 ], [ -73.595493724999983, 7.277828709000062 ], [ -73.576332863999937, 7.272209833000034 ], [ -73.557196138999984, 7.287690593000036 ], [ -73.545885293999959, 7.289447765000034 ], [ -73.539204709999979, 7.306090446000042 ], [ -73.526262421999945, 7.309184835000053 ], [ -73.515293768999982, 7.305056515000047 ], [ -73.499273915999936, 7.279055787000061 ], [ -73.470621863999952, 7.277295841000068 ], [ -73.461919992999981, 7.263360935000037 ], [ -73.454447278999965, 7.261867515000063 ], [ -73.436604789999933, 7.274665322000033 ], [ -73.426518745999942, 7.291061978000073 ], [ -73.384475511999938, 7.283248721000064 ], [ -73.36148828599994, 7.305412984000043 ], [ -73.346957743999951, 7.282759115000033 ], [ -73.314714966999986, 7.279978792000065 ], [ -73.315557364999961, 7.234958515000073 ], [ -73.301267777999954, 7.214026373000024 ], [ -73.303359092999983, 7.195609790000049 ], [ -73.296999478999965, 7.188613707000059 ], [ -73.287214757999948, 7.195534373000044 ], [ -73.277163185999939, 7.190541118000056 ], [ -73.28637166599998, 7.147114258000045 ], [ -73.283792269999935, 7.142899518000036 ], [ -73.270757861999982, 7.145986782000023 ], [ -73.271734051999942, 7.135606283000072 ], [ -73.261868494999987, 7.134584234000044 ], [ -73.254986505999966, 7.125864402000047 ], [ -73.257416085999978, 7.106348302000072 ], [ -73.246265782999956, 7.074272912000026 ], [ -73.26547237799997, 7.046030782000059 ], [ -73.262514698999951, 7.039423114000044 ], [ -73.252412181999944, 7.038161458000047 ], [ -73.248556378999979, 7.025045328000033 ], [ -73.264332764999949, 7.012872624000067 ], [ -73.249900944999979, 6.995814848000066 ], [ -73.235536727999943, 6.995071716000041 ], [ -73.214230924999981, 6.967331510000065 ], [ -73.203650705999962, 6.940519523000034 ], [ -73.184925068999974, 6.939161421000051 ], [ -73.176214715999947, 6.925686364000057 ], [ -73.164477403999967, 6.929539283000054 ], [ -73.153548761999957, 6.922738982000055 ], [ -73.101413689999958, 6.944929468000055 ], [ -73.061023209999973, 6.936328735000075 ], [ -73.055300508999949, 6.92588691900005 ], [ -73.042380442999956, 6.922988463000024 ], [ -73.029385717999958, 6.910616892000064 ], [ -73.00607807199998, 6.917864376000068 ], [ -72.994544624999946, 6.949927696000032 ], [ -72.995238040999936, 6.98159996000004 ], [ -72.974450052999941, 7.025756436000052 ], [ -72.956221506999952, 7.039299797000069 ], [ -72.943895404999978, 7.067017253000074 ], [ -72.949327255999947, 7.08394190100006 ], [ -72.939365622999958, 7.097192776000043 ], [ -72.901346961999934, 7.077972707000072 ], [ -72.882798805999983, 7.079115590000072 ], [ -72.876741204999973, 7.055963832000032 ], [ -72.855372142999954, 7.055968175000032 ], [ -72.839619234999986, 7.044411814000057 ], [ -72.81241588499995, 7.037522128000035 ], [ -72.792302888999984, 7.038328401000058 ], [ -72.784444778999955, 7.022951007000074 ], [ -72.756969675999983, 7.011465385000065 ], [ -72.745901738999976, 6.988903121000021 ], [ -72.738973106999936, 6.98415964000003 ], [ -72.726852088999976, 6.990835018000041 ], [ -72.713690607999979, 6.981320842000059 ], [ -72.704065926999988, 6.957255423000049 ], [ -72.680706135999969, 6.956577158000073 ], [ -72.654243276999978, 6.877275569000062 ], [ -72.625942761999966, 6.857961147000026 ], [ -72.619034831999954, 6.839571828000032 ], [ -72.628302639999959, 6.813374533000058 ], [ -72.608314367999981, 6.752899540000044 ], [ -72.625243719999958, 6.732070465000049 ], [ -72.621469488999935, 6.722085724000067 ], [ -72.626734830999965, 6.710142309000048 ], [ -72.584842117999983, 6.706477240000027 ], [ -72.564880374999973, 6.733035393000023 ], [ -72.53716776899995, 6.742274613000063 ], [ -72.529166306999969, 6.729166584000041 ], [ -72.490458873999955, 6.717038826000021 ], [ -72.483667879999985, 6.655393051000033 ], [ -72.458013919999985, 6.655668400000025 ], [ -72.443755232999933, 6.645756371000061 ], [ -72.439436679999972, 6.63169182200005 ], [ -72.421767179999961, 6.622904120000044 ], [ -72.403710890999946, 6.622664235000059 ], [ -72.402012432999982, 6.612135934000037 ], [ -72.380287118999945, 6.600941956000042 ], [ -72.36191415899998, 6.571404437000069 ], [ -72.347003083999937, 6.543971200000044 ], [ -72.344913788999975, 6.525729334000061 ], [ -72.304902698999967, 6.514410463000047 ], [ -72.298057756999981, 6.472059014000024 ], [ -72.276449189999937, 6.430253764000042 ], [ -72.287841636999985, 6.40249409300003 ], [ -72.281980807999958, 6.386571058000072 ], [ -72.303108562999967, 6.359741156000041 ], [ -72.316684134999946, 6.356618964000063 ], [ -72.321785474999956, 6.33248297800003 ], [ -72.339790342999947, 6.347771616000045 ], [ -72.356473876999985, 6.345548638000025 ], [ -72.379169413999989, 6.294385829000021 ], [ -72.395485267999959, 6.274708647000068 ], [ -72.388907852999978, 6.257647985000062 ], [ -72.399247596999942, 6.234874159000071 ], [ -72.402271602999974, 6.208194325000022 ], [ -72.418894576999946, 6.188301151000076 ], [ -72.410691715999974, 6.175074155000061 ], [ -72.422518670999978, 6.167823307000049 ], [ -72.42230626199995, 6.151577493000048 ], [ -72.447755201999939, 6.127763788000038 ], [ -72.44858955899997, 6.11262755000007 ], [ -72.490744708999955, 6.085991198000045 ], [ -72.488256852999939, 6.078880707000053 ], [ -72.499233029999971, 6.075612397000043 ], [ -72.507899603999988, 6.053036402000032 ], [ -72.52216707599996, 6.051570725000033 ], [ -72.534883341999944, 6.041059637000046 ], [ -72.54086074099996, 6.030959661000054 ], [ -72.534263985999985, 6.021243599000059 ], [ -72.555256425999971, 6.00901539900002 ], [ -72.546777308999935, 5.991226078000068 ], [ -72.560698829999978, 5.957041587000049 ], [ -72.577708589999986, 5.949336395000046 ], [ -72.573722560999954, 5.93935196800004 ], [ -72.601088454999967, 5.915818886000068 ], [ -72.631376985999964, 5.924939664000021 ], [ -72.648077644999944, 5.923619650000035 ], [ -72.656875407999962, 5.893080964000035 ], [ -72.654201434999948, 5.882806798000047 ], [ -72.695533679999983, 5.859518100000059 ], [ -72.688320824999948, 5.849669668000047 ], [ -72.702609091999989, 5.836301223000021 ], [ -72.686941845999968, 5.830745213000057 ], [ -72.687027318999981, 5.822112091000065 ], [ -72.716749842999945, 5.797500152000055 ], [ -72.678023715999984, 5.783198072000062 ], [ -72.689714948999949, 5.777845047000028 ], [ -72.693252864999977, 5.766587905000051 ], [ -72.729184577999945, 5.750456929000052 ], [ -72.728985357999989, 5.743783 ], [ -72.707430260999956, 5.727767785000026 ], [ -72.72569834799998, 5.709690382000076 ], [ -72.74764597099994, 5.666973625000026 ], [ -72.770971527999961, 5.647005945000046 ], [ -72.791144176999978, 5.659393603000069 ], [ -72.817396782999936, 5.64330516800004 ], [ -72.838020464999943, 5.646291690000055 ], [ -72.843096634999938, 5.652560395000023 ], [ -72.85931452899996, 5.637151240000037 ], [ -72.878361587999962, 5.640635362000069 ], [ -72.894951886999934, 5.619355876000043 ], [ -72.922600576999969, 5.61984178900002 ], [ -72.931407049999962, 5.585269172000039 ], [ -72.958030257999951, 5.559270122000044 ], [ -72.973153170999979, 5.553916271000048 ], [ -72.974189369999976, 5.53590529500002 ], [ -72.999285121999947, 5.520593723000047 ], [ -72.98494681699998, 5.489062727000032 ], [ -72.984793944999979, 5.467379078000022 ], [ -72.991520438999942, 5.45778509400003 ], [ -72.987322942999981, 5.442419759000074 ], [ -72.994432254999936, 5.431380716000035 ], [ -73.016837123999949, 5.436731153000039 ], [ -73.033473461999961, 5.46525134500007 ], [ -73.049666898999988, 5.460399169000027 ], [ -73.063276190999943, 5.46878868500005 ], [ -73.084782549999943, 5.46391434700007 ], [ -73.106872455999962, 5.470111195000072 ], [ -73.123429339999973, 5.461812663000046 ], [ -73.148036414999979, 5.480798153000023 ], [ -73.164009829999941, 5.479387365000036 ], [ -73.177924170999972, 5.465987598000027 ], [ -73.187663671999985, 5.466432733000033 ], [ -73.219523891999984, 5.446963751000055 ], [ -73.235751952999976, 5.456979017000037 ], [ -73.264482735999934, 5.461683662000041 ], [ -73.270009687999959, 5.479274982000049 ], [ -73.279757577999987, 5.487272574000031 ], [ -73.285185725999952, 5.51230995100002 ], [ -73.314217614999961, 5.494135859000039 ], [ -73.316824291999978, 5.475919464000071 ], [ -73.342349066999986, 5.478829880000035 ], [ -73.359992054999964, 5.474006646000021 ], [ -73.369645077999962, 5.487654897000027 ], [ -73.392131854999946, 5.474941422000029 ], [ -73.391732500999979, 5.511006791000057 ], [ -73.411343210999974, 5.508696433000068 ], [ -73.422601981999946, 5.536046509000073 ], [ -73.445088563999946, 5.52154640200007 ], [ -73.46176707099994, 5.497699152000052 ], [ -73.465970105999986, 5.473360178000064 ], [ -73.477970152999944, 5.470381716000077 ], [ -73.515541368999948, 5.440153166000073 ], [ -73.540368521999937, 5.44185053800004 ], [ -73.568323319999934, 5.415198342000053 ], [ -73.588144941999985, 5.406362370000068 ], [ -73.58087276599997, 5.395350897000071 ], [ -73.600232239999968, 5.376989819000073 ], [ -73.592786786999966, 5.347749356000065 ], [ -73.601581069999952, 5.31928517800003 ], [ -73.592517027999975, 5.311263158000031 ], [ -73.594825697999966, 5.296581368000034 ], [ -73.567156722999982, 5.27424895200005 ], [ -73.558100817999957, 5.257733092000024 ], [ -73.536992952999981, 5.241266658000029 ], [ -73.526848954999934, 5.242334439000047 ], [ -73.515821762999963, 5.230182687000024 ], [ -73.543269976999966, 5.203083134000053 ], [ -73.553138874999945, 5.173125111000047 ], [ -73.56901028599998, 5.170446450000043 ], [ -73.578373080999938, 5.152312425000048 ], [ -73.591158692999954, 5.150785216000031 ], [ -73.621184225999968, 5.125566071000037 ], [ -73.647376012999985, 5.12079910500006 ], [ -73.668743595999956, 5.103227754000045 ], [ -73.681466220999937, 5.076319313000056 ], [ -73.682729092999978, 5.059512268000049 ], [ -73.676054991999933, 5.048741598000049 ], [ -73.679937922999954, 5.039233509000042 ], [ -73.671769961999985, 5.033187224000073 ], [ -73.688367591999963, 5.006579934000058 ], [ -73.683305992999976, 4.992879403000074 ], [ -73.693636440999967, 4.971950439000068 ] ] ] ] } },
{ "type": "Feature", "properties": { "name": "ORIENTE", "source": "XM ListadoRios -> IDEAM SZH (disjoint; upstream region keeps shared basins)", "szh": "3503,3506,3507", "rivers": "BATA, DESV. CHIVOR, DESV. BATATAS; CHUZA, BLANCO (Chingaza); GUAVIO", "area_km2": 6643.0, "xm_rivers": "BATA;BLANCO;CHUZA;DESV. BATATAS;DESV. CHIVOR;GUAVIO", "riv_codes": "DESVBATA;DESVCHIV;DESVRBLA;EMBACHUZ;ESMEBATA;GUAVGUAV" }, "geometry": { "type": "Polygon", "coordinates": [ [ [ -73.57507353699998, 4.518797765000045 ], [ -73.575683382999955, 4.498640734000048 ], [ -73.596252602999982, 4.487708553000061 ], [ -73.600976578999962, 4.463546524000037 ], [ -73.619822361999979, 4.442563505000066 ], [ -73.620548645999975, 4.424440037000068 ], [ -73.632992500999933, 4.403276452000057 ], [ -73.626212075999945, 4.381380069000045 ], [ -73.613347085999976, 4.370545684000035 ], [ -73.600254395999968, 4.343381509000039 ], [ -73.607971430999953, 4.324613685000031 ], [ -73.599851727999976, 4.320352519000039 ], [ -73.589358925999989, 4.329198424000026 ], [ -73.576607515999967, 4.329010640000035 ], [ -73.560891864999974, 4.306569603000071 ], [ -73.524936152999942, 4.280973718000041 ], [ -73.439635915999986, 4.255546439000057 ], [ -73.428394680999986, 4.232479013000045 ], [ -73.393107258999976, 4.218631810000034 ], [ -73.364272203999974, 4.186217338000063 ], [ -73.276984054999957, 4.170880919000069 ], [ -73.221388142999956, 4.186253345000068 ], [ -73.209218716999942, 4.201581274000034 ], [ -73.182762968999953, 4.206665077000025 ], [ -73.139527955999938, 4.194861642000035 ], [ -73.129355251999982, 4.183366009000054 ], [ -73.11024023899995, 4.177870109000025 ], [ -73.058987812999987, 4.191722037000034 ], [ -73.042417000999933, 4.177196929000047 ], [ -73.028880846999982, 4.188004032000038 ], [ -73.011206437999988, 4.190634522000039 ], [ -73.007027483999934, 4.199477689000048 ], [ -72.996910579999962, 4.192406548000065 ], [ -72.945717613999989, 4.190400602000068 ], [ -72.921312455999953, 4.166006451000044 ], [ -72.949872162999952, 4.14214283900003 ], [ -72.950269382999977, 4.149912035000057 ], [ -72.968716923999978, 4.153892099000075 ], [ -73.044524465999984, 4.155934481000031 ], [ -73.052161646999934, 4.148811160000037 ], [ -73.070299591999969, 4.14865510900006 ], [ -73.110529239999948, 4.130134834000046 ], [ -73.128754174999983, 4.131861430000072 ], [ -73.137164005999978, 4.122451503000036 ], [ -73.16656637799997, 4.116385198000046 ], [ -73.202558592999935, 4.130152105000036 ], [ -73.241966526999988, 4.125977976000058 ], [ -73.257523358999947, 4.116394519000039 ], [ -73.323388419999958, 4.101745949000076 ], [ -73.416218669999978, 4.107660109000051 ], [ -73.447769689999973, 4.09530423700005 ], [ -73.484849273999941, 4.097037307000051 ], [ -73.536952981999946, 4.080206532000034 ], [ -73.600410321999959, 4.075132591000056 ], [ -73.635264645999939, 4.06181366800007 ], [ -73.668501893999974, 4.063984601000072 ], [ -73.706392637999954, 4.051022858000067 ], [ -73.727238262999947, 4.05725306100004 ], [ -73.731939840999985, 4.067184593000036 ], [ -73.726008178999962, 4.089478506000034 ], [ -73.738712925999948, 4.109238331000029 ], [ -73.683717075999937, 4.133558097000048 ], [ -73.686519233999945, 4.159280307000074 ], [ -73.678231136999955, 4.170858781000049 ], [ -73.693874566999966, 4.178993262000063 ], [ -73.699406862999979, 4.196222930000033 ], [ -73.687458682999988, 4.232016783000063 ], [ -73.697769536999942, 4.255305213000042 ], [ -73.724669439999957, 4.258189189000063 ], [ -73.749287180999943, 4.269101579000051 ], [ -73.760723232999965, 4.278662018000034 ], [ -73.760629055999971, 4.290326125000036 ], [ -73.765948316999982, 4.287098243000059 ], [ -73.784175907999952, 4.301057603000061 ], [ -73.782959374999962, 4.326808010000036 ], [ -73.795681872999978, 4.365618630000029 ], [ -73.792503281999984, 4.379838723000034 ], [ -73.814127827999982, 4.400931882000066 ], [ -73.805753050999954, 4.426485325000044 ], [ -73.792338468999958, 4.440895947000058 ], [ -73.780415569999946, 4.449684189000038 ], [ -73.763250773999971, 4.451351903000045 ], [ -73.755357143999959, 4.461457362000033 ], [ -73.766429229999972, 4.468468855000026 ], [ -73.773098018999974, 4.483724709000057 ], [ -73.768441668999969, 4.501607690000071 ], [ -73.775405275999958, 4.525297691000048 ], [ -73.788873414999955, 4.53110532900007 ], [ -73.787617050999984, 4.542828738000026 ], [ -73.816278022999938, 4.568201672000043 ], [ -73.825066195999966, 4.585646670000074 ], [ -73.821631392999961, 4.599965878000035 ], [ -73.814716869999984, 4.599305386000026 ], [ -73.799028525999972, 4.627353036000045 ], [ -73.792291530999989, 4.629384087000062 ], [ -73.791022803999965, 4.671134934000065 ], [ -73.804692513999953, 4.702453909000042 ], [ -73.799377946999982, 4.723865806000049 ], [ -73.815827886999955, 4.737988710000025 ], [ -73.821724291999942, 4.754679494000072 ], [ -73.832486495999945, 4.754055340000036 ], [ -73.820034629999952, 4.808811999000056 ], [ -73.822818977999987, 4.819244400000059 ], [ -73.814767168999936, 4.824265840000066 ], [ -73.814882768999951, 4.833776550000039 ], [ -73.793104811999967, 4.864931570000067 ], [ -73.762143703999982, 4.890279410000062 ], [ -73.765953872999944, 4.904218119000063 ], [ -73.751029954999979, 4.934896094000067 ], [ -73.718222486999935, 4.946602849000044 ], [ -73.693636440999967, 4.971950439000068 ], [ -73.683066596999936, 4.994254990000059 ], [ -73.688367591999963, 5.006579934000058 ], [ -73.672189266999965, 5.030316399000071 ], [ -73.679937922999954, 5.039233509000042 ], [ -73.676054991999933, 5.048741598000049 ], [ -73.682668573999933, 5.060947775000045 ], [ -73.668743595999956, 5.103227754000045 ], [ -73.647376012999985, 5.12079910500006 ], [ -73.621184225999968, 5.125566071000037 ], [ -73.591158692999954, 5.150785216000031 ], [ -73.578373080999938, 5.152312425000048 ], [ -73.56901028599998, 5.170446450000043 ], [ -73.553138874999945, 5.173125111000047 ], [ -73.543269976999966, 5.203083134000053 ], [ -73.515821762999963, 5.230182687000024 ], [ -73.526848954999934, 5.242334439000047 ], [ -73.536992952999981, 5.241266658000029 ], [ -73.558100817999957, 5.257733092000024 ], [ -73.567156722999982, 5.27424895200005 ], [ -73.594825697999966, 5.296581368000034 ], [ -73.592517027999975, 5.311263158000031 ], [ -73.601581069999952, 5.31928517800003 ], [ -73.592786786999966, 5.347749356000065 ], [ -73.600232239999968, 5.376989819000073 ], [ -73.58087276599997, 5.395350897000071 ], [ -73.588144941999985, 5.406362370000068 ], [ -73.568323319999934, 5.415198342000053 ], [ -73.540368521999937, 5.44185053800004 ], [ -73.515541368999948, 5.440153166000073 ], [ -73.477970152999944, 5.470381716000077 ], [ -73.465970105999986, 5.473360178000064 ], [ -73.46176707099994, 5.497699152000052 ], [ -73.445088563999946, 5.52154640200007 ], [ -73.422601981999946, 5.536046509000073 ], [ -73.411343210999974, 5.508696433000068 ], [ -73.391732500999979, 5.511006791000057 ], [ -73.392131854999946, 5.474941422000029 ], [ -73.369645077999962, 5.487654897000027 ], [ -73.359992054999964, 5.474006646000021 ], [ -73.342349066999986, 5.478829880000035 ], [ -73.316824291999978, 5.475919464000071 ], [ -73.314217614999961, 5.494135859000039 ], [ -73.28384297599996, 5.512128735000033 ], [ -73.279757577999987, 5.487272574000031 ], [ -73.270009687999959, 5.479274982000049 ], [ -73.26662794899994, 5.464198540000041 ], [ -73.216564093999978, 5.446244818000025 ], [ -73.213144759999977, 5.428949006000039 ], [ -73.245744935999937, 5.374030439000023 ], [ -73.286914853999974, 5.351160469000035 ], [ -73.282567934999975, 5.324856311000076 ], [ -73.269741956999951, 5.322507060000021 ], [ -73.275742451999974, 5.296557593000045 ], [ -73.287520549999954, 5.277912117000028 ], [ -73.278237042999933, 5.258880802000022 ], [ -73.275951246999966, 5.214917817000071 ], [ -73.296148831999972, 5.190738116000034 ], [ -73.293239495999956, 5.179490241000053 ], [ -73.30388641199994, 5.156356828000071 ], [ -73.301768766999942, 5.131652662000022 ], [ -73.309495266999988, 5.105345471000021 ], [ -73.29317769499994, 5.083554868000022 ], [ -73.28114598999997, 4.996067954000068 ], [ -73.265672921999965, 4.969074718000059 ], [ -73.271137759999988, 4.93780077200006 ], [ -73.262720566999974, 4.930505681000056 ], [ -73.27216539899996, 4.911557387000073 ], [ -73.262428757999942, 4.876078223000036 ], [ -73.249693472999979, 4.855488058000049 ], [ -73.252039367999942, 4.838624528000025 ], [ -73.242518803999985, 4.822763250000037 ], [ -73.258365315999981, 4.796098732000075 ], [ -73.225582741999972, 4.777167288000044 ], [ -73.201445439999986, 4.77837943000003 ], [ -73.182919731999959, 4.758572169000047 ], [ -73.177225756999974, 4.736016773000074 ], [ -73.164287264999984, 4.737614646000054 ], [ -73.151777429999981, 4.730660218000025 ], [ -73.14095580999998, 4.753054018000057 ], [ -73.130517950999945, 4.756807668000022 ], [ -73.131279960999962, 4.766318212000044 ], [ -73.139736597999956, 4.772908715000028 ], [ -73.124226145999955, 4.780124116000025 ], [ -73.123127903999944, 4.798244401000034 ], [ -73.11364141599995, 4.803254929000047 ], [ -73.105371074999937, 4.791401277000034 ], [ -73.095833719999973, 4.791666720000023 ], [ -73.083389435999948, 4.779288600000029 ], [ -73.062058028999957, 4.771542238000052 ], [ -73.053028635999965, 4.734598141000049 ], [ -73.080661513999985, 4.685865615000068 ], [ -73.108398469999941, 4.611216882000065 ], [ -73.146536801999957, 4.571315692000042 ], [ -73.16412773199994, 4.564400491000072 ], [ -73.175228285999935, 4.552452693000021 ], [ -73.175960350999958, 4.538876910000056 ], [ -73.186576686999956, 4.532490488000064 ], [ -73.224204345999965, 4.565132374000029 ], [ -73.220179605999988, 4.59156355600004 ], [ -73.206684510999935, 4.611942300000067 ], [ -73.246263717999966, 4.610733720000042 ], [ -73.248215828999946, 4.623535400000037 ], [ -73.326935441999979, 4.643660001000057 ], [ -73.33514729999996, 4.657245893000038 ], [ -73.347547394999935, 4.656182264000051 ], [ -73.368945402999941, 4.666430604000027 ], [ -73.38265899299995, 4.655320643000039 ], [ -73.403143545999967, 4.67800943900005 ], [ -73.440729045999944, 4.64568593100006 ], [ -73.461718044999941, 4.638826079000069 ], [ -73.485417765999955, 4.597455530000047 ], [ -73.503721430999974, 4.592206916000066 ], [ -73.532604721999974, 4.547967292000067 ], [ -73.556030935999956, 4.545293002000051 ], [ -73.57507353699998, 4.518797765000045 ] ] ] } },
{ "type": "Feature", "properties": { "name": "VALLE", "source": "XM ListadoRios -> IDEAM SZH (disjoint; upstream region keeps shared basins)", "szh": "2601,2602,2603,2627,5310,5407", "rivers": "ALTOANCHICAYA, DIGUA; CALIMA; CAUCA SALVAJINA; CAUCA SALVAJINA (Palacé); CAUCA SALVAJINA (Piendamó)", "area_km2": 8423.0, "xm_rivers": "ALTOANCHICAYA;CALIMA;CAUCA SALVAJINA;DIGUA", "riv_codes": "ALTOANCH;BAJOANCH;CAL1CALM;SALVCAUC" }, "geometry": { "type": "MultiPolygon", "coordinates": [ [ [ [ -76.357220284999983, 2.399345848000053 ], [ -76.353354531999969, 2.346561674000043 ], [ -76.389224204999948, 2.304471846000069 ], [ -76.372714163999945, 2.27899140300002 ], [ -76.384718580999959, 2.267555166000022 ], [ -76.403448779999962, 2.208424420000028 ], [ -76.413123852999945, 2.194709957000043 ], [ -76.433221167999989, 2.189514221000024 ], [ -76.436774035999974, 2.18190603100004 ], [ -76.432550288999948, 2.170723969000051 ], [ -76.436952428999973, 2.159026321000056 ], [ -76.425070241999947, 2.127917056000058 ], [ -76.466805532999956, 2.100742099000058 ], [ -76.487805174999949, 2.127150316000041 ], [ -76.502484289999984, 2.123039194000057 ], [ -76.516898303999938, 2.13183771100006 ], [ -76.548517774999937, 2.136362551000047 ], [ -76.566730616999962, 2.161696305000021 ], [ -76.569025500999942, 2.17008321000003 ], [ -76.560847563999971, 2.182360138000035 ], [ -76.574707413999988, 2.200480938000055 ], [ -76.568246841999951, 2.216484326000057 ], [ -76.568012394999982, 2.246605159000069 ], [ -76.560477694999975, 2.259670323000023 ], [ -76.593818671999941, 2.280866573000026 ], [ -76.611668189999989, 2.362611605000041 ], [ -76.637780989999953, 2.373176716000046 ], [ -76.690431069999988, 2.367436593000036 ], [ -76.701177202999986, 2.377903346000039 ], [ -76.740837889999966, 2.390447081000048 ], [ -76.799573491999979, 2.435933625000075 ], [ -76.821598427999959, 2.446356964000074 ], [ -76.850329664999947, 2.436307491000036 ], [ -76.891786561999936, 2.467528390000041 ], [ -76.89219043099996, 2.478759945000036 ], [ -76.910697583999934, 2.488614161000044 ], [ -76.93284054999998, 2.487610200000063 ], [ -76.942028607999987, 2.495237431000021 ], [ -76.95322712899997, 2.509503540000026 ], [ -76.958838197999967, 2.532719345000032 ], [ -76.94309160499995, 2.546662924000032 ], [ -76.945409412999936, 2.563194896000027 ], [ -76.920379906999983, 2.591642043000036 ], [ -76.909937253999942, 2.618718519000026 ], [ -76.912590605999981, 2.636158237000075 ], [ -76.871216850999986, 2.699178728000049 ], [ -76.873869462999949, 2.715901940000037 ], [ -76.86357484499996, 2.724577393000061 ], [ -76.849371418999965, 2.762240771000052 ], [ -76.871717457999978, 2.78450988000003 ], [ -76.868035113999952, 2.795273275000056 ], [ -76.879911311999933, 2.81202186400003 ], [ -76.908189443999959, 2.809802386000058 ], [ -76.91766841499998, 2.817904610000028 ], [ -76.912158363999936, 2.819543190000047 ], [ -76.911536657999989, 2.837563996000029 ], [ -76.892223515999945, 2.847817646000067 ], [ -76.902806184999974, 2.868660351000074 ], [ -76.880229551999946, 2.894298997000021 ], [ -76.879337792999934, 2.939027336000038 ], [ -76.848274878999973, 2.989043284000047 ], [ -76.835950652999941, 2.994499724000036 ], [ -76.814761216999955, 2.981754598000066 ], [ -76.783787265999933, 2.953437467000072 ], [ -76.774953473999972, 2.924116763000029 ], [ -76.747448228999986, 2.927712217000021 ], [ -76.72272861099998, 2.960890609000046 ], [ -76.721707140999968, 2.975782734000063 ], [ -76.700622653999972, 2.987354313000026 ], [ -76.685133708999956, 2.986716781000041 ], [ -76.682374763999974, 2.951711150000051 ], [ -76.694080480999958, 2.94093123500005 ], [ -76.689219041999934, 2.915462472000058 ], [ -76.68547332199995, 2.899360771000033 ], [ -76.672761048999973, 2.891836812000065 ], [ -76.656950991999963, 2.859890480000047 ], [ -76.644645435999962, 2.799203299000055 ], [ -76.572806852999975, 2.686336058000052 ], [ -76.555290224999965, 2.675997050000035 ], [ -76.544016348999946, 2.649006781000026 ], [ -76.511163483999951, 2.62416205300002 ], [ -76.50345533999996, 2.620925875000069 ], [ -76.494481544999985, 2.627063344000021 ], [ -76.476200321999954, 2.614189193000072 ], [ -76.446719834999953, 2.612428549000072 ], [ -76.434100292999972, 2.601550658000065 ], [ -76.423135706999972, 2.611373306000075 ], [ -76.400699876999965, 2.614427616000057 ], [ -76.385652501999971, 2.627939750000053 ], [ -76.386527384999965, 2.639570228000025 ], [ -76.372819890999949, 2.656605799000033 ], [ -76.378911539999933, 2.672784398000033 ], [ -76.337878405999959, 2.686461164000036 ], [ -76.330985163999969, 2.679511688000048 ], [ -76.295829154999979, 2.676133229000072 ], [ -76.278134917999978, 2.686173029000031 ], [ -76.26827696099997, 2.667890962000058 ], [ -76.252058727999952, 2.666293991000032 ], [ -76.251561918999982, 2.654148403000022 ], [ -76.215153104999956, 2.636135550000063 ], [ -76.212150686999962, 2.632267148000039 ], [ -76.222602330999962, 2.626462686000025 ], [ -76.231836911999949, 2.604161938000061 ], [ -76.220649144999982, 2.565950079000061 ], [ -76.235644076999961, 2.549543455000048 ], [ -76.220951506999938, 2.547586005000028 ], [ -76.210522493999974, 2.538038988000039 ], [ -76.20698121199996, 2.524176410000052 ], [ -76.217089621999946, 2.512252061000027 ], [ -76.215921167999966, 2.495420650000028 ], [ -76.240945808999982, 2.475342409000064 ], [ -76.292555928999946, 2.460863020000033 ], [ -76.28981497999996, 2.442026650000059 ], [ -76.302233068999954, 2.447696525000026 ], [ -76.311189307999939, 2.429892892000055 ], [ -76.320843390999983, 2.43174172800002 ], [ -76.325757119999935, 2.413179925000065 ], [ -76.319356246999973, 2.394589069000062 ], [ -76.330806213999949, 2.390123076000066 ], [ -76.341141845999971, 2.40196484400002 ], [ -76.357220284999983, 2.399345848000053 ] ] ], [ [ [ -77.074148428999933, 3.853140866000047 ], [ -77.041824977999966, 3.810063999000022 ], [ -76.990801824999949, 3.793630953000047 ], [ -76.95394119599996, 3.797578361000035 ], [ -76.91777951399996, 3.833664621000025 ], [ -76.914529880999964, 3.822204486000032 ], [ -76.90272728399998, 3.821438855000054 ], [ -76.895063616999948, 3.798848590000034 ], [ -76.881572325999969, 3.783597623000048 ], [ -76.857463671999938, 3.777342323000028 ], [ -76.849200429999939, 3.759922434000032 ], [ -76.816804931999968, 3.747358232000067 ], [ -76.812804243999949, 3.737311987000055 ], [ -76.821561989999964, 3.722825194000052 ], [ -76.820436232999953, 3.704963626000051 ], [ -76.795224039999937, 3.687295715000062 ], [ -76.796415579999973, 3.64863335900003 ], [ -76.774850261999973, 3.636568965000038 ], [ -76.747270512999989, 3.647308238000051 ], [ -76.734519613999964, 3.619082620000029 ], [ -76.742946450999966, 3.592348019000042 ], [ -76.739428481999937, 3.558545215000038 ], [ -76.706349533999969, 3.517172065000068 ], [ -76.691641154999957, 3.510162378000075 ], [ -76.677299835999975, 3.463532611000062 ], [ -76.689444742999967, 3.460921374000065 ], [ -76.693042662999972, 3.450155342000073 ], [ -76.704936006999958, 3.442066859000022 ], [ -76.706542379999973, 3.428904820000071 ], [ -76.688036598999986, 3.402244690000032 ], [ -76.689127504999988, 3.387780728000052 ], [ -76.699999800999933, 3.354166913000029 ], [ -76.710415937999983, 3.353293722000046 ], [ -76.720640138999954, 3.338300756000024 ], [ -76.735206051999967, 3.329609821000076 ], [ -76.750152827999955, 3.331301389000032 ], [ -76.775453510999967, 3.311045640000032 ], [ -76.796081293999976, 3.310271987000021 ], [ -76.803785187999949, 3.322917871000072 ], [ -76.813663654999971, 3.326355928000055 ], [ -76.832550587999947, 3.319670944000052 ], [ -76.853004179999971, 3.341899527000066 ], [ -76.867666645999975, 3.376315457000032 ], [ -76.875258362999944, 3.378084090000073 ], [ -76.883099348999963, 3.408729808000032 ], [ -76.898777028999973, 3.422963014000061 ], [ -76.898358532999964, 3.448449942000025 ], [ -76.886221021999972, 3.459684351000021 ], [ -76.900942579999935, 3.471989147000045 ], [ -76.905766049999954, 3.502560514000038 ], [ -76.894201937999981, 3.524126452000075 ], [ -76.912872282999956, 3.543725615000028 ], [ -76.917062901999941, 3.591687707000062 ], [ -76.952179705999981, 3.602570078000042 ], [ -76.948547001999941, 3.619727834000059 ], [ -76.961113619999935, 3.626020458000028 ], [ -76.967649432999963, 3.643085727000027 ], [ -76.989716907999934, 3.663565174000041 ], [ -77.010542947999966, 3.677199229000053 ], [ -77.047342575999949, 3.683506730000033 ], [ -77.068567321999979, 3.700340846000074 ], [ -77.081717655999967, 3.720666107000056 ], [ -77.095618101999946, 3.71661619200006 ], [ -77.102365944999974, 3.72501558600004 ], [ -77.125099385999988, 3.73155911200007 ], [ -77.115823809999938, 3.739335074000053 ], [ -77.090617514999963, 3.741094954000062 ], [ -77.088381628999969, 3.761632353000039 ], [ -77.107369215999938, 3.779207246000055 ], [ -77.110867535999944, 3.790823056000022 ], [ -77.129955119999977, 3.793105338000032 ], [ -77.143995133999965, 3.806509787000039 ], [ -77.134860604999972, 3.804863571000055 ], [ -77.127947970999969, 3.817387622000069 ], [ -77.116562471999941, 3.819908699000052 ], [ -77.106640821999974, 3.848453781000046 ], [ -77.085333663999961, 3.858782053000027 ], [ -77.074148428999933, 3.853140866000047 ] ] ], [ [ [ -77.002552288999937, 4.532838754000068 ], [ -77.023202863999984, 4.531500272000073 ], [ -77.033868688999974, 4.519449439000027 ], [ -77.02251420999994, 4.508384429000046 ], [ -76.991309207999961, 4.504985755000064 ], [ -76.984439105999968, 4.498800311000025 ], [ -76.992346397999938, 4.481384391000063 ], [ -77.014118617999941, 4.463076852000029 ], [ -76.986547145999964, 4.444727106000073 ], [ -76.990745661999938, 4.437720931000058 ], [ -77.00350027099995, 4.442091115000039 ], [ -77.008781306999936, 4.437455926000041 ], [ -77.005878106999944, 4.427591643000028 ], [ -76.992681741999945, 4.419607843000051 ], [ -77.006449305, 4.404951549000032 ], [ -77.00467058299995, 4.391457500000058 ], [ -76.993665678999946, 4.377581292000059 ], [ -77.010790566999958, 4.341138597000054 ], [ -77.031909837999933, 4.325698101000057 ], [ -77.020545511999956, 4.310807809000039 ], [ -77.037791443999936, 4.307813570000064 ], [ -77.026963815999977, 4.293100395000067 ], [ -77.005254534999949, 4.280399930000044 ], [ -77.021442051999941, 4.24957241200002 ], [ -76.997759643999984, 4.21800057400003 ], [ -77.010514052999952, 4.207677295000053 ], [ -77.026564266999969, 4.219444727000052 ], [ -77.015050017999954, 4.171547997000062 ], [ -77.025454749999938, 4.169537565000041 ], [ -77.031777013999942, 4.157745379000062 ], [ -77.044442876999938, 4.155905572000052 ], [ -77.045716261999985, 4.146402536000039 ], [ -77.000122600999987, 4.133011932000045 ], [ -76.987694523999949, 4.114448609000021 ], [ -76.953092625999943, 4.121474814000067 ], [ -76.950379870999939, 4.111627150000061 ], [ -76.941637960999969, 4.112823671000058 ], [ -76.916682888999958, 4.097319969000068 ], [ -76.915027546999966, 4.083435319000046 ], [ -76.90123807599997, 4.08318534700004 ], [ -76.901670858999978, 4.070816616000059 ], [ -76.882249237999986, 4.063476180000066 ], [ -76.882804183999951, 4.051883533000023 ], [ -76.871959664999963, 4.047201193000035 ], [ -76.86547915999995, 4.031151686000044 ], [ -76.842567135999957, 4.03822064700006 ], [ -76.828601718999948, 4.034324811000033 ], [ -76.822046628999942, 4.013494625000021 ], [ -76.809527531999947, 4.006068003000053 ], [ -76.786506551999935, 4.007459269000037 ], [ -76.76853641799994, 3.988756711000065 ], [ -76.751948790999961, 3.992575417000069 ], [ -76.736861443999942, 3.981988479000051 ], [ -76.702758658999983, 3.978990985000053 ], [ -76.682780557999934, 3.964533905000053 ], [ -76.624801955999942, 4.014613445000066 ], [ -76.589453594999952, 3.994763350000028 ], [ -76.587806287999967, 3.981382107000059 ], [ -76.593857016999948, 3.972712232000049 ], [ -76.588381029999937, 3.970378434000054 ], [ -76.559450516999959, 3.99097038900004 ], [ -76.559324346999972, 4.008361377000028 ], [ -76.537679000999958, 4.01578952400007 ], [ -76.542646644999934, 4.042894770000032 ], [ -76.523392116999958, 4.068012802000055 ], [ -76.449703473999989, 4.045163861000049 ], [ -76.432982249999952, 4.051554098000054 ], [ -76.408337148999976, 4.03479754600005 ], [ -76.419190771, 3.990119818000039 ], [ -76.398447313999952, 3.978523964000033 ], [ -76.42747353599998, 3.951725467000074 ], [ -76.436419069999943, 3.926777167000068 ], [ -76.427847207999946, 3.893809801000032 ], [ -76.438251070999968, 3.879615834000049 ], [ -76.431413633999966, 3.857517023000071 ], [ -76.459821289999979, 3.866342785000029 ], [ -76.477131268999983, 3.86444110900004 ], [ -76.507095138999944, 3.87654743500002 ], [ -76.558590533999961, 3.844962826000028 ], [ -76.594898926999974, 3.863630943000032 ], [ -76.621659265999938, 3.859248255000068 ], [ -76.641621359999988, 3.845774560000052 ], [ -76.666238777999979, 3.861236696000049 ], [ -76.684274340999934, 3.864228900000057 ], [ -76.714309553999954, 3.842205903000036 ], [ -76.746421218999956, 3.857283008000024 ], [ -76.785228770999936, 3.863911752000035 ], [ -76.792882367999937, 3.876195854000059 ], [ -76.826031564999937, 3.88068912500006 ], [ -76.899248099999966, 3.859715384000026 ], [ -76.924477703999969, 3.862558386000046 ], [ -76.93304305199996, 3.880333104000044 ], [ -76.955783278999945, 3.878590325000062 ], [ -76.96592022699997, 3.923465595000039 ], [ -76.976056480999944, 3.92357376700005 ], [ -76.982343417999971, 3.945775487000049 ], [ -76.997961596999971, 3.962137139000049 ], [ -77.028102437999962, 3.967334656000048 ], [ -77.032835362999947, 3.973482673000035 ], [ -77.041533055999935, 3.970512282000072 ], [ -77.058215839999946, 3.984860562000051 ], [ -77.098904587999982, 3.985786913000027 ], [ -77.110349548999977, 3.973057168000025 ], [ -77.139834319999977, 3.977808133000053 ], [ -77.16117361299996, 3.993941366000058 ], [ -77.155898151999963, 4.014676082000051 ], [ -77.175082261999989, 4.010517762000063 ], [ -77.177906225999948, 4.040037612000049 ], [ -77.197025550999967, 4.046712772000035 ], [ -77.198885188999952, 4.056576948000043 ], [ -77.228558581999948, 4.059730259000048 ], [ -77.226178307999987, 4.072575440000037 ], [ -77.237356824999949, 4.082953946000032 ], [ -77.261324200999979, 4.060604471000033 ], [ -77.268596143999957, 4.077062974000057 ], [ -77.283899042999963, 4.052261854000051 ], [ -77.299655663999943, 4.049224138000056 ], [ -77.30308845899998, 4.040446798000062 ], [ -77.306071009999982, 4.044577792000041 ], [ -77.30786392999994, 4.029911725000034 ], [ -77.313974998999981, 4.029240252000022 ], [ -77.312602416999937, 4.020139691000054 ], [ -77.320841055999949, 4.01148343400007 ], [ -77.315562374999956, 4.007688061000067 ], [ -77.321099321999952, 4.007444734000046 ], [ -77.324615021999989, 3.996388773000035 ], [ -77.319559383999945, 3.995589765000034 ], [ -77.324127927999939, 3.975318752000021 ], [ -77.333093537999957, 3.976181045000033 ], [ -77.345109366999964, 3.936393851000048 ], [ -77.353239038999959, 3.928090589000021 ], [ -77.363422933999971, 3.930121402000054 ], [ -77.387921679999977, 3.973701676000076 ], [ -77.434016415999963, 4.010222325000029 ], [ -77.485325526999986, 4.094496141000036 ], [ -77.508113205999962, 4.10551018600006 ], [ -77.525497309999935, 4.126376368000024 ], [ -77.524501598999962, 4.191107036000062 ], [ -77.531332800999962, 4.200690345000055 ], [ -77.524824168999942, 4.257617941000035 ], [ -77.514759610999988, 4.278886442000044 ], [ -77.49918803099996, 4.292938843000059 ], [ -77.48359430499994, 4.293250200000045 ], [ -77.488577089999978, 4.271872973000029 ], [ -77.500331033999942, 4.263474722000069 ], [ -77.485673222999935, 4.258431805000043 ], [ -77.472111509999934, 4.269160159000023 ], [ -77.456571391999944, 4.271559246000038 ], [ -77.449886300999935, 4.28367160800002 ], [ -77.429246671999977, 4.283179717000053 ], [ -77.41411607799995, 4.292682114000058 ], [ -77.416588995999973, 4.301569067000059 ], [ -77.442028936999975, 4.312118473000055 ], [ -77.424558382999976, 4.319714367000074 ], [ -77.408011701999953, 4.350554109000029 ], [ -77.391479078999964, 4.366592293000053 ], [ -77.366772481999988, 4.370114332000071 ], [ -77.365467219999971, 4.401290850000066 ], [ -77.346611920999976, 4.421904490000031 ], [ -77.331697819999988, 4.408411509000075 ], [ -77.295893120999949, 4.404894748000061 ], [ -77.262544330999958, 4.391421279000042 ], [ -77.259533789999978, 4.376025067000057 ], [ -77.238802088999989, 4.348698667000065 ], [ -77.207946059999983, 4.35474083400004 ], [ -77.185506445999977, 4.345785041000056 ], [ -77.181548472999964, 4.360046886000021 ], [ -77.189330960999939, 4.364225545000068 ], [ -77.189110149999976, 4.375604865000071 ], [ -77.202670076999937, 4.395348245000037 ], [ -77.18292618199996, 4.412632995000024 ], [ -77.159253649999982, 4.408341587000052 ], [ -77.146723205999933, 4.421922708000068 ], [ -77.134376997999937, 4.415253968000059 ], [ -77.133473762999984, 4.434431730000028 ], [ -77.107829204999973, 4.43949542200005 ], [ -77.093288593999944, 4.449470991000055 ], [ -77.089854375999948, 4.468420925000032 ], [ -77.053632169999958, 4.474394967000023 ], [ -77.053613281999958, 4.491955997000048 ], [ -77.039672405999966, 4.503542119000031 ], [ -77.054484281999976, 4.515847006000058 ], [ -77.032701059999965, 4.545804974000021 ], [ -77.015276402999973, 4.549998264000067 ], [ -77.002552288999937, 4.532838754000068 ] ] ] ] } }
]
}
