case_id,valid_time,MW_AC
EIA_141,2026-05-28 18:00:00,0.2
EIA_960,2026-05-28 18:00:00,0.3
EIA_1172,2026-05-28 18:00:00,0.8
EIA_1187,2026-05-28 18:00:00,0.7897881
EIA_10224,2026-05-28 18:00:00,0.073375784
EIA_10823,2026-05-28 18:00:00,0.061117783
EIA_50026,2026-05-28 18:00:00,23.19392
EIA_50061,2026-05-28 18:00:00,0.38533708
EIA_56322,2026-05-28 18:00:00,0.5
EIA_57775,2026-05-28 18:00:00,0.5
EIA_57785,2026-05-28 18:00:00,0.39735633
EIA_57806,2026-05-28 18:00:00,0.019551428
EIA_58173,2026-05-28 18:00:00,0.1
EIA_58413,2026-05-28 18:00:00,54.4
EIA_58422,2026-05-28 18:00:00,1.1426445
EIA_58556,2026-05-28 18:00:00,10.1
EIA_58689,2026-05-28 18:00:00,1.3
EIA_58899,2026-05-28 18:00:00,0.5
EIA_59133,2026-05-28 18:00:00,1.0
EIA_59272,2026-05-28 18:00:00,1.5
EIA_59776,2026-05-28 18:00:00,0.2
EIA_59786,2026-05-28 18:00:00,3.0
EIA_59988,2026-05-28 18:00:00,1.1
EIA_60452,2026-05-28 18:00:00,3.0
EIA_61703,2026-05-28 18:00:00,0.091092125
EIA_61796,2026-05-28 18:00:00,20.0
EIA_61820,2026-05-28 18:00:00,0.14776309
EIA_61822,2026-05-28 18:00:00,0.14693968
EIA_61852,2026-05-28 18:00:00,300.0
EIA_61910,2026-05-28 18:00:00,7.0
EIA_61967,2026-05-28 18:00:00,125.0
EIA_61990,2026-05-28 18:00:00,0.1
EIA_62027,2026-05-28 18:00:00,0.0152141815
EIA_62186,2026-05-28 18:00:00,2.0
EIA_62344,2026-05-28 18:00:00,2.0
EIA_62397,2026-05-28 18:00:00,2.0
EIA_62442,2026-05-28 18:00:00,0.5
EIA_62494,2026-05-28 18:00:00,208.86751
EIA_62545,2026-05-28 18:00:00,0.05675707
EIA_62737,2026-05-28 18:00:00,2.9938807
EIA_62797,2026-05-28 18:00:00,100.0
EIA_63122,2026-05-28 18:00:00,1.0
EIA_63194,2026-05-28 18:00:00,300.0
EIA_63211,2026-05-28 18:00:00,250.0
EIA_63221,2026-05-28 18:00:00,1.0
EIA_63507,2026-05-28 18:00:00,47.977856
EIA_63518,2026-05-28 18:00:00,35.282944
EIA_63542,2026-05-28 18:00:00,1.0
EIA_63882,2026-05-28 18:00:00,15.080486
EIA_63884,2026-05-28 18:00:00,266.14185
EIA_63946,2026-05-28 18:00:00,2.0
EIA_64117,2026-05-28 18:00:00,4.3943014
EIA_64132,2026-05-28 18:00:00,198.66281
EIA_64210,2026-05-28 18:00:00,500.0
EIA_64222,2026-05-28 18:00:00,0.63071764
EIA_64223,2026-05-28 18:00:00,0.08327927
EIA_64430,2026-05-28 18:00:00,140.0
EIA_64442,2026-05-28 18:00:00,0.03534973
EIA_64446,2026-05-28 18:00:00,0.5
EIA_64509,2026-05-28 18:00:00,0.4544992
EIA_64512,2026-05-28 18:00:00,0.5
EIA_64513,2026-05-28 18:00:00,0.5
EIA_64536,2026-05-28 18:00:00,135.0
EIA_64564,2026-05-28 18:00:00,131.0
EIA_64567,2026-05-28 18:00:00,20.0
EIA_64729,2026-05-28 18:00:00,1.0
EIA_64745,2026-05-28 18:00:00,150.0
EIA_64858,2026-05-28 18:00:00,110.0
EIA_65006,2026-05-28 18:00:00,1.0
EIA_65024,2026-05-28 18:00:00,1.0
EIA_65072,2026-05-28 18:00:00,0.048852917
EIA_65139,2026-05-28 18:00:00,0.4785503
EIA_65149,2026-05-28 18:00:00,0.62188506
EIA_65279,2026-05-28 18:00:00,2.0
EIA_65401,2026-05-28 18:00:00,46.963097
EIA_65405,2026-05-28 18:00:00,45.0
EIA_65442,2026-05-28 18:00:00,1.0
EIA_65443,2026-05-28 18:00:00,1.0
EIA_65445,2026-05-28 18:00:00,86.4019
EIA_65463,2026-05-28 18:00:00,600.0
EIA_65468,2026-05-28 18:00:00,0.49120653
EIA_65480,2026-05-28 18:00:00,145.0
EIA_65507,2026-05-28 18:00:00,0.37445813
EIA_65508,2026-05-28 18:00:00,2.0
EIA_65515,2026-05-28 18:00:00,1.0
EIA_65516,2026-05-28 18:00:00,1.0
EIA_65527,2026-05-28 18:00:00,2.5
EIA_65572,2026-05-28 18:00:00,250.0
EIA_65616,2026-05-28 18:00:00,2.6
EIA_65644,2026-05-28 18:00:00,326.6
EIA_65659,2026-05-28 18:00:00,1.0
EIA_65827,2026-05-28 18:00:00,4.130886
EIA_65849,2026-05-28 18:00:00,180.0
EIA_65885,2026-05-28 18:00:00,47.740234
EIA_65887,2026-05-28 18:00:00,58.45183
EIA_65888,2026-05-28 18:00:00,7.413282
EIA_65891,2026-05-28 18:00:00,95.55146
EIA_65894,2026-05-28 18:00:00,210.0
EIA_65905,2026-05-28 18:00:00,74.14533
EIA_65911,2026-05-28 18:00:00,31.703144
EIA_65913,2026-05-28 18:00:00,38.692368
EIA_65940,2026-05-28 18:00:00,1.5
EIA_66027,2026-05-28 18:00:00,38.0
EIA_66107,2026-05-28 18:00:00,20.0
EIA_66256,2026-05-28 18:00:00,0.7967419
EIA_66352,2026-05-28 18:00:00,3.8222418
EIA_66356,2026-05-28 18:00:00,4.336565
EIA_66432,2026-05-28 18:00:00,2.0
EIA_66433,2026-05-28 18:00:00,1.0
EIA_66435,2026-05-28 18:00:00,1.0
EIA_66449,2026-05-28 18:00:00,0.17146313
EIA_66495,2026-05-28 18:00:00,0.79443663
EIA_66520,2026-05-28 18:00:00,1.8714281
EIA_66523,2026-05-28 18:00:00,3.2071881
EIA_66647,2026-05-28 18:00:00,100.0
EIA_66649,2026-05-28 18:00:00,159.66165
EIA_66654,2026-05-28 18:00:00,2.0
EIA_66656,2026-05-28 18:00:00,2.0
EIA_66670,2026-05-28 18:00:00,150.0
EIA_66688,2026-05-28 18:00:00,275.50217
EIA_66739,2026-05-28 18:00:00,1.4672132
EIA_66740,2026-05-28 18:00:00,1.5
EIA_66756,2026-05-28 18:00:00,40.8
EIA_66760,2026-05-28 18:00:00,3.0
EIA_66774,2026-05-28 18:00:00,408.9
EIA_66775,2026-05-28 18:00:00,200.0
EIA_66827,2026-05-28 18:00:00,0.030197412
EIA_66840,2026-05-28 18:00:00,51.1
EIA_66842,2026-05-28 18:00:00,63.003822
EIA_66844,2026-05-28 18:00:00,150.0
EIA_66860,2026-05-28 18:00:00,100.0
EIA_66872,2026-05-28 18:00:00,12.326651
EIA_66886,2026-05-28 18:00:00,2.0236945
EIA_66890,2026-05-28 18:00:00,5.9853797
EIA_66892,2026-05-28 18:00:00,0.10074489
EIA_66897,2026-05-28 18:00:00,97.5
EIA_66899,2026-05-28 18:00:00,5.8
EIA_66903,2026-05-28 18:00:00,310.0
EIA_66951,2026-05-28 18:00:00,36.463142
EIA_66983,2026-05-28 18:00:00,13.5
EIA_67007,2026-05-28 18:00:00,20.0
EIA_67022,2026-05-28 18:00:00,175.0
EIA_67033,2026-05-28 18:00:00,2.9301293
EIA_67038,2026-05-28 18:00:00,135.0
EIA_67046,2026-05-28 18:00:00,210.0
EIA_67075,2026-05-28 18:00:00,145.83586
EIA_67076,2026-05-28 18:00:00,167.17598
EIA_67080,2026-05-28 18:00:00,4.529151
EIA_67086,2026-05-28 18:00:00,1.5271279
EIA_67124,2026-05-28 18:00:00,1.5
EIA_67125,2026-05-28 18:00:00,2.825292
EIA_67126,2026-05-28 18:00:00,2.7039285
EIA_67129,2026-05-28 18:00:00,65.87773
EIA_67133,2026-05-28 18:00:00,4.3485794
EIA_67135,2026-05-28 18:00:00,2.941133
EIA_67158,2026-05-28 18:00:00,0.07066467
EIA_67169,2026-05-28 18:00:00,3.6188297
EIA_67174,2026-05-28 18:00:00,10.0
EIA_67177,2026-05-28 18:00:00,153.0
EIA_67201,2026-05-28 18:00:00,9.8
EIA_67204,2026-05-28 18:00:00,100.0
EIA_67216,2026-05-28 18:00:00,18.8
EIA_67217,2026-05-28 18:00:00,20.0
EIA_67218,2026-05-28 18:00:00,20.0
EIA_67219,2026-05-28 18:00:00,20.0
EIA_67234,2026-05-28 18:00:00,0.03590298
EIA_67254,2026-05-28 18:00:00,0.53139555
EIA_67255,2026-05-28 18:00:00,2.0
EIA_67256,2026-05-28 18:00:00,2.0
EIA_67277,2026-05-28 18:00:00,0.4650572
EIA_67288,2026-05-28 18:00:00,2.899505
EIA_67322,2026-05-28 18:00:00,11.2
EIA_67374,2026-05-28 18:00:00,5.0
EIA_67391,2026-05-28 18:00:00,3.758108
EIA_67412,2026-05-28 18:00:00,0.13267624
EIA_67421,2026-05-28 18:00:00,84.4
EIA_67437,2026-05-28 18:00:00,0.93624574
EIA_67447,2026-05-28 18:00:00,0.10405806
EIA_67469,2026-05-28 18:00:00,0.06542508
EIA_67474,2026-05-28 18:00:00,300.0
EIA_67490,2026-05-28 18:00:00,5.6
EIA_67497,2026-05-28 18:00:00,100.0
EIA_67503,2026-05-28 18:00:00,36.45026
EIA_67511,2026-05-28 18:00:00,200.0
EIA_67528,2026-05-28 18:00:00,150.0
EIA_67532,2026-05-28 18:00:00,5.0
EIA_67539,2026-05-28 18:00:00,1.6
EIA_67540,2026-05-28 18:00:00,2.3
EIA_67546,2026-05-28 18:00:00,1.0
EIA_67554,2026-05-28 18:00:00,2.0
EIA_67583,2026-05-28 18:00:00,1.3
EIA_67584,2026-05-28 18:00:00,3.8742633
EIA_67597,2026-05-28 18:00:00,11.8
EIA_67600,2026-05-28 18:00:00,0.34211057
EIA_67623,2026-05-28 18:00:00,2.0
EIA_67624,2026-05-28 18:00:00,2.0
EIA_67628,2026-05-28 18:00:00,2.0
EIA_67644,2026-05-28 18:00:00,5.0
EIA_67675,2026-05-28 18:00:00,62.424828
EIA_67678,2026-05-28 18:00:00,140.0
EIA_67684,2026-05-28 18:00:00,1.7237635
EIA_67686,2026-05-28 18:00:00,4.9
EIA_67687,2026-05-28 18:00:00,2.0
EIA_67688,2026-05-28 18:00:00,2.0
EIA_67703,2026-05-28 18:00:00,4.047888
EIA_67704,2026-05-28 18:00:00,1.4
EIA_67705,2026-05-28 18:00:00,2.3
EIA_67713,2026-05-28 18:00:00,4.0
EIA_67714,2026-05-28 18:00:00,1.5
EIA_67715,2026-05-28 18:00:00,2.0
EIA_67716,2026-05-28 18:00:00,1.9
EIA_67717,2026-05-28 18:00:00,2.0
EIA_67718,2026-05-28 18:00:00,1.9
EIA_67719,2026-05-28 18:00:00,2.0
EIA_67727,2026-05-28 18:00:00,6.0
EIA_67728,2026-05-28 18:00:00,5.0
EIA_67735,2026-05-28 18:00:00,250.0
EIA_67751,2026-05-28 18:00:00,2.0
EIA_67762,2026-05-28 18:00:00,228.68352
EIA_67765,2026-05-28 18:00:00,8.958446
EIA_67793,2026-05-28 18:00:00,0.2157404
EIA_67797,2026-05-28 18:00:00,38.126442
EIA_67804,2026-05-28 18:00:00,2.0
EIA_67822,2026-05-28 18:00:00,2.0
EIA_67823,2026-05-28 18:00:00,90.95966
EIA_67834,2026-05-28 18:00:00,48.0
EIA_67850,2026-05-28 18:00:00,42.0
EIA_67859,2026-05-28 18:00:00,3.8660066
EIA_67864,2026-05-28 18:00:00,0.08794034
EIA_67867,2026-05-28 18:00:00,67.2
EIA_67872,2026-05-28 18:00:00,150.0
EIA_67873,2026-05-28 18:00:00,60.0
EIA_67900,2026-05-28 18:00:00,3.0345693
EIA_67901,2026-05-28 18:00:00,1.1379635
EIA_67930,2026-05-28 18:00:00,200.0
EIA_67943,2026-05-28 18:00:00,3.0
EIA_67957,2026-05-28 18:00:00,22.080723
EIA_67964,2026-05-28 18:00:00,150.0
EIA_67965,2026-05-28 18:00:00,1.3
EIA_67969,2026-05-28 18:00:00,22.0
EIA_67979,2026-05-28 18:00:00,1.509266
EIA_67997,2026-05-28 18:00:00,21.23232
EIA_68008,2026-05-28 18:00:00,4.6601114
EIA_68010,2026-05-28 18:00:00,1.6770753
EIA_68023,2026-05-28 18:00:00,10.045219
EIA_68025,2026-05-28 18:00:00,3.0
EIA_68026,2026-05-28 18:00:00,4.8
EIA_68037,2026-05-28 18:00:00,0.020613607
EIA_68060,2026-05-28 18:00:00,75.0
EIA_68077,2026-05-28 18:00:00,20.0
EIA_68088,2026-05-28 18:00:00,5.5245643
EIA_68096,2026-05-28 18:00:00,2.8475087
EIA_68102,2026-05-28 18:00:00,1.743743
EIA_68106,2026-05-28 18:00:00,65.87773
EIA_68107,2026-05-28 18:00:00,5.1797566
EIA_68108,2026-05-28 18:00:00,7.5
EIA_68109,2026-05-28 18:00:00,1.3
EIA_68113,2026-05-28 18:00:00,2.2593813
EIA_68114,2026-05-28 18:00:00,4.1524634
EIA_68157,2026-05-28 18:00:00,1.0
EIA_68163,2026-05-28 18:00:00,1.0243948
EIA_68188,2026-05-28 18:00:00,4.0171266
EIA_68190,2026-05-28 18:00:00,4.017184
EIA_68200,2026-05-28 18:00:00,400.24597
EIA_68223,2026-05-28 18:00:00,40.8
EIA_68235,2026-05-28 18:00:00,1.1
EIA_68259,2026-05-28 18:00:00,0.718791
EIA_68276,2026-05-28 18:00:00,0.10729596
EIA_68279,2026-05-28 18:00:00,1.1
EIA_68281,2026-05-28 18:00:00,105.55156
EIA_68286,2026-05-28 18:00:00,4.5891027
EIA_68327,2026-05-28 18:00:00,0.15762958
EIA_68372,2026-05-28 18:00:00,28.817387
EIA_68398,2026-05-28 18:00:00,5.0
EIA_68418,2026-05-28 18:00:00,120.0
EIA_68427,2026-05-28 18:00:00,0.3744518
EIA_68431,2026-05-28 18:00:00,240.0
EIA_68436,2026-05-28 18:00:00,0.25377217
EIA_68442,2026-05-28 18:00:00,3.100044
EIA_68458,2026-05-28 18:00:00,250.0
EIA_68470,2026-05-28 18:00:00,180.0
EIA_68472,2026-05-28 18:00:00,42.2577
EIA_68482,2026-05-28 18:00:00,49.9
EIA_68483,2026-05-28 18:00:00,225.0
EIA_68488,2026-05-28 18:00:00,80.0
EIA_68489,2026-05-28 18:00:00,2.0
EIA_68516,2026-05-28 18:00:00,93.15196
EIA_68523,2026-05-28 18:00:00,0.54259527
EIA_68524,2026-05-28 18:00:00,0.54257375
EIA_68525,2026-05-28 18:00:00,0.5425693
EIA_68530,2026-05-28 18:00:00,2.0
EIA_68534,2026-05-28 18:00:00,150.0
EIA_68536,2026-05-28 18:00:00,172.79263
EIA_68537,2026-05-28 18:00:00,145.0
EIA_68538,2026-05-28 18:00:00,2.3
EIA_68540,2026-05-28 18:00:00,1.152838
EIA_68544,2026-05-28 18:00:00,2.0
EIA_68550,2026-05-28 18:00:00,2.3
EIA_68551,2026-05-28 18:00:00,58.874847
EIA_68587,2026-05-28 18:00:00,100.0
EIA_68588,2026-05-28 18:00:00,100.0
EIA_68595,2026-05-28 18:00:00,1.389033
EIA_68615,2026-05-28 18:00:00,0.05216288
EIA_68670,2026-05-28 18:00:00,38.482693
EIA_68674,2026-05-28 18:00:00,0.9914335
EIA_68682,2026-05-28 18:00:00,2.1999626
EIA_68706,2026-05-28 18:00:00,1.3300564
EIA_68708,2026-05-28 18:00:00,0.1519447
EIA_68729,2026-05-28 18:00:00,0.29313818
EIA_68754,2026-05-28 18:00:00,4.3
EIA_68756,2026-05-28 18:00:00,5.0
EIA_68757,2026-05-28 18:00:00,3.5
EIA_68776,2026-05-28 18:00:00,237.1
EIA_68791,2026-05-28 18:00:00,1.0363922
EIA_68794,2026-05-28 18:00:00,0.20421785
EIA_68795,2026-05-28 18:00:00,0.9609829
EIA_68796,2026-05-28 18:00:00,0.02130034
EIA_68803,2026-05-28 18:00:00,1.3811363
EIA_68817,2026-05-28 18:00:00,35.020073
EIA_68820,2026-05-28 18:00:00,46.14489
EIA_68822,2026-05-28 18:00:00,74.5
EIA_68823,2026-05-28 18:00:00,48.07364
EIA_68838,2026-05-28 18:00:00,268.0028
EIA_68846,2026-05-28 18:00:00,148.0
EIA_68856,2026-05-28 18:00:00,5.284292
EIA_68880,2026-05-28 18:00:00,150.0
EIA_68885,2026-05-28 18:00:00,3.0
EIA_68886,2026-05-28 18:00:00,3.0
EIA_68892,2026-05-28 18:00:00,1.4
EIA_68894,2026-05-28 18:00:00,150.0
EIA_68906,2026-05-28 18:00:00,300.0
EIA_68919,2026-05-28 18:00:00,2.0
EIA_68921,2026-05-28 18:00:00,2.0
EIA_68927,2026-05-28 18:00:00,2.2715425
EIA_68928,2026-05-28 18:00:00,10.8
EIA_68941,2026-05-28 18:00:00,1.1702297
EIA_68943,2026-05-28 18:00:00,5.0
EIA_68944,2026-05-28 18:00:00,5.0
EIA_68945,2026-05-28 18:00:00,2.4012794
EIA_68957,2026-05-28 18:00:00,5.0
EIA_68960,2026-05-28 18:00:00,2.0
EIA_68964,2026-05-28 18:00:00,3.9
EIA_68966,2026-05-28 18:00:00,3.0
EIA_68971,2026-05-28 18:00:00,5.0
EIA_68991,2026-05-28 18:00:00,4.3124766
EIA_68998,2026-05-28 18:00:00,120.0
EIA_69002,2026-05-28 18:00:00,4.0441318
EIA_69009,2026-05-28 18:00:00,0.3593008
EIA_69014,2026-05-28 18:00:00,4.5047374
EIA_69015,2026-05-28 18:00:00,5.0
EIA_69016,2026-05-28 18:00:00,4.5
EIA_69017,2026-05-28 18:00:00,3.1912289
EIA_69018,2026-05-28 18:00:00,2.6622136
EIA_69027,2026-05-28 18:00:00,100.0
EIA_69031,2026-05-28 18:00:00,2.0
EIA_69032,2026-05-28 18:00:00,3.6
EIA_69033,2026-05-28 18:00:00,4.9
EIA_69039,2026-05-28 18:00:00,0.48845086
EIA_69042,2026-05-28 18:00:00,10.8
EIA_69043,2026-05-28 18:00:00,5.0
EIA_69046,2026-05-28 18:00:00,2.0
EIA_69048,2026-05-28 18:00:00,1.0
EIA_69051,2026-05-28 18:00:00,3.0
EIA_69061,2026-05-28 18:00:00,5.0
EIA_69062,2026-05-28 18:00:00,5.0
EIA_69063,2026-05-28 18:00:00,200.0
EIA_69066,2026-05-28 18:00:00,4.8696094
EIA_69068,2026-05-28 18:00:00,0.52928966
EIA_69070,2026-05-28 18:00:00,5.0
EIA_69078,2026-05-28 18:00:00,5.0
EIA_69086,2026-05-28 18:00:00,5.0
EIA_69095,2026-05-28 18:00:00,1.8071202
EIA_69096,2026-05-28 18:00:00,4.1635313
EIA_69100,2026-05-28 18:00:00,181.28787
EIA_69101,2026-05-28 18:00:00,200.0
EIA_69103,2026-05-28 18:00:00,5.0
EIA_69104,2026-05-28 18:00:00,4.9249177
EIA_69106,2026-05-28 18:00:00,5.0
EIA_69107,2026-05-28 18:00:00,5.0
EIA_69109,2026-05-28 18:00:00,1.4
EIA_69112,2026-05-28 18:00:00,1.3
EIA_69113,2026-05-28 18:00:00,2.7
EIA_69114,2026-05-28 18:00:00,3.1156452
EIA_69115,2026-05-28 18:00:00,1.0
EIA_69116,2026-05-28 18:00:00,2.5
EIA_69117,2026-05-28 18:00:00,1.0
EIA_69118,2026-05-28 18:00:00,1.0319134
EIA_69124,2026-05-28 18:00:00,0.07925804
EIA_69125,2026-05-28 18:00:00,0.060810074
EIA_69126,2026-05-28 18:00:00,0.50859255
EIA_69127,2026-05-28 18:00:00,0.8328334
EIA_69129,2026-05-28 18:00:00,0.2558594
EIA_69130,2026-05-28 18:00:00,3.1431448
EIA_69131,2026-05-28 18:00:00,1.7157086
EIA_69132,2026-05-28 18:00:00,1.7
EIA_69133,2026-05-28 18:00:00,0.29281285
EIA_69134,2026-05-28 18:00:00,3.5560966
EIA_69135,2026-05-28 18:00:00,1.0
EIA_69137,2026-05-28 18:00:00,0.022073975
EIA_69140,2026-05-28 18:00:00,1.3
EIA_69141,2026-05-28 18:00:00,4.0
EIA_69142,2026-05-28 18:00:00,1.0
EIA_69143,2026-05-28 18:00:00,120.0
EIA_69145,2026-05-28 18:00:00,0.015317195
EIA_69153,2026-05-28 18:00:00,0.99488765
EIA_69154,2026-05-28 18:00:00,0.9351964
EIA_69161,2026-05-28 18:00:00,1.7341425
EIA_69163,2026-05-28 18:00:00,2.0
EIA_69164,2026-05-28 18:00:00,149.9336
EIA_69166,2026-05-28 18:00:00,155.02148
EIA_69172,2026-05-28 18:00:00,80.0
EIA_69179,2026-05-28 18:00:00,0.27081928
EIA_69183,2026-05-28 18:00:00,2.0
EIA_69187,2026-05-28 18:00:00,17.015236
EIA_69188,2026-05-28 18:00:00,2.9
EIA_69190,2026-05-28 18:00:00,1.4806476
EIA_69192,2026-05-28 18:00:00,10.0
EIA_69193,2026-05-28 18:00:00,2.5
EIA_69201,2026-05-28 18:00:00,2.0
EIA_69210,2026-05-28 18:00:00,1.1
EIA_69212,2026-05-28 18:00:00,3.1495152
EIA_69213,2026-05-28 18:00:00,5.0
EIA_69214,2026-05-28 18:00:00,5.0
EIA_69216,2026-05-28 18:00:00,4.954187
EIA_69219,2026-05-28 18:00:00,2.6156237
EIA_69221,2026-05-28 18:00:00,1.1676645
EIA_69227,2026-05-28 18:00:00,1.5461458
EIA_69228,2026-05-28 18:00:00,5.0
EIA_69230,2026-05-28 18:00:00,5.0
EIA_69233,2026-05-28 18:00:00,0.4983541
EIA_69235,2026-05-28 18:00:00,20.0
EIA_69236,2026-05-28 18:00:00,50.0
EIA_69240,2026-05-28 18:00:00,5.0
EIA_69241,2026-05-28 18:00:00,4.5
EIA_69243,2026-05-28 18:00:00,2.6
EIA_69247,2026-05-28 18:00:00,0.4747892
EIA_69248,2026-05-28 18:00:00,1.0
EIA_69261,2026-05-28 18:00:00,10.0
EIA_69263,2026-05-28 18:00:00,10.0
EIA_69264,2026-05-28 18:00:00,3.5
EIA_69265,2026-05-28 18:00:00,7.1898394
EIA_69273,2026-05-28 18:00:00,0.032906096
EIA_69280,2026-05-28 18:00:00,0.93570334
EIA_69281,2026-05-28 18:00:00,0.9357113
EIA_69284,2026-05-28 18:00:00,1.9505886
EIA_69285,2026-05-28 18:00:00,0.105341665
EIA_69287,2026-05-28 18:00:00,9.9
EIA_69288,2026-05-28 18:00:00,1.6
EIA_69289,2026-05-28 18:00:00,9.9
EIA_69303,2026-05-28 18:00:00,1.0
EIA_69304,2026-05-28 18:00:00,1.0
EIA_69306,2026-05-28 18:00:00,8.8
EIA_69307,2026-05-28 18:00:00,1.0
EIA_69314,2026-05-28 18:00:00,2.0
EIA_69315,2026-05-28 18:00:00,5.0
EIA_69316,2026-05-28 18:00:00,5.0
EIA_69317,2026-05-28 18:00:00,5.0
EIA_69319,2026-05-28 18:00:00,185.27657
EIA_69320,2026-05-28 18:00:00,480.0
EIA_69321,2026-05-28 18:00:00,138.03104
EIA_69325,2026-05-28 18:00:00,2.0
EIA_69326,2026-05-28 18:00:00,2.0
EIA_69328,2026-05-28 18:00:00,4.1
EIA_69330,2026-05-28 18:00:00,5.0
EIA_69354,2026-05-28 18:00:00,21.92505
EIA_69355,2026-05-28 18:00:00,66.20297
EIA_69368,2026-05-28 18:00:00,4.5
EIA_69370,2026-05-28 18:00:00,1.8
EIA_69374,2026-05-28 18:00:00,1.0482947
EIA_69378,2026-05-28 18:00:00,1.5
EIA_69379,2026-05-28 18:00:00,2.0031226
EIA_69380,2026-05-28 18:00:00,1.7627982
EIA_69381,2026-05-28 18:00:00,1.5946475
EIA_69382,2026-05-28 18:00:00,1.4
EIA_69386,2026-05-28 18:00:00,0.01912077
EIA_69387,2026-05-28 18:00:00,5.0
EIA_69388,2026-05-28 18:00:00,100.0
EIA_69389,2026-05-28 18:00:00,4.8072786
EIA_69390,2026-05-28 18:00:00,4.8072786
EIA_69391,2026-05-28 18:00:00,0.26540765
EIA_69395,2026-05-28 18:00:00,0.015811753
EIA_69396,2026-05-28 18:00:00,1.7909664
EIA_69397,2026-05-28 18:00:00,2.0
EIA_69398,2026-05-28 18:00:00,1.135368
EIA_69399,2026-05-28 18:00:00,0.024061806
EIA_69400,2026-05-28 18:00:00,3.7313561
EIA_69401,2026-05-28 18:00:00,5.0
EIA_69402,2026-05-28 18:00:00,2.3398328
EIA_69405,2026-05-28 18:00:00,0.3694917
EIA_69406,2026-05-28 18:00:00,0.3694966
EIA_69408,2026-05-28 18:00:00,2.1
EIA_69409,2026-05-28 18:00:00,2.4609241
EIA_69410,2026-05-28 18:00:00,4.0851603
EIA_69412,2026-05-28 18:00:00,2.4510963
EIA_69414,2026-05-28 18:00:00,270.0
EIA_69419,2026-05-28 18:00:00,5.0
EIA_69420,2026-05-28 18:00:00,2.0
EIA_69421,2026-05-28 18:00:00,4.928792
EIA_69425,2026-05-28 18:00:00,0.22169498
EIA_69428,2026-05-28 18:00:00,250.0
EIA_69430,2026-05-28 18:00:00,6.0
EIA_69431,2026-05-28 18:00:00,5.0
EIA_69432,2026-05-28 18:00:00,6.0
EIA_69433,2026-05-28 18:00:00,6.0
EIA_69434,2026-05-28 18:00:00,1.2599726
EIA_69439,2026-05-28 18:00:00,5.0
EIA_69440,2026-05-28 18:00:00,5.0
EIA_69441,2026-05-28 18:00:00,2.6
EIA_69442,2026-05-28 18:00:00,5.0
EIA_69443,2026-05-28 18:00:00,0.10469554
EIA_69447,2026-05-28 18:00:00,1.1410835
EIA_69448,2026-05-28 18:00:00,0.34980726
EIA_69476,2026-05-28 18:00:00,100.0
EIA_69483,2026-05-28 18:00:00,2.8
EIA_69484,2026-05-28 18:00:00,3.0
EIA_69485,2026-05-28 18:00:00,2.5
EIA_69486,2026-05-28 18:00:00,2.5
EIA_69487,2026-05-28 18:00:00,2.5
EIA_69488,2026-05-28 18:00:00,2.5
EIA_69489,2026-05-28 18:00:00,3.0
EIA_69490,2026-05-28 18:00:00,2.5
EIA_69491,2026-05-28 18:00:00,2.5
EIA_69492,2026-05-28 18:00:00,2.5
EIA_69493,2026-05-28 18:00:00,2.5
EIA_69494,2026-05-28 18:00:00,2.5
EIA_69495,2026-05-28 18:00:00,2.5
EIA_69498,2026-05-28 18:00:00,8.8
EIA_69499,2026-05-28 18:00:00,2.516914
EIA_69500,2026-05-28 18:00:00,3.8
EIA_69501,2026-05-28 18:00:00,6.0
EIA_69502,2026-05-28 18:00:00,4.0
EIA_69503,2026-05-28 18:00:00,6.0
EIA_69505,2026-05-28 18:00:00,11.303334
EIA_69518,2026-05-28 18:00:00,2.0
EIA_69519,2026-05-28 18:00:00,3.0
EIA_69525,2026-05-28 18:00:00,4.3
EIA_69526,2026-05-28 18:00:00,5.0
EIA_69527,2026-05-28 18:00:00,5.0
EIA_69528,2026-05-28 18:00:00,3.0
EIA_69529,2026-05-28 18:00:00,5.0
EIA_69530,2026-05-28 18:00:00,4.7575846
EIA_69531,2026-05-28 18:00:00,4.625378
EIA_69532,2026-05-28 18:00:00,5.0
EIA_69536,2026-05-28 18:00:00,5.3
EIA_69538,2026-05-28 18:00:00,1.8972517
EIA_69542,2026-05-28 18:00:00,5.0
EIA_69543,2026-05-28 18:00:00,2.9074726
EIA_69544,2026-05-28 18:00:00,2.5
EIA_69545,2026-05-28 18:00:00,0.38072595
EIA_69546,2026-05-28 18:00:00,2.927391
EIA_69550,2026-05-28 18:00:00,117.0
EIA_69557,2026-05-28 18:00:00,2.9258714
EIA_69561,2026-05-28 18:00:00,4.0
EIA_69563,2026-05-28 18:00:00,1.6997457
EIA_69564,2026-05-28 18:00:00,1.7291855
EIA_69565,2026-05-28 18:00:00,4.1868677
EIA_69567,2026-05-28 18:00:00,3.0
EIA_69568,2026-05-28 18:00:00,0.12700695
EIA_69569,2026-05-28 18:00:00,4.4101453
EIA_69570,2026-05-28 18:00:00,12.0
EIA_69571,2026-05-28 18:00:00,0.25695014
EIA_69572,2026-05-28 18:00:00,5.0
EIA_69573,2026-05-28 18:00:00,5.0
EIA_69580,2026-05-28 18:00:00,1.1
EIA_69581,2026-05-28 18:00:00,0.055145375
EIA_69587,2026-05-28 18:00:00,1.4
EIA_69596,2026-05-28 18:00:00,0.4499875
EIA_69597,2026-05-28 18:00:00,0.56248707
EIA_69598,2026-05-28 18:00:00,2.0
EIA_69599,2026-05-28 18:00:00,2.0
EIA_69600,2026-05-28 18:00:00,4.977026
EIA_69601,2026-05-28 18:00:00,1.9907978
EIA_69604,2026-05-28 18:00:00,19.9
EIA_69612,2026-05-28 18:00:00,5.0
EIA_69613,2026-05-28 18:00:00,5.0
EIA_69615,2026-05-28 18:00:00,5.0
EIA_69617,2026-05-28 18:00:00,2.8
EIA_69618,2026-05-28 18:00:00,0.33666727
EIA_69621,2026-05-28 18:00:00,1.520367
EIA_69622,2026-05-28 18:00:00,3.6415122
EIA_69623,2026-05-28 18:00:00,1.7518768
EIA_69624,2026-05-28 18:00:00,4.379692
EIA_69630,2026-05-28 18:00:00,1.0
EIA_69645,2026-05-28 18:00:00,1.0
EIA_69646,2026-05-28 18:00:00,1.0
EIA_69651,2026-05-28 18:00:00,2.0
EIA_69652,2026-05-28 18:00:00,1.8297424
EIA_69653,2026-05-28 18:00:00,1.8297424
EIA_69655,2026-05-28 18:00:00,5.0
EIA_69656,2026-05-28 18:00:00,2.3
EIA_69675,2026-05-28 18:00:00,273.6
EIA_69676,2026-05-28 18:00:00,11.1739025
EIA_69680,2026-05-28 18:00:00,113.1
EIA_69682,2026-05-28 18:00:00,1.0
EIA_69683,2026-05-28 18:00:00,1.3
EIA_69686,2026-05-28 18:00:00,8.3
EIA_69692,2026-05-28 18:00:00,5.0
EIA_69693,2026-05-28 18:00:00,0.91750515
EIA_69696,2026-05-28 18:00:00,1.6830146
EIA_69700,2026-05-28 18:00:00,3.5116758
EIA_69703,2026-05-28 18:00:00,3.3
EIA_69705,2026-05-28 18:00:00,0.94625026
EIA_69707,2026-05-28 18:00:00,1.0
EIA_69709,2026-05-28 18:00:00,1.0
EIA_69712,2026-05-28 18:00:00,0.56362337
EIA_69714,2026-05-28 18:00:00,2.9963424
EIA_69715,2026-05-28 18:00:00,1.0
EIA_69716,2026-05-28 18:00:00,3.8174036
EIA_69717,2026-05-28 18:00:00,4.550247
EIA_69718,2026-05-28 18:00:00,4.368237
EIA_69719,2026-05-28 18:00:00,2.6191084
EIA_69729,2026-05-28 18:00:00,1.5085195
EIA_69730,2026-05-28 18:00:00,1.5947218
EIA_69731,2026-05-28 18:00:00,1.3
EIA_69732,2026-05-28 18:00:00,3.9280007
EIA_69733,2026-05-28 18:00:00,3.5352044
EIA_69734,2026-05-28 18:00:00,1.4
EIA_69735,2026-05-28 18:00:00,5.0
EIA_69736,2026-05-28 18:00:00,0.608122
EIA_69737,2026-05-28 18:00:00,2.34627
EIA_69739,2026-05-28 18:00:00,4.8
EIA_69740,2026-05-28 18:00:00,2.6349761
EIA_69744,2026-05-28 18:00:00,1.2218125
EIA_69746,2026-05-28 18:00:00,0.6177812
EIA_69748,2026-05-28 18:00:00,525.0
EIA_69754,2026-05-28 18:00:00,0.33644012
EIA_69757,2026-05-28 18:00:00,2.6
EIA_69758,2026-05-28 18:00:00,2.0
EIA_69759,2026-05-28 18:00:00,0.15858072
EIA_69774,2026-05-28 18:00:00,2.4
EIA_69800,2026-05-28 18:00:00,5.0
EIA_69801,2026-05-28 18:00:00,0.8773532
EIA_69802,2026-05-28 18:00:00,0.7301013
EIA_69822,2026-05-28 18:00:00,0.40065613
EIA_69824,2026-05-28 18:00:00,0.28411415
EIA_69856,2026-05-28 18:00:00,3.0
EIA_69863,2026-05-28 18:00:00,3.5465832
EIA_69875,2026-05-28 18:00:00,117.0
EIA_141,2026-05-28 19:00:00,0.2
EIA_960,2026-05-28 19:00:00,0.3
EIA_1172,2026-05-28 19:00:00,0.8
EIA_1187,2026-05-28 19:00:00,0.8
EIA_10224,2026-05-28 19:00:00,0.46664542
EIA_10823,2026-05-28 19:00:00,0.009315642
EIA_50026,2026-05-28 19:00:00,22.387672
EIA_50061,2026-05-28 19:00:00,0.55563843
EIA_56322,2026-05-28 19:00:00,0.5
EIA_57775,2026-05-28 19:00:00,0.5
EIA_57785,2026-05-28 19:00:00,4.464265
EIA_57806,2026-05-28 19:00:00,0.20184545
EIA_58173,2026-05-28 19:00:00,0.1
EIA_58413,2026-05-28 19:00:00,54.4
EIA_58422,2026-05-28 19:00:00,1.1383474
EIA_58556,2026-05-28 19:00:00,8.369682
EIA_58689,2026-05-28 19:00:00,1.3
EIA_58899,2026-05-28 19:00:00,0.5
EIA_59133,2026-05-28 19:00:00,1.0
EIA_59272,2026-05-28 19:00:00,1.5
EIA_59776,2026-05-28 19:00:00,0.2
EIA_59786,2026-05-28 19:00:00,3.0
EIA_59988,2026-05-28 19:00:00,1.1
EIA_60452,2026-05-28 19:00:00,3.0
EIA_61703,2026-05-28 19:00:00,0.026475819
EIA_61796,2026-05-28 19:00:00,18.226368
EIA_61820,2026-05-28 19:00:00,0.5771806
EIA_61822,2026-05-28 19:00:00,0.14000435
EIA_61852,2026-05-28 19:00:00,300.0
EIA_61910,2026-05-28 19:00:00,7.0
EIA_61967,2026-05-28 19:00:00,125.0
EIA_61990,2026-05-28 19:00:00,0.1
EIA_62027,2026-05-28 19:00:00,0.3430227
EIA_62186,2026-05-28 19:00:00,2.0
EIA_62344,2026-05-28 19:00:00,2.0
EIA_62397,2026-05-28 19:00:00,2.0
EIA_62442,2026-05-28 19:00:00,0.5
EIA_62494,2026-05-28 19:00:00,220.467
EIA_62545,2026-05-28 19:00:00,1.4973241
EIA_62737,2026-05-28 19:00:00,4.90964
EIA_62797,2026-05-28 19:00:00,100.0
EIA_63122,2026-05-28 19:00:00,1.0
EIA_63194,2026-05-28 19:00:00,289.38303
EIA_63211,2026-05-28 19:00:00,248.46645
EIA_63221,2026-05-28 19:00:00,1.0
EIA_63507,2026-05-28 19:00:00,55.9487
EIA_63518,2026-05-28 19:00:00,39.381798
EIA_63542,2026-05-28 19:00:00,1.0
EIA_63882,2026-05-28 19:00:00,103.60759
EIA_63884,2026-05-28 19:00:00,112.79174
EIA_63946,2026-05-28 19:00:00,2.0
EIA_64117,2026-05-28 19:00:00,4.453205
EIA_64132,2026-05-28 19:00:00,200.0
EIA_64210,2026-05-28 19:00:00,399.09686
EIA_64222,2026-05-28 19:00:00,0.7
EIA_64223,2026-05-28 19:00:00,0.6774082
EIA_64430,2026-05-28 19:00:00,140.0
EIA_64442,2026-05-28 19:00:00,0.3568131
EIA_64446,2026-05-28 19:00:00,0.5
EIA_64509,2026-05-28 19:00:00,0.46770012
EIA_64512,2026-05-28 19:00:00,0.5
EIA_64513,2026-05-28 19:00:00,0.5
EIA_64536,2026-05-28 19:00:00,135.0
EIA_64564,2026-05-28 19:00:00,131.0
EIA_64567,2026-05-28 19:00:00,20.0
EIA_64729,2026-05-28 19:00:00,1.0
EIA_64745,2026-05-28 19:00:00,150.0
EIA_64858,2026-05-28 19:00:00,110.0
EIA_65006,2026-05-28 19:00:00,1.0
EIA_65024,2026-05-28 19:00:00,1.0
EIA_65072,2026-05-28 19:00:00,0.038080923
EIA_65139,2026-05-28 19:00:00,1.4182324
EIA_65149,2026-05-28 19:00:00,0.8936757
EIA_65279,2026-05-28 19:00:00,1.8422954
EIA_65401,2026-05-28 19:00:00,51.8
EIA_65405,2026-05-28 19:00:00,45.0
EIA_65442,2026-05-28 19:00:00,1.0
EIA_65443,2026-05-28 19:00:00,1.0
EIA_65445,2026-05-28 19:00:00,2.4518044
EIA_65463,2026-05-28 19:00:00,600.0
EIA_65468,2026-05-28 19:00:00,0.08937983
EIA_65480,2026-05-28 19:00:00,145.0
EIA_65507,2026-05-28 19:00:00,0.5468719
EIA_65508,2026-05-28 19:00:00,2.0
EIA_65515,2026-05-28 19:00:00,1.0
EIA_65516,2026-05-28 19:00:00,1.0
EIA_65527,2026-05-28 19:00:00,2.5
EIA_65572,2026-05-28 19:00:00,250.0
EIA_65616,2026-05-28 19:00:00,1.3504623
EIA_65644,2026-05-28 19:00:00,326.6
EIA_65659,2026-05-28 19:00:00,1.0
EIA_65827,2026-05-28 19:00:00,4.846192
EIA_65849,2026-05-28 19:00:00,180.0
EIA_65885,2026-05-28 19:00:00,13.875651
EIA_65887,2026-05-28 19:00:00,49.20889
EIA_65888,2026-05-28 19:00:00,74.5
EIA_65891,2026-05-28 19:00:00,115.89859
EIA_65894,2026-05-28 19:00:00,210.0
EIA_65905,2026-05-28 19:00:00,74.113365
EIA_65911,2026-05-28 19:00:00,72.07301
EIA_65913,2026-05-28 19:00:00,57.72299
EIA_65940,2026-05-28 19:00:00,1.5
EIA_66027,2026-05-28 19:00:00,30.23768
EIA_66107,2026-05-28 19:00:00,20.0
EIA_66256,2026-05-28 19:00:00,5.0
EIA_66352,2026-05-28 19:00:00,5.0
EIA_66356,2026-05-28 19:00:00,4.5101967
EIA_66432,2026-05-28 19:00:00,2.0
EIA_66433,2026-05-28 19:00:00,1.0
EIA_66435,2026-05-28 19:00:00,1.0
EIA_66449,2026-05-28 19:00:00,1.0300792
EIA_66495,2026-05-28 19:00:00,2.20059
EIA_66520,2026-05-28 19:00:00,0.3670109
EIA_66523,2026-05-28 19:00:00,3.9913216
EIA_66647,2026-05-28 19:00:00,100.0
EIA_66649,2026-05-28 19:00:00,37.037052
EIA_66654,2026-05-28 19:00:00,1.9841801
EIA_66656,2026-05-28 19:00:00,1.9841801
EIA_66670,2026-05-28 19:00:00,150.0
EIA_66681,2026-05-28 19:00:00,3.6283762
EIA_66688,2026-05-28 19:00:00,282.49097
EIA_66739,2026-05-28 19:00:00,1.5
EIA_66740,2026-05-28 19:00:00,1.5
EIA_66756,2026-05-28 19:00:00,40.8
EIA_66760,2026-05-28 19:00:00,3.0
EIA_66774,2026-05-28 19:00:00,408.9
EIA_66775,2026-05-28 19:00:00,200.0
EIA_66827,2026-05-28 19:00:00,0.9785799
EIA_66840,2026-05-28 19:00:00,51.1
EIA_66842,2026-05-28 19:00:00,64.0
EIA_66844,2026-05-28 19:00:00,150.0
EIA_66860,2026-05-28 19:00:00,100.0
EIA_66872,2026-05-28 19:00:00,204.5
EIA_66886,2026-05-28 19:00:00,2.4
EIA_66890,2026-05-28 19:00:00,12.981792
EIA_66892,2026-05-28 19:00:00,2.7102802
EIA_66897,2026-05-28 19:00:00,97.5
EIA_66899,2026-05-28 19:00:00,5.8
EIA_66903,2026-05-28 19:00:00,310.0
EIA_66951,2026-05-28 19:00:00,83.67624
EIA_66983,2026-05-28 19:00:00,13.5
EIA_67007,2026-05-28 19:00:00,20.0
EIA_67022,2026-05-28 19:00:00,175.0
EIA_67033,2026-05-28 19:00:00,2.3169622
EIA_67038,2026-05-28 19:00:00,88.820656
EIA_67046,2026-05-28 19:00:00,210.0
EIA_67075,2026-05-28 19:00:00,195.58467
EIA_67076,2026-05-28 19:00:00,61.43945
EIA_67080,2026-05-28 19:00:00,4.7065372
EIA_67086,2026-05-28 19:00:00,1.12517
EIA_67124,2026-05-28 19:00:00,1.5
EIA_67125,2026-05-28 19:00:00,3.054818
EIA_67126,2026-05-28 19:00:00,3.4179306
EIA_67129,2026-05-28 19:00:00,100.0
EIA_67133,2026-05-28 19:00:00,4.8
EIA_67135,2026-05-28 19:00:00,3.3369045
EIA_67158,2026-05-28 19:00:00,1.3
EIA_67169,2026-05-28 19:00:00,2.8286912
EIA_67174,2026-05-28 19:00:00,10.0
EIA_67177,2026-05-28 19:00:00,153.0
EIA_67201,2026-05-28 19:00:00,9.8
EIA_67204,2026-05-28 19:00:00,100.0
EIA_67216,2026-05-28 19:00:00,18.8
EIA_67217,2026-05-28 19:00:00,20.0
EIA_67218,2026-05-28 19:00:00,20.0
EIA_67219,2026-05-28 19:00:00,20.0
EIA_67234,2026-05-28 19:00:00,0.3944989
EIA_67254,2026-05-28 19:00:00,0.9889914
EIA_67255,2026-05-28 19:00:00,2.0
EIA_67256,2026-05-28 19:00:00,2.0
EIA_67277,2026-05-28 19:00:00,0.39383
EIA_67288,2026-05-28 19:00:00,2.4841337
EIA_67322,2026-05-28 19:00:00,11.2
EIA_67374,2026-05-28 19:00:00,5.0
EIA_67391,2026-05-28 19:00:00,3.653763
EIA_67412,2026-05-28 19:00:00,4.782927
EIA_67421,2026-05-28 19:00:00,84.4
EIA_67437,2026-05-28 19:00:00,1.6968246
EIA_67447,2026-05-28 19:00:00,1.5204803
EIA_67469,2026-05-28 19:00:00,0.29769248
EIA_67474,2026-05-28 19:00:00,300.0
EIA_67490,2026-05-28 19:00:00,5.6
EIA_67497,2026-05-28 19:00:00,100.0
EIA_67503,2026-05-28 19:00:00,170.0
EIA_67511,2026-05-28 19:00:00,200.0
EIA_67528,2026-05-28 19:00:00,150.0
EIA_67532,2026-05-28 19:00:00,5.0
EIA_67539,2026-05-28 19:00:00,1.6
EIA_67540,2026-05-28 19:00:00,2.3
EIA_67546,2026-05-28 19:00:00,1.0
EIA_67554,2026-05-28 19:00:00,2.0
EIA_67583,2026-05-28 19:00:00,1.3
EIA_67584,2026-05-28 19:00:00,3.1586692
EIA_67597,2026-05-28 19:00:00,11.8
EIA_67600,2026-05-28 19:00:00,2.3256068
EIA_67623,2026-05-28 19:00:00,2.0
EIA_67624,2026-05-28 19:00:00,2.0
EIA_67628,2026-05-28 19:00:00,2.0
EIA_67644,2026-05-28 19:00:00,5.0
EIA_67675,2026-05-28 19:00:00,65.0
EIA_67678,2026-05-28 19:00:00,140.0
EIA_67684,2026-05-28 19:00:00,2.0
EIA_67686,2026-05-28 19:00:00,4.9
EIA_67687,2026-05-28 19:00:00,2.0
EIA_67688,2026-05-28 19:00:00,2.0
EIA_67703,2026-05-28 19:00:00,5.0
EIA_67704,2026-05-28 19:00:00,1.4
EIA_67705,2026-05-28 19:00:00,2.3
EIA_67713,2026-05-28 19:00:00,4.0
EIA_67714,2026-05-28 19:00:00,1.5
EIA_67715,2026-05-28 19:00:00,2.0
EIA_67716,2026-05-28 19:00:00,1.9
EIA_67717,2026-05-28 19:00:00,2.0
EIA_67718,2026-05-28 19:00:00,1.9
EIA_67719,2026-05-28 19:00:00,2.0
EIA_67727,2026-05-28 19:00:00,6.0
EIA_67728,2026-05-28 19:00:00,5.0
EIA_67735,2026-05-28 19:00:00,250.0
EIA_67751,2026-05-28 19:00:00,2.0
EIA_67762,2026-05-28 19:00:00,72.3769
EIA_67765,2026-05-28 19:00:00,145.93535
EIA_67793,2026-05-28 19:00:00,0.76545006
EIA_67797,2026-05-28 19:00:00,160.0
EIA_67804,2026-05-28 19:00:00,2.0
EIA_67822,2026-05-28 19:00:00,2.0
EIA_67823,2026-05-28 19:00:00,235.0
EIA_67834,2026-05-28 19:00:00,48.0
EIA_67850,2026-05-28 19:00:00,42.0
EIA_67859,2026-05-28 19:00:00,3.3121784
EIA_67864,2026-05-28 19:00:00,9.625798
EIA_67867,2026-05-28 19:00:00,67.2
EIA_67872,2026-05-28 19:00:00,150.0
EIA_67873,2026-05-28 19:00:00,60.0
EIA_67900,2026-05-28 19:00:00,2.7246711
EIA_67901,2026-05-28 19:00:00,1.0217518
EIA_67930,2026-05-28 19:00:00,200.0
EIA_67943,2026-05-28 19:00:00,3.0
EIA_67957,2026-05-28 19:00:00,65.021935
EIA_67964,2026-05-28 19:00:00,150.0
EIA_67965,2026-05-28 19:00:00,1.3
EIA_67969,2026-05-28 19:00:00,22.0
EIA_67979,2026-05-28 19:00:00,3.2609358
EIA_67997,2026-05-28 19:00:00,28.663605
EIA_68008,2026-05-28 19:00:00,4.2002864
EIA_68010,2026-05-28 19:00:00,4.204634
EIA_68023,2026-05-28 19:00:00,11.386044
EIA_68025,2026-05-28 19:00:00,3.0
EIA_68026,2026-05-28 19:00:00,4.8
EIA_68037,2026-05-28 19:00:00,4.2372603
EIA_68060,2026-05-28 19:00:00,72.30177
EIA_68077,2026-05-28 19:00:00,20.0
EIA_68088,2026-05-28 19:00:00,35.53155
EIA_68096,2026-05-28 19:00:00,2.6223922
EIA_68102,2026-05-28 19:00:00,2.347526
EIA_68106,2026-05-28 19:00:00,100.0
EIA_68107,2026-05-28 19:00:00,3.5646667
EIA_68108,2026-05-28 19:00:00,7.5
EIA_68109,2026-05-28 19:00:00,1.3
EIA_68113,2026-05-28 19:00:00,1.6522561
EIA_68114,2026-05-28 19:00:00,5.025848
EIA_68157,2026-05-28 19:00:00,1.0
EIA_68163,2026-05-28 19:00:00,2.4920921
EIA_68188,2026-05-28 19:00:00,5.0
EIA_68190,2026-05-28 19:00:00,5.0
EIA_68200,2026-05-28 19:00:00,130.88277
EIA_68223,2026-05-28 19:00:00,32.210247
EIA_68235,2026-05-28 19:00:00,1.1
EIA_68259,2026-05-28 19:00:00,1.1917374
EIA_68276,2026-05-28 19:00:00,25.209723
EIA_68279,2026-05-28 19:00:00,1.1
EIA_68281,2026-05-28 19:00:00,262.68228
EIA_68286,2026-05-28 19:00:00,0.9187634
EIA_68327,2026-05-28 19:00:00,0.7895181
EIA_68372,2026-05-28 19:00:00,57.883354
EIA_68398,2026-05-28 19:00:00,5.0
EIA_68418,2026-05-28 19:00:00,120.0
EIA_68427,2026-05-28 19:00:00,4.168862
EIA_68431,2026-05-28 19:00:00,240.0
EIA_68436,2026-05-28 19:00:00,0.88437974
EIA_68442,2026-05-28 19:00:00,3.5020635
EIA_68458,2026-05-28 19:00:00,250.0
EIA_68470,2026-05-28 19:00:00,175.035
EIA_68472,2026-05-28 19:00:00,74.9
EIA_68482,2026-05-28 19:00:00,49.9
EIA_68483,2026-05-28 19:00:00,225.0
EIA_68488,2026-05-28 19:00:00,80.0
EIA_68489,2026-05-28 19:00:00,2.0
EIA_68516,2026-05-28 19:00:00,31.889484
EIA_68523,2026-05-28 19:00:00,0.45946667
EIA_68524,2026-05-28 19:00:00,0.45946795
EIA_68525,2026-05-28 19:00:00,0.45946822
EIA_68530,2026-05-28 19:00:00,2.0
EIA_68534,2026-05-28 19:00:00,150.0
EIA_68536,2026-05-28 19:00:00,116.70262
EIA_68537,2026-05-28 19:00:00,145.0
EIA_68538,2026-05-28 19:00:00,2.3
EIA_68540,2026-05-28 19:00:00,1.3
EIA_68544,2026-05-28 19:00:00,2.0
EIA_68550,2026-05-28 19:00:00,1.9868096
EIA_68551,2026-05-28 19:00:00,37.862755
EIA_68587,2026-05-28 19:00:00,100.0
EIA_68588,2026-05-28 19:00:00,100.0
EIA_68595,2026-05-28 19:00:00,29.559563
EIA_68615,2026-05-28 19:00:00,1.1760767
EIA_68670,2026-05-28 19:00:00,54.435177
EIA_68674,2026-05-28 19:00:00,0.9820952
EIA_68682,2026-05-28 19:00:00,1.0345736
EIA_68706,2026-05-28 19:00:00,3.7069843
EIA_68708,2026-05-28 19:00:00,3.4587681
EIA_68729,2026-05-28 19:00:00,1.041599
EIA_68754,2026-05-28 19:00:00,4.3
EIA_68756,2026-05-28 19:00:00,5.0
EIA_68757,2026-05-28 19:00:00,3.5
EIA_68776,2026-05-28 19:00:00,237.1
EIA_68791,2026-05-28 19:00:00,1.1
EIA_68794,2026-05-28 19:00:00,0.78299916
EIA_68795,2026-05-28 19:00:00,1.3321493
EIA_68796,2026-05-28 19:00:00,0.8881634
EIA_68803,2026-05-28 19:00:00,1.2061125
EIA_68817,2026-05-28 19:00:00,65.828835
EIA_68820,2026-05-28 19:00:00,56.223164
EIA_68822,2026-05-28 19:00:00,32.239594
EIA_68823,2026-05-28 19:00:00,39.801003
EIA_68838,2026-05-28 19:00:00,480.92908
EIA_68846,2026-05-28 19:00:00,140.47206
EIA_68856,2026-05-28 19:00:00,64.91773
EIA_68880,2026-05-28 19:00:00,150.0
EIA_68885,2026-05-28 19:00:00,3.0
EIA_68886,2026-05-28 19:00:00,3.0
EIA_68892,2026-05-28 19:00:00,1.4
EIA_68894,2026-05-28 19:00:00,150.0
EIA_68906,2026-05-28 19:00:00,291.52875
EIA_68919,2026-05-28 19:00:00,2.0
EIA_68921,2026-05-28 19:00:00,2.0
EIA_68927,2026-05-28 19:00:00,14.104486
EIA_68928,2026-05-28 19:00:00,10.8
EIA_68941,2026-05-28 19:00:00,1.0695285
EIA_68943,2026-05-28 19:00:00,5.0
EIA_68944,2026-05-28 19:00:00,5.0
EIA_68945,2026-05-28 19:00:00,1.1169274
EIA_68957,2026-05-28 19:00:00,5.0
EIA_68960,2026-05-28 19:00:00,2.0
EIA_68964,2026-05-28 19:00:00,3.9
EIA_68966,2026-05-28 19:00:00,1.1105508
EIA_68971,2026-05-28 19:00:00,5.0
EIA_68991,2026-05-28 19:00:00,3.0697856
EIA_68998,2026-05-28 19:00:00,120.0
EIA_69002,2026-05-28 19:00:00,5.0
EIA_69009,2026-05-28 19:00:00,1.8045942
EIA_69014,2026-05-28 19:00:00,2.3755167
EIA_69015,2026-05-28 19:00:00,5.0
EIA_69016,2026-05-28 19:00:00,4.5
EIA_69017,2026-05-28 19:00:00,2.2716415
EIA_69018,2026-05-28 19:00:00,3.090976
EIA_69027,2026-05-28 19:00:00,100.0
EIA_69031,2026-05-28 19:00:00,2.0
EIA_69032,2026-05-28 19:00:00,3.6
EIA_69033,2026-05-28 19:00:00,4.9
EIA_69039,2026-05-28 19:00:00,0.554327
EIA_69042,2026-05-28 19:00:00,10.8
EIA_69043,2026-05-28 19:00:00,5.0
EIA_69046,2026-05-28 19:00:00,2.0
EIA_69048,2026-05-28 19:00:00,1.0
EIA_69051,2026-05-28 19:00:00,2.8601182
EIA_69061,2026-05-28 19:00:00,5.0
EIA_69062,2026-05-28 19:00:00,5.0
EIA_69063,2026-05-28 19:00:00,200.0
EIA_69066,2026-05-28 19:00:00,5.0
EIA_69068,2026-05-28 19:00:00,1.3187389
EIA_69070,2026-05-28 19:00:00,5.0
EIA_69078,2026-05-28 19:00:00,5.0
EIA_69086,2026-05-28 19:00:00,4.9747944
EIA_69095,2026-05-28 19:00:00,3.5087934
EIA_69096,2026-05-28 19:00:00,3.4592175
EIA_69100,2026-05-28 19:00:00,294.52927
EIA_69101,2026-05-28 19:00:00,174.92357
EIA_69103,2026-05-28 19:00:00,5.0
EIA_69104,2026-05-28 19:00:00,5.0
EIA_69106,2026-05-28 19:00:00,5.0
EIA_69107,2026-05-28 19:00:00,5.0
EIA_69109,2026-05-28 19:00:00,1.4
EIA_69112,2026-05-28 19:00:00,1.3
EIA_69113,2026-05-28 19:00:00,2.7
EIA_69114,2026-05-28 19:00:00,0.85641867
EIA_69115,2026-05-28 19:00:00,1.0
EIA_69116,2026-05-28 19:00:00,2.5
EIA_69117,2026-05-28 19:00:00,1.0
EIA_69118,2026-05-28 19:00:00,1.0574385
EIA_69123,2026-05-28 19:00:00,0.47976476
EIA_69124,2026-05-28 19:00:00,0.7553271
EIA_69125,2026-05-28 19:00:00,0.5519107
EIA_69126,2026-05-28 19:00:00,0.61061674
EIA_69127,2026-05-28 19:00:00,0.532603
EIA_69129,2026-05-28 19:00:00,0.6096103
EIA_69130,2026-05-28 19:00:00,4.0
EIA_69131,2026-05-28 19:00:00,0.6192026
EIA_69132,2026-05-28 19:00:00,1.7
EIA_69133,2026-05-28 19:00:00,2.2185524
EIA_69134,2026-05-28 19:00:00,2.655501
EIA_69135,2026-05-28 19:00:00,1.0
EIA_69137,2026-05-28 19:00:00,3.163799
EIA_69140,2026-05-28 19:00:00,1.3
EIA_69141,2026-05-28 19:00:00,4.0
EIA_69142,2026-05-28 19:00:00,1.0
EIA_69143,2026-05-28 19:00:00,120.0
EIA_69145,2026-05-28 19:00:00,0.6658917
EIA_69153,2026-05-28 19:00:00,2.7043002
EIA_69154,2026-05-28 19:00:00,2.5420563
EIA_69161,2026-05-28 19:00:00,2.0
EIA_69163,2026-05-28 19:00:00,2.0
EIA_69164,2026-05-28 19:00:00,150.0
EIA_69166,2026-05-28 19:00:00,200.0
EIA_69172,2026-05-28 19:00:00,80.0
EIA_69179,2026-05-28 19:00:00,0.16615526
EIA_69183,2026-05-28 19:00:00,2.0
EIA_69187,2026-05-28 19:00:00,16.148384
EIA_69188,2026-05-28 19:00:00,2.9
EIA_69190,2026-05-28 19:00:00,1.2780646
EIA_69192,2026-05-28 19:00:00,10.0
EIA_69193,2026-05-28 19:00:00,2.5
EIA_69201,2026-05-28 19:00:00,2.0
EIA_69210,2026-05-28 19:00:00,1.1
EIA_69212,2026-05-28 19:00:00,2.30049
EIA_69213,2026-05-28 19:00:00,5.0
EIA_69214,2026-05-28 19:00:00,2.7333782
EIA_69216,2026-05-28 19:00:00,4.221074
EIA_69219,2026-05-28 19:00:00,2.717455
EIA_69221,2026-05-28 19:00:00,0.2663097
EIA_69227,2026-05-28 19:00:00,3.6460514
EIA_69228,2026-05-28 19:00:00,5.0
EIA_69230,2026-05-28 19:00:00,5.0
EIA_69233,2026-05-28 19:00:00,0.022047771
EIA_69235,2026-05-28 19:00:00,18.864428
EIA_69236,2026-05-28 19:00:00,50.0
EIA_69240,2026-05-28 19:00:00,5.0
EIA_69241,2026-05-28 19:00:00,4.5
EIA_69243,2026-05-28 19:00:00,2.6
EIA_69247,2026-05-28 19:00:00,0.20117815
EIA_69248,2026-05-28 19:00:00,1.0
EIA_69261,2026-05-28 19:00:00,10.0
EIA_69263,2026-05-28 19:00:00,10.0
EIA_69264,2026-05-28 19:00:00,3.2864377
EIA_69265,2026-05-28 19:00:00,2.596626
EIA_69273,2026-05-28 19:00:00,0.90434885
EIA_69280,2026-05-28 19:00:00,4.539336
EIA_69281,2026-05-28 19:00:00,4.5392804
EIA_69284,2026-05-28 19:00:00,0.4584803
EIA_69285,2026-05-28 19:00:00,2.5141854
EIA_69287,2026-05-28 19:00:00,9.9
EIA_69288,2026-05-28 19:00:00,1.6
EIA_69289,2026-05-28 19:00:00,9.9
EIA_69303,2026-05-28 19:00:00,1.0
EIA_69304,2026-05-28 19:00:00,1.0
EIA_69306,2026-05-28 19:00:00,8.8
EIA_69307,2026-05-28 19:00:00,1.0
EIA_69314,2026-05-28 19:00:00,2.0
EIA_69315,2026-05-28 19:00:00,5.0
EIA_69316,2026-05-28 19:00:00,5.0
EIA_69317,2026-05-28 19:00:00,5.0
EIA_69319,2026-05-28 19:00:00,188.84773
EIA_69320,2026-05-28 19:00:00,480.0
EIA_69321,2026-05-28 19:00:00,140.69156
EIA_69325,2026-05-28 19:00:00,2.0
EIA_69326,2026-05-28 19:00:00,2.0
EIA_69328,2026-05-28 19:00:00,4.1
EIA_69330,2026-05-28 19:00:00,5.0
EIA_69354,2026-05-28 19:00:00,52.47998
EIA_69355,2026-05-28 19:00:00,9.104252
EIA_69368,2026-05-28 19:00:00,4.5
EIA_69370,2026-05-28 19:00:00,1.7045153
EIA_69374,2026-05-28 19:00:00,1.4060591
EIA_69378,2026-05-28 19:00:00,1.5
EIA_69379,2026-05-28 19:00:00,2.1225753
EIA_69380,2026-05-28 19:00:00,1.8677876
EIA_69381,2026-05-28 19:00:00,1.6
EIA_69382,2026-05-28 19:00:00,1.4
EIA_69386,2026-05-28 19:00:00,1.5336779
EIA_69387,2026-05-28 19:00:00,5.0
EIA_69388,2026-05-28 19:00:00,100.0
EIA_69389,2026-05-28 19:00:00,4.27814
EIA_69390,2026-05-28 19:00:00,4.27814
EIA_69391,2026-05-28 19:00:00,0.16283749
EIA_69395,2026-05-28 19:00:00,0.34823766
EIA_69396,2026-05-28 19:00:00,1.8542539
EIA_69397,2026-05-28 19:00:00,2.0
EIA_69398,2026-05-28 19:00:00,0.379263
EIA_69399,2026-05-28 19:00:00,0.5299348
EIA_69400,2026-05-28 19:00:00,3.863256
EIA_69401,2026-05-28 19:00:00,5.0
EIA_69402,2026-05-28 19:00:00,4.544773
EIA_69405,2026-05-28 19:00:00,3.8847477
EIA_69406,2026-05-28 19:00:00,3.8846009
EIA_69408,2026-05-28 19:00:00,2.1
EIA_69409,2026-05-28 19:00:00,3.7058566
EIA_69410,2026-05-28 19:00:00,5.0
EIA_69412,2026-05-28 19:00:00,3.0
EIA_69414,2026-05-28 19:00:00,270.0
EIA_69419,2026-05-28 19:00:00,5.0
EIA_69420,2026-05-28 19:00:00,2.0
EIA_69421,2026-05-28 19:00:00,5.0
EIA_69425,2026-05-28 19:00:00,2.3308506
EIA_69428,2026-05-28 19:00:00,250.0
EIA_69430,2026-05-28 19:00:00,6.0
EIA_69431,2026-05-28 19:00:00,5.0
EIA_69432,2026-05-28 19:00:00,6.0
EIA_69433,2026-05-28 19:00:00,6.0
EIA_69434,2026-05-28 19:00:00,0.9950988
EIA_69439,2026-05-28 19:00:00,5.0
EIA_69440,2026-05-28 19:00:00,5.0
EIA_69441,2026-05-28 19:00:00,2.6
EIA_69442,2026-05-28 19:00:00,5.0
EIA_69443,2026-05-28 19:00:00,1.924604
EIA_69447,2026-05-28 19:00:00,0.2859928
EIA_69448,2026-05-28 19:00:00,1.2394518
EIA_69476,2026-05-28 19:00:00,100.0
EIA_69483,2026-05-28 19:00:00,2.8
EIA_69484,2026-05-28 19:00:00,3.0
EIA_69485,2026-05-28 19:00:00,2.5
EIA_69486,2026-05-28 19:00:00,2.5
EIA_69487,2026-05-28 19:00:00,2.5
EIA_69488,2026-05-28 19:00:00,2.5
EIA_69489,2026-05-28 19:00:00,3.0
EIA_69490,2026-05-28 19:00:00,2.5
EIA_69491,2026-05-28 19:00:00,2.5
EIA_69492,2026-05-28 19:00:00,2.5
EIA_69493,2026-05-28 19:00:00,2.5
EIA_69494,2026-05-28 19:00:00,2.5
EIA_69495,2026-05-28 19:00:00,2.5
EIA_69498,2026-05-28 19:00:00,8.8
EIA_69499,2026-05-28 19:00:00,2.4690232
EIA_69500,2026-05-28 19:00:00,3.8
EIA_69501,2026-05-28 19:00:00,6.0
EIA_69502,2026-05-28 19:00:00,4.0
EIA_69503,2026-05-28 19:00:00,6.0
EIA_69505,2026-05-28 19:00:00,6.978542
EIA_69518,2026-05-28 19:00:00,2.0
EIA_69519,2026-05-28 19:00:00,3.0
EIA_69525,2026-05-28 19:00:00,1.1257472
EIA_69526,2026-05-28 19:00:00,5.0
EIA_69527,2026-05-28 19:00:00,5.0
EIA_69528,2026-05-28 19:00:00,3.0
EIA_69529,2026-05-28 19:00:00,5.0
EIA_69530,2026-05-28 19:00:00,5.0
EIA_69531,2026-05-28 19:00:00,4.7691383
EIA_69532,2026-05-28 19:00:00,5.0
EIA_69536,2026-05-28 19:00:00,5.3
EIA_69538,2026-05-28 19:00:00,12.202283
EIA_69542,2026-05-28 19:00:00,5.0
EIA_69543,2026-05-28 19:00:00,3.2422934
EIA_69544,2026-05-28 19:00:00,1.2165445
EIA_69545,2026-05-28 19:00:00,0.33314255
EIA_69546,2026-05-28 19:00:00,3.047655
EIA_69550,2026-05-28 19:00:00,117.0
EIA_69557,2026-05-28 19:00:00,5.0
EIA_69561,2026-05-28 19:00:00,4.0
EIA_69563,2026-05-28 19:00:00,1.1550218
EIA_69564,2026-05-28 19:00:00,1.9
EIA_69565,2026-05-28 19:00:00,4.7194686
EIA_69567,2026-05-28 19:00:00,3.0
EIA_69568,2026-05-28 19:00:00,1.0
EIA_69569,2026-05-28 19:00:00,2.210761
EIA_69570,2026-05-28 19:00:00,2.6596324
EIA_69571,2026-05-28 19:00:00,2.2586079
EIA_69572,2026-05-28 19:00:00,5.0
EIA_69573,2026-05-28 19:00:00,5.0
EIA_69580,2026-05-28 19:00:00,1.1
EIA_69581,2026-05-28 19:00:00,0.56127244
EIA_69587,2026-05-28 19:00:00,1.4
EIA_69596,2026-05-28 19:00:00,2.4483232
EIA_69597,2026-05-28 19:00:00,3.060425
EIA_69598,2026-05-28 19:00:00,2.0
EIA_69599,2026-05-28 19:00:00,2.0
EIA_69600,2026-05-28 19:00:00,5.0
EIA_69601,2026-05-28 19:00:00,2.0
EIA_69604,2026-05-28 19:00:00,19.9
EIA_69612,2026-05-28 19:00:00,5.0
EIA_69613,2026-05-28 19:00:00,5.0
EIA_69615,2026-05-28 19:00:00,5.0
EIA_69617,2026-05-28 19:00:00,2.8
EIA_69618,2026-05-28 19:00:00,3.3579853
EIA_69621,2026-05-28 19:00:00,3.0618548
EIA_69622,2026-05-28 19:00:00,1.9390167
EIA_69623,2026-05-28 19:00:00,1.8419932
EIA_69624,2026-05-28 19:00:00,4.6049833
EIA_69630,2026-05-28 19:00:00,1.0
EIA_69645,2026-05-28 19:00:00,1.0
EIA_69646,2026-05-28 19:00:00,1.0
EIA_69651,2026-05-28 19:00:00,2.0
EIA_69652,2026-05-28 19:00:00,2.0
EIA_69653,2026-05-28 19:00:00,2.0
EIA_69655,2026-05-28 19:00:00,5.0
EIA_69656,2026-05-28 19:00:00,2.3
EIA_69675,2026-05-28 19:00:00,273.6
EIA_69676,2026-05-28 19:00:00,81.10578
EIA_69680,2026-05-28 19:00:00,113.1
EIA_69682,2026-05-28 19:00:00,1.0
EIA_69683,2026-05-28 19:00:00,1.3
EIA_69686,2026-05-28 19:00:00,8.3
EIA_69692,2026-05-28 19:00:00,5.0
EIA_69693,2026-05-28 19:00:00,0.38056892
EIA_69696,2026-05-28 19:00:00,1.9723595
EIA_69700,2026-05-28 19:00:00,4.368238
EIA_69703,2026-05-28 19:00:00,3.3
EIA_69705,2026-05-28 19:00:00,0.9185263
EIA_69707,2026-05-28 19:00:00,0.43283835
EIA_69709,2026-05-28 19:00:00,0.85928154
EIA_69712,2026-05-28 19:00:00,0.6
EIA_69714,2026-05-28 19:00:00,3.5092044
EIA_69715,2026-05-28 19:00:00,0.8592768
EIA_69716,2026-05-28 19:00:00,2.7269413
EIA_69717,2026-05-28 19:00:00,4.128826
EIA_69718,2026-05-28 19:00:00,3.963673
EIA_69719,2026-05-28 19:00:00,2.8
EIA_69729,2026-05-28 19:00:00,0.49281108
EIA_69730,2026-05-28 19:00:00,2.1099317
EIA_69731,2026-05-28 19:00:00,1.3
EIA_69732,2026-05-28 19:00:00,4.9565754
EIA_69733,2026-05-28 19:00:00,4.4609056
EIA_69734,2026-05-28 19:00:00,1.4
EIA_69735,2026-05-28 19:00:00,5.0
EIA_69736,2026-05-28 19:00:00,0.18575484
EIA_69737,2026-05-28 19:00:00,1.7995435
EIA_69739,2026-05-28 19:00:00,4.8
EIA_69740,2026-05-28 19:00:00,7.2
EIA_69744,2026-05-28 19:00:00,2.6317222
EIA_69746,2026-05-28 19:00:00,0.3152333
EIA_69748,2026-05-28 19:00:00,525.0
EIA_69754,2026-05-28 19:00:00,0.088790834
EIA_69757,2026-05-28 19:00:00,2.6
EIA_69758,2026-05-28 19:00:00,2.0
EIA_69759,2026-05-28 19:00:00,1.0702916
EIA_69774,2026-05-28 19:00:00,2.4
EIA_69800,2026-05-28 19:00:00,5.0
EIA_69801,2026-05-28 19:00:00,1.6959172
EIA_69802,2026-05-28 19:00:00,3.5
EIA_69822,2026-05-28 19:00:00,0.7031984
EIA_69824,2026-05-28 19:00:00,1.982835
EIA_69856,2026-05-28 19:00:00,3.0
EIA_69863,2026-05-28 19:00:00,3.7
EIA_69875,2026-05-28 19:00:00,117.0
EIA_141,2026-05-28 20:00:00,0.2
EIA_960,2026-05-28 20:00:00,0.3
EIA_1172,2026-05-28 20:00:00,0.8
EIA_1187,2026-05-28 20:00:00,0.8
EIA_10224,2026-05-28 20:00:00,0.43095967
EIA_10823,2026-05-28 20:00:00,0.016985832
EIA_50026,2026-05-28 20:00:00,23.372837
EIA_50061,2026-05-28 20:00:00,0.8
EIA_56322,2026-05-28 20:00:00,0.5
EIA_57775,2026-05-28 20:00:00,0.5
EIA_57785,2026-05-28 20:00:00,4.7235894
EIA_57806,2026-05-28 20:00:00,0.38461575
EIA_58173,2026-05-28 20:00:00,0.1
EIA_58413,2026-05-28 20:00:00,54.4
EIA_58422,2026-05-28 20:00:00,1.3
EIA_58556,2026-05-28 20:00:00,10.1
EIA_58689,2026-05-28 20:00:00,1.3
EIA_58899,2026-05-28 20:00:00,0.5
EIA_59133,2026-05-28 20:00:00,0.96448463
EIA_59272,2026-05-28 20:00:00,1.5
EIA_59776,2026-05-28 20:00:00,0.2
EIA_59786,2026-05-28 20:00:00,3.0
EIA_59988,2026-05-28 20:00:00,1.1
EIA_60452,2026-05-28 20:00:00,1.7430212
EIA_61703,2026-05-28 20:00:00,0.1
EIA_61796,2026-05-28 20:00:00,19.302994
EIA_61820,2026-05-28 20:00:00,0.51966965
EIA_61822,2026-05-28 20:00:00,0.2
EIA_61852,2026-05-28 20:00:00,300.0
EIA_61910,2026-05-28 20:00:00,7.0
EIA_61967,2026-05-28 20:00:00,125.0
EIA_61990,2026-05-28 20:00:00,0.1
EIA_62027,2026-05-28 20:00:00,0.16651972
EIA_62186,2026-05-28 20:00:00,2.0
EIA_62344,2026-05-28 20:00:00,2.0
EIA_62397,2026-05-28 20:00:00,1.0189394
EIA_62442,2026-05-28 20:00:00,0.5
EIA_62494,2026-05-28 20:00:00,239.57811
EIA_62545,2026-05-28 20:00:00,1.6786702
EIA_62737,2026-05-28 20:00:00,5.0
EIA_62797,2026-05-28 20:00:00,100.0
EIA_63122,2026-05-28 20:00:00,1.0
EIA_63194,2026-05-28 20:00:00,187.58083
EIA_63211,2026-05-28 20:00:00,250.0
EIA_63221,2026-05-28 20:00:00,1.0
EIA_63507,2026-05-28 20:00:00,60.0
EIA_63518,2026-05-28 20:00:00,45.022835
EIA_63542,2026-05-28 20:00:00,1.0
EIA_63882,2026-05-28 20:00:00,179.63632
EIA_63884,2026-05-28 20:00:00,15.423575
EIA_63946,2026-05-28 20:00:00,2.0
EIA_64117,2026-05-28 20:00:00,4.9
EIA_64132,2026-05-28 20:00:00,154.45512
EIA_64210,2026-05-28 20:00:00,500.0
EIA_64222,2026-05-28 20:00:00,0.6621973
EIA_64223,2026-05-28 20:00:00,0.6016432
EIA_64430,2026-05-28 20:00:00,140.0
EIA_64442,2026-05-28 20:00:00,0.20637675
EIA_64446,2026-05-28 20:00:00,0.5
EIA_64509,2026-05-28 20:00:00,0.5
EIA_64512,2026-05-28 20:00:00,0.5
EIA_64513,2026-05-28 20:00:00,0.5
EIA_64536,2026-05-28 20:00:00,135.0
EIA_64564,2026-05-28 20:00:00,131.0
EIA_64567,2026-05-28 20:00:00,20.0
EIA_64729,2026-05-28 20:00:00,1.0
EIA_64745,2026-05-28 20:00:00,150.0
EIA_64858,2026-05-28 20:00:00,110.0
EIA_65006,2026-05-28 20:00:00,1.0
EIA_65024,2026-05-28 20:00:00,1.0
EIA_65072,2026-05-28 20:00:00,0.12338764
EIA_65139,2026-05-28 20:00:00,3.0
EIA_65149,2026-05-28 20:00:00,2.9440315
EIA_65279,2026-05-28 20:00:00,2.0
EIA_65401,2026-05-28 20:00:00,51.8
EIA_65405,2026-05-28 20:00:00,45.0
EIA_65442,2026-05-28 20:00:00,1.0
EIA_65443,2026-05-28 20:00:00,1.0
EIA_65445,2026-05-28 20:00:00,127.70585
EIA_65463,2026-05-28 20:00:00,600.0
EIA_65468,2026-05-28 20:00:00,0.4227304
EIA_65480,2026-05-28 20:00:00,145.0
EIA_65507,2026-05-28 20:00:00,2.3
EIA_65508,2026-05-28 20:00:00,2.0
EIA_65515,2026-05-28 20:00:00,1.0
EIA_65516,2026-05-28 20:00:00,1.0
EIA_65527,2026-05-28 20:00:00,2.5
EIA_65572,2026-05-28 20:00:00,250.0
EIA_65616,2026-05-28 20:00:00,2.6
EIA_65644,2026-05-28 20:00:00,326.6
EIA_65659,2026-05-28 20:00:00,1.0
EIA_65827,2026-05-28 20:00:00,4.615977
EIA_65849,2026-05-28 20:00:00,180.0
EIA_65885,2026-05-28 20:00:00,11.174816
EIA_65887,2026-05-28 20:00:00,58.041477
EIA_65888,2026-05-28 20:00:00,18.087786
EIA_65891,2026-05-28 20:00:00,131.0
EIA_65894,2026-05-28 20:00:00,210.0
EIA_65905,2026-05-28 20:00:00,55.274986
EIA_65911,2026-05-28 20:00:00,70.21568
EIA_65913,2026-05-28 20:00:00,29.901115
EIA_65940,2026-05-28 20:00:00,1.5
EIA_66027,2026-05-28 20:00:00,36.655678
EIA_66107,2026-05-28 20:00:00,20.0
EIA_66256,2026-05-28 20:00:00,0.9035372
EIA_66352,2026-05-28 20:00:00,5.0
EIA_66356,2026-05-28 20:00:00,5.0
EIA_66432,2026-05-28 20:00:00,2.0
EIA_66433,2026-05-28 20:00:00,1.0
EIA_66435,2026-05-28 20:00:00,1.0
EIA_66449,2026-05-28 20:00:00,2.9230096
EIA_66495,2026-05-28 20:00:00,2.309392
EIA_66520,2026-05-28 20:00:00,2.0
EIA_66523,2026-05-28 20:00:00,4.5558057
EIA_66647,2026-05-28 20:00:00,100.0
EIA_66649,2026-05-28 20:00:00,59.914066
EIA_66654,2026-05-28 20:00:00,2.0
EIA_66656,2026-05-28 20:00:00,2.0
EIA_66670,2026-05-28 20:00:00,150.0
EIA_66681,2026-05-28 20:00:00,3.0478015
EIA_66688,2026-05-28 20:00:00,190.84428
EIA_66739,2026-05-28 20:00:00,1.5
EIA_66740,2026-05-28 20:00:00,1.5
EIA_66756,2026-05-28 20:00:00,40.8
EIA_66760,2026-05-28 20:00:00,3.0
EIA_66774,2026-05-28 20:00:00,408.9
EIA_66775,2026-05-28 20:00:00,200.0
EIA_66827,2026-05-28 20:00:00,2.2085905
EIA_66840,2026-05-28 20:00:00,51.1
EIA_66842,2026-05-28 20:00:00,64.0
EIA_66844,2026-05-28 20:00:00,150.0
EIA_66860,2026-05-28 20:00:00,100.0
EIA_66872,2026-05-28 20:00:00,166.53746
EIA_66886,2026-05-28 20:00:00,2.4
EIA_66890,2026-05-28 20:00:00,16.712492
EIA_66892,2026-05-28 20:00:00,2.6514556
EIA_66897,2026-05-28 20:00:00,95.07526
EIA_66899,2026-05-28 20:00:00,3.7969697
EIA_66903,2026-05-28 20:00:00,310.0
EIA_66951,2026-05-28 20:00:00,163.38629
EIA_66983,2026-05-28 20:00:00,13.5
EIA_67007,2026-05-28 20:00:00,20.0
EIA_67022,2026-05-28 20:00:00,175.0
EIA_67033,2026-05-28 20:00:00,1.115209
EIA_67038,2026-05-28 20:00:00,85.35114
EIA_67046,2026-05-28 20:00:00,210.0
EIA_67075,2026-05-28 20:00:00,200.0
EIA_67076,2026-05-28 20:00:00,175.69067
EIA_67080,2026-05-28 20:00:00,4.8
EIA_67086,2026-05-28 20:00:00,0.7644816
EIA_67124,2026-05-28 20:00:00,1.5
EIA_67125,2026-05-28 20:00:00,3.2805367
EIA_67126,2026-05-28 20:00:00,4.3
EIA_67129,2026-05-28 20:00:00,100.0
EIA_67133,2026-05-28 20:00:00,4.8
EIA_67135,2026-05-28 20:00:00,3.2956405
EIA_67158,2026-05-28 20:00:00,1.3
EIA_67169,2026-05-28 20:00:00,3.149859
EIA_67174,2026-05-28 20:00:00,10.0
EIA_67177,2026-05-28 20:00:00,153.0
EIA_67201,2026-05-28 20:00:00,9.8
EIA_67204,2026-05-28 20:00:00,100.0
EIA_67216,2026-05-28 20:00:00,18.8
EIA_67217,2026-05-28 20:00:00,20.0
EIA_67218,2026-05-28 20:00:00,20.0
EIA_67219,2026-05-28 20:00:00,20.0
EIA_67234,2026-05-28 20:00:00,0.4874591
EIA_67254,2026-05-28 20:00:00,1.1301916
EIA_67255,2026-05-28 20:00:00,2.0
EIA_67256,2026-05-28 20:00:00,2.0
EIA_67277,2026-05-28 20:00:00,0.4718964
EIA_67288,2026-05-28 20:00:00,2.8197644
EIA_67322,2026-05-28 20:00:00,11.2
EIA_67374,2026-05-28 20:00:00,5.0
EIA_67391,2026-05-28 20:00:00,3.97069
EIA_67412,2026-05-28 20:00:00,3.9381332
EIA_67421,2026-05-28 20:00:00,84.4
EIA_67437,2026-05-28 20:00:00,2.4478283
EIA_67447,2026-05-28 20:00:00,0.8098287
EIA_67469,2026-05-28 20:00:00,0.67327195
EIA_67474,2026-05-28 20:00:00,300.0
EIA_67490,2026-05-28 20:00:00,5.6
EIA_67497,2026-05-28 20:00:00,100.0
EIA_67503,2026-05-28 20:00:00,170.0
EIA_67511,2026-05-28 20:00:00,200.0
EIA_67528,2026-05-28 20:00:00,150.0
EIA_67532,2026-05-28 20:00:00,5.0
EIA_67539,2026-05-28 20:00:00,1.6
EIA_67540,2026-05-28 20:00:00,2.3
EIA_67546,2026-05-28 20:00:00,1.0
EIA_67554,2026-05-28 20:00:00,2.0
EIA_67583,2026-05-28 20:00:00,1.3
EIA_67584,2026-05-28 20:00:00,2.486644
EIA_67597,2026-05-28 20:00:00,11.8
EIA_67600,2026-05-28 20:00:00,2.319472
EIA_67623,2026-05-28 20:00:00,2.0
EIA_67624,2026-05-28 20:00:00,2.0
EIA_67628,2026-05-28 20:00:00,2.0
EIA_67644,2026-05-28 20:00:00,5.0
EIA_67675,2026-05-28 20:00:00,65.0
EIA_67678,2026-05-28 20:00:00,140.0
EIA_67684,2026-05-28 20:00:00,2.0
EIA_67686,2026-05-28 20:00:00,4.9
EIA_67687,2026-05-28 20:00:00,2.0
EIA_67688,2026-05-28 20:00:00,2.0
EIA_67703,2026-05-28 20:00:00,5.0
EIA_67704,2026-05-28 20:00:00,1.4
EIA_67705,2026-05-28 20:00:00,2.3
EIA_67713,2026-05-28 20:00:00,4.0
EIA_67714,2026-05-28 20:00:00,1.5
EIA_67715,2026-05-28 20:00:00,2.0
EIA_67716,2026-05-28 20:00:00,1.9
EIA_67717,2026-05-28 20:00:00,2.0
EIA_67718,2026-05-28 20:00:00,1.9
EIA_67719,2026-05-28 20:00:00,2.0
EIA_67727,2026-05-28 20:00:00,6.0
EIA_67728,2026-05-28 20:00:00,5.0
EIA_67735,2026-05-28 20:00:00,250.0
EIA_67751,2026-05-28 20:00:00,2.0
EIA_67762,2026-05-28 20:00:00,240.12904
EIA_67765,2026-05-28 20:00:00,150.0
EIA_67793,2026-05-28 20:00:00,0.46921566
EIA_67797,2026-05-28 20:00:00,160.0
EIA_67804,2026-05-28 20:00:00,2.0
EIA_67822,2026-05-28 20:00:00,2.0
EIA_67823,2026-05-28 20:00:00,235.0
EIA_67834,2026-05-28 20:00:00,48.0
EIA_67850,2026-05-28 20:00:00,42.0
EIA_67859,2026-05-28 20:00:00,3.759686
EIA_67864,2026-05-28 20:00:00,1.9882604
EIA_67867,2026-05-28 20:00:00,67.2
EIA_67872,2026-05-28 20:00:00,150.0
EIA_67873,2026-05-28 20:00:00,60.0
EIA_67900,2026-05-28 20:00:00,0.5781872
EIA_67901,2026-05-28 20:00:00,0.2168202
EIA_67930,2026-05-28 20:00:00,200.0
EIA_67943,2026-05-28 20:00:00,3.0
EIA_67957,2026-05-28 20:00:00,38.06875
EIA_67964,2026-05-28 20:00:00,150.0
EIA_67965,2026-05-28 20:00:00,1.3
EIA_67969,2026-05-28 20:00:00,22.0
EIA_67979,2026-05-28 20:00:00,1.071155
EIA_67997,2026-05-28 20:00:00,15.873801
EIA_68008,2026-05-28 20:00:00,5.0
EIA_68010,2026-05-28 20:00:00,4.380259
EIA_68023,2026-05-28 20:00:00,12.0
EIA_68025,2026-05-28 20:00:00,3.0
EIA_68026,2026-05-28 20:00:00,4.8
EIA_68037,2026-05-28 20:00:00,0.37028453
EIA_68060,2026-05-28 20:00:00,75.0
EIA_68077,2026-05-28 20:00:00,20.0
EIA_68088,2026-05-28 20:00:00,126.31813
EIA_68096,2026-05-28 20:00:00,2.7780414
EIA_68102,2026-05-28 20:00:00,2.0319073
EIA_68106,2026-05-28 20:00:00,100.0
EIA_68107,2026-05-28 20:00:00,6.5
EIA_68108,2026-05-28 20:00:00,7.5
EIA_68109,2026-05-28 20:00:00,1.3
EIA_68113,2026-05-28 20:00:00,1.9879847
EIA_68114,2026-05-28 20:00:00,4.3185296
EIA_68157,2026-05-28 20:00:00,1.0
EIA_68163,2026-05-28 20:00:00,2.3331144
EIA_68188,2026-05-28 20:00:00,5.0
EIA_68190,2026-05-28 20:00:00,5.0
EIA_68200,2026-05-28 20:00:00,213.0287
EIA_68223,2026-05-28 20:00:00,40.8
EIA_68235,2026-05-28 20:00:00,1.1
EIA_68259,2026-05-28 20:00:00,1.3039213
EIA_68276,2026-05-28 20:00:00,10.145719
EIA_68279,2026-05-28 20:00:00,1.1
EIA_68281,2026-05-28 20:00:00,300.0
EIA_68286,2026-05-28 20:00:00,1.8104256
EIA_68327,2026-05-28 20:00:00,1.3046162
EIA_68372,2026-05-28 20:00:00,52.67537
EIA_68398,2026-05-28 20:00:00,5.0
EIA_68418,2026-05-28 20:00:00,120.0
EIA_68427,2026-05-28 20:00:00,10.099021
EIA_68431,2026-05-28 20:00:00,240.0
EIA_68436,2026-05-28 20:00:00,0.8904249
EIA_68442,2026-05-28 20:00:00,4.0
EIA_68458,2026-05-28 20:00:00,250.0
EIA_68470,2026-05-28 20:00:00,180.0
EIA_68472,2026-05-28 20:00:00,56.96078
EIA_68482,2026-05-28 20:00:00,49.9
EIA_68483,2026-05-28 20:00:00,225.0
EIA_68488,2026-05-28 20:00:00,80.0
EIA_68489,2026-05-28 20:00:00,2.0
EIA_68516,2026-05-28 20:00:00,77.88797
EIA_68523,2026-05-28 20:00:00,0.55054677
EIA_68524,2026-05-28 20:00:00,0.550546
EIA_68525,2026-05-28 20:00:00,0.5505459
EIA_68530,2026-05-28 20:00:00,2.0
EIA_68534,2026-05-28 20:00:00,150.0
EIA_68536,2026-05-28 20:00:00,200.0
EIA_68537,2026-05-28 20:00:00,145.0
EIA_68538,2026-05-28 20:00:00,2.3
EIA_68540,2026-05-28 20:00:00,1.3
EIA_68544,2026-05-28 20:00:00,2.0
EIA_68550,2026-05-28 20:00:00,2.0912442
EIA_68551,2026-05-28 20:00:00,8.379467
EIA_68587,2026-05-28 20:00:00,100.0
EIA_68588,2026-05-28 20:00:00,100.0
EIA_68595,2026-05-28 20:00:00,41.450153
EIA_68615,2026-05-28 20:00:00,0.57092565
EIA_68670,2026-05-28 20:00:00,52.30327
EIA_68674,2026-05-28 20:00:00,2.3686883
EIA_68682,2026-05-28 20:00:00,2.8251276
EIA_68706,2026-05-28 20:00:00,5.789443
EIA_68708,2026-05-28 20:00:00,4.0729685
EIA_68729,2026-05-28 20:00:00,1.195682
EIA_68754,2026-05-28 20:00:00,4.3
EIA_68756,2026-05-28 20:00:00,5.0
EIA_68757,2026-05-28 20:00:00,3.201163
EIA_68776,2026-05-28 20:00:00,237.1
EIA_68791,2026-05-28 20:00:00,1.1
EIA_68794,2026-05-28 20:00:00,1.4230455
EIA_68795,2026-05-28 20:00:00,1.5826585
EIA_68796,2026-05-28 20:00:00,1.1
EIA_68803,2026-05-28 20:00:00,1.5
EIA_68817,2026-05-28 20:00:00,37.58887
EIA_68820,2026-05-28 20:00:00,32.60024
EIA_68822,2026-05-28 20:00:00,47.72608
EIA_68823,2026-05-28 20:00:00,25.241602
EIA_68838,2026-05-28 20:00:00,515.0
EIA_68846,2026-05-28 20:00:00,148.0
EIA_68856,2026-05-28 20:00:00,54.062656
EIA_68880,2026-05-28 20:00:00,150.0
EIA_68885,2026-05-28 20:00:00,3.0
EIA_68886,2026-05-28 20:00:00,3.0
EIA_68892,2026-05-28 20:00:00,0.91533256
EIA_68894,2026-05-28 20:00:00,150.0
EIA_68906,2026-05-28 20:00:00,300.0
EIA_68919,2026-05-28 20:00:00,2.0
EIA_68921,2026-05-28 20:00:00,2.0
EIA_68927,2026-05-28 20:00:00,17.99213
EIA_68928,2026-05-28 20:00:00,10.8
EIA_68941,2026-05-28 20:00:00,1.2756823
EIA_68943,2026-05-28 20:00:00,5.0
EIA_68944,2026-05-28 20:00:00,5.0
EIA_68945,2026-05-28 20:00:00,1.4061809
EIA_68957,2026-05-28 20:00:00,4.9931793
EIA_68960,2026-05-28 20:00:00,2.0
EIA_68964,2026-05-28 20:00:00,3.9
EIA_68966,2026-05-28 20:00:00,3.0
EIA_68971,2026-05-28 20:00:00,5.0
EIA_68991,2026-05-28 20:00:00,4.6988387
EIA_68998,2026-05-28 20:00:00,120.0
EIA_69002,2026-05-28 20:00:00,5.0
EIA_69009,2026-05-28 20:00:00,1.5556444
EIA_69014,2026-05-28 20:00:00,4.4986157
EIA_69015,2026-05-28 20:00:00,5.0
EIA_69016,2026-05-28 20:00:00,4.5
EIA_69017,2026-05-28 20:00:00,3.477142
EIA_69018,2026-05-28 20:00:00,1.9706033
EIA_69027,2026-05-28 20:00:00,100.0
EIA_69031,2026-05-28 20:00:00,2.0
EIA_69032,2026-05-28 20:00:00,3.6
EIA_69033,2026-05-28 20:00:00,4.9
EIA_69039,2026-05-28 20:00:00,1.8762254
EIA_69042,2026-05-28 20:00:00,10.8
EIA_69043,2026-05-28 20:00:00,5.0
EIA_69046,2026-05-28 20:00:00,2.0
EIA_69048,2026-05-28 20:00:00,1.0
EIA_69051,2026-05-28 20:00:00,3.0
EIA_69061,2026-05-28 20:00:00,5.0
EIA_69062,2026-05-28 20:00:00,5.0
EIA_69063,2026-05-28 20:00:00,200.0
EIA_69066,2026-05-28 20:00:00,5.0
EIA_69068,2026-05-28 20:00:00,1.3098387
EIA_69070,2026-05-28 20:00:00,5.0
EIA_69078,2026-05-28 20:00:00,5.0
EIA_69086,2026-05-28 20:00:00,5.0
EIA_69095,2026-05-28 20:00:00,3.6890705
EIA_69096,2026-05-28 20:00:00,4.9339466
EIA_69100,2026-05-28 20:00:00,325.0
EIA_69101,2026-05-28 20:00:00,200.0
EIA_69103,2026-05-28 20:00:00,5.0
EIA_69104,2026-05-28 20:00:00,5.0
EIA_69106,2026-05-28 20:00:00,4.3142395
EIA_69107,2026-05-28 20:00:00,5.0
EIA_69109,2026-05-28 20:00:00,0.7093174
EIA_69112,2026-05-28 20:00:00,1.3
EIA_69113,2026-05-28 20:00:00,2.7
EIA_69114,2026-05-28 20:00:00,0.7543749
EIA_69115,2026-05-28 20:00:00,1.0
EIA_69116,2026-05-28 20:00:00,2.5
EIA_69117,2026-05-28 20:00:00,1.0
EIA_69118,2026-05-28 20:00:00,0.47717345
EIA_69123,2026-05-28 20:00:00,0.82692343
EIA_69124,2026-05-28 20:00:00,0.85923034
EIA_69125,2026-05-28 20:00:00,0.629944
EIA_69126,2026-05-28 20:00:00,0.6331386
EIA_69127,2026-05-28 20:00:00,1.0
EIA_69129,2026-05-28 20:00:00,1.3
EIA_69130,2026-05-28 20:00:00,3.4806614
EIA_69131,2026-05-28 20:00:00,1.9
EIA_69132,2026-05-28 20:00:00,1.7
EIA_69133,2026-05-28 20:00:00,1.0899826
EIA_69134,2026-05-28 20:00:00,1.5104572
EIA_69135,2026-05-28 20:00:00,1.0
EIA_69137,2026-05-28 20:00:00,3.4198837
EIA_69140,2026-05-28 20:00:00,1.3
EIA_69141,2026-05-28 20:00:00,4.0
EIA_69142,2026-05-28 20:00:00,1.0
EIA_69143,2026-05-28 20:00:00,120.0
EIA_69145,2026-05-28 20:00:00,0.5754892
EIA_69153,2026-05-28 20:00:00,4.3111653
EIA_69154,2026-05-28 20:00:00,4.052541
EIA_69161,2026-05-28 20:00:00,2.0
EIA_69163,2026-05-28 20:00:00,2.0
EIA_69164,2026-05-28 20:00:00,150.0
EIA_69166,2026-05-28 20:00:00,166.4322
EIA_69172,2026-05-28 20:00:00,80.0
EIA_69179,2026-05-28 20:00:00,2.5809608
EIA_69183,2026-05-28 20:00:00,2.0
EIA_69187,2026-05-28 20:00:00,15.006464
EIA_69188,2026-05-28 20:00:00,2.9
EIA_69190,2026-05-28 20:00:00,1.6
EIA_69192,2026-05-28 20:00:00,10.0
EIA_69193,2026-05-28 20:00:00,2.5
EIA_69201,2026-05-28 20:00:00,2.0
EIA_69210,2026-05-28 20:00:00,1.1
EIA_69212,2026-05-28 20:00:00,4.5373073
EIA_69213,2026-05-28 20:00:00,5.0
EIA_69214,2026-05-28 20:00:00,5.0
EIA_69216,2026-05-28 20:00:00,5.0
EIA_69219,2026-05-28 20:00:00,3.0
EIA_69221,2026-05-28 20:00:00,1.2
EIA_69227,2026-05-28 20:00:00,1.5948526
EIA_69228,2026-05-28 20:00:00,5.0
EIA_69230,2026-05-28 20:00:00,5.0
EIA_69233,2026-05-28 20:00:00,0.9798175
EIA_69235,2026-05-28 20:00:00,20.0
EIA_69236,2026-05-28 20:00:00,50.0
EIA_69240,2026-05-28 20:00:00,4.472637
EIA_69241,2026-05-28 20:00:00,4.5
EIA_69243,2026-05-28 20:00:00,2.6
EIA_69247,2026-05-28 20:00:00,0.19082437
EIA_69248,2026-05-28 20:00:00,1.0
EIA_69261,2026-05-28 20:00:00,10.0
EIA_69263,2026-05-28 20:00:00,10.0
EIA_69264,2026-05-28 20:00:00,3.5
EIA_69265,2026-05-28 20:00:00,7.090594
EIA_69273,2026-05-28 20:00:00,0.22724004
EIA_69280,2026-05-28 20:00:00,4.6620884
EIA_69281,2026-05-28 20:00:00,4.6619053
EIA_69284,2026-05-28 20:00:00,0.6389002
EIA_69285,2026-05-28 20:00:00,2.0584702
EIA_69287,2026-05-28 20:00:00,9.9
EIA_69288,2026-05-28 20:00:00,1.6
EIA_69289,2026-05-28 20:00:00,8.836076
EIA_69303,2026-05-28 20:00:00,1.0
EIA_69304,2026-05-28 20:00:00,1.0
EIA_69306,2026-05-28 20:00:00,8.8
EIA_69307,2026-05-28 20:00:00,1.0
EIA_69314,2026-05-28 20:00:00,2.0
EIA_69315,2026-05-28 20:00:00,5.0
EIA_69316,2026-05-28 20:00:00,5.0
EIA_69317,2026-05-28 20:00:00,5.0
EIA_69319,2026-05-28 20:00:00,194.36876
EIA_69320,2026-05-28 20:00:00,480.0
EIA_69321,2026-05-28 20:00:00,144.80472
EIA_69325,2026-05-28 20:00:00,2.0
EIA_69326,2026-05-28 20:00:00,2.0
EIA_69328,2026-05-28 20:00:00,4.1
EIA_69330,2026-05-28 20:00:00,5.0
EIA_69354,2026-05-28 20:00:00,20.794361
EIA_69355,2026-05-28 20:00:00,13.891998
EIA_69368,2026-05-28 20:00:00,4.5
EIA_69370,2026-05-28 20:00:00,1.8
EIA_69374,2026-05-28 20:00:00,1.4979807
EIA_69378,2026-05-28 20:00:00,1.5
EIA_69379,2026-05-28 20:00:00,0.86705077
EIA_69380,2026-05-28 20:00:00,0.76305467
EIA_69381,2026-05-28 20:00:00,1.4699012
EIA_69382,2026-05-28 20:00:00,0.6112397
EIA_69386,2026-05-28 20:00:00,0.027303917
EIA_69387,2026-05-28 20:00:00,5.0
EIA_69388,2026-05-28 20:00:00,100.0
EIA_69389,2026-05-28 20:00:00,5.0
EIA_69390,2026-05-28 20:00:00,5.0
EIA_69391,2026-05-28 20:00:00,2.5294259
EIA_69395,2026-05-28 20:00:00,0.074163586
EIA_69396,2026-05-28 20:00:00,2.4
EIA_69397,2026-05-28 20:00:00,2.0
EIA_69398,2026-05-28 20:00:00,0.28486487
EIA_69399,2026-05-28 20:00:00,0.11286031
EIA_69400,2026-05-28 20:00:00,5.0
EIA_69401,2026-05-28 20:00:00,5.0
EIA_69402,2026-05-28 20:00:00,3.443569
EIA_69405,2026-05-28 20:00:00,2.9536908
EIA_69406,2026-05-28 20:00:00,2.9536078
EIA_69408,2026-05-28 20:00:00,1.737915
EIA_69409,2026-05-28 20:00:00,5.0
EIA_69410,2026-05-28 20:00:00,4.3423824
EIA_69412,2026-05-28 20:00:00,2.6054294
EIA_69414,2026-05-28 20:00:00,270.0
EIA_69419,2026-05-28 20:00:00,5.0
EIA_69420,2026-05-28 20:00:00,2.0
EIA_69421,2026-05-28 20:00:00,5.0
EIA_69425,2026-05-28 20:00:00,1.7722156
EIA_69428,2026-05-28 20:00:00,250.0
EIA_69430,2026-05-28 20:00:00,6.0
EIA_69431,2026-05-28 20:00:00,5.0
EIA_69432,2026-05-28 20:00:00,6.0
EIA_69433,2026-05-28 20:00:00,6.0
EIA_69434,2026-05-28 20:00:00,2.0
EIA_69439,2026-05-28 20:00:00,5.0
EIA_69440,2026-05-28 20:00:00,5.0
EIA_69441,2026-05-28 20:00:00,2.6
EIA_69442,2026-05-28 20:00:00,5.0
EIA_69443,2026-05-28 20:00:00,0.991313
EIA_69447,2026-05-28 20:00:00,2.0
EIA_69448,2026-05-28 20:00:00,4.0
EIA_69476,2026-05-28 20:00:00,100.0
EIA_69483,2026-05-28 20:00:00,2.8
EIA_69484,2026-05-28 20:00:00,3.0
EIA_69485,2026-05-28 20:00:00,2.5
EIA_69486,2026-05-28 20:00:00,2.5
EIA_69487,2026-05-28 20:00:00,2.5
EIA_69488,2026-05-28 20:00:00,2.5
EIA_69489,2026-05-28 20:00:00,3.0
EIA_69490,2026-05-28 20:00:00,2.5
EIA_69491,2026-05-28 20:00:00,2.5
EIA_69492,2026-05-28 20:00:00,2.5
EIA_69493,2026-05-28 20:00:00,2.5
EIA_69494,2026-05-28 20:00:00,2.5
EIA_69495,2026-05-28 20:00:00,2.5
EIA_69498,2026-05-28 20:00:00,8.8
EIA_69499,2026-05-28 20:00:00,0.60765815
EIA_69500,2026-05-28 20:00:00,3.8
EIA_69501,2026-05-28 20:00:00,6.0
EIA_69502,2026-05-28 20:00:00,4.0
EIA_69503,2026-05-28 20:00:00,6.0
EIA_69505,2026-05-28 20:00:00,14.8
EIA_69518,2026-05-28 20:00:00,2.0
EIA_69519,2026-05-28 20:00:00,3.0
EIA_69525,2026-05-28 20:00:00,4.3
EIA_69526,2026-05-28 20:00:00,5.0
EIA_69527,2026-05-28 20:00:00,5.0
EIA_69528,2026-05-28 20:00:00,3.0
EIA_69529,2026-05-28 20:00:00,5.0
EIA_69530,2026-05-28 20:00:00,5.0
EIA_69531,2026-05-28 20:00:00,2.9800916
EIA_69532,2026-05-28 20:00:00,4.732523
EIA_69536,2026-05-28 20:00:00,5.3
EIA_69538,2026-05-28 20:00:00,43.380306
EIA_69542,2026-05-28 20:00:00,5.0
EIA_69543,2026-05-28 20:00:00,3.120911
EIA_69544,2026-05-28 20:00:00,2.0000827
EIA_69545,2026-05-28 20:00:00,0.24725561
EIA_69546,2026-05-28 20:00:00,2.356064
EIA_69550,2026-05-28 20:00:00,117.0
EIA_69557,2026-05-28 20:00:00,5.0
EIA_69561,2026-05-28 20:00:00,4.0
EIA_69563,2026-05-28 20:00:00,1.5041751
EIA_69564,2026-05-28 20:00:00,1.9
EIA_69565,2026-05-28 20:00:00,4.9
EIA_69567,2026-05-28 20:00:00,3.0
EIA_69568,2026-05-28 20:00:00,0.6750945
EIA_69569,2026-05-28 20:00:00,2.6541836
EIA_69570,2026-05-28 20:00:00,12.0
EIA_69571,2026-05-28 20:00:00,0.63510036
EIA_69572,2026-05-28 20:00:00,5.0
EIA_69573,2026-05-28 20:00:00,5.0
EIA_69580,2026-05-28 20:00:00,1.1
EIA_69581,2026-05-28 20:00:00,1.5275313
EIA_69587,2026-05-28 20:00:00,1.4
EIA_69596,2026-05-28 20:00:00,3.529631
EIA_69597,2026-05-28 20:00:00,4.4119644
EIA_69598,2026-05-28 20:00:00,2.0
EIA_69599,2026-05-28 20:00:00,2.0
EIA_69600,2026-05-28 20:00:00,4.368456
EIA_69601,2026-05-28 20:00:00,1.7473421
EIA_69604,2026-05-28 20:00:00,19.9
EIA_69612,2026-05-28 20:00:00,4.995783
EIA_69613,2026-05-28 20:00:00,4.995934
EIA_69615,2026-05-28 20:00:00,4.9959254
EIA_69617,2026-05-28 20:00:00,2.8
EIA_69618,2026-05-28 20:00:00,2.2966096
EIA_69621,2026-05-28 20:00:00,1.551016
EIA_69622,2026-05-28 20:00:00,3.3331943
EIA_69623,2026-05-28 20:00:00,2.0
EIA_69624,2026-05-28 20:00:00,5.0
EIA_69630,2026-05-28 20:00:00,1.0
EIA_69645,2026-05-28 20:00:00,1.0
EIA_69646,2026-05-28 20:00:00,1.0
EIA_69651,2026-05-28 20:00:00,2.0
EIA_69652,2026-05-28 20:00:00,2.0
EIA_69653,2026-05-28 20:00:00,2.0
EIA_69655,2026-05-28 20:00:00,5.0
EIA_69656,2026-05-28 20:00:00,2.3
EIA_69675,2026-05-28 20:00:00,273.6
EIA_69676,2026-05-28 20:00:00,17.787077
EIA_69680,2026-05-28 20:00:00,113.1
EIA_69682,2026-05-28 20:00:00,1.0
EIA_69683,2026-05-28 20:00:00,1.3
EIA_69686,2026-05-28 20:00:00,8.3
EIA_69692,2026-05-28 20:00:00,5.0
EIA_69693,2026-05-28 20:00:00,0.46806338
EIA_69696,2026-05-28 20:00:00,2.2
EIA_69700,2026-05-28 20:00:00,4.7
EIA_69703,2026-05-28 20:00:00,3.3
EIA_69705,2026-05-28 20:00:00,0.13276476
EIA_69707,2026-05-28 20:00:00,1.0
EIA_69709,2026-05-28 20:00:00,0.9451598
EIA_69712,2026-05-28 20:00:00,0.6
EIA_69714,2026-05-28 20:00:00,2.6591194
EIA_69715,2026-05-28 20:00:00,0.9450998
EIA_69716,2026-05-28 20:00:00,4.0
EIA_69717,2026-05-28 20:00:00,5.0
EIA_69718,2026-05-28 20:00:00,4.8
EIA_69719,2026-05-28 20:00:00,2.7871232
EIA_69729,2026-05-28 20:00:00,2.570481
EIA_69730,2026-05-28 20:00:00,2.9
EIA_69731,2026-05-28 20:00:00,1.3
EIA_69732,2026-05-28 20:00:00,4.0037737
EIA_69733,2026-05-28 20:00:00,3.6033492
EIA_69734,2026-05-28 20:00:00,1.4
EIA_69735,2026-05-28 20:00:00,5.0
EIA_69736,2026-05-28 20:00:00,0.7616895
EIA_69737,2026-05-28 20:00:00,2.5
EIA_69739,2026-05-28 20:00:00,4.8
EIA_69740,2026-05-28 20:00:00,7.2
EIA_69744,2026-05-28 20:00:00,2.4048429
EIA_69746,2026-05-28 20:00:00,1.5541242
EIA_69748,2026-05-28 20:00:00,525.0
EIA_69754,2026-05-28 20:00:00,2.2782266
EIA_69757,2026-05-28 20:00:00,2.6
EIA_69758,2026-05-28 20:00:00,2.0
EIA_69759,2026-05-28 20:00:00,1.3300165
EIA_69774,2026-05-28 20:00:00,2.4
EIA_69800,2026-05-28 20:00:00,5.0
EIA_69801,2026-05-28 20:00:00,2.0
EIA_69802,2026-05-28 20:00:00,3.5
EIA_69822,2026-05-28 20:00:00,0.41391483
EIA_69824,2026-05-28 20:00:00,1.4633337
EIA_69856,2026-05-28 20:00:00,3.0
EIA_69863,2026-05-28 20:00:00,3.5763388
EIA_69875,2026-05-28 20:00:00,117.0
EIA_141,2026-05-28 21:00:00,0.2
EIA_960,2026-05-28 21:00:00,0.3
EIA_1172,2026-05-28 21:00:00,0.8
EIA_1187,2026-05-28 21:00:00,0.79715407
EIA_10224,2026-05-28 21:00:00,0.13135014
EIA_10823,2026-05-28 21:00:00,0.06032577
EIA_50026,2026-05-28 21:00:00,27.5
EIA_50061,2026-05-28 21:00:00,0.8
EIA_56322,2026-05-28 21:00:00,0.5
EIA_57775,2026-05-28 21:00:00,0.5
EIA_57785,2026-05-28 21:00:00,5.0
EIA_57806,2026-05-28 21:00:00,0.3885005
EIA_58173,2026-05-28 21:00:00,0.1
EIA_58413,2026-05-28 21:00:00,50.79357
EIA_58422,2026-05-28 21:00:00,1.3
EIA_58556,2026-05-28 21:00:00,10.1
EIA_58689,2026-05-28 21:00:00,1.3
EIA_58899,2026-05-28 21:00:00,0.5
EIA_59133,2026-05-28 21:00:00,1.0
EIA_59272,2026-05-28 21:00:00,1.5
EIA_59776,2026-05-28 21:00:00,0.2
EIA_59786,2026-05-28 21:00:00,3.0
EIA_59988,2026-05-28 21:00:00,1.0265175
EIA_60452,2026-05-28 21:00:00,3.0
EIA_61703,2026-05-28 21:00:00,0.1
EIA_61796,2026-05-28 21:00:00,8.60802
EIA_61820,2026-05-28 21:00:00,0.8
EIA_61822,2026-05-28 21:00:00,0.2
EIA_61852,2026-05-28 21:00:00,300.0
EIA_61910,2026-05-28 21:00:00,7.0
EIA_61967,2026-05-28 21:00:00,125.0
EIA_61990,2026-05-28 21:00:00,0.1
EIA_62027,2026-05-28 21:00:00,0.7
EIA_62186,2026-05-28 21:00:00,2.0
EIA_62344,2026-05-28 21:00:00,2.0
EIA_62397,2026-05-28 21:00:00,1.1786158
EIA_62442,2026-05-28 21:00:00,0.5
EIA_62494,2026-05-28 21:00:00,250.0
EIA_62545,2026-05-28 21:00:00,1.7
EIA_62737,2026-05-28 21:00:00,5.0
EIA_62797,2026-05-28 21:00:00,100.0
EIA_63122,2026-05-28 21:00:00,1.0
EIA_63194,2026-05-28 21:00:00,300.0
EIA_63211,2026-05-28 21:00:00,250.0
EIA_63221,2026-05-28 21:00:00,1.0
EIA_63507,2026-05-28 21:00:00,60.0
EIA_63518,2026-05-28 21:00:00,61.41833
EIA_63542,2026-05-28 21:00:00,1.0
EIA_63882,2026-05-28 21:00:00,200.0
EIA_63884,2026-05-28 21:00:00,310.0
EIA_63946,2026-05-28 21:00:00,2.0
EIA_64117,2026-05-28 21:00:00,4.9
EIA_64132,2026-05-28 21:00:00,200.0
EIA_64210,2026-05-28 21:00:00,500.0
EIA_64222,2026-05-28 21:00:00,0.5718844
EIA_64223,2026-05-28 21:00:00,0.5670109
EIA_64430,2026-05-28 21:00:00,140.0
EIA_64442,2026-05-28 21:00:00,0.06434254
EIA_64446,2026-05-28 21:00:00,0.5
EIA_64509,2026-05-28 21:00:00,0.5
EIA_64512,2026-05-28 21:00:00,0.48371178
EIA_64513,2026-05-28 21:00:00,0.5
EIA_64536,2026-05-28 21:00:00,135.0
EIA_64564,2026-05-28 21:00:00,131.0
EIA_64567,2026-05-28 21:00:00,20.0
EIA_64729,2026-05-28 21:00:00,1.0
EIA_64745,2026-05-28 21:00:00,150.0
EIA_64858,2026-05-28 21:00:00,110.0
EIA_65006,2026-05-28 21:00:00,1.0
EIA_65024,2026-05-28 21:00:00,1.0
EIA_65072,2026-05-28 21:00:00,0.27088824
EIA_65139,2026-05-28 21:00:00,3.0
EIA_65149,2026-05-28 21:00:00,4.0
EIA_65279,2026-05-28 21:00:00,1.8621668
EIA_65401,2026-05-28 21:00:00,51.8
EIA_65405,2026-05-28 21:00:00,45.0
EIA_65442,2026-05-28 21:00:00,1.0
EIA_65443,2026-05-28 21:00:00,1.0
EIA_65445,2026-05-28 21:00:00,23.901014
EIA_65463,2026-05-28 21:00:00,543.9999
EIA_65468,2026-05-28 21:00:00,0.5
EIA_65480,2026-05-28 21:00:00,145.0
EIA_65507,2026-05-28 21:00:00,2.3
EIA_65508,2026-05-28 21:00:00,2.0
EIA_65515,2026-05-28 21:00:00,1.0
EIA_65516,2026-05-28 21:00:00,1.0
EIA_65527,2026-05-28 21:00:00,2.5
EIA_65572,2026-05-28 21:00:00,250.0
EIA_65616,2026-05-28 21:00:00,2.6
EIA_65644,2026-05-28 21:00:00,326.6
EIA_65659,2026-05-28 21:00:00,1.0
EIA_65827,2026-05-28 21:00:00,5.0
EIA_65849,2026-05-28 21:00:00,180.0
EIA_65885,2026-05-28 21:00:00,0.13309701
EIA_65887,2026-05-28 21:00:00,11.105014
EIA_65888,2026-05-28 21:00:00,74.5
EIA_65891,2026-05-28 21:00:00,131.0
EIA_65894,2026-05-28 21:00:00,210.0
EIA_65905,2026-05-28 21:00:00,15.972374
EIA_65911,2026-05-28 21:00:00,22.039234
EIA_65913,2026-05-28 21:00:00,28.838182
EIA_65940,2026-05-28 21:00:00,1.5
EIA_66027,2026-05-28 21:00:00,38.0
EIA_66107,2026-05-28 21:00:00,20.0
EIA_66256,2026-05-28 21:00:00,3.327463
EIA_66352,2026-05-28 21:00:00,5.0
EIA_66356,2026-05-28 21:00:00,5.0
EIA_66432,2026-05-28 21:00:00,2.0
EIA_66433,2026-05-28 21:00:00,1.0
EIA_66435,2026-05-28 21:00:00,1.0
EIA_66449,2026-05-28 21:00:00,0.67572623
EIA_66495,2026-05-28 21:00:00,2.6891718
EIA_66520,2026-05-28 21:00:00,1.9092637
EIA_66523,2026-05-28 21:00:00,5.0
EIA_66647,2026-05-28 21:00:00,100.0
EIA_66649,2026-05-28 21:00:00,200.0
EIA_66654,2026-05-28 21:00:00,0.05494702
EIA_66656,2026-05-28 21:00:00,0.05494702
EIA_66670,2026-05-28 21:00:00,150.0
EIA_66681,2026-05-28 21:00:00,1.4131477
EIA_66688,2026-05-28 21:00:00,136.72563
EIA_66739,2026-05-28 21:00:00,1.5
EIA_66740,2026-05-28 21:00:00,1.5
EIA_66756,2026-05-28 21:00:00,40.8
EIA_66760,2026-05-28 21:00:00,3.0
EIA_66774,2026-05-28 21:00:00,408.9
EIA_66775,2026-05-28 21:00:00,200.0
EIA_66827,2026-05-28 21:00:00,1.5796287
EIA_66840,2026-05-28 21:00:00,51.1
EIA_66842,2026-05-28 21:00:00,45.950005
EIA_66844,2026-05-28 21:00:00,150.0
EIA_66860,2026-05-28 21:00:00,100.0
EIA_66872,2026-05-28 21:00:00,76.08996
EIA_66886,2026-05-28 21:00:00,2.4
EIA_66890,2026-05-28 21:00:00,10.864715
EIA_66892,2026-05-28 21:00:00,2.5063422
EIA_66897,2026-05-28 21:00:00,97.5
EIA_66899,2026-05-28 21:00:00,5.8
EIA_66903,2026-05-28 21:00:00,310.0
EIA_66951,2026-05-28 21:00:00,158.95168
EIA_66983,2026-05-28 21:00:00,13.5
EIA_67007,2026-05-28 21:00:00,20.0
EIA_67022,2026-05-28 21:00:00,175.0
EIA_67033,2026-05-28 21:00:00,2.3218353
EIA_67038,2026-05-28 21:00:00,135.0
EIA_67046,2026-05-28 21:00:00,210.0
EIA_67075,2026-05-28 21:00:00,200.0
EIA_67076,2026-05-28 21:00:00,191.54868
EIA_67080,2026-05-28 21:00:00,4.8
EIA_67086,2026-05-28 21:00:00,0.60190326
EIA_67124,2026-05-28 21:00:00,1.3278694
EIA_67125,2026-05-28 21:00:00,1.5512028
EIA_67126,2026-05-28 21:00:00,4.3
EIA_67129,2026-05-28 21:00:00,100.0
EIA_67133,2026-05-28 21:00:00,4.8
EIA_67135,2026-05-28 21:00:00,3.802244
EIA_67158,2026-05-28 21:00:00,1.3
EIA_67169,2026-05-28 21:00:00,4.699856
EIA_67174,2026-05-28 21:00:00,8.963759
EIA_67177,2026-05-28 21:00:00,145.58163
EIA_67201,2026-05-28 21:00:00,9.8
EIA_67204,2026-05-28 21:00:00,100.0
EIA_67216,2026-05-28 21:00:00,14.222735
EIA_67217,2026-05-28 21:00:00,18.690393
EIA_67218,2026-05-28 21:00:00,20.0
EIA_67219,2026-05-28 21:00:00,20.0
EIA_67234,2026-05-28 21:00:00,0.41433406
EIA_67254,2026-05-28 21:00:00,0.6653662
EIA_67255,2026-05-28 21:00:00,2.0
EIA_67256,2026-05-28 21:00:00,2.0
EIA_67277,2026-05-28 21:00:00,0.4836762
EIA_67288,2026-05-28 21:00:00,3.0
EIA_67322,2026-05-28 21:00:00,11.2
EIA_67374,2026-05-28 21:00:00,5.0
EIA_67391,2026-05-28 21:00:00,4.0
EIA_67412,2026-05-28 21:00:00,4.6660595
EIA_67421,2026-05-28 21:00:00,84.4
EIA_67437,2026-05-28 21:00:00,1.7632176
EIA_67447,2026-05-28 21:00:00,2.5
EIA_67469,2026-05-28 21:00:00,0.602625
EIA_67474,2026-05-28 21:00:00,300.0
EIA_67490,2026-05-28 21:00:00,5.0813684
EIA_67497,2026-05-28 21:00:00,100.0
EIA_67503,2026-05-28 21:00:00,161.84746
EIA_67511,2026-05-28 21:00:00,200.0
EIA_67528,2026-05-28 21:00:00,150.0
EIA_67532,2026-05-28 21:00:00,5.0
EIA_67539,2026-05-28 21:00:00,1.6
EIA_67540,2026-05-28 21:00:00,2.3
EIA_67546,2026-05-28 21:00:00,1.0
EIA_67554,2026-05-28 21:00:00,2.0
EIA_67583,2026-05-28 21:00:00,0.4987291
EIA_67584,2026-05-28 21:00:00,4.8
EIA_67597,2026-05-28 21:00:00,11.8
EIA_67600,2026-05-28 21:00:00,0.4141008
EIA_67623,2026-05-28 21:00:00,2.0
EIA_67624,2026-05-28 21:00:00,2.0
EIA_67628,2026-05-28 21:00:00,2.0
EIA_67644,2026-05-28 21:00:00,5.0
EIA_67675,2026-05-28 21:00:00,65.0
EIA_67678,2026-05-28 21:00:00,140.0
EIA_67684,2026-05-28 21:00:00,2.0
EIA_67686,2026-05-28 21:00:00,4.9
EIA_67687,2026-05-28 21:00:00,2.0
EIA_67688,2026-05-28 21:00:00,2.0
EIA_67703,2026-05-28 21:00:00,5.0
EIA_67704,2026-05-28 21:00:00,1.4
EIA_67705,2026-05-28 21:00:00,2.3
EIA_67713,2026-05-28 21:00:00,4.0
EIA_67714,2026-05-28 21:00:00,1.5
EIA_67715,2026-05-28 21:00:00,2.0
EIA_67716,2026-05-28 21:00:00,1.9
EIA_67717,2026-05-28 21:00:00,2.0
EIA_67718,2026-05-28 21:00:00,1.9
EIA_67719,2026-05-28 21:00:00,2.0
EIA_67727,2026-05-28 21:00:00,6.0
EIA_67728,2026-05-28 21:00:00,5.0
EIA_67735,2026-05-28 21:00:00,250.0
EIA_67751,2026-05-28 21:00:00,2.0
EIA_67762,2026-05-28 21:00:00,159.09222
EIA_67765,2026-05-28 21:00:00,119.18518
EIA_67793,2026-05-28 21:00:00,0.49398592
EIA_67797,2026-05-28 21:00:00,159.9594
EIA_67804,2026-05-28 21:00:00,2.0
EIA_67822,2026-05-28 21:00:00,2.0
EIA_67823,2026-05-28 21:00:00,235.0
EIA_67834,2026-05-28 21:00:00,48.0
EIA_67850,2026-05-28 21:00:00,42.0
EIA_67859,2026-05-28 21:00:00,4.0
EIA_67864,2026-05-28 21:00:00,6.728125
EIA_67867,2026-05-28 21:00:00,67.2
EIA_67872,2026-05-28 21:00:00,150.0
EIA_67873,2026-05-28 21:00:00,60.0
EIA_67900,2026-05-28 21:00:00,3.2
EIA_67901,2026-05-28 21:00:00,1.2
EIA_67930,2026-05-28 21:00:00,200.0
EIA_67943,2026-05-28 21:00:00,3.0
EIA_67957,2026-05-28 21:00:00,66.056206
EIA_67964,2026-05-28 21:00:00,150.0
EIA_67965,2026-05-28 21:00:00,1.3
EIA_67969,2026-05-28 21:00:00,22.0
EIA_67979,2026-05-28 21:00:00,1.9171292
EIA_67997,2026-05-28 21:00:00,28.9
EIA_68008,2026-05-28 21:00:00,5.0
EIA_68010,2026-05-28 21:00:00,4.643395
EIA_68023,2026-05-28 21:00:00,12.0
EIA_68025,2026-05-28 21:00:00,3.0
EIA_68026,2026-05-28 21:00:00,4.8
EIA_68037,2026-05-28 21:00:00,1.0832084
EIA_68060,2026-05-28 21:00:00,73.31274
EIA_68077,2026-05-28 21:00:00,20.0
EIA_68088,2026-05-28 21:00:00,52.462345
EIA_68096,2026-05-28 21:00:00,3.0
EIA_68102,2026-05-28 21:00:00,1.9383419
EIA_68106,2026-05-28 21:00:00,100.0
EIA_68107,2026-05-28 21:00:00,6.5
EIA_68108,2026-05-28 21:00:00,7.5
EIA_68109,2026-05-28 21:00:00,1.3
EIA_68113,2026-05-28 21:00:00,2.3
EIA_68114,2026-05-28 21:00:00,6.5
EIA_68157,2026-05-28 21:00:00,1.0
EIA_68163,2026-05-28 21:00:00,4.968158
EIA_68188,2026-05-28 21:00:00,5.0
EIA_68190,2026-05-28 21:00:00,5.0
EIA_68200,2026-05-28 21:00:00,253.12938
EIA_68223,2026-05-28 21:00:00,40.8
EIA_68235,2026-05-28 21:00:00,1.1
EIA_68259,2026-05-28 21:00:00,0.9021746
EIA_68276,2026-05-28 21:00:00,6.675214
EIA_68279,2026-05-28 21:00:00,0.2251887
EIA_68281,2026-05-28 21:00:00,289.5559
EIA_68286,2026-05-28 21:00:00,3.0922499
EIA_68327,2026-05-28 21:00:00,1.8056946
EIA_68372,2026-05-28 21:00:00,41.348186
EIA_68398,2026-05-28 21:00:00,5.0
EIA_68418,2026-05-28 21:00:00,120.0
EIA_68427,2026-05-28 21:00:00,4.3312764
EIA_68431,2026-05-28 21:00:00,240.0
EIA_68436,2026-05-28 21:00:00,0.4313763
EIA_68442,2026-05-28 21:00:00,4.0
EIA_68458,2026-05-28 21:00:00,250.0
EIA_68470,2026-05-28 21:00:00,180.0
EIA_68472,2026-05-28 21:00:00,7.0485287
EIA_68482,2026-05-28 21:00:00,49.9
EIA_68483,2026-05-28 21:00:00,225.0
EIA_68488,2026-05-28 21:00:00,80.0
EIA_68489,2026-05-28 21:00:00,2.0
EIA_68516,2026-05-28 21:00:00,100.0
EIA_68523,2026-05-28 21:00:00,0.564275
EIA_68524,2026-05-28 21:00:00,0.5642864
EIA_68525,2026-05-28 21:00:00,0.56428784
EIA_68530,2026-05-28 21:00:00,2.0
EIA_68534,2026-05-28 21:00:00,150.0
EIA_68536,2026-05-28 21:00:00,140.10922
EIA_68537,2026-05-28 21:00:00,145.0
EIA_68538,2026-05-28 21:00:00,2.3
EIA_68540,2026-05-28 21:00:00,1.3
EIA_68544,2026-05-28 21:00:00,2.0
EIA_68550,2026-05-28 21:00:00,1.5867624
EIA_68551,2026-05-28 21:00:00,6.4701424
EIA_68587,2026-05-28 21:00:00,100.0
EIA_68588,2026-05-28 21:00:00,100.0
EIA_68595,2026-05-28 21:00:00,48.073734
EIA_68615,2026-05-28 21:00:00,2.4
EIA_68670,2026-05-28 21:00:00,14.225059
EIA_68674,2026-05-28 21:00:00,3.5458374
EIA_68682,2026-05-28 21:00:00,0.81989115
EIA_68706,2026-05-28 21:00:00,1.0181768
EIA_68708,2026-05-28 21:00:00,1.5712296
EIA_68729,2026-05-28 21:00:00,1.4215504
EIA_68754,2026-05-28 21:00:00,4.3
EIA_68756,2026-05-28 21:00:00,5.0
EIA_68757,2026-05-28 21:00:00,3.4844575
EIA_68776,2026-05-28 21:00:00,237.1
EIA_68791,2026-05-28 21:00:00,1.1
EIA_68794,2026-05-28 21:00:00,1.4161458
EIA_68795,2026-05-28 21:00:00,1.5395893
EIA_68796,2026-05-28 21:00:00,1.0478771
EIA_68803,2026-05-28 21:00:00,0.20155822
EIA_68817,2026-05-28 21:00:00,6.8336234
EIA_68820,2026-05-28 21:00:00,72.8936
EIA_68822,2026-05-28 21:00:00,13.688037
EIA_68838,2026-05-28 21:00:00,515.0
EIA_68846,2026-05-28 21:00:00,148.0
EIA_68856,2026-05-28 21:00:00,83.5502
EIA_68880,2026-05-28 21:00:00,150.0
EIA_68885,2026-05-28 21:00:00,3.0
EIA_68886,2026-05-28 21:00:00,3.0
EIA_68892,2026-05-28 21:00:00,0.7110069
EIA_68894,2026-05-28 21:00:00,150.0
EIA_68906,2026-05-28 21:00:00,269.47137
EIA_68919,2026-05-28 21:00:00,2.0
EIA_68921,2026-05-28 21:00:00,2.0
EIA_68927,2026-05-28 21:00:00,18.978416
EIA_68928,2026-05-28 21:00:00,10.8
EIA_68941,2026-05-28 21:00:00,1.3878889
EIA_68943,2026-05-28 21:00:00,5.0
EIA_68944,2026-05-28 21:00:00,5.0
EIA_68945,2026-05-28 21:00:00,2.1853335
EIA_68957,2026-05-28 21:00:00,5.0
EIA_68960,2026-05-28 21:00:00,2.0
EIA_68964,2026-05-28 21:00:00,3.9
EIA_68966,2026-05-28 21:00:00,3.0
EIA_68971,2026-05-28 21:00:00,5.0
EIA_68991,2026-05-28 21:00:00,4.2556796
EIA_68998,2026-05-28 21:00:00,120.0
EIA_69002,2026-05-28 21:00:00,5.0
EIA_69009,2026-05-28 21:00:00,1.3718516
EIA_69014,2026-05-28 21:00:00,5.0
EIA_69015,2026-05-28 21:00:00,5.0
EIA_69016,2026-05-28 21:00:00,2.547189
EIA_69017,2026-05-28 21:00:00,3.1492033
EIA_69018,2026-05-28 21:00:00,1.947462
EIA_69027,2026-05-28 21:00:00,100.0
EIA_69031,2026-05-28 21:00:00,2.0
EIA_69032,2026-05-28 21:00:00,3.6
EIA_69033,2026-05-28 21:00:00,4.9
EIA_69039,2026-05-28 21:00:00,2.3
EIA_69042,2026-05-28 21:00:00,10.8
EIA_69043,2026-05-28 21:00:00,5.0
EIA_69046,2026-05-28 21:00:00,2.0
EIA_69048,2026-05-28 21:00:00,1.0
EIA_69051,2026-05-28 21:00:00,1.3708955
EIA_69061,2026-05-28 21:00:00,4.83569
EIA_69062,2026-05-28 21:00:00,4.822193
EIA_69063,2026-05-28 21:00:00,200.0
EIA_69066,2026-05-28 21:00:00,5.0
EIA_69068,2026-05-28 21:00:00,1.4206614
EIA_69070,2026-05-28 21:00:00,5.0
EIA_69078,2026-05-28 21:00:00,5.0
EIA_69086,2026-05-28 21:00:00,5.0
EIA_69095,2026-05-28 21:00:00,3.7452147
EIA_69096,2026-05-28 21:00:00,5.0
EIA_69100,2026-05-28 21:00:00,325.0
EIA_69101,2026-05-28 21:00:00,200.0
EIA_69103,2026-05-28 21:00:00,5.0
EIA_69104,2026-05-28 21:00:00,5.0
EIA_69106,2026-05-28 21:00:00,5.0
EIA_69107,2026-05-28 21:00:00,5.0
EIA_69109,2026-05-28 21:00:00,0.11051814
EIA_69112,2026-05-28 21:00:00,1.3
EIA_69113,2026-05-28 21:00:00,2.7
EIA_69114,2026-05-28 21:00:00,1.8556386
EIA_69115,2026-05-28 21:00:00,1.0
EIA_69116,2026-05-28 21:00:00,2.5
EIA_69117,2026-05-28 21:00:00,1.0
EIA_69118,2026-05-28 21:00:00,1.0515733
EIA_69123,2026-05-28 21:00:00,3.5
EIA_69124,2026-05-28 21:00:00,0.93030983
EIA_69125,2026-05-28 21:00:00,0.93541384
EIA_69126,2026-05-28 21:00:00,1.0
EIA_69127,2026-05-28 21:00:00,1.0
EIA_69129,2026-05-28 21:00:00,0.8952852
EIA_69130,2026-05-28 21:00:00,2.9632604
EIA_69131,2026-05-28 21:00:00,1.9
EIA_69132,2026-05-28 21:00:00,1.7
EIA_69133,2026-05-28 21:00:00,4.103568
EIA_69134,2026-05-28 21:00:00,0.33188966
EIA_69135,2026-05-28 21:00:00,0.93712556
EIA_69137,2026-05-28 21:00:00,3.2330887
EIA_69140,2026-05-28 21:00:00,1.3
EIA_69141,2026-05-28 21:00:00,1.0101157
EIA_69142,2026-05-28 21:00:00,1.0
EIA_69143,2026-05-28 21:00:00,120.0
EIA_69145,2026-05-28 21:00:00,0.28928086
EIA_69153,2026-05-28 21:00:00,5.0
EIA_69154,2026-05-28 21:00:00,4.7
EIA_69161,2026-05-28 21:00:00,2.0
EIA_69163,2026-05-28 21:00:00,2.0
EIA_69164,2026-05-28 21:00:00,150.0
EIA_69166,2026-05-28 21:00:00,164.87094
EIA_69172,2026-05-28 21:00:00,80.0
EIA_69179,2026-05-28 21:00:00,1.2545518
EIA_69183,2026-05-28 21:00:00,2.0
EIA_69187,2026-05-28 21:00:00,9.260753
EIA_69188,2026-05-28 21:00:00,2.9
EIA_69190,2026-05-28 21:00:00,1.6
EIA_69192,2026-05-28 21:00:00,10.0
EIA_69193,2026-05-28 21:00:00,2.5
EIA_69201,2026-05-28 21:00:00,2.0
EIA_69210,2026-05-28 21:00:00,1.0243226
EIA_69212,2026-05-28 21:00:00,2.7817254
EIA_69213,2026-05-28 21:00:00,5.0
EIA_69214,2026-05-28 21:00:00,5.0
EIA_69216,2026-05-28 21:00:00,0.68475866
EIA_69219,2026-05-28 21:00:00,3.0
EIA_69221,2026-05-28 21:00:00,1.2
EIA_69227,2026-05-28 21:00:00,5.0
EIA_69228,2026-05-28 21:00:00,5.0
EIA_69230,2026-05-28 21:00:00,5.0
EIA_69233,2026-05-28 21:00:00,0.8330564
EIA_69235,2026-05-28 21:00:00,20.0
EIA_69236,2026-05-28 21:00:00,50.0
EIA_69240,2026-05-28 21:00:00,5.0
EIA_69241,2026-05-28 21:00:00,4.5
EIA_69243,2026-05-28 21:00:00,2.6
EIA_69247,2026-05-28 21:00:00,0.7890698
EIA_69248,2026-05-28 21:00:00,1.0
EIA_69261,2026-05-28 21:00:00,8.505227
EIA_69263,2026-05-28 21:00:00,10.0
EIA_69264,2026-05-28 21:00:00,3.5
EIA_69265,2026-05-28 21:00:00,7.5
EIA_69273,2026-05-28 21:00:00,0.9376547
EIA_69280,2026-05-28 21:00:00,4.2599397
EIA_69281,2026-05-28 21:00:00,4.259735
EIA_69284,2026-05-28 21:00:00,2.9
EIA_69285,2026-05-28 21:00:00,2.8
EIA_69287,2026-05-28 21:00:00,9.9
EIA_69288,2026-05-28 21:00:00,1.6
EIA_69289,2026-05-28 21:00:00,8.638087
EIA_69303,2026-05-28 21:00:00,1.0
EIA_69304,2026-05-28 21:00:00,1.0
EIA_69306,2026-05-28 21:00:00,8.8
EIA_69307,2026-05-28 21:00:00,1.0
EIA_69314,2026-05-28 21:00:00,2.0
EIA_69315,2026-05-28 21:00:00,5.0
EIA_69316,2026-05-28 21:00:00,5.0
EIA_69317,2026-05-28 21:00:00,5.0
EIA_69319,2026-05-28 21:00:00,190.0313
EIA_69320,2026-05-28 21:00:00,480.0
EIA_69321,2026-05-28 21:00:00,141.57332
EIA_69325,2026-05-28 21:00:00,2.0
EIA_69326,2026-05-28 21:00:00,2.0
EIA_69328,2026-05-28 21:00:00,1.5729102
EIA_69330,2026-05-28 21:00:00,5.0
EIA_69354,2026-05-28 21:00:00,35.82833
EIA_69355,2026-05-28 21:00:00,23.997358
EIA_69368,2026-05-28 21:00:00,4.5
EIA_69370,2026-05-28 21:00:00,1.8
EIA_69374,2026-05-28 21:00:00,1.5
EIA_69378,2026-05-28 21:00:00,1.5
EIA_69379,2026-05-28 21:00:00,2.0894256
EIA_69380,2026-05-28 21:00:00,1.8385782
EIA_69381,2026-05-28 21:00:00,0.4101384
EIA_69382,2026-05-28 21:00:00,0.34738362
EIA_69386,2026-05-28 21:00:00,1.003538
EIA_69387,2026-05-28 21:00:00,5.0
EIA_69388,2026-05-28 21:00:00,100.0
EIA_69389,2026-05-28 21:00:00,5.0
EIA_69390,2026-05-28 21:00:00,5.0
EIA_69391,2026-05-28 21:00:00,1.2295048
EIA_69395,2026-05-28 21:00:00,2.3
EIA_69396,2026-05-28 21:00:00,2.4
EIA_69397,2026-05-28 21:00:00,2.0
EIA_69398,2026-05-28 21:00:00,2.035324
EIA_69399,2026-05-28 21:00:00,3.5
EIA_69400,2026-05-28 21:00:00,5.0
EIA_69401,2026-05-28 21:00:00,5.0
EIA_69402,2026-05-28 21:00:00,1.4911573
EIA_69405,2026-05-28 21:00:00,0.09308483
EIA_69406,2026-05-28 21:00:00,0.0930894
EIA_69408,2026-05-28 21:00:00,1.7409279
EIA_69409,2026-05-28 21:00:00,5.0
EIA_69410,2026-05-28 21:00:00,5.0
EIA_69412,2026-05-28 21:00:00,3.0
EIA_69414,2026-05-28 21:00:00,270.0
EIA_69419,2026-05-28 21:00:00,5.0
EIA_69420,2026-05-28 21:00:00,2.0
EIA_69421,2026-05-28 21:00:00,5.0
EIA_69425,2026-05-28 21:00:00,0.055850875
EIA_69428,2026-05-28 21:00:00,250.0
EIA_69430,2026-05-28 21:00:00,6.0
EIA_69431,2026-05-28 21:00:00,5.0
EIA_69432,2026-05-28 21:00:00,6.0
EIA_69433,2026-05-28 21:00:00,6.0
EIA_69434,2026-05-28 21:00:00,2.0
EIA_69439,2026-05-28 21:00:00,5.0
EIA_69440,2026-05-28 21:00:00,5.0
EIA_69441,2026-05-28 21:00:00,2.6
EIA_69442,2026-05-28 21:00:00,5.0
EIA_69443,2026-05-28 21:00:00,2.116238
EIA_69447,2026-05-28 21:00:00,2.0
EIA_69448,2026-05-28 21:00:00,4.0
EIA_69476,2026-05-28 21:00:00,100.0
EIA_69483,2026-05-28 21:00:00,2.8
EIA_69484,2026-05-28 21:00:00,3.0
EIA_69485,2026-05-28 21:00:00,2.5
EIA_69486,2026-05-28 21:00:00,2.5
EIA_69487,2026-05-28 21:00:00,2.5
EIA_69488,2026-05-28 21:00:00,2.5
EIA_69489,2026-05-28 21:00:00,3.0
EIA_69490,2026-05-28 21:00:00,2.5
EIA_69491,2026-05-28 21:00:00,2.5
EIA_69492,2026-05-28 21:00:00,2.5
EIA_69493,2026-05-28 21:00:00,2.5
EIA_69494,2026-05-28 21:00:00,2.5
EIA_69495,2026-05-28 21:00:00,2.5
EIA_69498,2026-05-28 21:00:00,8.8
EIA_69499,2026-05-28 21:00:00,4.304615
EIA_69500,2026-05-28 21:00:00,3.8
EIA_69501,2026-05-28 21:00:00,6.0
EIA_69502,2026-05-28 21:00:00,4.0
EIA_69503,2026-05-28 21:00:00,6.0
EIA_69505,2026-05-28 21:00:00,14.8
EIA_69518,2026-05-28 21:00:00,2.0
EIA_69519,2026-05-28 21:00:00,3.0
EIA_69525,2026-05-28 21:00:00,0.881688
EIA_69526,2026-05-28 21:00:00,5.0
EIA_69527,2026-05-28 21:00:00,5.0
EIA_69528,2026-05-28 21:00:00,3.0
EIA_69529,2026-05-28 21:00:00,5.0
EIA_69530,2026-05-28 21:00:00,5.0
EIA_69531,2026-05-28 21:00:00,1.3145951
EIA_69532,2026-05-28 21:00:00,5.0
EIA_69536,2026-05-28 21:00:00,2.4225144
EIA_69538,2026-05-28 21:00:00,18.016674
EIA_69542,2026-05-28 21:00:00,5.0
EIA_69543,2026-05-28 21:00:00,3.3
EIA_69544,2026-05-28 21:00:00,2.5
EIA_69545,2026-05-28 21:00:00,0.9545716
EIA_69546,2026-05-28 21:00:00,4.375661
EIA_69550,2026-05-28 21:00:00,117.0
EIA_69557,2026-05-28 21:00:00,5.0
EIA_69561,2026-05-28 21:00:00,4.0
EIA_69563,2026-05-28 21:00:00,0.43651757
EIA_69564,2026-05-28 21:00:00,1.9
EIA_69565,2026-05-28 21:00:00,4.9
EIA_69567,2026-05-28 21:00:00,3.0
EIA_69568,2026-05-28 21:00:00,1.0
EIA_69569,2026-05-28 21:00:00,5.0
EIA_69570,2026-05-28 21:00:00,12.0
EIA_69571,2026-05-28 21:00:00,4.6638174
EIA_69572,2026-05-28 21:00:00,5.0
EIA_69573,2026-05-28 21:00:00,5.0
EIA_69580,2026-05-28 21:00:00,1.1
EIA_69581,2026-05-28 21:00:00,0.35448575
EIA_69587,2026-05-28 21:00:00,1.4
EIA_69596,2026-05-28 21:00:00,1.4446038
EIA_69597,2026-05-28 21:00:00,1.805726
EIA_69598,2026-05-28 21:00:00,2.0
EIA_69599,2026-05-28 21:00:00,2.0
EIA_69600,2026-05-28 21:00:00,5.0
EIA_69601,2026-05-28 21:00:00,2.0
EIA_69604,2026-05-28 21:00:00,19.9
EIA_69612,2026-05-28 21:00:00,5.0
EIA_69613,2026-05-28 21:00:00,5.0
EIA_69615,2026-05-28 21:00:00,5.0
EIA_69617,2026-05-28 21:00:00,2.8
EIA_69618,2026-05-28 21:00:00,2.3133874
EIA_69621,2026-05-28 21:00:00,5.0
EIA_69622,2026-05-28 21:00:00,1.8100296
EIA_69623,2026-05-28 21:00:00,2.0
EIA_69624,2026-05-28 21:00:00,5.0
EIA_69630,2026-05-28 21:00:00,1.0
EIA_69645,2026-05-28 21:00:00,1.0
EIA_69646,2026-05-28 21:00:00,1.0
EIA_69651,2026-05-28 21:00:00,2.0
EIA_69652,2026-05-28 21:00:00,2.0
EIA_69653,2026-05-28 21:00:00,2.0
EIA_69655,2026-05-28 21:00:00,5.0
EIA_69656,2026-05-28 21:00:00,2.3
EIA_69675,2026-05-28 21:00:00,273.6
EIA_69676,2026-05-28 21:00:00,5.3874593
EIA_69680,2026-05-28 21:00:00,113.1
EIA_69682,2026-05-28 21:00:00,1.0
EIA_69683,2026-05-28 21:00:00,1.3
EIA_69686,2026-05-28 21:00:00,8.3
EIA_69692,2026-05-28 21:00:00,5.0
EIA_69693,2026-05-28 21:00:00,0.25438437
EIA_69696,2026-05-28 21:00:00,2.2
EIA_69700,2026-05-28 21:00:00,4.7
EIA_69703,2026-05-28 21:00:00,3.3
EIA_69705,2026-05-28 21:00:00,0.2995455
EIA_69707,2026-05-28 21:00:00,0.71531373
EIA_69709,2026-05-28 21:00:00,0.3052943
EIA_69712,2026-05-28 21:00:00,0.6
EIA_69714,2026-05-28 21:00:00,2.9649308
EIA_69715,2026-05-28 21:00:00,0.305301
EIA_69716,2026-05-28 21:00:00,4.0
EIA_69717,2026-05-28 21:00:00,0.6895735
EIA_69718,2026-05-28 21:00:00,0.6619906
EIA_69719,2026-05-28 21:00:00,2.8
EIA_69729,2026-05-28 21:00:00,3.0
EIA_69730,2026-05-28 21:00:00,2.9
EIA_69731,2026-05-28 21:00:00,1.3
EIA_69732,2026-05-28 21:00:00,4.7336164
EIA_69733,2026-05-28 21:00:00,4.2601695
EIA_69734,2026-05-28 21:00:00,1.4
EIA_69735,2026-05-28 21:00:00,5.0
EIA_69736,2026-05-28 21:00:00,0.27004305
EIA_69737,2026-05-28 21:00:00,2.5
EIA_69739,2026-05-28 21:00:00,4.8
EIA_69740,2026-05-28 21:00:00,6.8541193
EIA_69744,2026-05-28 21:00:00,2.37974
EIA_69746,2026-05-28 21:00:00,1.6280458
EIA_69748,2026-05-28 21:00:00,525.0
EIA_69754,2026-05-28 21:00:00,1.7604321
EIA_69757,2026-05-28 21:00:00,2.6
EIA_69758,2026-05-28 21:00:00,2.0
EIA_69759,2026-05-28 21:00:00,0.9440616
EIA_69774,2026-05-28 21:00:00,2.4
EIA_69800,2026-05-28 21:00:00,5.0
EIA_69801,2026-05-28 21:00:00,2.0
EIA_69802,2026-05-28 21:00:00,3.5
EIA_69822,2026-05-28 21:00:00,0.6960034
EIA_69824,2026-05-28 21:00:00,1.7385132
EIA_69856,2026-05-28 21:00:00,3.0
EIA_69863,2026-05-28 21:00:00,3.7
EIA_69875,2026-05-28 21:00:00,117.0
EIA_141,2026-05-28 22:00:00,0.2
EIA_960,2026-05-28 22:00:00,0.3
EIA_1172,2026-05-28 22:00:00,0.8
EIA_1187,2026-05-28 22:00:00,0.8
EIA_10224,2026-05-28 22:00:00,0.5
EIA_10823,2026-05-28 22:00:00,0.038246706
EIA_50026,2026-05-28 22:00:00,27.5
EIA_50061,2026-05-28 22:00:00,0.8
EIA_56322,2026-05-28 22:00:00,0.5
EIA_57775,2026-05-28 22:00:00,0.5
EIA_57785,2026-05-28 22:00:00,5.0
EIA_57806,2026-05-28 22:00:00,0.4
EIA_58173,2026-05-28 22:00:00,0.1
EIA_58413,2026-05-28 22:00:00,54.4
EIA_58422,2026-05-28 22:00:00,1.3
EIA_58556,2026-05-28 22:00:00,10.1
EIA_58689,2026-05-28 22:00:00,0.7529922
EIA_58899,2026-05-28 22:00:00,0.37216088
EIA_59133,2026-05-28 22:00:00,1.0
EIA_59272,2026-05-28 22:00:00,1.5
EIA_59776,2026-05-28 22:00:00,0.2
EIA_59786,2026-05-28 22:00:00,3.0
EIA_59988,2026-05-28 22:00:00,0.93393016
EIA_60452,2026-05-28 22:00:00,3.0
EIA_61703,2026-05-28 22:00:00,0.1
EIA_61796,2026-05-28 22:00:00,20.0
EIA_61820,2026-05-28 22:00:00,0.13423328
EIA_61822,2026-05-28 22:00:00,0.2
EIA_61852,2026-05-28 22:00:00,300.0
EIA_61910,2026-05-28 22:00:00,7.0
EIA_61967,2026-05-28 22:00:00,125.0
EIA_61990,2026-05-28 22:00:00,0.1
EIA_62027,2026-05-28 22:00:00,0.7
EIA_62186,2026-05-28 22:00:00,2.0
EIA_62344,2026-05-28 22:00:00,2.0
EIA_62397,2026-05-28 22:00:00,0.47618634
EIA_62442,2026-05-28 22:00:00,0.5
EIA_62494,2026-05-28 22:00:00,250.0
EIA_62545,2026-05-28 22:00:00,1.6683053
EIA_62737,2026-05-28 22:00:00,5.0
EIA_62797,2026-05-28 22:00:00,100.0
EIA_63122,2026-05-28 22:00:00,1.0
EIA_63194,2026-05-28 22:00:00,300.0
EIA_63211,2026-05-28 22:00:00,77.36927
EIA_63221,2026-05-28 22:00:00,1.0
EIA_63507,2026-05-28 22:00:00,60.0
EIA_63518,2026-05-28 22:00:00,17.986513
EIA_63542,2026-05-28 22:00:00,1.0
EIA_63882,2026-05-28 22:00:00,200.0
EIA_63884,2026-05-28 22:00:00,62.880188
EIA_63946,2026-05-28 22:00:00,2.0
EIA_64117,2026-05-28 22:00:00,4.9
EIA_64132,2026-05-28 22:00:00,200.0
EIA_64210,2026-05-28 22:00:00,404.0565
EIA_64222,2026-05-28 22:00:00,0.47267607
EIA_64223,2026-05-28 22:00:00,0.41993177
EIA_64430,2026-05-28 22:00:00,140.0
EIA_64442,2026-05-28 22:00:00,0.5
EIA_64446,2026-05-28 22:00:00,0.5
EIA_64509,2026-05-28 22:00:00,0.5
EIA_64512,2026-05-28 22:00:00,0.5
EIA_64513,2026-05-28 22:00:00,0.5
EIA_64536,2026-05-28 22:00:00,135.0
EIA_64564,2026-05-28 22:00:00,131.0
EIA_64567,2026-05-28 22:00:00,20.0
EIA_64729,2026-05-28 22:00:00,1.0
EIA_64745,2026-05-28 22:00:00,150.0
EIA_64858,2026-05-28 22:00:00,110.0
EIA_65006,2026-05-28 22:00:00,1.0
EIA_65024,2026-05-28 22:00:00,1.0
EIA_65072,2026-05-28 22:00:00,0.22873722
EIA_65139,2026-05-28 22:00:00,3.0
EIA_65149,2026-05-28 22:00:00,4.0
EIA_65279,2026-05-28 22:00:00,2.0
EIA_65401,2026-05-28 22:00:00,51.8
EIA_65405,2026-05-28 22:00:00,45.0
EIA_65442,2026-05-28 22:00:00,1.0
EIA_65443,2026-05-28 22:00:00,1.0
EIA_65445,2026-05-28 22:00:00,45.387962
EIA_65463,2026-05-28 22:00:00,600.0
EIA_65468,2026-05-28 22:00:00,0.5
EIA_65480,2026-05-28 22:00:00,145.0
EIA_65507,2026-05-28 22:00:00,2.1798172
EIA_65508,2026-05-28 22:00:00,2.0
EIA_65515,2026-05-28 22:00:00,1.0
EIA_65516,2026-05-28 22:00:00,1.0
EIA_65527,2026-05-28 22:00:00,1.574082
EIA_65572,2026-05-28 22:00:00,250.0
EIA_65616,2026-05-28 22:00:00,2.6
EIA_65644,2026-05-28 22:00:00,326.6
EIA_65659,2026-05-28 22:00:00,1.0
EIA_65827,2026-05-28 22:00:00,5.0
EIA_65849,2026-05-28 22:00:00,180.0
EIA_65885,2026-05-28 22:00:00,74.5
EIA_65887,2026-05-28 22:00:00,0.36095122
EIA_65888,2026-05-28 22:00:00,74.5
EIA_65891,2026-05-28 22:00:00,131.0
EIA_65894,2026-05-28 22:00:00,210.0
EIA_65905,2026-05-28 22:00:00,13.854599
EIA_65911,2026-05-28 22:00:00,25.500948
EIA_65913,2026-05-28 22:00:00,11.370401
EIA_65940,2026-05-28 22:00:00,1.5
EIA_66027,2026-05-28 22:00:00,38.0
EIA_66107,2026-05-28 22:00:00,20.0
EIA_66256,2026-05-28 22:00:00,5.0
EIA_66352,2026-05-28 22:00:00,5.0
EIA_66356,2026-05-28 22:00:00,5.0
EIA_66432,2026-05-28 22:00:00,2.0
EIA_66433,2026-05-28 22:00:00,1.0
EIA_66435,2026-05-28 22:00:00,1.0
EIA_66449,2026-05-28 22:00:00,0.40180245
EIA_66495,2026-05-28 22:00:00,2.215003
EIA_66520,2026-05-28 22:00:00,2.0
EIA_66523,2026-05-28 22:00:00,5.0
EIA_66647,2026-05-28 22:00:00,100.0
EIA_66649,2026-05-28 22:00:00,200.0
EIA_66654,2026-05-28 22:00:00,1.040792
EIA_66656,2026-05-28 22:00:00,1.040792
EIA_66670,2026-05-28 22:00:00,150.0
EIA_66681,2026-05-28 22:00:00,8.520076
EIA_66688,2026-05-28 22:00:00,129.88824
EIA_66739,2026-05-28 22:00:00,1.5
EIA_66740,2026-05-28 22:00:00,1.5
EIA_66756,2026-05-28 22:00:00,40.8
EIA_66760,2026-05-28 22:00:00,3.0
EIA_66774,2026-05-28 22:00:00,337.9692
EIA_66775,2026-05-28 22:00:00,200.0
EIA_66827,2026-05-28 22:00:00,0.19275609
EIA_66840,2026-05-28 22:00:00,1.2265816
EIA_66842,2026-05-28 22:00:00,7.842685
EIA_66844,2026-05-28 22:00:00,150.0
EIA_66860,2026-05-28 22:00:00,100.0
EIA_66872,2026-05-28 22:00:00,123.908165
EIA_66886,2026-05-28 22:00:00,2.4
EIA_66890,2026-05-28 22:00:00,28.021534
EIA_66892,2026-05-28 22:00:00,3.5326085
EIA_66897,2026-05-28 22:00:00,97.5
EIA_66899,2026-05-28 22:00:00,5.8
EIA_66903,2026-05-28 22:00:00,310.0
EIA_66951,2026-05-28 22:00:00,151.23364
EIA_66983,2026-05-28 22:00:00,13.5
EIA_67007,2026-05-28 22:00:00,20.0
EIA_67022,2026-05-28 22:00:00,175.0
EIA_67033,2026-05-28 22:00:00,3.8
EIA_67038,2026-05-28 22:00:00,56.77538
EIA_67046,2026-05-28 22:00:00,210.0
EIA_67075,2026-05-28 22:00:00,200.0
EIA_67076,2026-05-28 22:00:00,113.13506
EIA_67080,2026-05-28 22:00:00,4.8
EIA_67086,2026-05-28 22:00:00,0.19056572
EIA_67124,2026-05-28 22:00:00,1.5
EIA_67125,2026-05-28 22:00:00,3.3
EIA_67126,2026-05-28 22:00:00,4.3
EIA_67129,2026-05-28 22:00:00,16.563866
EIA_67133,2026-05-28 22:00:00,4.8
EIA_67135,2026-05-28 22:00:00,4.4645934
EIA_67158,2026-05-28 22:00:00,0.25953817
EIA_67169,2026-05-28 22:00:00,4.1715035
EIA_67174,2026-05-28 22:00:00,10.0
EIA_67177,2026-05-28 22:00:00,153.0
EIA_67201,2026-05-28 22:00:00,9.8
EIA_67204,2026-05-28 22:00:00,80.60679
EIA_67216,2026-05-28 22:00:00,18.8
EIA_67217,2026-05-28 22:00:00,20.0
EIA_67218,2026-05-28 22:00:00,20.0
EIA_67219,2026-05-28 22:00:00,20.0
EIA_67234,2026-05-28 22:00:00,0.5639997
EIA_67254,2026-05-28 22:00:00,2.0
EIA_67255,2026-05-28 22:00:00,2.0
EIA_67256,2026-05-28 22:00:00,2.0
EIA_67277,2026-05-28 22:00:00,0.46866238
EIA_67288,2026-05-28 22:00:00,3.0
EIA_67322,2026-05-28 22:00:00,11.2
EIA_67374,2026-05-28 22:00:00,5.0
EIA_67391,2026-05-28 22:00:00,0.747457
EIA_67412,2026-05-28 22:00:00,4.383401
EIA_67421,2026-05-28 22:00:00,84.4
EIA_67437,2026-05-28 22:00:00,4.9860272
EIA_67447,2026-05-28 22:00:00,0.15364484
EIA_67469,2026-05-28 22:00:00,0.0038882385
EIA_67474,2026-05-28 22:00:00,300.0
EIA_67490,2026-05-28 22:00:00,5.6
EIA_67497,2026-05-28 22:00:00,100.0
EIA_67503,2026-05-28 22:00:00,149.91693
EIA_67511,2026-05-28 22:00:00,200.0
EIA_67528,2026-05-28 22:00:00,150.0
EIA_67532,2026-05-28 22:00:00,5.0
EIA_67539,2026-05-28 22:00:00,1.6
EIA_67540,2026-05-28 22:00:00,2.3
EIA_67546,2026-05-28 22:00:00,1.0
EIA_67554,2026-05-28 22:00:00,2.0
EIA_67583,2026-05-28 22:00:00,0.20194016
EIA_67584,2026-05-28 22:00:00,4.8
EIA_67597,2026-05-28 22:00:00,11.8
EIA_67600,2026-05-28 22:00:00,3.0382488
EIA_67623,2026-05-28 22:00:00,2.0
EIA_67624,2026-05-28 22:00:00,2.0
EIA_67628,2026-05-28 22:00:00,2.0
EIA_67644,2026-05-28 22:00:00,5.0
EIA_67675,2026-05-28 22:00:00,65.0
EIA_67678,2026-05-28 22:00:00,140.0
EIA_67684,2026-05-28 22:00:00,2.0
EIA_67686,2026-05-28 22:00:00,4.9
EIA_67687,2026-05-28 22:00:00,2.0
EIA_67688,2026-05-28 22:00:00,2.0
EIA_67703,2026-05-28 22:00:00,3.6986594
EIA_67704,2026-05-28 22:00:00,1.4
EIA_67705,2026-05-28 22:00:00,2.3
EIA_67713,2026-05-28 22:00:00,4.0
EIA_67714,2026-05-28 22:00:00,1.5
EIA_67715,2026-05-28 22:00:00,2.0
EIA_67716,2026-05-28 22:00:00,1.9
EIA_67717,2026-05-28 22:00:00,2.0
EIA_67718,2026-05-28 22:00:00,1.9
EIA_67719,2026-05-28 22:00:00,2.0
EIA_67727,2026-05-28 22:00:00,6.0
EIA_67728,2026-05-28 22:00:00,5.0
EIA_67735,2026-05-28 22:00:00,250.0
EIA_67751,2026-05-28 22:00:00,2.0
EIA_67762,2026-05-28 22:00:00,164.22789
EIA_67765,2026-05-28 22:00:00,150.0
EIA_67793,2026-05-28 22:00:00,0.87973785
EIA_67797,2026-05-28 22:00:00,148.97609
EIA_67804,2026-05-28 22:00:00,2.0
EIA_67822,2026-05-28 22:00:00,2.0
EIA_67823,2026-05-28 22:00:00,235.0
EIA_67834,2026-05-28 22:00:00,48.0
EIA_67850,2026-05-28 22:00:00,42.0
EIA_67859,2026-05-28 22:00:00,4.0
EIA_67864,2026-05-28 22:00:00,4.507967
EIA_67867,2026-05-28 22:00:00,67.2
EIA_67872,2026-05-28 22:00:00,150.0
EIA_67873,2026-05-28 22:00:00,60.0
EIA_67900,2026-05-28 22:00:00,3.2
EIA_67901,2026-05-28 22:00:00,1.2
EIA_67930,2026-05-28 22:00:00,200.0
EIA_67943,2026-05-28 22:00:00,3.0
EIA_67957,2026-05-28 22:00:00,3.9289129
EIA_67964,2026-05-28 22:00:00,150.0
EIA_67965,2026-05-28 22:00:00,1.3
EIA_67969,2026-05-28 22:00:00,22.0
EIA_67979,2026-05-28 22:00:00,5.0
EIA_67997,2026-05-28 22:00:00,11.539847
EIA_68008,2026-05-28 22:00:00,5.0
EIA_68010,2026-05-28 22:00:00,5.0
EIA_68023,2026-05-28 22:00:00,12.0
EIA_68025,2026-05-28 22:00:00,3.0
EIA_68026,2026-05-28 22:00:00,4.8
EIA_68037,2026-05-28 22:00:00,5.0
EIA_68060,2026-05-28 22:00:00,62.276226
EIA_68077,2026-05-28 22:00:00,20.0
EIA_68088,2026-05-28 22:00:00,3.2411506
EIA_68096,2026-05-28 22:00:00,1.5463387
EIA_68102,2026-05-28 22:00:00,0.0041798223
EIA_68106,2026-05-28 22:00:00,16.563866
EIA_68107,2026-05-28 22:00:00,0.15559106
EIA_68108,2026-05-28 22:00:00,7.5
EIA_68109,2026-05-28 22:00:00,1.3
EIA_68113,2026-05-28 22:00:00,0.76349264
EIA_68114,2026-05-28 22:00:00,6.4714108
EIA_68157,2026-05-28 22:00:00,1.0
EIA_68163,2026-05-28 22:00:00,5.0
EIA_68188,2026-05-28 22:00:00,5.0
EIA_68190,2026-05-28 22:00:00,5.0
EIA_68200,2026-05-28 22:00:00,64.18426
EIA_68223,2026-05-28 22:00:00,40.8
EIA_68235,2026-05-28 22:00:00,1.1
EIA_68259,2026-05-28 22:00:00,3.3
EIA_68276,2026-05-28 22:00:00,6.1002617
EIA_68279,2026-05-28 22:00:00,0.9414269
EIA_68281,2026-05-28 22:00:00,283.26825
EIA_68286,2026-05-28 22:00:00,4.9
EIA_68327,2026-05-28 22:00:00,2.0
EIA_68372,2026-05-28 22:00:00,29.146444
EIA_68398,2026-05-28 22:00:00,5.0
EIA_68418,2026-05-28 22:00:00,120.0
EIA_68427,2026-05-28 22:00:00,5.725792
EIA_68431,2026-05-28 22:00:00,240.0
EIA_68436,2026-05-28 22:00:00,0.75545377
EIA_68442,2026-05-28 22:00:00,4.0
EIA_68470,2026-05-28 22:00:00,180.0
EIA_68472,2026-05-28 22:00:00,40.20062
EIA_68482,2026-05-28 22:00:00,49.9
EIA_68483,2026-05-28 22:00:00,225.0
EIA_68488,2026-05-28 22:00:00,80.0
EIA_68489,2026-05-28 22:00:00,2.0
EIA_68516,2026-05-28 22:00:00,98.113815
EIA_68523,2026-05-28 22:00:00,0.546785
EIA_68524,2026-05-28 22:00:00,0.5467748
EIA_68525,2026-05-28 22:00:00,0.5467736
EIA_68530,2026-05-28 22:00:00,2.0
EIA_68534,2026-05-28 22:00:00,150.0
EIA_68536,2026-05-28 22:00:00,139.86957
EIA_68537,2026-05-28 22:00:00,145.0
EIA_68538,2026-05-28 22:00:00,2.3
EIA_68540,2026-05-28 22:00:00,1.3
EIA_68544,2026-05-28 22:00:00,2.0
EIA_68550,2026-05-28 22:00:00,1.9446003
EIA_68551,2026-05-28 22:00:00,54.587948
EIA_68587,2026-05-28 22:00:00,100.0
EIA_68588,2026-05-28 22:00:00,100.0
EIA_68595,2026-05-28 22:00:00,65.82898
EIA_68615,2026-05-28 22:00:00,2.4
EIA_68670,2026-05-28 22:00:00,7.6119556
EIA_68674,2026-05-28 22:00:00,4.0
EIA_68682,2026-05-28 22:00:00,3.0
EIA_68706,2026-05-28 22:00:00,1.2946129
EIA_68708,2026-05-28 22:00:00,3.310576
EIA_68729,2026-05-28 22:00:00,1.4636508
EIA_68754,2026-05-28 22:00:00,4.3
EIA_68756,2026-05-28 22:00:00,5.0
EIA_68757,2026-05-28 22:00:00,3.5
EIA_68776,2026-05-28 22:00:00,237.1
EIA_68791,2026-05-28 22:00:00,1.1
EIA_68794,2026-05-28 22:00:00,0.66148645
EIA_68795,2026-05-28 22:00:00,1.5163119
EIA_68796,2026-05-28 22:00:00,0.41555902
EIA_68803,2026-05-28 22:00:00,1.5
EIA_68817,2026-05-28 22:00:00,74.5
EIA_68820,2026-05-28 22:00:00,18.11263
EIA_68822,2026-05-28 22:00:00,74.5
EIA_68823,2026-05-28 22:00:00,74.5
EIA_68838,2026-05-28 22:00:00,515.0
EIA_68846,2026-05-28 22:00:00,112.56081
EIA_68856,2026-05-28 22:00:00,64.01693
EIA_68880,2026-05-28 22:00:00,150.0
EIA_68885,2026-05-28 22:00:00,3.0
EIA_68886,2026-05-28 22:00:00,3.0
EIA_68892,2026-05-28 22:00:00,0.3110115
EIA_68894,2026-05-28 22:00:00,150.0
EIA_68906,2026-05-28 22:00:00,300.0
EIA_68919,2026-05-28 22:00:00,2.0
EIA_68921,2026-05-28 22:00:00,2.0
EIA_68927,2026-05-28 22:00:00,8.589673
EIA_68928,2026-05-28 22:00:00,10.8
EIA_68941,2026-05-28 22:00:00,1.5
EIA_68943,2026-05-28 22:00:00,2.4682255
EIA_68944,2026-05-28 22:00:00,5.0
EIA_68945,2026-05-28 22:00:00,2.5
EIA_68957,2026-05-28 22:00:00,5.0
EIA_68960,2026-05-28 22:00:00,2.0
EIA_68964,2026-05-28 22:00:00,3.9
EIA_68966,2026-05-28 22:00:00,3.0
EIA_68971,2026-05-28 22:00:00,5.0
EIA_68991,2026-05-28 22:00:00,5.0
EIA_68998,2026-05-28 22:00:00,120.0
EIA_69002,2026-05-28 22:00:00,5.0
EIA_69009,2026-05-28 22:00:00,0.5623721
EIA_69014,2026-05-28 22:00:00,5.0
EIA_69015,2026-05-28 22:00:00,5.0
EIA_69016,2026-05-28 22:00:00,2.8945577
EIA_69017,2026-05-28 22:00:00,3.7
EIA_69018,2026-05-28 22:00:00,5.0
EIA_69027,2026-05-28 22:00:00,100.0
EIA_69031,2026-05-28 22:00:00,2.0
EIA_69032,2026-05-28 22:00:00,3.6
EIA_69033,2026-05-28 22:00:00,4.9
EIA_69039,2026-05-28 22:00:00,2.0547357
EIA_69042,2026-05-28 22:00:00,10.8
EIA_69043,2026-05-28 22:00:00,5.0
EIA_69046,2026-05-28 22:00:00,2.0
EIA_69048,2026-05-28 22:00:00,1.0
EIA_69051,2026-05-28 22:00:00,0.30040324
EIA_69061,2026-05-28 22:00:00,3.8670826
EIA_69062,2026-05-28 22:00:00,3.9894032
EIA_69063,2026-05-28 22:00:00,200.0
EIA_69066,2026-05-28 22:00:00,5.0
EIA_69068,2026-05-28 22:00:00,1.2151031
EIA_69070,2026-05-28 22:00:00,5.0
EIA_69078,2026-05-28 22:00:00,5.0
EIA_69086,2026-05-28 22:00:00,5.0
EIA_69095,2026-05-28 22:00:00,5.0
EIA_69096,2026-05-28 22:00:00,5.0
EIA_69100,2026-05-28 22:00:00,325.0
EIA_69101,2026-05-28 22:00:00,200.0
EIA_69103,2026-05-28 22:00:00,3.9773602
EIA_69104,2026-05-28 22:00:00,3.4024634
EIA_69106,2026-05-28 22:00:00,4.8381057
EIA_69107,2026-05-28 22:00:00,5.0
EIA_69109,2026-05-28 22:00:00,0.5844072
EIA_69112,2026-05-28 22:00:00,1.0609832
EIA_69113,2026-05-28 22:00:00,2.7
EIA_69114,2026-05-28 22:00:00,1.4630737
EIA_69115,2026-05-28 22:00:00,1.0
EIA_69116,2026-05-28 22:00:00,2.5
EIA_69117,2026-05-28 22:00:00,1.0
EIA_69118,2026-05-28 22:00:00,1.1
EIA_69123,2026-05-28 22:00:00,3.5
EIA_69124,2026-05-28 22:00:00,0.613023
EIA_69125,2026-05-28 22:00:00,0.13243955
EIA_69126,2026-05-28 22:00:00,1.0
EIA_69127,2026-05-28 22:00:00,1.0
EIA_69129,2026-05-28 22:00:00,0.1573598
EIA_69130,2026-05-28 22:00:00,0.5608431
EIA_69131,2026-05-28 22:00:00,1.9
EIA_69132,2026-05-28 22:00:00,1.7
EIA_69134,2026-05-28 22:00:00,0.6864269
EIA_69135,2026-05-28 22:00:00,1.0
EIA_69137,2026-05-28 22:00:00,4.520458
EIA_69140,2026-05-28 22:00:00,1.3
EIA_69141,2026-05-28 22:00:00,0.36089554
EIA_69142,2026-05-28 22:00:00,1.0
EIA_69143,2026-05-28 22:00:00,120.0
EIA_69145,2026-05-28 22:00:00,0.59064376
EIA_69153,2026-05-28 22:00:00,5.0
EIA_69154,2026-05-28 22:00:00,4.7
EIA_69161,2026-05-28 22:00:00,2.0
EIA_69163,2026-05-28 22:00:00,2.0
EIA_69164,2026-05-28 22:00:00,150.0
EIA_69166,2026-05-28 22:00:00,200.0
EIA_69172,2026-05-28 22:00:00,80.0
EIA_69179,2026-05-28 22:00:00,5.0
EIA_69183,2026-05-28 22:00:00,2.0
EIA_69187,2026-05-28 22:00:00,7.933184
EIA_69188,2026-05-28 22:00:00,2.9
EIA_69190,2026-05-28 22:00:00,1.6
EIA_69192,2026-05-28 22:00:00,10.0
EIA_69193,2026-05-28 22:00:00,2.5
EIA_69201,2026-05-28 22:00:00,2.0
EIA_69210,2026-05-28 22:00:00,0.99247825
EIA_69212,2026-05-28 22:00:00,5.0
EIA_69213,2026-05-28 22:00:00,5.0
EIA_69214,2026-05-28 22:00:00,3.4693027
EIA_69216,2026-05-28 22:00:00,5.0
EIA_69219,2026-05-28 22:00:00,3.0
EIA_69221,2026-05-28 22:00:00,1.2
EIA_69227,2026-05-28 22:00:00,0.97065604
EIA_69228,2026-05-28 22:00:00,5.0
EIA_69230,2026-05-28 22:00:00,5.0
EIA_69233,2026-05-28 22:00:00,1.0
EIA_69235,2026-05-28 22:00:00,20.0
EIA_69236,2026-05-28 22:00:00,45.42519
EIA_69240,2026-05-28 22:00:00,5.0
EIA_69241,2026-05-28 22:00:00,4.5
EIA_69243,2026-05-28 22:00:00,2.6
EIA_69247,2026-05-28 22:00:00,1.3
EIA_69248,2026-05-28 22:00:00,1.0
EIA_69261,2026-05-28 22:00:00,10.0
EIA_69263,2026-05-28 22:00:00,10.0
EIA_69264,2026-05-28 22:00:00,3.5
EIA_69265,2026-05-28 22:00:00,7.5
EIA_69273,2026-05-28 22:00:00,1.8
EIA_69280,2026-05-28 22:00:00,5.0
EIA_69281,2026-05-28 22:00:00,5.0
EIA_69284,2026-05-28 22:00:00,2.9
EIA_69285,2026-05-28 22:00:00,2.8
EIA_69287,2026-05-28 22:00:00,9.9
EIA_69288,2026-05-28 22:00:00,1.6
EIA_69289,2026-05-28 22:00:00,9.9
EIA_69303,2026-05-28 22:00:00,1.0
EIA_69304,2026-05-28 22:00:00,1.0
EIA_69306,2026-05-28 22:00:00,8.8
EIA_69307,2026-05-28 22:00:00,1.0
EIA_69314,2026-05-28 22:00:00,2.0
EIA_69315,2026-05-28 22:00:00,5.0
EIA_69316,2026-05-28 22:00:00,5.0
EIA_69317,2026-05-28 22:00:00,5.0
EIA_69319,2026-05-28 22:00:00,200.0
EIA_69320,2026-05-28 22:00:00,480.0
EIA_69321,2026-05-28 22:00:00,149.0
EIA_69325,2026-05-28 22:00:00,2.0
EIA_69326,2026-05-28 22:00:00,2.0
EIA_69328,2026-05-28 22:00:00,0.6368882
EIA_69330,2026-05-28 22:00:00,5.0
EIA_69354,2026-05-28 22:00:00,74.9
EIA_69355,2026-05-28 22:00:00,22.644608
EIA_69368,2026-05-28 22:00:00,4.5
EIA_69370,2026-05-28 22:00:00,1.8
EIA_69374,2026-05-28 22:00:00,1.5
EIA_69378,2026-05-28 22:00:00,1.5
EIA_69379,2026-05-28 22:00:00,5.0
EIA_69380,2026-05-28 22:00:00,4.4
EIA_69381,2026-05-28 22:00:00,0.36580262
EIA_69382,2026-05-28 22:00:00,0.66727763
EIA_69386,2026-05-28 22:00:00,0.33829603
EIA_69387,2026-05-28 22:00:00,5.0
EIA_69388,2026-05-28 22:00:00,100.0
EIA_69389,2026-05-28 22:00:00,5.0
EIA_69390,2026-05-28 22:00:00,5.0
EIA_69391,2026-05-28 22:00:00,4.9
EIA_69395,2026-05-28 22:00:00,0.37396705
EIA_69396,2026-05-28 22:00:00,2.4
EIA_69397,2026-05-28 22:00:00,2.0
EIA_69398,2026-05-28 22:00:00,3.2
EIA_69399,2026-05-28 22:00:00,0.5690803
EIA_69400,2026-05-28 22:00:00,5.0
EIA_69401,2026-05-28 22:00:00,5.0
EIA_69402,2026-05-28 22:00:00,5.0
EIA_69405,2026-05-28 22:00:00,5.0
EIA_69406,2026-05-28 22:00:00,5.0
EIA_69408,2026-05-28 22:00:00,2.1
EIA_69409,2026-05-28 22:00:00,5.0
EIA_69410,2026-05-28 22:00:00,5.0
EIA_69412,2026-05-28 22:00:00,3.0
EIA_69414,2026-05-28 22:00:00,270.0
EIA_69419,2026-05-28 22:00:00,5.0
EIA_69420,2026-05-28 22:00:00,2.0
EIA_69421,2026-05-28 22:00:00,5.0
EIA_69425,2026-05-28 22:00:00,3.0
EIA_69428,2026-05-28 22:00:00,250.0
EIA_69430,2026-05-28 22:00:00,6.0
EIA_69431,2026-05-28 22:00:00,5.0
EIA_69432,2026-05-28 22:00:00,6.0
EIA_69433,2026-05-28 22:00:00,6.0
EIA_69434,2026-05-28 22:00:00,2.0
EIA_69439,2026-05-28 22:00:00,5.0
EIA_69440,2026-05-28 22:00:00,5.0
EIA_69441,2026-05-28 22:00:00,2.6
EIA_69442,2026-05-28 22:00:00,5.0
EIA_69443,2026-05-28 22:00:00,2.3
EIA_69447,2026-05-28 22:00:00,2.0
EIA_69448,2026-05-28 22:00:00,4.0
EIA_69476,2026-05-28 22:00:00,100.0
EIA_69483,2026-05-28 22:00:00,1.382188
EIA_69484,2026-05-28 22:00:00,3.0
EIA_69485,2026-05-28 22:00:00,2.5
EIA_69486,2026-05-28 22:00:00,2.5
EIA_69487,2026-05-28 22:00:00,2.5
EIA_69488,2026-05-28 22:00:00,2.5
EIA_69489,2026-05-28 22:00:00,3.0
EIA_69490,2026-05-28 22:00:00,2.5
EIA_69491,2026-05-28 22:00:00,2.5
EIA_69492,2026-05-28 22:00:00,2.5
EIA_69493,2026-05-28 22:00:00,2.5
EIA_69494,2026-05-28 22:00:00,2.5
EIA_69495,2026-05-28 22:00:00,2.5
EIA_69498,2026-05-28 22:00:00,8.8
EIA_69499,2026-05-28 22:00:00,2.5671458
EIA_69500,2026-05-28 22:00:00,3.8
EIA_69501,2026-05-28 22:00:00,6.0
EIA_69502,2026-05-28 22:00:00,4.0
EIA_69503,2026-05-28 22:00:00,6.0
EIA_69505,2026-05-28 22:00:00,14.8
EIA_69518,2026-05-28 22:00:00,2.0
EIA_69519,2026-05-28 22:00:00,3.0
EIA_69525,2026-05-28 22:00:00,1.5072004
EIA_69526,2026-05-28 22:00:00,5.0
EIA_69527,2026-05-28 22:00:00,5.0
EIA_69528,2026-05-28 22:00:00,3.0
EIA_69529,2026-05-28 22:00:00,5.0
EIA_69530,2026-05-28 22:00:00,4.820711
EIA_69531,2026-05-28 22:00:00,0.50759155
EIA_69532,2026-05-28 22:00:00,4.718204
EIA_69536,2026-05-28 22:00:00,2.766256
EIA_69538,2026-05-28 22:00:00,1.1130793
EIA_69542,2026-05-28 22:00:00,0.6484228
EIA_69543,2026-05-28 22:00:00,3.3
EIA_69544,2026-05-28 22:00:00,0.24506128
EIA_69545,2026-05-28 22:00:00,0.20401558
EIA_69546,2026-05-28 22:00:00,4.1799197
EIA_69550,2026-05-28 22:00:00,117.0
EIA_69557,2026-05-28 22:00:00,5.0
EIA_69561,2026-05-28 22:00:00,2.2123296
EIA_69563,2026-05-28 22:00:00,1.8748369
EIA_69564,2026-05-28 22:00:00,1.9
EIA_69565,2026-05-28 22:00:00,4.9
EIA_69567,2026-05-28 22:00:00,3.0
EIA_69568,2026-05-28 22:00:00,0.14817515
EIA_69569,2026-05-28 22:00:00,0.2312593
EIA_69570,2026-05-28 22:00:00,12.0
EIA_69571,2026-05-28 22:00:00,5.0
EIA_69572,2026-05-28 22:00:00,5.0
EIA_69573,2026-05-28 22:00:00,5.0
EIA_69580,2026-05-28 22:00:00,1.1
EIA_69581,2026-05-28 22:00:00,0.40323853
EIA_69587,2026-05-28 22:00:00,1.4
EIA_69596,2026-05-28 22:00:00,4.0
EIA_69597,2026-05-28 22:00:00,5.0
EIA_69598,2026-05-28 22:00:00,2.0
EIA_69599,2026-05-28 22:00:00,2.0
EIA_69600,2026-05-28 22:00:00,5.0
EIA_69601,2026-05-28 22:00:00,2.0
EIA_69604,2026-05-28 22:00:00,19.9
EIA_69612,2026-05-28 22:00:00,5.0
EIA_69613,2026-05-28 22:00:00,5.0
EIA_69615,2026-05-28 22:00:00,5.0
EIA_69617,2026-05-28 22:00:00,2.8
EIA_69618,2026-05-28 22:00:00,5.0
EIA_69621,2026-05-28 22:00:00,5.0
EIA_69622,2026-05-28 22:00:00,5.0
EIA_69623,2026-05-28 22:00:00,2.0
EIA_69624,2026-05-28 22:00:00,5.0
EIA_69630,2026-05-28 22:00:00,1.0
EIA_69645,2026-05-28 22:00:00,1.0
EIA_69646,2026-05-28 22:00:00,1.0
EIA_69651,2026-05-28 22:00:00,2.0
EIA_69652,2026-05-28 22:00:00,2.0
EIA_69653,2026-05-28 22:00:00,2.0
EIA_69655,2026-05-28 22:00:00,5.0
EIA_69656,2026-05-28 22:00:00,2.3
EIA_69675,2026-05-28 22:00:00,273.6
EIA_69676,2026-05-28 22:00:00,5.220631
EIA_69680,2026-05-28 22:00:00,113.1
EIA_69682,2026-05-28 22:00:00,1.0
EIA_69683,2026-05-28 22:00:00,1.3
EIA_69686,2026-05-28 22:00:00,8.3
EIA_69692,2026-05-28 22:00:00,5.0
EIA_69693,2026-05-28 22:00:00,0.0877145
EIA_69696,2026-05-28 22:00:00,0.5064058
EIA_69700,2026-05-28 22:00:00,4.7
EIA_69703,2026-05-28 22:00:00,3.3
EIA_69705,2026-05-28 22:00:00,0.2449281
EIA_69707,2026-05-28 22:00:00,1.0
EIA_69709,2026-05-28 22:00:00,0.051523034
EIA_69712,2026-05-28 22:00:00,0.6
EIA_69714,2026-05-28 22:00:00,3.6
EIA_69715,2026-05-28 22:00:00,0.051523034
EIA_69716,2026-05-28 22:00:00,4.0
EIA_69717,2026-05-28 22:00:00,5.0
EIA_69718,2026-05-28 22:00:00,4.8
EIA_69719,2026-05-28 22:00:00,2.8
EIA_69729,2026-05-28 22:00:00,2.807966
EIA_69730,2026-05-28 22:00:00,2.9
EIA_69731,2026-05-28 22:00:00,1.3
EIA_69732,2026-05-28 22:00:00,5.0
EIA_69733,2026-05-28 22:00:00,4.5
EIA_69734,2026-05-28 22:00:00,1.4
EIA_69735,2026-05-28 22:00:00,5.0
EIA_69736,2026-05-28 22:00:00,1.2
EIA_69737,2026-05-28 22:00:00,2.5
EIA_69739,2026-05-28 22:00:00,4.8
EIA_69740,2026-05-28 22:00:00,6.010957
EIA_69744,2026-05-28 22:00:00,5.0
EIA_69746,2026-05-28 22:00:00,2.0
EIA_69748,2026-05-28 22:00:00,525.0
EIA_69754,2026-05-28 22:00:00,0.2508609
EIA_69757,2026-05-28 22:00:00,1.9352136
EIA_69758,2026-05-28 22:00:00,1.4886259
EIA_69759,2026-05-28 22:00:00,0.6187242
EIA_69774,2026-05-28 22:00:00,2.4
EIA_69800,2026-05-28 22:00:00,5.0
EIA_69801,2026-05-28 22:00:00,0.6529271
EIA_69802,2026-05-28 22:00:00,1.7255248
EIA_69822,2026-05-28 22:00:00,1.0
EIA_69824,2026-05-28 22:00:00,2.0
EIA_69856,2026-05-28 22:00:00,3.0
EIA_69863,2026-05-28 22:00:00,3.7
EIA_69875,2026-05-28 22:00:00,117.0
EIA_141,2026-05-28 23:00:00,0.2
EIA_960,2026-05-28 23:00:00,0.3
EIA_1172,2026-05-28 23:00:00,0.8
EIA_1187,2026-05-28 23:00:00,0.8
EIA_10224,2026-05-28 23:00:00,0.5
EIA_10823,2026-05-28 23:00:00,0.09327717
EIA_50026,2026-05-28 23:00:00,27.5
EIA_50061,2026-05-28 23:00:00,0.8
EIA_56322,2026-05-28 23:00:00,0.5
EIA_57775,2026-05-28 23:00:00,0.5
EIA_57785,2026-05-28 23:00:00,5.0
EIA_57806,2026-05-28 23:00:00,0.4
EIA_58173,2026-05-28 23:00:00,0.011296788
EIA_58413,2026-05-28 23:00:00,54.4
EIA_58422,2026-05-28 23:00:00,1.3
EIA_58556,2026-05-28 23:00:00,10.1
EIA_58689,2026-05-28 23:00:00,0.66370374
EIA_58899,2026-05-28 23:00:00,0.41021407
EIA_59133,2026-05-28 23:00:00,0.7091775
EIA_59272,2026-05-28 23:00:00,1.5
EIA_59776,2026-05-28 23:00:00,0.2
EIA_59786,2026-05-28 23:00:00,3.0
EIA_59988,2026-05-28 23:00:00,1.1
EIA_60452,2026-05-28 23:00:00,1.2234021
EIA_61703,2026-05-28 23:00:00,0.09969219
EIA_61796,2026-05-28 23:00:00,7.5379586
EIA_61820,2026-05-28 23:00:00,0.72467303
EIA_61822,2026-05-28 23:00:00,0.2
EIA_61852,2026-05-28 23:00:00,300.0
EIA_61910,2026-05-28 23:00:00,7.0
EIA_61967,2026-05-28 23:00:00,125.0
EIA_61990,2026-05-28 23:00:00,0.1
EIA_62027,2026-05-28 23:00:00,0.7
EIA_62186,2026-05-28 23:00:00,2.0
EIA_62344,2026-05-28 23:00:00,2.0
EIA_62397,2026-05-28 23:00:00,1.1819801
EIA_62442,2026-05-28 23:00:00,0.5
EIA_62494,2026-05-28 23:00:00,250.0
EIA_62545,2026-05-28 23:00:00,1.7
EIA_62737,2026-05-28 23:00:00,5.0
EIA_62797,2026-05-28 23:00:00,67.91582
EIA_63122,2026-05-28 23:00:00,1.0
EIA_63194,2026-05-28 23:00:00,48.070675
EIA_63211,2026-05-28 23:00:00,27.653233
EIA_63221,2026-05-28 23:00:00,1.0
EIA_63507,2026-05-28 23:00:00,60.0
EIA_63518,2026-05-28 23:00:00,17.140888
EIA_63542,2026-05-28 23:00:00,1.0
EIA_63882,2026-05-28 23:00:00,200.0
EIA_63884,2026-05-28 23:00:00,185.4076
EIA_63946,2026-05-28 23:00:00,2.0
EIA_64117,2026-05-28 23:00:00,4.9
EIA_64132,2026-05-28 23:00:00,200.0
EIA_64210,2026-05-28 23:00:00,373.87482
EIA_64222,2026-05-28 23:00:00,0.29983392
EIA_64223,2026-05-28 23:00:00,0.27637342
EIA_64430,2026-05-28 23:00:00,140.0
EIA_64442,2026-05-28 23:00:00,0.5
EIA_64446,2026-05-28 23:00:00,0.5
EIA_64509,2026-05-28 23:00:00,0.5
EIA_64512,2026-05-28 23:00:00,0.5
EIA_64513,2026-05-28 23:00:00,0.5
EIA_64536,2026-05-28 23:00:00,135.0
EIA_64564,2026-05-28 23:00:00,131.0
EIA_64567,2026-05-28 23:00:00,20.0
EIA_64729,2026-05-28 23:00:00,1.0
EIA_64745,2026-05-28 23:00:00,85.939865
EIA_64858,2026-05-28 23:00:00,110.0
EIA_65006,2026-05-28 23:00:00,1.0
EIA_65024,2026-05-28 23:00:00,0.94071263
EIA_65072,2026-05-28 23:00:00,0.08822307
EIA_65139,2026-05-28 23:00:00,2.859366
EIA_65149,2026-05-28 23:00:00,2.9925358
EIA_65279,2026-05-28 23:00:00,2.0
EIA_65401,2026-05-28 23:00:00,51.8
EIA_65405,2026-05-28 23:00:00,45.0
EIA_65442,2026-05-28 23:00:00,1.0
EIA_65443,2026-05-28 23:00:00,1.0
EIA_65445,2026-05-28 23:00:00,101.29718
EIA_65463,2026-05-28 23:00:00,600.0
EIA_65468,2026-05-28 23:00:00,0.5
EIA_65480,2026-05-28 23:00:00,145.0
EIA_65507,2026-05-28 23:00:00,1.6274046
EIA_65508,2026-05-28 23:00:00,2.0
EIA_65515,2026-05-28 23:00:00,1.0
EIA_65516,2026-05-28 23:00:00,1.0
EIA_65527,2026-05-28 23:00:00,1.5266682
EIA_65572,2026-05-28 23:00:00,250.0
EIA_65616,2026-05-28 23:00:00,2.6
EIA_65644,2026-05-28 23:00:00,326.6
EIA_65659,2026-05-28 23:00:00,1.0
EIA_65827,2026-05-28 23:00:00,5.0
EIA_65849,2026-05-28 23:00:00,180.0
EIA_65885,2026-05-28 23:00:00,74.5
EIA_65887,2026-05-28 23:00:00,21.49311
EIA_65888,2026-05-28 23:00:00,74.5
EIA_65891,2026-05-28 23:00:00,131.0
EIA_65894,2026-05-28 23:00:00,210.0
EIA_65905,2026-05-28 23:00:00,60.032383
EIA_65911,2026-05-28 23:00:00,14.893341
EIA_65913,2026-05-28 23:00:00,6.0057545
EIA_65940,2026-05-28 23:00:00,1.2372884
EIA_66027,2026-05-28 23:00:00,20.515291
EIA_66107,2026-05-28 23:00:00,20.0
EIA_66256,2026-05-28 23:00:00,5.0
EIA_66352,2026-05-28 23:00:00,5.0
EIA_66356,2026-05-28 23:00:00,5.0
EIA_66432,2026-05-28 23:00:00,2.0
EIA_66433,2026-05-28 23:00:00,1.0
EIA_66435,2026-05-28 23:00:00,1.0
EIA_66449,2026-05-28 23:00:00,4.0
EIA_66495,2026-05-28 23:00:00,5.0
EIA_66520,2026-05-28 23:00:00,2.0
EIA_66523,2026-05-28 23:00:00,5.0
EIA_66647,2026-05-28 23:00:00,100.0
EIA_66649,2026-05-28 23:00:00,95.4351
EIA_66654,2026-05-28 23:00:00,0.78289664
EIA_66656,2026-05-28 23:00:00,0.78289664
EIA_66670,2026-05-28 23:00:00,150.0
EIA_66681,2026-05-28 23:00:00,3.704883
EIA_66688,2026-05-28 23:00:00,216.32944
EIA_66739,2026-05-28 23:00:00,0.565199
EIA_66740,2026-05-28 23:00:00,1.1492634
EIA_66756,2026-05-28 23:00:00,40.8
EIA_66760,2026-05-28 23:00:00,3.0
EIA_66774,2026-05-28 23:00:00,408.9
EIA_66775,2026-05-28 23:00:00,200.0
EIA_66827,2026-05-28 23:00:00,0.18359569
EIA_66840,2026-05-28 23:00:00,10.680335
EIA_66842,2026-05-28 23:00:00,64.0
EIA_66844,2026-05-28 23:00:00,150.0
EIA_66860,2026-05-28 23:00:00,100.0
EIA_66872,2026-05-28 23:00:00,28.917809
EIA_66886,2026-05-28 23:00:00,2.4
EIA_66890,2026-05-28 23:00:00,7.635638
EIA_66892,2026-05-28 23:00:00,2.1810358
EIA_66897,2026-05-28 23:00:00,97.5
EIA_66899,2026-05-28 23:00:00,5.8
EIA_66903,2026-05-28 23:00:00,310.0
EIA_66951,2026-05-28 23:00:00,171.96863
EIA_66983,2026-05-28 23:00:00,13.5
EIA_67007,2026-05-28 23:00:00,20.0
EIA_67022,2026-05-28 23:00:00,175.0
EIA_67033,2026-05-28 23:00:00,3.8
EIA_67038,2026-05-28 23:00:00,52.377884
EIA_67046,2026-05-28 23:00:00,210.0
EIA_67075,2026-05-28 23:00:00,72.667175
EIA_67076,2026-05-28 23:00:00,28.827604
EIA_67080,2026-05-28 23:00:00,4.8
EIA_67086,2026-05-28 23:00:00,0.25597203
EIA_67124,2026-05-28 23:00:00,1.5
EIA_67125,2026-05-28 23:00:00,3.3
EIA_67126,2026-05-28 23:00:00,4.3
EIA_67129,2026-05-28 23:00:00,15.256649
EIA_67133,2026-05-28 23:00:00,4.8
EIA_67135,2026-05-28 23:00:00,4.8
EIA_67158,2026-05-28 23:00:00,1.3
EIA_67169,2026-05-28 23:00:00,3.2048326
EIA_67174,2026-05-28 23:00:00,10.0
EIA_67177,2026-05-28 23:00:00,153.0
EIA_67201,2026-05-28 23:00:00,5.9670644
EIA_67204,2026-05-28 23:00:00,100.0
EIA_67216,2026-05-28 23:00:00,18.8
EIA_67217,2026-05-28 23:00:00,20.0
EIA_67218,2026-05-28 23:00:00,20.0
EIA_67219,2026-05-28 23:00:00,20.0
EIA_67234,2026-05-28 23:00:00,0.6036473
EIA_67254,2026-05-28 23:00:00,0.5508656
EIA_67255,2026-05-28 23:00:00,2.0
EIA_67256,2026-05-28 23:00:00,2.0
EIA_67277,2026-05-28 23:00:00,0.5316354
EIA_67288,2026-05-28 23:00:00,1.8704662
EIA_67322,2026-05-28 23:00:00,11.2
EIA_67374,2026-05-28 23:00:00,5.0
EIA_67391,2026-05-28 23:00:00,4.0
EIA_67412,2026-05-28 23:00:00,5.0
EIA_67421,2026-05-28 23:00:00,84.4
EIA_67437,2026-05-28 23:00:00,4.3159633
EIA_67447,2026-05-28 23:00:00,2.3623664
EIA_67469,2026-05-28 23:00:00,0.23532666
EIA_67474,2026-05-28 23:00:00,300.0
EIA_67490,2026-05-28 23:00:00,3.1943552
EIA_67497,2026-05-28 23:00:00,100.0
EIA_67503,2026-05-28 23:00:00,111.208466
EIA_67511,2026-05-28 23:00:00,200.0
EIA_67528,2026-05-28 23:00:00,150.0
EIA_67532,2026-05-28 23:00:00,5.0
EIA_67539,2026-05-28 23:00:00,1.6
EIA_67540,2026-05-28 23:00:00,2.3
EIA_67546,2026-05-28 23:00:00,1.0
EIA_67554,2026-05-28 23:00:00,2.0
EIA_67583,2026-05-28 23:00:00,0.14742546
EIA_67584,2026-05-28 23:00:00,4.378114
EIA_67597,2026-05-28 23:00:00,11.8
EIA_67600,2026-05-28 23:00:00,5.0
EIA_67623,2026-05-28 23:00:00,2.0
EIA_67624,2026-05-28 23:00:00,2.0
EIA_67628,2026-05-28 23:00:00,2.0
EIA_67644,2026-05-28 23:00:00,3.0574877
EIA_67675,2026-05-28 23:00:00,65.0
EIA_67678,2026-05-28 23:00:00,140.0
EIA_67684,2026-05-28 23:00:00,2.0
EIA_67686,2026-05-28 23:00:00,4.9
EIA_67687,2026-05-28 23:00:00,2.0
EIA_67688,2026-05-28 23:00:00,2.0
EIA_67703,2026-05-28 23:00:00,5.0
EIA_67704,2026-05-28 23:00:00,1.4
EIA_67705,2026-05-28 23:00:00,2.3
EIA_67713,2026-05-28 23:00:00,4.0
EIA_67714,2026-05-28 23:00:00,1.5
EIA_67715,2026-05-28 23:00:00,2.0
EIA_67716,2026-05-28 23:00:00,1.9
EIA_67717,2026-05-28 23:00:00,2.0
EIA_67718,2026-05-28 23:00:00,1.9
EIA_67719,2026-05-28 23:00:00,2.0
EIA_67727,2026-05-28 23:00:00,6.0
EIA_67728,2026-05-28 23:00:00,5.0
EIA_67735,2026-05-28 23:00:00,250.0
EIA_67751,2026-05-28 23:00:00,2.0
EIA_67762,2026-05-28 23:00:00,120.135345
EIA_67765,2026-05-28 23:00:00,150.0
EIA_67793,2026-05-28 23:00:00,1.2635417
EIA_67797,2026-05-28 23:00:00,99.67957
EIA_67804,2026-05-28 23:00:00,2.0
EIA_67822,2026-05-28 23:00:00,2.0
EIA_67823,2026-05-28 23:00:00,199.80745
EIA_67834,2026-05-28 23:00:00,48.0
EIA_67850,2026-05-28 23:00:00,42.0
EIA_67859,2026-05-28 23:00:00,2.493955
EIA_67864,2026-05-28 23:00:00,0.94487345
EIA_67867,2026-05-28 23:00:00,67.2
EIA_67872,2026-05-28 23:00:00,150.0
EIA_67873,2026-05-28 23:00:00,60.0
EIA_67900,2026-05-28 23:00:00,3.2
EIA_67901,2026-05-28 23:00:00,1.2
EIA_67930,2026-05-28 23:00:00,200.0
EIA_67943,2026-05-28 23:00:00,3.0
EIA_67957,2026-05-28 23:00:00,7.47951
EIA_67964,2026-05-28 23:00:00,150.0
EIA_67965,2026-05-28 23:00:00,1.3
EIA_67969,2026-05-28 23:00:00,22.0
EIA_67979,2026-05-28 23:00:00,0.46907604
EIA_67997,2026-05-28 23:00:00,28.9
EIA_68008,2026-05-28 23:00:00,5.0
EIA_68010,2026-05-28 23:00:00,5.0
EIA_68023,2026-05-28 23:00:00,12.0
EIA_68025,2026-05-28 23:00:00,3.0
EIA_68026,2026-05-28 23:00:00,4.8
EIA_68037,2026-05-28 23:00:00,5.0
EIA_68060,2026-05-28 23:00:00,75.0
EIA_68077,2026-05-28 23:00:00,20.0
EIA_68088,2026-05-28 23:00:00,40.208157
EIA_68096,2026-05-28 23:00:00,0.05593295
EIA_68102,2026-05-28 23:00:00,0.529666
EIA_68106,2026-05-28 23:00:00,15.256649
EIA_68107,2026-05-28 23:00:00,0.9576722
EIA_68108,2026-05-28 23:00:00,7.5
EIA_68109,2026-05-28 23:00:00,1.3
EIA_68113,2026-05-28 23:00:00,1.4866486
EIA_68114,2026-05-28 23:00:00,5.6405067
EIA_68157,2026-05-28 23:00:00,1.0
EIA_68163,2026-05-28 23:00:00,5.0
EIA_68188,2026-05-28 23:00:00,5.0
EIA_68190,2026-05-28 23:00:00,5.0
EIA_68200,2026-05-28 23:00:00,401.4
EIA_68223,2026-05-28 23:00:00,40.8
EIA_68235,2026-05-28 23:00:00,1.1
EIA_68259,2026-05-28 23:00:00,0.2638267
EIA_68276,2026-05-28 23:00:00,6.6912866
EIA_68279,2026-05-28 23:00:00,0.22209461
EIA_68281,2026-05-28 23:00:00,184.07797
EIA_68286,2026-05-28 23:00:00,4.9
EIA_68327,2026-05-28 23:00:00,1.9180309
EIA_68372,2026-05-28 23:00:00,57.1121
EIA_68398,2026-05-28 23:00:00,5.0
EIA_68418,2026-05-28 23:00:00,120.0
EIA_68427,2026-05-28 23:00:00,7.5703
EIA_68431,2026-05-28 23:00:00,240.0
EIA_68436,2026-05-28 23:00:00,0.55245125
EIA_68442,2026-05-28 23:00:00,4.0
EIA_68458,2026-05-28 23:00:00,7.378167
EIA_68470,2026-05-28 23:00:00,180.0
EIA_68472,2026-05-28 23:00:00,41.648285
EIA_68482,2026-05-28 23:00:00,49.9
EIA_68483,2026-05-28 23:00:00,225.0
EIA_68488,2026-05-28 23:00:00,80.0
EIA_68489,2026-05-28 23:00:00,2.0
EIA_68516,2026-05-28 23:00:00,96.49665
EIA_68523,2026-05-28 23:00:00,0.6201999
EIA_68524,2026-05-28 23:00:00,0.6202343
EIA_68525,2026-05-28 23:00:00,0.62023836
EIA_68530,2026-05-28 23:00:00,2.0
EIA_68534,2026-05-28 23:00:00,150.0
EIA_68536,2026-05-28 23:00:00,132.59329
EIA_68537,2026-05-28 23:00:00,145.0
EIA_68538,2026-05-28 23:00:00,2.3
EIA_68540,2026-05-28 23:00:00,1.3
EIA_68544,2026-05-28 23:00:00,2.0
EIA_68550,2026-05-28 23:00:00,0.8025249
EIA_68551,2026-05-28 23:00:00,63.47326
EIA_68587,2026-05-28 23:00:00,100.0
EIA_68588,2026-05-28 23:00:00,100.0
EIA_68595,2026-05-28 23:00:00,51.919506
EIA_68615,2026-05-28 23:00:00,2.4
EIA_68670,2026-05-28 23:00:00,8.501537
EIA_68674,2026-05-28 23:00:00,3.1325023
EIA_68682,2026-05-28 23:00:00,2.9449425
EIA_68706,2026-05-28 23:00:00,1.9086181
EIA_68708,2026-05-28 23:00:00,0.86605257
EIA_68729,2026-05-28 23:00:00,0.8629473
EIA_68754,2026-05-28 23:00:00,4.3
EIA_68756,2026-05-28 23:00:00,5.0
EIA_68757,2026-05-28 23:00:00,3.5
EIA_68776,2026-05-28 23:00:00,237.1
EIA_68791,2026-05-28 23:00:00,1.1
EIA_68794,2026-05-28 23:00:00,1.5
EIA_68795,2026-05-28 23:00:00,1.7
EIA_68796,2026-05-28 23:00:00,1.1
EIA_68803,2026-05-28 23:00:00,1.5
EIA_68817,2026-05-28 23:00:00,7.5720205
EIA_68820,2026-05-28 23:00:00,6.674791
EIA_68822,2026-05-28 23:00:00,43.53942
EIA_68823,2026-05-28 23:00:00,74.5
EIA_68838,2026-05-28 23:00:00,515.0
EIA_68846,2026-05-28 23:00:00,87.28845
EIA_68856,2026-05-28 23:00:00,58.718693
EIA_68880,2026-05-28 23:00:00,150.0
EIA_68885,2026-05-28 23:00:00,3.0
EIA_68886,2026-05-28 23:00:00,1.8637912
EIA_68892,2026-05-28 23:00:00,0.11203328
EIA_68894,2026-05-28 23:00:00,150.0
EIA_68906,2026-05-28 23:00:00,300.0
EIA_68919,2026-05-28 23:00:00,2.0
EIA_68921,2026-05-28 23:00:00,2.0
EIA_68927,2026-05-28 23:00:00,7.0505004
EIA_68928,2026-05-28 23:00:00,10.8
EIA_68941,2026-05-28 23:00:00,1.5
EIA_68943,2026-05-28 23:00:00,1.8501369
EIA_68944,2026-05-28 23:00:00,0.4534863
EIA_68945,2026-05-28 23:00:00,2.5
EIA_68957,2026-05-28 23:00:00,2.4937942
EIA_68960,2026-05-28 23:00:00,2.0
EIA_68964,2026-05-28 23:00:00,2.7674222
EIA_68966,2026-05-28 23:00:00,2.9450917
EIA_68971,2026-05-28 23:00:00,5.0
EIA_68991,2026-05-28 23:00:00,5.0
EIA_68998,2026-05-28 23:00:00,120.0
EIA_69002,2026-05-28 23:00:00,5.0
EIA_69009,2026-05-28 23:00:00,0.7546915
EIA_69014,2026-05-28 23:00:00,4.7828913
EIA_69015,2026-05-28 23:00:00,5.0
EIA_69016,2026-05-28 23:00:00,4.5
EIA_69017,2026-05-28 23:00:00,3.7
EIA_69018,2026-05-28 23:00:00,5.0
EIA_69027,2026-05-28 23:00:00,100.0
EIA_69031,2026-05-28 23:00:00,2.0
EIA_69032,2026-05-28 23:00:00,3.6
EIA_69033,2026-05-28 23:00:00,2.5302901
EIA_69039,2026-05-28 23:00:00,2.3
EIA_69042,2026-05-28 23:00:00,10.8
EIA_69043,2026-05-28 23:00:00,5.0
EIA_69046,2026-05-28 23:00:00,2.0
EIA_69048,2026-05-28 23:00:00,1.0
EIA_69051,2026-05-28 23:00:00,0.43568346
EIA_69061,2026-05-28 23:00:00,3.7601292
EIA_69062,2026-05-28 23:00:00,3.3378565
EIA_69063,2026-05-28 23:00:00,200.0
EIA_69066,2026-05-28 23:00:00,5.0
EIA_69068,2026-05-28 23:00:00,1.0795922
EIA_69070,2026-05-28 23:00:00,5.0
EIA_69078,2026-05-28 23:00:00,5.0
EIA_69086,2026-05-28 23:00:00,5.0
EIA_69095,2026-05-28 23:00:00,5.0
EIA_69096,2026-05-28 23:00:00,5.0
EIA_69100,2026-05-28 23:00:00,325.0
EIA_69101,2026-05-28 23:00:00,200.0
EIA_69103,2026-05-28 23:00:00,3.6065087
EIA_69104,2026-05-28 23:00:00,2.6240065
EIA_69106,2026-05-28 23:00:00,5.0
EIA_69107,2026-05-28 23:00:00,3.6380458
EIA_69109,2026-05-28 23:00:00,0.43297857
EIA_69112,2026-05-28 23:00:00,1.3
EIA_69113,2026-05-28 23:00:00,2.7
EIA_69114,2026-05-28 23:00:00,1.1110559
EIA_69115,2026-05-28 23:00:00,1.0
EIA_69116,2026-05-28 23:00:00,2.5
EIA_69117,2026-05-28 23:00:00,1.0
EIA_69118,2026-05-28 23:00:00,1.1
EIA_69124,2026-05-28 23:00:00,0.9304811
EIA_69125,2026-05-28 23:00:00,0.93311083
EIA_69126,2026-05-28 23:00:00,0.96515954
EIA_69127,2026-05-28 23:00:00,0.9677618
EIA_69129,2026-05-28 23:00:00,1.2324394
EIA_69130,2026-05-28 23:00:00,4.0
EIA_69131,2026-05-28 23:00:00,1.8474764
EIA_69132,2026-05-28 23:00:00,1.7
EIA_69133,2026-05-28 23:00:00,4.218719
EIA_69134,2026-05-28 23:00:00,0.30150753
EIA_69135,2026-05-28 23:00:00,1.0
EIA_69137,2026-05-28 23:00:00,5.0
EIA_69140,2026-05-28 23:00:00,0.08633745
EIA_69141,2026-05-28 23:00:00,2.8610673
EIA_69142,2026-05-28 23:00:00,1.0
EIA_69143,2026-05-28 23:00:00,120.0
EIA_69145,2026-05-28 23:00:00,0.10213659
EIA_69153,2026-05-28 23:00:00,5.0
EIA_69154,2026-05-28 23:00:00,4.7
EIA_69161,2026-05-28 23:00:00,2.0
EIA_69163,2026-05-28 23:00:00,2.0
EIA_69164,2026-05-28 23:00:00,150.0
EIA_69166,2026-05-28 23:00:00,200.0
EIA_69172,2026-05-28 23:00:00,80.0
EIA_69179,2026-05-28 23:00:00,4.600082
EIA_69183,2026-05-28 23:00:00,2.0
EIA_69187,2026-05-28 23:00:00,19.219414
EIA_69188,2026-05-28 23:00:00,2.9
EIA_69190,2026-05-28 23:00:00,1.6
EIA_69192,2026-05-28 23:00:00,10.0
EIA_69193,2026-05-28 23:00:00,2.5
EIA_69201,2026-05-28 23:00:00,2.0
EIA_69210,2026-05-28 23:00:00,1.1
EIA_69212,2026-05-28 23:00:00,5.0
EIA_69213,2026-05-28 23:00:00,5.0
EIA_69214,2026-05-28 23:00:00,5.0
EIA_69216,2026-05-28 23:00:00,5.0
EIA_69219,2026-05-28 23:00:00,3.0
EIA_69221,2026-05-28 23:00:00,1.2
EIA_69227,2026-05-28 23:00:00,3.0008004
EIA_69228,2026-05-28 23:00:00,3.3875782
EIA_69230,2026-05-28 23:00:00,5.0
EIA_69233,2026-05-28 23:00:00,1.0
EIA_69235,2026-05-28 23:00:00,20.0
EIA_69236,2026-05-28 23:00:00,34.19486
EIA_69240,2026-05-28 23:00:00,5.0
EIA_69241,2026-05-28 23:00:00,4.372798
EIA_69243,2026-05-28 23:00:00,2.6
EIA_69247,2026-05-28 23:00:00,0.078300364
EIA_69248,2026-05-28 23:00:00,1.0
EIA_69261,2026-05-28 23:00:00,10.0
EIA_69263,2026-05-28 23:00:00,10.0
EIA_69264,2026-05-28 23:00:00,3.5
EIA_69265,2026-05-28 23:00:00,5.4901953
EIA_69273,2026-05-28 23:00:00,1.6791342
EIA_69280,2026-05-28 23:00:00,5.0
EIA_69281,2026-05-28 23:00:00,5.0
EIA_69284,2026-05-28 23:00:00,2.460389
EIA_69285,2026-05-28 23:00:00,2.8
EIA_69287,2026-05-28 23:00:00,9.9
EIA_69288,2026-05-28 23:00:00,1.6
EIA_69289,2026-05-28 23:00:00,9.9
EIA_69303,2026-05-28 23:00:00,1.0
EIA_69304,2026-05-28 23:00:00,1.0
EIA_69306,2026-05-28 23:00:00,8.8
EIA_69307,2026-05-28 23:00:00,1.0
EIA_69314,2026-05-28 23:00:00,2.0
EIA_69315,2026-05-28 23:00:00,5.0
EIA_69316,2026-05-28 23:00:00,5.0
EIA_69317,2026-05-28 23:00:00,5.0
EIA_69319,2026-05-28 23:00:00,129.03745
EIA_69320,2026-05-28 23:00:00,480.0
EIA_69321,2026-05-28 23:00:00,96.1329
EIA_69325,2026-05-28 23:00:00,2.0
EIA_69326,2026-05-28 23:00:00,2.0
EIA_69328,2026-05-28 23:00:00,0.46494207
EIA_69330,2026-05-28 23:00:00,5.0
EIA_69354,2026-05-28 23:00:00,74.9
EIA_69355,2026-05-28 23:00:00,74.9
EIA_69368,2026-05-28 23:00:00,4.5
EIA_69370,2026-05-28 23:00:00,1.8
EIA_69374,2026-05-28 23:00:00,1.5
EIA_69378,2026-05-28 23:00:00,1.5
EIA_69379,2026-05-28 23:00:00,2.7850003
EIA_69380,2026-05-28 23:00:00,2.450732
EIA_69381,2026-05-28 23:00:00,0.21315347
EIA_69382,2026-05-28 23:00:00,0.3736981
EIA_69386,2026-05-28 23:00:00,0.032059778
EIA_69387,2026-05-28 23:00:00,5.0
EIA_69388,2026-05-28 23:00:00,100.0
EIA_69389,2026-05-28 23:00:00,5.0
EIA_69390,2026-05-28 23:00:00,5.0
EIA_69391,2026-05-28 23:00:00,4.5080447
EIA_69395,2026-05-28 23:00:00,2.3
EIA_69396,2026-05-28 23:00:00,2.4
EIA_69397,2026-05-28 23:00:00,2.0
EIA_69399,2026-05-28 23:00:00,3.5
EIA_69400,2026-05-28 23:00:00,5.0
EIA_69401,2026-05-28 23:00:00,5.0
EIA_69402,2026-05-28 23:00:00,0.02309246
EIA_69405,2026-05-28 23:00:00,4.001516
EIA_69406,2026-05-28 23:00:00,4.001494
EIA_69408,2026-05-28 23:00:00,2.1
EIA_69409,2026-05-28 23:00:00,5.0
EIA_69410,2026-05-28 23:00:00,5.0
EIA_69412,2026-05-28 23:00:00,3.0
EIA_69414,2026-05-28 23:00:00,270.0
EIA_69419,2026-05-28 23:00:00,5.0
EIA_69420,2026-05-28 23:00:00,2.0
EIA_69421,2026-05-28 23:00:00,5.0
EIA_69425,2026-05-28 23:00:00,2.400909
EIA_69428,2026-05-28 23:00:00,250.0
EIA_69430,2026-05-28 23:00:00,6.0
EIA_69431,2026-05-28 23:00:00,5.0
EIA_69432,2026-05-28 23:00:00,6.0
EIA_69433,2026-05-28 23:00:00,6.0
EIA_69434,2026-05-28 23:00:00,2.0
EIA_69439,2026-05-28 23:00:00,5.0
EIA_69440,2026-05-28 23:00:00,5.0
EIA_69441,2026-05-28 23:00:00,2.6
EIA_69442,2026-05-28 23:00:00,5.0
EIA_69443,2026-05-28 23:00:00,2.3
EIA_69447,2026-05-28 23:00:00,1.9405303
EIA_69448,2026-05-28 23:00:00,3.9120224
EIA_69476,2026-05-28 23:00:00,100.0
EIA_69483,2026-05-28 23:00:00,1.0360619
EIA_69484,2026-05-28 23:00:00,3.0
EIA_69485,2026-05-28 23:00:00,2.5
EIA_69486,2026-05-28 23:00:00,2.5
EIA_69487,2026-05-28 23:00:00,2.5
EIA_69488,2026-05-28 23:00:00,2.5
EIA_69489,2026-05-28 23:00:00,3.0
EIA_69490,2026-05-28 23:00:00,2.5
EIA_69491,2026-05-28 23:00:00,2.5
EIA_69492,2026-05-28 23:00:00,2.5
EIA_69493,2026-05-28 23:00:00,2.5
EIA_69494,2026-05-28 23:00:00,2.5
EIA_69495,2026-05-28 23:00:00,2.5
EIA_69498,2026-05-28 23:00:00,8.8
EIA_69499,2026-05-28 23:00:00,18.534132
EIA_69500,2026-05-28 23:00:00,3.8
EIA_69501,2026-05-28 23:00:00,6.0
EIA_69502,2026-05-28 23:00:00,4.0
EIA_69503,2026-05-28 23:00:00,6.0
EIA_69505,2026-05-28 23:00:00,14.8
EIA_69518,2026-05-28 23:00:00,2.0
EIA_69519,2026-05-28 23:00:00,3.0
EIA_69525,2026-05-28 23:00:00,4.3
EIA_69526,2026-05-28 23:00:00,5.0
EIA_69527,2026-05-28 23:00:00,5.0
EIA_69528,2026-05-28 23:00:00,3.0
EIA_69529,2026-05-28 23:00:00,2.832456
EIA_69530,2026-05-28 23:00:00,4.988218
EIA_69531,2026-05-28 23:00:00,0.069472805
EIA_69532,2026-05-28 23:00:00,5.0
EIA_69536,2026-05-28 23:00:00,3.0495856
EIA_69538,2026-05-28 23:00:00,13.808328
EIA_69542,2026-05-28 23:00:00,5.0
EIA_69543,2026-05-28 23:00:00,3.3
EIA_69544,2026-05-28 23:00:00,0.22345747
EIA_69545,2026-05-28 23:00:00,0.9214178
EIA_69546,2026-05-28 23:00:00,0.45122045
EIA_69550,2026-05-28 23:00:00,117.0
EIA_69557,2026-05-28 23:00:00,4.7766237
EIA_69561,2026-05-28 23:00:00,0.9985534
EIA_69563,2026-05-28 23:00:00,1.1771759
EIA_69564,2026-05-28 23:00:00,1.9
EIA_69565,2026-05-28 23:00:00,4.9
EIA_69567,2026-05-28 23:00:00,3.0
EIA_69568,2026-05-28 23:00:00,0.0031940567
EIA_69569,2026-05-28 23:00:00,0.032836463
EIA_69570,2026-05-28 23:00:00,12.0
EIA_69571,2026-05-28 23:00:00,5.0
EIA_69572,2026-05-28 23:00:00,5.0
EIA_69573,2026-05-28 23:00:00,5.0
EIA_69580,2026-05-28 23:00:00,1.1
EIA_69581,2026-05-28 23:00:00,1.141891
EIA_69587,2026-05-28 23:00:00,1.4
EIA_69596,2026-05-28 23:00:00,4.0
EIA_69597,2026-05-28 23:00:00,5.0
EIA_69598,2026-05-28 23:00:00,2.0
EIA_69599,2026-05-28 23:00:00,2.0
EIA_69600,2026-05-28 23:00:00,5.0
EIA_69601,2026-05-28 23:00:00,2.0
EIA_69604,2026-05-28 23:00:00,19.9
EIA_69612,2026-05-28 23:00:00,1.6491872
EIA_69613,2026-05-28 23:00:00,1.6493181
EIA_69615,2026-05-28 23:00:00,1.6493189
EIA_69617,2026-05-28 23:00:00,2.8
EIA_69618,2026-05-28 23:00:00,0.57983357
EIA_69621,2026-05-28 23:00:00,5.0
EIA_69622,2026-05-28 23:00:00,5.0
EIA_69623,2026-05-28 23:00:00,2.0
EIA_69624,2026-05-28 23:00:00,5.0
EIA_69630,2026-05-28 23:00:00,1.0
EIA_69645,2026-05-28 23:00:00,1.0
EIA_69646,2026-05-28 23:00:00,1.0
EIA_69651,2026-05-28 23:00:00,2.0
EIA_69652,2026-05-28 23:00:00,1.5225713
EIA_69653,2026-05-28 23:00:00,1.5225713
EIA_69655,2026-05-28 23:00:00,5.0
EIA_69656,2026-05-28 23:00:00,2.3
EIA_69675,2026-05-28 23:00:00,273.6
EIA_69676,2026-05-28 23:00:00,95.98515
EIA_69680,2026-05-28 23:00:00,113.1
EIA_69682,2026-05-28 23:00:00,1.0
EIA_69683,2026-05-28 23:00:00,1.3
EIA_69686,2026-05-28 23:00:00,6.094379
EIA_69692,2026-05-28 23:00:00,5.0
EIA_69693,2026-05-28 23:00:00,0.32399032
EIA_69696,2026-05-28 23:00:00,1.533631
EIA_69700,2026-05-28 23:00:00,4.7
EIA_69703,2026-05-28 23:00:00,1.3773643
EIA_69705,2026-05-28 23:00:00,0.83972204
EIA_69707,2026-05-28 23:00:00,0.9579144
EIA_69709,2026-05-28 23:00:00,0.012295061
EIA_69712,2026-05-28 23:00:00,0.6
EIA_69714,2026-05-28 23:00:00,3.6
EIA_69715,2026-05-28 23:00:00,0.012295362
EIA_69716,2026-05-28 23:00:00,4.0
EIA_69717,2026-05-28 23:00:00,4.8378377
EIA_69718,2026-05-28 23:00:00,4.6443243
EIA_69719,2026-05-28 23:00:00,2.8
EIA_69729,2026-05-28 23:00:00,2.945507
EIA_69730,2026-05-28 23:00:00,2.9
EIA_69731,2026-05-28 23:00:00,1.3
EIA_69732,2026-05-28 23:00:00,5.0
EIA_69733,2026-05-28 23:00:00,4.5
EIA_69734,2026-05-28 23:00:00,1.4
EIA_69735,2026-05-28 23:00:00,5.0
EIA_69736,2026-05-28 23:00:00,0.035112716
EIA_69737,2026-05-28 23:00:00,2.5
EIA_69739,2026-05-28 23:00:00,4.8
EIA_69740,2026-05-28 23:00:00,5.230507
EIA_69744,2026-05-28 23:00:00,5.0
EIA_69746,2026-05-28 23:00:00,2.0
EIA_69748,2026-05-28 23:00:00,525.0
EIA_69754,2026-05-28 23:00:00,2.3375921
EIA_69757,2026-05-28 23:00:00,2.1335807
EIA_69758,2026-05-28 23:00:00,1.6412159
EIA_69759,2026-05-28 23:00:00,1.4
EIA_69774,2026-05-28 23:00:00,1.6319547
EIA_69800,2026-05-28 23:00:00,5.0
EIA_69801,2026-05-28 23:00:00,1.8978909
EIA_69802,2026-05-28 23:00:00,3.3040233
EIA_69822,2026-05-28 23:00:00,0.93182045
EIA_69824,2026-05-28 23:00:00,1.7610475
EIA_69856,2026-05-28 23:00:00,3.0
EIA_69863,2026-05-28 23:00:00,3.7
EIA_69875,2026-05-28 23:00:00,117.0
EIA_141,2026-05-29 00:00:00,0.2
EIA_960,2026-05-29 00:00:00,0.3
EIA_1172,2026-05-29 00:00:00,0.8
EIA_1187,2026-05-29 00:00:00,0.11981316
EIA_10224,2026-05-29 00:00:00,0.0045729345
EIA_50026,2026-05-29 00:00:00,27.5
EIA_50061,2026-05-29 00:00:00,0.8
EIA_56322,2026-05-29 00:00:00,0.5
EIA_57775,2026-05-29 00:00:00,0.5
EIA_57785,2026-05-29 00:00:00,5.0
EIA_57806,2026-05-29 00:00:00,0.4
EIA_58173,2026-05-29 00:00:00,0.048526175
EIA_58413,2026-05-29 00:00:00,54.4
EIA_58422,2026-05-29 00:00:00,1.2777667
EIA_58556,2026-05-29 00:00:00,8.427161
EIA_58689,2026-05-29 00:00:00,1.3
EIA_58899,2026-05-29 00:00:00,0.5
EIA_59133,2026-05-29 00:00:00,1.0
EIA_59272,2026-05-29 00:00:00,1.5
EIA_59776,2026-05-29 00:00:00,0.17374475
EIA_59786,2026-05-29 00:00:00,3.0
EIA_59988,2026-05-29 00:00:00,0.8919112
EIA_60452,2026-05-29 00:00:00,0.006199782
EIA_61796,2026-05-29 00:00:00,7.314833
EIA_61820,2026-05-29 00:00:00,0.0035118752
EIA_61822,2026-05-29 00:00:00,0.0020440794
EIA_61852,2026-05-29 00:00:00,300.0
EIA_61910,2026-05-29 00:00:00,7.0
EIA_61967,2026-05-29 00:00:00,125.0
EIA_61990,2026-05-29 00:00:00,0.094152085
EIA_62027,2026-05-29 00:00:00,0.0073149744
EIA_62186,2026-05-29 00:00:00,0.6238084
EIA_62344,2026-05-29 00:00:00,0.13819489
EIA_62397,2026-05-29 00:00:00,0.023496453
EIA_62442,2026-05-29 00:00:00,0.5
EIA_62494,2026-05-29 00:00:00,250.0
EIA_62545,2026-05-29 00:00:00,1.7
EIA_62737,2026-05-29 00:00:00,2.7318163
EIA_62797,2026-05-29 00:00:00,71.28692
EIA_63122,2026-05-29 00:00:00,1.0
EIA_63194,2026-05-29 00:00:00,233.28372
EIA_63211,2026-05-29 00:00:00,246.4982
EIA_63221,2026-05-29 00:00:00,1.0
EIA_63507,2026-05-29 00:00:00,60.0
EIA_63542,2026-05-29 00:00:00,0.57660174
EIA_63882,2026-05-29 00:00:00,42.080013
EIA_63884,2026-05-29 00:00:00,310.0
EIA_63946,2026-05-29 00:00:00,1.838469
EIA_64117,2026-05-29 00:00:00,1.3794761
EIA_64132,2026-05-29 00:00:00,0.2739294
EIA_64210,2026-05-29 00:00:00,500.0
EIA_64222,2026-05-29 00:00:00,0.20009655
EIA_64223,2026-05-29 00:00:00,0.07445659
EIA_64430,2026-05-29 00:00:00,1.4225105
EIA_64442,2026-05-29 00:00:00,0.003987258
EIA_64446,2026-05-29 00:00:00,0.5
EIA_64509,2026-05-29 00:00:00,0.12870884
EIA_64512,2026-05-29 00:00:00,0.15667465
EIA_64513,2026-05-29 00:00:00,0.13214463
EIA_64536,2026-05-29 00:00:00,126.59988
EIA_64564,2026-05-29 00:00:00,131.0
EIA_64567,2026-05-29 00:00:00,16.091774
EIA_64729,2026-05-29 00:00:00,1.0
EIA_64745,2026-05-29 00:00:00,41.690113
EIA_64858,2026-05-29 00:00:00,80.78698
EIA_65006,2026-05-29 00:00:00,1.0
EIA_65024,2026-05-29 00:00:00,0.9152242
EIA_65072,2026-05-29 00:00:00,0.003353738
EIA_65139,2026-05-29 00:00:00,0.004119965
EIA_65149,2026-05-29 00:00:00,0.017781591
EIA_65279,2026-05-29 00:00:00,0.018982401
EIA_65401,2026-05-29 00:00:00,48.599426
EIA_65405,2026-05-29 00:00:00,45.0
EIA_65442,2026-05-29 00:00:00,1.0
EIA_65443,2026-05-29 00:00:00,1.0
EIA_65445,2026-05-29 00:00:00,61.770172
EIA_65463,2026-05-29 00:00:00,572.63336
EIA_65468,2026-05-29 00:00:00,0.0047719567
EIA_65480,2026-05-29 00:00:00,145.0
EIA_65507,2026-05-29 00:00:00,1.7452451
EIA_65508,2026-05-29 00:00:00,2.0
EIA_65515,2026-05-29 00:00:00,1.0
EIA_65516,2026-05-29 00:00:00,1.0
EIA_65527,2026-05-29 00:00:00,0.5635709
EIA_65572,2026-05-29 00:00:00,228.74396
EIA_65616,2026-05-29 00:00:00,2.6
EIA_65644,2026-05-29 00:00:00,326.6
EIA_65659,2026-05-29 00:00:00,1.0
EIA_65827,2026-05-29 00:00:00,2.2703679
EIA_65849,2026-05-29 00:00:00,180.0
EIA_65885,2026-05-29 00:00:00,0.44511357
EIA_65887,2026-05-29 00:00:00,5.6643844
EIA_65888,2026-05-29 00:00:00,45.755688
EIA_65891,2026-05-29 00:00:00,131.0
EIA_65894,2026-05-29 00:00:00,210.0
EIA_65905,2026-05-29 00:00:00,0.54527855
EIA_65911,2026-05-29 00:00:00,28.844028
EIA_65940,2026-05-29 00:00:00,1.1176512
EIA_66027,2026-05-29 00:00:00,14.049823
EIA_66107,2026-05-29 00:00:00,15.886391
EIA_66256,2026-05-29 00:00:00,2.2750623
EIA_66352,2026-05-29 00:00:00,2.0768254
EIA_66356,2026-05-29 00:00:00,1.0606818
EIA_66432,2026-05-29 00:00:00,2.0
EIA_66433,2026-05-29 00:00:00,1.0
EIA_66435,2026-05-29 00:00:00,1.0
EIA_66449,2026-05-29 00:00:00,1.1086743
EIA_66495,2026-05-29 00:00:00,0.061723668
EIA_66520,2026-05-29 00:00:00,2.0
EIA_66523,2026-05-29 00:00:00,2.2542253
EIA_66647,2026-05-29 00:00:00,86.18032
EIA_66649,2026-05-29 00:00:00,20.33528
EIA_66654,2026-05-29 00:00:00,0.674626
EIA_66656,2026-05-29 00:00:00,0.674626
EIA_66670,2026-05-29 00:00:00,150.0
EIA_66681,2026-05-29 00:00:00,25.146347
EIA_66688,2026-05-29 00:00:00,277.2196
EIA_66739,2026-05-29 00:00:00,0.13395782
EIA_66740,2026-05-29 00:00:00,0.14731309
EIA_66756,2026-05-29 00:00:00,33.220455
EIA_66760,2026-05-29 00:00:00,3.0
EIA_66774,2026-05-29 00:00:00,408.9
EIA_66775,2026-05-29 00:00:00,200.0
EIA_66827,2026-05-29 00:00:00,0.7256967
EIA_66840,2026-05-29 00:00:00,0.59654385
EIA_66842,2026-05-29 00:00:00,0.8394343
EIA_66844,2026-05-29 00:00:00,1.7399826
EIA_66860,2026-05-29 00:00:00,72.43568
EIA_66872,2026-05-29 00:00:00,135.52896
EIA_66886,2026-05-29 00:00:00,1.3527637
EIA_66890,2026-05-29 00:00:00,1.89376
EIA_66892,2026-05-29 00:00:00,2.4170794
EIA_66897,2026-05-29 00:00:00,97.5
EIA_66899,2026-05-29 00:00:00,2.300649
EIA_66903,2026-05-29 00:00:00,310.0
EIA_66951,2026-05-29 00:00:00,154.33577
EIA_66983,2026-05-29 00:00:00,13.5
EIA_67007,2026-05-29 00:00:00,11.376856
EIA_67022,2026-05-29 00:00:00,83.95449
EIA_67033,2026-05-29 00:00:00,0.24993539
EIA_67038,2026-05-29 00:00:00,17.610416
EIA_67046,2026-05-29 00:00:00,210.0
EIA_67075,2026-05-29 00:00:00,79.117424
EIA_67076,2026-05-29 00:00:00,50.369595
EIA_67080,2026-05-29 00:00:00,3.921471
EIA_67124,2026-05-29 00:00:00,0.92103523
EIA_67125,2026-05-29 00:00:00,2.4735708
EIA_67126,2026-05-29 00:00:00,2.438175
EIA_67129,2026-05-29 00:00:00,2.6316807
EIA_67133,2026-05-29 00:00:00,3.4041376
EIA_67135,2026-05-29 00:00:00,2.7962549
EIA_67158,2026-05-29 00:00:00,0.89463246
EIA_67169,2026-05-29 00:00:00,4.822388
EIA_67174,2026-05-29 00:00:00,3.4982693
EIA_67177,2026-05-29 00:00:00,153.0
EIA_67201,2026-05-29 00:00:00,4.271099
EIA_67204,2026-05-29 00:00:00,100.0
EIA_67216,2026-05-29 00:00:00,7.6562457
EIA_67217,2026-05-29 00:00:00,8.18253
EIA_67218,2026-05-29 00:00:00,9.562929
EIA_67219,2026-05-29 00:00:00,0.17499769
EIA_67234,2026-05-29 00:00:00,0.6695504
EIA_67254,2026-05-29 00:00:00,0.034825645
EIA_67255,2026-05-29 00:00:00,1.9812965
EIA_67256,2026-05-29 00:00:00,2.0
EIA_67277,2026-05-29 00:00:00,0.6
EIA_67288,2026-05-29 00:00:00,2.0232787
EIA_67322,2026-05-29 00:00:00,3.2089105
EIA_67374,2026-05-29 00:00:00,1.9511175
EIA_67391,2026-05-29 00:00:00,0.03843266
EIA_67412,2026-05-29 00:00:00,0.56045085
EIA_67421,2026-05-29 00:00:00,0.84196764
EIA_67437,2026-05-29 00:00:00,2.1544034
EIA_67474,2026-05-29 00:00:00,300.0
EIA_67490,2026-05-29 00:00:00,0.015369139
EIA_67497,2026-05-29 00:00:00,100.0
EIA_67503,2026-05-29 00:00:00,94.20931
EIA_67511,2026-05-29 00:00:00,200.0
EIA_67528,2026-05-29 00:00:00,49.30901
EIA_67532,2026-05-29 00:00:00,2.1305695
EIA_67539,2026-05-29 00:00:00,1.6
EIA_67540,2026-05-29 00:00:00,2.3
EIA_67546,2026-05-29 00:00:00,1.0
EIA_67554,2026-05-29 00:00:00,2.0
EIA_67583,2026-05-29 00:00:00,0.0060736383
EIA_67584,2026-05-29 00:00:00,1.8441195
EIA_67597,2026-05-29 00:00:00,11.8
EIA_67600,2026-05-29 00:00:00,1.7894137
EIA_67623,2026-05-29 00:00:00,2.0
EIA_67624,2026-05-29 00:00:00,2.0
EIA_67628,2026-05-29 00:00:00,2.0
EIA_67644,2026-05-29 00:00:00,4.975489
EIA_67675,2026-05-29 00:00:00,25.505234
EIA_67678,2026-05-29 00:00:00,110.19689
EIA_67684,2026-05-29 00:00:00,1.8641846
EIA_67686,2026-05-29 00:00:00,4.9
EIA_67687,2026-05-29 00:00:00,2.0
EIA_67688,2026-05-29 00:00:00,1.9276725
EIA_67703,2026-05-29 00:00:00,0.81663984
EIA_67704,2026-05-29 00:00:00,1.4
EIA_67705,2026-05-29 00:00:00,2.3
EIA_67713,2026-05-29 00:00:00,3.9244757
EIA_67714,2026-05-29 00:00:00,1.5
EIA_67715,2026-05-29 00:00:00,2.0
EIA_67716,2026-05-29 00:00:00,1.9
EIA_67717,2026-05-29 00:00:00,0.28353173
EIA_67718,2026-05-29 00:00:00,1.9
EIA_67719,2026-05-29 00:00:00,2.0
EIA_67727,2026-05-29 00:00:00,6.0
EIA_67728,2026-05-29 00:00:00,5.0
EIA_67735,2026-05-29 00:00:00,214.90877
EIA_67751,2026-05-29 00:00:00,2.0
EIA_67762,2026-05-29 00:00:00,16.82389
EIA_67765,2026-05-29 00:00:00,150.0
EIA_67793,2026-05-29 00:00:00,1.0561196
EIA_67797,2026-05-29 00:00:00,62.519985
EIA_67804,2026-05-29 00:00:00,2.0
EIA_67822,2026-05-29 00:00:00,2.0
EIA_67823,2026-05-29 00:00:00,120.34131
EIA_67834,2026-05-29 00:00:00,28.825642
EIA_67850,2026-05-29 00:00:00,42.0
EIA_67859,2026-05-29 00:00:00,2.6977048
EIA_67864,2026-05-29 00:00:00,0.036103394
EIA_67867,2026-05-29 00:00:00,67.2
EIA_67872,2026-05-29 00:00:00,128.70682
EIA_67873,2026-05-29 00:00:00,51.432343
EIA_67900,2026-05-29 00:00:00,0.03515906
EIA_67901,2026-05-29 00:00:00,0.013184647
EIA_67930,2026-05-29 00:00:00,180.65997
EIA_67943,2026-05-29 00:00:00,3.0
EIA_67957,2026-05-29 00:00:00,4.493326
EIA_67964,2026-05-29 00:00:00,150.0
EIA_67965,2026-05-29 00:00:00,1.3
EIA_67969,2026-05-29 00:00:00,9.589192
EIA_67979,2026-05-29 00:00:00,0.014225218
EIA_67997,2026-05-29 00:00:00,13.343452
EIA_68008,2026-05-29 00:00:00,2.2172449
EIA_68010,2026-05-29 00:00:00,1.9562969
EIA_68023,2026-05-29 00:00:00,12.0
EIA_68025,2026-05-29 00:00:00,1.7046741
EIA_68026,2026-05-29 00:00:00,2.7277796
EIA_68037,2026-05-29 00:00:00,0.9279767
EIA_68060,2026-05-29 00:00:00,31.03927
EIA_68077,2026-05-29 00:00:00,6.393267
EIA_68088,2026-05-29 00:00:00,45.544712
EIA_68096,2026-05-29 00:00:00,0.22438781
EIA_68106,2026-05-29 00:00:00,2.6316807
EIA_68107,2026-05-29 00:00:00,0.22017622
EIA_68108,2026-05-29 00:00:00,4.554795
EIA_68109,2026-05-29 00:00:00,0.7902195
EIA_68113,2026-05-29 00:00:00,0.005692017
EIA_68114,2026-05-29 00:00:00,3.2366838
EIA_68157,2026-05-29 00:00:00,1.0
EIA_68163,2026-05-29 00:00:00,1.7989143
EIA_68188,2026-05-29 00:00:00,2.6787882
EIA_68190,2026-05-29 00:00:00,2.6766596
EIA_68200,2026-05-29 00:00:00,401.4
EIA_68223,2026-05-29 00:00:00,16.258953
EIA_68235,2026-05-29 00:00:00,1.0849409
EIA_68259,2026-05-29 00:00:00,1.3330333
EIA_68276,2026-05-29 00:00:00,0.18972518
EIA_68281,2026-05-29 00:00:00,300.0
EIA_68286,2026-05-29 00:00:00,0.55966085
EIA_68327,2026-05-29 00:00:00,0.0016219241
EIA_68372,2026-05-29 00:00:00,25.931149
EIA_68398,2026-05-29 00:00:00,5.0
EIA_68418,2026-05-29 00:00:00,33.279522
EIA_68427,2026-05-29 00:00:00,10.677575
EIA_68431,2026-05-29 00:00:00,176.6261
EIA_68436,2026-05-29 00:00:00,0.13114558
EIA_68442,2026-05-29 00:00:00,4.0
EIA_68458,2026-05-29 00:00:00,229.43079
EIA_68470,2026-05-29 00:00:00,180.0
EIA_68472,2026-05-29 00:00:00,1.4354967
EIA_68482,2026-05-29 00:00:00,35.727245
EIA_68483,2026-05-29 00:00:00,225.0
EIA_68488,2026-05-29 00:00:00,80.0
EIA_68489,2026-05-29 00:00:00,1.9755967
EIA_68516,2026-05-29 00:00:00,12.665682
EIA_68523,2026-05-29 00:00:00,0.7
EIA_68524,2026-05-29 00:00:00,0.7
EIA_68525,2026-05-29 00:00:00,0.7
EIA_68530,2026-05-29 00:00:00,2.0
EIA_68534,2026-05-29 00:00:00,52.822647
EIA_68536,2026-05-29 00:00:00,95.1936
EIA_68537,2026-05-29 00:00:00,145.0
EIA_68538,2026-05-29 00:00:00,2.2443175
EIA_68540,2026-05-29 00:00:00,0.12900458
EIA_68544,2026-05-29 00:00:00,1.9753374
EIA_68550,2026-05-29 00:00:00,2.3
EIA_68551,2026-05-29 00:00:00,18.709028
EIA_68587,2026-05-29 00:00:00,100.0
EIA_68588,2026-05-29 00:00:00,100.0
EIA_68595,2026-05-29 00:00:00,7.15064
EIA_68615,2026-05-29 00:00:00,0.02508058
EIA_68670,2026-05-29 00:00:00,5.922864
EIA_68674,2026-05-29 00:00:00,0.017770005
EIA_68682,2026-05-29 00:00:00,0.012192155
EIA_68706,2026-05-29 00:00:00,0.7544532
EIA_68708,2026-05-29 00:00:00,0.38122645
EIA_68729,2026-05-29 00:00:00,0.32355997
EIA_68754,2026-05-29 00:00:00,4.3
EIA_68756,2026-05-29 00:00:00,5.0
EIA_68757,2026-05-29 00:00:00,3.5
EIA_68776,2026-05-29 00:00:00,237.1
EIA_68791,2026-05-29 00:00:00,1.1
EIA_68794,2026-05-29 00:00:00,1.5
EIA_68795,2026-05-29 00:00:00,1.7
EIA_68796,2026-05-29 00:00:00,1.1
EIA_68803,2026-05-29 00:00:00,0.41303706
EIA_68820,2026-05-29 00:00:00,40.407345
EIA_68822,2026-05-29 00:00:00,0.79281306
EIA_68823,2026-05-29 00:00:00,0.18339686
EIA_68838,2026-05-29 00:00:00,515.0
EIA_68846,2026-05-29 00:00:00,148.0
EIA_68856,2026-05-29 00:00:00,64.67033
EIA_68880,2026-05-29 00:00:00,129.66579
EIA_68885,2026-05-29 00:00:00,1.0780289
EIA_68886,2026-05-29 00:00:00,0.022273956
EIA_68892,2026-05-29 00:00:00,0.19298004
EIA_68894,2026-05-29 00:00:00,121.18218
EIA_68906,2026-05-29 00:00:00,9.118092
EIA_68919,2026-05-29 00:00:00,0.6818632
EIA_68921,2026-05-29 00:00:00,0.3388005
EIA_68927,2026-05-29 00:00:00,8.734867
EIA_68928,2026-05-29 00:00:00,10.8
EIA_68941,2026-05-29 00:00:00,1.5
EIA_68943,2026-05-29 00:00:00,2.7415466
EIA_68944,2026-05-29 00:00:00,0.39574134
EIA_68945,2026-05-29 00:00:00,2.5
EIA_68957,2026-05-29 00:00:00,0.7434216
EIA_68960,2026-05-29 00:00:00,1.9849458
EIA_68964,2026-05-29 00:00:00,0.90707135
EIA_68966,2026-05-29 00:00:00,0.014717126
EIA_68971,2026-05-29 00:00:00,1.5543882
EIA_68991,2026-05-29 00:00:00,5.0
EIA_68998,2026-05-29 00:00:00,120.0
EIA_69002,2026-05-29 00:00:00,0.041893344
EIA_69009,2026-05-29 00:00:00,0.42168087
EIA_69014,2026-05-29 00:00:00,0.00686675
EIA_69015,2026-05-29 00:00:00,5.0
EIA_69016,2026-05-29 00:00:00,1.0131881
EIA_69017,2026-05-29 00:00:00,3.7
EIA_69018,2026-05-29 00:00:00,2.2539535
EIA_69027,2026-05-29 00:00:00,100.0
EIA_69031,2026-05-29 00:00:00,0.018407915
EIA_69032,2026-05-29 00:00:00,3.6
EIA_69033,2026-05-29 00:00:00,4.9
EIA_69039,2026-05-29 00:00:00,2.3
EIA_69042,2026-05-29 00:00:00,10.8
EIA_69043,2026-05-29 00:00:00,4.985846
EIA_69046,2026-05-29 00:00:00,2.0
EIA_69048,2026-05-29 00:00:00,0.9632594
EIA_69051,2026-05-29 00:00:00,0.031386603
EIA_69061,2026-05-29 00:00:00,1.5734662
EIA_69062,2026-05-29 00:00:00,1.5477035
EIA_69063,2026-05-29 00:00:00,172.52425
EIA_69066,2026-05-29 00:00:00,1.7474772
EIA_69068,2026-05-29 00:00:00,1.9254905
EIA_69070,2026-05-29 00:00:00,4.8443356
EIA_69078,2026-05-29 00:00:00,2.1049957
EIA_69086,2026-05-29 00:00:00,2.2215881
EIA_69095,2026-05-29 00:00:00,1.9950056
EIA_69096,2026-05-29 00:00:00,2.4740448
EIA_69100,2026-05-29 00:00:00,325.0
EIA_69101,2026-05-29 00:00:00,33.035236
EIA_69103,2026-05-29 00:00:00,5.0
EIA_69104,2026-05-29 00:00:00,2.7440472
EIA_69106,2026-05-29 00:00:00,5.0
EIA_69107,2026-05-29 00:00:00,5.0
EIA_69109,2026-05-29 00:00:00,0.4332475
EIA_69112,2026-05-29 00:00:00,0.014362566
EIA_69113,2026-05-29 00:00:00,0.7656099
EIA_69114,2026-05-29 00:00:00,0.7554954
EIA_69115,2026-05-29 00:00:00,1.0
EIA_69116,2026-05-29 00:00:00,0.9900349
EIA_69117,2026-05-29 00:00:00,0.39592186
EIA_69118,2026-05-29 00:00:00,0.37386018
EIA_69126,2026-05-29 00:00:00,0.0029183405
EIA_69127,2026-05-29 00:00:00,0.002805311
EIA_69129,2026-05-29 00:00:00,0.0021160995
EIA_69130,2026-05-29 00:00:00,0.035493825
EIA_69131,2026-05-29 00:00:00,0.0083812
EIA_69132,2026-05-29 00:00:00,1.7
EIA_69135,2026-05-29 00:00:00,0.12261285
EIA_69137,2026-05-29 00:00:00,5.0
EIA_69140,2026-05-29 00:00:00,0.36509752
EIA_69141,2026-05-29 00:00:00,0.050299507
EIA_69142,2026-05-29 00:00:00,1.0
EIA_69143,2026-05-29 00:00:00,109.892494
EIA_69145,2026-05-29 00:00:00,0.037407808
EIA_69153,2026-05-29 00:00:00,0.12457565
EIA_69154,2026-05-29 00:00:00,0.1171013
EIA_69161,2026-05-29 00:00:00,1.8575224
EIA_69163,2026-05-29 00:00:00,1.9984564
EIA_69164,2026-05-29 00:00:00,144.64554
EIA_69166,2026-05-29 00:00:00,130.25073
EIA_69172,2026-05-29 00:00:00,14.543775
EIA_69179,2026-05-29 00:00:00,0.0620806
EIA_69183,2026-05-29 00:00:00,2.0
EIA_69187,2026-05-29 00:00:00,5.451024
EIA_69188,2026-05-29 00:00:00,2.8980813
EIA_69190,2026-05-29 00:00:00,1.6
EIA_69192,2026-05-29 00:00:00,10.0
EIA_69193,2026-05-29 00:00:00,2.5
EIA_69201,2026-05-29 00:00:00,1.9321998
EIA_69210,2026-05-29 00:00:00,1.1
EIA_69212,2026-05-29 00:00:00,1.9248444
EIA_69213,2026-05-29 00:00:00,5.0
EIA_69214,2026-05-29 00:00:00,1.3794906
EIA_69216,2026-05-29 00:00:00,1.477567
EIA_69219,2026-05-29 00:00:00,1.3096522
EIA_69221,2026-05-29 00:00:00,0.011605591
EIA_69227,2026-05-29 00:00:00,0.006232791
EIA_69228,2026-05-29 00:00:00,0.02471444
EIA_69230,2026-05-29 00:00:00,5.0
EIA_69233,2026-05-29 00:00:00,0.92370117
EIA_69235,2026-05-29 00:00:00,8.189451
EIA_69236,2026-05-29 00:00:00,50.0
EIA_69240,2026-05-29 00:00:00,5.0
EIA_69241,2026-05-29 00:00:00,3.8974385
EIA_69243,2026-05-29 00:00:00,2.6
EIA_69247,2026-05-29 00:00:00,0.011740719
EIA_69248,2026-05-29 00:00:00,1.0
EIA_69261,2026-05-29 00:00:00,10.0
EIA_69263,2026-05-29 00:00:00,10.0
EIA_69264,2026-05-29 00:00:00,3.5
EIA_69265,2026-05-29 00:00:00,3.9146025
EIA_69273,2026-05-29 00:00:00,0.0010826667
EIA_69280,2026-05-29 00:00:00,0.018665295
EIA_69281,2026-05-29 00:00:00,0.01866498
EIA_69284,2026-05-29 00:00:00,0.036694422
EIA_69285,2026-05-29 00:00:00,0.7905766
EIA_69287,2026-05-29 00:00:00,9.9
EIA_69288,2026-05-29 00:00:00,1.6
EIA_69289,2026-05-29 00:00:00,9.9
EIA_69303,2026-05-29 00:00:00,1.0
EIA_69304,2026-05-29 00:00:00,1.0
EIA_69307,2026-05-29 00:00:00,1.0
EIA_69314,2026-05-29 00:00:00,2.0
EIA_69315,2026-05-29 00:00:00,4.8436966
EIA_69316,2026-05-29 00:00:00,4.414575
EIA_69317,2026-05-29 00:00:00,4.8019733
EIA_69319,2026-05-29 00:00:00,23.622417
EIA_69320,2026-05-29 00:00:00,480.0
EIA_69321,2026-05-29 00:00:00,17.598701
EIA_69325,2026-05-29 00:00:00,1.9304073
EIA_69326,2026-05-29 00:00:00,1.9304073
EIA_69328,2026-05-29 00:00:00,0.019154966
EIA_69330,2026-05-29 00:00:00,4.8377585
EIA_69354,2026-05-29 00:00:00,1.2603972
EIA_69355,2026-05-29 00:00:00,1.3300698
EIA_69368,2026-05-29 00:00:00,4.5
EIA_69370,2026-05-29 00:00:00,1.8
EIA_69374,2026-05-29 00:00:00,0.5766541
EIA_69378,2026-05-29 00:00:00,1.5
EIA_69379,2026-05-29 00:00:00,0.030137187
EIA_69380,2026-05-29 00:00:00,0.02651798
EIA_69381,2026-05-29 00:00:00,0.4928598
EIA_69382,2026-05-29 00:00:00,0.4321424
EIA_69387,2026-05-29 00:00:00,4.8421617
EIA_69388,2026-05-29 00:00:00,100.0
EIA_69389,2026-05-29 00:00:00,2.0726266
EIA_69390,2026-05-29 00:00:00,2.0726266
EIA_69391,2026-05-29 00:00:00,0.060837746
EIA_69395,2026-05-29 00:00:00,0.6790083
EIA_69396,2026-05-29 00:00:00,1.1836026
EIA_69397,2026-05-29 00:00:00,1.9535633
EIA_69398,2026-05-29 00:00:00,0.026382275
EIA_69399,2026-05-29 00:00:00,1.0345771
EIA_69400,2026-05-29 00:00:00,2.4581506
EIA_69401,2026-05-29 00:00:00,4.8214383
EIA_69402,2026-05-29 00:00:00,0.037939772
EIA_69405,2026-05-29 00:00:00,0.055954933
EIA_69406,2026-05-29 00:00:00,0.0559538
EIA_69408,2026-05-29 00:00:00,2.1
EIA_69409,2026-05-29 00:00:00,2.138879
EIA_69410,2026-05-29 00:00:00,2.1348035
EIA_69412,2026-05-29 00:00:00,1.2808791
EIA_69414,2026-05-29 00:00:00,270.0
EIA_69419,2026-05-29 00:00:00,4.9929295
EIA_69420,2026-05-29 00:00:00,1.8873501
EIA_69421,2026-05-29 00:00:00,4.9429703
EIA_69425,2026-05-29 00:00:00,0.033572905
EIA_69428,2026-05-29 00:00:00,214.8425
EIA_69430,2026-05-29 00:00:00,6.0
EIA_69431,2026-05-29 00:00:00,5.0
EIA_69432,2026-05-29 00:00:00,6.0
EIA_69433,2026-05-29 00:00:00,6.0
EIA_69434,2026-05-29 00:00:00,0.018348465
EIA_69439,2026-05-29 00:00:00,4.6191626
EIA_69440,2026-05-29 00:00:00,4.7682242
EIA_69441,2026-05-29 00:00:00,2.5664952
EIA_69442,2026-05-29 00:00:00,4.910891
EIA_69443,2026-05-29 00:00:00,0.021639109
EIA_69447,2026-05-29 00:00:00,0.009933997
EIA_69448,2026-05-29 00:00:00,0.01905109
EIA_69476,2026-05-29 00:00:00,100.0
EIA_69483,2026-05-29 00:00:00,1.5353307
EIA_69484,2026-05-29 00:00:00,3.0
EIA_69485,2026-05-29 00:00:00,2.5
EIA_69486,2026-05-29 00:00:00,2.5
EIA_69487,2026-05-29 00:00:00,2.5
EIA_69488,2026-05-29 00:00:00,2.5
EIA_69489,2026-05-29 00:00:00,3.0
EIA_69490,2026-05-29 00:00:00,2.5
EIA_69491,2026-05-29 00:00:00,2.5
EIA_69492,2026-05-29 00:00:00,2.5
EIA_69493,2026-05-29 00:00:00,2.5
EIA_69494,2026-05-29 00:00:00,2.5
EIA_69495,2026-05-29 00:00:00,2.5
EIA_69498,2026-05-29 00:00:00,0.11393139
EIA_69499,2026-05-29 00:00:00,0.018374335
EIA_69500,2026-05-29 00:00:00,1.4742007
EIA_69501,2026-05-29 00:00:00,6.0
EIA_69502,2026-05-29 00:00:00,4.0
EIA_69503,2026-05-29 00:00:00,6.0
EIA_69505,2026-05-29 00:00:00,5.8091345
EIA_69518,2026-05-29 00:00:00,0.2640279
EIA_69519,2026-05-29 00:00:00,0.39604074
EIA_69525,2026-05-29 00:00:00,0.05540597
EIA_69526,2026-05-29 00:00:00,5.0
EIA_69527,2026-05-29 00:00:00,5.0
EIA_69528,2026-05-29 00:00:00,3.0
EIA_69529,2026-05-29 00:00:00,0.43885505
EIA_69530,2026-05-29 00:00:00,1.5472691
EIA_69532,2026-05-29 00:00:00,5.0
EIA_69536,2026-05-29 00:00:00,3.4262862
EIA_69538,2026-05-29 00:00:00,15.641012
EIA_69542,2026-05-29 00:00:00,1.6299548
EIA_69543,2026-05-29 00:00:00,1.7798823
EIA_69550,2026-05-29 00:00:00,82.63222
EIA_69557,2026-05-29 00:00:00,1.1814908
EIA_69561,2026-05-29 00:00:00,0.026809378
EIA_69563,2026-05-29 00:00:00,2.3
EIA_69564,2026-05-29 00:00:00,0.5487903
EIA_69565,2026-05-29 00:00:00,1.3879129
EIA_69567,2026-05-29 00:00:00,1.1493179
EIA_69570,2026-05-29 00:00:00,4.6565447
EIA_69571,2026-05-29 00:00:00,0.36049485
EIA_69572,2026-05-29 00:00:00,4.976267
EIA_69573,2026-05-29 00:00:00,5.0
EIA_69580,2026-05-29 00:00:00,1.1
EIA_69581,2026-05-29 00:00:00,0.0031801537
EIA_69587,2026-05-29 00:00:00,0.28667685
EIA_69596,2026-05-29 00:00:00,0.052082445
EIA_69597,2026-05-29 00:00:00,0.06510254
EIA_69598,2026-05-29 00:00:00,1.9596577
EIA_69599,2026-05-29 00:00:00,1.9500161
EIA_69600,2026-05-29 00:00:00,2.632665
EIA_69601,2026-05-29 00:00:00,1.0530249
EIA_69604,2026-05-29 00:00:00,14.852259
EIA_69612,2026-05-29 00:00:00,0.42379937
EIA_69613,2026-05-29 00:00:00,0.42379937
EIA_69615,2026-05-29 00:00:00,0.42379937
EIA_69617,2026-05-29 00:00:00,2.8
EIA_69618,2026-05-29 00:00:00,0.14477065
EIA_69621,2026-05-29 00:00:00,1.3703407
EIA_69622,2026-05-29 00:00:00,0.1369363
EIA_69623,2026-05-29 00:00:00,0.8726732
EIA_69624,2026-05-29 00:00:00,2.181683
EIA_69630,2026-05-29 00:00:00,0.9926357
EIA_69645,2026-05-29 00:00:00,1.0
EIA_69646,2026-05-29 00:00:00,0.31710273
EIA_69651,2026-05-29 00:00:00,1.9817078
EIA_69652,2026-05-29 00:00:00,0.90059835
EIA_69653,2026-05-29 00:00:00,0.90059835
EIA_69655,2026-05-29 00:00:00,0.8731095
EIA_69656,2026-05-29 00:00:00,2.0657673
EIA_69675,2026-05-29 00:00:00,250.34366
EIA_69676,2026-05-29 00:00:00,99.56764
EIA_69680,2026-05-29 00:00:00,67.87958
EIA_69682,2026-05-29 00:00:00,1.0
EIA_69683,2026-05-29 00:00:00,0.96532583
EIA_69686,2026-05-29 00:00:00,1.81906
EIA_69692,2026-05-29 00:00:00,5.0
EIA_69696,2026-05-29 00:00:00,0.028888319
EIA_69700,2026-05-29 00:00:00,2.0794044
EIA_69703,2026-05-29 00:00:00,0.036880348
EIA_69707,2026-05-29 00:00:00,0.0039724186
EIA_69712,2026-05-29 00:00:00,0.6
EIA_69714,2026-05-29 00:00:00,1.8323238
EIA_69716,2026-05-29 00:00:00,0.040232338
EIA_69717,2026-05-29 00:00:00,2.3502972
EIA_69718,2026-05-29 00:00:00,2.2562852
EIA_69719,2026-05-29 00:00:00,0.8547321
EIA_69729,2026-05-29 00:00:00,0.0149185695
EIA_69730,2026-05-29 00:00:00,2.9
EIA_69731,2026-05-29 00:00:00,1.3
EIA_69732,2026-05-29 00:00:00,5.0
EIA_69733,2026-05-29 00:00:00,4.5
EIA_69734,2026-05-29 00:00:00,1.4
EIA_69735,2026-05-29 00:00:00,4.5166736
EIA_69736,2026-05-29 00:00:00,0.0054443195
EIA_69737,2026-05-29 00:00:00,1.7003008
EIA_69739,2026-05-29 00:00:00,4.20908
EIA_69740,2026-05-29 00:00:00,2.430046
EIA_69744,2026-05-29 00:00:00,1.4493155
EIA_69746,2026-05-29 00:00:00,0.025177646
EIA_69748,2026-05-29 00:00:00,525.0
EIA_69754,2026-05-29 00:00:00,0.029262409
EIA_69757,2026-05-29 00:00:00,2.6
EIA_69758,2026-05-29 00:00:00,2.0
EIA_69759,2026-05-29 00:00:00,1.4
EIA_69774,2026-05-29 00:00:00,0.84470433
EIA_69800,2026-05-29 00:00:00,0.6022282
EIA_69801,2026-05-29 00:00:00,0.0036052915
EIA_69802,2026-05-29 00:00:00,0.0048675607
EIA_69824,2026-05-29 00:00:00,0.0020345133
EIA_69856,2026-05-29 00:00:00,3.0
EIA_69863,2026-05-29 00:00:00,3.7
EIA_69875,2026-05-29 00:00:00,84.56259
EIA_141,2026-05-29 01:00:00,0.2
EIA_960,2026-05-29 01:00:00,0.00439355
EIA_1172,2026-05-29 01:00:00,0.40906185
EIA_1187,2026-05-29 01:00:00,0.03754372
EIA_50026,2026-05-29 01:00:00,8.02447
EIA_50061,2026-05-29 01:00:00,0.8
EIA_56322,2026-05-29 01:00:00,0.5
EIA_57775,2026-05-29 01:00:00,0.5
EIA_57785,2026-05-29 01:00:00,5.0
EIA_57806,2026-05-29 01:00:00,0.4
EIA_58413,2026-05-29 01:00:00,54.4
EIA_58422,2026-05-29 01:00:00,1.3
EIA_58689,2026-05-29 01:00:00,0.45884013
EIA_58899,2026-05-29 01:00:00,0.5
EIA_59133,2026-05-29 01:00:00,1.0
EIA_59272,2026-05-29 01:00:00,1.5
EIA_59776,2026-05-29 01:00:00,0.0014554844
EIA_59786,2026-05-29 01:00:00,3.0
EIA_61852,2026-05-29 01:00:00,300.0
EIA_61910,2026-05-29 01:00:00,0.06015529
EIA_61967,2026-05-29 01:00:00,70.07451
EIA_62442,2026-05-29 01:00:00,0.3531008
EIA_62494,2026-05-29 01:00:00,148.03036
EIA_62545,2026-05-29 01:00:00,1.7
EIA_63122,2026-05-29 01:00:00,0.6412674
EIA_63194,2026-05-29 01:00:00,62.735752
EIA_63211,2026-05-29 01:00:00,78.34451
EIA_63221,2026-05-29 01:00:00,0.49774832
EIA_63507,2026-05-29 01:00:00,60.0
EIA_63542,2026-05-29 01:00:00,0.5761354
EIA_63882,2026-05-29 01:00:00,26.96384
EIA_63884,2026-05-29 01:00:00,39.561733
EIA_64132,2026-05-29 01:00:00,2.188923
EIA_64210,2026-05-29 01:00:00,419.77197
EIA_64222,2026-05-29 01:00:00,0.07630772
EIA_64223,2026-05-29 01:00:00,0.04415984
EIA_64446,2026-05-29 01:00:00,0.5
EIA_64564,2026-05-29 01:00:00,131.0
EIA_64729,2026-05-29 01:00:00,0.30843532
EIA_64745,2026-05-29 01:00:00,150.0
EIA_64858,2026-05-29 01:00:00,17.532867
EIA_65006,2026-05-29 01:00:00,0.5600013
EIA_65024,2026-05-29 01:00:00,0.19332556
EIA_65072,2026-05-29 01:00:00,0.3
EIA_65405,2026-05-29 01:00:00,25.093159
EIA_65442,2026-05-29 01:00:00,0.26927042
EIA_65443,2026-05-29 01:00:00,0.5200381
EIA_65463,2026-05-29 01:00:00,443.17172
EIA_65480,2026-05-29 01:00:00,145.0
EIA_65507,2026-05-29 01:00:00,0.0361898
EIA_65508,2026-05-29 01:00:00,0.023775859
EIA_65515,2026-05-29 01:00:00,0.5348955
EIA_65516,2026-05-29 01:00:00,0.5351199
EIA_65527,2026-05-29 01:00:00,2.0212755
EIA_65572,2026-05-29 01:00:00,0.39758083
EIA_65616,2026-05-29 01:00:00,2.353859
EIA_65644,2026-05-29 01:00:00,48.82303
EIA_65659,2026-05-29 01:00:00,0.30379665
EIA_65849,2026-05-29 01:00:00,51.66229
EIA_65891,2026-05-29 01:00:00,42.402252
EIA_65894,2026-05-29 01:00:00,76.17168
EIA_65940,2026-05-29 01:00:00,0.14442721
EIA_66432,2026-05-29 01:00:00,2.0
EIA_66433,2026-05-29 01:00:00,0.5524011
EIA_66435,2026-05-29 01:00:00,0.2692687
EIA_66520,2026-05-29 01:00:00,0.04019872
EIA_66670,2026-05-29 01:00:00,150.0
EIA_66688,2026-05-29 01:00:00,104.37345
EIA_66739,2026-05-29 01:00:00,0.13294746
EIA_66740,2026-05-29 01:00:00,0.11151868
EIA_66760,2026-05-29 01:00:00,1.1446044
EIA_66774,2026-05-29 01:00:00,156.1438
EIA_66775,2026-05-29 01:00:00,84.50444
EIA_66872,2026-05-29 01:00:00,72.140526
EIA_66890,2026-05-29 01:00:00,1.1274416
EIA_66892,2026-05-29 01:00:00,4.4
EIA_66897,2026-05-29 01:00:00,2.679329
EIA_66903,2026-05-29 01:00:00,128.02603
EIA_66951,2026-05-29 01:00:00,104.9646
EIA_66983,2026-05-29 01:00:00,13.5
EIA_67046,2026-05-29 01:00:00,59.839634
EIA_67169,2026-05-29 01:00:00,5.0
EIA_67174,2026-05-29 01:00:00,0.9925976
EIA_67177,2026-05-29 01:00:00,24.891478
EIA_67201,2026-05-29 01:00:00,0.85245484
EIA_67204,2026-05-29 01:00:00,100.0
EIA_67234,2026-05-29 01:00:00,0.7
EIA_67255,2026-05-29 01:00:00,0.014408272
EIA_67256,2026-05-29 01:00:00,0.02633138
EIA_67277,2026-05-29 01:00:00,0.6
EIA_67288,2026-05-29 01:00:00,0.926873
EIA_67322,2026-05-29 01:00:00,11.2
EIA_67474,2026-05-29 01:00:00,300.0
EIA_67497,2026-05-29 01:00:00,100.0
EIA_67503,2026-05-29 01:00:00,170.0
EIA_67511,2026-05-29 01:00:00,200.0
EIA_67528,2026-05-29 01:00:00,9.97327
EIA_67539,2026-05-29 01:00:00,0.51744884
EIA_67540,2026-05-29 01:00:00,0.7225536
EIA_67546,2026-05-29 01:00:00,0.6379706
EIA_67554,2026-05-29 01:00:00,0.6168834
EIA_67597,2026-05-29 01:00:00,3.9837189
EIA_67623,2026-05-29 01:00:00,0.022810254
EIA_67624,2026-05-29 01:00:00,0.6116843
EIA_67628,2026-05-29 01:00:00,0.60555655
EIA_67644,2026-05-29 01:00:00,0.036392685
EIA_67686,2026-05-29 01:00:00,0.061140206
EIA_67687,2026-05-29 01:00:00,0.5917343
EIA_67688,2026-05-29 01:00:00,0.0067042587
EIA_67703,2026-05-29 01:00:00,0.17127363
EIA_67704,2026-05-29 01:00:00,0.4087376
EIA_67705,2026-05-29 01:00:00,0.67154115
EIA_67713,2026-05-29 01:00:00,0.024986763
EIA_67714,2026-05-29 01:00:00,0.017240971
EIA_67715,2026-05-29 01:00:00,0.014737628
EIA_67716,2026-05-29 01:00:00,0.014000711
EIA_67718,2026-05-29 01:00:00,0.5319804
EIA_67719,2026-05-29 01:00:00,0.5598982
EIA_67727,2026-05-29 01:00:00,0.06723599
EIA_67728,2026-05-29 01:00:00,1.4568034
EIA_67751,2026-05-29 01:00:00,0.58211213
EIA_67762,2026-05-29 01:00:00,55.91278
EIA_67765,2026-05-29 01:00:00,67.30893
EIA_67793,2026-05-29 01:00:00,0.294742
EIA_67797,2026-05-29 01:00:00,27.253038
EIA_67804,2026-05-29 01:00:00,0.6303354
EIA_67822,2026-05-29 01:00:00,0.6305373
EIA_67823,2026-05-29 01:00:00,43.11399
EIA_67850,2026-05-29 01:00:00,42.0
EIA_67859,2026-05-29 01:00:00,1.2358307
EIA_67867,2026-05-29 01:00:00,0.38088074
EIA_67943,2026-05-29 01:00:00,1.8457184
EIA_67964,2026-05-29 01:00:00,150.0
EIA_67965,2026-05-29 01:00:00,0.41531497
EIA_68023,2026-05-29 01:00:00,12.0
EIA_68088,2026-05-29 01:00:00,3.555082
EIA_68157,2026-05-29 01:00:00,0.635771
EIA_68200,2026-05-29 01:00:00,80.44936
EIA_68235,2026-05-29 01:00:00,0.007827074
EIA_68281,2026-05-29 01:00:00,300.0
EIA_68398,2026-05-29 01:00:00,2.4439921
EIA_68427,2026-05-29 01:00:00,7.9068193
EIA_68436,2026-05-29 01:00:00,0.07660093
EIA_68442,2026-05-29 01:00:00,4.0
EIA_68458,2026-05-29 01:00:00,0.24063423
EIA_68470,2026-05-29 01:00:00,1.6006857
EIA_68483,2026-05-29 01:00:00,72.842834
EIA_68488,2026-05-29 01:00:00,71.46427
EIA_68489,2026-05-29 01:00:00,0.011982253
EIA_68523,2026-05-29 01:00:00,0.7
EIA_68524,2026-05-29 01:00:00,0.7
EIA_68525,2026-05-29 01:00:00,0.7
EIA_68530,2026-05-29 01:00:00,0.66321826
EIA_68537,2026-05-29 01:00:00,102.58536
EIA_68538,2026-05-29 01:00:00,0.009709248
EIA_68540,2026-05-29 01:00:00,0.27098438
EIA_68544,2026-05-29 01:00:00,0.011982304
EIA_68550,2026-05-29 01:00:00,0.98298883
EIA_68587,2026-05-29 01:00:00,69.458466
EIA_68588,2026-05-29 01:00:00,69.458466
EIA_68706,2026-05-29 01:00:00,0.1345552
EIA_68708,2026-05-29 01:00:00,0.10663274
EIA_68729,2026-05-29 01:00:00,0.061142113
EIA_68754,2026-05-29 01:00:00,1.3606237
EIA_68756,2026-05-29 01:00:00,1.4169362
EIA_68757,2026-05-29 01:00:00,0.049307197
EIA_68776,2026-05-29 01:00:00,147.22475
EIA_68791,2026-05-29 01:00:00,1.1
EIA_68794,2026-05-29 01:00:00,1.5
EIA_68795,2026-05-29 01:00:00,1.7
EIA_68796,2026-05-29 01:00:00,1.1
EIA_68838,2026-05-29 01:00:00,202.6145
EIA_68846,2026-05-29 01:00:00,18.009525
EIA_68856,2026-05-29 01:00:00,2.788561
EIA_68880,2026-05-29 01:00:00,30.78399
EIA_68906,2026-05-29 01:00:00,22.722834
EIA_68919,2026-05-29 01:00:00,0.011895515
EIA_68921,2026-05-29 01:00:00,0.022745308
EIA_68927,2026-05-29 01:00:00,0.8126736
EIA_68928,2026-05-29 01:00:00,0.11289148
EIA_68941,2026-05-29 01:00:00,1.3999995
EIA_68943,2026-05-29 01:00:00,0.5632232
EIA_68944,2026-05-29 01:00:00,0.51831853
EIA_68945,2026-05-29 01:00:00,2.444109
EIA_68957,2026-05-29 01:00:00,0.7993108
EIA_68960,2026-05-29 01:00:00,0.016493058
EIA_68964,2026-05-29 01:00:00,1.1204659
EIA_68991,2026-05-29 01:00:00,4.953642
EIA_68998,2026-05-29 01:00:00,0.86833805
EIA_69009,2026-05-29 01:00:00,0.07625026
EIA_69015,2026-05-29 01:00:00,1.3314669
EIA_69016,2026-05-29 01:00:00,0.56620085
EIA_69017,2026-05-29 01:00:00,3.6654973
EIA_69027,2026-05-29 01:00:00,34.760998
EIA_69032,2026-05-29 01:00:00,0.04084415
EIA_69033,2026-05-29 01:00:00,0.05477167
EIA_69039,2026-05-29 01:00:00,2.3
EIA_69042,2026-05-29 01:00:00,10.8
EIA_69043,2026-05-29 01:00:00,0.04280061
EIA_69046,2026-05-29 01:00:00,0.02540497
EIA_69048,2026-05-29 01:00:00,0.3374229
EIA_69061,2026-05-29 01:00:00,0.89411616
EIA_69062,2026-05-29 01:00:00,1.4235708
EIA_69066,2026-05-29 01:00:00,0.78430253
EIA_69068,2026-05-29 01:00:00,0.9966889
EIA_69070,2026-05-29 01:00:00,0.020175803
EIA_69100,2026-05-29 01:00:00,318.9705
EIA_69101,2026-05-29 01:00:00,6.5530343
EIA_69103,2026-05-29 01:00:00,5.0
EIA_69104,2026-05-29 01:00:00,4.5080357
EIA_69106,2026-05-29 01:00:00,4.797615
EIA_69107,2026-05-29 01:00:00,1.7302698
EIA_69114,2026-05-29 01:00:00,0.43035388
EIA_69115,2026-05-29 01:00:00,0.6271014
EIA_69132,2026-05-29 01:00:00,1.7
EIA_69137,2026-05-29 01:00:00,3.7134402
EIA_69142,2026-05-29 01:00:00,0.5324415
EIA_69145,2026-05-29 01:00:00,0.0047045704
EIA_69163,2026-05-29 01:00:00,0.014547025
EIA_69164,2026-05-29 01:00:00,0.4678362
EIA_69183,2026-05-29 01:00:00,0.021894084
EIA_69188,2026-05-29 01:00:00,0.021093113
EIA_69190,2026-05-29 01:00:00,1.6
EIA_69192,2026-05-29 01:00:00,7.9317374
EIA_69193,2026-05-29 01:00:00,0.026717579
EIA_69201,2026-05-29 01:00:00,0.0070825955
EIA_69210,2026-05-29 01:00:00,1.1
EIA_69213,2026-05-29 01:00:00,1.4921066
EIA_69230,2026-05-29 01:00:00,0.18970956
EIA_69233,2026-05-29 01:00:00,1.0
EIA_69236,2026-05-29 01:00:00,3.0082264
EIA_69240,2026-05-29 01:00:00,1.3706393
EIA_69241,2026-05-29 01:00:00,1.081477
EIA_69243,2026-05-29 01:00:00,0.70514977
EIA_69248,2026-05-29 01:00:00,1.0
EIA_69261,2026-05-29 01:00:00,3.2964208
EIA_69263,2026-05-29 01:00:00,3.2651389
EIA_69264,2026-05-29 01:00:00,3.5
EIA_69265,2026-05-29 01:00:00,0.109628856
EIA_69287,2026-05-29 01:00:00,9.9
EIA_69288,2026-05-29 01:00:00,1.6
EIA_69289,2026-05-29 01:00:00,3.8778245
EIA_69303,2026-05-29 01:00:00,0.5583814
EIA_69304,2026-05-29 01:00:00,0.6765338
EIA_69307,2026-05-29 01:00:00,0.55889773
EIA_69314,2026-05-29 01:00:00,0.018730411
EIA_69315,2026-05-29 01:00:00,0.018973617
EIA_69316,2026-05-29 01:00:00,0.039467417
EIA_69317,2026-05-29 01:00:00,0.015675984
EIA_69320,2026-05-29 01:00:00,5.3663573
EIA_69325,2026-05-29 01:00:00,0.0054432354
EIA_69326,2026-05-29 01:00:00,0.0054432354
EIA_69330,2026-05-29 01:00:00,0.021134116
EIA_69368,2026-05-29 01:00:00,2.4270132
EIA_69370,2026-05-29 01:00:00,1.8
EIA_69378,2026-05-29 01:00:00,0.5799934
EIA_69387,2026-05-29 01:00:00,0.017275954
EIA_69388,2026-05-29 01:00:00,55.01586
EIA_69397,2026-05-29 01:00:00,0.010996608
EIA_69401,2026-05-29 01:00:00,0.020359652
EIA_69408,2026-05-29 01:00:00,2.1
EIA_69414,2026-05-29 01:00:00,100.604164
EIA_69419,2026-05-29 01:00:00,0.047666054
EIA_69421,2026-05-29 01:00:00,0.020951131
EIA_69430,2026-05-29 01:00:00,1.6852529
EIA_69431,2026-05-29 01:00:00,1.5226868
EIA_69432,2026-05-29 01:00:00,2.3584952
EIA_69433,2026-05-29 01:00:00,1.6392455
EIA_69440,2026-05-29 01:00:00,0.016343035
EIA_69441,2026-05-29 01:00:00,0.01958245
EIA_69442,2026-05-29 01:00:00,0.008278864
EIA_69476,2026-05-29 01:00:00,32.624935
EIA_69483,2026-05-29 01:00:00,0.31541228
EIA_69484,2026-05-29 01:00:00,1.6629962
EIA_69485,2026-05-29 01:00:00,1.1837381
EIA_69486,2026-05-29 01:00:00,1.3586239
EIA_69487,2026-05-29 01:00:00,1.2508627
EIA_69488,2026-05-29 01:00:00,1.2512687
EIA_69489,2026-05-29 01:00:00,1.50887
EIA_69490,2026-05-29 01:00:00,1.0952722
EIA_69491,2026-05-29 01:00:00,1.1896795
EIA_69492,2026-05-29 01:00:00,1.2729942
EIA_69493,2026-05-29 01:00:00,1.4139975
EIA_69494,2026-05-29 01:00:00,1.3446672
EIA_69495,2026-05-29 01:00:00,1.3975736
EIA_69501,2026-05-29 01:00:00,0.061329026
EIA_69502,2026-05-29 01:00:00,0.043383226
EIA_69503,2026-05-29 01:00:00,1.9227269
EIA_69518,2026-05-29 01:00:00,0.06993796
EIA_69519,2026-05-29 01:00:00,0.10490695
EIA_69526,2026-05-29 01:00:00,0.9456182
EIA_69527,2026-05-29 01:00:00,1.5136805
EIA_69528,2026-05-29 01:00:00,2.4757197
EIA_69529,2026-05-29 01:00:00,0.26072314
EIA_69530,2026-05-29 01:00:00,0.5818915
EIA_69532,2026-05-29 01:00:00,4.756338
EIA_69538,2026-05-29 01:00:00,1.22089
EIA_69557,2026-05-29 01:00:00,0.7170723
EIA_69563,2026-05-29 01:00:00,2.3
EIA_69572,2026-05-29 01:00:00,0.03875817
EIA_69573,2026-05-29 01:00:00,0.06080184
EIA_69580,2026-05-29 01:00:00,0.67158765
EIA_69587,2026-05-29 01:00:00,0.017980365
EIA_69598,2026-05-29 01:00:00,0.008195205
EIA_69599,2026-05-29 01:00:00,0.008335714
EIA_69612,2026-05-29 01:00:00,0.43666342
EIA_69613,2026-05-29 01:00:00,0.43667635
EIA_69615,2026-05-29 01:00:00,0.436687
EIA_69617,2026-05-29 01:00:00,1.4828575
EIA_69630,2026-05-29 01:00:00,0.009191887
EIA_69645,2026-05-29 01:00:00,0.2637418
EIA_69651,2026-05-29 01:00:00,0.011554376
EIA_69652,2026-05-29 01:00:00,0.15702456
EIA_69653,2026-05-29 01:00:00,0.15702456
EIA_69655,2026-05-29 01:00:00,0.023166403
EIA_69682,2026-05-29 01:00:00,1.0
EIA_69686,2026-05-29 01:00:00,0.75147825
EIA_69692,2026-05-29 01:00:00,0.05259829
EIA_69712,2026-05-29 01:00:00,0.6
EIA_69730,2026-05-29 01:00:00,2.9
EIA_69731,2026-05-29 01:00:00,0.011659694
EIA_69734,2026-05-29 01:00:00,1.4
EIA_69737,2026-05-29 01:00:00,2.5
EIA_69740,2026-05-29 01:00:00,3.8193023
EIA_69748,2026-05-29 01:00:00,525.0
EIA_69757,2026-05-29 01:00:00,2.6
EIA_69758,2026-05-29 01:00:00,2.0
EIA_69759,2026-05-29 01:00:00,1.4
EIA_69774,2026-05-29 01:00:00,1.7322905
EIA_69800,2026-05-29 01:00:00,0.02968712
EIA_69856,2026-05-29 01:00:00,3.0
EIA_69863,2026-05-29 01:00:00,0.26647738
EIA_141,2026-05-29 02:00:00,0.08860634
EIA_50061,2026-05-29 02:00:00,0.59574455
EIA_56322,2026-05-29 02:00:00,0.2450657
EIA_57775,2026-05-29 02:00:00,0.3088244
EIA_57785,2026-05-29 02:00:00,5.0
EIA_57806,2026-05-29 02:00:00,0.4
EIA_58413,2026-05-29 02:00:00,21.01901
EIA_58422,2026-05-29 02:00:00,1.1241027
EIA_58689,2026-05-29 02:00:00,0.011675459
EIA_58899,2026-05-29 02:00:00,0.0013639459
EIA_59133,2026-05-29 02:00:00,0.8551868
EIA_59272,2026-05-29 02:00:00,1.2202566
EIA_59786,2026-05-29 02:00:00,1.9522057
EIA_61852,2026-05-29 02:00:00,204.17079
EIA_62545,2026-05-29 02:00:00,1.7
EIA_63507,2026-05-29 02:00:00,28.705072
EIA_64210,2026-05-29 02:00:00,30.89177
EIA_64446,2026-05-29 02:00:00,0.5
EIA_64564,2026-05-29 02:00:00,79.19077
EIA_64745,2026-05-29 02:00:00,2.637897
EIA_64858,2026-05-29 02:00:00,18.584743
EIA_65072,2026-05-29 02:00:00,0.3
EIA_65480,2026-05-29 02:00:00,59.51922
EIA_65507,2026-05-29 02:00:00,1.6228303
EIA_65527,2026-05-29 02:00:00,2.2854145
EIA_65616,2026-05-29 02:00:00,2.6
EIA_65940,2026-05-29 02:00:00,0.09758306
EIA_66432,2026-05-29 02:00:00,0.06365699
EIA_66670,2026-05-29 02:00:00,74.74984
EIA_66739,2026-05-29 02:00:00,0.015866052
EIA_66740,2026-05-29 02:00:00,0.012965829
EIA_66890,2026-05-29 02:00:00,1.6817425
EIA_66892,2026-05-29 02:00:00,4.4
EIA_66951,2026-05-29 02:00:00,200.0
EIA_66983,2026-05-29 02:00:00,10.179275
EIA_67169,2026-05-29 02:00:00,5.0
EIA_67201,2026-05-29 02:00:00,0.11929394
EIA_67204,2026-05-29 02:00:00,0.57042235
EIA_67234,2026-05-29 02:00:00,0.7
EIA_67277,2026-05-29 02:00:00,0.6
EIA_67288,2026-05-29 02:00:00,0.118875585
EIA_67322,2026-05-29 02:00:00,3.4485583
EIA_67474,2026-05-29 02:00:00,149.25494
EIA_67497,2026-05-29 02:00:00,55.112892
EIA_67503,2026-05-29 02:00:00,60.43718
EIA_67511,2026-05-29 02:00:00,110.225784
EIA_67793,2026-05-29 02:00:00,0.15268661
EIA_67797,2026-05-29 02:00:00,17.76258
EIA_67823,2026-05-29 02:00:00,4.2122564
EIA_67850,2026-05-29 02:00:00,26.590336
EIA_67859,2026-05-29 02:00:00,0.15850078
EIA_67964,2026-05-29 02:00:00,71.45972
EIA_68023,2026-05-29 02:00:00,9.894712
EIA_68281,2026-05-29 02:00:00,113.959564
EIA_68427,2026-05-29 02:00:00,12.9
EIA_68436,2026-05-29 02:00:00,0.13089977
EIA_68442,2026-05-29 02:00:00,4.0
EIA_68488,2026-05-29 02:00:00,7.9207006
EIA_68523,2026-05-29 02:00:00,0.7
EIA_68524,2026-05-29 02:00:00,0.7
EIA_68525,2026-05-29 02:00:00,0.7
EIA_68540,2026-05-29 02:00:00,1.1559422
EIA_68550,2026-05-29 02:00:00,0.2448415
EIA_68791,2026-05-29 02:00:00,0.96636754
EIA_68794,2026-05-29 02:00:00,1.5
EIA_68795,2026-05-29 02:00:00,1.7
EIA_68796,2026-05-29 02:00:00,1.1
EIA_68846,2026-05-29 02:00:00,31.687283
EIA_68943,2026-05-29 02:00:00,0.09186691
EIA_68945,2026-05-29 02:00:00,0.008191651
EIA_68957,2026-05-29 02:00:00,0.038289364
EIA_68964,2026-05-29 02:00:00,0.054519907
EIA_68991,2026-05-29 02:00:00,0.020628296
EIA_69016,2026-05-29 02:00:00,0.056050103
EIA_69017,2026-05-29 02:00:00,0.015264986
EIA_69039,2026-05-29 02:00:00,2.3
EIA_69042,2026-05-29 02:00:00,0.035808384
EIA_69061,2026-05-29 02:00:00,0.014804311
EIA_69062,2026-05-29 02:00:00,0.017827434
EIA_69068,2026-05-29 02:00:00,0.1597995
EIA_69100,2026-05-29 02:00:00,0.44188082
EIA_69103,2026-05-29 02:00:00,0.02013181
EIA_69114,2026-05-29 02:00:00,0.1590352
EIA_69132,2026-05-29 02:00:00,1.3710312
EIA_69137,2026-05-29 02:00:00,5.0
EIA_69190,2026-05-29 02:00:00,1.3337302
EIA_69210,2026-05-29 02:00:00,0.43982866
EIA_69233,2026-05-29 02:00:00,1.0
EIA_69248,2026-05-29 02:00:00,0.6931305
EIA_69264,2026-05-29 02:00:00,3.5
EIA_69287,2026-05-29 02:00:00,3.978437
EIA_69288,2026-05-29 02:00:00,1.1456982
EIA_69370,2026-05-29 02:00:00,1.6084967
EIA_69408,2026-05-29 02:00:00,0.20849021
EIA_69483,2026-05-29 02:00:00,0.051445674
EIA_69518,2026-05-29 02:00:00,2.0
EIA_69519,2026-05-29 02:00:00,3.0
EIA_69529,2026-05-29 02:00:00,0.020025274
EIA_69563,2026-05-29 02:00:00,2.3
EIA_69612,2026-05-29 02:00:00,0.009077576
EIA_69613,2026-05-29 02:00:00,0.009077613
EIA_69615,2026-05-29 02:00:00,0.009077818
EIA_69682,2026-05-29 02:00:00,1.0
EIA_69712,2026-05-29 02:00:00,0.46135128
EIA_69730,2026-05-29 02:00:00,2.1082065
EIA_69734,2026-05-29 02:00:00,1.0718316
EIA_69737,2026-05-29 02:00:00,2.1457329
EIA_69740,2026-05-29 02:00:00,2.4851077
EIA_69748,2026-05-29 02:00:00,336.53082
EIA_69757,2026-05-29 02:00:00,0.0070929932
EIA_69758,2026-05-29 02:00:00,0.0054561486
EIA_69759,2026-05-29 02:00:00,1.4
EIA_69774,2026-05-29 02:00:00,0.6378321
EIA_69856,2026-05-29 02:00:00,2.2806747
EIA_56322,2026-05-29 03:00:00,0.016723838
EIA_57785,2026-05-29 03:00:00,0.059463132
EIA_57806,2026-05-29 03:00:00,0.0048185512
EIA_62545,2026-05-29 03:00:00,0.020826546
EIA_64446,2026-05-29 03:00:00,0.32299766
EIA_65072,2026-05-29 03:00:00,0.050275125
EIA_65616,2026-05-29 03:00:00,0.6022054
EIA_65940,2026-05-29 03:00:00,0.011748401
EIA_66892,2026-05-29 03:00:00,0.009231883
EIA_66951,2026-05-29 03:00:00,0.18617444
EIA_67169,2026-05-29 03:00:00,1.5360812
EIA_67234,2026-05-29 03:00:00,0.0035406908
EIA_67277,2026-05-29 03:00:00,0.17060986
EIA_67288,2026-05-29 03:00:00,0.0176144
EIA_67859,2026-05-29 03:00:00,0.023485867
EIA_68442,2026-05-29 03:00:00,0.08530761
EIA_68523,2026-05-29 03:00:00,0.19929671
EIA_68524,2026-05-29 03:00:00,0.19917387
EIA_68525,2026-05-29 03:00:00,0.1990823
EIA_68550,2026-05-29 03:00:00,0.05332297
EIA_68794,2026-05-29 03:00:00,0.015566011
EIA_68795,2026-05-29 03:00:00,0.018987944
EIA_68796,2026-05-29 03:00:00,0.011264576
EIA_69039,2026-05-29 03:00:00,0.0135303065
EIA_69137,2026-05-29 03:00:00,0.016377656
EIA_69233,2026-05-29 03:00:00,0.012185698
EIA_69264,2026-05-29 03:00:00,0.78736556
EIA_69408,2026-05-29 03:00:00,0.2064161
EIA_69518,2026-05-29 03:00:00,0.064327054
EIA_69519,2026-05-29 03:00:00,0.096490555
EIA_69563,2026-05-29 03:00:00,0.6225634
EIA_69682,2026-05-29 03:00:00,0.5991196
EIA_69759,2026-05-29 03:00:00,0.014415992
EIA_10224,2026-05-29 10:00:00,0.14557062
EIA_10823,2026-05-29 10:00:00,0.006666761
EIA_60452,2026-05-29 10:00:00,1.508216
EIA_61703,2026-05-29 10:00:00,0.047839116
EIA_61820,2026-05-29 10:00:00,0.40581262
EIA_61822,2026-05-29 10:00:00,0.05584975
EIA_62027,2026-05-29 10:00:00,0.10904
EIA_64442,2026-05-29 10:00:00,0.03264132
EIA_65139,2026-05-29 10:00:00,1.7630457
EIA_65149,2026-05-29 10:00:00,2.2161064
EIA_65279,2026-05-29 10:00:00,0.43004432
EIA_65468,2026-05-29 10:00:00,0.15653317
EIA_65827,2026-05-29 10:00:00,1.1535636
EIA_66256,2026-05-29 10:00:00,0.1359088
EIA_66449,2026-05-29 10:00:00,0.32844657
EIA_66495,2026-05-29 10:00:00,1.3355769
EIA_66523,2026-05-29 10:00:00,0.8547856
EIA_66827,2026-05-29 10:00:00,0.48741862
EIA_66842,2026-05-29 10:00:00,0.65923667
EIA_67033,2026-05-29 10:00:00,1.1781228
EIA_67086,2026-05-29 10:00:00,0.5821093
EIA_67254,2026-05-29 10:00:00,0.68537647
EIA_67391,2026-05-29 10:00:00,0.05692686
EIA_67412,2026-05-29 10:00:00,0.2568899
EIA_67437,2026-05-29 10:00:00,0.21769305
EIA_67447,2026-05-29 10:00:00,1.5293708
EIA_67469,2026-05-29 10:00:00,0.69030964
EIA_67584,2026-05-29 10:00:00,1.2365596
EIA_67600,2026-05-29 10:00:00,1.9621186
EIA_67675,2026-05-29 10:00:00,0.8781764
EIA_67900,2026-05-29 10:00:00,0.9487042
EIA_67901,2026-05-29 10:00:00,0.35576406
EIA_67979,2026-05-29 10:00:00,0.4878485
EIA_68008,2026-05-29 10:00:00,0.8943481
EIA_68010,2026-05-29 10:00:00,1.4467381
EIA_68037,2026-05-29 10:00:00,1.8297141
EIA_68163,2026-05-29 10:00:00,0.20857838
EIA_68188,2026-05-29 10:00:00,0.07040837
EIA_68190,2026-05-29 10:00:00,0.070408046
EIA_68259,2026-05-29 10:00:00,1.0010189
EIA_68327,2026-05-29 10:00:00,0.96301836
EIA_68615,2026-05-29 10:00:00,0.37385315
EIA_68674,2026-05-29 10:00:00,2.202226
EIA_68682,2026-05-29 10:00:00,1.6236086
EIA_68803,2026-05-29 10:00:00,0.18261518
EIA_68966,2026-05-29 10:00:00,1.6292175
EIA_69002,2026-05-29 10:00:00,2.8987453
EIA_69014,2026-05-29 10:00:00,2.2051327
EIA_69018,2026-05-29 10:00:00,0.21584007
EIA_69051,2026-05-29 10:00:00,0.042759072
EIA_69086,2026-05-29 10:00:00,0.30493385
EIA_69095,2026-05-29 10:00:00,1.3380117
EIA_69096,2026-05-29 10:00:00,0.06746531
EIA_69112,2026-05-29 10:00:00,0.20213018
EIA_69113,2026-05-29 10:00:00,0.6708858
EIA_69116,2026-05-29 10:00:00,0.12720504
EIA_69117,2026-05-29 10:00:00,0.050881963
EIA_69118,2026-05-29 10:00:00,0.26784906
EIA_69123,2026-05-29 10:00:00,0.26145265
EIA_69124,2026-05-29 10:00:00,0.61902684
EIA_69125,2026-05-29 10:00:00,0.61671674
EIA_69126,2026-05-29 10:00:00,0.5916138
EIA_69127,2026-05-29 10:00:00,0.5906878
EIA_69129,2026-05-29 10:00:00,0.76477724
EIA_69130,2026-05-29 10:00:00,0.22315192
EIA_69131,2026-05-29 10:00:00,1.0806259
EIA_69133,2026-05-29 10:00:00,2.7651417
EIA_69134,2026-05-29 10:00:00,0.61911094
EIA_69140,2026-05-29 10:00:00,0.3283681
EIA_69141,2026-05-29 10:00:00,0.041641034
EIA_69153,2026-05-29 10:00:00,0.45822778
EIA_69154,2026-05-29 10:00:00,0.43073374
EIA_69179,2026-05-29 10:00:00,1.179222
EIA_69212,2026-05-29 10:00:00,1.450829
EIA_69214,2026-05-29 10:00:00,0.17683986
EIA_69216,2026-05-29 10:00:00,0.15564781
EIA_69219,2026-05-29 10:00:00,0.55276775
EIA_69221,2026-05-29 10:00:00,0.38234308
EIA_69227,2026-05-29 10:00:00,0.3544482
EIA_69247,2026-05-29 10:00:00,0.15302515
EIA_69273,2026-05-29 10:00:00,0.03778179
EIA_69280,2026-05-29 10:00:00,0.3871095
EIA_69281,2026-05-29 10:00:00,0.38711157
EIA_69284,2026-05-29 10:00:00,1.093048
EIA_69285,2026-05-29 10:00:00,1.3495309
EIA_69379,2026-05-29 10:00:00,1.5178667
EIA_69380,2026-05-29 10:00:00,1.3357254
EIA_69386,2026-05-29 10:00:00,0.42426726
EIA_69389,2026-05-29 10:00:00,1.4319923
EIA_69390,2026-05-29 10:00:00,1.4319923
EIA_69391,2026-05-29 10:00:00,1.1556389
EIA_69395,2026-05-29 10:00:00,0.4356414
EIA_69396,2026-05-29 10:00:00,0.028340323
EIA_69398,2026-05-29 10:00:00,0.17287174
EIA_69399,2026-05-29 10:00:00,0.6629335
EIA_69400,2026-05-29 10:00:00,0.059041012
EIA_69402,2026-05-29 10:00:00,0.7958633
EIA_69405,2026-05-29 10:00:00,1.7666073
EIA_69406,2026-05-29 10:00:00,1.7666087
EIA_69409,2026-05-29 10:00:00,1.2478456
EIA_69410,2026-05-29 10:00:00,1.2610819
EIA_69412,2026-05-29 10:00:00,0.75664914
EIA_69425,2026-05-29 10:00:00,1.0599642
EIA_69434,2026-05-29 10:00:00,0.65561783
EIA_69443,2026-05-29 10:00:00,0.6772223
EIA_69447,2026-05-29 10:00:00,1.121294
EIA_69448,2026-05-29 10:00:00,2.3238916
EIA_69498,2026-05-29 10:00:00,2.4840226
EIA_69499,2026-05-29 10:00:00,7.6371517
EIA_69505,2026-05-29 10:00:00,4.10182
EIA_69525,2026-05-29 10:00:00,0.36966062
EIA_69531,2026-05-29 10:00:00,0.5201511
EIA_69544,2026-05-29 10:00:00,0.22239475
EIA_69545,2026-05-29 10:00:00,0.5416925
EIA_69546,2026-05-29 10:00:00,0.14917313
EIA_69561,2026-05-29 10:00:00,0.054801926
EIA_69568,2026-05-29 10:00:00,0.08042173
EIA_69569,2026-05-29 10:00:00,2.6989806
EIA_69571,2026-05-29 10:00:00,0.32301944
EIA_69581,2026-05-29 10:00:00,0.009623564
EIA_69596,2026-05-29 10:00:00,0.1708132
EIA_69597,2026-05-29 10:00:00,0.21351661
EIA_69600,2026-05-29 10:00:00,0.42293087
EIA_69601,2026-05-29 10:00:00,0.16917257
EIA_69618,2026-05-29 10:00:00,1.5085768
EIA_69621,2026-05-29 10:00:00,1.9763185
EIA_69622,2026-05-29 10:00:00,1.6646191
EIA_69623,2026-05-29 10:00:00,0.5849473
EIA_69624,2026-05-29 10:00:00,1.4623682
EIA_69696,2026-05-29 10:00:00,0.7291999
EIA_69700,2026-05-29 10:00:00,1.1963032
EIA_69703,2026-05-29 10:00:00,0.03934265
EIA_69705,2026-05-29 10:00:00,0.054133926
EIA_69707,2026-05-29 10:00:00,0.05812702
EIA_69709,2026-05-29 10:00:00,0.004220384
EIA_69714,2026-05-29 10:00:00,0.36092404
EIA_69715,2026-05-29 10:00:00,0.004220857
EIA_69716,2026-05-29 10:00:00,1.2242498
EIA_69717,2026-05-29 10:00:00,1.1751542
EIA_69718,2026-05-29 10:00:00,1.1281481
EIA_69719,2026-05-29 10:00:00,0.49884558
EIA_69729,2026-05-29 10:00:00,1.6714364
EIA_69736,2026-05-29 10:00:00,0.6372288
EIA_69744,2026-05-29 10:00:00,2.4877713
EIA_69746,2026-05-29 10:00:00,0.5410596
EIA_69754,2026-05-29 10:00:00,0.55176514
EIA_69801,2026-05-29 10:00:00,0.9610611
EIA_69802,2026-05-29 10:00:00,1.8526902
EIA_69822,2026-05-29 10:00:00,0.48282963
EIA_69824,2026-05-29 10:00:00,0.8967446
EIA_960,2026-05-29 11:00:00,0.064330354
EIA_1172,2026-05-29 11:00:00,0.0155245885
EIA_10224,2026-05-29 11:00:00,0.5
EIA_10823,2026-05-29 11:00:00,0.1
EIA_58173,2026-05-29 11:00:00,0.058132313
EIA_58556,2026-05-29 11:00:00,5.7176924
EIA_59776,2026-05-29 11:00:00,0.069430284
EIA_59988,2026-05-29 11:00:00,0.63186985
EIA_60452,2026-05-29 11:00:00,3.0
EIA_61703,2026-05-29 11:00:00,0.1
EIA_61796,2026-05-29 11:00:00,20.0
EIA_61820,2026-05-29 11:00:00,0.8
EIA_61822,2026-05-29 11:00:00,0.2
EIA_61910,2026-05-29 11:00:00,3.8749294
EIA_61990,2026-05-29 11:00:00,0.038728535
EIA_62027,2026-05-29 11:00:00,0.7
EIA_62186,2026-05-29 11:00:00,1.4747318
EIA_62344,2026-05-29 11:00:00,1.5535649
EIA_62397,2026-05-29 11:00:00,1.5130631
EIA_62442,2026-05-29 11:00:00,0.006178105
EIA_62737,2026-05-29 11:00:00,5.0
EIA_62797,2026-05-29 11:00:00,61.335033
EIA_63122,2026-05-29 11:00:00,0.06707503
EIA_63518,2026-05-29 11:00:00,6.486715
EIA_63542,2026-05-29 11:00:00,0.017519157
EIA_63946,2026-05-29 11:00:00,0.9580944
EIA_64117,2026-05-29 11:00:00,4.1673155
EIA_64430,2026-05-29 11:00:00,130.47278
EIA_64442,2026-05-29 11:00:00,0.08141771
EIA_64509,2026-05-29 11:00:00,0.37904948
EIA_64512,2026-05-29 11:00:00,0.39079434
EIA_64513,2026-05-29 11:00:00,0.43723777
EIA_64536,2026-05-29 11:00:00,53.26685
EIA_64567,2026-05-29 11:00:00,14.904472
EIA_65006,2026-05-29 11:00:00,0.024468534
EIA_65139,2026-05-29 11:00:00,3.0
EIA_65149,2026-05-29 11:00:00,2.5576396
EIA_65279,2026-05-29 11:00:00,0.7130957
EIA_65401,2026-05-29 11:00:00,2.7437375
EIA_65405,2026-05-29 11:00:00,1.3877228
EIA_65443,2026-05-29 11:00:00,0.03976566
EIA_65468,2026-05-29 11:00:00,0.5
EIA_65508,2026-05-29 11:00:00,0.59892035
EIA_65515,2026-05-29 11:00:00,0.023131551
EIA_65516,2026-05-29 11:00:00,0.023131635
EIA_65572,2026-05-29 11:00:00,169.12552
EIA_65659,2026-05-29 11:00:00,0.562898
EIA_65827,2026-05-29 11:00:00,5.0
EIA_65885,2026-05-29 11:00:00,6.2164326
EIA_65887,2026-05-29 11:00:00,2.3369637
EIA_65905,2026-05-29 11:00:00,1.5162826
EIA_65913,2026-05-29 11:00:00,2.9298308
EIA_66027,2026-05-29 11:00:00,8.184542
EIA_66107,2026-05-29 11:00:00,14.995478
EIA_66256,2026-05-29 11:00:00,2.3877845
EIA_66352,2026-05-29 11:00:00,3.8774986
EIA_66356,2026-05-29 11:00:00,4.3450923
EIA_66433,2026-05-29 11:00:00,0.021438556
EIA_66449,2026-05-29 11:00:00,4.0
EIA_66495,2026-05-29 11:00:00,5.0
EIA_66523,2026-05-29 11:00:00,5.0
EIA_66647,2026-05-29 11:00:00,63.745388
EIA_66654,2026-05-29 11:00:00,2.0
EIA_66656,2026-05-29 11:00:00,2.0
EIA_66756,2026-05-29 11:00:00,32.77783
EIA_66760,2026-05-29 11:00:00,1.4171776
EIA_66827,2026-05-29 11:00:00,2.5
EIA_66840,2026-05-29 11:00:00,51.1
EIA_66842,2026-05-29 11:00:00,64.0
EIA_66844,2026-05-29 11:00:00,148.03432
EIA_66860,2026-05-29 11:00:00,75.92143
EIA_66886,2026-05-29 11:00:00,2.4
EIA_66899,2026-05-29 11:00:00,5.8
EIA_67007,2026-05-29 11:00:00,19.208632
EIA_67022,2026-05-29 11:00:00,163.94681
EIA_67033,2026-05-29 11:00:00,3.8
EIA_67080,2026-05-29 11:00:00,0.15261179
EIA_67086,2026-05-29 11:00:00,1.8
EIA_67124,2026-05-29 11:00:00,0.7149185
EIA_67125,2026-05-29 11:00:00,0.10081147
EIA_67126,2026-05-29 11:00:00,2.720033
EIA_67129,2026-05-29 11:00:00,47.98796
EIA_67133,2026-05-29 11:00:00,2.3434415
EIA_67158,2026-05-29 11:00:00,0.06199952
EIA_67216,2026-05-29 11:00:00,15.356135
EIA_67217,2026-05-29 11:00:00,16.2962
EIA_67218,2026-05-29 11:00:00,15.361807
EIA_67219,2026-05-29 11:00:00,19.867384
EIA_67254,2026-05-29 11:00:00,2.0
EIA_67255,2026-05-29 11:00:00,0.22955658
EIA_67256,2026-05-29 11:00:00,1.0192356
EIA_67374,2026-05-29 11:00:00,4.19724
EIA_67391,2026-05-29 11:00:00,4.0
EIA_67412,2026-05-29 11:00:00,3.0567439
EIA_67421,2026-05-29 11:00:00,83.823654
EIA_67437,2026-05-29 11:00:00,0.6741277
EIA_67447,2026-05-29 11:00:00,2.5
EIA_67469,2026-05-29 11:00:00,1.1
EIA_67490,2026-05-29 11:00:00,5.6
EIA_67532,2026-05-29 11:00:00,4.3827777
EIA_67539,2026-05-29 11:00:00,0.864407
EIA_67540,2026-05-29 11:00:00,1.1315544
EIA_67546,2026-05-29 11:00:00,0.07517743
EIA_67554,2026-05-29 11:00:00,0.61482775
EIA_67583,2026-05-29 11:00:00,1.3
EIA_67584,2026-05-29 11:00:00,4.8
EIA_67597,2026-05-29 11:00:00,6.1107216
EIA_67600,2026-05-29 11:00:00,5.0
EIA_67623,2026-05-29 11:00:00,1.0302411
EIA_67624,2026-05-29 11:00:00,0.3795312
EIA_67628,2026-05-29 11:00:00,0.43001673
EIA_67644,2026-05-29 11:00:00,1.7134988
EIA_67675,2026-05-29 11:00:00,65.0
EIA_67678,2026-05-29 11:00:00,108.24193
EIA_67684,2026-05-29 11:00:00,0.064653784
EIA_67686,2026-05-29 11:00:00,2.2070553
EIA_67687,2026-05-29 11:00:00,0.50278187
EIA_67688,2026-05-29 11:00:00,0.037105482
EIA_67704,2026-05-29 11:00:00,0.70429987
EIA_67705,2026-05-29 11:00:00,1.1571051
EIA_67713,2026-05-29 11:00:00,2.0259237
EIA_67714,2026-05-29 11:00:00,0.26617917
EIA_67715,2026-05-29 11:00:00,0.7427911
EIA_67716,2026-05-29 11:00:00,0.70565146
EIA_67717,2026-05-29 11:00:00,0.48194662
EIA_67718,2026-05-29 11:00:00,0.9038266
EIA_67719,2026-05-29 11:00:00,0.9512752
EIA_67727,2026-05-29 11:00:00,3.3591955
EIA_67728,2026-05-29 11:00:00,2.5444756
EIA_67735,2026-05-29 11:00:00,20.171812
EIA_67751,2026-05-29 11:00:00,0.50501794
EIA_67804,2026-05-29 11:00:00,0.46523735
EIA_67822,2026-05-29 11:00:00,0.46523705
EIA_67834,2026-05-29 11:00:00,37.42325
EIA_67864,2026-05-29 11:00:00,1.3040569
EIA_67872,2026-05-29 11:00:00,55.67568
EIA_67873,2026-05-29 11:00:00,23.761948
EIA_67900,2026-05-29 11:00:00,0.45568973
EIA_67901,2026-05-29 11:00:00,0.17088364
EIA_67930,2026-05-29 11:00:00,99.35505
EIA_67943,2026-05-29 11:00:00,0.34897885
EIA_67965,2026-05-29 11:00:00,0.34174263
EIA_67969,2026-05-29 11:00:00,16.825474
EIA_67979,2026-05-29 11:00:00,5.0
EIA_67997,2026-05-29 11:00:00,19.833895
EIA_68008,2026-05-29 11:00:00,5.0
EIA_68010,2026-05-29 11:00:00,5.0
EIA_68025,2026-05-29 11:00:00,2.9800274
EIA_68026,2026-05-29 11:00:00,4.7680473
EIA_68037,2026-05-29 11:00:00,5.0
EIA_68060,2026-05-29 11:00:00,40.443512
EIA_68077,2026-05-29 11:00:00,19.028456
EIA_68106,2026-05-29 11:00:00,47.98796
EIA_68108,2026-05-29 11:00:00,3.7899396
EIA_68109,2026-05-29 11:00:00,0.5913235
EIA_68157,2026-05-29 11:00:00,0.013715609
EIA_68163,2026-05-29 11:00:00,1.287406
EIA_68188,2026-05-29 11:00:00,5.0
EIA_68190,2026-05-29 11:00:00,5.0
EIA_68223,2026-05-29 11:00:00,25.512133
EIA_68235,2026-05-29 11:00:00,0.5626006
EIA_68259,2026-05-29 11:00:00,3.3
EIA_68276,2026-05-29 11:00:00,2.540811
EIA_68279,2026-05-29 11:00:00,1.1
EIA_68327,2026-05-29 11:00:00,2.0
EIA_68372,2026-05-29 11:00:00,2.5430977
EIA_68398,2026-05-29 11:00:00,2.191496
EIA_68418,2026-05-29 11:00:00,118.501816
EIA_68431,2026-05-29 11:00:00,176.02335
EIA_68472,2026-05-29 11:00:00,1.9899403
EIA_68482,2026-05-29 11:00:00,33.885677
EIA_68489,2026-05-29 11:00:00,1.0697242
EIA_68530,2026-05-29 11:00:00,0.6987556
EIA_68534,2026-05-29 11:00:00,10.726517
EIA_68538,2026-05-29 11:00:00,1.2097232
EIA_68544,2026-05-29 11:00:00,1.0700452
EIA_68551,2026-05-29 11:00:00,2.0323448
EIA_68595,2026-05-29 11:00:00,2.6023884
EIA_68615,2026-05-29 11:00:00,2.4
EIA_68674,2026-05-29 11:00:00,3.2896392
EIA_68682,2026-05-29 11:00:00,2.2693007
EIA_68754,2026-05-29 11:00:00,1.3425438
EIA_68756,2026-05-29 11:00:00,0.91260296
EIA_68757,2026-05-29 11:00:00,0.24554686
EIA_68776,2026-05-29 11:00:00,10.894
EIA_68803,2026-05-29 11:00:00,1.5
EIA_68817,2026-05-29 11:00:00,2.9375544
EIA_68820,2026-05-29 11:00:00,1.1343027
EIA_68822,2026-05-29 11:00:00,2.039031
EIA_68823,2026-05-29 11:00:00,8.763467
EIA_68880,2026-05-29 11:00:00,22.99857
EIA_68885,2026-05-29 11:00:00,2.7137163
EIA_68886,2026-05-29 11:00:00,3.0
EIA_68892,2026-05-29 11:00:00,1.4
EIA_68894,2026-05-29 11:00:00,93.378265
EIA_68919,2026-05-29 11:00:00,0.6594019
EIA_68921,2026-05-29 11:00:00,0.48725712
EIA_68928,2026-05-29 11:00:00,3.656823
EIA_68960,2026-05-29 11:00:00,0.584337
EIA_68966,2026-05-29 11:00:00,1.9008557
EIA_68971,2026-05-29 11:00:00,4.7634645
EIA_69002,2026-05-29 11:00:00,3.8746653
EIA_69014,2026-05-29 11:00:00,5.0
EIA_69015,2026-05-29 11:00:00,1.7296902
EIA_69018,2026-05-29 11:00:00,0.5109489
EIA_69031,2026-05-29 11:00:00,1.9817815
EIA_69032,2026-05-29 11:00:00,0.62035704
EIA_69033,2026-05-29 11:00:00,0.825643
EIA_69043,2026-05-29 11:00:00,0.09187256
EIA_69046,2026-05-29 11:00:00,1.0117875
EIA_69051,2026-05-29 11:00:00,3.0
EIA_69063,2026-05-29 11:00:00,115.344795
EIA_69066,2026-05-29 11:00:00,0.6094743
EIA_69070,2026-05-29 11:00:00,0.48721725
EIA_69078,2026-05-29 11:00:00,4.0771537
EIA_69086,2026-05-29 11:00:00,5.0
EIA_69095,2026-05-29 11:00:00,5.0
EIA_69096,2026-05-29 11:00:00,5.0
EIA_69109,2026-05-29 11:00:00,1.4
EIA_69112,2026-05-29 11:00:00,1.3
EIA_69113,2026-05-29 11:00:00,2.7
EIA_69115,2026-05-29 11:00:00,0.09209057
EIA_69116,2026-05-29 11:00:00,2.5
EIA_69117,2026-05-29 11:00:00,1.0
EIA_69118,2026-05-29 11:00:00,1.1
EIA_69123,2026-05-29 11:00:00,3.5
EIA_69124,2026-05-29 11:00:00,1.0
EIA_69125,2026-05-29 11:00:00,1.0
EIA_69126,2026-05-29 11:00:00,1.0
EIA_69127,2026-05-29 11:00:00,1.0
EIA_69129,2026-05-29 11:00:00,1.3
EIA_69130,2026-05-29 11:00:00,3.0041692
EIA_69131,2026-05-29 11:00:00,1.9
EIA_69133,2026-05-29 11:00:00,4.5
EIA_69134,2026-05-29 11:00:00,1.2368673
EIA_69135,2026-05-29 11:00:00,1.0
EIA_69140,2026-05-29 11:00:00,1.3
EIA_69141,2026-05-29 11:00:00,4.0
EIA_69142,2026-05-29 11:00:00,0.08921445
EIA_69143,2026-05-29 11:00:00,2.846986
EIA_69153,2026-05-29 11:00:00,1.8175224
EIA_69154,2026-05-29 11:00:00,1.7084616
EIA_69161,2026-05-29 11:00:00,0.06855454
EIA_69163,2026-05-29 11:00:00,1.0662403
EIA_69164,2026-05-29 11:00:00,2.413585
EIA_69172,2026-05-29 11:00:00,71.86848
EIA_69179,2026-05-29 11:00:00,5.0
EIA_69183,2026-05-29 11:00:00,0.605996
EIA_69187,2026-05-29 11:00:00,0.50975984
EIA_69188,2026-05-29 11:00:00,1.5456702
EIA_69193,2026-05-29 11:00:00,1.2351551
EIA_69201,2026-05-29 11:00:00,1.0014492
EIA_69212,2026-05-29 11:00:00,5.0
EIA_69213,2026-05-29 11:00:00,1.5905964
EIA_69214,2026-05-29 11:00:00,0.58042324
EIA_69216,2026-05-29 11:00:00,5.0
EIA_69219,2026-05-29 11:00:00,3.0
EIA_69221,2026-05-29 11:00:00,1.2
EIA_69227,2026-05-29 11:00:00,1.0787989
EIA_69228,2026-05-29 11:00:00,0.06337787
EIA_69230,2026-05-29 11:00:00,0.33555594
EIA_69235,2026-05-29 11:00:00,20.0
EIA_69240,2026-05-29 11:00:00,1.3455075
EIA_69241,2026-05-29 11:00:00,1.0200588
EIA_69243,2026-05-29 11:00:00,0.039857507
EIA_69247,2026-05-29 11:00:00,1.3
EIA_69273,2026-05-29 11:00:00,1.8
EIA_69280,2026-05-29 11:00:00,1.4663335
EIA_69281,2026-05-29 11:00:00,1.4663789
EIA_69284,2026-05-29 11:00:00,2.9
EIA_69285,2026-05-29 11:00:00,0.8855505
EIA_69303,2026-05-29 11:00:00,0.020378536
EIA_69304,2026-05-29 11:00:00,0.0624518
EIA_69306,2026-05-29 11:00:00,8.8
EIA_69307,2026-05-29 11:00:00,0.024111923
EIA_69314,2026-05-29 11:00:00,1.118293
EIA_69315,2026-05-29 11:00:00,2.4436228
EIA_69316,2026-05-29 11:00:00,1.7055659
EIA_69317,2026-05-29 11:00:00,2.5517879
EIA_69325,2026-05-29 11:00:00,0.38682273
EIA_69326,2026-05-29 11:00:00,0.38682273
EIA_69328,2026-05-29 11:00:00,4.1
EIA_69330,2026-05-29 11:00:00,2.4881415
EIA_69354,2026-05-29 11:00:00,2.2764952
EIA_69355,2026-05-29 11:00:00,2.3476048
EIA_69368,2026-05-29 11:00:00,0.32255036
EIA_69374,2026-05-29 11:00:00,1.5
EIA_69379,2026-05-29 11:00:00,5.0
EIA_69380,2026-05-29 11:00:00,4.4
EIA_69381,2026-05-29 11:00:00,1.6
EIA_69382,2026-05-29 11:00:00,1.4
EIA_69386,2026-05-29 11:00:00,5.0
EIA_69387,2026-05-29 11:00:00,2.630125
EIA_69388,2026-05-29 11:00:00,21.133448
EIA_69389,2026-05-29 11:00:00,5.0
EIA_69390,2026-05-29 11:00:00,5.0
EIA_69391,2026-05-29 11:00:00,4.9
EIA_69395,2026-05-29 11:00:00,2.3
EIA_69396,2026-05-29 11:00:00,2.4
EIA_69397,2026-05-29 11:00:00,1.0143486
EIA_69398,2026-05-29 11:00:00,0.43170124
EIA_69399,2026-05-29 11:00:00,3.5
EIA_69400,2026-05-29 11:00:00,5.0
EIA_69401,2026-05-29 11:00:00,2.4854527
EIA_69402,2026-05-29 11:00:00,5.0
EIA_69405,2026-05-29 11:00:00,5.0
EIA_69406,2026-05-29 11:00:00,5.0
EIA_69409,2026-05-29 11:00:00,5.0
EIA_69410,2026-05-29 11:00:00,5.0
EIA_69412,2026-05-29 11:00:00,3.0
EIA_69419,2026-05-29 11:00:00,1.7933552
EIA_69420,2026-05-29 11:00:00,0.046097495
EIA_69421,2026-05-29 11:00:00,0.09771691
EIA_69425,2026-05-29 11:00:00,3.0
EIA_69428,2026-05-29 11:00:00,98.38101
EIA_69430,2026-05-29 11:00:00,3.074161
EIA_69431,2026-05-29 11:00:00,2.5554025
EIA_69432,2026-05-29 11:00:00,3.4765594
EIA_69433,2026-05-29 11:00:00,3.1233673
EIA_69434,2026-05-29 11:00:00,2.0
EIA_69439,2026-05-29 11:00:00,2.184825
EIA_69440,2026-05-29 11:00:00,2.0775115
EIA_69441,2026-05-29 11:00:00,0.92127883
EIA_69442,2026-05-29 11:00:00,0.6722425
EIA_69443,2026-05-29 11:00:00,2.3
EIA_69447,2026-05-29 11:00:00,0.37843567
EIA_69448,2026-05-29 11:00:00,3.0255895
EIA_69476,2026-05-29 11:00:00,69.99004
EIA_69484,2026-05-29 11:00:00,0.050370105
EIA_69485,2026-05-29 11:00:00,0.48944724
EIA_69486,2026-05-29 11:00:00,0.31720924
EIA_69487,2026-05-29 11:00:00,0.060184043
EIA_69488,2026-05-29 11:00:00,1.0666572
EIA_69489,2026-05-29 11:00:00,0.08131639
EIA_69490,2026-05-29 11:00:00,0.96888524
EIA_69491,2026-05-29 11:00:00,1.2348146
EIA_69492,2026-05-29 11:00:00,0.05062699
EIA_69493,2026-05-29 11:00:00,0.399424
EIA_69494,2026-05-29 11:00:00,0.13256876
EIA_69495,2026-05-29 11:00:00,1.0649189
EIA_69498,2026-05-29 11:00:00,8.8
EIA_69499,2026-05-29 11:00:00,20.0
EIA_69500,2026-05-29 11:00:00,3.2243133
EIA_69501,2026-05-29 11:00:00,3.2907686
EIA_69502,2026-05-29 11:00:00,1.643017
EIA_69503,2026-05-29 11:00:00,3.4414907
EIA_69505,2026-05-29 11:00:00,14.8
EIA_69525,2026-05-29 11:00:00,4.3
EIA_69526,2026-05-29 11:00:00,0.7984499
EIA_69527,2026-05-29 11:00:00,1.9989754
EIA_69531,2026-05-29 11:00:00,1.4164116
EIA_69536,2026-05-29 11:00:00,1.1333873
EIA_69542,2026-05-29 11:00:00,5.0
EIA_69543,2026-05-29 11:00:00,3.3
EIA_69544,2026-05-29 11:00:00,1.5457067
EIA_69545,2026-05-29 11:00:00,0.24617076
EIA_69546,2026-05-29 11:00:00,0.15601735
EIA_69550,2026-05-29 11:00:00,78.78364
EIA_69561,2026-05-29 11:00:00,4.0
EIA_69564,2026-05-29 11:00:00,1.5558978
EIA_69565,2026-05-29 11:00:00,4.0218573
EIA_69567,2026-05-29 11:00:00,2.540656
EIA_69568,2026-05-29 11:00:00,1.0
EIA_69569,2026-05-29 11:00:00,5.0
EIA_69570,2026-05-29 11:00:00,12.0
EIA_69571,2026-05-29 11:00:00,1.4651276
EIA_69572,2026-05-29 11:00:00,1.5025017
EIA_69573,2026-05-29 11:00:00,1.8264242
EIA_69581,2026-05-29 11:00:00,0.10902975
EIA_69587,2026-05-29 11:00:00,0.34020063
EIA_69596,2026-05-29 11:00:00,4.0
EIA_69597,2026-05-29 11:00:00,5.0
EIA_69598,2026-05-29 11:00:00,0.1149301
EIA_69599,2026-05-29 11:00:00,0.09392041
EIA_69600,2026-05-29 11:00:00,5.0
EIA_69601,2026-05-29 11:00:00,2.0
EIA_69604,2026-05-29 11:00:00,12.886886
EIA_69617,2026-05-29 11:00:00,1.240685
EIA_69618,2026-05-29 11:00:00,5.0
EIA_69621,2026-05-29 11:00:00,5.0
EIA_69622,2026-05-29 11:00:00,5.0
EIA_69623,2026-05-29 11:00:00,2.0
EIA_69624,2026-05-29 11:00:00,5.0
EIA_69630,2026-05-29 11:00:00,0.38664904
EIA_69645,2026-05-29 11:00:00,0.2693287
EIA_69646,2026-05-29 11:00:00,0.35765967
EIA_69651,2026-05-29 11:00:00,1.0773286
EIA_69652,2026-05-29 11:00:00,0.12786278
EIA_69653,2026-05-29 11:00:00,0.12786278
EIA_69655,2026-05-29 11:00:00,1.6175094
EIA_69656,2026-05-29 11:00:00,0.8046653
EIA_69675,2026-05-29 11:00:00,97.03971
EIA_69680,2026-05-29 11:00:00,87.54193
EIA_69683,2026-05-29 11:00:00,0.8707067
EIA_69692,2026-05-29 11:00:00,2.5250313
EIA_69693,2026-05-29 11:00:00,0.034742743
EIA_69696,2026-05-29 11:00:00,2.2
EIA_69700,2026-05-29 11:00:00,4.7
EIA_69703,2026-05-29 11:00:00,3.3
EIA_69705,2026-05-29 11:00:00,0.060666777
EIA_69707,2026-05-29 11:00:00,0.15734664
EIA_69709,2026-05-29 11:00:00,0.9764963
EIA_69714,2026-05-29 11:00:00,3.6
EIA_69715,2026-05-29 11:00:00,0.97652036
EIA_69716,2026-05-29 11:00:00,4.0
EIA_69717,2026-05-29 11:00:00,4.393193
EIA_69718,2026-05-29 11:00:00,4.217465
EIA_69719,2026-05-29 11:00:00,2.8
EIA_69729,2026-05-29 11:00:00,0.6974543
EIA_69731,2026-05-29 11:00:00,0.68697494
EIA_69735,2026-05-29 11:00:00,1.8294413
EIA_69736,2026-05-29 11:00:00,1.2
EIA_69739,2026-05-29 11:00:00,1.6676657
EIA_69744,2026-05-29 11:00:00,5.0
EIA_69746,2026-05-29 11:00:00,2.0
EIA_69754,2026-05-29 11:00:00,2.5
EIA_69800,2026-05-29 11:00:00,1.6255285
EIA_69801,2026-05-29 11:00:00,2.0
EIA_69802,2026-05-29 11:00:00,3.5
EIA_69822,2026-05-29 11:00:00,1.0
EIA_69824,2026-05-29 11:00:00,2.0
EIA_69863,2026-05-29 11:00:00,0.8967445
EIA_69875,2026-05-29 11:00:00,92.021545
EIA_960,2026-05-29 12:00:00,0.3
EIA_1172,2026-05-29 12:00:00,0.23969002
EIA_1187,2026-05-29 12:00:00,0.7959454
EIA_10224,2026-05-29 12:00:00,0.5
EIA_10823,2026-05-29 12:00:00,0.1
EIA_50026,2026-05-29 12:00:00,6.87621
EIA_58173,2026-05-29 12:00:00,0.1
EIA_58556,2026-05-29 12:00:00,10.1
EIA_59776,2026-05-29 12:00:00,0.2
EIA_59988,2026-05-29 12:00:00,1.1
EIA_60452,2026-05-29 12:00:00,3.0
EIA_61703,2026-05-29 12:00:00,0.1
EIA_61796,2026-05-29 12:00:00,20.0
EIA_61820,2026-05-29 12:00:00,0.8
EIA_61822,2026-05-29 12:00:00,0.2
EIA_61910,2026-05-29 12:00:00,7.0
EIA_61967,2026-05-29 12:00:00,2.9342453
EIA_61990,2026-05-29 12:00:00,0.1
EIA_62027,2026-05-29 12:00:00,0.7
EIA_62186,2026-05-29 12:00:00,2.0
EIA_62344,2026-05-29 12:00:00,2.0
EIA_62397,2026-05-29 12:00:00,2.0
EIA_62442,2026-05-29 12:00:00,0.40364066
EIA_62494,2026-05-29 12:00:00,115.82166
EIA_62737,2026-05-29 12:00:00,5.0
EIA_62797,2026-05-29 12:00:00,100.0
EIA_63122,2026-05-29 12:00:00,1.0
EIA_63194,2026-05-29 12:00:00,207.88606
EIA_63211,2026-05-29 12:00:00,172.44353
EIA_63221,2026-05-29 12:00:00,0.20269394
EIA_63518,2026-05-29 12:00:00,49.133987
EIA_63542,2026-05-29 12:00:00,0.98126614
EIA_63882,2026-05-29 12:00:00,139.16719
EIA_63884,2026-05-29 12:00:00,214.66064
EIA_63946,2026-05-29 12:00:00,2.0
EIA_64117,2026-05-29 12:00:00,4.9
EIA_64132,2026-05-29 12:00:00,137.98805
EIA_64222,2026-05-29 12:00:00,0.007254479
EIA_64223,2026-05-29 12:00:00,0.007858216
EIA_64430,2026-05-29 12:00:00,140.0
EIA_64442,2026-05-29 12:00:00,0.101979986
EIA_64509,2026-05-29 12:00:00,0.5
EIA_64512,2026-05-29 12:00:00,0.5
EIA_64513,2026-05-29 12:00:00,0.5
EIA_64536,2026-05-29 12:00:00,135.0
EIA_64567,2026-05-29 12:00:00,20.0
EIA_64729,2026-05-29 12:00:00,0.22957492
EIA_64745,2026-05-29 12:00:00,10.962967
EIA_65006,2026-05-29 12:00:00,0.39296326
EIA_65024,2026-05-29 12:00:00,0.0785639
EIA_65139,2026-05-29 12:00:00,3.0
EIA_65149,2026-05-29 12:00:00,3.7981856
EIA_65279,2026-05-29 12:00:00,0.48259392
EIA_65401,2026-05-29 12:00:00,51.8
EIA_65405,2026-05-29 12:00:00,16.330551
EIA_65442,2026-05-29 12:00:00,0.3525926
EIA_65443,2026-05-29 12:00:00,0.97053933
EIA_65445,2026-05-29 12:00:00,2.9013178
EIA_65463,2026-05-29 12:00:00,3.7356918
EIA_65468,2026-05-29 12:00:00,0.5
EIA_65508,2026-05-29 12:00:00,2.0
EIA_65515,2026-05-29 12:00:00,0.5203615
EIA_65516,2026-05-29 12:00:00,0.52036417
EIA_65572,2026-05-29 12:00:00,250.0
EIA_65644,2026-05-29 12:00:00,7.717837
EIA_65659,2026-05-29 12:00:00,1.0
EIA_65827,2026-05-29 12:00:00,5.0
EIA_65849,2026-05-29 12:00:00,60.986107
EIA_65885,2026-05-29 12:00:00,52.467953
EIA_65887,2026-05-29 12:00:00,45.821407
EIA_65888,2026-05-29 12:00:00,74.5
EIA_65891,2026-05-29 12:00:00,4.0941715
EIA_65894,2026-05-29 12:00:00,99.3538
EIA_65905,2026-05-29 12:00:00,11.223961
EIA_65911,2026-05-29 12:00:00,74.5
EIA_65913,2026-05-29 12:00:00,60.803776
EIA_66027,2026-05-29 12:00:00,29.961317
EIA_66107,2026-05-29 12:00:00,20.0
EIA_66256,2026-05-29 12:00:00,2.8201513
EIA_66352,2026-05-29 12:00:00,5.0
EIA_66356,2026-05-29 12:00:00,5.0
EIA_66433,2026-05-29 12:00:00,0.7185492
EIA_66435,2026-05-29 12:00:00,0.35259876
EIA_66449,2026-05-29 12:00:00,4.0
EIA_66495,2026-05-29 12:00:00,5.0
EIA_66520,2026-05-29 12:00:00,1.1806446
EIA_66523,2026-05-29 12:00:00,5.0
EIA_66647,2026-05-29 12:00:00,100.0
EIA_66649,2026-05-29 12:00:00,35.288418
EIA_66654,2026-05-29 12:00:00,2.0
EIA_66656,2026-05-29 12:00:00,2.0
EIA_66681,2026-05-29 12:00:00,25.359056
EIA_66688,2026-05-29 12:00:00,188.7679
EIA_66739,2026-05-29 12:00:00,0.037087567
EIA_66740,2026-05-29 12:00:00,0.037274867
EIA_66756,2026-05-29 12:00:00,40.8
EIA_66760,2026-05-29 12:00:00,3.0
EIA_66774,2026-05-29 12:00:00,223.45462
EIA_66775,2026-05-29 12:00:00,0.85805196
EIA_66827,2026-05-29 12:00:00,2.5
EIA_66840,2026-05-29 12:00:00,51.1
EIA_66842,2026-05-29 12:00:00,64.0
EIA_66844,2026-05-29 12:00:00,150.0
EIA_66860,2026-05-29 12:00:00,100.0
EIA_66872,2026-05-29 12:00:00,137.16501
EIA_66886,2026-05-29 12:00:00,2.4
EIA_66897,2026-05-29 12:00:00,52.005623
EIA_66899,2026-05-29 12:00:00,5.8
EIA_66903,2026-05-29 12:00:00,151.03152
EIA_67007,2026-05-29 12:00:00,20.0
EIA_67022,2026-05-29 12:00:00,175.0
EIA_67033,2026-05-29 12:00:00,3.8
EIA_67038,2026-05-29 12:00:00,5.2695174
EIA_67046,2026-05-29 12:00:00,118.11001
EIA_67075,2026-05-29 12:00:00,25.017633
EIA_67076,2026-05-29 12:00:00,1.3770676
EIA_67080,2026-05-29 12:00:00,2.1265204
EIA_67086,2026-05-29 12:00:00,1.8
EIA_67124,2026-05-29 12:00:00,1.5
EIA_67125,2026-05-29 12:00:00,2.191439
EIA_67126,2026-05-29 12:00:00,4.3
EIA_67129,2026-05-29 12:00:00,100.0
EIA_67133,2026-05-29 12:00:00,4.8
EIA_67135,2026-05-29 12:00:00,0.5155187
EIA_67158,2026-05-29 12:00:00,1.1449834
EIA_67201,2026-05-29 12:00:00,0.2501136
EIA_67216,2026-05-29 12:00:00,18.8
EIA_67217,2026-05-29 12:00:00,20.0
EIA_67218,2026-05-29 12:00:00,20.0
EIA_67219,2026-05-29 12:00:00,20.0
EIA_67254,2026-05-29 12:00:00,2.0
EIA_67255,2026-05-29 12:00:00,2.0
EIA_67256,2026-05-29 12:00:00,2.0
EIA_67374,2026-05-29 12:00:00,5.0
EIA_67391,2026-05-29 12:00:00,4.0
EIA_67412,2026-05-29 12:00:00,5.0
EIA_67421,2026-05-29 12:00:00,84.4
EIA_67437,2026-05-29 12:00:00,1.1779231
EIA_67447,2026-05-29 12:00:00,2.5
EIA_67469,2026-05-29 12:00:00,1.1
EIA_67490,2026-05-29 12:00:00,5.6
EIA_67532,2026-05-29 12:00:00,5.0
EIA_67539,2026-05-29 12:00:00,1.6
EIA_67540,2026-05-29 12:00:00,2.3
EIA_67546,2026-05-29 12:00:00,1.0
EIA_67554,2026-05-29 12:00:00,2.0
EIA_67583,2026-05-29 12:00:00,1.3
EIA_67584,2026-05-29 12:00:00,4.8
EIA_67597,2026-05-29 12:00:00,11.8
EIA_67600,2026-05-29 12:00:00,5.0
EIA_67623,2026-05-29 12:00:00,2.0
EIA_67624,2026-05-29 12:00:00,2.0
EIA_67628,2026-05-29 12:00:00,2.0
EIA_67644,2026-05-29 12:00:00,5.0
EIA_67675,2026-05-29 12:00:00,65.0
EIA_67678,2026-05-29 12:00:00,140.0
EIA_67684,2026-05-29 12:00:00,1.6219441
EIA_67686,2026-05-29 12:00:00,4.9
EIA_67687,2026-05-29 12:00:00,2.0
EIA_67688,2026-05-29 12:00:00,1.9338373
EIA_67703,2026-05-29 12:00:00,5.0
EIA_67704,2026-05-29 12:00:00,1.4
EIA_67705,2026-05-29 12:00:00,2.3
EIA_67713,2026-05-29 12:00:00,4.0
EIA_67714,2026-05-29 12:00:00,1.5
EIA_67715,2026-05-29 12:00:00,2.0
EIA_67716,2026-05-29 12:00:00,1.9
EIA_67717,2026-05-29 12:00:00,2.0
EIA_67718,2026-05-29 12:00:00,1.9
EIA_67719,2026-05-29 12:00:00,2.0
EIA_67727,2026-05-29 12:00:00,6.0
EIA_67728,2026-05-29 12:00:00,5.0
EIA_67735,2026-05-29 12:00:00,250.0
EIA_67751,2026-05-29 12:00:00,2.0
EIA_67762,2026-05-29 12:00:00,174.51303
EIA_67765,2026-05-29 12:00:00,83.43207
EIA_67804,2026-05-29 12:00:00,2.0
EIA_67822,2026-05-29 12:00:00,2.0
EIA_67834,2026-05-29 12:00:00,48.0
EIA_67864,2026-05-29 12:00:00,6.2095156
EIA_67867,2026-05-29 12:00:00,41.543293
EIA_67872,2026-05-29 12:00:00,150.0
EIA_67873,2026-05-29 12:00:00,60.0
EIA_67900,2026-05-29 12:00:00,0.99376357
EIA_67901,2026-05-29 12:00:00,0.37266132
EIA_67930,2026-05-29 12:00:00,200.0
EIA_67943,2026-05-29 12:00:00,3.0
EIA_67957,2026-05-29 12:00:00,71.35684
EIA_67965,2026-05-29 12:00:00,1.3
EIA_67969,2026-05-29 12:00:00,22.0
EIA_67979,2026-05-29 12:00:00,5.0
EIA_67997,2026-05-29 12:00:00,28.9
EIA_68008,2026-05-29 12:00:00,5.0
EIA_68010,2026-05-29 12:00:00,5.0
EIA_68025,2026-05-29 12:00:00,3.0
EIA_68026,2026-05-29 12:00:00,4.8
EIA_68037,2026-05-29 12:00:00,5.0
EIA_68060,2026-05-29 12:00:00,75.0
EIA_68077,2026-05-29 12:00:00,20.0
EIA_68088,2026-05-29 12:00:00,117.98331
EIA_68096,2026-05-29 12:00:00,0.327209
EIA_68102,2026-05-29 12:00:00,0.47628844
EIA_68106,2026-05-29 12:00:00,100.0
EIA_68107,2026-05-29 12:00:00,3.6321292
EIA_68108,2026-05-29 12:00:00,7.5
EIA_68109,2026-05-29 12:00:00,1.3
EIA_68113,2026-05-29 12:00:00,0.22766808
EIA_68157,2026-05-29 12:00:00,0.63029456
EIA_68163,2026-05-29 12:00:00,5.0
EIA_68188,2026-05-29 12:00:00,5.0
EIA_68190,2026-05-29 12:00:00,5.0
EIA_68200,2026-05-29 12:00:00,102.593185
EIA_68223,2026-05-29 12:00:00,40.8
EIA_68235,2026-05-29 12:00:00,1.1
EIA_68259,2026-05-29 12:00:00,3.3
EIA_68276,2026-05-29 12:00:00,11.250622
EIA_68279,2026-05-29 12:00:00,1.1
EIA_68286,2026-05-29 12:00:00,0.12410923
EIA_68327,2026-05-29 12:00:00,2.0
EIA_68372,2026-05-29 12:00:00,35.421978
EIA_68398,2026-05-29 12:00:00,5.0
EIA_68418,2026-05-29 12:00:00,120.0
EIA_68431,2026-05-29 12:00:00,240.0
EIA_68458,2026-05-29 12:00:00,53.410973
EIA_68470,2026-05-29 12:00:00,118.23541
EIA_68472,2026-05-29 12:00:00,52.138706
EIA_68482,2026-05-29 12:00:00,49.9
EIA_68483,2026-05-29 12:00:00,127.94696
EIA_68489,2026-05-29 12:00:00,2.0
EIA_68516,2026-05-29 12:00:00,4.070685
EIA_68530,2026-05-29 12:00:00,2.0
EIA_68534,2026-05-29 12:00:00,150.0
EIA_68536,2026-05-29 12:00:00,23.890858
EIA_68538,2026-05-29 12:00:00,2.3
EIA_68544,2026-05-29 12:00:00,2.0
EIA_68551,2026-05-29 12:00:00,74.5
EIA_68595,2026-05-29 12:00:00,33.013004
EIA_68615,2026-05-29 12:00:00,2.4
EIA_68670,2026-05-29 12:00:00,11.50995
EIA_68674,2026-05-29 12:00:00,3.342282
EIA_68682,2026-05-29 12:00:00,2.0145051
EIA_68706,2026-05-29 12:00:00,0.44243062
EIA_68708,2026-05-29 12:00:00,0.33706155
EIA_68729,2026-05-29 12:00:00,2.4809964
EIA_68754,2026-05-29 12:00:00,4.3
EIA_68756,2026-05-29 12:00:00,5.0
EIA_68757,2026-05-29 12:00:00,3.5
EIA_68776,2026-05-29 12:00:00,237.1
EIA_68803,2026-05-29 12:00:00,1.5
EIA_68817,2026-05-29 12:00:00,16.591902
EIA_68820,2026-05-29 12:00:00,14.947953
EIA_68822,2026-05-29 12:00:00,74.5
EIA_68823,2026-05-29 12:00:00,60.105892
EIA_68856,2026-05-29 12:00:00,61.191433
EIA_68880,2026-05-29 12:00:00,150.0
EIA_68885,2026-05-29 12:00:00,3.0
EIA_68886,2026-05-29 12:00:00,3.0
EIA_68892,2026-05-29 12:00:00,1.4
EIA_68894,2026-05-29 12:00:00,150.0
EIA_68906,2026-05-29 12:00:00,202.15306
EIA_68919,2026-05-29 12:00:00,2.0
EIA_68921,2026-05-29 12:00:00,2.0
EIA_68927,2026-05-29 12:00:00,1.4715707
EIA_68928,2026-05-29 12:00:00,10.8
EIA_68941,2026-05-29 12:00:00,0.022408491
EIA_68943,2026-05-29 12:00:00,0.18587938
EIA_68944,2026-05-29 12:00:00,0.12149927
EIA_68945,2026-05-29 12:00:00,0.66990185
EIA_68957,2026-05-29 12:00:00,1.640076
EIA_68960,2026-05-29 12:00:00,2.0
EIA_68964,2026-05-29 12:00:00,0.13359946
EIA_68966,2026-05-29 12:00:00,2.8207285
EIA_68971,2026-05-29 12:00:00,5.0
EIA_68991,2026-05-29 12:00:00,0.4296577
EIA_68998,2026-05-29 12:00:00,60.890224
EIA_69002,2026-05-29 12:00:00,4.515354
EIA_69009,2026-05-29 12:00:00,0.12548219
EIA_69014,2026-05-29 12:00:00,5.0
EIA_69015,2026-05-29 12:00:00,5.0
EIA_69016,2026-05-29 12:00:00,0.087368734
EIA_69017,2026-05-29 12:00:00,0.31794694
EIA_69018,2026-05-29 12:00:00,1.4009923
EIA_69027,2026-05-29 12:00:00,42.810493
EIA_69031,2026-05-29 12:00:00,2.0
EIA_69032,2026-05-29 12:00:00,3.6
EIA_69033,2026-05-29 12:00:00,4.9
EIA_69043,2026-05-29 12:00:00,2.461204
EIA_69046,2026-05-29 12:00:00,2.0
EIA_69048,2026-05-29 12:00:00,0.9833318
EIA_69051,2026-05-29 12:00:00,3.0
EIA_69063,2026-05-29 12:00:00,200.0
EIA_69066,2026-05-29 12:00:00,5.0
EIA_69070,2026-05-29 12:00:00,5.0
EIA_69078,2026-05-29 12:00:00,5.0
EIA_69086,2026-05-29 12:00:00,5.0
EIA_69095,2026-05-29 12:00:00,5.0
EIA_69096,2026-05-29 12:00:00,5.0
EIA_69100,2026-05-29 12:00:00,4.0330334
EIA_69101,2026-05-29 12:00:00,59.804157
EIA_69109,2026-05-29 12:00:00,1.4
EIA_69112,2026-05-29 12:00:00,1.3
EIA_69113,2026-05-29 12:00:00,2.7
EIA_69115,2026-05-29 12:00:00,1.0
EIA_69116,2026-05-29 12:00:00,2.5
EIA_69117,2026-05-29 12:00:00,1.0
EIA_69118,2026-05-29 12:00:00,1.1
EIA_69123,2026-05-29 12:00:00,3.5
EIA_69124,2026-05-29 12:00:00,1.0
EIA_69125,2026-05-29 12:00:00,1.0
EIA_69126,2026-05-29 12:00:00,1.0
EIA_69127,2026-05-29 12:00:00,1.0
EIA_69129,2026-05-29 12:00:00,1.3
EIA_69130,2026-05-29 12:00:00,3.7958393
EIA_69131,2026-05-29 12:00:00,0.39093503
EIA_69133,2026-05-29 12:00:00,4.5
EIA_69134,2026-05-29 12:00:00,4.7504296
EIA_69135,2026-05-29 12:00:00,1.0
EIA_69140,2026-05-29 12:00:00,1.3
EIA_69141,2026-05-29 12:00:00,4.0
EIA_69142,2026-05-29 12:00:00,0.6438301
EIA_69143,2026-05-29 12:00:00,116.582466
EIA_69145,2026-05-29 12:00:00,0.03774528
EIA_69153,2026-05-29 12:00:00,5.0
EIA_69154,2026-05-29 12:00:00,4.7
EIA_69161,2026-05-29 12:00:00,1.4317926
EIA_69163,2026-05-29 12:00:00,2.0
EIA_69164,2026-05-29 12:00:00,150.0
EIA_69166,2026-05-29 12:00:00,7.8899927
EIA_69172,2026-05-29 12:00:00,80.0
EIA_69179,2026-05-29 12:00:00,5.0
EIA_69183,2026-05-29 12:00:00,2.0
EIA_69187,2026-05-29 12:00:00,4.758831
EIA_69188,2026-05-29 12:00:00,2.9
EIA_69193,2026-05-29 12:00:00,2.5
EIA_69201,2026-05-29 12:00:00,2.0
EIA_69212,2026-05-29 12:00:00,5.0
EIA_69213,2026-05-29 12:00:00,5.0
EIA_69214,2026-05-29 12:00:00,1.0962306
EIA_69216,2026-05-29 12:00:00,2.7030396
EIA_69219,2026-05-29 12:00:00,3.0
EIA_69221,2026-05-29 12:00:00,1.2
EIA_69227,2026-05-29 12:00:00,0.56738055
EIA_69228,2026-05-29 12:00:00,0.26329118
EIA_69230,2026-05-29 12:00:00,5.0
EIA_69235,2026-05-29 12:00:00,20.0
EIA_69236,2026-05-29 12:00:00,13.669278
EIA_69240,2026-05-29 12:00:00,5.0
EIA_69241,2026-05-29 12:00:00,4.5
EIA_69243,2026-05-29 12:00:00,2.6
EIA_69247,2026-05-29 12:00:00,1.3
EIA_69261,2026-05-29 12:00:00,6.091262
EIA_69263,2026-05-29 12:00:00,5.883105
EIA_69265,2026-05-29 12:00:00,5.1934414
EIA_69273,2026-05-29 12:00:00,1.8
EIA_69280,2026-05-29 12:00:00,1.4820893
EIA_69281,2026-05-29 12:00:00,1.4821011
EIA_69284,2026-05-29 12:00:00,2.9
EIA_69285,2026-05-29 12:00:00,2.8
EIA_69289,2026-05-29 12:00:00,0.49769932
EIA_69303,2026-05-29 12:00:00,0.9350869
EIA_69304,2026-05-29 12:00:00,1.0
EIA_69306,2026-05-29 12:00:00,8.8
EIA_69307,2026-05-29 12:00:00,0.4089031
EIA_69314,2026-05-29 12:00:00,2.0
EIA_69315,2026-05-29 12:00:00,5.0
EIA_69316,2026-05-29 12:00:00,5.0
EIA_69317,2026-05-29 12:00:00,5.0
EIA_69319,2026-05-29 12:00:00,15.782483
EIA_69320,2026-05-29 12:00:00,263.14462
EIA_69321,2026-05-29 12:00:00,11.75795
EIA_69325,2026-05-29 12:00:00,2.0
EIA_69326,2026-05-29 12:00:00,2.0
EIA_69328,2026-05-29 12:00:00,4.1
EIA_69330,2026-05-29 12:00:00,5.0
EIA_69354,2026-05-29 12:00:00,13.91583
EIA_69355,2026-05-29 12:00:00,29.06943
EIA_69368,2026-05-29 12:00:00,2.7062752
EIA_69374,2026-05-29 12:00:00,1.5
EIA_69378,2026-05-29 12:00:00,0.3470364
EIA_69379,2026-05-29 12:00:00,5.0
EIA_69380,2026-05-29 12:00:00,4.4
EIA_69381,2026-05-29 12:00:00,1.6
EIA_69382,2026-05-29 12:00:00,1.4
EIA_69386,2026-05-29 12:00:00,5.0
EIA_69387,2026-05-29 12:00:00,5.0
EIA_69388,2026-05-29 12:00:00,100.0
EIA_69389,2026-05-29 12:00:00,5.0
EIA_69390,2026-05-29 12:00:00,5.0
EIA_69391,2026-05-29 12:00:00,4.9
EIA_69395,2026-05-29 12:00:00,2.3
EIA_69396,2026-05-29 12:00:00,2.4
EIA_69397,2026-05-29 12:00:00,2.0
EIA_69398,2026-05-29 12:00:00,3.2
EIA_69399,2026-05-29 12:00:00,3.5
EIA_69400,2026-05-29 12:00:00,5.0
EIA_69401,2026-05-29 12:00:00,5.0
EIA_69402,2026-05-29 12:00:00,5.0
EIA_69405,2026-05-29 12:00:00,5.0
EIA_69406,2026-05-29 12:00:00,5.0
EIA_69409,2026-05-29 12:00:00,5.0
EIA_69410,2026-05-29 12:00:00,5.0
EIA_69412,2026-05-29 12:00:00,3.0
EIA_69414,2026-05-29 12:00:00,121.85168
EIA_69419,2026-05-29 12:00:00,5.0
EIA_69420,2026-05-29 12:00:00,2.0
EIA_69421,2026-05-29 12:00:00,2.8124218
EIA_69425,2026-05-29 12:00:00,3.0
EIA_69428,2026-05-29 12:00:00,250.0
EIA_69430,2026-05-29 12:00:00,6.0
EIA_69431,2026-05-29 12:00:00,5.0
EIA_69432,2026-05-29 12:00:00,6.0
EIA_69433,2026-05-29 12:00:00,6.0
EIA_69434,2026-05-29 12:00:00,2.0
EIA_69439,2026-05-29 12:00:00,5.0
EIA_69440,2026-05-29 12:00:00,5.0
EIA_69441,2026-05-29 12:00:00,2.6
EIA_69442,2026-05-29 12:00:00,5.0
EIA_69443,2026-05-29 12:00:00,2.3
EIA_69447,2026-05-29 12:00:00,0.33668733
EIA_69448,2026-05-29 12:00:00,1.2849183
EIA_69476,2026-05-29 12:00:00,100.0
EIA_69483,2026-05-29 12:00:00,0.10409202
EIA_69484,2026-05-29 12:00:00,2.8701563
EIA_69485,2026-05-29 12:00:00,2.5
EIA_69486,2026-05-29 12:00:00,1.1912708
EIA_69487,2026-05-29 12:00:00,1.9371089
EIA_69488,2026-05-29 12:00:00,2.5
EIA_69489,2026-05-29 12:00:00,1.8258467
EIA_69490,2026-05-29 12:00:00,2.5
EIA_69491,2026-05-29 12:00:00,2.5
EIA_69492,2026-05-29 12:00:00,2.0173194
EIA_69493,2026-05-29 12:00:00,2.5
EIA_69494,2026-05-29 12:00:00,2.5
EIA_69495,2026-05-29 12:00:00,2.5
EIA_69498,2026-05-29 12:00:00,8.8
EIA_69499,2026-05-29 12:00:00,20.0
EIA_69500,2026-05-29 12:00:00,3.8
EIA_69501,2026-05-29 12:00:00,6.0
EIA_69502,2026-05-29 12:00:00,4.0
EIA_69503,2026-05-29 12:00:00,6.0
EIA_69505,2026-05-29 12:00:00,14.8
EIA_69525,2026-05-29 12:00:00,4.3
EIA_69526,2026-05-29 12:00:00,5.0
EIA_69527,2026-05-29 12:00:00,5.0
EIA_69531,2026-05-29 12:00:00,5.0
EIA_69536,2026-05-29 12:00:00,4.975731
EIA_69538,2026-05-29 12:00:00,40.517952
EIA_69542,2026-05-29 12:00:00,5.0
EIA_69543,2026-05-29 12:00:00,3.3
EIA_69544,2026-05-29 12:00:00,2.5
EIA_69545,2026-05-29 12:00:00,1.0
EIA_69546,2026-05-29 12:00:00,0.24188429
EIA_69550,2026-05-29 12:00:00,117.0
EIA_69561,2026-05-29 12:00:00,4.0
EIA_69564,2026-05-29 12:00:00,1.9
EIA_69565,2026-05-29 12:00:00,4.9
EIA_69567,2026-05-29 12:00:00,3.0
EIA_69568,2026-05-29 12:00:00,1.0
EIA_69569,2026-05-29 12:00:00,5.0
EIA_69570,2026-05-29 12:00:00,12.0
EIA_69571,2026-05-29 12:00:00,1.3711512
EIA_69572,2026-05-29 12:00:00,5.0
EIA_69573,2026-05-29 12:00:00,5.0
EIA_69580,2026-05-29 12:00:00,0.023363328
EIA_69581,2026-05-29 12:00:00,0.032510336
EIA_69587,2026-05-29 12:00:00,1.4
EIA_69596,2026-05-29 12:00:00,0.69862086
EIA_69597,2026-05-29 12:00:00,0.8732761
EIA_69598,2026-05-29 12:00:00,0.95130855
EIA_69599,2026-05-29 12:00:00,1.1189833
EIA_69600,2026-05-29 12:00:00,5.0
EIA_69601,2026-05-29 12:00:00,2.0
EIA_69604,2026-05-29 12:00:00,19.9
EIA_69612,2026-05-29 12:00:00,0.11617056
EIA_69613,2026-05-29 12:00:00,0.11616722
EIA_69615,2026-05-29 12:00:00,0.11616817
EIA_69617,2026-05-29 12:00:00,2.8
EIA_69618,2026-05-29 12:00:00,5.0
EIA_69621,2026-05-29 12:00:00,5.0
EIA_69622,2026-05-29 12:00:00,5.0
EIA_69623,2026-05-29 12:00:00,2.0
EIA_69624,2026-05-29 12:00:00,5.0
EIA_69630,2026-05-29 12:00:00,1.0
EIA_69645,2026-05-29 12:00:00,1.0
EIA_69646,2026-05-29 12:00:00,1.0
EIA_69651,2026-05-29 12:00:00,2.0
EIA_69652,2026-05-29 12:00:00,2.0
EIA_69653,2026-05-29 12:00:00,2.0
EIA_69655,2026-05-29 12:00:00,5.0
EIA_69656,2026-05-29 12:00:00,2.3
EIA_69675,2026-05-29 12:00:00,273.6
EIA_69676,2026-05-29 12:00:00,9.650819
EIA_69680,2026-05-29 12:00:00,113.1
EIA_69683,2026-05-29 12:00:00,1.3
EIA_69686,2026-05-29 12:00:00,0.42036936
EIA_69692,2026-05-29 12:00:00,5.0
EIA_69693,2026-05-29 12:00:00,0.021664405
EIA_69696,2026-05-29 12:00:00,2.2
EIA_69700,2026-05-29 12:00:00,4.7
EIA_69703,2026-05-29 12:00:00,3.3
EIA_69705,2026-05-29 12:00:00,0.17054945
EIA_69707,2026-05-29 12:00:00,0.040176906
EIA_69709,2026-05-29 12:00:00,0.26326576
EIA_69714,2026-05-29 12:00:00,3.6
EIA_69715,2026-05-29 12:00:00,0.26327077
EIA_69716,2026-05-29 12:00:00,4.0
EIA_69717,2026-05-29 12:00:00,5.0
EIA_69718,2026-05-29 12:00:00,4.8
EIA_69719,2026-05-29 12:00:00,2.8
EIA_69729,2026-05-29 12:00:00,0.5750114
EIA_69731,2026-05-29 12:00:00,1.3
EIA_69732,2026-05-29 12:00:00,3.700917
EIA_69733,2026-05-29 12:00:00,3.330828
EIA_69735,2026-05-29 12:00:00,5.0
EIA_69736,2026-05-29 12:00:00,1.2
EIA_69739,2026-05-29 12:00:00,4.8
EIA_69744,2026-05-29 12:00:00,5.0
EIA_69746,2026-05-29 12:00:00,2.0
EIA_69754,2026-05-29 12:00:00,2.5
EIA_69774,2026-05-29 12:00:00,0.3986691
EIA_69800,2026-05-29 12:00:00,5.0
EIA_69801,2026-05-29 12:00:00,2.0
EIA_69802,2026-05-29 12:00:00,3.5
EIA_69822,2026-05-29 12:00:00,1.0
EIA_69824,2026-05-29 12:00:00,2.0
EIA_69863,2026-05-29 12:00:00,3.7
EIA_69875,2026-05-29 12:00:00,117.0
EIA_141,2026-05-29 13:00:00,0.11718785
EIA_960,2026-05-29 13:00:00,0.3
EIA_1172,2026-05-29 13:00:00,0.24802999
EIA_1187,2026-05-29 13:00:00,0.8
EIA_10224,2026-05-29 13:00:00,0.5
EIA_10823,2026-05-29 13:00:00,0.1
EIA_50026,2026-05-29 13:00:00,27.5
EIA_56322,2026-05-29 13:00:00,0.29352313
EIA_57775,2026-05-29 13:00:00,0.26471114
EIA_58173,2026-05-29 13:00:00,0.1
EIA_58413,2026-05-29 13:00:00,33.82151
EIA_58556,2026-05-29 13:00:00,10.1
EIA_58689,2026-05-29 13:00:00,1.3
EIA_58899,2026-05-29 13:00:00,0.14903376
EIA_59133,2026-05-29 13:00:00,0.15564026
EIA_59272,2026-05-29 13:00:00,0.34765008
EIA_59776,2026-05-29 13:00:00,0.2
EIA_59786,2026-05-29 13:00:00,2.0090888
EIA_59988,2026-05-29 13:00:00,1.1
EIA_60452,2026-05-29 13:00:00,3.0
EIA_61703,2026-05-29 13:00:00,0.050747696
EIA_61796,2026-05-29 13:00:00,20.0
EIA_61820,2026-05-29 13:00:00,0.8
EIA_61822,2026-05-29 13:00:00,0.2
EIA_61852,2026-05-29 13:00:00,161.07611
EIA_61910,2026-05-29 13:00:00,7.0
EIA_61967,2026-05-29 13:00:00,125.0
EIA_61990,2026-05-29 13:00:00,0.1
EIA_62027,2026-05-29 13:00:00,0.7
EIA_62186,2026-05-29 13:00:00,2.0
EIA_62344,2026-05-29 13:00:00,2.0
EIA_62397,2026-05-29 13:00:00,2.0
EIA_62442,2026-05-29 13:00:00,0.5
EIA_62494,2026-05-29 13:00:00,250.0
EIA_62737,2026-05-29 13:00:00,5.0
EIA_62797,2026-05-29 13:00:00,100.0
EIA_63122,2026-05-29 13:00:00,1.0
EIA_63194,2026-05-29 13:00:00,300.0
EIA_63211,2026-05-29 13:00:00,250.0
EIA_63221,2026-05-29 13:00:00,0.46953836
EIA_63507,2026-05-29 13:00:00,28.584948
EIA_63518,2026-05-29 13:00:00,44.280148
EIA_63542,2026-05-29 13:00:00,0.7384871
EIA_63882,2026-05-29 13:00:00,200.0
EIA_63884,2026-05-29 13:00:00,310.0
EIA_63946,2026-05-29 13:00:00,2.0
EIA_64117,2026-05-29 13:00:00,4.9
EIA_64132,2026-05-29 13:00:00,200.0
EIA_64210,2026-05-29 13:00:00,75.59565
EIA_64222,2026-05-29 13:00:00,0.09452239
EIA_64223,2026-05-29 13:00:00,0.01832281
EIA_64430,2026-05-29 13:00:00,140.0
EIA_64442,2026-05-29 13:00:00,0.5
EIA_64509,2026-05-29 13:00:00,0.5
EIA_64512,2026-05-29 13:00:00,0.5
EIA_64513,2026-05-29 13:00:00,0.5
EIA_64536,2026-05-29 13:00:00,135.0
EIA_64564,2026-05-29 13:00:00,57.085365
EIA_64567,2026-05-29 13:00:00,20.0
EIA_64729,2026-05-29 13:00:00,0.2929397
EIA_64745,2026-05-29 13:00:00,150.0
EIA_64858,2026-05-29 13:00:00,100.62574
EIA_65006,2026-05-29 13:00:00,1.0
EIA_65024,2026-05-29 13:00:00,0.46478
EIA_65139,2026-05-29 13:00:00,1.3674525
EIA_65149,2026-05-29 13:00:00,4.0
EIA_65279,2026-05-29 13:00:00,1.3823249
EIA_65401,2026-05-29 13:00:00,51.8
EIA_65405,2026-05-29 13:00:00,45.0
EIA_65442,2026-05-29 13:00:00,0.80246353
EIA_65443,2026-05-29 13:00:00,1.0
EIA_65445,2026-05-29 13:00:00,2.6821005
EIA_65463,2026-05-29 13:00:00,72.12522
EIA_65468,2026-05-29 13:00:00,0.5
EIA_65480,2026-05-29 13:00:00,145.0
EIA_65508,2026-05-29 13:00:00,2.0
EIA_65515,2026-05-29 13:00:00,1.0
EIA_65516,2026-05-29 13:00:00,1.0
EIA_65572,2026-05-29 13:00:00,250.0
EIA_65644,2026-05-29 13:00:00,326.6
EIA_65659,2026-05-29 13:00:00,1.0
EIA_65827,2026-05-29 13:00:00,5.0
EIA_65849,2026-05-29 13:00:00,180.0
EIA_65885,2026-05-29 13:00:00,30.221869
EIA_65887,2026-05-29 13:00:00,47.43995
EIA_65888,2026-05-29 13:00:00,74.5
EIA_65891,2026-05-29 13:00:00,17.785625
EIA_65894,2026-05-29 13:00:00,210.0
EIA_65905,2026-05-29 13:00:00,74.5
EIA_65911,2026-05-29 13:00:00,74.5
EIA_65913,2026-05-29 13:00:00,20.33869
EIA_66027,2026-05-29 13:00:00,29.938992
EIA_66107,2026-05-29 13:00:00,20.0
EIA_66256,2026-05-29 13:00:00,1.5801331
EIA_66352,2026-05-29 13:00:00,5.0
EIA_66356,2026-05-29 13:00:00,5.0
EIA_66432,2026-05-29 13:00:00,1.8813769
EIA_66433,2026-05-29 13:00:00,1.0
EIA_66435,2026-05-29 13:00:00,0.80259615
EIA_66449,2026-05-29 13:00:00,4.0
EIA_66495,2026-05-29 13:00:00,5.0
EIA_66520,2026-05-29 13:00:00,2.0
EIA_66523,2026-05-29 13:00:00,5.0
EIA_66647,2026-05-29 13:00:00,100.0
EIA_66649,2026-05-29 13:00:00,54.68207
EIA_66654,2026-05-29 13:00:00,2.0
EIA_66656,2026-05-29 13:00:00,2.0
EIA_66670,2026-05-29 13:00:00,81.29919
EIA_66681,2026-05-29 13:00:00,5.448817
EIA_66688,2026-05-29 13:00:00,300.0
EIA_66739,2026-05-29 13:00:00,1.5
EIA_66740,2026-05-29 13:00:00,0.17978023
EIA_66756,2026-05-29 13:00:00,40.8
EIA_66760,2026-05-29 13:00:00,3.0
EIA_66774,2026-05-29 13:00:00,408.9
EIA_66775,2026-05-29 13:00:00,63.813454
EIA_66827,2026-05-29 13:00:00,2.5
EIA_66840,2026-05-29 13:00:00,51.1
EIA_66842,2026-05-29 13:00:00,64.0
EIA_66844,2026-05-29 13:00:00,150.0
EIA_66860,2026-05-29 13:00:00,100.0
EIA_66872,2026-05-29 13:00:00,204.5
EIA_66886,2026-05-29 13:00:00,2.4
EIA_66897,2026-05-29 13:00:00,45.27739
EIA_66899,2026-05-29 13:00:00,5.8
EIA_66903,2026-05-29 13:00:00,310.0
EIA_66983,2026-05-29 13:00:00,6.112307
EIA_67007,2026-05-29 13:00:00,20.0
EIA_67022,2026-05-29 13:00:00,175.0
EIA_67033,2026-05-29 13:00:00,3.8
EIA_67038,2026-05-29 13:00:00,63.96657
EIA_67046,2026-05-29 13:00:00,210.0
EIA_67075,2026-05-29 13:00:00,11.248975
EIA_67076,2026-05-29 13:00:00,1.9622425
EIA_67080,2026-05-29 13:00:00,3.134611
EIA_67086,2026-05-29 13:00:00,1.8
EIA_67124,2026-05-29 13:00:00,1.5
EIA_67125,2026-05-29 13:00:00,2.4622133
EIA_67126,2026-05-29 13:00:00,4.3
EIA_67129,2026-05-29 13:00:00,73.38131
EIA_67133,2026-05-29 13:00:00,4.8
EIA_67135,2026-05-29 13:00:00,0.81519735
EIA_67158,2026-05-29 13:00:00,1.3
EIA_67174,2026-05-29 13:00:00,0.9748222
EIA_67177,2026-05-29 13:00:00,19.896872
EIA_67201,2026-05-29 13:00:00,2.5488887
EIA_67204,2026-05-29 13:00:00,81.318184
EIA_67216,2026-05-29 13:00:00,18.8
EIA_67217,2026-05-29 13:00:00,20.0
EIA_67218,2026-05-29 13:00:00,20.0
EIA_67219,2026-05-29 13:00:00,20.0
EIA_67254,2026-05-29 13:00:00,2.0
EIA_67255,2026-05-29 13:00:00,2.0
EIA_67256,2026-05-29 13:00:00,2.0
EIA_67322,2026-05-29 13:00:00,11.095768
EIA_67374,2026-05-29 13:00:00,5.0
EIA_67391,2026-05-29 13:00:00,4.0
EIA_67412,2026-05-29 13:00:00,5.0
EIA_67421,2026-05-29 13:00:00,84.4
EIA_67437,2026-05-29 13:00:00,3.2066576
EIA_67447,2026-05-29 13:00:00,2.5
EIA_67469,2026-05-29 13:00:00,1.1
EIA_67474,2026-05-29 13:00:00,162.81647
EIA_67490,2026-05-29 13:00:00,5.6
EIA_67497,2026-05-29 13:00:00,83.54981
EIA_67503,2026-05-29 13:00:00,103.60763
EIA_67511,2026-05-29 13:00:00,167.09962
EIA_67528,2026-05-29 13:00:00,14.060256
EIA_67532,2026-05-29 13:00:00,5.0
EIA_67539,2026-05-29 13:00:00,1.6
EIA_67540,2026-05-29 13:00:00,2.3
EIA_67546,2026-05-29 13:00:00,1.0
EIA_67554,2026-05-29 13:00:00,2.0
EIA_67583,2026-05-29 13:00:00,1.3
EIA_67584,2026-05-29 13:00:00,4.8
EIA_67597,2026-05-29 13:00:00,11.8
EIA_67600,2026-05-29 13:00:00,5.0
EIA_67623,2026-05-29 13:00:00,2.0
EIA_67624,2026-05-29 13:00:00,2.0
EIA_67628,2026-05-29 13:00:00,2.0
EIA_67644,2026-05-29 13:00:00,5.0
EIA_67675,2026-05-29 13:00:00,65.0
EIA_67678,2026-05-29 13:00:00,140.0
EIA_67684,2026-05-29 13:00:00,2.0
EIA_67686,2026-05-29 13:00:00,4.9
EIA_67687,2026-05-29 13:00:00,2.0
EIA_67688,2026-05-29 13:00:00,1.228813
EIA_67703,2026-05-29 13:00:00,5.0
EIA_67704,2026-05-29 13:00:00,1.4
EIA_67705,2026-05-29 13:00:00,2.3
EIA_67713,2026-05-29 13:00:00,4.0
EIA_67714,2026-05-29 13:00:00,1.5
EIA_67715,2026-05-29 13:00:00,2.0
EIA_67716,2026-05-29 13:00:00,1.9
EIA_67717,2026-05-29 13:00:00,2.0
EIA_67718,2026-05-29 13:00:00,1.9
EIA_67719,2026-05-29 13:00:00,2.0
EIA_67727,2026-05-29 13:00:00,6.0
EIA_67728,2026-05-29 13:00:00,5.0
EIA_67735,2026-05-29 13:00:00,250.0
EIA_67751,2026-05-29 13:00:00,2.0
EIA_67762,2026-05-29 13:00:00,255.9
EIA_67765,2026-05-29 13:00:00,150.0
EIA_67797,2026-05-29 13:00:00,102.63776
EIA_67804,2026-05-29 13:00:00,2.0
EIA_67822,2026-05-29 13:00:00,2.0
EIA_67823,2026-05-29 13:00:00,160.88911
EIA_67834,2026-05-29 13:00:00,48.0
EIA_67850,2026-05-29 13:00:00,15.054841
EIA_67864,2026-05-29 13:00:00,6.581548
EIA_67867,2026-05-29 13:00:00,67.2
EIA_67872,2026-05-29 13:00:00,150.0
EIA_67873,2026-05-29 13:00:00,60.0
EIA_67900,2026-05-29 13:00:00,3.0380876
EIA_67901,2026-05-29 13:00:00,1.139283
EIA_67930,2026-05-29 13:00:00,200.0
EIA_67943,2026-05-29 13:00:00,3.0
EIA_67957,2026-05-29 13:00:00,80.0
EIA_67964,2026-05-29 13:00:00,81.56826
EIA_67965,2026-05-29 13:00:00,1.3
EIA_67969,2026-05-29 13:00:00,22.0
EIA_67979,2026-05-29 13:00:00,5.0
EIA_67997,2026-05-29 13:00:00,28.9
EIA_68008,2026-05-29 13:00:00,5.0
EIA_68010,2026-05-29 13:00:00,5.0
EIA_68025,2026-05-29 13:00:00,3.0
EIA_68026,2026-05-29 13:00:00,4.8
EIA_68037,2026-05-29 13:00:00,5.0
EIA_68060,2026-05-29 13:00:00,75.0
EIA_68077,2026-05-29 13:00:00,20.0
EIA_68088,2026-05-29 13:00:00,152.0
EIA_68096,2026-05-29 13:00:00,0.94082814
EIA_68102,2026-05-29 13:00:00,0.5211987
EIA_68106,2026-05-29 13:00:00,73.38131
EIA_68107,2026-05-29 13:00:00,6.5
EIA_68108,2026-05-29 13:00:00,7.5
EIA_68109,2026-05-29 13:00:00,1.3
EIA_68113,2026-05-29 13:00:00,1.3736914
EIA_68114,2026-05-29 13:00:00,5.779704
EIA_68157,2026-05-29 13:00:00,1.0
EIA_68163,2026-05-29 13:00:00,5.0
EIA_68188,2026-05-29 13:00:00,5.0
EIA_68190,2026-05-29 13:00:00,5.0
EIA_68200,2026-05-29 13:00:00,136.54486
EIA_68223,2026-05-29 13:00:00,40.8
EIA_68235,2026-05-29 13:00:00,1.1
EIA_68259,2026-05-29 13:00:00,3.3
EIA_68276,2026-05-29 13:00:00,24.999983
EIA_68279,2026-05-29 13:00:00,1.1
EIA_68281,2026-05-29 13:00:00,188.14595
EIA_68286,2026-05-29 13:00:00,0.93177474
EIA_68327,2026-05-29 13:00:00,2.0
EIA_68372,2026-05-29 13:00:00,30.973034
EIA_68398,2026-05-29 13:00:00,5.0
EIA_68418,2026-05-29 13:00:00,120.0
EIA_68431,2026-05-29 13:00:00,240.0
EIA_68458,2026-05-29 13:00:00,250.0
EIA_68470,2026-05-29 13:00:00,180.0
EIA_68472,2026-05-29 13:00:00,74.9
EIA_68482,2026-05-29 13:00:00,49.9
EIA_68483,2026-05-29 13:00:00,225.0
EIA_68488,2026-05-29 13:00:00,78.42326
EIA_68489,2026-05-29 13:00:00,2.0
EIA_68516,2026-05-29 13:00:00,70.57011
EIA_68530,2026-05-29 13:00:00,2.0
EIA_68534,2026-05-29 13:00:00,138.3745
EIA_68536,2026-05-29 13:00:00,41.215958
EIA_68537,2026-05-29 13:00:00,26.616022
EIA_68538,2026-05-29 13:00:00,2.3
EIA_68544,2026-05-29 13:00:00,2.0
EIA_68551,2026-05-29 13:00:00,41.58103
EIA_68587,2026-05-29 13:00:00,1.580059
EIA_68588,2026-05-29 13:00:00,1.580059
EIA_68595,2026-05-29 13:00:00,65.93222
EIA_68615,2026-05-29 13:00:00,2.4
EIA_68670,2026-05-29 13:00:00,29.964851
EIA_68674,2026-05-29 13:00:00,3.8926954
EIA_68682,2026-05-29 13:00:00,3.0
EIA_68706,2026-05-29 13:00:00,4.082588
EIA_68708,2026-05-29 13:00:00,4.167737
EIA_68729,2026-05-29 13:00:00,3.0
EIA_68754,2026-05-29 13:00:00,4.3
EIA_68756,2026-05-29 13:00:00,5.0
EIA_68757,2026-05-29 13:00:00,3.5
EIA_68776,2026-05-29 13:00:00,237.1
EIA_68803,2026-05-29 13:00:00,1.5
EIA_68817,2026-05-29 13:00:00,33.536667
EIA_68820,2026-05-29 13:00:00,74.5
EIA_68822,2026-05-29 13:00:00,74.5
EIA_68823,2026-05-29 13:00:00,51.428703
EIA_68838,2026-05-29 13:00:00,244.17471
EIA_68856,2026-05-29 13:00:00,90.5
EIA_68880,2026-05-29 13:00:00,150.0
EIA_68885,2026-05-29 13:00:00,3.0
EIA_68886,2026-05-29 13:00:00,3.0
EIA_68892,2026-05-29 13:00:00,1.4
EIA_68894,2026-05-29 13:00:00,150.0
EIA_68906,2026-05-29 13:00:00,300.0
EIA_68919,2026-05-29 13:00:00,2.0
EIA_68921,2026-05-29 13:00:00,2.0
EIA_68927,2026-05-29 13:00:00,2.0928044
EIA_68928,2026-05-29 13:00:00,10.8
EIA_68941,2026-05-29 13:00:00,0.67887855
EIA_68943,2026-05-29 13:00:00,0.8417477
EIA_68944,2026-05-29 13:00:00,1.877899
EIA_68945,2026-05-29 13:00:00,2.5
EIA_68957,2026-05-29 13:00:00,1.0028231
EIA_68960,2026-05-29 13:00:00,2.0
EIA_68964,2026-05-29 13:00:00,2.6987891
EIA_68966,2026-05-29 13:00:00,3.0
EIA_68971,2026-05-29 13:00:00,5.0
EIA_68991,2026-05-29 13:00:00,0.67256856
EIA_68998,2026-05-29 13:00:00,120.0
EIA_69002,2026-05-29 13:00:00,5.0
EIA_69009,2026-05-29 13:00:00,0.1629843
EIA_69014,2026-05-29 13:00:00,4.784148
EIA_69015,2026-05-29 13:00:00,5.0
EIA_69016,2026-05-29 13:00:00,0.5845918
EIA_69017,2026-05-29 13:00:00,0.49770314
EIA_69018,2026-05-29 13:00:00,1.6878273
EIA_69027,2026-05-29 13:00:00,100.0
EIA_69031,2026-05-29 13:00:00,2.0
EIA_69032,2026-05-29 13:00:00,3.6
EIA_69033,2026-05-29 13:00:00,4.9
EIA_69042,2026-05-29 13:00:00,4.346613
EIA_69043,2026-05-29 13:00:00,4.1539054
EIA_69046,2026-05-29 13:00:00,2.0
EIA_69048,2026-05-29 13:00:00,0.26650974
EIA_69051,2026-05-29 13:00:00,3.0
EIA_69061,2026-05-29 13:00:00,4.5842886
EIA_69062,2026-05-29 13:00:00,4.5696545
EIA_69063,2026-05-29 13:00:00,200.0
EIA_69066,2026-05-29 13:00:00,5.0
EIA_69070,2026-05-29 13:00:00,5.0
EIA_69078,2026-05-29 13:00:00,5.0
EIA_69086,2026-05-29 13:00:00,5.0
EIA_69095,2026-05-29 13:00:00,5.0
EIA_69096,2026-05-29 13:00:00,5.0
EIA_69100,2026-05-29 13:00:00,31.466637
EIA_69101,2026-05-29 13:00:00,200.0
EIA_69103,2026-05-29 13:00:00,0.5333456
EIA_69104,2026-05-29 13:00:00,4.7677684
EIA_69106,2026-05-29 13:00:00,1.1786249
EIA_69107,2026-05-29 13:00:00,0.41233197
EIA_69109,2026-05-29 13:00:00,1.4
EIA_69112,2026-05-29 13:00:00,1.3
EIA_69113,2026-05-29 13:00:00,2.7
EIA_69115,2026-05-29 13:00:00,1.0
EIA_69116,2026-05-29 13:00:00,2.5
EIA_69117,2026-05-29 13:00:00,1.0
EIA_69118,2026-05-29 13:00:00,1.1
EIA_69123,2026-05-29 13:00:00,3.5
EIA_69124,2026-05-29 13:00:00,1.0
EIA_69125,2026-05-29 13:00:00,1.0
EIA_69126,2026-05-29 13:00:00,0.55749923
EIA_69127,2026-05-29 13:00:00,0.54275703
EIA_69129,2026-05-29 13:00:00,1.3
EIA_69130,2026-05-29 13:00:00,4.0
EIA_69131,2026-05-29 13:00:00,0.7220272
EIA_69133,2026-05-29 13:00:00,4.5
EIA_69134,2026-05-29 13:00:00,5.0
EIA_69135,2026-05-29 13:00:00,1.0
EIA_69140,2026-05-29 13:00:00,1.3
EIA_69141,2026-05-29 13:00:00,4.0
EIA_69142,2026-05-29 13:00:00,1.0
EIA_69143,2026-05-29 13:00:00,120.0
EIA_69145,2026-05-29 13:00:00,0.025778688
EIA_69153,2026-05-29 13:00:00,5.0
EIA_69154,2026-05-29 13:00:00,4.7
EIA_69161,2026-05-29 13:00:00,2.0
EIA_69163,2026-05-29 13:00:00,2.0
EIA_69164,2026-05-29 13:00:00,103.63316
EIA_69166,2026-05-29 13:00:00,4.539548
EIA_69172,2026-05-29 13:00:00,80.0
EIA_69179,2026-05-29 13:00:00,5.0
EIA_69183,2026-05-29 13:00:00,2.0
EIA_69187,2026-05-29 13:00:00,7.945854
EIA_69188,2026-05-29 13:00:00,2.9
EIA_69192,2026-05-29 13:00:00,1.118312
EIA_69193,2026-05-29 13:00:00,2.5
EIA_69201,2026-05-29 13:00:00,2.0
EIA_69210,2026-05-29 13:00:00,0.0034716364
EIA_69212,2026-05-29 13:00:00,5.0
EIA_69213,2026-05-29 13:00:00,5.0
EIA_69214,2026-05-29 13:00:00,2.0052068
EIA_69216,2026-05-29 13:00:00,5.0
EIA_69219,2026-05-29 13:00:00,3.0
EIA_69221,2026-05-29 13:00:00,1.2
EIA_69227,2026-05-29 13:00:00,1.0077538
EIA_69228,2026-05-29 13:00:00,1.0938791
EIA_69230,2026-05-29 13:00:00,5.0
EIA_69235,2026-05-29 13:00:00,20.0
EIA_69236,2026-05-29 13:00:00,36.849895
EIA_69240,2026-05-29 13:00:00,5.0
EIA_69241,2026-05-29 13:00:00,4.5
EIA_69243,2026-05-29 13:00:00,2.2274814
EIA_69247,2026-05-29 13:00:00,1.3
EIA_69248,2026-05-29 13:00:00,0.493067
EIA_69261,2026-05-29 13:00:00,10.0
EIA_69263,2026-05-29 13:00:00,10.0
EIA_69265,2026-05-29 13:00:00,7.5
EIA_69273,2026-05-29 13:00:00,1.8
EIA_69280,2026-05-29 13:00:00,5.0
EIA_69281,2026-05-29 13:00:00,5.0
EIA_69284,2026-05-29 13:00:00,2.9
EIA_69285,2026-05-29 13:00:00,2.8
EIA_69287,2026-05-29 13:00:00,9.584109
EIA_69288,2026-05-29 13:00:00,0.53351545
EIA_69289,2026-05-29 13:00:00,6.5606
EIA_69303,2026-05-29 13:00:00,1.0
EIA_69304,2026-05-29 13:00:00,1.0
EIA_69306,2026-05-29 13:00:00,8.8
EIA_69307,2026-05-29 13:00:00,1.0
EIA_69314,2026-05-29 13:00:00,2.0
EIA_69315,2026-05-29 13:00:00,5.0
EIA_69316,2026-05-29 13:00:00,5.0
EIA_69317,2026-05-29 13:00:00,5.0
EIA_69319,2026-05-29 13:00:00,53.783382
EIA_69320,2026-05-29 13:00:00,480.0
EIA_69321,2026-05-29 13:00:00,40.06862
EIA_69325,2026-05-29 13:00:00,2.0
EIA_69326,2026-05-29 13:00:00,2.0
EIA_69328,2026-05-29 13:00:00,4.1
EIA_69330,2026-05-29 13:00:00,5.0
EIA_69354,2026-05-29 13:00:00,70.620316
EIA_69355,2026-05-29 13:00:00,74.9
EIA_69368,2026-05-29 13:00:00,4.5
EIA_69374,2026-05-29 13:00:00,1.5
EIA_69378,2026-05-29 13:00:00,0.47865644
EIA_69379,2026-05-29 13:00:00,5.0
EIA_69380,2026-05-29 13:00:00,4.4
EIA_69381,2026-05-29 13:00:00,1.6
EIA_69382,2026-05-29 13:00:00,1.4
EIA_69386,2026-05-29 13:00:00,5.0
EIA_69387,2026-05-29 13:00:00,5.0
EIA_69388,2026-05-29 13:00:00,100.0
EIA_69389,2026-05-29 13:00:00,5.0
EIA_69390,2026-05-29 13:00:00,5.0
EIA_69391,2026-05-29 13:00:00,4.9
EIA_69395,2026-05-29 13:00:00,2.3
EIA_69396,2026-05-29 13:00:00,2.4
EIA_69397,2026-05-29 13:00:00,2.0
EIA_69398,2026-05-29 13:00:00,3.2
EIA_69399,2026-05-29 13:00:00,3.5
EIA_69400,2026-05-29 13:00:00,5.0
EIA_69401,2026-05-29 13:00:00,5.0
EIA_69402,2026-05-29 13:00:00,5.0
EIA_69405,2026-05-29 13:00:00,5.0
EIA_69406,2026-05-29 13:00:00,5.0
EIA_69409,2026-05-29 13:00:00,5.0
EIA_69410,2026-05-29 13:00:00,5.0
EIA_69412,2026-05-29 13:00:00,3.0
EIA_69414,2026-05-29 13:00:00,270.0
EIA_69419,2026-05-29 13:00:00,5.0
EIA_69420,2026-05-29 13:00:00,2.0
EIA_69421,2026-05-29 13:00:00,1.5927496
EIA_69425,2026-05-29 13:00:00,3.0
EIA_69428,2026-05-29 13:00:00,250.0
EIA_69430,2026-05-29 13:00:00,6.0
EIA_69431,2026-05-29 13:00:00,5.0
EIA_69432,2026-05-29 13:00:00,6.0
EIA_69433,2026-05-29 13:00:00,6.0
EIA_69434,2026-05-29 13:00:00,2.0
EIA_69439,2026-05-29 13:00:00,5.0
EIA_69440,2026-05-29 13:00:00,5.0
EIA_69441,2026-05-29 13:00:00,2.6
EIA_69442,2026-05-29 13:00:00,5.0
EIA_69443,2026-05-29 13:00:00,2.3
EIA_69447,2026-05-29 13:00:00,2.0
EIA_69448,2026-05-29 13:00:00,1.3787355
EIA_69476,2026-05-29 13:00:00,100.0
EIA_69483,2026-05-29 13:00:00,0.4713655
EIA_69484,2026-05-29 13:00:00,2.1467109
EIA_69485,2026-05-29 13:00:00,2.0180206
EIA_69486,2026-05-29 13:00:00,2.5
EIA_69487,2026-05-29 13:00:00,0.61658967
EIA_69488,2026-05-29 13:00:00,2.5
EIA_69489,2026-05-29 13:00:00,3.0
EIA_69490,2026-05-29 13:00:00,2.5
EIA_69491,2026-05-29 13:00:00,2.5
EIA_69492,2026-05-29 13:00:00,2.1957915
EIA_69493,2026-05-29 13:00:00,2.5
EIA_69494,2026-05-29 13:00:00,2.5
EIA_69495,2026-05-29 13:00:00,2.5
EIA_69498,2026-05-29 13:00:00,8.8
EIA_69499,2026-05-29 13:00:00,20.0
EIA_69500,2026-05-29 13:00:00,3.8
EIA_69501,2026-05-29 13:00:00,6.0
EIA_69502,2026-05-29 13:00:00,4.0
EIA_69503,2026-05-29 13:00:00,6.0
EIA_69505,2026-05-29 13:00:00,14.8
EIA_69518,2026-05-29 13:00:00,0.8865257
EIA_69519,2026-05-29 13:00:00,1.329788
EIA_69525,2026-05-29 13:00:00,4.3
EIA_69526,2026-05-29 13:00:00,5.0
EIA_69527,2026-05-29 13:00:00,5.0
EIA_69528,2026-05-29 13:00:00,0.46874833
EIA_69529,2026-05-29 13:00:00,0.80608004
EIA_69530,2026-05-29 13:00:00,0.17343287
EIA_69531,2026-05-29 13:00:00,3.3831296
EIA_69532,2026-05-29 13:00:00,1.5783792
EIA_69536,2026-05-29 13:00:00,5.3
EIA_69538,2026-05-29 13:00:00,52.2
EIA_69542,2026-05-29 13:00:00,5.0
EIA_69543,2026-05-29 13:00:00,3.3
EIA_69544,2026-05-29 13:00:00,2.5
EIA_69545,2026-05-29 13:00:00,1.0
EIA_69546,2026-05-29 13:00:00,0.9266138
EIA_69550,2026-05-29 13:00:00,117.0
EIA_69557,2026-05-29 13:00:00,0.39957628
EIA_69561,2026-05-29 13:00:00,4.0
EIA_69564,2026-05-29 13:00:00,1.9
EIA_69565,2026-05-29 13:00:00,4.9
EIA_69567,2026-05-29 13:00:00,3.0
EIA_69568,2026-05-29 13:00:00,1.0
EIA_69569,2026-05-29 13:00:00,5.0
EIA_69570,2026-05-29 13:00:00,12.0
EIA_69571,2026-05-29 13:00:00,5.0
EIA_69572,2026-05-29 13:00:00,5.0
EIA_69573,2026-05-29 13:00:00,5.0
EIA_69580,2026-05-29 13:00:00,1.1
EIA_69581,2026-05-29 13:00:00,0.11591066
EIA_69587,2026-05-29 13:00:00,1.4
EIA_69596,2026-05-29 13:00:00,1.7573673
EIA_69597,2026-05-29 13:00:00,2.1966815
EIA_69598,2026-05-29 13:00:00,2.0
EIA_69599,2026-05-29 13:00:00,2.0
EIA_69600,2026-05-29 13:00:00,5.0
EIA_69601,2026-05-29 13:00:00,2.0
EIA_69604,2026-05-29 13:00:00,19.9
EIA_69612,2026-05-29 13:00:00,1.7737511
EIA_69613,2026-05-29 13:00:00,1.7736768
EIA_69615,2026-05-29 13:00:00,1.7736921
EIA_69617,2026-05-29 13:00:00,2.8
EIA_69618,2026-05-29 13:00:00,5.0
EIA_69621,2026-05-29 13:00:00,5.0
EIA_69622,2026-05-29 13:00:00,5.0
EIA_69623,2026-05-29 13:00:00,2.0
EIA_69624,2026-05-29 13:00:00,5.0
EIA_69630,2026-05-29 13:00:00,1.0
EIA_69645,2026-05-29 13:00:00,1.0
EIA_69646,2026-05-29 13:00:00,1.0
EIA_69651,2026-05-29 13:00:00,2.0
EIA_69652,2026-05-29 13:00:00,2.0
EIA_69653,2026-05-29 13:00:00,2.0
EIA_69655,2026-05-29 13:00:00,5.0
EIA_69656,2026-05-29 13:00:00,2.3
EIA_69675,2026-05-29 13:00:00,273.6
EIA_69676,2026-05-29 13:00:00,94.52934
EIA_69680,2026-05-29 13:00:00,113.1
EIA_69682,2026-05-29 13:00:00,0.017166752
EIA_69683,2026-05-29 13:00:00,1.3
EIA_69686,2026-05-29 13:00:00,1.9355875
EIA_69692,2026-05-29 13:00:00,5.0
EIA_69693,2026-05-29 13:00:00,0.20883586
EIA_69696,2026-05-29 13:00:00,2.2
EIA_69700,2026-05-29 13:00:00,4.7
EIA_69703,2026-05-29 13:00:00,3.3
EIA_69705,2026-05-29 13:00:00,0.018846378
EIA_69707,2026-05-29 13:00:00,0.042107534
EIA_69709,2026-05-29 13:00:00,0.20181707
EIA_69714,2026-05-29 13:00:00,3.6
EIA_69715,2026-05-29 13:00:00,0.20181449
EIA_69716,2026-05-29 13:00:00,4.0
EIA_69717,2026-05-29 13:00:00,5.0
EIA_69718,2026-05-29 13:00:00,4.8
EIA_69719,2026-05-29 13:00:00,2.8
EIA_69729,2026-05-29 13:00:00,3.0
EIA_69731,2026-05-29 13:00:00,1.3
EIA_69732,2026-05-29 13:00:00,5.0
EIA_69733,2026-05-29 13:00:00,4.5
EIA_69735,2026-05-29 13:00:00,5.0
EIA_69736,2026-05-29 13:00:00,1.2
EIA_69739,2026-05-29 13:00:00,4.8
EIA_69740,2026-05-29 13:00:00,4.3640733
EIA_69744,2026-05-29 13:00:00,5.0
EIA_69746,2026-05-29 13:00:00,2.0
EIA_69748,2026-05-29 13:00:00,423.70563
EIA_69754,2026-05-29 13:00:00,2.5
EIA_69757,2026-05-29 13:00:00,0.7749206
EIA_69758,2026-05-29 13:00:00,0.59609276
EIA_69774,2026-05-29 13:00:00,1.5796252
EIA_69800,2026-05-29 13:00:00,5.0
EIA_69801,2026-05-29 13:00:00,2.0
EIA_69802,2026-05-29 13:00:00,3.5
EIA_69822,2026-05-29 13:00:00,1.0
EIA_69824,2026-05-29 13:00:00,2.0
EIA_69856,2026-05-29 13:00:00,0.017743012
EIA_69863,2026-05-29 13:00:00,3.7
EIA_69875,2026-05-29 13:00:00,117.0
EIA_141,2026-05-29 14:00:00,0.2
EIA_960,2026-05-29 14:00:00,0.3
EIA_1172,2026-05-29 14:00:00,0.38787308
EIA_1187,2026-05-29 14:00:00,0.8
EIA_10224,2026-05-29 14:00:00,0.5
EIA_10823,2026-05-29 14:00:00,0.1
EIA_50026,2026-05-29 14:00:00,27.5
EIA_50061,2026-05-29 14:00:00,0.056596857
EIA_56322,2026-05-29 14:00:00,0.4683939
EIA_57775,2026-05-29 14:00:00,0.5
EIA_57785,2026-05-29 14:00:00,0.47239798
EIA_57806,2026-05-29 14:00:00,0.0076753185
EIA_58173,2026-05-29 14:00:00,0.1
EIA_58413,2026-05-29 14:00:00,54.4
EIA_58422,2026-05-29 14:00:00,1.3
EIA_58556,2026-05-29 14:00:00,10.1
EIA_58689,2026-05-29 14:00:00,1.3
EIA_58899,2026-05-29 14:00:00,0.5
EIA_59133,2026-05-29 14:00:00,1.0
EIA_59272,2026-05-29 14:00:00,1.5
EIA_59776,2026-05-29 14:00:00,0.2
EIA_59786,2026-05-29 14:00:00,3.0
EIA_59988,2026-05-29 14:00:00,1.1
EIA_60452,2026-05-29 14:00:00,3.0
EIA_61703,2026-05-29 14:00:00,0.1
EIA_61796,2026-05-29 14:00:00,20.0
EIA_61820,2026-05-29 14:00:00,0.8
EIA_61822,2026-05-29 14:00:00,0.2
EIA_61852,2026-05-29 14:00:00,300.0
EIA_61910,2026-05-29 14:00:00,7.0
EIA_61967,2026-05-29 14:00:00,88.35711
EIA_61990,2026-05-29 14:00:00,0.1
EIA_62027,2026-05-29 14:00:00,0.7
EIA_62186,2026-05-29 14:00:00,2.0
EIA_62344,2026-05-29 14:00:00,2.0
EIA_62397,2026-05-29 14:00:00,2.0
EIA_62442,2026-05-29 14:00:00,0.31754112
EIA_62494,2026-05-29 14:00:00,250.0
EIA_62545,2026-05-29 14:00:00,0.049009535
EIA_62737,2026-05-29 14:00:00,5.0
EIA_62797,2026-05-29 14:00:00,100.0
EIA_63122,2026-05-29 14:00:00,1.0
EIA_63194,2026-05-29 14:00:00,300.0
EIA_63211,2026-05-29 14:00:00,250.0
EIA_63221,2026-05-29 14:00:00,1.0
EIA_63507,2026-05-29 14:00:00,4.8103237
EIA_63518,2026-05-29 14:00:00,68.28076
EIA_63542,2026-05-29 14:00:00,0.9161703
EIA_63882,2026-05-29 14:00:00,200.0
EIA_63884,2026-05-29 14:00:00,310.0
EIA_63946,2026-05-29 14:00:00,2.0
EIA_64117,2026-05-29 14:00:00,4.9
EIA_64132,2026-05-29 14:00:00,200.0
EIA_64210,2026-05-29 14:00:00,500.0
EIA_64222,2026-05-29 14:00:00,0.30561894
EIA_64223,2026-05-29 14:00:00,0.038839743
EIA_64430,2026-05-29 14:00:00,140.0
EIA_64442,2026-05-29 14:00:00,0.5
EIA_64446,2026-05-29 14:00:00,0.0049474705
EIA_64509,2026-05-29 14:00:00,0.5
EIA_64512,2026-05-29 14:00:00,0.5
EIA_64513,2026-05-29 14:00:00,0.5
EIA_64536,2026-05-29 14:00:00,135.0
EIA_64564,2026-05-29 14:00:00,131.0
EIA_64567,2026-05-29 14:00:00,20.0
EIA_64729,2026-05-29 14:00:00,0.90174913
EIA_64745,2026-05-29 14:00:00,47.868073
EIA_64858,2026-05-29 14:00:00,110.0
EIA_65006,2026-05-29 14:00:00,1.0
EIA_65024,2026-05-29 14:00:00,0.38216355
EIA_65072,2026-05-29 14:00:00,0.024353817
EIA_65139,2026-05-29 14:00:00,1.715448
EIA_65149,2026-05-29 14:00:00,2.1818953
EIA_65279,2026-05-29 14:00:00,2.0
EIA_65401,2026-05-29 14:00:00,51.8
EIA_65405,2026-05-29 14:00:00,45.0
EIA_65442,2026-05-29 14:00:00,1.0
EIA_65443,2026-05-29 14:00:00,1.0
EIA_65445,2026-05-29 14:00:00,58.281178
EIA_65463,2026-05-29 14:00:00,116.165146
EIA_65468,2026-05-29 14:00:00,0.5
EIA_65480,2026-05-29 14:00:00,145.0
EIA_65507,2026-05-29 14:00:00,2.3
EIA_65508,2026-05-29 14:00:00,2.0
EIA_65515,2026-05-29 14:00:00,1.0
EIA_65516,2026-05-29 14:00:00,1.0
EIA_65527,2026-05-29 14:00:00,0.28540415
EIA_65572,2026-05-29 14:00:00,250.0
EIA_65616,2026-05-29 14:00:00,0.08438542
EIA_65644,2026-05-29 14:00:00,282.62213
EIA_65659,2026-05-29 14:00:00,1.0
EIA_65827,2026-05-29 14:00:00,5.0
EIA_65849,2026-05-29 14:00:00,28.319553
EIA_65885,2026-05-29 14:00:00,51.14143
EIA_65887,2026-05-29 14:00:00,74.5
EIA_65888,2026-05-29 14:00:00,74.5
EIA_65891,2026-05-29 14:00:00,18.43266
EIA_65894,2026-05-29 14:00:00,210.0
EIA_65905,2026-05-29 14:00:00,74.5
EIA_65911,2026-05-29 14:00:00,74.5
EIA_65913,2026-05-29 14:00:00,52.5127
EIA_65940,2026-05-29 14:00:00,0.007916813
EIA_66027,2026-05-29 14:00:00,23.862146
EIA_66107,2026-05-29 14:00:00,20.0
EIA_66256,2026-05-29 14:00:00,2.5566628
EIA_66352,2026-05-29 14:00:00,5.0
EIA_66356,2026-05-29 14:00:00,5.0
EIA_66432,2026-05-29 14:00:00,2.0
EIA_66433,2026-05-29 14:00:00,1.0
EIA_66435,2026-05-29 14:00:00,1.0
EIA_66449,2026-05-29 14:00:00,4.0
EIA_66495,2026-05-29 14:00:00,5.0
EIA_66520,2026-05-29 14:00:00,2.0
EIA_66523,2026-05-29 14:00:00,5.0
EIA_66647,2026-05-29 14:00:00,100.0
EIA_66649,2026-05-29 14:00:00,200.0
EIA_66654,2026-05-29 14:00:00,2.0
EIA_66656,2026-05-29 14:00:00,2.0
EIA_66670,2026-05-29 14:00:00,150.0
EIA_66681,2026-05-29 14:00:00,26.533222
EIA_66688,2026-05-29 14:00:00,300.0
EIA_66739,2026-05-29 14:00:00,1.0527328
EIA_66740,2026-05-29 14:00:00,0.77683955
EIA_66756,2026-05-29 14:00:00,40.8
EIA_66760,2026-05-29 14:00:00,3.0
EIA_66774,2026-05-29 14:00:00,408.9
EIA_66775,2026-05-29 14:00:00,182.11926
EIA_66827,2026-05-29 14:00:00,2.5
EIA_66840,2026-05-29 14:00:00,51.1
EIA_66842,2026-05-29 14:00:00,64.0
EIA_66844,2026-05-29 14:00:00,150.0
EIA_66860,2026-05-29 14:00:00,100.0
EIA_66872,2026-05-29 14:00:00,182.092
EIA_66886,2026-05-29 14:00:00,2.4
EIA_66890,2026-05-29 14:00:00,60.0
EIA_66892,2026-05-29 14:00:00,1.0844575
EIA_66897,2026-05-29 14:00:00,92.64827
EIA_66899,2026-05-29 14:00:00,5.8
EIA_66903,2026-05-29 14:00:00,244.85864
EIA_66951,2026-05-29 14:00:00,25.955116
EIA_66983,2026-05-29 14:00:00,13.5
EIA_67007,2026-05-29 14:00:00,20.0
EIA_67022,2026-05-29 14:00:00,175.0
EIA_67033,2026-05-29 14:00:00,3.8
EIA_67038,2026-05-29 14:00:00,33.623592
EIA_67046,2026-05-29 14:00:00,210.0
EIA_67075,2026-05-29 14:00:00,66.49741
EIA_67076,2026-05-29 14:00:00,37.428185
EIA_67080,2026-05-29 14:00:00,3.6665957
EIA_67086,2026-05-29 14:00:00,1.8
EIA_67124,2026-05-29 14:00:00,1.303849
EIA_67125,2026-05-29 14:00:00,1.9724905
EIA_67126,2026-05-29 14:00:00,4.3
EIA_67129,2026-05-29 14:00:00,100.0
EIA_67133,2026-05-29 14:00:00,4.8
EIA_67135,2026-05-29 14:00:00,1.1137023
EIA_67158,2026-05-29 14:00:00,1.1071724
EIA_67169,2026-05-29 14:00:00,5.0
EIA_67174,2026-05-29 14:00:00,2.823333
EIA_67177,2026-05-29 14:00:00,28.390373
EIA_67201,2026-05-29 14:00:00,9.344805
EIA_67204,2026-05-29 14:00:00,80.126595
EIA_67216,2026-05-29 14:00:00,18.8
EIA_67217,2026-05-29 14:00:00,20.0
EIA_67218,2026-05-29 14:00:00,20.0
EIA_67219,2026-05-29 14:00:00,20.0
EIA_67234,2026-05-29 14:00:00,0.026671719
EIA_67254,2026-05-29 14:00:00,2.0
EIA_67255,2026-05-29 14:00:00,2.0
EIA_67256,2026-05-29 14:00:00,2.0
EIA_67277,2026-05-29 14:00:00,0.11168975
EIA_67288,2026-05-29 14:00:00,0.044378478
EIA_67322,2026-05-29 14:00:00,11.2
EIA_67374,2026-05-29 14:00:00,5.0
EIA_67391,2026-05-29 14:00:00,4.0
EIA_67412,2026-05-29 14:00:00,5.0
EIA_67421,2026-05-29 14:00:00,84.4
EIA_67437,2026-05-29 14:00:00,2.354672
EIA_67447,2026-05-29 14:00:00,2.5
EIA_67469,2026-05-29 14:00:00,1.1
EIA_67474,2026-05-29 14:00:00,300.0
EIA_67490,2026-05-29 14:00:00,5.6
EIA_67497,2026-05-29 14:00:00,100.0
EIA_67503,2026-05-29 14:00:00,170.0
EIA_67511,2026-05-29 14:00:00,200.0
EIA_67528,2026-05-29 14:00:00,44.559303
EIA_67532,2026-05-29 14:00:00,5.0
EIA_67539,2026-05-29 14:00:00,1.6
EIA_67540,2026-05-29 14:00:00,2.3
EIA_67546,2026-05-29 14:00:00,1.0
EIA_67554,2026-05-29 14:00:00,2.0
EIA_67583,2026-05-29 14:00:00,1.3
EIA_67584,2026-05-29 14:00:00,4.8
EIA_67597,2026-05-29 14:00:00,11.8
EIA_67600,2026-05-29 14:00:00,1.9416648
EIA_67623,2026-05-29 14:00:00,2.0
EIA_67624,2026-05-29 14:00:00,2.0
EIA_67628,2026-05-29 14:00:00,2.0
EIA_67644,2026-05-29 14:00:00,5.0
EIA_67675,2026-05-29 14:00:00,65.0
EIA_67678,2026-05-29 14:00:00,140.0
EIA_67684,2026-05-29 14:00:00,0.59246856
EIA_67686,2026-05-29 14:00:00,4.9
EIA_67687,2026-05-29 14:00:00,2.0
EIA_67688,2026-05-29 14:00:00,1.3572745
EIA_67703,2026-05-29 14:00:00,5.0
EIA_67704,2026-05-29 14:00:00,1.4
EIA_67705,2026-05-29 14:00:00,2.3
EIA_67713,2026-05-29 14:00:00,4.0
EIA_67714,2026-05-29 14:00:00,1.5
EIA_67715,2026-05-29 14:00:00,2.0
EIA_67716,2026-05-29 14:00:00,1.9
EIA_67717,2026-05-29 14:00:00,2.0
EIA_67718,2026-05-29 14:00:00,1.9
EIA_67719,2026-05-29 14:00:00,2.0
EIA_67727,2026-05-29 14:00:00,6.0
EIA_67728,2026-05-29 14:00:00,5.0
EIA_67735,2026-05-29 14:00:00,250.0
EIA_67751,2026-05-29 14:00:00,2.0
EIA_67762,2026-05-29 14:00:00,255.9
EIA_67765,2026-05-29 14:00:00,150.0
EIA_67793,2026-05-29 14:00:00,0.2108898
EIA_67797,2026-05-29 14:00:00,160.0
EIA_67804,2026-05-29 14:00:00,2.0
EIA_67822,2026-05-29 14:00:00,2.0
EIA_67823,2026-05-29 14:00:00,235.0
EIA_67834,2026-05-29 14:00:00,48.0
EIA_67850,2026-05-29 14:00:00,42.0
EIA_67859,2026-05-29 14:00:00,0.0591713
EIA_67864,2026-05-29 14:00:00,6.550426
EIA_67867,2026-05-29 14:00:00,67.2
EIA_67872,2026-05-29 14:00:00,150.0
EIA_67873,2026-05-29 14:00:00,60.0
EIA_67900,2026-05-29 14:00:00,3.2
EIA_67901,2026-05-29 14:00:00,1.2
EIA_67930,2026-05-29 14:00:00,200.0
EIA_67943,2026-05-29 14:00:00,3.0
EIA_67957,2026-05-29 14:00:00,19.849194
EIA_67964,2026-05-29 14:00:00,150.0
EIA_67965,2026-05-29 14:00:00,1.3
EIA_67969,2026-05-29 14:00:00,22.0
EIA_67979,2026-05-29 14:00:00,5.0
EIA_67997,2026-05-29 14:00:00,28.9
EIA_68008,2026-05-29 14:00:00,5.0
EIA_68010,2026-05-29 14:00:00,5.0
EIA_68023,2026-05-29 14:00:00,5.533846
EIA_68025,2026-05-29 14:00:00,3.0
EIA_68026,2026-05-29 14:00:00,4.8
EIA_68037,2026-05-29 14:00:00,5.0
EIA_68060,2026-05-29 14:00:00,75.0
EIA_68077,2026-05-29 14:00:00,20.0
EIA_68088,2026-05-29 14:00:00,152.0
EIA_68096,2026-05-29 14:00:00,0.31895626
EIA_68102,2026-05-29 14:00:00,0.12720871
EIA_68106,2026-05-29 14:00:00,100.0
EIA_68107,2026-05-29 14:00:00,1.2093604
EIA_68108,2026-05-29 14:00:00,7.5
EIA_68109,2026-05-29 14:00:00,1.2910423
EIA_68113,2026-05-29 14:00:00,1.0056163
EIA_68114,2026-05-29 14:00:00,3.7197044
EIA_68157,2026-05-29 14:00:00,0.82858765
EIA_68163,2026-05-29 14:00:00,5.0
EIA_68188,2026-05-29 14:00:00,5.0
EIA_68190,2026-05-29 14:00:00,5.0
EIA_68200,2026-05-29 14:00:00,401.4
EIA_68223,2026-05-29 14:00:00,40.8
EIA_68235,2026-05-29 14:00:00,1.1
EIA_68259,2026-05-29 14:00:00,3.3
EIA_68276,2026-05-29 14:00:00,39.55256
EIA_68279,2026-05-29 14:00:00,1.1
EIA_68281,2026-05-29 14:00:00,300.0
EIA_68286,2026-05-29 14:00:00,0.22190405
EIA_68327,2026-05-29 14:00:00,2.0
EIA_68372,2026-05-29 14:00:00,50.09985
EIA_68398,2026-05-29 14:00:00,5.0
EIA_68418,2026-05-29 14:00:00,120.0
EIA_68427,2026-05-29 14:00:00,5.9366593
EIA_68431,2026-05-29 14:00:00,240.0
EIA_68436,2026-05-29 14:00:00,2.9
EIA_68442,2026-05-29 14:00:00,0.062434357
EIA_68458,2026-05-29 14:00:00,58.941273
EIA_68470,2026-05-29 14:00:00,180.0
EIA_68472,2026-05-29 14:00:00,74.9
EIA_68482,2026-05-29 14:00:00,49.9
EIA_68483,2026-05-29 14:00:00,225.0
EIA_68488,2026-05-29 14:00:00,80.0
EIA_68489,2026-05-29 14:00:00,2.0
EIA_68516,2026-05-29 14:00:00,32.306858
EIA_68523,2026-05-29 14:00:00,0.13030963
EIA_68524,2026-05-29 14:00:00,0.13030505
EIA_68525,2026-05-29 14:00:00,0.13030495
EIA_68530,2026-05-29 14:00:00,2.0
EIA_68534,2026-05-29 14:00:00,150.0
EIA_68536,2026-05-29 14:00:00,60.13766
EIA_68537,2026-05-29 14:00:00,65.8068
EIA_68538,2026-05-29 14:00:00,2.3
EIA_68540,2026-05-29 14:00:00,0.15725447
EIA_68544,2026-05-29 14:00:00,2.0
EIA_68550,2026-05-29 14:00:00,0.060404334
EIA_68551,2026-05-29 14:00:00,74.5
EIA_68587,2026-05-29 14:00:00,16.284222
EIA_68588,2026-05-29 14:00:00,16.284222
EIA_68595,2026-05-29 14:00:00,52.274124
EIA_68615,2026-05-29 14:00:00,2.4
EIA_68670,2026-05-29 14:00:00,61.981384
EIA_68674,2026-05-29 14:00:00,2.3397317
EIA_68682,2026-05-29 14:00:00,3.0
EIA_68706,2026-05-29 14:00:00,10.0
EIA_68708,2026-05-29 14:00:00,3.7385573
EIA_68729,2026-05-29 14:00:00,2.922064
EIA_68754,2026-05-29 14:00:00,4.3
EIA_68756,2026-05-29 14:00:00,5.0
EIA_68757,2026-05-29 14:00:00,3.5
EIA_68776,2026-05-29 14:00:00,237.1
EIA_68791,2026-05-29 14:00:00,1.1
EIA_68794,2026-05-29 14:00:00,0.60059625
EIA_68795,2026-05-29 14:00:00,0.5327753
EIA_68796,2026-05-29 14:00:00,0.6839427
EIA_68803,2026-05-29 14:00:00,1.5
EIA_68817,2026-05-29 14:00:00,38.19815
EIA_68820,2026-05-29 14:00:00,30.017761
EIA_68822,2026-05-29 14:00:00,74.5
EIA_68823,2026-05-29 14:00:00,71.9513
EIA_68838,2026-05-29 14:00:00,430.95932
EIA_68846,2026-05-29 14:00:00,148.0
EIA_68856,2026-05-29 14:00:00,62.658325
EIA_68880,2026-05-29 14:00:00,150.0
EIA_68885,2026-05-29 14:00:00,3.0
EIA_68886,2026-05-29 14:00:00,3.0
EIA_68892,2026-05-29 14:00:00,1.4
EIA_68894,2026-05-29 14:00:00,150.0
EIA_68906,2026-05-29 14:00:00,300.0
EIA_68919,2026-05-29 14:00:00,2.0
EIA_68921,2026-05-29 14:00:00,2.0
EIA_68927,2026-05-29 14:00:00,2.4662585
EIA_68928,2026-05-29 14:00:00,10.8
EIA_68941,2026-05-29 14:00:00,1.3891543
EIA_68943,2026-05-29 14:00:00,2.559478
EIA_68944,2026-05-29 14:00:00,3.6276505
EIA_68945,2026-05-29 14:00:00,2.5
EIA_68957,2026-05-29 14:00:00,3.7782817
EIA_68960,2026-05-29 14:00:00,2.0
EIA_68964,2026-05-29 14:00:00,2.224161
EIA_68966,2026-05-29 14:00:00,2.3620787
EIA_68971,2026-05-29 14:00:00,5.0
EIA_68991,2026-05-29 14:00:00,1.3929983
EIA_68998,2026-05-29 14:00:00,114.07088
EIA_69002,2026-05-29 14:00:00,5.0
EIA_69009,2026-05-29 14:00:00,0.016941404
EIA_69014,2026-05-29 14:00:00,3.8298223
EIA_69015,2026-05-29 14:00:00,5.0
EIA_69016,2026-05-29 14:00:00,1.8395727
EIA_69017,2026-05-29 14:00:00,1.0308187
EIA_69018,2026-05-29 14:00:00,2.19516
EIA_69027,2026-05-29 14:00:00,23.4908
EIA_69031,2026-05-29 14:00:00,2.0
EIA_69032,2026-05-29 14:00:00,3.6
EIA_69033,2026-05-29 14:00:00,4.9
EIA_69039,2026-05-29 14:00:00,0.59960026
EIA_69042,2026-05-29 14:00:00,10.8
EIA_69043,2026-05-29 14:00:00,5.0
EIA_69046,2026-05-29 14:00:00,2.0
EIA_69048,2026-05-29 14:00:00,0.42941472
EIA_69051,2026-05-29 14:00:00,3.0
EIA_69061,2026-05-29 14:00:00,5.0
EIA_69062,2026-05-29 14:00:00,5.0
EIA_69063,2026-05-29 14:00:00,200.0
EIA_69066,2026-05-29 14:00:00,5.0
EIA_69068,2026-05-29 14:00:00,3.0
EIA_69070,2026-05-29 14:00:00,5.0
EIA_69078,2026-05-29 14:00:00,5.0
EIA_69086,2026-05-29 14:00:00,5.0
EIA_69095,2026-05-29 14:00:00,5.0
EIA_69096,2026-05-29 14:00:00,5.0
EIA_69100,2026-05-29 14:00:00,198.48256
EIA_69101,2026-05-29 14:00:00,200.0
EIA_69103,2026-05-29 14:00:00,5.0
EIA_69104,2026-05-29 14:00:00,5.0
EIA_69106,2026-05-29 14:00:00,5.0
EIA_69107,2026-05-29 14:00:00,0.33766848
EIA_69109,2026-05-29 14:00:00,1.4
EIA_69112,2026-05-29 14:00:00,1.3
EIA_69113,2026-05-29 14:00:00,2.7
EIA_69114,2026-05-29 14:00:00,0.90811896
EIA_69115,2026-05-29 14:00:00,1.0
EIA_69116,2026-05-29 14:00:00,2.5
EIA_69117,2026-05-29 14:00:00,1.0
EIA_69118,2026-05-29 14:00:00,1.1
EIA_69123,2026-05-29 14:00:00,3.5
EIA_69124,2026-05-29 14:00:00,1.0
EIA_69125,2026-05-29 14:00:00,1.0
EIA_69126,2026-05-29 14:00:00,1.0
EIA_69127,2026-05-29 14:00:00,1.0
EIA_69129,2026-05-29 14:00:00,1.3
EIA_69130,2026-05-29 14:00:00,4.0
EIA_69131,2026-05-29 14:00:00,1.7016265
EIA_69132,2026-05-29 14:00:00,0.18740508
EIA_69133,2026-05-29 14:00:00,4.5
EIA_69134,2026-05-29 14:00:00,3.4291751
EIA_69135,2026-05-29 14:00:00,1.0
EIA_69137,2026-05-29 14:00:00,0.39946556
EIA_69140,2026-05-29 14:00:00,1.3
EIA_69141,2026-05-29 14:00:00,4.0
EIA_69142,2026-05-29 14:00:00,1.0
EIA_69143,2026-05-29 14:00:00,120.0
EIA_69145,2026-05-29 14:00:00,0.061725125
EIA_69153,2026-05-29 14:00:00,5.0
EIA_69154,2026-05-29 14:00:00,4.7
EIA_69161,2026-05-29 14:00:00,0.5356905
EIA_69163,2026-05-29 14:00:00,2.0
EIA_69164,2026-05-29 14:00:00,98.11959
EIA_69166,2026-05-29 14:00:00,15.073412
EIA_69172,2026-05-29 14:00:00,80.0
EIA_69179,2026-05-29 14:00:00,5.0
EIA_69183,2026-05-29 14:00:00,2.0
EIA_69187,2026-05-29 14:00:00,19.8
EIA_69188,2026-05-29 14:00:00,2.9
EIA_69190,2026-05-29 14:00:00,1.6
EIA_69192,2026-05-29 14:00:00,1.1316656
EIA_69193,2026-05-29 14:00:00,2.5
EIA_69201,2026-05-29 14:00:00,2.0
EIA_69210,2026-05-29 14:00:00,0.031236323
EIA_69212,2026-05-29 14:00:00,5.0
EIA_69213,2026-05-29 14:00:00,5.0
EIA_69214,2026-05-29 14:00:00,5.0
EIA_69216,2026-05-29 14:00:00,5.0
EIA_69219,2026-05-29 14:00:00,3.0
EIA_69221,2026-05-29 14:00:00,1.2
EIA_69227,2026-05-29 14:00:00,1.1426959
EIA_69228,2026-05-29 14:00:00,1.7694576
EIA_69230,2026-05-29 14:00:00,5.0
EIA_69233,2026-05-29 14:00:00,0.033368487
EIA_69235,2026-05-29 14:00:00,20.0
EIA_69236,2026-05-29 14:00:00,16.597708
EIA_69240,2026-05-29 14:00:00,5.0
EIA_69241,2026-05-29 14:00:00,4.5
EIA_69243,2026-05-29 14:00:00,1.8465838
EIA_69247,2026-05-29 14:00:00,1.3
EIA_69248,2026-05-29 14:00:00,1.0
EIA_69261,2026-05-29 14:00:00,10.0
EIA_69263,2026-05-29 14:00:00,8.419498
EIA_69264,2026-05-29 14:00:00,1.1611704
EIA_69265,2026-05-29 14:00:00,7.5
EIA_69273,2026-05-29 14:00:00,1.8
EIA_69280,2026-05-29 14:00:00,5.0
EIA_69281,2026-05-29 14:00:00,5.0
EIA_69284,2026-05-29 14:00:00,2.9
EIA_69285,2026-05-29 14:00:00,2.8
EIA_69287,2026-05-29 14:00:00,9.9
EIA_69288,2026-05-29 14:00:00,1.6
EIA_69289,2026-05-29 14:00:00,9.9
EIA_69303,2026-05-29 14:00:00,1.0
EIA_69304,2026-05-29 14:00:00,1.0
EIA_69306,2026-05-29 14:00:00,8.8
EIA_69307,2026-05-29 14:00:00,1.0
EIA_69314,2026-05-29 14:00:00,2.0
EIA_69315,2026-05-29 14:00:00,5.0
EIA_69316,2026-05-29 14:00:00,5.0
EIA_69317,2026-05-29 14:00:00,5.0
EIA_69319,2026-05-29 14:00:00,65.28495
EIA_69320,2026-05-29 14:00:00,480.0
EIA_69321,2026-05-29 14:00:00,48.63729
EIA_69325,2026-05-29 14:00:00,2.0
EIA_69326,2026-05-29 14:00:00,2.0
EIA_69328,2026-05-29 14:00:00,4.1
EIA_69330,2026-05-29 14:00:00,5.0
EIA_69354,2026-05-29 14:00:00,66.20937
EIA_69355,2026-05-29 14:00:00,51.737507
EIA_69368,2026-05-29 14:00:00,4.5
EIA_69370,2026-05-29 14:00:00,1.5943153
EIA_69374,2026-05-29 14:00:00,1.5
EIA_69378,2026-05-29 14:00:00,1.4389038
EIA_69379,2026-05-29 14:00:00,4.962203
EIA_69380,2026-05-29 14:00:00,4.3673143
EIA_69381,2026-05-29 14:00:00,1.6
EIA_69382,2026-05-29 14:00:00,1.4
EIA_69386,2026-05-29 14:00:00,5.0
EIA_69387,2026-05-29 14:00:00,5.0
EIA_69388,2026-05-29 14:00:00,80.315834
EIA_69389,2026-05-29 14:00:00,5.0
EIA_69390,2026-05-29 14:00:00,5.0
EIA_69391,2026-05-29 14:00:00,4.9
EIA_69395,2026-05-29 14:00:00,2.3
EIA_69396,2026-05-29 14:00:00,2.4
EIA_69397,2026-05-29 14:00:00,2.0
EIA_69398,2026-05-29 14:00:00,3.2
EIA_69399,2026-05-29 14:00:00,3.5
EIA_69400,2026-05-29 14:00:00,5.0
EIA_69401,2026-05-29 14:00:00,5.0
EIA_69402,2026-05-29 14:00:00,5.0
EIA_69405,2026-05-29 14:00:00,5.0
EIA_69406,2026-05-29 14:00:00,5.0
EIA_69408,2026-05-29 14:00:00,0.02064376
EIA_69409,2026-05-29 14:00:00,5.0
EIA_69410,2026-05-29 14:00:00,5.0
EIA_69412,2026-05-29 14:00:00,3.0
EIA_69414,2026-05-29 14:00:00,270.0
EIA_69419,2026-05-29 14:00:00,5.0
EIA_69420,2026-05-29 14:00:00,2.0
EIA_69421,2026-05-29 14:00:00,4.1596184
EIA_69425,2026-05-29 14:00:00,3.0
EIA_69428,2026-05-29 14:00:00,250.0
EIA_69430,2026-05-29 14:00:00,6.0
EIA_69431,2026-05-29 14:00:00,5.0
EIA_69432,2026-05-29 14:00:00,6.0
EIA_69433,2026-05-29 14:00:00,6.0
EIA_69434,2026-05-29 14:00:00,2.0
EIA_69439,2026-05-29 14:00:00,5.0
EIA_69440,2026-05-29 14:00:00,5.0
EIA_69441,2026-05-29 14:00:00,2.6
EIA_69442,2026-05-29 14:00:00,5.0
EIA_69443,2026-05-29 14:00:00,2.3
EIA_69447,2026-05-29 14:00:00,1.5355028
EIA_69448,2026-05-29 14:00:00,4.0
EIA_69476,2026-05-29 14:00:00,100.0
EIA_69483,2026-05-29 14:00:00,1.4332547
EIA_69484,2026-05-29 14:00:00,2.327907
EIA_69485,2026-05-29 14:00:00,2.5
EIA_69486,2026-05-29 14:00:00,2.5
EIA_69487,2026-05-29 14:00:00,1.4918036
EIA_69488,2026-05-29 14:00:00,2.5
EIA_69489,2026-05-29 14:00:00,3.0
EIA_69490,2026-05-29 14:00:00,2.5
EIA_69491,2026-05-29 14:00:00,2.5
EIA_69492,2026-05-29 14:00:00,1.8991525
EIA_69493,2026-05-29 14:00:00,2.2754362
EIA_69494,2026-05-29 14:00:00,2.5
EIA_69495,2026-05-29 14:00:00,2.5
EIA_69498,2026-05-29 14:00:00,8.8
EIA_69499,2026-05-29 14:00:00,20.0
EIA_69500,2026-05-29 14:00:00,3.8
EIA_69501,2026-05-29 14:00:00,6.0
EIA_69502,2026-05-29 14:00:00,4.0
EIA_69503,2026-05-29 14:00:00,6.0
EIA_69505,2026-05-29 14:00:00,14.8
EIA_69518,2026-05-29 14:00:00,2.0
EIA_69519,2026-05-29 14:00:00,3.0
EIA_69525,2026-05-29 14:00:00,4.3
EIA_69526,2026-05-29 14:00:00,5.0
EIA_69527,2026-05-29 14:00:00,5.0
EIA_69528,2026-05-29 14:00:00,0.8143261
EIA_69529,2026-05-29 14:00:00,0.95253706
EIA_69530,2026-05-29 14:00:00,0.85104156
EIA_69531,2026-05-29 14:00:00,2.0729947
EIA_69532,2026-05-29 14:00:00,5.0
EIA_69536,2026-05-29 14:00:00,5.3
EIA_69538,2026-05-29 14:00:00,52.2
EIA_69542,2026-05-29 14:00:00,5.0
EIA_69543,2026-05-29 14:00:00,3.3
EIA_69544,2026-05-29 14:00:00,2.5
EIA_69545,2026-05-29 14:00:00,1.0
EIA_69546,2026-05-29 14:00:00,1.5901471
EIA_69550,2026-05-29 14:00:00,117.0
EIA_69557,2026-05-29 14:00:00,1.0090512
EIA_69561,2026-05-29 14:00:00,4.0
EIA_69563,2026-05-29 14:00:00,2.3
EIA_69564,2026-05-29 14:00:00,1.9
EIA_69565,2026-05-29 14:00:00,4.9
EIA_69567,2026-05-29 14:00:00,3.0
EIA_69568,2026-05-29 14:00:00,1.0
EIA_69569,2026-05-29 14:00:00,4.6631494
EIA_69570,2026-05-29 14:00:00,12.0
EIA_69571,2026-05-29 14:00:00,5.0
EIA_69572,2026-05-29 14:00:00,5.0
EIA_69573,2026-05-29 14:00:00,5.0
EIA_69580,2026-05-29 14:00:00,0.2740365
EIA_69581,2026-05-29 14:00:00,0.6807268
EIA_69587,2026-05-29 14:00:00,1.4
EIA_69596,2026-05-29 14:00:00,4.0
EIA_69597,2026-05-29 14:00:00,5.0
EIA_69598,2026-05-29 14:00:00,2.0
EIA_69599,2026-05-29 14:00:00,2.0
EIA_69600,2026-05-29 14:00:00,5.0
EIA_69601,2026-05-29 14:00:00,2.0
EIA_69604,2026-05-29 14:00:00,19.9
EIA_69612,2026-05-29 14:00:00,3.6292527
EIA_69613,2026-05-29 14:00:00,3.628682
EIA_69615,2026-05-29 14:00:00,3.6287374
EIA_69617,2026-05-29 14:00:00,2.4510238
EIA_69618,2026-05-29 14:00:00,5.0
EIA_69621,2026-05-29 14:00:00,5.0
EIA_69622,2026-05-29 14:00:00,5.0
EIA_69623,2026-05-29 14:00:00,2.0
EIA_69624,2026-05-29 14:00:00,5.0
EIA_69630,2026-05-29 14:00:00,1.0
EIA_69645,2026-05-29 14:00:00,1.0
EIA_69646,2026-05-29 14:00:00,1.0
EIA_69651,2026-05-29 14:00:00,2.0
EIA_69652,2026-05-29 14:00:00,2.0
EIA_69653,2026-05-29 14:00:00,2.0
EIA_69655,2026-05-29 14:00:00,5.0
EIA_69656,2026-05-29 14:00:00,2.3
EIA_69675,2026-05-29 14:00:00,273.6
EIA_69676,2026-05-29 14:00:00,91.50773
EIA_69680,2026-05-29 14:00:00,113.1
EIA_69682,2026-05-29 14:00:00,0.014292097
EIA_69683,2026-05-29 14:00:00,1.3
EIA_69686,2026-05-29 14:00:00,2.372348
EIA_69692,2026-05-29 14:00:00,5.0
EIA_69693,2026-05-29 14:00:00,0.16829012
EIA_69696,2026-05-29 14:00:00,2.2
EIA_69700,2026-05-29 14:00:00,4.7
EIA_69703,2026-05-29 14:00:00,3.3
EIA_69705,2026-05-29 14:00:00,0.17320438
EIA_69707,2026-05-29 14:00:00,0.029593429
EIA_69709,2026-05-29 14:00:00,1.0
EIA_69712,2026-05-29 14:00:00,0.11324482
EIA_69714,2026-05-29 14:00:00,3.6
EIA_69715,2026-05-29 14:00:00,1.0
EIA_69716,2026-05-29 14:00:00,4.0
EIA_69717,2026-05-29 14:00:00,5.0
EIA_69718,2026-05-29 14:00:00,4.8
EIA_69719,2026-05-29 14:00:00,2.8
EIA_69729,2026-05-29 14:00:00,2.4283237
EIA_69730,2026-05-29 14:00:00,0.41882676
EIA_69731,2026-05-29 14:00:00,1.3
EIA_69732,2026-05-29 14:00:00,5.0
EIA_69733,2026-05-29 14:00:00,4.5
EIA_69734,2026-05-29 14:00:00,0.94989187
EIA_69735,2026-05-29 14:00:00,5.0
EIA_69736,2026-05-29 14:00:00,1.2
EIA_69737,2026-05-29 14:00:00,2.5
EIA_69739,2026-05-29 14:00:00,4.8
EIA_69740,2026-05-29 14:00:00,7.2
EIA_69744,2026-05-29 14:00:00,5.0
EIA_69746,2026-05-29 14:00:00,2.0
EIA_69748,2026-05-29 14:00:00,525.0
EIA_69754,2026-05-29 14:00:00,2.5
EIA_69757,2026-05-29 14:00:00,2.6
EIA_69758,2026-05-29 14:00:00,2.0
EIA_69759,2026-05-29 14:00:00,0.5496086
EIA_69774,2026-05-29 14:00:00,0.563713
EIA_69800,2026-05-29 14:00:00,5.0
EIA_69801,2026-05-29 14:00:00,2.0
EIA_69802,2026-05-29 14:00:00,3.5
EIA_69822,2026-05-29 14:00:00,1.0
EIA_69824,2026-05-29 14:00:00,2.0
EIA_69856,2026-05-29 14:00:00,0.28043792
EIA_69863,2026-05-29 14:00:00,3.7
EIA_69875,2026-05-29 14:00:00,117.0
EIA_141,2026-05-29 15:00:00,0.2
EIA_960,2026-05-29 15:00:00,0.3
EIA_1172,2026-05-29 15:00:00,0.8
EIA_1187,2026-05-29 15:00:00,0.32220694
EIA_10224,2026-05-29 15:00:00,0.5
EIA_10823,2026-05-29 15:00:00,0.1
EIA_50026,2026-05-29 15:00:00,20.46775
EIA_50061,2026-05-29 15:00:00,0.071204916
EIA_56322,2026-05-29 15:00:00,0.28588483
EIA_57775,2026-05-29 15:00:00,0.5
EIA_57785,2026-05-29 15:00:00,0.30713663
EIA_57806,2026-05-29 15:00:00,0.028798066
EIA_58173,2026-05-29 15:00:00,0.1
EIA_58413,2026-05-29 15:00:00,54.4
EIA_58422,2026-05-29 15:00:00,1.3
EIA_58556,2026-05-29 15:00:00,10.1
EIA_58689,2026-05-29 15:00:00,1.3
EIA_58899,2026-05-29 15:00:00,0.41657394
EIA_59133,2026-05-29 15:00:00,1.0
EIA_59272,2026-05-29 15:00:00,1.5
EIA_59776,2026-05-29 15:00:00,0.2
EIA_59786,2026-05-29 15:00:00,3.0
EIA_59988,2026-05-29 15:00:00,1.1
EIA_60452,2026-05-29 15:00:00,3.0
EIA_61703,2026-05-29 15:00:00,0.1
EIA_61796,2026-05-29 15:00:00,20.0
EIA_61820,2026-05-29 15:00:00,0.8
EIA_61822,2026-05-29 15:00:00,0.2
EIA_61852,2026-05-29 15:00:00,300.0
EIA_61910,2026-05-29 15:00:00,7.0
EIA_61967,2026-05-29 15:00:00,98.796715
EIA_61990,2026-05-29 15:00:00,0.1
EIA_62027,2026-05-29 15:00:00,0.7
EIA_62186,2026-05-29 15:00:00,2.0
EIA_62344,2026-05-29 15:00:00,2.0
EIA_62397,2026-05-29 15:00:00,2.0
EIA_62442,2026-05-29 15:00:00,0.5
EIA_62494,2026-05-29 15:00:00,250.0
EIA_62545,2026-05-29 15:00:00,0.10261573
EIA_62737,2026-05-29 15:00:00,5.0
EIA_62797,2026-05-29 15:00:00,100.0
EIA_63122,2026-05-29 15:00:00,1.0
EIA_63194,2026-05-29 15:00:00,300.0
EIA_63211,2026-05-29 15:00:00,250.0
EIA_63221,2026-05-29 15:00:00,0.9923148
EIA_63507,2026-05-29 15:00:00,8.555018
EIA_63518,2026-05-29 15:00:00,74.62953
EIA_63542,2026-05-29 15:00:00,1.0
EIA_63882,2026-05-29 15:00:00,200.0
EIA_63884,2026-05-29 15:00:00,310.0
EIA_63946,2026-05-29 15:00:00,2.0
EIA_64117,2026-05-29 15:00:00,4.9
EIA_64132,2026-05-29 15:00:00,200.0
EIA_64210,2026-05-29 15:00:00,500.0
EIA_64222,2026-05-29 15:00:00,0.21362936
EIA_64223,2026-05-29 15:00:00,0.044946983
EIA_64430,2026-05-29 15:00:00,140.0
EIA_64442,2026-05-29 15:00:00,0.5
EIA_64446,2026-05-29 15:00:00,0.0038042986
EIA_64509,2026-05-29 15:00:00,0.5
EIA_64512,2026-05-29 15:00:00,0.5
EIA_64513,2026-05-29 15:00:00,0.5
EIA_64536,2026-05-29 15:00:00,135.0
EIA_64564,2026-05-29 15:00:00,131.0
EIA_64567,2026-05-29 15:00:00,20.0
EIA_64729,2026-05-29 15:00:00,1.0
EIA_64745,2026-05-29 15:00:00,136.2975
EIA_64858,2026-05-29 15:00:00,110.0
EIA_65006,2026-05-29 15:00:00,1.0
EIA_65024,2026-05-29 15:00:00,0.5377337
EIA_65072,2026-05-29 15:00:00,0.050832473
EIA_65139,2026-05-29 15:00:00,3.0
EIA_65149,2026-05-29 15:00:00,4.0
EIA_65279,2026-05-29 15:00:00,2.0
EIA_65401,2026-05-29 15:00:00,49.50431
EIA_65405,2026-05-29 15:00:00,45.0
EIA_65442,2026-05-29 15:00:00,0.9911744
EIA_65443,2026-05-29 15:00:00,1.0
EIA_65445,2026-05-29 15:00:00,124.00033
EIA_65463,2026-05-29 15:00:00,185.42908
EIA_65468,2026-05-29 15:00:00,0.5
EIA_65480,2026-05-29 15:00:00,145.0
EIA_65507,2026-05-29 15:00:00,2.0558715
EIA_65508,2026-05-29 15:00:00,2.0
EIA_65515,2026-05-29 15:00:00,1.0
EIA_65516,2026-05-29 15:00:00,1.0
EIA_65527,2026-05-29 15:00:00,0.42743802
EIA_65572,2026-05-29 15:00:00,250.0
EIA_65616,2026-05-29 15:00:00,0.16360863
EIA_65644,2026-05-29 15:00:00,326.6
EIA_65659,2026-05-29 15:00:00,1.0
EIA_65827,2026-05-29 15:00:00,5.0
EIA_65849,2026-05-29 15:00:00,161.5254
EIA_65885,2026-05-29 15:00:00,73.36863
EIA_65887,2026-05-29 15:00:00,74.5
EIA_65888,2026-05-29 15:00:00,74.5
EIA_65891,2026-05-29 15:00:00,57.999516
EIA_65894,2026-05-29 15:00:00,210.0
EIA_65905,2026-05-29 15:00:00,74.5
EIA_65911,2026-05-29 15:00:00,42.03689
EIA_65913,2026-05-29 15:00:00,61.237732
EIA_65940,2026-05-29 15:00:00,0.030129112
EIA_66027,2026-05-29 15:00:00,30.49839
EIA_66107,2026-05-29 15:00:00,20.0
EIA_66256,2026-05-29 15:00:00,4.6016126
EIA_66352,2026-05-29 15:00:00,5.0
EIA_66356,2026-05-29 15:00:00,5.0
EIA_66432,2026-05-29 15:00:00,2.0
EIA_66433,2026-05-29 15:00:00,1.0
EIA_66435,2026-05-29 15:00:00,0.9912412
EIA_66449,2026-05-29 15:00:00,4.0
EIA_66495,2026-05-29 15:00:00,5.0
EIA_66520,2026-05-29 15:00:00,2.0
EIA_66523,2026-05-29 15:00:00,5.0
EIA_66647,2026-05-29 15:00:00,100.0
EIA_66649,2026-05-29 15:00:00,195.33649
EIA_66654,2026-05-29 15:00:00,2.0
EIA_66656,2026-05-29 15:00:00,2.0
EIA_66670,2026-05-29 15:00:00,150.0
EIA_66681,2026-05-29 15:00:00,31.063507
EIA_66688,2026-05-29 15:00:00,300.0
EIA_66739,2026-05-29 15:00:00,1.5
EIA_66740,2026-05-29 15:00:00,1.0499206
EIA_66756,2026-05-29 15:00:00,40.8
EIA_66760,2026-05-29 15:00:00,3.0
EIA_66774,2026-05-29 15:00:00,408.9
EIA_66775,2026-05-29 15:00:00,67.01414
EIA_66827,2026-05-29 15:00:00,2.5
EIA_66840,2026-05-29 15:00:00,51.1
EIA_66842,2026-05-29 15:00:00,64.0
EIA_66844,2026-05-29 15:00:00,150.0
EIA_66860,2026-05-29 15:00:00,100.0
EIA_66872,2026-05-29 15:00:00,204.5
EIA_66886,2026-05-29 15:00:00,2.4
EIA_66890,2026-05-29 15:00:00,60.0
EIA_66892,2026-05-29 15:00:00,2.0621104
EIA_66897,2026-05-29 15:00:00,97.5
EIA_66899,2026-05-29 15:00:00,5.8
EIA_66903,2026-05-29 15:00:00,310.0
EIA_66951,2026-05-29 15:00:00,200.0
EIA_66983,2026-05-29 15:00:00,13.5
EIA_67007,2026-05-29 15:00:00,20.0
EIA_67022,2026-05-29 15:00:00,175.0
EIA_67033,2026-05-29 15:00:00,3.3875744
EIA_67038,2026-05-29 15:00:00,23.730558
EIA_67046,2026-05-29 15:00:00,210.0
EIA_67075,2026-05-29 15:00:00,26.578571
EIA_67076,2026-05-29 15:00:00,25.20907
EIA_67080,2026-05-29 15:00:00,4.760841
EIA_67086,2026-05-29 15:00:00,1.8
EIA_67124,2026-05-29 15:00:00,1.5
EIA_67125,2026-05-29 15:00:00,1.3291738
EIA_67126,2026-05-29 15:00:00,4.3
EIA_67129,2026-05-29 15:00:00,99.596214
EIA_67133,2026-05-29 15:00:00,4.8
EIA_67135,2026-05-29 15:00:00,3.6291764
EIA_67158,2026-05-29 15:00:00,1.2996019
EIA_67169,2026-05-29 15:00:00,0.9474319
EIA_67174,2026-05-29 15:00:00,2.0703042
EIA_67177,2026-05-29 15:00:00,43.66417
EIA_67201,2026-05-29 15:00:00,6.4097357
EIA_67204,2026-05-29 15:00:00,100.0
EIA_67216,2026-05-29 15:00:00,18.8
EIA_67217,2026-05-29 15:00:00,20.0
EIA_67218,2026-05-29 15:00:00,20.0
EIA_67219,2026-05-29 15:00:00,20.0
EIA_67234,2026-05-29 15:00:00,0.67936987
EIA_67254,2026-05-29 15:00:00,2.0
EIA_67255,2026-05-29 15:00:00,2.0
EIA_67256,2026-05-29 15:00:00,2.0
EIA_67277,2026-05-29 15:00:00,0.14166367
EIA_67288,2026-05-29 15:00:00,0.09564903
EIA_67322,2026-05-29 15:00:00,11.2
EIA_67374,2026-05-29 15:00:00,5.0
EIA_67391,2026-05-29 15:00:00,4.0
EIA_67412,2026-05-29 15:00:00,4.892469
EIA_67421,2026-05-29 15:00:00,84.4
EIA_67437,2026-05-29 15:00:00,2.4874465
EIA_67447,2026-05-29 15:00:00,2.5
EIA_67469,2026-05-29 15:00:00,1.1
EIA_67474,2026-05-29 15:00:00,300.0
EIA_67490,2026-05-29 15:00:00,5.6
EIA_67497,2026-05-29 15:00:00,100.0
EIA_67503,2026-05-29 15:00:00,170.0
EIA_67511,2026-05-29 15:00:00,200.0
EIA_67528,2026-05-29 15:00:00,96.504456
EIA_67532,2026-05-29 15:00:00,5.0
EIA_67539,2026-05-29 15:00:00,1.6
EIA_67540,2026-05-29 15:00:00,2.3
EIA_67546,2026-05-29 15:00:00,1.0
EIA_67554,2026-05-29 15:00:00,2.0
EIA_67583,2026-05-29 15:00:00,1.3
EIA_67584,2026-05-29 15:00:00,3.7012582
EIA_67597,2026-05-29 15:00:00,11.8
EIA_67600,2026-05-29 15:00:00,2.31528
EIA_67623,2026-05-29 15:00:00,2.0
EIA_67624,2026-05-29 15:00:00,2.0
EIA_67628,2026-05-29 15:00:00,2.0
EIA_67644,2026-05-29 15:00:00,5.0
EIA_67675,2026-05-29 15:00:00,65.0
EIA_67678,2026-05-29 15:00:00,140.0
EIA_67684,2026-05-29 15:00:00,0.2788027
EIA_67686,2026-05-29 15:00:00,4.9
EIA_67687,2026-05-29 15:00:00,2.0
EIA_67688,2026-05-29 15:00:00,1.396864
EIA_67703,2026-05-29 15:00:00,4.4940543
EIA_67704,2026-05-29 15:00:00,1.4
EIA_67705,2026-05-29 15:00:00,2.3
EIA_67713,2026-05-29 15:00:00,4.0
EIA_67714,2026-05-29 15:00:00,1.5
EIA_67715,2026-05-29 15:00:00,2.0
EIA_67716,2026-05-29 15:00:00,1.9
EIA_67717,2026-05-29 15:00:00,2.0
EIA_67718,2026-05-29 15:00:00,1.9
EIA_67719,2026-05-29 15:00:00,2.0
EIA_67727,2026-05-29 15:00:00,6.0
EIA_67728,2026-05-29 15:00:00,5.0
EIA_67735,2026-05-29 15:00:00,250.0
EIA_67751,2026-05-29 15:00:00,2.0
EIA_67762,2026-05-29 15:00:00,255.9
EIA_67765,2026-05-29 15:00:00,143.92789
EIA_67793,2026-05-29 15:00:00,0.8911802
EIA_67797,2026-05-29 15:00:00,160.0
EIA_67804,2026-05-29 15:00:00,2.0
EIA_67822,2026-05-29 15:00:00,2.0
EIA_67823,2026-05-29 15:00:00,235.0
EIA_67834,2026-05-29 15:00:00,48.0
EIA_67850,2026-05-29 15:00:00,42.0
EIA_67859,2026-05-29 15:00:00,0.12753204
EIA_67864,2026-05-29 15:00:00,2.685488
EIA_67867,2026-05-29 15:00:00,67.2
EIA_67872,2026-05-29 15:00:00,150.0
EIA_67873,2026-05-29 15:00:00,60.0
EIA_67900,2026-05-29 15:00:00,3.2
EIA_67901,2026-05-29 15:00:00,1.2
EIA_67930,2026-05-29 15:00:00,200.0
EIA_67943,2026-05-29 15:00:00,3.0
EIA_67957,2026-05-29 15:00:00,27.882732
EIA_67964,2026-05-29 15:00:00,150.0
EIA_67965,2026-05-29 15:00:00,1.3
EIA_67969,2026-05-29 15:00:00,22.0
EIA_67979,2026-05-29 15:00:00,5.0
EIA_67997,2026-05-29 15:00:00,28.9
EIA_68008,2026-05-29 15:00:00,5.0
EIA_68010,2026-05-29 15:00:00,5.0
EIA_68023,2026-05-29 15:00:00,12.0
EIA_68025,2026-05-29 15:00:00,3.0
EIA_68026,2026-05-29 15:00:00,4.8
EIA_68037,2026-05-29 15:00:00,5.0
EIA_68060,2026-05-29 15:00:00,62.17182
EIA_68077,2026-05-29 15:00:00,20.0
EIA_68088,2026-05-29 15:00:00,152.0
EIA_68096,2026-05-29 15:00:00,1.1822797
EIA_68102,2026-05-29 15:00:00,0.69863105
EIA_68106,2026-05-29 15:00:00,99.596214
EIA_68107,2026-05-29 15:00:00,1.2750024
EIA_68108,2026-05-29 15:00:00,7.5
EIA_68109,2026-05-29 15:00:00,1.3
EIA_68113,2026-05-29 15:00:00,0.33125618
EIA_68114,2026-05-29 15:00:00,2.5116146
EIA_68157,2026-05-29 15:00:00,0.94927543
EIA_68163,2026-05-29 15:00:00,5.0
EIA_68188,2026-05-29 15:00:00,5.0
EIA_68190,2026-05-29 15:00:00,5.0
EIA_68200,2026-05-29 15:00:00,401.4
EIA_68223,2026-05-29 15:00:00,40.8
EIA_68235,2026-05-29 15:00:00,1.1
EIA_68259,2026-05-29 15:00:00,2.5308583
EIA_68276,2026-05-29 15:00:00,74.5
EIA_68279,2026-05-29 15:00:00,1.1
EIA_68281,2026-05-29 15:00:00,300.0
EIA_68286,2026-05-29 15:00:00,0.49643502
EIA_68327,2026-05-29 15:00:00,2.0
EIA_68372,2026-05-29 15:00:00,64.38766
EIA_68398,2026-05-29 15:00:00,5.0
EIA_68418,2026-05-29 15:00:00,120.0
EIA_68427,2026-05-29 15:00:00,12.9
EIA_68431,2026-05-29 15:00:00,240.0
EIA_68436,2026-05-29 15:00:00,2.9
EIA_68442,2026-05-29 15:00:00,0.12219658
EIA_68458,2026-05-29 15:00:00,194.14464
EIA_68470,2026-05-29 15:00:00,180.0
EIA_68472,2026-05-29 15:00:00,74.9
EIA_68482,2026-05-29 15:00:00,49.9
EIA_68483,2026-05-29 15:00:00,225.0
EIA_68488,2026-05-29 15:00:00,80.0
EIA_68489,2026-05-29 15:00:00,2.0
EIA_68516,2026-05-29 15:00:00,50.62791
EIA_68523,2026-05-29 15:00:00,0.16529934
EIA_68524,2026-05-29 15:00:00,0.16527767
EIA_68525,2026-05-29 15:00:00,0.16527587
EIA_68530,2026-05-29 15:00:00,2.0
EIA_68534,2026-05-29 15:00:00,150.0
EIA_68536,2026-05-29 15:00:00,69.67274
EIA_68537,2026-05-29 15:00:00,11.329378
EIA_68538,2026-05-29 15:00:00,2.3
EIA_68540,2026-05-29 15:00:00,0.28822845
EIA_68544,2026-05-29 15:00:00,2.0
EIA_68550,2026-05-29 15:00:00,0.10615709
EIA_68551,2026-05-29 15:00:00,74.5
EIA_68587,2026-05-29 15:00:00,29.159864
EIA_68588,2026-05-29 15:00:00,29.159864
EIA_68595,2026-05-29 15:00:00,65.11128
EIA_68615,2026-05-29 15:00:00,2.4
EIA_68670,2026-05-29 15:00:00,17.419458
EIA_68674,2026-05-29 15:00:00,4.0
EIA_68682,2026-05-29 15:00:00,3.0
EIA_68706,2026-05-29 15:00:00,6.511689
EIA_68708,2026-05-29 15:00:00,3.474583
EIA_68729,2026-05-29 15:00:00,2.5565422
EIA_68754,2026-05-29 15:00:00,4.3
EIA_68756,2026-05-29 15:00:00,5.0
EIA_68757,2026-05-29 15:00:00,3.5
EIA_68776,2026-05-29 15:00:00,163.14452
EIA_68791,2026-05-29 15:00:00,1.1
EIA_68794,2026-05-29 15:00:00,1.0738477
EIA_68795,2026-05-29 15:00:00,0.97455657
EIA_68796,2026-05-29 15:00:00,1.1
EIA_68803,2026-05-29 15:00:00,1.5
EIA_68817,2026-05-29 15:00:00,64.04582
EIA_68820,2026-05-29 15:00:00,69.36151
EIA_68822,2026-05-29 15:00:00,74.5
EIA_68823,2026-05-29 15:00:00,74.5
EIA_68838,2026-05-29 15:00:00,515.0
EIA_68846,2026-05-29 15:00:00,148.0
EIA_68856,2026-05-29 15:00:00,90.5
EIA_68880,2026-05-29 15:00:00,150.0
EIA_68885,2026-05-29 15:00:00,3.0
EIA_68886,2026-05-29 15:00:00,3.0
EIA_68892,2026-05-29 15:00:00,1.4
EIA_68894,2026-05-29 15:00:00,150.0
EIA_68906,2026-05-29 15:00:00,300.0
EIA_68919,2026-05-29 15:00:00,2.0
EIA_68921,2026-05-29 15:00:00,2.0
EIA_68927,2026-05-29 15:00:00,3.6058156
EIA_68928,2026-05-29 15:00:00,10.8
EIA_68941,2026-05-29 15:00:00,1.5
EIA_68943,2026-05-29 15:00:00,3.6132894
EIA_68944,2026-05-29 15:00:00,2.5657873
EIA_68945,2026-05-29 15:00:00,1.2637199
EIA_68957,2026-05-29 15:00:00,3.1697502
EIA_68960,2026-05-29 15:00:00,2.0
EIA_68964,2026-05-29 15:00:00,1.999622
EIA_68966,2026-05-29 15:00:00,3.0
EIA_68971,2026-05-29 15:00:00,5.0
EIA_68991,2026-05-29 15:00:00,5.0
EIA_68998,2026-05-29 15:00:00,114.0579
EIA_69002,2026-05-29 15:00:00,5.0
EIA_69009,2026-05-29 15:00:00,0.06346422
EIA_69014,2026-05-29 15:00:00,5.0
EIA_69015,2026-05-29 15:00:00,5.0
EIA_69016,2026-05-29 15:00:00,2.532053
EIA_69017,2026-05-29 15:00:00,3.7
EIA_69018,2026-05-29 15:00:00,2.3694212
EIA_69027,2026-05-29 15:00:00,63.46657
EIA_69031,2026-05-29 15:00:00,2.0
EIA_69032,2026-05-29 15:00:00,3.6
EIA_69033,2026-05-29 15:00:00,4.9
EIA_69039,2026-05-29 15:00:00,1.5213786
EIA_69042,2026-05-29 15:00:00,10.8
EIA_69043,2026-05-29 15:00:00,4.2067266
EIA_69046,2026-05-29 15:00:00,2.0
EIA_69048,2026-05-29 15:00:00,1.0
EIA_69051,2026-05-29 15:00:00,3.0
EIA_69061,2026-05-29 15:00:00,3.5139928
EIA_69062,2026-05-29 15:00:00,3.1273303
EIA_69063,2026-05-29 15:00:00,200.0
EIA_69066,2026-05-29 15:00:00,5.0
EIA_69068,2026-05-29 15:00:00,0.25307965
EIA_69070,2026-05-29 15:00:00,5.0
EIA_69078,2026-05-29 15:00:00,5.0
EIA_69086,2026-05-29 15:00:00,5.0
EIA_69095,2026-05-29 15:00:00,5.0
EIA_69096,2026-05-29 15:00:00,5.0
EIA_69100,2026-05-29 15:00:00,155.56921
EIA_69101,2026-05-29 15:00:00,200.0
EIA_69103,2026-05-29 15:00:00,5.0
EIA_69104,2026-05-29 15:00:00,2.063255
EIA_69106,2026-05-29 15:00:00,2.7087464
EIA_69107,2026-05-29 15:00:00,0.9885048
EIA_69109,2026-05-29 15:00:00,1.4
EIA_69112,2026-05-29 15:00:00,1.3
EIA_69113,2026-05-29 15:00:00,2.7
EIA_69114,2026-05-29 15:00:00,2.475937
EIA_69115,2026-05-29 15:00:00,1.0
EIA_69116,2026-05-29 15:00:00,2.5
EIA_69117,2026-05-29 15:00:00,1.0
EIA_69118,2026-05-29 15:00:00,1.1
EIA_69123,2026-05-29 15:00:00,3.5
EIA_69124,2026-05-29 15:00:00,1.0
EIA_69125,2026-05-29 15:00:00,1.0
EIA_69126,2026-05-29 15:00:00,1.0
EIA_69127,2026-05-29 15:00:00,1.0
EIA_69129,2026-05-29 15:00:00,1.3
EIA_69130,2026-05-29 15:00:00,4.0
EIA_69131,2026-05-29 15:00:00,1.9
EIA_69132,2026-05-29 15:00:00,0.45344946
EIA_69133,2026-05-29 15:00:00,4.5
EIA_69134,2026-05-29 15:00:00,3.4098704
EIA_69135,2026-05-29 15:00:00,1.0
EIA_69137,2026-05-29 15:00:00,0.49257594
EIA_69140,2026-05-29 15:00:00,1.3
EIA_69141,2026-05-29 15:00:00,4.0
EIA_69142,2026-05-29 15:00:00,1.0
EIA_69143,2026-05-29 15:00:00,119.04611
EIA_69145,2026-05-29 15:00:00,0.07469043
EIA_69153,2026-05-29 15:00:00,5.0
EIA_69154,2026-05-29 15:00:00,4.7
EIA_69161,2026-05-29 15:00:00,0.44219083
EIA_69163,2026-05-29 15:00:00,2.0
EIA_69164,2026-05-29 15:00:00,137.86624
EIA_69166,2026-05-29 15:00:00,162.80731
EIA_69172,2026-05-29 15:00:00,80.0
EIA_69179,2026-05-29 15:00:00,5.0
EIA_69183,2026-05-29 15:00:00,2.0
EIA_69187,2026-05-29 15:00:00,19.8
EIA_69188,2026-05-29 15:00:00,2.9
EIA_69190,2026-05-29 15:00:00,1.6
EIA_69192,2026-05-29 15:00:00,4.998163
EIA_69193,2026-05-29 15:00:00,2.5
EIA_69201,2026-05-29 15:00:00,2.0
EIA_69210,2026-05-29 15:00:00,0.09826283
EIA_69212,2026-05-29 15:00:00,5.0
EIA_69213,2026-05-29 15:00:00,5.0
EIA_69214,2026-05-29 15:00:00,5.0
EIA_69216,2026-05-29 15:00:00,5.0
EIA_69219,2026-05-29 15:00:00,3.0
EIA_69221,2026-05-29 15:00:00,1.2
EIA_69227,2026-05-29 15:00:00,2.3476171
EIA_69228,2026-05-29 15:00:00,2.211283
EIA_69230,2026-05-29 15:00:00,5.0
EIA_69233,2026-05-29 15:00:00,0.06952352
EIA_69235,2026-05-29 15:00:00,20.0
EIA_69236,2026-05-29 15:00:00,26.864042
EIA_69240,2026-05-29 15:00:00,5.0
EIA_69241,2026-05-29 15:00:00,4.5
EIA_69243,2026-05-29 15:00:00,2.174898
EIA_69247,2026-05-29 15:00:00,1.3
EIA_69248,2026-05-29 15:00:00,1.0
EIA_69261,2026-05-29 15:00:00,10.0
EIA_69263,2026-05-29 15:00:00,7.839703
EIA_69264,2026-05-29 15:00:00,2.8575418
EIA_69265,2026-05-29 15:00:00,7.5
EIA_69273,2026-05-29 15:00:00,1.8
EIA_69280,2026-05-29 15:00:00,5.0
EIA_69281,2026-05-29 15:00:00,5.0
EIA_69284,2026-05-29 15:00:00,2.9
EIA_69285,2026-05-29 15:00:00,2.8
EIA_69287,2026-05-29 15:00:00,9.9
EIA_69288,2026-05-29 15:00:00,1.6
EIA_69289,2026-05-29 15:00:00,9.9
EIA_69303,2026-05-29 15:00:00,1.0
EIA_69304,2026-05-29 15:00:00,0.94504744
EIA_69306,2026-05-29 15:00:00,8.8
EIA_69307,2026-05-29 15:00:00,1.0
EIA_69314,2026-05-29 15:00:00,2.0
EIA_69315,2026-05-29 15:00:00,5.0
EIA_69316,2026-05-29 15:00:00,5.0
EIA_69317,2026-05-29 15:00:00,5.0
EIA_69319,2026-05-29 15:00:00,18.816742
EIA_69320,2026-05-29 15:00:00,428.78214
EIA_69321,2026-05-29 15:00:00,14.018473
EIA_69325,2026-05-29 15:00:00,2.0
EIA_69326,2026-05-29 15:00:00,2.0
EIA_69328,2026-05-29 15:00:00,4.1
EIA_69330,2026-05-29 15:00:00,5.0
EIA_69354,2026-05-29 15:00:00,58.844364
EIA_69355,2026-05-29 15:00:00,43.81629
EIA_69368,2026-05-29 15:00:00,4.5
EIA_69370,2026-05-29 15:00:00,0.3521099
EIA_69374,2026-05-29 15:00:00,1.5
EIA_69378,2026-05-29 15:00:00,1.5
EIA_69379,2026-05-29 15:00:00,1.6461202
EIA_69380,2026-05-29 15:00:00,1.4484905
EIA_69381,2026-05-29 15:00:00,1.6
EIA_69382,2026-05-29 15:00:00,1.4
EIA_69386,2026-05-29 15:00:00,5.0
EIA_69387,2026-05-29 15:00:00,5.0
EIA_69388,2026-05-29 15:00:00,100.0
EIA_69389,2026-05-29 15:00:00,5.0
EIA_69390,2026-05-29 15:00:00,5.0
EIA_69391,2026-05-29 15:00:00,4.9
EIA_69395,2026-05-29 15:00:00,2.3
EIA_69396,2026-05-29 15:00:00,2.4
EIA_69397,2026-05-29 15:00:00,2.0
EIA_69398,2026-05-29 15:00:00,3.2
EIA_69399,2026-05-29 15:00:00,3.5
EIA_69400,2026-05-29 15:00:00,5.0
EIA_69401,2026-05-29 15:00:00,5.0
EIA_69402,2026-05-29 15:00:00,5.0
EIA_69405,2026-05-29 15:00:00,5.0
EIA_69406,2026-05-29 15:00:00,5.0
EIA_69408,2026-05-29 15:00:00,0.04450183
EIA_69409,2026-05-29 15:00:00,5.0
EIA_69410,2026-05-29 15:00:00,5.0
EIA_69412,2026-05-29 15:00:00,3.0
EIA_69414,2026-05-29 15:00:00,269.78488
EIA_69419,2026-05-29 15:00:00,5.0
EIA_69420,2026-05-29 15:00:00,0.8519549
EIA_69421,2026-05-29 15:00:00,4.376828
EIA_69425,2026-05-29 15:00:00,3.0
EIA_69428,2026-05-29 15:00:00,250.0
EIA_69430,2026-05-29 15:00:00,6.0
EIA_69431,2026-05-29 15:00:00,5.0
EIA_69432,2026-05-29 15:00:00,6.0
EIA_69433,2026-05-29 15:00:00,6.0
EIA_69434,2026-05-29 15:00:00,2.0
EIA_69439,2026-05-29 15:00:00,5.0
EIA_69440,2026-05-29 15:00:00,5.0
EIA_69441,2026-05-29 15:00:00,2.6
EIA_69442,2026-05-29 15:00:00,5.0
EIA_69443,2026-05-29 15:00:00,2.3
EIA_69447,2026-05-29 15:00:00,2.0
EIA_69448,2026-05-29 15:00:00,4.0
EIA_69476,2026-05-29 15:00:00,100.0
EIA_69483,2026-05-29 15:00:00,2.0234127
EIA_69484,2026-05-29 15:00:00,2.149922
EIA_69485,2026-05-29 15:00:00,2.5
EIA_69486,2026-05-29 15:00:00,2.5
EIA_69487,2026-05-29 15:00:00,2.5
EIA_69488,2026-05-29 15:00:00,2.5
EIA_69489,2026-05-29 15:00:00,3.0
EIA_69490,2026-05-29 15:00:00,2.5
EIA_69491,2026-05-29 15:00:00,2.5
EIA_69492,2026-05-29 15:00:00,2.5
EIA_69493,2026-05-29 15:00:00,2.5
EIA_69494,2026-05-29 15:00:00,2.406409
EIA_69495,2026-05-29 15:00:00,2.5
EIA_69498,2026-05-29 15:00:00,8.8
EIA_69499,2026-05-29 15:00:00,14.459101
EIA_69500,2026-05-29 15:00:00,3.8
EIA_69501,2026-05-29 15:00:00,6.0
EIA_69502,2026-05-29 15:00:00,4.0
EIA_69503,2026-05-29 15:00:00,6.0
EIA_69505,2026-05-29 15:00:00,14.8
EIA_69518,2026-05-29 15:00:00,2.0
EIA_69519,2026-05-29 15:00:00,3.0
EIA_69525,2026-05-29 15:00:00,4.3
EIA_69526,2026-05-29 15:00:00,5.0
EIA_69527,2026-05-29 15:00:00,5.0
EIA_69528,2026-05-29 15:00:00,2.4992013
EIA_69529,2026-05-29 15:00:00,2.206903
EIA_69530,2026-05-29 15:00:00,0.9288351
EIA_69531,2026-05-29 15:00:00,2.0477757
EIA_69532,2026-05-29 15:00:00,2.524618
EIA_69536,2026-05-29 15:00:00,5.265238
EIA_69538,2026-05-29 15:00:00,52.2
EIA_69542,2026-05-29 15:00:00,5.0
EIA_69543,2026-05-29 15:00:00,3.3
EIA_69544,2026-05-29 15:00:00,2.0759258
EIA_69545,2026-05-29 15:00:00,1.0
EIA_69546,2026-05-29 15:00:00,2.9372401
EIA_69550,2026-05-29 15:00:00,117.0
EIA_69557,2026-05-29 15:00:00,5.0
EIA_69561,2026-05-29 15:00:00,4.0
EIA_69563,2026-05-29 15:00:00,1.030503
EIA_69564,2026-05-29 15:00:00,1.9
EIA_69565,2026-05-29 15:00:00,4.9
EIA_69567,2026-05-29 15:00:00,3.0
EIA_69568,2026-05-29 15:00:00,1.0
EIA_69569,2026-05-29 15:00:00,4.352543
EIA_69570,2026-05-29 15:00:00,12.0
EIA_69571,2026-05-29 15:00:00,5.0
EIA_69572,2026-05-29 15:00:00,5.0
EIA_69573,2026-05-29 15:00:00,5.0
EIA_69580,2026-05-29 15:00:00,1.1
EIA_69581,2026-05-29 15:00:00,0.2905424
EIA_69587,2026-05-29 15:00:00,1.4
EIA_69596,2026-05-29 15:00:00,4.0
EIA_69597,2026-05-29 15:00:00,5.0
EIA_69598,2026-05-29 15:00:00,2.0
EIA_69599,2026-05-29 15:00:00,2.0
EIA_69600,2026-05-29 15:00:00,5.0
EIA_69601,2026-05-29 15:00:00,2.0
EIA_69604,2026-05-29 15:00:00,19.9
EIA_69612,2026-05-29 15:00:00,5.0
EIA_69613,2026-05-29 15:00:00,5.0
EIA_69615,2026-05-29 15:00:00,5.0
EIA_69617,2026-05-29 15:00:00,2.8
EIA_69618,2026-05-29 15:00:00,5.0
EIA_69621,2026-05-29 15:00:00,5.0
EIA_69622,2026-05-29 15:00:00,4.3332305
EIA_69623,2026-05-29 15:00:00,2.0
EIA_69624,2026-05-29 15:00:00,5.0
EIA_69630,2026-05-29 15:00:00,1.0
EIA_69645,2026-05-29 15:00:00,1.0
EIA_69646,2026-05-29 15:00:00,1.0
EIA_69651,2026-05-29 15:00:00,2.0
EIA_69652,2026-05-29 15:00:00,2.0
EIA_69653,2026-05-29 15:00:00,2.0
EIA_69655,2026-05-29 15:00:00,5.0
EIA_69656,2026-05-29 15:00:00,2.3
EIA_69675,2026-05-29 15:00:00,273.6
EIA_69676,2026-05-29 15:00:00,89.31449
EIA_69680,2026-05-29 15:00:00,113.1
EIA_69682,2026-05-29 15:00:00,0.080868065
EIA_69683,2026-05-29 15:00:00,1.3
EIA_69686,2026-05-29 15:00:00,2.2963305
EIA_69692,2026-05-29 15:00:00,5.0
EIA_69693,2026-05-29 15:00:00,0.11641704
EIA_69696,2026-05-29 15:00:00,2.2
EIA_69700,2026-05-29 15:00:00,4.7
EIA_69703,2026-05-29 15:00:00,3.3
EIA_69705,2026-05-29 15:00:00,0.9429123
EIA_69707,2026-05-29 15:00:00,0.07341238
EIA_69709,2026-05-29 15:00:00,0.79073554
EIA_69712,2026-05-29 15:00:00,0.6
EIA_69714,2026-05-29 15:00:00,3.6
EIA_69715,2026-05-29 15:00:00,0.79073364
EIA_69716,2026-05-29 15:00:00,4.0
EIA_69717,2026-05-29 15:00:00,5.0
EIA_69718,2026-05-29 15:00:00,4.8
EIA_69719,2026-05-29 15:00:00,2.8
EIA_69729,2026-05-29 15:00:00,3.0
EIA_69730,2026-05-29 15:00:00,0.2837207
EIA_69731,2026-05-29 15:00:00,1.3
EIA_69732,2026-05-29 15:00:00,5.0
EIA_69733,2026-05-29 15:00:00,4.5
EIA_69734,2026-05-29 15:00:00,1.356655
EIA_69735,2026-05-29 15:00:00,5.0
EIA_69736,2026-05-29 15:00:00,1.2
EIA_69737,2026-05-29 15:00:00,2.5
EIA_69739,2026-05-29 15:00:00,4.8
EIA_69740,2026-05-29 15:00:00,7.2
EIA_69744,2026-05-29 15:00:00,5.0
EIA_69746,2026-05-29 15:00:00,2.0
EIA_69748,2026-05-29 15:00:00,525.0
EIA_69754,2026-05-29 15:00:00,2.5
EIA_69757,2026-05-29 15:00:00,2.1656413
EIA_69758,2026-05-29 15:00:00,1.6658779
EIA_69759,2026-05-29 15:00:00,0.71104693
EIA_69774,2026-05-29 15:00:00,2.0212872
EIA_69800,2026-05-29 15:00:00,5.0
EIA_69801,2026-05-29 15:00:00,2.0
EIA_69802,2026-05-29 15:00:00,3.0410757
EIA_69822,2026-05-29 15:00:00,1.0
EIA_69824,2026-05-29 15:00:00,2.0
EIA_69856,2026-05-29 15:00:00,1.250791
EIA_69863,2026-05-29 15:00:00,3.7
EIA_69875,2026-05-29 15:00:00,117.0
EIA_141,2026-05-29 16:00:00,0.2
EIA_960,2026-05-29 16:00:00,0.3
EIA_1172,2026-05-29 16:00:00,0.8
EIA_1187,2026-05-29 16:00:00,0.51051545
EIA_10224,2026-05-29 16:00:00,0.5
EIA_10823,2026-05-29 16:00:00,0.1
EIA_50026,2026-05-29 16:00:00,14.180497
EIA_50061,2026-05-29 16:00:00,0.25875023
EIA_56322,2026-05-29 16:00:00,0.11013843
EIA_57775,2026-05-29 16:00:00,0.5
EIA_57785,2026-05-29 16:00:00,0.70664275
EIA_57806,2026-05-29 16:00:00,0.09205602
EIA_58173,2026-05-29 16:00:00,0.1
EIA_58413,2026-05-29 16:00:00,54.4
EIA_58422,2026-05-29 16:00:00,1.3
EIA_58556,2026-05-29 16:00:00,10.1
EIA_58689,2026-05-29 16:00:00,1.3
EIA_58899,2026-05-29 16:00:00,0.260942
EIA_59133,2026-05-29 16:00:00,1.0
EIA_59272,2026-05-29 16:00:00,1.5
EIA_59776,2026-05-29 16:00:00,0.2
EIA_59786,2026-05-29 16:00:00,3.0
EIA_59988,2026-05-29 16:00:00,1.1
EIA_60452,2026-05-29 16:00:00,3.0
EIA_61703,2026-05-29 16:00:00,0.1
EIA_61796,2026-05-29 16:00:00,20.0
EIA_61820,2026-05-29 16:00:00,0.8
EIA_61822,2026-05-29 16:00:00,0.2
EIA_61852,2026-05-29 16:00:00,300.0
EIA_61910,2026-05-29 16:00:00,7.0
EIA_61967,2026-05-29 16:00:00,111.01581
EIA_61990,2026-05-29 16:00:00,0.1
EIA_62027,2026-05-29 16:00:00,0.7
EIA_62186,2026-05-29 16:00:00,2.0
EIA_62344,2026-05-29 16:00:00,2.0
EIA_62397,2026-05-29 16:00:00,2.0
EIA_62442,2026-05-29 16:00:00,0.3988485
EIA_62494,2026-05-29 16:00:00,250.0
EIA_62545,2026-05-29 16:00:00,0.24667256
EIA_62737,2026-05-29 16:00:00,5.0
EIA_62797,2026-05-29 16:00:00,100.0
EIA_63122,2026-05-29 16:00:00,1.0
EIA_63194,2026-05-29 16:00:00,300.0
EIA_63211,2026-05-29 16:00:00,250.0
EIA_63221,2026-05-29 16:00:00,0.87396795
EIA_63507,2026-05-29 16:00:00,9.925824
EIA_63518,2026-05-29 16:00:00,56.372158
EIA_63542,2026-05-29 16:00:00,0.9031413
EIA_63882,2026-05-29 16:00:00,200.0
EIA_63884,2026-05-29 16:00:00,310.0
EIA_63946,2026-05-29 16:00:00,2.0
EIA_64117,2026-05-29 16:00:00,4.9
EIA_64132,2026-05-29 16:00:00,200.0
EIA_64210,2026-05-29 16:00:00,500.0
EIA_64222,2026-05-29 16:00:00,0.3508645
EIA_64223,2026-05-29 16:00:00,0.11378641
EIA_64430,2026-05-29 16:00:00,140.0
EIA_64442,2026-05-29 16:00:00,0.5
EIA_64446,2026-05-29 16:00:00,0.02463666
EIA_64509,2026-05-29 16:00:00,0.5
EIA_64512,2026-05-29 16:00:00,0.5
EIA_64513,2026-05-29 16:00:00,0.5
EIA_64536,2026-05-29 16:00:00,135.0
EIA_64564,2026-05-29 16:00:00,131.0
EIA_64567,2026-05-29 16:00:00,20.0
EIA_64729,2026-05-29 16:00:00,1.0
EIA_64745,2026-05-29 16:00:00,150.0
EIA_64858,2026-05-29 16:00:00,110.0
EIA_65006,2026-05-29 16:00:00,1.0
EIA_65024,2026-05-29 16:00:00,1.0
EIA_65072,2026-05-29 16:00:00,0.3
EIA_65139,2026-05-29 16:00:00,3.0
EIA_65149,2026-05-29 16:00:00,4.0
EIA_65279,2026-05-29 16:00:00,2.0
EIA_65401,2026-05-29 16:00:00,51.8
EIA_65405,2026-05-29 16:00:00,45.0
EIA_65442,2026-05-29 16:00:00,0.8380983
EIA_65443,2026-05-29 16:00:00,1.0
EIA_65445,2026-05-29 16:00:00,1.2555689
EIA_65463,2026-05-29 16:00:00,318.34753
EIA_65468,2026-05-29 16:00:00,0.5
EIA_65480,2026-05-29 16:00:00,145.0
EIA_65507,2026-05-29 16:00:00,2.3
EIA_65508,2026-05-29 16:00:00,2.0
EIA_65515,2026-05-29 16:00:00,1.0
EIA_65516,2026-05-29 16:00:00,1.0
EIA_65527,2026-05-29 16:00:00,1.5266491
EIA_65572,2026-05-29 16:00:00,250.0
EIA_65616,2026-05-29 16:00:00,1.7135212
EIA_65644,2026-05-29 16:00:00,286.33368
EIA_65659,2026-05-29 16:00:00,1.0
EIA_65827,2026-05-29 16:00:00,5.0
EIA_65849,2026-05-29 16:00:00,180.0
EIA_65885,2026-05-29 16:00:00,74.5
EIA_65887,2026-05-29 16:00:00,52.119453
EIA_65888,2026-05-29 16:00:00,74.5
EIA_65891,2026-05-29 16:00:00,72.26512
EIA_65894,2026-05-29 16:00:00,210.0
EIA_65905,2026-05-29 16:00:00,74.5
EIA_65911,2026-05-29 16:00:00,47.919052
EIA_65913,2026-05-29 16:00:00,74.5
EIA_65940,2026-05-29 16:00:00,0.071852036
EIA_66027,2026-05-29 16:00:00,37.170998
EIA_66107,2026-05-29 16:00:00,20.0
EIA_66256,2026-05-29 16:00:00,3.9516146
EIA_66352,2026-05-29 16:00:00,5.0
EIA_66356,2026-05-29 16:00:00,5.0
EIA_66432,2026-05-29 16:00:00,2.0
EIA_66433,2026-05-29 16:00:00,1.0
EIA_66435,2026-05-29 16:00:00,0.83810884
EIA_66449,2026-05-29 16:00:00,3.9196746
EIA_66495,2026-05-29 16:00:00,5.0
EIA_66520,2026-05-29 16:00:00,2.0
EIA_66523,2026-05-29 16:00:00,5.0
EIA_66647,2026-05-29 16:00:00,100.0
EIA_66649,2026-05-29 16:00:00,44.062904
EIA_66654,2026-05-29 16:00:00,2.0
EIA_66656,2026-05-29 16:00:00,2.0
EIA_66670,2026-05-29 16:00:00,150.0
EIA_66681,2026-05-29 16:00:00,30.39641
EIA_66688,2026-05-29 16:00:00,275.92618
EIA_66739,2026-05-29 16:00:00,1.5
EIA_66740,2026-05-29 16:00:00,1.5
EIA_66756,2026-05-29 16:00:00,40.8
EIA_66760,2026-05-29 16:00:00,3.0
EIA_66774,2026-05-29 16:00:00,408.9
EIA_66775,2026-05-29 16:00:00,131.61896
EIA_66827,2026-05-29 16:00:00,2.4850163
EIA_66840,2026-05-29 16:00:00,51.1
EIA_66842,2026-05-29 16:00:00,64.0
EIA_66844,2026-05-29 16:00:00,150.0
EIA_66860,2026-05-29 16:00:00,100.0
EIA_66872,2026-05-29 16:00:00,204.5
EIA_66886,2026-05-29 16:00:00,2.4
EIA_66890,2026-05-29 16:00:00,60.0
EIA_66892,2026-05-29 16:00:00,4.4
EIA_66897,2026-05-29 16:00:00,97.5
EIA_66899,2026-05-29 16:00:00,5.8
EIA_66903,2026-05-29 16:00:00,310.0
EIA_66951,2026-05-29 16:00:00,76.45768
EIA_66983,2026-05-29 16:00:00,13.5
EIA_67007,2026-05-29 16:00:00,20.0
EIA_67022,2026-05-29 16:00:00,175.0
EIA_67033,2026-05-29 16:00:00,3.762974
EIA_67038,2026-05-29 16:00:00,9.277488
EIA_67046,2026-05-29 16:00:00,210.0
EIA_67075,2026-05-29 16:00:00,140.92548
EIA_67076,2026-05-29 16:00:00,109.571175
EIA_67080,2026-05-29 16:00:00,4.593829
EIA_67086,2026-05-29 16:00:00,1.8
EIA_67124,2026-05-29 16:00:00,1.0870293
EIA_67125,2026-05-29 16:00:00,2.3306415
EIA_67126,2026-05-29 16:00:00,4.3
EIA_67129,2026-05-29 16:00:00,100.0
EIA_67133,2026-05-29 16:00:00,4.7238374
EIA_67135,2026-05-29 16:00:00,4.014429
EIA_67158,2026-05-29 16:00:00,1.2631316
EIA_67169,2026-05-29 16:00:00,0.62297124
EIA_67174,2026-05-29 16:00:00,3.9521105
EIA_67177,2026-05-29 16:00:00,50.11714
EIA_67201,2026-05-29 16:00:00,9.8
EIA_67204,2026-05-29 16:00:00,100.0
EIA_67216,2026-05-29 16:00:00,18.8
EIA_67217,2026-05-29 16:00:00,20.0
EIA_67218,2026-05-29 16:00:00,20.0
EIA_67219,2026-05-29 16:00:00,20.0
EIA_67234,2026-05-29 16:00:00,0.7
EIA_67254,2026-05-29 16:00:00,1.9672636
EIA_67255,2026-05-29 16:00:00,2.0
EIA_67256,2026-05-29 16:00:00,2.0
EIA_67277,2026-05-29 16:00:00,0.10812204
EIA_67288,2026-05-29 16:00:00,0.40747845
EIA_67322,2026-05-29 16:00:00,11.2
EIA_67374,2026-05-29 16:00:00,5.0
EIA_67391,2026-05-29 16:00:00,4.0
EIA_67412,2026-05-29 16:00:00,4.229077
EIA_67421,2026-05-29 16:00:00,84.4
EIA_67437,2026-05-29 16:00:00,2.1120534
EIA_67447,2026-05-29 16:00:00,2.0156713
EIA_67469,2026-05-29 16:00:00,1.0276009
EIA_67474,2026-05-29 16:00:00,300.0
EIA_67490,2026-05-29 16:00:00,5.6
EIA_67497,2026-05-29 16:00:00,100.0
EIA_67503,2026-05-29 16:00:00,170.0
EIA_67511,2026-05-29 16:00:00,200.0
EIA_67528,2026-05-29 16:00:00,150.0
EIA_67532,2026-05-29 16:00:00,5.0
EIA_67539,2026-05-29 16:00:00,1.6
EIA_67540,2026-05-29 16:00:00,2.3
EIA_67546,2026-05-29 16:00:00,1.0
EIA_67554,2026-05-29 16:00:00,2.0
EIA_67583,2026-05-29 16:00:00,1.3
EIA_67584,2026-05-29 16:00:00,4.5779743
EIA_67597,2026-05-29 16:00:00,11.8
EIA_67600,2026-05-29 16:00:00,1.9972969
EIA_67623,2026-05-29 16:00:00,2.0
EIA_67624,2026-05-29 16:00:00,2.0
EIA_67628,2026-05-29 16:00:00,2.0
EIA_67644,2026-05-29 16:00:00,5.0
EIA_67675,2026-05-29 16:00:00,65.0
EIA_67678,2026-05-29 16:00:00,140.0
EIA_67684,2026-05-29 16:00:00,1.2731196
EIA_67686,2026-05-29 16:00:00,4.9
EIA_67687,2026-05-29 16:00:00,2.0
EIA_67688,2026-05-29 16:00:00,0.7716081
EIA_67703,2026-05-29 16:00:00,5.0
EIA_67704,2026-05-29 16:00:00,1.4
EIA_67705,2026-05-29 16:00:00,2.3
EIA_67713,2026-05-29 16:00:00,4.0
EIA_67714,2026-05-29 16:00:00,1.5
EIA_67715,2026-05-29 16:00:00,2.0
EIA_67716,2026-05-29 16:00:00,1.9
EIA_67717,2026-05-29 16:00:00,2.0
EIA_67718,2026-05-29 16:00:00,1.9
EIA_67719,2026-05-29 16:00:00,2.0
EIA_67727,2026-05-29 16:00:00,6.0
EIA_67728,2026-05-29 16:00:00,5.0
EIA_67735,2026-05-29 16:00:00,250.0
EIA_67751,2026-05-29 16:00:00,2.0
EIA_67762,2026-05-29 16:00:00,255.9
EIA_67765,2026-05-29 16:00:00,108.20273
EIA_67793,2026-05-29 16:00:00,1.7
EIA_67797,2026-05-29 16:00:00,160.0
EIA_67804,2026-05-29 16:00:00,2.0
EIA_67822,2026-05-29 16:00:00,2.0
EIA_67823,2026-05-29 16:00:00,235.0
EIA_67834,2026-05-29 16:00:00,48.0
EIA_67850,2026-05-29 16:00:00,42.0
EIA_67859,2026-05-29 16:00:00,0.5433046
EIA_67864,2026-05-29 16:00:00,4.1296015
EIA_67867,2026-05-29 16:00:00,67.2
EIA_67872,2026-05-29 16:00:00,150.0
EIA_67873,2026-05-29 16:00:00,60.0
EIA_67900,2026-05-29 16:00:00,3.0448122
EIA_67901,2026-05-29 16:00:00,1.1418046
EIA_67930,2026-05-29 16:00:00,200.0
EIA_67943,2026-05-29 16:00:00,3.0
EIA_67957,2026-05-29 16:00:00,8.530405
EIA_67964,2026-05-29 16:00:00,150.0
EIA_67965,2026-05-29 16:00:00,1.3
EIA_67969,2026-05-29 16:00:00,22.0
EIA_67979,2026-05-29 16:00:00,5.0
EIA_67997,2026-05-29 16:00:00,28.9
EIA_68008,2026-05-29 16:00:00,5.0
EIA_68010,2026-05-29 16:00:00,5.0
EIA_68023,2026-05-29 16:00:00,11.54167
EIA_68025,2026-05-29 16:00:00,3.0
EIA_68026,2026-05-29 16:00:00,4.8
EIA_68037,2026-05-29 16:00:00,5.0
EIA_68060,2026-05-29 16:00:00,75.0
EIA_68077,2026-05-29 16:00:00,20.0
EIA_68088,2026-05-29 16:00:00,33.822716
EIA_68096,2026-05-29 16:00:00,2.2106616
EIA_68102,2026-05-29 16:00:00,1.8394964
EIA_68106,2026-05-29 16:00:00,100.0
EIA_68107,2026-05-29 16:00:00,3.6981046
EIA_68108,2026-05-29 16:00:00,6.980852
EIA_68109,2026-05-29 16:00:00,0.88170016
EIA_68113,2026-05-29 16:00:00,1.1824851
EIA_68114,2026-05-29 16:00:00,3.0407467
EIA_68157,2026-05-29 16:00:00,1.0
EIA_68163,2026-05-29 16:00:00,5.0
EIA_68188,2026-05-29 16:00:00,5.0
EIA_68190,2026-05-29 16:00:00,5.0
EIA_68200,2026-05-29 16:00:00,401.4
EIA_68223,2026-05-29 16:00:00,40.8
EIA_68235,2026-05-29 16:00:00,1.1
EIA_68259,2026-05-29 16:00:00,2.238671
EIA_68276,2026-05-29 16:00:00,74.5
EIA_68279,2026-05-29 16:00:00,1.1
EIA_68281,2026-05-29 16:00:00,300.0
EIA_68286,2026-05-29 16:00:00,0.94090706
EIA_68327,2026-05-29 16:00:00,2.0
EIA_68372,2026-05-29 16:00:00,39.038105
EIA_68398,2026-05-29 16:00:00,5.0
EIA_68418,2026-05-29 16:00:00,120.0
EIA_68427,2026-05-29 16:00:00,6.8744283
EIA_68431,2026-05-29 16:00:00,240.0
EIA_68436,2026-05-29 16:00:00,2.9
EIA_68442,2026-05-29 16:00:00,0.7428352
EIA_68458,2026-05-29 16:00:00,250.0
EIA_68470,2026-05-29 16:00:00,180.0
EIA_68472,2026-05-29 16:00:00,74.9
EIA_68482,2026-05-29 16:00:00,49.9
EIA_68483,2026-05-29 16:00:00,225.0
EIA_68488,2026-05-29 16:00:00,80.0
EIA_68489,2026-05-29 16:00:00,2.0
EIA_68516,2026-05-29 16:00:00,39.503914
EIA_68523,2026-05-29 16:00:00,0.12613618
EIA_68524,2026-05-29 16:00:00,0.12614118
EIA_68525,2026-05-29 16:00:00,0.1261419
EIA_68530,2026-05-29 16:00:00,2.0
EIA_68534,2026-05-29 16:00:00,150.0
EIA_68536,2026-05-29 16:00:00,79.60105
EIA_68537,2026-05-29 16:00:00,9.263649
EIA_68538,2026-05-29 16:00:00,2.3
EIA_68540,2026-05-29 16:00:00,0.7706515
EIA_68544,2026-05-29 16:00:00,2.0
EIA_68550,2026-05-29 16:00:00,0.1740804
EIA_68551,2026-05-29 16:00:00,72.5493
EIA_68587,2026-05-29 16:00:00,72.20371
EIA_68588,2026-05-29 16:00:00,72.20371
EIA_68595,2026-05-29 16:00:00,35.872524
EIA_68615,2026-05-29 16:00:00,2.4
EIA_68670,2026-05-29 16:00:00,17.412304
EIA_68674,2026-05-29 16:00:00,4.0
EIA_68682,2026-05-29 16:00:00,3.0
EIA_68706,2026-05-29 16:00:00,5.5476913
EIA_68708,2026-05-29 16:00:00,3.6824787
EIA_68729,2026-05-29 16:00:00,2.884186
EIA_68754,2026-05-29 16:00:00,4.3
EIA_68756,2026-05-29 16:00:00,5.0
EIA_68757,2026-05-29 16:00:00,3.5
EIA_68776,2026-05-29 16:00:00,237.1
EIA_68791,2026-05-29 16:00:00,1.1
EIA_68794,2026-05-29 16:00:00,1.5
EIA_68795,2026-05-29 16:00:00,1.2523022
EIA_68796,2026-05-29 16:00:00,0.7341539
EIA_68803,2026-05-29 16:00:00,1.5
EIA_68817,2026-05-29 16:00:00,70.02362
EIA_68820,2026-05-29 16:00:00,73.43972
EIA_68822,2026-05-29 16:00:00,73.02809
EIA_68823,2026-05-29 16:00:00,74.5
EIA_68838,2026-05-29 16:00:00,515.0
EIA_68846,2026-05-29 16:00:00,148.0
EIA_68856,2026-05-29 16:00:00,90.5
EIA_68880,2026-05-29 16:00:00,150.0
EIA_68885,2026-05-29 16:00:00,3.0
EIA_68886,2026-05-29 16:00:00,3.0
EIA_68892,2026-05-29 16:00:00,1.4
EIA_68894,2026-05-29 16:00:00,150.0
EIA_68906,2026-05-29 16:00:00,300.0
EIA_68919,2026-05-29 16:00:00,2.0
EIA_68921,2026-05-29 16:00:00,2.0
EIA_68927,2026-05-29 16:00:00,15.956143
EIA_68928,2026-05-29 16:00:00,10.8
EIA_68941,2026-05-29 16:00:00,1.4852263
EIA_68943,2026-05-29 16:00:00,4.157645
EIA_68944,2026-05-29 16:00:00,5.0
EIA_68945,2026-05-29 16:00:00,1.6875241
EIA_68957,2026-05-29 16:00:00,4.391636
EIA_68960,2026-05-29 16:00:00,2.0
EIA_68964,2026-05-29 16:00:00,3.0078905
EIA_68966,2026-05-29 16:00:00,3.0
EIA_68971,2026-05-29 16:00:00,5.0
EIA_68991,2026-05-29 16:00:00,5.0
EIA_68998,2026-05-29 16:00:00,120.0
EIA_69002,2026-05-29 16:00:00,5.0
EIA_69009,2026-05-29 16:00:00,0.15405633
EIA_69014,2026-05-29 16:00:00,5.0
EIA_69015,2026-05-29 16:00:00,5.0
EIA_69016,2026-05-29 16:00:00,3.0237486
EIA_69017,2026-05-29 16:00:00,3.7
EIA_69018,2026-05-29 16:00:00,1.181691
EIA_69027,2026-05-29 16:00:00,97.38556
EIA_69031,2026-05-29 16:00:00,2.0
EIA_69032,2026-05-29 16:00:00,3.6
EIA_69033,2026-05-29 16:00:00,4.9
EIA_69039,2026-05-29 16:00:00,0.73589116
EIA_69042,2026-05-29 16:00:00,8.394316
EIA_69043,2026-05-29 16:00:00,3.389587
EIA_69046,2026-05-29 16:00:00,2.0
EIA_69048,2026-05-29 16:00:00,0.95503896
EIA_69051,2026-05-29 16:00:00,3.0
EIA_69061,2026-05-29 16:00:00,5.0
EIA_69062,2026-05-29 16:00:00,5.0
EIA_69063,2026-05-29 16:00:00,200.0
EIA_69066,2026-05-29 16:00:00,5.0
EIA_69068,2026-05-29 16:00:00,1.8196179
EIA_69070,2026-05-29 16:00:00,5.0
EIA_69078,2026-05-29 16:00:00,5.0
EIA_69086,2026-05-29 16:00:00,5.0
EIA_69095,2026-05-29 16:00:00,5.0
EIA_69096,2026-05-29 16:00:00,5.0
EIA_69100,2026-05-29 16:00:00,325.0
EIA_69101,2026-05-29 16:00:00,200.0
EIA_69103,2026-05-29 16:00:00,4.9866557
EIA_69104,2026-05-29 16:00:00,5.0
EIA_69106,2026-05-29 16:00:00,5.0
EIA_69107,2026-05-29 16:00:00,2.250385
EIA_69109,2026-05-29 16:00:00,1.4
EIA_69112,2026-05-29 16:00:00,1.3
EIA_69113,2026-05-29 16:00:00,2.7
EIA_69114,2026-05-29 16:00:00,3.5
EIA_69115,2026-05-29 16:00:00,1.0
EIA_69116,2026-05-29 16:00:00,2.5
EIA_69117,2026-05-29 16:00:00,1.0
EIA_69118,2026-05-29 16:00:00,1.1
EIA_69123,2026-05-29 16:00:00,3.5
EIA_69124,2026-05-29 16:00:00,0.8610447
EIA_69125,2026-05-29 16:00:00,0.89061505
EIA_69126,2026-05-29 16:00:00,1.0
EIA_69127,2026-05-29 16:00:00,1.0
EIA_69129,2026-05-29 16:00:00,1.2637424
EIA_69130,2026-05-29 16:00:00,4.0
EIA_69131,2026-05-29 16:00:00,1.9
EIA_69132,2026-05-29 16:00:00,1.7
EIA_69133,2026-05-29 16:00:00,3.9423907
EIA_69134,2026-05-29 16:00:00,2.9753964
EIA_69135,2026-05-29 16:00:00,1.0
EIA_69137,2026-05-29 16:00:00,4.2277036
EIA_69140,2026-05-29 16:00:00,1.3
EIA_69141,2026-05-29 16:00:00,4.0
EIA_69142,2026-05-29 16:00:00,1.0
EIA_69143,2026-05-29 16:00:00,114.88349
EIA_69145,2026-05-29 16:00:00,0.08808088
EIA_69153,2026-05-29 16:00:00,4.425214
EIA_69154,2026-05-29 16:00:00,4.159697
EIA_69161,2026-05-29 16:00:00,1.3069973
EIA_69163,2026-05-29 16:00:00,2.0
EIA_69164,2026-05-29 16:00:00,95.12163
EIA_69166,2026-05-29 16:00:00,54.049973
EIA_69172,2026-05-29 16:00:00,80.0
EIA_69179,2026-05-29 16:00:00,5.0
EIA_69183,2026-05-29 16:00:00,2.0
EIA_69187,2026-05-29 16:00:00,19.8
EIA_69188,2026-05-29 16:00:00,2.9
EIA_69190,2026-05-29 16:00:00,1.6
EIA_69192,2026-05-29 16:00:00,6.5262156
EIA_69193,2026-05-29 16:00:00,2.5
EIA_69201,2026-05-29 16:00:00,2.0
EIA_69210,2026-05-29 16:00:00,0.13073584
EIA_69212,2026-05-29 16:00:00,5.0
EIA_69213,2026-05-29 16:00:00,5.0
EIA_69214,2026-05-29 16:00:00,5.0
EIA_69216,2026-05-29 16:00:00,5.0
EIA_69219,2026-05-29 16:00:00,3.0
EIA_69221,2026-05-29 16:00:00,1.2
EIA_69227,2026-05-29 16:00:00,0.56636065
EIA_69228,2026-05-29 16:00:00,3.3810859
EIA_69230,2026-05-29 16:00:00,5.0
EIA_69233,2026-05-29 16:00:00,0.11959784
EIA_69235,2026-05-29 16:00:00,20.0
EIA_69236,2026-05-29 16:00:00,35.188835
EIA_69240,2026-05-29 16:00:00,5.0
EIA_69241,2026-05-29 16:00:00,4.5
EIA_69243,2026-05-29 16:00:00,2.6
EIA_69247,2026-05-29 16:00:00,1.3
EIA_69248,2026-05-29 16:00:00,1.0
EIA_69261,2026-05-29 16:00:00,10.0
EIA_69263,2026-05-29 16:00:00,10.0
EIA_69264,2026-05-29 16:00:00,3.5
EIA_69265,2026-05-29 16:00:00,7.5
EIA_69273,2026-05-29 16:00:00,1.6252271
EIA_69280,2026-05-29 16:00:00,2.5666037
EIA_69281,2026-05-29 16:00:00,2.5665874
EIA_69284,2026-05-29 16:00:00,2.9
EIA_69285,2026-05-29 16:00:00,2.8
EIA_69287,2026-05-29 16:00:00,9.9
EIA_69288,2026-05-29 16:00:00,1.6
EIA_69289,2026-05-29 16:00:00,9.9
EIA_69303,2026-05-29 16:00:00,1.0
EIA_69304,2026-05-29 16:00:00,1.0
EIA_69306,2026-05-29 16:00:00,8.8
EIA_69307,2026-05-29 16:00:00,1.0
EIA_69314,2026-05-29 16:00:00,2.0
EIA_69315,2026-05-29 16:00:00,5.0
EIA_69316,2026-05-29 16:00:00,5.0
EIA_69317,2026-05-29 16:00:00,5.0
EIA_69319,2026-05-29 16:00:00,34.91155
EIA_69320,2026-05-29 16:00:00,469.3618
EIA_69321,2026-05-29 16:00:00,26.009104
EIA_69325,2026-05-29 16:00:00,2.0
EIA_69326,2026-05-29 16:00:00,2.0
EIA_69328,2026-05-29 16:00:00,4.1
EIA_69330,2026-05-29 16:00:00,5.0
EIA_69354,2026-05-29 16:00:00,72.78195
EIA_69355,2026-05-29 16:00:00,58.80885
EIA_69368,2026-05-29 16:00:00,4.5
EIA_69370,2026-05-29 16:00:00,1.4243133
EIA_69374,2026-05-29 16:00:00,1.5
EIA_69378,2026-05-29 16:00:00,1.5
EIA_69379,2026-05-29 16:00:00,1.5870868
EIA_69380,2026-05-29 16:00:00,1.3965919
EIA_69381,2026-05-29 16:00:00,1.6
EIA_69382,2026-05-29 16:00:00,1.4
EIA_69386,2026-05-29 16:00:00,4.6061745
EIA_69387,2026-05-29 16:00:00,5.0
EIA_69388,2026-05-29 16:00:00,100.0
EIA_69389,2026-05-29 16:00:00,5.0
EIA_69390,2026-05-29 16:00:00,5.0
EIA_69391,2026-05-29 16:00:00,4.9
EIA_69395,2026-05-29 16:00:00,2.3
EIA_69396,2026-05-29 16:00:00,2.4
EIA_69397,2026-05-29 16:00:00,2.0
EIA_69398,2026-05-29 16:00:00,3.2
EIA_69399,2026-05-29 16:00:00,3.5
EIA_69400,2026-05-29 16:00:00,5.0
EIA_69401,2026-05-29 16:00:00,5.0
EIA_69402,2026-05-29 16:00:00,5.0
EIA_69405,2026-05-29 16:00:00,3.322171
EIA_69406,2026-05-29 16:00:00,3.3221374
EIA_69408,2026-05-29 16:00:00,0.12417527
EIA_69409,2026-05-29 16:00:00,5.0
EIA_69410,2026-05-29 16:00:00,5.0
EIA_69412,2026-05-29 16:00:00,3.0
EIA_69414,2026-05-29 16:00:00,260.5778
EIA_69419,2026-05-29 16:00:00,5.0
EIA_69420,2026-05-29 16:00:00,1.6534357
EIA_69421,2026-05-29 16:00:00,4.376393
EIA_69425,2026-05-29 16:00:00,1.9933022
EIA_69428,2026-05-29 16:00:00,250.0
EIA_69430,2026-05-29 16:00:00,6.0
EIA_69431,2026-05-29 16:00:00,5.0
EIA_69432,2026-05-29 16:00:00,6.0
EIA_69433,2026-05-29 16:00:00,6.0
EIA_69434,2026-05-29 16:00:00,2.0
EIA_69439,2026-05-29 16:00:00,5.0
EIA_69440,2026-05-29 16:00:00,5.0
EIA_69441,2026-05-29 16:00:00,2.6
EIA_69442,2026-05-29 16:00:00,5.0
EIA_69443,2026-05-29 16:00:00,2.3
EIA_69447,2026-05-29 16:00:00,1.94624
EIA_69448,2026-05-29 16:00:00,4.0
EIA_69476,2026-05-29 16:00:00,100.0
EIA_69483,2026-05-29 16:00:00,2.328273
EIA_69484,2026-05-29 16:00:00,2.801622
EIA_69485,2026-05-29 16:00:00,2.5
EIA_69486,2026-05-29 16:00:00,2.5
EIA_69487,2026-05-29 16:00:00,2.5
EIA_69488,2026-05-29 16:00:00,2.5
EIA_69489,2026-05-29 16:00:00,3.0
EIA_69490,2026-05-29 16:00:00,2.5
EIA_69491,2026-05-29 16:00:00,2.5
EIA_69492,2026-05-29 16:00:00,2.4258606
EIA_69493,2026-05-29 16:00:00,2.4567108
EIA_69494,2026-05-29 16:00:00,2.5
EIA_69495,2026-05-29 16:00:00,2.5
EIA_69498,2026-05-29 16:00:00,8.8
EIA_69499,2026-05-29 16:00:00,18.016518
EIA_69500,2026-05-29 16:00:00,3.8
EIA_69501,2026-05-29 16:00:00,6.0
EIA_69502,2026-05-29 16:00:00,4.0
EIA_69503,2026-05-29 16:00:00,6.0
EIA_69505,2026-05-29 16:00:00,14.8
EIA_69518,2026-05-29 16:00:00,2.0
EIA_69519,2026-05-29 16:00:00,3.0
EIA_69525,2026-05-29 16:00:00,4.3
EIA_69526,2026-05-29 16:00:00,5.0
EIA_69527,2026-05-29 16:00:00,5.0
EIA_69528,2026-05-29 16:00:00,3.0
EIA_69529,2026-05-29 16:00:00,2.7150996
EIA_69530,2026-05-29 16:00:00,2.494826
EIA_69531,2026-05-29 16:00:00,1.6756449
EIA_69532,2026-05-29 16:00:00,5.0
EIA_69536,2026-05-29 16:00:00,5.3
EIA_69538,2026-05-29 16:00:00,11.615432
EIA_69542,2026-05-29 16:00:00,5.0
EIA_69543,2026-05-29 16:00:00,3.3
EIA_69544,2026-05-29 16:00:00,2.5
EIA_69545,2026-05-29 16:00:00,1.0
EIA_69546,2026-05-29 16:00:00,4.9
EIA_69550,2026-05-29 16:00:00,117.0
EIA_69557,2026-05-29 16:00:00,2.63999
EIA_69561,2026-05-29 16:00:00,4.0
EIA_69563,2026-05-29 16:00:00,0.93645066
EIA_69564,2026-05-29 16:00:00,1.9
EIA_69565,2026-05-29 16:00:00,4.9
EIA_69567,2026-05-29 16:00:00,3.0
EIA_69568,2026-05-29 16:00:00,0.859292
EIA_69569,2026-05-29 16:00:00,2.2324603
EIA_69570,2026-05-29 16:00:00,12.0
EIA_69571,2026-05-29 16:00:00,4.060517
EIA_69572,2026-05-29 16:00:00,5.0
EIA_69573,2026-05-29 16:00:00,5.0
EIA_69580,2026-05-29 16:00:00,0.6197635
EIA_69581,2026-05-29 16:00:00,1.759001
EIA_69587,2026-05-29 16:00:00,1.4
EIA_69596,2026-05-29 16:00:00,4.0
EIA_69597,2026-05-29 16:00:00,5.0
EIA_69598,2026-05-29 16:00:00,0.8830801
EIA_69599,2026-05-29 16:00:00,1.2023039
EIA_69600,2026-05-29 16:00:00,5.0
EIA_69601,2026-05-29 16:00:00,2.0
EIA_69604,2026-05-29 16:00:00,19.9
EIA_69612,2026-05-29 16:00:00,5.0
EIA_69613,2026-05-29 16:00:00,5.0
EIA_69615,2026-05-29 16:00:00,5.0
EIA_69617,2026-05-29 16:00:00,2.8
EIA_69618,2026-05-29 16:00:00,4.099265
EIA_69621,2026-05-29 16:00:00,5.0
EIA_69622,2026-05-29 16:00:00,5.0
EIA_69623,2026-05-29 16:00:00,2.0
EIA_69624,2026-05-29 16:00:00,5.0
EIA_69630,2026-05-29 16:00:00,1.0
EIA_69645,2026-05-29 16:00:00,1.0
EIA_69646,2026-05-29 16:00:00,1.0
EIA_69651,2026-05-29 16:00:00,2.0
EIA_69652,2026-05-29 16:00:00,2.0
EIA_69653,2026-05-29 16:00:00,2.0
EIA_69655,2026-05-29 16:00:00,5.0
EIA_69656,2026-05-29 16:00:00,2.3
EIA_69675,2026-05-29 16:00:00,273.6
EIA_69676,2026-05-29 16:00:00,100.0
EIA_69680,2026-05-29 16:00:00,113.1
EIA_69682,2026-05-29 16:00:00,0.38326892
EIA_69683,2026-05-29 16:00:00,1.3
EIA_69686,2026-05-29 16:00:00,4.320669
EIA_69692,2026-05-29 16:00:00,5.0
EIA_69693,2026-05-29 16:00:00,0.97821355
EIA_69696,2026-05-29 16:00:00,2.2
EIA_69700,2026-05-29 16:00:00,4.7
EIA_69703,2026-05-29 16:00:00,3.3
EIA_69705,2026-05-29 16:00:00,1.0
EIA_69707,2026-05-29 16:00:00,0.69902223
EIA_69709,2026-05-29 16:00:00,0.95964885
EIA_69712,2026-05-29 16:00:00,0.061962284
EIA_69714,2026-05-29 16:00:00,3.6
EIA_69715,2026-05-29 16:00:00,0.95965147
EIA_69716,2026-05-29 16:00:00,4.0
EIA_69717,2026-05-29 16:00:00,5.0
EIA_69718,2026-05-29 16:00:00,4.8
EIA_69719,2026-05-29 16:00:00,2.8
EIA_69729,2026-05-29 16:00:00,3.0
EIA_69730,2026-05-29 16:00:00,1.2464482
EIA_69731,2026-05-29 16:00:00,1.3
EIA_69732,2026-05-29 16:00:00,5.0
EIA_69733,2026-05-29 16:00:00,4.5
EIA_69734,2026-05-29 16:00:00,0.16045801
EIA_69735,2026-05-29 16:00:00,5.0
EIA_69736,2026-05-29 16:00:00,1.2
EIA_69737,2026-05-29 16:00:00,2.5
EIA_69739,2026-05-29 16:00:00,4.8
EIA_69740,2026-05-29 16:00:00,7.2
EIA_69744,2026-05-29 16:00:00,4.236902
EIA_69746,2026-05-29 16:00:00,2.0
EIA_69748,2026-05-29 16:00:00,525.0
EIA_69754,2026-05-29 16:00:00,2.5
EIA_69757,2026-05-29 16:00:00,1.3570485
EIA_69758,2026-05-29 16:00:00,1.0438834
EIA_69759,2026-05-29 16:00:00,1.4
EIA_69774,2026-05-29 16:00:00,2.2974234
EIA_69800,2026-05-29 16:00:00,5.0
EIA_69801,2026-05-29 16:00:00,1.6195399
EIA_69802,2026-05-29 16:00:00,3.3153095
EIA_69822,2026-05-29 16:00:00,1.0
EIA_69824,2026-05-29 16:00:00,1.8483298
EIA_69856,2026-05-29 16:00:00,3.0
EIA_69863,2026-05-29 16:00:00,3.7
EIA_69875,2026-05-29 16:00:00,117.0
EIA_141,2026-05-29 17:00:00,0.2
EIA_960,2026-05-29 17:00:00,0.3
EIA_1172,2026-05-29 17:00:00,0.8
EIA_1187,2026-05-29 17:00:00,0.78798807
EIA_10224,2026-05-29 17:00:00,0.5
EIA_10823,2026-05-29 17:00:00,0.1
EIA_50026,2026-05-29 17:00:00,26.325787
EIA_50061,2026-05-29 17:00:00,0.047952075
EIA_56322,2026-05-29 17:00:00,0.3578889
EIA_57775,2026-05-29 17:00:00,0.5
EIA_57785,2026-05-29 17:00:00,2.819434
EIA_57806,2026-05-29 17:00:00,0.26731616
EIA_58173,2026-05-29 17:00:00,0.1
EIA_58413,2026-05-29 17:00:00,54.4
EIA_58422,2026-05-29 17:00:00,1.3
EIA_58556,2026-05-29 17:00:00,10.1
EIA_58689,2026-05-29 17:00:00,1.3
EIA_58899,2026-05-29 17:00:00,0.5
EIA_59133,2026-05-29 17:00:00,1.0
EIA_59272,2026-05-29 17:00:00,1.5
EIA_59776,2026-05-29 17:00:00,0.2
EIA_59786,2026-05-29 17:00:00,1.4823943
EIA_59988,2026-05-29 17:00:00,1.1
EIA_60452,2026-05-29 17:00:00,3.0
EIA_61703,2026-05-29 17:00:00,0.1
EIA_61796,2026-05-29 17:00:00,20.0
EIA_61820,2026-05-29 17:00:00,0.8
EIA_61822,2026-05-29 17:00:00,0.2
EIA_61852,2026-05-29 17:00:00,300.0
EIA_61910,2026-05-29 17:00:00,7.0
EIA_61967,2026-05-29 17:00:00,117.41922
EIA_61990,2026-05-29 17:00:00,0.1
EIA_62027,2026-05-29 17:00:00,0.7
EIA_62186,2026-05-29 17:00:00,2.0
EIA_62344,2026-05-29 17:00:00,2.0
EIA_62397,2026-05-29 17:00:00,2.0
EIA_62442,2026-05-29 17:00:00,0.5
EIA_62494,2026-05-29 17:00:00,243.2433
EIA_62545,2026-05-29 17:00:00,0.5216994
EIA_62737,2026-05-29 17:00:00,5.0
EIA_62797,2026-05-29 17:00:00,100.0
EIA_63122,2026-05-29 17:00:00,1.0
EIA_63194,2026-05-29 17:00:00,300.0
EIA_63211,2026-05-29 17:00:00,250.0
EIA_63221,2026-05-29 17:00:00,0.7368636
EIA_63507,2026-05-29 17:00:00,29.812784
EIA_63518,2026-05-29 17:00:00,34.98392
EIA_63542,2026-05-29 17:00:00,0.5241031
EIA_63882,2026-05-29 17:00:00,200.0
EIA_63884,2026-05-29 17:00:00,310.0
EIA_63946,2026-05-29 17:00:00,2.0
EIA_64117,2026-05-29 17:00:00,4.9
EIA_64132,2026-05-29 17:00:00,194.47253
EIA_64210,2026-05-29 17:00:00,500.0
EIA_64222,2026-05-29 17:00:00,0.2934711
EIA_64223,2026-05-29 17:00:00,0.13173996
EIA_64430,2026-05-29 17:00:00,140.0
EIA_64442,2026-05-29 17:00:00,0.5
EIA_64446,2026-05-29 17:00:00,0.08951103
EIA_64509,2026-05-29 17:00:00,0.5
EIA_64512,2026-05-29 17:00:00,0.5
EIA_64513,2026-05-29 17:00:00,0.5
EIA_64536,2026-05-29 17:00:00,135.0
EIA_64564,2026-05-29 17:00:00,131.0
EIA_64567,2026-05-29 17:00:00,20.0
EIA_64729,2026-05-29 17:00:00,0.63874197
EIA_64745,2026-05-29 17:00:00,150.0
EIA_64858,2026-05-29 17:00:00,110.0
EIA_65006,2026-05-29 17:00:00,1.0
EIA_65024,2026-05-29 17:00:00,0.94733024
EIA_65072,2026-05-29 17:00:00,0.15295392
EIA_65139,2026-05-29 17:00:00,2.8032825
EIA_65149,2026-05-29 17:00:00,4.0
EIA_65279,2026-05-29 17:00:00,2.0
EIA_65401,2026-05-29 17:00:00,51.8
EIA_65405,2026-05-29 17:00:00,45.0
EIA_65442,2026-05-29 17:00:00,0.60819477
EIA_65443,2026-05-29 17:00:00,1.0
EIA_65445,2026-05-29 17:00:00,111.439735
EIA_65463,2026-05-29 17:00:00,159.09056
EIA_65468,2026-05-29 17:00:00,0.5
EIA_65480,2026-05-29 17:00:00,145.0
EIA_65507,2026-05-29 17:00:00,2.3
EIA_65508,2026-05-29 17:00:00,2.0
EIA_65515,2026-05-29 17:00:00,1.0
EIA_65516,2026-05-29 17:00:00,1.0
EIA_65527,2026-05-29 17:00:00,2.5
EIA_65572,2026-05-29 17:00:00,250.0
EIA_65616,2026-05-29 17:00:00,1.4980733
EIA_65644,2026-05-29 17:00:00,232.50394
EIA_65659,2026-05-29 17:00:00,1.0
EIA_65827,2026-05-29 17:00:00,5.0
EIA_65849,2026-05-29 17:00:00,121.51743
EIA_65885,2026-05-29 17:00:00,74.5
EIA_65887,2026-05-29 17:00:00,63.616932
EIA_65888,2026-05-29 17:00:00,71.1991
EIA_65891,2026-05-29 17:00:00,85.80688
EIA_65894,2026-05-29 17:00:00,210.0
EIA_65905,2026-05-29 17:00:00,69.75914
EIA_65911,2026-05-29 17:00:00,31.323498
EIA_65913,2026-05-29 17:00:00,72.26678
EIA_65940,2026-05-29 17:00:00,0.10033206
EIA_66027,2026-05-29 17:00:00,27.853622
EIA_66107,2026-05-29 17:00:00,20.0
EIA_66256,2026-05-29 17:00:00,1.4094306
EIA_66352,2026-05-29 17:00:00,5.0
EIA_66356,2026-05-29 17:00:00,5.0
EIA_66432,2026-05-29 17:00:00,2.0
EIA_66433,2026-05-29 17:00:00,1.0
EIA_66435,2026-05-29 17:00:00,0.6081834
EIA_66449,2026-05-29 17:00:00,1.6403034
EIA_66495,2026-05-29 17:00:00,5.0
EIA_66520,2026-05-29 17:00:00,2.0
EIA_66523,2026-05-29 17:00:00,5.0
EIA_66647,2026-05-29 17:00:00,100.0
EIA_66649,2026-05-29 17:00:00,97.42811
EIA_66654,2026-05-29 17:00:00,2.0
EIA_66656,2026-05-29 17:00:00,2.0
EIA_66670,2026-05-29 17:00:00,150.0
EIA_66681,2026-05-29 17:00:00,36.22858
EIA_66688,2026-05-29 17:00:00,294.29684
EIA_66739,2026-05-29 17:00:00,1.5
EIA_66740,2026-05-29 17:00:00,1.5
EIA_66756,2026-05-29 17:00:00,40.8
EIA_66760,2026-05-29 17:00:00,3.0
EIA_66774,2026-05-29 17:00:00,408.9
EIA_66775,2026-05-29 17:00:00,185.94196
EIA_66827,2026-05-29 17:00:00,0.4723844
EIA_66840,2026-05-29 17:00:00,51.1
EIA_66842,2026-05-29 17:00:00,64.0
EIA_66844,2026-05-29 17:00:00,150.0
EIA_66860,2026-05-29 17:00:00,100.0
EIA_66872,2026-05-29 17:00:00,160.90956
EIA_66886,2026-05-29 17:00:00,2.4
EIA_66890,2026-05-29 17:00:00,60.0
EIA_66892,2026-05-29 17:00:00,4.4
EIA_66897,2026-05-29 17:00:00,97.5
EIA_66899,2026-05-29 17:00:00,5.8
EIA_66903,2026-05-29 17:00:00,310.0
EIA_66951,2026-05-29 17:00:00,129.60333
EIA_66983,2026-05-29 17:00:00,13.5
EIA_67007,2026-05-29 17:00:00,20.0
EIA_67022,2026-05-29 17:00:00,175.0
EIA_67033,2026-05-29 17:00:00,1.6774377
EIA_67038,2026-05-29 17:00:00,96.91857
EIA_67046,2026-05-29 17:00:00,210.0
EIA_67075,2026-05-29 17:00:00,156.7763
EIA_67076,2026-05-29 17:00:00,105.30685
EIA_67080,2026-05-29 17:00:00,2.7274864
EIA_67086,2026-05-29 17:00:00,1.8
EIA_67124,2026-05-29 17:00:00,1.370568
EIA_67125,2026-05-29 17:00:00,2.267702
EIA_67126,2026-05-29 17:00:00,4.3
EIA_67129,2026-05-29 17:00:00,100.0
EIA_67133,2026-05-29 17:00:00,4.8
EIA_67135,2026-05-29 17:00:00,2.3227835
EIA_67158,2026-05-29 17:00:00,1.1280509
EIA_67169,2026-05-29 17:00:00,0.27598122
EIA_67174,2026-05-29 17:00:00,9.00348
EIA_67177,2026-05-29 17:00:00,99.80948
EIA_67201,2026-05-29 17:00:00,9.8
EIA_67204,2026-05-29 17:00:00,100.0
EIA_67216,2026-05-29 17:00:00,18.8
EIA_67217,2026-05-29 17:00:00,20.0
EIA_67218,2026-05-29 17:00:00,20.0
EIA_67219,2026-05-29 17:00:00,20.0
EIA_67234,2026-05-29 17:00:00,0.7
EIA_67254,2026-05-29 17:00:00,1.6755195
EIA_67255,2026-05-29 17:00:00,2.0
EIA_67256,2026-05-29 17:00:00,2.0
EIA_67277,2026-05-29 17:00:00,0.25698194
EIA_67288,2026-05-29 17:00:00,0.4806112
EIA_67322,2026-05-29 17:00:00,11.2
EIA_67374,2026-05-29 17:00:00,5.0
EIA_67391,2026-05-29 17:00:00,4.0
EIA_67412,2026-05-29 17:00:00,1.1974555
EIA_67421,2026-05-29 17:00:00,84.4
EIA_67437,2026-05-29 17:00:00,2.3585353
EIA_67447,2026-05-29 17:00:00,2.3834858
EIA_67469,2026-05-29 17:00:00,1.080302
EIA_67474,2026-05-29 17:00:00,300.0
EIA_67490,2026-05-29 17:00:00,5.6
EIA_67497,2026-05-29 17:00:00,100.0
EIA_67503,2026-05-29 17:00:00,170.0
EIA_67511,2026-05-29 17:00:00,200.0
EIA_67528,2026-05-29 17:00:00,104.92715
EIA_67532,2026-05-29 17:00:00,5.0
EIA_67539,2026-05-29 17:00:00,1.6
EIA_67540,2026-05-29 17:00:00,2.3
EIA_67546,2026-05-29 17:00:00,1.0
EIA_67554,2026-05-29 17:00:00,2.0
EIA_67583,2026-05-29 17:00:00,1.3
EIA_67584,2026-05-29 17:00:00,0.9470707
EIA_67597,2026-05-29 17:00:00,11.8
EIA_67600,2026-05-29 17:00:00,0.8118609
EIA_67623,2026-05-29 17:00:00,2.0
EIA_67624,2026-05-29 17:00:00,2.0
EIA_67628,2026-05-29 17:00:00,2.0
EIA_67644,2026-05-29 17:00:00,5.0
EIA_67675,2026-05-29 17:00:00,65.0
EIA_67678,2026-05-29 17:00:00,140.0
EIA_67684,2026-05-29 17:00:00,1.6573546
EIA_67686,2026-05-29 17:00:00,4.9
EIA_67687,2026-05-29 17:00:00,2.0
EIA_67688,2026-05-29 17:00:00,1.6172495
EIA_67703,2026-05-29 17:00:00,5.0
EIA_67704,2026-05-29 17:00:00,1.4
EIA_67705,2026-05-29 17:00:00,2.3
EIA_67713,2026-05-29 17:00:00,4.0
EIA_67714,2026-05-29 17:00:00,1.5
EIA_67715,2026-05-29 17:00:00,2.0
EIA_67716,2026-05-29 17:00:00,1.9
EIA_67717,2026-05-29 17:00:00,2.0
EIA_67718,2026-05-29 17:00:00,1.9
EIA_67719,2026-05-29 17:00:00,2.0
EIA_67727,2026-05-29 17:00:00,6.0
EIA_67728,2026-05-29 17:00:00,5.0
EIA_67735,2026-05-29 17:00:00,245.86702
EIA_67751,2026-05-29 17:00:00,2.0
EIA_67762,2026-05-29 17:00:00,255.9
EIA_67765,2026-05-29 17:00:00,144.41226
EIA_67793,2026-05-29 17:00:00,1.7
EIA_67797,2026-05-29 17:00:00,147.95474
EIA_67804,2026-05-29 17:00:00,2.0
EIA_67822,2026-05-29 17:00:00,2.0
EIA_67823,2026-05-29 17:00:00,235.0
EIA_67834,2026-05-29 17:00:00,48.0
EIA_67850,2026-05-29 17:00:00,42.0
EIA_67859,2026-05-29 17:00:00,0.64081496
EIA_67864,2026-05-29 17:00:00,2.350931
EIA_67867,2026-05-29 17:00:00,67.2
EIA_67872,2026-05-29 17:00:00,150.0
EIA_67873,2026-05-29 17:00:00,60.0
EIA_67900,2026-05-29 17:00:00,3.1176581
EIA_67901,2026-05-29 17:00:00,1.1691219
EIA_67930,2026-05-29 17:00:00,200.0
EIA_67943,2026-05-29 17:00:00,3.0
EIA_67957,2026-05-29 17:00:00,32.27432
EIA_67964,2026-05-29 17:00:00,150.0
EIA_67965,2026-05-29 17:00:00,1.3
EIA_67969,2026-05-29 17:00:00,22.0
EIA_67979,2026-05-29 17:00:00,5.0
EIA_67997,2026-05-29 17:00:00,28.9
EIA_68008,2026-05-29 17:00:00,5.0
EIA_68010,2026-05-29 17:00:00,5.0
EIA_68023,2026-05-29 17:00:00,12.0
EIA_68025,2026-05-29 17:00:00,3.0
EIA_68026,2026-05-29 17:00:00,4.8
EIA_68037,2026-05-29 17:00:00,4.663355
EIA_68060,2026-05-29 17:00:00,74.97615
EIA_68077,2026-05-29 17:00:00,20.0
EIA_68088,2026-05-29 17:00:00,107.891495
EIA_68096,2026-05-29 17:00:00,2.4434614
EIA_68102,2026-05-29 17:00:00,1.5176635
EIA_68106,2026-05-29 17:00:00,100.0
EIA_68107,2026-05-29 17:00:00,1.6678239
EIA_68108,2026-05-29 17:00:00,6.6463833
EIA_68109,2026-05-29 17:00:00,1.3
EIA_68113,2026-05-29 17:00:00,0.57752687
EIA_68114,2026-05-29 17:00:00,0.025552139
EIA_68157,2026-05-29 17:00:00,0.86657214
EIA_68163,2026-05-29 17:00:00,5.0
EIA_68188,2026-05-29 17:00:00,5.0
EIA_68190,2026-05-29 17:00:00,5.0
EIA_68200,2026-05-29 17:00:00,387.09332
EIA_68223,2026-05-29 17:00:00,40.8
EIA_68235,2026-05-29 17:00:00,1.1
EIA_68259,2026-05-29 17:00:00,1.6167669
EIA_68276,2026-05-29 17:00:00,73.37122
EIA_68279,2026-05-29 17:00:00,1.1
EIA_68281,2026-05-29 17:00:00,300.0
EIA_68286,2026-05-29 17:00:00,4.144482
EIA_68327,2026-05-29 17:00:00,2.0
EIA_68372,2026-05-29 17:00:00,43.56773
EIA_68398,2026-05-29 17:00:00,5.0
EIA_68418,2026-05-29 17:00:00,120.0
EIA_68427,2026-05-29 17:00:00,10.908739
EIA_68431,2026-05-29 17:00:00,240.0
EIA_68436,2026-05-29 17:00:00,2.9
EIA_68442,2026-05-29 17:00:00,2.6161993
EIA_68458,2026-05-29 17:00:00,228.21011
EIA_68470,2026-05-29 17:00:00,180.0
EIA_68472,2026-05-29 17:00:00,74.9
EIA_68482,2026-05-29 17:00:00,49.9
EIA_68483,2026-05-29 17:00:00,225.0
EIA_68488,2026-05-29 17:00:00,80.0
EIA_68489,2026-05-29 17:00:00,2.0
EIA_68516,2026-05-29 17:00:00,5.8888087
EIA_68523,2026-05-29 17:00:00,0.29980168
EIA_68524,2026-05-29 17:00:00,0.29980978
EIA_68525,2026-05-29 17:00:00,0.29981136
EIA_68530,2026-05-29 17:00:00,2.0
EIA_68534,2026-05-29 17:00:00,150.0
EIA_68536,2026-05-29 17:00:00,152.67294
EIA_68537,2026-05-29 17:00:00,136.71619
EIA_68538,2026-05-29 17:00:00,2.3
EIA_68540,2026-05-29 17:00:00,1.3
EIA_68544,2026-05-29 17:00:00,2.0
EIA_68550,2026-05-29 17:00:00,0.12960948
EIA_68551,2026-05-29 17:00:00,74.5
EIA_68587,2026-05-29 17:00:00,89.49903
EIA_68588,2026-05-29 17:00:00,89.49903
EIA_68595,2026-05-29 17:00:00,67.76666
EIA_68615,2026-05-29 17:00:00,2.4
EIA_68670,2026-05-29 17:00:00,53.28423
EIA_68674,2026-05-29 17:00:00,4.0
EIA_68682,2026-05-29 17:00:00,3.0
EIA_68706,2026-05-29 17:00:00,4.606001
EIA_68708,2026-05-29 17:00:00,1.5020434
EIA_68729,2026-05-29 17:00:00,1.2632751
EIA_68754,2026-05-29 17:00:00,4.3
EIA_68756,2026-05-29 17:00:00,5.0
EIA_68757,2026-05-29 17:00:00,3.5
EIA_68776,2026-05-29 17:00:00,237.1
EIA_68791,2026-05-29 17:00:00,1.1
EIA_68794,2026-05-29 17:00:00,1.3409294
EIA_68795,2026-05-29 17:00:00,1.7
EIA_68796,2026-05-29 17:00:00,0.5367855
EIA_68803,2026-05-29 17:00:00,1.5
EIA_68817,2026-05-29 17:00:00,69.73311
EIA_68820,2026-05-29 17:00:00,74.33922
EIA_68822,2026-05-29 17:00:00,74.5
EIA_68823,2026-05-29 17:00:00,74.5
EIA_68838,2026-05-29 17:00:00,515.0
EIA_68846,2026-05-29 17:00:00,148.0
EIA_68856,2026-05-29 17:00:00,89.79801
EIA_68880,2026-05-29 17:00:00,150.0
EIA_68885,2026-05-29 17:00:00,3.0
EIA_68886,2026-05-29 17:00:00,3.0
EIA_68892,2026-05-29 17:00:00,1.4
EIA_68894,2026-05-29 17:00:00,150.0
EIA_68906,2026-05-29 17:00:00,300.0
EIA_68919,2026-05-29 17:00:00,2.0
EIA_68921,2026-05-29 17:00:00,2.0
EIA_68927,2026-05-29 17:00:00,24.086235
EIA_68928,2026-05-29 17:00:00,10.8
EIA_68941,2026-05-29 17:00:00,1.5
EIA_68943,2026-05-29 17:00:00,4.553277
EIA_68944,2026-05-29 17:00:00,5.0
EIA_68945,2026-05-29 17:00:00,2.5
EIA_68957,2026-05-29 17:00:00,4.7718287
EIA_68960,2026-05-29 17:00:00,2.0
EIA_68964,2026-05-29 17:00:00,3.8744314
EIA_68966,2026-05-29 17:00:00,3.0
EIA_68971,2026-05-29 17:00:00,5.0
EIA_68991,2026-05-29 17:00:00,5.0
EIA_68998,2026-05-29 17:00:00,120.0
EIA_69002,2026-05-29 17:00:00,4.6999483
EIA_69009,2026-05-29 17:00:00,0.24417625
EIA_69014,2026-05-29 17:00:00,5.0
EIA_69015,2026-05-29 17:00:00,5.0
EIA_69016,2026-05-29 17:00:00,4.5
EIA_69017,2026-05-29 17:00:00,3.7
EIA_69018,2026-05-29 17:00:00,0.75454193
EIA_69027,2026-05-29 17:00:00,72.34521
EIA_69031,2026-05-29 17:00:00,2.0
EIA_69032,2026-05-29 17:00:00,3.6
EIA_69033,2026-05-29 17:00:00,4.9
EIA_69039,2026-05-29 17:00:00,0.7720936
EIA_69042,2026-05-29 17:00:00,7.5483203
EIA_69043,2026-05-29 17:00:00,2.5579875
EIA_69046,2026-05-29 17:00:00,2.0
EIA_69048,2026-05-29 17:00:00,0.89788085
EIA_69051,2026-05-29 17:00:00,3.0
EIA_69061,2026-05-29 17:00:00,5.0
EIA_69062,2026-05-29 17:00:00,5.0
EIA_69063,2026-05-29 17:00:00,200.0
EIA_69066,2026-05-29 17:00:00,5.0
EIA_69068,2026-05-29 17:00:00,2.5188453
EIA_69070,2026-05-29 17:00:00,5.0
EIA_69078,2026-05-29 17:00:00,5.0
EIA_69086,2026-05-29 17:00:00,4.183178
EIA_69095,2026-05-29 17:00:00,5.0
EIA_69096,2026-05-29 17:00:00,5.0
EIA_69100,2026-05-29 17:00:00,325.0
EIA_69101,2026-05-29 17:00:00,200.0
EIA_69103,2026-05-29 17:00:00,5.0
EIA_69104,2026-05-29 17:00:00,5.0
EIA_69106,2026-05-29 17:00:00,1.9875048
EIA_69107,2026-05-29 17:00:00,2.0131595
EIA_69109,2026-05-29 17:00:00,1.4
EIA_69112,2026-05-29 17:00:00,1.3
EIA_69113,2026-05-29 17:00:00,2.7
EIA_69114,2026-05-29 17:00:00,3.2249908
EIA_69115,2026-05-29 17:00:00,1.0
EIA_69116,2026-05-29 17:00:00,2.5
EIA_69117,2026-05-29 17:00:00,1.0
EIA_69118,2026-05-29 17:00:00,1.1
EIA_69123,2026-05-29 17:00:00,3.0355477
EIA_69124,2026-05-29 17:00:00,0.95804244
EIA_69125,2026-05-29 17:00:00,0.96317244
EIA_69126,2026-05-29 17:00:00,0.87505406
EIA_69127,2026-05-29 17:00:00,1.0
EIA_69129,2026-05-29 17:00:00,1.2729579
EIA_69130,2026-05-29 17:00:00,4.0
EIA_69131,2026-05-29 17:00:00,1.8511716
EIA_69132,2026-05-29 17:00:00,1.581058
EIA_69133,2026-05-29 17:00:00,4.161853
EIA_69134,2026-05-29 17:00:00,1.9576194
EIA_69135,2026-05-29 17:00:00,1.0
EIA_69137,2026-05-29 17:00:00,3.986148
EIA_69140,2026-05-29 17:00:00,1.3
EIA_69141,2026-05-29 17:00:00,4.0
EIA_69142,2026-05-29 17:00:00,1.0
EIA_69143,2026-05-29 17:00:00,91.156654
EIA_69145,2026-05-29 17:00:00,0.007540134
EIA_69153,2026-05-29 17:00:00,3.1937692
EIA_69154,2026-05-29 17:00:00,3.002143
EIA_69161,2026-05-29 17:00:00,1.7254349
EIA_69163,2026-05-29 17:00:00,2.0
EIA_69164,2026-05-29 17:00:00,46.838722
EIA_69166,2026-05-29 17:00:00,8.710452
EIA_69172,2026-05-29 17:00:00,80.0
EIA_69179,2026-05-29 17:00:00,5.0
EIA_69183,2026-05-29 17:00:00,2.0
EIA_69187,2026-05-29 17:00:00,19.8
EIA_69188,2026-05-29 17:00:00,2.9
EIA_69190,2026-05-29 17:00:00,1.6
EIA_69192,2026-05-29 17:00:00,7.6164947
EIA_69193,2026-05-29 17:00:00,2.5
EIA_69201,2026-05-29 17:00:00,2.0
EIA_69210,2026-05-29 17:00:00,0.33273235
EIA_69212,2026-05-29 17:00:00,5.0
EIA_69213,2026-05-29 17:00:00,5.0
EIA_69214,2026-05-29 17:00:00,5.0
EIA_69216,2026-05-29 17:00:00,5.0
EIA_69219,2026-05-29 17:00:00,3.0
EIA_69221,2026-05-29 17:00:00,1.2
EIA_69227,2026-05-29 17:00:00,3.703785
EIA_69228,2026-05-29 17:00:00,3.8227844
EIA_69230,2026-05-29 17:00:00,5.0
EIA_69233,2026-05-29 17:00:00,0.8236122
EIA_69235,2026-05-29 17:00:00,20.0
EIA_69236,2026-05-29 17:00:00,38.02777
EIA_69240,2026-05-29 17:00:00,5.0
EIA_69241,2026-05-29 17:00:00,4.5
EIA_69243,2026-05-29 17:00:00,2.5590448
EIA_69247,2026-05-29 17:00:00,1.3
EIA_69248,2026-05-29 17:00:00,1.0
EIA_69261,2026-05-29 17:00:00,10.0
EIA_69263,2026-05-29 17:00:00,10.0
EIA_69264,2026-05-29 17:00:00,2.4734926
EIA_69265,2026-05-29 17:00:00,6.029894
EIA_69273,2026-05-29 17:00:00,1.7649468
EIA_69280,2026-05-29 17:00:00,0.66607296
EIA_69281,2026-05-29 17:00:00,0.6660737
EIA_69284,2026-05-29 17:00:00,2.8031163
EIA_69285,2026-05-29 17:00:00,2.7908738
EIA_69287,2026-05-29 17:00:00,9.9
EIA_69288,2026-05-29 17:00:00,1.6
EIA_69289,2026-05-29 17:00:00,9.9
EIA_69303,2026-05-29 17:00:00,0.94378763
EIA_69304,2026-05-29 17:00:00,1.0
EIA_69306,2026-05-29 17:00:00,8.8
EIA_69307,2026-05-29 17:00:00,1.0
EIA_69314,2026-05-29 17:00:00,2.0
EIA_69315,2026-05-29 17:00:00,5.0
EIA_69316,2026-05-29 17:00:00,5.0
EIA_69317,2026-05-29 17:00:00,5.0
EIA_69319,2026-05-29 17:00:00,178.37904
EIA_69320,2026-05-29 17:00:00,480.0
EIA_69321,2026-05-29 17:00:00,132.89238
EIA_69325,2026-05-29 17:00:00,2.0
EIA_69326,2026-05-29 17:00:00,2.0
EIA_69328,2026-05-29 17:00:00,4.1
EIA_69330,2026-05-29 17:00:00,5.0
EIA_69354,2026-05-29 17:00:00,74.62414
EIA_69355,2026-05-29 17:00:00,62.287613
EIA_69368,2026-05-29 17:00:00,4.5
EIA_69370,2026-05-29 17:00:00,1.8
EIA_69374,2026-05-29 17:00:00,1.5
EIA_69378,2026-05-29 17:00:00,1.5
EIA_69379,2026-05-29 17:00:00,1.6221037
EIA_69380,2026-05-29 17:00:00,1.4274563
EIA_69381,2026-05-29 17:00:00,1.6
EIA_69382,2026-05-29 17:00:00,1.4
EIA_69386,2026-05-29 17:00:00,4.5040684
EIA_69387,2026-05-29 17:00:00,5.0
EIA_69388,2026-05-29 17:00:00,100.0
EIA_69389,2026-05-29 17:00:00,5.0
EIA_69390,2026-05-29 17:00:00,5.0
EIA_69391,2026-05-29 17:00:00,4.9
EIA_69395,2026-05-29 17:00:00,1.165513
EIA_69396,2026-05-29 17:00:00,2.4
EIA_69397,2026-05-29 17:00:00,2.0
EIA_69398,2026-05-29 17:00:00,3.2
EIA_69399,2026-05-29 17:00:00,1.7736086
EIA_69400,2026-05-29 17:00:00,5.0
EIA_69401,2026-05-29 17:00:00,5.0
EIA_69402,2026-05-29 17:00:00,5.0
EIA_69405,2026-05-29 17:00:00,3.284115
EIA_69406,2026-05-29 17:00:00,3.2841158
EIA_69408,2026-05-29 17:00:00,0.22957137
EIA_69409,2026-05-29 17:00:00,5.0
EIA_69410,2026-05-29 17:00:00,5.0
EIA_69412,2026-05-29 17:00:00,3.0
EIA_69414,2026-05-29 17:00:00,270.0
EIA_69419,2026-05-29 17:00:00,5.0
EIA_69420,2026-05-29 17:00:00,0.95733815
EIA_69421,2026-05-29 17:00:00,4.485139
EIA_69425,2026-05-29 17:00:00,1.9704691
EIA_69428,2026-05-29 17:00:00,250.0
EIA_69430,2026-05-29 17:00:00,6.0
EIA_69431,2026-05-29 17:00:00,5.0
EIA_69432,2026-05-29 17:00:00,6.0
EIA_69433,2026-05-29 17:00:00,6.0
EIA_69434,2026-05-29 17:00:00,2.0
EIA_69439,2026-05-29 17:00:00,5.0
EIA_69440,2026-05-29 17:00:00,5.0
EIA_69441,2026-05-29 17:00:00,2.6
EIA_69442,2026-05-29 17:00:00,5.0
EIA_69443,2026-05-29 17:00:00,2.3
EIA_69447,2026-05-29 17:00:00,1.9456888
EIA_69448,2026-05-29 17:00:00,4.0
EIA_69476,2026-05-29 17:00:00,100.0
EIA_69483,2026-05-29 17:00:00,2.5498304
EIA_69484,2026-05-29 17:00:00,3.0
EIA_69485,2026-05-29 17:00:00,2.5
EIA_69486,2026-05-29 17:00:00,2.5
EIA_69487,2026-05-29 17:00:00,2.5
EIA_69488,2026-05-29 17:00:00,2.5
EIA_69489,2026-05-29 17:00:00,3.0
EIA_69490,2026-05-29 17:00:00,2.5
EIA_69491,2026-05-29 17:00:00,2.5
EIA_69492,2026-05-29 17:00:00,2.5
EIA_69493,2026-05-29 17:00:00,2.5
EIA_69494,2026-05-29 17:00:00,2.5
EIA_69495,2026-05-29 17:00:00,2.5
EIA_69498,2026-05-29 17:00:00,8.8
EIA_69499,2026-05-29 17:00:00,7.6445575
EIA_69500,2026-05-29 17:00:00,3.8
EIA_69501,2026-05-29 17:00:00,6.0
EIA_69502,2026-05-29 17:00:00,4.0
EIA_69503,2026-05-29 17:00:00,6.0
EIA_69505,2026-05-29 17:00:00,14.8
EIA_69518,2026-05-29 17:00:00,2.0
EIA_69519,2026-05-29 17:00:00,3.0
EIA_69525,2026-05-29 17:00:00,4.3
EIA_69526,2026-05-29 17:00:00,5.0
EIA_69527,2026-05-29 17:00:00,5.0
EIA_69528,2026-05-29 17:00:00,3.0
EIA_69529,2026-05-29 17:00:00,4.3091545
EIA_69530,2026-05-29 17:00:00,5.0
EIA_69531,2026-05-29 17:00:00,2.1478257
EIA_69532,2026-05-29 17:00:00,2.4892995
EIA_69536,2026-05-29 17:00:00,5.0290775
EIA_69538,2026-05-29 17:00:00,37.05221
EIA_69542,2026-05-29 17:00:00,5.0
EIA_69543,2026-05-29 17:00:00,3.3
EIA_69544,2026-05-29 17:00:00,2.5
EIA_69545,2026-05-29 17:00:00,0.8814683
EIA_69546,2026-05-29 17:00:00,2.8523822
EIA_69550,2026-05-29 17:00:00,117.0
EIA_69557,2026-05-29 17:00:00,4.987586
EIA_69561,2026-05-29 17:00:00,4.0
EIA_69563,2026-05-29 17:00:00,1.3783731
EIA_69564,2026-05-29 17:00:00,1.9
EIA_69565,2026-05-29 17:00:00,4.9
EIA_69567,2026-05-29 17:00:00,3.0
EIA_69568,2026-05-29 17:00:00,0.87924135
EIA_69569,2026-05-29 17:00:00,2.2240965
EIA_69570,2026-05-29 17:00:00,12.0
EIA_69571,2026-05-29 17:00:00,3.1372466
EIA_69572,2026-05-29 17:00:00,5.0
EIA_69573,2026-05-29 17:00:00,5.0
EIA_69580,2026-05-29 17:00:00,1.1
EIA_69581,2026-05-29 17:00:00,1.3154556
EIA_69587,2026-05-29 17:00:00,1.4
EIA_69596,2026-05-29 17:00:00,4.0
EIA_69597,2026-05-29 17:00:00,5.0
EIA_69598,2026-05-29 17:00:00,1.8784432
EIA_69599,2026-05-29 17:00:00,1.7987311
EIA_69600,2026-05-29 17:00:00,5.0
EIA_69601,2026-05-29 17:00:00,2.0
EIA_69604,2026-05-29 17:00:00,19.9
EIA_69612,2026-05-29 17:00:00,5.0
EIA_69613,2026-05-29 17:00:00,5.0
EIA_69615,2026-05-29 17:00:00,5.0
EIA_69617,2026-05-29 17:00:00,2.8
EIA_69618,2026-05-29 17:00:00,3.9360456
EIA_69621,2026-05-29 17:00:00,3.7868252
EIA_69622,2026-05-29 17:00:00,1.6508745
EIA_69623,2026-05-29 17:00:00,2.0
EIA_69624,2026-05-29 17:00:00,5.0
EIA_69630,2026-05-29 17:00:00,1.0
EIA_69645,2026-05-29 17:00:00,1.0
EIA_69646,2026-05-29 17:00:00,1.0
EIA_69651,2026-05-29 17:00:00,2.0
EIA_69652,2026-05-29 17:00:00,2.0
EIA_69653,2026-05-29 17:00:00,2.0
EIA_69655,2026-05-29 17:00:00,5.0
EIA_69656,2026-05-29 17:00:00,2.3
EIA_69675,2026-05-29 17:00:00,273.6
EIA_69676,2026-05-29 17:00:00,99.29628
EIA_69680,2026-05-29 17:00:00,113.1
EIA_69682,2026-05-29 17:00:00,0.54516387
EIA_69683,2026-05-29 17:00:00,1.3
EIA_69686,2026-05-29 17:00:00,6.3172746
EIA_69692,2026-05-29 17:00:00,5.0
EIA_69693,2026-05-29 17:00:00,0.9049242
EIA_69696,2026-05-29 17:00:00,2.2
EIA_69700,2026-05-29 17:00:00,4.3228893
EIA_69703,2026-05-29 17:00:00,3.3
EIA_69705,2026-05-29 17:00:00,0.8218468
EIA_69707,2026-05-29 17:00:00,0.1543406
EIA_69709,2026-05-29 17:00:00,1.0
EIA_69712,2026-05-29 17:00:00,0.48243132
EIA_69714,2026-05-29 17:00:00,3.6
EIA_69715,2026-05-29 17:00:00,1.0
EIA_69716,2026-05-29 17:00:00,4.0
EIA_69717,2026-05-29 17:00:00,5.0
EIA_69718,2026-05-29 17:00:00,4.8
EIA_69719,2026-05-29 17:00:00,2.8
EIA_69729,2026-05-29 17:00:00,2.806307
EIA_69730,2026-05-29 17:00:00,0.927454
EIA_69731,2026-05-29 17:00:00,1.3
EIA_69732,2026-05-29 17:00:00,2.0071414
EIA_69733,2026-05-29 17:00:00,1.8064362
EIA_69734,2026-05-29 17:00:00,0.8113075
EIA_69735,2026-05-29 17:00:00,5.0
EIA_69736,2026-05-29 17:00:00,1.2
EIA_69737,2026-05-29 17:00:00,2.5
EIA_69739,2026-05-29 17:00:00,4.8
EIA_69740,2026-05-29 17:00:00,7.2
EIA_69744,2026-05-29 17:00:00,4.3514433
EIA_69746,2026-05-29 17:00:00,2.0
EIA_69748,2026-05-29 17:00:00,525.0
EIA_69754,2026-05-29 17:00:00,2.5
EIA_69757,2026-05-29 17:00:00,2.6
EIA_69758,2026-05-29 17:00:00,2.0
EIA_69759,2026-05-29 17:00:00,1.4
EIA_69774,2026-05-29 17:00:00,2.4
EIA_69800,2026-05-29 17:00:00,5.0
EIA_69801,2026-05-29 17:00:00,1.511718
EIA_69802,2026-05-29 17:00:00,2.412448
EIA_69822,2026-05-29 17:00:00,1.0
EIA_69824,2026-05-29 17:00:00,1.2370274
EIA_69856,2026-05-29 17:00:00,3.0
EIA_69863,2026-05-29 17:00:00,3.7
EIA_69875,2026-05-29 17:00:00,117.0
EIA_141,2026-05-29 18:00:00,0.2
EIA_960,2026-05-29 18:00:00,0.3
EIA_1172,2026-05-29 18:00:00,0.8
EIA_1187,2026-05-29 18:00:00,0.76423204
EIA_10224,2026-05-29 18:00:00,0.5
EIA_10823,2026-05-29 18:00:00,0.03549424
EIA_50026,2026-05-29 18:00:00,18.0393
EIA_50061,2026-05-29 18:00:00,0.31906378
EIA_56322,2026-05-29 18:00:00,0.4014557
EIA_57775,2026-05-29 18:00:00,0.5
EIA_57785,2026-05-29 18:00:00,4.0625544
EIA_57806,2026-05-29 18:00:00,0.24910039
EIA_58173,2026-05-29 18:00:00,0.1
EIA_58413,2026-05-29 18:00:00,54.4
EIA_58422,2026-05-29 18:00:00,1.3
EIA_58556,2026-05-29 18:00:00,10.1
EIA_58689,2026-05-29 18:00:00,1.3
EIA_58899,2026-05-29 18:00:00,0.5
EIA_59133,2026-05-29 18:00:00,1.0
EIA_59272,2026-05-29 18:00:00,1.5
EIA_59776,2026-05-29 18:00:00,0.2
EIA_59786,2026-05-29 18:00:00,0.61675316
EIA_59988,2026-05-29 18:00:00,1.1
EIA_60452,2026-05-29 18:00:00,3.0
EIA_61703,2026-05-29 18:00:00,0.08712286
EIA_61796,2026-05-29 18:00:00,20.0
EIA_61820,2026-05-29 18:00:00,0.6606369
EIA_61822,2026-05-29 18:00:00,0.2
EIA_61852,2026-05-29 18:00:00,300.0
EIA_61910,2026-05-29 18:00:00,7.0
EIA_61967,2026-05-29 18:00:00,125.0
EIA_61990,2026-05-29 18:00:00,0.1
EIA_62027,2026-05-29 18:00:00,0.7
EIA_62186,2026-05-29 18:00:00,2.0
EIA_62344,2026-05-29 18:00:00,2.0
EIA_62397,2026-05-29 18:00:00,2.0
EIA_62442,2026-05-29 18:00:00,0.32024506
EIA_62494,2026-05-29 18:00:00,250.0
EIA_62545,2026-05-29 18:00:00,1.4890548
EIA_62737,2026-05-29 18:00:00,5.0
EIA_62797,2026-05-29 18:00:00,100.0
EIA_63122,2026-05-29 18:00:00,1.0
EIA_63194,2026-05-29 18:00:00,287.42633
EIA_63211,2026-05-29 18:00:00,226.85976
EIA_63221,2026-05-29 18:00:00,0.658244
EIA_63507,2026-05-29 18:00:00,46.610207
EIA_63518,2026-05-29 18:00:00,57.51519
EIA_63542,2026-05-29 18:00:00,0.81134087
EIA_63882,2026-05-29 18:00:00,200.0
EIA_63884,2026-05-29 18:00:00,310.0
EIA_63946,2026-05-29 18:00:00,2.0
EIA_64117,2026-05-29 18:00:00,4.9
EIA_64132,2026-05-29 18:00:00,175.38094
EIA_64210,2026-05-29 18:00:00,500.0
EIA_64222,2026-05-29 18:00:00,0.45275766
EIA_64223,2026-05-29 18:00:00,0.49540666
EIA_64430,2026-05-29 18:00:00,140.0
EIA_64442,2026-05-29 18:00:00,0.5
EIA_64446,2026-05-29 18:00:00,0.075134516
EIA_64509,2026-05-29 18:00:00,0.5
EIA_64512,2026-05-29 18:00:00,0.5
EIA_64513,2026-05-29 18:00:00,0.5
EIA_64536,2026-05-29 18:00:00,135.0
EIA_64564,2026-05-29 18:00:00,131.0
EIA_64567,2026-05-29 18:00:00,20.0
EIA_64729,2026-05-29 18:00:00,0.69064546
EIA_64745,2026-05-29 18:00:00,150.0
EIA_64858,2026-05-29 18:00:00,110.0
EIA_65006,2026-05-29 18:00:00,1.0
EIA_65024,2026-05-29 18:00:00,0.71596164
EIA_65072,2026-05-29 18:00:00,0.2170263
EIA_65139,2026-05-29 18:00:00,2.6690843
EIA_65149,2026-05-29 18:00:00,3.4500756
EIA_65279,2026-05-29 18:00:00,1.5168983
EIA_65401,2026-05-29 18:00:00,51.8
EIA_65405,2026-05-29 18:00:00,45.0
EIA_65442,2026-05-29 18:00:00,0.56199396
EIA_65443,2026-05-29 18:00:00,1.0
EIA_65445,2026-05-29 18:00:00,140.11972
EIA_65463,2026-05-29 18:00:00,442.36728
EIA_65468,2026-05-29 18:00:00,0.5
EIA_65480,2026-05-29 18:00:00,145.0
EIA_65507,2026-05-29 18:00:00,2.0180755
EIA_65508,2026-05-29 18:00:00,2.0
EIA_65515,2026-05-29 18:00:00,1.0
EIA_65516,2026-05-29 18:00:00,1.0
EIA_65527,2026-05-29 18:00:00,2.5
EIA_65572,2026-05-29 18:00:00,250.0
EIA_65616,2026-05-29 18:00:00,1.2554681
EIA_65644,2026-05-29 18:00:00,228.08315
EIA_65659,2026-05-29 18:00:00,1.0
EIA_65827,2026-05-29 18:00:00,4.5130434
EIA_65849,2026-05-29 18:00:00,178.86536
EIA_65885,2026-05-29 18:00:00,72.13729
EIA_65887,2026-05-29 18:00:00,66.59849
EIA_65888,2026-05-29 18:00:00,74.5
EIA_65891,2026-05-29 18:00:00,125.9059
EIA_65894,2026-05-29 18:00:00,210.0
EIA_65905,2026-05-29 18:00:00,72.27978
EIA_65911,2026-05-29 18:00:00,70.947876
EIA_65913,2026-05-29 18:00:00,73.369064
EIA_65940,2026-05-29 18:00:00,0.34773964
EIA_66027,2026-05-29 18:00:00,18.51923
EIA_66107,2026-05-29 18:00:00,20.0
EIA_66256,2026-05-29 18:00:00,0.88985485
EIA_66352,2026-05-29 18:00:00,5.0
EIA_66356,2026-05-29 18:00:00,5.0
EIA_66432,2026-05-29 18:00:00,2.0
EIA_66433,2026-05-29 18:00:00,0.90588987
EIA_66435,2026-05-29 18:00:00,0.56199133
EIA_66449,2026-05-29 18:00:00,1.0662789
EIA_66495,2026-05-29 18:00:00,3.9303606
EIA_66520,2026-05-29 18:00:00,2.0
EIA_66523,2026-05-29 18:00:00,4.1644177
EIA_66647,2026-05-29 18:00:00,100.0
EIA_66649,2026-05-29 18:00:00,70.10695
EIA_66654,2026-05-29 18:00:00,2.0
EIA_66656,2026-05-29 18:00:00,2.0
EIA_66670,2026-05-29 18:00:00,150.0
EIA_66681,2026-05-29 18:00:00,12.436212
EIA_66688,2026-05-29 18:00:00,288.00323
EIA_66739,2026-05-29 18:00:00,1.5
EIA_66740,2026-05-29 18:00:00,1.5
EIA_66756,2026-05-29 18:00:00,40.8
EIA_66760,2026-05-29 18:00:00,3.0
EIA_66774,2026-05-29 18:00:00,408.9
EIA_66775,2026-05-29 18:00:00,200.0
EIA_66827,2026-05-29 18:00:00,0.38315067
EIA_66840,2026-05-29 18:00:00,51.1
EIA_66842,2026-05-29 18:00:00,64.0
EIA_66844,2026-05-29 18:00:00,150.0
EIA_66860,2026-05-29 18:00:00,100.0
EIA_66872,2026-05-29 18:00:00,192.39809
EIA_66886,2026-05-29 18:00:00,2.4
EIA_66890,2026-05-29 18:00:00,60.0
EIA_66892,2026-05-29 18:00:00,4.4
EIA_66897,2026-05-29 18:00:00,97.5
EIA_66899,2026-05-29 18:00:00,5.8
EIA_66903,2026-05-29 18:00:00,310.0
EIA_66951,2026-05-29 18:00:00,170.33829
EIA_66983,2026-05-29 18:00:00,13.5
EIA_67007,2026-05-29 18:00:00,20.0
EIA_67022,2026-05-29 18:00:00,175.0
EIA_67033,2026-05-29 18:00:00,2.2893236
EIA_67038,2026-05-29 18:00:00,19.74134
EIA_67046,2026-05-29 18:00:00,210.0
EIA_67075,2026-05-29 18:00:00,118.81576
EIA_67076,2026-05-29 18:00:00,174.16414
EIA_67080,2026-05-29 18:00:00,0.90418863
EIA_67086,2026-05-29 18:00:00,1.8
EIA_67124,2026-05-29 18:00:00,1.4215205
EIA_67125,2026-05-29 18:00:00,3.0982897
EIA_67126,2026-05-29 18:00:00,4.3
EIA_67129,2026-05-29 18:00:00,100.0
EIA_67133,2026-05-29 18:00:00,3.6967845
EIA_67135,2026-05-29 18:00:00,1.8301117
EIA_67158,2026-05-29 18:00:00,1.2403113
EIA_67169,2026-05-29 18:00:00,0.8668749
EIA_67174,2026-05-29 18:00:00,10.0
EIA_67177,2026-05-29 18:00:00,153.0
EIA_67201,2026-05-29 18:00:00,9.8
EIA_67204,2026-05-29 18:00:00,100.0
EIA_67216,2026-05-29 18:00:00,18.8
EIA_67217,2026-05-29 18:00:00,20.0
EIA_67218,2026-05-29 18:00:00,20.0
EIA_67219,2026-05-29 18:00:00,20.0
EIA_67234,2026-05-29 18:00:00,0.7
EIA_67254,2026-05-29 18:00:00,0.8297594
EIA_67255,2026-05-29 18:00:00,2.0
EIA_67256,2026-05-29 18:00:00,2.0
EIA_67277,2026-05-29 18:00:00,0.118414916
EIA_67288,2026-05-29 18:00:00,0.9077235
EIA_67322,2026-05-29 18:00:00,11.2
EIA_67374,2026-05-29 18:00:00,5.0
EIA_67391,2026-05-29 18:00:00,4.0
EIA_67412,2026-05-29 18:00:00,0.30273515
EIA_67421,2026-05-29 18:00:00,84.4
EIA_67437,2026-05-29 18:00:00,0.6987713
EIA_67447,2026-05-29 18:00:00,1.8640507
EIA_67469,2026-05-29 18:00:00,0.517892
EIA_67474,2026-05-29 18:00:00,300.0
EIA_67490,2026-05-29 18:00:00,5.6
EIA_67497,2026-05-29 18:00:00,100.0
EIA_67503,2026-05-29 18:00:00,170.0
EIA_67511,2026-05-29 18:00:00,200.0
EIA_67528,2026-05-29 18:00:00,150.0
EIA_67532,2026-05-29 18:00:00,5.0
EIA_67539,2026-05-29 18:00:00,1.6
EIA_67540,2026-05-29 18:00:00,2.3
EIA_67546,2026-05-29 18:00:00,1.0
EIA_67554,2026-05-29 18:00:00,2.0
EIA_67583,2026-05-29 18:00:00,1.3
EIA_67584,2026-05-29 18:00:00,2.409258
EIA_67597,2026-05-29 18:00:00,11.8
EIA_67600,2026-05-29 18:00:00,0.13774575
EIA_67623,2026-05-29 18:00:00,2.0
EIA_67624,2026-05-29 18:00:00,2.0
EIA_67628,2026-05-29 18:00:00,2.0
EIA_67644,2026-05-29 18:00:00,5.0
EIA_67675,2026-05-29 18:00:00,65.0
EIA_67678,2026-05-29 18:00:00,140.0
EIA_67684,2026-05-29 18:00:00,1.0297006
EIA_67686,2026-05-29 18:00:00,4.9
EIA_67687,2026-05-29 18:00:00,2.0
EIA_67688,2026-05-29 18:00:00,0.9628548
EIA_67703,2026-05-29 18:00:00,4.759527
EIA_67704,2026-05-29 18:00:00,1.4
EIA_67705,2026-05-29 18:00:00,2.3
EIA_67713,2026-05-29 18:00:00,4.0
EIA_67714,2026-05-29 18:00:00,1.5
EIA_67715,2026-05-29 18:00:00,2.0
EIA_67716,2026-05-29 18:00:00,1.9
EIA_67717,2026-05-29 18:00:00,2.0
EIA_67718,2026-05-29 18:00:00,1.9
EIA_67719,2026-05-29 18:00:00,2.0
EIA_67727,2026-05-29 18:00:00,6.0
EIA_67728,2026-05-29 18:00:00,5.0
EIA_67735,2026-05-29 18:00:00,226.8835
EIA_67751,2026-05-29 18:00:00,2.0
EIA_67762,2026-05-29 18:00:00,225.90114
EIA_67765,2026-05-29 18:00:00,150.0
EIA_67793,2026-05-29 18:00:00,1.7
EIA_67797,2026-05-29 18:00:00,160.0
EIA_67804,2026-05-29 18:00:00,2.0
EIA_67822,2026-05-29 18:00:00,2.0
EIA_67823,2026-05-29 18:00:00,235.0
EIA_67834,2026-05-29 18:00:00,48.0
EIA_67850,2026-05-29 18:00:00,42.0
EIA_67859,2026-05-29 18:00:00,1.210298
EIA_67864,2026-05-29 18:00:00,3.5324452
EIA_67867,2026-05-29 18:00:00,67.2
EIA_67872,2026-05-29 18:00:00,150.0
EIA_67873,2026-05-29 18:00:00,60.0
EIA_67900,2026-05-29 18:00:00,1.3756074
EIA_67901,2026-05-29 18:00:00,0.51585275
EIA_67930,2026-05-29 18:00:00,200.0
EIA_67943,2026-05-29 18:00:00,3.0
EIA_67957,2026-05-29 18:00:00,69.345215
EIA_67964,2026-05-29 18:00:00,150.0
EIA_67965,2026-05-29 18:00:00,1.3
EIA_67969,2026-05-29 18:00:00,22.0
EIA_67979,2026-05-29 18:00:00,5.0
EIA_67997,2026-05-29 18:00:00,28.9
EIA_68008,2026-05-29 18:00:00,4.0712175
EIA_68010,2026-05-29 18:00:00,4.6866035
EIA_68023,2026-05-29 18:00:00,12.0
EIA_68025,2026-05-29 18:00:00,3.0
EIA_68026,2026-05-29 18:00:00,4.8
EIA_68037,2026-05-29 18:00:00,1.1874365
EIA_68060,2026-05-29 18:00:00,54.831436
EIA_68077,2026-05-29 18:00:00,20.0
EIA_68088,2026-05-29 18:00:00,21.429918
EIA_68096,2026-05-29 18:00:00,2.0497603
EIA_68102,2026-05-29 18:00:00,1.8733653
EIA_68106,2026-05-29 18:00:00,100.0
EIA_68107,2026-05-29 18:00:00,2.6461046
EIA_68108,2026-05-29 18:00:00,6.125818
EIA_68109,2026-05-29 18:00:00,0.979664
EIA_68113,2026-05-29 18:00:00,1.3475056
EIA_68114,2026-05-29 18:00:00,0.01852666
EIA_68157,2026-05-29 18:00:00,0.9605322
EIA_68163,2026-05-29 18:00:00,5.0
EIA_68188,2026-05-29 18:00:00,4.5852947
EIA_68190,2026-05-29 18:00:00,4.585298
EIA_68200,2026-05-29 18:00:00,401.4
EIA_68223,2026-05-29 18:00:00,40.8
EIA_68235,2026-05-29 18:00:00,1.1
EIA_68259,2026-05-29 18:00:00,2.643023
EIA_68276,2026-05-29 18:00:00,57.01462
EIA_68279,2026-05-29 18:00:00,1.1
EIA_68281,2026-05-29 18:00:00,300.0
EIA_68286,2026-05-29 18:00:00,4.354562
EIA_68327,2026-05-29 18:00:00,1.897839
EIA_68372,2026-05-29 18:00:00,34.90226
EIA_68398,2026-05-29 18:00:00,5.0
EIA_68418,2026-05-29 18:00:00,120.0
EIA_68427,2026-05-29 18:00:00,11.8113
EIA_68431,2026-05-29 18:00:00,240.0
EIA_68436,2026-05-29 18:00:00,2.9
EIA_68442,2026-05-29 18:00:00,2.5607862
EIA_68458,2026-05-29 18:00:00,110.05777
EIA_68470,2026-05-29 18:00:00,157.48447
EIA_68472,2026-05-29 18:00:00,72.993706
EIA_68482,2026-05-29 18:00:00,49.9
EIA_68483,2026-05-29 18:00:00,225.0
EIA_68488,2026-05-29 18:00:00,80.0
EIA_68489,2026-05-29 18:00:00,2.0
EIA_68516,2026-05-29 18:00:00,100.0
EIA_68523,2026-05-29 18:00:00,0.13814688
EIA_68524,2026-05-29 18:00:00,0.13814978
EIA_68525,2026-05-29 18:00:00,0.1381504
EIA_68530,2026-05-29 18:00:00,2.0
EIA_68534,2026-05-29 18:00:00,150.0
EIA_68536,2026-05-29 18:00:00,189.70364
EIA_68537,2026-05-29 18:00:00,44.068176
EIA_68538,2026-05-29 18:00:00,2.3
EIA_68540,2026-05-29 18:00:00,1.3
EIA_68544,2026-05-29 18:00:00,2.0
EIA_68550,2026-05-29 18:00:00,0.23717469
EIA_68551,2026-05-29 18:00:00,74.5
EIA_68587,2026-05-29 18:00:00,74.684525
EIA_68588,2026-05-29 18:00:00,74.684525
EIA_68595,2026-05-29 18:00:00,45.415604
EIA_68615,2026-05-29 18:00:00,2.4
EIA_68670,2026-05-29 18:00:00,43.384254
EIA_68674,2026-05-29 18:00:00,3.8767297
EIA_68682,2026-05-29 18:00:00,2.7243829
EIA_68706,2026-05-29 18:00:00,6.8298497
EIA_68708,2026-05-29 18:00:00,3.370928
EIA_68729,2026-05-29 18:00:00,2.68898
EIA_68754,2026-05-29 18:00:00,4.3
EIA_68756,2026-05-29 18:00:00,5.0
EIA_68757,2026-05-29 18:00:00,3.404167
EIA_68776,2026-05-29 18:00:00,237.1
EIA_68791,2026-05-29 18:00:00,1.1
EIA_68794,2026-05-29 18:00:00,1.5
EIA_68795,2026-05-29 18:00:00,1.7
EIA_68796,2026-05-29 18:00:00,0.99495804
EIA_68803,2026-05-29 18:00:00,1.5
EIA_68817,2026-05-29 18:00:00,41.79038
EIA_68820,2026-05-29 18:00:00,74.5
EIA_68822,2026-05-29 18:00:00,74.08614
EIA_68823,2026-05-29 18:00:00,74.5
EIA_68838,2026-05-29 18:00:00,515.0
EIA_68846,2026-05-29 18:00:00,148.0
EIA_68856,2026-05-29 18:00:00,90.5
EIA_68880,2026-05-29 18:00:00,150.0
EIA_68885,2026-05-29 18:00:00,3.0
EIA_68886,2026-05-29 18:00:00,3.0
EIA_68892,2026-05-29 18:00:00,1.4
EIA_68894,2026-05-29 18:00:00,150.0
EIA_68906,2026-05-29 18:00:00,300.0
EIA_68919,2026-05-29 18:00:00,2.0
EIA_68921,2026-05-29 18:00:00,2.0
EIA_68927,2026-05-29 18:00:00,20.446806
EIA_68928,2026-05-29 18:00:00,10.8
EIA_68941,2026-05-29 18:00:00,1.4551563
EIA_68943,2026-05-29 18:00:00,5.0
EIA_68944,2026-05-29 18:00:00,5.0
EIA_68945,2026-05-29 18:00:00,2.3301635
EIA_68957,2026-05-29 18:00:00,4.9655223
EIA_68960,2026-05-29 18:00:00,2.0
EIA_68964,2026-05-29 18:00:00,3.9
EIA_68966,2026-05-29 18:00:00,2.978234
EIA_68971,2026-05-29 18:00:00,5.0
EIA_68991,2026-05-29 18:00:00,5.0
EIA_68998,2026-05-29 18:00:00,120.0
EIA_69002,2026-05-29 18:00:00,1.019693
EIA_69009,2026-05-29 18:00:00,0.5541735
EIA_69014,2026-05-29 18:00:00,4.986427
EIA_69015,2026-05-29 18:00:00,5.0
EIA_69016,2026-05-29 18:00:00,4.5
EIA_69017,2026-05-29 18:00:00,3.7
EIA_69018,2026-05-29 18:00:00,0.6728916
EIA_69027,2026-05-29 18:00:00,100.0
EIA_69031,2026-05-29 18:00:00,2.0
EIA_69032,2026-05-29 18:00:00,3.6
EIA_69033,2026-05-29 18:00:00,4.9
EIA_69039,2026-05-29 18:00:00,1.9375693
EIA_69042,2026-05-29 18:00:00,9.97514
EIA_69043,2026-05-29 18:00:00,4.082052
EIA_69046,2026-05-29 18:00:00,2.0
EIA_69048,2026-05-29 18:00:00,0.97246677
EIA_69051,2026-05-29 18:00:00,3.0
EIA_69061,2026-05-29 18:00:00,5.0
EIA_69062,2026-05-29 18:00:00,5.0
EIA_69063,2026-05-29 18:00:00,200.0
EIA_69066,2026-05-29 18:00:00,5.0
EIA_69068,2026-05-29 18:00:00,3.0
EIA_69070,2026-05-29 18:00:00,4.858744
EIA_69078,2026-05-29 18:00:00,5.0
EIA_69086,2026-05-29 18:00:00,3.897774
EIA_69095,2026-05-29 18:00:00,5.0
EIA_69096,2026-05-29 18:00:00,5.0
EIA_69100,2026-05-29 18:00:00,325.0
EIA_69101,2026-05-29 18:00:00,200.0
EIA_69103,2026-05-29 18:00:00,5.0
EIA_69104,2026-05-29 18:00:00,5.0
EIA_69106,2026-05-29 18:00:00,5.0
EIA_69107,2026-05-29 18:00:00,2.2247248
EIA_69109,2026-05-29 18:00:00,1.4
EIA_69112,2026-05-29 18:00:00,1.3
EIA_69113,2026-05-29 18:00:00,2.7
EIA_69114,2026-05-29 18:00:00,2.7592537
EIA_69115,2026-05-29 18:00:00,1.0
EIA_69116,2026-05-29 18:00:00,2.5
EIA_69117,2026-05-29 18:00:00,1.0
EIA_69118,2026-05-29 18:00:00,1.1
EIA_69123,2026-05-29 18:00:00,1.3109533
EIA_69124,2026-05-29 18:00:00,0.66857976
EIA_69125,2026-05-29 18:00:00,0.47421607
EIA_69126,2026-05-29 18:00:00,0.9815704
EIA_69127,2026-05-29 18:00:00,1.0
EIA_69129,2026-05-29 18:00:00,1.3
EIA_69130,2026-05-29 18:00:00,4.0
EIA_69131,2026-05-29 18:00:00,1.0403979
EIA_69132,2026-05-29 18:00:00,1.5545082
EIA_69133,2026-05-29 18:00:00,2.6810513
EIA_69134,2026-05-29 18:00:00,1.4656718
EIA_69135,2026-05-29 18:00:00,1.0
EIA_69137,2026-05-29 18:00:00,5.0
EIA_69140,2026-05-29 18:00:00,1.3
EIA_69141,2026-05-29 18:00:00,4.0
EIA_69142,2026-05-29 18:00:00,1.0
EIA_69143,2026-05-29 18:00:00,113.11487
EIA_69145,2026-05-29 18:00:00,0.22771032
EIA_69153,2026-05-29 18:00:00,3.9168203
EIA_69154,2026-05-29 18:00:00,3.6818104
EIA_69161,2026-05-29 18:00:00,0.7807167
EIA_69163,2026-05-29 18:00:00,2.0
EIA_69164,2026-05-29 18:00:00,61.37085
EIA_69166,2026-05-29 18:00:00,144.62117
EIA_69172,2026-05-29 18:00:00,80.0
EIA_69179,2026-05-29 18:00:00,5.0
EIA_69183,2026-05-29 18:00:00,2.0
EIA_69187,2026-05-29 18:00:00,19.8
EIA_69188,2026-05-29 18:00:00,2.9
EIA_69190,2026-05-29 18:00:00,1.6
EIA_69192,2026-05-29 18:00:00,8.815881
EIA_69193,2026-05-29 18:00:00,2.5
EIA_69201,2026-05-29 18:00:00,2.0
EIA_69210,2026-05-29 18:00:00,0.38431737
EIA_69212,2026-05-29 18:00:00,4.0410624
EIA_69213,2026-05-29 18:00:00,5.0
EIA_69214,2026-05-29 18:00:00,4.6476235
EIA_69216,2026-05-29 18:00:00,5.0
EIA_69219,2026-05-29 18:00:00,3.0
EIA_69221,2026-05-29 18:00:00,1.2
EIA_69227,2026-05-29 18:00:00,2.540712
EIA_69228,2026-05-29 18:00:00,4.5100727
EIA_69230,2026-05-29 18:00:00,5.0
EIA_69233,2026-05-29 18:00:00,0.6282246
EIA_69235,2026-05-29 18:00:00,20.0
EIA_69236,2026-05-29 18:00:00,47.986176
EIA_69240,2026-05-29 18:00:00,5.0
EIA_69241,2026-05-29 18:00:00,4.5
EIA_69243,2026-05-29 18:00:00,2.2016542
EIA_69247,2026-05-29 18:00:00,1.3
EIA_69248,2026-05-29 18:00:00,1.0
EIA_69261,2026-05-29 18:00:00,10.0
EIA_69263,2026-05-29 18:00:00,10.0
EIA_69264,2026-05-29 18:00:00,3.5
EIA_69265,2026-05-29 18:00:00,5.7481337
EIA_69273,2026-05-29 18:00:00,0.92478746
EIA_69280,2026-05-29 18:00:00,0.54962087
EIA_69281,2026-05-29 18:00:00,0.5496257
EIA_69284,2026-05-29 18:00:00,1.9907155
EIA_69285,2026-05-29 18:00:00,0.6132301
EIA_69287,2026-05-29 18:00:00,9.9
EIA_69288,2026-05-29 18:00:00,1.6
EIA_69289,2026-05-29 18:00:00,9.9
EIA_69303,2026-05-29 18:00:00,1.0
EIA_69304,2026-05-29 18:00:00,0.9819145
EIA_69306,2026-05-29 18:00:00,8.8
EIA_69307,2026-05-29 18:00:00,1.0
EIA_69314,2026-05-29 18:00:00,2.0
EIA_69315,2026-05-29 18:00:00,5.0
EIA_69316,2026-05-29 18:00:00,5.0
EIA_69317,2026-05-29 18:00:00,5.0
EIA_69319,2026-05-29 18:00:00,149.68286
EIA_69320,2026-05-29 18:00:00,477.14804
EIA_69321,2026-05-29 18:00:00,111.51373
EIA_69325,2026-05-29 18:00:00,2.0
EIA_69326,2026-05-29 18:00:00,2.0
EIA_69328,2026-05-29 18:00:00,4.1
EIA_69330,2026-05-29 18:00:00,5.0
EIA_69354,2026-05-29 18:00:00,69.62437
EIA_69355,2026-05-29 18:00:00,65.393845
EIA_69368,2026-05-29 18:00:00,4.5
EIA_69370,2026-05-29 18:00:00,1.8
EIA_69374,2026-05-29 18:00:00,1.5
EIA_69378,2026-05-29 18:00:00,1.5
EIA_69379,2026-05-29 18:00:00,0.2945896
EIA_69380,2026-05-29 18:00:00,0.25924784
EIA_69381,2026-05-29 18:00:00,1.6
EIA_69382,2026-05-29 18:00:00,1.4
EIA_69386,2026-05-29 18:00:00,1.8443729
EIA_69387,2026-05-29 18:00:00,5.0
EIA_69388,2026-05-29 18:00:00,100.0
EIA_69389,2026-05-29 18:00:00,4.6629086
EIA_69390,2026-05-29 18:00:00,4.6629086
EIA_69391,2026-05-29 18:00:00,4.9
EIA_69395,2026-05-29 18:00:00,0.6825264
EIA_69396,2026-05-29 18:00:00,2.4
EIA_69397,2026-05-29 18:00:00,2.0
EIA_69398,2026-05-29 18:00:00,3.2
EIA_69399,2026-05-29 18:00:00,1.0386361
EIA_69400,2026-05-29 18:00:00,5.0
EIA_69401,2026-05-29 18:00:00,5.0
EIA_69402,2026-05-29 18:00:00,5.0
EIA_69405,2026-05-29 18:00:00,2.148676
EIA_69406,2026-05-29 18:00:00,2.148701
EIA_69408,2026-05-29 18:00:00,0.53601396
EIA_69409,2026-05-29 18:00:00,5.0
EIA_69410,2026-05-29 18:00:00,5.0
EIA_69412,2026-05-29 18:00:00,3.0
EIA_69414,2026-05-29 18:00:00,270.0
EIA_69419,2026-05-29 18:00:00,5.0
EIA_69420,2026-05-29 18:00:00,1.513967
EIA_69421,2026-05-29 18:00:00,4.1878166
EIA_69425,2026-05-29 18:00:00,1.2892053
EIA_69428,2026-05-29 18:00:00,250.0
EIA_69430,2026-05-29 18:00:00,6.0
EIA_69431,2026-05-29 18:00:00,5.0
EIA_69432,2026-05-29 18:00:00,6.0
EIA_69433,2026-05-29 18:00:00,6.0
EIA_69434,2026-05-29 18:00:00,2.0
EIA_69439,2026-05-29 18:00:00,5.0
EIA_69440,2026-05-29 18:00:00,5.0
EIA_69441,2026-05-29 18:00:00,2.6
EIA_69442,2026-05-29 18:00:00,5.0
EIA_69443,2026-05-29 18:00:00,2.3
EIA_69447,2026-05-29 18:00:00,1.4035565
EIA_69448,2026-05-29 18:00:00,2.417565
EIA_69476,2026-05-29 18:00:00,100.0
EIA_69483,2026-05-29 18:00:00,2.8
EIA_69484,2026-05-29 18:00:00,2.7905972
EIA_69485,2026-05-29 18:00:00,2.5
EIA_69486,2026-05-29 18:00:00,2.5
EIA_69487,2026-05-29 18:00:00,2.5
EIA_69488,2026-05-29 18:00:00,2.5
EIA_69489,2026-05-29 18:00:00,3.0
EIA_69490,2026-05-29 18:00:00,2.5
EIA_69491,2026-05-29 18:00:00,2.5
EIA_69492,2026-05-29 18:00:00,2.5
EIA_69493,2026-05-29 18:00:00,2.5
EIA_69494,2026-05-29 18:00:00,2.5
EIA_69495,2026-05-29 18:00:00,2.5
EIA_69498,2026-05-29 18:00:00,8.8
EIA_69499,2026-05-29 18:00:00,12.594886
EIA_69500,2026-05-29 18:00:00,3.8
EIA_69501,2026-05-29 18:00:00,6.0
EIA_69502,2026-05-29 18:00:00,4.0
EIA_69503,2026-05-29 18:00:00,6.0
EIA_69505,2026-05-29 18:00:00,14.8
EIA_69518,2026-05-29 18:00:00,1.5243309
EIA_69519,2026-05-29 18:00:00,2.2864947
EIA_69525,2026-05-29 18:00:00,4.3
EIA_69526,2026-05-29 18:00:00,5.0
EIA_69527,2026-05-29 18:00:00,5.0
EIA_69528,2026-05-29 18:00:00,2.5536866
EIA_69529,2026-05-29 18:00:00,4.882987
EIA_69530,2026-05-29 18:00:00,5.0
EIA_69531,2026-05-29 18:00:00,1.0793468
EIA_69532,2026-05-29 18:00:00,5.0
EIA_69536,2026-05-29 18:00:00,5.3
EIA_69538,2026-05-29 18:00:00,7.359485
EIA_69542,2026-05-29 18:00:00,5.0
EIA_69543,2026-05-29 18:00:00,3.3
EIA_69544,2026-05-29 18:00:00,1.7094378
EIA_69545,2026-05-29 18:00:00,0.6772273
EIA_69546,2026-05-29 18:00:00,3.0516376
EIA_69550,2026-05-29 18:00:00,117.0
EIA_69557,2026-05-29 18:00:00,3.8243513
EIA_69561,2026-05-29 18:00:00,4.0
EIA_69563,2026-05-29 18:00:00,2.3
EIA_69564,2026-05-29 18:00:00,1.9
EIA_69565,2026-05-29 18:00:00,4.9
EIA_69567,2026-05-29 18:00:00,3.0
EIA_69568,2026-05-29 18:00:00,0.5948921
EIA_69569,2026-05-29 18:00:00,1.7672024
EIA_69570,2026-05-29 18:00:00,12.0
EIA_69571,2026-05-29 18:00:00,1.1970365
EIA_69572,2026-05-29 18:00:00,5.0
EIA_69573,2026-05-29 18:00:00,5.0
EIA_69580,2026-05-29 18:00:00,0.90223736
EIA_69581,2026-05-29 18:00:00,0.2817958
EIA_69587,2026-05-29 18:00:00,1.4
EIA_69596,2026-05-29 18:00:00,4.0
EIA_69597,2026-05-29 18:00:00,5.0
EIA_69598,2026-05-29 18:00:00,1.8386401
EIA_69599,2026-05-29 18:00:00,1.8377761
EIA_69600,2026-05-29 18:00:00,5.0
EIA_69601,2026-05-29 18:00:00,2.0
EIA_69604,2026-05-29 18:00:00,19.9
EIA_69612,2026-05-29 18:00:00,5.0
EIA_69613,2026-05-29 18:00:00,5.0
EIA_69615,2026-05-29 18:00:00,5.0
EIA_69617,2026-05-29 18:00:00,2.8
EIA_69618,2026-05-29 18:00:00,2.9595635
EIA_69621,2026-05-29 18:00:00,1.3799343
EIA_69622,2026-05-29 18:00:00,3.0533319
EIA_69623,2026-05-29 18:00:00,1.599502
EIA_69624,2026-05-29 18:00:00,3.998755
EIA_69630,2026-05-29 18:00:00,1.0
EIA_69645,2026-05-29 18:00:00,1.0
EIA_69646,2026-05-29 18:00:00,1.0
EIA_69651,2026-05-29 18:00:00,2.0
EIA_69652,2026-05-29 18:00:00,2.0
EIA_69653,2026-05-29 18:00:00,2.0
EIA_69655,2026-05-29 18:00:00,5.0
EIA_69656,2026-05-29 18:00:00,2.3
EIA_69675,2026-05-29 18:00:00,273.6
EIA_69676,2026-05-29 18:00:00,44.661366
EIA_69680,2026-05-29 18:00:00,113.1
EIA_69682,2026-05-29 18:00:00,0.6527935
EIA_69683,2026-05-29 18:00:00,1.3
EIA_69686,2026-05-29 18:00:00,6.9553537
EIA_69692,2026-05-29 18:00:00,5.0
EIA_69693,2026-05-29 18:00:00,0.9116811
EIA_69696,2026-05-29 18:00:00,2.2
EIA_69700,2026-05-29 18:00:00,3.642521
EIA_69703,2026-05-29 18:00:00,3.3
EIA_69705,2026-05-29 18:00:00,0.39736786
EIA_69707,2026-05-29 18:00:00,0.09163199
EIA_69709,2026-05-29 18:00:00,1.0
EIA_69712,2026-05-29 18:00:00,0.56627357
EIA_69714,2026-05-29 18:00:00,3.2896316
EIA_69715,2026-05-29 18:00:00,1.0
EIA_69716,2026-05-29 18:00:00,4.0
EIA_69717,2026-05-29 18:00:00,2.2967114
EIA_69718,2026-05-29 18:00:00,2.2048428
EIA_69719,2026-05-29 18:00:00,2.8
EIA_69729,2026-05-29 18:00:00,1.5367557
EIA_69730,2026-05-29 18:00:00,0.17317097
EIA_69731,2026-05-29 18:00:00,1.3
EIA_69732,2026-05-29 18:00:00,1.5163596
EIA_69733,2026-05-29 18:00:00,1.3647227
EIA_69734,2026-05-29 18:00:00,1.3731122
EIA_69735,2026-05-29 18:00:00,5.0
EIA_69736,2026-05-29 18:00:00,1.0875082
EIA_69737,2026-05-29 18:00:00,2.5
EIA_69739,2026-05-29 18:00:00,4.8
EIA_69740,2026-05-29 18:00:00,7.2
EIA_69744,2026-05-29 18:00:00,0.9436123
EIA_69746,2026-05-29 18:00:00,1.2478261
EIA_69748,2026-05-29 18:00:00,525.0
EIA_69754,2026-05-29 18:00:00,2.3654985
EIA_69757,2026-05-29 18:00:00,2.6
EIA_69758,2026-05-29 18:00:00,2.0
EIA_69759,2026-05-29 18:00:00,1.4
EIA_69774,2026-05-29 18:00:00,1.8252811
EIA_69800,2026-05-29 18:00:00,5.0
EIA_69801,2026-05-29 18:00:00,1.3255091
EIA_69802,2026-05-29 18:00:00,1.7500436
EIA_69822,2026-05-29 18:00:00,1.0
EIA_69824,2026-05-29 18:00:00,0.84078234
EIA_69856,2026-05-29 18:00:00,3.0
EIA_69863,2026-05-29 18:00:00,3.7
EIA_69875,2026-05-29 18:00:00,117.0
EIA_141,2026-05-29 19:00:00,0.2
EIA_960,2026-05-29 19:00:00,0.3
EIA_1172,2026-05-29 19:00:00,0.8
EIA_1187,2026-05-29 19:00:00,0.75431234
EIA_10224,2026-05-29 19:00:00,0.5
EIA_10823,2026-05-29 19:00:00,0.020717133
EIA_50026,2026-05-29 19:00:00,27.5
EIA_50061,2026-05-29 19:00:00,0.3756671
EIA_56322,2026-05-29 19:00:00,0.5
EIA_57775,2026-05-29 19:00:00,0.5
EIA_57785,2026-05-29 19:00:00,1.8089219
EIA_57806,2026-05-29 19:00:00,0.26880848
EIA_58173,2026-05-29 19:00:00,0.1
EIA_58413,2026-05-29 19:00:00,54.4
EIA_58422,2026-05-29 19:00:00,1.3
EIA_58556,2026-05-29 19:00:00,10.1
EIA_58689,2026-05-29 19:00:00,1.3
EIA_58899,2026-05-29 19:00:00,0.5
EIA_59133,2026-05-29 19:00:00,1.0
EIA_59272,2026-05-29 19:00:00,1.5
EIA_59776,2026-05-29 19:00:00,0.2
EIA_59786,2026-05-29 19:00:00,3.0
EIA_59988,2026-05-29 19:00:00,1.1
EIA_60452,2026-05-29 19:00:00,3.0
EIA_61703,2026-05-29 19:00:00,0.07428148
EIA_61796,2026-05-29 19:00:00,20.0
EIA_61820,2026-05-29 19:00:00,0.3632097
EIA_61822,2026-05-29 19:00:00,0.2
EIA_61852,2026-05-29 19:00:00,300.0
EIA_61910,2026-05-29 19:00:00,7.0
EIA_61967,2026-05-29 19:00:00,114.60079
EIA_61990,2026-05-29 19:00:00,0.1
EIA_62027,2026-05-29 19:00:00,0.7
EIA_62186,2026-05-29 19:00:00,2.0
EIA_62344,2026-05-29 19:00:00,2.0
EIA_62397,2026-05-29 19:00:00,2.0
EIA_62442,2026-05-29 19:00:00,0.20455611
EIA_62494,2026-05-29 19:00:00,250.0
EIA_62545,2026-05-29 19:00:00,0.8570258
EIA_62737,2026-05-29 19:00:00,5.0
EIA_62797,2026-05-29 19:00:00,100.0
EIA_63122,2026-05-29 19:00:00,1.0
EIA_63194,2026-05-29 19:00:00,295.35477
EIA_63211,2026-05-29 19:00:00,241.2039
EIA_63221,2026-05-29 19:00:00,0.7732768
EIA_63507,2026-05-29 19:00:00,32.776005
EIA_63518,2026-05-29 19:00:00,67.20928
EIA_63542,2026-05-29 19:00:00,0.47024545
EIA_63882,2026-05-29 19:00:00,183.509
EIA_63884,2026-05-29 19:00:00,159.44774
EIA_63946,2026-05-29 19:00:00,2.0
EIA_64117,2026-05-29 19:00:00,4.9
EIA_64132,2026-05-29 19:00:00,138.57489
EIA_64210,2026-05-29 19:00:00,500.0
EIA_64222,2026-05-29 19:00:00,0.2075007
EIA_64223,2026-05-29 19:00:00,0.5117174
EIA_64430,2026-05-29 19:00:00,140.0
EIA_64442,2026-05-29 19:00:00,0.5
EIA_64446,2026-05-29 19:00:00,0.12744848
EIA_64509,2026-05-29 19:00:00,0.5
EIA_64512,2026-05-29 19:00:00,0.5
EIA_64513,2026-05-29 19:00:00,0.5
EIA_64536,2026-05-29 19:00:00,135.0
EIA_64564,2026-05-29 19:00:00,131.0
EIA_64567,2026-05-29 19:00:00,20.0
EIA_64729,2026-05-29 19:00:00,0.42443204
EIA_64745,2026-05-29 19:00:00,145.39928
EIA_64858,2026-05-29 19:00:00,110.0
EIA_65006,2026-05-29 19:00:00,0.8132689
EIA_65024,2026-05-29 19:00:00,0.6603657
EIA_65072,2026-05-29 19:00:00,0.05047188
EIA_65139,2026-05-29 19:00:00,1.7163101
EIA_65149,2026-05-29 19:00:00,1.3603245
EIA_65279,2026-05-29 19:00:00,0.5758411
EIA_65401,2026-05-29 19:00:00,51.8
EIA_65405,2026-05-29 19:00:00,45.0
EIA_65442,2026-05-29 19:00:00,0.6633342
EIA_65443,2026-05-29 19:00:00,1.0
EIA_65445,2026-05-29 19:00:00,146.25648
EIA_65463,2026-05-29 19:00:00,359.5929
EIA_65468,2026-05-29 19:00:00,0.5
EIA_65480,2026-05-29 19:00:00,145.0
EIA_65507,2026-05-29 19:00:00,1.4380032
EIA_65508,2026-05-29 19:00:00,2.0
EIA_65515,2026-05-29 19:00:00,1.0
EIA_65516,2026-05-29 19:00:00,1.0
EIA_65527,2026-05-29 19:00:00,2.5
EIA_65572,2026-05-29 19:00:00,250.0
EIA_65616,2026-05-29 19:00:00,1.7176013
EIA_65644,2026-05-29 19:00:00,326.6
EIA_65659,2026-05-29 19:00:00,1.0
EIA_65827,2026-05-29 19:00:00,2.1152601
EIA_65849,2026-05-29 19:00:00,172.80586
EIA_65885,2026-05-29 19:00:00,74.5
EIA_65887,2026-05-29 19:00:00,28.896563
EIA_65888,2026-05-29 19:00:00,64.18017
EIA_65891,2026-05-29 19:00:00,126.384926
EIA_65894,2026-05-29 19:00:00,210.0
EIA_65905,2026-05-29 19:00:00,65.49531
EIA_65911,2026-05-29 19:00:00,57.882843
EIA_65913,2026-05-29 19:00:00,74.5
EIA_65940,2026-05-29 19:00:00,0.20304105
EIA_66027,2026-05-29 19:00:00,25.031012
EIA_66107,2026-05-29 19:00:00,20.0
EIA_66256,2026-05-29 19:00:00,0.44075793
EIA_66352,2026-05-29 19:00:00,5.0
EIA_66356,2026-05-29 19:00:00,5.0
EIA_66432,2026-05-29 19:00:00,2.0
EIA_66433,2026-05-29 19:00:00,1.0
EIA_66435,2026-05-29 19:00:00,0.66334134
EIA_66449,2026-05-29 19:00:00,0.50652343
EIA_66495,2026-05-29 19:00:00,4.3625216
EIA_66520,2026-05-29 19:00:00,2.0
EIA_66523,2026-05-29 19:00:00,5.0
EIA_66647,2026-05-29 19:00:00,100.0
EIA_66649,2026-05-29 19:00:00,94.69843
EIA_66654,2026-05-29 19:00:00,2.0
EIA_66656,2026-05-29 19:00:00,2.0
EIA_66670,2026-05-29 19:00:00,150.0
EIA_66681,2026-05-29 19:00:00,49.0
EIA_66688,2026-05-29 19:00:00,300.0
EIA_66739,2026-05-29 19:00:00,1.5
EIA_66740,2026-05-29 19:00:00,1.5
EIA_66756,2026-05-29 19:00:00,40.8
EIA_66760,2026-05-29 19:00:00,3.0
EIA_66774,2026-05-29 19:00:00,408.9
EIA_66775,2026-05-29 19:00:00,200.0
EIA_66827,2026-05-29 19:00:00,0.28946462
EIA_66840,2026-05-29 19:00:00,51.1
EIA_66842,2026-05-29 19:00:00,64.0
EIA_66844,2026-05-29 19:00:00,150.0
EIA_66860,2026-05-29 19:00:00,100.0
EIA_66872,2026-05-29 19:00:00,142.34567
EIA_66886,2026-05-29 19:00:00,2.4
EIA_66890,2026-05-29 19:00:00,60.0
EIA_66892,2026-05-29 19:00:00,4.4
EIA_66897,2026-05-29 19:00:00,97.5
EIA_66899,2026-05-29 19:00:00,5.8
EIA_66903,2026-05-29 19:00:00,310.0
EIA_66951,2026-05-29 19:00:00,200.0
EIA_66983,2026-05-29 19:00:00,13.5
EIA_67007,2026-05-29 19:00:00,20.0
EIA_67022,2026-05-29 19:00:00,175.0
EIA_67033,2026-05-29 19:00:00,2.5959215
EIA_67038,2026-05-29 19:00:00,130.11334
EIA_67046,2026-05-29 19:00:00,210.0
EIA_67075,2026-05-29 19:00:00,145.44182
EIA_67076,2026-05-29 19:00:00,200.0
EIA_67080,2026-05-29 19:00:00,0.8758254
EIA_67086,2026-05-29 19:00:00,1.8
EIA_67124,2026-05-29 19:00:00,1.3299793
EIA_67125,2026-05-29 19:00:00,2.3820915
EIA_67126,2026-05-29 19:00:00,4.296604
EIA_67129,2026-05-29 19:00:00,100.0
EIA_67133,2026-05-29 19:00:00,3.7038364
EIA_67135,2026-05-29 19:00:00,2.592584
EIA_67158,2026-05-29 19:00:00,1.1400801
EIA_67169,2026-05-29 19:00:00,1.0820924
EIA_67174,2026-05-29 19:00:00,10.0
EIA_67177,2026-05-29 19:00:00,153.0
EIA_67201,2026-05-29 19:00:00,9.8
EIA_67204,2026-05-29 19:00:00,100.0
EIA_67216,2026-05-29 19:00:00,18.8
EIA_67217,2026-05-29 19:00:00,20.0
EIA_67218,2026-05-29 19:00:00,20.0
EIA_67219,2026-05-29 19:00:00,20.0
EIA_67234,2026-05-29 19:00:00,0.6455814
EIA_67254,2026-05-29 19:00:00,0.46838695
EIA_67255,2026-05-29 19:00:00,2.0
EIA_67256,2026-05-29 19:00:00,2.0
EIA_67277,2026-05-29 19:00:00,0.11786245
EIA_67288,2026-05-29 19:00:00,0.5600674
EIA_67322,2026-05-29 19:00:00,11.2
EIA_67374,2026-05-29 19:00:00,5.0
EIA_67391,2026-05-29 19:00:00,4.0
EIA_67412,2026-05-29 19:00:00,0.65513825
EIA_67421,2026-05-29 19:00:00,84.4
EIA_67437,2026-05-29 19:00:00,0.68843865
EIA_67447,2026-05-29 19:00:00,1.501804
EIA_67469,2026-05-29 19:00:00,0.3651041
EIA_67474,2026-05-29 19:00:00,300.0
EIA_67490,2026-05-29 19:00:00,5.6
EIA_67497,2026-05-29 19:00:00,100.0
EIA_67503,2026-05-29 19:00:00,170.0
EIA_67511,2026-05-29 19:00:00,200.0
EIA_67528,2026-05-29 19:00:00,150.0
EIA_67532,2026-05-29 19:00:00,5.0
EIA_67539,2026-05-29 19:00:00,1.6
EIA_67540,2026-05-29 19:00:00,2.3
EIA_67546,2026-05-29 19:00:00,1.0
EIA_67554,2026-05-29 19:00:00,2.0
EIA_67583,2026-05-29 19:00:00,1.3
EIA_67584,2026-05-29 19:00:00,3.720105
EIA_67597,2026-05-29 19:00:00,11.8
EIA_67600,2026-05-29 19:00:00,0.38677663
EIA_67623,2026-05-29 19:00:00,2.0
EIA_67624,2026-05-29 19:00:00,2.0
EIA_67628,2026-05-29 19:00:00,2.0
EIA_67644,2026-05-29 19:00:00,5.0
EIA_67675,2026-05-29 19:00:00,65.0
EIA_67678,2026-05-29 19:00:00,140.0
EIA_67684,2026-05-29 19:00:00,1.5231248
EIA_67686,2026-05-29 19:00:00,4.9
EIA_67687,2026-05-29 19:00:00,2.0
EIA_67688,2026-05-29 19:00:00,1.5935203
EIA_67703,2026-05-29 19:00:00,4.4632773
EIA_67704,2026-05-29 19:00:00,1.4
EIA_67705,2026-05-29 19:00:00,2.3
EIA_67713,2026-05-29 19:00:00,4.0
EIA_67714,2026-05-29 19:00:00,1.5
EIA_67715,2026-05-29 19:00:00,2.0
EIA_67716,2026-05-29 19:00:00,1.9
EIA_67717,2026-05-29 19:00:00,2.0
EIA_67718,2026-05-29 19:00:00,1.9
EIA_67719,2026-05-29 19:00:00,2.0
EIA_67727,2026-05-29 19:00:00,6.0
EIA_67728,2026-05-29 19:00:00,5.0
EIA_67735,2026-05-29 19:00:00,7.234856
EIA_67751,2026-05-29 19:00:00,2.0
EIA_67762,2026-05-29 19:00:00,148.6777
EIA_67765,2026-05-29 19:00:00,150.0
EIA_67793,2026-05-29 19:00:00,1.6100501
EIA_67797,2026-05-29 19:00:00,160.0
EIA_67804,2026-05-29 19:00:00,2.0
EIA_67822,2026-05-29 19:00:00,2.0
EIA_67823,2026-05-29 19:00:00,235.0
EIA_67834,2026-05-29 19:00:00,48.0
EIA_67850,2026-05-29 19:00:00,42.0
EIA_67859,2026-05-29 19:00:00,0.74675655
EIA_67864,2026-05-29 19:00:00,0.041236777
EIA_67867,2026-05-29 19:00:00,67.2
EIA_67872,2026-05-29 19:00:00,150.0
EIA_67873,2026-05-29 19:00:00,60.0
EIA_67900,2026-05-29 19:00:00,0.99815816
EIA_67901,2026-05-29 19:00:00,0.3743093
EIA_67930,2026-05-29 19:00:00,200.0
EIA_67943,2026-05-29 19:00:00,3.0
EIA_67957,2026-05-29 19:00:00,64.03233
EIA_67964,2026-05-29 19:00:00,150.0
EIA_67965,2026-05-29 19:00:00,1.3
EIA_67969,2026-05-29 19:00:00,22.0
EIA_67979,2026-05-29 19:00:00,5.0
EIA_67997,2026-05-29 19:00:00,28.9
EIA_68008,2026-05-29 19:00:00,4.6951256
EIA_68010,2026-05-29 19:00:00,4.353161
EIA_68023,2026-05-29 19:00:00,12.0
EIA_68025,2026-05-29 19:00:00,3.0
EIA_68026,2026-05-29 19:00:00,4.8
EIA_68037,2026-05-29 19:00:00,2.9767017
EIA_68060,2026-05-29 19:00:00,67.10122
EIA_68077,2026-05-29 19:00:00,20.0
EIA_68088,2026-05-29 19:00:00,50.141586
EIA_68096,2026-05-29 19:00:00,2.3486388
EIA_68102,2026-05-29 19:00:00,2.175116
EIA_68106,2026-05-29 19:00:00,100.0
EIA_68107,2026-05-29 19:00:00,5.406425
EIA_68108,2026-05-29 19:00:00,4.769466
EIA_68109,2026-05-29 19:00:00,1.2300895
EIA_68113,2026-05-29 19:00:00,1.4408052
EIA_68114,2026-05-29 19:00:00,4.244139
EIA_68157,2026-05-29 19:00:00,1.0
EIA_68163,2026-05-29 19:00:00,4.580978
EIA_68188,2026-05-29 19:00:00,5.0
EIA_68190,2026-05-29 19:00:00,5.0
EIA_68200,2026-05-29 19:00:00,401.4
EIA_68223,2026-05-29 19:00:00,40.8
EIA_68235,2026-05-29 19:00:00,1.1
EIA_68259,2026-05-29 19:00:00,0.94205594
EIA_68276,2026-05-29 19:00:00,7.7392163
EIA_68279,2026-05-29 19:00:00,1.1
EIA_68281,2026-05-29 19:00:00,300.0
EIA_68286,2026-05-29 19:00:00,4.6305184
EIA_68327,2026-05-29 19:00:00,1.6093264
EIA_68372,2026-05-29 19:00:00,74.276985
EIA_68398,2026-05-29 19:00:00,5.0
EIA_68418,2026-05-29 19:00:00,120.0
EIA_68427,2026-05-29 19:00:00,12.9
EIA_68431,2026-05-29 19:00:00,240.0
EIA_68436,2026-05-29 19:00:00,2.9
EIA_68442,2026-05-29 19:00:00,2.4282987
EIA_68458,2026-05-29 19:00:00,217.45511
EIA_68470,2026-05-29 19:00:00,117.783875
EIA_68472,2026-05-29 19:00:00,74.9
EIA_68482,2026-05-29 19:00:00,49.9
EIA_68483,2026-05-29 19:00:00,225.0
EIA_68488,2026-05-29 19:00:00,80.0
EIA_68489,2026-05-29 19:00:00,2.0
EIA_68516,2026-05-29 19:00:00,5.2952814
EIA_68523,2026-05-29 19:00:00,0.13750403
EIA_68524,2026-05-29 19:00:00,0.1375057
EIA_68525,2026-05-29 19:00:00,0.13750601
EIA_68530,2026-05-29 19:00:00,2.0
EIA_68534,2026-05-29 19:00:00,150.0
EIA_68536,2026-05-29 19:00:00,200.0
EIA_68537,2026-05-29 19:00:00,144.39937
EIA_68538,2026-05-29 19:00:00,2.3
EIA_68540,2026-05-29 19:00:00,1.3
EIA_68544,2026-05-29 19:00:00,2.0
EIA_68550,2026-05-29 19:00:00,0.38493782
EIA_68551,2026-05-29 19:00:00,74.5
EIA_68587,2026-05-29 19:00:00,99.85932
EIA_68588,2026-05-29 19:00:00,99.85932
EIA_68595,2026-05-29 19:00:00,11.782623
EIA_68615,2026-05-29 19:00:00,2.4
EIA_68670,2026-05-29 19:00:00,55.91173
EIA_68674,2026-05-29 19:00:00,1.6473347
EIA_68682,2026-05-29 19:00:00,1.3372971
EIA_68706,2026-05-29 19:00:00,9.101638
EIA_68708,2026-05-29 19:00:00,2.5603335
EIA_68729,2026-05-29 19:00:00,1.4014765
EIA_68754,2026-05-29 19:00:00,4.3
EIA_68756,2026-05-29 19:00:00,5.0
EIA_68757,2026-05-29 19:00:00,3.1654692
EIA_68776,2026-05-29 19:00:00,237.1
EIA_68791,2026-05-29 19:00:00,1.1
EIA_68794,2026-05-29 19:00:00,0.98409325
EIA_68795,2026-05-29 19:00:00,1.7
EIA_68796,2026-05-29 19:00:00,1.0763183
EIA_68803,2026-05-29 19:00:00,1.5
EIA_68817,2026-05-29 19:00:00,5.152427
EIA_68820,2026-05-29 19:00:00,74.5
EIA_68822,2026-05-29 19:00:00,74.5
EIA_68823,2026-05-29 19:00:00,74.5
EIA_68838,2026-05-29 19:00:00,515.0
EIA_68846,2026-05-29 19:00:00,148.0
EIA_68856,2026-05-29 19:00:00,58.300247
EIA_68880,2026-05-29 19:00:00,150.0
EIA_68885,2026-05-29 19:00:00,3.0
EIA_68886,2026-05-29 19:00:00,3.0
EIA_68892,2026-05-29 19:00:00,1.4
EIA_68894,2026-05-29 19:00:00,150.0
EIA_68906,2026-05-29 19:00:00,300.0
EIA_68919,2026-05-29 19:00:00,2.0
EIA_68921,2026-05-29 19:00:00,2.0
EIA_68927,2026-05-29 19:00:00,13.369764
EIA_68928,2026-05-29 19:00:00,10.8
EIA_68941,2026-05-29 19:00:00,1.5
EIA_68943,2026-05-29 19:00:00,5.0
EIA_68944,2026-05-29 19:00:00,5.0
EIA_68945,2026-05-29 19:00:00,2.5
EIA_68957,2026-05-29 19:00:00,5.0
EIA_68960,2026-05-29 19:00:00,2.0
EIA_68964,2026-05-29 19:00:00,3.9
EIA_68966,2026-05-29 19:00:00,1.2010107
EIA_68971,2026-05-29 19:00:00,5.0
EIA_68991,2026-05-29 19:00:00,4.694043
EIA_68998,2026-05-29 19:00:00,120.0
EIA_69002,2026-05-29 19:00:00,1.2134348
EIA_69009,2026-05-29 19:00:00,0.28966346
EIA_69014,2026-05-29 19:00:00,3.3118324
EIA_69015,2026-05-29 19:00:00,5.0
EIA_69016,2026-05-29 19:00:00,4.5
EIA_69017,2026-05-29 19:00:00,3.4735918
EIA_69018,2026-05-29 19:00:00,0.30586812
EIA_69027,2026-05-29 19:00:00,100.0
EIA_69031,2026-05-29 19:00:00,2.0
EIA_69032,2026-05-29 19:00:00,3.6
EIA_69033,2026-05-29 19:00:00,4.9
EIA_69039,2026-05-29 19:00:00,2.0583835
EIA_69042,2026-05-29 19:00:00,9.928005
EIA_69043,2026-05-29 19:00:00,4.73275
EIA_69046,2026-05-29 19:00:00,2.0
EIA_69048,2026-05-29 19:00:00,0.5025459
EIA_69051,2026-05-29 19:00:00,3.0
EIA_69061,2026-05-29 19:00:00,5.0
EIA_69062,2026-05-29 19:00:00,5.0
EIA_69063,2026-05-29 19:00:00,200.0
EIA_69066,2026-05-29 19:00:00,5.0
EIA_69068,2026-05-29 19:00:00,2.2058437
EIA_69070,2026-05-29 19:00:00,4.711327
EIA_69078,2026-05-29 19:00:00,5.0
EIA_69086,2026-05-29 19:00:00,3.1555498
EIA_69095,2026-05-29 19:00:00,3.8347356
EIA_69096,2026-05-29 19:00:00,5.0
EIA_69100,2026-05-29 19:00:00,325.0
EIA_69101,2026-05-29 19:00:00,200.0
EIA_69103,2026-05-29 19:00:00,5.0
EIA_69104,2026-05-29 19:00:00,5.0
EIA_69106,2026-05-29 19:00:00,5.0
EIA_69107,2026-05-29 19:00:00,3.7387972
EIA_69109,2026-05-29 19:00:00,1.4
EIA_69112,2026-05-29 19:00:00,1.3
EIA_69113,2026-05-29 19:00:00,2.7
EIA_69114,2026-05-29 19:00:00,3.239686
EIA_69115,2026-05-29 19:00:00,1.0
EIA_69116,2026-05-29 19:00:00,2.5
EIA_69117,2026-05-29 19:00:00,1.0
EIA_69118,2026-05-29 19:00:00,1.1
EIA_69123,2026-05-29 19:00:00,0.9176133
EIA_69124,2026-05-29 19:00:00,0.5305948
EIA_69125,2026-05-29 19:00:00,0.39673567
EIA_69126,2026-05-29 19:00:00,0.38946941
EIA_69127,2026-05-29 19:00:00,0.44661003
EIA_69129,2026-05-29 19:00:00,0.701698
EIA_69130,2026-05-29 19:00:00,4.0
EIA_69131,2026-05-29 19:00:00,1.1551647
EIA_69132,2026-05-29 19:00:00,1.7
EIA_69133,2026-05-29 19:00:00,2.231035
EIA_69134,2026-05-29 19:00:00,0.62374306
EIA_69135,2026-05-29 19:00:00,1.0
EIA_69137,2026-05-29 19:00:00,4.8605156
EIA_69140,2026-05-29 19:00:00,1.3
EIA_69141,2026-05-29 19:00:00,4.0
EIA_69142,2026-05-29 19:00:00,1.0
EIA_69143,2026-05-29 19:00:00,107.42886
EIA_69145,2026-05-29 19:00:00,0.25748977
EIA_69153,2026-05-29 19:00:00,3.3229885
EIA_69154,2026-05-29 19:00:00,3.1236155
EIA_69161,2026-05-29 19:00:00,0.9617664
EIA_69163,2026-05-29 19:00:00,2.0
EIA_69164,2026-05-29 19:00:00,122.84785
EIA_69166,2026-05-29 19:00:00,163.72285
EIA_69172,2026-05-29 19:00:00,80.0
EIA_69179,2026-05-29 19:00:00,5.0
EIA_69183,2026-05-29 19:00:00,2.0
EIA_69187,2026-05-29 19:00:00,19.8
EIA_69188,2026-05-29 19:00:00,2.9
EIA_69190,2026-05-29 19:00:00,1.6
EIA_69192,2026-05-29 19:00:00,5.7076807
EIA_69193,2026-05-29 19:00:00,2.5
EIA_69201,2026-05-29 19:00:00,2.0
EIA_69210,2026-05-29 19:00:00,0.3185707
EIA_69212,2026-05-29 19:00:00,4.8327227
EIA_69213,2026-05-29 19:00:00,5.0
EIA_69214,2026-05-29 19:00:00,5.0
EIA_69216,2026-05-29 19:00:00,4.5356574
EIA_69219,2026-05-29 19:00:00,3.0
EIA_69221,2026-05-29 19:00:00,1.2
EIA_69227,2026-05-29 19:00:00,0.53527665
EIA_69228,2026-05-29 19:00:00,3.410661
EIA_69230,2026-05-29 19:00:00,5.0
EIA_69233,2026-05-29 19:00:00,0.45538658
EIA_69235,2026-05-29 19:00:00,20.0
EIA_69236,2026-05-29 19:00:00,43.60012
EIA_69240,2026-05-29 19:00:00,5.0
EIA_69241,2026-05-29 19:00:00,4.5
EIA_69243,2026-05-29 19:00:00,1.7372233
EIA_69247,2026-05-29 19:00:00,1.3
EIA_69248,2026-05-29 19:00:00,1.0
EIA_69261,2026-05-29 19:00:00,10.0
EIA_69263,2026-05-29 19:00:00,10.0
EIA_69264,2026-05-29 19:00:00,3.5
EIA_69265,2026-05-29 19:00:00,7.3698926
EIA_69273,2026-05-29 19:00:00,0.13279493
EIA_69280,2026-05-29 19:00:00,1.1277105
EIA_69281,2026-05-29 19:00:00,1.1277264
EIA_69284,2026-05-29 19:00:00,1.4625044
EIA_69285,2026-05-29 19:00:00,1.0669831
EIA_69287,2026-05-29 19:00:00,9.9
EIA_69288,2026-05-29 19:00:00,1.6
EIA_69289,2026-05-29 19:00:00,9.9
EIA_69303,2026-05-29 19:00:00,1.0
EIA_69304,2026-05-29 19:00:00,0.88270307
EIA_69306,2026-05-29 19:00:00,8.8
EIA_69307,2026-05-29 19:00:00,0.8640369
EIA_69314,2026-05-29 19:00:00,2.0
EIA_69315,2026-05-29 19:00:00,5.0
EIA_69316,2026-05-29 19:00:00,5.0
EIA_69317,2026-05-29 19:00:00,5.0
EIA_69319,2026-05-29 19:00:00,179.85716
EIA_69320,2026-05-29 19:00:00,480.0
EIA_69321,2026-05-29 19:00:00,133.99359
EIA_69325,2026-05-29 19:00:00,2.0
EIA_69326,2026-05-29 19:00:00,2.0
EIA_69328,2026-05-29 19:00:00,4.1
EIA_69330,2026-05-29 19:00:00,5.0
EIA_69354,2026-05-29 19:00:00,74.9
EIA_69355,2026-05-29 19:00:00,46.516773
EIA_69368,2026-05-29 19:00:00,4.5
EIA_69370,2026-05-29 19:00:00,1.8
EIA_69374,2026-05-29 19:00:00,1.5
EIA_69378,2026-05-29 19:00:00,1.5
EIA_69379,2026-05-29 19:00:00,0.22424689
EIA_69380,2026-05-29 19:00:00,0.19734849
EIA_69381,2026-05-29 19:00:00,1.6
EIA_69382,2026-05-29 19:00:00,1.4
EIA_69386,2026-05-29 19:00:00,1.0023552
EIA_69387,2026-05-29 19:00:00,5.0
EIA_69388,2026-05-29 19:00:00,100.0
EIA_69389,2026-05-29 19:00:00,2.86066
EIA_69390,2026-05-29 19:00:00,2.86066
EIA_69391,2026-05-29 19:00:00,4.9
EIA_69395,2026-05-29 19:00:00,0.5056918
EIA_69396,2026-05-29 19:00:00,2.4
EIA_69397,2026-05-29 19:00:00,2.0
EIA_69398,2026-05-29 19:00:00,0.8621231
EIA_69399,2026-05-29 19:00:00,0.7695423
EIA_69400,2026-05-29 19:00:00,5.0
EIA_69401,2026-05-29 19:00:00,5.0
EIA_69402,2026-05-29 19:00:00,5.0
EIA_69405,2026-05-29 19:00:00,1.8696856
EIA_69406,2026-05-29 19:00:00,1.869725
EIA_69408,2026-05-29 19:00:00,0.70969373
EIA_69409,2026-05-29 19:00:00,4.369033
EIA_69410,2026-05-29 19:00:00,3.2774134
EIA_69412,2026-05-29 19:00:00,1.9664481
EIA_69414,2026-05-29 19:00:00,270.0
EIA_69419,2026-05-29 19:00:00,5.0
EIA_69420,2026-05-29 19:00:00,1.6196254
EIA_69421,2026-05-29 19:00:00,3.4314463
EIA_69425,2026-05-29 19:00:00,1.1218108
EIA_69428,2026-05-29 19:00:00,250.0
EIA_69430,2026-05-29 19:00:00,6.0
EIA_69431,2026-05-29 19:00:00,5.0
EIA_69432,2026-05-29 19:00:00,6.0
EIA_69433,2026-05-29 19:00:00,6.0
EIA_69434,2026-05-29 19:00:00,2.0
EIA_69439,2026-05-29 19:00:00,5.0
EIA_69440,2026-05-29 19:00:00,5.0
EIA_69441,2026-05-29 19:00:00,2.6
EIA_69442,2026-05-29 19:00:00,5.0
EIA_69443,2026-05-29 19:00:00,2.3
EIA_69447,2026-05-29 19:00:00,0.9161813
EIA_69448,2026-05-29 19:00:00,1.5740538
EIA_69476,2026-05-29 19:00:00,100.0
EIA_69483,2026-05-29 19:00:00,2.8
EIA_69484,2026-05-29 19:00:00,2.2638319
EIA_69485,2026-05-29 19:00:00,2.5
EIA_69486,2026-05-29 19:00:00,2.5
EIA_69487,2026-05-29 19:00:00,2.5
EIA_69488,2026-05-29 19:00:00,2.5
EIA_69489,2026-05-29 19:00:00,3.0
EIA_69490,2026-05-29 19:00:00,2.5
EIA_69491,2026-05-29 19:00:00,2.5
EIA_69492,2026-05-29 19:00:00,2.5
EIA_69493,2026-05-29 19:00:00,2.5
EIA_69494,2026-05-29 19:00:00,2.5
EIA_69495,2026-05-29 19:00:00,2.5
EIA_69498,2026-05-29 19:00:00,8.8
EIA_69499,2026-05-29 19:00:00,12.431617
EIA_69500,2026-05-29 19:00:00,3.8
EIA_69501,2026-05-29 19:00:00,6.0
EIA_69502,2026-05-29 19:00:00,4.0
EIA_69503,2026-05-29 19:00:00,6.0
EIA_69505,2026-05-29 19:00:00,10.766811
EIA_69518,2026-05-29 19:00:00,1.3381567
EIA_69519,2026-05-29 19:00:00,2.0072365
EIA_69525,2026-05-29 19:00:00,4.3
EIA_69526,2026-05-29 19:00:00,5.0
EIA_69527,2026-05-29 19:00:00,5.0
EIA_69528,2026-05-29 19:00:00,2.3599777
EIA_69529,2026-05-29 19:00:00,2.2331824
EIA_69530,2026-05-29 19:00:00,5.0
EIA_69531,2026-05-29 19:00:00,0.67564446
EIA_69532,2026-05-29 19:00:00,5.0
EIA_69536,2026-05-29 19:00:00,4.8443193
EIA_69538,2026-05-29 19:00:00,17.219677
EIA_69542,2026-05-29 19:00:00,5.0
EIA_69543,2026-05-29 19:00:00,3.3
EIA_69544,2026-05-29 19:00:00,2.5
EIA_69545,2026-05-29 19:00:00,0.39844757
EIA_69546,2026-05-29 19:00:00,0.49895257
EIA_69550,2026-05-29 19:00:00,117.0
EIA_69557,2026-05-29 19:00:00,5.0
EIA_69561,2026-05-29 19:00:00,4.0
EIA_69563,2026-05-29 19:00:00,1.0044389
EIA_69564,2026-05-29 19:00:00,1.9
EIA_69565,2026-05-29 19:00:00,4.9
EIA_69567,2026-05-29 19:00:00,3.0
EIA_69568,2026-05-29 19:00:00,0.21774264
EIA_69569,2026-05-29 19:00:00,2.0592308
EIA_69570,2026-05-29 19:00:00,12.0
EIA_69571,2026-05-29 19:00:00,0.92288214
EIA_69572,2026-05-29 19:00:00,5.0
EIA_69573,2026-05-29 19:00:00,5.0
EIA_69580,2026-05-29 19:00:00,1.1
EIA_69581,2026-05-29 19:00:00,0.5166889
EIA_69587,2026-05-29 19:00:00,1.4
EIA_69596,2026-05-29 19:00:00,4.0
EIA_69597,2026-05-29 19:00:00,5.0
EIA_69598,2026-05-29 19:00:00,1.7187008
EIA_69599,2026-05-29 19:00:00,1.6411065
EIA_69600,2026-05-29 19:00:00,5.0
EIA_69601,2026-05-29 19:00:00,2.0
EIA_69604,2026-05-29 19:00:00,19.9
EIA_69612,2026-05-29 19:00:00,5.0
EIA_69613,2026-05-29 19:00:00,5.0
EIA_69615,2026-05-29 19:00:00,5.0
EIA_69617,2026-05-29 19:00:00,2.8
EIA_69618,2026-05-29 19:00:00,2.6977901
EIA_69621,2026-05-29 19:00:00,2.1087918
EIA_69622,2026-05-29 19:00:00,3.632469
EIA_69623,2026-05-29 19:00:00,0.86173517
EIA_69624,2026-05-29 19:00:00,2.154338
EIA_69630,2026-05-29 19:00:00,1.0
EIA_69645,2026-05-29 19:00:00,1.0
EIA_69646,2026-05-29 19:00:00,1.0
EIA_69651,2026-05-29 19:00:00,2.0
EIA_69652,2026-05-29 19:00:00,2.0
EIA_69653,2026-05-29 19:00:00,2.0
EIA_69655,2026-05-29 19:00:00,5.0
EIA_69656,2026-05-29 19:00:00,2.3
EIA_69675,2026-05-29 19:00:00,273.6
EIA_69676,2026-05-29 19:00:00,93.40748
EIA_69680,2026-05-29 19:00:00,113.1
EIA_69682,2026-05-29 19:00:00,0.68107194
EIA_69683,2026-05-29 19:00:00,1.3
EIA_69686,2026-05-29 19:00:00,3.0997376
EIA_69692,2026-05-29 19:00:00,5.0
EIA_69693,2026-05-29 19:00:00,0.7356386
EIA_69696,2026-05-29 19:00:00,2.2
EIA_69700,2026-05-29 19:00:00,1.8451972
EIA_69703,2026-05-29 19:00:00,3.3
EIA_69705,2026-05-29 19:00:00,0.27235606
EIA_69707,2026-05-29 19:00:00,0.1558469
EIA_69709,2026-05-29 19:00:00,0.6362601
EIA_69712,2026-05-29 19:00:00,0.6
EIA_69714,2026-05-29 19:00:00,2.5658937
EIA_69715,2026-05-29 19:00:00,0.6362724
EIA_69716,2026-05-29 19:00:00,4.0
EIA_69717,2026-05-29 19:00:00,0.23894025
EIA_69718,2026-05-29 19:00:00,0.22938265
EIA_69719,2026-05-29 19:00:00,2.8
EIA_69729,2026-05-29 19:00:00,1.2998929
EIA_69730,2026-05-29 19:00:00,0.92512465
EIA_69731,2026-05-29 19:00:00,1.3
EIA_69732,2026-05-29 19:00:00,3.4940317
EIA_69733,2026-05-29 19:00:00,3.1446157
EIA_69734,2026-05-29 19:00:00,1.4
EIA_69735,2026-05-29 19:00:00,5.0
EIA_69736,2026-05-29 19:00:00,0.35704458
EIA_69737,2026-05-29 19:00:00,2.5
EIA_69739,2026-05-29 19:00:00,4.8
EIA_69740,2026-05-29 19:00:00,7.2
EIA_69744,2026-05-29 19:00:00,1.2604108
EIA_69746,2026-05-29 19:00:00,1.382819
EIA_69748,2026-05-29 19:00:00,525.0
EIA_69754,2026-05-29 19:00:00,2.5
EIA_69757,2026-05-29 19:00:00,2.6
EIA_69758,2026-05-29 19:00:00,2.0
EIA_69759,2026-05-29 19:00:00,0.5929046
EIA_69774,2026-05-29 19:00:00,2.4
EIA_69800,2026-05-29 19:00:00,5.0
EIA_69801,2026-05-29 19:00:00,0.18594101
EIA_69802,2026-05-29 19:00:00,0.5434258
EIA_69822,2026-05-29 19:00:00,1.0
EIA_69824,2026-05-29 19:00:00,0.62943774
EIA_69856,2026-05-29 19:00:00,3.0
EIA_69863,2026-05-29 19:00:00,3.7
EIA_69875,2026-05-29 19:00:00,117.0
EIA_141,2026-05-29 20:00:00,0.2
EIA_960,2026-05-29 20:00:00,0.3
EIA_1172,2026-05-29 20:00:00,0.8
EIA_1187,2026-05-29 20:00:00,0.6267548
EIA_10224,2026-05-29 20:00:00,0.5
EIA_10823,2026-05-29 20:00:00,0.04327938
EIA_50026,2026-05-29 20:00:00,16.911488
EIA_50061,2026-05-29 20:00:00,0.49180493
EIA_56322,2026-05-29 20:00:00,0.5
EIA_57775,2026-05-29 20:00:00,0.5
EIA_57785,2026-05-29 20:00:00,3.6283538
EIA_57806,2026-05-29 20:00:00,0.13594851
EIA_58173,2026-05-29 20:00:00,0.1
EIA_58413,2026-05-29 20:00:00,54.4
EIA_58422,2026-05-29 20:00:00,1.3
EIA_58556,2026-05-29 20:00:00,10.1
EIA_58689,2026-05-29 20:00:00,1.3
EIA_58899,2026-05-29 20:00:00,0.5
EIA_59133,2026-05-29 20:00:00,1.0
EIA_59272,2026-05-29 20:00:00,1.5
EIA_59776,2026-05-29 20:00:00,0.2
EIA_59786,2026-05-29 20:00:00,1.9516572
EIA_59988,2026-05-29 20:00:00,1.1
EIA_60452,2026-05-29 20:00:00,1.3202018
EIA_61703,2026-05-29 20:00:00,0.02470851
EIA_61796,2026-05-29 20:00:00,20.0
EIA_61820,2026-05-29 20:00:00,0.15695179
EIA_61822,2026-05-29 20:00:00,0.2
EIA_61852,2026-05-29 20:00:00,300.0
EIA_61910,2026-05-29 20:00:00,7.0
EIA_61967,2026-05-29 20:00:00,125.0
EIA_61990,2026-05-29 20:00:00,0.1
EIA_62027,2026-05-29 20:00:00,0.7
EIA_62186,2026-05-29 20:00:00,2.0
EIA_62344,2026-05-29 20:00:00,2.0
EIA_62397,2026-05-29 20:00:00,2.0
EIA_62442,2026-05-29 20:00:00,0.06265471
EIA_62494,2026-05-29 20:00:00,250.0
EIA_62545,2026-05-29 20:00:00,0.7152462
EIA_62737,2026-05-29 20:00:00,5.0
EIA_62797,2026-05-29 20:00:00,100.0
EIA_63122,2026-05-29 20:00:00,0.60530055
EIA_63194,2026-05-29 20:00:00,300.0
EIA_63211,2026-05-29 20:00:00,250.0
EIA_63221,2026-05-29 20:00:00,0.2850912
EIA_63507,2026-05-29 20:00:00,6.8045216
EIA_63518,2026-05-29 20:00:00,68.60774
EIA_63542,2026-05-29 20:00:00,0.729374
EIA_63882,2026-05-29 20:00:00,164.15506
EIA_63884,2026-05-29 20:00:00,60.148205
EIA_63946,2026-05-29 20:00:00,2.0
EIA_64117,2026-05-29 20:00:00,4.9
EIA_64132,2026-05-29 20:00:00,153.60085
EIA_64210,2026-05-29 20:00:00,500.0
EIA_64222,2026-05-29 20:00:00,0.26223937
EIA_64223,2026-05-29 20:00:00,0.27438018
EIA_64430,2026-05-29 20:00:00,140.0
EIA_64442,2026-05-29 20:00:00,0.5
EIA_64446,2026-05-29 20:00:00,0.17577708
EIA_64509,2026-05-29 20:00:00,0.5
EIA_64512,2026-05-29 20:00:00,0.5
EIA_64513,2026-05-29 20:00:00,0.5
EIA_64536,2026-05-29 20:00:00,135.0
EIA_64564,2026-05-29 20:00:00,131.0
EIA_64567,2026-05-29 20:00:00,20.0
EIA_64729,2026-05-29 20:00:00,0.5530242
EIA_64745,2026-05-29 20:00:00,150.0
EIA_64858,2026-05-29 20:00:00,110.0
EIA_65006,2026-05-29 20:00:00,0.3884062
EIA_65024,2026-05-29 20:00:00,0.36947405
EIA_65072,2026-05-29 20:00:00,0.06286469
EIA_65139,2026-05-29 20:00:00,1.0321431
EIA_65149,2026-05-29 20:00:00,0.7092978
EIA_65279,2026-05-29 20:00:00,0.55478126
EIA_65401,2026-05-29 20:00:00,51.8
EIA_65405,2026-05-29 20:00:00,19.145323
EIA_65442,2026-05-29 20:00:00,0.24840209
EIA_65443,2026-05-29 20:00:00,1.0
EIA_65445,2026-05-29 20:00:00,145.44044
EIA_65463,2026-05-29 20:00:00,307.7906
EIA_65468,2026-05-29 20:00:00,0.5
EIA_65480,2026-05-29 20:00:00,145.0
EIA_65507,2026-05-29 20:00:00,1.3050709
EIA_65508,2026-05-29 20:00:00,2.0
EIA_65515,2026-05-29 20:00:00,1.0
EIA_65516,2026-05-29 20:00:00,1.0
EIA_65527,2026-05-29 20:00:00,2.5
EIA_65572,2026-05-29 20:00:00,250.0
EIA_65616,2026-05-29 20:00:00,2.1687233
EIA_65644,2026-05-29 20:00:00,313.9242
EIA_65659,2026-05-29 20:00:00,1.0
EIA_65827,2026-05-29 20:00:00,0.5472961
EIA_65849,2026-05-29 20:00:00,177.14134
EIA_65885,2026-05-29 20:00:00,74.5
EIA_65887,2026-05-29 20:00:00,47.160656
EIA_65888,2026-05-29 20:00:00,56.34868
EIA_65891,2026-05-29 20:00:00,131.0
EIA_65894,2026-05-29 20:00:00,210.0
EIA_65905,2026-05-29 20:00:00,44.470257
EIA_65911,2026-05-29 20:00:00,5.678181
EIA_65913,2026-05-29 20:00:00,71.2409
EIA_65940,2026-05-29 20:00:00,0.37020037
EIA_66027,2026-05-29 20:00:00,33.09762
EIA_66107,2026-05-29 20:00:00,20.0
EIA_66256,2026-05-29 20:00:00,0.62920684
EIA_66352,2026-05-29 20:00:00,5.0
EIA_66356,2026-05-29 20:00:00,5.0
EIA_66432,2026-05-29 20:00:00,2.0
EIA_66433,2026-05-29 20:00:00,0.7253216
EIA_66435,2026-05-29 20:00:00,0.24840862
EIA_66449,2026-05-29 20:00:00,0.73159885
EIA_66495,2026-05-29 20:00:00,3.510577
EIA_66520,2026-05-29 20:00:00,2.0
EIA_66523,2026-05-29 20:00:00,1.1376798
EIA_66647,2026-05-29 20:00:00,100.0
EIA_66649,2026-05-29 20:00:00,44.252556
EIA_66654,2026-05-29 20:00:00,2.0
EIA_66656,2026-05-29 20:00:00,2.0
EIA_66670,2026-05-29 20:00:00,150.0
EIA_66681,2026-05-29 20:00:00,47.803917
EIA_66688,2026-05-29 20:00:00,300.0
EIA_66739,2026-05-29 20:00:00,1.5
EIA_66740,2026-05-29 20:00:00,1.5
EIA_66756,2026-05-29 20:00:00,40.8
EIA_66760,2026-05-29 20:00:00,3.0
EIA_66774,2026-05-29 20:00:00,408.9
EIA_66775,2026-05-29 20:00:00,200.0
EIA_66827,2026-05-29 20:00:00,0.19545604
EIA_66840,2026-05-29 20:00:00,51.1
EIA_66842,2026-05-29 20:00:00,64.0
EIA_66844,2026-05-29 20:00:00,150.0
EIA_66860,2026-05-29 20:00:00,100.0
EIA_66872,2026-05-29 20:00:00,204.30498
EIA_66886,2026-05-29 20:00:00,2.4
EIA_66890,2026-05-29 20:00:00,60.0
EIA_66892,2026-05-29 20:00:00,3.148351
EIA_66897,2026-05-29 20:00:00,97.5
EIA_66899,2026-05-29 20:00:00,5.8
EIA_66903,2026-05-29 20:00:00,310.0
EIA_66951,2026-05-29 20:00:00,200.0
EIA_66983,2026-05-29 20:00:00,13.5
EIA_67007,2026-05-29 20:00:00,20.0
EIA_67022,2026-05-29 20:00:00,175.0
EIA_67033,2026-05-29 20:00:00,1.6195729
EIA_67038,2026-05-29 20:00:00,60.018265
EIA_67046,2026-05-29 20:00:00,210.0
EIA_67075,2026-05-29 20:00:00,175.57935
EIA_67076,2026-05-29 20:00:00,162.06053
EIA_67080,2026-05-29 20:00:00,0.10559887
EIA_67086,2026-05-29 20:00:00,1.8
EIA_67124,2026-05-29 20:00:00,1.1969986
EIA_67125,2026-05-29 20:00:00,2.5063117
EIA_67126,2026-05-29 20:00:00,4.3
EIA_67129,2026-05-29 20:00:00,100.0
EIA_67133,2026-05-29 20:00:00,1.4457448
EIA_67135,2026-05-29 20:00:00,3.9322758
EIA_67158,2026-05-29 20:00:00,1.0578777
EIA_67169,2026-05-29 20:00:00,1.5704732
EIA_67174,2026-05-29 20:00:00,10.0
EIA_67177,2026-05-29 20:00:00,153.0
EIA_67201,2026-05-29 20:00:00,1.4341552
EIA_67204,2026-05-29 20:00:00,100.0
EIA_67216,2026-05-29 20:00:00,18.8
EIA_67217,2026-05-29 20:00:00,20.0
EIA_67218,2026-05-29 20:00:00,20.0
EIA_67219,2026-05-29 20:00:00,20.0
EIA_67234,2026-05-29 20:00:00,0.40664744
EIA_67254,2026-05-29 20:00:00,0.18863626
EIA_67255,2026-05-29 20:00:00,2.0
EIA_67256,2026-05-29 20:00:00,2.0
EIA_67277,2026-05-29 20:00:00,0.1958798
EIA_67288,2026-05-29 20:00:00,1.4340047
EIA_67322,2026-05-29 20:00:00,11.2
EIA_67374,2026-05-29 20:00:00,5.0
EIA_67391,2026-05-29 20:00:00,4.0
EIA_67412,2026-05-29 20:00:00,0.43846217
EIA_67421,2026-05-29 20:00:00,84.4
EIA_67437,2026-05-29 20:00:00,1.5823649
EIA_67447,2026-05-29 20:00:00,0.38011202
EIA_67469,2026-05-29 20:00:00,0.27530098
EIA_67474,2026-05-29 20:00:00,300.0
EIA_67490,2026-05-29 20:00:00,5.6
EIA_67497,2026-05-29 20:00:00,100.0
EIA_67503,2026-05-29 20:00:00,170.0
EIA_67511,2026-05-29 20:00:00,200.0
EIA_67528,2026-05-29 20:00:00,148.69238
EIA_67532,2026-05-29 20:00:00,5.0
EIA_67539,2026-05-29 20:00:00,1.6
EIA_67540,2026-05-29 20:00:00,2.3
EIA_67546,2026-05-29 20:00:00,0.8439687
EIA_67554,2026-05-29 20:00:00,2.0
EIA_67583,2026-05-29 20:00:00,1.3
EIA_67584,2026-05-29 20:00:00,4.5518
EIA_67597,2026-05-29 20:00:00,11.8
EIA_67600,2026-05-29 20:00:00,0.41831157
EIA_67623,2026-05-29 20:00:00,2.0
EIA_67624,2026-05-29 20:00:00,2.0
EIA_67628,2026-05-29 20:00:00,2.0
EIA_67644,2026-05-29 20:00:00,5.0
EIA_67675,2026-05-29 20:00:00,65.0
EIA_67678,2026-05-29 20:00:00,140.0
EIA_67684,2026-05-29 20:00:00,0.27149743
EIA_67686,2026-05-29 20:00:00,4.9
EIA_67687,2026-05-29 20:00:00,2.0
EIA_67688,2026-05-29 20:00:00,1.0781379
EIA_67703,2026-05-29 20:00:00,5.0
EIA_67704,2026-05-29 20:00:00,1.4
EIA_67705,2026-05-29 20:00:00,2.3
EIA_67713,2026-05-29 20:00:00,4.0
EIA_67714,2026-05-29 20:00:00,1.5
EIA_67715,2026-05-29 20:00:00,2.0
EIA_67716,2026-05-29 20:00:00,1.9
EIA_67717,2026-05-29 20:00:00,2.0
EIA_67718,2026-05-29 20:00:00,1.9
EIA_67719,2026-05-29 20:00:00,2.0
EIA_67727,2026-05-29 20:00:00,6.0
EIA_67728,2026-05-29 20:00:00,5.0
EIA_67735,2026-05-29 20:00:00,174.50835
EIA_67751,2026-05-29 20:00:00,2.0
EIA_67762,2026-05-29 20:00:00,255.9
EIA_67765,2026-05-29 20:00:00,150.0
EIA_67793,2026-05-29 20:00:00,1.7
EIA_67797,2026-05-29 20:00:00,160.0
EIA_67804,2026-05-29 20:00:00,2.0
EIA_67822,2026-05-29 20:00:00,2.0
EIA_67823,2026-05-29 20:00:00,235.0
EIA_67834,2026-05-29 20:00:00,48.0
EIA_67850,2026-05-29 20:00:00,42.0
EIA_67859,2026-05-29 20:00:00,1.9120063
EIA_67864,2026-05-29 20:00:00,0.068875484
EIA_67867,2026-05-29 20:00:00,67.2
EIA_67872,2026-05-29 20:00:00,150.0
EIA_67873,2026-05-29 20:00:00,60.0
EIA_67900,2026-05-29 20:00:00,1.5368053
EIA_67901,2026-05-29 20:00:00,0.576302
EIA_67930,2026-05-29 20:00:00,200.0
EIA_67943,2026-05-29 20:00:00,3.0
EIA_67957,2026-05-29 20:00:00,24.306293
EIA_67964,2026-05-29 20:00:00,150.0
EIA_67965,2026-05-29 20:00:00,1.3
EIA_67969,2026-05-29 20:00:00,22.0
EIA_67979,2026-05-29 20:00:00,5.0
EIA_67997,2026-05-29 20:00:00,28.9
EIA_68008,2026-05-29 20:00:00,2.0477374
EIA_68010,2026-05-29 20:00:00,0.3500789
EIA_68023,2026-05-29 20:00:00,12.0
EIA_68025,2026-05-29 20:00:00,3.0
EIA_68026,2026-05-29 20:00:00,4.8
EIA_68037,2026-05-29 20:00:00,0.5359331
EIA_68060,2026-05-29 20:00:00,69.38589
EIA_68077,2026-05-29 20:00:00,20.0
EIA_68088,2026-05-29 20:00:00,44.76679
EIA_68096,2026-05-29 20:00:00,2.402037
EIA_68102,2026-05-29 20:00:00,1.8069184
EIA_68106,2026-05-29 20:00:00,100.0
EIA_68107,2026-05-29 20:00:00,4.4573345
EIA_68108,2026-05-29 20:00:00,4.7780347
EIA_68109,2026-05-29 20:00:00,0.9803631
EIA_68113,2026-05-29 20:00:00,1.75717
EIA_68114,2026-05-29 20:00:00,5.167579
EIA_68157,2026-05-29 20:00:00,0.49012196
EIA_68163,2026-05-29 20:00:00,2.3860817
EIA_68188,2026-05-29 20:00:00,1.5378301
EIA_68190,2026-05-29 20:00:00,1.5377964
EIA_68200,2026-05-29 20:00:00,401.4
EIA_68223,2026-05-29 20:00:00,40.8
EIA_68235,2026-05-29 20:00:00,1.1
EIA_68259,2026-05-29 20:00:00,1.2584231
EIA_68276,2026-05-29 20:00:00,8.613098
EIA_68279,2026-05-29 20:00:00,1.1
EIA_68281,2026-05-29 20:00:00,300.0
EIA_68286,2026-05-29 20:00:00,4.7256327
EIA_68327,2026-05-29 20:00:00,0.3720185
EIA_68372,2026-05-29 20:00:00,8.313777
EIA_68398,2026-05-29 20:00:00,5.0
EIA_68418,2026-05-29 20:00:00,120.0
EIA_68427,2026-05-29 20:00:00,12.9
EIA_68431,2026-05-29 20:00:00,240.0
EIA_68436,2026-05-29 20:00:00,2.9
EIA_68442,2026-05-29 20:00:00,2.7495244
EIA_68458,2026-05-29 20:00:00,216.16937
EIA_68470,2026-05-29 20:00:00,128.00264
EIA_68472,2026-05-29 20:00:00,74.9
EIA_68482,2026-05-29 20:00:00,49.9
EIA_68483,2026-05-29 20:00:00,225.0
EIA_68488,2026-05-29 20:00:00,29.52037
EIA_68489,2026-05-29 20:00:00,2.0
EIA_68516,2026-05-29 20:00:00,50.954407
EIA_68523,2026-05-29 20:00:00,0.22852613
EIA_68524,2026-05-29 20:00:00,0.22852637
EIA_68525,2026-05-29 20:00:00,0.22852641
EIA_68530,2026-05-29 20:00:00,2.0
EIA_68534,2026-05-29 20:00:00,150.0
EIA_68536,2026-05-29 20:00:00,200.0
EIA_68537,2026-05-29 20:00:00,130.23524
EIA_68538,2026-05-29 20:00:00,2.3
EIA_68540,2026-05-29 20:00:00,1.3
EIA_68544,2026-05-29 20:00:00,2.0
EIA_68550,2026-05-29 20:00:00,0.50529146
EIA_68551,2026-05-29 20:00:00,74.5
EIA_68587,2026-05-29 20:00:00,93.404594
EIA_68588,2026-05-29 20:00:00,93.404594
EIA_68595,2026-05-29 20:00:00,75.0
EIA_68615,2026-05-29 20:00:00,2.4
EIA_68670,2026-05-29 20:00:00,58.434505
EIA_68674,2026-05-29 20:00:00,0.7259276
EIA_68682,2026-05-29 20:00:00,0.44661352
EIA_68706,2026-05-29 20:00:00,8.095207
EIA_68708,2026-05-29 20:00:00,4.769559
EIA_68729,2026-05-29 20:00:00,2.086648
EIA_68754,2026-05-29 20:00:00,4.3
EIA_68756,2026-05-29 20:00:00,5.0
EIA_68757,2026-05-29 20:00:00,3.2750754
EIA_68776,2026-05-29 20:00:00,237.1
EIA_68791,2026-05-29 20:00:00,1.0153347
EIA_68794,2026-05-29 20:00:00,0.41065812
EIA_68795,2026-05-29 20:00:00,1.624836
EIA_68796,2026-05-29 20:00:00,0.50037706
EIA_68803,2026-05-29 20:00:00,1.5
EIA_68817,2026-05-29 20:00:00,37.57158
EIA_68820,2026-05-29 20:00:00,73.97932
EIA_68822,2026-05-29 20:00:00,74.5
EIA_68823,2026-05-29 20:00:00,64.79902
EIA_68838,2026-05-29 20:00:00,515.0
EIA_68846,2026-05-29 20:00:00,148.0
EIA_68856,2026-05-29 20:00:00,89.41122
EIA_68880,2026-05-29 20:00:00,98.65112
EIA_68885,2026-05-29 20:00:00,3.0
EIA_68886,2026-05-29 20:00:00,3.0
EIA_68892,2026-05-29 20:00:00,1.4
EIA_68894,2026-05-29 20:00:00,150.0
EIA_68906,2026-05-29 20:00:00,300.0
EIA_68919,2026-05-29 20:00:00,2.0
EIA_68921,2026-05-29 20:00:00,2.0
EIA_68927,2026-05-29 20:00:00,18.57422
EIA_68928,2026-05-29 20:00:00,10.8
EIA_68941,2026-05-29 20:00:00,1.2833247
EIA_68943,2026-05-29 20:00:00,5.0
EIA_68944,2026-05-29 20:00:00,5.0
EIA_68945,2026-05-29 20:00:00,2.4886322
EIA_68957,2026-05-29 20:00:00,5.0
EIA_68960,2026-05-29 20:00:00,2.0
EIA_68964,2026-05-29 20:00:00,3.9
EIA_68966,2026-05-29 20:00:00,0.5425618
EIA_68971,2026-05-29 20:00:00,5.0
EIA_68991,2026-05-29 20:00:00,5.0
EIA_68998,2026-05-29 20:00:00,117.85102
EIA_69002,2026-05-29 20:00:00,0.33482733
EIA_69009,2026-05-29 20:00:00,0.40266028
EIA_69014,2026-05-29 20:00:00,1.6712888
EIA_69015,2026-05-29 20:00:00,5.0
EIA_69016,2026-05-29 20:00:00,4.5
EIA_69017,2026-05-29 20:00:00,3.7
EIA_69018,2026-05-29 20:00:00,0.29843265
EIA_69027,2026-05-29 20:00:00,100.0
EIA_69031,2026-05-29 20:00:00,2.0
EIA_69032,2026-05-29 20:00:00,3.6
EIA_69033,2026-05-29 20:00:00,4.9
EIA_69039,2026-05-29 20:00:00,1.8929392
EIA_69042,2026-05-29 20:00:00,10.8
EIA_69043,2026-05-29 20:00:00,2.9792044
EIA_69046,2026-05-29 20:00:00,2.0
EIA_69048,2026-05-29 20:00:00,0.5263986
EIA_69051,2026-05-29 20:00:00,3.0
EIA_69061,2026-05-29 20:00:00,5.0
EIA_69062,2026-05-29 20:00:00,5.0
EIA_69063,2026-05-29 20:00:00,200.0
EIA_69066,2026-05-29 20:00:00,5.0
EIA_69068,2026-05-29 20:00:00,2.65968
EIA_69070,2026-05-29 20:00:00,4.3723354
EIA_69078,2026-05-29 20:00:00,5.0
EIA_69086,2026-05-29 20:00:00,2.926133
EIA_69095,2026-05-29 20:00:00,1.1952691
EIA_69096,2026-05-29 20:00:00,5.0
EIA_69100,2026-05-29 20:00:00,323.2038
EIA_69101,2026-05-29 20:00:00,200.0
EIA_69103,2026-05-29 20:00:00,5.0
EIA_69104,2026-05-29 20:00:00,5.0
EIA_69106,2026-05-29 20:00:00,5.0
EIA_69107,2026-05-29 20:00:00,4.763006
EIA_69109,2026-05-29 20:00:00,1.4
EIA_69112,2026-05-29 20:00:00,1.3
EIA_69113,2026-05-29 20:00:00,2.7
EIA_69114,2026-05-29 20:00:00,3.0469205
EIA_69115,2026-05-29 20:00:00,1.0
EIA_69116,2026-05-29 20:00:00,2.5
EIA_69117,2026-05-29 20:00:00,1.0
EIA_69118,2026-05-29 20:00:00,1.1
EIA_69123,2026-05-29 20:00:00,2.0974026
EIA_69124,2026-05-29 20:00:00,0.23902787
EIA_69125,2026-05-29 20:00:00,0.19653405
EIA_69126,2026-05-29 20:00:00,0.36476365
EIA_69127,2026-05-29 20:00:00,0.39107895
EIA_69129,2026-05-29 20:00:00,0.41880092
EIA_69130,2026-05-29 20:00:00,4.0
EIA_69131,2026-05-29 20:00:00,0.46860206
EIA_69132,2026-05-29 20:00:00,1.7
EIA_69133,2026-05-29 20:00:00,1.0692991
EIA_69134,2026-05-29 20:00:00,0.4978841
EIA_69135,2026-05-29 20:00:00,1.0
EIA_69137,2026-05-29 20:00:00,4.504567
EIA_69140,2026-05-29 20:00:00,1.3
EIA_69141,2026-05-29 20:00:00,4.0
EIA_69142,2026-05-29 20:00:00,1.0
EIA_69143,2026-05-29 20:00:00,88.730705
EIA_69145,2026-05-29 20:00:00,0.048433937
EIA_69153,2026-05-29 20:00:00,1.0860296
EIA_69154,2026-05-29 20:00:00,1.0208623
EIA_69161,2026-05-29 20:00:00,0.6535452
EIA_69163,2026-05-29 20:00:00,2.0
EIA_69164,2026-05-29 20:00:00,41.359005
EIA_69166,2026-05-29 20:00:00,161.02023
EIA_69172,2026-05-29 20:00:00,80.0
EIA_69179,2026-05-29 20:00:00,5.0
EIA_69183,2026-05-29 20:00:00,2.0
EIA_69187,2026-05-29 20:00:00,19.8
EIA_69188,2026-05-29 20:00:00,2.9
EIA_69190,2026-05-29 20:00:00,1.6
EIA_69192,2026-05-29 20:00:00,6.5472217
EIA_69193,2026-05-29 20:00:00,2.5
EIA_69201,2026-05-29 20:00:00,2.0
EIA_69210,2026-05-29 20:00:00,0.31843662
EIA_69212,2026-05-29 20:00:00,0.3695595
EIA_69213,2026-05-29 20:00:00,5.0
EIA_69214,2026-05-29 20:00:00,4.432111
EIA_69216,2026-05-29 20:00:00,5.0
EIA_69219,2026-05-29 20:00:00,0.9787063
EIA_69221,2026-05-29 20:00:00,1.2
EIA_69227,2026-05-29 20:00:00,0.3772233
EIA_69228,2026-05-29 20:00:00,1.4814489
EIA_69230,2026-05-29 20:00:00,5.0
EIA_69233,2026-05-29 20:00:00,0.46113533
EIA_69235,2026-05-29 20:00:00,20.0
EIA_69236,2026-05-29 20:00:00,30.578726
EIA_69240,2026-05-29 20:00:00,5.0
EIA_69241,2026-05-29 20:00:00,4.476789
EIA_69243,2026-05-29 20:00:00,2.2916934
EIA_69247,2026-05-29 20:00:00,1.3
EIA_69248,2026-05-29 20:00:00,1.0
EIA_69261,2026-05-29 20:00:00,10.0
EIA_69263,2026-05-29 20:00:00,10.0
EIA_69264,2026-05-29 20:00:00,3.5
EIA_69265,2026-05-29 20:00:00,7.264801
EIA_69273,2026-05-29 20:00:00,0.11291609
EIA_69280,2026-05-29 20:00:00,1.7508286
EIA_69281,2026-05-29 20:00:00,1.7508599
EIA_69284,2026-05-29 20:00:00,0.755615
EIA_69285,2026-05-29 20:00:00,0.6142915
EIA_69287,2026-05-29 20:00:00,9.9
EIA_69288,2026-05-29 20:00:00,1.6
EIA_69289,2026-05-29 20:00:00,9.9
EIA_69303,2026-05-29 20:00:00,0.5678858
EIA_69304,2026-05-29 20:00:00,0.8743506
EIA_69306,2026-05-29 20:00:00,8.8
EIA_69307,2026-05-29 20:00:00,0.27740186
EIA_69314,2026-05-29 20:00:00,2.0
EIA_69315,2026-05-29 20:00:00,5.0
EIA_69316,2026-05-29 20:00:00,5.0
EIA_69317,2026-05-29 20:00:00,5.0
EIA_69319,2026-05-29 20:00:00,139.60771
EIA_69320,2026-05-29 20:00:00,480.0
EIA_69321,2026-05-29 20:00:00,104.007744
EIA_69325,2026-05-29 20:00:00,2.0
EIA_69326,2026-05-29 20:00:00,2.0
EIA_69328,2026-05-29 20:00:00,4.1
EIA_69330,2026-05-29 20:00:00,5.0
EIA_69354,2026-05-29 20:00:00,74.9
EIA_69355,2026-05-29 20:00:00,1.7770443
EIA_69368,2026-05-29 20:00:00,4.5
EIA_69370,2026-05-29 20:00:00,1.8
EIA_69374,2026-05-29 20:00:00,1.5
EIA_69378,2026-05-29 20:00:00,1.5
EIA_69379,2026-05-29 20:00:00,0.19253202
EIA_69380,2026-05-29 20:00:00,0.16944109
EIA_69381,2026-05-29 20:00:00,1.6
EIA_69382,2026-05-29 20:00:00,1.4
EIA_69386,2026-05-29 20:00:00,2.1816497
EIA_69387,2026-05-29 20:00:00,5.0
EIA_69388,2026-05-29 20:00:00,100.0
EIA_69389,2026-05-29 20:00:00,5.0
EIA_69390,2026-05-29 20:00:00,5.0
EIA_69391,2026-05-29 20:00:00,4.9
EIA_69395,2026-05-29 20:00:00,0.3589539
EIA_69396,2026-05-29 20:00:00,2.4
EIA_69397,2026-05-29 20:00:00,2.0
EIA_69398,2026-05-29 20:00:00,1.7665594
EIA_69399,2026-05-29 20:00:00,0.546245
EIA_69400,2026-05-29 20:00:00,5.0
EIA_69401,2026-05-29 20:00:00,5.0
EIA_69402,2026-05-29 20:00:00,5.0
EIA_69405,2026-05-29 20:00:00,0.8607305
EIA_69406,2026-05-29 20:00:00,0.8607558
EIA_69408,2026-05-29 20:00:00,0.4687953
EIA_69409,2026-05-29 20:00:00,0.5891182
EIA_69410,2026-05-29 20:00:00,0.62462634
EIA_69412,2026-05-29 20:00:00,0.3747758
EIA_69414,2026-05-29 20:00:00,270.0
EIA_69419,2026-05-29 20:00:00,5.0
EIA_69420,2026-05-29 20:00:00,0.18538713
EIA_69421,2026-05-29 20:00:00,3.6826563
EIA_69425,2026-05-29 20:00:00,0.51643795
EIA_69428,2026-05-29 20:00:00,250.0
EIA_69430,2026-05-29 20:00:00,6.0
EIA_69431,2026-05-29 20:00:00,5.0
EIA_69432,2026-05-29 20:00:00,6.0
EIA_69433,2026-05-29 20:00:00,6.0
EIA_69434,2026-05-29 20:00:00,2.0
EIA_69439,2026-05-29 20:00:00,5.0
EIA_69440,2026-05-29 20:00:00,5.0
EIA_69441,2026-05-29 20:00:00,2.6
EIA_69442,2026-05-29 20:00:00,5.0
EIA_69443,2026-05-29 20:00:00,2.3
EIA_69447,2026-05-29 20:00:00,0.20558017
EIA_69448,2026-05-29 20:00:00,0.99461085
EIA_69476,2026-05-29 20:00:00,100.0
EIA_69483,2026-05-29 20:00:00,2.8
EIA_69484,2026-05-29 20:00:00,2.5523949
EIA_69485,2026-05-29 20:00:00,2.5
EIA_69486,2026-05-29 20:00:00,2.191191
EIA_69487,2026-05-29 20:00:00,2.3563466
EIA_69488,2026-05-29 20:00:00,2.5
EIA_69489,2026-05-29 20:00:00,3.0
EIA_69490,2026-05-29 20:00:00,2.5
EIA_69491,2026-05-29 20:00:00,2.5
EIA_69492,2026-05-29 20:00:00,2.4299383
EIA_69493,2026-05-29 20:00:00,2.2659395
EIA_69494,2026-05-29 20:00:00,2.031941
EIA_69495,2026-05-29 20:00:00,2.5
EIA_69498,2026-05-29 20:00:00,8.8
EIA_69499,2026-05-29 20:00:00,9.232119
EIA_69500,2026-05-29 20:00:00,3.8
EIA_69501,2026-05-29 20:00:00,6.0
EIA_69502,2026-05-29 20:00:00,4.0
EIA_69503,2026-05-29 20:00:00,6.0
EIA_69505,2026-05-29 20:00:00,7.2567544
EIA_69518,2026-05-29 20:00:00,0.82527983
EIA_69519,2026-05-29 20:00:00,1.2379196
EIA_69525,2026-05-29 20:00:00,4.3
EIA_69526,2026-05-29 20:00:00,5.0
EIA_69527,2026-05-29 20:00:00,5.0
EIA_69528,2026-05-29 20:00:00,1.7441344
EIA_69529,2026-05-29 20:00:00,3.970684
EIA_69530,2026-05-29 20:00:00,4.877112
EIA_69531,2026-05-29 20:00:00,0.72186846
EIA_69532,2026-05-29 20:00:00,5.0
EIA_69536,2026-05-29 20:00:00,5.2448416
EIA_69538,2026-05-29 20:00:00,15.3738575
EIA_69542,2026-05-29 20:00:00,5.0
EIA_69543,2026-05-29 20:00:00,3.3
EIA_69544,2026-05-29 20:00:00,2.5
EIA_69545,2026-05-29 20:00:00,0.19718099
EIA_69546,2026-05-29 20:00:00,1.1358337
EIA_69550,2026-05-29 20:00:00,117.0
EIA_69557,2026-05-29 20:00:00,5.0
EIA_69561,2026-05-29 20:00:00,4.0
EIA_69563,2026-05-29 20:00:00,1.235563
EIA_69564,2026-05-29 20:00:00,1.9
EIA_69565,2026-05-29 20:00:00,4.9
EIA_69567,2026-05-29 20:00:00,3.0
EIA_69568,2026-05-29 20:00:00,0.8481118
EIA_69569,2026-05-29 20:00:00,4.338998
EIA_69570,2026-05-29 20:00:00,12.0
EIA_69571,2026-05-29 20:00:00,0.8949845
EIA_69572,2026-05-29 20:00:00,5.0
EIA_69573,2026-05-29 20:00:00,5.0
EIA_69580,2026-05-29 20:00:00,1.0336876
EIA_69581,2026-05-29 20:00:00,0.1610589
EIA_69587,2026-05-29 20:00:00,1.4
EIA_69596,2026-05-29 20:00:00,3.2694194
EIA_69597,2026-05-29 20:00:00,4.086734
EIA_69598,2026-05-29 20:00:00,1.3323896
EIA_69599,2026-05-29 20:00:00,1.2147478
EIA_69600,2026-05-29 20:00:00,4.8618903
EIA_69601,2026-05-29 20:00:00,1.9447215
EIA_69604,2026-05-29 20:00:00,19.9
EIA_69612,2026-05-29 20:00:00,5.0
EIA_69613,2026-05-29 20:00:00,5.0
EIA_69615,2026-05-29 20:00:00,5.0
EIA_69617,2026-05-29 20:00:00,2.8
EIA_69618,2026-05-29 20:00:00,1.3633139
EIA_69621,2026-05-29 20:00:00,0.49246946
EIA_69622,2026-05-29 20:00:00,1.7825373
EIA_69623,2026-05-29 20:00:00,0.20860009
EIA_69624,2026-05-29 20:00:00,0.52150023
EIA_69630,2026-05-29 20:00:00,1.0
EIA_69645,2026-05-29 20:00:00,1.0
EIA_69646,2026-05-29 20:00:00,1.0
EIA_69651,2026-05-29 20:00:00,2.0
EIA_69652,2026-05-29 20:00:00,2.0
EIA_69653,2026-05-29 20:00:00,2.0
EIA_69655,2026-05-29 20:00:00,5.0
EIA_69656,2026-05-29 20:00:00,2.3
EIA_69675,2026-05-29 20:00:00,273.6
EIA_69676,2026-05-29 20:00:00,85.587875
EIA_69680,2026-05-29 20:00:00,113.1
EIA_69682,2026-05-29 20:00:00,0.840085
EIA_69683,2026-05-29 20:00:00,1.3
EIA_69686,2026-05-29 20:00:00,2.25031
EIA_69692,2026-05-29 20:00:00,5.0
EIA_69693,2026-05-29 20:00:00,0.42013824
EIA_69696,2026-05-29 20:00:00,2.2
EIA_69700,2026-05-29 20:00:00,1.416147
EIA_69703,2026-05-29 20:00:00,3.3
EIA_69705,2026-05-29 20:00:00,0.119871646
EIA_69707,2026-05-29 20:00:00,0.11342127
EIA_69709,2026-05-29 20:00:00,0.32422608
EIA_69712,2026-05-29 20:00:00,0.6
EIA_69714,2026-05-29 20:00:00,0.50257534
EIA_69715,2026-05-29 20:00:00,0.32423505
EIA_69716,2026-05-29 20:00:00,4.0
EIA_69717,2026-05-29 20:00:00,1.4331024
EIA_69718,2026-05-29 20:00:00,1.3757783
EIA_69719,2026-05-29 20:00:00,2.8
EIA_69729,2026-05-29 20:00:00,0.29272643
EIA_69730,2026-05-29 20:00:00,0.3728809
EIA_69731,2026-05-29 20:00:00,1.3
EIA_69732,2026-05-29 20:00:00,3.387215
EIA_69733,2026-05-29 20:00:00,3.0484588
EIA_69734,2026-05-29 20:00:00,1.4
EIA_69735,2026-05-29 20:00:00,5.0
EIA_69736,2026-05-29 20:00:00,0.21702965
EIA_69737,2026-05-29 20:00:00,2.3866067
EIA_69739,2026-05-29 20:00:00,4.8
EIA_69740,2026-05-29 20:00:00,7.2
EIA_69744,2026-05-29 20:00:00,0.842541
EIA_69746,2026-05-29 20:00:00,0.92834413
EIA_69748,2026-05-29 20:00:00,525.0
EIA_69754,2026-05-29 20:00:00,1.8264495
EIA_69757,2026-05-29 20:00:00,2.6
EIA_69758,2026-05-29 20:00:00,2.0
EIA_69759,2026-05-29 20:00:00,0.2909007
EIA_69774,2026-05-29 20:00:00,2.4
EIA_69800,2026-05-29 20:00:00,5.0
EIA_69801,2026-05-29 20:00:00,0.6811873
EIA_69802,2026-05-29 20:00:00,2.3715675
EIA_69822,2026-05-29 20:00:00,1.0
EIA_69824,2026-05-29 20:00:00,1.7993886
EIA_69856,2026-05-29 20:00:00,3.0
EIA_69863,2026-05-29 20:00:00,3.7
EIA_69875,2026-05-29 20:00:00,117.0
EIA_141,2026-05-29 21:00:00,0.2
EIA_960,2026-05-29 21:00:00,0.3
EIA_1172,2026-05-29 21:00:00,0.7631348
EIA_1187,2026-05-29 21:00:00,0.27613673
EIA_10224,2026-05-29 21:00:00,0.5
EIA_10823,2026-05-29 21:00:00,0.036526635
EIA_50026,2026-05-29 21:00:00,27.5
EIA_50061,2026-05-29 21:00:00,0.3675469
EIA_56322,2026-05-29 21:00:00,0.5
EIA_57775,2026-05-29 21:00:00,0.5
EIA_57785,2026-05-29 21:00:00,4.964505
EIA_57806,2026-05-29 21:00:00,0.24511856
EIA_58173,2026-05-29 21:00:00,0.1
EIA_58413,2026-05-29 21:00:00,54.4
EIA_58422,2026-05-29 21:00:00,1.3
EIA_58556,2026-05-29 21:00:00,10.1
EIA_58689,2026-05-29 21:00:00,1.0360911
EIA_58899,2026-05-29 21:00:00,0.5
EIA_59133,2026-05-29 21:00:00,1.0
EIA_59272,2026-05-29 21:00:00,1.5
EIA_59776,2026-05-29 21:00:00,0.2
EIA_59786,2026-05-29 21:00:00,3.0
EIA_59988,2026-05-29 21:00:00,1.1
EIA_60452,2026-05-29 21:00:00,0.81851417
EIA_61703,2026-05-29 21:00:00,0.027168462
EIA_61796,2026-05-29 21:00:00,20.0
EIA_61820,2026-05-29 21:00:00,0.11168931
EIA_61822,2026-05-29 21:00:00,0.2
EIA_61852,2026-05-29 21:00:00,300.0
EIA_61910,2026-05-29 21:00:00,7.0
EIA_61967,2026-05-29 21:00:00,125.0
EIA_61990,2026-05-29 21:00:00,0.1
EIA_62027,2026-05-29 21:00:00,0.7
EIA_62186,2026-05-29 21:00:00,2.0
EIA_62344,2026-05-29 21:00:00,2.0
EIA_62397,2026-05-29 21:00:00,2.0
EIA_62442,2026-05-29 21:00:00,0.03209985
EIA_62494,2026-05-29 21:00:00,250.0
EIA_62545,2026-05-29 21:00:00,0.9596144
EIA_62737,2026-05-29 21:00:00,5.0
EIA_62797,2026-05-29 21:00:00,100.0
EIA_63122,2026-05-29 21:00:00,0.96974707
EIA_63194,2026-05-29 21:00:00,300.0
EIA_63211,2026-05-29 21:00:00,249.9146
EIA_63221,2026-05-29 21:00:00,0.1968302
EIA_63507,2026-05-29 21:00:00,8.902977
EIA_63518,2026-05-29 21:00:00,20.025835
EIA_63542,2026-05-29 21:00:00,0.4760444
EIA_63882,2026-05-29 21:00:00,200.0
EIA_63884,2026-05-29 21:00:00,310.0
EIA_63946,2026-05-29 21:00:00,2.0
EIA_64117,2026-05-29 21:00:00,4.9
EIA_64132,2026-05-29 21:00:00,167.6848
EIA_64210,2026-05-29 21:00:00,500.0
EIA_64222,2026-05-29 21:00:00,0.11248652
EIA_64223,2026-05-29 21:00:00,0.32671073
EIA_64430,2026-05-29 21:00:00,140.0
EIA_64442,2026-05-29 21:00:00,0.23234932
EIA_64446,2026-05-29 21:00:00,0.09898299
EIA_64509,2026-05-29 21:00:00,0.5
EIA_64512,2026-05-29 21:00:00,0.5
EIA_64513,2026-05-29 21:00:00,0.5
EIA_64536,2026-05-29 21:00:00,135.0
EIA_64564,2026-05-29 21:00:00,131.0
EIA_64567,2026-05-29 21:00:00,20.0
EIA_64729,2026-05-29 21:00:00,1.0
EIA_64745,2026-05-29 21:00:00,150.0
EIA_64858,2026-05-29 21:00:00,109.99352
EIA_65006,2026-05-29 21:00:00,0.61547244
EIA_65024,2026-05-29 21:00:00,0.493413
EIA_65072,2026-05-29 21:00:00,0.22534665
EIA_65139,2026-05-29 21:00:00,0.3423207
EIA_65149,2026-05-29 21:00:00,0.5372047
EIA_65279,2026-05-29 21:00:00,0.45428056
EIA_65401,2026-05-29 21:00:00,51.8
EIA_65405,2026-05-29 21:00:00,21.78837
EIA_65442,2026-05-29 21:00:00,0.67743134
EIA_65443,2026-05-29 21:00:00,1.0
EIA_65445,2026-05-29 21:00:00,154.21043
EIA_65463,2026-05-29 21:00:00,373.03888
EIA_65468,2026-05-29 21:00:00,0.5
EIA_65480,2026-05-29 21:00:00,145.0
EIA_65507,2026-05-29 21:00:00,1.0099326
EIA_65508,2026-05-29 21:00:00,2.0
EIA_65515,2026-05-29 21:00:00,0.65463775
EIA_65516,2026-05-29 21:00:00,0.6546415
EIA_65527,2026-05-29 21:00:00,2.5
EIA_65572,2026-05-29 21:00:00,250.0
EIA_65616,2026-05-29 21:00:00,2.4435384
EIA_65644,2026-05-29 21:00:00,318.6427
EIA_65659,2026-05-29 21:00:00,1.0
EIA_65827,2026-05-29 21:00:00,0.22415619
EIA_65849,2026-05-29 21:00:00,180.0
EIA_65885,2026-05-29 21:00:00,69.052605
EIA_65887,2026-05-29 21:00:00,38.394527
EIA_65888,2026-05-29 21:00:00,37.480354
EIA_65891,2026-05-29 21:00:00,131.0
EIA_65894,2026-05-29 21:00:00,210.0
EIA_65905,2026-05-29 21:00:00,67.08405
EIA_65911,2026-05-29 21:00:00,37.826035
EIA_65913,2026-05-29 21:00:00,19.89131
EIA_65940,2026-05-29 21:00:00,0.099717796
EIA_66027,2026-05-29 21:00:00,27.538567
EIA_66107,2026-05-29 21:00:00,20.0
EIA_66256,2026-05-29 21:00:00,0.14126956
EIA_66352,2026-05-29 21:00:00,5.0
EIA_66356,2026-05-29 21:00:00,5.0
EIA_66432,2026-05-29 21:00:00,1.6540773
EIA_66433,2026-05-29 21:00:00,0.6860237
EIA_66435,2026-05-29 21:00:00,0.6774146
EIA_66449,2026-05-29 21:00:00,0.476422
EIA_66495,2026-05-29 21:00:00,3.6023495
EIA_66520,2026-05-29 21:00:00,2.0
EIA_66523,2026-05-29 21:00:00,1.3903468
EIA_66647,2026-05-29 21:00:00,100.0
EIA_66649,2026-05-29 21:00:00,66.90726
EIA_66654,2026-05-29 21:00:00,2.0
EIA_66656,2026-05-29 21:00:00,2.0
EIA_66670,2026-05-29 21:00:00,150.0
EIA_66681,2026-05-29 21:00:00,49.0
EIA_66688,2026-05-29 21:00:00,300.0
EIA_66739,2026-05-29 21:00:00,1.1621114
EIA_66740,2026-05-29 21:00:00,1.5
EIA_66756,2026-05-29 21:00:00,40.8
EIA_66760,2026-05-29 21:00:00,3.0
EIA_66774,2026-05-29 21:00:00,408.9
EIA_66775,2026-05-29 21:00:00,200.0
EIA_66827,2026-05-29 21:00:00,0.55307025
EIA_66840,2026-05-29 21:00:00,51.1
EIA_66842,2026-05-29 21:00:00,64.0
EIA_66844,2026-05-29 21:00:00,150.0
EIA_66860,2026-05-29 21:00:00,100.0
EIA_66872,2026-05-29 21:00:00,162.19254
EIA_66886,2026-05-29 21:00:00,0.8007531
EIA_66890,2026-05-29 21:00:00,60.0
EIA_66892,2026-05-29 21:00:00,3.504007
EIA_66897,2026-05-29 21:00:00,97.5
EIA_66899,2026-05-29 21:00:00,5.8
EIA_66903,2026-05-29 21:00:00,310.0
EIA_66951,2026-05-29 21:00:00,151.49634
EIA_66983,2026-05-29 21:00:00,13.5
EIA_67007,2026-05-29 21:00:00,20.0
EIA_67022,2026-05-29 21:00:00,175.0
EIA_67033,2026-05-29 21:00:00,0.026713984
EIA_67038,2026-05-29 21:00:00,91.07097
EIA_67046,2026-05-29 21:00:00,210.0
EIA_67075,2026-05-29 21:00:00,162.88574
EIA_67076,2026-05-29 21:00:00,77.04047
EIA_67080,2026-05-29 21:00:00,1.4572955
EIA_67086,2026-05-29 21:00:00,1.8
EIA_67124,2026-05-29 21:00:00,0.6119778
EIA_67125,2026-05-29 21:00:00,0.64756817
EIA_67126,2026-05-29 21:00:00,4.3
EIA_67129,2026-05-29 21:00:00,100.0
EIA_67133,2026-05-29 21:00:00,1.4643222
EIA_67135,2026-05-29 21:00:00,1.5286881
EIA_67158,2026-05-29 21:00:00,0.719855
EIA_67169,2026-05-29 21:00:00,3.2005396
EIA_67174,2026-05-29 21:00:00,8.219518
EIA_67177,2026-05-29 21:00:00,133.28018
EIA_67201,2026-05-29 21:00:00,9.8
EIA_67204,2026-05-29 21:00:00,92.112366
EIA_67216,2026-05-29 21:00:00,18.8
EIA_67217,2026-05-29 21:00:00,20.0
EIA_67218,2026-05-29 21:00:00,20.0
EIA_67219,2026-05-29 21:00:00,20.0
EIA_67234,2026-05-29 21:00:00,0.11147953
EIA_67254,2026-05-29 21:00:00,0.69883776
EIA_67255,2026-05-29 21:00:00,2.0
EIA_67256,2026-05-29 21:00:00,2.0
EIA_67277,2026-05-29 21:00:00,0.4540716
EIA_67288,2026-05-29 21:00:00,2.117948
EIA_67322,2026-05-29 21:00:00,11.2
EIA_67374,2026-05-29 21:00:00,5.0
EIA_67391,2026-05-29 21:00:00,4.0
EIA_67412,2026-05-29 21:00:00,0.8642167
EIA_67421,2026-05-29 21:00:00,84.4
EIA_67437,2026-05-29 21:00:00,0.030620154
EIA_67447,2026-05-29 21:00:00,0.2944731
EIA_67469,2026-05-29 21:00:00,0.14949103
EIA_67474,2026-05-29 21:00:00,300.0
EIA_67490,2026-05-29 21:00:00,5.6
EIA_67497,2026-05-29 21:00:00,100.0
EIA_67503,2026-05-29 21:00:00,170.0
EIA_67511,2026-05-29 21:00:00,200.0
EIA_67528,2026-05-29 21:00:00,150.0
EIA_67532,2026-05-29 21:00:00,5.0
EIA_67539,2026-05-29 21:00:00,1.6
EIA_67540,2026-05-29 21:00:00,2.3
EIA_67546,2026-05-29 21:00:00,0.96594167
EIA_67554,2026-05-29 21:00:00,2.0
EIA_67583,2026-05-29 21:00:00,1.3
EIA_67584,2026-05-29 21:00:00,4.8
EIA_67597,2026-05-29 21:00:00,11.8
EIA_67600,2026-05-29 21:00:00,0.27524197
EIA_67623,2026-05-29 21:00:00,2.0
EIA_67624,2026-05-29 21:00:00,2.0
EIA_67628,2026-05-29 21:00:00,2.0
EIA_67644,2026-05-29 21:00:00,5.0
EIA_67675,2026-05-29 21:00:00,65.0
EIA_67678,2026-05-29 21:00:00,140.0
EIA_67684,2026-05-29 21:00:00,0.46431822
EIA_67686,2026-05-29 21:00:00,4.9
EIA_67687,2026-05-29 21:00:00,2.0
EIA_67688,2026-05-29 21:00:00,0.9686904
EIA_67703,2026-05-29 21:00:00,1.7304446
EIA_67704,2026-05-29 21:00:00,1.4
EIA_67705,2026-05-29 21:00:00,2.3
EIA_67713,2026-05-29 21:00:00,4.0
EIA_67714,2026-05-29 21:00:00,1.5
EIA_67715,2026-05-29 21:00:00,2.0
EIA_67716,2026-05-29 21:00:00,1.9
EIA_67717,2026-05-29 21:00:00,2.0
EIA_67718,2026-05-29 21:00:00,1.9
EIA_67719,2026-05-29 21:00:00,2.0
EIA_67727,2026-05-29 21:00:00,6.0
EIA_67728,2026-05-29 21:00:00,5.0
EIA_67735,2026-05-29 21:00:00,97.37391
EIA_67751,2026-05-29 21:00:00,2.0
EIA_67762,2026-05-29 21:00:00,255.9
EIA_67765,2026-05-29 21:00:00,150.0
EIA_67793,2026-05-29 21:00:00,1.7
EIA_67797,2026-05-29 21:00:00,160.0
EIA_67804,2026-05-29 21:00:00,2.0
EIA_67822,2026-05-29 21:00:00,2.0
EIA_67823,2026-05-29 21:00:00,235.0
EIA_67834,2026-05-29 21:00:00,48.0
EIA_67850,2026-05-29 21:00:00,42.0
EIA_67859,2026-05-29 21:00:00,2.8239305
EIA_67864,2026-05-29 21:00:00,1.4674275
EIA_67867,2026-05-29 21:00:00,67.2
EIA_67872,2026-05-29 21:00:00,149.6132
EIA_67873,2026-05-29 21:00:00,60.0
EIA_67900,2026-05-29 21:00:00,0.724118
EIA_67901,2026-05-29 21:00:00,0.27154425
EIA_67930,2026-05-29 21:00:00,200.0
EIA_67943,2026-05-29 21:00:00,3.0
EIA_67957,2026-05-29 21:00:00,44.704628
EIA_67964,2026-05-29 21:00:00,150.0
EIA_67965,2026-05-29 21:00:00,1.3
EIA_67969,2026-05-29 21:00:00,22.0
EIA_67979,2026-05-29 21:00:00,0.74008197
EIA_67997,2026-05-29 21:00:00,28.9
EIA_68008,2026-05-29 21:00:00,0.11838509
EIA_68010,2026-05-29 21:00:00,1.0878872
EIA_68023,2026-05-29 21:00:00,12.0
EIA_68025,2026-05-29 21:00:00,3.0
EIA_68026,2026-05-29 21:00:00,4.8
EIA_68037,2026-05-29 21:00:00,0.08438626
EIA_68060,2026-05-29 21:00:00,55.217827
EIA_68077,2026-05-29 21:00:00,20.0
EIA_68088,2026-05-29 21:00:00,100.60082
EIA_68096,2026-05-29 21:00:00,2.852375
EIA_68102,2026-05-29 21:00:00,2.4928749
EIA_68106,2026-05-29 21:00:00,100.0
EIA_68107,2026-05-29 21:00:00,3.4243875
EIA_68108,2026-05-29 21:00:00,1.6627383
EIA_68109,2026-05-29 21:00:00,0.42005205
EIA_68113,2026-05-29 21:00:00,1.5545017
EIA_68114,2026-05-29 21:00:00,3.502179
EIA_68157,2026-05-29 21:00:00,0.47104728
EIA_68163,2026-05-29 21:00:00,1.5932312
EIA_68188,2026-05-29 21:00:00,1.3480257
EIA_68190,2026-05-29 21:00:00,1.3480097
EIA_68200,2026-05-29 21:00:00,401.4
EIA_68223,2026-05-29 21:00:00,29.376406
EIA_68235,2026-05-29 21:00:00,1.1
EIA_68259,2026-05-29 21:00:00,0.71428543
EIA_68276,2026-05-29 21:00:00,56.080334
EIA_68279,2026-05-29 21:00:00,1.1
EIA_68281,2026-05-29 21:00:00,300.0
EIA_68286,2026-05-29 21:00:00,2.5162873
EIA_68327,2026-05-29 21:00:00,0.35564417
EIA_68372,2026-05-29 21:00:00,74.5
EIA_68398,2026-05-29 21:00:00,5.0
EIA_68418,2026-05-29 21:00:00,120.0
EIA_68427,2026-05-29 21:00:00,11.934344
EIA_68431,2026-05-29 21:00:00,240.0
EIA_68436,2026-05-29 21:00:00,2.9
EIA_68442,2026-05-29 21:00:00,3.2963817
EIA_68458,2026-05-29 21:00:00,199.09486
EIA_68470,2026-05-29 21:00:00,131.78828
EIA_68472,2026-05-29 21:00:00,74.9
EIA_68482,2026-05-29 21:00:00,49.9
EIA_68483,2026-05-29 21:00:00,225.0
EIA_68488,2026-05-29 21:00:00,22.528162
EIA_68489,2026-05-29 21:00:00,2.0
EIA_68516,2026-05-29 21:00:00,100.0
EIA_68523,2026-05-29 21:00:00,0.5297561
EIA_68524,2026-05-29 21:00:00,0.52975124
EIA_68525,2026-05-29 21:00:00,0.52975065
EIA_68530,2026-05-29 21:00:00,2.0
EIA_68534,2026-05-29 21:00:00,150.0
EIA_68536,2026-05-29 21:00:00,200.0
EIA_68537,2026-05-29 21:00:00,90.38239
EIA_68538,2026-05-29 21:00:00,2.3
EIA_68540,2026-05-29 21:00:00,1.3
EIA_68544,2026-05-29 21:00:00,2.0
EIA_68550,2026-05-29 21:00:00,0.69772285
EIA_68551,2026-05-29 21:00:00,74.5
EIA_68587,2026-05-29 21:00:00,81.26891
EIA_68588,2026-05-29 21:00:00,81.26891
EIA_68595,2026-05-29 21:00:00,54.7267
EIA_68615,2026-05-29 21:00:00,2.4
EIA_68670,2026-05-29 21:00:00,72.32924
EIA_68674,2026-05-29 21:00:00,0.37943342
EIA_68682,2026-05-29 21:00:00,0.31409648
EIA_68706,2026-05-29 21:00:00,4.6856694
EIA_68708,2026-05-29 21:00:00,3.6021607
EIA_68729,2026-05-29 21:00:00,1.3747636
EIA_68754,2026-05-29 21:00:00,4.3
EIA_68756,2026-05-29 21:00:00,5.0
EIA_68757,2026-05-29 21:00:00,2.3175704
EIA_68776,2026-05-29 21:00:00,237.1
EIA_68791,2026-05-29 21:00:00,1.1
EIA_68794,2026-05-29 21:00:00,0.9480283
EIA_68795,2026-05-29 21:00:00,1.5355005
EIA_68796,2026-05-29 21:00:00,0.49635133
EIA_68803,2026-05-29 21:00:00,1.5
EIA_68817,2026-05-29 21:00:00,74.5
EIA_68820,2026-05-29 21:00:00,68.656204
EIA_68822,2026-05-29 21:00:00,74.5
EIA_68823,2026-05-29 21:00:00,67.9402
EIA_68838,2026-05-29 21:00:00,515.0
EIA_68846,2026-05-29 21:00:00,148.0
EIA_68856,2026-05-29 21:00:00,73.92187
EIA_68880,2026-05-29 21:00:00,121.64858
EIA_68885,2026-05-29 21:00:00,3.0
EIA_68886,2026-05-29 21:00:00,3.0
EIA_68892,2026-05-29 21:00:00,1.4
EIA_68894,2026-05-29 21:00:00,150.0
EIA_68906,2026-05-29 21:00:00,300.0
EIA_68919,2026-05-29 21:00:00,1.9105736
EIA_68921,2026-05-29 21:00:00,1.8768618
EIA_68927,2026-05-29 21:00:00,11.742444
EIA_68928,2026-05-29 21:00:00,10.8
EIA_68941,2026-05-29 21:00:00,1.0413778
EIA_68943,2026-05-29 21:00:00,5.0
EIA_68944,2026-05-29 21:00:00,5.0
EIA_68945,2026-05-29 21:00:00,2.5
EIA_68957,2026-05-29 21:00:00,5.0
EIA_68960,2026-05-29 21:00:00,2.0
EIA_68964,2026-05-29 21:00:00,3.9
EIA_68966,2026-05-29 21:00:00,0.20951292
EIA_68971,2026-05-29 21:00:00,5.0
EIA_68991,2026-05-29 21:00:00,2.5991247
EIA_68998,2026-05-29 21:00:00,120.0
EIA_69002,2026-05-29 21:00:00,0.36364058
EIA_69009,2026-05-29 21:00:00,0.572138
EIA_69014,2026-05-29 21:00:00,0.31109434
EIA_69015,2026-05-29 21:00:00,5.0
EIA_69016,2026-05-29 21:00:00,4.5
EIA_69017,2026-05-29 21:00:00,1.9233521
EIA_69018,2026-05-29 21:00:00,0.3196848
EIA_69027,2026-05-29 21:00:00,100.0
EIA_69031,2026-05-29 21:00:00,2.0
EIA_69032,2026-05-29 21:00:00,3.6
EIA_69033,2026-05-29 21:00:00,4.9
EIA_69039,2026-05-29 21:00:00,2.3
EIA_69042,2026-05-29 21:00:00,10.8
EIA_69043,2026-05-29 21:00:00,2.2827957
EIA_69046,2026-05-29 21:00:00,2.0
EIA_69048,2026-05-29 21:00:00,0.55318636
EIA_69051,2026-05-29 21:00:00,3.0
EIA_69061,2026-05-29 21:00:00,5.0
EIA_69062,2026-05-29 21:00:00,5.0
EIA_69063,2026-05-29 21:00:00,200.0
EIA_69066,2026-05-29 21:00:00,5.0
EIA_69068,2026-05-29 21:00:00,2.8659735
EIA_69070,2026-05-29 21:00:00,3.591725
EIA_69078,2026-05-29 21:00:00,5.0
EIA_69086,2026-05-29 21:00:00,0.10363259
EIA_69095,2026-05-29 21:00:00,1.9216164
EIA_69096,2026-05-29 21:00:00,0.19320169
EIA_69100,2026-05-29 21:00:00,325.0
EIA_69101,2026-05-29 21:00:00,200.0
EIA_69103,2026-05-29 21:00:00,3.4657118
EIA_69104,2026-05-29 21:00:00,5.0
EIA_69106,2026-05-29 21:00:00,5.0
EIA_69107,2026-05-29 21:00:00,4.468824
EIA_69109,2026-05-29 21:00:00,1.4
EIA_69112,2026-05-29 21:00:00,1.3
EIA_69113,2026-05-29 21:00:00,2.7
EIA_69114,2026-05-29 21:00:00,3.1594093
EIA_69115,2026-05-29 21:00:00,1.0
EIA_69116,2026-05-29 21:00:00,2.5
EIA_69117,2026-05-29 21:00:00,1.0
EIA_69118,2026-05-29 21:00:00,1.1
EIA_69123,2026-05-29 21:00:00,1.7474399
EIA_69124,2026-05-29 21:00:00,0.07210396
EIA_69125,2026-05-29 21:00:00,0.08205697
EIA_69126,2026-05-29 21:00:00,0.08876579
EIA_69127,2026-05-29 21:00:00,0.06882724
EIA_69129,2026-05-29 21:00:00,0.15220854
EIA_69130,2026-05-29 21:00:00,1.4028736
EIA_69131,2026-05-29 21:00:00,0.12277994
EIA_69132,2026-05-29 21:00:00,1.7
EIA_69133,2026-05-29 21:00:00,0.3997287
EIA_69134,2026-05-29 21:00:00,0.4921278
EIA_69135,2026-05-29 21:00:00,1.0
EIA_69137,2026-05-29 21:00:00,3.5486588
EIA_69140,2026-05-29 21:00:00,1.3
EIA_69141,2026-05-29 21:00:00,4.0
EIA_69142,2026-05-29 21:00:00,1.0
EIA_69143,2026-05-29 21:00:00,81.19044
EIA_69145,2026-05-29 21:00:00,0.5994739
EIA_69153,2026-05-29 21:00:00,1.07865
EIA_69154,2026-05-29 21:00:00,1.0139246
EIA_69161,2026-05-29 21:00:00,0.40534803
EIA_69163,2026-05-29 21:00:00,2.0
EIA_69164,2026-05-29 21:00:00,74.114845
EIA_69166,2026-05-29 21:00:00,183.126
EIA_69172,2026-05-29 21:00:00,80.0
EIA_69179,2026-05-29 21:00:00,2.442918
EIA_69183,2026-05-29 21:00:00,2.0
EIA_69187,2026-05-29 21:00:00,19.8
EIA_69188,2026-05-29 21:00:00,2.9
EIA_69190,2026-05-29 21:00:00,1.6
EIA_69192,2026-05-29 21:00:00,7.682364
EIA_69193,2026-05-29 21:00:00,2.5
EIA_69201,2026-05-29 21:00:00,2.0
EIA_69210,2026-05-29 21:00:00,0.3669693
EIA_69212,2026-05-29 21:00:00,1.6518023
EIA_69213,2026-05-29 21:00:00,5.0
EIA_69214,2026-05-29 21:00:00,0.652675
EIA_69216,2026-05-29 21:00:00,1.3456489
EIA_69219,2026-05-29 21:00:00,0.49481583
EIA_69221,2026-05-29 21:00:00,1.2
EIA_69227,2026-05-29 21:00:00,0.74818546
EIA_69228,2026-05-29 21:00:00,0.0053662793
EIA_69230,2026-05-29 21:00:00,5.0
EIA_69233,2026-05-29 21:00:00,0.64623165
EIA_69235,2026-05-29 21:00:00,20.0
EIA_69236,2026-05-29 21:00:00,31.923029
EIA_69240,2026-05-29 21:00:00,5.0
EIA_69241,2026-05-29 21:00:00,2.617908
EIA_69243,2026-05-29 21:00:00,2.3420413
EIA_69247,2026-05-29 21:00:00,1.3
EIA_69248,2026-05-29 21:00:00,1.0
EIA_69261,2026-05-29 21:00:00,10.0
EIA_69263,2026-05-29 21:00:00,10.0
EIA_69264,2026-05-29 21:00:00,3.4206295
EIA_69265,2026-05-29 21:00:00,7.5
EIA_69273,2026-05-29 21:00:00,0.08972217
EIA_69280,2026-05-29 21:00:00,5.0
EIA_69281,2026-05-29 21:00:00,5.0
EIA_69284,2026-05-29 21:00:00,0.9901785
EIA_69285,2026-05-29 21:00:00,0.3032772
EIA_69287,2026-05-29 21:00:00,9.9
EIA_69288,2026-05-29 21:00:00,1.6
EIA_69289,2026-05-29 21:00:00,9.9
EIA_69303,2026-05-29 21:00:00,1.0
EIA_69304,2026-05-29 21:00:00,0.6098132
EIA_69306,2026-05-29 21:00:00,8.8
EIA_69307,2026-05-29 21:00:00,0.6534539
EIA_69314,2026-05-29 21:00:00,2.0
EIA_69315,2026-05-29 21:00:00,5.0
EIA_69316,2026-05-29 21:00:00,5.0
EIA_69317,2026-05-29 21:00:00,5.0
EIA_69319,2026-05-29 21:00:00,72.424736
EIA_69320,2026-05-29 21:00:00,480.0
EIA_69321,2026-05-29 21:00:00,53.956432
EIA_69325,2026-05-29 21:00:00,2.0
EIA_69326,2026-05-29 21:00:00,2.0
EIA_69328,2026-05-29 21:00:00,4.1
EIA_69330,2026-05-29 21:00:00,5.0
EIA_69354,2026-05-29 21:00:00,74.9
EIA_69355,2026-05-29 21:00:00,1.4685853
EIA_69368,2026-05-29 21:00:00,1.6676046
EIA_69370,2026-05-29 21:00:00,1.8
EIA_69374,2026-05-29 21:00:00,1.5
EIA_69378,2026-05-29 21:00:00,1.5
EIA_69379,2026-05-29 21:00:00,0.37644503
EIA_69380,2026-05-29 21:00:00,0.33130217
EIA_69381,2026-05-29 21:00:00,1.6
EIA_69382,2026-05-29 21:00:00,1.4
EIA_69386,2026-05-29 21:00:00,0.9992606
EIA_69387,2026-05-29 21:00:00,5.0
EIA_69388,2026-05-29 21:00:00,100.0
EIA_69389,2026-05-29 21:00:00,2.1580663
EIA_69390,2026-05-29 21:00:00,2.1580663
EIA_69391,2026-05-29 21:00:00,2.393952
EIA_69395,2026-05-29 21:00:00,0.2924393
EIA_69396,2026-05-29 21:00:00,0.5498797
EIA_69397,2026-05-29 21:00:00,2.0
EIA_69398,2026-05-29 21:00:00,0.8007606
EIA_69399,2026-05-29 21:00:00,0.44502768
EIA_69400,2026-05-29 21:00:00,1.1454555
EIA_69401,2026-05-29 21:00:00,5.0
EIA_69402,2026-05-29 21:00:00,5.0
EIA_69405,2026-05-29 21:00:00,0.26589367
EIA_69406,2026-05-29 21:00:00,0.26590422
EIA_69408,2026-05-29 21:00:00,0.49909914
EIA_69409,2026-05-29 21:00:00,0.32267272
EIA_69410,2026-05-29 21:00:00,0.24884531
EIA_69412,2026-05-29 21:00:00,0.14930719
EIA_69414,2026-05-29 21:00:00,270.0
EIA_69419,2026-05-29 21:00:00,5.0
EIA_69420,2026-05-29 21:00:00,1.5322675
EIA_69421,2026-05-29 21:00:00,3.0539396
EIA_69425,2026-05-29 21:00:00,0.15953617
EIA_69428,2026-05-29 21:00:00,250.0
EIA_69430,2026-05-29 21:00:00,6.0
EIA_69431,2026-05-29 21:00:00,5.0
EIA_69432,2026-05-29 21:00:00,6.0
EIA_69433,2026-05-29 21:00:00,6.0
EIA_69434,2026-05-29 21:00:00,2.0
EIA_69439,2026-05-29 21:00:00,5.0
EIA_69440,2026-05-29 21:00:00,5.0
EIA_69441,2026-05-29 21:00:00,2.6
EIA_69442,2026-05-29 21:00:00,5.0
EIA_69443,2026-05-29 21:00:00,2.3
EIA_69447,2026-05-29 21:00:00,0.23573872
EIA_69448,2026-05-29 21:00:00,0.14114495
EIA_69476,2026-05-29 21:00:00,100.0
EIA_69483,2026-05-29 21:00:00,2.8
EIA_69484,2026-05-29 21:00:00,1.7634321
EIA_69485,2026-05-29 21:00:00,2.5
EIA_69486,2026-05-29 21:00:00,2.0605478
EIA_69487,2026-05-29 21:00:00,2.5
EIA_69488,2026-05-29 21:00:00,2.5
EIA_69489,2026-05-29 21:00:00,3.0
EIA_69490,2026-05-29 21:00:00,2.5
EIA_69491,2026-05-29 21:00:00,2.5
EIA_69492,2026-05-29 21:00:00,2.5
EIA_69493,2026-05-29 21:00:00,2.5
EIA_69494,2026-05-29 21:00:00,2.1311255
EIA_69495,2026-05-29 21:00:00,2.5
EIA_69498,2026-05-29 21:00:00,8.8
EIA_69499,2026-05-29 21:00:00,7.018746
EIA_69500,2026-05-29 21:00:00,3.8
EIA_69501,2026-05-29 21:00:00,6.0
EIA_69502,2026-05-29 21:00:00,4.0
EIA_69503,2026-05-29 21:00:00,6.0
EIA_69505,2026-05-29 21:00:00,4.5395575
EIA_69518,2026-05-29 21:00:00,0.62314796
EIA_69519,2026-05-29 21:00:00,0.93472064
EIA_69525,2026-05-29 21:00:00,4.3
EIA_69526,2026-05-29 21:00:00,5.0
EIA_69527,2026-05-29 21:00:00,5.0
EIA_69528,2026-05-29 21:00:00,0.41321716
EIA_69529,2026-05-29 21:00:00,5.0
EIA_69530,2026-05-29 21:00:00,5.0
EIA_69531,2026-05-29 21:00:00,1.6595465
EIA_69532,2026-05-29 21:00:00,5.0
EIA_69536,2026-05-29 21:00:00,4.5510774
EIA_69538,2026-05-29 21:00:00,34.548443
EIA_69542,2026-05-29 21:00:00,5.0
EIA_69543,2026-05-29 21:00:00,3.3
EIA_69544,2026-05-29 21:00:00,0.59422463
EIA_69545,2026-05-29 21:00:00,0.114289984
EIA_69546,2026-05-29 21:00:00,0.78206545
EIA_69550,2026-05-29 21:00:00,117.0
EIA_69557,2026-05-29 21:00:00,5.0
EIA_69561,2026-05-29 21:00:00,4.0
EIA_69563,2026-05-29 21:00:00,1.8957392
EIA_69564,2026-05-29 21:00:00,1.9
EIA_69565,2026-05-29 21:00:00,4.9
EIA_69567,2026-05-29 21:00:00,3.0
EIA_69568,2026-05-29 21:00:00,0.55767757
EIA_69569,2026-05-29 21:00:00,0.6994012
EIA_69570,2026-05-29 21:00:00,12.0
EIA_69571,2026-05-29 21:00:00,0.9685697
EIA_69572,2026-05-29 21:00:00,5.0
EIA_69573,2026-05-29 21:00:00,5.0
EIA_69580,2026-05-29 21:00:00,0.88147795
EIA_69581,2026-05-29 21:00:00,0.076689325
EIA_69587,2026-05-29 21:00:00,1.1213311
EIA_69596,2026-05-29 21:00:00,1.5964146
EIA_69597,2026-05-29 21:00:00,1.995506
EIA_69598,2026-05-29 21:00:00,0.9398353
EIA_69599,2026-05-29 21:00:00,1.2380191
EIA_69600,2026-05-29 21:00:00,0.5775286
EIA_69601,2026-05-29 21:00:00,0.2310142
EIA_69604,2026-05-29 21:00:00,19.9
EIA_69612,2026-05-29 21:00:00,5.0
EIA_69613,2026-05-29 21:00:00,5.0
EIA_69615,2026-05-29 21:00:00,5.0
EIA_69617,2026-05-29 21:00:00,2.8
EIA_69618,2026-05-29 21:00:00,0.52183336
EIA_69621,2026-05-29 21:00:00,0.0844171
EIA_69622,2026-05-29 21:00:00,0.50830084
EIA_69623,2026-05-29 21:00:00,0.30566108
EIA_69624,2026-05-29 21:00:00,0.7641527
EIA_69630,2026-05-29 21:00:00,1.0
EIA_69645,2026-05-29 21:00:00,1.0
EIA_69646,2026-05-29 21:00:00,1.0
EIA_69651,2026-05-29 21:00:00,2.0
EIA_69652,2026-05-29 21:00:00,2.0
EIA_69653,2026-05-29 21:00:00,2.0
EIA_69655,2026-05-29 21:00:00,5.0
EIA_69656,2026-05-29 21:00:00,2.3
EIA_69675,2026-05-29 21:00:00,273.6
EIA_69676,2026-05-29 21:00:00,20.891779
EIA_69680,2026-05-29 21:00:00,113.1
EIA_69682,2026-05-29 21:00:00,0.9386349
EIA_69683,2026-05-29 21:00:00,1.3
EIA_69686,2026-05-29 21:00:00,1.1872303
EIA_69692,2026-05-29 21:00:00,5.0
EIA_69693,2026-05-29 21:00:00,0.14298163
EIA_69696,2026-05-29 21:00:00,2.2
EIA_69700,2026-05-29 21:00:00,2.5502238
EIA_69703,2026-05-29 21:00:00,3.3
EIA_69705,2026-05-29 21:00:00,0.16899149
EIA_69707,2026-05-29 21:00:00,0.049630187
EIA_69709,2026-05-29 21:00:00,0.17479387
EIA_69712,2026-05-29 21:00:00,0.6
EIA_69714,2026-05-29 21:00:00,0.1986122
EIA_69715,2026-05-29 21:00:00,0.17479782
EIA_69716,2026-05-29 21:00:00,4.0
EIA_69717,2026-05-29 21:00:00,0.5240424
EIA_69718,2026-05-29 21:00:00,0.5030807
EIA_69719,2026-05-29 21:00:00,2.8
EIA_69729,2026-05-29 21:00:00,0.30941442
EIA_69730,2026-05-29 21:00:00,1.1165795
EIA_69731,2026-05-29 21:00:00,1.3
EIA_69732,2026-05-29 21:00:00,3.7926006
EIA_69733,2026-05-29 21:00:00,3.413329
EIA_69734,2026-05-29 21:00:00,1.4
EIA_69735,2026-05-29 21:00:00,5.0
EIA_69736,2026-05-29 21:00:00,0.07310209
EIA_69737,2026-05-29 21:00:00,2.0352132
EIA_69739,2026-05-29 21:00:00,4.8
EIA_69740,2026-05-29 21:00:00,7.2
EIA_69744,2026-05-29 21:00:00,0.1003948
EIA_69746,2026-05-29 21:00:00,0.76771474
EIA_69748,2026-05-29 21:00:00,107.80206
EIA_69754,2026-05-29 21:00:00,0.89091843
EIA_69757,2026-05-29 21:00:00,2.6
EIA_69758,2026-05-29 21:00:00,2.0
EIA_69759,2026-05-29 21:00:00,0.38044527
EIA_69774,2026-05-29 21:00:00,2.4
EIA_69800,2026-05-29 21:00:00,5.0
EIA_69801,2026-05-29 21:00:00,0.52390766
EIA_69802,2026-05-29 21:00:00,1.2986857
EIA_69822,2026-05-29 21:00:00,1.0
EIA_69824,2026-05-29 21:00:00,0.67407465
EIA_69856,2026-05-29 21:00:00,3.0
EIA_69863,2026-05-29 21:00:00,3.7
EIA_69875,2026-05-29 21:00:00,117.0
EIA_141,2026-05-29 22:00:00,0.2
EIA_960,2026-05-29 22:00:00,0.3
EIA_1172,2026-05-29 22:00:00,0.7615935
EIA_1187,2026-05-29 22:00:00,0.37863362
EIA_10224,2026-05-29 22:00:00,0.23453698
EIA_10823,2026-05-29 22:00:00,0.033762787
EIA_50026,2026-05-29 22:00:00,27.5
EIA_50061,2026-05-29 22:00:00,0.7676221
EIA_56322,2026-05-29 22:00:00,0.5
EIA_57775,2026-05-29 22:00:00,0.5
EIA_57785,2026-05-29 22:00:00,4.8880005
EIA_57806,2026-05-29 22:00:00,0.22700678
EIA_58173,2026-05-29 22:00:00,0.1
EIA_58413,2026-05-29 22:00:00,54.4
EIA_58422,2026-05-29 22:00:00,1.3
EIA_58556,2026-05-29 22:00:00,10.1
EIA_58689,2026-05-29 22:00:00,0.5672132
EIA_58899,2026-05-29 22:00:00,0.5
EIA_59133,2026-05-29 22:00:00,1.0
EIA_59272,2026-05-29 22:00:00,1.5
EIA_59776,2026-05-29 22:00:00,0.2
EIA_59786,2026-05-29 22:00:00,2.9226892
EIA_59988,2026-05-29 22:00:00,1.1
EIA_60452,2026-05-29 22:00:00,1.352558
EIA_61703,2026-05-29 22:00:00,0.08454252
EIA_61796,2026-05-29 22:00:00,20.0
EIA_61820,2026-05-29 22:00:00,0.14098726
EIA_61822,2026-05-29 22:00:00,0.2
EIA_61852,2026-05-29 22:00:00,300.0
EIA_61910,2026-05-29 22:00:00,7.0
EIA_61967,2026-05-29 22:00:00,94.71892
EIA_61990,2026-05-29 22:00:00,0.1
EIA_62027,2026-05-29 22:00:00,0.14919913
EIA_62186,2026-05-29 22:00:00,2.0
EIA_62344,2026-05-29 22:00:00,2.0
EIA_62397,2026-05-29 22:00:00,2.0
EIA_62442,2026-05-29 22:00:00,0.17223692
EIA_62494,2026-05-29 22:00:00,250.0
EIA_62545,2026-05-29 22:00:00,1.5910795
EIA_62737,2026-05-29 22:00:00,2.806375
EIA_62797,2026-05-29 22:00:00,100.0
EIA_63122,2026-05-29 22:00:00,1.0
EIA_63194,2026-05-29 22:00:00,300.0
EIA_63211,2026-05-29 22:00:00,250.0
EIA_63221,2026-05-29 22:00:00,0.123281635
EIA_63507,2026-05-29 22:00:00,8.984774
EIA_63518,2026-05-29 22:00:00,37.806004
EIA_63542,2026-05-29 22:00:00,0.77568334
EIA_63882,2026-05-29 22:00:00,200.0
EIA_63884,2026-05-29 22:00:00,310.0
EIA_63946,2026-05-29 22:00:00,2.0
EIA_64117,2026-05-29 22:00:00,4.9
EIA_64132,2026-05-29 22:00:00,147.49838
EIA_64210,2026-05-29 22:00:00,500.0
EIA_64222,2026-05-29 22:00:00,0.31417066
EIA_64223,2026-05-29 22:00:00,0.58142084
EIA_64430,2026-05-29 22:00:00,140.0
EIA_64442,2026-05-29 22:00:00,0.0650783
EIA_64446,2026-05-29 22:00:00,0.034132507
EIA_64509,2026-05-29 22:00:00,0.5
EIA_64512,2026-05-29 22:00:00,0.5
EIA_64513,2026-05-29 22:00:00,0.5
EIA_64536,2026-05-29 22:00:00,135.0
EIA_64564,2026-05-29 22:00:00,131.0
EIA_64567,2026-05-29 22:00:00,20.0
EIA_64729,2026-05-29 22:00:00,0.27718848
EIA_64745,2026-05-29 22:00:00,150.0
EIA_64858,2026-05-29 22:00:00,90.54604
EIA_65006,2026-05-29 22:00:00,1.0
EIA_65024,2026-05-29 22:00:00,0.61210406
EIA_65072,2026-05-29 22:00:00,0.2524844
EIA_65139,2026-05-29 22:00:00,0.073196925
EIA_65149,2026-05-29 22:00:00,0.0819564
EIA_65279,2026-05-29 22:00:00,0.053715426
EIA_65401,2026-05-29 22:00:00,33.53624
EIA_65405,2026-05-29 22:00:00,45.0
EIA_65442,2026-05-29 22:00:00,0.10748899
EIA_65443,2026-05-29 22:00:00,0.42266938
EIA_65445,2026-05-29 22:00:00,177.0
EIA_65463,2026-05-29 22:00:00,226.76317
EIA_65468,2026-05-29 22:00:00,0.5
EIA_65480,2026-05-29 22:00:00,145.0
EIA_65507,2026-05-29 22:00:00,1.6757197
EIA_65508,2026-05-29 22:00:00,2.0
EIA_65515,2026-05-29 22:00:00,0.40568364
EIA_65516,2026-05-29 22:00:00,0.40568957
EIA_65527,2026-05-29 22:00:00,2.5
EIA_65572,2026-05-29 22:00:00,250.0
EIA_65616,2026-05-29 22:00:00,2.2559776
EIA_65644,2026-05-29 22:00:00,326.6
EIA_65659,2026-05-29 22:00:00,1.0
EIA_65827,2026-05-29 22:00:00,0.1461504
EIA_65849,2026-05-29 22:00:00,180.0
EIA_65885,2026-05-29 22:00:00,27.739037
EIA_65887,2026-05-29 22:00:00,42.150963
EIA_65888,2026-05-29 22:00:00,20.565474
EIA_65891,2026-05-29 22:00:00,131.0
EIA_65894,2026-05-29 22:00:00,210.0
EIA_65905,2026-05-29 22:00:00,10.105879
EIA_65911,2026-05-29 22:00:00,30.136889
EIA_65913,2026-05-29 22:00:00,74.5
EIA_65940,2026-05-29 22:00:00,0.06497854
EIA_66027,2026-05-29 22:00:00,8.332226
EIA_66107,2026-05-29 22:00:00,20.0
EIA_66256,2026-05-29 22:00:00,0.049792178
EIA_66352,2026-05-29 22:00:00,5.0
EIA_66356,2026-05-29 22:00:00,5.0
EIA_66432,2026-05-29 22:00:00,0.6019418
EIA_66433,2026-05-29 22:00:00,1.0
EIA_66435,2026-05-29 22:00:00,0.107493974
EIA_66449,2026-05-29 22:00:00,0.088644706
EIA_66495,2026-05-29 22:00:00,1.0734987
EIA_66520,2026-05-29 22:00:00,2.0
EIA_66523,2026-05-29 22:00:00,1.0029315
EIA_66647,2026-05-29 22:00:00,100.0
EIA_66649,2026-05-29 22:00:00,1.759583
EIA_66654,2026-05-29 22:00:00,2.0
EIA_66656,2026-05-29 22:00:00,2.0
EIA_66670,2026-05-29 22:00:00,150.0
EIA_66681,2026-05-29 22:00:00,49.0
EIA_66688,2026-05-29 22:00:00,300.0
EIA_66739,2026-05-29 22:00:00,1.5
EIA_66740,2026-05-29 22:00:00,1.0582951
EIA_66756,2026-05-29 22:00:00,40.8
EIA_66760,2026-05-29 22:00:00,2.5908685
EIA_66774,2026-05-29 22:00:00,408.9
EIA_66775,2026-05-29 22:00:00,200.0
EIA_66827,2026-05-29 22:00:00,0.24898863
EIA_66840,2026-05-29 22:00:00,51.1
EIA_66842,2026-05-29 22:00:00,64.0
EIA_66844,2026-05-29 22:00:00,150.0
EIA_66860,2026-05-29 22:00:00,100.0
EIA_66872,2026-05-29 22:00:00,141.9038
EIA_66886,2026-05-29 22:00:00,0.11071504
EIA_66890,2026-05-29 22:00:00,60.0
EIA_66892,2026-05-29 22:00:00,4.1114817
EIA_66897,2026-05-29 22:00:00,97.5
EIA_66899,2026-05-29 22:00:00,5.8
EIA_66903,2026-05-29 22:00:00,310.0
EIA_66951,2026-05-29 22:00:00,178.23125
EIA_66983,2026-05-29 22:00:00,13.5
EIA_67007,2026-05-29 22:00:00,20.0
EIA_67022,2026-05-29 22:00:00,175.0
EIA_67033,2026-05-29 22:00:00,0.14078872
EIA_67038,2026-05-29 22:00:00,128.70563
EIA_67046,2026-05-29 22:00:00,210.0
EIA_67075,2026-05-29 22:00:00,27.586134
EIA_67076,2026-05-29 22:00:00,200.0
EIA_67080,2026-05-29 22:00:00,1.4637909
EIA_67086,2026-05-29 22:00:00,1.8
EIA_67124,2026-05-29 22:00:00,0.39995614
EIA_67125,2026-05-29 22:00:00,0.63211626
EIA_67126,2026-05-29 22:00:00,4.3
EIA_67129,2026-05-29 22:00:00,100.0
EIA_67133,2026-05-29 22:00:00,0.5378517
EIA_67135,2026-05-29 22:00:00,1.2897564
EIA_67158,2026-05-29 22:00:00,0.2533781
EIA_67169,2026-05-29 22:00:00,4.0520344
EIA_67174,2026-05-29 22:00:00,6.1336327
EIA_67177,2026-05-29 22:00:00,101.23297
EIA_67201,2026-05-29 22:00:00,9.8
EIA_67204,2026-05-29 22:00:00,22.711025
EIA_67216,2026-05-29 22:00:00,18.8
EIA_67217,2026-05-29 22:00:00,20.0
EIA_67218,2026-05-29 22:00:00,20.0
EIA_67219,2026-05-29 22:00:00,20.0
EIA_67234,2026-05-29 22:00:00,0.56879497
EIA_67254,2026-05-29 22:00:00,0.0711905
EIA_67255,2026-05-29 22:00:00,2.0
EIA_67256,2026-05-29 22:00:00,2.0
EIA_67277,2026-05-29 22:00:00,0.55231
EIA_67288,2026-05-29 22:00:00,2.9543827
EIA_67322,2026-05-29 22:00:00,11.2
EIA_67374,2026-05-29 22:00:00,5.0
EIA_67391,2026-05-29 22:00:00,4.0
EIA_67412,2026-05-29 22:00:00,0.38131303
EIA_67421,2026-05-29 22:00:00,84.4
EIA_67437,2026-05-29 22:00:00,0.7561966
EIA_67447,2026-05-29 22:00:00,0.35315126
EIA_67469,2026-05-29 22:00:00,0.078594565
EIA_67474,2026-05-29 22:00:00,300.0
EIA_67490,2026-05-29 22:00:00,5.6
EIA_67497,2026-05-29 22:00:00,88.79762
EIA_67503,2026-05-29 22:00:00,170.0
EIA_67511,2026-05-29 22:00:00,177.59525
EIA_67528,2026-05-29 22:00:00,135.1113
EIA_67532,2026-05-29 22:00:00,5.0
EIA_67539,2026-05-29 22:00:00,1.6
EIA_67540,2026-05-29 22:00:00,2.3
EIA_67546,2026-05-29 22:00:00,1.0
EIA_67554,2026-05-29 22:00:00,2.0
EIA_67583,2026-05-29 22:00:00,1.3
EIA_67584,2026-05-29 22:00:00,0.03961689
EIA_67597,2026-05-29 22:00:00,11.8
EIA_67600,2026-05-29 22:00:00,1.4275321
EIA_67623,2026-05-29 22:00:00,2.0
EIA_67624,2026-05-29 22:00:00,2.0
EIA_67628,2026-05-29 22:00:00,2.0
EIA_67644,2026-05-29 22:00:00,5.0
EIA_67675,2026-05-29 22:00:00,65.0
EIA_67678,2026-05-29 22:00:00,140.0
EIA_67684,2026-05-29 22:00:00,0.5784472
EIA_67686,2026-05-29 22:00:00,4.9
EIA_67687,2026-05-29 22:00:00,2.0
EIA_67688,2026-05-29 22:00:00,1.0583967
EIA_67703,2026-05-29 22:00:00,3.4832673
EIA_67704,2026-05-29 22:00:00,1.4
EIA_67705,2026-05-29 22:00:00,2.3
EIA_67713,2026-05-29 22:00:00,4.0
EIA_67714,2026-05-29 22:00:00,1.5
EIA_67715,2026-05-29 22:00:00,2.0
EIA_67716,2026-05-29 22:00:00,1.9
EIA_67717,2026-05-29 22:00:00,1.9183129
EIA_67718,2026-05-29 22:00:00,1.9
EIA_67719,2026-05-29 22:00:00,2.0
EIA_67727,2026-05-29 22:00:00,6.0
EIA_67728,2026-05-29 22:00:00,5.0
EIA_67735,2026-05-29 22:00:00,29.679522
EIA_67751,2026-05-29 22:00:00,2.0
EIA_67762,2026-05-29 22:00:00,255.9
EIA_67765,2026-05-29 22:00:00,150.0
EIA_67793,2026-05-29 22:00:00,1.7
EIA_67797,2026-05-29 22:00:00,160.0
EIA_67804,2026-05-29 22:00:00,2.0
EIA_67822,2026-05-29 22:00:00,2.0
EIA_67823,2026-05-29 22:00:00,235.0
EIA_67834,2026-05-29 22:00:00,48.0
EIA_67850,2026-05-29 22:00:00,42.0
EIA_67859,2026-05-29 22:00:00,3.9391768
EIA_67864,2026-05-29 22:00:00,0.9475197
EIA_67867,2026-05-29 22:00:00,67.2
EIA_67872,2026-05-29 22:00:00,126.67089
EIA_67873,2026-05-29 22:00:00,57.596104
EIA_67900,2026-05-29 22:00:00,0.47850093
EIA_67901,2026-05-29 22:00:00,0.17943785
EIA_67930,2026-05-29 22:00:00,200.0
EIA_67943,2026-05-29 22:00:00,3.0
EIA_67957,2026-05-29 22:00:00,60.809925
EIA_67964,2026-05-29 22:00:00,150.0
EIA_67965,2026-05-29 22:00:00,1.3
EIA_67969,2026-05-29 22:00:00,22.0
EIA_67979,2026-05-29 22:00:00,0.7958246
EIA_67997,2026-05-29 22:00:00,28.9
EIA_68008,2026-05-29 22:00:00,0.04987044
EIA_68010,2026-05-29 22:00:00,0.56650686
EIA_68023,2026-05-29 22:00:00,12.0
EIA_68025,2026-05-29 22:00:00,3.0
EIA_68026,2026-05-29 22:00:00,4.8
EIA_68037,2026-05-29 22:00:00,0.09239919
EIA_68060,2026-05-29 22:00:00,33.122105
EIA_68077,2026-05-29 22:00:00,20.0
EIA_68088,2026-05-29 22:00:00,120.49364
EIA_68096,2026-05-29 22:00:00,3.0
EIA_68102,2026-05-29 22:00:00,0.21094994
EIA_68106,2026-05-29 22:00:00,100.0
EIA_68107,2026-05-29 22:00:00,4.4180675
EIA_68108,2026-05-29 22:00:00,1.8726536
EIA_68109,2026-05-29 22:00:00,0.18485759
EIA_68113,2026-05-29 22:00:00,2.3
EIA_68114,2026-05-29 22:00:00,1.5998379
EIA_68157,2026-05-29 22:00:00,0.76332355
EIA_68163,2026-05-29 22:00:00,1.9760514
EIA_68188,2026-05-29 22:00:00,0.30685815
EIA_68190,2026-05-29 22:00:00,0.30685815
EIA_68200,2026-05-29 22:00:00,401.4
EIA_68223,2026-05-29 22:00:00,27.056736
EIA_68235,2026-05-29 22:00:00,1.1
EIA_68259,2026-05-29 22:00:00,0.30644825
EIA_68276,2026-05-29 22:00:00,74.5
EIA_68279,2026-05-29 22:00:00,1.1
EIA_68281,2026-05-29 22:00:00,300.0
EIA_68286,2026-05-29 22:00:00,0.95242816
EIA_68327,2026-05-29 22:00:00,0.15599878
EIA_68372,2026-05-29 22:00:00,74.5
EIA_68398,2026-05-29 22:00:00,5.0
EIA_68418,2026-05-29 22:00:00,120.0
EIA_68427,2026-05-29 22:00:00,10.597467
EIA_68431,2026-05-29 22:00:00,240.0
EIA_68436,2026-05-29 22:00:00,2.9
EIA_68442,2026-05-29 22:00:00,4.0
EIA_68458,2026-05-29 22:00:00,90.481575
EIA_68470,2026-05-29 22:00:00,150.65753
EIA_68472,2026-05-29 22:00:00,74.9
EIA_68482,2026-05-29 22:00:00,49.9
EIA_68483,2026-05-29 22:00:00,225.0
EIA_68488,2026-05-29 22:00:00,48.61474
EIA_68489,2026-05-29 22:00:00,2.0
EIA_68516,2026-05-29 22:00:00,100.0
EIA_68523,2026-05-29 22:00:00,0.644354
EIA_68524,2026-05-29 22:00:00,0.6443604
EIA_68525,2026-05-29 22:00:00,0.64436114
EIA_68530,2026-05-29 22:00:00,2.0
EIA_68534,2026-05-29 22:00:00,150.0
EIA_68536,2026-05-29 22:00:00,158.74069
EIA_68537,2026-05-29 22:00:00,82.620544
EIA_68538,2026-05-29 22:00:00,2.3
EIA_68540,2026-05-29 22:00:00,1.3
EIA_68544,2026-05-29 22:00:00,2.0
EIA_68550,2026-05-29 22:00:00,1.0793666
EIA_68551,2026-05-29 22:00:00,74.5
EIA_68587,2026-05-29 22:00:00,79.12041
EIA_68588,2026-05-29 22:00:00,79.12041
EIA_68595,2026-05-29 22:00:00,75.0
EIA_68615,2026-05-29 22:00:00,0.51154435
EIA_68670,2026-05-29 22:00:00,21.723982
EIA_68674,2026-05-29 22:00:00,0.11766597
EIA_68682,2026-05-29 22:00:00,0.19989301
EIA_68706,2026-05-29 22:00:00,3.9194946
EIA_68708,2026-05-29 22:00:00,1.9725149
EIA_68729,2026-05-29 22:00:00,2.4145122
EIA_68754,2026-05-29 22:00:00,4.3
EIA_68756,2026-05-29 22:00:00,5.0
EIA_68757,2026-05-29 22:00:00,2.1026464
EIA_68776,2026-05-29 22:00:00,237.1
EIA_68791,2026-05-29 22:00:00,1.1
EIA_68794,2026-05-29 22:00:00,0.9469007
EIA_68795,2026-05-29 22:00:00,0.8985795
EIA_68796,2026-05-29 22:00:00,0.46168244
EIA_68803,2026-05-29 22:00:00,1.5
EIA_68817,2026-05-29 22:00:00,0.39421883
EIA_68820,2026-05-29 22:00:00,60.153755
EIA_68822,2026-05-29 22:00:00,74.5
EIA_68823,2026-05-29 22:00:00,74.5
EIA_68838,2026-05-29 22:00:00,515.0
EIA_68846,2026-05-29 22:00:00,148.0
EIA_68856,2026-05-29 22:00:00,90.5
EIA_68880,2026-05-29 22:00:00,63.911655
EIA_68885,2026-05-29 22:00:00,3.0
EIA_68886,2026-05-29 22:00:00,3.0
EIA_68892,2026-05-29 22:00:00,1.4
EIA_68894,2026-05-29 22:00:00,150.0
EIA_68906,2026-05-29 22:00:00,300.0
EIA_68919,2026-05-29 22:00:00,1.0127656
EIA_68921,2026-05-29 22:00:00,0.8724096
EIA_68927,2026-05-29 22:00:00,14.076053
EIA_68928,2026-05-29 22:00:00,10.8
EIA_68941,2026-05-29 22:00:00,0.9315238
EIA_68943,2026-05-29 22:00:00,2.7473245
EIA_68944,2026-05-29 22:00:00,5.0
EIA_68945,2026-05-29 22:00:00,2.0580494
EIA_68957,2026-05-29 22:00:00,2.361741
EIA_68960,2026-05-29 22:00:00,2.0
EIA_68964,2026-05-29 22:00:00,1.0369948
EIA_68966,2026-05-29 22:00:00,0.16148123
EIA_68971,2026-05-29 22:00:00,5.0
EIA_68991,2026-05-29 22:00:00,0.8146664
EIA_68998,2026-05-29 22:00:00,120.0
EIA_69002,2026-05-29 22:00:00,0.4621139
EIA_69009,2026-05-29 22:00:00,0.3818936
EIA_69014,2026-05-29 22:00:00,0.47456342
EIA_69015,2026-05-29 22:00:00,5.0
EIA_69016,2026-05-29 22:00:00,3.175728
EIA_69017,2026-05-29 22:00:00,0.6028529
EIA_69018,2026-05-29 22:00:00,0.15732133
EIA_69027,2026-05-29 22:00:00,100.0
EIA_69031,2026-05-29 22:00:00,2.0
EIA_69032,2026-05-29 22:00:00,3.6
EIA_69033,2026-05-29 22:00:00,2.2194483
EIA_69039,2026-05-29 22:00:00,2.0838184
EIA_69042,2026-05-29 22:00:00,4.9319873
EIA_69043,2026-05-29 22:00:00,2.016328
EIA_69046,2026-05-29 22:00:00,2.0
EIA_69048,2026-05-29 22:00:00,0.45616654
EIA_69051,2026-05-29 22:00:00,3.0
EIA_69061,2026-05-29 22:00:00,5.0
EIA_69062,2026-05-29 22:00:00,2.7858014
EIA_69063,2026-05-29 22:00:00,200.0
EIA_69066,2026-05-29 22:00:00,5.0
EIA_69068,2026-05-29 22:00:00,3.0
EIA_69070,2026-05-29 22:00:00,2.9742398
EIA_69078,2026-05-29 22:00:00,5.0
EIA_69086,2026-05-29 22:00:00,0.19807771
EIA_69095,2026-05-29 22:00:00,0.20875092
EIA_69096,2026-05-29 22:00:00,3.509491
EIA_69100,2026-05-29 22:00:00,325.0
EIA_69101,2026-05-29 22:00:00,200.0
EIA_69103,2026-05-29 22:00:00,2.5426896
EIA_69104,2026-05-29 22:00:00,5.0
EIA_69106,2026-05-29 22:00:00,5.0
EIA_69107,2026-05-29 22:00:00,5.0
EIA_69109,2026-05-29 22:00:00,1.4
EIA_69112,2026-05-29 22:00:00,1.3
EIA_69113,2026-05-29 22:00:00,2.7
EIA_69114,2026-05-29 22:00:00,3.5
EIA_69115,2026-05-29 22:00:00,0.87832785
EIA_69116,2026-05-29 22:00:00,1.1839231
EIA_69117,2026-05-29 22:00:00,0.473581
EIA_69118,2026-05-29 22:00:00,0.10767961
EIA_69123,2026-05-29 22:00:00,0.40848616
EIA_69124,2026-05-29 22:00:00,0.08135441
EIA_69125,2026-05-29 22:00:00,0.07023907
EIA_69126,2026-05-29 22:00:00,0.10848837
EIA_69127,2026-05-29 22:00:00,0.07739807
EIA_69129,2026-05-29 22:00:00,0.0633763
EIA_69130,2026-05-29 22:00:00,0.5150066
EIA_69131,2026-05-29 22:00:00,0.15061769
EIA_69132,2026-05-29 22:00:00,1.675271
EIA_69133,2026-05-29 22:00:00,0.27092722
EIA_69134,2026-05-29 22:00:00,1.3911718
EIA_69135,2026-05-29 22:00:00,1.0
EIA_69137,2026-05-29 22:00:00,2.8626802
EIA_69140,2026-05-29 22:00:00,1.3
EIA_69141,2026-05-29 22:00:00,4.0
EIA_69142,2026-05-29 22:00:00,0.3363926
EIA_69143,2026-05-29 22:00:00,35.811325
EIA_69145,2026-05-29 22:00:00,0.7566362
EIA_69153,2026-05-29 22:00:00,0.1595882
EIA_69154,2026-05-29 22:00:00,0.15001291
EIA_69161,2026-05-29 22:00:00,0.45818427
EIA_69163,2026-05-29 22:00:00,2.0
EIA_69164,2026-05-29 22:00:00,61.876217
EIA_69166,2026-05-29 22:00:00,10.638827
EIA_69172,2026-05-29 22:00:00,80.0
EIA_69179,2026-05-29 22:00:00,0.5269003
EIA_69183,2026-05-29 22:00:00,2.0
EIA_69187,2026-05-29 22:00:00,19.8
EIA_69188,2026-05-29 22:00:00,2.9
EIA_69190,2026-05-29 22:00:00,1.6
EIA_69192,2026-05-29 22:00:00,5.979222
EIA_69193,2026-05-29 22:00:00,2.5
EIA_69201,2026-05-29 22:00:00,2.0
EIA_69210,2026-05-29 22:00:00,0.22566403
EIA_69212,2026-05-29 22:00:00,0.74396724
EIA_69213,2026-05-29 22:00:00,5.0
EIA_69214,2026-05-29 22:00:00,0.8745106
EIA_69216,2026-05-29 22:00:00,1.3385625
EIA_69219,2026-05-29 22:00:00,0.0171905
EIA_69221,2026-05-29 22:00:00,1.2
EIA_69227,2026-05-29 22:00:00,0.5039228
EIA_69228,2026-05-29 22:00:00,2.174501
EIA_69230,2026-05-29 22:00:00,5.0
EIA_69233,2026-05-29 22:00:00,0.6876632
EIA_69235,2026-05-29 22:00:00,20.0
EIA_69236,2026-05-29 22:00:00,34.565147
EIA_69240,2026-05-29 22:00:00,5.0
EIA_69241,2026-05-29 22:00:00,2.1642053
EIA_69243,2026-05-29 22:00:00,0.837591
EIA_69247,2026-05-29 22:00:00,0.13671477
EIA_69248,2026-05-29 22:00:00,0.72469157
EIA_69261,2026-05-29 22:00:00,10.0
EIA_69263,2026-05-29 22:00:00,10.0
EIA_69264,2026-05-29 22:00:00,1.6958443
EIA_69265,2026-05-29 22:00:00,6.462188
EIA_69273,2026-05-29 22:00:00,0.24698497
EIA_69280,2026-05-29 22:00:00,0.51589376
EIA_69281,2026-05-29 22:00:00,0.51589376
EIA_69284,2026-05-29 22:00:00,0.08166317
EIA_69285,2026-05-29 22:00:00,0.04649884
EIA_69287,2026-05-29 22:00:00,7.357993
EIA_69288,2026-05-29 22:00:00,1.6
EIA_69289,2026-05-29 22:00:00,7.930973
EIA_69303,2026-05-29 22:00:00,0.8966174
EIA_69304,2026-05-29 22:00:00,0.52443886
EIA_69306,2026-05-29 22:00:00,8.8
EIA_69307,2026-05-29 22:00:00,1.0
EIA_69314,2026-05-29 22:00:00,2.0
EIA_69315,2026-05-29 22:00:00,5.0
EIA_69316,2026-05-29 22:00:00,5.0
EIA_69317,2026-05-29 22:00:00,5.0
EIA_69319,2026-05-29 22:00:00,111.729836
EIA_69320,2026-05-29 22:00:00,480.0
EIA_69321,2026-05-29 22:00:00,83.23872
EIA_69325,2026-05-29 22:00:00,2.0
EIA_69326,2026-05-29 22:00:00,2.0
EIA_69328,2026-05-29 22:00:00,4.1
EIA_69330,2026-05-29 22:00:00,5.0
EIA_69354,2026-05-29 22:00:00,74.9
EIA_69355,2026-05-29 22:00:00,62.163445
EIA_69368,2026-05-29 22:00:00,1.2003492
EIA_69370,2026-05-29 22:00:00,1.8
EIA_69374,2026-05-29 22:00:00,1.5
EIA_69378,2026-05-29 22:00:00,1.1646612
EIA_69379,2026-05-29 22:00:00,0.1342814
EIA_69380,2026-05-29 22:00:00,0.11816763
EIA_69381,2026-05-29 22:00:00,1.6
EIA_69382,2026-05-29 22:00:00,1.4
EIA_69386,2026-05-29 22:00:00,0.436435
EIA_69387,2026-05-29 22:00:00,5.0
EIA_69388,2026-05-29 22:00:00,100.0
EIA_69389,2026-05-29 22:00:00,0.50639373
EIA_69390,2026-05-29 22:00:00,0.50639373
EIA_69391,2026-05-29 22:00:00,0.5163623
EIA_69395,2026-05-29 22:00:00,0.17161815
EIA_69396,2026-05-29 22:00:00,2.4
EIA_69397,2026-05-29 22:00:00,2.0
EIA_69398,2026-05-29 22:00:00,0.56044644
EIA_69399,2026-05-29 22:00:00,0.26115805
EIA_69400,2026-05-29 22:00:00,5.0
EIA_69401,2026-05-29 22:00:00,5.0
EIA_69402,2026-05-29 22:00:00,0.62407917
EIA_69405,2026-05-29 22:00:00,1.6633768
EIA_69406,2026-05-29 22:00:00,1.6632575
EIA_69408,2026-05-29 22:00:00,0.42523554
EIA_69409,2026-05-29 22:00:00,0.08909716
EIA_69410,2026-05-29 22:00:00,0.11363355
EIA_69412,2026-05-29 22:00:00,0.06818013
EIA_69414,2026-05-29 22:00:00,270.0
EIA_69419,2026-05-29 22:00:00,5.0
EIA_69420,2026-05-29 22:00:00,0.49765795
EIA_69421,2026-05-29 22:00:00,0.5591841
EIA_69425,2026-05-29 22:00:00,0.9980247
EIA_69428,2026-05-29 22:00:00,209.53818
EIA_69430,2026-05-29 22:00:00,6.0
EIA_69431,2026-05-29 22:00:00,5.0
EIA_69432,2026-05-29 22:00:00,6.0
EIA_69433,2026-05-29 22:00:00,6.0
EIA_69434,2026-05-29 22:00:00,2.0
EIA_69439,2026-05-29 22:00:00,5.0
EIA_69440,2026-05-29 22:00:00,5.0
EIA_69441,2026-05-29 22:00:00,2.6
EIA_69442,2026-05-29 22:00:00,5.0
EIA_69443,2026-05-29 22:00:00,0.4564057
EIA_69447,2026-05-29 22:00:00,0.093898654
EIA_69448,2026-05-29 22:00:00,0.44213298
EIA_69476,2026-05-29 22:00:00,100.0
EIA_69483,2026-05-29 22:00:00,1.5384873
EIA_69484,2026-05-29 22:00:00,1.295841
EIA_69485,2026-05-29 22:00:00,2.5
EIA_69486,2026-05-29 22:00:00,2.5
EIA_69487,2026-05-29 22:00:00,1.8376483
EIA_69488,2026-05-29 22:00:00,2.5
EIA_69489,2026-05-29 22:00:00,2.448624
EIA_69490,2026-05-29 22:00:00,2.5
EIA_69491,2026-05-29 22:00:00,2.5
EIA_69492,2026-05-29 22:00:00,1.4628448
EIA_69493,2026-05-29 22:00:00,2.5
EIA_69494,2026-05-29 22:00:00,2.5
EIA_69495,2026-05-29 22:00:00,2.5
EIA_69498,2026-05-29 22:00:00,8.8
EIA_69499,2026-05-29 22:00:00,1.7469064
EIA_69500,2026-05-29 22:00:00,3.8
EIA_69501,2026-05-29 22:00:00,6.0
EIA_69502,2026-05-29 22:00:00,4.0
EIA_69503,2026-05-29 22:00:00,6.0
EIA_69505,2026-05-29 22:00:00,1.8175718
EIA_69518,2026-05-29 22:00:00,0.68595946
EIA_69519,2026-05-29 22:00:00,1.0289365
EIA_69525,2026-05-29 22:00:00,4.3
EIA_69526,2026-05-29 22:00:00,5.0
EIA_69527,2026-05-29 22:00:00,5.0
EIA_69528,2026-05-29 22:00:00,3.0
EIA_69529,2026-05-29 22:00:00,5.0
EIA_69530,2026-05-29 22:00:00,5.0
EIA_69531,2026-05-29 22:00:00,2.3005223
EIA_69532,2026-05-29 22:00:00,5.0
EIA_69536,2026-05-29 22:00:00,1.5036567
EIA_69538,2026-05-29 22:00:00,41.38005
EIA_69542,2026-05-29 22:00:00,5.0
EIA_69543,2026-05-29 22:00:00,1.10203
EIA_69544,2026-05-29 22:00:00,0.059375145
EIA_69545,2026-05-29 22:00:00,0.071131796
EIA_69546,2026-05-29 22:00:00,0.21704583
EIA_69550,2026-05-29 22:00:00,117.0
EIA_69557,2026-05-29 22:00:00,5.0
EIA_69561,2026-05-29 22:00:00,4.0
EIA_69563,2026-05-29 22:00:00,2.1789064
EIA_69564,2026-05-29 22:00:00,1.9
EIA_69565,2026-05-29 22:00:00,4.9
EIA_69567,2026-05-29 22:00:00,3.0
EIA_69568,2026-05-29 22:00:00,1.0
EIA_69569,2026-05-29 22:00:00,0.2949596
EIA_69570,2026-05-29 22:00:00,12.0
EIA_69571,2026-05-29 22:00:00,0.5868911
EIA_69572,2026-05-29 22:00:00,5.0
EIA_69573,2026-05-29 22:00:00,5.0
EIA_69580,2026-05-29 22:00:00,0.5977673
EIA_69581,2026-05-29 22:00:00,0.16559196
EIA_69587,2026-05-29 22:00:00,0.5919354
EIA_69596,2026-05-29 22:00:00,0.44839293
EIA_69597,2026-05-29 22:00:00,0.56049114
EIA_69598,2026-05-29 22:00:00,0.14388297
EIA_69599,2026-05-29 22:00:00,0.8021785
EIA_69600,2026-05-29 22:00:00,0.6704367
EIA_69601,2026-05-29 22:00:00,0.26817468
EIA_69604,2026-05-29 22:00:00,19.9
EIA_69612,2026-05-29 22:00:00,0.120875366
EIA_69613,2026-05-29 22:00:00,0.12086829
EIA_69615,2026-05-29 22:00:00,0.12086877
EIA_69617,2026-05-29 22:00:00,2.8
EIA_69618,2026-05-29 22:00:00,0.106038086
EIA_69621,2026-05-29 22:00:00,0.020163279
EIA_69622,2026-05-29 22:00:00,0.15018032
EIA_69623,2026-05-29 22:00:00,0.054982614
EIA_69624,2026-05-29 22:00:00,0.13745654
EIA_69630,2026-05-29 22:00:00,1.0
EIA_69645,2026-05-29 22:00:00,1.0
EIA_69646,2026-05-29 22:00:00,1.0
EIA_69651,2026-05-29 22:00:00,2.0
EIA_69652,2026-05-29 22:00:00,0.8430002
EIA_69653,2026-05-29 22:00:00,0.8430002
EIA_69655,2026-05-29 22:00:00,4.2191
EIA_69656,2026-05-29 22:00:00,2.3
EIA_69675,2026-05-29 22:00:00,273.6
EIA_69676,2026-05-29 22:00:00,89.75365
EIA_69680,2026-05-29 22:00:00,113.1
EIA_69682,2026-05-29 22:00:00,0.7012116
EIA_69683,2026-05-29 22:00:00,1.3
EIA_69686,2026-05-29 22:00:00,1.1545641
EIA_69692,2026-05-29 22:00:00,5.0
EIA_69693,2026-05-29 22:00:00,0.04395364
EIA_69696,2026-05-29 22:00:00,2.2
EIA_69700,2026-05-29 22:00:00,0.07294228
EIA_69703,2026-05-29 22:00:00,3.3
EIA_69705,2026-05-29 22:00:00,0.117936425
EIA_69707,2026-05-29 22:00:00,0.022366835
EIA_69709,2026-05-29 22:00:00,0.07491364
EIA_69712,2026-05-29 22:00:00,0.6
EIA_69714,2026-05-29 22:00:00,0.2264562
EIA_69715,2026-05-29 22:00:00,0.07491364
EIA_69716,2026-05-29 22:00:00,4.0
EIA_69717,2026-05-29 22:00:00,0.17821898
EIA_69718,2026-05-29 22:00:00,0.17109022
EIA_69719,2026-05-29 22:00:00,2.8
EIA_69729,2026-05-29 22:00:00,0.10392705
EIA_69730,2026-05-29 22:00:00,1.9646567
EIA_69731,2026-05-29 22:00:00,1.3
EIA_69732,2026-05-29 22:00:00,4.2885466
EIA_69733,2026-05-29 22:00:00,3.8595953
EIA_69734,2026-05-29 22:00:00,1.4
EIA_69735,2026-05-29 22:00:00,5.0
EIA_69736,2026-05-29 22:00:00,0.09052025
EIA_69737,2026-05-29 22:00:00,2.408448
EIA_69739,2026-05-29 22:00:00,4.8
EIA_69740,2026-05-29 22:00:00,7.2
EIA_69744,2026-05-29 22:00:00,0.0920015
EIA_69746,2026-05-29 22:00:00,0.061290506
EIA_69748,2026-05-29 22:00:00,413.6358
EIA_69754,2026-05-29 22:00:00,0.6838642
EIA_69757,2026-05-29 22:00:00,2.6
EIA_69758,2026-05-29 22:00:00,2.0
EIA_69759,2026-05-29 22:00:00,0.4753212
EIA_69774,2026-05-29 22:00:00,2.4
EIA_69800,2026-05-29 22:00:00,2.972528
EIA_69801,2026-05-29 22:00:00,0.18866616
EIA_69802,2026-05-29 22:00:00,0.41076723
EIA_69822,2026-05-29 22:00:00,0.4371995
EIA_69824,2026-05-29 22:00:00,0.26352552
EIA_69856,2026-05-29 22:00:00,3.0
EIA_69863,2026-05-29 22:00:00,3.7
EIA_69875,2026-05-29 22:00:00,117.0
EIA_141,2026-05-29 23:00:00,0.2
EIA_960,2026-05-29 23:00:00,0.3
EIA_1172,2026-05-29 23:00:00,0.56013364
EIA_1187,2026-05-29 23:00:00,0.5423071
EIA_10224,2026-05-29 23:00:00,0.039095484
EIA_10823,2026-05-29 23:00:00,0.007643945
EIA_50026,2026-05-29 23:00:00,27.5
EIA_50061,2026-05-29 23:00:00,0.8
EIA_56322,2026-05-29 23:00:00,0.5
EIA_57775,2026-05-29 23:00:00,0.5
EIA_57785,2026-05-29 23:00:00,4.9520607
EIA_57806,2026-05-29 23:00:00,0.17692026
EIA_58173,2026-05-29 23:00:00,0.027195068
EIA_58413,2026-05-29 23:00:00,54.4
EIA_58422,2026-05-29 23:00:00,1.3
EIA_58556,2026-05-29 23:00:00,10.1
EIA_58689,2026-05-29 23:00:00,0.34686536
EIA_58899,2026-05-29 23:00:00,0.5
EIA_59133,2026-05-29 23:00:00,1.0
EIA_59272,2026-05-29 23:00:00,1.5
EIA_59776,2026-05-29 23:00:00,0.1781845
EIA_59786,2026-05-29 23:00:00,2.834064
EIA_59988,2026-05-29 23:00:00,1.1
EIA_60452,2026-05-29 23:00:00,0.32747513
EIA_61703,2026-05-29 23:00:00,0.009165853
EIA_61796,2026-05-29 23:00:00,20.0
EIA_61820,2026-05-29 23:00:00,0.1386493
EIA_61822,2026-05-29 23:00:00,0.2
EIA_61852,2026-05-29 23:00:00,300.0
EIA_61910,2026-05-29 23:00:00,7.0
EIA_61967,2026-05-29 23:00:00,110.1093
EIA_61990,2026-05-29 23:00:00,0.08828359
EIA_62027,2026-05-29 23:00:00,0.46824056
EIA_62186,2026-05-29 23:00:00,2.0
EIA_62344,2026-05-29 23:00:00,1.8732253
EIA_62397,2026-05-29 23:00:00,2.0
EIA_62442,2026-05-29 23:00:00,0.04701105
EIA_62494,2026-05-29 23:00:00,250.0
EIA_62545,2026-05-29 23:00:00,1.1832262
EIA_62737,2026-05-29 23:00:00,0.14522214
EIA_62797,2026-05-29 23:00:00,100.0
EIA_63122,2026-05-29 23:00:00,0.24584004
EIA_63194,2026-05-29 23:00:00,300.0
EIA_63211,2026-05-29 23:00:00,250.0
EIA_63221,2026-05-29 23:00:00,0.18539448
EIA_63507,2026-05-29 23:00:00,32.35836
EIA_63518,2026-05-29 23:00:00,1.493495
EIA_63542,2026-05-29 23:00:00,0.7777817
EIA_63882,2026-05-29 23:00:00,200.0
EIA_63884,2026-05-29 23:00:00,310.0
EIA_63946,2026-05-29 23:00:00,2.0
EIA_64117,2026-05-29 23:00:00,4.9
EIA_64132,2026-05-29 23:00:00,200.0
EIA_64210,2026-05-29 23:00:00,500.0
EIA_64222,2026-05-29 23:00:00,0.38737535
EIA_64223,2026-05-29 23:00:00,0.57493955
EIA_64430,2026-05-29 23:00:00,140.0
EIA_64442,2026-05-29 23:00:00,0.025515713
EIA_64446,2026-05-29 23:00:00,0.030488582
EIA_64509,2026-05-29 23:00:00,0.5
EIA_64512,2026-05-29 23:00:00,0.5
EIA_64513,2026-05-29 23:00:00,0.5
EIA_64536,2026-05-29 23:00:00,135.0
EIA_64564,2026-05-29 23:00:00,131.0
EIA_64567,2026-05-29 23:00:00,20.0
EIA_64729,2026-05-29 23:00:00,0.2542178
EIA_64745,2026-05-29 23:00:00,150.0
EIA_64858,2026-05-29 23:00:00,56.45065
EIA_65006,2026-05-29 23:00:00,0.268807
EIA_65024,2026-05-29 23:00:00,0.20894614
EIA_65072,2026-05-29 23:00:00,0.3
EIA_65139,2026-05-29 23:00:00,0.19225746
EIA_65149,2026-05-29 23:00:00,0.0854425
EIA_65279,2026-05-29 23:00:00,0.025780382
EIA_65401,2026-05-29 23:00:00,50.124268
EIA_65405,2026-05-29 23:00:00,16.57733
EIA_65442,2026-05-29 23:00:00,0.19545582
EIA_65443,2026-05-29 23:00:00,0.24172312
EIA_65445,2026-05-29 23:00:00,108.61208
EIA_65463,2026-05-29 23:00:00,460.03397
EIA_65468,2026-05-29 23:00:00,0.5
EIA_65480,2026-05-29 23:00:00,74.92862
EIA_65507,2026-05-29 23:00:00,1.6175399
EIA_65508,2026-05-29 23:00:00,2.0
EIA_65515,2026-05-29 23:00:00,0.55548906
EIA_65516,2026-05-29 23:00:00,0.5554658
EIA_65527,2026-05-29 23:00:00,2.5
EIA_65572,2026-05-29 23:00:00,250.0
EIA_65616,2026-05-29 23:00:00,2.6
EIA_65644,2026-05-29 23:00:00,99.4343
EIA_65659,2026-05-29 23:00:00,1.0
EIA_65827,2026-05-29 23:00:00,0.033029307
EIA_65849,2026-05-29 23:00:00,180.0
EIA_65885,2026-05-29 23:00:00,3.610959
EIA_65887,2026-05-29 23:00:00,7.3520017
EIA_65888,2026-05-29 23:00:00,9.345841
EIA_65891,2026-05-29 23:00:00,131.0
EIA_65894,2026-05-29 23:00:00,210.0
EIA_65905,2026-05-29 23:00:00,41.92508
EIA_65911,2026-05-29 23:00:00,41.311657
EIA_65913,2026-05-29 23:00:00,74.5
EIA_65940,2026-05-29 23:00:00,0.060128205
EIA_66027,2026-05-29 23:00:00,5.3187785
EIA_66107,2026-05-29 23:00:00,20.0
EIA_66256,2026-05-29 23:00:00,5.0
EIA_66352,2026-05-29 23:00:00,5.0
EIA_66356,2026-05-29 23:00:00,5.0
EIA_66432,2026-05-29 23:00:00,2.0
EIA_66433,2026-05-29 23:00:00,0.6801513
EIA_66435,2026-05-29 23:00:00,0.19545582
EIA_66449,2026-05-29 23:00:00,0.07038563
EIA_66495,2026-05-29 23:00:00,0.11633537
EIA_66520,2026-05-29 23:00:00,2.0
EIA_66523,2026-05-29 23:00:00,3.6631675
EIA_66647,2026-05-29 23:00:00,100.0
EIA_66649,2026-05-29 23:00:00,7.8283706
EIA_66654,2026-05-29 23:00:00,2.0
EIA_66656,2026-05-29 23:00:00,2.0
EIA_66670,2026-05-29 23:00:00,150.0
EIA_66681,2026-05-29 23:00:00,49.0
EIA_66688,2026-05-29 23:00:00,300.0
EIA_66739,2026-05-29 23:00:00,1.5
EIA_66740,2026-05-29 23:00:00,0.54081374
EIA_66756,2026-05-29 23:00:00,40.8
EIA_66760,2026-05-29 23:00:00,3.0
EIA_66774,2026-05-29 23:00:00,408.9
EIA_66775,2026-05-29 23:00:00,200.0
EIA_66827,2026-05-29 23:00:00,0.0067091687
EIA_66840,2026-05-29 23:00:00,51.1
EIA_66842,2026-05-29 23:00:00,64.0
EIA_66844,2026-05-29 23:00:00,150.0
EIA_66860,2026-05-29 23:00:00,100.0
EIA_66872,2026-05-29 23:00:00,204.5
EIA_66886,2026-05-29 23:00:00,0.008981559
EIA_66890,2026-05-29 23:00:00,60.0
EIA_66892,2026-05-29 23:00:00,4.4
EIA_66897,2026-05-29 23:00:00,97.5
EIA_66899,2026-05-29 23:00:00,5.8
EIA_66903,2026-05-29 23:00:00,310.0
EIA_66951,2026-05-29 23:00:00,200.0
EIA_66983,2026-05-29 23:00:00,13.5
EIA_67007,2026-05-29 23:00:00,20.0
EIA_67022,2026-05-29 23:00:00,175.0
EIA_67033,2026-05-29 23:00:00,0.008326314
EIA_67038,2026-05-29 23:00:00,5.205379
EIA_67046,2026-05-29 23:00:00,210.0
EIA_67075,2026-05-29 23:00:00,0.18157284
EIA_67076,2026-05-29 23:00:00,94.3325
EIA_67080,2026-05-29 23:00:00,0.59200245
EIA_67086,2026-05-29 23:00:00,0.9376479
EIA_67124,2026-05-29 23:00:00,0.16803181
EIA_67125,2026-05-29 23:00:00,2.5798812
EIA_67126,2026-05-29 23:00:00,4.3
EIA_67129,2026-05-29 23:00:00,98.333824
EIA_67133,2026-05-29 23:00:00,0.8570693
EIA_67135,2026-05-29 23:00:00,4.8
EIA_67158,2026-05-29 23:00:00,0.09920787
EIA_67169,2026-05-29 23:00:00,4.3226323
EIA_67174,2026-05-29 23:00:00,4.453905
EIA_67177,2026-05-29 23:00:00,82.61674
EIA_67201,2026-05-29 23:00:00,4.4040475
EIA_67204,2026-05-29 23:00:00,56.72369
EIA_67216,2026-05-29 23:00:00,18.8
EIA_67217,2026-05-29 23:00:00,20.0
EIA_67218,2026-05-29 23:00:00,20.0
EIA_67219,2026-05-29 23:00:00,20.0
EIA_67234,2026-05-29 23:00:00,0.7
EIA_67254,2026-05-29 23:00:00,0.037538186
EIA_67255,2026-05-29 23:00:00,2.0
EIA_67256,2026-05-29 23:00:00,2.0
EIA_67277,2026-05-29 23:00:00,0.5687398
EIA_67288,2026-05-29 23:00:00,3.0
EIA_67322,2026-05-29 23:00:00,8.61875
EIA_67374,2026-05-29 23:00:00,5.0
EIA_67391,2026-05-29 23:00:00,4.0
EIA_67412,2026-05-29 23:00:00,0.048274234
EIA_67421,2026-05-29 23:00:00,84.4
EIA_67437,2026-05-29 23:00:00,0.19226846
EIA_67447,2026-05-29 23:00:00,0.20909546
EIA_67469,2026-05-29 23:00:00,0.053253688
EIA_67474,2026-05-29 23:00:00,300.0
EIA_67490,2026-05-29 23:00:00,5.6
EIA_67497,2026-05-29 23:00:00,100.0
EIA_67503,2026-05-29 23:00:00,170.0
EIA_67511,2026-05-29 23:00:00,200.0
EIA_67528,2026-05-29 23:00:00,68.172386
EIA_67532,2026-05-29 23:00:00,5.0
EIA_67539,2026-05-29 23:00:00,1.6
EIA_67540,2026-05-29 23:00:00,2.3
EIA_67546,2026-05-29 23:00:00,1.0
EIA_67554,2026-05-29 23:00:00,2.0
EIA_67583,2026-05-29 23:00:00,1.3
EIA_67584,2026-05-29 23:00:00,0.03071698
EIA_67597,2026-05-29 23:00:00,11.8
EIA_67600,2026-05-29 23:00:00,4.3270473
EIA_67623,2026-05-29 23:00:00,2.0
EIA_67624,2026-05-29 23:00:00,2.0
EIA_67628,2026-05-29 23:00:00,2.0
EIA_67644,2026-05-29 23:00:00,3.098022
EIA_67675,2026-05-29 23:00:00,3.9323833
EIA_67678,2026-05-29 23:00:00,140.0
EIA_67684,2026-05-29 23:00:00,0.35240653
EIA_67686,2026-05-29 23:00:00,4.9
EIA_67687,2026-05-29 23:00:00,2.0
EIA_67688,2026-05-29 23:00:00,0.5467264
EIA_67703,2026-05-29 23:00:00,3.55823
EIA_67704,2026-05-29 23:00:00,1.4
EIA_67705,2026-05-29 23:00:00,2.3
EIA_67713,2026-05-29 23:00:00,4.0
EIA_67714,2026-05-29 23:00:00,1.5
EIA_67715,2026-05-29 23:00:00,2.0
EIA_67716,2026-05-29 23:00:00,1.9
EIA_67717,2026-05-29 23:00:00,1.3105909
EIA_67718,2026-05-29 23:00:00,1.9
EIA_67719,2026-05-29 23:00:00,2.0
EIA_67727,2026-05-29 23:00:00,6.0
EIA_67728,2026-05-29 23:00:00,5.0
EIA_67735,2026-05-29 23:00:00,31.956457
EIA_67751,2026-05-29 23:00:00,2.0
EIA_67762,2026-05-29 23:00:00,255.9
EIA_67765,2026-05-29 23:00:00,150.0
EIA_67793,2026-05-29 23:00:00,1.7
EIA_67797,2026-05-29 23:00:00,160.0
EIA_67804,2026-05-29 23:00:00,2.0
EIA_67822,2026-05-29 23:00:00,2.0
EIA_67823,2026-05-29 23:00:00,235.0
EIA_67834,2026-05-29 23:00:00,48.0
EIA_67850,2026-05-29 23:00:00,42.0
EIA_67859,2026-05-29 23:00:00,4.0
EIA_67864,2026-05-29 23:00:00,0.09816221
EIA_67867,2026-05-29 23:00:00,67.2
EIA_67872,2026-05-29 23:00:00,32.434174
EIA_67873,2026-05-29 23:00:00,10.170015
EIA_67900,2026-05-29 23:00:00,0.3161112
EIA_67901,2026-05-29 23:00:00,0.1185417
EIA_67930,2026-05-29 23:00:00,200.0
EIA_67943,2026-05-29 23:00:00,3.0
EIA_67957,2026-05-29 23:00:00,79.33446
EIA_67964,2026-05-29 23:00:00,150.0
EIA_67965,2026-05-29 23:00:00,1.3
EIA_67969,2026-05-29 23:00:00,22.0
EIA_67979,2026-05-29 23:00:00,0.718424
EIA_67997,2026-05-29 23:00:00,28.9
EIA_68008,2026-05-29 23:00:00,0.12574822
EIA_68010,2026-05-29 23:00:00,0.5629757
EIA_68023,2026-05-29 23:00:00,12.0
EIA_68025,2026-05-29 23:00:00,2.128538
EIA_68026,2026-05-29 23:00:00,3.405651
EIA_68037,2026-05-29 23:00:00,0.068393685
EIA_68060,2026-05-29 23:00:00,16.086697
EIA_68077,2026-05-29 23:00:00,20.0
EIA_68088,2026-05-29 23:00:00,20.080137
EIA_68096,2026-05-29 23:00:00,0.11725076
EIA_68102,2026-05-29 23:00:00,0.12886654
EIA_68106,2026-05-29 23:00:00,98.333824
EIA_68107,2026-05-29 23:00:00,3.7680664
EIA_68108,2026-05-29 23:00:00,0.375366
EIA_68109,2026-05-29 23:00:00,0.05659497
EIA_68113,2026-05-29 23:00:00,2.3
EIA_68114,2026-05-29 23:00:00,6.5
EIA_68157,2026-05-29 23:00:00,0.9375675
EIA_68163,2026-05-29 23:00:00,0.043319028
EIA_68188,2026-05-29 23:00:00,0.22030172
EIA_68190,2026-05-29 23:00:00,0.2203267
EIA_68200,2026-05-29 23:00:00,401.4
EIA_68223,2026-05-29 23:00:00,11.489271
EIA_68235,2026-05-29 23:00:00,1.1
EIA_68259,2026-05-29 23:00:00,0.058008496
EIA_68276,2026-05-29 23:00:00,40.430298
EIA_68279,2026-05-29 23:00:00,1.1
EIA_68281,2026-05-29 23:00:00,300.0
EIA_68286,2026-05-29 23:00:00,1.4234592
EIA_68327,2026-05-29 23:00:00,0.17462629
EIA_68372,2026-05-29 23:00:00,56.978813
EIA_68398,2026-05-29 23:00:00,5.0
EIA_68418,2026-05-29 23:00:00,120.0
EIA_68427,2026-05-29 23:00:00,12.9
EIA_68431,2026-05-29 23:00:00,240.0
EIA_68436,2026-05-29 23:00:00,2.9
EIA_68442,2026-05-29 23:00:00,4.0
EIA_68458,2026-05-29 23:00:00,14.452005
EIA_68470,2026-05-29 23:00:00,83.29203
EIA_68472,2026-05-29 23:00:00,74.9
EIA_68482,2026-05-29 23:00:00,49.9
EIA_68483,2026-05-29 23:00:00,209.53131
EIA_68488,2026-05-29 23:00:00,60.13386
EIA_68489,2026-05-29 23:00:00,2.0
EIA_68516,2026-05-29 23:00:00,15.436268
EIA_68523,2026-05-29 23:00:00,0.6634867
EIA_68524,2026-05-29 23:00:00,0.6635225
EIA_68525,2026-05-29 23:00:00,0.6635267
EIA_68530,2026-05-29 23:00:00,2.0
EIA_68534,2026-05-29 23:00:00,63.385662
EIA_68536,2026-05-29 23:00:00,6.5261607
EIA_68537,2026-05-29 23:00:00,145.0
EIA_68538,2026-05-29 23:00:00,2.3
EIA_68540,2026-05-29 23:00:00,1.3
EIA_68544,2026-05-29 23:00:00,2.0
EIA_68550,2026-05-29 23:00:00,2.0616822
EIA_68551,2026-05-29 23:00:00,74.5
EIA_68587,2026-05-29 23:00:00,40.546413
EIA_68588,2026-05-29 23:00:00,40.546413
EIA_68595,2026-05-29 23:00:00,75.0
EIA_68615,2026-05-29 23:00:00,1.6054136
EIA_68670,2026-05-29 23:00:00,31.817421
EIA_68674,2026-05-29 23:00:00,0.14524859
EIA_68682,2026-05-29 23:00:00,0.071708195
EIA_68706,2026-05-29 23:00:00,2.569972
EIA_68708,2026-05-29 23:00:00,3.7202225
EIA_68729,2026-05-29 23:00:00,0.29137114
EIA_68754,2026-05-29 23:00:00,4.3
EIA_68756,2026-05-29 23:00:00,5.0
EIA_68757,2026-05-29 23:00:00,1.6884462
EIA_68776,2026-05-29 23:00:00,237.1
EIA_68791,2026-05-29 23:00:00,1.1
EIA_68794,2026-05-29 23:00:00,1.1917174
EIA_68795,2026-05-29 23:00:00,1.3501793
EIA_68796,2026-05-29 23:00:00,0.3451257
EIA_68803,2026-05-29 23:00:00,1.5
EIA_68817,2026-05-29 23:00:00,0.66731495
EIA_68820,2026-05-29 23:00:00,49.140667
EIA_68822,2026-05-29 23:00:00,74.5
EIA_68823,2026-05-29 23:00:00,4.206758
EIA_68838,2026-05-29 23:00:00,515.0
EIA_68846,2026-05-29 23:00:00,148.0
EIA_68856,2026-05-29 23:00:00,90.5
EIA_68880,2026-05-29 23:00:00,74.22337
EIA_68885,2026-05-29 23:00:00,3.0
EIA_68886,2026-05-29 23:00:00,3.0
EIA_68892,2026-05-29 23:00:00,1.4
EIA_68894,2026-05-29 23:00:00,150.0
EIA_68906,2026-05-29 23:00:00,300.0
EIA_68919,2026-05-29 23:00:00,1.7834712
EIA_68921,2026-05-29 23:00:00,0.80408585
EIA_68927,2026-05-29 23:00:00,11.2983885
EIA_68928,2026-05-29 23:00:00,2.6312401
EIA_68941,2026-05-29 23:00:00,0.6374263
EIA_68943,2026-05-29 23:00:00,3.7856708
EIA_68944,2026-05-29 23:00:00,5.0
EIA_68945,2026-05-29 23:00:00,0.062775835
EIA_68957,2026-05-29 23:00:00,1.8430986
EIA_68960,2026-05-29 23:00:00,2.0
EIA_68964,2026-05-29 23:00:00,1.8952171
EIA_68966,2026-05-29 23:00:00,0.1173995
EIA_68971,2026-05-29 23:00:00,5.0
EIA_68991,2026-05-29 23:00:00,1.5023305
EIA_68998,2026-05-29 23:00:00,120.0
EIA_69002,2026-05-29 23:00:00,0.38817903
EIA_69009,2026-05-29 23:00:00,1.0354667
EIA_69014,2026-05-29 23:00:00,0.08760864
EIA_69015,2026-05-29 23:00:00,5.0
EIA_69016,2026-05-29 23:00:00,2.7154846
EIA_69017,2026-05-29 23:00:00,1.1117228
EIA_69018,2026-05-29 23:00:00,0.4979192
EIA_69027,2026-05-29 23:00:00,100.0
EIA_69031,2026-05-29 23:00:00,2.0
EIA_69032,2026-05-29 23:00:00,3.6
EIA_69033,2026-05-29 23:00:00,2.6461968
EIA_69039,2026-05-29 23:00:00,2.3
EIA_69042,2026-05-29 23:00:00,10.686084
EIA_69043,2026-05-29 23:00:00,1.195794
EIA_69046,2026-05-29 23:00:00,2.0
EIA_69048,2026-05-29 23:00:00,0.34187433
EIA_69051,2026-05-29 23:00:00,3.0
EIA_69061,2026-05-29 23:00:00,5.0
EIA_69062,2026-05-29 23:00:00,5.0
EIA_69063,2026-05-29 23:00:00,200.0
EIA_69066,2026-05-29 23:00:00,1.5110036
EIA_69068,2026-05-29 23:00:00,3.0
EIA_69070,2026-05-29 23:00:00,1.9882444
EIA_69078,2026-05-29 23:00:00,5.0
EIA_69095,2026-05-29 23:00:00,0.27263704
EIA_69096,2026-05-29 23:00:00,0.26012355
EIA_69100,2026-05-29 23:00:00,325.0
EIA_69101,2026-05-29 23:00:00,182.22435
EIA_69103,2026-05-29 23:00:00,2.1358373
EIA_69104,2026-05-29 23:00:00,5.0
EIA_69106,2026-05-29 23:00:00,5.0
EIA_69107,2026-05-29 23:00:00,2.083827
EIA_69109,2026-05-29 23:00:00,1.4
EIA_69112,2026-05-29 23:00:00,1.3
EIA_69113,2026-05-29 23:00:00,2.7
EIA_69114,2026-05-29 23:00:00,3.5
EIA_69115,2026-05-29 23:00:00,0.7991845
EIA_69116,2026-05-29 23:00:00,0.07012653
EIA_69117,2026-05-29 23:00:00,0.028051265
EIA_69118,2026-05-29 23:00:00,0.017400198
EIA_69123,2026-05-29 23:00:00,0.34180373
EIA_69124,2026-05-29 23:00:00,0.057418916
EIA_69125,2026-05-29 23:00:00,0.04506278
EIA_69126,2026-05-29 23:00:00,0.03353309
EIA_69127,2026-05-29 23:00:00,0.033322882
EIA_69129,2026-05-29 23:00:00,0.038911376
EIA_69130,2026-05-29 23:00:00,0.68007505
EIA_69131,2026-05-29 23:00:00,0.05639329
EIA_69132,2026-05-29 23:00:00,1.7
EIA_69133,2026-05-29 23:00:00,0.6101692
EIA_69134,2026-05-29 23:00:00,0.26221347
EIA_69135,2026-05-29 23:00:00,1.0
EIA_69137,2026-05-29 23:00:00,4.4863844
EIA_69140,2026-05-29 23:00:00,1.3
EIA_69141,2026-05-29 23:00:00,4.0
EIA_69142,2026-05-29 23:00:00,0.26855573
EIA_69143,2026-05-29 23:00:00,11.94443
EIA_69145,2026-05-29 23:00:00,0.66258144
EIA_69153,2026-05-29 23:00:00,0.1557577
EIA_69154,2026-05-29 23:00:00,0.14641401
EIA_69161,2026-05-29 23:00:00,0.26777005
EIA_69163,2026-05-29 23:00:00,2.0
EIA_69164,2026-05-29 23:00:00,31.385303
EIA_69166,2026-05-29 23:00:00,19.533092
EIA_69172,2026-05-29 23:00:00,80.0
EIA_69179,2026-05-29 23:00:00,0.2770941
EIA_69183,2026-05-29 23:00:00,2.0
EIA_69187,2026-05-29 23:00:00,19.8
EIA_69188,2026-05-29 23:00:00,2.9
EIA_69190,2026-05-29 23:00:00,1.6
EIA_69192,2026-05-29 23:00:00,7.731319
EIA_69193,2026-05-29 23:00:00,2.5
EIA_69201,2026-05-29 23:00:00,2.0
EIA_69210,2026-05-29 23:00:00,0.19363248
EIA_69212,2026-05-29 23:00:00,0.5538751
EIA_69213,2026-05-29 23:00:00,5.0
EIA_69214,2026-05-29 23:00:00,0.8551067
EIA_69216,2026-05-29 23:00:00,0.93460435
EIA_69219,2026-05-29 23:00:00,0.037417255
EIA_69221,2026-05-29 23:00:00,1.2
EIA_69227,2026-05-29 23:00:00,0.14360644
EIA_69228,2026-05-29 23:00:00,4.869453
EIA_69230,2026-05-29 23:00:00,2.9593198
EIA_69233,2026-05-29 23:00:00,1.0
EIA_69235,2026-05-29 23:00:00,20.0
EIA_69236,2026-05-29 23:00:00,10.520558
EIA_69240,2026-05-29 23:00:00,5.0
EIA_69241,2026-05-29 23:00:00,1.7843411
EIA_69243,2026-05-29 23:00:00,1.9260923
EIA_69247,2026-05-29 23:00:00,0.11469907
EIA_69248,2026-05-29 23:00:00,0.8681619
EIA_69261,2026-05-29 23:00:00,10.0
EIA_69263,2026-05-29 23:00:00,10.0
EIA_69264,2026-05-29 23:00:00,0.5914745
EIA_69265,2026-05-29 23:00:00,7.5
EIA_69273,2026-05-29 23:00:00,0.11958016
EIA_69280,2026-05-29 23:00:00,0.06544303
EIA_69281,2026-05-29 23:00:00,0.06543954
EIA_69284,2026-05-29 23:00:00,0.112845816
EIA_69285,2026-05-29 23:00:00,0.36925507
EIA_69287,2026-05-29 23:00:00,4.8738375
EIA_69288,2026-05-29 23:00:00,1.6
EIA_69289,2026-05-29 23:00:00,9.9
EIA_69303,2026-05-29 23:00:00,0.16018122
EIA_69304,2026-05-29 23:00:00,0.049521822
EIA_69306,2026-05-29 23:00:00,8.8
EIA_69307,2026-05-29 23:00:00,0.29468673
EIA_69314,2026-05-29 23:00:00,2.0
EIA_69315,2026-05-29 23:00:00,5.0
EIA_69316,2026-05-29 23:00:00,5.0
EIA_69317,2026-05-29 23:00:00,5.0
EIA_69320,2026-05-29 23:00:00,480.0
EIA_69325,2026-05-29 23:00:00,1.0228771
EIA_69326,2026-05-29 23:00:00,1.0228771
EIA_69328,2026-05-29 23:00:00,4.1
EIA_69330,2026-05-29 23:00:00,5.0
EIA_69354,2026-05-29 23:00:00,74.9
EIA_69355,2026-05-29 23:00:00,71.12423
EIA_69368,2026-05-29 23:00:00,1.0648335
EIA_69370,2026-05-29 23:00:00,1.8
EIA_69374,2026-05-29 23:00:00,1.5
EIA_69378,2026-05-29 23:00:00,1.5
EIA_69379,2026-05-29 23:00:00,0.502775
EIA_69380,2026-05-29 23:00:00,0.44234487
EIA_69381,2026-05-29 23:00:00,1.6
EIA_69382,2026-05-29 23:00:00,1.4
EIA_69386,2026-05-29 23:00:00,1.1262022
EIA_69387,2026-05-29 23:00:00,5.0
EIA_69388,2026-05-29 23:00:00,100.0
EIA_69389,2026-05-29 23:00:00,0.10592351
EIA_69390,2026-05-29 23:00:00,0.10592351
EIA_69391,2026-05-29 23:00:00,0.2715261
EIA_69395,2026-05-29 23:00:00,0.63477176
EIA_69396,2026-05-29 23:00:00,0.15331024
EIA_69397,2026-05-29 23:00:00,2.0
EIA_69398,2026-05-29 23:00:00,0.02448686
EIA_69399,2026-05-29 23:00:00,0.9659402
EIA_69400,2026-05-29 23:00:00,0.31950963
EIA_69401,2026-05-29 23:00:00,5.0
EIA_69402,2026-05-29 23:00:00,0.5418845
EIA_69408,2026-05-29 23:00:00,0.33645117
EIA_69409,2026-05-29 23:00:00,0.4606264
EIA_69410,2026-05-29 23:00:00,0.33549982
EIA_69412,2026-05-29 23:00:00,0.20129992
EIA_69414,2026-05-29 23:00:00,270.0
EIA_69419,2026-05-29 23:00:00,5.0
EIA_69420,2026-05-29 23:00:00,0.49934822
EIA_69428,2026-05-29 23:00:00,41.017498
EIA_69430,2026-05-29 23:00:00,6.0
EIA_69431,2026-05-29 23:00:00,5.0
EIA_69432,2026-05-29 23:00:00,6.0
EIA_69433,2026-05-29 23:00:00,6.0
EIA_69434,2026-05-29 23:00:00,0.15965535
EIA_69439,2026-05-29 23:00:00,5.0
EIA_69440,2026-05-29 23:00:00,5.0
EIA_69441,2026-05-29 23:00:00,2.6
EIA_69442,2026-05-29 23:00:00,5.0
EIA_69443,2026-05-29 23:00:00,1.0650024
EIA_69447,2026-05-29 23:00:00,0.02671175
EIA_69448,2026-05-29 23:00:00,0.020309376
EIA_69476,2026-05-29 23:00:00,100.0
EIA_69483,2026-05-29 23:00:00,2.1200194
EIA_69484,2026-05-29 23:00:00,0.75922406
EIA_69485,2026-05-29 23:00:00,2.5
EIA_69486,2026-05-29 23:00:00,2.5
EIA_69487,2026-05-29 23:00:00,1.9722131
EIA_69488,2026-05-29 23:00:00,2.3127687
EIA_69489,2026-05-29 23:00:00,0.89451504
EIA_69490,2026-05-29 23:00:00,2.5
EIA_69491,2026-05-29 23:00:00,2.5
EIA_69492,2026-05-29 23:00:00,1.0089043
EIA_69493,2026-05-29 23:00:00,2.5
EIA_69494,2026-05-29 23:00:00,2.5
EIA_69495,2026-05-29 23:00:00,2.5
EIA_69498,2026-05-29 23:00:00,8.8
EIA_69499,2026-05-29 23:00:00,1.19655
EIA_69500,2026-05-29 23:00:00,3.8
EIA_69501,2026-05-29 23:00:00,6.0
EIA_69502,2026-05-29 23:00:00,4.0
EIA_69503,2026-05-29 23:00:00,6.0
EIA_69505,2026-05-29 23:00:00,1.6126196
EIA_69518,2026-05-29 23:00:00,0.82365143
EIA_69519,2026-05-29 23:00:00,1.2354732
EIA_69525,2026-05-29 23:00:00,4.3
EIA_69526,2026-05-29 23:00:00,5.0
EIA_69527,2026-05-29 23:00:00,5.0
EIA_69528,2026-05-29 23:00:00,3.0
EIA_69529,2026-05-29 23:00:00,0.60496604
EIA_69530,2026-05-29 23:00:00,5.0
EIA_69531,2026-05-29 23:00:00,1.7860074
EIA_69532,2026-05-29 23:00:00,5.0
EIA_69536,2026-05-29 23:00:00,0.5134805
EIA_69538,2026-05-29 23:00:00,6.8959417
EIA_69542,2026-05-29 23:00:00,5.0
EIA_69543,2026-05-29 23:00:00,3.2329726
EIA_69544,2026-05-29 23:00:00,0.005706623
EIA_69545,2026-05-29 23:00:00,0.017350608
EIA_69546,2026-05-29 23:00:00,0.15229537
EIA_69550,2026-05-29 23:00:00,117.0
EIA_69557,2026-05-29 23:00:00,2.8306465
EIA_69561,2026-05-29 23:00:00,4.0
EIA_69563,2026-05-29 23:00:00,2.3
EIA_69564,2026-05-29 23:00:00,1.5914052
EIA_69565,2026-05-29 23:00:00,4.9
EIA_69567,2026-05-29 23:00:00,3.0
EIA_69568,2026-05-29 23:00:00,0.021061845
EIA_69569,2026-05-29 23:00:00,0.40264186
EIA_69570,2026-05-29 23:00:00,12.0
EIA_69571,2026-05-29 23:00:00,0.13437824
EIA_69572,2026-05-29 23:00:00,5.0
EIA_69573,2026-05-29 23:00:00,5.0
EIA_69580,2026-05-29 23:00:00,1.1
EIA_69581,2026-05-29 23:00:00,0.060328517
EIA_69587,2026-05-29 23:00:00,0.52930766
EIA_69596,2026-05-29 23:00:00,0.4013136
EIA_69597,2026-05-29 23:00:00,0.5016252
EIA_69598,2026-05-29 23:00:00,0.0896465
EIA_69599,2026-05-29 23:00:00,0.0434207
EIA_69600,2026-05-29 23:00:00,0.15362962
EIA_69601,2026-05-29 23:00:00,0.061451234
EIA_69604,2026-05-29 23:00:00,19.9
EIA_69612,2026-05-29 23:00:00,5.0
EIA_69613,2026-05-29 23:00:00,5.0
EIA_69615,2026-05-29 23:00:00,5.0
EIA_69617,2026-05-29 23:00:00,2.8
EIA_69618,2026-05-29 23:00:00,0.024351483
EIA_69621,2026-05-29 23:00:00,0.09423046
EIA_69630,2026-05-29 23:00:00,1.0
EIA_69645,2026-05-29 23:00:00,1.0
EIA_69646,2026-05-29 23:00:00,0.9372638
EIA_69651,2026-05-29 23:00:00,2.0
EIA_69652,2026-05-29 23:00:00,1.1923412
EIA_69653,2026-05-29 23:00:00,1.1923412
EIA_69655,2026-05-29 23:00:00,3.792553
EIA_69656,2026-05-29 23:00:00,2.3
EIA_69675,2026-05-29 23:00:00,237.26805
EIA_69676,2026-05-29 23:00:00,100.0
EIA_69680,2026-05-29 23:00:00,113.1
EIA_69682,2026-05-29 23:00:00,0.40998137
EIA_69683,2026-05-29 23:00:00,1.3
EIA_69686,2026-05-29 23:00:00,1.2583075
EIA_69692,2026-05-29 23:00:00,5.0
EIA_69693,2026-05-29 23:00:00,0.035958473
EIA_69696,2026-05-29 23:00:00,2.2
EIA_69700,2026-05-29 23:00:00,0.014946208
EIA_69703,2026-05-29 23:00:00,3.3
EIA_69705,2026-05-29 23:00:00,0.01766045
EIA_69707,2026-05-29 23:00:00,0.033672307
EIA_69709,2026-05-29 23:00:00,0.0259309
EIA_69712,2026-05-29 23:00:00,0.6
EIA_69714,2026-05-29 23:00:00,0.07541258
EIA_69715,2026-05-29 23:00:00,0.025931424
EIA_69716,2026-05-29 23:00:00,4.0
EIA_69717,2026-05-29 23:00:00,0.51572263
EIA_69718,2026-05-29 23:00:00,0.49509373
EIA_69719,2026-05-29 23:00:00,2.7856836
EIA_69729,2026-05-29 23:00:00,0.04972906
EIA_69730,2026-05-29 23:00:00,1.7633986
EIA_69731,2026-05-29 23:00:00,1.3
EIA_69732,2026-05-29 23:00:00,5.0
EIA_69733,2026-05-29 23:00:00,4.5
EIA_69734,2026-05-29 23:00:00,1.3473145
EIA_69735,2026-05-29 23:00:00,5.0
EIA_69736,2026-05-29 23:00:00,0.038640324
EIA_69737,2026-05-29 23:00:00,2.5
EIA_69739,2026-05-29 23:00:00,1.6447442
EIA_69740,2026-05-29 23:00:00,7.2
EIA_69744,2026-05-29 23:00:00,0.08408463
EIA_69746,2026-05-29 23:00:00,0.016068898
EIA_69748,2026-05-29 23:00:00,517.5709
EIA_69754,2026-05-29 23:00:00,0.18462947
EIA_69757,2026-05-29 23:00:00,2.6
EIA_69758,2026-05-29 23:00:00,2.0
EIA_69759,2026-05-29 23:00:00,0.59662247
EIA_69774,2026-05-29 23:00:00,0.21766926
EIA_69800,2026-05-29 23:00:00,4.559247
EIA_69801,2026-05-29 23:00:00,0.17549907
EIA_69802,2026-05-29 23:00:00,0.030839032
EIA_69822,2026-05-29 23:00:00,0.044495206
EIA_69824,2026-05-29 23:00:00,0.026467966
EIA_69856,2026-05-29 23:00:00,3.0
EIA_69863,2026-05-29 23:00:00,0.8039922
EIA_69875,2026-05-29 23:00:00,117.0
EIA_141,2026-05-30 00:00:00,0.2
EIA_960,2026-05-30 00:00:00,0.3
EIA_1172,2026-05-30 00:00:00,0.39258018
EIA_1187,2026-05-30 00:00:00,0.15426238
EIA_50026,2026-05-30 00:00:00,27.5
EIA_50061,2026-05-30 00:00:00,0.8
EIA_56322,2026-05-30 00:00:00,0.5
EIA_57775,2026-05-30 00:00:00,0.5
EIA_57785,2026-05-30 00:00:00,5.0
EIA_57806,2026-05-30 00:00:00,0.4
EIA_58173,2026-05-30 00:00:00,0.0052407775
EIA_58413,2026-05-30 00:00:00,54.4
EIA_58422,2026-05-30 00:00:00,1.3
EIA_58556,2026-05-30 00:00:00,8.501112
EIA_58689,2026-05-30 00:00:00,1.3
EIA_58899,2026-05-30 00:00:00,0.5
EIA_59133,2026-05-30 00:00:00,1.0
EIA_59272,2026-05-30 00:00:00,1.5
EIA_59776,2026-05-30 00:00:00,0.03833274
EIA_59786,2026-05-30 00:00:00,3.0
EIA_59988,2026-05-30 00:00:00,0.8927157
EIA_61796,2026-05-30 00:00:00,7.4419417
EIA_61820,2026-05-30 00:00:00,0.0017570037
EIA_61822,2026-05-30 00:00:00,0.0017317832
EIA_61852,2026-05-30 00:00:00,300.0
EIA_61910,2026-05-30 00:00:00,7.0
EIA_61967,2026-05-30 00:00:00,20.248499
EIA_61990,2026-05-30 00:00:00,0.019000426
EIA_62186,2026-05-30 00:00:00,0.054067988
EIA_62344,2026-05-30 00:00:00,0.28538066
EIA_62397,2026-05-30 00:00:00,0.41574553
EIA_62442,2026-05-30 00:00:00,0.10215357
EIA_62494,2026-05-30 00:00:00,10.177833
EIA_62545,2026-05-30 00:00:00,1.7
EIA_62797,2026-05-30 00:00:00,72.31261
EIA_63122,2026-05-30 00:00:00,1.0
EIA_63194,2026-05-30 00:00:00,300.0
EIA_63211,2026-05-30 00:00:00,250.0
EIA_63221,2026-05-30 00:00:00,0.15696764
EIA_63507,2026-05-30 00:00:00,60.0
EIA_63518,2026-05-30 00:00:00,1.5548551
EIA_63542,2026-05-30 00:00:00,0.1171919
EIA_63882,2026-05-30 00:00:00,200.0
EIA_63884,2026-05-30 00:00:00,310.0
EIA_63946,2026-05-30 00:00:00,1.7394856
EIA_64117,2026-05-30 00:00:00,1.4559301
EIA_64132,2026-05-30 00:00:00,200.0
EIA_64210,2026-05-30 00:00:00,500.0
EIA_64222,2026-05-30 00:00:00,0.21872924
EIA_64223,2026-05-30 00:00:00,0.61836505
EIA_64430,2026-05-30 00:00:00,1.782095
EIA_64446,2026-05-30 00:00:00,0.019735044
EIA_64509,2026-05-30 00:00:00,0.12606971
EIA_64512,2026-05-30 00:00:00,0.1734156
EIA_64513,2026-05-30 00:00:00,0.15312009
EIA_64536,2026-05-30 00:00:00,36.92315
EIA_64564,2026-05-30 00:00:00,131.0
EIA_64567,2026-05-30 00:00:00,16.040955
EIA_64729,2026-05-30 00:00:00,0.18637806
EIA_64745,2026-05-30 00:00:00,37.248566
EIA_64858,2026-05-30 00:00:00,82.09878
EIA_65006,2026-05-30 00:00:00,0.90312785
EIA_65024,2026-05-30 00:00:00,0.07011399
EIA_65072,2026-05-30 00:00:00,0.3
EIA_65279,2026-05-30 00:00:00,0.02186205
EIA_65401,2026-05-30 00:00:00,16.779037
EIA_65405,2026-05-30 00:00:00,5.595101
EIA_65442,2026-05-30 00:00:00,0.14113143
EIA_65443,2026-05-30 00:00:00,0.203854
EIA_65445,2026-05-30 00:00:00,8.315305
EIA_65463,2026-05-30 00:00:00,600.0
EIA_65468,2026-05-30 00:00:00,0.0052609444
EIA_65480,2026-05-30 00:00:00,24.210001
EIA_65507,2026-05-30 00:00:00,2.3
EIA_65508,2026-05-30 00:00:00,2.0
EIA_65515,2026-05-30 00:00:00,1.0
EIA_65516,2026-05-30 00:00:00,1.0
EIA_65527,2026-05-30 00:00:00,2.5
EIA_65572,2026-05-30 00:00:00,231.51515
EIA_65616,2026-05-30 00:00:00,2.0995562
EIA_65644,2026-05-30 00:00:00,32.10918
EIA_65659,2026-05-30 00:00:00,1.0
EIA_65849,2026-05-30 00:00:00,157.39154
EIA_65888,2026-05-30 00:00:00,3.8791032
EIA_65891,2026-05-30 00:00:00,131.0
EIA_65894,2026-05-30 00:00:00,210.0
EIA_65905,2026-05-30 00:00:00,0.72029597
EIA_65911,2026-05-30 00:00:00,43.626015
EIA_65913,2026-05-30 00:00:00,0.27095
EIA_65940,2026-05-30 00:00:00,0.040189415
EIA_66027,2026-05-30 00:00:00,1.7965314
EIA_66107,2026-05-30 00:00:00,15.783316
EIA_66256,2026-05-30 00:00:00,2.3601274
EIA_66352,2026-05-30 00:00:00,0.2383984
EIA_66356,2026-05-30 00:00:00,1.3934909
EIA_66432,2026-05-30 00:00:00,2.0
EIA_66433,2026-05-30 00:00:00,0.19147927
EIA_66435,2026-05-30 00:00:00,0.14110294
EIA_66495,2026-05-30 00:00:00,0.059061017
EIA_66520,2026-05-30 00:00:00,2.0
EIA_66523,2026-05-30 00:00:00,0.12011346
EIA_66647,2026-05-30 00:00:00,86.032135
EIA_66649,2026-05-30 00:00:00,141.01698
EIA_66654,2026-05-30 00:00:00,0.6889659
EIA_66656,2026-05-30 00:00:00,0.6889659
EIA_66670,2026-05-30 00:00:00,150.0
EIA_66681,2026-05-30 00:00:00,45.895416
EIA_66688,2026-05-30 00:00:00,300.0
EIA_66739,2026-05-30 00:00:00,1.5
EIA_66740,2026-05-30 00:00:00,1.5
EIA_66756,2026-05-30 00:00:00,32.697426
EIA_66760,2026-05-30 00:00:00,3.0
EIA_66774,2026-05-30 00:00:00,408.9
EIA_66775,2026-05-30 00:00:00,200.0
EIA_66827,2026-05-30 00:00:00,0.023464622
EIA_66840,2026-05-30 00:00:00,13.435915
EIA_66842,2026-05-30 00:00:00,17.30783
EIA_66844,2026-05-30 00:00:00,39.152195
EIA_66860,2026-05-30 00:00:00,71.78375
EIA_66872,2026-05-30 00:00:00,204.5
EIA_66886,2026-05-30 00:00:00,0.02875126
EIA_66890,2026-05-30 00:00:00,60.0
EIA_66892,2026-05-30 00:00:00,4.4
EIA_66897,2026-05-30 00:00:00,68.74641
EIA_66899,2026-05-30 00:00:00,2.3418586
EIA_66903,2026-05-30 00:00:00,310.0
EIA_66951,2026-05-30 00:00:00,200.0
EIA_66983,2026-05-30 00:00:00,13.5
EIA_67007,2026-05-30 00:00:00,11.547335
EIA_67022,2026-05-30 00:00:00,85.27883
EIA_67038,2026-05-30 00:00:00,16.660395
EIA_67046,2026-05-30 00:00:00,210.0
EIA_67075,2026-05-30 00:00:00,18.778702
EIA_67076,2026-05-30 00:00:00,161.86934
EIA_67080,2026-05-30 00:00:00,0.34754902
EIA_67086,2026-05-30 00:00:00,0.011792161
EIA_67124,2026-05-30 00:00:00,0.0447863
EIA_67125,2026-05-30 00:00:00,0.08175584
EIA_67126,2026-05-30 00:00:00,2.4743624
EIA_67129,2026-05-30 00:00:00,26.802977
EIA_67133,2026-05-30 00:00:00,0.18217382
EIA_67135,2026-05-30 00:00:00,0.15088905
EIA_67158,2026-05-30 00:00:00,0.06770144
EIA_67169,2026-05-30 00:00:00,5.0
EIA_67174,2026-05-30 00:00:00,10.0
EIA_67177,2026-05-30 00:00:00,127.2936
EIA_67201,2026-05-30 00:00:00,2.098499
EIA_67204,2026-05-30 00:00:00,100.0
EIA_67216,2026-05-30 00:00:00,7.874373
EIA_67217,2026-05-30 00:00:00,8.423441
EIA_67218,2026-05-30 00:00:00,9.68653
EIA_67219,2026-05-30 00:00:00,0.1967611
EIA_67234,2026-05-30 00:00:00,0.7
EIA_67255,2026-05-30 00:00:00,1.9432403
EIA_67256,2026-05-30 00:00:00,2.0
EIA_67277,2026-05-30 00:00:00,0.6
EIA_67288,2026-05-30 00:00:00,3.0
EIA_67322,2026-05-30 00:00:00,0.82693523
EIA_67374,2026-05-30 00:00:00,2.0018954
EIA_67391,2026-05-30 00:00:00,0.047885403
EIA_67421,2026-05-30 00:00:00,0.93148935
EIA_67437,2026-05-30 00:00:00,2.254463
EIA_67474,2026-05-30 00:00:00,300.0
EIA_67490,2026-05-30 00:00:00,1.818748
EIA_67497,2026-05-30 00:00:00,100.0
EIA_67503,2026-05-30 00:00:00,170.0
EIA_67511,2026-05-30 00:00:00,200.0
EIA_67528,2026-05-30 00:00:00,34.47525
EIA_67532,2026-05-30 00:00:00,2.1592019
EIA_67539,2026-05-30 00:00:00,1.6
EIA_67540,2026-05-30 00:00:00,2.3
EIA_67546,2026-05-30 00:00:00,1.0
EIA_67554,2026-05-30 00:00:00,2.0
EIA_67583,2026-05-30 00:00:00,0.4228872
EIA_67597,2026-05-30 00:00:00,11.8
EIA_67600,2026-05-30 00:00:00,0.060565896
EIA_67623,2026-05-30 00:00:00,2.0
EIA_67624,2026-05-30 00:00:00,2.0
EIA_67628,2026-05-30 00:00:00,2.0
EIA_67644,2026-05-30 00:00:00,0.99463636
EIA_67675,2026-05-30 00:00:00,0.06900347
EIA_67678,2026-05-30 00:00:00,108.89379
EIA_67684,2026-05-30 00:00:00,0.19538666
EIA_67686,2026-05-30 00:00:00,4.9
EIA_67687,2026-05-30 00:00:00,2.0
EIA_67688,2026-05-30 00:00:00,0.1350106
EIA_67703,2026-05-30 00:00:00,1.8994348
EIA_67704,2026-05-30 00:00:00,1.4
EIA_67705,2026-05-30 00:00:00,2.3
EIA_67713,2026-05-30 00:00:00,3.9044428
EIA_67714,2026-05-30 00:00:00,1.5
EIA_67715,2026-05-30 00:00:00,0.26232862
EIA_67716,2026-05-30 00:00:00,0.24921018
EIA_67717,2026-05-30 00:00:00,1.889491
EIA_67718,2026-05-30 00:00:00,1.9
EIA_67719,2026-05-30 00:00:00,2.0
EIA_67727,2026-05-30 00:00:00,6.0
EIA_67728,2026-05-30 00:00:00,5.0
EIA_67735,2026-05-30 00:00:00,15.773915
EIA_67751,2026-05-30 00:00:00,2.0
EIA_67762,2026-05-30 00:00:00,255.9
EIA_67765,2026-05-30 00:00:00,150.0
EIA_67793,2026-05-30 00:00:00,1.7
EIA_67797,2026-05-30 00:00:00,160.0
EIA_67804,2026-05-30 00:00:00,2.0
EIA_67822,2026-05-30 00:00:00,2.0
EIA_67823,2026-05-30 00:00:00,235.0
EIA_67834,2026-05-30 00:00:00,29.078787
EIA_67850,2026-05-30 00:00:00,42.0
EIA_67859,2026-05-30 00:00:00,4.0
EIA_67864,2026-05-30 00:00:00,0.09477305
EIA_67867,2026-05-30 00:00:00,67.2
EIA_67872,2026-05-30 00:00:00,16.381685
EIA_67873,2026-05-30 00:00:00,6.801507
EIA_67900,2026-05-30 00:00:00,0.032825597
EIA_67901,2026-05-30 00:00:00,0.012309599
EIA_67930,2026-05-30 00:00:00,185.79189
EIA_67943,2026-05-30 00:00:00,3.0
EIA_67957,2026-05-30 00:00:00,55.792377
EIA_67964,2026-05-30 00:00:00,150.0
EIA_67965,2026-05-30 00:00:00,1.3
EIA_67969,2026-05-30 00:00:00,9.783245
EIA_67979,2026-05-30 00:00:00,0.046211697
EIA_67997,2026-05-30 00:00:00,5.555056
EIA_68023,2026-05-30 00:00:00,12.0
EIA_68025,2026-05-30 00:00:00,0.034629084
EIA_68026,2026-05-30 00:00:00,0.055406265
EIA_68060,2026-05-30 00:00:00,2.7553484
EIA_68077,2026-05-30 00:00:00,6.592062
EIA_68088,2026-05-30 00:00:00,152.0
EIA_68096,2026-05-30 00:00:00,0.035486855
EIA_68102,2026-05-30 00:00:00,0.044343293
EIA_68106,2026-05-30 00:00:00,26.802977
EIA_68107,2026-05-30 00:00:00,5.6634803
EIA_68108,2026-05-30 00:00:00,0.4123813
EIA_68109,2026-05-30 00:00:00,0.05478596
EIA_68113,2026-05-30 00:00:00,0.21733741
EIA_68114,2026-05-30 00:00:00,5.341774
EIA_68157,2026-05-30 00:00:00,0.14889672
EIA_68163,2026-05-30 00:00:00,0.024653297
EIA_68188,2026-05-30 00:00:00,0.022317298
EIA_68190,2026-05-30 00:00:00,0.02231842
EIA_68200,2026-05-30 00:00:00,230.5603
EIA_68223,2026-05-30 00:00:00,1.7279983
EIA_68235,2026-05-30 00:00:00,1.0800923
EIA_68259,2026-05-30 00:00:00,0.072070695
EIA_68279,2026-05-30 00:00:00,0.35395774
EIA_68281,2026-05-30 00:00:00,300.0
EIA_68372,2026-05-30 00:00:00,22.563507
EIA_68398,2026-05-30 00:00:00,5.0
EIA_68418,2026-05-30 00:00:00,34.49701
EIA_68427,2026-05-30 00:00:00,12.9
EIA_68431,2026-05-30 00:00:00,177.18405
EIA_68436,2026-05-30 00:00:00,2.9
EIA_68442,2026-05-30 00:00:00,4.0
EIA_68458,2026-05-30 00:00:00,250.0
EIA_68470,2026-05-30 00:00:00,30.68149
EIA_68472,2026-05-30 00:00:00,9.461967
EIA_68482,2026-05-30 00:00:00,36.030437
EIA_68483,2026-05-30 00:00:00,225.0
EIA_68488,2026-05-30 00:00:00,36.88573
EIA_68489,2026-05-30 00:00:00,1.965013
EIA_68516,2026-05-30 00:00:00,72.01376
EIA_68523,2026-05-30 00:00:00,0.7
EIA_68524,2026-05-30 00:00:00,0.7
EIA_68525,2026-05-30 00:00:00,0.7
EIA_68530,2026-05-30 00:00:00,2.0
EIA_68534,2026-05-30 00:00:00,22.170513
EIA_68536,2026-05-30 00:00:00,37.38732
EIA_68537,2026-05-30 00:00:00,145.0
EIA_68538,2026-05-30 00:00:00,2.2509916
EIA_68540,2026-05-30 00:00:00,1.3
EIA_68544,2026-05-30 00:00:00,1.9647591
EIA_68550,2026-05-30 00:00:00,2.3
EIA_68551,2026-05-30 00:00:00,18.491669
EIA_68587,2026-05-30 00:00:00,100.0
EIA_68588,2026-05-30 00:00:00,100.0
EIA_68595,2026-05-30 00:00:00,1.3050101
EIA_68615,2026-05-30 00:00:00,0.0033669826
EIA_68670,2026-05-30 00:00:00,57.399704
EIA_68706,2026-05-30 00:00:00,1.2255608
EIA_68708,2026-05-30 00:00:00,0.7394193
EIA_68729,2026-05-30 00:00:00,1.4664652
EIA_68754,2026-05-30 00:00:00,4.3
EIA_68756,2026-05-30 00:00:00,5.0
EIA_68757,2026-05-30 00:00:00,0.37020272
EIA_68776,2026-05-30 00:00:00,150.34344
EIA_68791,2026-05-30 00:00:00,1.1
EIA_68794,2026-05-30 00:00:00,1.2100818
EIA_68795,2026-05-30 00:00:00,1.530924
EIA_68796,2026-05-30 00:00:00,0.8520016
EIA_68803,2026-05-30 00:00:00,0.424534
EIA_68817,2026-05-30 00:00:00,0.37359637
EIA_68820,2026-05-30 00:00:00,5.055269
EIA_68822,2026-05-30 00:00:00,0.8858124
EIA_68838,2026-05-30 00:00:00,515.0
EIA_68846,2026-05-30 00:00:00,148.0
EIA_68856,2026-05-30 00:00:00,90.5
EIA_68880,2026-05-30 00:00:00,52.035835
EIA_68885,2026-05-30 00:00:00,1.1075115
EIA_68886,2026-05-30 00:00:00,0.03453942
EIA_68892,2026-05-30 00:00:00,0.45026395
EIA_68894,2026-05-30 00:00:00,121.65655
EIA_68906,2026-05-30 00:00:00,300.0
EIA_68919,2026-05-30 00:00:00,1.2930161
EIA_68921,2026-05-30 00:00:00,0.62301546
EIA_68927,2026-05-30 00:00:00,2.4816947
EIA_68928,2026-05-30 00:00:00,6.102177
EIA_68941,2026-05-30 00:00:00,0.46589455
EIA_68943,2026-05-30 00:00:00,1.5363747
EIA_68944,2026-05-30 00:00:00,5.0
EIA_68945,2026-05-30 00:00:00,0.28202024
EIA_68957,2026-05-30 00:00:00,5.0
EIA_68960,2026-05-30 00:00:00,1.9843025
EIA_68964,2026-05-30 00:00:00,3.9
EIA_68971,2026-05-30 00:00:00,1.6018544
EIA_68991,2026-05-30 00:00:00,0.7729737
EIA_68998,2026-05-30 00:00:00,120.0
EIA_69009,2026-05-30 00:00:00,0.3515371
EIA_69015,2026-05-30 00:00:00,5.0
EIA_69016,2026-05-30 00:00:00,1.4531167
EIA_69017,2026-05-30 00:00:00,0.57200056
EIA_69018,2026-05-30 00:00:00,2.355993
EIA_69027,2026-05-30 00:00:00,61.22578
EIA_69031,2026-05-30 00:00:00,0.020866914
EIA_69032,2026-05-30 00:00:00,3.5792189
EIA_69033,2026-05-30 00:00:00,0.68808794
EIA_69039,2026-05-30 00:00:00,2.3
EIA_69042,2026-05-30 00:00:00,10.513598
EIA_69043,2026-05-30 00:00:00,0.17801188
EIA_69046,2026-05-30 00:00:00,2.0
EIA_69048,2026-05-30 00:00:00,0.1643476
EIA_69051,2026-05-30 00:00:00,0.032538902
EIA_69061,2026-05-30 00:00:00,5.0
EIA_69062,2026-05-30 00:00:00,5.0
EIA_69063,2026-05-30 00:00:00,173.01126
EIA_69066,2026-05-30 00:00:00,1.6275022
EIA_69068,2026-05-30 00:00:00,3.0
EIA_69070,2026-05-30 00:00:00,0.64630973
EIA_69078,2026-05-30 00:00:00,2.1566167
EIA_69095,2026-05-30 00:00:00,0.14031957
EIA_69096,2026-05-30 00:00:00,0.048826344
EIA_69100,2026-05-30 00:00:00,37.05952
EIA_69101,2026-05-30 00:00:00,34.72682
EIA_69103,2026-05-30 00:00:00,5.0
EIA_69104,2026-05-30 00:00:00,3.412995
EIA_69106,2026-05-30 00:00:00,4.6181498
EIA_69107,2026-05-30 00:00:00,5.0
EIA_69109,2026-05-30 00:00:00,0.44057357
EIA_69112,2026-05-30 00:00:00,0.014787169
EIA_69113,2026-05-30 00:00:00,0.38539934
EIA_69114,2026-05-30 00:00:00,3.5
EIA_69115,2026-05-30 00:00:00,1.0
EIA_69126,2026-05-30 00:00:00,0.0022601555
EIA_69127,2026-05-30 00:00:00,0.009507525
EIA_69129,2026-05-30 00:00:00,0.0022503631
EIA_69132,2026-05-30 00:00:00,1.7
EIA_69135,2026-05-30 00:00:00,0.3502245
EIA_69137,2026-05-30 00:00:00,5.0
EIA_69140,2026-05-30 00:00:00,0.18652858
EIA_69141,2026-05-30 00:00:00,1.0609559
EIA_69142,2026-05-30 00:00:00,0.14576453
EIA_69143,2026-05-30 00:00:00,6.168921
EIA_69145,2026-05-30 00:00:00,1.0
EIA_69161,2026-05-30 00:00:00,0.04134909
EIA_69163,2026-05-30 00:00:00,1.9931207
EIA_69164,2026-05-30 00:00:00,12.169763
EIA_69166,2026-05-30 00:00:00,2.292943
EIA_69172,2026-05-30 00:00:00,22.84691
EIA_69179,2026-05-30 00:00:00,0.0043128
EIA_69183,2026-05-30 00:00:00,1.9780347
EIA_69187,2026-05-30 00:00:00,5.64587
EIA_69188,2026-05-30 00:00:00,2.8903372
EIA_69190,2026-05-30 00:00:00,1.6
EIA_69192,2026-05-30 00:00:00,2.9522574
EIA_69193,2026-05-30 00:00:00,2.5
EIA_69201,2026-05-30 00:00:00,1.9296418
EIA_69210,2026-05-30 00:00:00,0.116549596
EIA_69212,2026-05-30 00:00:00,0.05221119
EIA_69213,2026-05-30 00:00:00,5.0
EIA_69214,2026-05-30 00:00:00,0.03345086
EIA_69219,2026-05-30 00:00:00,0.059708606
EIA_69221,2026-05-30 00:00:00,0.011755437
EIA_69228,2026-05-30 00:00:00,3.3474977
EIA_69230,2026-05-30 00:00:00,1.8385491
EIA_69233,2026-05-30 00:00:00,1.0
EIA_69235,2026-05-30 00:00:00,8.324259
EIA_69236,2026-05-30 00:00:00,4.057171
EIA_69240,2026-05-30 00:00:00,3.3479006
EIA_69241,2026-05-30 00:00:00,2.3746817
EIA_69243,2026-05-30 00:00:00,1.3639443
EIA_69248,2026-05-30 00:00:00,1.0
EIA_69261,2026-05-30 00:00:00,10.0
EIA_69263,2026-05-30 00:00:00,10.0
EIA_69264,2026-05-30 00:00:00,0.31075317
EIA_69265,2026-05-30 00:00:00,7.5
EIA_69280,2026-05-30 00:00:00,0.33208892
EIA_69281,2026-05-30 00:00:00,0.3320878
EIA_69284,2026-05-30 00:00:00,0.34694472
EIA_69285,2026-05-30 00:00:00,0.6096565
EIA_69287,2026-05-30 00:00:00,9.9
EIA_69288,2026-05-30 00:00:00,1.6
EIA_69289,2026-05-30 00:00:00,9.9
EIA_69303,2026-05-30 00:00:00,0.583771
EIA_69304,2026-05-30 00:00:00,0.08662431
EIA_69306,2026-05-30 00:00:00,0.072839454
EIA_69307,2026-05-30 00:00:00,0.387794
EIA_69314,2026-05-30 00:00:00,2.0
EIA_69315,2026-05-30 00:00:00,4.842708
EIA_69316,2026-05-30 00:00:00,0.5587699
EIA_69317,2026-05-30 00:00:00,4.752605
EIA_69319,2026-05-30 00:00:00,6.2095265
EIA_69320,2026-05-30 00:00:00,480.0
EIA_69321,2026-05-30 00:00:00,4.626097
EIA_69325,2026-05-30 00:00:00,0.39178833
EIA_69326,2026-05-30 00:00:00,0.39178833
EIA_69328,2026-05-30 00:00:00,1.3349013
EIA_69330,2026-05-30 00:00:00,4.8064003
EIA_69354,2026-05-30 00:00:00,23.109482
EIA_69355,2026-05-30 00:00:00,1.0526699
EIA_69368,2026-05-30 00:00:00,2.472961
EIA_69370,2026-05-30 00:00:00,1.8
EIA_69374,2026-05-30 00:00:00,0.5823631
EIA_69378,2026-05-30 00:00:00,1.5
EIA_69379,2026-05-30 00:00:00,0.029178055
EIA_69380,2026-05-30 00:00:00,0.025673883
EIA_69381,2026-05-30 00:00:00,0.5018683
EIA_69382,2026-05-30 00:00:00,0.43974352
EIA_69387,2026-05-30 00:00:00,4.853698
EIA_69388,2026-05-30 00:00:00,100.0
EIA_69391,2026-05-30 00:00:00,0.004225958
EIA_69395,2026-05-30 00:00:00,0.27244812
EIA_69396,2026-05-30 00:00:00,0.027655683
EIA_69397,2026-05-30 00:00:00,1.9485143
EIA_69399,2026-05-30 00:00:00,0.4145941
EIA_69400,2026-05-30 00:00:00,0.0576216
EIA_69401,2026-05-30 00:00:00,4.78073
EIA_69402,2026-05-30 00:00:00,0.0330652
EIA_69408,2026-05-30 00:00:00,0.2331995
EIA_69414,2026-05-30 00:00:00,270.0
EIA_69419,2026-05-30 00:00:00,0.5703495
EIA_69420,2026-05-30 00:00:00,0.07895667
EIA_69421,2026-05-30 00:00:00,0.4628942
EIA_69428,2026-05-30 00:00:00,62.46688
EIA_69430,2026-05-30 00:00:00,6.0
EIA_69431,2026-05-30 00:00:00,5.0
EIA_69432,2026-05-30 00:00:00,6.0
EIA_69433,2026-05-30 00:00:00,6.0
EIA_69434,2026-05-30 00:00:00,0.01179487
EIA_69439,2026-05-30 00:00:00,2.1324673
EIA_69440,2026-05-30 00:00:00,4.835453
EIA_69441,2026-05-30 00:00:00,2.5490677
EIA_69442,2026-05-30 00:00:00,3.7524393
EIA_69443,2026-05-30 00:00:00,0.002887505
EIA_69476,2026-05-30 00:00:00,100.0
EIA_69483,2026-05-30 00:00:00,0.860382
EIA_69484,2026-05-30 00:00:00,0.34114495
EIA_69485,2026-05-30 00:00:00,2.1154022
EIA_69486,2026-05-30 00:00:00,1.507388
EIA_69487,2026-05-30 00:00:00,1.2230802
EIA_69488,2026-05-30 00:00:00,2.5
EIA_69489,2026-05-30 00:00:00,1.176642
EIA_69490,2026-05-30 00:00:00,2.5
EIA_69491,2026-05-30 00:00:00,2.5
EIA_69492,2026-05-30 00:00:00,1.1017134
EIA_69493,2026-05-30 00:00:00,2.5
EIA_69494,2026-05-30 00:00:00,0.4147777
EIA_69495,2026-05-30 00:00:00,2.5
EIA_69498,2026-05-30 00:00:00,1.6665848
EIA_69500,2026-05-30 00:00:00,1.497881
EIA_69501,2026-05-30 00:00:00,6.0
EIA_69502,2026-05-30 00:00:00,4.0
EIA_69503,2026-05-30 00:00:00,6.0
EIA_69505,2026-05-30 00:00:00,1.7050838
EIA_69518,2026-05-30 00:00:00,0.7583202
EIA_69519,2026-05-30 00:00:00,1.1374775
EIA_69525,2026-05-30 00:00:00,1.1661696
EIA_69526,2026-05-30 00:00:00,5.0
EIA_69527,2026-05-30 00:00:00,5.0
EIA_69528,2026-05-30 00:00:00,3.0
EIA_69529,2026-05-30 00:00:00,1.0586882
EIA_69530,2026-05-30 00:00:00,2.1075056
EIA_69532,2026-05-30 00:00:00,5.0
EIA_69536,2026-05-30 00:00:00,0.42784575
EIA_69538,2026-05-30 00:00:00,52.2
EIA_69542,2026-05-30 00:00:00,1.6644342
EIA_69543,2026-05-30 00:00:00,1.8239638
EIA_69550,2026-05-30 00:00:00,83.88859
EIA_69557,2026-05-30 00:00:00,5.0
EIA_69561,2026-05-30 00:00:00,0.03880944
EIA_69563,2026-05-30 00:00:00,2.3
EIA_69564,2026-05-30 00:00:00,0.56107646
EIA_69565,2026-05-30 00:00:00,1.4248878
EIA_69567,2026-05-30 00:00:00,1.1787057
EIA_69570,2026-05-30 00:00:00,4.7295685
EIA_69572,2026-05-30 00:00:00,2.2188122
EIA_69573,2026-05-30 00:00:00,5.0
EIA_69580,2026-05-30 00:00:00,0.071423784
EIA_69581,2026-05-30 00:00:00,0.0017875711
EIA_69587,2026-05-30 00:00:00,0.68821996
EIA_69596,2026-05-30 00:00:00,0.03725842
EIA_69597,2026-05-30 00:00:00,0.04657255
EIA_69599,2026-05-30 00:00:00,0.011816043
EIA_69604,2026-05-30 00:00:00,15.067356
EIA_69612,2026-05-30 00:00:00,1.3341019
EIA_69613,2026-05-30 00:00:00,1.3341119
EIA_69615,2026-05-30 00:00:00,1.334114
EIA_69617,2026-05-30 00:00:00,1.9905771
EIA_69618,2026-05-30 00:00:00,0.009617867
EIA_69630,2026-05-30 00:00:00,0.41230568
EIA_69645,2026-05-30 00:00:00,0.9986791
EIA_69646,2026-05-30 00:00:00,0.80055296
EIA_69651,2026-05-30 00:00:00,1.9786719
EIA_69652,2026-05-30 00:00:00,0.38598466
EIA_69653,2026-05-30 00:00:00,0.38598466
EIA_69655,2026-05-30 00:00:00,4.743423
EIA_69656,2026-05-30 00:00:00,2.0912387
EIA_69675,2026-05-30 00:00:00,252.40654
EIA_69676,2026-05-30 00:00:00,97.979546
EIA_69680,2026-05-30 00:00:00,68.68128
EIA_69682,2026-05-30 00:00:00,0.33699465
EIA_69683,2026-05-30 00:00:00,0.9775845
EIA_69686,2026-05-30 00:00:00,1.1381564
EIA_69692,2026-05-30 00:00:00,5.0
EIA_69696,2026-05-30 00:00:00,0.5179135
EIA_69703,2026-05-30 00:00:00,0.025846932
EIA_69712,2026-05-30 00:00:00,0.6
EIA_69716,2026-05-30 00:00:00,0.042192396
EIA_69717,2026-05-30 00:00:00,0.022375891
EIA_69718,2026-05-30 00:00:00,0.021480855
EIA_69719,2026-05-30 00:00:00,0.8694358
EIA_69730,2026-05-30 00:00:00,0.9787402
EIA_69731,2026-05-30 00:00:00,1.3
EIA_69732,2026-05-30 00:00:00,5.0
EIA_69733,2026-05-30 00:00:00,4.5
EIA_69734,2026-05-30 00:00:00,1.4
EIA_69735,2026-05-30 00:00:00,4.54296
EIA_69737,2026-05-30 00:00:00,2.5
EIA_69739,2026-05-30 00:00:00,0.5376919
EIA_69740,2026-05-30 00:00:00,7.2
EIA_69748,2026-05-30 00:00:00,208.76544
EIA_69754,2026-05-30 00:00:00,0.030923426
EIA_69757,2026-05-30 00:00:00,2.6
EIA_69758,2026-05-30 00:00:00,2.0
EIA_69759,2026-05-30 00:00:00,0.4336164
EIA_69774,2026-05-30 00:00:00,0.38524878
EIA_69800,2026-05-30 00:00:00,3.6212273
EIA_69824,2026-05-30 00:00:00,0.013507518
EIA_69856,2026-05-30 00:00:00,3.0
EIA_69863,2026-05-30 00:00:00,2.235508
EIA_69875,2026-05-30 00:00:00,83.31088
EIA_141,2026-05-30 01:00:00,0.2
EIA_960,2026-05-30 01:00:00,0.08032197
EIA_1172,2026-05-30 01:00:00,0.041373253
EIA_1187,2026-05-30 01:00:00,0.035582904
EIA_50026,2026-05-30 01:00:00,8.201534
EIA_50061,2026-05-30 01:00:00,0.8
EIA_56322,2026-05-30 01:00:00,0.5
EIA_57775,2026-05-30 01:00:00,0.5
EIA_57785,2026-05-30 01:00:00,5.0
EIA_57806,2026-05-30 01:00:00,0.4
EIA_58413,2026-05-30 01:00:00,54.4
EIA_58422,2026-05-30 01:00:00,1.3
EIA_58689,2026-05-30 01:00:00,0.82077336
EIA_58899,2026-05-30 01:00:00,0.071850054
EIA_59133,2026-05-30 01:00:00,1.0
EIA_59272,2026-05-30 01:00:00,1.5
EIA_59776,2026-05-30 01:00:00,0.00210805
EIA_59786,2026-05-30 01:00:00,3.0
EIA_61852,2026-05-30 01:00:00,300.0
EIA_61910,2026-05-30 01:00:00,0.06888132
EIA_61967,2026-05-30 01:00:00,3.771431
EIA_62442,2026-05-30 01:00:00,0.05036811
EIA_62545,2026-05-30 01:00:00,1.7
EIA_63122,2026-05-30 01:00:00,0.6517164
EIA_63194,2026-05-30 01:00:00,95.796234
EIA_63211,2026-05-30 01:00:00,79.94013
EIA_63221,2026-05-30 01:00:00,0.049429037
EIA_63507,2026-05-30 01:00:00,11.188507
EIA_63542,2026-05-30 01:00:00,0.07348545
EIA_63882,2026-05-30 01:00:00,66.806015
EIA_63884,2026-05-30 01:00:00,6.644295
EIA_64132,2026-05-30 01:00:00,44.220318
EIA_64210,2026-05-30 01:00:00,500.0
EIA_64222,2026-05-30 01:00:00,0.018431634
EIA_64223,2026-05-30 01:00:00,0.46932825
EIA_64446,2026-05-30 01:00:00,0.030057488
EIA_64536,2026-05-30 01:00:00,0.20559411
EIA_64564,2026-05-30 01:00:00,131.0
EIA_64729,2026-05-30 01:00:00,0.034779232
EIA_64745,2026-05-30 01:00:00,41.15134
EIA_64858,2026-05-30 01:00:00,110.0
EIA_65006,2026-05-30 01:00:00,0.25409418
EIA_65024,2026-05-30 01:00:00,0.06755522
EIA_65072,2026-05-30 01:00:00,0.22866689
EIA_65405,2026-05-30 01:00:00,16.530449
EIA_65442,2026-05-30 01:00:00,0.055824876
EIA_65443,2026-05-30 01:00:00,0.043874424
EIA_65463,2026-05-30 01:00:00,454.57278
EIA_65480,2026-05-30 01:00:00,5.923631
EIA_65507,2026-05-30 01:00:00,2.3
EIA_65508,2026-05-30 01:00:00,0.5175664
EIA_65515,2026-05-30 01:00:00,0.14267382
EIA_65516,2026-05-30 01:00:00,0.14267315
EIA_65527,2026-05-30 01:00:00,2.5
EIA_65572,2026-05-30 01:00:00,0.60510725
EIA_65616,2026-05-30 01:00:00,1.0639414
EIA_65644,2026-05-30 01:00:00,215.87434
EIA_65659,2026-05-30 01:00:00,0.30965984
EIA_65849,2026-05-30 01:00:00,22.243567
EIA_65891,2026-05-30 01:00:00,43.49469
EIA_65894,2026-05-30 01:00:00,5.7848787
EIA_65940,2026-05-30 01:00:00,0.030560078
EIA_66432,2026-05-30 01:00:00,1.537614
EIA_66433,2026-05-30 01:00:00,0.16190661
EIA_66435,2026-05-30 01:00:00,0.055823237
EIA_66520,2026-05-30 01:00:00,0.056362595
EIA_66670,2026-05-30 01:00:00,150.0
EIA_66688,2026-05-30 01:00:00,104.95872
EIA_66739,2026-05-30 01:00:00,0.13991278
EIA_66740,2026-05-30 01:00:00,1.5
EIA_66760,2026-05-30 01:00:00,1.1769491
EIA_66774,2026-05-30 01:00:00,54.337704
EIA_66775,2026-05-30 01:00:00,22.607065
EIA_66872,2026-05-30 01:00:00,71.54377
EIA_66890,2026-05-30 01:00:00,60.0
EIA_66892,2026-05-30 01:00:00,4.4
EIA_66897,2026-05-30 01:00:00,4.399138
EIA_66903,2026-05-30 01:00:00,13.937982
EIA_66951,2026-05-30 01:00:00,200.0
EIA_66983,2026-05-30 01:00:00,13.5
EIA_67046,2026-05-30 01:00:00,9.552703
EIA_67169,2026-05-30 01:00:00,5.0
EIA_67174,2026-05-30 01:00:00,4.1393185
EIA_67177,2026-05-30 01:00:00,25.936796
EIA_67201,2026-05-30 01:00:00,0.5985383
EIA_67204,2026-05-30 01:00:00,100.0
EIA_67234,2026-05-30 01:00:00,0.7
EIA_67255,2026-05-30 01:00:00,0.01518174
EIA_67256,2026-05-30 01:00:00,0.53314316
EIA_67277,2026-05-30 01:00:00,0.6
EIA_67288,2026-05-30 01:00:00,2.1520455
EIA_67322,2026-05-30 01:00:00,1.5589782
EIA_67474,2026-05-30 01:00:00,300.0
EIA_67497,2026-05-30 01:00:00,41.034603
EIA_67503,2026-05-30 01:00:00,170.0
EIA_67511,2026-05-30 01:00:00,82.06921
EIA_67528,2026-05-30 01:00:00,59.94894
EIA_67539,2026-05-30 01:00:00,0.5291679
EIA_67540,2026-05-30 01:00:00,0.74298865
EIA_67546,2026-05-30 01:00:00,0.6533007
EIA_67554,2026-05-30 01:00:00,0.63845396
EIA_67597,2026-05-30 01:00:00,4.077164
EIA_67623,2026-05-30 01:00:00,0.02275808
EIA_67624,2026-05-30 01:00:00,0.63022447
EIA_67628,2026-05-30 01:00:00,0.5211684
EIA_67644,2026-05-30 01:00:00,0.050517622
EIA_67684,2026-05-30 01:00:00,0.013565124
EIA_67686,2026-05-30 01:00:00,0.058630113
EIA_67687,2026-05-30 01:00:00,0.60986674
EIA_67688,2026-05-30 01:00:00,0.0016937046
EIA_67703,2026-05-30 01:00:00,0.43885854
EIA_67704,2026-05-30 01:00:00,0.41951686
EIA_67705,2026-05-30 01:00:00,0.6892492
EIA_67713,2026-05-30 01:00:00,0.028912237
EIA_67714,2026-05-30 01:00:00,0.40024596
EIA_67715,2026-05-30 01:00:00,0.020433215
EIA_67716,2026-05-30 01:00:00,0.019411506
EIA_67718,2026-05-30 01:00:00,0.5455287
EIA_67719,2026-05-30 01:00:00,0.5741609
EIA_67727,2026-05-30 01:00:00,0.079751454
EIA_67728,2026-05-30 01:00:00,1.4967911
EIA_67751,2026-05-30 01:00:00,0.5854383
EIA_67762,2026-05-30 01:00:00,82.94959
EIA_67765,2026-05-30 01:00:00,68.13511
EIA_67793,2026-05-30 01:00:00,1.7
EIA_67797,2026-05-30 01:00:00,160.0
EIA_67804,2026-05-30 01:00:00,0.4713393
EIA_67822,2026-05-30 01:00:00,0.47133914
EIA_67823,2026-05-30 01:00:00,235.0
EIA_67850,2026-05-30 01:00:00,42.0
EIA_67859,2026-05-30 01:00:00,2.8693938
EIA_67867,2026-05-30 01:00:00,0.3521828
EIA_67943,2026-05-30 01:00:00,0.17616451
EIA_67964,2026-05-30 01:00:00,150.0
EIA_67965,2026-05-30 01:00:00,0.15245539
EIA_68023,2026-05-30 01:00:00,12.0
EIA_68088,2026-05-30 01:00:00,65.25426
EIA_68157,2026-05-30 01:00:00,0.06815739
EIA_68200,2026-05-30 01:00:00,108.52619
EIA_68235,2026-05-30 01:00:00,0.008769115
EIA_68281,2026-05-30 01:00:00,300.0
EIA_68398,2026-05-30 01:00:00,0.1649868
EIA_68427,2026-05-30 01:00:00,12.9
EIA_68436,2026-05-30 01:00:00,2.9
EIA_68442,2026-05-30 01:00:00,3.8166707
EIA_68458,2026-05-30 01:00:00,24.587038
EIA_68470,2026-05-30 01:00:00,1.2183046
EIA_68483,2026-05-30 01:00:00,73.94885
EIA_68488,2026-05-30 01:00:00,50.539192
EIA_68489,2026-05-30 01:00:00,0.011104805
EIA_68523,2026-05-30 01:00:00,0.7
EIA_68524,2026-05-30 01:00:00,0.7
EIA_68525,2026-05-30 01:00:00,0.7
EIA_68530,2026-05-30 01:00:00,0.68490803
EIA_68537,2026-05-30 01:00:00,66.12424
EIA_68538,2026-05-30 01:00:00,0.012055202
EIA_68540,2026-05-30 01:00:00,1.3
EIA_68544,2026-05-30 01:00:00,0.011104857
EIA_68550,2026-05-30 01:00:00,2.3
EIA_68587,2026-05-30 01:00:00,25.210909
EIA_68588,2026-05-30 01:00:00,25.210909
EIA_68706,2026-05-30 01:00:00,0.25986794
EIA_68708,2026-05-30 01:00:00,0.11150867
EIA_68729,2026-05-30 01:00:00,1.1115111
EIA_68754,2026-05-30 01:00:00,0.84232336
EIA_68756,2026-05-30 01:00:00,1.4457031
EIA_68776,2026-05-30 01:00:00,18.783545
EIA_68791,2026-05-30 01:00:00,1.1
EIA_68794,2026-05-30 01:00:00,1.5
EIA_68795,2026-05-30 01:00:00,1.7
EIA_68796,2026-05-30 01:00:00,1.1
EIA_68838,2026-05-30 01:00:00,207.77724
EIA_68846,2026-05-30 01:00:00,148.0
EIA_68856,2026-05-30 01:00:00,27.351892
EIA_68880,2026-05-30 01:00:00,2.7917635
EIA_68906,2026-05-30 01:00:00,97.8064
EIA_68919,2026-05-30 01:00:00,0.01225495
EIA_68921,2026-05-30 01:00:00,0.024317775
EIA_68927,2026-05-30 01:00:00,0.42009214
EIA_68928,2026-05-30 01:00:00,0.13446365
EIA_68941,2026-05-30 01:00:00,0.40280595
EIA_68943,2026-05-30 01:00:00,5.0
EIA_68944,2026-05-30 01:00:00,5.0
EIA_68945,2026-05-30 01:00:00,0.3236514
EIA_68957,2026-05-30 01:00:00,5.0
EIA_68960,2026-05-30 01:00:00,0.020813059
EIA_68964,2026-05-30 01:00:00,3.9
EIA_68991,2026-05-30 01:00:00,5.0
EIA_68998,2026-05-30 01:00:00,0.9759567
EIA_69009,2026-05-30 01:00:00,0.34771925
EIA_69015,2026-05-30 01:00:00,0.13747092
EIA_69016,2026-05-30 01:00:00,4.5
EIA_69017,2026-05-30 01:00:00,3.7
EIA_69027,2026-05-30 01:00:00,35.805763
EIA_69032,2026-05-30 01:00:00,0.04305845
EIA_69033,2026-05-30 01:00:00,0.11658952
EIA_69039,2026-05-30 01:00:00,2.3
EIA_69042,2026-05-30 01:00:00,10.8
EIA_69046,2026-05-30 01:00:00,0.5277714
EIA_69048,2026-05-30 01:00:00,0.056850363
EIA_69061,2026-05-30 01:00:00,4.9732847
EIA_69062,2026-05-30 01:00:00,4.979066
EIA_69066,2026-05-30 01:00:00,0.12088454
EIA_69068,2026-05-30 01:00:00,3.0
EIA_69070,2026-05-30 01:00:00,0.032025583
EIA_69100,2026-05-30 01:00:00,30.605148
EIA_69101,2026-05-30 01:00:00,5.680727
EIA_69103,2026-05-30 01:00:00,5.0
EIA_69104,2026-05-30 01:00:00,5.0
EIA_69106,2026-05-30 01:00:00,4.881323
EIA_69107,2026-05-30 01:00:00,4.2816124
EIA_69114,2026-05-30 01:00:00,3.5
EIA_69115,2026-05-30 01:00:00,0.103660285
EIA_69132,2026-05-30 01:00:00,1.7
EIA_69137,2026-05-30 01:00:00,5.0
EIA_69142,2026-05-30 01:00:00,0.0317434
EIA_69145,2026-05-30 01:00:00,0.43265027
EIA_69163,2026-05-30 01:00:00,0.017260587
EIA_69183,2026-05-30 01:00:00,0.02244473
EIA_69188,2026-05-30 01:00:00,0.025027765
EIA_69190,2026-05-30 01:00:00,1.6
EIA_69192,2026-05-30 01:00:00,2.2564287
EIA_69193,2026-05-30 01:00:00,0.031073436
EIA_69201,2026-05-30 01:00:00,0.006667042
EIA_69210,2026-05-30 01:00:00,0.055429015
EIA_69213,2026-05-30 01:00:00,1.1170769
EIA_69230,2026-05-30 01:00:00,0.16217846
EIA_69233,2026-05-30 01:00:00,1.0
EIA_69240,2026-05-30 01:00:00,0.06515938
EIA_69241,2026-05-30 01:00:00,0.07073613
EIA_69243,2026-05-30 01:00:00,0.1594727
EIA_69248,2026-05-30 01:00:00,1.0
EIA_69261,2026-05-30 01:00:00,0.8330567
EIA_69263,2026-05-30 01:00:00,0.20434745
EIA_69264,2026-05-30 01:00:00,0.72834814
EIA_69265,2026-05-30 01:00:00,2.3898883
EIA_69287,2026-05-30 01:00:00,9.9
EIA_69288,2026-05-30 01:00:00,1.6
EIA_69289,2026-05-30 01:00:00,1.1535686
EIA_69303,2026-05-30 01:00:00,0.16085915
EIA_69304,2026-05-30 01:00:00,0.040094443
EIA_69307,2026-05-30 01:00:00,0.2924518
EIA_69314,2026-05-30 01:00:00,0.020049024
EIA_69315,2026-05-30 01:00:00,0.022783004
EIA_69316,2026-05-30 01:00:00,0.053857118
EIA_69317,2026-05-30 01:00:00,0.020104045
EIA_69320,2026-05-30 01:00:00,17.400496
EIA_69325,2026-05-30 01:00:00,0.0137279825
EIA_69326,2026-05-30 01:00:00,0.0137279825
EIA_69330,2026-05-30 01:00:00,0.018124115
EIA_69368,2026-05-30 01:00:00,0.35489863
EIA_69370,2026-05-30 01:00:00,1.8
EIA_69378,2026-05-30 01:00:00,0.5893265
EIA_69387,2026-05-30 01:00:00,0.021237953
EIA_69388,2026-05-30 01:00:00,6.4819465
EIA_69397,2026-05-30 01:00:00,0.01268515
EIA_69401,2026-05-30 01:00:00,0.02457158
EIA_69408,2026-05-30 01:00:00,0.12078338
EIA_69414,2026-05-30 01:00:00,80.38413
EIA_69419,2026-05-30 01:00:00,0.054739103
EIA_69421,2026-05-30 01:00:00,0.028740726
EIA_69430,2026-05-30 01:00:00,1.726737
EIA_69431,2026-05-30 01:00:00,1.5533376
EIA_69432,2026-05-30 01:00:00,2.356656
EIA_69433,2026-05-30 01:00:00,1.6777366
EIA_69439,2026-05-30 01:00:00,0.006535674
EIA_69440,2026-05-30 01:00:00,0.02463478
EIA_69441,2026-05-30 01:00:00,0.020777661
EIA_69442,2026-05-30 01:00:00,0.039382186
EIA_69476,2026-05-30 01:00:00,33.718185
EIA_69483,2026-05-30 01:00:00,2.8
EIA_69484,2026-05-30 01:00:00,0.13292532
EIA_69485,2026-05-30 01:00:00,0.8114641
EIA_69486,2026-05-30 01:00:00,0.12667827
EIA_69487,2026-05-30 01:00:00,0.5289073
EIA_69488,2026-05-30 01:00:00,0.1632316
EIA_69489,2026-05-30 01:00:00,0.11498857
EIA_69490,2026-05-30 01:00:00,0.76774704
EIA_69491,2026-05-30 01:00:00,1.1921687
EIA_69492,2026-05-30 01:00:00,0.11183715
EIA_69493,2026-05-30 01:00:00,1.4330866
EIA_69494,2026-05-30 01:00:00,0.124470934
EIA_69495,2026-05-30 01:00:00,1.415072
EIA_69501,2026-05-30 01:00:00,0.06691594
EIA_69502,2026-05-30 01:00:00,0.051689535
EIA_69503,2026-05-30 01:00:00,1.9652159
EIA_69518,2026-05-30 01:00:00,0.37800184
EIA_69519,2026-05-30 01:00:00,0.5670027
EIA_69526,2026-05-30 01:00:00,1.4323812
EIA_69527,2026-05-30 01:00:00,1.559997
EIA_69528,2026-05-30 01:00:00,2.478149
EIA_69529,2026-05-30 01:00:00,4.965387
EIA_69530,2026-05-30 01:00:00,0.76828885
EIA_69532,2026-05-30 01:00:00,4.9234357
EIA_69538,2026-05-30 01:00:00,22.409685
EIA_69557,2026-05-30 01:00:00,0.7153693
EIA_69563,2026-05-30 01:00:00,2.3
EIA_69572,2026-05-30 01:00:00,0.04179614
EIA_69573,2026-05-30 01:00:00,0.082470074
EIA_69580,2026-05-30 01:00:00,0.017034935
EIA_69587,2026-05-30 01:00:00,0.017333435
EIA_69612,2026-05-30 01:00:00,1.9774523
EIA_69613,2026-05-30 01:00:00,1.9774727
EIA_69615,2026-05-30 01:00:00,1.9774897
EIA_69617,2026-05-30 01:00:00,1.4967084
EIA_69630,2026-05-30 01:00:00,0.008476641
EIA_69645,2026-05-30 01:00:00,0.014841006
EIA_69651,2026-05-30 01:00:00,0.013687312
EIA_69652,2026-05-30 01:00:00,0.047881734
EIA_69653,2026-05-30 01:00:00,0.047881734
EIA_69655,2026-05-30 01:00:00,0.024065088
EIA_69682,2026-05-30 01:00:00,1.0
EIA_69686,2026-05-30 01:00:00,0.40414795
EIA_69692,2026-05-30 01:00:00,0.051130485
EIA_69712,2026-05-30 01:00:00,0.6
EIA_69730,2026-05-30 01:00:00,2.7462752
EIA_69731,2026-05-30 01:00:00,0.0135778645
EIA_69734,2026-05-30 01:00:00,1.4
EIA_69737,2026-05-30 01:00:00,2.5
EIA_69740,2026-05-30 01:00:00,7.2
EIA_69748,2026-05-30 01:00:00,525.0
EIA_69757,2026-05-30 01:00:00,0.3737021
EIA_69758,2026-05-30 01:00:00,0.28746316
EIA_69759,2026-05-30 01:00:00,1.4
EIA_69774,2026-05-30 01:00:00,0.7291655
EIA_69800,2026-05-30 01:00:00,0.031181984
EIA_69856,2026-05-30 01:00:00,3.0
EIA_69863,2026-05-30 01:00:00,0.36396733
EIA_141,2026-05-30 02:00:00,0.0906475
EIA_50061,2026-05-30 02:00:00,0.591697
EIA_56322,2026-05-30 02:00:00,0.5
EIA_57775,2026-05-30 02:00:00,0.3107283
EIA_57785,2026-05-30 02:00:00,5.0
EIA_57806,2026-05-30 02:00:00,0.4
EIA_58413,2026-05-30 02:00:00,21.707392
EIA_58422,2026-05-30 02:00:00,1.1247386
EIA_58689,2026-05-30 02:00:00,0.010942059
EIA_58899,2026-05-30 02:00:00,0.0016714679
EIA_59133,2026-05-30 02:00:00,0.8424144
EIA_59272,2026-05-30 02:00:00,1.2048748
EIA_59786,2026-05-30 02:00:00,2.0134988
EIA_61852,2026-05-30 02:00:00,205.95016
EIA_62545,2026-05-30 02:00:00,1.7
EIA_63507,2026-05-30 02:00:00,46.922253
EIA_64210,2026-05-30 02:00:00,428.69873
EIA_64446,2026-05-30 02:00:00,0.018292097
EIA_64564,2026-05-30 02:00:00,79.206764
EIA_64745,2026-05-30 02:00:00,40.148323
EIA_64858,2026-05-30 02:00:00,43.891953
EIA_65072,2026-05-30 02:00:00,0.3
EIA_65480,2026-05-30 02:00:00,5.594102
EIA_65507,2026-05-30 02:00:00,2.3
EIA_65527,2026-05-30 02:00:00,2.3136582
EIA_65616,2026-05-30 02:00:00,0.16728863
EIA_65940,2026-05-30 02:00:00,0.014206815
EIA_66432,2026-05-30 02:00:00,0.05851518
EIA_66670,2026-05-30 02:00:00,75.778534
EIA_66740,2026-05-30 02:00:00,0.013695206
EIA_66890,2026-05-30 02:00:00,56.932224
EIA_66892,2026-05-30 02:00:00,4.4
EIA_66951,2026-05-30 02:00:00,199.45596
EIA_66983,2026-05-30 02:00:00,10.151503
EIA_67169,2026-05-30 02:00:00,1.8215612
EIA_67201,2026-05-30 02:00:00,0.080710374
EIA_67204,2026-05-30 02:00:00,0.5369152
EIA_67234,2026-05-30 02:00:00,0.7
EIA_67277,2026-05-30 02:00:00,0.6
EIA_67288,2026-05-30 02:00:00,2.7927642
EIA_67322,2026-05-30 02:00:00,0.07290101
EIA_67474,2026-05-30 02:00:00,151.36484
EIA_67497,2026-05-30 02:00:00,57.752388
EIA_67503,2026-05-30 02:00:00,62.23586
EIA_67511,2026-05-30 02:00:00,115.504776
EIA_67793,2026-05-30 02:00:00,1.6535445
EIA_67797,2026-05-30 02:00:00,46.1542
EIA_67823,2026-05-30 02:00:00,63.65231
EIA_67850,2026-05-30 02:00:00,26.491838
EIA_67859,2026-05-30 02:00:00,3.7236855
EIA_67964,2026-05-30 02:00:00,72.59784
EIA_68023,2026-05-30 02:00:00,9.914249
EIA_68281,2026-05-30 02:00:00,117.67705
EIA_68427,2026-05-30 02:00:00,12.762033
EIA_68436,2026-05-30 02:00:00,2.771701
EIA_68442,2026-05-30 02:00:00,4.0
EIA_68488,2026-05-30 02:00:00,2.978795
EIA_68523,2026-05-30 02:00:00,0.7
EIA_68524,2026-05-30 02:00:00,0.7
EIA_68525,2026-05-30 02:00:00,0.7
EIA_68540,2026-05-30 02:00:00,1.1812358
EIA_68550,2026-05-30 02:00:00,2.3
EIA_68791,2026-05-30 02:00:00,0.9557443
EIA_68794,2026-05-30 02:00:00,1.5
EIA_68795,2026-05-30 02:00:00,1.7
EIA_68796,2026-05-30 02:00:00,1.1
EIA_68846,2026-05-30 02:00:00,127.7919
EIA_68943,2026-05-30 02:00:00,0.05689222
EIA_68944,2026-05-30 02:00:00,0.14965615
EIA_68945,2026-05-30 02:00:00,0.028404137
EIA_68957,2026-05-30 02:00:00,0.033249617
EIA_68964,2026-05-30 02:00:00,0.11033916
EIA_68991,2026-05-30 02:00:00,0.065985754
EIA_69016,2026-05-30 02:00:00,0.0017171307
EIA_69017,2026-05-30 02:00:00,0.048829548
EIA_69039,2026-05-30 02:00:00,2.3
EIA_69042,2026-05-30 02:00:00,0.036113866
EIA_69061,2026-05-30 02:00:00,0.016072735
EIA_69062,2026-05-30 02:00:00,0.016687857
EIA_69068,2026-05-30 02:00:00,2.8793957
EIA_69100,2026-05-30 02:00:00,0.8690467
EIA_69103,2026-05-30 02:00:00,0.026911115
EIA_69104,2026-05-30 02:00:00,0.0142542515
EIA_69114,2026-05-30 02:00:00,3.2775698
EIA_69132,2026-05-30 02:00:00,1.3767418
EIA_69137,2026-05-30 02:00:00,5.0
EIA_69190,2026-05-30 02:00:00,1.3422863
EIA_69210,2026-05-30 02:00:00,0.031284705
EIA_69233,2026-05-30 02:00:00,0.20386524
EIA_69248,2026-05-30 02:00:00,0.6960111
EIA_69264,2026-05-30 02:00:00,0.70739144
EIA_69287,2026-05-30 02:00:00,0.3259147
EIA_69288,2026-05-30 02:00:00,1.1440914
EIA_69370,2026-05-30 02:00:00,1.6090101
EIA_69408,2026-05-30 02:00:00,0.03871904
EIA_69483,2026-05-30 02:00:00,0.03185978
EIA_69518,2026-05-30 02:00:00,2.0
EIA_69519,2026-05-30 02:00:00,3.0
EIA_69563,2026-05-30 02:00:00,2.3
EIA_69612,2026-05-30 02:00:00,0.026931603
EIA_69613,2026-05-30 02:00:00,0.026931653
EIA_69615,2026-05-30 02:00:00,0.02693195
EIA_69682,2026-05-30 02:00:00,1.0
EIA_69712,2026-05-30 02:00:00,0.46254486
EIA_69730,2026-05-30 02:00:00,2.12548
EIA_69734,2026-05-30 02:00:00,1.0758839
EIA_69737,2026-05-30 02:00:00,2.1476336
EIA_69740,2026-05-30 02:00:00,2.5649745
EIA_69748,2026-05-30 02:00:00,355.17624
EIA_69757,2026-05-30 02:00:00,0.008692141
EIA_69758,2026-05-30 02:00:00,0.006686262
EIA_69759,2026-05-30 02:00:00,1.4
EIA_69774,2026-05-30 02:00:00,0.6613603
EIA_69856,2026-05-30 02:00:00,2.294058
EIA_56322,2026-05-30 03:00:00,0.27723786
EIA_57785,2026-05-30 03:00:00,1.3951045
EIA_57806,2026-05-30 03:00:00,0.10749354
EIA_62545,2026-05-30 03:00:00,0.46617225
EIA_63507,2026-05-30 03:00:00,30.754408
EIA_64446,2026-05-30 03:00:00,0.010340932
EIA_65072,2026-05-30 03:00:00,0.01093831
EIA_65507,2026-05-30 03:00:00,0.6422067
EIA_65616,2026-05-30 03:00:00,0.45078522
EIA_65940,2026-05-30 03:00:00,0.016081708
EIA_66892,2026-05-30 03:00:00,0.012913174
EIA_66951,2026-05-30 03:00:00,0.3386154
EIA_67169,2026-05-30 03:00:00,0.08764144
EIA_67234,2026-05-30 03:00:00,0.0042743525
EIA_67277,2026-05-30 03:00:00,0.012799136
EIA_67288,2026-05-30 03:00:00,1.2060082
EIA_67859,2026-05-30 03:00:00,1.6080109
EIA_68427,2026-05-30 03:00:00,0.016982498
EIA_68442,2026-05-30 03:00:00,0.77736807
EIA_68523,2026-05-30 03:00:00,0.014932214
EIA_68524,2026-05-30 03:00:00,0.014932267
EIA_68525,2026-05-30 03:00:00,0.014932309
EIA_68550,2026-05-30 03:00:00,0.1546601
EIA_68794,2026-05-30 03:00:00,0.018658752
EIA_68795,2026-05-30 03:00:00,0.022540377
EIA_68796,2026-05-30 03:00:00,0.012618373
EIA_69039,2026-05-30 03:00:00,0.6245313
EIA_69137,2026-05-30 03:00:00,0.021591032
EIA_69210,2026-05-30 03:00:00,0.013688425
EIA_69233,2026-05-30 03:00:00,0.006031057
EIA_69264,2026-05-30 03:00:00,0.029983737
EIA_69408,2026-05-30 03:00:00,0.0076720943
EIA_69518,2026-05-30 03:00:00,0.8042663
EIA_69519,2026-05-30 03:00:00,1.2064143
EIA_69563,2026-05-30 03:00:00,0.086182356
EIA_69682,2026-05-30 03:00:00,0.6143751
EIA_69759,2026-05-30 03:00:00,0.014285865
EIA_10224,2026-05-30 10:00:00,0.20423535
EIA_10823,2026-05-30 10:00:00,0.00632838
EIA_60452,2026-05-30 10:00:00,1.5088036
EIA_61703,2026-05-30 10:00:00,0.049588908
EIA_61820,2026-05-30 10:00:00,0.4069123
EIA_61822,2026-05-30 10:00:00,0.07568929
EIA_62027,2026-05-30 10:00:00,0.29063937
EIA_64442,2026-05-30 10:00:00,0.22880146
EIA_65139,2026-05-30 10:00:00,0.9072335
EIA_65149,2026-05-30 10:00:00,0.1458868
EIA_65279,2026-05-30 10:00:00,0.15600228
EIA_65468,2026-05-30 10:00:00,0.19784196
EIA_66256,2026-05-30 10:00:00,0.09692627
EIA_66449,2026-05-30 10:00:00,0.009445795
EIA_66495,2026-05-30 10:00:00,0.058175173
EIA_66523,2026-05-30 10:00:00,0.021991273
EIA_66827,2026-05-30 10:00:00,0.05096319
EIA_66842,2026-05-30 10:00:00,0.876484
EIA_67086,2026-05-30 10:00:00,0.7287127
EIA_67391,2026-05-30 10:00:00,0.31650817
EIA_67412,2026-05-30 10:00:00,0.49075004
EIA_67437,2026-05-30 10:00:00,0.026672881
EIA_67447,2026-05-30 10:00:00,0.1647495
EIA_67469,2026-05-30 10:00:00,0.05513454
EIA_67584,2026-05-30 10:00:00,0.0060989293
EIA_67600,2026-05-30 10:00:00,0.040018383
EIA_67675,2026-05-30 10:00:00,0.9858499
EIA_67900,2026-05-30 10:00:00,1.1677947
EIA_67901,2026-05-30 10:00:00,0.437923
EIA_67979,2026-05-30 10:00:00,2.446252
EIA_68037,2026-05-30 10:00:00,0.06478907
EIA_68163,2026-05-30 10:00:00,0.0039975266
EIA_68188,2026-05-30 10:00:00,0.5910286
EIA_68190,2026-05-30 10:00:00,0.5910283
EIA_68327,2026-05-30 10:00:00,1.0798475
EIA_68615,2026-05-30 10:00:00,0.9949234
EIA_68674,2026-05-30 10:00:00,0.16324742
EIA_68682,2026-05-30 10:00:00,0.08359956
EIA_68803,2026-05-30 10:00:00,0.4650984
EIA_68966,2026-05-30 10:00:00,0.088422105
EIA_69002,2026-05-30 10:00:00,0.19624726
EIA_69014,2026-05-30 10:00:00,2.8509834
EIA_69018,2026-05-30 10:00:00,0.15570557
EIA_69051,2026-05-30 10:00:00,0.1934005
EIA_69086,2026-05-30 10:00:00,0.0073131155
EIA_69095,2026-05-30 10:00:00,0.0011996438
EIA_69112,2026-05-30 10:00:00,0.426877
EIA_69113,2026-05-30 10:00:00,0.9690551
EIA_69116,2026-05-30 10:00:00,0.5067052
EIA_69117,2026-05-30 10:00:00,0.20268203
EIA_69118,2026-05-30 10:00:00,0.006706209
EIA_69123,2026-05-30 10:00:00,1.5602256
EIA_69124,2026-05-30 10:00:00,0.051185884
EIA_69125,2026-05-30 10:00:00,0.043486837
EIA_69126,2026-05-30 10:00:00,0.59161085
EIA_69127,2026-05-30 10:00:00,0.60666317
EIA_69129,2026-05-30 10:00:00,0.060516752
EIA_69130,2026-05-30 10:00:00,1.8416002
EIA_69131,2026-05-30 10:00:00,0.05200283
EIA_69133,2026-05-30 10:00:00,0.26023874
EIA_69134,2026-05-30 10:00:00,0.110679984
EIA_69140,2026-05-30 10:00:00,0.46916685
EIA_69141,2026-05-30 10:00:00,0.054051895
EIA_69179,2026-05-30 10:00:00,0.019314302
EIA_69212,2026-05-30 10:00:00,0.040306494
EIA_69214,2026-05-30 10:00:00,1.5289068
EIA_69216,2026-05-30 10:00:00,0.07728737
EIA_69219,2026-05-30 10:00:00,0.01467961
EIA_69221,2026-05-30 10:00:00,0.47617528
EIA_69227,2026-05-30 10:00:00,0.09341149
EIA_69247,2026-05-30 10:00:00,0.55621886
EIA_69273,2026-05-30 10:00:00,0.1549795
EIA_69280,2026-05-30 10:00:00,0.047052514
EIA_69281,2026-05-30 10:00:00,0.047053143
EIA_69284,2026-05-30 10:00:00,0.0623388
EIA_69285,2026-05-30 10:00:00,0.065154016
EIA_69374,2026-05-30 10:00:00,0.009771998
EIA_69379,2026-05-30 10:00:00,0.02054723
EIA_69380,2026-05-30 10:00:00,0.018082066
EIA_69386,2026-05-30 10:00:00,0.01893441
EIA_69391,2026-05-30 10:00:00,0.018928448
EIA_69395,2026-05-30 10:00:00,0.011522565
EIA_69396,2026-05-30 10:00:00,0.009193112
EIA_69398,2026-05-30 10:00:00,0.03425147
EIA_69399,2026-05-30 10:00:00,0.017534563
EIA_69400,2026-05-30 10:00:00,0.019151503
EIA_69402,2026-05-30 10:00:00,2.134229
EIA_69405,2026-05-30 10:00:00,0.010254142
EIA_69406,2026-05-30 10:00:00,0.010254578
EIA_69425,2026-05-30 10:00:00,0.0061524534
EIA_69434,2026-05-30 10:00:00,0.8000196
EIA_69443,2026-05-30 10:00:00,0.950443
EIA_69447,2026-05-30 10:00:00,0.05122851
EIA_69448,2026-05-30 10:00:00,2.363673
EIA_69498,2026-05-30 10:00:00,3.2484903
EIA_69499,2026-05-30 10:00:00,0.08029464
EIA_69505,2026-05-30 10:00:00,0.03177389
EIA_69525,2026-05-30 10:00:00,0.9108651
EIA_69531,2026-05-30 10:00:00,0.1608572
EIA_69544,2026-05-30 10:00:00,1.6979259
EIA_69545,2026-05-30 10:00:00,0.044695288
EIA_69546,2026-05-30 10:00:00,0.058657486
EIA_69568,2026-05-30 10:00:00,0.008316176
EIA_69569,2026-05-30 10:00:00,3.2948503
EIA_69571,2026-05-30 10:00:00,0.100160874
EIA_69581,2026-05-30 10:00:00,0.039614476
EIA_69596,2026-05-30 10:00:00,0.041093912
EIA_69597,2026-05-30 10:00:00,0.051367436
EIA_69600,2026-05-30 10:00:00,0.4987541
EIA_69601,2026-05-30 10:00:00,0.19950189
EIA_69621,2026-05-30 10:00:00,0.15468723
EIA_69693,2026-05-30 10:00:00,0.018656706
EIA_69696,2026-05-30 10:00:00,0.8724515
EIA_69700,2026-05-30 10:00:00,0.0016491621
EIA_69705,2026-05-30 10:00:00,0.017729152
EIA_69707,2026-05-30 10:00:00,0.051056765
EIA_69714,2026-05-30 10:00:00,0.01936695
EIA_69716,2026-05-30 10:00:00,1.5648712
EIA_69719,2026-05-30 10:00:00,0.92815125
EIA_69729,2026-05-30 10:00:00,0.08902907
EIA_69736,2026-05-30 10:00:00,0.24318914
EIA_69744,2026-05-30 10:00:00,0.008397074
EIA_69746,2026-05-30 10:00:00,0.016624436
EIA_69754,2026-05-30 10:00:00,0.015075166
EIA_69822,2026-05-30 10:00:00,0.48282048
EIA_960,2026-05-30 11:00:00,0.014124511
EIA_1172,2026-05-30 11:00:00,0.015490029
EIA_10224,2026-05-30 11:00:00,0.5
EIA_10823,2026-05-30 11:00:00,0.022029907
EIA_58173,2026-05-30 11:00:00,0.004548972
EIA_58556,2026-05-30 11:00:00,0.6212714
EIA_59776,2026-05-30 11:00:00,0.006146632
EIA_59988,2026-05-30 11:00:00,0.4757886
EIA_60452,2026-05-30 11:00:00,3.0
EIA_61703,2026-05-30 11:00:00,0.1
EIA_61796,2026-05-30 11:00:00,20.0
EIA_61820,2026-05-30 11:00:00,0.066957615
EIA_61822,2026-05-30 11:00:00,0.2
EIA_61910,2026-05-30 11:00:00,3.7383797
EIA_61990,2026-05-30 11:00:00,0.0036618735
EIA_62027,2026-05-30 11:00:00,0.7
EIA_62186,2026-05-30 11:00:00,0.10410155
EIA_62344,2026-05-30 11:00:00,0.14360766
EIA_62397,2026-05-30 11:00:00,0.15345657
EIA_62442,2026-05-30 11:00:00,0.0035381299
EIA_62737,2026-05-30 11:00:00,3.1412795
EIA_62797,2026-05-30 11:00:00,5.9912386
EIA_63122,2026-05-30 11:00:00,0.019096257
EIA_63221,2026-05-30 11:00:00,0.004349863
EIA_63518,2026-05-30 11:00:00,3.6038895
EIA_63542,2026-05-30 11:00:00,0.008884376
EIA_63946,2026-05-30 11:00:00,0.18396048
EIA_64117,2026-05-30 11:00:00,0.42404523
EIA_64430,2026-05-30 11:00:00,131.13864
EIA_64442,2026-05-30 11:00:00,0.5
EIA_64509,2026-05-30 11:00:00,0.08029621
EIA_64512,2026-05-30 11:00:00,0.0149825355
EIA_64513,2026-05-30 11:00:00,0.054772384
EIA_64536,2026-05-30 11:00:00,7.5309153
EIA_64567,2026-05-30 11:00:00,14.938113
EIA_65139,2026-05-30 11:00:00,3.0
EIA_65149,2026-05-30 11:00:00,4.0
EIA_65279,2026-05-30 11:00:00,0.27849084
EIA_65401,2026-05-30 11:00:00,0.76213115
EIA_65405,2026-05-30 11:00:00,0.5349257
EIA_65442,2026-05-30 11:00:00,0.0037243853
EIA_65443,2026-05-30 11:00:00,0.028892037
EIA_65468,2026-05-30 11:00:00,0.5
EIA_65508,2026-05-30 11:00:00,0.13914274
EIA_65515,2026-05-30 11:00:00,0.022388175
EIA_65516,2026-05-30 11:00:00,0.02238826
EIA_65572,2026-05-30 11:00:00,170.04872
EIA_65659,2026-05-30 11:00:00,0.5268352
EIA_65827,2026-05-30 11:00:00,0.2854845
EIA_65885,2026-05-30 11:00:00,1.0582056
EIA_65905,2026-05-30 11:00:00,0.050779384
EIA_65913,2026-05-30 11:00:00,1.9292271
EIA_66027,2026-05-30 11:00:00,2.7710874
EIA_66107,2026-05-30 11:00:00,14.950999
EIA_66256,2026-05-30 11:00:00,5.0
EIA_66352,2026-05-30 11:00:00,0.40302223
EIA_66356,2026-05-30 11:00:00,0.45847204
EIA_66433,2026-05-30 11:00:00,0.016535522
EIA_66435,2026-05-30 11:00:00,0.0037244721
EIA_66449,2026-05-30 11:00:00,0.29743716
EIA_66495,2026-05-30 11:00:00,5.0
EIA_66523,2026-05-30 11:00:00,0.23351738
EIA_66647,2026-05-30 11:00:00,63.00439
EIA_66654,2026-05-30 11:00:00,2.0
EIA_66656,2026-05-30 11:00:00,2.0
EIA_66756,2026-05-30 11:00:00,32.89521
EIA_66760,2026-05-30 11:00:00,0.2959795
EIA_66827,2026-05-30 11:00:00,2.5
EIA_66840,2026-05-30 11:00:00,1.5415823
EIA_66842,2026-05-30 11:00:00,64.0
EIA_66844,2026-05-30 11:00:00,148.24796
EIA_66860,2026-05-30 11:00:00,76.32866
EIA_66886,2026-05-30 11:00:00,2.4
EIA_66899,2026-05-30 11:00:00,5.8
EIA_67007,2026-05-30 11:00:00,19.360731
EIA_67022,2026-05-30 11:00:00,163.93092
EIA_67033,2026-05-30 11:00:00,1.9669292
EIA_67080,2026-05-30 11:00:00,0.31135198
EIA_67086,2026-05-30 11:00:00,1.8
EIA_67125,2026-05-30 11:00:00,0.10005168
EIA_67126,2026-05-30 11:00:00,0.20179717
EIA_67129,2026-05-30 11:00:00,2.4326484
EIA_67133,2026-05-30 11:00:00,0.0045878016
EIA_67158,2026-05-30 11:00:00,0.033884346
EIA_67216,2026-05-30 11:00:00,11.543316
EIA_67217,2026-05-30 11:00:00,9.719674
EIA_67218,2026-05-30 11:00:00,5.129892
EIA_67219,2026-05-30 11:00:00,7.826818
EIA_67254,2026-05-30 11:00:00,0.12967306
EIA_67255,2026-05-30 11:00:00,0.41597465
EIA_67256,2026-05-30 11:00:00,0.65362
EIA_67374,2026-05-30 11:00:00,4.0804067
EIA_67391,2026-05-30 11:00:00,4.0
EIA_67412,2026-05-30 11:00:00,5.0
EIA_67421,2026-05-30 11:00:00,84.4
EIA_67437,2026-05-30 11:00:00,5.0
EIA_67447,2026-05-30 11:00:00,0.8885248
EIA_67469,2026-05-30 11:00:00,0.084893115
EIA_67490,2026-05-30 11:00:00,5.6
EIA_67532,2026-05-30 11:00:00,4.456038
EIA_67539,2026-05-30 11:00:00,0.75785834
EIA_67540,2026-05-30 11:00:00,0.3193147
EIA_67546,2026-05-30 11:00:00,0.016517285
EIA_67554,2026-05-30 11:00:00,0.08430517
EIA_67583,2026-05-30 11:00:00,1.3
EIA_67584,2026-05-30 11:00:00,4.8
EIA_67597,2026-05-30 11:00:00,4.85839
EIA_67600,2026-05-30 11:00:00,0.32506025
EIA_67623,2026-05-30 11:00:00,0.9968583
EIA_67624,2026-05-30 11:00:00,0.09027756
EIA_67628,2026-05-30 11:00:00,0.09065025
EIA_67644,2026-05-30 11:00:00,0.16160728
EIA_67675,2026-05-30 11:00:00,65.0
EIA_67678,2026-05-30 11:00:00,108.373024
EIA_67684,2026-05-30 11:00:00,0.0031589863
EIA_67686,2026-05-30 11:00:00,0.43450764
EIA_67687,2026-05-30 11:00:00,0.08858255
EIA_67688,2026-05-30 11:00:00,0.011002926
EIA_67704,2026-05-30 11:00:00,0.19599052
EIA_67705,2026-05-30 11:00:00,0.32198435
EIA_67713,2026-05-30 11:00:00,0.3007306
EIA_67714,2026-05-30 11:00:00,0.07179588
EIA_67715,2026-05-30 11:00:00,0.097881004
EIA_67716,2026-05-30 11:00:00,0.09298685
EIA_67717,2026-05-30 11:00:00,0.073913805
EIA_67718,2026-05-30 11:00:00,0.23569635
EIA_67719,2026-05-30 11:00:00,0.24810165
EIA_67727,2026-05-30 11:00:00,3.3644807
EIA_67728,2026-05-30 11:00:00,2.0011652
EIA_67735,2026-05-30 11:00:00,6.8976517
EIA_67751,2026-05-30 11:00:00,0.09212034
EIA_67804,2026-05-30 11:00:00,0.08482653
EIA_67822,2026-05-30 11:00:00,0.0848262
EIA_67834,2026-05-30 11:00:00,29.72063
EIA_67864,2026-05-30 11:00:00,6.1404686
EIA_67872,2026-05-30 11:00:00,5.4969087
EIA_67873,2026-05-30 11:00:00,2.2785084
EIA_67900,2026-05-30 11:00:00,0.14638609
EIA_67901,2026-05-30 11:00:00,0.054894783
EIA_67930,2026-05-30 11:00:00,20.971815
EIA_67943,2026-05-30 11:00:00,0.055901825
EIA_67965,2026-05-30 11:00:00,0.04087749
EIA_67969,2026-05-30 11:00:00,1.4122043
EIA_67979,2026-05-30 11:00:00,5.0
EIA_67997,2026-05-30 11:00:00,0.4805749
EIA_68008,2026-05-30 11:00:00,0.84647983
EIA_68010,2026-05-30 11:00:00,0.19540447
EIA_68025,2026-05-30 11:00:00,3.0
EIA_68026,2026-05-30 11:00:00,4.8
EIA_68037,2026-05-30 11:00:00,0.25825545
EIA_68060,2026-05-30 11:00:00,13.501689
EIA_68077,2026-05-30 11:00:00,19.187187
EIA_68106,2026-05-30 11:00:00,2.4326484
EIA_68107,2026-05-30 11:00:00,0.095512204
EIA_68114,2026-05-30 11:00:00,0.095669016
EIA_68157,2026-05-30 11:00:00,0.013346121
EIA_68163,2026-05-30 11:00:00,0.21604924
EIA_68188,2026-05-30 11:00:00,5.0
EIA_68190,2026-05-30 11:00:00,5.0
EIA_68223,2026-05-30 11:00:00,1.9435953
EIA_68235,2026-05-30 11:00:00,0.08987205
EIA_68259,2026-05-30 11:00:00,3.3
EIA_68276,2026-05-30 11:00:00,1.255566
EIA_68279,2026-05-30 11:00:00,1.1
EIA_68327,2026-05-30 11:00:00,2.0
EIA_68372,2026-05-30 11:00:00,19.063421
EIA_68398,2026-05-30 11:00:00,0.38410938
EIA_68418,2026-05-30 11:00:00,118.360374
EIA_68431,2026-05-30 11:00:00,178.76416
EIA_68472,2026-05-30 11:00:00,0.9441181
EIA_68482,2026-05-30 11:00:00,10.346645
EIA_68489,2026-05-30 11:00:00,0.18685961
EIA_68530,2026-05-30 11:00:00,0.08077361
EIA_68534,2026-05-30 11:00:00,5.9410825
EIA_68538,2026-05-30 11:00:00,0.1685802
EIA_68544,2026-05-30 11:00:00,0.18685879
EIA_68551,2026-05-30 11:00:00,0.8640976
EIA_68595,2026-05-30 11:00:00,21.320135
EIA_68615,2026-05-30 11:00:00,2.4
EIA_68674,2026-05-30 11:00:00,4.0
EIA_68682,2026-05-30 11:00:00,3.0
EIA_68754,2026-05-30 11:00:00,0.1452172
EIA_68756,2026-05-30 11:00:00,0.22827065
EIA_68757,2026-05-30 11:00:00,0.037172783
EIA_68776,2026-05-30 11:00:00,2.4933362
EIA_68803,2026-05-30 11:00:00,1.5
EIA_68817,2026-05-30 11:00:00,0.6869468
EIA_68820,2026-05-30 11:00:00,3.0035555
EIA_68822,2026-05-30 11:00:00,0.8589073
EIA_68823,2026-05-30 11:00:00,1.4248512
EIA_68880,2026-05-30 11:00:00,2.8222256
EIA_68885,2026-05-30 11:00:00,0.8474198
EIA_68886,2026-05-30 11:00:00,3.0
EIA_68892,2026-05-30 11:00:00,1.4
EIA_68894,2026-05-30 11:00:00,27.898598
EIA_68919,2026-05-30 11:00:00,0.056089766
EIA_68921,2026-05-30 11:00:00,0.05090877
EIA_68928,2026-05-30 11:00:00,0.35915974
EIA_68960,2026-05-30 11:00:00,0.11956991
EIA_68966,2026-05-30 11:00:00,3.0
EIA_68971,2026-05-30 11:00:00,4.797219
EIA_69002,2026-05-30 11:00:00,1.2219659
EIA_69014,2026-05-30 11:00:00,5.0
EIA_69015,2026-05-30 11:00:00,0.21325536
EIA_69018,2026-05-30 11:00:00,5.0
EIA_69031,2026-05-30 11:00:00,0.4659542
EIA_69032,2026-05-30 11:00:00,0.6493876
EIA_69033,2026-05-30 11:00:00,0.12951732
EIA_69043,2026-05-30 11:00:00,0.07722137
EIA_69046,2026-05-30 11:00:00,0.1686188
EIA_69051,2026-05-30 11:00:00,3.0
EIA_69063,2026-05-30 11:00:00,11.907529
EIA_69066,2026-05-30 11:00:00,0.055672918
EIA_69070,2026-05-30 11:00:00,0.10944947
EIA_69078,2026-05-30 11:00:00,0.7642888
EIA_69086,2026-05-30 11:00:00,0.08384236
EIA_69095,2026-05-30 11:00:00,4.1051593
EIA_69096,2026-05-30 11:00:00,0.24108054
EIA_69109,2026-05-30 11:00:00,1.4
EIA_69112,2026-05-30 11:00:00,1.3
EIA_69113,2026-05-30 11:00:00,2.7
EIA_69115,2026-05-30 11:00:00,0.019700889
EIA_69116,2026-05-30 11:00:00,2.5
EIA_69117,2026-05-30 11:00:00,1.0
EIA_69118,2026-05-30 11:00:00,0.055283606
EIA_69123,2026-05-30 11:00:00,3.285484
EIA_69124,2026-05-30 11:00:00,1.0
EIA_69125,2026-05-30 11:00:00,1.0
EIA_69126,2026-05-30 11:00:00,0.13556717
EIA_69127,2026-05-30 11:00:00,0.3397581
EIA_69129,2026-05-30 11:00:00,1.3
EIA_69130,2026-05-30 11:00:00,4.0
EIA_69131,2026-05-30 11:00:00,0.124769896
EIA_69133,2026-05-30 11:00:00,0.8025066
EIA_69134,2026-05-30 11:00:00,0.28623208
EIA_69135,2026-05-30 11:00:00,1.0
EIA_69140,2026-05-30 11:00:00,1.3
EIA_69141,2026-05-30 11:00:00,4.0
EIA_69142,2026-05-30 11:00:00,0.028951775
EIA_69143,2026-05-30 11:00:00,0.32014933
EIA_69153,2026-05-30 11:00:00,0.0711273
EIA_69154,2026-05-30 11:00:00,0.066858426
EIA_69161,2026-05-30 11:00:00,0.010298634
EIA_69163,2026-05-30 11:00:00,0.71218157
EIA_69164,2026-05-30 11:00:00,1.6361505
EIA_69172,2026-05-30 11:00:00,49.404312
EIA_69179,2026-05-30 11:00:00,3.4749222
EIA_69183,2026-05-30 11:00:00,0.33663937
EIA_69187,2026-05-30 11:00:00,0.113049984
EIA_69188,2026-05-30 11:00:00,1.0326641
EIA_69193,2026-05-30 11:00:00,0.28755537
EIA_69201,2026-05-30 11:00:00,0.11504896
EIA_69212,2026-05-30 11:00:00,0.27182946
EIA_69213,2026-05-30 11:00:00,0.17050104
EIA_69214,2026-05-30 11:00:00,0.60726166
EIA_69216,2026-05-30 11:00:00,0.46243554
EIA_69219,2026-05-30 11:00:00,0.13385887
EIA_69221,2026-05-30 11:00:00,1.2
EIA_69227,2026-05-30 11:00:00,0.1975968
EIA_69228,2026-05-30 11:00:00,0.06865165
EIA_69230,2026-05-30 11:00:00,0.0991077
EIA_69235,2026-05-30 11:00:00,20.0
EIA_69240,2026-05-30 11:00:00,0.16644302
EIA_69241,2026-05-30 11:00:00,0.09004966
EIA_69243,2026-05-30 11:00:00,0.03204561
EIA_69247,2026-05-30 11:00:00,1.3
EIA_69273,2026-05-30 11:00:00,1.8
EIA_69280,2026-05-30 11:00:00,0.7602561
EIA_69281,2026-05-30 11:00:00,0.7602929
EIA_69284,2026-05-30 11:00:00,2.9
EIA_69285,2026-05-30 11:00:00,0.11449403
EIA_69303,2026-05-30 11:00:00,0.017701315
EIA_69304,2026-05-30 11:00:00,0.015334147
EIA_69306,2026-05-30 11:00:00,8.8
EIA_69314,2026-05-30 11:00:00,1.1114862
EIA_69315,2026-05-30 11:00:00,0.28376484
EIA_69316,2026-05-30 11:00:00,0.27809322
EIA_69317,2026-05-30 11:00:00,0.27941015
EIA_69319,2026-05-30 11:00:00,1.2503102
EIA_69321,2026-05-30 11:00:00,0.93148106
EIA_69325,2026-05-30 11:00:00,0.06357092
EIA_69326,2026-05-30 11:00:00,0.06357092
EIA_69328,2026-05-30 11:00:00,4.1
EIA_69330,2026-05-30 11:00:00,0.72901887
EIA_69354,2026-05-30 11:00:00,0.5936456
EIA_69355,2026-05-30 11:00:00,3.492963
EIA_69368,2026-05-30 11:00:00,0.13249505
EIA_69374,2026-05-30 11:00:00,1.5
EIA_69379,2026-05-30 11:00:00,1.6579939
EIA_69380,2026-05-30 11:00:00,1.4591101
EIA_69381,2026-05-30 11:00:00,1.6
EIA_69382,2026-05-30 11:00:00,1.4
EIA_69386,2026-05-30 11:00:00,0.41572484
EIA_69387,2026-05-30 11:00:00,0.28713563
EIA_69388,2026-05-30 11:00:00,4.21175
EIA_69389,2026-05-30 11:00:00,0.27787745
EIA_69390,2026-05-30 11:00:00,0.27787745
EIA_69391,2026-05-30 11:00:00,3.4054515
EIA_69395,2026-05-30 11:00:00,0.08790128
EIA_69396,2026-05-30 11:00:00,0.19433834
EIA_69397,2026-05-30 11:00:00,0.118383475
EIA_69398,2026-05-30 11:00:00,0.23204556
EIA_69399,2026-05-30 11:00:00,0.13376945
EIA_69400,2026-05-30 11:00:00,0.40481895
EIA_69401,2026-05-30 11:00:00,1.1277062
EIA_69402,2026-05-30 11:00:00,5.0
EIA_69405,2026-05-30 11:00:00,0.40801278
EIA_69406,2026-05-30 11:00:00,0.40803814
EIA_69409,2026-05-30 11:00:00,0.18601085
EIA_69410,2026-05-30 11:00:00,0.44895798
EIA_69412,2026-05-30 11:00:00,0.26937482
EIA_69419,2026-05-30 11:00:00,0.2571738
EIA_69420,2026-05-30 11:00:00,0.04881417
EIA_69421,2026-05-30 11:00:00,0.05432273
EIA_69425,2026-05-30 11:00:00,0.2448067
EIA_69428,2026-05-30 11:00:00,9.078891
EIA_69430,2026-05-30 11:00:00,2.6976101
EIA_69431,2026-05-30 11:00:00,2.3322985
EIA_69432,2026-05-30 11:00:00,3.4934483
EIA_69433,2026-05-30 11:00:00,3.1751513
EIA_69434,2026-05-30 11:00:00,2.0
EIA_69439,2026-05-30 11:00:00,0.26738206
EIA_69440,2026-05-30 11:00:00,0.44493985
EIA_69441,2026-05-30 11:00:00,0.1416508
EIA_69442,2026-05-30 11:00:00,0.26892427
EIA_69443,2026-05-30 11:00:00,2.3
EIA_69447,2026-05-30 11:00:00,0.09780466
EIA_69448,2026-05-30 11:00:00,0.34891847
EIA_69476,2026-05-30 11:00:00,70.88577
EIA_69484,2026-05-30 11:00:00,0.03257007
EIA_69485,2026-05-30 11:00:00,0.18286048
EIA_69486,2026-05-30 11:00:00,0.06826868
EIA_69487,2026-05-30 11:00:00,0.05173905
EIA_69488,2026-05-30 11:00:00,0.21665686
EIA_69489,2026-05-30 11:00:00,0.050580107
EIA_69490,2026-05-30 11:00:00,0.13362373
EIA_69491,2026-05-30 11:00:00,0.09884348
EIA_69492,2026-05-30 11:00:00,0.05033094
EIA_69493,2026-05-30 11:00:00,0.11977541
EIA_69494,2026-05-30 11:00:00,0.113078244
EIA_69495,2026-05-30 11:00:00,0.09085837
EIA_69498,2026-05-30 11:00:00,8.8
EIA_69499,2026-05-30 11:00:00,0.31720468
EIA_69500,2026-05-30 11:00:00,0.4115729
EIA_69501,2026-05-30 11:00:00,3.3089395
EIA_69502,2026-05-30 11:00:00,2.2283034
EIA_69503,2026-05-30 11:00:00,3.4188263
EIA_69505,2026-05-30 11:00:00,0.78865784
EIA_69525,2026-05-30 11:00:00,4.3
EIA_69526,2026-05-30 11:00:00,0.25086784
EIA_69527,2026-05-30 11:00:00,0.23296095
EIA_69531,2026-05-30 11:00:00,0.25404677
EIA_69536,2026-05-30 11:00:00,0.16851316
EIA_69542,2026-05-30 11:00:00,5.0
EIA_69543,2026-05-30 11:00:00,0.34396404
EIA_69544,2026-05-30 11:00:00,2.5
EIA_69545,2026-05-30 11:00:00,1.0
EIA_69546,2026-05-30 11:00:00,0.25581616
EIA_69550,2026-05-30 11:00:00,31.831404
EIA_69561,2026-05-30 11:00:00,4.0
EIA_69564,2026-05-30 11:00:00,0.180608
EIA_69565,2026-05-30 11:00:00,0.42722872
EIA_69567,2026-05-30 11:00:00,0.86459315
EIA_69568,2026-05-30 11:00:00,1.0
EIA_69569,2026-05-30 11:00:00,5.0
EIA_69570,2026-05-30 11:00:00,12.0
EIA_69571,2026-05-30 11:00:00,0.60197157
EIA_69572,2026-05-30 11:00:00,0.23042154
EIA_69573,2026-05-30 11:00:00,0.20676787
EIA_69581,2026-05-30 11:00:00,0.12172347
EIA_69587,2026-05-30 11:00:00,0.026491221
EIA_69596,2026-05-30 11:00:00,4.0
EIA_69597,2026-05-30 11:00:00,5.0
EIA_69598,2026-05-30 11:00:00,0.03447148
EIA_69599,2026-05-30 11:00:00,0.03396792
EIA_69600,2026-05-30 11:00:00,5.0
EIA_69601,2026-05-30 11:00:00,2.0
EIA_69604,2026-05-30 11:00:00,5.1008177
EIA_69617,2026-05-30 11:00:00,0.11122757
EIA_69618,2026-05-30 11:00:00,2.2512782
EIA_69621,2026-05-30 11:00:00,0.3241189
EIA_69622,2026-05-30 11:00:00,2.7699919
EIA_69623,2026-05-30 11:00:00,0.021480896
EIA_69624,2026-05-30 11:00:00,0.05370224
EIA_69630,2026-05-30 11:00:00,0.042958822
EIA_69645,2026-05-30 11:00:00,0.036063273
EIA_69646,2026-05-30 11:00:00,0.04022164
EIA_69651,2026-05-30 11:00:00,0.20747216
EIA_69652,2026-05-30 11:00:00,0.043311585
EIA_69653,2026-05-30 11:00:00,0.043311585
EIA_69655,2026-05-30 11:00:00,0.11448653
EIA_69656,2026-05-30 11:00:00,0.08200392
EIA_69675,2026-05-30 11:00:00,8.193412
EIA_69680,2026-05-30 11:00:00,61.70998
EIA_69683,2026-05-30 11:00:00,0.17350177
EIA_69692,2026-05-30 11:00:00,0.5956609
EIA_69693,2026-05-30 11:00:00,0.0533526
EIA_69696,2026-05-30 11:00:00,0.232883
EIA_69700,2026-05-30 11:00:00,0.1560847
EIA_69703,2026-05-30 11:00:00,0.006087686
EIA_69705,2026-05-30 11:00:00,0.04481978
EIA_69707,2026-05-30 11:00:00,0.13584831
EIA_69709,2026-05-30 11:00:00,0.016115177
EIA_69714,2026-05-30 11:00:00,0.35716894
EIA_69715,2026-05-30 11:00:00,0.016120965
EIA_69716,2026-05-30 11:00:00,4.0
EIA_69717,2026-05-30 11:00:00,0.04925553
EIA_69718,2026-05-30 11:00:00,0.04728531
EIA_69719,2026-05-30 11:00:00,2.8
EIA_69729,2026-05-30 11:00:00,0.13642912
EIA_69731,2026-05-30 11:00:00,0.59091353
EIA_69735,2026-05-30 11:00:00,0.18729196
EIA_69736,2026-05-30 11:00:00,1.2
EIA_69739,2026-05-30 11:00:00,0.15396681
EIA_69744,2026-05-30 11:00:00,0.27768683
EIA_69746,2026-05-30 11:00:00,2.0
EIA_69754,2026-05-30 11:00:00,1.5742772
EIA_69800,2026-05-30 11:00:00,0.12481296
EIA_69801,2026-05-30 11:00:00,0.05076129
EIA_69802,2026-05-30 11:00:00,0.11586806
EIA_69822,2026-05-30 11:00:00,1.0
EIA_69824,2026-05-30 11:00:00,0.020719206
EIA_69863,2026-05-30 11:00:00,0.09632954
EIA_69875,2026-05-30 11:00:00,91.95967
EIA_960,2026-05-30 12:00:00,0.19637369
EIA_1172,2026-05-30 12:00:00,0.17313883
EIA_1187,2026-05-30 12:00:00,0.06326613
EIA_10224,2026-05-30 12:00:00,0.5
EIA_10823,2026-05-30 12:00:00,0.1
EIA_50026,2026-05-30 12:00:00,6.5392876
EIA_58556,2026-05-30 12:00:00,7.18463
EIA_59776,2026-05-30 12:00:00,0.045028146
EIA_59988,2026-05-30 12:00:00,1.1
EIA_60452,2026-05-30 12:00:00,3.0
EIA_61703,2026-05-30 12:00:00,0.1
EIA_61796,2026-05-30 12:00:00,20.0
EIA_61820,2026-05-30 12:00:00,0.8
EIA_61822,2026-05-30 12:00:00,0.2
EIA_61910,2026-05-30 12:00:00,7.0
EIA_61967,2026-05-30 12:00:00,2.7865708
EIA_61990,2026-05-30 12:00:00,0.030835126
EIA_62027,2026-05-30 12:00:00,0.7
EIA_62186,2026-05-30 12:00:00,0.11492575
EIA_62344,2026-05-30 12:00:00,0.17845608
EIA_62397,2026-05-30 12:00:00,0.22447081
EIA_62442,2026-05-30 12:00:00,0.044645023
EIA_62494,2026-05-30 12:00:00,140.23624
EIA_62737,2026-05-30 12:00:00,0.971956
EIA_62797,2026-05-30 12:00:00,69.80111
EIA_63122,2026-05-30 12:00:00,0.10075417
EIA_63194,2026-05-30 12:00:00,9.021797
EIA_63211,2026-05-30 12:00:00,6.1519156
EIA_63221,2026-05-30 12:00:00,0.12165432
EIA_63518,2026-05-30 12:00:00,4.581043
EIA_63542,2026-05-30 12:00:00,0.11386455
EIA_63882,2026-05-30 12:00:00,5.438293
EIA_63884,2026-05-30 12:00:00,12.219387
EIA_63946,2026-05-30 12:00:00,1.1684853
EIA_64117,2026-05-30 12:00:00,0.97611105
EIA_64132,2026-05-30 12:00:00,23.75461
EIA_64222,2026-05-30 12:00:00,0.6099758
EIA_64223,2026-05-30 12:00:00,0.16593534
EIA_64430,2026-05-30 12:00:00,91.14513
EIA_64442,2026-05-30 12:00:00,0.5
EIA_64509,2026-05-30 12:00:00,0.09228239
EIA_64512,2026-05-30 12:00:00,0.10988911
EIA_64513,2026-05-30 12:00:00,0.19105789
EIA_64536,2026-05-30 12:00:00,81.725586
EIA_64567,2026-05-30 12:00:00,20.0
EIA_64729,2026-05-30 12:00:00,0.10885367
EIA_64745,2026-05-30 12:00:00,55.32519
EIA_65006,2026-05-30 12:00:00,0.042511683
EIA_65024,2026-05-30 12:00:00,0.042691045
EIA_65139,2026-05-30 12:00:00,0.4129852
EIA_65149,2026-05-30 12:00:00,1.8008239
EIA_65279,2026-05-30 12:00:00,0.33750257
EIA_65401,2026-05-30 12:00:00,7.444264
EIA_65405,2026-05-30 12:00:00,6.7511663
EIA_65442,2026-05-30 12:00:00,0.12160448
EIA_65443,2026-05-30 12:00:00,0.4387417
EIA_65445,2026-05-30 12:00:00,177.0
EIA_65463,2026-05-30 12:00:00,11.769842
EIA_65468,2026-05-30 12:00:00,0.5
EIA_65508,2026-05-30 12:00:00,1.7886707
EIA_65515,2026-05-30 12:00:00,0.17474113
EIA_65516,2026-05-30 12:00:00,0.1747444
EIA_65572,2026-05-30 12:00:00,250.0
EIA_65644,2026-05-30 12:00:00,2.3146122
EIA_65659,2026-05-30 12:00:00,1.0
EIA_65827,2026-05-30 12:00:00,0.77895516
EIA_65849,2026-05-30 12:00:00,3.610954
EIA_65885,2026-05-30 12:00:00,6.6096654
EIA_65887,2026-05-30 12:00:00,3.710271
EIA_65888,2026-05-30 12:00:00,74.5
EIA_65891,2026-05-30 12:00:00,11.819242
EIA_65894,2026-05-30 12:00:00,9.564381
EIA_65905,2026-05-30 12:00:00,3.2727664
EIA_65911,2026-05-30 12:00:00,74.5
EIA_65913,2026-05-30 12:00:00,5.3432746
EIA_66027,2026-05-30 12:00:00,16.548218
EIA_66107,2026-05-30 12:00:00,20.0
EIA_66256,2026-05-30 12:00:00,5.0
EIA_66352,2026-05-30 12:00:00,0.8948476
EIA_66356,2026-05-30 12:00:00,2.3180778
EIA_66433,2026-05-30 12:00:00,0.12915607
EIA_66435,2026-05-30 12:00:00,0.121610984
EIA_66449,2026-05-30 12:00:00,0.9123339
EIA_66495,2026-05-30 12:00:00,1.1726347
EIA_66520,2026-05-30 12:00:00,0.079372965
EIA_66523,2026-05-30 12:00:00,1.7673953
EIA_66647,2026-05-30 12:00:00,100.0
EIA_66649,2026-05-30 12:00:00,41.567608
EIA_66654,2026-05-30 12:00:00,2.0
EIA_66656,2026-05-30 12:00:00,2.0
EIA_66681,2026-05-30 12:00:00,3.7960534
EIA_66688,2026-05-30 12:00:00,6.307742
EIA_66739,2026-05-30 12:00:00,0.5343496
EIA_66740,2026-05-30 12:00:00,0.5359369
EIA_66756,2026-05-30 12:00:00,40.8
EIA_66760,2026-05-30 12:00:00,2.2430687
EIA_66774,2026-05-30 12:00:00,3.8772416
EIA_66775,2026-05-30 12:00:00,3.1824458
EIA_66827,2026-05-30 12:00:00,0.38487256
EIA_66840,2026-05-30 12:00:00,51.1
EIA_66842,2026-05-30 12:00:00,64.0
EIA_66844,2026-05-30 12:00:00,150.0
EIA_66860,2026-05-30 12:00:00,86.230034
EIA_66872,2026-05-30 12:00:00,4.9952583
EIA_66886,2026-05-30 12:00:00,2.4
EIA_66897,2026-05-30 12:00:00,4.5744805
EIA_66899,2026-05-30 12:00:00,5.8
EIA_66903,2026-05-30 12:00:00,74.15061
EIA_67007,2026-05-30 12:00:00,20.0
EIA_67022,2026-05-30 12:00:00,175.0
EIA_67033,2026-05-30 12:00:00,3.8
EIA_67038,2026-05-30 12:00:00,12.491936
EIA_67046,2026-05-30 12:00:00,17.423492
EIA_67075,2026-05-30 12:00:00,188.32233
EIA_67076,2026-05-30 12:00:00,17.314426
EIA_67080,2026-05-30 12:00:00,0.20191912
EIA_67086,2026-05-30 12:00:00,1.8
EIA_67124,2026-05-30 12:00:00,0.1804585
EIA_67125,2026-05-30 12:00:00,0.19233102
EIA_67126,2026-05-30 12:00:00,1.0492921
EIA_67129,2026-05-30 12:00:00,5.3780394
EIA_67133,2026-05-30 12:00:00,0.54327416
EIA_67135,2026-05-30 12:00:00,3.034111
EIA_67158,2026-05-30 12:00:00,0.13695088
EIA_67201,2026-05-30 12:00:00,3.4586112
EIA_67216,2026-05-30 12:00:00,5.8476357
EIA_67217,2026-05-30 12:00:00,9.736402
EIA_67218,2026-05-30 12:00:00,18.074802
EIA_67219,2026-05-30 12:00:00,20.0
EIA_67254,2026-05-30 12:00:00,0.51558757
EIA_67255,2026-05-30 12:00:00,1.1465669
EIA_67256,2026-05-30 12:00:00,2.0
EIA_67374,2026-05-30 12:00:00,3.8316746
EIA_67391,2026-05-30 12:00:00,4.0
EIA_67412,2026-05-30 12:00:00,1.8663917
EIA_67421,2026-05-30 12:00:00,84.4
EIA_67437,2026-05-30 12:00:00,5.0
EIA_67447,2026-05-30 12:00:00,0.54127014
EIA_67469,2026-05-30 12:00:00,0.43234533
EIA_67490,2026-05-30 12:00:00,5.6
EIA_67532,2026-05-30 12:00:00,5.0
EIA_67539,2026-05-30 12:00:00,1.6
EIA_67540,2026-05-30 12:00:00,2.3
EIA_67546,2026-05-30 12:00:00,0.16576198
EIA_67554,2026-05-30 12:00:00,0.49031082
EIA_67583,2026-05-30 12:00:00,1.3
EIA_67584,2026-05-30 12:00:00,3.7809262
EIA_67597,2026-05-30 12:00:00,11.8
EIA_67600,2026-05-30 12:00:00,3.0051289
EIA_67623,2026-05-30 12:00:00,2.0
EIA_67624,2026-05-30 12:00:00,0.5286126
EIA_67628,2026-05-30 12:00:00,0.5596487
EIA_67644,2026-05-30 12:00:00,1.9988011
EIA_67675,2026-05-30 12:00:00,55.05699
EIA_67678,2026-05-30 12:00:00,140.0
EIA_67684,2026-05-30 12:00:00,0.86231494
EIA_67686,2026-05-30 12:00:00,2.786867
EIA_67687,2026-05-30 12:00:00,0.5277656
EIA_67688,2026-05-30 12:00:00,0.29304036
EIA_67703,2026-05-30 12:00:00,0.52593786
EIA_67704,2026-05-30 12:00:00,1.4
EIA_67705,2026-05-30 12:00:00,2.3
EIA_67713,2026-05-30 12:00:00,3.272721
EIA_67714,2026-05-30 12:00:00,0.91717935
EIA_67715,2026-05-30 12:00:00,0.38111994
EIA_67716,2026-05-30 12:00:00,0.3620634
EIA_67717,2026-05-30 12:00:00,0.8403587
EIA_67718,2026-05-30 12:00:00,1.064497
EIA_67719,2026-05-30 12:00:00,1.1205257
EIA_67727,2026-05-30 12:00:00,6.0
EIA_67728,2026-05-30 12:00:00,5.0
EIA_67735,2026-05-30 12:00:00,62.54413
EIA_67751,2026-05-30 12:00:00,0.5731848
EIA_67762,2026-05-30 12:00:00,7.591833
EIA_67765,2026-05-30 12:00:00,18.49791
EIA_67804,2026-05-30 12:00:00,0.44777942
EIA_67822,2026-05-30 12:00:00,0.44777521
EIA_67834,2026-05-30 12:00:00,48.0
EIA_67864,2026-05-30 12:00:00,8.130916
EIA_67867,2026-05-30 12:00:00,41.29146
EIA_67872,2026-05-30 12:00:00,28.210306
EIA_67873,2026-05-30 12:00:00,15.448094
EIA_67900,2026-05-30 12:00:00,1.7675292
EIA_67901,2026-05-30 12:00:00,0.66282344
EIA_67930,2026-05-30 12:00:00,200.0
EIA_67943,2026-05-30 12:00:00,1.015089
EIA_67957,2026-05-30 12:00:00,80.0
EIA_67965,2026-05-30 12:00:00,0.28837684
EIA_67969,2026-05-30 12:00:00,5.4433885
EIA_67979,2026-05-30 12:00:00,5.0
EIA_67997,2026-05-30 12:00:00,3.5130956
EIA_68008,2026-05-30 12:00:00,1.4191852
EIA_68010,2026-05-30 12:00:00,0.41305643
EIA_68025,2026-05-30 12:00:00,3.0
EIA_68026,2026-05-30 12:00:00,4.8
EIA_68037,2026-05-30 12:00:00,2.242751
EIA_68060,2026-05-30 12:00:00,10.39855
EIA_68077,2026-05-30 12:00:00,20.0
EIA_68088,2026-05-30 12:00:00,11.037396
EIA_68096,2026-05-30 12:00:00,3.0
EIA_68102,2026-05-30 12:00:00,1.8629166
EIA_68106,2026-05-30 12:00:00,5.3780394
EIA_68107,2026-05-30 12:00:00,6.5
EIA_68108,2026-05-30 12:00:00,0.6784058
EIA_68109,2026-05-30 12:00:00,0.12826774
EIA_68113,2026-05-30 12:00:00,2.3
EIA_68114,2026-05-30 12:00:00,6.5
EIA_68157,2026-05-30 12:00:00,0.18122344
EIA_68163,2026-05-30 12:00:00,0.24794361
EIA_68188,2026-05-30 12:00:00,0.7207612
EIA_68190,2026-05-30 12:00:00,0.7207612
EIA_68200,2026-05-30 12:00:00,9.084646
EIA_68223,2026-05-30 12:00:00,7.1397705
EIA_68235,2026-05-30 12:00:00,0.8644572
EIA_68259,2026-05-30 12:00:00,2.2113853
EIA_68276,2026-05-30 12:00:00,6.428037
EIA_68279,2026-05-30 12:00:00,1.1
EIA_68286,2026-05-30 12:00:00,4.9
EIA_68327,2026-05-30 12:00:00,2.0
EIA_68372,2026-05-30 12:00:00,8.000666
EIA_68398,2026-05-30 12:00:00,3.9375803
EIA_68418,2026-05-30 12:00:00,120.0
EIA_68431,2026-05-30 12:00:00,240.0
EIA_68458,2026-05-30 12:00:00,4.117617
EIA_68470,2026-05-30 12:00:00,71.78634
EIA_68472,2026-05-30 12:00:00,7.787975
EIA_68482,2026-05-30 12:00:00,49.9
EIA_68483,2026-05-30 12:00:00,13.209043
EIA_68489,2026-05-30 12:00:00,1.7063863
EIA_68516,2026-05-30 12:00:00,8.29134
EIA_68530,2026-05-30 12:00:00,0.4484485
EIA_68534,2026-05-30 12:00:00,35.20219
EIA_68536,2026-05-30 12:00:00,121.25503
EIA_68538,2026-05-30 12:00:00,1.9558873
EIA_68544,2026-05-30 12:00:00,1.7063763
EIA_68551,2026-05-30 12:00:00,13.751999
EIA_68595,2026-05-30 12:00:00,3.0841486
EIA_68615,2026-05-30 12:00:00,2.4
EIA_68670,2026-05-30 12:00:00,46.04189
EIA_68674,2026-05-30 12:00:00,1.3164756
EIA_68682,2026-05-30 12:00:00,0.529808
EIA_68706,2026-05-30 12:00:00,8.583987
EIA_68708,2026-05-30 12:00:00,4.2076244
EIA_68729,2026-05-30 12:00:00,0.36339208
EIA_68754,2026-05-30 12:00:00,0.79697347
EIA_68756,2026-05-30 12:00:00,2.7479005
EIA_68757,2026-05-30 12:00:00,0.37969482
EIA_68776,2026-05-30 12:00:00,9.025279
EIA_68803,2026-05-30 12:00:00,1.5
EIA_68817,2026-05-30 12:00:00,9.255774
EIA_68820,2026-05-30 12:00:00,70.31334
EIA_68822,2026-05-30 12:00:00,3.2089558
EIA_68823,2026-05-30 12:00:00,4.4160347
EIA_68838,2026-05-30 12:00:00,2.6677182
EIA_68856,2026-05-30 12:00:00,4.397038
EIA_68880,2026-05-30 12:00:00,13.9619665
EIA_68885,2026-05-30 12:00:00,3.0
EIA_68886,2026-05-30 12:00:00,3.0
EIA_68892,2026-05-30 12:00:00,1.4
EIA_68894,2026-05-30 12:00:00,150.0
EIA_68906,2026-05-30 12:00:00,15.012817
EIA_68919,2026-05-30 12:00:00,0.32669127
EIA_68921,2026-05-30 12:00:00,0.28273436
EIA_68927,2026-05-30 12:00:00,23.388111
EIA_68928,2026-05-30 12:00:00,10.8
EIA_68941,2026-05-30 12:00:00,0.52634305
EIA_68943,2026-05-30 12:00:00,1.7849667
EIA_68944,2026-05-30 12:00:00,1.7194096
EIA_68945,2026-05-30 12:00:00,1.148221
EIA_68957,2026-05-30 12:00:00,1.8747948
EIA_68960,2026-05-30 12:00:00,0.53114873
EIA_68964,2026-05-30 12:00:00,1.4420061
EIA_68966,2026-05-30 12:00:00,0.69265705
EIA_68971,2026-05-30 12:00:00,5.0
EIA_68991,2026-05-30 12:00:00,2.160934
EIA_68998,2026-05-30 12:00:00,66.9779
EIA_69002,2026-05-30 12:00:00,2.5198874
EIA_69009,2026-05-30 12:00:00,0.7408166
EIA_69014,2026-05-30 12:00:00,0.43796226
EIA_69015,2026-05-30 12:00:00,3.118281
EIA_69016,2026-05-30 12:00:00,1.5043972
EIA_69017,2026-05-30 12:00:00,1.5989053
EIA_69018,2026-05-30 12:00:00,5.0
EIA_69027,2026-05-30 12:00:00,17.190353
EIA_69031,2026-05-30 12:00:00,2.0
EIA_69032,2026-05-30 12:00:00,2.0606096
EIA_69033,2026-05-30 12:00:00,0.87908226
EIA_69043,2026-05-30 12:00:00,0.5707937
EIA_69046,2026-05-30 12:00:00,1.1761849
EIA_69048,2026-05-30 12:00:00,0.029805293
EIA_69051,2026-05-30 12:00:00,3.0
EIA_69063,2026-05-30 12:00:00,139.55249
EIA_69066,2026-05-30 12:00:00,2.6977527
EIA_69070,2026-05-30 12:00:00,0.5698144
EIA_69078,2026-05-30 12:00:00,1.5535125
EIA_69086,2026-05-30 12:00:00,0.9763716
EIA_69095,2026-05-30 12:00:00,0.56431115
EIA_69096,2026-05-30 12:00:00,0.3653243
EIA_69100,2026-05-30 12:00:00,96.55624
EIA_69101,2026-05-30 12:00:00,7.470102
EIA_69109,2026-05-30 12:00:00,1.4
EIA_69112,2026-05-30 12:00:00,1.3
EIA_69113,2026-05-30 12:00:00,2.7
EIA_69115,2026-05-30 12:00:00,0.044603113
EIA_69116,2026-05-30 12:00:00,1.8369002
EIA_69117,2026-05-30 12:00:00,0.73473126
EIA_69118,2026-05-30 12:00:00,0.0983207
EIA_69123,2026-05-30 12:00:00,0.59155005
EIA_69124,2026-05-30 12:00:00,0.2744616
EIA_69125,2026-05-30 12:00:00,0.33099568
EIA_69126,2026-05-30 12:00:00,0.042675175
EIA_69127,2026-05-30 12:00:00,0.0705481
EIA_69129,2026-05-30 12:00:00,0.27360106
EIA_69130,2026-05-30 12:00:00,4.0
EIA_69131,2026-05-30 12:00:00,0.46967986
EIA_69133,2026-05-30 12:00:00,0.71775365
EIA_69134,2026-05-30 12:00:00,0.5897146
EIA_69135,2026-05-30 12:00:00,1.0
EIA_69140,2026-05-30 12:00:00,1.3
EIA_69141,2026-05-30 12:00:00,4.0
EIA_69142,2026-05-30 12:00:00,0.5884613
EIA_69143,2026-05-30 12:00:00,13.17502
EIA_69145,2026-05-30 12:00:00,0.096722834
EIA_69153,2026-05-30 12:00:00,3.7837236
EIA_69154,2026-05-30 12:00:00,3.556619
EIA_69161,2026-05-30 12:00:00,0.97925425
EIA_69163,2026-05-30 12:00:00,2.0
EIA_69164,2026-05-30 12:00:00,20.041359
EIA_69166,2026-05-30 12:00:00,200.0
EIA_69172,2026-05-30 12:00:00,60.542217
EIA_69179,2026-05-30 12:00:00,5.0
EIA_69183,2026-05-30 12:00:00,1.0558162
EIA_69187,2026-05-30 12:00:00,5.7591863
EIA_69188,2026-05-30 12:00:00,2.9
EIA_69193,2026-05-30 12:00:00,1.5856131
EIA_69201,2026-05-30 12:00:00,1.2765955
EIA_69212,2026-05-30 12:00:00,0.50006425
EIA_69213,2026-05-30 12:00:00,1.0539722
EIA_69214,2026-05-30 12:00:00,1.0848538
EIA_69216,2026-05-30 12:00:00,0.50539714
EIA_69219,2026-05-30 12:00:00,0.57651293
EIA_69221,2026-05-30 12:00:00,1.2
EIA_69227,2026-05-30 12:00:00,0.5857425
EIA_69228,2026-05-30 12:00:00,0.91924745
EIA_69230,2026-05-30 12:00:00,1.040693
EIA_69235,2026-05-30 12:00:00,20.0
EIA_69236,2026-05-30 12:00:00,3.7454302
EIA_69240,2026-05-30 12:00:00,1.4731134
EIA_69241,2026-05-30 12:00:00,0.4984088
EIA_69243,2026-05-30 12:00:00,0.35529375
EIA_69247,2026-05-30 12:00:00,1.3
EIA_69261,2026-05-30 12:00:00,0.20077279
EIA_69263,2026-05-30 12:00:00,0.66185087
EIA_69265,2026-05-30 12:00:00,0.12362934
EIA_69273,2026-05-30 12:00:00,0.022325734
EIA_69280,2026-05-30 12:00:00,0.9281456
EIA_69281,2026-05-30 12:00:00,0.9281456
EIA_69284,2026-05-30 12:00:00,2.9
EIA_69285,2026-05-30 12:00:00,0.2673893
EIA_69289,2026-05-30 12:00:00,0.4885829
EIA_69303,2026-05-30 12:00:00,0.1779453
EIA_69304,2026-05-30 12:00:00,0.19524641
EIA_69306,2026-05-30 12:00:00,1.7302873
EIA_69307,2026-05-30 12:00:00,0.05391087
EIA_69314,2026-05-30 12:00:00,2.0
EIA_69315,2026-05-30 12:00:00,3.5704818
EIA_69316,2026-05-30 12:00:00,4.506887
EIA_69317,2026-05-30 12:00:00,2.010196
EIA_69319,2026-05-30 12:00:00,60.715412
EIA_69320,2026-05-30 12:00:00,66.22922
EIA_69321,2026-05-30 12:00:00,45.232983
EIA_69325,2026-05-30 12:00:00,0.38844088
EIA_69326,2026-05-30 12:00:00,0.38844088
EIA_69328,2026-05-30 12:00:00,4.1
EIA_69330,2026-05-30 12:00:00,2.5158231
EIA_69354,2026-05-30 12:00:00,46.601032
EIA_69355,2026-05-30 12:00:00,7.6971245
EIA_69368,2026-05-30 12:00:00,3.1155307
EIA_69374,2026-05-30 12:00:00,1.5
EIA_69378,2026-05-30 12:00:00,0.4201535
EIA_69379,2026-05-30 12:00:00,5.0
EIA_69380,2026-05-30 12:00:00,4.4
EIA_69381,2026-05-30 12:00:00,1.6
EIA_69382,2026-05-30 12:00:00,1.4
EIA_69386,2026-05-30 12:00:00,4.037855
EIA_69387,2026-05-30 12:00:00,4.1887183
EIA_69388,2026-05-30 12:00:00,63.006874
EIA_69389,2026-05-30 12:00:00,0.37442392
EIA_69390,2026-05-30 12:00:00,0.37442392
EIA_69391,2026-05-30 12:00:00,4.9
EIA_69395,2026-05-30 12:00:00,0.3451232
EIA_69396,2026-05-30 12:00:00,0.2518584
EIA_69397,2026-05-30 12:00:00,1.3296951
EIA_69398,2026-05-30 12:00:00,1.1663978
EIA_69399,2026-05-30 12:00:00,0.5251875
EIA_69400,2026-05-30 12:00:00,0.52470505
EIA_69401,2026-05-30 12:00:00,2.9311206
EIA_69402,2026-05-30 12:00:00,5.0
EIA_69405,2026-05-30 12:00:00,1.0821087
EIA_69406,2026-05-30 12:00:00,1.082109
EIA_69409,2026-05-30 12:00:00,0.4012097
EIA_69410,2026-05-30 12:00:00,0.3936543
EIA_69412,2026-05-30 12:00:00,0.23619257
EIA_69414,2026-05-30 12:00:00,47.98148
EIA_69419,2026-05-30 12:00:00,2.7153678
EIA_69420,2026-05-30 12:00:00,1.1057854
EIA_69421,2026-05-30 12:00:00,0.495266
EIA_69425,2026-05-30 12:00:00,0.6492652
EIA_69428,2026-05-30 12:00:00,76.69755
EIA_69430,2026-05-30 12:00:00,6.0
EIA_69431,2026-05-30 12:00:00,5.0
EIA_69432,2026-05-30 12:00:00,6.0
EIA_69433,2026-05-30 12:00:00,6.0
EIA_69434,2026-05-30 12:00:00,2.0
EIA_69439,2026-05-30 12:00:00,3.804628
EIA_69440,2026-05-30 12:00:00,3.4606097
EIA_69441,2026-05-30 12:00:00,1.914885
EIA_69442,2026-05-30 12:00:00,1.1610658
EIA_69443,2026-05-30 12:00:00,2.3
EIA_69447,2026-05-30 12:00:00,0.2823729
EIA_69448,2026-05-30 12:00:00,0.21467383
EIA_69476,2026-05-30 12:00:00,100.0
EIA_69483,2026-05-30 12:00:00,1.000109
EIA_69484,2026-05-30 12:00:00,0.38673958
EIA_69485,2026-05-30 12:00:00,2.383341
EIA_69486,2026-05-30 12:00:00,2.051065
EIA_69487,2026-05-30 12:00:00,0.6660732
EIA_69488,2026-05-30 12:00:00,2.5
EIA_69489,2026-05-30 12:00:00,0.4534455
EIA_69490,2026-05-30 12:00:00,1.1259283
EIA_69491,2026-05-30 12:00:00,0.6340749
EIA_69492,2026-05-30 12:00:00,0.34503826
EIA_69493,2026-05-30 12:00:00,1.1627854
EIA_69494,2026-05-30 12:00:00,2.4827437
EIA_69495,2026-05-30 12:00:00,0.55626154
EIA_69498,2026-05-30 12:00:00,7.817823
EIA_69499,2026-05-30 12:00:00,0.7800099
EIA_69500,2026-05-30 12:00:00,3.8
EIA_69501,2026-05-30 12:00:00,6.0
EIA_69502,2026-05-30 12:00:00,4.0
EIA_69503,2026-05-30 12:00:00,6.0
EIA_69505,2026-05-30 12:00:00,1.3768412
EIA_69525,2026-05-30 12:00:00,4.3
EIA_69526,2026-05-30 12:00:00,1.8893931
EIA_69527,2026-05-30 12:00:00,1.9031394
EIA_69531,2026-05-30 12:00:00,0.73464483
EIA_69536,2026-05-30 12:00:00,0.40169573
EIA_69538,2026-05-30 12:00:00,3.7904742
EIA_69542,2026-05-30 12:00:00,5.0
EIA_69543,2026-05-30 12:00:00,0.6743259
EIA_69544,2026-05-30 12:00:00,2.5
EIA_69545,2026-05-30 12:00:00,0.19362216
EIA_69546,2026-05-30 12:00:00,0.3708866
EIA_69550,2026-05-30 12:00:00,72.6635
EIA_69561,2026-05-30 12:00:00,4.0
EIA_69564,2026-05-30 12:00:00,0.33639672
EIA_69565,2026-05-30 12:00:00,3.0143123
EIA_69567,2026-05-30 12:00:00,1.9060186
EIA_69568,2026-05-30 12:00:00,0.0672144
EIA_69569,2026-05-30 12:00:00,1.1272855
EIA_69570,2026-05-30 12:00:00,12.0
EIA_69571,2026-05-30 12:00:00,3.9250743
EIA_69572,2026-05-30 12:00:00,1.0930777
EIA_69573,2026-05-30 12:00:00,2.0151014
EIA_69580,2026-05-30 12:00:00,0.02047386
EIA_69581,2026-05-30 12:00:00,0.16316625
EIA_69587,2026-05-30 12:00:00,0.22956757
EIA_69596,2026-05-30 12:00:00,4.0
EIA_69597,2026-05-30 12:00:00,5.0
EIA_69598,2026-05-30 12:00:00,0.21514975
EIA_69599,2026-05-30 12:00:00,0.24135815
EIA_69600,2026-05-30 12:00:00,1.1208471
EIA_69601,2026-05-30 12:00:00,0.4483388
EIA_69604,2026-05-30 12:00:00,18.234398
EIA_69612,2026-05-30 12:00:00,1.7188238
EIA_69613,2026-05-30 12:00:00,1.723371
EIA_69615,2026-05-30 12:00:00,1.7220861
EIA_69617,2026-05-30 12:00:00,0.7214541
EIA_69618,2026-05-30 12:00:00,1.156959
EIA_69621,2026-05-30 12:00:00,3.8881922
EIA_69622,2026-05-30 12:00:00,5.0
EIA_69623,2026-05-30 12:00:00,1.5579047
EIA_69624,2026-05-30 12:00:00,3.8947618
EIA_69630,2026-05-30 12:00:00,0.23190501
EIA_69645,2026-05-30 12:00:00,0.48934937
EIA_69646,2026-05-30 12:00:00,0.50911987
EIA_69651,2026-05-30 12:00:00,2.0
EIA_69652,2026-05-30 12:00:00,0.47228977
EIA_69653,2026-05-30 12:00:00,0.47228977
EIA_69655,2026-05-30 12:00:00,0.83373827
EIA_69656,2026-05-30 12:00:00,1.16244
EIA_69675,2026-05-30 12:00:00,149.47345
EIA_69676,2026-05-30 12:00:00,9.128171
EIA_69680,2026-05-30 12:00:00,109.68369
EIA_69683,2026-05-30 12:00:00,1.3
EIA_69686,2026-05-30 12:00:00,0.5520137
EIA_69692,2026-05-30 12:00:00,2.812089
EIA_69693,2026-05-30 12:00:00,0.15198666
EIA_69696,2026-05-30 12:00:00,0.7725938
EIA_69700,2026-05-30 12:00:00,0.56808084
EIA_69703,2026-05-30 12:00:00,3.3
EIA_69705,2026-05-30 12:00:00,0.1059079
EIA_69707,2026-05-30 12:00:00,0.25178495
EIA_69709,2026-05-30 12:00:00,0.07266169
EIA_69714,2026-05-30 12:00:00,0.5226166
EIA_69715,2026-05-30 12:00:00,0.07266169
EIA_69716,2026-05-30 12:00:00,4.0
EIA_69717,2026-05-30 12:00:00,0.42527696
EIA_69718,2026-05-30 12:00:00,0.4082659
EIA_69719,2026-05-30 12:00:00,2.8
EIA_69729,2026-05-30 12:00:00,0.38979214
EIA_69731,2026-05-30 12:00:00,1.3
EIA_69732,2026-05-30 12:00:00,0.49541396
EIA_69733,2026-05-30 12:00:00,0.44587758
EIA_69735,2026-05-30 12:00:00,2.505252
EIA_69736,2026-05-30 12:00:00,0.53056324
EIA_69739,2026-05-30 12:00:00,0.83783674
EIA_69744,2026-05-30 12:00:00,1.0842869
EIA_69746,2026-05-30 12:00:00,0.24184194
EIA_69754,2026-05-30 12:00:00,2.1454778
EIA_69774,2026-05-30 12:00:00,0.8675622
EIA_69800,2026-05-30 12:00:00,0.7939988
EIA_69801,2026-05-30 12:00:00,0.24462487
EIA_69802,2026-05-30 12:00:00,0.21488267
EIA_69822,2026-05-30 12:00:00,1.0
EIA_69824,2026-05-30 12:00:00,0.039714467
EIA_69863,2026-05-30 12:00:00,2.6921148
EIA_69875,2026-05-30 12:00:00,117.0
EIA_141,2026-05-30 13:00:00,0.118360795
EIA_960,2026-05-30 13:00:00,0.16846074
EIA_1172,2026-05-30 13:00:00,0.22475293
EIA_1187,2026-05-30 13:00:00,0.17407824
EIA_10224,2026-05-30 13:00:00,0.4911764
EIA_10823,2026-05-30 13:00:00,0.1
EIA_50026,2026-05-30 13:00:00,16.611475
EIA_56322,2026-05-30 13:00:00,0.30171114
EIA_57775,2026-05-30 13:00:00,0.2639945
EIA_58173,2026-05-30 13:00:00,0.015015727
EIA_58413,2026-05-30 13:00:00,34.0983
EIA_58556,2026-05-30 13:00:00,10.1
EIA_58689,2026-05-30 13:00:00,1.3
EIA_58899,2026-05-30 13:00:00,0.4810294
EIA_59133,2026-05-30 13:00:00,0.12464906
EIA_59272,2026-05-30 13:00:00,0.29892173
EIA_59776,2026-05-30 13:00:00,0.15762627
EIA_59786,2026-05-30 13:00:00,2.0197637
EIA_59988,2026-05-30 13:00:00,1.1
EIA_60452,2026-05-30 13:00:00,2.6177874
EIA_61703,2026-05-30 13:00:00,0.028232623
EIA_61796,2026-05-30 13:00:00,20.0
EIA_61820,2026-05-30 13:00:00,0.45477825
EIA_61822,2026-05-30 13:00:00,0.2
EIA_61852,2026-05-30 13:00:00,160.47502
EIA_61910,2026-05-30 13:00:00,7.0
EIA_61967,2026-05-30 13:00:00,125.0
EIA_61990,2026-05-30 13:00:00,0.08563328
EIA_62027,2026-05-30 13:00:00,0.4273395
EIA_62186,2026-05-30 13:00:00,0.2384528
EIA_62344,2026-05-30 13:00:00,0.24738532
EIA_62397,2026-05-30 13:00:00,0.2157572
EIA_62442,2026-05-30 13:00:00,0.07305692
EIA_62494,2026-05-30 13:00:00,250.0
EIA_62737,2026-05-30 13:00:00,1.2477844
EIA_62797,2026-05-30 13:00:00,100.0
EIA_63122,2026-05-30 13:00:00,0.16425544
EIA_63194,2026-05-30 13:00:00,16.279867
EIA_63211,2026-05-30 13:00:00,9.165931
EIA_63221,2026-05-30 13:00:00,0.17337401
EIA_63507,2026-05-30 13:00:00,25.588078
EIA_63518,2026-05-30 13:00:00,18.650486
EIA_63542,2026-05-30 13:00:00,0.3571489
EIA_63882,2026-05-30 13:00:00,27.420193
EIA_63884,2026-05-30 13:00:00,24.289614
EIA_63946,2026-05-30 13:00:00,1.2322553
EIA_64117,2026-05-30 13:00:00,2.26407
EIA_64132,2026-05-30 13:00:00,37.003628
EIA_64210,2026-05-30 13:00:00,57.96584
EIA_64222,2026-05-30 13:00:00,0.7
EIA_64223,2026-05-30 13:00:00,0.7
EIA_64430,2026-05-30 13:00:00,22.499819
EIA_64442,2026-05-30 13:00:00,0.08971732
EIA_64446,2026-05-30 13:00:00,0.04186003
EIA_64509,2026-05-30 13:00:00,0.18333493
EIA_64512,2026-05-30 13:00:00,0.27617034
EIA_64513,2026-05-30 13:00:00,0.21677412
EIA_64536,2026-05-30 13:00:00,30.001637
EIA_64564,2026-05-30 13:00:00,57.21185
EIA_64567,2026-05-30 13:00:00,20.0
EIA_64729,2026-05-30 13:00:00,0.16510347
EIA_64745,2026-05-30 13:00:00,150.0
EIA_64858,2026-05-30 13:00:00,102.39316
EIA_65006,2026-05-30 13:00:00,0.38243666
EIA_65024,2026-05-30 13:00:00,0.12143118
EIA_65139,2026-05-30 13:00:00,0.22606897
EIA_65149,2026-05-30 13:00:00,0.7564959
EIA_65279,2026-05-30 13:00:00,1.1196747
EIA_65401,2026-05-30 13:00:00,38.67408
EIA_65405,2026-05-30 13:00:00,8.492259
EIA_65442,2026-05-30 13:00:00,0.19408005
EIA_65443,2026-05-30 13:00:00,0.87920934
EIA_65445,2026-05-30 13:00:00,177.0
EIA_65463,2026-05-30 13:00:00,69.922165
EIA_65468,2026-05-30 13:00:00,0.5
EIA_65480,2026-05-30 13:00:00,145.0
EIA_65508,2026-05-30 13:00:00,1.3884825
EIA_65515,2026-05-30 13:00:00,0.23221827
EIA_65516,2026-05-30 13:00:00,0.23221833
EIA_65572,2026-05-30 13:00:00,250.0
EIA_65644,2026-05-30 13:00:00,43.142544
EIA_65659,2026-05-30 13:00:00,1.0
EIA_65827,2026-05-30 13:00:00,0.5990029
EIA_65849,2026-05-30 13:00:00,34.13094
EIA_65885,2026-05-30 13:00:00,13.824317
EIA_65887,2026-05-30 13:00:00,3.0319436
EIA_65888,2026-05-30 13:00:00,74.5
EIA_65891,2026-05-30 13:00:00,131.0
EIA_65894,2026-05-30 13:00:00,41.78958
EIA_65905,2026-05-30 13:00:00,9.657467
EIA_65911,2026-05-30 13:00:00,74.5
EIA_65913,2026-05-30 13:00:00,9.21023
EIA_66027,2026-05-30 13:00:00,17.354858
EIA_66107,2026-05-30 13:00:00,20.0
EIA_66256,2026-05-30 13:00:00,5.0
EIA_66352,2026-05-30 13:00:00,0.3501822
EIA_66356,2026-05-30 13:00:00,1.5988365
EIA_66432,2026-05-30 13:00:00,1.9263157
EIA_66433,2026-05-30 13:00:00,0.47726178
EIA_66435,2026-05-30 13:00:00,0.19408035
EIA_66449,2026-05-30 13:00:00,0.7149958
EIA_66495,2026-05-30 13:00:00,1.1509262
EIA_66520,2026-05-30 13:00:00,0.3207535
EIA_66523,2026-05-30 13:00:00,1.0812603
EIA_66647,2026-05-30 13:00:00,100.0
EIA_66649,2026-05-30 13:00:00,18.612932
EIA_66654,2026-05-30 13:00:00,2.0
EIA_66656,2026-05-30 13:00:00,2.0
EIA_66670,2026-05-30 13:00:00,80.21945
EIA_66681,2026-05-30 13:00:00,44.94435
EIA_66688,2026-05-30 13:00:00,151.89622
EIA_66739,2026-05-30 13:00:00,1.5
EIA_66740,2026-05-30 13:00:00,1.5
EIA_66756,2026-05-30 13:00:00,40.8
EIA_66760,2026-05-30 13:00:00,3.0
EIA_66774,2026-05-30 13:00:00,169.04623
EIA_66775,2026-05-30 13:00:00,82.10987
EIA_66827,2026-05-30 13:00:00,0.44072032
EIA_66840,2026-05-30 13:00:00,51.1
EIA_66842,2026-05-30 13:00:00,64.0
EIA_66844,2026-05-30 13:00:00,150.0
EIA_66860,2026-05-30 13:00:00,100.0
EIA_66872,2026-05-30 13:00:00,13.859651
EIA_66886,2026-05-30 13:00:00,1.7994593
EIA_66897,2026-05-30 13:00:00,97.5
EIA_66899,2026-05-30 13:00:00,5.8
EIA_66903,2026-05-30 13:00:00,310.0
EIA_66983,2026-05-30 13:00:00,6.104482
EIA_67007,2026-05-30 13:00:00,20.0
EIA_67022,2026-05-30 13:00:00,175.0
EIA_67033,2026-05-30 13:00:00,3.8
EIA_67038,2026-05-30 13:00:00,40.478725
EIA_67046,2026-05-30 13:00:00,25.966015
EIA_67075,2026-05-30 13:00:00,200.0
EIA_67076,2026-05-30 13:00:00,33.898037
EIA_67080,2026-05-30 13:00:00,0.60193646
EIA_67086,2026-05-30 13:00:00,1.8
EIA_67124,2026-05-30 13:00:00,0.41578642
EIA_67125,2026-05-30 13:00:00,0.34908402
EIA_67126,2026-05-30 13:00:00,1.6905265
EIA_67129,2026-05-30 13:00:00,10.424271
EIA_67133,2026-05-30 13:00:00,0.6573469
EIA_67135,2026-05-30 13:00:00,0.8920148
EIA_67158,2026-05-30 13:00:00,0.4661363
EIA_67174,2026-05-30 13:00:00,0.45810324
EIA_67177,2026-05-30 13:00:00,50.624325
EIA_67201,2026-05-30 13:00:00,9.8
EIA_67204,2026-05-30 13:00:00,95.66853
EIA_67216,2026-05-30 13:00:00,17.176294
EIA_67217,2026-05-30 13:00:00,16.790316
EIA_67218,2026-05-30 13:00:00,12.43728
EIA_67219,2026-05-30 13:00:00,20.0
EIA_67254,2026-05-30 13:00:00,0.72899854
EIA_67255,2026-05-30 13:00:00,0.8467715
EIA_67256,2026-05-30 13:00:00,2.0
EIA_67322,2026-05-30 13:00:00,11.2
EIA_67374,2026-05-30 13:00:00,5.0
EIA_67391,2026-05-30 13:00:00,4.0
EIA_67412,2026-05-30 13:00:00,1.0755726
EIA_67421,2026-05-30 13:00:00,84.4
EIA_67437,2026-05-30 13:00:00,3.4773753
EIA_67447,2026-05-30 13:00:00,0.19326049
EIA_67469,2026-05-30 13:00:00,0.34000766
EIA_67474,2026-05-30 13:00:00,160.7917
EIA_67490,2026-05-30 13:00:00,5.6
EIA_67497,2026-05-30 13:00:00,84.71889
EIA_67503,2026-05-30 13:00:00,104.73321
EIA_67511,2026-05-30 13:00:00,169.43777
EIA_67528,2026-05-30 13:00:00,11.230395
EIA_67532,2026-05-30 13:00:00,5.0
EIA_67539,2026-05-30 13:00:00,1.6
EIA_67540,2026-05-30 13:00:00,2.3
EIA_67546,2026-05-30 13:00:00,0.31849143
EIA_67554,2026-05-30 13:00:00,1.1535734
EIA_67583,2026-05-30 13:00:00,1.3
EIA_67584,2026-05-30 13:00:00,1.226986
EIA_67597,2026-05-30 13:00:00,11.8
EIA_67600,2026-05-30 13:00:00,1.2450129
EIA_67623,2026-05-30 13:00:00,2.0
EIA_67624,2026-05-30 13:00:00,1.3328785
EIA_67628,2026-05-30 13:00:00,1.3333185
EIA_67644,2026-05-30 13:00:00,2.1732378
EIA_67675,2026-05-30 13:00:00,20.79001
EIA_67678,2026-05-30 13:00:00,140.0
EIA_67684,2026-05-30 13:00:00,1.0259097
EIA_67686,2026-05-30 13:00:00,4.2551146
EIA_67687,2026-05-30 13:00:00,1.4554973
EIA_67688,2026-05-30 13:00:00,0.5413759
EIA_67703,2026-05-30 13:00:00,1.1018891
EIA_67704,2026-05-30 13:00:00,1.4
EIA_67705,2026-05-30 13:00:00,2.3
EIA_67713,2026-05-30 13:00:00,4.0
EIA_67714,2026-05-30 13:00:00,0.9051186
EIA_67715,2026-05-30 13:00:00,0.83447975
EIA_67716,2026-05-30 13:00:00,0.7927577
EIA_67717,2026-05-30 13:00:00,1.6846504
EIA_67718,2026-05-30 13:00:00,1.1561145
EIA_67719,2026-05-30 13:00:00,1.2169687
EIA_67727,2026-05-30 13:00:00,6.0
EIA_67728,2026-05-30 13:00:00,5.0
EIA_67735,2026-05-30 13:00:00,51.08794
EIA_67751,2026-05-30 13:00:00,1.5579218
EIA_67762,2026-05-30 13:00:00,19.40982
EIA_67765,2026-05-30 13:00:00,35.68313
EIA_67797,2026-05-30 13:00:00,105.211205
EIA_67804,2026-05-30 13:00:00,1.3958747
EIA_67822,2026-05-30 13:00:00,1.3958671
EIA_67823,2026-05-30 13:00:00,163.35313
EIA_67834,2026-05-30 13:00:00,48.0
EIA_67850,2026-05-30 13:00:00,15.504964
EIA_67864,2026-05-30 13:00:00,8.155422
EIA_67867,2026-05-30 13:00:00,67.2
EIA_67872,2026-05-30 13:00:00,123.679596
EIA_67873,2026-05-30 13:00:00,53.26417
EIA_67900,2026-05-30 13:00:00,0.6779392
EIA_67901,2026-05-30 13:00:00,0.2542272
EIA_67930,2026-05-30 13:00:00,146.83241
EIA_67943,2026-05-30 13:00:00,2.8793774
EIA_67957,2026-05-30 13:00:00,61.157185
EIA_67964,2026-05-30 13:00:00,82.00084
EIA_67965,2026-05-30 13:00:00,1.2218418
EIA_67969,2026-05-30 13:00:00,7.393363
EIA_67979,2026-05-30 13:00:00,5.0
EIA_67997,2026-05-30 13:00:00,5.035804
EIA_68008,2026-05-30 13:00:00,1.5536205
EIA_68010,2026-05-30 13:00:00,2.7823887
EIA_68025,2026-05-30 13:00:00,1.5375253
EIA_68026,2026-05-30 13:00:00,2.4600616
EIA_68037,2026-05-30 13:00:00,0.998904
EIA_68060,2026-05-30 13:00:00,13.346752
EIA_68077,2026-05-30 13:00:00,20.0
EIA_68088,2026-05-30 13:00:00,18.174168
EIA_68096,2026-05-30 13:00:00,2.478121
EIA_68102,2026-05-30 13:00:00,2.0735884
EIA_68106,2026-05-30 13:00:00,10.424271
EIA_68107,2026-05-30 13:00:00,6.5
EIA_68108,2026-05-30 13:00:00,2.043103
EIA_68109,2026-05-30 13:00:00,0.35245833
EIA_68113,2026-05-30 13:00:00,2.3
EIA_68114,2026-05-30 13:00:00,6.5
EIA_68157,2026-05-30 13:00:00,0.28155053
EIA_68163,2026-05-30 13:00:00,1.5263779
EIA_68188,2026-05-30 13:00:00,1.6741349
EIA_68190,2026-05-30 13:00:00,1.6741859
EIA_68200,2026-05-30 13:00:00,38.47635
EIA_68223,2026-05-30 13:00:00,6.1830215
EIA_68235,2026-05-30 13:00:00,1.1
EIA_68259,2026-05-30 13:00:00,3.3
EIA_68276,2026-05-30 13:00:00,11.175893
EIA_68279,2026-05-30 13:00:00,1.1
EIA_68281,2026-05-30 13:00:00,189.33362
EIA_68286,2026-05-30 13:00:00,4.9
EIA_68327,2026-05-30 13:00:00,1.7883793
EIA_68372,2026-05-30 13:00:00,22.271416
EIA_68398,2026-05-30 13:00:00,4.059978
EIA_68418,2026-05-30 13:00:00,120.0
EIA_68431,2026-05-30 13:00:00,240.0
EIA_68458,2026-05-30 13:00:00,25.673315
EIA_68470,2026-05-30 13:00:00,37.019897
EIA_68472,2026-05-30 13:00:00,6.173573
EIA_68482,2026-05-30 13:00:00,49.9
EIA_68483,2026-05-30 13:00:00,225.0
EIA_68488,2026-05-30 13:00:00,78.74568
EIA_68489,2026-05-30 13:00:00,2.0
EIA_68516,2026-05-30 13:00:00,7.111047
EIA_68530,2026-05-30 13:00:00,1.1926903
EIA_68534,2026-05-30 13:00:00,150.0
EIA_68536,2026-05-30 13:00:00,200.0
EIA_68537,2026-05-30 13:00:00,4.055298
EIA_68538,2026-05-30 13:00:00,2.3
EIA_68544,2026-05-30 13:00:00,2.0
EIA_68551,2026-05-30 13:00:00,19.198933
EIA_68587,2026-05-30 13:00:00,6.875144
EIA_68588,2026-05-30 13:00:00,6.875144
EIA_68595,2026-05-30 13:00:00,14.991841
EIA_68615,2026-05-30 13:00:00,1.4651308
EIA_68670,2026-05-30 13:00:00,61.457867
EIA_68674,2026-05-30 13:00:00,0.5844059
EIA_68682,2026-05-30 13:00:00,0.23738393
EIA_68706,2026-05-30 13:00:00,10.0
EIA_68708,2026-05-30 13:00:00,4.121551
EIA_68729,2026-05-30 13:00:00,0.5126883
EIA_68754,2026-05-30 13:00:00,4.3
EIA_68756,2026-05-30 13:00:00,2.358645
EIA_68757,2026-05-30 13:00:00,1.0463594
EIA_68776,2026-05-30 13:00:00,51.661556
EIA_68803,2026-05-30 13:00:00,1.5
EIA_68817,2026-05-30 13:00:00,10.108003
EIA_68820,2026-05-30 13:00:00,56.506023
EIA_68822,2026-05-30 13:00:00,23.000502
EIA_68823,2026-05-30 13:00:00,13.107124
EIA_68838,2026-05-30 13:00:00,274.0132
EIA_68846,2026-05-30 13:00:00,14.0673485
EIA_68856,2026-05-30 13:00:00,33.010265
EIA_68880,2026-05-30 13:00:00,28.408346
EIA_68885,2026-05-30 13:00:00,3.0
EIA_68886,2026-05-30 13:00:00,3.0
EIA_68892,2026-05-30 13:00:00,1.4
EIA_68894,2026-05-30 13:00:00,150.0
EIA_68906,2026-05-30 13:00:00,44.197994
EIA_68919,2026-05-30 13:00:00,1.5737184
EIA_68921,2026-05-30 13:00:00,1.0425545
EIA_68927,2026-05-30 13:00:00,25.0
EIA_68928,2026-05-30 13:00:00,10.297505
EIA_68941,2026-05-30 13:00:00,1.5
EIA_68943,2026-05-30 13:00:00,5.0
EIA_68944,2026-05-30 13:00:00,5.0
EIA_68945,2026-05-30 13:00:00,2.5
EIA_68957,2026-05-30 13:00:00,5.0
EIA_68960,2026-05-30 13:00:00,0.6206631
EIA_68964,2026-05-30 13:00:00,3.9
EIA_68966,2026-05-30 13:00:00,0.4057949
EIA_68971,2026-05-30 13:00:00,5.0
EIA_68991,2026-05-30 13:00:00,5.0
EIA_68998,2026-05-30 13:00:00,49.324715
EIA_69002,2026-05-30 13:00:00,2.9445016
EIA_69009,2026-05-30 13:00:00,2.0
EIA_69014,2026-05-30 13:00:00,0.26721513
EIA_69015,2026-05-30 13:00:00,4.746645
EIA_69016,2026-05-30 13:00:00,4.5
EIA_69017,2026-05-30 13:00:00,3.7
EIA_69018,2026-05-30 13:00:00,5.0
EIA_69027,2026-05-30 13:00:00,13.706702
EIA_69031,2026-05-30 13:00:00,2.0
EIA_69032,2026-05-30 13:00:00,1.5190579
EIA_69033,2026-05-30 13:00:00,2.8088565
EIA_69042,2026-05-30 13:00:00,10.8
EIA_69043,2026-05-30 13:00:00,1.5352688
EIA_69046,2026-05-30 13:00:00,2.0
EIA_69048,2026-05-30 13:00:00,0.07991685
EIA_69051,2026-05-30 13:00:00,3.0
EIA_69061,2026-05-30 13:00:00,4.6908684
EIA_69062,2026-05-30 13:00:00,4.6968904
EIA_69063,2026-05-30 13:00:00,200.0
EIA_69066,2026-05-30 13:00:00,5.0
EIA_69070,2026-05-30 13:00:00,1.5875933
EIA_69078,2026-05-30 13:00:00,2.5754938
EIA_69086,2026-05-30 13:00:00,2.4944456
EIA_69095,2026-05-30 13:00:00,2.0847566
EIA_69096,2026-05-30 13:00:00,0.70482147
EIA_69100,2026-05-30 13:00:00,325.0
EIA_69101,2026-05-30 13:00:00,105.30952
EIA_69103,2026-05-30 13:00:00,4.7907987
EIA_69104,2026-05-30 13:00:00,4.784513
EIA_69106,2026-05-30 13:00:00,4.4972415
EIA_69107,2026-05-30 13:00:00,2.3968165
EIA_69109,2026-05-30 13:00:00,1.4
EIA_69112,2026-05-30 13:00:00,1.3
EIA_69113,2026-05-30 13:00:00,2.7
EIA_69115,2026-05-30 13:00:00,0.16985542
EIA_69116,2026-05-30 13:00:00,2.5
EIA_69117,2026-05-30 13:00:00,1.0
EIA_69118,2026-05-30 13:00:00,0.07223294
EIA_69123,2026-05-30 13:00:00,0.95743644
EIA_69124,2026-05-30 13:00:00,0.25152233
EIA_69125,2026-05-30 13:00:00,0.22432199
EIA_69126,2026-05-30 13:00:00,0.07897115
EIA_69127,2026-05-30 13:00:00,0.07488896
EIA_69129,2026-05-30 13:00:00,0.09697998
EIA_69130,2026-05-30 13:00:00,0.5577986
EIA_69131,2026-05-30 13:00:00,0.3305867
EIA_69132,2026-05-30 13:00:00,0.016162746
EIA_69133,2026-05-30 13:00:00,0.65955114
EIA_69134,2026-05-30 13:00:00,1.1199478
EIA_69135,2026-05-30 13:00:00,1.0
EIA_69140,2026-05-30 13:00:00,1.3
EIA_69141,2026-05-30 13:00:00,4.0
EIA_69142,2026-05-30 13:00:00,0.9031466
EIA_69143,2026-05-30 13:00:00,8.923276
EIA_69145,2026-05-30 13:00:00,0.084507614
EIA_69153,2026-05-30 13:00:00,4.8755383
EIA_69154,2026-05-30 13:00:00,4.5829487
EIA_69161,2026-05-30 13:00:00,1.0692248
EIA_69163,2026-05-30 13:00:00,2.0
EIA_69164,2026-05-30 13:00:00,27.470142
EIA_69166,2026-05-30 13:00:00,200.0
EIA_69172,2026-05-30 13:00:00,27.506966
EIA_69179,2026-05-30 13:00:00,0.463193
EIA_69183,2026-05-30 13:00:00,0.8990847
EIA_69187,2026-05-30 13:00:00,15.733874
EIA_69188,2026-05-30 13:00:00,2.9
EIA_69192,2026-05-30 13:00:00,1.5631547
EIA_69193,2026-05-30 13:00:00,2.4756718
EIA_69201,2026-05-30 13:00:00,1.8368033
EIA_69210,2026-05-30 13:00:00,0.04349935
EIA_69212,2026-05-30 13:00:00,2.7691367
EIA_69213,2026-05-30 13:00:00,3.8999243
EIA_69214,2026-05-30 13:00:00,1.0930411
EIA_69216,2026-05-30 13:00:00,1.3137769
EIA_69219,2026-05-30 13:00:00,1.1632023
EIA_69221,2026-05-30 13:00:00,1.2
EIA_69227,2026-05-30 13:00:00,0.6567195
EIA_69228,2026-05-30 13:00:00,3.93828
EIA_69230,2026-05-30 13:00:00,3.3679674
EIA_69235,2026-05-30 13:00:00,20.0
EIA_69236,2026-05-30 13:00:00,5.076547
EIA_69240,2026-05-30 13:00:00,5.0
EIA_69241,2026-05-30 13:00:00,1.4350876
EIA_69243,2026-05-30 13:00:00,0.8673483
EIA_69247,2026-05-30 13:00:00,1.0679923
EIA_69248,2026-05-30 13:00:00,0.49536687
EIA_69261,2026-05-30 13:00:00,1.8022571
EIA_69263,2026-05-30 13:00:00,3.6072488
EIA_69265,2026-05-30 13:00:00,0.6096221
EIA_69273,2026-05-30 13:00:00,0.08126849
EIA_69280,2026-05-30 13:00:00,1.3801467
EIA_69281,2026-05-30 13:00:00,1.3801168
EIA_69284,2026-05-30 13:00:00,1.0837879
EIA_69285,2026-05-30 13:00:00,0.7248896
EIA_69287,2026-05-30 13:00:00,9.831392
EIA_69288,2026-05-30 13:00:00,0.4744129
EIA_69289,2026-05-30 13:00:00,6.827439
EIA_69303,2026-05-30 13:00:00,0.48283854
EIA_69304,2026-05-30 13:00:00,0.27822202
EIA_69306,2026-05-30 13:00:00,0.8476361
EIA_69307,2026-05-30 13:00:00,0.24325386
EIA_69314,2026-05-30 13:00:00,2.0
EIA_69315,2026-05-30 13:00:00,4.1865544
EIA_69316,2026-05-30 13:00:00,5.0
EIA_69317,2026-05-30 13:00:00,2.8699977
EIA_69319,2026-05-30 13:00:00,200.0
EIA_69320,2026-05-30 13:00:00,240.04935
EIA_69321,2026-05-30 13:00:00,149.0
EIA_69325,2026-05-30 13:00:00,1.2994239
EIA_69326,2026-05-30 13:00:00,1.2994239
EIA_69328,2026-05-30 13:00:00,4.1
EIA_69330,2026-05-30 13:00:00,1.8244537
EIA_69354,2026-05-30 13:00:00,58.236057
EIA_69355,2026-05-30 13:00:00,26.938557
EIA_69368,2026-05-30 13:00:00,4.5
EIA_69374,2026-05-30 13:00:00,1.5
EIA_69378,2026-05-30 13:00:00,0.72100645
EIA_69379,2026-05-30 13:00:00,5.0
EIA_69380,2026-05-30 13:00:00,4.4
EIA_69381,2026-05-30 13:00:00,1.6
EIA_69382,2026-05-30 13:00:00,1.4
EIA_69386,2026-05-30 13:00:00,1.1678164
EIA_69387,2026-05-30 13:00:00,4.610234
EIA_69388,2026-05-30 13:00:00,98.20145
EIA_69389,2026-05-30 13:00:00,1.4170556
EIA_69390,2026-05-30 13:00:00,1.4170556
EIA_69391,2026-05-30 13:00:00,0.45390624
EIA_69395,2026-05-30 13:00:00,0.5333129
EIA_69396,2026-05-30 13:00:00,0.39237866
EIA_69397,2026-05-30 13:00:00,1.4050654
EIA_69398,2026-05-30 13:00:00,0.90406936
EIA_69399,2026-05-30 13:00:00,0.8115426
EIA_69400,2026-05-30 13:00:00,0.8175557
EIA_69401,2026-05-30 13:00:00,1.7065083
EIA_69402,2026-05-30 13:00:00,3.7390265
EIA_69405,2026-05-30 13:00:00,3.1672447
EIA_69406,2026-05-30 13:00:00,3.1674154
EIA_69408,2026-05-30 13:00:00,0.049911786
EIA_69409,2026-05-30 13:00:00,1.424495
EIA_69410,2026-05-30 13:00:00,1.7290026
EIA_69412,2026-05-30 13:00:00,1.0374016
EIA_69414,2026-05-30 13:00:00,95.58784
EIA_69419,2026-05-30 13:00:00,4.143589
EIA_69420,2026-05-30 13:00:00,0.40425497
EIA_69421,2026-05-30 13:00:00,0.994213
EIA_69425,2026-05-30 13:00:00,1.9003475
EIA_69428,2026-05-30 13:00:00,199.79901
EIA_69430,2026-05-30 13:00:00,6.0
EIA_69431,2026-05-30 13:00:00,5.0
EIA_69432,2026-05-30 13:00:00,6.0
EIA_69433,2026-05-30 13:00:00,6.0
EIA_69434,2026-05-30 13:00:00,2.0
EIA_69439,2026-05-30 13:00:00,4.9072213
EIA_69440,2026-05-30 13:00:00,3.3373737
EIA_69441,2026-05-30 13:00:00,1.5762988
EIA_69442,2026-05-30 13:00:00,2.0167542
EIA_69443,2026-05-30 13:00:00,1.8842347
EIA_69447,2026-05-30 13:00:00,0.44905472
EIA_69448,2026-05-30 13:00:00,0.63425565
EIA_69476,2026-05-30 13:00:00,100.0
EIA_69483,2026-05-30 13:00:00,2.8
EIA_69484,2026-05-30 13:00:00,1.0841644
EIA_69485,2026-05-30 13:00:00,2.020728
EIA_69486,2026-05-30 13:00:00,2.203277
EIA_69487,2026-05-30 13:00:00,0.4143423
EIA_69488,2026-05-30 13:00:00,2.4247532
EIA_69489,2026-05-30 13:00:00,1.7638478
EIA_69490,2026-05-30 13:00:00,0.903693
EIA_69491,2026-05-30 13:00:00,2.5
EIA_69492,2026-05-30 13:00:00,1.9744158
EIA_69493,2026-05-30 13:00:00,2.5
EIA_69494,2026-05-30 13:00:00,2.5
EIA_69495,2026-05-30 13:00:00,1.9117357
EIA_69498,2026-05-30 13:00:00,8.8
EIA_69499,2026-05-30 13:00:00,3.1620507
EIA_69500,2026-05-30 13:00:00,3.8
EIA_69501,2026-05-30 13:00:00,6.0
EIA_69502,2026-05-30 13:00:00,4.0
EIA_69503,2026-05-30 13:00:00,6.0
EIA_69505,2026-05-30 13:00:00,7.062659
EIA_69518,2026-05-30 13:00:00,0.5859725
EIA_69519,2026-05-30 13:00:00,0.87895817
EIA_69525,2026-05-30 13:00:00,4.3
EIA_69526,2026-05-30 13:00:00,1.6868892
EIA_69527,2026-05-30 13:00:00,2.6976569
EIA_69528,2026-05-30 13:00:00,3.0
EIA_69529,2026-05-30 13:00:00,5.0
EIA_69530,2026-05-30 13:00:00,4.3048325
EIA_69531,2026-05-30 13:00:00,1.5029792
EIA_69532,2026-05-30 13:00:00,2.7743616
EIA_69536,2026-05-30 13:00:00,0.4435805
EIA_69538,2026-05-30 13:00:00,6.241392
EIA_69542,2026-05-30 13:00:00,5.0
EIA_69543,2026-05-30 13:00:00,1.1943915
EIA_69544,2026-05-30 13:00:00,1.59403
EIA_69545,2026-05-30 13:00:00,0.6793169
EIA_69546,2026-05-30 13:00:00,0.5572756
EIA_69550,2026-05-30 13:00:00,117.0
EIA_69557,2026-05-30 13:00:00,4.628252
EIA_69561,2026-05-30 13:00:00,4.0
EIA_69564,2026-05-30 13:00:00,0.60054827
EIA_69565,2026-05-30 13:00:00,1.3659741
EIA_69567,2026-05-30 13:00:00,3.0
EIA_69568,2026-05-30 13:00:00,1.0
EIA_69569,2026-05-30 13:00:00,5.0
EIA_69570,2026-05-30 13:00:00,12.0
EIA_69571,2026-05-30 13:00:00,2.322618
EIA_69572,2026-05-30 13:00:00,2.5787241
EIA_69573,2026-05-30 13:00:00,4.1695952
EIA_69580,2026-05-30 13:00:00,0.14275879
EIA_69581,2026-05-30 13:00:00,0.29938304
EIA_69587,2026-05-30 13:00:00,0.29751933
EIA_69596,2026-05-30 13:00:00,0.5266828
EIA_69597,2026-05-30 13:00:00,0.6583434
EIA_69598,2026-05-30 13:00:00,0.44023067
EIA_69599,2026-05-30 13:00:00,0.4760368
EIA_69600,2026-05-30 13:00:00,1.6386677
EIA_69601,2026-05-30 13:00:00,0.65546805
EIA_69604,2026-05-30 13:00:00,19.9
EIA_69612,2026-05-30 13:00:00,5.0
EIA_69613,2026-05-30 13:00:00,5.0
EIA_69615,2026-05-30 13:00:00,5.0
EIA_69617,2026-05-30 13:00:00,2.8
EIA_69618,2026-05-30 13:00:00,4.2684073
EIA_69621,2026-05-30 13:00:00,1.0410082
EIA_69622,2026-05-30 13:00:00,5.0
EIA_69623,2026-05-30 13:00:00,0.6354622
EIA_69624,2026-05-30 13:00:00,1.5886556
EIA_69630,2026-05-30 13:00:00,0.6669813
EIA_69645,2026-05-30 13:00:00,0.9472039
EIA_69646,2026-05-30 13:00:00,0.62820953
EIA_69651,2026-05-30 13:00:00,2.0
EIA_69652,2026-05-30 13:00:00,0.8640912
EIA_69653,2026-05-30 13:00:00,0.8640912
EIA_69655,2026-05-30 13:00:00,3.4535434
EIA_69656,2026-05-30 13:00:00,2.138851
EIA_69675,2026-05-30 13:00:00,273.6
EIA_69676,2026-05-30 13:00:00,21.244162
EIA_69680,2026-05-30 13:00:00,113.1
EIA_69682,2026-05-30 13:00:00,0.04852737
EIA_69683,2026-05-30 13:00:00,1.3
EIA_69686,2026-05-30 13:00:00,1.2757001
EIA_69692,2026-05-30 13:00:00,4.325362
EIA_69693,2026-05-30 13:00:00,0.266557
EIA_69696,2026-05-30 13:00:00,2.0272655
EIA_69700,2026-05-30 13:00:00,3.1409392
EIA_69703,2026-05-30 13:00:00,3.3
EIA_69705,2026-05-30 13:00:00,0.17049177
EIA_69707,2026-05-30 13:00:00,0.30110663
EIA_69709,2026-05-30 13:00:00,0.17746985
EIA_69714,2026-05-30 13:00:00,0.87582535
EIA_69715,2026-05-30 13:00:00,0.17746754
EIA_69716,2026-05-30 13:00:00,4.0
EIA_69717,2026-05-30 13:00:00,1.2095901
EIA_69718,2026-05-30 13:00:00,1.1612065
EIA_69719,2026-05-30 13:00:00,0.72038203
EIA_69729,2026-05-30 13:00:00,0.6861551
EIA_69731,2026-05-30 13:00:00,1.3
EIA_69732,2026-05-30 13:00:00,5.0
EIA_69733,2026-05-30 13:00:00,4.5
EIA_69735,2026-05-30 13:00:00,4.6216197
EIA_69736,2026-05-30 13:00:00,0.31024504
EIA_69739,2026-05-30 13:00:00,2.5309083
EIA_69740,2026-05-30 13:00:00,4.42475
EIA_69744,2026-05-30 13:00:00,1.1289171
EIA_69746,2026-05-30 13:00:00,0.4773869
EIA_69748,2026-05-30 13:00:00,32.736942
EIA_69754,2026-05-30 13:00:00,0.6164287
EIA_69757,2026-05-30 13:00:00,2.5047092
EIA_69758,2026-05-30 13:00:00,1.9266994
EIA_69774,2026-05-30 13:00:00,2.4
EIA_69800,2026-05-30 13:00:00,4.732245
EIA_69801,2026-05-30 13:00:00,0.2970371
EIA_69802,2026-05-30 13:00:00,0.5872766
EIA_69822,2026-05-30 13:00:00,1.0
EIA_69824,2026-05-30 13:00:00,0.2016279
EIA_69856,2026-05-30 13:00:00,1.0015931
EIA_69863,2026-05-30 13:00:00,3.7
EIA_69875,2026-05-30 13:00:00,117.0
EIA_141,2026-05-30 14:00:00,0.2
EIA_960,2026-05-30 14:00:00,0.18652028
EIA_1172,2026-05-30 14:00:00,0.8
EIA_1187,2026-05-30 14:00:00,0.3294146
EIA_10224,2026-05-30 14:00:00,0.22668622
EIA_50026,2026-05-30 14:00:00,27.5
EIA_50061,2026-05-30 14:00:00,0.71608096
EIA_56322,2026-05-30 14:00:00,0.5
EIA_57775,2026-05-30 14:00:00,0.5
EIA_57785,2026-05-30 14:00:00,5.0
EIA_57806,2026-05-30 14:00:00,0.4
EIA_58173,2026-05-30 14:00:00,0.0054028765
EIA_58413,2026-05-30 14:00:00,54.4
EIA_58422,2026-05-30 14:00:00,1.3
EIA_58556,2026-05-30 14:00:00,10.1
EIA_58689,2026-05-30 14:00:00,1.3
EIA_58899,2026-05-30 14:00:00,0.5
EIA_59133,2026-05-30 14:00:00,1.0
EIA_59272,2026-05-30 14:00:00,1.5
EIA_59776,2026-05-30 14:00:00,0.18079641
EIA_59786,2026-05-30 14:00:00,3.0
EIA_59988,2026-05-30 14:00:00,1.1
EIA_60452,2026-05-30 14:00:00,0.92364717
EIA_61703,2026-05-30 14:00:00,0.05054801
EIA_61796,2026-05-30 14:00:00,20.0
EIA_61820,2026-05-30 14:00:00,0.26577017
EIA_61822,2026-05-30 14:00:00,0.2
EIA_61852,2026-05-30 14:00:00,300.0
EIA_61910,2026-05-30 14:00:00,7.0
EIA_61967,2026-05-30 14:00:00,125.0
EIA_61990,2026-05-30 14:00:00,0.08391936
EIA_62027,2026-05-30 14:00:00,0.3137785
EIA_62186,2026-05-30 14:00:00,0.3227262
EIA_62344,2026-05-30 14:00:00,0.21360548
EIA_62397,2026-05-30 14:00:00,0.43519598
EIA_62442,2026-05-30 14:00:00,0.2324969
EIA_62494,2026-05-30 14:00:00,250.0
EIA_62545,2026-05-30 14:00:00,1.7
EIA_62737,2026-05-30 14:00:00,2.945084
EIA_62797,2026-05-30 14:00:00,100.0
EIA_63122,2026-05-30 14:00:00,0.42962474
EIA_63194,2026-05-30 14:00:00,284.05658
EIA_63211,2026-05-30 14:00:00,219.3326
EIA_63221,2026-05-30 14:00:00,0.39568436
EIA_63507,2026-05-30 14:00:00,60.0
EIA_63518,2026-05-30 14:00:00,66.21514
EIA_63542,2026-05-30 14:00:00,0.90681326
EIA_63882,2026-05-30 14:00:00,36.620304
EIA_63884,2026-05-30 14:00:00,48.23298
EIA_63946,2026-05-30 14:00:00,1.335475
EIA_64117,2026-05-30 14:00:00,1.806387
EIA_64132,2026-05-30 14:00:00,88.12194
EIA_64210,2026-05-30 14:00:00,500.0
EIA_64222,2026-05-30 14:00:00,0.7
EIA_64223,2026-05-30 14:00:00,0.514597
EIA_64430,2026-05-30 14:00:00,132.34277
EIA_64442,2026-05-30 14:00:00,0.5
EIA_64446,2026-05-30 14:00:00,0.25877565
EIA_64509,2026-05-30 14:00:00,0.14067441
EIA_64512,2026-05-30 14:00:00,0.24516758
EIA_64513,2026-05-30 14:00:00,0.49963787
EIA_64536,2026-05-30 14:00:00,32.133484
EIA_64564,2026-05-30 14:00:00,131.0
EIA_64567,2026-05-30 14:00:00,20.0
EIA_64729,2026-05-30 14:00:00,0.41238838
EIA_64745,2026-05-30 14:00:00,150.0
EIA_64858,2026-05-30 14:00:00,110.0
EIA_65006,2026-05-30 14:00:00,0.47282434
EIA_65024,2026-05-30 14:00:00,0.24135931
EIA_65072,2026-05-30 14:00:00,0.3
EIA_65139,2026-05-30 14:00:00,0.44227138
EIA_65149,2026-05-30 14:00:00,1.5572517
EIA_65279,2026-05-30 14:00:00,0.7025176
EIA_65401,2026-05-30 14:00:00,34.625145
EIA_65405,2026-05-30 14:00:00,34.97242
EIA_65442,2026-05-30 14:00:00,0.37882674
EIA_65443,2026-05-30 14:00:00,0.8778931
EIA_65445,2026-05-30 14:00:00,170.35193
EIA_65463,2026-05-30 14:00:00,370.1681
EIA_65468,2026-05-30 14:00:00,0.16959058
EIA_65480,2026-05-30 14:00:00,145.0
EIA_65507,2026-05-30 14:00:00,2.3
EIA_65508,2026-05-30 14:00:00,1.6391652
EIA_65515,2026-05-30 14:00:00,0.45536575
EIA_65516,2026-05-30 14:00:00,0.45536104
EIA_65527,2026-05-30 14:00:00,2.5
EIA_65572,2026-05-30 14:00:00,250.0
EIA_65616,2026-05-30 14:00:00,2.6
EIA_65644,2026-05-30 14:00:00,60.253925
EIA_65659,2026-05-30 14:00:00,1.0
EIA_65827,2026-05-30 14:00:00,2.8652935
EIA_65849,2026-05-30 14:00:00,34.457085
EIA_65885,2026-05-30 14:00:00,18.26578
EIA_65887,2026-05-30 14:00:00,67.314354
EIA_65888,2026-05-30 14:00:00,63.20606
EIA_65891,2026-05-30 14:00:00,131.0
EIA_65894,2026-05-30 14:00:00,125.01641
EIA_65905,2026-05-30 14:00:00,36.359142
EIA_65911,2026-05-30 14:00:00,74.5
EIA_65913,2026-05-30 14:00:00,21.835869
EIA_65940,2026-05-30 14:00:00,1.2046808
EIA_66027,2026-05-30 14:00:00,30.771008
EIA_66107,2026-05-30 14:00:00,20.0
EIA_66256,2026-05-30 14:00:00,1.5134449
EIA_66352,2026-05-30 14:00:00,2.196421
EIA_66356,2026-05-30 14:00:00,0.20843007
EIA_66432,2026-05-30 14:00:00,2.0
EIA_66433,2026-05-30 14:00:00,0.46700346
EIA_66435,2026-05-30 14:00:00,0.37881395
EIA_66449,2026-05-30 14:00:00,1.3033117
EIA_66495,2026-05-30 14:00:00,5.0
EIA_66520,2026-05-30 14:00:00,0.31808943
EIA_66523,2026-05-30 14:00:00,2.7125242
EIA_66647,2026-05-30 14:00:00,100.0
EIA_66649,2026-05-30 14:00:00,90.097466
EIA_66654,2026-05-30 14:00:00,2.0
EIA_66656,2026-05-30 14:00:00,2.0
EIA_66670,2026-05-30 14:00:00,150.0
EIA_66681,2026-05-30 14:00:00,49.0
EIA_66688,2026-05-30 14:00:00,38.507805
EIA_66739,2026-05-30 14:00:00,1.5
EIA_66740,2026-05-30 14:00:00,1.5
EIA_66756,2026-05-30 14:00:00,40.8
EIA_66760,2026-05-30 14:00:00,3.0
EIA_66774,2026-05-30 14:00:00,379.27832
EIA_66775,2026-05-30 14:00:00,122.18196
EIA_66827,2026-05-30 14:00:00,0.9244925
EIA_66840,2026-05-30 14:00:00,51.1
EIA_66842,2026-05-30 14:00:00,64.0
EIA_66844,2026-05-30 14:00:00,150.0
EIA_66860,2026-05-30 14:00:00,100.0
EIA_66872,2026-05-30 14:00:00,35.55271
EIA_66886,2026-05-30 14:00:00,2.4
EIA_66890,2026-05-30 14:00:00,60.0
EIA_66892,2026-05-30 14:00:00,4.4
EIA_66897,2026-05-30 14:00:00,86.54291
EIA_66899,2026-05-30 14:00:00,5.8
EIA_66903,2026-05-30 14:00:00,80.15969
EIA_66951,2026-05-30 14:00:00,200.0
EIA_66983,2026-05-30 14:00:00,13.5
EIA_67007,2026-05-30 14:00:00,20.0
EIA_67022,2026-05-30 14:00:00,175.0
EIA_67033,2026-05-30 14:00:00,3.0161607
EIA_67038,2026-05-30 14:00:00,135.0
EIA_67046,2026-05-30 14:00:00,160.073
EIA_67075,2026-05-30 14:00:00,200.0
EIA_67076,2026-05-30 14:00:00,17.05753
EIA_67080,2026-05-30 14:00:00,1.8652489
EIA_67086,2026-05-30 14:00:00,1.8
EIA_67124,2026-05-30 14:00:00,0.46661624
EIA_67125,2026-05-30 14:00:00,2.3341246
EIA_67126,2026-05-30 14:00:00,2.138426
EIA_67129,2026-05-30 14:00:00,6.7001424
EIA_67133,2026-05-30 14:00:00,4.8
EIA_67135,2026-05-30 14:00:00,1.8505958
EIA_67158,2026-05-30 14:00:00,0.72215676
EIA_67169,2026-05-30 14:00:00,5.0
EIA_67174,2026-05-30 14:00:00,1.351245
EIA_67177,2026-05-30 14:00:00,21.883348
EIA_67201,2026-05-30 14:00:00,9.8
EIA_67204,2026-05-30 14:00:00,100.0
EIA_67216,2026-05-30 14:00:00,15.346054
EIA_67217,2026-05-30 14:00:00,13.165083
EIA_67218,2026-05-30 14:00:00,11.399196
EIA_67219,2026-05-30 14:00:00,20.0
EIA_67234,2026-05-30 14:00:00,0.7
EIA_67254,2026-05-30 14:00:00,0.85656446
EIA_67255,2026-05-30 14:00:00,1.595459
EIA_67256,2026-05-30 14:00:00,2.0
EIA_67277,2026-05-30 14:00:00,0.24610667
EIA_67288,2026-05-30 14:00:00,3.0
EIA_67322,2026-05-30 14:00:00,11.2
EIA_67374,2026-05-30 14:00:00,5.0
EIA_67391,2026-05-30 14:00:00,4.0
EIA_67412,2026-05-30 14:00:00,1.6701959
EIA_67421,2026-05-30 14:00:00,84.4
EIA_67437,2026-05-30 14:00:00,2.0512662
EIA_67447,2026-05-30 14:00:00,0.22816727
EIA_67469,2026-05-30 14:00:00,0.2249908
EIA_67474,2026-05-30 14:00:00,300.0
EIA_67490,2026-05-30 14:00:00,5.6
EIA_67497,2026-05-30 14:00:00,100.0
EIA_67503,2026-05-30 14:00:00,170.0
EIA_67511,2026-05-30 14:00:00,200.0
EIA_67528,2026-05-30 14:00:00,34.262398
EIA_67532,2026-05-30 14:00:00,5.0
EIA_67539,2026-05-30 14:00:00,1.6
EIA_67540,2026-05-30 14:00:00,2.3
EIA_67546,2026-05-30 14:00:00,0.34871805
EIA_67554,2026-05-30 14:00:00,1.7646061
EIA_67583,2026-05-30 14:00:00,1.3
EIA_67584,2026-05-30 14:00:00,4.133966
EIA_67597,2026-05-30 14:00:00,11.8
EIA_67600,2026-05-30 14:00:00,2.7860074
EIA_67623,2026-05-30 14:00:00,2.0
EIA_67624,2026-05-30 14:00:00,1.4881904
EIA_67628,2026-05-30 14:00:00,1.5275122
EIA_67644,2026-05-30 14:00:00,3.5859962
EIA_67675,2026-05-30 14:00:00,65.0
EIA_67678,2026-05-30 14:00:00,140.0
EIA_67684,2026-05-30 14:00:00,0.7799646
EIA_67686,2026-05-30 14:00:00,4.9
EIA_67687,2026-05-30 14:00:00,1.4570651
EIA_67688,2026-05-30 14:00:00,0.65313154
EIA_67703,2026-05-30 14:00:00,2.0555396
EIA_67704,2026-05-30 14:00:00,1.4
EIA_67705,2026-05-30 14:00:00,2.3
EIA_67713,2026-05-30 14:00:00,3.5460713
EIA_67714,2026-05-30 14:00:00,0.90948844
EIA_67715,2026-05-30 14:00:00,2.0
EIA_67716,2026-05-30 14:00:00,1.9
EIA_67717,2026-05-30 14:00:00,1.1205616
EIA_67718,2026-05-30 14:00:00,1.9
EIA_67719,2026-05-30 14:00:00,2.0
EIA_67727,2026-05-30 14:00:00,6.0
EIA_67728,2026-05-30 14:00:00,5.0
EIA_67735,2026-05-30 14:00:00,194.7456
EIA_67751,2026-05-30 14:00:00,1.4859172
EIA_67762,2026-05-30 14:00:00,75.18907
EIA_67765,2026-05-30 14:00:00,66.78985
EIA_67793,2026-05-30 14:00:00,1.7
EIA_67797,2026-05-30 14:00:00,160.0
EIA_67804,2026-05-30 14:00:00,1.4559637
EIA_67822,2026-05-30 14:00:00,1.4559648
EIA_67823,2026-05-30 14:00:00,235.0
EIA_67834,2026-05-30 14:00:00,48.0
EIA_67850,2026-05-30 14:00:00,42.0
EIA_67859,2026-05-30 14:00:00,4.0
EIA_67864,2026-05-30 14:00:00,1.9481189
EIA_67867,2026-05-30 14:00:00,67.2
EIA_67872,2026-05-30 14:00:00,130.44528
EIA_67873,2026-05-30 14:00:00,27.616415
EIA_67900,2026-05-30 14:00:00,0.64280874
EIA_67901,2026-05-30 14:00:00,0.24105327
EIA_67930,2026-05-30 14:00:00,167.11163
EIA_67943,2026-05-30 14:00:00,1.7434776
EIA_67957,2026-05-30 14:00:00,80.0
EIA_67964,2026-05-30 14:00:00,150.0
EIA_67965,2026-05-30 14:00:00,1.3
EIA_67969,2026-05-30 14:00:00,11.52377
EIA_67979,2026-05-30 14:00:00,2.7673683
EIA_67997,2026-05-30 14:00:00,9.38592
EIA_68008,2026-05-30 14:00:00,4.3606715
EIA_68010,2026-05-30 14:00:00,5.0
EIA_68023,2026-05-30 14:00:00,12.0
EIA_68025,2026-05-30 14:00:00,3.0
EIA_68026,2026-05-30 14:00:00,4.8
EIA_68037,2026-05-30 14:00:00,3.9234307
EIA_68060,2026-05-30 14:00:00,33.955666
EIA_68077,2026-05-30 14:00:00,20.0
EIA_68088,2026-05-30 14:00:00,21.438698
EIA_68096,2026-05-30 14:00:00,1.7437078
EIA_68102,2026-05-30 14:00:00,2.5
EIA_68106,2026-05-30 14:00:00,6.7001424
EIA_68107,2026-05-30 14:00:00,6.5
EIA_68108,2026-05-30 14:00:00,2.798153
EIA_68109,2026-05-30 14:00:00,0.71863157
EIA_68113,2026-05-30 14:00:00,2.3
EIA_68114,2026-05-30 14:00:00,6.5
EIA_68157,2026-05-30 14:00:00,0.7444653
EIA_68163,2026-05-30 14:00:00,3.5116725
EIA_68188,2026-05-30 14:00:00,4.1681123
EIA_68190,2026-05-30 14:00:00,4.1679196
EIA_68200,2026-05-30 14:00:00,231.57649
EIA_68223,2026-05-30 14:00:00,13.469943
EIA_68235,2026-05-30 14:00:00,0.9833823
EIA_68259,2026-05-30 14:00:00,2.4613452
EIA_68276,2026-05-30 14:00:00,21.048285
EIA_68279,2026-05-30 14:00:00,1.1
EIA_68281,2026-05-30 14:00:00,300.0
EIA_68286,2026-05-30 14:00:00,4.9
EIA_68327,2026-05-30 14:00:00,0.53340805
EIA_68372,2026-05-30 14:00:00,69.21805
EIA_68398,2026-05-30 14:00:00,3.1021347
EIA_68418,2026-05-30 14:00:00,120.0
EIA_68427,2026-05-30 14:00:00,12.9
EIA_68431,2026-05-30 14:00:00,240.0
EIA_68436,2026-05-30 14:00:00,2.9
EIA_68442,2026-05-30 14:00:00,4.0
EIA_68458,2026-05-30 14:00:00,60.24124
EIA_68470,2026-05-30 14:00:00,165.29707
EIA_68472,2026-05-30 14:00:00,9.644112
EIA_68482,2026-05-30 14:00:00,49.9
EIA_68483,2026-05-30 14:00:00,199.40726
EIA_68488,2026-05-30 14:00:00,80.0
EIA_68489,2026-05-30 14:00:00,2.0
EIA_68516,2026-05-30 14:00:00,36.953194
EIA_68523,2026-05-30 14:00:00,0.2871297
EIA_68524,2026-05-30 14:00:00,0.2871248
EIA_68525,2026-05-30 14:00:00,0.2871247
EIA_68530,2026-05-30 14:00:00,1.6664091
EIA_68534,2026-05-30 14:00:00,150.0
EIA_68536,2026-05-30 14:00:00,200.0
EIA_68537,2026-05-30 14:00:00,36.79018
EIA_68538,2026-05-30 14:00:00,2.198231
EIA_68540,2026-05-30 14:00:00,1.3
EIA_68544,2026-05-30 14:00:00,2.0
EIA_68550,2026-05-30 14:00:00,0.09433287
EIA_68551,2026-05-30 14:00:00,14.228908
EIA_68587,2026-05-30 14:00:00,9.418957
EIA_68588,2026-05-30 14:00:00,9.418957
EIA_68595,2026-05-30 14:00:00,51.137558
EIA_68615,2026-05-30 14:00:00,1.0758337
EIA_68670,2026-05-30 14:00:00,80.0
EIA_68674,2026-05-30 14:00:00,1.2133619
EIA_68682,2026-05-30 14:00:00,1.0966647
EIA_68706,2026-05-30 14:00:00,10.0
EIA_68708,2026-05-30 14:00:00,4.4685507
EIA_68729,2026-05-30 14:00:00,0.35710046
EIA_68754,2026-05-30 14:00:00,4.046741
EIA_68756,2026-05-30 14:00:00,2.9299674
EIA_68757,2026-05-30 14:00:00,1.5293266
EIA_68776,2026-05-30 14:00:00,121.274605
EIA_68791,2026-05-30 14:00:00,0.9298663
EIA_68794,2026-05-30 14:00:00,1.5
EIA_68795,2026-05-30 14:00:00,1.7
EIA_68796,2026-05-30 14:00:00,1.1
EIA_68803,2026-05-30 14:00:00,1.5
EIA_68817,2026-05-30 14:00:00,74.5
EIA_68820,2026-05-30 14:00:00,19.343576
EIA_68822,2026-05-30 14:00:00,24.923975
EIA_68823,2026-05-30 14:00:00,18.290956
EIA_68838,2026-05-30 14:00:00,325.04715
EIA_68846,2026-05-30 14:00:00,148.0
EIA_68856,2026-05-30 14:00:00,40.01495
EIA_68880,2026-05-30 14:00:00,111.51438
EIA_68885,2026-05-30 14:00:00,3.0
EIA_68886,2026-05-30 14:00:00,3.0
EIA_68892,2026-05-30 14:00:00,1.4
EIA_68894,2026-05-30 14:00:00,150.0
EIA_68906,2026-05-30 14:00:00,104.705246
EIA_68919,2026-05-30 14:00:00,1.7138801
EIA_68921,2026-05-30 14:00:00,1.4432983
EIA_68927,2026-05-30 14:00:00,20.830786
EIA_68928,2026-05-30 14:00:00,3.2498267
EIA_68941,2026-05-30 14:00:00,1.5
EIA_68943,2026-05-30 14:00:00,5.0
EIA_68944,2026-05-30 14:00:00,5.0
EIA_68945,2026-05-30 14:00:00,2.5
EIA_68957,2026-05-30 14:00:00,5.0
EIA_68960,2026-05-30 14:00:00,1.1810272
EIA_68964,2026-05-30 14:00:00,3.9
EIA_68966,2026-05-30 14:00:00,1.0518295
EIA_68971,2026-05-30 14:00:00,5.0
EIA_68991,2026-05-30 14:00:00,5.0
EIA_68998,2026-05-30 14:00:00,96.786064
EIA_69002,2026-05-30 14:00:00,1.8416046
EIA_69009,2026-05-30 14:00:00,2.0
EIA_69014,2026-05-30 14:00:00,0.8657628
EIA_69015,2026-05-30 14:00:00,4.278613
EIA_69016,2026-05-30 14:00:00,4.5
EIA_69017,2026-05-30 14:00:00,3.7
EIA_69018,2026-05-30 14:00:00,1.0712285
EIA_69027,2026-05-30 14:00:00,36.26175
EIA_69031,2026-05-30 14:00:00,2.0
EIA_69032,2026-05-30 14:00:00,2.3909173
EIA_69033,2026-05-30 14:00:00,2.4069147
EIA_69039,2026-05-30 14:00:00,2.3
EIA_69042,2026-05-30 14:00:00,10.8
EIA_69043,2026-05-30 14:00:00,3.3311622
EIA_69046,2026-05-30 14:00:00,2.0
EIA_69048,2026-05-30 14:00:00,0.48682964
EIA_69051,2026-05-30 14:00:00,3.0
EIA_69061,2026-05-30 14:00:00,5.0
EIA_69062,2026-05-30 14:00:00,5.0
EIA_69063,2026-05-30 14:00:00,200.0
EIA_69066,2026-05-30 14:00:00,5.0
EIA_69068,2026-05-30 14:00:00,3.0
EIA_69070,2026-05-30 14:00:00,2.6364326
EIA_69078,2026-05-30 14:00:00,4.613499
EIA_69086,2026-05-30 14:00:00,2.7887223
EIA_69095,2026-05-30 14:00:00,5.0
EIA_69096,2026-05-30 14:00:00,2.0283673
EIA_69100,2026-05-30 14:00:00,325.0
EIA_69101,2026-05-30 14:00:00,104.26801
EIA_69103,2026-05-30 14:00:00,5.0
EIA_69104,2026-05-30 14:00:00,5.0
EIA_69106,2026-05-30 14:00:00,5.0
EIA_69107,2026-05-30 14:00:00,5.0
EIA_69109,2026-05-30 14:00:00,1.4
EIA_69112,2026-05-30 14:00:00,1.3
EIA_69113,2026-05-30 14:00:00,2.6392584
EIA_69114,2026-05-30 14:00:00,3.5
EIA_69115,2026-05-30 14:00:00,0.32392663
EIA_69116,2026-05-30 14:00:00,2.5
EIA_69117,2026-05-30 14:00:00,1.0
EIA_69118,2026-05-30 14:00:00,0.5637815
EIA_69123,2026-05-30 14:00:00,1.7748148
EIA_69124,2026-05-30 14:00:00,0.0316984
EIA_69125,2026-05-30 14:00:00,0.051884543
EIA_69126,2026-05-30 14:00:00,0.46096462
EIA_69127,2026-05-30 14:00:00,0.55613005
EIA_69129,2026-05-30 14:00:00,0.11646073
EIA_69130,2026-05-30 14:00:00,4.0
EIA_69131,2026-05-30 14:00:00,1.9
EIA_69132,2026-05-30 14:00:00,1.7
EIA_69133,2026-05-30 14:00:00,0.5969478
EIA_69134,2026-05-30 14:00:00,0.92539173
EIA_69135,2026-05-30 14:00:00,1.0
EIA_69137,2026-05-30 14:00:00,5.0
EIA_69140,2026-05-30 14:00:00,1.3
EIA_69141,2026-05-30 14:00:00,4.0
EIA_69142,2026-05-30 14:00:00,0.5296993
EIA_69143,2026-05-30 14:00:00,22.64833
EIA_69145,2026-05-30 14:00:00,0.22009088
EIA_69153,2026-05-30 14:00:00,5.0
EIA_69154,2026-05-30 14:00:00,4.7
EIA_69161,2026-05-30 14:00:00,1.6005011
EIA_69163,2026-05-30 14:00:00,2.0
EIA_69164,2026-05-30 14:00:00,52.710777
EIA_69166,2026-05-30 14:00:00,86.62307
EIA_69172,2026-05-30 14:00:00,77.35004
EIA_69179,2026-05-30 14:00:00,5.0
EIA_69183,2026-05-30 14:00:00,1.6646863
EIA_69187,2026-05-30 14:00:00,2.850001
EIA_69188,2026-05-30 14:00:00,2.9
EIA_69190,2026-05-30 14:00:00,1.6
EIA_69192,2026-05-30 14:00:00,10.0
EIA_69193,2026-05-30 14:00:00,2.5
EIA_69201,2026-05-30 14:00:00,1.5311434
EIA_69210,2026-05-30 14:00:00,0.5397095
EIA_69212,2026-05-30 14:00:00,5.0
EIA_69213,2026-05-30 14:00:00,5.0
EIA_69214,2026-05-30 14:00:00,5.0
EIA_69216,2026-05-30 14:00:00,5.0
EIA_69219,2026-05-30 14:00:00,1.1811363
EIA_69221,2026-05-30 14:00:00,0.5226272
EIA_69227,2026-05-30 14:00:00,1.2647611
EIA_69228,2026-05-30 14:00:00,5.0
EIA_69230,2026-05-30 14:00:00,3.986991
EIA_69233,2026-05-30 14:00:00,1.0
EIA_69235,2026-05-30 14:00:00,20.0
EIA_69236,2026-05-30 14:00:00,8.593898
EIA_69240,2026-05-30 14:00:00,2.5340614
EIA_69241,2026-05-30 14:00:00,1.9232876
EIA_69243,2026-05-30 14:00:00,2.6
EIA_69247,2026-05-30 14:00:00,0.54921305
EIA_69248,2026-05-30 14:00:00,1.0
EIA_69261,2026-05-30 14:00:00,6.226312
EIA_69263,2026-05-30 14:00:00,10.0
EIA_69264,2026-05-30 14:00:00,3.5
EIA_69265,2026-05-30 14:00:00,4.569311
EIA_69273,2026-05-30 14:00:00,0.22567941
EIA_69280,2026-05-30 14:00:00,1.1844015
EIA_69281,2026-05-30 14:00:00,1.1843793
EIA_69284,2026-05-30 14:00:00,2.9
EIA_69285,2026-05-30 14:00:00,2.8
EIA_69287,2026-05-30 14:00:00,9.9
EIA_69288,2026-05-30 14:00:00,1.6
EIA_69289,2026-05-30 14:00:00,6.0972004
EIA_69303,2026-05-30 14:00:00,0.35791355
EIA_69304,2026-05-30 14:00:00,0.65715605
EIA_69306,2026-05-30 14:00:00,8.8
EIA_69307,2026-05-30 14:00:00,0.4493841
EIA_69314,2026-05-30 14:00:00,2.0
EIA_69315,2026-05-30 14:00:00,3.666608
EIA_69316,2026-05-30 14:00:00,5.0
EIA_69317,2026-05-30 14:00:00,4.2852964
EIA_69319,2026-05-30 14:00:00,138.26228
EIA_69320,2026-05-30 14:00:00,227.31076
EIA_69321,2026-05-30 14:00:00,103.005394
EIA_69325,2026-05-30 14:00:00,2.0
EIA_69326,2026-05-30 14:00:00,2.0
EIA_69328,2026-05-30 14:00:00,4.1
EIA_69330,2026-05-30 14:00:00,2.82162
EIA_69354,2026-05-30 14:00:00,74.9
EIA_69355,2026-05-30 14:00:00,15.794831
EIA_69368,2026-05-30 14:00:00,3.2035694
EIA_69370,2026-05-30 14:00:00,1.8
EIA_69374,2026-05-30 14:00:00,1.5
EIA_69378,2026-05-30 14:00:00,1.5
EIA_69379,2026-05-30 14:00:00,3.192931
EIA_69380,2026-05-30 14:00:00,2.8098254
EIA_69381,2026-05-30 14:00:00,1.6
EIA_69382,2026-05-30 14:00:00,1.4
EIA_69386,2026-05-30 14:00:00,3.3336556
EIA_69387,2026-05-30 14:00:00,4.255434
EIA_69388,2026-05-30 14:00:00,75.55277
EIA_69389,2026-05-30 14:00:00,2.8553674
EIA_69390,2026-05-30 14:00:00,2.8553674
EIA_69391,2026-05-30 14:00:00,4.9
EIA_69395,2026-05-30 14:00:00,1.5736287
EIA_69396,2026-05-30 14:00:00,0.8821007
EIA_69397,2026-05-30 14:00:00,1.4378433
EIA_69398,2026-05-30 14:00:00,1.755738
EIA_69399,2026-05-30 14:00:00,2.394683
EIA_69400,2026-05-30 14:00:00,1.8379017
EIA_69401,2026-05-30 14:00:00,3.04487
EIA_69402,2026-05-30 14:00:00,1.2401885
EIA_69405,2026-05-30 14:00:00,2.357777
EIA_69406,2026-05-30 14:00:00,2.357707
EIA_69408,2026-05-30 14:00:00,2.0795777
EIA_69409,2026-05-30 14:00:00,1.6357168
EIA_69410,2026-05-30 14:00:00,1.9025027
EIA_69412,2026-05-30 14:00:00,1.1415017
EIA_69414,2026-05-30 14:00:00,261.25882
EIA_69419,2026-05-30 14:00:00,5.0
EIA_69420,2026-05-30 14:00:00,0.48669553
EIA_69421,2026-05-30 14:00:00,3.8775527
EIA_69425,2026-05-30 14:00:00,1.4146655
EIA_69428,2026-05-30 14:00:00,225.03935
EIA_69430,2026-05-30 14:00:00,6.0
EIA_69431,2026-05-30 14:00:00,5.0
EIA_69432,2026-05-30 14:00:00,6.0
EIA_69433,2026-05-30 14:00:00,5.304741
EIA_69434,2026-05-30 14:00:00,0.9042155
EIA_69439,2026-05-30 14:00:00,1.3408045
EIA_69440,2026-05-30 14:00:00,4.129762
EIA_69441,2026-05-30 14:00:00,1.6813496
EIA_69442,2026-05-30 14:00:00,4.788676
EIA_69443,2026-05-30 14:00:00,0.9981805
EIA_69447,2026-05-30 14:00:00,0.7820867
EIA_69448,2026-05-30 14:00:00,3.2431378
EIA_69476,2026-05-30 14:00:00,100.0
EIA_69483,2026-05-30 14:00:00,2.8
EIA_69484,2026-05-30 14:00:00,2.7335827
EIA_69485,2026-05-30 14:00:00,1.549339
EIA_69486,2026-05-30 14:00:00,2.25154
EIA_69487,2026-05-30 14:00:00,0.80194503
EIA_69488,2026-05-30 14:00:00,1.7541016
EIA_69489,2026-05-30 14:00:00,1.9143239
EIA_69490,2026-05-30 14:00:00,1.6913811
EIA_69491,2026-05-30 14:00:00,2.5
EIA_69492,2026-05-30 14:00:00,1.2158598
EIA_69493,2026-05-30 14:00:00,2.4957879
EIA_69494,2026-05-30 14:00:00,2.1977787
EIA_69495,2026-05-30 14:00:00,2.5
EIA_69498,2026-05-30 14:00:00,8.8
EIA_69499,2026-05-30 14:00:00,5.2557826
EIA_69500,2026-05-30 14:00:00,3.8
EIA_69501,2026-05-30 14:00:00,6.0
EIA_69502,2026-05-30 14:00:00,4.0
EIA_69503,2026-05-30 14:00:00,6.0
EIA_69505,2026-05-30 14:00:00,14.8
EIA_69518,2026-05-30 14:00:00,2.0
EIA_69519,2026-05-30 14:00:00,3.0
EIA_69525,2026-05-30 14:00:00,4.3
EIA_69526,2026-05-30 14:00:00,3.1375115
EIA_69527,2026-05-30 14:00:00,4.398626
EIA_69528,2026-05-30 14:00:00,3.0
EIA_69529,2026-05-30 14:00:00,5.0
EIA_69530,2026-05-30 14:00:00,5.0
EIA_69531,2026-05-30 14:00:00,1.257042
EIA_69532,2026-05-30 14:00:00,5.0
EIA_69536,2026-05-30 14:00:00,1.4449085
EIA_69538,2026-05-30 14:00:00,7.3625007
EIA_69542,2026-05-30 14:00:00,5.0
EIA_69543,2026-05-30 14:00:00,1.7049972
EIA_69544,2026-05-30 14:00:00,1.600143
EIA_69545,2026-05-30 14:00:00,0.024176542
EIA_69546,2026-05-30 14:00:00,0.6946204
EIA_69550,2026-05-30 14:00:00,117.0
EIA_69557,2026-05-30 14:00:00,5.0
EIA_69561,2026-05-30 14:00:00,4.0
EIA_69563,2026-05-30 14:00:00,2.3
EIA_69564,2026-05-30 14:00:00,0.92223096
EIA_69565,2026-05-30 14:00:00,3.4997666
EIA_69567,2026-05-30 14:00:00,3.0
EIA_69568,2026-05-30 14:00:00,0.19994152
EIA_69569,2026-05-30 14:00:00,3.1526647
EIA_69570,2026-05-30 14:00:00,12.0
EIA_69571,2026-05-30 14:00:00,2.0772088
EIA_69572,2026-05-30 14:00:00,5.0
EIA_69573,2026-05-30 14:00:00,5.0
EIA_69580,2026-05-30 14:00:00,0.38487652
EIA_69581,2026-05-30 14:00:00,0.40045798
EIA_69587,2026-05-30 14:00:00,0.96684074
EIA_69596,2026-05-30 14:00:00,4.0
EIA_69597,2026-05-30 14:00:00,5.0
EIA_69598,2026-05-30 14:00:00,1.0801675
EIA_69599,2026-05-30 14:00:00,1.0575274
EIA_69600,2026-05-30 14:00:00,2.3965933
EIA_69601,2026-05-30 14:00:00,0.9586411
EIA_69604,2026-05-30 14:00:00,19.9
EIA_69612,2026-05-30 14:00:00,5.0
EIA_69613,2026-05-30 14:00:00,5.0
EIA_69615,2026-05-30 14:00:00,5.0
EIA_69617,2026-05-30 14:00:00,2.8
EIA_69618,2026-05-30 14:00:00,2.7028098
EIA_69621,2026-05-30 14:00:00,3.2561831
EIA_69622,2026-05-30 14:00:00,4.5214524
EIA_69623,2026-05-30 14:00:00,0.46875054
EIA_69624,2026-05-30 14:00:00,1.1718763
EIA_69630,2026-05-30 14:00:00,0.91632384
EIA_69645,2026-05-30 14:00:00,0.49448022
EIA_69646,2026-05-30 14:00:00,0.51277775
EIA_69651,2026-05-30 14:00:00,2.0
EIA_69652,2026-05-30 14:00:00,1.47453
EIA_69653,2026-05-30 14:00:00,1.47453
EIA_69655,2026-05-30 14:00:00,4.8274684
EIA_69656,2026-05-30 14:00:00,1.3604094
EIA_69675,2026-05-30 14:00:00,263.60547
EIA_69676,2026-05-30 14:00:00,100.0
EIA_69680,2026-05-30 14:00:00,113.1
EIA_69682,2026-05-30 14:00:00,1.0
EIA_69683,2026-05-30 14:00:00,1.3
EIA_69686,2026-05-30 14:00:00,3.877217
EIA_69692,2026-05-30 14:00:00,5.0
EIA_69693,2026-05-30 14:00:00,0.36691004
EIA_69696,2026-05-30 14:00:00,1.2758893
EIA_69700,2026-05-30 14:00:00,1.6041844
EIA_69703,2026-05-30 14:00:00,3.3
EIA_69705,2026-05-30 14:00:00,0.38985747
EIA_69707,2026-05-30 14:00:00,0.37775084
EIA_69709,2026-05-30 14:00:00,0.20947386
EIA_69712,2026-05-30 14:00:00,0.6
EIA_69714,2026-05-30 14:00:00,1.4303287
EIA_69715,2026-05-30 14:00:00,0.20947239
EIA_69716,2026-05-30 14:00:00,3.586247
EIA_69717,2026-05-30 14:00:00,2.2991292
EIA_69718,2026-05-30 14:00:00,2.207164
EIA_69719,2026-05-30 14:00:00,2.8
EIA_69729,2026-05-30 14:00:00,1.1302888
EIA_69730,2026-05-30 14:00:00,2.9
EIA_69731,2026-05-30 14:00:00,1.3
EIA_69732,2026-05-30 14:00:00,3.2055342
EIA_69733,2026-05-30 14:00:00,2.8850367
EIA_69734,2026-05-30 14:00:00,1.3260695
EIA_69735,2026-05-30 14:00:00,2.9297216
EIA_69736,2026-05-30 14:00:00,0.32688695
EIA_69737,2026-05-30 14:00:00,2.5
EIA_69739,2026-05-30 14:00:00,3.2102928
EIA_69740,2026-05-30 14:00:00,7.2
EIA_69744,2026-05-30 14:00:00,2.4829285
EIA_69746,2026-05-30 14:00:00,2.0
EIA_69748,2026-05-30 14:00:00,525.0
EIA_69754,2026-05-30 14:00:00,2.5
EIA_69757,2026-05-30 14:00:00,2.6
EIA_69758,2026-05-30 14:00:00,2.0
EIA_69759,2026-05-30 14:00:00,1.4
EIA_69774,2026-05-30 14:00:00,2.4
EIA_69800,2026-05-30 14:00:00,4.829864
EIA_69801,2026-05-30 14:00:00,0.31626087
EIA_69802,2026-05-30 14:00:00,0.6566274
EIA_69822,2026-05-30 14:00:00,0.46405995
EIA_69824,2026-05-30 14:00:00,0.4079286
EIA_69856,2026-05-30 14:00:00,3.0
EIA_69863,2026-05-30 14:00:00,3.7
EIA_69875,2026-05-30 14:00:00,117.0
EIA_141,2026-05-30 15:00:00,0.2
EIA_960,2026-05-30 15:00:00,0.3
EIA_1172,2026-05-30 15:00:00,0.7690744
EIA_1187,2026-05-30 15:00:00,0.5739711
EIA_10224,2026-05-30 15:00:00,0.47464925
EIA_10823,2026-05-30 15:00:00,0.010469469
EIA_50026,2026-05-30 15:00:00,21.36298
EIA_50061,2026-05-30 15:00:00,0.8
EIA_56322,2026-05-30 15:00:00,0.5
EIA_57775,2026-05-30 15:00:00,0.5
EIA_57785,2026-05-30 15:00:00,5.0
EIA_57806,2026-05-30 15:00:00,0.4
EIA_58173,2026-05-30 15:00:00,0.07126585
EIA_58413,2026-05-30 15:00:00,54.4
EIA_58422,2026-05-30 15:00:00,1.3
EIA_58556,2026-05-30 15:00:00,10.1
EIA_58689,2026-05-30 15:00:00,1.3
EIA_58899,2026-05-30 15:00:00,0.5
EIA_59133,2026-05-30 15:00:00,1.0
EIA_59272,2026-05-30 15:00:00,1.5
EIA_59776,2026-05-30 15:00:00,0.16369799
EIA_59786,2026-05-30 15:00:00,3.0
EIA_59988,2026-05-30 15:00:00,1.1
EIA_60452,2026-05-30 15:00:00,1.9290639
EIA_61703,2026-05-30 15:00:00,0.058094796
EIA_61796,2026-05-30 15:00:00,20.0
EIA_61820,2026-05-30 15:00:00,0.32290116
EIA_61822,2026-05-30 15:00:00,0.2
EIA_61852,2026-05-30 15:00:00,300.0
EIA_61910,2026-05-30 15:00:00,7.0
EIA_61967,2026-05-30 15:00:00,101.06971
EIA_61990,2026-05-30 15:00:00,0.08809916
EIA_62027,2026-05-30 15:00:00,0.7
EIA_62186,2026-05-30 15:00:00,0.79141444
EIA_62344,2026-05-30 15:00:00,0.6477769
EIA_62397,2026-05-30 15:00:00,0.50165004
EIA_62442,2026-05-30 15:00:00,0.27417418
EIA_62494,2026-05-30 15:00:00,250.0
EIA_62545,2026-05-30 15:00:00,1.7
EIA_62737,2026-05-30 15:00:00,4.9111104
EIA_62797,2026-05-30 15:00:00,100.0
EIA_63122,2026-05-30 15:00:00,0.44178495
EIA_63194,2026-05-30 15:00:00,139.90184
EIA_63211,2026-05-30 15:00:00,105.52077
EIA_63221,2026-05-30 15:00:00,0.66953665
EIA_63507,2026-05-30 15:00:00,60.0
EIA_63518,2026-05-30 15:00:00,52.058937
EIA_63542,2026-05-30 15:00:00,1.0
EIA_63882,2026-05-30 15:00:00,102.073685
EIA_63884,2026-05-30 15:00:00,135.5882
EIA_63946,2026-05-30 15:00:00,1.8727374
EIA_64117,2026-05-30 15:00:00,2.1649146
EIA_64132,2026-05-30 15:00:00,76.012825
EIA_64210,2026-05-30 15:00:00,500.0
EIA_64222,2026-05-30 15:00:00,0.7
EIA_64223,2026-05-30 15:00:00,0.552518
EIA_64430,2026-05-30 15:00:00,140.0
EIA_64442,2026-05-30 15:00:00,0.5
EIA_64446,2026-05-30 15:00:00,0.043568335
EIA_64509,2026-05-30 15:00:00,0.07434683
EIA_64512,2026-05-30 15:00:00,0.3123121
EIA_64513,2026-05-30 15:00:00,0.5
EIA_64536,2026-05-30 15:00:00,90.642944
EIA_64564,2026-05-30 15:00:00,131.0
EIA_64567,2026-05-30 15:00:00,20.0
EIA_64729,2026-05-30 15:00:00,0.7030107
EIA_64745,2026-05-30 15:00:00,150.0
EIA_64858,2026-05-30 15:00:00,110.0
EIA_65006,2026-05-30 15:00:00,0.75708216
EIA_65024,2026-05-30 15:00:00,0.12024851
EIA_65072,2026-05-30 15:00:00,0.3
EIA_65139,2026-05-30 15:00:00,0.7339798
EIA_65149,2026-05-30 15:00:00,3.2035193
EIA_65279,2026-05-30 15:00:00,0.7606754
EIA_65401,2026-05-30 15:00:00,47.293446
EIA_65405,2026-05-30 15:00:00,39.44196
EIA_65442,2026-05-30 15:00:00,0.70741045
EIA_65443,2026-05-30 15:00:00,0.8136216
EIA_65445,2026-05-30 15:00:00,114.81422
EIA_65463,2026-05-30 15:00:00,296.66394
EIA_65468,2026-05-30 15:00:00,0.47970492
EIA_65480,2026-05-30 15:00:00,145.0
EIA_65507,2026-05-30 15:00:00,2.3
EIA_65508,2026-05-30 15:00:00,2.0
EIA_65515,2026-05-30 15:00:00,0.7842579
EIA_65516,2026-05-30 15:00:00,0.78426313
EIA_65527,2026-05-30 15:00:00,2.5
EIA_65572,2026-05-30 15:00:00,250.0
EIA_65616,2026-05-30 15:00:00,2.6
EIA_65644,2026-05-30 15:00:00,138.48372
EIA_65659,2026-05-30 15:00:00,1.0
EIA_65827,2026-05-30 15:00:00,2.2857559
EIA_65849,2026-05-30 15:00:00,73.356255
EIA_65885,2026-05-30 15:00:00,58.056873
EIA_65887,2026-05-30 15:00:00,11.0562525
EIA_65888,2026-05-30 15:00:00,74.5
EIA_65891,2026-05-30 15:00:00,131.0
EIA_65894,2026-05-30 15:00:00,160.61519
EIA_65905,2026-05-30 15:00:00,27.542583
EIA_65911,2026-05-30 15:00:00,74.5
EIA_65913,2026-05-30 15:00:00,55.074097
EIA_65940,2026-05-30 15:00:00,1.5
EIA_66027,2026-05-30 15:00:00,33.376694
EIA_66107,2026-05-30 15:00:00,20.0
EIA_66256,2026-05-30 15:00:00,3.27552
EIA_66352,2026-05-30 15:00:00,0.41285583
EIA_66356,2026-05-30 15:00:00,0.6020331
EIA_66432,2026-05-30 15:00:00,2.0
EIA_66433,2026-05-30 15:00:00,0.4797894
EIA_66435,2026-05-30 15:00:00,0.7074189
EIA_66449,2026-05-30 15:00:00,1.8038095
EIA_66495,2026-05-30 15:00:00,5.0
EIA_66520,2026-05-30 15:00:00,1.6481276
EIA_66523,2026-05-30 15:00:00,2.5060637
EIA_66647,2026-05-30 15:00:00,100.0
EIA_66649,2026-05-30 15:00:00,200.0
EIA_66654,2026-05-30 15:00:00,2.0
EIA_66656,2026-05-30 15:00:00,2.0
EIA_66670,2026-05-30 15:00:00,150.0
EIA_66681,2026-05-30 15:00:00,49.0
EIA_66688,2026-05-30 15:00:00,87.96012
EIA_66739,2026-05-30 15:00:00,1.5
EIA_66740,2026-05-30 15:00:00,1.5
EIA_66756,2026-05-30 15:00:00,40.8
EIA_66760,2026-05-30 15:00:00,3.0
EIA_66774,2026-05-30 15:00:00,408.9
EIA_66775,2026-05-30 15:00:00,178.85356
EIA_66827,2026-05-30 15:00:00,0.4919587
EIA_66840,2026-05-30 15:00:00,51.1
EIA_66842,2026-05-30 15:00:00,64.0
EIA_66844,2026-05-30 15:00:00,150.0
EIA_66860,2026-05-30 15:00:00,100.0
EIA_66872,2026-05-30 15:00:00,73.207596
EIA_66886,2026-05-30 15:00:00,2.4
EIA_66890,2026-05-30 15:00:00,60.0
EIA_66892,2026-05-30 15:00:00,4.4
EIA_66897,2026-05-30 15:00:00,46.91437
EIA_66899,2026-05-30 15:00:00,5.8
EIA_66903,2026-05-30 15:00:00,134.98595
EIA_66951,2026-05-30 15:00:00,200.0
EIA_66983,2026-05-30 15:00:00,13.5
EIA_67007,2026-05-30 15:00:00,20.0
EIA_67022,2026-05-30 15:00:00,175.0
EIA_67033,2026-05-30 15:00:00,3.3483715
EIA_67038,2026-05-30 15:00:00,135.0
EIA_67046,2026-05-30 15:00:00,210.0
EIA_67075,2026-05-30 15:00:00,200.0
EIA_67076,2026-05-30 15:00:00,192.29001
EIA_67080,2026-05-30 15:00:00,4.1269712
EIA_67086,2026-05-30 15:00:00,1.8
EIA_67124,2026-05-30 15:00:00,1.1170384
EIA_67125,2026-05-30 15:00:00,2.6548352
EIA_67126,2026-05-30 15:00:00,4.3
EIA_67129,2026-05-30 15:00:00,43.415733
EIA_67133,2026-05-30 15:00:00,3.6063359
EIA_67135,2026-05-30 15:00:00,3.092749
EIA_67158,2026-05-30 15:00:00,0.3152788
EIA_67169,2026-05-30 15:00:00,5.0
EIA_67174,2026-05-30 15:00:00,10.0
EIA_67177,2026-05-30 15:00:00,113.04155
EIA_67201,2026-05-30 15:00:00,9.8
EIA_67204,2026-05-30 15:00:00,100.0
EIA_67216,2026-05-30 15:00:00,17.02682
EIA_67217,2026-05-30 15:00:00,20.0
EIA_67218,2026-05-30 15:00:00,19.636213
EIA_67219,2026-05-30 15:00:00,20.0
EIA_67234,2026-05-30 15:00:00,0.7
EIA_67254,2026-05-30 15:00:00,1.915343
EIA_67255,2026-05-30 15:00:00,1.5003631
EIA_67256,2026-05-30 15:00:00,2.0
EIA_67277,2026-05-30 15:00:00,0.6
EIA_67288,2026-05-30 15:00:00,3.0
EIA_67322,2026-05-30 15:00:00,11.2
EIA_67374,2026-05-30 15:00:00,5.0
EIA_67391,2026-05-30 15:00:00,4.0
EIA_67412,2026-05-30 15:00:00,2.0641117
EIA_67421,2026-05-30 15:00:00,84.4
EIA_67437,2026-05-30 15:00:00,2.6305468
EIA_67447,2026-05-30 15:00:00,0.39834762
EIA_67469,2026-05-30 15:00:00,0.17468761
EIA_67474,2026-05-30 15:00:00,300.0
EIA_67490,2026-05-30 15:00:00,5.6
EIA_67497,2026-05-30 15:00:00,100.0
EIA_67503,2026-05-30 15:00:00,170.0
EIA_67511,2026-05-30 15:00:00,200.0
EIA_67528,2026-05-30 15:00:00,150.0
EIA_67532,2026-05-30 15:00:00,5.0
EIA_67539,2026-05-30 15:00:00,1.6
EIA_67540,2026-05-30 15:00:00,2.3
EIA_67546,2026-05-30 15:00:00,0.36315465
EIA_67554,2026-05-30 15:00:00,1.88456
EIA_67583,2026-05-30 15:00:00,1.3
EIA_67584,2026-05-30 15:00:00,4.8
EIA_67597,2026-05-30 15:00:00,11.8
EIA_67600,2026-05-30 15:00:00,1.3744875
EIA_67623,2026-05-30 15:00:00,2.0
EIA_67624,2026-05-30 15:00:00,1.7356257
EIA_67628,2026-05-30 15:00:00,1.7391281
EIA_67644,2026-05-30 15:00:00,4.6397543
EIA_67675,2026-05-30 15:00:00,65.0
EIA_67678,2026-05-30 15:00:00,140.0
EIA_67684,2026-05-30 15:00:00,1.2370743
EIA_67686,2026-05-30 15:00:00,4.760732
EIA_67687,2026-05-30 15:00:00,1.7483189
EIA_67688,2026-05-30 15:00:00,0.23496693
EIA_67703,2026-05-30 15:00:00,3.6205735
EIA_67704,2026-05-30 15:00:00,1.4
EIA_67705,2026-05-30 15:00:00,2.3
EIA_67713,2026-05-30 15:00:00,3.3885865
EIA_67714,2026-05-30 15:00:00,1.5
EIA_67715,2026-05-30 15:00:00,2.0
EIA_67716,2026-05-30 15:00:00,1.9
EIA_67717,2026-05-30 15:00:00,1.902284
EIA_67718,2026-05-30 15:00:00,1.9
EIA_67719,2026-05-30 15:00:00,2.0
EIA_67727,2026-05-30 15:00:00,6.0
EIA_67728,2026-05-30 15:00:00,5.0
EIA_67735,2026-05-30 15:00:00,165.3575
EIA_67751,2026-05-30 15:00:00,1.8271147
EIA_67762,2026-05-30 15:00:00,255.9
EIA_67765,2026-05-30 15:00:00,150.0
EIA_67793,2026-05-30 15:00:00,1.7
EIA_67797,2026-05-30 15:00:00,160.0
EIA_67804,2026-05-30 15:00:00,1.5490181
EIA_67822,2026-05-30 15:00:00,1.5490189
EIA_67823,2026-05-30 15:00:00,235.0
EIA_67834,2026-05-30 15:00:00,48.0
EIA_67850,2026-05-30 15:00:00,42.0
EIA_67859,2026-05-30 15:00:00,4.0
EIA_67864,2026-05-30 15:00:00,3.3107374
EIA_67867,2026-05-30 15:00:00,56.345436
EIA_67872,2026-05-30 15:00:00,150.0
EIA_67873,2026-05-30 15:00:00,55.369114
EIA_67900,2026-05-30 15:00:00,1.3546531
EIA_67901,2026-05-30 15:00:00,0.5079949
EIA_67930,2026-05-30 15:00:00,200.0
EIA_67943,2026-05-30 15:00:00,2.217432
EIA_67957,2026-05-30 15:00:00,80.0
EIA_67964,2026-05-30 15:00:00,150.0
EIA_67965,2026-05-30 15:00:00,0.805392
EIA_67969,2026-05-30 15:00:00,8.577874
EIA_67979,2026-05-30 15:00:00,4.0698752
EIA_67997,2026-05-30 15:00:00,20.788227
EIA_68008,2026-05-30 15:00:00,3.6036649
EIA_68010,2026-05-30 15:00:00,5.0
EIA_68023,2026-05-30 15:00:00,12.0
EIA_68025,2026-05-30 15:00:00,3.0
EIA_68026,2026-05-30 15:00:00,4.8
EIA_68037,2026-05-30 15:00:00,2.0813012
EIA_68060,2026-05-30 15:00:00,22.197613
EIA_68077,2026-05-30 15:00:00,20.0
EIA_68088,2026-05-30 15:00:00,12.192027
EIA_68096,2026-05-30 15:00:00,3.0
EIA_68102,2026-05-30 15:00:00,2.4445739
EIA_68106,2026-05-30 15:00:00,43.415733
EIA_68107,2026-05-30 15:00:00,6.349096
EIA_68108,2026-05-30 15:00:00,5.5205526
EIA_68109,2026-05-30 15:00:00,0.92630243
EIA_68113,2026-05-30 15:00:00,1.7506574
EIA_68114,2026-05-30 15:00:00,5.761198
EIA_68157,2026-05-30 15:00:00,0.8045236
EIA_68163,2026-05-30 15:00:00,4.526174
EIA_68188,2026-05-30 15:00:00,3.4408042
EIA_68190,2026-05-30 15:00:00,3.4407465
EIA_68200,2026-05-30 15:00:00,276.03613
EIA_68223,2026-05-30 15:00:00,24.730202
EIA_68235,2026-05-30 15:00:00,0.94442546
EIA_68259,2026-05-30 15:00:00,3.3
EIA_68276,2026-05-30 15:00:00,43.821243
EIA_68279,2026-05-30 15:00:00,1.1
EIA_68281,2026-05-30 15:00:00,300.0
EIA_68286,2026-05-30 15:00:00,4.9
EIA_68327,2026-05-30 15:00:00,0.64105034
EIA_68372,2026-05-30 15:00:00,74.5
EIA_68398,2026-05-30 15:00:00,4.5140038
EIA_68418,2026-05-30 15:00:00,120.0
EIA_68427,2026-05-30 15:00:00,12.9
EIA_68431,2026-05-30 15:00:00,240.0
EIA_68436,2026-05-30 15:00:00,2.9
EIA_68442,2026-05-30 15:00:00,4.0
EIA_68458,2026-05-30 15:00:00,88.67045
EIA_68470,2026-05-30 15:00:00,159.37534
EIA_68472,2026-05-30 15:00:00,32.416214
EIA_68482,2026-05-30 15:00:00,49.9
EIA_68483,2026-05-30 15:00:00,168.01202
EIA_68488,2026-05-30 15:00:00,80.0
EIA_68489,2026-05-30 15:00:00,2.0
EIA_68516,2026-05-30 15:00:00,24.567877
EIA_68523,2026-05-30 15:00:00,0.7
EIA_68524,2026-05-30 15:00:00,0.7
EIA_68525,2026-05-30 15:00:00,0.7
EIA_68530,2026-05-30 15:00:00,1.6133686
EIA_68534,2026-05-30 15:00:00,150.0
EIA_68536,2026-05-30 15:00:00,148.33676
EIA_68537,2026-05-30 15:00:00,59.387184
EIA_68538,2026-05-30 15:00:00,2.3
EIA_68540,2026-05-30 15:00:00,1.3
EIA_68544,2026-05-30 15:00:00,2.0
EIA_68550,2026-05-30 15:00:00,0.25845808
EIA_68551,2026-05-30 15:00:00,64.21124
EIA_68587,2026-05-30 15:00:00,29.364878
EIA_68588,2026-05-30 15:00:00,29.364878
EIA_68595,2026-05-30 15:00:00,75.0
EIA_68615,2026-05-30 15:00:00,2.4
EIA_68670,2026-05-30 15:00:00,74.69498
EIA_68674,2026-05-30 15:00:00,2.388754
EIA_68682,2026-05-30 15:00:00,1.8188728
EIA_68706,2026-05-30 15:00:00,10.0
EIA_68708,2026-05-30 15:00:00,4.130995
EIA_68729,2026-05-30 15:00:00,2.4587848
EIA_68754,2026-05-30 15:00:00,4.1424613
EIA_68756,2026-05-30 15:00:00,4.2906184
EIA_68757,2026-05-30 15:00:00,2.273142
EIA_68776,2026-05-30 15:00:00,172.67592
EIA_68791,2026-05-30 15:00:00,1.1
EIA_68794,2026-05-30 15:00:00,1.5
EIA_68795,2026-05-30 15:00:00,1.7
EIA_68796,2026-05-30 15:00:00,1.1
EIA_68803,2026-05-30 15:00:00,1.5
EIA_68817,2026-05-30 15:00:00,13.525265
EIA_68820,2026-05-30 15:00:00,35.472248
EIA_68822,2026-05-30 15:00:00,15.246072
EIA_68823,2026-05-30 15:00:00,31.68836
EIA_68838,2026-05-30 15:00:00,478.32877
EIA_68846,2026-05-30 15:00:00,148.0
EIA_68856,2026-05-30 15:00:00,33.788692
EIA_68880,2026-05-30 15:00:00,116.10648
EIA_68885,2026-05-30 15:00:00,3.0
EIA_68886,2026-05-30 15:00:00,3.0
EIA_68892,2026-05-30 15:00:00,1.4
EIA_68894,2026-05-30 15:00:00,150.0
EIA_68906,2026-05-30 15:00:00,300.0
EIA_68919,2026-05-30 15:00:00,2.0
EIA_68921,2026-05-30 15:00:00,1.9605135
EIA_68927,2026-05-30 15:00:00,12.87255
EIA_68928,2026-05-30 15:00:00,8.76667
EIA_68941,2026-05-30 15:00:00,1.5
EIA_68943,2026-05-30 15:00:00,5.0
EIA_68944,2026-05-30 15:00:00,5.0
EIA_68945,2026-05-30 15:00:00,2.5
EIA_68957,2026-05-30 15:00:00,5.0
EIA_68960,2026-05-30 15:00:00,2.0
EIA_68964,2026-05-30 15:00:00,3.9
EIA_68966,2026-05-30 15:00:00,2.1063743
EIA_68971,2026-05-30 15:00:00,5.0
EIA_68991,2026-05-30 15:00:00,5.0
EIA_68998,2026-05-30 15:00:00,95.24049
EIA_69002,2026-05-30 15:00:00,1.7667329
EIA_69009,2026-05-30 15:00:00,2.0
EIA_69014,2026-05-30 15:00:00,1.1638112
EIA_69015,2026-05-30 15:00:00,4.617842
EIA_69016,2026-05-30 15:00:00,4.5
EIA_69017,2026-05-30 15:00:00,3.7
EIA_69018,2026-05-30 15:00:00,2.9587967
EIA_69027,2026-05-30 15:00:00,66.67868
EIA_69031,2026-05-30 15:00:00,2.0
EIA_69032,2026-05-30 15:00:00,3.6
EIA_69033,2026-05-30 15:00:00,3.105856
EIA_69039,2026-05-30 15:00:00,2.3
EIA_69042,2026-05-30 15:00:00,10.8
EIA_69043,2026-05-30 15:00:00,4.5033345
EIA_69046,2026-05-30 15:00:00,2.0
EIA_69048,2026-05-30 15:00:00,0.6320457
EIA_69051,2026-05-30 15:00:00,3.0
EIA_69061,2026-05-30 15:00:00,5.0
EIA_69062,2026-05-30 15:00:00,5.0
EIA_69063,2026-05-30 15:00:00,200.0
EIA_69066,2026-05-30 15:00:00,3.9864414
EIA_69068,2026-05-30 15:00:00,3.0
EIA_69070,2026-05-30 15:00:00,3.0835028
EIA_69078,2026-05-30 15:00:00,5.0
EIA_69086,2026-05-30 15:00:00,5.0
EIA_69095,2026-05-30 15:00:00,5.0
EIA_69096,2026-05-30 15:00:00,0.8123003
EIA_69100,2026-05-30 15:00:00,325.0
EIA_69101,2026-05-30 15:00:00,65.33706
EIA_69103,2026-05-30 15:00:00,5.0
EIA_69104,2026-05-30 15:00:00,5.0
EIA_69106,2026-05-30 15:00:00,5.0
EIA_69107,2026-05-30 15:00:00,5.0
EIA_69109,2026-05-30 15:00:00,1.4
EIA_69112,2026-05-30 15:00:00,1.3
EIA_69113,2026-05-30 15:00:00,2.7
EIA_69114,2026-05-30 15:00:00,3.5
EIA_69115,2026-05-30 15:00:00,0.8166184
EIA_69116,2026-05-30 15:00:00,2.5
EIA_69117,2026-05-30 15:00:00,1.0
EIA_69118,2026-05-30 15:00:00,1.1
EIA_69123,2026-05-30 15:00:00,3.1652799
EIA_69124,2026-05-30 15:00:00,0.54425067
EIA_69125,2026-05-30 15:00:00,0.4079916
EIA_69126,2026-05-30 15:00:00,0.72598606
EIA_69127,2026-05-30 15:00:00,0.70838606
EIA_69129,2026-05-30 15:00:00,0.97997385
EIA_69130,2026-05-30 15:00:00,4.0
EIA_69131,2026-05-30 15:00:00,1.1086303
EIA_69132,2026-05-30 15:00:00,1.7
EIA_69133,2026-05-30 15:00:00,0.8883021
EIA_69134,2026-05-30 15:00:00,0.787604
EIA_69135,2026-05-30 15:00:00,1.0
EIA_69137,2026-05-30 15:00:00,5.0
EIA_69140,2026-05-30 15:00:00,1.3
EIA_69141,2026-05-30 15:00:00,4.0
EIA_69142,2026-05-30 15:00:00,0.73536557
EIA_69143,2026-05-30 15:00:00,46.53269
EIA_69145,2026-05-30 15:00:00,0.2917104
EIA_69153,2026-05-30 15:00:00,3.76067
EIA_69154,2026-05-30 15:00:00,3.5350237
EIA_69161,2026-05-30 15:00:00,1.4851557
EIA_69163,2026-05-30 15:00:00,2.0
EIA_69164,2026-05-30 15:00:00,23.181883
EIA_69166,2026-05-30 15:00:00,116.99993
EIA_69172,2026-05-30 15:00:00,50.425526
EIA_69179,2026-05-30 15:00:00,5.0
EIA_69183,2026-05-30 15:00:00,2.0
EIA_69187,2026-05-30 15:00:00,8.154816
EIA_69188,2026-05-30 15:00:00,2.9
EIA_69190,2026-05-30 15:00:00,1.6
EIA_69192,2026-05-30 15:00:00,10.0
EIA_69193,2026-05-30 15:00:00,2.4801672
EIA_69201,2026-05-30 15:00:00,1.7419432
EIA_69210,2026-05-30 15:00:00,1.1
EIA_69212,2026-05-30 15:00:00,4.126377
EIA_69213,2026-05-30 15:00:00,4.914767
EIA_69214,2026-05-30 15:00:00,5.0
EIA_69216,2026-05-30 15:00:00,5.0
EIA_69219,2026-05-30 15:00:00,1.2137166
EIA_69221,2026-05-30 15:00:00,1.2
EIA_69227,2026-05-30 15:00:00,1.6067077
EIA_69228,2026-05-30 15:00:00,4.7662835
EIA_69230,2026-05-30 15:00:00,4.638394
EIA_69233,2026-05-30 15:00:00,1.0
EIA_69235,2026-05-30 15:00:00,20.0
EIA_69236,2026-05-30 15:00:00,3.2478313
EIA_69240,2026-05-30 15:00:00,3.3193238
EIA_69241,2026-05-30 15:00:00,3.77839
EIA_69243,2026-05-30 15:00:00,2.0347998
EIA_69247,2026-05-30 15:00:00,1.3
EIA_69248,2026-05-30 15:00:00,1.0
EIA_69261,2026-05-30 15:00:00,7.898654
EIA_69263,2026-05-30 15:00:00,9.21841
EIA_69264,2026-05-30 15:00:00,3.5
EIA_69265,2026-05-30 15:00:00,3.0917468
EIA_69273,2026-05-30 15:00:00,0.22970031
EIA_69280,2026-05-30 15:00:00,0.7281701
EIA_69281,2026-05-30 15:00:00,0.7281598
EIA_69284,2026-05-30 15:00:00,2.798533
EIA_69285,2026-05-30 15:00:00,2.1802125
EIA_69287,2026-05-30 15:00:00,9.9
EIA_69288,2026-05-30 15:00:00,1.6
EIA_69289,2026-05-30 15:00:00,9.9
EIA_69303,2026-05-30 15:00:00,0.89021885
EIA_69304,2026-05-30 15:00:00,0.52177304
EIA_69306,2026-05-30 15:00:00,8.8
EIA_69307,2026-05-30 15:00:00,0.7521173
EIA_69314,2026-05-30 15:00:00,2.0
EIA_69315,2026-05-30 15:00:00,4.3972483
EIA_69316,2026-05-30 15:00:00,5.0
EIA_69317,2026-05-30 15:00:00,4.7201557
EIA_69319,2026-05-30 15:00:00,131.0786
EIA_69320,2026-05-30 15:00:00,265.22253
EIA_69321,2026-05-30 15:00:00,97.65355
EIA_69325,2026-05-30 15:00:00,2.0
EIA_69326,2026-05-30 15:00:00,2.0
EIA_69328,2026-05-30 15:00:00,4.1
EIA_69330,2026-05-30 15:00:00,4.06444
EIA_69354,2026-05-30 15:00:00,74.9
EIA_69355,2026-05-30 15:00:00,31.157324
EIA_69368,2026-05-30 15:00:00,3.2811184
EIA_69370,2026-05-30 15:00:00,1.8
EIA_69374,2026-05-30 15:00:00,1.5
EIA_69378,2026-05-30 15:00:00,1.2841762
EIA_69379,2026-05-30 15:00:00,4.0429773
EIA_69380,2026-05-30 15:00:00,3.5578897
EIA_69381,2026-05-30 15:00:00,1.6
EIA_69382,2026-05-30 15:00:00,1.4
EIA_69386,2026-05-30 15:00:00,1.1955644
EIA_69387,2026-05-30 15:00:00,4.359859
EIA_69388,2026-05-30 15:00:00,72.038925
EIA_69389,2026-05-30 15:00:00,5.0
EIA_69390,2026-05-30 15:00:00,5.0
EIA_69391,2026-05-30 15:00:00,4.9
EIA_69395,2026-05-30 15:00:00,0.90160847
EIA_69396,2026-05-30 15:00:00,1.0827597
EIA_69397,2026-05-30 15:00:00,1.7869687
EIA_69398,2026-05-30 15:00:00,1.944622
EIA_69399,2026-05-30 15:00:00,1.3719909
EIA_69400,2026-05-30 15:00:00,2.255929
EIA_69401,2026-05-30 15:00:00,3.812732
EIA_69402,2026-05-30 15:00:00,5.0
EIA_69405,2026-05-30 15:00:00,4.208131
EIA_69406,2026-05-30 15:00:00,4.2082114
EIA_69408,2026-05-30 15:00:00,2.1
EIA_69409,2026-05-30 15:00:00,4.5897794
EIA_69410,2026-05-30 15:00:00,4.7615
EIA_69412,2026-05-30 15:00:00,2.8568997
EIA_69414,2026-05-30 15:00:00,186.56345
EIA_69419,2026-05-30 15:00:00,5.0
EIA_69420,2026-05-30 15:00:00,0.84235084
EIA_69421,2026-05-30 15:00:00,4.4896197
EIA_69425,2026-05-30 15:00:00,2.5248797
EIA_69428,2026-05-30 15:00:00,229.91092
EIA_69430,2026-05-30 15:00:00,6.0
EIA_69431,2026-05-30 15:00:00,5.0
EIA_69432,2026-05-30 15:00:00,6.0
EIA_69433,2026-05-30 15:00:00,6.0
EIA_69434,2026-05-30 15:00:00,2.0
EIA_69439,2026-05-30 15:00:00,2.0553346
EIA_69440,2026-05-30 15:00:00,2.744155
EIA_69441,2026-05-30 15:00:00,2.466268
EIA_69442,2026-05-30 15:00:00,5.0
EIA_69443,2026-05-30 15:00:00,2.2531614
EIA_69447,2026-05-30 15:00:00,1.0876659
EIA_69448,2026-05-30 15:00:00,1.6528194
EIA_69476,2026-05-30 15:00:00,100.0
EIA_69483,2026-05-30 15:00:00,2.8
EIA_69484,2026-05-30 15:00:00,3.0
EIA_69485,2026-05-30 15:00:00,2.1831424
EIA_69486,2026-05-30 15:00:00,2.5
EIA_69487,2026-05-30 15:00:00,1.7875651
EIA_69488,2026-05-30 15:00:00,1.9889411
EIA_69489,2026-05-30 15:00:00,1.2458901
EIA_69490,2026-05-30 15:00:00,1.8007914
EIA_69491,2026-05-30 15:00:00,2.24836
EIA_69492,2026-05-30 15:00:00,1.8930049
EIA_69493,2026-05-30 15:00:00,2.5
EIA_69494,2026-05-30 15:00:00,2.5
EIA_69495,2026-05-30 15:00:00,2.5
EIA_69498,2026-05-30 15:00:00,8.8
EIA_69499,2026-05-30 15:00:00,9.123188
EIA_69500,2026-05-30 15:00:00,3.8
EIA_69501,2026-05-30 15:00:00,6.0
EIA_69502,2026-05-30 15:00:00,4.0
EIA_69503,2026-05-30 15:00:00,6.0
EIA_69505,2026-05-30 15:00:00,10.92415
EIA_69518,2026-05-30 15:00:00,1.9157087
EIA_69519,2026-05-30 15:00:00,2.8735332
EIA_69525,2026-05-30 15:00:00,4.3
EIA_69526,2026-05-30 15:00:00,3.5344846
EIA_69527,2026-05-30 15:00:00,5.0
EIA_69528,2026-05-30 15:00:00,3.0
EIA_69529,2026-05-30 15:00:00,5.0
EIA_69530,2026-05-30 15:00:00,5.0
EIA_69531,2026-05-30 15:00:00,1.1835312
EIA_69532,2026-05-30 15:00:00,5.0
EIA_69536,2026-05-30 15:00:00,3.514048
EIA_69538,2026-05-30 15:00:00,4.186999
EIA_69542,2026-05-30 15:00:00,5.0
EIA_69543,2026-05-30 15:00:00,2.7266703
EIA_69544,2026-05-30 15:00:00,1.783893
EIA_69545,2026-05-30 15:00:00,0.11152469
EIA_69546,2026-05-30 15:00:00,0.68764305
EIA_69550,2026-05-30 15:00:00,117.0
EIA_69557,2026-05-30 15:00:00,5.0
EIA_69561,2026-05-30 15:00:00,4.0
EIA_69563,2026-05-30 15:00:00,2.3
EIA_69564,2026-05-30 15:00:00,0.93690073
EIA_69565,2026-05-30 15:00:00,3.1831856
EIA_69567,2026-05-30 15:00:00,3.0
EIA_69568,2026-05-30 15:00:00,0.8024787
EIA_69569,2026-05-30 15:00:00,2.574411
EIA_69570,2026-05-30 15:00:00,12.0
EIA_69571,2026-05-30 15:00:00,2.1113648
EIA_69572,2026-05-30 15:00:00,5.0
EIA_69573,2026-05-30 15:00:00,5.0
EIA_69580,2026-05-30 15:00:00,0.29325125
EIA_69581,2026-05-30 15:00:00,0.55015016
EIA_69587,2026-05-30 15:00:00,1.1798488
EIA_69596,2026-05-30 15:00:00,4.0
EIA_69597,2026-05-30 15:00:00,5.0
EIA_69598,2026-05-30 15:00:00,1.6390195
EIA_69599,2026-05-30 15:00:00,1.2516572
EIA_69600,2026-05-30 15:00:00,3.4126775
EIA_69601,2026-05-30 15:00:00,1.3650769
EIA_69604,2026-05-30 15:00:00,19.9
EIA_69612,2026-05-30 15:00:00,5.0
EIA_69613,2026-05-30 15:00:00,5.0
EIA_69615,2026-05-30 15:00:00,5.0
EIA_69617,2026-05-30 15:00:00,2.8
EIA_69618,2026-05-30 15:00:00,5.0
EIA_69621,2026-05-30 15:00:00,3.5662928
EIA_69622,2026-05-30 15:00:00,4.2354784
EIA_69623,2026-05-30 15:00:00,1.4578745
EIA_69624,2026-05-30 15:00:00,3.6446862
EIA_69630,2026-05-30 15:00:00,1.0
EIA_69645,2026-05-30 15:00:00,0.5187661
EIA_69646,2026-05-30 15:00:00,1.0
EIA_69651,2026-05-30 15:00:00,2.0
EIA_69652,2026-05-30 15:00:00,1.9009401
EIA_69653,2026-05-30 15:00:00,1.9009401
EIA_69655,2026-05-30 15:00:00,5.0
EIA_69656,2026-05-30 15:00:00,2.0756996
EIA_69675,2026-05-30 15:00:00,273.6
EIA_69676,2026-05-30 15:00:00,100.0
EIA_69680,2026-05-30 15:00:00,113.1
EIA_69682,2026-05-30 15:00:00,0.4406323
EIA_69683,2026-05-30 15:00:00,1.3
EIA_69686,2026-05-30 15:00:00,0.93386036
EIA_69692,2026-05-30 15:00:00,5.0
EIA_69693,2026-05-30 15:00:00,0.37070405
EIA_69696,2026-05-30 15:00:00,2.2
EIA_69700,2026-05-30 15:00:00,4.6824145
EIA_69703,2026-05-30 15:00:00,3.3
EIA_69705,2026-05-30 15:00:00,0.42657447
EIA_69707,2026-05-30 15:00:00,0.41200212
EIA_69709,2026-05-30 15:00:00,0.2943799
EIA_69712,2026-05-30 15:00:00,0.5999835
EIA_69714,2026-05-30 15:00:00,2.5014088
EIA_69715,2026-05-30 15:00:00,0.29437822
EIA_69716,2026-05-30 15:00:00,4.0
EIA_69717,2026-05-30 15:00:00,4.684857
EIA_69718,2026-05-30 15:00:00,4.4974627
EIA_69719,2026-05-30 15:00:00,2.8
EIA_69729,2026-05-30 15:00:00,1.7904185
EIA_69730,2026-05-30 15:00:00,2.9
EIA_69731,2026-05-30 15:00:00,1.3
EIA_69732,2026-05-30 15:00:00,5.0
EIA_69733,2026-05-30 15:00:00,4.5
EIA_69734,2026-05-30 15:00:00,0.8150324
EIA_69735,2026-05-30 15:00:00,4.329297
EIA_69736,2026-05-30 15:00:00,0.76921296
EIA_69737,2026-05-30 15:00:00,2.5
EIA_69739,2026-05-30 15:00:00,4.3814096
EIA_69740,2026-05-30 15:00:00,7.2
EIA_69744,2026-05-30 15:00:00,1.6742473
EIA_69746,2026-05-30 15:00:00,2.0
EIA_69748,2026-05-30 15:00:00,525.0
EIA_69754,2026-05-30 15:00:00,2.5
EIA_69757,2026-05-30 15:00:00,2.6
EIA_69758,2026-05-30 15:00:00,2.0
EIA_69759,2026-05-30 15:00:00,1.4
EIA_69774,2026-05-30 15:00:00,2.4
EIA_69800,2026-05-30 15:00:00,5.0
EIA_69801,2026-05-30 15:00:00,1.1738794
EIA_69802,2026-05-30 15:00:00,2.2876625
EIA_69822,2026-05-30 15:00:00,0.78964275
EIA_69824,2026-05-30 15:00:00,1.3744829
EIA_69856,2026-05-30 15:00:00,3.0
EIA_69863,2026-05-30 15:00:00,3.7
EIA_69875,2026-05-30 15:00:00,117.0
EIA_141,2026-05-30 16:00:00,0.2
EIA_960,2026-05-30 16:00:00,0.292714
EIA_1172,2026-05-30 16:00:00,0.65604687
EIA_1187,2026-05-30 16:00:00,0.7711881
EIA_10224,2026-05-30 16:00:00,0.5
EIA_10823,2026-05-30 16:00:00,0.005708595
EIA_50026,2026-05-30 16:00:00,22.288826
EIA_50061,2026-05-30 16:00:00,0.6522822
EIA_56322,2026-05-30 16:00:00,0.5
EIA_57775,2026-05-30 16:00:00,0.5
EIA_57785,2026-05-30 16:00:00,5.0
EIA_57806,2026-05-30 16:00:00,0.4
EIA_58173,2026-05-30 16:00:00,0.08896377
EIA_58413,2026-05-30 16:00:00,54.4
EIA_58422,2026-05-30 16:00:00,1.3
EIA_58556,2026-05-30 16:00:00,10.1
EIA_58689,2026-05-30 16:00:00,1.3
EIA_58899,2026-05-30 16:00:00,0.5
EIA_59133,2026-05-30 16:00:00,1.0
EIA_59272,2026-05-30 16:00:00,1.5
EIA_59776,2026-05-30 16:00:00,0.1970808
EIA_59786,2026-05-30 16:00:00,3.0
EIA_59988,2026-05-30 16:00:00,1.1
EIA_60452,2026-05-30 16:00:00,1.7998255
EIA_61703,2026-05-30 16:00:00,0.0936532
EIA_61796,2026-05-30 16:00:00,20.0
EIA_61820,2026-05-30 16:00:00,0.3408098
EIA_61822,2026-05-30 16:00:00,0.2
EIA_61852,2026-05-30 16:00:00,300.0
EIA_61910,2026-05-30 16:00:00,7.0
EIA_61967,2026-05-30 16:00:00,125.0
EIA_61990,2026-05-30 16:00:00,0.1
EIA_62027,2026-05-30 16:00:00,0.7
EIA_62186,2026-05-30 16:00:00,0.3279209
EIA_62344,2026-05-30 16:00:00,1.8465767
EIA_62397,2026-05-30 16:00:00,0.8051015
EIA_62442,2026-05-30 16:00:00,0.18772219
EIA_62494,2026-05-30 16:00:00,250.0
EIA_62545,2026-05-30 16:00:00,1.7
EIA_62737,2026-05-30 16:00:00,4.628563
EIA_62797,2026-05-30 16:00:00,100.0
EIA_63122,2026-05-30 16:00:00,0.92424357
EIA_63194,2026-05-30 16:00:00,98.96205
EIA_63211,2026-05-30 16:00:00,78.725105
EIA_63221,2026-05-30 16:00:00,0.8136784
EIA_63507,2026-05-30 16:00:00,60.0
EIA_63518,2026-05-30 16:00:00,57.87095
EIA_63542,2026-05-30 16:00:00,0.8482338
EIA_63882,2026-05-30 16:00:00,90.28824
EIA_63884,2026-05-30 16:00:00,79.52893
EIA_63946,2026-05-30 16:00:00,1.5987449
EIA_64117,2026-05-30 16:00:00,1.9147754
EIA_64132,2026-05-30 16:00:00,200.0
EIA_64210,2026-05-30 16:00:00,500.0
EIA_64222,2026-05-30 16:00:00,0.6086368
EIA_64223,2026-05-30 16:00:00,0.7
EIA_64430,2026-05-30 16:00:00,140.0
EIA_64442,2026-05-30 16:00:00,0.49946073
EIA_64446,2026-05-30 16:00:00,0.052603796
EIA_64509,2026-05-30 16:00:00,0.37161973
EIA_64512,2026-05-30 16:00:00,0.316256
EIA_64513,2026-05-30 16:00:00,0.35407802
EIA_64536,2026-05-30 16:00:00,128.3562
EIA_64564,2026-05-30 16:00:00,131.0
EIA_64567,2026-05-30 16:00:00,20.0
EIA_64729,2026-05-30 16:00:00,0.85611504
EIA_64745,2026-05-30 16:00:00,150.0
EIA_64858,2026-05-30 16:00:00,110.0
EIA_65006,2026-05-30 16:00:00,0.8738512
EIA_65024,2026-05-30 16:00:00,0.7332797
EIA_65072,2026-05-30 16:00:00,0.3
EIA_65139,2026-05-30 16:00:00,1.7732462
EIA_65149,2026-05-30 16:00:00,1.8472875
EIA_65279,2026-05-30 16:00:00,1.1837158
EIA_65401,2026-05-30 16:00:00,51.8
EIA_65405,2026-05-30 16:00:00,39.1032
EIA_65442,2026-05-30 16:00:00,0.8663173
EIA_65443,2026-05-30 16:00:00,1.0
EIA_65445,2026-05-30 16:00:00,164.08072
EIA_65463,2026-05-30 16:00:00,512.6262
EIA_65468,2026-05-30 16:00:00,0.5
EIA_65480,2026-05-30 16:00:00,145.0
EIA_65507,2026-05-30 16:00:00,2.3
EIA_65508,2026-05-30 16:00:00,2.0
EIA_65515,2026-05-30 16:00:00,0.97265536
EIA_65516,2026-05-30 16:00:00,0.9726658
EIA_65527,2026-05-30 16:00:00,2.5
EIA_65572,2026-05-30 16:00:00,250.0
EIA_65616,2026-05-30 16:00:00,2.6
EIA_65644,2026-05-30 16:00:00,249.89525
EIA_65659,2026-05-30 16:00:00,1.0
EIA_65827,2026-05-30 16:00:00,4.9170537
EIA_65849,2026-05-30 16:00:00,96.48878
EIA_65885,2026-05-30 16:00:00,46.66763
EIA_65887,2026-05-30 16:00:00,8.2279
EIA_65888,2026-05-30 16:00:00,74.5
EIA_65891,2026-05-30 16:00:00,92.83307
EIA_65894,2026-05-30 16:00:00,210.0
EIA_65905,2026-05-30 16:00:00,71.593544
EIA_65911,2026-05-30 16:00:00,71.21877
EIA_65913,2026-05-30 16:00:00,29.821058
EIA_65940,2026-05-30 16:00:00,1.5
EIA_66027,2026-05-30 16:00:00,9.456689
EIA_66107,2026-05-30 16:00:00,20.0
EIA_66256,2026-05-30 16:00:00,4.702227
EIA_66352,2026-05-30 16:00:00,5.0
EIA_66356,2026-05-30 16:00:00,1.9681294
EIA_66432,2026-05-30 16:00:00,2.0
EIA_66433,2026-05-30 16:00:00,0.98162776
EIA_66435,2026-05-30 16:00:00,0.8663283
EIA_66449,2026-05-30 16:00:00,1.0042868
EIA_66495,2026-05-30 16:00:00,4.391478
EIA_66520,2026-05-30 16:00:00,1.7977723
EIA_66523,2026-05-30 16:00:00,4.9064016
EIA_66647,2026-05-30 16:00:00,100.0
EIA_66649,2026-05-30 16:00:00,178.07785
EIA_66654,2026-05-30 16:00:00,2.0
EIA_66656,2026-05-30 16:00:00,2.0
EIA_66670,2026-05-30 16:00:00,150.0
EIA_66681,2026-05-30 16:00:00,46.938057
EIA_66688,2026-05-30 16:00:00,69.50353
EIA_66739,2026-05-30 16:00:00,1.5
EIA_66740,2026-05-30 16:00:00,1.5
EIA_66756,2026-05-30 16:00:00,40.8
EIA_66760,2026-05-30 16:00:00,3.0
EIA_66774,2026-05-30 16:00:00,405.54196
EIA_66775,2026-05-30 16:00:00,145.89859
EIA_66827,2026-05-30 16:00:00,0.8650806
EIA_66840,2026-05-30 16:00:00,51.1
EIA_66842,2026-05-30 16:00:00,64.0
EIA_66844,2026-05-30 16:00:00,150.0
EIA_66860,2026-05-30 16:00:00,100.0
EIA_66872,2026-05-30 16:00:00,61.608658
EIA_66886,2026-05-30 16:00:00,2.4
EIA_66890,2026-05-30 16:00:00,60.0
EIA_66892,2026-05-30 16:00:00,4.4
EIA_66897,2026-05-30 16:00:00,59.526104
EIA_66899,2026-05-30 16:00:00,5.8
EIA_66903,2026-05-30 16:00:00,310.0
EIA_66951,2026-05-30 16:00:00,200.0
EIA_66983,2026-05-30 16:00:00,13.5
EIA_67007,2026-05-30 16:00:00,20.0
EIA_67022,2026-05-30 16:00:00,175.0
EIA_67033,2026-05-30 16:00:00,3.8
EIA_67038,2026-05-30 16:00:00,135.0
EIA_67046,2026-05-30 16:00:00,210.0
EIA_67075,2026-05-30 16:00:00,123.370255
EIA_67076,2026-05-30 16:00:00,193.79095
EIA_67080,2026-05-30 16:00:00,2.693157
EIA_67086,2026-05-30 16:00:00,1.8
EIA_67124,2026-05-30 16:00:00,1.5
EIA_67125,2026-05-30 16:00:00,2.087171
EIA_67126,2026-05-30 16:00:00,2.7735355
EIA_67129,2026-05-30 16:00:00,18.680864
EIA_67133,2026-05-30 16:00:00,4.0420346
EIA_67135,2026-05-30 16:00:00,4.8
EIA_67158,2026-05-30 16:00:00,0.91620696
EIA_67169,2026-05-30 16:00:00,5.0
EIA_67174,2026-05-30 16:00:00,10.0
EIA_67177,2026-05-30 16:00:00,147.77902
EIA_67201,2026-05-30 16:00:00,9.8
EIA_67204,2026-05-30 16:00:00,100.0
EIA_67216,2026-05-30 16:00:00,18.026419
EIA_67217,2026-05-30 16:00:00,16.921768
EIA_67218,2026-05-30 16:00:00,20.0
EIA_67219,2026-05-30 16:00:00,20.0
EIA_67234,2026-05-30 16:00:00,0.7
EIA_67254,2026-05-30 16:00:00,2.0
EIA_67255,2026-05-30 16:00:00,2.0
EIA_67256,2026-05-30 16:00:00,2.0
EIA_67277,2026-05-30 16:00:00,0.6
EIA_67288,2026-05-30 16:00:00,3.0
EIA_67322,2026-05-30 16:00:00,11.2
EIA_67374,2026-05-30 16:00:00,5.0
EIA_67391,2026-05-30 16:00:00,4.0
EIA_67412,2026-05-30 16:00:00,3.3316715
EIA_67421,2026-05-30 16:00:00,84.4
EIA_67437,2026-05-30 16:00:00,3.920056
EIA_67447,2026-05-30 16:00:00,0.56974167
EIA_67469,2026-05-30 16:00:00,0.3080585
EIA_67474,2026-05-30 16:00:00,300.0
EIA_67490,2026-05-30 16:00:00,5.6
EIA_67497,2026-05-30 16:00:00,100.0
EIA_67503,2026-05-30 16:00:00,170.0
EIA_67511,2026-05-30 16:00:00,200.0
EIA_67528,2026-05-30 16:00:00,150.0
EIA_67532,2026-05-30 16:00:00,5.0
EIA_67539,2026-05-30 16:00:00,1.6
EIA_67540,2026-05-30 16:00:00,2.3
EIA_67546,2026-05-30 16:00:00,0.88028497
EIA_67554,2026-05-30 16:00:00,1.8316364
EIA_67583,2026-05-30 16:00:00,1.3
EIA_67584,2026-05-30 16:00:00,4.8
EIA_67597,2026-05-30 16:00:00,11.8
EIA_67600,2026-05-30 16:00:00,0.70179796
EIA_67623,2026-05-30 16:00:00,2.0
EIA_67624,2026-05-30 16:00:00,1.718443
EIA_67628,2026-05-30 16:00:00,1.7889627
EIA_67644,2026-05-30 16:00:00,4.971574
EIA_67675,2026-05-30 16:00:00,65.0
EIA_67678,2026-05-30 16:00:00,140.0
EIA_67684,2026-05-30 16:00:00,0.7074581
EIA_67686,2026-05-30 16:00:00,4.9
EIA_67687,2026-05-30 16:00:00,1.8453103
EIA_67688,2026-05-30 16:00:00,0.5757034
EIA_67703,2026-05-30 16:00:00,4.3146114
EIA_67704,2026-05-30 16:00:00,1.4
EIA_67705,2026-05-30 16:00:00,2.3
EIA_67713,2026-05-30 16:00:00,4.0
EIA_67714,2026-05-30 16:00:00,1.4886687
EIA_67715,2026-05-30 16:00:00,2.0
EIA_67716,2026-05-30 16:00:00,1.9
EIA_67717,2026-05-30 16:00:00,1.9767827
EIA_67718,2026-05-30 16:00:00,1.9
EIA_67719,2026-05-30 16:00:00,2.0
EIA_67727,2026-05-30 16:00:00,6.0
EIA_67728,2026-05-30 16:00:00,5.0
EIA_67735,2026-05-30 16:00:00,211.58974
EIA_67751,2026-05-30 16:00:00,1.8960387
EIA_67762,2026-05-30 16:00:00,49.63239
EIA_67765,2026-05-30 16:00:00,135.454
EIA_67793,2026-05-30 16:00:00,1.7
EIA_67797,2026-05-30 16:00:00,160.0
EIA_67804,2026-05-30 16:00:00,1.6336557
EIA_67822,2026-05-30 16:00:00,1.6336548
EIA_67823,2026-05-30 16:00:00,235.0
EIA_67834,2026-05-30 16:00:00,48.0
EIA_67850,2026-05-30 16:00:00,42.0
EIA_67859,2026-05-30 16:00:00,4.0
EIA_67864,2026-05-30 16:00:00,3.0584297
EIA_67867,2026-05-30 16:00:00,67.2
EIA_67872,2026-05-30 16:00:00,150.0
EIA_67873,2026-05-30 16:00:00,59.474308
EIA_67900,2026-05-30 16:00:00,1.2928277
EIA_67901,2026-05-30 16:00:00,0.4848104
EIA_67930,2026-05-30 16:00:00,194.98575
EIA_67943,2026-05-30 16:00:00,1.613445
EIA_67957,2026-05-30 16:00:00,77.71938
EIA_67964,2026-05-30 16:00:00,150.0
EIA_67965,2026-05-30 16:00:00,0.84788716
EIA_67969,2026-05-30 16:00:00,18.254044
EIA_67979,2026-05-30 16:00:00,5.0
EIA_67997,2026-05-30 16:00:00,15.818155
EIA_68008,2026-05-30 16:00:00,4.6325264
EIA_68010,2026-05-30 16:00:00,4.4852204
EIA_68023,2026-05-30 16:00:00,7.051165
EIA_68025,2026-05-30 16:00:00,3.0
EIA_68026,2026-05-30 16:00:00,4.8
EIA_68037,2026-05-30 16:00:00,2.9151719
EIA_68060,2026-05-30 16:00:00,23.403704
EIA_68077,2026-05-30 16:00:00,20.0
EIA_68088,2026-05-30 16:00:00,152.0
EIA_68096,2026-05-30 16:00:00,2.4928753
EIA_68102,2026-05-30 16:00:00,2.248374
EIA_68106,2026-05-30 16:00:00,18.680864
EIA_68107,2026-05-30 16:00:00,2.5710108
EIA_68108,2026-05-30 16:00:00,6.419221
EIA_68109,2026-05-30 16:00:00,1.3
EIA_68113,2026-05-30 16:00:00,0.83927244
EIA_68114,2026-05-30 16:00:00,6.5
EIA_68157,2026-05-30 16:00:00,0.86521274
EIA_68163,2026-05-30 16:00:00,3.174493
EIA_68188,2026-05-30 16:00:00,4.4250093
EIA_68190,2026-05-30 16:00:00,4.4249444
EIA_68200,2026-05-30 16:00:00,279.11713
EIA_68223,2026-05-30 16:00:00,28.566164
EIA_68235,2026-05-30 16:00:00,1.1
EIA_68259,2026-05-30 16:00:00,3.3
EIA_68276,2026-05-30 16:00:00,38.661663
EIA_68279,2026-05-30 16:00:00,1.1
EIA_68281,2026-05-30 16:00:00,300.0
EIA_68286,2026-05-30 16:00:00,4.1238337
EIA_68327,2026-05-30 16:00:00,1.0972071
EIA_68372,2026-05-30 16:00:00,20.070633
EIA_68398,2026-05-30 16:00:00,5.0
EIA_68418,2026-05-30 16:00:00,120.0
EIA_68427,2026-05-30 16:00:00,12.9
EIA_68431,2026-05-30 16:00:00,240.0
EIA_68436,2026-05-30 16:00:00,2.9
EIA_68442,2026-05-30 16:00:00,4.0
EIA_68458,2026-05-30 16:00:00,95.45295
EIA_68470,2026-05-30 16:00:00,180.0
EIA_68472,2026-05-30 16:00:00,67.14636
EIA_68482,2026-05-30 16:00:00,49.9
EIA_68483,2026-05-30 16:00:00,225.0
EIA_68488,2026-05-30 16:00:00,80.0
EIA_68489,2026-05-30 16:00:00,2.0
EIA_68516,2026-05-30 16:00:00,100.0
EIA_68523,2026-05-30 16:00:00,0.7
EIA_68524,2026-05-30 16:00:00,0.7
EIA_68525,2026-05-30 16:00:00,0.7
EIA_68530,2026-05-30 16:00:00,1.7670833
EIA_68534,2026-05-30 16:00:00,150.0
EIA_68536,2026-05-30 16:00:00,136.34515
EIA_68537,2026-05-30 16:00:00,98.13317
EIA_68538,2026-05-30 16:00:00,2.3
EIA_68540,2026-05-30 16:00:00,1.3
EIA_68544,2026-05-30 16:00:00,2.0
EIA_68550,2026-05-30 16:00:00,0.5352855
EIA_68551,2026-05-30 16:00:00,71.92957
EIA_68587,2026-05-30 16:00:00,56.772903
EIA_68588,2026-05-30 16:00:00,56.772903
EIA_68595,2026-05-30 16:00:00,54.781914
EIA_68615,2026-05-30 16:00:00,2.4
EIA_68670,2026-05-30 16:00:00,21.555925
EIA_68674,2026-05-30 16:00:00,1.5199113
EIA_68682,2026-05-30 16:00:00,0.89875096
EIA_68706,2026-05-30 16:00:00,8.0498295
EIA_68708,2026-05-30 16:00:00,3.0676222
EIA_68729,2026-05-30 16:00:00,2.9511247
EIA_68754,2026-05-30 16:00:00,1.8614274
EIA_68756,2026-05-30 16:00:00,4.068783
EIA_68757,2026-05-30 16:00:00,1.8910995
EIA_68776,2026-05-30 16:00:00,197.51715
EIA_68791,2026-05-30 16:00:00,1.1
EIA_68794,2026-05-30 16:00:00,1.5
EIA_68795,2026-05-30 16:00:00,1.7
EIA_68796,2026-05-30 16:00:00,1.1
EIA_68803,2026-05-30 16:00:00,1.5
EIA_68817,2026-05-30 16:00:00,32.802753
EIA_68820,2026-05-30 16:00:00,59.666992
EIA_68822,2026-05-30 16:00:00,28.27176
EIA_68823,2026-05-30 16:00:00,49.530273
EIA_68838,2026-05-30 16:00:00,515.0
EIA_68846,2026-05-30 16:00:00,148.0
EIA_68856,2026-05-30 16:00:00,90.5
EIA_68880,2026-05-30 16:00:00,130.19519
EIA_68885,2026-05-30 16:00:00,3.0
EIA_68886,2026-05-30 16:00:00,3.0
EIA_68892,2026-05-30 16:00:00,1.4
EIA_68894,2026-05-30 16:00:00,150.0
EIA_68906,2026-05-30 16:00:00,56.428127
EIA_68919,2026-05-30 16:00:00,1.8632934
EIA_68921,2026-05-30 16:00:00,1.9298878
EIA_68927,2026-05-30 16:00:00,23.869179
EIA_68928,2026-05-30 16:00:00,10.8
EIA_68941,2026-05-30 16:00:00,1.5
EIA_68943,2026-05-30 16:00:00,5.0
EIA_68944,2026-05-30 16:00:00,5.0
EIA_68945,2026-05-30 16:00:00,2.5
EIA_68957,2026-05-30 16:00:00,5.0
EIA_68960,2026-05-30 16:00:00,2.0
EIA_68964,2026-05-30 16:00:00,3.9
EIA_68966,2026-05-30 16:00:00,1.3475976
EIA_68971,2026-05-30 16:00:00,5.0
EIA_68991,2026-05-30 16:00:00,5.0
EIA_68998,2026-05-30 16:00:00,71.338455
EIA_69002,2026-05-30 16:00:00,2.5952318
EIA_69009,2026-05-30 16:00:00,2.0
EIA_69014,2026-05-30 16:00:00,1.971525
EIA_69015,2026-05-30 16:00:00,3.658824
EIA_69016,2026-05-30 16:00:00,4.5
EIA_69017,2026-05-30 16:00:00,3.7
EIA_69018,2026-05-30 16:00:00,3.4228578
EIA_69027,2026-05-30 16:00:00,95.41584
EIA_69031,2026-05-30 16:00:00,2.0
EIA_69032,2026-05-30 16:00:00,3.6
EIA_69033,2026-05-30 16:00:00,4.9
EIA_69039,2026-05-30 16:00:00,2.3
EIA_69042,2026-05-30 16:00:00,10.8
EIA_69043,2026-05-30 16:00:00,3.7988896
EIA_69046,2026-05-30 16:00:00,2.0
EIA_69048,2026-05-30 16:00:00,0.5681239
EIA_69051,2026-05-30 16:00:00,3.0
EIA_69061,2026-05-30 16:00:00,5.0
EIA_69062,2026-05-30 16:00:00,5.0
EIA_69063,2026-05-30 16:00:00,200.0
EIA_69066,2026-05-30 16:00:00,4.989306
EIA_69068,2026-05-30 16:00:00,3.0
EIA_69070,2026-05-30 16:00:00,3.931151
EIA_69078,2026-05-30 16:00:00,3.8440416
EIA_69086,2026-05-30 16:00:00,5.0
EIA_69095,2026-05-30 16:00:00,4.797691
EIA_69096,2026-05-30 16:00:00,3.5873568
EIA_69100,2026-05-30 16:00:00,325.0
EIA_69101,2026-05-30 16:00:00,124.64715
EIA_69103,2026-05-30 16:00:00,5.0
EIA_69104,2026-05-30 16:00:00,5.0
EIA_69106,2026-05-30 16:00:00,5.0
EIA_69107,2026-05-30 16:00:00,5.0
EIA_69109,2026-05-30 16:00:00,1.4
EIA_69112,2026-05-30 16:00:00,1.3
EIA_69113,2026-05-30 16:00:00,2.7
EIA_69114,2026-05-30 16:00:00,3.5
EIA_69115,2026-05-30 16:00:00,0.8907418
EIA_69116,2026-05-30 16:00:00,2.5
EIA_69117,2026-05-30 16:00:00,1.0
EIA_69118,2026-05-30 16:00:00,1.1
EIA_69123,2026-05-30 16:00:00,0.56137496
EIA_69124,2026-05-30 16:00:00,0.49910527
EIA_69125,2026-05-30 16:00:00,0.5412818
EIA_69126,2026-05-30 16:00:00,0.6533953
EIA_69127,2026-05-30 16:00:00,0.6446258
EIA_69129,2026-05-30 16:00:00,1.1058618
EIA_69130,2026-05-30 16:00:00,3.9521677
EIA_69131,2026-05-30 16:00:00,1.6203238
EIA_69132,2026-05-30 16:00:00,1.7
EIA_69133,2026-05-30 16:00:00,2.356004
EIA_69134,2026-05-30 16:00:00,0.7385047
EIA_69135,2026-05-30 16:00:00,1.0
EIA_69137,2026-05-30 16:00:00,5.0
EIA_69140,2026-05-30 16:00:00,1.3
EIA_69141,2026-05-30 16:00:00,4.0
EIA_69142,2026-05-30 16:00:00,1.0
EIA_69143,2026-05-30 16:00:00,51.972088
EIA_69145,2026-05-30 16:00:00,0.49833515
EIA_69153,2026-05-30 16:00:00,5.0
EIA_69154,2026-05-30 16:00:00,4.7
EIA_69161,2026-05-30 16:00:00,1.1737212
EIA_69163,2026-05-30 16:00:00,2.0
EIA_69164,2026-05-30 16:00:00,46.4855
EIA_69166,2026-05-30 16:00:00,191.9455
EIA_69172,2026-05-30 16:00:00,62.248127
EIA_69179,2026-05-30 16:00:00,4.768812
EIA_69183,2026-05-30 16:00:00,1.8779699
EIA_69187,2026-05-30 16:00:00,16.954105
EIA_69188,2026-05-30 16:00:00,2.9
EIA_69190,2026-05-30 16:00:00,1.6
EIA_69192,2026-05-30 16:00:00,10.0
EIA_69193,2026-05-30 16:00:00,2.5
EIA_69201,2026-05-30 16:00:00,2.0
EIA_69210,2026-05-30 16:00:00,0.8489799
EIA_69212,2026-05-30 16:00:00,4.3356204
EIA_69213,2026-05-30 16:00:00,5.0
EIA_69214,2026-05-30 16:00:00,5.0
EIA_69216,2026-05-30 16:00:00,5.0
EIA_69219,2026-05-30 16:00:00,2.4275153
EIA_69221,2026-05-30 16:00:00,1.2
EIA_69227,2026-05-30 16:00:00,1.0352991
EIA_69228,2026-05-30 16:00:00,4.255006
EIA_69230,2026-05-30 16:00:00,4.407941
EIA_69233,2026-05-30 16:00:00,1.0
EIA_69235,2026-05-30 16:00:00,20.0
EIA_69236,2026-05-30 16:00:00,25.660234
EIA_69240,2026-05-30 16:00:00,4.676233
EIA_69241,2026-05-30 16:00:00,3.363812
EIA_69243,2026-05-30 16:00:00,2.6
EIA_69247,2026-05-30 16:00:00,1.3
EIA_69248,2026-05-30 16:00:00,1.0
EIA_69261,2026-05-30 16:00:00,6.757444
EIA_69263,2026-05-30 16:00:00,9.977921
EIA_69264,2026-05-30 16:00:00,3.5
EIA_69265,2026-05-30 16:00:00,3.4373958
EIA_69273,2026-05-30 16:00:00,0.80939007
EIA_69280,2026-05-30 16:00:00,2.3852768
EIA_69281,2026-05-30 16:00:00,2.385261
EIA_69284,2026-05-30 16:00:00,2.1970966
EIA_69285,2026-05-30 16:00:00,1.931167
EIA_69287,2026-05-30 16:00:00,9.9
EIA_69288,2026-05-30 16:00:00,1.6
EIA_69289,2026-05-30 16:00:00,9.9
EIA_69303,2026-05-30 16:00:00,1.0
EIA_69304,2026-05-30 16:00:00,0.538558
EIA_69306,2026-05-30 16:00:00,8.8
EIA_69307,2026-05-30 16:00:00,0.91684824
EIA_69314,2026-05-30 16:00:00,2.0
EIA_69315,2026-05-30 16:00:00,5.0
EIA_69316,2026-05-30 16:00:00,5.0
EIA_69317,2026-05-30 16:00:00,5.0
EIA_69319,2026-05-30 16:00:00,186.93672
EIA_69320,2026-05-30 16:00:00,462.25696
EIA_69321,2026-05-30 16:00:00,139.26787
EIA_69325,2026-05-30 16:00:00,1.9974573
EIA_69326,2026-05-30 16:00:00,1.9974573
EIA_69328,2026-05-30 16:00:00,4.1
EIA_69330,2026-05-30 16:00:00,4.3944306
EIA_69354,2026-05-30 16:00:00,74.9
EIA_69355,2026-05-30 16:00:00,74.9
EIA_69368,2026-05-30 16:00:00,3.9607673
EIA_69370,2026-05-30 16:00:00,1.8
EIA_69374,2026-05-30 16:00:00,1.5
EIA_69378,2026-05-30 16:00:00,1.4708612
EIA_69379,2026-05-30 16:00:00,3.659248
EIA_69380,2026-05-30 16:00:00,3.2201085
EIA_69381,2026-05-30 16:00:00,1.6
EIA_69382,2026-05-30 16:00:00,1.4
EIA_69386,2026-05-30 16:00:00,0.61176366
EIA_69387,2026-05-30 16:00:00,5.0
EIA_69388,2026-05-30 16:00:00,100.0
EIA_69389,2026-05-30 16:00:00,4.6117625
EIA_69390,2026-05-30 16:00:00,4.6117625
EIA_69391,2026-05-30 16:00:00,4.673497
EIA_69395,2026-05-30 16:00:00,1.0405772
EIA_69396,2026-05-30 16:00:00,0.5125749
EIA_69397,2026-05-30 16:00:00,2.0
EIA_69398,2026-05-30 16:00:00,1.8970281
EIA_69399,2026-05-30 16:00:00,1.5834852
EIA_69400,2026-05-30 16:00:00,1.0679154
EIA_69401,2026-05-30 16:00:00,4.615982
EIA_69402,2026-05-30 16:00:00,5.0
EIA_69405,2026-05-30 16:00:00,5.0
EIA_69406,2026-05-30 16:00:00,5.0
EIA_69408,2026-05-30 16:00:00,2.1
EIA_69409,2026-05-30 16:00:00,3.8119504
EIA_69410,2026-05-30 16:00:00,3.6951165
EIA_69412,2026-05-30 16:00:00,2.2170699
EIA_69414,2026-05-30 16:00:00,270.0
EIA_69419,2026-05-30 16:00:00,5.0
EIA_69420,2026-05-30 16:00:00,0.8695144
EIA_69421,2026-05-30 16:00:00,2.8179572
EIA_69425,2026-05-30 16:00:00,3.0
EIA_69428,2026-05-30 16:00:00,250.0
EIA_69430,2026-05-30 16:00:00,6.0
EIA_69431,2026-05-30 16:00:00,5.0
EIA_69432,2026-05-30 16:00:00,6.0
EIA_69433,2026-05-30 16:00:00,6.0
EIA_69434,2026-05-30 16:00:00,2.0
EIA_69439,2026-05-30 16:00:00,4.9158607
EIA_69440,2026-05-30 16:00:00,3.8894312
EIA_69441,2026-05-30 16:00:00,2.6
EIA_69442,2026-05-30 16:00:00,4.886605
EIA_69443,2026-05-30 16:00:00,2.3
EIA_69447,2026-05-30 16:00:00,1.1182679
EIA_69448,2026-05-30 16:00:00,3.0156393
EIA_69476,2026-05-30 16:00:00,100.0
EIA_69483,2026-05-30 16:00:00,2.8
EIA_69484,2026-05-30 16:00:00,3.0
EIA_69485,2026-05-30 16:00:00,2.4784782
EIA_69486,2026-05-30 16:00:00,2.5
EIA_69487,2026-05-30 16:00:00,2.5
EIA_69488,2026-05-30 16:00:00,2.4181583
EIA_69489,2026-05-30 16:00:00,1.8962587
EIA_69490,2026-05-30 16:00:00,2.1031938
EIA_69491,2026-05-30 16:00:00,2.5
EIA_69492,2026-05-30 16:00:00,2.5
EIA_69493,2026-05-30 16:00:00,2.5
EIA_69494,2026-05-30 16:00:00,2.5
EIA_69495,2026-05-30 16:00:00,2.4465618
EIA_69498,2026-05-30 16:00:00,8.8
EIA_69499,2026-05-30 16:00:00,16.339571
EIA_69500,2026-05-30 16:00:00,3.8
EIA_69501,2026-05-30 16:00:00,6.0
EIA_69502,2026-05-30 16:00:00,4.0
EIA_69503,2026-05-30 16:00:00,6.0
EIA_69505,2026-05-30 16:00:00,9.650221
EIA_69518,2026-05-30 16:00:00,2.0
EIA_69519,2026-05-30 16:00:00,3.0
EIA_69525,2026-05-30 16:00:00,4.3
EIA_69526,2026-05-30 16:00:00,4.419637
EIA_69527,2026-05-30 16:00:00,4.919519
EIA_69528,2026-05-30 16:00:00,3.0
EIA_69529,2026-05-30 16:00:00,5.0
EIA_69530,2026-05-30 16:00:00,5.0
EIA_69531,2026-05-30 16:00:00,0.9064836
EIA_69532,2026-05-30 16:00:00,5.0
EIA_69536,2026-05-30 16:00:00,4.2743373
EIA_69538,2026-05-30 16:00:00,52.2
EIA_69542,2026-05-30 16:00:00,5.0
EIA_69543,2026-05-30 16:00:00,2.8838024
EIA_69544,2026-05-30 16:00:00,1.9517342
EIA_69545,2026-05-30 16:00:00,0.25138673
EIA_69546,2026-05-30 16:00:00,0.80908906
EIA_69550,2026-05-30 16:00:00,117.0
EIA_69557,2026-05-30 16:00:00,5.0
EIA_69561,2026-05-30 16:00:00,4.0
EIA_69563,2026-05-30 16:00:00,2.3
EIA_69564,2026-05-30 16:00:00,0.097987115
EIA_69565,2026-05-30 16:00:00,0.30865675
EIA_69567,2026-05-30 16:00:00,3.0
EIA_69568,2026-05-30 16:00:00,0.14418796
EIA_69569,2026-05-30 16:00:00,2.811745
EIA_69570,2026-05-30 16:00:00,12.0
EIA_69571,2026-05-30 16:00:00,1.8600506
EIA_69572,2026-05-30 16:00:00,4.1431675
EIA_69573,2026-05-30 16:00:00,2.3253465
EIA_69580,2026-05-30 16:00:00,0.51790035
EIA_69581,2026-05-30 16:00:00,0.40174595
EIA_69587,2026-05-30 16:00:00,1.3699425
EIA_69596,2026-05-30 16:00:00,4.0
EIA_69597,2026-05-30 16:00:00,5.0
EIA_69598,2026-05-30 16:00:00,1.279728
EIA_69599,2026-05-30 16:00:00,0.86044955
EIA_69600,2026-05-30 16:00:00,5.0
EIA_69601,2026-05-30 16:00:00,2.0
EIA_69604,2026-05-30 16:00:00,19.9
EIA_69612,2026-05-30 16:00:00,5.0
EIA_69613,2026-05-30 16:00:00,5.0
EIA_69615,2026-05-30 16:00:00,5.0
EIA_69617,2026-05-30 16:00:00,2.8
EIA_69618,2026-05-30 16:00:00,5.0
EIA_69621,2026-05-30 16:00:00,2.2453668
EIA_69622,2026-05-30 16:00:00,5.0
EIA_69623,2026-05-30 16:00:00,2.0
EIA_69624,2026-05-30 16:00:00,5.0
EIA_69630,2026-05-30 16:00:00,0.73909134
EIA_69645,2026-05-30 16:00:00,0.43886387
EIA_69646,2026-05-30 16:00:00,0.8814876
EIA_69651,2026-05-30 16:00:00,2.0
EIA_69652,2026-05-30 16:00:00,1.3994176
EIA_69653,2026-05-30 16:00:00,1.3994176
EIA_69655,2026-05-30 16:00:00,4.3744707
EIA_69656,2026-05-30 16:00:00,1.9753997
EIA_69675,2026-05-30 16:00:00,135.53667
EIA_69676,2026-05-30 16:00:00,93.6425
EIA_69680,2026-05-30 16:00:00,113.1
EIA_69682,2026-05-30 16:00:00,0.65194035
EIA_69683,2026-05-30 16:00:00,1.3
EIA_69686,2026-05-30 16:00:00,1.7773685
EIA_69692,2026-05-30 16:00:00,5.0
EIA_69693,2026-05-30 16:00:00,0.43232578
EIA_69696,2026-05-30 16:00:00,2.2
EIA_69700,2026-05-30 16:00:00,4.7
EIA_69703,2026-05-30 16:00:00,3.3
EIA_69705,2026-05-30 16:00:00,0.32056114
EIA_69707,2026-05-30 16:00:00,0.5240735
EIA_69709,2026-05-30 16:00:00,0.31541777
EIA_69712,2026-05-30 16:00:00,0.6
EIA_69714,2026-05-30 16:00:00,3.6
EIA_69715,2026-05-30 16:00:00,0.31541657
EIA_69716,2026-05-30 16:00:00,4.0
EIA_69717,2026-05-30 16:00:00,5.0
EIA_69718,2026-05-30 16:00:00,4.8
EIA_69719,2026-05-30 16:00:00,2.8
EIA_69729,2026-05-30 16:00:00,1.7574761
EIA_69730,2026-05-30 16:00:00,2.9
EIA_69731,2026-05-30 16:00:00,1.3
EIA_69732,2026-05-30 16:00:00,4.334867
EIA_69733,2026-05-30 16:00:00,3.901391
EIA_69734,2026-05-30 16:00:00,0.60284555
EIA_69735,2026-05-30 16:00:00,3.8202496
EIA_69736,2026-05-30 16:00:00,0.35374013
EIA_69737,2026-05-30 16:00:00,2.5
EIA_69739,2026-05-30 16:00:00,3.800419
EIA_69740,2026-05-30 16:00:00,7.2
EIA_69744,2026-05-30 16:00:00,1.7936821
EIA_69746,2026-05-30 16:00:00,1.9283167
EIA_69748,2026-05-30 16:00:00,525.0
EIA_69754,2026-05-30 16:00:00,1.9045562
EIA_69757,2026-05-30 16:00:00,2.6
EIA_69758,2026-05-30 16:00:00,2.0
EIA_69759,2026-05-30 16:00:00,1.4
EIA_69774,2026-05-30 16:00:00,2.4
EIA_69800,2026-05-30 16:00:00,4.569533
EIA_69801,2026-05-30 16:00:00,1.2812874
EIA_69802,2026-05-30 16:00:00,3.0759904
EIA_69822,2026-05-30 16:00:00,1.0
EIA_69824,2026-05-30 16:00:00,1.4210174
EIA_69856,2026-05-30 16:00:00,3.0
EIA_69863,2026-05-30 16:00:00,3.7
EIA_69875,2026-05-30 16:00:00,117.0
EIA_141,2026-05-30 17:00:00,0.2
EIA_960,2026-05-30 17:00:00,0.28124794
EIA_1172,2026-05-30 17:00:00,0.58917814
EIA_1187,2026-05-30 17:00:00,0.6464905
EIA_10224,2026-05-30 17:00:00,0.5
EIA_10823,2026-05-30 17:00:00,0.018639723
EIA_50026,2026-05-30 17:00:00,22.62067
EIA_50061,2026-05-30 17:00:00,0.8
EIA_56322,2026-05-30 17:00:00,0.5
EIA_57775,2026-05-30 17:00:00,0.5
EIA_57785,2026-05-30 17:00:00,5.0
EIA_57806,2026-05-30 17:00:00,0.4
EIA_58173,2026-05-30 17:00:00,0.09779812
EIA_58413,2026-05-30 17:00:00,54.4
EIA_58422,2026-05-30 17:00:00,1.3
EIA_58556,2026-05-30 17:00:00,10.1
EIA_58689,2026-05-30 17:00:00,1.3
EIA_58899,2026-05-30 17:00:00,0.5
EIA_59133,2026-05-30 17:00:00,1.0
EIA_59272,2026-05-30 17:00:00,1.5
EIA_59776,2026-05-30 17:00:00,0.2
EIA_59786,2026-05-30 17:00:00,3.0
EIA_59988,2026-05-30 17:00:00,1.1
EIA_60452,2026-05-30 17:00:00,2.3553178
EIA_61703,2026-05-30 17:00:00,0.070519
EIA_61796,2026-05-30 17:00:00,20.0
EIA_61820,2026-05-30 17:00:00,0.48432398
EIA_61822,2026-05-30 17:00:00,0.2
EIA_61852,2026-05-30 17:00:00,300.0
EIA_61910,2026-05-30 17:00:00,7.0
EIA_61967,2026-05-30 17:00:00,108.76401
EIA_61990,2026-05-30 17:00:00,0.1
EIA_62027,2026-05-30 17:00:00,0.7
EIA_62186,2026-05-30 17:00:00,0.51902753
EIA_62344,2026-05-30 17:00:00,1.1838582
EIA_62397,2026-05-30 17:00:00,1.906972
EIA_62442,2026-05-30 17:00:00,0.3499848
EIA_62494,2026-05-30 17:00:00,250.0
EIA_62545,2026-05-30 17:00:00,1.7
EIA_62737,2026-05-30 17:00:00,5.0
EIA_62797,2026-05-30 17:00:00,99.45699
EIA_63122,2026-05-30 17:00:00,0.99514335
EIA_63194,2026-05-30 17:00:00,227.8614
EIA_63211,2026-05-30 17:00:00,105.587456
EIA_63221,2026-05-30 17:00:00,0.87003464
EIA_63507,2026-05-30 17:00:00,60.0
EIA_63518,2026-05-30 17:00:00,74.9
EIA_63542,2026-05-30 17:00:00,0.808993
EIA_63882,2026-05-30 17:00:00,145.3968
EIA_63884,2026-05-30 17:00:00,138.00671
EIA_63946,2026-05-30 17:00:00,1.7150663
EIA_64117,2026-05-30 17:00:00,4.879683
EIA_64132,2026-05-30 17:00:00,200.0
EIA_64210,2026-05-30 17:00:00,500.0
EIA_64222,2026-05-30 17:00:00,0.30804896
EIA_64223,2026-05-30 17:00:00,0.5789979
EIA_64430,2026-05-30 17:00:00,140.0
EIA_64442,2026-05-30 17:00:00,0.44437024
EIA_64446,2026-05-30 17:00:00,0.24706037
EIA_64509,2026-05-30 17:00:00,0.020686368
EIA_64512,2026-05-30 17:00:00,0.2137872
EIA_64513,2026-05-30 17:00:00,0.5
EIA_64536,2026-05-30 17:00:00,135.0
EIA_64564,2026-05-30 17:00:00,131.0
EIA_64567,2026-05-30 17:00:00,20.0
EIA_64729,2026-05-30 17:00:00,0.8677589
EIA_64745,2026-05-30 17:00:00,150.0
EIA_64858,2026-05-30 17:00:00,110.0
EIA_65006,2026-05-30 17:00:00,0.87237984
EIA_65024,2026-05-30 17:00:00,0.86737704
EIA_65072,2026-05-30 17:00:00,0.3
EIA_65139,2026-05-30 17:00:00,1.394028
EIA_65149,2026-05-30 17:00:00,1.984295
EIA_65279,2026-05-30 17:00:00,1.634722
EIA_65401,2026-05-30 17:00:00,51.31558
EIA_65405,2026-05-30 17:00:00,36.89003
EIA_65442,2026-05-30 17:00:00,0.86333483
EIA_65443,2026-05-30 17:00:00,0.952959
EIA_65445,2026-05-30 17:00:00,76.1342
EIA_65463,2026-05-30 17:00:00,577.17505
EIA_65468,2026-05-30 17:00:00,0.5
EIA_65480,2026-05-30 17:00:00,145.0
EIA_65507,2026-05-30 17:00:00,2.3
EIA_65508,2026-05-30 17:00:00,2.0
EIA_65515,2026-05-30 17:00:00,0.9438426
EIA_65516,2026-05-30 17:00:00,0.94384396
EIA_65527,2026-05-30 17:00:00,2.5
EIA_65572,2026-05-30 17:00:00,250.0
EIA_65616,2026-05-30 17:00:00,2.6
EIA_65644,2026-05-30 17:00:00,326.6
EIA_65659,2026-05-30 17:00:00,1.0
EIA_65827,2026-05-30 17:00:00,5.0
EIA_65849,2026-05-30 17:00:00,67.504395
EIA_65885,2026-05-30 17:00:00,65.043945
EIA_65887,2026-05-30 17:00:00,26.873426
EIA_65888,2026-05-30 17:00:00,74.46582
EIA_65891,2026-05-30 17:00:00,111.77202
EIA_65894,2026-05-30 17:00:00,210.0
EIA_65905,2026-05-30 17:00:00,52.725525
EIA_65911,2026-05-30 17:00:00,71.12859
EIA_65913,2026-05-30 17:00:00,45.987785
EIA_65940,2026-05-30 17:00:00,1.4806701
EIA_66027,2026-05-30 17:00:00,21.704092
EIA_66107,2026-05-30 17:00:00,20.0
EIA_66256,2026-05-30 17:00:00,4.9249854
EIA_66352,2026-05-30 17:00:00,3.19872
EIA_66356,2026-05-30 17:00:00,4.783375
EIA_66432,2026-05-30 17:00:00,2.0
EIA_66433,2026-05-30 17:00:00,1.0
EIA_66435,2026-05-30 17:00:00,0.86333215
EIA_66449,2026-05-30 17:00:00,2.0899067
EIA_66495,2026-05-30 17:00:00,4.4337764
EIA_66520,2026-05-30 17:00:00,1.6848183
EIA_66523,2026-05-30 17:00:00,5.0
EIA_66647,2026-05-30 17:00:00,100.0
EIA_66649,2026-05-30 17:00:00,146.46243
EIA_66654,2026-05-30 17:00:00,2.0
EIA_66656,2026-05-30 17:00:00,2.0
EIA_66670,2026-05-30 17:00:00,150.0
EIA_66681,2026-05-30 17:00:00,46.91467
EIA_66688,2026-05-30 17:00:00,263.4129
EIA_66739,2026-05-30 17:00:00,1.5
EIA_66740,2026-05-30 17:00:00,1.5
EIA_66756,2026-05-30 17:00:00,40.8
EIA_66760,2026-05-30 17:00:00,3.0
EIA_66774,2026-05-30 17:00:00,408.9
EIA_66775,2026-05-30 17:00:00,200.0
EIA_66827,2026-05-30 17:00:00,0.98800015
EIA_66840,2026-05-30 17:00:00,51.1
EIA_66842,2026-05-30 17:00:00,64.0
EIA_66844,2026-05-30 17:00:00,150.0
EIA_66860,2026-05-30 17:00:00,100.0
EIA_66872,2026-05-30 17:00:00,106.896935
EIA_66886,2026-05-30 17:00:00,2.4
EIA_66890,2026-05-30 17:00:00,60.0
EIA_66892,2026-05-30 17:00:00,4.4
EIA_66897,2026-05-30 17:00:00,97.5
EIA_66899,2026-05-30 17:00:00,5.8
EIA_66903,2026-05-30 17:00:00,310.0
EIA_66951,2026-05-30 17:00:00,200.0
EIA_66983,2026-05-30 17:00:00,13.5
EIA_67007,2026-05-30 17:00:00,20.0
EIA_67022,2026-05-30 17:00:00,175.0
EIA_67033,2026-05-30 17:00:00,3.8
EIA_67038,2026-05-30 17:00:00,122.31721
EIA_67046,2026-05-30 17:00:00,210.0
EIA_67075,2026-05-30 17:00:00,143.37886
EIA_67076,2026-05-30 17:00:00,200.0
EIA_67080,2026-05-30 17:00:00,4.5976996
EIA_67086,2026-05-30 17:00:00,1.8
EIA_67124,2026-05-30 17:00:00,1.4502423
EIA_67125,2026-05-30 17:00:00,1.6325263
EIA_67126,2026-05-30 17:00:00,4.3
EIA_67129,2026-05-30 17:00:00,96.445915
EIA_67133,2026-05-30 17:00:00,3.4565353
EIA_67135,2026-05-30 17:00:00,2.0609362
EIA_67158,2026-05-30 17:00:00,1.3
EIA_67169,2026-05-30 17:00:00,5.0
EIA_67174,2026-05-30 17:00:00,10.0
EIA_67177,2026-05-30 17:00:00,153.0
EIA_67201,2026-05-30 17:00:00,9.8
EIA_67204,2026-05-30 17:00:00,100.0
EIA_67216,2026-05-30 17:00:00,17.523973
EIA_67217,2026-05-30 17:00:00,20.0
EIA_67218,2026-05-30 17:00:00,20.0
EIA_67219,2026-05-30 17:00:00,20.0
EIA_67234,2026-05-30 17:00:00,0.7
EIA_67254,2026-05-30 17:00:00,2.0
EIA_67255,2026-05-30 17:00:00,2.0
EIA_67256,2026-05-30 17:00:00,2.0
EIA_67277,2026-05-30 17:00:00,0.6
EIA_67288,2026-05-30 17:00:00,3.0
EIA_67322,2026-05-30 17:00:00,11.2
EIA_67374,2026-05-30 17:00:00,5.0
EIA_67391,2026-05-30 17:00:00,4.0
EIA_67412,2026-05-30 17:00:00,2.3096535
EIA_67421,2026-05-30 17:00:00,84.4
EIA_67437,2026-05-30 17:00:00,3.7728217
EIA_67447,2026-05-30 17:00:00,0.5684222
EIA_67469,2026-05-30 17:00:00,0.37513176
EIA_67474,2026-05-30 17:00:00,300.0
EIA_67490,2026-05-30 17:00:00,5.6
EIA_67497,2026-05-30 17:00:00,100.0
EIA_67503,2026-05-30 17:00:00,170.0
EIA_67511,2026-05-30 17:00:00,200.0
EIA_67528,2026-05-30 17:00:00,150.0
EIA_67532,2026-05-30 17:00:00,5.0
EIA_67539,2026-05-30 17:00:00,1.6
EIA_67540,2026-05-30 17:00:00,2.3
EIA_67546,2026-05-30 17:00:00,0.9020721
EIA_67554,2026-05-30 17:00:00,1.7005968
EIA_67583,2026-05-30 17:00:00,1.3
EIA_67584,2026-05-30 17:00:00,4.8
EIA_67597,2026-05-30 17:00:00,11.8
EIA_67600,2026-05-30 17:00:00,0.60670555
EIA_67623,2026-05-30 17:00:00,2.0
EIA_67624,2026-05-30 17:00:00,1.7762767
EIA_67628,2026-05-30 17:00:00,1.7359505
EIA_67644,2026-05-30 17:00:00,4.9518485
EIA_67675,2026-05-30 17:00:00,65.0
EIA_67678,2026-05-30 17:00:00,140.0
EIA_67684,2026-05-30 17:00:00,1.7009997
EIA_67686,2026-05-30 17:00:00,4.9
EIA_67687,2026-05-30 17:00:00,1.738758
EIA_67688,2026-05-30 17:00:00,1.5683522
EIA_67703,2026-05-30 17:00:00,4.096255
EIA_67704,2026-05-30 17:00:00,1.4
EIA_67705,2026-05-30 17:00:00,2.3
EIA_67713,2026-05-30 17:00:00,4.0
EIA_67714,2026-05-30 17:00:00,1.456256
EIA_67715,2026-05-30 17:00:00,2.0
EIA_67716,2026-05-30 17:00:00,1.9
EIA_67717,2026-05-30 17:00:00,1.5874269
EIA_67718,2026-05-30 17:00:00,1.9
EIA_67719,2026-05-30 17:00:00,2.0
EIA_67727,2026-05-30 17:00:00,6.0
EIA_67728,2026-05-30 17:00:00,5.0
EIA_67735,2026-05-30 17:00:00,212.81644
EIA_67751,2026-05-30 17:00:00,1.7639388
EIA_67762,2026-05-30 17:00:00,231.6118
EIA_67765,2026-05-30 17:00:00,123.673035
EIA_67793,2026-05-30 17:00:00,1.7
EIA_67797,2026-05-30 17:00:00,160.0
EIA_67804,2026-05-30 17:00:00,1.884013
EIA_67822,2026-05-30 17:00:00,1.8840129
EIA_67823,2026-05-30 17:00:00,235.0
EIA_67834,2026-05-30 17:00:00,48.0
EIA_67850,2026-05-30 17:00:00,42.0
EIA_67859,2026-05-30 17:00:00,4.0
EIA_67864,2026-05-30 17:00:00,7.116441
EIA_67867,2026-05-30 17:00:00,66.23261
EIA_67872,2026-05-30 17:00:00,140.86848
EIA_67873,2026-05-30 17:00:00,45.917118
EIA_67900,2026-05-30 17:00:00,1.128847
EIA_67901,2026-05-30 17:00:00,0.4233176
EIA_67930,2026-05-30 17:00:00,179.4551
EIA_67943,2026-05-30 17:00:00,2.8376608
EIA_67957,2026-05-30 17:00:00,80.0
EIA_67964,2026-05-30 17:00:00,150.0
EIA_67965,2026-05-30 17:00:00,1.3
EIA_67969,2026-05-30 17:00:00,6.1971045
EIA_67979,2026-05-30 17:00:00,5.0
EIA_67997,2026-05-30 17:00:00,17.698694
EIA_68008,2026-05-30 17:00:00,5.0
EIA_68010,2026-05-30 17:00:00,5.0
EIA_68023,2026-05-30 17:00:00,12.0
EIA_68025,2026-05-30 17:00:00,3.0
EIA_68026,2026-05-30 17:00:00,4.8
EIA_68037,2026-05-30 17:00:00,3.3485677
EIA_68060,2026-05-30 17:00:00,73.29264
EIA_68077,2026-05-30 17:00:00,20.0
EIA_68088,2026-05-30 17:00:00,150.13385
EIA_68096,2026-05-30 17:00:00,1.6221128
EIA_68102,2026-05-30 17:00:00,1.203589
EIA_68106,2026-05-30 17:00:00,96.445915
EIA_68107,2026-05-30 17:00:00,4.212242
EIA_68108,2026-05-30 17:00:00,7.5
EIA_68109,2026-05-30 17:00:00,1.0792632
EIA_68113,2026-05-30 17:00:00,1.0128609
EIA_68114,2026-05-30 17:00:00,3.0024333
EIA_68157,2026-05-30 17:00:00,0.99225307
EIA_68163,2026-05-30 17:00:00,4.2877345
EIA_68188,2026-05-30 17:00:00,5.0
EIA_68190,2026-05-30 17:00:00,5.0
EIA_68200,2026-05-30 17:00:00,310.61166
EIA_68223,2026-05-30 17:00:00,26.546946
EIA_68235,2026-05-30 17:00:00,1.1
EIA_68259,2026-05-30 17:00:00,3.3
EIA_68276,2026-05-30 17:00:00,74.5
EIA_68279,2026-05-30 17:00:00,1.1
EIA_68281,2026-05-30 17:00:00,300.0
EIA_68286,2026-05-30 17:00:00,4.6638403
EIA_68327,2026-05-30 17:00:00,0.99742895
EIA_68372,2026-05-30 17:00:00,30.382347
EIA_68398,2026-05-30 17:00:00,5.0
EIA_68418,2026-05-30 17:00:00,120.0
EIA_68427,2026-05-30 17:00:00,12.9
EIA_68431,2026-05-30 17:00:00,240.0
EIA_68436,2026-05-30 17:00:00,2.9
EIA_68442,2026-05-30 17:00:00,4.0
EIA_68458,2026-05-30 17:00:00,198.67152
EIA_68470,2026-05-30 17:00:00,180.0
EIA_68472,2026-05-30 17:00:00,31.664715
EIA_68482,2026-05-30 17:00:00,49.9
EIA_68483,2026-05-30 17:00:00,225.0
EIA_68488,2026-05-30 17:00:00,80.0
EIA_68489,2026-05-30 17:00:00,2.0
EIA_68516,2026-05-30 17:00:00,94.609245
EIA_68523,2026-05-30 17:00:00,0.7
EIA_68524,2026-05-30 17:00:00,0.7
EIA_68525,2026-05-30 17:00:00,0.7
EIA_68530,2026-05-30 17:00:00,1.56217
EIA_68534,2026-05-30 17:00:00,150.0
EIA_68536,2026-05-30 17:00:00,138.03745
EIA_68537,2026-05-30 17:00:00,119.16648
EIA_68538,2026-05-30 17:00:00,2.3
EIA_68540,2026-05-30 17:00:00,1.3
EIA_68544,2026-05-30 17:00:00,2.0
EIA_68550,2026-05-30 17:00:00,1.5676068
EIA_68551,2026-05-30 17:00:00,43.788597
EIA_68587,2026-05-30 17:00:00,55.70751
EIA_68588,2026-05-30 17:00:00,55.70751
EIA_68595,2026-05-30 17:00:00,19.253624
EIA_68615,2026-05-30 17:00:00,2.4
EIA_68670,2026-05-30 17:00:00,40.243862
EIA_68674,2026-05-30 17:00:00,1.7913302
EIA_68682,2026-05-30 17:00:00,1.7019035
EIA_68706,2026-05-30 17:00:00,9.748565
EIA_68708,2026-05-30 17:00:00,4.9685206
EIA_68729,2026-05-30 17:00:00,3.0
EIA_68754,2026-05-30 17:00:00,3.888206
EIA_68756,2026-05-30 17:00:00,4.6531873
EIA_68757,2026-05-30 17:00:00,0.9446723
EIA_68776,2026-05-30 17:00:00,205.32076
EIA_68791,2026-05-30 17:00:00,1.1
EIA_68794,2026-05-30 17:00:00,1.5
EIA_68795,2026-05-30 17:00:00,1.7
EIA_68796,2026-05-30 17:00:00,1.1
EIA_68803,2026-05-30 17:00:00,1.5
EIA_68817,2026-05-30 17:00:00,28.85051
EIA_68820,2026-05-30 17:00:00,53.378784
EIA_68822,2026-05-30 17:00:00,43.04688
EIA_68823,2026-05-30 17:00:00,71.12963
EIA_68838,2026-05-30 17:00:00,515.0
EIA_68846,2026-05-30 17:00:00,148.0
EIA_68856,2026-05-30 17:00:00,90.5
EIA_68880,2026-05-30 17:00:00,93.66695
EIA_68885,2026-05-30 17:00:00,3.0
EIA_68886,2026-05-30 17:00:00,3.0
EIA_68892,2026-05-30 17:00:00,1.4
EIA_68894,2026-05-30 17:00:00,150.0
EIA_68906,2026-05-30 17:00:00,135.38083
EIA_68919,2026-05-30 17:00:00,1.8943883
EIA_68921,2026-05-30 17:00:00,1.8578049
EIA_68927,2026-05-30 17:00:00,25.0
EIA_68928,2026-05-30 17:00:00,10.8
EIA_68941,2026-05-30 17:00:00,1.5
EIA_68943,2026-05-30 17:00:00,5.0
EIA_68944,2026-05-30 17:00:00,5.0
EIA_68945,2026-05-30 17:00:00,2.5
EIA_68957,2026-05-30 17:00:00,5.0
EIA_68960,2026-05-30 17:00:00,1.0578388
EIA_68964,2026-05-30 17:00:00,3.9
EIA_68966,2026-05-30 17:00:00,1.5434171
EIA_68971,2026-05-30 17:00:00,5.0
EIA_68991,2026-05-30 17:00:00,5.0
EIA_68998,2026-05-30 17:00:00,109.28915
EIA_69002,2026-05-30 17:00:00,3.0786817
EIA_69009,2026-05-30 17:00:00,1.6859858
EIA_69014,2026-05-30 17:00:00,2.392191
EIA_69015,2026-05-30 17:00:00,4.9678345
EIA_69016,2026-05-30 17:00:00,4.5
EIA_69017,2026-05-30 17:00:00,3.7
EIA_69018,2026-05-30 17:00:00,2.0477896
EIA_69027,2026-05-30 17:00:00,98.433754
EIA_69031,2026-05-30 17:00:00,2.0
EIA_69032,2026-05-30 17:00:00,3.6
EIA_69033,2026-05-30 17:00:00,4.725454
EIA_69039,2026-05-30 17:00:00,2.3
EIA_69042,2026-05-30 17:00:00,10.8
EIA_69043,2026-05-30 17:00:00,2.3093266
EIA_69046,2026-05-30 17:00:00,2.0
EIA_69048,2026-05-30 17:00:00,0.85912865
EIA_69051,2026-05-30 17:00:00,3.0
EIA_69061,2026-05-30 17:00:00,5.0
EIA_69062,2026-05-30 17:00:00,5.0
EIA_69063,2026-05-30 17:00:00,200.0
EIA_69066,2026-05-30 17:00:00,4.6568017
EIA_69068,2026-05-30 17:00:00,3.0
EIA_69070,2026-05-30 17:00:00,4.376177
EIA_69078,2026-05-30 17:00:00,5.0
EIA_69086,2026-05-30 17:00:00,4.959795
EIA_69095,2026-05-30 17:00:00,4.7460504
EIA_69096,2026-05-30 17:00:00,4.381673
EIA_69100,2026-05-30 17:00:00,325.0
EIA_69101,2026-05-30 17:00:00,147.5058
EIA_69103,2026-05-30 17:00:00,5.0
EIA_69104,2026-05-30 17:00:00,5.0
EIA_69106,2026-05-30 17:00:00,5.0
EIA_69107,2026-05-30 17:00:00,5.0
EIA_69109,2026-05-30 17:00:00,1.4
EIA_69112,2026-05-30 17:00:00,1.3
EIA_69113,2026-05-30 17:00:00,2.7
EIA_69114,2026-05-30 17:00:00,3.5
EIA_69115,2026-05-30 17:00:00,0.8911374
EIA_69116,2026-05-30 17:00:00,2.5
EIA_69117,2026-05-30 17:00:00,1.0
EIA_69118,2026-05-30 17:00:00,0.93897927
EIA_69123,2026-05-30 17:00:00,0.5346783
EIA_69124,2026-05-30 17:00:00,0.47579
EIA_69125,2026-05-30 17:00:00,0.46312693
EIA_69126,2026-05-30 17:00:00,0.4298649
EIA_69127,2026-05-30 17:00:00,0.6070112
EIA_69129,2026-05-30 17:00:00,0.89678967
EIA_69130,2026-05-30 17:00:00,3.097378
EIA_69131,2026-05-30 17:00:00,1.2501552
EIA_69132,2026-05-30 17:00:00,1.7
EIA_69133,2026-05-30 17:00:00,1.551774
EIA_69134,2026-05-30 17:00:00,0.66968375
EIA_69135,2026-05-30 17:00:00,1.0
EIA_69137,2026-05-30 17:00:00,5.0
EIA_69140,2026-05-30 17:00:00,1.3
EIA_69141,2026-05-30 17:00:00,4.0
EIA_69142,2026-05-30 17:00:00,0.86656
EIA_69143,2026-05-30 17:00:00,92.111206
EIA_69145,2026-05-30 17:00:00,0.3663222
EIA_69153,2026-05-30 17:00:00,5.0
EIA_69154,2026-05-30 17:00:00,4.7
EIA_69161,2026-05-30 17:00:00,1.5425745
EIA_69163,2026-05-30 17:00:00,2.0
EIA_69164,2026-05-30 17:00:00,128.90868
EIA_69166,2026-05-30 17:00:00,128.2562
EIA_69172,2026-05-30 17:00:00,80.0
EIA_69179,2026-05-30 17:00:00,4.682446
EIA_69183,2026-05-30 17:00:00,1.878596
EIA_69187,2026-05-30 17:00:00,19.8
EIA_69188,2026-05-30 17:00:00,2.9
EIA_69190,2026-05-30 17:00:00,1.6
EIA_69192,2026-05-30 17:00:00,7.7488136
EIA_69193,2026-05-30 17:00:00,2.5
EIA_69201,2026-05-30 17:00:00,2.0
EIA_69210,2026-05-30 17:00:00,0.9395307
EIA_69212,2026-05-30 17:00:00,5.0
EIA_69213,2026-05-30 17:00:00,5.0
EIA_69214,2026-05-30 17:00:00,5.0
EIA_69216,2026-05-30 17:00:00,4.523899
EIA_69219,2026-05-30 17:00:00,3.0
EIA_69221,2026-05-30 17:00:00,1.2
EIA_69227,2026-05-30 17:00:00,0.73635286
EIA_69228,2026-05-30 17:00:00,4.2973
EIA_69230,2026-05-30 17:00:00,4.512636
EIA_69233,2026-05-30 17:00:00,1.0
EIA_69235,2026-05-30 17:00:00,20.0
EIA_69236,2026-05-30 17:00:00,40.242214
EIA_69240,2026-05-30 17:00:00,5.0
EIA_69241,2026-05-30 17:00:00,4.1284256
EIA_69243,2026-05-30 17:00:00,2.214851
EIA_69247,2026-05-30 17:00:00,1.3
EIA_69248,2026-05-30 17:00:00,1.0
EIA_69261,2026-05-30 17:00:00,6.352871
EIA_69263,2026-05-30 17:00:00,10.0
EIA_69264,2026-05-30 17:00:00,3.5
EIA_69265,2026-05-30 17:00:00,3.076961
EIA_69273,2026-05-30 17:00:00,0.9560377
EIA_69280,2026-05-30 17:00:00,2.7604194
EIA_69281,2026-05-30 17:00:00,2.760422
EIA_69284,2026-05-30 17:00:00,2.521319
EIA_69285,2026-05-30 17:00:00,2.3316686
EIA_69287,2026-05-30 17:00:00,9.9
EIA_69288,2026-05-30 17:00:00,1.6
EIA_69289,2026-05-30 17:00:00,9.9
EIA_69303,2026-05-30 17:00:00,0.8287806
EIA_69304,2026-05-30 17:00:00,0.6695419
EIA_69306,2026-05-30 17:00:00,8.8
EIA_69307,2026-05-30 17:00:00,0.90386176
EIA_69314,2026-05-30 17:00:00,2.0
EIA_69315,2026-05-30 17:00:00,5.0
EIA_69316,2026-05-30 17:00:00,4.9380445
EIA_69317,2026-05-30 17:00:00,4.5127196
EIA_69319,2026-05-30 17:00:00,194.00273
EIA_69320,2026-05-30 17:00:00,480.0
EIA_69321,2026-05-30 17:00:00,144.53203
EIA_69325,2026-05-30 17:00:00,2.0
EIA_69326,2026-05-30 17:00:00,2.0
EIA_69328,2026-05-30 17:00:00,4.1
EIA_69330,2026-05-30 17:00:00,4.462392
EIA_69354,2026-05-30 17:00:00,49.892567
EIA_69355,2026-05-30 17:00:00,74.9
EIA_69368,2026-05-30 17:00:00,4.0431914
EIA_69370,2026-05-30 17:00:00,1.8
EIA_69374,2026-05-30 17:00:00,1.5
EIA_69378,2026-05-30 17:00:00,1.4365287
EIA_69379,2026-05-30 17:00:00,3.1890528
EIA_69380,2026-05-30 17:00:00,2.8063755
EIA_69381,2026-05-30 17:00:00,1.6
EIA_69382,2026-05-30 17:00:00,1.4
EIA_69386,2026-05-30 17:00:00,0.4567469
EIA_69387,2026-05-30 17:00:00,5.0
EIA_69388,2026-05-30 17:00:00,99.32567
EIA_69389,2026-05-30 17:00:00,5.0
EIA_69390,2026-05-30 17:00:00,5.0
EIA_69391,2026-05-30 17:00:00,4.588791
EIA_69395,2026-05-30 17:00:00,1.3237852
EIA_69396,2026-05-30 17:00:00,2.3178077
EIA_69397,2026-05-30 17:00:00,2.0
EIA_69398,2026-05-30 17:00:00,2.361651
EIA_69399,2026-05-30 17:00:00,2.0144575
EIA_69400,2026-05-30 17:00:00,4.828728
EIA_69401,2026-05-30 17:00:00,4.6446934
EIA_69402,2026-05-30 17:00:00,5.0
EIA_69405,2026-05-30 17:00:00,5.0
EIA_69406,2026-05-30 17:00:00,5.0
EIA_69408,2026-05-30 17:00:00,2.0894732
EIA_69409,2026-05-30 17:00:00,5.0
EIA_69410,2026-05-30 17:00:00,5.0
EIA_69412,2026-05-30 17:00:00,3.0
EIA_69414,2026-05-30 17:00:00,270.0
EIA_69419,2026-05-30 17:00:00,3.7349346
EIA_69420,2026-05-30 17:00:00,1.8794563
EIA_69421,2026-05-30 17:00:00,4.002897
EIA_69425,2026-05-30 17:00:00,3.0
EIA_69428,2026-05-30 17:00:00,162.56145
EIA_69430,2026-05-30 17:00:00,6.0
EIA_69431,2026-05-30 17:00:00,5.0
EIA_69432,2026-05-30 17:00:00,6.0
EIA_69433,2026-05-30 17:00:00,6.0
EIA_69434,2026-05-30 17:00:00,2.0
EIA_69439,2026-05-30 17:00:00,5.0
EIA_69440,2026-05-30 17:00:00,5.0
EIA_69441,2026-05-30 17:00:00,2.6
EIA_69442,2026-05-30 17:00:00,4.543102
EIA_69443,2026-05-30 17:00:00,2.3
EIA_69447,2026-05-30 17:00:00,1.1577218
EIA_69448,2026-05-30 17:00:00,3.6694455
EIA_69476,2026-05-30 17:00:00,100.0
EIA_69483,2026-05-30 17:00:00,2.8
EIA_69484,2026-05-30 17:00:00,3.0
EIA_69485,2026-05-30 17:00:00,2.5
EIA_69486,2026-05-30 17:00:00,2.5
EIA_69487,2026-05-30 17:00:00,2.3756337
EIA_69488,2026-05-30 17:00:00,2.5
EIA_69489,2026-05-30 17:00:00,3.0
EIA_69490,2026-05-30 17:00:00,2.4236143
EIA_69491,2026-05-30 17:00:00,2.5
EIA_69492,2026-05-30 17:00:00,2.5
EIA_69493,2026-05-30 17:00:00,2.5
EIA_69494,2026-05-30 17:00:00,2.5
EIA_69495,2026-05-30 17:00:00,2.4851637
EIA_69498,2026-05-30 17:00:00,8.8
EIA_69499,2026-05-30 17:00:00,10.778603
EIA_69500,2026-05-30 17:00:00,3.8
EIA_69501,2026-05-30 17:00:00,6.0
EIA_69502,2026-05-30 17:00:00,4.0
EIA_69503,2026-05-30 17:00:00,6.0
EIA_69505,2026-05-30 17:00:00,14.603963
EIA_69518,2026-05-30 17:00:00,1.9365519
EIA_69519,2026-05-30 17:00:00,2.9048226
EIA_69525,2026-05-30 17:00:00,4.3
EIA_69526,2026-05-30 17:00:00,4.8574123
EIA_69527,2026-05-30 17:00:00,4.947282
EIA_69528,2026-05-30 17:00:00,3.0
EIA_69529,2026-05-30 17:00:00,5.0
EIA_69530,2026-05-30 17:00:00,5.0
EIA_69531,2026-05-30 17:00:00,2.1051912
EIA_69532,2026-05-30 17:00:00,5.0
EIA_69536,2026-05-30 17:00:00,4.4540505
EIA_69538,2026-05-30 17:00:00,51.559128
EIA_69542,2026-05-30 17:00:00,5.0
EIA_69543,2026-05-30 17:00:00,3.3
EIA_69544,2026-05-30 17:00:00,1.2031122
EIA_69545,2026-05-30 17:00:00,0.30191234
EIA_69546,2026-05-30 17:00:00,1.0022587
EIA_69550,2026-05-30 17:00:00,117.0
EIA_69557,2026-05-30 17:00:00,5.0
EIA_69561,2026-05-30 17:00:00,4.0
EIA_69563,2026-05-30 17:00:00,2.3
EIA_69564,2026-05-30 17:00:00,0.4689221
EIA_69565,2026-05-30 17:00:00,0.06459917
EIA_69567,2026-05-30 17:00:00,3.0
EIA_69568,2026-05-30 17:00:00,0.10422429
EIA_69569,2026-05-30 17:00:00,0.79937154
EIA_69570,2026-05-30 17:00:00,12.0
EIA_69571,2026-05-30 17:00:00,1.0055903
EIA_69572,2026-05-30 17:00:00,4.06916
EIA_69573,2026-05-30 17:00:00,3.004767
EIA_69580,2026-05-30 17:00:00,0.97025627
EIA_69581,2026-05-30 17:00:00,0.5887379
EIA_69587,2026-05-30 17:00:00,1.3509918
EIA_69596,2026-05-30 17:00:00,3.5192852
EIA_69597,2026-05-30 17:00:00,4.3991046
EIA_69598,2026-05-30 17:00:00,2.0
EIA_69599,2026-05-30 17:00:00,1.6872075
EIA_69600,2026-05-30 17:00:00,5.0
EIA_69601,2026-05-30 17:00:00,2.0
EIA_69604,2026-05-30 17:00:00,19.9
EIA_69612,2026-05-30 17:00:00,5.0
EIA_69613,2026-05-30 17:00:00,5.0
EIA_69615,2026-05-30 17:00:00,5.0
EIA_69617,2026-05-30 17:00:00,2.782131
EIA_69618,2026-05-30 17:00:00,5.0
EIA_69621,2026-05-30 17:00:00,4.3131657
EIA_69622,2026-05-30 17:00:00,5.0
EIA_69623,2026-05-30 17:00:00,2.0
EIA_69624,2026-05-30 17:00:00,5.0
EIA_69630,2026-05-30 17:00:00,0.7853852
EIA_69645,2026-05-30 17:00:00,0.98487335
EIA_69646,2026-05-30 17:00:00,0.6056081
EIA_69651,2026-05-30 17:00:00,2.0
EIA_69652,2026-05-30 17:00:00,1.8893348
EIA_69653,2026-05-30 17:00:00,1.8893348
EIA_69655,2026-05-30 17:00:00,4.5773335
EIA_69656,2026-05-30 17:00:00,2.3
EIA_69675,2026-05-30 17:00:00,163.35172
EIA_69676,2026-05-30 17:00:00,94.86003
EIA_69680,2026-05-30 17:00:00,113.1
EIA_69682,2026-05-30 17:00:00,0.48037955
EIA_69683,2026-05-30 17:00:00,1.3
EIA_69686,2026-05-30 17:00:00,8.3
EIA_69692,2026-05-30 17:00:00,5.0
EIA_69693,2026-05-30 17:00:00,0.25475127
EIA_69696,2026-05-30 17:00:00,2.2
EIA_69700,2026-05-30 17:00:00,4.7
EIA_69703,2026-05-30 17:00:00,3.3
EIA_69705,2026-05-30 17:00:00,0.40352276
EIA_69707,2026-05-30 17:00:00,0.21668611
EIA_69709,2026-05-30 17:00:00,0.37021965
EIA_69712,2026-05-30 17:00:00,0.6
EIA_69714,2026-05-30 17:00:00,3.6
EIA_69715,2026-05-30 17:00:00,0.37022078
EIA_69716,2026-05-30 17:00:00,4.0
EIA_69717,2026-05-30 17:00:00,5.0
EIA_69718,2026-05-30 17:00:00,4.8
EIA_69719,2026-05-30 17:00:00,2.8
EIA_69729,2026-05-30 17:00:00,1.5619394
EIA_69730,2026-05-30 17:00:00,2.9
EIA_69731,2026-05-30 17:00:00,1.3
EIA_69732,2026-05-30 17:00:00,5.0
EIA_69733,2026-05-30 17:00:00,4.5
EIA_69734,2026-05-30 17:00:00,1.130869
EIA_69735,2026-05-30 17:00:00,4.9317794
EIA_69736,2026-05-30 17:00:00,0.819702
EIA_69737,2026-05-30 17:00:00,2.5
EIA_69739,2026-05-30 17:00:00,4.7339306
EIA_69740,2026-05-30 17:00:00,7.2
EIA_69744,2026-05-30 17:00:00,2.66209
EIA_69746,2026-05-30 17:00:00,1.9503466
EIA_69748,2026-05-30 17:00:00,506.4695
EIA_69754,2026-05-30 17:00:00,2.1704154
EIA_69757,2026-05-30 17:00:00,2.6
EIA_69758,2026-05-30 17:00:00,2.0
EIA_69759,2026-05-30 17:00:00,1.4
EIA_69774,2026-05-30 17:00:00,2.4
EIA_69800,2026-05-30 17:00:00,4.583179
EIA_69801,2026-05-30 17:00:00,1.3193129
EIA_69802,2026-05-30 17:00:00,2.0927885
EIA_69822,2026-05-30 17:00:00,1.0
EIA_69824,2026-05-30 17:00:00,1.5050946
EIA_69856,2026-05-30 17:00:00,3.0
EIA_69863,2026-05-30 17:00:00,3.7
EIA_69875,2026-05-30 17:00:00,117.0
EIA_141,2026-05-30 18:00:00,0.2
EIA_960,2026-05-30 18:00:00,0.3
EIA_1172,2026-05-30 18:00:00,0.8
EIA_1187,2026-05-30 18:00:00,0.6181739
EIA_10224,2026-05-30 18:00:00,0.5
EIA_10823,2026-05-30 18:00:00,0.023942534
EIA_50026,2026-05-30 18:00:00,27.5
EIA_50061,2026-05-30 18:00:00,0.8
EIA_56322,2026-05-30 18:00:00,0.5
EIA_57775,2026-05-30 18:00:00,0.5
EIA_57785,2026-05-30 18:00:00,5.0
EIA_57806,2026-05-30 18:00:00,0.4
EIA_58173,2026-05-30 18:00:00,0.1
EIA_58413,2026-05-30 18:00:00,54.4
EIA_58422,2026-05-30 18:00:00,1.3
EIA_58556,2026-05-30 18:00:00,10.1
EIA_58689,2026-05-30 18:00:00,1.3
EIA_58899,2026-05-30 18:00:00,0.5
EIA_59133,2026-05-30 18:00:00,1.0
EIA_59272,2026-05-30 18:00:00,1.5
EIA_59776,2026-05-30 18:00:00,0.19920507
EIA_59786,2026-05-30 18:00:00,3.0
EIA_59988,2026-05-30 18:00:00,1.1
EIA_60452,2026-05-30 18:00:00,2.8175414
EIA_61703,2026-05-30 18:00:00,0.067114525
EIA_61796,2026-05-30 18:00:00,20.0
EIA_61820,2026-05-30 18:00:00,0.56127083
EIA_61822,2026-05-30 18:00:00,0.2
EIA_61852,2026-05-30 18:00:00,300.0
EIA_61910,2026-05-30 18:00:00,7.0
EIA_61967,2026-05-30 18:00:00,121.4698
EIA_61990,2026-05-30 18:00:00,0.1
EIA_62027,2026-05-30 18:00:00,0.7
EIA_62186,2026-05-30 18:00:00,1.7338102
EIA_62344,2026-05-30 18:00:00,1.2613358
EIA_62397,2026-05-30 18:00:00,0.30330068
EIA_62442,2026-05-30 18:00:00,0.34035787
EIA_62494,2026-05-30 18:00:00,250.0
EIA_62545,2026-05-30 18:00:00,1.7
EIA_62737,2026-05-30 18:00:00,5.0
EIA_62797,2026-05-30 18:00:00,100.0
EIA_63122,2026-05-30 18:00:00,0.9788831
EIA_63194,2026-05-30 18:00:00,267.31226
EIA_63211,2026-05-30 18:00:00,218.5336
EIA_63221,2026-05-30 18:00:00,0.91706485
EIA_63507,2026-05-30 18:00:00,60.0
EIA_63518,2026-05-30 18:00:00,74.9
EIA_63542,2026-05-30 18:00:00,0.80627143
EIA_63882,2026-05-30 18:00:00,200.0
EIA_63884,2026-05-30 18:00:00,304.29846
EIA_63946,2026-05-30 18:00:00,2.0
EIA_64117,2026-05-30 18:00:00,3.2184012
EIA_64132,2026-05-30 18:00:00,200.0
EIA_64210,2026-05-30 18:00:00,500.0
EIA_64222,2026-05-30 18:00:00,0.6216131
EIA_64223,2026-05-30 18:00:00,0.6472265
EIA_64430,2026-05-30 18:00:00,140.0
EIA_64442,2026-05-30 18:00:00,0.18239038
EIA_64446,2026-05-30 18:00:00,0.47493517
EIA_64509,2026-05-30 18:00:00,0.005203868
EIA_64512,2026-05-30 18:00:00,0.19650467
EIA_64513,2026-05-30 18:00:00,0.49909848
EIA_64536,2026-05-30 18:00:00,135.0
EIA_64564,2026-05-30 18:00:00,131.0
EIA_64567,2026-05-30 18:00:00,20.0
EIA_64729,2026-05-30 18:00:00,0.9410459
EIA_64745,2026-05-30 18:00:00,150.0
EIA_64858,2026-05-30 18:00:00,110.0
EIA_65006,2026-05-30 18:00:00,0.96376675
EIA_65024,2026-05-30 18:00:00,0.9054904
EIA_65072,2026-05-30 18:00:00,0.3
EIA_65139,2026-05-30 18:00:00,1.3372536
EIA_65149,2026-05-30 18:00:00,2.9362586
EIA_65279,2026-05-30 18:00:00,1.0490052
EIA_65401,2026-05-30 18:00:00,51.502583
EIA_65405,2026-05-30 18:00:00,39.85242
EIA_65442,2026-05-30 18:00:00,0.93623
EIA_65443,2026-05-30 18:00:00,1.0
EIA_65445,2026-05-30 18:00:00,87.572266
EIA_65463,2026-05-30 18:00:00,600.0
EIA_65468,2026-05-30 18:00:00,0.5
EIA_65480,2026-05-30 18:00:00,145.0
EIA_65507,2026-05-30 18:00:00,2.3
EIA_65508,2026-05-30 18:00:00,1.8566238
EIA_65515,2026-05-30 18:00:00,0.60703117
EIA_65516,2026-05-30 18:00:00,0.60703063
EIA_65527,2026-05-30 18:00:00,2.5
EIA_65572,2026-05-30 18:00:00,250.0
EIA_65616,2026-05-30 18:00:00,2.6
EIA_65644,2026-05-30 18:00:00,326.6
EIA_65659,2026-05-30 18:00:00,1.0
EIA_65827,2026-05-30 18:00:00,5.0
EIA_65849,2026-05-30 18:00:00,114.51774
EIA_65885,2026-05-30 18:00:00,74.5
EIA_65887,2026-05-30 18:00:00,67.16221
EIA_65888,2026-05-30 18:00:00,74.5
EIA_65891,2026-05-30 18:00:00,129.4443
EIA_65894,2026-05-30 18:00:00,207.05826
EIA_65905,2026-05-30 18:00:00,16.822104
EIA_65911,2026-05-30 18:00:00,71.69304
EIA_65913,2026-05-30 18:00:00,74.41784
EIA_65940,2026-05-30 18:00:00,1.4683262
EIA_66027,2026-05-30 18:00:00,11.853742
EIA_66107,2026-05-30 18:00:00,20.0
EIA_66256,2026-05-30 18:00:00,4.464463
EIA_66352,2026-05-30 18:00:00,3.9086628
EIA_66356,2026-05-30 18:00:00,0.9917035
EIA_66432,2026-05-30 18:00:00,2.0
EIA_66433,2026-05-30 18:00:00,0.76585656
EIA_66435,2026-05-30 18:00:00,0.9362303
EIA_66449,2026-05-30 18:00:00,2.5209749
EIA_66495,2026-05-30 18:00:00,2.596341
EIA_66520,2026-05-30 18:00:00,2.0
EIA_66523,2026-05-30 18:00:00,5.0
EIA_66647,2026-05-30 18:00:00,100.0
EIA_66649,2026-05-30 18:00:00,155.08765
EIA_66654,2026-05-30 18:00:00,2.0
EIA_66656,2026-05-30 18:00:00,2.0
EIA_66670,2026-05-30 18:00:00,150.0
EIA_66681,2026-05-30 18:00:00,46.08366
EIA_66688,2026-05-30 18:00:00,300.0
EIA_66739,2026-05-30 18:00:00,1.5
EIA_66740,2026-05-30 18:00:00,1.5
EIA_66756,2026-05-30 18:00:00,40.8
EIA_66760,2026-05-30 18:00:00,3.0
EIA_66774,2026-05-30 18:00:00,408.9
EIA_66775,2026-05-30 18:00:00,200.0
EIA_66827,2026-05-30 18:00:00,0.85469157
EIA_66840,2026-05-30 18:00:00,51.1
EIA_66842,2026-05-30 18:00:00,64.0
EIA_66844,2026-05-30 18:00:00,150.0
EIA_66860,2026-05-30 18:00:00,100.0
EIA_66872,2026-05-30 18:00:00,204.5
EIA_66886,2026-05-30 18:00:00,2.4
EIA_66890,2026-05-30 18:00:00,60.0
EIA_66892,2026-05-30 18:00:00,4.4
EIA_66897,2026-05-30 18:00:00,97.5
EIA_66899,2026-05-30 18:00:00,5.8
EIA_66903,2026-05-30 18:00:00,310.0
EIA_66951,2026-05-30 18:00:00,200.0
EIA_66983,2026-05-30 18:00:00,13.5
EIA_67007,2026-05-30 18:00:00,20.0
EIA_67022,2026-05-30 18:00:00,175.0
EIA_67033,2026-05-30 18:00:00,3.8
EIA_67038,2026-05-30 18:00:00,129.34756
EIA_67046,2026-05-30 18:00:00,210.0
EIA_67075,2026-05-30 18:00:00,147.9775
EIA_67076,2026-05-30 18:00:00,184.93506
EIA_67080,2026-05-30 18:00:00,4.8
EIA_67086,2026-05-30 18:00:00,1.8
EIA_67124,2026-05-30 18:00:00,1.255528
EIA_67125,2026-05-30 18:00:00,1.667978
EIA_67126,2026-05-30 18:00:00,3.1045086
EIA_67129,2026-05-30 18:00:00,38.471752
EIA_67133,2026-05-30 18:00:00,2.7983065
EIA_67135,2026-05-30 18:00:00,2.4341505
EIA_67158,2026-05-30 18:00:00,1.3
EIA_67169,2026-05-30 18:00:00,5.0
EIA_67174,2026-05-30 18:00:00,10.0
EIA_67177,2026-05-30 18:00:00,153.0
EIA_67201,2026-05-30 18:00:00,9.8
EIA_67204,2026-05-30 18:00:00,100.0
EIA_67216,2026-05-30 18:00:00,18.8
EIA_67217,2026-05-30 18:00:00,20.0
EIA_67218,2026-05-30 18:00:00,20.0
EIA_67219,2026-05-30 18:00:00,20.0
EIA_67234,2026-05-30 18:00:00,0.7
EIA_67254,2026-05-30 18:00:00,2.0
EIA_67255,2026-05-30 18:00:00,2.0
EIA_67256,2026-05-30 18:00:00,2.0
EIA_67277,2026-05-30 18:00:00,0.6
EIA_67288,2026-05-30 18:00:00,3.0
EIA_67322,2026-05-30 18:00:00,11.2
EIA_67374,2026-05-30 18:00:00,5.0
EIA_67391,2026-05-30 18:00:00,4.0
EIA_67412,2026-05-30 18:00:00,2.1526766
EIA_67421,2026-05-30 18:00:00,84.4
EIA_67437,2026-05-30 18:00:00,4.92307
EIA_67447,2026-05-30 18:00:00,0.76152205
EIA_67469,2026-05-30 18:00:00,0.4007245
EIA_67474,2026-05-30 18:00:00,300.0
EIA_67490,2026-05-30 18:00:00,5.6
EIA_67497,2026-05-30 18:00:00,61.803566
EIA_67503,2026-05-30 18:00:00,170.0
EIA_67511,2026-05-30 18:00:00,123.60713
EIA_67528,2026-05-30 18:00:00,150.0
EIA_67532,2026-05-30 18:00:00,5.0
EIA_67539,2026-05-30 18:00:00,1.6
EIA_67540,2026-05-30 18:00:00,2.3
EIA_67546,2026-05-30 18:00:00,0.97144264
EIA_67554,2026-05-30 18:00:00,1.9590901
EIA_67583,2026-05-30 18:00:00,1.3
EIA_67584,2026-05-30 18:00:00,4.768802
EIA_67597,2026-05-30 18:00:00,11.8
EIA_67600,2026-05-30 18:00:00,0.5830223
EIA_67623,2026-05-30 18:00:00,2.0
EIA_67624,2026-05-30 18:00:00,2.0
EIA_67628,2026-05-30 18:00:00,2.0
EIA_67644,2026-05-30 18:00:00,4.9611983
EIA_67675,2026-05-30 18:00:00,65.0
EIA_67678,2026-05-30 18:00:00,140.0
EIA_67684,2026-05-30 18:00:00,1.9930706
EIA_67686,2026-05-30 18:00:00,4.9
EIA_67687,2026-05-30 18:00:00,2.0
EIA_67688,2026-05-30 18:00:00,1.3232511
EIA_67703,2026-05-30 18:00:00,4.4045196
EIA_67704,2026-05-30 18:00:00,1.4
EIA_67705,2026-05-30 18:00:00,2.3
EIA_67713,2026-05-30 18:00:00,4.0
EIA_67714,2026-05-30 18:00:00,1.5
EIA_67715,2026-05-30 18:00:00,2.0
EIA_67716,2026-05-30 18:00:00,1.9
EIA_67717,2026-05-30 18:00:00,1.9193149
EIA_67718,2026-05-30 18:00:00,1.9
EIA_67719,2026-05-30 18:00:00,2.0
EIA_67727,2026-05-30 18:00:00,6.0
EIA_67728,2026-05-30 18:00:00,5.0
EIA_67735,2026-05-30 18:00:00,205.50157
EIA_67751,2026-05-30 18:00:00,2.0
EIA_67762,2026-05-30 18:00:00,233.90843
EIA_67765,2026-05-30 18:00:00,150.0
EIA_67793,2026-05-30 18:00:00,1.7
EIA_67797,2026-05-30 18:00:00,160.0
EIA_67804,2026-05-30 18:00:00,1.8812071
EIA_67822,2026-05-30 18:00:00,1.8812071
EIA_67823,2026-05-30 18:00:00,235.0
EIA_67834,2026-05-30 18:00:00,48.0
EIA_67850,2026-05-30 18:00:00,42.0
EIA_67859,2026-05-30 18:00:00,4.0
EIA_67864,2026-05-30 18:00:00,9.928927
EIA_67867,2026-05-30 18:00:00,67.2
EIA_67872,2026-05-30 18:00:00,150.0
EIA_67873,2026-05-30 18:00:00,60.0
EIA_67900,2026-05-30 18:00:00,1.5070937
EIA_67901,2026-05-30 18:00:00,0.56516016
EIA_67930,2026-05-30 18:00:00,200.0
EIA_67943,2026-05-30 18:00:00,2.5932324
EIA_67957,2026-05-30 18:00:00,68.03924
EIA_67964,2026-05-30 18:00:00,150.0
EIA_67965,2026-05-30 18:00:00,1.3
EIA_67969,2026-05-30 18:00:00,12.224125
EIA_67979,2026-05-30 18:00:00,4.5639596
EIA_67997,2026-05-30 18:00:00,25.526968
EIA_68008,2026-05-30 18:00:00,5.0
EIA_68010,2026-05-30 18:00:00,5.0
EIA_68023,2026-05-30 18:00:00,12.0
EIA_68025,2026-05-30 18:00:00,3.0
EIA_68026,2026-05-30 18:00:00,4.8
EIA_68037,2026-05-30 18:00:00,3.4857159
EIA_68060,2026-05-30 18:00:00,38.623917
EIA_68077,2026-05-30 18:00:00,20.0
EIA_68088,2026-05-30 18:00:00,149.73468
EIA_68096,2026-05-30 18:00:00,1.7865676
EIA_68102,2026-05-30 18:00:00,1.1028088
EIA_68106,2026-05-30 18:00:00,38.471752
EIA_68107,2026-05-30 18:00:00,2.6067555
EIA_68108,2026-05-30 18:00:00,6.2453055
EIA_68109,2026-05-30 18:00:00,1.1917912
EIA_68113,2026-05-30 18:00:00,1.0593141
EIA_68114,2026-05-30 18:00:00,2.885259
EIA_68157,2026-05-30 18:00:00,1.0
EIA_68163,2026-05-30 18:00:00,5.0
EIA_68188,2026-05-30 18:00:00,5.0
EIA_68190,2026-05-30 18:00:00,5.0
EIA_68200,2026-05-30 18:00:00,370.90247
EIA_68223,2026-05-30 18:00:00,34.950207
EIA_68235,2026-05-30 18:00:00,1.1
EIA_68259,2026-05-30 18:00:00,3.3
EIA_68276,2026-05-30 18:00:00,39.0021
EIA_68279,2026-05-30 18:00:00,1.1
EIA_68281,2026-05-30 18:00:00,300.0
EIA_68286,2026-05-30 18:00:00,3.2926679
EIA_68327,2026-05-30 18:00:00,1.1653113
EIA_68372,2026-05-30 18:00:00,38.245255
EIA_68398,2026-05-30 18:00:00,5.0
EIA_68418,2026-05-30 18:00:00,120.0
EIA_68427,2026-05-30 18:00:00,12.9
EIA_68431,2026-05-30 18:00:00,240.0
EIA_68436,2026-05-30 18:00:00,2.9
EIA_68442,2026-05-30 18:00:00,4.0
EIA_68458,2026-05-30 18:00:00,243.02357
EIA_68470,2026-05-30 18:00:00,179.21426
EIA_68472,2026-05-30 18:00:00,50.805916
EIA_68482,2026-05-30 18:00:00,49.9
EIA_68483,2026-05-30 18:00:00,225.0
EIA_68488,2026-05-30 18:00:00,80.0
EIA_68489,2026-05-30 18:00:00,1.0964464
EIA_68516,2026-05-30 18:00:00,80.78943
EIA_68523,2026-05-30 18:00:00,0.7
EIA_68524,2026-05-30 18:00:00,0.7
EIA_68525,2026-05-30 18:00:00,0.7
EIA_68530,2026-05-30 18:00:00,1.3641564
EIA_68534,2026-05-30 18:00:00,150.0
EIA_68536,2026-05-30 18:00:00,192.12175
EIA_68537,2026-05-30 18:00:00,58.98628
EIA_68538,2026-05-30 18:00:00,2.3
EIA_68540,2026-05-30 18:00:00,1.3
EIA_68544,2026-05-30 18:00:00,1.0964453
EIA_68550,2026-05-30 18:00:00,2.3
EIA_68551,2026-05-30 18:00:00,17.559683
EIA_68587,2026-05-30 18:00:00,84.45232
EIA_68588,2026-05-30 18:00:00,84.45232
EIA_68595,2026-05-30 18:00:00,52.019814
EIA_68615,2026-05-30 18:00:00,2.4
EIA_68670,2026-05-30 18:00:00,59.836823
EIA_68674,2026-05-30 18:00:00,2.673047
EIA_68682,2026-05-30 18:00:00,1.8709997
EIA_68706,2026-05-30 18:00:00,9.981314
EIA_68708,2026-05-30 18:00:00,5.0
EIA_68729,2026-05-30 18:00:00,2.3527222
EIA_68754,2026-05-30 18:00:00,4.3
EIA_68756,2026-05-30 18:00:00,5.0
EIA_68757,2026-05-30 18:00:00,1.3733681
EIA_68776,2026-05-30 18:00:00,199.80377
EIA_68791,2026-05-30 18:00:00,1.1
EIA_68794,2026-05-30 18:00:00,1.5
EIA_68795,2026-05-30 18:00:00,1.7
EIA_68796,2026-05-30 18:00:00,1.1
EIA_68803,2026-05-30 18:00:00,1.5
EIA_68817,2026-05-30 18:00:00,23.028372
EIA_68820,2026-05-30 18:00:00,54.837254
EIA_68822,2026-05-30 18:00:00,53.690956
EIA_68823,2026-05-30 18:00:00,72.04815
EIA_68838,2026-05-30 18:00:00,515.0
EIA_68846,2026-05-30 18:00:00,148.0
EIA_68856,2026-05-30 18:00:00,89.732086
EIA_68880,2026-05-30 18:00:00,104.88949
EIA_68885,2026-05-30 18:00:00,3.0
EIA_68886,2026-05-30 18:00:00,3.0
EIA_68892,2026-05-30 18:00:00,1.4
EIA_68894,2026-05-30 18:00:00,150.0
EIA_68906,2026-05-30 18:00:00,213.44272
EIA_68919,2026-05-30 18:00:00,1.8543499
EIA_68921,2026-05-30 18:00:00,1.900029
EIA_68927,2026-05-30 18:00:00,15.574674
EIA_68928,2026-05-30 18:00:00,10.8
EIA_68941,2026-05-30 18:00:00,1.5
EIA_68943,2026-05-30 18:00:00,5.0
EIA_68944,2026-05-30 18:00:00,5.0
EIA_68945,2026-05-30 18:00:00,2.5
EIA_68957,2026-05-30 18:00:00,5.0
EIA_68960,2026-05-30 18:00:00,1.3598194
EIA_68964,2026-05-30 18:00:00,3.9
EIA_68966,2026-05-30 18:00:00,1.4145068
EIA_68971,2026-05-30 18:00:00,5.0
EIA_68991,2026-05-30 18:00:00,5.0
EIA_68998,2026-05-30 18:00:00,85.20702
EIA_69002,2026-05-30 18:00:00,2.9340284
EIA_69009,2026-05-30 18:00:00,1.8475991
EIA_69014,2026-05-30 18:00:00,1.7904607
EIA_69015,2026-05-30 18:00:00,5.0
EIA_69016,2026-05-30 18:00:00,4.5
EIA_69017,2026-05-30 18:00:00,3.7
EIA_69018,2026-05-30 18:00:00,2.6578062
EIA_69027,2026-05-30 18:00:00,100.0
EIA_69031,2026-05-30 18:00:00,2.0
EIA_69032,2026-05-30 18:00:00,2.6518652
EIA_69033,2026-05-30 18:00:00,4.9
EIA_69039,2026-05-30 18:00:00,2.3
EIA_69042,2026-05-30 18:00:00,10.8
EIA_69043,2026-05-30 18:00:00,1.4523427
EIA_69046,2026-05-30 18:00:00,2.0
EIA_69048,2026-05-30 18:00:00,0.9044432
EIA_69051,2026-05-30 18:00:00,3.0
EIA_69061,2026-05-30 18:00:00,5.0
EIA_69062,2026-05-30 18:00:00,5.0
EIA_69063,2026-05-30 18:00:00,200.0
EIA_69066,2026-05-30 18:00:00,4.7879114
EIA_69068,2026-05-30 18:00:00,3.0
EIA_69070,2026-05-30 18:00:00,4.819329
EIA_69078,2026-05-30 18:00:00,5.0
EIA_69086,2026-05-30 18:00:00,5.0
EIA_69095,2026-05-30 18:00:00,5.0
EIA_69096,2026-05-30 18:00:00,5.0
EIA_69100,2026-05-30 18:00:00,325.0
EIA_69101,2026-05-30 18:00:00,187.39578
EIA_69103,2026-05-30 18:00:00,5.0
EIA_69104,2026-05-30 18:00:00,5.0
EIA_69106,2026-05-30 18:00:00,5.0
EIA_69107,2026-05-30 18:00:00,5.0
EIA_69109,2026-05-30 18:00:00,1.4
EIA_69112,2026-05-30 18:00:00,1.3
EIA_69113,2026-05-30 18:00:00,2.7
EIA_69114,2026-05-30 18:00:00,3.5
EIA_69115,2026-05-30 18:00:00,0.8794798
EIA_69116,2026-05-30 18:00:00,2.5
EIA_69117,2026-05-30 18:00:00,1.0
EIA_69118,2026-05-30 18:00:00,1.0507907
EIA_69123,2026-05-30 18:00:00,0.7781414
EIA_69124,2026-05-30 18:00:00,0.5795368
EIA_69125,2026-05-30 18:00:00,0.45594412
EIA_69126,2026-05-30 18:00:00,0.7007551
EIA_69127,2026-05-30 18:00:00,0.67556226
EIA_69129,2026-05-30 18:00:00,0.5999455
EIA_69130,2026-05-30 18:00:00,3.993414
EIA_69131,2026-05-30 18:00:00,1.2269557
EIA_69132,2026-05-30 18:00:00,1.7
EIA_69133,2026-05-30 18:00:00,1.6986834
EIA_69134,2026-05-30 18:00:00,0.74750924
EIA_69135,2026-05-30 18:00:00,1.0
EIA_69137,2026-05-30 18:00:00,5.0
EIA_69140,2026-05-30 18:00:00,1.3
EIA_69141,2026-05-30 18:00:00,4.0
EIA_69142,2026-05-30 18:00:00,0.84060514
EIA_69143,2026-05-30 18:00:00,114.73674
EIA_69145,2026-05-30 18:00:00,0.54424226
EIA_69153,2026-05-30 18:00:00,5.0
EIA_69154,2026-05-30 18:00:00,4.7
EIA_69161,2026-05-30 18:00:00,1.9149276
EIA_69163,2026-05-30 18:00:00,2.0
EIA_69164,2026-05-30 18:00:00,146.64099
EIA_69166,2026-05-30 18:00:00,175.05464
EIA_69172,2026-05-30 18:00:00,72.76305
EIA_69179,2026-05-30 18:00:00,3.7091086
EIA_69183,2026-05-30 18:00:00,0.9212077
EIA_69187,2026-05-30 18:00:00,16.186607
EIA_69188,2026-05-30 18:00:00,2.9
EIA_69190,2026-05-30 18:00:00,1.6
EIA_69192,2026-05-30 18:00:00,9.6338215
EIA_69193,2026-05-30 18:00:00,2.5
EIA_69201,2026-05-30 18:00:00,1.9710231
EIA_69210,2026-05-30 18:00:00,0.35932142
EIA_69212,2026-05-30 18:00:00,5.0
EIA_69213,2026-05-30 18:00:00,5.0
EIA_69214,2026-05-30 18:00:00,3.7601085
EIA_69216,2026-05-30 18:00:00,3.5311558
EIA_69219,2026-05-30 18:00:00,3.0
EIA_69221,2026-05-30 18:00:00,1.2
EIA_69227,2026-05-30 18:00:00,2.5553837
EIA_69228,2026-05-30 18:00:00,5.0
EIA_69230,2026-05-30 18:00:00,4.661359
EIA_69233,2026-05-30 18:00:00,1.0
EIA_69235,2026-05-30 18:00:00,20.0
EIA_69236,2026-05-30 18:00:00,45.991177
EIA_69240,2026-05-30 18:00:00,5.0
EIA_69241,2026-05-30 18:00:00,4.1684566
EIA_69243,2026-05-30 18:00:00,1.7488804
EIA_69247,2026-05-30 18:00:00,1.3
EIA_69248,2026-05-30 18:00:00,1.0
EIA_69261,2026-05-30 18:00:00,10.0
EIA_69263,2026-05-30 18:00:00,10.0
EIA_69264,2026-05-30 18:00:00,3.5
EIA_69265,2026-05-30 18:00:00,7.5
EIA_69273,2026-05-30 18:00:00,0.5857456
EIA_69280,2026-05-30 18:00:00,5.0
EIA_69281,2026-05-30 18:00:00,5.0
EIA_69284,2026-05-30 18:00:00,1.8648552
EIA_69285,2026-05-30 18:00:00,2.5534182
EIA_69287,2026-05-30 18:00:00,9.9
EIA_69288,2026-05-30 18:00:00,1.6
EIA_69289,2026-05-30 18:00:00,9.9
EIA_69303,2026-05-30 18:00:00,0.9539006
EIA_69304,2026-05-30 18:00:00,0.8332073
EIA_69306,2026-05-30 18:00:00,8.8
EIA_69307,2026-05-30 18:00:00,0.98898226
EIA_69314,2026-05-30 18:00:00,2.0
EIA_69315,2026-05-30 18:00:00,4.921715
EIA_69316,2026-05-30 18:00:00,5.0
EIA_69317,2026-05-30 18:00:00,5.0
EIA_69319,2026-05-30 18:00:00,132.75641
EIA_69320,2026-05-30 18:00:00,480.0
EIA_69321,2026-05-30 18:00:00,98.90352
EIA_69325,2026-05-30 18:00:00,1.9847221
EIA_69326,2026-05-30 18:00:00,1.9847221
EIA_69328,2026-05-30 18:00:00,4.1
EIA_69330,2026-05-30 18:00:00,5.0
EIA_69354,2026-05-30 18:00:00,48.862453
EIA_69355,2026-05-30 18:00:00,36.5805
EIA_69368,2026-05-30 18:00:00,3.039559
EIA_69370,2026-05-30 18:00:00,1.8
EIA_69374,2026-05-30 18:00:00,1.5
EIA_69378,2026-05-30 18:00:00,1.5
EIA_69379,2026-05-30 18:00:00,1.7428019
EIA_69380,2026-05-30 18:00:00,1.5337121
EIA_69381,2026-05-30 18:00:00,1.6
EIA_69382,2026-05-30 18:00:00,1.4
EIA_69386,2026-05-30 18:00:00,1.3538069
EIA_69387,2026-05-30 18:00:00,5.0
EIA_69388,2026-05-30 18:00:00,97.07404
EIA_69389,2026-05-30 18:00:00,5.0
EIA_69390,2026-05-30 18:00:00,5.0
EIA_69391,2026-05-30 18:00:00,3.6349053
EIA_69395,2026-05-30 18:00:00,2.0065236
EIA_69396,2026-05-30 18:00:00,2.4
EIA_69397,2026-05-30 18:00:00,1.9852426
EIA_69398,2026-05-30 18:00:00,2.24562
EIA_69399,2026-05-30 18:00:00,3.0533934
EIA_69400,2026-05-30 18:00:00,5.0
EIA_69401,2026-05-30 18:00:00,5.0
EIA_69402,2026-05-30 18:00:00,5.0
EIA_69405,2026-05-30 18:00:00,5.0
EIA_69406,2026-05-30 18:00:00,5.0
EIA_69408,2026-05-30 18:00:00,2.1
EIA_69409,2026-05-30 18:00:00,5.0
EIA_69410,2026-05-30 18:00:00,5.0
EIA_69412,2026-05-30 18:00:00,3.0
EIA_69414,2026-05-30 18:00:00,267.89557
EIA_69419,2026-05-30 18:00:00,4.8845625
EIA_69420,2026-05-30 18:00:00,0.5953344
EIA_69421,2026-05-30 18:00:00,4.9590535
EIA_69425,2026-05-30 18:00:00,3.0
EIA_69428,2026-05-30 18:00:00,246.42099
EIA_69430,2026-05-30 18:00:00,6.0
EIA_69431,2026-05-30 18:00:00,5.0
EIA_69432,2026-05-30 18:00:00,6.0
EIA_69433,2026-05-30 18:00:00,6.0
EIA_69434,2026-05-30 18:00:00,2.0
EIA_69439,2026-05-30 18:00:00,5.0
EIA_69440,2026-05-30 18:00:00,5.0
EIA_69441,2026-05-30 18:00:00,2.6
EIA_69442,2026-05-30 18:00:00,4.50532
EIA_69443,2026-05-30 18:00:00,2.3
EIA_69447,2026-05-30 18:00:00,1.3128405
EIA_69448,2026-05-30 18:00:00,2.3596823
EIA_69476,2026-05-30 18:00:00,100.0
EIA_69483,2026-05-30 18:00:00,2.8
EIA_69484,2026-05-30 18:00:00,2.760949
EIA_69485,2026-05-30 18:00:00,2.5
EIA_69486,2026-05-30 18:00:00,2.235215
EIA_69487,2026-05-30 18:00:00,2.44549
EIA_69488,2026-05-30 18:00:00,2.467245
EIA_69489,2026-05-30 18:00:00,2.9787197
EIA_69490,2026-05-30 18:00:00,2.261731
EIA_69491,2026-05-30 18:00:00,2.5
EIA_69492,2026-05-30 18:00:00,2.4927619
EIA_69493,2026-05-30 18:00:00,2.4498916
EIA_69494,2026-05-30 18:00:00,2.4551022
EIA_69495,2026-05-30 18:00:00,2.493092
EIA_69498,2026-05-30 18:00:00,8.8
EIA_69499,2026-05-30 18:00:00,7.7635956
EIA_69500,2026-05-30 18:00:00,3.8
EIA_69501,2026-05-30 18:00:00,6.0
EIA_69502,2026-05-30 18:00:00,4.0
EIA_69503,2026-05-30 18:00:00,6.0
EIA_69505,2026-05-30 18:00:00,14.8
EIA_69518,2026-05-30 18:00:00,2.0
EIA_69519,2026-05-30 18:00:00,3.0
EIA_69525,2026-05-30 18:00:00,4.3
EIA_69526,2026-05-30 18:00:00,3.2501435
EIA_69527,2026-05-30 18:00:00,4.411086
EIA_69528,2026-05-30 18:00:00,3.0
EIA_69529,2026-05-30 18:00:00,5.0
EIA_69530,2026-05-30 18:00:00,5.0
EIA_69531,2026-05-30 18:00:00,1.2599801
EIA_69532,2026-05-30 18:00:00,5.0
EIA_69536,2026-05-30 18:00:00,4.3411555
EIA_69538,2026-05-30 18:00:00,51.42204
EIA_69542,2026-05-30 18:00:00,5.0
EIA_69543,2026-05-30 18:00:00,3.3
EIA_69544,2026-05-30 18:00:00,2.406651
EIA_69545,2026-05-30 18:00:00,0.75469106
EIA_69546,2026-05-30 18:00:00,0.8289175
EIA_69550,2026-05-30 18:00:00,117.0
EIA_69557,2026-05-30 18:00:00,5.0
EIA_69561,2026-05-30 18:00:00,4.0
EIA_69563,2026-05-30 18:00:00,2.3
EIA_69564,2026-05-30 18:00:00,0.63444835
EIA_69565,2026-05-30 18:00:00,1.9080758
EIA_69567,2026-05-30 18:00:00,3.0
EIA_69568,2026-05-30 18:00:00,0.21671839
EIA_69569,2026-05-30 18:00:00,0.43559876
EIA_69570,2026-05-30 18:00:00,12.0
EIA_69571,2026-05-30 18:00:00,1.1714497
EIA_69572,2026-05-30 18:00:00,4.7345853
EIA_69573,2026-05-30 18:00:00,4.0600157
EIA_69580,2026-05-30 18:00:00,0.80130464
EIA_69581,2026-05-30 18:00:00,0.4426558
EIA_69587,2026-05-30 18:00:00,1.3711966
EIA_69596,2026-05-30 18:00:00,2.388797
EIA_69597,2026-05-30 18:00:00,2.986009
EIA_69598,2026-05-30 18:00:00,1.0025408
EIA_69599,2026-05-30 18:00:00,0.6240334
EIA_69600,2026-05-30 18:00:00,5.0
EIA_69601,2026-05-30 18:00:00,2.0
EIA_69604,2026-05-30 18:00:00,19.9
EIA_69612,2026-05-30 18:00:00,5.0
EIA_69613,2026-05-30 18:00:00,5.0
EIA_69615,2026-05-30 18:00:00,5.0
EIA_69617,2026-05-30 18:00:00,2.6871405
EIA_69618,2026-05-30 18:00:00,5.0
EIA_69621,2026-05-30 18:00:00,2.8396587
EIA_69622,2026-05-30 18:00:00,5.0
EIA_69623,2026-05-30 18:00:00,1.915347
EIA_69624,2026-05-30 18:00:00,4.7883677
EIA_69630,2026-05-30 18:00:00,0.904508
EIA_69645,2026-05-30 18:00:00,1.0
EIA_69646,2026-05-30 18:00:00,0.7447223
EIA_69651,2026-05-30 18:00:00,2.0
EIA_69652,2026-05-30 18:00:00,1.8855437
EIA_69653,2026-05-30 18:00:00,1.8855437
EIA_69655,2026-05-30 18:00:00,4.7088003
EIA_69656,2026-05-30 18:00:00,2.3
EIA_69675,2026-05-30 18:00:00,264.0417
EIA_69676,2026-05-30 18:00:00,100.0
EIA_69680,2026-05-30 18:00:00,113.1
EIA_69682,2026-05-30 18:00:00,0.4718001
EIA_69683,2026-05-30 18:00:00,1.3
EIA_69686,2026-05-30 18:00:00,8.3
EIA_69692,2026-05-30 18:00:00,5.0
EIA_69693,2026-05-30 18:00:00,0.31732285
EIA_69696,2026-05-30 18:00:00,1.5554993
EIA_69700,2026-05-30 18:00:00,4.7
EIA_69703,2026-05-30 18:00:00,3.3
EIA_69705,2026-05-30 18:00:00,0.1922885
EIA_69707,2026-05-30 18:00:00,0.32671145
EIA_69709,2026-05-30 18:00:00,0.33754963
EIA_69712,2026-05-30 18:00:00,0.6
EIA_69714,2026-05-30 18:00:00,3.6
EIA_69715,2026-05-30 18:00:00,0.33755437
EIA_69716,2026-05-30 18:00:00,4.0
EIA_69717,2026-05-30 18:00:00,4.892049
EIA_69718,2026-05-30 18:00:00,4.696367
EIA_69719,2026-05-30 18:00:00,2.8
EIA_69729,2026-05-30 18:00:00,1.8049619
EIA_69730,2026-05-30 18:00:00,2.9
EIA_69731,2026-05-30 18:00:00,1.3
EIA_69732,2026-05-30 18:00:00,5.0
EIA_69733,2026-05-30 18:00:00,4.5
EIA_69734,2026-05-30 18:00:00,1.4
EIA_69735,2026-05-30 18:00:00,5.0
EIA_69736,2026-05-30 18:00:00,0.58670723
EIA_69737,2026-05-30 18:00:00,2.5
EIA_69739,2026-05-30 18:00:00,4.8
EIA_69740,2026-05-30 18:00:00,7.2
EIA_69744,2026-05-30 18:00:00,3.1275144
EIA_69746,2026-05-30 18:00:00,1.1614566
EIA_69748,2026-05-30 18:00:00,512.7448
EIA_69754,2026-05-30 18:00:00,1.8993202
EIA_69757,2026-05-30 18:00:00,2.6
EIA_69758,2026-05-30 18:00:00,2.0
EIA_69759,2026-05-30 18:00:00,1.4
EIA_69774,2026-05-30 18:00:00,2.4
EIA_69800,2026-05-30 18:00:00,4.5717053
EIA_69801,2026-05-30 18:00:00,1.1065861
EIA_69802,2026-05-30 18:00:00,1.6504704
EIA_69822,2026-05-30 18:00:00,0.7041021
EIA_69824,2026-05-30 18:00:00,0.8400899
EIA_69856,2026-05-30 18:00:00,3.0
EIA_69863,2026-05-30 18:00:00,3.7
EIA_69875,2026-05-30 18:00:00,117.0
