T	BoM MJO RMM amplitude
julian_day	unitless
    2442200.    	    2.029480    
    2442201.    	    1.897290    
    2442202.    	    1.864760    
    2442203.    	    1.830920    
    2442204.    	    2.033260    
    2442205.    	    2.026900    
    2442206.    	    1.827670    
    2442207.    	    1.807890    
    2442208.    	    1.360180    
    2442209.    	   0.7802440    
    2442210.    	   0.4051480    
    2442211.    	   0.1212860    
    2442212.    	   0.2185190    
    2442213.    	   0.3950820    
    2442214.    	   0.6707750    
    2442215.    	   0.5268650    
    2442216.    	   0.6974020    
    2442217.    	   0.6761340    
    2442218.    	   0.7807050    
    2442219.    	   0.8710150    
    2442220.    	    1.375230    
    2442221.    	    1.382060    
    2442222.    	    1.175940    
    2442223.    	   0.9426580    
    2442224.    	   0.8353040    
    2442225.    	   0.9316070    
    2442226.    	   0.8784130    
    2442227.    	   0.6382500    
    2442228.    	   0.4134420    
    2442229.    	   0.2440170    
    2442230.    	   0.2747240    
    2442231.    	   0.3525010    
    2442232.    	   0.5256690    
    2442233.    	   0.9458210    
    2442234.    	    1.190040    
    2442235.    	    1.230060    
    2442236.    	    1.191000    
    2442237.    	    1.170760    
    2442238.    	    1.173330    
    2442239.    	    1.136090    
    2442240.    	    1.036790    
    2442241.    	   0.7164350    
    2442242.    	   0.4513730    
    2442243.    	   0.2281140    
    2442244.    	   0.1626910    
    2442245.    	   0.3313820    
    2442246.    	   0.5031800    
    2442247.    	   0.4831670    
    2442248.    	   0.5598150    
    2442249.    	   0.9608570    
    2442250.    	    1.342190    
    2442251.    	    1.258580    
    2442252.    	    1.118690    
    2442253.    	   0.9851670    
    2442254.    	   0.9509130    
    2442255.    	   0.9814160    
    2442256.    	   0.9525710    
    2442257.    	   0.7872620    
    2442258.    	   0.7965030    
    2442259.    	    1.137700    
    2442260.    	    1.416520    
    2442261.    	    1.625850    
    2442262.    	    1.845130    
    2442263.    	    1.935270    
    2442264.    	    2.028490    
    2442265.    	    1.868840    
    2442266.    	    1.820530    
    2442267.    	    1.778560    
    2442268.    	    1.736700    
    2442269.    	    1.451340    
    2442270.    	    1.307310    
    2442271.    	    1.189390    
    2442272.    	    1.249200    
    2442273.    	    1.300020    
    2442274.    	    1.370480    
    2442275.    	    1.526450    
    2442276.    	    1.493810    
    2442277.    	    1.132370    
    2442278.    	   0.8119920    
    2442279.    	   0.5388620    
    2442280.    	   0.3584130    
    2442281.    	   0.4007010    
    2442282.    	   8.2733601E-02
    2442283.    	   0.4496430    
    2442284.    	   0.6028280    
    2442285.    	   0.6590730    
    2442286.    	   0.4444140    
    2442287.    	   0.3358400    
    2442288.    	   0.3832530    
    2442289.    	   0.4722740    
    2442290.    	   0.4750310    
    2442291.    	   0.6240160    
    2442292.    	   0.8099410    
    2442293.    	   0.8336390    
    2442294.    	   0.9752210    
    2442295.    	    1.104890    
    2442296.    	    1.217660    
    2442297.    	    1.535870    
    2442298.    	    1.706360    
    2442299.    	    1.522840    
    2442300.    	    1.271850    
    2442301.    	    1.180790    
    2442302.    	    1.165720    
    2442303.    	    1.056870    
    2442304.    	   0.9436390    
    2442305.    	   0.8988060    
    2442306.    	   0.8507730    
    2442307.    	   0.8914720    
    2442308.    	    1.172620    
    2442309.    	    1.248100    
    2442310.    	    1.201680    
    2442311.    	   0.9395220    
    2442312.    	   0.9832590    
    2442313.    	   0.9244440    
    2442314.    	   0.8117300    
    2442315.    	   0.5814960    
    2442316.    	   0.5298160    
    2442317.    	   0.3740620    
    2442318.    	   0.2249700    
    2442319.    	   0.4011410    
    2442320.    	   0.8097580    
    2442321.    	    1.045400    
    2442322.    	    1.078330    
    2442323.    	    1.216280    
    2442324.    	    1.068120    
    2442325.    	   0.7765010    
    2442326.    	   0.6408340    
    2442327.    	   0.5485200    
    2442328.    	   0.9566620    
    2442329.    	    1.097710    
    2442330.    	    1.287460    
    2442331.    	    1.526590    
    2442332.    	    1.642180    
    2442333.    	    1.586970    
    2442334.    	    1.476740    
    2442335.    	    1.264110    
    2442336.    	    1.061630    
    2442337.    	    1.066950    
    2442338.    	    1.191040    
    2442339.    	    1.265830    
    2442340.    	    1.356080    
    2442341.    	    1.433450    
    2442342.    	    1.477310    
    2442343.    	    1.404790    
    2442344.    	    1.112770    
    2442345.    	   0.6949890    
    2442346.    	   0.5686120    
    2442347.    	   0.3382600    
    2442348.    	   0.2157930    
    2442349.    	   0.4225120    
    2442350.    	   0.2366930    
    2442351.    	   0.2385810    
    2442352.    	   0.5057690    
    2442353.    	   0.5562240    
    2442354.    	   0.5453150    
    2442355.    	   0.7662480    
    2442356.    	   0.7154170    
    2442357.    	   0.6731710    
    2442358.    	   0.6362580    
    2442359.    	   0.8791450    
    2442360.    	   0.5946020    
    2442361.    	   0.7574620    
    2442362.    	   0.8161600    
    2442363.    	    1.032370    
    2442364.    	    1.133960    
    2442365.    	    1.080300    
    2442366.    	   0.8838710    
    2442367.    	   0.5984300    
    2442368.    	   0.5690080    
    2442369.    	   0.7382040    
    2442370.    	   0.8776380    
    2442371.    	   0.9350600    
    2442372.    	   0.9541570    
    2442373.    	   0.7745770    
    2442374.    	   0.7154430    
    2442375.    	    1.061360    
    2442376.    	   0.9449550    
    2442377.    	    1.044390    
    2442378.    	    1.054430    
    2442379.    	    1.097390    
    2442380.    	    1.062170    
    2442381.    	    1.036050    
    2442382.    	    1.180110    
    2442383.    	    1.210530    
    2442384.    	    1.231620    
    2442385.    	    1.193120    
    2442386.    	   0.9068220    
    2442387.    	   0.7494520    
    2442388.    	   0.7530730    
    2442389.    	   0.4809690    
    2442390.    	   0.2707740    
    2442391.    	   5.9132401E-02
    2442392.    	   9.1682397E-02
    2442393.    	   0.3407590    
    2442394.    	   0.4259200    
    2442395.    	   0.5292130    
    2442396.    	   0.3490690    
    2442397.    	   0.5323250    
    2442398.    	   0.8258270    
    2442399.    	   0.8489020    
    2442400.    	   0.8027220    
    2442401.    	   0.8397360    
    2442402.    	    1.199280    
    2442403.    	    1.359840    
    2442404.    	    1.548250    
    2442405.    	    1.430450    
    2442406.    	    1.482270    
    2442407.    	    1.457860    
    2442408.    	    1.385120    
    2442409.    	    1.250290    
    2442410.    	   0.8818390    
    2442411.    	   0.5956230    
    2442412.    	   0.7230010    
    2442413.    	    1.087480    
    2442414.    	    1.080410    
    2442415.    	    1.283010    
    2442416.    	    1.200680    
    2442417.    	    1.085830    
    2442418.    	    1.035380    
    2442419.    	    1.209820    
    2442420.    	    1.413410    
    2442421.    	    1.291570    
    2442422.    	    1.411470    
    2442423.    	    1.382450    
    2442424.    	    1.440010    
    2442425.    	    1.284410    
    2442426.    	   0.9996250    
    2442427.    	    1.301650    
    2442428.    	    1.434030    
    2442429.    	    1.713680    
    2442430.    	    1.845890    
    2442431.    	    1.872360    
    2442432.    	    1.922330    
    2442433.    	    2.329920    
    2442434.    	    2.257870    
    2442435.    	    2.074810    
    2442436.    	    2.017200    
    2442437.    	    1.851290    
    2442438.    	    2.088770    
    2442439.    	    2.022000    
    2442440.    	    1.974260    
    2442441.    	    2.194480    
    2442442.    	    2.205790    
    2442443.    	    2.389140    
    2442444.    	    2.168830    
    2442445.    	    2.026280    
    2442446.    	    1.863310    
    2442447.    	    1.977840    
    2442448.    	    2.091810    
    2442449.    	    2.020430    
    2442450.    	    2.082030    
    2442451.    	    2.302880    
    2442452.    	    2.058410    
    2442453.    	    1.686440    
    2442454.    	    1.609480    
    2442455.    	    1.392290    
    2442456.    	    1.436250    
    2442457.    	    1.301680    
    2442458.    	    1.324380    
    2442459.    	    1.386010    
    2442460.    	    1.268780    
    2442461.    	   0.9647460    
    2442462.    	    1.123750    
    2442463.    	    1.223900    
    2442464.    	    1.155140    
    2442465.    	    1.228510    
    2442466.    	    1.107100    
    2442467.    	    1.385440    
    2442468.    	    1.514630    
    2442469.    	    1.387210    
    2442470.    	    1.061330    
    2442471.    	    1.215950    
    2442472.    	    1.256630    
    2442473.    	    1.252430    
    2442474.    	    1.201370    
    2442475.    	    1.292200    
    2442476.    	    1.489930    
    2442477.    	    1.441660    
    2442478.    	    1.494470    
    2442479.    	    1.613710    
    2442480.    	    1.621380    
    2442481.    	    1.377080    
    2442482.    	    1.218210    
    2442483.    	    1.394720    
    2442484.    	    1.563140    
    2442485.    	    1.622620    
    2442486.    	    1.794170    
    2442487.    	    2.158980    
    2442488.    	    2.344420    
    2442489.    	    2.169050    
    2442490.    	    1.718030    
    2442491.    	    1.433680    
    2442492.    	    1.563620    
    2442493.    	    1.726080    
    2442494.    	    1.613700    
    2442495.    	    1.530880    
    2442496.    	    1.568090    
    2442497.    	    1.622900    
    2442498.    	    1.320920    
    2442499.    	   0.7632710    
    2442500.    	   0.8165030    
    2442501.    	    1.082010    
    2442502.    	    1.340710    
    2442503.    	    1.684090    
    2442504.    	    1.752420    
    2442505.    	    1.468300    
    2442506.    	    1.323920    
    2442507.    	    1.607800    
    2442508.    	    1.495040    
    2442509.    	    1.267790    
    2442510.    	    1.266130    
    2442511.    	    1.200990    
    2442512.    	    1.452890    
    2442513.    	    1.603090    
    2442514.    	    1.681350    
    2442515.    	    2.107580    
    2442516.    	    2.387330    
    2442517.    	    2.691930    
    2442518.    	    2.838110    
    2442519.    	    2.562290    
    2442520.    	    2.533510    
    2442521.    	    2.508070    
    2442522.    	    2.368240    
    2442523.    	    2.298600    
    2442524.    	    2.233500    
    2442525.    	    2.265310    
    2442526.    	    2.078830    
    2442527.    	    1.864620    
    2442528.    	    1.383920    
    2442529.    	   0.9770210    
    2442530.    	   0.9261150    
    2442531.    	   0.8960490    
    2442532.    	   0.7040970    
    2442533.    	   0.4768730    
    2442534.    	   0.5221850    
    2442535.    	   0.6155710    
    2442536.    	   0.8140240    
    2442537.    	   0.8983180    
    2442538.    	    1.022910    
    2442539.    	    1.172730    
    2442540.    	    1.077570    
    2442541.    	   0.5837500    
    2442542.    	   0.5223860    
    2442543.    	   0.3640700    
    2442544.    	   0.3961010    
    2442545.    	   0.5266060    
    2442546.    	   0.4262160    
    2442547.    	   0.1675150    
    2442548.    	   0.3708670    
    2442549.    	   0.4293630    
    2442550.    	   0.1263370    
    2442551.    	   0.1098230    
    2442552.    	   0.2501390    
    2442553.    	   0.6621780    
    2442554.    	   0.8843320    
    2442555.    	   0.8891180    
    2442556.    	   0.9262680    
    2442557.    	    1.193280    
    2442558.    	    1.344130    
    2442559.    	    1.131250    
    2442560.    	   0.6147590    
    2442561.    	   0.5873540    
    2442562.    	   0.5594570    
    2442563.    	   0.5159200    
    2442564.    	   0.6777070    
    2442565.    	   0.8064300    
    2442566.    	    1.226700    
    2442567.    	    1.372850    
    2442568.    	    1.392260    
    2442569.    	    1.248090    
    2442570.    	    1.007300    
    2442571.    	   0.9191750    
    2442572.    	   0.6795660    
    2442573.    	   0.8813270    
    2442574.    	   0.8125100    
    2442575.    	   0.7141410    
    2442576.    	   0.4890580    
    2442577.    	   0.4355860    
    2442578.    	   0.6186590    
    2442579.    	   0.7987720    
    2442580.    	    1.016330    
    2442581.    	    1.286110    
    2442582.    	    1.747520    
    2442583.    	    2.149550    
    2442584.    	    2.140040    
    2442585.    	    2.028820    
    2442586.    	    1.873550    
    2442587.    	    2.108710    
    2442588.    	    2.542950    
    2442589.    	    2.132510    
    2442590.    	    1.651620    
    2442591.    	    1.482610    
    2442592.    	    1.803330    
    2442593.    	    2.054680    
    2442594.    	    2.180880    
    2442595.    	    2.417530    
    2442596.    	    2.478400    
    2442597.    	    2.254170    
    2442598.    	    2.046060    
    2442599.    	    2.058290    
    2442600.    	    2.109010    
    2442601.    	    2.009050    
    2442602.    	    1.771260    
    2442603.    	    1.674050    
    2442604.    	    1.591970    
    2442605.    	    1.472080    
    2442606.    	    1.291980    
    2442607.    	    1.191130    
    2442608.    	    1.292630    
    2442609.    	    1.090850    
    2442610.    	    1.119340    
    2442611.    	    1.282360    
    2442612.    	    1.235020    
    2442613.    	    1.478900    
    2442614.    	    1.645880    
    2442615.    	    1.866250    
    2442616.    	    2.157890    
    2442617.    	    2.080330    
    2442618.    	    2.086170    
    2442619.    	    1.975960    
    2442620.    	    1.617580    
    2442621.    	    1.299590    
    2442622.    	    1.472810    
    2442623.    	    1.462120    
    2442624.    	    1.348850    
    2442625.    	    1.535880    
    2442626.    	    1.463580    
    2442627.    	    1.533360    
    2442628.    	    1.692950    
    2442629.    	    1.590070    
    2442630.    	    1.253540    
    2442631.    	    1.117040    
    2442632.    	    1.218000    
    2442633.    	    1.273400    
    2442634.    	    1.293090    
    2442635.    	    1.148490    
    2442636.    	    1.211140    
    2442637.    	    1.234410    
    2442638.    	    1.195070    
    2442639.    	    1.165250    
    2442640.    	    1.067060    
    2442641.    	    1.052720    
    2442642.    	    1.004580    
    2442643.    	   0.7104360    
    2442644.    	   0.4786320    
    2442645.    	   0.4336790    
    2442646.    	   0.4463100    
    2442647.    	   0.2597810    
    2442648.    	   0.2496050    
    2442649.    	   0.5702530    
    2442650.    	   0.9130180    
    2442651.    	    1.121380    
    2442652.    	    1.344680    
    2442653.    	    1.502850    
    2442654.    	    1.545360    
    2442655.    	    1.433440    
    2442656.    	    1.308190    
    2442657.    	    1.158250    
    2442658.    	    1.080170    
    2442659.    	   0.9588640    
    2442660.    	   0.8502780    
    2442661.    	   0.7901530    
    2442662.    	   0.5932900    
    2442663.    	   0.4344150    
    2442664.    	   0.3731540    
    2442665.    	   0.3895200    
    2442666.    	   0.3645740    
    2442667.    	   0.2554770    
    2442668.    	   0.3459820    
    2442669.    	   0.4753210    
    2442670.    	   0.4075530    
    2442671.    	   0.7376550    
    2442672.    	   0.9490030    
    2442673.    	   0.9367150    
    2442674.    	   0.6527270    
    2442675.    	   0.7280910    
    2442676.    	   0.4623950    
    2442677.    	   0.7098630    
    2442678.    	   0.7351290    
    2442679.    	   0.8363970    
    2442680.    	    1.144270    
    2442681.    	    1.214320    
    2442682.    	    1.133120    
    2442683.    	    1.140480    
    2442684.    	    1.216170    
    2442685.    	    1.204530    
    2442686.    	    1.462510    
    2442687.    	    1.527720    
    2442688.    	    1.829810    
    2442689.    	    1.946900    
    2442690.    	    1.860530    
    2442691.    	    1.541240    
    2442692.    	    1.303790    
    2442693.    	    1.128690    
    2442694.    	    1.067530    
    2442695.    	   0.9773300    
    2442696.    	   0.9850030    
    2442697.    	   0.8804420    
    2442698.    	   0.8221740    
    2442699.    	   0.5168170    
    2442700.    	   0.3655420    
    2442701.    	   0.4352470    
    2442702.    	   0.4248470    
    2442703.    	   0.1529450    
    2442704.    	   0.1722990    
    2442705.    	   0.4700470    
    2442706.    	   0.7648480    
    2442707.    	   0.8818710    
    2442708.    	   0.8740100    
    2442709.    	   0.9214340    
    2442710.    	   0.2573290    
    2442711.    	   0.3018470    
    2442712.    	   0.3255190    
    2442713.    	   0.4472040    
    2442714.    	   0.4822620    
    2442715.    	   0.1881730    
    2442716.    	   5.4975498E-02
    2442717.    	   0.1740940    
    2442718.    	   0.1239240    
    2442719.    	   0.3160530    
    2442720.    	   0.4448850    
    2442721.    	   0.5049980    
    2442722.    	   0.5687300    
    2442723.    	   0.8365400    
    2442724.    	    1.075190    
    2442725.    	   0.9256030    
    2442726.    	   0.9760530    
    2442727.    	   0.7557760    
    2442728.    	   0.6575670    
    2442729.    	   0.6555850    
    2442730.    	   0.9000090    
    2442731.    	   0.9501240    
    2442732.    	   0.8689850    
    2442733.    	   0.8061470    
    2442734.    	   0.7044120    
    2442735.    	   0.4792110    
    2442736.    	   0.3470320    
    2442737.    	   0.7379450    
    2442738.    	   0.9918560    
    2442739.    	    1.154780    
    2442740.    	    1.397160    
    2442741.    	    1.539770    
    2442742.    	    1.567790    
    2442743.    	    1.620240    
    2442744.    	    1.467360    
    2442745.    	    1.495640    
    2442746.    	    1.455990    
    2442747.    	    1.435230    
    2442748.    	    1.315150    
    2442749.    	    1.285070    
    2442750.    	    1.267920    
    2442751.    	    1.303900    
    2442752.    	    1.294780    
    2442753.    	    1.311790    
    2442754.    	    1.275000    
    2442755.    	    1.305530    
    2442756.    	    1.506070    
    2442757.    	    1.287320    
    2442758.    	   0.9689290    
    2442759.    	   0.5893020    
    2442760.    	   0.6554030    
    2442761.    	   0.8256900    
    2442762.    	    1.047200    
    2442763.    	    1.010220    
    2442764.    	   0.9622170    
    2442765.    	    1.089870    
    2442766.    	    1.120930    
    2442767.    	   0.9023880    
    2442768.    	   0.6195680    
    2442769.    	   0.4118380    
    2442770.    	   0.4005410    
    2442771.    	   0.5092360    
    2442772.    	   0.9747190    
    2442773.    	    1.345830    
    2442774.    	    1.241930    
    2442775.    	    1.049780    
    2442776.    	   0.8998220    
    2442777.    	    1.046250    
    2442778.    	    1.469100    
    2442779.    	    1.617560    
    2442780.    	    1.419050    
    2442781.    	    1.175110    
    2442782.    	    1.192860    
    2442783.    	    1.002810    
    2442784.    	   0.6076190    
    2442785.    	   0.4479760    
    2442786.    	   0.3757530    
    2442787.    	   0.2711210    
    2442788.    	   0.6112260    
    2442789.    	   0.9973770    
    2442790.    	    1.168020    
    2442791.    	    1.226340    
    2442792.    	    1.252100    
    2442793.    	    1.546640    
    2442794.    	    1.954540    
    2442795.    	    2.411610    
    2442796.    	    2.555360    
    2442797.    	    2.446010    
    2442798.    	    2.473780    
    2442799.    	    2.554610    
    2442800.    	    2.663130    
    2442801.    	    2.552520    
    2442802.    	    2.766890    
    2442803.    	    2.892850    
    2442804.    	    2.913390    
    2442805.    	    2.921780    
    2442806.    	    2.842920    
    2442807.    	    2.859160    
    2442808.    	    2.768710    
    2442809.    	    2.376550    
    2442810.    	    1.933380    
    2442811.    	    1.513850    
    2442812.    	    1.094830    
    2442813.    	    1.075150    
    2442814.    	    1.092060    
    2442815.    	    1.316410    
    2442816.    	    1.401950    
    2442817.    	    1.749960    
    2442818.    	    1.877460    
    2442819.    	    1.724480    
    2442820.    	    1.649550    
    2442821.    	    1.897500    
    2442822.    	    1.714180    
    2442823.    	    1.269540    
    2442824.    	   0.7536240    
    2442825.    	   0.3939550    
    2442826.    	   0.2364600    
    2442827.    	   0.1809850    
    2442828.    	   0.3420660    
    2442829.    	   0.2892350    
    2442830.    	   0.2288390    
    2442831.    	   0.4778550    
    2442832.    	   0.9333010    
    2442833.    	    1.226960    
    2442834.    	    1.351710    
    2442835.    	    1.036710    
    2442836.    	   0.8507680    
    2442837.    	   0.8060230    
    2442838.    	   0.9050510    
    2442839.    	   0.5870680    
    2442840.    	   0.2350170    
    2442841.    	   6.9793798E-02
    2442842.    	   0.2043610    
    2442843.    	   0.1856260    
    2442844.    	   0.2432310    
    2442845.    	   0.6717940    
    2442846.    	   0.9365320    
    2442847.    	   0.9374300    
    2442848.    	    1.064440    
    2442849.    	    1.308860    
    2442850.    	    1.337550    
    2442851.    	    1.336380    
    2442852.    	    1.220070    
    2442853.    	    1.076810    
    2442854.    	    1.001920    
    2442855.    	    1.048900    
    2442856.    	    1.132650    
    2442857.    	   0.8668460    
    2442858.    	   0.7724190    
    2442859.    	   0.5941700    
    2442860.    	   0.6115540    
    2442861.    	   0.7085920    
    2442862.    	   0.5876630    
    2442863.    	   0.5155350    
    2442864.    	   0.4765520    
    2442865.    	   0.5695310    
    2442866.    	   0.4174040    
    2442867.    	   0.2197310    
    2442868.    	   0.4309200    
    2442869.    	   0.5767430    
    2442870.    	   0.6751420    
    2442871.    	   0.7772610    
    2442872.    	   0.8052280    
    2442873.    	   0.5660770    
    2442874.    	   0.4279080    
    2442875.    	   0.6040680    
    2442876.    	   0.4122400    
    2442877.    	   0.3119580    
    2442878.    	   0.1598010    
    2442879.    	   0.3888090    
    2442880.    	   0.5767340    
    2442881.    	   0.7154270    
    2442882.    	   0.8376940    
    2442883.    	    1.112180    
    2442884.    	    1.156870    
    2442885.    	   0.9469510    
    2442886.    	   0.9528760    
    2442887.    	   0.7151270    
    2442888.    	   0.6278650    
    2442889.    	   0.6234620    
    2442890.    	   0.5987950    
    2442891.    	   0.5531850    
    2442892.    	   0.7207390    
    2442893.    	   0.9110060    
    2442894.    	   0.8383020    
    2442895.    	   0.5773780    
    2442896.    	   0.5261090    
    2442897.    	   0.6862250    
    2442898.    	   0.8141220    
    2442899.    	    1.205370    
    2442900.    	    1.591850    
    2442901.    	    1.828340    
    2442902.    	    2.055990    
    2442903.    	    2.135520    
    2442904.    	    1.965880    
    2442905.    	    1.745090    
    2442906.    	    1.746390    
    2442907.    	    1.744030    
    2442908.    	    1.753950    
    2442909.    	    1.876820    
    2442910.    	    1.889460    
    2442911.    	    1.776320    
    2442912.    	    1.815250    
    2442913.    	    1.933740    
    2442914.    	    2.050410    
    2442915.    	    1.785610    
    2442916.    	    1.311240    
    2442917.    	   0.8565830    
    2442918.    	   0.5478690    
    2442919.    	   0.3050830    
    2442920.    	   0.3566550    
    2442921.    	   0.4961610    
    2442922.    	   0.5516580    
    2442923.    	   0.4630290    
    2442924.    	   0.3970090    
    2442925.    	   0.5599360    
    2442926.    	   0.9328300    
    2442927.    	    1.021330    
    2442928.    	    1.020810    
    2442929.    	   0.8493300    
    2442930.    	   0.7180330    
    2442931.    	   0.5960290    
    2442932.    	   0.9624330    
    2442933.    	    1.128000    
    2442934.    	    1.364490    
    2442935.    	    1.244470    
    2442936.    	    1.314730    
    2442937.    	    1.155760    
    2442938.    	    1.092330    
    2442939.    	    1.106800    
    2442940.    	    1.231060    
    2442941.    	    1.173130    
    2442942.    	    1.111280    
    2442943.    	   0.9651810    
    2442944.    	   0.9417300    
    2442945.    	   0.9008600    
    2442946.    	   0.7301450    
    2442947.    	   0.3347240    
    2442948.    	   5.0406199E-02
    2442949.    	   0.1727280    
    2442950.    	   0.2116840    
    2442951.    	   0.2561880    
    2442952.    	   0.3698010    
    2442953.    	   0.4880430    
    2442954.    	   0.5236270    
    2442955.    	   0.3990350    
    2442956.    	   0.6674560    
    2442957.    	   0.7415500    
    2442958.    	   0.5141840    
    2442959.    	   0.2784850    
    2442960.    	   0.1863500    
    2442961.    	   0.4798090    
    2442962.    	   0.6840640    
    2442963.    	    1.034880    
    2442964.    	    1.091510    
    2442965.    	   0.8636840    
    2442966.    	   0.7628990    
    2442967.    	   0.6281970    
    2442968.    	   0.5988650    
    2442969.    	   0.6559610    
    2442970.    	   0.5231180    
    2442971.    	   0.4699310    
    2442972.    	   0.2845230    
    2442973.    	   0.1926350    
    2442974.    	   0.3438510    
    2442975.    	   0.3854090    
    2442976.    	   0.2542530    
    2442977.    	   0.3263940    
    2442978.    	   0.5447090    
    2442979.    	   0.4638120    
    2442980.    	   0.4253190    
    2442981.    	   0.5189100    
    2442982.    	   0.4807620    
    2442983.    	   0.6391860    
    2442984.    	   0.7084390    
    2442985.    	   0.6810270    
    2442986.    	   0.3345800    
    2442987.    	   0.2427820    
    2442988.    	   0.1997640    
    2442989.    	   0.4491970    
    2442990.    	   0.6433280    
    2442991.    	   0.5761820    
    2442992.    	   0.3423230    
    2442993.    	   0.4642950    
    2442994.    	   0.5765830    
    2442995.    	   0.9507710    
    2442996.    	    1.313790    
    2442997.    	    1.577600    
    2442998.    	    1.529670    
    2442999.    	    1.244910    
    2443000.    	    1.042300    
    2443001.    	   0.8415940    
    2443002.    	   0.8787950    
    2443003.    	    1.087470    
    2443004.    	    1.324390    
    2443005.    	    1.477930    
    2443006.    	    1.332920    
    2443007.    	    1.364530    
    2443008.    	    1.349070    
    2443009.    	    1.145260    
    2443010.    	    1.072920    
    2443011.    	    1.053050    
    2443012.    	    1.033920    
    2443013.    	    1.088250    
    2443014.    	    1.383760    
    2443015.    	    1.809560    
    2443016.    	    2.055900    
    2443017.    	    2.158330    
    2443018.    	    1.910980    
    2443019.    	    1.628100    
    2443020.    	    1.690300    
    2443021.    	    1.767310    
    2443022.    	    1.778330    
    2443023.    	    1.992100    
    2443024.    	    1.783840    
    2443025.    	    1.505620    
    2443026.    	    1.444550    
    2443027.    	    1.422630    
    2443028.    	    1.584890    
    2443029.    	    1.722220    
    2443030.    	    1.899010    
    2443031.    	    1.725590    
    2443032.    	    2.069200    
    2443033.    	    2.391800    
    2443034.    	    2.418120    
    2443035.    	    2.309520    
    2443036.    	    2.000670    
    2443037.    	    1.942900    
    2443038.    	    2.141140    
    2443039.    	    2.064870    
    2443040.    	    2.006690    
    2443041.    	    1.839860    
    2443042.    	    1.782890    
    2443043.    	    1.709600    
    2443044.    	    1.508650    
    2443045.    	    1.303210    
    2443046.    	    1.268820    
    2443047.    	    1.399750    
    2443048.    	    1.441590    
    2443049.    	    1.279820    
    2443050.    	    1.154300    
    2443051.    	    1.315150    
    2443052.    	    1.506620    
    2443053.    	    1.599950    
    2443054.    	    1.698200    
    2443055.    	    1.725130    
    2443056.    	    1.940960    
    2443057.    	    2.020030    
    2443058.    	    2.018030    
    2443059.    	    1.801040    
    2443060.    	    1.607000    
    2443061.    	    1.294240    
    2443062.    	    1.041770    
    2443063.    	   0.8848200    
    2443064.    	    1.015470    
    2443065.    	    1.174490    
    2443066.    	    1.350430    
    2443067.    	    1.444710    
    2443068.    	    1.564370    
    2443069.    	    1.777490    
    2443070.    	    1.743900    
    2443071.    	    1.751970    
    2443072.    	    1.922360    
    2443073.    	    1.920450    
    2443074.    	    1.740360    
    2443075.    	    1.370990    
    2443076.    	    1.007040    
    2443077.    	   0.7659150    
    2443078.    	   0.5041440    
    2443079.    	   0.4253440    
    2443080.    	   0.4771190    
    2443081.    	   0.5674150    
    2443082.    	   0.6963270    
    2443083.    	   0.5411460    
    2443084.    	   0.4144500    
    2443085.    	   0.3579930    
    2443086.    	   0.4138580    
    2443087.    	   0.4645900    
    2443088.    	   0.3491700    
    2443089.    	   0.3213560    
    2443090.    	   6.7629203E-02
    2443091.    	   8.2343198E-02
    2443092.    	   0.1098640    
    2443093.    	   0.5927750    
    2443094.    	    1.215040    
    2443095.    	    1.349200    
    2443096.    	    1.463520    
    2443097.    	    1.572220    
    2443098.    	    1.932810    
    2443099.    	    2.009740    
    2443100.    	    2.001310    
    2443101.    	    2.208140    
    2443102.    	    2.305790    
    2443103.    	    2.513260    
    2443104.    	    2.451540    
    2443105.    	    2.480100    
    2443106.    	    2.416790    
    2443107.    	    2.170120    
    2443108.    	    2.040350    
    2443109.    	    1.718500    
    2443110.    	    1.499390    
    2443111.    	    1.400770    
    2443112.    	    1.363500    
    2443113.    	    1.323630    
    2443114.    	    1.203870    
    2443115.    	    1.353700    
    2443116.    	    1.673810    
    2443117.    	    2.011000    
    2443118.    	    2.125170    
    2443119.    	    2.010710    
    2443120.    	    1.851260    
    2443121.    	    1.632020    
    2443122.    	    1.351970    
    2443123.    	    1.181690    
    2443124.    	    1.145900    
    2443125.    	    1.349280    
    2443126.    	    1.903880    
    2443127.    	    2.197160    
    2443128.    	    2.350320    
    2443129.    	    2.701000    
    2443130.    	    2.294620    
    2443131.    	    1.592320    
    2443132.    	    1.321790    
    2443133.    	   0.9110900    
    2443134.    	   0.7381320    
    2443135.    	   0.5762900    
    2443136.    	   0.6855530    
    2443137.    	   0.6446660    
    2443138.    	   0.8088430    
    2443139.    	    1.159640    
    2443140.    	    1.249990    
    2443141.    	    1.466400    
    2443142.    	    1.348530    
    2443143.    	    1.377590    
    2443144.    	    1.476880    
    2443145.    	    1.268960    
    2443146.    	    1.047490    
    2443147.    	   0.9464660    
    2443148.    	   0.7654570    
    2443149.    	   0.4655630    
    2443150.    	   0.3940790    
    2443151.    	   0.5636770    
    2443152.    	   0.7819260    
    2443153.    	   0.8840140    
    2443154.    	   0.7644500    
    2443155.    	   0.8993450    
    2443156.    	   0.9508000    
    2443157.    	    1.132190    
    2443158.    	    1.451090    
    2443159.    	    1.463880    
    2443160.    	    1.240480    
    2443161.    	   0.9800360    
    2443162.    	    1.058560    
    2443163.    	   0.9329340    
    2443164.    	   0.6439180    
    2443165.    	   0.2726640    
    2443166.    	   0.1994420    
    2443167.    	   0.3104260    
    2443168.    	   0.4188240    
    2443169.    	   0.5075370    
    2443170.    	   0.6757730    
    2443171.    	   0.8107800    
    2443172.    	   0.7594860    
    2443173.    	    1.051820    
    2443174.    	    1.107100    
    2443175.    	    1.292160    
    2443176.    	    1.431260    
    2443177.    	    1.500090    
    2443178.    	    1.572630    
    2443179.    	    1.315390    
    2443180.    	    1.407070    
    2443181.    	    1.400220    
    2443182.    	    1.705180    
    2443183.    	    1.730850    
    2443184.    	    1.652260    
    2443185.    	    1.620100    
    2443186.    	    1.403670    
    2443187.    	    1.346870    
    2443188.    	    1.027380    
    2443189.    	   0.7155090    
    2443190.    	   0.7465620    
    2443191.    	   0.5019210    
    2443192.    	   0.2938120    
    2443193.    	   0.2411620    
    2443194.    	   0.2143400    
    2443195.    	   0.4627610    
    2443196.    	   0.7361940    
    2443197.    	   0.8322990    
    2443198.    	   0.8943440    
    2443199.    	   0.9706880    
    2443200.    	   0.9452560    
    2443201.    	   0.8668630    
    2443202.    	   0.7525910    
    2443203.    	   0.8244740    
    2443204.    	    1.102840    
    2443205.    	    1.275610    
    2443206.    	    1.272220    
    2443207.    	    1.329580    
    2443208.    	    1.165840    
    2443209.    	    1.292230    
    2443210.    	    1.527750    
    2443211.    	    1.458850    
    2443212.    	    1.687220    
    2443213.    	    1.896040    
    2443214.    	    1.987180    
    2443215.    	    2.082640    
    2443216.    	    2.362150    
    2443217.    	    2.358800    
    2443218.    	    2.206520    
    2443219.    	    1.714020    
    2443220.    	    1.550880    
    2443221.    	    1.333760    
    2443222.    	    1.336170    
    2443223.    	    1.507660    
    2443224.    	    1.609760    
    2443225.    	    1.596150    
    2443226.    	    1.733050    
    2443227.    	    1.800980    
    2443228.    	    1.876850    
    2443229.    	    1.840790    
    2443230.    	    1.741630    
    2443231.    	    1.679150    
    2443232.    	    1.697140    
    2443233.    	    1.918590    
    2443234.    	    1.954360    
    2443235.    	    1.756190    
    2443236.    	    1.985230    
    2443237.    	    2.134290    
    2443238.    	    2.299740    
    2443239.    	    2.194090    
    2443240.    	    1.996330    
    2443241.    	    2.286480    
    2443242.    	    2.357890    
    2443243.    	    2.151330    
    2443244.    	    2.103870    
    2443245.    	    2.280030    
    2443246.    	    2.367650    
    2443247.    	    2.350210    
    2443248.    	    2.193290    
    2443249.    	    2.048590    
    2443250.    	    1.955650    
    2443251.    	    2.092680    
    2443252.    	    2.162250    
    2443253.    	    2.466810    
    2443254.    	    2.739710    
    2443255.    	    2.645100    
    2443256.    	    2.474790    
    2443257.    	    2.179910    
    2443258.    	    1.961700    
    2443259.    	    1.695900    
    2443260.    	    1.720520    
    2443261.    	    1.411250    
    2443262.    	   0.9305940    
    2443263.    	   0.7611960    
    2443264.    	   0.5817450    
    2443265.    	   0.8087730    
    2443266.    	    1.046870    
    2443267.    	    1.403330    
    2443268.    	    1.677400    
    2443269.    	    1.667750    
    2443270.    	    1.507930    
    2443271.    	    1.335760    
    2443272.    	    1.257270    
    2443273.    	    1.040900    
    2443274.    	   0.5967460    
    2443275.    	   0.7029010    
    2443276.    	   0.9547210    
    2443277.    	   0.9491340    
    2443278.    	   0.9487800    
    2443279.    	    1.236610    
    2443280.    	    1.646560    
    2443281.    	    1.849970    
    2443282.    	    1.820740    
    2443283.    	    1.703420    
    2443284.    	    1.531250    
    2443285.    	    1.518690    
    2443286.    	    1.890960    
    2443287.    	    1.926300    
    2443288.    	    1.584740    
    2443289.    	    1.170910    
    2443290.    	   0.9461620    
    2443291.    	    1.026400    
    2443292.    	    1.213070    
    2443293.    	    1.178550    
    2443294.    	    1.335220    
    2443295.    	    1.452580    
    2443296.    	    1.541910    
    2443297.    	    1.479060    
    2443298.    	    1.612620    
    2443299.    	    1.612530    
    2443300.    	    1.698820    
    2443301.    	    1.515330    
    2443302.    	    1.365200    
    2443303.    	    1.160760    
    2443304.    	    1.204440    
    2443305.    	    1.577710    
    2443306.    	    1.889770    
    2443307.    	    1.778570    
    2443308.    	    1.510590    
    2443309.    	    1.409790    
    2443310.    	    1.219170    
    2443311.    	    1.314870    
    2443312.    	    1.076590    
    2443313.    	    1.150400    
    2443314.    	    1.180040    
    2443315.    	    1.095010    
    2443316.    	    1.202900    
    2443317.    	    1.086300    
    2443318.    	   0.8957130    
    2443319.    	   0.7163740    
    2443320.    	   0.3968790    
    2443321.    	   0.3507800    
    2443322.    	   0.4857290    
    2443323.    	   0.5066950    
    2443324.    	   0.1827890    
    2443325.    	   0.1319590    
    2443326.    	   0.3599760    
    2443327.    	   0.6281910    
    2443328.    	    1.080160    
    2443329.    	    1.533610    
    2443330.    	    1.784910    
    2443331.    	    1.674050    
    2443332.    	    1.474470    
    2443333.    	    1.421650    
    2443334.    	    1.509370    
    2443335.    	    1.457450    
    2443336.    	    1.090300    
    2443337.    	   0.9724390    
    2443338.    	    1.178420    
    2443339.    	    1.149910    
    2443340.    	   0.8898550    
    2443341.    	   0.8900750    
    2443342.    	    1.046800    
    2443343.    	    1.057660    
    2443344.    	   0.8773620    
    2443345.    	   0.8308810    
    2443346.    	   0.8256570    
    2443347.    	   0.7138140    
    2443348.    	   0.7286280    
    2443349.    	   0.8165050    
    2443350.    	   0.6870130    
    2443351.    	   0.7751760    
    2443352.    	   0.8746800    
    2443353.    	    1.309120    
    2443354.    	    1.303850    
    2443355.    	    1.041170    
    2443356.    	    1.217810    
    2443357.    	    1.306880    
    2443358.    	    1.193080    
    2443359.    	    1.019230    
    2443360.    	   0.7642920    
    2443361.    	   0.4132550    
    2443362.    	   0.3209810    
    2443363.    	   0.9621330    
    2443364.    	    1.412550    
    2443365.    	    1.495410    
    2443366.    	    1.564980    
    2443367.    	    1.357170    
    2443368.    	    1.029700    
    2443369.    	    1.076420    
    2443370.    	   0.7895210    
    2443371.    	   0.5449330    
    2443372.    	   0.3476920    
    2443373.    	   0.1786200    
    2443374.    	   0.2578480    
    2443375.    	   0.3740320    
    2443376.    	   0.7181420    
    2443377.    	   0.9699520    
    2443378.    	    1.019040    
    2443379.    	    1.192920    
    2443380.    	    1.197720    
    2443381.    	    1.126200    
    2443382.    	   0.7084660    
    2443383.    	   0.5055660    
    2443384.    	   0.8095610    
    2443385.    	    1.111280    
    2443386.    	   0.9630240    
    2443387.    	    1.033750    
    2443388.    	    1.056780    
    2443389.    	    1.382300    
    2443390.    	    1.411270    
    2443391.    	    1.537740    
    2443392.    	    1.786470    
    2443393.    	    1.836130    
    2443394.    	    1.997280    
    2443395.    	    2.069190    
    2443396.    	    2.003330    
    2443397.    	    1.884700    
    2443398.    	    1.705160    
    2443399.    	    1.540190    
    2443400.    	    1.874250    
    2443401.    	    1.981600    
    2443402.    	    1.804090    
    2443403.    	    1.659820    
    2443404.    	    1.492060    
    2443405.    	    1.454270    
    2443406.    	    1.418660    
    2443407.    	    1.429120    
    2443408.    	    1.478070    
    2443409.    	    1.488230    
    2443410.    	    1.751490    
    2443411.    	    2.171330    
    2443412.    	    2.099490    
    2443413.    	    2.178260    
    2443414.    	    2.574910    
    2443415.    	    2.643020    
    2443416.    	    2.274880    
    2443417.    	    1.995430    
    2443418.    	    1.893300    
    2443419.    	    1.772710    
    2443420.    	    1.442940    
    2443421.    	   0.9696000    
    2443422.    	   0.7844770    
    2443423.    	   0.5231910    
    2443424.    	   0.4155750    
    2443425.    	   0.5703020    
    2443426.    	   0.5177100    
    2443427.    	   0.6176610    
    2443428.    	   0.5870560    
    2443429.    	   0.7413860    
    2443430.    	   0.6599010    
    2443431.    	   0.3520440    
    2443432.    	   0.2221480    
    2443433.    	   0.1853000    
    2443434.    	   0.2639290    
    2443435.    	   0.1291830    
    2443436.    	   0.2438250    
    2443437.    	   0.3102300    
    2443438.    	   0.1321540    
    2443439.    	   0.2651080    
    2443440.    	   0.6294930    
    2443441.    	   0.7014610    
    2443442.    	   0.5199480    
    2443443.    	   0.6941460    
    2443444.    	    1.149690    
    2443445.    	    1.173700    
    2443446.    	    1.098590    
    2443447.    	   0.8078310    
    2443448.    	   0.9928390    
    2443449.    	    1.135690    
    2443450.    	    1.061210    
    2443451.    	   0.9706620    
    2443452.    	   0.6765140    
    2443453.    	   0.4802590    
    2443454.    	   0.5990880    
    2443455.    	   0.9053680    
    2443456.    	    1.084980    
    2443457.    	    1.115300    
    2443458.    	    1.071160    
    2443459.    	   0.9539210    
    2443460.    	    1.180710    
    2443461.    	    1.451400    
    2443462.    	    1.811200    
    2443463.    	    1.942210    
    2443464.    	    2.138260    
    2443465.    	    2.575180    
    2443466.    	    2.716790    
    2443467.    	    2.459670    
    2443468.    	    1.949800    
    2443469.    	    1.976810    
    2443470.    	    1.690550    
    2443471.    	    1.574480    
    2443472.    	    1.248640    
    2443473.    	    1.022410    
    2443474.    	    1.002170    
    2443475.    	    1.117580    
    2443476.    	    1.255710    
    2443477.    	    1.170260    
    2443478.    	    1.180120    
    2443479.    	    1.154720    
    2443480.    	   0.8926260    
    2443481.    	   0.6383680    
    2443482.    	   0.3060980    
    2443483.    	   0.2890270    
    2443484.    	   0.2721050    
    2443485.    	   0.2851560    
    2443486.    	   0.5460200    
    2443487.    	   0.6105250    
    2443488.    	   0.6866240    
    2443489.    	   0.8048220    
    2443490.    	   0.9589050    
    2443491.    	   0.8782530    
    2443492.    	   0.6947460    
    2443493.    	   0.8938360    
    2443494.    	    1.111680    
    2443495.    	    1.218260    
    2443496.    	    1.403000    
    2443497.    	    1.437760    
    2443498.    	    1.463060    
    2443499.    	    1.156840    
    2443500.    	   0.9400290    
    2443501.    	   0.6596900    
    2443502.    	   0.4904290    
    2443503.    	   0.7125990    
    2443504.    	    1.148960    
    2443505.    	    1.382780    
    2443506.    	    1.223480    
    2443507.    	   0.8928160    
    2443508.    	   0.7581860    
    2443509.    	   0.4541740    
    2443510.    	   0.4496090    
    2443511.    	   0.3913620    
    2443512.    	   0.2824450    
    2443513.    	   0.2606650    
    2443514.    	   7.3796198E-02
    2443515.    	   0.2301630    
    2443516.    	   0.4200300    
    2443517.    	   0.5498930    
    2443518.    	   0.5729650    
    2443519.    	   0.7170750    
    2443520.    	    1.064690    
    2443521.    	    1.125990    
    2443522.    	    1.431440    
    2443523.    	    2.208810    
    2443524.    	    2.608970    
    2443525.    	    2.790690    
    2443526.    	    2.885210    
    2443527.    	    2.875860    
    2443528.    	    2.711820    
    2443529.    	    2.660500    
    2443530.    	    2.638030    
    2443531.    	    2.412290    
    2443532.    	    2.329320    
    2443533.    	    2.314500    
    2443534.    	    2.209250    
    2443535.    	    2.254060    
    2443536.    	    2.225820    
    2443537.    	    2.446680    
    2443538.    	    2.624050    
    2443539.    	    2.470200    
    2443540.    	    2.432320    
    2443541.    	    2.431800    
    2443542.    	    2.478550    
    2443543.    	    2.686740    
    2443544.    	    3.023310    
    2443545.    	    2.938000    
    2443546.    	    2.784620    
    2443547.    	    2.422230    
    2443548.    	    2.173950    
    2443549.    	    1.956150    
    2443550.    	    1.846020    
    2443551.    	    1.508980    
    2443552.    	    1.180790    
    2443553.    	    1.127680    
    2443554.    	   0.9869470    
    2443555.    	   0.8126390    
    2443556.    	   0.7225020    
    2443557.    	   0.8478190    
    2443558.    	   0.9217740    
    2443559.    	   0.8776160    
    2443560.    	    1.084460    
    2443561.    	    1.240670    
    2443562.    	    1.540190    
    2443563.    	    1.741280    
    2443564.    	    2.032130    
    2443565.    	    2.072790    
    2443566.    	    2.080620    
    2443567.    	    2.151100    
    2443568.    	    2.452010    
    2443569.    	    2.729460    
    2443570.    	    2.626520    
    2443571.    	    2.495360    
    2443572.    	    2.517620    
    2443573.    	    2.578040    
    2443574.    	    2.406260    
    2443575.    	    2.448860    
    2443576.    	    2.398990    
    2443577.    	    1.955460    
    2443578.    	    1.685240    
    2443579.    	    1.917120    
    2443580.    	    2.257900    
    2443581.    	    2.446210    
    2443582.    	    1.972720    
    2443583.    	    1.873280    
    2443584.    	    1.833730    
    2443875.    	    1.060090    
    2443876.    	    1.388700    
    2443877.    	    1.547580    
    2443878.    	    1.471080    
    2443879.    	    1.181000    
    2443880.    	    1.241500    
    2443881.    	    1.324660    
    2443882.    	    1.472140    
    2443883.    	    1.660810    
    2443884.    	    1.849010    
    2443885.    	    1.891780    
    2443886.    	    2.404720    
    2443887.    	    2.446090    
    2443888.    	    2.207200    
    2443889.    	    1.928180    
    2443890.    	    1.893910    
    2443891.    	    2.359540    
    2443892.    	    2.624030    
    2443893.    	    2.614540    
    2443894.    	    2.510110    
    2443895.    	    2.582660    
    2443896.    	    2.543080    
    2443897.    	    2.208130    
    2443898.    	    2.098520    
    2443899.    	    1.628560    
    2443900.    	    1.300150    
    2443901.    	    1.058360    
    2443902.    	   0.8150690    
    2443903.    	   0.6308750    
    2443904.    	   0.7671190    
    2443905.    	   0.5963140    
    2443906.    	   0.2924670    
    2443907.    	   0.1673240    
    2443908.    	   0.2573310    
    2443909.    	   0.5877340    
    2443910.    	   0.6244700    
    2443911.    	   0.8545130    
    2443912.    	   0.9301610    
    2443913.    	    1.047250    
    2443914.    	    1.199590    
    2443915.    	    1.401950    
    2443916.    	    1.499880    
    2443917.    	    1.502250    
    2443918.    	    1.834540    
    2443919.    	    1.850100    
    2443920.    	    1.731910    
    2443921.    	    1.744380    
    2443922.    	    1.431770    
    2443923.    	   0.9142060    
    2443924.    	   0.8289620    
    2443925.    	    1.045880    
    2443926.    	   0.8271880    
    2443927.    	   0.8465720    
    2443928.    	   0.8782520    
    2443929.    	    1.091650    
    2443930.    	   0.9622920    
    2443931.    	    1.028290    
    2443932.    	    1.288170    
    2443933.    	    1.106540    
    2443934.    	   0.8875150    
    2443935.    	   0.8428820    
    2443936.    	    1.111180    
    2443937.    	    1.007770    
    2443938.    	   0.9820380    
    2443939.    	    1.110810    
    2443940.    	    1.427140    
    2443941.    	    1.701110    
    2443942.    	    2.093560    
    2443943.    	    2.438980    
    2443944.    	    2.509790    
    2443945.    	    2.517050    
    2443946.    	    2.468820    
    2443947.    	    2.066680    
    2443948.    	    1.937330    
    2443949.    	    1.553370    
    2443950.    	    1.097900    
    2443951.    	   0.5413380    
    2443952.    	   0.4222420    
    2443953.    	   0.6362120    
    2443954.    	   0.8458150    
    2443955.    	    1.251340    
    2443956.    	    1.622540    
    2443957.    	    1.681810    
    2443958.    	    1.440040    
    2443959.    	    1.586360    
    2443960.    	    1.227940    
    2443961.    	   0.9961140    
    2443962.    	   0.8732000    
    2443963.    	   0.9625550    
    2443964.    	    1.236190    
    2443965.    	    1.179020    
    2443966.    	    1.470000    
    2443967.    	    1.772400    
    2443968.    	    1.898650    
    2443969.    	    2.051270    
    2443970.    	    2.078300    
    2443971.    	    2.050530    
    2443972.    	    2.029340    
    2443973.    	    2.035740    
    2443974.    	    2.104230    
    2443975.    	    2.182380    
    2443976.    	    2.154300    
    2443977.    	    2.092930    
    2443978.    	    1.735080    
    2443979.    	    1.704450    
    2443980.    	    1.855240    
    2443981.    	    1.919470    
    2443982.    	    1.703490    
    2443983.    	    1.693440    
    2443984.    	    1.934380    
    2443985.    	    2.030430    
    2443986.    	    2.032440    
    2443987.    	    1.915860    
    2443988.    	    1.762760    
    2443989.    	    1.629550    
    2443990.    	    1.703650    
    2443991.    	    1.612650    
    2443992.    	    1.695760    
    2443993.    	    1.707100    
    2443994.    	    1.614890    
    2443995.    	    1.611310    
    2443996.    	    1.578710    
    2443997.    	    1.547500    
    2443998.    	    1.473070    
    2443999.    	    1.482990    
    2444000.    	    1.414770    
    2444001.    	    1.226240    
    2444002.    	    1.002900    
    2444003.    	    1.126070    
    2444004.    	   0.8575550    
    2444005.    	   0.8420650    
    2444006.    	   0.8403590    
    2444007.    	    1.377820    
    2444008.    	    1.672630    
    2444009.    	    1.828850    
    2444010.    	    1.857140    
    2444011.    	    1.977830    
    2444012.    	    1.951280    
    2444013.    	    1.649500    
    2444014.    	    1.387260    
    2444015.    	    1.597130    
    2444016.    	    1.824040    
    2444017.    	    1.720370    
    2444018.    	    1.706990    
    2444019.    	    2.071040    
    2444020.    	    2.558600    
    2444021.    	    2.598760    
    2444022.    	    2.611850    
    2444023.    	    2.377880    
    2444024.    	    2.223620    
    2444025.    	    2.017440    
    2444026.    	    1.937780    
    2444027.    	    2.254560    
    2444028.    	    2.352030    
    2444029.    	    2.497840    
    2444030.    	    2.234160    
    2444031.    	    1.973270    
    2444032.    	    1.729140    
    2444033.    	    1.644050    
    2444034.    	    1.591180    
    2444035.    	    1.698070    
    2444036.    	    1.486050    
    2444037.    	    1.567870    
    2444038.    	    1.627550    
    2444039.    	    1.413790    
    2444040.    	    1.586410    
    2444041.    	    1.730190    
    2444042.    	    1.631400    
    2444043.    	    1.714790    
    2444044.    	    1.634260    
    2444045.    	    1.748900    
    2444046.    	    1.721460    
    2444047.    	    1.686400    
    2444048.    	    1.652420    
    2444049.    	    1.515350    
    2444050.    	    1.204450    
    2444051.    	    1.068520    
    2444052.    	    1.150590    
    2444053.    	   0.9055140    
    2444054.    	    1.016640    
    2444055.    	    1.219250    
    2444056.    	    1.605310    
    2444057.    	    1.256250    
    2444058.    	   0.9969550    
    2444059.    	   0.9288900    
    2444060.    	   0.9986650    
    2444061.    	    1.017900    
    2444062.    	    1.291450    
    2444063.    	    1.622720    
    2444064.    	    1.862310    
    2444065.    	    1.756440    
    2444066.    	    1.771950    
    2444067.    	    1.840770    
    2444068.    	    1.562210    
    2444069.    	    1.166880    
    2444070.    	    1.235310    
    2444071.    	    1.340600    
    2444072.    	    1.523960    
    2444073.    	    1.530650    
    2444074.    	    1.289900    
    2444075.    	    1.316920    
    2444076.    	    1.521870    
    2444077.    	    1.563840    
    2444078.    	    1.533840    
    2444079.    	    1.178630    
    2444080.    	   0.8563560    
    2444081.    	   0.5368480    
    2444082.    	   0.4140410    
    2444083.    	   0.5650870    
    2444084.    	   0.8278660    
    2444085.    	    1.026900    
    2444086.    	    1.202180    
    2444087.    	    1.677060    
    2444088.    	    2.081700    
    2444089.    	    2.505660    
    2444090.    	    2.503520    
    2444091.    	    2.505320    
    2444092.    	    2.271590    
    2444093.    	    2.292550    
    2444094.    	    2.403910    
    2444095.    	    2.264970    
    2444096.    	    2.162030    
    2444097.    	    1.806760    
    2444098.    	    1.944300    
    2444099.    	    1.938920    
    2444100.    	    2.046750    
    2444101.    	    1.757640    
    2444102.    	    1.884210    
    2444103.    	    1.979020    
    2444104.    	    2.213510    
    2444105.    	    2.367810    
    2444106.    	    2.423270    
    2444107.    	    2.193880    
    2444108.    	    1.801410    
    2444109.    	    1.795560    
    2444110.    	    2.313640    
    2444111.    	    2.476680    
    2444112.    	    2.468550    
    2444113.    	    2.915570    
    2444114.    	    3.082210    
    2444115.    	    2.807710    
    2444116.    	    2.522430    
    2444117.    	    2.312510    
    2444118.    	    2.203590    
    2444119.    	    1.923360    
    2444120.    	    1.797930    
    2444121.    	    1.909100    
    2444122.    	    1.806700    
    2444123.    	    1.774430    
    2444124.    	    1.636990    
    2444125.    	    1.541860    
    2444126.    	    1.378390    
    2444127.    	    1.217280    
    2444128.    	    1.247190    
    2444129.    	    1.268190    
    2444130.    	    1.096040    
    2444131.    	    1.184570    
    2444132.    	    1.050660    
    2444133.    	    1.048480    
    2444134.    	    1.283110    
    2444135.    	    1.301350    
    2444136.    	    1.152280    
    2444137.    	    1.302030    
    2444138.    	    1.425370    
    2444139.    	    1.657970    
    2444140.    	    1.908070    
    2444141.    	    2.310100    
    2444142.    	    2.517730    
    2444143.    	    2.935770    
    2444144.    	    3.035640    
    2444145.    	    3.082350    
    2444146.    	    3.215470    
    2444147.    	    3.438250    
    2444148.    	    3.297610    
    2444149.    	    3.123600    
    2444150.    	    3.160630    
    2444151.    	    3.311270    
    2444152.    	    3.108260    
    2444153.    	    2.694320    
    2444154.    	    2.388540    
    2444155.    	    1.699320    
    2444156.    	    1.269040    
    2444157.    	    1.293810    
    2444158.    	    1.561870    
    2444159.    	    1.757640    
    2444160.    	    1.738370    
    2444161.    	    1.407090    
    2444162.    	    1.366190    
    2444163.    	    1.381370    
    2444164.    	    1.611570    
    2444165.    	    1.971600    
    2444166.    	    2.035930    
    2444167.    	    2.169380    
    2444168.    	    2.091200    
    2444169.    	    1.848500    
    2444170.    	    1.651710    
    2444171.    	    1.354450    
    2444172.    	    1.243710    
    2444173.    	    1.390020    
    2444174.    	    1.467310    
    2444175.    	    1.554700    
    2444176.    	    1.321070    
    2444177.    	    1.150070    
    2444178.    	    1.175170    
    2444179.    	    1.450810    
    2444180.    	    1.600420    
    2444181.    	    1.620710    
    2444182.    	    1.435560    
    2444183.    	    1.188730    
    2444184.    	   0.9746410    
    2444185.    	   0.9316090    
    2444186.    	   0.9226070    
    2444187.    	   0.9003000    
    2444188.    	    1.086400    
    2444189.    	   0.9714120    
    2444190.    	    1.049180    
    2444191.    	    1.220660    
    2444192.    	    1.244030    
    2444193.    	    1.587760    
    2444194.    	    1.978360    
    2444195.    	    2.120390    
    2444196.    	    2.126730    
    2444197.    	    2.021810    
    2444198.    	    2.222830    
    2444199.    	    2.174200    
    2444200.    	    2.059740    
    2444201.    	    2.166570    
    2444202.    	    1.831590    
    2444203.    	    1.630060    
    2444204.    	    1.595390    
    2444205.    	    1.449730    
    2444206.    	    1.211320    
    2444207.    	    1.008210    
    2444208.    	   0.9949620    
    2444209.    	   0.8993630    
    2444210.    	    1.036110    
    2444211.    	   0.8806660    
    2444212.    	    1.133420    
    2444213.    	    1.093670    
    2444214.    	   0.9371270    
    2444215.    	   0.8820120    
    2444216.    	    1.235620    
    2444217.    	    1.316050    
    2444218.    	    1.333020    
    2444219.    	    1.450800    
    2444220.    	    1.503990    
    2444221.    	    1.441860    
    2444222.    	    1.211370    
    2444223.    	    1.009250    
    2444224.    	    1.053400    
    2444225.    	    1.058290    
    2444226.    	   0.9567450    
    2444227.    	   0.7409660    
    2444228.    	   0.5384130    
    2444229.    	   0.7701830    
    2444230.    	   0.9231570    
    2444231.    	   0.6201350    
    2444232.    	   0.5946140    
    2444233.    	   0.9062580    
    2444234.    	    1.318200    
    2444235.    	    1.320040    
    2444236.    	    1.389720    
    2444237.    	    1.263180    
    2444238.    	    1.223360    
    2444239.    	   0.8986740    
    2444240.    	   0.8143030    
    2444241.    	   0.7057120    
    2444242.    	   0.6637760    
    2444243.    	   0.6508960    
    2444244.    	   0.8572570    
    2444245.    	   0.9698760    
    2444246.    	   0.7740370    
    2444247.    	   0.7894000    
    2444248.    	   0.8228780    
    2444249.    	   0.9719010    
    2444250.    	   0.9528010    
    2444251.    	   0.6250320    
    2444252.    	   0.4964130    
    2444253.    	   0.3924860    
    2444254.    	   0.4423810    
    2444255.    	   0.9810750    
    2444256.    	    1.221020    
    2444257.    	    1.077630    
    2444258.    	   0.6187860    
    2444259.    	   0.6204620    
    2444260.    	   0.5749910    
    2444261.    	   0.5762810    
    2444262.    	   0.8763940    
    2444263.    	    1.039210    
    2444264.    	   0.8668510    
    2444265.    	   0.6705970    
    2444266.    	   0.6429910    
    2444267.    	   0.8222630    
    2444268.    	   0.9688720    
    2444269.    	   0.8839640    
    2444270.    	   0.8754770    
    2444271.    	   0.9314090    
    2444272.    	   0.8067180    
    2444273.    	   0.9069280    
    2444274.    	    1.124640    
    2444275.    	    1.052730    
    2444276.    	   0.8519640    
    2444277.    	   0.8082190    
    2444278.    	   0.9612440    
    2444279.    	   0.8671170    
    2444280.    	   0.9868690    
    2444281.    	    1.060930    
    2444282.    	    1.177960    
    2444283.    	    1.089860    
    2444284.    	   0.8491950    
    2444285.    	   0.7072180    
    2444286.    	   0.5729150    
    2444287.    	   0.3972600    
    2444288.    	   0.3614920    
    2444289.    	   0.1216950    
    2444290.    	   9.9478401E-02
    2444291.    	   0.3736610    
    2444292.    	   0.6282970    
    2444293.    	   0.7189130    
    2444294.    	   0.4067700    
    2444295.    	   0.2014020    
    2444296.    	   0.2651330    
    2444297.    	   0.4324420    
    2444298.    	   0.8130530    
    2444299.    	   0.6502690    
    2444300.    	   0.5174420    
    2444301.    	   0.7428110    
    2444302.    	   0.7506400    
    2444303.    	   0.7818540    
    2444304.    	   0.9588740    
    2444305.    	    1.244420    
    2444306.    	    1.420940    
    2444307.    	    1.571950    
    2444308.    	    1.865540    
    2444309.    	    1.654610    
    2444310.    	    1.374850    
    2444311.    	    1.377410    
    2444312.    	   0.9351720    
    2444313.    	   0.9688580    
    2444314.    	    1.247830    
    2444315.    	   0.9345460    
    2444316.    	    1.016500    
    2444317.    	    1.421640    
    2444318.    	    1.592020    
    2444319.    	    1.553160    
    2444320.    	    1.548410    
    2444321.    	    1.462120    
    2444322.    	    1.453580    
    2444323.    	    1.516670    
    2444324.    	    1.560540    
    2444325.    	    1.642020    
    2444326.    	    1.807830    
    2444327.    	    1.809380    
    2444328.    	    2.045810    
    2444329.    	    2.422990    
    2444330.    	    2.879500    
    2444331.    	    2.595080    
    2444332.    	    2.404140    
    2444333.    	    2.017980    
    2444334.    	    1.786120    
    2444335.    	    1.644460    
    2444336.    	    1.490830    
    2444337.    	    1.490180    
    2444338.    	    1.424150    
    2444339.    	    1.394260    
    2444340.    	    1.660380    
    2444341.    	    1.807520    
    2444342.    	    1.919810    
    2444343.    	    2.159200    
    2444344.    	    2.293850    
    2444345.    	    2.249350    
    2444346.    	    2.202460    
    2444347.    	    2.107650    
    2444348.    	    1.969600    
    2444349.    	    1.769680    
    2444350.    	    2.032040    
    2444351.    	    2.000780    
    2444352.    	    1.887260    
    2444353.    	    1.836630    
    2444354.    	    1.470420    
    2444355.    	    1.267150    
    2444356.    	    1.129600    
    2444357.    	   0.9159220    
    2444358.    	   0.6826800    
    2444359.    	   0.5291100    
    2444360.    	   0.6974460    
    2444361.    	   0.6998770    
    2444362.    	   0.5716960    
    2444363.    	   0.4125550    
    2444364.    	   0.3686310    
    2444365.    	   0.3903230    
    2444366.    	   0.3720180    
    2444367.    	   0.3934770    
    2444368.    	   0.6705380    
    2444369.    	   0.7092920    
    2444370.    	   0.7978010    
    2444371.    	   0.9086810    
    2444372.    	   0.5236410    
    2444373.    	   0.1490460    
    2444374.    	   7.6044999E-02
    2444375.    	   0.1168180    
    2444376.    	   0.1908650    
    2444377.    	   0.2202650    
    2444378.    	   8.1162304E-02
    2444379.    	   0.3130840    
    2444380.    	   0.4329250    
    2444381.    	   0.5289190    
    2444382.    	   0.6053560    
    2444383.    	   0.6456060    
    2444384.    	   0.5287910    
    2444385.    	   0.6129420    
    2444386.    	   0.6341100    
    2444387.    	   0.8387870    
    2444388.    	    1.047660    
    2444389.    	    1.113710    
    2444390.    	    1.142660    
    2444391.    	    1.138540    
    2444392.    	    1.218990    
    2444393.    	    1.212050    
    2444394.    	    1.048280    
    2444395.    	   0.9246480    
    2444396.    	   0.6909690    
    2444397.    	   0.2768210    
    2444398.    	   0.2891390    
    2444399.    	   0.4730640    
    2444400.    	   0.6324410    
    2444401.    	   0.7654450    
    2444402.    	   0.7401720    
    2444403.    	   0.7399980    
    2444404.    	   0.4282420    
    2444405.    	   0.4033270    
    2444406.    	   0.3812570    
    2444407.    	   0.5823490    
    2444408.    	   0.7691340    
    2444409.    	   0.6657230    
    2444410.    	   0.7693020    
    2444411.    	   0.7327490    
    2444412.    	   0.5721810    
    2444413.    	   0.7128230    
    2444414.    	   0.8220360    
    2444415.    	   0.8483320    
    2444416.    	   0.8545560    
    2444417.    	   0.7006870    
    2444418.    	   0.4366040    
    2444419.    	   0.4646020    
    2444420.    	   0.5781480    
    2444421.    	   0.5180840    
    2444422.    	   0.6069720    
    2444423.    	    1.012320    
    2444424.    	    1.375960    
    2444425.    	    1.401300    
    2444426.    	    1.092430    
    2444427.    	   0.8317940    
    2444428.    	   0.7886330    
    2444429.    	   0.8686420    
    2444430.    	   0.6111670    
    2444431.    	   0.3468880    
    2444432.    	   0.5518830    
    2444433.    	   0.5440350    
    2444434.    	   0.5751200    
    2444435.    	   0.7101070    
    2444436.    	   0.8481570    
    2444437.    	   0.5728920    
    2444438.    	   0.4594760    
    2444439.    	   0.1712150    
    2444440.    	   0.1290230    
    2444441.    	   0.4077090    
    2444442.    	   0.5783290    
    2444443.    	   0.8338600    
    2444444.    	   0.8961220    
    2444445.    	   0.8566070    
    2444446.    	   0.8971320    
    2444447.    	    1.128910    
    2444448.    	    1.245690    
    2444449.    	    1.169290    
    2444450.    	    1.036900    
    2444451.    	    1.014260    
    2444452.    	    1.015700    
    2444453.    	    1.272130    
    2444454.    	    1.239740    
    2444455.    	    1.086010    
    2444456.    	   0.9280040    
    2444457.    	   0.8529340    
    2444458.    	   0.7920910    
    2444459.    	    1.037410    
    2444460.    	    1.006390    
    2444461.    	    1.104480    
    2444462.    	    1.218700    
    2444463.    	    1.454640    
    2444464.    	    1.247330    
    2444465.    	   0.9341120    
    2444466.    	   0.7435660    
    2444467.    	   0.5885320    
    2444468.    	   0.5209060    
    2444469.    	   0.6236090    
    2444470.    	   0.9441130    
    2444471.    	    1.233690    
    2444472.    	    1.440670    
    2444473.    	    1.337330    
    2444474.    	    1.561440    
    2444475.    	    1.691900    
    2444476.    	    1.755770    
    2444477.    	    1.813290    
    2444478.    	    1.580110    
    2444479.    	    1.578130    
    2444480.    	    1.527380    
    2444481.    	    1.192040    
    2444482.    	   0.9231880    
    2444483.    	   0.8209300    
    2444484.    	    1.002280    
    2444485.    	    1.052950    
    2444486.    	   0.9537910    
    2444487.    	   0.9244620    
    2444488.    	    1.046750    
    2444489.    	    1.143930    
    2444490.    	    1.122980    
    2444491.    	    1.442370    
    2444492.    	    1.700640    
    2444493.    	    1.603680    
    2444494.    	    1.549350    
    2444495.    	    1.602410    
    2444496.    	    1.475580    
    2444497.    	    1.222650    
    2444498.    	    1.028170    
    2444499.    	   0.9573520    
    2444500.    	   0.9928090    
    2444501.    	   0.9986590    
    2444502.    	    1.122330    
    2444503.    	    1.479180    
    2444504.    	    1.799000    
    2444505.    	    1.763040    
    2444506.    	    1.578030    
    2444507.    	    1.308910    
    2444508.    	   0.9076460    
    2444509.    	   0.6252240    
    2444510.    	   0.3985260    
    2444511.    	   0.4092980    
    2444512.    	   0.5348270    
    2444513.    	   0.4290650    
    2444514.    	   0.3080850    
    2444515.    	   0.2221670    
    2444516.    	   0.1264580    
    2444517.    	   0.3812470    
    2444518.    	   0.8827150    
    2444519.    	    1.040010    
    2444520.    	   0.9620770    
    2444521.    	    1.086820    
    2444522.    	    1.134560    
    2444523.    	   0.9189230    
    2444524.    	   0.9011670    
    2444525.    	   0.9991160    
    2444526.    	    1.123470    
    2444527.    	    1.274490    
    2444528.    	    1.290150    
    2444529.    	   0.9962450    
    2444530.    	    1.000420    
    2444531.    	    1.171380    
    2444532.    	    1.278220    
    2444533.    	    1.401290    
    2444534.    	    1.497840    
    2444535.    	    1.518020    
    2444536.    	    1.750670    
    2444537.    	    1.879460    
    2444538.    	    1.772890    
    2444539.    	    1.669610    
    2444540.    	    1.342930    
    2444541.    	    1.355980    
    2444542.    	    1.105430    
    2444543.    	   0.9461260    
    2444544.    	   0.9844130    
    2444545.    	   0.9198460    
    2444546.    	   0.7757620    
    2444547.    	   0.7656260    
    2444548.    	   0.9646890    
    2444549.    	   0.9210440    
    2444550.    	   0.5942580    
    2444551.    	   0.5374280    
    2444552.    	   0.6644010    
    2444553.    	   0.8946340    
    2444554.    	    1.142830    
    2444555.    	    1.226750    
    2444556.    	    1.236610    
    2444557.    	    1.191300    
    2444558.    	    1.311020    
    2444559.    	    1.249040    
    2444560.    	    1.232090    
    2444561.    	    1.081310    
    2444562.    	   0.8961590    
    2444563.    	   0.7825480    
    2444564.    	   0.7422450    
    2444565.    	   0.7949060    
    2444566.    	   0.5800000    
    2444567.    	   0.3276340    
    2444568.    	   5.2006401E-02
    2444569.    	   0.2299650    
    2444570.    	   0.3134920    
    2444571.    	   0.5417790    
    2444572.    	   0.6146720    
    2444573.    	   0.5118090    
    2444574.    	   0.4919720    
    2444575.    	   0.4112660    
    2444576.    	   0.5216540    
    2444577.    	   0.4791480    
    2444578.    	   0.4451960    
    2444579.    	   0.3534330    
    2444580.    	   0.3906930    
    2444581.    	   0.4207220    
    2444582.    	   0.4626320    
    2444583.    	   0.3285970    
    2444584.    	   0.3865680    
    2444585.    	   0.4258010    
    2444586.    	   0.4275590    
    2444587.    	   0.1861970    
    2444588.    	   0.2213250    
    2444589.    	   0.1384940    
    2444590.    	   0.1491990    
    2444591.    	   0.4094840    
    2444592.    	   0.4866030    
    2444593.    	   0.4321130    
    2444594.    	   0.3769000    
    2444595.    	   0.5151290    
    2444596.    	   0.5497480    
    2444597.    	   0.5086470    
    2444598.    	   0.5456030    
    2444599.    	   0.4639390    
    2444600.    	   0.4180630    
    2444601.    	   0.1632490    
    2444602.    	   0.4432170    
    2444603.    	   0.8960780    
    2444604.    	    1.039190    
    2444605.    	    1.021850    
    2444606.    	   0.8130720    
    2444607.    	   0.8535550    
    2444608.    	   0.4723730    
    2444609.    	   0.2446680    
    2444610.    	   0.6033740    
    2444611.    	   0.5086080    
    2444612.    	   0.3087470    
    2444613.    	   0.2455470    
    2444614.    	   0.4585210    
    2444615.    	   0.2791980    
    2444616.    	   0.3043600    
    2444617.    	   0.6748550    
    2444618.    	   0.8804270    
    2444619.    	    1.047430    
    2444620.    	    1.276050    
    2444621.    	    1.531680    
    2444622.    	    1.721430    
    2444623.    	    1.791340    
    2444624.    	    1.694680    
    2444625.    	    1.709460    
    2444626.    	    1.649460    
    2444627.    	    1.120520    
    2444628.    	   0.7775090    
    2444629.    	   0.7173040    
    2444630.    	   0.7485370    
    2444631.    	   0.5749110    
    2444632.    	   0.5904760    
    2444633.    	   0.5233750    
    2444634.    	   0.6185960    
    2444635.    	   0.6496750    
    2444636.    	   0.3207230    
    2444637.    	   0.8353590    
    2444638.    	    1.384940    
    2444639.    	    1.479090    
    2444640.    	    1.470580    
    2444641.    	    1.571770    
    2444642.    	    1.442000    
    2444643.    	    1.206030    
    2444644.    	    1.133930    
    2444645.    	    1.225050    
    2444646.    	    1.136260    
    2444647.    	    1.252060    
    2444648.    	    1.424460    
    2444649.    	    1.487150    
    2444650.    	    1.571930    
    2444651.    	    1.483730    
    2444652.    	    1.468720    
    2444653.    	    1.628670    
    2444654.    	    1.715660    
    2444655.    	    1.936140    
    2444656.    	    2.043640    
    2444657.    	    1.993400    
    2444658.    	    1.869490    
    2444659.    	    1.864820    
    2444660.    	    1.764650    
    2444661.    	    1.789400    
    2444662.    	    1.924520    
    2444663.    	    1.865240    
    2444664.    	    1.759460    
    2444665.    	    2.019980    
    2444666.    	    2.286870    
    2444667.    	    2.632680    
    2444668.    	    2.525980    
    2444669.    	    2.484670    
    2444670.    	    2.712470    
    2444671.    	    2.809040    
    2444672.    	    2.571250    
    2444673.    	    2.347500    
    2444674.    	    2.071220    
    2444675.    	    1.990990    
    2444676.    	    2.164150    
    2444677.    	    2.648090    
    2444678.    	    2.947650    
    2444679.    	    3.039210    
    2444680.    	    2.798280    
    2444681.    	    2.670720    
    2444682.    	    2.783930    
    2444683.    	    2.923810    
    2444684.    	    3.034000    
    2444685.    	    2.809900    
    2444686.    	    2.648930    
    2444687.    	    2.701680    
    2444688.    	    2.994080    
    2444689.    	    2.771290    
    2444690.    	    2.850930    
    2444691.    	    3.037740    
    2444692.    	    3.169880    
    2444693.    	    2.977630    
    2444694.    	    2.824950    
    2444695.    	    2.890970    
    2444696.    	    2.959820    
    2444697.    	    3.069130    
    2444698.    	    2.992980    
    2444699.    	    2.988440    
    2444700.    	    3.142140    
    2444701.    	    3.221590    
    2444702.    	    2.870900    
    2444703.    	    2.250120    
    2444704.    	    2.040130    
    2444705.    	    2.084620    
    2444706.    	    1.930640    
    2444707.    	    1.626630    
    2444708.    	    1.262440    
    2444709.    	    1.220330    
    2444710.    	    1.156720    
    2444711.    	    1.114170    
    2444712.    	    1.003000    
    2444713.    	   0.9590000    
    2444714.    	    1.195960    
    2444715.    	    1.326810    
    2444716.    	    1.273930    
    2444717.    	    1.066000    
    2444718.    	   0.9895000    
    2444719.    	    1.056020    
    2444720.    	    1.414700    
    2444721.    	    1.683800    
    2444722.    	    1.804700    
    2444723.    	    1.881840    
    2444724.    	    2.074700    
    2444725.    	    2.381920    
    2444726.    	    2.595820    
    2444727.    	    2.364700    
    2444728.    	    1.866800    
    2444729.    	    2.037940    
    2444730.    	    2.001260    
    2444731.    	    1.848210    
    2444732.    	    1.611770    
    2444733.    	    1.582780    
    2444734.    	    1.543600    
    2444735.    	    1.614090    
    2444736.    	    1.910390    
    2444737.    	    1.720600    
    2444738.    	    1.747590    
    2444739.    	    1.772630    
    2444740.    	    1.846570    
    2444741.    	    1.805760    
    2444742.    	    1.752230    
    2444743.    	    1.564300    
    2444744.    	    1.225650    
    2444745.    	    1.227650    
    2444746.    	    1.327990    
    2444747.    	    1.227920    
    2444748.    	    1.246180    
    2444749.    	   0.7836490    
    2444750.    	   0.5328940    
    2444751.    	   0.3525140    
    2444752.    	   0.2887640    
    2444753.    	   0.3082850    
    2444754.    	   0.4188540    
    2444755.    	   0.3241920    
    2444756.    	   0.4725940    
    2444757.    	   0.6667150    
    2444758.    	   0.9946950    
    2444759.    	    1.098310    
    2444760.    	    1.072450    
    2444761.    	    1.124630    
    2444762.    	    1.352510    
    2444763.    	    1.133880    
    2444764.    	    1.137760    
    2444765.    	    1.057970    
    2444766.    	    1.093240    
    2444767.    	    1.196170    
    2444768.    	    1.257990    
    2444769.    	    1.381100    
    2444770.    	    1.242230    
    2444771.    	   0.9750880    
    2444772.    	   0.6158070    
    2444773.    	   0.6509480    
    2444774.    	   0.7827740    
    2444775.    	    1.038440    
    2444776.    	    1.139390    
    2444777.    	    1.150740    
    2444778.    	    1.207070    
    2444779.    	   0.7530310    
    2444780.    	   0.3126800    
    2444781.    	   0.3108240    
    2444782.    	   0.5674630    
    2444783.    	   0.5717040    
    2444784.    	   0.8053230    
    2444785.    	   0.6804530    
    2444786.    	   0.6380570    
    2444787.    	   0.5568640    
    2444788.    	   0.6429210    
    2444789.    	   0.7296100    
    2444790.    	   0.7852520    
    2444791.    	    1.008080    
    2444792.    	   0.9524510    
    2444793.    	    1.085980    
    2444794.    	    1.022730    
    2444795.    	    1.261880    
    2444796.    	    1.378970    
    2444797.    	    1.438890    
    2444798.    	    1.099570    
    2444799.    	    1.073120    
    2444800.    	    1.023950    
    2444801.    	    1.167660    
    2444802.    	    1.393470    
    2444803.    	    1.676240    
    2444804.    	    1.676660    
    2444805.    	    1.803350    
    2444806.    	    1.788110    
    2444807.    	    1.569290    
    2444808.    	    1.677080    
    2444809.    	    1.601430    
    2444810.    	    1.914200    
    2444811.    	    1.945460    
    2444812.    	    1.935300    
    2444813.    	    1.910880    
    2444814.    	    1.771720    
    2444815.    	    1.630640    
    2444816.    	    1.875870    
    2444817.    	    2.144630    
    2444818.    	    2.284360    
    2444819.    	    2.327190    
    2444820.    	    2.549870    
    2444821.    	    2.592620    
    2444822.    	    2.417280    
    2444823.    	    2.064340    
    2444824.    	    1.863880    
    2444825.    	    1.820910    
    2444826.    	    1.693060    
    2444827.    	    1.444670    
    2444828.    	    1.392730    
    2444829.    	    1.332630    
    2444830.    	    1.076410    
    2444831.    	   0.7283210    
    2444832.    	   0.8839230    
    2444833.    	   0.7247350    
    2444834.    	   0.7369300    
    2444835.    	   0.5787520    
    2444836.    	   0.5109540    
    2444837.    	   0.8599580    
    2444838.    	   0.9868670    
    2444839.    	   0.9804360    
    2444840.    	    1.143670    
    2444841.    	    1.157890    
    2444842.    	    1.235720    
    2444843.    	    1.350140    
    2444844.    	    1.427650    
    2444845.    	    1.466810    
    2444846.    	    1.647170    
    2444847.    	    1.631150    
    2444848.    	    1.676990    
    2444849.    	    1.990890    
    2444850.    	    2.002900    
    2444851.    	    1.953420    
    2444852.    	    2.012420    
    2444853.    	    2.207090    
    2444854.    	    1.831150    
    2444855.    	    1.532220    
    2444856.    	    1.530880    
    2444857.    	    1.443030    
    2444858.    	    1.477750    
    2444859.    	    1.563010    
    2444860.    	    1.736330    
    2444861.    	    1.756780    
    2444862.    	    1.612860    
    2444863.    	    1.454300    
    2444864.    	    1.153010    
    2444865.    	    1.332200    
    2444866.    	    1.722990    
    2444867.    	    1.910610    
    2444868.    	    1.810010    
    2444869.    	    2.118780    
    2444870.    	    2.180860    
    2444871.    	    2.144160    
    2444872.    	    1.875050    
    2444873.    	    1.935330    
    2444874.    	    2.125500    
    2444875.    	    2.305920    
    2444876.    	    2.168710    
    2444877.    	    1.905710    
    2444878.    	    1.677460    
    2444879.    	    1.477300    
    2444880.    	    1.410670    
    2444881.    	    1.314770    
    2444882.    	    1.207250    
    2444883.    	    1.181290    
    2444884.    	    1.032200    
    2444885.    	    1.126220    
    2444886.    	    1.149550    
    2444887.    	    1.150240    
    2444888.    	   0.9109370    
    2444889.    	   0.5590750    
    2444890.    	   0.2821920    
    2444891.    	   0.1917610    
    2444892.    	   0.1893540    
    2444893.    	   0.1094380    
    2444894.    	   0.2502070    
    2444895.    	   0.5977000    
    2444896.    	   0.5745940    
    2444897.    	   0.3074000    
    2444898.    	   0.2125220    
    2444899.    	   0.2424730    
    2444900.    	   0.4657510    
    2444901.    	   0.6534010    
    2444902.    	   0.7879980    
    2444903.    	   0.8688310    
    2444904.    	   0.8702780    
    2444905.    	   0.9749400    
    2444906.    	   0.9466780    
    2444907.    	   0.8944730    
    2444908.    	    1.090730    
    2444909.    	    1.076730    
    2444910.    	    1.265810    
    2444911.    	    1.084220    
    2444912.    	    1.156590    
    2444913.    	    1.147840    
    2444914.    	   0.9516390    
    2444915.    	   0.7229920    
    2444916.    	   0.5955470    
    2444917.    	   0.7984130    
    2444918.    	    1.016220    
    2444919.    	    1.237120    
    2444920.    	    1.094810    
    2444921.    	   0.6400160    
    2444922.    	   0.4002800    
    2444923.    	   0.4702020    
    2444924.    	   0.7073900    
    2444925.    	   0.6348460    
    2444926.    	   0.4410650    
    2444927.    	   0.3082270    
    2444928.    	   0.3430630    
    2444929.    	   0.5682680    
    2444930.    	   0.5938690    
    2444931.    	   0.5340920    
    2444932.    	   0.5826440    
    2444933.    	   0.5954200    
    2444934.    	   0.6408720    
    2444935.    	   0.5268970    
    2444936.    	   0.3610640    
    2444937.    	   0.4942950    
    2444938.    	   0.6352110    
    2444939.    	   0.7518770    
    2444940.    	   0.7504890    
    2444941.    	   0.6938230    
    2444942.    	   0.7680870    
    2444943.    	   0.9563690    
    2444944.    	    1.349510    
    2444945.    	    1.577970    
    2444946.    	    1.829050    
    2444947.    	    2.054960    
    2444948.    	    1.944500    
    2444949.    	    1.966880    
    2444950.    	    2.009390    
    2444951.    	    1.724540    
    2444952.    	    1.897330    
    2444953.    	    1.699480    
    2444954.    	    1.582990    
    2444955.    	    1.364950    
    2444956.    	    1.270810    
    2444957.    	    1.195990    
    2444958.    	   0.8954570    
    2444959.    	   0.8392450    
    2444960.    	    1.003990    
    2444961.    	    1.055680    
    2444962.    	    1.206180    
    2444963.    	    1.141960    
    2444964.    	    1.116830    
    2444965.    	    1.187920    
    2444966.    	    1.340800    
    2444967.    	    1.365290    
    2444968.    	    1.444430    
    2444969.    	    1.592580    
    2444970.    	    1.649500    
    2444971.    	    1.868290    
    2444972.    	    1.990960    
    2444973.    	    1.968340    
    2444974.    	    1.785410    
    2444975.    	    1.506560    
    2444976.    	    1.273630    
    2444977.    	    1.029730    
    2444978.    	   0.8791830    
    2444979.    	    1.058730    
    2444980.    	    1.172040    
    2444981.    	    1.004510    
    2444982.    	   0.9607790    
    2444983.    	   0.9334270    
    2444984.    	   0.9163400    
    2444985.    	   0.8973720    
    2444986.    	    1.000270    
    2444987.    	   0.8989530    
    2444988.    	   0.6999210    
    2444989.    	   0.8229920    
    2444990.    	   0.7085740    
    2444991.    	   0.6082900    
    2444992.    	   0.4644300    
    2444993.    	   0.6128210    
    2444994.    	   0.7656170    
    2444995.    	   0.8928400    
    2444996.    	   0.5834670    
    2444997.    	   0.1959670    
    2444998.    	   0.6708680    
    2444999.    	   0.5640060    
    2445000.    	   0.8791290    
    2445001.    	    1.134780    
    2445002.    	    1.087510    
    2445003.    	    1.192340    
    2445004.    	    1.075240    
    2445005.    	    1.307280    
    2445006.    	    1.467490    
    2445007.    	    1.162030    
    2445008.    	   0.9017560    
    2445009.    	   0.7184480    
    2445010.    	   0.4876400    
    2445011.    	   0.4634820    
    2445012.    	   0.7023180    
    2445013.    	   0.7836180    
    2445014.    	   0.6443010    
    2445015.    	   0.6790280    
    2445016.    	   0.5944420    
    2445017.    	   0.2093550    
    2445018.    	   0.4522160    
    2445019.    	   0.9920170    
    2445020.    	    1.321630    
    2445021.    	    1.304510    
    2445022.    	    1.365320    
    2445023.    	    1.227690    
    2445024.    	    1.100020    
    2445025.    	    1.090100    
    2445026.    	    1.075420    
    2445027.    	    1.135620    
    2445028.    	    1.123790    
    2445029.    	    1.087850    
    2445030.    	   0.9336350    
    2445031.    	   0.7243080    
    2445032.    	   0.2665090    
    2445033.    	   0.1913270    
    2445034.    	   7.2218701E-02
    2445035.    	   0.1363080    
    2445036.    	   0.2822570    
    2445037.    	   0.5023880    
    2445038.    	   0.4904240    
    2445039.    	   0.6446570    
    2445040.    	   0.8186670    
    2445041.    	   0.8516670    
    2445042.    	   0.8738080    
    2445043.    	   0.9055000    
    2445044.    	   0.8350610    
    2445045.    	   0.9337200    
    2445046.    	    1.030610    
    2445047.    	   0.9695360    
    2445048.    	   0.8569340    
    2445049.    	   0.9733360    
    2445050.    	   0.8434790    
    2445051.    	   0.8546710    
    2445052.    	   0.9101420    
    2445053.    	   0.7363430    
    2445054.    	   0.8136830    
    2445055.    	   0.9468740    
    2445056.    	    1.418060    
    2445057.    	    1.447250    
    2445058.    	    1.241100    
    2445059.    	    1.447650    
    2445060.    	    1.662600    
    2445061.    	    1.496200    
    2445062.    	    1.377510    
    2445063.    	    1.054100    
    2445064.    	    1.066050    
    2445065.    	    1.260860    
    2445066.    	    1.551510    
    2445067.    	    1.749020    
    2445068.    	    1.791140    
    2445069.    	    2.007820    
    2445070.    	    2.020020    
    2445071.    	    1.703300    
    2445072.    	    1.257300    
    2445073.    	    1.020690    
    2445074.    	   0.8300140    
    2445075.    	   0.7059070    
    2445076.    	   0.6825150    
    2445077.    	   0.7026450    
    2445078.    	   0.8788570    
    2445079.    	   0.8300400    
    2445080.    	    1.037820    
    2445081.    	    1.219810    
    2445082.    	    1.403290    
    2445083.    	    1.358060    
    2445084.    	    1.233690    
    2445085.    	   0.9980020    
    2445086.    	   0.9605120    
    2445087.    	   0.7567670    
    2445088.    	   0.6032450    
    2445089.    	   0.4271820    
    2445090.    	   0.4665450    
    2445091.    	   0.6394030    
    2445092.    	   0.6963850    
    2445093.    	   0.8387520    
    2445094.    	   0.8738470    
    2445095.    	   0.8055970    
    2445096.    	   0.6503770    
    2445097.    	   0.6159060    
    2445098.    	   0.7760850    
    2445099.    	   0.9011480    
    2445100.    	    1.059280    
    2445101.    	    1.049580    
    2445102.    	    1.215490    
    2445103.    	    1.218830    
    2445104.    	    1.241190    
    2445105.    	    1.489620    
    2445106.    	    1.766790    
    2445107.    	    1.751680    
    2445108.    	    1.750630    
    2445109.    	    1.766570    
    2445110.    	    1.799710    
    2445111.    	    1.575920    
    2445112.    	    1.445170    
    2445113.    	    1.595570    
    2445114.    	    1.939140    
    2445115.    	    2.085770    
    2445116.    	    2.018350    
    2445117.    	    2.011950    
    2445118.    	    1.910790    
    2445119.    	    2.046330    
    2445120.    	    2.124620    
    2445121.    	    1.910190    
    2445122.    	    1.599950    
    2445123.    	    1.408760    
    2445124.    	    1.185680    
    2445125.    	    1.015840    
    2445126.    	   0.9007600    
    2445127.    	    1.139060    
    2445128.    	    1.297760    
    2445129.    	    1.286490    
    2445130.    	    1.220540    
    2445131.    	    1.201310    
    2445132.    	    1.401840    
    2445133.    	    1.056740    
    2445134.    	   0.9149760    
    2445135.    	   0.7326560    
    2445136.    	   0.9495270    
    2445137.    	   0.9697920    
    2445138.    	   0.9663930    
    2445139.    	   0.6977000    
    2445140.    	   0.5772640    
    2445141.    	   0.6370670    
    2445142.    	   0.6945190    
    2445143.    	   0.8391550    
    2445144.    	    1.009730    
    2445145.    	    1.274340    
    2445146.    	    1.159100    
    2445147.    	    1.178200    
    2445148.    	    1.352150    
    2445149.    	    1.208900    
    2445150.    	    1.288190    
    2445151.    	    1.471740    
    2445152.    	    1.457930    
    2445153.    	    1.148890    
    2445154.    	   0.8078130    
    2445155.    	   0.7874290    
    2445156.    	   0.9730590    
    2445157.    	   0.9932190    
    2445158.    	   0.7805720    
    2445159.    	   0.5705390    
    2445160.    	   0.4777480    
    2445161.    	   0.4726870    
    2445162.    	   0.3511860    
    2445163.    	   0.6456470    
    2445164.    	   0.6241010    
    2445165.    	   0.7035750    
    2445166.    	   0.7940330    
    2445167.    	   0.7665610    
    2445168.    	   0.6501400    
    2445169.    	   0.6606870    
    2445170.    	   0.8593910    
    2445171.    	    1.073070    
    2445172.    	    1.410280    
    2445173.    	    1.498690    
    2445174.    	    1.462240    
    2445175.    	    1.282400    
    2445176.    	    1.092890    
    2445177.    	   0.7719050    
    2445178.    	   0.5686070    
    2445179.    	   0.4387220    
    2445180.    	   0.3871960    
    2445181.    	   0.4802460    
    2445182.    	   0.5007870    
    2445183.    	   0.7250730    
    2445184.    	    1.157300    
    2445185.    	    1.374260    
    2445186.    	    1.109220    
    2445187.    	    1.096940    
    2445188.    	    1.398110    
    2445189.    	    1.359560    
    2445190.    	    1.275430    
    2445191.    	    1.072730    
    2445192.    	   0.9470230    
    2445193.    	   0.9336910    
    2445194.    	   0.8669220    
    2445195.    	   0.8438020    
    2445196.    	   0.7977380    
    2445197.    	   0.9793480    
    2445198.    	   0.8446470    
    2445199.    	   0.6676800    
    2445200.    	   0.5552450    
    2445201.    	   0.4252220    
    2445202.    	   0.5175000    
    2445203.    	   0.6516990    
    2445204.    	   0.5146850    
    2445205.    	   0.5433400    
    2445206.    	   0.5396640    
    2445207.    	   0.5133100    
    2445208.    	   0.6825160    
    2445209.    	   0.7092770    
    2445210.    	   0.7565780    
    2445211.    	   0.7785930    
    2445212.    	   0.8440120    
    2445213.    	   0.7930140    
    2445214.    	   0.6881480    
    2445215.    	   0.7851440    
    2445216.    	    1.002070    
    2445217.    	    1.131870    
    2445218.    	    1.246550    
    2445219.    	    1.246190    
    2445220.    	    1.207040    
    2445221.    	    1.074260    
    2445222.    	   0.7158740    
    2445223.    	   0.4709050    
    2445224.    	   0.1746320    
    2445225.    	   0.1979960    
    2445226.    	   0.1799240    
    2445227.    	   0.1540140    
    2445228.    	   0.2937120    
    2445229.    	   0.5493250    
    2445230.    	   0.9389270    
    2445231.    	    1.121920    
    2445232.    	    1.389220    
    2445233.    	    1.532560    
    2445234.    	    1.219480    
    2445235.    	   0.9649440    
    2445236.    	   0.9912010    
    2445237.    	   0.9189740    
    2445238.    	   0.8005830    
    2445239.    	   0.8097970    
    2445240.    	   0.9628560    
    2445241.    	    1.149490    
    2445242.    	    1.180050    
    2445243.    	   0.9132030    
    2445244.    	   0.6423880    
    2445245.    	   0.6416240    
    2445246.    	   0.6617010    
    2445247.    	   0.4535650    
    2445248.    	   0.4108680    
    2445249.    	   0.3817950    
    2445250.    	   0.5152260    
    2445251.    	   0.7092110    
    2445252.    	   0.7930820    
    2445253.    	   0.6153290    
    2445254.    	   0.5975570    
    2445255.    	   0.4144550    
    2445256.    	   0.3481620    
    2445257.    	   0.1033160    
    2445258.    	   0.3047590    
    2445259.    	   0.6580250    
    2445260.    	   0.9789110    
    2445261.    	    1.075870    
    2445262.    	    1.061590    
    2445263.    	   0.9587790    
    2445264.    	   0.8147090    
    2445265.    	    1.020830    
    2445266.    	    1.239710    
    2445267.    	    1.464090    
    2445268.    	    1.536080    
    2445269.    	    1.585940    
    2445270.    	    1.724720    
    2445271.    	    1.729810    
    2445272.    	    1.537150    
    2445273.    	    1.294260    
    2445274.    	    1.507270    
    2445275.    	    1.783790    
    2445276.    	    1.824900    
    2445277.    	    1.467730    
    2445278.    	   0.9672520    
    2445279.    	    1.031590    
    2445280.    	    1.175790    
    2445281.    	    1.025540    
    2445282.    	    1.205700    
    2445283.    	    1.321020    
    2445284.    	   0.9554910    
    2445285.    	   0.7300450    
    2445286.    	   0.7608400    
    2445287.    	    1.003350    
    2445288.    	    1.081940    
    2445289.    	    1.210970    
    2445290.    	    1.388430    
    2445291.    	    1.508880    
    2445292.    	    1.868370    
    2445293.    	    1.914800    
    2445294.    	    1.934730    
    2445295.    	    1.936970    
    2445296.    	    1.926140    
    2445297.    	    1.751740    
    2445298.    	    1.610860    
    2445299.    	    1.715900    
    2445300.    	    1.857370    
    2445301.    	    1.866190    
    2445302.    	    1.800160    
    2445303.    	    1.633840    
    2445304.    	    1.513020    
    2445305.    	    1.049190    
    2445306.    	   0.7108940    
    2445307.    	   0.6248980    
    2445308.    	   0.7505610    
    2445309.    	   0.7472920    
    2445310.    	   0.6642670    
    2445311.    	   0.4525120    
    2445312.    	   0.4830270    
    2445313.    	   0.5901560    
    2445314.    	   0.4467030    
    2445315.    	   0.4994360    
    2445316.    	   0.7727660    
    2445317.    	   0.9673890    
    2445318.    	   0.8725240    
    2445319.    	   0.8142590    
    2445320.    	   0.9071580    
    2445321.    	   0.9361750    
    2445322.    	   0.9335650    
    2445323.    	    1.306290    
    2445324.    	    1.675210    
    2445325.    	    1.795010    
    2445326.    	    1.797910    
    2445327.    	    2.127200    
    2445328.    	    2.066060    
    2445329.    	    1.887120    
    2445330.    	    1.827190    
    2445331.    	    1.711420    
    2445332.    	    1.574000    
    2445333.    	    1.537810    
    2445334.    	    1.356980    
    2445335.    	   0.9995900    
    2445336.    	   0.8962600    
    2445337.    	   0.7788240    
    2445338.    	   0.8553490    
    2445339.    	   0.7986570    
    2445340.    	   0.6567020    
    2445341.    	   0.6670800    
    2445342.    	   0.6040280    
    2445343.    	   0.8486270    
    2445344.    	   0.9049490    
    2445345.    	   0.9430750    
    2445346.    	    1.194410    
    2445347.    	    1.304830    
    2445348.    	    1.296280    
    2445349.    	    1.283340    
    2445350.    	   0.9137200    
    2445351.    	   0.8739030    
    2445352.    	    1.017980    
    2445353.    	   0.9165290    
    2445354.    	   0.9843370    
    2445355.    	    1.104000    
    2445356.    	    1.450320    
    2445357.    	    1.580970    
    2445358.    	    1.518810    
    2445359.    	    1.167420    
    2445360.    	    1.209190    
    2445361.    	    1.564250    
    2445362.    	    1.911280    
    2445363.    	    1.912980    
    2445364.    	    1.506230    
    2445365.    	    1.113000    
    2445366.    	   0.8588350    
    2445367.    	   0.8611180    
    2445368.    	   0.4590030    
    2445369.    	   0.2824860    
    2445370.    	   0.1145730    
    2445371.    	   0.1951380    
    2445372.    	   7.4899301E-02
    2445373.    	   6.3395999E-02
    2445374.    	   0.2163290    
    2445375.    	   0.5410100    
    2445376.    	   0.5950400    
    2445377.    	   0.5796390    
    2445378.    	   0.9426790    
    2445379.    	    1.493680    
    2445380.    	    1.703220    
    2445381.    	    1.505960    
    2445382.    	    1.291370    
    2445383.    	    1.039660    
    2445384.    	    1.082310    
    2445385.    	    1.201140    
    2445386.    	    1.307400    
    2445387.    	    1.155160    
    2445388.    	    1.091200    
    2445389.    	    1.122870    
    2445390.    	    1.300300    
    2445391.    	    1.273300    
    2445392.    	    1.233880    
    2445393.    	    1.308700    
    2445394.    	    1.416890    
    2445395.    	    1.548840    
    2445396.    	    1.253500    
    2445397.    	    1.166350    
    2445398.    	    1.193990    
    2445399.    	    1.084950    
    2445400.    	   0.9289640    
    2445401.    	   0.9608520    
    2445402.    	   0.9500540    
    2445403.    	   0.8588030    
    2445404.    	   0.6452310    
    2445405.    	   0.5476270    
    2445406.    	   0.5327900    
    2445407.    	   0.4177600    
    2445408.    	   0.4440410    
    2445409.    	   0.5193370    
    2445410.    	   0.6653090    
    2445411.    	   0.8959990    
    2445412.    	    1.035790    
    2445413.    	   0.9921900    
    2445414.    	    1.059260    
    2445415.    	   0.9777200    
    2445416.    	   0.8195750    
    2445417.    	   0.7710320    
    2445418.    	   0.5534950    
    2445419.    	   0.6213430    
    2445420.    	   0.5868070    
    2445421.    	   0.5341760    
    2445422.    	   0.3579570    
    2445423.    	   0.3581340    
    2445424.    	   0.4765580    
    2445425.    	   0.6354270    
    2445426.    	   0.6399400    
    2445427.    	   0.6674550    
    2445428.    	   0.8887470    
    2445429.    	   0.9635600    
    2445430.    	   0.9164870    
    2445431.    	   0.9843810    
    2445432.    	    1.097180    
    2445433.    	    1.091030    
    2445434.    	    1.165710    
    2445435.    	    1.176670    
    2445436.    	    1.029410    
    2445437.    	   0.9481560    
    2445438.    	   0.8985750    
    2445439.    	    1.001780    
    2445440.    	    1.021230    
    2445441.    	    1.271260    
    2445442.    	    1.468630    
    2445443.    	    1.167400    
    2445444.    	   0.8300090    
    2445445.    	   0.7082930    
    2445446.    	   0.6714590    
    2445447.    	   0.8308760    
    2445448.    	    1.002420    
    2445449.    	    1.123330    
    2445450.    	    1.352580    
    2445451.    	    1.380920    
    2445452.    	    1.456220    
    2445453.    	    1.524280    
    2445454.    	    1.327480    
    2445455.    	    1.067600    
    2445456.    	   0.9106530    
    2445457.    	   0.7990760    
    2445458.    	   0.5447090    
    2445459.    	   0.6105770    
    2445460.    	   0.6049190    
    2445461.    	   0.8206920    
    2445462.    	   0.8764090    
    2445463.    	   0.9840280    
    2445464.    	   0.7781840    
    2445465.    	   0.8427330    
    2445466.    	   0.8635390    
    2445467.    	   0.8259600    
    2445468.    	   0.7753070    
    2445469.    	   0.7124380    
    2445470.    	   0.6510010    
    2445471.    	   0.6794750    
    2445472.    	   0.5066760    
    2445473.    	   0.4904180    
    2445474.    	   0.6426700    
    2445475.    	   0.9774090    
    2445476.    	    1.051900    
    2445477.    	    1.177360    
    2445478.    	    1.574880    
    2445479.    	    1.622190    
    2445480.    	    1.304380    
    2445481.    	   0.8440220    
    2445482.    	   0.7954640    
    2445483.    	   0.8205850    
    2445484.    	   0.8320660    
    2445485.    	   0.9414690    
    2445486.    	   0.8686470    
    2445487.    	   0.9212970    
    2445488.    	   0.6771620    
    2445489.    	   0.6153610    
    2445490.    	   0.5201370    
    2445491.    	   0.3168060    
    2445492.    	   0.3597460    
    2445493.    	   0.3387100    
    2445494.    	   0.3056780    
    2445495.    	   0.5020590    
    2445496.    	   0.7430380    
    2445497.    	   0.9868270    
    2445498.    	    1.281080    
    2445499.    	    1.392970    
    2445500.    	    1.361980    
    2445501.    	    1.250220    
    2445502.    	    1.219150    
    2445503.    	    1.140830    
    2445504.    	    1.430960    
    2445505.    	    1.575360    
    2445506.    	    1.640850    
    2445507.    	    1.650510    
    2445508.    	    1.607910    
    2445509.    	    1.756990    
    2445510.    	    1.526030    
    2445511.    	    1.258240    
    2445512.    	    1.256820    
    2445513.    	    1.372810    
    2445514.    	    1.111650    
    2445515.    	   0.9243610    
    2445516.    	   0.8927370    
    2445517.    	   0.9057500    
    2445518.    	   0.5942740    
    2445519.    	   0.6061450    
    2445520.    	   0.4974400    
    2445521.    	   0.5368710    
    2445522.    	   0.6955430    
    2445523.    	   0.6232200    
    2445524.    	   0.6822810    
    2445525.    	   0.8601120    
    2445526.    	   0.5975420    
    2445527.    	   0.7394210    
    2445528.    	    1.225570    
    2445529.    	    1.434020    
    2445530.    	    1.505380    
    2445531.    	    1.480110    
    2445532.    	    1.358690    
    2445533.    	    1.342280    
    2445534.    	    1.287390    
    2445535.    	    1.265380    
    2445536.    	    1.262970    
    2445537.    	   0.9566970    
    2445538.    	   0.7630480    
    2445539.    	   0.5755820    
    2445540.    	   0.6845680    
    2445541.    	   0.8684540    
    2445542.    	   0.8875650    
    2445543.    	   0.8389300    
    2445544.    	   0.7490280    
    2445545.    	   0.6343670    
    2445546.    	   0.5136820    
    2445547.    	   0.6000320    
    2445548.    	   0.8656360    
    2445549.    	    1.170340    
    2445550.    	    1.371870    
    2445551.    	    1.265030    
    2445552.    	    1.319300    
    2445553.    	    1.396910    
    2445554.    	    1.595000    
    2445555.    	    1.709230    
    2445556.    	    1.670290    
    2445557.    	    1.830130    
    2445558.    	    1.905150    
    2445559.    	    1.651340    
    2445560.    	    1.904270    
    2445561.    	    1.985280    
    2445562.    	    1.899690    
    2445563.    	    1.932450    
    2445564.    	    1.634680    
    2445565.    	    1.432390    
    2445566.    	    1.108770    
    2445567.    	   0.9306400    
    2445568.    	   0.7455060    
    2445569.    	   0.6752030    
    2445570.    	   0.5307930    
    2445571.    	   0.5190050    
    2445572.    	   0.6268010    
    2445573.    	   0.6738750    
    2445574.    	   0.3986000    
    2445575.    	   0.2356790    
    2445576.    	   0.3365540    
    2445577.    	   0.5430370    
    2445578.    	   0.9224350    
    2445579.    	    1.151650    
    2445580.    	    1.502680    
    2445581.    	    1.939990    
    2445582.    	    2.014110    
    2445583.    	    1.674720    
    2445584.    	    1.506320    
    2445585.    	    1.531150    
    2445586.    	    1.536210    
    2445587.    	    1.650950    
    2445588.    	    1.551620    
    2445589.    	    1.405230    
    2445590.    	    1.236620    
    2445591.    	    1.128080    
    2445592.    	   0.9658670    
    2445593.    	    1.060180    
    2445594.    	    1.170170    
    2445595.    	    1.327490    
    2445596.    	    1.423700    
    2445597.    	    1.331720    
    2445598.    	    1.379790    
    2445599.    	    1.523610    
    2445600.    	    1.565980    
    2445601.    	    1.550680    
    2445602.    	    1.618390    
    2445603.    	    1.672020    
    2445604.    	    1.835610    
    2445605.    	    1.803690    
    2445606.    	    1.739000    
    2445607.    	    1.665990    
    2445608.    	    1.583920    
    2445609.    	    1.441260    
    2445610.    	    1.627560    
    2445611.    	    1.551560    
    2445612.    	    1.377720    
    2445613.    	    1.332060    
    2445614.    	    1.340530    
    2445615.    	    1.288790    
    2445616.    	    1.228140    
    2445617.    	    1.102340    
    2445618.    	    1.268760    
    2445619.    	    1.308220    
    2445620.    	    1.094060    
    2445621.    	   0.6757540    
    2445622.    	   0.9660160    
    2445623.    	    1.044710    
    2445624.    	   0.8754100    
    2445625.    	   0.7928950    
    2445626.    	    1.021320    
    2445627.    	    1.046740    
    2445628.    	    1.049530    
    2445629.    	    1.048330    
    2445630.    	   0.8785750    
    2445631.    	   0.7244870    
    2445632.    	    1.049940    
    2445633.    	    1.183680    
    2445634.    	    1.315460    
    2445635.    	    1.398360    
    2445636.    	    1.403550    
    2445637.    	    1.168120    
    2445638.    	   0.8572390    
    2445639.    	    1.022180    
    2445640.    	    1.019460    
    2445641.    	    1.127250    
    2445642.    	    1.203830    
    2445643.    	    1.139260    
    2445644.    	   0.9259250    
    2445645.    	   0.7493800    
    2445646.    	   0.5551570    
    2445647.    	   0.5334550    
    2445648.    	   0.5915810    
    2445649.    	   0.3848160    
    2445650.    	   0.1860290    
    2445651.    	   6.8839900E-02
    2445652.    	   0.1006550    
    2445653.    	   0.6272290    
    2445654.    	    1.004660    
    2445655.    	    1.426020    
    2445656.    	    1.773400    
    2445657.    	    1.629150    
    2445658.    	    1.609200    
    2445659.    	    1.695470    
    2445660.    	    1.978950    
    2445661.    	    2.022270    
    2445662.    	    2.080880    
    2445663.    	    2.302090    
    2445664.    	    1.936560    
    2445665.    	    1.911270    
    2445666.    	    1.739070    
    2445667.    	    1.814800    
    2445668.    	    1.961060    
    2445669.    	    1.749850    
    2445670.    	    1.658890    
    2445671.    	    1.713000    
    2445672.    	    1.869350    
    2445673.    	    1.922270    
    2445674.    	    1.894840    
    2445675.    	    1.984140    
    2445676.    	    1.990090    
    2445677.    	    1.589800    
    2445678.    	    1.134300    
    2445679.    	   0.7607630    
    2445680.    	   0.8086790    
    2445681.    	   0.7763970    
    2445682.    	   0.8794020    
    2445683.    	   0.7233850    
    2445684.    	   0.9147930    
    2445685.    	   0.7583830    
    2445686.    	   0.5905650    
    2445687.    	   0.7570750    
    2445688.    	    1.108830    
    2445689.    	    1.358530    
    2445690.    	    1.492140    
    2445691.    	    1.593020    
    2445692.    	    1.418440    
    2445693.    	    1.233130    
    2445694.    	    1.051640    
    2445695.    	   0.9116700    
    2445696.    	   0.7721530    
    2445697.    	   0.3369660    
    2445698.    	   0.1315850    
    2445699.    	   9.7998202E-02
    2445700.    	   0.3105530    
    2445701.    	   0.5976510    
    2445702.    	   0.6928600    
    2445703.    	   0.8728960    
    2445704.    	    1.337070    
    2445705.    	    1.712580    
    2445706.    	    1.498330    
    2445707.    	    1.470030    
    2445708.    	    1.605470    
    2445709.    	    1.615230    
    2445710.    	    1.821520    
    2445711.    	    1.825010    
    2445712.    	    1.425830    
    2445713.    	    1.139790    
    2445714.    	    1.069980    
    2445715.    	   0.7473910    
    2445716.    	   0.5339030    
    2445717.    	   0.7700330    
    2445718.    	   0.9238570    
    2445719.    	    1.009770    
    2445720.    	    1.159570    
    2445721.    	   0.8731180    
    2445722.    	   0.9150200    
    2445723.    	   0.9566980    
    2445724.    	    1.126670    
    2445725.    	    1.154960    
    2445726.    	    1.190630    
    2445727.    	    1.315890    
    2445728.    	    1.411220    
    2445729.    	    1.449020    
    2445730.    	    1.436110    
    2445731.    	    1.446710    
    2445732.    	    1.703620    
    2445733.    	    1.654780    
    2445734.    	    1.682710    
    2445735.    	    1.464530    
    2445736.    	    1.359270    
    2445737.    	    1.339710    
    2445738.    	    1.331190    
    2445739.    	    1.289990    
    2445740.    	    1.283540    
    2445741.    	    1.067420    
    2445742.    	   0.9958170    
    2445743.    	    1.052650    
    2445744.    	   0.8350350    
    2445745.    	   0.3754870    
    2445746.    	   0.3319070    
    2445747.    	   0.3865720    
    2445748.    	   0.3335520    
    2445749.    	   0.2850740    
    2445750.    	   0.4154900    
    2445751.    	   0.5427170    
    2445752.    	   0.4994490    
    2445753.    	   0.6205840    
    2445754.    	   0.6740710    
    2445755.    	   0.9152530    
    2445756.    	    1.037780    
    2445757.    	    1.254170    
    2445758.    	    1.369870    
    2445759.    	    1.113620    
    2445760.    	   0.9369600    
    2445761.    	    1.070150    
    2445762.    	    1.035180    
    2445763.    	    1.144490    
    2445764.    	    1.126130    
    2445765.    	   0.9825260    
    2445766.    	   0.9577840    
    2445767.    	   0.8530310    
    2445768.    	   0.4831330    
    2445769.    	   0.3204240    
    2445770.    	   0.1079960    
    2445771.    	   0.2707900    
    2445772.    	   0.5395850    
    2445773.    	   0.6639010    
    2445774.    	   0.8014220    
    2445775.    	   0.9579200    
    2445776.    	    1.229450    
    2445777.    	    1.232850    
    2445778.    	    1.146910    
    2445779.    	    1.428710    
    2445780.    	    1.656230    
    2445781.    	    1.769830    
    2445782.    	    1.645100    
    2445783.    	    1.606410    
    2445784.    	    1.278020    
    2445785.    	    1.382190    
    2445786.    	    1.365460    
    2445787.    	    1.352770    
    2445788.    	    1.555010    
    2445789.    	    1.694280    
    2445790.    	    1.458250    
    2445791.    	    1.433730    
    2445792.    	    1.376890    
    2445793.    	    1.570490    
    2445794.    	    1.635900    
    2445795.    	    1.482800    
    2445796.    	    1.102010    
    2445797.    	   0.7625750    
    2445798.    	   0.8170400    
    2445799.    	   0.9146820    
    2445800.    	   0.8876340    
    2445801.    	   0.8615150    
    2445802.    	   0.8032430    
    2445803.    	   0.9493520    
    2445804.    	    1.144310    
    2445805.    	    1.302220    
    2445806.    	    1.590950    
    2445807.    	    1.487590    
    2445808.    	    1.084900    
    2445809.    	    1.059590    
    2445810.    	   0.8599620    
    2445811.    	   0.7598790    
    2445812.    	    1.080060    
    2445813.    	    1.114150    
    2445814.    	   0.9353620    
    2445815.    	   0.8932680    
    2445816.    	   0.8367680    
    2445817.    	   0.7191680    
    2445818.    	   0.5324050    
    2445819.    	   0.3154370    
    2445820.    	   0.3615050    
    2445821.    	   0.3849000    
    2445822.    	   0.5078960    
    2445823.    	   0.5541910    
    2445824.    	   0.6765880    
    2445825.    	   0.8141230    
    2445826.    	   0.7796710    
    2445827.    	   0.7348180    
    2445828.    	   0.8084000    
    2445829.    	    1.000560    
    2445830.    	   0.9818660    
    2445831.    	   0.8001670    
    2445832.    	   0.8021980    
    2445833.    	   0.7006990    
    2445834.    	   0.6680780    
    2445835.    	   0.5394860    
    2445836.    	   0.4291720    
    2445837.    	   0.2498190    
    2445838.    	   0.2045420    
    2445839.    	   0.5122980    
    2445840.    	   0.7585700    
    2445841.    	   0.7972290    
    2445842.    	   0.7002510    
    2445843.    	   0.5100140    
    2445844.    	   0.6205680    
    2445845.    	   0.6610140    
    2445846.    	   0.3477690    
    2445847.    	   0.5278880    
    2445848.    	   0.5347550    
    2445849.    	   0.4347580    
    2445850.    	   0.2591260    
    2445851.    	   0.2747530    
    2445852.    	   0.3727050    
    2445853.    	   0.2095090    
    2445854.    	   0.2606500    
    2445855.    	   0.2020800    
    2445856.    	   0.1507080    
    2445857.    	   0.3061700    
    2445858.    	   0.2222260    
    2445859.    	   0.2014660    
    2445860.    	   0.4238020    
    2445861.    	   0.7240330    
    2445862.    	   0.5932940    
    2445863.    	   0.3749010    
    2445864.    	   5.6605902E-02
    2445865.    	   0.4809310    
    2445866.    	   0.8302960    
    2445867.    	    1.121410    
    2445868.    	    1.243470    
    2445869.    	    1.222580    
    2445870.    	    1.314970    
    2445871.    	    1.488680    
    2445872.    	    1.512700    
    2445873.    	    1.410590    
    2445874.    	    1.537760    
    2445875.    	    1.746340    
    2445876.    	    1.954740    
    2445877.    	    1.840370    
    2445878.    	    1.506450    
    2445879.    	    1.438030    
    2445880.    	    1.407000    
    2445881.    	    1.266020    
    2445882.    	    1.143330    
    2445883.    	    1.129840    
    2445884.    	    1.382320    
    2445885.    	    1.220920    
    2445886.    	    1.114010    
    2445887.    	    1.096120    
    2445888.    	    1.170220    
    2445889.    	    1.136740    
    2445890.    	   0.9683030    
    2445891.    	   0.7395910    
    2445892.    	   0.5589740    
    2445893.    	   0.5291910    
    2445894.    	   0.5478840    
    2445895.    	   0.4228210    
    2445896.    	   0.2526750    
    2445897.    	   0.3887490    
    2445898.    	   0.4329680    
    2445899.    	   0.4767670    
    2445900.    	   0.7755580    
    2445901.    	    1.286700    
    2445902.    	    1.554040    
    2445903.    	    1.731110    
    2445904.    	    1.938200    
    2445905.    	    2.171230    
    2445906.    	    1.902910    
    2445907.    	    1.518120    
    2445908.    	    1.469010    
    2445909.    	    1.618280    
    2445910.    	    1.427960    
    2445911.    	   0.9640490    
    2445912.    	   0.8893720    
    2445913.    	   0.6786420    
    2445914.    	   0.8747850    
    2445915.    	    1.141580    
    2445916.    	    1.782640    
    2445917.    	    2.060970    
    2445918.    	    2.058860    
    2445919.    	    2.032150    
    2445920.    	    1.834610    
    2445921.    	    1.828300    
    2445922.    	    2.040150    
    2445923.    	    2.461930    
    2445924.    	    2.314360    
    2445925.    	    2.455540    
    2445926.    	    2.427570    
    2445927.    	    2.261160    
    2445928.    	    1.983280    
    2445929.    	    1.769900    
    2445930.    	    1.652240    
    2445931.    	    1.421930    
    2445932.    	    1.141010    
    2445933.    	    1.025510    
    2445934.    	    1.030950    
    2445935.    	    1.316100    
    2445936.    	    1.594790    
    2445937.    	    1.776390    
    2445938.    	    1.736520    
    2445939.    	    1.457990    
    2445940.    	    1.453230    
    2445941.    	    1.174280    
    2445942.    	   0.8680260    
    2445943.    	   0.3722980    
    2445944.    	   0.3023780    
    2445945.    	   0.4090110    
    2445946.    	   0.4910300    
    2445947.    	   0.3712750    
    2445948.    	   0.2977790    
    2445949.    	   0.4948440    
    2445950.    	   0.7033660    
    2445951.    	   0.7536590    
    2445952.    	    1.051480    
    2445953.    	    1.191240    
    2445954.    	    1.386810    
    2445955.    	    1.587760    
    2445956.    	    1.741820    
    2445957.    	    1.715250    
    2445958.    	    1.820560    
    2445959.    	    2.417840    
    2445960.    	    2.496180    
    2445961.    	    2.055100    
    2445962.    	    1.497930    
    2445963.    	    1.477810    
    2445964.    	    1.458420    
    2445965.    	    1.154360    
    2445966.    	   0.8178580    
    2445967.    	   0.4384660    
    2445968.    	   0.3332760    
    2445969.    	   0.1878340    
    2445970.    	   0.2909000    
    2445971.    	   0.5287310    
    2445972.    	   0.6545640    
    2445973.    	   0.9144520    
    2445974.    	    1.152720    
    2445975.    	   0.9841940    
    2445976.    	   0.8934290    
    2445977.    	   0.7168390    
    2445978.    	   0.8526960    
    2445979.    	   0.6818180    
    2445980.    	   0.6578470    
    2445981.    	   0.7871630    
    2445982.    	   0.8046530    
    2445983.    	   0.7726510    
    2445984.    	    1.191060    
    2445985.    	    1.367920    
    2445986.    	    1.034290    
    2445987.    	   0.9268000    
    2445988.    	    1.130530    
    2445989.    	    1.365530    
    2445990.    	    1.345110    
    2445991.    	    1.110960    
    2445992.    	   0.9203350    
    2445993.    	    1.200680    
    2445994.    	    1.252280    
    2445995.    	    1.320860    
    2445996.    	    1.548090    
    2445997.    	    1.795470    
    2445998.    	    1.873040    
    2445999.    	    1.809260    
    2446000.    	    1.704870    
    2446001.    	    1.642670    
    2446002.    	    1.901860    
    2446003.    	    2.000930    
    2446004.    	    2.210620    
    2446005.    	    2.476790    
    2446006.    	    2.728920    
    2446007.    	    2.755950    
    2446008.    	    2.481570    
    2446009.    	    2.313750    
    2446010.    	    2.336330    
    2446011.    	    2.382540    
    2446012.    	    2.489190    
    2446013.    	    2.549530    
    2446014.    	    2.656660    
    2446015.    	    2.704200    
    2446016.    	    2.857700    
    2446017.    	    2.643180    
    2446018.    	    2.429370    
    2446019.    	    2.088700    
    2446020.    	    1.928600    
    2446021.    	    1.941630    
    2446022.    	    1.751030    
    2446023.    	    1.722720    
    2446024.    	    1.685830    
    2446025.    	    1.556550    
    2446026.    	    1.360750    
    2446027.    	    1.405350    
    2446028.    	    1.416120    
    2446029.    	    1.233450    
    2446030.    	    1.270760    
    2446031.    	    1.731770    
    2446032.    	    2.096500    
    2446033.    	    2.243550    
    2446034.    	    2.295130    
    2446035.    	    2.209750    
    2446036.    	    2.076840    
    2446037.    	    2.027920    
    2446038.    	    2.088860    
    2446039.    	    1.938410    
    2446040.    	    1.776080    
    2446041.    	    1.681670    
    2446042.    	    1.456620    
    2446043.    	    1.589180    
    2446044.    	    1.673700    
    2446045.    	    1.488060    
    2446046.    	    1.271070    
    2446047.    	    1.202130    
    2446048.    	    1.078530    
    2446049.    	   0.8472420    
    2446050.    	   0.6906660    
    2446051.    	   0.6135550    
    2446052.    	   0.5047240    
    2446053.    	   0.5077920    
    2446054.    	   0.5048890    
    2446055.    	   0.4044830    
    2446056.    	   0.2719720    
    2446057.    	   0.2816650    
    2446058.    	   0.2601180    
    2446059.    	   0.1631920    
    2446060.    	   0.3458690    
    2446061.    	   0.6869360    
    2446062.    	    1.041470    
    2446063.    	    1.210740    
    2446064.    	    1.223980    
    2446065.    	    1.415330    
    2446066.    	    1.319690    
    2446067.    	    1.161580    
    2446068.    	   0.8485100    
    2446069.    	   0.5078410    
    2446070.    	   0.4955280    
    2446071.    	   0.5942060    
    2446072.    	   0.7428120    
    2446073.    	   0.8615590    
    2446074.    	   0.8610380    
    2446075.    	    1.199990    
    2446076.    	    1.495140    
    2446077.    	    1.568240    
    2446078.    	    1.955100    
    2446079.    	    1.927760    
    2446080.    	    1.871540    
    2446081.    	    1.491200    
    2446082.    	    1.055140    
    2446083.    	   0.8256800    
    2446084.    	    1.026340    
    2446085.    	    1.532360    
    2446086.    	    1.773380    
    2446087.    	    2.122360    
    2446088.    	    2.441020    
    2446089.    	    2.220220    
    2446090.    	    1.953760    
    2446091.    	    1.995130    
    2446092.    	    2.147610    
    2446093.    	    2.036290    
    2446094.    	    2.275940    
    2446095.    	    2.185510    
    2446096.    	    2.234740    
    2446097.    	    2.614100    
    2446098.    	    2.815960    
    2446099.    	    2.893100    
    2446100.    	    3.205290    
    2446101.    	    3.256770    
    2446102.    	    3.286200    
    2446103.    	    3.129190    
    2446104.    	    3.131160    
    2446105.    	    3.256000    
    2446106.    	    3.626930    
    2446107.    	    3.640710    
    2446108.    	    3.673270    
    2446109.    	    3.785940    
    2446110.    	    4.012290    
    2446111.    	    4.016040    
    2446112.    	    3.925460    
    2446113.    	    3.985050    
    2446114.    	    3.955660    
    2446115.    	    3.867400    
    2446116.    	    3.919750    
    2446117.    	    3.522900    
    2446118.    	    3.022250    
    2446119.    	    2.342750    
    2446120.    	    1.869190    
    2446121.    	    1.486230    
    2446122.    	    1.385250    
    2446123.    	    1.363010    
    2446124.    	    1.217790    
    2446125.    	    1.413390    
    2446126.    	    1.442930    
    2446127.    	    1.617830    
    2446128.    	    1.879790    
    2446129.    	    1.967190    
    2446130.    	    2.146270    
    2446131.    	    2.301350    
    2446132.    	    2.304530    
    2446133.    	    2.462180    
    2446134.    	    2.565340    
    2446135.    	    2.227700    
    2446136.    	    2.017190    
    2446137.    	    2.092680    
    2446138.    	    1.829940    
    2446139.    	    1.498020    
    2446140.    	    1.445000    
    2446141.    	    1.529370    
    2446142.    	    1.269660    
    2446143.    	    1.072290    
    2446144.    	    1.070630    
    2446145.    	   0.9364350    
    2446146.    	   0.7361360    
    2446147.    	   0.5961180    
    2446148.    	   0.5866700    
    2446149.    	   0.9499160    
    2446150.    	    1.138600    
    2446151.    	   0.8696380    
    2446152.    	   0.7571280    
    2446153.    	   0.8230590    
    2446154.    	   0.8693540    
    2446155.    	   0.8963950    
    2446156.    	   0.9868330    
    2446157.    	   0.9648040    
    2446158.    	   0.8879860    
    2446159.    	   0.7991520    
    2446160.    	   0.8936000    
    2446161.    	    1.073720    
    2446162.    	    1.011740    
    2446163.    	   0.7876140    
    2446164.    	   0.9142220    
    2446165.    	    1.233280    
    2446166.    	    1.346670    
    2446167.    	    1.482540    
    2446168.    	    1.603920    
    2446169.    	    1.912440    
    2446170.    	    1.814020    
    2446171.    	    1.749840    
    2446172.    	    1.877140    
    2446173.    	    1.857690    
    2446174.    	    1.635540    
    2446175.    	    1.429180    
    2446176.    	    1.137130    
    2446177.    	    1.299180    
    2446178.    	    1.362830    
    2446179.    	    1.278590    
    2446180.    	    1.115950    
    2446181.    	    1.194660    
    2446182.    	    1.021700    
    2446183.    	   0.8913650    
    2446184.    	   0.8998300    
    2446185.    	   0.8234870    
    2446186.    	   0.9579950    
    2446187.    	   0.8492030    
    2446188.    	   0.8240620    
    2446189.    	   0.8767690    
    2446190.    	   0.9401720    
    2446191.    	   0.8709020    
    2446192.    	   0.7436020    
    2446193.    	   0.8131940    
    2446194.    	   0.8600130    
    2446195.    	   0.6902730    
    2446196.    	   0.7171240    
    2446197.    	   0.8495580    
    2446198.    	   0.8281550    
    2446199.    	   0.4840700    
    2446200.    	   0.7474420    
    2446201.    	    1.039140    
    2446202.    	    1.250150    
    2446203.    	    1.216000    
    2446204.    	    1.178710    
    2446205.    	    1.035190    
    2446206.    	    1.210680    
    2446207.    	    1.277260    
    2446208.    	    1.307910    
    2446209.    	    1.241670    
    2446210.    	    1.181560    
    2446211.    	    1.219010    
    2446212.    	    1.275610    
    2446213.    	    1.234900    
    2446214.    	    1.155890    
    2446215.    	    1.125970    
    2446216.    	    1.080540    
    2446217.    	    1.132540    
    2446218.    	    1.039220    
    2446219.    	    1.051460    
    2446220.    	    1.118650    
    2446221.    	   0.8180830    
    2446222.    	   0.7220870    
    2446223.    	   0.7270980    
    2446224.    	   0.5939400    
    2446225.    	   0.2255450    
    2446226.    	   2.6570400E-02
    2446227.    	   0.5726010    
    2446228.    	   0.9759600    
    2446229.    	    1.229180    
    2446230.    	    1.361680    
    2446231.    	    1.390100    
    2446232.    	    1.498090    
    2446233.    	    1.591120    
    2446234.    	    1.822970    
    2446235.    	    1.822680    
    2446236.    	    2.129500    
    2446237.    	    2.063750    
    2446238.    	    2.032700    
    2446239.    	    2.164720    
    2446240.    	    2.094510    
    2446241.    	    1.832350    
    2446242.    	    1.901980    
    2446243.    	    2.163920    
    2446244.    	    1.820340    
    2446245.    	    1.518610    
    2446246.    	    1.208940    
    2446247.    	    1.000580    
    2446248.    	   0.8252440    
    2446249.    	   0.5189350    
    2446250.    	   0.2943220    
    2446251.    	   0.4198810    
    2446252.    	   0.3719820    
    2446253.    	   0.5813120    
    2446254.    	   0.5939420    
    2446255.    	   0.4538350    
    2446256.    	   0.3477270    
    2446257.    	   0.2841740    
    2446258.    	   0.2637860    
    2446259.    	   0.3909180    
    2446260.    	   0.3467760    
    2446261.    	   0.3968700    
    2446262.    	   0.7217590    
    2446263.    	   0.9816060    
    2446264.    	    1.126610    
    2446265.    	    1.520780    
    2446266.    	    1.700340    
    2446267.    	    1.723190    
    2446268.    	    1.350980    
    2446269.    	    1.116870    
    2446270.    	   0.6593320    
    2446271.    	   0.5193720    
    2446272.    	   0.4997910    
    2446273.    	   0.6308580    
    2446274.    	   0.5609420    
    2446275.    	   0.4177150    
    2446276.    	   0.4279280    
    2446277.    	   0.3535750    
    2446278.    	   0.3485460    
    2446279.    	   0.5185220    
    2446280.    	   0.5105560    
    2446281.    	   0.3726960    
    2446282.    	   0.3988310    
    2446283.    	   0.3817930    
    2446284.    	   0.3191830    
    2446285.    	   0.1706620    
    2446286.    	   0.3551610    
    2446287.    	   0.5282770    
    2446288.    	   0.7288170    
    2446289.    	   0.7357070    
    2446290.    	   0.6243300    
    2446291.    	   0.5269470    
    2446292.    	   0.6222210    
    2446293.    	   0.4325400    
    2446294.    	   0.3528830    
    2446295.    	   0.5555850    
    2446296.    	   0.6095800    
    2446297.    	   0.4375270    
    2446298.    	   9.2784598E-02
    2446299.    	   0.4328400    
    2446300.    	   0.5438420    
    2446301.    	   0.4817900    
    2446302.    	   0.3449270    
    2446303.    	   0.4643560    
    2446304.    	   0.5899460    
    2446305.    	   0.6535170    
    2446306.    	   0.5053350    
    2446307.    	   0.5876370    
    2446308.    	   0.3885080    
    2446309.    	   0.5903790    
    2446310.    	   0.5414170    
    2446311.    	   0.2684240    
    2446312.    	   0.1996010    
    2446313.    	   9.1173798E-02
    2446314.    	   0.2549860    
    2446315.    	   0.4840020    
    2446316.    	   0.4287810    
    2446317.    	   0.4797060    
    2446318.    	   0.5582310    
    2446319.    	   0.4363320    
    2446320.    	   0.3317920    
    2446321.    	   0.2691960    
    2446322.    	   0.1278060    
    2446323.    	   0.2293700    
    2446324.    	   0.3699230    
    2446325.    	   0.4873660    
    2446326.    	   0.4524010    
    2446327.    	   0.2825390    
    2446328.    	   0.4592140    
    2446329.    	   0.5748910    
    2446330.    	    1.051950    
    2446331.    	    1.343560    
    2446332.    	    1.242190    
    2446333.    	    1.010500    
    2446334.    	   0.9254950    
    2446335.    	   0.7605040    
    2446336.    	   0.7983240    
    2446337.    	   0.5131690    
    2446338.    	   0.5066400    
    2446339.    	   0.7170900    
    2446340.    	   0.9304900    
    2446341.    	   0.8691260    
    2446342.    	   0.7909240    
    2446343.    	   0.8563700    
    2446344.    	   0.9697620    
    2446345.    	   0.8029350    
    2446346.    	   0.7390090    
    2446347.    	   0.5318120    
    2446348.    	   0.3151110    
    2446349.    	   0.2633890    
    2446350.    	   0.1818370    
    2446351.    	   0.4296120    
    2446352.    	   0.5860310    
    2446353.    	   0.7661280    
    2446354.    	   0.9438220    
    2446355.    	    1.088670    
    2446356.    	    1.329620    
    2446357.    	    1.358180    
    2446358.    	    1.320370    
    2446359.    	    1.340570    
    2446360.    	    1.648640    
    2446361.    	    1.996430    
    2446362.    	    2.187800    
    2446363.    	    2.649060    
    2446364.    	    2.791160    
    2446365.    	    2.854340    
    2446366.    	    2.822210    
    2446367.    	    2.761850    
    2446368.    	    2.753080    
    2446369.    	    2.752060    
    2446370.    	    2.749750    
    2446371.    	    2.608600    
    2446372.    	    2.647320    
    2446373.    	    2.629250    
    2446374.    	    2.306630    
    2446375.    	    2.158110    
    2446376.    	    2.028480    
    2446377.    	    1.807670    
    2446378.    	    1.545210    
    2446379.    	    1.863050    
    2446380.    	    1.798690    
    2446381.    	    1.569890    
    2446382.    	    1.713310    
    2446383.    	    1.655330    
    2446384.    	    1.775530    
    2446385.    	    1.802760    
    2446386.    	    1.888640    
    2446387.    	    1.941820    
    2446388.    	    1.934950    
    2446389.    	    1.747880    
    2446390.    	    1.570850    
    2446391.    	    1.584610    
    2446392.    	    1.490560    
    2446393.    	    1.053220    
    2446394.    	   0.8607610    
    2446395.    	   0.8845020    
    2446396.    	   0.9195230    
    2446397.    	   0.7013620    
    2446398.    	   0.8421970    
    2446399.    	   0.7944870    
    2446400.    	   0.8029110    
    2446401.    	   0.6918060    
    2446402.    	   0.6407060    
    2446403.    	   0.3229120    
    2446404.    	   0.1395410    
    2446405.    	   0.1890130    
    2446406.    	   0.5462960    
    2446407.    	   0.7590480    
    2446408.    	   0.8011820    
    2446409.    	   0.6235630    
    2446410.    	   0.5908970    
    2446411.    	   0.5874520    
    2446412.    	   0.7815070    
    2446413.    	   0.6963220    
    2446414.    	   0.6098150    
    2446415.    	   0.7361290    
    2446416.    	   0.6031430    
    2446417.    	   0.4625780    
    2446418.    	   0.2880670    
    2446419.    	   0.2250740    
    2446420.    	   0.3237760    
    2446421.    	   0.5765860    
    2446422.    	   0.4238090    
    2446423.    	   0.5189000    
    2446424.    	   0.9799230    
    2446425.    	   0.8971970    
    2446426.    	   0.7460720    
    2446427.    	   0.9930960    
    2446428.    	    1.558850    
    2446429.    	    1.804960    
    2446430.    	    1.974570    
    2446431.    	    2.119900    
    2446432.    	    1.592770    
    2446433.    	    1.874030    
    2446434.    	    2.401720    
    2446435.    	    2.540410    
    2446436.    	    2.829810    
    2446437.    	    3.208510    
    2446438.    	    3.402820    
    2446439.    	    3.598080    
    2446440.    	    3.459970    
    2446441.    	    3.275710    
    2446442.    	    3.131380    
    2446443.    	    2.861180    
    2446444.    	    2.859960    
    2446445.    	    2.927070    
    2446446.    	    2.782580    
    2446447.    	    2.598960    
    2446448.    	    2.451520    
    2446449.    	    2.187540    
    2446450.    	    1.970730    
    2446451.    	    2.013900    
    2446452.    	    1.981640    
    2446453.    	    1.886940    
    2446454.    	    1.921420    
    2446455.    	    2.158690    
    2446456.    	    2.115520    
    2446457.    	    1.953950    
    2446458.    	    1.719030    
    2446459.    	    1.615820    
    2446460.    	    1.595340    
    2446461.    	    1.609730    
    2446462.    	    1.485490    
    2446463.    	    1.221730    
    2446464.    	   0.9798790    
    2446465.    	   0.9657490    
    2446466.    	    1.178480    
    2446467.    	    1.314310    
    2446468.    	    1.277520    
    2446469.    	    1.040070    
    2446470.    	    1.448380    
    2446471.    	    1.573780    
    2446472.    	    1.183470    
    2446473.    	   0.9361990    
    2446474.    	   0.6943880    
    2446475.    	   0.4926230    
    2446476.    	   0.2192750    
    2446477.    	   0.3243190    
    2446478.    	   0.2652440    
    2446479.    	   2.0880001E-02
    2446480.    	   3.2981500E-02
    2446481.    	   0.4602890    
    2446482.    	   0.1411180    
    2446483.    	   0.4325310    
    2446484.    	   0.6726930    
    2446485.    	    1.013370    
    2446486.    	    1.310960    
    2446487.    	    1.486090    
    2446488.    	    1.301360    
    2446489.    	    1.429360    
    2446490.    	    1.603760    
    2446491.    	    1.615850    
    2446492.    	    1.596410    
    2446493.    	    1.843730    
    2446494.    	    1.912770    
    2446495.    	    1.947200    
    2446496.    	    2.120030    
    2446497.    	    2.244530    
    2446498.    	    2.523980    
    2446499.    	    2.681470    
    2446500.    	    2.770970    
    2446501.    	    2.939410    
    2446502.    	    2.945870    
    2446503.    	    2.952850    
    2446504.    	    3.004980    
    2446505.    	    2.859340    
    2446506.    	    2.829840    
    2446507.    	    2.842630    
    2446508.    	    2.770700    
    2446509.    	    2.636480    
    2446510.    	    2.527340    
    2446511.    	    2.366560    
    2446512.    	    2.063850    
    2446513.    	    2.171960    
    2446514.    	    2.037700    
    2446515.    	    1.622830    
    2446516.    	    1.392310    
    2446517.    	    1.299320    
    2446518.    	    1.645510    
    2446519.    	    1.853790    
    2446520.    	    1.867050    
    2446521.    	    1.730330    
    2446522.    	    1.464970    
    2446523.    	    1.484530    
    2446524.    	    1.298060    
    2446525.    	    1.338730    
    2446526.    	    1.467750    
    2446527.    	    1.256120    
    2446528.    	   0.9332520    
    2446529.    	   0.8110780    
    2446530.    	   0.7682150    
    2446531.    	    1.222400    
    2446532.    	    1.464440    
    2446533.    	    1.782960    
    2446534.    	    1.829300    
    2446535.    	    1.861350    
    2446536.    	    1.902520    
    2446537.    	    1.812660    
    2446538.    	    1.597870    
    2446539.    	    1.499350    
    2446540.    	    1.552480    
    2446541.    	    1.320340    
    2446542.    	   0.9366970    
    2446543.    	   0.7104310    
    2446544.    	   0.5168910    
    2446545.    	   0.4356920    
    2446546.    	   0.4833320    
    2446547.    	   0.2737620    
    2446548.    	   0.2566980    
    2446549.    	   0.6049470    
    2446550.    	   0.7611470    
    2446551.    	   0.6519780    
    2446552.    	   0.8162020    
    2446553.    	    1.054620    
    2446554.    	    1.078320    
    2446555.    	   0.9901380    
    2446556.    	    1.085120    
    2446557.    	    1.107430    
    2446558.    	    1.172630    
    2446559.    	    1.197030    
    2446560.    	    1.655600    
    2446561.    	    2.027250    
    2446562.    	    1.885070    
    2446563.    	    1.744010    
    2446564.    	    1.655690    
    2446565.    	    1.632490    
    2446566.    	    1.443120    
    2446567.    	    1.586070    
    2446568.    	    1.612320    
    2446569.    	    1.564150    
    2446570.    	    1.593450    
    2446571.    	    1.653070    
    2446572.    	    1.914680    
    2446573.    	    2.203390    
    2446574.    	    2.425510    
    2446575.    	    2.531550    
    2446576.    	    2.349400    
    2446577.    	    2.197190    
    2446578.    	    2.435960    
    2446579.    	    2.500940    
    2446580.    	    2.199090    
    2446581.    	    2.077280    
    2446582.    	    1.766540    
    2446583.    	    1.533290    
    2446584.    	    1.282420    
    2446585.    	    1.164200    
    2446586.    	    1.268360    
    2446587.    	    1.152030    
    2446588.    	    1.059960    
    2446589.    	   0.9316650    
    2446590.    	   0.9726920    
    2446591.    	    1.018250    
    2446592.    	    1.216170    
    2446593.    	    1.295750    
    2446594.    	    1.277670    
    2446595.    	    1.348120    
    2446596.    	    1.470490    
    2446597.    	    1.504780    
    2446598.    	    1.346940    
    2446599.    	    1.629750    
    2446600.    	    1.906150    
    2446601.    	    1.995630    
    2446602.    	    2.010160    
    2446603.    	    2.074230    
    2446604.    	    2.206740    
    2446605.    	    2.360340    
    2446606.    	    2.125840    
    2446607.    	    1.900350    
    2446608.    	    1.963530    
    2446609.    	    1.937560    
    2446610.    	    1.832930    
    2446611.    	    1.706450    
    2446612.    	    1.769180    
    2446613.    	    2.058740    
    2446614.    	    1.961330    
    2446615.    	    1.619820    
    2446616.    	    1.708510    
    2446617.    	    1.237810    
    2446618.    	   0.7222790    
    2446619.    	   0.2827800    
    2446620.    	   0.2492820    
    2446621.    	   0.3802820    
    2446622.    	   0.7932030    
    2446623.    	    1.177020    
    2446624.    	    1.326460    
    2446625.    	    1.139800    
    2446626.    	    1.342440    
    2446627.    	    1.146970    
    2446628.    	   0.7575750    
    2446629.    	   0.7505830    
    2446630.    	   0.9985530    
    2446631.    	    1.068730    
    2446632.    	   0.8702820    
    2446633.    	   0.8890920    
    2446634.    	   0.6809310    
    2446635.    	   0.5485830    
    2446636.    	   0.8233310    
    2446637.    	   0.6717900    
    2446638.    	   0.3871600    
    2446639.    	   0.3217770    
    2446640.    	   0.3102180    
    2446641.    	   0.3557130    
    2446642.    	   0.6124350    
    2446643.    	    1.065910    
    2446644.    	    1.406280    
    2446645.    	    1.422300    
    2446646.    	    1.542580    
    2446647.    	    1.786140    
    2446648.    	    2.007040    
    2446649.    	    2.164210    
    2446650.    	    2.031050    
    2446651.    	    2.004370    
    2446652.    	    1.704990    
    2446653.    	    1.677440    
    2446654.    	    1.771760    
    2446655.    	    1.959970    
    2446656.    	    2.097110    
    2446657.    	    2.207720    
    2446658.    	    2.172360    
    2446659.    	    1.916720    
    2446660.    	    1.914630    
    2446661.    	    1.820680    
    2446662.    	    1.907980    
    2446663.    	    1.856870    
    2446664.    	    1.436030    
    2446665.    	    1.315980    
    2446666.    	    1.321960    
    2446667.    	   0.9468940    
    2446668.    	   0.6772800    
    2446669.    	   0.5679260    
    2446670.    	   0.8779380    
    2446671.    	    1.067710    
    2446672.    	   0.8944590    
    2446673.    	   0.6878970    
    2446674.    	   0.7023750    
    2446675.    	   0.7175600    
    2446676.    	   0.5928960    
    2446677.    	   0.7796870    
    2446678.    	   0.9673090    
    2446679.    	    1.177590    
    2446680.    	    1.290690    
    2446681.    	    1.393810    
    2446682.    	    1.543250    
    2446683.    	    1.413590    
    2446684.    	    1.284680    
    2446685.    	    1.308890    
    2446686.    	    1.479040    
    2446687.    	    1.471560    
    2446688.    	    1.217850    
    2446689.    	    1.269380    
    2446690.    	    1.544220    
    2446691.    	    1.623730    
    2446692.    	    1.374070    
    2446693.    	    1.158850    
    2446694.    	   0.9506030    
    2446695.    	   0.7141370    
    2446696.    	   0.8684350    
    2446697.    	    1.115440    
    2446698.    	    1.100520    
    2446699.    	    1.373480    
    2446700.    	    1.562560    
    2446701.    	    1.672270    
    2446702.    	    1.465620    
    2446703.    	    1.367160    
    2446704.    	    1.476500    
    2446705.    	    1.393860    
    2446706.    	   0.9699910    
    2446707.    	   0.7079300    
    2446708.    	   0.6762590    
    2446709.    	   0.6072150    
    2446710.    	   0.4435490    
    2446711.    	   0.3063830    
    2446712.    	   0.3013850    
    2446713.    	   0.3981010    
    2446714.    	   0.5783720    
    2446715.    	   0.7768780    
    2446716.    	   0.8986120    
    2446717.    	   0.9032980    
    2446718.    	   0.6870020    
    2446719.    	   0.5195980    
    2446720.    	   0.3153860    
    2446721.    	   0.6047690    
    2446722.    	   0.6962520    
    2446723.    	   0.7797700    
    2446724.    	   0.6121250    
    2446725.    	   0.6798030    
    2446726.    	   0.7192930    
    2446727.    	   0.9499200    
    2446728.    	    1.321110    
    2446729.    	    1.633820    
    2446730.    	    1.679990    
    2446731.    	    1.963730    
    2446732.    	    2.068780    
    2446733.    	    2.390710    
    2446734.    	    2.533720    
    2446735.    	    2.568170    
    2446736.    	    2.766230    
    2446737.    	    2.812560    
    2446738.    	    2.749240    
    2446739.    	    2.545960    
    2446740.    	    2.336430    
    2446741.    	    2.266010    
    2446742.    	    2.370080    
    2446743.    	    2.406390    
    2446744.    	    2.288470    
    2446745.    	    2.225140    
    2446746.    	    1.851580    
    2446747.    	    1.709190    
    2446748.    	    1.661810    
    2446749.    	    1.667220    
    2446750.    	    1.458960    
    2446751.    	    1.500210    
    2446752.    	    1.397740    
    2446753.    	    1.584850    
    2446754.    	    1.437690    
    2446755.    	    1.411850    
    2446756.    	    1.484020    
    2446757.    	    1.404840    
    2446758.    	    1.566390    
    2446759.    	    1.773080    
    2446760.    	    1.938830    
    2446761.    	    2.203420    
    2446762.    	    1.999990    
    2446763.    	    1.916140    
    2446764.    	    1.550630    
    2446765.    	    1.212860    
    2446766.    	    1.019530    
    2446767.    	   0.9356230    
    2446768.    	   0.5876980    
    2446769.    	   0.3469930    
    2446770.    	   0.3941400    
    2446771.    	   0.4045080    
    2446772.    	   0.6143370    
    2446773.    	   0.8057340    
    2446774.    	    1.033780    
    2446775.    	   0.9937740    
    2446776.    	    1.034330    
    2446777.    	    1.145630    
    2446778.    	   0.8819060    
    2446779.    	   0.7319500    
    2446780.    	   0.7103160    
    2446781.    	   0.2286120    
    2446782.    	   0.2114590    
    2446783.    	   0.3502200    
    2446784.    	   0.5017940    
    2446785.    	   0.7670100    
    2446786.    	   0.9223900    
    2446787.    	    1.149830    
    2446788.    	    1.473560    
    2446789.    	    1.611360    
    2446790.    	    1.533090    
    2446791.    	    1.660450    
    2446792.    	    1.716950    
    2446793.    	    1.512840    
    2446794.    	    1.217180    
    2446795.    	    1.105110    
    2446796.    	    1.314270    
    2446797.    	    1.111290    
    2446798.    	    1.060280    
    2446799.    	    1.126300    
    2446800.    	    1.233660    
    2446801.    	    1.337020    
    2446802.    	    1.401400    
    2446803.    	    1.544890    
    2446804.    	    1.682580    
    2446805.    	    1.540900    
    2446806.    	    1.537270    
    2446807.    	    1.431690    
    2446808.    	    1.276700    
    2446809.    	   0.9172710    
    2446810.    	   0.7199150    
    2446811.    	   0.7349020    
    2446812.    	   0.4988980    
    2446813.    	   0.4896270    
    2446814.    	   0.4593790    
    2446815.    	   0.6376960    
    2446816.    	   0.6782480    
    2446817.    	   0.9327720    
    2446818.    	    1.108070    
    2446819.    	    1.029590    
    2446820.    	   0.7753670    
    2446821.    	   0.7326970    
    2446822.    	   0.8841860    
    2446823.    	   0.9135140    
    2446824.    	    1.193790    
    2446825.    	    1.003460    
    2446826.    	   0.6123950    
    2446827.    	   0.4982550    
    2446828.    	   0.7970620    
    2446829.    	    1.126650    
    2446830.    	    1.590000    
    2446831.    	    1.878660    
    2446832.    	    2.172490    
    2446833.    	    2.167240    
    2446834.    	    1.967670    
    2446835.    	    1.844020    
    2446836.    	    1.848190    
    2446837.    	    1.586730    
    2446838.    	    1.584060    
    2446839.    	    1.413150    
    2446840.    	    1.062900    
    2446841.    	   0.6138390    
    2446842.    	   0.5836200    
    2446843.    	   0.7413330    
    2446844.    	   0.8660460    
    2446845.    	    1.148120    
    2446846.    	    1.360430    
    2446847.    	    1.077530    
    2446848.    	    1.158030    
    2446849.    	    1.411500    
    2446850.    	    1.630030    
    2446851.    	    1.655040    
    2446852.    	    1.759080    
    2446853.    	    1.824870    
    2446854.    	    1.942430    
    2446855.    	    2.047130    
    2446856.    	    1.950730    
    2446857.    	    2.042170    
    2446858.    	    1.908700    
    2446859.    	    1.872180    
    2446860.    	    1.808540    
    2446861.    	    1.654240    
    2446862.    	    1.724620    
    2446863.    	    1.908690    
    2446864.    	    1.898920    
    2446865.    	    1.895360    
    2446866.    	    1.603500    
    2446867.    	    1.756170    
    2446868.    	    1.803820    
    2446869.    	    1.870670    
    2446870.    	    1.859520    
    2446871.    	    1.814590    
    2446872.    	    1.685120    
    2446873.    	    1.563930    
    2446874.    	    1.355210    
    2446875.    	    1.324110    
    2446876.    	   0.8848500    
    2446877.    	   0.2610840    
    2446878.    	   0.3978530    
    2446879.    	    1.274050    
    2446880.    	    1.629430    
    2446881.    	    1.730600    
    2446882.    	    1.769530    
    2446883.    	    2.080030    
    2446884.    	    2.123300    
    2446885.    	    2.133420    
    2446886.    	    1.911330    
    2446887.    	    1.760610    
    2446888.    	    1.312500    
    2446889.    	    1.221580    
    2446890.    	    1.222960    
    2446891.    	   0.5618290    
    2446892.    	   0.3477120    
    2446893.    	   0.7504770    
    2446894.    	    1.087160    
    2446895.    	    1.080860    
    2446896.    	    1.290910    
    2446897.    	    1.284140    
    2446898.    	    1.322310    
    2446899.    	    1.415610    
    2446900.    	    1.758630    
    2446901.    	    1.678590    
    2446902.    	    1.516180    
    2446903.    	    1.302650    
    2446904.    	    1.139880    
    2446905.    	    1.119800    
    2446906.    	    1.340350    
    2446907.    	    1.183460    
    2446908.    	   0.9703390    
    2446909.    	   0.8958150    
    2446910.    	   0.8441430    
    2446911.    	   0.8640260    
    2446912.    	    1.020720    
    2446913.    	    1.060300    
    2446914.    	    1.115610    
    2446915.    	    1.077790    
    2446916.    	   0.9848730    
    2446917.    	   0.8939790    
    2446918.    	   0.7056850    
    2446919.    	   0.5731770    
    2446920.    	   0.5527350    
    2446921.    	   0.6554950    
    2446922.    	   0.6111280    
    2446923.    	   0.5348130    
    2446924.    	   0.4307090    
    2446925.    	   0.6258300    
    2446926.    	   0.8022390    
    2446927.    	   0.9903850    
    2446928.    	    1.025780    
    2446929.    	    1.016800    
    2446930.    	    1.436350    
    2446931.    	    1.961220    
    2446932.    	    2.506010    
    2446933.    	    2.495180    
    2446934.    	    2.570130    
    2446935.    	    2.765540    
    2446936.    	    2.743400    
    2446937.    	    2.149240    
    2446938.    	    1.703430    
    2446939.    	    1.786130    
    2446940.    	    1.792820    
    2446941.    	    1.603750    
    2446942.    	    1.409770    
    2446943.    	    1.241950    
    2446944.    	    1.325440    
    2446945.    	    1.435470    
    2446946.    	    1.545560    
    2446947.    	    1.733030    
    2446948.    	    1.803440    
    2446949.    	    1.837730    
    2446950.    	    2.018690    
    2446951.    	    1.903850    
    2446952.    	    1.804180    
    2446953.    	    1.691500    
    2446954.    	    1.789680    
    2446955.    	    1.749610    
    2446956.    	    1.707970    
    2446957.    	    1.688250    
    2446958.    	    1.508600    
    2446959.    	    1.448060    
    2446960.    	    1.374920    
    2446961.    	    1.314000    
    2446962.    	    1.245350    
    2446963.    	    1.132670    
    2446964.    	    1.061840    
    2446965.    	   0.9088450    
    2446966.    	   0.3835260    
    2446967.    	   0.1261480    
    2446968.    	   0.1192720    
    2446969.    	   0.1081110    
    2446970.    	   0.2194780    
    2446971.    	   0.6174180    
    2446972.    	   0.8686250    
    2446973.    	    1.147640    
    2446974.    	    1.193960    
    2446975.    	    1.286520    
    2446976.    	    1.278830    
    2446977.    	    1.388040    
    2446978.    	    1.135900    
    2446979.    	    1.097810    
    2446980.    	   0.7617230    
    2446981.    	   0.5562200    
    2446982.    	   0.3490760    
    2446983.    	   0.4539820    
    2446984.    	   0.5726110    
    2446985.    	   0.7838350    
    2446986.    	   0.8554450    
    2446987.    	   0.9132230    
    2446988.    	    1.132520    
    2446989.    	    1.051710    
    2446990.    	    1.165580    
    2446991.    	    1.144650    
    2446992.    	    1.222890    
    2446993.    	    1.017600    
    2446994.    	   0.9573000    
    2446995.    	    1.097260    
    2446996.    	    1.009790    
    2446997.    	   0.6783900    
    2446998.    	   0.8477970    
    2446999.    	    1.073450    
    2447000.    	    1.311340    
    2447001.    	    1.083310    
    2447002.    	    1.079170    
    2447003.    	    1.295960    
    2447004.    	    1.565940    
    2447005.    	    1.654620    
    2447006.    	    1.911240    
    2447007.    	    1.973050    
    2447008.    	    2.119700    
    2447009.    	    2.211900    
    2447010.    	    2.383370    
    2447011.    	    2.368730    
    2447012.    	    2.291710    
    2447013.    	    2.004040    
    2447014.    	    2.028410    
    2447015.    	    1.909630    
    2447016.    	    1.874990    
    2447017.    	    1.713740    
    2447018.    	    1.539410    
    2447019.    	    1.540520    
    2447020.    	    1.410570    
    2447021.    	    1.532670    
    2447022.    	    1.659210    
    2447023.    	    1.761220    
    2447024.    	    1.815450    
    2447025.    	    1.911450    
    2447026.    	    1.753000    
    2447027.    	    1.707900    
    2447028.    	    1.886340    
    2447029.    	    2.184670    
    2447030.    	    2.145110    
    2447031.    	    2.294020    
    2447032.    	    2.317000    
    2447033.    	    2.154400    
    2447034.    	    1.924860    
    2447035.    	    1.786350    
    2447036.    	    1.922690    
    2447037.    	    2.142310    
    2447038.    	    1.956360    
    2447039.    	    1.777730    
    2447040.    	    1.403670    
    2447041.    	    1.261940    
    2447042.    	    1.411330    
    2447043.    	    1.300460    
    2447044.    	   0.7998830    
    2447045.    	   0.6893050    
    2447046.    	   0.8870090    
    2447047.    	   0.8312610    
    2447048.    	   0.9932650    
    2447049.    	    1.322720    
    2447050.    	    1.429880    
    2447051.    	    1.352110    
    2447052.    	    1.353500    
    2447053.    	    1.424330    
    2447054.    	    1.143240    
    2447055.    	   0.8793060    
    2447056.    	   0.9404900    
    2447057.    	    1.212730    
    2447058.    	    1.339330    
    2447059.    	    1.598120    
    2447060.    	    1.675950    
    2447061.    	    1.598260    
    2447062.    	    1.439270    
    2447063.    	    1.415040    
    2447064.    	    1.479860    
    2447065.    	    1.392000    
    2447066.    	    1.296020    
    2447067.    	    1.237790    
    2447068.    	   0.9914950    
    2447069.    	   0.9552040    
    2447070.    	   0.9660040    
    2447071.    	   0.8672530    
    2447072.    	   0.7535940    
    2447073.    	   0.7836760    
    2447074.    	   0.8107810    
    2447075.    	   0.7078310    
    2447076.    	   0.8854410    
    2447077.    	   0.9296920    
    2447078.    	   0.8677550    
    2447079.    	   0.9580250    
    2447080.    	   0.8623510    
    2447081.    	   0.7376200    
    2447082.    	   0.4993290    
    2447083.    	   0.6492670    
    2447084.    	   0.8569670    
    2447085.    	    1.087100    
    2447086.    	    1.362200    
    2447087.    	    1.262620    
    2447088.    	    1.131590    
    2447089.    	    1.249390    
    2447090.    	    1.118110    
    2447091.    	   0.8655390    
    2447092.    	   0.6279100    
    2447093.    	   0.4991210    
    2447094.    	   0.5289760    
    2447095.    	   0.6155640    
    2447096.    	   0.8990890    
    2447097.    	    1.133310    
    2447098.    	    1.244760    
    2447099.    	    1.463090    
    2447100.    	    1.491870    
    2447101.    	    1.576780    
    2447102.    	    1.939080    
    2447103.    	    1.931200    
    2447104.    	    1.821100    
    2447105.    	    1.944500    
    2447106.    	    2.461090    
    2447107.    	    2.585270    
    2447108.    	    2.586800    
    2447109.    	    2.457700    
    2447110.    	    2.679980    
    2447111.    	    2.802200    
    2447112.    	    2.689770    
    2447113.    	    2.505460    
    2447114.    	    2.292750    
    2447115.    	    2.177340    
    2447116.    	    1.974710    
    2447117.    	    1.773590    
    2447118.    	    1.509080    
    2447119.    	    1.556550    
    2447120.    	    1.714850    
    2447121.    	    1.735350    
    2447122.    	    1.680040    
    2447123.    	    1.610680    
    2447124.    	    1.282700    
    2447125.    	    1.193240    
    2447126.    	   0.9963520    
    2447127.    	    1.009950    
    2447128.    	   0.6797130    
    2447129.    	   0.5000660    
    2447130.    	   0.2346150    
    2447131.    	   6.2618099E-02
    2447132.    	   0.3170010    
    2447133.    	   0.6938950    
    2447134.    	    1.117950    
    2447135.    	    1.297130    
    2447136.    	    1.535840    
    2447137.    	    1.643810    
    2447138.    	    1.763660    
    2447139.    	    1.835330    
    2447140.    	    1.884580    
    2447141.    	    1.842480    
    2447142.    	    1.547360    
    2447143.    	    1.261480    
    2447144.    	   0.8048080    
    2447145.    	   0.8454420    
    2447146.    	    1.314610    
    2447147.    	    1.701290    
    2447148.    	    1.870450    
    2447149.    	    1.772030    
    2447150.    	    1.844610    
    2447151.    	    1.999130    
    2447152.    	    2.224050    
    2447153.    	    2.128320    
    2447154.    	    1.987980    
    2447155.    	    1.740280    
    2447156.    	    1.781680    
    2447157.    	    2.063160    
    2447158.    	    2.214940    
    2447159.    	    2.007820    
    2447160.    	    1.673700    
    2447161.    	    1.608280    
    2447162.    	    1.472330    
    2447163.    	    1.429670    
    2447164.    	    1.272180    
    2447165.    	    1.191350    
    2447166.    	    1.047300    
    2447167.    	   0.7617100    
    2447168.    	   0.5665450    
    2447169.    	   0.6059370    
    2447170.    	   0.5198640    
    2447171.    	   0.5932280    
    2447172.    	   0.5133700    
    2447173.    	   0.5766520    
    2447174.    	   0.5787290    
    2447175.    	   0.6862390    
    2447176.    	   0.9435860    
    2447177.    	    1.501670    
    2447178.    	    1.999160    
    2447179.    	    2.163690    
    2447180.    	    2.093820    
    2447181.    	    2.080150    
    2447182.    	    2.122880    
    2447183.    	    2.093870    
    2447184.    	    2.003960    
    2447185.    	    2.005280    
    2447186.    	    2.088800    
    2447187.    	    2.021510    
    2447188.    	    2.063780    
    2447189.    	    1.926160    
    2447190.    	    1.560040    
    2447191.    	    1.260750    
    2447192.    	   0.8378410    
    2447193.    	   0.9025840    
    2447194.    	   0.8435360    
    2447195.    	   0.6644080    
    2447196.    	   0.5618810    
    2447197.    	   0.7326160    
    2447198.    	    1.256400    
    2447199.    	    1.356570    
    2447200.    	    1.145720    
    2447201.    	    1.022600    
    2447202.    	    1.061160    
    2447203.    	    1.299070    
    2447204.    	    1.470100    
    2447205.    	    1.708160    
    2447206.    	    1.678310    
    2447207.    	    1.596580    
    2447208.    	    1.742040    
    2447209.    	    2.072650    
    2447210.    	    2.232020    
    2447211.    	    2.649330    
    2447212.    	    3.082240    
    2447213.    	    3.271740    
    2447214.    	    3.104190    
    2447215.    	    3.118780    
    2447216.    	    3.406720    
    2447217.    	    3.579010    
    2447218.    	    3.369010    
    2447219.    	    3.114460    
    2447220.    	    2.949810    
    2447221.    	    2.808200    
    2447222.    	    2.727330    
    2447223.    	    2.524710    
    2447224.    	    2.199570    
    2447225.    	    2.029620    
    2447226.    	    2.026820    
    2447227.    	    1.810510    
    2447228.    	    1.932370    
    2447229.    	    2.009160    
    2447230.    	    2.087580    
    2447231.    	    2.223790    
    2447232.    	    2.002270    
    2447233.    	    1.942570    
    2447234.    	    2.255450    
    2447235.    	    2.572450    
    2447236.    	    2.786130    
    2447237.    	    2.698260    
    2447238.    	    2.924100    
    2447239.    	    3.184170    
    2447240.    	    3.139280    
    2447241.    	    3.352410    
    2447242.    	    3.651250    
    2447243.    	    3.752580    
    2447244.    	    3.943420    
    2447245.    	    3.920170    
    2447246.    	    3.562170    
    2447247.    	    3.375940    
    2447248.    	    3.326180    
    2447249.    	    3.519320    
    2447250.    	    3.474160    
    2447251.    	    3.131650    
    2447252.    	    3.169390    
    2447253.    	    2.924150    
    2447254.    	    2.811300    
    2447255.    	    2.689150    
    2447256.    	    2.626320    
    2447257.    	    2.474770    
    2447258.    	    2.499550    
    2447259.    	    2.372950    
    2447260.    	    2.275170    
    2447261.    	    2.502250    
    2447262.    	    2.637230    
    2447263.    	    2.573970    
    2447264.    	    2.495470    
    2447265.    	    2.286280    
    2447266.    	    2.072860    
    2447267.    	    1.989680    
    2447268.    	    1.805770    
    2447269.    	    1.421970    
    2447270.    	    1.259710    
    2447271.    	    1.285560    
    2447272.    	    1.214700    
    2447273.    	    1.074840    
    2447274.    	   0.9725100    
    2447275.    	   0.9700810    
    2447276.    	    1.277950    
    2447277.    	    1.684990    
    2447278.    	    1.791140    
    2447279.    	    1.913480    
    2447280.    	    1.773590    
    2447281.    	    1.726830    
    2447282.    	    1.561190    
    2447283.    	    1.426870    
    2447284.    	    1.349640    
    2447285.    	    1.404170    
    2447286.    	    1.118350    
    2447287.    	    1.150400    
    2447288.    	   0.8290810    
    2447289.    	   0.6754470    
    2447290.    	   0.3299870    
    2447291.    	   0.3359290    
    2447292.    	   0.6418340    
    2447293.    	   0.7082100    
    2447294.    	   0.8082020    
    2447295.    	   0.9778560    
    2447296.    	    1.167890    
    2447297.    	    1.039210    
    2447298.    	    1.191770    
    2447299.    	    1.274940    
    2447300.    	    1.480140    
    2447301.    	    1.527780    
    2447302.    	    1.942510    
    2447303.    	    2.108500    
    2447304.    	    1.968750    
    2447305.    	    1.833560    
    2447306.    	    1.572740    
    2447307.    	    1.442330    
    2447308.    	    1.410720    
    2447309.    	    1.387440    
    2447310.    	    1.456830    
    2447311.    	    1.197160    
    2447312.    	   0.9739920    
    2447313.    	   0.7508460    
    2447314.    	   0.4342580    
    2447315.    	   0.4776430    
    2447316.    	   0.7017670    
    2447317.    	   0.8266110    
    2447318.    	   0.9333820    
    2447319.    	   0.8964020    
    2447320.    	   0.4325740    
    2447321.    	   0.1893960    
    2447322.    	   0.3181830    
    2447323.    	   0.1827620    
    2447324.    	   9.9529997E-02
    2447325.    	   0.2009780    
    2447326.    	   0.4920310    
    2447327.    	   0.6349380    
    2447328.    	   0.8674320    
    2447329.    	   0.8323440    
    2447330.    	    1.234670    
    2447331.    	    1.318430    
    2447332.    	    1.327610    
    2447333.    	    1.739560    
    2447334.    	    1.937970    
    2447335.    	    1.860130    
    2447336.    	    1.584230    
    2447337.    	    1.380820    
    2447338.    	    1.449110    
    2447339.    	    1.419470    
    2447340.    	    1.373320    
    2447341.    	    1.468690    
    2447342.    	    1.353990    
    2447343.    	    1.512240    
    2447344.    	    1.777980    
    2447345.    	    1.713390    
    2447346.    	    1.760280    
    2447347.    	    1.537990    
    2447348.    	    1.271930    
    2447349.    	   0.8800880    
    2447350.    	   0.5129110    
    2447351.    	   0.3552590    
    2447352.    	   0.4315660    
    2447353.    	   0.5979130    
    2447354.    	   0.8664570    
    2447355.    	   0.8982610    
    2447356.    	   0.9656100    
    2447357.    	   0.9238470    
    2447358.    	   0.6272200    
    2447359.    	   0.8199040    
    2447360.    	   0.8976630    
    2447361.    	   0.8607330    
    2447362.    	   0.7860740    
    2447363.    	   0.8486650    
    2447364.    	   0.9638130    
    2447365.    	   0.6976860    
    2447366.    	   0.6152100    
    2447367.    	   0.7544460    
    2447368.    	   0.6637730    
    2447369.    	   0.4024600    
    2447370.    	   0.2717580    
    2447371.    	   9.1189697E-02
    2447372.    	   0.2743850    
    2447373.    	   0.3749220    
    2447374.    	   0.6186460    
    2447375.    	   0.7065160    
    2447376.    	   0.5988100    
    2447377.    	   0.6568080    
    2447378.    	   0.5992240    
    2447379.    	   0.5663710    
    2447380.    	   0.6577230    
    2447381.    	   0.7599650    
    2447382.    	   0.8343570    
    2447383.    	    1.001240    
    2447384.    	    1.056380    
    2447385.    	    1.064430    
    2447386.    	    1.152730    
    2447387.    	    1.015090    
    2447388.    	    1.001510    
    2447389.    	    1.261140    
    2447390.    	    1.429220    
    2447391.    	    1.435360    
    2447392.    	    1.111400    
    2447393.    	    1.110740    
    2447394.    	    1.223760    
    2447395.    	    1.058700    
    2447396.    	   0.8210830    
    2447397.    	   0.7790220    
    2447398.    	    1.018960    
    2447399.    	    1.307050    
    2447400.    	    1.337280    
    2447401.    	    1.525590    
    2447402.    	    1.644840    
    2447403.    	    1.729720    
    2447404.    	    1.885590    
    2447405.    	    1.769630    
    2447406.    	    1.435280    
    2447407.    	    1.080110    
    2447408.    	   0.6751810    
    2447409.    	   0.5114270    
    2447410.    	   0.6647570    
    2447411.    	   0.7727630    
    2447412.    	   0.5762650    
    2447413.    	   0.6798510    
    2447414.    	   0.8948470    
    2447415.    	   0.6965000    
    2447416.    	   0.4122000    
    2447417.    	   9.9569798E-02
    2447418.    	   0.5158360    
    2447419.    	   0.5770440    
    2447420.    	   0.9183580    
    2447421.    	   0.9748050    
    2447422.    	    1.264330    
    2447423.    	    1.334300    
    2447424.    	    1.272410    
    2447425.    	    1.415680    
    2447426.    	    1.926270    
    2447427.    	    2.501320    
    2447428.    	    2.416630    
    2447429.    	    2.178250    
    2447430.    	    1.997880    
    2447431.    	    2.050280    
    2447432.    	    2.115670    
    2447433.    	    2.078400    
    2447434.    	    2.005180    
    2447435.    	    2.086440    
    2447436.    	    2.216170    
    2447437.    	    2.210160    
    2447438.    	    2.591500    
    2447439.    	    2.485390    
    2447440.    	    2.820680    
    2447441.    	    2.988620    
    2447442.    	    2.650010    
    2447443.    	    2.181190    
    2447444.    	    1.920890    
    2447445.    	    1.655920    
    2447446.    	    1.182980    
    2447447.    	   0.9890400    
    2447448.    	   0.6760470    
    2447449.    	    1.016960    
    2447450.    	    1.146820    
    2447451.    	    1.398950    
    2447452.    	    1.350370    
    2447453.    	    1.402580    
    2447454.    	    1.626860    
    2447455.    	    1.742080    
    2447456.    	    1.745100    
    2447457.    	    1.724870    
    2447458.    	    1.707290    
    2447459.    	    1.391060    
    2447460.    	    1.114980    
    2447461.    	   0.7740780    
    2447462.    	   0.7071810    
    2447463.    	   0.7739120    
    2447464.    	   0.7647290    
    2447465.    	   0.9201460    
    2447466.    	   0.8364400    
    2447467.    	   0.5747000    
    2447468.    	   0.2691230    
    2447469.    	   0.1319890    
    2447470.    	   0.2073670    
    2447471.    	   0.2523320    
    2447472.    	   0.5637680    
    2447473.    	   0.9040050    
    2447474.    	    1.004040    
    2447475.    	    1.032380    
    2447476.    	   0.7158530    
    2447477.    	   0.5156610    
    2447478.    	   0.3805440    
    2447479.    	   0.5189670    
    2447480.    	   0.5264130    
    2447481.    	   0.4628680    
    2447482.    	   0.4448120    
    2447483.    	   0.5944710    
    2447484.    	   0.6114570    
    2447485.    	   0.5204060    
    2447486.    	   0.6314340    
    2447487.    	   0.7999520    
    2447488.    	   0.9771580    
    2447489.    	    1.097610    
    2447490.    	    1.002920    
    2447491.    	   0.9828170    
    2447492.    	    1.010910    
    2447493.    	    1.029620    
    2447494.    	    1.027640    
    2447495.    	    1.190280    
    2447496.    	   0.9920950    
    2447497.    	   0.8566270    
    2447498.    	    1.042920    
    2447499.    	    1.154480    
    2447500.    	    1.178740    
    2447501.    	   0.9967300    
    2447502.    	   0.5224190    
    2447503.    	   0.3098150    
    2447504.    	   0.1339460    
    2447505.    	   0.1680920    
    2447506.    	   0.5313130    
    2447507.    	    1.180810    
    2447508.    	    1.524380    
    2447509.    	    1.452220    
    2447510.    	    1.311780    
    2447511.    	   0.7575160    
    2447512.    	   0.3300610    
    2447513.    	   0.4567250    
    2447514.    	   0.5460420    
    2447515.    	   0.6655580    
    2447516.    	   0.5519110    
    2447517.    	   0.4593050    
    2447518.    	   0.2615340    
    2447519.    	   0.5282400    
    2447520.    	   0.6173070    
    2447521.    	   0.8828810    
    2447522.    	   0.9369530    
    2447523.    	   0.9747690    
    2447524.    	    1.207100    
    2447525.    	    1.392430    
    2447526.    	    1.535100    
    2447527.    	    1.621090    
    2447528.    	    1.857570    
    2447529.    	    1.736330    
    2447530.    	    1.740080    
    2447531.    	    1.480000    
    2447532.    	    1.332290    
    2447533.    	    1.459930    
    2447534.    	    1.633430    
    2447535.    	    1.943090    
    2447536.    	    2.062350    
    2447537.    	    1.954340    
    2447538.    	    2.009700    
    2447539.    	    2.346450    
    2447540.    	    2.491770    
    2447541.    	    2.597740    
    2447542.    	    2.732930    
    2447543.    	    2.658390    
    2447544.    	    2.423350    
    2447545.    	    2.104820    
    2447546.    	    2.080730    
    2447547.    	    1.914200    
    2447548.    	    1.714090    
    2447549.    	    1.589740    
    2447550.    	    1.465470    
    2447551.    	    1.275200    
    2447552.    	    1.389290    
    2447553.    	    1.335810    
    2447554.    	    1.308110    
    2447555.    	    1.343010    
    2447556.    	    1.372210    
    2447557.    	    1.677700    
    2447558.    	    2.043180    
    2447559.    	    1.940780    
    2447560.    	    1.829430    
    2447561.    	    1.718860    
    2447562.    	    1.359340    
    2447563.    	    1.359190    
    2447564.    	    1.335050    
    2447565.    	    1.418620    
    2447566.    	    1.512730    
    2447567.    	    1.475010    
    2447568.    	    1.424070    
    2447569.    	    1.252400    
    2447570.    	    1.163480    
    2447571.    	    1.018650    
    2447572.    	   0.9091670    
    2447573.    	   0.9071900    
    2447574.    	   0.8630800    
    2447575.    	   0.5959050    
    2447576.    	   0.4135470    
    2447577.    	   0.6410710    
    2447578.    	   0.5380140    
    2447579.    	   0.5411100    
    2447580.    	   0.6475830    
    2447581.    	   0.8420960    
    2447582.    	    1.132580    
    2447583.    	    1.048180    
    2447584.    	   0.5130160    
    2447585.    	   0.1874860    
    2447586.    	   0.3926460    
    2447587.    	   0.4781620    
    2447588.    	   0.7566790    
    2447589.    	   0.9542500    
    2447590.    	    1.034990    
    2447591.    	    1.042030    
    2447592.    	    1.208990    
    2447593.    	    1.329610    
    2447594.    	    1.388670    
    2447595.    	    1.178940    
    2447596.    	   0.8830470    
    2447597.    	   0.8266850    
    2447598.    	   0.4987720    
    2447599.    	   0.6976050    
    2447600.    	   0.8264820    
    2447601.    	   0.9899540    
    2447602.    	    1.208360    
    2447603.    	    1.092340    
    2447604.    	    1.053170    
    2447605.    	    1.113710    
    2447606.    	    1.194860    
    2447607.    	    1.213850    
    2447608.    	    1.471070    
    2447609.    	    1.489260    
    2447610.    	    1.435660    
    2447611.    	    1.294860    
    2447612.    	    1.286620    
    2447613.    	    1.603430    
    2447614.    	    1.630960    
    2447615.    	    1.905540    
    2447616.    	    1.836480    
    2447617.    	    1.929530    
    2447618.    	    1.632380    
    2447619.    	    1.541990    
    2447620.    	    1.292930    
    2447621.    	    1.117950    
    2447622.    	    1.300900    
    2447623.    	    1.167930    
    2447624.    	    1.146900    
    2447625.    	    1.138120    
    2447626.    	    1.084290    
    2447627.    	    1.256180    
    2447628.    	    1.263320    
    2447629.    	    1.228270    
    2447630.    	   0.9299860    
    2447631.    	    1.058850    
    2447632.    	    1.143160    
    2447633.    	    1.347440    
    2447634.    	    1.270190    
    2447635.    	    1.363400    
    2447636.    	    1.407490    
    2447637.    	    1.602010    
    2447638.    	    1.912480    
    2447639.    	    2.151450    
    2447640.    	    2.026010    
    2447641.    	    2.058530    
    2447642.    	    1.959260    
    2447643.    	    1.957570    
    2447644.    	    2.221200    
    2447645.    	    2.346820    
    2447646.    	    2.092210    
    2447647.    	    1.717130    
    2447648.    	    1.413380    
    2447649.    	    1.363910    
    2447650.    	    1.298450    
    2447651.    	    1.324110    
    2447652.    	    1.388560    
    2447653.    	    1.175000    
    2447654.    	   0.8484170    
    2447655.    	   0.8668840    
    2447656.    	   0.7919860    
    2447657.    	   0.8374160    
    2447658.    	   0.8070010    
    2447659.    	   0.9461630    
    2447660.    	   0.9371690    
    2447661.    	    1.233950    
    2447662.    	    1.492330    
    2447663.    	    1.674570    
    2447664.    	    1.653010    
    2447665.    	    1.945060    
    2447666.    	    1.949160    
    2447667.    	    1.854280    
    2447668.    	    1.776170    
    2447669.    	    1.371310    
    2447670.    	    1.319790    
    2447671.    	    1.316180    
    2447672.    	    1.452820    
    2447673.    	    1.414860    
    2447674.    	    1.357280    
    2447675.    	    1.211380    
    2447676.    	   0.9926310    
    2447677.    	   0.6336440    
    2447678.    	   0.4960690    
    2447679.    	   0.4117940    
    2447680.    	   0.2856970    
    2447681.    	   0.6185290    
    2447682.    	   0.5921520    
    2447683.    	   0.6541530    
    2447684.    	   0.7684770    
    2447685.    	   0.9855810    
    2447686.    	    1.149400    
    2447687.    	    1.247750    
    2447688.    	    1.035450    
    2447689.    	   0.7156960    
    2447690.    	   0.4917630    
    2447691.    	   0.1467880    
    2447692.    	   0.2308730    
    2447693.    	   0.5929450    
    2447694.    	   0.8355440    
    2447695.    	   0.9784610    
    2447696.    	    1.090480    
    2447697.    	    1.203440    
    2447698.    	    1.270790    
    2447699.    	    1.246710    
    2447700.    	    1.274210    
    2447701.    	    1.171830    
    2447702.    	   0.8653230    
    2447703.    	   0.8213860    
    2447704.    	   0.7580110    
    2447705.    	   0.7589500    
    2447706.    	   0.6880190    
    2447707.    	   0.8068270    
    2447708.    	   0.6324220    
    2447709.    	   0.6787070    
    2447710.    	   0.6259760    
    2447711.    	   0.8301430    
    2447712.    	   0.8639990    
    2447713.    	   0.6531250    
    2447714.    	   0.6317440    
    2447715.    	   0.6458910    
    2447716.    	   0.6412420    
    2447717.    	   0.6555450    
    2447718.    	   0.9401240    
    2447719.    	   0.9876150    
    2447720.    	    1.082030    
    2447721.    	    1.034340    
    2447722.    	    1.116690    
    2447723.    	    1.646920    
    2447724.    	    2.047780    
    2447725.    	    1.987880    
    2447726.    	    1.576450    
    2447727.    	    1.441000    
    2447728.    	    1.331850    
    2447729.    	    1.307400    
    2447730.    	   0.9894550    
    2447731.    	   0.8393510    
    2447732.    	    1.323990    
    2447733.    	    1.645540    
    2447734.    	    1.549040    
    2447735.    	    1.578350    
    2447736.    	    1.611470    
    2447737.    	    1.278420    
    2447738.    	   0.8677690    
    2447739.    	   0.6404540    
    2447740.    	   0.5457100    
    2447741.    	   0.5264490    
    2447742.    	   0.5824730    
    2447743.    	   0.1821530    
    2447744.    	   0.1042860    
    2447745.    	   0.2897620    
    2447746.    	   0.3594220    
    2447747.    	   0.2872760    
    2447748.    	   0.1958940    
    2447749.    	   0.2054650    
    2447750.    	   3.1941000E-02
    2447751.    	   0.2477010    
    2447752.    	   0.3626460    
    2447753.    	   0.4308640    
    2447754.    	   0.4936260    
    2447755.    	   0.5929500    
    2447756.    	    1.001590    
    2447757.    	    1.354280    
    2447758.    	    1.236720    
    2447759.    	   0.9323280    
    2447760.    	   0.8060710    
    2447761.    	   0.5137050    
    2447762.    	   0.6129730    
    2447763.    	   0.6889070    
    2447764.    	   0.7237710    
    2447765.    	   0.6875320    
    2447766.    	   0.6807750    
    2447767.    	   0.7158280    
    2447768.    	   0.7290030    
    2447769.    	   0.6348150    
    2447770.    	   0.6566230    
    2447771.    	   0.6361050    
    2447772.    	    1.041230    
    2447773.    	    1.063930    
    2447774.    	    1.044700    
    2447775.    	   0.8830750    
    2447776.    	   0.8098810    
    2447777.    	   0.7378190    
    2447778.    	   0.6155360    
    2447779.    	   0.2415020    
    2447780.    	   0.2080090    
    2447781.    	   0.1468590    
    2447782.    	   0.2282330    
    2447783.    	   0.4532540    
    2447784.    	   0.6079680    
    2447785.    	   0.9301400    
    2447786.    	    1.373970    
    2447787.    	    1.617840    
    2447788.    	    1.848900    
    2447789.    	    2.063970    
    2447790.    	    2.004370    
    2447791.    	    1.999200    
    2447792.    	    1.967620    
    2447793.    	    1.679360    
    2447794.    	    1.609850    
    2447795.    	    1.704020    
    2447796.    	    1.562380    
    2447797.    	    1.273070    
    2447798.    	    1.233340    
    2447799.    	    1.048400    
    2447800.    	   0.5431290    
    2447801.    	   0.2941280    
    2447802.    	   0.2425480    
    2447803.    	   0.4769940    
    2447804.    	   0.8008960    
    2447805.    	    1.076060    
    2447806.    	    1.007380    
    2447807.    	   0.9174630    
    2447808.    	   0.7985280    
    2447809.    	    1.114190    
    2447810.    	    1.405770    
    2447811.    	    1.501360    
    2447812.    	    1.724040    
    2447813.    	    1.690610    
    2447814.    	    1.904200    
    2447815.    	    1.542990    
    2447816.    	    1.074740    
    2447817.    	   0.8711190    
    2447818.    	   0.8430210    
    2447819.    	    1.094340    
    2447820.    	    1.293360    
    2447821.    	    1.265070    
    2447822.    	    1.368650    
    2447823.    	    1.544140    
    2447824.    	    1.659420    
    2447825.    	    1.738430    
    2447826.    	    1.831880    
    2447827.    	    1.867220    
    2447828.    	    1.600480    
    2447829.    	    1.392830    
    2447830.    	    1.178400    
    2447831.    	   0.9638910    
    2447832.    	   0.7750490    
    2447833.    	   0.6959420    
    2447834.    	   0.5776090    
    2447835.    	   0.6243300    
    2447836.    	   0.6412620    
    2447837.    	   0.6742760    
    2447838.    	   0.8855910    
    2447839.    	    1.007630    
    2447840.    	    1.154020    
    2447841.    	   0.8778940    
    2447842.    	   0.6851410    
    2447843.    	   0.3623810    
    2447844.    	   0.1856740    
    2447845.    	   0.3191910    
    2447846.    	   0.3197400    
    2447847.    	   0.4153160    
    2447848.    	   0.6606650    
    2447849.    	    1.043930    
    2447850.    	    1.294270    
    2447851.    	    1.304850    
    2447852.    	    1.358280    
    2447853.    	    1.584580    
    2447854.    	    1.747850    
    2447855.    	    1.644800    
    2447856.    	    1.705650    
    2447857.    	    1.949300    
    2447858.    	    2.186590    
    2447859.    	    2.256590    
    2447860.    	    2.318450    
    2447861.    	    2.239920    
    2447862.    	    2.045620    
    2447863.    	    1.974000    
    2447864.    	    1.578250    
    2447865.    	    1.404450    
    2447866.    	    1.138300    
    2447867.    	    1.052090    
    2447868.    	   0.9765870    
    2447869.    	    1.006030    
    2447870.    	    1.112200    
    2447871.    	    1.400770    
    2447872.    	    1.343750    
    2447873.    	    1.258530    
    2447874.    	    1.238170    
    2447875.    	    1.014630    
    2447876.    	    1.008460    
    2447877.    	   0.9408610    
    2447878.    	   0.7380130    
    2447879.    	   0.6759840    
    2447880.    	   0.6643880    
    2447881.    	    1.015830    
    2447882.    	    1.128300    
    2447883.    	    1.230060    
    2447884.    	    1.393690    
    2447885.    	    1.595480    
    2447886.    	    1.708050    
    2447887.    	    1.675560    
    2447888.    	    1.655190    
    2447889.    	    1.827540    
    2447890.    	    1.749580    
    2447891.    	    1.669530    
    2447892.    	    1.612410    
    2447893.    	    1.704730    
    2447894.    	    1.826780    
    2447895.    	    1.942430    
    2447896.    	    1.981970    
    2447897.    	    2.020810    
    2447898.    	    2.045710    
    2447899.    	    1.758510    
    2447900.    	    1.549280    
    2447901.    	    1.248690    
    2447902.    	    1.442350    
    2447903.    	    1.763070    
    2447904.    	    1.866450    
    2447905.    	    2.423380    
    2447906.    	    2.566300    
    2447907.    	    2.499950    
    2447908.    	    2.711610    
    2447909.    	    2.608430    
    2447910.    	    2.438300    
    2447911.    	    1.951990    
    2447912.    	    1.917340    
    2447913.    	    2.056440    
    2447914.    	    1.868470    
    2447915.    	    1.931790    
    2447916.    	    2.099120    
    2447917.    	    1.994320    
    2447918.    	    2.155860    
    2447919.    	    2.408040    
    2447920.    	    2.357870    
    2447921.    	    2.227110    
    2447922.    	    2.031570    
    2447923.    	    1.778020    
    2447924.    	    1.700930    
    2447925.    	    1.677900    
    2447926.    	    1.758070    
    2447927.    	    1.788140    
    2447928.    	    1.710500    
    2447929.    	    1.649640    
    2447930.    	    1.603890    
    2447931.    	    1.529220    
    2447932.    	    1.580130    
    2447933.    	    1.710370    
    2447934.    	    1.588240    
    2447935.    	    1.405430    
    2447936.    	    1.236260    
    2447937.    	    1.447920    
    2447938.    	    1.521030    
    2447939.    	    1.738420    
    2447940.    	    1.668660    
    2447941.    	    1.424890    
    2447942.    	    1.300710    
    2447943.    	    1.165470    
    2447944.    	    1.051630    
    2447945.    	    1.058950    
    2447946.    	    1.299700    
    2447947.    	    1.409920    
    2447948.    	    1.613660    
    2447949.    	    1.890930    
    2447950.    	    2.060780    
    2447951.    	    2.040690    
    2447952.    	    2.040930    
    2447953.    	    2.263070    
    2447954.    	    2.703380    
    2447955.    	    3.023840    
    2447956.    	    3.022490    
    2447957.    	    2.946620    
    2447958.    	    2.965430    
    2447959.    	    3.175460    
    2447960.    	    3.199130    
    2447961.    	    3.040690    
    2447962.    	    3.300250    
    2447963.    	    3.047690    
    2447964.    	    2.654190    
    2447965.    	    2.454500    
    2447966.    	    2.144250    
    2447967.    	    1.970910    
    2447968.    	    2.101690    
    2447969.    	    1.851860    
    2447970.    	    1.945090    
    2447971.    	    2.092940    
    2447972.    	    2.097860    
    2447973.    	    2.076760    
    2447974.    	    2.040110    
    2447975.    	    1.944570    
    2447976.    	    1.679640    
    2447977.    	    1.537780    
    2447978.    	    1.445300    
    2447979.    	    1.510540    
    2447980.    	    1.731800    
    2447981.    	    1.838270    
    2447982.    	    1.883930    
    2447983.    	    1.600750    
    2447984.    	    1.342160    
    2447985.    	    1.148460    
    2447986.    	    1.116580    
    2447987.    	    1.497940    
    2447988.    	    1.834480    
    2447989.    	    2.029400    
    2447990.    	    1.935230    
    2447991.    	    2.135230    
    2447992.    	    2.174910    
    2447993.    	    1.939080    
    2447994.    	    1.860990    
    2447995.    	    1.911440    
    2447996.    	    1.967580    
    2447997.    	    2.100010    
    2447998.    	    2.000140    
    2447999.    	    1.908640    
    2448000.    	    2.041360    
    2448001.    	    2.086290    
    2448002.    	    1.779930    
    2448003.    	    1.715730    
    2448004.    	    1.621060    
    2448005.    	    1.859310    
    2448006.    	    1.956350    
    2448007.    	    1.746780    
    2448008.    	    1.655210    
    2448009.    	    1.960530    
    2448010.    	    1.926150    
    2448011.    	    1.730030    
    2448012.    	    1.788560    
    2448013.    	    1.559540    
    2448014.    	    1.556230    
    2448015.    	    1.661560    
    2448016.    	    1.753370    
    2448017.    	    1.790730    
    2448018.    	    1.774330    
    2448019.    	    1.988470    
    2448020.    	    2.009630    
    2448021.    	    2.213410    
    2448022.    	    2.423260    
    2448023.    	    2.363740    
    2448024.    	    2.356600    
    2448025.    	    2.163780    
    2448026.    	    2.005960    
    2448027.    	    1.832440    
    2448028.    	    1.971270    
    2448029.    	    2.005760    
    2448030.    	    1.858340    
    2448031.    	    1.762540    
    2448032.    	    1.551730    
    2448033.    	    1.231370    
    2448034.    	   0.9730820    
    2448035.    	   0.6624590    
    2448036.    	   0.3826420    
    2448037.    	   0.1599310    
    2448038.    	   6.7006797E-02
    2448039.    	   0.1415250    
    2448040.    	   0.3330120    
    2448041.    	   0.2005870    
    2448042.    	   0.5517080    
    2448043.    	   0.7365130    
    2448044.    	   0.8560750    
    2448045.    	    1.022970    
    2448046.    	    1.094740    
    2448047.    	   0.6331630    
    2448048.    	   0.3950190    
    2448049.    	   0.2713120    
    2448050.    	   0.2459300    
    2448051.    	   0.5036040    
    2448052.    	   0.7420050    
    2448053.    	   0.6772590    
    2448054.    	   0.7158570    
    2448055.    	   0.5013370    
    2448056.    	   0.2439390    
    2448057.    	   0.3377430    
    2448058.    	   0.4704050    
    2448059.    	   0.3391190    
    2448060.    	   0.6040820    
    2448061.    	   0.7409030    
    2448062.    	   0.8452560    
    2448063.    	   0.8484360    
    2448064.    	   0.8940320    
    2448065.    	   0.6290670    
    2448066.    	   0.5178550    
    2448067.    	   0.5116360    
    2448068.    	   0.5684340    
    2448069.    	   0.6845010    
    2448070.    	   0.9445100    
    2448071.    	    1.284490    
    2448072.    	    1.422660    
    2448073.    	    1.575450    
    2448074.    	    1.496030    
    2448075.    	    1.378650    
    2448076.    	    1.312200    
    2448077.    	    1.325580    
    2448078.    	    1.187980    
    2448079.    	    1.030850    
    2448080.    	    1.124340    
    2448081.    	    1.075540    
    2448082.    	    1.182900    
    2448083.    	    1.379850    
    2448084.    	    1.065730    
    2448085.    	   0.6750040    
    2448086.    	   0.5657740    
    2448087.    	   0.6248730    
    2448088.    	   0.5715070    
    2448089.    	   0.6805400    
    2448090.    	   0.6716510    
    2448091.    	   0.8103730    
    2448092.    	   0.5718840    
    2448093.    	   0.3178630    
    2448094.    	   0.2579270    
    2448095.    	   0.3134090    
    2448096.    	   0.4420670    
    2448097.    	   0.3027130    
    2448098.    	   5.9140399E-02
    2448099.    	   0.3724550    
    2448100.    	   0.5999420    
    2448101.    	   0.5590060    
    2448102.    	   0.5083180    
    2448103.    	   0.6554570    
    2448104.    	   0.5719940    
    2448105.    	   0.4136850    
    2448106.    	   0.3351560    
    2448107.    	   0.3141960    
    2448108.    	   0.3426940    
    2448109.    	   0.2215110    
    2448110.    	   0.1664150    
    2448111.    	   0.3115300    
    2448112.    	   0.4162440    
    2448113.    	   0.4917910    
    2448114.    	   0.4900200    
    2448115.    	   0.5845010    
    2448116.    	   0.5180160    
    2448117.    	   0.7232140    
    2448118.    	    1.174180    
    2448119.    	    1.546410    
    2448120.    	    2.055640    
    2448121.    	    2.133200    
    2448122.    	    1.852450    
    2448123.    	    1.823710    
    2448124.    	    1.700560    
    2448125.    	    1.572750    
    2448126.    	    1.566330    
    2448127.    	    1.495780    
    2448128.    	    1.305610    
    2448129.    	    1.163810    
    2448130.    	   0.8009950    
    2448131.    	   0.3074420    
    2448132.    	   0.1451090    
    2448133.    	   6.3256197E-02
    2448134.    	   0.5127090    
    2448135.    	   0.7356450    
    2448136.    	   0.6654270    
    2448137.    	   0.6267430    
    2448138.    	   0.6917260    
    2448139.    	   0.5591420    
    2448140.    	   0.3235490    
    2448141.    	   0.2442610    
    2448142.    	   0.2964280    
    2448143.    	   0.3681610    
    2448144.    	   0.5654130    
    2448145.    	   0.7069170    
    2448146.    	   0.7362130    
    2448147.    	   0.7285980    
    2448148.    	   0.7167580    
    2448149.    	   0.5273590    
    2448150.    	   0.4890660    
    2448151.    	   0.4362670    
    2448152.    	   0.4353740    
    2448153.    	   0.8365390    
    2448154.    	    1.200760    
    2448155.    	    1.313630    
    2448156.    	    1.221720    
    2448157.    	    1.245300    
    2448158.    	    1.370650    
    2448159.    	    1.482250    
    2448160.    	    1.378980    
    2448161.    	    1.143270    
    2448162.    	   0.7148940    
    2448163.    	   0.6451480    
    2448164.    	   0.8487920    
    2448165.    	   0.7526320    
    2448166.    	   0.6544950    
    2448167.    	   0.7681920    
    2448168.    	   0.9761450    
    2448169.    	    1.101280    
    2448170.    	    1.122750    
    2448171.    	   0.9424040    
    2448172.    	   0.6251660    
    2448173.    	   0.6120420    
    2448174.    	    1.050300    
    2448175.    	    1.124690    
    2448176.    	    1.170090    
    2448177.    	    1.114370    
    2448178.    	    1.083260    
    2448179.    	    1.370270    
    2448180.    	    1.402320    
    2448181.    	    1.508630    
    2448182.    	    1.620610    
    2448183.    	    1.742350    
    2448184.    	    1.575570    
    2448185.    	    1.690250    
    2448186.    	    1.861300    
    2448187.    	    1.942560    
    2448188.    	    2.016750    
    2448189.    	    2.136180    
    2448190.    	    2.027350    
    2448191.    	    1.981730    
    2448192.    	    1.688030    
    2448193.    	    1.611130    
    2448194.    	    1.812010    
    2448195.    	    1.885680    
    2448196.    	    1.807970    
    2448197.    	    1.757030    
    2448198.    	    1.773310    
    2448199.    	    1.659710    
    2448200.    	    1.207440    
    2448201.    	   0.9737680    
    2448202.    	   0.8753600    
    2448203.    	   0.9011780    
    2448204.    	   0.9844660    
    2448205.    	   0.8523440    
    2448206.    	    1.078590    
    2448207.    	   0.9285440    
    2448208.    	    1.077330    
    2448209.    	    1.339880    
    2448210.    	    1.595040    
    2448211.    	    1.944210    
    2448212.    	    2.029350    
    2448213.    	    2.035520    
    2448214.    	    1.769470    
    2448215.    	    1.968280    
    2448216.    	    2.102290    
    2448217.    	    2.188440    
    2448218.    	    2.001430    
    2448219.    	    1.883810    
    2448220.    	    1.392530    
    2448221.    	    1.153040    
    2448222.    	   0.8770410    
    2448223.    	   0.8800560    
    2448224.    	    1.025720    
    2448225.    	    1.225140    
    2448226.    	    1.263220    
    2448227.    	    1.331720    
    2448228.    	    1.388570    
    2448229.    	    1.800330    
    2448230.    	    1.930180    
    2448231.    	    1.718580    
    2448232.    	    1.779240    
    2448233.    	    2.018380    
    2448234.    	    2.104530    
    2448235.    	    1.785320    
    2448236.    	    1.793150    
    2448237.    	    1.694310    
    2448238.    	    1.510110    
    2448239.    	    1.477040    
    2448240.    	    1.564100    
    2448241.    	    1.456920    
    2448242.    	    1.232190    
    2448243.    	    1.383310    
    2448244.    	    1.319280    
    2448245.    	    1.183680    
    2448246.    	    1.097800    
    2448247.    	    1.037000    
    2448248.    	   0.7142900    
    2448249.    	   0.9386270    
    2448250.    	    1.072270    
    2448251.    	    1.056480    
    2448252.    	    1.018880    
    2448253.    	   0.9104810    
    2448254.    	   0.8997550    
    2448255.    	   0.6960470    
    2448256.    	   0.7428110    
    2448257.    	   0.6393600    
    2448258.    	   0.6007150    
    2448259.    	   0.3870260    
    2448260.    	   0.2905710    
    2448261.    	   0.3819750    
    2448262.    	   0.5574570    
    2448263.    	   0.6009590    
    2448264.    	   0.7334750    
    2448265.    	   0.8747420    
    2448266.    	   0.8434740    
    2448267.    	   0.6825860    
    2448268.    	   0.5098200    
    2448269.    	   0.3976320    
    2448270.    	   9.9680901E-02
    2448271.    	   0.3883810    
    2448272.    	   0.8991650    
    2448273.    	    1.002580    
    2448274.    	    1.214630    
    2448275.    	    1.207260    
    2448276.    	    1.311790    
    2448277.    	    1.330350    
    2448278.    	    1.275310    
    2448279.    	    1.450650    
    2448280.    	    1.705640    
    2448281.    	    1.771130    
    2448282.    	    1.578410    
    2448283.    	    1.287000    
    2448284.    	    1.161670    
    2448285.    	    1.254090    
    2448286.    	    1.157530    
    2448287.    	    1.089290    
    2448288.    	   0.9003930    
    2448289.    	   0.9088240    
    2448290.    	   0.9230690    
    2448291.    	    1.060260    
    2448292.    	    1.079540    
    2448293.    	   0.9857770    
    2448294.    	   0.8527760    
    2448295.    	    1.028850    
    2448296.    	    1.033930    
    2448297.    	   0.8487990    
    2448298.    	   0.9296280    
    2448299.    	   0.8077850    
    2448300.    	   0.7794430    
    2448301.    	   0.7399470    
    2448302.    	    1.014560    
    2448303.    	    1.187040    
    2448304.    	    1.517810    
    2448305.    	    1.667520    
    2448306.    	    1.744410    
    2448307.    	    1.710020    
    2448308.    	    1.736730    
    2448309.    	    1.903590    
    2448310.    	    1.896040    
    2448311.    	    1.849480    
    2448312.    	    1.414230    
    2448313.    	    1.151420    
    2448314.    	    1.042210    
    2448315.    	    1.271400    
    2448316.    	    1.186700    
    2448317.    	    1.310950    
    2448318.    	    1.229460    
    2448319.    	    1.261810    
    2448320.    	    1.316040    
    2448321.    	    1.094830    
    2448322.    	   0.8610460    
    2448323.    	   0.7982190    
    2448324.    	   0.7893960    
    2448325.    	   0.8408790    
    2448326.    	   0.6724800    
    2448327.    	   0.3991310    
    2448328.    	   0.3978170    
    2448329.    	   0.4198520    
    2448330.    	   0.2948240    
    2448331.    	   0.4950280    
    2448332.    	   0.6153540    
    2448333.    	   0.7320020    
    2448334.    	   0.7867550    
    2448335.    	   0.3934230    
    2448336.    	   0.4977940    
    2448337.    	   0.7146230    
    2448338.    	   0.8056080    
    2448339.    	   0.8898820    
    2448340.    	    1.021510    
    2448341.    	    1.197220    
    2448342.    	    1.587630    
    2448343.    	    2.000090    
    2448344.    	    2.160900    
    2448345.    	    2.018300    
    2448346.    	    1.935100    
    2448347.    	    1.812350    
    2448348.    	    1.783870    
    2448349.    	    1.522230    
    2448350.    	    1.037990    
    2448351.    	   0.8439190    
    2448352.    	   0.8549860    
    2448353.    	   0.6833870    
    2448354.    	   0.5480920    
    2448355.    	   0.5321850    
    2448356.    	   0.3845750    
    2448357.    	   0.5550030    
    2448358.    	   0.5894970    
    2448359.    	   0.6789790    
    2448360.    	   0.6974560    
    2448361.    	   0.9967280    
    2448362.    	    1.215550    
    2448363.    	    1.312120    
    2448364.    	    1.388130    
    2448365.    	    1.439880    
    2448366.    	    1.481300    
    2448367.    	    1.514400    
    2448368.    	    1.336030    
    2448369.    	    1.241440    
    2448370.    	    1.119370    
    2448371.    	    1.094230    
    2448372.    	    1.208620    
    2448373.    	    1.184080    
    2448374.    	    1.318750    
    2448375.    	    1.310400    
    2448376.    	    1.135120    
    2448377.    	    1.211230    
    2448378.    	    1.428910    
    2448379.    	    1.388490    
    2448380.    	   0.8789700    
    2448381.    	   0.7651050    
    2448382.    	   0.6280420    
    2448383.    	   0.8588840    
    2448384.    	    1.004450    
    2448385.    	    1.380940    
    2448386.    	    1.599050    
    2448387.    	    1.604850    
    2448388.    	    1.841190    
    2448389.    	    1.818440    
    2448390.    	    1.781890    
    2448391.    	    1.923180    
    2448392.    	    2.225740    
    2448393.    	    2.561360    
    2448394.    	    2.736890    
    2448395.    	    2.821550    
    2448396.    	    2.810460    
    2448397.    	    2.546050    
    2448398.    	    2.371600    
    2448399.    	    1.961310    
    2448400.    	    2.097280    
    2448401.    	    2.036080    
    2448402.    	    1.845280    
    2448403.    	    1.551490    
    2448404.    	    1.519220    
    2448405.    	    1.593760    
    2448406.    	    1.823990    
    2448407.    	    1.745740    
    2448408.    	    1.698430    
    2448409.    	    1.687180    
    2448410.    	    1.337360    
    2448411.    	    1.133360    
    2448412.    	   0.9009800    
    2448413.    	    1.057780    
    2448414.    	    1.064970    
    2448415.    	    1.270210    
    2448416.    	    1.361510    
    2448417.    	    1.388960    
    2448418.    	    1.239250    
    2448419.    	    1.109180    
    2448420.    	    1.168890    
    2448421.    	    1.207940    
    2448422.    	    1.331950    
    2448423.    	    1.464360    
    2448424.    	    1.331080    
    2448425.    	    1.455320    
    2448426.    	    1.643440    
    2448427.    	    1.650980    
    2448428.    	    1.646620    
    2448429.    	    1.783030    
    2448430.    	    1.991820    
    2448431.    	    1.855380    
    2448432.    	    1.804310    
    2448433.    	    1.901260    
    2448434.    	    1.843870    
    2448435.    	    1.633140    
    2448436.    	    1.411270    
    2448437.    	    1.239930    
    2448438.    	    1.087530    
    2448439.    	   0.7965320    
    2448440.    	   0.7335250    
    2448441.    	   0.5131230    
    2448442.    	   0.4151570    
    2448443.    	   0.4357190    
    2448444.    	   0.2471230    
    2448445.    	   5.0665099E-02
    2448446.    	   2.7215701E-02
    2448447.    	   0.2615980    
    2448448.    	   0.4747900    
    2448449.    	   0.4607730    
    2448450.    	   0.5894820    
    2448451.    	   0.4895270    
    2448452.    	   0.3537180    
    2448453.    	   0.2254430    
    2448454.    	   0.2371030    
    2448455.    	   0.5892480    
    2448456.    	   0.8912470    
    2448457.    	    1.096850    
    2448458.    	    1.124730    
    2448459.    	    1.074490    
    2448460.    	    1.123530    
    2448461.    	   0.9474630    
    2448462.    	   0.8178250    
    2448463.    	   0.8393890    
    2448464.    	   0.8917980    
    2448465.    	   0.7655870    
    2448466.    	   0.9803160    
    2448467.    	   0.9944610    
    2448468.    	   0.7905640    
    2448469.    	   0.8714660    
    2448470.    	   0.8955760    
    2448471.    	   0.7906460    
    2448472.    	   0.7317020    
    2448473.    	   0.7411630    
    2448474.    	   0.5932420    
    2448475.    	   0.6562650    
    2448476.    	   0.5362730    
    2448477.    	   0.7178260    
    2448478.    	   0.4194810    
    2448479.    	   0.3446830    
    2448480.    	   0.5593410    
    2448481.    	   0.8107020    
    2448482.    	    1.044050    
    2448483.    	    1.353110    
    2448484.    	    1.665350    
    2448485.    	    1.700780    
    2448486.    	    1.793360    
    2448487.    	    1.589830    
    2448488.    	    1.512580    
    2448489.    	    1.552470    
    2448490.    	    1.698770    
    2448491.    	    2.080380    
    2448492.    	    2.343630    
    2448493.    	    2.588240    
    2448494.    	    2.371640    
    2448495.    	    1.821870    
    2448496.    	    1.577060    
    2448497.    	    1.626990    
    2448498.    	    1.683180    
    2448499.    	    1.368450    
    2448500.    	   0.9856650    
    2448501.    	    1.051660    
    2448502.    	    1.325080    
    2448503.    	    1.425270    
    2448504.    	    1.543430    
    2448505.    	    1.745560    
    2448506.    	    2.098790    
    2448507.    	    2.173260    
    2448508.    	    1.726980    
    2448509.    	    1.695360    
    2448510.    	    1.990960    
    2448511.    	    2.132150    
    2448512.    	    2.155660    
    2448513.    	    2.195660    
    2448514.    	    2.308700    
    2448515.    	    2.308690    
    2448516.    	    2.058360    
    2448517.    	    1.796420    
    2448518.    	    1.537840    
    2448519.    	    1.376740    
    2448520.    	    1.106400    
    2448521.    	    1.016010    
    2448522.    	   0.9761460    
    2448523.    	   0.6136450    
    2448524.    	   0.2771480    
    2448525.    	   0.2954930    
    2448526.    	   0.2850520    
    2448527.    	   0.1854760    
    2448528.    	   0.3699840    
    2448529.    	   0.5653430    
    2448530.    	   0.8496060    
    2448531.    	    1.087970    
    2448532.    	    1.277620    
    2448533.    	    1.190250    
    2448534.    	    1.296340    
    2448535.    	    1.511630    
    2448536.    	    1.356820    
    2448537.    	    1.365710    
    2448538.    	    1.326050    
    2448539.    	    1.511420    
    2448540.    	    1.780600    
    2448541.    	    1.904020    
    2448542.    	    1.753940    
    2448543.    	    1.731400    
    2448544.    	    1.501040    
    2448545.    	    1.327800    
    2448546.    	    1.277590    
    2448547.    	    1.102260    
    2448548.    	    1.147710    
    2448549.    	    1.248810    
    2448550.    	    1.244670    
    2448551.    	    1.106800    
    2448552.    	   0.9344630    
    2448553.    	   0.9322220    
    2448554.    	   0.8219380    
    2448555.    	   0.8598180    
    2448556.    	   0.8378640    
    2448557.    	   0.7621280    
    2448558.    	   0.8720430    
    2448559.    	   0.5519280    
    2448560.    	   0.4155990    
    2448561.    	   0.4911570    
    2448562.    	   0.6438160    
    2448563.    	   0.7224610    
    2448564.    	   0.8264260    
    2448565.    	   0.4951620    
    2448566.    	   0.4168300    
    2448567.    	   0.5818340    
    2448568.    	   0.8730880    
    2448569.    	    1.058390    
    2448570.    	    1.127310    
    2448571.    	    1.229900    
    2448572.    	    1.336560    
    2448573.    	    1.499620    
    2448574.    	    1.439210    
    2448575.    	    1.605470    
    2448576.    	    1.478440    
    2448577.    	    1.375000    
    2448578.    	    1.330170    
    2448579.    	    1.222350    
    2448580.    	   0.9241050    
    2448581.    	   0.7366320    
    2448582.    	   0.5596860    
    2448583.    	   0.3055060    
    2448584.    	   0.1953100    
    2448585.    	   0.3316130    
    2448586.    	   0.2769220    
    2448587.    	   0.7823620    
    2448588.    	    1.017150    
    2448589.    	   0.9175400    
    2448590.    	    1.090970    
    2448591.    	    1.305320    
    2448592.    	    1.613630    
    2448593.    	    1.576130    
    2448594.    	    1.388170    
    2448595.    	    1.320910    
    2448596.    	    1.234910    
    2448597.    	    1.234280    
    2448598.    	    1.490070    
    2448599.    	    1.589100    
    2448600.    	    1.868000    
    2448601.    	    2.042040    
    2448602.    	    2.110710    
    2448603.    	    2.260490    
    2448604.    	    2.300540    
    2448605.    	    2.190500    
    2448606.    	    1.884790    
    2448607.    	    1.799140    
    2448608.    	    1.815940    
    2448609.    	    1.979220    
    2448610.    	    1.999490    
    2448611.    	    2.134180    
    2448612.    	    2.287320    
    2448613.    	    2.215430    
    2448614.    	    2.155180    
    2448615.    	    1.934480    
    2448616.    	    1.756890    
    2448617.    	    1.787980    
    2448618.    	    1.404920    
    2448619.    	    1.032510    
    2448620.    	   0.9135540    
    2448621.    	   0.5408980    
    2448622.    	   0.4716830    
    2448623.    	   0.4594280    
    2448624.    	   0.4222910    
    2448625.    	   0.4029920    
    2448626.    	   0.6173320    
    2448627.    	   0.8204090    
    2448628.    	    1.013530    
    2448629.    	    1.021800    
    2448630.    	    1.317260    
    2448631.    	    1.694380    
    2448632.    	    2.077580    
    2448633.    	    2.115460    
    2448634.    	    2.242540    
    2448635.    	    2.486680    
    2448636.    	    2.361680    
    2448637.    	    2.282020    
    2448638.    	    2.257550    
    2448639.    	    1.984800    
    2448640.    	    1.739430    
    2448641.    	    1.875910    
    2448642.    	    1.844300    
    2448643.    	    1.705780    
    2448644.    	    1.801890    
    2448645.    	    1.973810    
    2448646.    	    2.115470    
    2448647.    	    2.285040    
    2448648.    	    2.497480    
    2448649.    	    2.334150    
    2448650.    	    2.175490    
    2448651.    	    1.985100    
    2448652.    	    1.639740    
    2448653.    	    1.570120    
    2448654.    	    1.317870    
    2448655.    	    1.181330    
    2448656.    	    1.140800    
    2448657.    	   0.9751460    
    2448658.    	   0.9907810    
    2448659.    	   0.6882380    
    2448660.    	   0.4771350    
    2448661.    	   0.6739080    
    2448662.    	   0.8978000    
    2448663.    	   0.8970240    
    2448664.    	   0.3574250    
    2448665.    	   0.7895440    
    2448666.    	    1.101450    
    2448667.    	   0.9485260    
    2448668.    	    1.004680    
    2448669.    	    1.259230    
    2448670.    	    1.591810    
    2448671.    	    1.683150    
    2448672.    	    1.659770    
    2448673.    	    1.712410    
    2448674.    	    1.535590    
    2448675.    	    1.235250    
    2448676.    	    1.117610    
    2448677.    	   0.7994960    
    2448678.    	   0.8983600    
    2448679.    	   0.8815640    
    2448680.    	    1.067640    
    2448681.    	    1.357080    
    2448682.    	    1.371470    
    2448683.    	    1.574120    
    2448684.    	    1.834160    
    2448685.    	    1.978780    
    2448686.    	    1.897920    
    2448687.    	    1.882170    
    2448688.    	    1.577720    
    2448689.    	    1.423950    
    2448690.    	    1.448520    
    2448691.    	    1.384810    
    2448692.    	    1.247370    
    2448693.    	    1.286170    
    2448694.    	    1.315410    
    2448695.    	    1.315650    
    2448696.    	    1.145960    
    2448697.    	    1.041130    
    2448698.    	   0.8898820    
    2448699.    	    1.002200    
    2448700.    	    1.255620    
    2448701.    	    1.612720    
    2448702.    	    1.721080    
    2448703.    	    1.667220    
    2448704.    	    1.312930    
    2448705.    	    1.016660    
    2448706.    	    1.163880    
    2448707.    	    1.397330    
    2448708.    	    1.408700    
    2448709.    	    1.472760    
    2448710.    	    1.700050    
    2448711.    	    1.990950    
    2448712.    	    2.404040    
    2448713.    	    2.475170    
    2448714.    	    2.575570    
    2448715.    	    2.321760    
    2448716.    	    2.103950    
    2448717.    	    2.016900    
    2448718.    	    1.897140    
    2448719.    	    1.709590    
    2448720.    	    1.537050    
    2448721.    	    1.586850    
    2448722.    	    1.635710    
    2448723.    	    1.374190    
    2448724.    	    1.426770    
    2448725.    	    1.483610    
    2448726.    	    1.649960    
    2448727.    	    1.699710    
    2448728.    	    1.502840    
    2448729.    	    1.138610    
    2448730.    	   0.8112590    
    2448731.    	   0.7925220    
    2448732.    	   0.6851600    
    2448733.    	   0.9156840    
    2448734.    	    1.161460    
    2448735.    	   0.9521100    
    2448736.    	   0.6895440    
    2448737.    	   0.6533790    
    2448738.    	   0.9606190    
    2448739.    	   0.9240370    
    2448740.    	   0.7057430    
    2448741.    	   0.6603270    
    2448742.    	   0.7816620    
    2448743.    	   0.8397150    
    2448744.    	    1.202680    
    2448745.    	    1.440340    
    2448746.    	    1.576440    
    2448747.    	    1.838850    
    2448748.    	    1.724360    
    2448749.    	    1.643280    
    2448750.    	    1.903890    
    2448751.    	    1.882160    
    2448752.    	    1.785800    
    2448753.    	    1.557410    
    2448754.    	    1.308750    
    2448755.    	   0.9989160    
    2448756.    	   0.7629670    
    2448757.    	   0.8101430    
    2448758.    	   0.9183700    
    2448759.    	   0.9237970    
    2448760.    	    1.017480    
    2448761.    	   0.9666900    
    2448762.    	    1.000980    
    2448763.    	    1.027580    
    2448764.    	   0.7818340    
    2448765.    	   0.5983440    
    2448766.    	   0.2936900    
    2448767.    	   0.2841300    
    2448768.    	   0.1648330    
    2448769.    	   0.1555880    
    2448770.    	   0.1524580    
    2448771.    	   7.0103303E-02
    2448772.    	   0.1859570    
    2448773.    	   0.2143960    
    2448774.    	   0.4785660    
    2448775.    	   0.6720520    
    2448776.    	   0.7853150    
    2448777.    	    1.019940    
    2448778.    	    1.277140    
    2448779.    	    1.466850    
    2448780.    	    1.487510    
    2448781.    	    1.444060    
    2448782.    	    1.480500    
    2448783.    	    1.512740    
    2448784.    	    1.276140    
    2448785.    	    1.199150    
    2448786.    	    1.282220    
    2448787.    	    1.319830    
    2448788.    	    1.331840    
    2448789.    	    1.215030    
    2448790.    	    1.293410    
    2448791.    	    1.409710    
    2448792.    	    1.437740    
    2448793.    	    1.234170    
    2448794.    	    1.047400    
    2448795.    	    1.088330    
    2448796.    	    1.037030    
    2448797.    	   0.9491850    
    2448798.    	   0.7431280    
    2448799.    	   0.5236430    
    2448800.    	   0.1273210    
    2448801.    	   0.1702080    
    2448802.    	   0.2517650    
    2448803.    	   0.3598820    
    2448804.    	   0.4855890    
    2448805.    	   0.8946950    
    2448806.    	    1.194000    
    2448807.    	    1.189790    
    2448808.    	    1.335130    
    2448809.    	    1.435050    
    2448810.    	    1.258050    
    2448811.    	    1.190540    
    2448812.    	    1.361670    
    2448813.    	    1.445470    
    2448814.    	    1.564400    
    2448815.    	    1.646130    
    2448816.    	    1.421200    
    2448817.    	    1.259440    
    2448818.    	    1.555310    
    2448819.    	    1.613030    
    2448820.    	    1.239820    
    2448821.    	   0.8118780    
    2448822.    	   0.4786620    
    2448823.    	   0.3938440    
    2448824.    	   0.2942850    
    2448825.    	   0.4562590    
    2448826.    	   0.6518110    
    2448827.    	   0.7212790    
    2448828.    	   0.7698760    
    2448829.    	   0.9685680    
    2448830.    	   0.7731990    
    2448831.    	   0.6780900    
    2448832.    	   0.7825730    
    2448833.    	   0.8597220    
    2448834.    	   0.8936740    
    2448835.    	   0.8558750    
    2448836.    	   0.7663840    
    2448837.    	   0.7248280    
    2448838.    	   0.4732380    
    2448839.    	   0.1661580    
    2448840.    	   0.3586270    
    2448841.    	   0.7747350    
    2448842.    	   0.9633270    
    2448843.    	   0.8444150    
    2448844.    	   0.6951640    
    2448845.    	   0.6449290    
    2448846.    	   0.6203730    
    2448847.    	   0.5281000    
    2448848.    	   0.3871180    
    2448849.    	   0.4221160    
    2448850.    	   0.5451300    
    2448851.    	   0.9104740    
    2448852.    	    1.159950    
    2448853.    	    1.078900    
    2448854.    	    1.040700    
    2448855.    	   0.9906350    
    2448856.    	   0.7380340    
    2448857.    	   0.4978110    
    2448858.    	   0.5054310    
    2448859.    	   0.5750150    
    2448860.    	   0.7239130    
    2448861.    	   0.8297930    
    2448862.    	   0.8105700    
    2448863.    	    1.152990    
    2448864.    	    1.439830    
    2448865.    	    1.652140    
    2448866.    	    1.562450    
    2448867.    	    1.150830    
    2448868.    	    1.047710    
    2448869.    	    1.200500    
    2448870.    	    1.228900    
    2448871.    	   0.9372630    
    2448872.    	   0.7014120    
    2448873.    	   0.8284230    
    2448874.    	   0.9385110    
    2448875.    	    1.175340    
    2448876.    	    1.355440    
    2448877.    	    1.277840    
    2448878.    	    1.223980    
    2448879.    	    1.141700    
    2448880.    	    1.386130    
    2448881.    	    1.683700    
    2448882.    	    1.761030    
    2448883.    	    1.713080    
    2448884.    	    1.519960    
    2448885.    	    1.361020    
    2448886.    	   0.9931990    
    2448887.    	   0.9364360    
    2448888.    	    1.020230    
    2448889.    	    1.121060    
    2448890.    	   0.9690430    
    2448891.    	    1.151700    
    2448892.    	    1.260080    
    2448893.    	   0.8844810    
    2448894.    	   0.6351220    
    2448895.    	   0.6226870    
    2448896.    	   0.6047250    
    2448897.    	   0.7509870    
    2448898.    	   0.8448890    
    2448899.    	   0.8095240    
    2448900.    	   0.8980750    
    2448901.    	    1.047880    
    2448902.    	   0.9047290    
    2448903.    	   0.9209790    
    2448904.    	    1.045710    
    2448905.    	    1.251010    
    2448906.    	    1.457000    
    2448907.    	    1.514450    
    2448908.    	    1.571290    
    2448909.    	    1.517920    
    2448910.    	    1.473370    
    2448911.    	    1.416350    
    2448912.    	    1.436050    
    2448913.    	    1.473250    
    2448914.    	    1.275820    
    2448915.    	    1.277430    
    2448916.    	    1.462890    
    2448917.    	    1.503510    
    2448918.    	    1.536850    
    2448919.    	    1.448210    
    2448920.    	    1.459630    
    2448921.    	    1.510200    
    2448922.    	    1.279350    
    2448923.    	    1.177810    
    2448924.    	   0.9570700    
    2448925.    	    1.145680    
    2448926.    	    1.140180    
    2448927.    	   0.9368660    
    2448928.    	    1.004920    
    2448929.    	    1.115540    
    2448930.    	    1.042540    
    2448931.    	    1.126100    
    2448932.    	    1.100650    
    2448933.    	    1.290440    
    2448934.    	    1.163350    
    2448935.    	    1.312260    
    2448936.    	    1.695040    
    2448937.    	    1.800080    
    2448938.    	    1.558440    
    2448939.    	    1.388380    
    2448940.    	    1.363840    
    2448941.    	    1.119780    
    2448942.    	   0.9532830    
    2448943.    	    1.009630    
    2448944.    	   0.5200120    
    2448945.    	   0.1012490    
    2448946.    	   0.5571540    
    2448947.    	   0.7606090    
    2448948.    	   0.7520090    
    2448949.    	   0.8606300    
    2448950.    	   0.9920330    
    2448951.    	    1.156250    
    2448952.    	   0.9247840    
    2448953.    	   0.8895430    
    2448954.    	    1.291190    
    2448955.    	    1.817880    
    2448956.    	    2.034430    
    2448957.    	    1.898700    
    2448958.    	    1.722380    
    2448959.    	    1.498850    
    2448960.    	    1.242380    
    2448961.    	    1.034260    
    2448962.    	   0.8222310    
    2448963.    	   0.4120240    
    2448964.    	   2.8553899E-02
    2448965.    	   0.2383530    
    2448966.    	   0.4317010    
    2448967.    	   0.6349090    
    2448968.    	   0.6412030    
    2448969.    	   0.7243040    
    2448970.    	   0.7014790    
    2448971.    	   0.4756530    
    2448972.    	   0.4019010    
    2448973.    	   0.4549350    
    2448974.    	   0.3472750    
    2448975.    	   0.4335400    
    2448976.    	   0.6815720    
    2448977.    	   0.5210830    
    2448978.    	   0.3691630    
    2448979.    	   0.6819950    
    2448980.    	   0.7342710    
    2448981.    	   0.5583410    
    2448982.    	   0.5414110    
    2448983.    	   0.5630220    
    2448984.    	   0.8301870    
    2448985.    	   0.9980420    
    2448986.    	    1.084890    
    2448987.    	    1.487430    
    2448988.    	    2.093940    
    2448989.    	    2.361410    
    2448990.    	    2.454270    
    2448991.    	    2.576970    
    2448992.    	    2.700120    
    2448993.    	    2.881070    
    2448994.    	    2.960840    
    2448995.    	    2.630890    
    2448996.    	    2.430150    
    2448997.    	    2.190860    
    2448998.    	    2.228090    
    2448999.    	    2.389380    
    2449000.    	    2.928350    
    2449001.    	    3.182420    
    2449002.    	    3.216700    
    2449003.    	    3.205430    
    2449004.    	    2.998410    
    2449005.    	    2.952220    
    2449006.    	    2.962970    
    2449007.    	    2.931320    
    2449008.    	    3.002330    
    2449009.    	    2.816310    
    2449010.    	    2.398110    
    2449011.    	    2.123390    
    2449012.    	    1.850800    
    2449013.    	    1.690610    
    2449014.    	    1.949850    
    2449015.    	    2.133870    
    2449016.    	    2.142730    
    2449017.    	    2.229070    
    2449018.    	    2.154270    
    2449019.    	    2.239780    
    2449020.    	    2.364470    
    2449021.    	    2.245960    
    2449022.    	    2.201520    
    2449023.    	    2.309380    
    2449024.    	    2.407910    
    2449025.    	    2.443500    
    2449026.    	    2.279110    
    2449027.    	    1.959350    
    2449028.    	    1.697910    
    2449029.    	    1.422470    
    2449030.    	    1.035190    
    2449031.    	   0.6785750    
    2449032.    	   0.5671830    
    2449033.    	   0.6735690    
    2449034.    	   0.4237410    
    2449035.    	   0.3281950    
    2449036.    	   0.1365630    
    2449037.    	   0.1159040    
    2449038.    	   0.6090120    
    2449039.    	    1.015380    
    2449040.    	    1.085780    
    2449041.    	    1.140710    
    2449042.    	    1.023860    
    2449043.    	   0.9915910    
    2449044.    	   0.8499800    
    2449045.    	   0.8758360    
    2449046.    	   0.9019810    
    2449047.    	   0.8342400    
    2449048.    	   0.8238720    
    2449049.    	    1.068500    
    2449050.    	   0.9277950    
    2449051.    	    1.090820    
    2449052.    	    1.413150    
    2449053.    	    1.422200    
    2449054.    	    1.657900    
    2449055.    	    2.026690    
    2449056.    	    2.212080    
    2449057.    	    2.093370    
    2449058.    	    1.981390    
    2449059.    	    1.880440    
    2449060.    	    1.754460    
    2449061.    	    1.368870    
    2449062.    	    1.014220    
    2449063.    	    1.186830    
    2449064.    	    1.268170    
    2449065.    	   0.9753400    
    2449066.    	   0.8052360    
    2449067.    	   0.3730750    
    2449068.    	   0.1198200    
    2449069.    	   0.6003190    
    2449070.    	   0.6153890    
    2449071.    	   0.6541100    
    2449072.    	   0.7843160    
    2449073.    	   0.6132080    
    2449074.    	   0.9661990    
    2449075.    	    1.159550    
    2449076.    	    1.162030    
    2449077.    	   0.9260630    
    2449078.    	   0.8683880    
    2449079.    	   0.9699800    
    2449080.    	    1.147650    
    2449081.    	    1.174970    
    2449082.    	   0.9310350    
    2449083.    	   0.8772910    
    2449084.    	   0.9142440    
    2449085.    	    1.066040    
    2449086.    	   0.8248580    
    2449087.    	   0.5487240    
    2449088.    	   0.8419930    
    2449089.    	   0.9041730    
    2449090.    	   0.8178550    
    2449091.    	   0.8265490    
    2449092.    	    1.054810    
    2449093.    	    1.179830    
    2449094.    	    1.111150    
    2449095.    	   0.9759440    
    2449096.    	   0.7975120    
    2449097.    	   0.6214400    
    2449098.    	   0.4543240    
    2449099.    	   0.3669320    
    2449100.    	   0.2082240    
    2449101.    	   0.3102940    
    2449102.    	   0.2586650    
    2449103.    	   0.4317770    
    2449104.    	   0.5046610    
    2449105.    	   0.5411250    
    2449106.    	   0.6254230    
    2449107.    	   0.8338750    
    2449108.    	   0.6843710    
    2449109.    	   0.5972790    
    2449110.    	   0.5471560    
    2449111.    	   0.5839560    
    2449112.    	   0.6109730    
    2449113.    	   0.4640210    
    2449114.    	   0.5079620    
    2449115.    	   0.6672750    
    2449116.    	   0.5647210    
    2449117.    	   0.4300940    
    2449118.    	   0.3215300    
    2449119.    	   0.5055670    
    2449120.    	   0.5901650    
    2449121.    	   0.8371100    
    2449122.    	   0.8188600    
    2449123.    	   0.9056860    
    2449124.    	    1.028800    
    2449125.    	   0.9610370    
    2449126.    	   0.7322270    
    2449127.    	   0.7412550    
    2449128.    	   0.6066510    
    2449129.    	   0.8148360    
    2449130.    	   0.7596220    
    2449131.    	   0.9222600    
    2449132.    	    1.139160    
    2449133.    	    1.510580    
    2449134.    	    1.922090    
    2449135.    	    1.904260    
    2449136.    	    1.867680    
    2449137.    	    1.944960    
    2449138.    	    2.075090    
    2449139.    	    2.062840    
    2449140.    	    1.895760    
    2449141.    	    1.753830    
    2449142.    	    1.628920    
    2449143.    	    1.298240    
    2449144.    	    1.173880    
    2449145.    	    1.157280    
    2449146.    	    1.006130    
    2449147.    	    1.021930    
    2449148.    	    1.254280    
    2449149.    	    1.495210    
    2449150.    	    1.628680    
    2449151.    	    1.438760    
    2449152.    	    1.388260    
    2449153.    	    1.355640    
    2449154.    	    1.347940    
    2449155.    	    1.299320    
    2449156.    	    1.515770    
    2449157.    	    1.611530    
    2449158.    	    1.663860    
    2449159.    	    1.640840    
    2449160.    	    1.831290    
    2449161.    	    1.974650    
    2449162.    	    1.857900    
    2449163.    	    1.587920    
    2449164.    	    1.297340    
    2449165.    	    1.467650    
    2449166.    	    1.569940    
    2449167.    	    1.823430    
    2449168.    	    1.860390    
    2449169.    	    1.540900    
    2449170.    	    1.557210    
    2449171.    	    1.366020    
    2449172.    	    1.048080    
    2449173.    	   0.6959700    
    2449174.    	   0.4953970    
    2449175.    	   0.2983670    
    2449176.    	   0.3713050    
    2449177.    	   0.1680790    
    2449178.    	   0.2216510    
    2449179.    	   0.3938470    
    2449180.    	   0.4415220    
    2449181.    	   0.3788740    
    2449182.    	   0.3323300    
    2449183.    	   0.4784290    
    2449184.    	   0.8433070    
    2449185.    	    1.195540    
    2449186.    	   0.9068680    
    2449187.    	   0.6324170    
    2449188.    	   0.4608780    
    2449189.    	   0.7389000    
    2449190.    	   0.8125250    
    2449191.    	   0.8277420    
    2449192.    	    1.045620    
    2449193.    	    1.200850    
    2449194.    	    1.044510    
    2449195.    	    1.128730    
    2449196.    	    1.291210    
    2449197.    	    1.471540    
    2449198.    	    1.443920    
    2449199.    	    1.592490    
    2449200.    	    1.477940    
    2449201.    	    1.567050    
    2449202.    	    1.656930    
    2449203.    	    1.795290    
    2449204.    	    1.844030    
    2449205.    	    1.656690    
    2449206.    	    1.649080    
    2449207.    	    1.419830    
    2449208.    	    1.347040    
    2449209.    	    1.197760    
    2449210.    	    1.030080    
    2449211.    	    1.018160    
    2449212.    	    1.008840    
    2449213.    	   0.8630150    
    2449214.    	   0.6748930    
    2449215.    	   0.8096850    
    2449216.    	   0.8946570    
    2449217.    	   0.9216810    
    2449218.    	   0.8809160    
    2449219.    	   0.9385670    
    2449220.    	    1.024540    
    2449221.    	   0.9372960    
    2449222.    	   0.7843560    
    2449223.    	   0.6998980    
    2449224.    	   0.6200120    
    2449225.    	   0.3789250    
    2449226.    	   0.2214640    
    2449227.    	   0.1111320    
    2449228.    	   4.4928499E-02
    2449229.    	   0.1955390    
    2449230.    	   0.3742920    
    2449231.    	   0.3757840    
    2449232.    	   0.4505840    
    2449233.    	   0.5742020    
    2449234.    	   0.7363860    
    2449235.    	   0.7626670    
    2449236.    	   0.6540960    
    2449237.    	   0.5182100    
    2449238.    	   0.6251580    
    2449239.    	   0.6847270    
    2449240.    	   0.7159860    
    2449241.    	   0.8623910    
    2449242.    	   0.6578740    
    2449243.    	   0.6227260    
    2449244.    	   0.5211200    
    2449245.    	   0.1586010    
    2449246.    	   0.1610700    
    2449247.    	   0.2341100    
    2449248.    	   0.1543480    
    2449249.    	   0.1819480    
    2449250.    	   0.2851210    
    2449251.    	   0.4331240    
    2449252.    	   0.3731170    
    2449253.    	   0.3042420    
    2449254.    	   0.2900590    
    2449255.    	   0.2665980    
    2449256.    	   0.4117850    
    2449257.    	   0.2518540    
    2449258.    	   0.4125110    
    2449259.    	   0.5673900    
    2449260.    	   0.4849650    
    2449261.    	   0.5845490    
    2449262.    	   0.7288900    
    2449263.    	   0.7852850    
    2449264.    	   0.7385620    
    2449265.    	   0.9017250    
    2449266.    	   0.8529510    
    2449267.    	   0.7708790    
    2449268.    	   0.7522400    
    2449269.    	   0.4502030    
    2449270.    	   0.6907730    
    2449271.    	   0.6871360    
    2449272.    	   0.4295360    
    2449273.    	   0.3292280    
    2449274.    	   0.2740550    
    2449275.    	   0.1017690    
    2449276.    	   0.1014220    
    2449277.    	   0.1660410    
    2449278.    	   0.4127130    
    2449279.    	   0.6589150    
    2449280.    	   0.7850990    
    2449281.    	   0.9521500    
    2449282.    	    1.144830    
    2449283.    	    1.071810    
    2449284.    	    1.135180    
    2449285.    	    1.556640    
    2449286.    	    1.865600    
    2449287.    	    2.273010    
    2449288.    	    2.299760    
    2449289.    	    2.258950    
    2449290.    	    2.326250    
    2449291.    	    2.377570    
    2449292.    	    2.335700    
    2449293.    	    2.184740    
    2449294.    	    2.314210    
    2449295.    	    2.353510    
    2449296.    	    2.199140    
    2449297.    	    2.114510    
    2449298.    	    2.108620    
    2449299.    	    2.092930    
    2449300.    	    1.856150    
    2449301.    	    1.527240    
    2449302.    	    1.439750    
    2449303.    	    1.602990    
    2449304.    	    1.411170    
    2449305.    	    1.030260    
    2449306.    	   0.5289860    
    2449307.    	   0.2114050    
    2449308.    	   0.3128460    
    2449309.    	   0.3243970    
    2449310.    	   0.4207350    
    2449311.    	   0.3853950    
    2449312.    	   0.5774380    
    2449313.    	   0.7037370    
    2449314.    	   0.8599710    
    2449315.    	   0.9578660    
    2449316.    	    1.002150    
    2449317.    	    1.029230    
    2449318.    	    1.153980    
    2449319.    	    1.562980    
    2449320.    	    1.885460    
    2449321.    	    2.111150    
    2449322.    	    2.174890    
    2449323.    	    1.923580    
    2449324.    	    1.730880    
    2449325.    	    1.917720    
    2449326.    	    1.888470    
    2449327.    	    1.817380    
    2449328.    	    1.965140    
    2449329.    	    2.112590    
    2449330.    	    1.932780    
    2449331.    	    1.753340    
    2449332.    	    1.265580    
    2449333.    	    1.021110    
    2449334.    	    1.015820    
    2449335.    	   0.6283870    
    2449336.    	   0.5815870    
    2449337.    	   0.7249520    
    2449338.    	   0.5239850    
    2449339.    	   0.5216660    
    2449340.    	   0.8031670    
    2449341.    	    1.019000    
    2449342.    	    1.072970    
    2449343.    	   0.7644780    
    2449344.    	   0.5759800    
    2449345.    	   0.6415840    
    2449346.    	   0.6802620    
    2449347.    	   0.6542920    
    2449348.    	   0.8340380    
    2449349.    	    1.033700    
    2449350.    	    1.124700    
    2449351.    	    1.264540    
    2449352.    	    1.196880    
    2449353.    	   0.9490960    
    2449354.    	   0.8040770    
    2449355.    	   0.5295520    
    2449356.    	   0.3393770    
    2449357.    	   0.4856000    
    2449358.    	   0.5368330    
    2449359.    	   0.4823310    
    2449360.    	   0.7584350    
    2449361.    	   0.6550940    
    2449362.    	   0.3501800    
    2449363.    	   0.3594020    
    2449364.    	   0.1332170    
    2449365.    	   0.1974460    
    2449366.    	   0.5152590    
    2449367.    	   0.7412300    
    2449368.    	   0.5160830    
    2449369.    	   0.6948830    
    2449370.    	   0.9172820    
    2449371.    	   0.8209870    
    2449372.    	   0.9067850    
    2449373.    	    1.102340    
    2449374.    	    1.146810    
    2449375.    	    1.249310    
    2449376.    	    1.392700    
    2449377.    	    1.303320    
    2449378.    	    1.285140    
    2449379.    	    1.107390    
    2449380.    	   0.6861560    
    2449381.    	   0.4385680    
    2449382.    	   0.3880820    
    2449383.    	   0.6792840    
    2449384.    	   0.9285160    
    2449385.    	    1.248400    
    2449386.    	    1.462410    
    2449387.    	    1.726740    
    2449388.    	    1.715010    
    2449389.    	    1.670170    
    2449390.    	    1.667090    
    2449391.    	    1.705070    
    2449392.    	    1.806260    
    2449393.    	    1.918830    
    2449394.    	    2.018950    
    2449395.    	    2.019580    
    2449396.    	    2.249400    
    2449397.    	    2.403930    
    2449398.    	    2.575080    
    2449399.    	    2.585250    
    2449400.    	    2.728270    
    2449401.    	    2.892710    
    2449402.    	    2.903620    
    2449403.    	    2.631290    
    2449404.    	    2.659840    
    2449405.    	    2.889340    
    2449406.    	    2.817890    
    2449407.    	    2.254480    
    2449408.    	    2.120080    
    2449409.    	    2.055160    
    2449410.    	    1.911090    
    2449411.    	    1.725850    
    2449412.    	    1.517360    
    2449413.    	    1.281410    
    2449414.    	    1.072640    
    2449415.    	    1.197460    
    2449416.    	    1.108110    
    2449417.    	   0.6641060    
    2449418.    	   0.6319750    
    2449419.    	   0.5621410    
    2449420.    	   0.5327540    
    2449421.    	   0.6072670    
    2449422.    	    1.113210    
    2449423.    	    1.220490    
    2449424.    	    1.180760    
    2449425.    	    1.341950    
    2449426.    	    1.569780    
    2449427.    	    1.199540    
    2449428.    	   0.8032220    
    2449429.    	   0.4379960    
    2449430.    	   0.2613920    
    2449431.    	   0.1067490    
    2449432.    	   0.2858280    
    2449433.    	   0.2667110    
    2449434.    	   0.3608150    
    2449435.    	   0.5109030    
    2449436.    	   0.4954190    
    2449437.    	   0.4234080    
    2449438.    	   0.3001640    
    2449439.    	   0.3956490    
    2449440.    	   0.6950470    
    2449441.    	   0.8440740    
    2449442.    	   0.8948310    
    2449443.    	   0.8182200    
    2449444.    	   0.5634710    
    2449445.    	   0.4133720    
    2449446.    	   0.3861120    
    2449447.    	   0.2489960    
    2449448.    	   0.1395140    
    2449449.    	   0.5649680    
    2449450.    	   0.7129940    
    2449451.    	   0.6815000    
    2449452.    	   0.7387050    
    2449453.    	   0.5933360    
    2449454.    	   0.4812060    
    2449455.    	   0.6986310    
    2449456.    	   0.9705760    
    2449457.    	    1.010800    
    2449458.    	   0.8421560    
    2449459.    	   0.7407470    
    2449460.    	   0.4042470    
    2449461.    	   0.3517020    
    2449462.    	   0.4285690    
    2449463.    	   0.6853890    
    2449464.    	   0.7768410    
    2449465.    	   0.7106990    
    2449466.    	   0.8511630    
    2449467.    	    1.163370    
    2449468.    	    1.281890    
    2449469.    	    1.067380    
    2449470.    	    1.028770    
    2449471.    	   0.9295960    
    2449472.    	   0.6469380    
    2449473.    	   0.6710250    
    2449474.    	   0.7433170    
    2449475.    	   0.9528020    
    2449476.    	   0.9966520    
    2449477.    	    1.125840    
    2449478.    	    1.216900    
    2449479.    	    1.462330    
    2449480.    	    1.405350    
    2449481.    	    1.607300    
    2449482.    	    1.925600    
    2449483.    	    2.168880    
    2449484.    	    2.260720    
    2449485.    	    2.342660    
    2449486.    	    2.389320    
    2449487.    	    2.572930    
    2449488.    	    2.478560    
    2449489.    	    2.231930    
    2449490.    	    2.165040    
    2449491.    	    2.146780    
    2449492.    	    2.161950    
    2449493.    	    2.291660    
    2449494.    	    2.403400    
    2449495.    	    2.182680    
    2449496.    	    1.871560    
    2449497.    	    1.511790    
    2449498.    	    1.326570    
    2449499.    	    1.074430    
    2449500.    	   0.9319050    
    2449501.    	   0.9503910    
    2449502.    	    1.143390    
    2449503.    	    1.116260    
    2449504.    	    1.093520    
    2449505.    	   0.9455760    
    2449506.    	   0.8063980    
    2449507.    	   0.7953140    
    2449508.    	   0.7723980    
    2449509.    	    1.097900    
    2449510.    	    1.335120    
    2449511.    	    1.275750    
    2449512.    	    1.144940    
    2449513.    	    1.318520    
    2449514.    	    1.393880    
    2449515.    	    1.069170    
    2449516.    	   0.7362730    
    2449517.    	   0.6577930    
    2449518.    	   0.5973840    
    2449519.    	   0.7528730    
    2449520.    	    1.064110    
    2449521.    	    1.252340    
    2449522.    	    1.225190    
    2449523.    	    1.222250    
    2449524.    	    1.175390    
    2449525.    	    1.127890    
    2449526.    	    1.071010    
    2449527.    	   0.9376810    
    2449528.    	   0.6565250    
    2449529.    	   0.6133610    
    2449530.    	   0.5446790    
    2449531.    	   0.6649060    
    2449532.    	   0.7276460    
    2449533.    	   0.6986070    
    2449534.    	   0.6336560    
    2449535.    	   0.5182730    
    2449536.    	   0.5372660    
    2449537.    	   0.1870600    
    2449538.    	   0.2656480    
    2449539.    	   0.4106380    
    2449540.    	   0.7414410    
    2449541.    	   0.9884860    
    2449542.    	    1.169580    
    2449543.    	    1.199140    
    2449544.    	    1.159900    
    2449545.    	    1.084350    
    2449546.    	    1.031830    
    2449547.    	    1.092990    
    2449548.    	    1.145320    
    2449549.    	    1.049760    
    2449550.    	    1.100080    
    2449551.    	    1.186540    
    2449552.    	   0.9968410    
    2449553.    	   0.7402420    
    2449554.    	   0.7240280    
    2449555.    	   0.8711860    
    2449556.    	    1.113030    
    2449557.    	    1.423150    
    2449558.    	    1.471060    
    2449559.    	    1.375480    
    2449560.    	    1.369580    
    2449561.    	    1.284160    
    2449562.    	    1.288750    
    2449563.    	    1.121140    
    2449564.    	   0.8812010    
    2449565.    	   0.7619270    
    2449566.    	   0.5059780    
    2449567.    	   0.2418470    
    2449568.    	   0.1380910    
    2449569.    	   0.3830340    
    2449570.    	   0.6442280    
    2449571.    	   0.9168350    
    2449572.    	    1.154900    
    2449573.    	    1.541710    
    2449574.    	    1.561550    
    2449575.    	    1.355990    
    2449576.    	    1.418790    
    2449577.    	    1.453210    
    2449578.    	    1.058370    
    2449579.    	   0.7617380    
    2449580.    	   0.6487730    
    2449581.    	   0.5601530    
    2449582.    	   0.6084590    
    2449583.    	   0.4697850    
    2449584.    	   0.3897940    
    2449585.    	   6.4381801E-02
    2449586.    	   0.1510470    
    2449587.    	   0.1699990    
    2449588.    	   0.2162040    
    2449589.    	   0.2532510    
    2449590.    	   0.3922820    
    2449591.    	   0.1945070    
    2449592.    	   3.5403099E-02
    2449593.    	   5.8129199E-02
    2449594.    	   0.2166820    
    2449595.    	   0.3907730    
    2449596.    	   0.6734980    
    2449597.    	   0.8045180    
    2449598.    	   0.9058480    
    2449599.    	   0.8455330    
    2449600.    	   0.8220410    
    2449601.    	   0.9886910    
    2449602.    	   0.8957700    
    2449603.    	   0.8019290    
    2449604.    	    1.131580    
    2449605.    	    1.319070    
    2449606.    	    1.260340    
    2449607.    	    1.050190    
    2449608.    	    1.149300    
    2449609.    	   0.8823240    
    2449610.    	   0.9769850    
    2449611.    	    1.299410    
    2449612.    	    1.614960    
    2449613.    	    1.731800    
    2449614.    	    1.960460    
    2449615.    	    2.173930    
    2449616.    	    2.548060    
    2449617.    	    2.807830    
    2449618.    	    2.778480    
    2449619.    	    2.979810    
    2449620.    	    2.702130    
    2449621.    	    2.367180    
    2449622.    	    2.190590    
    2449623.    	    2.017510    
    2449624.    	    1.965440    
    2449625.    	    2.148600    
    2449626.    	    2.018200    
    2449627.    	    1.917210    
    2449628.    	    1.984610    
    2449629.    	    1.858260    
    2449630.    	    1.906740    
    2449631.    	    1.740590    
    2449632.    	    1.616470    
    2449633.    	    1.347070    
    2449634.    	    1.199290    
    2449635.    	    1.252300    
    2449636.    	    1.282770    
    2449637.    	    1.258830    
    2449638.    	    1.322310    
    2449639.    	    1.464070    
    2449640.    	    1.552060    
    2449641.    	    1.644240    
    2449642.    	    1.586500    
    2449643.    	    1.604160    
    2449644.    	    1.545530    
    2449645.    	    1.373570    
    2449646.    	    1.294840    
    2449647.    	    1.374290    
    2449648.    	    1.214800    
    2449649.    	    1.085730    
    2449650.    	    1.081570    
    2449651.    	    1.409650    
    2449652.    	    1.503160    
    2449653.    	    1.043340    
    2449654.    	   0.5914700    
    2449655.    	   0.5526780    
    2449656.    	   0.4336480    
    2449657.    	   0.9587870    
    2449658.    	    1.337250    
    2449659.    	    1.473830    
    2449660.    	    1.706120    
    2449661.    	    1.725230    
    2449662.    	    1.651340    
    2449663.    	    1.609250    
    2449664.    	    1.604470    
    2449665.    	    1.677270    
    2449666.    	    1.584710    
    2449667.    	    1.595130    
    2449668.    	    1.742920    
    2449669.    	    1.579850    
    2449670.    	    1.175720    
    2449671.    	    1.001100    
    2449672.    	   0.8926520    
    2449673.    	   0.8267110    
    2449674.    	   0.5316110    
    2449675.    	   0.4415030    
    2449676.    	   0.4412720    
    2449677.    	   0.8595640    
    2449678.    	    1.255670    
    2449679.    	    1.267810    
    2449680.    	    1.047640    
    2449681.    	   0.9981450    
    2449682.    	    1.330900    
    2449683.    	    1.696530    
    2449684.    	    1.720460    
    2449685.    	    1.780610    
    2449686.    	    1.775060    
    2449687.    	    1.925460    
    2449688.    	    1.874950    
    2449689.    	    1.956200    
    2449690.    	    1.851120    
    2449691.    	    1.629880    
    2449692.    	    1.761870    
    2449693.    	    1.646090    
    2449694.    	    1.848830    
    2449695.    	    1.902020    
    2449696.    	    2.094010    
    2449697.    	    2.042320    
    2449698.    	    1.834960    
    2449699.    	    1.797340    
    2449700.    	    1.541170    
    2449701.    	    1.472190    
    2449702.    	    1.756290    
    2449703.    	    1.866680    
    2449704.    	    1.875100    
    2449705.    	    1.836680    
    2449706.    	    1.572980    
    2449707.    	    1.492400    
    2449708.    	    1.500850    
    2449709.    	    1.582270    
    2449710.    	    1.738250    
    2449711.    	    1.541850    
    2449712.    	    1.154460    
    2449713.    	   0.7076030    
    2449714.    	   0.4525060    
    2449715.    	   0.5775110    
    2449716.    	   0.7529950    
    2449717.    	   0.9322890    
    2449718.    	    1.196290    
    2449719.    	    1.412440    
    2449720.    	    1.316660    
    2449721.    	    1.028420    
    2449722.    	   0.8907030    
    2449723.    	   0.7523220    
    2449724.    	    1.123560    
    2449725.    	    1.163920    
    2449726.    	    1.043020    
    2449727.    	    1.095380    
    2449728.    	    1.269540    
    2449729.    	    1.351710    
    2449730.    	    1.442200    
    2449731.    	    1.570320    
    2449732.    	    1.527840    
    2449733.    	    1.562960    
    2449734.    	    1.679610    
    2449735.    	    1.626830    
    2449736.    	    1.548590    
    2449737.    	    1.565750    
    2449738.    	    1.713150    
    2449739.    	    1.867720    
    2449740.    	    2.079750    
    2449741.    	    2.091930    
    2449742.    	    1.909110    
    2449743.    	    2.089680    
    2449744.    	    1.872520    
    2449745.    	    1.792210    
    2449746.    	    1.197410    
    2449747.    	   0.8321260    
    2449748.    	   0.6999580    
    2449749.    	   0.4741370    
    2449750.    	   0.4211440    
    2449751.    	   0.5802470    
    2449752.    	   0.4291490    
    2449753.    	   0.5017410    
    2449754.    	   0.3424280    
    2449755.    	   0.4349320    
    2449756.    	   0.4840800    
    2449757.    	   0.6991840    
    2449758.    	   0.9523010    
    2449759.    	    1.400950    
    2449760.    	    1.469020    
    2449761.    	    1.353360    
    2449762.    	    1.426510    
    2449763.    	    1.606800    
    2449764.    	    1.500190    
    2449765.    	    1.303340    
    2449766.    	    1.147210    
    2449767.    	    1.144540    
    2449768.    	   0.8986870    
    2449769.    	   0.6850310    
    2449770.    	   0.6344680    
    2449771.    	   0.6970340    
    2449772.    	   0.7400900    
    2449773.    	    1.154720    
    2449774.    	    1.526610    
    2449775.    	    1.628540    
    2449776.    	    1.973430    
    2449777.    	    2.292380    
    2449778.    	    2.470270    
    2449779.    	    2.262400    
    2449780.    	    2.516370    
    2449781.    	    2.651670    
    2449782.    	    2.414230    
    2449783.    	    2.305320    
    2449784.    	    2.468490    
    2449785.    	    2.189580    
    2449786.    	    1.867860    
    2449787.    	    1.406880    
    2449788.    	    1.247330    
    2449789.    	   0.9831460    
    2449790.    	   0.7983660    
    2449791.    	   0.8441290    
    2449792.    	   0.7483310    
    2449793.    	   0.5608840    
    2449794.    	   0.5551980    
    2449795.    	    1.007810    
    2449796.    	   0.9728550    
    2449797.    	    1.096740    
    2449798.    	    1.307700    
    2449799.    	    1.073480    
    2449800.    	    1.363990    
    2449801.    	    1.231580    
    2449802.    	    1.101100    
    2449803.    	    1.367930    
    2449804.    	    1.275370    
    2449805.    	    1.218650    
    2449806.    	    1.392840    
    2449807.    	    1.587200    
    2449808.    	    1.478910    
    2449809.    	    1.305390    
    2449810.    	    1.012430    
    2449811.    	   0.6723700    
    2449812.    	   0.6237330    
    2449813.    	   0.5461990    
    2449814.    	   0.6469520    
    2449815.    	   0.8074280    
    2449816.    	    1.122760    
    2449817.    	    1.192370    
    2449818.    	    1.241340    
    2449819.    	    1.448470    
    2449820.    	    1.665490    
    2449821.    	    1.645330    
    2449822.    	    1.694680    
    2449823.    	    1.737390    
    2449824.    	    1.723970    
    2449825.    	    1.509630    
    2449826.    	    1.338070    
    2449827.    	    1.334700    
    2449828.    	    1.228490    
    2449829.    	    1.217970    
    2449830.    	    1.077500    
    2449831.    	   0.9787490    
    2449832.    	    1.087210    
    2449833.    	    1.465470    
    2449834.    	    1.681540    
    2449835.    	    1.820370    
    2449836.    	    1.895160    
    2449837.    	    1.866940    
    2449838.    	    1.626370    
    2449839.    	    1.545100    
    2449840.    	    1.562300    
    2449841.    	    1.574880    
    2449842.    	    1.427150    
    2449843.    	    1.523260    
    2449844.    	    1.746050    
    2449845.    	    1.964920    
    2449846.    	    1.912020    
    2449847.    	    1.762170    
    2449848.    	    1.895140    
    2449849.    	    1.649020    
    2449850.    	    1.363020    
    2449851.    	    1.234190    
    2449852.    	    1.183360    
    2449853.    	    1.133730    
    2449854.    	    1.114720    
    2449855.    	    1.235690    
    2449856.    	    1.324950    
    2449857.    	    1.462950    
    2449858.    	    1.819270    
    2449859.    	    1.916770    
    2449860.    	    2.034310    
    2449861.    	    2.059000    
    2449862.    	    2.072540    
    2449863.    	    2.103690    
    2449864.    	    2.046200    
    2449865.    	    1.712150    
    2449866.    	    1.386130    
    2449867.    	   0.8767020    
    2449868.    	   0.8376730    
    2449869.    	   0.6750250    
    2449870.    	   0.5054840    
    2449871.    	   0.4898190    
    2449872.    	   0.6392280    
    2449873.    	   0.6964410    
    2449874.    	   0.7877290    
    2449875.    	   0.8702070    
    2449876.    	   0.7864580    
    2449877.    	   0.7989370    
    2449878.    	   0.6483340    
    2449879.    	   0.7785260    
    2449880.    	   0.9970710    
    2449881.    	   0.9802760    
    2449882.    	    1.134300    
    2449883.    	    1.045170    
    2449884.    	   0.9189630    
    2449885.    	   0.9543820    
    2449886.    	   0.9893610    
    2449887.    	   0.6394110    
    2449888.    	   0.3707280    
    2449889.    	   0.4844790    
    2449890.    	   0.4768570    
    2449891.    	   0.8856810    
    2449892.    	   0.9961490    
    2449893.    	    1.191990    
    2449894.    	    1.183360    
    2449895.    	   0.9352120    
    2449896.    	   0.7138470    
    2449897.    	   0.9083570    
    2449898.    	    1.091550    
    2449899.    	    1.261450    
    2449900.    	    1.375810    
    2449901.    	    1.636260    
    2449902.    	    1.930600    
    2449903.    	    2.131890    
    2449904.    	    2.280350    
    2449905.    	    1.988590    
    2449906.    	    1.622450    
    2449907.    	    1.183720    
    2449908.    	    1.227100    
    2449909.    	   0.9910060    
    2449910.    	   0.7384650    
    2449911.    	   0.6198000    
    2449912.    	   0.6348810    
    2449913.    	   0.5609650    
    2449914.    	   0.4222180    
    2449915.    	   0.4296470    
    2449916.    	    1.057000    
    2449917.    	    1.258570    
    2449918.    	    1.498160    
    2449919.    	    1.720920    
    2449920.    	    1.709200    
    2449921.    	    1.864440    
    2449922.    	    1.850500    
    2449923.    	    1.562100    
    2449924.    	    1.569390    
    2449925.    	    1.610630    
    2449926.    	    1.380630    
    2449927.    	    1.210840    
    2449928.    	    1.296330    
    2449929.    	    1.788040    
    2449930.    	    2.152950    
    2449931.    	    1.994960    
    2449932.    	    2.110670    
    2449933.    	    2.144270    
    2449934.    	    1.881290    
    2449935.    	    1.602760    
    2449936.    	    1.299600    
    2449937.    	   0.7180800    
    2449938.    	   0.9513740    
    2449939.    	    1.536170    
    2449940.    	    1.738890    
    2449941.    	    1.779320    
    2449942.    	    1.788690    
    2449943.    	    1.625700    
    2449944.    	    1.558850    
    2449945.    	    1.551400    
    2449946.    	    1.391590    
    2449947.    	    1.222300    
    2449948.    	    1.075530    
    2449949.    	    1.032490    
    2449950.    	   0.9260510    
    2449951.    	   0.5060780    
    2449952.    	   0.4260850    
    2449953.    	   0.4375300    
    2449954.    	   0.4560420    
    2449955.    	   0.6604480    
    2449956.    	    1.047530    
    2449957.    	    1.462270    
    2449958.    	    1.588000    
    2449959.    	    1.609600    
    2449960.    	    1.568000    
    2449961.    	    1.601080    
    2449962.    	    1.689300    
    2449963.    	    1.625330    
    2449964.    	    1.759260    
    2449965.    	    1.897500    
    2449966.    	    1.823960    
    2449967.    	    1.715610    
    2449968.    	    1.565660    
    2449969.    	    1.551750    
    2449970.    	    1.268360    
    2449971.    	   0.9376600    
    2449972.    	   0.5480090    
    2449973.    	   0.7212730    
    2449974.    	   0.5693530    
    2449975.    	   0.3191970    
    2449976.    	   0.3100100    
    2449977.    	   0.5474600    
    2449978.    	   0.5734370    
    2449979.    	   0.9899020    
    2449980.    	    1.120340    
    2449981.    	    1.212700    
    2449982.    	    1.361030    
    2449983.    	    1.398070    
    2449984.    	    1.460310    
    2449985.    	    1.100820    
    2449986.    	   0.7585380    
    2449987.    	   0.5215580    
    2449988.    	   0.1439510    
    2449989.    	   0.1072740    
    2449990.    	   0.2874220    
    2449991.    	   0.5191090    
    2449992.    	   0.4209460    
    2449993.    	   0.3673660    
    2449994.    	   0.7310240    
    2449995.    	   0.6699930    
    2449996.    	   0.8297110    
    2449997.    	    1.028240    
    2449998.    	    1.199140    
    2449999.    	    1.428220    
    2450000.    	    1.476560    
    2450001.    	    1.331090    
    2450002.    	    1.156390    
    2450003.    	    1.158980    
    2450004.    	   0.9551960    
    2450005.    	   0.7529870    
    2450006.    	   0.7059500    
    2450007.    	   0.3954930    
    2450008.    	   0.3236270    
    2450009.    	   0.2173710    
    2450010.    	   8.4768102E-02
    2450011.    	   0.3589530    
    2450012.    	   0.5111710    
    2450013.    	   0.2648400    
    2450014.    	   0.5656340    
    2450015.    	   0.4242170    
    2450016.    	   0.2674370    
    2450017.    	   0.1156690    
    2450018.    	   0.3808190    
    2450019.    	   0.4823810    
    2450020.    	   0.5926290    
    2450021.    	    1.063060    
    2450022.    	    1.300850    
    2450023.    	    1.468430    
    2450024.    	    1.545970    
    2450025.    	    1.405770    
    2450026.    	    1.276100    
    2450027.    	    1.287290    
    2450028.    	    1.247480    
    2450029.    	    1.242720    
    2450030.    	    1.101240    
    2450031.    	   0.8904830    
    2450032.    	   0.7162570    
    2450033.    	   0.7170070    
    2450034.    	   0.8663150    
    2450035.    	    1.065080    
    2450036.    	    1.319100    
    2450037.    	    1.213420    
    2450038.    	    1.036830    
    2450039.    	    1.058780    
    2450040.    	    1.276080    
    2450041.    	    1.522200    
    2450042.    	    1.444040    
    2450043.    	    1.628770    
    2450044.    	    1.837940    
    2450045.    	    1.992610    
    2450046.    	    1.810930    
    2450047.    	    1.748890    
    2450048.    	    1.801020    
    2450049.    	    1.724440    
    2450050.    	    1.735140    
    2450051.    	    1.698100    
    2450052.    	    1.653040    
    2450053.    	    1.586170    
    2450054.    	    1.516310    
    2450055.    	    1.234110    
    2450056.    	    1.080120    
    2450057.    	   0.9971010    
    2450058.    	    1.027450    
    2450059.    	    1.028680    
    2450060.    	    1.444940    
    2450061.    	    1.849160    
    2450062.    	    2.146690    
    2450063.    	    2.157810    
    2450064.    	    1.889190    
    2450065.    	    1.593630    
    2450066.    	    1.615580    
    2450067.    	    1.896530    
    2450068.    	    2.005660    
    2450069.    	    1.986270    
    2450070.    	    1.942600    
    2450071.    	    1.864510    
    2450072.    	    1.941050    
    2450073.    	    1.791580    
    2450074.    	    1.559520    
    2450075.    	    1.205720    
    2450076.    	   0.7460680    
    2450077.    	   0.5458350    
    2450078.    	   0.5403320    
    2450079.    	   0.6776670    
    2450080.    	   0.6104440    
    2450081.    	   0.5758190    
    2450082.    	   0.4706750    
    2450083.    	   0.5742740    
    2450084.    	   0.9581550    
    2450085.    	    1.119000    
    2450086.    	    1.080470    
    2450087.    	   0.8198220    
    2450088.    	   0.7007010    
    2450089.    	   0.7153960    
    2450090.    	   0.5679920    
    2450091.    	   0.5943010    
    2450092.    	   0.3268730    
    2450093.    	   0.2202120    
    2450094.    	   0.5337300    
    2450095.    	   0.7761120    
    2450096.    	   0.8604490    
    2450097.    	   0.8799120    
    2450098.    	    1.074970    
    2450099.    	    1.300160    
    2450100.    	    1.489390    
    2450101.    	    1.447540    
    2450102.    	    1.302090    
    2450103.    	    1.155540    
    2450104.    	   0.8948300    
    2450105.    	   0.8490120    
    2450106.    	   0.8764980    
    2450107.    	   0.7956550    
    2450108.    	   0.9015790    
    2450109.    	   0.8692270    
    2450110.    	   0.5461130    
    2450111.    	   0.5874290    
    2450112.    	   0.6993050    
    2450113.    	   0.8817550    
    2450114.    	    1.075170    
    2450115.    	    1.218350    
    2450116.    	    1.283540    
    2450117.    	    1.283160    
    2450118.    	    1.208940    
    2450119.    	    1.410410    
    2450120.    	    1.375120    
    2450121.    	    1.079620    
    2450122.    	   0.9416120    
    2450123.    	   0.8791630    
    2450124.    	   0.9710580    
    2450125.    	   0.8021780    
    2450126.    	   0.4741930    
    2450127.    	   0.2991650    
    2450128.    	   0.2540990    
    2450129.    	   0.2901180    
    2450130.    	   0.4552420    
    2450131.    	   0.6361670    
    2450132.    	   0.6765990    
    2450133.    	   0.5463050    
    2450134.    	   0.4918630    
    2450135.    	   0.4083650    
    2450136.    	   0.2168660    
    2450137.    	   6.3984603E-02
    2450138.    	   0.4047950    
    2450139.    	   0.5650850    
    2450140.    	   0.5340640    
    2450141.    	   0.7720210    
    2450142.    	    1.041340    
    2450143.    	    1.307600    
    2450144.    	    1.282400    
    2450145.    	    1.533520    
    2450146.    	    1.817390    
    2450147.    	    1.744980    
    2450148.    	    1.714080    
    2450149.    	    1.613040    
    2450150.    	    1.666370    
    2450151.    	    1.721350    
    2450152.    	    1.465910    
    2450153.    	    1.247820    
    2450154.    	   0.9349790    
    2450155.    	    1.069750    
    2450156.    	    1.681380    
    2450157.    	    1.929320    
    2450158.    	    1.958380    
    2450159.    	    2.207490    
    2450160.    	    2.167430    
    2450161.    	    2.202190    
    2450162.    	    2.411400    
    2450163.    	    2.396620    
    2450164.    	    2.278680    
    2450165.    	    2.197420    
    2450166.    	    1.943990    
    2450167.    	    1.686330    
    2450168.    	    1.618030    
    2450169.    	    2.001450    
    2450170.    	    2.345880    
    2450171.    	    2.213550    
    2450172.    	    2.211860    
    2450173.    	    2.014620    
    2450174.    	    1.760660    
    2450175.    	    1.901520    
    2450176.    	    2.204710    
    2450177.    	    2.086660    
    2450178.    	    2.026480    
    2450179.    	    1.879210    
    2450180.    	    1.565800    
    2450181.    	    1.170300    
    2450182.    	    1.043090    
    2450183.    	    1.041990    
    2450184.    	    1.033710    
    2450185.    	   0.9207240    
    2450186.    	   0.4918080    
    2450187.    	   0.4528950    
    2450188.    	   0.6468540    
    2450189.    	   0.7438900    
    2450190.    	   0.6694460    
    2450191.    	   0.8657060    
    2450192.    	   0.7118010    
    2450193.    	   0.4329890    
    2450194.    	   0.5415640    
    2450195.    	   0.7457530    
    2450196.    	   0.7412770    
    2450197.    	   0.8030080    
    2450198.    	    1.151350    
    2450199.    	    1.446460    
    2450200.    	    1.102580    
    2450201.    	   0.6785100    
    2450202.    	   0.6836430    
    2450203.    	   0.6370340    
    2450204.    	   0.5247000    
    2450205.    	   0.4511080    
    2450206.    	   0.4671030    
    2450207.    	   0.8287400    
    2450208.    	    1.236820    
    2450209.    	    1.573130    
    2450210.    	    1.881590    
    2450211.    	    2.068430    
    2450212.    	    2.152240    
    2450213.    	    1.886330    
    2450214.    	    1.919120    
    2450215.    	    2.110940    
    2450216.    	    2.127840    
    2450217.    	    1.938770    
    2450218.    	    1.868180    
    2450219.    	    1.843220    
    2450220.    	    2.232350    
    2450221.    	    2.572160    
    2450222.    	    2.357850    
    2450223.    	    2.092540    
    2450224.    	    1.800370    
    2450225.    	    1.700300    
    2450226.    	    1.419210    
    2450227.    	    1.318280    
    2450228.    	    1.428700    
    2450229.    	    1.476510    
    2450230.    	    1.236220    
    2450231.    	    1.025390    
    2450232.    	    1.061170    
    2450233.    	    1.238860    
    2450234.    	    1.207810    
    2450235.    	    1.316940    
    2450236.    	    1.375420    
    2450237.    	    1.530140    
    2450238.    	    1.561850    
    2450239.    	    1.497070    
    2450240.    	    1.701010    
    2450241.    	    1.627200    
    2450242.    	    1.551740    
    2450243.    	    1.720650    
    2450244.    	    1.673310    
    2450245.    	    1.418920    
    2450246.    	    1.438770    
    2450247.    	    1.583150    
    2450248.    	    1.714400    
    2450249.    	    1.507670    
    2450250.    	    1.448270    
    2450251.    	    1.378320    
    2450252.    	    1.359170    
    2450253.    	    1.047580    
    2450254.    	    1.021360    
    2450255.    	   0.7389570    
    2450256.    	   0.7711530    
    2450257.    	   0.9211570    
    2450258.    	    1.266850    
    2450259.    	    1.545050    
    2450260.    	    1.846400    
    2450261.    	    2.276510    
    2450262.    	    2.454650    
    2450263.    	    2.473580    
    2450264.    	    2.408670    
    2450265.    	    2.449660    
    2450266.    	    2.548700    
    2450267.    	    2.590330    
    2450268.    	    2.412080    
    2450269.    	    2.030670    
    2450270.    	    1.620660    
    2450271.    	    1.412230    
    2450272.    	    1.111840    
    2450273.    	   0.7389560    
    2450274.    	   0.4758850    
    2450275.    	   0.8085620    
    2450276.    	    1.129420    
    2450277.    	    1.172250    
    2450278.    	    1.235960    
    2450279.    	    1.373960    
    2450280.    	    1.726430    
    2450281.    	    1.791550    
    2450282.    	    1.851960    
    2450283.    	    1.936060    
    2450284.    	    1.984680    
    2450285.    	    1.812150    
    2450286.    	    1.706350    
    2450287.    	    1.746940    
    2450288.    	    1.784240    
    2450289.    	    1.578620    
    2450290.    	    1.379650    
    2450291.    	    1.311040    
    2450292.    	    1.737090    
    2450293.    	    1.900600    
    2450294.    	    1.550810    
    2450295.    	    1.463350    
    2450296.    	    1.381150    
    2450297.    	    1.344400    
    2450298.    	    1.037820    
    2450299.    	   0.9575760    
    2450300.    	   0.8787430    
    2450301.    	   0.6566200    
    2450302.    	   0.7508880    
    2450303.    	   0.7762370    
    2450304.    	   0.9411730    
    2450305.    	   0.9599640    
    2450306.    	   0.9886840    
    2450307.    	    1.177310    
    2450308.    	    1.044600    
    2450309.    	   0.9787420    
    2450310.    	    1.221070    
    2450311.    	    1.404460    
    2450312.    	    1.370810    
    2450313.    	    1.194640    
    2450314.    	    1.078910    
    2450315.    	    1.172520    
    2450316.    	    1.241710    
    2450317.    	    1.111310    
    2450318.    	   0.8275290    
    2450319.    	   0.8225270    
    2450320.    	    1.132910    
    2450321.    	    1.221860    
    2450322.    	    1.262470    
    2450323.    	    1.067570    
    2450324.    	   0.9570080    
    2450325.    	   0.7283130    
    2450326.    	   0.6077710    
    2450327.    	   0.3604020    
    2450328.    	   0.1082430    
    2450329.    	   0.2446340    
    2450330.    	   0.4017990    
    2450331.    	   0.4262860    
    2450332.    	   0.5704280    
    2450333.    	   0.7110350    
    2450334.    	   0.9286270    
    2450335.    	    1.111940    
    2450336.    	    1.361940    
    2450337.    	    1.531700    
    2450338.    	    1.777320    
    2450339.    	    2.182050    
    2450340.    	    2.186060    
    2450341.    	    1.796400    
    2450342.    	    1.207630    
    2450343.    	   0.9771010    
    2450344.    	    1.010500    
    2450345.    	   0.9014380    
    2450346.    	    1.056410    
    2450347.    	    1.544200    
    2450348.    	    1.664940    
    2450349.    	    1.505590    
    2450350.    	    1.247170    
    2450351.    	    1.218620    
    2450352.    	    1.397770    
    2450353.    	    1.090150    
    2450354.    	   0.8465750    
    2450355.    	   0.5164020    
    2450356.    	   0.1554340    
    2450357.    	   0.1492180    
    2450358.    	   0.1662410    
    2450359.    	   0.3995980    
    2450360.    	   0.6531440    
    2450361.    	   0.8713920    
    2450362.    	    1.051230    
    2450363.    	    1.195160    
    2450364.    	    1.514250    
    2450365.    	    1.586720    
    2450366.    	    1.341500    
    2450367.    	   0.8628850    
    2450368.    	   0.6446600    
    2450369.    	   0.7194080    
    2450370.    	   0.8479040    
    2450371.    	   0.9312650    
    2450372.    	   0.9623160    
    2450373.    	   0.9959460    
    2450374.    	   0.8562550    
    2450375.    	   0.7599760    
    2450376.    	   0.7177440    
    2450377.    	   0.7754950    
    2450378.    	   0.7407640    
    2450379.    	   0.7529520    
    2450380.    	   0.6622900    
    2450381.    	   0.8097840    
    2450382.    	    1.003540    
    2450383.    	    1.139810    
    2450384.    	   0.9672270    
    2450385.    	   0.8053810    
    2450386.    	   0.9213570    
    2450387.    	    1.077430    
    2450388.    	    1.261470    
    2450389.    	    1.162050    
    2450390.    	    1.128480    
    2450391.    	    1.391090    
    2450392.    	    1.740480    
    2450393.    	    1.904110    
    2450394.    	    2.016380    
    2450395.    	    1.965520    
    2450396.    	    2.052330    
    2450397.    	    2.283980    
    2450398.    	    2.270810    
    2450399.    	    2.222370    
    2450400.    	    2.360250    
    2450401.    	    2.442860    
    2450402.    	    2.846920    
    2450403.    	    3.019090    
    2450404.    	    3.021880    
    2450405.    	    2.733640    
    2450406.    	    2.515940    
    2450407.    	    2.521450    
    2450408.    	    2.171000    
    2450409.    	    1.647730    
    2450410.    	    1.173850    
    2450411.    	   0.8845260    
    2450412.    	   0.7108360    
    2450413.    	   0.7665970    
    2450414.    	   0.7886500    
    2450415.    	   0.6417450    
    2450416.    	   0.6216580    
    2450417.    	   0.7594740    
    2450418.    	   0.7190240    
    2450419.    	   0.7644790    
    2450420.    	    1.132490    
    2450421.    	    1.181220    
    2450422.    	    1.196820    
    2450423.    	    1.602510    
    2450424.    	    1.729310    
    2450425.    	    1.465870    
    2450426.    	    1.478130    
    2450427.    	    1.883640    
    2450428.    	    2.146330    
    2450429.    	    2.237130    
    2450430.    	    2.145880    
    2450431.    	    2.205540    
    2450432.    	    2.226880    
    2450433.    	    2.335480    
    2450434.    	    2.049370    
    2450435.    	    1.741370    
    2450436.    	    1.462320    
    2450437.    	    1.559060    
    2450438.    	    1.692140    
    2450439.    	    1.929650    
    2450440.    	    2.346720    
    2450441.    	    2.752770    
    2450442.    	    2.920290    
    2450443.    	    3.226440    
    2450444.    	    3.517880    
    2450445.    	    3.467740    
    2450446.    	    3.567770    
    2450447.    	    3.445490    
    2450448.    	    3.178800    
    2450449.    	    3.024200    
    2450450.    	    2.620800    
    2450451.    	    2.129210    
    2450452.    	    1.952520    
    2450453.    	    2.052330    
    2450454.    	    1.879410    
    2450455.    	    1.891320    
    2450456.    	    1.674050    
    2450457.    	    1.702550    
    2450458.    	    1.690940    
    2450459.    	    1.707840    
    2450460.    	    1.759110    
    2450461.    	    1.720350    
    2450462.    	    1.581030    
    2450463.    	    1.149730    
    2450464.    	   0.9240850    
    2450465.    	   0.8070960    
    2450466.    	   0.6392260    
    2450467.    	   0.4156630    
    2450468.    	   0.4947860    
    2450469.    	   0.6604220    
    2450470.    	   0.7070420    
    2450471.    	   0.7291400    
    2450472.    	   0.8174930    
    2450473.    	   0.9699630    
    2450474.    	   0.7623330    
    2450475.    	   0.9498050    
    2450476.    	   0.9593700    
    2450477.    	   0.6286970    
    2450478.    	   0.4908230    
    2450479.    	   0.6717840    
    2450480.    	   0.9621630    
    2450481.    	    1.072250    
    2450482.    	    1.055890    
    2450483.    	    1.349150    
    2450484.    	    1.614400    
    2450485.    	    1.665500    
    2450486.    	    1.596120    
    2450487.    	    1.739160    
    2450488.    	    1.723370    
    2450489.    	    1.832670    
    2450490.    	    1.977830    
    2450491.    	    2.123610    
    2450492.    	    2.069080    
    2450493.    	    2.030850    
    2450494.    	    2.007740    
    2450495.    	    2.093050    
    2450496.    	    2.193830    
    2450497.    	    2.496260    
    2450498.    	    2.752760    
    2450499.    	    2.718120    
    2450500.    	    2.433250    
    2450501.    	    2.142200    
    2450502.    	    1.892710    
    2450503.    	    2.071820    
    2450504.    	    2.255060    
    2450505.    	    2.345870    
    2450506.    	    2.254040    
    2450507.    	    2.279390    
    2450508.    	    2.605080    
    2450509.    	    2.565000    
    2450510.    	    2.552120    
    2450511.    	    2.753030    
    2450512.    	    2.753510    
    2450513.    	    2.617900    
    2450514.    	    2.667810    
    2450515.    	    2.874790    
    2450516.    	    3.146200    
    2450517.    	    3.411480    
    2450518.    	    3.674910    
    2450519.    	    3.853870    
    2450520.    	    3.824370    
    2450521.    	    3.486990    
    2450522.    	    2.967250    
    2450523.    	    2.572150    
    2450524.    	    2.849750    
    2450525.    	    3.142090    
    2450526.    	    3.307440    
    2450527.    	    3.126980    
    2450528.    	    3.013960    
    2450529.    	    3.201780    
    2450530.    	    3.275270    
    2450531.    	    3.364880    
    2450532.    	    3.418810    
    2450533.    	    3.508360    
    2450534.    	    3.427980    
    2450535.    	    3.332270    
    2450536.    	    3.240160    
    2450537.    	    3.215270    
    2450538.    	    3.400010    
    2450539.    	    3.228010    
    2450540.    	    2.835310    
    2450541.    	    2.376440    
    2450542.    	    1.937220    
    2450543.    	    1.829440    
    2450544.    	    1.391510    
    2450545.    	   0.9132650    
    2450546.    	   0.5292570    
    2450547.    	   0.4509400    
    2450548.    	   0.5494960    
    2450549.    	   0.9361030    
    2450550.    	   0.8964950    
    2450551.    	   0.6450050    
    2450552.    	   0.5889150    
    2450553.    	   0.8799120    
    2450554.    	    1.033100    
    2450555.    	    1.010270    
    2450556.    	    1.310840    
    2450557.    	    1.644150    
    2450558.    	    2.007110    
    2450559.    	    2.076940    
    2450560.    	    2.315740    
    2450561.    	    2.415520    
    2450562.    	    2.628650    
    2450563.    	    2.517470    
    2450564.    	    2.344640    
    2450565.    	    2.013420    
    2450566.    	    1.703210    
    2450567.    	    1.432060    
    2450568.    	    1.089010    
    2450569.    	    1.196870    
    2450570.    	    1.239220    
    2450571.    	   0.9539260    
    2450572.    	   0.6901860    
    2450573.    	   0.5120090    
    2450574.    	   0.4961560    
    2450575.    	   0.3223240    
    2450576.    	   0.2864490    
    2450577.    	   0.7930740    
    2450578.    	    1.055490    
    2450579.    	    1.255120    
    2450580.    	    1.278850    
    2450581.    	    1.176300    
    2450582.    	    1.304900    
    2450583.    	    1.742640    
    2450584.    	    1.951150    
    2450585.    	    2.070320    
    2450586.    	    2.168720    
    2450587.    	    2.076680    
    2450588.    	    2.424470    
    2450589.    	    2.787450    
    2450590.    	    2.584590    
    2450591.    	    2.653810    
    2450592.    	    2.673430    
    2450593.    	    2.729150    
    2450594.    	    2.777530    
    2450595.    	    2.950760    
    2450596.    	    3.146290    
    2450597.    	    3.161950    
    2450598.    	    2.941660    
    2450599.    	    2.752890    
    2450600.    	    2.703520    
    2450601.    	    2.480300    
    2450602.    	    2.257310    
    2450603.    	    2.297040    
    2450604.    	    2.591420    
    2450605.    	    2.505010    
    2450606.    	    2.288840    
    2450607.    	    2.449930    
    2450608.    	    2.729050    
    2450609.    	    2.640150    
    2450610.    	    2.666050    
    2450611.    	    2.680000    
    2450612.    	    2.511220    
    2450613.    	    2.547600    
    2450614.    	    2.303820    
    2450615.    	    1.952420    
    2450616.    	    2.003710    
    2450617.    	    1.785200    
    2450618.    	    1.349920    
    2450619.    	    1.112460    
    2450620.    	    1.158960    
    2450621.    	   0.8279360    
    2450622.    	   0.8482600    
    2450623.    	    1.031390    
    2450624.    	    1.409610    
    2450625.    	    1.864870    
    2450626.    	    2.165820    
    2450627.    	    2.223610    
    2450628.    	    2.371220    
    2450629.    	    2.643950    
    2450630.    	    2.532490    
    2450631.    	    2.693570    
    2450632.    	    2.671790    
    2450633.    	    2.568140    
    2450634.    	    2.543620    
    2450635.    	    2.298690    
    2450636.    	    2.230270    
    2450637.    	    1.978150    
    2450638.    	    1.591080    
    2450639.    	    1.479210    
    2450640.    	    1.744880    
    2450641.    	    1.664440    
    2450642.    	    1.517790    
    2450643.    	    1.326130    
    2450644.    	    1.276360    
    2450645.    	    1.370890    
    2450646.    	    1.312960    
    2450647.    	    1.105830    
    2450648.    	   0.7622390    
    2450649.    	   0.8236740    
    2450650.    	    1.063880    
    2450651.    	    1.113810    
    2450652.    	    1.364210    
    2450653.    	    1.345390    
    2450654.    	    1.096660    
    2450655.    	   0.8190660    
    2450656.    	   0.9024780    
    2450657.    	   0.7670660    
    2450658.    	   0.7982270    
    2450659.    	   0.8539300    
    2450660.    	   0.9359380    
    2450661.    	    1.083040    
    2450662.    	   0.6269400    
    2450663.    	   0.5927610    
    2450664.    	   0.8445630    
    2450665.    	   0.9008530    
    2450666.    	   0.7870710    
    2450667.    	   0.6909070    
    2450668.    	   0.3234520    
    2450669.    	   0.3184210    
    2450670.    	   0.4994840    
    2450671.    	   0.7503060    
    2450672.    	   0.9404060    
    2450673.    	    1.023930    
    2450674.    	   0.9857090    
    2450675.    	   0.9383780    
    2450676.    	   0.8341730    
    2450677.    	   0.5396290    
    2450678.    	   0.4351120    
    2450679.    	   0.6470120    
    2450680.    	   0.7402010    
    2450681.    	   0.8406270    
    2450682.    	   0.7202200    
    2450683.    	   0.4730890    
    2450684.    	   0.4762660    
    2450685.    	   0.5773490    
    2450686.    	   0.2312360    
    2450687.    	   0.1214990    
    2450688.    	   0.2196390    
    2450689.    	   0.6959080    
    2450690.    	   0.7170300    
    2450691.    	   0.7473760    
    2450692.    	   0.5828970    
    2450693.    	   0.6537400    
    2450694.    	   0.6878390    
    2450695.    	   0.7182080    
    2450696.    	   0.8628560    
    2450697.    	    1.007360    
    2450698.    	   0.9380340    
    2450699.    	   0.9641390    
    2450700.    	   0.9552480    
    2450701.    	   0.9831140    
    2450702.    	   0.9309850    
    2450703.    	    1.058020    
    2450704.    	    1.026590    
    2450705.    	   0.9403250    
    2450706.    	   0.4375770    
    2450707.    	   0.3664120    
    2450708.    	   0.2128130    
    2450709.    	   0.1401850    
    2450710.    	   0.1263730    
    2450711.    	   0.1354170    
    2450712.    	   0.3852810    
    2450713.    	   0.3101130    
    2450714.    	   0.3903900    
    2450715.    	   0.4181060    
    2450716.    	   0.4849390    
    2450717.    	   0.6192770    
    2450718.    	   0.7276880    
    2450719.    	    1.032370    
    2450720.    	    1.034100    
    2450721.    	   0.7180720    
    2450722.    	   0.6462270    
    2450723.    	   0.4798310    
    2450724.    	   0.2400640    
    2450725.    	   9.6618302E-02
    2450726.    	   0.2998360    
    2450727.    	   0.5190140    
    2450728.    	   0.6631460    
    2450729.    	   0.7255990    
    2450730.    	   0.6754640    
    2450731.    	   0.7490990    
    2450732.    	    1.113980    
    2450733.    	    1.379110    
    2450734.    	    1.598190    
    2450735.    	    1.792460    
    2450736.    	    1.673930    
    2450737.    	    1.545890    
    2450738.    	    1.433530    
    2450739.    	    1.266720    
    2450740.    	    1.001650    
    2450741.    	   0.9022730    
    2450742.    	   0.8779650    
    2450743.    	   0.7762720    
    2450744.    	   0.7052480    
    2450745.    	   0.8692170    
    2450746.    	   0.5472050    
    2450747.    	   0.5940580    
    2450748.    	   0.5366810    
    2450749.    	   0.6319520    
    2450750.    	   0.5934810    
    2450751.    	   0.5365330    
    2450752.    	   0.6542300    
    2450753.    	   0.3466030    
    2450754.    	   0.5148050    
    2450755.    	   0.6859620    
    2450756.    	   0.8328580    
    2450757.    	   0.9837670    
    2450758.    	   0.9661380    
    2450759.    	   0.9906450    
    2450760.    	   0.9908350    
    2450761.    	    1.116080    
    2450762.    	    1.200900    
    2450763.    	    1.422920    
    2450764.    	    1.516850    
    2450765.    	    1.393050    
    2450766.    	    1.519320    
    2450767.    	    1.593310    
    2450768.    	    1.415110    
    2450769.    	    1.333590    
    2450770.    	    1.728320    
    2450771.    	    1.755670    
    2450772.    	    1.537210    
    2450773.    	    1.155090    
    2450774.    	   0.9570380    
    2450775.    	   0.8755510    
    2450776.    	   0.7286570    
    2450777.    	   0.5576780    
    2450778.    	   0.5887210    
    2450779.    	   0.7720950    
    2450780.    	   0.9595930    
    2450781.    	   0.9997750    
    2450782.    	   0.9660090    
    2450783.    	    1.069910    
    2450784.    	    1.298590    
    2450785.    	    1.350770    
    2450786.    	    1.495220    
    2450787.    	    1.543680    
    2450788.    	    1.555650    
    2450789.    	    1.263610    
    2450790.    	    1.186730    
    2450791.    	    1.089980    
    2450792.    	   0.7382430    
    2450793.    	   0.5897370    
    2450794.    	   0.6508900    
    2450795.    	   0.7661870    
    2450796.    	   0.8588190    
    2450797.    	   0.7501820    
    2450798.    	    1.117150    
    2450799.    	    1.191510    
    2450800.    	    1.281760    
    2450801.    	    1.254130    
    2450802.    	    1.274500    
    2450803.    	    1.417140    
    2450804.    	    1.287740    
    2450805.    	    1.383720    
    2450806.    	    1.473580    
    2450807.    	    1.313680    
    2450808.    	    1.054450    
    2450809.    	   0.9093060    
    2450810.    	   0.8865500    
    2450811.    	   0.7678420    
    2450812.    	   0.6676950    
    2450813.    	    1.013250    
    2450814.    	    1.294830    
    2450815.    	    1.383660    
    2450816.    	    1.175610    
    2450817.    	    1.002720    
    2450818.    	    1.340830    
    2450819.    	    1.354260    
    2450820.    	    1.487650    
    2450821.    	    1.787370    
    2450822.    	    1.989920    
    2450823.    	    1.862400    
    2450824.    	    1.638540    
    2450825.    	    1.336900    
    2450826.    	    1.108390    
    2450827.    	    1.223120    
    2450828.    	    1.301850    
    2450829.    	    1.071080    
    2450830.    	   0.9674760    
    2450831.    	   0.8456500    
    2450832.    	   0.6969640    
    2450833.    	   0.6915680    
    2450834.    	   0.7537550    
    2450835.    	   0.7700420    
    2450836.    	   0.6734320    
    2450837.    	   0.5892150    
    2450838.    	   0.6051540    
    2450839.    	   0.8551180    
    2450840.    	   0.9263730    
    2450841.    	   0.9100380    
    2450842.    	    1.030500    
    2450843.    	    1.065950    
    2450844.    	    1.224240    
    2450845.    	    1.020180    
    2450846.    	   0.9339060    
    2450847.    	    1.280770    
    2450848.    	    1.782050    
    2450849.    	    1.595160    
    2450850.    	    1.501770    
    2450851.    	    1.416220    
    2450852.    	    1.302360    
    2450853.    	    1.093090    
    2450854.    	    1.020100    
    2450855.    	    1.171570    
    2450856.    	    1.043850    
    2450857.    	    1.204550    
    2450858.    	    1.492530    
    2450859.    	    1.386930    
    2450860.    	    1.589450    
    2450861.    	    1.704180    
    2450862.    	    1.562490    
    2450863.    	    1.378000    
    2450864.    	    1.278530    
    2450865.    	    1.108720    
    2450866.    	   0.9044560    
    2450867.    	   0.6797890    
    2450868.    	   0.5472650    
    2450869.    	   0.2656590    
    2450870.    	   0.3559660    
    2450871.    	   0.3255650    
    2450872.    	   0.5429920    
    2450873.    	   0.2812770    
    2450874.    	   0.1445860    
    2450875.    	   0.1191370    
    2450876.    	   0.4670160    
    2450877.    	   0.7221950    
    2450878.    	   0.7260520    
    2450879.    	   0.7807060    
    2450880.    	   0.9218140    
    2450881.    	   0.9360550    
    2450882.    	   0.8148910    
    2450883.    	   0.5115780    
    2450884.    	   0.8471880    
    2450885.    	   0.9555440    
    2450886.    	   0.9718550    
    2450887.    	    1.099670    
    2450888.    	   0.8031720    
    2450889.    	   0.5706990    
    2450890.    	   0.7772360    
    2450891.    	   0.7820180    
    2450892.    	   0.7018180    
    2450893.    	   0.3484920    
    2450894.    	   0.3126710    
    2450895.    	   0.3124200    
    2450896.    	   0.5540230    
    2450897.    	   0.5985480    
    2450898.    	   0.7577380    
    2450899.    	   0.9635940    
    2450900.    	    1.180950    
    2450901.    	    1.126690    
    2450902.    	    1.089780    
    2450903.    	    1.033880    
    2450904.    	    1.106750    
    2450905.    	    1.147330    
    2450906.    	    1.216850    
    2450907.    	    1.100160    
    2450908.    	    1.108090    
    2450909.    	   0.9910680    
    2450910.    	   0.9113850    
    2450911.    	   0.8476970    
    2450912.    	   0.9655380    
    2450913.    	    1.020360    
    2450914.    	   0.9022330    
    2450915.    	    1.097840    
    2450916.    	    1.360610    
    2450917.    	    1.608010    
    2450918.    	    1.605780    
    2450919.    	    1.506900    
    2450920.    	    1.362700    
    2450921.    	    1.151470    
    2450922.    	   0.9992670    
    2450923.    	   0.5764610    
    2450924.    	   1.8206799E-02
    2450925.    	   0.6533110    
    2450926.    	   0.8662810    
    2450927.    	   0.8451260    
    2450928.    	   0.5737660    
    2450929.    	   0.5997320    
    2450930.    	   0.5091610    
    2450931.    	   0.7617080    
    2450932.    	    1.076140    
    2450933.    	   0.9372730    
    2450934.    	   0.7974920    
    2450935.    	   0.8843220    
    2450936.    	    1.051330    
    2450937.    	   0.9664560    
    2450938.    	   0.9040590    
    2450939.    	    1.165240    
    2450940.    	    1.285430    
    2450941.    	    1.271270    
    2450942.    	    1.637710    
    2450943.    	    2.287950    
    2450944.    	    2.529130    
    2450945.    	    2.596850    
    2450946.    	    2.678160    
    2450947.    	    3.020410    
    2450948.    	    3.366540    
    2450949.    	    3.603500    
    2450950.    	    3.317490    
    2450951.    	    3.146680    
    2450952.    	    3.330420    
    2450953.    	    2.916120    
    2450954.    	    2.774380    
    2450955.    	    2.795490    
    2450956.    	    2.528150    
    2450957.    	    2.241380    
    2450958.    	    1.790340    
    2450959.    	    1.605950    
    2450960.    	    1.325040    
    2450961.    	    1.393080    
    2450962.    	    1.278200    
    2450963.    	    1.208610    
    2450964.    	   0.8719860    
    2450965.    	   0.4788720    
    2450966.    	   0.3003950    
    2450967.    	   0.6155450    
    2450968.    	   0.9897960    
    2450969.    	   0.9987100    
    2450970.    	    1.157210    
    2450971.    	    1.280720    
    2450972.    	    1.470860    
    2450973.    	    1.446950    
    2450974.    	    1.496850    
    2450975.    	    1.482280    
    2450976.    	    1.068160    
    2450977.    	   0.8357260    
    2450978.    	   0.5553130    
    2450979.    	   0.5546340    
    2450980.    	   0.4716230    
    2450981.    	   0.3526580    
    2450982.    	   0.1147530    
    2450983.    	   0.2570350    
    2450984.    	   0.4753900    
    2450985.    	   0.8953130    
    2450986.    	   0.9862260    
    2450987.    	    1.236320    
    2450988.    	    1.310310    
    2450989.    	    1.213470    
    2450990.    	    1.169660    
    2450991.    	    1.299440    
    2450992.    	    1.074600    
    2450993.    	    1.002730    
    2450994.    	   0.7954230    
    2450995.    	   0.7319510    
    2450996.    	   0.6267690    
    2450997.    	   0.6111020    
    2450998.    	   0.5004410    
    2450999.    	   0.8802370    
    2451000.    	   0.9251610    
    2451001.    	   0.8656380    
    2451002.    	   0.8328360    
    2451003.    	   0.8379340    
    2451004.    	   0.7365200    
    2451005.    	   0.7557290    
    2451006.    	   0.6800890    
    2451007.    	   0.7990570    
    2451008.    	   0.8487590    
    2451009.    	    1.046830    
    2451010.    	    1.082310    
    2451011.    	    1.251670    
    2451012.    	    1.347410    
    2451013.    	    1.017460    
    2451014.    	   0.8189110    
    2451015.    	   0.3412120    
    2451016.    	   0.3293740    
    2451017.    	   0.8139980    
    2451018.    	   0.8052140    
    2451019.    	   0.8957980    
    2451020.    	   0.6464910    
    2451021.    	   0.6145400    
    2451022.    	   0.6551520    
    2451023.    	   0.7347330    
    2451024.    	   0.3939910    
    2451025.    	   0.2863040    
    2451026.    	   0.3903580    
    2451027.    	   0.4177260    
    2451028.    	   0.3295720    
    2451029.    	   0.6085830    
    2451030.    	   0.4972850    
    2451031.    	   0.4388130    
    2451032.    	   0.5890550    
    2451033.    	   0.5946300    
    2451034.    	   0.4322300    
    2451035.    	   0.6437670    
    2451036.    	   0.7685690    
    2451037.    	   0.8041190    
    2451038.    	   0.7949110    
    2451039.    	   0.8814730    
    2451040.    	    1.176730    
    2451041.    	    1.585170    
    2451042.    	    1.419130    
    2451043.    	    1.192580    
    2451044.    	    1.398710    
    2451045.    	    1.360060    
    2451046.    	    1.178980    
    2451047.    	    1.033320    
    2451048.    	    1.084680    
    2451049.    	    1.005930    
    2451050.    	    1.028190    
    2451051.    	    1.176410    
    2451052.    	    1.154690    
    2451053.    	    1.236320    
    2451054.    	    1.616490    
    2451055.    	    1.583690    
    2451056.    	    1.572830    
    2451057.    	    1.554920    
    2451058.    	    1.637000    
    2451059.    	    1.829130    
    2451060.    	    1.828170    
    2451061.    	    1.883190    
    2451062.    	    2.090700    
    2451063.    	    1.965020    
    2451064.    	    1.923310    
    2451065.    	    2.007990    
    2451066.    	    1.566280    
    2451067.    	    1.109790    
    2451068.    	   0.7811430    
    2451069.    	   0.6488060    
    2451070.    	   0.5987100    
    2451071.    	   0.4318030    
    2451072.    	   0.5743790    
    2451073.    	   0.7449970    
    2451074.    	   0.8755180    
    2451075.    	    1.103930    
    2451076.    	    1.264880    
    2451077.    	    1.342090    
    2451078.    	    1.301600    
    2451079.    	    1.469700    
    2451080.    	    1.482290    
    2451081.    	    1.477980    
    2451082.    	    1.281940    
    2451083.    	    1.418800    
    2451084.    	    1.599420    
    2451085.    	    1.889680    
    2451086.    	    2.181340    
    2451087.    	    2.345970    
    2451088.    	    2.585700    
    2451089.    	    2.633410    
    2451090.    	    2.580220    
    2451091.    	    2.312740    
    2451092.    	    2.057480    
    2451093.    	    2.085700    
    2451094.    	    1.759850    
    2451095.    	    1.763790    
    2451096.    	    1.662990    
    2451097.    	    1.328990    
    2451098.    	   0.8245920    
    2451099.    	   0.6826220    
    2451100.    	   0.9232570    
    2451101.    	    1.163690    
    2451102.    	    1.373640    
    2451103.    	    1.389910    
    2451104.    	    1.522010    
    2451105.    	    1.231030    
    2451106.    	    1.026570    
    2451107.    	   0.9524890    
    2451108.    	   0.7261450    
    2451109.    	   0.4680370    
    2451110.    	   0.1146380    
    2451111.    	   0.1351770    
    2451112.    	   0.4887870    
    2451113.    	   0.5995510    
    2451114.    	   0.5685470    
    2451115.    	   0.8316980    
    2451116.    	   0.6835980    
    2451117.    	   0.4096450    
    2451118.    	   0.3339560    
    2451119.    	   0.2614530    
    2451120.    	   0.4359950    
    2451121.    	   0.4003910    
    2451122.    	   0.1358690    
    2451123.    	   6.6310897E-02
    2451124.    	   0.1517930    
    2451125.    	   0.4287630    
    2451126.    	   0.8925860    
    2451127.    	    1.516790    
    2451128.    	    1.868060    
    2451129.    	    1.834590    
    2451130.    	    1.989080    
    2451131.    	    1.980130    
    2451132.    	    2.299970    
    2451133.    	    2.326650    
    2451134.    	    2.319930    
    2451135.    	    2.126000    
    2451136.    	    2.202430    
    2451137.    	    2.390350    
    2451138.    	    2.484340    
    2451139.    	    2.252820    
    2451140.    	    1.962200    
    2451141.    	    1.791630    
    2451142.    	    1.695630    
    2451143.    	    1.822590    
    2451144.    	    1.735380    
    2451145.    	    1.712790    
    2451146.    	    1.697210    
    2451147.    	    1.622300    
    2451148.    	    1.691640    
    2451149.    	    1.160170    
    2451150.    	   0.8576250    
    2451151.    	   0.4936350    
    2451152.    	   0.2057360    
    2451153.    	   0.4634570    
    2451154.    	   0.8696260    
    2451155.    	    1.151810    
    2451156.    	    1.113620    
    2451157.    	    1.211190    
    2451158.    	    1.299210    
    2451159.    	    1.242960    
    2451160.    	   0.9816350    
    2451161.    	   0.9030140    
    2451162.    	   0.9549880    
    2451163.    	   0.9618130    
    2451164.    	   0.9023480    
    2451165.    	   0.7630560    
    2451166.    	   0.7833990    
    2451167.    	   0.8222200    
    2451168.    	   0.8793260    
    2451169.    	   0.8757500    
    2451170.    	   0.9338110    
    2451171.    	   0.6830060    
    2451172.    	   0.4049960    
    2451173.    	   0.1854330    
    2451174.    	   0.1923760    
    2451175.    	   0.2708720    
    2451176.    	   0.3423840    
    2451177.    	   0.3215380    
    2451178.    	   0.2201590    
    2451179.    	   0.2034240    
    2451180.    	   0.2615360    
    2451181.    	   0.3454550    
    2451182.    	   0.7034680    
    2451183.    	    1.107160    
    2451184.    	    1.085480    
    2451185.    	   0.7594170    
    2451186.    	   0.6516720    
    2451187.    	   0.6626530    
    2451188.    	   0.9119980    
    2451189.    	    1.428400    
    2451190.    	    1.744520    
    2451191.    	    1.731950    
    2451192.    	    1.889230    
    2451193.    	    2.045490    
    2451194.    	    1.916330    
    2451195.    	    2.105890    
    2451196.    	    1.904690    
    2451197.    	    1.747030    
    2451198.    	    1.670310    
    2451199.    	    1.890600    
    2451200.    	    2.058830    
    2451201.    	    1.936600    
    2451202.    	    1.791310    
    2451203.    	    1.327990    
    2451204.    	    1.316450    
    2451205.    	    1.417160    
    2451206.    	    1.592050    
    2451207.    	    1.457810    
    2451208.    	    1.560380    
    2451209.    	    1.589970    
    2451210.    	    1.316580    
    2451211.    	    1.315170    
    2451212.    	    1.280980    
    2451213.    	    1.038290    
    2451214.    	   0.9724420    
    2451215.    	    1.243050    
    2451216.    	    1.563830    
    2451217.    	    1.452000    
    2451218.    	    1.255840    
    2451219.    	    1.206680    
    2451220.    	    1.213880    
    2451221.    	    1.370170    
    2451222.    	    1.582920    
    2451223.    	    1.600710    
    2451224.    	    1.871860    
    2451225.    	    2.373060    
    2451226.    	    2.613590    
    2451227.    	    2.922250    
    2451228.    	    3.138590    
    2451229.    	    2.997730    
    2451230.    	    2.522260    
    2451231.    	    2.132660    
    2451232.    	    1.642720    
    2451233.    	    1.104530    
    2451234.    	    1.126550    
    2451235.    	   0.8917730    
    2451236.    	    1.149840    
    2451237.    	    1.438720    
    2451238.    	    1.653410    
    2451239.    	    1.404050    
    2451240.    	    1.376210    
    2451241.    	    1.287210    
    2451242.    	    1.334570    
    2451243.    	    1.457590    
    2451244.    	    1.401700    
    2451245.    	    1.189730    
    2451246.    	    1.037850    
    2451247.    	    1.157100    
    2451248.    	    1.258110    
    2451249.    	    1.401130    
    2451250.    	    1.531630    
    2451251.    	    1.637630    
    2451252.    	    1.712330    
    2451253.    	    1.703720    
    2451254.    	    1.737690    
    2451255.    	    2.090690    
    2451256.    	    2.185040    
    2451257.    	    1.939390    
    2451258.    	    1.951920    
    2451259.    	    2.181230    
    2451260.    	    2.305830    
    2451261.    	    1.993830    
    2451262.    	    1.492650    
    2451263.    	    1.068410    
    2451264.    	   0.8845770    
    2451265.    	   0.6661530    
    2451266.    	   0.5613440    
    2451267.    	   0.3494890    
    2451268.    	   0.3636440    
    2451269.    	   0.5861050    
    2451270.    	   0.3711860    
    2451271.    	   0.4346750    
    2451272.    	   0.1687340    
    2451273.    	   0.5449990    
    2451274.    	   0.5081520    
    2451275.    	   0.8342070    
    2451276.    	   0.6705280    
    2451277.    	   0.6841730    
    2451278.    	   0.7395640    
    2451279.    	   0.6816560    
    2451280.    	   0.8432020    
    2451281.    	    1.396160    
    2451282.    	    1.657800    
    2451283.    	    1.570950    
    2451284.    	    1.402560    
    2451285.    	    1.344590    
    2451286.    	    1.224870    
    2451287.    	    1.226520    
    2451288.    	    1.150140    
    2451289.    	   0.9171340    
    2451290.    	   0.8361220    
    2451291.    	    1.196480    
    2451292.    	    1.357640    
    2451293.    	    1.518850    
    2451294.    	    1.823760    
    2451295.    	    1.891480    
    2451296.    	    1.899220    
    2451297.    	    1.831190    
    2451298.    	    1.854130    
    2451299.    	    1.986730    
    2451300.    	    2.176630    
    2451301.    	    1.985660    
    2451302.    	    1.775170    
    2451303.    	    1.637420    
    2451304.    	    1.846490    
    2451305.    	    1.802720    
    2451306.    	    1.871220    
    2451307.    	    2.014880    
    2451308.    	    2.070470    
    2451309.    	    1.857750    
    2451310.    	    1.973010    
    2451311.    	    1.886180    
    2451312.    	    1.662230    
    2451313.    	    1.199590    
    2451314.    	    1.058070    
    2451315.    	    1.035980    
    2451316.    	   0.8374170    
    2451317.    	   0.6108290    
    2451318.    	   0.3974600    
    2451319.    	   0.4846380    
    2451320.    	   0.4377020    
    2451321.    	   0.1784550    
    2451322.    	   0.5124480    
    2451323.    	   0.6919420    
    2451324.    	   0.6564700    
    2451325.    	   0.3039240    
    2451326.    	   0.6318550    
    2451327.    	    1.065940    
    2451328.    	    1.038680    
    2451329.    	    1.065940    
    2451330.    	    1.499740    
    2451331.    	    1.655690    
    2451332.    	    1.560510    
    2451333.    	    1.404680    
    2451334.    	    1.386400    
    2451335.    	    1.248770    
    2451336.    	    1.014970    
    2451337.    	   0.7402050    
    2451338.    	   0.5938850    
    2451339.    	   0.3725720    
    2451340.    	   0.4796350    
    2451341.    	   0.8715360    
    2451342.    	   0.9496480    
    2451343.    	   0.8604490    
    2451344.    	   0.8026960    
    2451345.    	   0.8259720    
    2451346.    	    1.015780    
    2451347.    	    1.194470    
    2451348.    	    1.156670    
    2451349.    	    1.361340    
    2451350.    	    1.667380    
    2451351.    	    1.737950    
    2451352.    	    1.779580    
    2451353.    	    1.836890    
    2451354.    	    1.892550    
    2451355.    	    1.976400    
    2451356.    	    2.088940    
    2451357.    	    2.089460    
    2451358.    	    2.008840    
    2451359.    	    1.916830    
    2451360.    	    1.784650    
    2451361.    	    1.702280    
    2451362.    	    1.683430    
    2451363.    	    1.606480    
    2451364.    	    1.402510    
    2451365.    	    1.237420    
    2451366.    	    1.132990    
    2451367.    	   0.9844460    
    2451368.    	   0.5820960    
    2451369.    	   0.3343190    
    2451370.    	   0.4321480    
    2451371.    	   0.4588920    
    2451372.    	   0.5205800    
    2451373.    	   0.6771430    
    2451374.    	   0.4742630    
    2451375.    	   0.3431000    
    2451376.    	   0.3186970    
    2451377.    	   0.2928330    
    2451378.    	   0.5436220    
    2451379.    	   0.7199910    
    2451380.    	    1.015370    
    2451381.    	    1.296900    
    2451382.    	    1.359940    
    2451383.    	    1.246240    
    2451384.    	   0.9454880    
    2451385.    	   0.9372520    
    2451386.    	   0.8374900    
    2451387.    	    1.030430    
    2451388.    	    1.187500    
    2451389.    	    1.038510    
    2451390.    	   0.7196590    
    2451391.    	   0.4678450    
    2451392.    	   0.4119810    
    2451393.    	   0.5032320    
    2451394.    	   0.3265900    
    2451395.    	   8.6833097E-02
    2451396.    	   0.1825190    
    2451397.    	   0.2569510    
    2451398.    	   0.3175030    
    2451399.    	   0.1384330    
    2451400.    	   0.1738670    
    2451401.    	   0.3938880    
    2451402.    	   0.4086450    
    2451403.    	   0.4876230    
    2451404.    	   0.6220550    
    2451405.    	   0.8192780    
    2451406.    	   0.9684920    
    2451407.    	   0.9860160    
    2451408.    	    1.210620    
    2451409.    	    1.359060    
    2451410.    	    1.555640    
    2451411.    	    1.434100    
    2451412.    	    1.449310    
    2451413.    	    1.780620    
    2451414.    	    1.979020    
    2451415.    	    1.791810    
    2451416.    	    1.572270    
    2451417.    	    1.358640    
    2451418.    	    1.082930    
    2451419.    	   0.7397640    
    2451420.    	   0.4543990    
    2451421.    	   0.2137340    
    2451422.    	   0.4113420    
    2451423.    	   0.4407280    
    2451424.    	   0.4631380    
    2451425.    	   0.3797200    
    2451426.    	   0.5099820    
    2451427.    	   0.8035080    
    2451428.    	   0.7960270    
    2451429.    	   0.8212210    
    2451430.    	    1.018780    
    2451431.    	   0.8545610    
    2451432.    	   0.7404410    
    2451433.    	   0.5374440    
    2451434.    	   0.5995870    
    2451435.    	   0.5704920    
    2451436.    	   0.7073780    
    2451437.    	   0.5870280    
    2451438.    	   0.7101360    
    2451439.    	   0.8370650    
    2451440.    	   0.8866520    
    2451441.    	    1.286720    
    2451442.    	    1.590200    
    2451443.    	    1.717020    
    2451444.    	    1.664740    
    2451445.    	    1.854010    
    2451446.    	    1.981210    
    2451447.    	    2.171160    
    2451448.    	    2.332870    
    2451449.    	    2.518510    
    2451450.    	    2.466430    
    2451451.    	    2.478180    
    2451452.    	    2.404500    
    2451453.    	    1.981320    
    2451454.    	    1.969900    
    2451455.    	    1.776510    
    2451456.    	    1.843270    
    2451457.    	    1.885150    
    2451458.    	    1.599470    
    2451459.    	    1.184230    
    2451460.    	    1.271140    
    2451461.    	   0.9648270    
    2451462.    	   0.6373180    
    2451463.    	   0.5357040    
    2451464.    	   0.3589920    
    2451465.    	   0.4419180    
    2451466.    	   0.4519520    
    2451467.    	   0.7446750    
    2451468.    	   0.9773870    
    2451469.    	    1.057120    
    2451470.    	    1.048340    
    2451471.    	    1.117500    
    2451472.    	    1.153600    
    2451473.    	    1.066990    
    2451474.    	   0.8129570    
    2451475.    	   0.6440640    
    2451476.    	   0.7409720    
    2451477.    	   0.8751970    
    2451478.    	   0.9795530    
    2451479.    	    1.038520    
    2451480.    	    1.207450    
    2451481.    	    1.368070    
    2451482.    	    1.550240    
    2451483.    	    1.786640    
    2451484.    	    1.822750    
    2451485.    	    1.837280    
    2451486.    	    2.208570    
    2451487.    	    2.291150    
    2451488.    	    2.176010    
    2451489.    	    2.251220    
    2451490.    	    2.449620    
    2451491.    	    2.525150    
    2451492.    	    2.268150    
    2451493.    	    1.980790    
    2451494.    	    1.885970    
    2451495.    	    1.506410    
    2451496.    	    1.630210    
    2451497.    	    1.613520    
    2451498.    	    1.598140    
    2451499.    	    1.417210    
    2451500.    	    1.200520    
    2451501.    	    1.131470    
    2451502.    	   0.8321810    
    2451503.    	   0.6089950    
    2451504.    	   0.5742810    
    2451505.    	   0.8136900    
    2451506.    	   0.8706310    
    2451507.    	   0.5896110    
    2451508.    	   0.5369000    
    2451509.    	   0.5723220    
    2451510.    	   0.5492500    
    2451511.    	   0.6389650    
    2451512.    	   0.8028550    
    2451513.    	    1.102670    
    2451514.    	    1.219450    
    2451515.    	    1.326250    
    2451516.    	    1.082040    
    2451517.    	    1.033170    
    2451518.    	    1.079920    
    2451519.    	    1.235340    
    2451520.    	    1.552880    
    2451521.    	    1.591870    
    2451522.    	    1.380530    
    2451523.    	    1.494390    
    2451524.    	    1.378650    
    2451525.    	    1.042900    
    2451526.    	    1.131110    
    2451527.    	    1.222720    
    2451528.    	    1.162470    
    2451529.    	    1.331910    
    2451530.    	    1.407830    
    2451531.    	    1.071550    
    2451532.    	    1.232010    
    2451533.    	    1.224080    
    2451534.    	    1.284900    
    2451535.    	    1.377100    
    2451536.    	    1.508600    
    2451537.    	    1.440270    
    2451538.    	    1.601490    
    2451539.    	    1.271880    
    2451540.    	   0.9554230    
    2451541.    	   0.8849910    
    2451542.    	   0.7103550    
    2451543.    	   0.3505150    
    2451544.    	   0.2090810    
    2451545.    	   0.3821990    
    2451546.    	   0.4480800    
    2451547.    	   0.4928720    
    2451548.    	   0.5834590    
    2451549.    	   0.3863420    
    2451550.    	   0.7350640    
    2451551.    	   0.8062210    
    2451552.    	   0.9540160    
    2451553.    	   0.7844070    
    2451554.    	   0.9470630    
    2451555.    	   0.9521470    
    2451556.    	   0.7411710    
    2451557.    	   0.6945450    
    2451558.    	   0.7117140    
    2451559.    	   0.6117160    
    2451560.    	   0.5998900    
    2451561.    	   0.3766790    
    2451562.    	   0.3236630    
    2451563.    	   0.4440280    
    2451564.    	   0.4274980    
    2451565.    	   0.4961030    
    2451566.    	   0.5741920    
    2451567.    	   0.6512720    
    2451568.    	   0.5293010    
    2451569.    	   0.4844630    
    2451570.    	   0.6241750    
    2451571.    	   0.6165940    
    2451572.    	   0.5446280    
    2451573.    	   0.4654620    
    2451574.    	   0.5017070    
    2451575.    	   0.7120980    
    2451576.    	   0.9259380    
    2451577.    	    1.075760    
    2451578.    	   0.9359640    
    2451579.    	   0.9212650    
    2451580.    	   0.8525980    
    2451581.    	   0.7914620    
    2451582.    	   0.9616930    
    2451583.    	   0.9606470    
    2451584.    	   0.6974520    
    2451585.    	   0.5559700    
    2451586.    	   0.4993790    
    2451587.    	   0.5003320    
    2451588.    	   0.2339250    
    2451589.    	   0.4726640    
    2451590.    	   0.8635200    
    2451591.    	   0.9939660    
    2451592.    	    1.322220    
    2451593.    	    1.565420    
    2451594.    	    1.582870    
    2451595.    	    1.778080    
    2451596.    	    1.798380    
    2451597.    	    1.883680    
    2451598.    	    1.906980    
    2451599.    	    1.661630    
    2451600.    	    1.456400    
    2451601.    	    1.612570    
    2451602.    	    1.400840    
    2451603.    	    1.334150    
    2451604.    	    1.597100    
    2451605.    	    1.666250    
    2451606.    	    1.580360    
    2451607.    	    1.565040    
    2451608.    	    1.135900    
    2451609.    	   0.9213520    
    2451610.    	   0.9966360    
    2451611.    	    1.117250    
    2451612.    	    1.047510    
    2451613.    	   0.7075880    
    2451614.    	   0.6834030    
    2451615.    	   0.8819220    
    2451616.    	   0.7830950    
    2451617.    	   0.8286370    
    2451618.    	   0.6133350    
    2451619.    	   0.5783670    
    2451620.    	   0.3765300    
    2451621.    	   0.2839460    
    2451622.    	   0.4436560    
    2451623.    	   0.1495850    
    2451624.    	   0.3942480    
    2451625.    	   0.7949560    
    2451626.    	   0.8728030    
    2451627.    	    1.151800    
    2451628.    	    1.541780    
    2451629.    	    1.604060    
    2451630.    	    1.352680    
    2451631.    	    1.164570    
    2451632.    	    1.155140    
    2451633.    	   0.7953620    
    2451634.    	   0.6309980    
    2451635.    	   0.5696680    
    2451636.    	   0.7521620    
    2451637.    	   0.8698850    
    2451638.    	   0.7211240    
    2451639.    	    1.007470    
    2451640.    	    1.213490    
    2451641.    	    1.185330    
    2451642.    	   0.8293670    
    2451643.    	   0.4744380    
    2451644.    	   0.3695650    
    2451645.    	   0.2544550    
    2451646.    	   0.2524910    
    2451647.    	   0.4304140    
    2451648.    	   0.4935010    
    2451649.    	   0.7169520    
    2451650.    	    1.032300    
    2451651.    	    1.508660    
    2451652.    	    1.669710    
    2451653.    	    1.614340    
    2451654.    	    1.606930    
    2451655.    	    1.296370    
    2451656.    	    1.156610    
    2451657.    	   0.9925490    
    2451658.    	   0.9747660    
    2451659.    	   0.7256640    
    2451660.    	   0.6275100    
    2451661.    	   0.8817550    
    2451662.    	   0.9348670    
    2451663.    	   0.7862130    
    2451664.    	   0.7603600    
    2451665.    	    1.021560    
    2451666.    	    1.318020    
    2451667.    	    1.597250    
    2451668.    	    1.825180    
    2451669.    	    1.702420    
    2451670.    	    1.592680    
    2451671.    	    1.518320    
    2451672.    	    1.649080    
    2451673.    	    1.550050    
    2451674.    	    1.455860    
    2451675.    	    1.372080    
    2451676.    	    1.303120    
    2451677.    	    1.163380    
    2451678.    	   0.9946950    
    2451679.    	   0.9107800    
    2451680.    	   0.9025090    
    2451681.    	   0.4629290    
    2451682.    	   0.3083580    
    2451683.    	   0.3733080    
    2451684.    	   0.3812990    
    2451685.    	   0.5005690    
    2451686.    	   0.6797040    
    2451687.    	   0.8390500    
    2451688.    	   0.8444260    
    2451689.    	   0.5786020    
    2451690.    	   0.4048510    
    2451691.    	   0.4602060    
    2451692.    	   0.6511630    
    2451693.    	   0.7557190    
    2451694.    	   0.9760840    
    2451695.    	    1.051770    
    2451696.    	   0.7554030    
    2451697.    	   0.7284030    
    2451698.    	   0.6109550    
    2451699.    	   0.7287280    
    2451700.    	   0.6180040    
    2451701.    	   0.7449890    
    2451702.    	   0.7256120    
    2451703.    	   0.5174380    
    2451704.    	   2.6713300E-02
    2451705.    	   0.4556370    
    2451706.    	   0.4879760    
    2451707.    	   0.3617570    
    2451708.    	   0.5491960    
    2451709.    	   0.8296250    
    2451710.    	    1.202570    
    2451711.    	    1.264300    
    2451712.    	    1.408630    
    2451713.    	    1.305230    
    2451714.    	    1.222930    
    2451715.    	    1.214310    
    2451716.    	    1.163120    
    2451717.    	    1.082710    
    2451718.    	   0.7787570    
    2451719.    	   0.5124400    
    2451720.    	   0.3550520    
    2451721.    	   0.1365550    
    2451722.    	   0.2702180    
    2451723.    	   0.2970040    
    2451724.    	   0.3953700    
    2451725.    	   0.5358720    
    2451726.    	   0.5228540    
    2451727.    	   0.3204550    
    2451728.    	   0.2707370    
    2451729.    	   0.6297990    
    2451730.    	   0.9828100    
    2451731.    	    1.165710    
    2451732.    	    1.864400    
    2451733.    	    2.468800    
    2451734.    	    2.447910    
    2451735.    	    2.420790    
    2451736.    	    2.038770    
    2451737.    	    1.718020    
    2451738.    	    1.729050    
    2451739.    	    1.833010    
    2451740.    	    1.937790    
    2451741.    	    1.878710    
    2451742.    	    1.721600    
    2451743.    	    1.628190    
    2451744.    	    1.444640    
    2451745.    	    1.358840    
    2451746.    	    1.445730    
    2451747.    	    1.457130    
    2451748.    	    1.197710    
    2451749.    	    1.166330    
    2451750.    	    1.426600    
    2451751.    	    1.504910    
    2451752.    	    1.583970    
    2451753.    	    1.662610    
    2451754.    	    1.793310    
    2451755.    	    1.997490    
    2451756.    	    2.240600    
    2451757.    	    2.103320    
    2451758.    	    1.755550    
    2451759.    	    1.399240    
    2451760.    	    1.297530    
    2451761.    	    1.169630    
    2451762.    	    1.111000    
    2451763.    	    1.124340    
    2451764.    	    1.222870    
    2451765.    	    1.192190    
    2451766.    	    1.001310    
    2451767.    	   0.8151090    
    2451768.    	   0.9198620    
    2451769.    	   0.8324300    
    2451770.    	   0.9424330    
    2451771.    	   0.9152230    
    2451772.    	    1.347720    
    2451773.    	    1.442270    
    2451774.    	    1.483680    
    2451775.    	    1.590280    
    2451776.    	    1.954480    
    2451777.    	    2.479100    
    2451778.    	    2.496330    
    2451779.    	    2.492580    
    2451780.    	    2.485860    
    2451781.    	    2.587460    
    2451782.    	    2.403750    
    2451783.    	    2.439450    
    2451784.    	    2.166900    
    2451785.    	    2.158670    
    2451786.    	    2.006080    
    2451787.    	    1.839370    
    2451788.    	    1.367880    
    2451789.    	    1.497580    
    2451790.    	    1.493260    
    2451791.    	    1.545050    
    2451792.    	    1.699480    
    2451793.    	    1.861190    
    2451794.    	    1.644820    
    2451795.    	    1.495520    
    2451796.    	    1.536020    
    2451797.    	    1.437170    
    2451798.    	    1.073090    
    2451799.    	   0.9609220    
    2451800.    	    1.031690    
    2451801.    	    1.264340    
    2451802.    	    1.127150    
    2451803.    	    1.196090    
    2451804.    	    1.247630    
    2451805.    	    1.335950    
    2451806.    	    1.413350    
    2451807.    	    1.467970    
    2451808.    	    1.389740    
    2451809.    	    1.173230    
    2451810.    	    1.125590    
    2451811.    	    1.012460    
    2451812.    	   0.8418470    
    2451813.    	   0.6898950    
    2451814.    	   0.6149680    
    2451815.    	   0.7596630    
    2451816.    	    1.130180    
    2451817.    	    1.425750    
    2451818.    	    1.869750    
    2451819.    	    1.861340    
    2451820.    	    1.917670    
    2451821.    	    1.807890    
    2451822.    	    1.688510    
    2451823.    	    1.748240    
    2451824.    	    1.450950    
    2451825.    	    1.345970    
    2451826.    	    1.588940    
    2451827.    	    1.779920    
    2451828.    	    1.875300    
    2451829.    	    1.764290    
    2451830.    	    1.828250    
    2451831.    	    1.754510    
    2451832.    	    1.701060    
    2451833.    	    1.586400    
    2451834.    	    1.412830    
    2451835.    	    1.534920    
    2451836.    	    1.581900    
    2451837.    	    1.185980    
    2451838.    	    1.248040    
    2451839.    	    1.461600    
    2451840.    	    1.735370    
    2451841.    	    1.682190    
    2451842.    	    1.653850    
    2451843.    	    1.435820    
    2451844.    	    1.431800    
    2451845.    	    1.413230    
    2451846.    	    1.335530    
    2451847.    	    1.289930    
    2451848.    	    1.271850    
    2451849.    	    1.284330    
    2451850.    	    1.135510    
    2451851.    	    1.272990    
    2451852.    	    1.581050    
    2451853.    	    1.552500    
    2451854.    	    1.391440    
    2451855.    	    1.084100    
    2451856.    	    1.104370    
    2451857.    	    1.340910    
    2451858.    	    1.336020    
    2451859.    	    1.436400    
    2451860.    	    1.349430    
    2451861.    	   0.7877230    
    2451862.    	    1.050910    
    2451863.    	    1.494810    
    2451864.    	    1.886700    
    2451865.    	    2.077540    
    2451866.    	    2.151640    
    2451867.    	    2.285730    
    2451868.    	    2.138550    
    2451869.    	    2.167180    
    2451870.    	    2.202780    
    2451871.    	    2.087240    
    2451872.    	    2.028780    
    2451873.    	    2.052820    
    2451874.    	    1.764630    
    2451875.    	    1.484690    
    2451876.    	    1.521560    
    2451877.    	    1.769090    
    2451878.    	    1.812690    
    2451879.    	    1.786700    
    2451880.    	    1.802470    
    2451881.    	    1.658220    
    2451882.    	    1.829810    
    2451883.    	    1.758680    
    2451884.    	    1.628780    
    2451885.    	    1.688550    
    2451886.    	    1.641190    
    2451887.    	    1.535940    
    2451888.    	    1.440510    
    2451889.    	    1.209130    
    2451890.    	    1.244960    
    2451891.    	    1.523000    
    2451892.    	    1.631840    
    2451893.    	    1.519130    
    2451894.    	    1.249720    
    2451895.    	    1.127330    
    2451896.    	    1.151740    
    2451897.    	   0.7816780    
    2451898.    	   0.9012520    
    2451899.    	   0.9132530    
    2451900.    	   0.8981730    
    2451901.    	   0.9974410    
    2451902.    	   0.8313870    
    2451903.    	   0.7832890    
    2451904.    	   0.8431580    
    2451905.    	   0.7566080    
    2451906.    	   0.5905430    
    2451907.    	   0.6643270    
    2451908.    	   0.5099110    
    2451909.    	   0.3774560    
    2451910.    	   0.5520910    
    2451911.    	   0.8085350    
    2451912.    	   0.8509040    
    2451913.    	   0.8968380    
    2451914.    	    1.021890    
    2451915.    	    1.002420    
    2451916.    	    1.132790    
    2451917.    	    1.353600    
    2451918.    	    1.633350    
    2451919.    	    1.764590    
    2451920.    	    1.768040    
    2451921.    	    1.613930    
    2451922.    	    1.543000    
    2451923.    	    1.346540    
    2451924.    	    1.560120    
    2451925.    	    1.620450    
    2451926.    	    1.625710    
    2451927.    	    1.548000    
    2451928.    	    1.677210    
    2451929.    	    1.954210    
    2451930.    	    2.357990    
    2451931.    	    2.499440    
    2451932.    	    2.747110    
    2451933.    	    2.827210    
    2451934.    	    2.470400    
    2451935.    	    2.331770    
    2451936.    	    2.676100    
    2451937.    	    2.458350    
    2451938.    	    2.537260    
    2451939.    	    2.437320    
    2451940.    	    2.022510    
    2451941.    	    1.846000    
    2451942.    	    1.821980    
    2451943.    	    1.936660    
    2451944.    	    2.048900    
    2451945.    	    2.228600    
    2451946.    	    2.364360    
    2451947.    	    2.263650    
    2451948.    	    1.851180    
    2451949.    	    1.784580    
    2451950.    	    2.058700    
    2451951.    	    2.211780    
    2451952.    	    2.260440    
    2451953.    	    2.420120    
    2451954.    	    2.650390    
    2451955.    	    2.600010    
    2451956.    	    2.475630    
    2451957.    	    2.418140    
    2451958.    	    2.443180    
    2451959.    	    2.582430    
    2451960.    	    2.465340    
    2451961.    	    2.303140    
    2451962.    	    2.450950    
    2451963.    	    2.462640    
    2451964.    	    2.578850    
    2451965.    	    2.476500    
    2451966.    	    2.505250    
    2451967.    	    2.595590    
    2451968.    	    2.565000    
    2451969.    	    2.346300    
    2451970.    	    2.216790    
    2451971.    	    1.853300    
    2451972.    	    1.626090    
    2451973.    	    1.392560    
    2451974.    	   0.8573390    
    2451975.    	   0.7212850    
    2451976.    	   0.5446500    
    2451977.    	   0.3238280    
    2451978.    	   0.3850920    
    2451979.    	   0.5894630    
    2451980.    	   0.5605320    
    2451981.    	   0.4379280    
    2451982.    	   0.4999800    
    2451983.    	   0.5769210    
    2451984.    	   0.5714580    
    2451985.    	   0.3109500    
    2451986.    	   0.1574660    
    2451987.    	   0.1746910    
    2451988.    	   0.3559130    
    2451989.    	   0.3879320    
    2451990.    	   0.3226390    
    2451991.    	   0.2203100    
    2451992.    	   0.1619930    
    2451993.    	   0.1753840    
    2451994.    	   0.2917310    
    2451995.    	   0.1630480    
    2451996.    	   0.3528770    
    2451997.    	   0.4515330    
    2451998.    	   0.5667500    
    2451999.    	   0.8218730    
    2452000.    	   0.7787250    
    2452001.    	   0.8256300    
    2452002.    	   0.9500600    
    2452003.    	   0.7341520    
    2452004.    	   0.5921720    
    2452005.    	   0.7666400    
    2452006.    	   0.6278270    
    2452007.    	   0.6205770    
    2452008.    	   0.7651780    
    2452009.    	   0.6992220    
    2452010.    	   0.4823130    
    2452011.    	   0.1042430    
    2452012.    	   0.3036040    
    2452013.    	   0.5205420    
    2452014.    	   0.9430920    
    2452015.    	    1.066080    
    2452016.    	   0.9592610    
    2452017.    	   0.5246370    
    2452018.    	   0.5746430    
    2452019.    	   0.3372420    
    2452020.    	   0.2851880    
    2452021.    	   0.1066190    
    2452022.    	   0.5308190    
    2452023.    	   0.7040140    
    2452024.    	   0.7770340    
    2452025.    	   0.7749020    
    2452026.    	    1.018340    
    2452027.    	   0.9639180    
    2452028.    	    1.132530    
    2452029.    	    1.011590    
    2452030.    	   0.8742920    
    2452031.    	   0.7725980    
    2452032.    	   0.8339630    
    2452033.    	   0.6966750    
    2452034.    	   0.8716760    
    2452035.    	   0.9599680    
    2452036.    	   0.9374840    
    2452037.    	   0.9938810    
    2452038.    	    1.197440    
    2452039.    	    1.586670    
    2452040.    	    1.884190    
    2452041.    	    1.873420    
    2452042.    	    1.694010    
    2452043.    	    1.677720    
    2452044.    	    1.392520    
    2452045.    	    1.201030    
    2452046.    	    1.144120    
    2452047.    	    1.405190    
    2452048.    	    1.792170    
    2452049.    	    2.156640    
    2452050.    	    2.352400    
    2452051.    	    2.472810    
    2452052.    	    2.356860    
    2452053.    	    2.283150    
    2452054.    	    1.803110    
    2452055.    	    1.499130    
    2452056.    	    1.492050    
    2452057.    	    1.624080    
    2452058.    	    1.597280    
    2452059.    	    1.602350    
    2452060.    	    1.790570    
    2452061.    	    1.691340    
    2452062.    	    1.995910    
    2452063.    	    2.032470    
    2452064.    	    1.693050    
    2452065.    	    1.418970    
    2452066.    	    1.285860    
    2452067.    	    1.350180    
    2452068.    	    1.158750    
    2452069.    	   0.8861890    
    2452070.    	   0.8669580    
    2452071.    	   0.8293490    
    2452072.    	   0.6118480    
    2452073.    	   0.2579760    
    2452074.    	   7.7337302E-02
    2452075.    	   0.2693110    
    2452076.    	   0.3844350    
    2452077.    	   0.3181370    
    2452078.    	   0.4888570    
    2452079.    	   0.2062770    
    2452080.    	   4.5138899E-02
    2452081.    	   0.2430770    
    2452082.    	   0.4217150    
    2452083.    	   0.5061670    
    2452084.    	   0.2536190    
    2452085.    	   0.4089530    
    2452086.    	   0.6812880    
    2452087.    	   0.9070510    
    2452088.    	    1.343430    
    2452089.    	    1.456250    
    2452090.    	    1.422190    
    2452091.    	    1.561900    
    2452092.    	    1.633000    
    2452093.    	    2.059440    
    2452094.    	    2.159550    
    2452095.    	    2.021550    
    2452096.    	    1.692130    
    2452097.    	    1.694330    
    2452098.    	    1.651240    
    2452099.    	    1.421580    
    2452100.    	    1.284320    
    2452101.    	    1.412040    
    2452102.    	    1.295850    
    2452103.    	    1.425600    
    2452104.    	    1.568330    
    2452105.    	    1.699320    
    2452106.    	    1.700980    
    2452107.    	    1.792870    
    2452108.    	    1.764470    
    2452109.    	    1.586710    
    2452110.    	    1.288590    
    2452111.    	    1.310330    
    2452112.    	    1.426810    
    2452113.    	    1.519500    
    2452114.    	    1.593050    
    2452115.    	    1.646100    
    2452116.    	    1.717260    
    2452117.    	    1.439940    
    2452118.    	    1.034600    
    2452119.    	    1.219120    
    2452120.    	   0.9267910    
    2452121.    	   0.7957930    
    2452122.    	   0.4766090    
    2452123.    	   0.4915890    
    2452124.    	   0.8714310    
    2452125.    	    1.215960    
    2452126.    	    1.183890    
    2452127.    	    1.308840    
    2452128.    	    1.454950    
    2452129.    	    1.218090    
    2452130.    	    1.196280    
    2452131.    	    1.095730    
    2452132.    	    1.133790    
    2452133.    	    1.433570    
    2452134.    	    1.636720    
    2452135.    	    1.925330    
    2452136.    	    2.113680    
    2452137.    	    2.108050    
    2452138.    	    2.092420    
    2452139.    	    2.043090    
    2452140.    	    2.145930    
    2452141.    	    1.823470    
    2452142.    	    1.652010    
    2452143.    	    1.727550    
    2452144.    	    1.838580    
    2452145.    	    1.836160    
    2452146.    	    1.440920    
    2452147.    	    1.460090    
    2452148.    	    1.199540    
    2452149.    	   0.8955080    
    2452150.    	   0.8657530    
    2452151.    	   0.7644730    
    2452152.    	   0.6273150    
    2452153.    	   0.5095970    
    2452154.    	   0.4297460    
    2452155.    	   0.4806870    
    2452156.    	   0.5988380    
    2452157.    	   0.7758690    
    2452158.    	   0.9580160    
    2452159.    	    1.191430    
    2452160.    	    1.254060    
    2452161.    	    1.246010    
    2452162.    	    1.025840    
    2452163.    	   0.9972820    
    2452164.    	    1.069200    
    2452165.    	    1.282500    
    2452166.    	    1.287020    
    2452167.    	    1.425730    
    2452168.    	    1.495760    
    2452169.    	    1.534570    
    2452170.    	    1.494590    
    2452171.    	    1.484190    
    2452172.    	    1.211730    
    2452173.    	   0.9547960    
    2452174.    	    1.020740    
    2452175.    	    1.086590    
    2452176.    	    1.079560    
    2452177.    	    1.096200    
    2452178.    	    1.125820    
    2452179.    	    1.543790    
    2452180.    	    1.771060    
    2452181.    	    1.916950    
    2452182.    	    1.917000    
    2452183.    	    1.788400    
    2452184.    	    1.787010    
    2452185.    	    1.546270    
    2452186.    	    1.612480    
    2452187.    	    1.572310    
    2452188.    	    1.686330    
    2452189.    	    1.702930    
    2452190.    	    1.766750    
    2452191.    	    1.813760    
    2452192.    	    1.377980    
    2452193.    	    1.388900    
    2452194.    	    1.459810    
    2452195.    	    1.433910    
    2452196.    	    1.420960    
    2452197.    	    1.292910    
    2452198.    	    1.068000    
    2452199.    	   0.7885130    
    2452200.    	   0.8243290    
    2452201.    	   0.7509880    
    2452202.    	   0.9635570    
    2452203.    	    1.215290    
    2452204.    	    1.131000    
    2452205.    	    1.218970    
    2452206.    	    1.287870    
    2452207.    	    1.365450    
    2452208.    	    1.174310    
    2452209.    	    1.135210    
    2452210.    	    1.068630    
    2452211.    	    1.407670    
    2452212.    	    1.846000    
    2452213.    	    1.821280    
    2452214.    	    1.612820    
    2452215.    	    1.556110    
    2452216.    	    1.166860    
    2452217.    	   0.8358860    
    2452218.    	   0.9777730    
    2452219.    	   0.9361570    
    2452220.    	   0.8294020    
    2452221.    	   0.8495590    
    2452222.    	    1.016740    
    2452223.    	    1.108060    
    2452224.    	    1.231400    
    2452225.    	    1.013240    
    2452226.    	   0.6396100    
    2452227.    	   0.8395540    
    2452228.    	   0.8398990    
    2452229.    	   0.8797450    
    2452230.    	   0.9500290    
    2452231.    	    1.089020    
    2452232.    	   0.9933990    
    2452233.    	    1.002870    
    2452234.    	   0.9562220    
    2452235.    	    1.162280    
    2452236.    	    1.106230    
    2452237.    	    1.073360    
    2452238.    	   0.8936400    
    2452239.    	   0.8509730    
    2452240.    	    1.037210    
    2452241.    	    1.177460    
    2452242.    	   0.8793210    
    2452243.    	   0.6438630    
    2452244.    	   0.3072580    
    2452245.    	   0.4875950    
    2452246.    	   0.7381280    
    2452247.    	    1.014900    
    2452248.    	    1.492260    
    2452249.    	    1.740380    
    2452250.    	    2.048880    
    2452251.    	    1.910250    
    2452252.    	    1.840040    
    2452253.    	    1.937560    
    2452254.    	    2.188660    
    2452255.    	    2.288270    
    2452256.    	    1.904690    
    2452257.    	    1.690450    
    2452258.    	    1.592180    
    2452259.    	    1.708350    
    2452260.    	    1.861490    
    2452261.    	    1.908400    
    2452262.    	    1.949760    
    2452263.    	    2.082570    
    2452264.    	    1.778720    
    2452265.    	    1.615220    
    2452266.    	    1.615960    
    2452267.    	    1.650860    
    2452268.    	    1.780520    
    2452269.    	    1.736420    
    2452270.    	    1.935530    
    2452271.    	    2.163220    
    2452272.    	    2.043450    
    2452273.    	    1.770750    
    2452274.    	    1.423240    
    2452275.    	    1.433210    
    2452276.    	    1.585350    
    2452277.    	    1.402310    
    2452278.    	    1.296010    
    2452279.    	    1.009710    
    2452280.    	   0.6494680    
    2452281.    	   0.9168860    
    2452282.    	    1.100510    
    2452283.    	    1.256250    
    2452284.    	    1.331410    
    2452285.    	    1.144260    
    2452286.    	    1.013520    
    2452287.    	    1.309640    
    2452288.    	    1.673770    
    2452289.    	    1.862010    
    2452290.    	    2.012430    
    2452291.    	    1.792960    
    2452292.    	    1.776090    
    2452293.    	    2.041700    
    2452294.    	    2.310120    
    2452295.    	    2.559080    
    2452296.    	    2.765010    
    2452297.    	    2.899070    
    2452298.    	    2.911090    
    2452299.    	    2.778800    
    2452300.    	    2.613180    
    2452301.    	    2.084960    
    2452302.    	    2.001210    
    2452303.    	    1.524980    
    2452304.    	    1.082530    
    2452305.    	   0.9117830    
    2452306.    	    1.079330    
    2452307.    	   0.9896570    
    2452308.    	   0.9836980    
    2452309.    	   0.4713650    
    2452310.    	   0.5491080    
    2452311.    	   0.6317680    
    2452312.    	   0.8129130    
    2452313.    	   0.9891140    
    2452314.    	    1.276480    
    2452315.    	    1.251280    
    2452316.    	    1.236020    
    2452317.    	    1.072950    
    2452318.    	   0.7095860    
    2452319.    	   0.3898400    
    2452320.    	   0.3917740    
    2452321.    	   0.2559630    
    2452322.    	   0.7183020    
    2452323.    	    1.294960    
    2452324.    	    1.343900    
    2452325.    	    1.509210    
    2452326.    	    1.352410    
    2452327.    	    1.338890    
    2452328.    	    1.502730    
    2452329.    	    1.832450    
    2452330.    	    1.707110    
    2452331.    	    1.685120    
    2452332.    	    1.570200    
    2452333.    	    1.347420    
    2452334.    	    1.066190    
    2452335.    	   0.9005490    
    2452336.    	   0.6956380    
    2452337.    	   0.5995080    
    2452338.    	   0.2260390    
    2452339.    	   0.5128850    
    2452340.    	   0.8835620    
    2452341.    	   0.9231560    
    2452342.    	   0.5626200    
    2452343.    	   7.4133597E-02
    2452344.    	   0.1749190    
    2452345.    	   0.6988060    
    2452346.    	    1.121500    
    2452347.    	    1.291560    
    2452348.    	    1.337260    
    2452349.    	    1.478660    
    2452350.    	    1.645010    
    2452351.    	    1.810970    
    2452352.    	    1.853380    
    2452353.    	    2.013300    
    2452354.    	    1.843300    
    2452355.    	    1.759350    
    2452356.    	    1.931680    
    2452357.    	    2.143830    
    2452358.    	    1.921690    
    2452359.    	    1.750390    
    2452360.    	    1.592090    
    2452361.    	    1.699870    
    2452362.    	    1.970030    
    2452363.    	    1.929070    
    2452364.    	    1.771480    
    2452365.    	    1.261710    
    2452366.    	   0.6717240    
    2452367.    	   0.6280730    
    2452368.    	   0.4215870    
    2452369.    	   6.1675798E-02
    2452370.    	   0.3067330    
    2452371.    	   0.6155830    
    2452372.    	   0.8458190    
    2452373.    	   0.8091790    
    2452374.    	   0.7633960    
    2452375.    	   0.7984090    
    2452376.    	   0.9269800    
    2452377.    	    1.197230    
    2452378.    	    1.294950    
    2452379.    	    1.338710    
    2452380.    	    1.221280    
    2452381.    	    1.086540    
    2452382.    	   0.9986760    
    2452383.    	   0.9152420    
    2452384.    	   0.7351270    
    2452385.    	   0.5264860    
    2452386.    	   0.5872040    
    2452387.    	   0.3721460    
    2452388.    	   0.5599270    
    2452389.    	   0.7917240    
    2452390.    	   0.8507160    
    2452391.    	    1.011430    
    2452392.    	    1.399830    
    2452393.    	    1.562520    
    2452394.    	    1.600630    
    2452395.    	    1.815410    
    2452396.    	    1.877850    
    2452397.    	    2.195960    
    2452398.    	    2.094820    
    2452399.    	    1.934050    
    2452400.    	    2.025770    
    2452401.    	    2.165380    
    2452402.    	    2.299750    
    2452403.    	    2.009310    
    2452404.    	    2.222710    
    2452405.    	    2.675950    
    2452406.    	    2.510770    
    2452407.    	    2.274460    
    2452408.    	    2.313620    
    2452409.    	    2.509450    
    2452410.    	    2.616090    
    2452411.    	    2.600580    
    2452412.    	    2.695180    
    2452413.    	    2.991040    
    2452414.    	    2.789030    
    2452415.    	    2.595800    
    2452416.    	    2.785640    
    2452417.    	    2.923630    
    2452418.    	    2.796690    
    2452419.    	    2.664070    
    2452420.    	    2.518360    
    2452421.    	    2.554090    
    2452422.    	    2.491540    
    2452423.    	    2.337900    
    2452424.    	    2.310240    
    2452425.    	    2.104140    
    2452426.    	    1.799270    
    2452427.    	    1.690840    
    2452428.    	    1.733810    
    2452429.    	    1.575990    
    2452430.    	    1.610690    
    2452431.    	    1.773540    
    2452432.    	    1.821530    
    2452433.    	    1.830410    
    2452434.    	    1.768640    
    2452435.    	    2.303130    
    2452436.    	    2.320530    
    2452437.    	    2.405160    
    2452438.    	    2.122550    
    2452439.    	    2.011910    
    2452440.    	    1.824460    
    2452441.    	    2.041350    
    2452442.    	    1.939190    
    2452443.    	    1.909390    
    2452444.    	    2.044360    
    2452445.    	    1.831330    
    2452446.    	    1.724870    
    2452447.    	    1.610470    
    2452448.    	    1.617580    
    2452449.    	    1.507220    
    2452450.    	    1.731950    
    2452451.    	    1.750360    
    2452452.    	    1.885640    
    2452453.    	    1.752960    
    2452454.    	    1.826650    
    2452455.    	    2.125200    
    2452456.    	    2.319790    
    2452457.    	    2.441990    
    2452458.    	    2.696790    
    2452459.    	    2.735360    
    2452460.    	    2.789650    
    2452461.    	    2.893410    
    2452462.    	    2.926220    
    2452463.    	    2.707830    
    2452464.    	    2.516870    
    2452465.    	    2.185760    
    2452466.    	    2.003110    
    2452467.    	    1.649540    
    2452468.    	    1.864090    
    2452469.    	    2.136220    
    2452470.    	    2.093240    
    2452471.    	    2.103920    
    2452472.    	    2.161980    
    2452473.    	    2.120240    
    2452474.    	    1.937930    
    2452475.    	    1.729460    
    2452476.    	    1.510680    
    2452477.    	   0.9649140    
    2452478.    	   0.7706090    
    2452479.    	   0.8116050    
    2452480.    	   0.5652630    
    2452481.    	   0.4489310    
    2452482.    	   0.3807870    
    2452483.    	   0.6219450    
    2452484.    	   0.7539020    
    2452485.    	   0.9253780    
    2452486.    	   0.9885340    
    2452487.    	   0.9507250    
    2452488.    	    1.002270    
    2452489.    	    1.224530    
    2452490.    	    1.101090    
    2452491.    	    1.117550    
    2452492.    	    1.138970    
    2452493.    	    1.194280    
    2452494.    	    1.050700    
    2452495.    	    1.214890    
    2452496.    	    1.363680    
    2452497.    	    1.420140    
    2452498.    	    1.525120    
    2452499.    	    1.705810    
    2452500.    	    2.057450    
    2452501.    	    2.321730    
    2452502.    	    2.021090    
    2452503.    	    1.716230    
    2452504.    	    1.472640    
    2452505.    	    1.295320    
    2452506.    	    1.087390    
    2452507.    	    1.022340    
    2452508.    	    1.013080    
    2452509.    	    1.509240    
    2452510.    	    1.718450    
    2452511.    	    1.799150    
    2452512.    	    1.718760    
    2452513.    	    1.614220    
    2452514.    	    1.617650    
    2452515.    	    1.552770    
    2452516.    	    1.311310    
    2452517.    	    1.137180    
    2452518.    	   0.9822870    
    2452519.    	   0.7168010    
    2452520.    	   0.6353390    
    2452521.    	   0.5551830    
    2452522.    	   0.4802990    
    2452523.    	   0.4872040    
    2452524.    	   0.4274660    
    2452525.    	   0.6161460    
    2452526.    	   0.6245290    
    2452527.    	   0.6454210    
    2452528.    	   0.6073230    
    2452529.    	   0.5169270    
    2452530.    	   0.4183310    
    2452531.    	   0.3753480    
    2452532.    	   0.3931040    
    2452533.    	   0.4332270    
    2452534.    	   0.5853450    
    2452535.    	   0.7932720    
    2452536.    	   0.8906450    
    2452537.    	   0.7357810    
    2452538.    	   0.5732210    
    2452539.    	   0.5911700    
    2452540.    	   0.7540490    
    2452541.    	    1.103590    
    2452542.    	    1.114120    
    2452543.    	    1.224180    
    2452544.    	    1.421480    
    2452545.    	    1.161120    
    2452546.    	   0.9000440    
    2452547.    	   0.6762490    
    2452548.    	   0.5985010    
    2452549.    	   0.5967840    
    2452550.    	   0.7018780    
    2452551.    	   0.6481760    
    2452552.    	   0.8492490    
    2452553.    	    1.135890    
    2452554.    	    1.245210    
    2452555.    	    1.335300    
    2452556.    	    1.224100    
    2452557.    	    1.000930    
    2452558.    	   0.6729740    
    2452559.    	   0.5989860    
    2452560.    	   0.6108820    
    2452561.    	   0.3275930    
    2452562.    	   0.3891510    
    2452563.    	   0.3472480    
    2452564.    	   0.1743070    
    2452565.    	   0.2565930    
    2452566.    	   0.2346170    
    2452567.    	   0.5631200    
    2452568.    	   0.5931180    
    2452569.    	   0.5837810    
    2452570.    	   0.6892910    
    2452571.    	   0.7922640    
    2452572.    	   0.8076740    
    2452573.    	   0.9107230    
    2452574.    	    1.245060    
    2452575.    	    1.644070    
    2452576.    	    1.828050    
    2452577.    	    1.948980    
    2452578.    	    1.917230    
    2452579.    	    1.821740    
    2452580.    	    1.963060    
    2452581.    	    1.994020    
    2452582.    	    2.167800    
    2452583.    	    2.343410    
    2452584.    	    2.265910    
    2452585.    	    2.118270    
    2452586.    	    1.983530    
    2452587.    	    2.060880    
    2452588.    	    2.051610    
    2452589.    	    2.006480    
    2452590.    	    2.026680    
    2452591.    	    2.239120    
    2452592.    	    2.199450    
    2452593.    	    2.098440    
    2452594.    	    2.135760    
    2452595.    	    2.283240    
    2452596.    	    2.362860    
    2452597.    	    2.591840    
    2452598.    	    2.446110    
    2452599.    	    2.450740    
    2452600.    	    2.559000    
    2452601.    	    2.476330    
    2452602.    	    2.449440    
    2452603.    	    2.511570    
    2452604.    	    2.255540    
    2452605.    	    2.240960    
    2452606.    	    2.238170    
    2452607.    	    2.209610    
    2452608.    	    2.391790    
    2452609.    	    2.392440    
    2452610.    	    2.172380    
    2452611.    	    1.814030    
    2452612.    	    1.575560    
    2452613.    	    1.483970    
    2452614.    	    1.569110    
    2452615.    	    1.687020    
    2452616.    	    1.799620    
    2452617.    	    1.389450    
    2452618.    	    1.163510    
    2452619.    	    1.070920    
    2452620.    	   0.8568380    
    2452621.    	   0.9249290    
    2452622.    	    1.142730    
    2452623.    	    1.363560    
    2452624.    	    1.628690    
    2452625.    	    2.052860    
    2452626.    	    2.193500    
    2452627.    	    2.061450    
    2452628.    	    2.061240    
    2452629.    	    2.007020    
    2452630.    	    1.985770    
    2452631.    	    2.163930    
    2452632.    	    2.540810    
    2452633.    	    2.912190    
    2452634.    	    2.875770    
    2452635.    	    2.746010    
    2452636.    	    2.489330    
    2452637.    	    2.342820    
    2452638.    	    2.174410    
    2452639.    	    1.875560    
    2452640.    	    1.458320    
    2452641.    	    1.283410    
    2452642.    	   0.9819920    
    2452643.    	   0.8407520    
    2452644.    	   0.8012410    
    2452645.    	   0.5156630    
    2452646.    	   0.5709310    
    2452647.    	   0.9684240    
    2452648.    	    1.084900    
    2452649.    	    1.121620    
    2452650.    	    1.141590    
    2452651.    	    1.101900    
    2452652.    	    1.024420    
    2452653.    	   0.9753290    
    2452654.    	   0.8671540    
    2452655.    	   0.9813400    
    2452656.    	    1.106710    
    2452657.    	    1.098210    
    2452658.    	   0.9565960    
    2452659.    	   0.9954540    
    2452660.    	   0.4641820    
    2452661.    	   0.5079570    
    2452662.    	   0.5937420    
    2452663.    	   0.6886380    
    2452664.    	   0.7872900    
    2452665.    	   0.1672040    
    2452666.    	   7.6934099E-02
    2452667.    	   0.3350160    
    2452668.    	   0.6968180    
    2452669.    	   0.8004760    
    2452670.    	   0.9279840    
    2452671.    	   0.7545850    
    2452672.    	   0.8367660    
    2452673.    	   0.8387640    
    2452674.    	   0.7965510    
    2452675.    	   0.8826300    
    2452676.    	   0.8417440    
    2452677.    	   0.7434940    
    2452678.    	   0.2063160    
    2452679.    	   0.1254640    
    2452680.    	   0.3344500    
    2452681.    	   0.5977370    
    2452682.    	    1.046580    
    2452683.    	    1.169770    
    2452684.    	    1.034000    
    2452685.    	   0.8617660    
    2452686.    	   0.5394470    
    2452687.    	   0.3585030    
    2452688.    	   0.5593420    
    2452689.    	   0.4813610    
    2452690.    	   0.5094410    
    2452691.    	   0.4587150    
    2452692.    	   0.4425020    
    2452693.    	   0.6280590    
    2452694.    	   0.6985260    
    2452695.    	   0.9003540    
    2452696.    	   0.9231880    
    2452697.    	   0.9803940    
    2452698.    	    1.024390    
    2452699.    	    1.194860    
    2452700.    	    1.237004    
    2452701.    	    1.273567    
    2452702.    	    1.376008    
    2452703.    	    1.453775    
    2452704.    	    1.347710    
    2452705.    	    1.306925    
    2452706.    	    1.242686    
    2452707.    	    1.279904    
    2452708.    	    1.132357    
    2452709.    	    1.130089    
    2452710.    	   0.8203995    
    2452711.    	   0.8936497    
    2452712.    	    1.419391    
    2452713.    	    1.866246    
    2452714.    	    1.931483    
    2452715.    	    2.244868    
    2452716.    	    2.329907    
    2452717.    	    2.250428    
    2452718.    	    1.947245    
    2452719.    	    1.799362    
    2452720.    	    1.759274    
    2452721.    	    1.718231    
    2452722.    	    1.613991    
    2452723.    	    1.626711    
    2452724.    	    1.519809    
    2452725.    	    1.203088    
    2452726.    	    1.103588    
    2452727.    	   0.9927521    
    2452728.    	   0.9535457    
    2452729.    	    1.056254    
    2452730.    	    1.512685    
    2452731.    	    1.903690    
    2452732.    	    1.879127    
    2452733.    	    1.461761    
    2452734.    	    1.299062    
    2452735.    	    1.230330    
    2452736.    	    1.212502    
    2452737.    	    1.548023    
    2452738.    	    1.333066    
    2452739.    	    1.127061    
    2452740.    	    1.386566    
    2452741.    	    1.430216    
    2452742.    	    1.370992    
    2452743.    	    1.064087    
    2452744.    	   0.8276113    
    2452745.    	   0.9013318    
    2452746.    	   0.9906775    
    2452747.    	   0.7048007    
    2452748.    	   0.4859005    
    2452749.    	   0.5970130    
    2452750.    	   0.6450527    
    2452751.    	   0.8406020    
    2452752.    	   0.9667937    
    2452753.    	    1.088878    
    2452754.    	    1.002636    
    2452755.    	    1.099228    
    2452756.    	    1.040072    
    2452757.    	    1.149063    
    2452758.    	    1.255237    
    2452759.    	    1.728890    
    2452760.    	    2.052321    
    2452761.    	    1.777690    
    2452762.    	    1.485029    
    2452763.    	    1.139497    
    2452764.    	   0.9536672    
    2452765.    	    1.355806    
    2452766.    	    1.408332    
    2452767.    	    1.273594    
    2452768.    	    1.389321    
    2452769.    	    1.634362    
    2452770.    	    1.820935    
    2452771.    	    2.041030    
    2452772.    	    2.193282    
    2452773.    	    2.519481    
    2452774.    	    2.881951    
    2452775.    	    2.943409    
    2452776.    	    3.060165    
    2452777.    	    2.776133    
    2452778.    	    2.428885    
    2452779.    	    2.538969    
    2452780.    	    2.687195    
    2452781.    	    3.175836    
    2452782.    	    3.414620    
    2452783.    	    3.257855    
    2452784.    	    2.936419    
    2452785.    	    2.961502    
    2452786.    	    3.010888    
    2452787.    	    2.729275    
    2452788.    	    2.225116    
    2452789.    	    1.945656    
    2452790.    	    1.828311    
    2452791.    	    1.811223    
    2452792.    	    1.733747    
    2452793.    	    1.837593    
    2452794.    	    1.857602    
    2452795.    	    2.047658    
    2452796.    	    1.853975    
    2452797.    	    1.663581    
    2452798.    	    1.734646    
    2452799.    	    1.895567    
    2452800.    	    2.079920    
    2452801.    	    2.020083    
    2452802.    	    1.958897    
    2452803.    	    1.900682    
    2452804.    	    1.737406    
    2452805.    	    1.629974    
    2452806.    	    1.782202    
    2452807.    	    1.981833    
    2452808.    	    2.127858    
    2452809.    	    2.027704    
    2452810.    	    1.770534    
    2452811.    	    1.813097    
    2452812.    	    1.675595    
    2452813.    	    1.700706    
    2452814.    	    1.645200    
    2452815.    	    1.295327    
    2452816.    	    1.055960    
    2452817.    	    1.053429    
    2452818.    	   0.9291556    
    2452819.    	   0.6737412    
    2452820.    	   0.8525317    
    2452821.    	    1.195617    
    2452822.    	    1.732520    
    2452823.    	    1.838818    
    2452824.    	    1.703440    
    2452825.    	    1.428444    
    2452826.    	    1.212116    
    2452827.    	    1.178019    
    2452828.    	    1.244608    
    2452829.    	    1.251055    
    2452830.    	    1.026286    
    2452831.    	    1.004322    
    2452832.    	   0.8152301    
    2452833.    	   0.6179494    
    2452834.    	   0.3460092    
    2452835.    	   0.5283186    
    2452836.    	   0.6007878    
    2452837.    	   0.5081137    
    2452838.    	   0.2837729    
    2452839.    	   0.7179362    
    2452840.    	    1.072062    
    2452841.    	    1.217339    
    2452842.    	    1.252382    
    2452843.    	    1.323921    
    2452844.    	    1.180729    
    2452845.    	    1.019369    
    2452846.    	   0.8802299    
    2452847.    	   0.7091444    
    2452848.    	   0.6495761    
    2452849.    	   0.8261841    
    2452850.    	   0.9660646    
    2452851.    	   0.9382748    
    2452852.    	   0.7055079    
    2452853.    	   0.6070444    
    2452854.    	   0.8503521    
    2452855.    	   0.9942614    
    2452856.    	    1.075192    
    2452857.    	   0.9479176    
    2452858.    	   0.5882189    
    2452859.    	   0.3195755    
    2452860.    	   0.3213965    
    2452861.    	   0.3068524    
    2452862.    	   0.2554329    
    2452863.    	   0.2977568    
    2452864.    	   0.2181363    
    2452865.    	   0.3256071    
    2452866.    	   0.6523987    
    2452867.    	   0.7280821    
    2452868.    	   0.6159932    
    2452869.    	   0.3093176    
    2452870.    	   0.2123394    
    2452871.    	   0.6977928    
    2452872.    	   0.7493166    
    2452873.    	   0.7560039    
    2452874.    	   0.7674152    
    2452875.    	    1.144999    
    2452876.    	    1.027470    
    2452877.    	   0.8128093    
    2452878.    	   0.8798833    
    2452879.    	   0.7332619    
    2452880.    	   0.5083296    
    2452881.    	   0.4190026    
    2452882.    	   0.4199330    
    2452883.    	   0.1817121    
    2452884.    	   0.3720015    
    2452885.    	   0.3817758    
    2452886.    	   0.2331795    
    2452887.    	   0.1626326    
    2452888.    	   0.2023516    
    2452889.    	   0.5800424    
    2452890.    	   0.8563302    
    2452891.    	    1.093913    
    2452892.    	    1.204367    
    2452893.    	    1.288944    
    2452894.    	    1.206415    
    2452895.    	   0.9079688    
    2452896.    	    1.108483    
    2452897.    	   0.9939914    
    2452898.    	    1.125375    
    2452899.    	    1.187207    
    2452900.    	    1.169084    
    2452901.    	   0.9998079    
    2452902.    	   0.8316869    
    2452903.    	   0.6378672    
    2452904.    	   0.5793527    
    2452905.    	   0.7086391    
    2452906.    	   0.8224747    
    2452907.    	   0.5646224    
    2452908.    	   0.4534156    
    2452909.    	   0.4431626    
    2452910.    	   0.6196794    
    2452911.    	   0.8298278    
    2452912.    	    1.119542    
    2452913.    	    1.024191    
    2452914.    	   0.7414754    
    2452915.    	   0.5640738    
    2452916.    	   0.4294284    
    2452917.    	   0.2890849    
    2452918.    	   0.6991740    
    2452919.    	    1.017096    
    2452920.    	   0.9061046    
    2452921.    	   0.9825969    
    2452922.    	    1.127937    
    2452923.    	    1.118116    
    2452924.    	    1.067079    
    2452925.    	    1.034787    
    2452926.    	    1.080817    
    2452927.    	    1.012078    
    2452928.    	    1.250741    
    2452929.    	    1.516971    
    2452930.    	    1.595250    
    2452931.    	    1.674128    
    2452932.    	    1.637561    
    2452933.    	    1.724249    
    2452934.    	    1.644645    
    2452935.    	    1.842938    
    2452936.    	    1.799673    
    2452937.    	    1.509313    
    2452938.    	    1.434261    
    2452939.    	    1.427307    
    2452940.    	    1.579435    
    2452941.    	    1.516267    
    2452942.    	    1.441403    
    2452943.    	    1.241406    
    2452944.    	   0.9657001    
    2452945.    	   0.6264464    
    2452946.    	   0.2429260    
    2452947.    	   0.2369787    
    2452948.    	   0.4217420    
    2452949.    	   0.4177792    
    2452950.    	   0.3641541    
    2452951.    	   0.4827590    
    2452952.    	   0.7448314    
    2452953.    	   0.6854072    
    2452954.    	   0.6611244    
    2452955.    	   0.8035538    
    2452956.    	   0.8604054    
    2452957.    	   0.5849466    
    2452958.    	   0.6761293    
    2452959.    	   0.6358656    
    2452960.    	   0.5095136    
    2452961.    	   9.0105146E-02
    2452962.    	   8.8928990E-02
    2452963.    	   0.2533428    
    2452964.    	   0.4559937    
    2452965.    	   0.5670827    
    2452966.    	   0.6221407    
    2452967.    	   0.7360459    
    2452968.    	   0.5654552    
    2452969.    	   0.4861382    
    2452970.    	   0.3363030    
    2452971.    	   0.2478635    
    2452972.    	   0.3975750    
    2452973.    	   0.5894833    
    2452974.    	   0.5712290    
    2452975.    	   0.6323354    
    2452976.    	   0.7347273    
    2452977.    	    1.062484    
    2452978.    	    1.353327    
    2452979.    	    1.459031    
    2452980.    	    1.542113    
    2452981.    	    1.605308    
    2452982.    	    1.417495    
    2452983.    	    1.659912    
    2452984.    	    1.801605    
    2452985.    	    1.964152    
    2452986.    	    1.997740    
    2452987.    	    1.777504    
    2452988.    	    1.736462    
    2452989.    	    1.915830    
    2452990.    	    1.969845    
    2452991.    	    1.879762    
    2452992.    	    1.800438    
    2452993.    	    2.008740    
    2452994.    	    2.017065    
    2452995.    	    1.876145    
    2452996.    	    2.125518    
    2452997.    	    2.243707    
    2452998.    	    2.183319    
    2452999.    	    2.392294    
    2453000.    	    2.515304    
    2453001.    	    2.373883    
    2453002.    	    2.235709    
    2453003.    	    2.067649    
    2453004.    	    1.843528    
    2453005.    	    1.609758    
    2453006.    	    1.833971    
    2453007.    	    1.824693    
    2453008.    	    1.679835    
    2453009.    	    1.595607    
    2453010.    	    1.992105    
    2453011.    	    2.162403    
    2453012.    	    2.346729    
    2453013.    	    2.630330    
    2453014.    	    2.844584    
    2453015.    	    2.897887    
    2453016.    	    2.917553    
    2453017.    	    2.828578    
    2453018.    	    2.411464    
    2453019.    	    2.091984    
    2453020.    	    2.142141    
    2453021.    	    2.253003    
    2453022.    	    2.174059    
    2453023.    	    1.904058    
    2453024.    	    1.716181    
    2453025.    	    2.176737    
    2453026.    	    2.348789    
    2453027.    	    2.214200    
    2453028.    	    2.002044    
    2453029.    	    2.024165    
    2453030.    	    2.164140    
    2453031.    	    2.499440    
    2453032.    	    2.510750    
    2453033.    	    2.277741    
    2453034.    	    2.219542    
    2453035.    	    2.505719    
    2453036.    	    2.436767    
    2453037.    	    2.502642    
    2453038.    	    2.345287    
    2453039.    	    2.447460    
    2453040.    	    2.600171    
    2453041.    	    2.530733    
    2453042.    	    2.412896    
    2453043.    	    2.482142    
    2453044.    	    2.512297    
    2453045.    	    2.128418    
    2453046.    	    1.702037    
    2453047.    	    1.282029    
    2453048.    	    1.057994    
    2453049.    	    1.006791    
    2453050.    	   0.8650306    
    2453051.    	    1.057013    
    2453052.    	    1.192444    
    2453053.    	    1.296185    
    2453054.    	   0.9902468    
    2453055.    	   0.5762488    
    2453056.    	   0.9303282    
    2453057.    	   0.9085312    
    2453058.    	   0.8427578    
    2453059.    	   0.5796263    
    2453060.    	   0.6307550    
    2453061.    	   0.6117138    
    2453062.    	   0.9992771    
    2453063.    	    1.445075    
    2453064.    	    1.477379    
    2453065.    	    1.480940    
    2453066.    	    1.570977    
    2453067.    	    1.373437    
    2453068.    	    1.228312    
    2453069.    	   0.9404710    
    2453070.    	   0.8704214    
    2453071.    	    1.163385    
    2453072.    	    1.235867    
    2453073.    	    1.384821    
    2453074.    	    1.410175    
    2453075.    	    1.668838    
    2453076.    	    1.959314    
    2453077.    	    2.135760    
    2453078.    	    2.276637    
    2453079.    	    2.352271    
    2453080.    	    2.352846    
    2453081.    	    2.412445    
    2453082.    	    2.760303    
    2453083.    	    2.818845    
    2453084.    	    2.876744    
    2453085.    	    2.963328    
    2453086.    	    2.946971    
    2453087.    	    2.893608    
    2453088.    	    3.179716    
    2453089.    	    3.134380    
    2453090.    	    2.883348    
    2453091.    	    2.660112    
    2453092.    	    2.649153    
    2453093.    	    2.552291    
    2453094.    	    2.285784    
    2453095.    	    2.338883    
    2453096.    	    2.199358    
    2453097.    	    1.928611    
    2453098.    	    1.652180    
    2453099.    	    1.434072    
    2453100.    	    1.084993    
    2453101.    	   0.8405135    
    2453102.    	   0.7552068    
    2453103.    	   0.5906137    
    2453104.    	   0.2605364    
    2453105.    	   0.3975642    
    2453106.    	   0.8898948    
    2453107.    	    1.254928    
    2453108.    	    1.113216    
    2453109.    	    1.342701    
    2453110.    	    1.598315    
    2453111.    	    1.559264    
    2453112.    	    1.225893    
    2453113.    	   0.7061948    
    2453114.    	   0.2015163    
    2453115.    	   0.6068665    
    2453116.    	    1.121356    
    2453117.    	    1.319770    
    2453118.    	    1.607184    
    2453119.    	    1.834183    
    2453120.    	    1.783414    
    2453121.    	    1.856927    
    2453122.    	    1.801623    
    2453123.    	    1.701303    
    2453124.    	    1.835351    
    2453125.    	    2.066868    
    2453126.    	    2.251708    
    2453127.    	    2.274097    
    2453128.    	    2.287527    
    2453129.    	    2.421252    
    2453130.    	    2.405407    
    2453131.    	    2.501844    
    2453132.    	    2.183331    
    2453133.    	    2.138929    
    2453134.    	    2.007571    
    2453135.    	    1.812568    
    2453136.    	    1.694700    
    2453137.    	    1.765995    
    2453138.    	    1.806575    
    2453139.    	    1.459582    
    2453140.    	    1.075009    
    2453141.    	    1.141009    
    2453142.    	   0.9378455    
    2453143.    	   0.8668540    
    2453144.    	   0.9389405    
    2453145.    	   0.6895390    
    2453146.    	   0.6445629    
    2453147.    	   0.4913180    
    2453148.    	   0.5952215    
    2453149.    	   0.5530378    
    2453150.    	   0.7417022    
    2453151.    	    1.206133    
    2453152.    	    1.491231    
    2453153.    	    1.583268    
    2453154.    	    1.660414    
    2453155.    	    1.430273    
    2453156.    	    1.105791    
    2453157.    	   0.6754759    
    2453158.    	   0.3560588    
    2453159.    	   0.3113072    
    2453160.    	   0.2790692    
    2453161.    	   0.4514984    
    2453162.    	   0.6993246    
    2453163.    	   0.5902456    
    2453164.    	   0.5350733    
    2453165.    	   0.5024562    
    2453166.    	   0.4249052    
    2453167.    	   0.2476794    
    2453168.    	   0.3211904    
    2453169.    	   0.5703623    
    2453170.    	   0.5584492    
    2453171.    	   0.7216830    
    2453172.    	   0.5989481    
    2453173.    	   0.6480917    
    2453174.    	   0.9101267    
    2453175.    	    1.419963    
    2453176.    	    1.520381    
    2453177.    	    1.339279    
    2453178.    	    1.076140    
    2453179.    	    1.289049    
    2453180.    	    1.418365    
    2453181.    	    1.625885    
    2453182.    	    1.745828    
    2453183.    	    1.755406    
    2453184.    	    2.037726    
    2453185.    	    2.300669    
    2453186.    	    2.324259    
    2453187.    	    1.986706    
    2453188.    	    1.842093    
    2453189.    	    1.884221    
    2453190.    	    2.125468    
    2453191.    	    2.207186    
    2453192.    	    2.585474    
    2453193.    	    2.682808    
    2453194.    	    2.799670    
    2453195.    	    2.649501    
    2453196.    	    2.505592    
    2453197.    	    2.490832    
    2453198.    	    2.255997    
    2453199.    	    2.111884    
    2453200.    	    2.232674    
    2453201.    	    2.083543    
    2453202.    	    2.012263    
    2453203.    	    1.821364    
    2453204.    	    1.508118    
    2453205.    	    1.293830    
    2453206.    	    1.249385    
    2453207.    	    1.071268    
    2453208.    	    1.120024    
    2453209.    	    1.138882    
    2453210.    	    1.183874    
    2453211.    	    1.010321    
    2453212.    	   0.5547307    
    2453213.    	   0.6188076    
    2453214.    	   0.7169920    
    2453215.    	   0.8437842    
    2453216.    	   0.5416967    
    2453217.    	   0.3378089    
    2453218.    	   0.4678836    
    2453219.    	   0.6273065    
    2453220.    	   0.9340367    
    2453221.    	    1.293099    
    2453222.    	    1.379399    
    2453223.    	    1.727481    
    2453224.    	    1.645898    
    2453225.    	    1.529983    
    2453226.    	    1.321295    
    2453227.    	    1.119729    
    2453228.    	    1.298713    
    2453229.    	    1.269285    
    2453230.    	    1.321900    
    2453231.    	    1.668125    
    2453232.    	    1.766462    
    2453233.    	    1.594847    
    2453234.    	    1.190572    
    2453235.    	   0.9269751    
    2453236.    	    1.020523    
    2453237.    	    1.211819    
    2453238.    	    1.262841    
    2453239.    	    1.306734    
    2453240.    	    1.502465    
    2453241.    	    1.559707    
    2453242.    	    1.347306    
    2453243.    	    1.180002    
    2453244.    	    1.068382    
    2453245.    	   0.9929798    
    2453246.    	    1.036300    
    2453247.    	   0.9263057    
    2453248.    	   0.8379924    
    2453249.    	   0.8336818    
    2453250.    	   0.9399859    
    2453251.    	    1.037058    
    2453252.    	    1.286068    
    2453253.    	    1.281817    
    2453254.    	    1.279744    
    2453255.    	    1.326581    
    2453256.    	    1.003695    
    2453257.    	   0.8814054    
    2453258.    	   0.9362968    
    2453259.    	    1.146530    
    2453260.    	    1.443221    
    2453261.    	    1.543150    
    2453262.    	    1.707928    
    2453263.    	    1.698429    
    2453264.    	    1.679307    
    2453265.    	    1.594725    
    2453266.    	    1.477803    
    2453267.    	    1.555591    
    2453268.    	    1.881032    
    2453269.    	    2.027764    
    2453270.    	    2.052793    
    2453271.    	    1.872439    
    2453272.    	    1.815883    
    2453273.    	    1.754184    
    2453274.    	    1.626759    
    2453275.    	    1.531601    
    2453276.    	    1.207531    
    2453277.    	    1.247153    
    2453278.    	    1.154379    
    2453279.    	    1.162774    
    2453280.    	    1.350957    
    2453281.    	    1.573624    
    2453282.    	    1.712045    
    2453283.    	    1.576634    
    2453284.    	    1.550405    
    2453285.    	    1.627421    
    2453286.    	    1.675091    
    2453287.    	    1.590667    
    2453288.    	    1.298723    
    2453289.    	    1.054143    
    2453290.    	   0.7357935    
    2453291.    	   0.7176294    
    2453292.    	   0.8581322    
    2453293.    	    1.107197    
    2453294.    	    1.493299    
    2453295.    	    1.615998    
    2453296.    	    1.392921    
    2453297.    	    1.591721    
    2453298.    	    1.806699    
    2453299.    	    1.842105    
    2453300.    	    2.012278    
    2453301.    	    1.971143    
    2453302.    	    1.893513    
    2453303.    	    1.866856    
    2453304.    	    1.939226    
    2453305.    	    1.896361    
    2453306.    	    1.785425    
    2453307.    	    1.861330    
    2453308.    	    1.648612    
    2453309.    	    1.560427    
    2453310.    	    1.385248    
    2453311.    	    1.335333    
    2453312.    	    1.160419    
    2453313.    	   0.8543024    
    2453314.    	   0.5749172    
    2453315.    	   0.3930315    
    2453316.    	   0.3516690    
    2453317.    	   0.3541466    
    2453318.    	   0.2929647    
    2453319.    	   0.2910999    
    2453320.    	   0.4606729    
    2453321.    	   0.4388410    
    2453322.    	   0.5252180    
    2453323.    	   0.3987960    
    2453324.    	   0.4127546    
    2453325.    	   0.4785261    
    2453326.    	   0.4617481    
    2453327.    	   0.3703239    
    2453328.    	   0.1059852    
    2453329.    	   0.1754681    
    2453330.    	   0.4582009    
    2453331.    	   0.5422615    
    2453332.    	   0.4915945    
    2453333.    	   0.6680189    
    2453334.    	   0.6730254    
    2453335.    	   0.7746911    
    2453336.    	   0.7473782    
    2453337.    	   0.7985396    
    2453338.    	   0.6193425    
    2453339.    	   0.6453972    
    2453340.    	   0.9059604    
    2453341.    	   0.8522915    
    2453342.    	   0.9981319    
    2453343.    	   0.9773979    
    2453344.    	   0.8154848    
    2453345.    	   0.6762750    
    2453346.    	   0.5932465    
    2453347.    	   0.5929654    
    2453348.    	   0.8167211    
    2453349.    	   0.7358787    
    2453350.    	   0.4341686    
    2453351.    	   0.2719728    
    2453352.    	   0.3901303    
    2453353.    	   0.5184838    
    2453354.    	   0.4422452    
    2453355.    	   0.5331891    
    2453356.    	   0.2281291    
    2453357.    	   0.4308050    
    2453358.    	   0.5046526    
    2453359.    	   0.4636574    
    2453360.    	   0.5262949    
    2453361.    	   0.5214985    
    2453362.    	   0.4310910    
    2453363.    	   0.6730500    
    2453364.    	    1.027624    
    2453365.    	    1.128403    
    2453366.    	    1.133587    
    2453367.    	    1.121859    
    2453368.    	   0.9996197    
    2453369.    	   0.9684179    
    2453370.    	    1.273427    
    2453371.    	    1.221213    
    2453372.    	    1.422583    
    2453373.    	    1.544608    
    2453374.    	    1.735492    
    2453375.    	    2.084683    
    2453376.    	    1.973541    
    2453377.    	    1.602440    
    2453378.    	    1.502700    
    2453379.    	    1.630948    
    2453380.    	    1.768369    
    2453381.    	    1.531261    
    2453382.    	    1.273041    
    2453383.    	    1.138418    
    2453384.    	    1.011336    
    2453385.    	   0.9574673    
    2453386.    	    1.079062    
    2453387.    	    1.205835    
    2453388.    	    1.271657    
    2453389.    	    1.454082    
    2453390.    	    1.373191    
    2453391.    	    1.362953    
    2453392.    	    1.310670    
    2453393.    	    1.068746    
    2453394.    	   0.8282288    
    2453395.    	   0.5459088    
    2453396.    	   9.8394789E-02
    2453397.    	   0.2658662    
    2453398.    	   0.3425125    
    2453399.    	   0.6243515    
    2453400.    	   0.6951291    
    2453401.    	    1.050085    
    2453402.    	    1.551392    
    2453403.    	    1.723794    
    2453404.    	    1.859472    
    2453405.    	    1.996261    
    2453406.    	    2.016785    
    2453407.    	    1.893330    
    2453408.    	    1.901725    
    2453409.    	    2.095206    
    2453410.    	    1.928044    
    2453411.    	    1.976826    
    2453412.    	    1.842926    
    2453413.    	    1.912297    
    2453414.    	    2.057711    
    2453415.    	    2.051650    
    2453416.    	    1.806318    
    2453417.    	    1.367483    
    2453418.    	    1.144797    
    2453419.    	   0.7904481    
    2453420.    	   0.8623191    
    2453421.    	   0.8619453    
    2453422.    	   0.7583582    
    2453423.    	   0.8190005    
    2453424.    	    1.149153    
    2453425.    	    1.169858    
    2453426.    	    1.054767    
    2453427.    	    1.132801    
    2453428.    	    1.401388    
    2453429.    	    1.451025    
    2453430.    	    1.381371    
    2453431.    	    1.221285    
    2453432.    	    1.133926    
    2453433.    	    1.205589    
    2453434.    	    1.635640    
    2453435.    	    1.816724    
    2453436.    	    1.528288    
    2453437.    	    1.649562    
    2453438.    	    1.612891    
    2453439.    	    1.588178    
    2453440.    	    1.389709    
    2453441.    	    1.284448    
    2453442.    	    1.185935    
    2453443.    	   0.9046350    
    2453444.    	   0.9912941    
    2453445.    	    1.256041    
    2453446.    	    1.559301    
    2453447.    	    1.137849    
    2453448.    	    1.197580    
    2453449.    	    1.575013    
    2453450.    	    1.706784    
    2453451.    	    1.749464    
    2453452.    	    1.809627    
    2453453.    	    2.078351    
    2453454.    	    2.009156    
    2453455.    	    2.191013    
    2453456.    	    2.359372    
    2453457.    	    2.699007    
    2453458.    	    2.909468    
    2453459.    	    3.011445    
    2453460.    	    3.260453    
    2453461.    	    3.389594    
    2453462.    	    3.599246    
    2453463.    	    3.520623    
    2453464.    	    3.597389    
    2453465.    	    3.680804    
    2453466.    	    3.283453    
    2453467.    	    3.283973    
    2453468.    	    3.342802    
    2453469.    	    3.065433    
    2453470.    	    2.896574    
    2453471.    	    2.648025    
    2453472.    	    2.521998    
    2453473.    	    2.467533    
    2453474.    	    2.493856    
    2453475.    	    2.353723    
    2453476.    	    2.405988    
    2453477.    	    2.194798    
    2453478.    	    2.104656    
    2453479.    	    2.250558    
    2453480.    	    2.535088    
    2453481.    	    2.773602    
    2453482.    	    2.670027    
    2453483.    	    2.560177    
    2453484.    	    2.589176    
    2453485.    	    2.599945    
    2453486.    	    2.291947    
    2453487.    	    2.191260    
    2453488.    	    2.193779    
    2453489.    	    1.819192    
    2453490.    	    1.661135    
    2453491.    	    1.744212    
    2453492.    	    2.051936    
    2453493.    	    2.239185    
    2453494.    	    2.636644    
    2453495.    	    2.668711    
    2453496.    	    2.803186    
    2453497.    	    2.842917    
    2453498.    	    3.036566    
    2453499.    	    2.851098    
    2453500.    	    2.585715    
    2453501.    	    2.363525    
    2453502.    	    2.174770    
    2453503.    	    2.007916    
    2453504.    	    1.663895    
    2453505.    	    1.682893    
    2453506.    	    1.898986    
    2453507.    	    2.317331    
    2453508.    	    2.370805    
    2453509.    	    2.407054    
    2453510.    	    2.187576    
    2453511.    	    2.039714    
    2453512.    	    1.869139    
    2453513.    	    1.598461    
    2453514.    	    1.156559    
    2453515.    	   0.7069425    
    2453516.    	   0.3456150    
    2453517.    	   0.4546112    
    2453518.    	   0.7275288    
    2453519.    	   0.8201199    
    2453520.    	   0.5287989    
    2453521.    	   0.6040544    
    2453522.    	   0.6423571    
    2453523.    	   0.7781867    
    2453524.    	   0.5370789    
    2453525.    	   0.6642451    
    2453526.    	   0.2807106    
    2453527.    	   0.1360497    
    2453528.    	   0.3605224    
    2453529.    	   0.5439939    
    2453530.    	   0.6890885    
    2453531.    	   0.9030691    
    2453532.    	    1.043662    
    2453533.    	   0.9411087    
    2453534.    	   0.6895539    
    2453535.    	   0.6310469    
    2453536.    	   0.6184781    
    2453537.    	   0.7513319    
    2453538.    	   0.8042553    
    2453539.    	   0.8510507    
    2453540.    	   0.7529199    
    2453541.    	   0.7942688    
    2453542.    	    1.006042    
    2453543.    	   0.8957958    
    2453544.    	   0.6266696    
    2453545.    	   0.3865831    
    2453546.    	   0.3659770    
    2453547.    	   0.7585574    
    2453548.    	   0.9652321    
    2453549.    	   0.9573420    
    2453550.    	   0.9148889    
    2453551.    	    1.051294    
    2453552.    	    1.338275    
    2453553.    	    1.452289    
    2453554.    	    1.464679    
    2453555.    	    1.546421    
    2453556.    	    1.625056    
    2453557.    	    1.562361    
    2453558.    	    1.331899    
    2453559.    	    1.067264    
    2453560.    	   0.7243523    
    2453561.    	   0.8316979    
    2453562.    	    1.049423    
    2453563.    	    1.162353    
    2453564.    	    1.062638    
    2453565.    	    1.185463    
    2453566.    	    1.334515    
    2453567.    	    1.094717    
    2453568.    	   0.7434643    
    2453569.    	   0.5721431    
    2453570.    	   0.5874350    
    2453571.    	   0.2279679    
    2453572.    	   0.1634093    
    2453573.    	   0.4896930    
    2453574.    	   0.7462122    
    2453575.    	   0.8022587    
    2453576.    	   0.8947344    
    2453577.    	    1.056171    
    2453578.    	    1.401675    
    2453579.    	    1.196526    
    2453580.    	   0.9811920    
    2453581.    	    1.059113    
    2453582.    	    1.250100    
    2453583.    	    1.234305    
    2453584.    	    1.083632    
    2453585.    	    1.316327    
    2453586.    	    1.650915    
    2453587.    	    1.657554    
    2453588.    	    1.673715    
    2453589.    	    1.503148    
    2453590.    	    1.255975    
    2453591.    	   0.8276759    
    2453592.    	   0.8397793    
    2453593.    	   0.7136379    
    2453594.    	   0.5881721    
    2453595.    	   0.8695962    
    2453596.    	    1.274527    
    2453597.    	    1.221017    
    2453598.    	    1.323372    
    2453599.    	    1.082058    
    2453600.    	    1.091557    
    2453601.    	    1.068118    
    2453602.    	    1.010830    
    2453603.    	   0.8342111    
    2453604.    	   0.7758871    
    2453605.    	   0.6841617    
    2453606.    	   0.5498809    
    2453607.    	   0.7226484    
    2453608.    	   0.5571826    
    2453609.    	   0.5428297    
    2453610.    	   0.3455216    
    2453611.    	   0.5814666    
    2453612.    	   0.6375216    
    2453613.    	   0.3825773    
    2453614.    	   0.4663227    
    2453615.    	   0.9182841    
    2453616.    	    1.095411    
    2453617.    	    1.704085    
    2453618.    	    2.021396    
    2453619.    	    2.345625    
    2453620.    	    2.316130    
    2453621.    	    2.605816    
    2453622.    	    2.609005    
    2453623.    	    2.696775    
    2453624.    	    2.657650    
    2453625.    	    2.506000    
    2453626.    	    2.201753    
    2453627.    	    2.011068    
    2453628.    	    2.014835    
    2453629.    	    1.823396    
    2453630.    	    1.540916    
    2453631.    	    1.206720    
    2453632.    	   0.9468037    
    2453633.    	    1.042567    
    2453634.    	    1.160708    
    2453635.    	    1.250618    
    2453636.    	    1.415763    
    2453637.    	    1.241149    
    2453638.    	    1.104862    
    2453639.    	   0.8260362    
    2453640.    	   0.6680186    
    2453641.    	   0.5912933    
    2453642.    	   0.3738460    
    2453643.    	   0.3095000    
    2453644.    	   0.4720533    
    2453645.    	   0.6001426    
    2453646.    	   0.3602526    
    2453647.    	   0.4601108    
    2453648.    	   0.8891038    
    2453649.    	    1.005402    
    2453650.    	   0.9658726    
    2453651.    	    1.020278    
    2453652.    	    1.099472    
    2453653.    	    1.249036    
    2453654.    	    1.416308    
    2453655.    	    1.303923    
    2453656.    	    1.062428    
    2453657.    	    1.124923    
    2453658.    	    1.105354    
    2453659.    	    1.174909    
    2453660.    	    1.237837    
    2453661.    	    1.106517    
    2453662.    	    1.275827    
    2453663.    	    1.346025    
    2453664.    	    1.148812    
    2453665.    	   0.8170532    
    2453666.    	   0.5385721    
    2453667.    	   0.4924245    
    2453668.    	   0.4726222    
    2453669.    	   0.6944728    
    2453670.    	   0.9372960    
    2453671.    	    1.045804    
    2453672.    	    1.256659    
    2453673.    	    1.545638    
    2453674.    	    1.733203    
    2453675.    	    1.671131    
    2453676.    	    1.612861    
    2453677.    	    1.464511    
    2453678.    	    1.274856    
    2453679.    	    1.191320    
    2453680.    	    1.057898    
    2453681.    	   0.8539481    
    2453682.    	   0.8989792    
    2453683.    	    1.126838    
    2453684.    	    1.246359    
    2453685.    	    1.378862    
    2453686.    	    1.071447    
    2453687.    	    1.046640    
    2453688.    	   0.8723670    
    2453689.    	    1.103090    
    2453690.    	   0.8742976    
    2453691.    	    1.065407    
    2453692.    	    1.266628    
    2453693.    	    1.463523    
    2453694.    	    1.456265    
    2453695.    	    1.587754    
    2453696.    	    1.354390    
    2453697.    	    1.217229    
    2453698.    	   0.9930074    
    2453699.    	   0.5639048    
    2453700.    	   0.4935939    
    2453701.    	   0.3883638    
    2453702.    	   0.3201598    
    2453703.    	   0.4135248    
    2453704.    	   0.3046884    
    2453705.    	   0.2236665    
    2453706.    	   0.1159097    
    2453707.    	   0.2974182    
    2453708.    	   0.3136612    
    2453709.    	   0.4548312    
    2453710.    	   0.5297485    
    2453711.    	   0.2504753    
    2453712.    	   0.6272730    
    2453713.    	   0.6803677    
    2453714.    	   0.8725502    
    2453715.    	    1.052707    
    2453716.    	   0.8259343    
    2453717.    	   0.7315427    
    2453718.    	   0.5661238    
    2453719.    	   0.5449241    
    2453720.    	   0.6864802    
    2453721.    	   0.6624586    
    2453722.    	   0.4014835    
    2453723.    	   0.6454354    
    2453724.    	   0.9083254    
    2453725.    	   0.9544157    
    2453726.    	   0.6682284    
    2453727.    	   0.5851858    
    2453728.    	   0.2303809    
    2453729.    	   0.2222013    
    2453730.    	   0.6175461    
    2453731.    	   0.5883193    
    2453732.    	   0.5507355    
    2453733.    	   0.7203524    
    2453734.    	   0.9045201    
    2453735.    	    1.233074    
    2453736.    	    1.522036    
    2453737.    	    1.538849    
    2453738.    	    1.270170    
    2453739.    	    1.282723    
    2453740.    	    1.231788    
    2453741.    	   0.9534688    
    2453742.    	   0.7921968    
    2453743.    	   0.6867554    
    2453744.    	   0.8365575    
    2453745.    	   0.8006743    
    2453746.    	    1.008978    
    2453747.    	    1.062587    
    2453748.    	    1.259638    
    2453749.    	    1.369541    
    2453750.    	    1.301458    
    2453751.    	    1.341523    
    2453752.    	    1.474235    
    2453753.    	    1.451243    
    2453754.    	    1.817910    
    2453755.    	    2.319683    
    2453756.    	    2.451500    
    2453757.    	    2.634760    
    2453758.    	    2.697419    
    2453759.    	    2.526905    
    2453760.    	    2.350339    
    2453761.    	    2.284899    
    2453762.    	    2.388644    
    2453763.    	    2.611536    
    2453764.    	    2.677119    
    2453765.    	    2.520240    
    2453766.    	    2.318018    
    2453767.    	    2.351205    
    2453768.    	    2.160199    
    2453769.    	    2.386593    
    2453770.    	    2.364569    
    2453771.    	    2.494110    
    2453772.    	    2.438069    
    2453773.    	    2.314003    
    2453774.    	    2.158404    
    2453775.    	    2.032119    
    2453776.    	    1.908294    
    2453777.    	    1.403087    
    2453778.    	    1.303399    
    2453779.    	    1.322188    
    2453780.    	    1.188100    
    2453781.    	    1.273741    
    2453782.    	    1.263900    
    2453783.    	    1.095433    
    2453784.    	   0.9938766    
    2453785.    	    1.225897    
    2453786.    	    1.139575    
    2453787.    	    1.209213    
    2453788.    	    1.380003    
    2453789.    	    1.369184    
    2453790.    	    1.494157    
    2453791.    	    1.942171    
    2453792.    	    2.175021    
    2453793.    	    2.128617    
    2453794.    	    1.768600    
    2453795.    	    1.655944    
    2453796.    	    1.893068    
    2453797.    	    1.820838    
    2453798.    	    1.528567    
    2453799.    	   0.9825622    
    2453800.    	   0.6219399    
    2453801.    	   0.5687942    
    2453802.    	   0.3456345    
    2453803.    	   0.1184206    
    2453804.    	   5.9163064E-02
    2453805.    	   0.2887442    
    2453806.    	   0.4574663    
    2453807.    	   0.5677647    
    2453808.    	   0.5403549    
    2453809.    	   0.4985481    
    2453810.    	   0.3678748    
    2453811.    	   0.5073697    
    2453812.    	   0.6755489    
    2453813.    	   0.6701089    
    2453814.    	   0.7346505    
    2453815.    	   0.8182266    
    2453816.    	   0.7271820    
    2453817.    	   0.5590364    
    2453818.    	   0.4957979    
    2453819.    	   0.5800291    
    2453820.    	   0.6616866    
    2453821.    	   0.9537441    
    2453822.    	    1.179108    
    2453823.    	    1.457789    
    2453824.    	    1.538310    
    2453825.    	    1.448296    
    2453826.    	    1.323793    
    2453827.    	    1.300659    
    2453828.    	    1.531678    
    2453829.    	    1.475448    
    2453830.    	    1.522635    
    2453831.    	    1.153126    
    2453832.    	   0.9065751    
    2453833.    	   0.9240366    
    2453834.    	   0.7480551    
    2453835.    	   0.7378974    
    2453836.    	   0.7312403    
    2453837.    	   0.2959186    
    2453838.    	   0.2564047    
    2453839.    	   0.4941499    
    2453840.    	   0.8502695    
    2453841.    	    1.145142    
    2453842.    	    1.534140    
    2453843.    	    1.455224    
    2453844.    	    1.278038    
    2453845.    	    1.050577    
    2453846.    	    1.072370    
    2453847.    	    1.057641    
    2453848.    	   0.9959624    
    2453849.    	   0.8020009    
    2453850.    	   0.6840515    
    2453851.    	   0.5652479    
    2453852.    	   0.5574985    
    2453853.    	   0.8688772    
    2453854.    	    1.180142    
    2453855.    	    1.112625    
    2453856.    	    1.233970    
    2453857.    	    1.063126    
    2453858.    	    1.095506    
    2453859.    	    1.033376    
    2453860.    	    1.044777    
    2453861.    	    1.225560    
    2453862.    	    1.189005    
    2453863.    	    1.216368    
    2453864.    	    1.224764    
    2453865.    	    1.337173    
    2453866.    	    1.185907    
    2453867.    	    1.206514    
    2453868.    	    1.333009    
    2453869.    	    1.290154    
    2453870.    	    1.129260    
    2453871.    	    1.191967    
    2453872.    	    1.334634    
    2453873.    	    1.632140    
    2453874.    	    1.707979    
    2453875.    	    1.662050    
    2453876.    	    1.611742    
    2453877.    	    1.442485    
    2453878.    	    1.303328    
    2453879.    	    1.055760    
    2453880.    	   0.9093168    
    2453881.    	   0.8374666    
    2453882.    	   0.6564634    
    2453883.    	   0.3681961    
    2453884.    	   0.1002023    
    2453885.    	   0.3769341    
    2453886.    	   0.7692320    
    2453887.    	    1.127866    
    2453888.    	    1.263098    
    2453889.    	    1.153219    
    2453890.    	    1.410716    
    2453891.    	    1.833969    
    2453892.    	    2.088677    
    2453893.    	    2.124512    
    2453894.    	    1.958461    
    2453895.    	    1.668547    
    2453896.    	    1.581306    
    2453897.    	    1.444965    
    2453898.    	    1.570778    
    2453899.    	    1.386122    
    2453900.    	    1.258575    
    2453901.    	    1.012758    
    2453902.    	   0.8175470    
    2453903.    	   0.5072405    
    2453904.    	   0.4627713    
    2453905.    	   0.6186943    
    2453906.    	   0.8017129    
    2453907.    	   0.8232910    
    2453908.    	   0.5774076    
    2453909.    	   0.7184021    
    2453910.    	   0.8633509    
    2453911.    	   0.8354573    
    2453912.    	   0.7229483    
    2453913.    	   0.6106744    
    2453914.    	   0.8906443    
    2453915.    	   0.9096038    
    2453916.    	   0.8818047    
    2453917.    	   0.7175998    
    2453918.    	   0.7101951    
    2453919.    	   0.8636444    
    2453920.    	   0.9915985    
    2453921.    	    1.287731    
    2453922.    	    1.479513    
    2453923.    	    1.531761    
    2453924.    	    1.525162    
    2453925.    	    1.326221    
    2453926.    	    1.110194    
    2453927.    	    1.001684    
    2453928.    	    1.101695    
    2453929.    	    1.330422    
    2453930.    	    1.405198    
    2453931.    	    1.343064    
    2453932.    	    1.357362    
    2453933.    	   0.9972785    
    2453934.    	    1.020440    
    2453935.    	    1.221790    
    2453936.    	    1.083609    
    2453937.    	    1.032555    
    2453938.    	   0.8299163    
    2453939.    	   0.8805156    
    2453940.    	   0.8482848    
    2453941.    	   0.9543631    
    2453942.    	    1.163054    
    2453943.    	    1.251472    
    2453944.    	    1.099561    
    2453945.    	   0.8770401    
    2453946.    	   0.7906421    
    2453947.    	   0.7561253    
    2453948.    	   0.8806030    
    2453949.    	    1.070584    
    2453950.    	   0.8727129    
    2453951.    	   0.8493457    
    2453952.    	   0.7535568    
    2453953.    	   0.5991335    
    2453954.    	   0.9524308    
    2453955.    	    1.131021    
    2453956.    	    1.148716    
    2453957.    	    1.098127    
    2453958.    	    1.357036    
    2453959.    	    1.266749    
    2453960.    	   0.8218341    
    2453961.    	   0.6642449    
    2453962.    	   0.4807563    
    2453963.    	   0.1553578    
    2453964.    	   0.2997963    
    2453965.    	   0.4068312    
    2453966.    	   0.6287487    
    2453967.    	   0.9539564    
    2453968.    	    1.087096    
    2453969.    	   0.9631477    
    2453970.    	   0.9403335    
    2453971.    	    1.146898    
    2453972.    	    1.361335    
    2453973.    	    1.459355    
    2453974.    	    1.330451    
    2453975.    	    1.217237    
    2453976.    	    1.147018    
    2453977.    	    1.178970    
    2453978.    	    1.097021    
    2453979.    	   0.8553641    
    2453980.    	   0.9170399    
    2453981.    	   0.9270896    
    2453982.    	    1.022219    
    2453983.    	   0.8809022    
    2453984.    	   0.7868052    
    2453985.    	    1.130337    
    2453986.    	    1.306189    
    2453987.    	    1.535793    
    2453988.    	    1.573055    
    2453989.    	    1.553436    
    2453990.    	    1.649147    
    2453991.    	    1.815222    
    2453992.    	    1.903245    
    2453993.    	    1.933640    
    2453994.    	    1.567268    
    2453995.    	    1.268686    
    2453996.    	    1.149751    
    2453997.    	    1.043394    
    2453998.    	    1.066006    
    2453999.    	    1.172228    
    2454000.    	    1.441620    
    2454001.    	    1.510728    
    2454002.    	    1.716348    
    2454003.    	    1.763190    
    2454004.    	    1.868416    
    2454005.    	    1.986567    
    2454006.    	    2.114314    
    2454007.    	    2.055404    
    2454008.    	    2.152079    
    2454009.    	    2.448445    
    2454010.    	    2.920188    
    2454011.    	    3.006148    
    2454012.    	    2.963964    
    2454013.    	    2.875202    
    2454014.    	    2.615993    
    2454015.    	    2.206765    
    2454016.    	    1.941703    
    2454017.    	    1.476950    
    2454018.    	    1.750889    
    2454019.    	    2.096409    
    2454020.    	    2.203450    
    2454021.    	    2.287487    
    2454022.    	    2.233197    
    2454023.    	    2.067307    
    2454024.    	    2.312411    
    2454025.    	    2.413318    
    2454026.    	    2.456833    
    2454027.    	    2.400926    
    2454028.    	    1.978813    
    2454029.    	    1.791759    
    2454030.    	    1.582627    
    2454031.    	    1.363625    
    2454032.    	    1.266387    
    2454033.    	    1.273271    
    2454034.    	    1.251103    
    2454035.    	   0.7779072    
    2454036.    	   0.2135476    
    2454037.    	   8.3520100E-02
    2454038.    	   0.1183480    
    2454039.    	   0.1165757    
    2454040.    	   0.1716911    
    2454041.    	   0.2431199    
    2454042.    	   0.4179930    
    2454043.    	   0.5037234    
    2454044.    	   0.4414595    
    2454045.    	   0.3960055    
    2454046.    	   0.3251653    
    2454047.    	   0.7168251    
    2454048.    	    1.134412    
    2454049.    	    1.188374    
    2454050.    	    1.378116    
    2454051.    	    1.434965    
    2454052.    	    1.442059    
    2454053.    	    1.660732    
    2454054.    	    1.736801    
    2454055.    	    1.459593    
    2454056.    	    1.342389    
    2454057.    	    1.650688    
    2454058.    	    1.723799    
    2454059.    	    2.000416    
    2454060.    	    2.014588    
    2454061.    	    1.713411    
    2454062.    	    1.706772    
    2454063.    	    1.567414    
    2454064.    	    1.459467    
    2454065.    	    1.099952    
    2454066.    	   0.9788038    
    2454067.    	    1.175793    
    2454068.    	    1.113618    
    2454069.    	   0.8213817    
    2454070.    	   0.8325464    
    2454071.    	   0.8025509    
    2454072.    	   0.7630573    
    2454073.    	   0.6965268    
    2454074.    	   0.5899484    
    2454075.    	   0.6080485    
    2454076.    	   0.4682105    
    2454077.    	   0.1341621    
    2454078.    	   8.7505601E-02
    2454079.    	   0.1667547    
    2454080.    	   0.3689186    
    2454081.    	   0.7013187    
    2454082.    	   0.9289539    
    2454083.    	    1.211399    
    2454084.    	    1.002136    
    2454085.    	    1.020689    
    2454086.    	   0.9698532    
    2454087.    	    1.322887    
    2454088.    	    1.856200    
    2454089.    	    2.277017    
    2454090.    	    2.390952    
    2454091.    	    2.461011    
    2454092.    	    2.317684    
    2454093.    	    2.262311    
    2454094.    	    2.292358    
    2454095.    	    2.282894    
    2454096.    	    2.531617    
    2454097.    	    2.871168    
    2454098.    	    2.762743    
    2454099.    	    2.577456    
    2454100.    	    2.329511    
    2454101.    	    2.301436    
    2454102.    	    2.455107    
    2454103.    	    2.579184    
    2454104.    	    2.646894    
    2454105.    	    2.496016    
    2454106.    	    2.104324    
    2454107.    	    2.123685    
    2454108.    	    1.874233    
    2454109.    	    1.424773    
    2454110.    	    1.396632    
    2454111.    	    1.608828    
    2454112.    	    1.562313    
    2454113.    	    1.493089    
    2454114.    	    1.543663    
    2454115.    	    1.492416    
    2454116.    	    1.133746    
    2454117.    	   0.7926557    
    2454118.    	   0.5669061    
    2454119.    	   0.6529212    
    2454120.    	   0.6066644    
    2454121.    	   0.3483562    
    2454122.    	   0.2639598    
    2454123.    	   0.1866200    
    2454124.    	   7.4276127E-02
    2454125.    	   0.4848483    
    2454126.    	   0.9624535    
    2454127.    	    1.067519    
    2454128.    	    1.056369    
    2454129.    	    1.107442    
    2454130.    	    1.301457    
    2454131.    	    1.117629    
    2454132.    	   0.8489277    
    2454133.    	   0.7349839    
    2454134.    	   0.7084641    
    2454135.    	   0.6550946    
    2454136.    	   0.6502911    
    2454137.    	   0.7438956    
    2454138.    	   0.5338688    
    2454139.    	   0.3259014    
    2454140.    	   0.3614943    
    2454141.    	   0.7367460    
    2454142.    	   0.4629713    
    2454143.    	   0.3610348    
    2454144.    	   0.6338081    
    2454145.    	    1.046280    
    2454146.    	    1.160642    
    2454147.    	    1.005517    
    2454148.    	   0.8656840    
    2454149.    	    1.201809    
    2454150.    	    1.550879    
    2454151.    	    1.648312    
    2454152.    	    1.715656    
    2454153.    	    1.667489    
    2454154.    	    1.677415    
    2454155.    	    1.794021    
    2454156.    	    1.770034    
    2454157.    	    1.780098    
    2454158.    	    1.938602    
    2454159.    	    1.825244    
    2454160.    	    1.767017    
    2454161.    	    2.266998    
    2454162.    	    2.540749    
    2454163.    	    2.444082    
    2454164.    	    2.308296    
    2454165.    	    2.439502    
    2454166.    	    2.556319    
    2454167.    	    1.882076    
    2454168.    	    1.391493    
    2454169.    	    1.478636    
    2454170.    	    1.345040    
    2454171.    	    1.233856    
    2454172.    	   0.9995397    
    2454173.    	   0.9037446    
    2454174.    	   0.5793695    
    2454175.    	   0.4055881    
    2454176.    	   0.4849428    
    2454177.    	   0.8614017    
    2454178.    	   0.8342552    
    2454179.    	   0.7138265    
    2454180.    	   0.9630896    
    2454181.    	   0.7399254    
    2454182.    	   0.6663672    
    2454183.    	   0.6696032    
    2454184.    	   0.9761842    
    2454185.    	    1.147220    
    2454186.    	    1.321333    
    2454187.    	    1.494179    
    2454188.    	    1.468224    
    2454189.    	    1.276738    
    2454190.    	    1.269925    
    2454191.    	    1.293166    
    2454192.    	    1.164229    
    2454193.    	    1.104096    
    2454194.    	    1.200402    
    2454195.    	    1.270187    
    2454196.    	    1.455438    
    2454197.    	    1.284994    
    2454198.    	    1.150672    
    2454199.    	    1.331776    
    2454200.    	    1.362067    
    2454201.    	    1.026603    
    2454202.    	   0.5367126    
    2454203.    	   0.4805590    
    2454204.    	   0.4840631    
    2454205.    	   0.3391919    
    2454206.    	   0.4416622    
    2454207.    	   0.4691185    
    2454208.    	   0.4259944    
    2454209.    	   0.6322736    
    2454210.    	   0.6323971    
    2454211.    	   0.5348845    
    2454212.    	   0.1696897    
    2454213.    	   0.2057756    
    2454214.    	   0.3779201    
    2454215.    	   0.5247048    
    2454216.    	   0.6956239    
    2454217.    	   0.9564433    
    2454218.    	    1.138577    
    2454219.    	    1.070718    
    2454220.    	   0.9248415    
    2454221.    	   0.8105591    
    2454222.    	   0.7619570    
    2454223.    	   0.8916770    
    2454224.    	    1.060171    
    2454225.    	   0.8820549    
    2454226.    	   0.7604532    
    2454227.    	   0.6382605    
    2454228.    	   0.7559728    
    2454229.    	   0.5240611    
    2454230.    	   0.4298516    
    2454231.    	   0.1826712    
    2454232.    	   9.4927125E-02
    2454233.    	   0.2830796    
    2454234.    	   0.5186452    
    2454235.    	   0.5450696    
    2454236.    	   0.6935461    
    2454237.    	   0.9541308    
    2454238.    	    1.018817    
    2454239.    	    1.259719    
    2454240.    	    1.559876    
    2454241.    	    1.881791    
    2454242.    	    1.847646    
    2454243.    	    2.094644    
    2454244.    	    2.214209    
    2454245.    	    2.307360    
    2454246.    	    2.150876    
    2454247.    	    2.119658    
    2454248.    	    2.033608    
    2454249.    	    1.944463    
    2454250.    	    2.021350    
    2454251.    	    2.051203    
    2454252.    	    1.772428    
    2454253.    	    1.530300    
    2454254.    	    1.693466    
    2454255.    	    1.717320    
    2454256.    	    1.643244    
    2454257.    	    1.600728    
    2454258.    	    1.706667    
    2454259.    	    1.776294    
    2454260.    	    1.731835    
    2454261.    	    1.445949    
    2454262.    	    1.442348    
    2454263.    	    1.351875    
    2454264.    	    1.225269    
    2454265.    	    1.300283    
    2454266.    	    1.190350    
    2454267.    	    1.348411    
    2454268.    	    1.444835    
    2454269.    	    1.620222    
    2454270.    	    1.607415    
    2454271.    	    1.603251    
    2454272.    	    1.640720    
    2454273.    	    1.505144    
    2454274.    	    1.321348    
    2454275.    	   0.7451851    
    2454276.    	   0.7532632    
    2454277.    	    1.014299    
    2454278.    	    1.000851    
    2454279.    	   0.8588981    
    2454280.    	   0.7626558    
    2454281.    	   0.9516547    
    2454282.    	    1.055664    
    2454283.    	    1.065963    
    2454284.    	   0.6358948    
    2454285.    	   0.5680259    
    2454286.    	   0.6140669    
    2454287.    	   0.6663997    
    2454288.    	   0.7009814    
    2454289.    	   0.8814264    
    2454290.    	    1.089641    
    2454291.    	    1.422596    
    2454292.    	    1.531237    
    2454293.    	    1.480241    
    2454294.    	    1.340932    
    2454295.    	    1.134631    
    2454296.    	    1.015768    
    2454297.    	    1.338218    
    2454298.    	    1.722339    
    2454299.    	    2.073654    
    2454300.    	    2.357072    
    2454301.    	    2.349109    
    2454302.    	    2.509259    
    2454303.    	    2.573689    
    2454304.    	    2.607320    
    2454305.    	    2.590239    
    2454306.    	    2.131018    
    2454307.    	    1.809569    
    2454308.    	    1.352521    
    2454309.    	   0.8546540    
    2454310.    	   0.6733698    
    2454311.    	   0.4479489    
    2454312.    	   0.5133004    
    2454313.    	   0.7144080    
    2454314.    	   0.7607849    
    2454315.    	   0.6269733    
    2454316.    	   0.4949790    
    2454317.    	   0.5999059    
    2454318.    	   0.4047560    
    2454319.    	   0.3486509    
    2454320.    	   0.5520810    
    2454321.    	   0.5195539    
    2454322.    	   0.3414451    
    2454323.    	   0.2899160    
    2454324.    	   0.4568199    
    2454325.    	   0.7159655    
    2454326.    	   0.6921299    
    2454327.    	   0.8679652    
    2454328.    	   0.8973660    
    2454329.    	    1.115944    
    2454330.    	    1.236414    
    2454331.    	    1.097101    
    2454332.    	   0.7356188    
    2454333.    	   0.7150475    
    2454334.    	   0.3869103    
    2454335.    	   0.5048215    
    2454336.    	   0.8537886    
    2454337.    	    1.031783    
    2454338.    	    1.209677    
    2454339.    	    1.240757    
    2454340.    	    1.334617    
    2454341.    	    1.794317    
    2454342.    	    1.857400    
    2454343.    	    1.770214    
    2454344.    	    1.710257    
    2454345.    	    1.778119    
    2454346.    	    1.532743    
    2454347.    	    1.090907    
    2454348.    	   0.8918231    
    2454349.    	   0.7000660    
    2454350.    	   0.8140013    
    2454351.    	   0.8565386    
    2454352.    	    1.118396    
    2454353.    	    1.284692    
    2454354.    	    1.550312    
    2454355.    	    1.645766    
    2454356.    	    1.348425    
    2454357.    	    1.145119    
    2454358.    	    1.155080    
    2454359.    	    1.435044    
    2454360.    	    1.435934    
    2454361.    	    1.474065    
    2454362.    	    1.436661    
    2454363.    	    1.394834    
    2454364.    	    1.397342    
    2454365.    	    1.312168    
    2454366.    	    1.434575    
    2454367.    	    1.437843    
    2454368.    	    1.036940    
    2454369.    	   0.8059007    
    2454370.    	   0.9071968    
    2454371.    	    1.071184    
    2454372.    	   0.7912005    
    2454373.    	   0.5402418    
    2454374.    	   0.4607329    
    2454375.    	   0.6913309    
    2454376.    	   0.9862346    
    2454377.    	    1.029152    
    2454378.    	   0.9112192    
    2454379.    	   0.9262927    
    2454380.    	   0.7730237    
    2454381.    	   0.8831152    
    2454382.    	    1.196818    
    2454383.    	    1.534388    
    2454384.    	    1.611973    
    2454385.    	    1.682796    
    2454386.    	    1.710173    
    2454387.    	    1.741748    
    2454388.    	    1.712114    
    2454389.    	    1.620919    
    2454390.    	    1.665182    
    2454391.    	    1.820588    
    2454392.    	    1.883934    
    2454393.    	    2.022100    
    2454394.    	    1.604956    
    2454395.    	    1.160260    
    2454396.    	   0.7588279    
    2454397.    	   0.3698792    
    2454398.    	   0.5311894    
    2454399.    	   0.6682647    
    2454400.    	   0.7249727    
    2454401.    	    1.020307    
    2454402.    	    1.219660    
    2454403.    	    1.083078    
    2454404.    	   0.8699581    
    2454405.    	   0.8143782    
    2454406.    	   0.8161438    
    2454407.    	   0.8911662    
    2454408.    	   0.7430691    
    2454409.    	   0.6759793    
    2454410.    	   0.9044999    
    2454411.    	   0.9176938    
    2454412.    	   0.8813007    
    2454413.    	   0.6105242    
    2454414.    	   0.3473866    
    2454415.    	   0.4696406    
    2454416.    	   0.7210223    
    2454417.    	   0.7703949    
    2454418.    	    1.014100    
    2454419.    	    1.350768    
    2454420.    	    1.739248    
    2454421.    	    2.178956    
    2454422.    	    2.351548    
    2454423.    	    2.131310    
    2454424.    	    1.826971    
    2454425.    	    1.737290    
    2454426.    	    1.841185    
    2454427.    	    1.878914    
    2454428.    	    1.928561    
    2454429.    	    1.943276    
    2454430.    	    2.024342    
    2454431.    	    2.460585    
    2454432.    	    2.839998    
    2454433.    	    3.028404    
    2454434.    	    3.214330    
    2454435.    	    3.429421    
    2454436.    	    3.233979    
    2454437.    	    3.074373    
    2454438.    	    2.717606    
    2454439.    	    2.482434    
    2454440.    	    2.610457    
    2454441.    	    2.369726    
    2454442.    	    1.986189    
    2454443.    	    1.722574    
    2454444.    	    1.775683    
    2454445.    	    1.885695    
    2454446.    	    2.062666    
    2454447.    	    1.941387    
    2454448.    	    1.887151    
    2454449.    	    2.016930    
    2454450.    	    2.389816    
    2454451.    	    2.667763    
    2454452.    	    2.637346    
    2454453.    	    2.490511    
    2454454.    	    2.388262    
    2454455.    	    2.361641    
    2454456.    	    2.234174    
    2454457.    	    2.116912    
    2454458.    	    2.052525    
    2454459.    	    1.890466    
    2454460.    	    1.443002    
    2454461.    	    1.201278    
    2454462.    	    1.114519    
    2454463.    	    1.267192    
    2454464.    	    1.481358    
    2454465.    	    1.368212    
    2454466.    	    1.458666    
    2454467.    	    1.537271    
    2454468.    	    1.693565    
    2454469.    	    2.074642    
    2454470.    	    2.238600    
    2454471.    	    2.068795    
    2454472.    	    2.142476    
    2454473.    	    2.194777    
    2454474.    	    2.106759    
    2454475.    	    1.981276    
    2454476.    	    2.009511    
    2454477.    	    1.930075    
    2454478.    	    1.758856    
    2454479.    	    1.750022    
    2454480.    	    1.950983    
    2454481.    	    2.177127    
    2454482.    	    2.404354    
    2454483.    	    2.521913    
    2454484.    	    2.447695    
    2454485.    	    2.225410    
    2454486.    	    2.020929    
    2454487.    	    1.349858    
    2454488.    	   0.8997713    
    2454489.    	    1.153912    
    2454490.    	    1.538277    
    2454491.    	    1.753611    
    2454492.    	    1.664272    
    2454493.    	    1.406639    
    2454494.    	    1.264847    
    2454495.    	    1.359314    
    2454496.    	    1.451825    
    2454497.    	    1.295504    
    2454498.    	    1.228925    
    2454499.    	    1.357360    
    2454500.    	    1.324949    
    2454501.    	    1.373983    
    2454502.    	    1.252904    
    2454503.    	    1.587649    
    2454504.    	    1.872524    
    2454505.    	    1.960622    
    2454506.    	    1.919549    
    2454507.    	    1.838785    
    2454508.    	    1.782919    
    2454509.    	    1.530097    
    2454510.    	    1.111983    
    2454511.    	    1.041531    
    2454512.    	    1.247551    
    2454513.    	    1.569596    
    2454514.    	    1.491298    
    2454515.    	    1.386560    
    2454516.    	    1.242056    
    2454517.    	    1.132137    
    2454518.    	    1.051008    
    2454519.    	   0.9947351    
    2454520.    	   0.8095047    
    2454521.    	   0.5416819    
    2454522.    	   0.4949879    
    2454523.    	   0.7708440    
    2454524.    	   0.8335931    
    2454525.    	   0.6688325    
    2454526.    	   0.4830604    
    2454527.    	   0.7064377    
    2454528.    	    1.318360    
    2454529.    	    1.733918    
    2454530.    	    1.982841    
    2454531.    	    2.029932    
    2454532.    	    2.122786    
    2454533.    	    2.351869    
    2454534.    	    2.361548    
    2454535.    	    2.628873    
    2454536.    	    2.650654    
    2454537.    	    2.733964    
    2454538.    	    2.758118    
    2454539.    	    2.796346    
    2454540.    	    2.848925    
    2454541.    	    2.573753    
    2454542.    	    2.224900    
    2454543.    	    2.191684    
    2454544.    	    2.022612    
    2454545.    	    1.947658    
    2454546.    	    1.757926    
    2454547.    	    1.681466    
    2454548.    	    1.684030    
    2454549.    	    1.526312    
    2454550.    	    1.640552    
    2454551.    	    1.533793    
    2454552.    	    1.254770    
    2454553.    	    1.000422    
    2454554.    	   0.5972532    
    2454555.    	   0.6932397    
    2454556.    	   0.7221974    
    2454557.    	    1.000691    
    2454558.    	    1.374416    
    2454559.    	    1.601449    
    2454560.    	    1.605165    
    2454561.    	    1.380760    
    2454562.    	    1.491720    
    2454563.    	    1.528520    
    2454564.    	    1.404799    
    2454565.    	    1.195207    
    2454566.    	    1.214894    
    2454567.    	    1.234466    
    2454568.    	    1.065343    
    2454569.    	   0.9479367    
    2454570.    	   0.8123497    
    2454571.    	   0.8361366    
    2454572.    	   0.5125471    
    2454573.    	   0.3865880    
    2454574.    	   0.4902589    
    2454575.    	   0.6107610    
    2454576.    	   0.3711884    
    2454577.    	   0.2803876    
    2454578.    	   0.3809599    
    2454579.    	   0.5241335    
    2454580.    	   0.3818773    
    2454581.    	   0.2084011    
    2454582.    	   0.8069193    
    2454583.    	    1.041608    
    2454584.    	   0.9419724    
    2454585.    	   0.5337833    
    2454586.    	   0.4221038    
    2454587.    	   0.2640714    
    2454588.    	   0.3580003    
    2454589.    	   0.8863099    
    2454590.    	    1.265065    
    2454591.    	    1.374645    
    2454592.    	    1.602799    
    2454593.    	    1.595482    
    2454594.    	    1.356681    
    2454595.    	    1.310804    
    2454596.    	    1.344376    
    2454597.    	    1.515432    
    2454598.    	    1.445703    
    2454599.    	    1.451140    
    2454600.    	    1.383298    
    2454601.    	    1.581630    
    2454602.    	    1.729414    
    2454603.    	    2.108260    
    2454604.    	    2.381149    
    2454605.    	    2.249220    
    2454606.    	    2.616892    
    2454607.    	    2.972166    
    2454608.    	    3.094245    
    2454609.    	    2.809990    
    2454610.    	    2.558080    
    2454611.    	    2.299533    
    2454612.    	    2.059998    
    2454613.    	    1.730652    
    2454614.    	    1.635627    
    2454615.    	    1.139702    
    2454616.    	    1.131498    
    2454617.    	    1.272460    
    2454618.    	    1.174777    
    2454619.    	    1.115474    
    2454620.    	    1.151239    
    2454621.    	    1.551333    
    2454622.    	    1.436650    
    2454623.    	    1.529862    
    2454624.    	    1.634849    
    2454625.    	    1.553139    
    2454626.    	    1.350574    
    2454627.    	    1.088196    
    2454628.    	    1.157990    
    2454629.    	    1.163122    
    2454630.    	    1.025659    
    2454631.    	   0.9895631    
    2454632.    	   0.9796036    
    2454633.    	   0.9093567    
    2454634.    	   0.9061339    
    2454635.    	   0.6451741    
    2454636.    	   0.5375291    
    2454637.    	   0.5752205    
    2454638.    	   0.4614815    
    2454639.    	   0.3070024    
    2454640.    	   0.2502581    
    2454641.    	   0.5584193    
    2454642.    	   0.5644792    
    2454643.    	   0.6124247    
    2454644.    	   0.7372113    
    2454645.    	   0.9324892    
    2454646.    	   0.8102850    
    2454647.    	   0.9043626    
    2454648.    	    1.154428    
    2454649.    	    1.502549    
    2454650.    	    1.740429    
    2454651.    	    1.710483    
    2454652.    	    1.510089    
    2454653.    	    1.410075    
    2454654.    	    1.256541    
    2454655.    	    1.128669    
    2454656.    	    1.078689    
    2454657.    	    1.385398    
    2454658.    	    1.460014    
    2454659.    	    1.370811    
    2454660.    	    1.189428    
    2454661.    	    1.312451    
    2454662.    	    1.270458    
    2454663.    	    1.223081    
    2454664.    	    1.409114    
    2454665.    	    1.579857    
    2454666.    	    1.507917    
    2454667.    	    1.635447    
    2454668.    	    1.612569    
    2454669.    	    1.189071    
    2454670.    	   0.8255860    
    2454671.    	   0.8778741    
    2454672.    	   0.7194382    
    2454673.    	   0.8807526    
    2454674.    	   0.9535411    
    2454675.    	   0.9782692    
    2454676.    	   0.9452808    
    2454677.    	   0.8776961    
    2454678.    	   0.7945831    
    2454679.    	   0.8332408    
    2454680.    	    1.029803    
    2454681.    	    1.071330    
    2454682.    	   0.9050549    
    2454683.    	   0.5803791    
    2454684.    	   0.4087834    
    2454685.    	   0.4665464    
    2454686.    	   0.8010916    
    2454687.    	    1.023757    
    2454688.    	    1.007969    
    2454689.    	   0.9540123    
    2454690.    	   0.9989794    
    2454691.    	    1.078520    
    2454692.    	    1.034204    
    2454693.    	    1.203763    
    2454694.    	    1.074507    
    2454695.    	    1.126014    
    2454696.    	    1.242315    
    2454697.    	    1.253021    
    2454698.    	    1.318738    
    2454699.    	    1.431990    
    2454700.    	    1.653994    
    2454701.    	    1.724746    
    2454702.    	    1.896262    
    2454703.    	    1.784246    
    2454704.    	    1.622347    
    2454705.    	    1.455074    
    2454706.    	    1.544714    
    2454707.    	    1.502440    
    2454708.    	    1.548519    
    2454709.    	    1.474553    
    2454710.    	    1.344947    
    2454711.    	    1.336396    
    2454712.    	    1.456567    
    2454713.    	    1.254864    
    2454714.    	    1.200684    
    2454715.    	    1.269867    
    2454716.    	    1.576034    
    2454717.    	    1.724237    
    2454718.    	    1.794729    
    2454719.    	    1.775029    
    2454720.    	    2.126551    
    2454721.    	    2.268223    
    2454722.    	    2.320992    
    2454723.    	    2.108091    
    2454724.    	    1.898801    
    2454725.    	    1.959929    
    2454726.    	    1.709367    
    2454727.    	    1.512484    
    2454728.    	    1.097861    
    2454729.    	    1.055294    
    2454730.    	    1.038668    
    2454731.    	    1.229188    
    2454732.    	    1.270055    
    2454733.    	    1.204418    
    2454734.    	    1.171026    
    2454735.    	    1.157214    
    2454736.    	   0.9354502    
    2454737.    	    1.079498    
    2454738.    	    1.024797    
    2454739.    	   0.9662178    
    2454740.    	   0.8749689    
    2454741.    	   0.6056829    
    2454742.    	   0.7695744    
    2454743.    	   0.9676306    
    2454744.    	   0.8575994    
    2454745.    	   0.8188517    
    2454746.    	   0.7177700    
    2454747.    	   0.4291471    
    2454748.    	   0.6601889    
    2454749.    	   0.9312543    
    2454750.    	   0.8854448    
    2454751.    	   0.8537346    
    2454752.    	   0.8039352    
    2454753.    	   0.6855651    
    2454754.    	   0.8832625    
    2454755.    	    1.061313    
    2454756.    	    1.021988    
    2454757.    	    1.241761    
    2454758.    	    1.424272    
    2454759.    	    1.825227    
    2454760.    	    2.099900    
    2454761.    	    2.136995    
    2454762.    	    2.078120    
    2454763.    	    2.109382    
    2454764.    	    2.312178    
    2454765.    	    2.432564    
    2454766.    	    2.219227    
    2454767.    	    2.060483    
    2454768.    	    2.124798    
    2454769.    	    2.034467    
    2454770.    	    1.959414    
    2454771.    	    1.572471    
    2454772.    	    1.147347    
    2454773.    	   0.8094310    
    2454774.    	   0.6938291    
    2454775.    	   0.3226053    
    2454776.    	   0.1069244    
    2454777.    	   0.3099906    
    2454778.    	   0.4969713    
    2454779.    	   0.7613727    
    2454780.    	    1.158523    
    2454781.    	    1.277533    
    2454782.    	    1.283129    
    2454783.    	    1.359958    
    2454784.    	    1.200289    
    2454785.    	   0.9935151    
    2454786.    	    1.030431    
    2454787.    	    1.148854    
    2454788.    	    1.224370    
    2454789.    	    1.204667    
    2454790.    	    1.392852    
    2454791.    	    1.612501    
    2454792.    	    1.836658    
    2454793.    	    2.120772    
    2454794.    	    2.134539    
    2454795.    	    1.796839    
    2454796.    	    1.874376    
    2454797.    	    1.711992    
    2454798.    	    1.368095    
    2454799.    	    1.446953    
    2454800.    	    1.485526    
    2454801.    	    1.518701    
    2454802.    	    1.498244    
    2454803.    	    1.491150    
    2454804.    	    1.278559    
    2454805.    	   0.9467041    
    2454806.    	   0.6574030    
    2454807.    	   0.4179758    
    2454808.    	   0.6419212    
    2454809.    	   0.6587179    
    2454810.    	   0.7567498    
    2454811.    	   0.5571193    
    2454812.    	   0.7175003    
    2454813.    	   0.6289145    
    2454814.    	    1.123396    
    2454815.    	    1.141104    
    2454816.    	   0.8798444    
    2454817.    	    1.027836    
    2454818.    	    1.355323    
    2454819.    	    1.460118    
    2454820.    	    1.215482    
    2454821.    	   0.7333189    
    2454822.    	   0.4330908    
    2454823.    	   0.2225325    
    2454824.    	   0.1271230    
    2454825.    	   0.5065752    
    2454826.    	   0.8744003    
    2454827.    	    1.049053    
    2454828.    	    1.203413    
    2454829.    	    1.085482    
    2454830.    	   0.8392289    
    2454831.    	    1.164740    
    2454832.    	    1.180174    
    2454833.    	    1.114827    
    2454834.    	   0.8865710    
    2454835.    	    1.163638    
    2454836.    	    1.169649    
    2454837.    	    1.049486    
    2454838.    	    1.110491    
    2454839.    	    1.232411    
    2454840.    	    1.175733    
    2454841.    	    1.221639    
    2454842.    	    1.166312    
    2454843.    	    1.241285    
    2454844.    	    1.731928    
    2454845.    	    2.192873    
    2454846.    	    2.263979    
    2454847.    	    2.275886    
    2454848.    	    2.391874    
    2454849.    	    2.494609    
    2454850.    	    2.272248    
    2454851.    	    2.028146    
    2454852.    	    1.601691    
    2454853.    	    1.598997    
    2454854.    	    1.374252    
    2454855.    	    1.184553    
    2454856.    	    1.047255    
    2454857.    	   0.8866760    
    2454858.    	   0.7093973    
    2454859.    	   0.8028625    
    2454860.    	   0.7286956    
    2454861.    	   0.7124623    
    2454862.    	   0.6685721    
    2454863.    	   0.7993516    
    2454864.    	   0.9976776    
    2454865.    	    1.231418    
    2454866.    	    1.406244    
    2454867.    	    1.958290    
    2454868.    	    2.254320    
    2454869.    	    2.097558    
    2454870.    	    1.845566    
    2454871.    	    1.628000    
    2454872.    	    1.239483    
    2454873.    	   0.9845994    
    2454874.    	    1.061976    
    2454875.    	    1.020741    
    2454876.    	   0.5415272    
    2454877.    	   0.4598117    
    2454878.    	   0.2720817    
    2454879.    	   0.2600860    
    2454880.    	   0.2704559    
    2454881.    	   0.1406924    
    2454882.    	   0.3011059    
    2454883.    	   0.4696569    
    2454884.    	   0.2552328    
    2454885.    	   0.2947100    
    2454886.    	   0.6588979    
    2454887.    	    1.159763    
    2454888.    	    1.339476    
    2454889.    	    1.149718    
    2454890.    	    1.306340    
    2454891.    	    1.134990    
    2454892.    	    1.093585    
    2454893.    	    1.091559    
    2454894.    	   0.9685147    
    2454895.    	   0.8446582    
    2454896.    	   0.7073053    
    2454897.    	   0.7703680    
    2454898.    	   0.4455414    
    2454899.    	   0.3754007    
    2454900.    	   0.2227110    
    2454901.    	   0.7034376    
    2454902.    	    1.077208    
    2454903.    	    1.319579    
    2454904.    	    1.317171    
    2454905.    	    1.064945    
    2454906.    	   0.5944957    
    2454907.    	   0.3493645    
    2454908.    	   0.3380931    
    2454909.    	   0.5177310    
    2454910.    	   0.8124095    
    2454911.    	    1.068511    
    2454912.    	    1.319535    
    2454913.    	    1.138182    
    2454914.    	    1.207493    
    2454915.    	    1.083289    
    2454916.    	    1.084907    
    2454917.    	    1.625788    
    2454918.    	    2.022593    
    2454919.    	    2.260031    
    2454920.    	    2.390114    
    2454921.    	    2.505404    
    2454922.    	    2.790921    
    2454923.    	    2.861343    
    2454924.    	    2.626112    
    2454925.    	    2.350785    
    2454926.    	    2.042451    
    2454927.    	    1.766693    
    2454928.    	    1.901414    
    2454929.    	    2.109974    
    2454930.    	    2.242169    
    2454931.    	    2.411743    
    2454932.    	    2.546857    
    2454933.    	    2.310135    
    2454934.    	    2.410358    
    2454935.    	    2.490717    
    2454936.    	    2.440377    
    2454937.    	    2.354192    
    2454938.    	    2.275195    
    2454939.    	    2.185113    
    2454940.    	    2.151977    
    2454941.    	    2.112183    
    2454942.    	    2.260438    
    2454943.    	    2.090881    
    2454944.    	    2.168968    
    2454945.    	    2.125402    
    2454946.    	    2.217158    
    2454947.    	    2.173432    
    2454948.    	    2.236060    
    2454949.    	    2.161323    
    2454950.    	    2.157020    
    2454951.    	    2.044694    
    2454952.    	    2.097911    
    2454953.    	    2.309685    
    2454954.    	    1.933589    
    2454955.    	    1.923804    
    2454956.    	    1.754880    
    2454957.    	    1.610800    
    2454958.    	    1.296910    
    2454959.    	    1.270131    
    2454960.    	    1.073421    
    2454961.    	    1.004937    
    2454962.    	    1.129781    
    2454963.    	   0.9329305    
    2454964.    	   0.9098839    
    2454965.    	   0.5977264    
    2454966.    	   0.4951194    
    2454967.    	   0.4918299    
    2454968.    	   0.7004359    
    2454969.    	   0.6140960    
    2454970.    	   0.8108932    
    2454971.    	    1.100492    
    2454972.    	    1.439975    
    2454973.    	    1.367783    
    2454974.    	    1.549802    
    2454975.    	    1.219886    
    2454976.    	   0.9955739    
    2454977.    	   0.7285233    
    2454978.    	   0.6958711    
    2454979.    	   0.5666706    
    2454980.    	   0.2896523    
    2454981.    	   0.5946494    
    2454982.    	    1.035522    
    2454983.    	    1.060436    
    2454984.    	    1.252719    
    2454985.    	    1.403715    
    2454986.    	    1.448010    
    2454987.    	    1.431056    
    2454988.    	    1.435996    
    2454989.    	    1.601213    
    2454990.    	    1.602879    
    2454991.    	    1.777118    
    2454992.    	    1.996902    
    2454993.    	    2.032922    
    2454994.    	    2.024645    
    2454995.    	    2.161432    
    2454996.    	    2.071147    
    2454997.    	    1.774873    
    2454998.    	    1.378372    
    2454999.    	    1.226565    
    2455000.    	    1.358519    
    2455001.    	    1.430394    
    2455002.    	    1.695704    
    2455003.    	    1.689448    
    2455004.    	    1.291380    
    2455005.    	    1.113602    
    2455006.    	    1.102083    
    2455007.    	    1.201489    
    2455008.    	    1.208516    
    2455009.    	    1.226319    
    2455010.    	    1.122234    
    2455011.    	   0.8314743    
    2455012.    	   0.9495000    
    2455013.    	   0.9138787    
    2455014.    	   0.5915301    
    2455015.    	   0.4879634    
    2455016.    	   0.3697955    
    2455017.    	   0.4457332    
    2455018.    	   0.5631865    
    2455019.    	   0.5068598    
    2455020.    	   0.6408796    
    2455021.    	   0.4777859    
    2455022.    	   0.3469753    
    2455023.    	   0.3509799    
    2455024.    	   0.4121344    
    2455025.    	   0.8739902    
    2455026.    	    1.205022    
    2455027.    	    1.107354    
    2455028.    	   0.7792583    
    2455029.    	   0.8372866    
    2455030.    	   0.6243656    
    2455031.    	   0.2008020    
    2455032.    	   0.2342983    
    2455033.    	   0.5510666    
    2455034.    	   0.3801557    
    2455035.    	   0.3689938    
    2455036.    	   0.3582386    
    2455037.    	   0.4758191    
    2455038.    	   0.6709280    
    2455039.    	   0.5730188    
    2455040.    	   0.8442926    
    2455041.    	    1.037473    
    2455042.    	   0.9267694    
    2455043.    	   0.9220507    
    2455044.    	   0.9020573    
    2455045.    	   0.7974405    
    2455046.    	   0.9325750    
    2455047.    	   0.9174640    
    2455048.    	   0.9071575    
    2455049.    	   0.7755923    
    2455050.    	   0.7460908    
    2455051.    	   0.6912472    
    2455052.    	   0.4067647    
    2455053.    	   0.1782340    
    2455054.    	   0.8484658    
    2455055.    	    1.041124    
    2455056.    	    1.490174    
    2455057.    	    1.923909    
    2455058.    	    2.475584    
    2455059.    	    2.303568    
    2455060.    	    2.321976    
    2455061.    	    1.959251    
    2455062.    	    1.938205    
    2455063.    	    1.680264    
    2455064.    	    1.402838    
    2455065.    	    1.089818    
    2455066.    	    1.175455    
    2455067.    	    1.006774    
    2455068.    	   0.7172611    
    2455069.    	   0.7414103    
    2455070.    	   0.6865905    
    2455071.    	   0.5173336    
    2455072.    	   0.6535883    
    2455073.    	   0.8836924    
    2455074.    	   0.8692495    
    2455075.    	   0.9121945    
    2455076.    	    1.343898    
    2455077.    	    1.654159    
    2455078.    	    2.006983    
    2455079.    	    2.051953    
    2455080.    	    2.094772    
    2455081.    	    2.102424    
    2455082.    	    2.056943    
    2455083.    	    1.933448    
    2455084.    	    1.548599    
    2455085.    	    1.282738    
    2455086.    	    1.013054    
    2455087.    	   0.7766604    
    2455088.    	    1.067114    
    2455089.    	    1.180253    
    2455090.    	    1.526494    
    2455091.    	    1.517652    
    2455092.    	    1.674970    
    2455093.    	    1.664804    
    2455094.    	    1.648296    
    2455095.    	    1.862600    
    2455096.    	    1.773997    
    2455097.    	    1.717014    
    2455098.    	    2.018816    
    2455099.    	    2.032813    
    2455100.    	    1.862272    
    2455101.    	    1.688172    
    2455102.    	    1.674361    
    2455103.    	    1.941068    
    2455104.    	    1.920828    
    2455105.    	    1.801581    
    2455106.    	    1.816036    
    2455107.    	    1.498012    
    2455108.    	    1.508183    
    2455109.    	    1.260862    
    2455110.    	    1.050922    
    2455111.    	    1.056009    
    2455112.    	    1.083987    
    2455113.    	    1.225037    
    2455114.    	   0.8686421    
    2455115.    	   0.3229716    
    2455116.    	   0.1773307    
    2455117.    	   0.2584679    
    2455118.    	   0.3371977    
    2455119.    	   0.4433107    
    2455120.    	   0.5630322    
    2455121.    	   0.5557528    
    2455122.    	   0.4499971    
    2455123.    	   0.3962121    
    2455124.    	   0.6667715    
    2455125.    	   0.7777792    
    2455126.    	   0.8955538    
    2455127.    	   0.8279880    
    2455128.    	   0.8551521    
    2455129.    	   0.8078753    
    2455130.    	   0.9509732    
    2455131.    	    1.108882    
    2455132.    	    1.108221    
    2455133.    	    1.581939    
    2455134.    	    1.850760    
    2455135.    	    1.728975    
    2455136.    	    1.960619    
    2455137.    	    2.039961    
    2455138.    	    2.055501    
    2455139.    	    1.974835    
    2455140.    	    2.165975    
    2455141.    	    2.108001    
    2455142.    	    2.300601    
    2455143.    	    2.393511    
    2455144.    	    2.444072    
    2455145.    	    2.356014    
    2455146.    	    2.298228    
    2455147.    	    2.242808    
    2455148.    	    2.035288    
    2455149.    	    1.717193    
    2455150.    	    1.673435    
    2455151.    	    1.644341    
    2455152.    	    1.504522    
    2455153.    	    1.736715    
    2455154.    	    1.766408    
    2455155.    	    1.554260    
    2455156.    	    1.376457    
    2455157.    	    1.283618    
    2455158.    	    1.153228    
    2455159.    	    1.129014    
    2455160.    	    1.277228    
    2455161.    	    1.444385    
    2455162.    	    1.794828    
    2455163.    	    1.608436    
    2455164.    	    1.587087    
    2455165.    	    1.409142    
    2455166.    	    1.355742    
    2455167.    	    1.286174    
    2455168.    	    1.320368    
    2455169.    	    1.269394    
    2455170.    	    1.234375    
    2455171.    	   0.9896596    
    2455172.    	   0.7738548    
    2455173.    	   0.8032698    
    2455174.    	   0.7073189    
    2455175.    	   0.6231409    
    2455176.    	   0.3293802    
    2455177.    	   0.1191923    
    2455178.    	   0.4192621    
    2455179.    	   0.6695386    
    2455180.    	   0.5210090    
    2455181.    	   0.5033704    
    2455182.    	   0.9516841    
    2455183.    	    1.039187    
    2455184.    	    1.228029    
    2455185.    	    1.709144    
    2455186.    	    1.864702    
    2455187.    	    1.829734    
    2455188.    	    1.824595    
    2455189.    	    1.772258    
    2455190.    	    1.577302    
    2455191.    	    1.581702    
    2455192.    	    1.447866    
    2455193.    	    2.039011    
    2455194.    	    2.156698    
    2455195.    	    2.146887    
    2455196.    	    2.141219    
    2455197.    	    2.112946    
    2455198.    	    1.801759    
    2455199.    	    1.618657    
    2455200.    	    1.467183    
    2455201.    	    1.423536    
    2455202.    	    1.263642    
    2455203.    	    1.064221    
    2455204.    	   0.9127247    
    2455205.    	   0.7276689    
    2455206.    	   0.5863145    
    2455207.    	   0.3452749    
    2455208.    	   0.7201667    
    2455209.    	   0.9080629    
    2455210.    	   0.8606606    
    2455211.    	   0.5736359    
    2455212.    	   0.5203621    
    2455213.    	   0.7596842    
    2455214.    	   0.9300299    
    2455215.    	    1.148621    
    2455216.    	    1.128245    
    2455217.    	    1.140723    
    2455218.    	    1.296404    
    2455219.    	    1.373992    
    2455220.    	    1.436646    
    2455221.    	    1.701129    
    2455222.    	    1.886196    
    2455223.    	    1.877374    
    2455224.    	    2.174342    
    2455225.    	    2.266890    
    2455226.    	    2.163027    
    2455227.    	    1.988185    
    2455228.    	    1.921873    
    2455229.    	    1.729450    
    2455230.    	    1.785568    
    2455231.    	    1.803567    
    2455232.    	    1.904110    
    2455233.    	    1.713101    
    2455234.    	    1.916623    
    2455235.    	    2.176256    
    2455236.    	    2.223292    
    2455237.    	    2.163679    
    2455238.    	    2.105585    
    2455239.    	    2.161858    
    2455240.    	    2.042824    
    2455241.    	    1.821738    
    2455242.    	    1.548934    
    2455243.    	    1.304293    
    2455244.    	   0.9464760    
    2455245.    	   0.2703283    
    2455246.    	   0.2874584    
    2455247.    	   0.2233717    
    2455248.    	   0.2856901    
    2455249.    	   0.2152530    
    2455250.    	   0.5493078    
    2455251.    	   0.7944072    
    2455252.    	   0.8800977    
    2455253.    	    1.008247    
    2455254.    	   0.9441524    
    2455255.    	   0.7635262    
    2455256.    	   0.8570380    
    2455257.    	   0.7238016    
    2455258.    	   0.4894769    
    2455259.    	   0.6086161    
    2455260.    	   0.7386759    
    2455261.    	   0.5888784    
    2455262.    	   0.7910573    
    2455263.    	   0.6388702    
    2455264.    	   0.6353652    
    2455265.    	   0.6997592    
    2455266.    	    1.125033    
    2455267.    	    1.533513    
    2455268.    	    1.432698    
    2455269.    	    1.161087    
    2455270.    	    1.092186    
    2455271.    	    1.173544    
    2455272.    	    1.132207    
    2455273.    	    1.383771    
    2455274.    	    1.346172    
    2455275.    	    1.424387    
    2455276.    	    1.376518    
    2455277.    	    1.371051    
    2455278.    	    1.392656    
    2455279.    	    1.631640    
    2455280.    	    1.776390    
    2455281.    	    1.789317    
    2455282.    	    1.819143    
    2455283.    	    1.593067    
    2455284.    	    1.525964    
    2455285.    	    1.547799    
    2455286.    	    1.712022    
    2455287.    	    1.861123    
    2455288.    	    1.795460    
    2455289.    	    1.524048    
    2455290.    	    1.420778    
    2455291.    	    1.272183    
    2455292.    	    1.215423    
    2455293.    	    1.323060    
    2455294.    	    1.119523    
    2455295.    	   0.9040642    
    2455296.    	   0.9036475    
    2455297.    	   0.4093056    
    2455298.    	   0.2284505    
    2455299.    	   0.3187594    
    2455300.    	   0.4937178    
    2455301.    	   0.4231201    
    2455302.    	   0.7671532    
    2455303.    	   0.8726218    
    2455304.    	   0.9628062    
    2455305.    	   0.8916346    
    2455306.    	    1.036603    
    2455307.    	    1.187985    
    2455308.    	    1.081666    
    2455309.    	   0.7673292    
    2455310.    	   0.4555203    
    2455311.    	   0.1597615    
    2455312.    	   0.3446640    
    2455313.    	   0.9719610    
    2455314.    	    1.336594    
    2455315.    	    1.499266    
    2455316.    	    1.656256    
    2455317.    	    1.773201    
    2455318.    	    2.151523    
    2455319.    	    2.262319    
    2455320.    	    2.181215    
    2455321.    	    2.011045    
    2455322.    	    1.877109    
    2455323.    	    1.795292    
    2455324.    	    1.776516    
    2455325.    	    1.741692    
    2455326.    	    1.550776    
    2455327.    	    1.391214    
    2455328.    	    1.509775    
    2455329.    	    1.537289    
    2455330.    	    1.152996    
    2455331.    	    1.078443    
    2455332.    	   0.9110367    
    2455333.    	    1.012977    
    2455334.    	   0.8587866    
    2455335.    	   0.7401407    
    2455336.    	   0.5060014    
    2455337.    	   0.4338324    
    2455338.    	   0.7258006    
    2455339.    	   0.9481846    
    2455340.    	    1.065364    
    2455341.    	   0.8062059    
    2455342.    	   0.8995716    
    2455343.    	   0.9701145    
    2455344.    	    1.136699    
    2455345.    	    1.225892    
    2455346.    	    1.493708    
    2455347.    	    1.409786    
    2455348.    	    1.422405    
    2455349.    	    1.381432    
    2455350.    	    1.010343    
    2455351.    	   0.8534678    
    2455352.    	   0.8642920    
    2455353.    	   0.8416501    
    2455354.    	   0.8907315    
    2455355.    	    1.010135    
    2455356.    	    1.156081    
    2455357.    	   0.9802449    
    2455358.    	   0.8797587    
    2455359.    	   0.8869715    
    2455360.    	   0.9225622    
    2455361.    	   0.8440936    
    2455362.    	   0.9686843    
    2455363.    	   0.9893771    
    2455364.    	    1.167997    
    2455365.    	    1.519959    
    2455366.    	    1.809353    
    2455367.    	    1.903575    
    2455368.    	    2.001940    
    2455369.    	    2.079531    
    2455370.    	    2.111797    
    2455371.    	    1.825014    
    2455372.    	    1.623594    
    2455373.    	    1.434878    
    2455374.    	    1.183744    
    2455375.    	    1.275311    
    2455376.    	    1.434015    
    2455377.    	    1.326421    
    2455378.    	    1.390758    
    2455379.    	    1.658426    
    2455380.    	    1.728662    
    2455381.    	    1.825389    
    2455382.    	    1.649088    
    2455383.    	    1.624174    
    2455384.    	    1.145857    
    2455385.    	   0.9009344    
    2455386.    	   0.7420017    
    2455387.    	   0.8221229    
    2455388.    	    1.314616    
    2455389.    	    1.951567    
    2455390.    	    2.129126    
    2455391.    	    2.164726    
    2455392.    	    2.329631    
    2455393.    	    2.364375    
    2455394.    	    2.347061    
    2455395.    	    2.273011    
    2455396.    	    2.119424    
    2455397.    	    1.951322    
    2455398.    	    1.770832    
    2455399.    	    1.795077    
    2455400.    	    1.823906    
    2455401.    	    1.615954    
    2455402.    	    1.692331    
    2455403.    	    2.030187    
    2455404.    	    1.999741    
    2455405.    	    1.829758    
    2455406.    	    1.400640    
    2455407.    	    1.189409    
    2455408.    	   0.8155707    
    2455409.    	   0.5667390    
    2455410.    	   0.3355349    
    2455411.    	   0.3108337    
    2455412.    	   0.2131676    
    2455413.    	   0.1890206    
    2455414.    	   0.7178487    
    2455415.    	   0.5220978    
    2455416.    	   0.3855681    
    2455417.    	   0.3315377    
    2455418.    	   0.1512957    
    2455419.    	   0.4382790    
    2455420.    	   0.6167616    
    2455421.    	   0.7395094    
    2455422.    	   0.8226985    
    2455423.    	   0.8252932    
    2455424.    	    1.166503    
    2455425.    	    1.172992    
    2455426.    	    1.313653    
    2455427.    	    1.187256    
    2455428.    	   0.9523682    
    2455429.    	   0.6309174    
    2455430.    	   0.8284740    
    2455431.    	   0.9799070    
    2455432.    	    1.031267    
    2455433.    	    1.105306    
    2455434.    	    1.164718    
    2455435.    	    1.366198    
    2455436.    	    1.313160    
    2455437.    	   0.8370779    
    2455438.    	   0.4395800    
    2455439.    	   0.5092843    
    2455440.    	   0.5873447    
    2455441.    	   0.9088230    
    2455442.    	    1.169472    
    2455443.    	    1.346514    
    2455444.    	    1.340282    
    2455445.    	    1.213913    
    2455446.    	    1.077560    
    2455447.    	    1.102864    
    2455448.    	   0.9805419    
    2455449.    	   0.8888237    
    2455450.    	   0.8624189    
    2455451.    	   0.6089439    
    2455452.    	   0.4259362    
    2455453.    	   0.5951554    
    2455454.    	   0.5173058    
    2455455.    	   0.4346272    
    2455456.    	   0.2481290    
    2455457.    	   0.6701128    
    2455458.    	   0.7018556    
    2455459.    	   0.8871570    
    2455460.    	    1.106433    
    2455461.    	    1.226885    
    2455462.    	    1.276117    
    2455463.    	   0.9947269    
    2455464.    	   0.8097044    
    2455465.    	   0.6790156    
    2455466.    	   0.5839016    
    2455467.    	   0.3729316    
    2455468.    	   0.1799990    
    2455469.    	   0.5323998    
    2455470.    	   0.5316926    
    2455471.    	   0.6240738    
    2455472.    	   0.8280129    
    2455473.    	    1.111113    
    2455474.    	    1.217524    
    2455475.    	    1.216538    
    2455476.    	    1.854639    
    2455477.    	    2.262344    
    2455478.    	    2.645498    
    2455479.    	    2.847737    
    2455480.    	    2.880836    
    2455481.    	    2.874302    
    2455482.    	    2.802615    
    2455483.    	    2.839067    
    2455484.    	    2.800612    
    2455485.    	    2.609331    
    2455486.    	    1.963890    
    2455487.    	    1.653438    
    2455488.    	    1.472856    
    2455489.    	    1.047509    
    2455490.    	   0.8146402    
    2455491.    	   0.6869602    
    2455492.    	   0.4776521    
    2455493.    	   0.3623574    
    2455494.    	   0.3390570    
    2455495.    	   0.1795681    
    2455496.    	   0.1870956    
    2455497.    	   0.3013415    
    2455498.    	   0.3496608    
    2455499.    	   0.3167372    
    2455500.    	   0.3857103    
    2455501.    	   0.5947334    
    2455502.    	   0.6382319    
    2455503.    	   0.3373456    
    2455504.    	   7.4659772E-02
    2455505.    	   0.2404252    
    2455506.    	   0.6608140    
    2455507.    	    1.040830    
    2455508.    	    1.191997    
    2455509.    	    1.062063    
    2455510.    	   0.9524866    
    2455511.    	    1.297179    
    2455512.    	    1.140950    
    2455513.    	    1.130312    
    2455514.    	    1.490302    
    2455515.    	    1.647329    
    2455516.    	    1.178629    
    2455517.    	   0.7344313    
    2455518.    	   0.6310746    
    2455519.    	   0.8295738    
    2455520.    	   0.5758643    
    2455521.    	   0.4674707    
    2455522.    	   0.3710171    
    2455523.    	   0.3694266    
    2455524.    	   0.4128184    
    2455525.    	   0.4172299    
    2455526.    	   0.3439583    
    2455527.    	   0.4248677    
    2455528.    	   0.4575157    
    2455529.    	   0.5231861    
    2455530.    	   0.3901125    
    2455531.    	   0.5101501    
    2455532.    	   0.7245381    
    2455533.    	   0.9303324    
    2455534.    	    1.204655    
    2455535.    	    1.210502    
    2455536.    	    1.280107    
    2455537.    	    1.135356    
    2455538.    	    1.012203    
    2455539.    	    1.188216    
    2455540.    	    1.166892    
    2455541.    	    1.486709    
    2455542.    	    1.444960    
    2455543.    	    1.210305    
    2455544.    	    1.042615    
    2455545.    	    1.174770    
    2455546.    	   0.8023570    
    2455547.    	   0.8263249    
    2455548.    	    1.006753    
    2455549.    	    1.104222    
    2455550.    	    1.160647    
    2455551.    	    1.061890    
    2455552.    	   0.7896489    
    2455553.    	   0.6023473    
    2455554.    	   0.7821402    
    2455555.    	   0.9376006    
    2455556.    	    1.111563    
    2455557.    	    1.073475    
    2455558.    	   0.8453784    
    2455559.    	   0.7244317    
    2455560.    	   0.5092567    
    2455561.    	   0.3405448    
    2455562.    	   0.5469896    
    2455563.    	   0.6221857    
    2455564.    	   0.8364494    
    2455565.    	   0.8228488    
    2455566.    	   0.5783098    
    2455567.    	   0.5299188    
    2455568.    	   0.4754706    
    2455569.    	   0.7068502    
    2455570.    	    1.019334    
    2455571.    	    1.137455    
    2455572.    	    1.409191    
    2455573.    	    1.956021    
    2455574.    	    2.362367    
    2455575.    	    2.361616    
    2455576.    	    2.363322    
    2455577.    	    2.248593    
    2455578.    	    2.053644    
    2455579.    	    1.973319    
    2455580.    	    2.379512    
    2455581.    	    2.556160    
    2455582.    	    2.441893    
    2455583.    	    2.593972    
    2455584.    	    2.558421    
    2455585.    	    2.486964    
    2455586.    	    2.164473    
    2455587.    	    2.028887    
    2455588.    	    1.780620    
    2455589.    	    1.563943    
    2455590.    	   0.9636764    
    2455591.    	   0.9129941    
    2455592.    	   0.7998224    
    2455593.    	   0.7759596    
    2455594.    	   0.3291438    
    2455595.    	   1.3327666E-02
    2455596.    	   0.2763457    
    2455597.    	   0.5208756    
    2455598.    	   0.5700490    
    2455599.    	   0.6461387    
    2455600.    	   0.2840114    
    2455601.    	   0.2379792    
    2455602.    	   9.3090706E-02
    2455603.    	   0.4379088    
    2455604.    	   0.3970318    
    2455605.    	   0.3022356    
    2455606.    	   0.2226521    
    2455607.    	   0.3717546    
    2455608.    	   0.4024213    
    2455609.    	   0.5122785    
    2455610.    	   0.7147872    
    2455611.    	   0.7608213    
    2455612.    	   0.9332266    
    2455613.    	    1.133759    
    2455614.    	    1.096119    
    2455615.    	    1.201600    
    2455616.    	   0.9583451    
    2455617.    	   0.6872791    
    2455618.    	   0.2801242    
    2455619.    	   0.2794442    
    2455620.    	   0.3063237    
    2455621.    	   0.3801539    
    2455622.    	   0.3142202    
    2455623.    	   0.3711782    
    2455624.    	   0.4086459    
    2455625.    	   0.8725755    
    2455626.    	   0.9395467    
    2455627.    	    1.047937    
    2455628.    	   0.9969534    
    2455629.    	    1.139260    
    2455630.    	    1.309278    
    2455631.    	    1.076474    
    2455632.    	    1.061959    
    2455633.    	    1.242249    
    2455634.    	    1.199446    
    2455635.    	    1.191152    
    2455636.    	   0.9199552    
    2455637.    	   0.9926240    
    2455638.    	    1.091614    
    2455639.    	   0.9029431    
    2455640.    	   0.9218194    
    2455641.    	   0.9697819    
    2455642.    	    1.113373    
    2455643.    	    1.520498    
    2455644.    	    1.726884    
    2455645.    	    1.840427    
    2455646.    	    1.583389    
    2455647.    	    1.361696    
    2455648.    	    1.393235    
    2455649.    	    1.271866    
    2455650.    	    1.239788    
    2455651.    	    1.268810    
    2455652.    	    1.363998    
    2455653.    	    1.510890    
    2455654.    	    1.718815    
    2455655.    	    1.856718    
    2455656.    	    1.739489    
    2455657.    	    1.807068    
    2455658.    	    1.697779    
    2455659.    	    1.445133    
    2455660.    	    1.278056    
    2455661.    	    1.024210    
    2455662.    	   0.8345230    
    2455663.    	   0.5370788    
    2455664.    	   0.6461627    
    2455665.    	   0.6368057    
    2455666.    	   0.6086442    
    2455667.    	   0.4399657    
    2455668.    	   0.2895868    
    2455669.    	   0.2299706    
    2455670.    	   0.2875943    
    2455671.    	   0.4641345    
    2455672.    	   0.4787551    
    2455673.    	   0.3966976    
    2455674.    	   7.5314790E-02
    2455675.    	   0.4061308    
    2455676.    	   0.6407982    
    2455677.    	   0.7741848    
    2455678.    	   0.8696656    
    2455679.    	   0.9169493    
    2455680.    	    1.354447    
    2455681.    	    1.617771    
    2455682.    	    1.658246    
    2455683.    	    1.617563    
    2455684.    	    1.835654    
    2455685.    	    2.007997    
    2455686.    	    2.146047    
    2455687.    	    2.079068    
    2455688.    	    2.184091    
    2455689.    	    2.454818    
    2455690.    	    2.465847    
    2455691.    	    2.270287    
    2455692.    	    2.233840    
    2455693.    	    2.107181    
    2455694.    	    2.067664    
    2455695.    	    1.981827    
    2455696.    	    1.799731    
    2455697.    	    1.849023    
    2455698.    	    1.931535    
    2455699.    	    1.890977    
    2455700.    	    1.760166    
    2455701.    	    1.638778    
    2455702.    	    1.176570    
    2455703.    	   0.6911806    
    2455704.    	   0.4037925    
    2455705.    	   0.1720921    
    2455706.    	   0.6180174    
    2455707.    	    1.074600    
    2455708.    	    1.112712    
    2455709.    	    1.131497    
    2455710.    	    1.104804    
    2455711.    	   0.8954949    
    2455712.    	   0.7360090    
    2455713.    	   0.4140697    
    2455714.    	   0.2832173    
    2455715.    	   0.3297193    
    2455716.    	   0.5067523    
    2455717.    	   0.5712851    
    2455718.    	   0.4844643    
    2455719.    	   0.5535660    
    2455720.    	   0.6197360    
    2455721.    	   0.9768618    
    2455722.    	    1.548448    
    2455723.    	    1.497506    
    2455724.    	    1.072170    
    2455725.    	   0.8377955    
    2455726.    	   0.8402994    
    2455727.    	   0.8151549    
    2455728.    	   0.5402218    
    2455729.    	   0.6433994    
    2455730.    	   0.6874050    
    2455731.    	   0.5254923    
    2455732.    	   0.3714363    
    2455733.    	   0.3239802    
    2455734.    	   0.1253231    
    2455735.    	   0.2839171    
    2455736.    	   0.5489587    
    2455737.    	   0.7500529    
    2455738.    	   0.7732050    
    2455739.    	   0.8458781    
    2455740.    	   0.7913974    
    2455741.    	   0.8109651    
    2455742.    	   0.7198621    
    2455743.    	   0.6952860    
    2455744.    	   0.7665455    
    2455745.    	   0.7878162    
    2455746.    	   0.6664211    
    2455747.    	   0.5941544    
    2455748.    	   0.4761302    
    2455749.    	   0.3315136    
    2455750.    	   0.6651482    
    2455751.    	   0.9415630    
    2455752.    	    1.108719    
    2455753.    	    1.336689    
    2455754.    	    1.778794    
    2455755.    	    2.135608    
    2455756.    	    1.929063    
    2455757.    	    1.710349    
    2455758.    	    1.274172    
    2455759.    	   0.9970548    
    2455760.    	    1.050257    
    2455761.    	   0.9149336    
    2455762.    	    1.031101    
    2455763.    	    1.092356    
    2455764.    	    1.217632    
    2455765.    	    1.152346    
    2455766.    	    1.440085    
    2455767.    	    1.274987    
    2455768.    	   0.8653932    
    2455769.    	   0.6335309    
    2455770.    	   0.5257605    
    2455771.    	   0.7236251    
    2455772.    	   0.8706357    
    2455773.    	   0.7313730    
    2455774.    	   0.3169946    
    2455775.    	   0.3574027    
    2455776.    	   0.1721666    
    2455777.    	   6.3358359E-02
    2455778.    	   0.2637103    
    2455779.    	   0.4344057    
    2455780.    	   0.3555377    
    2455781.    	   0.1614441    
    2455782.    	   0.3496282    
    2455783.    	   0.1920768    
    2455784.    	   0.3578256    
    2455785.    	   0.5134650    
    2455786.    	    1.042895    
    2455787.    	    1.409293    
    2455788.    	    1.455974    
    2455789.    	    1.513955    
    2455790.    	    1.604815    
    2455791.    	    1.467052    
    2455792.    	    1.267636    
    2455793.    	    1.193694    
    2455794.    	    1.017000    
    2455795.    	    1.040065    
    2455796.    	    1.353390    
    2455797.    	    1.404145    
    2455798.    	    1.671727    
    2455799.    	    1.828942    
    2455800.    	    1.920756    
    2455801.    	    1.719613    
    2455802.    	    1.649542    
    2455803.    	    1.417691    
    2455804.    	    1.227198    
    2455805.    	   0.9314758    
    2455806.    	   0.6982713    
    2455807.    	   0.7385496    
    2455808.    	   0.7083521    
    2455809.    	   0.6344020    
    2455810.    	   0.5547245    
    2455811.    	   0.7345214    
    2455812.    	   0.9380786    
    2455813.    	   0.8722751    
    2455814.    	   0.9710559    
    2455815.    	    1.096799    
    2455816.    	   0.9307988    
    2455817.    	    1.071563    
    2455818.    	   0.8238617    
    2455819.    	   0.6323668    
    2455820.    	   0.5183160    
    2455821.    	   0.6879385    
    2455822.    	   0.8594369    
    2455823.    	   0.9637588    
    2455824.    	    1.043531    
    2455825.    	   0.9657067    
    2455826.    	   0.6488835    
    2455827.    	   0.6658607    
    2455828.    	   0.7525570    
    2455829.    	   0.7218416    
    2455830.    	    1.060360    
    2455831.    	    1.247231    
    2455832.    	    1.187328    
    2455833.    	    1.368166    
    2455834.    	    1.555562    
    2455835.    	    1.548655    
    2455836.    	    1.674241    
    2455837.    	    1.491679    
    2455838.    	    1.318595    
    2455839.    	    1.127676    
    2455840.    	    1.327308    
    2455841.    	    1.467012    
    2455842.    	    1.414458    
    2455843.    	    1.507742    
    2455844.    	    1.554397    
    2455845.    	    1.749630    
    2455846.    	    1.815738    
    2455847.    	    2.045181    
    2455848.    	    2.081033    
    2455849.    	    2.282794    
    2455850.    	    2.645096    
    2455851.    	    3.046252    
    2455852.    	    3.331610    
    2455853.    	    3.587768    
    2455854.    	    3.502541    
    2455855.    	    3.125072    
    2455856.    	    2.492061    
    2455857.    	    2.105182    
    2455858.    	    1.877896    
    2455859.    	    1.590188    
    2455860.    	    1.145402    
    2455861.    	    1.050249    
    2455862.    	   0.9143044    
    2455863.    	   0.8354169    
    2455864.    	   0.8422025    
    2455865.    	   0.9079891    
    2455866.    	   0.8531399    
    2455867.    	    1.083559    
    2455868.    	    1.491628    
    2455869.    	    1.560857    
    2455870.    	    1.313450    
    2455871.    	    1.387894    
    2455872.    	    1.408244    
    2455873.    	    1.463610    
    2455874.    	    1.354357    
    2455875.    	    1.199849    
    2455876.    	    1.119564    
    2455877.    	    1.077034    
    2455878.    	    1.075412    
    2455879.    	    1.229607    
    2455880.    	    1.026501    
    2455881.    	    1.078569    
    2455882.    	   0.9875757    
    2455883.    	    1.011782    
    2455884.    	    1.086736    
    2455885.    	    1.130655    
    2455886.    	    1.160244    
    2455887.    	    1.024350    
    2455888.    	    1.355639    
    2455889.    	    1.834650    
    2455890.    	    1.852449    
    2455891.    	    1.940410    
    2455892.    	    2.038757    
    2455893.    	    2.236897    
    2455894.    	    2.299392    
    2455895.    	    2.082153    
    2455896.    	    1.922189    
    2455897.    	    1.999825    
    2455898.    	    1.951691    
    2455899.    	    2.003008    
    2455900.    	    2.155641    
    2455901.    	    2.229839    
    2455902.    	    2.008017    
    2455903.    	    1.739367    
    2455904.    	    1.711655    
    2455905.    	    1.316477    
    2455906.    	    1.129365    
    2455907.    	   0.6935103    
    2455908.    	   0.5084816    
    2455909.    	   0.5171393    
    2455910.    	   0.6072931    
    2455911.    	   0.7728528    
    2455912.    	   0.7612383    
    2455913.    	   0.8908991    
    2455914.    	   0.7822085    
    2455915.    	   0.8435811    
    2455916.    	   0.9707896    
    2455917.    	    1.297422    
    2455918.    	    1.447854    
    2455919.    	    1.734495    
    2455920.    	    1.857037    
    2455921.    	    1.624875    
    2455922.    	    1.567065    
    2455923.    	    1.580418    
    2455924.    	    1.613918    
    2455925.    	    1.534795    
    2455926.    	    1.624554    
    2455927.    	    1.565536    
    2455928.    	    1.397671    
    2455929.    	    1.207249    
    2455930.    	    1.011654    
    2455931.    	    1.032044    
    2455932.    	   0.7763508    
    2455933.    	   0.8821168    
    2455934.    	   0.9459449    
    2455935.    	   0.8557000    
    2455936.    	   0.6374165    
    2455937.    	   0.3843626    
    2455938.    	   0.8557802    
    2455939.    	   0.6694296    
    2455940.    	   0.5754202    
    2455941.    	   0.7111676    
    2455942.    	   0.8761310    
    2455943.    	   0.7888430    
    2455944.    	   0.4373195    
    2455945.    	   0.5344135    
    2455946.    	   0.7331756    
    2455947.    	    1.394658    
    2455948.    	    1.427409    
    2455949.    	    1.268879    
    2455950.    	    1.383475    
    2455951.    	    1.444533    
    2455952.    	    1.373157    
    2455953.    	    1.260659    
    2455954.    	    1.371707    
    2455955.    	    1.795510    
    2455956.    	    1.930858    
    2455957.    	    1.804920    
    2455958.    	    1.831573    
    2455959.    	    1.954944    
    2455960.    	    2.241853    
    2455961.    	    2.416827    
    2455962.    	    2.782886    
    2455963.    	    3.218607    
    2455964.    	    3.403123    
    2455965.    	    2.960910    
    2455966.    	    2.497476    
    2455967.    	    2.167340    
    2455968.    	    1.911539    
    2455969.    	    1.567556    
    2455970.    	    1.597914    
    2455971.    	    1.735587    
    2455972.    	    1.671778    
    2455973.    	    1.354528    
    2455974.    	    1.257775    
    2455975.    	    1.510740    
    2455976.    	    1.515749    
    2455977.    	    1.468166    
    2455978.    	    1.475608    
    2455979.    	    1.560699    
    2455980.    	    1.737049    
    2455981.    	    1.845085    
    2455982.    	    1.737829    
    2455983.    	    1.663056    
    2455984.    	    1.759752    
    2455985.    	    1.896241    
    2455986.    	    1.989464    
    2455987.    	    2.010809    
    2455988.    	    1.962943    
    2455989.    	    2.211692    
    2455990.    	    2.741207    
    2455991.    	    2.760491    
    2455992.    	    2.684305    
    2455993.    	    2.609593    
    2455994.    	    2.287077    
    2455995.    	    2.226195    
    2455996.    	    2.248988    
    2455997.    	    2.069676    
    2455998.    	    1.951560    
    2455999.    	    1.958384    
    2456000.    	    1.884914    
    2456001.    	    1.872032    
    2456002.    	    1.840167    
    2456003.    	    2.054322    
    2456004.    	    2.224575    
    2456005.    	    2.609782    
    2456006.    	    3.242955    
    2456007.    	    3.380019    
    2456008.    	    3.300387    
    2456009.    	    3.212244    
    2456010.    	    3.244106    
    2456011.    	    2.804958    
    2456012.    	    2.206735    
    2456013.    	    1.742530    
    2456014.    	    1.582433    
    2456015.    	    1.529018    
    2456016.    	    1.518835    
    2456017.    	    1.243044    
    2456018.    	    1.344796    
    2456019.    	    1.437205    
    2456020.    	    1.622556    
    2456021.    	    1.969566    
    2456022.    	    2.308120    
    2456023.    	    2.480710    
    2456024.    	    2.840201    
    2456025.    	    2.720315    
    2456026.    	    2.522439    
    2456027.    	    2.194199    
    2456028.    	    1.902406    
    2456029.    	    1.635453    
    2456030.    	    1.485478    
    2456031.    	    1.315500    
    2456032.    	    1.191562    
    2456033.    	   0.9484104    
    2456034.    	   0.9832243    
    2456035.    	    1.124214    
    2456036.    	    1.441955    
    2456037.    	    1.575305    
    2456038.    	    1.338354    
    2456039.    	    1.066643    
    2456040.    	   0.9354155    
    2456041.    	    1.093061    
    2456042.    	   0.9792249    
    2456043.    	   0.8953739    
    2456044.    	   0.6083211    
    2456045.    	   0.5202878    
    2456046.    	   0.1072456    
    2456047.    	   0.2295299    
    2456048.    	   0.3106670    
    2456049.    	   0.2435887    
    2456050.    	   0.4443558    
    2456051.    	   0.3848339    
    2456052.    	   0.3744088    
    2456053.    	   0.2709454    
    2456054.    	   0.1093175    
    2456055.    	   0.4437353    
    2456056.    	   0.6406695    
    2456057.    	   0.7258643    
    2456058.    	   0.8109761    
    2456059.    	   0.6719611    
    2456060.    	   0.7345694    
    2456061.    	   0.4682764    
    2456062.    	   0.7173561    
    2456063.    	   0.7834828    
    2456064.    	   0.7303773    
    2456065.    	   0.7915623    
    2456066.    	   0.9343978    
    2456067.    	   0.9684876    
    2456068.    	   0.6543849    
    2456069.    	   0.4932082    
    2456070.    	   0.4023264    
    2456071.    	   0.3741528    
    2456072.    	   0.3778105    
    2456073.    	   0.3404191    
    2456074.    	   0.2353038    
    2456075.    	   0.2732948    
    2456076.    	   0.2492334    
    2456077.    	   0.1560179    
    2456078.    	   0.3262080    
    2456079.    	   0.6262188    
    2456080.    	   0.6615700    
    2456081.    	   0.7736071    
    2456082.    	    1.159103    
    2456083.    	    1.498365    
    2456084.    	    1.876362    
    2456085.    	    1.866278    
    2456086.    	    1.869267    
    2456087.    	    1.407725    
    2456088.    	    1.382300    
    2456089.    	    1.886597    
    2456090.    	    2.019337    
    2456091.    	    1.882516    
    2456092.    	    1.964161    
    2456093.    	    1.936436    
    2456094.    	    1.799528    
    2456095.    	    1.633067    
    2456096.    	    1.529837    
    2456097.    	    1.756211    
    2456098.    	    1.857512    
    2456099.    	    1.728563    
    2456100.    	    1.882545    
    2456101.    	    2.014924    
    2456102.    	    1.892529    
    2456103.    	    1.870239    
    2456104.    	    1.816121    
    2456105.    	    1.524601    
    2456106.    	    1.176847    
    2456107.    	   0.8112069    
    2456108.    	   0.8896161    
    2456109.    	    1.188161    
    2456110.    	    1.327267    
    2456111.    	    1.198282    
    2456112.    	    1.152891    
    2456113.    	    1.356090    
    2456114.    	    1.379905    
    2456115.    	    1.349268    
    2456116.    	    1.269642    
    2456117.    	    1.134543    
    2456118.    	    1.038376    
    2456119.    	    1.041462    
    2456120.    	    1.079658    
    2456121.    	    1.151673    
    2456122.    	    1.255826    
    2456123.    	    1.164084    
    2456124.    	    1.079381    
    2456125.    	   0.9070204    
    2456126.    	   0.6925509    
    2456127.    	   0.9470941    
    2456128.    	   0.8825067    
    2456129.    	   0.6618841    
    2456130.    	   0.7168059    
    2456131.    	   0.5957044    
    2456132.    	   0.6550465    
    2456133.    	   0.8197901    
    2456134.    	   0.8590628    
    2456135.    	   0.8554437    
    2456136.    	   0.8912732    
    2456137.    	   0.8553910    
    2456138.    	   0.7560150    
    2456139.    	   0.8708561    
    2456140.    	    1.076086    
    2456141.    	    1.204810    
    2456142.    	    1.136461    
    2456143.    	   0.8252519    
    2456144.    	   0.6146118    
    2456145.    	   0.4657634    
    2456146.    	   0.5876706    
    2456147.    	    1.037783    
    2456148.    	    1.444126    
    2456149.    	    1.692212    
    2456150.    	    1.681474    
    2456151.    	    1.546729    
    2456152.    	    1.490334    
    2456153.    	    1.481765    
    2456154.    	    1.618386    
    2456155.    	    1.578814    
    2456156.    	    1.651922    
    2456157.    	    1.625883    
    2456158.    	    1.548794    
    2456159.    	    1.554822    
    2456160.    	    1.525137    
    2456161.    	    1.463960    
    2456162.    	    1.481984    
    2456163.    	    1.757435    
    2456164.    	    1.854080    
    2456165.    	    1.886274    
    2456166.    	    1.967311    
    2456167.    	    1.990968    
    2456168.    	    1.839123    
    2456169.    	    1.491202    
    2456170.    	    1.204054    
    2456171.    	   0.8884631    
    2456172.    	   0.8540778    
    2456173.    	   0.7287148    
    2456174.    	   0.9871926    
    2456175.    	    1.323661    
    2456176.    	    1.116549    
    2456177.    	    1.648984    
    2456178.    	    1.940738    
    2456179.    	    1.806833    
    2456180.    	    1.659267    
    2456181.    	    1.571869    
    2456182.    	    1.278606    
    2456183.    	    1.135099    
    2456184.    	    1.224790    
    2456185.    	    1.255011    
    2456186.    	   0.9361746    
    2456187.    	   0.6810209    
    2456188.    	   0.6982014    
    2456189.    	   0.8935818    
    2456190.    	   0.9085206    
    2456191.    	    1.041042    
    2456192.    	   0.9726852    
    2456193.    	   0.8708889    
    2456194.    	    1.051872    
    2456195.    	    1.128875    
    2456196.    	   0.9183072    
    2456197.    	   0.8315023    
    2456198.    	    1.216651    
    2456199.    	    1.456268    
    2456200.    	    1.737987    
    2456201.    	    1.810339    
    2456202.    	    1.936691    
    2456203.    	    1.890246    
    2456204.    	    1.728570    
    2456205.    	    1.479254    
    2456206.    	    1.195057    
    2456207.    	   0.9623690    
    2456208.    	    1.024345    
    2456209.    	    1.109838    
    2456210.    	   0.6684356    
    2456211.    	   0.3386273    
    2456212.    	   0.1440088    
    2456213.    	   0.1224371    
    2456214.    	   0.3321284    
    2456215.    	   0.5800902    
    2456216.    	   0.7705514    
    2456217.    	   0.7730884    
    2456218.    	    1.148728    
    2456219.    	    1.404510    
    2456220.    	    1.406223    
    2456221.    	    1.253700    
    2456222.    	    1.271536    
    2456223.    	    1.250461    
    2456224.    	    1.487866    
    2456225.    	    1.324829    
    2456226.    	   0.9720830    
    2456227.    	   0.6628451    
    2456228.    	   0.8484510    
    2456229.    	    1.242954    
    2456230.    	    1.197348    
    2456231.    	    1.309193    
    2456232.    	    1.002471    
    2456233.    	   0.9609722    
    2456234.    	    1.041687    
    2456235.    	    1.203290    
    2456236.    	    1.241550    
    2456237.    	    1.115490    
    2456238.    	    1.093328    
    2456239.    	   0.7367148    
    2456240.    	   0.7559221    
    2456241.    	   0.8169053    
    2456242.    	   0.6312284    
    2456243.    	   0.6191081    
    2456244.    	   0.3917613    
    2456245.    	   0.3850690    
    2456246.    	   0.3830530    
    2456247.    	   0.4145330    
    2456248.    	   0.5843832    
    2456249.    	   0.6887164    
    2456250.    	   0.7466035    
    2456251.    	    1.061435    
    2456252.    	   0.8709224    
    2456253.    	   0.7823264    
    2456254.    	   0.9028570    
    2456255.    	   0.6485043    
    2456256.    	   0.6611808    
    2456257.    	   0.2771479    
    2456258.    	   0.4329047    
    2456259.    	   0.6880303    
    2456260.    	   0.6071023    
    2456261.    	   0.8533778    
    2456262.    	    1.032311    
    2456263.    	   0.8774220    
    2456264.    	   0.9223333    
    2456265.    	   0.7023320    
    2456266.    	   0.4583389    
    2456267.    	   0.1796051    
    2456268.    	   0.5176450    
    2456269.    	   0.4370437    
    2456270.    	   0.1219301    
    2456271.    	   0.3289237    
    2456272.    	   0.2476323    
    2456273.    	   0.8278754    
    2456274.    	    1.040980    
    2456275.    	    1.407097    
    2456276.    	    1.608889    
    2456277.    	    1.624116    
    2456278.    	    1.546657    
    2456279.    	    1.401184    
    2456280.    	    1.218861    
    2456281.    	   0.9070740    
    2456282.    	   0.8463888    
    2456283.    	   0.7742050    
    2456284.    	    1.000934    
    2456285.    	    1.076179    
    2456286.    	    1.072040    
    2456287.    	   0.8856678    
    2456288.    	   0.8777073    
    2456289.    	   0.8388916    
    2456290.    	   0.7155492    
    2456291.    	   0.7191585    
    2456292.    	   0.9862399    
    2456293.    	    1.164682    
    2456294.    	    1.107915    
    2456295.    	    1.074192    
    2456296.    	   0.9467015    
    2456297.    	    1.443547    
    2456298.    	    2.077615    
    2456299.    	    2.300137    
    2456300.    	    2.202488    
    2456301.    	    2.143928    
    2456302.    	    2.112132    
    2456303.    	    2.243492    
    2456304.    	    2.243895    
    2456305.    	    2.487674    
    2456306.    	    2.460831    
    2456307.    	    2.658099    
    2456308.    	    2.570455    
    2456309.    	    2.511615    
    2456310.    	    2.227080    
    2456311.    	    1.956837    
    2456312.    	    1.949882    
    2456313.    	    2.209809    
    2456314.    	    2.066925    
    2456315.    	    2.135144    
    2456316.    	    2.148245    
    2456317.    	    2.150834    
    2456318.    	    1.926955    
    2456319.    	    1.813725    
    2456320.    	    1.811506    
    2456321.    	    1.651815    
    2456322.    	    1.413968    
    2456323.    	    1.582575    
    2456324.    	    2.034746    
    2456325.    	    2.197478    
    2456326.    	    2.047626    
    2456327.    	    1.951807    
    2456328.    	    1.674362    
    2456329.    	    1.380604    
    2456330.    	   0.9382103    
    2456331.    	    1.219542    
    2456332.    	    1.498903    
    2456333.    	    1.752419    
    2456334.    	    1.839266    
    2456335.    	    1.637755    
    2456336.    	    1.423969    
    2456337.    	    1.701053    
    2456338.    	    1.966288    
    2456339.    	    1.781081    
    2456340.    	    1.689736    
    2456341.    	    1.648502    
    2456342.    	    1.851901    
    2456343.    	    1.733965    
    2456344.    	    1.705384    
    2456345.    	    1.701724    
    2456346.    	    1.555647    
    2456347.    	    1.104887    
    2456348.    	   0.9206932    
    2456349.    	    1.350027    
    2456350.    	    1.752242    
    2456351.    	    1.886538    
    2456352.    	    1.849222    
    2456353.    	    1.956032    
    2456354.    	    1.915900    
    2456355.    	    1.874065    
    2456356.    	    1.678210    
    2456357.    	    1.636094    
    2456358.    	    1.745064    
    2456359.    	    1.632374    
    2456360.    	    1.256925    
    2456361.    	    1.337617    
    2456362.    	    1.317228    
    2456363.    	    1.115634    
    2456364.    	    1.120220    
    2456365.    	    1.400509    
    2456366.    	    1.344863    
    2456367.    	    1.298697    
    2456368.    	    1.476535    
    2456369.    	    1.463380    
    2456370.    	    1.302716    
    2456371.    	    1.344142    
    2456372.    	    1.262988    
    2456373.    	    1.030831    
    2456374.    	    1.019032    
    2456375.    	   0.6674111    
    2456376.    	   0.3835596    
    2456377.    	   0.2072208    
    2456378.    	   0.2379129    
    2456379.    	   0.5292200    
    2456380.    	   0.9146266    
    2456381.    	   0.9041169    
    2456382.    	    1.044261    
    2456383.    	    1.057860    
    2456384.    	    1.097062    
    2456385.    	    1.290685    
    2456386.    	    1.313078    
    2456387.    	    1.285923    
    2456388.    	    1.486995    
    2456389.    	    1.699023    
    2456390.    	    1.879498    
    2456391.    	    1.799603    
    2456392.    	    1.587039    
    2456393.    	    1.437956    
    2456394.    	    1.160299    
    2456395.    	   0.8482122    
    2456396.    	   0.6380090    
    2456397.    	   0.6919838    
    2456398.    	   0.7603030    
    2456399.    	   0.6995105    
    2456400.    	   0.4009737    
    2456401.    	   0.4814731    
    2456402.    	   0.4915056    
    2456403.    	   0.6474980    
    2456404.    	   0.5548639    
    2456405.    	   0.4148780    
    2456406.    	   0.4829434    
    2456407.    	   0.3631623    
    2456408.    	   0.3268226    
    2456409.    	   0.2203538    
    2456410.    	   0.3759947    
    2456411.    	   0.6463428    
    2456412.    	    1.001468    
    2456413.    	    1.219091    
    2456414.    	    1.329666    
    2456415.    	    1.586035    
    2456416.    	    1.804977    
    2456417.    	    2.114287    
    2456418.    	    2.503299    
    2456419.    	    2.306412    
    2456420.    	    2.151978    
    2456421.    	    2.093075    
    2456422.    	    1.819384    
    2456423.    	    1.797592    
    2456424.    	    1.594828    
    2456425.    	    1.236271    
    2456426.    	   0.8114050    
    2456427.    	   0.9340105    
    2456428.    	    1.020063    
    2456429.    	   0.8848841    
    2456430.    	   0.5440620    
    2456431.    	   0.3183948    
    2456432.    	   0.2033204    
    2456433.    	   0.4725396    
    2456434.    	   0.6017123    
    2456435.    	   0.5205312    
    2456436.    	   0.6723078    
    2456437.    	   0.6281675    
    2456438.    	   0.8517356    
    2456439.    	   0.8446234    
    2456440.    	    1.024446    
    2456441.    	    1.118410    
    2456442.    	    1.145654    
    2456443.    	    1.161143    
    2456444.    	    1.006129    
    2456445.    	   0.6792255    
    2456446.    	   0.6455413    
    2456447.    	   0.6408194    
    2456448.    	   0.6456485    
    2456449.    	   0.4765073    
    2456450.    	   0.2815198    
    2456451.    	   0.3722243    
    2456452.    	   0.2251845    
    2456453.    	   0.2635475    
    2456454.    	   0.7665988    
    2456455.    	    1.324022    
    2456456.    	    1.384320    
    2456457.    	    1.202599    
    2456458.    	    1.235097    
    2456459.    	    1.332570    
    2456460.    	    1.389295    
    2456461.    	    1.538520    
    2456462.    	    1.386824    
    2456463.    	    1.344367    
    2456464.    	    1.134977    
    2456465.    	    1.095778    
    2456466.    	    1.350668    
    2456467.    	    1.929828    
    2456468.    	    2.130383    
    2456469.    	    2.061098    
    2456470.    	    2.229178    
    2456471.    	    2.157523    
    2456472.    	    2.009455    
    2456473.    	    1.894227    
    2456474.    	    1.631699    
    2456475.    	    1.504054    
    2456476.    	    1.672357    
    2456477.    	    1.997171    
    2456478.    	    1.893803    
    2456479.    	    1.788058    
    2456480.    	    1.867647    
    2456481.    	    1.797626    
    2456482.    	    1.633217    
    2456483.    	    1.235095    
    2456484.    	   0.9734151    
    2456485.    	   0.8797674    
    2456486.    	   0.6213192    
    2456487.    	   0.7657171    
    2456488.    	   0.8047607    
    2456489.    	   0.2980897    
    2456490.    	   0.1915019    
    2456491.    	   0.2499204    
    2456492.    	   0.3827938    
    2456493.    	   0.5682236    
    2456494.    	   0.4996658    
    2456495.    	   0.3590585    
    2456496.    	   0.3834886    
    2456497.    	   0.6371539    
    2456498.    	    1.060766    
    2456499.    	   0.8649758    
    2456500.    	   0.6715887    
    2456501.    	   0.5362683    
    2456502.    	   0.3297189    
    2456503.    	   0.2074562    
    2456504.    	   0.1400127    
    2456505.    	   0.6832552    
    2456506.    	   0.8447982    
    2456507.    	   0.5547715    
    2456508.    	   0.6321145    
    2456509.    	   0.2220715    
    2456510.    	   0.3734984    
    2456511.    	   0.7107947    
    2456512.    	   0.8226044    
    2456513.    	   0.6193420    
    2456514.    	   0.3746958    
    2456515.    	   0.1330318    
    2456516.    	   0.1623398    
    2456517.    	   0.1753272    
    2456518.    	   0.1213584    
    2456519.    	   0.1929190    
    2456520.    	   0.5885346    
    2456521.    	    1.109268    
    2456522.    	    1.094252    
    2456523.    	    1.167755    
    2456524.    	    1.217402    
    2456525.    	    1.337735    
    2456526.    	   0.9067549    
    2456527.    	   0.6974621    
    2456528.    	   0.9819541    
    2456529.    	    1.326315    
    2456530.    	    1.316699    
    2456531.    	    1.303831    
    2456532.    	    1.575438    
    2456533.    	    1.897038    
    2456534.    	    1.863173    
    2456535.    	    1.820575    
    2456536.    	    2.139090    
    2456537.    	    2.249636    
    2456538.    	    2.272843    
    2456539.    	    2.084850    
    2456540.    	    1.926432    
    2456541.    	    1.902483    
    2456542.    	    1.791304    
    2456543.    	    1.565090    
    2456544.    	    1.305501    
    2456545.    	   0.8566697    
    2456546.    	   0.7870698    
    2456547.    	   0.9021426    
    2456548.    	   0.7609398    
    2456549.    	   0.8550629    
    2456550.    	    1.345617    
    2456551.    	    1.670307    
    2456552.    	    1.703743    
    2456553.    	    1.439076    
    2456554.    	    1.407761    
    2456555.    	    1.644243    
    2456556.    	    1.846759    
    2456557.    	    1.995873    
    2456558.    	    1.981331    
    2456559.    	    1.839548    
    2456560.    	    1.731871    
    2456561.    	    1.673438    
    2456562.    	    1.718718    
    2456563.    	    1.493408    
    2456564.    	    1.621838    
    2456565.    	    1.766501    
    2456566.    	    1.671021    
    2456567.    	    1.531299    
    2456568.    	    1.359208    
    2456569.    	    1.401349    
    2456570.    	    1.616416    
    2456571.    	    1.477728    
    2456572.    	    1.291909    
    2456573.    	    1.307977    
    2456574.    	    1.506281    
    2456575.    	    1.257632    
    2456576.    	    1.116102    
    2456577.    	    1.292134    
    2456578.    	   0.9474416    
    2456579.    	   0.7541042    
    2456580.    	   0.5290727    
    2456581.    	   0.1804090    
    2456582.    	   0.1192656    
    2456583.    	   0.3234332    
    2456584.    	   0.5644996    
    2456585.    	   0.4365527    
    2456586.    	   0.1026482    
    2456587.    	   0.2456580    
    2456588.    	   0.6329193    
    2456589.    	   0.6640241    
    2456590.    	   0.6860141    
    2456591.    	   0.5644550    
    2456592.    	   8.8366419E-02
    2456593.    	   0.1092547    
    2456594.    	   0.3353440    
    2456595.    	   0.7589334    
    2456596.    	    1.075812    
    2456597.    	    1.151470    
    2456598.    	    1.139129    
    2456599.    	    1.202933    
    2456600.    	   0.9169564    
    2456601.    	   0.8870978    
    2456602.    	   0.4799786    
    2456603.    	   0.6516384    
    2456604.    	   0.8462124    
    2456605.    	    1.086116    
    2456606.    	    1.007629    
    2456607.    	   0.8837703    
    2456608.    	   0.8609693    
    2456609.    	   0.9077294    
    2456610.    	   0.9124730    
    2456611.    	   0.7759376    
    2456612.    	   0.5749314    
    2456613.    	   0.3730760    
    2456614.    	   0.2492921    
    2456615.    	   0.1242080    
    2456616.    	   0.2218846    
    2456617.    	   0.2133922    
    2456618.    	   0.1703282    
    2456619.    	   0.5481658    
    2456620.    	   0.4403381    
    2456621.    	   0.5874631    
    2456622.    	   0.9247979    
    2456623.    	   0.9483916    
    2456624.    	   0.8922330    
    2456625.    	   0.9520597    
    2456626.    	   0.5132674    
    2456627.    	   0.2667204    
    2456628.    	   0.8549865    
    2456629.    	    1.170593    
    2456630.    	   0.9382255    
    2456631.    	   0.7799278    
    2456632.    	   0.9627624    
    2456633.    	    1.070879    
    2456634.    	    1.332860    
    2456635.    	    1.436000    
    2456636.    	    1.627224    
    2456637.    	    1.642316    
    2456638.    	    1.595034    
    2456639.    	    1.422141    
    2456640.    	    1.666707    
    2456641.    	    1.449865    
    2456642.    	    1.256421    
    2456643.    	    1.268049    
    2456644.    	    1.208346    
    2456645.    	    1.302282    
    2456646.    	    1.274076    
    2456647.    	    1.102984    
    2456648.    	    1.011738    
    2456649.    	   0.7229843    
    2456650.    	   0.4585719    
    2456651.    	   0.3042830    
    2456652.    	   0.4681387    
    2456653.    	   0.6383783    
    2456654.    	   0.9820555    
    2456655.    	   0.9389872    
    2456656.    	   0.6270941    
    2456657.    	   0.4586620    
    2456658.    	   0.3001908    
    2456659.    	   0.5905947    
    2456660.    	   0.5807148    
    2456661.    	   0.5656955    
    2456662.    	   0.5154238    
    2456663.    	   0.2657584    
    2456664.    	   0.3279100    
    2456665.    	   0.2622899    
    2456666.    	   9.3682148E-02
    2456667.    	   9.9171422E-02
    2456668.    	   0.4239921    
    2456669.    	   0.4554984    
    2456670.    	   0.9377332    
    2456671.    	    1.114394    
    2456672.    	    1.166291    
    2456673.    	    1.196778    
    2456674.    	    1.447004    
    2456675.    	    1.487570    
    2456676.    	    1.271317    
    2456677.    	    1.486154    
    2456678.    	    2.007486    
    2456679.    	    2.335477    
    2456680.    	    2.216813    
    2456681.    	    2.252513    
    2456682.    	    2.384765    
    2456683.    	    2.166886    
    2456684.    	    2.135854    
    2456685.    	    1.644997    
    2456686.    	    1.397614    
    2456687.    	    1.368189    
    2456688.    	    1.182993    
    2456689.    	    1.094130    
    2456690.    	    1.275962    
    2456691.    	    1.228637    
    2456692.    	    1.093206    
    2456693.    	   0.5978929    
    2456694.    	   0.1120548    
    2456695.    	   0.5215159    
    2456696.    	    1.026243    
    2456697.    	    1.013492    
    2456698.    	    1.054827    
    2456699.    	    1.266078    
    2456700.    	    1.180493    
    2456701.    	    1.108532    
    2456702.    	   0.8976624    
    2456703.    	    1.005991    
    2456704.    	    1.186473    
    2456705.    	    1.419211    
    2456706.    	    1.784619    
    2456707.    	    1.902470    
    2456708.    	    1.953387    
    2456709.    	    1.781349    
    2456710.    	    1.672429    
    2456711.    	    1.606234    
    2456712.    	    1.654867    
    2456713.    	    2.023984    
    2456714.    	    2.304125    
    2456715.    	    2.550969    
    2456716.    	    2.568966    
    2456717.    	    2.385198    
    2456718.    	    2.181329    
    2456719.    	    1.979083    
    2456720.    	    2.148850    
    2456721.    	    2.441795    
    2456722.    	    2.546615    
    2456723.    	    2.441867    
    2456724.    	    2.405934    
    2456725.    	    2.517300    
    2456726.    	    2.348006    
    2456727.    	    2.329576    
    2456728.    	    2.153467    
    2456729.    	    1.723628    
    2456730.    	    1.439140    
    2456731.    	    1.245210    
    2456732.    	   0.9478359    
    2456733.    	   0.7012668    
    2456734.    	   0.9048496    
    2456735.    	   0.9264526    
    2456736.    	   0.8477913    
    2456737.    	   0.6427329    
    2456738.    	   0.7549266    
    2456739.    	   0.8894878    
    2456740.    	    1.237627    
    2456741.    	    1.318375    
    2456742.    	    1.200497    
    2456743.    	    1.343336    
    2456744.    	    1.285301    
    2456745.    	    1.427604    
    2456746.    	    1.561169    
    2456747.    	    1.517999    
    2456748.    	    1.623392    
    2456749.    	    2.095915    
    2456750.    	    2.295514    
    2456751.    	    2.151680    
    2456752.    	    2.083998    
    2456753.    	    2.080090    
    2456754.    	    1.800591    
    2456755.    	    1.685731    
    2456756.    	    1.554111    
    2456757.    	    1.811533    
    2456758.    	    1.687935    
    2456759.    	    1.515615    
    2456760.    	    1.303609    
    2456761.    	    1.279579    
    2456762.    	    1.243973    
    2456763.    	    1.316655    
    2456764.    	    1.305113    
    2456765.    	    1.277765    
    2456766.    	    1.007177    
    2456767.    	   0.9668922    
    2456768.    	   0.8173518    
    2456769.    	   0.6893148    
    2456770.    	   0.7463989    
    2456771.    	   0.8203734    
    2456772.    	   0.6741295    
    2456773.    	   0.5015897    
    2456774.    	   0.5278781    
    2456775.    	   0.5566117    
    2456776.    	   0.9211037    
    2456777.    	    1.281526    
    2456778.    	    1.577060    
    2456779.    	    1.945682    
    2456780.    	    2.112681    
    2456781.    	    2.223860    
    2456782.    	    2.284200    
    2456783.    	    2.713453    
    2456784.    	    2.912712    
    2456785.    	    2.848053    
    2456786.    	    2.596166    
    2456787.    	    1.930597    
    2456788.    	    1.473279    
    2456789.    	    1.323920    
    2456790.    	    1.368102    
    2456791.    	    1.060958    
    2456792.    	   0.9972175    
    2456793.    	   0.8749960    
    2456794.    	   0.6508589    
    2456795.    	   0.5950753    
    2456796.    	   0.5623516    
    2456797.    	   0.6574070    
    2456798.    	   0.7799588    
    2456799.    	   0.7345333    
    2456800.    	   0.6188734    
    2456801.    	   0.5584707    
    2456802.    	   0.6892449    
    2456803.    	   0.9553576    
    2456804.    	    1.258246    
    2456805.    	    1.447811    
    2456806.    	    1.773563    
    2456807.    	    1.615092    
    2456808.    	    1.445716    
    2456809.    	    1.443163    
    2456810.    	    1.357366    
    2456811.    	    1.242176    
    2456812.    	    1.103804    
    2456813.    	   0.6862080    
    2456814.    	   0.5586762    
    2456815.    	   0.4692048    
    2456816.    	   0.6892260    
    2456817.    	   0.9634127    
    2456818.    	   0.9440297    
    2456819.    	    1.140926    
    2456820.    	    1.894709    
    2456821.    	    2.216791    
    2456822.    	    2.176949    
    2456823.    	    1.863755    
    2456824.    	    1.697031    
    2456825.    	    1.542721    
    2456826.    	    1.325451    
    2456827.    	    1.024603    
    2456828.    	    1.162059    
    2456829.    	    1.152616    
    2456830.    	    1.034608    
    2456831.    	   0.9626337    
    2456832.    	   0.9330328    
    2456833.    	   0.8266932    
    2456834.    	   0.7500143    
    2456835.    	   0.8502517    
    2456836.    	   0.9190831    
    2456837.    	   0.9500948    
    2456838.    	   0.4739423    
    2456839.    	   0.3483062    
    2456840.    	   0.7109835    
    2456841.    	   0.7310536    
    2456842.    	   0.4622418    
    2456843.    	   0.3810731    
    2456844.    	   0.4057727    
    2456845.    	   0.6855691    
    2456846.    	    1.161166    
    2456847.    	    1.431357    
    2456848.    	    1.505475    
    2456849.    	    1.538441    
    2456850.    	    1.574951    
    2456851.    	    1.489629    
    2456852.    	    1.390535    
    2456853.    	    1.177162    
    2456854.    	   0.9431219    
    2456855.    	    1.020095    
    2456856.    	   0.9860474    
    2456857.    	    1.093199    
    2456858.    	    1.215580    
    2456859.    	    1.072580    
    2456860.    	    1.290351    
    2456861.    	    1.448402    
    2456862.    	    1.600035    
    2456863.    	    1.406999    
    2456864.    	    1.104646    
    2456865.    	    1.306709    
    2456866.    	    1.787773    
    2456867.    	    1.854110    
    2456868.    	    1.271359    
    2456869.    	    1.053874    
    2456870.    	   0.6367170    
    2456871.    	   0.6621681    
    2456872.    	    1.036687    
    2456873.    	    1.167649    
    2456874.    	    1.168393    
    2456875.    	    1.226421    
    2456876.    	    1.194809    
    2456877.    	    1.202071    
    2456878.    	    1.104803    
    2456879.    	    1.210398    
    2456880.    	    1.351798    
    2456881.    	    1.156146    
    2456882.    	    1.257149    
    2456883.    	    1.371378    
    2456884.    	    1.347933    
    2456885.    	    1.325011    
    2456886.    	    1.131872    
    2456887.    	    1.103086    
    2456888.    	    1.361714    
    2456889.    	    1.340381    
    2456890.    	    1.222733    
    2456891.    	    1.439573    
    2456892.    	    1.710657    
    2456893.    	    1.683715    
    2456894.    	    1.660817    
    2456895.    	    1.474851    
    2456896.    	    1.307297    
    2456897.    	    1.208587    
    2456898.    	    1.048697    
    2456899.    	   0.7363456    
    2456900.    	   0.6061848    
    2456901.    	   0.8466339    
    2456902.    	    1.146289    
    2456903.    	    1.423386    
    2456904.    	    1.395948    
    2456905.    	    1.404452    
    2456906.    	    1.438697    
    2456907.    	    1.051342    
    2456908.    	   0.6864797    
    2456909.    	   0.5430926    
    2456910.    	   0.3887722    
    2456911.    	   0.2979416    
    2456912.    	   0.1234067    
    2456913.    	   0.5569245    
    2456914.    	   0.7435932    
    2456915.    	   0.8312673    
    2456916.    	   0.9051009    
    2456917.    	   0.8168663    
    2456918.    	   0.6153378    
    2456919.    	   0.5128713    
    2456920.    	   0.4211387    
    2456921.    	   0.4208395    
    2456922.    	   0.3243592    
    2456923.    	   0.1296037    
    2456924.    	   0.3025103    
    2456925.    	   0.4171961    
    2456926.    	   0.3530430    
    2456927.    	   0.2781951    
    2456928.    	   0.4506258    
    2456929.    	   0.5244858    
    2456930.    	   0.5257035    
    2456931.    	   0.4518712    
    2456932.    	   0.3270516    
    2456933.    	   0.4869094    
    2456934.    	   0.8284792    
    2456935.    	   0.9354519    
    2456936.    	   0.7485615    
    2456937.    	   0.9307420    
    2456938.    	   0.9057468    
    2456939.    	   0.7018973    
    2456940.    	   0.4391888    
    2456941.    	   0.5768371    
    2456942.    	   0.6529686    
    2456943.    	   0.9262019    
    2456944.    	    1.130462    
    2456945.    	    1.313441    
    2456946.    	    1.470375    
    2456947.    	    1.594350    
    2456948.    	    1.864339    
    2456949.    	    1.875440    
    2456950.    	    1.773792    
    2456951.    	    1.468157    
    2456952.    	    1.279472    
    2456953.    	    1.139091    
    2456954.    	    1.052946    
    2456955.    	    1.126098    
    2456956.    	    1.222472    
    2456957.    	   0.9708787    
    2456958.    	   0.6798601    
    2456959.    	   0.5600714    
    2456960.    	   0.5001691    
    2456961.    	   0.5334349    
    2456962.    	   0.6158292    
    2456963.    	   0.7995763    
    2456964.    	   0.7965242    
    2456965.    	   0.8726462    
    2456966.    	   0.7472732    
    2456967.    	   0.5804133    
    2456968.    	   0.3512044    
    2456969.    	   0.4131637    
    2456970.    	    1.017168    
    2456971.    	    1.616267    
    2456972.    	    1.682436    
    2456973.    	    1.876235    
    2456974.    	    1.853359    
    2456975.    	    1.734691    
    2456976.    	    1.478417    
    2456977.    	    1.144943    
    2456978.    	    1.044323    
    2456979.    	    1.141712    
    2456980.    	    1.401613    
    2456981.    	    1.429496    
    2456982.    	    1.592170    
    2456983.    	    1.942112    
    2456984.    	    2.087608    
    2456985.    	    1.913180    
    2456986.    	    1.787402    
    2456987.    	    1.822129    
    2456988.    	    2.104645    
    2456989.    	    2.165412    
    2456990.    	    1.998051    
    2456991.    	    2.234845    
    2456992.    	    2.417019    
    2456993.    	    2.349897    
    2456994.    	    2.163769    
    2456995.    	    1.897505    
    2456996.    	    1.665179    
    2456997.    	    1.741231    
    2456998.    	    1.848674    
    2456999.    	    1.733623    
    2457000.    	    1.347012    
    2457001.    	    1.161235    
    2457002.    	   0.8344217    
    2457003.    	   0.9140698    
    2457004.    	    1.012165    
    2457005.    	   0.8376829    
    2457006.    	   0.3503747    
    2457007.    	   0.1677253    
    2457008.    	   0.2121246    
    2457009.    	   0.7490488    
    2457010.    	    1.069231    
    2457011.    	    1.318817    
    2457012.    	    1.518685    
    2457013.    	    1.797324    
    2457014.    	    1.867593    
    2457015.    	    1.864227    
    2457016.    	    1.731444    
    2457017.    	    1.687722    
    2457018.    	    1.694623    
    2457019.    	    1.508320    
    2457020.    	    1.434098    
    2457021.    	    1.270015    
    2457022.    	    1.578036    
    2457023.    	    1.629002    
    2457024.    	    1.873171    
    2457025.    	    1.542262    
    2457026.    	    1.582690    
    2457027.    	    1.873936    
    2457028.    	    2.390359    
    2457029.    	    2.559264    
    2457030.    	    2.763494    
    2457031.    	    2.911759    
    2457032.    	    3.135599    
    2457033.    	    3.040178    
    2457034.    	    2.881259    
    2457035.    	    2.287085    
    2457036.    	    1.756286    
    2457037.    	    1.439451    
    2457038.    	    1.344139    
    2457039.    	    1.430938    
    2457040.    	    1.213442    
    2457041.    	    1.137339    
    2457042.    	   0.9701343    
    2457043.    	    1.124890    
    2457044.    	    1.230175    
    2457045.    	    1.245977    
    2457046.    	   0.8986139    
    2457047.    	   0.8048879    
    2457048.    	   0.8465164    
    2457049.    	   0.6436925    
    2457050.    	   0.6541237    
    2457051.    	   0.8646753    
    2457052.    	   0.7885844    
    2457053.    	    1.024382    
    2457054.    	    1.201796    
    2457055.    	    1.040638    
    2457056.    	    1.268924    
    2457057.    	    1.581384    
    2457058.    	    1.398494    
    2457059.    	    1.232728    
    2457060.    	    1.333492    
    2457061.    	    1.328999    
    2457062.    	    1.208778    
    2457063.    	    1.062914    
    2457064.    	    1.082576    
    2457065.    	   0.9990400    
    2457066.    	    1.041772    
    2457067.    	   0.9235483    
    2457068.    	   0.8768935    
    2457069.    	   0.6752181    
    2457070.    	   0.4063163    
    2457071.    	   0.3482556    
    2457072.    	   0.1645454    
    2457073.    	   0.3480027    
    2457074.    	   0.5665070    
    2457075.    	   0.8863801    
    2457076.    	    1.125400    
    2457077.    	    1.005774    
    2457078.    	   0.9140354    
    2457079.    	   0.6306468    
    2457080.    	   0.4160286    
    2457081.    	   0.1829859    
    2457082.    	   0.3951301    
    2457083.    	   0.3900634    
    2457084.    	   0.7960718    
    2457085.    	    1.079892    
    2457086.    	    1.193569    
    2457087.    	    1.270405    
    2457088.    	    1.528575    
    2457089.    	    1.825484    
    2457090.    	    1.903662    
    2457091.    	    2.221531    
    2457092.    	    2.256190    
    2457093.    	    2.526486    
    2457094.    	    3.010257    
    2457095.    	    3.184615    
    2457096.    	    3.699468    
    2457097.    	    4.271568    
    2457098.    	    4.820096    
    2457099.    	    4.666009    
    2457100.    	    4.249292    
    2457101.    	    3.855963    
    2457102.    	    3.702015    
    2457103.    	    3.201326    
    2457104.    	    2.804210    
    2457105.    	    2.534261    
    2457106.    	    2.393747    
    2457107.    	    2.373441    
    2457108.    	    2.074496    
    2457109.    	    1.939189    
    2457110.    	    1.900938    
    2457111.    	    2.167358    
    2457112.    	    2.287016    
    2457113.    	    2.102665    
    2457114.    	    1.958534    
    2457115.    	    1.704230    
    2457116.    	    1.600505    
    2457117.    	    1.558616    
    2457118.    	    1.820379    
    2457119.    	    1.759789    
    2457120.    	    1.466414    
    2457121.    	    1.162129    
    2457122.    	   0.9917418    
    2457123.    	   0.7178682    
    2457124.    	   0.7011396    
    2457125.    	   0.6373957    
    2457126.    	   0.5077996    
    2457127.    	   0.9482959    
    2457128.    	    1.194407    
    2457129.    	    1.107966    
    2457130.    	    1.080085    
    2457131.    	    1.143239    
    2457132.    	    1.167808    
    2457133.    	   0.9232897    
    2457134.    	   0.5461734    
    2457135.    	   0.4629335    
    2457136.    	   0.3321040    
    2457137.    	   0.1198197    
    2457138.    	   0.1396065    
    2457139.    	   0.3017184    
    2457140.    	   0.5309461    
    2457141.    	   0.8253977    
    2457142.    	   0.6688286    
    2457143.    	   0.5540265    
    2457144.    	   0.3712612    
    2457145.    	   0.2395979    
    2457146.    	   0.4545694    
    2457147.    	   0.7213128    
    2457148.    	   0.4193303    
    2457149.    	   0.1960105    
    2457150.    	   0.1066717    
    2457151.    	   0.1708943    
    2457152.    	   0.5517988    
    2457153.    	   0.6592731    
    2457154.    	   0.7448747    
    2457155.    	   0.7480551    
    2457156.    	   0.7454977    
    2457157.    	   0.7871216    
    2457158.    	   0.8902915    
    2457159.    	   0.9754516    
    2457160.    	    1.114451    
    2457161.    	    1.117623    
    2457162.    	   0.9385883    
    2457163.    	   0.7704816    
    2457164.    	   0.6024342    
    2457165.    	   0.5675707    
    2457166.    	   0.7123386    
    2457167.    	   0.6807117    
    2457168.    	   0.8148974    
    2457169.    	   0.8188930    
    2457170.    	   0.9884690    
    2457171.    	    1.129550    
    2457172.    	    1.168412    
    2457173.    	    1.454426    
    2457174.    	    1.620223    
    2457175.    	    1.671507    
    2457176.    	    2.028645    
    2457177.    	    2.367859    
    2457178.    	    2.779599    
    2457179.    	    2.805492    
    2457180.    	    2.703850    
    2457181.    	    2.750508    
    2457182.    	    2.473655    
    2457183.    	    2.325348    
    2457184.    	    2.167893    
    2457185.    	    2.153900    
    2457186.    	    2.411503    
    2457187.    	    2.430052    
    2457188.    	    2.400622    
    2457189.    	    2.241136    
    2457190.    	    1.711922    
    2457191.    	    1.330004    
    2457192.    	    1.287786    
    2457193.    	    1.427922    
    2457194.    	    1.368613    
    2457195.    	    1.548099    
    2457196.    	    1.582741    
    2457197.    	    1.559382    
    2457198.    	    1.760679    
    2457199.    	    1.798173    
    2457200.    	    1.464548    
    2457201.    	    1.357365    
    2457202.    	    1.513049    
    2457203.    	    1.911321    
    2457204.    	    2.454441    
    2457205.    	    3.032232    
    2457206.    	    3.230319    
    2457207.    	    3.547117    
    2457208.    	    3.919415    
    2457209.    	    4.204659    
    2457210.    	    4.007216    
    2457211.    	    3.558008    
    2457212.    	    3.198592    
    2457213.    	    3.023292    
    2457214.    	    2.497223    
    2457215.    	    2.108401    
    2457216.    	    1.936697    
    2457217.    	    1.662853    
    2457218.    	    1.479982    
    2457219.    	    1.026748    
    2457220.    	   0.9052923    
    2457221.    	   0.9652725    
    2457222.    	    1.209025    
    2457223.    	    1.178637    
    2457224.    	    1.240824    
    2457225.    	    1.001066    
    2457226.    	   0.7611637    
    2457227.    	   0.7683800    
    2457228.    	   0.5749783    
    2457229.    	   0.4637749    
    2457230.    	   0.7305079    
    2457231.    	    1.108396    
    2457232.    	    1.235236    
    2457233.    	    1.268858    
    2457234.    	   0.8034003    
    2457235.    	   0.3301353    
    2457236.    	   0.3202735    
    2457237.    	   0.7540253    
    2457238.    	   0.8399434    
    2457239.    	   0.8138067    
    2457240.    	    1.024637    
    2457241.    	   0.9673604    
    2457242.    	    1.082938    
    2457243.    	    1.371730    
    2457244.    	    1.341723    
    2457245.    	    1.218659    
    2457246.    	    1.049283    
    2457247.    	   0.7585411    
    2457248.    	   0.5747624    
    2457249.    	   0.5260003    
    2457250.    	   0.4801189    
    2457251.    	   0.4993927    
    2457252.    	   0.7490382    
    2457253.    	   0.8010825    
    2457254.    	   0.8250445    
    2457255.    	   0.9262852    
    2457256.    	   0.9315816    
    2457257.    	   0.9504125    
    2457258.    	   0.9463264    
    2457259.    	    1.090449    
    2457260.    	    1.119728    
    2457261.    	   0.9401621    
    2457262.    	   0.7127345    
    2457263.    	   0.6384693    
    2457264.    	   0.6512616    
    2457265.    	   0.6542346    
    2457266.    	   0.5669454    
    2457267.    	   0.7660168    
    2457268.    	    1.019223    
    2457269.    	    1.345826    
    2457270.    	    1.280538    
    2457271.    	    1.223051    
    2457272.    	    1.158949    
    2457273.    	   0.8791024    
    2457274.    	   0.5814967    
    2457275.    	   0.7308770    
    2457276.    	   0.7501875    
    2457277.    	   0.6091126    
    2457278.    	   0.4159432    
    2457279.    	   0.3161150    
    2457280.    	   7.4029408E-02
    2457281.    	   0.1809445    
    2457282.    	   0.2493873    
    2457283.    	   0.3569860    
    2457284.    	   0.3090436    
    2457285.    	   0.1645284    
    2457286.    	   0.2088926    
    2457287.    	   0.2951238    
    2457288.    	   0.2430861    
    2457289.    	   0.4762406    
    2457290.    	   0.7897093    
    2457291.    	   0.7689980    
    2457292.    	   0.6941432    
    2457293.    	   0.5674799    
    2457294.    	   0.5596149    
    2457295.    	   0.9215481    
    2457296.    	   0.9570605    
    2457297.    	    1.067905    
    2457298.    	    1.253064    
    2457299.    	    1.263224    
    2457300.    	    1.245097    
    2457301.    	   0.9478802    
    2457302.    	   0.7632060    
    2457303.    	   0.7374218    
    2457304.    	   0.6753752    
    2457305.    	   0.6391728    
    2457306.    	   0.6041577    
    2457307.    	   0.6208380    
    2457308.    	   0.7064884    
    2457309.    	   0.8971578    
    2457310.    	   0.8252760    
    2457311.    	   0.8006787    
    2457312.    	   0.5763440    
    2457313.    	   0.7164419    
    2457314.    	   0.8727515    
    2457315.    	   0.9872165    
    2457316.    	   0.9775136    
    2457317.    	    1.529070    
    2457318.    	    1.874996    
    2457319.    	    2.403044    
    2457320.    	    3.023793    
    2457321.    	    3.189497    
    2457322.    	    3.316614    
    2457323.    	    3.262751    
    2457324.    	    3.163956    
    2457325.    	    2.893484    
    2457326.    	    2.806684    
    2457327.    	    2.938836    
    2457328.    	    2.673201    
    2457329.    	    2.553303    
    2457330.    	    2.442404    
    2457331.    	    2.562680    
    2457332.    	    2.409321    
    2457333.    	    2.346380    
    2457334.    	    2.181806    
    2457335.    	    2.009366    
    2457336.    	    1.916290    
    2457337.    	    2.088691    
    2457338.    	    2.078663    
    2457339.    	    1.681432    
    2457340.    	    1.632737    
    2457341.    	    1.523434    
    2457342.    	    1.520597    
    2457343.    	    1.694962    
    2457344.    	    1.678969    
    2457345.    	    1.804331    
    2457346.    	    1.888020    
    2457347.    	    1.913205    
    2457348.    	    1.674314    
    2457349.    	    1.533111    
    2457350.    	    1.333315    
    2457351.    	    1.412645    
    2457352.    	    1.483699    
    2457353.    	    1.551906    
    2457354.    	    1.778143    
    2457355.    	    1.863176    
    2457356.    	    1.540505    
    2457357.    	    1.222800    
    2457358.    	    1.161194    
    2457359.    	   0.8623142    
    2457360.    	   0.4744733    
    2457361.    	   0.5694703    
    2457362.    	   0.9432782    
    2457363.    	    1.254890    
    2457364.    	    1.367154    
    2457365.    	    1.494915    
    2457366.    	    1.268512    
    2457367.    	    1.392032    
    2457368.    	    1.402811    
    2457369.    	    1.678089    
    2457370.    	    1.885530    
    2457371.    	    2.040190    
    2457372.    	    2.228699    
    2457373.    	    2.430047    
    2457374.    	    2.441377    
    2457375.    	    2.597655    
    2457376.    	    2.802682    
    2457377.    	    2.818847    
    2457378.    	    2.290003    
    2457379.    	    2.058928    
    2457380.    	    2.438621    
    2457381.    	    2.668110    
    2457382.    	    2.542905    
    2457383.    	    2.300270    
    2457384.    	    2.356991    
    2457385.    	    2.471681    
    2457386.    	    2.496583    
    2457387.    	    2.340876    
    2457388.    	    1.997620    
    2457389.    	    2.021989    
    2457390.    	    2.195896    
    2457391.    	    2.177014    
    2457392.    	    2.301857    
    2457393.    	    2.479237    
    2457394.    	    2.503874    
    2457395.    	    2.552699    
    2457396.    	    2.343430    
    2457397.    	    1.953413    
    2457398.    	    1.910306    
    2457399.    	    1.240103    
    2457400.    	    1.046025    
    2457401.    	    1.401179    
    2457402.    	    1.398533    
    2457403.    	    1.215029    
    2457404.    	    1.133656    
    2457405.    	    1.111050    
    2457406.    	    1.099421    
    2457407.    	    1.068265    
    2457408.    	   0.8933037    
    2457409.    	   0.7132636    
    2457410.    	   0.2366350    
    2457411.    	   4.0137198E-02
    2457412.    	   0.4036138    
    2457413.    	   0.7794278    
    2457414.    	    1.234400    
    2457415.    	    1.240794    
    2457416.    	    1.195801    
    2457417.    	    1.226728    
    2457418.    	    1.171198    
    2457419.    	    1.032379    
    2457420.    	    1.023479    
    2457421.    	    1.254591    
    2457422.    	    1.158671    
    2457423.    	    1.418324    
    2457424.    	    1.665826    
    2457425.    	    2.070202    
    2457426.    	    2.034570    
    2457427.    	    1.846093    
    2457428.    	    1.901083    
    2457429.    	    1.998153    
    2457430.    	    2.019556    
    2457431.    	    2.020747    
    2457432.    	    2.263743    
    2457433.    	    2.261320    
    2457434.    	    2.404748    
    2457435.    	    2.311357    
    2457436.    	    2.046567    
    2457437.    	    1.902219    
    2457438.    	    1.923205    
    2457439.    	    2.078113    
    2457440.    	    2.334730    
    2457441.    	    2.660530    
    2457442.    	    3.067048    
    2457443.    	    2.929369    
    2457444.    	    2.758154    
    2457445.    	    2.565283    
    2457446.    	    2.249467    
    2457447.    	    1.823397    
    2457448.    	    1.737623    
    2457449.    	    1.735047    
    2457450.    	    1.651115    
    2457451.    	    1.776576    
    2457452.    	    1.444593    
    2457453.    	    1.279490    
    2457454.    	    1.130094    
    2457455.    	   0.9496809    
    2457456.    	   0.9717857    
    2457457.    	   0.9079511    
    2457458.    	   0.6811594    
    2457459.    	   0.7000321    
    2457460.    	   0.8919263    
    2457461.    	    1.097221    
    2457462.    	    1.020475    
    2457463.    	    1.090890    
    2457464.    	    1.138540    
    2457465.    	    1.288052    
    2457466.    	    1.350526    
    2457467.    	    1.382213    
    2457468.    	    1.480345    
    2457469.    	    1.687379    
    2457470.    	    1.695421    
    2457471.    	    1.636372    
    2457472.    	    1.459439    
    2457473.    	    1.302769    
    2457474.    	   0.9669456    
    2457475.    	   0.8320909    
    2457476.    	   0.7495677    
    2457477.    	    1.243921    
    2457478.    	    1.506908    
    2457479.    	    1.459614    
    2457480.    	    1.373699    
    2457481.    	    1.227679    
    2457482.    	   0.9957706    
    2457483.    	   0.9188915    
    2457484.    	    1.094151    
    2457485.    	    1.116608    
    2457486.    	   0.9074870    
    2457487.    	   0.7256091    
    2457488.    	   0.8262839    
    2457489.    	   0.7452247    
    2457490.    	   0.6568840    
    2457491.    	   0.8274902    
    2457492.    	    1.085945    
    2457493.    	   0.8642651    
    2457494.    	   0.5217717    
    2457495.    	   0.3325902    
    2457496.    	   0.1696576    
    2457497.    	   0.1086654    
    2457498.    	   0.3190104    
    2457499.    	   0.2015722    
    2457500.    	   0.2831078    
    2457501.    	   0.2938991    
    2457502.    	   0.3558846    
    2457503.    	   0.3148758    
    2457504.    	   0.4710527    
    2457505.    	   0.5362304    
    2457506.    	   0.6944396    
    2457507.    	   0.5786629    
    2457508.    	   0.5754369    
    2457509.    	   0.6952617    
    2457510.    	   0.8395687    
    2457511.    	   0.8417398    
    2457512.    	   0.8833231    
    2457513.    	    1.009820    
    2457514.    	    1.199996    
    2457515.    	    1.201868    
    2457516.    	    1.501736    
    2457517.    	    1.538093    
    2457518.    	    1.648217    
    2457519.    	    1.586039    
    2457520.    	    1.857810    
    2457521.    	    2.106830    
    2457522.    	    2.088162    
    2457523.    	    1.951287    
    2457524.    	    1.930038    
    2457525.    	    2.092625    
    2457526.    	    1.975384    
    2457527.    	    1.942844    
    2457528.    	    2.134492    
    2457529.    	    2.136868    
    2457530.    	    2.036526    
    2457531.    	    1.890508    
    2457532.    	    1.553083    
    2457533.    	    1.101229    
    2457534.    	   0.8089923    
    2457535.    	   0.4768593    
    2457536.    	   0.3628673    
    2457537.    	   0.2949305    
    2457538.    	   0.3647956    
    2457539.    	   0.3976690    
    2457540.    	   0.1075204    
    2457541.    	   0.1405850    
    2457542.    	   0.2261971    
    2457543.    	   0.6019421    
    2457544.    	   0.8166355    
    2457545.    	   0.8929734    
    2457546.    	   0.8260183    
    2457547.    	   0.5501256    
    2457548.    	   0.6634523    
    2457549.    	    1.161020    
    2457550.    	    1.480335    
    2457551.    	    1.694761    
    2457552.    	    1.971201    
    2457553.    	    2.211106    
    2457554.    	    2.281893    
    2457555.    	    2.224066    
    2457556.    	    2.318848    
    2457557.    	    2.357281    
    2457558.    	    2.176835    
    2457559.    	    2.079111    
    2457560.    	    2.022713    
    2457561.    	    2.128122    
    2457562.    	    2.043566    
    2457563.    	    2.122844    
    2457564.    	    2.360202    
    2457565.    	    2.147873    
    2457566.    	    2.146248    
    2457567.    	    2.134875    
    2457568.    	    1.540495    
    2457569.    	   0.7525705    
    2457570.    	   0.7203542    
    2457571.    	   0.8323256    
    2457572.    	   0.7249759    
    2457573.    	   0.6727376    
    2457574.    	   0.7600718    
    2457575.    	   0.5801138    
    2457576.    	   0.1675203    
    2457577.    	   0.1153417    
    2457578.    	   0.4284451    
    2457579.    	   0.5118380    
    2457580.    	   0.7344511    
    2457581.    	   0.8615784    
    2457582.    	   0.9365173    
    2457583.    	    1.027182    
    2457584.    	    1.155987    
    2457585.    	    1.360200    
    2457586.    	    1.587490    
    2457587.    	    1.749176    
    2457588.    	    1.711005    
    2457589.    	    1.661711    
    2457590.    	    1.884772    
    2457591.    	    1.935022    
    2457592.    	    1.624341    
    2457593.    	    1.368421    
    2457594.    	    1.299981    
    2457595.    	    1.213320    
    2457596.    	   0.8747910    
    2457597.    	   0.8285515    
    2457598.    	   0.6342726    
    2457599.    	   0.6730820    
    2457600.    	   0.6245133    
    2457601.    	   0.7295677    
    2457602.    	   0.7971969    
    2457603.    	   0.8496244    
    2457604.    	   0.8329048    
    2457605.    	   0.6254320    
    2457606.    	   0.9432083    
    2457607.    	    1.265239    
    2457608.    	    1.327584    
    2457609.    	    1.313919    
    2457610.    	    1.407087    
    2457611.    	    1.245424    
    2457612.    	    1.174910    
    2457613.    	    1.394786    
    2457614.    	    1.714017    
    2457615.    	    1.660683    
    2457616.    	    1.828431    
    2457617.    	    1.844048    
    2457618.    	    1.874510    
    2457619.    	    1.786354    
    2457620.    	    1.692312    
    2457621.    	    1.805429    
    2457622.    	    1.832484    
    2457623.    	    1.929749    
    2457624.    	    1.883231    
    2457625.    	    1.708461    
    2457626.    	    1.782439    
    2457627.    	    1.531010    
    2457628.    	    1.275432    
    2457629.    	   0.9999267    
    2457630.    	   0.6774905    
    2457631.    	   0.4510069    
    2457632.    	   0.8118104    
    2457633.    	   0.5567614    
    2457634.    	   0.3159655    
    2457635.    	   0.3752154    
    2457636.    	   0.3856814    
    2457637.    	   0.4372883    
    2457638.    	   0.5723112    
    2457639.    	   0.6228070    
    2457640.    	   0.5945162    
    2457641.    	   0.4884121    
    2457642.    	   0.3644721    
    2457643.    	   0.7626760    
    2457644.    	    1.188039    
    2457645.    	    1.299763    
    2457646.    	    1.497151    
    2457647.    	    1.714691    
    2457648.    	    1.691332    
    2457649.    	    1.532674    
    2457650.    	    1.485819    
    2457651.    	    1.554441    
    2457652.    	    1.397548    
    2457653.    	   0.9501423    
    2457654.    	   0.7960104    
    2457655.    	   0.7840334    
    2457656.    	   0.8864199    
    2457657.    	    1.081360    
    2457658.    	    1.302519    
    2457659.    	    1.258883    
    2457660.    	    1.290346    
    2457661.    	    1.348221    
    2457662.    	    1.426593    
    2457663.    	    1.622826    
    2457664.    	    1.800170    
    2457665.    	    1.795673    
    2457666.    	    1.457411    
    2457667.    	    1.284331    
    2457668.    	    1.159904    
    2457669.    	   0.7940286    
    2457670.    	   0.3845915    
    2457671.    	   0.3332480    
    2457672.    	   0.5366396    
    2457673.    	   0.6653398    
    2457674.    	   0.6616884    
    2457675.    	   0.8819056    
    2457676.    	   0.7457752    
    2457677.    	   0.6462602    
    2457678.    	   0.4774601    
    2457679.    	   0.4013891    
    2457680.    	   0.3865715    
    2457681.    	   0.2020044    
    2457682.    	   0.1915783    
    2457683.    	   0.3816196    
    2457684.    	   0.3058379    
    2457685.    	   0.3056661    
    2457686.    	   0.1439684    
    2457687.    	   0.1840807    
    2457688.    	   0.4048068    
    2457689.    	   0.7952471    
    2457690.    	   0.7591270    
    2457691.    	   0.5523807    
    2457692.    	   0.3944854    
    2457693.    	   0.4207579    
    2457694.    	   0.6725124    
    2457695.    	   0.8863449    
    2457696.    	   0.9714310    
    2457697.    	    1.337858    
    2457698.    	    1.481060    
    2457699.    	    1.471383    
    2457700.    	    1.559895    
    2457701.    	    1.956931    
    2457702.    	    2.058504    
    2457703.    	    2.191349    
    2457704.    	    2.223522    
    2457705.    	    2.323045    
    2457706.    	    2.163448    
    2457707.    	    1.905178    
    2457708.    	    1.562112    
    2457709.    	    1.482689    
    2457710.    	    1.591397    
    2457711.    	    1.734879    
    2457712.    	    1.595477    
    2457713.    	    1.570256    
    2457714.    	    1.421640    
    2457715.    	    1.249085    
    2457716.    	    1.075373    
    2457717.    	   0.9301517    
    2457718.    	    1.216033    
    2457719.    	    1.325052    
    2457720.    	    1.134553    
    2457721.    	   0.6977247    
    2457722.    	   0.2398074    
    2457723.    	   0.1394557    
    2457724.    	   0.3543708    
    2457725.    	   0.5274897    
    2457726.    	   0.5034978    
    2457727.    	   0.4218512    
    2457728.    	   0.3447905    
    2457729.    	   0.5888821    
    2457730.    	   0.6772249    
    2457731.    	   0.8237327    
    2457732.    	   0.9010420    
    2457733.    	   0.9810938    
    2457734.    	   0.5996087    
    2457735.    	   0.3051404    
    2457736.    	   0.2140447    
    2457737.    	   0.2840889    
    2457738.    	   0.3436827    
    2457739.    	   0.4812675    
    2457740.    	   0.6835502    
    2457741.    	   0.7461917    
    2457742.    	   0.8526071    
    2457743.    	   0.9746662    
    2457744.    	    1.076699    
    2457745.    	    1.008544    
    2457746.    	   0.7917464    
    2457747.    	   0.7241080    
    2457748.    	   0.5209033    
    2457749.    	   0.4993006    
    2457750.    	   0.5891292    
    2457751.    	   0.6108061    
    2457752.    	   0.2142407    
    2457753.    	   0.2343218    
    2457754.    	   0.8006844    
    2457755.    	    1.084729    
    2457756.    	    1.104457    
    2457757.    	   0.8181558    
    2457758.    	   0.6947532    
    2457759.    	   0.4671320    
    2457760.    	   0.5905071    
    2457761.    	   0.6513605    
    2457762.    	   0.8405731    
    2457763.    	    1.066134    
    2457764.    	    1.139743    
    2457765.    	    1.097042    
    2457766.    	   0.9023960    
    2457767.    	   0.5400342    
    2457768.    	   0.6961463    
    2457769.    	   0.7661740    
    2457770.    	   0.8717716    
    2457771.    	    1.502415    
    2457772.    	    1.954358    
    2457773.    	    2.050009    
    2457774.    	    2.328913    
    2457775.    	    2.354574    
    2457776.    	    1.938090    
    2457777.    	    1.789926    
    2457778.    	    1.439350    
    2457779.    	    1.439740    
    2457780.    	    1.519381    
    2457781.    	    1.404632    
    2457782.    	    1.270488    
    2457783.    	   0.9727774    
    2457784.    	   0.9356726    
    2457785.    	    1.203749    
    2457786.    	    1.193774    
    2457787.    	    1.360770    
    2457788.    	    1.781246    
    2457789.    	    1.935234    
    2457790.    	    2.203930    
    2457791.    	    2.281335    
    2457792.    	    2.286494    
    2457793.    	    2.352963    
    2457794.    	    2.500992    
    2457795.    	    2.393432    
    2457796.    	    2.573153    
    2457797.    	    2.954513    
    2457798.    	    3.288286    
    2457799.    	    3.603418    
    2457800.    	    3.702051    
    2457801.    	    3.534027    
    2457802.    	    2.991849    
    2457803.    	    2.392771    
    2457804.    	    1.968812    
    2457805.    	    1.773810    
    2457806.    	    1.781807    
    2457807.    	    2.190471    
    2457808.    	    2.501460    
    2457809.    	    2.570830    
    2457810.    	    2.366247    
    2457811.    	    2.645805    
    2457812.    	    2.510397    
    2457813.    	    2.460656    
    2457814.    	    2.068127    
    2457815.    	    1.714846    
    2457816.    	    1.525957    
    2457817.    	    1.485368    
    2457818.    	    1.390960    
    2457819.    	    1.324373    
    2457820.    	    1.115472    
    2457821.    	   0.8954385    
    2457822.    	   0.9460747    
    2457823.    	    1.019574    
    2457824.    	   0.9316958    
    2457825.    	   0.8788747    
    2457826.    	   0.6275420    
    2457827.    	   0.1803957    
    2457828.    	   9.3153365E-02
    2457829.    	   0.3749935    
    2457830.    	   0.4716410    
    2457831.    	   0.5626992    
    2457832.    	   0.4009822    
    2457833.    	   0.5546130    
    2457834.    	   0.5188589    
    2457835.    	   0.3886504    
    2457836.    	   0.2156114    
    2457837.    	   0.4347779    
    2457838.    	   0.5219868    
    2457839.    	   0.6422677    
    2457840.    	   0.8687063    
    2457841.    	   0.6648284    
    2457842.    	   0.1324118    
    2457843.    	   0.2092109    
    2457844.    	   0.1689617    
    2457845.    	   0.2128672    
    2457846.    	   0.2830393    
    2457847.    	   8.4285453E-02
    2457848.    	   4.4424120E-02
    2457849.    	   0.2708097    
    2457850.    	   0.3953643    
    2457851.    	   0.6749213    
    2457852.    	   0.6206992    
    2457853.    	   0.5070905    
    2457854.    	   0.4739501    
    2457855.    	   0.5492455    
    2457856.    	   0.7144535    
    2457857.    	   0.9008109    
    2457858.    	    1.093487    
    2457859.    	    1.329463    
    2457860.    	    1.405328    
    2457861.    	    1.216957    
    2457862.    	    1.076329    
    2457863.    	   0.8996279    
    2457864.    	   0.6659220    
    2457865.    	   0.6141514    
    2457866.    	   0.6064148    
    2457867.    	   0.7218221    
    2457868.    	   0.8121175    
    2457869.    	   0.9458660    
    2457870.    	    1.006227    
    2457871.    	    1.032747    
    2457872.    	    1.245416    
    2457873.    	    1.370682    
    2457874.    	    1.755437    
    2457875.    	    1.878724    
    2457876.    	    1.817996    
    2457877.    	    1.936480    
    2457878.    	    1.958340    
    2457879.    	    2.132413    
    2457880.    	    1.973076    
    2457881.    	    1.777392    
    2457882.    	    1.806001    
    2457883.    	    1.799500    
    2457884.    	    1.883899    
    2457885.    	    1.747128    
    2457886.    	    1.455988    
    2457887.    	    1.018135    
    2457888.    	    1.122516    
    2457889.    	    1.351545    
    2457890.    	    1.294990    
    2457891.    	    1.131684    
    2457892.    	   0.8884898    
    2457893.    	   0.7875208    
    2457894.    	   0.8447617    
    2457895.    	   0.6752932    
    2457896.    	   0.4766582    
    2457897.    	   0.2310368    
    2457898.    	   7.4318737E-02
    2457899.    	   0.3318722    
    2457900.    	   0.9310508    
    2457901.    	    1.434872    
    2457902.    	    1.647631    
    2457903.    	    1.794868    
    2457904.    	    1.864461    
    2457905.    	    1.790791    
    2457906.    	    1.591700    
    2457907.    	    1.191885    
    2457908.    	   0.9463000    
    2457909.    	   0.9394831    
    2457910.    	   0.7663717    
    2457911.    	   0.3228334    
    2457912.    	   0.2040914    
    2457913.    	   0.3212417    
    2457914.    	   0.6967918    
    2457915.    	   0.9282019    
    2457916.    	    1.160742    
    2457917.    	    1.501620    
    2457918.    	    1.708422    
    2457919.    	    1.861487    
    2457920.    	    1.708045    
    2457921.    	    1.637567    
    2457922.    	    1.537926    
    2457923.    	    1.437289    
    2457924.    	    1.227189    
    2457925.    	   0.9195293    
    2457926.    	   0.7406800    
    2457927.    	   0.7116446    
    2457928.    	   0.6594220    
    2457929.    	   0.5792069    
    2457930.    	   0.3724077    
    2457931.    	   0.5588005    
    2457932.    	   0.9709991    
    2457933.    	    1.124843    
    2457934.    	    1.055789    
    2457935.    	   0.9404563    
    2457936.    	   0.9450151    
    2457937.    	   0.8751763    
    2457938.    	   0.7722054    
    2457939.    	   0.9106956    
    2457940.    	    1.045226    
    2457941.    	    1.121714    
    2457942.    	    1.212819    
    2457943.    	    1.019415    
    2457944.    	   0.6207978    
    2457945.    	   0.4559841    
    2457946.    	   0.5793162    
    2457947.    	   0.5797756    
    2457948.    	   0.9669342    
    2457949.    	    1.190989    
    2457950.    	    1.203093    
    2457951.    	    1.345381    
    2457952.    	    1.460194    
    2457953.    	    1.154282    
    2457954.    	    1.037799    
    2457955.    	    1.125434    
    2457956.    	    1.023412    
    2457957.    	    1.062126    
    2457958.    	   0.9776676    
    2457959.    	    1.194672    
    2457960.    	    1.148721    
    2457961.    	    1.188201    
    2457962.    	    1.021632    
    2457963.    	    1.204467    
    2457964.    	    1.273091    
    2457965.    	    1.088009    
    2457966.    	   0.7981223    
    2457967.    	   0.6129578    
    2457968.    	   0.8914510    
    2457969.    	    1.046139    
    2457970.    	   0.7760017    
    2457971.    	   0.3898153    
    2457972.    	   0.1982673    
    2457973.    	   0.3875008    
    2457974.    	   0.6808439    
    2457975.    	   0.7246827    
    2457976.    	   0.5557149    
    2457977.    	   0.2871290    
    2457978.    	   0.1517832    
    2457979.    	   0.2531129    
    2457980.    	   6.8024263E-02
    2457981.    	   0.3455401    
    2457982.    	   0.4107036    
    2457983.    	   0.2139834    
    2457984.    	   0.2122137    
    2457985.    	   0.2032600    
    2457986.    	   0.1053549    
    2457987.    	   8.9932062E-02
    2457988.    	   0.2042269    
    2457989.    	   0.6410729    
    2457990.    	   0.7842094    
    2457991.    	   0.8373365    
    2457992.    	    1.031925    
    2457993.    	    1.178712    
    2457994.    	    1.251367    
    2457995.    	   0.9752678    
    2457996.    	   0.9613690    
    2457997.    	   0.8920965    
    2457998.    	   0.8942321    
    2457999.    	   0.8476177    
    2458000.    	   0.8805063    
    2458001.    	   0.7493207    
    2458002.    	   0.5810661    
    2458003.    	   0.2424244    
    2458004.    	   0.2482547    
    2458005.    	   0.1589279    
    2458006.    	   0.2284433    
    2458007.    	   0.2736214    
    2458008.    	   0.5532882    
    2458009.    	   0.6115655    
    2458010.    	   0.7656422    
    2458011.    	    1.066279    
    2458012.    	    1.206359    
    2458013.    	    1.128336    
    2458014.    	   0.7993404    
    2458015.    	   0.3941360    
    2458016.    	   0.3010497    
    2458017.    	   0.5247311    
    2458018.    	   0.4656283    
    2458019.    	   0.4293932    
    2458020.    	   0.4697272    
    2458021.    	   0.3189531    
    2458022.    	   0.2974592    
    2458023.    	   0.4706211    
    2458024.    	   0.5156504    
    2458025.    	   0.6226318    
    2458026.    	   0.6419981    
    2458027.    	   0.9061535    
    2458028.    	   0.7646412    
    2458029.    	   0.4469642    
    2458030.    	   0.2040611    
    2458031.    	   0.6518942    
    2458032.    	   0.8201650    
    2458033.    	   0.7380753    
    2458034.    	   0.9503081    
    2458035.    	    1.244092    
    2458036.    	    1.481670    
    2458037.    	    1.776272    
    2458038.    	    2.025833    
    2458039.    	    2.309304    
    2458040.    	    2.565266    
    2458041.    	    2.832444    
    2458042.    	    3.213501    
    2458043.    	    3.289088    
    2458044.    	    3.239811    
    2458045.    	    3.353314    
    2458046.    	    3.240577    
    2458047.    	    3.002070    
    2458048.    	    2.902205    
    2458049.    	    2.814476    
    2458050.    	    2.392272    
    2458051.    	    2.289151    
    2458052.    	    2.397761    
    2458053.    	    2.589935    
    2458054.    	    2.440062    
    2458055.    	    2.214764    
    2458056.    	    1.949423    
    2458057.    	    1.450561    
    2458058.    	    1.145210    
    2458059.    	   0.8535545    
    2458060.    	   0.7161376    
    2458061.    	   0.7651016    
    2458062.    	   0.7562525    
    2458063.    	   0.6632996    
    2458064.    	   0.6096647    
    2458065.    	   0.7332596    
    2458066.    	   0.8055325    
    2458067.    	   0.8785958    
    2458068.    	   0.8190975    
    2458069.    	   0.9584062    
    2458070.    	   0.9113115    
    2458071.    	   0.6392599    
    2458072.    	   0.4605962    
    2458073.    	   0.4972468    
    2458074.    	   0.4452141    
    2458075.    	   0.5663638    
    2458076.    	   0.6590431    
    2458077.    	   0.5465001    
    2458078.    	   0.4624493    
    2458079.    	   0.3558492    
    2458080.    	   0.4361174    
    2458081.    	   0.7063417    
    2458082.    	   0.9015303    
    2458083.    	    1.008946    
    2458084.    	    1.307171    
    2458085.    	    1.701307    
    2458086.    	    1.811099    
    2458087.    	    1.480645    
    2458088.    	    1.715056    
    2458089.    	    1.702752    
    2458090.    	    2.020718    
    2458091.    	    2.134177    
    2458092.    	    2.065237    
    2458093.    	    1.786973    
    2458094.    	    1.672464    
    2458095.    	    1.493553    
    2458096.    	    1.746479    
    2458097.    	    1.456869    
    2458098.    	    1.150643    
    2458099.    	   0.8367554    
    2458100.    	   0.8182178    
    2458101.    	    1.024409    
    2458102.    	    1.384800    
    2458103.    	    1.791677    
    2458104.    	    1.843621    
    2458105.    	    1.747249    
    2458106.    	    1.755340    
    2458107.    	    1.658865    
    2458108.    	    1.598122    
    2458109.    	    1.386707    
    2458110.    	    1.378264    
    2458111.    	    1.133657    
    2458112.    	    1.020809    
    2458113.    	   0.9183981    
    2458114.    	   0.8699995    
    2458115.    	   0.8576348    
    2458116.    	    1.123171    
    2458117.    	    1.186802    
    2458118.    	    1.639184    
    2458119.    	    1.911681    
    2458120.    	    1.667148    
    2458121.    	    1.456563    
    2458122.    	    1.576751    
    2458123.    	    1.515236    
    2458124.    	    1.699885    
    2458125.    	    2.124164    
    2458126.    	    2.232599    
    2458127.    	    2.200992    
    2458128.    	    2.092174    
    2458129.    	    1.784208    
    2458130.    	    1.800827    
    2458131.    	    1.870269    
    2458132.    	    1.783681    
    2458133.    	    1.989372    
    2458134.    	    2.002216    
    2458135.    	    2.232671    
    2458136.    	    2.379606    
    2458137.    	    2.410872    
    2458138.    	    2.256702    
    2458139.    	    2.143528    
    2458140.    	    1.980289    
    2458141.    	    1.764673    
    2458142.    	    1.749024    
    2458143.    	    2.022903    
    2458144.    	    2.331797    
    2458145.    	    2.635740    
    2458146.    	    3.078021    
    2458147.    	    3.456921    
    2458148.    	    3.730294    
    2458149.    	    3.803549    
    2458150.    	    3.785827    
    2458151.    	    3.674507    
    2458152.    	    3.368320    
    2458153.    	    3.375916    
    2458154.    	    3.509279    
    2458155.    	    3.527644    
    2458156.    	    3.644212    
    2458157.    	    3.637999    
    2458158.    	    3.462921    
    2458159.    	    3.071154    
    2458160.    	    2.722666    
    2458161.    	    2.688436    
    2458162.    	    2.494379    
    2458163.    	    2.086404    
    2458164.    	    2.084417    
    2458165.    	    2.088995    
    2458166.    	    2.152069    
    2458167.    	    1.822885    
    2458168.    	    1.487161    
    2458169.    	    1.491044    
    2458170.    	    1.381899    
    2458171.    	    1.369104    
    2458172.    	    1.571360    
    2458173.    	    2.039227    
    2458174.    	    2.258892    
    2458175.    	    2.165212    
    2458176.    	    2.059095    
    2458177.    	    1.867138    
    2458178.    	    1.475762    
    2458179.    	    1.344738    
    2458180.    	    1.119290    
    2458181.    	    1.283329    
    2458182.    	    1.154592    
    2458183.    	    1.359092    
    2458184.    	    1.619881    
    2458185.    	    1.971650    
    2458186.    	    1.924867    
    2458187.    	    1.862549    
    2458188.    	    1.390865    
    2458189.    	    1.097172    
    2458190.    	    1.032717    
    2458191.    	   0.9223223    
    2458192.    	   0.8095775    
    2458193.    	   0.8626498    
    2458194.    	   0.6994945    
    2458195.    	   0.5828952    
    2458196.    	   0.5043490    
    2458197.    	   0.2676038    
    2458198.    	   0.4681152    
    2458199.    	   0.7398177    
    2458200.    	   0.8070489    
    2458201.    	   0.8474050    
    2458202.    	   0.5431257    
    2458203.    	   0.8013341    
    2458204.    	    1.134638    
    2458205.    	    1.434335    
    2458206.    	    1.576139    
    2458207.    	    1.755278    
    2458208.    	    1.624610    
    2458209.    	    1.674442    
    2458210.    	    1.995134    
    2458211.    	    2.194480    
    2458212.    	    2.607641    
    2458213.    	    2.755740    
    2458214.    	    2.565248    
    2458215.    	    2.407178    
    2458216.    	    2.609616    
    2458217.    	    2.734794    
    2458218.    	    2.572774    
    2458219.    	    2.220163    
    2458220.    	    1.911236    
    2458221.    	    1.891415    
    2458222.    	    1.955492    
    2458223.    	    2.064103    
    2458224.    	    1.903914    
    2458225.    	    1.863406    
    2458226.    	    1.550643    
    2458227.    	    1.289095    
    2458228.    	   0.9589375    
    2458229.    	   0.8214216    
    2458230.    	   0.5608525    
    2458231.    	   0.3784281    
    2458232.    	   0.3083448    
    2458233.    	   0.4376363    
    2458234.    	   0.5476063    
    2458235.    	   0.4122875    
    2458236.    	   0.2613007    
    2458237.    	   0.1770589    
    2458238.    	   0.3289101    
    2458239.    	   0.4746246    
    2458240.    	   0.7097003    
    2458241.    	   0.6805149    
    2458242.    	   0.7450955    
    2458243.    	   0.7665993    
    2458244.    	    1.293488    
    2458245.    	    1.720273    
    2458246.    	    1.593283    
    2458247.    	    1.694373    
    2458248.    	    2.009038    
    2458249.    	    2.094431    
    2458250.    	    2.133994    
    2458251.    	    2.271753    
    2458252.    	    2.566704    
    2458253.    	    2.479420    
    2458254.    	    2.198740    
    2458255.    	    2.031975    
    2458256.    	    2.025890    
    2458257.    	    2.014300    
    2458258.    	    2.112824    
    2458259.    	    2.122035    
    2458260.    	    2.088796    
    2458261.    	    2.007605    
    2458262.    	    2.002462    
    2458263.    	    1.819476    
    2458264.    	    1.843654    
    2458265.    	    1.999978    
    2458266.    	    1.837294    
    2458267.    	    1.634730    
    2458268.    	    1.688313    
    2458269.    	    1.484451    
    2458270.    	    1.308124    
    2458271.    	    1.262061    
    2458272.    	    1.287205    
    2458273.    	    1.589285    
    2458274.    	    1.570479    
    2458275.    	    1.383783    
    2458276.    	    1.186119    
    2458277.    	    1.152897    
    2458278.    	   0.8840780    
    2458279.    	   0.4157026    
    2458280.    	   0.3750948    
    2458281.    	   0.3279723    
    2458282.    	   0.2061613    
    2458283.    	   0.1551321    
    2458284.    	   0.2023009    
    2458285.    	   0.3815090    
    2458286.    	   0.7893716    
    2458287.    	    1.270841    
    2458288.    	    1.619227    
    2458289.    	    1.599272    
    2458290.    	    1.489690    
    2458291.    	    1.234616    
    2458292.    	    1.152531    
    2458293.    	    1.172460    
    2458294.    	    1.254689    
    2458295.    	    1.426779    
    2458296.    	    1.567882    
    2458297.    	    1.677363    
    2458298.    	    1.700232    
    2458299.    	    1.566657    
    2458300.    	    1.089469    
    2458301.    	   0.7571389    
    2458302.    	   0.5342549    
    2458303.    	   0.3754312    
    2458304.    	   0.1302274    
    2458305.    	   0.3382234    
    2458306.    	   0.4603792    
    2458307.    	   0.6390311    
    2458308.    	    1.076941    
    2458309.    	    1.230717    
    2458310.    	    1.356636    
    2458311.    	    1.467722    
    2458312.    	    1.534444    
    2458313.    	    1.771088    
    2458314.    	    2.100101    
    2458315.    	    2.479958    
    2458316.    	    2.559605    
    2458317.    	    2.710650    
    2458318.    	    2.674585    
    2458319.    	    2.458316    
    2458320.    	    2.264174    
    2458321.    	    1.965628    
    2458322.    	    2.062498    
    2458323.    	    2.113687    
    2458324.    	    1.891522    
    2458325.    	    1.805135    
    2458326.    	    1.437132    
    2458327.    	    1.371409    
    2458328.    	    1.188201    
    2458329.    	   0.8851890    
    2458330.    	   0.7557874    
    2458331.    	    1.082944    
    2458332.    	    1.377636    
    2458333.    	    1.733397    
    2458334.    	    1.580053    
    2458335.    	    1.191852    
    2458336.    	    1.562970    
    2458337.    	    1.809411    
    2458338.    	    1.580822    
    2458339.    	    1.494879    
    2458340.    	    1.742997    
    2458341.    	    2.139669    
    2458342.    	    2.396001    
    2458343.    	    2.294785    
    2458344.    	    2.027949    
    2458345.    	    1.564713    
    2458346.    	    1.143968    
    2458347.    	   0.9837969    
    2458348.    	   0.9084145    
    2458349.    	   0.7135847    
    2458350.    	   0.6123440    
    2458351.    	   0.6231212    
    2458352.    	   0.5995173    
    2458353.    	   0.5060537    
    2458354.    	   0.6405701    
    2458355.    	   0.6032647    
    2458356.    	   0.7893149    
    2458357.    	   0.7768366    
    2458358.    	   0.5214612    
    2458359.    	   0.3041392    
    2458360.    	   0.3278741    
    2458361.    	   0.6311263    
    2458362.    	   0.7924321    
    2458363.    	   0.7855926    
    2458364.    	   0.6418664    
    2458365.    	   0.3129720    
    2458366.    	   0.9809750    
    2458367.    	    1.391706    
    2458368.    	    1.193974    
    2458369.    	    1.176300    
    2458370.    	    1.054752    
    2458371.    	    1.346245    
    2458372.    	    1.433214    
    2458373.    	    1.307335    
    2458374.    	   0.9320734    
    2458375.    	   0.6543334    
    2458376.    	   0.4127746    
    2458377.    	   0.4420395    
    2458378.    	   0.5597503    
    2458379.    	   0.6905303    
    2458380.    	   0.4391759    
    2458381.    	   0.3705956    
    2458382.    	   0.1624859    
    2458383.    	   0.6157402    
    2458384.    	    1.174996    
    2458385.    	    1.546031    
    2458386.    	    1.688191    
    2458387.    	    1.763772    
    2458388.    	    1.710197    
    2458389.    	    1.726303    
    2458390.    	    1.760683    
    2458391.    	    1.927381    
    2458392.    	    2.038236    
    2458393.    	    2.098585    
    2458394.    	    2.178467    
    2458395.    	    2.191876    
    2458396.    	    1.951318    
    2458397.    	    1.977776    
    2458398.    	    2.012885    
    2458399.    	    2.250520    
    2458400.    	    2.202289    
    2458401.    	    2.188282    
    2458402.    	    2.200860    
    2458403.    	    2.216514    
    2458404.    	    2.113871    
    2458405.    	    1.771768    
    2458406.    	    1.529343    
    2458407.    	    1.144375    
    2458408.    	    1.022576    
    2458409.    	   0.6039638    
    2458410.    	   0.2807431    
    2458411.    	   0.3212692    
    2458412.    	   0.4486690    
    2458413.    	   0.5149221    
    2458414.    	   0.2650584    
    2458415.    	   0.2782993    
    2458416.    	   0.5796827    
    2458417.    	   0.7894011    
    2458418.    	    1.059937    
    2458419.    	    1.239681    
    2458420.    	    1.259779    
    2458421.    	    1.152409    
    2458422.    	    1.155994    
    2458423.    	    1.537132    
    2458424.    	    1.825406    
    2458425.    	    2.184356    
    2458426.    	    1.797355    
    2458427.    	    1.807756    
    2458428.    	    1.684201    
    2458429.    	    1.771088    
    2458430.    	    1.532935    
    2458431.    	    1.619260    
    2458432.    	    1.663658    
    2458433.    	    1.691591    
    2458434.    	    1.631208    
    2458435.    	    1.536796    
    2458436.    	    1.416396    
    2458437.    	    1.317983    
    2458438.    	   0.9804025    
    2458439.    	   0.8662575    
    2458440.    	   0.8984784    
    2458441.    	    1.108328    
    2458442.    	   0.8922284    
    2458443.    	   0.7337837    
    2458444.    	   0.8260037    
    2458445.    	    1.012707    
    2458446.    	    1.240173    
    2458447.    	    1.204310    
    2458448.    	    1.330779    
    2458449.    	    1.349631    
    2458450.    	    1.400021    
    2458451.    	    1.251178    
    2458452.    	    1.243922    
    2458453.    	    1.323574    
    2458454.    	    1.390671    
    2458455.    	    1.603974    
    2458456.    	    1.861386    
    2458457.    	    2.149773    
    2458458.    	    2.089632    
    2458459.    	    2.128666    
    2458460.    	    2.042296    
    2458461.    	    1.755736    
    2458462.    	    1.659662    
    2458463.    	    1.958152    
    2458464.    	    2.146244    
    2458465.    	    2.242610    
    2458466.    	    2.490032    
    2458467.    	    2.294276    
    2458468.    	    2.105903    
    2458469.    	    2.173951    
    2458470.    	    1.946715    
    2458471.    	    1.920766    
    2458472.    	    1.994258    
    2458473.    	    2.094908    
    2458474.    	    2.471465    
    2458475.    	    2.795116    
    2458476.    	    2.665540    
    2458477.    	    2.724165    
    2458478.    	    3.066706    
    2458479.    	    3.126138    
    2458480.    	    3.079181    
    2458481.    	    2.797584    
    2458482.    	    2.518531    
    2458483.    	    2.421677    
    2458484.    	    2.536502    
    2458485.    	    2.714767    
    2458486.    	    2.094793    
    2458487.    	    1.845351    
    2458488.    	    1.967549    
    2458489.    	    2.514585    
    2458490.    	    2.617295    
    2458491.    	    2.464069    
    2458492.    	    2.388956    
    2458493.    	    2.073877    
    2458494.    	    1.607582    
    2458495.    	    1.004998    
    2458496.    	   0.7833997    
    2458497.    	   0.5251018    
    2458498.    	   0.3883318    
    2458499.    	   0.8792934    
    2458500.    	    1.018705    
    2458501.    	    1.158965    
    2458502.    	    1.340268    
    2458503.    	    1.371195    
    2458504.    	    1.637024    
    2458505.    	    1.800321    
    2458506.    	    2.091371    
    2458507.    	    2.275936    
    2458508.    	    2.042207    
    2458509.    	    2.016345    
    2458510.    	    2.095179    
    2458511.    	    2.136800    
    2458512.    	    2.182096    
    2458513.    	    1.795129    
    2458514.    	    1.683797    
    2458515.    	    1.952671    
    2458516.    	    1.782944    
    2458517.    	    1.526644    
    2458518.    	    1.636455    
    2458519.    	    1.488329    
    2458520.    	    1.498329    
    2458521.    	    1.542393    
    2458522.    	    1.507213    
    2458523.    	    1.386270    
    2458524.    	    1.261512    
    2458525.    	    1.327497    
    2458526.    	    1.604300    
    2458527.    	    1.812206    
    2458528.    	    1.907304    
    2458529.    	    1.566593    
    2458530.    	    1.102162    
    2458531.    	    1.368422    
    2458532.    	    1.650886    
    2458533.    	    1.657195    
    2458534.    	    1.957430    
    2458535.    	    2.225999    
    2458536.    	    2.145208    
    2458537.    	    2.232694    
    2458538.    	    2.176796    
    2458539.    	    2.168634    
    2458540.    	    2.226769    
    2458541.    	    2.102383    
    2458542.    	    1.963469    
    2458543.    	    2.139797    
    2458544.    	    2.339463    
    2458545.    	    2.313511    
    2458546.    	    2.278781    
    2458547.    	    2.401588    
    2458548.    	    2.461220    
    2458549.    	    2.541558    
    2458550.    	    2.554658    
    2458551.    	    2.447865    
    2458552.    	    1.990079    
    2458553.    	    1.728267    
    2458554.    	    1.452902    
    2458555.    	    1.216137    
    2458556.    	    1.023408    
    2458557.    	   0.7597876    
    2458558.    	   0.6233594    
    2458559.    	   0.5696838    
    2458560.    	   0.4062778    
    2458561.    	   0.3464534    
    2458562.    	   0.3854465    
    2458563.    	   0.1223773    
    2458564.    	   0.2449595    
    2458565.    	   0.5202469    
    2458566.    	   0.7276686    
    2458567.    	   0.4545183    
    2458568.    	   0.2880535    
    2458569.    	   0.2481656    
    2458570.    	   0.2594366    
    2458571.    	   0.5021550    
    2458572.    	   0.5457270    
    2458573.    	   0.4800135    
    2458574.    	   0.3204338    
    2458575.    	   0.2930024    
    2458576.    	   0.2503209    
    2458577.    	   0.2703101    
    2458578.    	   0.3287067    
    2458579.    	   0.3326717    
    2458580.    	   0.3775966    
    2458581.    	   0.1562303    
    2458582.    	   0.1269747    
    2458583.    	   0.3628222    
    2458584.    	   0.2693782    
    2458585.    	   0.2942017    
    2458586.    	   0.2698677    
    2458587.    	   0.4668407    
    2458588.    	   0.6059890    
    2458589.    	   0.7320682    
    2458590.    	   0.8495420    
    2458591.    	   0.9375160    
    2458592.    	    1.083396    
    2458593.    	    1.042537    
    2458594.    	    1.151632    
    2458595.    	    1.475618    
    2458596.    	    2.241540    
    2458597.    	    2.592423    
    2458598.    	    2.569017    
    2458599.    	    2.501188    
    2458600.    	    2.370139    
    2458601.    	    2.323414    
    2458602.    	    2.156779    
    2458603.    	    1.809847    
    2458604.    	    1.853756    
    2458605.    	    1.864378    
    2458606.    	    1.642120    
    2458607.    	    1.402418    
    2458608.    	    1.249334    
    2458609.    	    1.310413    
    2458610.    	    1.525668    
    2458611.    	    1.558804    
    2458612.    	    1.527698    
    2458613.    	    1.759350    
    2458614.    	    1.849233    
    2458615.    	    1.938065    
    2458616.    	    1.953042    
    2458617.    	    1.981313    
    2458618.    	    1.780540    
    2458619.    	    1.720186    
    2458620.    	    1.634862    
    2458621.    	    1.613969    
    2458622.    	    1.672281    
    2458623.    	    1.736469    
    2458624.    	    1.756833    
    2458625.    	    1.604140    
    2458626.    	    1.711608    
    2458627.    	    1.844404    
    2458628.    	    2.021711    
    2458629.    	    2.051899    
    2458630.    	    2.131458    
    2458631.    	    2.241426    
    2458632.    	    2.285323    
    2458633.    	    2.506356    
    2458634.    	    2.699892    
    2458635.    	    2.914466    
    2458636.    	    2.873769    
    2458637.    	    2.495455    
    2458638.    	    2.169480    
    2458639.    	    1.915529    
    2458640.    	    1.799532    
    2458641.    	    1.697239    
    2458642.    	    1.407121    
    2458643.    	    1.200650    
    2458644.    	   0.9600338    
    2458645.    	   0.9871760    
    2458646.    	   0.9061740    
    2458647.    	   0.9923258    
    2458648.    	    1.219311    
    2458649.    	    1.431385    
    2458650.    	    1.766001    
    2458651.    	    2.193340    
    2458652.    	    1.874586    
    2458653.    	    1.385922    
    2458654.    	   0.9630390    
    2458655.    	   0.8468854    
    2458656.    	   0.7490990    
    2458657.    	   0.9247571    
    2458658.    	   0.7372150    
    2458659.    	   0.5196075    
    2458660.    	   0.6104387    
    2458661.    	   0.9101183    
    2458662.    	    1.084538    
    2458663.    	   0.9397327    
    2458664.    	   0.7838514    
    2458665.    	   0.8014001    
    2458666.    	   0.6371627    
    2458667.    	   0.3108727    
    2458668.    	   0.7457535    
    2458669.    	    1.063252    
    2458670.    	    1.276444    
    2458671.    	    1.610355    
    2458672.    	    1.838186    
    2458673.    	    1.506123    
    2458674.    	    1.201817    
    2458675.    	   0.9970773    
    2458676.    	    1.056714    
    2458677.    	   0.9681078    
    2458678.    	   0.6747954    
    2458679.    	   0.4792478    
    2458680.    	   0.3385634    
    2458681.    	   0.4690346    
    2458682.    	   0.5737258    
    2458683.    	   0.7006730    
    2458684.    	   0.7908258    
    2458685.    	    1.102822    
    2458686.    	    1.343615    
    2458687.    	    1.131589    
    2458688.    	   0.7381015    
    2458689.    	   0.4073217    
    2458690.    	   0.5794947    
    2458691.    	   0.8613650    
    2458692.    	   0.9287320    
    2458693.    	   0.7502726    
    2458694.    	   0.6962018    
    2458695.    	   0.6276550    
    2458696.    	   0.6796629    
    2458697.    	   0.7602321    
    2458698.    	   0.7495591    
    2458699.    	   0.6738762    
    2458700.    	   0.7965891    
    2458701.    	   0.9908041    
    2458702.    	    1.216882    
    2458703.    	    1.504854    
    2458704.    	    1.657339    
    2458705.    	    1.846996    
    2458706.    	    1.876397    
    2458707.    	    1.558754    
    2458708.    	    1.008922    
    2458709.    	   0.4724719    
    2458710.    	   0.3033874    
    2458711.    	   0.3941384    
    2458712.    	   0.3587583    
    2458713.    	   0.4772485    
    2458714.    	   0.8339557    
    2458715.    	   0.8828528    
    2458716.    	   0.7790293    
    2458717.    	   0.6982035    
    2458718.    	   0.7443558    
    2458719.    	   0.9013187    
    2458720.    	    1.013723    
    2458721.    	    1.061470    
    2458722.    	    1.215388    
    2458723.    	    1.109213    
    2458724.    	   0.8164982    
    2458725.    	   0.9998401    
    2458726.    	    1.023773    
    2458727.    	   0.8538085    
    2458728.    	   0.7707509    
    2458729.    	   0.9745994    
    2458730.    	    1.052576    
    2458731.    	    1.192613    
    2458732.    	    1.345428    
    2458733.    	    1.288146    
    2458734.    	    1.223821    
    2458735.    	    1.610719    
    2458736.    	    1.734321    
    2458737.    	    1.520392    
    2458738.    	    1.027384    
    2458739.    	   0.5811865    
    2458740.    	   0.6061826    
    2458741.    	   0.9974987    
    2458742.    	    1.239769    
    2458743.    	    1.406798    
    2458744.    	    1.523578    
    2458745.    	    1.866952    
    2458746.    	    1.943517    
    2458747.    	    1.705497    
    2458748.    	    1.766580    
    2458749.    	    1.987123    
    2458750.    	    2.560751    
    2458751.    	    2.818555    
    2458752.    	    3.005133    
    2458753.    	    3.042795    
    2458754.    	    2.739408    
    2458755.    	    2.525615    
    2458756.    	    2.230401    
    2458757.    	    2.111730    
    2458758.    	    1.961280    
    2458759.    	    1.992834    
    2458760.    	    1.929026    
    2458761.    	    1.697477    
    2458762.    	    1.635273    
    2458763.    	    1.593877    
    2458764.    	    1.600542    
    2458765.    	    1.596133    
    2458766.    	    1.459850    
    2458767.    	    1.524495    
    2458768.    	    1.345505    
    2458769.    	    1.454113    
    2458770.    	    1.608389    
    2458771.    	    1.539043    
    2458772.    	    1.361140    
    2458773.    	    1.319065    
    2458774.    	    1.472887    
    2458775.    	    1.711352    
    2458776.    	    2.030168    
    2458777.    	    2.274577    
    2458778.    	    2.230032    
    2458779.    	    2.108901    
    2458780.    	    1.929243    
    2458781.    	    1.417734    
    2458782.    	    1.013219    
    2458783.    	   0.9839839    
    2458784.    	    1.000046    
    2458785.    	   0.8036997    
    2458786.    	   0.8670849    
    2458787.    	   0.8548186    
    2458788.    	    1.179587    
    2458789.    	    1.591904    
    2458790.    	    1.827784    
    2458791.    	    2.032206    
    2458792.    	    2.265506    
    2458793.    	    2.335148    
    2458794.    	    2.257642    
    2458795.    	    2.407114    
    2458796.    	    2.250247    
    2458797.    	    2.319567    
    2458798.    	    2.228583    
    2458799.    	    2.165261    
    2458800.    	    2.181042    
    2458801.    	    2.064324    
    2458802.    	    1.861103    
    2458803.    	    1.368525    
    2458804.    	    1.414894    
    2458805.    	    1.509660    
    2458806.    	    1.761737    
    2458807.    	    1.567712    
    2458808.    	    1.240795    
    2458809.    	    1.241708    
    2458810.    	    1.074163    
    2458811.    	   0.7642304    
    2458812.    	   0.7500266    
    2458813.    	   0.4374718    
    2458814.    	   0.4714268    
    2458815.    	   0.6808219    
    2458816.    	   0.8365431    
    2458817.    	   0.9893340    
    2458818.    	   0.7264413    
    2458819.    	   0.4834542    
    2458820.    	   0.5887079    
    2458821.    	   0.7125664    
    2458822.    	   0.7192639    
    2458823.    	   0.9157285    
    2458824.    	    1.124974    
    2458825.    	    1.179287    
    2458826.    	    1.045303    
    2458827.    	    1.073438    
    2458828.    	   0.9824729    
    2458829.    	    1.153704    
    2458830.    	    1.358365    
    2458831.    	    1.506095    
    2458832.    	    1.517368    
    2458833.    	    1.331512    
    2458834.    	    1.036328    
    2458835.    	   0.9176292    
    2458836.    	   0.6923380    
    2458837.    	   0.5374944    
    2458838.    	   0.4388331    
    2458839.    	   0.4433551    
    2458840.    	   0.4447827    
    2458841.    	   0.8022482    
    2458842.    	    1.046678    
    2458843.    	    1.405013    
    2458844.    	    1.497582    
    2458845.    	    1.433084    
    2458846.    	    1.203590    
    2458847.    	    1.184907    
    2458848.    	   0.9608344    
    2458849.    	   0.6281851    
    2458850.    	   0.4466552    
    2458851.    	   0.3560517    
    2458852.    	   0.2299168    
    2458853.    	   0.4311693    
    2458854.    	   0.9307350    
    2458855.    	    1.626609    
    2458856.    	    2.340731    
    2458857.    	    2.709887    
    2458858.    	    3.122702    
    2458859.    	    3.367377    
    2458860.    	    3.609244    
    2458861.    	    3.664700    
    2458862.    	    3.644185    
    2458863.    	    3.387076    
    2458864.    	    3.196476    
    2458865.    	    3.326676    
    2458866.    	    3.331913    
    2458867.    	    3.064006    
    2458868.    	    2.757836    
    2458869.    	    2.295918    
    2458870.    	    2.178218    
    2458871.    	    2.248465    
    2458872.    	    1.967042    
    2458873.    	    1.365934    
    2458874.    	   0.8520637    
    2458875.    	   0.5656278    
    2458876.    	   0.6695382    
    2458877.    	   0.9146437    
    2458878.    	    1.235725    
    2458879.    	    1.269545    
    2458880.    	   0.9339508    
    2458881.    	   0.7750874    
    2458882.    	   0.6878379    
    2458883.    	   0.7182135    
    2458884.    	   0.6416402    
    2458885.    	   0.9835259    
    2458886.    	    1.264441    
    2458887.    	    1.538247    
    2458888.    	    1.571223    
    2458889.    	    1.762473    
    2458890.    	    1.612348    
    2458891.    	    1.326748    
    2458892.    	    1.280102    
    2458893.    	    1.428719    
    2458894.    	    1.665683    
    2458895.    	    1.873199    
    2458896.    	    1.889160    
    2458897.    	    1.898298    
    2458898.    	    1.839458    
    2458899.    	    1.675488    
    2458900.    	    1.174484    
    2458901.    	   0.8839439    
    2458902.    	    1.038668    
    2458903.    	    1.180726    
    2458904.    	    1.074015    
    2458905.    	   0.9047208    
    2458906.    	   0.5903792    
    2458907.    	   0.1517220    
    2458908.    	   0.3105633    
    2458909.    	   0.8100144    
    2458910.    	    1.339371    
    2458911.    	    1.656024    
    2458912.    	    1.762053    
    2458913.    	    1.699255    
    2458914.    	    1.719372    
    2458915.    	    1.917615    
    2458916.    	    2.038014    
    2458917.    	    1.791735    
    2458918.    	    1.414124    
    2458919.    	    1.267880    
    2458920.    	    1.175882    
    2458921.    	    1.029030    
    2458922.    	    1.181577    
    2458923.    	   0.9181498    
    2458924.    	   0.2781392    
    2458925.    	   0.4223543    
    2458926.    	    1.062128    
    2458927.    	    1.450231    
    2458928.    	    1.799408    
    2458929.    	    1.799567    
    2458930.    	    1.705834    
    2458931.    	    1.682245    
    2458932.    	    1.692610    
    2458933.    	    2.009095    
    2458934.    	    1.911877    
    2458935.    	    1.683609    
    2458936.    	    1.729607    
    2458937.    	    1.807726    
    2458938.    	    1.826618    
    2458939.    	    1.852815    
    2458940.    	    1.399905    
    2458941.    	   0.9835113    
    2458942.    	    1.129323    
    2458943.    	    1.104088    
    2458944.    	   0.9532827    
    2458945.    	   0.8347577    
    2458946.    	   0.9724668    
    2458947.    	    1.005854    
    2458948.    	    1.128091    
    2458949.    	    1.664727    
    2458950.    	    2.135654    
    2458951.    	    2.267046    
    2458952.    	    2.029183    
    2458953.    	    1.720161    
    2458954.    	    1.535540    
    2458955.    	    1.291988    
    2458956.    	    1.390554    
    2458957.    	    1.480893    
    2458958.    	    1.540620    
    2458959.    	    1.791299    
    2458960.    	    1.861285    
    2458961.    	    1.975589    
    2458962.    	    1.957848    
    2458963.    	    2.199663    
    2458964.    	    2.306480    
    2458965.    	    2.267464    
    2458966.    	    2.098503    
    2458967.    	    2.027197    
    2458968.    	    1.973471    
    2458969.    	    1.823914    
    2458970.    	    1.672344    
    2458971.    	    1.426347    
    2458972.    	    1.349057    
    2458973.    	    1.275105    
    2458974.    	   0.9146671    
    2458975.    	   0.5165287    
    2458976.    	   0.4472242    
    2458977.    	   0.2010810    
    2458978.    	   0.4180576    
    2458979.    	   0.5676597    
    2458980.    	   0.7382675    
    2458981.    	   0.7983370    
    2458982.    	    1.017029    
    2458983.    	    1.096009    
    2458984.    	    1.151812    
    2458985.    	    1.172411    
    2458986.    	    1.595000    
    2458987.    	    1.866740    
    2458988.    	    1.772952    
    2458989.    	    1.408564    
    2458990.    	    1.332637    
    2458991.    	    1.232759    
    2458992.    	    1.307623    
    2458993.    	    1.662413    
    2458994.    	    1.539749    
    2458995.    	    1.205123    
    2458996.    	    1.246166    
    2458997.    	    1.364578    
    2458998.    	    1.258469    
    2458999.    	    1.213358    
    2459000.    	    1.465361    
    2459001.    	    1.544276    
    2459002.    	    1.579086    
    2459003.    	    1.600995    
    2459004.    	    1.530937    
    2459005.    	    1.592250    
    2459006.    	    1.773190    
    2459007.    	    1.559711    
    2459008.    	    1.464663    
    2459009.    	    1.464595    
    2459010.    	    1.398516    
    2459011.    	    1.133978    
    2459012.    	    1.069845    
    2459013.    	   0.9546156    
    2459014.    	    1.114898    
    2459015.    	    1.254940    
    2459016.    	    1.435364    
    2459017.    	    1.586865    
    2459018.    	    1.400145    
    2459019.    	    1.336773    
    2459020.    	    1.363906    
    2459021.    	    1.558877    
    2459022.    	    1.607383    
    2459023.    	    1.568385    
    2459024.    	    1.496081    
    2459025.    	    1.439476    
    2459026.    	    1.296767    
    2459027.    	    1.294497    
    2459028.    	    1.089581    
    2459029.    	   0.8827929    
    2459030.    	   0.9055320    
    2459031.    	   0.8868584    
    2459032.    	   0.9060493    
    2459033.    	    1.005590    
    2459034.    	    1.315790    
    2459035.    	    1.890083    
    2459036.    	    2.095721    
    2459037.    	    2.230840    
    2459038.    	    2.287282    
    2459039.    	    2.242064    
    2459040.    	    2.183946    
    2459041.    	    2.003675    
    2459042.    	    1.723984    
    2459043.    	    1.693344    
    2459044.    	    1.521363    
    2459045.    	    1.379486    
    2459046.    	    1.032565    
    2459047.    	    1.011238    
    2459048.    	   0.8474941    
    2459049.    	   0.8804527    
    2459050.    	   0.9292092    
    2459051.    	    1.132086    
    2459052.    	    1.318898    
    2459053.    	    1.570803    
    2459054.    	    1.717165    
    2459055.    	    1.637727    
    2459056.    	    1.786542    
    2459057.    	    1.579362    
    2459058.    	    1.452221    
    2459059.    	    1.352452    
    2459060.    	    1.221477    
    2459061.    	    1.267257    
    2459062.    	    1.321442    
    2459063.    	    1.188299    
    2459064.    	   0.9899161    
    2459065.    	    1.379347    
    2459066.    	    1.933035    
    2459067.    	    2.120745    
    2459068.    	    2.258711    
    2459069.    	    2.255714    
    2459070.    	    1.959491    
    2459071.    	    1.573176    
    2459072.    	    1.136008    
    2459073.    	   0.7600879    
    2459074.    	   0.5764548    
    2459075.    	   0.6908844    
    2459076.    	   0.7688417    
    2459077.    	    1.253132    
    2459078.    	    1.530702    
    2459079.    	    1.806388    
    2459080.    	    1.682286    
    2459081.    	    1.387964    
    2459082.    	    1.453077    
    2459083.    	    1.391352    
    2459084.    	    1.552376    
    2459085.    	    1.823768    
    2459086.    	    1.949040    
    2459087.    	    2.216834    
    2459088.    	    2.328920    
    2459089.    	    2.196667    
    2459090.    	    1.757886    
    2459091.    	    1.601575    
    2459092.    	    1.563684    
    2459093.    	    1.608675    
    2459094.    	    1.390186    
    2459095.    	    1.128500    
    2459096.    	    1.053622    
    2459097.    	    1.022449    
    2459098.    	   0.8901478    
    2459099.    	   0.7010075    
    2459100.    	   0.7248354    
    2459101.    	   0.5937607    
    2459102.    	   0.7231660    
    2459103.    	   0.9367486    
    2459104.    	   0.9299849    
    2459105.    	   0.7692674    
    2459106.    	   0.7353798    
    2459107.    	    1.006176    
    2459108.    	    1.410361    
    2459109.    	    1.629159    
    2459110.    	    1.556458    
    2459111.    	    1.237094    
    2459112.    	   0.8708753    
    2459113.    	   0.8420063    
    2459114.    	   0.9538544    
    2459115.    	    1.133573    
    2459116.    	    1.348501    
    2459117.    	    1.400465    
    2459118.    	    1.309725    
    2459119.    	    1.318244    
    2459120.    	    1.226296    
    2459121.    	    1.426676    
    2459122.    	    1.510312    
    2459123.    	    1.455808    
    2459124.    	    1.483826    
    2459125.    	    1.249983    
    2459126.    	    1.115757    
    2459127.    	   0.9686162    
    2459128.    	    1.204364    
    2459129.    	    1.276507    
    2459130.    	    1.357447    
    2459131.    	    1.575899    
    2459132.    	    1.743752    
    2459133.    	    1.741144    
    2459134.    	    1.854653    
    2459135.    	    1.967983    
    2459136.    	    2.053245    
    2459137.    	    2.410702    
    2459138.    	    2.818261    
    2459139.    	    2.782566    
    2459140.    	    2.617942    
    2459141.    	    2.432377    
    2459142.    	    2.432114    
    2459143.    	    2.338852    
    2459144.    	    2.488661    
    2459145.    	    2.542407    
    2459146.    	    2.255911    
    2459147.    	    2.027023    
    2459148.    	    2.041876    
    2459149.    	    1.937977    
    2459150.    	    1.578740    
    2459151.    	    1.199478    
    2459152.    	    1.202680    
    2459153.    	    1.316576    
    2459154.    	    1.158506    
    2459155.    	   0.9843646    
    2459156.    	   0.8945771    
    2459157.    	   0.6737394    
    2459158.    	   0.6557751    
    2459159.    	   0.5199888    
    2459160.    	   0.8948764    
    2459161.    	    1.060129    
    2459162.    	   0.8483550    
    2459163.    	   0.8526652    
    2459164.    	    1.104725    
    2459165.    	    1.187026    
    2459166.    	    1.193725    
    2459167.    	   0.9952468    
    2459168.    	    1.087885    
    2459169.    	    1.380825    
    2459170.    	    1.483619    
    2459171.    	    1.643785    
    2459172.    	    1.509261    
    2459173.    	    1.554113    
    2459174.    	    1.381231    
    2459175.    	    1.345986    
    2459176.    	    1.009332    
    2459177.    	   0.8310662    
    2459178.    	   0.7791598    
    2459179.    	    1.017036    
    2459180.    	    1.220897    
    2459181.    	    1.045468    
    2459182.    	   0.9558442    
    2459183.    	   0.8970990    
    2459184.    	   0.9719054    
    2459185.    	    1.092886    
    2459186.    	    1.059581    
    2459187.    	    1.077571    
    2459188.    	    1.118716    
    2459189.    	    1.093441    
    2459190.    	   0.8906707    
    2459191.    	   0.7687629    
    2459192.    	   0.9206540    
    2459193.    	    1.089767    
    2459194.    	    1.413797    
    2459195.    	    1.676331    
    2459196.    	    1.520159    
    2459197.    	    1.502416    
    2459198.    	    1.086136    
    2459199.    	   0.9236815    
    2459200.    	   0.8772503    
    2459201.    	   0.7702688    
    2459202.    	   0.8176837    
    2459203.    	   0.9753241    
    2459204.    	    1.071392    
    2459205.    	    1.057423    
    2459206.    	   0.8261998    
    2459207.    	   0.3437717    
    2459208.    	   0.1089023    
    2459209.    	   0.1661903    
    2459210.    	   0.1826048    
    2459211.    	   1.4920702E-02
    2459212.    	   0.2115555    
    2459213.    	   0.4143972    
    2459214.    	   0.5254273    
    2459215.    	   0.6348844    
    2459216.    	   0.6976387    
    2459217.    	   0.7722238    
    2459218.    	   0.8506845    
    2459219.    	    1.010638    
    2459220.    	    1.117639    
    2459221.    	    1.376499    
    2459222.    	    1.678923    
    2459223.    	    1.691202    
    2459224.    	    1.487343    
    2459225.    	    1.455673    
    2459226.    	    1.332664    
    2459227.    	    1.319004    
    2459228.    	    1.295020    
    2459229.    	    1.261642    
    2459230.    	    1.168047    
    2459231.    	    1.157162    
    2459232.    	    1.037449    
    2459233.    	   0.6419109    
    2459234.    	   0.3827404    
    2459235.    	   0.6587669    
    2459236.    	    1.026937    
    2459237.    	    1.457448    
    2459238.    	    1.736767    
    2459239.    	    1.855397    
    2459240.    	    1.830636    
    2459241.    	    1.663692    
    2459242.    	    1.801277    
    2459243.    	    2.190494    
    2459244.    	    2.402870    
    2459245.    	    2.330470    
    2459246.    	    2.131418    
    2459247.    	    1.975994    
    2459248.    	    2.271170    
    2459249.    	    1.884534    
    2459250.    	    1.878709    
    2459251.    	    1.999609    
    2459252.    	    2.060762    
    2459253.    	    2.032068    
    2459254.    	    2.053723    
    2459255.    	    2.135890    
    2459256.    	    1.977916    
    2459257.    	    2.013874    
    2459258.    	    2.513819    
    2459259.    	    2.609251    
    2459260.    	    2.738253    
    2459261.    	    2.524189    
    2459262.    	    2.264268    
    2459263.    	    1.768255    
    2459264.    	    1.299734    
    2459265.    	    1.119798    
    2459266.    	    1.047928    
    2459267.    	   0.9038836    
    2459268.    	   0.6992936    
    2459269.    	   0.8789950    
    2459270.    	    1.101646    
    2459271.    	    1.141222    
    2459272.    	    1.130500    
    2459273.    	    1.011132    
    2459274.    	   0.8709568    
    2459275.    	   0.9638201    
    2459276.    	   0.9376246    
    2459277.    	   0.5908654    
    2459278.    	   0.7239177    
    2459279.    	   0.6111828    
    2459280.    	   0.5504155    
    2459281.    	   0.5529582    
    2459282.    	   0.7974236    
    2459283.    	   0.8683282    
    2459284.    	   0.9363786    
    2459285.    	    1.091053    
    2459286.    	    1.265237    
    2459287.    	    1.415137    
    2459288.    	    1.284532    
    2459289.    	    1.306364    
    2459290.    	    1.330021    
    2459291.    	    1.511677    
    2459292.    	    1.450991    
    2459293.    	    1.259362    
    2459294.    	    1.029712    
    2459295.    	   0.9872154    
    2459296.    	    1.217702    
    2459297.    	    1.448461    
    2459298.    	    1.390049    
    2459299.    	    1.077567    
    2459300.    	    1.133901    
    2459301.    	    1.533392    
    2459302.    	    1.834109    
    2459303.    	    1.534428    
    2459304.    	    1.537398    
    2459305.    	    1.435878    
    2459306.    	    1.482269    
    2459307.    	    1.610196    
    2459308.    	    1.612795    
    2459309.    	    1.524868    
    2459310.    	    1.480517    
    2459311.    	    1.588010    
    2459312.    	    2.020109    
    2459313.    	    2.190657    
    2459314.    	    2.084490    
    2459315.    	    1.999866    
    2459316.    	    2.140874    
    2459317.    	    2.042718    
    2459318.    	    1.945413    
    2459319.    	    1.804628    
    2459320.    	    1.647342    
    2459321.    	    1.639733    
    2459322.    	    1.824111    
    2459323.    	    2.029174    
    2459324.    	    2.222299    
    2459325.    	    2.222581    
    2459326.    	    2.160416    
    2459327.    	    1.865224    
    2459328.    	    1.913703    
    2459329.    	    2.216357    
    2459330.    	    2.642108    
    2459331.    	    2.823533    
    2459332.    	    3.114509    
    2459333.    	    3.173402    
    2459334.    	    3.330193    
    2459335.    	    3.584167    
    2459336.    	    3.701709    
    2459337.    	    3.680102    
    2459338.    	    3.524964    
    2459339.    	    3.107604    
    2459340.    	    2.828778    
    2459341.    	    2.402354    
    2459342.    	    2.027289    
    2459343.    	    1.503917    
    2459344.    	    1.162532    
    2459345.    	    1.121703    
    2459346.    	   0.8767584    
    2459347.    	   0.8524748    
    2459348.    	   0.9665863    
    2459349.    	    1.022844    
    2459350.    	    1.274499    
    2459351.    	    1.629212    
    2459352.    	    1.656258    
    2459353.    	    1.592951    
    2459354.    	    1.796204    
    2459355.    	    1.760545    
    2459356.    	    1.513101    
    2459357.    	    1.555788    
    2459358.    	    1.548746    
    2459359.    	    1.505426    
    2459360.    	   0.9957529    
    2459361.    	   0.4222631    
    2459362.    	   0.3456574    
    2459363.    	   0.5319958    
    2459364.    	   0.7726395    
    2459365.    	    1.250944    
    2459366.    	    1.252035    
    2459367.    	    1.327552    
    2459368.    	    1.362259    
    2459369.    	    1.373297    
    2459370.    	    1.188777    
    2459371.    	    1.175678    
    2459372.    	    1.137443    
    2459373.    	    1.089582    
    2459374.    	   0.9806371    
    2459375.    	   0.7444206    
    2459376.    	   0.3217890    
    2459377.    	   0.5687352    
    2459378.    	    1.097363    
    2459379.    	    1.416041    
    2459380.    	    1.378332    
    2459381.    	    1.396576    
    2459382.    	    1.519610    
    2459383.    	    1.256019    
    2459384.    	    1.113727    
    2459385.    	   0.8979371    
    2459386.    	   0.8348924    
    2459387.    	    1.050321    
    2459388.    	    1.343342    
    2459389.    	    1.703672    
    2459390.    	    1.461622    
    2459391.    	    1.484962    
    2459392.    	    1.670254    
    2459393.    	    1.810322    
    2459394.    	    1.794483    
    2459395.    	    1.676909    
    2459396.    	    1.454452    
    2459397.    	    1.280272    
    2459398.    	    1.255003    
    2459399.    	    1.444279    
    2459400.    	    1.472831    
    2459401.    	    1.141211    
    2459402.    	    1.034350    
    2459403.    	   0.9059798    
    2459404.    	   0.9602180    
    2459405.    	    1.289908    
    2459406.    	    1.332816    
    2459407.    	    1.350320    
    2459408.    	    1.005882    
    2459409.    	   0.8290374    
    2459410.    	   0.8693653    
    2459411.    	   0.8801551    
    2459412.    	   0.9160200    
    2459413.    	    1.280562    
    2459414.    	    1.691988    
    2459415.    	    1.679729    
    2459416.    	    1.843437    
    2459417.    	    1.781047    
    2459418.    	    1.602912    
    2459419.    	    1.430958    
    2459420.    	    1.247336    
    2459421.    	    1.284619    
    2459422.    	    1.344388    
    2459423.    	    1.488735    
    2459424.    	    1.341101    
    2459425.    	   0.9499148    
    2459426.    	    1.002158    
    2459427.    	    1.425554    
    2459428.    	    1.446428    
    2459429.    	    1.387525    
    2459430.    	    1.138363    
    2459431.    	   0.9224666    
    2459432.    	   0.7030110    
    2459433.    	   0.7119355    
    2459434.    	   0.8146427    
    2459435.    	    1.060821    
    2459436.    	    1.351206    
    2459437.    	    1.819429    
    2459438.    	    2.245856    
    2459439.    	    2.282842    
    2459440.    	    2.200074    
    2459441.    	    2.108691    
    2459442.    	    2.397589    
    2459443.    	    2.511778    
    2459444.    	    2.180532    
    2459445.    	    1.751221    
    2459446.    	    1.477932    
    2459447.    	    1.229620    
    2459448.    	   0.7631541    
    2459449.    	   0.4496689    
    2459450.    	   0.3430334    
    2459451.    	   0.2876165    
    2459452.    	   0.6125962    
    2459453.    	    1.137451    
    2459454.    	    1.187573    
    2459455.    	    1.199253    
    2459456.    	    1.189996    
    2459457.    	    1.348670    
    2459458.    	    1.057363    
    2459459.    	   0.7584060    
    2459460.    	   0.6524715    
    2459461.    	   0.5268860    
    2459462.    	   0.5469058    
    2459463.    	   0.7818580    
    2459464.    	   0.9993359    
    2459465.    	    1.175226    
    2459466.    	    1.149326    
    2459467.    	    1.145749    
    2459468.    	    1.154693    
    2459469.    	    1.294117    
    2459470.    	    1.477481    
    2459471.    	    1.764779    
    2459472.    	    1.886544    
    2459473.    	    1.723574    
    2459474.    	    1.684403    
    2459475.    	    1.611885    
    2459476.    	    1.332629    
    2459477.    	    1.213817    
    2459478.    	    1.388996    
    2459479.    	    1.426764    
    2459480.    	    1.177588    
    2459481.    	   0.7995016    
    2459482.    	   0.5679175    
    2459483.    	   0.6782452    
    2459484.    	   0.9421146    
    2459485.    	    1.173527    
    2459486.    	    1.274811    
    2459487.    	    1.243619    
    2459488.    	    1.461905    
    2459489.    	    1.564578    
    2459490.    	    1.573761    
    2459491.    	    1.627877    
    2459492.    	    1.720184    
    2459493.    	    1.806681    
    2459494.    	    1.999853    
    2459495.    	    2.087127    
    2459496.    	    1.869675    
    2459497.    	    1.525775    
    2459498.    	    1.714382    
    2459499.    	    2.068763    
    2459500.    	    1.829420    
    2459501.    	    1.553522    
    2459502.    	    1.258259    
    2459503.    	   0.8394284    
    2459504.    	   0.5001994    
    2459505.    	   0.2454255    
    2459506.    	   0.3847272    
    2459507.    	   0.4706104    
    2459508.    	   0.6416193    
    2459509.    	   0.5805821    
    2459510.    	   0.7601241    
    2459511.    	   0.9309046    
    2459512.    	   0.8777830    
    2459513.    	   0.8568628    
    2459514.    	   0.9422370    
    2459515.    	   0.9798154    
    2459516.    	   0.9898584    
    2459517.    	    1.149955    
    2459518.    	   0.9242985    
    2459519.    	   0.7974719    
    2459520.    	   0.6462259    
    2459521.    	   0.6025941    
    2459522.    	   0.7862840    
    2459523.    	    1.002369    
    2459524.    	    1.134536    
    2459525.    	    1.168123    
    2459526.    	    1.089063    
    2459527.    	    1.002230    
    2459528.    	   0.9207408    
    2459529.    	    1.070760    
    2459530.    	    1.077948    
    2459531.    	    1.061262    
    2459532.    	    1.117227    
    2459533.    	    1.282898    
    2459534.    	    1.298768    
    2459535.    	    1.300416    
    2459536.    	    1.093834    
    2459537.    	    1.098417    
    2459538.    	    1.191898    
    2459539.    	    1.248056    
    2459540.    	   0.9426494    
    2459541.    	   0.6718911    
    2459542.    	   0.9513651    
    2459543.    	    1.303120    
    2459544.    	    1.142244    
    2459545.    	    1.201566    
    2459546.    	    1.048782    
    2459547.    	   0.9918388    
    2459548.    	    1.087102    
    2459549.    	    1.391976    
    2459550.    	    1.672673    
    2459551.    	    1.954359    
    2459552.    	    2.135402    
    2459553.    	    2.107901    
    2459554.    	    1.915052    
    2459555.    	    1.955258    
    2459556.    	    1.964690    
    2459557.    	    2.153825    
    2459558.    	    2.479661    
    2459559.    	    2.379278    
    2459560.    	    2.372934    
    2459561.    	    2.192911    
    2459562.    	    2.165146    
    2459563.    	    1.934122    
    2459564.    	    1.869823    
    2459565.    	    1.919878    
    2459566.    	    1.800376    
    2459567.    	    1.580635    
    2459568.    	    1.586112    
    2459569.    	    2.070318    
    2459570.    	    2.321518    
    2459571.    	    2.524487    
    2459572.    	    2.319457    
    2459573.    	    2.136379    
    2459574.    	    1.969858    
    2459575.    	    2.149424    
    2459576.    	    2.511672    
    2459577.    	    2.266492    
    2459578.    	    1.999186    
    2459579.    	    1.784081    
    2459580.    	    1.921035    
    2459581.    	    1.953601    
    2459582.    	    1.889807    
    2459583.    	    1.951153    
    2459584.    	    1.748841    
    2459585.    	    1.740600    
    2459586.    	    1.753311    
    2459587.    	    1.893019    
    2459588.    	    1.840023    
    2459589.    	    1.681650    
    2459590.    	    1.898556    
    2459591.    	    2.172212    
    2459592.    	    1.914568    
    2459593.    	    1.524216    
    2459594.    	    1.151824    
    2459595.    	   0.7782604    
    2459596.    	   0.4872876    
    2459597.    	   0.2589142    
    2459598.    	   0.3226414    
    2459599.    	   0.4760381    
    2459600.    	   0.6902871    
    2459601.    	   0.7259736    
    2459602.    	   0.8532300    
    2459603.    	    1.062014    
    2459604.    	   0.8820509    
    2459605.    	   0.7678497    
    2459606.    	   0.6746366    
    2459607.    	   0.3836582    
    2459608.    	   0.5004998    
    2459609.    	   0.4979934    
    2459610.    	   0.6538332    
    2459611.    	   0.6493852    
    2459612.    	   0.6076155    
    2459613.    	   0.7002329    
    2459614.    	   0.8907976    
    2459615.    	   0.9222038    
    2459616.    	   0.9585052    
    2459617.    	    1.406421    
    2459618.    	    1.247015    
    2459619.    	    1.156152    
    2459620.    	    1.248834    
    2459621.    	    1.291301    
    2459622.    	    1.335506    
    2459623.    	    1.379957    
    2459624.    	    1.537688    
    2459625.    	    1.493435    
    2459626.    	    1.549800    
    2459627.    	    1.860054    
    2459628.    	    1.963211    
    2459629.    	    1.945903    
    2459630.    	    1.749989    
    2459631.    	    1.644811    
    2459632.    	    1.795358    
    2459633.    	    1.657487    
    2459634.    	    1.243234    
    2459635.    	    1.161408    
    2459636.    	    1.049565    
    2459637.    	   0.8591828    
    2459638.    	   0.8610118    
    2459639.    	   0.7138448    
    2459640.    	   0.6159666    
    2459641.    	   0.4574985    
    2459642.    	   0.2653389    
    2459643.    	   0.2335232    
    2459644.    	   0.3672143    
    2459645.    	   0.2022782    
    2459646.    	   0.2113844    
    2459647.    	   0.4857169    
    2459648.    	   0.7052296    
    2459649.    	    1.060320    
    2459650.    	    1.376131    
    2459651.    	    1.589961    
    2459652.    	    1.752719    
    2459653.    	    1.642366    
    2459654.    	    1.946956    
    2459655.    	    2.113055    
    2459656.    	    1.872218    
    2459657.    	    2.001245    
    2459658.    	    2.315691    
    2459659.    	    2.469882    
    2459660.    	    1.992869    
    2459661.    	    1.704334    
    2459662.    	    1.566190    
    2459663.    	    1.449970    
    2459664.    	   0.9451157    
    2459665.    	   0.3392127    
    2459666.    	   8.3003238E-02
    2459667.    	   0.2948059    
    2459668.    	   0.3621213    
    2459669.    	   0.3617198    
    2459670.    	   0.4477098    
    2459671.    	   0.3098294    
    2459672.    	   0.2221085    
    2459673.    	   0.2500889    
    2459674.    	   0.2888630    
    2459675.    	   0.4812479    
    2459676.    	   0.5775083    
    2459677.    	   0.4687738    
    2459678.    	   0.4343641    
    2459679.    	   0.5209184    
    2459680.    	   0.6043131    
    2459681.    	   0.7503610    
    2459682.    	   0.7917139    
    2459683.    	   0.6581643    
    2459684.    	   0.8561031    
    2459685.    	    1.048099    
    2459686.    	    1.339969    
    2459687.    	    1.208325    
    2459688.    	    1.273876    
    2459689.    	    1.349477    
    2459690.    	    1.223598    
    2459691.    	    1.106918    
    2459692.    	   0.7491562    
    2459693.    	   0.5234495    
    2459694.    	   0.3510363    
    2459695.    	   0.3887506    
    2459696.    	   0.4851602    
    2459697.    	   0.5691587    
    2459698.    	   0.7348832    
    2459699.    	   0.4859894    
    2459700.    	   0.3771938    
    2459701.    	   0.1708768    
    2459702.    	   0.2183962    
    2459703.    	   0.7398502    
    2459704.    	    1.179434    
    2459705.    	    1.434956    
    2459706.    	    1.623638    
    2459707.    	    1.519929    
    2459708.    	    1.189218    
    2459709.    	   0.8786904    
    2459710.    	   0.8648902    
    2459711.    	    1.202459    
    2459712.    	    1.560048    
    2459713.    	    1.704756    
    2459714.    	    1.731147    
    2459715.    	    1.789717    
    2459716.    	    1.557441    
    2459717.    	    1.451360    
    2459718.    	    1.467802    
    2459719.    	    1.491592    
    2459720.    	    1.510640    
    2459721.    	    1.221381    
    2459722.    	   0.9124589    
    2459723.    	   0.8215973    
    2459724.    	   0.4381710    
    2459725.    	   0.1848408    
    2459726.    	   0.7044110    
    2459727.    	    1.200906    
    2459728.    	    1.431230    
    2459729.    	    1.988412    
    2459730.    	    2.135703    
    2459731.    	    2.019032    
    2459732.    	    2.046702    
    2459733.    	    2.113088    
    2459734.    	    2.155550    
    2459735.    	    2.336334    
    2459736.    	    2.116013    
    2459737.    	    1.976617    
    2459738.    	    1.854818    
    2459739.    	    1.624081    
    2459740.    	    1.362409    
    2459741.    	    1.236595    
    2459742.    	    1.245393    
    2459743.    	    1.340177    
    2459744.    	    1.441601    
    2459745.    	    1.709803    
    2459746.    	    1.952372    
    2459747.    	    2.150996    
    2459748.    	    2.130494    
    2459749.    	    2.004713    
    2459750.    	    1.807912    
    2459751.    	    1.318726    
    2459752.    	    1.273532    
    2459753.    	    1.525361    
    2459754.    	    1.806905    
    2459755.    	    1.875502    
    2459756.    	    1.692010    
    2459757.    	    1.988708    
    2459758.    	    1.952536    
    2459759.    	    1.563571    
    2459760.    	    1.407068    
    2459761.    	    1.370845    
    2459762.    	    1.017955    
    2459763.    	    1.168176    
    2459764.    	    1.437867    
    2459765.    	    1.577014    
    2459766.    	    1.490339    
    2459767.    	    1.324455    
    2459768.    	    1.250253    
    2459769.    	    1.010997    
    2459770.    	   0.7623410    
    2459771.    	   0.5207012    
    2459772.    	   0.4050999    
    2459773.    	   0.4413531    
    2459774.    	   0.7053018    
    2459775.    	   0.9811046    
    2459776.    	   0.8945460    
    2459777.    	   0.9057183    
    2459778.    	   0.6605151    
    2459779.    	   0.2606139    
    2459780.    	   0.1832714    
    2459781.    	   0.7827643    
    2459782.    	    1.243315    
    2459783.    	    1.619112    
    2459784.    	    1.536290    
    2459785.    	    1.643931    
    2459786.    	    1.680476    
    2459787.    	    1.264852    
    2459788.    	   0.9793317    
    2459789.    	   0.9235903    
    2459790.    	   0.6782641    
    2459791.    	   0.6693696    
    2459792.    	   0.6913189    
    2459793.    	   0.9348802    
    2459794.    	    1.045848    
    2459795.    	   0.8063807    
    2459796.    	   0.8326195    
    2459797.    	    1.141248    
    2459798.    	    1.196999    
    2459799.    	    1.043062    
    2459800.    	   0.7757295    
    2459801.    	   0.5005932    
    2459802.    	   0.4127628    
    2459803.    	   0.3604237    
    2459804.    	   0.1983718    
    2459805.    	   0.4076184    
    2459806.    	   0.3979918    
    2459807.    	   0.1489482    
    2459808.    	   0.2150149    
    2459809.    	   0.4918147    
    2459810.    	   0.5815629    
    2459811.    	   0.6675166    
    2459812.    	   0.8617661    
    2459813.    	    1.145633    
    2459814.    	    1.257832    
    2459815.    	    1.622415    
    2459816.    	    1.642485    
    2459817.    	    1.799721    
    2459818.    	    1.920171    
    2459819.    	    2.002138    
    2459820.    	    1.937765    
    2459821.    	    1.419997    
    2459822.    	    1.109463    
    2459823.    	   0.9541305    
    2459824.    	   0.7816871    
    2459825.    	   0.6499681    
    2459826.    	   0.6215315    
    2459827.    	   0.5748942    
    2459828.    	   0.3120022    
    2459829.    	   0.4528384    
    2459830.    	   0.5687870    
    2459831.    	   0.6833031    
    2459832.    	   0.4066936    
    2459833.    	   0.2185007    
    2459834.    	   0.2833884    
    2459835.    	   0.1844799    
    2459836.    	   4.2432550E-02
    2459837.    	   0.4565296    
    2459838.    	   0.4900113    
    2459839.    	   0.1752050    
    2459840.    	   0.2791922    
    2459841.    	   0.4764745    
    2459842.    	   0.3892630    
    2459843.    	   0.3827406    
    2459844.    	   0.5144152    
    2459845.    	   0.5133740    
    2459846.    	   0.5235667    
    2459847.    	   0.6139948    
    2459848.    	   0.5470465    
    2459849.    	   0.4845011    
    2459850.    	   0.4577947    
    2459851.    	   0.3840167    
    2459852.    	   0.6347482    
    2459853.    	   0.6829246    
    2459854.    	    1.012590    
    2459855.    	    1.138550    
    2459856.    	    1.060028    
    2459857.    	   0.9142700    
    2459858.    	   0.8661726    
    2459859.    	   0.9339709    
    2459860.    	    1.021804    
    2459861.    	    1.144729    
    2459862.    	    1.282636    
    2459863.    	    1.490643    
    2459864.    	    1.766528    
    2459865.    	    1.844771    
    2459866.    	    1.978659    
    2459867.    	    2.177448    
    2459868.    	    1.814419    
    2459869.    	    1.569094    
    2459870.    	    1.452348    
    2459871.    	    1.353562    
    2459872.    	    1.218008    
    2459873.    	    1.298637    
    2459874.    	    1.445450    
    2459875.    	    1.595048    
    2459876.    	    1.933815    
    2459877.    	    1.971462    
    2459878.    	    1.931872    
    2459879.    	    2.074718    
    2459880.    	    1.890015    
    2459881.    	    1.490142    
    2459882.    	    1.541936    
    2459883.    	    1.664463    
    2459884.    	    1.746471    
    2459885.    	    1.885633    
    2459886.    	    1.890891    
    2459887.    	    1.759598    
    2459888.    	    1.536267    
    2459889.    	    1.545116    
    2459890.    	    1.464704    
    2459891.    	    1.324975    
    2459892.    	   0.8646026    
    2459893.    	   0.5340028    
    2459894.    	   0.4273630    
    2459895.    	   0.3271776    
    2459896.    	   0.4335082    
    2459897.    	   0.7011207    
    2459898.    	    1.003448    
    2459899.    	    1.035951    
    2459900.    	   0.9940847    
    2459901.    	    1.166741    
    2459902.    	    1.373718    
    2459903.    	    1.350053    
    2459904.    	    1.455968    
    2459905.    	    1.496208    
    2459906.    	    1.550154    
    2459907.    	    1.528679    
    2459908.    	    1.541220    
    2459909.    	    1.773317    
    2459910.    	    1.953840    
    2459911.    	    1.834654    
    2459912.    	    1.647835    
    2459913.    	    1.271297    
    2459914.    	   0.9575530    
    2459915.    	   0.4769905    
    2459916.    	   5.3746890E-02
    2459917.    	   0.5562659    
    2459918.    	   0.7037356    
    2459919.    	   0.6661240    
    2459920.    	   0.8071449    
    2459921.    	   0.9569586    
    2459922.    	    1.215694    
    2459923.    	    1.321213    
    2459924.    	    1.223220    
    2459925.    	    1.142832    
    2459926.    	   0.9001004    
    2459927.    	   0.5596127    
    2459928.    	   0.4663421    
    2459929.    	   0.4168980    
    2459930.    	   0.4178101    
    2459931.    	   0.4655403    
    2459932.    	   0.5203326    
    2459933.    	   0.3104716    
    2459934.    	   0.6568290    
    2459935.    	    1.211423    
    2459936.    	    1.632500    
    2459937.    	    1.768318    
    2459938.    	    1.767295    
    2459939.    	    1.832472    
    2459940.    	    1.825558    
    2459941.    	    1.605746    
    2459942.    	    1.538229    
    2459943.    	    1.584863    
    2459944.    	    1.651366    
    2459945.    	    1.591281    
    2459946.    	    1.280929    
    2459947.    	    1.491283    
    2459948.    	    1.470509    
    2459949.    	    1.206465    
    2459950.    	    1.145942    
    2459951.    	    1.112347    
    2459952.    	   0.7938836    
    2459953.    	   0.9882028    
    2459954.    	    1.039915    
    2459955.    	   0.8728923    
    2459956.    	   0.7194560    
    2459957.    	    1.047510    
    2459958.    	    1.104486    
    2459959.    	   0.8479812    
    2459960.    	   0.6202453    
    2459961.    	   0.7754828    
    2459962.    	   0.7159418    
    2459963.    	   0.6588240    
    2459964.    	   0.7497476    
    2459965.    	    1.135084    
    2459966.    	    1.572737    
    2459967.    	    1.513429    
    2459968.    	    1.549987    
    2459969.    	    1.628452    
    2459970.    	    1.981942    
    2459971.    	    1.960115    
    2459972.    	    2.075344    
    2459973.    	    2.276696    
    2459974.    	    2.469057    
    2459975.    	    2.113319    
    2459976.    	    1.815384    
    2459977.    	    1.637054    
    2459978.    	    1.615534    
    2459979.    	    1.544467    
    2459980.    	    1.633845    
    2459981.    	    1.752942    
    2459982.    	    1.799643    
    2459983.    	    1.930139    
    2459984.    	    1.922416    
    2459985.    	    1.858197    
    2459986.    	    1.982548    
    2459987.    	    1.997669    
    2459988.    	    2.253215    
    2459989.    	    2.435519    
    2459990.    	    2.305147    
    2459991.    	    1.923676    
    2459992.    	    2.029950    
    2459993.    	    2.138467    
    2459994.    	    2.013146    
    2459995.    	    1.722427    
    2459996.    	    1.557650    
    2459997.    	    1.289013    
    2459998.    	    1.200024    
    2459999.    	    1.045317    
    2460000.    	   0.8351668    
    2460001.    	   0.7373930    
    2460002.    	   0.7239045    
    2460003.    	   0.9233431    
    2460004.    	    1.194189    
    2460005.    	    1.307160    
    2460006.    	    1.751411    
    2460007.    	    2.152376    
    2460008.    	    3.056177    
    2460009.    	    3.340516    
    2460010.    	    3.747022    
    2460011.    	    4.041830    
    2460012.    	    4.464345    
    2460013.    	    4.569384    
    2460014.    	    4.417600    
    2460015.    	    4.291667    
    2460016.    	    4.255696    
    2460017.    	    4.013095    
    2460018.    	    3.611829    
    2460019.    	    3.156826    
    2460020.    	    2.794644    
    2460021.    	    2.639110    
    2460022.    	    2.589164    
    2460023.    	    2.374182    
    2460024.    	    1.951247    
    2460025.    	    1.808418    
    2460026.    	    1.868915    
    2460027.    	    1.950837    
    2460028.    	    1.662343    
    2460029.    	    1.459969    
    2460030.    	    1.294790    
    2460031.    	    1.007884    
    2460032.    	   0.9571268    
    2460033.    	   0.5340140    
    2460034.    	   0.4264835    
    2460035.    	   0.4120300    
    2460036.    	   0.7150013    
    2460037.    	   0.9132533    
    2460038.    	   0.8609903    
    2460039.    	   0.7772331    
    2460040.    	   0.7909172    
    2460041.    	   0.8094102    
    2460042.    	    1.134844    
    2460043.    	    1.410272    
    2460044.    	    1.739004    
    2460045.    	    2.001940    
    2460046.    	    2.151176    
    2460047.    	    2.137712    
    2460048.    	    1.974536    
    2460049.    	    1.819493    
    2460050.    	    1.906767    
    2460051.    	    1.862064    
    2460052.    	    2.028592    
    2460053.    	    2.154229    
    2460054.    	    2.029041    
    2460055.    	    2.027644    
    2460056.    	    2.128606    
    2460057.    	    2.374398    
    2460058.    	    2.398857    
    2460059.    	    2.306839    
    2460060.    	    2.206170    
    2460061.    	    2.032596    
    2460062.    	    1.913940    
    2460063.    	    1.483008    
    2460064.    	    1.238480    
    2460065.    	    1.401796    
    2460066.    	    1.805321    
    2460067.    	    1.910496    
    2460068.    	    1.827213    
    2460069.    	    1.817047    
    2460070.    	    1.931915    
    2460071.    	    1.593994    
    2460072.    	    1.403512    
    2460073.    	    1.317439    
    2460074.    	    1.332886    
    2460075.    	    1.257432    
    2460076.    	    1.146498    
    2460077.    	   0.9722439    
    2460078.    	    1.070658    
    2460079.    	    1.124285    
    2460080.    	    1.413434    
    2460081.    	    1.727879    
    2460082.    	    1.837774    
    2460083.    	    2.025698    
    2460084.    	    1.941350    
    2460085.    	    1.528708    
    2460086.    	    1.437321    
    2460087.    	    1.627585    
    2460088.    	    1.984687    
    2460089.    	    2.296211    
    2460090.    	    2.355426    
    2460091.    	    2.076363    
    2460092.    	    2.113919    
    2460093.    	    1.971440    
    2460094.    	    1.660507    
    2460095.    	    1.377330    
    2460096.    	    1.459448    
    2460097.    	    1.455707    
    2460098.    	    1.337556    
    2460099.    	    1.393182    
    2460100.    	    1.599537    
    2460101.    	    1.580546    
    2460102.    	    1.666314    
    2460103.    	    1.628586    
    2460104.    	    1.244450    
    2460105.    	    1.153004    
    2460106.    	    1.271286    
    2460107.    	    1.315093    
    2460108.    	    1.366349    
    2460109.    	    1.554248    
    2460110.    	    1.608758    
    2460111.    	    1.330287    
    2460112.    	   0.9613183    
    2460113.    	   0.5089868    
    2460114.    	   5.5829078E-02
    2460115.    	   0.2412329    
    2460116.    	   0.6492584    
    2460117.    	   0.9978908    
    2460118.    	    1.224816    
    2460119.    	    1.222848    
    2460120.    	    1.196406    
    2460121.    	    1.309376    
    2460122.    	    1.146320    
    2460123.    	   0.8623379    
    2460124.    	   0.5636872    
    2460125.    	   0.7686749    
    2460126.    	    1.142536    
    2460127.    	    1.297480    
    2460128.    	    1.342153    
    2460129.    	    1.264382    
    2460130.    	    1.272310    
    2460131.    	    1.496037    
    2460132.    	    1.207006    
    2460133.    	    1.086168    
    2460134.    	   0.8360724    
    2460135.    	   0.9462615    
    2460136.    	   0.7438096    
    2460137.    	   0.6447629    
    2460138.    	   0.7729967    
    2460139.    	   0.6534669    
    2460140.    	   0.3408577    
    2460141.    	   0.3674159    
    2460142.    	   0.6491294    
    2460143.    	   0.5982636    
    2460144.    	   0.7650306    
    2460145.    	   0.6725932    
    2460146.    	   0.5747620    
    2460147.    	   0.4103667    
    2460148.    	   0.6178469    
    2460149.    	   0.8156573    
    2460150.    	   0.9442221    
    2460151.    	   0.7613260    
    2460152.    	   0.6760398    
    2460153.    	   0.8387915    
    2460154.    	   0.6690736    
    2460155.    	   0.5002131    
    2460156.    	   0.5149672    
    2460157.    	   0.4465254    
    2460158.    	   0.3824651    
    2460159.    	   0.3959709    
    2460160.    	   0.5634390    
    2460161.    	   0.8844604    
    2460162.    	    1.099690    
    2460163.    	    1.025455    
    2460164.    	   0.7109827    
    2460165.    	   0.7316087    
    2460166.    	   0.9255717    
    2460167.    	   0.7893569    
    2460168.    	   0.9863535    
    2460169.    	   0.9946271    
    2460170.    	    1.044253    
    2460171.    	    1.097972    
    2460172.    	    1.121414    
    2460173.    	    1.207880    
    2460174.    	    1.203904    
    2460175.    	    1.182142    
    2460176.    	    1.246195    
    2460177.    	    1.464815    
    2460178.    	    1.457172    
    2460179.    	    1.550396    
    2460180.    	    1.429168    
    2460181.    	    1.244686    
    2460182.    	   0.8367275    
    2460183.    	   0.8515448    
    2460184.    	   0.6417758    
    2460185.    	   0.4591287    
    2460186.    	   0.2661270    
    2460187.    	   0.2771571    
    2460188.    	   0.2576327    
    2460189.    	   8.9670777E-02
    2460190.    	   0.1615901    
    2460191.    	   0.4777489    
    2460192.    	    1.014674    
    2460193.    	    1.344835    
    2460194.    	    1.669195    
    2460195.    	    1.747568    
    2460196.    	    1.628021    
    2460197.    	    1.619123    
    2460198.    	    1.358298    
    2460199.    	    1.280749    
    2460200.    	   0.7845634    
    2460201.    	   0.5968683    
    2460202.    	   0.4178174    
    2460203.    	   0.4376234    
    2460204.    	   0.5914454    
    2460205.    	   0.7805029    
    2460206.    	   0.8061342    
    2460207.    	   0.6372241    
    2460208.    	   0.4557253    
    2460209.    	   0.4463522    
    2460210.    	   0.5845595    
    2460211.    	   0.6265634    
    2460212.    	   0.6411726    
    2460213.    	   0.7811198    
    2460214.    	   0.8441098    
    2460215.    	   0.7988221    
    2460216.    	   0.8455207    
    2460217.    	    1.043423    
    2460218.    	   0.9360667    
    2460219.    	   0.8263812    
    2460220.    	   0.7150422    
    2460221.    	   0.8151590    
    2460222.    	    1.000231    
    2460223.    	   0.9481314    
    2460224.    	   0.9117665    
    2460225.    	   0.9609914    
    2460226.    	    1.245962    
    2460227.    	    1.405055    
    2460228.    	    1.400328    
    2460229.    	    1.485037    
    2460230.    	    1.516755    
    2460231.    	    1.313580    
    2460232.    	    1.432349    
    2460233.    	    1.224972    
    2460234.    	    1.376616    
    2460235.    	    1.478122    
    2460236.    	    1.519065    
    2460237.    	    1.534402    
    2460238.    	    1.327032    
    2460239.    	    1.054452    
    2460240.    	    1.237345    
    2460241.    	    1.279856    
    2460242.    	    1.491364    
    2460243.    	    1.718673    
    2460244.    	    1.720882    
    2460245.    	    1.746171    
    2460246.    	    1.702393    
    2460247.    	    1.831317    
    2460248.    	    1.859183    
    2460249.    	    1.713862    
    2460250.    	    1.594924    
    2460251.    	    1.413855    
    2460252.    	    1.110099    
    2460253.    	    1.119022    
    2460254.    	    1.162253    
    2460255.    	   0.7388894    
    2460256.    	   0.3022626    
    2460257.    	   0.2652172    
    2460258.    	   0.3480885    
    2460259.    	   0.5882990    
    2460260.    	   0.6471978    
    2460261.    	   0.6858063    
    2460262.    	   0.6818932    
    2460263.    	    1.074335    
    2460264.    	    1.144503    
    2460265.    	    1.448900    
    2460266.    	    1.679718    
    2460267.    	    1.841373    
    2460268.    	    2.150680    
    2460269.    	    2.231812    
    2460270.    	    2.360020    
    2460271.    	    2.396300    
    2460272.    	    2.104075    
    2460273.    	    2.158078    
    2460274.    	    2.027728    
    2460275.    	    1.795458    
    2460276.    	    1.496126    
    2460277.    	    1.394988    
    2460278.    	    1.640490    
    2460279.    	    1.778588    
    2460280.    	    1.853265    
    2460281.    	    1.969241    
    2460282.    	    1.797463    
    2460283.    	    1.943959    
    2460284.    	    1.887989    
    2460285.    	    2.032526    
    2460286.    	    1.889676    
    2460287.    	    1.704523    
    2460288.    	    1.580481    
    2460289.    	    1.553066    
    2460290.    	    1.428554    
    2460291.    	    1.258765    
    2460292.    	    1.075550    
    2460293.    	    1.018076    
    2460294.    	   0.9948163    
    2460295.    	    1.087439    
    2460296.    	    1.014334    
    2460297.    	   0.9879110    
    2460298.    	   0.8179748    
    2460299.    	   0.8338403    
    2460300.    	   0.7217807    
    2460301.    	   0.8941349    
    2460302.    	    1.303174    
    2460303.    	    1.450932    
    2460304.    	    1.774410    
    2460305.    	    1.836669    
    2460306.    	    2.027874    
    2460307.    	    2.102881    
    2460308.    	    1.992688    
    2460309.    	    2.047361    
    2460310.    	    1.893757    
    2460311.    	    1.958721    
    2460312.    	    2.276395    
    2460313.    	    2.301632    
    2460314.    	    2.355285    
    2460315.    	    2.022561    
    2460316.    	    1.484405    
    2460317.    	    1.261410    
    2460318.    	   0.9294875    
    2460319.    	    1.284063    
    2460320.    	    1.237498    
    2460321.    	    1.127248    
    2460322.    	    1.365171    
    2460323.    	    1.515153    
    2460324.    	    1.827824    
    2460325.    	    2.276710    
    2460326.    	    2.667185    
    2460327.    	    2.729308    
    2460328.    	    2.992665    
    2460329.    	    2.875191    
    2460330.    	    2.838006    
    2460331.    	    2.815981    
    2460332.    	    2.709955    
    2460333.    	    2.586194    
    2460334.    	    2.353553    
    2460335.    	    2.389671    
    2460336.    	    2.423040    
    2460337.    	    2.521245    
    2460338.    	    2.393369    
    2460339.    	    2.170633    
    2460340.    	    2.230124    
    2460341.    	    2.114220    
    2460342.    	    2.009267    
    2460343.    	    1.964476    
    2460344.    	    1.954398    
    2460345.    	    2.092552    
    2460346.    	    2.080234    
    2460347.    	    2.271092    
    2460348.    	    2.220547    
    2460349.    	    1.761161    
    2460350.    	    1.671231    
    2460351.    	    1.957145    
    2460352.    	    1.891760    
    2460353.    	    1.859205    
    2460354.    	    1.826548    
    2460355.    	    1.990506    
    2460356.    	    1.680457    
    2460357.    	    1.278555    
    2460358.    	    1.056044    
    2460359.    	   0.8693485    
    2460360.    	   0.8074059    
    2460361.    	   0.4321989    
    2460362.    	   0.1263180    
    2460363.    	   0.3434767    
    2460364.    	   0.3832943    
    2460365.    	   0.1288923    
    2460366.    	   0.1205040    
    2460367.    	   0.3419478    
    2460368.    	   0.7232702    
    2460369.    	    1.086380    
    2460370.    	    1.362494    
    2460371.    	    1.669548    
    2460372.    	    1.944223    
    2460373.    	    1.911654    
    2460374.    	    1.978185    
    2460375.    	    2.319246    
    2460376.    	    2.627191    
    2460377.    	    2.774424    
    2460378.    	    2.750957    
    2460379.    	    2.545770    
    2460380.    	    2.478542    
    2460381.    	    2.280490    
    2460382.    	    2.565116    
    2460383.    	    2.687213    
    2460384.    	    2.574488    
    2460385.    	    2.639280    
    2460386.    	    2.847465    
    2460387.    	    2.955466    
    2460388.    	    2.872938    
    2460389.    	    2.769336    
    2460390.    	    2.479101    
    2460391.    	    2.035785    
    2460392.    	    1.644346    
    2460393.    	    1.855080    
    2460394.    	    2.106309    
    2460395.    	    2.025473    
    2460396.    	    1.752003    
    2460397.    	    1.480745    
    2460398.    	    1.230311    
    2460399.    	    1.384019    
    2460400.    	    1.423622    
    2460401.    	    1.361106    
    2460402.    	    1.161220    
    2460403.    	    1.291088    
    2460404.    	    1.241587    
    2460405.    	    1.257280    
    2460406.    	    1.176569    
    2460407.    	    1.112506    
    2460408.    	    1.356990    
    2460409.    	    1.300598    
    2460410.    	    1.377124    
    2460411.    	    1.123292    
    2460412.    	   0.8293782    
    2460413.    	   0.7474391    
    2460414.    	   0.5535646    
    2460415.    	   0.5202667    
    2460416.    	   0.2704358    
    2460417.    	   0.1658196    
    2460418.    	   0.2786483    
    2460419.    	   0.4036995    
    2460420.    	   0.5429877    
    2460421.    	   0.8021914    
    2460422.    	   0.6019155    
    2460423.    	   0.4827683    
    2460424.    	   0.6449175    
    2460425.    	   0.7906067    
    2460426.    	   0.9100947    
    2460427.    	    1.144466    
    2460428.    	    1.431364    
    2460429.    	    1.457302    
    2460430.    	    1.322402    
    2460431.    	    1.374720    
    2460432.    	    1.290468    
    2460433.    	    1.130370    
    2460434.    	    1.040291    
    2460435.    	    1.179229    
    2460436.    	    1.264833    
    2460437.    	    1.027312    
    2460438.    	   0.6622261    
    2460439.    	   0.2209068    
    2460440.    	   0.1820717    
    2460441.    	   0.2293323    
    2460442.    	   0.5226046    
    2460443.    	   0.6376409    
    2460444.    	   0.8198847    
    2460445.    	   0.9706215    
    2460446.    	    1.107587    
    2460447.    	    1.133327    
    2460448.    	    1.253696    
    2460449.    	    1.330316    
    2460450.    	    1.425877    
    2460451.    	    1.565587    
    2460452.    	    1.743454    
    2460453.    	    1.690682    
    2460454.    	    1.718636    
    2460455.    	    1.670769    
    2460456.    	    1.583501    
    2460457.    	    1.690954    
    2460458.    	    1.609401    
    2460459.    	    1.456725    
    2460460.    	    1.425896    
    2460461.    	    1.330866    
    2460462.    	    1.077982    
    2460463.    	   0.8027521    
    2460464.    	   0.5294988    
    2460465.    	   0.4978071    
    2460466.    	   0.3160543    
    2460467.    	   6.8110861E-02
    2460468.    	   0.1709727    
    2460469.    	   0.2044315    
    2460470.    	   0.1914726    
    2460471.    	   0.3636346    
    2460472.    	   0.4371230    
    2460473.    	   0.6390616    
    2460474.    	   0.5344750    
    2460475.    	   0.3524396    
    2460476.    	   0.3066075    
    2460477.    	   0.4560070    
    2460478.    	   0.6784747    
    2460479.    	   0.8725095    
    2460480.    	   0.7521248    
    2460481.    	   0.6780037    
    2460482.    	   0.6741945    
    2460483.    	   0.7304249    
    2460484.    	   0.8560334    
    2460485.    	   0.9637163    
    2460486.    	    1.103472    
    2460487.    	    1.081446    
    2460488.    	    1.179340    
    2460489.    	    1.190536    
    2460490.    	    1.232340    
    2460491.    	    1.080580    
    2460492.    	   0.9407526    
    2460493.    	    1.315668    
    2460494.    	    1.455303    
    2460495.    	    1.589958    
    2460496.    	    1.466880    
    2460497.    	    1.178915    
    2460498.    	    1.128464    
    2460499.    	    1.100956    
    2460500.    	    1.012810    
    2460501.    	   0.7720982    
    2460502.    	   0.3541998    
    2460503.    	   0.5067436    
    2460504.    	   0.9590192    
    2460505.    	    1.260291    
    2460506.    	    1.172246    
    2460507.    	    1.097921    
    2460508.    	   0.9194914    
    2460509.    	   0.7509708    
    2460510.    	   0.9850825    
    2460511.    	   0.9585620    
    2460512.    	   0.9781853    
    2460513.    	   0.9117973    
    2460514.    	   0.7173695    
    2460515.    	   0.7144405    
    2460516.    	   0.7960033    
    2460517.    	   0.9297947    
    2460518.    	   0.8440276    
    2460519.    	   0.8352753    
    2460520.    	   0.6230454    
    2460521.    	   0.4209562    
    2460522.    	   0.8570402    
    2460523.    	    1.223449    
    2460524.    	    1.251508    
    2460525.    	    1.113320    
    2460526.    	   0.9964046    
    2460527.    	   0.8673047    
    2460528.    	   0.6826242    
    2460529.    	   0.7572846    
    2460530.    	   0.9819103    
    2460531.    	    1.165083    
    2460532.    	    1.115732    
    2460533.    	    1.096443    
    2460534.    	    1.167408    
    2460535.    	    1.329953    
    2460536.    	    1.409211    
    2460537.    	    1.612902    
    2460538.    	    1.410772    
    2460539.    	    1.634454    
    2460540.    	    1.921743    
    2460541.    	    1.821252    
    2460542.    	    1.714770    
    2460543.    	    1.920748    
    2460544.    	    1.652657    
    2460545.    	    1.389395    
    2460546.    	    1.161060    
    2460547.    	    1.108901    
    2460548.    	    1.278306    
    2460549.    	    1.111094    
    2460550.    	    1.068638    
    2460551.    	    1.047362    
    2460552.    	    1.015467    
    2460553.    	    1.117536    
    2460554.    	    1.075476    
    2460555.    	    1.374752    
    2460556.    	    1.471005    
    2460557.    	    1.160237    
    2460558.    	    1.260703    
    2460559.    	    1.419477    
    2460560.    	   0.9978600    
    2460561.    	   0.6866638    
    2460562.    	   0.6791616    
    2460563.    	   0.8337974    
    2460564.    	   0.9058169    
    2460565.    	   0.9128928    
    2460566.    	    1.144292    
    2460567.    	    1.601428    
    2460568.    	    1.998830    
    2460569.    	    2.122576    
    2460570.    	    2.178396    
    2460571.    	    1.876067    
    2460572.    	    1.699884    
    2460573.    	    1.595022    
    2460574.    	    1.517350    
    2460575.    	    1.373213    
    2460576.    	    1.126657    
    2460577.    	    1.051317    
    2460578.    	   0.9732116    
    2460579.    	   0.8046323    
    2460580.    	    1.010312    
    2460581.    	    1.262531    
    2460582.    	    1.562889    
    2460583.    	    1.770042    
    2460584.    	    1.623914    
    2460585.    	    1.227314    
    2460586.    	    1.041873    
    2460587.    	   0.9443591    
    2460588.    	    1.075616    
    2460589.    	   0.9743404    
    2460590.    	   0.8563969    
    2460591.    	   0.7262174    
    2460592.    	   0.7724330    
    2460593.    	   0.6806619    
    2460594.    	   0.7281673    
    2460595.    	   0.6907907    
    2460596.    	   0.6853756    
    2460597.    	   0.9291637    
    2460598.    	    1.320640    
    2460599.    	    1.463753    
    2460600.    	    1.602630    
    2460601.    	    1.869826    
    2460602.    	    2.121924    
    2460603.    	    2.328764    
    2460604.    	    2.276435    
    2460605.    	    2.210919    
    2460606.    	    2.350687    
    2460607.    	    2.549934    
    2460608.    	    2.762302    
    2460609.    	    2.665320    
    2460610.    	    2.410387    
    2460611.    	    2.096895    
    2460612.    	    1.756286    
    2460613.    	    1.475563    
    2460614.    	    1.805184    
    2460615.    	    1.765756    
    2460616.    	    1.752366    
    2460617.    	    1.526102    
    2460618.    	    1.532374    
    2460619.    	    1.449310    
    2460620.    	    1.622267    
    2460621.    	    1.855540    
    2460622.    	    1.747638    
    2460623.    	    1.576623    
    2460624.    	    1.541391    
    2460625.    	    1.479802    
    2460626.    	    1.235525    
    2460627.    	    1.021634    
    2460628.    	   0.9259987    
    2460629.    	    1.083586    
    2460630.    	    1.146925    
    2460631.    	    1.089468    
    2460632.    	    1.260338    
    2460633.    	    1.584354    
    2460634.    	    1.948220    
    2460635.    	    2.155927    
    2460636.    	    2.142761    
    2460637.    	    2.060590    
    2460638.    	    1.983966    
    2460639.    	    1.821560    
    2460640.    	    1.740821    
    2460641.    	    1.909838    
    2460642.    	    2.202585    
    2460643.    	    2.316314    
    2460644.    	    2.271806    
    2460645.    	    2.376640    
    2460646.    	    2.354904    
    2460647.    	    2.255436    
    2460648.    	    2.306014    
    2460649.    	    2.169892    
    2460650.    	    2.066784    
    2460651.    	    2.142867    
    2460652.    	    2.373442    
    2460653.    	    2.320853    
    2460654.    	    2.445513    
    2460655.    	    2.505721    
    2460656.    	    2.519104    
    2460657.    	    2.607870    
    2460658.    	    2.675623    
    2460659.    	    2.472492    
    2460660.    	    2.010444    
    2460661.    	    1.843544    
    2460662.    	    1.823746    
    2460663.    	    1.730096    
    2460664.    	    1.537526    
    2460665.    	    1.649821    
    2460666.    	    1.886732    
    2460667.    	    1.783096    
    2460668.    	    1.461311    
    2460669.    	    1.451785    
    2460670.    	    1.433982    
    2460671.    	    1.322630    
    2460672.    	    1.606394    
    2460673.    	    1.360064    
    2460674.    	    1.153694    
    2460675.    	    1.260451    
    2460676.    	    1.277817    
    2460677.    	    1.074151    
    2460678.    	   0.9971189    
    2460679.    	   0.7394468    
    2460680.    	   0.5712785    
    2460681.    	   0.5182638    
    2460682.    	   0.5710853    
    2460683.    	   0.9169678    
    2460684.    	    1.032066    
    2460685.    	    1.061111    
    2460686.    	    1.091956    
    2460687.    	    1.659833    
    2460688.    	    2.103316    
    2460689.    	    2.179077    
    2460690.    	    2.161630    
    2460691.    	    2.008338    
    2460692.    	    1.812784    
    2460693.    	    1.754522    
    2460694.    	    1.710888    
    2460695.    	    2.015415    
    2460696.    	    2.186355    
    2460697.    	    2.290436    
    2460698.    	    2.425756    
    2460699.    	    2.310037    
    2460700.    	    1.998404    
    2460701.    	    1.775406    
    2460702.    	    1.859161    
    2460703.    	    1.986675    
    2460704.    	    1.587265    
    2460705.    	    1.469094    
    2460706.    	    1.657945    
    2460707.    	    1.810066    
    2460708.    	    1.863904    
    2460709.    	    2.042414    
    2460710.    	    2.133913    
    2460711.    	    2.344705    
    2460712.    	    2.339236    
    2460713.    	    2.196186    
    2460714.    	    2.122384    
    2460715.    	    2.136891    
    2460716.    	    2.109221    
    2460717.    	    2.049029    
    2460718.    	    2.105478    
    2460719.    	    2.267239    
    2460720.    	    2.402750    
    2460721.    	    2.036616    
    2460722.    	    1.645176    
    2460723.    	    1.654600    
    2460724.    	    2.112315    
    2460725.    	    1.911544    
    2460726.    	    1.402753    
    2460727.    	    1.022419    
    2460728.    	    1.075577    
    2460729.    	   0.9386029    
    2460730.    	   0.7577111    
    2460731.    	   0.8700259    
    2460732.    	    1.100582    
    2460733.    	    1.143662    
    2460734.    	    1.150131    
    2460735.    	    1.061162    
    2460736.    	    1.524039    
    2460737.    	    1.631531    
    2460738.    	    1.692306    
    2460739.    	    1.895820    
    2460740.    	    2.102510    
    2460741.    	    2.039938    
    2460742.    	    2.008320    
    2460743.    	    2.036130    
    2460744.    	    2.130571    
    2460745.    	    2.388075    
    2460746.    	    2.117728    
    2460747.    	    1.678243    
    2460748.    	    1.637542    
    2460749.    	    1.598990    
    2460750.    	    1.335467    
    2460751.    	    1.036667    
    2460752.    	    1.219044    
    2460753.    	    1.180416    
    2460754.    	    1.164349    
    2460755.    	   0.8699514    
    2460756.    	   0.8944533    
    2460757.    	   0.9973797    
    2460758.    	    1.043822    
    2460759.    	   0.9452055    
    2460760.    	   0.7177280    
    2460761.    	   0.7626755    
    2460762.    	   0.7473957    
    2460763.    	   0.7433791    
    2460764.    	   0.6209458    
    2460765.    	   0.4978942    
    2460766.    	   0.5229380    
    2460767.    	   0.4475963    
    2460768.    	   0.3987807    
    2460769.    	   0.2118430    
    2460770.    	   0.1663111    
    2460771.    	   0.3246574    
    2460772.    	   0.4502073    
    2460773.    	   0.6908001    
    2460774.    	   0.7239665    
    2460775.    	   0.6494557    
    2460776.    	   0.4884376    
    2460777.    	   0.5806704    
    2460778.    	   0.1958178    
    2460779.    	   0.1207183    
    2460780.    	   0.3556354    
    2460781.    	   0.3058473    
    2460782.    	   0.4948458    
    2460783.    	   0.6449186    
    2460784.    	   0.8069520    
    2460785.    	   0.7976641    
    2460786.    	   0.8132820    
    2460787.    	   0.6970724    
    2460788.    	   0.9857782    
    2460789.    	    1.268140    
    2460790.    	    1.215856    
    2460791.    	    1.208883    
    2460792.    	    1.014100    
    2460793.    	   0.9650071    
    2460794.    	   0.9113571    
    2460795.    	    1.011102    
    2460796.    	    1.247491    
    2460797.    	    1.365578    
    2460798.    	    1.338142    
    2460799.    	    1.324447    
    2460800.    	    1.104774    
    2460801.    	   0.6418570    
    2460802.    	   1.6167760E-02
    2460803.    	   0.3653473    
    2460804.    	   0.6020222    
    2460805.    	   0.8437546    
    2460806.    	    1.082869    
    2460807.    	   0.8625669    
    2460808.    	   0.5323959    
    2460809.    	   0.4290354    
    2460810.    	   0.2794519    
    2460811.    	   0.4401556    
    2460812.    	   0.3195617    
    2460813.    	   0.2186328    
    2460814.    	   0.2303086    
    2460815.    	   0.4731447    
    2460816.    	   0.4171156    
    2460817.    	   0.5143554    
    2460818.    	    1.043449    
    2460819.    	    1.223254    
    2460820.    	    1.005702    
    2460821.    	   0.7642975    
    2460822.    	   0.5703297    
    2460823.    	   0.6188354    
    2460824.    	   0.8961703    
    2460825.    	   0.7285294    
    2460826.    	   0.5337284    
    2460827.    	   0.2557554    
    2460828.    	   0.2630667    
    2460829.    	   0.7217481    
    2460830.    	   0.9098307    
    2460831.    	    1.136079    
    2460832.    	    1.298118    
    2460833.    	    1.342239    
    2460834.    	    1.349530    
    2460835.    	    1.566983    
    2460836.    	    1.637498    
    2460837.    	    1.464322    
    2460838.    	    1.339331    
    2460839.    	    1.039760    
    2460840.    	   0.8553837    
    2460841.    	   0.8711160    
    2460842.    	   0.9152282    
    2460843.    	   0.7825459    
    2460844.    	   0.3354318    
    2460845.    	   0.2695070    
    2460846.    	   0.4080435    
    2460847.    	   0.3848889    
    2460848.    	   0.6210818    
    2460849.    	   0.7069654    
    2460850.    	   0.8247522    
    2460851.    	   0.8518628    
    2460852.    	   0.7237119    
    2460853.    	   0.6024196    
    2460854.    	   0.4875923    
    2460855.    	   0.3597801    
    2460856.    	   4.0591363E-02
    2460857.    	   0.3830397    
    2460858.    	   0.4515600    
    2460859.    	   0.5353433    
    2460860.    	   0.6495136    
    2460861.    	   0.3230365    
    2460862.    	   0.1674783    
    2460863.    	   0.2889364    
    2460864.    	   0.4178355    
    2460865.    	   0.3519454    
    2460866.    	   0.5890131    
    2460867.    	    1.021637    
    2460868.    	    1.359060    
    2460869.    	    1.275066    
    2460870.    	    1.172991    
    2460871.    	    1.331023    
    2460872.    	    1.558320    
    2460873.    	    1.617602    
    2460874.    	    1.409863    
    2460875.    	    1.594380    
    2460876.    	    1.763494    
    2460877.    	    1.467157    
    2460878.    	    1.382089    
    2460879.    	    1.835870    
    2460880.    	    2.009505    
    2460881.    	    1.783049    
    2460882.    	    1.530488    
    2460883.    	    1.560455    
    2460884.    	    1.458989    
    2460885.    	    1.344589    
    2460886.    	    1.273772    
    2460887.    	   0.9447410    
    2460888.    	   0.8936721    
    2460889.    	    1.075824    
    2460890.    	    1.308494    
    2460891.    	    1.237798    
    2460892.    	    1.360210    
    2460893.    	    1.258692    
    2460894.    	   0.9735897    
    2460895.    	    1.136486    
    2460896.    	    1.210593    
    2460897.    	   0.9371768    
    2460898.    	   0.6964764    
    2460899.    	   0.7896126    
    2460900.    	   0.9115832    
    2460901.    	    1.293025    
    2460902.    	    1.477084    
    2460903.    	    1.527573    
    2460904.    	    1.481767    
    2460905.    	    1.484830    
    2460906.    	    1.489219    
    2460907.    	    1.413603    
    2460908.    	    1.426193    
    2460909.    	    1.421691    
    2460910.    	    1.336303    
    2460911.    	    1.454859    
    2460912.    	    1.435141    
    2460913.    	    1.284588    
    2460914.    	   0.7237692    
    2460915.    	   0.6868400    
    2460916.    	   0.7267054    
    2460917.    	   0.5919412    
    2460918.    	   0.3684912    
    2460919.    	   0.2699728    
    2460920.    	   6.1388988E-02
    2460921.    	   0.4360247    
    2460922.    	   0.7703487    
    2460923.    	   0.8952217    
    2460924.    	   0.9916323    
    2460925.    	    1.359064    
    2460926.    	    1.482417    
    2460927.    	    1.293024    
    2460928.    	    1.073546    
    2460929.    	   0.8912875    
    2460930.    	   0.7167130    
    2460931.    	   0.4700256    
    2460932.    	   0.1813314    
    2460933.    	   0.3945084    
    2460934.    	   0.7892978    
    2460935.    	   0.8678092    
    2460936.    	   0.6371664    
    2460937.    	   0.7715431    
    2460938.    	   0.7141881    
    2460939.    	   0.5816447    
    2460940.    	   0.5138193    
    2460941.    	   0.3196906    
    2460942.    	   0.4708974    
    2460943.    	   0.6141707    
    2460944.    	   0.8007951    
    2460945.    	   0.5922460    
    2460946.    	   0.5323721    
    2460947.    	   0.7415609    
    2460948.    	   0.9343490    
    2460949.    	    1.138336    
    2460950.    	    1.273727    
    2460951.    	    1.180571    
    2460952.    	   0.9306841    
    2460953.    	   0.5330039    
    2460954.    	   0.1217960    
    2460955.    	   0.2665677    
    2460956.    	   0.3891591    
    2460957.    	   0.5347133    
    2460958.    	   0.6434286    
    2460959.    	   0.7477759    
    2460960.    	   0.8767501    
    2460961.    	    1.247993    
    2460962.    	    1.340979    
    2460963.    	    1.569044    
    2460964.    	    1.636333    
    2460965.    	    1.634484    
    2460966.    	    1.608639    
    2460967.    	    1.558258    
    2460968.    	    1.761017    
    2460969.    	    1.850554    
    2460970.    	    1.920621    
    2460971.    	    2.037945    
    2460972.    	    2.225634    
    2460973.    	    2.422133    
    2460974.    	    2.262118    
    2460975.    	    1.914161    
    2460976.    	    1.816060    
    2460977.    	    1.654571    
    2460978.    	    1.463937    
    2460979.    	    1.302122    
    2460980.    	    1.224960    
    2460981.    	    1.087855    
    2460982.    	    1.212495    
    2460983.    	    1.315478    
    2460984.    	    1.392857    
    2460985.    	    1.639072    
    2460986.    	    1.853596    
    2460987.    	    1.748999    
    2460988.    	    1.914845    
    2460989.    	    1.966286    
    2460990.    	    1.900448    
    2460991.    	    1.780068    
    2460992.    	    1.642482    
    2460993.    	    1.880562    
    2460994.    	    1.645937    
    2460995.    	    1.495912    
    2460996.    	    1.213684    
    2460997.    	    1.387679    
    2460998.    	    1.083409    
    2460999.    	   0.9668972    
    2461000.    	    1.081761    
    2461001.    	    1.402155    
    2461002.    	    1.539960    
    2461003.    	    1.900991    
    2461004.    	    2.176534    
    2461005.    	    2.270746    
    2461006.    	    2.462491    
    2461007.    	    2.588818    
    2461008.    	    2.725231    
    2461009.    	    2.832149    
    2461010.    	    2.959703    
    2461011.    	    2.946304    
    2461012.    	    2.487821    
    2461013.    	    2.069792    
    2461014.    	    2.010128    
    2461015.    	    1.643731    
    2461016.    	    1.066897    
    2461017.    	   0.4907342    
    2461018.    	   0.3511392    
    2461019.    	   0.2947499    
    2461020.    	   0.2595312    
    2461021.    	   0.1891121    
    2461022.    	   9.2365839E-02
    2461023.    	   0.1264907    
    2461024.    	   0.3735000    
    2461025.    	   0.8200328    
    2461026.    	    1.297227    
    2461027.    	    1.394220    
    2461028.    	    1.308921    
    2461029.    	   0.9777528    
    2461030.    	   0.6538568    
    2461031.    	   0.5951661    
    2461032.    	   0.4889497    
    2461033.    	   0.4715701    
    2461034.    	   0.4756246    
    2461035.    	   0.3978341    
    2461036.    	   0.1858705    
    2461037.    	   0.3548050    
    2461038.    	   0.1018029    
    2461039.    	   0.4525040    
    2461040.    	   0.9529177    
    2461041.    	    1.030523    
    2461042.    	   0.8423812    
    2461043.    	   0.4753862    
    2461044.    	   0.2637897    
    2461045.    	   0.3669267    
    2461046.    	   0.6376970    
    2461047.    	   0.7292926    
    2461048.    	   0.9683800    
    2461049.    	    1.140118    
    2461050.    	    1.166336    
    2461051.    	    1.307801    
    2461052.    	    1.505193    
    2461053.    	    1.528555    
    2461054.    	    1.758546    
    2461055.    	    2.050597    
    2461056.    	    2.439991    
    2461057.    	    2.675289    
    2461058.    	    2.569524    
    2461059.    	    2.484395    
    2461060.    	    2.331363    
    2461061.    	    2.383714    
    2461062.    	    1.886433    
    2461063.    	    1.599366    
    2461064.    	    1.869410    
    2461065.    	    2.374721    
    2461066.    	    2.308379    
    2461067.    	    2.106165    
    2461068.    	    1.872992    
    2461069.    	    1.429969    
    2461070.    	    1.217289    
    2461071.    	    1.245762    
    2461072.    	    1.270954    
    2461073.    	    1.200543    
    2461074.    	   0.9411001    
    2461075.    	   0.8184847    
    2461076.    	   0.9435788    
    2461077.    	   0.9690434    
    2461078.    	   0.9160594    
    2461079.    	   0.2920462    
    2461080.    	   0.4711622    
    2461081.    	    1.000358    
    2461082.    	    1.305443    
    2461083.    	    1.430087    
    2461084.    	    1.217747    
    2461085.    	    1.295998    
    2461086.    	    1.441039    
    2461087.    	    1.326753    
    2461088.    	    1.313146    
    2461089.    	    1.311614    
    2461090.    	    1.101313    
    2461091.    	   0.9481034    
    2461092.    	   0.7756181    
    2461093.    	   0.7701692    
    2461094.    	   0.6858591    
    2461095.    	   0.7824839    
    2461096.    	   0.7958351    
    2461097.    	   0.9449792    
    2461098.    	    1.036564    
    2461099.    	    1.097247    
    2461100.    	    1.000343    
    2461101.    	   0.9994419    
    2461102.    	    1.185785    
    2461103.    	    1.124673    
    2461104.    	    1.114033    
    2461105.    	    1.176245    
    2461106.    	    1.019991    
    2461107.    	   0.8249769    
    2461108.    	   0.7729076    
    2461109.    	   0.8321190    
    2461110.    	   0.9520711    
    2461111.    	    1.089149    
    2461112.    	   0.8262322    
    2461113.    	   0.6391425    
    2461114.    	    1.020295    
    2461115.    	    1.394281    
    2461116.    	    1.426479    
    2461117.    	    1.369946    
    2461118.    	    1.223531    
    2461119.    	   0.9201774    
    2461120.    	   0.7970725    
    2461121.    	    1.098389    
    2461122.    	    1.174277    
    2461123.    	    1.170302    
    2461124.    	   0.8188539    
    2461125.    	   0.7536232    
    2461126.    	   0.7615868    
    2461127.    	   0.6734720    
    2461128.    	   0.8176413    
    2461129.    	    1.369854    
    2461130.    	    1.650452    
    2461131.    	    1.788643    
    2461132.    	    1.545478    
    2461133.    	    1.308526    
    2461134.    	    1.055769    
    2461135.    	   0.7403021    
    2461136.    	   0.6678300    
    2461137.    	   0.5960591    
    2461138.    	   0.7433977    
    2461139.    	   0.7268510    
    2461140.    	    1.286280    
    2461141.    	    1.532774    
    2461142.    	    1.660528    
    2461143.    	    1.601773    
    2461144.    	    1.646029    
    2461145.    	    1.673474    
    2461146.    	    1.876024    
    2461147.    	    2.296141    
    2461148.    	    2.421794    
    2461149.    	    2.311093    
    2461150.    	    2.391241    
    2461151.    	    2.513341    
    2461152.    	    2.728002    
    2461153.    	    2.649184    
    2461154.    	    2.625476    
    2461155.    	    2.445838    
    2461156.    	    2.294681    
    2461157.    	    1.922613    
    2461158.    	    1.670398    
    2461159.    	    1.459865    
    2461160.    	    1.391722    
    2461161.    	    1.481508    
    2461162.    	    1.432755    
    2461163.    	    1.451554    
    2461164.    	    1.236242    
    2461165.    	    1.166393    
    2461166.    	    1.224523    
    2461167.    	    1.276108    
    2461168.    	    1.196675    
    2461169.    	    1.406796    
    2461170.    	    1.427277    
    2461171.    	    1.552107    
    2461172.    	    1.508965    
    2461173.    	    1.376567    
    2461174.    	    1.181679    
    2461175.    	    1.147898    
    2461176.    	   0.9599181    
    2461177.    	   0.8379877    
    2461178.    	   0.8505762    
    2461179.    	   0.9224388    
    2461180.    	   0.7957001    
    2461181.    	   0.6266642    
    2461182.    	   0.5691941    
    2461183.    	   0.4921587    
    2461184.    	   0.7673277    
    2461185.    	    1.207333    
    2461186.    	    1.528773    
    2461187.    	    1.782354    
    2461188.    	    2.050392    
    2461189.    	    2.531956    
    2461190.    	    2.729283    
    2461191.    	    2.684914    
    2461192.    	    2.451411    
    2461193.    	    2.618568    
    2461194.    	    2.776556    
    2461195.    	    2.542371    
    2461196.    	    2.599714    
    2461197.    	    2.464887    
    2461198.    	    2.544022    
    2461199.    	    2.361191    
    2461200.    	    1.916710    
    2461201.    	    1.513648    
    2461202.    	    1.421150    
    2461203.    	    1.522272    
    2461204.    	    1.988860    
    2461205.    	    2.147651    
    2461206.    	    1.952034    
    2461207.    	    1.853674    
    2461208.    	    1.569260    
    2461209.    	    1.472419    
    2461210.    	   0.9874865    
    2461211.    	   0.8815582    
    2461212.    	    1.106082    
    2461213.    	    1.152654    
    2461214.    	   0.8649141    
    2461215.    	   0.3585913    
    2461216.    	   0.1625288    
    2461217.    	   0.4438325    
    2461218.    	   0.3694854    
    2461219.    	   0.5454410    
    2461220.    	   0.7758552    
    2461221.    	   0.9361594    
    2461222.    	    1.177184    
    2461223.    	    1.165380    
    2461224.    	    1.297511    
    2461225.    	    1.400560    
    2461226.    	    1.431866    
    2461227.    	    1.441107    
    2461228.    	    1.311105    
    2461229.    	    1.602094    
    2461230.    	    1.658202    
    2461231.    	    1.802406    
    2461232.    	    2.153705    
    2461233.    	    2.106997    
    2461234.    	    1.978830    
    2461235.    	    1.962710    
    2461236.    	    2.072309    
    2461237.    	    2.253460    
    2461238.    	    2.009400    
    2461239.    	    2.070232    
    2461240.    	    1.924824    
    2461241.    	    2.007352    
    2461242.    	    1.914063    
    2461243.    	    2.254101    
    2461244.    	    2.262986    
    2461245.    	    2.185867    
