date,mm,src
2001-01-01,6.67,power
2001-01-02,2.18,power
2001-01-03,0.61,power
2001-01-04,0.18,power
2001-01-05,0.2,power
2001-01-06,0.03,power
2001-01-07,0.03,power
2001-01-08,0.08,power
2001-01-09,0.17,power
2001-01-10,0.12,power
2001-01-11,0.1,power
2001-01-12,0.21,power
2001-01-13,0.1,power
2001-01-14,0.22,power
2001-01-15,0.05,power
2001-01-16,0.02,power
2001-01-17,0.29,power
2001-01-18,1.44,power
2001-01-19,12.49,power
2001-01-20,4.04,power
2001-01-21,0.23,power
2001-01-22,0.36,power
2001-01-23,0.38,power
2001-01-24,0.07,power
2001-01-25,0.28,power
2001-01-26,0.09,power
2001-01-27,0.01,power
2001-01-28,0.02,power
2001-01-29,0.01,power
2001-01-30,0.01,power
2001-01-31,0.03,power
2001-02-01,0.04,power
2001-02-02,0.06,power
2001-02-03,0.04,power
2001-02-04,0.04,power
2001-02-05,0.01,power
2001-02-06,0.01,power
2001-02-07,0.08,power
2001-02-08,0.1,power
2001-02-09,0.12,power
2001-02-10,0.2,power
2001-02-11,0.08,power
2001-02-12,0.11,power
2001-02-13,0.2,power
2001-02-14,0.11,power
2001-02-15,0.15,power
2001-02-16,0.16,power
2001-02-17,0.14,power
2001-02-18,0.34,power
2001-02-19,0.15,power
2001-02-20,0.12,power
2001-02-21,0.11,power
2001-02-22,0.06,power
2001-02-23,0.09,power
2001-02-24,0.17,power
2001-02-25,0.3,power
2001-02-26,0.4,power
2001-02-27,0.18,power
2001-02-28,0.03,power
2001-03-01,0.15,power
2001-03-02,0.01,power
2001-03-03,0.01,power
2001-03-04,0.01,power
2001-03-05,0.1,power
2001-03-06,0.38,power
2001-03-07,0.5,power
2001-03-08,0.19,power
2001-03-09,0.35,power
2001-03-10,0.06,power
2001-03-11,0.04,power
2001-03-12,0.01,power
2001-03-13,0.04,power
2001-03-14,0.06,power
2001-03-15,0.03,power
2001-03-16,0.18,power
2001-03-17,0.08,power
2001-03-18,0.05,power
2001-03-19,0.03,power
2001-03-20,0.4,power
2001-03-21,0.45,power
2001-03-22,0.93,power
2001-03-23,0.19,power
2001-03-24,0.3,power
2001-03-25,0.27,power
2001-03-26,1.82,power
2001-03-27,1.31,power
2001-03-28,0.38,power
2001-03-29,0.13,power
2001-03-30,0.11,power
2001-03-31,7.25,power
2001-04-01,1.81,power
2001-04-02,0.08,power
2001-04-03,0.21,power
2001-04-04,0.21,power
2001-04-05,0.3,power
2001-04-06,0.16,power
2001-04-07,0.81,power
2001-04-08,1.33,power
2001-04-09,0.36,power
2001-04-10,0.23,power
2001-04-11,0.76,power
2001-04-12,0.55,power
2001-04-13,1.08,power
2001-04-14,0.36,power
2001-04-15,1.69,power
2001-04-16,1.15,power
2001-04-17,1.03,power
2001-04-18,5.8,power
2001-04-19,0.81,power
2001-04-20,0.8,power
2001-04-21,0.39,power
2001-04-22,0.2,power
2001-04-23,0.09,power
2001-04-24,0.18,power
2001-04-25,0.09,power
2001-04-26,0.27,power
2001-04-27,0.78,power
2001-04-28,1.1,power
2001-04-29,3.09,power
2001-04-30,1.09,power
2001-05-01,0.43,power
2001-05-02,0.16,power
2001-05-03,1.34,power
2001-05-04,0.62,power
2001-05-05,0.18,power
2001-05-06,3.16,power
2001-05-07,1.75,power
2001-05-08,0.25,power
2001-05-09,2.4,power
2001-05-10,0.28,power
2001-05-11,1.36,power
2001-05-12,2.69,power
2001-05-13,8.06,power
2001-05-14,21.75,power
2001-05-15,12.68,power
2001-05-16,9.13,power
2001-05-17,1.34,power
2001-05-18,3.62,power
2001-05-19,3.63,power
2001-05-20,7.54,power
2001-05-21,3.67,power
2001-05-22,6.59,power
2001-05-23,4.22,power
2001-05-24,4.9,power
2001-05-25,1.81,power
2001-05-26,0.38,power
2001-05-27,1.25,power
2001-05-28,0.97,power
2001-05-29,2.1,power
2001-05-30,6.32,power
2001-05-31,9.13,power
2001-06-01,3.91,power
2001-06-02,2.82,power
2001-06-03,4.43,power
2001-06-04,2.69,power
2001-06-05,7.28,power
2001-06-06,8.85,power
2001-06-07,18.59,power
2001-06-08,22.64,power
2001-06-09,16.5,power
2001-06-10,6.54,power
2001-06-11,10.15,power
2001-06-12,3.54,power
2001-06-13,5.23,power
2001-06-14,6.16,power
2001-06-15,0.77,power
2001-06-16,1.09,power
2001-06-17,0.85,power
2001-06-18,2.18,power
2001-06-19,1.98,power
2001-06-20,5.57,power
2001-06-21,4.59,power
2001-06-22,3.96,power
2001-06-23,6.55,power
2001-06-24,6.56,power
2001-06-25,4.33,power
2001-06-26,3.4,power
2001-06-27,3.53,power
2001-06-28,6.53,power
2001-06-29,11.86,power
2001-06-30,6.33,power
2001-07-01,13.2,power
2001-07-02,1.81,power
2001-07-03,1.03,power
2001-07-04,1.84,power
2001-07-05,4.74,power
2001-07-06,8.79,power
2001-07-07,13.95,power
2001-07-08,26.72,power
2001-07-09,9.46,power
2001-07-10,8.13,power
2001-07-11,5.05,power
2001-07-12,5.87,power
2001-07-13,5.24,power
2001-07-14,4.35,power
2001-07-15,3.6,power
2001-07-16,7.88,power
2001-07-17,7.28,power
2001-07-18,14.48,power
2001-07-19,13.48,power
2001-07-20,11.54,power
2001-07-21,11.2,power
2001-07-22,6.73,power
2001-07-23,6.87,power
2001-07-24,13.96,power
2001-07-25,7.74,power
2001-07-26,6.41,power
2001-07-27,5.02,power
2001-07-28,8.98,power
2001-07-29,4.11,power
2001-07-30,5.33,power
2001-07-31,3.22,power
2001-08-01,5.17,power
2001-08-02,4.71,power
2001-08-03,8.51,power
2001-08-04,16.38,power
2001-08-05,7.43,power
2001-08-06,12.28,power
2001-08-07,6.58,power
2001-08-08,6.76,power
2001-08-09,8.07,power
2001-08-10,12.18,power
2001-08-11,4.9,power
2001-08-12,7.29,power
2001-08-13,11.15,power
2001-08-14,3.79,power
2001-08-15,5.99,power
2001-08-16,6.06,power
2001-08-17,2.66,power
2001-08-18,2.3,power
2001-08-19,3.58,power
2001-08-20,9.78,power
2001-08-21,9.5,power
2001-08-22,2.98,power
2001-08-23,5.74,power
2001-08-24,11.52,power
2001-08-25,16.45,power
2001-08-26,5.36,power
2001-08-27,7.18,power
2001-08-28,8.99,power
2001-08-29,10.54,power
2001-08-30,12.46,power
2001-08-31,15.61,power
2001-09-01,17.28,power
2001-09-02,6.9,power
2001-09-03,2.41,power
2001-09-04,3.97,power
2001-09-05,8.18,power
2001-09-06,3.09,power
2001-09-07,3.12,power
2001-09-08,8.31,power
2001-09-09,16.73,power
2001-09-10,5.53,power
2001-09-11,6.03,power
2001-09-12,6.4,power
2001-09-13,8.16,power
2001-09-14,8.75,power
2001-09-15,6.09,power
2001-09-16,3.94,power
2001-09-17,6.62,power
2001-09-18,17.36,power
2001-09-19,16.16,power
2001-09-20,2.9,power
2001-09-21,13.83,power
2001-09-22,27.31,power
2001-09-23,5.75,power
2001-09-24,13.3,power
2001-09-25,7.43,power
2001-09-26,7.79,power
2001-09-27,27.05,power
2001-09-28,29.57,power
2001-09-29,28.96,power
2001-09-30,2.76,power
2001-10-01,3.01,power
2001-10-02,4.03,power
2001-10-03,7.71,power
2001-10-04,6.63,power
2001-10-05,6.32,power
2001-10-06,11.58,power
2001-10-07,3.3,power
2001-10-08,2.14,power
2001-10-09,5.0,power
2001-10-10,1.44,power
2001-10-11,3.16,power
2001-10-12,1.22,power
2001-10-13,3.24,power
2001-10-14,9.29,power
2001-10-15,4.72,power
2001-10-16,6.63,power
2001-10-17,25.06,power
2001-10-18,17.56,power
2001-10-19,1.88,power
2001-10-20,1.67,power
2001-10-21,6.0,power
2001-10-22,8.32,power
2001-10-23,15.29,power
2001-10-24,16.13,power
2001-10-25,4.31,power
2001-10-26,11.66,power
2001-10-27,16.7,power
2001-10-28,19.59,power
2001-10-29,15.58,power
2001-10-30,32.94,power
2001-10-31,83.67,power
2001-11-01,8.01,power
2001-11-02,1.69,power
2001-11-03,2.49,power
2001-11-04,3.37,power
2001-11-05,0.37,power
2001-11-06,1.67,power
2001-11-07,4.0,power
2001-11-08,3.86,power
2001-11-09,3.14,power
2001-11-10,3.28,power
2001-11-11,1.96,power
2001-11-12,5.94,power
2001-11-13,8.54,power
2001-11-14,10.29,power
2001-11-15,12.72,power
2001-11-16,6.31,power
2001-11-17,8.39,power
2001-11-18,10.64,power
2001-11-19,6.67,power
2001-11-20,7.24,power
2001-11-21,13.76,power
2001-11-22,11.45,power
2001-11-23,15.49,power
2001-11-24,7.81,power
2001-11-25,18.38,power
2001-11-26,22.95,power
2001-11-27,3.73,power
2001-11-28,4.42,power
2001-11-29,2.25,power
2001-11-30,0.21,power
2001-12-01,0.01,power
2001-12-02,0.01,power
2001-12-03,0.03,power
2001-12-04,1.15,power
2001-12-05,1.13,power
2001-12-06,4.44,power
2001-12-07,14.26,power
2001-12-08,8.29,power
2001-12-09,9.48,power
2001-12-10,12.21,power
2001-12-11,5.3,power
2001-12-12,3.01,power
2001-12-13,3.43,power
2001-12-14,7.21,power
2001-12-15,7.86,power
2001-12-16,0.86,power
2001-12-17,1.03,power
2001-12-18,4.42,power
2001-12-19,7.23,power
2001-12-20,2.81,power
2001-12-21,5.79,power
2001-12-22,6.75,power
2001-12-23,11.53,power
2001-12-24,5.42,power
2001-12-25,12.03,power
2001-12-26,19.22,power
2001-12-27,4.7,power
2001-12-28,0.99,power
2001-12-29,1.92,power
2001-12-30,6.6,power
2001-12-31,1.91,power
2002-01-01,1.49,power
2002-01-02,0.27,power
2002-01-03,0.41,power
2002-01-04,1.31,power
2002-01-05,0.33,power
2002-01-06,0.66,power
2002-01-07,1.09,power
2002-01-08,2.64,power
2002-01-09,2.98,power
2002-01-10,0.54,power
2002-01-11,0.03,power
2002-01-12,0.14,power
2002-01-13,0.02,power
2002-01-14,0.06,power
2002-01-15,0.18,power
2002-01-16,0.32,power
2002-01-17,0.24,power
2002-01-18,0.23,power
2002-01-19,0.04,power
2002-01-20,0.08,power
2002-01-21,0.03,power
2002-01-22,0.08,power
2002-01-23,0.12,power
2002-01-24,0.09,power
2002-01-25,0.0,power
2002-01-26,0.05,power
2002-01-27,0.15,power
2002-01-28,0.13,power
2002-01-29,0.18,power
2002-01-30,0.21,power
2002-01-31,0.39,power
2002-02-01,0.57,power
2002-02-02,0.25,power
2002-02-03,0.19,power
2002-02-04,0.23,power
2002-02-05,0.03,power
2002-02-06,0.03,power
2002-02-07,0.14,power
2002-02-08,0.12,power
2002-02-09,0.14,power
2002-02-10,0.64,power
2002-02-11,0.16,power
2002-02-12,0.09,power
2002-02-13,0.14,power
2002-02-14,0.15,power
2002-02-15,0.01,power
2002-02-16,0.01,power
2002-02-17,0.01,power
2002-02-18,0.01,power
2002-02-19,0.04,power
2002-02-20,0.17,power
2002-02-21,0.16,power
2002-02-22,0.06,power
2002-02-23,0.29,power
2002-02-24,0.32,power
2002-02-25,0.05,power
2002-02-26,0.02,power
2002-02-27,0.02,power
2002-02-28,0.03,power
2002-03-01,0.02,power
2002-03-02,0.11,power
2002-03-03,0.07,power
2002-03-04,0.09,power
2002-03-05,0.09,power
2002-03-06,0.06,power
2002-03-07,0.01,power
2002-03-08,0.01,power
2002-03-09,0.02,power
2002-03-10,0.03,power
2002-03-11,0.04,power
2002-03-12,0.12,power
2002-03-13,0.13,power
2002-03-14,0.09,power
2002-03-15,0.23,power
2002-03-16,0.24,power
2002-03-17,0.35,power
2002-03-18,0.34,power
2002-03-19,0.33,power
2002-03-20,1.6,power
2002-03-21,8.86,power
2002-03-22,0.36,power
2002-03-23,0.24,power
2002-03-24,0.13,power
2002-03-25,0.04,power
2002-03-26,0.04,power
2002-03-27,0.2,power
2002-03-28,0.24,power
2002-03-29,0.03,power
2002-03-30,0.17,power
2002-03-31,0.17,power
2002-04-01,0.06,power
2002-04-02,0.18,power
2002-04-03,0.33,power
2002-04-04,0.31,power
2002-04-05,0.16,power
2002-04-06,0.15,power
2002-04-07,0.11,power
2002-04-08,0.16,power
2002-04-09,0.24,power
2002-04-10,2.07,power
2002-04-11,0.45,power
2002-04-12,0.08,power
2002-04-13,0.26,power
2002-04-14,0.07,power
2002-04-15,0.18,power
2002-04-16,0.77,power
2002-04-17,5.27,power
2002-04-18,5.62,power
2002-04-19,29.83,power
2002-04-20,3.61,power
2002-04-21,1.21,power
2002-04-22,1.65,power
2002-04-23,5.06,power
2002-04-24,2.82,power
2002-04-25,10.12,power
2002-04-26,14.73,power
2002-04-27,4.93,power
2002-04-28,0.36,power
2002-04-29,0.26,power
2002-04-30,0.55,power
2002-05-01,0.34,power
2002-05-02,0.84,power
2002-05-03,3.96,power
2002-05-04,1.82,power
2002-05-05,2.24,power
2002-05-06,3.65,power
2002-05-07,1.86,power
2002-05-08,1.79,power
2002-05-09,2.81,power
2002-05-10,3.38,power
2002-05-11,1.04,power
2002-05-12,0.9,power
2002-05-13,0.97,power
2002-05-14,0.72,power
2002-05-15,2.43,power
2002-05-16,7.05,power
2002-05-17,13.73,power
2002-05-18,7.62,power
2002-05-19,4.85,power
2002-05-20,6.28,power
2002-05-21,13.32,power
2002-05-22,12.97,power
2002-05-23,3.56,power
2002-05-24,11.47,power
2002-05-25,26.22,power
2002-05-26,17.89,power
2002-05-27,6.06,power
2002-05-28,9.39,power
2002-05-29,13.88,power
2002-05-30,8.3,power
2002-05-31,1.48,power
2002-06-01,9.38,power
2002-06-02,20.55,power
2002-06-03,8.87,power
2002-06-04,7.92,power
2002-06-05,8.16,power
2002-06-06,7.59,power
2002-06-07,9.89,power
2002-06-08,2.77,power
2002-06-09,6.48,power
2002-06-10,11.61,power
2002-06-11,7.21,power
2002-06-12,4.3,power
2002-06-13,3.38,power
2002-06-14,5.12,power
2002-06-15,5.23,power
2002-06-16,13.83,power
2002-06-17,10.87,power
2002-06-18,3.52,power
2002-06-19,4.09,power
2002-06-20,16.55,power
2002-06-21,12.29,power
2002-06-22,5.18,power
2002-06-23,9.92,power
2002-06-24,5.21,power
2002-06-25,3.86,power
2002-06-26,7.03,power
2002-06-27,2.12,power
2002-06-28,2.16,power
2002-06-29,2.95,power
2002-06-30,6.59,power
2002-07-01,6.83,power
2002-07-02,7.65,power
2002-07-03,6.35,power
2002-07-04,16.23,power
2002-07-05,14.97,power
2002-07-06,5.78,power
2002-07-07,8.4,power
2002-07-08,5.62,power
2002-07-09,6.56,power
2002-07-10,13.19,power
2002-07-11,5.46,power
2002-07-12,5.17,power
2002-07-13,4.72,power
2002-07-14,9.93,power
2002-07-15,12.38,power
2002-07-16,8.98,power
2002-07-17,10.97,power
2002-07-18,8.28,power
2002-07-19,5.58,power
2002-07-20,7.28,power
2002-07-21,4.4,power
2002-07-22,2.7,power
2002-07-23,0.53,power
2002-07-24,4.42,power
2002-07-25,14.23,power
2002-07-26,6.21,power
2002-07-27,5.83,power
2002-07-28,7.15,power
2002-07-29,13.22,power
2002-07-30,20.34,power
2002-07-31,8.68,power
2002-08-01,13.79,power
2002-08-02,6.16,power
2002-08-03,5.05,power
2002-08-04,3.53,power
2002-08-05,3.13,power
2002-08-06,3.93,power
2002-08-07,7.46,power
2002-08-08,3.14,power
2002-08-09,0.98,power
2002-08-10,2.67,power
2002-08-11,1.71,power
2002-08-12,1.37,power
2002-08-13,1.87,power
2002-08-14,4.28,power
2002-08-15,2.82,power
2002-08-16,2.33,power
2002-08-17,2.04,power
2002-08-18,4.14,power
2002-08-19,7.52,power
2002-08-20,3.49,power
2002-08-21,5.78,power
2002-08-22,7.81,power
2002-08-23,5.63,power
2002-08-24,14.51,power
2002-08-25,33.44,power
2002-08-26,16.75,power
2002-08-27,37.8,power
2002-08-28,14.65,power
2002-08-29,42.67,power
2002-08-30,13.41,power
2002-08-31,5.4,power
2002-09-01,21.06,power
2002-09-02,14.54,power
2002-09-03,3.85,power
2002-09-04,6.96,power
2002-09-05,4.74,power
2002-09-06,7.48,power
2002-09-07,8.96,power
2002-09-08,11.7,power
2002-09-09,6.58,power
2002-09-10,11.05,power
2002-09-11,7.68,power
2002-09-12,7.23,power
2002-09-13,9.02,power
2002-09-14,19.19,power
2002-09-15,19.41,power
2002-09-16,11.68,power
2002-09-17,7.78,power
2002-09-18,5.31,power
2002-09-19,9.85,power
2002-09-20,5.96,power
2002-09-21,3.29,power
2002-09-22,16.22,power
2002-09-23,10.33,power
2002-09-24,5.94,power
2002-09-25,18.32,power
2002-09-26,5.7,power
2002-09-27,2.54,power
2002-09-28,2.09,power
2002-09-29,6.33,power
2002-09-30,2.4,power
2002-10-01,2.18,power
2002-10-02,3.69,power
2002-10-03,3.33,power
2002-10-04,3.2,power
2002-10-05,4.1,power
2002-10-06,6.71,power
2002-10-07,5.6,power
2002-10-08,2.46,power
2002-10-09,2.56,power
2002-10-10,8.88,power
2002-10-11,3.6,power
2002-10-12,13.03,power
2002-10-13,2.03,power
2002-10-14,1.43,power
2002-10-15,2.55,power
2002-10-16,6.06,power
2002-10-17,15.27,power
2002-10-18,2.83,power
2002-10-19,2.6,power
2002-10-20,3.47,power
2002-10-21,8.02,power
2002-10-22,1.44,power
2002-10-23,2.95,power
2002-10-24,12.21,power
2002-10-25,5.45,power
2002-10-26,12.66,power
2002-10-27,10.38,power
2002-10-28,30.85,power
2002-10-29,20.3,power
2002-10-30,14.54,power
2002-10-31,11.83,power
2002-11-01,5.53,power
2002-11-02,7.08,power
2002-11-03,13.51,power
2002-11-04,8.77,power
2002-11-05,17.07,power
2002-11-06,19.41,power
2002-11-07,4.88,power
2002-11-08,15.48,power
2002-11-09,9.24,power
2002-11-10,3.5,power
2002-11-11,7.2,power
2002-11-12,9.11,power
2002-11-13,12.51,power
2002-11-14,4.49,power
2002-11-15,2.22,power
2002-11-16,7.47,power
2002-11-17,26.03,power
2002-11-18,9.0,power
2002-11-19,3.45,power
2002-11-20,3.74,power
2002-11-21,9.98,power
2002-11-22,3.17,power
2002-11-23,3.84,power
2002-11-24,1.72,power
2002-11-25,0.69,power
2002-11-26,0.84,power
2002-11-27,1.31,power
2002-11-28,1.27,power
2002-11-29,3.38,power
2002-11-30,6.23,power
2002-12-01,2.98,power
2002-12-02,0.37,power
2002-12-03,0.12,power
2002-12-04,0.45,power
2002-12-05,0.49,power
2002-12-06,0.66,power
2002-12-07,0.41,power
2002-12-08,0.17,power
2002-12-09,0.24,power
2002-12-10,0.34,power
2002-12-11,0.41,power
2002-12-12,6.24,power
2002-12-13,0.23,power
2002-12-14,0.52,power
2002-12-15,0.7,power
2002-12-16,1.65,power
2002-12-17,5.21,power
2002-12-18,0.84,power
2002-12-19,0.18,power
2002-12-20,1.4,power
2002-12-21,1.29,power
2002-12-22,0.12,power
2002-12-23,0.26,power
2002-12-24,1.1,power
2002-12-25,0.22,power
2002-12-26,0.18,power
2002-12-27,0.3,power
2002-12-28,0.27,power
2002-12-29,0.3,power
2002-12-30,0.1,power
2002-12-31,0.08,power
2003-01-01,0.03,power
2003-01-02,0.06,power
2003-01-03,0.05,power
2003-01-04,0.04,power
2003-01-05,0.1,power
2003-01-06,0.14,power
2003-01-07,0.12,power
2003-01-08,0.07,power
2003-01-09,0.08,power
2003-01-10,0.14,power
2003-01-11,0.2,power
2003-01-12,0.19,power
2003-01-13,0.16,power
2003-01-14,0.13,power
2003-01-15,0.04,power
2003-01-16,0.04,power
2003-01-17,0.08,power
2003-01-18,0.05,power
2003-01-19,0.06,power
2003-01-20,0.06,power
2003-01-21,0.4,power
2003-01-22,0.4,power
2003-01-23,0.23,power
2003-01-24,0.15,power
2003-01-25,0.51,power
2003-01-26,0.06,power
2003-01-27,0.07,power
2003-01-28,0.04,power
2003-01-29,0.07,power
2003-01-30,0.1,power
2003-01-31,0.4,power
2003-02-01,0.23,power
2003-02-02,0.19,power
2003-02-03,0.12,power
2003-02-04,0.18,power
2003-02-05,0.11,power
2003-02-06,0.09,power
2003-02-07,0.06,power
2003-02-08,0.13,power
2003-02-09,0.2,power
2003-02-10,0.24,power
2003-02-11,0.24,power
2003-02-12,0.21,power
2003-02-13,0.1,power
2003-02-14,0.1,power
2003-02-15,0.12,power
2003-02-16,0.09,power
2003-02-17,0.13,power
2003-02-18,0.15,power
2003-02-19,0.85,power
2003-02-20,0.25,power
2003-02-21,0.19,power
2003-02-22,0.01,power
2003-02-23,0.0,power
2003-02-24,0.02,power
2003-02-25,0.1,power
2003-02-26,0.13,power
2003-02-27,0.04,power
2003-02-28,0.13,power
2003-03-01,0.06,power
2003-03-02,0.09,power
2003-03-03,0.12,power
2003-03-04,0.1,power
2003-03-05,0.12,power
2003-03-06,0.12,power
2003-03-07,0.04,power
2003-03-08,0.07,power
2003-03-09,0.04,power
2003-03-10,0.07,power
2003-03-11,0.09,power
2003-03-12,0.56,power
2003-03-13,0.95,power
2003-03-14,2.21,power
2003-03-15,0.45,power
2003-03-16,1.34,power
2003-03-17,3.49,power
2003-03-18,0.3,power
2003-03-19,0.98,power
2003-03-20,1.92,power
2003-03-21,2.18,power
2003-03-22,0.1,power
2003-03-23,0.44,power
2003-03-24,0.02,power
2003-03-25,0.12,power
2003-03-26,0.02,power
2003-03-27,0.26,power
2003-03-28,0.01,power
2003-03-29,0.01,power
2003-03-30,0.23,power
2003-03-31,0.18,power
2003-04-01,1.38,power
2003-04-02,0.1,power
2003-04-03,0.16,power
2003-04-04,0.16,power
2003-04-05,0.45,power
2003-04-06,0.81,power
2003-04-07,0.82,power
2003-04-08,0.91,power
2003-04-09,2.09,power
2003-04-10,0.48,power
2003-04-11,0.12,power
2003-04-12,0.03,power
2003-04-13,3.83,power
2003-04-14,1.83,power
2003-04-15,0.47,power
2003-04-16,0.18,power
2003-04-17,0.06,power
2003-04-18,0.02,power
2003-04-19,0.0,power
2003-04-20,0.1,power
2003-04-21,1.68,power
2003-04-22,0.83,power
2003-04-23,0.49,power
2003-04-24,0.73,power
2003-04-25,4.7,power
2003-04-26,12.17,power
2003-04-27,32.74,power
2003-04-28,8.54,power
2003-04-29,10.11,power
2003-04-30,4.82,power
2003-05-01,8.75,power
2003-05-02,8.4,power
2003-05-03,7.89,power
2003-05-04,7.72,power
2003-05-05,11.52,power
2003-05-06,11.52,power
2003-05-07,8.47,power
2003-05-08,17.13,power
2003-05-09,5.25,power
2003-05-10,5.32,power
2003-05-11,7.16,power
2003-05-12,5.81,power
2003-05-13,4.54,power
2003-05-14,6.38,power
2003-05-15,7.09,power
2003-05-16,10.76,power
2003-05-17,16.32,power
2003-05-18,20.05,power
2003-05-19,8.8,power
2003-05-20,4.1,power
2003-05-21,4.79,power
2003-05-22,3.42,power
2003-05-23,6.23,power
2003-05-24,4.5,power
2003-05-25,9.06,power
2003-05-26,7.11,power
2003-05-27,3.11,power
2003-05-28,6.32,power
2003-05-29,3.56,power
2003-05-30,3.57,power
2003-05-31,5.01,power
2003-06-01,9.26,power
2003-06-02,6.58,power
2003-06-03,7.42,power
2003-06-04,17.8,power
2003-06-05,2.73,power
2003-06-06,2.43,power
2003-06-07,2.65,power
2003-06-08,1.62,power
2003-06-09,2.27,power
2003-06-10,1.69,power
2003-06-11,3.32,power
2003-06-12,1.31,power
2003-06-13,2.47,power
2003-06-14,1.03,power
2003-06-15,1.38,power
2003-06-16,3.41,power
2003-06-17,2.09,power
2003-06-18,3.39,power
2003-06-19,1.84,power
2003-06-20,2.33,power
2003-06-21,5.91,power
2003-06-22,10.4,power
2003-06-23,7.23,power
2003-06-24,2.11,power
2003-06-25,1.55,power
2003-06-26,1.84,power
2003-06-27,0.79,power
2003-06-28,1.97,power
2003-06-29,6.56,power
2003-06-30,8.49,power
2003-07-01,5.84,power
2003-07-02,2.87,power
2003-07-03,4.28,power
2003-07-04,4.03,power
2003-07-05,3.5,power
2003-07-06,2.1,power
2003-07-07,1.52,power
2003-07-08,2.12,power
2003-07-09,1.85,power
2003-07-10,2.73,power
2003-07-11,5.01,power
2003-07-12,9.57,power
2003-07-13,2.46,power
2003-07-14,2.75,power
2003-07-15,2.65,power
2003-07-16,1.93,power
2003-07-17,1.59,power
2003-07-18,1.37,power
2003-07-19,2.19,power
2003-07-20,4.5,power
2003-07-21,2.38,power
2003-07-22,2.44,power
2003-07-23,2.09,power
2003-07-24,2.75,power
2003-07-25,1.99,power
2003-07-26,6.21,power
2003-07-27,9.82,power
2003-07-28,1.18,power
2003-07-29,1.79,power
2003-07-30,1.95,power
2003-07-31,1.31,power
2003-08-01,1.44,power
2003-08-02,3.23,power
2003-08-03,4.02,power
2003-08-04,1.71,power
2003-08-05,2.22,power
2003-08-06,2.58,power
2003-08-07,2.63,power
2003-08-08,3.79,power
2003-08-09,6.71,power
2003-08-10,3.21,power
2003-08-11,0.91,power
2003-08-12,1.47,power
2003-08-13,3.31,power
2003-08-14,10.03,power
2003-08-15,6.39,power
2003-08-16,3.19,power
2003-08-17,3.14,power
2003-08-18,2.93,power
2003-08-19,2.0,power
2003-08-20,1.64,power
2003-08-21,3.09,power
2003-08-22,4.1,power
2003-08-23,3.65,power
2003-08-24,1.83,power
2003-08-25,1.49,power
2003-08-26,1.41,power
2003-08-27,3.33,power
2003-08-28,0.82,power
2003-08-29,4.9,power
2003-08-30,7.65,power
2003-08-31,8.38,power
2003-09-01,2.74,power
2003-09-02,3.33,power
2003-09-03,4.43,power
2003-09-04,2.88,power
2003-09-05,3.52,power
2003-09-06,2.75,power
2003-09-07,2.24,power
2003-09-08,2.46,power
2003-09-09,4.21,power
2003-09-10,4.74,power
2003-09-11,4.23,power
2003-09-12,4.04,power
2003-09-13,11.91,power
2003-09-14,6.2,power
2003-09-15,4.66,power
2003-09-16,8.74,power
2003-09-17,25.11,power
2003-09-18,7.23,power
2003-09-19,3.83,power
2003-09-20,6.73,power
2003-09-21,3.62,power
2003-09-22,4.49,power
2003-09-23,19.06,power
2003-09-24,16.6,power
2003-09-25,3.53,power
2003-09-26,4.77,power
2003-09-27,5.78,power
2003-09-28,9.38,power
2003-09-29,12.55,power
2003-09-30,2.46,power
2003-10-01,4.39,power
2003-10-02,5.43,power
2003-10-03,1.78,power
2003-10-04,3.12,power
2003-10-05,3.65,power
2003-10-06,6.5,power
2003-10-07,13.4,power
2003-10-08,6.92,power
2003-10-09,8.24,power
2003-10-10,9.6,power
2003-10-11,20.65,power
2003-10-12,5.0,power
2003-10-13,6.74,power
2003-10-14,23.1,power
2003-10-15,17.52,power
2003-10-16,8.55,power
2003-10-17,3.13,power
2003-10-18,4.69,power
2003-10-19,10.23,power
2003-10-20,5.82,power
2003-10-21,3.02,power
2003-10-22,4.49,power
2003-10-23,6.57,power
2003-10-24,6.92,power
2003-10-25,3.67,power
2003-10-26,6.38,power
2003-10-27,18.6,power
2003-10-28,4.76,power
2003-10-29,11.32,power
2003-10-30,7.45,power
2003-10-31,4.31,power
2003-11-01,10.15,power
2003-11-02,1.57,power
2003-11-03,4.39,power
2003-11-04,0.99,power
2003-11-05,2.47,power
2003-11-06,5.67,power
2003-11-07,10.66,power
2003-11-08,4.04,power
2003-11-09,4.97,power
2003-11-10,7.18,power
2003-11-11,18.94,power
2003-11-12,7.3,power
2003-11-13,5.63,power
2003-11-14,9.19,power
2003-11-15,4.61,power
2003-11-16,8.93,power
2003-11-17,4.63,power
2003-11-18,1.93,power
2003-11-19,1.77,power
2003-11-20,2.54,power
2003-11-21,3.42,power
2003-11-22,6.96,power
2003-11-23,19.49,power
2003-11-24,9.31,power
2003-11-25,6.45,power
2003-11-26,4.79,power
2003-11-27,7.19,power
2003-11-28,18.27,power
2003-11-29,13.12,power
2003-11-30,9.15,power
2003-12-01,19.78,power
2003-12-02,8.56,power
2003-12-03,7.56,power
2003-12-04,7.1,power
2003-12-05,3.31,power
2003-12-06,9.95,power
2003-12-07,10.1,power
2003-12-08,4.26,power
2003-12-09,2.44,power
2003-12-10,4.94,power
2003-12-11,8.91,power
2003-12-12,4.42,power
2003-12-13,4.16,power
2003-12-14,8.19,power
2003-12-15,15.63,power
2003-12-16,2.48,power
2003-12-17,0.88,power
2003-12-18,0.97,power
2003-12-19,1.52,power
2003-12-20,2.3,power
2003-12-21,1.57,power
2003-12-22,1.67,power
2003-12-23,1.12,power
2003-12-24,1.03,power
2003-12-25,0.66,power
2003-12-26,0.72,power
2003-12-27,2.91,power
2003-12-28,1.54,power
2003-12-29,0.85,power
2003-12-30,0.82,power
2003-12-31,0.39,power
2004-01-01,0.17,power
2004-01-02,0.23,power
2004-01-03,0.13,power
2004-01-04,0.17,power
2004-01-05,0.12,power
2004-01-06,0.15,power
2004-01-07,0.41,power
2004-01-08,0.35,power
2004-01-09,0.32,power
2004-01-10,0.21,power
2004-01-11,0.17,power
2004-01-12,0.23,power
2004-01-13,0.15,power
2004-01-14,0.12,power
2004-01-15,0.11,power
2004-01-16,0.02,power
2004-01-17,0.01,power
2004-01-18,0.01,power
2004-01-19,0.0,power
2004-01-20,0.02,power
2004-01-21,0.17,power
2004-01-22,1.6,power
2004-01-23,0.22,power
2004-01-24,0.17,power
2004-01-25,0.03,power
2004-01-26,0.01,power
2004-01-27,0.01,power
2004-01-28,0.01,power
2004-01-29,0.01,power
2004-01-30,0.01,power
2004-01-31,0.01,power
2004-02-01,0.01,power
2004-02-02,0.03,power
2004-02-03,0.07,power
2004-02-04,0.09,power
2004-02-05,0.02,power
2004-02-06,0.03,power
2004-02-07,0.04,power
2004-02-08,0.08,power
2004-02-09,0.12,power
2004-02-10,0.23,power
2004-02-11,0.07,power
2004-02-12,0.07,power
2004-02-13,0.3,power
2004-02-14,0.23,power
2004-02-15,0.34,power
2004-02-16,0.1,power
2004-02-17,0.37,power
2004-02-18,0.83,power
2004-02-19,0.18,power
2004-02-20,0.11,power
2004-02-21,0.19,power
2004-02-22,0.55,power
2004-02-23,0.53,power
2004-02-24,0.35,power
2004-02-25,3.97,power
2004-02-26,3.52,power
2004-02-27,0.25,power
2004-02-28,3.49,power
2004-02-29,3.01,power
2004-03-01,0.58,power
2004-03-02,0.09,power
2004-03-03,0.08,power
2004-03-04,0.09,power
2004-03-05,0.1,power
2004-03-06,0.3,power
2004-03-07,0.47,power
2004-03-08,0.45,power
2004-03-09,0.16,power
2004-03-10,0.1,power
2004-03-11,0.95,power
2004-03-12,0.34,power
2004-03-13,0.3,power
2004-03-14,0.22,power
2004-03-15,0.35,power
2004-03-16,3.39,power
2004-03-17,1.27,power
2004-03-18,2.04,power
2004-03-19,3.92,power
2004-03-20,0.88,power
2004-03-21,1.23,power
2004-03-22,3.97,power
2004-03-23,0.79,power
2004-03-24,1.03,power
2004-03-25,1.81,power
2004-03-26,1.14,power
2004-03-27,0.82,power
2004-03-28,0.13,power
2004-03-29,1.05,power
2004-03-30,0.33,power
2004-03-31,0.79,power
2004-04-01,0.07,power
2004-04-02,0.77,power
2004-04-03,0.33,power
2004-04-04,7.59,power
2004-04-05,0.42,power
2004-04-06,0.56,power
2004-04-07,1.28,power
2004-04-08,0.89,power
2004-04-09,4.83,power
2004-04-10,2.83,power
2004-04-11,5.38,power
2004-04-12,0.72,power
2004-04-13,6.24,power
2004-04-14,5.83,power
2004-04-15,3.05,power
2004-04-16,4.51,power
2004-04-17,0.67,power
2004-04-18,0.65,power
2004-04-19,10.68,power
2004-04-20,15.83,power
2004-04-21,3.2,power
2004-04-22,1.75,power
2004-04-23,0.45,power
2004-04-24,0.91,power
2004-04-25,2.58,power
2004-04-26,14.05,power
2004-04-27,5.11,power
2004-04-28,4.96,power
2004-04-29,14.71,power
2004-04-30,15.59,power
2004-05-01,8.5,power
2004-05-02,7.2,power
2004-05-03,5.83,power
2004-05-04,9.7,power
2004-05-05,19.35,power
2004-05-06,7.3,power
2004-05-07,7.99,power
2004-05-08,29.1,power
2004-05-09,15.38,power
2004-05-10,24.7,power
2004-05-11,10.27,power
2004-05-12,4.26,power
2004-05-13,11.71,power
2004-05-14,10.99,power
2004-05-15,23.31,power
2004-05-16,1.74,power
2004-05-17,2.21,power
2004-05-18,3.4,power
2004-05-19,9.26,power
2004-05-20,3.52,power
2004-05-21,1.73,power
2004-05-22,2.76,power
2004-05-23,5.82,power
2004-05-24,0.86,power
2004-05-25,4.2,power
2004-05-26,3.9,power
2004-05-27,10.4,power
2004-05-28,6.09,power
2004-05-29,5.53,power
2004-05-30,1.02,power
2004-05-31,3.14,power
2004-06-01,5.09,power
2004-06-02,16.48,power
2004-06-03,6.05,power
2004-06-04,5.49,power
2004-06-05,7.88,power
2004-06-06,13.62,power
2004-06-07,6.4,power
2004-06-08,10.12,power
2004-06-09,14.94,power
2004-06-10,0.41,power
2004-06-11,0.28,power
2004-06-12,0.26,power
2004-06-13,0.42,power
2004-06-14,1.93,power
2004-06-15,9.02,power
2004-06-16,16.67,power
2004-06-17,26.93,power
2004-06-18,11.12,power
2004-06-19,9.32,power
2004-06-20,4.2,power
2004-06-21,1.53,power
2004-06-22,1.88,power
2004-06-23,3.4,power
2004-06-24,9.42,power
2004-06-25,12.21,power
2004-06-26,5.23,power
2004-06-27,6.5,power
2004-06-28,14.13,power
2004-06-29,32.2,power
2004-06-30,30.96,power
2004-07-01,38.74,power
2004-07-02,15.79,power
2004-07-03,9.48,power
2004-07-04,11.91,power
2004-07-05,2.33,power
2004-07-06,2.4,power
2004-07-07,1.95,power
2004-07-08,0.87,power
2004-07-09,1.65,power
2004-07-10,4.1,power
2004-07-11,9.82,power
2004-07-12,21.6,power
2004-07-13,5.82,power
2004-07-14,3.95,power
2004-07-15,1.26,power
2004-07-16,0.71,power
2004-07-17,2.35,power
2004-07-18,0.95,power
2004-07-19,5.48,power
2004-07-20,32.5,power
2004-07-21,6.97,power
2004-07-22,10.66,power
2004-07-23,18.21,power
2004-07-24,4.88,power
2004-07-25,1.05,power
2004-07-26,2.58,power
2004-07-27,1.22,power
2004-07-28,1.83,power
2004-07-29,0.31,power
2004-07-30,0.06,power
2004-07-31,0.18,power
2004-08-01,0.18,power
2004-08-02,0.29,power
2004-08-03,1.3,power
2004-08-04,9.45,power
2004-08-05,7.46,power
2004-08-06,2.96,power
2004-08-07,2.76,power
2004-08-08,2.64,power
2004-08-09,2.82,power
2004-08-10,4.94,power
2004-08-11,6.09,power
2004-08-12,3.64,power
2004-08-13,2.27,power
2004-08-14,5.49,power
2004-08-15,28.82,power
2004-08-16,4.42,power
2004-08-17,9.87,power
2004-08-18,2.65,power
2004-08-19,3.74,power
2004-08-20,4.96,power
2004-08-21,2.57,power
2004-08-22,3.35,power
2004-08-23,1.26,power
2004-08-24,1.92,power
2004-08-25,1.28,power
2004-08-26,1.91,power
2004-08-27,1.88,power
2004-08-28,1.55,power
2004-08-29,7.45,power
2004-08-30,1.23,power
2004-08-31,2.01,power
2004-09-01,1.23,power
2004-09-02,0.58,power
2004-09-03,3.41,power
2004-09-04,7.37,power
2004-09-05,2.91,power
2004-09-06,18.72,power
2004-09-07,10.74,power
2004-09-08,21.38,power
2004-09-09,9.39,power
2004-09-10,2.96,power
2004-09-11,1.86,power
2004-09-12,0.53,power
2004-09-13,0.61,power
2004-09-14,0.51,power
2004-09-15,0.95,power
2004-09-16,0.59,power
2004-09-17,2.0,power
2004-09-18,2.88,power
2004-09-19,1.85,power
2004-09-20,3.0,power
2004-09-21,3.36,power
2004-09-22,7.27,power
2004-09-23,0.97,power
2004-09-24,0.56,power
2004-09-25,0.86,power
2004-09-26,0.94,power
2004-09-27,4.0,power
2004-09-28,12.14,power
2004-09-29,19.39,power
2004-09-30,36.86,power
2004-10-01,9.66,power
2004-10-02,5.12,power
2004-10-03,4.04,power
2004-10-04,2.02,power
2004-10-05,1.48,power
2004-10-06,3.69,power
2004-10-07,1.76,power
2004-10-08,1.68,power
2004-10-09,0.34,power
2004-10-10,0.85,power
2004-10-11,1.52,power
2004-10-12,3.1,power
2004-10-13,3.32,power
2004-10-14,7.94,power
2004-10-15,8.44,power
2004-10-16,9.03,power
2004-10-17,24.83,power
2004-10-18,7.61,power
2004-10-19,7.13,power
2004-10-20,8.87,power
2004-10-21,27.67,power
2004-10-22,9.57,power
2004-10-23,1.23,power
2004-10-24,0.23,power
2004-10-25,0.3,power
2004-10-26,0.82,power
2004-10-27,1.29,power
2004-10-28,3.88,power
2004-10-29,1.53,power
2004-10-30,2.19,power
2004-10-31,6.71,power
2004-11-01,1.34,power
2004-11-02,7.51,power
2004-11-03,5.99,power
2004-11-04,11.79,power
2004-11-05,18.47,power
2004-11-06,14.93,power
2004-11-07,30.08,power
2004-11-08,56.34,power
2004-11-09,66.71,power
2004-11-10,22.45,power
2004-11-11,3.76,power
2004-11-12,0.21,power
2004-11-13,0.16,power
2004-11-14,5.03,power
2004-11-15,9.91,power
2004-11-16,20.75,power
2004-11-17,10.15,power
2004-11-18,6.69,power
2004-11-19,15.36,power
2004-11-20,6.24,power
2004-11-21,7.54,power
2004-11-22,11.63,power
2004-11-23,15.35,power
2004-11-24,4.64,power
2004-11-25,7.26,power
2004-11-26,18.81,power
2004-11-27,4.02,power
2004-11-28,1.5,power
2004-11-29,1.17,power
2004-11-30,0.92,power
2004-12-01,1.51,power
2004-12-02,0.72,power
2004-12-03,0.51,power
2004-12-04,2.38,power
2004-12-05,6.47,power
2004-12-06,15.51,power
2004-12-07,18.66,power
2004-12-08,22.91,power
2004-12-09,10.14,power
2004-12-10,9.02,power
2004-12-11,1.11,power
2004-12-12,16.0,power
2004-12-13,10.84,power
2004-12-14,5.84,power
2004-12-15,2.03,power
2004-12-16,6.12,power
2004-12-17,1.29,power
2004-12-18,0.36,power
2004-12-19,0.45,power
2004-12-20,2.76,power
2004-12-21,0.44,power
2004-12-22,1.14,power
2004-12-23,0.9,power
2004-12-24,0.17,power
2004-12-25,0.18,power
2004-12-26,0.27,power
2004-12-27,0.27,power
2004-12-28,0.38,power
2004-12-29,0.73,power
2004-12-30,0.54,power
2004-12-31,0.69,power
2005-01-01,1.21,power
2005-01-02,1.07,power
2005-01-03,0.41,power
2005-01-04,0.21,power
2005-01-05,0.43,power
2005-01-06,0.12,power
2005-01-07,0.3,power
2005-01-08,0.86,power
2005-01-09,1.49,power
2005-01-10,1.48,power
2005-01-11,2.31,power
2005-01-12,4.34,power
2005-01-13,1.39,power
2005-01-14,1.98,power
2005-01-15,3.59,power
2005-01-16,9.21,power
2005-01-17,7.13,power
2005-01-18,4.4,power
2005-01-19,2.13,power
2005-01-20,2.6,power
2005-01-21,0.2,power
2005-01-22,0.06,power
2005-01-23,0.12,power
2005-01-24,0.38,power
2005-01-25,0.23,power
2005-01-26,0.04,power
2005-01-27,0.2,power
2005-01-28,0.12,power
2005-01-29,0.08,power
2005-01-30,0.12,power
2005-01-31,0.09,power
2005-02-01,0.04,power
2005-02-02,0.03,power
2005-02-03,0.05,power
2005-02-04,0.09,power
2005-02-05,0.17,power
2005-02-06,0.04,power
2005-02-07,0.22,power
2005-02-08,0.08,power
2005-02-09,0.2,power
2005-02-10,0.38,power
2005-02-11,0.38,power
2005-02-12,0.36,power
2005-02-13,0.3,power
2005-02-14,0.17,power
2005-02-15,0.32,power
2005-02-16,0.23,power
2005-02-17,0.08,power
2005-02-18,0.21,power
2005-02-19,0.24,power
2005-02-20,0.08,power
2005-02-21,0.07,power
2005-02-22,0.04,power
2005-02-23,0.13,power
2005-02-24,0.01,power
2005-02-25,0.01,power
2005-02-26,0.0,power
2005-02-27,0.01,power
2005-02-28,0.0,power
2005-03-01,0.01,power
2005-03-02,0.28,power
2005-03-03,0.1,power
2005-03-04,0.25,power
2005-03-05,0.03,power
2005-03-06,0.31,power
2005-03-07,0.15,power
2005-03-08,1.23,power
2005-03-09,0.2,power
2005-03-10,0.69,power
2005-03-11,0.78,power
2005-03-12,0.08,power
2005-03-13,0.04,power
2005-03-14,0.05,power
2005-03-15,0.26,power
2005-03-16,0.04,power
2005-03-17,0.04,power
2005-03-18,0.04,power
2005-03-19,0.2,power
2005-03-20,0.21,power
2005-03-21,0.25,power
2005-03-22,0.33,power
2005-03-23,1.05,power
2005-03-24,0.23,power
2005-03-25,0.43,power
2005-03-26,1.67,power
2005-03-27,5.17,power
2005-03-28,10.73,power
2005-03-29,0.24,power
2005-03-30,0.51,power
2005-03-31,4.37,power
2005-04-01,0.17,power
2005-04-02,0.04,power
2005-04-03,0.08,power
2005-04-04,0.36,power
2005-04-05,0.64,power
2005-04-06,5.86,power
2005-04-07,11.71,power
2005-04-08,10.21,power
2005-04-09,1.7,power
2005-04-10,2.63,power
2005-04-11,1.38,power
2005-04-12,2.4,power
2005-04-13,0.12,power
2005-04-14,2.98,power
2005-04-15,1.79,power
2005-04-16,1.83,power
2005-04-17,1.79,power
2005-04-18,1.02,power
2005-04-19,0.17,power
2005-04-20,0.42,power
2005-04-21,0.19,power
2005-04-22,0.01,power
2005-04-23,1.08,power
2005-04-24,0.18,power
2005-04-25,0.0,power
2005-04-26,0.0,power
2005-04-27,0.85,power
2005-04-28,18.33,power
2005-04-29,1.47,power
2005-04-30,1.41,power
2005-05-01,17.91,power
2005-05-02,34.92,power
2005-05-03,6.13,power
2005-05-04,3.41,power
2005-05-05,6.15,power
2005-05-06,2.71,power
2005-05-07,5.48,power
2005-05-08,8.34,power
2005-05-09,3.19,power
2005-05-10,4.51,power
2005-05-11,13.96,power
2005-05-12,14.2,power
2005-05-13,13.83,power
2005-05-14,19.5,power
2005-05-15,25.05,power
2005-05-16,8.56,power
2005-05-17,5.46,power
2005-05-18,6.41,power
2005-05-19,3.71,power
2005-05-20,2.02,power
2005-05-21,2.29,power
2005-05-22,4.54,power
2005-05-23,17.75,power
2005-05-24,5.51,power
2005-05-25,0.9,power
2005-05-26,1.5,power
2005-05-27,4.66,power
2005-05-28,3.29,power
2005-05-29,1.41,power
2005-05-30,6.65,power
2005-05-31,34.04,power
2005-06-01,17.01,power
2005-06-02,27.19,power
2005-06-03,12.08,power
2005-06-04,46.09,power
2005-06-05,44.23,power
2005-06-06,15.79,power
2005-06-07,17.98,power
2005-06-08,6.11,power
2005-06-09,4.95,power
2005-06-10,5.12,power
2005-06-11,8.28,power
2005-06-12,5.23,power
2005-06-13,8.34,power
2005-06-14,5.74,power
2005-06-15,2.69,power
2005-06-16,2.58,power
2005-06-17,5.54,power
2005-06-18,2.1,power
2005-06-19,10.76,power
2005-06-20,20.59,power
2005-06-21,16.04,power
2005-06-22,11.19,power
2005-06-23,6.27,power
2005-06-24,7.34,power
2005-06-25,5.01,power
2005-06-26,3.2,power
2005-06-27,4.77,power
2005-06-28,8.8,power
2005-06-29,15.95,power
2005-06-30,4.65,power
2005-07-01,4.39,power
2005-07-02,2.63,power
2005-07-03,1.51,power
2005-07-04,3.52,power
2005-07-05,2.7,power
2005-07-06,6.53,power
2005-07-07,13.49,power
2005-07-08,1.66,power
2005-07-09,2.23,power
2005-07-10,10.06,power
2005-07-11,14.5,power
2005-07-12,12.85,power
2005-07-13,32.98,power
2005-07-14,18.08,power
2005-07-15,16.44,power
2005-07-16,4.08,power
2005-07-17,6.54,power
2005-07-18,11.21,power
2005-07-19,11.09,power
2005-07-20,25.18,power
2005-07-21,2.21,power
2005-07-22,4.59,power
2005-07-23,4.26,power
2005-07-24,6.38,power
2005-07-25,6.52,power
2005-07-26,3.39,power
2005-07-27,5.88,power
2005-07-28,4.31,power
2005-07-29,5.82,power
2005-07-30,6.65,power
2005-07-31,6.78,power
2005-08-01,11.77,power
2005-08-02,12.87,power
2005-08-03,12.66,power
2005-08-04,13.11,power
2005-08-05,10.96,power
2005-08-06,8.26,power
2005-08-07,12.7,power
2005-08-08,19.56,power
2005-08-09,21.51,power
2005-08-10,15.13,power
2005-08-11,8.53,power
2005-08-12,18.64,power
2005-08-13,19.48,power
2005-08-14,8.39,power
2005-08-15,12.42,power
2005-08-16,11.62,power
2005-08-17,14.81,power
2005-08-18,6.44,power
2005-08-19,8.31,power
2005-08-20,23.73,power
2005-08-21,13.99,power
2005-08-22,15.32,power
2005-08-23,6.97,power
2005-08-24,11.65,power
2005-08-25,5.1,power
2005-08-26,2.43,power
2005-08-27,4.39,power
2005-08-28,3.58,power
2005-08-29,1.04,power
2005-08-30,3.2,power
2005-08-31,1.96,power
2005-09-01,3.26,power
2005-09-02,3.55,power
2005-09-03,1.57,power
2005-09-04,0.75,power
2005-09-05,2.17,power
2005-09-06,3.4,power
2005-09-07,4.05,power
2005-09-08,5.29,power
2005-09-09,12.84,power
2005-09-10,12.81,power
2005-09-11,6.03,power
2005-09-12,5.29,power
2005-09-13,5.34,power
2005-09-14,7.33,power
2005-09-15,11.18,power
2005-09-16,6.06,power
2005-09-17,13.25,power
2005-09-18,15.69,power
2005-09-19,12.61,power
2005-09-20,5.38,power
2005-09-21,16.92,power
2005-09-22,15.69,power
2005-09-23,33.76,power
2005-09-24,4.56,power
2005-09-25,2.37,power
2005-09-26,3.61,power
2005-09-27,7.27,power
2005-09-28,18.85,power
2005-09-29,19.91,power
2005-09-30,10.41,power
2005-10-01,8.84,power
2005-10-02,12.56,power
2005-10-03,1.43,power
2005-10-04,1.56,power
2005-10-05,5.1,power
2005-10-06,4.28,power
2005-10-07,5.58,power
2005-10-08,14.54,power
2005-10-09,22.62,power
2005-10-10,7.19,power
2005-10-11,12.02,power
2005-10-12,5.06,power
2005-10-13,0.97,power
2005-10-14,1.95,power
2005-10-15,2.59,power
2005-10-16,1.52,power
2005-10-17,5.04,power
2005-10-18,10.12,power
2005-10-19,4.8,power
2005-10-20,4.51,power
2005-10-21,10.32,power
2005-10-22,27.14,power
2005-10-23,3.07,power
2005-10-24,4.91,power
2005-10-25,7.89,power
2005-10-26,7.24,power
2005-10-27,10.54,power
2005-10-28,12.53,power
2005-10-29,5.05,power
2005-10-30,5.16,power
2005-10-31,6.75,power
2005-11-01,6.35,power
2005-11-02,1.6,power
2005-11-03,2.67,power
2005-11-04,1.64,power
2005-11-05,2.12,power
2005-11-06,2.89,power
2005-11-07,12.27,power
2005-11-08,6.61,power
2005-11-09,4.19,power
2005-11-10,8.1,power
2005-11-11,14.37,power
2005-11-12,15.88,power
2005-11-13,8.06,power
2005-11-14,7.52,power
2005-11-15,10.01,power
2005-11-16,10.2,power
2005-11-17,4.48,power
2005-11-18,3.4,power
2005-11-19,5.09,power
2005-11-20,3.45,power
2005-11-21,3.17,power
2005-11-22,12.64,power
2005-11-23,14.06,power
2005-11-24,3.07,power
2005-11-25,4.68,power
2005-11-26,5.9,power
2005-11-27,3.88,power
2005-11-28,0.14,power
2005-11-29,0.2,power
2005-11-30,0.13,power
2005-12-01,0.18,power
2005-12-02,0.27,power
2005-12-03,0.1,power
2005-12-04,0.06,power
2005-12-05,0.18,power
2005-12-06,0.81,power
2005-12-07,1.36,power
2005-12-08,2.0,power
2005-12-09,3.65,power
2005-12-10,14.86,power
2005-12-11,2.39,power
2005-12-12,5.02,power
2005-12-13,12.85,power
2005-12-14,1.44,power
2005-12-15,0.5,power
2005-12-16,0.16,power
2005-12-17,0.06,power
2005-12-18,0.32,power
2005-12-19,0.14,power
2005-12-20,0.04,power
2005-12-21,0.05,power
2005-12-22,0.21,power
2005-12-23,0.41,power
2005-12-24,0.43,power
2005-12-25,0.69,power
2005-12-26,3.08,power
2005-12-27,6.17,power
2005-12-28,11.83,power
2005-12-29,0.74,power
2005-12-30,0.12,power
2005-12-31,0.36,power
2006-01-01,4.53,power
2006-01-02,12.82,power
2006-01-03,4.0,power
2006-01-04,2.88,power
2006-01-05,6.08,power
2006-01-06,3.86,power
2006-01-07,0.97,power
2006-01-08,3.04,power
2006-01-09,1.07,power
2006-01-10,0.57,power
2006-01-11,0.52,power
2006-01-12,0.52,power
2006-01-13,0.72,power
2006-01-14,1.01,power
2006-01-15,3.6,power
2006-01-16,1.75,power
2006-01-17,0.8,power
2006-01-18,0.9,power
2006-01-19,0.59,power
2006-01-20,0.52,power
2006-01-21,0.11,power
2006-01-22,1.18,power
2006-01-23,1.05,power
2006-01-24,0.29,power
2006-01-25,0.29,power
2006-01-26,0.95,power
2006-01-27,0.88,power
2006-01-28,0.29,power
2006-01-29,0.3,power
2006-01-30,0.92,power
2006-01-31,1.79,power
2006-02-01,3.81,power
2006-02-02,0.12,power
2006-02-03,1.83,power
2006-02-04,3.02,power
2006-02-05,10.85,power
2006-02-06,0.23,power
2006-02-07,0.4,power
2006-02-08,0.12,power
2006-02-09,0.17,power
2006-02-10,0.04,power
2006-02-11,0.06,power
2006-02-12,0.06,power
2006-02-13,0.04,power
2006-02-14,0.27,power
2006-02-15,0.07,power
2006-02-16,0.07,power
2006-02-17,0.14,power
2006-02-18,0.14,power
2006-02-19,0.08,power
2006-02-20,0.08,power
2006-02-21,0.08,power
2006-02-22,0.07,power
2006-02-23,0.07,power
2006-02-24,0.17,power
2006-02-25,0.04,power
2006-02-26,0.04,power
2006-02-27,0.05,power
2006-02-28,0.04,power
2006-03-01,0.08,power
2006-03-02,0.34,power
2006-03-03,3.29,power
2006-03-04,0.1,power
2006-03-05,0.22,power
2006-03-06,0.22,power
2006-03-07,0.2,power
2006-03-08,0.17,power
2006-03-09,0.09,power
2006-03-10,0.1,power
2006-03-11,0.12,power
2006-03-12,0.11,power
2006-03-13,0.05,power
2006-03-14,0.05,power
2006-03-15,0.14,power
2006-03-16,0.17,power
2006-03-17,0.24,power
2006-03-18,0.17,power
2006-03-19,0.07,power
2006-03-20,0.07,power
2006-03-21,0.54,power
2006-03-22,0.2,power
2006-03-23,6.13,power
2006-03-24,8.25,power
2006-03-25,1.36,power
2006-03-26,0.14,power
2006-03-27,0.63,power
2006-03-28,3.39,power
2006-03-29,2.15,power
2006-03-30,1.72,power
2006-03-31,0.23,power
2006-04-01,0.06,power
2006-04-02,0.02,power
2006-04-03,0.01,power
2006-04-04,0.0,power
2006-04-05,0.07,power
2006-04-06,0.37,power
2006-04-07,0.24,power
2006-04-08,1.23,power
2006-04-09,4.18,power
2006-04-10,9.87,power
2006-04-11,0.91,power
2006-04-12,0.17,power
2006-04-13,0.24,power
2006-04-14,0.52,power
2006-04-15,0.0,power
2006-04-16,0.0,power
2006-04-17,0.06,power
2006-04-18,0.89,power
2006-04-19,3.18,power
2006-04-20,9.05,power
2006-04-21,4.97,power
2006-04-22,8.75,power
2006-04-23,29.99,power
2006-04-24,4.0,power
2006-04-25,6.5,power
2006-04-26,10.78,power
2006-04-27,1.67,power
2006-04-28,2.71,power
2006-04-29,0.29,power
2006-04-30,0.2,power
2006-05-01,0.01,power
2006-05-02,0.05,power
2006-05-03,0.42,power
2006-05-04,4.86,power
2006-05-05,3.5,power
2006-05-06,12.65,power
2006-05-07,29.27,power
2006-05-08,6.8,power
2006-05-09,10.96,power
2006-05-10,7.49,power
2006-05-11,27.85,power
2006-05-12,13.04,power
2006-05-13,14.31,power
2006-05-14,9.8,power
2006-05-15,25.2,power
2006-05-16,12.64,power
2006-05-17,29.17,power
2006-05-18,7.36,power
2006-05-19,10.03,power
2006-05-20,17.82,power
2006-05-21,4.4,power
2006-05-22,2.76,power
2006-05-23,2.8,power
2006-05-24,3.64,power
2006-05-25,3.8,power
2006-05-26,2.14,power
2006-05-27,3.74,power
2006-05-28,4.81,power
2006-05-29,8.39,power
2006-05-30,4.66,power
2006-05-31,7.16,power
2006-06-01,4.9,power
2006-06-02,5.4,power
2006-06-03,8.47,power
2006-06-04,7.57,power
2006-06-05,16.49,power
2006-06-06,17.85,power
2006-06-07,14.8,power
2006-06-08,20.26,power
2006-06-09,53.85,power
2006-06-10,52.6,power
2006-06-11,7.42,power
2006-06-12,3.87,power
2006-06-13,17.47,power
2006-06-14,13.63,power
2006-06-15,0.33,power
2006-06-16,1.0,power
2006-06-17,0.61,power
2006-06-18,0.54,power
2006-06-19,4.12,power
2006-06-20,18.14,power
2006-06-21,9.38,power
2006-06-22,12.27,power
2006-06-23,13.23,power
2006-06-24,5.38,power
2006-06-25,3.31,power
2006-06-26,1.91,power
2006-06-27,2.17,power
2006-06-28,1.86,power
2006-06-29,2.14,power
2006-06-30,2.22,power
2006-07-01,1.73,power
2006-07-02,3.19,power
2006-07-03,3.58,power
2006-07-04,6.62,power
2006-07-05,4.29,power
2006-07-06,2.03,power
2006-07-07,4.54,power
2006-07-08,2.25,power
2006-07-09,4.28,power
2006-07-10,7.59,power
2006-07-11,7.27,power
2006-07-12,17.07,power
2006-07-13,32.57,power
2006-07-14,6.65,power
2006-07-15,5.27,power
2006-07-16,8.62,power
2006-07-17,16.23,power
2006-07-18,4.38,power
2006-07-19,7.91,power
2006-07-20,9.47,power
2006-07-21,18.74,power
2006-07-22,15.32,power
2006-07-23,28.57,power
2006-07-24,9.03,power
2006-07-25,8.14,power
2006-07-26,17.3,power
2006-07-27,10.07,power
2006-07-28,8.78,power
2006-07-29,5.86,power
2006-07-30,3.28,power
2006-07-31,1.09,power
2006-08-01,3.73,power
2006-08-02,5.04,power
2006-08-03,3.42,power
2006-08-04,9.05,power
2006-08-05,4.6,power
2006-08-06,4.98,power
2006-08-07,5.95,power
2006-08-08,4.15,power
2006-08-09,8.7,power
2006-08-10,14.99,power
2006-08-11,26.04,power
2006-08-12,7.18,power
2006-08-13,8.67,power
2006-08-14,10.0,power
2006-08-15,33.29,power
2006-08-16,21.25,power
2006-08-17,29.39,power
2006-08-18,16.01,power
2006-08-19,3.06,power
2006-08-20,1.33,power
2006-08-21,2.83,power
2006-08-22,3.22,power
2006-08-23,4.99,power
2006-08-24,6.47,power
2006-08-25,21.79,power
2006-08-26,36.55,power
2006-08-27,3.87,power
2006-08-28,2.54,power
2006-08-29,2.53,power
2006-08-30,6.98,power
2006-08-31,3.55,power
2006-09-01,5.64,power
2006-09-02,5.89,power
2006-09-03,11.67,power
2006-09-04,13.54,power
2006-09-05,6.16,power
2006-09-06,16.01,power
2006-09-07,9.49,power
2006-09-08,4.48,power
2006-09-09,2.49,power
2006-09-10,5.44,power
2006-09-11,8.0,power
2006-09-12,3.82,power
2006-09-13,9.68,power
2006-09-14,17.22,power
2006-09-15,5.66,power
2006-09-16,8.17,power
2006-09-17,11.89,power
2006-09-18,7.71,power
2006-09-19,3.73,power
2006-09-20,7.73,power
2006-09-21,1.67,power
2006-09-22,2.85,power
2006-09-23,5.48,power
2006-09-24,6.2,power
2006-09-25,8.37,power
2006-09-26,1.65,power
2006-09-27,5.36,power
2006-09-28,10.13,power
2006-09-29,18.27,power
2006-09-30,11.08,power
2006-10-01,5.75,power
2006-10-02,7.61,power
2006-10-03,5.98,power
2006-10-04,2.5,power
2006-10-05,2.58,power
2006-10-06,3.95,power
2006-10-07,8.71,power
2006-10-08,26.92,power
2006-10-09,4.38,power
2006-10-10,12.05,power
2006-10-11,16.21,power
2006-10-12,11.21,power
2006-10-13,7.75,power
2006-10-14,15.31,power
2006-10-15,42.4,power
2006-10-16,7.95,power
2006-10-17,17.45,power
2006-10-18,20.62,power
2006-10-19,18.57,power
2006-10-20,3.74,power
2006-10-21,0.45,power
2006-10-22,0.2,power
2006-10-23,0.29,power
2006-10-24,9.27,power
2006-10-25,13.99,power
2006-10-26,11.51,power
2006-10-27,15.23,power
2006-10-28,6.72,power
2006-10-29,9.02,power
2006-10-30,5.79,power
2006-10-31,10.21,power
2006-11-01,5.07,power
2006-11-02,1.68,power
2006-11-03,2.1,power
2006-11-04,5.81,power
2006-11-05,5.01,power
2006-11-06,8.31,power
2006-11-07,7.02,power
2006-11-08,18.87,power
2006-11-09,12.13,power
2006-11-10,4.61,power
2006-11-11,11.69,power
2006-11-12,30.36,power
2006-11-13,14.08,power
2006-11-14,17.76,power
2006-11-15,15.54,power
2006-11-16,6.91,power
2006-11-17,5.57,power
2006-11-18,15.13,power
2006-11-19,5.45,power
2006-11-20,12.73,power
2006-11-21,16.14,power
2006-11-22,5.02,power
2006-11-23,2.13,power
2006-11-24,2.08,power
2006-11-25,5.14,power
2006-11-26,1.24,power
2006-11-27,2.52,power
2006-11-28,1.31,power
2006-11-29,3.31,power
2006-11-30,1.57,power
2006-12-01,2.51,power
2006-12-02,7.3,power
2006-12-03,1.61,power
2006-12-04,1.33,power
2006-12-05,1.12,power
2006-12-06,0.65,power
2006-12-07,0.93,power
2006-12-08,1.87,power
2006-12-09,3.33,power
2006-12-10,9.16,power
2006-12-11,5.5,power
2006-12-12,20.72,power
2006-12-13,11.29,power
2006-12-14,8.53,power
2006-12-15,0.7,power
2006-12-16,2.53,power
2006-12-17,0.04,power
2006-12-18,0.02,power
2006-12-19,0.01,power
2006-12-20,0.05,power
2006-12-21,0.36,power
2006-12-22,2.12,power
2006-12-23,2.66,power
2006-12-24,3.23,power
2006-12-25,2.2,power
2006-12-26,2.61,power
2006-12-27,1.94,power
2006-12-28,1.42,power
2006-12-29,0.26,power
2006-12-30,0.17,power
2006-12-31,0.32,power
2007-01-01,0.84,power
2007-01-02,1.23,power
2007-01-03,1.23,power
2007-01-04,2.41,power
2007-01-05,0.97,power
2007-01-06,0.26,power
2007-01-07,0.18,power
2007-01-08,0.42,power
2007-01-09,0.36,power
2007-01-10,0.06,power
2007-01-11,0.06,power
2007-01-12,0.13,power
2007-01-13,0.16,power
2007-01-14,0.11,power
2007-01-15,0.08,power
2007-01-16,0.09,power
2007-01-17,0.13,power
2007-01-18,0.16,power
2007-01-19,0.11,power
2007-01-20,0.02,power
2007-01-21,0.01,power
2007-01-22,0.01,power
2007-01-23,0.01,power
2007-01-24,0.01,power
2007-01-25,0.08,power
2007-01-26,0.5,power
2007-01-27,0.21,power
2007-01-28,0.27,power
2007-01-29,0.45,power
2007-01-30,0.08,power
2007-01-31,0.01,power
2007-02-01,0.0,power
2007-02-02,0.0,power
2007-02-03,0.0,power
2007-02-04,0.01,power
2007-02-05,0.0,power
2007-02-06,0.0,power
2007-02-07,0.0,power
2007-02-08,0.0,power
2007-02-09,0.0,power
2007-02-10,0.0,power
2007-02-11,0.0,power
2007-02-12,0.0,power
2007-02-13,0.0,power
2007-02-14,0.0,power
2007-02-15,0.0,power
2007-02-16,0.01,power
2007-02-17,0.01,power
2007-02-18,0.01,power
2007-02-19,0.02,power
2007-02-20,0.01,power
2007-02-21,0.01,power
2007-02-22,0.01,power
2007-02-23,0.01,power
2007-02-24,0.0,power
2007-02-25,0.0,power
2007-02-26,0.01,power
2007-02-27,0.01,power
2007-02-28,0.01,power
2007-03-01,0.01,power
2007-03-02,0.04,power
2007-03-03,0.03,power
2007-03-04,0.05,power
2007-03-05,0.06,power
2007-03-06,0.04,power
2007-03-07,0.04,power
2007-03-08,0.04,power
2007-03-09,0.23,power
2007-03-10,0.4,power
2007-03-11,0.13,power
2007-03-12,0.17,power
2007-03-13,0.21,power
2007-03-14,0.1,power
2007-03-15,0.12,power
2007-03-16,1.38,power
2007-03-17,0.05,power
2007-03-18,0.04,power
2007-03-19,0.03,power
2007-03-20,0.12,power
2007-03-21,0.08,power
2007-03-22,0.19,power
2007-03-23,0.11,power
2007-03-24,0.21,power
2007-03-25,0.13,power
2007-03-26,0.41,power
2007-03-27,0.12,power
2007-03-28,0.03,power
2007-03-29,0.05,power
2007-03-30,0.46,power
2007-03-31,0.3,power
2007-04-01,0.4,power
2007-04-02,2.94,power
2007-04-03,5.84,power
2007-04-04,17.32,power
2007-04-05,2.56,power
2007-04-06,4.23,power
2007-04-07,3.11,power
2007-04-08,5.24,power
2007-04-09,21.75,power
2007-04-10,8.35,power
2007-04-11,0.73,power
2007-04-12,1.66,power
2007-04-13,0.42,power
2007-04-14,0.33,power
2007-04-15,0.48,power
2007-04-16,1.12,power
2007-04-17,0.21,power
2007-04-18,0.44,power
2007-04-19,0.2,power
2007-04-20,16.07,power
2007-04-21,15.52,power
2007-04-22,0.08,power
2007-04-23,0.17,power
2007-04-24,4.91,power
2007-04-25,7.44,power
2007-04-26,9.68,power
2007-04-27,4.47,power
2007-04-28,5.26,power
2007-04-29,1.33,power
2007-04-30,2.92,power
2007-05-01,5.32,power
2007-05-02,2.68,power
2007-05-03,2.87,power
2007-05-04,3.14,power
2007-05-05,7.28,power
2007-05-06,26.12,power
2007-05-07,27.34,power
2007-05-08,4.25,power
2007-05-09,8.35,power
2007-05-10,7.65,power
2007-05-11,4.03,power
2007-05-12,8.38,power
2007-05-13,10.59,power
2007-05-14,2.05,power
2007-05-15,2.86,power
2007-05-16,13.4,power
2007-05-17,23.18,power
2007-05-18,56.89,power
2007-05-19,32.87,power
2007-05-20,11.9,power
2007-05-21,28.06,power
2007-05-22,24.56,power
2007-05-23,9.65,power
2007-05-24,10.88,power
2007-05-25,13.34,power
2007-05-26,4.0,power
2007-05-27,5.38,power
2007-05-28,4.33,power
2007-05-29,6.19,power
2007-05-30,12.96,power
2007-05-31,3.53,power
2007-06-01,3.99,power
2007-06-02,2.15,power
2007-06-03,1.82,power
2007-06-04,2.18,power
2007-06-05,11.24,power
2007-06-06,24.33,power
2007-06-07,10.19,power
2007-06-08,24.38,power
2007-06-09,16.38,power
2007-06-10,1.68,power
2007-06-11,4.91,power
2007-06-12,9.11,power
2007-06-13,4.67,power
2007-06-14,3.91,power
2007-06-15,3.3,power
2007-06-16,2.21,power
2007-06-17,5.52,power
2007-06-18,2.89,power
2007-06-19,1.94,power
2007-06-20,1.4,power
2007-06-21,1.45,power
2007-06-22,1.28,power
2007-06-23,1.56,power
2007-06-24,1.89,power
2007-06-25,3.6,power
2007-06-26,7.1,power
2007-06-27,2.88,power
2007-06-28,8.55,power
2007-06-29,11.85,power
2007-06-30,3.17,power
2007-07-01,3.05,power
2007-07-02,2.02,power
2007-07-03,1.9,power
2007-07-04,2.38,power
2007-07-05,4.93,power
2007-07-06,7.03,power
2007-07-07,7.95,power
2007-07-08,6.19,power
2007-07-09,3.32,power
2007-07-10,5.57,power
2007-07-11,9.0,power
2007-07-12,7.46,power
2007-07-13,8.62,power
2007-07-14,7.15,power
2007-07-15,1.15,power
2007-07-16,3.06,power
2007-07-17,1.45,power
2007-07-18,1.71,power
2007-07-19,2.0,power
2007-07-20,3.22,power
2007-07-21,4.92,power
2007-07-22,1.71,power
2007-07-23,3.33,power
2007-07-24,2.46,power
2007-07-25,5.69,power
2007-07-26,9.2,power
2007-07-27,6.51,power
2007-07-28,4.9,power
2007-07-29,4.35,power
2007-07-30,2.74,power
2007-07-31,2.0,power
2007-08-01,4.16,power
2007-08-02,8.24,power
2007-08-03,4.28,power
2007-08-04,5.25,power
2007-08-05,10.12,power
2007-08-06,13.88,power
2007-08-07,5.64,power
2007-08-08,6.5,power
2007-08-09,10.45,power
2007-08-10,4.54,power
2007-08-11,8.31,power
2007-08-12,3.67,power
2007-08-13,11.31,power
2007-08-14,50.77,power
2007-08-15,8.56,power
2007-08-16,8.44,power
2007-08-17,7.87,power
2007-08-18,9.17,power
2007-08-19,1.66,power
2007-08-20,2.24,power
2007-08-21,4.2,power
2007-08-22,2.87,power
2007-08-23,1.97,power
2007-08-24,12.2,power
2007-08-25,12.69,power
2007-08-26,28.05,power
2007-08-27,52.03,power
2007-08-28,3.06,power
2007-08-29,14.38,power
2007-08-30,46.81,power
2007-08-31,14.28,power
2007-09-01,6.54,power
2007-09-02,4.18,power
2007-09-03,5.54,power
2007-09-04,11.99,power
2007-09-05,34.24,power
2007-09-06,7.18,power
2007-09-07,12.09,power
2007-09-08,8.95,power
2007-09-09,3.32,power
2007-09-10,1.45,power
2007-09-11,6.12,power
2007-09-12,8.81,power
2007-09-13,10.88,power
2007-09-14,17.55,power
2007-09-15,18.67,power
2007-09-16,6.25,power
2007-09-17,6.8,power
2007-09-18,1.1,power
2007-09-19,4.53,power
2007-09-20,0.55,power
2007-09-21,2.17,power
2007-09-22,5.05,power
2007-09-23,7.32,power
2007-09-24,12.2,power
2007-09-25,4.16,power
2007-09-26,2.41,power
2007-09-27,5.91,power
2007-09-28,1.24,power
2007-09-29,1.48,power
2007-09-30,3.7,power
2007-10-01,4.32,power
2007-10-02,6.1,power
2007-10-03,19.89,power
2007-10-04,28.75,power
2007-10-05,7.78,power
2007-10-06,12.26,power
2007-10-07,8.46,power
2007-10-08,7.81,power
2007-10-09,5.22,power
2007-10-10,5.0,power
2007-10-11,4.87,power
2007-10-12,6.41,power
2007-10-13,8.78,power
2007-10-14,29.22,power
2007-10-15,6.15,power
2007-10-16,7.4,power
2007-10-17,5.06,power
2007-10-18,9.63,power
2007-10-19,37.14,power
2007-10-20,11.71,power
2007-10-21,6.25,power
2007-10-22,4.33,power
2007-10-23,2.56,power
2007-10-24,9.24,power
2007-10-25,29.95,power
2007-10-26,6.09,power
2007-10-27,12.34,power
2007-10-28,12.14,power
2007-10-29,5.48,power
2007-10-30,4.12,power
2007-10-31,9.29,power
2007-11-01,4.07,power
2007-11-02,2.43,power
2007-11-03,3.41,power
2007-11-04,3.98,power
2007-11-05,5.6,power
2007-11-06,3.53,power
2007-11-07,4.17,power
2007-11-08,3.93,power
2007-11-09,17.62,power
2007-11-10,12.02,power
2007-11-11,6.88,power
2007-11-12,1.45,power
2007-11-13,6.5,power
2007-11-14,6.61,power
2007-11-15,2.85,power
2007-11-16,5.11,power
2007-11-17,21.05,power
2007-11-18,8.09,power
2007-11-19,4.48,power
2007-11-20,8.57,power
2007-11-21,4.69,power
2007-11-22,1.14,power
2007-11-23,4.6,power
2007-11-24,2.09,power
2007-11-25,6.31,power
2007-11-26,3.75,power
2007-11-27,4.79,power
2007-11-28,7.95,power
2007-11-29,0.61,power
2007-11-30,1.35,power
2007-12-01,0.48,power
2007-12-02,1.83,power
2007-12-03,6.92,power
2007-12-04,2.65,power
2007-12-05,4.67,power
2007-12-06,6.17,power
2007-12-07,0.87,power
2007-12-08,2.24,power
2007-12-09,2.71,power
2007-12-10,2.04,power
2007-12-11,1.77,power
2007-12-12,1.5,power
2007-12-13,1.75,power
2007-12-14,1.58,power
2007-12-15,3.51,power
2007-12-16,5.96,power
2007-12-17,8.19,power
2007-12-18,3.23,power
2007-12-19,3.78,power
2007-12-20,2.38,power
2007-12-21,4.32,power
2007-12-22,10.5,power
2007-12-23,24.72,power
2007-12-24,17.54,power
2007-12-25,8.16,power
2007-12-26,0.36,power
2007-12-27,4.26,power
2007-12-28,8.46,power
2007-12-29,0.62,power
2007-12-30,0.73,power
2007-12-31,0.43,power
2008-01-01,0.09,power
2008-01-02,0.14,power
2008-01-03,0.24,power
2008-01-04,0.14,power
2008-01-05,0.18,power
2008-01-06,0.22,power
2008-01-07,0.08,power
2008-01-08,0.05,power
2008-01-09,0.08,power
2008-01-10,0.03,power
2008-01-11,0.0,power
2008-01-12,0.0,power
2008-01-13,0.01,power
2008-01-14,0.04,power
2008-01-15,0.23,power
2008-01-16,0.66,power
2008-01-17,1.01,power
2008-01-18,0.11,power
2008-01-19,0.22,power
2008-01-20,0.11,power
2008-01-21,0.12,power
2008-01-22,0.08,power
2008-01-23,0.1,power
2008-01-24,0.08,power
2008-01-25,0.11,power
2008-01-26,0.05,power
2008-01-27,0.07,power
2008-01-28,0.03,power
2008-01-29,0.02,power
2008-01-30,0.01,power
2008-01-31,0.01,power
2008-02-01,0.01,power
2008-02-02,0.01,power
2008-02-03,0.01,power
2008-02-04,0.01,power
2008-02-05,0.11,power
2008-02-06,1.75,power
2008-02-07,0.15,power
2008-02-08,0.07,power
2008-02-09,0.08,power
2008-02-10,0.17,power
2008-02-11,0.08,power
2008-02-12,0.04,power
2008-02-13,0.53,power
2008-02-14,0.17,power
2008-02-15,0.88,power
2008-02-16,0.93,power
2008-02-17,24.73,power
2008-02-18,1.8,power
2008-02-19,0.42,power
2008-02-20,0.04,power
2008-02-21,0.12,power
2008-02-22,0.22,power
2008-02-23,0.07,power
2008-02-24,0.09,power
2008-02-25,0.01,power
2008-02-26,0.01,power
2008-02-27,0.0,power
2008-02-28,0.01,power
2008-02-29,0.01,power
2008-03-01,0.02,power
2008-03-02,0.03,power
2008-03-03,0.03,power
2008-03-04,0.07,power
2008-03-05,0.02,power
2008-03-06,0.09,power
2008-03-07,0.01,power
2008-03-08,0.02,power
2008-03-09,0.04,power
2008-03-10,0.02,power
2008-03-11,0.03,power
2008-03-12,0.21,power
2008-03-13,0.3,power
2008-03-14,10.56,power
2008-03-15,0.08,power
2008-03-16,0.55,power
2008-03-17,0.06,power
2008-03-18,0.04,power
2008-03-19,0.05,power
2008-03-20,0.03,power
2008-03-21,0.04,power
2008-03-22,0.01,power
2008-03-23,0.02,power
2008-03-24,0.36,power
2008-03-25,0.11,power
2008-03-26,0.08,power
2008-03-27,0.12,power
2008-03-28,0.18,power
2008-03-29,0.06,power
2008-03-30,0.03,power
2008-03-31,0.1,power
2008-04-01,0.19,power
2008-04-02,0.7,power
2008-04-03,0.46,power
2008-04-04,2.39,power
2008-04-05,4.03,power
2008-04-06,4.42,power
2008-04-07,2.62,power
2008-04-08,6.4,power
2008-04-09,23.12,power
2008-04-10,2.5,power
2008-04-11,0.18,power
2008-04-12,3.97,power
2008-04-13,0.21,power
2008-04-14,0.21,power
2008-04-15,0.27,power
2008-04-16,0.63,power
2008-04-17,0.46,power
2008-04-18,0.19,power
2008-04-19,0.55,power
2008-04-20,0.59,power
2008-04-21,0.28,power
2008-04-22,0.17,power
2008-04-23,0.27,power
2008-04-24,0.09,power
2008-04-25,0.04,power
2008-04-26,0.0,power
2008-04-27,0.03,power
2008-04-28,5.0,power
2008-04-29,3.21,power
2008-04-30,1.68,power
2008-05-01,6.88,power
2008-05-02,20.01,power
2008-05-03,0.7,power
2008-05-04,11.63,power
2008-05-05,0.02,power
2008-05-06,0.3,power
2008-05-07,7.38,power
2008-05-08,24.54,power
2008-05-09,8.75,power
2008-05-10,13.27,power
2008-05-11,8.12,power
2008-05-12,5.14,power
2008-05-13,4.51,power
2008-05-14,1.73,power
2008-05-15,2.09,power
2008-05-16,3.73,power
2008-05-17,7.74,power
2008-05-18,18.4,power
2008-05-19,14.34,power
2008-05-20,41.2,power
2008-05-21,11.0,power
2008-05-22,9.72,power
2008-05-23,12.73,power
2008-05-24,2.46,power
2008-05-25,8.62,power
2008-05-26,50.09,power
2008-05-27,48.52,power
2008-05-28,34.39,power
2008-05-29,7.7,power
2008-05-30,2.18,power
2008-05-31,2.4,power
2008-06-01,7.53,power
2008-06-02,2.77,power
2008-06-03,3.02,power
2008-06-04,3.24,power
2008-06-05,9.11,power
2008-06-06,13.8,power
2008-06-07,8.42,power
2008-06-08,6.14,power
2008-06-09,5.72,power
2008-06-10,4.04,power
2008-06-11,6.51,power
2008-06-12,10.45,power
2008-06-13,2.69,power
2008-06-14,10.93,power
2008-06-15,37.05,power
2008-06-16,25.74,power
2008-06-17,6.57,power
2008-06-18,3.16,power
2008-06-19,8.84,power
2008-06-20,4.54,power
2008-06-21,6.19,power
2008-06-22,12.98,power
2008-06-23,13.02,power
2008-06-24,4.0,power
2008-06-25,3.99,power
2008-06-26,2.84,power
2008-06-27,3.82,power
2008-06-28,7.94,power
2008-06-29,5.35,power
2008-06-30,4.03,power
2008-07-01,6.32,power
2008-07-02,8.39,power
2008-07-03,3.72,power
2008-07-04,8.18,power
2008-07-05,23.06,power
2008-07-06,4.73,power
2008-07-07,8.47,power
2008-07-08,24.63,power
2008-07-09,22.05,power
2008-07-10,8.12,power
2008-07-11,14.46,power
2008-07-12,22.21,power
2008-07-13,19.0,power
2008-07-14,6.17,power
2008-07-15,18.15,power
2008-07-16,25.31,power
2008-07-17,14.97,power
2008-07-18,12.65,power
2008-07-19,7.02,power
2008-07-20,1.7,power
2008-07-21,3.78,power
2008-07-22,3.54,power
2008-07-23,4.71,power
2008-07-24,5.25,power
2008-07-25,3.24,power
2008-07-26,4.12,power
2008-07-27,4.72,power
2008-07-28,5.7,power
2008-07-29,2.76,power
2008-07-30,3.96,power
2008-07-31,2.69,power
2008-08-01,1.77,power
2008-08-02,1.97,power
2008-08-03,2.19,power
2008-08-04,4.27,power
2008-08-05,5.58,power
2008-08-06,4.92,power
2008-08-07,6.1,power
2008-08-08,8.54,power
2008-08-09,13.9,power
2008-08-10,31.54,power
2008-08-11,12.51,power
2008-08-12,2.4,power
2008-08-13,10.21,power
2008-08-14,3.33,power
2008-08-15,9.49,power
2008-08-16,6.0,power
2008-08-17,8.88,power
2008-08-18,4.68,power
2008-08-19,7.17,power
2008-08-20,6.22,power
2008-08-21,15.2,power
2008-08-22,17.46,power
2008-08-23,8.84,power
2008-08-24,3.54,power
2008-08-25,6.05,power
2008-08-26,4.52,power
2008-08-27,1.29,power
2008-08-28,4.86,power
2008-08-29,23.05,power
2008-08-30,3.58,power
2008-08-31,5.17,power
2008-09-01,11.9,power
2008-09-02,19.3,power
2008-09-03,28.1,power
2008-09-04,14.94,power
2008-09-05,4.25,power
2008-09-06,5.24,power
2008-09-07,11.19,power
2008-09-08,14.38,power
2008-09-09,3.95,power
2008-09-10,4.77,power
2008-09-11,3.27,power
2008-09-12,6.14,power
2008-09-13,9.5,power
2008-09-14,10.07,power
2008-09-15,5.12,power
2008-09-16,7.43,power
2008-09-17,7.46,power
2008-09-18,11.2,power
2008-09-19,4.22,power
2008-09-20,8.17,power
2008-09-21,11.41,power
2008-09-22,5.15,power
2008-09-23,8.09,power
2008-09-24,7.91,power
2008-09-25,1.94,power
2008-09-26,2.38,power
2008-09-27,4.62,power
2008-09-28,6.93,power
2008-09-29,8.73,power
2008-09-30,8.32,power
2008-10-01,8.4,power
2008-10-02,25.98,power
2008-10-03,15.21,power
2008-10-04,5.8,power
2008-10-05,3.4,power
2008-10-06,2.75,power
2008-10-07,6.98,power
2008-10-08,17.04,power
2008-10-09,21.06,power
2008-10-10,27.64,power
2008-10-11,12.57,power
2008-10-12,18.29,power
2008-10-13,12.26,power
2008-10-14,7.84,power
2008-10-15,8.32,power
2008-10-16,4.54,power
2008-10-17,3.01,power
2008-10-18,3.29,power
2008-10-19,7.65,power
2008-10-20,10.61,power
2008-10-21,11.74,power
2008-10-22,20.42,power
2008-10-23,3.54,power
2008-10-24,4.87,power
2008-10-25,3.1,power
2008-10-26,7.41,power
2008-10-27,1.11,power
2008-10-28,3.97,power
2008-10-29,6.57,power
2008-10-30,6.45,power
2008-10-31,14.18,power
2008-11-01,48.31,power
2008-11-02,10.43,power
2008-11-03,6.72,power
2008-11-04,9.58,power
2008-11-05,5.25,power
2008-11-06,1.36,power
2008-11-07,3.57,power
2008-11-08,8.87,power
2008-11-09,11.37,power
2008-11-10,4.27,power
2008-11-11,3.31,power
2008-11-12,6.57,power
2008-11-13,15.68,power
2008-11-14,3.14,power
2008-11-15,4.81,power
2008-11-16,6.45,power
2008-11-17,11.94,power
2008-11-18,11.83,power
2008-11-19,23.58,power
2008-11-20,6.45,power
2008-11-21,9.59,power
2008-11-22,10.94,power
2008-11-23,11.13,power
2008-11-24,5.77,power
2008-11-25,18.51,power
2008-11-26,10.18,power
2008-11-27,26.84,power
2008-11-28,25.58,power
2008-11-29,35.48,power
2008-11-30,9.72,power
2008-12-01,5.36,power
2008-12-02,10.65,power
2008-12-03,5.87,power
2008-12-04,25.61,power
2008-12-05,2.17,power
2008-12-06,1.26,power
2008-12-07,0.77,power
2008-12-08,2.01,power
2008-12-09,3.25,power
2008-12-10,5.06,power
2008-12-11,4.43,power
2008-12-12,4.4,power
2008-12-13,1.31,power
2008-12-14,1.13,power
2008-12-15,1.45,power
2008-12-16,2.04,power
2008-12-17,0.37,power
2008-12-18,0.5,power
2008-12-19,0.2,power
2008-12-20,0.3,power
2008-12-21,0.28,power
2008-12-22,0.26,power
2008-12-23,0.47,power
2008-12-24,0.17,power
2008-12-25,0.83,power
2008-12-26,0.83,power
2008-12-27,0.04,power
2008-12-28,0.04,power
2008-12-29,0.03,power
2008-12-30,0.03,power
2008-12-31,0.05,power
2009-01-01,0.01,power
2009-01-02,0.02,power
2009-01-03,0.04,power
2009-01-04,0.12,power
2009-01-05,1.08,power
2009-01-06,2.01,power
2009-01-07,6.72,power
2009-01-08,2.08,power
2009-01-09,0.98,power
2009-01-10,0.37,power
2009-01-11,0.1,power
2009-01-12,0.2,power
2009-01-13,0.15,power
2009-01-14,0.35,power
2009-01-15,0.44,power
2009-01-16,1.16,power
2009-01-17,0.52,power
2009-01-18,0.57,power
2009-01-19,3.72,power
2009-01-20,1.54,power
2009-01-21,0.72,power
2009-01-22,0.49,power
2009-01-23,1.78,power
2009-01-24,0.2,power
2009-01-25,0.1,power
2009-01-26,0.05,power
2009-01-27,0.15,power
2009-01-28,0.31,power
2009-01-29,0.09,power
2009-01-30,0.09,power
2009-01-31,0.1,power
2009-02-01,0.07,power
2009-02-02,0.25,power
2009-02-03,0.61,power
2009-02-04,0.74,power
2009-02-05,0.2,power
2009-02-06,0.22,power
2009-02-07,0.05,power
2009-02-08,0.03,power
2009-02-09,0.03,power
2009-02-10,0.08,power
2009-02-11,0.28,power
2009-02-12,0.33,power
2009-02-13,0.13,power
2009-02-14,0.12,power
2009-02-15,0.33,power
2009-02-16,0.33,power
2009-02-17,0.21,power
2009-02-18,1.98,power
2009-02-19,6.21,power
2009-02-20,2.39,power
2009-02-21,0.84,power
2009-02-22,1.8,power
2009-02-23,1.59,power
2009-02-24,1.06,power
2009-02-25,0.04,power
2009-02-26,0.04,power
2009-02-27,0.03,power
2009-02-28,0.03,power
2009-03-01,0.16,power
2009-03-02,0.42,power
2009-03-03,0.38,power
2009-03-04,0.52,power
2009-03-05,0.15,power
2009-03-06,0.28,power
2009-03-07,0.43,power
2009-03-08,0.34,power
2009-03-09,0.16,power
2009-03-10,0.16,power
2009-03-11,0.09,power
2009-03-12,0.01,power
2009-03-13,0.03,power
2009-03-14,0.01,power
2009-03-15,0.03,power
2009-03-16,0.08,power
2009-03-17,0.19,power
2009-03-18,0.14,power
2009-03-19,0.07,power
2009-03-20,0.04,power
2009-03-21,0.05,power
2009-03-22,0.05,power
2009-03-23,0.2,power
2009-03-24,0.11,power
2009-03-25,0.05,power
2009-03-26,0.14,power
2009-03-27,0.28,power
2009-03-28,0.73,power
2009-03-29,0.13,power
2009-03-30,0.16,power
2009-03-31,0.19,power
2009-04-01,0.22,power
2009-04-02,0.68,power
2009-04-03,0.0,power
2009-04-04,0.15,power
2009-04-05,0.34,power
2009-04-06,0.01,power
2009-04-07,0.02,power
2009-04-08,0.03,power
2009-04-09,0.01,power
2009-04-10,0.11,power
2009-04-11,2.07,power
2009-04-12,0.45,power
2009-04-13,0.06,power
2009-04-14,0.08,power
2009-04-15,0.16,power
2009-04-16,0.02,power
2009-04-17,0.02,power
2009-04-18,0.04,power
2009-04-19,0.03,power
2009-04-20,0.36,power
2009-04-21,1.5,power
2009-04-22,1.8,power
2009-04-23,2.15,power
2009-04-24,0.48,power
2009-04-25,0.16,power
2009-04-26,0.58,power
2009-04-27,0.68,power
2009-04-28,1.94,power
2009-04-29,2.52,power
2009-04-30,6.46,power
2009-05-01,7.28,power
2009-05-02,25.42,power
2009-05-03,35.01,power
2009-05-04,6.4,power
2009-05-05,6.19,power
2009-05-06,0.1,power
2009-05-07,0.23,power
2009-05-08,0.27,power
2009-05-09,0.29,power
2009-05-10,1.44,power
2009-05-11,7.16,power
2009-05-12,7.39,power
2009-05-13,2.16,power
2009-05-14,3.46,power
2009-05-15,10.15,power
2009-05-16,16.95,power
2009-05-17,11.22,power
2009-05-18,16.71,power
2009-05-19,4.86,power
2009-05-20,4.35,power
2009-05-21,5.72,power
2009-05-22,10.07,power
2009-05-23,26.37,power
2009-05-24,12.33,power
2009-05-25,8.12,power
2009-05-26,6.68,power
2009-05-27,9.94,power
2009-05-28,14.33,power
2009-05-29,5.47,power
2009-05-30,9.08,power
2009-05-31,12.63,power
2009-06-01,47.6,power
2009-06-02,2.89,power
2009-06-03,3.49,power
2009-06-04,11.35,power
2009-06-05,22.02,power
2009-06-06,11.14,power
2009-06-07,2.02,power
2009-06-08,2.21,power
2009-06-09,3.77,power
2009-06-10,5.01,power
2009-06-11,7.26,power
2009-06-12,12.19,power
2009-06-13,47.47,power
2009-06-14,8.21,power
2009-06-15,6.2,power
2009-06-16,16.16,power
2009-06-17,46.18,power
2009-06-18,8.12,power
2009-06-19,12.27,power
2009-06-20,29.62,power
2009-06-21,36.58,power
2009-06-22,14.89,power
2009-06-23,22.66,power
2009-06-24,9.32,power
2009-06-25,2.24,power
2009-06-26,2.19,power
2009-06-27,5.59,power
2009-06-28,12.96,power
2009-06-29,1.48,power
2009-06-30,6.28,power
2009-07-01,17.77,power
2009-07-02,55.09,power
2009-07-03,17.12,power
2009-07-04,8.68,power
2009-07-05,8.7,power
2009-07-06,3.77,power
2009-07-07,5.23,power
2009-07-08,6.61,power
2009-07-09,7.37,power
2009-07-10,8.88,power
2009-07-11,13.38,power
2009-07-12,5.48,power
2009-07-13,4.91,power
2009-07-14,4.97,power
2009-07-15,7.8,power
2009-07-16,2.92,power
2009-07-17,3.65,power
2009-07-18,5.35,power
2009-07-19,5.88,power
2009-07-20,8.14,power
2009-07-21,9.8,power
2009-07-22,8.19,power
2009-07-23,21.32,power
2009-07-24,13.64,power
2009-07-25,6.92,power
2009-07-26,3.73,power
2009-07-27,0.68,power
2009-07-28,6.13,power
2009-07-29,14.67,power
2009-07-30,9.22,power
2009-07-31,3.69,power
2009-08-01,5.98,power
2009-08-02,3.1,power
2009-08-03,4.16,power
2009-08-04,20.77,power
2009-08-05,62.29,power
2009-08-06,7.59,power
2009-08-07,10.34,power
2009-08-08,11.99,power
2009-08-09,10.24,power
2009-08-10,6.11,power
2009-08-11,5.27,power
2009-08-12,4.39,power
2009-08-13,7.12,power
2009-08-14,4.81,power
2009-08-15,6.46,power
2009-08-16,13.66,power
2009-08-17,15.78,power
2009-08-18,5.04,power
2009-08-19,5.21,power
2009-08-20,8.56,power
2009-08-21,3.87,power
2009-08-22,8.58,power
2009-08-23,12.16,power
2009-08-24,4.78,power
2009-08-25,1.91,power
2009-08-26,5.19,power
2009-08-27,5.5,power
2009-08-28,11.28,power
2009-08-29,36.84,power
2009-08-30,3.7,power
2009-08-31,3.52,power
2009-09-01,3.05,power
2009-09-02,3.38,power
2009-09-03,10.05,power
2009-09-04,18.51,power
2009-09-05,6.48,power
2009-09-06,5.97,power
2009-09-07,13.04,power
2009-09-08,46.7,power
2009-09-09,13.54,power
2009-09-10,10.71,power
2009-09-11,9.54,power
2009-09-12,8.55,power
2009-09-13,3.33,power
2009-09-14,2.1,power
2009-09-15,1.1,power
2009-09-16,5.86,power
2009-09-17,9.67,power
2009-09-18,1.2,power
2009-09-19,3.45,power
2009-09-20,3.73,power
2009-09-21,6.6,power
2009-09-22,10.06,power
2009-09-23,1.66,power
2009-09-24,1.25,power
2009-09-25,2.0,power
2009-09-26,1.35,power
2009-09-27,4.57,power
2009-09-28,1.64,power
2009-09-29,1.85,power
2009-09-30,2.86,power
2009-10-01,3.17,power
2009-10-02,3.66,power
2009-10-03,11.95,power
2009-10-04,10.96,power
2009-10-05,5.33,power
2009-10-06,9.69,power
2009-10-07,5.02,power
2009-10-08,8.45,power
2009-10-09,10.18,power
2009-10-10,8.43,power
2009-10-11,5.8,power
2009-10-12,10.76,power
2009-10-13,11.18,power
2009-10-14,14.14,power
2009-10-15,6.83,power
2009-10-16,4.71,power
2009-10-17,5.99,power
2009-10-18,4.92,power
2009-10-19,8.81,power
2009-10-20,20.51,power
2009-10-21,4.65,power
2009-10-22,1.48,power
2009-10-23,3.48,power
2009-10-24,6.53,power
2009-10-25,5.82,power
2009-10-26,14.02,power
2009-10-27,8.05,power
2009-10-28,23.8,power
2009-10-29,11.88,power
2009-10-30,6.18,power
2009-10-31,22.18,power
2009-11-01,52.8,power
2009-11-02,20.42,power
2009-11-03,23.1,power
2009-11-04,8.22,power
2009-11-05,9.35,power
2009-11-06,6.99,power
2009-11-07,15.3,power
2009-11-08,28.92,power
2009-11-09,10.53,power
2009-11-10,22.86,power
2009-11-11,25.85,power
2009-11-12,15.44,power
2009-11-13,3.75,power
2009-11-14,5.55,power
2009-11-15,4.15,power
2009-11-16,2.82,power
2009-11-17,4.79,power
2009-11-18,1.09,power
2009-11-19,0.92,power
2009-11-20,0.9,power
2009-11-21,2.85,power
2009-11-22,13.43,power
2009-11-23,12.03,power
2009-11-24,15.87,power
2009-11-25,22.37,power
2009-11-26,3.96,power
2009-11-27,2.23,power
2009-11-28,0.51,power
2009-11-29,5.58,power
2009-11-30,1.5,power
2009-12-01,1.9,power
2009-12-02,0.48,power
2009-12-03,0.87,power
2009-12-04,0.15,power
2009-12-05,0.52,power
2009-12-06,0.41,power
2009-12-07,0.77,power
2009-12-08,1.27,power
2009-12-09,2.09,power
2009-12-10,6.18,power
2009-12-11,0.66,power
2009-12-12,0.67,power
2009-12-13,1.1,power
2009-12-14,0.46,power
2009-12-15,0.22,power
2009-12-16,0.04,power
2009-12-17,0.07,power
2009-12-18,0.16,power
2009-12-19,0.76,power
2009-12-20,0.8,power
2009-12-21,2.38,power
2009-12-22,1.77,power
2009-12-23,0.89,power
2009-12-24,0.21,power
2009-12-25,0.21,power
2009-12-26,0.75,power
2009-12-27,0.54,power
2009-12-28,1.25,power
2009-12-29,0.11,power
2009-12-30,0.71,power
2009-12-31,1.63,power
2010-01-01,0.03,power
2010-01-02,0.02,power
2010-01-03,0.02,power
2010-01-04,0.01,power
2010-01-05,0.01,power
2010-01-06,0.04,power
2010-01-07,0.16,power
2010-01-08,0.11,power
2010-01-09,0.05,power
2010-01-10,0.07,power
2010-01-11,1.04,power
2010-01-12,0.69,power
2010-01-13,0.23,power
2010-01-14,0.34,power
2010-01-15,0.08,power
2010-01-16,0.0,power
2010-01-17,0.01,power
2010-01-18,0.01,power
2010-01-19,0.01,power
2010-01-20,0.06,power
2010-01-21,0.17,power
2010-01-22,0.1,power
2010-01-23,0.07,power
2010-01-24,0.28,power
2010-01-25,0.21,power
2010-01-26,0.01,power
2010-01-27,0.01,power
2010-01-28,0.01,power
2010-01-29,0.03,power
2010-01-30,0.01,power
2010-01-31,0.01,power
2010-02-01,0.01,power
2010-02-02,0.01,power
2010-02-03,0.01,power
2010-02-04,0.14,power
2010-02-05,0.27,power
2010-02-06,0.22,power
2010-02-07,0.91,power
2010-02-08,0.06,power
2010-02-09,0.08,power
2010-02-10,0.12,power
2010-02-11,0.11,power
2010-02-12,0.05,power
2010-02-13,0.09,power
2010-02-14,0.03,power
2010-02-15,0.02,power
2010-02-16,0.03,power
2010-02-17,0.02,power
2010-02-18,0.04,power
2010-02-19,0.03,power
2010-02-20,0.07,power
2010-02-21,0.03,power
2010-02-22,0.01,power
2010-02-23,0.04,power
2010-02-24,0.32,power
2010-02-25,2.73,power
2010-02-26,1.96,power
2010-02-27,3.61,power
2010-02-28,0.6,power
2010-03-01,0.22,power
2010-03-02,0.09,power
2010-03-03,0.26,power
2010-03-04,0.82,power
2010-03-05,0.45,power
2010-03-06,0.49,power
2010-03-07,0.21,power
2010-03-08,0.13,power
2010-03-09,0.21,power
2010-03-10,0.16,power
2010-03-11,0.0,power
2010-03-12,0.45,power
2010-03-13,1.78,power
2010-03-14,0.47,power
2010-03-15,0.07,power
2010-03-16,0.11,power
2010-03-17,0.1,power
2010-03-18,0.17,power
2010-03-19,0.71,power
2010-03-20,0.68,power
2010-03-21,1.76,power
2010-03-22,0.26,power
2010-03-23,0.08,power
2010-03-24,0.02,power
2010-03-25,0.06,power
2010-03-26,0.03,power
2010-03-27,0.09,power
2010-03-28,0.27,power
2010-03-29,0.26,power
2010-03-30,1.45,power
2010-03-31,1.38,power
2010-04-01,0.52,power
2010-04-02,0.13,power
2010-04-03,0.04,power
2010-04-04,0.19,power
2010-04-05,0.64,power
2010-04-06,0.35,power
2010-04-07,0.22,power
2010-04-08,0.32,power
2010-04-09,0.59,power
2010-04-10,0.99,power
2010-04-11,1.43,power
2010-04-12,0.89,power
2010-04-13,1.89,power
2010-04-14,0.8,power
2010-04-15,8.28,power
2010-04-16,3.12,power
2010-04-17,2.46,power
2010-04-18,6.56,power
2010-04-19,1.86,power
2010-04-20,8.65,power
2010-04-21,0.58,power
2010-04-22,1.79,power
2010-04-23,2.53,power
2010-04-24,4.49,power
2010-04-25,7.88,power
2010-04-26,6.92,power
2010-04-27,3.23,power
2010-04-28,9.0,power
2010-04-29,17.3,power
2010-04-30,3.94,power
2010-05-01,4.41,power
2010-05-02,5.34,power
2010-05-03,15.14,power
2010-05-04,18.88,power
2010-05-05,3.51,power
2010-05-06,2.24,power
2010-05-07,1.34,power
2010-05-08,1.56,power
2010-05-09,0.98,power
2010-05-10,1.28,power
2010-05-11,1.33,power
2010-05-12,1.29,power
2010-05-13,1.85,power
2010-05-14,2.41,power
2010-05-15,3.54,power
2010-05-16,5.53,power
2010-05-17,4.37,power
2010-05-18,3.48,power
2010-05-19,10.25,power
2010-05-20,24.46,power
2010-05-21,2.42,power
2010-05-22,4.0,power
2010-05-23,4.78,power
2010-05-24,12.06,power
2010-05-25,1.53,power
2010-05-26,2.22,power
2010-05-27,1.02,power
2010-05-28,0.62,power
2010-05-29,0.25,power
2010-05-30,0.55,power
2010-05-31,3.81,power
2010-06-01,6.24,power
2010-06-02,10.82,power
2010-06-03,7.34,power
2010-06-04,9.15,power
2010-06-05,50.79,power
2010-06-06,16.7,power
2010-06-07,12.2,power
2010-06-08,6.31,power
2010-06-09,10.95,power
2010-06-10,11.64,power
2010-06-11,2.15,power
2010-06-12,5.98,power
2010-06-13,9.02,power
2010-06-14,8.23,power
2010-06-15,6.01,power
2010-06-16,5.02,power
2010-06-17,7.92,power
2010-06-18,19.36,power
2010-06-19,25.82,power
2010-06-20,1.86,power
2010-06-21,2.43,power
2010-06-22,2.49,power
2010-06-23,2.0,power
2010-06-24,10.26,power
2010-06-25,22.76,power
2010-06-26,10.11,power
2010-06-27,35.85,power
2010-06-28,10.76,power
2010-06-29,8.16,power
2010-06-30,4.34,power
2010-07-01,5.38,power
2010-07-02,5.29,power
2010-07-03,2.47,power
2010-07-04,5.64,power
2010-07-05,6.68,power
2010-07-06,6.21,power
2010-07-07,14.86,power
2010-07-08,5.17,power
2010-07-09,4.38,power
2010-07-10,7.77,power
2010-07-11,8.11,power
2010-07-12,18.58,power
2010-07-13,6.96,power
2010-07-14,9.81,power
2010-07-15,12.08,power
2010-07-16,6.64,power
2010-07-17,4.82,power
2010-07-18,3.09,power
2010-07-19,2.36,power
2010-07-20,10.19,power
2010-07-21,6.54,power
2010-07-22,6.73,power
2010-07-23,6.11,power
2010-07-24,9.35,power
2010-07-25,13.03,power
2010-07-26,7.93,power
2010-07-27,19.62,power
2010-07-28,25.16,power
2010-07-29,4.75,power
2010-07-30,12.75,power
2010-07-31,9.48,power
2010-08-01,13.14,power
2010-08-02,4.33,power
2010-08-03,5.88,power
2010-08-04,13.86,power
2010-08-05,13.12,power
2010-08-06,42.44,power
2010-08-07,23.4,power
2010-08-08,20.74,power
2010-08-09,32.49,power
2010-08-10,10.62,power
2010-08-11,20.85,power
2010-08-12,29.87,power
2010-08-13,19.22,power
2010-08-14,3.38,power
2010-08-15,17.41,power
2010-08-16,8.93,power
2010-08-17,5.45,power
2010-08-18,5.83,power
2010-08-19,6.44,power
2010-08-20,5.87,power
2010-08-21,3.38,power
2010-08-22,3.47,power
2010-08-23,4.88,power
2010-08-24,5.17,power
2010-08-25,8.04,power
2010-08-26,18.08,power
2010-08-27,16.05,power
2010-08-28,11.71,power
2010-08-29,5.78,power
2010-08-30,8.98,power
2010-08-31,11.84,power
2010-09-01,58.26,power
2010-09-02,18.46,power
2010-09-03,55.71,power
2010-09-04,17.39,power
2010-09-05,9.84,power
2010-09-06,12.91,power
2010-09-07,6.95,power
2010-09-08,2.76,power
2010-09-09,1.69,power
2010-09-10,1.59,power
2010-09-11,6.39,power
2010-09-12,3.56,power
2010-09-13,15.7,power
2010-09-14,14.62,power
2010-09-15,25.43,power
2010-09-16,8.53,power
2010-09-17,18.85,power
2010-09-18,4.31,power
2010-09-19,8.45,power
2010-09-20,7.55,power
2010-09-21,4.05,power
2010-09-22,1.97,power
2010-09-23,5.89,power
2010-09-24,14.47,power
2010-09-25,7.47,power
2010-09-26,3.73,power
2010-09-27,5.69,power
2010-09-28,1.59,power
2010-09-29,0.83,power
2010-09-30,2.05,power
2010-10-01,2.65,power
2010-10-02,2.91,power
2010-10-03,9.67,power
2010-10-04,13.48,power
2010-10-05,4.43,power
2010-10-06,3.83,power
2010-10-07,3.96,power
2010-10-08,2.28,power
2010-10-09,4.09,power
2010-10-10,5.46,power
2010-10-11,8.48,power
2010-10-12,9.96,power
2010-10-13,7.03,power
2010-10-14,5.46,power
2010-10-15,11.83,power
2010-10-16,3.64,power
2010-10-17,11.63,power
2010-10-18,45.78,power
2010-10-19,7.12,power
2010-10-20,5.89,power
2010-10-21,8.43,power
2010-10-22,12.24,power
2010-10-23,17.53,power
2010-10-24,10.54,power
2010-10-25,5.47,power
2010-10-26,9.53,power
2010-10-27,6.83,power
2010-10-28,5.53,power
2010-10-29,13.15,power
2010-10-30,21.7,power
2010-10-31,7.54,power
2010-11-01,23.55,power
2010-11-02,11.88,power
2010-11-03,8.81,power
2010-11-04,8.01,power
2010-11-05,14.28,power
2010-11-06,11.7,power
2010-11-07,6.9,power
2010-11-08,1.3,power
2010-11-09,0.15,power
2010-11-10,1.48,power
2010-11-11,0.47,power
2010-11-12,5.84,power
2010-11-13,27.36,power
2010-11-14,11.46,power
2010-11-15,3.49,power
2010-11-16,2.43,power
2010-11-17,4.54,power
2010-11-18,5.1,power
2010-11-19,5.7,power
2010-11-20,9.71,power
2010-11-21,29.56,power
2010-11-22,54.35,power
2010-11-23,12.85,power
2010-11-24,17.16,power
2010-11-25,6.65,power
2010-11-26,6.13,power
2010-11-27,19.8,power
2010-11-28,36.39,power
2010-11-29,30.45,power
2010-11-30,42.58,power
2010-12-01,43.46,power
2010-12-02,17.22,power
2010-12-03,8.38,power
2010-12-04,1.19,power
2010-12-05,0.78,power
2010-12-06,14.34,power
2010-12-07,30.68,power
2010-12-08,64.51,power
2010-12-09,11.42,power
2010-12-10,7.71,power
2010-12-11,4.49,power
2010-12-12,6.83,power
2010-12-13,33.0,power
2010-12-14,30.88,power
2010-12-15,2.71,power
2010-12-16,0.15,power
2010-12-17,0.35,power
2010-12-18,1.2,power
2010-12-19,3.5,power
2010-12-20,0.67,power
2010-12-21,0.05,power
2010-12-22,0.19,power
2010-12-23,1.9,power
2010-12-24,1.05,power
2010-12-25,8.27,power
2010-12-26,32.33,power
2010-12-27,2.94,power
2010-12-28,2.24,power
2010-12-29,0.82,power
2010-12-30,0.65,power
2010-12-31,0.72,power
2011-01-01,2.38,power
2011-01-02,1.95,power
2011-01-03,0.32,power
2011-01-04,1.12,power
2011-01-05,2.68,power
2011-01-06,2.98,power
2011-01-07,2.35,power
2011-01-08,4.93,power
2011-01-09,3.43,power
2011-01-10,2.5,power
2011-01-11,1.1,power
2011-01-12,0.58,power
2011-01-13,0.82,power
2011-01-14,0.54,power
2011-01-15,0.46,power
2011-01-16,1.52,power
2011-01-17,0.38,power
2011-01-18,0.19,power
2011-01-19,0.57,power
2011-01-20,0.43,power
2011-01-21,0.45,power
2011-01-22,0.11,power
2011-01-23,0.21,power
2011-01-24,1.04,power
2011-01-25,0.43,power
2011-01-26,18.38,power
2011-01-27,0.9,power
2011-01-28,0.45,power
2011-01-29,0.64,power
2011-01-30,0.74,power
2011-01-31,0.36,power
2011-02-01,0.11,power
2011-02-02,0.05,power
2011-02-03,0.1,power
2011-02-04,0.12,power
2011-02-05,0.19,power
2011-02-06,0.07,power
2011-02-07,0.12,power
2011-02-08,0.53,power
2011-02-09,0.76,power
2011-02-10,0.05,power
2011-02-11,0.06,power
2011-02-12,0.08,power
2011-02-13,0.45,power
2011-02-14,0.41,power
2011-02-15,0.56,power
2011-02-16,2.81,power
2011-02-17,4.08,power
2011-02-18,0.31,power
2011-02-19,0.15,power
2011-02-20,0.03,power
2011-02-21,0.01,power
2011-02-22,0.02,power
2011-02-23,0.03,power
2011-02-24,0.28,power
2011-02-25,0.55,power
2011-02-26,0.65,power
2011-02-27,1.11,power
2011-02-28,1.67,power
2011-03-01,1.17,power
2011-03-02,0.22,power
2011-03-03,0.12,power
2011-03-04,0.19,power
2011-03-05,0.46,power
2011-03-06,0.75,power
2011-03-07,0.35,power
2011-03-08,0.67,power
2011-03-09,0.26,power
2011-03-10,2.62,power
2011-03-11,0.11,power
2011-03-12,0.35,power
2011-03-13,0.12,power
2011-03-14,0.41,power
2011-03-15,0.52,power
2011-03-16,2.19,power
2011-03-17,0.11,power
2011-03-18,0.65,power
2011-03-19,2.39,power
2011-03-20,0.28,power
2011-03-21,0.54,power
2011-03-22,0.74,power
2011-03-23,0.04,power
2011-03-24,0.15,power
2011-03-25,0.33,power
2011-03-26,1.69,power
2011-03-27,2.98,power
2011-03-28,5.45,power
2011-03-29,12.83,power
2011-03-30,0.57,power
2011-03-31,0.97,power
2011-04-01,6.22,power
2011-04-02,0.97,power
2011-04-03,0.2,power
2011-04-04,1.35,power
2011-04-05,2.45,power
2011-04-06,20.18,power
2011-04-07,20.5,power
2011-04-08,7.24,power
2011-04-09,5.99,power
2011-04-10,39.57,power
2011-04-11,15.65,power
2011-04-12,0.82,power
2011-04-13,0.13,power
2011-04-14,0.08,power
2011-04-15,2.99,power
2011-04-16,0.22,power
2011-04-17,0.18,power
2011-04-18,0.13,power
2011-04-19,0.1,power
2011-04-20,0.05,power
2011-04-21,0.06,power
2011-04-22,0.03,power
2011-04-23,0.31,power
2011-04-24,0.93,power
2011-04-25,9.43,power
2011-04-26,10.19,power
2011-04-27,5.69,power
2011-04-28,9.62,power
2011-04-29,3.51,power
2011-04-30,2.71,power
2011-05-01,0.06,power
2011-05-02,0.08,power
2011-05-03,0.14,power
2011-05-04,0.13,power
2011-05-05,0.63,power
2011-05-06,2.62,power
2011-05-07,4.88,power
2011-05-08,12.48,power
2011-05-09,10.1,power
2011-05-10,4.79,power
2011-05-11,8.34,power
2011-05-12,15.0,power
2011-05-13,9.91,power
2011-05-14,1.22,power
2011-05-15,3.19,power
2011-05-16,19.24,power
2011-05-17,0.23,power
2011-05-18,0.54,power
2011-05-19,6.05,power
2011-05-20,0.51,power
2011-05-21,0.05,power
2011-05-22,0.11,power
2011-05-23,0.55,power
2011-05-24,0.3,power
2011-05-25,0.5,power
2011-05-26,6.87,power
2011-05-27,22.02,power
2011-05-28,33.31,power
2011-05-29,7.71,power
2011-05-30,8.57,power
2011-05-31,7.34,power
2011-06-01,13.85,power
2011-06-02,13.66,power
2011-06-03,11.72,power
2011-06-04,6.12,power
2011-06-05,2.14,power
2011-06-06,1.05,power
2011-06-07,1.19,power
2011-06-08,0.86,power
2011-06-09,1.23,power
2011-06-10,2.51,power
2011-06-11,5.1,power
2011-06-12,6.19,power
2011-06-13,16.63,power
2011-06-14,12.71,power
2011-06-15,3.21,power
2011-06-16,2.64,power
2011-06-17,1.75,power
2011-06-18,3.05,power
2011-06-19,2.91,power
2011-06-20,3.99,power
2011-06-21,5.55,power
2011-06-22,9.8,power
2011-06-23,10.39,power
2011-06-24,12.43,power
2011-06-25,9.88,power
2011-06-26,5.66,power
2011-06-27,4.35,power
2011-06-28,17.07,power
2011-06-29,28.53,power
2011-06-30,10.39,power
2011-07-01,8.41,power
2011-07-02,9.12,power
2011-07-03,5.76,power
2011-07-04,3.54,power
2011-07-05,4.97,power
2011-07-06,9.11,power
2011-07-07,7.42,power
2011-07-08,3.48,power
2011-07-09,5.11,power
2011-07-10,6.96,power
2011-07-11,13.35,power
2011-07-12,12.62,power
2011-07-13,20.01,power
2011-07-14,12.33,power
2011-07-15,15.03,power
2011-07-16,20.64,power
2011-07-17,3.12,power
2011-07-18,6.28,power
2011-07-19,7.1,power
2011-07-20,3.85,power
2011-07-21,4.65,power
2011-07-22,10.37,power
2011-07-23,19.32,power
2011-07-24,3.82,power
2011-07-25,6.38,power
2011-07-26,5.88,power
2011-07-27,5.54,power
2011-07-28,9.46,power
2011-07-29,24.81,power
2011-07-30,15.97,power
2011-07-31,5.26,power
2011-08-01,1.89,power
2011-08-02,4.82,power
2011-08-03,11.01,power
2011-08-04,0.47,power
2011-08-05,0.39,power
2011-08-06,0.49,power
2011-08-07,0.61,power
2011-08-08,0.97,power
2011-08-09,8.64,power
2011-08-10,9.4,power
2011-08-11,12.85,power
2011-08-12,8.21,power
2011-08-13,9.1,power
2011-08-14,10.27,power
2011-08-15,19.07,power
2011-08-16,8.71,power
2011-08-17,11.5,power
2011-08-18,3.29,power
2011-08-19,0.91,power
2011-08-20,3.82,power
2011-08-21,1.8,power
2011-08-22,4.49,power
2011-08-23,6.77,power
2011-08-24,10.96,power
2011-08-25,9.64,power
2011-08-26,20.73,power
2011-08-27,8.7,power
2011-08-28,16.16,power
2011-08-29,40.74,power
2011-08-30,5.88,power
2011-08-31,9.66,power
2011-09-01,22.78,power
2011-09-02,28.77,power
2011-09-03,1.63,power
2011-09-04,1.61,power
2011-09-05,1.48,power
2011-09-06,2.33,power
2011-09-07,5.3,power
2011-09-08,4.15,power
2011-09-09,2.24,power
2011-09-10,13.8,power
2011-09-11,8.98,power
2011-09-12,2.58,power
2011-09-13,2.7,power
2011-09-14,5.45,power
2011-09-15,5.83,power
2011-09-16,5.32,power
2011-09-17,6.04,power
2011-09-18,4.41,power
2011-09-19,4.88,power
2011-09-20,10.57,power
2011-09-21,2.26,power
2011-09-22,3.14,power
2011-09-23,6.21,power
2011-09-24,8.89,power
2011-09-25,18.73,power
2011-09-26,3.87,power
2011-09-27,4.47,power
2011-09-28,3.36,power
2011-09-29,12.67,power
2011-09-30,7.95,power
2011-10-01,4.1,power
2011-10-02,6.8,power
2011-10-03,2.76,power
2011-10-04,1.88,power
2011-10-05,1.15,power
2011-10-06,0.89,power
2011-10-07,0.93,power
2011-10-08,7.29,power
2011-10-09,28.45,power
2011-10-10,2.83,power
2011-10-11,7.72,power
2011-10-12,6.05,power
2011-10-13,2.78,power
2011-10-14,9.08,power
2011-10-15,17.16,power
2011-10-16,9.68,power
2011-10-17,8.99,power
2011-10-18,2.55,power
2011-10-19,0.17,power
2011-10-20,0.76,power
2011-10-21,3.94,power
2011-10-22,0.61,power
2011-10-23,0.04,power
2011-10-24,2.22,power
2011-10-25,3.95,power
2011-10-26,5.41,power
2011-10-27,3.22,power
2011-10-28,7.76,power
2011-10-29,11.02,power
2011-10-30,38.91,power
2011-10-31,47.19,power
2011-11-01,3.76,power
2011-11-02,1.54,power
2011-11-03,2.45,power
2011-11-04,3.37,power
2011-11-05,3.4,power
2011-11-06,11.33,power
2011-11-07,7.51,power
2011-11-08,5.33,power
2011-11-09,7.51,power
2011-11-10,6.25,power
2011-11-11,7.82,power
2011-11-12,14.91,power
2011-11-13,11.95,power
2011-11-14,4.12,power
2011-11-15,3.99,power
2011-11-16,7.01,power
2011-11-17,4.74,power
2011-11-18,11.0,power
2011-11-19,10.6,power
2011-11-20,5.42,power
2011-11-21,7.7,power
2011-11-22,6.21,power
2011-11-23,1.81,power
2011-11-24,3.33,power
2011-11-25,5.65,power
2011-11-26,1.48,power
2011-11-27,3.78,power
2011-11-28,8.86,power
2011-11-29,11.06,power
2011-11-30,3.27,power
2011-12-01,0.26,power
2011-12-02,0.32,power
2011-12-03,1.34,power
2011-12-04,1.72,power
2011-12-05,1.09,power
2011-12-06,0.35,power
2011-12-07,0.64,power
2011-12-08,0.54,power
2011-12-09,1.96,power
2011-12-10,5.37,power
2011-12-11,10.66,power
2011-12-12,6.46,power
2011-12-13,25.41,power
2011-12-14,16.07,power
2011-12-15,17.93,power
2011-12-16,14.47,power
2011-12-17,14.3,power
2011-12-18,30.8,power
2011-12-19,6.2,power
2011-12-20,1.97,power
2011-12-21,1.9,power
2011-12-22,1.0,power
2011-12-23,1.47,power
2011-12-24,1.45,power
2011-12-25,0.19,power
2011-12-26,0.2,power
2011-12-27,0.94,power
2011-12-28,0.87,power
2011-12-29,2.85,power
2011-12-30,2.27,power
2011-12-31,1.28,power
2012-01-01,0.94,power
2012-01-02,0.82,power
2012-01-03,0.98,power
2012-01-04,1.34,power
2012-01-05,0.97,power
2012-01-06,1.02,power
2012-01-07,0.42,power
2012-01-08,0.54,power
2012-01-09,0.24,power
2012-01-10,0.09,power
2012-01-11,0.03,power
2012-01-12,0.04,power
2012-01-13,0.04,power
2012-01-14,0.07,power
2012-01-15,0.16,power
2012-01-16,0.04,power
2012-01-17,0.07,power
2012-01-18,0.05,power
2012-01-19,0.04,power
2012-01-20,0.02,power
2012-01-21,0.04,power
2012-01-22,0.03,power
2012-01-23,0.05,power
2012-01-24,0.16,power
2012-01-25,0.11,power
2012-01-26,0.33,power
2012-01-27,0.1,power
2012-01-28,0.13,power
2012-01-29,0.13,power
2012-01-30,0.15,power
2012-01-31,0.13,power
2012-02-01,0.04,power
2012-02-02,0.08,power
2012-02-03,0.07,power
2012-02-04,0.17,power
2012-02-05,0.11,power
2012-02-06,0.09,power
2012-02-07,0.14,power
2012-02-08,0.19,power
2012-02-09,0.07,power
2012-02-10,0.34,power
2012-02-11,0.16,power
2012-02-12,0.15,power
2012-02-13,0.17,power
2012-02-14,0.05,power
2012-02-15,0.01,power
2012-02-16,0.01,power
2012-02-17,0.02,power
2012-02-18,0.02,power
2012-02-19,0.02,power
2012-02-20,0.01,power
2012-02-21,0.01,power
2012-02-22,0.02,power
2012-02-23,0.02,power
2012-02-24,0.03,power
2012-02-25,0.14,power
2012-02-26,0.11,power
2012-02-27,0.14,power
2012-02-28,0.1,power
2012-02-29,0.06,power
2012-03-01,0.15,power
2012-03-02,0.05,power
2012-03-03,0.1,power
2012-03-04,0.25,power
2012-03-05,0.21,power
2012-03-06,0.32,power
2012-03-07,0.04,power
2012-03-08,0.02,power
2012-03-09,0.04,power
2012-03-10,0.05,power
2012-03-11,0.06,power
2012-03-12,0.1,power
2012-03-13,0.1,power
2012-03-14,0.05,power
2012-03-15,0.06,power
2012-03-16,0.11,power
2012-03-17,0.47,power
2012-03-18,0.29,power
2012-03-19,0.12,power
2012-03-20,0.1,power
2012-03-21,0.09,power
2012-03-22,0.19,power
2012-03-23,0.62,power
2012-03-24,0.35,power
2012-03-25,0.07,power
2012-03-26,0.77,power
2012-03-27,4.72,power
2012-03-28,0.21,power
2012-03-29,0.16,power
2012-03-30,0.11,power
2012-03-31,1.08,power
2012-04-01,3.15,power
2012-04-02,4.26,power
2012-04-03,15.95,power
2012-04-04,6.94,power
2012-04-05,12.0,power
2012-04-06,18.07,power
2012-04-07,8.95,power
2012-04-08,4.02,power
2012-04-09,1.16,power
2012-04-10,0.24,power
2012-04-11,0.01,power
2012-04-12,0.01,power
2012-04-13,0.01,power
2012-04-14,0.05,power
2012-04-15,0.33,power
2012-04-16,8.02,power
2012-04-17,5.66,power
2012-04-18,3.03,power
2012-04-19,10.93,power
2012-04-20,10.52,power
2012-04-21,6.37,power
2012-04-22,6.05,power
2012-04-23,21.13,power
2012-04-24,9.57,power
2012-04-25,3.0,power
2012-04-26,2.8,power
2012-04-27,2.87,power
2012-04-28,2.2,power
2012-04-29,1.95,power
2012-04-30,2.15,power
2012-05-01,5.45,power
2012-05-02,7.85,power
2012-05-03,7.75,power
2012-05-04,20.32,power
2012-05-05,5.26,power
2012-05-06,19.42,power
2012-05-07,50.11,power
2012-05-08,40.32,power
2012-05-09,6.08,power
2012-05-10,16.39,power
2012-05-11,3.36,power
2012-05-12,4.96,power
2012-05-13,8.49,power
2012-05-14,9.98,power
2012-05-15,5.0,power
2012-05-16,13.16,power
2012-05-17,22.19,power
2012-05-18,19.17,power
2012-05-19,17.46,power
2012-05-20,12.53,power
2012-05-21,17.03,power
2012-05-22,4.03,power
2012-05-23,2.5,power
2012-05-24,7.02,power
2012-05-25,19.45,power
2012-05-26,25.49,power
2012-05-27,4.95,power
2012-05-28,4.5,power
2012-05-29,8.46,power
2012-05-30,6.96,power
2012-05-31,3.68,power
2012-06-01,4.79,power
2012-06-02,4.07,power
2012-06-03,2.75,power
2012-06-04,2.41,power
2012-06-05,4.26,power
2012-06-06,6.32,power
2012-06-07,5.12,power
2012-06-08,7.12,power
2012-06-09,5.64,power
2012-06-10,6.81,power
2012-06-11,12.1,power
2012-06-12,15.15,power
2012-06-13,10.24,power
2012-06-14,4.41,power
2012-06-15,8.02,power
2012-06-16,5.94,power
2012-06-17,3.54,power
2012-06-18,2.0,power
2012-06-19,3.76,power
2012-06-20,6.06,power
2012-06-21,11.89,power
2012-06-22,6.2,power
2012-06-23,7.82,power
2012-06-24,49.07,power
2012-06-25,22.05,power
2012-06-26,48.97,power
2012-06-27,10.43,power
2012-06-28,40.51,power
2012-06-29,13.98,power
2012-06-30,4.06,power
2012-07-01,3.19,power
2012-07-02,1.8,power
2012-07-03,2.15,power
2012-07-04,4.26,power
2012-07-05,11.59,power
2012-07-06,16.37,power
2012-07-07,9.36,power
2012-07-08,8.54,power
2012-07-09,6.25,power
2012-07-10,3.07,power
2012-07-11,2.1,power
2012-07-12,2.56,power
2012-07-13,2.12,power
2012-07-14,3.53,power
2012-07-15,6.84,power
2012-07-16,5.04,power
2012-07-17,3.91,power
2012-07-18,7.14,power
2012-07-19,9.87,power
2012-07-20,26.41,power
2012-07-21,17.98,power
2012-07-22,16.23,power
2012-07-23,15.75,power
2012-07-24,17.68,power
2012-07-25,11.67,power
2012-07-26,6.49,power
2012-07-27,17.57,power
2012-07-28,54.55,power
2012-07-29,20.87,power
2012-07-30,9.37,power
2012-07-31,3.92,power
2012-08-01,5.68,power
2012-08-02,3.14,power
2012-08-03,3.4,power
2012-08-04,5.53,power
2012-08-05,2.58,power
2012-08-06,2.3,power
2012-08-07,1.86,power
2012-08-08,4.88,power
2012-08-09,2.53,power
2012-08-10,4.66,power
2012-08-11,2.51,power
2012-08-12,3.91,power
2012-08-13,16.23,power
2012-08-14,49.58,power
2012-08-15,2.76,power
2012-08-16,6.46,power
2012-08-17,8.02,power
2012-08-18,4.38,power
2012-08-19,6.46,power
2012-08-20,7.24,power
2012-08-21,2.85,power
2012-08-22,11.05,power
2012-08-23,3.42,power
2012-08-24,3.45,power
2012-08-25,2.34,power
2012-08-26,3.43,power
2012-08-27,6.94,power
2012-08-28,12.11,power
2012-08-29,6.38,power
2012-08-30,8.95,power
2012-08-31,7.09,power
2012-09-01,6.47,power
2012-09-02,13.67,power
2012-09-03,12.86,power
2012-09-04,6.94,power
2012-09-05,6.88,power
2012-09-06,7.85,power
2012-09-07,22.11,power
2012-09-08,1.29,power
2012-09-09,1.02,power
2012-09-10,1.15,power
2012-09-11,2.26,power
2012-09-12,3.83,power
2012-09-13,10.98,power
2012-09-14,2.72,power
2012-09-15,4.0,power
2012-09-16,9.38,power
2012-09-17,8.33,power
2012-09-18,8.38,power
2012-09-19,3.2,power
2012-09-20,10.19,power
2012-09-21,17.03,power
2012-09-22,11.23,power
2012-09-23,1.86,power
2012-09-24,5.87,power
2012-09-25,4.06,power
2012-09-26,1.75,power
2012-09-27,2.36,power
2012-09-28,7.9,power
2012-09-29,3.49,power
2012-09-30,4.99,power
2012-10-01,1.68,power
2012-10-02,3.34,power
2012-10-03,2.99,power
2012-10-04,2.51,power
2012-10-05,2.11,power
2012-10-06,0.91,power
2012-10-07,4.13,power
2012-10-08,10.9,power
2012-10-09,5.34,power
2012-10-10,8.11,power
2012-10-11,13.89,power
2012-10-12,7.8,power
2012-10-13,3.13,power
2012-10-14,5.6,power
2012-10-15,6.3,power
2012-10-16,21.34,power
2012-10-17,8.97,power
2012-10-18,2.22,power
2012-10-19,1.21,power
2012-10-20,1.96,power
2012-10-21,1.27,power
2012-10-22,3.49,power
2012-10-23,25.76,power
2012-10-24,32.75,power
2012-10-25,4.07,power
2012-10-26,0.68,power
2012-10-27,0.15,power
2012-10-28,0.31,power
2012-10-29,3.23,power
2012-10-30,3.79,power
2012-10-31,8.76,power
2012-11-01,5.43,power
2012-11-02,7.65,power
2012-11-03,6.54,power
2012-11-04,11.13,power
2012-11-05,4.92,power
2012-11-06,13.28,power
2012-11-07,3.75,power
2012-11-08,5.63,power
2012-11-09,2.62,power
2012-11-10,2.53,power
2012-11-11,3.15,power
2012-11-12,6.58,power
2012-11-13,2.9,power
2012-11-14,5.2,power
2012-11-15,6.02,power
2012-11-16,3.1,power
2012-11-17,2.91,power
2012-11-18,4.96,power
2012-11-19,9.45,power
2012-11-20,13.41,power
2012-11-21,10.85,power
2012-11-22,13.17,power
2012-11-23,10.77,power
2012-11-24,8.66,power
2012-11-25,8.79,power
2012-11-26,9.46,power
2012-11-27,6.01,power
2012-11-28,9.14,power
2012-11-29,1.09,power
2012-11-30,0.62,power
2012-12-01,1.06,power
2012-12-02,3.13,power
2012-12-03,2.92,power
2012-12-04,2.23,power
2012-12-05,5.87,power
2012-12-06,0.91,power
2012-12-07,0.21,power
2012-12-08,0.29,power
2012-12-09,2.47,power
2012-12-10,3.9,power
2012-12-11,10.4,power
2012-12-12,0.55,power
2012-12-13,0.8,power
2012-12-14,1.94,power
2012-12-15,1.27,power
2012-12-16,1.32,power
2012-12-17,0.64,power
2012-12-18,4.86,power
2012-12-19,1.67,power
2012-12-20,2.6,power
2012-12-21,1.44,power
2012-12-22,0.98,power
2012-12-23,1.48,power
2012-12-24,3.93,power
2012-12-25,1.36,power
2012-12-26,2.82,power
2012-12-27,2.24,power
2012-12-28,1.19,power
2012-12-29,0.53,power
2012-12-30,0.43,power
2012-12-31,0.23,power
2013-01-01,0.49,power
2013-01-02,0.12,power
2013-01-03,0.14,power
2013-01-04,0.11,power
2013-01-05,0.08,power
2013-01-06,0.04,power
2013-01-07,0.07,power
2013-01-08,0.07,power
2013-01-09,0.14,power
2013-01-10,0.09,power
2013-01-11,0.08,power
2013-01-12,0.16,power
2013-01-13,0.11,power
2013-01-14,0.04,power
2013-01-15,0.04,power
2013-01-16,0.03,power
2013-01-17,0.08,power
2013-01-18,0.07,power
2013-01-19,0.07,power
2013-01-20,0.01,power
2013-01-21,0.01,power
2013-01-22,0.04,power
2013-01-23,0.02,power
2013-01-24,0.05,power
2013-01-25,0.03,power
2013-01-26,0.03,power
2013-01-27,0.03,power
2013-01-28,0.04,power
2013-01-29,0.08,power
2013-01-30,0.08,power
2013-01-31,0.25,power
2013-02-01,0.41,power
2013-02-02,0.76,power
2013-02-03,0.98,power
2013-02-04,0.44,power
2013-02-05,0.68,power
2013-02-06,0.79,power
2013-02-07,0.13,power
2013-02-08,0.52,power
2013-02-09,0.8,power
2013-02-10,0.19,power
2013-02-11,0.2,power
2013-02-12,0.55,power
2013-02-13,0.29,power
2013-02-14,3.69,power
2013-02-15,0.23,power
2013-02-16,0.05,power
2013-02-17,0.1,power
2013-02-18,0.11,power
2013-02-19,0.08,power
2013-02-20,0.12,power
2013-02-21,0.11,power
2013-02-22,0.03,power
2013-02-23,0.07,power
2013-02-24,0.14,power
2013-02-25,0.11,power
2013-02-26,0.07,power
2013-02-27,0.14,power
2013-02-28,0.71,power
2013-03-01,1.42,power
2013-03-02,0.96,power
2013-03-03,0.65,power
2013-03-04,0.42,power
2013-03-05,0.26,power
2013-03-06,0.25,power
2013-03-07,0.21,power
2013-03-08,0.15,power
2013-03-09,0.1,power
2013-03-10,0.2,power
2013-03-11,0.25,power
2013-03-12,0.97,power
2013-03-13,0.41,power
2013-03-14,0.44,power
2013-03-15,0.58,power
2013-03-16,0.1,power
2013-03-17,0.9,power
2013-03-18,2.34,power
2013-03-19,0.8,power
2013-03-20,1.09,power
2013-03-21,1.13,power
2013-03-22,0.07,power
2013-03-23,0.06,power
2013-03-24,0.13,power
2013-03-25,0.44,power
2013-03-26,0.18,power
2013-03-27,0.4,power
2013-03-28,1.45,power
2013-03-29,0.42,power
2013-03-30,1.24,power
2013-03-31,1.48,power
2013-04-01,3.42,power
2013-04-02,4.17,power
2013-04-03,11.39,power
2013-04-04,4.91,power
2013-04-05,8.77,power
2013-04-06,2.18,power
2013-04-07,0.68,power
2013-04-08,0.4,power
2013-04-09,1.23,power
2013-04-10,0.97,power
2013-04-11,0.22,power
2013-04-12,0.06,power
2013-04-13,0.08,power
2013-04-14,0.27,power
2013-04-15,0.97,power
2013-04-16,1.56,power
2013-04-17,4.62,power
2013-04-18,21.9,power
2013-04-19,8.5,power
2013-04-20,7.67,power
2013-04-21,11.88,power
2013-04-22,9.62,power
2013-04-23,1.98,power
2013-04-24,0.57,power
2013-04-25,2.56,power
2013-04-26,6.14,power
2013-04-27,6.03,power
2013-04-28,1.76,power
2013-04-29,1.98,power
2013-04-30,0.22,power
2013-05-01,0.09,power
2013-05-02,0.44,power
2013-05-03,0.88,power
2013-05-04,0.8,power
2013-05-05,0.09,power
2013-05-06,0.02,power
2013-05-07,0.02,power
2013-05-08,1.44,power
2013-05-09,11.47,power
2013-05-10,9.72,power
2013-05-11,1.55,power
2013-05-12,2.12,power
2013-05-13,0.69,power
2013-05-14,0.53,power
2013-05-15,1.87,power
2013-05-16,10.07,power
2013-05-17,3.46,power
2013-05-18,3.68,power
2013-05-19,5.49,power
2013-05-20,6.38,power
2013-05-21,2.97,power
2013-05-22,4.75,power
2013-05-23,3.4,power
2013-05-24,3.51,power
2013-05-25,3.23,power
2013-05-26,2.55,power
2013-05-27,2.86,power
2013-05-28,2.61,power
2013-05-29,2.64,power
2013-05-30,12.42,power
2013-05-31,18.41,power
2013-06-01,8.14,power
2013-06-02,4.05,power
2013-06-03,6.3,power
2013-06-04,15.14,power
2013-06-05,7.53,power
2013-06-06,4.68,power
2013-06-07,12.35,power
2013-06-08,8.96,power
2013-06-09,10.39,power
2013-06-10,10.09,power
2013-06-11,14.23,power
2013-06-12,8.12,power
2013-06-13,15.4,power
2013-06-14,42.0,power
2013-06-15,4.95,power
2013-06-16,1.2,power
2013-06-17,3.44,power
2013-06-18,5.16,power
2013-06-19,3.86,power
2013-06-20,5.55,power
2013-06-21,5.92,power
2013-06-22,9.5,power
2013-06-23,8.81,power
2013-06-24,27.23,power
2013-06-25,4.17,power
2013-06-26,5.0,power
2013-06-27,11.73,power
2013-06-28,4.91,power
2013-06-29,5.03,power
2013-06-30,1.7,power
2013-07-01,2.72,power
2013-07-02,2.96,power
2013-07-03,2.55,power
2013-07-04,1.86,power
2013-07-05,3.64,power
2013-07-06,4.55,power
2013-07-07,6.12,power
2013-07-08,11.26,power
2013-07-09,9.33,power
2013-07-10,13.56,power
2013-07-11,4.34,power
2013-07-12,10.54,power
2013-07-13,4.93,power
2013-07-14,3.74,power
2013-07-15,4.03,power
2013-07-16,7.49,power
2013-07-17,11.43,power
2013-07-18,20.63,power
2013-07-19,6.21,power
2013-07-20,10.15,power
2013-07-21,7.41,power
2013-07-22,8.02,power
2013-07-23,11.9,power
2013-07-24,12.59,power
2013-07-25,25.99,power
2013-07-26,29.14,power
2013-07-27,18.88,power
2013-07-28,25.04,power
2013-07-29,17.52,power
2013-07-30,16.36,power
2013-07-31,49.79,power
2013-08-01,19.17,power
2013-08-02,13.68,power
2013-08-03,27.14,power
2013-08-04,12.93,power
2013-08-05,7.11,power
2013-08-06,4.66,power
2013-08-07,3.97,power
2013-08-08,6.15,power
2013-08-09,4.81,power
2013-08-10,5.23,power
2013-08-11,10.24,power
2013-08-12,10.04,power
2013-08-13,6.06,power
2013-08-14,2.92,power
2013-08-15,2.91,power
2013-08-16,3.23,power
2013-08-17,4.95,power
2013-08-18,1.35,power
2013-08-19,11.52,power
2013-08-20,7.8,power
2013-08-21,7.85,power
2013-08-22,6.45,power
2013-08-23,4.62,power
2013-08-24,5.58,power
2013-08-25,9.71,power
2013-08-26,18.75,power
2013-08-27,6.33,power
2013-08-28,2.81,power
2013-08-29,4.48,power
2013-08-30,5.55,power
2013-08-31,8.14,power
2013-09-01,6.95,power
2013-09-02,20.1,power
2013-09-03,25.3,power
2013-09-04,4.84,power
2013-09-05,5.44,power
2013-09-06,8.4,power
2013-09-07,4.38,power
2013-09-08,0.85,power
2013-09-09,2.71,power
2013-09-10,5.76,power
2013-09-11,4.44,power
2013-09-12,2.46,power
2013-09-13,1.99,power
2013-09-14,5.47,power
2013-09-15,20.34,power
2013-09-16,6.8,power
2013-09-17,10.71,power
2013-09-18,5.4,power
2013-09-19,3.27,power
2013-09-20,3.27,power
2013-09-21,1.96,power
2013-09-22,3.8,power
2013-09-23,19.53,power
2013-09-24,5.12,power
2013-09-25,8.48,power
2013-09-26,4.94,power
2013-09-27,4.78,power
2013-09-28,9.39,power
2013-09-29,12.03,power
2013-09-30,8.69,power
2013-10-01,1.81,power
2013-10-02,4.5,power
2013-10-03,18.52,power
2013-10-04,3.66,power
2013-10-05,1.55,power
2013-10-06,6.85,power
2013-10-07,13.98,power
2013-10-08,7.38,power
2013-10-09,10.04,power
2013-10-10,22.93,power
2013-10-11,38.82,power
2013-10-12,15.61,power
2013-10-13,2.22,power
2013-10-14,1.75,power
2013-10-15,5.34,power
2013-10-16,9.91,power
2013-10-17,5.44,power
2013-10-18,2.29,power
2013-10-19,6.68,power
2013-10-20,20.15,power
2013-10-21,4.46,power
2013-10-22,2.86,power
2013-10-23,1.21,power
2013-10-24,2.07,power
2013-10-25,2.83,power
2013-10-26,2.17,power
2013-10-27,1.44,power
2013-10-28,1.86,power
2013-10-29,2.9,power
2013-10-30,1.52,power
2013-10-31,1.02,power
2013-11-01,1.05,power
2013-11-02,5.66,power
2013-11-03,5.05,power
2013-11-04,1.1,power
2013-11-05,1.32,power
2013-11-06,2.04,power
2013-11-07,10.75,power
2013-11-08,31.81,power
2013-11-09,9.32,power
2013-11-10,6.44,power
2013-11-11,6.82,power
2013-11-12,4.05,power
2013-11-13,3.85,power
2013-11-14,3.44,power
2013-11-15,2.68,power
2013-11-16,6.96,power
2013-11-17,18.91,power
2013-11-18,2.02,power
2013-11-19,3.27,power
2013-11-20,3.35,power
2013-11-21,7.53,power
2013-11-22,2.53,power
2013-11-23,5.96,power
2013-11-24,11.7,power
2013-11-25,3.56,power
2013-11-26,3.31,power
2013-11-27,3.67,power
2013-11-28,7.87,power
2013-11-29,1.76,power
2013-11-30,1.84,power
2013-12-01,2.99,power
2013-12-02,4.21,power
2013-12-03,1.53,power
2013-12-04,3.12,power
2013-12-05,5.31,power
2013-12-06,4.7,power
2013-12-07,2.14,power
2013-12-08,1.72,power
2013-12-09,0.97,power
2013-12-10,3.08,power
2013-12-11,1.83,power
2013-12-12,1.68,power
2013-12-13,1.78,power
2013-12-14,2.44,power
2013-12-15,2.87,power
2013-12-16,2.83,power
2013-12-17,2.08,power
2013-12-18,1.93,power
2013-12-19,1.29,power
2013-12-20,0.38,power
2013-12-21,0.41,power
2013-12-22,0.81,power
2013-12-23,0.31,power
2013-12-24,0.86,power
2013-12-25,0.58,power
2013-12-26,0.01,power
2013-12-27,0.11,power
2013-12-28,0.16,power
2013-12-29,0.14,power
2013-12-30,0.2,power
2013-12-31,1.03,power
2014-01-01,2.7,power
2014-01-02,5.99,power
2014-01-03,2.62,power
2014-01-04,2.29,power
2014-01-05,2.53,power
2014-01-06,2.75,power
2014-01-07,2.47,power
2014-01-08,3.81,power
2014-01-09,2.71,power
2014-01-10,2.52,power
2014-01-11,0.03,power
2014-01-12,0.04,power
2014-01-13,0.03,power
2014-01-14,0.04,power
2014-01-15,0.03,power
2014-01-16,0.01,power
2014-01-17,0.07,power
2014-01-18,0.03,power
2014-01-19,0.12,power
2014-01-20,0.16,power
2014-01-21,0.16,power
2014-01-22,0.2,power
2014-01-23,0.18,power
2014-01-24,0.16,power
2014-01-25,0.14,power
2014-01-26,0.08,power
2014-01-27,0.05,power
2014-01-28,0.12,power
2014-01-29,0.1,power
2014-01-30,0.11,power
2014-01-31,0.09,power
2014-02-01,0.09,power
2014-02-02,0.04,power
2014-02-03,0.04,power
2014-02-04,0.08,power
2014-02-05,0.07,power
2014-02-06,0.1,power
2014-02-07,0.12,power
2014-02-08,0.16,power
2014-02-09,0.53,power
2014-02-10,0.13,power
2014-02-11,0.09,power
2014-02-12,0.07,power
2014-02-13,0.1,power
2014-02-14,0.13,power
2014-02-15,0.36,power
2014-02-16,0.08,power
2014-02-17,0.12,power
2014-02-18,0.06,power
2014-02-19,0.18,power
2014-02-20,0.11,power
2014-02-21,0.2,power
2014-02-22,0.44,power
2014-02-23,0.56,power
2014-02-24,0.21,power
2014-02-25,0.02,power
2014-02-26,0.01,power
2014-02-27,0.01,power
2014-02-28,0.01,power
2014-03-01,0.03,power
2014-03-02,0.36,power
2014-03-03,1.3,power
2014-03-04,0.63,power
2014-03-05,0.34,power
2014-03-06,0.51,power
2014-03-07,0.22,power
2014-03-08,0.83,power
2014-03-09,0.29,power
2014-03-10,0.16,power
2014-03-11,0.13,power
2014-03-12,0.93,power
2014-03-13,0.05,power
2014-03-14,0.06,power
2014-03-15,0.06,power
2014-03-16,0.08,power
2014-03-17,0.01,power
2014-03-18,0.04,power
2014-03-19,0.19,power
2014-03-20,0.62,power
2014-03-21,0.11,power
2014-03-22,0.14,power
2014-03-23,0.56,power
2014-03-24,0.15,power
2014-03-25,0.25,power
2014-03-26,0.26,power
2014-03-27,0.06,power
2014-03-28,0.06,power
2014-03-29,0.08,power
2014-03-30,0.05,power
2014-03-31,0.02,power
2014-04-01,0.03,power
2014-04-02,0.03,power
2014-04-03,0.15,power
2014-04-04,0.06,power
2014-04-05,0.09,power
2014-04-06,0.14,power
2014-04-07,0.3,power
2014-04-08,0.74,power
2014-04-09,0.43,power
2014-04-10,0.4,power
2014-04-11,0.85,power
2014-04-12,0.45,power
2014-04-13,0.62,power
2014-04-14,0.54,power
2014-04-15,4.5,power
2014-04-16,2.05,power
2014-04-17,0.26,power
2014-04-18,0.18,power
2014-04-19,0.99,power
2014-04-20,1.77,power
2014-04-21,1.56,power
2014-04-22,2.52,power
2014-04-23,1.59,power
2014-04-24,2.09,power
2014-04-25,1.98,power
2014-04-26,4.62,power
2014-04-27,1.21,power
2014-04-28,1.11,power
2014-04-29,0.84,power
2014-04-30,4.15,power
2014-05-01,24.25,power
2014-05-02,3.46,power
2014-05-03,4.35,power
2014-05-04,2.73,power
2014-05-05,13.08,power
2014-05-06,44.97,power
2014-05-07,36.91,power
2014-05-08,60.47,power
2014-05-09,13.2,power
2014-05-10,4.89,power
2014-05-11,3.99,power
2014-05-12,3.39,power
2014-05-13,3.58,power
2014-05-14,7.33,power
2014-05-15,7.54,power
2014-05-16,1.65,power
2014-05-17,1.04,power
2014-05-18,2.81,power
2014-05-19,1.01,power
2014-05-20,3.44,power
2014-05-21,8.82,power
2014-05-22,7.74,power
2014-05-23,17.78,power
2014-05-24,5.1,power
2014-05-25,9.25,power
2014-05-26,3.92,power
2014-05-27,3.6,power
2014-05-28,5.25,power
2014-05-29,1.72,power
2014-05-30,3.21,power
2014-05-31,7.63,power
2014-06-01,11.33,power
2014-06-02,3.75,power
2014-06-03,4.51,power
2014-06-04,3.62,power
2014-06-05,3.71,power
2014-06-06,7.21,power
2014-06-07,2.7,power
2014-06-08,4.14,power
2014-06-09,8.31,power
2014-06-10,18.81,power
2014-06-11,8.94,power
2014-06-12,7.86,power
2014-06-13,11.39,power
2014-06-14,9.94,power
2014-06-15,3.48,power
2014-06-16,3.86,power
2014-06-17,5.26,power
2014-06-18,6.75,power
2014-06-19,7.46,power
2014-06-20,14.04,power
2014-06-21,7.39,power
2014-06-22,12.23,power
2014-06-23,40.04,power
2014-06-24,14.55,power
2014-06-25,2.95,power
2014-06-26,6.42,power
2014-06-27,4.58,power
2014-06-28,7.8,power
2014-06-29,5.35,power
2014-06-30,15.82,power
2014-07-01,5.75,power
2014-07-02,5.96,power
2014-07-03,7.57,power
2014-07-04,3.87,power
2014-07-05,1.54,power
2014-07-06,1.39,power
2014-07-07,1.77,power
2014-07-08,1.26,power
2014-07-09,1.55,power
2014-07-10,5.81,power
2014-07-11,8.43,power
2014-07-12,10.79,power
2014-07-13,19.61,power
2014-07-14,6.28,power
2014-07-15,2.46,power
2014-07-16,2.84,power
2014-07-17,2.82,power
2014-07-18,2.9,power
2014-07-19,2.07,power
2014-07-20,3.85,power
2014-07-21,3.81,power
2014-07-22,3.08,power
2014-07-23,2.04,power
2014-07-24,3.05,power
2014-07-25,5.07,power
2014-07-26,3.96,power
2014-07-27,2.68,power
2014-07-28,2.11,power
2014-07-29,5.26,power
2014-07-30,8.76,power
2014-07-31,5.1,power
2014-08-01,11.03,power
2014-08-02,18.65,power
2014-08-03,1.89,power
2014-08-04,0.91,power
2014-08-05,0.99,power
2014-08-06,1.54,power
2014-08-07,1.42,power
2014-08-08,1.28,power
2014-08-09,1.75,power
2014-08-10,2.25,power
2014-08-11,2.89,power
2014-08-12,3.45,power
2014-08-13,4.49,power
2014-08-14,4.07,power
2014-08-15,4.49,power
2014-08-16,4.47,power
2014-08-17,5.76,power
2014-08-18,8.1,power
2014-08-19,3.26,power
2014-08-20,3.45,power
2014-08-21,3.88,power
2014-08-22,4.44,power
2014-08-23,2.15,power
2014-08-24,1.97,power
2014-08-25,2.96,power
2014-08-26,16.02,power
2014-08-27,8.26,power
2014-08-28,12.53,power
2014-08-29,5.71,power
2014-08-30,4.95,power
2014-08-31,9.77,power
2014-09-01,19.98,power
2014-09-02,26.63,power
2014-09-03,3.94,power
2014-09-04,2.94,power
2014-09-05,2.01,power
2014-09-06,2.0,power
2014-09-07,2.77,power
2014-09-08,6.66,power
2014-09-09,4.85,power
2014-09-10,32.72,power
2014-09-11,35.3,power
2014-09-12,6.39,power
2014-09-13,5.44,power
2014-09-14,5.65,power
2014-09-15,1.6,power
2014-09-16,4.06,power
2014-09-17,5.23,power
2014-09-18,9.37,power
2014-09-19,15.94,power
2014-09-20,46.17,power
2014-09-21,6.0,power
2014-09-22,10.23,power
2014-09-23,3.09,power
2014-09-24,1.33,power
2014-09-25,1.97,power
2014-09-26,1.58,power
2014-09-27,5.21,power
2014-09-28,20.76,power
2014-09-29,5.03,power
2014-09-30,5.48,power
2014-10-01,8.56,power
2014-10-02,7.13,power
2014-10-03,1.88,power
2014-10-04,1.5,power
2014-10-05,3.07,power
2014-10-06,3.49,power
2014-10-07,4.4,power
2014-10-08,6.52,power
2014-10-09,3.54,power
2014-10-10,5.6,power
2014-10-11,3.54,power
2014-10-12,11.56,power
2014-10-13,25.38,power
2014-10-14,6.12,power
2014-10-15,3.4,power
2014-10-16,2.9,power
2014-10-17,10.02,power
2014-10-18,39.32,power
2014-10-19,13.48,power
2014-10-20,49.02,power
2014-10-21,7.29,power
2014-10-22,8.33,power
2014-10-23,8.06,power
2014-10-24,25.85,power
2014-10-25,3.79,power
2014-10-26,4.21,power
2014-10-27,4.37,power
2014-10-28,4.55,power
2014-10-29,4.65,power
2014-10-30,8.76,power
2014-10-31,9.65,power
2014-11-01,12.11,power
2014-11-02,2.09,power
2014-11-03,5.91,power
2014-11-04,2.27,power
2014-11-05,2.08,power
2014-11-06,2.77,power
2014-11-07,3.33,power
2014-11-08,6.14,power
2014-11-09,2.22,power
2014-11-10,1.73,power
2014-11-11,1.48,power
2014-11-12,3.18,power
2014-11-13,4.33,power
2014-11-14,10.37,power
2014-11-15,4.51,power
2014-11-16,2.71,power
2014-11-17,3.98,power
2014-11-18,5.64,power
2014-11-19,3.34,power
2014-11-20,4.65,power
2014-11-21,10.25,power
2014-11-22,6.57,power
2014-11-23,1.44,power
2014-11-24,1.49,power
2014-11-25,8.03,power
2014-11-26,5.42,power
2014-11-27,0.41,power
2014-11-28,0.37,power
2014-11-29,0.32,power
2014-11-30,0.59,power
2014-12-01,4.96,power
2014-12-02,18.77,power
2014-12-03,23.16,power
2014-12-04,12.83,power
2014-12-05,3.97,power
2014-12-06,4.17,power
2014-12-07,2.2,power
2014-12-08,1.44,power
2014-12-09,0.66,power
2014-12-10,0.85,power
2014-12-11,2.38,power
2014-12-12,3.15,power
2014-12-13,5.83,power
2014-12-14,6.71,power
2014-12-15,2.02,power
2014-12-16,1.59,power
2014-12-17,3.3,power
2014-12-18,0.5,power
2014-12-19,1.18,power
2014-12-20,0.53,power
2014-12-21,1.26,power
2014-12-22,0.07,power
2014-12-23,0.09,power
2014-12-24,0.11,power
2014-12-25,0.18,power
2014-12-26,0.16,power
2014-12-27,0.3,power
2014-12-28,0.23,power
2014-12-29,0.41,power
2014-12-30,0.68,power
2014-12-31,0.37,power
2015-01-01,0.33,power
2015-01-02,0.27,power
2015-01-03,0.27,power
2015-01-04,0.34,power
2015-01-05,0.23,power
2015-01-06,0.27,power
2015-01-07,0.56,power
2015-01-08,0.63,power
2015-01-09,0.26,power
2015-01-10,0.29,power
2015-01-11,0.08,power
2015-01-12,0.11,power
2015-01-13,0.08,power
2015-01-14,0.05,power
2015-01-15,0.09,power
2015-01-16,0.43,power
2015-01-17,0.27,power
2015-01-18,0.29,power
2015-01-19,0.33,power
2015-01-20,0.22,power
2015-01-21,1.67,power
2015-01-22,1.39,power
2015-01-23,0.63,power
2015-01-24,0.5,power
2015-01-25,0.37,power
2015-01-26,0.07,power
2015-01-27,0.63,power
2015-01-28,2.64,power
2015-01-29,0.09,power
2015-01-30,0.16,power
2015-01-31,0.11,power
2015-02-01,0.16,power
2015-02-02,0.06,power
2015-02-03,0.15,power
2015-02-04,0.12,power
2015-02-05,1.09,power
2015-02-06,1.19,power
2015-02-07,0.11,power
2015-02-08,0.23,power
2015-02-09,0.65,power
2015-02-10,0.01,power
2015-02-11,0.04,power
2015-02-12,0.07,power
2015-02-13,0.32,power
2015-02-14,0.63,power
2015-02-15,0.65,power
2015-02-16,0.07,power
2015-02-17,0.1,power
2015-02-18,0.07,power
2015-02-19,0.11,power
2015-02-20,0.04,power
2015-02-21,0.07,power
2015-02-22,0.08,power
2015-02-23,0.06,power
2015-02-24,0.15,power
2015-02-25,0.09,power
2015-02-26,0.02,power
2015-02-27,0.17,power
2015-02-28,1.23,power
2015-03-01,1.62,power
2015-03-02,0.2,power
2015-03-03,0.1,power
2015-03-04,0.08,power
2015-03-05,0.14,power
2015-03-06,0.26,power
2015-03-07,0.21,power
2015-03-08,0.3,power
2015-03-09,0.08,power
2015-03-10,0.08,power
2015-03-11,0.08,power
2015-03-12,0.21,power
2015-03-13,0.17,power
2015-03-14,0.27,power
2015-03-15,0.18,power
2015-03-16,0.29,power
2015-03-17,0.1,power
2015-03-18,0.06,power
2015-03-19,0.05,power
2015-03-20,0.29,power
2015-03-21,0.18,power
2015-03-22,0.05,power
2015-03-23,0.02,power
2015-03-24,0.05,power
2015-03-25,0.07,power
2015-03-26,0.4,power
2015-03-27,0.11,power
2015-03-28,0.45,power
2015-03-29,2.14,power
2015-03-30,1.66,power
2015-03-31,1.17,power
2015-04-01,0.16,power
2015-04-02,0.94,power
2015-04-03,0.77,power
2015-04-04,1.75,power
2015-04-05,0.95,power
2015-04-06,0.07,power
2015-04-07,0.25,power
2015-04-08,0.7,power
2015-04-09,0.41,power
2015-04-10,0.7,power
2015-04-11,1.07,power
2015-04-12,0.95,power
2015-04-13,1.93,power
2015-04-14,5.45,power
2015-04-15,8.73,power
2015-04-16,7.06,power
2015-04-17,3.85,power
2015-04-18,8.44,power
2015-04-19,1.92,power
2015-04-20,1.44,power
2015-04-21,2.54,power
2015-04-22,2.18,power
2015-04-23,0.44,power
2015-04-24,0.28,power
2015-04-25,1.8,power
2015-04-26,1.56,power
2015-04-27,0.99,power
2015-04-28,0.54,power
2015-04-29,0.55,power
2015-04-30,0.49,power
2015-05-01,0.72,power
2015-05-02,0.76,power
2015-05-03,0.37,power
2015-05-04,0.55,power
2015-05-05,0.39,power
2015-05-06,0.73,power
2015-05-07,1.28,power
2015-05-08,2.18,power
2015-05-09,0.65,power
2015-05-10,1.65,power
2015-05-11,2.87,power
2015-05-12,1.13,power
2015-05-13,1.14,power
2015-05-14,5.51,power
2015-05-15,22.73,power
2015-05-16,2.99,power
2015-05-17,4.88,power
2015-05-18,3.44,power
2015-05-19,2.38,power
2015-05-20,2.83,power
2015-05-21,9.49,power
2015-05-22,9.2,power
2015-05-23,13.03,power
2015-05-24,32.55,power
2015-05-25,13.63,power
2015-05-26,7.81,power
2015-05-27,18.71,power
2015-05-28,8.92,power
2015-05-29,1.8,power
2015-05-30,2.29,power
2015-05-31,1.43,power
2015-06-01,1.52,power
2015-06-02,6.27,power
2015-06-03,17.63,power
2015-06-04,8.76,power
2015-06-05,2.84,power
2015-06-06,3.95,power
2015-06-07,17.56,power
2015-06-08,7.09,power
2015-06-09,6.96,power
2015-06-10,1.88,power
2015-06-11,1.59,power
2015-06-12,1.29,power
2015-06-13,1.45,power
2015-06-14,2.81,power
2015-06-15,2.58,power
2015-06-16,4.24,power
2015-06-17,13.5,power
2015-06-18,2.54,power
2015-06-19,3.23,power
2015-06-20,2.53,power
2015-06-21,2.5,power
2015-06-22,1.39,power
2015-06-23,1.21,power
2015-06-24,0.96,power
2015-06-25,1.4,power
2015-06-26,2.13,power
2015-06-27,1.74,power
2015-06-28,3.04,power
2015-06-29,3.59,power
2015-06-30,1.34,power
2015-07-01,0.38,power
2015-07-02,0.72,power
2015-07-03,0.6,power
2015-07-04,1.48,power
2015-07-05,2.8,power
2015-07-06,4.08,power
2015-07-07,4.82,power
2015-07-08,1.87,power
2015-07-09,4.39,power
2015-07-10,30.26,power
2015-07-11,11.64,power
2015-07-12,11.9,power
2015-07-13,6.3,power
2015-07-14,7.18,power
2015-07-15,3.38,power
2015-07-16,8.07,power
2015-07-17,16.55,power
2015-07-18,3.99,power
2015-07-19,10.44,power
2015-07-20,5.1,power
2015-07-21,2.73,power
2015-07-22,3.59,power
2015-07-23,7.98,power
2015-07-24,1.6,power
2015-07-25,2.1,power
2015-07-26,2.54,power
2015-07-27,6.34,power
2015-07-28,20.36,power
2015-07-29,8.05,power
2015-07-30,13.56,power
2015-07-31,5.65,power
2015-08-01,5.21,power
2015-08-02,3.73,power
2015-08-03,2.94,power
2015-08-04,0.45,power
2015-08-05,0.52,power
2015-08-06,0.53,power
2015-08-07,0.89,power
2015-08-08,4.94,power
2015-08-09,7.71,power
2015-08-10,1.3,power
2015-08-11,1.63,power
2015-08-12,2.21,power
2015-08-13,5.15,power
2015-08-14,16.56,power
2015-08-15,7.04,power
2015-08-16,4.86,power
2015-08-17,7.91,power
2015-08-18,3.63,power
2015-08-19,1.69,power
2015-08-20,4.03,power
2015-08-21,7.41,power
2015-08-22,3.69,power
2015-08-23,7.01,power
2015-08-24,2.66,power
2015-08-25,8.32,power
2015-08-26,5.07,power
2015-08-27,2.6,power
2015-08-28,1.42,power
2015-08-29,3.94,power
2015-08-30,5.87,power
2015-08-31,9.04,power
2015-09-01,2.99,power
2015-09-02,4.3,power
2015-09-03,21.64,power
2015-09-04,11.41,power
2015-09-05,18.8,power
2015-09-06,22.51,power
2015-09-07,11.11,power
2015-09-08,15.49,power
2015-09-09,22.58,power
2015-09-10,41.66,power
2015-09-11,4.18,power
2015-09-12,1.12,power
2015-09-13,1.65,power
2015-09-14,1.33,power
2015-09-15,1.58,power
2015-09-16,1.98,power
2015-09-17,1.55,power
2015-09-18,0.59,power
2015-09-19,0.26,power
2015-09-20,0.32,power
2015-09-21,0.87,power
2015-09-22,2.27,power
2015-09-23,11.36,power
2015-09-24,3.38,power
2015-09-25,5.21,power
2015-09-26,30.65,power
2015-09-27,3.23,power
2015-09-28,14.25,power
2015-09-29,13.77,power
2015-09-30,13.37,power
2015-10-01,7.7,power
2015-10-02,1.4,power
2015-10-03,1.37,power
2015-10-04,1.93,power
2015-10-05,5.35,power
2015-10-06,27.17,power
2015-10-07,25.93,power
2015-10-08,5.04,power
2015-10-09,10.27,power
2015-10-10,2.68,power
2015-10-11,2.0,power
2015-10-12,5.18,power
2015-10-13,13.42,power
2015-10-14,8.08,power
2015-10-15,6.72,power
2015-10-16,20.63,power
2015-10-17,4.92,power
2015-10-18,3.7,power
2015-10-19,1.53,power
2015-10-20,6.4,power
2015-10-21,40.82,power
2015-10-22,10.64,power
2015-10-23,19.09,power
2015-10-24,7.39,power
2015-10-25,3.58,power
2015-10-26,6.39,power
2015-10-27,4.16,power
2015-10-28,7.27,power
2015-10-29,4.72,power
2015-10-30,22.9,power
2015-10-31,6.89,power
2015-11-01,2.4,power
2015-11-02,4.75,power
2015-11-03,3.53,power
2015-11-04,10.23,power
2015-11-05,10.96,power
2015-11-06,14.94,power
2015-11-07,8.79,power
2015-11-08,14.13,power
2015-11-09,3.39,power
2015-11-10,13.45,power
2015-11-11,9.17,power
2015-11-12,1.5,power
2015-11-13,1.46,power
2015-11-14,4.58,power
2015-11-15,12.45,power
2015-11-16,6.08,power
2015-11-17,13.55,power
2015-11-18,4.76,power
2015-11-19,3.97,power
2015-11-20,1.27,power
2015-11-21,3.5,power
2015-11-22,28.45,power
2015-11-23,6.75,power
2015-11-24,4.88,power
2015-11-25,3.62,power
2015-11-26,10.61,power
2015-11-27,20.63,power
2015-11-28,18.63,power
2015-11-29,5.9,power
2015-11-30,1.14,power
2015-12-01,0.41,power
2015-12-02,4.23,power
2015-12-03,4.79,power
2015-12-04,9.34,power
2015-12-05,5.46,power
2015-12-06,14.71,power
2015-12-07,23.23,power
2015-12-08,7.66,power
2015-12-09,6.33,power
2015-12-10,3.91,power
2015-12-11,2.22,power
2015-12-12,1.38,power
2015-12-13,5.31,power
2015-12-14,4.23,power
2015-12-15,0.7,power
2015-12-16,0.37,power
2015-12-17,1.09,power
2015-12-18,7.21,power
2015-12-19,7.89,power
2015-12-20,8.75,power
2015-12-21,5.37,power
2015-12-22,6.17,power
2015-12-23,5.71,power
2015-12-24,7.04,power
2015-12-25,5.73,power
2015-12-26,3.4,power
2015-12-27,2.29,power
2015-12-28,0.64,power
2015-12-29,0.23,power
2015-12-30,0.51,power
2015-12-31,2.03,power
2016-01-01,4.66,power
2016-01-02,1.85,power
2016-01-03,0.86,power
2016-01-04,0.59,power
2016-01-05,0.41,power
2016-01-06,0.2,power
2016-01-07,0.21,power
2016-01-08,0.16,power
2016-01-09,0.1,power
2016-01-10,0.1,power
2016-01-11,0.04,power
2016-01-12,0.08,power
2016-01-13,0.04,power
2016-01-14,0.04,power
2016-01-15,0.09,power
2016-01-16,0.01,power
2016-01-17,0.01,power
2016-01-18,0.01,power
2016-01-19,0.02,power
2016-01-20,0.11,power
2016-01-21,0.1,power
2016-01-22,0.04,power
2016-01-23,0.18,power
2016-01-24,0.35,power
2016-01-25,0.3,power
2016-01-26,0.08,power
2016-01-27,0.1,power
2016-01-28,0.01,power
2016-01-29,0.1,power
2016-01-30,0.13,power
2016-01-31,0.23,power
2016-02-01,0.04,power
2016-02-02,0.11,power
2016-02-03,0.06,power
2016-02-04,0.13,power
2016-02-05,0.08,power
2016-02-06,0.01,power
2016-02-07,0.09,power
2016-02-08,0.12,power
2016-02-09,0.3,power
2016-02-10,0.47,power
2016-02-11,0.36,power
2016-02-12,0.12,power
2016-02-13,0.1,power
2016-02-14,0.17,power
2016-02-15,0.06,power
2016-02-16,0.09,power
2016-02-17,0.13,power
2016-02-18,0.15,power
2016-02-19,0.06,power
2016-02-20,0.01,power
2016-02-21,0.02,power
2016-02-22,0.02,power
2016-02-23,0.03,power
2016-02-24,0.06,power
2016-02-25,0.26,power
2016-02-26,0.37,power
2016-02-27,0.25,power
2016-02-28,1.37,power
2016-02-29,0.16,power
2016-03-01,0.37,power
2016-03-02,0.48,power
2016-03-03,0.08,power
2016-03-04,0.47,power
2016-03-05,0.43,power
2016-03-06,0.06,power
2016-03-07,0.01,power
2016-03-08,0.0,power
2016-03-09,0.03,power
2016-03-10,0.12,power
2016-03-11,0.1,power
2016-03-12,0.07,power
2016-03-13,0.02,power
2016-03-14,0.01,power
2016-03-15,0.01,power
2016-03-16,0.04,power
2016-03-17,0.08,power
2016-03-18,0.13,power
2016-03-19,0.27,power
2016-03-20,0.2,power
2016-03-21,0.43,power
2016-03-22,0.74,power
2016-03-23,0.26,power
2016-03-24,0.19,power
2016-03-25,0.3,power
2016-03-26,0.15,power
2016-03-27,0.07,power
2016-03-28,0.04,power
2016-03-29,0.02,power
2016-03-30,0.01,power
2016-03-31,0.0,power
2016-04-01,0.75,power
2016-04-02,11.04,power
2016-04-03,11.09,power
2016-04-04,0.47,power
2016-04-05,0.76,power
2016-04-06,0.03,power
2016-04-07,0.01,power
2016-04-08,0.16,power
2016-04-09,0.3,power
2016-04-10,0.79,power
2016-04-11,1.54,power
2016-04-12,0.66,power
2016-04-13,2.21,power
2016-04-14,0.16,power
2016-04-15,0.86,power
2016-04-16,0.87,power
2016-04-17,3.07,power
2016-04-18,3.39,power
2016-04-19,1.71,power
2016-04-20,3.73,power
2016-04-21,1.65,power
2016-04-22,3.6,power
2016-04-23,5.2,power
2016-04-24,5.9,power
2016-04-25,3.15,power
2016-04-26,25.58,power
2016-04-27,28.12,power
2016-04-28,9.12,power
2016-04-29,5.19,power
2016-04-30,11.5,power
2016-05-01,11.38,power
2016-05-02,12.38,power
2016-05-03,5.53,power
2016-05-04,0.7,power
2016-05-05,1.71,power
2016-05-06,3.19,power
2016-05-07,2.23,power
2016-05-08,2.54,power
2016-05-09,1.45,power
2016-05-10,4.64,power
2016-05-11,1.15,power
2016-05-12,3.69,power
2016-05-13,13.02,power
2016-05-14,8.38,power
2016-05-15,3.34,power
2016-05-16,8.21,power
2016-05-17,17.07,power
2016-05-18,4.42,power
2016-05-19,3.38,power
2016-05-20,4.46,power
2016-05-21,6.8,power
2016-05-22,7.12,power
2016-05-23,13.07,power
2016-05-24,39.67,power
2016-05-25,13.6,power
2016-05-26,3.91,power
2016-05-27,4.41,power
2016-05-28,12.82,power
2016-05-29,32.4,power
2016-05-30,3.27,power
2016-05-31,4.92,power
2016-06-01,32.03,power
2016-06-02,4.58,power
2016-06-03,2.56,power
2016-06-04,0.61,power
2016-06-05,2.71,power
2016-06-06,14.55,power
2016-06-07,8.64,power
2016-06-08,4.35,power
2016-06-09,4.94,power
2016-06-10,2.28,power
2016-06-11,1.01,power
2016-06-12,3.08,power
2016-06-13,4.02,power
2016-06-14,16.13,power
2016-06-15,2.69,power
2016-06-16,8.16,power
2016-06-17,23.35,power
2016-06-18,7.65,power
2016-06-19,12.05,power
2016-06-20,11.54,power
2016-06-21,4.83,power
2016-06-22,6.27,power
2016-06-23,35.26,power
2016-06-24,35.15,power
2016-06-25,2.34,power
2016-06-26,1.17,power
2016-06-27,1.58,power
2016-06-28,1.6,power
2016-06-29,5.6,power
2016-06-30,15.03,power
2016-07-01,21.88,power
2016-07-02,4.19,power
2016-07-03,4.43,power
2016-07-04,12.01,power
2016-07-05,1.75,power
2016-07-06,1.49,power
2016-07-07,3.54,power
2016-07-08,4.28,power
2016-07-09,3.73,power
2016-07-10,5.02,power
2016-07-11,1.96,power
2016-07-12,5.4,power
2016-07-13,1.7,power
2016-07-14,6.66,power
2016-07-15,20.8,power
2016-07-16,19.47,power
2016-07-17,48.78,power
2016-07-18,16.64,power
2016-07-19,5.04,power
2016-07-20,4.99,power
2016-07-21,7.65,power
2016-07-22,11.32,power
2016-07-23,16.95,power
2016-07-24,3.21,power
2016-07-25,3.51,power
2016-07-26,2.75,power
2016-07-27,5.06,power
2016-07-28,3.97,power
2016-07-29,3.25,power
2016-07-30,3.58,power
2016-07-31,3.68,power
2016-08-01,3.58,power
2016-08-02,4.63,power
2016-08-03,7.83,power
2016-08-04,2.46,power
2016-08-05,1.86,power
2016-08-06,1.73,power
2016-08-07,3.61,power
2016-08-08,9.18,power
2016-08-09,31.54,power
2016-08-10,8.96,power
2016-08-11,11.17,power
2016-08-12,8.57,power
2016-08-13,15.43,power
2016-08-14,31.31,power
2016-08-15,7.25,power
2016-08-16,3.29,power
2016-08-17,7.35,power
2016-08-18,9.49,power
2016-08-19,12.39,power
2016-08-20,19.22,power
2016-08-21,9.62,power
2016-08-22,11.95,power
2016-08-23,5.43,power
2016-08-24,6.69,power
2016-08-25,16.69,power
2016-08-26,28.05,power
2016-08-27,3.1,power
2016-08-28,9.31,power
2016-08-29,23.3,power
2016-08-30,5.31,power
2016-08-31,7.54,power
2016-09-01,4.9,power
2016-09-02,4.89,power
2016-09-03,5.76,power
2016-09-04,3.0,power
2016-09-05,3.45,power
2016-09-06,1.77,power
2016-09-07,2.12,power
2016-09-08,4.76,power
2016-09-09,4.11,power
2016-09-10,6.55,power
2016-09-11,19.0,power
2016-09-12,12.05,power
2016-09-13,1.24,power
2016-09-14,1.87,power
2016-09-15,7.73,power
2016-09-16,0.57,power
2016-09-17,4.65,power
2016-09-18,15.45,power
2016-09-19,12.61,power
2016-09-20,12.88,power
2016-09-21,41.19,power
2016-09-22,2.57,power
2016-09-23,3.15,power
2016-09-24,6.7,power
2016-09-25,2.8,power
2016-09-26,5.78,power
2016-09-27,3.7,power
2016-09-28,4.43,power
2016-09-29,4.7,power
2016-09-30,10.29,power
2016-10-01,20.27,power
2016-10-02,0.6,power
2016-10-03,1.1,power
2016-10-04,1.72,power
2016-10-05,5.35,power
2016-10-06,26.44,power
2016-10-07,11.8,power
2016-10-08,10.79,power
2016-10-09,6.83,power
2016-10-10,4.04,power
2016-10-11,6.21,power
2016-10-12,10.51,power
2016-10-13,1.31,power
2016-10-14,1.18,power
2016-10-15,1.31,power
2016-10-16,1.94,power
2016-10-17,8.42,power
2016-10-18,7.86,power
2016-10-19,5.54,power
2016-10-20,1.22,power
2016-10-21,5.0,power
2016-10-22,9.71,power
2016-10-23,6.87,power
2016-10-24,3.85,power
2016-10-25,0.32,power
2016-10-26,1.8,power
2016-10-27,2.14,power
2016-10-28,13.24,power
2016-10-29,26.11,power
2016-10-30,11.25,power
2016-10-31,38.26,power
2016-11-01,11.58,power
2016-11-02,5.15,power
2016-11-03,1.13,power
2016-11-04,6.09,power
2016-11-05,2.14,power
2016-11-06,6.59,power
2016-11-07,10.21,power
2016-11-08,0.67,power
2016-11-09,1.36,power
2016-11-10,6.78,power
2016-11-11,26.29,power
2016-11-12,12.43,power
2016-11-13,6.15,power
2016-11-14,19.03,power
2016-11-15,11.68,power
2016-11-16,29.61,power
2016-11-17,7.38,power
2016-11-18,15.99,power
2016-11-19,10.02,power
2016-11-20,24.53,power
2016-11-21,15.85,power
2016-11-22,30.27,power
2016-11-23,19.31,power
2016-11-24,4.3,power
2016-11-25,4.55,power
2016-11-26,3.96,power
2016-11-27,4.16,power
2016-11-28,11.0,power
2016-11-29,5.7,power
2016-11-30,6.72,power
2016-12-01,3.36,power
2016-12-02,0.54,power
2016-12-03,0.43,power
2016-12-04,2.71,power
2016-12-05,3.94,power
2016-12-06,5.33,power
2016-12-07,4.07,power
2016-12-08,2.64,power
2016-12-09,3.57,power
2016-12-10,3.78,power
2016-12-11,5.86,power
2016-12-12,4.38,power
2016-12-13,3.08,power
2016-12-14,5.38,power
2016-12-15,1.9,power
2016-12-16,5.11,power
2016-12-17,1.35,power
2016-12-18,0.74,power
2016-12-19,0.89,power
2016-12-20,1.11,power
2016-12-21,1.35,power
2016-12-22,4.79,power
2016-12-23,1.64,power
2016-12-24,2.16,power
2016-12-25,2.94,power
2016-12-26,4.62,power
2016-12-27,2.75,power
2016-12-28,1.28,power
2016-12-29,0.69,power
2016-12-30,1.52,power
2016-12-31,1.77,power
2017-01-01,0.9,power
2017-01-02,0.32,power
2017-01-03,0.13,power
2017-01-04,0.18,power
2017-01-05,0.19,power
2017-01-06,0.37,power
2017-01-07,1.44,power
2017-01-08,2.64,power
2017-01-09,1.96,power
2017-01-10,1.11,power
2017-01-11,0.22,power
2017-01-12,0.42,power
2017-01-13,0.71,power
2017-01-14,0.12,power
2017-01-15,0.27,power
2017-01-16,0.16,power
2017-01-17,0.14,power
2017-01-18,0.2,power
2017-01-19,0.2,power
2017-01-20,0.09,power
2017-01-21,0.14,power
2017-01-22,4.97,power
2017-01-23,2.26,power
2017-01-24,3.3,power
2017-01-25,0.32,power
2017-01-26,0.04,power
2017-01-27,0.07,power
2017-01-28,0.05,power
2017-01-29,0.08,power
2017-01-30,0.2,power
2017-01-31,0.12,power
2017-02-01,0.11,power
2017-02-02,0.13,power
2017-02-03,0.22,power
2017-02-04,0.14,power
2017-02-05,0.28,power
2017-02-06,0.21,power
2017-02-07,0.18,power
2017-02-08,0.21,power
2017-02-09,0.11,power
2017-02-10,0.29,power
2017-02-11,0.18,power
2017-02-12,0.34,power
2017-02-13,0.34,power
2017-02-14,0.17,power
2017-02-15,0.91,power
2017-02-16,6.25,power
2017-02-17,0.45,power
2017-02-18,0.28,power
2017-02-19,0.3,power
2017-02-20,0.15,power
2017-02-21,0.2,power
2017-02-22,0.04,power
2017-02-23,0.49,power
2017-02-24,0.29,power
2017-02-25,0.0,power
2017-02-26,0.04,power
2017-02-27,0.12,power
2017-02-28,0.19,power
2017-03-01,0.24,power
2017-03-02,0.35,power
2017-03-03,0.37,power
2017-03-04,0.48,power
2017-03-05,0.93,power
2017-03-06,1.07,power
2017-03-07,0.39,power
2017-03-08,1.63,power
2017-03-09,0.35,power
2017-03-10,0.49,power
2017-03-11,0.79,power
2017-03-12,2.71,power
2017-03-13,2.09,power
2017-03-14,3.33,power
2017-03-15,2.93,power
2017-03-16,0.73,power
2017-03-17,3.05,power
2017-03-18,1.9,power
2017-03-19,2.27,power
2017-03-20,2.85,power
2017-03-21,4.56,power
2017-03-22,1.18,power
2017-03-23,1.11,power
2017-03-24,4.19,power
2017-03-25,4.6,power
2017-03-26,3.27,power
2017-03-27,1.02,power
2017-03-28,0.18,power
2017-03-29,0.23,power
2017-03-30,2.65,power
2017-03-31,3.1,power
2017-04-01,1.65,power
2017-04-02,4.37,power
2017-04-03,3.61,power
2017-04-04,0.4,power
2017-04-05,0.67,power
2017-04-06,0.56,power
2017-04-07,0.79,power
2017-04-08,0.45,power
2017-04-09,0.27,power
2017-04-10,0.93,power
2017-04-11,0.17,power
2017-04-12,0.04,power
2017-04-13,0.11,power
2017-04-14,0.17,power
2017-04-15,1.86,power
2017-04-16,1.5,power
2017-04-17,10.2,power
2017-04-18,13.21,power
2017-04-19,3.1,power
2017-04-20,8.71,power
2017-04-21,11.35,power
2017-04-22,3.65,power
2017-04-23,3.02,power
2017-04-24,0.38,power
2017-04-25,1.05,power
2017-04-26,1.31,power
2017-04-27,10.12,power
2017-04-28,1.56,power
2017-04-29,3.72,power
2017-04-30,8.0,power
2017-05-01,5.81,power
2017-05-02,22.47,power
2017-05-03,11.82,power
2017-05-04,13.97,power
2017-05-05,51.76,power
2017-05-06,20.31,power
2017-05-07,10.98,power
2017-05-08,29.77,power
2017-05-09,7.54,power
2017-05-10,4.85,power
2017-05-11,6.34,power
2017-05-12,8.13,power
2017-05-13,1.02,power
2017-05-14,0.6,power
2017-05-15,1.33,power
2017-05-16,2.67,power
2017-05-17,4.75,power
2017-05-18,2.19,power
2017-05-19,7.92,power
2017-05-20,21.83,power
2017-05-21,25.05,power
2017-05-22,14.93,power
2017-05-23,2.69,power
2017-05-24,6.96,power
2017-05-25,15.11,power
2017-05-26,23.18,power
2017-05-27,2.33,power
2017-05-28,2.72,power
2017-05-29,4.8,power
2017-05-30,6.16,power
2017-05-31,8.52,power
2017-06-01,3.34,power
2017-06-02,4.51,power
2017-06-03,6.25,power
2017-06-04,20.79,power
2017-06-05,3.77,power
2017-06-06,12.37,power
2017-06-07,4.52,power
2017-06-08,27.27,power
2017-06-09,5.22,power
2017-06-10,8.71,power
2017-06-11,38.67,power
2017-06-12,7.96,power
2017-06-13,19.93,power
2017-06-14,3.59,power
2017-06-15,5.74,power
2017-06-16,7.9,power
2017-06-17,6.5,power
2017-06-18,2.98,power
2017-06-19,4.66,power
2017-06-20,1.34,power
2017-06-21,1.22,power
2017-06-22,3.29,power
2017-06-23,1.67,power
2017-06-24,3.74,power
2017-06-25,11.66,power
2017-06-26,7.1,power
2017-06-27,5.62,power
2017-06-28,4.54,power
2017-06-29,19.41,power
2017-06-30,6.2,power
2017-07-01,22.34,power
2017-07-02,30.62,power
2017-07-03,8.07,power
2017-07-04,10.7,power
2017-07-05,6.46,power
2017-07-06,11.61,power
2017-07-07,5.34,power
2017-07-08,3.47,power
2017-07-09,3.89,power
2017-07-10,4.5,power
2017-07-11,22.1,power
2017-07-12,2.83,power
2017-07-13,2.73,power
2017-07-14,2.23,power
2017-07-15,7.03,power
2017-07-16,3.75,power
2017-07-17,2.99,power
2017-07-18,13.67,power
2017-07-19,24.69,power
2017-07-20,13.33,power
2017-07-21,26.84,power
2017-07-22,9.16,power
2017-07-23,14.54,power
2017-07-24,5.32,power
2017-07-25,4.36,power
2017-07-26,7.13,power
2017-07-27,2.5,power
2017-07-28,3.46,power
2017-07-29,6.64,power
2017-07-30,58.64,power
2017-07-31,4.73,power
2017-08-01,1.02,power
2017-08-02,2.13,power
2017-08-03,1.57,power
2017-08-04,4.83,power
2017-08-05,8.1,power
2017-08-06,4.42,power
2017-08-07,8.62,power
2017-08-08,19.07,power
2017-08-09,27.07,power
2017-08-10,19.39,power
2017-08-11,7.07,power
2017-08-12,69.01,power
2017-08-13,5.93,power
2017-08-14,1.85,power
2017-08-15,6.85,power
2017-08-16,9.3,power
2017-08-17,2.05,power
2017-08-18,3.21,power
2017-08-19,12.99,power
2017-08-20,15.7,power
2017-08-21,0.62,power
2017-08-22,4.36,power
2017-08-23,10.21,power
2017-08-24,5.21,power
2017-08-25,3.32,power
2017-08-26,10.76,power
2017-08-27,6.52,power
2017-08-28,38.55,power
2017-08-29,1.33,power
2017-08-30,2.77,power
2017-08-31,0.87,power
2017-09-01,1.87,power
2017-09-02,6.54,power
2017-09-03,5.65,power
2017-09-04,6.55,power
2017-09-05,15.2,power
2017-09-06,4.52,power
2017-09-07,3.4,power
2017-09-08,7.33,power
2017-09-09,24.09,power
2017-09-10,8.83,power
2017-09-11,9.94,power
2017-09-12,9.42,power
2017-09-13,0.94,power
2017-09-14,1.62,power
2017-09-15,0.79,power
2017-09-16,0.88,power
2017-09-17,1.01,power
2017-09-18,3.38,power
2017-09-19,8.63,power
2017-09-20,12.46,power
2017-09-21,1.3,power
2017-09-22,3.53,power
2017-09-23,3.3,power
2017-09-24,2.16,power
2017-09-25,4.67,power
2017-09-26,1.27,power
2017-09-27,2.62,power
2017-09-28,11.39,power
2017-09-29,6.01,power
2017-09-30,13.64,power
2017-10-01,7.74,power
2017-10-02,14.52,power
2017-10-03,15.05,power
2017-10-04,12.95,power
2017-10-05,6.25,power
2017-10-06,1.08,power
2017-10-07,0.32,power
2017-10-08,0.8,power
2017-10-09,0.75,power
2017-10-10,0.62,power
2017-10-11,0.46,power
2017-10-12,0.77,power
2017-10-13,2.74,power
2017-10-14,6.87,power
2017-10-15,0.99,power
2017-10-16,2.93,power
2017-10-17,4.99,power
2017-10-18,62.25,power
2017-10-19,6.8,power
2017-10-20,6.52,power
2017-10-21,14.52,power
2017-10-22,11.13,power
2017-10-23,7.07,power
2017-10-24,17.63,power
2017-10-25,7.31,power
2017-10-26,1.84,power
2017-10-27,3.98,power
2017-10-28,13.91,power
2017-10-29,0.53,power
2017-10-30,6.77,power
2017-10-31,0.52,power
2017-11-01,2.53,power
2017-11-02,5.36,power
2017-11-03,5.49,power
2017-11-04,8.07,power
2017-11-05,15.72,power
2017-11-06,0.68,power
2017-11-07,2.51,power
2017-11-08,0.99,power
2017-11-09,3.99,power
2017-11-10,1.4,power
2017-11-11,1.28,power
2017-11-12,2.34,power
2017-11-13,8.18,power
2017-11-14,12.48,power
2017-11-15,49.19,power
2017-11-16,27.84,power
2017-11-17,1.65,power
2017-11-18,0.88,power
2017-11-19,1.73,power
2017-11-20,0.38,power
2017-11-21,7.13,power
2017-11-22,36.55,power
2017-11-23,23.7,power
2017-11-24,9.63,power
2017-11-25,10.42,power
2017-11-26,7.58,power
2017-11-27,3.0,power
2017-11-28,1.4,power
2017-11-29,3.09,power
2017-11-30,3.49,power
2017-12-01,1.17,power
2017-12-02,1.06,power
2017-12-03,2.99,power
2017-12-04,2.85,power
2017-12-05,7.48,power
2017-12-06,15.69,power
2017-12-07,7.23,power
2017-12-08,8.8,power
2017-12-09,12.93,power
2017-12-10,2.96,power
2017-12-11,3.76,power
2017-12-12,7.81,power
2017-12-13,6.56,power
2017-12-14,1.15,power
2017-12-15,1.84,power
2017-12-16,1.12,power
2017-12-17,0.24,power
2017-12-18,0.31,power
2017-12-19,0.6,power
2017-12-20,0.36,power
2017-12-21,0.41,power
2017-12-22,0.31,power
2017-12-23,0.35,power
2017-12-24,0.61,power
2017-12-25,0.95,power
2017-12-26,1.91,power
2017-12-27,1.1,power
2017-12-28,3.63,power
2017-12-29,13.6,power
2017-12-30,23.77,power
2017-12-31,19.24,power
2018-01-01,1.5,power
2018-01-02,4.17,power
2018-01-03,4.67,power
2018-01-04,9.68,power
2018-01-05,6.83,power
2018-01-06,16.73,power
2018-01-07,2.5,power
2018-01-08,2.56,power
2018-01-09,5.52,power
2018-01-10,2.26,power
2018-01-11,0.38,power
2018-01-12,1.15,power
2018-01-13,7.61,power
2018-01-14,8.39,power
2018-01-15,2.93,power
2018-01-16,5.3,power
2018-01-17,4.29,power
2018-01-18,6.53,power
2018-01-19,10.77,power
2018-01-20,1.52,power
2018-01-21,0.22,power
2018-01-22,0.73,power
2018-01-23,1.1,power
2018-01-24,0.39,power
2018-01-25,0.17,power
2018-01-26,0.46,power
2018-01-27,0.3,power
2018-01-28,0.24,power
2018-01-29,0.2,power
2018-01-30,0.57,power
2018-01-31,0.57,power
2018-02-01,0.27,power
2018-02-02,0.31,power
2018-02-03,0.18,power
2018-02-04,0.06,power
2018-02-05,0.1,power
2018-02-06,0.1,power
2018-02-07,0.18,power
2018-02-08,0.15,power
2018-02-09,0.13,power
2018-02-10,0.24,power
2018-02-11,0.23,power
2018-02-12,0.19,power
2018-02-13,0.16,power
2018-02-14,0.29,power
2018-02-15,0.24,power
2018-02-16,0.35,power
2018-02-17,0.1,power
2018-02-18,0.14,power
2018-02-19,0.1,power
2018-02-20,0.62,power
2018-02-21,0.44,power
2018-02-22,0.14,power
2018-02-23,0.19,power
2018-02-24,0.18,power
2018-02-25,0.17,power
2018-02-26,0.11,power
2018-02-27,0.08,power
2018-02-28,0.01,power
2018-03-01,0.06,power
2018-03-02,0.25,power
2018-03-03,0.26,power
2018-03-04,0.09,power
2018-03-05,0.02,power
2018-03-06,0.1,power
2018-03-07,0.18,power
2018-03-08,0.34,power
2018-03-09,0.57,power
2018-03-10,0.15,power
2018-03-11,0.2,power
2018-03-12,3.29,power
2018-03-13,0.32,power
2018-03-14,0.21,power
2018-03-15,0.11,power
2018-03-16,0.13,power
2018-03-17,0.22,power
2018-03-18,0.27,power
2018-03-19,0.17,power
2018-03-20,0.1,power
2018-03-21,0.05,power
2018-03-22,0.27,power
2018-03-23,1.43,power
2018-03-24,0.38,power
2018-03-25,0.07,power
2018-03-26,0.19,power
2018-03-27,0.19,power
2018-03-28,0.25,power
2018-03-29,0.22,power
2018-03-30,0.78,power
2018-03-31,0.3,power
2018-04-01,0.08,power
2018-04-02,0.06,power
2018-04-03,0.59,power
2018-04-04,0.56,power
2018-04-05,0.6,power
2018-04-06,2.97,power
2018-04-07,2.44,power
2018-04-08,32.39,power
2018-04-09,5.31,power
2018-04-10,9.07,power
2018-04-11,4.65,power
2018-04-12,7.37,power
2018-04-13,12.46,power
2018-04-14,2.33,power
2018-04-15,0.58,power
2018-04-16,1.36,power
2018-04-17,0.97,power
2018-04-18,0.35,power
2018-04-19,0.69,power
2018-04-20,1.54,power
2018-04-21,4.23,power
2018-04-22,4.67,power
2018-04-23,8.68,power
2018-04-24,3.45,power
2018-04-25,10.23,power
2018-04-26,2.35,power
2018-04-27,1.24,power
2018-04-28,1.48,power
2018-04-29,1.98,power
2018-04-30,1.33,power
2018-05-01,0.29,power
2018-05-02,0.71,power
2018-05-03,1.81,power
2018-05-04,2.23,power
2018-05-05,3.59,power
2018-05-06,7.32,power
2018-05-07,2.59,power
2018-05-08,1.25,power
2018-05-09,3.05,power
2018-05-10,5.75,power
2018-05-11,7.03,power
2018-05-12,28.92,power
2018-05-13,9.93,power
2018-05-14,4.38,power
2018-05-15,6.4,power
2018-05-16,1.16,power
2018-05-17,13.24,power
2018-05-18,22.95,power
2018-05-19,22.51,power
2018-05-20,2.58,power
2018-05-21,7.54,power
2018-05-22,6.72,power
2018-05-23,2.85,power
2018-05-24,9.06,power
2018-05-25,2.19,power
2018-05-26,3.58,power
2018-05-27,1.79,power
2018-05-28,2.61,power
2018-05-29,1.4,power
2018-05-30,1.54,power
2018-05-31,4.11,power
2018-06-01,5.95,power
2018-06-02,11.84,power
2018-06-03,8.07,power
2018-06-04,8.67,power
2018-06-05,2.7,power
2018-06-06,11.79,power
2018-06-07,3.9,power
2018-06-08,3.4,power
2018-06-09,10.46,power
2018-06-10,22.25,power
2018-06-11,17.25,power
2018-06-12,3.17,power
2018-06-13,1.78,power
2018-06-14,1.73,power
2018-06-15,4.18,power
2018-06-16,1.87,power
2018-06-17,6.34,power
2018-06-18,12.97,power
2018-06-19,6.74,power
2018-06-20,8.68,power
2018-06-21,1.68,power
2018-06-22,4.75,power
2018-06-23,24.21,power
2018-06-24,22.43,power
2018-06-25,5.82,power
2018-06-26,6.46,power
2018-06-27,15.74,power
2018-06-28,9.72,power
2018-06-29,10.27,power
2018-06-30,6.1,power
2018-07-01,3.75,power
2018-07-02,4.17,power
2018-07-03,3.55,power
2018-07-04,2.99,power
2018-07-05,12.18,power
2018-07-06,8.3,power
2018-07-07,2.91,power
2018-07-08,0.96,power
2018-07-09,2.22,power
2018-07-10,9.15,power
2018-07-11,8.78,power
2018-07-12,4.0,power
2018-07-13,7.3,power
2018-07-14,15.07,power
2018-07-15,4.98,power
2018-07-16,3.99,power
2018-07-17,4.24,power
2018-07-18,1.66,power
2018-07-19,2.35,power
2018-07-20,4.14,power
2018-07-21,2.78,power
2018-07-22,6.98,power
2018-07-23,4.87,power
2018-07-24,2.79,power
2018-07-25,11.26,power
2018-07-26,7.76,power
2018-07-27,9.51,power
2018-07-28,30.77,power
2018-07-29,8.0,power
2018-07-30,2.72,power
2018-07-31,3.97,power
2018-08-01,3.76,power
2018-08-02,3.91,power
2018-08-03,3.21,power
2018-08-04,2.52,power
2018-08-05,1.04,power
2018-08-06,4.24,power
2018-08-07,3.17,power
2018-08-08,2.05,power
2018-08-09,4.62,power
2018-08-10,1.73,power
2018-08-11,1.34,power
2018-08-12,2.31,power
2018-08-13,5.18,power
2018-08-14,1.46,power
2018-08-15,1.22,power
2018-08-16,0.67,power
2018-08-17,1.19,power
2018-08-18,2.59,power
2018-08-19,3.23,power
2018-08-20,2.62,power
2018-08-21,4.6,power
2018-08-22,7.91,power
2018-08-23,11.55,power
2018-08-24,6.63,power
2018-08-25,10.94,power
2018-08-26,6.08,power
2018-08-27,13.07,power
2018-08-28,4.09,power
2018-08-29,8.74,power
2018-08-30,4.76,power
2018-08-31,2.96,power
2018-09-01,2.72,power
2018-09-02,4.06,power
2018-09-03,15.77,power
2018-09-04,17.77,power
2018-09-05,12.73,power
2018-09-06,32.32,power
2018-09-07,4.82,power
2018-09-08,17.64,power
2018-09-09,10.25,power
2018-09-10,24.21,power
2018-09-11,8.44,power
2018-09-12,10.67,power
2018-09-13,14.45,power
2018-09-14,10.46,power
2018-09-15,6.47,power
2018-09-16,10.29,power
2018-09-17,10.96,power
2018-09-18,1.26,power
2018-09-19,1.63,power
2018-09-20,1.08,power
2018-09-21,1.06,power
2018-09-22,1.4,power
2018-09-23,7.53,power
2018-09-24,17.34,power
2018-09-25,5.3,power
2018-09-26,37.14,power
2018-09-27,17.04,power
2018-09-28,35.54,power
2018-09-29,10.7,power
2018-09-30,8.7,power
2018-10-01,7.19,power
2018-10-02,10.48,power
2018-10-03,12.94,power
2018-10-04,1.19,power
2018-10-05,1.12,power
2018-10-06,0.06,power
2018-10-07,0.14,power
2018-10-08,0.67,power
2018-10-09,5.27,power
2018-10-10,7.46,power
2018-10-11,25.1,power
2018-10-12,41.7,power
2018-10-13,19.97,power
2018-10-14,5.33,power
2018-10-15,1.98,power
2018-10-16,1.79,power
2018-10-17,6.21,power
2018-10-18,3.1,power
2018-10-19,1.52,power
2018-10-20,2.39,power
2018-10-21,9.63,power
2018-10-22,3.77,power
2018-10-23,3.43,power
2018-10-24,12.75,power
2018-10-25,36.83,power
2018-10-26,10.32,power
2018-10-27,54.57,power
2018-10-28,52.67,power
2018-10-29,6.9,power
2018-10-30,3.96,power
2018-10-31,0.33,power
2018-11-01,5.62,power
2018-11-02,19.46,power
2018-11-03,31.27,power
2018-11-04,18.42,power
2018-11-05,7.22,power
2018-11-06,2.86,power
2018-11-07,2.98,power
2018-11-08,1.45,power
2018-11-09,15.99,power
2018-11-10,4.7,power
2018-11-11,5.01,power
2018-11-12,0.98,power
2018-11-13,4.63,power
2018-11-14,7.22,power
2018-11-15,1.95,power
2018-11-16,1.23,power
2018-11-17,5.28,power
2018-11-18,7.03,power
2018-11-19,40.88,power
2018-11-20,24.04,power
2018-11-21,38.21,power
2018-11-22,10.96,power
2018-11-23,1.48,power
2018-11-24,0.22,power
2018-11-25,0.87,power
2018-11-26,0.45,power
2018-11-27,4.18,power
2018-11-28,1.54,power
2018-11-29,10.0,power
2018-11-30,0.48,power
2018-12-01,0.37,power
2018-12-02,0.63,power
2018-12-03,0.97,power
2018-12-04,1.77,power
2018-12-05,1.76,power
2018-12-06,1.52,power
2018-12-07,0.32,power
2018-12-08,0.26,power
2018-12-09,0.35,power
2018-12-10,0.2,power
2018-12-11,0.42,power
2018-12-12,1.8,power
2018-12-13,3.96,power
2018-12-14,2.96,power
2018-12-15,1.17,power
2018-12-16,1.29,power
2018-12-17,0.72,power
2018-12-18,0.44,power
2018-12-19,0.53,power
2018-12-20,0.32,power
2018-12-21,2.31,power
2018-12-22,0.51,power
2018-12-23,0.45,power
2018-12-24,0.46,power
2018-12-25,0.42,power
2018-12-26,0.44,power
2018-12-27,0.3,power
2018-12-28,0.3,power
2018-12-29,0.28,power
2018-12-30,0.39,power
2018-12-31,0.4,power
2019-01-01,0.13,power
2019-01-02,0.23,power
2019-01-03,0.24,power
2019-01-04,0.17,power
2019-01-05,0.63,power
2019-01-06,0.13,power
2019-01-07,0.04,power
2019-01-08,0.16,power
2019-01-09,0.16,power
2019-01-10,0.37,power
2019-01-11,0.17,power
2019-01-12,0.07,power
2019-01-13,0.16,power
2019-01-14,0.27,power
2019-01-15,0.15,power
2019-01-16,0.02,power
2019-01-17,0.11,power
2019-01-18,0.09,power
2019-01-19,0.06,power
2019-01-20,0.13,power
2019-01-21,0.63,power
2019-01-22,0.42,power
2019-01-23,0.15,power
2019-01-24,0.19,power
2019-01-25,0.2,power
2019-01-26,0.31,power
2019-01-27,0.09,power
2019-01-28,0.12,power
2019-01-29,0.17,power
2019-01-30,0.14,power
2019-01-31,0.07,power
2019-02-01,0.18,power
2019-02-02,0.05,power
2019-02-03,0.14,power
2019-02-04,0.06,power
2019-02-05,0.05,power
2019-02-06,0.04,power
2019-02-07,0.22,power
2019-02-08,0.18,power
2019-02-09,0.06,power
2019-02-10,0.03,power
2019-02-11,0.05,power
2019-02-12,0.1,power
2019-02-13,0.21,power
2019-02-14,0.09,power
2019-02-15,0.06,power
2019-02-16,0.01,power
2019-02-17,0.05,power
2019-02-18,0.1,power
2019-02-19,0.1,power
2019-02-20,0.08,power
2019-02-21,0.14,power
2019-02-22,0.23,power
2019-02-23,0.21,power
2019-02-24,0.5,power
2019-02-25,0.3,power
2019-02-26,0.53,power
2019-02-27,0.25,power
2019-02-28,0.29,power
2019-03-01,0.17,power
2019-03-02,0.08,power
2019-03-03,0.07,power
2019-03-04,0.08,power
2019-03-05,0.07,power
2019-03-06,0.08,power
2019-03-07,0.08,power
2019-03-08,0.11,power
2019-03-09,0.09,power
2019-03-10,0.42,power
2019-03-11,0.17,power
2019-03-12,0.06,power
2019-03-13,0.04,power
2019-03-14,0.08,power
2019-03-15,0.12,power
2019-03-16,0.22,power
2019-03-17,0.49,power
2019-03-18,1.66,power
2019-03-19,3.47,power
2019-03-20,1.77,power
2019-03-21,0.15,power
2019-03-22,0.02,power
2019-03-23,0.1,power
2019-03-24,0.16,power
2019-03-25,0.18,power
2019-03-26,0.1,power
2019-03-27,0.32,power
2019-03-28,0.14,power
2019-03-29,0.44,power
2019-03-30,0.08,power
2019-03-31,0.33,power
2019-04-01,2.67,power
2019-04-02,3.04,power
2019-04-03,1.31,power
2019-04-04,1.25,power
2019-04-05,2.26,power
2019-04-06,0.57,power
2019-04-07,0.51,power
2019-04-08,0.34,power
2019-04-09,1.25,power
2019-04-10,9.68,power
2019-04-11,0.14,power
2019-04-12,0.08,power
2019-04-13,0.07,power
2019-04-14,0.2,power
2019-04-15,0.57,power
2019-04-16,2.85,power
2019-04-17,1.88,power
2019-04-18,1.81,power
2019-04-19,1.36,power
2019-04-20,3.57,power
2019-04-21,17.63,power
2019-04-22,9.64,power
2019-04-23,2.06,power
2019-04-24,1.77,power
2019-04-25,0.24,power
2019-04-26,0.58,power
2019-04-27,2.84,power
2019-04-28,7.87,power
2019-04-29,11.51,power
2019-04-30,6.4,power
2019-05-01,3.04,power
2019-05-02,14.11,power
2019-05-03,7.38,power
2019-05-04,5.1,power
2019-05-05,3.95,power
2019-05-06,3.86,power
2019-05-07,8.04,power
2019-05-08,14.36,power
2019-05-09,20.33,power
2019-05-10,21.93,power
2019-05-11,0.65,power
2019-05-12,0.39,power
2019-05-13,2.24,power
2019-05-14,0.34,power
2019-05-15,2.47,power
2019-05-16,14.06,power
2019-05-17,6.5,power
2019-05-18,15.64,power
2019-05-19,15.3,power
2019-05-20,3.17,power
2019-05-21,4.67,power
2019-05-22,9.0,power
2019-05-23,4.07,power
2019-05-24,2.81,power
2019-05-25,3.57,power
2019-05-26,5.13,power
2019-05-27,13.04,power
2019-05-28,6.07,power
2019-05-29,24.85,power
2019-05-30,27.67,power
2019-05-31,3.92,power
2019-06-01,9.6,power
2019-06-02,1.44,power
2019-06-03,14.21,power
2019-06-04,5.32,power
2019-06-05,11.48,power
2019-06-06,42.54,power
2019-06-07,10.06,power
2019-06-08,8.35,power
2019-06-09,29.93,power
2019-06-10,7.1,power
2019-06-11,22.77,power
2019-06-12,10.65,power
2019-06-13,11.38,power
2019-06-14,7.14,power
2019-06-15,12.42,power
2019-06-16,2.32,power
2019-06-17,2.12,power
2019-06-18,5.41,power
2019-06-19,4.74,power
2019-06-20,7.2,power
2019-06-21,10.8,power
2019-06-22,4.83,power
2019-06-23,3.62,power
2019-06-24,4.62,power
2019-06-25,8.34,power
2019-06-26,3.0,power
2019-06-27,8.3,power
2019-06-28,18.83,power
2019-06-29,3.98,power
2019-06-30,4.46,power
2019-07-01,6.16,power
2019-07-02,8.74,power
2019-07-03,13.51,power
2019-07-04,1.29,power
2019-07-05,3.48,power
2019-07-06,6.01,power
2019-07-07,9.59,power
2019-07-08,10.51,power
2019-07-09,12.27,power
2019-07-10,3.1,power
2019-07-11,3.22,power
2019-07-12,4.63,power
2019-07-13,6.95,power
2019-07-14,15.98,power
2019-07-15,8.45,power
2019-07-16,0.62,power
2019-07-17,1.12,power
2019-07-18,4.03,power
2019-07-19,9.56,power
2019-07-20,3.98,power
2019-07-21,5.78,power
2019-07-22,5.14,power
2019-07-23,8.6,power
2019-07-24,10.34,power
2019-07-25,9.05,power
2019-07-26,3.26,power
2019-07-27,3.0,power
2019-07-28,1.55,power
2019-07-29,0.71,power
2019-07-30,0.84,power
2019-07-31,1.66,power
2019-08-01,7.43,power
2019-08-02,13.34,power
2019-08-03,2.55,power
2019-08-04,3.3,power
2019-08-05,9.26,power
2019-08-06,18.2,power
2019-08-07,2.36,power
2019-08-08,1.46,power
2019-08-09,4.17,power
2019-08-10,4.5,power
2019-08-11,5.8,power
2019-08-12,6.42,power
2019-08-13,11.92,power
2019-08-14,6.34,power
2019-08-15,31.16,power
2019-08-16,3.06,power
2019-08-17,3.21,power
2019-08-18,2.33,power
2019-08-19,2.32,power
2019-08-20,2.14,power
2019-08-21,1.34,power
2019-08-22,1.01,power
2019-08-23,1.12,power
2019-08-24,6.65,power
2019-08-25,12.57,power
2019-08-26,4.52,power
2019-08-27,6.79,power
2019-08-28,4.05,power
2019-08-29,3.45,power
2019-08-30,4.17,power
2019-08-31,6.44,power
2019-09-01,8.54,power
2019-09-02,3.24,power
2019-09-03,1.51,power
2019-09-04,2.16,power
2019-09-05,1.59,power
2019-09-06,1.85,power
2019-09-07,2.45,power
2019-09-08,6.9,power
2019-09-09,2.56,power
2019-09-10,2.57,power
2019-09-11,3.06,power
2019-09-12,7.85,power
2019-09-13,12.65,power
2019-09-14,41.05,power
2019-09-15,42.2,power
2019-09-16,2.08,power
2019-09-17,1.62,power
2019-09-18,3.7,power
2019-09-19,12.25,power
2019-09-20,2.83,power
2019-09-21,4.69,power
2019-09-22,14.26,power
2019-09-23,12.87,power
2019-09-24,8.29,power
2019-09-25,3.95,power
2019-09-26,6.35,power
2019-09-27,6.25,power
2019-09-28,9.45,power
2019-09-29,5.75,power
2019-09-30,9.85,power
2019-10-01,9.45,power
2019-10-02,28.73,power
2019-10-03,2.37,power
2019-10-04,13.15,power
2019-10-05,5.3,power
2019-10-06,4.54,power
2019-10-07,0.62,power
2019-10-08,0.94,power
2019-10-09,2.02,power
2019-10-10,5.7,power
2019-10-11,4.97,power
2019-10-12,22.87,power
2019-10-13,3.59,power
2019-10-14,4.38,power
2019-10-15,1.93,power
2019-10-16,2.35,power
2019-10-17,5.3,power
2019-10-18,21.38,power
2019-10-19,16.69,power
2019-10-20,23.16,power
2019-10-21,3.69,power
2019-10-22,12.62,power
2019-10-23,24.36,power
2019-10-24,2.75,power
2019-10-25,3.5,power
2019-10-26,2.63,power
2019-10-27,1.92,power
2019-10-28,46.18,power
2019-10-29,25.95,power
2019-10-30,8.97,power
2019-10-31,6.94,power
2019-11-01,6.56,power
2019-11-02,4.28,power
2019-11-03,1.97,power
2019-11-04,1.24,power
2019-11-05,7.69,power
2019-11-06,19.02,power
2019-11-07,12.49,power
2019-11-08,3.21,power
2019-11-09,5.02,power
2019-11-10,44.45,power
2019-11-11,28.41,power
2019-11-12,10.75,power
2019-11-13,10.16,power
2019-11-14,28.88,power
2019-11-15,10.96,power
2019-11-16,12.93,power
2019-11-17,0.66,power
2019-11-18,2.48,power
2019-11-19,7.0,power
2019-11-20,1.07,power
2019-11-21,0.22,power
2019-11-22,2.94,power
2019-11-23,17.29,power
2019-11-24,8.85,power
2019-11-25,5.47,power
2019-11-26,5.01,power
2019-11-27,3.74,power
2019-11-28,12.25,power
2019-11-29,10.61,power
2019-11-30,0.33,power
2019-12-01,0.4,power
2019-12-02,0.05,power
2019-12-03,0.67,power
2019-12-04,4.74,power
2019-12-05,2.99,power
2019-12-06,8.32,power
2019-12-07,4.06,power
2019-12-08,0.65,power
2019-12-09,0.34,power
2019-12-10,0.21,power
2019-12-11,1.56,power
2019-12-12,0.3,power
2019-12-13,0.62,power
2019-12-14,0.26,power
2019-12-15,0.09,power
2019-12-16,1.46,power
2019-12-17,4.5,power
2019-12-18,1.81,power
2019-12-19,3.1,power
2019-12-20,1.45,power
2019-12-21,3.62,power
2019-12-22,12.66,power
2019-12-23,2.86,power
2019-12-24,2.71,power
2019-12-25,4.18,power
2019-12-26,2.68,power
2019-12-27,8.67,power
2019-12-28,4.6,power
2019-12-29,2.64,power
2019-12-30,4.04,power
2019-12-31,2.47,power
2020-01-01,1.31,power
2020-01-02,1.97,power
2020-01-03,0.41,power
2020-01-04,2.07,power
2020-01-05,0.86,power
2020-01-06,0.09,power
2020-01-07,0.26,power
2020-01-08,0.48,power
2020-01-09,0.23,power
2020-01-10,0.1,power
2020-01-11,0.17,power
2020-01-12,0.2,power
2020-01-13,0.16,power
2020-01-14,0.27,power
2020-01-15,0.37,power
2020-01-16,0.32,power
2020-01-17,0.37,power
2020-01-18,0.29,power
2020-01-19,0.21,power
2020-01-20,0.77,power
2020-01-21,0.66,power
2020-01-22,2.56,power
2020-01-23,3.41,power
2020-01-24,4.36,power
2020-01-25,0.2,power
2020-01-26,0.06,power
2020-01-27,0.6,power
2020-01-28,0.88,power
2020-01-29,0.33,power
2020-01-30,0.11,power
2020-01-31,0.09,power
2020-02-01,0.38,power
2020-02-02,0.21,power
2020-02-03,0.15,power
2020-02-04,0.11,power
2020-02-05,0.18,power
2020-02-06,0.11,power
2020-02-07,0.02,power
2020-02-08,0.21,power
2020-02-09,0.21,power
2020-02-10,0.32,power
2020-02-11,0.3,power
2020-02-12,0.28,power
2020-02-13,0.18,power
2020-02-14,0.34,power
2020-02-15,0.08,power
2020-02-16,0.08,power
2020-02-17,0.06,power
2020-02-18,0.07,power
2020-02-19,0.45,power
2020-02-20,1.6,power
2020-02-21,1.29,power
2020-02-22,0.5,power
2020-02-23,0.03,power
2020-02-24,0.02,power
2020-02-25,0.03,power
2020-02-26,0.54,power
2020-02-27,0.32,power
2020-02-28,0.22,power
2020-02-29,0.28,power
2020-03-01,0.06,power
2020-03-02,0.01,power
2020-03-03,0.01,power
2020-03-04,0.01,power
2020-03-05,0.03,power
2020-03-06,0.05,power
2020-03-07,0.09,power
2020-03-08,0.02,power
2020-03-09,0.01,power
2020-03-10,0.07,power
2020-03-11,0.09,power
2020-03-12,0.1,power
2020-03-13,0.04,power
2020-03-14,0.05,power
2020-03-15,0.12,power
2020-03-16,0.07,power
2020-03-17,4.23,power
2020-03-18,1.01,power
2020-03-19,0.88,power
2020-03-20,2.5,power
2020-03-21,0.53,power
2020-03-22,0.14,power
2020-03-23,0.18,power
2020-03-24,0.32,power
2020-03-25,0.61,power
2020-03-26,1.83,power
2020-03-27,0.77,power
2020-03-28,1.35,power
2020-03-29,3.26,power
2020-03-30,3.99,power
2020-03-31,2.93,power
2020-04-01,1.29,power
2020-04-02,1.86,power
2020-04-03,1.14,power
2020-04-04,0.61,power
2020-04-05,1.02,power
2020-04-06,1.96,power
2020-04-07,5.04,power
2020-04-08,1.02,power
2020-04-09,0.68,power
2020-04-10,1.2,power
2020-04-11,1.01,power
2020-04-12,10.04,power
2020-04-13,5.8,power
2020-04-14,7.24,power
2020-04-15,5.02,power
2020-04-16,4.74,power
2020-04-17,1.45,power
2020-04-18,1.52,power
2020-04-19,4.99,power
2020-04-20,0.65,power
2020-04-21,0.54,power
2020-04-22,12.33,power
2020-04-23,5.92,power
2020-04-24,3.04,power
2020-04-25,1.58,power
2020-04-26,12.31,power
2020-04-27,4.58,power
2020-04-28,10.91,power
2020-04-29,4.61,power
2020-04-30,3.63,power
2020-05-01,6.55,power
2020-05-02,3.78,power
2020-05-03,2.15,power
2020-05-04,8.77,power
2020-05-05,24.91,power
2020-05-06,1.36,power
2020-05-07,6.95,power
2020-05-08,7.06,power
2020-05-09,5.37,power
2020-05-10,6.83,power
2020-05-11,7.53,power
2020-05-12,2.67,power
2020-05-13,1.03,power
2020-05-14,1.27,power
2020-05-15,2.56,power
2020-05-16,17.51,power
2020-05-17,25.26,power
2020-05-18,13.21,power
2020-05-19,30.63,power
2020-05-20,4.67,power
2020-05-21,2.81,power
2020-05-22,5.87,power
2020-05-23,0.62,power
2020-05-24,3.58,power
2020-05-25,20.68,power
2020-05-26,10.38,power
2020-05-27,3.89,power
2020-05-28,3.45,power
2020-05-29,4.33,power
2020-05-30,23.09,power
2020-05-31,10.7,power
2020-06-01,18.05,power
2020-06-02,13.7,power
2020-06-03,4.0,power
2020-06-04,2.07,power
2020-06-05,7.68,power
2020-06-06,25.03,power
2020-06-07,4.05,power
2020-06-08,7.43,power
2020-06-09,26.85,power
2020-06-10,14.02,power
2020-06-11,4.57,power
2020-06-12,16.63,power
2020-06-13,30.15,power
2020-06-14,12.0,power
2020-06-15,5.31,power
2020-06-16,6.87,power
2020-06-17,1.48,power
2020-06-18,1.54,power
2020-06-19,5.05,power
2020-06-20,13.72,power
2020-06-21,4.89,power
2020-06-22,5.97,power
2020-06-23,7.87,power
2020-06-24,6.33,power
2020-06-25,0.69,power
2020-06-26,2.78,power
2020-06-27,6.4,power
2020-06-28,9.34,power
2020-06-29,20.29,power
2020-06-30,14.98,power
2020-07-01,6.4,power
2020-07-02,13.54,power
2020-07-03,14.46,power
2020-07-04,34.5,power
2020-07-05,1.09,power
2020-07-06,1.08,power
2020-07-07,6.08,power
2020-07-08,4.87,power
2020-07-09,1.51,power
2020-07-10,4.96,power
2020-07-11,9.23,power
2020-07-12,4.57,power
2020-07-13,4.5,power
2020-07-14,4.68,power
2020-07-15,1.65,power
2020-07-16,0.72,power
2020-07-17,2.29,power
2020-07-18,3.29,power
2020-07-19,6.92,power
2020-07-20,10.39,power
2020-07-21,2.48,power
2020-07-22,1.66,power
2020-07-23,6.91,power
2020-07-24,8.77,power
2020-07-25,6.56,power
2020-07-26,7.19,power
2020-07-27,17.73,power
2020-07-28,6.63,power
2020-07-29,4.31,power
2020-07-30,1.26,power
2020-07-31,2.54,power
2020-08-01,1.55,power
2020-08-02,3.82,power
2020-08-03,3.54,power
2020-08-04,6.05,power
2020-08-05,5.65,power
2020-08-06,4.38,power
2020-08-07,3.73,power
2020-08-08,9.09,power
2020-08-09,7.16,power
2020-08-10,19.33,power
2020-08-11,3.86,power
2020-08-12,2.71,power
2020-08-13,2.62,power
2020-08-14,29.34,power
2020-08-15,4.9,power
2020-08-16,5.01,power
2020-08-17,6.6,power
2020-08-18,2.63,power
2020-08-19,3.04,power
2020-08-20,4.62,power
2020-08-21,2.04,power
2020-08-22,5.62,power
2020-08-23,3.32,power
2020-08-24,6.43,power
2020-08-25,5.84,power
2020-08-26,3.85,power
2020-08-27,0.24,power
2020-08-28,3.69,power
2020-08-29,19.79,power
2020-08-30,26.64,power
2020-08-31,6.2,power
2020-09-01,2.9,power
2020-09-02,2.39,power
2020-09-03,2.21,power
2020-09-04,2.23,power
2020-09-05,2.83,power
2020-09-06,9.67,power
2020-09-07,14.62,power
2020-09-08,0.64,power
2020-09-09,2.38,power
2020-09-10,1.99,power
2020-09-11,4.0,power
2020-09-12,10.1,power
2020-09-13,43.74,power
2020-09-14,11.17,power
2020-09-15,9.0,power
2020-09-16,10.91,power
2020-09-17,28.68,power
2020-09-18,7.82,power
2020-09-19,47.04,power
2020-09-20,49.06,power
2020-09-21,35.76,power
2020-09-22,9.07,power
2020-09-23,8.88,power
2020-09-24,22.07,power
2020-09-25,14.16,power
2020-09-26,24.34,power
2020-09-27,24.38,power
2020-09-28,1.06,power
2020-09-29,1.45,power
2020-09-30,2.99,power
2020-10-01,0.98,power
2020-10-02,1.79,power
2020-10-03,4.82,power
2020-10-04,3.06,power
2020-10-05,2.4,power
2020-10-06,0.68,power
2020-10-07,1.23,power
2020-10-08,6.44,power
2020-10-09,4.49,power
2020-10-10,1.73,power
2020-10-11,4.24,power
2020-10-12,17.86,power
2020-10-13,14.67,power
2020-10-14,10.68,power
2020-10-15,0.52,power
2020-10-16,3.83,power
2020-10-17,5.73,power
2020-10-18,14.98,power
2020-10-19,11.59,power
2020-10-20,7.6,power
2020-10-21,7.27,power
2020-10-22,5.58,power
2020-10-23,13.5,power
2020-10-24,3.09,power
2020-10-25,14.68,power
2020-10-26,1.77,power
2020-10-27,1.69,power
2020-10-28,5.6,power
2020-10-29,6.1,power
2020-10-30,4.55,power
2020-10-31,16.14,power
2020-11-01,30.79,power
2020-11-02,109.68,power
2020-11-03,40.18,power
2020-11-04,15.72,power
2020-11-05,1.13,power
2020-11-06,1.53,power
2020-11-07,1.27,power
2020-11-08,0.26,power
2020-11-09,1.2,power
2020-11-10,5.4,power
2020-11-11,13.53,power
2020-11-12,12.37,power
2020-11-13,17.04,power
2020-11-14,15.31,power
2020-11-15,13.71,power
2020-11-16,13.42,power
2020-11-17,3.3,power
2020-11-18,1.97,power
2020-11-19,4.91,power
2020-11-20,11.69,power
2020-11-21,12.77,power
2020-11-22,5.45,power
2020-11-23,5.84,power
2020-11-24,2.54,power
2020-11-25,3.41,power
2020-11-26,5.53,power
2020-11-27,7.22,power
2020-11-28,2.5,power
2020-11-29,6.2,power
2020-11-30,9.58,power
2020-12-01,11.25,power
2020-12-02,19.42,power
2020-12-03,13.66,power
2020-12-04,2.31,power
2020-12-05,0.17,power
2020-12-06,0.17,power
2020-12-07,1.69,power
2020-12-08,3.04,power
2020-12-09,1.72,power
2020-12-10,0.97,power
2020-12-11,0.5,power
2020-12-12,0.64,power
2020-12-13,1.02,power
2020-12-14,2.86,power
2020-12-15,1.2,power
2020-12-16,10.21,power
2020-12-17,1.45,power
2020-12-18,0.38,power
2020-12-19,0.43,power
2020-12-20,0.44,power
2020-12-21,0.82,power
2020-12-22,1.15,power
2020-12-23,0.68,power
2020-12-24,0.27,power
2020-12-25,0.31,power
2020-12-26,0.93,power
2020-12-27,4.33,power
2020-12-28,5.44,power
2020-12-29,2.38,power
2020-12-30,3.06,power
2020-12-31,2.2,power
2021-01-01,1.66,power
2021-01-02,6.06,power
2021-01-03,7.64,power
2021-01-04,1.04,power
2021-01-05,0.13,power
2021-01-06,0.04,power
2021-01-07,0.04,power
2021-01-08,0.04,power
2021-01-09,0.84,power
2021-01-10,1.62,power
2021-01-11,4.94,power
2021-01-12,3.51,power
2021-01-13,0.56,power
2021-01-14,0.94,power
2021-01-15,1.58,power
2021-01-16,6.1,power
2021-01-17,0.35,power
2021-01-18,0.27,power
2021-01-19,0.95,power
2021-01-20,0.83,power
2021-01-21,0.46,power
2021-01-22,0.17,power
2021-01-23,0.18,power
2021-01-24,0.34,power
2021-01-25,0.36,power
2021-01-26,1.51,power
2021-01-27,1.49,power
2021-01-28,6.5,power
2021-01-29,1.94,power
2021-01-30,2.69,power
2021-01-31,0.86,power
2021-02-01,7.07,power
2021-02-02,6.42,power
2021-02-03,2.51,power
2021-02-04,1.3,power
2021-02-05,0.07,power
2021-02-06,0.07,power
2021-02-07,0.1,power
2021-02-08,0.02,power
2021-02-09,0.32,power
2021-02-10,2.38,power
2021-02-11,0.47,power
2021-02-12,0.96,power
2021-02-13,1.14,power
2021-02-14,21.66,power
2021-02-15,0.51,power
2021-02-16,0.83,power
2021-02-17,1.1,power
2021-02-18,0.75,power
2021-02-19,6.04,power
2021-02-20,0.83,power
2021-02-21,0.72,power
2021-02-22,0.1,power
2021-02-23,0.23,power
2021-02-24,0.31,power
2021-02-25,0.78,power
2021-02-26,1.28,power
2021-02-27,0.52,power
2021-02-28,0.4,power
2021-03-01,1.22,power
2021-03-02,4.64,power
2021-03-03,0.98,power
2021-03-04,0.89,power
2021-03-05,0.39,power
2021-03-06,0.08,power
2021-03-07,0.12,power
2021-03-08,0.19,power
2021-03-09,0.06,power
2021-03-10,0.17,power
2021-03-11,0.12,power
2021-03-12,0.7,power
2021-03-13,0.61,power
2021-03-14,2.9,power
2021-03-15,1.55,power
2021-03-16,7.18,power
2021-03-17,1.44,power
2021-03-18,2.12,power
2021-03-19,5.56,power
2021-03-20,1.81,power
2021-03-21,0.39,power
2021-03-22,0.16,power
2021-03-23,0.09,power
2021-03-24,0.14,power
2021-03-25,0.43,power
2021-03-26,0.44,power
2021-03-27,0.33,power
2021-03-28,0.23,power
2021-03-29,0.84,power
2021-03-30,1.66,power
2021-03-31,1.36,power
2021-04-01,0.46,power
2021-04-02,1.02,power
2021-04-03,0.17,power
2021-04-04,0.14,power
2021-04-05,0.4,power
2021-04-06,5.74,power
2021-04-07,7.41,power
2021-04-08,10.21,power
2021-04-09,44.89,power
2021-04-10,1.55,power
2021-04-11,0.82,power
2021-04-12,0.76,power
2021-04-13,2.46,power
2021-04-14,4.37,power
2021-04-15,5.68,power
2021-04-16,9.02,power
2021-04-17,22.28,power
2021-04-18,17.18,power
2021-04-19,4.44,power
2021-04-20,5.25,power
2021-04-21,1.58,power
2021-04-22,1.29,power
2021-04-23,0.7,power
2021-04-24,0.41,power
2021-04-25,0.77,power
2021-04-26,2.5,power
2021-04-27,1.55,power
2021-04-28,0.97,power
2021-04-29,19.89,power
2021-04-30,2.98,power
2021-05-01,3.31,power
2021-05-02,6.84,power
2021-05-03,8.08,power
2021-05-04,7.75,power
2021-05-05,2.63,power
2021-05-06,3.2,power
2021-05-07,16.33,power
2021-05-08,1.87,power
2021-05-09,2.28,power
2021-05-10,2.67,power
2021-05-11,3.02,power
2021-05-12,2.19,power
2021-05-13,2.15,power
2021-05-14,0.68,power
2021-05-15,0.22,power
2021-05-16,0.29,power
2021-05-17,0.11,power
2021-05-18,1.04,power
2021-05-19,1.68,power
2021-05-20,0.87,power
2021-05-21,3.71,power
2021-05-22,6.96,power
2021-05-23,8.52,power
2021-05-24,15.07,power
2021-05-25,17.2,power
2021-05-26,16.51,power
2021-05-27,22.49,power
2021-05-28,32.31,power
2021-05-29,34.92,power
2021-05-30,3.39,power
2021-05-31,0.66,power
2021-06-01,1.33,power
2021-06-02,5.72,power
2021-06-03,10.07,power
2021-06-04,5.74,power
2021-06-05,4.3,power
2021-06-06,27.39,power
2021-06-07,11.36,power
2021-06-08,15.54,power
2021-06-09,10.7,power
2021-06-10,1.27,power
2021-06-11,2.04,power
2021-06-12,1.57,power
2021-06-13,13.26,power
2021-06-14,7.68,power
2021-06-15,2.25,power
2021-06-16,0.43,power
2021-06-17,1.63,power
2021-06-18,2.75,power
2021-06-19,6.05,power
2021-06-20,11.12,power
2021-06-21,7.92,power
2021-06-22,2.47,power
2021-06-23,2.43,power
2021-06-24,0.31,power
2021-06-25,1.57,power
2021-06-26,1.05,power
2021-06-27,4.51,power
2021-06-28,0.83,power
2021-06-29,2.46,power
2021-06-30,12.37,power
2021-07-01,11.74,power
2021-07-02,4.96,power
2021-07-03,21.96,power
2021-07-04,5.22,power
2021-07-05,1.02,power
2021-07-06,1.8,power
2021-07-07,1.01,power
2021-07-08,3.06,power
2021-07-09,7.79,power
2021-07-10,7.07,power
2021-07-11,5.76,power
2021-07-12,5.18,power
2021-07-13,3.32,power
2021-07-14,2.63,power
2021-07-15,3.75,power
2021-07-16,9.52,power
2021-07-17,30.52,power
2021-07-18,5.48,power
2021-07-19,2.29,power
2021-07-20,1.54,power
2021-07-21,3.06,power
2021-07-22,3.79,power
2021-07-23,9.39,power
2021-07-24,26.22,power
2021-07-25,52.52,power
2021-07-26,5.63,power
2021-07-27,3.75,power
2021-07-28,3.53,power
2021-07-29,2.44,power
2021-07-30,3.45,power
2021-07-31,6.84,power
2021-08-01,15.31,power
2021-08-02,4.94,power
2021-08-03,5.17,power
2021-08-04,6.13,power
2021-08-05,4.46,power
2021-08-06,10.63,power
2021-08-07,5.44,power
2021-08-08,3.03,power
2021-08-09,0.98,power
2021-08-10,0.49,power
2021-08-11,1.71,power
2021-08-12,2.46,power
2021-08-13,30.71,power
2021-08-14,10.61,power
2021-08-15,12.75,power
2021-08-16,20.5,power
2021-08-17,2.79,power
2021-08-18,2.96,power
2021-08-19,9.17,power
2021-08-20,81.29,power
2021-08-21,41.1,power
2021-08-22,54.01,power
2021-08-23,30.27,power
2021-08-24,18.51,power
2021-08-25,13.98,power
2021-08-26,4.72,power
2021-08-27,7.28,power
2021-08-28,1.64,power
2021-08-29,3.9,power
2021-08-30,6.57,power
2021-08-31,1.81,power
2021-09-01,0.22,power
2021-09-02,1.55,power
2021-09-03,3.13,power
2021-09-04,4.89,power
2021-09-05,1.14,power
2021-09-06,19.94,power
2021-09-07,15.16,power
2021-09-08,5.51,power
2021-09-09,3.25,power
2021-09-10,11.08,power
2021-09-11,6.4,power
2021-09-12,26.9,power
2021-09-13,12.8,power
2021-09-14,9.12,power
2021-09-15,2.63,power
2021-09-16,7.02,power
2021-09-17,6.78,power
2021-09-18,24.16,power
2021-09-19,5.31,power
2021-09-20,3.57,power
2021-09-21,0.93,power
2021-09-22,1.88,power
2021-09-23,11.18,power
2021-09-24,6.83,power
2021-09-25,3.21,power
2021-09-26,4.29,power
2021-09-27,7.17,power
2021-09-28,3.95,power
2021-09-29,2.04,power
2021-09-30,2.4,power
2021-10-01,1.76,power
2021-10-02,10.31,power
2021-10-03,15.95,power
2021-10-04,29.49,power
2021-10-05,3.39,power
2021-10-06,15.95,power
2021-10-07,27.7,power
2021-10-08,6.08,power
2021-10-09,12.31,power
2021-10-10,29.13,power
2021-10-11,5.56,power
2021-10-12,4.13,power
2021-10-13,1.75,power
2021-10-14,1.11,power
2021-10-15,2.22,power
2021-10-16,15.11,power
2021-10-17,10.38,power
2021-10-18,11.07,power
2021-10-19,12.18,power
2021-10-20,10.32,power
2021-10-21,3.0,power
2021-10-22,2.22,power
2021-10-23,1.31,power
2021-10-24,2.53,power
2021-10-25,7.92,power
2021-10-26,3.25,power
2021-10-27,1.58,power
2021-10-28,7.21,power
2021-10-29,37.87,power
2021-10-30,30.45,power
2021-10-31,27.98,power
2021-11-01,34.62,power
2021-11-02,40.36,power
2021-11-03,2.64,power
2021-11-04,1.6,power
2021-11-05,2.51,power
2021-11-06,8.69,power
2021-11-07,2.58,power
2021-11-08,2.94,power
2021-11-09,1.62,power
2021-11-10,0.9,power
2021-11-11,0.2,power
2021-11-12,0.66,power
2021-11-13,1.55,power
2021-11-14,5.1,power
2021-11-15,1.56,power
2021-11-16,0.62,power
2021-11-17,3.12,power
2021-11-18,0.53,power
2021-11-19,1.69,power
2021-11-20,12.13,power
2021-11-21,9.23,power
2021-11-22,12.54,power
2021-11-23,8.25,power
2021-11-24,2.83,power
2021-11-25,2.34,power
2021-11-26,1.67,power
2021-11-27,2.86,power
2021-11-28,3.36,power
2021-11-29,5.79,power
2021-11-30,8.8,power
2021-12-01,6.65,power
2021-12-02,8.64,power
2021-12-03,7.49,power
2021-12-04,2.83,power
2021-12-05,12.71,power
2021-12-06,2.57,power
2021-12-07,0.83,power
2021-12-08,0.39,power
2021-12-09,0.66,power
2021-12-10,0.44,power
2021-12-11,2.52,power
2021-12-12,2.11,power
2021-12-13,3.91,power
2021-12-14,2.4,power
2021-12-15,4.21,power
2021-12-16,4.91,power
2021-12-17,6.34,power
2021-12-18,2.92,power
2021-12-19,7.08,power
2021-12-20,17.36,power
2021-12-21,9.47,power
2021-12-22,6.0,power
2021-12-23,0.47,power
2021-12-24,0.52,power
2021-12-25,1.26,power
2021-12-26,2.67,power
2021-12-27,7.46,power
2021-12-28,0.91,power
2021-12-29,0.9,power
2021-12-30,3.16,power
2021-12-31,0.53,power
2022-01-01,0.15,power
2022-01-02,0.63,power
2022-01-03,1.14,power
2022-01-04,0.2,power
2022-01-05,0.16,power
2022-01-06,1.02,power
2022-01-07,1.48,power
2022-01-08,2.06,power
2022-01-09,1.31,power
2022-01-10,1.14,power
2022-01-11,0.18,power
2022-01-12,0.11,power
2022-01-13,0.03,power
2022-01-14,0.02,power
2022-01-15,0.01,power
2022-01-16,0.23,power
2022-01-17,0.22,power
2022-01-18,0.15,power
2022-01-19,0.13,power
2022-01-20,0.3,power
2022-01-21,3.11,power
2022-01-22,3.74,power
2022-01-23,0.16,power
2022-01-24,0.04,power
2022-01-25,0.12,power
2022-01-26,0.17,power
2022-01-27,0.66,power
2022-01-28,0.28,power
2022-01-29,0.41,power
2022-01-30,0.02,power
2022-01-31,0.27,power
2022-02-01,0.03,power
2022-02-02,0.22,power
2022-02-03,0.51,power
2022-02-04,0.09,power
2022-02-05,0.54,power
2022-02-06,0.32,power
2022-02-07,0.2,power
2022-02-08,0.28,power
2022-02-09,1.48,power
2022-02-10,0.78,power
2022-02-11,0.28,power
2022-02-12,0.81,power
2022-02-13,1.17,power
2022-02-14,1.98,power
2022-02-15,1.07,power
2022-02-16,0.59,power
2022-02-17,0.29,power
2022-02-18,0.66,power
2022-02-19,0.39,power
2022-02-20,0.04,power
2022-02-21,0.01,power
2022-02-22,0.02,power
2022-02-23,0.03,power
2022-02-24,0.1,power
2022-02-25,0.58,power
2022-02-26,0.17,power
2022-02-27,0.32,power
2022-02-28,1.03,power
2022-03-01,2.73,power
2022-03-02,2.95,power
2022-03-03,2.5,power
2022-03-04,0.48,power
2022-03-05,0.67,power
2022-03-06,1.97,power
2022-03-07,1.33,power
2022-03-08,1.46,power
2022-03-09,2.94,power
2022-03-10,4.46,power
2022-03-11,3.87,power
2022-03-12,1.23,power
2022-03-13,2.15,power
2022-03-14,0.77,power
2022-03-15,2.13,power
2022-03-16,0.82,power
2022-03-17,0.27,power
2022-03-18,0.46,power
2022-03-19,0.34,power
2022-03-20,0.76,power
2022-03-21,3.24,power
2022-03-22,0.09,power
2022-03-23,0.08,power
2022-03-24,0.07,power
2022-03-25,0.21,power
2022-03-26,0.27,power
2022-03-27,2.41,power
2022-03-28,1.36,power
2022-03-29,1.01,power
2022-03-30,1.8,power
2022-03-31,1.97,power
2022-04-01,2.07,power
2022-04-02,2.3,power
2022-04-03,1.72,power
2022-04-04,6.28,power
2022-04-05,3.86,power
2022-04-06,1.56,power
2022-04-07,2.95,power
2022-04-08,3.8,power
2022-04-09,27.67,power
2022-04-10,1.33,power
2022-04-11,0.59,power
2022-04-12,1.24,power
2022-04-13,7.33,power
2022-04-14,3.85,power
2022-04-15,20.44,power
2022-04-16,5.35,power
2022-04-17,5.31,power
2022-04-18,2.78,power
2022-04-19,3.08,power
2022-04-20,4.28,power
2022-04-21,6.07,power
2022-04-22,38.64,power
2022-04-23,18.21,power
2022-04-24,13.21,power
2022-04-25,27.92,power
2022-04-26,7.07,power
2022-04-27,23.13,power
2022-04-28,23.5,power
2022-04-29,17.6,power
2022-04-30,11.01,power
2022-05-01,8.14,power
2022-05-02,9.96,power
2022-05-03,4.47,power
2022-05-04,6.08,power
2022-05-05,26.5,power
2022-05-06,3.21,power
2022-05-07,6.79,power
2022-05-08,7.68,power
2022-05-09,23.56,power
2022-05-10,3.46,power
2022-05-11,1.86,power
2022-05-12,4.41,power
2022-05-13,7.21,power
2022-05-14,14.99,power
2022-05-15,4.3,power
2022-05-16,16.71,power
2022-05-17,32.48,power
2022-05-18,44.58,power
2022-05-19,17.56,power
2022-05-20,8.07,power
2022-05-21,6.14,power
2022-05-22,32.52,power
2022-05-23,6.67,power
2022-05-24,3.36,power
2022-05-25,5.87,power
2022-05-26,3.17,power
2022-05-27,2.77,power
2022-05-28,3.05,power
2022-05-29,5.02,power
2022-05-30,12.65,power
2022-05-31,6.49,power
2022-06-01,15.54,power
2022-06-02,4.93,power
2022-06-03,5.6,power
2022-06-04,3.27,power
2022-06-05,14.98,power
2022-06-06,15.09,power
2022-06-07,21.29,power
2022-06-08,10.27,power
2022-06-09,4.18,power
2022-06-10,6.32,power
2022-06-11,3.28,power
2022-06-12,22.82,power
2022-06-13,38.28,power
2022-06-14,64.61,power
2022-06-15,24.68,power
2022-06-16,17.19,power
2022-06-17,11.12,power
2022-06-18,30.62,power
2022-06-19,39.67,power
2022-06-20,1.55,power
2022-06-21,4.43,power
2022-06-22,8.12,power
2022-06-23,1.11,power
2022-06-24,3.71,power
2022-06-25,16.93,power
2022-06-26,4.46,power
2022-06-27,17.49,power
2022-06-28,11.66,power
2022-06-29,7.29,power
2022-06-30,10.01,power
2022-07-01,7.18,power
2022-07-02,8.9,power
2022-07-03,9.98,power
2022-07-04,7.04,power
2022-07-05,4.1,power
2022-07-06,2.02,power
2022-07-07,2.37,power
2022-07-08,4.44,power
2022-07-09,10.6,power
2022-07-10,5.07,power
2022-07-11,11.04,power
2022-07-12,12.23,power
2022-07-13,29.61,power
2022-07-14,4.83,power
2022-07-15,13.63,power
2022-07-16,10.0,power
2022-07-17,4.87,power
2022-07-18,6.76,power
2022-07-19,9.01,power
2022-07-20,3.02,power
2022-07-21,9.59,power
2022-07-22,16.96,power
2022-07-23,7.13,power
2022-07-24,7.22,power
2022-07-25,9.58,power
2022-07-26,6.0,power
2022-07-27,10.17,power
2022-07-28,33.33,power
2022-07-29,4.98,power
2022-07-30,1.44,power
2022-07-31,3.66,power
2022-08-01,10.14,power
2022-08-02,5.89,power
2022-08-03,14.56,power
2022-08-04,15.38,power
2022-08-05,39.41,power
2022-08-06,23.43,power
2022-08-07,43.56,power
2022-08-08,3.9,power
2022-08-09,21.91,power
2022-08-10,19.77,power
2022-08-11,22.33,power
2022-08-12,9.63,power
2022-08-13,18.5,power
2022-08-14,13.62,power
2022-08-15,20.51,power
2022-08-16,10.12,power
2022-08-17,3.02,power
2022-08-18,3.49,power
2022-08-19,5.5,power
2022-08-20,6.63,power
2022-08-21,11.72,power
2022-08-22,61.84,power
2022-08-23,17.63,power
2022-08-24,4.03,power
2022-08-25,5.29,power
2022-08-26,1.81,power
2022-08-27,10.82,power
2022-08-28,25.32,power
2022-08-29,6.23,power
2022-08-30,7.14,power
2022-08-31,13.8,power
2022-09-01,27.16,power
2022-09-02,9.23,power
2022-09-03,22.91,power
2022-09-04,9.33,power
2022-09-05,4.55,power
2022-09-06,3.48,power
2022-09-07,5.93,power
2022-09-08,26.12,power
2022-09-09,8.04,power
2022-09-10,3.89,power
2022-09-11,8.17,power
2022-09-12,6.97,power
2022-09-13,16.02,power
2022-09-14,4.3,power
2022-09-15,5.21,power
2022-09-16,4.25,power
2022-09-17,5.75,power
2022-09-18,9.85,power
2022-09-19,5.78,power
2022-09-20,7.69,power
2022-09-21,14.66,power
2022-09-22,58.09,power
2022-09-23,41.97,power
2022-09-24,11.51,power
2022-09-25,8.57,power
2022-09-26,7.1,power
2022-09-27,8.39,power
2022-09-28,7.04,power
2022-09-29,27.11,power
2022-09-30,6.79,power
2022-10-01,28.39,power
2022-10-02,13.44,power
2022-10-03,1.16,power
2022-10-04,2.88,power
2022-10-05,18.03,power
2022-10-06,3.51,power
2022-10-07,7.31,power
2022-10-08,35.9,power
2022-10-09,5.83,power
2022-10-10,2.36,power
2022-10-11,5.12,power
2022-10-12,9.75,power
2022-10-13,6.3,power
2022-10-14,25.15,power
2022-10-15,6.92,power
2022-10-16,2.93,power
2022-10-17,2.56,power
2022-10-18,2.03,power
2022-10-19,12.66,power
2022-10-20,5.21,power
2022-10-21,9.1,power
2022-10-22,70.23,power
2022-10-23,3.69,power
2022-10-24,5.08,power
2022-10-25,4.73,power
2022-10-26,10.54,power
2022-10-27,12.95,power
2022-10-28,21.5,power
2022-10-29,15.98,power
2022-10-30,10.44,power
2022-10-31,5.1,power
2022-11-01,2.65,power
2022-11-02,2.47,power
2022-11-03,15.4,power
2022-11-04,15.06,power
2022-11-05,15.83,power
2022-11-06,8.96,power
2022-11-07,13.16,power
2022-11-08,7.18,power
2022-11-09,0.78,power
2022-11-10,2.03,power
2022-11-11,1.11,power
2022-11-12,1.44,power
2022-11-13,6.65,power
2022-11-14,14.51,power
2022-11-15,4.45,power
2022-11-16,7.31,power
2022-11-17,31.96,power
2022-11-18,20.46,power
2022-11-19,41.47,power
2022-11-20,7.38,power
2022-11-21,38.05,power
2022-11-22,22.78,power
2022-11-23,57.23,power
2022-11-24,23.27,power
2022-11-25,24.26,power
2022-11-26,7.3,power
2022-11-27,88.88,power
2022-11-28,15.92,power
2022-11-29,5.12,power
2022-11-30,6.09,power
2022-12-01,1.11,power
2022-12-02,0.42,power
2022-12-03,0.18,power
2022-12-04,1.41,power
2022-12-05,2.16,power
2022-12-06,0.75,power
2022-12-07,0.08,power
2022-12-08,0.26,power
2022-12-09,0.14,power
2022-12-10,0.09,power
2022-12-11,1.02,power
2022-12-12,5.88,power
2022-12-13,1.78,power
2022-12-14,5.68,power
2022-12-15,12.08,power
2022-12-16,6.25,power
2022-12-17,2.35,power
2022-12-18,1.81,power
2022-12-19,1.14,power
2022-12-20,0.5,power
2022-12-21,2.51,power
2022-12-22,0.78,power
2022-12-23,0.22,power
2022-12-24,0.26,power
2022-12-25,0.34,power
2022-12-26,0.4,power
2022-12-27,0.84,power
2022-12-28,1.99,power
2022-12-29,2.03,power
2022-12-30,0.48,power
2022-12-31,2.6,power
2023-01-01,11.93,power
2023-01-02,1.22,power
2023-01-03,2.37,power
2023-01-04,1.44,power
2023-01-05,0.48,power
2023-01-06,0.75,power
2023-01-07,3.65,power
2023-01-08,8.29,power
2023-01-09,4.37,power
2023-01-10,3.86,power
2023-01-11,4.72,power
2023-01-12,0.97,power
2023-01-13,0.97,power
2023-01-14,1.21,power
2023-01-15,3.08,power
2023-01-16,1.64,power
2023-01-17,0.46,power
2023-01-18,0.57,power
2023-01-19,0.7,power
2023-01-20,1.31,power
2023-01-21,0.06,power
2023-01-22,0.09,power
2023-01-23,0.1,power
2023-01-24,0.07,power
2023-01-25,0.15,power
2023-01-26,0.2,power
2023-01-27,0.13,power
2023-01-28,0.04,power
2023-01-29,0.07,power
2023-01-30,0.06,power
2023-01-31,0.02,power
2023-02-01,0.05,power
2023-02-02,0.19,power
2023-02-03,0.07,power
2023-02-04,0.11,power
2023-02-05,0.16,power
2023-02-06,0.34,power
2023-02-07,0.11,power
2023-02-08,0.1,power
2023-02-09,0.06,power
2023-02-10,0.15,power
2023-02-11,0.14,power
2023-02-12,0.23,power
2023-02-13,0.06,power
2023-02-14,0.12,power
2023-02-15,0.29,power
2023-02-16,0.76,power
2023-02-17,0.12,power
2023-02-18,0.15,power
2023-02-19,0.05,power
2023-02-20,0.1,power
2023-02-21,0.02,power
2023-02-22,0.02,power
2023-02-23,0.04,power
2023-02-24,0.13,power
2023-02-25,0.11,power
2023-02-26,0.09,power
2023-02-27,0.02,power
2023-02-28,0.01,power
2023-03-01,0.15,power
2023-03-02,0.33,power
2023-03-03,0.48,power
2023-03-04,0.34,power
2023-03-05,0.18,power
2023-03-06,0.68,power
2023-03-07,0.45,power
2023-03-08,0.71,power
2023-03-09,0.01,power
2023-03-10,0.26,power
2023-03-11,0.19,power
2023-03-12,1.25,power
2023-03-13,3.86,power
2023-03-14,7.55,power
2023-03-15,4.62,power
2023-03-16,6.12,power
2023-03-17,0.89,power
2023-03-18,0.16,power
2023-03-19,0.89,power
2023-03-20,0.41,power
2023-03-21,4.74,power
2023-03-22,6.75,power
2023-03-23,3.58,power
2023-03-24,10.17,power
2023-03-25,20.2,power
2023-03-26,14.61,power
2023-03-27,0.37,power
2023-03-28,0.19,power
2023-03-29,0.35,power
2023-03-30,0.34,power
2023-03-31,0.59,power
2023-04-01,0.1,power
2023-04-02,0.18,power
2023-04-03,0.16,power
2023-04-04,0.16,power
2023-04-05,0.19,power
2023-04-06,0.57,power
2023-04-07,0.81,power
2023-04-08,0.16,power
2023-04-09,0.38,power
2023-04-10,0.35,power
2023-04-11,0.1,power
2023-04-12,0.23,power
2023-04-13,0.3,power
2023-04-14,0.17,power
2023-04-15,0.34,power
2023-04-16,1.23,power
2023-04-17,4.15,power
2023-04-18,0.56,power
2023-04-19,0.14,power
2023-04-20,0.52,power
2023-04-21,0.78,power
2023-04-22,13.85,power
2023-04-23,7.04,power
2023-04-24,7.74,power
2023-04-25,2.63,power
2023-04-26,0.0,power
2023-04-27,0.01,power
2023-04-28,0.1,power
2023-04-29,2.35,power
2023-04-30,8.48,power
2023-05-01,8.36,power
2023-05-02,0.91,power
2023-05-03,1.19,power
2023-05-04,0.5,power
2023-05-05,0.29,power
2023-05-06,0.24,power
2023-05-07,0.1,power
2023-05-08,0.12,power
2023-05-09,2.31,power
2023-05-10,4.28,power
2023-05-11,0.68,power
2023-05-12,3.56,power
2023-05-13,0.26,power
2023-05-14,0.66,power
2023-05-15,4.17,power
2023-05-16,6.54,power
2023-05-17,2.15,power
2023-05-18,1.75,power
2023-05-19,2.9,power
2023-05-20,2.04,power
2023-05-21,3.25,power
2023-05-22,4.73,power
2023-05-23,0.78,power
2023-05-24,0.33,power
2023-05-25,2.04,power
2023-05-26,6.75,power
2023-05-27,45.45,power
2023-05-28,37.38,power
2023-05-29,35.11,power
2023-05-30,7.89,power
2023-05-31,4.33,power
2023-06-01,12.85,power
2023-06-02,13.2,power
2023-06-03,0.88,power
2023-06-04,6.94,power
2023-06-05,3.41,power
2023-06-06,4.41,power
2023-06-07,4.19,power
2023-06-08,5.25,power
2023-06-09,8.6,power
2023-06-10,0.72,power
2023-06-11,1.48,power
2023-06-12,1.37,power
2023-06-13,2.99,power
2023-06-14,2.74,power
2023-06-15,1.18,power
2023-06-16,2.69,power
2023-06-17,21.91,power
2023-06-18,1.45,power
2023-06-19,1.56,power
2023-06-20,0.54,power
2023-06-21,0.67,power
2023-06-22,0.82,power
2023-06-23,2.27,power
2023-06-24,3.6,power
2023-06-25,5.13,power
2023-06-26,4.69,power
2023-06-27,0.91,power
2023-06-28,0.9,power
2023-06-29,1.05,power
2023-06-30,0.99,power
2023-07-01,6.13,power
2023-07-02,2.21,power
2023-07-03,6.1,power
2023-07-04,9.44,power
2023-07-05,6.83,power
2023-07-06,6.42,power
2023-07-07,6.5,power
2023-07-08,6.13,power
2023-07-09,1.79,power
2023-07-10,6.21,power
2023-07-11,7.26,power
2023-07-12,13.73,power
2023-07-13,21.33,power
2023-07-14,5.44,power
2023-07-15,6.2,power
2023-07-16,6.08,power
2023-07-17,6.01,power
2023-07-18,4.99,power
2023-07-19,2.21,power
2023-07-20,3.79,power
2023-07-21,8.42,power
2023-07-22,33.41,power
2023-07-23,6.07,power
2023-07-24,5.36,power
2023-07-25,3.02,power
2023-07-26,3.13,power
2023-07-27,2.16,power
2023-07-28,2.22,power
2023-07-29,3.09,power
2023-07-30,13.65,power
2023-07-31,35.28,power
2023-08-01,10.14,power
2023-08-02,9.14,power
2023-08-03,3.96,power
2023-08-04,1.52,power
2023-08-05,2.04,power
2023-08-06,4.33,power
2023-08-07,7.13,power
2023-08-08,2.81,power
2023-08-09,0.98,power
2023-08-10,3.88,power
2023-08-11,7.72,power
2023-08-12,7.89,power
2023-08-13,1.54,power
2023-08-14,3.33,power
2023-08-15,8.67,power
2023-08-16,1.57,power
2023-08-17,4.33,power
2023-08-18,1.27,power
2023-08-19,0.6,power
2023-08-20,1.83,power
2023-08-21,22.37,power
2023-08-22,13.38,power
2023-08-23,3.12,power
2023-08-24,0.69,power
2023-08-25,1.17,power
2023-08-26,2.15,power
2023-08-27,3.18,power
2023-08-28,1.6,power
2023-08-29,0.93,power
2023-08-30,1.0,power
2023-08-31,2.48,power
2023-09-01,2.69,power
2023-09-02,3.94,power
2023-09-03,2.24,power
2023-09-04,1.39,power
2023-09-05,1.77,power
2023-09-06,1.99,power
2023-09-07,4.77,power
2023-09-08,7.15,power
2023-09-09,14.53,power
2023-09-10,6.56,power
2023-09-11,2.68,power
2023-09-12,3.58,power
2023-09-13,1.55,power
2023-09-14,2.8,power
2023-09-15,19.54,power
2023-09-16,9.03,power
2023-09-17,5.27,power
2023-09-18,6.62,power
2023-09-19,10.88,power
2023-09-20,26.74,power
2023-09-21,7.69,power
2023-09-22,4.64,power
2023-09-23,3.68,power
2023-09-24,2.09,power
2023-09-25,2.03,power
2023-09-26,4.15,power
2023-09-27,4.13,power
2023-09-28,9.48,power
2023-09-29,2.12,power
2023-09-30,3.97,power
2023-10-01,5.84,power
2023-10-02,4.51,power
2023-10-03,9.37,power
2023-10-04,10.8,power
2023-10-05,2.63,power
2023-10-06,2.61,power
2023-10-07,4.17,power
2023-10-08,4.29,power
2023-10-09,6.09,power
2023-10-10,5.0,power
2023-10-11,3.78,power
2023-10-12,3.19,power
2023-10-13,16.37,power
2023-10-14,2.1,power
2023-10-15,6.62,power
2023-10-16,12.4,power
2023-10-17,4.9,power
2023-10-18,2.8,power
2023-10-19,3.99,power
2023-10-20,4.47,power
2023-10-21,9.77,power
2023-10-22,23.11,power
2023-10-23,10.47,power
2023-10-24,4.95,power
2023-10-25,12.19,power
2023-10-26,13.07,power
2023-10-27,38.38,power
2023-10-28,9.02,power
2023-10-29,13.26,power
2023-10-30,44.8,power
2023-10-31,127.28,power
2023-11-01,10.45,power
2023-11-02,1.58,power
2023-11-03,5.81,power
2023-11-04,7.39,power
2023-11-05,1.06,power
2023-11-06,1.32,power
2023-11-07,2.72,power
2023-11-08,1.5,power
2023-11-09,3.88,power
2023-11-10,3.98,power
2023-11-11,9.2,power
2023-11-12,26.53,power
2023-11-13,18.57,power
2023-11-14,4.23,power
2023-11-15,5.63,power
2023-11-16,12.08,power
2023-11-17,58.59,power
2023-11-18,18.93,power
2023-11-19,2.35,power
2023-11-20,18.59,power
2023-11-21,2.32,power
2023-11-22,6.49,power
2023-11-23,1.48,power
2023-11-24,2.17,power
2023-11-25,5.07,power
2023-11-26,4.53,power
2023-11-27,2.4,power
2023-11-28,6.27,power
2023-11-29,13.01,power
2023-11-30,3.16,power
2023-12-01,0.28,power
2023-12-02,0.01,power
2023-12-03,0.11,power
2023-12-04,0.03,power
2023-12-05,0.04,power
2023-12-06,0.79,power
2023-12-07,1.02,power
2023-12-08,2.32,power
2023-12-09,2.69,power
2023-12-10,12.85,power
2023-12-11,22.44,power
2023-12-12,0.84,power
2023-12-13,0.95,power
2023-12-14,1.1,power
2023-12-15,0.48,power
2023-12-16,1.66,power
2023-12-17,0.39,power
2023-12-18,0.56,power
2023-12-19,0.11,power
2023-12-20,0.16,power
2023-12-21,0.92,power
2023-12-22,0.71,power
2023-12-23,0.33,power
2023-12-24,1.18,power
2023-12-25,1.22,power
2023-12-26,8.25,power
2023-12-27,9.27,power
2023-12-28,14.02,power
2023-12-29,41.04,power
2023-12-30,1.86,power
2023-12-31,0.42,power
2024-01-01,0.06,power
2024-01-02,0.08,power
2024-01-03,0.07,power
2024-01-04,0.1,power
2024-01-05,0.13,power
2024-01-06,0.22,power
2024-01-07,0.49,power
2024-01-08,0.45,power
2024-01-09,0.25,power
2024-01-10,1.07,power
2024-01-11,0.09,power
2024-01-12,0.04,power
2024-01-13,0.04,power
2024-01-14,0.05,power
2024-01-15,0.04,power
2024-01-16,0.01,power
2024-01-17,0.03,power
2024-01-18,0.04,power
2024-01-19,0.04,power
2024-01-20,0.03,power
2024-01-21,0.06,power
2024-01-22,0.07,power
2024-01-23,0.05,power
2024-01-24,0.05,power
2024-01-25,0.03,power
2024-01-26,0.13,power
2024-01-27,0.33,power
2024-01-28,0.09,power
2024-01-29,0.11,power
2024-01-30,0.36,power
2024-01-31,0.36,power
2024-02-01,0.46,power
2024-02-02,0.18,power
2024-02-03,0.1,power
2024-02-04,4.16,power
2024-02-05,0.23,power
2024-02-06,1.21,power
2024-02-07,1.23,power
2024-02-08,0.1,power
2024-02-09,0.0,power
2024-02-10,0.05,power
2024-02-11,0.12,power
2024-02-12,0.08,power
2024-02-13,0.09,power
2024-02-14,0.15,power
2024-02-15,0.14,power
2024-02-16,0.05,power
2024-02-17,0.07,power
2024-02-18,0.14,power
2024-02-19,0.29,power
2024-02-20,0.19,power
2024-02-21,0.76,power
2024-02-22,0.4,power
2024-02-23,0.45,power
2024-02-24,0.17,power
2024-02-25,0.07,power
2024-02-26,0.02,power
2024-02-27,0.03,power
2024-02-28,0.04,power
2024-02-29,0.06,power
2024-03-01,0.11,power
2024-03-02,0.19,power
2024-03-03,0.38,power
2024-03-04,0.23,power
2024-03-05,0.03,power
2024-03-06,0.05,power
2024-03-07,0.03,power
2024-03-08,0.01,power
2024-03-09,0.04,power
2024-03-10,0.03,power
2024-03-11,0.1,power
2024-03-12,0.14,power
2024-03-13,0.13,power
2024-03-14,0.15,power
2024-03-15,0.08,power
2024-03-16,0.16,power
2024-03-17,0.42,power
2024-03-18,0.77,power
2024-03-19,2.82,power
2024-03-20,1.48,power
2024-03-21,2.81,power
2024-03-22,0.62,power
2024-03-23,0.18,power
2024-03-24,1.86,power
2024-03-25,0.03,power
2024-03-26,0.21,power
2024-03-27,1.45,power
2024-03-28,1.6,power
2024-03-29,0.1,power
2024-03-30,0.08,power
2024-03-31,0.03,power
2024-04-01,0.03,power
2024-04-02,0.07,power
2024-04-03,0.18,power
2024-04-04,1.63,power
2024-04-05,2.4,power
2024-04-06,2.42,power
2024-04-07,2.15,power
2024-04-08,3.94,power
2024-04-09,8.21,power
2024-04-10,3.3,power
2024-04-11,3.57,power
2024-04-12,0.46,power
2024-04-13,0.27,power
2024-04-14,0.22,power
2024-04-15,0.51,power
2024-04-16,1.42,power
2024-04-17,0.73,power
2024-04-18,1.35,power
2024-04-19,0.27,power
2024-04-20,2.87,power
2024-04-21,1.87,power
2024-04-22,3.77,power
2024-04-23,6.77,power
2024-04-24,6.26,power
2024-04-25,12.55,power
2024-04-26,6.35,power
2024-04-27,12.32,power
2024-04-28,34.95,power
2024-04-29,19.48,power
2024-04-30,9.42,power
2024-05-01,2.29,power
2024-05-02,1.0,power
2024-05-03,3.8,power
2024-05-04,15.5,power
2024-05-05,2.04,power
2024-05-06,0.76,power
2024-05-07,5.41,power
2024-05-08,4.34,power
2024-05-09,8.55,power
2024-05-10,7.66,power
2024-05-11,6.44,power
2024-05-12,7.76,power
2024-05-13,5.31,power
2024-05-14,24.61,power
2024-05-15,27.88,power
2024-05-16,6.85,power
2024-05-17,0.7,power
2024-05-18,6.54,power
2024-05-19,2.31,power
2024-05-20,19.04,power
2024-05-21,2.88,power
2024-05-22,15.39,power
2024-05-23,2.53,power
2024-05-24,5.5,power
2024-05-25,5.97,power
2024-05-26,4.23,power
2024-05-27,4.76,power
2024-05-28,4.11,power
2024-05-29,6.71,power
2024-05-30,5.88,power
2024-05-31,6.23,power
2024-06-01,1.88,power
2024-06-02,4.71,power
2024-06-03,4.25,power
2024-06-04,3.98,power
2024-06-05,2.94,power
2024-06-06,29.98,power
2024-06-07,2.39,power
2024-06-08,3.84,power
2024-06-09,14.19,power
2024-06-10,9.23,power
2024-06-11,64.65,power
2024-06-12,22.97,power
2024-06-13,8.73,power
2024-06-14,5.28,power
2024-06-15,28.06,power
2024-06-16,7.54,power
2024-06-17,8.43,power
2024-06-18,25.82,power
2024-06-19,27.3,power
2024-06-20,7.52,power
2024-06-21,18.08,power
2024-06-22,5.09,power
2024-06-23,2.44,power
2024-06-24,5.0,power
2024-06-25,13.6,power
2024-06-26,13.59,power
2024-06-27,8.66,power
2024-06-28,4.92,power
2024-06-29,8.58,power
2024-06-30,2.34,power
2024-07-01,26.09,power
2024-07-02,8.73,power
2024-07-03,5.07,power
2024-07-04,13.72,power
2024-07-05,14.23,power
2024-07-06,17.4,power
2024-07-07,3.72,power
2024-07-08,8.6,power
2024-07-09,7.38,power
2024-07-10,21.93,power
2024-07-11,187.92,power
2024-07-12,19.42,power
2024-07-13,21.96,power
2024-07-14,32.09,power
2024-07-15,1.39,power
2024-07-16,1.97,power
2024-07-17,6.85,power
2024-07-18,34.21,power
2024-07-19,1.65,power
2024-07-20,2.15,power
2024-07-21,2.77,power
2024-07-22,4.63,imerg
2024-07-23,18.23,imerg
2024-07-24,2.27,imerg
2024-07-25,29.43,imerg
2024-07-26,3.0,imerg
2024-07-27,3.13,imerg
2024-07-28,2.72,imerg
2024-07-29,12.13,imerg
2024-07-30,3.68,imerg
2024-07-31,34.48,imerg
2024-08-01,9.88,imerg
2024-08-02,2.97,imerg
2024-08-03,20.5,imerg
2024-08-04,3.98,imerg
2024-08-05,8.93,imerg
2024-08-06,4.63,imerg
2024-08-07,9.4,imerg
2024-08-08,10.75,imerg
2024-08-09,2.81,imerg
2024-08-10,5.79,imerg
2024-08-11,7.5,imerg
2024-08-12,8.01,imerg
2024-08-13,6.74,imerg
2024-08-14,9.86,imerg
2024-08-15,0.97,imerg
2024-08-16,3.08,imerg
2024-08-17,15.18,imerg
2024-08-18,3.56,imerg
2024-08-19,4.06,imerg
2024-08-20,18.83,imerg
2024-08-21,10.06,imerg
2024-08-22,20.57,imerg
2024-08-23,4.0,imerg
2024-08-24,15.62,imerg
2024-08-25,10.64,imerg
2024-08-26,6.42,imerg
2024-08-27,1.58,imerg
2024-08-28,0.29,imerg
2024-08-29,10.91,imerg
2024-08-30,8.79,imerg
2024-08-31,17.19,imerg
2024-09-01,13.73,imerg
2024-09-02,4.88,imerg
2024-09-03,7.72,imerg
2024-09-04,5.46,imerg
2024-09-05,11.36,imerg
2024-09-06,7.86,imerg
2024-09-07,21.58,imerg
2024-09-08,14.35,imerg
2024-09-09,5.31,imerg
2024-09-10,6.79,imerg
2024-09-11,8.75,imerg
2024-09-12,38.92,imerg
2024-09-13,3.83,imerg
2024-09-14,7.49,imerg
2024-09-15,7.94,imerg
2024-09-16,29.03,imerg
2024-09-17,11.11,imerg
2024-09-18,1.67,imerg
2024-09-19,20.73,imerg
2024-09-20,7.4,imerg
2024-09-21,2.83,imerg
2024-09-22,1.94,imerg
2024-09-23,1.51,imerg
2024-09-24,0.62,imerg
2024-09-25,1.65,imerg
2024-09-26,6.63,imerg
2024-09-27,11.2,imerg
2024-09-28,7.32,imerg
2024-09-29,17.78,imerg
2024-09-30,16.26,imerg
2024-10-01,4.68,imerg
2024-10-02,0.99,imerg
2024-10-03,1.93,imerg
2024-10-04,2.97,imerg
2024-10-05,10.41,imerg
2024-10-06,7.05,imerg
2024-10-07,0.73,imerg
2024-10-08,9.87,imerg
2024-10-09,5.06,imerg
2024-10-10,9.57,imerg
2024-10-11,18.33,imerg
2024-10-12,9.24,imerg
2024-10-13,7.03,imerg
2024-10-14,26.14,imerg
2024-10-15,42.68,imerg
2024-10-16,24.74,imerg
2024-10-17,5.08,imerg
2024-10-18,9.45,imerg
2024-10-19,108.3,imerg
2024-10-20,78.04,imerg
2024-10-21,6.39,imerg
2024-10-22,6.65,imerg
2024-10-23,10.66,imerg
2024-10-24,5.94,imerg
2024-10-25,181.58,imerg
2024-10-26,98.96,imerg
2024-10-27,307.27,imerg
2024-10-28,29.42,imerg
2024-10-29,10.12,imerg
2024-10-30,62.22,imerg
2024-10-31,105.28,imerg
2024-11-01,18.06,imerg
2024-11-02,37.22,imerg
2024-11-03,15.43,imerg
2024-11-04,2.22,imerg
2024-11-05,1.36,imerg
2024-11-06,0.61,imerg
2024-11-07,3.66,imerg
2024-11-08,25.2,imerg
2024-11-09,15.65,imerg
2024-11-10,3.04,imerg
2024-11-11,6.2,imerg
2024-11-12,1.99,imerg
2024-11-13,4.01,imerg
2024-11-14,1.17,imerg
2024-11-15,0.65,imerg
2024-11-16,0.05,imerg
2024-11-17,0.01,imerg
2024-11-18,4.81,imerg
2024-11-19,2.52,imerg
2024-11-20,17.85,imerg
2024-11-21,11.17,imerg
2024-11-22,31.46,imerg
2024-11-23,33.25,imerg
2024-11-24,6.33,imerg
2024-11-25,1.53,imerg
2024-11-26,7.83,imerg
2024-11-27,42.46,imerg
2024-11-28,12.85,imerg
2024-11-29,10.53,imerg
2024-11-30,4.11,imerg
2024-12-01,13.62,imerg
2024-12-02,33.47,imerg
2024-12-03,7.41,imerg
2024-12-04,13.27,imerg
2024-12-05,0.4,imerg
2024-12-06,7.53,imerg
2024-12-07,0.07,imerg
2024-12-08,0.06,imerg
2024-12-09,0.24,imerg
2024-12-10,0.03,imerg
2024-12-11,2.4,imerg
2024-12-12,0.29,imerg
2024-12-13,0.07,imerg
2024-12-14,0.32,imerg
2024-12-15,1.23,imerg
2024-12-16,0.23,imerg
2024-12-17,0.72,imerg
2024-12-18,0.3,imerg
2024-12-19,2.34,imerg
2024-12-20,7.25,imerg
2024-12-21,48.84,imerg
2024-12-22,53.32,imerg
2024-12-23,15.6,imerg
2024-12-24,15.3,imerg
2024-12-25,7.23,imerg
2024-12-26,16.17,imerg
2024-12-27,9.78,imerg
2024-12-28,13.46,imerg
2024-12-29,12.02,imerg
2024-12-30,8.61,imerg
2024-12-31,20.73,imerg
2025-01-01,30.07,imerg
2025-01-02,12.34,imerg
2025-01-03,11.1,imerg
2025-01-04,45.3,imerg
2025-01-05,3.48,imerg
2025-01-06,2.06,imerg
2025-01-07,0.46,imerg
2025-01-08,0.39,imerg
2025-01-09,1.53,imerg
2025-01-10,4.77,imerg
2025-01-11,0.32,imerg
2025-01-12,0.09,imerg
2025-01-13,0.0,imerg
2025-01-14,0.01,imerg
2025-01-15,0.0,imerg
2025-01-16,0.18,imerg
2025-01-17,0.21,imerg
2025-01-18,0.02,imerg
2025-01-19,0.04,imerg
2025-01-20,0.18,imerg
2025-01-21,0.21,imerg
2025-01-22,0.07,imerg
2025-01-23,0.07,imerg
2025-01-24,0.08,imerg
2025-01-25,0.24,imerg
2025-01-26,0.32,imerg
2025-01-27,0.04,imerg
2025-01-28,0.3,imerg
2025-01-29,0.61,imerg
2025-01-30,0.29,imerg
2025-01-31,0.46,imerg
2025-02-01,0.3,imerg
2025-02-02,2.99,imerg
2025-02-03,0.17,imerg
2025-02-04,0.02,imerg
2025-02-05,0.02,imerg
2025-02-06,0.0,imerg
2025-02-07,0.05,imerg
2025-02-08,0.21,imerg
2025-02-09,0.13,imerg
2025-02-10,0.96,imerg
2025-02-11,0.01,imerg
2025-02-12,1.64,imerg
2025-02-13,6.92,imerg
2025-02-14,2.53,imerg
2025-02-15,1.65,imerg
2025-02-16,7.67,imerg
2025-02-17,2.14,imerg
2025-02-18,3.3,imerg
2025-02-19,45.38,imerg
2025-02-20,29.54,imerg
2025-02-21,4.04,imerg
2025-02-22,0.22,imerg
2025-02-23,0.08,imerg
2025-02-24,0.41,imerg
2025-02-25,0.73,imerg
2025-02-26,0.1,imerg
2025-02-27,4.65,imerg
2025-02-28,0.22,imerg
2025-03-01,0.24,imerg
2025-03-02,0.85,imerg
2025-03-03,0.02,imerg
2025-03-04,0.0,imerg
2025-03-05,0.05,imerg
2025-03-06,0.08,imerg
2025-03-07,0.0,imerg
2025-03-08,0.0,imerg
2025-03-09,0.02,imerg
2025-03-10,0.06,imerg
2025-03-11,0.14,imerg
2025-03-12,1.07,imerg
2025-03-13,0.07,imerg
2025-03-14,0.1,imerg
2025-03-15,0.0,imerg
2025-03-16,0.29,imerg
2025-03-17,0.0,imerg
2025-03-18,0.0,imerg
2025-03-19,0.36,imerg
2025-03-20,0.06,imerg
2025-03-21,14.04,imerg
2025-03-22,2.33,imerg
2025-03-23,0.6,imerg
2025-03-24,0.1,imerg
2025-03-25,0.84,imerg
2025-03-26,2.11,imerg
2025-03-27,0.0,imerg
2025-03-28,0.18,imerg
2025-03-29,1.3,imerg
2025-03-30,8.17,imerg
2025-03-31,0.13,imerg
2025-04-01,0.03,imerg
2025-04-02,0.02,imerg
2025-04-03,3.8,imerg
2025-04-04,9.67,imerg
2025-04-05,1.94,imerg
2025-04-06,0.27,imerg
2025-04-07,0.06,imerg
2025-04-08,1.95,imerg
2025-04-09,0.2,imerg
2025-04-10,0.19,imerg
2025-04-11,10.32,imerg
2025-04-12,11.99,imerg
2025-04-13,17.99,imerg
2025-04-14,0.92,imerg
2025-04-15,0.01,imerg
2025-04-16,0.03,imerg
2025-04-17,0.39,imerg
2025-04-18,0.03,imerg
2025-04-19,0.24,imerg
2025-04-20,3.95,imerg
2025-04-21,9.61,imerg
2025-04-22,5.86,imerg
2025-04-23,1.39,imerg
2025-04-24,0.06,imerg
2025-04-25,0.06,imerg
2025-04-26,0.27,imerg
2025-04-27,12.82,imerg
2025-04-28,58.95,imerg
2025-04-29,25.66,imerg
2025-04-30,16.23,imerg
2025-05-01,19.51,imerg
2025-05-02,14.09,imerg
2025-05-03,1.29,imerg
2025-05-04,7.62,imerg
2025-05-05,12.29,imerg
2025-05-06,8.33,imerg
2025-05-07,10.76,imerg
2025-05-08,8.12,imerg
2025-05-09,2.5,imerg
2025-05-10,8.12,imerg
2025-05-11,1.52,imerg
2025-05-12,8.2,imerg
2025-05-13,1.66,imerg
2025-05-14,18.19,imerg
2025-05-15,23.81,imerg
2025-05-16,27.62,imerg
2025-05-17,6.79,imerg
2025-05-18,10.91,imerg
2025-05-19,11.19,imerg
2025-05-20,1.95,imerg
2025-05-21,18.63,imerg
2025-05-22,5.48,imerg
2025-05-23,18.46,imerg
2025-05-24,9.48,imerg
2025-05-25,25.06,imerg
2025-05-26,8.22,imerg
2025-05-27,13.89,imerg
2025-05-28,4.87,imerg
2025-05-29,6.32,imerg
2025-05-30,2.88,imerg
2025-05-31,14.59,imerg
2025-06-01,3.08,imerg
2025-06-02,0.23,imerg
2025-06-03,9.47,imerg
2025-06-04,8.69,imerg
2025-06-05,9.85,imerg
2025-06-06,1.7,imerg
2025-06-07,3.47,imerg
2025-06-08,3.06,imerg
2025-06-09,17.01,imerg
2025-06-10,17.49,imerg
2025-06-11,43.31,imerg
2025-06-12,4.72,imerg
2025-06-13,21.83,imerg
2025-06-14,15.93,imerg
2025-06-15,1.58,imerg
2025-06-16,8.92,imerg
2025-06-17,1.75,imerg
2025-06-18,4.79,imerg
2025-06-19,2.29,imerg
2025-06-20,3.65,imerg
2025-06-21,38.72,imerg
2025-06-22,25.68,imerg
2025-06-23,21.45,imerg
2025-06-24,9.15,imerg
2025-06-25,5.33,imerg
2025-06-26,2.38,imerg
2025-06-27,23.97,imerg
2025-06-28,9.66,imerg
2025-06-29,10.02,imerg
2025-06-30,6.76,imerg
2025-07-01,6.54,imerg
2025-07-02,16.46,imerg
2025-07-03,24.2,imerg
2025-07-04,21.64,imerg
2025-07-05,7.15,imerg
2025-07-06,3.59,imerg
2025-07-07,3.87,imerg
2025-07-08,0.28,imerg
2025-07-09,7.23,imerg
2025-07-10,16.65,imerg
2025-07-11,23.09,imerg
2025-07-12,13.4,imerg
2025-07-13,3.65,imerg
2025-07-14,0.86,imerg
2025-07-15,0.06,imerg
2025-07-16,0.0,imerg
2025-07-17,0.13,imerg
2025-07-18,2.89,imerg
2025-07-19,4.09,imerg
2025-07-20,2.66,imerg
2025-07-21,8.3,imerg
2025-07-22,12.24,imerg
2025-07-23,9.98,imerg
2025-07-24,18.7,imerg
2025-07-25,8.29,imerg
2025-07-26,7.03,imerg
2025-07-27,12.13,imerg
2025-07-28,2.43,imerg
2025-07-29,2.96,imerg
2025-07-30,41.15,imerg
2025-07-31,1.63,imerg
2025-08-01,0.13,imerg
2025-08-02,4.96,imerg
2025-08-03,63.64,imerg
2025-08-04,8.16,imerg
2025-08-05,4.33,imerg
2025-08-06,21.85,imerg
2025-08-07,1.13,imerg
2025-08-08,3.32,imerg
2025-08-09,18.7,imerg
2025-08-10,4.24,imerg
2025-08-11,9.81,imerg
2025-08-12,3.81,imerg
2025-08-13,12.99,imerg
2025-08-14,16.97,imerg
2025-08-15,18.13,imerg
2025-08-16,19.99,imerg
2025-08-17,13.44,imerg
2025-08-18,12.86,imerg
2025-08-19,5.02,imerg
2025-08-20,0.66,imerg
2025-08-21,78.29,imerg
2025-08-22,3.33,imerg
2025-08-23,5.57,imerg
2025-08-24,1.63,imerg
2025-08-25,9.24,imerg
2025-08-26,20.99,imerg
2025-08-27,8.17,imerg
2025-08-28,12.78,imerg
2025-08-29,4.59,imerg
2025-08-30,3.28,imerg
2025-08-31,23.89,imerg
2025-09-01,18.37,imerg
2025-09-02,9.66,imerg
2025-09-03,2.5,imerg
2025-09-04,17.77,imerg
2025-09-05,20.27,imerg
2025-09-06,11.38,imerg
2025-09-07,12.49,imerg
2025-09-08,9.45,imerg
2025-09-09,0.73,imerg
2025-09-10,1.51,imerg
2025-09-11,5.89,imerg
2025-09-12,49.83,imerg
2025-09-13,2.87,imerg
2025-09-14,8.32,imerg
2025-09-15,11.92,imerg
2025-09-16,44.4,imerg
2025-09-17,6.6,imerg
2025-09-18,2.24,imerg
2025-09-19,2.4,imerg
2025-09-20,2.59,imerg
2025-09-21,6.41,imerg
2025-09-22,1.07,imerg
2025-09-23,4.77,imerg
2025-09-24,21.67,imerg
2025-09-25,33.89,imerg
2025-09-26,6.44,imerg
2025-09-27,3.11,imerg
2025-09-28,4.8,imerg
2025-09-29,5.95,imerg
2025-09-30,2.67,imerg
2025-10-01,11.27,imerg
2025-10-02,9.64,imerg
2025-10-03,9.45,imerg
2025-10-04,4.09,imerg
2025-10-05,4.03,imerg
2025-10-06,16.65,imerg
2025-10-07,2.0,imerg
2025-10-08,5.43,imerg
2025-10-09,23.15,imerg
2025-10-10,9.44,imerg
2025-10-11,9.81,imerg
2025-10-12,0.73,imerg
2025-10-13,0.86,imerg
2025-10-14,5.92,imerg
2025-10-15,15.84,imerg
2025-10-16,0.82,imerg
2025-10-17,0.65,imerg
2025-10-18,1.73,imerg
2025-10-19,11.51,imerg
2025-10-20,19.95,imerg
2025-10-21,15.12,imerg
2025-10-22,14.89,imerg
2025-10-23,15.33,imerg
2025-10-24,2.89,imerg
2025-10-25,6.9,imerg
2025-10-26,8.59,imerg
2025-10-27,17.82,imerg
2025-10-28,7.32,imerg
2025-10-29,7.34,imerg
2025-10-30,14.26,imerg
2025-10-31,27.18,imerg
2025-11-01,34.95,imerg
2025-11-02,33.4,imerg
2025-11-03,28.25,imerg
2025-11-04,35.12,imerg
2025-11-05,1.3,imerg
2025-11-06,3.81,imerg
2025-11-07,2.3,imerg
2025-11-08,13.83,imerg
2025-11-09,12.46,imerg
2025-11-10,43.22,imerg
2025-11-11,16.14,imerg
2025-11-12,19.26,imerg
2025-11-13,6.17,imerg
2025-11-14,18.1,imerg
2025-11-15,17.7,imerg
2025-11-16,23.41,imerg
2025-11-17,1.79,imerg
2025-11-18,7.13,imerg
2025-11-19,46.02,imerg
2025-11-20,46.05,imerg
2025-11-21,9.96,imerg
2025-11-22,1.36,imerg
2025-11-23,4.61,imerg
2025-11-24,3.33,imerg
2025-11-25,46.43,imerg
2025-11-26,27.36,imerg
2025-11-27,26.02,imerg
2025-11-28,33.63,imerg
2025-11-29,20.56,imerg
2025-11-30,10.34,imerg
2025-12-01,31.57,imerg
2025-12-02,19.69,imerg
2025-12-03,10.12,imerg
2025-12-04,0.0,imerg
2025-12-05,0.03,imerg
2025-12-06,0.01,imerg
2025-12-07,0.02,imerg
2025-12-08,4.44,imerg
2025-12-09,1.7,imerg
2025-12-10,21.55,imerg
2025-12-11,6.6,imerg
2025-12-12,17.87,imerg
2025-12-13,28.31,imerg
2025-12-14,21.06,imerg
2025-12-15,31.17,imerg
2025-12-16,18.34,imerg
2025-12-17,4.46,imerg
2025-12-18,0.39,imerg
2025-12-19,16.71,imerg
2025-12-20,0.05,imerg
2025-12-21,0.05,imerg
2025-12-22,0.09,imerg
2025-12-23,0.0,imerg
2025-12-24,0.0,imerg
2025-12-25,0.06,imerg
2025-12-26,0.08,imerg
2025-12-27,0.09,imerg
2025-12-28,0.04,imerg
2025-12-29,0.01,imerg
2025-12-30,0.22,imerg
2025-12-31,0.08,imerg
2026-01-01,40.57,imerg
2026-01-02,13.57,imerg
2026-01-03,2.83,imerg
2026-01-04,1.16,imerg
2026-01-05,0.11,imerg
2026-01-06,0.16,imerg
2026-01-07,0.08,imerg
2026-01-08,0.11,imerg
2026-01-09,0.08,imerg
2026-01-10,7.26,imerg
2026-01-11,8.34,imerg
2026-01-12,1.11,imerg
2026-01-13,5.54,imerg
2026-01-14,0.63,imerg
2026-01-15,34.74,imerg
2026-01-16,11.68,imerg
2026-01-17,17.55,imerg
2026-01-18,0.0,imerg
2026-01-19,0.3,imerg
2026-01-20,0.32,imerg
2026-01-21,0.0,imerg
2026-01-22,0.01,imerg
2026-01-23,0.05,imerg
2026-01-24,0.0,imerg
2026-01-25,0.07,imerg
2026-01-26,0.06,imerg
2026-01-27,0.02,imerg
2026-01-28,0.05,imerg
2026-01-29,0.03,imerg
2026-01-30,0.04,imerg
2026-01-31,0.6,imerg
2026-02-01,0.55,imerg
2026-02-02,9.1,imerg
2026-02-03,0.63,imerg
2026-02-04,0.84,imerg
2026-02-05,1.58,imerg
2026-02-06,79.4,imerg
2026-02-07,1.0,imerg
2026-02-08,0.31,imerg
2026-02-09,0.32,imerg
2026-02-10,0.01,imerg
2026-02-11,0.03,imerg
2026-02-12,0.02,imerg
2026-02-13,0.06,imerg
2026-02-14,0.44,imerg
2026-02-15,0.0,imerg
2026-02-16,0.09,imerg
2026-02-17,14.53,imerg
2026-02-18,1.11,imerg
2026-02-19,21.83,imerg
2026-02-20,12.72,imerg
2026-02-21,0.38,imerg
2026-02-22,0.26,imerg
2026-02-23,0.36,imerg
2026-02-24,0.14,imerg
2026-02-25,0.0,imerg
2026-02-26,0.01,imerg
2026-02-27,0.07,imerg
2026-02-28,0.03,imerg
2026-03-01,0.02,imerg
2026-03-02,0.01,imerg
2026-03-03,0.0,imerg
2026-03-04,0.18,imerg
2026-03-05,1.04,imerg
2026-03-06,0.08,imerg
2026-03-07,0.13,imerg
2026-03-08,1.77,imerg
2026-03-09,0.34,imerg
2026-03-10,0.31,imerg
2026-03-11,0.12,imerg
2026-03-12,0.09,imerg
2026-03-13,0.2,imerg
2026-03-14,0.03,imerg
2026-03-15,0.11,imerg
2026-03-16,0.0,imerg
2026-03-17,0.05,imerg
2026-03-18,0.19,imerg
2026-03-19,0.52,imerg
2026-03-20,18.61,imerg
2026-03-21,18.83,imerg
2026-03-22,1.54,imerg
2026-03-23,4.53,imerg
2026-03-24,1.52,imerg
2026-03-25,0.43,imerg
2026-03-26,0.43,imerg
2026-03-27,0.07,imerg
2026-03-28,0.37,imerg
2026-03-29,3.1,imerg
2026-03-30,0.86,imerg
2026-03-31,1.65,imerg
2026-04-01,1.88,imerg
2026-04-02,9.32,imerg
2026-04-03,3.28,imerg
2026-04-04,2.75,imerg
2026-04-05,0.21,imerg
2026-04-06,2.5,imerg
2026-04-07,1.53,imerg
2026-04-08,1.09,imerg
2026-04-09,6.21,imerg
2026-04-10,1.35,imerg
2026-04-11,18.53,imerg
2026-04-12,3.44,imerg
2026-04-13,0.16,imerg
2026-04-14,0.33,imerg
2026-04-15,0.22,imerg
2026-04-16,0.77,imerg
2026-04-17,0.06,imerg
2026-04-18,0.4,imerg
2026-04-19,0.01,imerg
2026-04-20,1.05,imerg
2026-04-21,0.22,imerg
2026-04-22,3.16,imerg
2026-04-23,4.45,imerg
2026-04-24,1.45,imerg
2026-04-25,3.4,imerg
2026-04-26,3.44,imerg
2026-04-27,0.67,imerg
2026-04-28,0.47,imerg
2026-04-29,3.36,imerg
2026-04-30,28.09,imerg
2026-05-01,15.69,imerg
2026-05-02,56.92,imerg
2026-05-03,18.03,imerg
2026-05-04,10.31,imerg
2026-05-05,4.7,imerg
2026-05-06,1.54,imerg
2026-05-07,0.59,imerg
2026-05-08,0.06,imerg
2026-05-09,0.19,imerg
2026-05-10,0.42,imerg
2026-05-11,3.87,imerg
2026-05-12,8.41,imerg
2026-05-13,5.33,imerg
2026-05-14,5.61,imerg
2026-05-15,0.66,imerg
2026-05-16,2.05,imerg
2026-05-17,2.04,imerg
2026-05-18,10.8,imerg
2026-05-19,1.3,imerg
2026-05-20,0.56,imerg
2026-05-21,0.96,imerg
2026-05-22,3.25,imerg
2026-05-23,1.72,imerg
2026-05-24,1.11,imerg
2026-05-25,1.0,imerg
2026-05-26,11.65,imerg
2026-05-27,6.8,imerg
2026-05-28,15.24,imerg
2026-05-29,13.79,imerg
2026-05-30,7.22,imerg
2026-05-31,1.71,imerg
2026-06-01,0.15,imerg
2026-06-02,4.92,imerg
2026-06-03,23.34,imerg
2026-06-04,1.55,imerg
2026-06-05,1.76,imerg
2026-06-06,6.39,imerg
2026-06-07,0.93,imerg
2026-06-08,3.12,imerg
2026-06-09,1.16,imerg
2026-06-10,0.54,imerg
2026-06-11,1.04,imerg
2026-06-12,0.0,imerg
2026-06-13,18.34,imerg
2026-06-14,16.73,imerg
2026-06-15,17.68,imerg
2026-06-16,3.94,imerg
2026-06-17,13.37,imerg
2026-06-18,5.3,imerg
2026-06-19,1.6,imerg
2026-06-20,11.94,imerg
2026-06-21,3.79,imerg
2026-06-22,9.19,imerg
2026-06-23,8.44,imerg
2026-06-24,0.84,imerg
2026-06-25,1.55,imerg
2026-06-26,2.5,imerg
2026-06-27,0.3,imerg
2026-06-28,0.06,imerg
2026-06-29,0.05,imerg
2026-06-30,0.0,imerg
2026-07-01,1.34,imerg
2026-07-02,1.84,imerg
2026-07-03,2.36,imerg
2026-07-04,59.99,imerg
2026-07-05,2.67,imerg
2026-07-06,4.9,imerg
2026-07-07,0.16,imerg
2026-07-08,0.17,imerg
2026-07-09,10.94,imerg
2026-07-10,5.69,imerg
2026-07-11,3.84,imerg
2026-07-12,6.91,imerg
2026-07-13,11.22,imerg
2026-07-14,1.16,imerg
2026-07-15,0.27,imerg
2026-07-16,0.15,imerg
2026-07-17,0.02,imerg
2026-07-18,0.05,imerg
2026-07-19,15.95,imerg
2026-07-20,11.84,imerg
2026-07-21,1.0,imerg
2026-07-22,17.05,imerg
2026-07-23,64.91,imerg
2026-07-24,8.16,imerg
2026-07-25,0.76,imerg
2026-07-26,0.93,imerg
2026-07-27,9.91,imerg
2026-07-28,1.03,imerg
2026-07-29,0.05,imerg
2026-07-30,0.56,imerg
2026-07-31,0.63,imerg
2026-08-01,0.91,imerg
2026-08-02,0.71,imerg
2026-08-03,3.84,imerg
2026-08-04,9.67,imerg
2026-08-05,16.24,imerg
2026-08-06,27.37,imerg
2026-08-07,3.27,imerg
2026-08-08,0.24,imerg
2026-08-09,2.28,imerg
2026-08-10,0.2,imerg
2026-08-11,0.02,imerg
2026-08-12,4.78,imerg
2026-08-13,0.71,imerg
2026-08-14,2.17,imerg
2026-08-15,2.23,imerg
2026-08-16,5.63,imerg
2026-08-17,29.1,imerg
