1948 01 01  203.69
1948 01 02  328.68
1948 01 03  247.44
1948 01 04  271.08
1948 01 05  281.61
1948 01 06  227.98
1948 01 07  200.48
1948 01 08  170.76
1948 01 09   51.59
1948 01 10   56.63
1948 01 11   30.70
1948 01 12  -42.57
1948 01 13  -75.90
1948 01 14  -73.79
1948 01 15 -160.18
1948 01 16 -196.09
1948 01 17 -189.34
1948 01 18 -139.76
1948 01 19  -94.07
1948 01 20  -26.77
1948 01 21   20.58
1948 01 22  -15.20
1948 01 23  -24.07
1948 01 24  -66.55
1948 01 25  -54.77
1948 01 26  -46.77
1948 01 27   19.42
1948 01 28   44.23
1948 01 29    4.39
1948 01 30  -15.01
1948 01 31  -75.75
1948 02 01 -170.23
1948 02 02 -263.26
1948 02 03 -242.77
1948 02 04 -205.89
1948 02 05 -209.14
1948 02 06 -161.17
1948 02 07  -77.08
1948 02 08  -51.42
1948 02 09  -84.32
1948 02 10 -165.25
1948 02 11 -126.34
1948 02 12  -59.53
1948 02 13  -21.16
1948 02 14    2.97
1948 02 15  152.12
1948 02 16  209.42
1948 02 17  116.93
1948 02 18  123.02
1948 02 19   74.17
1948 02 20  105.70
1948 02 21  195.27
1948 02 22  197.89
1948 02 23  121.40
1948 02 24  161.06
1948 02 25  156.30
1948 02 26  136.44
1948 02 27   84.61
1948 02 28   52.52
1948 02 29   54.07
1948 03 01   39.01
1948 03 02   -1.81
1948 03 03  -21.45
1948 03 04   16.94
1948 03 05   35.66
1948 03 06    1.31
1948 03 07  -95.28
1948 03 08 -142.06
1948 03 09 -117.03
1948 03 10  -91.40
1948 03 11  -50.72
1948 03 12  -18.66
1948 03 13   16.41
1948 03 14   73.39
1948 03 15   65.75
1948 03 16   -1.45
1948 03 17   63.90
1948 03 18  149.62
1948 03 19  147.78
1948 03 20  234.51
1948 03 21  299.73
1948 03 22  218.44
1948 03 23   86.53
1948 03 24   62.18
1948 03 25    5.65
1948 03 26 -115.44
1948 03 27 -200.74
1948 03 28 -192.37
1948 03 29 -115.64
1948 03 30  -18.32
1948 03 31   60.35
1948 04 01  -20.39
1948 04 02 -118.59
1948 04 03 -126.73
1948 04 04 -131.97
1948 04 05 -106.05
1948 04 06 -123.83
1948 04 07 -189.20
1948 04 08 -241.18
1948 04 09 -234.94
1948 04 10 -177.47
1948 04 11 -127.05
1948 04 12 -111.05
1948 04 13 -156.34
1948 04 14 -154.78
1948 04 15  -71.03
1948 04 16   -9.05
1948 04 17   40.08
1948 04 18   50.59
1948 04 19   42.78
1948 04 20   37.40
1948 04 21   73.60
1948 04 22  165.50
1948 04 23  187.66
1948 04 24  131.34
1948 04 25   51.23
1948 04 26  -35.33
1948 04 27  -95.24
1948 04 28  -87.98
1948 04 29  -38.93
1948 04 30   18.06
1948 05 01   24.68
1948 05 02   34.30
1948 05 03   74.90
1948 05 04   93.65
1948 05 05   57.81
1948 05 06   62.99
1948 05 07   58.04
1948 05 08   49.64
1948 05 09   34.65
1948 05 10   36.74
1948 05 11   58.76
1948 05 12   52.26
1948 05 13   71.77
1948 05 14   65.90
1948 05 15   33.27
1948 05 16   25.29
1948 05 17   64.39
1948 05 18   79.16
1948 05 19   96.37
1948 05 20   47.56
1948 05 21  -18.70
1948 05 22   -2.64
1948 05 23   -8.28
1948 05 24  -64.63
1948 05 25  -56.28
1948 05 26  -58.19
1948 05 27  -72.53
1948 05 28  -66.19
1948 05 29  -77.90
1948 05 30  -71.58
1948 05 31  -15.41
1948 06 01   37.22
1948 06 02   24.46
1948 06 03   17.28
1948 06 04    6.39
1948 06 05  -15.37
1948 06 06  -17.19
1948 06 07  -27.45
1948 06 08  -90.23
1948 06 09 -168.70
1948 06 10 -172.00
1948 06 11 -159.16
1948 06 12 -154.47
1948 06 13 -151.73
1948 06 14 -137.38
1948 06 15 -138.87
1948 06 16 -154.71
1948 06 17 -134.19
1948 06 18  -84.21
1948 06 19   36.13
1948 06 20  113.40
1948 06 21   99.56
1948 06 22   44.64
1948 06 23  -18.53
1948 06 24  -37.10
1948 06 25   -1.70
1948 06 26   60.14
1948 06 27   71.32
1948 06 28   24.16
1948 06 29   -4.52
1948 06 30   17.11
1948 07 01   12.46
1948 07 02   29.74
1948 07 03   50.47
1948 07 04   38.42
1948 07 05    0.14
1948 07 06   14.35
1948 07 07   16.93
1948 07 08   -4.50
1948 07 09   -1.91
1948 07 10   -1.83
1948 07 11    6.97
1948 07 12  -39.31
1948 07 13  -82.96
1948 07 14  -83.18
1948 07 15  -61.19
1948 07 16  -44.78
1948 07 17  -38.63
1948 07 18  -15.61
1948 07 19   18.34
1948 07 20   42.57
1948 07 21   50.63
1948 07 22   34.80
1948 07 23   43.52
1948 07 24   61.13
1948 07 25   46.45
1948 07 26   17.97
1948 07 27   73.65
1948 07 28  104.86
1948 07 29   79.68
1948 07 30   59.47
1948 07 31   46.76
1948 08 01   45.63
1948 08 02  -13.27
1948 08 03  -49.88
1948 08 04  -11.26
1948 08 05   12.16
1948 08 06  -11.80
1948 08 07  -40.08
1948 08 08  -28.78
1948 08 09  -18.87
1948 08 10  -13.02
1948 08 11  -12.09
1948 08 12  -18.23
1948 08 13  -34.52
1948 08 14  -69.57
1948 08 15  -76.09
1948 08 16  -61.45
1948 08 17  -60.68
1948 08 18  -63.73
1948 08 19  -17.36
1948 08 20  -33.44
1948 08 21  -83.73
1948 08 22  -85.74
1948 08 23  -12.38
1948 08 24   19.85
1948 08 25   27.83
1948 08 26   39.27
1948 08 27   56.55
1948 08 28   35.82
1948 08 29   53.56
1948 08 30  133.83
1948 08 31  171.34
1948 09 01  143.89
1948 09 02  110.94
1948 09 03  124.87
1948 09 04   84.56
1948 09 05   36.42
1948 09 06  -14.93
1948 09 07  -35.69
1948 09 08  -44.75
1948 09 09  -10.84
1948 09 10   -7.18
1948 09 11   -9.47
1948 09 12  -48.76
1948 09 13  -39.68
1948 09 14   33.47
1948 09 15   58.48
1948 09 16   33.78
1948 09 17   52.44
1948 09 18   55.49
1948 09 19  101.59
1948 09 20  212.05
1948 09 21  227.24
1948 09 22  157.79
1948 09 23   71.61
1948 09 24   55.23
1948 09 25   81.26
1948 09 26   24.95
1948 09 27   45.13
1948 09 28   38.53
1948 09 29  -39.30
1948 09 30    7.52
1948 10 01   38.13
1948 10 02   76.83
1948 10 03  186.17
1948 10 04  272.44
1948 10 05  226.24
1948 10 06  166.43
1948 10 07  184.49
1948 10 08  180.18
1948 10 09  204.49
1948 10 10  178.86
1948 10 11  127.00
1948 10 12  113.35
1948 10 13   74.25
1948 10 14   65.29
1948 10 15   -0.61
1948 10 16  -27.11
1948 10 17  -26.27
1948 10 18   -9.89
1948 10 19    8.32
1948 10 20  -13.71
1948 10 21    7.98
1948 10 22  -24.59
1948 10 23   -2.04
1948 10 24   74.75
1948 10 25   70.97
1948 10 26   76.53
1948 10 27  114.80
1948 10 28  104.11
1948 10 29  152.29
1948 10 30  163.78
1948 10 31  148.44
1948 11 01  166.38
1948 11 02  249.92
1948 11 03  322.64
1948 11 04  246.58
1948 11 05  155.68
1948 11 06   61.44
1948 11 07  -26.04
1948 11 08  -87.06
1948 11 09 -113.46
1948 11 10 -124.38
1948 11 11  -77.39
1948 11 12  -21.86
1948 11 13   52.60
1948 11 14  159.99
1948 11 15  195.29
1948 11 16  162.23
1948 11 17  140.05
1948 11 18  110.80
1948 11 19  112.67
1948 11 20   77.71
1948 11 21   61.56
1948 11 22   96.62
1948 11 23  154.05
1948 11 24  194.66
1948 11 25  185.84
1948 11 26  139.62
1948 11 27  118.03
1948 11 28  163.34
1948 11 29  178.49
1948 11 30  175.22
1948 12 01  258.99
1948 12 02  250.77
1948 12 03  139.34
1948 12 04  173.81
1948 12 05  144.18
1948 12 06   98.68
1948 12 07  135.26
1948 12 08  105.73
1948 12 09   56.55
1948 12 10  114.92
1948 12 11  165.38
1948 12 12   67.62
1948 12 13  -93.53
1948 12 14  -98.89
1948 12 15  -77.84
1948 12 16 -100.09
1948 12 17  -64.72
1948 12 18   20.46
1948 12 19  114.81
1948 12 20  138.88
1948 12 21   32.42
1948 12 22    7.97
1948 12 23   29.21
1948 12 24  -66.89
1948 12 25  -88.97
1948 12 26   17.35
1948 12 27  134.88
1948 12 28  228.86
1948 12 29  261.82
1948 12 30  256.25
1948 12 31  235.11
1949 01 01  203.00
1949 01 02  101.17
1949 01 03  116.07
1949 01 04  104.45
1949 01 05  101.23
1949 01 06   86.59
1949 01 07    8.68
1949 01 08  -66.50
1949 01 09 -142.67
1949 01 10 -224.22
1949 01 11 -211.70
1949 01 12 -130.34
1949 01 13    5.11
1949 01 14   73.75
1949 01 15   44.02
1949 01 16   13.96
1949 01 17  -15.69
1949 01 18  -43.82
1949 01 19  -57.74
1949 01 20    0.16
1949 01 21  -19.85
1949 01 22  -72.50
1949 01 23 -104.89
1949 01 24  -94.34
1949 01 25  -40.85
1949 01 26  -13.24
1949 01 27  -82.69
1949 01 28 -127.83
1949 01 29 -116.03
1949 01 30 -154.61
1949 01 31 -191.43
1949 02 01 -157.34
1949 02 02 -101.31
1949 02 03  -36.99
1949 02 04    2.24
1949 02 05   34.87
1949 02 06  104.26
1949 02 07  171.18
1949 02 08  216.14
1949 02 09  253.04
1949 02 10  173.69
1949 02 11   24.24
1949 02 12  -53.13
1949 02 13   14.57
1949 02 14  113.57
1949 02 15  177.46
1949 02 16  188.81
1949 02 17  128.36
1949 02 18   46.86
1949 02 19  -44.41
1949 02 20  -70.72
1949 02 21   -2.71
1949 02 22   63.13
1949 02 23   75.66
1949 02 24   47.64
1949 02 25   38.01
1949 02 26    9.15
1949 02 27  -20.30
1949 02 28  -44.85
1949 03 01    0.86
1949 03 02  -20.82
1949 03 03  -67.31
1949 03 04 -114.67
1949 03 05 -168.15
1949 03 06 -178.45
1949 03 07 -185.18
1949 03 08 -200.76
1949 03 09 -269.16
1949 03 10 -285.98
1949 03 11 -302.61
1949 03 12 -328.38
1949 03 13 -352.90
1949 03 14 -343.89
1949 03 15 -298.08
1949 03 16 -225.12
1949 03 17 -149.84
1949 03 18  -74.34
1949 03 19   -2.31
1949 03 20   78.99
1949 03 21   66.61
1949 03 22   82.05
1949 03 23  105.19
1949 03 24  159.76
1949 03 25  149.34
1949 03 26  138.54
1949 03 27   82.62
1949 03 28   18.84
1949 03 29   66.82
1949 03 30   70.38
1949 03 31   81.68
1949 04 01   94.45
1949 04 02  108.12
1949 04 03   81.23
1949 04 04   10.29
1949 04 05   33.17
1949 04 06   47.89
1949 04 07   89.07
1949 04 08   81.25
1949 04 09   30.75
1949 04 10   -7.93
1949 04 11   18.25
1949 04 12   34.01
1949 04 13  -20.71
1949 04 14  -53.22
1949 04 15  -23.38
1949 04 16  -30.83
1949 04 17  -20.98
1949 04 18   33.50
1949 04 19   93.73
1949 04 20  146.99
1949 04 21   91.55
1949 04 22   39.66
1949 04 23   59.95
1949 04 24  118.14
1949 04 25  167.40
1949 04 26  154.89
1949 04 27  187.25
1949 04 28  218.68
1949 04 29  222.82
1949 04 30  223.80
1949 05 01  232.37
1949 05 02  236.66
1949 05 03  232.84
1949 05 04  177.29
1949 05 05  104.30
1949 05 06   59.73
1949 05 07  -16.26
1949 05 08  -13.62
1949 05 09   12.86
1949 05 10    9.98
1949 05 11   27.39
1949 05 12   14.53
1949 05 13   13.62
1949 05 14  -12.25
1949 05 15  -44.12
1949 05 16  -92.59
1949 05 17 -130.45
1949 05 18 -131.19
1949 05 19 -137.44
1949 05 20 -130.51
1949 05 21 -158.12
1949 05 22 -141.62
1949 05 23 -135.88
1949 05 24 -103.68
1949 05 25  -89.46
1949 05 26  -76.61
1949 05 27  -37.33
1949 05 28    3.24
1949 05 29   67.96
1949 05 30  121.37
1949 05 31  113.78
1949 06 01   81.46
1949 06 02   40.68
1949 06 03   68.11
1949 06 04   45.56
1949 06 05    1.24
1949 06 06    4.91
1949 06 07   37.52
1949 06 08   50.44
1949 06 09   38.63
1949 06 10   33.64
1949 06 11   60.24
1949 06 12  101.57
1949 06 13   84.28
1949 06 14   31.98
1949 06 15  -25.92
1949 06 16  -81.77
1949 06 17 -114.67
1949 06 18  -97.47
1949 06 19  -57.70
1949 06 20   -8.49
1949 06 21   -8.81
1949 06 22  -36.77
1949 06 23  -48.40
1949 06 24  -21.77
1949 06 25    0.63
1949 06 26   63.48
1949 06 27   91.67
1949 06 28  101.64
1949 06 29  115.15
1949 06 30  114.73
1949 07 01   79.50
1949 07 02   18.25
1949 07 03  -44.58
1949 07 04  -37.68
1949 07 05    2.08
1949 07 06   20.48
1949 07 07    6.95
1949 07 08  -41.73
1949 07 09  -49.94
1949 07 10  -49.43
1949 07 11  -13.85
1949 07 12    2.29
1949 07 13   10.08
1949 07 14  -12.89
1949 07 15   -5.57
1949 07 16    8.53
1949 07 17  -32.48
1949 07 18  -47.24
1949 07 19    0.36
1949 07 20   16.89
1949 07 21   19.05
1949 07 22   12.93
1949 07 23    4.81
1949 07 24   38.33
1949 07 25   51.71
1949 07 26   45.87
1949 07 27   43.43
1949 07 28   56.39
1949 07 29   48.52
1949 07 30   41.88
1949 07 31   17.29
1949 08 01   14.63
1949 08 02   31.63
1949 08 03   28.25
1949 08 04   25.25
1949 08 05   21.45
1949 08 06   40.91
1949 08 07   51.65
1949 08 08   57.08
1949 08 09   61.42
1949 08 10   46.13
1949 08 11   30.02
1949 08 12   54.24
1949 08 13   75.31
1949 08 14  109.76
1949 08 15  113.67
1949 08 16   75.23
1949 08 17   48.28
1949 08 18    8.23
1949 08 19  -44.25
1949 08 20  -54.94
1949 08 21  -42.88
1949 08 22  -40.02
1949 08 23  -66.31
1949 08 24  -61.38
1949 08 25  -56.71
1949 08 26  -83.87
1949 08 27 -101.81
1949 08 28 -142.25
1949 08 29 -144.11
1949 08 30 -114.69
1949 08 31 -103.26
1949 09 01  -83.85
1949 09 02  -72.07
1949 09 03 -115.29
1949 09 04 -145.36
1949 09 05 -143.41
1949 09 06 -119.95
1949 09 07 -104.64
1949 09 08 -105.62
1949 09 09 -122.24
1949 09 10  -94.91
1949 09 11  -45.87
1949 09 12    1.70
1949 09 13   63.58
1949 09 14  120.77
1949 09 15  152.67
1949 09 16  142.94
1949 09 17   57.35
1949 09 18    9.52
1949 09 19   44.85
1949 09 20  107.90
1949 09 21   84.27
1949 09 22   28.76
1949 09 23   11.63
1949 09 24  -12.73
1949 09 25  -31.38
1949 09 26  -58.01
1949 09 27  -80.08
1949 09 28 -103.91
1949 09 29  -84.44
1949 09 30  -25.06
1949 10 01   14.13
1949 10 02   52.02
1949 10 03   95.31
1949 10 04  122.63
1949 10 05  126.72
1949 10 06   59.40
1949 10 07    4.44
1949 10 08   52.23
1949 10 09   89.67
1949 10 10  122.40
1949 10 11  129.67
1949 10 12  106.85
1949 10 13  109.47
1949 10 14  125.35
1949 10 15   47.24
1949 10 16  -70.07
1949 10 17 -147.85
1949 10 18 -146.10
1949 10 19 -114.51
1949 10 20 -144.96
1949 10 21 -164.80
1949 10 22 -191.83
1949 10 23 -178.13
1949 10 24 -150.94
1949 10 25 -102.01
1949 10 26   23.84
1949 10 27  101.67
1949 10 28  120.23
1949 10 29   31.31
1949 10 30   14.58
1949 10 31  -16.30
1949 11 01  -50.17
1949 11 02  -24.51
1949 11 03  -63.37
1949 11 04 -121.56
1949 11 05 -108.22
1949 11 06  -59.91
1949 11 07  -49.97
1949 11 08   80.87
1949 11 09  125.33
1949 11 10   91.94
1949 11 11    9.21
1949 11 12  -99.27
1949 11 13  -65.73
1949 11 14  -13.69
1949 11 15  -64.52
1949 11 16 -127.42
1949 11 17  -98.52
1949 11 18 -131.19
1949 11 19 -175.05
1949 11 20 -182.16
1949 11 21 -163.95
1949 11 22  -70.31
1949 11 23   30.05
1949 11 24   71.74
1949 11 25  138.48
1949 11 26  219.04
1949 11 27  288.73
1949 11 28  234.69
1949 11 29  161.56
1949 11 30  154.79
1949 12 01  191.58
1949 12 02  204.25
1949 12 03  136.39
1949 12 04   72.17
1949 12 05  104.06
1949 12 06   96.86
1949 12 07   52.47
1949 12 08   51.16
1949 12 09   -8.92
1949 12 10  -95.35
1949 12 11  -82.49
1949 12 12  -62.33
1949 12 13 -127.91
1949 12 14 -203.65
1949 12 15 -191.70
1949 12 16 -114.32
1949 12 17  -89.35
1949 12 18 -123.17
1949 12 19 -134.87
1949 12 20  -72.77
1949 12 21  -79.89
1949 12 22  -41.56
1949 12 23   21.28
1949 12 24   59.49
1949 12 25   90.73
1949 12 26   32.68
1949 12 27  -18.40
1949 12 28  -34.53
1949 12 29   15.63
1949 12 30   74.46
1949 12 31    4.91
1950 01 01  -79.79
1950 01 02 -130.77
1950 01 03  -94.14
1950 01 04  -85.40
1950 01 05    1.49
1950 01 06  -50.95
1950 01 07 -117.53
1950 01 08 -101.47
1950 01 09  -21.48
1950 01 10  -49.81
1950 01 11  -71.86
1950 01 12  -65.35
1950 01 13  -67.15
1950 01 14 -104.84
1950 01 15  -97.48
1950 01 16 -152.83
1950 01 17 -203.67
1950 01 18 -216.13
1950 01 19 -216.89
1950 01 20 -166.25
1950 01 21  -88.69
1950 01 22  -32.77
1950 01 23  -41.82
1950 01 24  -93.73
1950 01 25  -96.78
1950 01 26 -107.09
1950 01 27 -156.08
1950 01 28 -180.20
1950 01 29 -267.81
1950 01 30 -288.34
1950 01 31 -250.20
1950 02 01 -215.88
1950 02 02 -119.73
1950 02 03    9.22
1950 02 04   99.73
1950 02 05  132.55
1950 02 06  190.96
1950 02 07  232.09
1950 02 08  231.72
1950 02 09  223.38
1950 02 10  212.22
1950 02 11  210.79
1950 02 12  189.51
1950 02 13  172.65
1950 02 14  115.18
1950 02 15   63.19
1950 02 16   75.59
1950 02 17   62.24
1950 02 18   15.72
1950 02 19   44.72
1950 02 20   50.92
1950 02 21   54.67
1950 02 22  105.99
1950 02 23  185.97
1950 02 24  206.60
1950 02 25  151.33
1950 02 26  126.40
1950 02 27   70.12
1950 02 28   19.64
1950 03 01   65.59
1950 03 02  177.51
1950 03 03  246.43
1950 03 04  203.95
1950 03 05   51.89
1950 03 06  -95.08
1950 03 07 -190.25
1950 03 08 -205.89
1950 03 09 -232.55
1950 03 10 -234.54
1950 03 11 -225.14
1950 03 12 -154.20
1950 03 13  -68.35
1950 03 14  -36.54
1950 03 15    1.29
1950 03 16   84.15
1950 03 17  150.30
1950 03 18  190.13
1950 03 19  236.39
1950 03 20  201.18
1950 03 21  147.53
1950 03 22  164.89
1950 03 23  155.26
1950 03 24  110.48
1950 03 25  117.56
1950 03 26  170.80
1950 03 27  129.16
1950 03 28   36.68
1950 03 29  -30.38
1950 03 30    5.98
1950 03 31   85.03
1950 04 01  147.27
1950 04 02   92.89
1950 04 03   21.96
1950 04 04  -40.57
1950 04 05 -117.76
1950 04 06 -109.24
1950 04 07 -122.72
1950 04 08  -61.86
1950 04 09   13.91
1950 04 10   39.24
1950 04 11   45.15
1950 04 12   99.66
1950 04 13  168.72
1950 04 14  193.36
1950 04 15  190.77
1950 04 16  133.84
1950 04 17  108.06
1950 04 18   23.35
1950 04 19   32.07
1950 04 20   81.52
1950 04 21   69.67
1950 04 22   55.57
1950 04 23   63.99
1950 04 24   49.32
1950 04 25   14.96
1950 04 26   -7.25
1950 04 27   -6.17
1950 04 28    8.82
1950 04 29   29.68
1950 04 30   91.95
1950 05 01  122.56
1950 05 02   81.40
1950 05 03   36.00
1950 05 04   61.13
1950 05 05   50.62
1950 05 06  -27.11
1950 05 07  -43.99
1950 05 08  -17.96
1950 05 09   41.06
1950 05 10   53.53
1950 05 11   49.10
1950 05 12   50.42
1950 05 13   57.82
1950 05 14   50.92
1950 05 15   20.00
1950 05 16   15.67
1950 05 17   53.06
1950 05 18  117.54
1950 05 19  134.31
1950 05 20  130.26
1950 05 21  123.19
1950 05 22   87.67
1950 05 23   47.80
1950 05 24   68.39
1950 05 25  117.08
1950 05 26  142.92
1950 05 27  155.92
1950 05 28  154.66
1950 05 29  107.53
1950 05 30   -9.15
1950 05 31  -71.27
1950 06 01  -72.02
1950 06 02  -52.19
1950 06 03  -15.83
1950 06 04    1.24
1950 06 05  -42.02
1950 06 06  -80.73
1950 06 07  -49.50
1950 06 08  -40.01
1950 06 09  -17.85
1950 06 10  -28.28
1950 06 11  -34.82
1950 06 12  -29.67
1950 06 13  -65.70
1950 06 14  -76.92
1950 06 15  -82.45
1950 06 16  -97.15
1950 06 17 -111.66
1950 06 18 -112.60
1950 06 19  -82.09
1950 06 20  -23.14
1950 06 21   41.82
1950 06 22   89.17
1950 06 23   60.39
1950 06 24   80.06
1950 06 25   83.92
1950 06 26    9.21
1950 06 27  -58.81
1950 06 28  -75.90
1950 06 29  -46.88
1950 06 30  -22.53
1950 07 01  -32.99
1950 07 02  -32.26
1950 07 03  -12.56
1950 07 04  -10.59
1950 07 05    4.62
1950 07 06   23.99
1950 07 07   23.07
1950 07 08   13.82
1950 07 09    3.64
1950 07 10   -9.14
1950 07 11  -10.05
1950 07 12  -18.42
1950 07 13    9.31
1950 07 14   18.23
1950 07 15    1.93
1950 07 16   16.16
1950 07 17   41.29
1950 07 18   73.05
1950 07 19  102.21
1950 07 20   68.03
1950 07 21   31.42
1950 07 22   13.38
1950 07 23   10.28
1950 07 24   -2.73
1950 07 25   -9.75
1950 07 26   16.72
1950 07 27   43.92
1950 07 28   91.16
1950 07 29  100.28
1950 07 30   66.74
1950 07 31   23.32
1950 08 01   -0.19
1950 08 02  -26.98
1950 08 03  -44.22
1950 08 04   -6.94
1950 08 05   28.67
1950 08 06    1.81
1950 08 07  -36.77
1950 08 08  -76.74
1950 08 09 -102.91
1950 08 10 -122.26
1950 08 11 -118.08
1950 08 12  -69.89
1950 08 13  -31.82
1950 08 14  -12.51
1950 08 15   -6.15
1950 08 16  -55.60
1950 08 17 -109.83
1950 08 18 -139.15
1950 08 19 -133.05
1950 08 20 -116.68
1950 08 21  -87.50
1950 08 22  -31.08
1950 08 23   17.16
1950 08 24   29.67
1950 08 25   40.26
1950 08 26  103.16
1950 08 27  139.62
1950 08 28  127.32
1950 08 29  101.89
1950 08 30   66.60
1950 08 31   40.37
1950 09 01   56.16
1950 09 02   44.87
1950 09 03   65.78
1950 09 04  108.51
1950 09 05  104.52
1950 09 06   60.51
1950 09 07   -6.92
1950 09 08  -65.96
1950 09 09  -94.46
1950 09 10 -107.77
1950 09 11  -88.45
1950 09 12  -84.96
1950 09 13 -108.83
1950 09 14 -108.18
1950 09 15  -76.69
1950 09 16  -80.87
1950 09 17  -32.68
1950 09 18    2.00
1950 09 19   41.53
1950 09 20   66.81
1950 09 21   24.72
1950 09 22   79.24
1950 09 23  128.55
1950 09 24  151.69
1950 09 25  156.52
1950 09 26  115.37
1950 09 27    7.04
1950 09 28 -122.79
1950 09 29 -205.40
1950 09 30 -163.02
1950 10 01  -89.35
1950 10 02  -78.23
1950 10 03  -63.53
1950 10 04   16.46
1950 10 05   83.79
1950 10 06  118.97
1950 10 07  100.35
1950 10 08  128.64
1950 10 09  201.51
1950 10 10  183.07
1950 10 11   65.80
1950 10 12    9.27
1950 10 13  -12.23
1950 10 14   12.02
1950 10 15   24.40
1950 10 16  -17.10
1950 10 17  -45.97
1950 10 18  -90.10
1950 10 19 -110.17
1950 10 20 -110.42
1950 10 21  -99.65
1950 10 22  -86.64
1950 10 23   14.93
1950 10 24   95.38
1950 10 25  160.28
1950 10 26  223.63
1950 10 27  287.09
1950 10 28  288.04
1950 10 29  182.69
1950 10 30  143.17
1950 10 31  167.18
1950 11 01  149.55
1950 11 02   75.71
1950 11 03   81.69
1950 11 04   83.33
1950 11 05   62.07
1950 11 06   25.76
1950 11 07  -50.28
1950 11 08 -174.59
1950 11 09 -239.25
1950 11 10 -245.18
1950 11 11 -224.65
1950 11 12 -209.25
1950 11 13 -156.45
1950 11 14  -48.98
1950 11 15   -9.00
1950 11 16   -9.03
1950 11 17   -4.61
1950 11 18    1.84
1950 11 19    5.73
1950 11 20   20.88
1950 11 21   28.88
1950 11 22  -34.42
1950 11 23  -20.09
1950 11 24   -4.20
1950 11 25  -22.74
1950 11 26  -53.15
1950 11 27 -143.69
1950 11 28 -248.58
1950 11 29 -290.74
1950 11 30 -271.86
1950 12 01 -155.95
1950 12 02  -48.33
1950 12 03   -0.56
1950 12 04  -48.26
1950 12 05  -27.78
1950 12 06  137.77
1950 12 07  155.01
1950 12 08  -71.39
1950 12 09 -176.63
1950 12 10 -118.22
1950 12 11 -159.26
1950 12 12 -141.69
1950 12 13 -126.45
1950 12 14 -130.96
1950 12 15 -135.18
1950 12 16 -161.13
1950 12 17 -144.34
1950 12 18  -96.79
1950 12 19  -98.02
1950 12 20  -11.82
1950 12 21   54.30
1950 12 22   99.72
1950 12 23   40.93
1950 12 24   -4.53
1950 12 25  -49.86
1950 12 26  -41.65
1950 12 27   44.17
1950 12 28   31.77
1950 12 29    1.55
1950 12 30   20.08
1950 12 31    1.72
1951 01 01   17.65
1951 01 02   64.67
1951 01 03   80.40
1951 01 04   68.22
1951 01 05   54.31
1951 01 06   31.84
1951 01 07   87.01
1951 01 08  186.12
1951 01 09  199.03
1951 01 10  191.46
1951 01 11  253.28
1951 01 12  279.66
1951 01 13  335.29
1951 01 14  297.83
1951 01 15  248.83
1951 01 16  351.13
1951 01 17  395.60
1951 01 18  271.12
1951 01 19  196.50
1951 01 20  159.77
1951 01 21  145.60
1951 01 22  118.62
1951 01 23   57.71
1951 01 24   10.21
1951 01 25  -37.84
1951 01 26 -120.88
1951 01 27 -225.10
1951 01 28 -244.33
1951 01 29 -254.23
1951 01 30 -209.36
1951 01 31  -81.42
1951 02 01  -31.34
1951 02 02   82.78
1951 02 03  114.72
1951 02 04   65.90
1951 02 05   -3.99
1951 02 06  -83.31
1951 02 07  -45.67
1951 02 08   10.89
1951 02 09   20.36
1951 02 10    9.44
1951 02 11  -39.65
1951 02 12 -100.00
1951 02 13  -30.07
1951 02 14   45.63
1951 02 15  111.33
1951 02 16  161.03
1951 02 17  161.05
1951 02 18  158.43
1951 02 19   82.01
1951 02 20  -33.13
1951 02 21 -136.07
1951 02 22 -125.05
1951 02 23  -68.31
1951 02 24   -3.73
1951 02 25   12.74
1951 02 26   -9.51
1951 02 27   18.65
1951 02 28  -12.55
1951 03 01  -48.81
1951 03 02  -23.39
1951 03 03  -36.11
1951 03 04  -13.08
1951 03 05    4.86
1951 03 06  -21.23
1951 03 07  -72.80
1951 03 08  -78.42
1951 03 09  -58.51
1951 03 10  -36.56
1951 03 11   19.89
1951 03 12   81.79
1951 03 13    9.97
1951 03 14  -94.65
1951 03 15  -43.22
1951 03 16   32.68
1951 03 17   23.31
1951 03 18  -45.28
1951 03 19  -77.32
1951 03 20  -34.73
1951 03 21  -19.10
1951 03 22   41.98
1951 03 23  109.15
1951 03 24   91.59
1951 03 25  136.61
1951 03 26  161.22
1951 03 27   76.61
1951 03 28   58.40
1951 03 29   51.00
1951 03 30   17.82
1951 03 31    3.17
1951 04 01  -12.64
1951 04 02   14.04
1951 04 03   43.09
1951 04 04   51.43
1951 04 05   -3.70
1951 04 06    3.20
1951 04 07   37.25
1951 04 08   26.18
1951 04 09  -83.78
1951 04 10 -173.26
1951 04 11 -180.33
1951 04 12 -164.05
1951 04 13 -159.11
1951 04 14 -169.32
1951 04 15 -181.13
1951 04 16 -174.94
1951 04 17 -190.73
1951 04 18 -220.72
1951 04 19 -245.08
1951 04 20 -246.44
1951 04 21 -185.23
1951 04 22 -127.51
1951 04 23  -58.05
1951 04 24   27.86
1951 04 25  129.95
1951 04 26  227.85
1951 04 27  313.35
1951 04 28  314.05
1951 04 29  219.13
1951 04 30  142.00
1951 05 01   53.08
1951 05 02  -17.14
1951 05 03  -77.82
1951 05 04 -102.62
1951 05 05 -160.91
1951 05 06 -184.89
1951 05 07 -177.32
1951 05 08 -171.81
1951 05 09 -138.37
1951 05 10  -74.75
1951 05 11  -30.34
1951 05 12   22.74
1951 05 13   49.62
1951 05 14   68.77
1951 05 15   68.86
1951 05 16   67.51
1951 05 17   74.24
1951 05 18  113.00
1951 05 19   89.70
1951 05 20   73.16
1951 05 21  116.82
1951 05 22  142.57
1951 05 23  203.25
1951 05 24  239.89
1951 05 25  177.03
1951 05 26   76.10
1951 05 27   32.61
1951 05 28   20.05
1951 05 29  -44.05
1951 05 30 -100.58
1951 05 31  -97.07
1951 06 01  -87.65
1951 06 02 -114.45
1951 06 03 -153.60
1951 06 04 -161.94
1951 06 05 -153.60
1951 06 06 -107.45
1951 06 07  -45.34
1951 06 08  -16.24
1951 06 09   35.95
1951 06 10  101.53
1951 06 11  150.12
1951 06 12  162.64
1951 06 13  147.88
1951 06 14  117.92
1951 06 15   79.53
1951 06 16   66.77
1951 06 17   55.18
1951 06 18    7.40
1951 06 19  -51.22
1951 06 20 -101.61
1951 06 21 -101.10
1951 06 22 -107.58
1951 06 23  -99.10
1951 06 24  -84.60
1951 06 25  -97.37
1951 06 26  -73.30
1951 06 27  -59.91
1951 06 28 -103.74
1951 06 29 -124.25
1951 06 30 -121.10
1951 07 01  -99.39
1951 07 02  -63.96
1951 07 03  -23.90
1951 07 04  -17.96
1951 07 05  -38.70
1951 07 06  -58.67
1951 07 07  -92.26
1951 07 08 -128.19
1951 07 09 -162.01
1951 07 10 -174.35
1951 07 11 -149.63
1951 07 12  -96.77
1951 07 13  -32.23
1951 07 14  -11.75
1951 07 15  -42.26
1951 07 16  -85.43
1951 07 17  -65.45
1951 07 18  -34.12
1951 07 19   -7.64
1951 07 20   18.88
1951 07 21   23.00
1951 07 22   39.39
1951 07 23   37.23
1951 07 24   16.73
1951 07 25   -8.45
1951 07 26  -18.66
1951 07 27   -9.64
1951 07 28    5.98
1951 07 29    3.93
1951 07 30  -15.40
1951 07 31  -10.27
1951 08 01   13.41
1951 08 02   22.42
1951 08 03   37.15
1951 08 04   46.86
1951 08 05   19.01
1951 08 06   -8.02
1951 08 07  -26.11
1951 08 08  -46.27
1951 08 09  -48.48
1951 08 10  -50.35
1951 08 11  -45.48
1951 08 12  -17.09
1951 08 13   12.37
1951 08 14   41.07
1951 08 15   38.28
1951 08 16   34.65
1951 08 17   15.98
1951 08 18  -13.71
1951 08 19  -42.07
1951 08 20  -46.28
1951 08 21  -42.56
1951 08 22  -40.22
1951 08 23  -47.13
1951 08 24  -64.90
1951 08 25  -95.80
1951 08 26 -121.88
1951 08 27 -152.61
1951 08 28 -171.86
1951 08 29 -138.23
1951 08 30 -127.36
1951 08 31 -142.75
1951 09 01 -136.69
1951 09 02 -104.48
1951 09 03  -70.14
1951 09 04  -34.59
1951 09 05    8.35
1951 09 06   44.64
1951 09 07  106.07
1951 09 08  108.47
1951 09 09   78.22
1951 09 10   79.71
1951 09 11   81.04
1951 09 12   50.73
1951 09 13    0.19
1951 09 14  -55.33
1951 09 15  -89.36
1951 09 16  -84.22
1951 09 17  -59.62
1951 09 18  -88.96
1951 09 19 -165.57
1951 09 20 -225.48
1951 09 21 -320.47
1951 09 22 -330.51
1951 09 23 -233.32
1951 09 24 -147.62
1951 09 25  -68.57
1951 09 26  -18.39
1951 09 27   21.31
1951 09 28   95.37
1951 09 29  138.28
1951 09 30  162.65
1951 10 01  165.39
1951 10 02  172.39
1951 10 03  155.61
1951 10 04   98.49
1951 10 05   99.10
1951 10 06  104.67
1951 10 07   45.12
1951 10 08    1.19
1951 10 09   34.24
1951 10 10   44.29
1951 10 11   74.64
1951 10 12   96.07
1951 10 13   57.18
1951 10 14  -14.34
1951 10 15  -69.80
1951 10 16 -135.74
1951 10 17 -132.73
1951 10 18  -96.80
1951 10 19  -22.12
1951 10 20  -24.80
1951 10 21  -19.31
1951 10 22   20.38
1951 10 23   33.87
1951 10 24   15.65
1951 10 25   -0.85
1951 10 26  -14.29
1951 10 27  -29.33
1951 10 28  -62.52
1951 10 29 -105.67
1951 10 30 -136.44
1951 10 31 -164.11
1951 11 01 -110.88
1951 11 02   21.15
1951 11 03   54.58
1951 11 04  -50.47
1951 11 05 -113.00
1951 11 06  -10.35
1951 11 07   49.75
1951 11 08   97.85
1951 11 09   95.21
1951 11 10  109.58
1951 11 11  163.31
1951 11 12  140.69
1951 11 13   91.86
1951 11 14   58.52
1951 11 15   -7.19
1951 11 16  -50.34
1951 11 17  -61.36
1951 11 18  -72.84
1951 11 19  -83.88
1951 11 20 -127.79
1951 11 21 -168.22
1951 11 22 -178.21
1951 11 23 -134.28
1951 11 24  -12.17
1951 11 25  100.80
1951 11 26  172.19
1951 11 27  174.52
1951 11 28  140.50
1951 11 29  145.09
1951 11 30  208.07
1951 12 01  288.90
1951 12 02  339.44
1951 12 03  326.72
1951 12 04  313.40
1951 12 05  259.52
1951 12 06  153.60
1951 12 07   78.25
1951 12 08   28.29
1951 12 09  -61.66
1951 12 10 -145.38
1951 12 11 -212.82
1951 12 12 -294.16
1951 12 13 -252.58
1951 12 14 -163.94
1951 12 15 -143.67
1951 12 16 -146.13
1951 12 17  -69.64
1951 12 18   25.34
1951 12 19   23.22
1951 12 20   31.31
1951 12 21   60.56
1951 12 22   76.27
1951 12 23   40.55
1951 12 24   14.60
1951 12 25  -50.79
1951 12 26 -222.61
1951 12 27 -305.63
1951 12 28 -187.06
1951 12 29 -101.54
1951 12 30  -58.00
1951 12 31  -35.91
1952 01 01  -25.65
1952 01 02   12.08
1952 01 03   67.52
1952 01 04  171.35
1952 01 05  100.89
1952 01 06  128.78
1952 01 07  154.76
1952 01 08  193.52
1952 01 09  189.15
1952 01 10  137.16
1952 01 11    7.66
1952 01 12   -1.68
1952 01 13   77.66
1952 01 14   10.63
1952 01 15  -92.34
1952 01 16  -92.08
1952 01 17   16.96
1952 01 18   97.32
1952 01 19  153.61
1952 01 20   75.09
1952 01 21  -23.78
1952 01 22 -101.68
1952 01 23  -77.39
1952 01 24  -22.52
1952 01 25    3.29
1952 01 26  -10.11
1952 01 27  -31.85
1952 01 28    1.09
1952 01 29   27.00
1952 01 30   92.18
1952 01 31  151.00
1952 02 01  162.71
1952 02 02  229.06
1952 02 03  231.42
1952 02 04  222.46
1952 02 05  181.86
1952 02 06  179.13
1952 02 07  169.50
1952 02 08  187.11
1952 02 09  230.65
1952 02 10  176.07
1952 02 11  144.46
1952 02 12  154.25
1952 02 13  146.02
1952 02 14   95.75
1952 02 15   22.84
1952 02 16  -64.17
1952 02 17  -78.32
1952 02 18  -33.23
1952 02 19  -10.51
1952 02 20   45.78
1952 02 21   96.06
1952 02 22  125.39
1952 02 23  118.38
1952 02 24  128.67
1952 02 25  101.91
1952 02 26    9.68
1952 02 27  -92.22
1952 02 28  -99.15
1952 02 29 -131.34
1952 03 01 -116.84
1952 03 02  -29.85
1952 03 03   92.93
1952 03 04  168.38
1952 03 05  128.90
1952 03 06   36.19
1952 03 07  -47.00
1952 03 08  -62.19
1952 03 09    1.12
1952 03 10   -9.04
1952 03 11   34.52
1952 03 12   62.47
1952 03 13   69.58
1952 03 14  -55.09
1952 03 15  -88.46
1952 03 16   39.77
1952 03 17  195.77
1952 03 18  219.36
1952 03 19  133.83
1952 03 20   85.75
1952 03 21   28.93
1952 03 22   48.32
1952 03 23   93.68
1952 03 24   64.08
1952 03 25   51.79
1952 03 26   51.95
1952 03 27   93.38
1952 03 28  150.54
1952 03 29  167.04
1952 03 30  172.93
1952 03 31  164.55
1952 04 01  113.21
1952 04 02  104.49
1952 04 03   57.45
1952 04 04  -33.15
1952 04 05  -64.33
1952 04 06  -65.45
1952 04 07  -32.29
1952 04 08  -47.17
1952 04 09  -84.25
1952 04 10  -34.16
1952 04 11    6.82
1952 04 12    3.12
1952 04 13   55.68
1952 04 14  138.29
1952 04 15  214.86
1952 04 16  237.49
1952 04 17  179.46
1952 04 18  169.54
1952 04 19  133.86
1952 04 20   73.94
1952 04 21  106.39
1952 04 22  131.10
1952 04 23   94.59
1952 04 24   87.00
1952 04 25  136.30
1952 04 26  191.98
1952 04 27  185.35
1952 04 28  179.87
1952 04 29  165.27
1952 04 30  137.27
1952 05 01  119.01
1952 05 02   64.78
1952 05 03  -13.01
1952 05 04  -35.36
1952 05 05   -7.04
1952 05 06   25.20
1952 05 07   20.59
1952 05 08  -32.11
1952 05 09 -113.66
1952 05 10 -148.52
1952 05 11  -53.12
1952 05 12   11.08
1952 05 13  -18.66
1952 05 14  -71.16
1952 05 15 -127.74
1952 05 16 -177.46
1952 05 17 -126.06
1952 05 18  -19.15
1952 05 19   78.27
1952 05 20  125.24
1952 05 21  108.20
1952 05 22  104.79
1952 05 23   88.21
1952 05 24   84.64
1952 05 25   48.63
1952 05 26   -6.33
1952 05 27   -7.38
1952 05 28   93.56
1952 05 29  126.98
1952 05 30   59.21
1952 05 31   81.05
1952 06 01  119.02
1952 06 02  129.74
1952 06 03  137.25
1952 06 04  178.90
1952 06 05  120.52
1952 06 06   59.44
1952 06 07   43.45
1952 06 08   16.56
1952 06 09  -46.32
1952 06 10  -76.01
1952 06 11  -89.17
1952 06 12  -88.78
1952 06 13  -67.95
1952 06 14  -32.62
1952 06 15   16.37
1952 06 16    2.79
1952 06 17  -36.43
1952 06 18  -37.73
1952 06 19  -12.94
1952 06 20   24.74
1952 06 21   78.15
1952 06 22   81.44
1952 06 23   68.20
1952 06 24   27.50
1952 06 25   -1.09
1952 06 26   -5.18
1952 06 27  -10.92
1952 06 28   -2.37
1952 06 29   23.16
1952 06 30   75.90
1952 07 01  109.36
1952 07 02   93.54
1952 07 03   97.18
1952 07 04  138.37
1952 07 05  141.95
1952 07 06  101.33
1952 07 07   49.34
1952 07 08   -2.64
1952 07 09  -64.01
1952 07 10 -107.79
1952 07 11 -117.47
1952 07 12 -108.23
1952 07 13  -87.44
1952 07 14  -65.29
1952 07 15  -31.96
1952 07 16   -5.42
1952 07 17  -21.62
1952 07 18  -56.44
1952 07 19  -53.96
1952 07 20  -59.52
1952 07 21  -75.09
1952 07 22 -107.80
1952 07 23  -87.98
1952 07 24  -44.25
1952 07 25  -59.36
1952 07 26  -75.49
1952 07 27  -91.84
1952 07 28  -77.32
1952 07 29  -40.09
1952 07 30  -11.16
1952 07 31    0.77
1952 08 01  -13.36
1952 08 02  -60.43
1952 08 03  -80.08
1952 08 04  -59.59
1952 08 05  -34.64
1952 08 06  -38.18
1952 08 07  -62.37
1952 08 08 -102.60
1952 08 09 -125.76
1952 08 10 -142.54
1952 08 11 -145.04
1952 08 12 -127.90
1952 08 13 -106.29
1952 08 14  -61.32
1952 08 15   19.04
1952 08 16   50.74
1952 08 17   49.18
1952 08 18   66.48
1952 08 19   80.37
1952 08 20   78.00
1952 08 21   80.64
1952 08 22  104.18
1952 08 23  109.27
1952 08 24   67.26
1952 08 25   28.32
1952 08 26  -13.86
1952 08 27  -56.41
1952 08 28  -70.27
1952 08 29  -74.84
1952 08 30  -72.19
1952 08 31 -108.21
1952 09 01 -132.11
1952 09 02  -88.56
1952 09 03  -43.41
1952 09 04   21.41
1952 09 05   77.35
1952 09 06  106.33
1952 09 07   87.33
1952 09 08   26.57
1952 09 09    4.64
1952 09 10   11.48
1952 09 11   26.49
1952 09 12   49.25
1952 09 13   43.21
1952 09 14   39.07
1952 09 15   37.15
1952 09 16   33.75
1952 09 17   -8.28
1952 09 18  -70.93
1952 09 19 -129.56
1952 09 20 -169.91
1952 09 21 -158.62
1952 09 22 -126.49
1952 09 23 -139.78
1952 09 24 -108.69
1952 09 25  -62.03
1952 09 26    9.98
1952 09 27   68.34
1952 09 28  123.50
1952 09 29  160.47
1952 09 30   80.38
1952 10 01    0.92
1952 10 02   24.78
1952 10 03  -29.44
1952 10 04  -52.43
1952 10 05  -48.32
1952 10 06  -66.32
1952 10 07  -97.78
1952 10 08  -86.03
1952 10 09  -48.33
1952 10 10  -26.74
1952 10 11  -32.79
1952 10 12  -81.71
1952 10 13 -181.26
1952 10 14 -186.47
1952 10 15  -85.13
1952 10 16  -32.11
1952 10 17  -75.69
1952 10 18 -103.04
1952 10 19  -38.27
1952 10 20   45.47
1952 10 21   39.39
1952 10 22  -22.01
1952 10 23  -18.32
1952 10 24  -78.31
1952 10 25 -153.65
1952 10 26 -149.87
1952 10 27 -141.53
1952 10 28  -36.73
1952 10 29   81.00
1952 10 30   87.07
1952 10 31  108.56
1952 11 01  119.94
1952 11 02   78.21
1952 11 03   68.48
1952 11 04   19.43
1952 11 05  -82.85
1952 11 06  -95.22
1952 11 07 -120.66
1952 11 08  -62.14
1952 11 09   50.88
1952 11 10  107.22
1952 11 11  141.44
1952 11 12  157.28
1952 11 13  158.23
1952 11 14   89.77
1952 11 15   54.78
1952 11 16   67.52
1952 11 17   42.24
1952 11 18   26.89
1952 11 19   47.23
1952 11 20  -25.29
1952 11 21 -142.58
1952 11 22 -251.71
1952 11 23 -298.39
1952 11 24 -259.03
1952 11 25 -231.47
1952 11 26 -237.71
1952 11 27 -188.84
1952 11 28  -98.54
1952 11 29  -10.56
1952 11 30   96.19
1952 12 01  150.21
1952 12 02  264.91
1952 12 03  274.85
1952 12 04  139.95
1952 12 05  165.95
1952 12 06  277.43
1952 12 07  269.26
1952 12 08  198.62
1952 12 09   85.52
1952 12 10   76.36
1952 12 11   40.88
1952 12 12   10.85
1952 12 13   57.22
1952 12 14   54.23
1952 12 15  -23.08
1952 12 16  -94.90
1952 12 17 -108.75
1952 12 18  -66.39
1952 12 19  -70.68
1952 12 20   12.40
1952 12 21   96.96
1952 12 22   51.12
1952 12 23   50.23
1952 12 24   51.77
1952 12 25   37.50
1952 12 26   46.65
1952 12 27   69.69
1952 12 28  153.89
1952 12 29  201.05
1952 12 30  181.36
1952 12 31  184.63
1953 01 01  112.75
1953 01 02   38.88
1953 01 03   25.55
1953 01 04  -94.75
1953 01 05 -145.53
1953 01 06 -133.71
1953 01 07  -78.37
1953 01 08    5.72
1953 01 09  112.24
1953 01 10   52.96
1953 01 11   -5.11
1953 01 12   67.79
1953 01 13  111.88
1953 01 14  151.23
1953 01 15  169.52
1953 01 16  162.66
1953 01 17  167.24
1953 01 18  203.28
1953 01 19  223.26
1953 01 20  232.61
1953 01 21  247.59
1953 01 22  225.51
1953 01 23  120.30
1953 01 24   41.90
1953 01 25   36.73
1953 01 26   81.28
1953 01 27   79.04
1953 01 28  104.71
1953 01 29  140.94
1953 01 30  146.50
1953 01 31  156.22
1953 02 01  197.41
1953 02 02  237.72
1953 02 03  240.49
1953 02 04  231.59
1953 02 05  208.92
1953 02 06  190.09
1953 02 07  213.51
1953 02 08  165.09
1953 02 09  122.87
1953 02 10   84.63
1953 02 11   51.24
1953 02 12   66.06
1953 02 13   73.87
1953 02 14  146.10
1953 02 15  181.82
1953 02 16  170.18
1953 02 17  159.83
1953 02 18   83.02
1953 02 19   32.77
1953 02 20   42.95
1953 02 21   32.04
1953 02 22   11.79
1953 02 23   36.06
1953 02 24   55.28
1953 02 25   75.51
1953 02 26   47.24
1953 02 27  -28.45
1953 02 28  -61.80
1953 03 01  -62.12
1953 03 02  -17.10
1953 03 03   17.15
1953 03 04   43.85
1953 03 05   55.09
1953 03 06   79.84
1953 03 07   40.95
1953 03 08  -17.93
1953 03 09  -17.32
1953 03 10   10.63
1953 03 11    6.77
1953 03 12   35.28
1953 03 13   45.69
1953 03 14   63.22
1953 03 15  127.94
1953 03 16  177.82
1953 03 17  220.81
1953 03 18  184.48
1953 03 19  176.70
1953 03 20  225.82
1953 03 21  192.22
1953 03 22  120.48
1953 03 23   50.37
1953 03 24  106.62
1953 03 25  154.90
1953 03 26   96.99
1953 03 27   67.12
1953 03 28  101.29
1953 03 29  153.12
1953 03 30  177.00
1953 03 31  145.30
1953 04 01  126.89
1953 04 02  146.95
1953 04 03  146.28
1953 04 04  128.58
1953 04 05   76.23
1953 04 06  -24.65
1953 04 07 -154.57
1953 04 08 -257.09
1953 04 09 -313.69
1953 04 10 -337.19
1953 04 11 -272.12
1953 04 12 -169.64
1953 04 13  -74.02
1953 04 14    2.26
1953 04 15   31.49
1953 04 16   17.21
1953 04 17   26.97
1953 04 18   32.66
1953 04 19  107.73
1953 04 20  175.85
1953 04 21  172.00
1953 04 22  127.89
1953 04 23   93.91
1953 04 24   76.14
1953 04 25   97.34
1953 04 26  104.44
1953 04 27   91.65
1953 04 28   94.05
1953 04 29   47.58
1953 04 30    5.91
1953 05 01    3.72
1953 05 02  -46.19
1953 05 03  -88.86
1953 05 04  -77.81
1953 05 05    8.50
1953 05 06   51.06
1953 05 07  102.23
1953 05 08  148.46
1953 05 09  154.06
1953 05 10  104.35
1953 05 11   71.09
1953 05 12   53.31
1953 05 13   41.07
1953 05 14   -0.55
1953 05 15  -47.41
1953 05 16  -45.78
1953 05 17   17.97
1953 05 18   95.78
1953 05 19  170.83
1953 05 20  175.62
1953 05 21  112.69
1953 05 22   94.30
1953 05 23   59.29
1953 05 24   25.91
1953 05 25  -36.71
1953 05 26  -64.15
1953 05 27  -16.09
1953 05 28   16.00
1953 05 29   -6.53
1953 05 30  -59.84
1953 05 31 -107.30
1953 06 01 -121.31
1953 06 02 -135.87
1953 06 03 -138.71
1953 06 04 -110.90
1953 06 05  -22.37
1953 06 06   60.79
1953 06 07   29.74
1953 06 08  -53.85
1953 06 09 -107.63
1953 06 10  -95.93
1953 06 11  -56.96
1953 06 12  -38.58
1953 06 13  -13.09
1953 06 14   21.98
1953 06 15   36.13
1953 06 16   64.81
1953 06 17   50.49
1953 06 18    6.55
1953 06 19  -15.76
1953 06 20  -26.84
1953 06 21  -53.25
1953 06 22  -91.24
1953 06 23 -141.77
1953 06 24 -187.68
1953 06 25 -178.05
1953 06 26 -153.37
1953 06 27 -144.28
1953 06 28 -102.54
1953 06 29  -60.36
1953 06 30  -21.22
1953 07 01   26.81
1953 07 02   31.38
1953 07 03   19.51
1953 07 04   28.07
1953 07 05   12.97
1953 07 06   14.86
1953 07 07   29.66
1953 07 08   61.32
1953 07 09   19.67
1953 07 10  -52.32
1953 07 11  -23.71
1953 07 12   38.71
1953 07 13   80.24
1953 07 14  102.37
1953 07 15   92.23
1953 07 16   53.13
1953 07 17   44.02
1953 07 18   36.35
1953 07 19   21.26
1953 07 20    1.27
1953 07 21  -30.55
1953 07 22  -50.19
1953 07 23  -92.54
1953 07 24 -119.41
1953 07 25 -130.01
1953 07 26 -103.41
1953 07 27  -51.45
1953 07 28  -34.60
1953 07 29  -36.84
1953 07 30  -36.81
1953 07 31  -24.60
1953 08 01  -17.68
1953 08 02   -4.13
1953 08 03   -5.56
1953 08 04  -29.05
1953 08 05  -31.30
1953 08 06  -12.55
1953 08 07   41.73
1953 08 08   56.23
1953 08 09   39.08
1953 08 10   17.18
1953 08 11   13.83
1953 08 12   50.95
1953 08 13   66.81
1953 08 14   89.40
1953 08 15   81.62
1953 08 16   69.38
1953 08 17   30.62
1953 08 18   -3.12
1953 08 19  -23.68
1953 08 20  -35.75
1953 08 21  -54.04
1953 08 22  -77.96
1953 08 23  -62.49
1953 08 24  -31.83
1953 08 25  -42.55
1953 08 26  -62.67
1953 08 27  -44.16
1953 08 28   -4.22
1953 08 29   52.09
1953 08 30   71.83
1953 08 31   35.69
1953 09 01   -6.22
1953 09 02  -38.51
1953 09 03  -48.89
1953 09 04  -49.93
1953 09 05   -4.96
1953 09 06   27.42
1953 09 07   55.52
1953 09 08   40.03
1953 09 09   31.58
1953 09 10    4.43
1953 09 11   21.48
1953 09 12   93.70
1953 09 13  117.86
1953 09 14   55.74
1953 09 15   29.66
1953 09 16   59.90
1953 09 17   56.95
1953 09 18   36.07
1953 09 19  -12.50
1953 09 20  -87.19
1953 09 21  -78.21
1953 09 22  -48.44
1953 09 23  -17.64
1953 09 24    6.62
1953 09 25   42.39
1953 09 26  100.33
1953 09 27  153.29
1953 09 28  165.72
1953 09 29   90.66
1953 09 30   37.16
1953 10 01   97.19
1953 10 02  122.46
1953 10 03   89.97
1953 10 04   -6.49
1953 10 05  -46.98
1953 10 06   -5.33
1953 10 07  -23.33
1953 10 08   28.75
1953 10 09   50.73
1953 10 10   67.87
1953 10 11   66.51
1953 10 12   69.71
1953 10 13  152.52
1953 10 14  115.96
1953 10 15   65.88
1953 10 16   70.32
1953 10 17   76.82
1953 10 18   77.36
1953 10 19  114.35
1953 10 20   97.00
1953 10 21  -32.54
1953 10 22  -80.84
1953 10 23  -55.29
1953 10 24  -13.19
1953 10 25  -17.67
1953 10 26   -3.03
1953 10 27  -11.61
1953 10 28   32.89
1953 10 29   70.18
1953 10 30  112.10
1953 10 31  122.79
1953 11 01  142.42
1953 11 02  181.10
1953 11 03   90.21
1953 11 04   64.67
1953 11 05  115.40
1953 11 06   91.29
1953 11 07  -50.73
1953 11 08 -106.44
1953 11 09  -82.06
1953 11 10  -81.71
1953 11 11  -24.69
1953 11 12   38.71
1953 11 13   62.83
1953 11 14  109.30
1953 11 15  164.70
1953 11 16   89.40
1953 11 17   62.17
1953 11 18   75.58
1953 11 19   30.62
1953 11 20   41.47
1953 11 21  105.97
1953 11 22  270.12
1953 11 23  260.14
1953 11 24  121.39
1953 11 25  106.94
1953 11 26  105.11
1953 11 27  102.64
1953 11 28  105.57
1953 11 29   82.44
1953 11 30  123.06
1953 12 01  136.72
1953 12 02  145.04
1953 12 03  201.41
1953 12 04  253.12
1953 12 05  293.05
1953 12 06  258.77
1953 12 07  189.22
1953 12 08  212.78
1953 12 09  239.48
1953 12 10  172.92
1953 12 11  183.47
1953 12 12  123.67
1953 12 13    6.39
1953 12 14   -9.39
1953 12 15 -148.88
1953 12 16 -158.52
1953 12 17  -59.01
1953 12 18   -5.60
1953 12 19   18.05
1953 12 20   27.01
1953 12 21  -67.74
1953 12 22  -43.88
1953 12 23   51.70
1953 12 24   82.86
1953 12 25   15.67
1953 12 26  -32.91
1953 12 27  -29.37
1953 12 28   59.92
1953 12 29   54.62
1953 12 30   93.70
1953 12 31  133.21
1954 01 01  192.62
1954 01 02  225.79
1954 01 03  294.45
1954 01 04  307.41
1954 01 05  191.50
1954 01 06  120.56
1954 01 07  128.43
1954 01 08   78.13
1954 01 09  -11.11
1954 01 10  -69.06
1954 01 11 -170.10
1954 01 12 -217.75
1954 01 13 -165.59
1954 01 14 -116.27
1954 01 15 -191.15
1954 01 16 -233.40
1954 01 17 -199.11
1954 01 18 -183.88
1954 01 19 -171.53
1954 01 20 -162.06
1954 01 21 -118.91
1954 01 22  -51.63
1954 01 23    5.18
1954 01 24   32.71
1954 01 25   35.47
1954 01 26   66.74
1954 01 27  102.16
1954 01 28  163.03
1954 01 29  161.42
1954 01 30  192.05
1954 01 31  221.88
1954 02 01  122.78
1954 02 02  138.07
1954 02 03  161.79
1954 02 04  116.73
1954 02 05   28.01
1954 02 06  -18.78
1954 02 07  -79.92
1954 02 08  -46.09
1954 02 09  -90.54
1954 02 10 -153.00
1954 02 11 -172.31
1954 02 12  -84.95
1954 02 13   84.34
1954 02 14  216.59
1954 02 15  274.04
1954 02 16  260.03
1954 02 17  254.86
1954 02 18  286.63
1954 02 19  266.93
1954 02 20  239.27
1954 02 21  215.85
1954 02 22  189.49
1954 02 23  177.76
1954 02 24  257.61
1954 02 25  292.72
1954 02 26  226.69
1954 02 27  166.73
1954 02 28  112.63
1954 03 01   19.47
1954 03 02   47.84
1954 03 03   39.64
1954 03 04   -8.04
1954 03 05   32.12
1954 03 06    6.77
1954 03 07  -13.28
1954 03 08  126.36
1954 03 09  168.81
1954 03 10  113.50
1954 03 11   65.00
1954 03 12   42.92
1954 03 13  -29.39
1954 03 14 -110.69
1954 03 15 -150.84
1954 03 16  -82.78
1954 03 17  -20.09
1954 03 18  -90.46
1954 03 19 -179.88
1954 03 20 -195.56
1954 03 21 -181.36
1954 03 22 -187.55
1954 03 23 -205.93
1954 03 24 -205.93
1954 03 25 -221.48
1954 03 26 -232.65
1954 03 27 -271.37
1954 03 28 -332.81
1954 03 29 -346.06
1954 03 30 -270.70
1954 03 31 -172.20
1954 04 01 -141.45
1954 04 02 -100.73
1954 04 03  -38.14
1954 04 04  -17.49
1954 04 05   32.39
1954 04 06   78.24
1954 04 07   63.83
1954 04 08  110.69
1954 04 09  146.51
1954 04 10  106.15
1954 04 11  106.44
1954 04 12  191.79
1954 04 13  216.50
1954 04 14  159.78
1954 04 15  116.92
1954 04 16  121.72
1954 04 17   52.70
1954 04 18  -18.40
1954 04 19  -33.55
1954 04 20  -53.90
1954 04 21  -67.32
1954 04 22 -109.61
1954 04 23 -139.51
1954 04 24 -128.40
1954 04 25 -117.55
1954 04 26 -108.14
1954 04 27  -82.96
1954 04 28  -48.14
1954 04 29   28.88
1954 04 30   56.41
1954 05 01   13.55
1954 05 02   26.04
1954 05 03   72.72
1954 05 04   71.19
1954 05 05   27.60
1954 05 06  -48.00
1954 05 07  -78.70
1954 05 08  -97.00
1954 05 09 -123.77
1954 05 10 -123.75
1954 05 11  -98.11
1954 05 12  -55.22
1954 05 13  -27.12
1954 05 14  -26.88
1954 05 15  -28.02
1954 05 16  -61.98
1954 05 17  -63.62
1954 05 18   13.11
1954 05 19   69.82
1954 05 20   69.17
1954 05 21   38.52
1954 05 22   16.98
1954 05 23   15.27
1954 05 24   50.08
1954 05 25   89.01
1954 05 26   38.79
1954 05 27    2.39
1954 05 28   18.44
1954 05 29   47.24
1954 05 30   94.47
1954 05 31  114.47
1954 06 01   84.76
1954 06 02   44.20
1954 06 03  -26.93
1954 06 04  -12.96
1954 06 05    2.84
1954 06 06   28.36
1954 06 07   24.28
1954 06 08   -7.36
1954 06 09   18.51
1954 06 10   61.48
1954 06 11   77.71
1954 06 12  142.78
1954 06 13  218.37
1954 06 14  231.58
1954 06 15  219.32
1954 06 16  170.07
1954 06 17   99.35
1954 06 18   48.83
1954 06 19   65.62
1954 06 20  118.78
1954 06 21  125.86
1954 06 22   98.79
1954 06 23   54.04
1954 06 24    9.42
1954 06 25  -23.69
1954 06 26   -2.09
1954 06 27   60.75
1954 06 28   61.07
1954 06 29   39.71
1954 06 30   45.23
1954 07 01   62.87
1954 07 02   38.65
1954 07 03   32.88
1954 07 04   38.40
1954 07 05   47.44
1954 07 06   52.23
1954 07 07   84.37
1954 07 08  131.14
1954 07 09  152.79
1954 07 10  132.69
1954 07 11   72.81
1954 07 12    3.73
1954 07 13  -61.69
1954 07 14  -45.99
1954 07 15   16.38
1954 07 16   55.63
1954 07 17   72.64
1954 07 18   52.10
1954 07 19   36.36
1954 07 20   62.41
1954 07 21   89.11
1954 07 22   85.14
1954 07 23   30.46
1954 07 24  -10.19
1954 07 25  -50.41
1954 07 26  -91.15
1954 07 27 -108.81
1954 07 28 -114.93
1954 07 29 -109.99
1954 07 30  -64.18
1954 07 31   -2.68
1954 08 01   35.61
1954 08 02   39.75
1954 08 03   19.72
1954 08 04  -20.60
1954 08 05  -37.11
1954 08 06  -67.42
1954 08 07  -92.76
1954 08 08 -110.44
1954 08 09  -97.35
1954 08 10  -68.91
1954 08 11  -25.73
1954 08 12   -3.36
1954 08 13  -11.41
1954 08 14  -17.06
1954 08 15  -28.50
1954 08 16  -48.91
1954 08 17  -52.60
1954 08 18  -75.05
1954 08 19  -95.69
1954 08 20  -55.89
1954 08 21  -46.40
1954 08 22  -81.52
1954 08 23 -127.80
1954 08 24 -165.21
1954 08 25 -147.72
1954 08 26  -94.02
1954 08 27  -81.45
1954 08 28  -88.54
1954 08 29  -85.27
1954 08 30  -52.92
1954 08 31  -65.42
1954 09 01 -102.59
1954 09 02  -48.54
1954 09 03  -24.38
1954 09 04  -26.35
1954 09 05   19.79
1954 09 06   52.85
1954 09 07   40.78
1954 09 08  -17.00
1954 09 09  -84.30
1954 09 10 -117.03
1954 09 11  -81.65
1954 09 12  -47.95
1954 09 13  -67.96
1954 09 14  -76.69
1954 09 15 -136.44
1954 09 16 -206.88
1954 09 17 -217.66
1954 09 18 -164.97
1954 09 19  -98.92
1954 09 20  -44.75
1954 09 21   28.57
1954 09 22   95.98
1954 09 23   89.33
1954 09 24   60.10
1954 09 25   17.21
1954 09 26  -28.07
1954 09 27 -116.61
1954 09 28 -184.89
1954 09 29 -222.08
1954 09 30 -246.37
1954 10 01 -206.13
1954 10 02 -132.82
1954 10 03  -86.56
1954 10 04  -85.81
1954 10 05  -69.79
1954 10 06  -26.70
1954 10 07   91.08
1954 10 08  144.61
1954 10 09  142.82
1954 10 10  184.62
1954 10 11  231.91
1954 10 12  189.07
1954 10 13  146.18
1954 10 14  116.00
1954 10 15   32.91
1954 10 16    2.06
1954 10 17   39.72
1954 10 18   72.48
1954 10 19  105.75
1954 10 20  126.57
1954 10 21  147.12
1954 10 22   94.48
1954 10 23   30.50
1954 10 24   10.77
1954 10 25  -17.02
1954 10 26    0.23
1954 10 27  -42.70
1954 10 28  -94.51
1954 10 29 -125.37
1954 10 30 -176.53
1954 10 31 -163.39
1954 11 01  -79.39
1954 11 02  -16.31
1954 11 03  -19.55
1954 11 04  -35.08
1954 11 05   15.30
1954 11 06   43.00
1954 11 07  -27.52
1954 11 08  -55.94
1954 11 09   14.79
1954 11 10    9.83
1954 11 11 -103.95
1954 11 12  -66.37
1954 11 13   -6.75
1954 11 14   87.31
1954 11 15   93.08
1954 11 16  114.17
1954 11 17  113.15
1954 11 18  133.03
1954 11 19  114.22
1954 11 20   74.70
1954 11 21   56.40
1954 11 22   18.55
1954 11 23  -69.90
1954 11 24   -9.46
1954 11 25  138.50
1954 11 26  101.94
1954 11 27  -15.33
1954 11 28  -93.54
1954 11 29  -80.81
1954 11 30 -138.65
1954 12 01 -198.21
1954 12 02  -54.08
1954 12 03   95.94
1954 12 04   71.02
1954 12 05   49.55
1954 12 06  126.64
1954 12 07  176.91
1954 12 08   66.31
1954 12 09   93.96
1954 12 10  122.96
1954 12 11   59.95
1954 12 12   75.25
1954 12 13  133.23
1954 12 14  135.55
1954 12 15  114.15
1954 12 16   -4.04
1954 12 17 -137.98
1954 12 18 -182.70
1954 12 19  -59.19
1954 12 20   34.42
1954 12 21   79.90
1954 12 22  103.65
1954 12 23   58.63
1954 12 24   86.11
1954 12 25   63.47
1954 12 26   52.15
1954 12 27   38.36
1954 12 28   47.38
1954 12 29   85.56
1954 12 30  207.99
1954 12 31  265.97
1955 01 01  200.39
1955 01 02  162.12
1955 01 03  207.23
1955 01 04  173.13
1955 01 05  122.48
1955 01 06    8.93
1955 01 07  -42.49
1955 01 08  -66.94
1955 01 09  -72.46
1955 01 10  -35.97
1955 01 11  -30.87
1955 01 12   50.50
1955 01 13  104.39
1955 01 14  101.13
1955 01 15  135.03
1955 01 16  127.16
1955 01 17   81.36
1955 01 18   46.04
1955 01 19   75.78
1955 01 20   81.18
1955 01 21    0.82
1955 01 22   25.71
1955 01 23  109.22
1955 01 24   31.87
1955 01 25  -28.09
1955 01 26  -90.36
1955 01 27 -118.96
1955 01 28 -153.59
1955 01 29  -95.76
1955 01 30   37.58
1955 01 31  138.01
1955 02 01  132.35
1955 02 02   87.27
1955 02 03   41.94
1955 02 04   41.57
1955 02 05   72.81
1955 02 06  112.03
1955 02 07  154.88
1955 02 08  160.79
1955 02 09  115.85
1955 02 10   39.06
1955 02 11  103.67
1955 02 12  104.22
1955 02 13   28.02
1955 02 14    9.96
1955 02 15   49.15
1955 02 16   53.58
1955 02 17   27.81
1955 02 18  -35.39
1955 02 19 -108.65
1955 02 20 -148.62
1955 02 21 -173.80
1955 02 22 -165.21
1955 02 23 -113.97
1955 02 24 -104.24
1955 02 25 -128.93
1955 02 26 -139.89
1955 02 27  -49.13
1955 02 28   78.45
1955 03 01  112.07
1955 03 02   90.52
1955 03 03   48.31
1955 03 04  -45.71
1955 03 05 -113.54
1955 03 06 -133.92
1955 03 07 -116.69
1955 03 08 -102.23
1955 03 09  -45.60
1955 03 10   83.21
1955 03 11  127.01
1955 03 12   92.63
1955 03 13   29.81
1955 03 14  -51.82
1955 03 15 -149.75
1955 03 16 -176.32
1955 03 17 -106.04
1955 03 18  -56.60
1955 03 19 -119.35
1955 03 20 -146.60
1955 03 21 -123.66
1955 03 22 -118.40
1955 03 23 -131.16
1955 03 24 -109.25
1955 03 25  -89.55
1955 03 26  -15.14
1955 03 27   95.42
1955 03 28   96.22
1955 03 29   93.41
1955 03 30  143.47
1955 03 31  154.13
1955 04 01  127.17
1955 04 02  104.41
1955 04 03   53.81
1955 04 04    2.20
1955 04 05  -18.23
1955 04 06  -15.96
1955 04 07   56.72
1955 04 08  130.98
1955 04 09  195.21
1955 04 10  164.05
1955 04 11   91.57
1955 04 12   88.96
1955 04 13   54.69
1955 04 14   22.03
1955 04 15   31.54
1955 04 16  -30.88
1955 04 17  -72.30
1955 04 18   10.54
1955 04 19   34.99
1955 04 20   21.67
1955 04 21  113.77
1955 04 22  227.17
1955 04 23  266.05
1955 04 24  204.19
1955 04 25   92.70
1955 04 26   64.09
1955 04 27   47.45
1955 04 28  -14.09
1955 04 29  -33.71
1955 04 30   -8.82
1955 05 01   14.76
1955 05 02   75.46
1955 05 03   66.52
1955 05 04   81.11
1955 05 05   92.55
1955 05 06   68.48
1955 05 07  106.16
1955 05 08  166.32
1955 05 09  200.19
1955 05 10  175.23
1955 05 11  138.37
1955 05 12  109.24
1955 05 13   54.49
1955 05 14   23.13
1955 05 15   40.02
1955 05 16   87.66
1955 05 17  128.11
1955 05 18  138.89
1955 05 19  126.54
1955 05 20   64.83
1955 05 21   16.45
1955 05 22   -1.47
1955 05 23   36.93
1955 05 24  123.10
1955 05 25  194.31
1955 05 26  217.40
1955 05 27  173.06
1955 05 28  115.53
1955 05 29   85.31
1955 05 30   87.61
1955 05 31   85.89
1955 06 01   96.32
1955 06 02   89.43
1955 06 03   81.20
1955 06 04   82.18
1955 06 05   29.06
1955 06 06  -29.04
1955 06 07  -59.03
1955 06 08  -32.77
1955 06 09  -50.57
1955 06 10  -68.85
1955 06 11  -29.08
1955 06 12  -17.64
1955 06 13  -10.88
1955 06 14    9.69
1955 06 15   28.72
1955 06 16   25.04
1955 06 17   29.64
1955 06 18   27.10
1955 06 19  -24.77
1955 06 20  -47.90
1955 06 21  -39.21
1955 06 22  -10.18
1955 06 23    5.65
1955 06 24    0.37
1955 06 25   15.70
1955 06 26   61.38
1955 06 27   75.23
1955 06 28  107.15
1955 06 29  138.28
1955 06 30  100.49
1955 07 01   43.36
1955 07 02  -16.95
1955 07 03  -34.79
1955 07 04  -31.59
1955 07 05  -23.18
1955 07 06  -11.41
1955 07 07   -0.83
1955 07 08   17.72
1955 07 09   27.42
1955 07 10   37.01
1955 07 11   69.18
1955 07 12   69.41
1955 07 13   46.74
1955 07 14   35.25
1955 07 15   17.86
1955 07 16   -2.19
1955 07 17  -17.59
1955 07 18  -10.59
1955 07 19  -22.35
1955 07 20  -85.81
1955 07 21 -138.17
1955 07 22 -134.06
1955 07 23 -114.85
1955 07 24  -63.28
1955 07 25  -37.15
1955 07 26  -40.45
1955 07 27    0.52
1955 07 28   30.45
1955 07 29   36.74
1955 07 30   -2.17
1955 07 31  -17.63
1955 08 01    0.58
1955 08 02   24.13
1955 08 03   38.90
1955 08 04   43.72
1955 08 05   53.31
1955 08 06   47.69
1955 08 07   74.31
1955 08 08  110.65
1955 08 09   92.51
1955 08 10   75.62
1955 08 11   72.20
1955 08 12   89.49
1955 08 13  101.77
1955 08 14   94.95
1955 08 15   85.05
1955 08 16  116.65
1955 08 17  114.45
1955 08 18   51.61
1955 08 19   29.08
1955 08 20   -2.00
1955 08 21  -62.59
1955 08 22  -76.25
1955 08 23  -58.47
1955 08 24  -18.27
1955 08 25   15.58
1955 08 26   33.75
1955 08 27   48.87
1955 08 28   18.86
1955 08 29   -5.59
1955 08 30   21.92
1955 08 31   77.39
1955 09 01  131.93
1955 09 02  144.00
1955 09 03   85.96
1955 09 04  -14.87
1955 09 05  -72.99
1955 09 06  -80.09
1955 09 07  -80.87
1955 09 08  -97.63
1955 09 09 -101.48
1955 09 10  -77.15
1955 09 11  -14.52
1955 09 12   63.80
1955 09 13   83.04
1955 09 14   90.93
1955 09 15   92.71
1955 09 16   60.89
1955 09 17    1.18
1955 09 18  -61.81
1955 09 19  -99.97
1955 09 20 -102.56
1955 09 21  -94.10
1955 09 22  -68.64
1955 09 23  -78.45
1955 09 24  -78.85
1955 09 25  -36.39
1955 09 26    1.85
1955 09 27   -3.93
1955 09 28   36.58
1955 09 29   43.41
1955 09 30    1.72
1955 10 01    0.01
1955 10 02   51.04
1955 10 03  175.25
1955 10 04  250.90
1955 10 05  234.67
1955 10 06  204.23
1955 10 07  241.10
1955 10 08  290.76
1955 10 09  246.02
1955 10 10  213.13
1955 10 11  230.61
1955 10 12  179.07
1955 10 13   72.44
1955 10 14  156.39
1955 10 15  165.68
1955 10 16   39.69
1955 10 17  -34.81
1955 10 18  -29.84
1955 10 19    4.51
1955 10 20   40.02
1955 10 21   30.06
1955 10 22   -7.04
1955 10 23   65.30
1955 10 24  162.55
1955 10 25  166.86
1955 10 26  162.90
1955 10 27  152.10
1955 10 28   96.17
1955 10 29   43.38
1955 10 30   12.73
1955 10 31  -59.92
1955 11 01  -81.81
1955 11 02  -51.04
1955 11 03   -8.58
1955 11 04   37.36
1955 11 05   57.85
1955 11 06   14.23
1955 11 07   43.58
1955 11 08   98.00
1955 11 09   60.17
1955 11 10   35.64
1955 11 11  -38.03
1955 11 12  -61.04
1955 11 13  -97.01
1955 11 14  -76.86
1955 11 15    4.04
1955 11 16   45.71
1955 11 17   92.44
1955 11 18  114.22
1955 11 19   52.81
1955 11 20    0.70
1955 11 21   15.21
1955 11 22   18.49
1955 11 23  -33.46
1955 11 24   -0.80
1955 11 25   10.54
1955 11 26  -81.10
1955 11 27 -147.52
1955 11 28  -93.26
1955 11 29   -4.65
1955 11 30   60.59
1955 12 01   40.19
1955 12 02  -12.01
1955 12 03   21.87
1955 12 04   12.61
1955 12 05   72.57
1955 12 06  206.10
1955 12 07  235.18
1955 12 08  221.55
1955 12 09  176.74
1955 12 10   76.64
1955 12 11    8.97
1955 12 12  -66.52
1955 12 13 -205.71
1955 12 14 -328.79
1955 12 15 -343.02
1955 12 16 -282.44
1955 12 17 -203.41
1955 12 18 -129.64
1955 12 19  -84.73
1955 12 20  -48.99
1955 12 21  -45.71
1955 12 22   34.14
1955 12 23  100.95
1955 12 24   47.24
1955 12 25  -26.23
1955 12 26    6.90
1955 12 27   22.81
1955 12 28   -9.45
1955 12 29  -77.36
1955 12 30  -47.02
1955 12 31   87.52
1956 01 01  132.18
1956 01 02   48.54
1956 01 03   20.27
1956 01 04   69.13
1956 01 05   25.58
1956 01 06  -52.41
1956 01 07   11.34
1956 01 08   35.80
1956 01 09  -18.15
1956 01 10 -105.48
1956 01 11 -132.70
1956 01 12 -166.51
1956 01 13 -149.56
1956 01 14 -116.42
1956 01 15  -64.98
1956 01 16   49.49
1956 01 17  175.46
1956 01 18  214.36
1956 01 19  236.52
1956 01 20  278.04
1956 01 21  262.87
1956 01 22  268.60
1956 01 23  230.80
1956 01 24  121.38
1956 01 25  -40.13
1956 01 26 -115.43
1956 01 27  -59.35
1956 01 28  -61.16
1956 01 29 -104.78
1956 01 30 -132.98
1956 01 31 -155.49
1956 02 01 -120.58
1956 02 02  -81.71
1956 02 03  -60.34
1956 02 04    9.69
1956 02 05   26.02
1956 02 06   23.00
1956 02 07   22.80
1956 02 08   88.80
1956 02 09   66.91
1956 02 10   57.71
1956 02 11   81.65
1956 02 12   85.42
1956 02 13   48.58
1956 02 14   36.35
1956 02 15  -10.39
1956 02 16   66.31
1956 02 17  132.81
1956 02 18  171.79
1956 02 19  147.85
1956 02 20   68.85
1956 02 21  -50.24
1956 02 22  -81.98
1956 02 23  -25.13
1956 02 24   40.17
1956 02 25   67.31
1956 02 26  115.84
1956 02 27  154.17
1956 02 28  168.91
1956 02 29  264.58
1956 03 01  325.19
1956 03 02  349.33
1956 03 03  369.37
1956 03 04  291.68
1956 03 05  194.08
1956 03 06  179.12
1956 03 07  173.94
1956 03 08   71.11
1956 03 09  -49.38
1956 03 10  -75.94
1956 03 11  -73.21
1956 03 12  -82.21
1956 03 13  -88.61
1956 03 14 -103.53
1956 03 15  -67.91
1956 03 16  -30.56
1956 03 17   -6.85
1956 03 18   24.94
1956 03 19   38.49
1956 03 20   32.21
1956 03 21   80.57
1956 03 22  165.21
1956 03 23  149.60
1956 03 24   76.28
1956 03 25   -3.32
1956 03 26   -9.63
1956 03 27  -14.83
1956 03 28  -27.33
1956 03 29   21.61
1956 03 30   55.58
1956 03 31   36.54
1956 04 01   17.74
1956 04 02   89.43
1956 04 03  118.05
1956 04 04  128.35
1956 04 05   88.34
1956 04 06   53.99
1956 04 07  125.08
1956 04 08  141.35
1956 04 09   95.66
1956 04 10   65.32
1956 04 11   14.90
1956 04 12   28.29
1956 04 13   18.13
1956 04 14   37.45
1956 04 15   70.83
1956 04 16   59.65
1956 04 17   24.67
1956 04 18   16.62
1956 04 19  -65.42
1956 04 20 -135.97
1956 04 21 -200.13
1956 04 22 -225.14
1956 04 23 -246.57
1956 04 24 -203.93
1956 04 25 -165.06
1956 04 26 -126.10
1956 04 27  -87.99
1956 04 28  -86.14
1956 04 29 -125.79
1956 04 30 -156.02
1956 05 01 -145.10
1956 05 02  -89.59
1956 05 03  -85.28
1956 05 04  -85.07
1956 05 05  -58.47
1956 05 06  -40.15
1956 05 07  -57.25
1956 05 08  -35.77
1956 05 09   29.11
1956 05 10  100.37
1956 05 11   92.49
1956 05 12   80.28
1956 05 13  106.75
1956 05 14  118.87
1956 05 15   76.93
1956 05 16   20.90
1956 05 17   -2.06
1956 05 18  -44.29
1956 05 19  -46.72
1956 05 20   38.78
1956 05 21   65.56
1956 05 22   64.86
1956 05 23   70.95
1956 05 24   96.24
1956 05 25  122.11
1956 05 26  144.15
1956 05 27  115.46
1956 05 28   61.58
1956 05 29   15.85
1956 05 30   20.73
1956 05 31   33.80
1956 06 01   22.58
1956 06 02    1.78
1956 06 03   -7.87
1956 06 04   10.13
1956 06 05   53.32
1956 06 06  106.29
1956 06 07  124.80
1956 06 08   99.11
1956 06 09   63.72
1956 06 10   12.47
1956 06 11   -6.14
1956 06 12    3.61
1956 06 13   14.52
1956 06 14   27.86
1956 06 15   68.74
1956 06 16   84.73
1956 06 17   94.78
1956 06 18  103.59
1956 06 19  110.43
1956 06 20  138.39
1956 06 21  126.99
1956 06 22  147.35
1956 06 23  119.95
1956 06 24  100.36
1956 06 25   78.67
1956 06 26   36.08
1956 06 27   12.21
1956 06 28  -30.99
1956 06 29  -63.66
1956 06 30  -79.50
1956 07 01  -78.35
1956 07 02  -62.02
1956 07 03  -21.55
1956 07 04   21.48
1956 07 05   92.03
1956 07 06   82.21
1956 07 07   13.52
1956 07 08  -29.94
1956 07 09  -48.23
1956 07 10  -55.44
1956 07 11 -105.93
1956 07 12 -123.50
1956 07 13  -81.62
1956 07 14  -40.55
1956 07 15  -27.74
1956 07 16  -49.63
1956 07 17  -69.47
1956 07 18  -69.24
1956 07 19  -36.95
1956 07 20   39.21
1956 07 21   91.40
1956 07 22   79.51
1956 07 23   17.37
1956 07 24  -33.98
1956 07 25  -70.37
1956 07 26 -107.98
1956 07 27 -122.41
1956 07 28 -125.79
1956 07 29 -107.25
1956 07 30  -64.58
1956 07 31  -12.91
1956 08 01   34.60
1956 08 02   62.67
1956 08 03   58.13
1956 08 04   65.89
1956 08 05   35.12
1956 08 06    9.50
1956 08 07   -0.18
1956 08 08  -38.28
1956 08 09  -90.38
1956 08 10 -108.58
1956 08 11  -91.95
1956 08 12  -70.15
1956 08 13  -50.89
1956 08 14  -17.03
1956 08 15   30.08
1956 08 16   46.92
1956 08 17    2.86
1956 08 18  -28.50
1956 08 19   20.88
1956 08 20   43.23
1956 08 21   27.97
1956 08 22    2.22
1956 08 23  -22.71
1956 08 24   -5.04
1956 08 25    1.18
1956 08 26  -17.34
1956 08 27   10.51
1956 08 28   61.57
1956 08 29   73.27
1956 08 30   -8.12
1956 08 31  -36.62
1956 09 01  -35.41
1956 09 02  -71.96
1956 09 03 -103.10
1956 09 04  -99.28
1956 09 05 -103.84
1956 09 06 -112.08
1956 09 07 -105.49
1956 09 08 -112.79
1956 09 09 -127.64
1956 09 10 -129.24
1956 09 11 -132.92
1956 09 12 -172.13
1956 09 13 -186.12
1956 09 14 -159.48
1956 09 15 -153.70
1956 09 16 -137.59
1956 09 17  -93.59
1956 09 18  -24.09
1956 09 19   50.89
1956 09 20  105.06
1956 09 21  102.48
1956 09 22   41.74
1956 09 23   -8.08
1956 09 24   -2.84
1956 09 25    5.10
1956 09 26   -6.13
1956 09 27    2.40
1956 09 28   40.23
1956 09 29   77.89
1956 09 30  149.54
1956 10 01  144.67
1956 10 02  148.67
1956 10 03  158.39
1956 10 04  130.72
1956 10 05   80.47
1956 10 06   34.88
1956 10 07  -59.20
1956 10 08 -108.83
1956 10 09  -88.62
1956 10 10  -36.92
1956 10 11    7.24
1956 10 12    5.43
1956 10 13   85.67
1956 10 14  160.79
1956 10 15  169.16
1956 10 16  142.84
1956 10 17  141.60
1956 10 18  162.06
1956 10 19  140.18
1956 10 20  127.98
1956 10 21   89.25
1956 10 22   36.96
1956 10 23   47.87
1956 10 24   79.80
1956 10 25   13.07
1956 10 26  -85.41
1956 10 27  -59.79
1956 10 28   94.65
1956 10 29  214.19
1956 10 30  206.45
1956 10 31  207.55
1956 11 01  187.81
1956 11 02  208.71
1956 11 03  151.60
1956 11 04   23.86
1956 11 05    0.94
1956 11 06  -23.98
1956 11 07  -33.08
1956 11 08   31.53
1956 11 09  106.37
1956 11 10  146.35
1956 11 11   99.06
1956 11 12  107.91
1956 11 13   89.80
1956 11 14   63.87
1956 11 15  110.65
1956 11 16  103.37
1956 11 17   78.30
1956 11 18  -20.00
1956 11 19  -79.66
1956 11 20 -139.78
1956 11 21 -132.07
1956 11 22 -121.21
1956 11 23 -169.05
1956 11 24 -193.81
1956 11 25 -134.17
1956 11 26 -132.39
1956 11 27 -204.24
1956 11 28 -253.91
1956 11 29 -236.36
1956 11 30 -177.49
1956 12 01 -155.67
1956 12 02 -127.83
1956 12 03 -149.46
1956 12 04 -193.54
1956 12 05 -227.42
1956 12 06 -139.34
1956 12 07  -35.11
1956 12 08   43.35
1956 12 09   65.49
1956 12 10  149.23
1956 12 11  141.43
1956 12 12  127.85
1956 12 13  122.29
1956 12 14   26.94
1956 12 15   -0.21
1956 12 16    9.04
1956 12 17   78.68
1956 12 18  116.19
1956 12 19   94.79
1956 12 20   46.42
1956 12 21   12.45
1956 12 22   61.17
1956 12 23   71.09
1956 12 24   65.26
1956 12 25   45.17
1956 12 26   -1.60
1956 12 27  -82.33
1956 12 28  -84.34
1956 12 29   -6.14
1956 12 30   35.16
1956 12 31   21.11
1957 01 01   10.83
1957 01 02   33.53
1957 01 03  -21.78
1957 01 04  -70.67
1957 01 05  -48.59
1957 01 06   13.00
1957 01 07  -51.88
1957 01 08  -80.33
1957 01 09 -136.29
1957 01 10 -217.02
1957 01 11 -215.93
1957 01 12 -214.19
1957 01 13 -243.63
1957 01 14 -276.96
1957 01 15 -353.66
1957 01 16 -375.87
1957 01 17 -263.70
1957 01 18 -151.11
1957 01 19  -87.79
1957 01 20  -71.57
1957 01 21  -53.06
1957 01 22  -60.16
1957 01 23 -108.60
1957 01 24 -148.08
1957 01 25 -224.82
1957 01 26 -307.60
1957 01 27 -326.80
1957 01 28 -302.78
1957 01 29 -274.86
1957 01 30 -196.87
1957 01 31 -155.72
1957 02 01 -232.17
1957 02 02 -257.45
1957 02 03 -199.71
1957 02 04 -158.00
1957 02 05 -144.36
1957 02 06 -132.33
1957 02 07  -93.46
1957 02 08   31.81
1957 02 09  161.57
1957 02 10  220.64
1957 02 11  242.25
1957 02 12  177.41
1957 02 13  157.06
1957 02 14  113.53
1957 02 15  -15.57
1957 02 16  -93.13
1957 02 17 -169.39
1957 02 18 -279.66
1957 02 19 -379.60
1957 02 20 -447.21
1957 02 21 -433.52
1957 02 22 -349.63
1957 02 23 -184.56
1957 02 24   88.27
1957 02 25  223.64
1957 02 26  238.62
1957 02 27  178.21
1957 02 28   58.26
1957 03 01  -23.84
1957 03 02  -38.00
1957 03 03  -76.49
1957 03 04  -93.98
1957 03 05  -86.66
1957 03 06  -56.78
1957 03 07   -1.09
1957 03 08   30.14
1957 03 09  126.75
1957 03 10  213.18
1957 03 11  197.86
1957 03 12  143.64
1957 03 13   65.81
1957 03 14  -34.10
1957 03 15 -104.50
1957 03 16 -102.37
1957 03 17  -67.43
1957 03 18  -25.01
1957 03 19  -39.70
1957 03 20  -17.67
1957 03 21    7.80
1957 03 22  -16.65
1957 03 23  -17.31
1957 03 24   51.04
1957 03 25    8.96
1957 03 26  -65.11
1957 03 27 -102.60
1957 03 28 -112.64
1957 03 29  -62.33
1957 03 30    6.55
1957 03 31   46.62
1957 04 01   30.75
1957 04 02   22.31
1957 04 03  -19.95
1957 04 04  -71.68
1957 04 05 -101.72
1957 04 06 -122.41
1957 04 07 -149.14
1957 04 08 -212.96
1957 04 09 -236.61
1957 04 10 -197.49
1957 04 11 -197.82
1957 04 12 -210.85
1957 04 13 -135.39
1957 04 14  -61.79
1957 04 15   -1.87
1957 04 16  -38.20
1957 04 17  -86.78
1957 04 18  -16.86
1957 04 19   31.61
1957 04 20   25.32
1957 04 21  100.49
1957 04 22  106.11
1957 04 23   62.18
1957 04 24   55.60
1957 04 25   33.40
1957 04 26   48.14
1957 04 27   84.81
1957 04 28   45.68
1957 04 29   -0.99
1957 04 30   -8.64
1957 05 01    9.90
1957 05 02   52.82
1957 05 03   17.15
1957 05 04  -56.65
1957 05 05 -144.19
1957 05 06 -227.91
1957 05 07 -262.40
1957 05 08 -246.47
1957 05 09 -183.06
1957 05 10  -99.63
1957 05 11  -45.86
1957 05 12  -31.65
1957 05 13  -12.19
1957 05 14   18.72
1957 05 15   45.49
1957 05 16   60.37
1957 05 17  103.35
1957 05 18  129.93
1957 05 19  117.73
1957 05 20   67.51
1957 05 21    4.95
1957 05 22  -40.66
1957 05 23  -45.17
1957 05 24    0.85
1957 05 25   45.90
1957 05 26   52.79
1957 05 27   36.95
1957 05 28   -9.22
1957 05 29  -70.67
1957 05 30 -144.43
1957 05 31 -175.12
1957 06 01 -165.86
1957 06 02 -177.80
1957 06 03 -199.07
1957 06 04 -223.48
1957 06 05 -213.13
1957 06 06 -150.18
1957 06 07 -115.48
1957 06 08  -59.48
1957 06 09  -24.70
1957 06 10    3.66
1957 06 11   85.11
1957 06 12  151.41
1957 06 13  155.90
1957 06 14  122.91
1957 06 15   80.61
1957 06 16   34.83
1957 06 17   16.50
1957 06 18    7.99
1957 06 19   21.50
1957 06 20   42.32
1957 06 21   73.84
1957 06 22   77.77
1957 06 23   79.05
1957 06 24   73.61
1957 06 25   40.92
1957 06 26   67.18
1957 06 27   75.11
1957 06 28   46.62
1957 06 29   -2.47
1957 06 30  -18.69
1957 07 01  -13.62
1957 07 02    0.76
1957 07 03   26.24
1957 07 04   48.78
1957 07 05   69.56
1957 07 06   83.07
1957 07 07   76.84
1957 07 08   66.17
1957 07 09   58.64
1957 07 10   -2.92
1957 07 11  -15.86
1957 07 12   -0.91
1957 07 13   27.83
1957 07 14   69.82
1957 07 15   86.14
1957 07 16   31.69
1957 07 17  -12.25
1957 07 18  -26.38
1957 07 19  -31.22
1957 07 20   -8.51
1957 07 21   74.26
1957 07 22  139.37
1957 07 23  154.67
1957 07 24  132.67
1957 07 25  110.14
1957 07 26  116.32
1957 07 27   90.91
1957 07 28   52.80
1957 07 29   33.44
1957 07 30   14.51
1957 07 31    9.59
1957 08 01   14.15
1957 08 02    1.14
1957 08 03  -19.83
1957 08 04    3.00
1957 08 05   55.24
1957 08 06   83.07
1957 08 07   41.84
1957 08 08  -42.43
1957 08 09  -85.67
1957 08 10  -77.22
1957 08 11  -45.92
1957 08 12  -11.82
1957 08 13  -22.78
1957 08 14  -89.23
1957 08 15 -156.04
1957 08 16 -143.81
1957 08 17  -95.35
1957 08 18  -36.46
1957 08 19    4.87
1957 08 20    7.42
1957 08 21  -18.67
1957 08 22  -71.70
1957 08 23 -109.23
1957 08 24 -116.76
1957 08 25 -124.41
1957 08 26 -104.35
1957 08 27  -78.57
1957 08 28  -49.09
1957 08 29  -35.12
1957 08 30   -3.28
1957 08 31   30.67
1957 09 01   38.37
1957 09 02   -0.01
1957 09 03  -14.46
1957 09 04    0.52
1957 09 05   20.95
1957 09 06   67.77
1957 09 07   74.54
1957 09 08   -1.58
1957 09 09  -94.09
1957 09 10 -136.31
1957 09 11 -145.39
1957 09 12 -117.08
1957 09 13  -86.86
1957 09 14 -141.12
1957 09 15 -167.78
1957 09 16 -163.79
1957 09 17 -143.48
1957 09 18 -120.76
1957 09 19 -132.63
1957 09 20 -142.64
1957 09 21 -127.61
1957 09 22 -133.60
1957 09 23 -133.35
1957 09 24  -77.26
1957 09 25    6.86
1957 09 26    9.13
1957 09 27   36.27
1957 09 28  105.25
1957 09 29   61.16
1957 09 30   32.32
1957 10 01   68.29
1957 10 02   33.48
1957 10 03  -23.17
1957 10 04 -126.70
1957 10 05 -200.95
1957 10 06 -225.17
1957 10 07 -259.96
1957 10 08 -235.53
1957 10 09 -174.00
1957 10 10  -84.70
1957 10 11    6.83
1957 10 12   84.75
1957 10 13  111.57
1957 10 14   65.51
1957 10 15    4.76
1957 10 16  -41.49
1957 10 17 -113.83
1957 10 18 -220.35
1957 10 19 -316.34
1957 10 20 -356.77
1957 10 21 -314.30
1957 10 22 -254.67
1957 10 23 -231.77
1957 10 24 -191.07
1957 10 25 -108.12
1957 10 26  -46.04
1957 10 27  -33.54
1957 10 28   -6.94
1957 10 29   64.91
1957 10 30   83.34
1957 10 31   24.15
1957 11 01  -33.50
1957 11 02  -97.77
1957 11 03 -132.08
1957 11 04 -120.67
1957 11 05  -97.81
1957 11 06 -116.84
1957 11 07 -119.18
1957 11 08  -53.84
1957 11 09   23.87
1957 11 10   73.12
1957 11 11  100.37
1957 11 12   99.95
1957 11 13   92.56
1957 11 14   39.46
1957 11 15  -29.08
1957 11 16  -31.92
1957 11 17   49.62
1957 11 18   44.36
1957 11 19  -37.64
1957 11 20 -103.78
1957 11 21 -124.54
1957 11 22  -50.16
1957 11 23  -72.30
1957 11 24  -23.15
1957 11 25   48.08
1957 11 26   68.65
1957 11 27   98.83
1957 11 28   69.36
1957 11 29   29.64
1957 11 30   49.03
1957 12 01   44.90
1957 12 02   91.92
1957 12 03  111.08
1957 12 04  136.50
1957 12 05  204.61
1957 12 06  233.56
1957 12 07  142.55
1957 12 08   27.54
1957 12 09  -87.18
1957 12 10 -185.57
1957 12 11 -169.17
1957 12 12  -94.02
1957 12 13  -36.95
1957 12 14   30.86
1957 12 15  -39.65
1957 12 16  -19.43
1957 12 17  117.50
1957 12 18  207.21
1957 12 19  258.86
1957 12 20  272.83
1957 12 21  228.98
1957 12 22  241.55
1957 12 23  233.93
1957 12 24  273.47
1957 12 25  242.52
1957 12 26  264.94
1957 12 27  273.72
1957 12 28  226.70
1957 12 29  158.29
1957 12 30   91.61
1957 12 31   -8.23
1958 01 01    4.95
1958 01 02   56.45
1958 01 03   53.42
1958 01 04   57.73
1958 01 05   32.48
1958 01 06  -38.72
1958 01 07   51.17
1958 01 08   88.80
1958 01 09   25.11
1958 01 10   43.47
1958 01 11   85.41
1958 01 12   81.97
1958 01 13  101.53
1958 01 14  119.81
1958 01 15  125.02
1958 01 16  114.38
1958 01 17   67.32
1958 01 18    7.37
1958 01 19  -13.50
1958 01 20   28.89
1958 01 21   45.81
1958 01 22   76.75
1958 01 23  159.18
1958 01 24  139.32
1958 01 25   95.32
1958 01 26   71.94
1958 01 27   75.90
1958 01 28   67.63
1958 01 29   72.65
1958 01 30   79.39
1958 01 31  -40.52
1958 02 01 -214.23
1958 02 02 -253.87
1958 02 03 -196.88
1958 02 04 -203.47
1958 02 05 -233.90
1958 02 06 -226.85
1958 02 07 -179.77
1958 02 08  -87.92
1958 02 09   33.38
1958 02 10   52.47
1958 02 11  -17.36
1958 02 12  -34.94
1958 02 13  -53.46
1958 02 14  -61.58
1958 02 15  -48.82
1958 02 16  -55.57
1958 02 17  -68.67
1958 02 18  -53.85
1958 02 19  -23.99
1958 02 20   10.11
1958 02 21   12.66
1958 02 22   49.62
1958 02 23   28.80
1958 02 24   66.03
1958 02 25  169.23
1958 02 26  163.60
1958 02 27   71.05
1958 02 28   17.99
1958 03 01  -15.31
1958 03 02 -111.43
1958 03 03 -174.67
1958 03 04 -120.92
1958 03 05  -34.13
1958 03 06   10.70
1958 03 07   11.20
1958 03 08  -10.39
1958 03 09  -38.02
1958 03 10  -78.03
1958 03 11 -187.56
1958 03 12 -247.95
1958 03 13 -326.54
1958 03 14 -378.84
1958 03 15 -323.00
1958 03 16 -247.76
1958 03 17 -210.25
1958 03 18 -191.62
1958 03 19 -182.89
1958 03 20 -173.94
1958 03 21 -110.89
1958 03 22  -61.90
1958 03 23  -44.53
1958 03 24  -36.03
1958 03 25  -45.99
1958 03 26  -72.58
1958 03 27  -64.89
1958 03 28  -12.09
1958 03 29   -3.47
1958 03 30   57.58
1958 03 31  192.24
1958 04 01  193.05
1958 04 02  161.34
1958 04 03   40.89
1958 04 04    1.75
1958 04 05  -74.04
1958 04 06 -103.91
1958 04 07  -44.12
1958 04 08   -5.31
1958 04 09    7.90
1958 04 10   20.51
1958 04 11   -5.97
1958 04 12   17.66
1958 04 13   78.37
1958 04 14  202.87
1958 04 15  251.67
1958 04 16  209.17
1958 04 17  166.16
1958 04 18  184.15
1958 04 19  155.01
1958 04 20   85.75
1958 04 21    2.35
1958 04 22  -85.88
1958 04 23 -148.40
1958 04 24 -193.37
1958 04 25 -259.74
1958 04 26 -294.53
1958 04 27 -295.15
1958 04 28 -292.37
1958 04 29 -228.60
1958 04 30 -181.31
1958 05 01  -91.80
1958 05 02   45.88
1958 05 03  111.63
1958 05 04  100.44
1958 05 05  110.24
1958 05 06   79.97
1958 05 07   72.60
1958 05 08  114.70
1958 05 09  137.40
1958 05 10  122.40
1958 05 11  111.22
1958 05 12  169.38
1958 05 13  143.46
1958 05 14   71.47
1958 05 15   39.79
1958 05 16   -6.92
1958 05 17  -77.89
1958 05 18 -121.34
1958 05 19 -103.92
1958 05 20 -119.53
1958 05 21 -121.11
1958 05 22  -93.09
1958 05 23  -65.22
1958 05 24  -75.54
1958 05 25  -91.37
1958 05 26  -99.81
1958 05 27 -104.77
1958 05 28  -96.31
1958 05 29  -83.29
1958 05 30  -90.99
1958 05 31  -97.10
1958 06 01  -91.22
1958 06 02  -79.67
1958 06 03 -106.25
1958 06 04 -164.28
1958 06 05 -226.47
1958 06 06 -216.18
1958 06 07 -127.42
1958 06 08  -50.44
1958 06 09  -12.75
1958 06 10  -35.55
1958 06 11  -38.80
1958 06 12  -15.16
1958 06 13   -5.22
1958 06 14  -30.15
1958 06 15  -65.28
1958 06 16  -90.26
1958 06 17 -114.89
1958 06 18 -129.88
1958 06 19 -121.33
1958 06 20  -76.02
1958 06 21   -3.27
1958 06 22   -4.24
1958 06 23  -10.34
1958 06 24  -10.50
1958 06 25  -31.28
1958 06 26  -54.68
1958 06 27  -28.23
1958 06 28   -7.66
1958 06 29  -29.22
1958 06 30  -23.49
1958 07 01  -18.31
1958 07 02  -45.07
1958 07 03  -80.82
1958 07 04  -81.22
1958 07 05  -59.98
1958 07 06  -49.71
1958 07 07  -48.63
1958 07 08  -25.38
1958 07 09   -1.84
1958 07 10   -9.52
1958 07 11  -17.37
1958 07 12  -17.85
1958 07 13  -46.72
1958 07 14  -30.53
1958 07 15  -15.27
1958 07 16   -4.33
1958 07 17    7.60
1958 07 18   38.33
1958 07 19   71.39
1958 07 20   69.27
1958 07 21   48.42
1958 07 22   15.27
1958 07 23   19.26
1958 07 24   13.80
1958 07 25  -16.10
1958 07 26  -60.51
1958 07 27  -57.80
1958 07 28  -19.91
1958 07 29   29.71
1958 07 30   84.93
1958 07 31  101.24
1958 08 01   91.84
1958 08 02   97.44
1958 08 03  140.68
1958 08 04  159.12
1958 08 05  150.97
1958 08 06  136.03
1958 08 07   87.09
1958 08 08   41.58
1958 08 09   37.41
1958 08 10   37.39
1958 08 11   27.99
1958 08 12   64.35
1958 08 13  121.72
1958 08 14  142.15
1958 08 15  127.88
1958 08 16  106.25
1958 08 17   72.53
1958 08 18   38.34
1958 08 19   21.85
1958 08 20  -37.67
1958 08 21  -74.07
1958 08 22  -71.61
1958 08 23  -40.66
1958 08 24  -18.77
1958 08 25   -8.21
1958 08 26   30.50
1958 08 27   45.20
1958 08 28   88.94
1958 08 29  101.28
1958 08 30   86.34
1958 08 31   72.04
1958 09 01   69.06
1958 09 02   68.59
1958 09 03   89.90
1958 09 04   68.93
1958 09 05   22.38
1958 09 06    1.92
1958 09 07   -3.09
1958 09 08  -36.70
1958 09 09  -32.81
1958 09 10  -17.86
1958 09 11    2.18
1958 09 12   19.47
1958 09 13   70.66
1958 09 14   78.46
1958 09 15   73.25
1958 09 16   70.44
1958 09 17  106.82
1958 09 18  140.04
1958 09 19  176.25
1958 09 20  199.98
1958 09 21  180.54
1958 09 22  144.74
1958 09 23  136.02
1958 09 24  155.32
1958 09 25  137.10
1958 09 26   29.46
1958 09 27   -6.80
1958 09 28  -44.21
1958 09 29  -65.70
1958 09 30  -16.38
1958 10 01  -16.66
1958 10 02   25.94
1958 10 03   28.98
1958 10 04   23.70
1958 10 05   97.41
1958 10 06  129.49
1958 10 07  130.75
1958 10 08   81.88
1958 10 09    8.69
1958 10 10   19.77
1958 10 11   99.32
1958 10 12  128.78
1958 10 13   27.63
1958 10 14  -67.48
1958 10 15  -78.26
1958 10 16  -84.75
1958 10 17   19.88
1958 10 18  171.91
1958 10 19  206.96
1958 10 20  138.84
1958 10 21   57.64
1958 10 22   49.54
1958 10 23   50.10
1958 10 24  -36.26
1958 10 25   -6.67
1958 10 26    7.25
1958 10 27   -3.75
1958 10 28  -11.62
1958 10 29   50.59
1958 10 30   41.23
1958 10 31  111.57
1958 11 01  153.76
1958 11 02  179.96
1958 11 03  159.05
1958 11 04  112.70
1958 11 05   95.29
1958 11 06  184.85
1958 11 07  205.27
1958 11 08  213.91
1958 11 09  160.41
1958 11 10  193.05
1958 11 11  186.34
1958 11 12  151.84
1958 11 13  109.63
1958 11 14    6.03
1958 11 15  -56.75
1958 11 16   39.11
1958 11 17  170.78
1958 11 18  208.02
1958 11 19  179.46
1958 11 20   56.15
1958 11 21  -64.39
1958 11 22  -79.16
1958 11 23  -88.51
1958 11 24 -101.61
1958 11 25 -138.64
1958 11 26 -165.73
1958 11 27 -146.67
1958 11 28 -102.88
1958 11 29 -105.17
1958 11 30  -73.56
1958 12 01   -3.78
1958 12 02    7.14
1958 12 03  -37.91
1958 12 04 -187.04
1958 12 05 -233.37
1958 12 06 -195.42
1958 12 07 -169.66
1958 12 08 -129.73
1958 12 09  -43.91
1958 12 10   -6.52
1958 12 11  -42.68
1958 12 12 -100.23
1958 12 13 -157.77
1958 12 14 -168.69
1958 12 15  -63.67
1958 12 16   29.15
1958 12 17   -4.96
1958 12 18  -43.05
1958 12 19  -93.73
1958 12 20  -22.51
1958 12 21   69.02
1958 12 22   63.45
1958 12 23   42.89
1958 12 24   43.67
1958 12 25   43.85
1958 12 26   26.68
1958 12 27   60.14
1958 12 28  103.92
1958 12 29   90.73
1958 12 30   15.43
1958 12 31  -13.37
1959 01 01  -95.05
1959 01 02 -120.33
1959 01 03  -22.83
1959 01 04   24.62
1959 01 05  122.46
1959 01 06  219.07
1959 01 07   95.78
1959 01 08  -13.01
1959 01 09  -14.29
1959 01 10  -17.34
1959 01 11   12.40
1959 01 12   20.87
1959 01 13    2.44
1959 01 14  -67.38
1959 01 15   -0.63
1959 01 16    6.80
1959 01 17  -73.65
1959 01 18 -118.44
1959 01 19 -200.42
1959 01 20 -167.30
1959 01 21  -78.46
1959 01 22  -54.45
1959 01 23   44.06
1959 01 24  101.13
1959 01 25   79.14
1959 01 26   87.84
1959 01 27   93.61
1959 01 28   43.01
1959 01 29   29.15
1959 01 30  -26.74
1959 01 31  -97.49
1959 02 01 -110.91
1959 02 02 -120.36
1959 02 03  -84.19
1959 02 04  -75.24
1959 02 05  -50.86
1959 02 06  -87.19
1959 02 07 -124.66
1959 02 08  -60.40
1959 02 09   -8.33
1959 02 10  -34.84
1959 02 11   39.30
1959 02 12   64.74
1959 02 13  -72.17
1959 02 14 -169.10
1959 02 15 -214.80
1959 02 16 -200.61
1959 02 17 -118.52
1959 02 18  -42.85
1959 02 19  -30.72
1959 02 20   -4.33
1959 02 21   56.08
1959 02 22   81.74
1959 02 23  102.73
1959 02 24   93.36
1959 02 25  126.09
1959 02 26  160.58
1959 02 27  167.50
1959 02 28  209.45
1959 03 01  214.94
1959 03 02  194.31
1959 03 03  129.18
1959 03 04   61.45
1959 03 05  111.78
1959 03 06  140.07
1959 03 07  171.40
1959 03 08  168.26
1959 03 09  113.79
1959 03 10   77.12
1959 03 11  130.78
1959 03 12  167.98
1959 03 13  128.16
1959 03 14   82.35
1959 03 15   31.33
1959 03 16   65.88
1959 03 17  182.76
1959 03 18  229.56
1959 03 19  164.63
1959 03 20  134.70
1959 03 21  216.26
1959 03 22  242.08
1959 03 23  187.39
1959 03 24  149.83
1959 03 25  115.02
1959 03 26   91.02
1959 03 27  101.66
1959 03 28  109.65
1959 03 29  129.64
1959 03 30  172.24
1959 03 31  211.23
1959 04 01  179.15
1959 04 02  149.11
1959 04 03  152.72
1959 04 04  140.26
1959 04 05  135.73
1959 04 06   71.01
1959 04 07  -79.37
1959 04 08 -162.87
1959 04 09 -108.87
1959 04 10  -95.05
1959 04 11  -89.71
1959 04 12  -99.34
1959 04 13  -93.02
1959 04 14  -78.13
1959 04 15  -87.71
1959 04 16  -91.54
1959 04 17 -106.04
1959 04 18  -81.96
1959 04 19  -99.89
1959 04 20 -148.56
1959 04 21 -162.19
1959 04 22 -159.42
1959 04 23 -145.22
1959 04 24  -79.34
1959 04 25   80.06
1959 04 26  165.14
1959 04 27  199.58
1959 04 28  183.59
1959 04 29  187.37
1959 04 30  145.53
1959 05 01   59.14
1959 05 02  -13.84
1959 05 03  -55.45
1959 05 04   21.36
1959 05 05  103.37
1959 05 06  106.04
1959 05 07   64.23
1959 05 08  117.62
1959 05 09  205.87
1959 05 10  217.01
1959 05 11  141.41
1959 05 12   39.31
1959 05 13  -20.08
1959 05 14  -11.37
1959 05 15   11.72
1959 05 16   10.38
1959 05 17   14.08
1959 05 18   35.49
1959 05 19   27.26
1959 05 20  -13.24
1959 05 21  -95.81
1959 05 22 -139.04
1959 05 23 -128.23
1959 05 24 -103.29
1959 05 25  -78.64
1959 05 26  -75.14
1959 05 27  -56.38
1959 05 28  -28.48
1959 05 29  -48.29
1959 05 30  -50.24
1959 05 31  -27.10
1959 06 01    6.82
1959 06 02   60.48
1959 06 03  106.39
1959 06 04  131.26
1959 06 05  138.51
1959 06 06  143.42
1959 06 07  171.06
1959 06 08  136.82
1959 06 09   74.96
1959 06 10   23.09
1959 06 11  -34.46
1959 06 12  -62.12
1959 06 13  -49.24
1959 06 14  -46.30
1959 06 15  -75.69
1959 06 16  -94.66
1959 06 17 -118.55
1959 06 18 -167.86
1959 06 19 -161.51
1959 06 20  -90.48
1959 06 21  -40.24
1959 06 22  -28.38
1959 06 23  -13.04
1959 06 24   -8.40
1959 06 25   13.52
1959 06 26   24.63
1959 06 27    8.30
1959 06 28  -12.86
1959 06 29  -25.19
1959 06 30   -1.46
1959 07 01   43.28
1959 07 02   87.46
1959 07 03  113.49
1959 07 04  141.36
1959 07 05  122.02
1959 07 06  111.63
1959 07 07   85.67
1959 07 08  -13.24
1959 07 09  -71.68
1959 07 10  -48.41
1959 07 11   15.63
1959 07 12   85.81
1959 07 13  134.97
1959 07 14  171.17
1959 07 15  178.05
1959 07 16  127.52
1959 07 17   90.08
1959 07 18   32.42
1959 07 19    9.67
1959 07 20   10.86
1959 07 21   30.83
1959 07 22   40.36
1959 07 23   33.34
1959 07 24   48.48
1959 07 25   64.49
1959 07 26   35.93
1959 07 27   18.58
1959 07 28   31.28
1959 07 29   29.51
1959 07 30   34.11
1959 07 31   18.88
1959 08 01   49.33
1959 08 02  102.23
1959 08 03  152.68
1959 08 04  175.68
1959 08 05  158.78
1959 08 06  129.16
1959 08 07   83.61
1959 08 08   42.67
1959 08 09   32.44
1959 08 10   24.53
1959 08 11   26.23
1959 08 12   62.38
1959 08 13   80.06
1959 08 14   72.74
1959 08 15   84.97
1959 08 16   62.01
1959 08 17  -23.19
1959 08 18  -67.60
1959 08 19  -41.20
1959 08 20    4.81
1959 08 21   13.35
1959 08 22  -30.71
1959 08 23 -108.30
1959 08 24 -158.43
1959 08 25 -177.05
1959 08 26 -166.99
1959 08 27 -115.48
1959 08 28  -37.88
1959 08 29   48.08
1959 08 30   54.23
1959 08 31   41.53
1959 09 01   60.03
1959 09 02   78.36
1959 09 03  130.63
1959 09 04  201.05
1959 09 05  258.40
1959 09 06  225.39
1959 09 07  151.16
1959 09 08  133.83
1959 09 09  145.99
1959 09 10   83.53
1959 09 11    4.63
1959 09 12  -22.32
1959 09 13  -42.42
1959 09 14  -25.91
1959 09 15  -13.34
1959 09 16  -36.66
1959 09 17  -72.06
1959 09 18  -27.79
1959 09 19   31.98
1959 09 20   37.27
1959 09 21    4.39
1959 09 22   -4.03
1959 09 23   30.89
1959 09 24   89.22
1959 09 25  111.71
1959 09 26   59.99
1959 09 27  -22.67
1959 09 28 -100.44
1959 09 29 -139.36
1959 09 30 -105.66
1959 10 01  -99.38
1959 10 02  -85.42
1959 10 03 -100.77
1959 10 04 -123.55
1959 10 05 -139.55
1959 10 06 -102.72
1959 10 07  -34.56
1959 10 08   10.13
1959 10 09   55.41
1959 10 10   45.15
1959 10 11   58.92
1959 10 12   50.15
1959 10 13   57.96
1959 10 14   91.07
1959 10 15   49.09
1959 10 16  -26.17
1959 10 17  -45.04
1959 10 18  -17.66
1959 10 19    1.89
1959 10 20    4.68
1959 10 21   83.03
1959 10 22  163.05
1959 10 23   97.01
1959 10 24   36.12
1959 10 25  -13.63
1959 10 26  -13.96
1959 10 27   47.97
1959 10 28   35.77
1959 10 29   16.48
1959 10 30   21.97
1959 10 31  -32.95
1959 11 01  -54.40
1959 11 02  -32.95
1959 11 03  -23.95
1959 11 04  -46.75
1959 11 05  -29.81
1959 11 06   -4.39
1959 11 07  -25.09
1959 11 08  -75.52
1959 11 09 -132.05
1959 11 10 -197.84
1959 11 11 -230.68
1959 11 12 -270.15
1959 11 13 -259.82
1959 11 14 -179.71
1959 11 15 -143.06
1959 11 16  -36.05
1959 11 17   78.41
1959 11 18   88.35
1959 11 19  186.25
1959 11 20  249.89
1959 11 21  218.88
1959 11 22  177.17
1959 11 23   63.05
1959 11 24  -21.03
1959 11 25  -60.99
1959 11 26 -111.52
1959 11 27  -34.12
1959 11 28   51.44
1959 11 29  102.16
1959 11 30   68.72
1959 12 01   97.31
1959 12 02  115.34
1959 12 03   64.46
1959 12 04   34.25
1959 12 05   38.14
1959 12 06  120.34
1959 12 07   99.17
1959 12 08   48.93
1959 12 09  121.00
1959 12 10  182.92
1959 12 11  170.79
1959 12 12  132.41
1959 12 13  120.67
1959 12 14  192.17
1959 12 15  156.82
1959 12 16   66.12
1959 12 17   -9.39
1959 12 18    8.74
1959 12 19   20.92
1959 12 20  100.49
1959 12 21   78.22
1959 12 22    0.94
1959 12 23  126.22
1959 12 24  218.63
1959 12 25  147.69
1959 12 26   52.51
1959 12 27   49.64
1959 12 28   -5.09
1959 12 29  -48.18
1959 12 30 -103.54
1959 12 31 -104.80
1960 01 01 -119.00
1960 01 02 -161.71
1960 01 03 -137.87
1960 01 04  -75.24
1960 01 05   52.94
1960 01 06  163.39
1960 01 07  104.53
1960 01 08   12.13
1960 01 09   39.64
1960 01 10  130.01
1960 01 11  171.68
1960 01 12  195.31
1960 01 13  216.56
1960 01 14  177.65
1960 01 15  122.37
1960 01 16   74.77
1960 01 17   26.10
1960 01 18 -127.11
1960 01 19 -276.69
1960 01 20 -313.05
1960 01 21 -237.68
1960 01 22 -170.46
1960 01 23 -143.99
1960 01 24 -163.05
1960 01 25 -147.99
1960 01 26  -98.39
1960 01 27  -15.16
1960 01 28   67.90
1960 01 29  115.31
1960 01 30  139.78
1960 01 31  151.51
1960 02 01  103.37
1960 02 02   88.89
1960 02 03   45.49
1960 02 04   13.81
1960 02 05   52.26
1960 02 06   95.78
1960 02 07  182.01
1960 02 08  210.25
1960 02 09  239.15
1960 02 10  208.02
1960 02 11  151.25
1960 02 12  175.47
1960 02 13  219.63
1960 02 14  220.93
1960 02 15  132.68
1960 02 16  -39.54
1960 02 17 -120.67
1960 02 18  -66.53
1960 02 19  -47.09
1960 02 20  -24.21
1960 02 21  -35.70
1960 02 22 -149.00
1960 02 23 -245.52
1960 02 24 -245.40
1960 02 25 -172.54
1960 02 26 -194.06
1960 02 27 -224.10
1960 02 28 -244.37
1960 02 29 -247.17
1960 03 01 -204.11
1960 03 02 -163.46
1960 03 03 -173.67
1960 03 04 -132.08
1960 03 05  -37.79
1960 03 06   73.63
1960 03 07   82.25
1960 03 08   70.18
1960 03 09   26.99
1960 03 10    0.49
1960 03 11   -6.42
1960 03 12   46.14
1960 03 13   83.26
1960 03 14  111.12
1960 03 15  100.67
1960 03 16   86.54
1960 03 17   70.36
1960 03 18   -5.36
1960 03 19  -85.50
1960 03 20 -125.91
1960 03 21  -46.82
1960 03 22  -14.64
1960 03 23   -0.28
1960 03 24  -12.07
1960 03 25    9.04
1960 03 26   35.04
1960 03 27   49.50
1960 03 28  124.15
1960 03 29  142.33
1960 03 30  211.84
1960 03 31  264.93
1960 04 01  228.04
1960 04 02  168.08
1960 04 03   46.60
1960 04 04    3.31
1960 04 05   42.07
1960 04 06    1.40
1960 04 07  -49.54
1960 04 08   -5.66
1960 04 09   43.14
1960 04 10   87.15
1960 04 11  157.85
1960 04 12  221.48
1960 04 13  211.79
1960 04 14  178.92
1960 04 15  147.31
1960 04 16  136.17
1960 04 17  195.55
1960 04 18  241.50
1960 04 19  267.83
1960 04 20  258.44
1960 04 21  109.52
1960 04 22  -62.20
1960 04 23  -88.04
1960 04 24  -55.26
1960 04 25  -58.99
1960 04 26  -93.74
1960 04 27 -126.59
1960 04 28 -112.59
1960 04 29 -116.89
1960 04 30 -105.18
1960 05 01  -47.39
1960 05 02   -9.92
1960 05 03   -4.52
1960 05 04   26.73
1960 05 05   24.23
1960 05 06   25.20
1960 05 07   80.34
1960 05 08   30.72
1960 05 09 -101.84
1960 05 10  -95.59
1960 05 11  -27.67
1960 05 12   49.98
1960 05 13   84.36
1960 05 14   73.84
1960 05 15   60.53
1960 05 16  119.36
1960 05 17  138.24
1960 05 18  130.54
1960 05 19  126.15
1960 05 20   84.15
1960 05 21  -26.47
1960 05 22  -90.50
1960 05 23  -55.92
1960 05 24  -40.30
1960 05 25  -78.22
1960 05 26  -29.36
1960 05 27   56.22
1960 05 28   87.32
1960 05 29  108.66
1960 05 30  168.17
1960 05 31  171.81
1960 06 01  127.51
1960 06 02   27.42
1960 06 03  -47.43
1960 06 04  -80.18
1960 06 05  -83.98
1960 06 06  -13.39
1960 06 07   12.29
1960 06 08   23.13
1960 06 09   36.93
1960 06 10   50.65
1960 06 11   74.50
1960 06 12   55.46
1960 06 13  100.39
1960 06 14  144.64
1960 06 15  172.18
1960 06 16  170.09
1960 06 17  103.78
1960 06 18   39.38
1960 06 19   19.18
1960 06 20   18.77
1960 06 21   -4.71
1960 06 22  -37.58
1960 06 23  -43.81
1960 06 24  -41.42
1960 06 25  -36.55
1960 06 26  -21.56
1960 06 27  -27.56
1960 06 28  -16.23
1960 06 29    8.99
1960 06 30   44.46
1960 07 01   68.13
1960 07 02   67.01
1960 07 03   45.50
1960 07 04   35.40
1960 07 05   43.22
1960 07 06   45.94
1960 07 07   43.91
1960 07 08   21.77
1960 07 09   21.50
1960 07 10  -21.11
1960 07 11  -89.34
1960 07 12  -98.61
1960 07 13  -33.90
1960 07 14   22.14
1960 07 15   41.30
1960 07 16   52.13
1960 07 17   60.12
1960 07 18   26.93
1960 07 19    4.29
1960 07 20   -5.57
1960 07 21   -2.91
1960 07 22    1.32
1960 07 23    1.86
1960 07 24    9.78
1960 07 25   10.12
1960 07 26   -4.92
1960 07 27    0.72
1960 07 28  -14.61
1960 07 29  -10.34
1960 07 30   28.56
1960 07 31   66.09
1960 08 01   98.05
1960 08 02   94.69
1960 08 03   77.38
1960 08 04   62.28
1960 08 05   29.97
1960 08 06  -24.39
1960 08 07  -95.92
1960 08 08 -112.32
1960 08 09  -92.71
1960 08 10  -83.86
1960 08 11  -65.86
1960 08 12  -42.69
1960 08 13  -32.37
1960 08 14   27.18
1960 08 15  114.63
1960 08 16  193.22
1960 08 17  182.32
1960 08 18  128.94
1960 08 19   82.05
1960 08 20   49.59
1960 08 21   23.77
1960 08 22   39.77
1960 08 23   37.11
1960 08 24   32.02
1960 08 25   21.55
1960 08 26   11.22
1960 08 27   71.46
1960 08 28  116.50
1960 08 29  110.31
1960 08 30   70.48
1960 08 31   12.75
1960 09 01  -26.19
1960 09 02   21.90
1960 09 03   70.92
1960 09 04  113.17
1960 09 05  123.32
1960 09 06   69.13
1960 09 07    8.35
1960 09 08  -26.26
1960 09 09  -45.09
1960 09 10  -43.82
1960 09 11  -59.92
1960 09 12  -32.27
1960 09 13    8.24
1960 09 14    7.59
1960 09 15    8.02
1960 09 16    9.25
1960 09 17   36.12
1960 09 18   63.45
1960 09 19   48.12
1960 09 20   31.06
1960 09 21   39.86
1960 09 22   85.15
1960 09 23   92.20
1960 09 24   81.05
1960 09 25   21.54
1960 09 26  -85.38
1960 09 27 -153.68
1960 09 28 -166.00
1960 09 29 -178.21
1960 09 30  -86.26
1960 10 01   18.95
1960 10 02   34.58
1960 10 03   31.77
1960 10 04   46.61
1960 10 05   60.09
1960 10 06  101.38
1960 10 07  155.40
1960 10 08  115.36
1960 10 09   39.32
1960 10 10  -35.36
1960 10 11  -13.11
1960 10 12   49.33
1960 10 13   84.34
1960 10 14   93.36
1960 10 15    0.16
1960 10 16 -183.52
1960 10 17 -272.19
1960 10 18 -279.47
1960 10 19 -225.19
1960 10 20 -120.57
1960 10 21   46.97
1960 10 22   75.74
1960 10 23   97.80
1960 10 24  153.14
1960 10 25  156.47
1960 10 26  177.33
1960 10 27  179.34
1960 10 28   99.50
1960 10 29   40.76
1960 10 30  103.44
1960 10 31  136.12
1960 11 01  104.64
1960 11 02   50.82
1960 11 03  -11.75
1960 11 04 -104.38
1960 11 05 -141.60
1960 11 06 -143.30
1960 11 07 -147.69
1960 11 08 -120.19
1960 11 09  -75.66
1960 11 10   13.75
1960 11 11   54.18
1960 11 12   26.12
1960 11 13   42.73
1960 11 14   85.62
1960 11 15  122.52
1960 11 16  119.49
1960 11 17  172.63
1960 11 18  238.89
1960 11 19  238.30
1960 11 20  206.75
1960 11 21  214.41
1960 11 22  189.60
1960 11 23  189.06
1960 11 24  125.27
1960 11 25   27.45
1960 11 26   23.66
1960 11 27   -0.34
1960 11 28  -42.13
1960 11 29  -63.02
1960 11 30  -64.02
1960 12 01    3.97
1960 12 02   87.34
1960 12 03   92.07
1960 12 04    3.95
1960 12 05  -53.36
1960 12 06 -120.23
1960 12 07 -121.94
1960 12 08  -90.54
1960 12 09  -84.15
1960 12 10  -71.20
1960 12 11  -28.67
1960 12 12   -2.49
1960 12 13  -52.39
1960 12 14 -152.80
1960 12 15 -239.17
1960 12 16 -219.22
1960 12 17 -191.21
1960 12 18 -156.97
1960 12 19 -159.86
1960 12 20 -137.85
1960 12 21  -87.64
1960 12 22  -68.55
1960 12 23  -48.92
1960 12 24  -30.22
1960 12 25  -75.60
1960 12 26  -86.53
1960 12 27 -150.88
1960 12 28 -116.55
1960 12 29  -37.83
1960 12 30  -30.82
1960 12 31  -15.97
1961 01 01   68.90
1961 01 02  137.32
1961 01 03  178.98
1961 01 04  245.89
1961 01 05  228.75
1961 01 06   62.31
1961 01 07  -14.96
1961 01 08   40.19
1961 01 09   33.91
1961 01 10   70.59
1961 01 11  110.71
1961 01 12  175.07
1961 01 13  223.41
1961 01 14  267.90
1961 01 15  260.71
1961 01 16  150.84
1961 01 17  -43.64
1961 01 18 -213.65
1961 01 19 -291.06
1961 01 20 -298.89
1961 01 21 -255.05
1961 01 22 -222.52
1961 01 23 -214.20
1961 01 24 -259.34
1961 01 25 -304.75
1961 01 26 -358.32
1961 01 27 -353.35
1961 01 28 -288.41
1961 01 29 -196.31
1961 01 30 -102.53
1961 01 31   -3.47
1961 02 01   72.15
1961 02 02  181.67
1961 02 03  198.97
1961 02 04  167.10
1961 02 05  154.07
1961 02 06  178.38
1961 02 07  174.59
1961 02 08  171.63
1961 02 09  162.04
1961 02 10  125.45
1961 02 11   93.02
1961 02 12  124.69
1961 02 13  122.08
1961 02 14  118.60
1961 02 15   90.09
1961 02 16   59.37
1961 02 17   11.15
1961 02 18   45.70
1961 02 19   75.96
1961 02 20  112.44
1961 02 21  167.14
1961 02 22  150.78
1961 02 23  169.22
1961 02 24  231.03
1961 02 25  224.89
1961 02 26  220.41
1961 02 27  238.27
1961 02 28  247.12
1961 03 01  305.96
1961 03 02  233.35
1961 03 03  183.81
1961 03 04  198.76
1961 03 05  227.27
1961 03 06  229.10
1961 03 07  142.23
1961 03 08   81.42
1961 03 09  105.81
1961 03 10  129.60
1961 03 11  122.53
1961 03 12  165.55
1961 03 13  150.60
1961 03 14   72.21
1961 03 15   64.47
1961 03 16   89.09
1961 03 17  102.19
1961 03 18   69.69
1961 03 19   46.31
1961 03 20   50.87
1961 03 21    1.54
1961 03 22    0.61
1961 03 23   82.90
1961 03 24  109.06
1961 03 25   99.93
1961 03 26   50.76
1961 03 27  -27.92
1961 03 28  -49.79
1961 03 29  -42.80
1961 03 30   16.13
1961 03 31   83.28
1961 04 01  140.28
1961 04 02  137.94
1961 04 03   94.40
1961 04 04   -2.97
1961 04 05  -75.83
1961 04 06 -120.46
1961 04 07 -114.88
1961 04 08  -69.74
1961 04 09  -65.21
1961 04 10  -85.38
1961 04 11   -3.36
1961 04 12   58.17
1961 04 13  131.20
1961 04 14  158.91
1961 04 15  178.30
1961 04 16  185.52
1961 04 17  183.62
1961 04 18  165.97
1961 04 19  136.85
1961 04 20   82.37
1961 04 21  -23.52
1961 04 22 -101.49
1961 04 23 -134.73
1961 04 24 -136.71
1961 04 25 -122.98
1961 04 26 -149.52
1961 04 27 -188.65
1961 04 28 -182.87
1961 04 29 -121.67
1961 04 30  -77.27
1961 05 01  -61.87
1961 05 02  -25.84
1961 05 03  -45.26
1961 05 04  -28.90
1961 05 05  -29.17
1961 05 06  -42.24
1961 05 07  -47.57
1961 05 08  -94.79
1961 05 09  -92.71
1961 05 10  -56.81
1961 05 11   -0.35
1961 05 12   41.08
1961 05 13   75.59
1961 05 14    9.39
1961 05 15  -44.48
1961 05 16  -42.19
1961 05 17  -26.13
1961 05 18  -28.97
1961 05 19  -17.11
1961 05 20   63.75
1961 05 21   52.32
1961 05 22   -2.08
1961 05 23   20.54
1961 05 24  -13.96
1961 05 25  -27.76
1961 05 26  -25.39
1961 05 27   32.36
1961 05 28   69.61
1961 05 29   84.98
1961 05 30   87.12
1961 05 31   19.11
1961 06 01  -17.20
1961 06 02   -7.28
1961 06 03    3.92
1961 06 04   46.97
1961 06 05   49.02
1961 06 06   57.08
1961 06 07   43.76
1961 06 08   15.96
1961 06 09   38.57
1961 06 10   33.70
1961 06 11   36.99
1961 06 12   -4.41
1961 06 13  -55.10
1961 06 14  -71.94
1961 06 15  -86.57
1961 06 16  -84.60
1961 06 17 -102.48
1961 06 18 -101.03
1961 06 19  -32.74
1961 06 20   42.98
1961 06 21   51.99
1961 06 22   30.85
1961 06 23   36.98
1961 06 24   28.61
1961 06 25   37.13
1961 06 26   29.33
1961 06 27   14.72
1961 06 28    0.08
1961 06 29    1.74
1961 06 30   18.73
1961 07 01   -6.54
1961 07 02   -1.44
1961 07 03   32.71
1961 07 04   81.00
1961 07 05   89.74
1961 07 06   62.47
1961 07 07   26.71
1961 07 08   14.73
1961 07 09    2.98
1961 07 10  -46.10
1961 07 11  -99.48
1961 07 12 -108.89
1961 07 13  -85.88
1961 07 14  -51.15
1961 07 15  -19.24
1961 07 16    2.88
1961 07 17   19.41
1961 07 18   29.68
1961 07 19   35.98
1961 07 20   17.41
1961 07 21    9.98
1961 07 22    1.05
1961 07 23  -28.47
1961 07 24  -86.98
1961 07 25 -108.98
1961 07 26  -95.27
1961 07 27 -113.03
1961 07 28 -125.59
1961 07 29 -113.86
1961 07 30  -99.77
1961 07 31  -94.42
1961 08 01  -49.45
1961 08 02  -34.63
1961 08 03    8.04
1961 08 04   44.10
1961 08 05   89.33
1961 08 06   98.07
1961 08 07   54.55
1961 08 08   23.91
1961 08 09    6.02
1961 08 10    2.50
1961 08 11    1.98
1961 08 12   23.52
1961 08 13   22.73
1961 08 14   15.16
1961 08 15   19.03
1961 08 16   -3.08
1961 08 17  -77.45
1961 08 18 -146.15
1961 08 19 -177.88
1961 08 20 -140.66
1961 08 21  -91.26
1961 08 22  -24.30
1961 08 23   14.21
1961 08 24   23.97
1961 08 25   44.47
1961 08 26   68.18
1961 08 27   52.89
1961 08 28   47.44
1961 08 29   72.21
1961 08 30  114.79
1961 08 31  173.64
1961 09 01  160.63
1961 09 02   92.89
1961 09 03   86.26
1961 09 04   58.68
1961 09 05   40.32
1961 09 06   34.59
1961 09 07   27.05
1961 09 08   10.56
1961 09 09  -19.01
1961 09 10  -45.79
1961 09 11  -65.49
1961 09 12  -31.85
1961 09 13  -25.45
1961 09 14  -33.15
1961 09 15  -12.72
1961 09 16   32.66
1961 09 17   11.72
1961 09 18  -35.43
1961 09 19  -21.49
1961 09 20  -32.40
1961 09 21  -58.18
1961 09 22  -93.27
1961 09 23  -89.85
1961 09 24  -67.70
1961 09 25  -55.38
1961 09 26  -48.79
1961 09 27  -59.20
1961 09 28  -15.03
1961 09 29   20.28
1961 09 30   39.41
1961 10 01   29.82
1961 10 02   42.09
1961 10 03   86.97
1961 10 04  126.21
1961 10 05  126.10
1961 10 06   86.03
1961 10 07   15.21
1961 10 08   47.95
1961 10 09   96.77
1961 10 10  108.15
1961 10 11  176.97
1961 10 12  209.06
1961 10 13  118.79
1961 10 14   18.42
1961 10 15   -2.37
1961 10 16  -34.79
1961 10 17  -77.04
1961 10 18 -147.92
1961 10 19 -223.27
1961 10 20 -241.93
1961 10 21 -140.99
1961 10 22   28.13
1961 10 23  122.16
1961 10 24   97.14
1961 10 25   55.98
1961 10 26  163.91
1961 10 27  193.87
1961 10 28  104.19
1961 10 29   25.19
1961 10 30  -60.72
1961 10 31  -34.35
1961 11 01   25.02
1961 11 02   60.92
1961 11 03   71.86
1961 11 04    1.05
1961 11 05  -11.25
1961 11 06    6.86
1961 11 07   23.24
1961 11 08   69.77
1961 11 09  161.04
1961 11 10  218.33
1961 11 11  200.56
1961 11 12   96.82
1961 11 13   73.54
1961 11 14  -33.33
1961 11 15  -89.63
1961 11 16  -51.22
1961 11 17   31.75
1961 11 18   86.74
1961 11 19  114.98
1961 11 20  114.46
1961 11 21  197.53
1961 11 22  220.45
1961 11 23   89.76
1961 11 24   17.93
1961 11 25   28.60
1961 11 26  -84.71
1961 11 27 -135.60
1961 11 28 -188.74
1961 11 29 -122.17
1961 11 30  -51.08
1961 12 01   -9.16
1961 12 02   60.51
1961 12 03  117.94
1961 12 04  170.16
1961 12 05  142.40
1961 12 06   16.06
1961 12 07 -139.36
1961 12 08 -255.47
1961 12 09 -289.69
1961 12 10 -264.60
1961 12 11 -207.11
1961 12 12 -160.93
1961 12 13  -92.88
1961 12 14   -0.51
1961 12 15   76.09
1961 12 16  118.18
1961 12 17  150.40
1961 12 18  150.69
1961 12 19  156.62
1961 12 20  168.37
1961 12 21  167.21
1961 12 22  124.58
1961 12 23  108.49
1961 12 24  106.99
1961 12 25  120.10
1961 12 26  121.24
1961 12 27   97.76
1961 12 28  114.27
1961 12 29  105.75
1961 12 30   28.13
1961 12 31  -11.01
1962 01 01   57.59
1962 01 02  125.90
1962 01 03  152.34
1962 01 04  133.11
1962 01 05  151.05
1962 01 06    4.64
1962 01 07 -155.68
1962 01 08 -226.19
1962 01 09 -193.85
1962 01 10 -131.02
1962 01 11 -121.98
1962 01 12 -120.52
1962 01 13  -96.42
1962 01 14 -105.13
1962 01 15 -166.97
1962 01 16 -223.87
1962 01 17 -260.09
1962 01 18 -272.13
1962 01 19 -285.87
1962 01 20 -285.59
1962 01 21 -258.19
1962 01 22 -176.51
1962 01 23  -62.18
1962 01 24   56.89
1962 01 25  109.48
1962 01 26  130.36
1962 01 27  128.20
1962 01 28   86.58
1962 01 29   -3.08
1962 01 30    8.70
1962 01 31   44.58
1962 02 01   16.63
1962 02 02    0.79
1962 02 03  -20.04
1962 02 04  -89.60
1962 02 05 -122.28
1962 02 06  -96.44
1962 02 07  -51.49
1962 02 08   -3.71
1962 02 09   18.74
1962 02 10   37.18
1962 02 11   62.95
1962 02 12   30.91
1962 02 13  -12.77
1962 02 14  -42.05
1962 02 15  -51.00
1962 02 16  -34.84
1962 02 17  -25.60
1962 02 18  -65.35
1962 02 19 -194.91
1962 02 20 -295.44
1962 02 21 -302.96
1962 02 22 -292.37
1962 02 23 -274.17
1962 02 24 -289.93
1962 02 25 -264.36
1962 02 26 -256.38
1962 02 27 -231.41
1962 02 28 -212.12
1962 03 01 -158.80
1962 03 02  -47.57
1962 03 03   44.41
1962 03 04    9.30
1962 03 05  -11.79
1962 03 06  -21.03
1962 03 07  -44.54
1962 03 08 -119.96
1962 03 09 -203.09
1962 03 10 -169.43
1962 03 11  -86.18
1962 03 12  -17.51
1962 03 13   -1.74
1962 03 14  -25.26
1962 03 15  -45.53
1962 03 16  -52.17
1962 03 17  -30.67
1962 03 18   13.33
1962 03 19   55.39
1962 03 20   93.25
1962 03 21  142.59
1962 03 22  149.03
1962 03 23  235.35
1962 03 24  235.72
1962 03 25  139.52
1962 03 26   24.75
1962 03 27   31.23
1962 03 28  -79.92
1962 03 29 -175.92
1962 03 30 -187.45
1962 03 31 -114.04
1962 04 01  -74.87
1962 04 02  -30.25
1962 04 03   58.74
1962 04 04   73.36
1962 04 05   12.19
1962 04 06  -14.53
1962 04 07  -49.96
1962 04 08  -54.24
1962 04 09  -18.82
1962 04 10  -24.25
1962 04 11   -7.21
1962 04 12   32.52
1962 04 13   -9.09
1962 04 14   17.92
1962 04 15  136.89
1962 04 16   79.69
1962 04 17    6.30
1962 04 18   56.87
1962 04 19  130.30
1962 04 20  123.67
1962 04 21   83.33
1962 04 22   48.56
1962 04 23   48.57
1962 04 24   61.51
1962 04 25   75.34
1962 04 26   33.77
1962 04 27   69.40
1962 04 28  117.73
1962 04 29  162.16
1962 04 30  178.84
1962 05 01  159.83
1962 05 02   88.37
1962 05 03   41.35
1962 05 04   15.70
1962 05 05  -52.33
1962 05 06  -90.20
1962 05 07  -94.90
1962 05 08  -92.30
1962 05 09  -33.77
1962 05 10   19.01
1962 05 11   63.49
1962 05 12  115.15
1962 05 13   95.74
1962 05 14   38.81
1962 05 15   57.35
1962 05 16   69.95
1962 05 17   32.76
1962 05 18    8.49
1962 05 19   -9.26
1962 05 20   -6.76
1962 05 21    1.37
1962 05 22   16.24
1962 05 23   20.61
1962 05 24   11.58
1962 05 25  -18.04
1962 05 26   -8.49
1962 05 27   55.50
1962 05 28   71.44
1962 05 29   36.34
1962 05 30   12.39
1962 05 31   -1.55
1962 06 01  -17.75
1962 06 02   16.50
1962 06 03   66.12
1962 06 04  111.50
1962 06 05  127.51
1962 06 06   94.09
1962 06 07   53.30
1962 06 08   30.96
1962 06 09  -20.61
1962 06 10  -78.17
1962 06 11 -122.87
1962 06 12 -139.77
1962 06 13 -128.61
1962 06 14  -85.96
1962 06 15  -64.74
1962 06 16  -70.73
1962 06 17 -108.89
1962 06 18 -138.09
1962 06 19 -143.19
1962 06 20 -129.32
1962 06 21 -110.87
1962 06 22  -34.74
1962 06 23   -4.36
1962 06 24   -9.79
1962 06 25   40.52
1962 06 26   73.87
1962 06 27   61.41
1962 06 28   22.74
1962 06 29  -16.83
1962 06 30   -1.25
1962 07 01   24.06
1962 07 02   35.54
1962 07 03   25.49
1962 07 04   25.63
1962 07 05   -4.48
1962 07 06  -38.62
1962 07 07  -69.01
1962 07 08  -57.48
1962 07 09   -9.47
1962 07 10   30.35
1962 07 11   45.42
1962 07 12   55.08
1962 07 13   65.91
1962 07 14   72.05
1962 07 15   51.57
1962 07 16    7.01
1962 07 17  -35.39
1962 07 18  -39.32
1962 07 19  -16.75
1962 07 20  -12.86
1962 07 21  -24.68
1962 07 22  -28.87
1962 07 23  -62.90
1962 07 24  -84.78
1962 07 25 -100.69
1962 07 26 -123.97
1962 07 27 -111.28
1962 07 28  -88.84
1962 07 29  -80.05
1962 07 30  -57.30
1962 07 31   -3.87
1962 08 01   23.49
1962 08 02   39.72
1962 08 03   30.58
1962 08 04   51.30
1962 08 05   55.65
1962 08 06   25.18
1962 08 07   17.06
1962 08 08   55.50
1962 08 09   79.28
1962 08 10   45.79
1962 08 11    2.13
1962 08 12   22.20
1962 08 13   33.38
1962 08 14    9.67
1962 08 15   -7.53
1962 08 16   24.97
1962 08 17   58.61
1962 08 18   82.07
1962 08 19   89.88
1962 08 20   68.21
1962 08 21   21.26
1962 08 22  -14.61
1962 08 23   -8.45
1962 08 24  -24.70
1962 08 25  -49.43
1962 08 26  -71.90
1962 08 27 -122.70
1962 08 28 -163.62
1962 08 29 -169.07
1962 08 30 -144.67
1962 08 31 -102.21
1962 09 01  -93.44
1962 09 02 -107.69
1962 09 03  -96.76
1962 09 04  -90.81
1962 09 05  -75.18
1962 09 06  -61.26
1962 09 07  -43.07
1962 09 08    0.12
1962 09 09   55.08
1962 09 10  110.14
1962 09 11  152.96
1962 09 12  175.58
1962 09 13  186.77
1962 09 14  155.08
1962 09 15  126.02
1962 09 16   66.55
1962 09 17   -8.49
1962 09 18  -37.96
1962 09 19  -14.43
1962 09 20   12.53
1962 09 21   42.92
1962 09 22   50.90
1962 09 23   11.45
1962 09 24  -46.11
1962 09 25  -35.16
1962 09 26   31.29
1962 09 27  155.71
1962 09 28  216.82
1962 09 29  209.81
1962 09 30  106.27
1962 10 01   57.36
1962 10 02   45.72
1962 10 03   72.87
1962 10 04   90.62
1962 10 05   81.40
1962 10 06  138.48
1962 10 07  201.41
1962 10 08  241.70
1962 10 09  176.12
1962 10 10  129.44
1962 10 11   65.13
1962 10 12   33.64
1962 10 13   52.13
1962 10 14  161.10
1962 10 15  122.25
1962 10 16  -19.50
1962 10 17  -69.20
1962 10 18  -11.24
1962 10 19   33.86
1962 10 20    9.90
1962 10 21    2.63
1962 10 22  -33.78
1962 10 23  -45.40
1962 10 24  -57.27
1962 10 25   -8.20
1962 10 26   79.19
1962 10 27  122.62
1962 10 28   62.56
1962 10 29  -88.87
1962 10 30 -101.77
1962 10 31 -143.08
1962 11 01 -167.34
1962 11 02 -116.38
1962 11 03  -18.00
1962 11 04   19.35
1962 11 05   71.42
1962 11 06   42.19
1962 11 07   66.99
1962 11 08  128.12
1962 11 09  142.94
1962 11 10  117.84
1962 11 11   46.22
1962 11 12  -12.36
1962 11 13  -56.79
1962 11 14  -36.98
1962 11 15  -58.36
1962 11 16  -46.91
1962 11 17   31.92
1962 11 18  119.14
1962 11 19  244.33
1962 11 20  243.57
1962 11 21  135.29
1962 11 22   88.90
1962 11 23  129.66
1962 11 24  224.59
1962 11 25  270.23
1962 11 26  261.72
1962 11 27  192.51
1962 11 28  164.27
1962 11 29  177.12
1962 11 30  203.83
1962 12 01  218.68
1962 12 02  204.06
1962 12 03  152.05
1962 12 04   87.31
1962 12 05  138.62
1962 12 06  102.32
1962 12 07  -40.84
1962 12 08 -158.14
1962 12 09 -198.18
1962 12 10 -191.77
1962 12 11 -222.28
1962 12 12 -200.77
1962 12 13 -130.70
1962 12 14  -94.55
1962 12 15  -88.46
1962 12 16  -95.78
1962 12 17 -101.38
1962 12 18 -112.31
1962 12 19 -106.39
1962 12 20 -112.45
1962 12 21 -208.11
1962 12 22 -297.38
1962 12 23 -341.50
1962 12 24 -343.16
1962 12 25 -337.52
1962 12 26 -263.23
1962 12 27 -135.93
1962 12 28  -77.01
1962 12 29  -51.17
1962 12 30    4.28
1962 12 31   64.61
1963 01 01  150.61
1963 01 02  192.02
1963 01 03  161.46
1963 01 04  112.66
1963 01 05   60.83
1963 01 06   -2.61
1963 01 07  -40.35
1963 01 08  -86.61
1963 01 09 -162.86
1963 01 10 -208.37
1963 01 11 -259.16
1963 01 12 -288.19
1963 01 13 -276.95
1963 01 14 -272.43
1963 01 15 -292.56
1963 01 16 -341.93
1963 01 17 -364.92
1963 01 18 -368.08
1963 01 19 -347.41
1963 01 20 -274.36
1963 01 21 -241.39
1963 01 22 -219.83
1963 01 23 -200.17
1963 01 24 -229.25
1963 01 25 -310.32
1963 01 26 -346.45
1963 01 27 -373.21
1963 01 28 -410.49
1963 01 29 -481.64
1963 01 30 -442.09
1963 01 31 -292.66
1963 02 01 -121.24
1963 02 02  -58.28
1963 02 03   64.14
1963 02 04  151.09
1963 02 05  199.92
1963 02 06  141.93
1963 02 07   25.66
1963 02 08  -35.77
1963 02 09  -93.17
1963 02 10 -169.16
1963 02 11 -213.40
1963 02 12 -210.32
1963 02 13 -180.57
1963 02 14 -125.23
1963 02 15  -61.50
1963 02 16  -14.67
1963 02 17   35.05
1963 02 18   27.50
1963 02 19  -47.88
1963 02 20  -72.21
1963 02 21  -58.13
1963 02 22  -41.24
1963 02 23  -32.54
1963 02 24  -59.89
1963 02 25   -0.21
1963 02 26   76.16
1963 02 27   58.70
1963 02 28   82.80
1963 03 01   80.34
1963 03 02   22.23
1963 03 03    6.90
1963 03 04   28.28
1963 03 05  -19.46
1963 03 06  -69.55
1963 03 07 -128.02
1963 03 08 -162.21
1963 03 09 -175.73
1963 03 10 -150.33
1963 03 11 -130.32
1963 03 12  -91.37
1963 03 13  -50.91
1963 03 14  -43.61
1963 03 15   47.06
1963 03 16   43.41
1963 03 17  102.38
1963 03 18  143.25
1963 03 19   92.01
1963 03 20  -11.03
1963 03 21  -34.15
1963 03 22   44.62
1963 03 23   -3.79
1963 03 24 -126.10
1963 03 25 -244.41
1963 03 26 -238.95
1963 03 27  -75.25
1963 03 28   64.32
1963 03 29   62.42
1963 03 30   22.49
1963 03 31  -32.12
1963 04 01  -23.13
1963 04 02   -9.97
1963 04 03  -34.32
1963 04 04  -33.99
1963 04 05  -53.11
1963 04 06 -101.53
1963 04 07 -137.38
1963 04 08 -127.11
1963 04 09  -19.44
1963 04 10   63.49
1963 04 11  -26.97
1963 04 12 -118.91
1963 04 13  -58.03
1963 04 14   17.48
1963 04 15   61.54
1963 04 16    9.72
1963 04 17  -17.84
1963 04 18  -13.22
1963 04 19  -66.90
1963 04 20 -114.21
1963 04 21 -117.22
1963 04 22  -78.50
1963 04 23  -18.69
1963 04 24    3.86
1963 04 25   21.10
1963 04 26   53.81
1963 04 27   35.43
1963 04 28   34.23
1963 04 29   73.65
1963 04 30  133.02
1963 05 01  144.10
1963 05 02   97.71
1963 05 03   22.64
1963 05 04 -113.14
1963 05 05 -154.57
1963 05 06  -77.90
1963 05 07   27.50
1963 05 08   74.17
1963 05 09   49.81
1963 05 10   53.27
1963 05 11   56.01
1963 05 12   65.83
1963 05 13  106.13
1963 05 14  134.87
1963 05 15  111.25
1963 05 16  -47.04
1963 05 17 -165.43
1963 05 18 -157.88
1963 05 19 -136.97
1963 05 20 -160.01
1963 05 21 -174.53
1963 05 22 -103.95
1963 05 23  -40.09
1963 05 24  -40.36
1963 05 25  -57.80
1963 05 26  -76.74
1963 05 27  -88.13
1963 05 28  -69.00
1963 05 29  -26.95
1963 05 30   39.22
1963 05 31  107.63
1963 06 01  143.70
1963 06 02  115.26
1963 06 03  104.01
1963 06 04   96.54
1963 06 05   26.67
1963 06 06  -10.19
1963 06 07   21.54
1963 06 08   30.77
1963 06 09   11.79
1963 06 10   19.81
1963 06 11   76.72
1963 06 12   80.27
1963 06 13   18.44
1963 06 14  -37.07
1963 06 15  -36.70
1963 06 16  -21.66
1963 06 17   -3.76
1963 06 18   30.53
1963 06 19   67.13
1963 06 20   51.91
1963 06 21   51.04
1963 06 22   65.32
1963 06 23  118.95
1963 06 24  139.36
1963 06 25  104.61
1963 06 26   55.44
1963 06 27    4.42
1963 06 28   11.50
1963 06 29  -12.55
1963 06 30  -62.35
1963 07 01  -99.18
1963 07 02  -72.88
1963 07 03  -23.11
1963 07 04   13.77
1963 07 05   21.32
1963 07 06    6.89
1963 07 07  -18.97
1963 07 08  -38.00
1963 07 09  -45.68
1963 07 10  -49.97
1963 07 11  -47.20
1963 07 12  -30.97
1963 07 13  -17.39
1963 07 14    5.33
1963 07 15   43.95
1963 07 16   57.40
1963 07 17   75.05
1963 07 18   83.86
1963 07 19   72.40
1963 07 20   69.59
1963 07 21   60.58
1963 07 22   78.25
1963 07 23   67.08
1963 07 24   43.70
1963 07 25    8.93
1963 07 26  -29.63
1963 07 27  -27.79
1963 07 28  -31.37
1963 07 29  -24.08
1963 07 30   -7.40
1963 07 31   -4.86
1963 08 01  -16.13
1963 08 02  -20.00
1963 08 03   -9.27
1963 08 04   10.46
1963 08 05   33.23
1963 08 06   43.12
1963 08 07   26.45
1963 08 08   -4.58
1963 08 09  -39.30
1963 08 10  -73.16
1963 08 11  -95.99
1963 08 12 -107.73
1963 08 13  -88.04
1963 08 14  -65.90
1963 08 15  -74.00
1963 08 16  -90.93
1963 08 17  -89.57
1963 08 18  -85.45
1963 08 19  -61.95
1963 08 20  -34.16
1963 08 21  -36.07
1963 08 22  -82.36
1963 08 23 -109.87
1963 08 24 -113.10
1963 08 25 -105.79
1963 08 26  -92.23
1963 08 27  -99.04
1963 08 28  -93.13
1963 08 29  -97.68
1963 08 30 -104.51
1963 08 31  -77.07
1963 09 01  -38.13
1963 09 02  -32.18
1963 09 03  -27.80
1963 09 04   -4.97
1963 09 05   22.51
1963 09 06   44.68
1963 09 07   32.45
1963 09 08  -13.63
1963 09 09  -70.78
1963 09 10  -98.75
1963 09 11  -81.39
1963 09 12   16.28
1963 09 13   93.63
1963 09 14   82.45
1963 09 15   35.46
1963 09 16   10.37
1963 09 17   15.67
1963 09 18   20.68
1963 09 19   16.24
1963 09 20   42.87
1963 09 21   72.39
1963 09 22   87.40
1963 09 23   83.95
1963 09 24   24.24
1963 09 25   -0.60
1963 09 26  -48.54
1963 09 27 -102.40
1963 09 28  -96.16
1963 09 29   14.22
1963 09 30  100.05
1963 10 01  100.59
1963 10 02   54.06
1963 10 03    5.00
1963 10 04  -51.42
1963 10 05 -123.64
1963 10 06 -123.45
1963 10 07  -56.25
1963 10 08   53.36
1963 10 09   56.59
1963 10 10    6.44
1963 10 11   87.35
1963 10 12  137.43
1963 10 13  126.80
1963 10 14   63.39
1963 10 15   88.15
1963 10 16   76.79
1963 10 17   51.25
1963 10 18   47.38
1963 10 19   55.73
1963 10 20  144.42
1963 10 21  238.79
1963 10 22  212.35
1963 10 23  221.07
1963 10 24  284.03
1963 10 25  269.05
1963 10 26  186.20
1963 10 27  144.84
1963 10 28  164.70
1963 10 29  169.89
1963 10 30  127.59
1963 10 31  132.23
1963 11 01  140.51
1963 11 02  183.34
1963 11 03  175.41
1963 11 04  154.30
1963 11 05   70.45
1963 11 06  117.69
1963 11 07  214.59
1963 11 08  228.59
1963 11 09  184.61
1963 11 10   43.61
1963 11 11 -132.22
1963 11 12 -170.75
1963 11 13 -144.60
1963 11 14  -96.44
1963 11 15   18.04
1963 11 16   73.76
1963 11 17   30.83
1963 11 18   14.20
1963 11 19   26.54
1963 11 20   64.71
1963 11 21   89.21
1963 11 22  128.48
1963 11 23  143.45
1963 11 24  135.75
1963 11 25  197.61
1963 11 26  240.86
1963 11 27  188.43
1963 11 28   76.97
1963 11 29   -3.29
1963 11 30  -25.33
1963 12 01  -48.80
1963 12 02  -27.26
1963 12 03   18.53
1963 12 04   46.34
1963 12 05   43.81
1963 12 06   20.66
1963 12 07  -26.44
1963 12 08  -74.28
1963 12 09 -172.33
1963 12 10 -279.59
1963 12 11 -314.91
1963 12 12 -270.66
1963 12 13 -224.25
1963 12 14 -204.74
1963 12 15 -217.70
1963 12 16 -271.95
1963 12 17 -266.35
1963 12 18 -115.21
1963 12 19  -16.53
1963 12 20  -23.40
1963 12 21  -16.25
1963 12 22   17.09
1963 12 23   45.55
1963 12 24   38.32
1963 12 25   59.84
1963 12 26   19.73
1963 12 27  -16.76
1963 12 28  -24.16
1963 12 29  -12.72
1963 12 30  121.86
1963 12 31  221.60
1964 01 01  210.47
1964 01 02  164.39
1964 01 03  147.80
1964 01 04  167.78
1964 01 05  189.13
1964 01 06  150.13
1964 01 07  106.61
1964 01 08  106.48
1964 01 09   91.29
1964 01 10   37.51
1964 01 11   42.30
1964 01 12  107.02
1964 01 13  148.49
1964 01 14  166.43
1964 01 15  176.35
1964 01 16  224.67
1964 01 17  240.11
1964 01 18  270.89
1964 01 19  333.18
1964 01 20  240.63
1964 01 21  117.64
1964 01 22   89.87
1964 01 23   97.67
1964 01 24   89.42
1964 01 25  131.79
1964 01 26  144.42
1964 01 27  111.52
1964 01 28  106.31
1964 01 29  143.28
1964 01 30  162.77
1964 01 31  159.53
1964 02 01  126.43
1964 02 02  165.38
1964 02 03  198.03
1964 02 04  153.15
1964 02 05   28.72
1964 02 06  -15.22
1964 02 07   34.98
1964 02 08   91.80
1964 02 09  170.95
1964 02 10  214.09
1964 02 11  182.40
1964 02 12  168.31
1964 02 13   95.81
1964 02 14   95.26
1964 02 15  103.44
1964 02 16  139.72
1964 02 17  154.26
1964 02 18   73.19
1964 02 19  -50.12
1964 02 20 -127.81
1964 02 21 -158.18
1964 02 22 -169.35
1964 02 23 -146.22
1964 02 24 -133.79
1964 02 25  -74.38
1964 02 26   21.03
1964 02 27  105.18
1964 02 28  165.65
1964 02 29  241.74
1964 03 01  270.01
1964 03 02  212.09
1964 03 03  149.50
1964 03 04  142.05
1964 03 05   62.93
1964 03 06   -7.21
1964 03 07   -0.78
1964 03 08   54.00
1964 03 09   91.42
1964 03 10  136.82
1964 03 11  182.22
1964 03 12  232.78
1964 03 13  251.03
1964 03 14  218.94
1964 03 15  127.45
1964 03 16   86.96
1964 03 17   55.42
1964 03 18  -22.03
1964 03 19  -49.77
1964 03 20  -51.39
1964 03 21  -90.42
1964 03 22 -120.18
1964 03 23 -130.25
1964 03 24 -131.74
1964 03 25 -125.09
1964 03 26 -115.01
1964 03 27 -120.94
1964 03 28 -131.93
1964 03 29 -132.41
1964 03 30  -31.37
1964 03 31  122.23
1964 04 01  161.73
1964 04 02   89.52
1964 04 03   31.57
1964 04 04  -32.41
1964 04 05 -118.95
1964 04 06 -141.90
1964 04 07 -127.16
1964 04 08  -38.48
1964 04 09   93.55
1964 04 10  208.81
1964 04 11  229.42
1964 04 12  210.53
1964 04 13  126.68
1964 04 14   62.56
1964 04 15   11.09
1964 04 16  -27.78
1964 04 17  -90.66
1964 04 18  -87.83
1964 04 19  -56.95
1964 04 20  -27.01
1964 04 21  -22.39
1964 04 22  -86.31
1964 04 23  -97.10
1964 04 24  -22.21
1964 04 25   77.20
1964 04 26  119.62
1964 04 27  145.52
1964 04 28  137.02
1964 04 29  208.43
1964 04 30  201.77
1964 05 01  126.93
1964 05 02   36.06
1964 05 03  -32.12
1964 05 04  -17.37
1964 05 05  -19.25
1964 05 06  -37.05
1964 05 07   -5.79
1964 05 08   63.10
1964 05 09   96.93
1964 05 10  101.40
1964 05 11   98.65
1964 05 12   72.50
1964 05 13   18.83
1964 05 14   12.56
1964 05 15   83.55
1964 05 16   98.68
1964 05 17   55.55
1964 05 18   12.05
1964 05 19   -3.10
1964 05 20   24.09
1964 05 21   35.43
1964 05 22   27.13
1964 05 23   29.75
1964 05 24   16.74
1964 05 25   -3.89
1964 05 26  -63.59
1964 05 27  -92.27
1964 05 28 -152.55
1964 05 29 -221.76
1964 05 30 -224.11
1964 05 31 -192.16
1964 06 01 -155.58
1964 06 02 -108.71
1964 06 03  -61.15
1964 06 04  -43.97
1964 06 05  -14.69
1964 06 06   -6.98
1964 06 07  -43.87
1964 06 08  -90.64
1964 06 09 -106.20
1964 06 10  -61.46
1964 06 11  -54.00
1964 06 12  -51.73
1964 06 13  -25.16
1964 06 14   -1.53
1964 06 15   23.80
1964 06 16   44.45
1964 06 17   48.07
1964 06 18   58.71
1964 06 19   67.04
1964 06 20   58.37
1964 06 21   62.63
1964 06 22   55.81
1964 06 23   30.38
1964 06 24    6.50
1964 06 25    7.39
1964 06 26   19.41
1964 06 27   37.69
1964 06 28   30.81
1964 06 29    3.76
1964 06 30   24.97
1964 07 01   66.57
1964 07 02   88.00
1964 07 03  101.67
1964 07 04  105.72
1964 07 05  132.21
1964 07 06  101.29
1964 07 07   49.72
1964 07 08   54.17
1964 07 09   67.72
1964 07 10   52.16
1964 07 11   45.91
1964 07 12   47.67
1964 07 13   50.67
1964 07 14   43.13
1964 07 15   51.97
1964 07 16   41.69
1964 07 17   20.35
1964 07 18   37.63
1964 07 19   51.24
1964 07 20   68.41
1964 07 21   96.75
1964 07 22  100.27
1964 07 23   69.74
1964 07 24  -14.11
1964 07 25  -64.21
1964 07 26  -61.16
1964 07 27  -55.33
1964 07 28  -40.07
1964 07 29  -15.72
1964 07 30   15.31
1964 07 31   44.99
1964 08 01   75.12
1964 08 02   73.40
1964 08 03   53.46
1964 08 04   51.98
1964 08 05   40.99
1964 08 06   11.02
1964 08 07   37.28
1964 08 08   54.38
1964 08 09   88.98
1964 08 10   56.73
1964 08 11   31.39
1964 08 12   66.35
1964 08 13   89.60
1964 08 14  106.30
1964 08 15  118.89
1964 08 16  111.94
1964 08 17   88.58
1964 08 18   80.79
1964 08 19   54.70
1964 08 20    2.48
1964 08 21  -35.82
1964 08 22  -78.34
1964 08 23  -90.83
1964 08 24  -52.85
1964 08 25  -13.07
1964 08 26   24.87
1964 08 27   48.53
1964 08 28   63.15
1964 08 29   19.02
1964 08 30  -60.56
1964 08 31  -83.33
1964 09 01  -89.48
1964 09 02 -105.24
1964 09 03 -135.11
1964 09 04 -156.59
1964 09 05 -143.04
1964 09 06 -125.73
1964 09 07 -121.71
1964 09 08 -149.41
1964 09 09 -147.98
1964 09 10 -144.98
1964 09 11 -111.99
1964 09 12  -39.24
1964 09 13   45.01
1964 09 14  120.63
1964 09 15  146.94
1964 09 16  120.97
1964 09 17  108.71
1964 09 18  102.31
1964 09 19   91.06
1964 09 20   75.71
1964 09 21  106.76
1964 09 22   54.12
1964 09 23  -70.31
1964 09 24 -124.14
1964 09 25 -109.91
1964 09 26  -78.40
1964 09 27  -25.19
1964 09 28   29.66
1964 09 29  155.73
1964 09 30  240.43
1964 10 01  230.84
1964 10 02  176.81
1964 10 03   42.36
1964 10 04 -102.92
1964 10 05 -152.23
1964 10 06 -115.31
1964 10 07  -86.66
1964 10 08  -44.15
1964 10 09   -9.13
1964 10 10  -34.65
1964 10 11  -32.05
1964 10 12   -2.63
1964 10 13   94.53
1964 10 14  161.94
1964 10 15  144.22
1964 10 16   77.05
1964 10 17   -1.96
1964 10 18 -102.21
1964 10 19 -147.30
1964 10 20 -159.90
1964 10 21 -124.36
1964 10 22 -119.20
1964 10 23  -82.91
1964 10 24    9.13
1964 10 25   28.05
1964 10 26    5.02
1964 10 27   43.33
1964 10 28  143.16
1964 10 29   96.77
1964 10 30   46.13
1964 10 31  114.49
1964 11 01  248.86
1964 11 02  245.03
1964 11 03  166.75
1964 11 04  103.41
1964 11 05  107.55
1964 11 06  116.02
1964 11 07   45.26
1964 11 08   83.85
1964 11 09  169.79
1964 11 10  170.07
1964 11 11  184.77
1964 11 12  103.11
1964 11 13   12.01
1964 11 14  -29.81
1964 11 15 -107.71
1964 11 16 -168.08
1964 11 17 -195.76
1964 11 18 -234.96
1964 11 19 -262.52
1964 11 20 -260.24
1964 11 21 -219.36
1964 11 22 -158.28
1964 11 23 -107.77
1964 11 24  -67.05
1964 11 25  -49.23
1964 11 26  -53.38
1964 11 27  -15.77
1964 11 28    4.29
1964 11 29  -11.76
1964 11 30   -0.60
1964 12 01   49.83
1964 12 02   66.89
1964 12 03   55.68
1964 12 04   75.51
1964 12 05   65.28
1964 12 06   50.75
1964 12 07  130.69
1964 12 08  186.98
1964 12 09  196.71
1964 12 10  162.82
1964 12 11   87.01
1964 12 12   15.05
1964 12 13  -54.55
1964 12 14  -86.09
1964 12 15  -94.49
1964 12 16 -134.00
1964 12 17 -190.69
1964 12 18 -220.32
1964 12 19 -194.89
1964 12 20 -138.05
1964 12 21 -133.37
1964 12 22  -22.93
1964 12 23   68.69
1964 12 24  119.06
1964 12 25  204.24
1964 12 26  225.27
1964 12 27  151.71
1964 12 28  129.89
1964 12 29  119.28
1964 12 30   69.14
1964 12 31   93.14
1965 01 01  131.45
1965 01 02   68.88
1965 01 03   31.60
1965 01 04   28.85
1965 01 05   15.89
1965 01 06   14.13
1965 01 07   55.99
1965 01 08   64.93
1965 01 09   55.59
1965 01 10   33.02
1965 01 11   41.85
1965 01 12   22.34
1965 01 13   17.35
1965 01 14  -33.28
1965 01 15  -99.84
1965 01 16 -102.64
1965 01 17 -139.56
1965 01 18  -93.41
1965 01 19  -20.87
1965 01 20   25.41
1965 01 21   44.94
1965 01 22   24.12
1965 01 23   29.18
1965 01 24   96.01
1965 01 25  102.15
1965 01 26   71.01
1965 01 27   91.07
1965 01 28   81.74
1965 01 29   48.09
1965 01 30   -8.11
1965 01 31  -86.05
1965 02 01 -178.11
1965 02 02 -146.01
1965 02 03  -26.73
1965 02 04   87.31
1965 02 05   93.37
1965 02 06  102.55
1965 02 07  157.96
1965 02 08  161.91
1965 02 09  133.13
1965 02 10   49.77
1965 02 11   14.30
1965 02 12   37.37
1965 02 13  105.04
1965 02 14   75.35
1965 02 15  108.97
1965 02 16  118.34
1965 02 17   61.93
1965 02 18   16.79
1965 02 19   15.36
1965 02 20  -37.86
1965 02 21  -17.46
1965 02 22   55.51
1965 02 23  100.89
1965 02 24   55.60
1965 02 25   68.45
1965 02 26  100.82
1965 02 27  142.59
1965 02 28  119.79
1965 03 01   46.26
1965 03 02  -11.62
1965 03 03  -40.98
1965 03 04  -58.06
1965 03 05 -124.06
1965 03 06 -152.74
1965 03 07 -203.34
1965 03 08 -250.68
1965 03 09 -303.24
1965 03 10 -340.61
1965 03 11 -356.95
1965 03 12 -293.70
1965 03 13 -276.97
1965 03 14 -280.97
1965 03 15 -250.45
1965 03 16 -204.13
1965 03 17 -165.88
1965 03 18 -155.50
1965 03 19 -194.53
1965 03 20 -201.34
1965 03 21 -200.63
1965 03 22 -243.14
1965 03 23 -262.68
1965 03 24 -230.43
1965 03 25 -203.15
1965 03 26 -192.45
1965 03 27 -116.43
1965 03 28  -97.56
1965 03 29 -113.13
1965 03 30  -77.81
1965 03 31  -36.28
1965 04 01   17.30
1965 04 02   19.29
1965 04 03   17.57
1965 04 04  -13.78
1965 04 05  -44.20
1965 04 06    0.33
1965 04 07    1.45
1965 04 08   42.19
1965 04 09   64.94
1965 04 10   30.42
1965 04 11  -26.92
1965 04 12 -101.72
1965 04 13 -176.89
1965 04 14 -298.80
1965 04 15 -398.55
1965 04 16 -359.27
1965 04 17 -312.93
1965 04 18 -253.80
1965 04 19 -126.31
1965 04 20    3.15
1965 04 21  124.43
1965 04 22  173.12
1965 04 23  158.99
1965 04 24   87.06
1965 04 25   19.00
1965 04 26   16.25
1965 04 27   48.89
1965 04 28   68.48
1965 04 29   42.98
1965 04 30   29.40
1965 05 01   41.82
1965 05 02  106.51
1965 05 03  175.55
1965 05 04  141.53
1965 05 05   86.22
1965 05 06   61.69
1965 05 07   51.57
1965 05 08   43.12
1965 05 09   13.01
1965 05 10   27.81
1965 05 11   34.17
1965 05 12   83.13
1965 05 13   83.19
1965 05 14   60.48
1965 05 15   78.40
1965 05 16  113.22
1965 05 17   67.37
1965 05 18   19.07
1965 05 19   13.53
1965 05 20   29.62
1965 05 21   27.64
1965 05 22   16.59
1965 05 23   12.75
1965 05 24   16.19
1965 05 25   17.58
1965 05 26  -22.57
1965 05 27  -57.14
1965 05 28  -64.90
1965 05 29  -51.02
1965 05 30   -5.08
1965 05 31   18.88
1965 06 01    9.22
1965 06 02   22.53
1965 06 03   26.60
1965 06 04    2.59
1965 06 05   -5.35
1965 06 06   11.82
1965 06 07   64.79
1965 06 08   57.95
1965 06 09   40.32
1965 06 10   57.92
1965 06 11   95.08
1965 06 12  103.61
1965 06 13  107.14
1965 06 14   93.17
1965 06 15   83.49
1965 06 16   80.51
1965 06 17   74.39
1965 06 18   87.40
1965 06 19  102.61
1965 06 20  129.27
1965 06 21   97.59
1965 06 22   68.36
1965 06 23   52.34
1965 06 24   47.07
1965 06 25   21.51
1965 06 26   14.66
1965 06 27  -12.08
1965 06 28  -34.02
1965 06 29  -44.63
1965 06 30  -33.90
1965 07 01    8.24
1965 07 02   18.62
1965 07 03   20.48
1965 07 04   29.12
1965 07 05   -3.08
1965 07 06  -42.10
1965 07 07  -61.14
1965 07 08  -85.14
1965 07 09 -117.36
1965 07 10 -132.74
1965 07 11 -111.55
1965 07 12  -70.86
1965 07 13  -26.10
1965 07 14   -5.40
1965 07 15   -1.32
1965 07 16  -16.19
1965 07 17   -9.20
1965 07 18   17.30
1965 07 19   35.74
1965 07 20   47.70
1965 07 21   61.07
1965 07 22   20.83
1965 07 23  -32.30
1965 07 24  -71.06
1965 07 25  -82.51
1965 07 26  -75.50
1965 07 27  -78.77
1965 07 28  -88.10
1965 07 29  -89.56
1965 07 30  -63.96
1965 07 31  -48.83
1965 08 01  -19.67
1965 08 02    8.45
1965 08 03   19.68
1965 08 04   13.14
1965 08 05   -2.83
1965 08 06  -14.72
1965 08 07  -28.60
1965 08 08  -27.48
1965 08 09  -25.43
1965 08 10   -5.49
1965 08 11   46.45
1965 08 12   62.56
1965 08 13   41.94
1965 08 14  -12.37
1965 08 15  -41.71
1965 08 16  -50.26
1965 08 17  -69.26
1965 08 18 -113.65
1965 08 19 -113.82
1965 08 20  -89.58
1965 08 21  -94.58
1965 08 22 -143.59
1965 08 23 -125.65
1965 08 24  -68.43
1965 08 25  -51.53
1965 08 26  -40.06
1965 08 27  -45.99
1965 08 28  -47.15
1965 08 29  -28.94
1965 08 30  -42.49
1965 08 31  -78.98
1965 09 01  -74.40
1965 09 02  -56.60
1965 09 03  -77.69
1965 09 04 -115.62
1965 09 05 -104.24
1965 09 06  -78.15
1965 09 07  -76.00
1965 09 08  -97.14
1965 09 09 -173.72
1965 09 10 -190.58
1965 09 11 -134.44
1965 09 12 -112.33
1965 09 13  -58.43
1965 09 14   -1.86
1965 09 15  -56.33
1965 09 16 -165.66
1965 09 17 -228.99
1965 09 18 -201.50
1965 09 19 -173.68
1965 09 20 -155.86
1965 09 21 -178.55
1965 09 22 -190.84
1965 09 23 -193.26
1965 09 24 -190.03
1965 09 25 -200.18
1965 09 26 -168.78
1965 09 27  -92.89
1965 09 28  -12.09
1965 09 29   56.38
1965 09 30  112.17
1965 10 01  139.68
1965 10 02   97.83
1965 10 03  131.31
1965 10 04  165.79
1965 10 05  240.83
1965 10 06  205.58
1965 10 07  118.38
1965 10 08  117.78
1965 10 09   77.00
1965 10 10   -4.98
1965 10 11  -30.37
1965 10 12   57.31
1965 10 13  110.80
1965 10 14  150.18
1965 10 15  187.75
1965 10 16  238.28
1965 10 17  242.06
1965 10 18  186.71
1965 10 19  127.46
1965 10 20   19.94
1965 10 21  -76.87
1965 10 22 -125.18
1965 10 23  -61.91
1965 10 24  -41.56
1965 10 25  -96.08
1965 10 26  -74.13
1965 10 27   15.47
1965 10 28   97.41
1965 10 29   86.85
1965 10 30    4.75
1965 10 31  -26.47
1965 11 01   65.26
1965 11 02   34.67
1965 11 03  -27.31
1965 11 04  -36.42
1965 11 05 -137.28
1965 11 06 -216.20
1965 11 07 -271.63
1965 11 08 -275.26
1965 11 09 -234.16
1965 11 10 -196.56
1965 11 11 -201.16
1965 11 12 -245.79
1965 11 13 -266.58
1965 11 14 -240.39
1965 11 15 -146.24
1965 11 16 -146.09
1965 11 17 -168.70
1965 11 18 -187.29
1965 11 19 -142.17
1965 11 20  -23.14
1965 11 21   55.32
1965 11 22  -28.39
1965 11 23 -145.06
1965 11 24 -133.01
1965 11 25  -25.64
1965 11 26   89.01
1965 11 27  109.27
1965 11 28   55.32
1965 11 29   73.60
1965 11 30  103.10
1965 12 01   83.35
1965 12 02   52.42
1965 12 03  112.76
1965 12 04  202.08
1965 12 05  145.04
1965 12 06   80.51
1965 12 07   61.48
1965 12 08   14.45
1965 12 09    0.02
1965 12 10  -20.76
1965 12 11  -72.95
1965 12 12 -108.26
1965 12 13 -143.93
1965 12 14  -85.21
1965 12 15  -69.93
1965 12 16  -35.03
1965 12 17   -8.79
1965 12 18    7.17
1965 12 19   96.15
1965 12 20  107.13
1965 12 21  115.45
1965 12 22  124.42
1965 12 23   84.12
1965 12 24   13.33
1965 12 25  -21.90
1965 12 26  -98.23
1965 12 27 -170.36
1965 12 28 -114.76
1965 12 29   21.48
1965 12 30   66.26
1965 12 31   91.82
1966 01 01   97.34
1966 01 02   37.48
1966 01 03   27.44
1966 01 04   74.95
1966 01 05   89.06
1966 01 06   73.87
1966 01 07   33.62
1966 01 08   81.72
1966 01 09   60.78
1966 01 10   48.65
1966 01 11   95.60
1966 01 12  111.95
1966 01 13  149.95
1966 01 14  120.28
1966 01 15   -2.56
1966 01 16  -74.77
1966 01 17 -109.88
1966 01 18 -133.77
1966 01 19 -129.73
1966 01 20 -107.77
1966 01 21  -74.72
1966 01 22  -49.51
1966 01 23   -7.08
1966 01 24  -36.14
1966 01 25  -80.07
1966 01 26  -91.51
1966 01 27  -83.68
1966 01 28  -53.90
1966 01 29  -17.04
1966 01 30   23.37
1966 01 31   58.40
1966 02 01  -49.94
1966 02 02 -134.52
1966 02 03 -137.97
1966 02 04  -58.85
1966 02 05   22.26
1966 02 06   62.30
1966 02 07  120.16
1966 02 08  188.21
1966 02 09  190.10
1966 02 10  134.29
1966 02 11   45.00
1966 02 12  -46.89
1966 02 13 -134.74
1966 02 14 -138.21
1966 02 15 -108.80
1966 02 16 -124.84
1966 02 17  -86.73
1966 02 18  -43.56
1966 02 19  -55.27
1966 02 20  -83.77
1966 02 21  -90.27
1966 02 22   -6.37
1966 02 23   52.64
1966 02 24   65.56
1966 02 25  139.03
1966 02 26  223.47
1966 02 27  191.06
1966 02 28  104.08
1966 03 01   64.55
1966 03 02   95.57
1966 03 03   86.50
1966 03 04   18.01
1966 03 05  -11.17
1966 03 06   -0.15
1966 03 07   60.52
1966 03 08  108.08
1966 03 09  176.73
1966 03 10  191.48
1966 03 11  121.70
1966 03 12  102.82
1966 03 13  131.81
1966 03 14  148.11
1966 03 15  121.73
1966 03 16   71.46
1966 03 17    9.25
1966 03 18   15.26
1966 03 19   78.94
1966 03 20  104.07
1966 03 21   67.30
1966 03 22   47.80
1966 03 23   36.36
1966 03 24   18.95
1966 03 25  -35.28
1966 03 26  -65.26
1966 03 27  -44.96
1966 03 28    4.86
1966 03 29   55.47
1966 03 30   75.91
1966 03 31   41.18
1966 04 01   49.61
1966 04 02  -16.41
1966 04 03 -128.09
1966 04 04 -218.86
1966 04 05 -279.78
1966 04 06 -308.87
1966 04 07 -333.54
1966 04 08 -329.60
1966 04 09 -273.42
1966 04 10 -172.15
1966 04 11  -88.96
1966 04 12   -9.36
1966 04 13   25.10
1966 04 14   37.02
1966 04 15  -22.88
1966 04 16 -134.16
1966 04 17 -205.27
1966 04 18 -232.77
1966 04 19 -212.86
1966 04 20 -117.26
1966 04 21  -19.02
1966 04 22   51.17
1966 04 23   55.88
1966 04 24   21.19
1966 04 25  -22.78
1966 04 26  -36.31
1966 04 27  -61.67
1966 04 28  -63.79
1966 04 29   -8.09
1966 04 30   61.33
1966 05 01   27.84
1966 05 02   -3.69
1966 05 03   63.15
1966 05 04   64.43
1966 05 05   12.05
1966 05 06   -7.18
1966 05 07   -4.86
1966 05 08   14.97
1966 05 09   13.16
1966 05 10   19.76
1966 05 11    7.31
1966 05 12   12.21
1966 05 13   45.72
1966 05 14  143.29
1966 05 15  172.62
1966 05 16  156.15
1966 05 17   45.84
1966 05 18  -10.21
1966 05 19   54.62
1966 05 20  121.19
1966 05 21  133.21
1966 05 22  186.75
1966 05 23  178.30
1966 05 24  129.03
1966 05 25  114.67
1966 05 26  108.33
1966 05 27   67.96
1966 05 28   18.05
1966 05 29  -28.21
1966 05 30  -65.44
1966 05 31  -81.43
1966 06 01  -98.28
1966 06 02 -129.64
1966 06 03 -140.31
1966 06 04 -123.22
1966 06 05 -142.05
1966 06 06 -135.82
1966 06 07  -99.08
1966 06 08  -48.07
1966 06 09   35.45
1966 06 10  114.54
1966 06 11  107.61
1966 06 12   52.97
1966 06 13   -2.12
1966 06 14  -38.70
1966 06 15  -44.74
1966 06 16    3.69
1966 06 17   57.93
1966 06 18   82.85
1966 06 19   77.54
1966 06 20   88.61
1966 06 21  113.70
1966 06 22  120.93
1966 06 23  100.84
1966 06 24   73.69
1966 06 25   78.57
1966 06 26  112.24
1966 06 27  124.95
1966 06 28  115.78
1966 06 29   89.43
1966 06 30   52.47
1966 07 01   18.92
1966 07 02   32.16
1966 07 03   17.03
1966 07 04  -19.79
1966 07 05  -59.10
1966 07 06  -95.49
1966 07 07 -105.38
1966 07 08  -47.31
1966 07 09  -11.68
1966 07 10  -12.35
1966 07 11  -66.55
1966 07 12  -95.25
1966 07 13  -70.78
1966 07 14  -27.38
1966 07 15   23.13
1966 07 16   38.54
1966 07 17   16.05
1966 07 18   -0.31
1966 07 19   10.51
1966 07 20    9.10
1966 07 21   -0.84
1966 07 22  -19.93
1966 07 23  -74.35
1966 07 24 -119.42
1966 07 25 -106.52
1966 07 26  -76.52
1966 07 27  -35.43
1966 07 28    6.82
1966 07 29   43.58
1966 07 30   72.92
1966 07 31   92.06
1966 08 01   97.52
1966 08 02  104.58
1966 08 03  109.88
1966 08 04  105.45
1966 08 05   88.33
1966 08 06   52.17
1966 08 07   51.69
1966 08 08   88.72
1966 08 09  100.92
1966 08 10   87.40
1966 08 11   71.69
1966 08 12   97.38
1966 08 13  128.05
1966 08 14  171.40
1966 08 15  165.30
1966 08 16  143.76
1966 08 17   92.88
1966 08 18   27.80
1966 08 19  -10.06
1966 08 20   -5.71
1966 08 21   -2.60
1966 08 22  -10.98
1966 08 23  -46.44
1966 08 24  -72.77
1966 08 25  -63.67
1966 08 26  -35.96
1966 08 27  -11.25
1966 08 28   23.71
1966 08 29   47.78
1966 08 30   64.46
1966 08 31   78.67
1966 09 01   83.17
1966 09 02   69.29
1966 09 03   57.87
1966 09 04   52.33
1966 09 05   41.86
1966 09 06   31.97
1966 09 07   45.43
1966 09 08   47.09
1966 09 09   31.14
1966 09 10   37.12
1966 09 11   66.78
1966 09 12   58.44
1966 09 13   16.21
1966 09 14    1.21
1966 09 15   60.84
1966 09 16   96.15
1966 09 17   91.95
1966 09 18  138.14
1966 09 19  202.46
1966 09 20  127.19
1966 09 21  -38.58
1966 09 22 -164.26
1966 09 23 -165.48
1966 09 24 -107.87
1966 09 25  -28.14
1966 09 26   52.93
1966 09 27   87.70
1966 09 28   19.70
1966 09 29  -92.23
1966 09 30 -122.71
1966 10 01  -72.24
1966 10 02  -68.36
1966 10 03  -42.83
1966 10 04    0.14
1966 10 05   44.64
1966 10 06   79.62
1966 10 07  149.62
1966 10 08  149.76
1966 10 09   81.98
1966 10 10    1.63
1966 10 11  -41.39
1966 10 12  -16.74
1966 10 13   31.60
1966 10 14   39.29
1966 10 15   45.12
1966 10 16   77.88
1966 10 17   69.65
1966 10 18  122.99
1966 10 19  195.52
1966 10 20  191.60
1966 10 21  193.76
1966 10 22  162.49
1966 10 23  116.97
1966 10 24   77.02
1966 10 25   31.47
1966 10 26   50.05
1966 10 27   64.76
1966 10 28   68.95
1966 10 29  111.26
1966 10 30   55.07
1966 10 31  -32.98
1966 11 01   44.27
1966 11 02   17.16
1966 11 03  -99.85
1966 11 04 -162.79
1966 11 05 -153.16
1966 11 06 -145.83
1966 11 07 -147.21
1966 11 08  -55.66
1966 11 09   41.43
1966 11 10   52.33
1966 11 11   52.62
1966 11 12   32.68
1966 11 13  -60.77
1966 11 14  -90.70
1966 11 15 -104.61
1966 11 16 -171.93
1966 11 17 -230.40
1966 11 18 -199.23
1966 11 19 -127.18
1966 11 20 -100.13
1966 11 21 -112.56
1966 11 22 -106.60
1966 11 23  -63.99
1966 11 24   24.38
1966 11 25  114.90
1966 11 26  149.41
1966 11 27   15.10
1966 11 28 -142.34
1966 11 29 -246.59
1966 11 30 -305.39
1966 12 01 -214.96
1966 12 02  -62.24
1966 12 03  -11.54
1966 12 04  -38.54
1966 12 05   14.98
1966 12 06   81.54
1966 12 07   96.42
1966 12 08   49.22
1966 12 09   30.68
1966 12 10   -8.62
1966 12 11  -21.12
1966 12 12   16.17
1966 12 13   47.43
1966 12 14   28.53
1966 12 15   -4.77
1966 12 16   32.14
1966 12 17   61.32
1966 12 18   20.56
1966 12 19   -2.98
1966 12 20   34.53
1966 12 21  -10.38
1966 12 22  -63.37
1966 12 23  -42.54
1966 12 24  -34.14
1966 12 25  -91.98
1966 12 26  -85.41
1966 12 27  -33.28
1966 12 28    2.76
1966 12 29   28.29
1966 12 30   66.47
1966 12 31  135.02
1967 01 01  159.79
1967 01 02  170.67
1967 01 03  138.28
1967 01 04   16.06
1967 01 05   38.81
1967 01 06  107.83
1967 01 07  170.62
1967 01 08  114.18
1967 01 09  -25.26
1967 01 10   67.92
1967 01 11  226.99
1967 01 12  214.20
1967 01 13  159.30
1967 01 14   94.98
1967 01 15  103.05
1967 01 16   24.97
1967 01 17    0.02
1967 01 18   94.55
1967 01 19  206.35
1967 01 20  210.95
1967 01 21  133.80
1967 01 22   79.03
1967 01 23   50.58
1967 01 24   -9.22
1967 01 25  -74.04
1967 01 26  -55.40
1967 01 27  -13.64
1967 01 28   45.58
1967 01 29   96.38
1967 01 30  142.01
1967 01 31  156.16
1967 02 01  171.27
1967 02 02  224.18
1967 02 03  190.41
1967 02 04   93.99
1967 02 05   -4.36
1967 02 06  -10.44
1967 02 07   10.50
1967 02 08  103.68
1967 02 09  178.96
1967 02 10  147.69
1967 02 11  187.21
1967 02 12  232.93
1967 02 13  184.99
1967 02 14  143.67
1967 02 15   79.58
1967 02 16   70.12
1967 02 17   94.63
1967 02 18   85.60
1967 02 19  -27.65
1967 02 20  -80.41
1967 02 21  -85.66
1967 02 22   -0.83
1967 02 23   51.57
1967 02 24   70.20
1967 02 25  124.97
1967 02 26   91.74
1967 02 27   69.86
1967 02 28  105.36
1967 03 01   75.84
1967 03 02  -52.95
1967 03 03 -183.34
1967 03 04 -220.43
1967 03 05 -188.02
1967 03 06 -177.08
1967 03 07  -90.78
1967 03 08    1.97
1967 03 09  -31.84
1967 03 10 -149.31
1967 03 11 -216.15
1967 03 12 -214.83
1967 03 13 -218.94
1967 03 14 -270.02
1967 03 15 -334.34
1967 03 16 -297.45
1967 03 17 -171.07
1967 03 18  -79.54
1967 03 19  -20.51
1967 03 20   13.39
1967 03 21    0.27
1967 03 22   27.39
1967 03 23   91.62
1967 03 24   91.93
1967 03 25   67.14
1967 03 26  110.05
1967 03 27  154.29
1967 03 28  115.15
1967 03 29   78.64
1967 03 30    0.43
1967 03 31 -110.98
1967 04 01 -157.88
1967 04 02 -172.47
1967 04 03 -199.92
1967 04 04 -205.74
1967 04 05 -158.27
1967 04 06 -134.06
1967 04 07 -101.08
1967 04 08  -28.72
1967 04 09  -30.51
1967 04 10  -58.79
1967 04 11   16.03
1967 04 12   70.02
1967 04 13   22.52
1967 04 14  -20.53
1967 04 15  -26.55
1967 04 16  -95.48
1967 04 17 -187.08
1967 04 18 -219.48
1967 04 19 -200.99
1967 04 20 -165.61
1967 04 21 -102.28
1967 04 22  -64.08
1967 04 23  -26.38
1967 04 24  -31.73
1967 04 25  -48.68
1967 04 26 -104.11
1967 04 27 -144.34
1967 04 28 -153.81
1967 04 29 -171.33
1967 04 30 -180.78
1967 05 01 -223.06
1967 05 02 -209.80
1967 05 03 -168.38
1967 05 04 -105.79
1967 05 05  -28.60
1967 05 06   -4.24
1967 05 07  -71.51
1967 05 08 -123.85
1967 05 09 -140.75
1967 05 10 -115.16
1967 05 11  -98.40
1967 05 12  -64.84
1967 05 13  -25.42
1967 05 14    8.56
1967 05 15   28.16
1967 05 16   37.42
1967 05 17   56.42
1967 05 18   43.05
1967 05 19   16.21
1967 05 20   29.44
1967 05 21   44.90
1967 05 22   56.07
1967 05 23   68.88
1967 05 24   60.87
1967 05 25   43.22
1967 05 26   65.71
1967 05 27  113.70
1967 05 28  119.37
1967 05 29   85.31
1967 05 30   43.22
1967 05 31  -25.89
1967 06 01  -78.99
1967 06 02 -119.59
1967 06 03 -126.80
1967 06 04 -119.25
1967 06 05 -108.68
1967 06 06  -86.46
1967 06 07  -99.32
1967 06 08 -118.65
1967 06 09  -91.85
1967 06 10  -49.60
1967 06 11  -39.25
1967 06 12  -32.22
1967 06 13  -30.90
1967 06 14  -64.67
1967 06 15  -85.72
1967 06 16 -114.96
1967 06 17 -117.85
1967 06 18  -99.19
1967 06 19  -93.40
1967 06 20 -105.25
1967 06 21 -136.40
1967 06 22 -143.48
1967 06 23 -112.11
1967 06 24  -42.61
1967 06 25   -2.67
1967 06 26   69.06
1967 06 27  138.32
1967 06 28  159.89
1967 06 29  107.97
1967 06 30   21.94
1967 07 01  -34.63
1967 07 02  -48.50
1967 07 03  -16.44
1967 07 04   34.00
1967 07 05   65.58
1967 07 06  110.77
1967 07 07   85.44
1967 07 08   40.75
1967 07 09   11.85
1967 07 10  -41.65
1967 07 11  -77.90
1967 07 12  -59.99
1967 07 13  -53.49
1967 07 14  -45.16
1967 07 15  -57.95
1967 07 16  -28.36
1967 07 17   49.99
1967 07 18   72.39
1967 07 19   51.92
1967 07 20   47.48
1967 07 21   15.06
1967 07 22  -57.33
1967 07 23 -106.89
1967 07 24 -122.16
1967 07 25  -94.00
1967 07 26  -36.80
1967 07 27    8.85
1967 07 28    9.27
1967 07 29   -2.67
1967 07 30   -4.16
1967 07 31    2.53
1967 08 01   -7.95
1967 08 02  -30.08
1967 08 03  -19.97
1967 08 04   13.74
1967 08 05    6.74
1967 08 06    1.69
1967 08 07   31.70
1967 08 08   41.75
1967 08 09   60.69
1967 08 10   70.21
1967 08 11   57.31
1967 08 12   32.72
1967 08 13   -4.25
1967 08 14  -23.28
1967 08 15  -55.79
1967 08 16  -70.80
1967 08 17  -78.21
1967 08 18  -46.49
1967 08 19   -7.02
1967 08 20   19.95
1967 08 21   36.48
1967 08 22   15.82
1967 08 23   23.31
1967 08 24   35.02
1967 08 25   17.82
1967 08 26   30.65
1967 08 27   35.86
1967 08 28   -3.50
1967 08 29  -56.35
1967 08 30  -39.31
1967 08 31   15.67
1967 09 01   68.91
1967 09 02  136.87
1967 09 03  133.00
1967 09 04   75.16
1967 09 05   91.18
1967 09 06  121.40
1967 09 07   94.55
1967 09 08   92.73
1967 09 09  115.77
1967 09 10  147.89
1967 09 11  169.39
1967 09 12  133.14
1967 09 13  111.97
1967 09 14   67.26
1967 09 15   20.41
1967 09 16  -23.05
1967 09 17  -29.27
1967 09 18   25.57
1967 09 19   40.31
1967 09 20   -5.91
1967 09 21   20.06
1967 09 22   59.85
1967 09 23   26.07
1967 09 24   14.27
1967 09 25   21.59
1967 09 26   -2.88
1967 09 27    8.61
1967 09 28   48.93
1967 09 29   87.40
1967 09 30  107.67
1967 10 01  103.91
1967 10 02   17.59
1967 10 03  -61.46
1967 10 04  -81.48
1967 10 05  -61.89
1967 10 06  -49.39
1967 10 07  -37.19
1967 10 08   29.94
1967 10 09   74.67
1967 10 10   85.48
1967 10 11  102.95
1967 10 12  101.14
1967 10 13  106.27
1967 10 14   79.25
1967 10 15   56.29
1967 10 16    6.96
1967 10 17  -51.57
1967 10 18   34.44
1967 10 19  120.90
1967 10 20  150.07
1967 10 21  203.48
1967 10 22  205.98
1967 10 23  134.75
1967 10 24   76.63
1967 10 25  119.90
1967 10 26  141.23
1967 10 27  219.29
1967 10 28  227.74
1967 10 29  136.15
1967 10 30  101.82
1967 10 31   56.87
1967 11 01  -25.59
1967 11 02  -95.40
1967 11 03 -121.59
1967 11 04 -147.69
1967 11 05 -161.77
1967 11 06  -99.55
1967 11 07  -26.09
1967 11 08   31.68
1967 11 09  120.34
1967 11 10  118.75
1967 11 11  -43.49
1967 11 12 -225.26
1967 11 13 -211.06
1967 11 14 -107.67
1967 11 15   20.17
1967 11 16   16.40
1967 11 17  -36.26
1967 11 18  -84.51
1967 11 19 -137.68
1967 11 20 -206.42
1967 11 21 -183.29
1967 11 22  -66.73
1967 11 23   33.99
1967 11 24   55.45
1967 11 25  -17.63
1967 11 26  -11.03
1967 11 27    0.79
1967 11 28  101.78
1967 11 29  136.03
1967 11 30  150.17
1967 12 01  171.13
1967 12 02  199.45
1967 12 03  276.95
1967 12 04  283.20
1967 12 05  279.14
1967 12 06  218.13
1967 12 07  151.76
1967 12 08  104.59
1967 12 09   69.10
1967 12 10   76.35
1967 12 11  -10.59
1967 12 12 -212.52
1967 12 13 -254.26
1967 12 14 -184.08
1967 12 15 -132.60
1967 12 16  -95.91
1967 12 17  -68.14
1967 12 18 -126.29
1967 12 19 -171.61
1967 12 20 -143.22
1967 12 21  -66.54
1967 12 22  -14.02
1967 12 23  -38.50
1967 12 24 -134.87
1967 12 25 -203.30
1967 12 26 -245.21
1967 12 27 -245.68
1967 12 28 -285.89
1967 12 29 -315.28
1967 12 30 -251.90
1967 12 31 -163.12
1968 01 01 -154.25
1968 01 02 -138.35
1968 01 03 -121.67
1968 01 04  -87.97
1968 01 05 -131.79
1968 01 06 -167.61
1968 01 07 -141.73
1968 01 08  -78.43
1968 01 09  -74.72
1968 01 10  -32.75
1968 01 11    2.06
1968 01 12  -18.54
1968 01 13    4.91
1968 01 14   66.84
1968 01 15  114.82
1968 01 16  139.98
1968 01 17  157.87
1968 01 18  193.06
1968 01 19  200.65
1968 01 20  177.24
1968 01 21  118.07
1968 01 22   53.88
1968 01 23   60.38
1968 01 24   10.33
1968 01 25 -166.16
1968 01 26 -273.19
1968 01 27 -255.56
1968 01 28 -212.67
1968 01 29 -195.17
1968 01 30  -88.98
1968 01 31   26.12
1968 02 01   80.23
1968 02 02  190.94
1968 02 03  298.42
1968 02 04  281.03
1968 02 05  137.35
1968 02 06    1.25
1968 02 07  -81.50
1968 02 08 -115.04
1968 02 09 -151.92
1968 02 10 -222.01
1968 02 11 -285.46
1968 02 12 -342.33
1968 02 13 -355.76
1968 02 14 -390.90
1968 02 15 -365.78
1968 02 16 -341.47
1968 02 17 -208.19
1968 02 18  -36.87
1968 02 19   35.69
1968 02 20   57.13
1968 02 21   79.59
1968 02 22   79.76
1968 02 23   76.09
1968 02 24   18.32
1968 02 25  -67.31
1968 02 26 -151.71
1968 02 27 -191.94
1968 02 28 -152.70
1968 02 29  -90.91
1968 03 01    0.59
1968 03 02   19.63
1968 03 03   15.57
1968 03 04   54.06
1968 03 05   92.29
1968 03 06   96.30
1968 03 07   44.83
1968 03 08   -0.88
1968 03 09  -31.13
1968 03 10  -89.52
1968 03 11  -96.48
1968 03 12  -78.44
1968 03 13  -65.49
1968 03 14  -86.36
1968 03 15  -96.73
1968 03 16  -51.06
1968 03 17    1.85
1968 03 18   -9.16
1968 03 19  -62.96
1968 03 20  -83.60
1968 03 21  -59.50
1968 03 22   29.58
1968 03 23   80.54
1968 03 24  109.87
1968 03 25  124.49
1968 03 26  157.11
1968 03 27  131.95
1968 03 28   51.03
1968 03 29  -17.81
1968 03 30  -46.92
1968 03 31  -51.94
1968 04 01  -36.74
1968 04 02   24.61
1968 04 03   65.69
1968 04 04   62.19
1968 04 05   51.97
1968 04 06   43.18
1968 04 07   20.45
1968 04 08   44.73
1968 04 09   63.01
1968 04 10   41.79
1968 04 11  -10.29
1968 04 12  -10.66
1968 04 13   64.79
1968 04 14   91.47
1968 04 15   60.54
1968 04 16   28.22
1968 04 17   22.59
1968 04 18   36.71
1968 04 19    8.00
1968 04 20  -12.55
1968 04 21   -0.30
1968 04 22   40.64
1968 04 23   79.90
1968 04 24  106.61
1968 04 25  101.23
1968 04 26   64.47
1968 04 27   90.97
1968 04 28   85.50
1968 04 29  128.46
1968 04 30  139.21
1968 05 01  111.04
1968 05 02   30.49
1968 05 03  -61.19
1968 05 04  -93.78
1968 05 05  -20.47
1968 05 06   28.22
1968 05 07  -16.62
1968 05 08  -94.61
1968 05 09 -178.59
1968 05 10 -229.79
1968 05 11 -241.56
1968 05 12 -167.49
1968 05 13  -85.90
1968 05 14  -43.10
1968 05 15  -37.53
1968 05 16  -51.26
1968 05 17  -88.91
1968 05 18  -91.61
1968 05 19  -70.40
1968 05 20   -7.47
1968 05 21   26.33
1968 05 22   16.56
1968 05 23   38.72
1968 05 24   62.55
1968 05 25   65.86
1968 05 26   38.27
1968 05 27    1.93
1968 05 28  -14.12
1968 05 29    2.25
1968 05 30   31.84
1968 05 31   44.42
1968 06 01   85.14
1968 06 02  103.53
1968 06 03   86.52
1968 06 04   63.21
1968 06 05   37.56
1968 06 06   33.15
1968 06 07   44.79
1968 06 08   38.14
1968 06 09   33.67
1968 06 10   24.07
1968 06 11   -4.63
1968 06 12  -26.96
1968 06 13  -16.56
1968 06 14   -2.96
1968 06 15   25.61
1968 06 16   43.76
1968 06 17   50.36
1968 06 18   67.55
1968 06 19  103.04
1968 06 20  124.64
1968 06 21  112.27
1968 06 22   71.81
1968 06 23   40.17
1968 06 24   54.02
1968 06 25   89.08
1968 06 26  135.62
1968 06 27   98.81
1968 06 28   -0.23
1968 06 29  -77.41
1968 06 30  -89.68
1968 07 01  -81.42
1968 07 02  -75.36
1968 07 03  -41.26
1968 07 04  -10.81
1968 07 05    0.12
1968 07 06  -34.17
1968 07 07  -35.71
1968 07 08    4.51
1968 07 09   61.45
1968 07 10   69.93
1968 07 11   78.66
1968 07 12  135.06
1968 07 13  155.21
1968 07 14  133.39
1968 07 15   86.09
1968 07 16   32.34
1968 07 17  -13.21
1968 07 18  -21.90
1968 07 19  -23.45
1968 07 20  -27.58
1968 07 21  -39.48
1968 07 22  -48.25
1968 07 23  -63.62
1968 07 24  -74.82
1968 07 25  -84.73
1968 07 26  -79.71
1968 07 27  -46.27
1968 07 28  -18.59
1968 07 29  -39.43
1968 07 30  -54.14
1968 07 31  -56.18
1968 08 01  -43.24
1968 08 02  -46.59
1968 08 03  -41.09
1968 08 04  -52.84
1968 08 05  -74.24
1968 08 06 -106.44
1968 08 07 -139.20
1968 08 08 -138.04
1968 08 09 -112.73
1968 08 10  -79.24
1968 08 11  -17.48
1968 08 12   27.43
1968 08 13   46.89
1968 08 14   68.61
1968 08 15   54.60
1968 08 16   75.84
1968 08 17  107.86
1968 08 18   87.32
1968 08 19    5.21
1968 08 20   -4.70
1968 08 21   31.03
1968 08 22   45.77
1968 08 23   23.67
1968 08 24    2.16
1968 08 25   26.05
1968 08 26   62.09
1968 08 27   68.26
1968 08 28   55.95
1968 08 29   12.59
1968 08 30  -56.60
1968 08 31  -66.18
1968 09 01  -66.76
1968 09 02  -80.50
1968 09 03  -81.14
1968 09 04  -67.65
1968 09 05  -46.27
1968 09 06   -0.63
1968 09 07   32.81
1968 09 08   69.19
1968 09 09  103.88
1968 09 10  147.56
1968 09 11  145.83
1968 09 12  178.01
1968 09 13  220.49
1968 09 14  247.85
1968 09 15  197.69
1968 09 16  105.81
1968 09 17   43.75
1968 09 18  -18.81
1968 09 19  -44.12
1968 09 20  -37.69
1968 09 21  -34.59
1968 09 22  -18.30
1968 09 23    0.66
1968 09 24   23.05
1968 09 25   18.29
1968 09 26   33.00
1968 09 27   80.56
1968 09 28   87.01
1968 09 29   50.66
1968 09 30   28.70
1968 10 01   74.45
1968 10 02   97.95
1968 10 03  116.23
1968 10 04  145.97
1968 10 05  110.19
1968 10 06   36.98
1968 10 07  -33.87
1968 10 08  -60.11
1968 10 09  -33.44
1968 10 10    0.07
1968 10 11  -10.88
1968 10 12   30.98
1968 10 13  113.38
1968 10 14  162.56
1968 10 15  170.91
1968 10 16  125.48
1968 10 17  127.18
1968 10 18  129.49
1968 10 19  109.12
1968 10 20  107.67
1968 10 21  106.95
1968 10 22  110.35
1968 10 23   70.49
1968 10 24   41.56
1968 10 25   37.70
1968 10 26   28.67
1968 10 27   58.43
1968 10 28   73.41
1968 10 29   79.23
1968 10 30   84.69
1968 10 31   57.17
1968 11 01   46.19
1968 11 02   66.67
1968 11 03   49.41
1968 11 04  -22.42
1968 11 05  -29.43
1968 11 06  -15.13
1968 11 07   43.58
1968 11 08  155.07
1968 11 09  169.30
1968 11 10   99.79
1968 11 11   68.31
1968 11 12   66.84
1968 11 13   55.74
1968 11 14   56.45
1968 11 15   50.45
1968 11 16   28.14
1968 11 17   -1.78
1968 11 18   46.32
1968 11 19   38.66
1968 11 20   80.75
1968 11 21  104.01
1968 11 22  168.50
1968 11 23  101.22
1968 11 24    0.10
1968 11 25   12.00
1968 11 26   91.80
1968 11 27  112.85
1968 11 28  135.51
1968 11 29  254.09
1968 11 30  229.35
1968 12 01  183.81
1968 12 02  179.90
1968 12 03  201.50
1968 12 04  161.31
1968 12 05  145.15
1968 12 06  128.59
1968 12 07  182.15
1968 12 08  146.36
1968 12 09   26.48
1968 12 10    8.08
1968 12 11   27.69
1968 12 12    9.19
1968 12 13   22.98
1968 12 14   36.04
1968 12 15   -9.09
1968 12 16   39.46
1968 12 17   24.17
1968 12 18  -81.10
1968 12 19 -244.33
1968 12 20 -319.20
1968 12 21 -304.67
1968 12 22 -238.32
1968 12 23 -166.95
1968 12 24 -159.99
1968 12 25 -181.72
1968 12 26 -158.50
1968 12 27  -93.09
1968 12 28  -78.30
1968 12 29  -87.55
1968 12 30  -77.06
1968 12 31  -18.05
1969 01 01  100.83
1969 01 02  156.35
1969 01 03  179.73
1969 01 04  212.12
1969 01 05  158.76
1969 01 06   80.24
1969 01 07   50.47
1969 01 08   36.82
1969 01 09    6.66
1969 01 10    5.18
1969 01 11   14.23
1969 01 12   -8.56
1969 01 13  -14.33
1969 01 14    7.31
1969 01 15  -23.12
1969 01 16 -115.46
1969 01 17 -149.23
1969 01 18 -183.82
1969 01 19 -188.63
1969 01 20 -197.90
1969 01 21 -211.26
1969 01 22 -192.65
1969 01 23 -207.44
1969 01 24 -254.83
1969 01 25 -267.15
1969 01 26 -218.99
1969 01 27 -145.65
1969 01 28  -86.60
1969 01 29  -53.49
1969 01 30   13.20
1969 01 31  103.06
1969 02 01  146.78
1969 02 02  193.88
1969 02 03  204.27
1969 02 04  207.01
1969 02 05  206.90
1969 02 06  249.23
1969 02 07  263.86
1969 02 08  240.00
1969 02 09  299.18
1969 02 10  215.79
1969 02 11  172.81
1969 02 12  102.82
1969 02 13   42.12
1969 02 14   10.18
1969 02 15   -0.33
1969 02 16   -7.97
1969 02 17   -7.77
1969 02 18   22.31
1969 02 19   -8.25
1969 02 20   -1.53
1969 02 21   37.79
1969 02 22   36.03
1969 02 23  -21.13
1969 02 24  -95.67
1969 02 25  -66.64
1969 02 26  -55.22
1969 02 27  -58.38
1969 02 28  -36.48
1969 03 01  -11.58
1969 03 02   22.15
1969 03 03   60.77
1969 03 04   98.29
1969 03 05   65.86
1969 03 06  -24.65
1969 03 07  -79.77
1969 03 08 -152.34
1969 03 09 -197.98
1969 03 10 -183.96
1969 03 11 -173.44
1969 03 12 -155.59
1969 03 13 -154.12
1969 03 14 -108.26
1969 03 15    7.42
1969 03 16   34.08
1969 03 17   62.92
1969 03 18   72.72
1969 03 19   26.99
1969 03 20   55.36
1969 03 21   87.23
1969 03 22   94.49
1969 03 23   26.03
1969 03 24  -92.58
1969 03 25 -158.75
1969 03 26 -200.82
1969 03 27 -155.88
1969 03 28 -147.87
1969 03 29 -191.91
1969 03 30 -121.33
1969 03 31   46.53
1969 04 01   68.40
1969 04 02  114.12
1969 04 03  126.14
1969 04 04   27.19
1969 04 05    9.99
1969 04 06  -36.76
1969 04 07  -51.10
1969 04 08  -24.05
1969 04 09   12.66
1969 04 10   21.19
1969 04 11   -1.21
1969 04 12   34.51
1969 04 13   73.34
1969 04 14   43.19
1969 04 15   49.84
1969 04 16   72.08
1969 04 17  113.72
1969 04 18  204.78
1969 04 19  246.69
1969 04 20  187.74
1969 04 21  109.21
1969 04 22   64.34
1969 04 23   -1.28
1969 04 24   27.51
1969 04 25   25.58
1969 04 26   25.01
1969 04 27   26.01
1969 04 28   19.59
1969 04 29    9.87
1969 04 30   23.00
1969 05 01   51.97
1969 05 02   20.60
1969 05 03   57.48
1969 05 04  110.10
1969 05 05   91.00
1969 05 06   12.11
1969 05 07  -60.02
1969 05 08 -115.16
1969 05 09 -134.98
1969 05 10  -93.31
1969 05 11  -60.94
1969 05 12  -26.60
1969 05 13  -44.69
1969 05 14  -89.05
1969 05 15 -114.47
1969 05 16 -115.30
1969 05 17 -100.86
1969 05 18  -92.29
1969 05 19  -58.28
1969 05 20  -59.30
1969 05 21  -61.40
1969 05 22  -35.44
1969 05 23  -22.23
1969 05 24   23.28
1969 05 25   40.62
1969 05 26   59.03
1969 05 27  101.26
1969 05 28  117.84
1969 05 29  107.46
1969 05 30   68.45
1969 05 31   40.38
1969 06 01  -11.88
1969 06 02  -25.25
1969 06 03    8.42
1969 06 04   27.54
1969 06 05  -14.40
1969 06 06  -49.23
1969 06 07  -57.84
1969 06 08 -114.19
1969 06 09 -146.17
1969 06 10 -136.08
1969 06 11 -147.23
1969 06 12 -186.05
1969 06 13 -215.96
1969 06 14 -252.66
1969 06 15 -221.13
1969 06 16 -158.52
1969 06 17 -113.84
1969 06 18  -87.73
1969 06 19  -82.40
1969 06 20  -54.30
1969 06 21   -0.02
1969 06 22   60.18
1969 06 23   98.35
1969 06 24   90.90
1969 06 25   50.64
1969 06 26  -11.30
1969 06 27  -68.20
1969 06 28  -76.14
1969 06 29  -95.71
1969 06 30 -110.53
1969 07 01  -90.39
1969 07 02  -63.69
1969 07 03  -37.10
1969 07 04  -45.48
1969 07 05  -22.82
1969 07 06   -5.83
1969 07 07   17.98
1969 07 08   53.33
1969 07 09   98.95
1969 07 10  168.73
1969 07 11  201.75
1969 07 12  175.99
1969 07 13  131.30
1969 07 14   81.64
1969 07 15   48.12
1969 07 16   15.63
1969 07 17   13.37
1969 07 18    9.25
1969 07 19   35.59
1969 07 20   38.86
1969 07 21   32.61
1969 07 22   23.25
1969 07 23   21.53
1969 07 24   38.83
1969 07 25   52.75
1969 07 26   60.45
1969 07 27   33.84
1969 07 28   45.95
1969 07 29   48.03
1969 07 30   35.27
1969 07 31   14.55
1969 08 01    7.72
1969 08 02  -21.91
1969 08 03  -18.58
1969 08 04  -22.14
1969 08 05  -40.27
1969 08 06  -20.46
1969 08 07    9.80
1969 08 08   65.54
1969 08 09   77.32
1969 08 10  113.60
1969 08 11  142.78
1969 08 12  177.89
1969 08 13  206.24
1969 08 14  201.41
1969 08 15  196.41
1969 08 16  202.94
1969 08 17  177.32
1969 08 18  179.21
1969 08 19  169.86
1969 08 20  124.98
1969 08 21   75.30
1969 08 22   17.93
1969 08 23  -21.58
1969 08 24   -6.32
1969 08 25   10.23
1969 08 26   14.80
1969 08 27   25.08
1969 08 28   41.37
1969 08 29   36.93
1969 08 30   16.98
1969 08 31  -26.90
1969 09 01  -56.04
1969 09 02  -48.49
1969 09 03  -15.71
1969 09 04   -4.02
1969 09 05   21.40
1969 09 06   16.07
1969 09 07   37.84
1969 09 08   48.65
1969 09 09   19.57
1969 09 10   -6.27
1969 09 11    3.47
1969 09 12   41.12
1969 09 13   19.37
1969 09 14    9.46
1969 09 15   16.75
1969 09 16   27.75
1969 09 17   -3.46
1969 09 18  -13.89
1969 09 19   23.58
1969 09 20   32.95
1969 09 21   32.72
1969 09 22    7.62
1969 09 23   38.36
1969 09 24   50.07
1969 09 25   16.69
1969 09 26  -35.16
1969 09 27   -9.06
1969 09 28  -12.82
1969 09 29   36.61
1969 09 30   99.33
1969 10 01  112.94
1969 10 02   90.89
1969 10 03   58.04
1969 10 04   35.15
1969 10 05   -8.34
1969 10 06  -18.15
1969 10 07   49.55
1969 10 08  121.06
1969 10 09   97.37
1969 10 10  -61.37
1969 10 11 -131.89
1969 10 12 -170.31
1969 10 13 -193.24
1969 10 14 -196.80
1969 10 15 -201.67
1969 10 16 -206.16
1969 10 17 -152.25
1969 10 18 -114.78
1969 10 19 -107.99
1969 10 20 -104.97
1969 10 21 -154.32
1969 10 22 -177.34
1969 10 23 -204.64
1969 10 24 -268.74
1969 10 25 -276.10
1969 10 26 -231.74
1969 10 27 -134.00
1969 10 28  -43.34
1969 10 29   16.34
1969 10 30    1.53
1969 10 31  -35.35
1969 11 01    0.30
1969 11 02   86.22
1969 11 03  114.64
1969 11 04   54.10
1969 11 05   50.94
1969 11 06  118.58
1969 11 07   83.46
1969 11 08   85.19
1969 11 09   60.42
1969 11 10  -23.62
1969 11 11  -70.31
1969 11 12 -142.22
1969 11 13 -132.38
1969 11 14  -82.80
1969 11 15  -43.29
1969 11 16   -7.07
1969 11 17    9.66
1969 11 18  -18.06
1969 11 19  -33.39
1969 11 20   -3.39
1969 11 21   54.12
1969 11 22   40.52
1969 11 23   45.24
1969 11 24   -5.78
1969 11 25  -18.58
1969 11 26    0.32
1969 11 27   -0.92
1969 11 28    8.43
1969 11 29   23.14
1969 11 30   -5.26
1969 12 01   -7.72
1969 12 02   35.78
1969 12 03   38.59
1969 12 04  -47.23
1969 12 05  -41.34
1969 12 06   22.70
1969 12 07   66.09
1969 12 08   84.35
1969 12 09   64.57
1969 12 10   41.76
1969 12 11   34.08
1969 12 12   75.36
1969 12 13   11.97
1969 12 14  -23.36
1969 12 15  -98.40
1969 12 16 -110.15
1969 12 17 -149.86
1969 12 18 -153.52
1969 12 19 -182.21
1969 12 20 -120.83
1969 12 21  -49.65
1969 12 22   60.12
1969 12 23  147.54
1969 12 24  142.59
1969 12 25  108.51
1969 12 26   45.43
1969 12 27  -26.80
1969 12 28   -7.30
1969 12 29   15.31
1969 12 30   10.55
1969 12 31  -68.47
1970 01 01 -124.25
1970 01 02 -230.62
1970 01 03 -255.51
1970 01 04 -225.82
1970 01 05 -136.74
1970 01 06  -95.72
1970 01 07 -127.20
1970 01 08 -186.17
1970 01 09 -170.44
1970 01 10 -143.00
1970 01 11 -118.73
1970 01 12  -49.00
1970 01 13   69.89
1970 01 14  113.73
1970 01 15   24.45
1970 01 16  -11.57
1970 01 17   33.54
1970 01 18   62.40
1970 01 19   62.54
1970 01 20   91.42
1970 01 21   59.07
1970 01 22   36.98
1970 01 23   60.81
1970 01 24   72.19
1970 01 25   90.37
1970 01 26  121.18
1970 01 27  140.87
1970 01 28  111.02
1970 01 29   98.03
1970 01 30  133.81
1970 01 31  185.42
1970 02 01  133.44
1970 02 02  142.62
1970 02 03  244.35
1970 02 04  179.73
1970 02 05  170.38
1970 02 06   78.29
1970 02 07  -61.48
1970 02 08  -92.21
1970 02 09 -104.22
1970 02 10 -149.71
1970 02 11 -192.60
1970 02 12 -206.26
1970 02 13 -174.94
1970 02 14  -90.36
1970 02 15   29.77
1970 02 16  103.54
1970 02 17  119.33
1970 02 18   17.54
1970 02 19  -90.49
1970 02 20 -101.07
1970 02 21 -108.85
1970 02 22  -81.63
1970 02 23  -82.24
1970 02 24 -154.80
1970 02 25 -250.55
1970 02 26 -297.37
1970 02 27 -346.40
1970 02 28 -304.48
1970 03 01 -239.32
1970 03 02 -129.27
1970 03 03  -40.69
1970 03 04   71.44
1970 03 05  153.52
1970 03 06  158.79
1970 03 07  151.18
1970 03 08   58.78
1970 03 09  -30.49
1970 03 10  -59.53
1970 03 11  -87.45
1970 03 12  -41.99
1970 03 13    2.61
1970 03 14   20.23
1970 03 15   71.65
1970 03 16   89.06
1970 03 17   55.70
1970 03 18    9.58
1970 03 19  -33.93
1970 03 20  -66.19
1970 03 21   10.23
1970 03 22   30.29
1970 03 23   41.55
1970 03 24   -4.51
1970 03 25  -50.64
1970 03 26 -138.70
1970 03 27 -145.81
1970 03 28 -158.98
1970 03 29 -190.26
1970 03 30 -201.81
1970 03 31 -138.32
1970 04 01  -55.45
1970 04 02   -0.78
1970 04 03   97.73
1970 04 04  178.85
1970 04 05  156.93
1970 04 06  142.53
1970 04 07  194.77
1970 04 08  236.74
1970 04 09  205.72
1970 04 10  169.52
1970 04 11   70.21
1970 04 12  -23.52
1970 04 13  -96.86
1970 04 14  -96.48
1970 04 15  -83.17
1970 04 16  -66.73
1970 04 17   -9.52
1970 04 18   45.78
1970 04 19   19.55
1970 04 20  -34.09
1970 04 21   -6.40
1970 04 22   52.61
1970 04 23   99.18
1970 04 24  157.77
1970 04 25  102.08
1970 04 26   26.35
1970 04 27   13.62
1970 04 28   46.50
1970 04 29   57.36
1970 04 30   55.64
1970 05 01   40.40
1970 05 02  -11.09
1970 05 03   -4.52
1970 05 04   45.70
1970 05 05  102.56
1970 05 06  133.98
1970 05 07  151.12
1970 05 08  123.71
1970 05 09   80.72
1970 05 10    8.92
1970 05 11  -40.69
1970 05 12   -2.28
1970 05 13   45.03
1970 05 14   56.95
1970 05 15   66.03
1970 05 16   72.12
1970 05 17   68.12
1970 05 18   46.76
1970 05 19   50.25
1970 05 20   77.43
1970 05 21   85.20
1970 05 22   79.39
1970 05 23   35.53
1970 05 24   21.19
1970 05 25   28.50
1970 05 26   39.60
1970 05 27   68.39
1970 05 28   64.77
1970 05 29   46.46
1970 05 30   24.81
1970 05 31   13.69
1970 06 01   -1.51
1970 06 02   12.18
1970 06 03   24.52
1970 06 04   -2.85
1970 06 05  -64.66
1970 06 06  -32.74
1970 06 07   53.85
1970 06 08  133.65
1970 06 09  185.06
1970 06 10  173.37
1970 06 11   89.91
1970 06 12   19.34
1970 06 13  -28.34
1970 06 14  -16.31
1970 06 15    1.81
1970 06 16   14.99
1970 06 17  -17.18
1970 06 18  -40.20
1970 06 19  -40.84
1970 06 20  -22.50
1970 06 21   11.26
1970 06 22   52.05
1970 06 23   48.53
1970 06 24   73.67
1970 06 25   82.21
1970 06 26   63.72
1970 06 27   86.64
1970 06 28   86.11
1970 06 29   79.80
1970 06 30  106.45
1970 07 01   68.84
1970 07 02    0.58
1970 07 03  -22.85
1970 07 04   16.33
1970 07 05   86.46
1970 07 06  158.01
1970 07 07  163.88
1970 07 08  104.01
1970 07 09   62.53
1970 07 10   28.71
1970 07 11   34.13
1970 07 12   37.83
1970 07 13   49.77
1970 07 14   60.20
1970 07 15   77.62
1970 07 16   85.80
1970 07 17   96.15
1970 07 18   67.33
1970 07 19   54.48
1970 07 20   58.51
1970 07 21   62.70
1970 07 22   83.51
1970 07 23   47.25
1970 07 24   21.10
1970 07 25  -11.55
1970 07 26  -45.10
1970 07 27  -58.23
1970 07 28  -10.31
1970 07 29   -1.41
1970 07 30   10.56
1970 07 31   21.80
1970 08 01   31.19
1970 08 02   14.93
1970 08 03   33.10
1970 08 04   46.32
1970 08 05   38.31
1970 08 06   59.13
1970 08 07   88.35
1970 08 08   78.15
1970 08 09   58.06
1970 08 10   88.15
1970 08 11  106.53
1970 08 12  102.00
1970 08 13  115.09
1970 08 14   97.31
1970 08 15   88.45
1970 08 16  102.82
1970 08 17   69.79
1970 08 18   23.58
1970 08 19   10.35
1970 08 20  -12.25
1970 08 21  -16.59
1970 08 22  -58.05
1970 08 23  -95.30
1970 08 24 -115.84
1970 08 25 -115.31
1970 08 26  -96.81
1970 08 27  -52.67
1970 08 28  -19.36
1970 08 29  -22.56
1970 08 30  -33.35
1970 08 31  -43.53
1970 09 01    1.18
1970 09 02   53.78
1970 09 03   76.48
1970 09 04  106.11
1970 09 05  144.32
1970 09 06  133.77
1970 09 07   81.07
1970 09 08   -5.09
1970 09 09  -82.31
1970 09 10 -124.50
1970 09 11 -173.61
1970 09 12 -233.41
1970 09 13 -174.38
1970 09 14  -58.81
1970 09 15   24.00
1970 09 16   63.69
1970 09 17   93.75
1970 09 18  108.46
1970 09 19  105.67
1970 09 20   94.57
1970 09 21   74.66
1970 09 22   58.52
1970 09 23  -25.13
1970 09 24  -45.85
1970 09 25  -29.25
1970 09 26  -30.64
1970 09 27  -15.98
1970 09 28   -0.54
1970 09 29   38.52
1970 09 30   36.80
1970 10 01  -62.41
1970 10 02 -111.64
1970 10 03  -40.16
1970 10 04  -18.85
1970 10 05  -70.92
1970 10 06 -117.82
1970 10 07 -118.92
1970 10 08  -92.29
1970 10 09  -74.13
1970 10 10  -39.28
1970 10 11  -64.93
1970 10 12  -82.75
1970 10 13  -79.02
1970 10 14  -70.96
1970 10 15  -36.59
1970 10 16  -11.05
1970 10 17    6.86
1970 10 18   75.29
1970 10 19   81.20
1970 10 20   84.95
1970 10 21  115.05
1970 10 22  187.68
1970 10 23  194.47
1970 10 24  158.03
1970 10 25  110.20
1970 10 26   95.51
1970 10 27   26.69
1970 10 28  -66.68
1970 10 29  -31.19
1970 10 30  -30.42
1970 10 31 -112.35
1970 11 01 -215.22
1970 11 02 -273.52
1970 11 03 -269.22
1970 11 04 -272.47
1970 11 05 -228.94
1970 11 06 -168.43
1970 11 07  -92.68
1970 11 08  -22.37
1970 11 09   24.22
1970 11 10   40.68
1970 11 11   75.15
1970 11 12  -24.73
1970 11 13 -147.07
1970 11 14 -105.37
1970 11 15  -83.98
1970 11 16  -94.27
1970 11 17 -193.51
1970 11 18 -156.72
1970 11 19  -82.64
1970 11 20  -42.79
1970 11 21  -29.15
1970 11 22 -138.37
1970 11 23 -171.97
1970 11 24 -116.04
1970 11 25  -98.83
1970 11 26  -86.58
1970 11 27 -195.09
1970 11 28 -176.00
1970 11 29  -52.71
1970 11 30  -11.83
1970 12 01   13.78
1970 12 02   60.88
1970 12 03  107.52
1970 12 04  113.72
1970 12 05   93.19
1970 12 06  133.93
1970 12 07  157.41
1970 12 08  104.21
1970 12 09   85.45
1970 12 10   76.44
1970 12 11   69.62
1970 12 12   46.14
1970 12 13   55.63
1970 12 14   85.39
1970 12 15   39.72
1970 12 16  -92.14
1970 12 17 -193.86
1970 12 18 -209.93
1970 12 19 -162.66
1970 12 20 -166.93
1970 12 21 -134.50
1970 12 22  -81.73
1970 12 23 -121.66
1970 12 24  -99.87
1970 12 25  -10.10
1970 12 26   65.52
1970 12 27  140.78
1970 12 28  185.66
1970 12 29  234.03
1970 12 30  285.83
1970 12 31  242.50
1971 01 01  132.80
1971 01 02   32.94
1971 01 03   -1.40
1971 01 04  -86.97
1971 01 05 -194.78
1971 01 06 -213.80
1971 01 07 -167.74
1971 01 08  -78.27
1971 01 09  -35.72
1971 01 10  -65.67
1971 01 11 -109.53
1971 01 12 -133.40
1971 01 13  -87.77
1971 01 14   -3.97
1971 01 15   94.88
1971 01 16  129.17
1971 01 17  106.20
1971 01 18  165.35
1971 01 19  226.16
1971 01 20  209.44
1971 01 21  120.26
1971 01 22   88.18
1971 01 23  134.17
1971 01 24  200.78
1971 01 25  192.69
1971 01 26  144.85
1971 01 27   67.92
1971 01 28   41.89
1971 01 29    0.67
1971 01 30  -16.20
1971 01 31   20.35
1971 02 01  107.60
1971 02 02  126.59
1971 02 03   73.95
1971 02 04   25.56
1971 02 05  -53.54
1971 02 06  -72.52
1971 02 07  -58.40
1971 02 08  -25.79
1971 02 09   -2.89
1971 02 10   40.34
1971 02 11   60.01
1971 02 12  101.21
1971 02 13  147.90
1971 02 14  191.66
1971 02 15  239.54
1971 02 16  193.84
1971 02 17  148.86
1971 02 18  134.99
1971 02 19   37.44
1971 02 20    8.80
1971 02 21   42.52
1971 02 22   86.02
1971 02 23  194.89
1971 02 24  272.46
1971 02 25  214.28
1971 02 26  105.95
1971 02 27   38.78
1971 02 28   53.18
1971 03 01  129.57
1971 03 02  228.77
1971 03 03  219.18
1971 03 04  176.91
1971 03 05  209.14
1971 03 06  200.42
1971 03 07  220.70
1971 03 08  228.29
1971 03 09  225.83
1971 03 10  239.97
1971 03 11  241.43
1971 03 12  235.43
1971 03 13  224.42
1971 03 14  163.24
1971 03 15   71.67
1971 03 16   -6.89
1971 03 17  -45.99
1971 03 18 -125.72
1971 03 19 -212.84
1971 03 20 -241.48
1971 03 21 -179.75
1971 03 22  -32.77
1971 03 23   39.53
1971 03 24   59.37
1971 03 25   34.41
1971 03 26  129.80
1971 03 27  218.35
1971 03 28  155.55
1971 03 29   69.63
1971 03 30   67.87
1971 03 31  111.35
1971 04 01  120.80
1971 04 02  159.64
1971 04 03  121.35
1971 04 04   70.25
1971 04 05   23.96
1971 04 06   87.65
1971 04 07  161.72
1971 04 08  123.57
1971 04 09   78.40
1971 04 10   88.98
1971 04 11   84.80
1971 04 12   41.04
1971 04 13   80.23
1971 04 14  201.80
1971 04 15  234.94
1971 04 16  191.74
1971 04 17  152.66
1971 04 18  183.68
1971 04 19  172.13
1971 04 20  167.86
1971 04 21  153.71
1971 04 22   98.32
1971 04 23   23.20
1971 04 24  -76.75
1971 04 25 -156.65
1971 04 26 -147.22
1971 04 27  -78.64
1971 04 28    0.76
1971 04 29   58.71
1971 04 30   59.06
1971 05 01   67.65
1971 05 02   47.15
1971 05 03   60.21
1971 05 04   66.96
1971 05 05   38.64
1971 05 06    5.98
1971 05 07   25.61
1971 05 08    8.22
1971 05 09   14.31
1971 05 10   51.65
1971 05 11   58.17
1971 05 12  107.48
1971 05 13  183.99
1971 05 14  178.08
1971 05 15  121.47
1971 05 16   77.38
1971 05 17   66.11
1971 05 18   95.61
1971 05 19   86.60
1971 05 20   43.44
1971 05 21   36.35
1971 05 22   34.93
1971 05 23   60.56
1971 05 24   49.50
1971 05 25   29.98
1971 05 26   54.07
1971 05 27   58.39
1971 05 28  102.69
1971 05 29   76.20
1971 05 30   24.26
1971 05 31  -31.42
1971 06 01   -4.46
1971 06 02    7.22
1971 06 03  -29.04
1971 06 04  -45.47
1971 06 05  -68.00
1971 06 06 -105.78
1971 06 07  -81.58
1971 06 08  -10.48
1971 06 09   70.02
1971 06 10   96.47
1971 06 11  101.74
1971 06 12   49.10
1971 06 13    0.07
1971 06 14   -8.54
1971 06 15  -23.03
1971 06 16  -20.76
1971 06 17   12.69
1971 06 18   49.65
1971 06 19   62.08
1971 06 20   16.01
1971 06 21  -21.80
1971 06 22  -31.66
1971 06 23  -21.56
1971 06 24   -3.19
1971 06 25    8.46
1971 06 26    1.09
1971 06 27    1.46
1971 06 28   24.07
1971 06 29   42.40
1971 06 30   27.53
1971 07 01   41.36
1971 07 02   46.61
1971 07 03   50.55
1971 07 04   46.93
1971 07 05   22.38
1971 07 06  -12.13
1971 07 07  -55.05
1971 07 08  -93.94
1971 07 09 -100.91
1971 07 10  -98.64
1971 07 11  -68.17
1971 07 12  -76.26
1971 07 13  -85.82
1971 07 14  -85.47
1971 07 15  -27.63
1971 07 16  -12.97
1971 07 17  -40.15
1971 07 18  -48.98
1971 07 19  -39.28
1971 07 20  -11.78
1971 07 21    2.49
1971 07 22   -6.05
1971 07 23  -18.04
1971 07 24  -35.91
1971 07 25  -46.28
1971 07 26  -87.99
1971 07 27 -102.69
1971 07 28  -90.76
1971 07 29  -80.92
1971 07 30  -85.04
1971 07 31  -58.97
1971 08 01  -10.39
1971 08 02   49.33
1971 08 03   70.42
1971 08 04   19.04
1971 08 05  -23.23
1971 08 06  -43.07
1971 08 07  -68.94
1971 08 08 -110.27
1971 08 09 -147.26
1971 08 10 -137.23
1971 08 11 -109.14
1971 08 12  -47.84
1971 08 13   20.09
1971 08 14   40.11
1971 08 15   38.20
1971 08 16   32.60
1971 08 17   60.54
1971 08 18  106.22
1971 08 19  129.75
1971 08 20  166.93
1971 08 21  110.56
1971 08 22   88.17
1971 08 23  107.25
1971 08 24   72.27
1971 08 25   38.31
1971 08 26    9.82
1971 08 27   -4.70
1971 08 28  -11.59
1971 08 29    2.39
1971 08 30   34.75
1971 08 31   78.00
1971 09 01   63.05
1971 09 02   93.41
1971 09 03  147.80
1971 09 04  176.89
1971 09 05  166.84
1971 09 06  173.58
1971 09 07  201.06
1971 09 08  183.56
1971 09 09  178.47
1971 09 10  185.12
1971 09 11  230.42
1971 09 12  207.06
1971 09 13  116.27
1971 09 14    7.84
1971 09 15  -87.08
1971 09 16 -141.41
1971 09 17 -170.58
1971 09 18 -198.59
1971 09 19 -195.73
1971 09 20 -179.26
1971 09 21 -177.14
1971 09 22 -176.10
1971 09 23 -206.40
1971 09 24 -187.34
1971 09 25 -164.26
1971 09 26 -124.58
1971 09 27  -62.82
1971 09 28  -42.22
1971 09 29  -10.34
1971 09 30   23.24
1971 10 01   85.01
1971 10 02  102.60
1971 10 03  124.36
1971 10 04   81.55
1971 10 05   31.17
1971 10 06   24.15
1971 10 07  -25.85
1971 10 08  -25.21
1971 10 09  -39.97
1971 10 10  -18.88
1971 10 11   27.37
1971 10 12   22.98
1971 10 13   35.67
1971 10 14  -35.13
1971 10 15 -121.03
1971 10 16  -90.88
1971 10 17   40.61
1971 10 18   78.77
1971 10 19   95.77
1971 10 20  130.91
1971 10 21  107.01
1971 10 22   81.52
1971 10 23   90.18
1971 10 24  109.10
1971 10 25   91.05
1971 10 26    4.83
1971 10 27  -54.37
1971 10 28 -100.39
1971 10 29  -72.09
1971 10 30  -45.98
1971 10 31   41.04
1971 11 01   83.39
1971 11 02   55.95
1971 11 03  -18.98
1971 11 04  -93.96
1971 11 05 -102.22
1971 11 06  -38.50
1971 11 07   97.38
1971 11 08  145.38
1971 11 09   38.69
1971 11 10   -5.68
1971 11 11   44.01
1971 11 12   73.66
1971 11 13   67.32
1971 11 14   28.96
1971 11 15  -45.08
1971 11 16  -51.41
1971 11 17  -59.50
1971 11 18  -17.89
1971 11 19   33.47
1971 11 20  -19.52
1971 11 21   13.73
1971 11 22   18.57
1971 11 23  -22.18
1971 11 24  -32.96
1971 11 25   -7.11
1971 11 26   47.40
1971 11 27  104.59
1971 11 28  165.59
1971 11 29  175.75
1971 11 30  136.81
1971 12 01  138.05
1971 12 02  174.68
1971 12 03  188.16
1971 12 04  153.84
1971 12 05  133.18
1971 12 06   43.36
1971 12 07  -11.23
1971 12 08   57.01
1971 12 09  103.16
1971 12 10    4.48
1971 12 11  -11.14
1971 12 12  -32.23
1971 12 13   -2.28
1971 12 14    5.61
1971 12 15  -16.09
1971 12 16   12.64
1971 12 17 -121.10
1971 12 18 -191.85
1971 12 19 -143.98
1971 12 20  -74.39
1971 12 21  -68.33
1971 12 22 -121.37
1971 12 23 -149.85
1971 12 24 -264.43
1971 12 25 -255.73
1971 12 26 -200.51
1971 12 27 -145.78
1971 12 28  -32.58
1971 12 29   61.72
1971 12 30  139.11
1971 12 31   63.51
1972 01 01  -13.90
1972 01 02  -96.25
1972 01 03  -53.46
1972 01 04   73.81
1972 01 05  143.38
1972 01 06  147.79
1972 01 07  133.49
1972 01 08  220.73
1972 01 09  261.62
1972 01 10  211.90
1972 01 11  199.51
1972 01 12  101.06
1972 01 13   32.41
1972 01 14   48.72
1972 01 15  142.98
1972 01 16  195.25
1972 01 17  140.54
1972 01 18   90.18
1972 01 19   43.10
1972 01 20   70.68
1972 01 21  155.56
1972 01 22  160.40
1972 01 23  110.33
1972 01 24  -16.77
1972 01 25 -139.24
1972 01 26 -231.47
1972 01 27 -266.56
1972 01 28 -259.83
1972 01 29 -245.34
1972 01 30 -233.37
1972 01 31 -196.80
1972 02 01 -207.94
1972 02 02 -210.98
1972 02 03 -153.43
1972 02 04  -62.11
1972 02 05  -11.57
1972 02 06   84.93
1972 02 07  142.78
1972 02 08  152.43
1972 02 09  148.95
1972 02 10  150.73
1972 02 11  184.29
1972 02 12  217.28
1972 02 13  232.22
1972 02 14  221.84
1972 02 15  266.37
1972 02 16  309.89
1972 02 17  221.80
1972 02 18   88.98
1972 02 19   14.87
1972 02 20  -14.70
1972 02 21  -82.31
1972 02 22  -95.46
1972 02 23 -105.06
1972 02 24 -122.52
1972 02 25  -82.87
1972 02 26  -38.08
1972 02 27   18.89
1972 02 28   80.08
1972 02 29  148.60
1972 03 01  201.77
1972 03 02  225.96
1972 03 03  177.10
1972 03 04  128.66
1972 03 05  132.22
1972 03 06   93.36
1972 03 07  -34.99
1972 03 08 -106.98
1972 03 09  -85.85
1972 03 10   23.18
1972 03 11   65.69
1972 03 12   93.31
1972 03 13  135.29
1972 03 14   89.91
1972 03 15   20.46
1972 03 16   36.49
1972 03 17   30.37
1972 03 18   92.21
1972 03 19  135.88
1972 03 20   99.80
1972 03 21   26.91
1972 03 22   23.54
1972 03 23   40.46
1972 03 24    8.30
1972 03 25  -71.52
1972 03 26 -127.41
1972 03 27 -137.46
1972 03 28 -188.22
1972 03 29 -195.21
1972 03 30 -135.89
1972 03 31  -70.92
1972 04 01    8.30
1972 04 02  -10.02
1972 04 03 -110.37
1972 04 04  -77.42
1972 04 05   98.07
1972 04 06  174.20
1972 04 07  122.95
1972 04 08   58.71
1972 04 09   23.39
1972 04 10    4.69
1972 04 11   38.81
1972 04 12   74.71
1972 04 13   97.00
1972 04 14  129.75
1972 04 15  123.09
1972 04 16   61.98
1972 04 17   35.97
1972 04 18   75.24
1972 04 19  139.90
1972 04 20  142.83
1972 04 21  165.28
1972 04 22  131.82
1972 04 23   96.02
1972 04 24  169.78
1972 04 25  187.17
1972 04 26  137.66
1972 04 27   70.71
1972 04 28   39.73
1972 04 29   22.59
1972 04 30   13.23
1972 05 01   20.86
1972 05 02   20.25
1972 05 03  -25.46
1972 05 04 -128.03
1972 05 05 -154.59
1972 05 06 -150.80
1972 05 07 -137.58
1972 05 08 -129.94
1972 05 09  -86.14
1972 05 10    7.56
1972 05 11   41.06
1972 05 12   24.86
1972 05 13   31.26
1972 05 14   50.33
1972 05 15   61.59
1972 05 16   85.20
1972 05 17  104.33
1972 05 18   71.55
1972 05 19   35.11
1972 05 20    6.71
1972 05 21   12.56
1972 05 22   33.94
1972 05 23   62.98
1972 05 24   80.90
1972 05 25   43.49
1972 05 26  -28.44
1972 05 27 -102.50
1972 05 28 -131.33
1972 05 29 -137.19
1972 05 30  -75.13
1972 05 31  -15.41
1972 06 01  -25.42
1972 06 02  -12.04
1972 06 03   68.11
1972 06 04   84.78
1972 06 05   84.50
1972 06 06   60.94
1972 06 07    9.17
1972 06 08  -31.21
1972 06 09  -10.79
1972 06 10  -16.14
1972 06 11  -45.22
1972 06 12  -57.93
1972 06 13  -60.18
1972 06 14  -66.80
1972 06 15  -51.09
1972 06 16  -10.09
1972 06 17    2.12
1972 06 18  -28.51
1972 06 19  -44.19
1972 06 20  -56.07
1972 06 21  -38.97
1972 06 22  -30.00
1972 06 23  -20.14
1972 06 24  -12.67
1972 06 25    4.62
1972 06 26   23.25
1972 06 27   57.97
1972 06 28   57.31
1972 06 29   46.42
1972 06 30   -2.86
1972 07 01  -74.89
1972 07 02 -116.99
1972 07 03 -135.06
1972 07 04 -104.60
1972 07 05  -68.90
1972 07 06  -46.99
1972 07 07  -42.68
1972 07 08  -40.45
1972 07 09  -20.73
1972 07 10  -12.68
1972 07 11    8.06
1972 07 12   48.12
1972 07 13   40.09
1972 07 14    1.42
1972 07 15  -40.15
1972 07 16  -58.31
1972 07 17  -90.69
1972 07 18 -140.03
1972 07 19 -172.17
1972 07 20 -160.30
1972 07 21 -118.24
1972 07 22  -86.86
1972 07 23  -81.14
1972 07 24  -69.32
1972 07 25  -26.70
1972 07 26   12.27
1972 07 27   31.90
1972 07 28   31.27
1972 07 29  -13.59
1972 07 30  -61.30
1972 07 31  -51.18
1972 08 01  -27.42
1972 08 02   -5.37
1972 08 03   25.75
1972 08 04   60.67
1972 08 05   56.63
1972 08 06   14.29
1972 08 07  -32.95
1972 08 08  -37.75
1972 08 09  -31.32
1972 08 10  -34.74
1972 08 11  -38.39
1972 08 12  -18.88
1972 08 13  -19.15
1972 08 14   -4.58
1972 08 15   -0.88
1972 08 16  -11.48
1972 08 17  -25.38
1972 08 18  -67.44
1972 08 19 -104.62
1972 08 20 -115.32
1972 08 21  -80.48
1972 08 22  -33.22
1972 08 23   22.56
1972 08 24   46.96
1972 08 25   48.53
1972 08 26   35.35
1972 08 27   -3.88
1972 08 28   16.37
1972 08 29   56.53
1972 08 30   24.74
1972 08 31  -68.08
1972 09 01 -128.78
1972 09 02 -139.77
1972 09 03 -117.31
1972 09 04  -91.25
1972 09 05  -50.61
1972 09 06    2.49
1972 09 07   17.90
1972 09 08  -11.67
1972 09 09  -49.79
1972 09 10  -76.51
1972 09 11  -96.83
1972 09 12 -110.44
1972 09 13 -104.44
1972 09 14  -53.46
1972 09 15    1.79
1972 09 16    3.82
1972 09 17  -13.74
1972 09 18  -61.12
1972 09 19  -20.63
1972 09 20   -3.47
1972 09 21   -0.62
1972 09 22  -26.91
1972 09 23  -39.28
1972 09 24  -49.00
1972 09 25  -52.45
1972 09 26  -83.81
1972 09 27  -52.20
1972 09 28    1.23
1972 09 29   72.15
1972 09 30  115.57
1972 10 01  155.83
1972 10 02  209.74
1972 10 03  183.31
1972 10 04   82.23
1972 10 05   34.67
1972 10 06  -17.91
1972 10 07  -79.57
1972 10 08  -90.94
1972 10 09 -118.24
1972 10 10 -146.05
1972 10 11 -160.32
1972 10 12 -183.73
1972 10 13 -250.72
1972 10 14 -255.08
1972 10 15 -190.81
1972 10 16 -202.97
1972 10 17 -204.85
1972 10 18 -178.14
1972 10 19 -127.69
1972 10 20  -71.94
1972 10 21  -26.85
1972 10 22  -42.19
1972 10 23  -71.43
1972 10 24  -92.17
1972 10 25  -82.84
1972 10 26  -79.08
1972 10 27  -54.65
1972 10 28  -63.49
1972 10 29  -97.03
1972 10 30  -77.94
1972 10 31   -2.63
1972 11 01   30.42
1972 11 02   31.50
1972 11 03   21.69
1972 11 04   27.72
1972 11 05   23.64
1972 11 06   -8.27
1972 11 07   52.28
1972 11 08   64.75
1972 11 09   50.88
1972 11 10   43.86
1972 11 11   -4.80
1972 11 12  -53.60
1972 11 13  -94.78
1972 11 14  -45.08
1972 11 15  -64.12
1972 11 16  -73.94
1972 11 17  -54.94
1972 11 18  -51.95
1972 11 19  -31.33
1972 11 20  -14.12
1972 11 21   57.89
1972 11 22  120.41
1972 11 23  109.43
1972 11 24   74.24
1972 11 25  109.48
1972 11 26   57.02
1972 11 27  -51.49
1972 11 28  -36.86
1972 11 29  -46.52
1972 11 30 -102.62
1972 12 01 -132.06
1972 12 02 -173.70
1972 12 03 -244.74
1972 12 04 -270.78
1972 12 05 -300.85
1972 12 06 -345.95
1972 12 07 -334.83
1972 12 08 -360.01
1972 12 09 -385.08
1972 12 10 -382.67
1972 12 11 -317.17
1972 12 12 -250.91
1972 12 13 -189.84
1972 12 14  -86.45
1972 12 15  -58.63
1972 12 16    9.23
1972 12 17   82.39
1972 12 18   94.61
1972 12 19   88.44
1972 12 20   81.83
1972 12 21  135.81
1972 12 22  175.80
1972 12 23  174.85
1972 12 24  168.78
1972 12 25  182.63
1972 12 26  167.97
1972 12 27   91.00
1972 12 28   59.67
1972 12 29   86.89
1972 12 30   98.66
1972 12 31  -30.93
1973 01 01  -73.57
1973 01 02 -131.21
1973 01 03 -152.27
1973 01 04 -150.11
1973 01 05 -134.77
1973 01 06 -152.95
1973 01 07 -208.86
1973 01 08 -291.98
1973 01 09 -307.36
1973 01 10 -209.36
1973 01 11  -43.58
1973 01 12   89.25
1973 01 13  139.23
1973 01 14  153.53
1973 01 15  212.43
1973 01 16  286.49
1973 01 17  302.65
1973 01 18  248.96
1973 01 19  270.45
1973 01 20  321.77
1973 01 21  330.32
1973 01 22  280.57
1973 01 23  305.34
1973 01 24  311.45
1973 01 25  237.39
1973 01 26   93.51
1973 01 27  -54.86
1973 01 28  -91.69
1973 01 29  -30.57
1973 01 30  119.10
1973 01 31  172.78
1973 02 01   74.97
1973 02 02  -15.68
1973 02 03 -165.84
1973 02 04 -262.56
1973 02 05 -228.20
1973 02 06 -209.60
1973 02 07 -231.67
1973 02 08 -209.49
1973 02 09 -159.81
1973 02 10  -29.44
1973 02 11  109.16
1973 02 12  129.97
1973 02 13   63.60
1973 02 14   48.65
1973 02 15  108.14
1973 02 16  124.74
1973 02 17  105.67
1973 02 18   64.07
1973 02 19  -24.71
1973 02 20  -32.23
1973 02 21 -102.83
1973 02 22 -203.41
1973 02 23 -157.23
1973 02 24 -128.29
1973 02 25 -118.08
1973 02 26  -65.92
1973 02 27   61.63
1973 02 28  113.63
1973 03 01  162.75
1973 03 02  170.39
1973 03 03  131.48
1973 03 04  152.34
1973 03 05  169.59
1973 03 06  140.53
1973 03 07   77.57
1973 03 08   90.47
1973 03 09  159.89
1973 03 10  165.73
1973 03 11   81.56
1973 03 12  108.25
1973 03 13  100.11
1973 03 14   89.78
1973 03 15   73.60
1973 03 16   74.53
1973 03 17   99.65
1973 03 18  165.92
1973 03 19  143.21
1973 03 20  171.99
1973 03 21  154.03
1973 03 22  108.89
1973 03 23   40.82
1973 03 24  -29.55
1973 03 25  -74.90
1973 03 26  -76.85
1973 03 27  -57.71
1973 03 28    0.18
1973 03 29   91.25
1973 03 30  137.88
1973 03 31  108.73
1973 04 01   62.73
1973 04 02   13.71
1973 04 03  -51.86
1973 04 04 -114.04
1973 04 05 -133.80
1973 04 06 -168.58
1973 04 07 -171.53
1973 04 08  -84.34
1973 04 09  -51.59
1973 04 10  -47.77
1973 04 11  -47.12
1973 04 12  -26.96
1973 04 13  -18.58
1973 04 14   53.12
1973 04 15  165.94
1973 04 16  196.85
1973 04 17  172.23
1973 04 18  135.93
1973 04 19   50.15
1973 04 20  -27.73
1973 04 21  -16.71
1973 04 22  -18.13
1973 04 23  -26.19
1973 04 24  -10.79
1973 04 25    5.69
1973 04 26   20.57
1973 04 27   41.96
1973 04 28   14.42
1973 04 29   -2.51
1973 04 30   31.61
1973 05 01   62.72
1973 05 02   44.47
1973 05 03   21.48
1973 05 04   31.34
1973 05 05   84.52
1973 05 06  148.39
1973 05 07  218.51
1973 05 08  258.79
1973 05 09  225.82
1973 05 10  128.02
1973 05 11   38.11
1973 05 12  -14.31
1973 05 13  -72.58
1973 05 14  -97.85
1973 05 15  -78.26
1973 05 16  -55.69
1973 05 17   22.19
1973 05 18  102.81
1973 05 19  113.61
1973 05 20  127.95
1973 05 21  151.71
1973 05 22  190.15
1973 05 23  212.89
1973 05 24  232.36
1973 05 25  222.18
1973 05 26  149.71
1973 05 27   90.91
1973 05 28   30.50
1973 05 29   10.06
1973 05 30   34.01
1973 05 31   -1.66
1973 06 01  -18.73
1973 06 02   -1.47
1973 06 03   18.81
1973 06 04   41.65
1973 06 05   56.96
1973 06 06   98.81
1973 06 07  158.45
1973 06 08  146.09
1973 06 09  103.92
1973 06 10   77.12
1973 06 11   80.19
1973 06 12   60.15
1973 06 13   48.79
1973 06 14   67.60
1973 06 15  116.03
1973 06 16  118.21
1973 06 17   62.07
1973 06 18   -0.78
1973 06 19  -35.09
1973 06 20  -34.20
1973 06 21    4.61
1973 06 22   76.51
1973 06 23  101.59
1973 06 24  124.99
1973 06 25  118.07
1973 06 26   73.68
1973 06 27   34.68
1973 06 28   24.39
1973 06 29   18.94
1973 06 30   37.74
1973 07 01   79.74
1973 07 02   90.78
1973 07 03   75.99
1973 07 04  105.10
1973 07 05  122.03
1973 07 06  127.74
1973 07 07  109.40
1973 07 08   59.90
1973 07 09   39.08
1973 07 10   63.29
1973 07 11  102.00
1973 07 12   77.62
1973 07 13   43.03
1973 07 14  -26.36
1973 07 15  -56.82
1973 07 16  -70.56
1973 07 17  -65.85
1973 07 18  -52.54
1973 07 19   -9.95
1973 07 20   11.48
1973 07 21   36.71
1973 07 22   41.40
1973 07 23   15.10
1973 07 24  -48.67
1973 07 25  -94.38
1973 07 26  -62.70
1973 07 27  -16.16
1973 07 28   26.05
1973 07 29   42.50
1973 07 30   50.49
1973 07 31   39.32
1973 08 01   30.38
1973 08 02   31.59
1973 08 03   35.27
1973 08 04   50.05
1973 08 05   13.96
1973 08 06   -6.28
1973 08 07  -14.15
1973 08 08   -5.84
1973 08 09   36.61
1973 08 10   61.03
1973 08 11   53.21
1973 08 12   66.93
1973 08 13   57.66
1973 08 14   40.89
1973 08 15   11.71
1973 08 16   -1.62
1973 08 17  -37.14
1973 08 18  -80.79
1973 08 19 -119.47
1973 08 20 -131.80
1973 08 21 -131.05
1973 08 22 -110.89
1973 08 23  -42.45
1973 08 24   29.25
1973 08 25   47.59
1973 08 26   48.01
1973 08 27   82.04
1973 08 28  111.39
1973 08 29   86.63
1973 08 30   62.75
1973 08 31   43.22
1973 09 01   58.91
1973 09 02   60.29
1973 09 03   63.94
1973 09 04   54.68
1973 09 05   44.26
1973 09 06   75.05
1973 09 07  129.79
1973 09 08  149.14
1973 09 09   78.85
1973 09 10  -33.96
1973 09 11  -42.90
1973 09 12  -63.15
1973 09 13  -99.67
1973 09 14 -112.38
1973 09 15 -102.86
1973 09 16  -92.69
1973 09 17  -88.37
1973 09 18  -72.15
1973 09 19  -55.24
1973 09 20   -8.87
1973 09 21   29.50
1973 09 22   76.46
1973 09 23  112.14
1973 09 24   38.67
1973 09 25   99.74
1973 09 26  139.91
1973 09 27  102.10
1973 09 28   16.64
1973 09 29  -28.08
1973 09 30  -47.98
1973 10 01   14.58
1973 10 02   66.73
1973 10 03   50.65
1973 10 04   47.94
1973 10 05   64.01
1973 10 06   75.99
1973 10 07   67.98
1973 10 08   31.43
1973 10 09    5.72
1973 10 10   39.16
1973 10 11  112.50
1973 10 12  183.49
1973 10 13  189.72
1973 10 14  107.35
1973 10 15   15.37
1973 10 16  -26.98
1973 10 17  -19.05
1973 10 18   77.34
1973 10 19  115.75
1973 10 20   82.52
1973 10 21   -8.77
1973 10 22  -40.16
1973 10 23   39.38
1973 10 24   56.35
1973 10 25   49.54
1973 10 26   78.04
1973 10 27  148.64
1973 10 28  168.28
1973 10 29  140.04
1973 10 30   57.58
1973 10 31  -42.29
1973 11 01 -140.17
1973 11 02 -209.08
1973 11 03 -231.01
1973 11 04 -228.99
1973 11 05 -182.97
1973 11 06 -136.59
1973 11 07  -94.73
1973 11 08  -93.80
1973 11 09 -149.30
1973 11 10 -135.64
1973 11 11  -27.96
1973 11 12   55.83
1973 11 13   19.18
1973 11 14   25.51
1973 11 15   16.13
1973 11 16   42.07
1973 11 17   60.04
1973 11 18   57.63
1973 11 19   72.37
1973 11 20   97.00
1973 11 21   43.25
1973 11 22   -8.89
1973 11 23   33.91
1973 11 24   72.57
1973 11 25  105.54
1973 11 26   97.16
1973 11 27   94.78
1973 11 28   47.02
1973 11 29  -33.97
1973 11 30 -106.51
1973 12 01  -18.70
1973 12 02   89.35
1973 12 03  162.07
1973 12 04  157.78
1973 12 05  121.21
1973 12 06  115.44
1973 12 07  120.59
1973 12 08  -27.79
1973 12 09  -56.80
1973 12 10   14.10
1973 12 11   71.62
1973 12 12   89.32
1973 12 13   77.65
1973 12 14    0.98
1973 12 15  -10.35
1973 12 16   53.84
1973 12 17   15.28
1973 12 18  -25.80
1973 12 19    3.90
1973 12 20   48.94
1973 12 21   72.12
1973 12 22   75.88
1973 12 23   70.69
1973 12 24  106.73
1973 12 25   93.27
1973 12 26   40.38
1973 12 27   92.80
1973 12 28  114.59
1973 12 29   63.81
1973 12 30  -53.78
1973 12 31 -199.11
1974 01 01 -318.15
1974 01 02 -377.20
1974 01 03 -402.11
1974 01 04 -413.87
1974 01 05 -407.45
1974 01 06 -397.40
1974 01 07 -350.98
1974 01 08 -272.11
1974 01 09 -235.52
1974 01 10 -238.56
1974 01 11 -191.19
1974 01 12  -92.88
1974 01 13    6.14
1974 01 14   52.78
1974 01 15  169.83
1974 01 16  274.24
1974 01 17  306.32
1974 01 18  293.51
1974 01 19  278.05
1974 01 20  157.33
1974 01 21   66.64
1974 01 22   56.33
1974 01 23   40.35
1974 01 24   65.09
1974 01 25   23.89
1974 01 26   -8.01
1974 01 27   38.14
1974 01 28  103.27
1974 01 29  124.18
1974 01 30  136.75
1974 01 31  166.11
1974 02 01  196.60
1974 02 02  189.02
1974 02 03  164.98
1974 02 04   92.07
1974 02 05   -4.92
1974 02 06  -61.45
1974 02 07  -50.85
1974 02 08    5.57
1974 02 09   63.03
1974 02 10   88.86
1974 02 11   90.20
1974 02 12  132.33
1974 02 13  219.96
1974 02 14  273.31
1974 02 15  259.04
1974 02 16  231.78
1974 02 17  248.90
1974 02 18  272.06
1974 02 19  238.40
1974 02 20  173.41
1974 02 21  136.89
1974 02 22  128.92
1974 02 23  137.53
1974 02 24  100.28
1974 02 25   97.97
1974 02 26  163.25
1974 02 27  135.06
1974 02 28  101.57
1974 03 01  104.48
1974 03 02  119.97
1974 03 03  142.86
1974 03 04  207.13
1974 03 05  213.64
1974 03 06  189.98
1974 03 07  161.95
1974 03 08  185.51
1974 03 09  146.03
1974 03 10   38.35
1974 03 11  -69.50
1974 03 12  -70.92
1974 03 13  -62.45
1974 03 14 -104.92
1974 03 15 -102.01
1974 03 16  -57.67
1974 03 17  -81.51
1974 03 18 -154.89
1974 03 19 -186.72
1974 03 20 -184.37
1974 03 21 -207.84
1974 03 22 -224.51
1974 03 23 -194.41
1974 03 24 -137.37
1974 03 25  -71.10
1974 03 26  -27.30
1974 03 27   15.74
1974 03 28   79.35
1974 03 29   81.74
1974 03 30  117.24
1974 03 31  162.06
1974 04 01  190.75
1974 04 02  163.89
1974 04 03   94.96
1974 04 04   23.04
1974 04 05   47.50
1974 04 06  108.52
1974 04 07   87.74
1974 04 08   89.49
1974 04 09  138.00
1974 04 10  153.15
1974 04 11  124.20
1974 04 12    7.80
1974 04 13  -42.08
1974 04 14   13.38
1974 04 15   31.59
1974 04 16   10.86
1974 04 17   14.63
1974 04 18   79.84
1974 04 19  133.48
1974 04 20  115.66
1974 04 21   96.98
1974 04 22   19.39
1974 04 23  -38.79
1974 04 24  -62.81
1974 04 25  -80.86
1974 04 26  -67.32
1974 04 27  -51.94
1974 04 28  -74.51
1974 04 29  -66.93
1974 04 30  -16.25
1974 05 01   42.36
1974 05 02   75.01
1974 05 03   40.66
1974 05 04   59.78
1974 05 05  146.94
1974 05 06  138.18
1974 05 07  100.47
1974 05 08  135.58
1974 05 09  135.40
1974 05 10  137.65
1974 05 11   99.39
1974 05 12  148.75
1974 05 13  215.24
1974 05 14  205.92
1974 05 15  116.10
1974 05 16  -15.84
1974 05 17  -98.53
1974 05 18  -64.98
1974 05 19  -16.87
1974 05 20  -25.44
1974 05 21  -54.75
1974 05 22  -36.15
1974 05 23   15.53
1974 05 24   46.93
1974 05 25   33.71
1974 05 26   -1.65
1974 05 27  -28.33
1974 05 28  -51.86
1974 05 29  -66.31
1974 05 30  -56.30
1974 05 31  -38.06
1974 06 01    9.00
1974 06 02   92.86
1974 06 03  149.54
1974 06 04  178.78
1974 06 05  189.31
1974 06 06  130.12
1974 06 07   73.23
1974 06 08   30.22
1974 06 09  -19.18
1974 06 10  -49.66
1974 06 11  -54.57
1974 06 12  -52.98
1974 06 13  -46.75
1974 06 14  -14.10
1974 06 15   27.64
1974 06 16   39.38
1974 06 17    4.22
1974 06 18  -32.66
1974 06 19  -14.92
1974 06 20   21.11
1974 06 21   -0.42
1974 06 22   -7.34
1974 06 23   -6.86
1974 06 24   54.39
1974 06 25  110.40
1974 06 26   89.41
1974 06 27   69.54
1974 06 28   40.30
1974 06 29    3.57
1974 06 30   19.51
1974 07 01   37.23
1974 07 02   25.41
1974 07 03   31.52
1974 07 04   57.11
1974 07 05   77.35
1974 07 06   87.99
1974 07 07   84.23
1974 07 08   80.77
1974 07 09   97.66
1974 07 10  117.58
1974 07 11   98.36
1974 07 12   45.04
1974 07 13  -14.74
1974 07 14  -33.58
1974 07 15    2.36
1974 07 16   27.09
1974 07 17   14.59
1974 07 18   -0.89
1974 07 19   19.53
1974 07 20   27.00
1974 07 21   53.93
1974 07 22  127.44
1974 07 23  141.44
1974 07 24   93.01
1974 07 25   31.12
1974 07 26  -13.37
1974 07 27  -41.71
1974 07 28  -96.88
1974 07 29 -107.32
1974 07 30  -88.64
1974 07 31  -60.61
1974 08 01  -18.96
1974 08 02   -4.76
1974 08 03  -15.21
1974 08 04  -34.38
1974 08 05  -44.31
1974 08 06  -40.45
1974 08 07  -33.29
1974 08 08  -40.23
1974 08 09  -45.13
1974 08 10  -54.00
1974 08 11  -84.00
1974 08 12 -122.01
1974 08 13 -144.80
1974 08 14 -130.23
1974 08 15 -132.86
1974 08 16 -124.37
1974 08 17 -111.35
1974 08 18  -79.73
1974 08 19  -57.70
1974 08 20  -46.09
1974 08 21  -55.20
1974 08 22  -56.26
1974 08 23  -27.59
1974 08 24    3.67
1974 08 25   11.27
1974 08 26  -44.31
1974 08 27 -128.87
1974 08 28 -175.15
1974 08 29 -181.77
1974 08 30 -201.86
1974 08 31 -224.58
1974 09 01 -270.78
1974 09 02 -281.61
1974 09 03 -232.82
1974 09 04 -150.38
1974 09 05  -80.75
1974 09 06  -25.40
1974 09 07   11.83
1974 09 08   25.81
1974 09 09    8.59
1974 09 10  -50.15
1974 09 11  -90.68
1974 09 12  -92.82
1974 09 13  -66.41
1974 09 14  -17.60
1974 09 15   13.70
1974 09 16   -9.05
1974 09 17  -83.92
1974 09 18 -138.03
1974 09 19 -164.62
1974 09 20 -187.66
1974 09 21 -220.31
1974 09 22 -222.49
1974 09 23 -182.99
1974 09 24 -112.70
1974 09 25  -62.28
1974 09 26  -62.62
1974 09 27  -54.70
1974 09 28  -53.28
1974 09 29  -58.62
1974 09 30   -2.87
1974 10 01   96.79
1974 10 02  146.67
1974 10 03  115.26
1974 10 04   37.14
1974 10 05  -14.06
1974 10 06  -26.72
1974 10 07  -12.34
1974 10 08   21.95
1974 10 09   49.46
1974 10 10   38.72
1974 10 11   13.11
1974 10 12   46.40
1974 10 13    2.52
1974 10 14   37.88
1974 10 15   94.47
1974 10 16   33.65
1974 10 17  -60.03
1974 10 18 -129.50
1974 10 19 -106.21
1974 10 20  -48.12
1974 10 21   -1.40
1974 10 22    8.43
1974 10 23   27.34
1974 10 24  -24.88
1974 10 25  -37.54
1974 10 26   59.79
1974 10 27  136.38
1974 10 28  117.12
1974 10 29   48.30
1974 10 30   29.38
1974 10 31   35.36
1974 11 01   11.81
1974 11 02  -34.02
1974 11 03   10.13
1974 11 04   61.01
1974 11 05  109.96
1974 11 06  117.56
1974 11 07  148.67
1974 11 08  215.77
1974 11 09  217.49
1974 11 10   89.14
1974 11 11 -125.76
1974 11 12 -214.01
1974 11 13 -206.35
1974 11 14 -124.73
1974 11 15  -35.58
1974 11 16   45.11
1974 11 17   99.61
1974 11 18  153.74
1974 11 19  131.07
1974 11 20   76.79
1974 11 21  177.48
1974 11 22  176.35
1974 11 23   72.77
1974 11 24   18.25
1974 11 25   79.83
1974 11 26   64.13
1974 11 27   16.87
1974 11 28  -24.06
1974 11 29  -66.86
1974 11 30  -88.01
1974 12 01  -97.31
1974 12 02  -42.56
1974 12 03   54.17
1974 12 04  105.20
1974 12 05  107.14
1974 12 06   54.13
1974 12 07    6.00
1974 12 08   70.72
1974 12 09   73.93
1974 12 10   72.80
1974 12 11   86.96
1974 12 12   58.21
1974 12 13   58.06
1974 12 14   68.21
1974 12 15   38.38
1974 12 16   58.28
1974 12 17  124.12
1974 12 18  177.32
1974 12 19  172.90
1974 12 20  155.02
1974 12 21  135.44
1974 12 22   48.11
1974 12 23  -12.27
1974 12 24   47.72
1974 12 25  142.34
1974 12 26  213.81
1974 12 27  234.75
1974 12 28  229.04
1974 12 29  259.67
1974 12 30  216.29
1974 12 31  222.93
1975 01 01  253.21
1975 01 02  248.71
1975 01 03  257.33
1975 01 04  262.65
1975 01 05  292.07
1975 01 06  285.17
1975 01 07  270.61
1975 01 08  266.77
1975 01 09  235.58
1975 01 10  191.58
1975 01 11  121.68
1975 01 12  188.69
1975 01 13  187.10
1975 01 14  145.60
1975 01 15   88.04
1975 01 16   82.95
1975 01 17   93.53
1975 01 18   18.93
1975 01 19   24.18
1975 01 20   35.28
1975 01 21   18.94
1975 01 22   54.85
1975 01 23  109.96
1975 01 24   49.95
1975 01 25  -41.58
1975 01 26 -115.54
1975 01 27 -179.84
1975 01 28 -208.12
1975 01 29 -160.15
1975 01 30 -139.25
1975 01 31 -149.48
1975 02 01 -162.76
1975 02 02 -136.33
1975 02 03 -123.61
1975 02 04 -144.40
1975 02 05 -225.96
1975 02 06 -229.87
1975 02 07 -232.50
1975 02 08 -196.86
1975 02 09  -72.93
1975 02 10   39.00
1975 02 11   90.55
1975 02 12  143.45
1975 02 13  215.20
1975 02 14  240.78
1975 02 15  218.79
1975 02 16  168.02
1975 02 17  207.48
1975 02 18  254.63
1975 02 19  294.20
1975 02 20  247.89
1975 02 21  157.22
1975 02 22  144.91
1975 02 23  147.99
1975 02 24  103.48
1975 02 25   58.12
1975 02 26  133.77
1975 02 27   91.22
1975 02 28  -38.58
1975 03 01  -88.92
1975 03 02 -105.54
1975 03 03  -90.70
1975 03 04  -63.04
1975 03 05  -60.35
1975 03 06 -169.05
1975 03 07 -210.38
1975 03 08 -121.62
1975 03 09  -84.41
1975 03 10  -74.29
1975 03 11  -31.81
1975 03 12   23.95
1975 03 13   69.57
1975 03 14  133.93
1975 03 15  110.40
1975 03 16  162.70
1975 03 17  241.31
1975 03 18  224.24
1975 03 19  178.64
1975 03 20  223.87
1975 03 21  246.11
1975 03 22  248.98
1975 03 23  254.94
1975 03 24  224.22
1975 03 25  126.54
1975 03 26   -6.11
1975 03 27  -82.71
1975 03 28 -149.66
1975 03 29 -138.13
1975 03 30  -42.79
1975 03 31   -5.07
1975 04 01   87.56
1975 04 02   87.39
1975 04 03  -19.79
1975 04 04 -112.83
1975 04 05 -131.13
1975 04 06  -46.35
1975 04 07  -25.77
1975 04 08  -93.28
1975 04 09  -84.74
1975 04 10 -101.36
1975 04 11  -94.67
1975 04 12  -81.25
1975 04 13 -104.98
1975 04 14 -172.17
1975 04 15 -198.69
1975 04 16 -161.09
1975 04 17  -75.60
1975 04 18    4.02
1975 04 19  -10.33
1975 04 20   -4.59
1975 04 21   62.48
1975 04 22  131.64
1975 04 23  191.61
1975 04 24  165.94
1975 04 25  154.41
1975 04 26  133.61
1975 04 27  120.39
1975 04 28   90.60
1975 04 29   38.46
1975 04 30  -15.26
1975 05 01   13.24
1975 05 02   46.39
1975 05 03   30.32
1975 05 04   55.18
1975 05 05   81.57
1975 05 06   89.07
1975 05 07   85.26
1975 05 08   19.09
1975 05 09  -98.95
1975 05 10  -79.20
1975 05 11   -4.15
1975 05 12  -23.89
1975 05 13  -31.53
1975 05 14   35.59
1975 05 15  112.46
1975 05 16  165.94
1975 05 17  216.42
1975 05 18  211.71
1975 05 19  127.44
1975 05 20   74.14
1975 05 21   76.98
1975 05 22   92.17
1975 05 23   85.80
1975 05 24   46.51
1975 05 25   49.14
1975 05 26   56.59
1975 05 27   69.07
1975 05 28   40.65
1975 05 29  -19.68
1975 05 30  -82.17
1975 05 31  -87.20
1975 06 01  -27.02
1975 06 02   47.67
1975 06 03   98.46
1975 06 04  137.14
1975 06 05  105.81
1975 06 06   60.54
1975 06 07   18.73
1975 06 08    4.86
1975 06 09    2.89
1975 06 10   24.81
1975 06 11   24.94
1975 06 12   50.74
1975 06 13   73.50
1975 06 14   65.64
1975 06 15    8.35
1975 06 16  -46.19
1975 06 17  -93.81
1975 06 18 -111.35
1975 06 19  -64.55
1975 06 20  -14.23
1975 06 21    1.36
1975 06 22   -6.67
1975 06 23   43.55
1975 06 24   89.40
1975 06 25   63.55
1975 06 26   14.84
1975 06 27  -13.76
1975 06 28  -44.05
1975 06 29  -50.43
1975 06 30  -39.89
1975 07 01  -15.06
1975 07 02  -12.17
1975 07 03   -6.82
1975 07 04  -36.22
1975 07 05 -110.03
1975 07 06 -178.56
1975 07 07 -207.25
1975 07 08 -198.72
1975 07 09 -199.93
1975 07 10 -189.34
1975 07 11 -143.65
1975 07 12  -86.32
1975 07 13  -45.30
1975 07 14    7.26
1975 07 15   55.12
1975 07 16   84.39
1975 07 17   92.53
1975 07 18   74.73
1975 07 19   60.07
1975 07 20   61.35
1975 07 21   65.34
1975 07 22   56.73
1975 07 23   57.36
1975 07 24   97.27
1975 07 25  109.41
1975 07 26   92.91
1975 07 27   93.54
1975 07 28   68.99
1975 07 29   46.89
1975 07 30   36.95
1975 07 31   50.84
1975 08 01   59.61
1975 08 02   53.05
1975 08 03   22.81
1975 08 04   15.72
1975 08 05   49.71
1975 08 06   76.06
1975 08 07   74.64
1975 08 08   55.28
1975 08 09   46.11
1975 08 10   68.58
1975 08 11   51.50
1975 08 12   27.50
1975 08 13   29.15
1975 08 14   44.88
1975 08 15   52.74
1975 08 16   40.73
1975 08 17   36.01
1975 08 18   25.26
1975 08 19   18.51
1975 08 20   19.13
1975 08 21   -2.54
1975 08 22   -8.31
1975 08 23  -41.86
1975 08 24  -86.69
1975 08 25  -99.57
1975 08 26  -73.12
1975 08 27  -47.11
1975 08 28  -12.36
1975 08 29  -31.23
1975 08 30  -24.36
1975 08 31  -31.31
1975 09 01  -16.99
1975 09 02   15.20
1975 09 03    9.43
1975 09 04    5.08
1975 09 05    7.42
1975 09 06   46.04
1975 09 07   69.83
1975 09 08   40.37
1975 09 09   -3.09
1975 09 10  -58.67
1975 09 11 -113.00
1975 09 12 -136.89
1975 09 13 -111.98
1975 09 14  -60.46
1975 09 15  -28.39
1975 09 16  -25.18
1975 09 17  -83.50
1975 09 18 -125.77
1975 09 19 -132.34
1975 09 20 -137.91
1975 09 21 -176.56
1975 09 22 -187.14
1975 09 23 -152.59
1975 09 24  -87.26
1975 09 25  -66.08
1975 09 26  -45.89
1975 09 27  -17.31
1975 09 28   11.96
1975 09 29  -26.11
1975 09 30  -43.62
1975 10 01   -6.64
1975 10 02   42.45
1975 10 03  115.26
1975 10 04  118.01
1975 10 05   70.06
1975 10 06    5.05
1975 10 07   -2.59
1975 10 08  -11.77
1975 10 09  -35.86
1975 10 10  -57.37
1975 10 11  -71.75
1975 10 12   -5.75
1975 10 13   24.58
1975 10 14   47.14
1975 10 15  117.83
1975 10 16  157.70
1975 10 17  156.65
1975 10 18  174.02
1975 10 19  168.41
1975 10 20   76.27
1975 10 21   -9.72
1975 10 22  -73.60
1975 10 23  -60.96
1975 10 24   15.79
1975 10 25   73.89
1975 10 26   64.11
1975 10 27   44.61
1975 10 28   43.39
1975 10 29   88.94
1975 10 30  167.34
1975 10 31  217.26
1975 11 01  285.64
1975 11 02  331.45
1975 11 03  300.53
1975 11 04  162.77
1975 11 05  188.06
1975 11 06  253.80
1975 11 07  274.88
1975 11 08  255.88
1975 11 09  230.87
1975 11 10  223.66
1975 11 11  239.79
1975 11 12  196.68
1975 11 13  202.32
1975 11 14  219.18
1975 11 15  201.46
1975 11 16  152.70
1975 11 17   51.32
1975 11 18  -88.88
1975 11 19 -120.80
1975 11 20 -105.52
1975 11 21  -97.96
1975 11 22  -46.93
1975 11 23  -62.58
1975 11 24 -166.62
1975 11 25 -196.45
1975 11 26 -116.43
1975 11 27 -130.70
1975 11 28  -95.37
1975 11 29   -1.80
1975 11 30   52.28
1975 12 01   98.10
1975 12 02  122.37
1975 12 03  172.58
1975 12 04  232.18
1975 12 05  219.66
1975 12 06  195.89
1975 12 07  181.78
1975 12 08  114.34
1975 12 09   35.78
1975 12 10   -4.50
1975 12 11  -29.73
1975 12 12   10.75
1975 12 13   -5.77
1975 12 14  -39.44
1975 12 15 -140.21
1975 12 16 -172.44
1975 12 17  -90.38
1975 12 18  -41.66
1975 12 19  -30.50
1975 12 20  -34.01
1975 12 21  -51.55
1975 12 22  -15.58
1975 12 23    0.45
1975 12 24   72.93
1975 12 25  116.10
1975 12 26  145.08
1975 12 27  152.77
1975 12 28   63.23
1975 12 29   16.16
1975 12 30  -43.70
1975 12 31 -153.36
1976 01 01 -186.83
1976 01 02 -132.90
1976 01 03  -47.69
1976 01 04   27.47
1976 01 05   28.77
1976 01 06   16.77
1976 01 07   48.61
1976 01 08  103.72
1976 01 09  197.31
1976 01 10  255.07
1976 01 11  182.42
1976 01 12   90.94
1976 01 13   94.57
1976 01 14  145.58
1976 01 15  112.72
1976 01 16   17.72
1976 01 17   12.06
1976 01 18   -6.59
1976 01 19  -84.47
1976 01 20  -78.12
1976 01 21   16.97
1976 01 22   97.09
1976 01 23   59.22
1976 01 24  -45.74
1976 01 25  -33.57
1976 01 26   93.04
1976 01 27  191.05
1976 01 28  116.62
1976 01 29   64.25
1976 01 30   17.62
1976 01 31  -65.73
1976 02 01 -134.06
1976 02 02 -164.58
1976 02 03 -266.59
1976 02 04 -306.56
1976 02 05 -252.53
1976 02 06 -142.26
1976 02 07   11.34
1976 02 08  219.83
1976 02 09  274.50
1976 02 10  257.19
1976 02 11  232.27
1976 02 12  187.21
1976 02 13  151.63
1976 02 14  175.83
1976 02 15  215.32
1976 02 16  279.52
1976 02 17  282.33
1976 02 18  233.92
1976 02 19  170.31
1976 02 20  103.89
1976 02 21  -16.45
1976 02 22   98.18
1976 02 23  266.01
1976 02 24  329.86
1976 02 25  271.80
1976 02 26  140.76
1976 02 27   43.27
1976 02 28    1.48
1976 02 29  -43.24
1976 03 01  -91.00
1976 03 02 -110.25
1976 03 03  -89.63
1976 03 04  -61.55
1976 03 05  -64.71
1976 03 06  -75.57
1976 03 07  -71.87
1976 03 08  -89.79
1976 03 09 -101.58
1976 03 10  -71.24
1976 03 11  -59.32
1976 03 12  -18.01
1976 03 13   -1.90
1976 03 14    7.00
1976 03 15  -19.44
1976 03 16   12.62
1976 03 17  121.10
1976 03 18  210.03
1976 03 19  221.08
1976 03 20  154.91
1976 03 21  113.10
1976 03 22  150.09
1976 03 23  210.02
1976 03 24  207.92
1976 03 25  178.84
1976 03 26  156.81
1976 03 27  146.33
1976 03 28  130.05
1976 03 29  125.11
1976 03 30  119.60
1976 03 31  117.39
1976 04 01   78.69
1976 04 02   33.71
1976 04 03   80.50
1976 04 04   54.29
1976 04 05   39.79
1976 04 06  -18.12
1976 04 07  -59.57
1976 04 08  -13.45
1976 04 09  -43.74
1976 04 10  -42.17
1976 04 11   15.37
1976 04 12   46.74
1976 04 13   49.88
1976 04 14  122.84
1976 04 15  122.84
1976 04 16   90.00
1976 04 17   95.54
1976 04 18   86.31
1976 04 19   90.40
1976 04 20  101.08
1976 04 21   96.51
1976 04 22  111.09
1976 04 23  118.35
1976 04 24  128.05
1976 04 25   24.38
1976 04 26  -56.41
1976 04 27 -129.10
1976 04 28 -227.73
1976 04 29 -308.34
1976 04 30 -294.79
1976 05 01 -185.78
1976 05 02  -75.91
1976 05 03   11.15
1976 05 04   53.06
1976 05 05   52.61
1976 05 06   60.94
1976 05 07   52.25
1976 05 08   71.77
1976 05 09  115.87
1976 05 10  222.99
1976 05 11  233.80
1976 05 12  193.80
1976 05 13  192.90
1976 05 14  107.48
1976 05 15    0.47
1976 05 16  -13.72
1976 05 17   52.84
1976 05 18   71.84
1976 05 19   63.44
1976 05 20   54.36
1976 05 21   14.64
1976 05 22   34.40
1976 05 23  101.35
1976 05 24  130.63
1976 05 25  135.51
1976 05 26  121.61
1976 05 27  116.56
1976 05 28  131.52
1976 05 29  115.68
1976 05 30   73.13
1976 05 31  -11.40
1976 06 01  -70.88
1976 06 02  -80.64
1976 06 03  -80.68
1976 06 04 -121.49
1976 06 05 -144.42
1976 06 06 -143.00
1976 06 07 -141.81
1976 06 08 -115.64
1976 06 09  -57.69
1976 06 10   -6.09
1976 06 11   27.79
1976 06 12   27.23
1976 06 13   12.82
1976 06 14   20.05
1976 06 15   25.32
1976 06 16   30.69
1976 06 17   35.75
1976 06 18   49.64
1976 06 19   86.56
1976 06 20   90.95
1976 06 21   56.29
1976 06 22   39.86
1976 06 23    2.75
1976 06 24  -47.87
1976 06 25  -77.10
1976 06 26 -102.10
1976 06 27 -101.10
1976 06 28  -80.39
1976 06 29  -33.71
1976 06 30   52.69
1976 07 01  125.48
1976 07 02  139.97
1976 07 03  145.16
1976 07 04  124.27
1976 07 05   88.72
1976 07 06   87.75
1976 07 07  104.47
1976 07 08  109.20
1976 07 09   78.93
1976 07 10   50.01
1976 07 11   56.01
1976 07 12   60.14
1976 07 13   68.92
1976 07 14   73.62
1976 07 15   58.51
1976 07 16   66.28
1976 07 17   77.35
1976 07 18   50.88
1976 07 19    0.45
1976 07 20   46.32
1976 07 21  120.87
1976 07 22  113.10
1976 07 23   58.14
1976 07 24   29.12
1976 07 25   17.66
1976 07 26   25.81
1976 07 27   -2.77
1976 07 28  -49.30
1976 07 29 -122.38
1976 07 30 -168.67
1976 07 31 -194.10
1976 08 01 -183.14
1976 08 02 -151.35
1976 08 03 -126.14
1976 08 04  -96.38
1976 08 05  -83.07
1976 08 06  -72.74
1976 08 07  -20.18
1976 08 08   26.33
1976 08 09   57.51
1976 08 10   41.88
1976 08 11   39.58
1976 08 12   72.31
1976 08 13   62.54
1976 08 14   34.75
1976 08 15   48.80
1976 08 16   67.26
1976 08 17   57.87
1976 08 18   67.07
1976 08 19  101.09
1976 08 20   63.93
1976 08 21  -17.42
1976 08 22  -73.07
1976 08 23  -78.02
1976 08 24  -50.61
1976 08 25   25.84
1976 08 26   83.05
1976 08 27   89.56
1976 08 28   45.82
1976 08 29  -10.29
1976 08 30  -62.83
1976 08 31  -65.71
1976 09 01   -7.63
1976 09 02   76.38
1976 09 03  122.65
1976 09 04  154.89
1976 09 05  152.71
1976 09 06  111.06
1976 09 07   69.24
1976 09 08   31.40
1976 09 09   -2.40
1976 09 10  -42.33
1976 09 11   10.87
1976 09 12  127.66
1976 09 13  138.70
1976 09 14  156.46
1976 09 15  131.07
1976 09 16   80.77
1976 09 17   46.71
1976 09 18  -47.68
1976 09 19 -141.20
1976 09 20 -180.48
1976 09 21 -138.38
1976 09 22 -109.54
1976 09 23 -115.22
1976 09 24 -106.13
1976 09 25 -104.87
1976 09 26  -88.29
1976 09 27  -11.87
1976 09 28   63.87
1976 09 29   80.43
1976 09 30   52.79
1976 10 01   21.12
1976 10 02   42.45
1976 10 03   75.54
1976 10 04   59.05
1976 10 05   -8.59
1976 10 06  -73.97
1976 10 07 -109.68
1976 10 08  -72.42
1976 10 09   54.44
1976 10 10  124.01
1976 10 11   95.02
1976 10 12   -9.75
1976 10 13  -54.89
1976 10 14  -72.16
1976 10 15  -93.04
1976 10 16 -138.42
1976 10 17 -191.54
1976 10 18 -239.06
1976 10 19 -237.49
1976 10 20 -206.32
1976 10 21 -198.95
1976 10 22 -180.06
1976 10 23  -96.48
1976 10 24   29.45
1976 10 25  113.03
1976 10 26  182.95
1976 10 27  213.63
1976 10 28  202.79
1976 10 29  195.03
1976 10 30  199.06
1976 10 31  253.24
1976 11 01  199.43
1976 11 02   23.33
1976 11 03  -43.86
1976 11 04  -17.10
1976 11 05  -50.00
1976 11 06  -99.96
1976 11 07  -53.25
1976 11 08  -40.89
1976 11 09  -80.33
1976 11 10  -86.53
1976 11 11 -108.96
1976 11 12 -124.04
1976 11 13  -65.81
1976 11 14   30.03
1976 11 15   57.19
1976 11 16   -3.86
1976 11 17   74.28
1976 11 18  100.30
1976 11 19   60.31
1976 11 20  -28.33
1976 11 21   15.42
1976 11 22   27.29
1976 11 23  -10.61
1976 11 24  -62.16
1976 11 25 -134.32
1976 11 26 -210.68
1976 11 27 -247.44
1976 11 28 -248.89
1976 11 29 -238.54
1976 11 30 -237.23
1976 12 01 -148.33
1976 12 02 -101.53
1976 12 03 -121.03
1976 12 04 -127.54
1976 12 05 -115.18
1976 12 06  -58.09
1976 12 07  -26.47
1976 12 08    1.37
1976 12 09   42.86
1976 12 10   50.63
1976 12 11   39.57
1976 12 12   30.71
1976 12 13   70.40
1976 12 14   78.31
1976 12 15   55.05
1976 12 16   25.92
1976 12 17   -5.69
1976 12 18  -60.99
1976 12 19 -104.12
1976 12 20  -77.66
1976 12 21  -54.13
1976 12 22  -50.70
1976 12 23  -60.32
1976 12 24  -82.00
1976 12 25  -49.01
1976 12 26   22.77
1976 12 27   15.09
1976 12 28  -23.31
1976 12 29  -55.04
1976 12 30  -76.34
1976 12 31  -57.45
1977 01 01    1.05
1977 01 02    9.66
1977 01 03   -8.87
1977 01 04  -53.69
1977 01 05  -88.70
1977 01 06 -183.22
1977 01 07 -236.72
1977 01 08 -253.90
1977 01 09 -211.95
1977 01 10 -132.59
1977 01 11  -98.73
1977 01 12  -59.39
1977 01 13  -36.72
1977 01 14  -41.94
1977 01 15  -53.72
1977 01 16   32.90
1977 01 17  122.14
1977 01 18   37.40
1977 01 19  -70.92
1977 01 20  -63.03
1977 01 21  -19.19
1977 01 22  -16.70
1977 01 23  -59.34
1977 01 24 -148.55
1977 01 25 -218.67
1977 01 26 -235.88
1977 01 27 -189.99
1977 01 28 -168.87
1977 01 29 -162.32
1977 01 30  -93.72
1977 01 31  -26.10
1977 02 01  -57.77
1977 02 02  -43.55
1977 02 03  -64.67
1977 02 04  -17.09
1977 02 05   28.13
1977 02 06   11.36
1977 02 07   29.70
1977 02 08  130.15
1977 02 09  178.08
1977 02 10  148.99
1977 02 11  105.17
1977 02 12   93.08
1977 02 13   51.97
1977 02 14   25.80
1977 02 15   51.44
1977 02 16   64.77
1977 02 17   73.19
1977 02 18   -0.37
1977 02 19  -41.01
1977 02 20    2.53
1977 02 21  121.61
1977 02 22  156.33
1977 02 23  121.80
1977 02 24  151.18
1977 02 25  175.22
1977 02 26  148.63
1977 02 27  111.02
1977 02 28   59.28
1977 03 01   62.56
1977 03 02  133.88
1977 03 03  190.69
1977 03 04  167.28
1977 03 05  178.20
1977 03 06  252.62
1977 03 07  306.32
1977 03 08  304.03
1977 03 09  248.72
1977 03 10  169.95
1977 03 11  135.85
1977 03 12   36.43
1977 03 13  -30.73
1977 03 14  -65.65
1977 03 15 -130.04
1977 03 16 -124.10
1977 03 17  -72.38
1977 03 18  -38.94
1977 03 19   -9.99
1977 03 20   16.88
1977 03 21   66.06
1977 03 22   68.13
1977 03 23   80.37
1977 03 24   91.62
1977 03 25  111.39
1977 03 26  161.95
1977 03 27  105.01
1977 03 28   -6.32
1977 03 29  -81.42
1977 03 30 -121.72
1977 03 31 -113.28
1977 04 01 -104.70
1977 04 02 -128.85
1977 04 03 -134.19
1977 04 04 -131.54
1977 04 05 -130.07
1977 04 06  -86.84
1977 04 07  -33.70
1977 04 08   44.62
1977 04 09  169.50
1977 04 10  202.42
1977 04 11  169.48
1977 04 12  199.14
1977 04 13  167.67
1977 04 14  135.38
1977 04 15  140.11
1977 04 16   96.14
1977 04 17   45.78
1977 04 18   44.09
1977 04 19   45.32
1977 04 20    0.24
1977 04 21  -31.79
1977 04 22  -98.94
1977 04 23 -167.28
1977 04 24 -173.57
1977 04 25 -180.79
1977 04 26 -168.29
1977 04 27 -111.21
1977 04 28  -80.11
1977 04 29  -21.88
1977 04 30   -5.96
1977 05 01   -5.04
1977 05 02   78.29
1977 05 03  104.48
1977 05 04   67.51
1977 05 05  -26.15
1977 05 06 -119.10
1977 05 07 -105.96
1977 05 08  -68.16
1977 05 09  -24.28
1977 05 10   47.83
1977 05 11   62.05
1977 05 12   81.85
1977 05 13  107.45
1977 05 14   69.91
1977 05 15   -9.66
1977 05 16  -54.44
1977 05 17  -23.48
1977 05 18   19.09
1977 05 19   89.62
1977 05 20  122.94
1977 05 21  157.24
1977 05 22  173.44
1977 05 23  187.07
1977 05 24  193.40
1977 05 25  179.78
1977 05 26  162.41
1977 05 27  134.45
1977 05 28   89.05
1977 05 29   16.55
1977 05 30  -12.30
1977 05 31  -20.81
1977 06 01   -5.40
1977 06 02   41.22
1977 06 03   40.37
1977 06 04    4.85
1977 06 05  -65.45
1977 06 06  -85.25
1977 06 07  -57.49
1977 06 08  -49.20
1977 06 09  -85.53
1977 06 10 -126.97
1977 06 11 -119.53
1977 06 12 -122.45
1977 06 13 -133.99
1977 06 14 -118.24
1977 06 15  -75.82
1977 06 16  -33.58
1977 06 17    7.94
1977 06 18   47.62
1977 06 19   69.66
1977 06 20  111.48
1977 06 21  140.84
1977 06 22  133.56
1977 06 23  114.47
1977 06 24  131.14
1977 06 25   99.57
1977 06 26   53.29
1977 06 27   44.75
1977 06 28   54.52
1977 06 29   15.04
1977 06 30   14.93
1977 07 01   70.49
1977 07 02  126.43
1977 07 03  158.16
1977 07 04  161.17
1977 07 05  120.79
1977 07 06   47.46
1977 07 07  -33.44
1977 07 08  -29.80
1977 07 09   -0.77
1977 07 10  -18.96
1977 07 11  -46.31
1977 07 12  -31.66
1977 07 13   14.47
1977 07 14   34.52
1977 07 15   53.92
1977 07 16   72.36
1977 07 17   53.99
1977 07 18   24.99
1977 07 19    0.81
1977 07 20  -27.58
1977 07 21   -7.98
1977 07 22   27.90
1977 07 23    1.78
1977 07 24  -71.16
1977 07 25  -80.91
1977 07 26  -45.82
1977 07 27  -18.17
1977 07 28  -22.61
1977 07 29   -3.81
1977 07 30   16.15
1977 07 31    5.21
1977 08 01  -27.30
1977 08 02  -69.39
1977 08 03  -97.98
1977 08 04  -95.30
1977 08 05  -68.91
1977 08 06  -18.54
1977 08 07   30.38
1977 08 08   31.36
1977 08 09  -11.27
1977 08 10  -25.31
1977 08 11  -78.38
1977 08 12 -106.44
1977 08 13 -103.01
1977 08 14 -104.46
1977 08 15 -115.07
1977 08 16 -144.85
1977 08 17 -162.42
1977 08 18 -180.48
1977 08 19 -210.00
1977 08 20 -227.86
1977 08 21 -165.95
1977 08 22  -76.36
1977 08 23   -5.55
1977 08 24   42.14
1977 08 25   63.27
1977 08 26   90.59
1977 08 27  131.87
1977 08 28  136.75
1977 08 29   90.11
1977 08 30   21.95
1977 08 31   -5.55
1977 09 01   -9.79
1977 09 02    5.40
1977 09 03   35.49
1977 09 04   30.53
1977 09 05   14.74
1977 09 06    7.66
1977 09 07   26.60
1977 09 08    1.84
1977 09 09  -39.01
1977 09 10  -37.67
1977 09 11  -47.85
1977 09 12  -75.12
1977 09 13 -100.98
1977 09 14 -103.64
1977 09 15  -95.02
1977 09 16  -62.41
1977 09 17  -60.78
1977 09 18  -50.93
1977 09 19   22.22
1977 09 20   54.34
1977 09 21  -21.85
1977 09 22  -29.75
1977 09 23  -44.13
1977 09 24  -90.14
1977 09 25 -133.27
1977 09 26 -130.54
1977 09 27 -117.43
1977 09 28  -82.23
1977 09 29    3.53
1977 09 30   20.47
1977 10 01  -51.56
1977 10 02 -107.62
1977 10 03 -101.47
1977 10 04 -116.33
1977 10 05 -127.62
1977 10 06  -55.15
1977 10 07   16.45
1977 10 08   29.45
1977 10 09   17.50
1977 10 10   -9.37
1977 10 11    3.03
1977 10 12   67.13
1977 10 13   51.48
1977 10 14   -1.74
1977 10 15   77.79
1977 10 16  106.17
1977 10 17   93.06
1977 10 18   94.39
1977 10 19   81.37
1977 10 20   53.86
1977 10 21   90.72
1977 10 22  147.78
1977 10 23  199.75
1977 10 24  175.22
1977 10 25  185.70
1977 10 26  256.37
1977 10 27  197.31
1977 10 28  145.28
1977 10 29  190.85
1977 10 30  205.79
1977 10 31  183.50
1977 11 01  184.56
1977 11 02  206.21
1977 11 03  148.36
1977 11 04  124.28
1977 11 05  132.67
1977 11 06  193.37
1977 11 07  179.71
1977 11 08  123.04
1977 11 09  141.54
1977 11 10  100.50
1977 11 11  124.52
1977 11 12  179.94
1977 11 13  264.40
1977 11 14  301.72
1977 11 15  231.92
1977 11 16  108.47
1977 11 17  -68.11
1977 11 18 -188.38
1977 11 19 -210.71
1977 11 20 -205.27
1977 11 21 -198.72
1977 11 22 -123.02
1977 11 23  -96.52
1977 11 24  -29.45
1977 11 25   52.21
1977 11 26  111.93
1977 11 27   95.23
1977 11 28  122.23
1977 11 29  175.60
1977 11 30   62.10
1977 12 01   24.58
1977 12 02   80.71
1977 12 03   81.55
1977 12 04   28.89
1977 12 05   -1.64
1977 12 06    3.71
1977 12 07  -27.66
1977 12 08  -79.07
1977 12 09  -75.03
1977 12 10   16.16
1977 12 11  181.17
1977 12 12  251.90
1977 12 13  257.35
1977 12 14  212.22
1977 12 15  155.88
1977 12 16  100.44
1977 12 17   53.07
1977 12 18  -35.18
1977 12 19 -170.12
1977 12 20 -265.17
1977 12 21 -292.63
1977 12 22 -270.07
1977 12 23 -250.52
1977 12 24 -243.75
1977 12 25 -236.40
1977 12 26 -241.73
1977 12 27 -202.18
1977 12 28 -140.35
1977 12 29 -128.22
1977 12 30 -174.93
1977 12 31 -237.11
1978 01 01 -261.73
1978 01 02 -247.81
1978 01 03 -181.99
1978 01 04  -90.26
1978 01 05  -50.35
1978 01 06  -75.72
1978 01 07 -138.81
1978 01 08 -103.62
1978 01 09 -101.72
1978 01 10 -117.45
1978 01 11 -188.28
1978 01 12 -201.21
1978 01 13 -133.09
1978 01 14 -129.97
1978 01 15 -178.21
1978 01 16 -142.47
1978 01 17  -89.67
1978 01 18  -38.14
1978 01 19    1.27
1978 01 20   37.06
1978 01 21   77.62
1978 01 22   76.39
1978 01 23   10.59
1978 01 24  -12.81
1978 01 25   -7.38
1978 01 26  -96.93
1978 01 27 -151.54
1978 01 28 -145.10
1978 01 29 -157.64
1978 01 30 -187.67
1978 01 31 -194.79
1978 02 01 -189.55
1978 02 02 -135.03
1978 02 03  -63.60
1978 02 04  -28.36
1978 02 05   71.60
1978 02 06  218.74
1978 02 07  247.57
1978 02 08  179.72
1978 02 09   98.83
1978 02 10   27.71
1978 02 11   57.55
1978 02 12   21.36
1978 02 13    0.30
1978 02 14   -3.44
1978 02 15  -10.74
1978 02 16  -17.65
1978 02 17   36.73
1978 02 18    9.13
1978 02 19  -31.19
1978 02 20  -26.74
1978 02 21  -34.51
1978 02 22  -14.84
1978 02 23  -53.48
1978 02 24  -82.42
1978 02 25  -82.41
1978 02 26 -131.23
1978 02 27 -209.18
1978 02 28 -257.63
1978 03 01 -259.12
1978 03 02 -235.19
1978 03 03 -181.01
1978 03 04  -66.78
1978 03 05   58.08
1978 03 06  100.86
1978 03 07  105.38
1978 03 08   93.49
1978 03 09   24.07
1978 03 10  -11.57
1978 03 11  -36.08
1978 03 12   54.74
1978 03 13  134.84
1978 03 14   41.10
1978 03 15  -70.69
1978 03 16 -119.08
1978 03 17 -118.67
1978 03 18 -116.70
1978 03 19  -61.05
1978 03 20  -28.63
1978 03 21  -78.50
1978 03 22  -94.45
1978 03 23  -13.98
1978 03 24   -4.37
1978 03 25   -0.92
1978 03 26   38.81
1978 03 27   39.07
1978 03 28   30.31
1978 03 29  -15.56
1978 03 30   -5.38
1978 03 31   28.53
1978 04 01   73.77
1978 04 02  101.60
1978 04 03   58.27
1978 04 04   64.96
1978 04 05   44.54
1978 04 06    2.59
1978 04 07   53.79
1978 04 08   37.90
1978 04 09  -19.22
1978 04 10  -18.45
1978 04 11  -37.66
1978 04 12 -123.20
1978 04 13 -227.02
1978 04 14 -243.61
1978 04 15 -149.08
1978 04 16  -70.34
1978 04 17 -115.41
1978 04 18 -186.21
1978 04 19 -169.07
1978 04 20  -90.98
1978 04 21  -17.25
1978 04 22   -0.18
1978 04 23  -28.26
1978 04 24  -34.78
1978 04 25   -6.11
1978 04 26    6.38
1978 04 27    5.07
1978 04 28   46.61
1978 04 29  101.67
1978 04 30  115.72
1978 05 01  138.30
1978 05 02  173.46
1978 05 03  111.22
1978 05 04   23.13
1978 05 05  -54.50
1978 05 06  -77.89
1978 05 07  -50.10
1978 05 08   -8.81
1978 05 09   56.93
1978 05 10  137.16
1978 05 11  165.56
1978 05 12  160.31
1978 05 13  177.64
1978 05 14  138.82
1978 05 15  124.35
1978 05 16  107.88
1978 05 17   31.71
1978 05 18  -19.56
1978 05 19  -48.60
1978 05 20  -57.53
1978 05 21  -61.60
1978 05 22  -52.30
1978 05 23  -12.00
1978 05 24   83.10
1978 05 25  126.64
1978 05 26  146.04
1978 05 27  135.94
1978 05 28   67.03
1978 05 29  -36.59
1978 05 30  -96.60
1978 05 31 -106.88
1978 06 01  -80.91
1978 06 02  -94.19
1978 06 03 -152.93
1978 06 04 -183.91
1978 06 05 -162.86
1978 06 06 -123.58
1978 06 07  -99.83
1978 06 08  -13.84
1978 06 09   74.67
1978 06 10   88.64
1978 06 11   21.22
1978 06 12  -12.92
1978 06 13    8.24
1978 06 14    2.12
1978 06 15  -12.44
1978 06 16  -17.13
1978 06 17   -6.22
1978 06 18  -42.09
1978 06 19  -51.76
1978 06 20  -60.03
1978 06 21  -58.22
1978 06 22  -76.79
1978 06 23  -80.42
1978 06 24  -19.55
1978 06 25   18.35
1978 06 26   15.12
1978 06 27    4.30
1978 06 28  -21.55
1978 06 29  -35.58
1978 06 30   -5.18
1978 07 01   13.06
1978 07 02   40.86
1978 07 03   74.12
1978 07 04   46.79
1978 07 05   10.74
1978 07 06  -29.93
1978 07 07  -34.94
1978 07 08  -38.67
1978 07 09  -57.48
1978 07 10  -60.66
1978 07 11  -58.22
1978 07 12  -43.73
1978 07 13    0.95
1978 07 14   28.83
1978 07 15   57.21
1978 07 16   68.89
1978 07 17   16.21
1978 07 18  -42.38
1978 07 19  -82.99
1978 07 20  -99.79
1978 07 21  -90.97
1978 07 22  -59.43
1978 07 23  -28.34
1978 07 24  -21.55
1978 07 25  -40.90
1978 07 26  -40.07
1978 07 27    2.11
1978 07 28  -13.80
1978 07 29  -62.43
1978 07 30  -93.73
1978 07 31 -108.03
1978 08 01  -95.51
1978 08 02  -82.03
1978 08 03  -69.32
1978 08 04  -18.76
1978 08 05   48.77
1978 08 06   51.31
1978 08 07    1.62
1978 08 08    2.79
1978 08 09   55.91
1978 08 10   91.05
1978 08 11   76.26
1978 08 12   66.88
1978 08 13   82.59
1978 08 14   88.00
1978 08 15   37.93
1978 08 16  -15.86
1978 08 17  -43.61
1978 08 18  -50.90
1978 08 19  -53.64
1978 08 20  -66.54
1978 08 21  -93.97
1978 08 22  -92.63
1978 08 23  -82.75
1978 08 24  -57.33
1978 08 25  -32.35
1978 08 26  -20.60
1978 08 27  -30.11
1978 08 28  -42.24
1978 08 29   -9.48
1978 08 30   44.09
1978 08 31   82.19
1978 09 01   72.28
1978 09 02   17.38
1978 09 03   16.86
1978 09 04  -30.43
1978 09 05  -53.47
1978 09 06  -22.30
1978 09 07   14.54
1978 09 08   53.06
1978 09 09   81.21
1978 09 10   92.87
1978 09 11   64.38
1978 09 12   80.67
1978 09 13  111.97
1978 09 14  158.53
1978 09 15  165.41
1978 09 16   96.97
1978 09 17    6.72
1978 09 18  -15.44
1978 09 19   34.64
1978 09 20  113.47
1978 09 21  134.62
1978 09 22  106.89
1978 09 23    7.16
1978 09 24  -83.10
1978 09 25 -103.07
1978 09 26 -107.24
1978 09 27  -55.12
1978 09 28   -9.35
1978 09 29   28.64
1978 09 30   45.85
1978 10 01   56.01
1978 10 02   29.98
1978 10 03   11.50
1978 10 04   -7.89
1978 10 05  -46.16
1978 10 06  -32.27
1978 10 07   26.61
1978 10 08   38.64
1978 10 09   92.66
1978 10 10  137.05
1978 10 11   75.45
1978 10 12   -6.60
1978 10 13  -59.14
1978 10 14  -89.61
1978 10 15  -28.60
1978 10 16  -14.65
1978 10 17  -46.68
1978 10 18  -46.94
1978 10 19   -6.11
1978 10 20    7.73
1978 10 21   -9.64
1978 10 22  -14.87
1978 10 23   12.68
1978 10 24   18.60
1978 10 25    2.90
1978 10 26    6.56
1978 10 27    8.16
1978 10 28   32.70
1978 10 29   69.47
1978 10 30  117.25
1978 10 31  150.75
1978 11 01  161.60
1978 11 02  176.27
1978 11 03   88.36
1978 11 04   87.65
1978 11 05  111.11
1978 11 06  153.06
1978 11 07   97.64
1978 11 08  -17.29
1978 11 09 -144.21
1978 11 10 -206.32
1978 11 11 -228.62
1978 11 12 -239.45
1978 11 13 -247.80
1978 11 14 -183.13
1978 11 15 -107.32
1978 11 16  -65.36
1978 11 17 -123.61
1978 11 18 -232.53
1978 11 19 -286.47
1978 11 20 -287.78
1978 11 21 -280.28
1978 11 22 -224.50
1978 11 23 -177.64
1978 11 24 -152.89
1978 11 25 -136.55
1978 11 26  -82.52
1978 11 27  -16.68
1978 11 28    7.58
1978 11 29  -12.43
1978 11 30   -1.28
1978 12 01    9.82
1978 12 02   59.76
1978 12 03  132.34
1978 12 04   55.92
1978 12 05  -99.99
1978 12 06 -183.09
1978 12 07 -126.88
1978 12 08  -34.81
1978 12 09   26.35
1978 12 10   37.71
1978 12 11   63.86
1978 12 12   19.87
1978 12 13   69.06
1978 12 14  111.65
1978 12 15   71.86
1978 12 16   29.37
1978 12 17  -54.42
1978 12 18  -24.62
1978 12 19    3.03
1978 12 20   -4.93
1978 12 21  -24.72
1978 12 22    6.14
1978 12 23   95.57
1978 12 24   57.46
1978 12 25  -68.19
1978 12 26 -122.67
1978 12 27 -168.28
1978 12 28 -178.58
1978 12 29 -172.46
1978 12 30 -207.17
1978 12 31 -244.77
1979 01 01 -228.18
1979 01 02 -286.83
1979 01 03 -341.21
1979 01 04 -337.01
1979 01 05 -326.36
1979 01 06 -351.88
1979 01 07 -333.79
1979 01 08 -272.90
1979 01 09 -177.22
1979 01 10  -65.27
1979 01 11  -33.65
1979 01 12  -73.03
1979 01 13  -79.41
1979 01 14  -67.74
1979 01 15   -4.00
1979 01 16  117.68
1979 01 17  135.22
1979 01 18  126.83
1979 01 19   99.88
1979 01 20   17.61
1979 01 21    0.85
1979 01 22   37.66
1979 01 23   68.57
1979 01 24   24.29
1979 01 25  -15.62
1979 01 26  -14.90
1979 01 27  -57.02
1979 01 28  -93.25
1979 01 29 -116.00
1979 01 30 -160.54
1979 01 31 -212.12
1979 02 01 -182.50
1979 02 02  -86.77
1979 02 03  -20.89
1979 02 04   49.24
1979 02 05  162.75
1979 02 06  174.77
1979 02 07  154.70
1979 02 08  145.89
1979 02 09  189.33
1979 02 10  147.64
1979 02 11   71.00
1979 02 12    8.24
1979 02 13   71.47
1979 02 14   80.77
1979 02 15   33.84
1979 02 16   39.53
1979 02 17   85.61
1979 02 18  106.71
1979 02 19   45.21
1979 02 20  -23.80
1979 02 21  -27.28
1979 02 22  -54.34
1979 02 23  -69.91
1979 02 24  -41.11
1979 02 25   62.93
1979 02 26  123.66
1979 02 27  120.79
1979 02 28   57.31
1979 03 01   79.04
1979 03 02  156.48
1979 03 03  167.83
1979 03 04  189.19
1979 03 05  163.71
1979 03 06   78.64
1979 03 07   25.63
1979 03 08  -94.60
1979 03 09 -170.63
1979 03 10 -138.65
1979 03 11  -94.67
1979 03 12  -36.83
1979 03 13  -80.70
1979 03 14 -108.15
1979 03 15  -24.92
1979 03 16   38.03
1979 03 17   89.67
1979 03 18   21.07
1979 03 19  -93.96
1979 03 20 -140.38
1979 03 21 -217.29
1979 03 22 -278.34
1979 03 23 -321.79
1979 03 24 -316.03
1979 03 25 -337.19
1979 03 26 -339.94
1979 03 27 -267.82
1979 03 28 -141.56
1979 03 29  -75.97
1979 03 30  -50.73
1979 03 31  -47.84
1979 04 01  -87.62
1979 04 02  -93.22
1979 04 03  -83.45
1979 04 04  -32.48
1979 04 05    2.20
1979 04 06   41.96
1979 04 07   95.18
1979 04 08  106.25
1979 04 09  100.32
1979 04 10   37.31
1979 04 11   -3.51
1979 04 12   15.24
1979 04 13   25.78
1979 04 14  -13.47
1979 04 15  -41.93
1979 04 16  -12.11
1979 04 17   -4.93
1979 04 18  -26.74
1979 04 19  -86.56
1979 04 20 -199.61
1979 04 21 -273.63
1979 04 22 -293.25
1979 04 23 -271.18
1979 04 24 -248.47
1979 04 25 -296.48
1979 04 26 -313.02
1979 04 27 -266.39
1979 04 28 -218.49
1979 04 29 -175.30
1979 04 30 -109.47
1979 05 01  -66.47
1979 05 02  -41.33
1979 05 03    3.38
1979 05 04   29.85
1979 05 05   64.43
1979 05 06  132.90
1979 05 07  163.80
1979 05 08  146.65
1979 05 09  132.33
1979 05 10  134.25
1979 05 11   91.23
1979 05 12   66.87
1979 05 13   45.90
1979 05 14   19.77
1979 05 15   17.98
1979 05 16   73.00
1979 05 17  124.97
1979 05 18   96.92
1979 05 19   37.39
1979 05 20   40.55
1979 05 21   40.00
1979 05 22   46.88
1979 05 23   96.65
1979 05 24  128.51
1979 05 25  107.03
1979 05 26   86.81
1979 05 27   31.33
1979 05 28  -41.15
1979 05 29  -47.98
1979 05 30  -69.31
1979 05 31  -97.26
1979 06 01 -103.49
1979 06 02  -46.39
1979 06 03   19.57
1979 06 04   77.79
1979 06 05  120.81
1979 06 06   58.08
1979 06 07  -23.53
1979 06 08  -45.38
1979 06 09  -49.75
1979 06 10  -89.03
1979 06 11 -101.85
1979 06 12  -64.09
1979 06 13  -25.00
1979 06 14  -14.96
1979 06 15  -21.96
1979 06 16  -25.33
1979 06 17  -14.93
1979 06 18   -1.21
1979 06 19   -3.26
1979 06 20  -21.83
1979 06 21  -23.91
1979 06 22  -34.47
1979 06 23  -39.16
1979 06 24  -53.27
1979 06 25  -66.59
1979 06 26  -70.71
1979 06 27  -31.82
1979 06 28   -0.88
1979 06 29   17.23
1979 06 30   27.88
1979 07 01  -12.18
1979 07 02  -62.98
1979 07 03  -88.11
1979 07 04  -93.74
1979 07 05  -95.86
1979 07 06  -35.52
1979 07 07   28.50
1979 07 08   56.15
1979 07 09   88.22
1979 07 10   91.90
1979 07 11   56.71
1979 07 12   16.54
1979 07 13   -9.58
1979 07 14  -48.39
1979 07 15  -70.92
1979 07 16  -67.99
1979 07 17  -52.77
1979 07 18  -68.71
1979 07 19  -81.29
1979 07 20  -22.05
1979 07 21   18.91
1979 07 22    8.52
1979 07 23  -38.25
1979 07 24  -86.19
1979 07 25  -99.98
1979 07 26  -96.85
1979 07 27  -62.05
1979 07 28  -19.83
1979 07 29   -0.80
1979 07 30   19.29
1979 07 31   47.56
1979 08 01   43.01
1979 08 02    2.62
1979 08 03  -31.82
1979 08 04  -33.12
1979 08 05  -16.19
1979 08 06    8.98
1979 08 07  -12.28
1979 08 08  -40.67
1979 08 09  -28.29
1979 08 10  -36.22
1979 08 11  -39.11
1979 08 12  -18.42
1979 08 13  -19.63
1979 08 14  -26.44
1979 08 15    0.07
1979 08 16   23.90
1979 08 17    5.06
1979 08 18  -49.80
1979 08 19 -100.29
1979 08 20 -157.05
1979 08 21 -228.82
1979 08 22 -252.61
1979 08 23 -230.14
1979 08 24 -233.76
1979 08 25 -236.93
1979 08 26 -223.11
1979 08 27 -131.49
1979 08 28  -47.89
1979 08 29  -13.72
1979 08 30   40.95
1979 08 31   77.01
1979 09 01   62.90
1979 09 02   42.42
1979 09 03   65.36
1979 09 04   40.34
1979 09 05  -27.19
1979 09 06  -64.57
1979 09 07  -68.96
1979 09 08  -39.05
1979 09 09  -34.11
1979 09 10  -56.14
1979 09 11  -65.56
1979 09 12  -49.46
1979 09 13  -12.61
1979 09 14   -5.27
1979 09 15   29.42
1979 09 16   61.37
1979 09 17   12.45
1979 09 18  -69.66
1979 09 19  -77.69
1979 09 20  -59.01
1979 09 21  -29.37
1979 09 22   -9.68
1979 09 23  -16.66
1979 09 24  -75.30
1979 09 25  -68.30
1979 09 26   33.80
1979 09 27  105.17
1979 09 28  108.14
1979 09 29   95.41
1979 09 30   90.47
1979 10 01   91.29
1979 10 02   19.25
1979 10 03   30.82
1979 10 04   73.79
1979 10 05   11.20
1979 10 06  -36.32
1979 10 07  -94.22
1979 10 08 -136.92
1979 10 09 -117.74
1979 10 10 -137.52
1979 10 11 -126.98
1979 10 12  -82.17
1979 10 13  -61.59
1979 10 14   -9.23
1979 10 15   18.38
1979 10 16   46.76
1979 10 17   89.26
1979 10 18  128.34
1979 10 19  132.24
1979 10 20   76.44
1979 10 21   63.81
1979 10 22   64.17
1979 10 23   23.74
1979 10 24  -39.61
1979 10 25    9.80
1979 10 26   60.97
1979 10 27   81.46
1979 10 28   53.28
1979 10 29   19.26
1979 10 30  -33.68
1979 10 31  -87.27
1979 11 01  -90.08
1979 11 02  -43.80
1979 11 03  -63.15
1979 11 04 -127.12
1979 11 05 -252.56
1979 11 06 -298.32
1979 11 07 -326.40
1979 11 08 -332.22
1979 11 09 -286.62
1979 11 10 -257.16
1979 11 11 -202.15
1979 11 12 -170.81
1979 11 13 -154.83
1979 11 14 -144.53
1979 11 15 -109.17
1979 11 16   68.00
1979 11 17  184.09
1979 11 18  183.35
1979 11 19  148.64
1979 11 20  130.00
1979 11 21  107.89
1979 11 22  158.62
1979 11 23  109.33
1979 11 24    0.88
1979 11 25   36.46
1979 11 26   15.43
1979 11 27 -144.13
1979 11 28 -193.00
1979 11 29 -133.33
1979 11 30  -58.89
1979 12 01   60.90
1979 12 02  154.51
1979 12 03   11.46
1979 12 04    4.44
1979 12 05   34.61
1979 12 06   49.66
1979 12 07   44.38
1979 12 08   40.05
1979 12 09    0.62
1979 12 10  -43.98
1979 12 11  -67.37
1979 12 12  -67.48
1979 12 13  -98.39
1979 12 14 -148.81
1979 12 15 -241.41
1979 12 16 -155.77
1979 12 17   23.85
1979 12 18  104.00
1979 12 19  139.57
1979 12 20  204.57
1979 12 21  230.95
1979 12 22  194.32
1979 12 23  109.20
1979 12 24   94.64
1979 12 25  202.98
1979 12 26  209.67
1979 12 27   96.67
1979 12 28    9.86
1979 12 29  -76.32
1979 12 30  -97.77
1979 12 31  -43.95
1980 01 01  -33.99
1980 01 02  -19.28
1980 01 03  -33.93
1980 01 04 -126.81
1980 01 05 -214.35
1980 01 06 -300.95
1980 01 07 -300.88
1980 01 08 -253.42
1980 01 09 -159.89
1980 01 10   41.13
1980 01 11  178.49
1980 01 12  395.66
1980 01 13  480.45
1980 01 14  455.55
1980 01 15  436.78
1980 01 16  370.05
1980 01 17  213.09
1980 01 18   18.35
1980 01 19  -85.84
1980 01 20  -93.19
1980 01 21 -129.73
1980 01 22 -144.24
1980 01 23 -114.53
1980 01 24 -173.84
1980 01 25 -256.83
1980 01 26 -321.96
1980 01 27 -347.39
1980 01 28 -296.05
1980 01 29 -143.34
1980 01 30   -7.16
1980 01 31   48.38
1980 02 01   86.53
1980 02 02  147.65
1980 02 03  230.97
1980 02 04  130.07
1980 02 05   36.15
1980 02 06   63.69
1980 02 07   39.87
1980 02 08    1.77
1980 02 09  -64.89
1980 02 10 -164.24
1980 02 11 -250.12
1980 02 12 -320.68
1980 02 13 -380.59
1980 02 14 -407.01
1980 02 15 -361.18
1980 02 16 -271.48
1980 02 17 -144.83
1980 02 18  -15.44
1980 02 19   62.46
1980 02 20  116.56
1980 02 21  123.40
1980 02 22   73.75
1980 02 23    5.80
1980 02 24  -50.13
1980 02 25  -64.17
1980 02 26  -41.90
1980 02 27  -40.24
1980 02 28  -54.57
1980 02 29  -65.93
1980 03 01  -49.57
1980 03 02  -10.76
1980 03 03  -26.65
1980 03 04  -17.00
1980 03 05  -34.04
1980 03 06  -38.00
1980 03 07  -61.82
1980 03 08  -64.09
1980 03 09  -44.59
1980 03 10   27.04
1980 03 11  113.63
1980 03 12  141.40
1980 03 13  111.96
1980 03 14   80.19
1980 03 15  101.08
1980 03 16  119.69
1980 03 17  105.70
1980 03 18   81.73
1980 03 19   53.77
1980 03 20    4.57
1980 03 21  -32.83
1980 03 22  -29.80
1980 03 23   -9.02
1980 03 24   17.91
1980 03 25   61.02
1980 03 26   70.19
1980 03 27   39.90
1980 03 28   37.31
1980 03 29   17.09
1980 03 30   46.23
1980 03 31    8.82
1980 04 01  -52.48
1980 04 02  -39.35
1980 04 03  -44.50
1980 04 04   -1.11
1980 04 05   77.82
1980 04 06  143.43
1980 04 07  141.95
1980 04 08   74.62
1980 04 09   72.41
1980 04 10   51.35
1980 04 11  -69.34
1980 04 12  -63.28
1980 04 13   16.34
1980 04 14   42.42
1980 04 15   74.03
1980 04 16   94.74
1980 04 17  140.09
1980 04 18  182.39
1980 04 19  175.21
1980 04 20  138.28
1980 04 21  157.00
1980 04 22  158.30
1980 04 23  131.04
1980 04 24  133.65
1980 04 25   72.98
1980 04 26   63.45
1980 04 27  114.55
1980 04 28  116.58
1980 04 29  136.87
1980 04 30  140.41
1980 05 01  108.79
1980 05 02   86.99
1980 05 03   13.28
1980 05 04  -79.63
1980 05 05  -73.76
1980 05 06  -15.07
1980 05 07   50.18
1980 05 08   95.32
1980 05 09   55.79
1980 05 10   18.12
1980 05 11   -6.33
1980 05 12    8.35
1980 05 13   29.93
1980 05 14   28.57
1980 05 15   11.45
1980 05 16   -2.56
1980 05 17   41.63
1980 05 18  166.46
1980 05 19  259.37
1980 05 20  234.46
1980 05 21  159.18
1980 05 22  103.78
1980 05 23   30.70
1980 05 24  -12.57
1980 05 25  -33.23
1980 05 26  -63.86
1980 05 27  -64.89
1980 05 28  -75.44
1980 05 29  -94.75
1980 05 30  -86.81
1980 05 31  -45.08
1980 06 01  -39.94
1980 06 02  -97.84
1980 06 03 -161.43
1980 06 04 -194.61
1980 06 05 -203.86
1980 06 06 -187.67
1980 06 07 -192.46
1980 06 08 -176.19
1980 06 09 -145.64
1980 06 10 -123.53
1980 06 11  -64.94
1980 06 12  -13.29
1980 06 13  -12.38
1980 06 14  -64.68
1980 06 15  -83.49
1980 06 16  -43.08
1980 06 17  -36.52
1980 06 18  -59.10
1980 06 19  -60.62
1980 06 20  -37.23
1980 06 21    6.52
1980 06 22   70.68
1980 06 23   91.05
1980 06 24    8.19
1980 06 25  -68.99
1980 06 26  -82.75
1980 06 27  -74.21
1980 06 28 -104.17
1980 06 29 -107.62
1980 06 30  -76.84
1980 07 01  -56.24
1980 07 02  -48.89
1980 07 03  -33.41
1980 07 04  -16.44
1980 07 05  -17.16
1980 07 06    7.12
1980 07 07    8.50
1980 07 08   22.52
1980 07 09   28.51
1980 07 10   -5.19
1980 07 11  -35.61
1980 07 12  -30.53
1980 07 13   10.75
1980 07 14   40.08
1980 07 15   28.42
1980 07 16   -1.24
1980 07 17  -16.96
1980 07 18   -8.08
1980 07 19   26.48
1980 07 20   18.61
1980 07 21   -2.04
1980 07 22   22.18
1980 07 23   38.96
1980 07 24    0.98
1980 07 25  -17.26
1980 07 26  -12.18
1980 07 27    1.87
1980 07 28   20.81
1980 07 29   53.64
1980 07 30   78.28
1980 07 31   72.79
1980 08 01   83.26
1980 08 02   65.23
1980 08 03   41.90
1980 08 04  -12.37
1980 08 05  -79.39
1980 08 06 -113.28
1980 08 07  -88.56
1980 08 08  -35.56
1980 08 09  -15.44
1980 08 10  -56.06
1980 08 11  -58.99
1980 08 12  -11.22
1980 08 13   32.46
1980 08 14   68.10
1980 08 15  109.70
1980 08 16  113.13
1980 08 17   84.42
1980 08 18   28.45
1980 08 19   27.61
1980 08 20   -4.27
1980 08 21  -45.57
1980 08 22  -76.45
1980 08 23  -83.43
1980 08 24  -73.56
1980 08 25  -73.40
1980 08 26  -50.84
1980 08 27  -17.50
1980 08 28   23.03
1980 08 29   18.92
1980 08 30   -1.73
1980 08 31   -5.01
1980 09 01   35.49
1980 09 02   42.70
1980 09 03   59.83
1980 09 04   98.30
1980 09 05  109.01
1980 09 06  120.30
1980 09 07   81.06
1980 09 08   13.84
1980 09 09  -18.65
1980 09 10  -10.50
1980 09 11   -4.28
1980 09 12  -52.31
1980 09 13 -128.75
1980 09 14 -218.90
1980 09 15 -260.61
1980 09 16 -226.06
1980 09 17 -183.22
1980 09 18 -104.43
1980 09 19    2.72
1980 09 20   16.45
1980 09 21   31.94
1980 09 22   23.78
1980 09 23  -52.24
1980 09 24  -83.31
1980 09 25  -36.75
1980 09 26   32.41
1980 09 27  128.20
1980 09 28  187.40
1980 09 29  230.83
1980 09 30  173.84
1980 10 01   18.89
1980 10 02  -27.27
1980 10 03   29.68
1980 10 04   56.72
1980 10 05   36.70
1980 10 06   93.75
1980 10 07  101.40
1980 10 08   68.35
1980 10 09  -18.38
1980 10 10  -80.31
1980 10 11   -2.50
1980 10 12   41.06
1980 10 13   10.12
1980 10 14   -7.70
1980 10 15  -34.16
1980 10 16  -37.13
1980 10 17    7.43
1980 10 18   21.21
1980 10 19  -18.92
1980 10 20  -23.96
1980 10 21  -65.98
1980 10 22  -93.46
1980 10 23  -96.43
1980 10 24  -31.93
1980 10 25   -6.71
1980 10 26  -12.21
1980 10 27   14.50
1980 10 28   35.95
1980 10 29   17.56
1980 10 30  -42.13
1980 10 31  -19.63
1980 11 01   64.30
1980 11 02   68.55
1980 11 03   10.75
1980 11 04  -29.23
1980 11 05   -6.49
1980 11 06   79.43
1980 11 07  112.75
1980 11 08  103.35
1980 11 09   36.92
1980 11 10   -6.64
1980 11 11  -13.03
1980 11 12   -4.67
1980 11 13   -2.55
1980 11 14  -31.73
1980 11 15  -46.98
1980 11 16   44.02
1980 11 17  102.51
1980 11 18  105.80
1980 11 19   59.13
1980 11 20   60.39
1980 11 21  108.41
1980 11 22  127.74
1980 11 23   82.54
1980 11 24   45.25
1980 11 25   92.11
1980 11 26   79.74
1980 11 27  161.82
1980 11 28   68.39
1980 11 29  -45.64
1980 11 30 -121.25
1980 12 01 -182.80
1980 12 02 -184.82
1980 12 03 -115.78
1980 12 04  -73.73
1980 12 05  -85.78
1980 12 06 -111.19
1980 12 07  -77.19
1980 12 08  -44.33
1980 12 09  -51.79
1980 12 10  -25.63
1980 12 11   32.15
1980 12 12    9.24
1980 12 13   15.66
1980 12 14   43.63
1980 12 15    9.95
1980 12 16  -66.18
1980 12 17 -203.18
1980 12 18 -295.70
1980 12 19 -290.51
1980 12 20 -263.74
1980 12 21 -193.34
1980 12 22 -129.10
1980 12 23 -158.16
1980 12 24 -117.93
1980 12 25  -20.29
1980 12 26   39.90
1980 12 27  146.29
1980 12 28  106.08
1980 12 29   76.24
1980 12 30   18.42
1980 12 31  -96.76
1981 01 01 -168.87
1981 01 02 -171.04
1981 01 03 -114.63
1981 01 04  -78.96
1981 01 05  -98.36
1981 01 06  -69.48
1981 01 07  -40.11
1981 01 08  -80.53
1981 01 09  -54.13
1981 01 10  -74.52
1981 01 11 -118.69
1981 01 12 -166.37
1981 01 13 -120.77
1981 01 14 -107.39
1981 01 15  -87.41
1981 01 16  -85.36
1981 01 17 -110.22
1981 01 18 -116.51
1981 01 19  -95.45
1981 01 20 -110.50
1981 01 21  -81.09
1981 01 22  -22.92
1981 01 23   19.45
1981 01 24   27.56
1981 01 25    7.74
1981 01 26   24.45
1981 01 27   20.18
1981 01 28   18.51
1981 01 29  -22.76
1981 01 30  -52.43
1981 01 31 -106.12
1981 02 01 -150.27
1981 02 02 -139.05
1981 02 03 -130.60
1981 02 04 -145.91
1981 02 05 -178.95
1981 02 06 -270.69
1981 02 07 -339.24
1981 02 08 -356.48
1981 02 09 -302.03
1981 02 10 -155.52
1981 02 11  -31.24
1981 02 12    5.05
1981 02 13   80.90
1981 02 14  263.77
1981 02 15  332.01
1981 02 16  337.59
1981 02 17  329.21
1981 02 18  293.82
1981 02 19  253.03
1981 02 20  188.91
1981 02 21  103.56
1981 02 22   66.67
1981 02 23    4.08
1981 02 24  -74.30
1981 02 25  -58.48
1981 02 26  -74.40
1981 02 27 -107.78
1981 02 28 -113.75
1981 03 01  -32.64
1981 03 02   66.42
1981 03 03  117.00
1981 03 04  129.39
1981 03 05  128.00
1981 03 06   89.92
1981 03 07    8.73
1981 03 08  -71.32
1981 03 09 -103.58
1981 03 10  -94.68
1981 03 11 -118.48
1981 03 12  -50.17
1981 03 13   29.21
1981 03 14   14.51
1981 03 15  -41.60
1981 03 16 -114.93
1981 03 17 -186.32
1981 03 18 -177.49
1981 03 19 -169.95
1981 03 20 -151.67
1981 03 21  -99.62
1981 03 22   -8.09
1981 03 23   45.50
1981 03 24   53.35
1981 03 25   46.46
1981 03 26   35.12
1981 03 27   26.91
1981 03 28   48.22
1981 03 29   65.12
1981 03 30  110.49
1981 03 31  105.31
1981 04 01   63.31
1981 04 02  126.87
1981 04 03  122.55
1981 04 04   50.19
1981 04 05   44.31
1981 04 06   43.24
1981 04 07   42.54
1981 04 08   11.11
1981 04 09  -62.72
1981 04 10 -125.73
1981 04 11 -119.12
1981 04 12  -90.68
1981 04 13 -101.06
1981 04 14  -93.81
1981 04 15  -37.38
1981 04 16   26.10
1981 04 17   25.93
1981 04 18   37.40
1981 04 19   76.74
1981 04 20  159.62
1981 04 21  155.81
1981 04 22  125.35
1981 04 23  109.29
1981 04 24  120.57
1981 04 25   96.66
1981 04 26   40.18
1981 04 27   24.94
1981 04 28   39.91
1981 04 29  -28.61
1981 04 30  -17.25
1981 05 01   47.93
1981 05 02   47.28
1981 05 03   20.87
1981 05 04   -5.22
1981 05 05 -108.98
1981 05 06 -229.65
1981 05 07 -233.63
1981 05 08 -160.53
1981 05 09  -80.48
1981 05 10  -30.99
1981 05 11   -3.62
1981 05 12   17.92
1981 05 13   45.33
1981 05 14   52.25
1981 05 15   18.32
1981 05 16    4.73
1981 05 17    4.16
1981 05 18   30.28
1981 05 19   44.69
1981 05 20   62.33
1981 05 21   71.99
1981 05 22   70.28
1981 05 23   63.28
1981 05 24   51.10
1981 05 25   16.30
1981 05 26  -58.37
1981 05 27  -80.35
1981 05 28  -84.62
1981 05 29  -52.54
1981 05 30   14.44
1981 05 31   26.21
1981 06 01   65.05
1981 06 02  142.64
1981 06 03  210.73
1981 06 04  216.07
1981 06 05  167.84
1981 06 06  167.93
1981 06 07  153.76
1981 06 08  133.40
1981 06 09   97.91
1981 06 10   55.43
1981 06 11   33.14
1981 06 12   34.83
1981 06 13   25.35
1981 06 14   16.38
1981 06 15   48.77
1981 06 16   66.56
1981 06 17   56.01
1981 06 18   96.29
1981 06 19  137.32
1981 06 20  139.75
1981 06 21  139.11
1981 06 22  127.90
1981 06 23   97.64
1981 06 24   42.66
1981 06 25    3.62
1981 06 26    9.64
1981 06 27   31.14
1981 06 28   64.46
1981 06 29  113.40
1981 06 30  111.00
1981 07 01  122.34
1981 07 02  135.80
1981 07 03  122.28
1981 07 04   83.61
1981 07 05   91.81
1981 07 06  148.05
1981 07 07  190.77
1981 07 08  146.39
1981 07 09   61.33
1981 07 10    4.36
1981 07 11  -22.23
1981 07 12  -49.69
1981 07 13  -67.93
1981 07 14  -69.38
1981 07 15  -84.20
1981 07 16  -73.17
1981 07 17  -73.94
1981 07 18  -78.98
1981 07 19  -67.02
1981 07 20  -71.22
1981 07 21  -81.77
1981 07 22  -99.50
1981 07 23 -102.87
1981 07 24  -81.31
1981 07 25  -71.12
1981 07 26  -73.75
1981 07 27  -57.93
1981 07 28  -32.66
1981 07 29  -17.08
1981 07 30  -20.31
1981 07 31  -14.01
1981 08 01   10.01
1981 08 02   44.59
1981 08 03   55.16
1981 08 04   81.05
1981 08 05   57.98
1981 08 06    7.11
1981 08 07  -37.17
1981 08 08  -40.53
1981 08 09  -28.39
1981 08 10  -48.42
1981 08 11  -31.59
1981 08 12   23.08
1981 08 13   63.93
1981 08 14   69.29
1981 08 15   57.96
1981 08 16   40.85
1981 08 17   40.63
1981 08 18   46.15
1981 08 19   80.62
1981 08 20  132.98
1981 08 21  119.77
1981 08 22   41.04
1981 08 23   -8.30
1981 08 24  -52.26
1981 08 25 -134.89
1981 08 26 -138.85
1981 08 27  -93.27
1981 08 28  -55.65
1981 08 29  -38.75
1981 08 30   -1.00
1981 08 31   29.88
1981 09 01   45.71
1981 09 02   39.61
1981 09 03   62.28
1981 09 04  106.54
1981 09 05  123.58
1981 09 06   73.51
1981 09 07   37.00
1981 09 08   43.41
1981 09 09   90.91
1981 09 10  105.19
1981 09 11  109.81
1981 09 12  100.11
1981 09 13   84.36
1981 09 14   64.37
1981 09 15   34.86
1981 09 16  -18.04
1981 09 17  -55.97
1981 09 18    4.91
1981 09 19   75.75
1981 09 20   96.20
1981 09 21   73.69
1981 09 22   45.14
1981 09 23   23.95
1981 09 24   22.24
1981 09 25   40.82
1981 09 26   46.39
1981 09 27   59.00
1981 09 28   85.41
1981 09 29  100.08
1981 09 30  120.30
1981 10 01  124.13
1981 10 02   96.21
1981 10 03   72.53
1981 10 04  107.34
1981 10 05  115.74
1981 10 06   67.26
1981 10 07   63.39
1981 10 08   48.80
1981 10 09   15.50
1981 10 10  -63.04
1981 10 11 -133.76
1981 10 12 -167.64
1981 10 13 -161.10
1981 10 14 -116.61
1981 10 15  -68.21
1981 10 16  -93.97
1981 10 17 -132.22
1981 10 18 -139.06
1981 10 19 -175.36
1981 10 20 -231.69
1981 10 21 -256.81
1981 10 22 -275.83
1981 10 23 -269.30
1981 10 24 -261.23
1981 10 25 -102.33
1981 10 26   52.40
1981 10 27  146.04
1981 10 28  225.14
1981 10 29  239.63
1981 10 30  227.88
1981 10 31  192.08
1981 11 01   96.16
1981 11 02   52.81
1981 11 03   95.51
1981 11 04   67.68
1981 11 05   11.16
1981 11 06   22.04
1981 11 07   32.52
1981 11 08   38.90
1981 11 09   33.53
1981 11 10  102.47
1981 11 11  168.61
1981 11 12  161.45
1981 11 13   91.49
1981 11 14   42.31
1981 11 15  -27.31
1981 11 16  -42.33
1981 11 17  -49.83
1981 11 18  -40.21
1981 11 19   41.53
1981 11 20   79.17
1981 11 21  100.59
1981 11 22   99.36
1981 11 23   27.53
1981 11 24    1.93
1981 11 25   45.67
1981 11 26  -55.53
1981 11 27 -100.47
1981 11 28    5.63
1981 11 29   94.74
1981 11 30  184.90
1981 12 01  278.54
1981 12 02  262.52
1981 12 03  190.83
1981 12 04  187.85
1981 12 05  222.55
1981 12 06  173.22
1981 12 07   33.56
1981 12 08  -84.89
1981 12 09  -82.68
1981 12 10    3.42
1981 12 11   -9.42
1981 12 12  -32.09
1981 12 13  -30.66
1981 12 14    2.12
1981 12 15   -4.89
1981 12 16  -69.79
1981 12 17  -46.96
1981 12 18   19.38
1981 12 19   74.05
1981 12 20   81.97
1981 12 21   20.60
1981 12 22   35.69
1981 12 23   31.14
1981 12 24   55.70
1981 12 25   41.33
1981 12 26   34.69
1981 12 27    7.23
1981 12 28   -7.39
1981 12 29   29.03
1981 12 30   85.23
1981 12 31  111.08
1982 01 01  108.69
1982 01 02   89.69
1982 01 03   74.87
1982 01 04   57.11
1982 01 05   45.61
1982 01 06   27.84
1982 01 07  -21.67
1982 01 08  -69.46
1982 01 09  -97.13
1982 01 10  -94.85
1982 01 11  -96.25
1982 01 12  -88.85
1982 01 13    5.21
1982 01 14   47.75
1982 01 15  -11.97
1982 01 16   44.18
1982 01 17   70.98
1982 01 18    7.50
1982 01 19  -73.61
1982 01 20 -119.72
1982 01 21  -66.37
1982 01 22   30.00
1982 01 23  122.24
1982 01 24  190.05
1982 01 25  139.76
1982 01 26  205.48
1982 01 27  169.69
1982 01 28   90.43
1982 01 29   52.93
1982 01 30    5.86
1982 01 31  -16.32
1982 02 01 -129.26
1982 02 02 -270.41
1982 02 03 -328.87
1982 02 04 -378.40
1982 02 05 -427.65
1982 02 06 -457.25
1982 02 07 -448.81
1982 02 08 -372.69
1982 02 09 -219.43
1982 02 10  -80.18
1982 02 11   -8.96
1982 02 12  -23.57
1982 02 13    6.26
1982 02 14  184.54
1982 02 15  304.70
1982 02 16  365.91
1982 02 17  367.39
1982 02 18  317.89
1982 02 19  284.55
1982 02 20  200.60
1982 02 21  114.34
1982 02 22   36.00
1982 02 23    0.88
1982 02 24  -38.54
1982 02 25  -25.01
1982 02 26  -16.61
1982 02 27  -46.18
1982 02 28 -106.17
1982 03 01  -82.40
1982 03 02  -15.89
1982 03 03  -63.04
1982 03 04 -112.08
1982 03 05 -126.83
1982 03 06 -121.37
1982 03 07 -150.07
1982 03 08 -178.17
1982 03 09 -100.90
1982 03 10  -14.07
1982 03 11   67.32
1982 03 12  173.09
1982 03 13  128.36
1982 03 14   97.22
1982 03 15   64.29
1982 03 16  -56.37
1982 03 17 -136.04
1982 03 18  -85.69
1982 03 19  -59.48
1982 03 20  -98.72
1982 03 21 -171.00
1982 03 22 -187.63
1982 03 23 -150.05
1982 03 24  -77.16
1982 03 25  -32.16
1982 03 26  -37.83
1982 03 27    1.07
1982 03 28   76.89
1982 03 29  128.55
1982 03 30  125.00
1982 03 31   90.82
1982 04 01   88.08
1982 04 02   40.65
1982 04 03  -29.52
1982 04 04  -70.61
1982 04 05 -166.78
1982 04 06 -268.04
1982 04 07 -302.90
1982 04 08 -282.42
1982 04 09 -189.85
1982 04 10  -73.69
1982 04 11  118.28
1982 04 12  210.94
1982 04 13  193.77
1982 04 14  169.52
1982 04 15  173.45
1982 04 16  174.14
1982 04 17  152.27
1982 04 18   89.38
1982 04 19   37.78
1982 04 20    5.58
1982 04 21  -51.77
1982 04 22  -69.48
1982 04 23  -37.11
1982 04 24   -9.30
1982 04 25   22.17
1982 04 26   96.13
1982 04 27  177.55
1982 04 28  227.28
1982 04 29  220.03
1982 04 30  199.81
1982 05 01  181.45
1982 05 02  148.14
1982 05 03   66.74
1982 05 04  -11.63
1982 05 05  -28.61
1982 05 06   -2.06
1982 05 07  -20.73
1982 05 08  -57.82
1982 05 09  -36.96
1982 05 10   10.31
1982 05 11   69.45
1982 05 12  101.82
1982 05 13   94.79
1982 05 14   56.14
1982 05 15    2.49
1982 05 16    4.55
1982 05 17   47.34
1982 05 18  102.84
1982 05 19  115.12
1982 05 20  133.29
1982 05 21  141.91
1982 05 22  150.60
1982 05 23  145.17
1982 05 24  148.00
1982 05 25  100.64
1982 05 26   -5.30
1982 05 27  -59.24
1982 05 28  -96.98
1982 05 29 -139.32
1982 05 30 -173.94
1982 05 31 -186.23
1982 06 01 -148.64
1982 06 02 -104.50
1982 06 03  -70.08
1982 06 04  -33.11
1982 06 05  -12.37
1982 06 06  -46.09
1982 06 07  -78.23
1982 06 08  -86.49
1982 06 09  -97.57
1982 06 10  -35.10
1982 06 11   42.19
1982 06 12   43.14
1982 06 13   -2.25
1982 06 14  -17.64
1982 06 15  -34.60
1982 06 16  -61.79
1982 06 17  -94.15
1982 06 18  -84.77
1982 06 19  -59.06
1982 06 20  -23.53
1982 06 21   -3.91
1982 06 22   -8.22
1982 06 23  -31.53
1982 06 24  -83.10
1982 06 25 -105.02
1982 06 26  -47.18
1982 06 27    8.65
1982 06 28   33.34
1982 06 29   32.36
1982 06 30   69.42
1982 07 01   99.63
1982 07 02  104.34
1982 07 03  125.64
1982 07 04  138.73
1982 07 05  132.71
1982 07 06   86.50
1982 07 07   49.02
1982 07 08   32.32
1982 07 09   23.85
1982 07 10    8.60
1982 07 11   12.26
1982 07 12   24.32
1982 07 13   39.83
1982 07 14   41.54
1982 07 15    5.48
1982 07 16    8.33
1982 07 17   15.24
1982 07 18   11.28
1982 07 19   -8.23
1982 07 20  -56.98
1982 07 21  -70.12
1982 07 22  -60.76
1982 07 23  -82.25
1982 07 24 -103.41
1982 07 25 -107.15
1982 07 26 -119.04
1982 07 27 -137.09
1982 07 28 -119.82
1982 07 29  -86.97
1982 07 30  -44.43
1982 07 31  -14.70
1982 08 01   25.37
1982 08 02   62.52
1982 08 03   94.38
1982 08 04  123.82
1982 08 05  118.84
1982 08 06   72.73
1982 08 07   -5.63
1982 08 08   -8.26
1982 08 09   35.28
1982 08 10   64.76
1982 08 11   87.44
1982 08 12   57.62
1982 08 13   -2.28
1982 08 14  -26.85
1982 08 15  -52.74
1982 08 16  -74.48
1982 08 17  -64.85
1982 08 18  -84.58
1982 08 19 -120.56
1982 08 20 -129.39
1982 08 21 -122.37
1982 08 22 -150.40
1982 08 23 -157.12
1982 08 24 -135.61
1982 08 25  -93.72
1982 08 26  -57.71
1982 08 27  -25.27
1982 08 28  -26.48
1982 08 29  -31.46
1982 08 30   -3.00
1982 08 31   26.62
1982 09 01  -14.88
1982 09 02  -44.22
1982 09 03   -8.67
1982 09 04   -8.37
1982 09 05   24.43
1982 09 06  142.13
1982 09 07  171.14
1982 09 08  146.27
1982 09 09  140.59
1982 09 10  101.91
1982 09 11   72.69
1982 09 12   19.89
1982 09 13  -36.83
1982 09 14 -104.46
1982 09 15 -121.82
1982 09 16 -105.03
1982 09 17 -122.05
1982 09 18 -143.34
1982 09 19 -131.18
1982 09 20 -103.79
1982 09 21  -84.47
1982 09 22  -94.07
1982 09 23 -135.51
1982 09 24 -141.04
1982 09 25  -68.71
1982 09 26  -31.62
1982 09 27  -37.58
1982 09 28  -42.67
1982 09 29  -42.54
1982 09 30   -0.58
1982 10 01   58.64
1982 10 02  103.89
1982 10 03  133.07
1982 10 04  159.82
1982 10 05  189.88
1982 10 06  196.62
1982 10 07  174.07
1982 10 08  107.89
1982 10 09   19.97
1982 10 10  -18.73
1982 10 11  -19.95
1982 10 12  -50.00
1982 10 13  -95.28
1982 10 14 -151.51
1982 10 15 -169.14
1982 10 16 -136.47
1982 10 17 -145.42
1982 10 18 -221.11
1982 10 19 -263.88
1982 10 20 -165.31
1982 10 21  -54.98
1982 10 22   60.83
1982 10 23  111.35
1982 10 24   90.83
1982 10 25   94.01
1982 10 26  133.89
1982 10 27  111.22
1982 10 28   98.82
1982 10 29  130.55
1982 10 30  144.12
1982 10 31  135.32
1982 11 01  110.75
1982 11 02   49.53
1982 11 03   41.00
1982 11 04  119.94
1982 11 05  104.69
1982 11 06   62.58
1982 11 07  -10.62
1982 11 08  -50.03
1982 11 09  -48.41
1982 11 10  -60.31
1982 11 11 -117.24
1982 11 12 -160.33
1982 11 13 -128.80
1982 11 14  -83.88
1982 11 15  -18.33
1982 11 16   55.35
1982 11 17   98.74
1982 11 18   71.05
1982 11 19   37.58
1982 11 20  -54.98
1982 11 21 -129.65
1982 11 22 -162.63
1982 11 23 -160.29
1982 11 24 -151.70
1982 11 25  -85.13
1982 11 26    1.95
1982 11 27   85.63
1982 11 28  163.35
1982 11 29  221.58
1982 11 30  224.00
1982 12 01  158.87
1982 12 02  132.74
1982 12 03  162.95
1982 12 04  114.07
1982 12 05   36.97
1982 12 06  -54.75
1982 12 07 -140.96
1982 12 08 -109.54
1982 12 09 -193.35
1982 12 10 -249.11
1982 12 11 -149.61
1982 12 12   24.84
1982 12 13  119.90
1982 12 14  110.67
1982 12 15  102.26
1982 12 16  106.86
1982 12 17  113.37
1982 12 18   58.88
1982 12 19   50.33
1982 12 20   91.75
1982 12 21  123.23
1982 12 22  167.33
1982 12 23  172.40
1982 12 24  110.49
1982 12 25   65.62
1982 12 26   18.68
1982 12 27  -88.14
1982 12 28 -209.75
1982 12 29 -200.57
1982 12 30 -132.84
1982 12 31  -69.45
1983 01 01  -24.49
1983 01 02   63.58
1983 01 03  127.77
1983 01 04  159.45
1983 01 05  176.36
1983 01 06  233.05
1983 01 07  304.94
1983 01 08  327.67
1983 01 09  209.75
1983 01 10  139.89
1983 01 11  157.08
1983 01 12  170.91
1983 01 13  159.79
1983 01 14   83.06
1983 01 15   18.96
1983 01 16   36.96
1983 01 17   91.84
1983 01 18  103.88
1983 01 19   68.82
1983 01 20  -25.59
1983 01 21 -119.97
1983 01 22 -175.30
1983 01 23 -134.25
1983 01 24  -84.65
1983 01 25  -57.61
1983 01 26  -29.48
1983 01 27    5.69
1983 01 28  -29.74
1983 01 29  -37.27
1983 01 30  -29.89
1983 01 31  -91.17
1983 02 01 -168.68
1983 02 02 -128.90
1983 02 03  -40.85
1983 02 04   12.01
1983 02 05   72.49
1983 02 06  135.48
1983 02 07  133.42
1983 02 08   89.49
1983 02 09  105.34
1983 02 10   37.80
1983 02 11   17.34
1983 02 12   77.51
1983 02 13   42.00
1983 02 14   -4.87
1983 02 15  -35.67
1983 02 16  -38.07
1983 02 17   40.36
1983 02 18  130.92
1983 02 19  115.67
1983 02 20   98.27
1983 02 21   15.96
1983 02 22   -3.98
1983 02 23   28.47
1983 02 24   80.98
1983 02 25  112.40
1983 02 26   70.97
1983 02 27    1.88
1983 02 28  -68.93
1983 03 01  -81.91
1983 03 02  -30.78
1983 03 03   24.45
1983 03 04   45.85
1983 03 05    5.61
1983 03 06  -15.61
1983 03 07  -32.95
1983 03 08  -57.42
1983 03 09  -20.35
1983 03 10   43.94
1983 03 11   40.67
1983 03 12   19.93
1983 03 13   11.60
1983 03 14   -9.63
1983 03 15 -124.10
1983 03 16 -177.01
1983 03 17 -176.91
1983 03 18 -169.93
1983 03 19 -154.50
1983 03 20 -100.64
1983 03 21  -25.99
1983 03 22   28.71
1983 03 23   41.39
1983 03 24   44.29
1983 03 25   50.98
1983 03 26   33.07
1983 03 27   51.40
1983 03 28  111.26
1983 03 29  120.45
1983 03 30  141.23
1983 03 31  128.83
1983 04 01   91.05
1983 04 02  112.17
1983 04 03   22.83
1983 04 04  -56.30
1983 04 05  -66.15
1983 04 06  -78.30
1983 04 07  -77.50
1983 04 08  -80.66
1983 04 09  -57.72
1983 04 10  -54.80
1983 04 11  -37.08
1983 04 12   -9.38
1983 04 13  -49.24
1983 04 14 -112.11
1983 04 15 -144.97
1983 04 16 -125.75
1983 04 17 -109.76
1983 04 18  -17.16
1983 04 19   98.63
1983 04 20  118.83
1983 04 21   86.30
1983 04 22  -24.70
1983 04 23 -110.03
1983 04 24 -117.80
1983 04 25 -133.56
1983 04 26 -188.91
1983 04 27 -247.07
1983 04 28 -248.29
1983 04 29 -207.03
1983 04 30 -136.79
1983 05 01  -79.92
1983 05 02  -19.66
1983 05 03   54.03
1983 05 04   85.80
1983 05 05  114.37
1983 05 06  106.51
1983 05 07   81.11
1983 05 08   46.88
1983 05 09   -9.76
1983 05 10  -31.75
1983 05 11  -39.54
1983 05 12  -49.67
1983 05 13  -29.64
1983 05 14   -9.17
1983 05 15  -23.91
1983 05 16   13.51
1983 05 17   71.23
1983 05 18   33.41
1983 05 19  -22.34
1983 05 20   -9.87
1983 05 21   -3.00
1983 05 22    8.84
1983 05 23   37.80
1983 05 24   69.38
1983 05 25  119.38
1983 05 26  124.05
1983 05 27   45.93
1983 05 28  -71.38
1983 05 29 -107.17
1983 05 30  -92.44
1983 05 31  -79.27
1983 06 01  -84.55
1983 06 02  -94.71
1983 06 03  -73.43
1983 06 04  -56.44
1983 06 05  -77.04
1983 06 06  -69.54
1983 06 07  -37.33
1983 06 08   49.47
1983 06 09  139.78
1983 06 10  154.65
1983 06 11  132.06
1983 06 12   92.28
1983 06 13   46.44
1983 06 14   79.09
1983 06 15  125.13
1983 06 16  136.84
1983 06 17  131.81
1983 06 18  117.36
1983 06 19   94.47
1983 06 20   68.15
1983 06 21   45.24
1983 06 22   12.25
1983 06 23   -7.09
1983 06 24  -22.61
1983 06 25  -20.21
1983 06 26  -14.79
1983 06 27   16.90
1983 06 28   45.12
1983 06 29   78.37
1983 06 30  115.46
1983 07 01  118.92
1983 07 02  106.44
1983 07 03   61.38
1983 07 04   12.43
1983 07 05   22.90
1983 07 06   49.88
1983 07 07   52.67
1983 07 08   88.16
1983 07 09  137.34
1983 07 10  138.04
1983 07 11  146.89
1983 07 12  166.32
1983 07 13  143.50
1983 07 14   77.39
1983 07 15  -12.65
1983 07 16  -61.20
1983 07 17  -52.32
1983 07 18   -5.21
1983 07 19   14.31
1983 07 20   10.77
1983 07 21    5.73
1983 07 22    0.41
1983 07 23   -8.12
1983 07 24    5.19
1983 07 25   38.34
1983 07 26   71.64
1983 07 27   93.99
1983 07 28   90.51
1983 07 29   60.55
1983 07 30   55.92
1983 07 31   71.01
1983 08 01   92.57
1983 08 02   90.60
1983 08 03   65.63
1983 08 04   19.90
1983 08 05   19.42
1983 08 06   53.33
1983 08 07   35.09
1983 08 08   25.75
1983 08 09   47.21
1983 08 10   55.50
1983 08 11   86.17
1983 08 12  104.15
1983 08 13   78.91
1983 08 14   78.40
1983 08 15   78.00
1983 08 16   61.97
1983 08 17   26.71
1983 08 18   11.46
1983 08 19   17.51
1983 08 20   -6.06
1983 08 21  -34.02
1983 08 22  -32.46
1983 08 23  -14.40
1983 08 24   18.01
1983 08 25    6.07
1983 08 26    2.68
1983 08 27    9.53
1983 08 28   12.81
1983 08 29   -8.17
1983 08 30  -24.46
1983 08 31  -23.07
1983 09 01  -19.23
1983 09 02   44.69
1983 09 03   71.78
1983 09 04   91.75
1983 09 05   95.85
1983 09 06   85.76
1983 09 07   74.58
1983 09 08   51.66
1983 09 09   53.46
1983 09 10   44.88
1983 09 11   18.88
1983 09 12   19.77
1983 09 13   57.73
1983 09 14   69.73
1983 09 15   49.33
1983 09 16   33.96
1983 09 17   -3.56
1983 09 18  -51.33
1983 09 19  -99.28
1983 09 20 -126.97
1983 09 21 -113.96
1983 09 22  -52.70
1983 09 23   16.31
1983 09 24   67.29
1983 09 25   57.64
1983 09 26   62.96
1983 09 27   43.66
1983 09 28  -13.69
1983 09 29  -64.65
1983 09 30  -68.28
1983 10 01  -28.56
1983 10 02   -8.74
1983 10 03   28.91
1983 10 04   -4.25
1983 10 05  -68.62
1983 10 06  -55.28
1983 10 07  -41.10
1983 10 08  -46.22
1983 10 09  -76.31
1983 10 10 -128.26
1983 10 11 -164.34
1983 10 12 -127.31
1983 10 13  -63.53
1983 10 14  -31.74
1983 10 15  -16.54
1983 10 16  -21.43
1983 10 17   16.43
1983 10 18   48.51
1983 10 19  110.22
1983 10 20  138.34
1983 10 21  150.64
1983 10 22  153.50
1983 10 23  154.11
1983 10 24  140.24
1983 10 25   70.41
1983 10 26   27.62
1983 10 27   88.82
1983 10 28   85.03
1983 10 29   75.85
1983 10 30  117.54
1983 10 31  129.34
1983 11 01  141.92
1983 11 02  172.58
1983 11 03  211.19
1983 11 04  200.18
1983 11 05  132.62
1983 11 06   70.58
1983 11 07   15.40
1983 11 08  -12.21
1983 11 09   15.48
1983 11 10   16.47
1983 11 11   70.51
1983 11 12   89.47
1983 11 13  101.39
1983 11 14   67.21
1983 11 15   56.78
1983 11 16  120.22
1983 11 17  154.36
1983 11 18  157.29
1983 11 19  135.95
1983 11 20   60.05
1983 11 21  -14.67
1983 11 22   48.31
1983 11 23   49.43
1983 11 24  -17.09
1983 11 25   -6.91
1983 11 26   16.06
1983 11 27  -57.34
1983 11 28 -145.69
1983 11 29 -145.79
1983 11 30 -119.30
1983 12 01  -22.79
1983 12 02   57.61
1983 12 03  110.89
1983 12 04   72.62
1983 12 05    0.66
1983 12 06  -15.33
1983 12 07  -20.18
1983 12 08   11.19
1983 12 09   30.54
1983 12 10   55.17
1983 12 11   55.77
1983 12 12   61.85
1983 12 13   15.29
1983 12 14  -59.32
1983 12 15 -167.48
1983 12 16 -217.77
1983 12 17 -258.92
1983 12 18 -299.27
1983 12 19 -326.20
1983 12 20 -340.89
1983 12 21 -361.98
1983 12 22 -462.97
1983 12 23 -524.47
1983 12 24 -553.65
1983 12 25 -389.39
1983 12 26 -200.75
1983 12 27 -195.39
1983 12 28 -242.62
1983 12 29 -158.31
1983 12 30    4.60
1983 12 31   70.56
1984 01 01   99.23
1984 01 02  133.50
1984 01 03  125.84
1984 01 04  172.20
1984 01 05   89.55
1984 01 06   -4.18
1984 01 07  -45.22
1984 01 08  -54.66
1984 01 09  -57.50
1984 01 10   22.54
1984 01 11   31.11
1984 01 12  -96.14
1984 01 13 -236.54
1984 01 14 -283.84
1984 01 15 -311.23
1984 01 16 -325.74
1984 01 17 -292.30
1984 01 18 -205.95
1984 01 19  -93.93
1984 01 20   30.48
1984 01 21  130.54
1984 01 22  193.84
1984 01 23  238.44
1984 01 24  234.63
1984 01 25  226.96
1984 01 26  191.53
1984 01 27  165.96
1984 01 28  103.85
1984 01 29   39.58
1984 01 30   50.06
1984 01 31   80.40
1984 02 01   87.95
1984 02 02   69.41
1984 02 03  -38.29
1984 02 04  -86.17
1984 02 05  -55.89
1984 02 06   58.71
1984 02 07  159.04
1984 02 08  201.83
1984 02 09  216.88
1984 02 10  284.43
1984 02 11  322.69
1984 02 12  336.32
1984 02 13  328.79
1984 02 14  270.52
1984 02 15  218.39
1984 02 16  182.81
1984 02 17  171.25
1984 02 18  174.61
1984 02 19  138.01
1984 02 20  101.71
1984 02 21  111.84
1984 02 22  143.73
1984 02 23  172.03
1984 02 24  171.90
1984 02 25  149.71
1984 02 26   47.40
1984 02 27   41.75
1984 02 28  113.34
1984 02 29  123.68
1984 03 01  143.68
1984 03 02   82.66
1984 03 03  -69.84
1984 03 04 -168.64
1984 03 05 -232.17
1984 03 06 -220.13
1984 03 07 -233.92
1984 03 08 -240.97
1984 03 09 -218.78
1984 03 10 -132.14
1984 03 11 -105.42
1984 03 12  -76.36
1984 03 13  -41.28
1984 03 14   46.36
1984 03 15   73.84
1984 03 16   95.58
1984 03 17  106.56
1984 03 18  124.89
1984 03 19   66.88
1984 03 20    8.18
1984 03 21   57.38
1984 03 22   79.09
1984 03 23   96.58
1984 03 24   90.61
1984 03 25  135.47
1984 03 26  103.39
1984 03 27   42.02
1984 03 28   50.13
1984 03 29   35.21
1984 03 30   13.46
1984 03 31   15.53
1984 04 01    9.17
1984 04 02  -21.72
1984 04 03  -25.05
1984 04 04  -81.03
1984 04 05  -34.38
1984 04 06   72.09
1984 04 07  191.96
1984 04 08  261.40
1984 04 09  275.29
1984 04 10  209.57
1984 04 11  147.67
1984 04 12  120.04
1984 04 13   29.72
1984 04 14  -18.78
1984 04 15   44.44
1984 04 16  111.10
1984 04 17  157.32
1984 04 18  142.90
1984 04 19  116.18
1984 04 20  122.06
1984 04 21  203.98
1984 04 22  205.41
1984 04 23  189.96
1984 04 24   98.04
1984 04 25  -59.43
1984 04 26 -157.39
1984 04 27 -139.81
1984 04 28  -51.18
1984 04 29   38.81
1984 04 30  116.03
1984 05 01  209.82
1984 05 02  248.53
1984 05 03  199.23
1984 05 04  135.32
1984 05 05   76.29
1984 05 06   -5.93
1984 05 07  -53.77
1984 05 08   27.68
1984 05 09   86.13
1984 05 10  109.28
1984 05 11  112.54
1984 05 12  101.99
1984 05 13   61.54
1984 05 14   47.02
1984 05 15   17.49
1984 05 16   -0.36
1984 05 17   40.08
1984 05 18   98.59
1984 05 19  133.49
1984 05 20  152.73
1984 05 21  128.13
1984 05 22  118.25
1984 05 23  162.43
1984 05 24  156.24
1984 05 25  118.99
1984 05 26   81.32
1984 05 27   60.99
1984 05 28   70.95
1984 05 29   67.02
1984 05 30   56.77
1984 05 31   30.40
1984 06 01  -15.42
1984 06 02   -0.84
1984 06 03   84.12
1984 06 04  123.67
1984 06 05  122.10
1984 06 06  113.03
1984 06 07   86.39
1984 06 08   34.69
1984 06 09  -19.43
1984 06 10  -22.93
1984 06 11  -25.55
1984 06 12  -55.71
1984 06 13  -42.05
1984 06 14   11.88
1984 06 15   24.56
1984 06 16    9.27
1984 06 17  -21.58
1984 06 18  -31.53
1984 06 19  -15.06
1984 06 20  -24.21
1984 06 21  -28.81
1984 06 22  -13.44
1984 06 23   18.65
1984 06 24   54.72
1984 06 25   82.59
1984 06 26  144.47
1984 06 27  164.06
1984 06 28  116.16
1984 06 29  116.16
1984 06 30  135.73
1984 07 01  111.64
1984 07 02   52.37
1984 07 03   12.37
1984 07 04  -17.06
1984 07 05  -61.46
1984 07 06  -69.19
1984 07 07  -43.90
1984 07 08    3.13
1984 07 09   69.36
1984 07 10   87.86
1984 07 11   84.96
1984 07 12   81.38
1984 07 13   74.97
1984 07 14   50.45
1984 07 15   25.40
1984 07 16   36.63
1984 07 17   31.69
1984 07 18   42.95
1984 07 19   37.38
1984 07 20    9.35
1984 07 21  -21.04
1984 07 22  -46.39
1984 07 23  -74.74
1984 07 24  -99.02
1984 07 25 -105.52
1984 07 26  -61.83
1984 07 27    1.04
1984 07 28    8.06
1984 07 29    8.94
1984 07 30    3.13
1984 07 31  -15.40
1984 08 01  -28.63
1984 08 02  -42.87
1984 08 03  -56.67
1984 08 04  -38.21
1984 08 05  -22.58
1984 08 06   -8.36
1984 08 07   -0.21
1984 08 08   10.79
1984 08 09   29.92
1984 08 10   35.83
1984 08 11   16.42
1984 08 12    3.58
1984 08 13   -0.36
1984 08 14  -14.36
1984 08 15  -17.14
1984 08 16  -17.89
1984 08 17  -12.37
1984 08 18   22.29
1984 08 19   17.11
1984 08 20  -29.67
1984 08 21  -76.91
1984 08 22  -85.28
1984 08 23  -58.84
1984 08 24  -14.09
1984 08 25   20.21
1984 08 26   33.21
1984 08 27   13.97
1984 08 28    4.67
1984 08 29  -10.56
1984 08 30   -1.57
1984 08 31   27.86
1984 09 01    8.83
1984 09 02  -21.64
1984 09 03  -27.16
1984 09 04  -10.11
1984 09 05   58.51
1984 09 06  110.19
1984 09 07   93.40
1984 09 08   85.23
1984 09 09   50.84
1984 09 10   30.27
1984 09 11   47.05
1984 09 12   31.72
1984 09 13  -14.80
1984 09 14   38.12
1984 09 15  100.70
1984 09 16   99.00
1984 09 17   44.98
1984 09 18  -30.21
1984 09 19  -71.76
1984 09 20  -70.14
1984 09 21  -97.12
1984 09 22 -163.49
1984 09 23 -194.15
1984 09 24 -148.77
1984 09 25  -96.42
1984 09 26 -128.32
1984 09 27 -163.39
1984 09 28 -136.72
1984 09 29  -61.30
1984 09 30   43.33
1984 10 01  106.03
1984 10 02   57.24
1984 10 03   42.99
1984 10 04  108.43
1984 10 05  156.14
1984 10 06  140.53
1984 10 07  134.17
1984 10 08  170.94
1984 10 09  172.61
1984 10 10  173.04
1984 10 11  154.26
1984 10 12  185.00
1984 10 13  182.08
1984 10 14   41.97
1984 10 15  -73.42
1984 10 16 -178.98
1984 10 17 -230.54
1984 10 18 -242.06
1984 10 19 -192.74
1984 10 20 -116.85
1984 10 21  -80.34
1984 10 22  -69.92
1984 10 23  -57.43
1984 10 24  -38.75
1984 10 25   31.41
1984 10 26  -26.13
1984 10 27  -44.60
1984 10 28  -29.78
1984 10 29  -40.26
1984 10 30  -46.37
1984 10 31  -13.02
1984 11 01   53.00
1984 11 02  167.87
1984 11 03  152.73
1984 11 04   21.52
1984 11 05   28.00
1984 11 06   96.42
1984 11 07  125.54
1984 11 08  101.91
1984 11 09   95.44
1984 11 10   38.53
1984 11 11  -53.71
1984 11 12  -67.54
1984 11 13  -61.29
1984 11 14  -23.04
1984 11 15  -11.81
1984 11 16   35.82
1984 11 17   93.75
1984 11 18  150.16
1984 11 19  139.57
1984 11 20   76.90
1984 11 21   74.01
1984 11 22  156.60
1984 11 23  219.14
1984 11 24  196.63
1984 11 25  138.84
1984 11 26   29.43
1984 11 27   71.45
1984 11 28  147.90
1984 11 29   94.58
1984 11 30   46.01
1984 12 01   -4.70
1984 12 02  -45.56
1984 12 03  -70.64
1984 12 04  -36.96
1984 12 05   26.87
1984 12 06   89.26
1984 12 07   93.23
1984 12 08   93.15
1984 12 09  100.47
1984 12 10   52.68
1984 12 11   86.89
1984 12 12   91.25
1984 12 13   54.97
1984 12 14   23.90
1984 12 15 -136.16
1984 12 16 -253.63
1984 12 17 -337.32
1984 12 18 -312.59
1984 12 19 -219.31
1984 12 20 -108.35
1984 12 21 -108.21
1984 12 22 -159.94
1984 12 23 -198.11
1984 12 24 -153.99
1984 12 25 -120.24
1984 12 26 -101.70
1984 12 27  -95.35
1984 12 28  -59.79
1984 12 29   -7.17
1984 12 30   12.38
1984 12 31  -77.74
1985 01 01  -80.10
1985 01 02  -47.39
1985 01 03  -43.61
1985 01 04  -51.40
1985 01 05  -37.70
1985 01 06  -68.70
1985 01 07  -69.31
1985 01 08  -52.41
1985 01 09  -70.49
1985 01 10 -108.69
1985 01 11 -124.01
1985 01 12 -129.74
1985 01 13 -119.58
1985 01 14  -60.92
1985 01 15  -83.35
1985 01 16  -44.12
1985 01 17  -55.32
1985 01 18  -98.95
1985 01 19  -78.29
1985 01 20  -74.52
1985 01 21  -91.47
1985 01 22 -115.55
1985 01 23 -127.89
1985 01 24 -113.32
1985 01 25  -98.66
1985 01 26 -118.91
1985 01 27 -166.52
1985 01 28 -226.10
1985 01 29 -261.75
1985 01 30 -258.90
1985 01 31 -221.89
1985 02 01 -195.31
1985 02 02 -183.59
1985 02 03 -166.29
1985 02 04 -134.44
1985 02 05  -84.38
1985 02 06  -31.08
1985 02 07   27.43
1985 02 08   85.48
1985 02 09  131.59
1985 02 10  157.78
1985 02 11  219.93
1985 02 12  225.18
1985 02 13  151.68
1985 02 14  238.78
1985 02 15  298.75
1985 02 16  250.34
1985 02 17  227.27
1985 02 18  192.03
1985 02 19  159.70
1985 02 20  125.73
1985 02 21  109.64
1985 02 22   68.73
1985 02 23   77.93
1985 02 24   94.58
1985 02 25   63.40
1985 02 26   26.92
1985 02 27    9.16
1985 02 28   -4.14
1985 03 01  -76.99
1985 03 02  -99.00
1985 03 03   -9.46
1985 03 04    2.55
1985 03 05  -79.40
1985 03 06  -13.90
1985 03 07   30.16
1985 03 08  -54.29
1985 03 09  -74.71
1985 03 10  -78.06
1985 03 11  -32.49
1985 03 12   36.79
1985 03 13   31.92
1985 03 14   48.82
1985 03 15   58.06
1985 03 16   21.99
1985 03 17   67.98
1985 03 18  116.50
1985 03 19  150.20
1985 03 20  165.30
1985 03 21  155.86
1985 03 22  151.25
1985 03 23  137.61
1985 03 24  149.52
1985 03 25  155.14
1985 03 26  147.95
1985 03 27   97.46
1985 03 28   43.72
1985 03 29   70.43
1985 03 30  156.25
1985 03 31  146.84
1985 04 01  102.81
1985 04 02   26.32
1985 04 03   26.34
1985 04 04   15.07
1985 04 05  -37.28
1985 04 06 -129.92
1985 04 07 -138.73
1985 04 08  -65.37
1985 04 09  -17.78
1985 04 10    2.86
1985 04 11   41.26
1985 04 12   94.80
1985 04 13  114.45
1985 04 14   88.25
1985 04 15   47.87
1985 04 16  105.77
1985 04 17  203.32
1985 04 18  217.71
1985 04 19  175.86
1985 04 20  162.36
1985 04 21  169.05
1985 04 22  169.69
1985 04 23  163.33
1985 04 24  120.80
1985 04 25   93.15
1985 04 26  161.72
1985 04 27  187.63
1985 04 28  129.43
1985 04 29  106.94
1985 04 30  112.72
1985 05 01   76.17
1985 05 02   47.71
1985 05 03   67.50
1985 05 04   36.29
1985 05 05  -52.38
1985 05 06 -115.57
1985 05 07  -72.18
1985 05 08   17.62
1985 05 09  123.64
1985 05 10  194.83
1985 05 11  221.48
1985 05 12  227.61
1985 05 13  223.78
1985 05 14  175.88
1985 05 15   28.48
1985 05 16 -125.25
1985 05 17 -191.08
1985 05 18 -143.39
1985 05 19 -101.69
1985 05 20  -67.45
1985 05 21 -103.12
1985 05 22 -120.32
1985 05 23  -96.65
1985 05 24  -50.29
1985 05 25  -57.36
1985 05 26  -67.37
1985 05 27  -41.68
1985 05 28   17.76
1985 05 29   83.28
1985 05 30   91.72
1985 05 31   37.97
1985 06 01   21.06
1985 06 02  -16.90
1985 06 03   -3.73
1985 06 04   29.29
1985 06 05   25.14
1985 06 06   39.77
1985 06 07   88.95
1985 06 08   92.86
1985 06 09   42.64
1985 06 10   37.71
1985 06 11  118.81
1985 06 12  169.38
1985 06 13  182.18
1985 06 14  168.65
1985 06 15  118.82
1985 06 16   22.86
1985 06 17  -25.54
1985 06 18    0.98
1985 06 19   40.01
1985 06 20   56.49
1985 06 21   51.67
1985 06 22    9.08
1985 06 23  -35.92
1985 06 24  -32.06
1985 06 25   -7.32
1985 06 26  -14.45
1985 06 27  -39.68
1985 06 28  -89.00
1985 06 29 -111.67
1985 06 30 -125.00
1985 07 01 -138.89
1985 07 02 -106.56
1985 07 03  -42.87
1985 07 04   -0.96
1985 07 05   10.08
1985 07 06  -31.56
1985 07 07  -74.26
1985 07 08  -97.09
1985 07 09 -111.95
1985 07 10  -60.76
1985 07 11  -42.05
1985 07 12  -41.41
1985 07 13  -20.91
1985 07 14    2.26
1985 07 15    9.91
1985 07 16   -3.43
1985 07 17  -25.90
1985 07 18  -48.75
1985 07 19  -54.94
1985 07 20  -26.48
1985 07 21    8.03
1985 07 22   42.76
1985 07 23   37.12
1985 07 24   -9.09
1985 07 25  -25.46
1985 07 26  -36.20
1985 07 27  -46.49
1985 07 28  -52.05
1985 07 29  -24.74
1985 07 30   20.07
1985 07 31   58.68
1985 08 01   80.05
1985 08 02   65.07
1985 08 03   51.74
1985 08 04   75.05
1985 08 05   57.80
1985 08 06   47.65
1985 08 07   59.82
1985 08 08   78.66
1985 08 09   62.01
1985 08 10    0.34
1985 08 11  -48.85
1985 08 12  -80.23
1985 08 13  -98.57
1985 08 14 -125.58
1985 08 15  -99.02
1985 08 16  -60.12
1985 08 17  -43.24
1985 08 18  -47.78
1985 08 19  -39.23
1985 08 20  -38.44
1985 08 21  -12.60
1985 08 22  -27.37
1985 08 23  -89.08
1985 08 24 -116.78
1985 08 25 -100.93
1985 08 26  -91.25
1985 08 27  -81.52
1985 08 28  -74.05
1985 08 29  -54.26
1985 08 30  -39.88
1985 08 31  -60.48
1985 09 01  -93.22
1985 09 02  -76.20
1985 09 03  -63.15
1985 09 04  -39.63
1985 09 05  -37.01
1985 09 06  -88.86
1985 09 07 -138.62
1985 09 08 -110.25
1985 09 09  -53.52
1985 09 10   -5.58
1985 09 11   -5.09
1985 09 12  -32.29
1985 09 13  -64.57
1985 09 14  -62.28
1985 09 15  -17.27
1985 09 16   16.17
1985 09 17  -29.07
1985 09 18  -37.67
1985 09 19   16.31
1985 09 20   20.53
1985 09 21  -34.38
1985 09 22  -80.55
1985 09 23  -95.24
1985 09 24 -144.28
1985 09 25 -155.76
1985 09 26 -153.35
1985 09 27 -137.93
1985 09 28 -139.26
1985 09 29 -108.59
1985 09 30  -31.72
1985 10 01   61.87
1985 10 02   67.58
1985 10 03  -18.11
1985 10 04  -70.59
1985 10 05 -122.75
1985 10 06 -172.09
1985 10 07 -142.41
1985 10 08  -88.41
1985 10 09    7.99
1985 10 10   60.26
1985 10 11   57.35
1985 10 12   61.60
1985 10 13   40.55
1985 10 14   11.36
1985 10 15   10.19
1985 10 16   60.50
1985 10 17  120.12
1985 10 18  101.58
1985 10 19   97.85
1985 10 20   58.90
1985 10 21   97.18
1985 10 22  187.23
1985 10 23  214.38
1985 10 24  196.72
1985 10 25  210.87
1985 10 26  165.89
1985 10 27  130.69
1985 10 28  153.79
1985 10 29  105.33
1985 10 30   94.50
1985 10 31  100.86
1985 11 01  134.56
1985 11 02  152.81
1985 11 03  117.28
1985 11 04   42.71
1985 11 05   64.40
1985 11 06   55.54
1985 11 07   -0.53
1985 11 08  -84.93
1985 11 09 -174.51
1985 11 10 -231.14
1985 11 11 -203.79
1985 11 12 -140.81
1985 11 13 -102.60
1985 11 14  -81.13
1985 11 15  -73.37
1985 11 16 -105.47
1985 11 17 -192.20
1985 11 18 -205.80
1985 11 19 -231.21
1985 11 20 -288.82
1985 11 21 -294.69
1985 11 22 -298.32
1985 11 23 -342.12
1985 11 24 -305.44
1985 11 25 -185.51
1985 11 26 -108.88
1985 11 27  -57.71
1985 11 28  -46.63
1985 11 29  -95.61
1985 11 30 -154.51
1985 12 01 -100.08
1985 12 02   25.24
1985 12 03  119.50
1985 12 04  117.71
1985 12 05  147.50
1985 12 06  112.29
1985 12 07   18.95
1985 12 08 -150.43
1985 12 09 -266.47
1985 12 10 -328.95
1985 12 11 -332.34
1985 12 12 -290.39
1985 12 13 -233.49
1985 12 14 -172.22
1985 12 15 -144.53
1985 12 16 -174.25
1985 12 17 -207.44
1985 12 18 -219.26
1985 12 19 -206.61
1985 12 20 -167.59
1985 12 21 -110.06
1985 12 22  -92.36
1985 12 23 -194.44
1985 12 24 -264.55
1985 12 25 -305.09
1985 12 26 -274.40
1985 12 27 -190.89
1985 12 28 -153.01
1985 12 29 -124.98
1985 12 30  -71.94
1985 12 31   60.03
1986 01 01  162.34
1986 01 02  156.11
1986 01 03   96.74
1986 01 04   62.07
1986 01 05   97.81
1986 01 06   78.99
1986 01 07  119.11
1986 01 08  191.71
1986 01 09  116.62
1986 01 10  106.54
1986 01 11   87.02
1986 01 12    2.90
1986 01 13   39.18
1986 01 14  108.91
1986 01 15  115.15
1986 01 16  129.31
1986 01 17  124.07
1986 01 18  116.22
1986 01 19  153.45
1986 01 20  148.39
1986 01 21  153.03
1986 01 22  124.48
1986 01 23   93.63
1986 01 24  -24.16
1986 01 25 -125.43
1986 01 26 -115.08
1986 01 27  -85.90
1986 01 28 -119.70
1986 01 29 -149.49
1986 01 30  -71.01
1986 01 31    0.26
1986 02 01   34.25
1986 02 02   80.80
1986 02 03  101.10
1986 02 04   40.31
1986 02 05  -67.78
1986 02 06 -114.05
1986 02 07 -114.43
1986 02 08 -109.17
1986 02 09 -131.52
1986 02 10 -210.64
1986 02 11 -289.88
1986 02 12 -352.50
1986 02 13 -375.21
1986 02 14 -351.49
1986 02 15 -246.34
1986 02 16  -97.31
1986 02 17  -28.83
1986 02 18   13.15
1986 02 19   20.75
1986 02 20   48.26
1986 02 21   61.57
1986 02 22   65.76
1986 02 23   96.28
1986 02 24  190.12
1986 02 25  255.32
1986 02 26  153.66
1986 02 27   72.53
1986 02 28   98.13
1986 03 01   39.37
1986 03 02  -31.14
1986 03 03  -35.70
1986 03 04  -74.66
1986 03 05  -90.00
1986 03 06  -18.71
1986 03 07   90.98
1986 03 08  179.07
1986 03 09  160.79
1986 03 10   81.79
1986 03 11   43.07
1986 03 12   38.95
1986 03 13   11.57
1986 03 14  -58.30
1986 03 15  -96.13
1986 03 16  -69.55
1986 03 17   -4.99
1986 03 18  -34.03
1986 03 19  -97.49
1986 03 20  -56.47
1986 03 21   45.63
1986 03 22   31.63
1986 03 23   -0.69
1986 03 24   67.51
1986 03 25   72.27
1986 03 26   29.42
1986 03 27   78.26
1986 03 28  115.49
1986 03 29  101.78
1986 03 30   90.49
1986 03 31   90.15
1986 04 01   83.10
1986 04 02  103.00
1986 04 03   87.07
1986 04 04   61.56
1986 04 05   74.08
1986 04 06   42.68
1986 04 07  -12.60
1986 04 08   -1.73
1986 04 09  -36.90
1986 04 10  -72.12
1986 04 11  -48.64
1986 04 12  -38.53
1986 04 13  -30.47
1986 04 14  -38.87
1986 04 15   45.52
1986 04 16  110.43
1986 04 17  118.87
1986 04 18   96.07
1986 04 19   94.95
1986 04 20  112.20
1986 04 21   93.02
1986 04 22  103.07
1986 04 23  138.75
1986 04 24  175.88
1986 04 25  152.63
1986 04 26  129.84
1986 04 27  132.95
1986 04 28   63.57
1986 04 29    4.04
1986 04 30   -9.72
1986 05 01  -10.22
1986 05 02  -27.69
1986 05 03   22.22
1986 05 04   61.72
1986 05 05   30.50
1986 05 06   34.82
1986 05 07   32.39
1986 05 08   20.78
1986 05 09   17.96
1986 05 10   14.88
1986 05 11   54.88
1986 05 12  102.12
1986 05 13  122.16
1986 05 14  102.55
1986 05 15   92.07
1986 05 16  140.64
1986 05 17  174.46
1986 05 18  188.53
1986 05 19  189.04
1986 05 20  177.07
1986 05 21  119.41
1986 05 22   94.71
1986 05 23  104.71
1986 05 24   97.27
1986 05 25   84.74
1986 05 26   73.95
1986 05 27   49.86
1986 05 28   -0.60
1986 05 29  -76.69
1986 05 30  -48.32
1986 05 31  -50.53
1986 06 01  -41.06
1986 06 02  -32.38
1986 06 03  -53.44
1986 06 04  -38.07
1986 06 05  -34.02
1986 06 06   -0.05
1986 06 07   49.04
1986 06 08   54.05
1986 06 09   55.20
1986 06 10   37.78
1986 06 11  -13.85
1986 06 12  -43.04
1986 06 13  -24.59
1986 06 14   61.59
1986 06 15   64.83
1986 06 16  -14.07
1986 06 17   -9.64
1986 06 18   34.07
1986 06 19   34.32
1986 06 20   67.98
1986 06 21   99.65
1986 06 22  103.61
1986 06 23   89.03
1986 06 24   45.93
1986 06 25  -19.56
1986 06 26  -57.44
1986 06 27  -46.67
1986 06 28   -4.07
1986 06 29   46.45
1986 06 30   71.52
1986 07 01   91.55
1986 07 02   85.95
1986 07 03   63.41
1986 07 04   23.82
1986 07 05  -21.81
1986 07 06  -17.21
1986 07 07   -7.24
1986 07 08   -1.01
1986 07 09   37.93
1986 07 10   76.84
1986 07 11   83.81
1986 07 12   60.04
1986 07 13   17.73
1986 07 14  -28.84
1986 07 15  -46.10
1986 07 16  -48.30
1986 07 17  -48.12
1986 07 18  -94.23
1986 07 19 -180.25
1986 07 20 -185.74
1986 07 21 -137.19
1986 07 22  -53.06
1986 07 23   -9.65
1986 07 24  -19.39
1986 07 25  -31.71
1986 07 26  -35.11
1986 07 27  -11.99
1986 07 28   -3.75
1986 07 29    3.47
1986 07 30  -12.71
1986 07 31  -30.96
1986 08 01  -14.41
1986 08 02   -0.39
1986 08 03   37.49
1986 08 04   35.16
1986 08 05   30.65
1986 08 06   26.90
1986 08 07   10.01
1986 08 08   -8.09
1986 08 09    0.17
1986 08 10   16.95
1986 08 11   11.65
1986 08 12   30.76
1986 08 13   20.70
1986 08 14   14.63
1986 08 15    6.46
1986 08 16    3.34
1986 08 17    9.41
1986 08 18  -12.14
1986 08 19  -43.66
1986 08 20  -70.87
1986 08 21  -75.51
1986 08 22  -35.59
1986 08 23   28.22
1986 08 24   46.29
1986 08 25  -22.13
1986 08 26  -38.07
1986 08 27  -16.29
1986 08 28   -8.57
1986 08 29  -11.46
1986 08 30   -7.04
1986 08 31   -2.02
1986 09 01    8.33
1986 09 02   -2.99
1986 09 03  -49.30
1986 09 04 -119.03
1986 09 05 -172.96
1986 09 06 -158.01
1986 09 07 -102.20
1986 09 08  -61.45
1986 09 09  -54.53
1986 09 10  -84.18
1986 09 11 -149.63
1986 09 12 -162.14
1986 09 13 -148.35
1986 09 14 -157.82
1986 09 15 -166.40
1986 09 16 -166.13
1986 09 17 -157.39
1986 09 18 -150.48
1986 09 19 -160.48
1986 09 20 -147.36
1986 09 21 -118.44
1986 09 22  -77.12
1986 09 23   18.00
1986 09 24   30.06
1986 09 25   -2.71
1986 09 26  -77.88
1986 09 27  -72.50
1986 09 28   -0.33
1986 09 29    4.59
1986 09 30  -34.79
1986 10 01  -71.19
1986 10 02  -62.91
1986 10 03  -34.17
1986 10 04  -70.61
1986 10 05 -104.12
1986 10 06  -98.01
1986 10 07 -100.17
1986 10 08  -74.40
1986 10 09 -116.35
1986 10 10 -178.49
1986 10 11 -153.99
1986 10 12 -101.84
1986 10 13  -54.59
1986 10 14  -29.97
1986 10 15  -34.07
1986 10 16  -46.82
1986 10 17  -37.15
1986 10 18  -76.20
1986 10 19 -100.01
1986 10 20  -52.78
1986 10 21  -25.79
1986 10 22  -72.19
1986 10 23 -115.29
1986 10 24 -176.11
1986 10 25 -157.92
1986 10 26  -76.16
1986 10 27  -22.75
1986 10 28 -101.38
1986 10 29 -160.57
1986 10 30 -140.52
1986 10 31 -171.27
1986 11 01 -153.38
1986 11 02 -111.03
1986 11 03  -87.18
1986 11 04  -97.29
1986 11 05 -140.03
1986 11 06 -178.10
1986 11 07 -168.66
1986 11 08 -118.00
1986 11 09 -128.68
1986 11 10 -160.71
1986 11 11 -183.04
1986 11 12 -186.59
1986 11 13 -181.30
1986 11 14 -161.16
1986 11 15 -104.65
1986 11 16  -83.58
1986 11 17  -45.24
1986 11 18   29.11
1986 11 19  154.66
1986 11 20  196.67
1986 11 21  211.50
1986 11 22  186.36
1986 11 23  208.76
1986 11 24  220.47
1986 11 25  239.08
1986 11 26  230.37
1986 11 27  150.81
1986 11 28  161.97
1986 11 29  152.38
1986 11 30   90.04
1986 12 01   37.07
1986 12 02  -74.34
1986 12 03 -126.52
1986 12 04  -88.45
1986 12 05  -82.40
1986 12 06  -83.02
1986 12 07 -100.04
1986 12 08 -187.49
1986 12 09 -251.31
1986 12 10 -212.05
1986 12 11 -125.54
1986 12 12  -77.61
1986 12 13  -30.43
1986 12 14    2.27
1986 12 15  -43.04
1986 12 16  -36.36
1986 12 17  -56.14
1986 12 18  -43.48
1986 12 19  -45.44
1986 12 20  -22.14
1986 12 21   -4.51
1986 12 22   66.66
1986 12 23   95.37
1986 12 24  119.40
1986 12 25  229.02
1986 12 26  264.39
1986 12 27  159.05
1986 12 28  106.35
1986 12 29  105.41
1986 12 30   39.04
1986 12 31   90.43
1987 01 01  219.82
1987 01 02  189.65
1987 01 03  121.27
1987 01 04  101.61
1987 01 05   73.52
1987 01 06   28.18
1987 01 07    8.24
1987 01 08   60.53
1987 01 09  128.90
1987 01 10  164.38
1987 01 11  145.12
1987 01 12  107.11
1987 01 13   44.23
1987 01 14  -98.29
1987 01 15  -96.32
1987 01 16  -61.11
1987 01 17  -49.60
1987 01 18  -85.08
1987 01 19 -129.01
1987 01 20  -86.13
1987 01 21  -84.23
1987 01 22  -34.27
1987 01 23   92.71
1987 01 24  127.06
1987 01 25   60.95
1987 01 26  -68.31
1987 01 27  -61.56
1987 01 28  112.68
1987 01 29  188.54
1987 01 30  186.99
1987 01 31  192.30
1987 02 01  161.37
1987 02 02  112.94
1987 02 03   93.24
1987 02 04   65.20
1987 02 05  -13.83
1987 02 06  -19.60
1987 02 07  -47.33
1987 02 08  -67.06
1987 02 09  -80.50
1987 02 10  -94.09
1987 02 11  -67.67
1987 02 12  -32.95
1987 02 13   18.33
1987 02 14  105.43
1987 02 15  118.59
1987 02 16  142.00
1987 02 17  140.64
1987 02 18   75.54
1987 02 19   23.36
1987 02 20  -16.61
1987 02 21  -71.09
1987 02 22 -125.26
1987 02 23 -175.76
1987 02 24 -176.26
1987 02 25 -116.48
1987 02 26  -95.16
1987 02 27 -116.03
1987 02 28 -122.91
1987 03 01  -72.36
1987 03 02  -38.03
1987 03 03  -18.31
1987 03 04   -4.37
1987 03 05   13.23
1987 03 06   -3.32
1987 03 07 -123.45
1987 03 08 -209.88
1987 03 09 -199.71
1987 03 10 -181.67
1987 03 11 -166.46
1987 03 12  -83.38
1987 03 13  -19.22
1987 03 14  -37.17
1987 03 15    6.51
1987 03 16   58.80
1987 03 17   94.78
1987 03 18   59.49
1987 03 19   53.56
1987 03 20   33.67
1987 03 21   14.75
1987 03 22   32.21
1987 03 23   22.68
1987 03 24   -4.16
1987 03 25  -59.40
1987 03 26 -182.54
1987 03 27 -243.02
1987 03 28 -183.99
1987 03 29 -101.05
1987 03 30  -37.08
1987 03 31  -57.38
1987 04 01 -133.91
1987 04 02 -113.96
1987 04 03    3.99
1987 04 04   84.45
1987 04 05   81.94
1987 04 06   35.44
1987 04 07   56.91
1987 04 08   95.72
1987 04 09   99.55
1987 04 10  140.58
1987 04 11  130.65
1987 04 12   91.38
1987 04 13  114.31
1987 04 14  215.72
1987 04 15  278.52
1987 04 16  273.63
1987 04 17  203.22
1987 04 18  160.42
1987 04 19  150.20
1987 04 20   73.17
1987 04 21   30.33
1987 04 22   46.26
1987 04 23   43.98
1987 04 24   26.53
1987 04 25  -18.23
1987 04 26  -58.19
1987 04 27  -43.16
1987 04 28  -26.03
1987 04 29   44.49
1987 04 30   75.41
1987 05 01  117.03
1987 05 02  121.77
1987 05 03  141.21
1987 05 04  117.52
1987 05 05  -29.58
1987 05 06  -88.32
1987 05 07  -79.74
1987 05 08 -112.28
1987 05 09  -69.78
1987 05 10   15.53
1987 05 11   90.08
1987 05 12  160.39
1987 05 13  148.57
1987 05 14   94.38
1987 05 15   36.22
1987 05 16   -9.70
1987 05 17  -41.91
1987 05 18  -42.53
1987 05 19  -64.58
1987 05 20  -76.01
1987 05 21  -86.70
1987 05 22  -88.67
1987 05 23  -72.08
1987 05 24  -26.47
1987 05 25   11.29
1987 05 26   79.35
1987 05 27   90.59
1987 05 28  106.88
1987 05 29  132.85
1987 05 30  153.76
1987 05 31  118.01
1987 06 01   20.36
1987 06 02  -88.17
1987 06 03 -112.37
1987 06 04  -70.86
1987 06 05  -11.94
1987 06 06  -10.81
1987 06 07  -45.31
1987 06 08  -53.53
1987 06 09   17.82
1987 06 10  119.42
1987 06 11  200.31
1987 06 12  211.24
1987 06 13  110.88
1987 06 14   20.71
1987 06 15   34.92
1987 06 16   80.32
1987 06 17  100.49
1987 06 18  114.29
1987 06 19  118.43
1987 06 20  121.13
1987 06 21  123.87
1987 06 22   90.58
1987 06 23   47.08
1987 06 24    8.33
1987 06 25   -9.35
1987 06 26   18.56
1987 06 27   11.59
1987 06 28  -37.66
1987 06 29  -64.98
1987 06 30  -55.54
1987 07 01  -29.85
1987 07 02   -4.27
1987 07 03    6.45
1987 07 04   41.54
1987 07 05   82.83
1987 07 06   79.74
1987 07 07   67.82
1987 07 08   67.34
1987 07 09   45.83
1987 07 10   23.76
1987 07 11   -2.07
1987 07 12  -13.72
1987 07 13   -5.37
1987 07 14   21.12
1987 07 15   18.56
1987 07 16  -36.10
1987 07 17  -92.72
1987 07 18 -109.66
1987 07 19 -111.96
1987 07 20  -98.59
1987 07 21  -61.91
1987 07 22  -32.22
1987 07 23  -60.07
1987 07 24  -74.77
1987 07 25  -84.59
1987 07 26  -69.01
1987 07 27  -45.17
1987 07 28  -31.38
1987 07 29  -28.99
1987 07 30  -16.37
1987 07 31    1.88
1987 08 01  -29.90
1987 08 02  -80.87
1987 08 03  -92.64
1987 08 04  -39.52
1987 08 05   10.60
1987 08 06   -7.13
1987 08 07  -63.73
1987 08 08  -97.91
1987 08 09  -97.04
1987 08 10  -69.29
1987 08 11  -28.17
1987 08 12   -1.01
1987 08 13   15.45
1987 08 14   17.56
1987 08 15   49.11
1987 08 16   21.67
1987 08 17  -36.57
1987 08 18  -77.40
1987 08 19  -75.92
1987 08 20  -54.38
1987 08 21 -106.73
1987 08 22 -160.12
1987 08 23 -172.65
1987 08 24 -158.55
1987 08 25 -141.94
1987 08 26  -92.03
1987 08 27  -75.43
1987 08 28  -81.82
1987 08 29 -111.14
1987 08 30 -105.90
1987 08 31 -125.44
1987 09 01 -117.00
1987 09 02  -76.91
1987 09 03  -45.04
1987 09 04  -38.75
1987 09 05  -79.47
1987 09 06  -98.55
1987 09 07  -82.94
1987 09 08  -50.80
1987 09 09  -22.40
1987 09 10   -6.69
1987 09 11   32.99
1987 09 12  103.66
1987 09 13  131.93
1987 09 14  140.97
1987 09 15  132.89
1987 09 16   71.05
1987 09 17   67.91
1987 09 18  116.75
1987 09 19  111.11
1987 09 20   57.28
1987 09 21   -5.45
1987 09 22  -53.56
1987 09 23 -101.25
1987 09 24  -76.03
1987 09 25   20.62
1987 09 26  100.98
1987 09 27  104.44
1987 09 28   21.38
1987 09 29  -35.50
1987 09 30   -3.53
1987 10 01   55.22
1987 10 02  136.44
1987 10 03  163.47
1987 10 04   97.71
1987 10 05  -36.48
1987 10 06 -109.32
1987 10 07  -76.15
1987 10 08  -99.30
1987 10 09 -144.88
1987 10 10 -135.51
1987 10 11  -82.86
1987 10 12  -30.03
1987 10 13  -49.10
1987 10 14  -19.60
1987 10 15    2.80
1987 10 16  -64.39
1987 10 17 -122.87
1987 10 18 -175.31
1987 10 19 -180.13
1987 10 20 -171.87
1987 10 21 -162.32
1987 10 22 -142.22
1987 10 23  -38.42
1987 10 24   56.77
1987 10 25   35.05
1987 10 26  -32.85
1987 10 27    1.08
1987 10 28   55.34
1987 10 29   37.04
1987 10 30  -29.01
1987 10 31  -15.53
1987 11 01   42.76
1987 11 02   85.56
1987 11 03   39.90
1987 11 04  -38.74
1987 11 05  -62.46
1987 11 06  -30.36
1987 11 07  -73.71
1987 11 08  -61.78
1987 11 09   24.68
1987 11 10   85.73
1987 11 11  108.42
1987 11 12   89.65
1987 11 13   75.43
1987 11 14   52.68
1987 11 15    6.40
1987 11 16   14.22
1987 11 17   43.61
1987 11 18  -18.73
1987 11 19  -86.59
1987 11 20   32.72
1987 11 21  108.91
1987 11 22   64.21
1987 11 23   55.76
1987 11 24   81.39
1987 11 25   63.27
1987 11 26   44.02
1987 11 27   43.97
1987 11 28   64.99
1987 11 29   63.53
1987 11 30  155.75
1987 12 01  258.73
1987 12 02  240.08
1987 12 03  164.57
1987 12 04  217.74
1987 12 05  196.33
1987 12 06  182.23
1987 12 07  216.03
1987 12 08  217.30
1987 12 09  223.77
1987 12 10  199.02
1987 12 11   41.32
1987 12 12 -104.48
1987 12 13  -91.64
1987 12 14  -13.12
1987 12 15  -57.53
1987 12 16  -71.75
1987 12 17   -6.59
1987 12 18   63.60
1987 12 19   68.16
1987 12 20  142.73
1987 12 21  142.97
1987 12 22   34.62
1987 12 23  -70.89
1987 12 24  -85.13
1987 12 25  -36.38
1987 12 26  -17.49
1987 12 27  -64.03
1987 12 28 -154.74
1987 12 29 -201.70
1987 12 30 -209.88
1987 12 31 -244.15
1988 01 01 -284.55
1988 01 02 -290.71
1988 01 03 -259.15
1988 01 04 -226.06
1988 01 05 -165.03
1988 01 06 -119.31
1988 01 07  -80.38
1988 01 08   -8.21
1988 01 09   68.18
1988 01 10   99.56
1988 01 11   97.76
1988 01 12  122.28
1988 01 13  198.87
1988 01 14  250.40
1988 01 15  322.72
1988 01 16  275.09
1988 01 17  185.10
1988 01 18  150.81
1988 01 19  131.28
1988 01 20  105.21
1988 01 21   57.96
1988 01 22  127.17
1988 01 23   68.92
1988 01 24    0.20
1988 01 25  -23.47
1988 01 26  -92.91
1988 01 27  -84.26
1988 01 28  -63.48
1988 01 29  -64.99
1988 01 30 -119.41
1988 01 31 -232.45
1988 02 01 -261.66
1988 02 02 -183.51
1988 02 03  -67.56
1988 02 04  -80.74
1988 02 05  -59.83
1988 02 06   27.74
1988 02 07   23.68
1988 02 08   26.72
1988 02 09   93.92
1988 02 10  147.43
1988 02 11  166.31
1988 02 12  141.76
1988 02 13  146.42
1988 02 14  182.95
1988 02 15  200.19
1988 02 16  156.37
1988 02 17  137.85
1988 02 18   64.38
1988 02 19  -36.42
1988 02 20  -35.25
1988 02 21  -36.36
1988 02 22 -138.36
1988 02 23 -115.84
1988 02 24  -51.70
1988 02 25    7.84
1988 02 26   -2.68
1988 02 27  -38.20
1988 02 28  -98.20
1988 02 29  -87.57
1988 03 01   19.98
1988 03 02  106.20
1988 03 03   76.85
1988 03 04  106.99
1988 03 05  188.78
1988 03 06  159.87
1988 03 07  119.40
1988 03 08  116.72
1988 03 09   57.10
1988 03 10  -49.82
1988 03 11  -82.16
1988 03 12 -113.13
1988 03 13 -167.17
1988 03 14 -247.59
1988 03 15 -247.88
1988 03 16 -211.08
1988 03 17 -158.34
1988 03 18  -57.16
1988 03 19   84.15
1988 03 20  169.82
1988 03 21  224.89
1988 03 22  271.56
1988 03 23  266.18
1988 03 24  207.35
1988 03 25  132.29
1988 03 26   68.39
1988 03 27   20.44
1988 03 28    6.67
1988 03 29   -2.63
1988 03 30  -20.15
1988 03 31   54.66
1988 04 01  117.36
1988 04 02  175.65
1988 04 03  228.65
1988 04 04  205.06
1988 04 05  154.01
1988 04 06  142.91
1988 04 07  129.30
1988 04 08   64.81
1988 04 09    4.82
1988 04 10    3.89
1988 04 11   45.18
1988 04 12    5.16
1988 04 13  -30.91
1988 04 14  -61.95
1988 04 15  -48.09
1988 04 16  -36.35
1988 04 17  -27.82
1988 04 18    2.72
1988 04 19  -36.63
1988 04 20  -59.49
1988 04 21  -30.80
1988 04 22  -37.28
1988 04 23  -54.73
1988 04 24  -81.41
1988 04 25 -108.47
1988 04 26  -23.79
1988 04 27   80.26
1988 04 28  132.65
1988 04 29  139.33
1988 04 30  147.72
1988 05 01  149.04
1988 05 02   95.42
1988 05 03   -5.77
1988 05 04  -83.60
1988 05 05 -106.92
1988 05 06  -74.66
1988 05 07  -51.31
1988 05 08  -31.21
1988 05 09  -46.21
1988 05 10 -122.82
1988 05 11 -103.92
1988 05 12    1.13
1988 05 13  116.59
1988 05 14   98.93
1988 05 15   31.34
1988 05 16  105.85
1988 05 17  197.08
1988 05 18  222.86
1988 05 19  151.39
1988 05 20   61.24
1988 05 21    0.66
1988 05 22   30.95
1988 05 23   75.94
1988 05 24   63.98
1988 05 25   62.93
1988 05 26   94.73
1988 05 27  187.97
1988 05 28  198.69
1988 05 29  170.37
1988 05 30  200.56
1988 05 31  209.51
1988 06 01  166.60
1988 06 02   91.31
1988 06 03   69.76
1988 06 04   16.69
1988 06 05  -56.42
1988 06 06 -101.48
1988 06 07 -105.93
1988 06 08 -112.42
1988 06 09 -109.91
1988 06 10  -76.10
1988 06 11  -69.34
1988 06 12  -88.20
1988 06 13 -120.37
1988 06 14  -94.51
1988 06 15   12.27
1988 06 16  104.34
1988 06 17  163.69
1988 06 18  179.55
1988 06 19  132.45
1988 06 20   94.90
1988 06 21   83.76
1988 06 22  134.61
1988 06 23  147.76
1988 06 24   92.54
1988 06 25   31.84
1988 06 26   38.46
1988 06 27   41.40
1988 06 28   47.75
1988 06 29   49.86
1988 06 30   45.00
1988 07 01   57.77
1988 07 02   51.97
1988 07 03   35.59
1988 07 04   21.95
1988 07 05   33.38
1988 07 06   26.32
1988 07 07   -1.66
1988 07 08  -30.09
1988 07 09  -18.49
1988 07 10   30.43
1988 07 11   85.92
1988 07 12  131.00
1988 07 13  113.88
1988 07 14   69.68
1988 07 15   30.85
1988 07 16   -9.32
1988 07 17  -51.71
1988 07 18  -87.94
1988 07 19  -76.18
1988 07 20   -4.72
1988 07 21   61.96
1988 07 22   78.26
1988 07 23   69.67
1988 07 24   94.82
1988 07 25  116.80
1988 07 26  123.60
1988 07 27  126.38
1988 07 28  141.96
1988 07 29  110.36
1988 07 30   57.60
1988 07 31    8.10
1988 08 01  -41.30
1988 08 02  -54.07
1988 08 03  -27.69
1988 08 04   -2.58
1988 08 05    8.08
1988 08 06   35.54
1988 08 07   46.46
1988 08 08   44.82
1988 08 09   29.21
1988 08 10   -4.63
1988 08 11  -31.36
1988 08 12   -4.49
1988 08 13    8.58
1988 08 14   -9.95
1988 08 15  -24.71
1988 08 16  -21.22
1988 08 17   -3.38
1988 08 18   37.37
1988 08 19   24.88
1988 08 20   -9.38
1988 08 21  -17.14
1988 08 22   -3.14
1988 08 23  -12.25
1988 08 24  -58.36
1988 08 25  -51.34
1988 08 26  -33.72
1988 08 27  -27.60
1988 08 28    1.72
1988 08 29   57.07
1988 08 30   80.91
1988 08 31   68.82
1988 09 01   33.96
1988 09 02  -52.59
1988 09 03 -102.84
1988 09 04  -71.95
1988 09 05   -1.95
1988 09 06   89.79
1988 09 07  104.98
1988 09 08   51.74
1988 09 09   21.10
1988 09 10   40.96
1988 09 11   38.36
1988 09 12   -5.07
1988 09 13  -32.61
1988 09 14  -25.06
1988 09 15   22.79
1988 09 16   11.21
1988 09 17  -33.14
1988 09 18    4.56
1988 09 19   33.81
1988 09 20   37.58
1988 09 21   36.11
1988 09 22   24.17
1988 09 23   14.07
1988 09 24   20.54
1988 09 25   77.12
1988 09 26  104.89
1988 09 27  148.58
1988 09 28  138.48
1988 09 29   98.84
1988 09 30    6.85
1988 10 01  -48.42
1988 10 02  -54.22
1988 10 03  -50.95
1988 10 04   21.83
1988 10 05   41.59
1988 10 06  -22.93
1988 10 07  -58.06
1988 10 08 -101.90
1988 10 09 -174.98
1988 10 10 -192.35
1988 10 11  -94.83
1988 10 12    7.41
1988 10 13   76.80
1988 10 14  107.27
1988 10 15   68.49
1988 10 16   21.14
1988 10 17  -40.00
1988 10 18  -25.64
1988 10 19  -19.51
1988 10 20  -63.84
1988 10 21   13.75
1988 10 22   72.94
1988 10 23   41.18
1988 10 24  -38.94
1988 10 25  -70.11
1988 10 26  -63.88
1988 10 27  -74.08
1988 10 28  -11.55
1988 10 29   64.12
1988 10 30   61.78
1988 10 31   23.05
1988 11 01  102.69
1988 11 02  200.40
1988 11 03  196.33
1988 11 04   57.31
1988 11 05   70.21
1988 11 06  137.69
1988 11 07   94.90
1988 11 08   96.26
1988 11 09   95.30
1988 11 10  134.08
1988 11 11  200.33
1988 11 12  173.90
1988 11 13   53.07
1988 11 14   60.78
1988 11 15   96.45
1988 11 16   29.10
1988 11 17  -32.46
1988 11 18   12.14
1988 11 19   95.65
1988 11 20  171.50
1988 11 21  248.92
1988 11 22  303.65
1988 11 23  276.00
1988 11 24  204.12
1988 11 25  164.35
1988 11 26  125.56
1988 11 27  157.58
1988 11 28  172.19
1988 11 29  122.04
1988 11 30  112.77
1988 12 01  134.37
1988 12 02  132.78
1988 12 03   49.82
1988 12 04   35.61
1988 12 05    8.01
1988 12 06  -59.03
1988 12 07 -137.82
1988 12 08  -76.43
1988 12 09  -66.99
1988 12 10  -73.90
1988 12 11    3.89
1988 12 12   38.57
1988 12 13  -55.74
1988 12 14 -219.66
1988 12 15 -275.10
1988 12 16 -244.23
1988 12 17 -194.63
1988 12 18  -56.68
1988 12 19   77.56
1988 12 20  131.45
1988 12 21  148.70
1988 12 22  138.84
1988 12 23   58.28
1988 12 24  -68.29
1988 12 25 -119.31
1988 12 26  -44.54
1988 12 27    2.41
1988 12 28   15.64
1988 12 29   79.88
1988 12 30   48.56
1988 12 31   34.14
1989 01 01  107.40
1989 01 02  121.29
1989 01 03  136.10
1989 01 04   57.78
1989 01 05  -26.48
1989 01 06  -64.00
1989 01 07  -53.27
1989 01 08   27.42
1989 01 09  133.03
1989 01 10  163.62
1989 01 11  176.48
1989 01 12  235.66
1989 01 13  256.99
1989 01 14  237.77
1989 01 15  218.49
1989 01 16  228.17
1989 01 17  218.03
1989 01 18  173.96
1989 01 19  116.51
1989 01 20  196.63
1989 01 21  244.91
1989 01 22  233.30
1989 01 23  208.55
1989 01 24  155.61
1989 01 25  130.62
1989 01 26  188.85
1989 01 27  223.81
1989 01 28  207.75
1989 01 29  140.70
1989 01 30   81.48
1989 01 31  -41.00
1989 02 01 -157.47
1989 02 02 -190.77
1989 02 03 -251.34
1989 02 04 -329.58
1989 02 05 -354.58
1989 02 06 -341.76
1989 02 07 -332.23
1989 02 08 -308.19
1989 02 09 -277.75
1989 02 10 -249.79
1989 02 11 -218.38
1989 02 12 -220.43
1989 02 13 -239.70
1989 02 14 -194.50
1989 02 15 -208.17
1989 02 16 -265.47
1989 02 17 -249.82
1989 02 18 -191.07
1989 02 19 -119.88
1989 02 20 -126.13
1989 02 21 -116.12
1989 02 22  -17.90
1989 02 23  -23.16
1989 02 24 -167.64
1989 02 25 -300.90
1989 02 26 -356.20
1989 02 27 -317.36
1989 02 28 -300.65
1989 03 01 -295.31
1989 03 02 -126.81
1989 03 03   41.69
1989 03 04   62.27
1989 03 05   76.21
1989 03 06  132.81
1989 03 07   82.44
1989 03 08  -31.37
1989 03 09 -142.42
1989 03 10 -200.11
1989 03 11 -226.88
1989 03 12 -198.24
1989 03 13 -171.81
1989 03 14 -203.07
1989 03 15 -245.83
1989 03 16 -214.88
1989 03 17 -117.26
1989 03 18  -35.65
1989 03 19  -21.68
1989 03 20  -15.30
1989 03 21   59.07
1989 03 22   68.91
1989 03 23   39.08
1989 03 24   79.68
1989 03 25   80.87
1989 03 26   77.42
1989 03 27   99.03
1989 03 28  125.82
1989 03 29   80.86
1989 03 30   61.71
1989 03 31  129.46
1989 04 01  199.24
1989 04 02  201.94
1989 04 03   93.33
1989 04 04  -12.44
1989 04 05  -65.45
1989 04 06 -148.89
1989 04 07 -187.87
1989 04 08 -226.82
1989 04 09 -217.83
1989 04 10 -148.90
1989 04 11 -107.59
1989 04 12 -120.67
1989 04 13 -135.42
1989 04 14 -127.49
1989 04 15 -127.57
1989 04 16 -159.42
1989 04 17 -151.24
1989 04 18  -91.92
1989 04 19  -53.56
1989 04 20  -12.83
1989 04 21   34.72
1989 04 22   28.46
1989 04 23   -2.14
1989 04 24  -52.85
1989 04 25 -106.73
1989 04 26 -172.96
1989 04 27 -219.35
1989 04 28 -221.80
1989 04 29 -249.82
1989 04 30 -302.26
1989 05 01 -339.48
1989 05 02 -304.04
1989 05 03 -220.98
1989 05 04 -157.12
1989 05 05  -83.60
1989 05 06  -25.76
1989 05 07  -19.14
1989 05 08  -31.45
1989 05 09  -55.97
1989 05 10    6.56
1989 05 11   54.73
1989 05 12   86.98
1989 05 13   75.12
1989 05 14   22.83
1989 05 15   39.24
1989 05 16   32.54
1989 05 17   48.83
1989 05 18   80.73
1989 05 19   38.95
1989 05 20  -35.50
1989 05 21  -64.93
1989 05 22  -31.27
1989 05 23   68.22
1989 05 24  111.78
1989 05 25   75.40
1989 05 26   22.90
1989 05 27  -31.25
1989 05 28  -70.48
1989 05 29  -80.32
1989 05 30  -72.40
1989 05 31  -88.34
1989 06 01 -133.67
1989 06 02 -152.76
1989 06 03 -146.62
1989 06 04 -135.98
1989 06 05 -141.30
1989 06 06 -126.77
1989 06 07  -95.36
1989 06 08  -27.20
1989 06 09   22.38
1989 06 10   31.66
1989 06 11   13.95
1989 06 12    3.01
1989 06 13   34.70
1989 06 14   85.21
1989 06 15  114.19
1989 06 16  125.18
1989 06 17   91.00
1989 06 18   86.61
1989 06 19   90.11
1989 06 20   82.01
1989 06 21   16.34
1989 06 22  -69.46
1989 06 23 -138.74
1989 06 24 -150.14
1989 06 25 -127.45
1989 06 26  -82.67
1989 06 27  -50.69
1989 06 28  -60.08
1989 06 29  -37.47
1989 06 30   44.53
1989 07 01   56.23
1989 07 02   17.61
1989 07 03   -1.40
1989 07 04  -15.03
1989 07 05  -56.01
1989 07 06  -87.43
1989 07 07  -97.17
1989 07 08  -77.10
1989 07 09  -79.52
1989 07 10 -108.17
1989 07 11 -130.63
1989 07 12 -119.15
1989 07 13  -80.32
1989 07 14  -15.19
1989 07 15   67.18
1989 07 16   97.95
1989 07 17   42.33
1989 07 18  -37.76
1989 07 19  -36.11
1989 07 20   20.58
1989 07 21   64.33
1989 07 22   53.70
1989 07 23    8.84
1989 07 24  -10.62
1989 07 25  -19.51
1989 07 26  -17.03
1989 07 27  -11.05
1989 07 28  -40.67
1989 07 29  -53.64
1989 07 30  -22.81
1989 07 31  -37.71
1989 08 01  -17.27
1989 08 02   23.48
1989 08 03   22.42
1989 08 04  -22.20
1989 08 05  -90.61
1989 08 06  -96.31
1989 08 07  -61.79
1989 08 08  -44.88
1989 08 09  -45.48
1989 08 10  -69.74
1989 08 11  -84.47
1989 08 12  -97.92
1989 08 13  -93.69
1989 08 14  -79.24
1989 08 15  -54.65
1989 08 16  -41.54
1989 08 17  -45.47
1989 08 18  -40.06
1989 08 19  -34.67
1989 08 20  -22.89
1989 08 21   -5.52
1989 08 22  -28.80
1989 08 23  -45.56
1989 08 24  -58.70
1989 08 25  -92.69
1989 08 26 -119.88
1989 08 27 -107.93
1989 08 28  -54.61
1989 08 29  -25.70
1989 08 30  -14.63
1989 08 31   -7.02
1989 09 01   -3.75
1989 09 02   25.23
1989 09 03   33.13
1989 09 04   13.28
1989 09 05  -72.39
1989 09 06 -180.61
1989 09 07 -218.92
1989 09 08 -221.49
1989 09 09 -183.47
1989 09 10 -124.43
1989 09 11 -105.48
1989 09 12  -99.43
1989 09 13  -73.73
1989 09 14  -51.17
1989 09 15  -52.72
1989 09 16  -64.22
1989 09 17  -61.68
1989 09 18  -19.77
1989 09 19   -6.04
1989 09 20  -18.31
1989 09 21  -44.52
1989 09 22  -71.54
1989 09 23  -78.38
1989 09 24  -81.64
1989 09 25  -59.61
1989 09 26  -49.76
1989 09 27  -74.99
1989 09 28 -138.60
1989 09 29 -167.89
1989 09 30  -96.70
1989 10 01  -69.16
1989 10 02 -105.78
1989 10 03  -49.90
1989 10 04   25.09
1989 10 05    4.60
1989 10 06  -26.71
1989 10 07   36.32
1989 10 08    7.89
1989 10 09  -26.52
1989 10 10   59.57
1989 10 11  106.54
1989 10 12   20.05
1989 10 13   -5.10
1989 10 14    7.80
1989 10 15    5.15
1989 10 16  -34.46
1989 10 17  -13.33
1989 10 18   25.57
1989 10 19   -8.63
1989 10 20   45.41
1989 10 21   55.56
1989 10 22  -27.22
1989 10 23  -43.08
1989 10 24  -25.60
1989 10 25  -27.83
1989 10 26  -36.40
1989 10 27  -35.67
1989 10 28  -61.64
1989 10 29 -118.25
1989 10 30 -181.13
1989 10 31 -177.23
1989 11 01 -116.47
1989 11 02  -81.09
1989 11 03  -57.67
1989 11 04   -3.46
1989 11 05   39.34
1989 11 06  106.78
1989 11 07  163.66
1989 11 08  183.90
1989 11 09  172.28
1989 11 10  128.86
1989 11 11   57.50
1989 11 12   95.53
1989 11 13  109.34
1989 11 14   19.76
1989 11 15  -63.17
1989 11 16  -61.51
1989 11 17  -21.17
1989 11 18   54.30
1989 11 19  107.92
1989 11 20   26.21
1989 11 21    9.10
1989 11 22   50.61
1989 11 23  146.33
1989 11 24  148.83
1989 11 25   96.04
1989 11 26   65.66
1989 11 27   45.23
1989 11 28   81.52
1989 11 29   45.52
1989 11 30  -92.76
1989 12 01 -109.73
1989 12 02   27.68
1989 12 03  104.09
1989 12 04  109.05
1989 12 05   55.37
1989 12 06  -72.76
1989 12 07  -46.99
1989 12 08    3.05
1989 12 09 -114.85
1989 12 10 -212.97
1989 12 11 -193.46
1989 12 12 -211.38
1989 12 13 -261.16
1989 12 14 -299.21
1989 12 15 -378.45
1989 12 16 -412.12
1989 12 17 -358.70
1989 12 18 -270.98
1989 12 19 -213.85
1989 12 20 -214.88
1989 12 21 -203.12
1989 12 22 -104.02
1989 12 23   -6.26
1989 12 24  -47.32
1989 12 25  -47.60
1989 12 26  -20.59
1989 12 27   -8.41
1989 12 28   10.40
1989 12 29    0.92
1989 12 30   13.54
1989 12 31   64.75
1990 01 01   53.09
1990 01 02   48.81
1990 01 03   75.92
1990 01 04   91.11
1990 01 05  131.55
1990 01 06  240.76
1990 01 07  307.35
1990 01 08  270.91
1990 01 09  168.80
1990 01 10   94.45
1990 01 11  -15.38
1990 01 12  -47.06
1990 01 13   30.55
1990 01 14   51.83
1990 01 15   -1.71
1990 01 16  -89.15
1990 01 17 -107.98
1990 01 18  -28.91
1990 01 19   46.54
1990 01 20   73.21
1990 01 21   92.82
1990 01 22  147.95
1990 01 23  166.40
1990 01 24  155.65
1990 01 25  216.89
1990 01 26  249.01
1990 01 27  250.03
1990 01 28  203.12
1990 01 29  164.74
1990 01 30   98.71
1990 01 31  166.41
1990 02 01  200.49
1990 02 02  246.24
1990 02 03  262.16
1990 02 04  282.99
1990 02 05  277.95
1990 02 06  210.32
1990 02 07  178.78
1990 02 08  205.25
1990 02 09  277.05
1990 02 10  272.54
1990 02 11  154.17
1990 02 12  -12.64
1990 02 13 -114.69
1990 02 14  -75.97
1990 02 15  -48.84
1990 02 16  -60.47
1990 02 17  -30.12
1990 02 18   -0.86
1990 02 19    3.77
1990 02 20   46.99
1990 02 21    4.99
1990 02 22  -67.51
1990 02 23  -96.21
1990 02 24  -64.00
1990 02 25  -50.64
1990 02 26  -59.74
1990 02 27  -75.43
1990 02 28  -94.49
1990 03 01  -91.33
1990 03 02  -64.08
1990 03 03   12.82
1990 03 04   93.61
1990 03 05  162.37
1990 03 06  185.09
1990 03 07   99.61
1990 03 08   88.41
1990 03 09  124.54
1990 03 10   87.19
1990 03 11    1.60
1990 03 12    4.08
1990 03 13   57.05
1990 03 14   16.06
1990 03 15 -154.81
1990 03 16 -283.69
1990 03 17 -285.65
1990 03 18 -222.37
1990 03 19 -182.88
1990 03 20 -181.95
1990 03 21 -255.13
1990 03 22 -276.80
1990 03 23 -274.11
1990 03 24 -211.22
1990 03 25 -168.25
1990 03 26 -199.34
1990 03 27 -203.64
1990 03 28 -120.23
1990 03 29  -26.81
1990 03 30   13.39
1990 03 31   -9.91
1990 04 01  -52.12
1990 04 02  -50.01
1990 04 03 -107.31
1990 04 04 -158.00
1990 04 05 -161.35
1990 04 06 -217.46
1990 04 07 -300.57
1990 04 08 -345.52
1990 04 09 -344.80
1990 04 10 -284.47
1990 04 11 -187.68
1990 04 12 -143.85
1990 04 13 -147.13
1990 04 14 -173.75
1990 04 15 -168.30
1990 04 16 -114.88
1990 04 17  -44.47
1990 04 18    6.44
1990 04 19   48.87
1990 04 20   73.12
1990 04 21   73.29
1990 04 22  104.73
1990 04 23  119.21
1990 04 24   92.45
1990 04 25   24.22
1990 04 26  -38.93
1990 04 27  -60.75
1990 04 28  -96.61
1990 04 29 -116.64
1990 04 30  -95.43
1990 05 01  -33.14
1990 05 02   -7.98
1990 05 03  -28.11
1990 05 04  -62.62
1990 05 05  -61.50
1990 05 06  -49.86
1990 05 07  -92.56
1990 05 08 -106.98
1990 05 09 -110.84
1990 05 10  -99.77
1990 05 11  -99.91
1990 05 12 -100.06
1990 05 13  -92.40
1990 05 14  -96.06
1990 05 15 -112.83
1990 05 16 -121.83
1990 05 17  -95.84
1990 05 18   11.17
1990 05 19  105.81
1990 05 20   90.62
1990 05 21   34.49
1990 05 22   21.57
1990 05 23   41.60
1990 05 24   43.00
1990 05 25    9.54
1990 05 26    2.15
1990 05 27    1.60
1990 05 28   41.93
1990 05 29   54.49
1990 05 30   38.10
1990 05 31   53.34
1990 06 01   21.09
1990 06 02  -30.70
1990 06 03  -20.16
1990 06 04    6.51
1990 06 05   -5.74
1990 06 06   12.90
1990 06 07   57.67
1990 06 08   73.95
1990 06 09   59.92
1990 06 10   62.01
1990 06 11   63.30
1990 06 12  -19.37
1990 06 13  -94.53
1990 06 14  -73.61
1990 06 15  -15.82
1990 06 16   22.16
1990 06 17   21.56
1990 06 18   15.90
1990 06 19   32.81
1990 06 20   58.38
1990 06 21   46.52
1990 06 22   24.80
1990 06 23   25.83
1990 06 24  -37.40
1990 06 25  -84.22
1990 06 26  -65.39
1990 06 27  -16.96
1990 06 28  -16.25
1990 06 29  -30.84
1990 06 30  -19.32
1990 07 01   -4.23
1990 07 02    4.29
1990 07 03  -41.55
1990 07 04  -58.06
1990 07 05   -9.43
1990 07 06   40.61
1990 07 07   54.65
1990 07 08   61.40
1990 07 09   72.66
1990 07 10   55.21
1990 07 11   14.53
1990 07 12   20.87
1990 07 13   31.22
1990 07 14   14.73
1990 07 15   16.95
1990 07 16   -9.21
1990 07 17  -61.62
1990 07 18 -110.62
1990 07 19 -139.50
1990 07 20 -139.95
1990 07 21 -101.51
1990 07 22  -56.49
1990 07 23  -28.00
1990 07 24  -24.04
1990 07 25  -11.99
1990 07 26   15.54
1990 07 27   24.17
1990 07 28  -14.30
1990 07 29  -43.00
1990 07 30  -21.15
1990 07 31    9.65
1990 08 01   47.25
1990 08 02   82.12
1990 08 03   93.68
1990 08 04   69.87
1990 08 05   53.70
1990 08 06   64.56
1990 08 07   54.07
1990 08 08   30.59
1990 08 09    5.60
1990 08 10  -80.92
1990 08 11 -121.12
1990 08 12  -86.83
1990 08 13  -56.37
1990 08 14  -32.21
1990 08 15  -19.84
1990 08 16   10.20
1990 08 17   22.94
1990 08 18   20.12
1990 08 19   14.84
1990 08 20  -22.10
1990 08 21  -60.20
1990 08 22  -96.31
1990 08 23 -122.27
1990 08 24 -122.00
1990 08 25 -112.83
1990 08 26 -121.98
1990 08 27 -116.41
1990 08 28  -71.73
1990 08 29  -11.19
1990 08 30   46.55
1990 08 31   29.90
1990 09 01   -6.14
1990 09 02   -5.33
1990 09 03  -17.15
1990 09 04  -54.86
1990 09 05  -88.43
1990 09 06 -125.36
1990 09 07 -122.83
1990 09 08  -98.62
1990 09 09  -91.31
1990 09 10  -88.89
1990 09 11  -70.06
1990 09 12   -9.78
1990 09 13   18.74
1990 09 14    1.31
1990 09 15    6.21
1990 09 16    6.92
1990 09 17   15.60
1990 09 18    3.50
1990 09 19  -39.43
1990 09 20  -59.26
1990 09 21  -55.97
1990 09 22  -40.82
1990 09 23   -0.87
1990 09 24   17.33
1990 09 25    3.34
1990 09 26  -24.01
1990 09 27    0.01
1990 09 28   69.12
1990 09 29  101.98
1990 09 30   70.20
1990 10 01  115.02
1990 10 02  141.29
1990 10 03  117.56
1990 10 04   70.77
1990 10 05   22.93
1990 10 06  -37.90
1990 10 07  -48.52
1990 10 08  -21.06
1990 10 09  -30.32
1990 10 10  -30.39
1990 10 11   32.90
1990 10 12  115.56
1990 10 13  131.95
1990 10 14  140.81
1990 10 15  133.34
1990 10 16   98.48
1990 10 17   77.68
1990 10 18   91.67
1990 10 19   68.39
1990 10 20   40.99
1990 10 21   89.17
1990 10 22   96.27
1990 10 23  131.52
1990 10 24  166.45
1990 10 25  153.50
1990 10 26  144.18
1990 10 27  120.67
1990 10 28  146.22
1990 10 29   95.23
1990 10 30   63.18
1990 10 31   56.64
1990 11 01   -0.10
1990 11 02  -57.13
1990 11 03  -80.02
1990 11 04 -139.44
1990 11 05 -139.45
1990 11 06  -33.46
1990 11 07  110.74
1990 11 08  171.25
1990 11 09  174.36
1990 11 10  122.20
1990 11 11   19.52
1990 11 12   -9.57
1990 11 13  104.01
1990 11 14  126.30
1990 11 15  103.65
1990 11 16  -11.73
1990 11 17  -72.21
1990 11 18  -82.80
1990 11 19  -31.22
1990 11 20   69.09
1990 11 21  145.90
1990 11 22  118.52
1990 11 23   28.83
1990 11 24   44.80
1990 11 25   40.92
1990 11 26   96.11
1990 11 27  131.89
1990 11 28  173.80
1990 11 29  185.38
1990 11 30  146.78
1990 12 01  109.84
1990 12 02  144.51
1990 12 03  184.22
1990 12 04  252.48
1990 12 05  220.30
1990 12 06  138.66
1990 12 07  116.18
1990 12 08  123.04
1990 12 09   47.36
1990 12 10   -8.70
1990 12 11  -47.49
1990 12 12  -75.15
1990 12 13  -22.61
1990 12 14   -3.80
1990 12 15  -39.21
1990 12 16  -42.20
1990 12 17  -86.15
1990 12 18 -192.67
1990 12 19 -281.99
1990 12 20 -293.23
1990 12 21 -273.15
1990 12 22 -235.98
1990 12 23 -243.34
1990 12 24 -295.29
1990 12 25 -284.46
1990 12 26 -174.15
1990 12 27 -138.39
1990 12 28 -230.72
1990 12 29 -243.00
1990 12 30 -162.11
1990 12 31 -100.25
1991 01 01 -133.39
1991 01 02 -188.77
1991 01 03 -240.49
1991 01 04 -186.60
1991 01 05 -143.44
1991 01 06 -113.10
1991 01 07  -97.58
1991 01 08  -69.67
1991 01 09  -37.57
1991 01 10   39.13
1991 01 11  156.90
1991 01 12  224.99
1991 01 13  240.20
1991 01 14  224.53
1991 01 15  180.91
1991 01 16  109.29
1991 01 17  109.96
1991 01 18   53.20
1991 01 19  -82.77
1991 01 20 -191.71
1991 01 21 -208.17
1991 01 22 -205.64
1991 01 23 -205.55
1991 01 24 -251.37
1991 01 25 -332.87
1991 01 26 -399.38
1991 01 27 -334.57
1991 01 28 -223.39
1991 01 29 -147.10
1991 01 30  -55.52
1991 01 31   67.92
1991 02 01  202.41
1991 02 02  287.66
1991 02 03  277.75
1991 02 04  251.48
1991 02 05  270.95
1991 02 06  207.12
1991 02 07  150.24
1991 02 08   58.21
1991 02 09  -23.03
1991 02 10  -44.13
1991 02 11  -21.32
1991 02 12  -30.24
1991 02 13  -69.44
1991 02 14  -63.95
1991 02 15  -23.38
1991 02 16   35.47
1991 02 17   80.43
1991 02 18   99.29
1991 02 19  139.11
1991 02 20  133.96
1991 02 21   72.45
1991 02 22   12.15
1991 02 23  -77.48
1991 02 24 -207.90
1991 02 25 -324.43
1991 02 26 -384.05
1991 02 27 -384.77
1991 02 28 -351.40
1991 03 01 -254.51
1991 03 02 -160.28
1991 03 03  -88.48
1991 03 04    0.32
1991 03 05   33.22
1991 03 06    3.28
1991 03 07   15.60
1991 03 08    4.67
1991 03 09  -35.35
1991 03 10  -20.36
1991 03 11   11.51
1991 03 12   34.40
1991 03 13   58.76
1991 03 14   67.61
1991 03 15   84.77
1991 03 16  -19.15
1991 03 17  -51.90
1991 03 18   -4.11
1991 03 19   15.28
1991 03 20   19.46
1991 03 21   20.80
1991 03 22    6.45
1991 03 23 -127.30
1991 03 24 -221.68
1991 03 25 -272.59
1991 03 26 -201.51
1991 03 27  -61.19
1991 03 28   43.50
1991 03 29   68.98
1991 03 30   29.44
1991 03 31   39.17
1991 04 01  111.10
1991 04 02  187.36
1991 04 03  223.62
1991 04 04  214.09
1991 04 05  186.69
1991 04 06  142.71
1991 04 07  117.29
1991 04 08  100.60
1991 04 09   79.28
1991 04 10  -16.08
1991 04 11  -74.37
1991 04 12  -81.55
1991 04 13  -82.46
1991 04 14  -85.54
1991 04 15 -119.67
1991 04 16 -157.14
1991 04 17 -138.42
1991 04 18 -162.16
1991 04 19 -179.58
1991 04 20 -151.05
1991 04 21  -46.57
1991 04 22   20.73
1991 04 23   45.33
1991 04 24   74.12
1991 04 25   83.83
1991 04 26   92.79
1991 04 27   79.40
1991 04 28   68.76
1991 04 29   12.37
1991 04 30  -35.69
1991 05 01  -96.68
1991 05 02 -102.46
1991 05 03 -102.10
1991 05 04 -118.52
1991 05 05  -30.14
1991 05 06   73.25
1991 05 07  120.92
1991 05 08  133.09
1991 05 09  149.21
1991 05 10  137.33
1991 05 11  133.85
1991 05 12  115.74
1991 05 13  116.44
1991 05 14  102.73
1991 05 15   92.53
1991 05 16   48.10
1991 05 17   20.82
1991 05 18  -12.71
1991 05 19  -37.94
1991 05 20  -58.74
1991 05 21  -80.64
1991 05 22  -79.34
1991 05 23  -82.27
1991 05 24  -74.60
1991 05 25  -33.34
1991 05 26   -7.41
1991 05 27   40.99
1991 05 28  104.03
1991 05 29  142.20
1991 05 30  144.79
1991 05 31  122.33
1991 06 01   80.30
1991 06 02   40.51
1991 06 03    1.70
1991 06 04  -52.48
1991 06 05  -58.23
1991 06 06  -43.15
1991 06 07   -8.10
1991 06 08   34.22
1991 06 09   71.07
1991 06 10  102.13
1991 06 11   81.93
1991 06 12   49.86
1991 06 13   15.20
1991 06 14   -5.62
1991 06 15   -8.54
1991 06 16  -10.49
1991 06 17  -40.91
1991 06 18  -78.80
1991 06 19 -118.23
1991 06 20 -141.14
1991 06 21 -130.15
1991 06 22 -117.10
1991 06 23 -104.91
1991 06 24  -83.54
1991 06 25  -33.53
1991 06 26   -2.58
1991 06 27  -25.16
1991 06 28  -40.08
1991 06 29  -23.93
1991 06 30  -15.94
1991 07 01  -26.74
1991 07 02  -52.38
1991 07 03  -52.70
1991 07 04  -47.93
1991 07 05  -55.28
1991 07 06  -73.72
1991 07 07  -64.44
1991 07 08  -42.48
1991 07 09   13.94
1991 07 10   48.33
1991 07 11   29.78
1991 07 12   23.30
1991 07 13   54.72
1991 07 14   56.05
1991 07 15   50.10
1991 07 16   61.88
1991 07 17   93.92
1991 07 18  102.07
1991 07 19   93.29
1991 07 20   92.51
1991 07 21   56.26
1991 07 22   -9.80
1991 07 23  -10.03
1991 07 24   38.69
1991 07 25   81.30
1991 07 26   85.03
1991 07 27   75.00
1991 07 28   68.08
1991 07 29   59.35
1991 07 30   44.09
1991 07 31   54.41
1991 08 01   61.54
1991 08 02   83.05
1991 08 03  132.25
1991 08 04  132.70
1991 08 05   97.37
1991 08 06   70.38
1991 08 07   66.29
1991 08 08  104.74
1991 08 09  136.15
1991 08 10   96.57
1991 08 11   29.05
1991 08 12  -34.74
1991 08 13  -64.96
1991 08 14  -73.25
1991 08 15  -61.12
1991 08 16  -54.94
1991 08 17  -44.70
1991 08 18  -22.93
1991 08 19    6.22
1991 08 20    2.15
1991 08 21  -39.65
1991 08 22  -67.74
1991 08 23  -43.91
1991 08 24  -11.20
1991 08 25   48.77
1991 08 26   93.65
1991 08 27  100.17
1991 08 28   86.67
1991 08 29   18.61
1991 08 30    2.03
1991 08 31   15.89
1991 09 01   24.02
1991 09 02   -2.47
1991 09 03  -26.97
1991 09 04  -49.94
1991 09 05  -35.46
1991 09 06  -23.04
1991 09 07  -21.17
1991 09 08    7.94
1991 09 09   38.53
1991 09 10   15.03
1991 09 11   26.39
1991 09 12   49.96
1991 09 13   38.98
1991 09 14   15.16
1991 09 15  -23.44
1991 09 16  -90.03
1991 09 17 -132.15
1991 09 18 -104.55
1991 09 19  -39.22
1991 09 20  -10.48
1991 09 21  -16.41
1991 09 22  -18.30
1991 09 23  -44.37
1991 09 24 -112.21
1991 09 25 -121.53
1991 09 26  -82.86
1991 09 27  -43.77
1991 09 28  -45.30
1991 09 29  -91.28
1991 09 30  -61.62
1991 10 01  -17.27
1991 10 02  -33.69
1991 10 03  -77.13
1991 10 04  -71.04
1991 10 05  -35.28
1991 10 06   -5.08
1991 10 07    9.88
1991 10 08    4.58
1991 10 09    7.46
1991 10 10  -56.00
1991 10 11  -84.14
1991 10 12  -46.66
1991 10 13  -43.69
1991 10 14  -59.15
1991 10 15  -23.78
1991 10 16   10.32
1991 10 17  -22.28
1991 10 18  -82.48
1991 10 19 -148.88
1991 10 20 -188.75
1991 10 21 -197.45
1991 10 22 -194.13
1991 10 23 -133.83
1991 10 24 -109.68
1991 10 25  -89.59
1991 10 26  -74.55
1991 10 27  -10.95
1991 10 28  -53.44
1991 10 29 -128.95
1991 10 30 -177.76
1991 10 31 -225.22
1991 11 01 -224.37
1991 11 02 -191.90
1991 11 03 -122.56
1991 11 04  -42.72
1991 11 05  -29.48
1991 11 06  -66.44
1991 11 07  -68.88
1991 11 08   13.70
1991 11 09   79.54
1991 11 10   93.52
1991 11 11  116.57
1991 11 12  117.79
1991 11 13  105.70
1991 11 14  101.17
1991 11 15  151.50
1991 11 16  222.25
1991 11 17  247.13
1991 11 18  186.01
1991 11 19  148.54
1991 11 20  145.63
1991 11 21   10.93
1991 11 22  -61.22
1991 11 23   -1.79
1991 11 24   25.73
1991 11 25   41.98
1991 11 26   46.86
1991 11 27   -7.31
1991 11 28 -105.08
1991 11 29 -178.40
1991 11 30 -203.96
1991 12 01 -133.69
1991 12 02  -90.16
1991 12 03    3.92
1991 12 04   83.24
1991 12 05  127.86
1991 12 06  165.92
1991 12 07  135.94
1991 12 08   78.74
1991 12 09   90.43
1991 12 10   90.35
1991 12 11   83.74
1991 12 12   95.43
1991 12 13   11.35
1991 12 14  -43.67
1991 12 15  -59.62
1991 12 16  -29.09
1991 12 17   -4.76
1991 12 18   49.44
1991 12 19   53.46
1991 12 20   87.92
1991 12 21  157.62
1991 12 22  119.98
1991 12 23   95.42
1991 12 24  105.02
1991 12 25   79.90
1991 12 26   20.82
1991 12 27   17.23
1991 12 28    5.95
1991 12 29    8.84
1991 12 30  -36.94
1991 12 31   34.77
1992 01 01  157.56
1992 01 02  195.82
1992 01 03  177.57
1992 01 04  123.23
1992 01 05   36.83
1992 01 06   38.53
1992 01 07   31.94
1992 01 08   26.89
1992 01 09   30.85
1992 01 10   34.80
1992 01 11  -20.52
1992 01 12  -61.22
1992 01 13  -81.59
1992 01 14  -57.54
1992 01 15   -4.08
1992 01 16   20.69
1992 01 17  -10.19
1992 01 18  -48.65
1992 01 19  -12.96
1992 01 20   17.66
1992 01 21   27.85
1992 01 22   -2.72
1992 01 23   22.45
1992 01 24   34.01
1992 01 25   73.77
1992 01 26   76.52
1992 01 27   95.77
1992 01 28  125.59
1992 01 29   79.46
1992 01 30   94.19
1992 01 31  106.04
1992 02 01   82.88
1992 02 02   26.68
1992 02 03  -23.62
1992 02 04  -33.58
1992 02 05  -44.60
1992 02 06 -143.28
1992 02 07 -209.36
1992 02 08 -217.63
1992 02 09 -180.37
1992 02 10 -206.39
1992 02 11 -184.12
1992 02 12  -85.52
1992 02 13  -62.14
1992 02 14  -60.81
1992 02 15  -32.38
1992 02 16  -14.77
1992 02 17  -50.21
1992 02 18  -67.12
1992 02 19  -57.29
1992 02 20  -19.32
1992 02 21   70.50
1992 02 22  124.60
1992 02 23   90.22
1992 02 24   38.12
1992 02 25  -28.13
1992 02 26  -81.19
1992 02 27  -54.68
1992 02 28   24.12
1992 02 29  103.19
1992 03 01   86.19
1992 03 02   88.49
1992 03 03   75.82
1992 03 04   65.20
1992 03 05   21.91
1992 03 06  -28.78
1992 03 07  -71.94
1992 03 08  -43.75
1992 03 09  -51.86
1992 03 10  -63.22
1992 03 11  -59.51
1992 03 12  -87.79
1992 03 13 -140.71
1992 03 14 -163.31
1992 03 15 -158.39
1992 03 16 -128.75
1992 03 17  -95.33
1992 03 18  -78.05
1992 03 19  -52.77
1992 03 20  -46.49
1992 03 21  -46.71
1992 03 22  -67.07
1992 03 23 -110.40
1992 03 24  -68.29
1992 03 25  -35.83
1992 03 26  -16.07
1992 03 27    1.98
1992 03 28  -20.43
1992 03 29  -49.77
1992 03 30  -28.52
1992 03 31  -14.22
1992 04 01  -35.58
1992 04 02   -0.63
1992 04 03   38.88
1992 04 04   -2.07
1992 04 05  -61.09
1992 04 06 -145.16
1992 04 07 -189.50
1992 04 08 -184.20
1992 04 09 -162.71
1992 04 10 -114.45
1992 04 11  -55.44
1992 04 12    8.35
1992 04 13   54.78
1992 04 14   57.04
1992 04 15   84.12
1992 04 16  124.58
1992 04 17  130.52
1992 04 18   30.03
1992 04 19   10.02
1992 04 20   58.63
1992 04 21   50.94
1992 04 22  -18.65
1992 04 23 -108.08
1992 04 24 -154.84
1992 04 25 -117.10
1992 04 26  -80.25
1992 04 27  -38.82
1992 04 28    1.77
1992 04 29   59.17
1992 04 30  127.39
1992 05 01  135.06
1992 05 02   91.81
1992 05 03   40.50
1992 05 04   54.65
1992 05 05   40.39
1992 05 06  -18.32
1992 05 07  -36.82
1992 05 08   -9.76
1992 05 09   23.18
1992 05 10   53.73
1992 05 11   -5.76
1992 05 12  -89.59
1992 05 13 -115.56
1992 05 14 -140.89
1992 05 15 -121.38
1992 05 16 -104.01
1992 05 17 -130.05
1992 05 18 -118.55
1992 05 19  -94.93
1992 05 20  -97.82
1992 05 21 -139.47
1992 05 22 -136.65
1992 05 23 -122.30
1992 05 24  -79.17
1992 05 25   -6.73
1992 05 26   47.44
1992 05 27   58.67
1992 05 28   53.64
1992 05 29   11.80
1992 05 30  -21.62
1992 05 31   -3.77
1992 06 01   20.90
1992 06 02  -15.07
1992 06 03  -34.67
1992 06 04  -30.03
1992 06 05  -32.51
1992 06 06  -13.78
1992 06 07    7.60
1992 06 08    4.91
1992 06 09  -24.77
1992 06 10  -89.95
1992 06 11 -124.35
1992 06 12 -109.53
1992 06 13  -82.26
1992 06 14  -56.38
1992 06 15  -24.82
1992 06 16   -5.95
1992 06 17   -3.84
1992 06 18   26.91
1992 06 19   52.45
1992 06 20   38.64
1992 06 21   13.97
1992 06 22  -35.48
1992 06 23  -49.55
1992 06 24  -82.87
1992 06 25  -83.64
1992 06 26  -40.12
1992 06 27  -24.27
1992 06 28   -6.04
1992 06 29  -17.02
1992 06 30  -41.28
1992 07 01  -87.85
1992 07 02 -116.81
1992 07 03  -99.37
1992 07 04  -62.39
1992 07 05  -16.34
1992 07 06   10.03
1992 07 07  -22.88
1992 07 08  -70.44
1992 07 09 -111.89
1992 07 10  -96.50
1992 07 11  -53.63
1992 07 12   19.98
1992 07 13   78.14
1992 07 14   58.09
1992 07 15   -2.82
1992 07 16  -52.22
1992 07 17  -93.81
1992 07 18 -104.04
1992 07 19  -89.61
1992 07 20  -48.56
1992 07 21   -2.34
1992 07 22   18.49
1992 07 23   20.73
1992 07 24    9.04
1992 07 25   -3.21
1992 07 26    6.06
1992 07 27    2.24
1992 07 28    2.09
1992 07 29  -12.70
1992 07 30  -48.11
1992 07 31  -57.79
1992 08 01  -29.01
1992 08 02    1.73
1992 08 03   24.36
1992 08 04   55.28
1992 08 05   95.87
1992 08 06  121.09
1992 08 07  116.42
1992 08 08   71.47
1992 08 09   -1.48
1992 08 10  -70.64
1992 08 11  -38.67
1992 08 12   22.36
1992 08 13   57.88
1992 08 14   75.28
1992 08 15   85.58
1992 08 16   83.60
1992 08 17   38.58
1992 08 18  -22.19
1992 08 19  -63.97
1992 08 20  -88.10
1992 08 21 -101.33
1992 08 22  -76.85
1992 08 23  -66.21
1992 08 24  -56.36
1992 08 25  -50.09
1992 08 26  -59.73
1992 08 27  -67.38
1992 08 28  -64.16
1992 08 29  -68.01
1992 08 30  -73.10
1992 08 31  -45.29
1992 09 01  -19.71
1992 09 02  -17.09
1992 09 03    2.42
1992 09 04   26.49
1992 09 05   19.98
1992 09 06   23.18
1992 09 07   71.64
1992 09 08   83.39
1992 09 09   59.04
1992 09 10   67.79
1992 09 11   79.48
1992 09 12   82.31
1992 09 13   48.70
1992 09 14   10.09
1992 09 15    3.97
1992 09 16   -4.28
1992 09 17  -41.12
1992 09 18  -12.39
1992 09 19   26.64
1992 09 20   48.91
1992 09 21   28.64
1992 09 22   30.95
1992 09 23   75.06
1992 09 24  125.46
1992 09 25  128.32
1992 09 26  114.08
1992 09 27  109.86
1992 09 28  139.98
1992 09 29   86.47
1992 09 30   65.79
1992 10 01   89.24
1992 10 02   82.86
1992 10 03   95.41
1992 10 04   57.75
1992 10 05  -50.71
1992 10 06 -107.22
1992 10 07  -26.24
1992 10 08   70.94
1992 10 09   91.92
1992 10 10   87.57
1992 10 11   31.72
1992 10 12   -7.55
1992 10 13  -56.87
1992 10 14  -74.92
1992 10 15  -73.15
1992 10 16 -100.21
1992 10 17 -117.98
1992 10 18  -50.15
1992 10 19   48.65
1992 10 20  117.78
1992 10 21  126.23
1992 10 22   92.48
1992 10 23    6.89
1992 10 24  -22.01
1992 10 25  -10.41
1992 10 26    1.11
1992 10 27    4.08
1992 10 28   77.96
1992 10 29   93.40
1992 10 30   98.57
1992 10 31   97.94
1992 11 01   39.03
1992 11 02  -94.08
1992 11 03 -115.86
1992 11 04  -16.17
1992 11 05  -46.26
1992 11 06    8.33
1992 11 07   70.84
1992 11 08   46.91
1992 11 09   65.16
1992 11 10  111.09
1992 11 11   60.28
1992 11 12  -74.10
1992 11 13 -140.42
1992 11 14 -116.91
1992 11 15  -87.35
1992 11 16  -64.59
1992 11 17  -31.67
1992 11 18    4.73
1992 11 19   38.85
1992 11 20   12.53
1992 11 21  -18.63
1992 11 22    7.06
1992 11 23    9.37
1992 11 24  -37.79
1992 11 25  -89.89
1992 11 26  -96.84
1992 11 27  -30.17
1992 11 28   80.89
1992 11 29  149.12
1992 11 30  174.83
1992 12 01   56.19
1992 12 02  -74.66
1992 12 03  -74.98
1992 12 04    1.52
1992 12 05   82.83
1992 12 06   78.12
1992 12 07  120.44
1992 12 08  217.96
1992 12 09  198.82
1992 12 10  108.45
1992 12 11   96.62
1992 12 12   66.57
1992 12 13   78.84
1992 12 14   57.21
1992 12 15  -31.72
1992 12 16  -66.14
1992 12 17 -101.92
1992 12 18  -82.97
1992 12 19  -27.62
1992 12 20   -0.02
1992 12 21  -19.06
1992 12 22  -37.41
1992 12 23  -68.53
1992 12 24  -91.55
1992 12 25 -121.75
1992 12 26 -147.16
1992 12 27 -197.36
1992 12 28 -214.09
1992 12 29 -164.35
1992 12 30 -149.05
1992 12 31 -156.36
1993 01 01 -155.04
1993 01 02 -121.92
1993 01 03 -127.91
1993 01 04 -216.82
1993 01 05 -298.48
1993 01 06 -325.22
1993 01 07 -285.44
1993 01 08 -272.22
1993 01 09 -246.35
1993 01 10 -230.36
1993 01 11 -235.19
1993 01 12 -256.44
1993 01 13 -222.53
1993 01 14 -166.53
1993 01 15 -111.47
1993 01 16  -51.69
1993 01 17   36.75
1993 01 18  169.09
1993 01 19  284.72
1993 01 20  351.48
1993 01 21  308.59
1993 01 22  194.79
1993 01 23  102.18
1993 01 24   93.26
1993 01 25   72.32
1993 01 26    1.09
1993 01 27  -19.80
1993 01 28   -6.73
1993 01 29   22.53
1993 01 30   19.06
1993 01 31    0.52
1993 02 01   41.46
1993 02 02  -53.69
1993 02 03 -112.52
1993 02 04  -96.75
1993 02 05  -30.44
1993 02 06  -13.81
1993 02 07  -87.43
1993 02 08 -121.36
1993 02 09 -123.93
1993 02 10 -115.49
1993 02 11 -108.74
1993 02 12 -142.46
1993 02 13 -223.31
1993 02 14 -301.94
1993 02 15 -329.61
1993 02 16 -376.49
1993 02 17 -397.27
1993 02 18 -387.43
1993 02 19 -287.58
1993 02 20 -162.58
1993 02 21 -112.03
1993 02 22  -84.46
1993 02 23  -20.23
1993 02 24   66.11
1993 02 25   90.39
1993 02 26  109.21
1993 02 27  114.12
1993 02 28  109.07
1993 03 01  112.26
1993 03 02   93.21
1993 03 03  106.95
1993 03 04  146.28
1993 03 05  106.68
1993 03 06   28.92
1993 03 07  -32.10
1993 03 08  -93.61
1993 03 09 -179.62
1993 03 10 -245.99
1993 03 11 -282.10
1993 03 12 -267.89
1993 03 13 -253.34
1993 03 14 -238.76
1993 03 15 -173.55
1993 03 16 -124.75
1993 03 17  -37.98
1993 03 18   76.03
1993 03 19   93.16
1993 03 20  138.65
1993 03 21  202.65
1993 03 22  238.58
1993 03 23  231.59
1993 03 24  127.60
1993 03 25  -18.43
1993 03 26  -84.89
1993 03 27  -74.48
1993 03 28  -54.50
1993 03 29  -42.46
1993 03 30  -70.67
1993 03 31  -25.41
1993 04 01   67.22
1993 04 02   94.54
1993 04 03   70.87
1993 04 04   53.83
1993 04 05   30.72
1993 04 06  -16.51
1993 04 07  -13.09
1993 04 08   46.57
1993 04 09   65.47
1993 04 10   24.85
1993 04 11   -3.45
1993 04 12   35.63
1993 04 13   43.06
1993 04 14   17.87
1993 04 15   41.33
1993 04 16   37.42
1993 04 17   10.17
1993 04 18  -37.23
1993 04 19 -105.60
1993 04 20 -117.56
1993 04 21  -96.44
1993 04 22  -54.90
1993 04 23  -23.23
1993 04 24  -12.83
1993 04 25   15.21
1993 04 26    3.29
1993 04 27   10.05
1993 04 28   57.82
1993 04 29   92.38
1993 04 30   99.67
1993 05 01  152.63
1993 05 02  162.48
1993 05 03  128.39
1993 05 04  128.86
1993 05 05  124.68
1993 05 06  144.37
1993 05 07  162.70
1993 05 08  135.05
1993 05 09   75.86
1993 05 10   61.46
1993 05 11   16.31
1993 05 12 -133.61
1993 05 13 -244.78
1993 05 14 -237.90
1993 05 15 -218.96
1993 05 16 -192.99
1993 05 17 -179.32
1993 05 18 -219.71
1993 05 19 -188.90
1993 05 20  -91.99
1993 05 21   -5.28
1993 05 22  -26.37
1993 05 23 -115.78
1993 05 24 -137.29
1993 05 25 -108.15
1993 05 26  -87.23
1993 05 27 -110.15
1993 05 28 -159.88
1993 05 29 -187.06
1993 05 30 -165.73
1993 05 31 -117.60
1993 06 01  -71.03
1993 06 02  -48.70
1993 06 03  -22.48
1993 06 04  -31.69
1993 06 05  -22.71
1993 06 06   65.20
1993 06 07   99.62
1993 06 08   82.14
1993 06 09   52.36
1993 06 10   19.03
1993 06 11  -24.50
1993 06 12  -48.77
1993 06 13  -74.42
1993 06 14  -79.34
1993 06 15  -53.92
1993 06 16  -45.09
1993 06 17  -20.92
1993 06 18    3.71
1993 06 19   17.78
1993 06 20    5.66
1993 06 21   47.73
1993 06 22   97.79
1993 06 23   82.29
1993 06 24   40.54
1993 06 25    6.15
1993 06 26   22.98
1993 06 27   43.48
1993 06 28   24.74
1993 06 29   19.29
1993 06 30   13.83
1993 07 01    2.81
1993 07 02   34.55
1993 07 03   73.73
1993 07 04   46.61
1993 07 05   -2.16
1993 07 06  -70.06
1993 07 07 -100.45
1993 07 08 -117.02
1993 07 09 -131.68
1993 07 10 -130.40
1993 07 11 -141.82
1993 07 12 -148.40
1993 07 13 -120.69
1993 07 14  -82.10
1993 07 15  -86.24
1993 07 16  -71.62
1993 07 17  -50.19
1993 07 18  -37.51
1993 07 19  -39.62
1993 07 20   21.65
1993 07 21   74.33
1993 07 22  107.74
1993 07 23   74.86
1993 07 24    7.98
1993 07 25  -41.00
1993 07 26  -54.43
1993 07 27  -57.95
1993 07 28  -40.75
1993 07 29   26.99
1993 07 30   52.87
1993 07 31  -44.18
1993 08 01 -131.83
1993 08 02 -135.42
1993 08 03 -134.99
1993 08 04 -128.17
1993 08 05 -121.65
1993 08 06 -120.78
1993 08 07  -96.16
1993 08 08  -77.52
1993 08 09  -73.57
1993 08 10  -63.98
1993 08 11  -23.93
1993 08 12   19.52
1993 08 13   67.73
1993 08 14  117.62
1993 08 15  129.57
1993 08 16   97.90
1993 08 17   53.17
1993 08 18   22.73
1993 08 19   22.81
1993 08 20   29.58
1993 08 21   34.51
1993 08 22   30.42
1993 08 23   48.30
1993 08 24   10.38
1993 08 25  -26.27
1993 08 26  -31.68
1993 08 27  -28.42
1993 08 28  -66.27
1993 08 29 -118.18
1993 08 30 -169.24
1993 08 31 -189.50
1993 09 01 -180.38
1993 09 02 -157.16
1993 09 03 -140.15
1993 09 04 -112.11
1993 09 05  -88.50
1993 09 06  -99.88
1993 09 07 -122.04
1993 09 08 -150.79
1993 09 09 -168.06
1993 09 10 -136.99
1993 09 11  -85.03
1993 09 12  -75.21
1993 09 13 -103.21
1993 09 14 -117.74
1993 09 15 -105.42
1993 09 16  -86.64
1993 09 17  -74.80
1993 09 18  -55.44
1993 09 19  -39.53
1993 09 20  -23.15
1993 09 21  -42.89
1993 09 22  -65.76
1993 09 23  -46.63
1993 09 24  -31.75
1993 09 25  -49.59
1993 09 26  -73.14
1993 09 27 -116.88
1993 09 28 -102.60
1993 09 29  -38.09
1993 09 30  -94.53
1993 10 01 -142.98
1993 10 02 -125.49
1993 10 03 -102.92
1993 10 04  -70.42
1993 10 05  -89.66
1993 10 06 -115.85
1993 10 07 -137.83
1993 10 08 -199.98
1993 10 09 -243.50
1993 10 10 -242.13
1993 10 11 -263.75
1993 10 12 -237.48
1993 10 13 -209.63
1993 10 14 -160.07
1993 10 15 -116.11
1993 10 16  -70.88
1993 10 17  -17.94
1993 10 18  -17.83
1993 10 19  -53.30
1993 10 20  -18.76
1993 10 21   22.60
1993 10 22   54.04
1993 10 23   29.50
1993 10 24  -26.10
1993 10 25 -121.55
1993 10 26 -172.84
1993 10 27 -153.27
1993 10 28 -131.32
1993 10 29  -23.95
1993 10 30   34.20
1993 10 31   47.42
1993 11 01   -0.59
1993 11 02  -33.18
1993 11 03 -105.67
1993 11 04 -184.36
1993 11 05 -154.14
1993 11 06 -151.92
1993 11 07 -171.21
1993 11 08 -141.96
1993 11 09 -132.53
1993 11 10  -98.27
1993 11 11  -93.50
1993 11 12  -95.76
1993 11 13  -82.28
1993 11 14    1.74
1993 11 15   35.85
1993 11 16  -11.51
1993 11 17  -62.61
1993 11 18  -38.34
1993 11 19   -3.55
1993 11 20  -13.78
1993 11 21 -123.38
1993 11 22 -135.55
1993 11 23 -117.07
1993 11 24  -64.15
1993 11 25 -107.79
1993 11 26 -102.76
1993 11 27  -30.41
1993 11 28    2.67
1993 11 29   63.62
1993 11 30  126.83
1993 12 01  146.25
1993 12 02  108.40
1993 12 03  108.21
1993 12 04  111.24
1993 12 05   70.97
1993 12 06  138.33
1993 12 07  205.73
1993 12 08  206.29
1993 12 09  183.78
1993 12 10   97.20
1993 12 11  101.51
1993 12 12  126.26
1993 12 13   64.12
1993 12 14   21.26
1993 12 15  -20.81
1993 12 16  -58.89
1993 12 17  -78.82
1993 12 18 -146.39
1993 12 19 -148.12
1993 12 20 -142.65
1993 12 21 -137.00
1993 12 22 -110.65
1993 12 23  -98.11
1993 12 24 -107.57
1993 12 25 -116.76
1993 12 26 -122.66
1993 12 27 -107.08
1993 12 28 -103.43
1993 12 29  -94.87
1993 12 30  -59.13
1993 12 31   31.40
1994 01 01   71.18
1994 01 02    6.79
1994 01 03   21.97
1994 01 04   50.12
1994 01 05   14.49
1994 01 06  -35.16
1994 01 07   25.56
1994 01 08   80.41
1994 01 09   74.41
1994 01 10   54.10
1994 01 11   23.94
1994 01 12  -12.28
1994 01 13 -100.58
1994 01 14  -83.68
1994 01 15  -59.55
1994 01 16  -54.39
1994 01 17  -57.32
1994 01 18  -54.07
1994 01 19 -100.43
1994 01 20 -116.52
1994 01 21 -102.17
1994 01 22    0.27
1994 01 23   24.37
1994 01 24   17.97
1994 01 25   23.50
1994 01 26  -20.60
1994 01 27 -122.33
1994 01 28 -272.11
1994 01 29 -362.28
1994 01 30 -368.96
1994 01 31 -347.76
1994 02 01 -278.53
1994 02 02 -199.06
1994 02 03 -164.39
1994 02 04 -183.28
1994 02 05 -184.46
1994 02 06 -181.18
1994 02 07  -97.68
1994 02 08   62.17
1994 02 09  156.32
1994 02 10  155.56
1994 02 11  167.17
1994 02 12  172.18
1994 02 13  171.55
1994 02 14  175.98
1994 02 15   84.36
1994 02 16    1.83
1994 02 17   27.56
1994 02 18   30.23
1994 02 19  -17.54
1994 02 20  -35.32
1994 02 21  -38.50
1994 02 22  -46.84
1994 02 23  -40.96
1994 02 24   -5.20
1994 02 25   34.16
1994 02 26   73.71
1994 02 27  113.30
1994 02 28  184.00
1994 03 01  209.09
1994 03 02  218.84
1994 03 03  230.04
1994 03 04  232.19
1994 03 05  114.93
1994 03 06    2.08
1994 03 07  -41.44
1994 03 08  -33.33
1994 03 09   12.44
1994 03 10   21.10
1994 03 11  -15.14
1994 03 12  -10.33
1994 03 13   29.92
1994 03 14    2.37
1994 03 15  -27.17
1994 03 16   12.79
1994 03 17   89.19
1994 03 18   75.42
1994 03 19  142.51
1994 03 20  182.76
1994 03 21  106.65
1994 03 22   39.02
1994 03 23  -35.29
1994 03 24  -66.99
1994 03 25 -131.56
1994 03 26 -197.06
1994 03 27 -194.70
1994 03 28 -170.60
1994 03 29 -153.24
1994 03 30 -150.18
1994 03 31 -159.68
1994 04 01 -147.47
1994 04 02 -123.30
1994 04 03 -162.29
1994 04 04 -181.20
1994 04 05 -113.71
1994 04 06  -29.44
1994 04 07   53.93
1994 04 08   65.42
1994 04 09   47.59
1994 04 10   49.68
1994 04 11   53.27
1994 04 12   93.05
1994 04 13  131.80
1994 04 14  173.08
1994 04 15  158.43
1994 04 16   56.04
1994 04 17  -16.05
1994 04 18  -77.51
1994 04 19 -102.46
1994 04 20  -70.39
1994 04 21  -26.48
1994 04 22   16.94
1994 04 23   11.31
1994 04 24   10.88
1994 04 25  -60.84
1994 04 26 -133.12
1994 04 27 -112.82
1994 04 28  -54.89
1994 04 29   34.88
1994 04 30   89.74
1994 05 01   86.29
1994 05 02   81.87
1994 05 03   44.31
1994 05 04   16.94
1994 05 05   16.12
1994 05 06   20.94
1994 05 07   18.51
1994 05 08   33.53
1994 05 09   55.72
1994 05 10   52.86
1994 05 11  116.31
1994 05 12  177.40
1994 05 13  138.26
1994 05 14   73.07
1994 05 15   68.66
1994 05 16   32.85
1994 05 17  -36.89
1994 05 18  -69.86
1994 05 19  -52.20
1994 05 20  -20.27
1994 05 21   23.55
1994 05 22   82.86
1994 05 23   87.02
1994 05 24   60.80
1994 05 25   61.66
1994 05 26   66.61
1994 05 27  111.61
1994 05 28  164.43
1994 05 29  172.35
1994 05 30  132.20
1994 05 31   73.18
1994 06 01   40.40
1994 06 02   20.66
1994 06 03   49.30
1994 06 04   49.70
1994 06 05   48.21
1994 06 06   55.68
1994 06 07   44.03
1994 06 08   20.78
1994 06 09   -7.28
1994 06 10  -16.49
1994 06 11   31.91
1994 06 12   82.40
1994 06 13   96.28
1994 06 14   60.40
1994 06 15   15.04
1994 06 16  -31.98
1994 06 17  -35.42
1994 06 18  -38.91
1994 06 19  -54.94
1994 06 20  -71.78
1994 06 21  -71.92
1994 06 22  -81.59
1994 06 23  -82.10
1994 06 24  -47.08
1994 06 25   -8.89
1994 06 26   24.19
1994 06 27   48.70
1994 06 28   42.80
1994 06 29   22.95
1994 06 30   -5.83
1994 07 01  -10.65
1994 07 02   15.81
1994 07 03    3.61
1994 07 04  -16.89
1994 07 05    0.54
1994 07 06   29.90
1994 07 07   12.59
1994 07 08  -14.20
1994 07 09  -17.14
1994 07 10  -12.05
1994 07 11  -27.27
1994 07 12  -47.08
1994 07 13  -62.82
1994 07 14  -58.45
1994 07 15  -50.95
1994 07 16   18.92
1994 07 17   95.28
1994 07 18   88.06
1994 07 19   12.94
1994 07 20  -37.06
1994 07 21  -15.12
1994 07 22  -30.41
1994 07 23  -64.23
1994 07 24  -72.84
1994 07 25  -79.69
1994 07 26  -73.33
1994 07 27  -81.54
1994 07 28  -92.45
1994 07 29  -65.05
1994 07 30  -46.15
1994 07 31  -70.19
1994 08 01  -94.16
1994 08 02  -79.92
1994 08 03  -74.01
1994 08 04  -59.50
1994 08 05  -71.00
1994 08 06 -109.36
1994 08 07 -148.46
1994 08 08 -163.41
1994 08 09 -153.41
1994 08 10 -148.35
1994 08 11 -147.06
1994 08 12 -147.11
1994 08 13 -131.62
1994 08 14 -106.90
1994 08 15  -81.43
1994 08 16 -110.94
1994 08 17 -146.62
1994 08 18 -169.11
1994 08 19 -159.23
1994 08 20  -95.12
1994 08 21    4.99
1994 08 22   68.97
1994 08 23   33.57
1994 08 24  -30.83
1994 08 25  -94.36
1994 08 26 -111.06
1994 08 27  -87.89
1994 08 28  -63.33
1994 08 29  -75.24
1994 08 30  -81.78
1994 08 31  -58.57
1994 09 01  -32.30
1994 09 02    9.42
1994 09 03   51.12
1994 09 04   57.38
1994 09 05   16.60
1994 09 06   -4.44
1994 09 07  -28.33
1994 09 08  -16.27
1994 09 09  -15.35
1994 09 10  -41.15
1994 09 11  -32.87
1994 09 12   12.03
1994 09 13   62.67
1994 09 14  143.20
1994 09 15  153.97
1994 09 16   81.12
1994 09 17   40.72
1994 09 18   37.68
1994 09 19    0.78
1994 09 20  -19.98
1994 09 21  -10.00
1994 09 22    6.10
1994 09 23    1.93
1994 09 24   -8.31
1994 09 25    5.34
1994 09 26  -20.69
1994 09 27  -17.34
1994 09 28  -26.20
1994 09 29  -19.63
1994 09 30   -5.45
1994 10 01   -4.15
1994 10 02  -58.77
1994 10 03  -99.83
1994 10 04  -76.77
1994 10 05   -3.95
1994 10 06   51.66
1994 10 07   55.13
1994 10 08   50.21
1994 10 09   42.91
1994 10 10   48.11
1994 10 11   54.95
1994 10 12   31.80
1994 10 13   38.33
1994 10 14   44.32
1994 10 15   10.43
1994 10 16   -0.31
1994 10 17  -17.04
1994 10 18  -53.06
1994 10 19   16.56
1994 10 20   67.76
1994 10 21   12.70
1994 10 22  -17.83
1994 10 23   14.61
1994 10 24   49.58
1994 10 25  137.53
1994 10 26  246.79
1994 10 27  299.14
1994 10 28  227.77
1994 10 29  119.11
1994 10 30   48.92
1994 10 31   49.51
1994 11 01   69.91
1994 11 02   60.34
1994 11 03  180.32
1994 11 04  258.18
1994 11 05  112.64
1994 11 06  129.66
1994 11 07  223.74
1994 11 08  182.04
1994 11 09   67.31
1994 11 10   47.17
1994 11 11  100.04
1994 11 12   92.90
1994 11 13   90.56
1994 11 14    6.75
1994 11 15  -26.85
1994 11 16   -2.72
1994 11 17  -48.38
1994 11 18  -18.92
1994 11 19   70.00
1994 11 20  105.81
1994 11 21   92.43
1994 11 22  103.60
1994 11 23  120.06
1994 11 24   53.15
1994 11 25   -5.96
1994 11 26   67.13
1994 11 27  114.87
1994 11 28   78.91
1994 11 29   80.85
1994 11 30  133.42
1994 12 01   73.95
1994 12 02  -25.85
1994 12 03  -34.30
1994 12 04   79.86
1994 12 05  119.16
1994 12 06   89.62
1994 12 07   53.12
1994 12 08   14.84
1994 12 09  -21.07
1994 12 10  -21.58
1994 12 11  -10.81
1994 12 12  -23.63
1994 12 13   22.75
1994 12 14   42.47
1994 12 15   41.57
1994 12 16   60.51
1994 12 17   50.85
1994 12 18  119.94
1994 12 19  177.73
1994 12 20  193.77
1994 12 21  201.78
1994 12 22  182.45
1994 12 23  138.31
1994 12 24   89.07
1994 12 25   98.51
1994 12 26  138.39
1994 12 27   61.30
1994 12 28    7.59
1994 12 29  -73.02
1994 12 30 -145.41
1994 12 31 -209.15
1995 01 01 -246.43
1995 01 02 -262.34
1995 01 03 -194.59
1995 01 04  -96.55
1995 01 05  -45.87
1995 01 06  -57.32
1995 01 07  -59.59
1995 01 08  -45.56
1995 01 09  -42.68
1995 01 10   10.39
1995 01 11   74.44
1995 01 12   79.27
1995 01 13   89.37
1995 01 14  108.01
1995 01 15   78.17
1995 01 16   60.08
1995 01 17   91.81
1995 01 18   90.79
1995 01 19   22.02
1995 01 20  -38.11
1995 01 21  -78.22
1995 01 22 -126.01
1995 01 23 -113.44
1995 01 24  -87.57
1995 01 25  -37.18
1995 01 26   12.86
1995 01 27    4.30
1995 01 28  -17.07
1995 01 29    9.27
1995 01 30   -7.57
1995 01 31   -5.41
1995 02 01   24.26
1995 02 02  -20.77
1995 02 03  -36.37
1995 02 04 -101.49
1995 02 05  -92.51
1995 02 06  -94.21
1995 02 07 -202.75
1995 02 08 -216.48
1995 02 09 -211.76
1995 02 10 -236.16
1995 02 11 -318.56
1995 02 12 -365.17
1995 02 13 -281.38
1995 02 14 -127.44
1995 02 15  -18.57
1995 02 16   19.42
1995 02 17  121.56
1995 02 18  157.85
1995 02 19  151.38
1995 02 20  132.54
1995 02 21  142.04
1995 02 22   58.52
1995 02 23   -6.12
1995 02 24  -31.72
1995 02 25  -88.12
1995 02 26 -144.72
1995 02 27 -232.12
1995 02 28 -282.94
1995 03 01 -295.15
1995 03 02 -294.03
1995 03 03 -294.42
1995 03 04 -246.27
1995 03 05 -220.22
1995 03 06 -173.66
1995 03 07 -161.72
1995 03 08 -135.07
1995 03 09  -88.77
1995 03 10    1.43
1995 03 11  100.45
1995 03 12  156.78
1995 03 13  118.36
1995 03 14  103.19
1995 03 15  102.50
1995 03 16   65.58
1995 03 17   74.90
1995 03 18  111.65
1995 03 19  139.44
1995 03 20  133.83
1995 03 21  159.57
1995 03 22   90.76
1995 03 23   69.47
1995 03 24   74.19
1995 03 25    5.58
1995 03 26 -111.26
1995 03 27 -211.18
1995 03 28 -211.34
1995 03 29 -167.72
1995 03 30 -107.95
1995 03 31   -7.04
1995 04 01   31.34
1995 04 02  -16.01
1995 04 03  -52.33
1995 04 04   39.96
1995 04 05   78.20
1995 04 06   94.25
1995 04 07   80.82
1995 04 08   94.32
1995 04 09   63.00
1995 04 10   53.40
1995 04 11   39.27
1995 04 12  -28.59
1995 04 13    6.05
1995 04 14   22.99
1995 04 15   -1.70
1995 04 16   62.31
1995 04 17   98.28
1995 04 18   96.25
1995 04 19   98.41
1995 04 20   32.57
1995 04 21  -94.11
1995 04 22 -171.49
1995 04 23 -215.81
1995 04 24 -244.66
1995 04 25 -234.62
1995 04 26 -218.65
1995 04 27 -268.22
1995 04 28 -286.06
1995 04 29 -268.15
1995 04 30 -210.45
1995 05 01 -160.18
1995 05 02 -109.33
1995 05 03  -92.77
1995 05 04  -93.22
1995 05 05  -84.68
1995 05 06  -60.67
1995 05 07  -49.61
1995 05 08  -71.37
1995 05 09  -69.88
1995 05 10   -8.80
1995 05 11   29.21
1995 05 12  -28.70
1995 05 13 -117.44
1995 05 14 -113.06
1995 05 15  -36.70
1995 05 16   29.98
1995 05 17   31.21
1995 05 18  -29.52
1995 05 19  -68.08
1995 05 20  -32.04
1995 05 21  -12.30
1995 05 22  -14.11
1995 05 23  -31.19
1995 05 24  -53.61
1995 05 25  -59.84
1995 05 26   -1.88
1995 05 27   24.18
1995 05 28    3.27
1995 05 29   30.39
1995 05 30   85.38
1995 05 31   94.45
1995 06 01   92.59
1995 06 02  104.17
1995 06 03   99.56
1995 06 04  102.23
1995 06 05   64.32
1995 06 06    1.47
1995 06 07  -51.07
1995 06 08  -50.22
1995 06 09  -65.59
1995 06 10  -88.61
1995 06 11  -84.26
1995 06 12  -45.75
1995 06 13   11.56
1995 06 14   53.25
1995 06 15   90.24
1995 06 16  108.48
1995 06 17   84.51
1995 06 18   18.75
1995 06 19   -5.73
1995 06 20   -9.75
1995 06 21   -6.48
1995 06 22    7.20
1995 06 23   21.12
1995 06 24    3.95
1995 06 25  -28.41
1995 06 26  -71.38
1995 06 27 -101.66
1995 06 28 -111.55
1995 06 29 -114.22
1995 06 30  -80.36
1995 07 01  -26.63
1995 07 02    3.25
1995 07 03   11.97
1995 07 04   -4.63
1995 07 05   -6.85
1995 07 06  -24.61
1995 07 07  -45.56
1995 07 08  -67.21
1995 07 09  -85.60
1995 07 10  -65.30
1995 07 11   -5.31
1995 07 12   31.89
1995 07 13   33.45
1995 07 14   11.14
1995 07 15   -6.64
1995 07 16  -29.93
1995 07 17  -42.73
1995 07 18  -66.75
1995 07 19 -111.08
1995 07 20 -124.73
1995 07 21  -82.01
1995 07 22  -20.12
1995 07 23    3.64
1995 07 24   39.43
1995 07 25  105.40
1995 07 26  142.97
1995 07 27  126.18
1995 07 28   76.70
1995 07 29   61.00
1995 07 30   43.87
1995 07 31   40.78
1995 08 01   46.96
1995 08 02   80.85
1995 08 03  127.47
1995 08 04  155.20
1995 08 05  157.77
1995 08 06  134.55
1995 08 07   90.60
1995 08 08   74.82
1995 08 09   46.04
1995 08 10   53.81
1995 08 11   66.54
1995 08 12   80.35
1995 08 13  122.58
1995 08 14  138.49
1995 08 15  100.78
1995 08 16   39.16
1995 08 17   15.14
1995 08 18  -19.33
1995 08 19  -45.08
1995 08 20  -80.93
1995 08 21  -80.94
1995 08 22  -75.14
1995 08 23  -46.97
1995 08 24   -9.73
1995 08 25   -0.98
1995 08 26    1.40
1995 08 27   10.70
1995 08 28    9.82
1995 08 29   -5.37
1995 08 30  -22.09
1995 08 31  -22.97
1995 09 01   -3.55
1995 09 02   17.15
1995 09 03   -1.42
1995 09 04  -16.82
1995 09 05  -14.30
1995 09 06  -56.27
1995 09 07  -67.11
1995 09 08  -57.96
1995 09 09  -45.18
1995 09 10   18.33
1995 09 11   65.51
1995 09 12   -8.44
1995 09 13 -120.09
1995 09 14 -118.20
1995 09 15 -120.83
1995 09 16 -154.09
1995 09 17 -144.75
1995 09 18 -147.14
1995 09 19 -152.08
1995 09 20 -112.76
1995 09 21  -97.63
1995 09 22 -118.71
1995 09 23 -132.69
1995 09 24 -114.58
1995 09 25  -73.08
1995 09 26  -41.16
1995 09 27    8.49
1995 09 28   62.05
1995 09 29  106.13
1995 09 30  127.78
1995 10 01  112.29
1995 10 02  107.59
1995 10 03   64.98
1995 10 04   24.35
1995 10 05    4.13
1995 10 06    2.87
1995 10 07   43.00
1995 10 08  130.39
1995 10 09  190.47
1995 10 10  180.60
1995 10 11  148.32
1995 10 12  133.22
1995 10 13  108.90
1995 10 14   54.30
1995 10 15   26.98
1995 10 16   94.54
1995 10 17  152.25
1995 10 18  105.73
1995 10 19   57.88
1995 10 20   55.34
1995 10 21   -1.11
1995 10 22  -27.44
1995 10 23  -12.98
1995 10 24   40.21
1995 10 25  115.22
1995 10 26  104.44
1995 10 27   -2.01
1995 10 28  -96.48
1995 10 29 -164.30
1995 10 30 -162.86
1995 10 31 -152.08
1995 11 01 -115.48
1995 11 02 -103.98
1995 11 03 -141.09
1995 11 04  -56.82
1995 11 05  -28.84
1995 11 06  -55.43
1995 11 07  -37.04
1995 11 08   30.76
1995 11 09   44.17
1995 11 10   71.64
1995 11 11  162.78
1995 11 12  111.96
1995 11 13   31.09
1995 11 14   31.24
1995 11 15   47.26
1995 11 16   54.02
1995 11 17   82.27
1995 11 18  107.34
1995 11 19   -4.28
1995 11 20  -92.57
1995 11 21 -129.86
1995 11 22 -123.60
1995 11 23  -99.19
1995 11 24  -36.17
1995 11 25  -14.38
1995 11 26  -61.78
1995 11 27 -117.15
1995 11 28  -63.95
1995 11 29   46.55
1995 11 30  120.37
1995 12 01  149.86
1995 12 02  196.29
1995 12 03  181.13
1995 12 04  162.11
1995 12 05   64.04
1995 12 06  -23.72
1995 12 07  -88.44
1995 12 08 -114.30
1995 12 09 -124.51
1995 12 10  -54.33
1995 12 11   21.86
1995 12 12   33.64
1995 12 13   88.67
1995 12 14   36.39
1995 12 15   11.65
1995 12 16    5.88
1995 12 17   -5.95
1995 12 18   19.28
1995 12 19  -20.49
1995 12 20  -30.21
1995 12 21  -22.72
1995 12 22  -34.04
1995 12 23  -97.91
1995 12 24 -128.79
1995 12 25 -136.02
1995 12 26 -123.57
1995 12 27  -81.79
1995 12 28   -3.51
1995 12 29   71.70
1995 12 30   63.38
1995 12 31  -12.94
1996 01 01  -63.84
1996 01 02  -60.91
1996 01 03 -107.06
1996 01 04 -149.71
1996 01 05  -94.20
1996 01 06   18.03
1996 01 07  125.95
1996 01 08  164.24
1996 01 09  168.44
1996 01 10  154.73
1996 01 11  125.07
1996 01 12   55.22
1996 01 13   19.46
1996 01 14    7.19
1996 01 15   75.69
1996 01 16  130.78
1996 01 17   85.59
1996 01 18   37.82
1996 01 19   96.94
1996 01 20  110.91
1996 01 21   50.48
1996 01 22   51.78
1996 01 23   49.18
1996 01 24   15.98
1996 01 25  -36.54
1996 01 26  -48.81
1996 01 27  -57.93
1996 01 28  -93.05
1996 01 29 -196.22
1996 01 30 -279.58
1996 01 31 -274.38
1996 02 01 -242.36
1996 02 02 -183.78
1996 02 03  -93.57
1996 02 04   53.25
1996 02 05  260.64
1996 02 06  364.05
1996 02 07  334.30
1996 02 08  310.88
1996 02 09  264.48
1996 02 10   75.30
1996 02 11 -102.98
1996 02 12 -158.61
1996 02 13 -171.88
1996 02 14 -218.64
1996 02 15 -232.10
1996 02 16 -206.60
1996 02 17 -184.94
1996 02 18 -105.68
1996 02 19   67.17
1996 02 20  146.42
1996 02 21  136.14
1996 02 22  215.95
1996 02 23  162.50
1996 02 24  -21.68
1996 02 25  -77.30
1996 02 26  -65.85
1996 02 27 -179.51
1996 02 28 -291.72
1996 02 29 -372.49
1996 03 01 -374.26
1996 03 02 -326.98
1996 03 03 -293.45
1996 03 04 -226.06
1996 03 05 -176.69
1996 03 06 -220.70
1996 03 07 -261.81
1996 03 08 -216.35
1996 03 09 -102.74
1996 03 10    8.84
1996 03 11   27.11
1996 03 12  -36.60
1996 03 13  -59.44
1996 03 14  -56.47
1996 03 15  -15.06
1996 03 16   30.44
1996 03 17   -4.52
1996 03 18  -85.15
1996 03 19 -106.39
1996 03 20 -165.44
1996 03 21 -184.75
1996 03 22 -102.38
1996 03 23 -121.60
1996 03 24 -282.50
1996 03 25 -371.59
1996 03 26 -372.24
1996 03 27 -348.92
1996 03 28 -294.51
1996 03 29 -237.50
1996 03 30 -189.89
1996 03 31 -125.25
1996 04 01   15.43
1996 04 02  152.76
1996 04 03  134.64
1996 04 04  102.68
1996 04 05   96.27
1996 04 06   60.77
1996 04 07  -12.54
1996 04 08  -28.06
1996 04 09  -34.45
1996 04 10  -11.52
1996 04 11   13.49
1996 04 12   23.93
1996 04 13  -59.03
1996 04 14  -78.53
1996 04 15   41.19
1996 04 16  120.11
1996 04 17  117.04
1996 04 18   86.65
1996 04 19   58.41
1996 04 20   62.27
1996 04 21   64.15
1996 04 22   88.95
1996 04 23  155.55
1996 04 24  224.86
1996 04 25  198.73
1996 04 26  153.30
1996 04 27   47.88
1996 04 28   13.77
1996 04 29   29.84
1996 04 30  -15.72
1996 05 01  -51.15
1996 05 02  -76.84
1996 05 03 -137.02
1996 05 04 -174.67
1996 05 05 -175.18
1996 05 06 -156.73
1996 05 07 -127.38
1996 05 08 -113.75
1996 05 09 -134.25
1996 05 10 -147.42
1996 05 11 -163.36
1996 05 12  -97.57
1996 05 13    4.21
1996 05 14   71.07
1996 05 15  100.70
1996 05 16  137.52
1996 05 17  153.27
1996 05 18  186.49
1996 05 19  164.92
1996 05 20  122.96
1996 05 21   81.64
1996 05 22   63.47
1996 05 23   46.15
1996 05 24   58.25
1996 05 25   85.00
1996 05 26   39.70
1996 05 27   -4.43
1996 05 28  -28.23
1996 05 29  -28.50
1996 05 30  -13.55
1996 05 31  -55.85
1996 06 01 -137.64
1996 06 02 -170.39
1996 06 03 -119.57
1996 06 04  -22.86
1996 06 05  -18.11
1996 06 06   -6.15
1996 06 07   20.67
1996 06 08   69.55
1996 06 09  129.76
1996 06 10  152.82
1996 06 11  147.13
1996 06 12   90.68
1996 06 13   45.74
1996 06 14   17.40
1996 06 15    0.82
1996 06 16  -24.82
1996 06 17  -15.38
1996 06 18   -8.94
1996 06 19  -42.23
1996 06 20  -42.86
1996 06 21  -47.47
1996 06 22  -45.43
1996 06 23  -43.41
1996 06 24  -19.60
1996 06 25   48.07
1996 06 26  130.04
1996 06 27  150.53
1996 06 28  142.84
1996 06 29  121.84
1996 06 30  109.01
1996 07 01   74.37
1996 07 02   33.65
1996 07 03   26.34
1996 07 04   51.55
1996 07 05   54.50
1996 07 06   18.12
1996 07 07  -11.12
1996 07 08    8.52
1996 07 09   60.89
1996 07 10   36.23
1996 07 11  -10.51
1996 07 12  -26.25
1996 07 13  -39.86
1996 07 14  -26.03
1996 07 15    7.08
1996 07 16   -3.28
1996 07 17  -29.14
1996 07 18  -10.52
1996 07 19   28.97
1996 07 20   30.16
1996 07 21  -23.74
1996 07 22  -73.70
1996 07 23 -102.74
1996 07 24 -100.94
1996 07 25  -79.54
1996 07 26  -72.44
1996 07 27  -63.41
1996 07 28  -42.65
1996 07 29  -26.80
1996 07 30  -12.28
1996 07 31  -17.01
1996 08 01   -4.50
1996 08 02   21.60
1996 08 03   37.57
1996 08 04   32.38
1996 08 05   25.74
1996 08 06   30.17
1996 08 07   12.61
1996 08 08    7.92
1996 08 09   43.71
1996 08 10   87.14
1996 08 11  110.89
1996 08 12  107.81
1996 08 13   65.38
1996 08 14   33.94
1996 08 15   -0.89
1996 08 16  -17.82
1996 08 17   10.10
1996 08 18   32.13
1996 08 19   26.20
1996 08 20   49.60
1996 08 21   57.78
1996 08 22   58.49
1996 08 23   17.62
1996 08 24  -34.31
1996 08 25  -34.45
1996 08 26    6.03
1996 08 27   12.22
1996 08 28  -15.96
1996 08 29  -15.98
1996 08 30   22.37
1996 08 31   12.67
1996 09 01  -25.32
1996 09 02  -50.92
1996 09 03  -99.15
1996 09 04  -89.34
1996 09 05  -29.20
1996 09 06   17.12
1996 09 07   49.49
1996 09 08   49.28
1996 09 09   40.41
1996 09 10   31.54
1996 09 11   70.96
1996 09 12  143.06
1996 09 13  177.46
1996 09 14  182.16
1996 09 15  140.01
1996 09 16   91.68
1996 09 17   65.68
1996 09 18   74.46
1996 09 19   83.80
1996 09 20  101.36
1996 09 21   98.23
1996 09 22   91.31
1996 09 23   47.29
1996 09 24   -3.36
1996 09 25  -33.39
1996 09 26  -39.57
1996 09 27  -64.64
1996 09 28 -109.12
1996 09 29 -113.23
1996 09 30  -66.83
1996 10 01    2.57
1996 10 02   51.88
1996 10 03   82.55
1996 10 04   79.29
1996 10 05   48.17
1996 10 06   12.25
1996 10 07   21.22
1996 10 08  -10.47
1996 10 09  -26.63
1996 10 10   57.37
1996 10 11  107.57
1996 10 12  109.71
1996 10 13  159.70
1996 10 14  193.92
1996 10 15  161.15
1996 10 16   92.81
1996 10 17   50.33
1996 10 18   78.87
1996 10 19   87.53
1996 10 20   40.03
1996 10 21   59.00
1996 10 22   95.22
1996 10 23  148.65
1996 10 24  203.05
1996 10 25  107.90
1996 10 26   36.23
1996 10 27   -3.79
1996 10 28  -78.07
1996 10 29 -153.70
1996 10 30 -178.35
1996 10 31 -148.54
1996 11 01  -76.97
1996 11 02  -36.54
1996 11 03  -33.37
1996 11 04    6.92
1996 11 05   81.16
1996 11 06  125.88
1996 11 07   64.76
1996 11 08  -71.92
1996 11 09 -179.94
1996 11 10 -204.18
1996 11 11 -185.42
1996 11 12 -186.66
1996 11 13 -182.35
1996 11 14 -207.95
1996 11 15 -236.35
1996 11 16 -215.96
1996 11 17 -184.08
1996 11 18 -167.24
1996 11 19 -134.07
1996 11 20  -60.04
1996 11 21  -49.67
1996 11 22  -46.00
1996 11 23  -60.46
1996 11 24  -29.58
1996 11 25  -20.30
1996 11 26   -5.29
1996 11 27   72.43
1996 11 28   69.18
1996 11 29   62.46
1996 11 30  118.07
1996 12 01  135.90
1996 12 02   77.98
1996 12 03  120.15
1996 12 04  278.44
1996 12 05  362.90
1996 12 06  262.19
1996 12 07   66.68
1996 12 08   84.87
1996 12 09  188.34
1996 12 10  183.75
1996 12 11  157.48
1996 12 12  105.57
1996 12 13    5.61
1996 12 14 -113.55
1996 12 15 -210.05
1996 12 16 -296.80
1996 12 17 -269.17
1996 12 18 -169.30
1996 12 19 -108.54
1996 12 20 -110.98
1996 12 21 -172.72
1996 12 22 -163.77
1996 12 23 -161.13
1996 12 24 -215.47
1996 12 25 -232.78
1996 12 26 -169.23
1996 12 27 -116.23
1996 12 28 -142.47
1996 12 29 -140.88
1996 12 30  -22.32
1996 12 31   62.82
1997 01 01  165.44
1997 01 02  192.02
1997 01 03  207.66
1997 01 04  189.13
1997 01 05  167.70
1997 01 06  144.56
1997 01 07   25.15
1997 01 08  -78.04
1997 01 09 -100.67
1997 01 10 -118.34
1997 01 11 -121.77
1997 01 12 -149.66
1997 01 13 -182.74
1997 01 14 -183.69
1997 01 15 -182.89
1997 01 16 -175.33
1997 01 17  -81.94
1997 01 18  -51.04
1997 01 19  -87.67
1997 01 20  -96.66
1997 01 21  -98.44
1997 01 22 -131.88
1997 01 23 -155.27
1997 01 24 -180.68
1997 01 25 -114.22
1997 01 26   14.28
1997 01 27   44.63
1997 01 28   77.12
1997 01 29   94.54
1997 01 30  197.69
1997 01 31  181.67
1997 02 01  105.33
1997 02 02   62.72
1997 02 03   64.82
1997 02 04   21.79
1997 02 05  -29.10
1997 02 06  -40.62
1997 02 07  -24.67
1997 02 08   -7.66
1997 02 09  -55.44
1997 02 10  -30.35
1997 02 11   22.85
1997 02 12   70.21
1997 02 13   90.62
1997 02 14   53.95
1997 02 15   51.24
1997 02 16  115.43
1997 02 17  138.74
1997 02 18  135.99
1997 02 19  143.71
1997 02 20   65.07
1997 02 21  -21.69
1997 02 22 -101.96
1997 02 23 -194.44
1997 02 24 -161.26
1997 02 25  -69.26
1997 02 26   38.75
1997 02 27   77.15
1997 02 28   95.30
1997 03 01  117.52
1997 03 02   63.08
1997 03 03   -0.76
1997 03 04   29.45
1997 03 05   91.90
1997 03 06  143.33
1997 03 07  182.23
1997 03 08  168.31
1997 03 09  143.87
1997 03 10   41.79
1997 03 11 -140.37
1997 03 12 -214.80
1997 03 13 -237.31
1997 03 14 -229.43
1997 03 15 -136.66
1997 03 16   -0.11
1997 03 17   49.98
1997 03 18   70.32
1997 03 19   81.07
1997 03 20  114.34
1997 03 21   84.23
1997 03 22   58.16
1997 03 23   47.94
1997 03 24   43.19
1997 03 25   73.49
1997 03 26   83.20
1997 03 27  123.03
1997 03 28  129.79
1997 03 29   94.17
1997 03 30   95.12
1997 03 31  114.90
1997 04 01   21.61
1997 04 02  -24.76
1997 04 03 -111.00
1997 04 04 -133.93
1997 04 05 -134.59
1997 04 06 -156.12
1997 04 07 -131.20
1997 04 08 -131.20
1997 04 09 -183.13
1997 04 10 -238.19
1997 04 11 -188.53
1997 04 12 -108.21
1997 04 13  -64.27
1997 04 14   11.83
1997 04 15   82.81
1997 04 16   98.27
1997 04 17   54.48
1997 04 18   22.86
1997 04 19   48.13
1997 04 20  115.37
1997 04 21   83.95
1997 04 22   38.17
1997 04 23    1.61
1997 04 24  -35.51
1997 04 25  -52.11
1997 04 26   -6.24
1997 04 27  107.82
1997 04 28  127.88
1997 04 29  124.72
1997 04 30  117.43
1997 05 01   54.59
1997 05 02  -12.84
1997 05 03  -27.90
1997 05 04  -55.33
1997 05 05  -51.77
1997 05 06  -45.84
1997 05 07  -71.01
1997 05 08  -50.37
1997 05 09   18.67
1997 05 10  -44.50
1997 05 11 -110.25
1997 05 12  -96.61
1997 05 13  -66.43
1997 05 14  -75.55
1997 05 15  -99.66
1997 05 16 -140.97
1997 05 17 -174.96
1997 05 18 -204.03
1997 05 19 -208.49
1997 05 20 -220.85
1997 05 21 -220.98
1997 05 22 -189.95
1997 05 23 -139.17
1997 05 24 -123.96
1997 05 25 -145.44
1997 05 26 -158.51
1997 05 27 -100.51
1997 05 28  -37.43
1997 05 29  -18.64
1997 05 30  -22.56
1997 05 31   66.74
1997 06 01  149.47
1997 06 02  133.49
1997 06 03   67.05
1997 06 04    9.32
1997 06 05   12.89
1997 06 06   52.40
1997 06 07   53.54
1997 06 08   26.70
1997 06 09    1.89
1997 06 10    2.07
1997 06 11    8.09
1997 06 12   22.50
1997 06 13   40.96
1997 06 14   52.57
1997 06 15   86.41
1997 06 16   98.62
1997 06 17  127.18
1997 06 18  131.76
1997 06 19  100.46
1997 06 20   48.46
1997 06 21  -11.36
1997 06 22  -51.15
1997 06 23  -63.29
1997 06 24  -62.21
1997 06 25  -63.69
1997 06 26  -56.32
1997 06 27  -63.26
1997 06 28  -70.88
1997 06 29  -65.46
1997 06 30  -54.58
1997 07 01  -18.71
1997 07 02  -32.03
1997 07 03  -74.80
1997 07 04  -78.05
1997 07 05  -17.15
1997 07 06   68.67
1997 07 07  119.69
1997 07 08  149.71
1997 07 09  118.93
1997 07 10   58.65
1997 07 11   35.32
1997 07 12   63.34
1997 07 13   69.05
1997 07 14   50.86
1997 07 15   29.70
1997 07 16   31.14
1997 07 17   51.91
1997 07 18   47.92
1997 07 19   44.70
1997 07 20   53.36
1997 07 21   71.07
1997 07 22   77.97
1997 07 23   36.67
1997 07 24  -22.12
1997 07 25  -64.31
1997 07 26  -84.60
1997 07 27  -81.91
1997 07 28  -59.34
1997 07 29  -44.10
1997 07 30   -6.53
1997 07 31   51.92
1997 08 01   59.37
1997 08 02   33.00
1997 08 03  -42.00
1997 08 04  -86.91
1997 08 05  -81.84
1997 08 06  -37.84
1997 08 07  -15.23
1997 08 08  -58.94
1997 08 09  -76.78
1997 08 10  -62.91
1997 08 11  -42.09
1997 08 12  -41.38
1997 08 13  -58.65
1997 08 14 -108.87
1997 08 15 -142.36
1997 08 16 -124.48
1997 08 17  -72.02
1997 08 18  -25.45
1997 08 19  -36.86
1997 08 20  -81.61
1997 08 21  -96.87
1997 08 22  -47.98
1997 08 23   20.21
1997 08 24   26.99
1997 08 25   12.96
1997 08 26    6.80
1997 08 27    0.37
1997 08 28    1.97
1997 08 29  -30.52
1997 08 30  -53.56
1997 08 31  -47.01
1997 09 01  -47.25
1997 09 02  -43.91
1997 09 03  -41.47
1997 09 04  -34.87
1997 09 05   -2.37
1997 09 06   30.67
1997 09 07   23.27
1997 09 08  -41.68
1997 09 09  -90.68
1997 09 10  -75.95
1997 09 11  -51.50
1997 09 12  -65.33
1997 09 13  -76.85
1997 09 14  -63.57
1997 09 15   31.72
1997 09 16   77.19
1997 09 17   29.00
1997 09 18    9.98
1997 09 19   15.99
1997 09 20   -5.20
1997 09 21    0.56
1997 09 22   58.82
1997 09 23   57.58
1997 09 24   20.00
1997 09 25   39.12
1997 09 26  126.17
1997 09 27  139.09
1997 09 28   81.65
1997 09 29   64.32
1997 09 30   95.25
1997 10 01  131.71
1997 10 02  211.63
1997 10 03  219.31
1997 10 04  192.74
1997 10 05  142.60
1997 10 06   42.55
1997 10 07   25.15
1997 10 08  -33.61
1997 10 09  -66.96
1997 10 10  -72.08
1997 10 11  -44.13
1997 10 12  -23.78
1997 10 13    9.97
1997 10 14   34.05
1997 10 15   21.61
1997 10 16    1.10
1997 10 17  -39.75
1997 10 18  -89.48
1997 10 19 -114.56
1997 10 20 -122.97
1997 10 21 -102.44
1997 10 22  -89.41
1997 10 23  -88.93
1997 10 24  -72.50
1997 10 25  -26.41
1997 10 26   24.30
1997 10 27   55.69
1997 10 28  132.58
1997 10 29  212.28
1997 10 30  256.59
1997 10 31  176.14
1997 11 01   23.63
1997 11 02   12.84
1997 11 03   79.92
1997 11 04   40.74
1997 11 05   38.68
1997 11 06  -11.67
1997 11 07  -81.76
1997 11 08 -130.77
1997 11 09  -90.43
1997 11 10  -53.79
1997 11 11  -34.48
1997 11 12  -74.06
1997 11 13 -150.91
1997 11 14 -219.72
1997 11 15 -203.60
1997 11 16 -140.59
1997 11 17  -91.51
1997 11 18  -48.91
1997 11 19  -73.61
1997 11 20 -112.12
1997 11 21  -64.65
1997 11 22  -18.69
1997 11 23   66.86
1997 11 24   93.01
1997 11 25   65.52
1997 11 26  116.60
1997 11 27  205.65
1997 11 28  120.58
1997 11 29   92.18
1997 11 30  106.80
1997 12 01   10.63
1997 12 02   -5.96
1997 12 03  -72.24
1997 12 04 -142.46
1997 12 05  -60.45
1997 12 06   48.31
1997 12 07   92.76
1997 12 08  104.11
1997 12 09   59.70
1997 12 10  -14.39
1997 12 11  -77.85
1997 12 12 -132.64
1997 12 13  -52.97
1997 12 14   96.62
1997 12 15  171.97
1997 12 16  181.88
1997 12 17  161.72
1997 12 18  126.50
1997 12 19  141.89
1997 12 20  144.49
1997 12 21  111.89
1997 12 22  132.33
1997 12 23   86.02
1997 12 24  -15.77
1997 12 25  -45.84
1997 12 26   24.86
1997 12 27   64.43
1997 12 28  116.97
1997 12 29   78.13
1997 12 30  -12.73
1997 12 31  -25.28
1998 01 01   18.26
1998 01 02   21.25
1998 01 03    0.55
1998 01 04   19.08
1998 01 05   11.49
1998 01 06    9.41
1998 01 07  -49.07
1998 01 08 -135.37
1998 01 09 -146.76
1998 01 10 -140.27
1998 01 11  -99.16
1998 01 12  -30.64
1998 01 13  101.44
1998 01 14  226.91
1998 01 15  243.94
1998 01 16  232.39
1998 01 17  177.44
1998 01 18   71.57
1998 01 19   45.35
1998 01 20   33.50
1998 01 21   19.23
1998 01 22    7.02
1998 01 23   37.65
1998 01 24   97.79
1998 01 25   79.52
1998 01 26   99.38
1998 01 27   75.21
1998 01 28    2.54
1998 01 29   -0.28
1998 01 30   -7.98
1998 01 31  -34.17
1998 02 01  -83.61
1998 02 02 -103.00
1998 02 03  -82.52
1998 02 04  -77.96
1998 02 05 -148.72
1998 02 06 -123.58
1998 02 07    1.25
1998 02 08  114.29
1998 02 09  163.50
1998 02 10  166.07
1998 02 11  163.50
1998 02 12  168.44
1998 02 13  184.08
1998 02 14  168.09
1998 02 15  134.47
1998 02 16   87.91
1998 02 17   94.47
1998 02 18  122.84
1998 02 19  129.56
1998 02 20  197.93
1998 02 21  236.94
1998 02 22  176.14
1998 02 23  122.88
1998 02 24  205.10
1998 02 25  223.56
1998 02 26  154.71
1998 02 27   99.52
1998 02 28   78.04
1998 03 01   39.97
1998 03 02  -22.33
1998 03 03  -79.71
1998 03 04 -110.04
1998 03 05 -111.01
1998 03 06  -81.24
1998 03 07  -58.78
1998 03 08  -75.73
1998 03 09 -114.55
1998 03 10  -90.95
1998 03 11  -62.51
1998 03 12  -95.47
1998 03 13  -55.98
1998 03 14    7.03
1998 03 15   26.14
1998 03 16  -24.95
1998 03 17  -68.42
1998 03 18 -105.22
1998 03 19 -169.44
1998 03 20 -163.63
1998 03 21 -236.87
1998 03 22 -224.49
1998 03 23 -101.15
1998 03 24   30.38
1998 03 25  167.45
1998 03 26  210.99
1998 03 27  143.53
1998 03 28   43.23
1998 03 29   74.42
1998 03 30  109.10
1998 03 31   76.48
1998 04 01   82.25
1998 04 02   26.90
1998 04 03   13.25
1998 04 04   -7.16
1998 04 05   72.46
1998 04 06   78.07
1998 04 07   55.01
1998 04 08    6.43
1998 04 09  -81.55
1998 04 10  -70.88
1998 04 11    6.31
1998 04 12   17.87
1998 04 13  -30.01
1998 04 14  -54.12
1998 04 15    4.96
1998 04 16   28.17
1998 04 17   42.69
1998 04 18   66.17
1998 04 19   37.19
1998 04 20  -31.92
1998 04 21  -37.73
1998 04 22  -71.73
1998 04 23  -68.94
1998 04 24   19.61
1998 04 25   64.25
1998 04 26   45.30
1998 04 27    1.37
1998 04 28   15.46
1998 04 29  -13.76
1998 04 30  -92.44
1998 05 01 -112.07
1998 05 02 -128.22
1998 05 03 -126.23
1998 05 04  -90.45
1998 05 05  -10.91
1998 05 06   78.28
1998 05 07   94.60
1998 05 08   71.35
1998 05 09   68.76
1998 05 10   52.17
1998 05 11   74.16
1998 05 12   48.56
1998 05 13   61.42
1998 05 14   67.15
1998 05 15   17.40
1998 05 16  -38.00
1998 05 17  -69.70
1998 05 18  -31.57
1998 05 19   17.96
1998 05 20   56.86
1998 05 21   82.51
1998 05 22  109.13
1998 05 23  100.06
1998 05 24   44.81
1998 05 25  -18.39
1998 05 26  -80.59
1998 05 27 -131.73
1998 05 28 -145.26
1998 05 29 -102.83
1998 05 30  -81.55
1998 05 31 -127.71
1998 06 01 -188.06
1998 06 02 -183.92
1998 06 03 -131.96
1998 06 04 -106.76
1998 06 05  -90.83
1998 06 06 -104.17
1998 06 07 -111.74
1998 06 08  -29.16
1998 06 09   50.28
1998 06 10   60.15
1998 06 11   17.54
1998 06 12  -20.45
1998 06 13   -6.89
1998 06 14   33.89
1998 06 15   21.81
1998 06 16  -21.67
1998 06 17  -29.65
1998 06 18  -63.86
1998 06 19  -71.59
1998 06 20  -71.94
1998 06 21  -50.40
1998 06 22  -15.20
1998 06 23   42.06
1998 06 24   64.38
1998 06 25   28.27
1998 06 26  -13.66
1998 06 27  -51.00
1998 06 28  -83.23
1998 06 29 -107.71
1998 06 30  -99.52
1998 07 01  -76.22
1998 07 02  -69.45
1998 07 03  -41.15
1998 07 04    1.71
1998 07 05   37.17
1998 07 06   19.30
1998 07 07    6.95
1998 07 08   20.09
1998 07 09   28.03
1998 07 10   58.33
1998 07 11  121.16
1998 07 12  138.70
1998 07 13  118.82
1998 07 14   76.57
1998 07 15   48.68
1998 07 16   66.77
1998 07 17   73.61
1998 07 18   63.14
1998 07 19   78.20
1998 07 20   34.55
1998 07 21  -10.25
1998 07 22    2.12
1998 07 23   28.60
1998 07 24   28.58
1998 07 25  -25.73
1998 07 26 -101.46
1998 07 27 -132.61
1998 07 28 -112.19
1998 07 29  -78.04
1998 07 30  -42.87
1998 07 31  -15.69
1998 08 01   -6.92
1998 08 02  -33.67
1998 08 03  -19.56
1998 08 04    6.31
1998 08 05   29.59
1998 08 06   84.54
1998 08 07  144.18
1998 08 08  147.07
1998 08 09  128.01
1998 08 10  126.67
1998 08 11   97.18
1998 08 12   31.51
1998 08 13  -26.91
1998 08 14   -9.13
1998 08 15    3.03
1998 08 16   -7.30
1998 08 17    8.86
1998 08 18    3.29
1998 08 19  -24.91
1998 08 20  -50.75
1998 08 21  -46.38
1998 08 22  -42.92
1998 08 23  -45.20
1998 08 24    4.40
1998 08 25   45.24
1998 08 26   80.40
1998 08 27  114.39
1998 08 28  111.32
1998 08 29  139.72
1998 08 30   80.14
1998 08 31   65.92
1998 09 01  125.11
1998 09 02  147.96
1998 09 03  115.43
1998 09 04   90.75
1998 09 05   67.96
1998 09 06   83.03
1998 09 07  122.37
1998 09 08  122.79
1998 09 09  144.02
1998 09 10  170.47
1998 09 11  148.39
1998 09 12  113.74
1998 09 13   98.42
1998 09 14   35.82
1998 09 15  -31.91
1998 09 16  -65.51
1998 09 17  -59.42
1998 09 18   -6.36
1998 09 19   -7.15
1998 09 20  -41.67
1998 09 21 -100.81
1998 09 22 -183.01
1998 09 23 -156.58
1998 09 24  -98.21
1998 09 25 -103.97
1998 09 26  -67.75
1998 09 27  -31.58
1998 09 28  -51.37
1998 09 29  -52.69
1998 09 30   -9.06
1998 10 01   23.16
1998 10 02   41.26
1998 10 03   64.88
1998 10 04   88.66
1998 10 05   74.35
1998 10 06   31.33
1998 10 07  -13.43
1998 10 08  -28.72
1998 10 09  -40.09
1998 10 10  -74.88
1998 10 11 -121.02
1998 10 12  -60.08
1998 10 13   19.84
1998 10 14   48.73
1998 10 15   39.72
1998 10 16   51.85
1998 10 17   45.99
1998 10 18   28.30
1998 10 19  -16.89
1998 10 20  -38.49
1998 10 21  -48.79
1998 10 22  -56.66
1998 10 23  -31.13
1998 10 24   30.49
1998 10 25  111.39
1998 10 26  104.23
1998 10 27   40.65
1998 10 28   75.97
1998 10 29   34.05
1998 10 30   10.54
1998 10 31    2.63
1998 11 01  -34.33
1998 11 02  -80.65
1998 11 03 -100.00
1998 11 04  -72.11
1998 11 05  -93.69
1998 11 06 -144.07
1998 11 07 -162.70
1998 11 08 -153.85
1998 11 09  -98.35
1998 11 10  -76.80
1998 11 11  -63.29
1998 11 12    4.38
1998 11 13   -7.34
1998 11 14  -15.01
1998 11 15  -13.21
1998 11 16  -48.82
1998 11 17    0.26
1998 11 18   59.09
1998 11 19  126.11
1998 11 20  228.82
1998 11 21  282.17
1998 11 22  253.59
1998 11 23  194.66
1998 11 24  262.40
1998 11 25  232.43
1998 11 26  171.41
1998 11 27  112.93
1998 11 28  156.93
1998 11 29  156.65
1998 11 30  111.50
1998 12 01  187.88
1998 12 02  197.63
1998 12 03   68.02
1998 12 04   51.95
1998 12 05  126.58
1998 12 06  159.94
1998 12 07  193.73
1998 12 08  170.84
1998 12 09  139.45
1998 12 10  196.56
1998 12 11  203.37
1998 12 12  165.50
1998 12 13  126.91
1998 12 14  128.42
1998 12 15   19.30
1998 12 16 -107.99
1998 12 17 -213.95
1998 12 18 -333.94
1998 12 19 -373.42
1998 12 20 -366.12
1998 12 21 -328.62
1998 12 22 -304.13
1998 12 23 -194.53
1998 12 24  -59.41
1998 12 25   -7.64
1998 12 26   -2.05
1998 12 27   51.20
1998 12 28  115.57
1998 12 29   76.75
1998 12 30   27.83
1998 12 31   34.62
1999 01 01   -8.11
1999 01 02 -122.66
1999 01 03 -212.31
1999 01 04 -203.08
1999 01 05 -210.67
1999 01 06 -173.24
1999 01 07 -109.96
1999 01 08  -62.09
1999 01 09  -45.17
1999 01 10    3.76
1999 01 11   83.93
1999 01 12  169.70
1999 01 13  239.35
1999 01 14  323.10
1999 01 15  292.92
1999 01 16  209.71
1999 01 17  118.89
1999 01 18  129.39
1999 01 19  158.62
1999 01 20  184.69
1999 01 21  160.72
1999 01 22   83.17
1999 01 23   14.43
1999 01 24   12.06
1999 01 25   58.48
1999 01 26   97.39
1999 01 27  168.55
1999 01 28  209.54
1999 01 29  175.20
1999 01 30  179.39
1999 01 31  170.42
1999 02 01  187.98
1999 02 02  242.27
1999 02 03  226.14
1999 02 04  271.07
1999 02 05  351.24
1999 02 06  442.35
1999 02 07  417.45
1999 02 08  326.87
1999 02 09  242.91
1999 02 10  194.08
1999 02 11  107.58
1999 02 12   48.14
1999 02 13   63.96
1999 02 14  121.10
1999 02 15  154.43
1999 02 16  167.93
1999 02 17  173.81
1999 02 18  118.04
1999 02 19   49.02
1999 02 20   16.03
1999 02 21  114.18
1999 02 22  225.13
1999 02 23  251.78
1999 02 24  212.09
1999 02 25  235.60
1999 02 26  201.43
1999 02 27  150.69
1999 02 28  137.15
1999 03 01   69.68
1999 03 02    4.03
1999 03 03    3.74
1999 03 04    6.56
1999 03 05  -41.09
1999 03 06  -36.86
1999 03 07   45.13
1999 03 08   93.62
1999 03 09  113.60
1999 03 10   83.48
1999 03 11  104.89
1999 03 12  127.21
1999 03 13   51.87
1999 03 14   65.98
1999 03 15  139.41
1999 03 16  175.67
1999 03 17  119.13
1999 03 18   92.34
1999 03 19   81.24
1999 03 20   37.96
1999 03 21   -6.79
1999 03 22   16.47
1999 03 23   65.20
1999 03 24   65.32
1999 03 25  192.21
1999 03 26  221.09
1999 03 27  239.91
1999 03 28  216.32
1999 03 29  116.02
1999 03 30   45.39
1999 03 31   37.26
1999 04 01   48.93
1999 04 02   69.86
1999 04 03   31.81
1999 04 04  -36.99
1999 04 05  -61.44
1999 04 06   -2.25
1999 04 07   40.76
1999 04 08   46.88
1999 04 09   88.04
1999 04 10   79.54
1999 04 11  125.25
1999 04 12  174.95
1999 04 13   97.56
1999 04 14  -34.87
1999 04 15  -92.92
1999 04 16 -108.59
1999 04 17 -126.55
1999 04 18  -82.78
1999 04 19  -10.76
1999 04 20   29.51
1999 04 21  -10.68
1999 04 22  -50.66
1999 04 23  -11.29
1999 04 24   17.37
1999 04 25   50.68
1999 04 26   41.81
1999 04 27   25.00
1999 04 28   -3.12
1999 04 29  -36.61
1999 04 30   -6.23
1999 05 01   91.09
1999 05 02  163.76
1999 05 03  193.83
1999 05 04  169.97
1999 05 05  103.62
1999 05 06   89.56
1999 05 07   87.81
1999 05 08   59.26
1999 05 09   44.47
1999 05 10   61.74
1999 05 11   78.47
1999 05 12   37.29
1999 05 13  -40.25
1999 05 14  -78.11
1999 05 15 -100.77
1999 05 16  -94.51
1999 05 17  -46.69
1999 05 18    5.37
1999 05 19   26.00
1999 05 20   79.16
1999 05 21   71.23
1999 05 22   30.07
1999 05 23   36.01
1999 05 24  101.77
1999 05 25  141.11
1999 05 26  119.74
1999 05 27  103.53
1999 05 28   69.31
1999 05 29   14.60
1999 05 30  -11.38
1999 05 31  -13.22
1999 06 01  -35.01
1999 06 02  -10.86
1999 06 03   33.30
1999 06 04   62.35
1999 06 05   44.40
1999 06 06  -19.83
1999 06 07  -51.24
1999 06 08  -58.87
1999 06 09  -65.72
1999 06 10  -46.99
1999 06 11  -61.60
1999 06 12 -101.59
1999 06 13  -98.75
1999 06 14 -113.92
1999 06 15  -52.30
1999 06 16    0.41
1999 06 17   14.84
1999 06 18   29.14
1999 06 19   48.28
1999 06 20   86.59
1999 06 21  104.29
1999 06 22   86.25
1999 06 23   42.37
1999 06 24   11.75
1999 06 25   34.33
1999 06 26   36.27
1999 06 27   67.65
1999 06 28   98.49
1999 06 29   96.80
1999 06 30   88.78
1999 07 01   53.15
1999 07 02   23.02
1999 07 03  -28.72
1999 07 04  -55.63
1999 07 05  -42.24
1999 07 06  -12.29
1999 07 07   25.71
1999 07 08   21.66
1999 07 09   18.57
1999 07 10   19.43
1999 07 11   23.19
1999 07 12  -14.08
1999 07 13  -61.31
1999 07 14  -92.15
1999 07 15  -91.95
1999 07 16  -73.77
1999 07 17  -56.67
1999 07 18  -72.55
1999 07 19  -59.44
1999 07 20  -14.89
1999 07 21   21.45
1999 07 22   21.61
1999 07 23   -3.76
1999 07 24  -11.59
1999 07 25    4.56
1999 07 26    8.66
1999 07 27    6.04
1999 07 28   11.49
1999 07 29  -22.65
1999 07 30  -75.24
1999 07 31 -129.28
1999 08 01 -141.26
1999 08 02 -125.93
1999 08 03  -85.74
1999 08 04  -54.75
1999 08 05  -57.25
1999 08 06  -74.46
1999 08 07  -57.43
1999 08 08  -14.41
1999 08 09   -1.34
1999 08 10  -38.92
1999 08 11  -66.17
1999 08 12  -52.74
1999 08 13  -24.35
1999 08 14    1.32
1999 08 15   42.93
1999 08 16   33.33
1999 08 17   -0.42
1999 08 18  -20.73
1999 08 19   -5.13
1999 08 20   42.55
1999 08 21   94.81
1999 08 22   87.07
1999 08 23   77.16
1999 08 24  114.56
1999 08 25  136.04
1999 08 26  106.20
1999 08 27   49.59
1999 08 28   40.50
1999 08 29   49.40
1999 08 30   52.37
1999 08 31   31.64
1999 09 01   -9.35
1999 09 02  -19.45
1999 09 03   34.88
1999 09 04   77.93
1999 09 05  103.21
1999 09 06   80.53
1999 09 07   15.93
1999 09 08   -2.06
1999 09 09   25.44
1999 09 10   -2.69
1999 09 11  -46.26
1999 09 12  -65.97
1999 09 13  -39.85
1999 09 14  -28.26
1999 09 15  -44.75
1999 09 16  -44.18
1999 09 17  -24.84
1999 09 18  -17.20
1999 09 19   -6.35
1999 09 20    2.10
1999 09 21   12.81
1999 09 22   83.02
1999 09 23  175.50
1999 09 24  186.47
1999 09 25  130.83
1999 09 26   11.73
1999 09 27  -65.14
1999 09 28  -51.13
1999 09 29  -47.72
1999 09 30  -80.81
1999 10 01 -106.99
1999 10 02  -79.99
1999 10 03  -20.11
1999 10 04   14.04
1999 10 05   90.87
1999 10 06  173.86
1999 10 07  193.21
1999 10 08  171.88
1999 10 09  122.80
1999 10 10   71.70
1999 10 11   85.14
1999 10 12  123.49
1999 10 13  117.76
1999 10 14   57.51
1999 10 15  -24.84
1999 10 16  -27.16
1999 10 17 -134.38
1999 10 18 -216.79
1999 10 19 -133.10
1999 10 20  -41.85
1999 10 21   -3.72
1999 10 22   16.49
1999 10 23   69.95
1999 10 24  135.77
1999 10 25  155.31
1999 10 26  198.60
1999 10 27  168.94
1999 10 28  204.09
1999 10 29  205.46
1999 10 30  193.43
1999 10 31  173.57
1999 11 01  125.18
1999 11 02  104.77
1999 11 03  123.35
1999 11 04  176.30
1999 11 05  144.32
1999 11 06   30.88
1999 11 07   63.06
1999 11 08  160.58
1999 11 09  141.09
1999 11 10   98.03
1999 11 11   27.76
1999 11 12   50.50
1999 11 13   66.52
1999 11 14  -28.30
1999 11 15 -131.09
1999 11 16  -68.12
1999 11 17  -26.27
1999 11 18  -28.06
1999 11 19   94.06
1999 11 20  161.97
1999 11 21  130.18
1999 11 22   97.51
1999 11 23   73.87
1999 11 24   85.79
1999 11 25  122.02
1999 11 26  134.72
1999 11 27   57.36
1999 11 28  -38.75
1999 11 29   -2.38
1999 11 30   83.44
1999 12 01  222.59
1999 12 02  227.30
1999 12 03  159.85
1999 12 04  127.41
1999 12 05  199.37
1999 12 06  257.01
1999 12 07  200.43
1999 12 08  139.55
1999 12 09  130.95
1999 12 10  118.71
1999 12 11  131.90
1999 12 12  146.72
1999 12 13  142.22
1999 12 14  128.45
1999 12 15  159.81
1999 12 16  167.28
1999 12 17  129.25
1999 12 18   91.69
1999 12 19  -23.79
1999 12 20 -125.88
1999 12 21 -226.18
1999 12 22 -224.64
1999 12 23 -164.67
1999 12 24 -109.92
1999 12 25 -131.39
1999 12 26 -212.21
1999 12 27 -240.76
1999 12 28 -184.87
1999 12 29  -85.89
1999 12 30   -1.07
1999 12 31   75.67
2000 01 01   92.47
2000 01 02   66.51
2000 01 03  107.30
2000 01 04  165.70
2000 01 05  120.18
2000 01 06  163.86
2000 01 07  214.79
2000 01 08  289.19
2000 01 09  326.62
2000 01 10  299.93
2000 01 11  255.30
2000 01 12  138.06
2000 01 13   -7.69
2000 01 14  -51.97
2000 01 15    7.54
2000 01 16  -12.90
2000 01 17 -110.12
2000 01 18 -209.69
2000 01 19 -220.87
2000 01 20 -206.56
2000 01 21 -157.61
2000 01 22 -130.53
2000 01 23 -149.19
2000 01 24  -94.80
2000 01 25   -3.15
2000 01 26   92.06
2000 01 27  167.89
2000 01 28  179.53
2000 01 29  134.33
2000 01 30   65.90
2000 01 31  147.56
2000 02 01  166.69
2000 02 02   29.89
2000 02 03 -144.22
2000 02 04 -206.85
2000 02 05 -183.42
2000 02 06 -162.94
2000 02 07  -86.76
2000 02 08   -4.86
2000 02 09  -41.46
2000 02 10  -94.35
2000 02 11  -61.80
2000 02 12  -35.12
2000 02 13  -69.25
2000 02 14  -48.94
2000 02 15  -25.62
2000 02 16  -29.36
2000 02 17  -18.39
2000 02 18   33.33
2000 02 19  109.38
2000 02 20  104.71
2000 02 21  131.52
2000 02 22  162.47
2000 02 23  215.42
2000 02 24  255.66
2000 02 25  267.55
2000 02 26  218.60
2000 02 27  168.21
2000 02 28  197.26
2000 02 29  176.89
2000 03 01  185.67
2000 03 02  184.34
2000 03 03  212.20
2000 03 04  171.48
2000 03 05   50.53
2000 03 06   18.70
2000 03 07  -14.57
2000 03 08  -70.55
2000 03 09 -138.27
2000 03 10 -131.82
2000 03 11  -81.72
2000 03 12  -52.64
2000 03 13  -26.97
2000 03 14   18.30
2000 03 15    4.95
2000 03 16   69.46
2000 03 17  138.96
2000 03 18  167.34
2000 03 19  162.53
2000 03 20  159.11
2000 03 21  141.29
2000 03 22  100.21
2000 03 23  113.08
2000 03 24  105.68
2000 03 25   54.19
2000 03 26   48.86
2000 03 27   66.20
2000 03 28  106.55
2000 03 29   96.22
2000 03 30   21.16
2000 03 31  -62.00
2000 04 01 -117.43
2000 04 02  -91.92
2000 04 03  -55.44
2000 04 04  -12.70
2000 04 05   26.36
2000 04 06   62.65
2000 04 07  -12.30
2000 04 08  -73.31
2000 04 09 -124.37
2000 04 10 -172.82
2000 04 11 -192.02
2000 04 12 -197.31
2000 04 13 -178.49
2000 04 14 -104.23
2000 04 15  -81.20
2000 04 16  -83.16
2000 04 17  -11.34
2000 04 18   79.95
2000 04 19  141.79
2000 04 20  161.73
2000 04 21  189.18
2000 04 22  203.02
2000 04 23  179.61
2000 04 24  141.95
2000 04 25  126.48
2000 04 26   50.35
2000 04 27   29.30
2000 04 28   81.08
2000 04 29   94.37
2000 04 30  144.07
2000 05 01  159.53
2000 05 02  134.46
2000 05 03  132.01
2000 05 04  119.97
2000 05 05   83.69
2000 05 06   45.33
2000 05 07   38.95
2000 05 08   75.69
2000 05 09   91.80
2000 05 10   48.90
2000 05 11  -13.26
2000 05 12  -63.66
2000 05 13  -98.90
2000 05 14  -51.26
2000 05 15   -5.48
2000 05 16   32.40
2000 05 17   77.34
2000 05 18  113.98
2000 05 19  153.13
2000 05 20  175.04
2000 05 21  218.37
2000 05 22  224.87
2000 05 23  174.28
2000 05 24  114.30
2000 05 25   99.16
2000 05 26  114.71
2000 05 27  113.86
2000 05 28  100.30
2000 05 29   38.12
2000 05 30  -22.77
2000 05 31  -66.48
2000 06 01 -113.06
2000 06 02 -116.41
2000 06 03  -96.73
2000 06 04  -62.54
2000 06 05  -30.20
2000 06 06  -22.91
2000 06 07   22.73
2000 06 08   58.70
2000 06 09   43.95
2000 06 10   52.51
2000 06 11  102.38
2000 06 12  131.59
2000 06 13  108.80
2000 06 14   70.33
2000 06 15  -23.84
2000 06 16  -39.11
2000 06 17   31.85
2000 06 18   67.66
2000 06 19   82.83
2000 06 20   97.36
2000 06 21   87.92
2000 06 22   34.15
2000 06 23   -5.99
2000 06 24  -44.87
2000 06 25 -103.24
2000 06 26 -148.13
2000 06 27 -118.87
2000 06 28  -21.11
2000 06 29   33.27
2000 06 30   32.35
2000 07 01    8.47
2000 07 02  -11.14
2000 07 03  -24.82
2000 07 04  -42.38
2000 07 05  -50.90
2000 07 06  -54.10
2000 07 07  -69.45
2000 07 08  -78.47
2000 07 09  -72.71
2000 07 10  -77.07
2000 07 11  -52.60
2000 07 12  -38.36
2000 07 13  -16.91
2000 07 14  -13.51
2000 07 15  -40.82
2000 07 16  -71.28
2000 07 17  -77.07
2000 07 18  -43.79
2000 07 19  -11.89
2000 07 20   21.27
2000 07 21   34.78
2000 07 22   24.73
2000 07 23   12.38
2000 07 24    6.40
2000 07 25   38.08
2000 07 26   98.87
2000 07 27  127.27
2000 07 28  146.06
2000 07 29  104.62
2000 07 30   50.52
2000 07 31   33.78
2000 08 01    9.49
2000 08 02  -54.72
2000 08 03  -84.69
2000 08 04  -94.13
2000 08 05  -89.45
2000 08 06  -70.55
2000 08 07  -51.78
2000 08 08  -40.90
2000 08 09  -36.47
2000 08 10  -24.07
2000 08 11   -1.54
2000 08 12  -16.25
2000 08 13  -47.27
2000 08 14  -61.76
2000 08 15  -44.41
2000 08 16  -21.54
2000 08 17    1.95
2000 08 18   32.37
2000 08 19   60.29
2000 08 20   74.83
2000 08 21   76.72
2000 08 22   57.61
2000 08 23   20.44
2000 08 24    8.80
2000 08 25    3.59
2000 08 26  -22.40
2000 08 27  -40.88
2000 08 28  -70.51
2000 08 29  -90.79
2000 08 30 -123.76
2000 08 31 -163.79
2000 09 01 -154.13
2000 09 02 -100.66
2000 09 03  -56.47
2000 09 04  -15.03
2000 09 05   27.76
2000 09 06   50.92
2000 09 07   85.62
2000 09 08   74.93
2000 09 09   69.85
2000 09 10   55.24
2000 09 11   69.74
2000 09 12   84.34
2000 09 13   82.59
2000 09 14   81.40
2000 09 15   61.55
2000 09 16   49.79
2000 09 17   18.86
2000 09 18  -53.19
2000 09 19 -108.80
2000 09 20 -138.56
2000 09 21 -189.61
2000 09 22 -194.29
2000 09 23 -182.31
2000 09 24 -180.29
2000 09 25 -177.66
2000 09 26 -120.93
2000 09 27  -50.48
2000 09 28   30.22
2000 09 29   68.39
2000 09 30   87.06
2000 10 01   74.11
2000 10 02   13.30
2000 10 03  -33.33
2000 10 04  -62.83
2000 10 05  -40.03
2000 10 06   14.55
2000 10 07   49.43
2000 10 08   89.66
2000 10 09   70.03
2000 10 10   -9.60
2000 10 11  -68.80
2000 10 12  -96.18
2000 10 13  -51.83
2000 10 14   71.47
2000 10 15  128.34
2000 10 16   98.44
2000 10 17   57.73
2000 10 18   76.41
2000 10 19   59.97
2000 10 20   94.55
2000 10 21   93.82
2000 10 22   90.14
2000 10 23   16.10
2000 10 24  -67.61
2000 10 25  -82.11
2000 10 26  -27.68
2000 10 27   44.71
2000 10 28   61.25
2000 10 29    3.78
2000 10 30   17.20
2000 10 31   65.71
2000 11 01   47.95
2000 11 02    8.43
2000 11 03  -23.77
2000 11 04  -90.87
2000 11 05  -41.31
2000 11 06  -29.60
2000 11 07  -16.38
2000 11 08  -73.09
2000 11 09 -165.51
2000 11 10 -158.65
2000 11 11  -82.23
2000 11 12  -85.81
2000 11 13 -126.26
2000 11 14 -123.12
2000 11 15 -126.60
2000 11 16 -145.85
2000 11 17 -127.91
2000 11 18 -115.98
2000 11 19 -146.44
2000 11 20 -130.50
2000 11 21  -37.92
2000 11 22   -0.56
2000 11 23   78.63
2000 11 24  138.49
2000 11 25  164.76
2000 11 26  142.18
2000 11 27  102.27
2000 11 28  -16.40
2000 11 29  -67.42
2000 11 30  -61.52
2000 12 01  -32.29
2000 12 02  -24.28
2000 12 03  -49.03
2000 12 04 -105.68
2000 12 05 -138.13
2000 12 06 -167.59
2000 12 07 -189.72
2000 12 08 -198.03
2000 12 09 -185.74
2000 12 10 -103.78
2000 12 11 -121.80
2000 12 12 -184.63
2000 12 13  -81.64
2000 12 14    4.88
2000 12 15   18.67
2000 12 16   98.55
2000 12 17   76.44
2000 12 18    2.86
2000 12 19  -74.44
2000 12 20 -123.80
2000 12 21  -87.42
2000 12 22  -65.17
2000 12 23  -68.39
2000 12 24  -72.91
2000 12 25  -52.19
2000 12 26  -19.10
2000 12 27  -56.71
2000 12 28  -76.68
2000 12 29  -57.05
2000 12 30  -28.81
2000 12 31   -6.02
2001 01 01    0.72
2001 01 02   -8.42
2001 01 03   81.19
2001 01 04   97.71
2001 01 05  131.92
2001 01 06   70.26
2001 01 07   56.73
2001 01 08  149.17
2001 01 09  183.15
2001 01 10  128.17
2001 01 11   22.26
2001 01 12   38.15
2001 01 13   41.86
2001 01 14  -15.04
2001 01 15  -42.94
2001 01 16  -62.96
2001 01 17  -18.04
2001 01 18   18.58
2001 01 19   70.22
2001 01 20   73.92
2001 01 21   81.81
2001 01 22   28.39
2001 01 23  -32.32
2001 01 24   -2.69
2001 01 25   28.33
2001 01 26  -16.37
2001 01 27    8.78
2001 01 28   79.01
2001 01 29  114.03
2001 01 30   65.94
2001 01 31   43.83
2001 02 01   72.36
2001 02 02  140.49
2001 02 03   83.24
2001 02 04   31.85
2001 02 05  -33.12
2001 02 06  -87.93
2001 02 07  -57.65
2001 02 08    2.31
2001 02 09   27.00
2001 02 10  -39.98
2001 02 11  -93.76
2001 02 12 -155.82
2001 02 13 -205.26
2001 02 14 -164.21
2001 02 15 -150.09
2001 02 16 -162.30
2001 02 17  -99.39
2001 02 18 -113.91
2001 02 19 -116.01
2001 02 20 -127.43
2001 02 21 -150.48
2001 02 22 -121.05
2001 02 23  -37.74
2001 02 24   38.40
2001 02 25   99.70
2001 02 26   78.54
2001 02 27   92.79
2001 02 28  149.66
2001 03 01  204.81
2001 03 02  192.85
2001 03 03   92.01
2001 03 04   23.04
2001 03 05   54.63
2001 03 06    9.33
2001 03 07  -14.15
2001 03 08  -70.81
2001 03 09 -103.55
2001 03 10  -52.40
2001 03 11   15.05
2001 03 12   69.53
2001 03 13   66.10
2001 03 14   37.73
2001 03 15   72.67
2001 03 16  101.20
2001 03 17   99.97
2001 03 18   55.15
2001 03 19   33.25
2001 03 20  -59.65
2001 03 21  -94.89
2001 03 22 -115.66
2001 03 23 -125.30
2001 03 24  -76.34
2001 03 25   17.06
2001 03 26   79.07
2001 03 27  123.90
2001 03 28  158.68
2001 03 29   91.77
2001 03 30   74.18
2001 03 31  119.66
2001 04 01  114.71
2001 04 02   35.15
2001 04 03  -31.04
2001 04 04  -22.29
2001 04 05    3.43
2001 04 06   -6.19
2001 04 07  -31.90
2001 04 08  -74.55
2001 04 09  -84.85
2001 04 10  -78.19
2001 04 11  -30.34
2001 04 12   25.61
2001 04 13   40.15
2001 04 14  -52.38
2001 04 15 -159.55
2001 04 16 -137.16
2001 04 17  -52.91
2001 04 18  -13.03
2001 04 19   -5.51
2001 04 20  -14.34
2001 04 21    0.40
2001 04 22   70.42
2001 04 23  107.45
2001 04 24   60.53
2001 04 25   52.38
2001 04 26   41.60
2001 04 27  115.58
2001 04 28  227.66
2001 04 29  323.98
2001 04 30  354.47
2001 05 01  260.55
2001 05 02  159.30
2001 05 03  181.37
2001 05 04  208.64
2001 05 05  179.74
2001 05 06   85.80
2001 05 07   85.30
2001 05 08  112.29
2001 05 09  100.07
2001 05 10   92.30
2001 05 11   68.39
2001 05 12   80.08
2001 05 13  138.27
2001 05 14  186.01
2001 05 15  218.96
2001 05 16  204.27
2001 05 17  181.51
2001 05 18  171.52
2001 05 19  123.60
2001 05 20   65.46
2001 05 21   73.89
2001 05 22   85.70
2001 05 23   82.92
2001 05 24   60.07
2001 05 25   34.93
2001 05 26   34.99
2001 05 27   40.35
2001 05 28   34.76
2001 05 29   14.03
2001 05 30  -11.64
2001 05 31    4.78
2001 06 01   -9.64
2001 06 02  -13.58
2001 06 03  -10.46
2001 06 04    3.61
2001 06 05    9.06
2001 06 06  -14.31
2001 06 07  -33.63
2001 06 08  -14.49
2001 06 09   16.05
2001 06 10   17.90
2001 06 11   20.17
2001 06 12    4.86
2001 06 13   -1.53
2001 06 14  -17.50
2001 06 15  -71.90
2001 06 16 -127.61
2001 06 17 -136.23
2001 06 18  -94.15
2001 06 19  -27.69
2001 06 20   18.42
2001 06 21    9.68
2001 06 22   -2.75
2001 06 23   -2.41
2001 06 24    5.44
2001 06 25   -4.42
2001 06 26  -82.73
2001 06 27  -80.41
2001 06 28  -58.08
2001 06 29  -56.50
2001 06 30  -46.53
2001 07 01  -40.02
2001 07 02  -55.44
2001 07 03  -66.17
2001 07 04  -35.25
2001 07 05   29.83
2001 07 06   76.86
2001 07 07   82.43
2001 07 08   36.93
2001 07 09    2.99
2001 07 10  -10.14
2001 07 11   -5.63
2001 07 12    1.15
2001 07 13   24.87
2001 07 14   24.41
2001 07 15    9.77
2001 07 16   -0.83
2001 07 17   -7.82
2001 07 18  -21.91
2001 07 19  -35.30
2001 07 20  -35.68
2001 07 21  -30.01
2001 07 22  -23.19
2001 07 23  -26.72
2001 07 24  -41.82
2001 07 25  -43.59
2001 07 26  -19.62
2001 07 27   13.27
2001 07 28   31.26
2001 07 29   36.63
2001 07 30   47.46
2001 07 31   85.39
2001 08 01  117.46
2001 08 02  113.61
2001 08 03  112.87
2001 08 04  141.99
2001 08 05  117.64
2001 08 06   51.31
2001 08 07  -39.64
2001 08 08 -105.87
2001 08 09  -89.87
2001 08 10  -66.66
2001 08 11  -55.93
2001 08 12  -79.30
2001 08 13  -90.69
2001 08 14  -86.31
2001 08 15  -70.73
2001 08 16  -27.70
2001 08 17   13.25
2001 08 18   22.35
2001 08 19   10.63
2001 08 20   63.93
2001 08 21   55.73
2001 08 22   11.90
2001 08 23   65.31
2001 08 24   94.80
2001 08 25   85.52
2001 08 26   66.97
2001 08 27   64.53
2001 08 28   57.61
2001 08 29   63.86
2001 08 30   82.05
2001 08 31  137.62
2001 09 01  174.07
2001 09 02  132.43
2001 09 03   96.12
2001 09 04   50.75
2001 09 05   58.05
2001 09 06   47.83
2001 09 07  -15.15
2001 09 08  -77.57
2001 09 09 -114.12
2001 09 10  -82.30
2001 09 11  -29.57
2001 09 12   41.96
2001 09 13   53.93
2001 09 14   -3.31
2001 09 15  -59.03
2001 09 16  -76.09
2001 09 17  -65.89
2001 09 18  -56.69
2001 09 19  -46.69
2001 09 20  -10.26
2001 09 21   69.80
2001 09 22   59.10
2001 09 23   54.16
2001 09 24  120.04
2001 09 25  103.33
2001 09 26  109.68
2001 09 27  118.63
2001 09 28  139.44
2001 09 29  116.07
2001 09 30   -0.25
2001 10 01  -36.73
2001 10 02  -26.64
2001 10 03  -84.43
2001 10 04 -110.45
2001 10 05  -59.79
2001 10 06   29.93
2001 10 07  104.90
2001 10 08  150.77
2001 10 09  148.26
2001 10 10  172.66
2001 10 11  170.49
2001 10 12  169.83
2001 10 13   84.03
2001 10 14   12.22
2001 10 15  -12.58
2001 10 16   10.97
2001 10 17   -9.43
2001 10 18  -24.67
2001 10 19  -48.96
2001 10 20  -56.07
2001 10 21    4.56
2001 10 22   95.14
2001 10 23  127.81
2001 10 24   81.59
2001 10 25   47.46
2001 10 26   63.10
2001 10 27  152.21
2001 10 28  139.07
2001 10 29  100.34
2001 10 30  144.49
2001 10 31  199.72
2001 11 01  241.90
2001 11 02  240.38
2001 11 03  172.74
2001 11 04   97.06
2001 11 05   40.71
2001 11 06   67.03
2001 11 07   41.26
2001 11 08   31.47
2001 11 09   87.05
2001 11 10   49.62
2001 11 11    2.84
2001 11 12   76.60
2001 11 13  139.88
2001 11 14  150.01
2001 11 15   99.37
2001 11 16   72.93
2001 11 17    5.90
2001 11 18  -76.88
2001 11 19  -49.65
2001 11 20   52.70
2001 11 21   89.83
2001 11 22   99.67
2001 11 23    2.65
2001 11 24 -138.09
2001 11 25 -154.84
2001 11 26 -137.01
2001 11 27 -139.73
2001 11 28   -5.28
2001 11 29   91.65
2001 11 30  107.10
2001 12 01  145.77
2001 12 02  129.15
2001 12 03  177.41
2001 12 04  182.68
2001 12 05  188.16
2001 12 06  237.40
2001 12 07  182.62
2001 12 08  147.60
2001 12 09   78.73
2001 12 10   26.62
2001 12 11    2.92
2001 12 12   68.80
2001 12 13  155.41
2001 12 14  181.71
2001 12 15  191.00
2001 12 16  237.67
2001 12 17  242.45
2001 12 18  205.59
2001 12 19  130.99
2001 12 20  101.20
2001 12 21  117.66
2001 12 22   53.37
2001 12 23  -46.06
2001 12 24  -36.41
2001 12 25  -94.58
2001 12 26 -167.24
2001 12 27 -162.37
2001 12 28 -160.33
2001 12 29 -199.79
2001 12 30 -208.81
2001 12 31 -184.20
2002 01 01 -169.52
2002 01 02  -91.80
2002 01 03  -32.88
2002 01 04   -7.89
2002 01 05   62.07
2002 01 06  122.40
2002 01 07  175.39
2002 01 08  160.24
2002 01 09   74.67
2002 01 10   41.25
2002 01 11   47.84
2002 01 12   89.69
2002 01 13   14.87
2002 01 14  -86.78
2002 01 15 -178.11
2002 01 16 -218.36
2002 01 17 -196.77
2002 01 18 -108.00
2002 01 19   -1.20
2002 01 20  137.83
2002 01 21  168.94
2002 01 22  167.67
2002 01 23  233.95
2002 01 24  265.58
2002 01 25  142.81
2002 01 26   12.08
2002 01 27  -81.13
2002 01 28 -113.90
2002 01 29  -72.39
2002 01 30   10.07
2002 01 31   39.57
2002 02 01   29.40
2002 02 02   35.19
2002 02 03   60.34
2002 02 04   78.06
2002 02 05  109.28
2002 02 06  155.10
2002 02 07  193.96
2002 02 08  171.58
2002 02 09  108.40
2002 02 10  158.42
2002 02 11  148.13
2002 02 12   83.08
2002 02 13  105.67
2002 02 14  118.91
2002 02 15   94.12
2002 02 16  118.72
2002 02 17  214.26
2002 02 18  230.65
2002 02 19  189.80
2002 02 20   89.62
2002 02 21   29.03
2002 02 22   26.43
2002 02 23  -21.14
2002 02 24  -67.07
2002 02 25  -71.25
2002 02 26  -63.94
2002 02 27  -86.83
2002 02 28 -127.74
2002 03 01 -142.46
2002 03 02 -144.16
2002 03 03 -175.01
2002 03 04 -177.23
2002 03 05 -132.67
2002 03 06  -90.91
2002 03 07  -58.29
2002 03 08  -30.34
2002 03 09  -10.33
2002 03 10   84.46
2002 03 11  172.24
2002 03 12  139.23
2002 03 13    7.38
2002 03 14  -95.30
2002 03 15 -168.39
2002 03 16 -206.60
2002 03 17 -199.98
2002 03 18 -152.86
2002 03 19 -191.09
2002 03 20 -257.67
2002 03 21 -312.13
2002 03 22 -219.40
2002 03 23 -107.68
2002 03 24  -32.52
2002 03 25   -5.72
2002 03 26   16.00
2002 03 27   66.87
2002 03 28   61.77
2002 03 29  -36.11
2002 03 30  -65.18
2002 03 31  -81.05
2002 04 01 -173.97
2002 04 02 -223.26
2002 04 03 -172.85
2002 04 04 -131.06
2002 04 05 -113.84
2002 04 06  -95.65
2002 04 07 -106.98
2002 04 08  -79.93
2002 04 09   10.85
2002 04 10  106.80
2002 04 11  143.18
2002 04 12  125.02
2002 04 13  121.22
2002 04 14  143.66
2002 04 15  117.17
2002 04 16   35.51
2002 04 17  -41.62
2002 04 18 -117.57
2002 04 19 -166.48
2002 04 20 -116.71
2002 04 21  -59.08
2002 04 22  -39.26
2002 04 23  -57.33
2002 04 24  -73.09
2002 04 25 -100.09
2002 04 26 -132.14
2002 04 27 -169.22
2002 04 28 -214.41
2002 04 29 -239.14
2002 04 30 -223.19
2002 05 01 -174.39
2002 05 02 -101.25
2002 05 03  -56.52
2002 05 04  -34.15
2002 05 05  -50.68
2002 05 06  -63.74
2002 05 07  -93.76
2002 05 08  -95.32
2002 05 09  -56.18
2002 05 10  -14.40
2002 05 11  -13.67
2002 05 12   -4.95
2002 05 13   35.02
2002 05 14   52.20
2002 05 15   42.51
2002 05 16   41.48
2002 05 17   -0.79
2002 05 18  -81.29
2002 05 19 -131.83
2002 05 20 -141.08
2002 05 21 -109.01
2002 05 22  -81.55
2002 05 23  -92.32
2002 05 24  -86.69
2002 05 25  -58.53
2002 05 26   -9.34
2002 05 27   64.16
2002 05 28  139.32
2002 05 29  178.97
2002 05 30  136.01
2002 05 31   75.79
2002 06 01   39.44
2002 06 02   47.59
2002 06 03   64.25
2002 06 04   85.79
2002 06 05   96.23
2002 06 06   48.43
2002 06 07  -16.65
2002 06 08  -70.23
2002 06 09  -80.24
2002 06 10  -67.98
2002 06 11  -72.08
2002 06 12 -117.73
2002 06 13 -178.53
2002 06 14 -171.13
2002 06 15 -120.15
2002 06 16  -62.82
2002 06 17   -9.70
2002 06 18   24.89
2002 06 19   13.60
2002 06 20   14.38
2002 06 21   45.92
2002 06 22   88.70
2002 06 23  109.40
2002 06 24  123.10
2002 06 25  115.59
2002 06 26  105.03
2002 06 27  146.22
2002 06 28  169.42
2002 06 29  178.13
2002 06 30  155.52
2002 07 01  112.02
2002 07 02   82.46
2002 07 03   83.29
2002 07 04  112.42
2002 07 05  102.89
2002 07 06   58.82
2002 07 07   20.25
2002 07 08   25.23
2002 07 09   24.71
2002 07 10   16.98
2002 07 11    0.49
2002 07 12  -33.99
2002 07 13   -7.19
2002 07 14   59.61
2002 07 15   79.70
2002 07 16   61.06
2002 07 17   37.95
2002 07 18   15.38
2002 07 19   10.19
2002 07 20  -18.72
2002 07 21  -68.86
2002 07 22  -84.63
2002 07 23  -61.63
2002 07 24  -25.56
2002 07 25    7.43
2002 07 26   32.63
2002 07 27   54.18
2002 07 28   54.36
2002 07 29    9.09
2002 07 30  -35.10
2002 07 31  -50.79
2002 08 01  -56.72
2002 08 02  -29.06
2002 08 03  -21.71
2002 08 04  -22.96
2002 08 05   12.79
2002 08 06   61.19
2002 08 07   82.43
2002 08 08   68.89
2002 08 09   41.76
2002 08 10   25.37
2002 08 11   16.35
2002 08 12    6.04
2002 08 13  -16.67
2002 08 14  -82.13
2002 08 15 -100.39
2002 08 16  -58.79
2002 08 17  -11.69
2002 08 18   22.19
2002 08 19   30.78
2002 08 20   37.88
2002 08 21   37.27
2002 08 22   36.34
2002 08 23   16.27
2002 08 24   -2.54
2002 08 25   -1.32
2002 08 26    2.99
2002 08 27   12.60
2002 08 28   32.56
2002 08 29   13.31
2002 08 30   10.68
2002 08 31   12.57
2002 09 01    7.53
2002 09 02  -19.22
2002 09 03  -67.19
2002 09 04 -115.55
2002 09 05  -94.16
2002 09 06  -16.72
2002 09 07   78.83
2002 09 08  122.66
2002 09 09  113.24
2002 09 10   68.87
2002 09 11   30.80
2002 09 12   26.24
2002 09 13   40.45
2002 09 14   75.86
2002 09 15  138.51
2002 09 16  150.84
2002 09 17  126.52
2002 09 18   98.93
2002 09 19   44.54
2002 09 20  -46.06
2002 09 21 -120.07
2002 09 22 -155.51
2002 09 23 -181.08
2002 09 24 -213.69
2002 09 25 -216.73
2002 09 26 -152.99
2002 09 27  -73.82
2002 09 28    8.45
2002 09 29   25.73
2002 09 30    5.10
2002 10 01   -8.39
2002 10 02    1.05
2002 10 03  -35.17
2002 10 04  -65.20
2002 10 05  -62.12
2002 10 06  -41.12
2002 10 07  -41.59
2002 10 08  -25.55
2002 10 09  -39.26
2002 10 10  -89.70
2002 10 11 -109.77
2002 10 12 -116.34
2002 10 13  -95.94
2002 10 14 -146.35
2002 10 15 -190.53
2002 10 16 -190.87
2002 10 17 -147.92
2002 10 18  -83.43
2002 10 19  -28.63
2002 10 20  -53.16
2002 10 21 -118.28
2002 10 22 -152.13
2002 10 23 -154.27
2002 10 24 -124.17
2002 10 25 -107.14
2002 10 26  -99.93
2002 10 27  -92.82
2002 10 28 -151.65
2002 10 29 -194.20
2002 10 30 -249.60
2002 10 31 -298.17
2002 11 01 -257.93
2002 11 02 -184.73
2002 11 03 -128.61
2002 11 04  -44.38
2002 11 05   -7.63
2002 11 06   17.27
2002 11 07   45.85
2002 11 08   96.77
2002 11 09  105.30
2002 11 10   56.00
2002 11 11   -1.00
2002 11 12    7.28
2002 11 13   42.71
2002 11 14  -18.39
2002 11 15  -74.32
2002 11 16   12.33
2002 11 17  121.82
2002 11 18  139.46
2002 11 19   88.37
2002 11 20  -34.27
2002 11 21  -68.41
2002 11 22 -135.46
2002 11 23 -177.07
2002 11 24 -180.41
2002 11 25 -201.70
2002 11 26 -221.31
2002 11 27 -150.24
2002 11 28 -144.25
2002 11 29 -227.74
2002 11 30 -246.91
2002 12 01 -234.10
2002 12 02 -245.43
2002 12 03 -266.55
2002 12 04 -254.23
2002 12 05 -208.03
2002 12 06 -202.48
2002 12 07 -194.17
2002 12 08 -127.61
2002 12 09  -21.88
2002 12 10   48.00
2002 12 11   73.29
2002 12 12   82.48
2002 12 13  114.28
2002 12 14   99.14
2002 12 15  156.43
2002 12 16  165.14
2002 12 17  135.48
2002 12 18   36.26
2002 12 19  -84.09
2002 12 20  -73.83
2002 12 21  -15.03
2002 12 22   17.72
2002 12 23   25.47
2002 12 24   36.92
2002 12 25  103.62
2002 12 26  158.41
2002 12 27  101.86
2002 12 28   78.75
2002 12 29  165.10
2002 12 30  209.37
2002 12 31  212.49
2003 01 01  182.50
2003 01 02  154.09
2003 01 03  168.20
2003 01 04  149.86
2003 01 05  104.80
2003 01 06   41.90
2003 01 07    0.45
2003 01 08 -113.91
2003 01 09 -211.76
2003 01 10 -202.53
2003 01 11 -184.50
2003 01 12 -168.47
2003 01 13 -138.80
2003 01 14 -110.99
2003 01 15 -115.17
2003 01 16 -208.87
2003 01 17 -282.15
2003 01 18 -278.95
2003 01 19 -190.10
2003 01 20 -191.94
2003 01 21 -262.98
2003 01 22 -184.03
2003 01 23  -30.33
2003 01 24   -0.65
2003 01 25   -7.20
2003 01 26   60.25
2003 01 27   81.01
2003 01 28   -3.43
2003 01 29   -0.09
2003 01 30   37.13
2003 01 31   73.17
2003 02 01   46.79
2003 02 02   -9.75
2003 02 03  -88.51
2003 02 04 -168.53
2003 02 05 -200.65
2003 02 06 -252.67
2003 02 07 -308.15
2003 02 08 -307.93
2003 02 09 -228.49
2003 02 10 -186.73
2003 02 11 -170.63
2003 02 12 -140.58
2003 02 13 -137.32
2003 02 14  -83.64
2003 02 15  -53.04
2003 02 16   -0.61
2003 02 17   34.17
2003 02 18   53.91
2003 02 19   53.30
2003 02 20   53.86
2003 02 21   32.70
2003 02 22  -17.57
2003 02 23  -33.88
2003 02 24  -11.18
2003 02 25    3.69
2003 02 26   -5.03
2003 02 27  -38.50
2003 02 28  -78.35
2003 03 01 -101.15
2003 03 02 -167.13
2003 03 03 -249.84
2003 03 04 -184.36
2003 03 05  -70.62
2003 03 06  -57.41
2003 03 07  -69.48
2003 03 08  -83.08
2003 03 09  -85.05
2003 03 10  -34.46
2003 03 11   -7.12
2003 03 12   83.08
2003 03 13  201.67
2003 03 14  223.42
2003 03 15  145.12
2003 03 16  106.25
2003 03 17   95.38
2003 03 18   98.89
2003 03 19   86.00
2003 03 20  120.41
2003 03 21  144.42
2003 03 22  164.34
2003 03 23  156.82
2003 03 24  117.16
2003 03 25  106.96
2003 03 26   65.21
2003 03 27  -33.71
2003 03 28 -120.54
2003 03 29  -82.36
2003 03 30   26.19
2003 03 31   62.22
2003 04 01    8.48
2003 04 02   -6.79
2003 04 03   19.88
2003 04 04   27.81
2003 04 05   61.14
2003 04 06  129.84
2003 04 07  112.05
2003 04 08   74.97
2003 04 09  108.12
2003 04 10   51.04
2003 04 11  -28.23
2003 04 12 -121.50
2003 04 13 -129.68
2003 04 14  -87.95
2003 04 15  -47.53
2003 04 16   29.55
2003 04 17   50.83
2003 04 18   79.56
2003 04 19   26.34
2003 04 20    0.05
2003 04 21   26.79
2003 04 22   83.33
2003 04 23   14.28
2003 04 24  -97.48
2003 04 25 -169.42
2003 04 26 -224.75
2003 04 27 -260.37
2003 04 28 -259.92
2003 04 29 -226.80
2003 04 30 -190.21
2003 05 01 -222.11
2003 05 02 -231.99
2003 05 03 -101.79
2003 05 04   49.83
2003 05 05   59.65
2003 05 06    4.43
2003 05 07  -27.24
2003 05 08  -35.58
2003 05 09  -18.85
2003 05 10   -8.06
2003 05 11    3.36
2003 05 12   85.62
2003 05 13  181.71
2003 05 14  217.66
2003 05 15  184.07
2003 05 16  105.35
2003 05 17   23.70
2003 05 18  -10.47
2003 05 19   -8.04
2003 05 20    7.64
2003 05 21   43.59
2003 05 22   99.74
2003 05 23  123.86
2003 05 24  161.99
2003 05 25  166.56
2003 05 26   83.35
2003 05 27   49.65
2003 05 28   57.98
2003 05 29   57.42
2003 05 30   46.95
2003 05 31   54.26
2003 06 01   46.46
2003 06 02   -5.26
2003 06 03  -92.64
2003 06 04 -136.35
2003 06 05 -161.64
2003 06 06 -136.37
2003 06 07 -137.82
2003 06 08 -129.80
2003 06 09 -121.76
2003 06 10  -73.88
2003 06 11   16.08
2003 06 12   62.85
2003 06 13   89.42
2003 06 14  115.74
2003 06 15  101.74
2003 06 16   36.54
2003 06 17   14.81
2003 06 18   83.32
2003 06 19  116.66
2003 06 20  104.77
2003 06 21   98.57
2003 06 22   82.57
2003 06 23   53.07
2003 06 24   36.24
2003 06 25    7.54
2003 06 26   -7.94
2003 06 27  -30.50
2003 06 28  -43.74
2003 06 29  -35.72
2003 06 30  -19.16
2003 07 01  -23.10
2003 07 02   -5.10
2003 07 03   14.10
2003 07 04  -20.53
2003 07 05  -50.66
2003 07 06  -55.75
2003 07 07  -34.59
2003 07 08  -25.71
2003 07 09  -75.88
2003 07 10 -118.26
2003 07 11  -58.19
2003 07 12   26.35
2003 07 13   59.82
2003 07 14   42.16
2003 07 15   34.87
2003 07 16   46.04
2003 07 17   65.68
2003 07 18   39.57
2003 07 19    9.30
2003 07 20    3.97
2003 07 21  -19.04
2003 07 22  -46.36
2003 07 23  -42.22
2003 07 24  -29.19
2003 07 25   -1.91
2003 07 26   14.93
2003 07 27    4.33
2003 07 28   -3.67
2003 07 29  -34.04
2003 07 30  -41.43
2003 07 31  -23.74
2003 08 01  -19.30
2003 08 02  -17.41
2003 08 03    1.63
2003 08 04   12.24
2003 08 05   -1.66
2003 08 06  -39.48
2003 08 07  -85.44
2003 08 08  -97.73
2003 08 09 -100.86
2003 08 10  -79.93
2003 08 11  -34.89
2003 08 12   -3.85
2003 08 13   55.88
2003 08 14   92.66
2003 08 15  106.65
2003 08 16  124.32
2003 08 17  111.25
2003 08 18   84.53
2003 08 19   83.14
2003 08 20  100.57
2003 08 21   66.83
2003 08 22   37.09
2003 08 23   40.79
2003 08 24   16.06
2003 08 25  -25.76
2003 08 26  -16.74
2003 08 27    6.82
2003 08 28  -27.57
2003 08 29  -64.10
2003 08 30  -29.64
2003 08 31   -9.09
2003 09 01   -9.33
2003 09 02    6.11
2003 09 03   19.30
2003 09 04   43.54
2003 09 05   71.92
2003 09 06   85.58
2003 09 07  102.79
2003 09 08  150.16
2003 09 09  163.63
2003 09 10  164.55
2003 09 11  132.61
2003 09 12   45.29
2003 09 13   34.41
2003 09 14   21.44
2003 09 15  -11.80
2003 09 16   -4.98
2003 09 17   16.45
2003 09 18   69.34
2003 09 19   77.36
2003 09 20   28.86
2003 09 21  -39.70
2003 09 22  -62.19
2003 09 23  -60.17
2003 09 24   25.08
2003 09 25   40.11
2003 09 26  -80.16
2003 09 27 -167.99
2003 09 28 -200.27
2003 09 29 -168.99
2003 09 30 -157.38
2003 10 01 -191.46
2003 10 02 -178.26
2003 10 03 -107.89
2003 10 04  -40.25
2003 10 05   22.49
2003 10 06   75.77
2003 10 07  111.44
2003 10 08  121.74
2003 10 09  143.44
2003 10 10  102.78
2003 10 11   72.20
2003 10 12   60.29
2003 10 13   29.91
2003 10 14    6.58
2003 10 15   66.93
2003 10 16  111.82
2003 10 17   97.40
2003 10 18   75.25
2003 10 19   61.24
2003 10 20  -19.79
2003 10 21  -41.21
2003 10 22  -59.64
2003 10 23   10.97
2003 10 24  -56.78
2003 10 25 -107.36
2003 10 26  -78.71
2003 10 27  -37.38
2003 10 28 -101.46
2003 10 29 -212.27
2003 10 30 -308.03
2003 10 31 -359.56
2003 11 01 -325.86
2003 11 02 -286.29
2003 11 03 -229.14
2003 11 04 -220.43
2003 11 05 -224.78
2003 11 06 -188.21
2003 11 07 -133.57
2003 11 08 -112.49
2003 11 09  -33.29
2003 11 10   57.90
2003 11 11   68.62
2003 11 12   43.88
2003 11 13   55.71
2003 11 14  135.45
2003 11 15  169.63
2003 11 16  232.75
2003 11 17  241.78
2003 11 18  113.30
2003 11 19  -25.53
2003 11 20 -167.37
2003 11 21 -208.57
2003 11 22 -122.15
2003 11 23 -100.36
2003 11 24  -42.51
2003 11 25   70.21
2003 11 26   96.92
2003 11 27   29.76
2003 11 28   70.39
2003 11 29  141.34
2003 11 30  116.30
2003 12 01  103.68
2003 12 02  171.47
2003 12 03  197.78
2003 12 04   69.03
2003 12 05   71.61
2003 12 06   81.36
2003 12 07   48.08
2003 12 08  -15.99
2003 12 09  -33.69
2003 12 10  -12.36
2003 12 11   34.13
2003 12 12  115.79
2003 12 13  135.82
2003 12 14  157.69
2003 12 15  142.39
2003 12 16  106.89
2003 12 17  -14.79
2003 12 18  -94.88
2003 12 19  -30.24
2003 12 20   48.15
2003 12 21   39.87
2003 12 22   75.81
2003 12 23  130.09
2003 12 24  153.38
2003 12 25  118.19
2003 12 26   20.33
2003 12 27  -64.06
2003 12 28  -58.70
2003 12 29    4.03
2003 12 30  101.92
2003 12 31   57.69
2004 01 01  -28.40
2004 01 02  -85.52
2004 01 03 -134.90
2004 01 04 -173.95
2004 01 05 -195.47
2004 01 06 -131.81
2004 01 07    7.11
2004 01 08   46.43
2004 01 09    7.39
2004 01 10  -46.75
2004 01 11 -121.02
2004 01 12 -156.47
2004 01 13 -119.58
2004 01 14  -70.24
2004 01 15  -35.06
2004 01 16  -28.30
2004 01 17   -7.75
2004 01 18   -9.09
2004 01 19  -41.60
2004 01 20  -70.22
2004 01 21  -86.02
2004 01 22  -68.02
2004 01 23  -70.22
2004 01 24  -84.42
2004 01 25  -46.52
2004 01 26    9.90
2004 01 27   92.71
2004 01 28  146.83
2004 01 29  132.27
2004 01 30  161.89
2004 01 31  150.56
2004 02 01  108.02
2004 02 02   91.89
2004 02 03  141.98
2004 02 04  149.38
2004 02 05  116.82
2004 02 06  122.58
2004 02 07   72.10
2004 02 08   26.65
2004 02 09  -27.95
2004 02 10  -98.87
2004 02 11  -89.00
2004 02 12 -130.73
2004 02 13 -134.83
2004 02 14  -56.78
2004 02 15    7.02
2004 02 16   28.03
2004 02 17  101.86
2004 02 18  164.17
2004 02 19  160.09
2004 02 20   96.75
2004 02 21   33.75
2004 02 22   18.39
2004 02 23   68.29
2004 02 24   71.25
2004 02 25   46.47
2004 02 26   54.17
2004 02 27   19.87
2004 02 28   -5.89
2004 02 29  -26.34
2004 03 01  -82.96
2004 03 02  -73.27
2004 03 03   63.88
2004 03 04  140.64
2004 03 05  264.84
2004 03 06  287.70
2004 03 07  238.50
2004 03 08   67.41
2004 03 09   31.25
2004 03 10    3.93
2004 03 11   15.60
2004 03 12   18.05
2004 03 13  -15.14
2004 03 14  -21.14
2004 03 15   -4.56
2004 03 16   45.46
2004 03 17   82.89
2004 03 18  132.15
2004 03 19   64.41
2004 03 20 -148.28
2004 03 21 -240.52
2004 03 22 -160.31
2004 03 23  -74.87
2004 03 24   55.34
2004 03 25  129.52
2004 03 26  146.79
2004 03 27  136.36
2004 03 28   79.74
2004 03 29   77.96
2004 03 30  148.50
2004 03 31  160.35
2004 04 01   39.62
2004 04 02  -46.72
2004 04 03  -21.69
2004 04 04    3.95
2004 04 05  -23.58
2004 04 06  -61.06
2004 04 07  -55.26
2004 04 08 -112.71
2004 04 09 -171.44
2004 04 10 -172.24
2004 04 11 -160.67
2004 04 12 -137.10
2004 04 13  -94.59
2004 04 14  -98.71
2004 04 15 -116.75
2004 04 16  -69.84
2004 04 17  -14.27
2004 04 18   71.62
2004 04 19  113.29
2004 04 20  104.82
2004 04 21   50.16
2004 04 22   58.73
2004 04 23  119.61
2004 04 24   82.33
2004 04 25  -41.33
2004 04 26 -141.17
2004 04 27 -125.08
2004 04 28 -112.68
2004 04 29 -154.99
2004 04 30 -160.32
2004 05 01  -79.43
2004 05 02  -14.58
2004 05 03  -10.99
2004 05 04  -60.31
2004 05 05 -149.77
2004 05 06 -185.98
2004 05 07 -142.77
2004 05 08 -113.40
2004 05 09 -108.44
2004 05 10 -119.15
2004 05 11 -118.07
2004 05 12  -92.97
2004 05 13  -51.51
2004 05 14  -20.81
2004 05 15    7.45
2004 05 16   -7.63
2004 05 17  -63.50
2004 05 18 -116.93
2004 05 19 -164.51
2004 05 20 -197.04
2004 05 21 -168.13
2004 05 22 -119.12
2004 05 23  -65.74
2004 05 24  -37.63
2004 05 25   48.91
2004 05 26  110.18
2004 05 27  108.26
2004 05 28  139.04
2004 05 29  143.50
2004 05 30  107.10
2004 05 31   54.46
2004 06 01   49.25
2004 06 02   35.56
2004 06 03    3.45
2004 06 04   13.88
2004 06 05   36.74
2004 06 06  -16.80
2004 06 07  -78.97
2004 06 08  -94.45
2004 06 09  -45.99
2004 06 10   25.61
2004 06 11   62.11
2004 06 12   60.69
2004 06 13   51.25
2004 06 14   26.77
2004 06 15  -30.73
2004 06 16 -125.24
2004 06 17 -208.18
2004 06 18 -227.69
2004 06 19 -200.64
2004 06 20 -150.18
2004 06 21 -111.36
2004 06 22 -114.02
2004 06 23 -154.12
2004 06 24 -182.44
2004 06 25 -190.30
2004 06 26 -195.01
2004 06 27 -195.15
2004 06 28 -175.70
2004 06 29 -137.54
2004 06 30  -94.38
2004 07 01  -52.90
2004 07 02  -33.63
2004 07 03  -27.70
2004 07 04  -28.50
2004 07 05  -21.08
2004 07 06  -25.97
2004 07 07  -66.93
2004 07 08  -88.78
2004 07 09  -92.02
2004 07 10  -65.32
2004 07 11  -59.95
2004 07 12  -77.97
2004 07 13  -58.09
2004 07 14  -24.86
2004 07 15  -25.88
2004 07 16  -34.33
2004 07 17  -33.84
2004 07 18   -6.35
2004 07 19   36.85
2004 07 20   40.69
2004 07 21  -19.49
2004 07 22  -81.30
2004 07 23  -88.26
2004 07 24  -59.81
2004 07 25  -37.46
2004 07 26  -42.41
2004 07 27  -23.87
2004 07 28   -3.31
2004 07 29   -0.78
2004 07 30   -3.10
2004 07 31   -7.67
2004 08 01  -11.95
2004 08 02  -15.60
2004 08 03  -15.43
2004 08 04   -6.56
2004 08 05   18.93
2004 08 06   21.24
2004 08 07  -36.15
2004 08 08  -84.51
2004 08 09  -85.40
2004 08 10  -58.90
2004 08 11  -43.95
2004 08 12  -35.16
2004 08 13  -66.95
2004 08 14 -106.23
2004 08 15 -131.40
2004 08 16 -139.63
2004 08 17 -147.44
2004 08 18 -149.76
2004 08 19 -123.73
2004 08 20 -105.55
2004 08 21  -93.33
2004 08 22  -49.07
2004 08 23    5.84
2004 08 24   59.02
2004 08 25   68.98
2004 08 26   39.72
2004 08 27   26.55
2004 08 28    7.45
2004 08 29   -1.50
2004 08 30  -30.94
2004 08 31  -51.57
2004 09 01  -43.27
2004 09 02  -20.42
2004 09 03    7.97
2004 09 04   52.81
2004 09 05    9.81
2004 09 06  -22.73
2004 09 07    0.92
2004 09 08    0.43
2004 09 09   21.38
2004 09 10   93.58
2004 09 11  192.63
2004 09 12  181.99
2004 09 13  162.93
2004 09 14  149.61
2004 09 15  141.25
2004 09 16   93.03
2004 09 17   24.49
2004 09 18   -9.09
2004 09 19   16.20
2004 09 20   61.46
2004 09 21   91.31
2004 09 22   90.82
2004 09 23   79.99
2004 09 24   44.11
2004 09 25   41.17
2004 09 26   32.71
2004 09 27   16.31
2004 09 28  -33.56
2004 09 29  -72.73
2004 09 30  -92.05
2004 10 01  -94.31
2004 10 02  -87.35
2004 10 03  -87.96
2004 10 04    1.22
2004 10 05   91.29
2004 10 06  148.63
2004 10 07   98.70
2004 10 08   55.03
2004 10 09  102.50
2004 10 10   74.93
2004 10 11    8.51
2004 10 12  -71.72
2004 10 13 -105.11
2004 10 14 -154.89
2004 10 15 -147.11
2004 10 16  -95.31
2004 10 17  -74.10
2004 10 18  -59.67
2004 10 19  -99.52
2004 10 20  -75.27
2004 10 21   -3.77
2004 10 22   76.04
2004 10 23   71.34
2004 10 24   64.92
2004 10 25    4.97
2004 10 26  -44.65
2004 10 27    8.32
2004 10 28   92.24
2004 10 29  180.25
2004 10 30  186.91
2004 10 31  154.51
2004 11 01  174.21
2004 11 02  206.64
2004 11 03  172.26
2004 11 04   86.42
2004 11 05   60.44
2004 11 06   42.86
2004 11 07   24.96
2004 11 08   48.52
2004 11 09    6.28
2004 11 10  -79.66
2004 11 11 -124.49
2004 11 12  -98.11
2004 11 13  -52.87
2004 11 14  -13.22
2004 11 15  100.92
2004 11 16   86.33
2004 11 17   14.68
2004 11 18   -9.60
2004 11 19  -62.99
2004 11 20 -133.35
2004 11 21 -129.35
2004 11 22 -114.23
2004 11 23  -42.23
2004 11 24   57.81
2004 11 25  104.98
2004 11 26   53.79
2004 11 27  -30.45
2004 11 28  -64.93
2004 11 29  -60.64
2004 11 30  -61.16
2004 12 01  -61.39
2004 12 02  -11.77
2004 12 03   35.35
2004 12 04    2.50
2004 12 05   71.57
2004 12 06  169.24
2004 12 07  241.10
2004 12 08  254.59
2004 12 09  151.11
2004 12 10   67.20
2004 12 11   32.85
2004 12 12 -102.63
2004 12 13 -126.54
2004 12 14  -84.56
2004 12 15  -94.17
2004 12 16  -53.84
2004 12 17  -84.89
2004 12 18 -107.44
2004 12 19  -38.19
2004 12 20  -91.60
2004 12 21 -136.62
2004 12 22 -162.69
2004 12 23 -119.55
2004 12 24  -40.46
2004 12 25  -97.59
2004 12 26 -174.56
2004 12 27 -151.56
2004 12 28  -93.66
2004 12 29 -136.78
2004 12 30 -155.59
2004 12 31 -146.45
2005 01 01 -166.46
2005 01 02 -241.93
2005 01 03 -231.80
2005 01 04 -260.07
2005 01 05 -302.01
2005 01 06 -325.61
2005 01 07 -334.13
2005 01 08 -280.30
2005 01 09 -240.31
2005 01 10 -142.31
2005 01 11  -20.80
2005 01 12   -9.81
2005 01 13  -86.47
2005 01 14 -152.13
2005 01 15 -137.35
2005 01 16  -81.79
2005 01 17    5.16
2005 01 18   24.06
2005 01 19    9.14
2005 01 20  -19.25
2005 01 21  -69.36
2005 01 22  -72.41
2005 01 23 -106.20
2005 01 24 -113.93
2005 01 25 -163.65
2005 01 26 -157.66
2005 01 27  -74.25
2005 01 28  -20.01
2005 01 29  -19.40
2005 01 30   -3.44
2005 01 31   84.69
2005 02 01   63.86
2005 02 02   61.20
2005 02 03   47.11
2005 02 04   53.53
2005 02 05   36.61
2005 02 06   23.28
2005 02 07   35.61
2005 02 08   91.96
2005 02 09  125.70
2005 02 10  120.28
2005 02 11   74.64
2005 02 12   49.50
2005 02 13    5.32
2005 02 14  -43.40
2005 02 15 -138.94
2005 02 16 -173.17
2005 02 17 -179.81
2005 02 18 -169.72
2005 02 19 -174.65
2005 02 20 -142.88
2005 02 21 -120.68
2005 02 22 -121.45
2005 02 23  -95.33
2005 02 24  -73.18
2005 02 25  -22.87
2005 02 26  -16.36
2005 02 27  -32.89
2005 02 28  -58.24
2005 03 01    0.10
2005 03 02   58.05
2005 03 03   41.14
2005 03 04   58.03
2005 03 05   36.87
2005 03 06  -19.09
2005 03 07  -37.82
2005 03 08  -20.93
2005 03 09  -38.43
2005 03 10  -84.70
2005 03 11  -75.47
2005 03 12 -191.51
2005 03 13 -321.34
2005 03 14 -350.40
2005 03 15 -258.34
2005 03 16 -179.52
2005 03 17 -198.74
2005 03 18 -241.04
2005 03 19 -228.65
2005 03 20 -123.25
2005 03 21  -13.53
2005 03 22  -31.42
2005 03 23  -86.55
2005 03 24  -65.95
2005 03 25  -20.68
2005 03 26   54.03
2005 03 27  123.03
2005 03 28  207.97
2005 03 29  244.55
2005 03 30  203.64
2005 03 31  160.51
2005 04 01  180.92
2005 04 02  215.37
2005 04 03  218.98
2005 04 04  193.00
2005 04 05   78.28
2005 04 06   19.56
2005 04 07  102.02
2005 04 08  149.08
2005 04 09  149.12
2005 04 10  143.05
2005 04 11   93.12
2005 04 12  -24.45
2005 04 13  -57.76
2005 04 14   22.93
2005 04 15   62.54
2005 04 16   49.55
2005 04 17    8.08
2005 04 18  -18.03
2005 04 19  -41.04
2005 04 20  -85.27
2005 04 21 -149.93
2005 04 22 -234.33
2005 04 23 -249.19
2005 04 24 -271.24
2005 04 25 -289.43
2005 04 26 -315.30
2005 04 27 -381.44
2005 04 28 -369.78
2005 04 29 -294.42
2005 04 30 -242.62
2005 05 01 -206.79
2005 05 02 -161.67
2005 05 03  -80.92
2005 05 04  -17.19
2005 05 05  -25.75
2005 05 06  -22.17
2005 05 07  -29.30
2005 05 08  -94.00
2005 05 09 -122.05
2005 05 10 -102.01
2005 05 11  -88.54
2005 05 12  -37.61
2005 05 13   44.48
2005 05 14   89.61
2005 05 15   86.15
2005 05 16  124.48
2005 05 17  145.07
2005 05 18  105.16
2005 05 19  115.69
2005 05 20  103.16
2005 05 21   82.62
2005 05 22   58.88
2005 05 23   23.33
2005 05 24  -31.87
2005 05 25 -107.79
2005 05 26  -98.74
2005 05 27  -23.56
2005 05 28    5.32
2005 05 29    1.62
2005 05 30   -2.11
2005 05 31   10.85
2005 06 01    9.84
2005 06 02   -0.55
2005 06 03   26.79
2005 06 04    7.07
2005 06 05  -37.24
2005 06 06  -27.37
2005 06 07    5.19
2005 06 08   16.59
2005 06 09   54.03
2005 06 10   57.45
2005 06 11   39.75
2005 06 12   16.97
2005 06 13   -4.42
2005 06 14    3.31
2005 06 15   19.31
2005 06 16    2.46
2005 06 17  -45.52
2005 06 18  -58.91
2005 06 19  -38.20
2005 06 20  -46.76
2005 06 21  -46.13
2005 06 22   -9.03
2005 06 23  -18.78
2005 06 24  -38.66
2005 06 25  -51.06
2005 06 26  -49.51
2005 06 27  -40.41
2005 06 28  -24.53
2005 06 29  -20.91
2005 06 30  -24.99
2005 07 01   13.81
2005 07 02   70.43
2005 07 03  100.60
2005 07 04  125.34
2005 07 05  163.35
2005 07 06  196.79
2005 07 07  196.02
2005 07 08  179.62
2005 07 09  167.69
2005 07 10  126.67
2005 07 11   65.07
2005 07 12   33.90
2005 07 13   46.61
2005 07 14   50.18
2005 07 15   43.92
2005 07 16   22.77
2005 07 17   -8.88
2005 07 18  -16.36
2005 07 19    2.34
2005 07 20    7.70
2005 07 21  -11.48
2005 07 22   -2.37
2005 07 23   34.34
2005 07 24   37.11
2005 07 25   13.10
2005 07 26    7.36
2005 07 27   25.79
2005 07 28   57.81
2005 07 29   95.89
2005 07 30  119.01
2005 07 31  137.65
2005 08 01  149.67
2005 08 02  130.83
2005 08 03  116.79
2005 08 04   86.88
2005 08 05   49.46
2005 08 06  -11.25
2005 08 07  -66.91
2005 08 08 -118.60
2005 08 09 -148.14
2005 08 10 -150.48
2005 08 11 -159.45
2005 08 12 -173.14
2005 08 13 -149.21
2005 08 14  -70.31
2005 08 15  -27.14
2005 08 16  -24.98
2005 08 17  -32.17
2005 08 18  -13.95
2005 08 19   30.43
2005 08 20   12.35
2005 08 21    3.06
2005 08 22  -15.68
2005 08 23  -32.86
2005 08 24  -41.31
2005 08 25  -50.75
2005 08 26  -10.91
2005 08 27  -10.61
2005 08 28  -28.78
2005 08 29    8.71
2005 08 30   60.25
2005 08 31   49.40
2005 09 01   18.05
2005 09 02   29.31
2005 09 03   71.94
2005 09 04   83.79
2005 09 05   56.52
2005 09 06   24.10
2005 09 07   -9.89
2005 09 08  -58.11
2005 09 09 -106.93
2005 09 10 -101.86
2005 09 11 -103.46
2005 09 12  -59.62
2005 09 13  -37.21
2005 09 14  -44.88
2005 09 15  -29.22
2005 09 16    3.17
2005 09 17   39.80
2005 09 18   79.36
2005 09 19   83.26
2005 09 20   19.09
2005 09 21  -56.70
2005 09 22 -105.32
2005 09 23  -97.88
2005 09 24  -54.23
2005 09 25  -11.26
2005 09 26   -9.47
2005 09 27   36.53
2005 09 28  148.17
2005 09 29  205.16
2005 09 30  200.49
2005 10 01  183.38
2005 10 02  105.52
2005 10 03   30.73
2005 10 04   34.74
2005 10 05   75.21
2005 10 06   98.63
2005 10 07  124.67
2005 10 08  137.02
2005 10 09  115.74
2005 10 10  141.48
2005 10 11  164.87
2005 10 12  153.35
2005 10 13  127.73
2005 10 14   69.28
2005 10 15   53.63
2005 10 16   52.63
2005 10 17   52.46
2005 10 18    8.95
2005 10 19   11.65
2005 10 20   25.31
2005 10 21    2.21
2005 10 22   56.75
2005 10 23  105.58
2005 10 24   78.64
2005 10 25   58.55
2005 10 26  103.72
2005 10 27  100.61
2005 10 28  148.67
2005 10 29  139.71
2005 10 30   90.26
2005 10 31   67.27
2005 11 01   82.60
2005 11 02  132.02
2005 11 03  181.48
2005 11 04  164.31
2005 11 05  131.77
2005 11 06  106.87
2005 11 07   79.69
2005 11 08  151.97
2005 11 09  212.29
2005 11 10  217.24
2005 11 11  183.46
2005 11 12   99.13
2005 11 13   21.60
2005 11 14  -38.65
2005 11 15  -56.64
2005 11 16  -78.39
2005 11 17  -67.05
2005 11 18  -40.41
2005 11 19   23.08
2005 11 20    2.12
2005 11 21  -31.11
2005 11 22  -43.46
2005 11 23  -24.88
2005 11 24   -7.64
2005 11 25   63.23
2005 11 26   23.99
2005 11 27  -81.17
2005 11 28 -130.71
2005 11 29 -114.48
2005 11 30  -84.32
2005 12 01  -32.14
2005 12 02   49.02
2005 12 03   23.63
2005 12 04  -66.12
2005 12 05 -139.41
2005 12 06 -117.34
2005 12 07  -56.68
2005 12 08  -21.40
2005 12 09  -69.62
2005 12 10 -139.06
2005 12 11 -167.04
2005 12 12 -161.68
2005 12 13 -178.57
2005 12 14 -168.94
2005 12 15 -174.07
2005 12 16 -172.57
2005 12 17 -228.64
2005 12 18 -298.11
2005 12 19 -325.32
2005 12 20 -173.54
2005 12 21   18.78
2005 12 22   78.16
2005 12 23    4.80
2005 12 24    6.90
2005 12 25   93.79
2005 12 26  107.16
2005 12 27  117.01
2005 12 28   97.20
2005 12 29  108.54
2005 12 30  141.75
2005 12 31  170.29
2006 01 01  158.08
2006 01 02  119.43
2006 01 03   75.66
2006 01 04  -25.00
2006 01 05   -9.78
2006 01 06   80.49
2006 01 07   96.95
2006 01 08  137.97
2006 01 09  172.40
2006 01 10  206.83
2006 01 11  196.89
2006 01 12  123.41
2006 01 13   90.57
2006 01 14  113.54
2006 01 15  145.20
2006 01 16  131.52
2006 01 17  144.23
2006 01 18  116.65
2006 01 19   75.58
2006 01 20   75.52
2006 01 21  107.61
2006 01 22  137.44
2006 01 23   80.62
2006 01 24   37.25
2006 01 25  134.77
2006 01 26  245.92
2006 01 27  247.75
2006 01 28  251.96
2006 01 29  261.00
2006 01 30  258.98
2006 01 31  296.95
2006 02 01  348.61
2006 02 02  278.89
2006 02 03  190.15
2006 02 04  140.83
2006 02 05   69.51
2006 02 06   79.58
2006 02 07  111.81
2006 02 08   77.77
2006 02 09  -45.53
2006 02 10  -88.20
2006 02 11  -73.46
2006 02 12  -47.24
2006 02 13  -93.93
2006 02 14 -218.36
2006 02 15 -279.67
2006 02 16 -298.12
2006 02 17 -306.92
2006 02 18 -272.61
2006 02 19 -248.47
2006 02 20 -196.54
2006 02 21 -108.50
2006 02 22  -29.47
2006 02 23   17.77
2006 02 24    3.87
2006 02 25  -26.02
2006 02 26  -19.16
2006 02 27  100.25
2006 02 28  168.49
2006 03 01   65.49
2006 03 02   16.72
2006 03 03   37.49
2006 03 04   21.31
2006 03 05   13.00
2006 03 06   80.91
2006 03 07  125.69
2006 03 08  192.18
2006 03 09  151.35
2006 03 10  -48.30
2006 03 11 -138.71
2006 03 12  -68.62
2006 03 13  -36.64
2006 03 14  -61.92
2006 03 15  -38.21
2006 03 16  -29.37
2006 03 17   -7.43
2006 03 18   -6.87
2006 03 19   16.21
2006 03 20   66.42
2006 03 21   23.57
2006 03 22  -78.09
2006 03 23 -124.80
2006 03 24 -102.02
2006 03 25  -67.53
2006 03 26  -61.95
2006 03 27  -98.27
2006 03 28 -100.19
2006 03 29  -30.62
2006 03 30    9.47
2006 03 31   64.84
2006 04 01   93.99
2006 04 02  -26.15
2006 04 03  -95.00
2006 04 04  -66.35
2006 04 05  -67.21
2006 04 06  -95.83
2006 04 07 -121.88
2006 04 08 -103.16
2006 04 09  -18.58
2006 04 10   37.82
2006 04 11  -27.50
2006 04 12  -13.38
2006 04 13  146.85
2006 04 14  227.50
2006 04 15  191.35
2006 04 16  154.64
2006 04 17  204.63
2006 04 18  166.99
2006 04 19   95.52
2006 04 20   63.52
2006 04 21   58.49
2006 04 22    8.54
2006 04 23  -19.27
2006 04 24   14.98
2006 04 25   61.04
2006 04 26  109.53
2006 04 27  129.80
2006 04 28  157.50
2006 04 29  152.81
2006 04 30   92.97
2006 05 01   49.08
2006 05 02   13.15
2006 05 03  -29.05
2006 05 04  -13.85
2006 05 05   67.98
2006 05 06  150.06
2006 05 07  188.05
2006 05 08  156.33
2006 05 09  108.85
2006 05 10   98.89
2006 05 11  107.78
2006 05 12   51.26
2006 05 13  -67.94
2006 05 14 -115.00
2006 05 15 -155.60
2006 05 16 -176.31
2006 05 17  -82.30
2006 05 18   -2.14
2006 05 19   -5.13
2006 05 20  -13.97
2006 05 21   33.16
2006 05 22  -10.91
2006 05 23  -39.49
2006 05 24  -35.99
2006 05 25  -31.56
2006 05 26  -74.17
2006 05 27  -93.57
2006 05 28  -52.89
2006 05 29  -32.12
2006 05 30  -27.99
2006 05 31  -41.16
2006 06 01  -55.15
2006 06 02  -18.88
2006 06 03   15.92
2006 06 04   24.99
2006 06 05   32.30
2006 06 06   18.13
2006 06 07    4.82
2006 06 08  -25.70
2006 06 09  -52.79
2006 06 10  -47.36
2006 06 11  -99.86
2006 06 12 -114.49
2006 06 13  -75.28
2006 06 14   10.02
2006 06 15   58.88
2006 06 16   90.05
2006 06 17   90.46
2006 06 18   48.64
2006 06 19   49.15
2006 06 20   60.41
2006 06 21   39.42
2006 06 22   19.93
2006 06 23   -6.11
2006 06 24  -37.40
2006 06 25  -93.83
2006 06 26  -82.34
2006 06 27  -33.92
2006 06 28  -20.62
2006 06 29  -52.75
2006 06 30  -80.77
2006 07 01  -78.95
2006 07 02  -70.15
2006 07 03  -66.21
2006 07 04  -64.58
2006 07 05  -51.29
2006 07 06    3.81
2006 07 07   56.41
2006 07 08   60.23
2006 07 09   22.62
2006 07 10   32.43
2006 07 11   98.27
2006 07 12  158.14
2006 07 13  171.44
2006 07 14  127.38
2006 07 15   82.45
2006 07 16   30.90
2006 07 17   38.16
2006 07 18   76.59
2006 07 19   91.30
2006 07 20   41.41
2006 07 21  -26.65
2006 07 22  -31.59
2006 07 23  -11.54
2006 07 24   10.30
2006 07 25   32.27
2006 07 26   13.99
2006 07 27  -26.59
2006 07 28  -61.90
2006 07 29  -38.59
2006 07 30   30.90
2006 07 31   87.40
2006 08 01   94.20
2006 08 02   96.87
2006 08 03   79.62
2006 08 04   67.90
2006 08 05   39.76
2006 08 06   14.29
2006 08 07   -5.51
2006 08 08   14.37
2006 08 09   26.79
2006 08 10   29.57
2006 08 11   33.75
2006 08 12   37.72
2006 08 13   24.54
2006 08 14   15.62
2006 08 15    6.20
2006 08 16    3.40
2006 08 17    6.09
2006 08 18   -7.39
2006 08 19  -22.98
2006 08 20  -43.81
2006 08 21  -52.07
2006 08 22  -61.20
2006 08 23  -64.65
2006 08 24  -47.00
2006 08 25  -36.97
2006 08 26  -44.70
2006 08 27  -37.15
2006 08 28    4.11
2006 08 29   44.75
2006 08 30   45.78
2006 08 31   26.76
2006 09 01    7.81
2006 09 02   -8.62
2006 09 03  -57.46
2006 09 04  -72.55
2006 09 05  -50.19
2006 09 06  -40.12
2006 09 07  -25.13
2006 09 08   29.53
2006 09 09   95.41
2006 09 10   86.23
2006 09 11   23.85
2006 09 12  -45.30
2006 09 13 -105.11
2006 09 14 -125.13
2006 09 15  -92.70
2006 09 16  -35.67
2006 09 17  -23.75
2006 09 18  -43.65
2006 09 19  -23.05
2006 09 20   30.81
2006 09 21    4.25
2006 09 22  -49.37
2006 09 23  -89.35
2006 09 24 -111.45
2006 09 25  -99.78
2006 09 26 -113.60
2006 09 27  -72.88
2006 09 28  -19.55
2006 09 29  -12.74
2006 09 30   13.52
2006 10 01   45.96
2006 10 02   28.86
2006 10 03  -30.58
2006 10 04  -33.30
2006 10 05  -18.23
2006 10 06  -43.37
2006 10 07  -74.32
2006 10 08 -110.46
2006 10 09 -154.95
2006 10 10 -161.03
2006 10 11 -141.00
2006 10 12 -148.88
2006 10 13 -153.77
2006 10 14  -98.86
2006 10 15  -57.05
2006 10 16 -118.29
2006 10 17 -117.40
2006 10 18  -58.41
2006 10 19  -52.41
2006 10 20 -125.20
2006 10 21 -153.63
2006 10 22  -69.02
2006 10 23   21.76
2006 10 24   69.02
2006 10 25  127.31
2006 10 26  116.20
2006 10 27   36.86
2006 10 28  -53.29
2006 10 29 -101.27
2006 10 30 -122.55
2006 10 31 -143.40
2006 11 01 -166.19
2006 11 02 -116.45
2006 11 03  -49.49
2006 11 04   -7.58
2006 11 05   25.42
2006 11 06   85.92
2006 11 07  170.19
2006 11 08  183.25
2006 11 09  176.08
2006 11 10  164.34
2006 11 11  144.50
2006 11 12  113.41
2006 11 13  167.64
2006 11 14  211.14
2006 11 15  244.25
2006 11 16  244.60
2006 11 17  146.38
2006 11 18   77.44
2006 11 19   85.78
2006 11 20  102.02
2006 11 21   28.09
2006 11 22  -17.91
2006 11 23  -52.86
2006 11 24  -94.99
2006 11 25  -68.95
2006 11 26  -83.15
2006 11 27 -104.42
2006 11 28  -95.89
2006 11 29  -69.30
2006 11 30  -80.60
2006 12 01 -172.26
2006 12 02 -183.60
2006 12 03 -106.38
2006 12 04  -60.10
2006 12 05  -47.06
2006 12 06  -31.72
2006 12 07   37.59
2006 12 08   95.28
2006 12 09   88.18
2006 12 10  124.91
2006 12 11  171.66
2006 12 12  206.33
2006 12 13  200.69
2006 12 14  153.92
2006 12 15  112.24
2006 12 16   31.28
2006 12 17   15.15
2006 12 18  119.04
2006 12 19  160.20
2006 12 20  170.07
2006 12 21  188.35
2006 12 22  186.50
2006 12 23  187.18
2006 12 24  151.66
2006 12 25  214.32
2006 12 26  162.97
2006 12 27  122.84
2006 12 28   68.83
2006 12 29  133.08
2006 12 30  176.18
2006 12 31  181.65
2007 01 01  261.54
2007 01 02  306.81
2007 01 03  307.65
2007 01 04  289.72
2007 01 05  292.21
2007 01 06  261.73
2007 01 07  235.22
2007 01 08  116.78
2007 01 09   26.24
2007 01 10  -30.20
2007 01 11  -85.39
2007 01 12  -80.00
2007 01 13  -51.49
2007 01 14  -12.70
2007 01 15   22.37
2007 01 16   33.83
2007 01 17   19.26
2007 01 18   33.70
2007 01 19   92.70
2007 01 20  113.19
2007 01 21  110.59
2007 01 22   95.80
2007 01 23   68.22
2007 01 24   59.47
2007 01 25   10.78
2007 01 26 -101.28
2007 01 27 -171.24
2007 01 28 -238.40
2007 01 29 -322.48
2007 01 30 -376.07
2007 01 31 -367.55
2007 02 01 -333.11
2007 02 02 -246.57
2007 02 03 -192.79
2007 02 04 -150.17
2007 02 05 -151.25
2007 02 06 -148.20
2007 02 07 -183.85
2007 02 08 -195.57
2007 02 09 -167.60
2007 02 10 -151.73
2007 02 11  -86.11
2007 02 12  -39.83
2007 02 13  -21.14
2007 02 14   41.11
2007 02 15  136.84
2007 02 16  112.30
2007 02 17  101.22
2007 02 18  175.67
2007 02 19  228.49
2007 02 20  264.92
2007 02 21  123.24
2007 02 22  100.91
2007 02 23  192.56
2007 02 24  214.73
2007 02 25  182.59
2007 02 26  103.75
2007 02 27   48.72
2007 02 28   47.11
2007 03 01   90.09
2007 03 02   71.50
2007 03 03   -9.99
2007 03 04  -38.85
2007 03 05   22.52
2007 03 06   61.10
2007 03 07  157.97
2007 03 08  254.00
2007 03 09  224.29
2007 03 10  133.75
2007 03 11  126.86
2007 03 12  163.09
2007 03 13  112.10
2007 03 14   54.52
2007 03 15    2.92
2007 03 16   19.26
2007 03 17   68.57
2007 03 18   55.70
2007 03 19   64.77
2007 03 20  161.84
2007 03 21  235.77
2007 03 22  239.28
2007 03 23  238.09
2007 03 24  267.37
2007 03 25  224.50
2007 03 26  150.23
2007 03 27   67.08
2007 03 28  -47.12
2007 03 29  -97.50
2007 03 30 -141.88
2007 03 31 -146.73
2007 04 01 -151.82
2007 04 02 -141.56
2007 04 03 -128.27
2007 04 04  -95.91
2007 04 05  -88.01
2007 04 06  -65.48
2007 04 07    6.44
2007 04 08   71.54
2007 04 09  108.65
2007 04 10   78.72
2007 04 11   66.06
2007 04 12  102.76
2007 04 13  148.31
2007 04 14  160.66
2007 04 15  144.77
2007 04 16  160.97
2007 04 17   99.54
2007 04 18   44.02
2007 04 19   -9.93
2007 04 20  -25.14
2007 04 21    0.79
2007 04 22   22.54
2007 04 23   37.51
2007 04 24   91.22
2007 04 25  128.76
2007 04 26  177.05
2007 04 27  162.59
2007 04 28  129.09
2007 04 29  166.26
2007 04 30  162.85
2007 05 01  130.52
2007 05 02  120.43
2007 05 03  120.35
2007 05 04   67.10
2007 05 05   42.87
2007 05 06   57.42
2007 05 07   39.11
2007 05 08    9.74
2007 05 09    9.90
2007 05 10   -0.50
2007 05 11   34.04
2007 05 12   70.04
2007 05 13   73.88
2007 05 14   27.47
2007 05 15  -14.61
2007 05 16   34.59
2007 05 17   39.04
2007 05 18   28.83
2007 05 19   48.68
2007 05 20   51.49
2007 05 21   11.11
2007 05 22  -14.84
2007 05 23  -31.78
2007 05 24  -22.29
2007 05 25   11.90
2007 05 26   32.22
2007 05 27   35.22
2007 05 28    9.92
2007 05 29  -18.45
2007 05 30    4.42
2007 05 31   14.28
2007 06 01  -11.64
2007 06 02  -65.29
2007 06 03  -82.73
2007 06 04  -33.03
2007 06 05    5.11
2007 06 06   28.82
2007 06 07   43.51
2007 06 08   47.34
2007 06 09   67.41
2007 06 10   71.94
2007 06 11   48.24
2007 06 12   41.85
2007 06 13   35.90
2007 06 14  -11.86
2007 06 15  -58.17
2007 06 16  -60.64
2007 06 17  -31.98
2007 06 18   11.56
2007 06 19   18.91
2007 06 20   12.07
2007 06 21   28.63
2007 06 22   32.73
2007 06 23   57.50
2007 06 24   64.72
2007 06 25   60.65
2007 06 26   18.89
2007 06 27   -7.32
2007 06 28   -8.59
2007 06 29   27.25
2007 06 30   49.55
2007 07 01   55.20
2007 07 02   44.77
2007 07 03    0.26
2007 07 04  -17.94
2007 07 05   12.11
2007 07 06   26.18
2007 07 07   21.51
2007 07 08    1.83
2007 07 09   -5.28
2007 07 10   -1.59
2007 07 11  -26.91
2007 07 12  -39.37
2007 07 13  -52.92
2007 07 14  -25.41
2007 07 15   11.67
2007 07 16   10.01
2007 07 17   -2.09
2007 07 18   18.55
2007 07 19   82.04
2007 07 20  120.84
2007 07 21  140.81
2007 07 22  121.11
2007 07 23   83.95
2007 07 24   71.59
2007 07 25   47.35
2007 07 26   12.14
2007 07 27   14.85
2007 07 28   25.07
2007 07 29   26.33
2007 07 30    3.84
2007 07 31  -10.44
2007 08 01   -5.54
2007 08 02    7.27
2007 08 03    0.19
2007 08 04  -26.42
2007 08 05  -58.30
2007 08 06  -42.86
2007 08 07   -0.73
2007 08 08    3.26
2007 08 09   -3.70
2007 08 10  -12.59
2007 08 11  -35.49
2007 08 12  -44.34
2007 08 13  -84.20
2007 08 14  -87.72
2007 08 15  -78.68
2007 08 16  -47.60
2007 08 17   -2.19
2007 08 18   40.75
2007 08 19   81.23
2007 08 20   73.39
2007 08 21   25.99
2007 08 22  -24.91
2007 08 23  -46.06
2007 08 24  -10.11
2007 08 25   17.41
2007 08 26   23.47
2007 08 27    3.79
2007 08 28   -4.66
2007 08 29    2.30
2007 08 30   22.46
2007 08 31   39.64
2007 09 01   41.43
2007 09 02   38.73
2007 09 03   80.95
2007 09 04  119.26
2007 09 05   90.54
2007 09 06   37.56
2007 09 07  -29.99
2007 09 08  -95.47
2007 09 09 -155.82
2007 09 10 -170.42
2007 09 11 -158.82
2007 09 12 -117.90
2007 09 13  -77.52
2007 09 14  -41.61
2007 09 15   23.23
2007 09 16   19.91
2007 09 17  -10.73
2007 09 18  -68.30
2007 09 19  -71.88
2007 09 20  -21.81
2007 09 21   15.75
2007 09 22  -22.98
2007 09 23  -37.68
2007 09 24  -15.88
2007 09 25   -3.73
2007 09 26   23.01
2007 09 27   21.88
2007 09 28   66.63
2007 09 29  141.93
2007 09 30  128.49
2007 10 01  173.46
2007 10 02  221.84
2007 10 03  169.92
2007 10 04   76.73
2007 10 05   96.68
2007 10 06  150.34
2007 10 07  154.96
2007 10 08   91.88
2007 10 09   19.66
2007 10 10   47.09
2007 10 11   72.32
2007 10 12   86.93
2007 10 13  116.69
2007 10 14   94.99
2007 10 15  138.47
2007 10 16  146.98
2007 10 17  140.15
2007 10 18  146.25
2007 10 19  177.64
2007 10 20  147.30
2007 10 21   86.55
2007 10 22   56.82
2007 10 23   32.63
2007 10 24   54.95
2007 10 25   23.17
2007 10 26  -32.45
2007 10 27   -1.45
2007 10 28   47.95
2007 10 29   57.14
2007 10 30   98.26
2007 10 31  104.51
2007 11 01   87.41
2007 11 02   54.63
2007 11 03   16.57
2007 11 04  -62.81
2007 11 05  -90.26
2007 11 06  -36.13
2007 11 07   -8.75
2007 11 08   17.13
2007 11 09  117.87
2007 11 10  198.35
2007 11 11  182.54
2007 11 12  152.01
2007 11 13  114.86
2007 11 14   56.47
2007 11 15   96.05
2007 11 16  100.82
2007 11 17   44.43
2007 11 18   24.74
2007 11 19  -17.91
2007 11 20  -81.31
2007 11 21 -119.54
2007 11 22 -197.46
2007 11 23 -172.25
2007 11 24  -81.72
2007 11 25  -38.86
2007 11 26   17.27
2007 11 27  -32.89
2007 11 28  -80.42
2007 11 29 -226.72
2007 11 30 -332.56
2007 12 01 -285.81
2007 12 02 -150.02
2007 12 03   26.77
2007 12 04  133.24
2007 12 05   -2.50
2007 12 06  -63.32
2007 12 07 -114.54
2007 12 08 -161.30
2007 12 09 -150.66
2007 12 10 -128.26
2007 12 11  -65.72
2007 12 12  -44.81
2007 12 13  -66.52
2007 12 14  -40.66
2007 12 15   61.33
2007 12 16   76.62
2007 12 17  139.40
2007 12 18  183.44
2007 12 19  226.82
2007 12 20  177.48
2007 12 21  134.36
2007 12 22  148.25
2007 12 23  154.83
2007 12 24  154.24
2007 12 25  120.36
2007 12 26   74.28
2007 12 27  104.76
2007 12 28  176.32
2007 12 29  210.34
2007 12 30  163.20
2007 12 31   21.55
2008 01 01   29.16
2008 01 02  159.12
2008 01 03  253.93
2008 01 04  310.14
2008 01 05  320.89
2008 01 06  248.90
2008 01 07  213.64
2008 01 08  214.44
2008 01 09  187.36
2008 01 10  201.57
2008 01 11  158.00
2008 01 12  134.43
2008 01 13  130.60
2008 01 14  102.24
2008 01 15   15.33
2008 01 16  -66.16
2008 01 17 -153.00
2008 01 18 -188.46
2008 01 19 -232.06
2008 01 20 -265.47
2008 01 21 -278.58
2008 01 22 -251.10
2008 01 23 -134.09
2008 01 24 -109.83
2008 01 25  -98.10
2008 01 26  -18.18
2008 01 27  -21.80
2008 01 28   87.89
2008 01 29  153.40
2008 01 30  189.83
2008 01 31  200.03
2008 02 01  193.60
2008 02 02  214.69
2008 02 03  195.88
2008 02 04  162.54
2008 02 05  201.40
2008 02 06  253.76
2008 02 07  259.67
2008 02 08  158.60
2008 02 09  149.93
2008 02 10  185.15
2008 02 11  164.47
2008 02 12  140.30
2008 02 13   90.73
2008 02 14   39.84
2008 02 15   57.94
2008 02 16   24.57
2008 02 17  -44.21
2008 02 18  -69.42
2008 02 19  -49.27
2008 02 20   25.06
2008 02 21   38.61
2008 02 22   12.57
2008 02 23  -30.64
2008 02 24  -45.55
2008 02 25  -18.90
2008 02 26   15.20
2008 02 27   75.41
2008 02 28   61.42
2008 02 29  123.80
2008 03 01  219.64
2008 03 02  146.98
2008 03 03   97.41
2008 03 04   17.54
2008 03 05  -34.36
2008 03 06   21.92
2008 03 07   92.70
2008 03 08   83.12
2008 03 09   20.91
2008 03 10   -2.89
2008 03 11   23.25
2008 03 12   33.00
2008 03 13   50.22
2008 03 14   27.93
2008 03 15   11.96
2008 03 16   59.84
2008 03 17  183.06
2008 03 18  210.03
2008 03 19  191.13
2008 03 20  185.44
2008 03 21  153.11
2008 03 22  104.51
2008 03 23  144.10
2008 03 24  171.57
2008 03 25  129.99
2008 03 26   96.62
2008 03 27   63.33
2008 03 28   24.20
2008 03 29    3.21
2008 03 30  -12.79
2008 03 31  -45.68
2008 04 01  -88.59
2008 04 02 -101.93
2008 04 03  -86.37
2008 04 04  -23.20
2008 04 05   20.23
2008 04 06   19.02
2008 04 07   29.87
2008 04 08   74.42
2008 04 09  140.96
2008 04 10  135.68
2008 04 11   59.59
2008 04 12   30.48
2008 04 13   19.52
2008 04 14    4.11
2008 04 15   33.02
2008 04 16    2.48
2008 04 17  -70.13
2008 04 18 -140.32
2008 04 19 -162.10
2008 04 20 -137.97
2008 04 21 -115.89
2008 04 22 -137.51
2008 04 23 -130.75
2008 04 24  -96.12
2008 04 25  -70.40
2008 04 26  -18.82
2008 04 27   43.10
2008 04 28   58.52
2008 04 29   45.61
2008 04 30   44.80
2008 05 01   32.51
2008 05 02    3.19
2008 05 03  -37.55
2008 05 04  -44.42
2008 05 05  -15.84
2008 05 06  -16.20
2008 05 07  -23.67
2008 05 08    4.41
2008 05 09   39.08
2008 05 10   86.12
2008 05 11   92.97
2008 05 12  124.35
2008 05 13  137.36
2008 05 14  113.04
2008 05 15   43.74
2008 05 16  -46.22
2008 05 17  -12.41
2008 05 18   51.87
2008 05 19   83.93
2008 05 20  122.82
2008 05 21   87.40
2008 05 22  -13.13
2008 05 23  -76.73
2008 05 24 -100.75
2008 05 25  -89.21
2008 05 26 -112.07
2008 05 27 -122.46
2008 05 28 -103.25
2008 05 29  -57.47
2008 05 30  -30.25
2008 05 31  -17.42
2008 06 01    9.12
2008 06 02   80.42
2008 06 03  141.80
2008 06 04  145.47
2008 06 05  152.30
2008 06 06  136.09
2008 06 07   87.50
2008 06 08   47.89
2008 06 09   18.54
2008 06 10  -65.44
2008 06 11  -97.12
2008 06 12  -78.89
2008 06 13  -75.55
2008 06 14  -96.08
2008 06 15  -82.37
2008 06 16  -53.14
2008 06 17  -28.42
2008 06 18    1.14
2008 06 19    5.60
2008 06 20   -7.17
2008 06 21   18.09
2008 06 22   32.11
2008 06 23   24.19
2008 06 24   33.00
2008 06 25   64.96
2008 06 26   92.51
2008 06 27   92.81
2008 06 28   56.38
2008 06 29   -2.31
2008 06 30  -60.59
2008 07 01  -58.40
2008 07 02  -38.45
2008 07 03   31.85
2008 07 04   96.51
2008 07 05  109.88
2008 07 06   97.78
2008 07 07   65.04
2008 07 08   38.34
2008 07 09   38.46
2008 07 10   24.17
2008 07 11   -8.60
2008 07 12  -15.94
2008 07 13  -12.04
2008 07 14  -27.95
2008 07 15  -38.94
2008 07 16  -15.93
2008 07 17   28.49
2008 07 18   75.25
2008 07 19  112.52
2008 07 20  136.38
2008 07 21  153.72
2008 07 22  138.94
2008 07 23  104.66
2008 07 24   58.26
2008 07 25   51.46
2008 07 26   50.36
2008 07 27   76.88
2008 07 28   98.46
2008 07 29   99.63
2008 07 30   85.70
2008 07 31   63.75
2008 08 01   51.68
2008 08 02   24.68
2008 08 03  -23.39
2008 08 04  -37.69
2008 08 05  -27.64
2008 08 06  -13.26
2008 08 07   10.90
2008 08 08   32.77
2008 08 09   58.75
2008 08 10   68.37
2008 08 11   88.27
2008 08 12  149.73
2008 08 13  138.67
2008 08 14   62.81
2008 08 15   16.29
2008 08 16   18.82
2008 08 17   39.03
2008 08 18  106.09
2008 08 19  134.70
2008 08 20  106.30
2008 08 21   92.45
2008 08 22   89.22
2008 08 23   96.65
2008 08 24  118.77
2008 08 25  146.96
2008 08 26  181.93
2008 08 27  174.70
2008 08 28  130.49
2008 08 29   69.77
2008 08 30   31.15
2008 08 31   19.17
2008 09 01   21.37
2008 09 02   29.44
2008 09 03   19.78
2008 09 04  -23.32
2008 09 05  -70.63
2008 09 06  -91.15
2008 09 07  -58.10
2008 09 08  -31.12
2008 09 09  -23.44
2008 09 10   15.40
2008 09 11   61.08
2008 09 12   52.52
2008 09 13    9.93
2008 09 14  -23.35
2008 09 15  -35.25
2008 09 16  -55.35
2008 09 17  -44.47
2008 09 18  -12.90
2008 09 19    2.70
2008 09 20    4.29
2008 09 21   10.92
2008 09 22   16.33
2008 09 23   13.13
2008 09 24    2.02
2008 09 25  -10.47
2008 09 26   13.59
2008 09 27   44.68
2008 09 28  -37.80
2008 09 29  -95.72
2008 09 30  -78.73
2008 10 01  -19.28
2008 10 02   82.35
2008 10 03  173.36
2008 10 04  183.72
2008 10 05  179.56
2008 10 06  165.04
2008 10 07  193.83
2008 10 08  119.66
2008 10 09   17.59
2008 10 10  -18.16
2008 10 11  -20.32
2008 10 12  -30.90
2008 10 13   -6.07
2008 10 14   58.05
2008 10 15   48.18
2008 10 16   35.60
2008 10 17   57.12
2008 10 18   59.75
2008 10 19   66.71
2008 10 20   84.24
2008 10 21   64.67
2008 10 22   83.85
2008 10 23  151.85
2008 10 24  162.84
2008 10 25  102.16
2008 10 26   -5.93
2008 10 27  -30.52
2008 10 28  -27.70
2008 10 29   33.21
2008 10 30  -51.12
2008 10 31  -91.72
2008 11 01  -18.91
2008 11 02   74.16
2008 11 03  111.57
2008 11 04   39.03
2008 11 05  -12.78
2008 11 06    3.78
2008 11 07   28.48
2008 11 08   32.12
2008 11 09   65.85
2008 11 10  126.74
2008 11 11  181.98
2008 11 12  208.79
2008 11 13   91.15
2008 11 14  -20.39
2008 11 15  -44.49
2008 11 16  -92.31
2008 11 17  -59.51
2008 11 18  -22.60
2008 11 19  -63.70
2008 11 20  -50.40
2008 11 21   58.10
2008 11 22  127.09
2008 11 23   36.41
2008 11 24   42.91
2008 11 25   72.19
2008 11 26   71.31
2008 11 27   55.23
2008 11 28   71.13
2008 11 29    2.77
2008 11 30  -60.76
2008 12 01  -76.47
2008 12 02  -82.93
2008 12 03 -111.86
2008 12 04 -114.24
2008 12 05  -67.76
2008 12 06  -36.85
2008 12 07  -38.27
2008 12 08  -36.79
2008 12 09   47.75
2008 12 10   15.76
2008 12 11 -122.23
2008 12 12 -155.25
2008 12 13 -206.08
2008 12 14 -275.04
2008 12 15 -335.19
2008 12 16 -338.65
2008 12 17 -256.62
2008 12 18 -186.33
2008 12 19 -146.66
2008 12 20  -93.00
2008 12 21  -86.29
2008 12 22  -47.18
2008 12 23   53.81
2008 12 24  105.12
2008 12 25   75.49
2008 12 26  154.83
2008 12 27  243.36
2008 12 28  217.94
2008 12 29  167.08
2008 12 30  121.67
2008 12 31  126.68
2009 01 01  157.57
2009 01 02  203.65
2009 01 03  231.02
2009 01 04  252.24
2009 01 05  292.57
2009 01 06  215.31
2009 01 07  196.43
2009 01 08  175.77
2009 01 09  145.66
2009 01 10   88.25
2009 01 11    0.83
2009 01 12  -59.35
2009 01 13  -95.84
2009 01 14 -153.67
2009 01 15 -168.58
2009 01 16 -198.11
2009 01 17 -224.48
2009 01 18 -261.73
2009 01 19 -289.95
2009 01 20 -273.84
2009 01 21 -241.91
2009 01 22 -194.84
2009 01 23 -167.18
2009 01 24 -137.35
2009 01 25 -135.61
2009 01 26  -68.90
2009 01 27   70.84
2009 01 28   73.94
2009 01 29   59.28
2009 01 30  139.41
2009 01 31  189.41
2009 02 01  139.16
2009 02 02  128.01
2009 02 03  111.53
2009 02 04  159.71
2009 02 05  165.58
2009 02 06  136.63
2009 02 07  165.43
2009 02 08  188.73
2009 02 09  214.92
2009 02 10  201.08
2009 02 11  124.03
2009 02 12   14.14
2009 02 13  -31.98
2009 02 14  -92.66
2009 02 15 -105.15
2009 02 16  -61.49
2009 02 17  -55.83
2009 02 18 -209.41
2009 02 19 -312.18
2009 02 20 -302.47
2009 02 21 -252.88
2009 02 22 -215.53
2009 02 23 -163.17
2009 02 24  -96.95
2009 02 25 -104.86
2009 02 26  -66.02
2009 02 27 -123.84
2009 02 28 -175.31
2009 03 01  -71.19
2009 03 02   -6.00
2009 03 03  -19.42
2009 03 04  -42.50
2009 03 05  -88.95
2009 03 06  -54.51
2009 03 07  -63.87
2009 03 08 -119.52
2009 03 09 -115.47
2009 03 10  -78.77
2009 03 11 -115.38
2009 03 12 -138.72
2009 03 13  -12.06
2009 03 14  131.18
2009 03 15  205.41
2009 03 16  190.63
2009 03 17  155.23
2009 03 18  140.23
2009 03 19  146.91
2009 03 20  135.84
2009 03 21  108.20
2009 03 22  137.29
2009 03 23  132.78
2009 03 24   80.02
2009 03 25   20.30
2009 03 26   62.49
2009 03 27   97.06
2009 03 28   90.80
2009 03 29   78.49
2009 03 30  142.46
2009 03 31  149.67
2009 04 01  125.15
2009 04 02  118.91
2009 04 03   80.62
2009 04 04  -13.42
2009 04 05 -116.51
2009 04 06 -131.75
2009 04 07  -93.20
2009 04 08  -19.15
2009 04 09   46.33
2009 04 10  104.54
2009 04 11  121.37
2009 04 12   97.03
2009 04 13   41.04
2009 04 14   -1.88
2009 04 15   12.75
2009 04 16   23.08
2009 04 17   16.20
2009 04 18   -5.74
2009 04 19  -28.04
2009 04 20  -83.00
2009 04 21  -99.35
2009 04 22 -106.59
2009 04 23 -127.93
2009 04 24 -143.00
2009 04 25 -150.11
2009 04 26 -187.53
2009 04 27 -255.74
2009 04 28 -278.48
2009 04 29 -256.99
2009 04 30 -237.83
2009 05 01 -196.53
2009 05 02 -115.83
2009 05 03    2.11
2009 05 04   71.61
2009 05 05   96.50
2009 05 06   76.77
2009 05 07   28.33
2009 05 08  -27.63
2009 05 09  -51.77
2009 05 10  -24.79
2009 05 11  -15.21
2009 05 12   13.82
2009 05 13   44.29
2009 05 14   68.07
2009 05 15   19.82
2009 05 16  -29.38
2009 05 17  -49.27
2009 05 18  -50.44
2009 05 19    7.63
2009 05 20   -3.23
2009 05 21  -70.87
2009 05 22  -81.85
2009 05 23  -37.26
2009 05 24  -36.01
2009 05 25  -14.09
2009 05 26    4.13
2009 05 27    1.52
2009 05 28   -8.53
2009 05 29  -13.06
2009 05 30  -33.01
2009 05 31 -105.53
2009 06 01 -174.27
2009 06 02 -208.45
2009 06 03 -228.06
2009 06 04 -200.86
2009 06 05 -150.69
2009 06 06 -121.41
2009 06 07  -92.33
2009 06 08  -75.39
2009 06 09 -105.96
2009 06 10 -113.46
2009 06 11  -77.21
2009 06 12  -48.84
2009 06 13  -12.04
2009 06 14    8.62
2009 06 15   21.34
2009 06 16   65.90
2009 06 17  109.28
2009 06 18  150.05
2009 06 19  158.25
2009 06 20  160.75
2009 06 21  134.91
2009 06 22  112.32
2009 06 23  121.05
2009 06 24  129.41
2009 06 25  138.61
2009 06 26  136.51
2009 06 27  127.46
2009 06 28   83.57
2009 06 29    7.41
2009 06 30  -51.83
2009 07 01  -82.73
2009 07 02 -100.48
2009 07 03 -101.10
2009 07 04  -79.55
2009 07 05  -78.80
2009 07 06  -54.90
2009 07 07  -48.78
2009 07 08  -51.41
2009 07 09  -66.04
2009 07 10 -109.10
2009 07 11 -132.58
2009 07 12 -119.88
2009 07 13  -89.90
2009 07 14  -61.22
2009 07 15  -28.58
2009 07 16  -21.02
2009 07 17   -0.58
2009 07 18   36.80
2009 07 19   23.21
2009 07 20   -3.37
2009 07 21   46.62
2009 07 22  106.60
2009 07 23   73.25
2009 07 24   34.49
2009 07 25  -15.80
2009 07 26  -60.28
2009 07 27  -99.53
2009 07 28 -118.14
2009 07 29 -106.07
2009 07 30  -71.50
2009 07 31  -30.67
2009 08 01  -20.13
2009 08 02  -34.54
2009 08 03  -59.94
2009 08 04  -72.20
2009 08 05  -43.32
2009 08 06    2.34
2009 08 07   22.03
2009 08 08   49.45
2009 08 09   66.46
2009 08 10  100.02
2009 08 11   92.09
2009 08 12   53.44
2009 08 13   15.14
2009 08 14   13.67
2009 08 15   17.15
2009 08 16   16.73
2009 08 17   13.98
2009 08 18   -6.92
2009 08 19  -21.84
2009 08 20  -21.80
2009 08 21    3.06
2009 08 22   19.55
2009 08 23   35.85
2009 08 24   53.14
2009 08 25  108.50
2009 08 26   57.01
2009 08 27    2.15
2009 08 28   20.19
2009 08 29   11.67
2009 08 30  -47.67
2009 08 31  -62.96
2009 09 01  -65.74
2009 09 02  -22.24
2009 09 03   43.17
2009 09 04   45.34
2009 09 05   18.16
2009 09 06   50.85
2009 09 07  111.21
2009 09 08  134.26
2009 09 09  139.45
2009 09 10  101.96
2009 09 11   64.71
2009 09 12   52.38
2009 09 13   97.00
2009 09 14   57.02
2009 09 15   -5.67
2009 09 16   43.94
2009 09 17  101.13
2009 09 18  115.18
2009 09 19  108.28
2009 09 20   81.32
2009 09 21   37.41
2009 09 22  -24.47
2009 09 23  -16.76
2009 09 24   34.49
2009 09 25   71.49
2009 09 26   72.67
2009 09 27    6.47
2009 09 28   10.93
2009 09 29   60.44
2009 09 30   91.37
2009 10 01   80.79
2009 10 02    6.48
2009 10 03  -68.11
2009 10 04 -129.79
2009 10 05 -167.24
2009 10 06 -177.68
2009 10 07 -193.54
2009 10 08 -160.36
2009 10 09 -177.05
2009 10 10 -194.87
2009 10 11 -160.60
2009 10 12 -151.06
2009 10 13 -149.10
2009 10 14  -79.36
2009 10 15  -74.93
2009 10 16  -66.54
2009 10 17   -9.46
2009 10 18   -8.49
2009 10 19  -35.08
2009 10 20  -22.32
2009 10 21   45.15
2009 10 22   48.61
2009 10 23   86.37
2009 10 24   57.89
2009 10 25   69.49
2009 10 26  146.54
2009 10 27   62.00
2009 10 28  -37.73
2009 10 29    4.81
2009 10 30   46.20
2009 10 31   55.81
2009 11 01   51.53
2009 11 02   43.55
2009 11 03   13.73
2009 11 04   24.77
2009 11 05  211.24
2009 11 06  266.33
2009 11 07  224.04
2009 11 08  170.07
2009 11 09  102.20
2009 11 10   33.81
2009 11 11   -9.26
2009 11 12   55.71
2009 11 13   99.95
2009 11 14  200.67
2009 11 15  308.65
2009 11 16  284.01
2009 11 17  240.28
2009 11 18  253.76
2009 11 19  170.34
2009 11 20  149.84
2009 11 21  197.37
2009 11 22  164.41
2009 11 23  101.55
2009 11 24   12.70
2009 11 25   20.19
2009 11 26   53.14
2009 11 27   69.79
2009 11 28   74.99
2009 11 29   32.50
2009 11 30   -6.55
2009 12 01  -50.67
2009 12 02  -80.13
2009 12 03 -114.63
2009 12 04 -219.83
2009 12 05 -318.74
2009 12 06 -380.61
2009 12 07 -384.26
2009 12 08 -378.70
2009 12 09 -363.32
2009 12 10 -303.39
2009 12 11 -202.77
2009 12 12 -163.73
2009 12 13 -135.65
2009 12 14 -101.48
2009 12 15  -31.93
2009 12 16   37.53
2009 12 17   26.87
2009 12 18    6.41
2009 12 19  -20.43
2009 12 20  -81.45
2009 12 21  -98.00
2009 12 22 -137.62
2009 12 23 -161.48
2009 12 24 -182.19
2009 12 25 -167.76
2009 12 26 -145.01
2009 12 27 -188.65
2009 12 28 -204.75
2009 12 29 -128.14
2009 12 30  -91.15
2009 12 31  -75.25
2010 01 01   -9.52
2010 01 02    6.34
2010 01 03  -31.19
2010 01 04  -95.76
2010 01 05 -165.79
2010 01 06 -179.15
2010 01 07 -150.03
2010 01 08  -93.36
2010 01 09  -43.86
2010 01 10  -27.19
2010 01 11   26.98
2010 01 12   55.96
2010 01 13   46.89
2010 01 14   53.74
2010 01 15  168.12
2010 01 16  227.64
2010 01 17  193.52
2010 01 18  133.66
2010 01 19   88.03
2010 01 20   47.24
2010 01 21  -15.06
2010 01 22  -67.09
2010 01 23 -107.27
2010 01 24 -118.49
2010 01 25  -87.26
2010 01 26  -90.75
2010 01 27  -96.24
2010 01 28  -73.99
2010 01 29 -126.55
2010 01 30 -209.48
2010 01 31 -230.35
2010 02 01 -198.35
2010 02 02 -152.56
2010 02 03  -79.16
2010 02 04  -11.35
2010 02 05   30.59
2010 02 06   39.06
2010 02 07   21.11
2010 02 08   12.84
2010 02 09   63.97
2010 02 10   93.50
2010 02 11   99.89
2010 02 12   89.99
2010 02 13   22.91
2010 02 14   32.65
2010 02 15    1.08
2010 02 16  -25.98
2010 02 17 -155.72
2010 02 18 -233.34
2010 02 19 -269.03
2010 02 20 -285.54
2010 02 21 -228.97
2010 02 22 -175.82
2010 02 23  -35.91
2010 02 24  104.94
2010 02 25  164.66
2010 02 26  149.55
2010 02 27  142.94
2010 02 28  115.08
2010 03 01  111.14
2010 03 02   95.66
2010 03 03  111.51
2010 03 04  125.06
2010 03 05  108.34
2010 03 06   93.25
2010 03 07  114.98
2010 03 08  173.43
2010 03 09  215.80
2010 03 10  259.88
2010 03 11  252.36
2010 03 12  214.65
2010 03 13  208.68
2010 03 14  100.89
2010 03 15  -54.56
2010 03 16 -108.63
2010 03 17 -116.12
2010 03 18 -168.32
2010 03 19 -140.10
2010 03 20  -96.01
2010 03 21  -27.18
2010 03 22    1.79
2010 03 23   -0.22
2010 03 24   42.18
2010 03 25   56.83
2010 03 26   58.95
2010 03 27  125.89
2010 03 28  259.99
2010 03 29  338.90
2010 03 30  322.12
2010 03 31  206.76
2010 04 01  225.14
2010 04 02  254.07
2010 04 03  232.12
2010 04 04  139.68
2010 04 05  126.86
2010 04 06  138.16
2010 04 07  126.14
2010 04 08   99.70
2010 04 09    0.95
2010 04 10 -110.55
2010 04 11 -147.11
2010 04 12 -130.98
2010 04 13  -85.24
2010 04 14  -91.45
2010 04 15 -169.14
2010 04 16 -146.76
2010 04 17  -30.98
2010 04 18   35.33
2010 04 19   18.13
2010 04 20   12.35
2010 04 21   47.56
2010 04 22   54.70
2010 04 23   41.18
2010 04 24   63.95
2010 04 25   71.92
2010 04 26  109.92
2010 04 27  145.50
2010 04 28  139.41
2010 04 29   72.44
2010 04 30   65.60
2010 05 01   89.87
2010 05 02   72.14
2010 05 03   42.25
2010 05 04  -48.54
2010 05 05 -100.25
2010 05 06  -90.30
2010 05 07  -56.19
2010 05 08   -6.29
2010 05 09   63.88
2010 05 10  111.04
2010 05 11  127.99
2010 05 12  123.02
2010 05 13   89.36
2010 05 14   84.46
2010 05 15   82.72
2010 05 16   67.00
2010 05 17   65.49
2010 05 18   96.92
2010 05 19  108.18
2010 05 20  121.36
2010 05 21   72.16
2010 05 22   31.77
2010 05 23   73.09
2010 05 24  124.46
2010 05 25   63.66
2010 05 26  -33.23
2010 05 27  -96.51
2010 05 28  -84.54
2010 05 29  -63.66
2010 05 30   -8.07
2010 05 31   48.75
2010 06 01  117.63
2010 06 02  161.14
2010 06 03  165.55
2010 06 04  104.70
2010 06 05   56.10
2010 06 06   39.61
2010 06 07   42.70
2010 06 08   27.96
2010 06 09   52.82
2010 06 10   56.78
2010 06 11   54.90
2010 06 12   76.42
2010 06 13   53.24
2010 06 14   32.39
2010 06 15   17.58
2010 06 16   21.79
2010 06 17   14.67
2010 06 18   -4.08
2010 06 19   10.22
2010 06 20   13.44
2010 06 21    3.41
2010 06 22   27.71
2010 06 23   42.55
2010 06 24   58.41
2010 06 25   84.48
2010 06 26   89.70
2010 06 27   73.90
2010 06 28   43.73
2010 06 29   57.83
2010 06 30   97.18
2010 07 01   87.24
2010 07 02   82.72
2010 07 03   97.17
2010 07 04  119.15
2010 07 05   88.23
2010 07 06   25.56
2010 07 07   -8.97
2010 07 08  -36.79
2010 07 09  -28.72
2010 07 10   16.17
2010 07 11   47.40
2010 07 12   30.02
2010 07 13   -5.59
2010 07 14    7.70
2010 07 15   11.68
2010 07 16    3.38
2010 07 17  -14.31
2010 07 18  -28.13
2010 07 19  -46.03
2010 07 20  -52.38
2010 07 21  -14.74
2010 07 22   53.68
2010 07 23   84.96
2010 07 24   39.67
2010 07 25   -8.21
2010 07 26  -12.59
2010 07 27  -25.46
2010 07 28  -25.63
2010 07 29  -10.32
2010 07 30   -2.24
2010 07 31  -15.58
2010 08 01  -59.58
2010 08 02 -113.81
2010 08 03 -116.67
2010 08 04  -95.07
2010 08 05  -37.13
2010 08 06   18.50
2010 08 07   41.05
2010 08 08   45.43
2010 08 09   40.85
2010 08 10   17.93
2010 08 11   -4.66
2010 08 12  -29.89
2010 08 13  -66.23
2010 08 14  -87.25
2010 08 15  -56.39
2010 08 16  -47.64
2010 08 17  -39.40
2010 08 18   -3.14
2010 08 19   10.10
2010 08 20   19.73
2010 08 21   25.12
2010 08 22   37.49
2010 08 23    0.88
2010 08 24  -48.62
2010 08 25  -57.93
2010 08 26  -25.63
2010 08 27   16.47
2010 08 28    4.05
2010 08 29    0.65
2010 08 30   15.28
2010 08 31   52.84
2010 09 01   61.19
2010 09 02   -3.01
2010 09 03  -37.08
2010 09 04  -41.66
2010 09 05  -48.63
2010 09 06  -58.98
2010 09 07 -104.44
2010 09 08 -104.17
2010 09 09  -65.35
2010 09 10  -58.08
2010 09 11  -84.95
2010 09 12 -114.78
2010 09 13 -120.58
2010 09 14 -101.71
2010 09 15  -86.80
2010 09 16 -107.55
2010 09 17 -172.63
2010 09 18 -203.63
2010 09 19 -154.82
2010 09 20  -67.71
2010 09 21  -12.99
2010 09 22   30.85
2010 09 23   93.40
2010 09 24  146.77
2010 09 25  174.10
2010 09 26  152.88
2010 09 27   97.60
2010 09 28  118.94
2010 09 29   85.49
2010 09 30   21.98
2010 10 01   33.12
2010 10 02   92.83
2010 10 03  120.79
2010 10 04  110.12
2010 10 05  103.90
2010 10 06   82.15
2010 10 07   47.72
2010 10 08   81.57
2010 10 09  116.40
2010 10 10  157.82
2010 10 11  124.34
2010 10 12   76.04
2010 10 13   18.70
2010 10 14   14.54
2010 10 15   10.68
2010 10 16  -13.76
2010 10 17   37.79
2010 10 18   71.68
2010 10 19  -26.78
2010 10 20  -55.40
2010 10 21  -15.98
2010 10 22   19.27
2010 10 23   69.38
2010 10 24  141.08
2010 10 25  154.39
2010 10 26  119.71
2010 10 27    8.84
2010 10 28   -9.16
2010 10 29  136.25
2010 10 30  191.75
2010 10 31  258.48
2010 11 01  270.71
2010 11 02  163.14
2010 11 03  -39.81
2010 11 04   -2.32
2010 11 05  119.21
2010 11 06  132.31
2010 11 07  107.70
2010 11 08   86.60
2010 11 09   77.89
2010 11 10   38.80
2010 11 11   41.52
2010 11 12    6.70
2010 11 13  -22.26
2010 11 14  -45.26
2010 11 15  -54.20
2010 11 16  -43.28
2010 11 17 -104.56
2010 11 18 -176.70
2010 11 19 -253.04
2010 11 20 -284.06
2010 11 21 -250.82
2010 11 22 -228.33
2010 11 23 -232.62
2010 11 24 -133.03
2010 11 25   19.45
2010 11 26   33.18
2010 11 27   -7.15
2010 11 28    3.72
2010 11 29    3.84
2010 11 30    9.84
2010 12 01  -34.81
2010 12 02  -51.59
2010 12 03  -84.04
2010 12 04  -79.20
2010 12 05  -98.38
2010 12 06 -159.49
2010 12 07 -142.70
2010 12 08  -53.29
2010 12 09  -17.36
2010 12 10    6.06
2010 12 11  -31.16
2010 12 12  -25.60
2010 12 13   33.57
2010 12 14  119.33
2010 12 15   90.08
2010 12 16  -70.21
2010 12 17 -150.08
2010 12 18 -196.77
2010 12 19 -177.54
2010 12 20  -83.55
2010 12 21   -2.73
2010 12 22   28.01
2010 12 23  -23.96
2010 12 24  -36.85
2010 12 25   34.10
2010 12 26  118.46
2010 12 27  186.87
2010 12 28  223.08
2010 12 29  180.54
2010 12 30   98.08
2010 12 31   26.14
2011 01 01  -56.41
2011 01 02  -83.55
2011 01 03  -77.58
2011 01 04    9.33
2011 01 05   44.52
2011 01 06  -18.58
2011 01 07 -144.18
2011 01 08 -232.92
2011 01 09 -312.95
2011 01 10 -327.61
2011 01 11 -275.91
2011 01 12 -153.02
2011 01 13   -4.32
2011 01 14   65.96
2011 01 15   61.19
2011 01 16   86.51
2011 01 17   55.25
2011 01 18   11.90
2011 01 19   16.82
2011 01 20   96.73
2011 01 21  135.85
2011 01 22  125.37
2011 01 23  123.47
2011 01 24  157.77
2011 01 25  107.01
2011 01 26   28.29
2011 01 27  -30.70
2011 01 28  -61.24
2011 01 29 -113.03
2011 01 30 -142.52
2011 01 31 -162.03
2011 02 01 -125.55
2011 02 02  -48.65
2011 02 03   34.83
2011 02 04   24.00
2011 02 05  -47.57
2011 02 06  -72.78
2011 02 07  -80.59
2011 02 08  -94.47
2011 02 09  -50.98
2011 02 10   -6.49
2011 02 11   64.65
2011 02 12  170.72
2011 02 13  254.66
2011 02 14  157.39
2011 02 15  109.16
2011 02 16  115.09
2011 02 17   10.95
2011 02 18  -77.05
2011 02 19  -67.42
2011 02 20  -82.11
2011 02 21  -89.50
2011 02 22  -74.74
2011 02 23 -109.24
2011 02 24 -162.79
2011 02 25 -187.28
2011 02 26  -50.05
2011 02 27   58.16
2011 02 28   35.84
2011 03 01  -16.35
2011 03 02   21.27
2011 03 03  100.68
2011 03 04   76.56
2011 03 05   50.43
2011 03 06   31.27
2011 03 07   55.10
2011 03 08   75.95
2011 03 09   42.73
2011 03 10   67.03
2011 03 11   45.74
2011 03 12   48.41
2011 03 13   66.42
2011 03 14  126.75
2011 03 15  128.83
2011 03 16  147.84
2011 03 17   89.88
2011 03 18   -3.41
2011 03 19   -6.46
2011 03 20  -50.36
2011 03 21   11.26
2011 03 22   65.51
2011 03 23   59.65
2011 03 24   48.78
2011 03 25   33.45
2011 03 26   28.70
2011 03 27   22.89
2011 03 28   19.43
2011 03 29   71.20
2011 03 30  162.99
2011 03 31  154.92
2011 04 01   86.29
2011 04 02   48.77
2011 04 03  104.07
2011 04 04  105.51
2011 04 05   82.05
2011 04 06   49.68
2011 04 07    4.94
2011 04 08   39.35
2011 04 09  100.39
2011 04 10  124.36
2011 04 11  137.08
2011 04 12  111.15
2011 04 13   90.12
2011 04 14   71.42
2011 04 15   51.00
2011 04 16   19.27
2011 04 17  -41.89
2011 04 18  -50.82
2011 04 19  -13.51
2011 04 20   34.52
2011 04 21  101.12
2011 04 22  111.81
2011 04 23   98.57
2011 04 24  138.72
2011 04 25  175.23
2011 04 26  139.12
2011 04 27   73.75
2011 04 28   44.50
2011 04 29   22.14
2011 04 30   -9.42
2011 05 01    1.40
2011 05 02   49.18
2011 05 03   32.06
2011 05 04    3.75
2011 05 05   32.51
2011 05 06   53.28
2011 05 07   34.55
2011 05 08   26.56
2011 05 09   49.56
2011 05 10   70.92
2011 05 11   44.85
2011 05 12  -27.92
2011 05 13  -93.26
2011 05 14 -103.68
2011 05 15  -28.74
2011 05 16   64.41
2011 05 17   76.57
2011 05 18   22.48
2011 05 19  -28.52
2011 05 20  -12.11
2011 05 21   10.67
2011 05 22   13.16
2011 05 23   -3.10
2011 05 24  -19.32
2011 05 25    5.70
2011 05 26   67.20
2011 05 27   45.64
2011 05 28  -21.54
2011 05 29  -47.13
2011 05 30  -81.67
2011 05 31 -125.05
2011 06 01  -47.61
2011 06 02    2.57
2011 06 03  -12.55
2011 06 04  -40.88
2011 06 05  -67.73
2011 06 06  -91.53
2011 06 07  -91.14
2011 06 08  -71.05
2011 06 09  -41.54
2011 06 10   11.94
2011 06 11   75.20
2011 06 12  108.45
2011 06 13  118.85
2011 06 14  108.80
2011 06 15   72.39
2011 06 16   35.31
2011 06 17   29.90
2011 06 18   26.55
2011 06 19    2.89
2011 06 20  -20.59
2011 06 21  -33.36
2011 06 22   -0.92
2011 06 23    9.41
2011 06 24  -10.55
2011 06 25  -34.34
2011 06 26  -40.09
2011 06 27  -16.00
2011 06 28   86.73
2011 06 29  213.30
2011 06 30  255.98
2011 07 01  231.20
2011 07 02  197.04
2011 07 03  175.79
2011 07 04  153.70
2011 07 05   98.83
2011 07 06   51.61
2011 07 07   21.36
2011 07 08   33.89
2011 07 09   19.70
2011 07 10   -9.57
2011 07 11  -56.82
2011 07 12  -73.19
2011 07 13  -36.36
2011 07 14   19.54
2011 07 15   52.15
2011 07 16   47.45
2011 07 17   13.12
2011 07 18   11.36
2011 07 19   41.85
2011 07 20   26.35
2011 07 21   -0.82
2011 07 22   -0.35
2011 07 23   -7.20
2011 07 24   29.75
2011 07 25   49.95
2011 07 26   60.76
2011 07 27   65.09
2011 07 28   45.59
2011 07 29   38.36
2011 07 30   44.11
2011 07 31   69.74
2011 08 01  102.55
2011 08 02  105.49
2011 08 03   90.34
2011 08 04  100.78
2011 08 05   72.30
2011 08 06   28.80
2011 08 07    7.95
2011 08 08   10.71
2011 08 09    7.50
2011 08 10   -1.53
2011 08 11  -16.47
2011 08 12  -33.73
2011 08 13   -8.48
2011 08 14   53.64
2011 08 15   73.59
2011 08 16   66.64
2011 08 17   44.85
2011 08 18   27.00
2011 08 19   56.34
2011 08 20   96.93
2011 08 21  130.83
2011 08 22  161.14
2011 08 23  125.88
2011 08 24   82.61
2011 08 25   70.67
2011 08 26   71.70
2011 08 27   64.96
2011 08 28    4.60
2011 08 29   -8.76
2011 08 30  -23.32
2011 08 31  -20.26
2011 09 01    5.23
2011 09 02   -1.03
2011 09 03   14.06
2011 09 04   89.66
2011 09 05  180.56
2011 09 06  182.84
2011 09 07   97.31
2011 09 08   -6.00
2011 09 09  -16.64
2011 09 10  -54.02
2011 09 11 -105.91
2011 09 12  -76.49
2011 09 13  -19.79
2011 09 14   28.80
2011 09 15   74.89
2011 09 16   81.88
2011 09 17  106.46
2011 09 18  116.47
2011 09 19  106.53
2011 09 20  130.16
2011 09 21  167.02
2011 09 22  182.58
2011 09 23  152.50
2011 09 24   90.38
2011 09 25  121.31
2011 09 26  164.45
2011 09 27  201.30
2011 09 28   90.70
2011 09 29   39.64
2011 09 30  111.82
2011 10 01  116.25
2011 10 02  104.61
2011 10 03  129.65
2011 10 04  162.90
2011 10 05  123.59
2011 10 06   91.47
2011 10 07   59.37
2011 10 08   54.68
2011 10 09  103.01
2011 10 10  121.20
2011 10 11  107.60
2011 10 12   13.73
2011 10 13  -37.59
2011 10 14  -48.27
2011 10 15  -19.53
2011 10 16  -24.08
2011 10 17  -32.20
2011 10 18  -49.04
2011 10 19   12.21
2011 10 20   63.91
2011 10 21  109.24
2011 10 22   96.22
2011 10 23   45.74
2011 10 24   25.94
2011 10 25   34.68
2011 10 26   96.27
2011 10 27   81.91
2011 10 28  104.94
2011 10 29  127.14
2011 10 30  118.18
2011 10 31  102.91
2011 11 01   99.02
2011 11 02   85.10
2011 11 03   -4.57
2011 11 04   24.84
2011 11 05   37.61
2011 11 06   51.57
2011 11 07   90.46
2011 11 08   53.35
2011 11 09  -64.95
2011 11 10  -44.50
2011 11 11  -37.82
2011 11 12   74.15
2011 11 13  157.59
2011 11 14  139.25
2011 11 15   94.82
2011 11 16   73.60
2011 11 17   34.02
2011 11 18  -14.90
2011 11 19   10.60
2011 11 20  124.19
2011 11 21  261.24
2011 11 22  282.34
2011 11 23  250.18
2011 11 24  268.18
2011 11 25  225.94
2011 11 26  120.64
2011 11 27  159.76
2011 11 28  146.38
2011 11 29   65.11
2011 11 30  -55.01
2011 12 01  -92.27
2011 12 02 -119.69
2011 12 03 -165.19
2011 12 04 -192.42
2011 12 05 -146.13
2011 12 06 -133.93
2011 12 07 -185.55
2011 12 08 -187.77
2011 12 09 -151.22
2011 12 10 -120.71
2011 12 11 -105.97
2011 12 12  -51.78
2011 12 13  -36.96
2011 12 14  -31.58
2011 12 15  -29.13
2011 12 16  -16.83
2011 12 17  -13.02
2011 12 18   13.09
2011 12 19   36.58
2011 12 20   32.07
2011 12 21    0.51
2011 12 22   43.95
2011 12 23  136.44
2011 12 24  140.91
2011 12 25  176.44
2011 12 26  201.77
2011 12 27  240.01
2011 12 28  285.40
2011 12 29  312.17
2011 12 30  295.28
2011 12 31  219.60
2012 01 01   84.59
2012 01 02  138.16
2012 01 03  185.89
2012 01 04  227.70
2012 01 05  238.32
2012 01 06  154.50
2012 01 07  120.19
2012 01 08  148.85
2012 01 09  132.03
2012 01 10   73.09
2012 01 11    5.42
2012 01 12  -24.12
2012 01 13  -19.58
2012 01 14  -35.73
2012 01 15  -91.32
2012 01 16  -67.27
2012 01 17  -17.36
2012 01 18   42.37
2012 01 19   96.26
2012 01 20  183.13
2012 01 21  283.34
2012 01 22  352.92
2012 01 23  346.12
2012 01 24  350.30
2012 01 25  377.53
2012 01 26  299.82
2012 01 27  161.38
2012 01 28  122.99
2012 01 29  188.27
2012 01 30  228.25
2012 01 31  206.10
2012 02 01  141.47
2012 02 02   92.39
2012 02 03   31.59
2012 02 04  -65.88
2012 02 05 -199.74
2012 02 06 -290.38
2012 02 07 -264.90
2012 02 08 -157.26
2012 02 09  -69.10
2012 02 10   18.72
2012 02 11   69.32
2012 02 12  127.33
2012 02 13  106.15
2012 02 14   72.09
2012 02 15   50.16
2012 02 16   86.61
2012 02 17  100.65
2012 02 18  125.27
2012 02 19  113.75
2012 02 20  132.17
2012 02 21  210.10
2012 02 22  197.75
2012 02 23  109.32
2012 02 24   87.68
2012 02 25  109.55
2012 02 26   78.13
2012 02 27  102.74
2012 02 28  142.56
2012 02 29  147.72
2012 03 01  152.90
2012 03 02  157.65
2012 03 03  138.96
2012 03 04   94.78
2012 03 05   36.57
2012 03 06   40.84
2012 03 07   66.59
2012 03 08   44.09
2012 03 09  140.48
2012 03 10  204.72
2012 03 11  214.47
2012 03 12  178.15
2012 03 13  219.33
2012 03 14  235.56
2012 03 15  236.15
2012 03 16  255.73
2012 03 17  218.04
2012 03 18  204.52
2012 03 19  225.88
2012 03 20  235.74
2012 03 21  188.81
2012 03 22   84.01
2012 03 23  -14.87
2012 03 24  -32.59
2012 03 25   -3.11
2012 03 26   19.81
2012 03 27   31.65
2012 03 28   98.05
2012 03 29  168.95
2012 03 30  194.09
2012 03 31  160.41
2012 04 01  148.20
2012 04 02  106.03
2012 04 03   65.71
2012 04 04   14.21
2012 04 05  -83.96
2012 04 06 -124.10
2012 04 07 -171.67
2012 04 08 -214.82
2012 04 09 -185.09
2012 04 10 -121.76
2012 04 11  -60.54
2012 04 12  -61.66
2012 04 13  -88.61
2012 04 14  -67.29
2012 04 15   -9.13
2012 04 16   28.69
2012 04 17   43.52
2012 04 18   54.25
2012 04 19   57.14
2012 04 20   38.75
2012 04 21  -54.40
2012 04 22  -80.46
2012 04 23  -30.96
2012 04 24   30.26
2012 04 25    8.36
2012 04 26    5.41
2012 04 27   55.97
2012 04 28  113.74
2012 04 29  148.69
2012 04 30  162.87
2012 05 01  155.13
2012 05 02  141.03
2012 05 03  110.69
2012 05 04  119.94
2012 05 05   95.71
2012 05 06   75.84
2012 05 07   76.82
2012 05 08  110.95
2012 05 09  136.99
2012 05 10  163.28
2012 05 11  129.62
2012 05 12  101.10
2012 05 13   55.82
2012 05 14  -13.23
2012 05 15  -12.41
2012 05 16  -10.11
2012 05 17   13.51
2012 05 18   84.12
2012 05 19  111.69
2012 05 20  106.76
2012 05 21  125.36
2012 05 22  165.24
2012 05 23  137.33
2012 05 24   67.00
2012 05 25    5.73
2012 05 26   46.92
2012 05 27   72.60
2012 05 28   43.30
2012 05 29   79.28
2012 05 30  131.73
2012 05 31  146.15
2012 06 01  116.23
2012 06 02   97.52
2012 06 03   27.89
2012 06 04  -13.92
2012 06 05   11.66
2012 06 06    9.86
2012 06 07   -4.77
2012 06 08  -20.05
2012 06 09  -69.09
2012 06 10  -68.86
2012 06 11  -47.71
2012 06 12  -33.70
2012 06 13  -43.11
2012 06 14  -36.68
2012 06 15   24.06
2012 06 16  129.50
2012 06 17  138.14
2012 06 18   47.63
2012 06 19  -21.73
2012 06 20  -34.22
2012 06 21  -35.58
2012 06 22  -53.50
2012 06 23 -100.78
2012 06 24  -96.89
2012 06 25  -16.62
2012 06 26   41.00
2012 06 27   51.47
2012 06 28   42.07
2012 06 29   49.11
2012 06 30   71.06
2012 07 01  101.53
2012 07 02  107.05
2012 07 03  127.35
2012 07 04  126.13
2012 07 05   93.46
2012 07 06   65.45
2012 07 07   41.26
2012 07 08   11.34
2012 07 09   22.29
2012 07 10   39.70
2012 07 11   39.01
2012 07 12   31.10
2012 07 13   -1.43
2012 07 14  -17.51
2012 07 15  -17.19
2012 07 16  -45.13
2012 07 17  -47.40
2012 07 18  -30.38
2012 07 19  -52.77
2012 07 20  -50.62
2012 07 21  -19.76
2012 07 22  -34.54
2012 07 23  -61.14
2012 07 24  -67.08
2012 07 25  -88.18
2012 07 26  -72.33
2012 07 27  -45.06
2012 07 28  -30.97
2012 07 29  -26.12
2012 07 30   11.03
2012 07 31   18.23
2012 08 01   16.34
2012 08 02  -10.47
2012 08 03  -19.42
2012 08 04  -23.25
2012 08 05   -7.55
2012 08 06  -28.38
2012 08 07  -23.13
2012 08 08   18.46
2012 08 09   52.27
2012 08 10   35.36
2012 08 11   20.91
2012 08 12    9.74
2012 08 13   28.21
2012 08 14    2.33
2012 08 15  -62.00
2012 08 16  -49.70
2012 08 17  -22.77
2012 08 18  -20.42
2012 08 19  -32.80
2012 08 20  -26.91
2012 08 21  -28.18
2012 08 22  -47.21
2012 08 23  -37.55
2012 08 24  -34.72
2012 08 25  -48.89
2012 08 26  -66.53
2012 08 27  -66.18
2012 08 28  -39.82
2012 08 29  -19.68
2012 08 30  -21.12
2012 08 31  -19.83
2012 09 01   16.18
2012 09 02   51.29
2012 09 03   26.29
2012 09 04  -11.94
2012 09 05  -13.70
2012 09 06  -14.66
2012 09 07  -43.19
2012 09 08   -8.88
2012 09 09   59.89
2012 09 10   75.12
2012 09 11   59.41
2012 09 12   32.78
2012 09 13   40.05
2012 09 14   84.53
2012 09 15   19.50
2012 09 16  -44.25
2012 09 17  -61.37
2012 09 18  -95.29
2012 09 19 -132.97
2012 09 20 -140.43
2012 09 21 -121.03
2012 09 22 -107.94
2012 09 23 -102.65
2012 09 24  -83.60
2012 09 25  -20.17
2012 09 26   78.99
2012 09 27  141.66
2012 09 28  119.12
2012 09 29   90.32
2012 09 30   43.54
2012 10 01  -14.30
2012 10 02  -90.92
2012 10 03 -165.35
2012 10 04 -202.88
2012 10 05 -259.44
2012 10 06 -302.76
2012 10 07 -326.26
2012 10 08 -345.32
2012 10 09 -300.68
2012 10 10 -232.97
2012 10 11 -134.59
2012 10 12   45.51
2012 10 13  161.73
2012 10 14  201.09
2012 10 15  232.32
2012 10 16  193.18
2012 10 17   70.80
2012 10 18   38.25
2012 10 19   65.70
2012 10 20   18.12
2012 10 21  -72.63
2012 10 22 -135.32
2012 10 23 -154.45
2012 10 24 -170.06
2012 10 25 -160.52
2012 10 26 -136.96
2012 10 27  -74.01
2012 10 28  -51.39
2012 10 29  -30.26
2012 10 30   11.63
2012 10 31   43.59
2012 11 01   62.63
2012 11 02   75.83
2012 11 03  103.89
2012 11 04   53.24
2012 11 05   34.98
2012 11 06  -34.78
2012 11 07  -68.96
2012 11 08 -144.31
2012 11 09 -154.55
2012 11 10  -90.41
2012 11 11  -52.44
2012 11 12 -104.81
2012 11 13 -154.82
2012 11 14  -54.41
2012 11 15   -4.05
2012 11 16    3.62
2012 11 17   57.89
2012 11 18  169.60
2012 11 19  131.39
2012 11 20   57.94
2012 11 21   34.04
2012 11 22  -25.12
2012 11 23  -30.19
2012 11 24  -68.02
2012 11 25 -118.35
2012 11 26 -155.94
2012 11 27 -152.15
2012 11 28 -118.27
2012 11 29  -57.94
2012 11 30    4.59
2012 12 01   33.02
2012 12 02   99.95
2012 12 03  123.38
2012 12 04  139.57
2012 12 05  183.66
2012 12 06  142.21
2012 12 07   52.73
2012 12 08  -43.22
2012 12 09  -34.44
2012 12 10  -33.14
2012 12 11  -40.84
2012 12 12  -68.46
2012 12 13   14.03
2012 12 14   71.60
2012 12 15  147.29
2012 12 16  189.79
2012 12 17  167.82
2012 12 18  127.23
2012 12 19  116.12
2012 12 20  -32.53
2012 12 21 -122.60
2012 12 22  -83.39
2012 12 23    9.55
2012 12 24   89.80
2012 12 25   83.97
2012 12 26   29.27
2012 12 27   21.82
2012 12 28  -12.47
2012 12 29  -47.82
2012 12 30  -17.93
2012 12 31  -13.64
2013 01 01  -33.81
2013 01 02   24.95
2013 01 03   46.65
2013 01 04   17.91
2013 01 05   31.11
2013 01 06  100.74
2013 01 07  158.45
2013 01 08  119.23
2013 01 09   33.48
2013 01 10  -44.63
2013 01 11  -80.40
2013 01 12 -130.70
2013 01 13 -157.14
2013 01 14 -153.56
2013 01 15 -126.42
2013 01 16  -97.91
2013 01 17  -87.23
2013 01 18 -125.69
2013 01 19 -208.60
2013 01 20 -228.29
2013 01 21 -179.25
2013 01 22  -85.88
2013 01 23    8.89
2013 01 24   92.33
2013 01 25  108.80
2013 01 26   77.79
2013 01 27   26.03
2013 01 28  -27.58
2013 01 29  -63.78
2013 01 30  -89.93
2013 01 31 -101.45
2013 02 01 -126.62
2013 02 02  -88.57
2013 02 03   61.32
2013 02 04  115.23
2013 02 05  106.34
2013 02 06  100.21
2013 02 07   84.14
2013 02 08   73.95
2013 02 09   15.15
2013 02 10   22.46
2013 02 11   51.56
2013 02 12   80.90
2013 02 13   47.55
2013 02 14    8.58
2013 02 15   10.21
2013 02 16   14.87
2013 02 17   24.68
2013 02 18    8.74
2013 02 19  -11.11
2013 02 20   84.12
2013 02 21  163.86
2013 02 22  215.93
2013 02 23  209.28
2013 02 24  190.95
2013 02 25  169.01
2013 02 26  124.57
2013 02 27  136.24
2013 02 28  146.05
2013 03 01  115.77
2013 03 02   74.67
2013 03 03    7.28
2013 03 04  -91.58
2013 03 05  -88.57
2013 03 06  -49.19
2013 03 07  -62.12
2013 03 08  -83.16
2013 03 09 -113.96
2013 03 10 -130.58
2013 03 11 -163.34
2013 03 12 -106.69
2013 03 13  -26.43
2013 03 14   -8.11
2013 03 15  -25.86
2013 03 16  -29.04
2013 03 17  -18.73
2013 03 18   21.39
2013 03 19   56.30
2013 03 20   97.78
2013 03 21  110.02
2013 03 22   24.99
2013 03 23   20.55
2013 03 24   35.53
2013 03 25    5.27
2013 03 26  -49.98
2013 03 27 -112.02
2013 03 28 -135.77
2013 03 29 -151.85
2013 03 30 -205.21
2013 03 31 -229.35
2013 04 01 -188.01
2013 04 02 -129.10
2013 04 03  -86.36
2013 04 04  -59.95
2013 04 05   35.23
2013 04 06  122.59
2013 04 07  115.94
2013 04 08   70.11
2013 04 09  125.42
2013 04 10  180.45
2013 04 11  162.21
2013 04 12  104.48
2013 04 13    6.58
2013 04 14  -90.41
2013 04 15 -148.06
2013 04 16 -153.85
2013 04 17 -100.65
2013 04 18  -56.83
2013 04 19  -37.94
2013 04 20  -60.98
2013 04 21  -90.96
2013 04 22 -149.86
2013 04 23 -214.55
2013 04 24 -206.95
2013 04 25  -70.12
2013 04 26   46.15
2013 04 27  132.98
2013 04 28  116.79
2013 04 29   65.93
2013 04 30   21.30
2013 05 01   59.88
2013 05 02   36.93
2013 05 03  -55.35
2013 05 04 -133.69
2013 05 05 -135.02
2013 05 06 -123.84
2013 05 07 -123.62
2013 05 08 -123.53
2013 05 09 -146.80
2013 05 10 -150.09
2013 05 11  -74.14
2013 05 12   54.42
2013 05 13  157.77
2013 05 14  184.51
2013 05 15  159.79
2013 05 16  157.43
2013 05 17  146.36
2013 05 18  116.97
2013 05 19   15.38
2013 05 20  -70.86
2013 05 21  -78.84
2013 05 22  -73.42
2013 05 23  -78.79
2013 05 24  -66.27
2013 05 25  -57.38
2013 05 26  -17.80
2013 05 27   26.05
2013 05 28   59.15
2013 05 29   28.25
2013 05 30  -23.04
2013 05 31  -70.30
2013 06 01  -69.14
2013 06 02  -68.62
2013 06 03  -39.16
2013 06 04   11.07
2013 06 05   31.25
2013 06 06   38.77
2013 06 07   53.62
2013 06 08   -4.14
2013 06 09  -58.27
2013 06 10  -96.04
2013 06 11  -98.34
2013 06 12  -82.67
2013 06 13  -61.83
2013 06 14  -91.38
2013 06 15 -159.11
2013 06 16 -173.02
2013 06 17 -156.32
2013 06 18 -118.45
2013 06 19  -90.25
2013 06 20  -70.86
2013 06 21  -65.24
2013 06 22  -15.30
2013 06 23   72.62
2013 06 24   70.19
2013 06 25   28.03
2013 06 26  -14.17
2013 06 27  -82.75
2013 06 28 -111.03
2013 06 29  -97.07
2013 06 30  -71.70
2013 07 01  -14.80
2013 07 02   47.59
2013 07 03   38.87
2013 07 04   24.21
2013 07 05   16.18
2013 07 06    3.72
2013 07 07   23.20
2013 07 08   55.42
2013 07 09   49.03
2013 07 10   16.55
2013 07 11   14.90
2013 07 12   -9.21
2013 07 13  -60.79
2013 07 14 -106.54
2013 07 15 -119.96
2013 07 16 -128.16
2013 07 17 -122.24
2013 07 18 -131.02
2013 07 19 -155.94
2013 07 20 -129.68
2013 07 21  -97.21
2013 07 22  -90.43
2013 07 23 -103.80
2013 07 24 -117.96
2013 07 25 -111.10
2013 07 26  -97.42
2013 07 27  -87.89
2013 07 28 -100.95
2013 07 29 -104.31
2013 07 30 -102.56
2013 07 31  -82.51
2013 08 01  -44.81
2013 08 02  -21.31
2013 08 03  -13.00
2013 08 04  -24.59
2013 08 05  -22.13
2013 08 06  -30.41
2013 08 07  -41.22
2013 08 08  -27.02
2013 08 09  -19.23
2013 08 10  -23.50
2013 08 11  -59.65
2013 08 12  -82.94
2013 08 13  -54.03
2013 08 14   -3.17
2013 08 15   36.86
2013 08 16   74.92
2013 08 17  117.49
2013 08 18  135.80
2013 08 19  101.54
2013 08 20   13.24
2013 08 21  -46.98
2013 08 22  -35.60
2013 08 23  -13.34
2013 08 24    6.92
2013 08 25    3.21
2013 08 26   23.14
2013 08 27   43.72
2013 08 28   38.77
2013 08 29   35.60
2013 08 30    5.69
2013 08 31  -44.91
2013 09 01  -46.02
2013 09 02  -17.38
2013 09 03   -7.51
2013 09 04   17.07
2013 09 05   13.34
2013 09 06  -24.03
2013 09 07  -32.57
2013 09 08   -9.65
2013 09 09  -25.68
2013 09 10  -48.81
2013 09 11  -57.88
2013 09 12  -46.66
2013 09 13  -62.39
2013 09 14  -85.39
2013 09 15  -51.72
2013 09 16    7.27
2013 09 17   50.70
2013 09 18   41.39
2013 09 19   43.58
2013 09 20  104.52
2013 09 21  185.43
2013 09 22  217.02
2013 09 23  145.94
2013 09 24   29.73
2013 09 25  -24.79
2013 09 26  -29.96
2013 09 27   94.46
2013 09 28  216.76
2013 09 29  217.83
2013 09 30  143.60
2013 10 01   76.36
2013 10 02   50.51
2013 10 03   56.17
2013 10 04   49.72
2013 10 05   12.92
2013 10 06    5.47
2013 10 07   19.78
2013 10 08  -20.75
2013 10 09   11.03
2013 10 10    0.16
2013 10 11  -15.74
2013 10 12  -49.35
2013 10 13  -81.33
2013 10 14 -130.63
2013 10 15 -185.33
2013 10 16 -237.20
2013 10 17 -244.57
2013 10 18 -219.14
2013 10 19 -171.31
2013 10 20 -168.38
2013 10 21 -163.26
2013 10 22 -188.62
2013 10 23 -167.04
2013 10 24 -130.54
2013 10 25 -126.53
2013 10 26 -174.08
2013 10 27 -233.29
2013 10 28 -192.68
2013 10 29  -68.03
2013 10 30   43.01
2013 10 31   55.59
2013 11 01  -25.95
2013 11 02  -40.48
2013 11 03  -29.66
2013 11 04  -19.14
2013 11 05  -10.93
2013 11 06  -72.47
2013 11 07  -47.28
2013 11 08    4.04
2013 11 09 -120.66
2013 11 10 -182.27
2013 11 11 -166.82
2013 11 12 -179.49
2013 11 13 -227.51
2013 11 14 -195.38
2013 11 15  -90.38
2013 11 16  -20.62
2013 11 17   35.38
2013 11 18   57.74
2013 11 19  101.91
2013 11 20   86.78
2013 11 21  -12.38
2013 11 22  -95.27
2013 11 23 -115.60
2013 11 24 -164.46
2013 11 25 -160.94
2013 11 26 -128.43
2013 11 27 -134.27
2013 11 28 -123.01
2013 11 29  -81.53
2013 11 30  -66.86
2013 12 01  -77.72
2013 12 02 -193.56
2013 12 03 -314.03
2013 12 04 -301.28
2013 12 05 -272.90
2013 12 06 -293.90
2013 12 07 -275.07
2013 12 08 -259.23
2013 12 09 -252.37
2013 12 10 -200.19
2013 12 11 -109.29
2013 12 12  -48.65
2013 12 13   -9.17
2013 12 14   36.18
2013 12 15   33.17
2013 12 16  -29.21
2013 12 17  -19.16
2013 12 18  -30.09
2013 12 19  -76.43
2013 12 20  -69.80
2013 12 21  -65.13
2013 12 22  -41.74
2013 12 23  -12.45
2013 12 24  -41.04
2013 12 25  -33.29
2013 12 26  -29.29
2013 12 27  -16.06
2013 12 28  -73.27
2013 12 29  -66.04
2013 12 30  -17.65
2013 12 31   12.31
2014 01 01   -4.50
2014 01 02  -13.17
2014 01 03  -86.98
2014 01 04 -164.71
2014 01 05 -178.08
2014 01 06 -137.75
2014 01 07  -29.04
2014 01 08  104.72
2014 01 09  194.62
2014 01 10  201.44
2014 01 11  267.30
2014 01 12  279.43
2014 01 13  197.69
2014 01 14  106.50
2014 01 15   19.32
2014 01 16 -115.04
2014 01 17 -116.71
2014 01 18  -55.75
2014 01 19  -87.92
2014 01 20 -172.06
2014 01 21 -155.00
2014 01 22 -180.48
2014 01 23 -265.09
2014 01 24 -342.28
2014 01 25 -358.40
2014 01 26 -322.69
2014 01 27 -286.34
2014 01 28 -206.79
2014 01 29 -123.77
2014 01 30 -148.94
2014 01 31 -197.59
2014 02 01 -230.47
2014 02 02 -235.87
2014 02 03 -194.91
2014 02 04 -181.50
2014 02 05 -211.59
2014 02 06 -143.67
2014 02 07   -2.58
2014 02 08   23.23
2014 02 09   79.22
2014 02 10  159.48
2014 02 11  197.92
2014 02 12  240.70
2014 02 13  305.14
2014 02 14  318.26
2014 02 15  319.73
2014 02 16  378.90
2014 02 17  372.25
2014 02 18  310.69
2014 02 19  214.46
2014 02 20  108.02
2014 02 21  -39.99
2014 02 22 -142.96
2014 02 23 -148.47
2014 02 24 -202.79
2014 02 25 -284.90
2014 02 26 -279.01
2014 02 27 -229.02
2014 02 28 -245.01
2014 03 01 -209.78
2014 03 02 -136.54
2014 03 03  -80.18
2014 03 04  -53.31
2014 03 05    4.69
2014 03 06   73.72
2014 03 07   40.47
2014 03 08   84.52
2014 03 09  122.03
2014 03 10   94.69
2014 03 11   30.35
2014 03 12   32.16
2014 03 13   60.87
2014 03 14   81.79
2014 03 15   43.72
2014 03 16   61.04
2014 03 17   73.71
2014 03 18   17.30
2014 03 19  -36.84
2014 03 20  -77.21
2014 03 21  -92.75
2014 03 22 -127.87
2014 03 23 -164.86
2014 03 24 -141.61
2014 03 25  -65.76
2014 03 26  -21.23
2014 03 27  -22.57
2014 03 28  -49.38
2014 03 29   -7.88
2014 03 30  -20.92
2014 03 31  -69.12
2014 04 01  -26.53
2014 04 02   13.56
2014 04 03   22.96
2014 04 04   67.00
2014 04 05   84.42
2014 04 06   47.67
2014 04 07   32.74
2014 04 08   44.27
2014 04 09   22.31
2014 04 10   -4.11
2014 04 11  -74.36
2014 04 12 -132.66
2014 04 13 -135.40
2014 04 14  -86.27
2014 04 15   -3.93
2014 04 16   27.33
2014 04 17   96.99
2014 04 18  130.50
2014 04 19  137.94
2014 04 20  108.07
2014 04 21   23.14
2014 04 22   24.25
2014 04 23   48.95
2014 04 24   68.45
2014 04 25   84.12
2014 04 26  156.45
2014 04 27  190.81
2014 04 28  109.25
2014 04 29  -36.67
2014 04 30 -181.92
2014 05 01 -265.25
2014 05 02 -217.33
2014 05 03 -164.68
2014 05 04 -108.33
2014 05 05  -57.35
2014 05 06  -24.96
2014 05 07   18.92
2014 05 08   47.85
2014 05 09    2.19
2014 05 10  -78.47
2014 05 11 -130.91
2014 05 12 -162.95
2014 05 13 -201.63
2014 05 14 -234.72
2014 05 15 -236.61
2014 05 16 -176.43
2014 05 17 -114.33
2014 05 18  -59.71
2014 05 19  -43.79
2014 05 20  -42.42
2014 05 21  -13.30
2014 05 22   41.46
2014 05 23   93.61
2014 05 24   95.45
2014 05 25   78.86
2014 05 26   30.09
2014 05 27  -18.74
2014 05 28  -35.68
2014 05 29  -39.83
2014 05 30  -36.68
2014 05 31  -38.03
2014 06 01  -87.56
2014 06 02 -129.90
2014 06 03 -126.75
2014 06 04  -95.49
2014 06 05  -66.38
2014 06 06  -40.11
2014 06 07    4.25
2014 06 08   31.68
2014 06 09   18.35
2014 06 10   -8.36
2014 06 11  -34.17
2014 06 12  -40.89
2014 06 13   -5.31
2014 06 14   51.17
2014 06 15   39.09
2014 06 16   28.32
2014 06 17   44.60
2014 06 18   79.10
2014 06 19   55.85
2014 06 20   65.73
2014 06 21   59.48
2014 06 22   41.24
2014 06 23   10.72
2014 06 24   20.97
2014 06 25   50.29
2014 06 26  113.38
2014 06 27  127.81
2014 06 28  103.15
2014 06 29   47.90
2014 06 30  -24.75
2014 07 01  -42.30
2014 07 02   -9.78
2014 07 03   38.00
2014 07 04   72.87
2014 07 05   63.70
2014 07 06   26.58
2014 07 07  -18.10
2014 07 08    3.10
2014 07 09   22.03
2014 07 10   16.02
2014 07 11    9.79
2014 07 12    1.83
2014 07 13  -16.75
2014 07 14  -45.44
2014 07 15  -47.46
2014 07 16  -32.98
2014 07 17   -3.84
2014 07 18   45.81
2014 07 19   64.41
2014 07 20   41.90
2014 07 21    0.44
2014 07 22  -30.44
2014 07 23    6.30
2014 07 24   65.79
2014 07 25   54.70
2014 07 26    7.51
2014 07 27  -20.79
2014 07 28  -41.40
2014 07 29  -41.50
2014 07 30  -42.19
2014 07 31  -47.06
2014 08 01  -44.84
2014 08 02  -12.93
2014 08 03   15.19
2014 08 04   35.11
2014 08 05   34.46
2014 08 06   40.34
2014 08 07   90.96
2014 08 08  127.05
2014 08 09  122.25
2014 08 10   74.36
2014 08 11   30.86
2014 08 12   62.79
2014 08 13   77.40
2014 08 14   68.59
2014 08 15   54.70
2014 08 16   37.18
2014 08 17   18.05
2014 08 18   -4.13
2014 08 19  -27.63
2014 08 20  -28.47
2014 08 21  -59.13
2014 08 22 -100.85
2014 08 23 -112.82
2014 08 24 -100.61
2014 08 25  -64.76
2014 08 26  -41.14
2014 08 27  -17.21
2014 08 28   29.77
2014 08 29   71.28
2014 08 30   91.04
2014 08 31   87.62
2014 09 01   53.82
2014 09 02    3.47
2014 09 03  -11.32
2014 09 04  -32.37
2014 09 05  -65.27
2014 09 06 -102.40
2014 09 07 -103.86
2014 09 08 -102.06
2014 09 09 -101.24
2014 09 10 -121.66
2014 09 11 -131.14
2014 09 12 -123.00
2014 09 13  -66.47
2014 09 14  -32.84
2014 09 15  -47.65
2014 09 16  -56.63
2014 09 17  -16.15
2014 09 18   88.42
2014 09 19   95.51
2014 09 20   -0.72
2014 09 21   -3.39
2014 09 22   48.34
2014 09 23   37.33
2014 09 24   21.42
2014 09 25   12.10
2014 09 26   13.02
2014 09 27   -8.63
2014 09 28  -28.86
2014 09 29  -18.25
2014 09 30  -11.63
2014 10 01  -42.04
2014 10 02  -20.51
2014 10 03   55.34
2014 10 04   44.67
2014 10 05  -18.40
2014 10 06  -52.24
2014 10 07  -86.85
2014 10 08  -42.21
2014 10 09   15.78
2014 10 10   81.21
2014 10 11  105.97
2014 10 12   81.45
2014 10 13   77.73
2014 10 14   50.09
2014 10 15   59.54
2014 10 16   52.61
2014 10 17   49.46
2014 10 18   71.95
2014 10 19   69.56
2014 10 20  102.42
2014 10 21  142.81
2014 10 22  108.47
2014 10 23   26.04
2014 10 24  -22.28
2014 10 25  -20.47
2014 10 26   35.72
2014 10 27   52.64
2014 10 28   95.35
2014 10 29   60.33
2014 10 30  -19.99
2014 10 31   53.06
2014 11 01  139.22
2014 11 02  153.15
2014 11 03  119.08
2014 11 04   48.77
2014 11 05    4.87
2014 11 06   79.39
2014 11 07   10.58
2014 11 08  -71.76
2014 11 09  -59.24
2014 11 10 -148.89
2014 11 11 -247.98
2014 11 12 -318.19
2014 11 13 -334.61
2014 11 14 -340.04
2014 11 15 -349.20
2014 11 16 -340.26
2014 11 17 -304.13
2014 11 18 -202.01
2014 11 19  -75.85
2014 11 20   35.49
2014 11 21  148.41
2014 11 22  186.61
2014 11 23   92.14
2014 11 24  -21.18
2014 11 25  -99.75
2014 11 26 -150.05
2014 11 27 -128.47
2014 11 28  -69.47
2014 11 29  -74.48
2014 11 30 -177.25
2014 12 01 -127.01
2014 12 02  -36.93
2014 12 03  -50.50
2014 12 04  -60.31
2014 12 05  -59.78
2014 12 06  -55.38
2014 12 07  -32.02
2014 12 08   19.83
2014 12 09   91.55
2014 12 10   96.95
2014 12 11   38.96
2014 12 12   20.87
2014 12 13  -37.06
2014 12 14  -90.11
2014 12 15  -73.67
2014 12 16  -22.97
2014 12 17   29.07
2014 12 18   70.23
2014 12 19  109.53
2014 12 20  157.87
2014 12 21  163.07
2014 12 22   30.85
2014 12 23  -21.88
2014 12 24   37.90
2014 12 25  -20.35
2014 12 26 -106.15
2014 12 27 -189.92
2014 12 28 -272.49
2014 12 29 -306.90
2014 12 30 -313.49
2014 12 31 -287.23
2015 01 01 -190.26
2015 01 02 -156.92
2015 01 03 -188.52
2015 01 04 -190.54
2015 01 05 -155.30
2015 01 06 -216.03
2015 01 07 -293.99
2015 01 08 -277.91
2015 01 09 -208.06
2015 01 10 -183.06
2015 01 11 -172.08
2015 01 12 -139.01
2015 01 13  -94.15
2015 01 14  -86.91
2015 01 15   32.19
2015 01 16  141.66
2015 01 17  113.45
2015 01 18   89.97
2015 01 19   32.80
2015 01 20  -21.95
2015 01 21    0.99
2015 01 22   57.24
2015 01 23   85.55
2015 01 24   44.46
2015 01 25   39.30
2015 01 26  -12.93
2015 01 27   -1.20
2015 01 28  -48.10
2015 01 29 -136.35
2015 01 30 -214.24
2015 01 31 -219.18
2015 02 01 -147.07
2015 02 02  -82.68
2015 02 03  -56.10
2015 02 04  -94.31
2015 02 05  -94.38
2015 02 06  -36.46
2015 02 07   97.94
2015 02 08  122.29
2015 02 09   85.51
2015 02 10  -19.05
2015 02 11  -58.26
2015 02 12  -58.28
2015 02 13  -58.15
2015 02 14  -69.47
2015 02 15 -170.43
2015 02 16 -189.35
2015 02 17 -150.64
2015 02 18  -95.97
2015 02 19 -116.80
2015 02 20 -210.34
2015 02 21 -292.52
2015 02 22 -293.82
2015 02 23 -195.62
2015 02 24 -106.80
2015 02 25  -80.56
2015 02 26 -102.78
2015 02 27 -145.37
2015 02 28 -209.07
2015 03 01 -243.78
2015 03 02 -219.89
2015 03 03 -154.01
2015 03 04 -135.39
2015 03 05  -48.87
2015 03 06 -126.54
2015 03 07 -200.76
2015 03 08 -164.67
2015 03 09  -62.37
2015 03 10  -51.31
2015 03 11  -17.47
2015 03 12   43.85
2015 03 13   65.59
2015 03 14  118.16
2015 03 15  103.90
2015 03 16  -19.84
2015 03 17  -98.34
2015 03 18  -71.83
2015 03 19  -43.26
2015 03 20  -30.74
2015 03 21  -11.72
2015 03 22   -5.23
2015 03 23   17.02
2015 03 24    3.84
2015 03 25  -29.23
2015 03 26  -60.17
2015 03 27  -27.71
2015 03 28   55.01
2015 03 29   81.92
2015 03 30   64.26
2015 03 31   73.23
2015 04 01   52.20
2015 04 02  -24.06
2015 04 03  -78.91
2015 04 04  -95.85
2015 04 05 -119.52
2015 04 06  -87.44
2015 04 07  -19.52
2015 04 08   -2.74
2015 04 09   24.21
2015 04 10  103.30
2015 04 11  187.63
2015 04 12  207.29
2015 04 13  141.35
2015 04 14  135.93
2015 04 15  112.89
2015 04 16   52.39
2015 04 17    6.28
2015 04 18  -13.00
2015 04 19   -5.09
2015 04 20   15.85
2015 04 21   34.41
2015 04 22   44.38
2015 04 23   48.47
2015 04 24   77.21
2015 04 25   64.44
2015 04 26   50.01
2015 04 27   65.80
2015 04 28   98.95
2015 04 29  113.11
2015 04 30   86.27
2015 05 01   44.71
2015 05 02  -26.95
2015 05 03  -86.51
2015 05 04  -80.55
2015 05 05  -67.24
2015 05 06  -81.04
2015 05 07  -91.37
2015 05 08  -83.02
2015 05 09  -80.82
2015 05 10 -101.37
2015 05 11  -78.05
2015 05 12  -70.98
2015 05 13  -69.22
2015 05 14  -82.90
2015 05 15  -71.08
2015 05 16 -104.89
2015 05 17 -171.41
2015 05 18 -171.40
2015 05 19 -138.77
2015 05 20 -146.81
2015 05 21 -187.53
2015 05 22 -217.90
2015 05 23 -160.60
2015 05 24 -107.54
2015 05 25 -125.50
2015 05 26 -162.95
2015 05 27 -182.63
2015 05 28 -216.40
2015 05 29 -223.83
2015 05 30 -181.53
2015 05 31 -105.20
2015 06 01  -47.39
2015 06 02   17.97
2015 06 03   71.68
2015 06 04   63.50
2015 06 05   35.71
2015 06 06    7.30
2015 06 07   -7.01
2015 06 08  -10.98
2015 06 09    0.28
2015 06 10   22.13
2015 06 11   14.17
2015 06 12  -88.14
2015 06 13 -178.97
2015 06 14 -207.23
2015 06 15 -173.53
2015 06 16 -111.82
2015 06 17  -79.02
2015 06 18  -59.64
2015 06 19  -28.81
2015 06 20  -47.07
2015 06 21  -52.14
2015 06 22  -44.50
2015 06 23  -34.28
2015 06 24   -9.72
2015 06 25    1.02
2015 06 26   -1.77
2015 06 27   -4.55
2015 06 28  -19.71
2015 06 29  -26.45
2015 06 30  -34.33
2015 07 01  -63.22
2015 07 02  -48.13
2015 07 03  -72.78
2015 07 04 -106.32
2015 07 05 -122.35
2015 07 06 -116.62
2015 07 07  -81.18
2015 07 08  -13.75
2015 07 09   41.16
2015 07 10   65.92
2015 07 11   98.82
2015 07 12  107.45
2015 07 13   95.92
2015 07 14   94.79
2015 07 15  100.26
2015 07 16   58.07
2015 07 17   -5.88
2015 07 18  -59.18
2015 07 19  -86.31
2015 07 20  -70.43
2015 07 21  -38.28
2015 07 22   12.47
2015 07 23   77.90
2015 07 24   73.70
2015 07 25   56.80
2015 07 26   49.14
2015 07 27   69.59
2015 07 28   63.12
2015 07 29   48.82
2015 07 30   26.60
2015 07 31   10.03
2015 08 01  -10.40
2015 08 02  -25.56
2015 08 03  -52.48
2015 08 04  -70.22
2015 08 05  -42.02
2015 08 06  -12.00
2015 08 07   22.48
2015 08 08   28.28
2015 08 09   15.22
2015 08 10   19.95
2015 08 11   36.70
2015 08 12   35.53
2015 08 13   21.16
2015 08 14    6.55
2015 08 15   -1.98
2015 08 16  -24.26
2015 08 17  -67.70
2015 08 18  -73.68
2015 08 19  -63.07
2015 08 20  -38.70
2015 08 21  -15.15
2015 08 22   -6.52
2015 08 23  -19.43
2015 08 24  -71.94
2015 08 25 -115.70
2015 08 26 -155.09
2015 08 27 -113.77
2015 08 28   17.86
2015 08 29   95.68
2015 08 30  160.91
2015 08 31  141.88
2015 09 01   55.35
2015 09 02  -19.03
2015 09 03  -51.12
2015 09 04  -52.80
2015 09 05  -37.17
2015 09 06  -18.67
2015 09 07    9.26
2015 09 08   41.39
2015 09 09   47.48
2015 09 10   41.62
2015 09 11   26.89
2015 09 12   33.88
2015 09 13   26.55
2015 09 14   63.00
2015 09 15   90.87
2015 09 16   99.48
2015 09 17  128.35
2015 09 18  122.90
2015 09 19  122.41
2015 09 20  119.99
2015 09 21  100.81
2015 09 22   68.34
2015 09 23    3.08
2015 09 24  -13.19
2015 09 25  -10.42
2015 09 26  -16.84
2015 09 27  -69.13
2015 09 28  -95.57
2015 09 29  -29.00
2015 09 30   40.62
2015 10 01  -38.97
2015 10 02 -151.31
2015 10 03 -175.85
2015 10 04 -169.44
2015 10 05 -135.28
2015 10 06  -86.81
2015 10 07  -37.29
2015 10 08    1.84
2015 10 09   56.92
2015 10 10  162.12
2015 10 11  154.35
2015 10 12  116.38
2015 10 13   52.82
2015 10 14  -54.28
2015 10 15 -142.09
2015 10 16 -139.04
2015 10 17  -64.95
2015 10 18  -10.63
2015 10 19  -25.74
2015 10 20  -35.38
2015 10 21   10.50
2015 10 22   -5.07
2015 10 23  -33.19
2015 10 24  -75.02
2015 10 25 -100.68
2015 10 26 -133.45
2015 10 27  -89.81
2015 10 28   36.89
2015 10 29   91.81
2015 10 30  138.11
2015 10 31  106.39
2015 11 01   50.49
2015 11 02   17.90
2015 11 03  -13.13
2015 11 04  -27.56
2015 11 05  -19.44
2015 11 06   36.39
2015 11 07   49.25
2015 11 08   -8.44
2015 11 09   12.55
2015 11 10  116.36
2015 11 11  153.26
2015 11 12  186.81
2015 11 13  209.12
2015 11 14  161.42
2015 11 15  132.40
2015 11 16  152.42
2015 11 17  190.14
2015 11 18  116.16
2015 11 19   16.27
2015 11 20  -33.77
2015 11 21  -60.21
2015 11 22  -77.56
2015 11 23 -115.41
2015 11 24 -163.95
2015 11 25 -184.63
2015 11 26 -180.21
2015 11 27 -125.28
2015 11 28 -111.09
2015 11 29  -99.72
2015 11 30  -11.12
2015 12 01   61.54
2015 12 02   79.63
2015 12 03  122.36
2015 12 04  168.33
2015 12 05  143.40
2015 12 06  161.07
2015 12 07  224.09
2015 12 08  239.83
2015 12 09  234.97
2015 12 10  177.66
2015 12 11  106.84
2015 12 12   93.19
2015 12 13   69.76
2015 12 14    5.32
2015 12 15  -51.96
2015 12 16  -35.51
2015 12 17   33.14
2015 12 18   17.16
2015 12 19   73.42
2015 12 20  156.80
2015 12 21  222.17
2015 12 22  276.21
2015 12 23  200.93
2015 12 24   31.81
2015 12 25   -7.05
2015 12 26   44.22
2015 12 27   25.03
2015 12 28   -1.88
2015 12 29  -67.55
2015 12 30 -117.37
2015 12 31 -104.94
2016 01 01 -111.37
2016 01 02 -123.17
2016 01 03  -93.17
2016 01 04  -77.89
2016 01 05  -90.01
2016 01 06 -121.72
2016 01 07 -143.69
2016 01 08 -130.83
2016 01 09 -121.65
2016 01 10 -135.75
2016 01 11 -107.76
2016 01 12   -5.31
2016 01 13   65.04
2016 01 14   29.20
2016 01 15  -52.19
2016 01 16  -13.45
2016 01 17   18.52
2016 01 18   67.28
2016 01 19   70.44
2016 01 20   37.04
2016 01 21   20.99
2016 01 22   42.93
2016 01 23   75.07
2016 01 24   75.56
2016 01 25   16.31
2016 01 26   37.17
2016 01 27   72.88
2016 01 28  176.20
2016 01 29  178.55
2016 01 30   90.04
2016 01 31  -21.09
2016 02 01   -9.32
2016 02 02    3.51
2016 02 03   82.02
2016 02 04  164.46
2016 02 05  172.06
2016 02 06  106.85
2016 02 07  -33.00
2016 02 08  -99.96
2016 02 09  -92.99
2016 02 10  -37.88
2016 02 11  -19.86
2016 02 12    1.81
2016 02 13   87.35
2016 02 14  147.62
2016 02 15  147.32
2016 02 16   82.97
2016 02 17   66.47
2016 02 18  155.79
2016 02 19  125.54
2016 02 20   55.13
2016 02 21  -19.66
2016 02 22  -59.73
2016 02 23  -73.64
2016 02 24   -8.42
2016 02 25   11.26
2016 02 26   54.72
2016 02 27   79.44
2016 02 28  106.26
2016 02 29   55.48
2016 03 01    5.22
2016 03 02   -6.62
2016 03 03   17.45
2016 03 04   74.59
2016 03 05  120.90
2016 03 06  148.17
2016 03 07  130.16
2016 03 08  103.33
2016 03 09   60.37
2016 03 10   84.17
2016 03 11  148.61
2016 03 12  143.46
2016 03 13  170.64
2016 03 14  144.13
2016 03 15   67.69
2016 03 16  -87.94
2016 03 17 -179.86
2016 03 18 -131.11
2016 03 19  -68.89
2016 03 20  -25.38
2016 03 21    1.51
2016 03 22    3.47
2016 03 23   39.09
2016 03 24   25.91
2016 03 25   -9.30
2016 03 26  -11.77
2016 03 27  -32.91
2016 03 28 -131.90
2016 03 29 -259.30
2016 03 30 -323.30
2016 03 31 -271.11
2016 04 01 -150.67
2016 04 02  -45.72
2016 04 03  -30.97
2016 04 04    3.88
2016 04 05   21.09
2016 04 06  -67.33
2016 04 07 -119.66
2016 04 08  -76.46
2016 04 09  -86.40
2016 04 10  -72.40
2016 04 11   -7.01
2016 04 12   68.43
2016 04 13   78.10
2016 04 14   90.62
2016 04 15   97.25
2016 04 16    2.01
2016 04 17 -108.83
2016 04 18  -85.27
2016 04 19  -56.18
2016 04 20  -88.71
2016 04 21  -92.81
2016 04 22  -44.54
2016 04 23   12.80
2016 04 24  -19.89
2016 04 25   -9.00
2016 04 26   17.22
2016 04 27   37.40
2016 04 28   69.96
2016 04 29   76.86
2016 04 30   48.08
2016 05 01   27.03
2016 05 02  -10.69
2016 05 03  -11.81
2016 05 04   11.87
2016 05 05    8.24
2016 05 06   -1.23
2016 05 07   -5.90
2016 05 08  -27.79
2016 05 09  -94.92
2016 05 10 -166.62
2016 05 11 -206.60
2016 05 12 -197.04
2016 05 13 -217.59
2016 05 14 -169.28
2016 05 15  -54.63
2016 05 16    5.54
2016 05 17   55.34
2016 05 18   60.33
2016 05 19   -8.16
2016 05 20  -84.75
2016 05 21  -65.69
2016 05 22  -22.22
2016 05 23  -32.12
2016 05 24  -66.69
2016 05 25  -88.96
2016 05 26  -81.81
2016 05 27  -79.45
2016 05 28  -89.50
2016 05 29  -90.80
2016 05 30  -94.38
2016 05 31  -52.43
2016 06 01   43.28
2016 06 02   96.10
2016 06 03   32.08
2016 06 04  -52.36
2016 06 05  -64.70
2016 06 06  -23.62
2016 06 07  -13.38
2016 06 08   22.95
2016 06 09   43.87
2016 06 10   52.97
2016 06 11   50.21
2016 06 12   78.12
2016 06 13   88.35
2016 06 14   58.48
2016 06 15    0.85
2016 06 16  -34.01
2016 06 17  -34.68
2016 06 18  -56.89
2016 06 19  -82.73
2016 06 20  -99.62
2016 06 21  -76.33
2016 06 22  -77.06
2016 06 23  -41.59
2016 06 24    3.20
2016 06 25  -11.69
2016 06 26  -49.38
2016 06 27  -72.63
2016 06 28  -72.99
2016 06 29  -69.38
2016 06 30  -13.29
2016 07 01   47.51
2016 07 02   44.07
2016 07 03   36.84
2016 07 04   19.24
2016 07 05   18.07
2016 07 06   23.33
2016 07 07   13.70
2016 07 08  -16.02
2016 07 09  -11.87
2016 07 10    0.08
2016 07 11  -17.48
2016 07 12  -37.68
2016 07 13  -81.84
2016 07 14 -113.35
2016 07 15 -116.37
2016 07 16 -108.03
2016 07 17 -132.23
2016 07 18 -120.17
2016 07 19  -56.20
2016 07 20  -33.44
2016 07 21  -34.87
2016 07 22   -5.64
2016 07 23   52.11
2016 07 24   60.95
2016 07 25   61.77
2016 07 26   70.98
2016 07 27   44.53
2016 07 28   29.01
2016 07 29   22.70
2016 07 30   26.25
2016 07 31   26.22
2016 08 01   15.61
2016 08 02    6.25
2016 08 03   -7.90
2016 08 04  -31.87
2016 08 05  -51.37
2016 08 06  -53.72
2016 08 07  -30.44
2016 08 08   -0.17
2016 08 09   -3.06
2016 08 10    1.03
2016 08 11    1.63
2016 08 12    4.44
2016 08 13   64.54
2016 08 14  101.50
2016 08 15   91.08
2016 08 16   53.65
2016 08 17  -22.47
2016 08 18  -81.84
2016 08 19  -90.86
2016 08 20  -90.23
2016 08 21  -63.08
2016 08 22  -36.85
2016 08 23  -81.17
2016 08 24 -143.90
2016 08 25 -187.69
2016 08 26 -180.59
2016 08 27 -163.95
2016 08 28 -125.26
2016 08 29  -81.86
2016 08 30  -95.10
2016 08 31  -92.01
2016 09 01  -57.98
2016 09 02  -27.49
2016 09 03  -10.23
2016 09 04   -3.38
2016 09 05   42.12
2016 09 06   83.45
2016 09 07   57.33
2016 09 08   23.94
2016 09 09    4.52
2016 09 10  -10.68
2016 09 11  -58.02
2016 09 12  -52.98
2016 09 13  -42.97
2016 09 14    2.97
2016 09 15   54.23
2016 09 16  105.79
2016 09 17  143.13
2016 09 18   83.93
2016 09 19  -10.19
2016 09 20  -58.00
2016 09 21  -23.82
2016 09 22   49.05
2016 09 23  103.66
2016 09 24   93.15
2016 09 25   53.16
2016 09 26   41.38
2016 09 27   -1.66
2016 09 28  -81.21
2016 09 29 -147.96
2016 09 30 -171.62
2016 10 01 -108.73
2016 10 02  -32.01
2016 10 03   16.89
2016 10 04  -21.07
2016 10 05  -70.15
2016 10 06 -118.48
2016 10 07 -148.79
2016 10 08 -158.32
2016 10 09 -172.69
2016 10 10 -211.25
2016 10 11 -142.39
2016 10 12  -33.77
2016 10 13   31.29
2016 10 14   96.29
2016 10 15  150.94
2016 10 16  163.97
2016 10 17  159.10
2016 10 18   99.17
2016 10 19   51.55
2016 10 20   47.40
2016 10 21   35.03
2016 10 22  -21.66
2016 10 23 -111.45
2016 10 24 -130.69
2016 10 25 -158.78
2016 10 26 -115.88
2016 10 27  -15.11
2016 10 28  -88.06
2016 10 29 -150.80
2016 10 30  -78.31
2016 10 31   40.18
2016 11 01   97.11
2016 11 02   63.88
2016 11 03   76.08
2016 11 04   61.39
2016 11 05  122.06
2016 11 06  144.82
2016 11 07   25.59
2016 11 08   36.71
2016 11 09   67.99
2016 11 10    6.26
2016 11 11   54.96
2016 11 12   86.37
2016 11 13  102.47
2016 11 14  125.90
2016 11 15   62.59
2016 11 16  -33.12
2016 11 17 -130.85
2016 11 18 -139.02
2016 11 19  -65.51
2016 11 20   35.01
2016 11 21   76.36
2016 11 22   59.71
2016 11 23   93.31
2016 11 24   38.15
2016 11 25   55.92
2016 11 26   88.25
2016 11 27  163.94
2016 11 28  161.80
2016 11 29  137.53
2016 11 30  144.73
2016 12 01  132.30
2016 12 02  153.26
2016 12 03  139.65
2016 12 04   83.74
2016 12 05  -13.69
2016 12 06  -63.84
2016 12 07  -78.07
2016 12 08  -79.09
2016 12 09  -35.80
2016 12 10  -33.90
2016 12 11 -102.91
2016 12 12 -182.63
2016 12 13 -254.99
2016 12 14 -278.84
2016 12 15 -261.65
2016 12 16 -173.80
2016 12 17  -68.02
2016 12 18   73.19
2016 12 19  215.12
2016 12 20  220.06
2016 12 21  161.53
2016 12 22  130.65
2016 12 23   63.97
2016 12 24   36.06
2016 12 25   91.31
2016 12 26  151.23
2016 12 27  226.71
2016 12 28  151.86
2016 12 29  -68.81
2016 12 30 -168.44
2016 12 31 -204.13
2017 01 01 -263.83
2017 01 02 -326.33
2017 01 03 -369.83
2017 01 04 -352.74
2017 01 05 -277.02
2017 01 06 -195.71
2017 01 07 -219.72
2017 01 08 -210.25
2017 01 09 -118.50
2017 01 10 -118.53
2017 01 11 -102.31
2017 01 12  -27.36
2017 01 13  103.57
2017 01 14  157.12
2017 01 15  143.36
2017 01 16  212.98
2017 01 17  254.42
2017 01 18  260.30
2017 01 19  282.37
2017 01 20  242.82
2017 01 21  155.42
2017 01 22   83.03
2017 01 23   79.33
2017 01 24   45.82
2017 01 25   36.16
2017 01 26   29.25
2017 01 27   16.57
2017 01 28   13.74
2017 01 29   -4.63
2017 01 30  -94.21
2017 01 31 -166.20
2017 02 01 -274.84
2017 02 02 -310.54
2017 02 03 -270.01
2017 02 04 -232.94
2017 02 05 -189.89
2017 02 06 -127.95
2017 02 07  -84.41
2017 02 08  -55.27
2017 02 09   80.51
2017 02 10  216.62
2017 02 11  214.40
2017 02 12  196.76
2017 02 13   97.30
2017 02 14   54.35
2017 02 15  117.05
2017 02 16  161.91
2017 02 17  129.20
2017 02 18   97.57
2017 02 19   75.65
2017 02 20   41.26
2017 02 21   20.05
2017 02 22  -70.98
2017 02 23 -182.75
2017 02 24 -225.15
2017 02 25 -208.11
2017 02 26 -163.71
2017 02 27  -52.11
2017 02 28   74.98
2017 03 01  128.37
2017 03 02  166.26
2017 03 03  176.08
2017 03 04  125.51
2017 03 05  111.59
2017 03 06  121.36
2017 03 07   44.12
2017 03 08  -37.06
2017 03 09 -130.78
2017 03 10 -149.91
2017 03 11 -114.30
2017 03 12  -10.23
2017 03 13   68.51
2017 03 14  105.75
2017 03 15  147.92
2017 03 16  139.78
2017 03 17   85.13
2017 03 18   97.68
2017 03 19   79.92
2017 03 20  -12.45
2017 03 21  -33.96
2017 03 22   20.02
2017 03 23   81.58
2017 03 24   84.72
2017 03 25  131.39
2017 03 26  122.68
2017 03 27  113.33
2017 03 28   97.52
2017 03 29   78.95
2017 03 30   81.36
2017 03 31   99.80
2017 04 01  128.15
2017 04 02   94.87
2017 04 03   61.08
2017 04 04   63.41
2017 04 05   73.01
2017 04 06   62.80
2017 04 07   90.99
2017 04 08  103.11
2017 04 09   50.52
2017 04 10   10.12
2017 04 11  -80.55
2017 04 12 -159.87
2017 04 13 -141.10
2017 04 14 -143.87
2017 04 15 -122.16
2017 04 16 -106.69
2017 04 17 -127.62
2017 04 18 -101.44
2017 04 19  -30.52
2017 04 20  -41.32
2017 04 21  -82.50
2017 04 22  -62.34
2017 04 23   27.47
2017 04 24   83.58
2017 04 25  116.97
2017 04 26  155.66
2017 04 27  117.94
2017 04 28    9.63
2017 04 29   19.76
2017 04 30   89.41
2017 05 01  107.35
2017 05 02   89.80
2017 05 03   92.33
2017 05 04   30.98
2017 05 05   10.15
2017 05 06   14.28
2017 05 07   66.11
2017 05 08   86.51
2017 05 09   47.66
2017 05 10   -4.90
2017 05 11  -27.79
2017 05 12    9.61
2017 05 13   10.05
2017 05 14   -3.86
2017 05 15   -8.80
2017 05 16    1.53
2017 05 17   18.67
2017 05 18    6.19
2017 05 19   18.11
2017 05 20   10.05
2017 05 21  -15.56
2017 05 22    9.69
2017 05 23   37.09
2017 05 24    4.60
2017 05 25  -16.18
2017 05 26   -9.94
2017 05 27   -7.43
2017 05 28  -20.43
2017 05 29   -7.10
2017 05 30   17.02
2017 05 31   41.71
2017 06 01   77.45
2017 06 02   75.82
2017 06 03   41.85
2017 06 04   44.54
2017 06 05   30.86
2017 06 06   24.95
2017 06 07   32.50
2017 06 08   19.90
2017 06 09    8.47
2017 06 10   15.33
2017 06 11   38.01
2017 06 12   72.55
2017 06 13   69.74
2017 06 14   82.85
2017 06 15  137.96
2017 06 16  174.56
2017 06 17  119.58
2017 06 18   62.37
2017 06 19   72.47
2017 06 20  101.14
2017 06 21   38.26
2017 06 22  -62.72
2017 06 23 -101.97
2017 06 24 -101.96
2017 06 25  -83.25
2017 06 26  -21.48
2017 06 27    8.16
2017 06 28  -13.36
2017 06 29  -17.72
2017 06 30   22.25
2017 07 01   72.43
2017 07 02   99.15
2017 07 03   99.76
2017 07 04   54.90
2017 07 05  -18.33
2017 07 06  -71.64
2017 07 07  -51.30
2017 07 08  -22.67
2017 07 09    8.55
2017 07 10   21.81
2017 07 11    1.84
2017 07 12  -40.34
2017 07 13  -64.40
2017 07 14  -71.54
2017 07 15  -31.87
2017 07 16   24.41
2017 07 17  -11.09
2017 07 18  -30.04
2017 07 19    5.24
2017 07 20   37.20
2017 07 21   44.64
2017 07 22   17.14
2017 07 23  -33.64
2017 07 24  -49.75
2017 07 25  -12.52
2017 07 26   28.39
2017 07 27   30.28
2017 07 28   27.18
2017 07 29   51.69
2017 07 30   42.63
2017 07 31  -35.30
2017 08 01  -66.59
2017 08 02  -91.64
2017 08 03  -97.30
2017 08 04  -69.03
2017 08 05  -33.01
2017 08 06  -23.76
2017 08 07  -49.26
2017 08 08  -74.09
2017 08 09  -52.44
2017 08 10  -11.31
2017 08 11   55.40
2017 08 12  137.12
2017 08 13  157.14
2017 08 14  104.53
2017 08 15   98.81
2017 08 16  152.54
2017 08 17  148.41
2017 08 18  127.10
2017 08 19   79.52
2017 08 20   47.04
2017 08 21   11.83
2017 08 22  -19.97
2017 08 23   14.73
2017 08 24   60.66
2017 08 25   66.84
2017 08 26   64.52
2017 08 27   47.38
2017 08 28   29.84
2017 08 29   62.82
2017 08 30  121.72
2017 08 31  112.99
2017 09 01   74.30
2017 09 02   65.63
2017 09 03   43.27
2017 09 04   -8.65
2017 09 05  -64.08
2017 09 06  -17.69
2017 09 07   53.84
2017 09 08  118.59
2017 09 09  130.70
2017 09 10   94.48
2017 09 11   52.96
2017 09 12   -1.47
2017 09 13  -16.12
2017 09 14  -27.41
2017 09 15  -14.52
2017 09 16   55.10
2017 09 17   92.11
2017 09 18   54.04
2017 09 19   10.19
2017 09 20  -50.77
2017 09 21 -115.79
2017 09 22 -102.06
2017 09 23  -92.72
2017 09 24  -72.81
2017 09 25  -52.36
2017 09 26  -43.60
2017 09 27  -40.65
2017 09 28  -15.70
2017 09 29   20.92
2017 09 30   10.41
2017 10 01  -63.67
2017 10 02 -102.90
2017 10 03 -120.53
2017 10 04 -118.97
2017 10 05  -68.17
2017 10 06    2.77
2017 10 07   -5.78
2017 10 08  -11.82
2017 10 09  -22.85
2017 10 10 -104.33
2017 10 11 -145.20
2017 10 12 -130.82
2017 10 13  -87.98
2017 10 14  -29.18
2017 10 15   41.80
2017 10 16  101.95
2017 10 17  151.49
2017 10 18  232.11
2017 10 19  240.88
2017 10 20  242.65
2017 10 21  259.36
2017 10 22  232.88
2017 10 23   62.15
2017 10 24  -40.55
2017 10 25   -1.18
2017 10 26  -88.33
2017 10 27 -140.32
2017 10 28 -179.36
2017 10 29 -219.36
2017 10 30 -265.58
2017 10 31 -280.29
2017 11 01 -245.72
2017 11 02 -272.84
2017 11 03 -257.90
2017 11 04 -218.42
2017 11 05 -170.52
2017 11 06 -140.51
2017 11 07 -123.80
2017 11 08 -106.49
2017 11 09  -60.37
2017 11 10   -8.74
2017 11 11  -61.20
2017 11 12 -143.00
2017 11 13 -126.53
2017 11 14 -102.22
2017 11 15 -115.46
2017 11 16  -63.24
2017 11 17  -44.10
2017 11 18  -86.22
2017 11 19   -7.75
2017 11 20   14.58
2017 11 21  -96.05
2017 11 22  -83.42
2017 11 23   52.95
2017 11 24   97.08
2017 11 25  -20.42
2017 11 26   41.49
2017 11 27  189.48
2017 11 28  165.57
2017 11 29  171.81
2017 11 30  133.65
2017 12 01   61.86
2017 12 02    2.78
2017 12 03   -2.09
2017 12 04  -21.09
2017 12 05 -130.77
2017 12 06 -224.76
2017 12 07 -206.26
2017 12 08 -149.89
2017 12 09 -161.06
2017 12 10 -191.01
2017 12 11 -161.66
2017 12 12 -150.07
2017 12 13 -220.72
2017 12 14 -182.79
2017 12 15  -52.95
2017 12 16   29.25
2017 12 17   50.79
2017 12 18  -31.35
2017 12 19 -110.75
2017 12 20 -150.59
2017 12 21 -191.42
2017 12 22 -213.06
2017 12 23 -221.31
2017 12 24 -184.47
2017 12 25 -178.00
2017 12 26 -170.23
2017 12 27 -103.41
2017 12 28  -58.93
2017 12 29  -47.81
2017 12 30  -28.94
2017 12 31  -70.44
2018 01 01  -63.36
2018 01 02  -60.44
2018 01 03  -86.33
2018 01 04  -92.97
2018 01 05  -41.04
2018 01 06   44.85
2018 01 07   30.19
2018 01 08    0.32
2018 01 09   69.62
2018 01 10   80.94
2018 01 11   83.47
2018 01 12   35.01
2018 01 13  -22.73
2018 01 14  -41.37
2018 01 15  -17.36
2018 01 16   36.77
2018 01 17   60.50
2018 01 18  105.77
2018 01 19   79.61
2018 01 20   51.28
2018 01 21   95.00
2018 01 22  100.51
2018 01 23   76.30
2018 01 24   84.51
2018 01 25  112.00
2018 01 26   96.81
2018 01 27    1.11
2018 01 28  -66.65
2018 01 29   30.16
2018 01 30   81.82
2018 01 31   -6.29
2018 02 01  -68.52
2018 02 02  -46.93
2018 02 03  -71.71
2018 02 04  -68.76
2018 02 05 -102.14
2018 02 06 -127.09
2018 02 07 -121.12
2018 02 08 -168.56
2018 02 09 -182.30
2018 02 10 -136.91
2018 02 11 -111.15
2018 02 12 -124.61
2018 02 13  -55.36
2018 02 14  -68.02
2018 02 15  -68.05
2018 02 16  -89.93
2018 02 17 -119.16
2018 02 18 -156.77
2018 02 19 -192.78
2018 02 20 -198.33
2018 02 21 -193.96
2018 02 22 -141.81
2018 02 23  -25.07
2018 02 24   97.32
2018 02 25  163.58
2018 02 26  142.67
2018 02 27  185.55
2018 02 28  141.98
2018 03 01    0.56
2018 03 02  -53.01
2018 03 03  -83.92
2018 03 04 -124.70
2018 03 05 -174.27
2018 03 06 -160.74
2018 03 07 -149.79
2018 03 08  -56.08
2018 03 09  102.54
2018 03 10   30.86
2018 03 11  -82.39
2018 03 12 -104.95
2018 03 13 -116.59
2018 03 14  -86.63
2018 03 15  -91.97
2018 03 16 -118.49
2018 03 17 -128.59
2018 03 18 -188.66
2018 03 19 -237.15
2018 03 20 -167.66
2018 03 21 -114.00
2018 03 22 -104.75
2018 03 23  -49.96
2018 03 24   -2.74
2018 03 25   28.34
2018 03 26   33.59
2018 03 27   -2.78
2018 03 28  -87.09
2018 03 29 -125.42
2018 03 30 -136.75
2018 03 31 -173.24
2018 04 01 -153.89
2018 04 02 -105.11
2018 04 03  -38.96
2018 04 04   -7.54
2018 04 05  -13.87
2018 04 06   -8.32
2018 04 07    9.86
2018 04 08  -18.85
2018 04 09  -69.89
2018 04 10   36.38
2018 04 11   97.87
2018 04 12  110.15
2018 04 13  101.74
2018 04 14   67.35
2018 04 15  -13.31
2018 04 16  -25.96
2018 04 17    6.66
2018 04 18   64.88
2018 04 19  139.18
2018 04 20  162.97
2018 04 21  146.28
2018 04 22   77.69
2018 04 23   18.24
2018 04 24  -20.01
2018 04 25  -59.76
2018 04 26  -92.91
2018 04 27 -105.23
2018 04 28  -55.23
2018 04 29  -51.41
2018 04 30  -28.67
2018 05 01  -43.88
2018 05 02    3.08
2018 05 03   52.08
2018 05 04   96.13
2018 05 05   56.89
2018 05 06  -32.57
2018 05 07  -55.33
2018 05 08   -8.13
2018 05 09   43.65
2018 05 10   67.59
2018 05 11   24.48
2018 05 12  -19.36
2018 05 13  -10.18
2018 05 14    4.66
2018 05 15   -5.28
2018 05 16  -44.01
2018 05 17  -55.40
2018 05 18   -0.11
2018 05 19   52.93
2018 05 20  101.57
2018 05 21  121.64
2018 05 22   75.94
2018 05 23   58.18
2018 05 24  115.33
2018 05 25  138.66
2018 05 26  160.57
2018 05 27  101.78
2018 05 28   36.57
2018 05 29   54.74
2018 05 30   72.97
2018 05 31   65.20
2018 06 01   28.68
2018 06 02  -27.10
2018 06 03    4.19
2018 06 04   64.69
2018 06 05  108.94
2018 06 06  118.36
2018 06 07  119.15
2018 06 08  100.10
2018 06 09   84.57
2018 06 10   84.13
2018 06 11   69.06
2018 06 12   38.42
2018 06 13   40.86
2018 06 14   26.14
2018 06 15    3.09
2018 06 16    4.31
2018 06 17  -43.72
2018 06 18  -67.30
2018 06 19  -68.20
2018 06 20  -42.17
2018 06 21   -8.59
2018 06 22   11.35
2018 06 23   18.23
2018 06 24   48.97
2018 06 25   79.83
2018 06 26   69.11
2018 06 27   63.32
2018 06 28   84.61
2018 06 29   89.40
2018 06 30   80.47
2018 07 01   29.04
2018 07 02  -54.67
2018 07 03 -107.27
2018 07 04 -111.93
2018 07 05  -90.32
2018 07 06  -35.81
2018 07 07   10.87
2018 07 08   30.82
2018 07 09   61.01
2018 07 10   80.10
2018 07 11   43.63
2018 07 12  -22.54
2018 07 13  -43.65
2018 07 14  -25.65
2018 07 15   17.56
2018 07 16   34.32
2018 07 17   28.61
2018 07 18    7.48
2018 07 19  -26.89
2018 07 20  -58.88
2018 07 21  -87.08
2018 07 22 -116.14
2018 07 23 -108.98
2018 07 24 -100.67
2018 07 25 -104.35
2018 07 26 -123.15
2018 07 27 -102.05
2018 07 28  -91.93
2018 07 29 -121.59
2018 07 30 -133.98
2018 07 31 -101.75
2018 08 01  -45.38
2018 08 02   38.98
2018 08 03   79.42
2018 08 04   47.44
2018 08 05  -21.82
2018 08 06  -39.33
2018 08 07   13.45
2018 08 08   48.20
2018 08 09   42.83
2018 08 10   49.52
2018 08 11   42.59
2018 08 12   21.12
2018 08 13   20.34
2018 08 14   42.21
2018 08 15   46.00
2018 08 16   42.43
2018 08 17   59.99
2018 08 18    5.67
2018 08 19  -63.04
2018 08 20 -108.63
2018 08 21 -104.00
2018 08 22  -61.47
2018 08 23  -53.67
2018 08 24  -60.76
2018 08 25  -72.19
2018 08 26  -91.88
2018 08 27 -113.82
2018 08 28 -101.79
2018 08 29  -72.74
2018 08 30  -28.57
2018 08 31   -4.42
2018 09 01   -6.96
2018 09 02   -9.53
2018 09 03  -14.94
2018 09 04  -60.95
2018 09 05 -100.91
2018 09 06  -91.42
2018 09 07  -40.65
2018 09 08   -7.12
2018 09 09  -29.87
2018 09 10  -37.64
2018 09 11  -60.39
2018 09 12  -81.20
2018 09 13 -106.72
2018 09 14 -101.65
2018 09 15  -77.09
2018 09 16  -67.20
2018 09 17  -72.03
2018 09 18  -85.17
2018 09 19  -76.84
2018 09 20  -83.94
2018 09 21  -85.52
2018 09 22  -69.24
2018 09 23  -71.29
2018 09 24  -96.85
2018 09 25 -123.70
2018 09 26 -187.84
2018 09 27 -234.72
2018 09 28 -247.43
2018 09 29 -228.83
2018 09 30 -200.65
2018 10 01 -133.82
2018 10 02  -99.94
2018 10 03  -18.76
2018 10 04   21.36
2018 10 05   14.61
2018 10 06  -29.23
2018 10 07  -89.77
2018 10 08 -133.10
2018 10 09 -151.17
2018 10 10 -130.73
2018 10 11  -91.27
2018 10 12 -104.08
2018 10 13 -170.61
2018 10 14 -139.03
2018 10 15 -125.03
2018 10 16 -115.15
2018 10 17  -94.00
2018 10 18 -110.81
2018 10 19 -109.94
2018 10 20  -65.13
2018 10 21  -72.02
2018 10 22  -83.15
2018 10 23  -29.21
2018 10 24   43.69
2018 10 25   92.82
2018 10 26   75.80
2018 10 27   64.45
2018 10 28   74.50
2018 10 29   56.80
2018 10 30    8.60
2018 10 31  -21.06
2018 11 01  -11.62
2018 11 02   41.41
2018 11 03   90.84
2018 11 04   69.86
2018 11 05  -53.03
2018 11 06 -137.79
2018 11 07 -168.92
2018 11 08 -152.71
2018 11 09 -113.86
2018 11 10 -142.56
2018 11 11 -173.45
2018 11 12 -166.14
2018 11 13  -57.51
2018 11 14   -3.07
2018 11 15 -124.98
2018 11 16 -220.13
2018 11 17 -201.82
2018 11 18 -154.32
2018 11 19 -134.90
2018 11 20 -100.69
2018 11 21  -30.72
2018 11 22   36.33
2018 11 23   42.91
2018 11 24   24.51
2018 11 25   27.55
2018 11 26   50.88
2018 11 27   78.42
2018 11 28   50.22
2018 11 29   -2.03
2018 11 30  -18.94
2018 12 01  -57.95
2018 12 02 -130.14
2018 12 03 -174.05
2018 12 04 -151.20
2018 12 05 -150.19
2018 12 06 -105.21
2018 12 07  -10.80
2018 12 08   17.16
2018 12 09   60.22
2018 12 10  136.88
2018 12 11  213.60
2018 12 12  245.69
2018 12 13  179.56
2018 12 14  132.47
2018 12 15  115.18
2018 12 16   80.68
2018 12 17  158.08
2018 12 18  180.44
2018 12 19   65.98
2018 12 20   35.21
2018 12 21   78.19
2018 12 22   58.41
2018 12 23   66.40
2018 12 24   36.50
2018 12 25    6.84
2018 12 26   53.71
2018 12 27   22.19
2018 12 28   -9.15
2018 12 29   37.70
2018 12 30   -0.32
2018 12 31  -27.60
2019 01 01   33.76
2019 01 02  123.15
2019 01 03  132.29
2019 01 04   96.24
2019 01 05   82.70
2019 01 06  137.39
2019 01 07  103.91
2019 01 08  -32.21
2019 01 09  -28.95
2019 01 10   17.65
2019 01 11   37.96
2019 01 12   36.25
2019 01 13  -26.56
2019 01 14  -93.09
2019 01 15 -129.05
2019 01 16 -131.89
2019 01 17 -109.42
2019 01 18  -72.41
2019 01 19    2.85
2019 01 20   48.64
2019 01 21   70.14
2019 01 22   59.81
2019 01 23    1.95
2019 01 24  -70.42
2019 01 25 -110.83
2019 01 26 -145.99
2019 01 27 -191.28
2019 01 28 -257.23
2019 01 29 -182.81
2019 01 30  -67.31
2019 01 31  -55.43
2019 02 01  -64.42
2019 02 02  -80.40
2019 02 03 -115.32
2019 02 04 -125.00
2019 02 05  -73.73
2019 02 06  -82.18
2019 02 07 -168.34
2019 02 08 -246.18
2019 02 09 -275.67
2019 02 10 -200.70
2019 02 11 -129.28
2019 02 12 -177.37
2019 02 13  -90.44
2019 02 14  -26.33
2019 02 15  -17.98
2019 02 16  -48.67
2019 02 17  -82.01
2019 02 18  -69.76
2019 02 19  -40.04
2019 02 20  -73.36
2019 02 21  -58.58
2019 02 22  -26.41
2019 02 23 -101.33
2019 02 24 -206.67
2019 02 25 -264.32
2019 02 26 -259.75
2019 02 27 -301.93
2019 02 28 -269.73
2019 03 01 -206.84
2019 03 02 -215.45
2019 03 03 -253.51
2019 03 04 -250.42
2019 03 05 -194.93
2019 03 06 -123.02
2019 03 07  -30.99
2019 03 08    6.94
2019 03 09  -15.10
2019 03 10   33.15
2019 03 11  100.01
2019 03 12   96.50
2019 03 13   62.18
2019 03 14   26.83
2019 03 15  -45.12
2019 03 16  -96.38
2019 03 17 -158.19
2019 03 18 -189.39
2019 03 19 -182.03
2019 03 20 -147.58
2019 03 21  -89.24
2019 03 22  -45.58
2019 03 23  -71.47
2019 03 24 -167.81
2019 03 25 -247.42
2019 03 26 -256.69
2019 03 27 -289.32
2019 03 28 -284.30
2019 03 29 -275.20
2019 03 30 -301.49
2019 03 31 -244.68
2019 04 01 -235.77
2019 04 02 -182.81
2019 04 03  -64.60
2019 04 04   -1.70
2019 04 05   56.59
2019 04 06  107.61
2019 04 07  110.14
2019 04 08   83.81
2019 04 09   64.31
2019 04 10   12.03
2019 04 11   -5.63
2019 04 12   53.49
2019 04 13   77.04
2019 04 14   94.46
2019 04 15   82.77
2019 04 16  106.01
2019 04 17   99.70
2019 04 18   96.22
2019 04 19  113.84
2019 04 20  117.65
2019 04 21  173.41
2019 04 22  208.72
2019 04 23  168.82
2019 04 24   75.01
2019 04 25  -18.97
2019 04 26  -47.94
2019 04 27  -95.99
2019 04 28 -165.62
2019 04 29 -214.11
2019 04 30 -197.14
2019 05 01 -147.21
2019 05 02 -130.22
2019 05 03 -140.39
2019 05 04  -97.57
2019 05 05  -50.68
2019 05 06  -19.01
2019 05 07  -30.46
2019 05 08  -68.39
2019 05 09  -81.55
2019 05 10  -28.37
2019 05 11   43.23
2019 05 12   45.99
2019 05 13   58.74
2019 05 14   55.37
2019 05 15   23.43
2019 05 16   49.14
2019 05 17  111.53
2019 05 18   73.98
2019 05 19   54.62
2019 05 20   63.53
2019 05 21   13.02
2019 05 22  -60.02
2019 05 23  -58.95
2019 05 24  -48.80
2019 05 25  -82.57
2019 05 26  -68.85
2019 05 27  -14.97
2019 05 28   11.06
2019 05 29    5.84
2019 05 30   15.73
2019 05 31   36.62
2019 06 01   42.66
2019 06 02   50.49
2019 06 03   41.18
2019 06 04   26.21
2019 06 05    1.37
2019 06 06  -26.75
2019 06 07  -26.52
2019 06 08  -35.28
2019 06 09  -48.47
2019 06 10  -64.26
2019 06 11  -52.94
2019 06 12  -15.68
2019 06 13  -11.93
2019 06 14  -16.15
2019 06 15   33.50
2019 06 16   60.33
2019 06 17   70.79
2019 06 18   51.58
2019 06 19    0.47
2019 06 20  -67.34
2019 06 21  -81.52
2019 06 22  -34.43
2019 06 23  -10.06
2019 06 24  -25.89
2019 06 25  -61.86
2019 06 26 -111.18
2019 06 27 -127.13
2019 06 28 -114.52
2019 06 29 -124.65
2019 06 30 -138.87
2019 07 01 -146.48
2019 07 02 -138.97
2019 07 03 -128.60
2019 07 04 -160.65
2019 07 05 -203.10
2019 07 06 -179.53
2019 07 07 -110.65
2019 07 08  -62.28
2019 07 09  -61.22
2019 07 10  -38.32
2019 07 11  -25.21
2019 07 12   -1.00
2019 07 13   12.38
2019 07 14   48.38
2019 07 15   74.08
2019 07 16  109.69
2019 07 17  143.68
2019 07 18  108.93
2019 07 19   25.93
2019 07 20  -28.23
2019 07 21  -44.68
2019 07 22  -48.35
2019 07 23  -30.73
2019 07 24    7.69
2019 07 25   30.52
2019 07 26   50.76
2019 07 27   66.64
2019 07 28   44.62
2019 07 29   49.12
2019 07 30   47.47
2019 07 31   37.68
2019 08 01   30.97
2019 08 02  -15.39
2019 08 03  -85.73
2019 08 04 -128.13
2019 08 05 -130.74
2019 08 06 -131.31
2019 08 07 -147.40
2019 08 08 -119.60
2019 08 09  -82.84
2019 08 10  -43.39
2019 08 11  -23.13
2019 08 12  -29.06
2019 08 13  -54.06
2019 08 14  -78.43
2019 08 15  -74.02
2019 08 16  -82.45
2019 08 17  -83.88
2019 08 18  -40.73
2019 08 19   16.37
2019 08 20   56.58
2019 08 21   98.62
2019 08 22  107.32
2019 08 23  123.90
2019 08 24  117.05
2019 08 25   72.06
2019 08 26   10.75
2019 08 27  -26.94
2019 08 28  -55.64
2019 08 29  -73.40
2019 08 30  -52.37
2019 08 31  -44.58
2019 09 01  -37.89
2019 09 02  -26.65
2019 09 03  -20.20
2019 09 04  -16.05
2019 09 05  -50.42
2019 09 06  -53.03
2019 09 07  -21.19
2019 09 08   -6.15
2019 09 09  -19.79
2019 09 10  -11.05
2019 09 11    1.41
2019 09 12   54.51
2019 09 13   99.23
2019 09 14   51.30
2019 09 15    3.98
2019 09 16   35.39
2019 09 17   35.49
2019 09 18    9.94
2019 09 19   -1.54
2019 09 20   17.63
2019 09 21   82.52
2019 09 22   93.02
2019 09 23  115.16
2019 09 24   89.14
2019 09 25    8.27
2019 09 26  -41.09
2019 09 27  -95.58
2019 09 28 -150.39
2019 09 29 -129.50
2019 09 30  -78.35
2019 10 01  -21.62
2019 10 02  -30.47
2019 10 03  -27.72
2019 10 04    6.02
2019 10 05  -22.79
2019 10 06  -45.07
2019 10 07  -61.83
2019 10 08  -90.75
2019 10 09 -104.63
2019 10 10  -97.11
2019 10 11  -55.71
2019 10 12  -52.21
2019 10 13  -52.16
2019 10 14   -4.27
2019 10 15   74.31
2019 10 16  111.77
2019 10 17  161.42
2019 10 18  149.28
2019 10 19  119.48
2019 10 20   81.23
2019 10 21   72.85
2019 10 22   48.12
2019 10 23  -20.83
2019 10 24   -9.42
2019 10 25  -19.09
2019 10 26 -159.88
2019 10 27 -250.67
2019 10 28 -238.81
2019 10 29 -199.37
2019 10 30 -175.50
2019 10 31 -169.95
2019 11 01 -177.98
2019 11 02 -213.75
2019 11 03 -240.41
2019 11 04 -257.30
2019 11 05 -249.75
2019 11 06 -216.16
2019 11 07 -156.13
2019 11 08 -123.08
2019 11 09 -145.60
2019 11 10 -188.27
2019 11 11 -172.16
2019 11 12  -73.51
2019 11 13  -56.71
2019 11 14   -7.84
2019 11 15   47.93
2019 11 16   48.71
2019 11 17   51.31
2019 11 18   16.85
2019 11 19  -20.81
2019 11 20  -41.41
2019 11 21  -17.40
2019 11 22   52.95
2019 11 23   58.56
2019 11 24   29.19
2019 11 25  -25.34
2019 11 26  -66.43
2019 11 27 -170.54
2019 11 28 -182.25
2019 11 29 -143.68
2019 11 30 -158.45
2019 12 01 -138.71
2019 12 02   -0.15
2019 12 03   94.06
2019 12 04   56.31
2019 12 05  -18.13
2019 12 06  -74.72
2019 12 07  -32.44
2019 12 08  -64.15
2019 12 09 -138.76
2019 12 10  -82.86
2019 12 11  -40.18
2019 12 12   25.46
2019 12 13    2.56
2019 12 14  -42.39
2019 12 15  -63.01
2019 12 16  -70.75
2019 12 17    2.59
2019 12 18   99.99
2019 12 19   85.62
2019 12 20   27.15
2019 12 21   28.42
2019 12 22   21.20
2019 12 23   88.74
2019 12 24  127.18
2019 12 25   94.81
2019 12 26   86.92
2019 12 27   96.17
2019 12 28  162.23
2019 12 29  140.16
2019 12 30  121.52
2019 12 31  190.09
2020 01 01  291.44
2020 01 02  229.70
2020 01 03  218.43
2020 01 04  296.41
2020 01 05  255.42
2020 01 06  177.69
2020 01 07   98.49
2020 01 08  100.07
2020 01 09   78.13
2020 01 10  111.50
2020 01 11   60.44
2020 01 12    4.25
2020 01 13   30.89
2020 01 14   37.62
2020 01 15  -34.62
2020 01 16  -49.37
2020 01 17  -12.28
2020 01 18    7.34
2020 01 19   31.77
2020 01 20   86.94
2020 01 21  135.60
2020 01 22  112.64
2020 01 23  106.65
2020 01 24  110.52
2020 01 25  110.27
2020 01 26  112.70
2020 01 27  153.19
2020 01 28  182.68
2020 01 29  238.91
2020 01 30  246.28
2020 01 31  230.82
2020 02 01  228.63
2020 02 02  167.39
2020 02 03  117.18
2020 02 04  121.62
2020 02 05  126.31
2020 02 06   98.10
2020 02 07   68.15
2020 02 08   71.25
2020 02 09   -0.92
2020 02 10  -73.46
2020 02 11  -41.11
2020 02 12   37.37
2020 02 13   73.02
2020 02 14  134.52
2020 02 15  169.88
2020 02 16  124.66
2020 02 17   52.22
2020 02 18    8.34
2020 02 19    9.98
2020 02 20   88.55
2020 02 21  172.68
2020 02 22  177.39
2020 02 23  153.24
2020 02 24   48.23
2020 02 25   54.49
2020 02 26  103.81
2020 02 27   96.46
2020 02 28   80.94
2020 02 29   71.78
2020 03 01   83.88
2020 03 02  172.27
2020 03 03  270.05
2020 03 04  272.25
2020 03 05  138.73
2020 03 06   56.94
2020 03 07   20.20
2020 03 08  -17.65
2020 03 09    4.61
2020 03 10   32.21
2020 03 11  -32.98
2020 03 12 -195.38
2020 03 13 -316.59
2020 03 14 -367.76
2020 03 15 -326.14
2020 03 16 -307.41
2020 03 17 -259.84
2020 03 18 -199.99
2020 03 19 -216.96
2020 03 20 -217.84
2020 03 21 -186.88
2020 03 22 -112.84
2020 03 23 -100.64
2020 03 24 -117.93
2020 03 25  -97.81
2020 03 26  -53.71
2020 03 27  -36.46
2020 03 28   14.94
2020 03 29   31.28
2020 03 30   25.13
2020 03 31  -25.68
2020 04 01 -110.91
2020 04 02 -128.24
2020 04 03 -102.58
2020 04 04 -137.69
2020 04 05 -135.67
2020 04 06  -42.53
2020 04 07   -9.93
2020 04 08  -51.14
2020 04 09  -93.01
2020 04 10 -148.67
2020 04 11 -170.14
2020 04 12 -192.50
2020 04 13 -198.48
2020 04 14 -224.02
2020 04 15 -232.98
2020 04 16 -229.08
2020 04 17 -204.34
2020 04 18 -163.59
2020 04 19 -140.69
2020 04 20  -94.53
2020 04 21    6.25
2020 04 22   89.46
2020 04 23  120.70
2020 04 24  100.30
2020 04 25  141.01
2020 04 26  203.85
2020 04 27  241.14
2020 04 28  158.47
2020 04 29  137.73
2020 04 30  124.96
2020 05 01  118.12
2020 05 02  117.96
2020 05 03   89.43
2020 05 04   20.70
2020 05 05  -13.45
2020 05 06  -26.92
2020 05 07  -96.08
2020 05 08 -134.24
2020 05 09 -164.03
2020 05 10 -158.83
2020 05 11  -79.30
2020 05 12  -14.84
2020 05 13   47.27
2020 05 14   43.24
2020 05 15   22.94
2020 05 16   29.38
2020 05 17   27.84
2020 05 18   53.93
2020 05 19   76.72
2020 05 20   46.23
2020 05 21   15.67
2020 05 22   49.22
2020 05 23   94.63
2020 05 24  119.79
2020 05 25  101.81
2020 05 26   46.61
2020 05 27  -11.93
2020 05 28  -27.82
2020 05 29  -42.38
2020 05 30  -24.80
2020 05 31   30.06
2020 06 01   83.60
2020 06 02  119.04
2020 06 03  110.15
2020 06 04   59.98
2020 06 05   23.67
2020 06 06   63.33
2020 06 07   82.98
2020 06 08   78.07
2020 06 09   73.93
2020 06 10   42.81
2020 06 11   -2.67
2020 06 12    9.20
2020 06 13   44.72
2020 06 14   90.94
2020 06 15  115.15
2020 06 16   71.07
2020 06 17   29.62
2020 06 18   12.70
2020 06 19   44.92
2020 06 20   95.73
2020 06 21   97.95
2020 06 22   86.21
2020 06 23  112.52
2020 06 24  129.38
2020 06 25  121.24
2020 06 26  108.41
2020 06 27   73.43
2020 06 28   17.00
2020 06 29    4.68
2020 06 30  -17.16
2020 07 01  -39.21
2020 07 02  -49.01
2020 07 03  -68.05
2020 07 04  -70.98
2020 07 05  -61.55
2020 07 06  -27.57
2020 07 07   17.48
2020 07 08   30.60
2020 07 09   39.67
2020 07 10   55.81
2020 07 11   53.55
2020 07 12   78.02
2020 07 13   67.37
2020 07 14   64.70
2020 07 15   52.15
2020 07 16   61.71
2020 07 17   69.10
2020 07 18   41.90
2020 07 19    7.87
2020 07 20   -3.30
2020 07 21    2.21
2020 07 22   26.80
2020 07 23   62.47
2020 07 24   79.76
2020 07 25   81.93
2020 07 26   73.61
2020 07 27   46.30
2020 07 28   44.51
2020 07 29    2.42
2020 07 30  -13.08
2020 07 31   22.48
2020 08 01   37.30
2020 08 02   73.23
2020 08 03  136.16
2020 08 04  157.45
2020 08 05  146.10
2020 08 06  159.91
2020 08 07  173.47
2020 08 08  129.92
2020 08 09  100.12
2020 08 10   71.67
2020 08 11   31.02
2020 08 12   24.57
2020 08 13   27.80
2020 08 14   30.62
2020 08 15   23.48
2020 08 16   -4.72
2020 08 17   -7.04
2020 08 18   19.69
2020 08 19   30.61
2020 08 20   34.06
2020 08 21    7.72
2020 08 22  -32.46
2020 08 23  -79.52
2020 08 24  -70.40
2020 08 25  -18.84
2020 08 26   21.37
2020 08 27   23.17
2020 08 28   36.03
2020 08 29   38.05
2020 08 30   48.50
2020 08 31   70.04
2020 09 01   53.80
2020 09 02   35.36
2020 09 03   15.89
2020 09 04    2.73
2020 09 05  -11.42
2020 09 06  -62.20
2020 09 07 -157.03
2020 09 08 -184.36
2020 09 09 -174.70
2020 09 10 -146.89
2020 09 11 -100.88
2020 09 12  -72.64
2020 09 13  -78.36
2020 09 14  -87.14
2020 09 15 -100.24
2020 09 16 -103.25
2020 09 17  -74.81
2020 09 18  -30.78
2020 09 19   33.35
2020 09 20   81.10
2020 09 21  130.89
2020 09 22  153.40
2020 09 23  156.33
2020 09 24  182.18
2020 09 25  203.95
2020 09 26  167.22
2020 09 27  117.66
2020 09 28   63.03
2020 09 29  -62.86
2020 09 30  -77.73
2020 10 01  -97.67
2020 10 02  -84.38
2020 10 03  -24.17
2020 10 04   24.36
2020 10 05   21.10
2020 10 06  -54.21
2020 10 07  -68.94
2020 10 08   39.78
2020 10 09  124.26
2020 10 10  188.32
2020 10 11  190.11
2020 10 12  159.30
2020 10 13  146.34
2020 10 14   72.04
2020 10 15  -73.05
2020 10 16 -131.68
2020 10 17 -140.24
2020 10 18 -107.94
2020 10 19  -82.23
2020 10 20 -100.83
2020 10 21 -152.86
2020 10 22 -170.39
2020 10 23 -159.95
2020 10 24 -182.19
2020 10 25 -210.44
2020 10 26 -127.75
2020 10 27  -45.54
2020 10 28  -28.93
2020 10 29   -9.44
2020 10 30   53.03
2020 10 31   34.89
2020 11 01   19.18
2020 11 02  116.54
2020 11 03  193.20
2020 11 04  170.96
2020 11 05   67.66
2020 11 06  -44.38
2020 11 07  -75.03
2020 11 08  -54.93
2020 11 09   -9.50
2020 11 10   -9.86
2020 11 11   24.39
2020 11 12  111.22
2020 11 13  225.74
2020 11 14  228.71
2020 11 15  147.52
2020 11 16    1.17
2020 11 17  -29.04
2020 11 18   14.10
2020 11 19   34.41
2020 11 20   19.98
2020 11 21   39.50
2020 11 22   55.12
2020 11 23   68.14
2020 11 24   34.64
2020 11 25   25.67
2020 11 26   59.30
2020 11 27   29.96
2020 11 28   96.58
2020 11 29  108.37
2020 11 30  134.42
2020 12 01   85.96
2020 12 02   13.96
2020 12 03   37.86
2020 12 04   37.21
2020 12 05   60.20
2020 12 06  144.04
2020 12 07  173.87
2020 12 08   99.49
2020 12 09   17.65
2020 12 10  -56.12
2020 12 11 -110.47
2020 12 12 -101.95
2020 12 13  -39.26
2020 12 14  -19.61
2020 12 15   17.96
2020 12 16   74.16
2020 12 17   90.86
2020 12 18  135.75
2020 12 19  192.55
2020 12 20  197.40
2020 12 21   87.31
2020 12 22   41.63
2020 12 23   17.83
2020 12 24   20.07
2020 12 25   51.19
2020 12 26   40.86
2020 12 27  -27.15
2020 12 28  -36.96
2020 12 29   -8.57
2020 12 30   55.27
2020 12 31   65.91
2021 01 01  144.10
2021 01 02  282.21
2021 01 03  318.06
2021 01 04  267.71
2021 01 05  273.33
2021 01 06  261.38
2021 01 07  162.70
2021 01 08   87.99
2021 01 09   46.86
2021 01 10  170.47
2021 01 11  239.72
2021 01 12  247.57
2021 01 13  214.15
2021 01 14   88.49
2021 01 15  151.49
2021 01 16   86.89
2021 01 17   58.29
2021 01 18  -48.06
2021 01 19    0.37
2021 01 20  -14.91
2021 01 21  -75.51
2021 01 22  -79.36
2021 01 23   -4.28
2021 01 24   42.98
2021 01 25   36.78
2021 01 26   15.97
2021 01 27  -49.46
2021 01 28   21.72
2021 01 29  183.50
2021 01 30  134.96
2021 01 31  -73.45
2021 02 01 -153.06
2021 02 02  -88.37
2021 02 03  -18.42
2021 02 04  -42.89
2021 02 05 -110.34
2021 02 06  -98.65
2021 02 07  -34.26
2021 02 08  -22.86
2021 02 09  -33.24
2021 02 10  -61.17
2021 02 11  -44.40
2021 02 12   -8.26
2021 02 13   24.49
2021 02 14   97.49
2021 02 15  179.46
2021 02 16  169.60
2021 02 17  111.90
2021 02 18  162.43
2021 02 19  205.77
2021 02 20  196.08
2021 02 21  251.11
2021 02 22  215.81
2021 02 23  100.69
2021 02 24   68.20
2021 02 25  161.07
2021 02 26  111.19
2021 02 27   73.74
2021 02 28   99.55
2021 03 01   90.29
2021 03 02  215.52
2021 03 03  197.14
2021 03 04   40.23
2021 03 05   86.59
2021 03 06  167.41
2021 03 07   52.93
2021 03 08  -55.81
2021 03 09  -81.03
2021 03 10  -64.68
2021 03 11  -29.44
2021 03 12  -33.64
2021 03 13  -72.93
2021 03 14    5.05
2021 03 15  110.96
2021 03 16   96.95
2021 03 17   39.99
2021 03 18   41.19
2021 03 19   43.41
2021 03 20   75.28
2021 03 21   83.78
2021 03 22   55.36
2021 03 23  -60.10
2021 03 24  -72.98
2021 03 25  -94.62
2021 03 26  -56.21
2021 03 27   11.88
2021 03 28    6.43
2021 03 29  -62.41
2021 03 30  -26.90
2021 03 31   61.47
2021 04 01  119.68
2021 04 02   41.13
2021 04 03  -59.09
2021 04 04 -107.92
2021 04 05  -76.30
2021 04 06  -56.32
2021 04 07  -25.59
2021 04 08   18.55
2021 04 09   60.07
2021 04 10   12.32
2021 04 11  -60.04
2021 04 12 -102.80
2021 04 13 -102.65
2021 04 14  -84.08
2021 04 15 -128.99
2021 04 16 -252.95
2021 04 17 -326.68
2021 04 18 -287.42
2021 04 19 -190.80
2021 04 20 -181.63
2021 04 21 -187.06
2021 04 22 -116.54
2021 04 23  -45.79
2021 04 24  -18.27
2021 04 25  -31.94
2021 04 26   -9.78
2021 04 27   -2.32
2021 04 28  -27.62
2021 04 29   22.77
2021 04 30  139.46
2021 05 01  141.51
2021 05 02   87.06
2021 05 03   85.19
2021 05 04   47.67
2021 05 05  -15.45
2021 05 06   -4.42
2021 05 07   15.57
2021 05 08    6.05
2021 05 09  -11.14
2021 05 10   -9.60
2021 05 11  -15.67
2021 05 12  -41.62
2021 05 13  -35.01
2021 05 14  -12.34
2021 05 15   24.77
2021 05 16   47.33
2021 05 17   68.76
2021 05 18   73.61
2021 05 19   31.69
2021 05 20    2.96
2021 05 21  -13.91
2021 05 22  -20.93
2021 05 23  -31.23
2021 05 24  -36.96
2021 05 25  -40.31
2021 05 26   -1.37
2021 05 27   49.44
2021 05 28   86.59
2021 05 29   84.80
2021 05 30   43.19
2021 05 31   22.95
2021 06 01   51.77
2021 06 02   68.47
2021 06 03  109.08
2021 06 04  145.65
2021 06 05  151.69
2021 06 06  106.01
2021 06 07   45.35
2021 06 08   -5.70
2021 06 09   32.81
2021 06 10   80.81
2021 06 11   62.52
2021 06 12   24.44
2021 06 13  -11.03
2021 06 14   -5.53
2021 06 15    4.30
2021 06 16  -13.56
2021 06 17  -33.33
2021 06 18  -36.33
2021 06 19  -79.90
2021 06 20 -108.77
2021 06 21  -59.24
2021 06 22  -49.00
2021 06 23  -16.88
2021 06 24    9.80
2021 06 25  -50.42
2021 06 26 -129.74
2021 06 27 -136.64
2021 06 28 -110.69
2021 06 29  -67.73
2021 06 30  -56.76
2021 07 01  -29.80
2021 07 02  -16.71
2021 07 03  -38.85
2021 07 04  -53.78
2021 07 05  -67.11
2021 07 06  -48.20
2021 07 07   25.45
2021 07 08   50.68
2021 07 09   32.76
2021 07 10   14.97
2021 07 11   -1.27
2021 07 12  -27.91
2021 07 13  -34.93
2021 07 14   14.04
2021 07 15   56.60
2021 07 16   34.49
2021 07 17  -14.07
2021 07 18  -70.14
2021 07 19  -73.45
2021 07 20  -33.42
2021 07 21   24.73
2021 07 22   73.70
2021 07 23   74.69
2021 07 24   31.81
2021 07 25   28.69
2021 07 26   22.69
2021 07 27   -4.90
2021 07 28  -29.67
2021 07 29  -46.34
2021 07 30  -63.22
2021 07 31  -55.33
2021 08 01  -54.20
2021 08 02  -63.32
2021 08 03  -55.57
2021 08 04  -21.70
2021 08 05   23.12
2021 08 06   45.01
2021 08 07   44.61
2021 08 08   50.98
2021 08 09   72.28
2021 08 10   56.78
2021 08 11   23.62
2021 08 12   -2.90
2021 08 13   21.16
2021 08 14   51.78
2021 08 15   71.15
2021 08 16   63.32
2021 08 17   36.69
2021 08 18   13.69
2021 08 19  -16.33
2021 08 20  -47.40
2021 08 21  -47.86
2021 08 22  -27.88
2021 08 23  -23.65
2021 08 24   -7.18
2021 08 25   12.93
2021 08 26   39.18
2021 08 27   60.84
2021 08 28   28.75
2021 08 29  -20.41
2021 08 30  -59.29
2021 08 31  -74.25
2021 09 01  -69.57
2021 09 02  -34.19
2021 09 03   16.82
2021 09 04   63.01
2021 09 05   81.90
2021 09 06   50.55
2021 09 07   -6.76
2021 09 08  -16.56
2021 09 09   26.79
2021 09 10   38.55
2021 09 11   32.90
2021 09 12   58.23
2021 09 13  107.04
2021 09 14  108.43
2021 09 15   91.54
2021 09 16  112.24
2021 09 17  164.90
2021 09 18  154.48
2021 09 19  135.24
2021 09 20  106.67
2021 09 21   95.54
2021 09 22  101.45
2021 09 23   70.97
2021 09 24   83.25
2021 09 25  133.77
2021 09 26  149.39
2021 09 27  164.43
2021 09 28  200.73
2021 09 29  205.23
2021 09 30  210.10
2021 10 01  197.69
2021 10 02  202.75
2021 10 03  125.20
2021 10 04   12.80
2021 10 05  -28.71
2021 10 06  -20.14
2021 10 07   11.77
2021 10 08   63.03
2021 10 09  141.27
2021 10 10   96.73
2021 10 11   54.96
2021 10 12  126.75
2021 10 13  151.11
2021 10 14  152.27
2021 10 15  124.58
2021 10 16   45.97
2021 10 17   80.26
2021 10 18   67.56
2021 10 19   15.17
2021 10 20   37.07
2021 10 21  -10.37
2021 10 22  105.11
2021 10 23  203.07
2021 10 24  145.35
2021 10 25  172.23
2021 10 26  264.49
2021 10 27  236.35
2021 10 28  154.52
2021 10 29  105.16
2021 10 30  -32.58
2021 10 31 -102.88
2021 11 01  -92.32
2021 11 02  -43.33
2021 11 03   40.63
2021 11 04   91.26
2021 11 05  116.82
2021 11 06  124.39
2021 11 07  103.71
2021 11 08   96.60
2021 11 09  150.98
2021 11 10  138.61
2021 11 11   91.71
2021 11 12   96.61
2021 11 13   47.43
2021 11 14   39.79
2021 11 15   72.15
2021 11 16   73.66
2021 11 17   24.41
2021 11 18   27.29
2021 11 19   55.88
2021 11 20   37.71
2021 11 21   36.75
2021 11 22   81.93
2021 11 23  104.18
2021 11 24   91.82
2021 11 25  178.04
2021 11 26  192.49
2021 11 27  150.55
2021 11 28  169.51
2021 11 29  186.97
2021 11 30  197.74
2021 12 01  191.87
2021 12 02  103.09
2021 12 03  -16.13
2021 12 04  -48.22
2021 12 05  -90.28
2021 12 06   46.11
2021 12 07  115.44
2021 12 08  180.63
2021 12 09  190.14
2021 12 10  273.55
2021 12 11  298.30
2021 12 12  200.72
2021 12 13   30.02
2021 12 14    5.48
2021 12 15  -17.93
2021 12 16  -68.02
2021 12 17  -76.57
2021 12 18  -59.54
2021 12 19 -186.78
2021 12 20 -326.04
2021 12 21 -277.70
2021 12 22 -170.79
2021 12 23  -72.91
2021 12 24  -18.11
2021 12 25 -100.79
2021 12 26 -162.96
2021 12 27 -184.12
2021 12 28 -134.59
2021 12 29 -108.27
2021 12 30  -53.41
2021 12 31  -11.93
2022 01 01  109.55
2022 01 02  123.00
2022 01 03  103.50
2022 01 04  108.59
2022 01 05   41.15
2022 01 06   22.03
2022 01 07   70.45
2022 01 08   53.60
2022 01 09    8.63
2022 01 10   26.40
2022 01 11   92.14
2022 01 12   83.71
2022 01 13   56.57
2022 01 14   45.23
2022 01 15    2.77
2022 01 16  -57.34
2022 01 17  -67.79
2022 01 18  -78.50
2022 01 19  -54.01
2022 01 20   12.96
2022 01 21  -16.63
2022 01 22  -76.80
2022 01 23 -117.63
2022 01 24 -130.44
2022 01 25 -104.75
2022 01 26 -139.07
2022 01 27 -134.37
2022 01 28  -31.04
2022 01 29   -1.02
2022 01 30  -18.52
2022 01 31  -53.60
2022 02 01 -128.29
2022 02 02  -74.45
2022 02 03   21.00
2022 02 04   90.43
2022 02 05   65.10
2022 02 06  119.24
2022 02 07  211.76
2022 02 08  167.40
2022 02 09   88.29
2022 02 10   12.50
2022 02 11  -78.24
2022 02 12 -105.66
2022 02 13 -121.89
2022 02 14  -93.41
2022 02 15 -106.93
2022 02 16  -81.53
2022 02 17  -23.69
2022 02 18   10.61
2022 02 19   16.78
2022 02 20  -95.50
2022 02 21 -156.08
2022 02 22 -169.96
2022 02 23 -115.98
2022 02 24  -55.28
2022 02 25    5.64
2022 02 26   64.90
2022 02 27   95.23
2022 02 28   70.01
2022 03 01   38.29
2022 03 02   24.89
2022 03 03   -6.71
2022 03 04  -44.72
2022 03 05 -102.69
2022 03 06 -163.25
2022 03 07 -223.07
2022 03 08 -256.01
2022 03 09 -219.61
2022 03 10 -130.06
2022 03 11  -14.61
2022 03 12   68.56
2022 03 13  103.25
2022 03 14  128.68
2022 03 15  145.26
2022 03 16  141.56
2022 03 17  157.86
2022 03 18  176.91
2022 03 19  195.46
2022 03 20  157.57
2022 03 21   73.34
2022 03 22   61.93
2022 03 23  135.76
2022 03 24  111.89
2022 03 25   32.78
2022 03 26  -43.29
2022 03 27  -62.62
2022 03 28  -43.54
2022 03 29    2.84
2022 03 30   53.98
2022 03 31   77.86
2022 04 01  143.76
2022 04 02  199.93
2022 04 03  265.06
2022 04 04  315.07
2022 04 05  232.56
2022 04 06   84.97
2022 04 07   59.55
2022 04 08  103.68
2022 04 09   40.53
2022 04 10  -56.36
2022 04 11  -93.54
2022 04 12 -114.02
2022 04 13 -109.10
2022 04 14  -79.58
2022 04 15  -17.05
2022 04 16   23.85
2022 04 17    8.00
2022 04 18   37.77
2022 04 19  137.82
2022 04 20   67.37
2022 04 21   67.47
2022 04 22  141.87
2022 04 23  115.01
2022 04 24   44.70
2022 04 25    4.67
2022 04 26  -19.90
2022 04 27  -33.75
2022 04 28  -24.58
2022 04 29    3.86
2022 04 30   62.70
2022 05 01  121.00
2022 05 02  149.73
2022 05 03  183.57
2022 05 04  203.16
2022 05 05  223.83
2022 05 06  216.49
2022 05 07  189.26
2022 05 08  120.04
2022 05 09   38.41
2022 05 10   23.53
2022 05 11   17.65
2022 05 12   60.03
2022 05 13   92.47
2022 05 14   80.73
2022 05 15   74.76
2022 05 16   92.68
2022 05 17   88.83
2022 05 18   83.49
2022 05 19  -21.92
2022 05 20 -119.73
2022 05 21 -110.70
2022 05 22  -12.07
2022 05 23   65.16
2022 05 24   82.47
2022 05 25   67.84
2022 05 26   29.69
2022 05 27   70.90
2022 05 28   90.56
2022 05 29   41.13
2022 05 30  -27.43
2022 05 31  -66.21
2022 06 01  -90.82
2022 06 02  -81.17
2022 06 03  -43.29
2022 06 04    8.38
2022 06 05   38.32
2022 06 06   33.52
2022 06 07  -11.28
2022 06 08    8.22
2022 06 09   52.61
2022 06 10  119.72
2022 06 11  149.85
2022 06 12  153.25
2022 06 13  127.69
2022 06 14   80.30
2022 06 15    8.47
2022 06 16  -23.71
2022 06 17  -13.59
2022 06 18    6.39
2022 06 19   26.24
2022 06 20    6.51
2022 06 21  -13.16
2022 06 22  -53.45
2022 06 23 -101.56
2022 06 24 -149.11
2022 06 25 -176.54
2022 06 26 -168.10
2022 06 27 -139.20
2022 06 28  -79.76
2022 06 29  -67.08
2022 06 30 -100.83
2022 07 01  -94.68
2022 07 02  -66.19
2022 07 03  -54.01
2022 07 04  -42.65
2022 07 05  -43.80
2022 07 06  -39.19
2022 07 07    2.19
2022 07 08   59.97
2022 07 09   78.47
2022 07 10   73.40
2022 07 11   46.48
2022 07 12   44.80
2022 07 13   82.68
2022 07 14  102.78
2022 07 15   80.96
2022 07 16   54.27
2022 07 17   54.47
2022 07 18   73.87
2022 07 19   61.13
2022 07 20   51.35
2022 07 21   56.07
2022 07 22   60.60
2022 07 23   27.42
2022 07 24   -0.60
2022 07 25  -35.51
2022 07 26  -68.02
2022 07 27  -85.78
2022 07 28  -79.19
2022 07 29  -70.22
2022 07 30  -52.50
2022 07 31  -31.38
2022 08 01    1.12
2022 08 02   -5.58
2022 08 03  -37.30
2022 08 04  -46.10
2022 08 05  -40.03
2022 08 06    3.64
2022 08 07   22.40
2022 08 08    5.97
2022 08 09  -13.72
2022 08 10  -18.39
2022 08 11  -14.89
2022 08 12    0.71
2022 08 13   62.75
2022 08 14  101.32
2022 08 15   95.14
2022 08 16   53.94
2022 08 17   32.98
2022 08 18  -16.69
2022 08 19  -11.05
2022 08 20    2.73
2022 08 21  -29.27
2022 08 22  -59.62
2022 08 23  -92.00
2022 08 24 -104.81
2022 08 25 -113.57
2022 08 26  -34.84
2022 08 27   54.78
2022 08 28  112.81
2022 08 29   91.75
2022 08 30   14.13
2022 08 31  -16.96
2022 09 01   14.31
2022 09 02   81.01
2022 09 03  113.83
2022 09 04  104.13
2022 09 05   82.59
2022 09 06   49.87
2022 09 07   17.15
2022 09 08  -60.52
2022 09 09  -96.10
2022 09 10 -103.01
2022 09 11  -48.41
2022 09 12   12.44
2022 09 13   41.41
2022 09 14   19.22
2022 09 15  -13.56
2022 09 16  -59.10
2022 09 17  -79.34
2022 09 18 -104.56
2022 09 19 -100.30
2022 09 20  -91.69
2022 09 21  -95.84
2022 09 22  -16.97
2022 09 23   66.14
2022 09 24   57.32
2022 09 25   -3.63
2022 09 26   -9.30
2022 09 27   23.83
2022 09 28   37.10
2022 09 29   26.66
2022 09 30  -58.94
2022 10 01  -61.89
2022 10 02  -77.18
2022 10 03  -85.66
2022 10 04  -51.45
2022 10 05 -132.96
2022 10 06 -239.50
2022 10 07 -258.20
2022 10 08 -225.35
2022 10 09 -163.15
2022 10 10 -105.98
2022 10 11  -82.91
2022 10 12 -103.95
2022 10 13  -57.59
2022 10 14  -54.80
2022 10 15 -107.96
2022 10 16 -129.43
2022 10 17  -79.54
2022 10 18 -103.82
2022 10 19 -139.46
2022 10 20 -123.03
2022 10 21  -28.70
2022 10 22  -16.52
2022 10 23    3.46
2022 10 24   33.98
2022 10 25   41.67
2022 10 26  164.05
2022 10 27  234.24
2022 10 28  179.76
2022 10 29  180.95
2022 10 30  184.03
2022 10 31  153.56
2022 11 01   71.92
2022 11 02   85.00
2022 11 03  144.92
2022 11 04  169.14
2022 11 05  104.23
2022 11 06  -75.76
2022 11 07 -175.62
2022 11 08 -130.07
2022 11 09  -47.73
2022 11 10  -77.78
2022 11 11  -82.70
2022 11 12  -89.65
2022 11 13  -99.62
2022 11 14 -145.88
2022 11 15 -312.70
2022 11 16 -417.28
2022 11 17 -401.21
2022 11 18 -331.21
2022 11 19 -227.44
2022 11 20 -110.64
2022 11 21    8.42
2022 11 22   80.51
2022 11 23   23.45
2022 11 24  -34.23
2022 11 25  -22.49
2022 11 26  -33.05
2022 11 27 -101.49
2022 11 28 -142.61
2022 11 29 -133.36
2022 11 30 -124.85
2022 12 01 -104.27
2022 12 02 -145.39
2022 12 03 -249.04
2022 12 04 -263.96
2022 12 05 -227.94
2022 12 06  -93.40
2022 12 07   68.30
2022 12 08  121.04
2022 12 09  112.48
2022 12 10   -4.12
2022 12 11  -99.76
2022 12 12  -85.36
2022 12 13 -109.34
2022 12 14 -196.43
2022 12 15 -329.96
2022 12 16 -389.48
2022 12 17 -323.53
2022 12 18 -257.03
2022 12 19 -216.98
2022 12 20 -172.36
2022 12 21 -168.08
2022 12 22 -153.08
2022 12 23  -53.63
2022 12 24   61.65
2022 12 25   93.66
2022 12 26  184.31
2022 12 27  216.14
2022 12 28  204.41
2022 12 29  197.60
2022 12 30  200.80
2022 12 31  168.73
2023 01 01  162.72
2023 01 02  153.83
2023 01 03   82.13
2023 01 04   25.28
2023 01 05   23.32
2023 01 06   49.62
2023 01 07   17.49
2023 01 08  -10.70
2023 01 09  -13.78
2023 01 10   25.61
2023 01 11  -25.13
2023 01 12  -90.44
2023 01 13   13.26
2023 01 14  142.95
2023 01 15  202.42
2023 01 16  185.83
2023 01 17  164.16
2023 01 18  143.91
2023 01 19   90.34
2023 01 20   42.90
2023 01 21   -2.79
2023 01 22  -21.38
2023 01 23   31.19
2023 01 24  -26.17
2023 01 25 -106.21
2023 01 26 -193.75
2023 01 27 -272.80
2023 01 28 -318.00
2023 01 29 -309.01
2023 01 30 -205.18
2023 01 31  -73.50
2023 02 01  -25.87
2023 02 02   31.73
2023 02 03  129.16
2023 02 04  173.03
2023 02 05  219.84
2023 02 06  268.84
2023 02 07  245.31
2023 02 08  204.97
2023 02 09  185.59
2023 02 10  177.89
2023 02 11  154.31
2023 02 12  175.63
2023 02 13  154.67
2023 02 14   77.16
2023 02 15   22.56
2023 02 16   29.84
2023 02 17   25.12
2023 02 18  -32.17
2023 02 19  -48.75
2023 02 20  -29.67
2023 02 21  -14.32
2023 02 22  -83.39
2023 02 23 -118.23
2023 02 24  -48.98
2023 02 25  136.64
2023 02 26  218.10
2023 02 27  176.83
2023 02 28  134.78
2023 03 01  208.73
2023 03 02  322.25
2023 03 03  245.19
2023 03 04   59.95
2023 03 05 -103.31
2023 03 06 -182.93
2023 03 07 -233.29
2023 03 08 -288.66
2023 03 09 -305.97
2023 03 10 -208.96
2023 03 11 -132.15
2023 03 12  -78.01
2023 03 13   16.06
2023 03 14  103.42
2023 03 15  126.79
2023 03 16   59.26
2023 03 17   28.60
2023 03 18   -3.12
2023 03 19    0.60
2023 03 20    1.48
2023 03 21    5.98
2023 03 22   72.35
2023 03 23   91.06
2023 03 24   38.43
2023 03 25  -66.85
2023 03 26 -192.64
2023 03 27 -239.60
2023 03 28 -253.17
2023 03 29 -183.37
2023 03 30  -29.54
2023 03 31   98.22
2023 04 01  114.62
2023 04 02   47.87
2023 04 03  -12.58
2023 04 04    3.30
2023 04 05   42.58
2023 04 06   71.40
2023 04 07  153.82
2023 04 08  223.34
2023 04 09  205.82
2023 04 10  126.74
2023 04 11   55.10
2023 04 12   54.50
2023 04 13   82.52
2023 04 14   79.60
2023 04 15   81.88
2023 04 16   90.33
2023 04 17   46.92
2023 04 18   14.38
2023 04 19  -44.12
2023 04 20  -87.25
2023 04 21  -65.66
2023 04 22  -23.74
2023 04 23    2.40
2023 04 24   21.65
2023 04 25   44.71
2023 04 26   64.70
2023 04 27   41.25
2023 04 28   -9.58
2023 04 29   -5.75
2023 04 30   11.97
2023 05 01    6.14
2023 05 02   -9.90
2023 05 03    0.76
2023 05 04    1.11
2023 05 05  -25.58
2023 05 06  -45.16
2023 05 07  -53.05
2023 05 08    2.18
2023 05 09   30.21
2023 05 10   57.52
2023 05 11   50.91
2023 05 12  -31.57
2023 05 13  -92.74
2023 05 14 -181.01
2023 05 15 -219.71
2023 05 16 -189.15
2023 05 17 -171.79
2023 05 18 -138.78
2023 05 19 -100.51
2023 05 20  -52.22
2023 05 21  -42.74
2023 05 22  -54.51
2023 05 23  -61.88
2023 05 24  -50.17
2023 05 25  -40.22
2023 05 26  -20.69
2023 05 27    8.52
2023 05 28   73.23
2023 05 29   82.54
2023 05 30   74.48
2023 05 31   73.19
2023 06 01   46.20
2023 06 02   18.18
2023 06 03   -7.47
2023 06 04  -78.53
2023 06 05 -112.30
2023 06 06  -66.84
2023 06 07  -22.30
2023 06 08   -5.12
2023 06 09   -3.47
2023 06 10   -1.83
2023 06 11  -13.12
2023 06 12   -1.31
2023 06 13   17.26
2023 06 14   42.15
2023 06 15   95.85
2023 06 16  151.08
2023 06 17  106.64
2023 06 18   16.87
2023 06 19  -41.28
2023 06 20  -59.91
2023 06 21  -54.35
2023 06 22  -56.66
2023 06 23  -58.22
2023 06 24  -45.74
2023 06 25  -14.41
2023 06 26    7.95
2023 06 27   27.43
2023 06 28   64.41
2023 06 29   69.39
2023 06 30   72.42
2023 07 01   57.25
2023 07 02    3.47
2023 07 03  -46.43
2023 07 04  -45.84
2023 07 05  -58.13
2023 07 06  -83.93
2023 07 07  -90.26
2023 07 08  -78.58
2023 07 09  -89.76
2023 07 10  -84.12
2023 07 11  -63.11
2023 07 12  -62.12
2023 07 13  -92.25
2023 07 14  -86.52
2023 07 15  -36.87
2023 07 16   23.12
2023 07 17   57.00
2023 07 18   25.54
2023 07 19  -15.42
2023 07 20  -42.28
2023 07 21  -45.21
2023 07 22  -26.39
2023 07 23  -28.60
2023 07 24  -34.94
2023 07 25  -27.97
2023 07 26  -66.51
2023 07 27 -102.74
2023 07 28 -112.11
2023 07 29 -108.59
2023 07 30  -91.64
2023 07 31  -52.00
2023 08 01  -53.88
2023 08 02  -74.21
2023 08 03  -62.43
2023 08 04  -63.67
2023 08 05  -68.01
2023 08 06  -27.96
2023 08 07   11.45
2023 08 08   43.23
2023 08 09   69.83
2023 08 10   77.88
2023 08 11   48.37
2023 08 12   66.97
2023 08 13   57.59
2023 08 14   19.81
2023 08 15   26.30
2023 08 16    9.41
2023 08 17    9.88
2023 08 18   11.07
2023 08 19  -23.72
2023 08 20  -83.59
2023 08 21 -105.96
2023 08 22 -116.86
2023 08 23 -115.53
2023 08 24 -148.09
2023 08 25 -157.80
2023 08 26 -134.26
2023 08 27 -147.58
2023 08 28 -129.69
2023 08 29  -49.73
2023 08 30    0.78
2023 08 31  -21.00
2023 09 01  -35.76
2023 09 02  -28.54
2023 09 03   -5.55
2023 09 04    5.55
2023 09 05  -16.02
2023 09 06   25.65
2023 09 07   65.40
2023 09 08   18.11
2023 09 09  -29.16
2023 09 10  -10.43
2023 09 11   68.15
2023 09 12  115.47
2023 09 13  110.23
2023 09 14   84.20
2023 09 15   77.03
2023 09 16   81.16
2023 09 17   99.43
2023 09 18   59.81
2023 09 19   20.57
2023 09 20  -15.89
2023 09 21    7.62
2023 09 22   36.94
2023 09 23   61.35
2023 09 24   64.39
2023 09 25   82.45
2023 09 26  126.91
2023 09 27   95.36
2023 09 28   55.17
2023 09 29    7.49
2023 09 30   -7.79
2023 10 01   46.01
2023 10 02   49.68
2023 10 03   17.00
2023 10 04  -66.60
2023 10 05  -87.89
2023 10 06  -45.39
2023 10 07    4.79
2023 10 08   80.48
2023 10 09  116.29
2023 10 10  108.11
2023 10 11   43.83
2023 10 12  -15.80
2023 10 13   14.18
2023 10 14   38.46
2023 10 15  -12.65
2023 10 16    8.54
2023 10 17   47.10
2023 10 18    8.34
2023 10 19   -9.57
2023 10 20  -58.59
2023 10 21 -112.88
2023 10 22 -154.94
2023 10 23 -169.39
2023 10 24 -223.66
2023 10 25 -255.15
2023 10 26 -244.30
2023 10 27 -243.80
2023 10 28 -267.33
2023 10 29 -254.18
2023 10 30 -239.36
2023 10 31 -186.67
2023 11 01 -108.69
2023 11 02  -34.53
2023 11 03  -12.55
2023 11 04   25.65
2023 11 05   62.13
2023 11 06   44.37
2023 11 07   93.05
2023 11 08   89.53
2023 11 09  105.46
2023 11 10  174.96
2023 11 11  170.00
2023 11 12  -20.28
2023 11 13 -111.09
2023 11 14  -77.28
2023 11 15  -91.20
2023 11 16  -30.78
2023 11 17    7.06
2023 11 18   53.37
2023 11 19   47.19
2023 11 20  -40.84
2023 11 21  -21.42
2023 11 22  -78.82
2023 11 23 -148.98
2023 11 24 -211.45
2023 11 25 -236.28
2023 11 26 -193.93
2023 11 27 -113.90
2023 11 28  -66.01
2023 11 29  -15.82
2023 11 30   65.45
2023 12 01  141.37
2023 12 02  176.29
2023 12 03  219.42
2023 12 04  201.83
2023 12 05  203.87
2023 12 06  152.62
2023 12 07  128.73
2023 12 08   83.33
2023 12 09   62.74
2023 12 10   57.37
2023 12 11   22.44
2023 12 12   50.96
2023 12 13  112.11
2023 12 14  -16.39
2023 12 15 -151.64
2023 12 16 -160.21
2023 12 17  -98.25
2023 12 18  -67.66
2023 12 19  -23.55
2023 12 20   48.12
2023 12 21   99.57
2023 12 22  142.07
2023 12 23  151.35
2023 12 24  185.02
2023 12 25  176.73
2023 12 26  116.00
2023 12 27   36.77
2023 12 28   -1.71
2023 12 29  -36.25
2023 12 30   -0.77
2023 12 31   -8.59
2024 01 01  -16.35
2024 01 02  -14.37
2024 01 03   71.51
2024 01 04  199.53
2024 01 05  196.56
2024 01 06   81.39
2024 01 07   34.24
2024 01 08   65.26
2024 01 09   94.10
2024 01 10    0.67
2024 01 11  -60.09
2024 01 12  -43.39
2024 01 13   -0.39
2024 01 14  -23.32
2024 01 15 -161.03
2024 01 16 -231.80
2024 01 17 -207.17
2024 01 18 -195.44
2024 01 19 -168.61
2024 01 20  -33.35
2024 01 21   61.72
2024 01 22   88.66
2024 01 23  105.73
2024 01 24  108.20
2024 01 25   46.39
2024 01 26   54.46
2024 01 27  111.99
2024 01 28  104.89
2024 01 29  115.66
2024 01 30   98.16
2024 01 31   21.32
2024 02 01   13.72
2024 02 02   30.50
2024 02 03    8.65
2024 02 04  -40.74
2024 02 05  -57.45
2024 02 06  -33.05
2024 02 07   34.99
2024 02 08   47.94
2024 02 09   76.67
2024 02 10  114.03
2024 02 11   83.30
2024 02 12  -47.15
2024 02 13 -167.32
2024 02 14 -186.38
2024 02 15 -187.46
2024 02 16 -216.35
2024 02 17 -218.04
2024 02 18 -150.94
2024 02 19  -87.12
2024 02 20  -15.01
2024 02 21  -17.39
2024 02 22  -41.81
2024 02 23  -26.11
2024 02 24  -24.10
2024 02 25   53.09
2024 02 26   91.76
2024 02 27  181.93
2024 02 28  260.00
2024 02 29  248.80
2024 03 01  182.50
2024 03 02  122.55
2024 03 03   69.99
2024 03 04   45.20
2024 03 05   21.46
2024 03 06   66.51
2024 03 07  123.44
2024 03 08  124.74
2024 03 09  187.96
2024 03 10  218.84
2024 03 11  223.69
2024 03 12  181.01
2024 03 13   44.35
2024 03 14  -96.35
2024 03 15 -187.67
2024 03 16 -176.49
2024 03 17 -128.16
2024 03 18 -142.58
2024 03 19 -193.69
2024 03 20 -186.29
2024 03 21 -196.57
2024 03 22 -153.76
2024 03 23  -55.95
2024 03 24   65.93
2024 03 25   99.16
2024 03 26   45.96
2024 03 27   11.52
2024 03 28    0.16
2024 03 29  -50.92
2024 03 30  -65.17
2024 03 31   40.26
2024 04 01   99.31
2024 04 02   86.14
2024 04 03   18.58
2024 04 04  -48.39
2024 04 05   -9.19
2024 04 06   40.92
2024 04 07   90.41
2024 04 08  151.54
2024 04 09  106.74
2024 04 10   16.06
2024 04 11   -8.74
2024 04 12   12.89
2024 04 13   10.62
2024 04 14  -16.93
2024 04 15  -51.22
2024 04 16  -98.74
2024 04 17 -127.43
2024 04 18 -159.05
2024 04 19 -151.06
2024 04 20  -84.49
2024 04 21  -24.77
2024 04 22  -35.41
2024 04 23  -40.51
2024 04 24    6.13
2024 04 25   66.88
2024 04 26   83.69
2024 04 27  113.72
2024 04 28  104.92
2024 04 29   46.52
2024 04 30   12.73
2024 05 01   23.13
2024 05 02    9.30
2024 05 03    7.36
2024 05 04   50.40
2024 05 05  135.68
2024 05 06  159.10
2024 05 07  118.46
2024 05 08   47.18
2024 05 09  -47.05
2024 05 10  -10.44
2024 05 11   38.69
2024 05 12   91.95
2024 05 13  100.61
2024 05 14   26.88
2024 05 15   -5.20
2024 05 16    1.03
2024 05 17   22.73
2024 05 18   39.38
2024 05 19   42.98
2024 05 20   34.02
2024 05 21   26.95
2024 05 22   21.71
2024 05 23   37.20
2024 05 24   56.30
2024 05 25  108.36
2024 05 26  120.23
2024 05 27   84.49
2024 05 28   84.49
2024 05 29   87.87
2024 05 30   46.67
2024 05 31   82.87
2024 06 01  131.98
2024 06 02  177.25
2024 06 03  247.97
2024 06 04  251.50
2024 06 05  165.71
2024 06 06   71.00
2024 06 07    0.42
2024 06 08   -3.21
2024 06 09   34.84
2024 06 10   98.25
2024 06 11  105.53
2024 06 12   55.36
2024 06 13    7.51
2024 06 14   18.79
2024 06 15   18.49
2024 06 16   12.05
2024 06 17   27.00
2024 06 18   38.07
2024 06 19   42.66
2024 06 20   37.66
2024 06 21   55.88
2024 06 22   78.66
2024 06 23   54.85
2024 06 24   17.91
2024 06 25  -37.49
2024 06 26  -30.99
2024 06 27   -4.16
2024 06 28  -12.70
2024 06 29   -6.00
2024 06 30   46.53
2024 07 01   66.16
2024 07 02   30.19
2024 07 03   -7.81
2024 07 04  -41.16
2024 07 05  -63.39
2024 07 06  -62.18
2024 07 07  -26.43
2024 07 08   32.28
2024 07 09   63.38
2024 07 10   82.87
2024 07 11   38.89
2024 07 12    6.75
2024 07 13   20.34
2024 07 14   58.83
2024 07 15   55.48
2024 07 16   31.14
2024 07 17   20.20
2024 07 18    5.32
2024 07 19  -21.63
2024 07 20  -70.63
2024 07 21  -76.68
2024 07 22  -72.27
2024 07 23  -83.23
2024 07 24 -117.08
2024 07 25 -110.80
2024 07 26  -65.10
2024 07 27   -7.27
2024 07 28   33.62
2024 07 29   78.54
2024 07 30  114.61
2024 07 31   94.08
2024 08 01   36.96
2024 08 02   -6.30
2024 08 03  -41.03
2024 08 04  -59.14
2024 08 05  -76.61
2024 08 06  -70.01
2024 08 07  -92.86
2024 08 08  -93.87
2024 08 09  -81.86
2024 08 10  -36.57
2024 08 11   18.85
2024 08 12   34.84
2024 08 13   20.26
2024 08 14    5.36
2024 08 15   -3.29
2024 08 16  -30.85
2024 08 17  -75.63
2024 08 18 -104.43
2024 08 19  -79.19
2024 08 20  -32.59
2024 08 21  -40.52
2024 08 22  -40.42
2024 08 23    4.92
2024 08 24   58.21
2024 08 25   83.89
2024 08 26   37.92
2024 08 27   21.03
2024 08 28   24.06
2024 08 29   21.13
2024 08 30   21.03
2024 08 31    3.29
2024 09 01    7.44
2024 09 02   35.31
2024 09 03   13.58
2024 09 04  -34.10
2024 09 05   -1.89
2024 09 06   32.08
2024 09 07   -0.78
2024 09 08  -45.84
2024 09 09  -44.80
2024 09 10   -1.63
2024 09 11   43.02
2024 09 12   71.41
2024 09 13   84.76
2024 09 14   55.14
2024 09 15   45.96
2024 09 16   53.97
2024 09 17   32.17
2024 09 18   21.01
2024 09 19    3.77
2024 09 20   18.39
2024 09 21   42.82
2024 09 22   64.77
2024 09 23   82.40
2024 09 24   90.53
2024 09 25  126.74
2024 09 26  170.67
2024 09 27  172.93
2024 09 28  114.34
2024 09 29  113.23
2024 09 30   75.32
2024 10 01   95.18
2024 10 02   50.51
2024 10 03   33.39
2024 10 04  126.82
2024 10 05  158.57
2024 10 06  132.79
2024 10 07  136.04
2024 10 08  111.29
2024 10 09   86.66
2024 10 10   72.30
2024 10 11   96.67
2024 10 12  125.60
2024 10 13  153.24
2024 10 14  147.58
2024 10 15  101.57
2024 10 16   88.59
2024 10 17   91.42
2024 10 18   84.47
2024 10 19   65.55
2024 10 20  -59.84
2024 10 21 -155.30
2024 10 22 -135.08
2024 10 23  -45.03
2024 10 24   55.07
2024 10 25   40.73
2024 10 26   55.84
2024 10 27   99.86
2024 10 28   88.25
2024 10 29   94.52
2024 10 30   51.72
2024 10 31   34.68
2024 11 01   46.51
2024 11 02  114.29
2024 11 03  136.81
2024 11 04   97.59
2024 11 05   35.01
2024 11 06   58.00
2024 11 07   94.67
2024 11 08  131.42
2024 11 09  118.17
2024 11 10  125.64
2024 11 11  120.99
2024 11 12  145.38
2024 11 13  107.97
2024 11 14   64.08
2024 11 15   50.67
2024 11 16  141.40
2024 11 17  232.92
2024 11 18  182.78
2024 11 19   30.24
2024 11 20 -168.33
2024 11 21 -243.29
2024 11 22 -258.96
2024 11 23 -229.99
2024 11 24 -222.98
2024 11 25 -212.57
2024 11 26 -174.73
2024 11 27 -153.02
2024 11 28 -130.16
2024 11 29 -105.10
2024 11 30  -81.63
2024 12 01  -43.78
2024 12 02  -14.50
2024 12 03  -35.60
2024 12 04  -34.12
2024 12 05  -14.08
2024 12 06   28.23
2024 12 07   49.16
2024 12 08  -27.22
2024 12 09 -137.55
2024 12 10 -149.44
2024 12 11  -49.79
2024 12 12   35.08
2024 12 13   64.11
2024 12 14   70.96
2024 12 15  -21.55
2024 12 16  -72.62
2024 12 17  -59.81
2024 12 18  -48.59
2024 12 19  -98.46
2024 12 20  -88.76
2024 12 21   -9.80
2024 12 22   99.09
2024 12 23  112.77
2024 12 24  186.45
2024 12 25  280.91
2024 12 26  310.29
2024 12 27  225.40
2024 12 28  135.47
2024 12 29   75.67
2024 12 30   11.94
2024 12 31  -48.65
2025 01 01  -42.88
2025 01 02  -66.19
2025 01 03  -18.87
2025 01 04   83.75
2025 01 05   65.62
2025 01 06  -11.42
2025 01 07    0.43
2025 01 08  -27.39
2025 01 09   -4.35
2025 01 10   62.03
2025 01 11   -8.27
2025 01 12  -22.85
2025 01 13   12.88
2025 01 14   27.57
2025 01 15   -2.70
2025 01 16  -38.92
2025 01 17 -147.26
2025 01 18 -205.84
2025 01 19 -203.56
2025 01 20 -126.31
2025 01 21  -73.84
2025 01 22 -103.54
2025 01 23 -117.44
2025 01 24 -193.28
2025 01 25 -258.98
2025 01 26 -214.36
2025 01 27 -126.99
2025 01 28  -77.58
2025 01 29  -12.14
2025 01 30   22.12
2025 01 31   -8.63
2025 02 01  -60.74
2025 02 02 -145.02
2025 02 03 -209.85
2025 02 04 -200.20
2025 02 05 -130.34
2025 02 06 -109.66
2025 02 07  -71.20
2025 02 08  -36.04
2025 02 09  -63.19
2025 02 10 -111.46
2025 02 11  -88.60
2025 02 12  -43.69
2025 02 13   32.20
2025 02 14  114.03
2025 02 15   65.47
2025 02 16   32.38
2025 02 17   -5.21
2025 02 18    7.26
2025 02 19   43.86
2025 02 20   60.78
2025 02 21   47.86
2025 02 22  121.63
2025 02 23  200.95
2025 02 24  171.85
2025 02 25  164.82
2025 02 26  107.90
2025 02 27  102.16
2025 02 28   43.69
2025 03 01   30.27
2025 03 02   35.31
2025 03 03   18.25
2025 03 04   48.77
2025 03 05   57.15
2025 03 06   64.97
2025 03 07   84.08
2025 03 08   42.82
2025 03 09   15.87
2025 03 10   85.60
2025 03 11   89.76
2025 03 12   42.15
2025 03 13  131.47
2025 03 14  197.16
2025 03 15  163.94
2025 03 16  122.43
2025 03 17  133.45
2025 03 18  139.16
2025 03 19  152.95
2025 03 20  225.56
2025 03 21  186.80
2025 03 22  149.50
2025 03 23  121.88
2025 03 24   69.95
2025 03 25  -56.19
2025 03 26 -107.85
2025 03 27  -49.30
2025 03 28  -16.75
2025 03 29  -38.81
2025 03 30  -65.58
2025 03 31  -57.40
2025 04 01  -27.86
2025 04 02  -16.78
2025 04 03  -68.67
2025 04 04  -61.71
2025 04 05  -44.22
2025 04 06   12.53
2025 04 07  116.14
2025 04 08  150.03
2025 04 09   91.68
2025 04 10   66.07
2025 04 11  100.75
2025 04 12   67.91
2025 04 13   34.08
2025 04 14   39.12
2025 04 15   -2.37
2025 04 16  -72.42
2025 04 17 -120.12
2025 04 18  -48.98
2025 04 19   -7.44
2025 04 20  -31.99
2025 04 21  -38.12
2025 04 22  -35.04
2025 04 23  -15.31
2025 04 24   -2.09
2025 04 25    2.40
2025 04 26  -15.20
2025 04 27  -29.03
2025 04 28   22.73
2025 04 29   78.14
2025 04 30   76.42
2025 05 01   72.76
2025 05 02  102.56
2025 05 03  107.20
2025 05 04   77.16
2025 05 05   77.43
2025 05 06   70.03
2025 05 07  115.64
2025 05 08  127.88
2025 05 09   73.89
2025 05 10   95.88
2025 05 11   93.17
2025 05 12   78.73
2025 05 13   85.03
2025 05 14   52.35
2025 05 15   76.59
2025 05 16  100.21
2025 05 17   99.00
2025 05 18  128.59
2025 05 19  134.50
2025 05 20  107.65
2025 05 21   67.94
2025 05 22   75.31
2025 05 23  127.69
2025 05 24   99.26
2025 05 25  136.22
2025 05 26  193.50
2025 05 27  186.52
2025 05 28  153.64
2025 05 29  172.44
2025 05 30  199.86
2025 05 31  161.81
2025 06 01   75.98
2025 06 02   12.36
2025 06 03   13.76
2025 06 04   26.80
2025 06 05   16.49
2025 06 06   -2.28
2025 06 07   -0.21
2025 06 08   14.10
2025 06 09  -35.20
2025 06 10  -55.83
2025 06 11  -35.25
2025 06 12  -31.16
2025 06 13  -56.17
2025 06 14  -71.23
2025 06 15  -35.02
2025 06 16   17.12
2025 06 17   23.42
2025 06 18    3.11
2025 06 19   -0.54
2025 06 20   -3.28
2025 06 21  -30.71
2025 06 22  -47.85
2025 06 23  -33.49
2025 06 24    3.95
2025 06 25   55.67
2025 06 26   77.96
2025 06 27   78.59
2025 06 28   55.59
2025 06 29   -5.50
2025 06 30  -42.64
2025 07 01   -4.48
2025 07 02   29.30
2025 07 03   26.38
2025 07 04   13.12
2025 07 05   16.96
2025 07 06   38.34
2025 07 07   63.26
2025 07 08  103.46
2025 07 09  123.02
2025 07 10  104.40
2025 07 11   86.21
2025 07 12   40.69
2025 07 13  -16.34
2025 07 14  -62.95
2025 07 15  -93.37
2025 07 16  -77.14
2025 07 17  -48.24
2025 07 18  -55.73
2025 07 19  -83.89
2025 07 20 -105.58
2025 07 21 -108.48
2025 07 22  -83.82
2025 07 23  -71.27
2025 07 24  -48.55
2025 07 25  -42.33
2025 07 26  -39.72
2025 07 27  -40.47
2025 07 28  -58.80
2025 07 29  -54.76
2025 07 30  -24.16
2025 07 31   -7.09
2025 08 01    6.11
2025 08 02   -2.32
2025 08 03   24.29
2025 08 04   74.29
2025 08 05   68.12
2025 08 06   60.15
2025 08 07   67.72
2025 08 08   68.22
2025 08 09   46.44
2025 08 10   -5.70
2025 08 11  -66.16
2025 08 12  -63.71
2025 08 13  -22.81
2025 08 14   37.70
2025 08 15   83.77
2025 08 16  103.05
2025 08 17   77.38
2025 08 18   33.86
2025 08 19    6.45
2025 08 20  -43.63
2025 08 21  -97.67
2025 08 22 -135.13
2025 08 23 -169.31
2025 08 24 -157.57
2025 08 25 -152.66
2025 08 26 -120.03
2025 08 27  -67.24
2025 08 28  -66.73
2025 08 29 -110.00
2025 08 30 -148.82
2025 08 31 -164.77
2025 09 01 -195.59
2025 09 02 -217.86
2025 09 03 -189.23
2025 09 04 -134.91
2025 09 05 -108.24
2025 09 06  -90.21
2025 09 07  -71.66
2025 09 08  -37.71
2025 09 09    3.25
2025 09 10   39.61
2025 09 11   71.15
2025 09 12   90.96
2025 09 13   97.24
2025 09 14   92.25
2025 09 15   53.53
2025 09 16   -6.59
2025 09 17  -20.75
2025 09 18  -29.60
2025 09 19   33.92
2025 09 20  133.17
2025 09 21  158.66
2025 09 22  125.69
2025 09 23   19.05
2025 09 24   32.42
2025 09 25  121.66
2025 09 26  203.75
2025 09 27  169.61
2025 09 28   85.75
2025 09 29  112.55
2025 09 30  119.32
2025 10 01  116.87
2025 10 02   98.55
2025 10 03   17.74
2025 10 04  -68.48
2025 10 05 -114.45
2025 10 06 -112.63
2025 10 07 -157.96
2025 10 08 -178.21
2025 10 09 -217.21
2025 10 10 -194.45
2025 10 11 -116.29
2025 10 12 -124.57
2025 10 13 -135.64
2025 10 14 -110.68
2025 10 15  -42.66
2025 10 16   49.95
2025 10 17   42.45
2025 10 18   38.95
2025 10 19   41.46
2025 10 20   57.50
2025 10 21   51.18
2025 10 22   99.23
2025 10 23  188.27
2025 10 24  215.95
2025 10 25  220.63
2025 10 26  217.48
2025 10 27  167.40
2025 10 28  102.86
2025 10 29  124.47
2025 10 30  114.97
2025 10 31  190.98
2025 11 01  245.97
2025 11 02  179.69
2025 11 03  118.36
2025 11 04   47.33
2025 11 05   60.84
2025 11 06  125.21
2025 11 07   83.51
2025 11 08  -51.90
2025 11 09  -48.58
2025 11 10   90.18
2025 11 11   63.95
2025 11 12  -47.62
2025 11 13  -27.55
2025 11 14   51.20
2025 11 15   52.98
2025 11 16   39.81
2025 11 17   82.84
2025 11 18   57.81
2025 11 19   50.34
2025 11 20  141.65
2025 11 21  150.85
2025 11 22   67.40
2025 11 23  -14.72
2025 11 24  -47.82
2025 11 25  -45.06
2025 11 26  -43.89
2025 11 27  -79.26
2025 11 28 -111.54
2025 11 29 -151.63
2025 11 30 -143.31
2025 12 01  -85.18
2025 12 02  -89.11
2025 12 03  -84.15
2025 12 04  -68.53
2025 12 05   12.38
2025 12 06  133.36
2025 12 07  146.06
2025 12 08  156.49
2025 12 09  131.74
2025 12 10   37.58
2025 12 11  -98.82
2025 12 12 -227.09
2025 12 13 -130.07
2025 12 14   30.55
2025 12 15   95.43
2025 12 16  155.96
2025 12 17  135.30
2025 12 18   83.42
2025 12 19   89.95
2025 12 20   70.22
2025 12 21   43.59
2025 12 22   19.33
2025 12 23  -79.91
2025 12 24 -155.52
2025 12 25  -79.38
2025 12 26   19.57
2025 12 27   31.73
2025 12 28  -28.32
2025 12 29  -41.27
2025 12 30  -22.98
2025 12 31  -62.56
2026 01 01 -118.78
2026 01 02  -72.74
2026 01 03   11.43
2026 01 04  113.47
2026 01 05  210.12
2026 01 06  299.15
2026 01 07  273.75
2026 01 08  173.12
2026 01 09  113.94
2026 01 10  150.65
2026 01 11  143.78
2026 01 12  113.81
2026 01 13   56.29
2026 01 14   88.01
2026 01 15  -92.49
2026 01 16 -254.34
2026 01 17 -335.22
2026 01 18 -380.75
2026 01 19 -390.75
2026 01 20 -347.51
2026 01 21 -313.47
2026 01 22 -294.63
2026 01 23 -274.49
2026 01 24 -230.44
2026 01 25 -158.06
2026 01 26  -73.43
2026 01 27   11.96
2026 01 28   96.87
2026 01 29   23.17
2026 01 30  -64.08
2026 01 31  -99.00
2026 02 01  -35.80
2026 02 02  -23.47
2026 02 03  -37.97
2026 02 04  -26.34
2026 02 05  -78.18
2026 02 06  -87.12
2026 02 07   48.45
2026 02 08  138.33
2026 02 09  159.91
2026 02 10  123.92
2026 02 11  170.17
2026 02 12  201.83
2026 02 13  105.06
2026 02 14  -39.66
2026 02 15  -82.08
2026 02 16  -54.18
2026 02 17   -9.14
2026 02 18  -14.37
2026 02 19    5.57
2026 02 20   32.40
2026 02 21 -135.70
2026 02 22 -260.01
2026 02 23 -199.66
2026 02 24  -90.68
2026 02 25   86.73
2026 02 26  126.88
2026 02 27   76.05
2026 02 28   64.09
2026 03 01   93.07
2026 03 02  127.94
2026 03 03  169.66
2026 03 04  197.70
2026 03 05  187.00
2026 03 06  150.79
2026 03 07  201.22
2026 03 08  234.12
2026 03 09  198.11
2026 03 10  182.88
2026 03 11  138.12
2026 03 12  108.29
2026 03 13   90.80
2026 03 14   70.39
2026 03 15   44.20
2026 03 16  106.33
2026 03 17  200.29
