1948 01 01   89.36
1948 01 02  125.03
1948 01 03  191.11
1948 01 04  244.50
1948 01 05  193.12
1948 01 06  123.54
1948 01 07   71.56
1948 01 08   29.16
1948 01 09   -6.41
1948 01 10  -22.55
1948 01 11  -56.98
1948 01 12  -74.99
1948 01 13  -57.66
1948 01 14  -48.84
1948 01 15  -64.65
1948 01 16  -48.87
1948 01 17   -5.14
1948 01 18   75.52
1948 01 19  100.45
1948 01 20  134.22
1948 01 21  151.16
1948 01 22  154.26
1948 01 23  153.48
1948 01 24  111.56
1948 01 25  155.69
1948 01 26  199.51
1948 01 27  187.72
1948 01 28  169.64
1948 01 29  157.21
1948 01 30  152.88
1948 01 31  120.82
1948 02 01  108.80
1948 02 02   56.69
1948 02 03  -38.66
1948 02 04  -73.85
1948 02 05  -92.13
1948 02 06  -78.48
1948 02 07  -63.51
1948 02 08  -46.63
1948 02 09  -17.45
1948 02 10  -80.93
1948 02 11 -107.51
1948 02 12 -112.24
1948 02 13 -115.23
1948 02 14 -157.86
1948 02 15 -134.32
1948 02 16 -126.46
1948 02 17 -145.71
1948 02 18 -147.02
1948 02 19 -143.56
1948 02 20 -108.88
1948 02 21  -37.07
1948 02 22  -42.89
1948 02 23  -60.68
1948 02 24  -28.01
1948 02 25  -18.06
1948 02 26  -28.50
1948 02 27  -38.48
1948 02 28  -44.38
1948 02 29  -43.76
1948 03 01  -58.98
1948 03 02  -73.26
1948 03 03  -67.44
1948 03 04  -37.83
1948 03 05  -20.27
1948 03 06  -10.92
1948 03 07  -28.99
1948 03 08  -56.94
1948 03 09  -76.18
1948 03 10  -69.47
1948 03 11   -5.44
1948 03 12   63.45
1948 03 13  111.48
1948 03 14  135.86
1948 03 15  131.38
1948 03 16  123.06
1948 03 17  122.11
1948 03 18  112.86
1948 03 19  115.94
1948 03 20  110.09
1948 03 21   88.65
1948 03 22   69.09
1948 03 23   81.46
1948 03 24   80.05
1948 03 25   58.34
1948 03 26   67.06
1948 03 27   69.92
1948 03 28  100.79
1948 03 29   67.22
1948 03 30   51.56
1948 03 31    8.66
1948 04 01  -56.92
1948 04 02  -94.92
1948 04 03  -89.95
1948 04 04 -100.97
1948 04 05 -142.75
1948 04 06 -189.97
1948 04 07 -224.65
1948 04 08 -257.16
1948 04 09 -255.76
1948 04 10 -212.33
1948 04 11 -176.03
1948 04 12 -188.87
1948 04 13 -212.20
1948 04 14 -221.47
1948 04 15 -197.12
1948 04 16 -183.35
1948 04 17 -152.59
1948 04 18  -99.20
1948 04 19  -58.31
1948 04 20  -53.22
1948 04 21  -58.44
1948 04 22  -51.81
1948 04 23  -27.87
1948 04 24  -25.89
1948 04 25  -29.59
1948 04 26  -47.06
1948 04 27 -127.48
1948 04 28 -177.69
1948 04 29 -148.96
1948 04 30 -122.68
1948 05 01 -150.82
1948 05 02 -167.29
1948 05 03 -145.84
1948 05 04 -116.43
1948 05 05  -99.57
1948 05 06  -91.79
1948 05 07  -86.14
1948 05 08  -71.97
1948 05 09  -59.75
1948 05 10  -49.19
1948 05 11  -67.82
1948 05 12  -94.10
1948 05 13  -71.10
1948 05 14  -19.28
1948 05 15  -15.15
1948 05 16  -19.95
1948 05 17   17.56
1948 05 18   39.24
1948 05 19   50.27
1948 05 20   52.41
1948 05 21   53.84
1948 05 22   63.77
1948 05 23   37.15
1948 05 24  -17.29
1948 05 25  -69.31
1948 05 26  -77.68
1948 05 27  -53.62
1948 05 28  -24.57
1948 05 29  -27.82
1948 05 30  -17.02
1948 05 31    6.61
1948 06 01   20.98
1948 06 02    4.42
1948 06 03  -21.69
1948 06 04  -27.49
1948 06 05  -12.60
1948 06 06   14.09
1948 06 07  -12.77
1948 06 08  -70.75
1948 06 09  -86.98
1948 06 10  -68.49
1948 06 11  -41.92
1948 06 12  -19.62
1948 06 13  -13.21
1948 06 14   -7.40
1948 06 15    7.80
1948 06 16   27.90
1948 06 17   18.12
1948 06 18   13.47
1948 06 19   27.50
1948 06 20   34.42
1948 06 21   21.01
1948 06 22   -3.04
1948 06 23  -15.56
1948 06 24  -13.50
1948 06 25   -3.45
1948 06 26   -5.41
1948 06 27  -25.95
1948 06 28  -57.33
1948 06 29  -56.19
1948 06 30  -21.26
1948 07 01    6.16
1948 07 02   27.99
1948 07 03   30.80
1948 07 04   32.07
1948 07 05   78.35
1948 07 06   91.56
1948 07 07   50.74
1948 07 08   10.86
1948 07 09  -10.47
1948 07 10    3.02
1948 07 11   14.94
1948 07 12   19.66
1948 07 13   11.23
1948 07 14  -15.05
1948 07 15  -49.59
1948 07 16  -44.18
1948 07 17  -19.49
1948 07 18   28.86
1948 07 19   73.07
1948 07 20   82.04
1948 07 21   61.92
1948 07 22   66.57
1948 07 23   92.31
1948 07 24   85.91
1948 07 25   85.52
1948 07 26   97.63
1948 07 27  111.94
1948 07 28   98.47
1948 07 29   81.45
1948 07 30   57.33
1948 07 31   40.11
1948 08 01   28.77
1948 08 02   39.63
1948 08 03   43.91
1948 08 04   36.38
1948 08 05   30.27
1948 08 06    7.68
1948 08 07    5.22
1948 08 08    7.96
1948 08 09   13.02
1948 08 10   18.28
1948 08 11   15.66
1948 08 12    8.74
1948 08 13   10.90
1948 08 14    9.41
1948 08 15   21.97
1948 08 16   15.84
1948 08 17  -15.39
1948 08 18  -44.13
1948 08 19  -58.13
1948 08 20  -87.90
1948 08 21  -89.80
1948 08 22  -56.47
1948 08 23  -45.20
1948 08 24  -73.42
1948 08 25  -93.16
1948 08 26  -71.70
1948 08 27  -50.21
1948 08 28  -44.66
1948 08 29  -36.65
1948 08 30  -29.71
1948 08 31  -18.71
1948 09 01   -4.87
1948 09 02   17.95
1948 09 03   46.34
1948 09 04   54.61
1948 09 05   39.02
1948 09 06   22.98
1948 09 07   22.49
1948 09 08   35.60
1948 09 09   31.17
1948 09 10    8.90
1948 09 11  -27.87
1948 09 12  -57.59
1948 09 13  -44.69
1948 09 14    5.92
1948 09 15   21.33
1948 09 16   34.87
1948 09 17   51.97
1948 09 18   34.87
1948 09 19   30.27
1948 09 20    5.33
1948 09 21  -65.22
1948 09 22  -93.56
1948 09 23  -89.98
1948 09 24  -37.11
1948 09 25  -15.61
1948 09 26   -4.46
1948 09 27   12.03
1948 09 28   25.26
1948 09 29   68.97
1948 09 30  100.69
1948 10 01  105.74
1948 10 02  110.49
1948 10 03   92.69
1948 10 04   59.46
1948 10 05   32.01
1948 10 06   43.71
1948 10 07   74.30
1948 10 08   67.57
1948 10 09   71.20
1948 10 10   73.46
1948 10 11   59.48
1948 10 12   52.80
1948 10 13    2.60
1948 10 14  -36.73
1948 10 15  -37.41
1948 10 16    1.95
1948 10 17   -7.00
1948 10 18  -25.86
1948 10 19   -3.82
1948 10 20   62.20
1948 10 21   57.72
1948 10 22   33.10
1948 10 23   26.48
1948 10 24   29.86
1948 10 25   53.50
1948 10 26  109.58
1948 10 27  168.15
1948 10 28  215.49
1948 10 29  223.65
1948 10 30  205.92
1948 10 31  194.62
1948 11 01  200.17
1948 11 02  199.89
1948 11 03  169.94
1948 11 04   99.33
1948 11 05   76.34
1948 11 06   46.01
1948 11 07   60.35
1948 11 08   84.35
1948 11 09   89.65
1948 11 10  106.82
1948 11 11  123.51
1948 11 12  133.55
1948 11 13  114.90
1948 11 14  102.73
1948 11 15  114.99
1948 11 16  101.97
1948 11 17   52.54
1948 11 18    4.43
1948 11 19  -31.72
1948 11 20  -82.67
1948 11 21  -99.32
1948 11 22  -95.59
1948 11 23  -48.33
1948 11 24  -12.95
1948 11 25  -29.23
1948 11 26  -47.12
1948 11 27  -25.28
1948 11 28   23.79
1948 11 29   23.09
1948 11 30   25.23
1948 12 01   42.47
1948 12 02    2.98
1948 12 03   14.83
1948 12 04    1.72
1948 12 05  -47.94
1948 12 06  -49.35
1948 12 07  -59.07
1948 12 08  -76.14
1948 12 09  -32.66
1948 12 10   19.13
1948 12 11    2.34
1948 12 12  -42.73
1948 12 13  -16.96
1948 12 14   -7.28
1948 12 15  -37.77
1948 12 16  -33.40
1948 12 17    5.51
1948 12 18   80.21
1948 12 19  113.61
1948 12 20  113.36
1948 12 21   81.41
1948 12 22   47.64
1948 12 23   52.74
1948 12 24   95.79
1948 12 25  171.02
1948 12 26  207.14
1948 12 27  202.72
1948 12 28  171.24
1948 12 29  153.36
1948 12 30  126.71
1948 12 31   99.65
1949 01 01   88.52
1949 01 02   45.03
1949 01 03  112.68
1949 01 04  132.21
1949 01 05  130.73
1949 01 06  119.16
1949 01 07  123.08
1949 01 08  135.98
1949 01 09  126.90
1949 01 10  104.87
1949 01 11   78.16
1949 01 12   77.60
1949 01 13   98.43
1949 01 14   85.07
1949 01 15   54.89
1949 01 16   54.81
1949 01 17   41.10
1949 01 18   65.52
1949 01 19   78.05
1949 01 20   48.96
1949 01 21   54.16
1949 01 22   96.61
1949 01 23   80.61
1949 01 24   47.25
1949 01 25   53.13
1949 01 26   95.47
1949 01 27  111.37
1949 01 28  160.77
1949 01 29  160.42
1949 01 30   83.89
1949 01 31   14.82
1949 02 01  -49.80
1949 02 02  -56.74
1949 02 03  -14.25
1949 02 04   -3.01
1949 02 05  -20.98
1949 02 06  -13.61
1949 02 07   10.93
1949 02 08    6.25
1949 02 09   12.72
1949 02 10   29.96
1949 02 11   28.56
1949 02 12   34.31
1949 02 13    8.42
1949 02 14  -50.97
1949 02 15  -82.25
1949 02 16  -58.02
1949 02 17  -35.31
1949 02 18  -30.24
1949 02 19  -33.23
1949 02 20  -65.28
1949 02 21  -77.85
1949 02 22  -55.94
1949 02 23  -14.74
1949 02 24   -6.12
1949 02 25    0.87
1949 02 26    4.47
1949 02 27   24.54
1949 02 28   31.39
1949 03 01   39.19
1949 03 02   88.98
1949 03 03  102.17
1949 03 04  100.00
1949 03 05   59.44
1949 03 06   50.74
1949 03 07   77.44
1949 03 08   96.38
1949 03 09   63.36
1949 03 10   57.27
1949 03 11   58.16
1949 03 12    3.97
1949 03 13  -53.89
1949 03 14  -77.65
1949 03 15 -105.22
1949 03 16 -128.21
1949 03 17 -100.11
1949 03 18  -46.28
1949 03 19  -17.63
1949 03 20    5.09
1949 03 21   53.24
1949 03 22  117.02
1949 03 23  117.22
1949 03 24  123.53
1949 03 25   93.96
1949 03 26   72.24
1949 03 27   62.08
1949 03 28   48.35
1949 03 29   39.17
1949 03 30   50.83
1949 03 31   47.94
1949 04 01   39.22
1949 04 02   45.29
1949 04 03   26.95
1949 04 04   39.82
1949 04 05   77.51
1949 04 06   81.23
1949 04 07   63.12
1949 04 08   48.88
1949 04 09   71.38
1949 04 10   98.29
1949 04 11   89.89
1949 04 12   49.09
1949 04 13   36.75
1949 04 14   30.21
1949 04 15   36.22
1949 04 16   71.55
1949 04 17   92.40
1949 04 18   86.60
1949 04 19   82.95
1949 04 20   70.81
1949 04 21   39.59
1949 04 22   50.13
1949 04 23   69.18
1949 04 24   77.67
1949 04 25   37.29
1949 04 26   19.77
1949 04 27   22.66
1949 04 28   21.76
1949 04 29   26.52
1949 04 30   34.47
1949 05 01   47.30
1949 05 02   76.64
1949 05 03   75.47
1949 05 04   44.86
1949 05 05   38.94
1949 05 06   33.30
1949 05 07    0.71
1949 05 08    5.43
1949 05 09   14.78
1949 05 10   21.75
1949 05 11   38.16
1949 05 12   44.41
1949 05 13   26.88
1949 05 14   -7.22
1949 05 15  -60.66
1949 05 16  -70.74
1949 05 17  -34.66
1949 05 18  -61.90
1949 05 19  -82.17
1949 05 20  -66.35
1949 05 21  -67.14
1949 05 22  -72.82
1949 05 23  -67.85
1949 05 24  -54.95
1949 05 25  -40.25
1949 05 26  -37.12
1949 05 27  -15.86
1949 05 28   15.83
1949 05 29   40.31
1949 05 30   28.78
1949 05 31   -2.17
1949 06 01  -19.00
1949 06 02  -39.66
1949 06 03  -27.36
1949 06 04   -7.40
1949 06 05   -4.03
1949 06 06   16.56
1949 06 07   32.61
1949 06 08   31.21
1949 06 09   45.58
1949 06 10   75.62
1949 06 11   86.95
1949 06 12   82.96
1949 06 13   56.40
1949 06 14    2.33
1949 06 15  -39.81
1949 06 16  -83.75
1949 06 17  -86.57
1949 06 18  -86.41
1949 06 19  -69.92
1949 06 20  -25.09
1949 06 21  -28.58
1949 06 22  -59.47
1949 06 23  -88.20
1949 06 24 -144.86
1949 06 25 -137.59
1949 06 26 -110.91
1949 06 27  -81.61
1949 06 28  -41.83
1949 06 29  -27.15
1949 06 30  -32.94
1949 07 01  -45.16
1949 07 02  -74.54
1949 07 03  -78.41
1949 07 04  -47.73
1949 07 05  -29.56
1949 07 06  -18.50
1949 07 07    5.90
1949 07 08   32.98
1949 07 09   60.90
1949 07 10   47.90
1949 07 11   44.32
1949 07 12   49.06
1949 07 13   62.90
1949 07 14   78.35
1949 07 15   71.51
1949 07 16   55.44
1949 07 17   43.17
1949 07 18   47.49
1949 07 19   45.90
1949 07 20   28.46
1949 07 21   11.09
1949 07 22    0.23
1949 07 23    3.55
1949 07 24   -2.60
1949 07 25  -17.62
1949 07 26  -20.58
1949 07 27   -0.22
1949 07 28   26.66
1949 07 29   44.37
1949 07 30   45.74
1949 07 31   38.69
1949 08 01   27.28
1949 08 02   21.28
1949 08 03   17.54
1949 08 04   28.10
1949 08 05   36.67
1949 08 06   27.50
1949 08 07   35.15
1949 08 08   44.32
1949 08 09   40.45
1949 08 10   49.04
1949 08 11   50.42
1949 08 12   17.67
1949 08 13  -31.86
1949 08 14  -58.26
1949 08 15  -61.73
1949 08 16  -67.71
1949 08 17  -44.70
1949 08 18  -37.20
1949 08 19  -49.93
1949 08 20  -28.01
1949 08 21    5.83
1949 08 22   14.57
1949 08 23   -3.75
1949 08 24  -16.13
1949 08 25  -25.80
1949 08 26  -15.37
1949 08 27    0.68
1949 08 28   18.32
1949 08 29   32.89
1949 08 30   20.94
1949 08 31   10.08
1949 09 01    0.46
1949 09 02   -3.96
1949 09 03   -1.74
1949 09 04  -12.47
1949 09 05  -30.46
1949 09 06  -33.08
1949 09 07  -27.23
1949 09 08  -28.86
1949 09 09  -19.55
1949 09 10    2.76
1949 09 11   32.44
1949 09 12   68.53
1949 09 13   67.88
1949 09 14   72.10
1949 09 15   38.30
1949 09 16    4.64
1949 09 17  -32.40
1949 09 18   -9.07
1949 09 19   25.30
1949 09 20   17.11
1949 09 21   -4.80
1949 09 22   -9.98
1949 09 23   -7.05
1949 09 24  -18.31
1949 09 25   -6.26
1949 09 26   27.55
1949 09 27   46.16
1949 09 28   18.62
1949 09 29   26.69
1949 09 30   27.96
1949 10 01   22.81
1949 10 02   10.51
1949 10 03    7.51
1949 10 04   -1.69
1949 10 05  -31.19
1949 10 06  -67.78
1949 10 07  -28.46
1949 10 08   29.76
1949 10 09   37.09
1949 10 10   55.25
1949 10 11   63.90
1949 10 12   77.52
1949 10 13   39.68
1949 10 14  -16.05
1949 10 15  -52.73
1949 10 16  -77.20
1949 10 17  -60.08
1949 10 18  -18.50
1949 10 19   -8.15
1949 10 20    9.10
1949 10 21    9.57
1949 10 22  -15.65
1949 10 23  -14.38
1949 10 24    8.29
1949 10 25   29.03
1949 10 26   21.52
1949 10 27    0.28
1949 10 28  -32.99
1949 10 29  -33.86
1949 10 30   14.59
1949 10 31   33.34
1949 11 01   61.39
1949 11 02   66.49
1949 11 03   31.64
1949 11 04   38.26
1949 11 05   42.74
1949 11 06   39.35
1949 11 07   57.16
1949 11 08   49.25
1949 11 09    5.14
1949 11 10  -45.94
1949 11 11  -81.34
1949 11 12   -7.66
1949 11 13   50.57
1949 11 14   28.80
1949 11 15    1.69
1949 11 16   33.99
1949 11 17  103.94
1949 11 18  111.47
1949 11 19  132.28
1949 11 20   86.25
1949 11 21   32.24
1949 11 22   -2.17
1949 11 23   10.41
1949 11 24   53.83
1949 11 25   54.04
1949 11 26   62.88
1949 11 27  113.22
1949 11 28  140.51
1949 11 29  120.08
1949 11 30   96.72
1949 12 01   81.09
1949 12 02   72.81
1949 12 03   54.61
1949 12 04   50.20
1949 12 05   66.92
1949 12 06   79.16
1949 12 07   82.01
1949 12 08   74.40
1949 12 09   11.66
1949 12 10   26.31
1949 12 11   55.15
1949 12 12   37.42
1949 12 13   -4.99
1949 12 14  -48.38
1949 12 15  -66.58
1949 12 16  -66.89
1949 12 17  -74.15
1949 12 18  -55.94
1949 12 19  -30.73
1949 12 20  -40.21
1949 12 21  -61.78
1949 12 22  -71.82
1949 12 23  -79.62
1949 12 24  -39.55
1949 12 25  -75.45
1949 12 26 -104.58
1949 12 27 -147.22
1949 12 28 -147.47
1949 12 29 -110.35
1949 12 30  -99.94
1949 12 31  -90.26
1950 01 01  -62.99
1950 01 02  -28.18
1950 01 03   -7.49
1950 01 04    3.09
1950 01 05  -41.02
1950 01 06  -81.12
1950 01 07  -99.70
1950 01 08  -85.10
1950 01 09  -62.09
1950 01 10 -104.50
1950 01 11 -127.08
1950 01 12 -118.70
1950 01 13 -189.66
1950 01 14 -223.24
1950 01 15 -232.61
1950 01 16 -295.03
1950 01 17 -372.92
1950 01 18 -368.46
1950 01 19 -328.74
1950 01 20 -339.35
1950 01 21 -316.84
1950 01 22 -253.93
1950 01 23 -223.81
1950 01 24 -237.69
1950 01 25 -227.24
1950 01 26 -198.30
1950 01 27 -203.99
1950 01 28 -179.86
1950 01 29 -192.90
1950 01 30 -226.78
1950 01 31 -226.27
1950 02 01 -254.64
1950 02 02 -284.07
1950 02 03 -262.55
1950 02 04 -207.71
1950 02 05 -136.71
1950 02 06  -69.14
1950 02 07  -60.44
1950 02 08  -73.66
1950 02 09  -69.14
1950 02 10  -57.02
1950 02 11  -47.10
1950 02 12  -49.61
1950 02 13  -39.05
1950 02 14  -48.95
1950 02 15  -46.22
1950 02 16  -19.05
1950 02 17  -19.21
1950 02 18   -8.20
1950 02 19   31.88
1950 02 20   63.31
1950 02 21   71.88
1950 02 22   59.35
1950 02 23   46.32
1950 02 24   31.01
1950 02 25   19.19
1950 02 26   48.75
1950 02 27   50.88
1950 02 28   81.57
1950 03 01  155.57
1950 03 02  170.84
1950 03 03  161.74
1950 03 04  144.31
1950 03 05   80.43
1950 03 06   13.68
1950 03 07  -67.56
1950 03 08 -145.49
1950 03 09 -162.71
1950 03 10 -139.48
1950 03 11 -112.80
1950 03 12 -112.96
1950 03 13  -49.14
1950 03 14   36.81
1950 03 15   54.22
1950 03 16   33.02
1950 03 17   47.13
1950 03 18   50.58
1950 03 19   82.71
1950 03 20   72.38
1950 03 21   64.14
1950 03 22   66.32
1950 03 23   62.02
1950 03 24   85.82
1950 03 25  129.41
1950 03 26  124.37
1950 03 27   55.89
1950 03 28   -3.64
1950 03 29   -5.81
1950 03 30   33.85
1950 03 31   57.52
1950 04 01   61.81
1950 04 02   16.63
1950 04 03  -44.66
1950 04 04  -86.93
1950 04 05  -66.97
1950 04 06  -37.41
1950 04 07   11.32
1950 04 08   62.75
1950 04 09   92.75
1950 04 10   48.39
1950 04 11  -17.01
1950 04 12   -7.23
1950 04 13   11.51
1950 04 14    2.09
1950 04 15    1.02
1950 04 16   15.55
1950 04 17   45.68
1950 04 18   34.08
1950 04 19   45.35
1950 04 20   57.84
1950 04 21   51.97
1950 04 22   43.71
1950 04 23   37.05
1950 04 24   19.76
1950 04 25   -9.59
1950 04 26  -36.95
1950 04 27  -13.95
1950 04 28   32.76
1950 04 29   88.25
1950 04 30   86.60
1950 05 01   73.99
1950 05 02   61.19
1950 05 03   70.20
1950 05 04   80.74
1950 05 05   84.64
1950 05 06   54.99
1950 05 07   44.26
1950 05 08   57.17
1950 05 09   86.86
1950 05 10   84.03
1950 05 11  103.53
1950 05 12  100.67
1950 05 13   81.31
1950 05 14   51.59
1950 05 15   58.94
1950 05 16   80.57
1950 05 17   91.22
1950 05 18   82.12
1950 05 19   69.35
1950 05 20   54.81
1950 05 21   63.63
1950 05 22   80.52
1950 05 23  108.76
1950 05 24  113.47
1950 05 25   94.09
1950 05 26   69.72
1950 05 27   46.13
1950 05 28    9.49
1950 05 29  -35.48
1950 05 30  -58.97
1950 05 31  -70.54
1950 06 01  -74.53
1950 06 02  -42.58
1950 06 03   -4.04
1950 06 04   -9.69
1950 06 05  -21.89
1950 06 06    6.12
1950 06 07   41.83
1950 06 08   43.14
1950 06 09   75.74
1950 06 10   74.15
1950 06 11   70.43
1950 06 12   70.56
1950 06 13   45.24
1950 06 14   41.59
1950 06 15   65.90
1950 06 16   90.61
1950 06 17   78.52
1950 06 18   36.31
1950 06 19   10.65
1950 06 20    9.00
1950 06 21   21.03
1950 06 22    6.91
1950 06 23  -19.14
1950 06 24  -27.46
1950 06 25  -41.53
1950 06 26  -70.25
1950 06 27  -88.30
1950 06 28  -82.83
1950 06 29  -61.62
1950 06 30  -37.62
1950 07 01  -21.99
1950 07 02  -10.31
1950 07 03   14.17
1950 07 04   48.14
1950 07 05   71.79
1950 07 06   75.98
1950 07 07   53.18
1950 07 08   43.59
1950 07 09   67.04
1950 07 10   66.18
1950 07 11   48.05
1950 07 12   40.91
1950 07 13   35.97
1950 07 14   23.99
1950 07 15    8.93
1950 07 16   13.36
1950 07 17   24.90
1950 07 18   45.52
1950 07 19   27.22
1950 07 20    7.93
1950 07 21    9.88
1950 07 22   16.75
1950 07 23   36.29
1950 07 24   61.35
1950 07 25   82.72
1950 07 26  100.99
1950 07 27   86.29
1950 07 28   91.70
1950 07 29   75.42
1950 07 30   42.23
1950 07 31   11.72
1950 08 01  -20.38
1950 08 02  -35.42
1950 08 03  -40.74
1950 08 04  -38.42
1950 08 05  -36.12
1950 08 06   -7.33
1950 08 07   -0.51
1950 08 08  -27.32
1950 08 09  -47.43
1950 08 10  -81.61
1950 08 11  -99.19
1950 08 12  -96.42
1950 08 13  -91.42
1950 08 14  -59.17
1950 08 15  -18.19
1950 08 16   -1.52
1950 08 17   11.04
1950 08 18   16.06
1950 08 19   21.61
1950 08 20   39.11
1950 08 21   51.73
1950 08 22   78.09
1950 08 23   76.70
1950 08 24   64.22
1950 08 25   60.20
1950 08 26   98.48
1950 08 27  127.00
1950 08 28  139.73
1950 08 29  119.93
1950 08 30   79.25
1950 08 31   43.45
1950 09 01   18.54
1950 09 02   14.21
1950 09 03   23.26
1950 09 04   32.70
1950 09 05   30.15
1950 09 06   36.92
1950 09 07   47.98
1950 09 08   70.21
1950 09 09  105.21
1950 09 10   77.54
1950 09 11   58.77
1950 09 12   22.17
1950 09 13   -6.64
1950 09 14  -24.37
1950 09 15  -24.32
1950 09 16  -10.86
1950 09 17   49.40
1950 09 18   61.19
1950 09 19   50.14
1950 09 20   90.57
1950 09 21   94.91
1950 09 22   73.00
1950 09 23   50.72
1950 09 24   36.36
1950 09 25   11.01
1950 09 26  -12.75
1950 09 27   -0.41
1950 09 28  -60.00
1950 09 29  -98.59
1950 09 30  -35.68
1950 10 01    7.92
1950 10 02    5.85
1950 10 03    9.52
1950 10 04   10.74
1950 10 05    8.79
1950 10 06   -8.17
1950 10 07   -2.83
1950 10 08   32.31
1950 10 09   -2.71
1950 10 10  -48.75
1950 10 11  -37.62
1950 10 12    1.34
1950 10 13   13.75
1950 10 14    4.88
1950 10 15    6.97
1950 10 16   14.35
1950 10 17  -10.09
1950 10 18   -6.57
1950 10 19   23.87
1950 10 20   52.79
1950 10 21   65.99
1950 10 22  100.87
1950 10 23  126.76
1950 10 24  134.21
1950 10 25  166.74
1950 10 26  157.47
1950 10 27  134.53
1950 10 28  104.53
1950 10 29   88.84
1950 10 30   95.44
1950 10 31   55.04
1950 11 01   -4.68
1950 11 02  -20.13
1950 11 03  -19.84
1950 11 04  -42.44
1950 11 05  -57.27
1950 11 06  -35.49
1950 11 07  -28.51
1950 11 08  -41.37
1950 11 09   -4.62
1950 11 10    5.09
1950 11 11  -21.26
1950 11 12  -93.09
1950 11 13 -177.77
1950 11 14 -187.14
1950 11 15 -107.55
1950 11 16  -11.68
1950 11 17   42.75
1950 11 18   17.69
1950 11 19  -85.79
1950 11 20 -175.10
1950 11 21 -209.47
1950 11 22 -258.99
1950 11 23 -244.79
1950 11 24 -179.66
1950 11 25 -175.24
1950 11 26 -208.70
1950 11 27 -245.62
1950 11 28 -268.64
1950 11 29 -274.68
1950 11 30 -284.18
1950 12 01 -253.54
1950 12 02 -200.70
1950 12 03 -158.98
1950 12 04 -184.22
1950 12 05 -136.55
1950 12 06   -2.69
1950 12 07  -10.41
1950 12 08  -14.94
1950 12 09   22.75
1950 12 10   34.97
1950 12 11   53.66
1950 12 12   99.54
1950 12 13   98.95
1950 12 14   49.02
1950 12 15    5.87
1950 12 16  -11.11
1950 12 17  -48.27
1950 12 18 -119.37
1950 12 19 -103.57
1950 12 20  -82.62
1950 12 21  -59.34
1950 12 22  -34.34
1950 12 23  -11.43
1950 12 24    5.17
1950 12 25   38.76
1950 12 26   71.54
1950 12 27   66.47
1950 12 28   45.12
1950 12 29   29.98
1950 12 30   29.56
1950 12 31   -5.02
1951 01 01  -21.27
1951 01 02  -35.11
1951 01 03  -17.99
1951 01 04   20.94
1951 01 05   63.64
1951 01 06   98.65
1951 01 07  142.51
1951 01 08  185.14
1951 01 09  177.09
1951 01 10  183.55
1951 01 11  207.07
1951 01 12  238.85
1951 01 13  241.16
1951 01 14  250.20
1951 01 15  291.65
1951 01 16  273.48
1951 01 17  194.09
1951 01 18  107.94
1951 01 19   38.24
1951 01 20    1.06
1951 01 21  -25.47
1951 01 22  -33.67
1951 01 23  -12.83
1951 01 24    4.69
1951 01 25  -24.78
1951 01 26  -23.03
1951 01 27 -101.23
1951 01 28 -163.70
1951 01 29 -184.10
1951 01 30 -154.90
1951 01 31 -139.33
1951 02 01 -138.59
1951 02 02 -104.89
1951 02 03 -108.67
1951 02 04 -116.01
1951 02 05 -111.94
1951 02 06  -94.87
1951 02 07  -79.08
1951 02 08  -56.26
1951 02 09  -41.31
1951 02 10  -29.01
1951 02 11  -25.93
1951 02 12   -7.55
1951 02 13   16.12
1951 02 14   23.49
1951 02 15   85.06
1951 02 16   95.91
1951 02 17  108.37
1951 02 18   99.51
1951 02 19   53.02
1951 02 20   43.02
1951 02 21   89.80
1951 02 22  150.51
1951 02 23  131.21
1951 02 24  118.20
1951 02 25  118.51
1951 02 26  140.27
1951 02 27  127.76
1951 02 28   99.70
1951 03 01   56.01
1951 03 02  -21.57
1951 03 03 -100.04
1951 03 04  -73.02
1951 03 05   -3.42
1951 03 06   -6.63
1951 03 07  -74.05
1951 03 08 -120.01
1951 03 09 -153.83
1951 03 10 -164.76
1951 03 11 -125.49
1951 03 12  -48.93
1951 03 13  -21.79
1951 03 14    4.35
1951 03 15  -63.10
1951 03 16 -146.08
1951 03 17 -163.92
1951 03 18 -134.27
1951 03 19  -93.09
1951 03 20  -80.09
1951 03 21  -44.93
1951 03 22  -11.97
1951 03 23    6.83
1951 03 24   45.99
1951 03 25   97.23
1951 03 26   93.22
1951 03 27   64.12
1951 03 28   68.03
1951 03 29   82.45
1951 03 30   84.58
1951 03 31  109.95
1951 04 01  147.99
1951 04 02  166.12
1951 04 03  164.24
1951 04 04  127.48
1951 04 05   86.21
1951 04 06  103.91
1951 04 07   92.25
1951 04 08   16.33
1951 04 09  -59.32
1951 04 10  -86.55
1951 04 11  -77.31
1951 04 12  -99.22
1951 04 13  -98.35
1951 04 14  -72.25
1951 04 15  -59.57
1951 04 16  -38.88
1951 04 17  -37.23
1951 04 18  -97.23
1951 04 19 -138.36
1951 04 20 -173.12
1951 04 21 -185.94
1951 04 22 -166.06
1951 04 23 -108.27
1951 04 24  -58.30
1951 04 25   -1.65
1951 04 26   84.69
1951 04 27  140.49
1951 04 28  180.99
1951 04 29  158.11
1951 04 30  136.73
1951 05 01  149.25
1951 05 02  168.69
1951 05 03  153.85
1951 05 04  127.12
1951 05 05   60.38
1951 05 06  -38.14
1951 05 07  -84.38
1951 05 08 -101.62
1951 05 09 -118.70
1951 05 10 -119.26
1951 05 11  -93.25
1951 05 12  -71.96
1951 05 13  -63.15
1951 05 14  -41.69
1951 05 15  -15.99
1951 05 16   27.67
1951 05 17   67.79
1951 05 18  101.42
1951 05 19   96.48
1951 05 20  110.69
1951 05 21  166.86
1951 05 22  153.47
1951 05 23  119.92
1951 05 24   96.67
1951 05 25   63.05
1951 05 26   28.99
1951 05 27   -3.96
1951 05 28  -25.95
1951 05 29  -38.16
1951 05 30  -30.86
1951 05 31  -37.79
1951 06 01  -72.43
1951 06 02  -88.21
1951 06 03  -59.52
1951 06 04  -42.74
1951 06 05  -35.12
1951 06 06  -26.45
1951 06 07   -1.70
1951 06 08   -4.42
1951 06 09  -13.95
1951 06 10   23.70
1951 06 11   71.78
1951 06 12  101.19
1951 06 13  105.37
1951 06 14  118.57
1951 06 15   89.05
1951 06 16   50.46
1951 06 17   37.89
1951 06 18  -11.93
1951 06 19  -48.14
1951 06 20  -78.81
1951 06 21  -79.38
1951 06 22  -82.45
1951 06 23  -69.27
1951 06 24  -65.96
1951 06 25  -76.13
1951 06 26  -64.67
1951 06 27  -42.08
1951 06 28  -22.92
1951 06 29  -19.26
1951 06 30  -27.61
1951 07 01  -46.47
1951 07 02  -49.80
1951 07 03  -33.78
1951 07 04  -12.36
1951 07 05   23.43
1951 07 06    8.14
1951 07 07   -4.34
1951 07 08   11.24
1951 07 09   -0.89
1951 07 10  -31.26
1951 07 11  -36.22
1951 07 12  -18.94
1951 07 13    4.62
1951 07 14   30.43
1951 07 15   40.47
1951 07 16   57.38
1951 07 17   50.73
1951 07 18   34.90
1951 07 19   34.27
1951 07 20   36.49
1951 07 21   28.72
1951 07 22   41.76
1951 07 23   51.52
1951 07 24   40.14
1951 07 25   20.44
1951 07 26   12.17
1951 07 27    5.35
1951 07 28  -16.74
1951 07 29  -36.61
1951 07 30  -63.29
1951 07 31  -81.66
1951 08 01  -68.06
1951 08 02   -7.30
1951 08 03   31.66
1951 08 04   53.21
1951 08 05   61.48
1951 08 06   57.56
1951 08 07   32.68
1951 08 08   13.20
1951 08 09    1.04
1951 08 10   -3.98
1951 08 11   -3.80
1951 08 12   -2.18
1951 08 13  -12.39
1951 08 14  -24.43
1951 08 15  -47.10
1951 08 16  -89.14
1951 08 17 -115.25
1951 08 18 -111.35
1951 08 19  -84.36
1951 08 20  -58.57
1951 08 21  -36.26
1951 08 22  -29.17
1951 08 23  -54.64
1951 08 24  -62.87
1951 08 25  -43.34
1951 08 26  -35.65
1951 08 27  -17.33
1951 08 28  -15.05
1951 08 29   -0.54
1951 08 30  -20.39
1951 08 31  -51.32
1951 09 01  -59.99
1951 09 02  -57.55
1951 09 03  -47.04
1951 09 04  -28.16
1951 09 05   -6.04
1951 09 06   14.98
1951 09 07   24.58
1951 09 08   67.39
1951 09 09  102.37
1951 09 10   82.18
1951 09 11   75.88
1951 09 12   39.58
1951 09 13    4.31
1951 09 14    9.45
1951 09 15  -24.73
1951 09 16  -56.30
1951 09 17  -50.38
1951 09 18  -36.13
1951 09 19  -84.83
1951 09 20 -109.87
1951 09 21 -182.11
1951 09 22 -260.96
1951 09 23 -300.79
1951 09 24 -305.67
1951 09 25 -281.47
1951 09 26 -215.29
1951 09 27 -145.20
1951 09 28  -58.16
1951 09 29   24.98
1951 09 30   80.62
1951 10 01   97.60
1951 10 02  103.05
1951 10 03  106.56
1951 10 04   83.34
1951 10 05   56.15
1951 10 06   28.84
1951 10 07   16.82
1951 10 08   39.10
1951 10 09   39.32
1951 10 10    6.44
1951 10 11    3.30
1951 10 12  -19.90
1951 10 13  -54.37
1951 10 14  -76.47
1951 10 15  -79.51
1951 10 16  -87.43
1951 10 17  -95.09
1951 10 18  -91.39
1951 10 19  -56.29
1951 10 20  -10.20
1951 10 21   38.94
1951 10 22   33.41
1951 10 23   34.21
1951 10 24   60.23
1951 10 25   56.58
1951 10 26   30.67
1951 10 27   27.18
1951 10 28   33.25
1951 10 29    1.48
1951 10 30  -40.70
1951 10 31  -23.72
1951 11 01   44.97
1951 11 02  102.83
1951 11 03   66.54
1951 11 04   31.72
1951 11 05   24.71
1951 11 06   72.87
1951 11 07  110.33
1951 11 08   82.77
1951 11 09   58.07
1951 11 10   56.07
1951 11 11   47.32
1951 11 12   17.23
1951 11 13    2.94
1951 11 14  -12.08
1951 11 15  -25.78
1951 11 16  -41.31
1951 11 17  -38.38
1951 11 18  -10.99
1951 11 19   12.24
1951 11 20  -16.16
1951 11 21  -56.41
1951 11 22  -59.38
1951 11 23   17.10
1951 11 24   91.56
1951 11 25  114.05
1951 11 26  100.18
1951 11 27   61.23
1951 11 28   48.53
1951 11 29   68.28
1951 11 30   63.89
1951 12 01   90.81
1951 12 02  105.14
1951 12 03  111.92
1951 12 04  104.94
1951 12 05   70.27
1951 12 06   32.39
1951 12 07    8.77
1951 12 08   -6.95
1951 12 09  -28.83
1951 12 10  -53.40
1951 12 11  -86.98
1951 12 12 -178.32
1951 12 13 -235.24
1951 12 14 -227.21
1951 12 15 -228.40
1951 12 16 -210.30
1951 12 17  -92.10
1951 12 18   28.07
1951 12 19   54.28
1951 12 20   42.69
1951 12 21   34.67
1951 12 22   17.71
1951 12 23  -10.16
1951 12 24  -49.77
1951 12 25  -70.44
1951 12 26  -79.85
1951 12 27  -69.30
1951 12 28  -78.31
1951 12 29   34.59
1951 12 30  122.42
1951 12 31  152.83
1952 01 01  168.32
1952 01 02  170.53
1952 01 03  195.02
1952 01 04  147.00
1952 01 05  142.59
1952 01 06  132.94
1952 01 07   81.10
1952 01 08   82.10
1952 01 09   82.87
1952 01 10   66.42
1952 01 11   69.11
1952 01 12   66.59
1952 01 13   19.00
1952 01 14   21.13
1952 01 15   38.54
1952 01 16   96.85
1952 01 17   89.54
1952 01 18   85.19
1952 01 19   79.78
1952 01 20   54.98
1952 01 21   21.21
1952 01 22  -30.30
1952 01 23  -69.57
1952 01 24  -65.37
1952 01 25  -68.44
1952 01 26  -53.16
1952 01 27    9.49
1952 01 28   55.62
1952 01 29   52.67
1952 01 30   37.49
1952 01 31   77.34
1952 02 01  112.96
1952 02 02  125.74
1952 02 03  122.57
1952 02 04  129.57
1952 02 05  112.55
1952 02 06  143.36
1952 02 07  199.05
1952 02 08  222.11
1952 02 09  206.25
1952 02 10  139.02
1952 02 11   63.07
1952 02 12   31.53
1952 02 13    1.41
1952 02 14  -37.88
1952 02 15  -30.48
1952 02 16    0.46
1952 02 17   37.80
1952 02 18   48.28
1952 02 19   60.68
1952 02 20   84.45
1952 02 21  119.60
1952 02 22  123.95
1952 02 23  115.95
1952 02 24  102.53
1952 02 25   78.74
1952 02 26   68.23
1952 02 27   65.63
1952 02 28   50.47
1952 02 29   49.50
1952 03 01   57.40
1952 03 02   32.83
1952 03 03   46.90
1952 03 04   57.75
1952 03 05   66.69
1952 03 06  108.80
1952 03 07  132.06
1952 03 08  133.63
1952 03 09  111.97
1952 03 10  120.91
1952 03 11  163.33
1952 03 12  147.77
1952 03 13  101.20
1952 03 14   88.22
1952 03 15   57.53
1952 03 16    0.12
1952 03 17  -70.65
1952 03 18  -85.96
1952 03 19  -69.48
1952 03 20 -119.44
1952 03 21 -144.27
1952 03 22 -149.14
1952 03 23 -127.76
1952 03 24  -75.59
1952 03 25  -48.81
1952 03 26  -39.72
1952 03 27  -19.99
1952 03 28    5.71
1952 03 29  -35.63
1952 03 30  -77.51
1952 03 31  -93.86
1952 04 01 -102.20
1952 04 02 -111.26
1952 04 03  -76.58
1952 04 04  -30.51
1952 04 05  -16.62
1952 04 06  -20.34
1952 04 07  -15.54
1952 04 08   15.24
1952 04 09   77.94
1952 04 10  102.84
1952 04 11  110.71
1952 04 12  140.26
1952 04 13  151.09
1952 04 14  170.46
1952 04 15  165.01
1952 04 16  117.08
1952 04 17  105.96
1952 04 18   88.85
1952 04 19   57.38
1952 04 20   74.12
1952 04 21  115.73
1952 04 22  116.56
1952 04 23  117.80
1952 04 24  175.96
1952 04 25  199.22
1952 04 26  171.43
1952 04 27  134.75
1952 04 28  107.61
1952 04 29   67.63
1952 04 30   43.34
1952 05 01   61.87
1952 05 02   39.49
1952 05 03  -17.18
1952 05 04  -42.49
1952 05 05  -34.89
1952 05 06   -7.30
1952 05 07   20.95
1952 05 08    0.46
1952 05 09  -21.16
1952 05 10  -36.15
1952 05 11  -28.36
1952 05 12  -38.63
1952 05 13   -8.85
1952 05 14   10.79
1952 05 15  -11.27
1952 05 16  -11.99
1952 05 17   34.89
1952 05 18   74.17
1952 05 19   88.61
1952 05 20   87.52
1952 05 21   75.33
1952 05 22   77.68
1952 05 23   64.83
1952 05 24   42.92
1952 05 25   30.61
1952 05 26   33.57
1952 05 27   77.61
1952 05 28   93.03
1952 05 29   85.66
1952 05 30   99.34
1952 05 31  112.20
1952 06 01  113.51
1952 06 02  111.99
1952 06 03  107.91
1952 06 04  112.25
1952 06 05   99.76
1952 06 06   90.89
1952 06 07  100.54
1952 06 08  101.00
1952 06 09   74.48
1952 06 10   96.82
1952 06 11   71.15
1952 06 12   21.61
1952 06 13    5.90
1952 06 14   19.87
1952 06 15   28.20
1952 06 16    4.49
1952 06 17  -23.87
1952 06 18  -29.26
1952 06 19  -27.57
1952 06 20    9.35
1952 06 21   31.12
1952 06 22   35.55
1952 06 23   39.55
1952 06 24   40.24
1952 06 25   33.68
1952 06 26   28.71
1952 06 27   35.75
1952 06 28   48.75
1952 06 29   50.84
1952 06 30   49.04
1952 07 01   16.44
1952 07 02   -5.80
1952 07 03   24.75
1952 07 04   61.59
1952 07 05   71.79
1952 07 06   80.33
1952 07 07   94.16
1952 07 08   64.73
1952 07 09   34.88
1952 07 10    6.80
1952 07 11  -32.96
1952 07 12  -52.92
1952 07 13  -40.89
1952 07 14  -57.13
1952 07 15  -98.24
1952 07 16 -109.06
1952 07 17 -121.69
1952 07 18 -121.50
1952 07 19  -97.32
1952 07 20  -78.25
1952 07 21  -59.30
1952 07 22  -51.24
1952 07 23  -31.17
1952 07 24  -23.54
1952 07 25  -19.51
1952 07 26   -9.94
1952 07 27  -12.20
1952 07 28   -7.46
1952 07 29  -12.66
1952 07 30  -20.36
1952 07 31  -14.74
1952 08 01  -22.25
1952 08 02  -17.27
1952 08 03   -1.87
1952 08 04   13.99
1952 08 05   22.79
1952 08 06    9.99
1952 08 07    5.38
1952 08 08   -1.40
1952 08 09   -6.55
1952 08 10  -14.15
1952 08 11  -51.71
1952 08 12  -90.12
1952 08 13 -117.39
1952 08 14 -121.14
1952 08 15 -110.61
1952 08 16 -105.62
1952 08 17  -87.49
1952 08 18  -60.33
1952 08 19  -41.99
1952 08 20  -36.65
1952 08 21  -32.67
1952 08 22  -32.62
1952 08 23  -35.14
1952 08 24  -38.22
1952 08 25  -31.78
1952 08 26  -19.08
1952 08 27  -20.14
1952 08 28  -12.23
1952 08 29  -13.56
1952 08 30  -37.31
1952 08 31  -52.68
1952 09 01  -73.81
1952 09 02  -89.01
1952 09 03  -94.44
1952 09 04  -91.34
1952 09 05  -79.32
1952 09 06  -58.98
1952 09 07  -32.90
1952 09 08   -7.19
1952 09 09   -2.53
1952 09 10  -40.22
1952 09 11  -78.22
1952 09 12  -70.32
1952 09 13  -56.85
1952 09 14  -43.04
1952 09 15  -52.08
1952 09 16  -59.45
1952 09 17  -49.50
1952 09 18  -41.35
1952 09 19  -51.04
1952 09 20  -37.00
1952 09 21   -7.58
1952 09 22  -20.34
1952 09 23  -65.90
1952 09 24  -60.37
1952 09 25  -35.41
1952 09 26   15.63
1952 09 27   57.36
1952 09 28   54.80
1952 09 29   12.40
1952 09 30  -10.65
1952 10 01   -3.11
1952 10 02  -23.39
1952 10 03  -50.63
1952 10 04  -32.13
1952 10 05   -1.48
1952 10 06    5.94
1952 10 07   -9.87
1952 10 08  -24.00
1952 10 09  -24.61
1952 10 10  -22.91
1952 10 11  -57.12
1952 10 12  -83.42
1952 10 13  -83.48
1952 10 14    3.17
1952 10 15   12.88
1952 10 16  -13.81
1952 10 17  -35.13
1952 10 18   -9.80
1952 10 19   25.22
1952 10 20   51.52
1952 10 21   72.59
1952 10 22   91.99
1952 10 23   61.09
1952 10 24   65.33
1952 10 25   88.79
1952 10 26   62.04
1952 10 27   77.91
1952 10 28  117.24
1952 10 29  106.14
1952 10 30   90.69
1952 10 31   98.84
1952 11 01   66.83
1952 11 02   99.63
1952 11 03  138.21
1952 11 04   99.61
1952 11 05   57.30
1952 11 06   52.60
1952 11 07   63.55
1952 11 08  108.84
1952 11 09  137.72
1952 11 10  147.73
1952 11 11  158.14
1952 11 12  177.09
1952 11 13  178.02
1952 11 14  161.52
1952 11 15  207.32
1952 11 16  221.90
1952 11 17  179.94
1952 11 18  165.87
1952 11 19  213.24
1952 11 20  160.36
1952 11 21   99.85
1952 11 22   27.58
1952 11 23   10.65
1952 11 24   24.40
1952 11 25   -6.42
1952 11 26  -27.72
1952 11 27  -28.58
1952 11 28  -28.47
1952 11 29    8.72
1952 11 30   25.18
1952 12 01   80.41
1952 12 02  108.27
1952 12 03   86.45
1952 12 04  129.29
1952 12 05  200.19
1952 12 06  175.66
1952 12 07  122.60
1952 12 08   91.21
1952 12 09   59.88
1952 12 10    8.80
1952 12 11  -33.32
1952 12 12  -29.56
1952 12 13   -8.41
1952 12 14  -42.97
1952 12 15  -59.66
1952 12 16  -31.00
1952 12 17    5.78
1952 12 18   32.81
1952 12 19   59.93
1952 12 20   94.66
1952 12 21   88.98
1952 12 22   50.89
1952 12 23   92.45
1952 12 24   96.56
1952 12 25  103.10
1952 12 26  106.64
1952 12 27  111.45
1952 12 28  148.98
1952 12 29  152.46
1952 12 30  171.47
1952 12 31  152.56
1953 01 01  118.09
1953 01 02   74.76
1953 01 03   44.08
1953 01 04    1.60
1953 01 05   11.91
1953 01 06   17.01
1953 01 07  -30.66
1953 01 08  -34.26
1953 01 09  -20.34
1953 01 10  -84.99
1953 01 11 -171.36
1953 01 12 -176.89
1953 01 13 -168.77
1953 01 14 -106.13
1953 01 15  -55.42
1953 01 16  -26.63
1953 01 17   10.04
1953 01 18   58.52
1953 01 19  105.79
1953 01 20  103.08
1953 01 21  103.77
1953 01 22   83.44
1953 01 23   41.11
1953 01 24  -27.12
1953 01 25  -56.06
1953 01 26  -73.57
1953 01 27 -128.66
1953 01 28 -137.50
1953 01 29 -122.00
1953 01 30 -118.56
1953 01 31  -50.11
1953 02 01   21.15
1953 02 02   82.62
1953 02 03  111.29
1953 02 04  113.11
1953 02 05  122.68
1953 02 06  105.86
1953 02 07   85.20
1953 02 08   72.96
1953 02 09   84.62
1953 02 10   69.05
1953 02 11   47.78
1953 02 12   75.97
1953 02 13  133.79
1953 02 14  174.31
1953 02 15  176.54
1953 02 16  139.07
1953 02 17   81.36
1953 02 18   53.64
1953 02 19   77.97
1953 02 20  110.18
1953 02 21  102.71
1953 02 22   85.61
1953 02 23  159.41
1953 02 24  198.90
1953 02 25  175.32
1953 02 26  139.41
1953 02 27  109.85
1953 02 28   83.09
1953 03 01   56.86
1953 03 02   50.15
1953 03 03   45.55
1953 03 04   56.61
1953 03 05   96.33
1953 03 06   88.06
1953 03 07   21.73
1953 03 08   10.01
1953 03 09   -0.46
1953 03 10   -6.76
1953 03 11   40.04
1953 03 12   93.32
1953 03 13  150.62
1953 03 14  190.29
1953 03 15  173.82
1953 03 16  156.41
1953 03 17  147.81
1953 03 18  109.77
1953 03 19  117.91
1953 03 20  124.22
1953 03 21  112.41
1953 03 22   94.91
1953 03 23  106.66
1953 03 24   87.77
1953 03 25   24.13
1953 03 26  -59.06
1953 03 27  -81.85
1953 03 28  -33.20
1953 03 29    3.97
1953 03 30   28.18
1953 03 31   92.38
1953 04 01  138.39
1953 04 02  158.30
1953 04 03  149.80
1953 04 04  116.99
1953 04 05   61.07
1953 04 06  -21.88
1953 04 07 -112.95
1953 04 08 -204.91
1953 04 09 -237.14
1953 04 10 -245.59
1953 04 11 -238.71
1953 04 12 -220.09
1953 04 13 -158.70
1953 04 14  -54.64
1953 04 15   20.82
1953 04 16   25.28
1953 04 17   26.22
1953 04 18   94.27
1953 04 19  148.81
1953 04 20  165.04
1953 04 21  146.59
1953 04 22   88.50
1953 04 23   51.22
1953 04 24   41.31
1953 04 25   62.78
1953 04 26   70.67
1953 04 27   62.23
1953 04 28   61.08
1953 04 29   45.63
1953 04 30   19.24
1953 05 01  -30.58
1953 05 02  -50.02
1953 05 03   -4.73
1953 05 04   67.74
1953 05 05   91.04
1953 05 06   53.71
1953 05 07   48.41
1953 05 08   38.25
1953 05 09   12.90
1953 05 10  -12.43
1953 05 11   -9.32
1953 05 12   17.87
1953 05 13   14.60
1953 05 14   19.65
1953 05 15   26.41
1953 05 16   48.75
1953 05 17   63.87
1953 05 18   60.40
1953 05 19   57.45
1953 05 20   37.16
1953 05 21   16.85
1953 05 22    7.04
1953 05 23   12.50
1953 05 24   17.49
1953 05 25   15.48
1953 05 26    7.81
1953 05 27   18.71
1953 05 28   25.05
1953 05 29   16.91
1953 05 30   35.00
1953 05 31   77.62
1953 06 01   46.81
1953 06 02  -14.71
1953 06 03  -58.17
1953 06 04  -88.47
1953 06 05  -89.01
1953 06 06  -76.60
1953 06 07  -60.11
1953 06 08  -68.29
1953 06 09  -49.68
1953 06 10    6.95
1953 06 11   69.53
1953 06 12   93.06
1953 06 13   84.76
1953 06 14   77.72
1953 06 15   76.63
1953 06 16   80.82
1953 06 17   33.57
1953 06 18  -31.39
1953 06 19  -67.96
1953 06 20  -74.97
1953 06 21  -77.69
1953 06 22  -79.04
1953 06 23  -85.24
1953 06 24 -114.23
1953 06 25 -149.97
1953 06 26 -158.40
1953 06 27 -163.76
1953 06 28 -169.08
1953 06 29 -141.42
1953 06 30 -110.06
1953 07 01  -78.01
1953 07 02  -66.63
1953 07 03  -59.40
1953 07 04  -53.77
1953 07 05  -45.07
1953 07 06  -43.44
1953 07 07  -23.68
1953 07 08  -29.77
1953 07 09  -58.49
1953 07 10  -61.88
1953 07 11  -28.48
1953 07 12   -4.48
1953 07 13   10.14
1953 07 14   22.33
1953 07 15   10.41
1953 07 16  -11.73
1953 07 17  -15.41
1953 07 18   -2.06
1953 07 19   12.71
1953 07 20   13.45
1953 07 21    9.31
1953 07 22   11.95
1953 07 23    2.53
1953 07 24  -11.00
1953 07 25  -33.01
1953 07 26  -38.79
1953 07 27  -23.59
1953 07 28  -20.17
1953 07 29  -12.87
1953 07 30    3.57
1953 07 31   17.15
1953 08 01   37.92
1953 08 02   36.79
1953 08 03   27.31
1953 08 04   29.88
1953 08 05   33.11
1953 08 06   22.92
1953 08 07   16.95
1953 08 08    2.42
1953 08 09   -5.40
1953 08 10  -20.08
1953 08 11  -26.29
1953 08 12  -11.17
1953 08 13    9.61
1953 08 14   27.84
1953 08 15   43.33
1953 08 16   31.16
1953 08 17    0.12
1953 08 18  -32.48
1953 08 19  -56.05
1953 08 20  -60.41
1953 08 21  -53.83
1953 08 22  -45.00
1953 08 23  -48.22
1953 08 24  -67.77
1953 08 25  -73.44
1953 08 26  -55.66
1953 08 27  -27.90
1953 08 28   32.20
1953 08 29   57.62
1953 08 30   45.64
1953 08 31   -4.35
1953 09 01  -52.08
1953 09 02  -83.42
1953 09 03 -109.34
1953 09 04 -100.06
1953 09 05  -69.48
1953 09 06  -54.44
1953 09 07  -24.77
1953 09 08  -17.90
1953 09 09  -10.98
1953 09 10   -6.90
1953 09 11   -5.37
1953 09 12    4.47
1953 09 13   11.25
1953 09 14   24.22
1953 09 15   31.51
1953 09 16   28.04
1953 09 17    1.75
1953 09 18  -31.02
1953 09 19  -63.03
1953 09 20  -77.53
1953 09 21  -17.40
1953 09 22    4.26
1953 09 23  -14.01
1953 09 24  -47.02
1953 09 25  -78.25
1953 09 26  -86.47
1953 09 27  -87.11
1953 09 28  -76.11
1953 09 29  -84.28
1953 09 30  -66.95
1953 10 01  -20.13
1953 10 02  -10.57
1953 10 03  -32.14
1953 10 04  -38.49
1953 10 05  -22.36
1953 10 06   -7.00
1953 10 07   16.93
1953 10 08   38.64
1953 10 09   53.77
1953 10 10   71.63
1953 10 11  100.92
1953 10 12  152.91
1953 10 13  130.34
1953 10 14   87.23
1953 10 15   89.47
1953 10 16   56.88
1953 10 17   29.56
1953 10 18   39.23
1953 10 19   53.09
1953 10 20   32.20
1953 10 21    3.28
1953 10 22    5.40
1953 10 23  -19.65
1953 10 24  -42.66
1953 10 25  -34.68
1953 10 26  -10.54
1953 10 27  -21.68
1953 10 28  -35.37
1953 10 29  -20.07
1953 10 30   29.00
1953 10 31   85.94
1953 11 01   82.41
1953 11 02   32.13
1953 11 03   26.88
1953 11 04   82.11
1953 11 05   76.66
1953 11 06   26.97
1953 11 07   59.60
1953 11 08  100.31
1953 11 09   70.26
1953 11 10   25.13
1953 11 11   53.80
1953 11 12   93.18
1953 11 13  121.07
1953 11 14  137.10
1953 11 15  126.70
1953 11 16  114.08
1953 11 17  109.64
1953 11 18   91.15
1953 11 19  103.13
1953 11 20  125.39
1953 11 21  100.91
1953 11 22   65.11
1953 11 23   31.37
1953 11 24   25.44
1953 11 25   37.20
1953 11 26   43.08
1953 11 27   42.06
1953 11 28   49.78
1953 11 29   59.59
1953 11 30   38.49
1953 12 01   34.97
1953 12 02   93.07
1953 12 03  158.96
1953 12 04  170.22
1953 12 05  129.81
1953 12 06  122.32
1953 12 07  140.33
1953 12 08  146.20
1953 12 09  134.10
1953 12 10  100.30
1953 12 11   88.78
1953 12 12   80.77
1953 12 13   67.46
1953 12 14   29.07
1953 12 15  -21.72
1953 12 16  -50.85
1953 12 17  -51.58
1953 12 18  -33.93
1953 12 19  -32.64
1953 12 20  -12.51
1953 12 21   39.43
1953 12 22  122.66
1953 12 23  153.06
1953 12 24  143.10
1953 12 25  123.90
1953 12 26   80.99
1953 12 27  115.74
1953 12 28  134.29
1953 12 29  113.67
1953 12 30   97.90
1953 12 31  106.39
1954 01 01  144.32
1954 01 02  156.94
1954 01 03  182.02
1954 01 04  188.74
1954 01 05  193.67
1954 01 06  213.38
1954 01 07  237.15
1954 01 08  250.76
1954 01 09  209.46
1954 01 10  130.10
1954 01 11   51.21
1954 01 12   46.61
1954 01 13   85.03
1954 01 14   69.09
1954 01 15  -25.97
1954 01 16  -77.99
1954 01 17  -48.76
1954 01 18  -43.64
1954 01 19  -60.54
1954 01 20  -95.60
1954 01 21 -124.65
1954 01 22 -146.04
1954 01 23 -184.87
1954 01 24 -206.05
1954 01 25 -207.34
1954 01 26 -207.21
1954 01 27 -194.49
1954 01 28 -195.30
1954 01 29 -216.07
1954 01 30 -164.52
1954 01 31 -116.66
1954 02 01 -125.41
1954 02 02  -53.08
1954 02 03   18.36
1954 02 04   60.38
1954 02 05  115.22
1954 02 06  119.64
1954 02 07   79.73
1954 02 08   24.16
1954 02 09  -92.68
1954 02 10 -181.80
1954 02 11 -212.93
1954 02 12 -219.35
1954 02 13 -151.24
1954 02 14  -80.89
1954 02 15  -82.09
1954 02 16  -83.38
1954 02 17  -35.18
1954 02 18    6.61
1954 02 19   39.52
1954 02 20   50.32
1954 02 21   59.74
1954 02 22   78.20
1954 02 23  131.44
1954 02 24  198.02
1954 02 25  183.15
1954 02 26  145.70
1954 02 27  111.94
1954 02 28   91.10
1954 03 01  107.52
1954 03 02  131.64
1954 03 03  114.93
1954 03 04  168.68
1954 03 05  166.66
1954 03 06  129.65
1954 03 07  173.48
1954 03 08  138.87
1954 03 09  119.91
1954 03 10  182.70
1954 03 11  219.97
1954 03 12  197.65
1954 03 13  139.70
1954 03 14  112.89
1954 03 15   94.45
1954 03 16   44.39
1954 03 17    4.31
1954 03 18  -39.23
1954 03 19  -60.37
1954 03 20  -38.33
1954 03 21  -29.66
1954 03 22  -39.19
1954 03 23  -87.20
1954 03 24 -136.97
1954 03 25 -192.61
1954 03 26 -226.90
1954 03 27 -253.14
1954 03 28 -249.92
1954 03 29 -214.59
1954 03 30 -200.28
1954 03 31 -190.74
1954 04 01 -174.57
1954 04 02 -171.35
1954 04 03 -183.99
1954 04 04 -224.82
1954 04 05 -228.57
1954 04 06 -228.20
1954 04 07 -219.97
1954 04 08 -177.74
1954 04 09 -148.66
1954 04 10 -146.79
1954 04 11 -110.85
1954 04 12  -68.58
1954 04 13  -64.50
1954 04 14  -83.40
1954 04 15  -73.00
1954 04 16  -27.06
1954 04 17   -7.01
1954 04 18  -14.72
1954 04 19  -39.32
1954 04 20  -39.09
1954 04 21  -55.21
1954 04 22  -29.13
1954 04 23  -13.57
1954 04 24  -41.62
1954 04 25  -90.21
1954 04 26  -85.80
1954 04 27  -48.51
1954 04 28   44.33
1954 04 29  137.41
1954 04 30  153.99
1954 05 01  174.27
1954 05 02  202.09
1954 05 03  190.90
1954 05 04  138.51
1954 05 05  101.32
1954 05 06   93.91
1954 05 07   76.05
1954 05 08   38.64
1954 05 09   24.26
1954 05 10  -12.11
1954 05 11   -1.31
1954 05 12    0.50
1954 05 13   -4.75
1954 05 14   -3.42
1954 05 15  -31.75
1954 05 16  -20.05
1954 05 17    3.27
1954 05 18   12.87
1954 05 19   24.54
1954 05 20   36.96
1954 05 21   53.45
1954 05 22   54.46
1954 05 23   74.91
1954 05 24   93.60
1954 05 25   64.40
1954 05 26   46.59
1954 05 27   76.54
1954 05 28   97.99
1954 05 29   89.55
1954 05 30   67.89
1954 05 31   58.02
1954 06 01   40.70
1954 06 02   10.30
1954 06 03    3.78
1954 06 04   -7.31
1954 06 05   -9.99
1954 06 06  -12.13
1954 06 07  -23.97
1954 06 08   -4.24
1954 06 09   15.95
1954 06 10   15.75
1954 06 11   17.53
1954 06 12   38.18
1954 06 13   53.75
1954 06 14   62.84
1954 06 15   65.74
1954 06 16   51.50
1954 06 17   41.81
1954 06 18   31.38
1954 06 19  -11.56
1954 06 20  -27.99
1954 06 21  -27.89
1954 06 22  -25.54
1954 06 23  -22.54
1954 06 24  -24.19
1954 06 25  -29.42
1954 06 26   -9.18
1954 06 27   10.88
1954 06 28   26.61
1954 06 29   35.40
1954 06 30   32.92
1954 07 01   11.99
1954 07 02   -3.96
1954 07 03  -12.47
1954 07 04   -1.08
1954 07 05    3.49
1954 07 06    1.06
1954 07 07    1.42
1954 07 08    3.08
1954 07 09   -6.25
1954 07 10  -33.76
1954 07 11  -39.63
1954 07 12  -23.64
1954 07 13   -5.70
1954 07 14   26.29
1954 07 15   15.14
1954 07 16  -13.60
1954 07 17  -42.44
1954 07 18  -61.07
1954 07 19  -48.86
1954 07 20  -44.76
1954 07 21  -53.64
1954 07 22  -50.72
1954 07 23  -43.44
1954 07 24  -43.27
1954 07 25  -49.51
1954 07 26  -44.03
1954 07 27  -28.73
1954 07 28  -39.82
1954 07 29  -56.01
1954 07 30  -43.81
1954 07 31  -22.80
1954 08 01   10.57
1954 08 02   25.69
1954 08 03   34.61
1954 08 04   34.24
1954 08 05   20.34
1954 08 06    2.09
1954 08 07   -1.40
1954 08 08  -14.15
1954 08 09  -28.88
1954 08 10  -17.41
1954 08 11  -18.12
1954 08 12  -21.03
1954 08 13   -9.80
1954 08 14   14.47
1954 08 15   44.68
1954 08 16   41.83
1954 08 17   23.30
1954 08 18   20.59
1954 08 19   37.27
1954 08 20   55.88
1954 08 21   32.64
1954 08 22   21.70
1954 08 23   25.03
1954 08 24   13.43
1954 08 25  -22.75
1954 08 26  -29.69
1954 08 27  -11.15
1954 08 28  -11.70
1954 08 29  -16.57
1954 08 30  -13.47
1954 08 31  -40.68
1954 09 01  -41.93
1954 09 02  -20.32
1954 09 03   -7.71
1954 09 04  -15.46
1954 09 05    2.66
1954 09 06   20.00
1954 09 07   37.51
1954 09 08   36.25
1954 09 09   -8.29
1954 09 10  -49.66
1954 09 11  -78.02
1954 09 12  -72.23
1954 09 13  -48.79
1954 09 14  -50.57
1954 09 15 -101.78
1954 09 16 -145.76
1954 09 17 -175.04
1954 09 18 -149.47
1954 09 19 -100.54
1954 09 20  -64.67
1954 09 21  -25.14
1954 09 22   -1.61
1954 09 23   10.27
1954 09 24   25.11
1954 09 25   28.24
1954 09 26   19.81
1954 09 27  -28.77
1954 09 28  -36.14
1954 09 29  -85.25
1954 09 30 -148.52
1954 10 01 -177.02
1954 10 02 -174.82
1954 10 03 -190.12
1954 10 04 -241.94
1954 10 05 -222.66
1954 10 06 -141.75
1954 10 07  -55.02
1954 10 08   24.38
1954 10 09   90.82
1954 10 10   96.47
1954 10 11   82.18
1954 10 12   51.62
1954 10 13    7.90
1954 10 14   -4.63
1954 10 15   -3.72
1954 10 16  -18.31
1954 10 17  -25.95
1954 10 18  -29.69
1954 10 19   -8.74
1954 10 20    1.15
1954 10 21   19.23
1954 10 22    5.59
1954 10 23   14.46
1954 10 24   40.21
1954 10 25   35.67
1954 10 26   38.94
1954 10 27  -19.00
1954 10 28  -79.38
1954 10 29  -89.12
1954 10 30  -92.90
1954 10 31  -58.93
1954 11 01   -1.10
1954 11 02   12.22
1954 11 03    9.30
1954 11 04   12.31
1954 11 05   24.73
1954 11 06   32.55
1954 11 07   13.80
1954 11 08    8.21
1954 11 09   31.83
1954 11 10   -3.04
1954 11 11  -21.48
1954 11 12  -38.42
1954 11 13  -13.29
1954 11 14   48.99
1954 11 15   87.22
1954 11 16   98.08
1954 11 17   83.14
1954 11 18   72.68
1954 11 19   66.36
1954 11 20   33.90
1954 11 21   37.71
1954 11 22  -16.83
1954 11 23  -61.44
1954 11 24  -31.37
1954 11 25    8.88
1954 11 26   25.74
1954 11 27   38.93
1954 11 28    1.47
1954 11 29  -76.81
1954 11 30 -104.47
1954 12 01  -54.96
1954 12 02  -46.57
1954 12 03  -52.30
1954 12 04  -37.79
1954 12 05    9.46
1954 12 06   67.99
1954 12 07   55.07
1954 12 08   51.93
1954 12 09   81.59
1954 12 10   64.95
1954 12 11   83.78
1954 12 12  115.59
1954 12 13  108.57
1954 12 14  103.06
1954 12 15  106.63
1954 12 16   92.58
1954 12 17   32.47
1954 12 18  -17.62
1954 12 19  -32.32
1954 12 20  -12.81
1954 12 21  -17.16
1954 12 22  -26.50
1954 12 23  -83.35
1954 12 24 -118.73
1954 12 25 -149.25
1954 12 26 -157.91
1954 12 27 -160.35
1954 12 28 -121.01
1954 12 29  -61.05
1954 12 30   10.78
1954 12 31   55.19
1955 01 01   89.48
1955 01 02  144.02
1955 01 03  149.03
1955 01 04  129.43
1955 01 05  125.72
1955 01 06   95.84
1955 01 07   82.84
1955 01 08   84.54
1955 01 09  120.36
1955 01 10  141.95
1955 01 11  148.80
1955 01 12  202.68
1955 01 13  202.58
1955 01 14  182.14
1955 01 15  159.60
1955 01 16  137.44
1955 01 17  175.06
1955 01 18  208.52
1955 01 19  202.72
1955 01 20  148.50
1955 01 21  100.80
1955 01 22  161.22
1955 01 23  184.01
1955 01 24  151.19
1955 01 25  112.26
1955 01 26   90.77
1955 01 27   81.57
1955 01 28  109.48
1955 01 29  125.88
1955 01 30   92.28
1955 01 31   81.10
1955 02 01  105.07
1955 02 02  107.38
1955 02 03   89.70
1955 02 04   62.08
1955 02 05   19.69
1955 02 06   19.91
1955 02 07   27.95
1955 02 08   42.55
1955 02 09   35.16
1955 02 10   57.47
1955 02 11   50.46
1955 02 12   17.25
1955 02 13   83.80
1955 02 14  137.62
1955 02 15   98.54
1955 02 16   23.47
1955 02 17   -6.08
1955 02 18  -32.59
1955 02 19  -45.96
1955 02 20  -47.64
1955 02 21  -73.69
1955 02 22  -26.21
1955 02 23  -17.27
1955 02 24  -74.31
1955 02 25 -181.91
1955 02 26 -243.60
1955 02 27 -234.70
1955 02 28 -212.00
1955 03 01 -207.97
1955 03 02 -153.17
1955 03 03 -133.55
1955 03 04 -109.70
1955 03 05  -21.92
1955 03 06   13.93
1955 03 07   24.06
1955 03 08   56.84
1955 03 09   69.09
1955 03 10   79.78
1955 03 11   92.71
1955 03 12  113.64
1955 03 13   84.66
1955 03 14   89.30
1955 03 15  127.31
1955 03 16   92.02
1955 03 17   71.33
1955 03 18    6.02
1955 03 19  -73.45
1955 03 20  -59.85
1955 03 21  -23.32
1955 03 22  -34.11
1955 03 23  -20.99
1955 03 24    5.36
1955 03 25   17.11
1955 03 26   55.08
1955 03 27   92.23
1955 03 28   74.12
1955 03 29   74.46
1955 03 30   81.81
1955 03 31   42.36
1955 04 01   -6.01
1955 04 02  -32.04
1955 04 03  -28.27
1955 04 04  -24.61
1955 04 05   -2.73
1955 04 06   45.91
1955 04 07   64.77
1955 04 08   40.44
1955 04 09   37.97
1955 04 10   24.27
1955 04 11   -4.51
1955 04 12   20.55
1955 04 13   51.71
1955 04 14   48.08
1955 04 15    8.81
1955 04 16   55.52
1955 04 17  135.69
1955 04 18  173.90
1955 04 19  188.47
1955 04 20  185.92
1955 04 21  166.98
1955 04 22  151.81
1955 04 23  121.01
1955 04 24   78.12
1955 04 25   50.37
1955 04 26   59.52
1955 04 27   37.00
1955 04 28   23.32
1955 04 29   27.66
1955 04 30   19.95
1955 05 01   48.82
1955 05 02   77.89
1955 05 03   81.47
1955 05 04   71.24
1955 05 05   52.19
1955 05 06   55.60
1955 05 07   50.04
1955 05 08   38.15
1955 05 09   38.35
1955 05 10   42.72
1955 05 11   50.23
1955 05 12   49.31
1955 05 13   87.78
1955 05 14  147.53
1955 05 15  134.93
1955 05 16   88.43
1955 05 17   61.42
1955 05 18   40.33
1955 05 19   -1.74
1955 05 20  -39.70
1955 05 21  -49.18
1955 05 22  -22.84
1955 05 23   29.91
1955 05 24   84.80
1955 05 25   96.34
1955 05 26   55.18
1955 05 27   21.82
1955 05 28   24.86
1955 05 29   45.30
1955 05 30   63.83
1955 05 31   82.67
1955 06 01  102.43
1955 06 02  107.06
1955 06 03  118.43
1955 06 04  100.11
1955 06 05   20.78
1955 06 06  -48.62
1955 06 07  -73.17
1955 06 08  -57.91
1955 06 09  -65.91
1955 06 10  -86.20
1955 06 11  -74.95
1955 06 12  -56.98
1955 06 13  -48.94
1955 06 14  -41.60
1955 06 15  -15.24
1955 06 16   -7.34
1955 06 17  -15.16
1955 06 18  -25.60
1955 06 19   -9.84
1955 06 20   20.93
1955 06 21   39.83
1955 06 22   45.51
1955 06 23   46.50
1955 06 24   31.49
1955 06 25   44.17
1955 06 26   84.22
1955 06 27  113.43
1955 06 28  111.26
1955 06 29   74.23
1955 06 30   43.89
1955 07 01   17.18
1955 07 02   16.77
1955 07 03   33.95
1955 07 04   57.25
1955 07 05   69.66
1955 07 06   70.58
1955 07 07   80.34
1955 07 08   88.72
1955 07 09   83.02
1955 07 10   61.66
1955 07 11   51.74
1955 07 12   58.32
1955 07 13   65.68
1955 07 14   69.31
1955 07 15   53.72
1955 07 16   37.28
1955 07 17   14.92
1955 07 18   -0.34
1955 07 19  -13.01
1955 07 20  -27.92
1955 07 21  -25.43
1955 07 22   -4.35
1955 07 23   12.39
1955 07 24   25.74
1955 07 25   25.73
1955 07 26   28.67
1955 07 27   12.90
1955 07 28  -32.04
1955 07 29  -71.58
1955 07 30  -66.63
1955 07 31  -67.83
1955 08 01  -54.63
1955 08 02  -46.17
1955 08 03  -55.17
1955 08 04  -52.95
1955 08 05  -44.32
1955 08 06  -38.73
1955 08 07  -31.32
1955 08 08  -46.16
1955 08 09  -60.54
1955 08 10  -64.85
1955 08 11  -66.16
1955 08 12  -61.03
1955 08 13  -55.92
1955 08 14  -41.14
1955 08 15  -30.42
1955 08 16  -39.42
1955 08 17  -60.17
1955 08 18  -76.74
1955 08 19  -78.61
1955 08 20  -66.14
1955 08 21  -39.10
1955 08 22   -9.37
1955 08 23   14.40
1955 08 24   36.57
1955 08 25   64.00
1955 08 26  108.68
1955 08 27  134.06
1955 08 28  104.98
1955 08 29   84.01
1955 08 30   84.51
1955 08 31   55.13
1955 09 01   46.01
1955 09 02   11.76
1955 09 03  -31.42
1955 09 04  -45.88
1955 09 05  -19.75
1955 09 06    6.48
1955 09 07    4.14
1955 09 08   -5.84
1955 09 09  -34.38
1955 09 10  -33.85
1955 09 11   -0.27
1955 09 12   21.99
1955 09 13   23.83
1955 09 14   56.74
1955 09 15   53.24
1955 09 16   22.00
1955 09 17   -6.47
1955 09 18  -19.19
1955 09 19  -35.98
1955 09 20  -50.33
1955 09 21  -56.24
1955 09 22  -70.52
1955 09 23  -74.38
1955 09 24  -57.94
1955 09 25  -28.87
1955 09 26   12.60
1955 09 27   39.89
1955 09 28   68.59
1955 09 29   72.39
1955 09 30   57.95
1955 10 01   54.16
1955 10 02   98.41
1955 10 03  146.82
1955 10 04  138.76
1955 10 05  110.17
1955 10 06  107.43
1955 10 07  131.45
1955 10 08  108.99
1955 10 09  118.71
1955 10 10  136.89
1955 10 11  112.75
1955 10 12  104.78
1955 10 13  126.88
1955 10 14  115.22
1955 10 15   44.69
1955 10 16   -5.55
1955 10 17    7.38
1955 10 18   17.48
1955 10 19   33.55
1955 10 20   88.14
1955 10 21   86.93
1955 10 22   83.39
1955 10 23  107.17
1955 10 24  104.14
1955 10 25   88.51
1955 10 26   59.51
1955 10 27   28.26
1955 10 28  -16.39
1955 10 29  -97.85
1955 10 30 -188.38
1955 10 31 -196.98
1955 11 01 -167.31
1955 11 02 -159.95
1955 11 03 -163.38
1955 11 04 -132.27
1955 11 05 -143.32
1955 11 06 -161.83
1955 11 07 -127.32
1955 11 08  -92.54
1955 11 09  -96.90
1955 11 10  -97.61
1955 11 11  -88.67
1955 11 12  -77.52
1955 11 13  -93.82
1955 11 14  -72.40
1955 11 15   -2.05
1955 11 16   27.61
1955 11 17   16.54
1955 11 18  -21.46
1955 11 19  -27.79
1955 11 20  -12.64
1955 11 21    7.77
1955 11 22  -19.97
1955 11 23  -11.16
1955 11 24   14.21
1955 11 25  -11.91
1955 11 26  -60.13
1955 11 27  -70.23
1955 11 28  -53.03
1955 11 29  -27.53
1955 11 30  -39.22
1955 12 01  -53.19
1955 12 02  -38.14
1955 12 03  -12.76
1955 12 04   27.15
1955 12 05   44.01
1955 12 06   15.19
1955 12 07  -21.79
1955 12 08  -27.82
1955 12 09  -25.43
1955 12 10   -9.12
1955 12 11   16.27
1955 12 12    3.64
1955 12 13  -99.09
1955 12 14 -211.35
1955 12 15 -266.11
1955 12 16 -322.93
1955 12 17 -376.70
1955 12 18 -430.01
1955 12 19 -430.81
1955 12 20 -403.83
1955 12 21 -414.87
1955 12 22 -347.01
1955 12 23 -236.03
1955 12 24 -155.78
1955 12 25 -105.95
1955 12 26  -56.79
1955 12 27  -42.44
1955 12 28  -80.51
1955 12 29  -95.75
1955 12 30  -86.19
1955 12 31  -67.92
1956 01 01  -87.20
1956 01 02 -115.82
1956 01 03 -127.92
1956 01 04 -124.36
1956 01 05  -94.36
1956 01 06  -53.21
1956 01 07  -45.73
1956 01 08 -112.28
1956 01 09 -160.33
1956 01 10 -186.98
1956 01 11 -197.02
1956 01 12 -185.84
1956 01 13 -215.79
1956 01 14 -270.79
1956 01 15 -317.82
1956 01 16 -326.21
1956 01 17 -287.77
1956 01 18 -233.22
1956 01 19 -130.68
1956 01 20  -42.75
1956 01 21   12.09
1956 01 22   64.70
1956 01 23   69.23
1956 01 24   42.23
1956 01 25   56.30
1956 01 26   59.17
1956 01 27   80.88
1956 01 28   94.06
1956 01 29   42.14
1956 01 30  -29.49
1956 01 31  -83.47
1956 02 01  -99.76
1956 02 02  -52.09
1956 02 03  -26.81
1956 02 04   -8.12
1956 02 05  -25.91
1956 02 06  -83.44
1956 02 07  -90.44
1956 02 08  -64.17
1956 02 09  -95.63
1956 02 10 -152.07
1956 02 11 -180.04
1956 02 12 -177.29
1956 02 13 -134.51
1956 02 14  -94.78
1956 02 15  -32.63
1956 02 16   14.89
1956 02 17  -19.08
1956 02 18  -86.95
1956 02 19 -128.24
1956 02 20 -135.30
1956 02 21 -118.33
1956 02 22  -58.55
1956 02 23    1.63
1956 02 24   -5.20
1956 02 25   12.59
1956 02 26    5.64
1956 02 27   10.82
1956 02 28   43.40
1956 02 29   98.83
1956 03 01   90.15
1956 03 02   80.10
1956 03 03   63.22
1956 03 04   45.18
1956 03 05   51.59
1956 03 06   32.68
1956 03 07  -24.77
1956 03 08  -85.28
1956 03 09  -71.25
1956 03 10   11.75
1956 03 11   69.49
1956 03 12   56.45
1956 03 13   40.69
1956 03 14  118.33
1956 03 15  165.74
1956 03 16  175.38
1956 03 17  182.17
1956 03 18  183.12
1956 03 19  168.77
1956 03 20  171.90
1956 03 21  139.83
1956 03 22   52.35
1956 03 23   -5.89
1956 03 24  -23.67
1956 03 25  -14.78
1956 03 26   14.21
1956 03 27   56.72
1956 03 28   78.12
1956 03 29   74.72
1956 03 30   74.52
1956 03 31   72.24
1956 04 01  103.37
1956 04 02  122.44
1956 04 03  103.22
1956 04 04   73.84
1956 04 05   51.04
1956 04 06   96.44
1956 04 07  147.28
1956 04 08  156.52
1956 04 09  163.00
1956 04 10  141.45
1956 04 11  131.96
1956 04 12  107.04
1956 04 13   86.48
1956 04 14   82.30
1956 04 15   49.97
1956 04 16   13.59
1956 04 17  -11.98
1956 04 18  -18.72
1956 04 19   -7.32
1956 04 20   -4.93
1956 04 21  -41.36
1956 04 22  -50.14
1956 04 23  -72.21
1956 04 24  -93.94
1956 04 25  -43.96
1956 04 26  -26.12
1956 04 27  -11.44
1956 04 28    5.17
1956 04 29   33.46
1956 04 30   59.48
1956 05 01   93.91
1956 05 02   92.76
1956 05 03   81.31
1956 05 04   57.24
1956 05 05   22.04
1956 05 06   -2.11
1956 05 07   15.65
1956 05 08   39.16
1956 05 09   68.02
1956 05 10   72.31
1956 05 11   68.30
1956 05 12  133.75
1956 05 13  195.09
1956 05 14  190.20
1956 05 15  162.84
1956 05 16  140.79
1956 05 17   67.65
1956 05 18   36.70
1956 05 19   30.63
1956 05 20   23.57
1956 05 21   74.05
1956 05 22   75.70
1956 05 23   55.78
1956 05 24   92.29
1956 05 25  152.33
1956 05 26  166.84
1956 05 27  141.17
1956 05 28   91.99
1956 05 29   70.60
1956 05 30   66.28
1956 05 31   54.60
1956 06 01   36.08
1956 06 02   40.26
1956 06 03   74.80
1956 06 04   57.51
1956 06 05    0.32
1956 06 06  -44.77
1956 06 07  -70.90
1956 06 08  -79.37
1956 06 09  -39.00
1956 06 10   11.76
1956 06 11   36.53
1956 06 12   25.24
1956 06 13  -10.99
1956 06 14    8.62
1956 06 15   38.89
1956 06 16   29.21
1956 06 17   11.19
1956 06 18    4.79
1956 06 19   -5.08
1956 06 20   -6.71
1956 06 21  -17.74
1956 06 22  -16.80
1956 06 23  -17.37
1956 06 24  -40.37
1956 06 25  -56.71
1956 06 26  -78.72
1956 06 27  -80.98
1956 06 28  -95.32
1956 06 29 -109.04
1956 06 30  -99.57
1956 07 01  -83.91
1956 07 02  -58.56
1956 07 03  -23.40
1956 07 04   -6.11
1956 07 05  -16.65
1956 07 06  -28.83
1956 07 07  -17.86
1956 07 08  -22.60
1956 07 09  -48.58
1956 07 10  -63.47
1956 07 11  -70.54
1956 07 12  -72.87
1956 07 13  -61.73
1956 07 14  -56.61
1956 07 15  -78.92
1956 07 16 -106.58
1956 07 17  -95.66
1956 07 18  -55.02
1956 07 19   -4.83
1956 07 20   23.52
1956 07 21   20.68
1956 07 22   12.61
1956 07 23   -2.00
1956 07 24   -9.92
1956 07 25   -0.98
1956 07 26   -5.93
1956 07 27  -14.71
1956 07 28  -38.42
1956 07 29  -61.98
1956 07 30  -64.95
1956 07 31  -56.78
1956 08 01  -56.22
1956 08 02  -54.10
1956 08 03  -43.06
1956 08 04  -52.66
1956 08 05  -50.86
1956 08 06  -34.85
1956 08 07  -39.60
1956 08 08  -43.54
1956 08 09  -77.26
1956 08 10 -124.44
1956 08 11 -141.77
1956 08 12 -116.40
1956 08 13  -63.80
1956 08 14  -13.94
1956 08 15   13.30
1956 08 16   13.87
1956 08 17    3.85
1956 08 18   41.16
1956 08 19   71.90
1956 08 20   55.66
1956 08 21   24.62
1956 08 22   -4.01
1956 08 23   -7.97
1956 08 24   12.23
1956 08 25   36.20
1956 08 26   35.82
1956 08 27   56.50
1956 08 28   75.89
1956 08 29   51.53
1956 08 30   24.82
1956 08 31    0.12
1956 09 01  -26.77
1956 09 02  -43.83
1956 09 03  -43.64
1956 09 04  -54.05
1956 09 05  -56.60
1956 09 06  -34.36
1956 09 07    3.80
1956 09 08   46.66
1956 09 09   55.86
1956 09 10    2.18
1956 09 11  -25.88
1956 09 12  -41.90
1956 09 13  -29.22
1956 09 14  -28.25
1956 09 15  -70.18
1956 09 16  -65.66
1956 09 17  -56.16
1956 09 18  -33.06
1956 09 19   -9.76
1956 09 20  -18.45
1956 09 21  -44.58
1956 09 22  -73.82
1956 09 23  -89.02
1956 09 24  -86.53
1956 09 25  -77.86
1956 09 26  -46.07
1956 09 27  -35.83
1956 09 28   14.49
1956 09 29   61.14
1956 09 30   62.27
1956 10 01   35.89
1956 10 02  -11.06
1956 10 03  -49.88
1956 10 04  -58.68
1956 10 05  -49.83
1956 10 06  -35.85
1956 10 07  -42.95
1956 10 08  -26.32
1956 10 09   -7.60
1956 10 10    4.59
1956 10 11   10.05
1956 10 12   30.90
1956 10 13   88.19
1956 10 14   75.91
1956 10 15   48.14
1956 10 16    7.19
1956 10 17  -20.74
1956 10 18  -28.48
1956 10 19  -40.18
1956 10 20  -34.35
1956 10 21  -21.49
1956 10 22  -21.76
1956 10 23  -24.51
1956 10 24  -35.14
1956 10 25  -13.09
1956 10 26   32.75
1956 10 27   75.19
1956 10 28   60.11
1956 10 29   11.61
1956 10 30   -1.99
1956 10 31  -22.52
1956 11 01  -42.43
1956 11 02   -1.56
1956 11 03   22.18
1956 11 04  -48.88
1956 11 05  -99.83
1956 11 06 -120.90
1956 11 07 -134.50
1956 11 08 -115.68
1956 11 09  -63.31
1956 11 10  -19.82
1956 11 11   15.09
1956 11 12   74.13
1956 11 13   68.30
1956 11 14   78.57
1956 11 15   84.91
1956 11 16   95.41
1956 11 17   97.58
1956 11 18   99.36
1956 11 19   50.08
1956 11 20   -6.72
1956 11 21   12.13
1956 11 22   16.20
1956 11 23  -32.38
1956 11 24  -38.16
1956 11 25  -20.80
1956 11 26  -64.36
1956 11 27  -61.20
1956 11 28  -57.51
1956 11 29  -72.45
1956 11 30 -102.71
1956 12 01 -127.74
1956 12 02 -134.00
1956 12 03 -162.68
1956 12 04 -218.71
1956 12 05 -280.66
1956 12 06 -305.04
1956 12 07 -310.65
1956 12 08 -336.33
1956 12 09 -330.87
1956 12 10 -305.38
1956 12 11 -281.57
1956 12 12 -262.35
1956 12 13 -211.96
1956 12 14 -128.41
1956 12 15  -72.14
1956 12 16  -58.50
1956 12 17  -39.52
1956 12 18  -46.60
1956 12 19  -85.55
1956 12 20 -130.52
1956 12 21 -128.48
1956 12 22 -118.34
1956 12 23 -101.30
1956 12 24  -54.59
1956 12 25  -33.26
1956 12 26  -45.05
1956 12 27  -56.58
1956 12 28  -32.62
1956 12 29  -19.64
1956 12 30  -18.19
1956 12 31  -18.42
1957 01 01    8.58
1957 01 02   10.45
1957 01 03   -0.65
1957 01 04   18.26
1957 01 05   43.62
1957 01 06    3.63
1957 01 07   -5.78
1957 01 08   25.16
1957 01 09   -7.93
1957 01 10   30.13
1957 01 11   77.34
1957 01 12   91.07
1957 01 13   53.91
1957 01 14    8.41
1957 01 15  -87.13
1957 01 16 -153.01
1957 01 17 -207.99
1957 01 18 -217.22
1957 01 19 -211.54
1957 01 20 -203.78
1957 01 21 -177.67
1957 01 22 -148.86
1957 01 23 -122.22
1957 01 24 -137.96
1957 01 25 -159.46
1957 01 26 -159.76
1957 01 27 -138.71
1957 01 28  -63.88
1957 01 29  -38.78
1957 01 30  -53.31
1957 01 31  -77.63
1957 02 01 -149.19
1957 02 02 -219.11
1957 02 03 -240.14
1957 02 04 -220.95
1957 02 05 -175.87
1957 02 06 -119.17
1957 02 07  -52.72
1957 02 08   -1.02
1957 02 09   28.12
1957 02 10   -8.82
1957 02 11   -7.96
1957 02 12   -2.02
1957 02 13   58.09
1957 02 14   60.72
1957 02 15   21.19
1957 02 16  -20.54
1957 02 17  -89.17
1957 02 18 -146.32
1957 02 19 -180.67
1957 02 20 -271.29
1957 02 21 -340.78
1957 02 22 -374.05
1957 02 23 -358.32
1957 02 24 -249.07
1957 02 25 -125.56
1957 02 26  -68.35
1957 02 27  -25.01
1957 02 28   11.76
1957 03 01   32.85
1957 03 02   45.88
1957 03 03   44.29
1957 03 04   25.00
1957 03 05  -22.22
1957 03 06  -43.77
1957 03 07  -31.91
1957 03 08    5.93
1957 03 09    6.40
1957 03 10  -25.97
1957 03 11  -61.06
1957 03 12  -60.62
1957 03 13  -43.65
1957 03 14  -24.13
1957 03 15   18.15
1957 03 16   44.76
1957 03 17   84.43
1957 03 18   80.82
1957 03 19   36.54
1957 03 20    2.35
1957 03 21  -54.04
1957 03 22 -109.21
1957 03 23 -136.67
1957 03 24 -100.09
1957 03 25  -99.49
1957 03 26  -85.07
1957 03 27  -66.71
1957 03 28  -54.65
1957 03 29  -53.65
1957 03 30  -70.85
1957 03 31 -110.50
1957 04 01 -114.32
1957 04 02  -83.68
1957 04 03  -66.27
1957 04 04  -28.09
1957 04 05   66.25
1957 04 06   65.95
1957 04 07   11.85
1957 04 08  -29.93
1957 04 09  -44.93
1957 04 10  -25.71
1957 04 11  -11.19
1957 04 12    2.80
1957 04 13   19.89
1957 04 14   45.09
1957 04 15   93.20
1957 04 16   84.22
1957 04 17   74.84
1957 04 18   65.71
1957 04 19   62.14
1957 04 20   88.81
1957 04 21  102.26
1957 04 22   77.69
1957 04 23   60.41
1957 04 24   63.46
1957 04 25   55.11
1957 04 26   46.85
1957 04 27   12.77
1957 04 28    6.31
1957 04 29   38.02
1957 04 30   23.64
1957 05 01   15.57
1957 05 02    1.39
1957 05 03   -1.88
1957 05 04  -11.14
1957 05 05  -19.42
1957 05 06   -4.73
1957 05 07  -52.59
1957 05 08  -65.18
1957 05 09  -46.39
1957 05 10  -39.30
1957 05 11  -40.36
1957 05 12  -36.53
1957 05 13  -50.64
1957 05 14  -60.69
1957 05 15  -69.62
1957 05 16  -56.28
1957 05 17  -17.04
1957 05 18   22.12
1957 05 19   34.84
1957 05 20   29.88
1957 05 21   31.14
1957 05 22   49.17
1957 05 23   81.07
1957 05 24   65.08
1957 05 25   20.64
1957 05 26   -6.53
1957 05 27  -28.05
1957 05 28  -57.65
1957 05 29  -79.78
1957 05 30  -94.92
1957 05 31 -107.06
1957 06 01  -81.33
1957 06 02  -85.30
1957 06 03  -94.78
1957 06 04  -95.12
1957 06 05  -90.87
1957 06 06  -86.67
1957 06 07  -77.02
1957 06 08  -73.79
1957 06 09  -68.50
1957 06 10  -30.04
1957 06 11    9.26
1957 06 12   16.63
1957 06 13   -3.03
1957 06 14    5.36
1957 06 15   25.57
1957 06 16   34.66
1957 06 17   24.27
1957 06 18   -2.16
1957 06 19  -24.51
1957 06 20  -46.40
1957 06 21  -61.74
1957 06 22  -47.26
1957 06 23  -13.97
1957 06 24   -0.87
1957 06 25    3.58
1957 06 26   32.30
1957 06 27   34.39
1957 06 28   20.73
1957 06 29    3.35
1957 06 30   -3.47
1957 07 01   13.60
1957 07 02   20.37
1957 07 03   32.72
1957 07 04   32.79
1957 07 05   31.06
1957 07 06   23.86
1957 07 07    4.71
1957 07 08   -8.35
1957 07 09   14.12
1957 07 10   62.19
1957 07 11   94.52
1957 07 12   51.86
1957 07 13   -0.08
1957 07 14  -41.73
1957 07 15  -75.58
1957 07 16 -120.30
1957 07 17 -120.59
1957 07 18  -97.72
1957 07 19  -84.39
1957 07 20  -83.33
1957 07 21  -88.14
1957 07 22  -98.66
1957 07 23  -92.37
1957 07 24  -91.09
1957 07 25  -80.59
1957 07 26  -62.69
1957 07 27  -52.76
1957 07 28  -41.39
1957 07 29  -25.16
1957 07 30  -24.11
1957 07 31  -31.61
1957 08 01  -42.59
1957 08 02  -54.42
1957 08 03  -52.68
1957 08 04   -7.04
1957 08 05   20.05
1957 08 06    7.88
1957 08 07  -12.24
1957 08 08  -19.11
1957 08 09   -6.08
1957 08 10    1.13
1957 08 11   11.15
1957 08 12   21.44
1957 08 13    2.08
1957 08 14  -10.26
1957 08 15   -9.17
1957 08 16  -22.73
1957 08 17  -33.39
1957 08 18  -19.21
1957 08 19    2.43
1957 08 20   11.39
1957 08 21   -1.27
1957 08 22  -34.12
1957 08 23  -34.39
1957 08 24  -13.94
1957 08 25    4.69
1957 08 26   27.43
1957 08 27   64.04
1957 08 28   72.11
1957 08 29   51.93
1957 08 30   45.40
1957 08 31   52.16
1957 09 01   66.50
1957 09 02   73.71
1957 09 03   94.47
1957 09 04   76.29
1957 09 05   34.41
1957 09 06   26.48
1957 09 07   25.31
1957 09 08   24.62
1957 09 09   18.71
1957 09 10   -4.57
1957 09 11  -35.87
1957 09 12  -15.51
1957 09 13    5.99
1957 09 14  -29.36
1957 09 15  -82.66
1957 09 16 -146.45
1957 09 17 -153.51
1957 09 18 -125.49
1957 09 19 -121.05
1957 09 20 -148.67
1957 09 21 -159.51
1957 09 22 -184.60
1957 09 23 -189.85
1957 09 24 -157.17
1957 09 25 -128.01
1957 09 26 -110.96
1957 09 27  -63.34
1957 09 28  -16.84
1957 09 29   -6.77
1957 09 30  -29.87
1957 10 01  -76.67
1957 10 02 -104.44
1957 10 03 -114.00
1957 10 04 -114.49
1957 10 05  -91.87
1957 10 06 -107.20
1957 10 07 -152.20
1957 10 08 -170.78
1957 10 09 -140.39
1957 10 10  -76.43
1957 10 11   20.26
1957 10 12   87.24
1957 10 13  101.60
1957 10 14   80.98
1957 10 15   57.31
1957 10 16   23.46
1957 10 17  -38.68
1957 10 18 -100.69
1957 10 19 -118.42
1957 10 20  -82.98
1957 10 21  -26.94
1957 10 22   -3.91
1957 10 23    0.70
1957 10 24  -13.44
1957 10 25  -41.45
1957 10 26  -72.90
1957 10 27  -39.36
1957 10 28   39.07
1957 10 29   90.65
1957 10 30   72.46
1957 10 31   34.86
1957 11 01   32.35
1957 11 02   23.29
1957 11 03   -1.94
1957 11 04  -37.09
1957 11 05  -52.56
1957 11 06  -95.70
1957 11 07 -131.49
1957 11 08 -121.83
1957 11 09 -105.73
1957 11 10 -100.21
1957 11 11  -65.71
1957 11 12  -15.34
1957 11 13   61.64
1957 11 14   88.61
1957 11 15   92.93
1957 11 16  112.95
1957 11 17   95.70
1957 11 18   40.67
1957 11 19  -24.83
1957 11 20  -47.81
1957 11 21   19.35
1957 11 22   85.42
1957 11 23   81.47
1957 11 24   77.80
1957 11 25   74.22
1957 11 26   83.13
1957 11 27   63.64
1957 11 28    8.18
1957 11 29   16.74
1957 11 30   50.05
1957 12 01   69.49
1957 12 02   84.90
1957 12 03  103.35
1957 12 04  130.98
1957 12 05  126.42
1957 12 06  109.80
1957 12 07   94.00
1957 12 08  111.90
1957 12 09   71.20
1957 12 10    6.50
1957 12 11   38.63
1957 12 12   83.46
1957 12 13   62.82
1957 12 14   35.92
1957 12 15   13.49
1957 12 16   52.42
1957 12 17   70.38
1957 12 18   72.07
1957 12 19   51.69
1957 12 20   26.70
1957 12 21   47.49
1957 12 22   54.00
1957 12 23   43.64
1957 12 24   36.14
1957 12 25   24.87
1957 12 26   74.17
1957 12 27  112.96
1957 12 28  134.16
1957 12 29  134.97
1957 12 30  103.99
1957 12 31  124.90
1958 01 01  145.09
1958 01 02  130.39
1958 01 03  139.04
1958 01 04  221.53
1958 01 05  222.04
1958 01 06  196.25
1958 01 07  228.86
1958 01 08  182.85
1958 01 09  101.08
1958 01 10   48.55
1958 01 11   -6.03
1958 01 12  -32.29
1958 01 13  -19.19
1958 01 14   21.49
1958 01 15   42.94
1958 01 16   26.26
1958 01 17   -8.35
1958 01 18  -12.50
1958 01 19  -22.65
1958 01 20  -64.29
1958 01 21  -86.27
1958 01 22  -31.31
1958 01 23   55.91
1958 01 24  105.66
1958 01 25  115.68
1958 01 26  106.61
1958 01 27  102.32
1958 01 28   91.93
1958 01 29  121.71
1958 01 30  113.41
1958 01 31   83.12
1958 02 01   69.65
1958 02 02   47.22
1958 02 03   40.13
1958 02 04  -20.95
1958 02 05 -114.30
1958 02 06 -167.15
1958 02 07 -205.30
1958 02 08 -204.35
1958 02 09 -182.32
1958 02 10 -153.04
1958 02 11 -138.78
1958 02 12 -123.13
1958 02 13 -126.64
1958 02 14 -143.86
1958 02 15 -145.34
1958 02 16 -176.84
1958 02 17 -207.49
1958 02 18 -206.93
1958 02 19 -173.27
1958 02 20 -132.69
1958 02 21  -75.41
1958 02 22  -15.33
1958 02 23    8.51
1958 02 24   33.28
1958 02 25   56.69
1958 02 26   56.46
1958 02 27   64.16
1958 02 28   85.96
1958 03 01   88.82
1958 03 02   58.15
1958 03 03   21.98
1958 03 04   53.72
1958 03 05  108.09
1958 03 06   93.03
1958 03 07   60.37
1958 03 08   79.45
1958 03 09   61.69
1958 03 10   39.03
1958 03 11   18.83
1958 03 12   10.09
1958 03 13  -63.36
1958 03 14 -103.11
1958 03 15 -113.55
1958 03 16 -113.22
1958 03 17 -120.77
1958 03 18 -113.06
1958 03 19  -86.88
1958 03 20  -42.75
1958 03 21    6.81
1958 03 22   43.86
1958 03 23   22.31
1958 03 24  -20.47
1958 03 25  -32.66
1958 03 26  -22.43
1958 03 27   11.87
1958 03 28   37.60
1958 03 29   71.05
1958 03 30  155.08
1958 03 31  178.60
1958 04 01  201.12
1958 04 02  150.54
1958 04 03  127.61
1958 04 04  117.99
1958 04 05   94.10
1958 04 06   73.35
1958 04 07   18.75
1958 04 08  -19.90
1958 04 09  -33.50
1958 04 10  -29.07
1958 04 11   46.55
1958 04 12  102.06
1958 04 13  137.56
1958 04 14  123.22
1958 04 15  100.65
1958 04 16   82.45
1958 04 17   57.46
1958 04 18   52.82
1958 04 19   26.03
1958 04 20   28.38
1958 04 21   31.15
1958 04 22    2.11
1958 04 23  -10.72
1958 04 24  -13.54
1958 04 25  -28.88
1958 04 26  -38.83
1958 04 27  -75.66
1958 04 28 -136.80
1958 04 29 -151.16
1958 04 30 -107.49
1958 05 01  -51.24
1958 05 02   13.11
1958 05 03   57.68
1958 05 04   88.33
1958 05 05   89.42
1958 05 06   86.52
1958 05 07  124.95
1958 05 08  160.21
1958 05 09  135.67
1958 05 10  117.04
1958 05 11  125.72
1958 05 12  103.59
1958 05 13  110.47
1958 05 14  168.95
1958 05 15  162.42
1958 05 16  126.11
1958 05 17  103.21
1958 05 18  101.15
1958 05 19  107.88
1958 05 20   93.07
1958 05 21   64.37
1958 05 22   45.83
1958 05 23    2.22
1958 05 24   -4.98
1958 05 25   45.09
1958 05 26   81.46
1958 05 27   53.39
1958 05 28   25.83
1958 05 29   18.45
1958 05 30   27.82
1958 05 31   30.24
1958 06 01   29.95
1958 06 02   33.53
1958 06 03    1.43
1958 06 04  -38.37
1958 06 05  -45.07
1958 06 06  -44.72
1958 06 07  -57.81
1958 06 08  -42.09
1958 06 09  -28.75
1958 06 10  -23.93
1958 06 11  -11.04
1958 06 12    9.97
1958 06 13   33.22
1958 06 14   43.76
1958 06 15   39.47
1958 06 16   45.04
1958 06 17   26.77
1958 06 18   -8.24
1958 06 19  -39.54
1958 06 20   -7.90
1958 06 21   57.88
1958 06 22   84.11
1958 06 23   81.75
1958 06 24   60.29
1958 06 25   19.72
1958 06 26    1.69
1958 06 27   23.19
1958 06 28   39.05
1958 06 29   28.28
1958 06 30   14.64
1958 07 01    8.23
1958 07 02   -5.47
1958 07 03  -18.64
1958 07 04  -18.05
1958 07 05   -8.21
1958 07 06  -11.98
1958 07 07   -9.41
1958 07 08   -3.35
1958 07 09   -0.15
1958 07 10    4.32
1958 07 11    1.65
1958 07 12   -7.91
1958 07 13   -5.45
1958 07 14   18.09
1958 07 15   37.77
1958 07 16   53.41
1958 07 17   82.76
1958 07 18  105.02
1958 07 19  117.02
1958 07 20  100.84
1958 07 21   74.62
1958 07 22   82.09
1958 07 23  112.38
1958 07 24  103.67
1958 07 25   96.76
1958 07 26   64.91
1958 07 27   54.60
1958 07 28   52.46
1958 07 29   49.71
1958 07 30   31.70
1958 07 31    2.92
1958 08 01   -9.16
1958 08 02   11.17
1958 08 03   32.29
1958 08 04   38.65
1958 08 05   34.59
1958 08 06    5.28
1958 08 07  -13.22
1958 08 08    3.72
1958 08 09   28.18
1958 08 10   39.14
1958 08 11   37.85
1958 08 12   23.37
1958 08 13   12.40
1958 08 14    5.99
1958 08 15   10.39
1958 08 16   -3.07
1958 08 17  -27.84
1958 08 18  -32.85
1958 08 19  -22.25
1958 08 20  -29.55
1958 08 21  -30.55
1958 08 22  -36.01
1958 08 23  -26.42
1958 08 24   -4.98
1958 08 25  -12.54
1958 08 26   -3.94
1958 08 27   -4.13
1958 08 28   -0.24
1958 08 29   -0.53
1958 08 30   10.57
1958 08 31    5.80
1958 09 01   10.14
1958 09 02   29.81
1958 09 03   10.90
1958 09 04   -3.40
1958 09 05  -14.34
1958 09 06  -18.60
1958 09 07  -26.91
1958 09 08  -18.43
1958 09 09   21.34
1958 09 10   22.78
1958 09 11   -7.81
1958 09 12  -20.63
1958 09 13  -22.73
1958 09 14  -29.79
1958 09 15  -66.93
1958 09 16  -72.01
1958 09 17  -53.50
1958 09 18  -41.77
1958 09 19   -9.59
1958 09 20   21.43
1958 09 21   34.03
1958 09 22   39.75
1958 09 23   54.84
1958 09 24   68.77
1958 09 25   48.31
1958 09 26   15.95
1958 09 27  -29.03
1958 09 28 -107.70
1958 09 29 -137.24
1958 09 30  -62.91
1958 10 01  -14.89
1958 10 02   -5.84
1958 10 03  -27.19
1958 10 04  -17.27
1958 10 05  -10.87
1958 10 06    1.93
1958 10 07    2.87
1958 10 08  -28.39
1958 10 09  -66.56
1958 10 10  -89.45
1958 10 11  -90.90
1958 10 12  -85.10
1958 10 13  -76.10
1958 10 14  -26.83
1958 10 15   23.48
1958 10 16   35.37
1958 10 17   53.28
1958 10 18   54.13
1958 10 19   63.10
1958 10 20   72.25
1958 10 21  102.81
1958 10 22  101.48
1958 10 23   70.66
1958 10 24   89.18
1958 10 25   80.61
1958 10 26   32.03
1958 10 27   24.31
1958 10 28   82.37
1958 10 29  107.80
1958 10 30   73.38
1958 10 31   77.49
1958 11 01   91.93
1958 11 02  129.63
1958 11 03  171.61
1958 11 04  148.27
1958 11 05  123.70
1958 11 06  121.01
1958 11 07  105.72
1958 11 08   92.30
1958 11 09   62.56
1958 11 10   27.14
1958 11 11   -9.18
1958 11 12   -4.91
1958 11 13    1.93
1958 11 14   26.76
1958 11 15   83.71
1958 11 16  152.55
1958 11 17  149.79
1958 11 18  139.10
1958 11 19  101.01
1958 11 20   59.74
1958 11 21   92.05
1958 11 22   67.28
1958 11 23   42.42
1958 11 24   28.19
1958 11 25  -16.03
1958 11 26  -16.88
1958 11 27   30.56
1958 11 28   36.54
1958 11 29   -1.06
1958 11 30  -61.63
1958 12 01  -51.38
1958 12 02   28.10
1958 12 03   54.75
1958 12 04  -10.75
1958 12 05  -55.70
1958 12 06 -101.79
1958 12 07 -102.16
1958 12 08 -130.72
1958 12 09 -193.02
1958 12 10 -170.95
1958 12 11 -133.91
1958 12 12  -85.65
1958 12 13  -68.36
1958 12 14  -88.00
1958 12 15  -67.36
1958 12 16  -24.43
1958 12 17   -9.41
1958 12 18   -1.48
1958 12 19  -21.88
1958 12 20  -19.69
1958 12 21   19.39
1958 12 22   46.26
1958 12 23   54.56
1958 12 24   39.43
1958 12 25    2.85
1958 12 26  -24.89
1958 12 27  -43.95
1958 12 28  -39.13
1958 12 29  -53.48
1958 12 30  -59.78
1958 12 31  -48.13
1959 01 01  -93.66
1959 01 02 -106.60
1959 01 03  -62.03
1959 01 04  -39.28
1959 01 05  -35.46
1959 01 06  -67.69
1959 01 07 -112.57
1959 01 08 -117.65
1959 01 09  -94.21
1959 01 10  -63.84
1959 01 11  -60.92
1959 01 12  -70.35
1959 01 13  -52.64
1959 01 14  -64.25
1959 01 15  -58.07
1959 01 16  -80.91
1959 01 17 -146.94
1959 01 18 -168.19
1959 01 19 -203.09
1959 01 20 -187.36
1959 01 21 -136.96
1959 01 22 -113.85
1959 01 23  -67.28
1959 01 24   -8.89
1959 01 25   30.65
1959 01 26   54.55
1959 01 27   56.39
1959 01 28   36.11
1959 01 29   36.53
1959 01 30   30.70
1959 01 31   44.29
1959 02 01   90.14
1959 02 02   91.94
1959 02 03   46.53
1959 02 04    3.83
1959 02 05  -18.98
1959 02 06  -30.11
1959 02 07   13.92
1959 02 08   10.02
1959 02 09   -3.47
1959 02 10   -6.14
1959 02 11  -56.31
1959 02 12  -76.36
1959 02 13  -65.94
1959 02 14  -52.16
1959 02 15  -27.22
1959 02 16   48.79
1959 02 17  112.20
1959 02 18  143.35
1959 02 19  169.23
1959 02 20  193.06
1959 02 21  183.68
1959 02 22  160.14
1959 02 23  142.04
1959 02 24  123.00
1959 02 25  132.31
1959 02 26  143.79
1959 02 27  162.20
1959 02 28  167.12
1959 03 01  127.79
1959 03 02  103.45
1959 03 03   86.67
1959 03 04   96.00
1959 03 05  109.23
1959 03 06  105.68
1959 03 07  103.01
1959 03 08   80.32
1959 03 09   41.82
1959 03 10    7.38
1959 03 11  -32.38
1959 03 12  -80.88
1959 03 13 -104.64
1959 03 14 -100.55
1959 03 15 -106.73
1959 03 16  -80.18
1959 03 17  -40.43
1959 03 18  -29.95
1959 03 19  -37.00
1959 03 20    3.94
1959 03 21   57.12
1959 03 22   34.53
1959 03 23   -9.73
1959 03 24  -26.44
1959 03 25  -18.30
1959 03 26   -4.05
1959 03 27    2.34
1959 03 28   17.92
1959 03 29   54.60
1959 03 30  103.96
1959 03 31  137.92
1959 04 01  171.38
1959 04 02  152.63
1959 04 03  127.26
1959 04 04  130.59
1959 04 05   78.44
1959 04 06  -29.69
1959 04 07  -53.66
1959 04 08   -0.12
1959 04 09   42.23
1959 04 10   14.73
1959 04 11   -9.44
1959 04 12   -9.45
1959 04 13  -21.51
1959 04 14  -47.25
1959 04 15  -43.87
1959 04 16  -32.17
1959 04 17  -77.38
1959 04 18  -72.68
1959 04 19  -43.46
1959 04 20  -58.03
1959 04 21  -96.23
1959 04 22 -126.33
1959 04 23 -149.69
1959 04 24 -132.76
1959 04 25 -130.58
1959 04 26 -117.80
1959 04 27  -84.27
1959 04 28  -35.34
1959 04 29   52.35
1959 04 30   79.79
1959 05 01   48.09
1959 05 02    8.65
1959 05 03  -25.34
1959 05 04  -31.29
1959 05 05  -21.04
1959 05 06   18.31
1959 05 07   66.23
1959 05 08  105.74
1959 05 09   91.03
1959 05 10   58.91
1959 05 11   33.67
1959 05 12    7.52
1959 05 13    0.92
1959 05 14    6.87
1959 05 15   -3.27
1959 05 16  -38.03
1959 05 17  -72.47
1959 05 18  -92.52
1959 05 19 -105.90
1959 05 20  -71.45
1959 05 21  -25.05
1959 05 22    2.25
1959 05 23  -21.35
1959 05 24  -77.18
1959 05 25 -131.20
1959 05 26 -164.99
1959 05 27 -158.21
1959 05 28 -126.56
1959 05 29  -89.61
1959 05 30  -70.15
1959 05 31  -62.37
1959 06 01  -61.67
1959 06 02  -44.23
1959 06 03   -2.24
1959 06 04   42.19
1959 06 05   78.94
1959 06 06  107.48
1959 06 07   63.27
1959 06 08    9.41
1959 06 09  -23.60
1959 06 10  -29.05
1959 06 11  -22.27
1959 06 12   22.95
1959 06 13   69.49
1959 06 14  100.88
1959 06 15   95.34
1959 06 16   58.51
1959 06 17   14.76
1959 06 18  -37.60
1959 06 19  -78.75
1959 06 20  -74.64
1959 06 21  -66.82
1959 06 22  -75.44
1959 06 23  -79.51
1959 06 24  -78.75
1959 06 25  -83.58
1959 06 26  -82.05
1959 06 27  -78.13
1959 06 28  -74.87
1959 06 29  -59.24
1959 06 30  -54.09
1959 07 01  -52.15
1959 07 02  -49.51
1959 07 03  -45.41
1959 07 04  -38.91
1959 07 05   -5.30
1959 07 06   45.71
1959 07 07   44.18
1959 07 08   17.87
1959 07 09  -11.08
1959 07 10  -27.06
1959 07 11  -31.13
1959 07 12    2.25
1959 07 13   42.87
1959 07 14   81.42
1959 07 15  105.06
1959 07 16   99.39
1959 07 17   95.50
1959 07 18   69.69
1959 07 19   47.64
1959 07 20   37.17
1959 07 21    8.59
1959 07 22  -38.73
1959 07 23  -74.26
1959 07 24  -84.91
1959 07 25  -83.81
1959 07 26  -75.83
1959 07 27  -81.34
1959 07 28  -82.78
1959 07 29  -72.49
1959 07 30  -60.40
1959 07 31  -67.59
1959 08 01  -83.71
1959 08 02 -111.96
1959 08 03 -135.18
1959 08 04 -124.21
1959 08 05  -99.58
1959 08 06  -80.80
1959 08 07  -66.47
1959 08 08  -38.82
1959 08 09  -17.20
1959 08 10  -13.13
1959 08 11    9.03
1959 08 12   48.07
1959 08 13   70.19
1959 08 14   70.02
1959 08 15   51.43
1959 08 16   14.17
1959 08 17    3.00
1959 08 18    1.01
1959 08 19   -3.32
1959 08 20  -20.32
1959 08 21  -22.95
1959 08 22  -34.02
1959 08 23  -50.16
1959 08 24  -84.59
1959 08 25  -97.25
1959 08 26  -77.92
1959 08 27  -54.90
1959 08 28  -55.92
1959 08 29  -38.64
1959 08 30   -4.78
1959 08 31   -5.61
1959 09 01  -42.72
1959 09 02  -30.08
1959 09 03   13.66
1959 09 04    9.41
1959 09 05   -5.18
1959 09 06   -9.05
1959 09 07  -28.02
1959 09 08  -31.25
1959 09 09  -49.13
1959 09 10  -79.43
1959 09 11  -87.83
1959 09 12  -51.76
1959 09 13  -35.00
1959 09 14  -41.86
1959 09 15  -51.90
1959 09 16  -42.28
1959 09 17  -44.21
1959 09 18  -55.52
1959 09 19  -52.63
1959 09 20  -37.90
1959 09 21  -22.13
1959 09 22    7.56
1959 09 23   20.68
1959 09 24   19.77
1959 09 25    3.39
1959 09 26   -6.50
1959 09 27  -31.09
1959 09 28  -42.83
1959 09 29   13.35
1959 09 30   77.99
1959 10 01   44.40
1959 10 02    0.45
1959 10 03  -57.82
1959 10 04 -115.75
1959 10 05 -165.61
1959 10 06 -206.55
1959 10 07 -216.23
1959 10 08 -198.49
1959 10 09 -192.27
1959 10 10 -195.70
1959 10 11 -176.28
1959 10 12 -116.27
1959 10 13  -58.21
1959 10 14  -30.74
1959 10 15  -50.98
1959 10 16  -50.34
1959 10 17  -57.44
1959 10 18  -47.48
1959 10 19  -38.19
1959 10 20   -4.38
1959 10 21   32.82
1959 10 22   60.98
1959 10 23   98.79
1959 10 24  115.73
1959 10 25  106.02
1959 10 26   91.17
1959 10 27   49.41
1959 10 28    2.21
1959 10 29  -25.51
1959 10 30  -45.35
1959 10 31  -31.70
1959 11 01  -27.77
1959 11 02  -52.26
1959 11 03  -70.77
1959 11 04  -58.97
1959 11 05  -33.93
1959 11 06  -31.40
1959 11 07  -58.65
1959 11 08 -122.77
1959 11 09 -176.32
1959 11 10 -182.28
1959 11 11 -125.89
1959 11 12  -69.54
1959 11 13  -62.67
1959 11 14  -41.42
1959 11 15  -14.54
1959 11 16   23.94
1959 11 17   41.06
1959 11 18   27.82
1959 11 19   40.80
1959 11 20   45.43
1959 11 21   80.15
1959 11 22   78.70
1959 11 23   61.62
1959 11 24   50.24
1959 11 25   13.83
1959 11 26   -0.52
1959 11 27   69.25
1959 11 28   96.04
1959 11 29  102.27
1959 11 30   80.77
1959 12 01  112.91
1959 12 02  120.20
1959 12 03   50.73
1959 12 04   -7.30
1959 12 05    6.82
1959 12 06   33.06
1959 12 07   20.04
1959 12 08    9.01
1959 12 09   44.90
1959 12 10   45.61
1959 12 11   23.32
1959 12 12    8.72
1959 12 13   39.35
1959 12 14   89.61
1959 12 15  105.93
1959 12 16   97.56
1959 12 17  102.96
1959 12 18  126.86
1959 12 19  149.26
1959 12 20  165.86
1959 12 21  143.71
1959 12 22  199.46
1959 12 23  228.33
1959 12 24  181.49
1959 12 25  150.82
1959 12 26  149.12
1959 12 27  132.15
1959 12 28  109.08
1959 12 29   40.15
1959 12 30  -68.07
1959 12 31  -68.47
1960 01 01  -34.19
1960 01 02    4.02
1960 01 03   41.11
1960 01 04   68.08
1960 01 05  125.64
1960 01 06  137.18
1960 01 07  109.26
1960 01 08  129.78
1960 01 09  153.39
1960 01 10  140.60
1960 01 11  124.49
1960 01 12  144.24
1960 01 13  161.19
1960 01 14  170.61
1960 01 15  153.63
1960 01 16  154.04
1960 01 17  121.95
1960 01 18   51.80
1960 01 19  -29.13
1960 01 20 -106.38
1960 01 21 -120.64
1960 01 22 -116.19
1960 01 23  -77.22
1960 01 24  -65.62
1960 01 25  -65.06
1960 01 26  -47.05
1960 01 27  -45.19
1960 01 28  -57.41
1960 01 29  -26.09
1960 01 30  -10.04
1960 01 31   23.63
1960 02 01   41.68
1960 02 02   43.46
1960 02 03   28.70
1960 02 04    1.65
1960 02 05   -6.01
1960 02 06    5.25
1960 02 07   34.01
1960 02 08   73.09
1960 02 09   87.96
1960 02 10   66.33
1960 02 11   56.82
1960 02 12   92.05
1960 02 13  130.79
1960 02 14  124.85
1960 02 15   73.10
1960 02 16   71.46
1960 02 17   84.83
1960 02 18   55.30
1960 02 19   34.53
1960 02 20   70.84
1960 02 21   90.19
1960 02 22   54.46
1960 02 23   15.68
1960 02 24  -45.10
1960 02 25  -59.37
1960 02 26  -35.17
1960 02 27  -35.70
1960 02 28  -51.58
1960 02 29  -70.26
1960 03 01  -87.76
1960 03 02 -107.33
1960 03 03 -136.79
1960 03 04 -191.87
1960 03 05 -215.14
1960 03 06 -183.90
1960 03 07 -143.47
1960 03 08 -144.56
1960 03 09 -140.14
1960 03 10  -98.83
1960 03 11  -87.43
1960 03 12 -106.43
1960 03 13 -167.59
1960 03 14 -194.32
1960 03 15 -167.15
1960 03 16 -113.74
1960 03 17  -95.52
1960 03 18  -92.25
1960 03 19  -54.97
1960 03 20  -18.19
1960 03 21   42.08
1960 03 22   65.31
1960 03 23   74.38
1960 03 24   34.15
1960 03 25   11.10
1960 03 26  -27.21
1960 03 27  -21.74
1960 03 28  -46.86
1960 03 29  -47.70
1960 03 30  -24.61
1960 03 31  -10.82
1960 04 01  -14.47
1960 04 02    5.11
1960 04 03   44.76
1960 04 04  106.88
1960 04 05   88.64
1960 04 06   42.43
1960 04 07   59.47
1960 04 08   56.11
1960 04 09   48.90
1960 04 10   49.84
1960 04 11   25.04
1960 04 12   23.35
1960 04 13   50.06
1960 04 14   30.42
1960 04 15   13.33
1960 04 16   31.05
1960 04 17   63.60
1960 04 18  106.51
1960 04 19  119.49
1960 04 20   81.57
1960 04 21   18.60
1960 04 22   20.98
1960 04 23   62.39
1960 04 24   59.46
1960 04 25   66.33
1960 04 26   43.97
1960 04 27   28.91
1960 04 28   22.82
1960 04 29   14.99
1960 04 30   10.67
1960 05 01   -5.41
1960 05 02  -17.39
1960 05 03  -35.43
1960 05 04  -59.31
1960 05 05  -50.70
1960 05 06  -31.02
1960 05 07   -7.82
1960 05 08  -20.83
1960 05 09  -31.41
1960 05 10  -11.84
1960 05 11   69.84
1960 05 12  131.21
1960 05 13  146.77
1960 05 14  112.62
1960 05 15   55.70
1960 05 16   -1.20
1960 05 17  -36.64
1960 05 18  -37.18
1960 05 19  -28.70
1960 05 20  -27.15
1960 05 21   18.26
1960 05 22  108.88
1960 05 23  148.12
1960 05 24  123.53
1960 05 25   72.52
1960 05 26   37.61
1960 05 27    7.29
1960 05 28   -9.24
1960 05 29  -11.82
1960 05 30    7.14
1960 05 31   19.96
1960 06 01   27.00
1960 06 02  -15.05
1960 06 03  -67.33
1960 06 04  -88.32
1960 06 05  -56.22
1960 06 06  -19.90
1960 06 07   -5.75
1960 06 08   -1.34
1960 06 09   -2.35
1960 06 10   -8.80
1960 06 11   -4.38
1960 06 12   15.63
1960 06 13   54.67
1960 06 14   87.76
1960 06 15  106.28
1960 06 16   84.03
1960 06 17   47.13
1960 06 18   39.25
1960 06 19   38.06
1960 06 20   42.69
1960 06 21   39.87
1960 06 22   30.55
1960 06 23   32.06
1960 06 24   47.93
1960 06 25   47.05
1960 06 26   33.55
1960 06 27   12.07
1960 06 28    7.71
1960 06 29   -7.50
1960 06 30  -18.24
1960 07 01  -39.75
1960 07 02  -66.66
1960 07 03  -62.72
1960 07 04  -45.04
1960 07 05  -24.08
1960 07 06  -17.59
1960 07 07  -27.24
1960 07 08  -41.97
1960 07 09  -51.89
1960 07 10  -65.53
1960 07 11  -88.31
1960 07 12  -72.43
1960 07 13  -37.13
1960 07 14  -26.36
1960 07 15  -39.36
1960 07 16  -36.56
1960 07 17  -13.42
1960 07 18   16.72
1960 07 19   32.44
1960 07 20   28.09
1960 07 21   17.05
1960 07 22   29.99
1960 07 23   41.65
1960 07 24   44.85
1960 07 25   41.35
1960 07 26   45.20
1960 07 27   52.23
1960 07 28   62.57
1960 07 29   60.84
1960 07 30   58.85
1960 07 31   89.03
1960 08 01   89.03
1960 08 02   83.76
1960 08 03   72.52
1960 08 04   66.96
1960 08 05   60.64
1960 08 06   40.53
1960 08 07    9.35
1960 08 08  -15.21
1960 08 09  -17.38
1960 08 10    5.01
1960 08 11   31.33
1960 08 12   49.89
1960 08 13   54.49
1960 08 14   76.10
1960 08 15   78.47
1960 08 16   58.32
1960 08 17   30.60
1960 08 18    1.29
1960 08 19  -18.95
1960 08 20  -35.45
1960 08 21  -29.85
1960 08 22  -32.14
1960 08 23  -55.01
1960 08 24  -62.03
1960 08 25  -37.12
1960 08 26   17.90
1960 08 27   69.59
1960 08 28   59.86
1960 08 29   19.80
1960 08 30  -40.61
1960 08 31  -70.49
1960 09 01  -58.60
1960 09 02  -46.28
1960 09 03  -53.07
1960 09 04  -55.24
1960 09 05  -33.71
1960 09 06  -19.14
1960 09 07   -8.03
1960 09 08   25.61
1960 09 09   26.12
1960 09 10    8.95
1960 09 11   14.31
1960 09 12   27.52
1960 09 13   36.90
1960 09 14   12.67
1960 09 15   -7.98
1960 09 16   17.53
1960 09 17   49.54
1960 09 18   54.79
1960 09 19   36.01
1960 09 20   14.02
1960 09 21    7.93
1960 09 22   19.10
1960 09 23   13.52
1960 09 24   -4.50
1960 09 25  -34.96
1960 09 26  -34.61
1960 09 27  -17.62
1960 09 28  -41.71
1960 09 29  -46.05
1960 09 30  -24.86
1960 10 01   -0.02
1960 10 02    7.25
1960 10 03   38.78
1960 10 04   43.29
1960 10 05    3.35
1960 10 06   28.64
1960 10 07   75.46
1960 10 08   76.61
1960 10 09   70.88
1960 10 10   46.81
1960 10 11   19.77
1960 10 12    4.10
1960 10 13  -20.31
1960 10 14  -42.58
1960 10 15  -14.79
1960 10 16  -21.20
1960 10 17  -84.44
1960 10 18 -117.15
1960 10 19  -68.64
1960 10 20   64.08
1960 10 21   93.24
1960 10 22   50.07
1960 10 23   57.05
1960 10 24   45.64
1960 10 25   75.77
1960 10 26   71.78
1960 10 27   34.62
1960 10 28   34.76
1960 10 29   76.50
1960 10 30   81.95
1960 10 31   76.36
1960 11 01   40.60
1960 11 02   -2.98
1960 11 03  -61.72
1960 11 04  -79.14
1960 11 05  -72.47
1960 11 06  -94.29
1960 11 07  -96.73
1960 11 08  -51.90
1960 11 09   -2.92
1960 11 10   34.44
1960 11 11   30.97
1960 11 12   17.85
1960 11 13   26.33
1960 11 14   81.09
1960 11 15  129.14
1960 11 16  147.61
1960 11 17  139.11
1960 11 18  121.97
1960 11 19   84.13
1960 11 20   39.20
1960 11 21   14.54
1960 11 22  -40.20
1960 11 23  -50.72
1960 11 24  -29.27
1960 11 25   55.75
1960 11 26   87.25
1960 11 27   53.07
1960 11 28   32.17
1960 11 29   27.68
1960 11 30   75.24
1960 12 01   76.40
1960 12 02   86.51
1960 12 03   72.43
1960 12 04   79.50
1960 12 05   80.52
1960 12 06   64.41
1960 12 07   74.90
1960 12 08   80.16
1960 12 09   53.17
1960 12 10   33.39
1960 12 11   35.27
1960 12 12   60.49
1960 12 13   60.97
1960 12 14   90.64
1960 12 15   54.17
1960 12 16   -1.96
1960 12 17  -39.00
1960 12 18  -65.14
1960 12 19 -103.42
1960 12 20 -115.95
1960 12 21  -64.71
1960 12 22  -30.49
1960 12 23  -18.46
1960 12 24  -17.74
1960 12 25  -42.05
1960 12 26  -79.42
1960 12 27  -78.20
1960 12 28  -32.32
1960 12 29   13.42
1960 12 30   -0.40
1960 12 31   32.40
1961 01 01  124.08
1961 01 02  142.19
1961 01 03  177.61
1961 01 04  186.86
1961 01 05  132.88
1961 01 06  123.39
1961 01 07  132.34
1961 01 08  128.10
1961 01 09   94.88
1961 01 10   86.27
1961 01 11   93.44
1961 01 12  134.51
1961 01 13  142.69
1961 01 14  130.31
1961 01 15  136.69
1961 01 16  113.58
1961 01 17   10.89
1961 01 18  -53.90
1961 01 19  -69.36
1961 01 20  -16.71
1961 01 21   20.71
1961 01 22   13.74
1961 01 23  -43.53
1961 01 24  -88.18
1961 01 25 -176.59
1961 01 26 -253.32
1961 01 27 -266.77
1961 01 28 -251.35
1961 01 29 -277.09
1961 01 30 -274.62
1961 01 31 -226.87
1961 02 01 -159.14
1961 02 02 -102.61
1961 02 03  -84.38
1961 02 04  -60.41
1961 02 05    9.45
1961 02 06   63.99
1961 02 07   99.47
1961 02 08   72.11
1961 02 09   53.89
1961 02 10   56.83
1961 02 11   38.88
1961 02 12   18.90
1961 02 13  -41.93
1961 02 14  -79.96
1961 02 15  -86.64
1961 02 16  -42.15
1961 02 17  -32.50
1961 02 18  -15.94
1961 02 19  -10.35
1961 02 20   -4.50
1961 02 21    7.37
1961 02 22   -7.73
1961 02 23   -5.56
1961 02 24   44.32
1961 02 25   76.15
1961 02 26   72.36
1961 02 27   68.29
1961 02 28   61.22
1961 03 01   49.05
1961 03 02   33.60
1961 03 03   77.25
1961 03 04  111.40
1961 03 05  115.49
1961 03 06   91.22
1961 03 07   48.95
1961 03 08    0.43
1961 03 09    0.58
1961 03 10   -5.39
1961 03 11  -15.30
1961 03 12   12.52
1961 03 13   48.59
1961 03 14   55.24
1961 03 15   54.54
1961 03 16   71.12
1961 03 17   66.76
1961 03 18   91.69
1961 03 19  110.15
1961 03 20   85.58
1961 03 21   56.95
1961 03 22   25.71
1961 03 23   12.51
1961 03 24   -5.82
1961 03 25  -16.57
1961 03 26   -0.37
1961 03 27   17.44
1961 03 28   47.57
1961 03 29   64.99
1961 03 30   90.11
1961 03 31   94.65
1961 04 01  113.78
1961 04 02  104.97
1961 04 03   61.47
1961 04 04  -11.44
1961 04 05  -45.89
1961 04 06  -28.74
1961 04 07   -5.80
1961 04 08    5.38
1961 04 09  -33.83
1961 04 10  -93.38
1961 04 11  -80.14
1961 04 12 -115.28
1961 04 13 -127.31
1961 04 14 -104.57
1961 04 15  -85.46
1961 04 16  -57.88
1961 04 17  -10.76
1961 04 18   18.75
1961 04 19   19.78
1961 04 20   24.00
1961 04 21   27.40
1961 04 22   45.25
1961 04 23   44.38
1961 04 24   60.56
1961 04 25   27.59
1961 04 26   -5.11
1961 04 27    5.69
1961 04 28  -12.46
1961 04 29  -13.51
1961 04 30  -37.80
1961 05 01  -64.51
1961 05 02  -75.69
1961 05 03  -71.02
1961 05 04  -60.36
1961 05 05  -37.82
1961 05 06   -6.25
1961 05 07  -23.16
1961 05 08  -53.84
1961 05 09  -51.38
1961 05 10  -30.33
1961 05 11   -5.07
1961 05 12   29.09
1961 05 13   48.24
1961 05 14   50.76
1961 05 15   65.65
1961 05 16   58.79
1961 05 17   66.02
1961 05 18   76.86
1961 05 19   92.17
1961 05 20   93.95
1961 05 21   93.63
1961 05 22  104.76
1961 05 23   82.67
1961 05 24   98.19
1961 05 25  115.28
1961 05 26  103.17
1961 05 27  119.08
1961 05 28  132.71
1961 05 29  102.74
1961 05 30   72.45
1961 05 31   74.74
1961 06 01   93.05
1961 06 02  105.53
1961 06 03  106.56
1961 06 04   91.82
1961 06 05   67.42
1961 06 06   72.48
1961 06 07   50.89
1961 06 08   41.49
1961 06 09   40.24
1961 06 10   41.46
1961 06 11   10.57
1961 06 12  -12.45
1961 06 13  -27.64
1961 06 14  -36.21
1961 06 15  -46.69
1961 06 16  -42.26
1961 06 17  -45.50
1961 06 18  -62.83
1961 06 19  -24.18
1961 06 20   -1.21
1961 06 21   -6.77
1961 06 22  -10.40
1961 06 23  -16.12
1961 06 24  -33.95
1961 06 25  -45.29
1961 06 26  -55.02
1961 06 27  -48.50
1961 06 28  -23.17
1961 06 29   11.90
1961 06 30   20.02
1961 07 01    5.54
1961 07 02   -2.86
1961 07 03    2.00
1961 07 04   14.56
1961 07 05   17.05
1961 07 06   18.71
1961 07 07   28.26
1961 07 08   20.28
1961 07 09    8.59
1961 07 10   -2.86
1961 07 11  -16.72
1961 07 12  -38.75
1961 07 13  -59.43
1961 07 14  -76.76
1961 07 15  -58.90
1961 07 16  -22.38
1961 07 17    8.87
1961 07 18   35.50
1961 07 19   49.43
1961 07 20   30.67
1961 07 21   25.39
1961 07 22   14.19
1961 07 23   -3.83
1961 07 24  -12.35
1961 07 25  -16.11
1961 07 26  -16.83
1961 07 27  -25.39
1961 07 28  -33.37
1961 07 29  -38.01
1961 07 30  -53.44
1961 07 31  -60.90
1961 08 01  -56.77
1961 08 02  -35.67
1961 08 03  -28.41
1961 08 04  -32.58
1961 08 05  -17.24
1961 08 06   -8.62
1961 08 07   -4.82
1961 08 08    4.11
1961 08 09   23.19
1961 08 10   24.70
1961 08 11    7.62
1961 08 12  -11.43
1961 08 13  -14.02
1961 08 14    4.05
1961 08 15    7.85
1961 08 16    2.63
1961 08 17    7.52
1961 08 18   19.87
1961 08 19    8.79
1961 08 20   -6.61
1961 08 21   -2.83
1961 08 22   15.21
1961 08 23   27.97
1961 08 24   51.47
1961 08 25   78.65
1961 08 26   96.70
1961 08 27  121.34
1961 08 28  134.85
1961 08 29  126.36
1961 08 30  122.12
1961 08 31   89.87
1961 09 01   33.32
1961 09 02    9.67
1961 09 03    6.80
1961 09 04    7.37
1961 09 05   58.47
1961 09 06   75.05
1961 09 07   84.65
1961 09 08   66.28
1961 09 09   17.25
1961 09 10   -5.98
1961 09 11    3.51
1961 09 12   17.52
1961 09 13   21.80
1961 09 14   23.08
1961 09 15   46.66
1961 09 16   56.47
1961 09 17   22.07
1961 09 18   51.15
1961 09 19   48.72
1961 09 20   12.29
1961 09 21  -17.41
1961 09 22  -29.04
1961 09 23  -15.21
1961 09 24  -28.37
1961 09 25  -63.92
1961 09 26  -86.09
1961 09 27  -93.07
1961 09 28  -56.31
1961 09 29    4.72
1961 09 30   26.61
1961 10 01   25.69
1961 10 02   38.72
1961 10 03   48.24
1961 10 04   10.71
1961 10 05  -51.25
1961 10 06 -107.79
1961 10 07 -118.45
1961 10 08  -88.11
1961 10 09  -85.63
1961 10 10  -68.20
1961 10 11  -31.31
1961 10 12  -26.18
1961 10 13  -13.21
1961 10 14    9.25
1961 10 15   32.10
1961 10 16   48.17
1961 10 17   43.63
1961 10 18   28.81
1961 10 19   29.53
1961 10 20   62.46
1961 10 21  105.99
1961 10 22  115.87
1961 10 23   73.34
1961 10 24   48.25
1961 10 25   57.35
1961 10 26   48.13
1961 10 27    1.52
1961 10 28  -33.12
1961 10 29  -54.88
1961 10 30  -42.17
1961 10 31   33.05
1961 11 01   66.99
1961 11 02  111.57
1961 11 03  123.01
1961 11 04  123.60
1961 11 05  123.69
1961 11 06   73.46
1961 11 07   27.76
1961 11 08  -22.53
1961 11 09  -29.99
1961 11 10  -24.98
1961 11 11    1.11
1961 11 12   43.27
1961 11 13   81.62
1961 11 14   70.86
1961 11 15  108.77
1961 11 16  106.91
1961 11 17   88.98
1961 11 18   76.12
1961 11 19   62.02
1961 11 20   31.39
1961 11 21   29.02
1961 11 22  -18.53
1961 11 23  -53.47
1961 11 24  -20.54
1961 11 25  -21.61
1961 11 26    8.70
1961 11 27   18.76
1961 11 28   64.94
1961 11 29   34.80
1961 11 30   10.63
1961 12 01    8.58
1961 12 02    0.32
1961 12 03   15.61
1961 12 04   12.31
1961 12 05  -12.97
1961 12 06  -60.18
1961 12 07 -133.03
1961 12 08 -223.43
1961 12 09 -239.31
1961 12 10 -215.84
1961 12 11 -185.02
1961 12 12 -143.29
1961 12 13 -152.76
1961 12 14 -161.99
1961 12 15 -144.64
1961 12 16 -154.24
1961 12 17 -186.45
1961 12 18 -187.40
1961 12 19 -167.53
1961 12 20 -184.02
1961 12 21 -196.62
1961 12 22 -224.17
1961 12 23 -231.97
1961 12 24 -229.53
1961 12 25 -212.70
1961 12 26 -167.60
1961 12 27 -132.59
1961 12 28  -82.29
1961 12 29  -48.01
1961 12 30  -33.63
1961 12 31    3.48
1962 01 01   76.54
1962 01 02   87.71
1962 01 03   60.76
1962 01 04   28.38
1962 01 05    1.21
1962 01 06  -36.09
1962 01 07  -82.13
1962 01 08  -85.66
1962 01 09  -13.00
1962 01 10   16.24
1962 01 11    3.83
1962 01 12   47.94
1962 01 13   84.70
1962 01 14   63.18
1962 01 15  -36.30
1962 01 16 -108.91
1962 01 17 -188.41
1962 01 18 -270.78
1962 01 19 -316.35
1962 01 20 -268.05
1962 01 21 -177.43
1962 01 22 -112.79
1962 01 23 -103.36
1962 01 24  -96.83
1962 01 25 -124.83
1962 01 26 -139.16
1962 01 27 -136.06
1962 01 28 -147.24
1962 01 29 -164.25
1962 01 30 -102.49
1962 01 31  -55.22
1962 02 01  -69.65
1962 02 02 -103.57
1962 02 03 -116.25
1962 02 04 -111.87
1962 02 05  -87.39
1962 02 06  -55.37
1962 02 07  -26.50
1962 02 08   -4.35
1962 02 09   30.36
1962 02 10   72.56
1962 02 11   76.17
1962 02 12   40.99
1962 02 13   32.93
1962 02 14   35.45
1962 02 15   37.84
1962 02 16   23.62
1962 02 17   39.43
1962 02 18   19.96
1962 02 19  -45.92
1962 02 20  -99.09
1962 02 21 -150.11
1962 02 22 -247.58
1962 02 23 -235.41
1962 02 24 -189.47
1962 02 25 -138.19
1962 02 26 -142.48
1962 02 27  -92.16
1962 02 28  -52.70
1962 03 01  -14.45
1962 03 02   21.40
1962 03 03   12.80
1962 03 04   23.64
1962 03 05   65.88
1962 03 06   76.94
1962 03 07   41.81
1962 03 08  -10.23
1962 03 09  -82.40
1962 03 10  -89.64
1962 03 11  -72.82
1962 03 12  -37.17
1962 03 13  -18.19
1962 03 14  -56.57
1962 03 15  -99.57
1962 03 16 -112.98
1962 03 17  -32.07
1962 03 18   16.14
1962 03 19    2.90
1962 03 20    4.80
1962 03 21    0.01
1962 03 22    9.84
1962 03 23   19.20
1962 03 24   19.42
1962 03 25   69.94
1962 03 26  152.14
1962 03 27  160.18
1962 03 28  128.46
1962 03 29   96.55
1962 03 30   55.25
1962 03 31   31.25
1962 04 01    3.02
1962 04 02   19.79
1962 04 03    6.23
1962 04 04 -100.62
1962 04 05 -173.98
1962 04 06 -177.11
1962 04 07 -171.18
1962 04 08 -167.13
1962 04 09 -145.42
1962 04 10 -133.66
1962 04 11 -102.73
1962 04 12  -65.68
1962 04 13  -44.79
1962 04 14  -31.81
1962 04 15  -47.15
1962 04 16 -104.46
1962 04 17  -94.84
1962 04 18  -41.52
1962 04 19  -55.52
1962 04 20  -87.08
1962 04 21 -111.68
1962 04 22 -124.71
1962 04 23 -100.72
1962 04 24 -107.79
1962 04 25 -118.37
1962 04 26 -137.11
1962 04 27 -152.36
1962 04 28 -165.46
1962 04 29 -157.38
1962 04 30 -117.71
1962 05 01  -96.56
1962 05 02  -86.32
1962 05 03  -86.70
1962 05 04  -91.00
1962 05 05 -108.49
1962 05 06  -87.39
1962 05 07  -51.43
1962 05 08  -30.19
1962 05 09   -8.95
1962 05 10   22.08
1962 05 11   43.67
1962 05 12   37.33
1962 05 13   -0.46
1962 05 14  -20.40
1962 05 15   28.91
1962 05 16   65.34
1962 05 17   70.86
1962 05 18   74.22
1962 05 19   54.59
1962 05 20   23.84
1962 05 21    5.95
1962 05 22   -4.01
1962 05 23  -12.38
1962 05 24  -14.85
1962 05 25   14.38
1962 05 26   43.83
1962 05 27   38.31
1962 05 28    1.18
1962 05 29  -24.83
1962 05 30  -33.07
1962 05 31  -44.01
1962 06 01  -53.40
1962 06 02  -40.92
1962 06 03  -27.44
1962 06 04   -7.69
1962 06 05   21.48
1962 06 06   59.00
1962 06 07   98.60
1962 06 08  101.94
1962 06 09   73.02
1962 06 10   37.12
1962 06 11   -8.69
1962 06 12  -29.81
1962 06 13   -3.96
1962 06 14   -8.57
1962 06 15  -33.68
1962 06 16  -45.10
1962 06 17  -51.71
1962 06 18  -60.44
1962 06 19  -99.22
1962 06 20 -132.65
1962 06 21 -173.37
1962 06 22 -201.15
1962 06 23 -152.29
1962 06 24  -92.64
1962 06 25  -52.49
1962 06 26  -21.68
1962 06 27   -6.91
1962 06 28   -6.51
1962 06 29  -17.35
1962 06 30    2.54
1962 07 01    3.48
1962 07 02  -18.92
1962 07 03  -24.84
1962 07 04  -36.08
1962 07 05  -30.67
1962 07 06  -12.01
1962 07 07   11.89
1962 07 08   43.19
1962 07 09   62.64
1962 07 10   55.00
1962 07 11   34.36
1962 07 12    6.46
1962 07 13  -12.92
1962 07 14  -23.34
1962 07 15  -21.65
1962 07 16  -35.76
1962 07 17  -41.27
1962 07 18  -33.53
1962 07 19  -34.02
1962 07 20  -43.08
1962 07 21  -45.54
1962 07 22  -43.94
1962 07 23  -44.58
1962 07 24  -42.10
1962 07 25  -54.14
1962 07 26  -67.64
1962 07 27  -65.10
1962 07 28  -60.56
1962 07 29  -28.01
1962 07 30   16.09
1962 07 31   57.01
1962 08 01   95.01
1962 08 02  131.48
1962 08 03  133.64
1962 08 04  110.85
1962 08 05   99.73
1962 08 06   91.80
1962 08 07   59.57
1962 08 08   41.23
1962 08 09   10.19
1962 08 10    6.87
1962 08 11   24.17
1962 08 12   36.17
1962 08 13   29.86
1962 08 14   28.06
1962 08 15   45.64
1962 08 16   64.28
1962 08 17   79.52
1962 08 18   87.91
1962 08 19   75.89
1962 08 20   57.93
1962 08 21   39.22
1962 08 22    8.32
1962 08 23   -1.80
1962 08 24   -6.63
1962 08 25    0.48
1962 08 26   -0.27
1962 08 27  -24.19
1962 08 28  -41.55
1962 08 29  -59.69
1962 08 30  -62.18
1962 08 31  -55.44
1962 09 01  -24.84
1962 09 02   -3.55
1962 09 03  -16.83
1962 09 04  -41.21
1962 09 05  -42.23
1962 09 06  -48.80
1962 09 07  -50.41
1962 09 08  -36.24
1962 09 09  -11.84
1962 09 10   -1.75
1962 09 11   -0.26
1962 09 12    0.52
1962 09 13   23.46
1962 09 14   41.70
1962 09 15   47.45
1962 09 16   49.33
1962 09 17   34.37
1962 09 18    8.90
1962 09 19   -1.55
1962 09 20   52.56
1962 09 21   85.24
1962 09 22   52.53
1962 09 23   24.39
1962 09 24   28.11
1962 09 25   58.49
1962 09 26  121.68
1962 09 27  140.54
1962 09 28  123.83
1962 09 29   60.73
1962 09 30   47.97
1962 10 01   86.40
1962 10 02   97.96
1962 10 03  102.05
1962 10 04  102.36
1962 10 05  105.45
1962 10 06  117.46
1962 10 07   77.51
1962 10 08   28.12
1962 10 09  -29.75
1962 10 10  -60.83
1962 10 11  -70.87
1962 10 12  -51.87
1962 10 13   28.31
1962 10 14   54.09
1962 10 15   18.84
1962 10 16   21.36
1962 10 17   51.59
1962 10 18   48.80
1962 10 19   44.22
1962 10 20   38.25
1962 10 21   11.40
1962 10 22   14.96
1962 10 23    5.16
1962 10 24   22.26
1962 10 25   71.63
1962 10 26   92.87
1962 10 27  105.45
1962 10 28   78.64
1962 10 29  -20.08
1962 10 30  -45.34
1962 10 31   -9.69
1962 11 01   55.77
1962 11 02   37.03
1962 11 03   23.92
1962 11 04   39.38
1962 11 05   33.24
1962 11 06   53.90
1962 11 07   90.51
1962 11 08   84.48
1962 11 09   60.46
1962 11 10   22.30
1962 11 11    9.53
1962 11 12   42.25
1962 11 13   69.76
1962 11 14   67.56
1962 11 15   26.49
1962 11 16   42.07
1962 11 17   41.37
1962 11 18   62.77
1962 11 19   96.45
1962 11 20  126.76
1962 11 21  152.15
1962 11 22  142.94
1962 11 23   98.34
1962 11 24   97.07
1962 11 25  109.69
1962 11 26  110.65
1962 11 27  132.35
1962 11 28  144.14
1962 11 29  137.59
1962 11 30  112.82
1962 12 01   93.87
1962 12 02   75.10
1962 12 03   26.79
1962 12 04   -1.81
1962 12 05    6.12
1962 12 06  -29.26
1962 12 07  -69.19
1962 12 08 -143.83
1962 12 09 -189.57
1962 12 10 -151.28
1962 12 11 -146.75
1962 12 12 -145.92
1962 12 13 -138.91
1962 12 14  -95.21
1962 12 15  -27.47
1962 12 16   33.70
1962 12 17   36.60
1962 12 18   27.14
1962 12 19   30.14
1962 12 20    7.73
1962 12 21  -65.26
1962 12 22  -76.09
1962 12 23  -71.17
1962 12 24 -116.26
1962 12 25 -202.75
1962 12 26 -251.27
1962 12 27 -240.78
1962 12 28 -221.05
1962 12 29 -185.37
1962 12 30 -161.84
1962 12 31 -172.53
1963 01 01 -141.49
1963 01 02 -125.83
1963 01 03 -137.11
1963 01 04 -118.60
1963 01 05  -79.19
1963 01 06  -84.40
1963 01 07 -128.40
1963 01 08 -175.57
1963 01 09 -154.13
1963 01 10 -164.07
1963 01 11 -186.35
1963 01 12 -159.71
1963 01 13 -150.22
1963 01 14 -149.86
1963 01 15 -195.45
1963 01 16 -238.79
1963 01 17 -231.36
1963 01 18 -163.35
1963 01 19 -143.23
1963 01 20 -156.07
1963 01 21 -188.33
1963 01 22 -215.49
1963 01 23 -244.58
1963 01 24 -272.74
1963 01 25 -275.13
1963 01 26 -266.97
1963 01 27 -268.94
1963 01 28 -292.82
1963 01 29 -353.11
1963 01 30 -409.55
1963 01 31 -416.23
1963 02 01 -362.98
1963 02 02 -310.94
1963 02 03 -270.39
1963 02 04 -217.08
1963 02 05 -138.09
1963 02 06  -86.12
1963 02 07  -65.31
1963 02 08  -65.21
1963 02 09  -71.04
1963 02 10 -115.70
1963 02 11 -184.42
1963 02 12 -222.51
1963 02 13 -222.29
1963 02 14 -217.99
1963 02 15 -201.13
1963 02 16 -157.00
1963 02 17 -118.20
1963 02 18 -111.70
1963 02 19 -122.38
1963 02 20  -99.94
1963 02 21  -92.30
1963 02 22  -95.62
1963 02 23 -104.46
1963 02 24 -103.31
1963 02 25  -67.77
1963 02 26  -30.25
1963 02 27    2.10
1963 02 28    0.78
1963 03 01  -26.45
1963 03 02  -44.80
1963 03 03  -18.85
1963 03 04   26.12
1963 03 05   26.70
1963 03 06   15.39
1963 03 07   -3.84
1963 03 08   -6.07
1963 03 09  -22.51
1963 03 10  -57.10
1963 03 11  -93.38
1963 03 12  -72.93
1963 03 13  -59.87
1963 03 14    5.60
1963 03 15   31.54
1963 03 16   54.56
1963 03 17   66.05
1963 03 18   19.27
1963 03 19  -22.77
1963 03 20   -7.26
1963 03 21   12.82
1963 03 22   -6.73
1963 03 23  -35.88
1963 03 24  -75.10
1963 03 25 -112.78
1963 03 26 -174.73
1963 03 27 -194.42
1963 03 28 -134.56
1963 03 29 -118.44
1963 03 30  -87.85
1963 03 31  -56.41
1963 04 01  -52.81
1963 04 02  -94.95
1963 04 03 -138.03
1963 04 04 -114.27
1963 04 05  -50.73
1963 04 06   28.31
1963 04 07  108.58
1963 04 08  142.33
1963 04 09  119.14
1963 04 10   69.13
1963 04 11   29.08
1963 04 12   -3.02
1963 04 13  -55.71
1963 04 14  -89.62
1963 04 15  -93.01
1963 04 16  -76.26
1963 04 17  -83.62
1963 04 18  -85.75
1963 04 19  -48.85
1963 04 20   16.19
1963 04 21   59.31
1963 04 22   65.81
1963 04 23   42.82
1963 04 24   47.21
1963 04 25   70.00
1963 04 26   63.94
1963 04 27   63.20
1963 04 28   40.73
1963 04 29   21.10
1963 04 30   31.63
1963 05 01   35.99
1963 05 02   24.69
1963 05 03  -12.30
1963 05 04  -85.11
1963 05 05  -90.14
1963 05 06    2.88
1963 05 07   56.42
1963 05 08   62.06
1963 05 09   60.66
1963 05 10   65.36
1963 05 11   88.94
1963 05 12  125.81
1963 05 13  150.63
1963 05 14  161.36
1963 05 15  120.25
1963 05 16   82.35
1963 05 17   55.78
1963 05 18   31.59
1963 05 19   35.36
1963 05 20   41.36
1963 05 21   32.50
1963 05 22   44.07
1963 05 23   48.65
1963 05 24   54.89
1963 05 25   46.45
1963 05 26   44.21
1963 05 27   57.99
1963 05 28   58.14
1963 05 29   57.28
1963 05 30   51.27
1963 05 31   38.82
1963 06 01   45.34
1963 06 02   67.03
1963 06 03  103.83
1963 06 04   92.16
1963 06 05   52.09
1963 06 06   50.70
1963 06 07   59.96
1963 06 08   50.83
1963 06 09   60.79
1963 06 10   74.22
1963 06 11   88.04
1963 06 12   73.35
1963 06 13   63.30
1963 06 14   48.34
1963 06 15   60.11
1963 06 16   75.03
1963 06 17   93.52
1963 06 18   81.66
1963 06 19   79.35
1963 06 20   62.29
1963 06 21   53.58
1963 06 22   67.15
1963 06 23   48.70
1963 06 24   46.97
1963 06 25   54.36
1963 06 26   59.79
1963 06 27   63.46
1963 06 28   27.57
1963 06 29  -10.66
1963 06 30  -28.72
1963 07 01  -41.18
1963 07 02  -44.39
1963 07 03  -31.31
1963 07 04   -7.19
1963 07 05   -4.40
1963 07 06   10.13
1963 07 07   37.71
1963 07 08   47.33
1963 07 09   36.24
1963 07 10    7.92
1963 07 11    8.93
1963 07 12    6.57
1963 07 13    6.73
1963 07 14    9.25
1963 07 15   11.59
1963 07 16    5.32
1963 07 17    2.40
1963 07 18   -5.33
1963 07 19   -9.31
1963 07 20  -10.36
1963 07 21   -3.56
1963 07 22   17.38
1963 07 23   40.69
1963 07 24   52.89
1963 07 25   41.68
1963 07 26    5.51
1963 07 27  -11.91
1963 07 28   -2.42
1963 07 29    2.13
1963 07 30    9.84
1963 07 31    9.93
1963 08 01    3.45
1963 08 02  -12.85
1963 08 03  -39.13
1963 08 04  -79.06
1963 08 05  -83.77
1963 08 06  -76.20
1963 08 07  -56.77
1963 08 08  -27.64
1963 08 09  -20.31
1963 08 10  -26.74
1963 08 11  -32.25
1963 08 12  -29.97
1963 08 13   -3.71
1963 08 14   17.69
1963 08 15   24.01
1963 08 16   10.14
1963 08 17    0.07
1963 08 18  -10.77
1963 08 19   -9.29
1963 08 20    3.41
1963 08 21   13.63
1963 08 22   25.39
1963 08 23   33.63
1963 08 24   26.46
1963 08 25   29.83
1963 08 26   15.88
1963 08 27   -1.85
1963 08 28  -12.17
1963 08 29  -14.74
1963 08 30   -3.50
1963 08 31   -0.55
1963 09 01   31.12
1963 09 02   47.22
1963 09 03   52.26
1963 09 04   47.94
1963 09 05   41.59
1963 09 06   31.74
1963 09 07    5.45
1963 09 08  -15.93
1963 09 09  -28.77
1963 09 10  -31.33
1963 09 11  -29.30
1963 09 12  -11.16
1963 09 13  -17.30
1963 09 14  -27.61
1963 09 15   -8.64
1963 09 16   39.21
1963 09 17   25.57
1963 09 18  -11.18
1963 09 19  -16.76
1963 09 20    8.96
1963 09 21   24.03
1963 09 22   14.11
1963 09 23   -0.11
1963 09 24    4.98
1963 09 25    9.52
1963 09 26   48.83
1963 09 27   46.27
1963 09 28   28.33
1963 09 29   31.35
1963 09 30   19.83
1963 10 01  -41.63
1963 10 02 -110.04
1963 10 03 -135.08
1963 10 04 -128.54
1963 10 05 -103.45
1963 10 06  -28.41
1963 10 07   -6.55
1963 10 08   -4.20
1963 10 09   14.89
1963 10 10   49.23
1963 10 11   77.28
1963 10 12   88.80
1963 10 13   75.56
1963 10 14   65.96
1963 10 15   72.31
1963 10 16   69.18
1963 10 17   50.00
1963 10 18   74.12
1963 10 19  120.22
1963 10 20  158.87
1963 10 21  139.24
1963 10 22  149.15
1963 10 23  137.57
1963 10 24   99.83
1963 10 25   72.35
1963 10 26   25.49
1963 10 27   24.20
1963 10 28   54.71
1963 10 29   39.09
1963 10 30   21.73
1963 10 31   32.08
1963 11 01   86.40
1963 11 02  116.27
1963 11 03   87.90
1963 11 04   36.32
1963 11 05   58.26
1963 11 06   91.07
1963 11 07   85.20
1963 11 08   58.69
1963 11 09   22.09
1963 11 10  -53.23
1963 11 11 -112.47
1963 11 12 -136.60
1963 11 13 -171.93
1963 11 14 -174.19
1963 11 15 -112.26
1963 11 16  -70.65
1963 11 17  -46.74
1963 11 18  -35.36
1963 11 19  -60.51
1963 11 20 -109.44
1963 11 21 -117.19
1963 11 22 -131.02
1963 11 23 -145.71
1963 11 24 -117.03
1963 11 25  -59.04
1963 11 26  -38.22
1963 11 27  -31.54
1963 11 28  -38.57
1963 11 29  -59.00
1963 11 30  -33.86
1963 12 01   -9.51
1963 12 02   30.96
1963 12 03   83.93
1963 12 04   85.17
1963 12 05   58.01
1963 12 06   40.88
1963 12 07   28.73
1963 12 08   -2.21
1963 12 09  -35.94
1963 12 10  -72.74
1963 12 11  -62.76
1963 12 12    3.00
1963 12 13   -5.88
1963 12 14  -43.23
1963 12 15  -81.41
1963 12 16 -116.85
1963 12 17 -162.41
1963 12 18 -169.15
1963 12 19 -124.48
1963 12 20  -59.25
1963 12 21   -5.04
1963 12 22   14.99
1963 12 23   32.76
1963 12 24   11.42
1963 12 25  -26.90
1963 12 26  -47.82
1963 12 27  -10.25
1963 12 28   28.83
1963 12 29   34.85
1963 12 30   72.92
1963 12 31  121.79
1964 01 01  158.98
1964 01 02  180.20
1964 01 03  210.22
1964 01 04  238.81
1964 01 05  229.97
1964 01 06  191.85
1964 01 07  133.11
1964 01 08   87.32
1964 01 09   49.73
1964 01 10   49.86
1964 01 11   84.06
1964 01 12  124.10
1964 01 13  149.57
1964 01 14  187.18
1964 01 15  233.10
1964 01 16  243.74
1964 01 17  203.50
1964 01 18  184.90
1964 01 19  120.30
1964 01 20   68.67
1964 01 21   60.04
1964 01 22   70.90
1964 01 23  107.07
1964 01 24  117.92
1964 01 25  133.42
1964 01 26  137.03
1964 01 27  111.83
1964 01 28  118.22
1964 01 29  116.99
1964 01 30  108.18
1964 01 31   76.16
1964 02 01   84.14
1964 02 02   99.13
1964 02 03  102.24
1964 02 04   82.38
1964 02 05   90.57
1964 02 06   82.02
1964 02 07   87.27
1964 02 08   71.19
1964 02 09   76.42
1964 02 10   97.30
1964 02 11  122.05
1964 02 12  101.42
1964 02 13   76.87
1964 02 14   90.12
1964 02 15   91.91
1964 02 16   61.29
1964 02 17   62.92
1964 02 18   31.62
1964 02 19  -12.32
1964 02 20  -28.56
1964 02 21  -22.56
1964 02 22   27.52
1964 02 23   18.78
1964 02 24   53.04
1964 02 25   93.75
1964 02 26   91.19
1964 02 27   89.89
1964 02 28  108.01
1964 02 29   96.47
1964 03 01   92.73
1964 03 02  112.51
1964 03 03  117.87
1964 03 04   86.11
1964 03 05   12.59
1964 03 06  -14.01
1964 03 07   31.41
1964 03 08   -7.43
1964 03 09  -35.90
1964 03 10  -28.10
1964 03 11   15.85
1964 03 12   45.66
1964 03 13   67.14
1964 03 14   62.76
1964 03 15   42.51
1964 03 16   25.26
1964 03 17  -25.02
1964 03 18  -81.93
1964 03 19  -78.42
1964 03 20  -71.46
1964 03 21  -91.03
1964 03 22  -69.50
1964 03 23  -49.45
1964 03 24  -46.91
1964 03 25  -26.16
1964 03 26  -50.04
1964 03 27  -29.82
1964 03 28   -6.51
1964 03 29   18.72
1964 03 30   32.86
1964 03 31   18.88
1964 04 01   37.43
1964 04 02   47.37
1964 04 03   80.93
1964 04 04   69.15
1964 04 05   58.77
1964 04 06   93.59
1964 04 07  101.91
1964 04 08  117.16
1964 04 09  101.35
1964 04 10   65.52
1964 04 11   24.54
1964 04 12   -4.23
1964 04 13  -13.55
1964 04 14    8.91
1964 04 15   32.39
1964 04 16   51.60
1964 04 17   73.51
1964 04 18   93.19
1964 04 19   98.24
1964 04 20  106.14
1964 04 21   81.79
1964 04 22   77.78
1964 04 23  101.14
1964 04 24  138.94
1964 04 25  143.52
1964 04 26  116.85
1964 04 27  110.22
1964 04 28  129.37
1964 04 29  142.76
1964 04 30  120.58
1964 05 01   80.66
1964 05 02   28.36
1964 05 03  -30.39
1964 05 04 -108.72
1964 05 05 -101.47
1964 05 06 -101.90
1964 05 07  -88.80
1964 05 08  -78.05
1964 05 09  -75.78
1964 05 10  -68.83
1964 05 11  -62.61
1964 05 12  -38.41
1964 05 13    4.87
1964 05 14  -14.14
1964 05 15  -35.37
1964 05 16  -23.09
1964 05 17   14.69
1964 05 18   25.72
1964 05 19   20.38
1964 05 20   10.74
1964 05 21   25.49
1964 05 22   18.45
1964 05 23    1.50
1964 05 24   -0.53
1964 05 25  -13.69
1964 05 26  -39.10
1964 05 27  -51.73
1964 05 28  -61.41
1964 05 29  -80.15
1964 05 30 -116.27
1964 05 31 -147.88
1964 06 01 -155.09
1964 06 02 -145.15
1964 06 03 -118.57
1964 06 04 -118.75
1964 06 05 -127.06
1964 06 06 -148.37
1964 06 07 -147.14
1964 06 08  -91.23
1964 06 09  -49.93
1964 06 10  -47.68
1964 06 11  -59.82
1964 06 12  -55.89
1964 06 13  -42.19
1964 06 14   -9.82
1964 06 15    6.47
1964 06 16  -11.42
1964 06 17  -25.49
1964 06 18   -6.66
1964 06 19    6.43
1964 06 20    9.19
1964 06 21    6.76
1964 06 22    0.57
1964 06 23   -1.17
1964 06 24    1.41
1964 06 25  -11.58
1964 06 26  -24.46
1964 06 27  -21.59
1964 06 28  -18.48
1964 06 29   -9.64
1964 06 30   18.02
1964 07 01   44.68
1964 07 02   56.41
1964 07 03   35.77
1964 07 04    4.27
1964 07 05   20.64
1964 07 06   32.77
1964 07 07   62.64
1964 07 08   79.62
1964 07 09   65.90
1964 07 10   50.22
1964 07 11   58.38
1964 07 12   43.72
1964 07 13   26.12
1964 07 14   34.13
1964 07 15   33.97
1964 07 16   28.73
1964 07 17   16.71
1964 07 18   22.24
1964 07 19   27.98
1964 07 20   54.27
1964 07 21   85.63
1964 07 22   89.04
1964 07 23   73.16
1964 07 24   35.64
1964 07 25   15.68
1964 07 26   35.71
1964 07 27   52.76
1964 07 28   62.05
1964 07 29   52.12
1964 07 30   31.08
1964 07 31    4.51
1964 08 01   -3.31
1964 08 02   14.59
1964 08 03   33.83
1964 08 04   49.18
1964 08 05   71.90
1964 08 06   95.40
1964 08 07  106.32
1964 08 08  100.53
1964 08 09  101.56
1964 08 10   79.27
1964 08 11   56.95
1964 08 12   62.17
1964 08 13   86.05
1964 08 14   84.11
1964 08 15   80.81
1964 08 16   83.80
1964 08 17  103.79
1964 08 18  104.82
1964 08 19   80.57
1964 08 20   31.56
1964 08 21    1.72
1964 08 22  -19.24
1964 08 23    2.38
1964 08 24   20.51
1964 08 25   26.93
1964 08 26   37.74
1964 08 27   49.18
1964 08 28   71.21
1964 08 29   52.45
1964 08 30   61.74
1964 08 31   65.75
1964 09 01   25.00
1964 09 02  -12.94
1964 09 03  -38.62
1964 09 04  -39.80
1964 09 05  -45.88
1964 09 06  -44.63
1964 09 07  -17.11
1964 09 08   -2.22
1964 09 09   -4.66
1964 09 10  -22.72
1964 09 11  -29.47
1964 09 12  -13.18
1964 09 13    6.50
1964 09 14    6.52
1964 09 15    8.84
1964 09 16   46.08
1964 09 17   92.23
1964 09 18  100.53
1964 09 19   86.29
1964 09 20   79.50
1964 09 21   69.66
1964 09 22   38.12
1964 09 23   39.56
1964 09 24   71.15
1964 09 25   62.40
1964 09 26   71.96
1964 09 27   91.30
1964 09 28  133.58
1964 09 29  124.65
1964 09 30   74.14
1964 10 01   29.71
1964 10 02   -8.41
1964 10 03  -19.71
1964 10 04   12.33
1964 10 05   43.30
1964 10 06   67.74
1964 10 07   94.02
1964 10 08  119.10
1964 10 09   74.51
1964 10 10   10.39
1964 10 11  -10.54
1964 10 12   10.74
1964 10 13   19.00
1964 10 14    4.16
1964 10 15  -27.34
1964 10 16  -64.10
1964 10 17 -114.50
1964 10 18  -89.37
1964 10 19   -3.58
1964 10 20   42.61
1964 10 21   46.85
1964 10 22   49.10
1964 10 23   24.50
1964 10 24   21.42
1964 10 25   26.40
1964 10 26   50.64
1964 10 27  104.52
1964 10 28   85.42
1964 10 29   40.36
1964 10 30  104.28
1964 10 31  191.10
1964 11 01  170.22
1964 11 02  126.75
1964 11 03  115.52
1964 11 04  139.31
1964 11 05  152.36
1964 11 06  115.68
1964 11 07  107.98
1964 11 08  139.13
1964 11 09  128.31
1964 11 10  108.54
1964 11 11   67.56
1964 11 12   38.89
1964 11 13   66.87
1964 11 14   87.42
1964 11 15   90.54
1964 11 16   43.17
1964 11 17    6.86
1964 11 18   -8.34
1964 11 19  -44.42
1964 11 20  -94.17
1964 11 21 -156.47
1964 11 22 -250.63
1964 11 23 -323.87
1964 11 24 -340.73
1964 11 25 -356.20
1964 11 26 -360.39
1964 11 27 -329.75
1964 11 28 -303.84
1964 11 29 -256.37
1964 11 30 -186.81
1964 12 01 -118.87
1964 12 02  -56.53
1964 12 03  -17.30
1964 12 04  -22.82
1964 12 05  -61.30
1964 12 06  -68.97
1964 12 07  -36.41
1964 12 08  -16.52
1964 12 09  -30.36
1964 12 10  -34.35
1964 12 11  -61.94
1964 12 12  -64.44
1964 12 13  -73.58
1964 12 14  -55.64
1964 12 15  -45.83
1964 12 16  -98.69
1964 12 17 -201.14
1964 12 18 -288.53
1964 12 19 -270.03
1964 12 20 -293.45
1964 12 21 -345.11
1964 12 22 -329.09
1964 12 23 -258.84
1964 12 24 -197.50
1964 12 25 -118.85
1964 12 26  -60.80
1964 12 27  -39.96
1964 12 28  -17.97
1964 12 29  -17.87
1964 12 30  -44.53
1964 12 31  -54.06
1965 01 01  -45.08
1965 01 02  -69.74
1965 01 03  -75.27
1965 01 04  -58.57
1965 01 05  -71.21
1965 01 06 -100.66
1965 01 07 -101.70
1965 01 08 -114.62
1965 01 09 -121.38
1965 01 10 -101.38
1965 01 11  -56.59
1965 01 12   11.58
1965 01 13   29.25
1965 01 14   -2.97
1965 01 15  -73.45
1965 01 16  -97.57
1965 01 17  -54.57
1965 01 18    0.02
1965 01 19   81.87
1965 01 20  128.08
1965 01 21  131.75
1965 01 22   96.37
1965 01 23   82.49
1965 01 24   77.84
1965 01 25   29.25
1965 01 26   20.15
1965 01 27   18.90
1965 01 28   30.36
1965 01 29   28.56
1965 01 30   45.99
1965 01 31    9.91
1965 02 01  -49.43
1965 02 02  -52.76
1965 02 03  -48.77
1965 02 04   -0.96
1965 02 05   43.52
1965 02 06   83.16
1965 02 07  104.53
1965 02 08   98.76
1965 02 09   79.57
1965 02 10   47.46
1965 02 11    6.63
1965 02 12   14.04
1965 02 13   23.84
1965 02 14    1.31
1965 02 15  -36.46
1965 02 16  -71.86
1965 02 17  -96.63
1965 02 18 -117.56
1965 02 19 -108.77
1965 02 20 -119.96
1965 02 21  -92.31
1965 02 22  -27.57
1965 02 23  -21.35
1965 02 24  -53.36
1965 02 25  -21.70
1965 02 26   41.80
1965 02 27   62.51
1965 02 28   62.29
1965 03 01   48.44
1965 03 02   54.51
1965 03 03   58.47
1965 03 04   51.82
1965 03 05   36.25
1965 03 06   19.59
1965 03 07  -13.12
1965 03 08  -17.63
1965 03 09  -12.01
1965 03 10  -40.67
1965 03 11  -89.78
1965 03 12  -98.85
1965 03 13 -164.51
1965 03 14 -245.06
1965 03 15 -279.54
1965 03 16 -237.02
1965 03 17 -201.18
1965 03 18 -186.98
1965 03 19 -176.12
1965 03 20 -188.11
1965 03 21 -195.41
1965 03 22 -206.60
1965 03 23 -230.77
1965 03 24 -221.77
1965 03 25 -180.96
1965 03 26 -149.13
1965 03 27 -103.72
1965 03 28  -76.35
1965 03 29  -11.72
1965 03 30   27.39
1965 03 31   26.93
1965 04 01   12.22
1965 04 02   13.05
1965 04 03   60.98
1965 04 04   69.23
1965 04 05   91.05
1965 04 06   99.24
1965 04 07   96.52
1965 04 08   73.69
1965 04 09   36.33
1965 04 10   29.95
1965 04 11   28.78
1965 04 12   32.29
1965 04 13   -1.60
1965 04 14  -90.59
1965 04 15 -186.33
1965 04 16 -325.73
1965 04 17 -361.72
1965 04 18 -337.32
1965 04 19 -316.80
1965 04 20 -281.98
1965 04 21 -221.23
1965 04 22 -173.76
1965 04 23 -141.57
1965 04 24 -108.59
1965 04 25  -67.58
1965 04 26  -17.89
1965 04 27  -17.34
1965 04 28  -13.90
1965 04 29   21.76
1965 04 30   77.18
1965 05 01  136.55
1965 05 02  179.08
1965 05 03  140.09
1965 05 04   68.83
1965 05 05   46.12
1965 05 06   29.32
1965 05 07   -0.82
1965 05 08  -44.34
1965 05 09  -63.10
1965 05 10  -77.61
1965 05 11  -86.68
1965 05 12  -61.44
1965 05 13  -36.84
1965 05 14  -38.62
1965 05 15  -21.91
1965 05 16   24.28
1965 05 17   58.27
1965 05 18   62.05
1965 05 19   89.45
1965 05 20  114.66
1965 05 21  101.11
1965 05 22  101.26
1965 05 23  111.19
1965 05 24  107.20
1965 05 25   76.07
1965 05 26   76.89
1965 05 27   47.64
1965 05 28   38.74
1965 05 29   85.77
1965 05 30  137.87
1965 05 31  149.26
1965 06 01  157.08
1965 06 02  155.82
1965 06 03  127.90
1965 06 04   85.66
1965 06 05   68.65
1965 06 06  108.35
1965 06 07  148.06
1965 06 08  129.60
1965 06 09  125.77
1965 06 10  116.59
1965 06 11  101.86
1965 06 12   77.13
1965 06 13   51.40
1965 06 14   62.53
1965 06 15   64.77
1965 06 16   68.76
1965 06 17   60.95
1965 06 18   44.82
1965 06 19   47.54
1965 06 20   15.26
1965 06 21  -29.47
1965 06 22  -60.77
1965 06 23  -59.87
1965 06 24  -24.67
1965 06 25   -8.98
1965 06 26   13.00
1965 06 27   17.91
1965 06 28   22.86
1965 06 29   29.54
1965 06 30   34.13
1965 07 01   33.41
1965 07 02   32.35
1965 07 03   46.30
1965 07 04   53.25
1965 07 05   55.36
1965 07 06   57.89
1965 07 07   52.09
1965 07 08   41.07
1965 07 09   19.83
1965 07 10    1.41
1965 07 11   -1.61
1965 07 12   -5.08
1965 07 13    7.27
1965 07 14   16.73
1965 07 15   35.06
1965 07 16   46.70
1965 07 17   34.43
1965 07 18   16.34
1965 07 19    2.51
1965 07 20    0.42
1965 07 21   10.41
1965 07 22   16.99
1965 07 23   19.92
1965 07 24    9.42
1965 07 25  -20.97
1965 07 26  -39.27
1965 07 27  -24.34
1965 07 28  -26.28
1965 07 29  -52.09
1965 07 30  -76.46
1965 07 31  -77.36
1965 08 01  -56.65
1965 08 02  -35.42
1965 08 03   -3.92
1965 08 04   21.47
1965 08 05   40.32
1965 08 06   60.58
1965 08 07   40.46
1965 08 08   37.94
1965 08 09   49.89
1965 08 10   61.55
1965 08 11   63.78
1965 08 12   58.31
1965 08 13   64.31
1965 08 14   67.47
1965 08 15   63.30
1965 08 16   50.37
1965 08 17   32.39
1965 08 18   38.63
1965 08 19   69.56
1965 08 20   90.42
1965 08 21   77.19
1965 08 22   50.93
1965 08 23   27.65
1965 08 24  -16.44
1965 08 25  -48.52
1965 08 26  -62.30
1965 08 27  -68.72
1965 08 28  -55.24
1965 08 29  -45.13
1965 08 30  -47.93
1965 08 31  -53.79
1965 09 01  -87.55
1965 09 02 -116.11
1965 09 03  -96.11
1965 09 04  -84.71
1965 09 05  -62.21
1965 09 06  -15.42
1965 09 07   14.33
1965 09 08   30.72
1965 09 09   11.79
1965 09 10    1.58
1965 09 11  -16.85
1965 09 12  -23.85
1965 09 13   13.23
1965 09 14   15.74
1965 09 15  -28.19
1965 09 16  -67.01
1965 09 17 -119.01
1965 09 18 -128.05
1965 09 19 -118.17
1965 09 20  -98.99
1965 09 21 -120.02
1965 09 22 -116.85
1965 09 23  -88.93
1965 09 24  -67.00
1965 09 25  -65.72
1965 09 26  -40.14
1965 09 27  -13.73
1965 09 28  -22.85
1965 09 29  -31.42
1965 09 30   -0.52
1965 10 01   16.01
1965 10 02   14.68
1965 10 03   10.64
1965 10 04  -10.75
1965 10 05  -41.83
1965 10 06  -31.44
1965 10 07    9.43
1965 10 08   22.73
1965 10 09    5.65
1965 10 10    4.71
1965 10 11   54.24
1965 10 12   95.43
1965 10 13   92.47
1965 10 14   92.15
1965 10 15   77.36
1965 10 16   59.66
1965 10 17   55.58
1965 10 18   53.11
1965 10 19   28.32
1965 10 20    3.44
1965 10 21   79.12
1965 10 22  134.20
1965 10 23  158.48
1965 10 24  114.71
1965 10 25   66.29
1965 10 26   56.80
1965 10 27   56.58
1965 10 28   66.02
1965 10 29   33.56
1965 10 30  -12.70
1965 10 31   -8.87
1965 11 01    7.83
1965 11 02   15.93
1965 11 03   31.47
1965 11 04    9.74
1965 11 05   -3.06
1965 11 06  -32.87
1965 11 07  -69.63
1965 11 08  -87.00
1965 11 09  -85.46
1965 11 10  -70.33
1965 11 11  -35.48
1965 11 12  -33.79
1965 11 13   -0.40
1965 11 14   50.47
1965 11 15   68.17
1965 11 16   46.98
1965 11 17   23.98
1965 11 18   41.57
1965 11 19   60.08
1965 11 20   51.89
1965 11 21   42.99
1965 11 22   29.33
1965 11 23   22.98
1965 11 24   80.63
1965 11 25  138.32
1965 11 26  174.79
1965 11 27  164.64
1965 11 28  139.50
1965 11 29  105.40
1965 11 30   54.17
1965 12 01   35.24
1965 12 02  141.98
1965 12 03  168.55
1965 12 04  109.72
1965 12 05   53.67
1965 12 06   48.85
1965 12 07   47.24
1965 12 08   88.83
1965 12 09  101.26
1965 12 10   81.60
1965 12 11   67.54
1965 12 12   31.98
1965 12 13   -2.31
1965 12 14   -4.19
1965 12 15   -4.81
1965 12 16   -2.50
1965 12 17   42.16
1965 12 18  135.71
1965 12 19  168.22
1965 12 20  122.50
1965 12 21   47.87
1965 12 22  -19.27
1965 12 23  -75.10
1965 12 24 -105.35
1965 12 25 -137.90
1965 12 26 -161.40
1965 12 27 -192.95
1965 12 28 -167.84
1965 12 29 -123.35
1965 12 30 -102.14
1965 12 31  -93.51
1966 01 01  -35.37
1966 01 02   28.85
1966 01 03   92.77
1966 01 04  111.96
1966 01 05   76.92
1966 01 06   78.04
1966 01 07   70.30
1966 01 08   42.94
1966 01 09   18.46
1966 01 10   23.15
1966 01 11   47.60
1966 01 12   69.63
1966 01 13   96.43
1966 01 14   71.51
1966 01 15   18.52
1966 01 16  -18.51
1966 01 17  -78.91
1966 01 18  -95.11
1966 01 19  -84.19
1966 01 20  -67.21
1966 01 21  -32.95
1966 01 22   43.56
1966 01 23  108.69
1966 01 24  124.06
1966 01 25   95.00
1966 01 26   82.00
1966 01 27   74.97
1966 01 28   67.01
1966 01 29   61.88
1966 01 30   87.26
1966 01 31  111.62
1966 02 01  126.07
1966 02 02   95.51
1966 02 03   32.93
1966 02 04    3.40
1966 02 05   41.48
1966 02 06   90.90
1966 02 07  157.42
1966 02 08  187.70
1966 02 09  171.28
1966 02 10  150.65
1966 02 11   95.59
1966 02 12   23.20
1966 02 13    8.43
1966 02 14   30.22
1966 02 15   51.64
1966 02 16   69.15
1966 02 17   80.02
1966 02 18   19.02
1966 02 19  -83.20
1966 02 20  -98.92
1966 02 21  -38.26
1966 02 22   81.02
1966 02 23  172.29
1966 02 24  242.53
1966 02 25  287.01
1966 02 26  229.76
1966 02 27  133.29
1966 02 28   14.97
1966 03 01  -48.72
1966 03 02  -51.49
1966 03 03  -63.76
1966 03 04  -77.33
1966 03 05 -135.59
1966 03 06 -201.12
1966 03 07 -160.80
1966 03 08  -80.19
1966 03 09   46.58
1966 03 10  129.05
1966 03 11  129.13
1966 03 12   99.09
1966 03 13   77.97
1966 03 14   67.24
1966 03 15   32.51
1966 03 16  -34.64
1966 03 17 -103.78
1966 03 18 -119.00
1966 03 19 -100.64
1966 03 20  -96.80
1966 03 21  -90.41
1966 03 22  -65.78
1966 03 23  -64.00
1966 03 24  -59.94
1966 03 25  -45.11
1966 03 26  -27.74
1966 03 27  -14.33
1966 03 28   12.50
1966 03 29   45.59
1966 03 30   64.09
1966 03 31   97.47
1966 04 01  102.29
1966 04 02   52.18
1966 04 03    2.82
1966 04 04  -36.49
1966 04 05  -87.51
1966 04 06 -116.56
1966 04 07 -114.73
1966 04 08 -101.73
1966 04 09 -125.12
1966 04 10 -165.00
1966 04 11 -172.50
1966 04 12 -162.62
1966 04 13 -132.68
1966 04 14  -84.26
1966 04 15  -75.06
1966 04 16 -104.80
1966 04 17 -107.41
1966 04 18  -76.16
1966 04 19  -68.99
1966 04 20  -42.57
1966 04 21  -11.44
1966 04 22   -1.89
1966 04 23    4.46
1966 04 24   -1.12
1966 04 25   15.03
1966 04 26   53.47
1966 04 27   53.20
1966 04 28   62.26
1966 04 29   85.98
1966 04 30   82.23
1966 05 01  108.16
1966 05 02  165.17
1966 05 03  131.29
1966 05 04   79.40
1966 05 05   73.18
1966 05 06   85.55
1966 05 07   89.58
1966 05 08   60.56
1966 05 09   40.51
1966 05 10   41.02
1966 05 11   35.99
1966 05 12   50.13
1966 05 13   82.67
1966 05 14   65.86
1966 05 15   54.59
1966 05 16   42.71
1966 05 17   38.20
1966 05 18   64.84
1966 05 19   39.93
1966 05 20  -15.34
1966 05 21  -27.34
1966 05 22  -31.17
1966 05 23  -66.19
1966 05 24  -90.89
1966 05 25  -81.42
1966 05 26  -46.38
1966 05 27  -47.63
1966 05 28  -60.11
1966 05 29  -61.54
1966 05 30  -56.02
1966 05 31  -43.50
1966 06 01  -21.82
1966 06 02   -9.12
1966 06 03  -14.93
1966 06 04  -19.12
1966 06 05  -22.73
1966 06 06  -12.51
1966 06 07  -31.95
1966 06 08  -48.92
1966 06 09  -25.24
1966 06 10   -3.32
1966 06 11    9.88
1966 06 12   -5.35
1966 06 13  -11.96
1966 06 14   14.56
1966 06 15   70.41
1966 06 16   86.01
1966 06 17   76.66
1966 06 18   54.63
1966 06 19   34.41
1966 06 20   18.28
1966 06 21   -2.20
1966 06 22  -19.91
1966 06 23  -47.44
1966 06 24  -58.78
1966 06 25  -68.70
1966 06 26  -76.25
1966 06 27  -73.87
1966 06 28  -39.08
1966 06 29   -3.06
1966 06 30    4.13
1966 07 01   19.51
1966 07 02   32.58
1966 07 03   38.92
1966 07 04   59.65
1966 07 05   64.15
1966 07 06   36.36
1966 07 07    6.05
1966 07 08    3.21
1966 07 09   27.39
1966 07 10   55.55
1966 07 11   75.21
1966 07 12   82.74
1966 07 13   64.62
1966 07 14   57.65
1966 07 15   61.33
1966 07 16   56.35
1966 07 17   40.39
1966 07 18   22.12
1966 07 19   19.09
1966 07 20   27.23
1966 07 21   15.66
1966 07 22  -12.56
1966 07 23  -35.11
1966 07 24  -43.16
1966 07 25  -21.78
1966 07 26   -0.67
1966 07 27    4.37
1966 07 28   -1.29
1966 07 29    7.83
1966 07 30   30.70
1966 07 31   20.60
1966 08 01   10.58
1966 08 02   11.29
1966 08 03   13.45
1966 08 04   18.24
1966 08 05   28.88
1966 08 06   53.17
1966 08 07   60.09
1966 08 08   40.99
1966 08 09    8.41
1966 08 10   -1.84
1966 08 11   -0.42
1966 08 12   16.05
1966 08 13   40.68
1966 08 14   48.11
1966 08 15   42.35
1966 08 16   19.83
1966 08 17   -9.85
1966 08 18  -12.41
1966 08 19    8.84
1966 08 20   35.91
1966 08 21   45.67
1966 08 22   37.69
1966 08 23   25.26
1966 08 24   12.62
1966 08 25   -4.82
1966 08 26    8.59
1966 08 27   73.39
1966 08 28  115.27
1966 08 29   98.58
1966 08 30   80.45
1966 08 31   59.06
1966 09 01   17.24
1966 09 02  -14.81
1966 09 03  -39.46
1966 09 04  -28.80
1966 09 05  -36.46
1966 09 06  -61.40
1966 09 07  -56.16
1966 09 08  -20.04
1966 09 09   15.20
1966 09 10   38.01
1966 09 11   36.60
1966 09 12   67.88
1966 09 13   85.10
1966 09 14   63.01
1966 09 15   66.70
1966 09 16   79.56
1966 09 17  101.90
1966 09 18  136.84
1966 09 19  142.54
1966 09 20   84.30
1966 09 21   35.36
1966 09 22    4.85
1966 09 23   -4.06
1966 09 24   33.11
1966 09 25   44.58
1966 09 26   36.47
1966 09 27   24.92
1966 09 28    9.47
1966 09 29    5.63
1966 09 30   20.95
1966 10 01   19.78
1966 10 02   10.66
1966 10 03   15.96
1966 10 04   47.08
1966 10 05   88.57
1966 10 06  116.99
1966 10 07  101.78
1966 10 08   67.36
1966 10 09   10.01
1966 10 10  -52.87
1966 10 11  -83.55
1966 10 12  -59.47
1966 10 13  -41.93
1966 10 14  -55.29
1966 10 15  -70.65
1966 10 16  -90.49
1966 10 17 -105.06
1966 10 18 -108.16
1966 10 19 -105.93
1966 10 20  -74.74
1966 10 21  -41.97
1966 10 22  -29.55
1966 10 23  -17.75
1966 10 24  -25.88
1966 10 25  -56.64
1966 10 26  -70.57
1966 10 27  -65.58
1966 10 28  -90.28
1966 10 29  -69.87
1966 10 30  -44.22
1966 10 31  -31.47
1966 11 01    6.36
1966 11 02  -40.23
1966 11 03  -81.30
1966 11 04  -39.37
1966 11 05   18.47
1966 11 06   13.68
1966 11 07   -9.99
1966 11 08    6.46
1966 11 09   18.17
1966 11 10   13.13
1966 11 11  -21.02
1966 11 12  -66.47
1966 11 13  -60.32
1966 11 14  -29.70
1966 11 15    0.38
1966 11 16   15.01
1966 11 17  -42.03
1966 11 18 -130.54
1966 11 19 -144.71
1966 11 20 -120.50
1966 11 21  -67.82
1966 11 22   25.12
1966 11 23   81.04
1966 11 24   89.23
1966 11 25   25.68
1966 11 26  -82.43
1966 11 27 -173.84
1966 11 28 -208.00
1966 11 29 -238.66
1966 11 30 -311.02
1966 12 01 -366.58
1966 12 02 -301.42
1966 12 03 -243.61
1966 12 04 -245.68
1966 12 05 -202.07
1966 12 06 -141.87
1966 12 07  -94.29
1966 12 08 -107.32
1966 12 09 -123.99
1966 12 10 -146.09
1966 12 11 -128.60
1966 12 12  -83.43
1966 12 13  -69.54
1966 12 14  -55.11
1966 12 15   19.59
1966 12 16   71.90
1966 12 17   88.65
1966 12 18   92.08
1966 12 19  104.72
1966 12 20   84.03
1966 12 21   18.22
1966 12 22   -3.41
1966 12 23  -32.97
1966 12 24  -66.65
1966 12 25  -70.27
1966 12 26   -6.74
1966 12 27   27.39
1966 12 28   30.13
1966 12 29   59.20
1966 12 30  101.22
1966 12 31  123.25
1967 01 01  131.19
1967 01 02  114.32
1967 01 03  139.57
1967 01 04  214.30
1967 01 05  267.12
1967 01 06  283.21
1967 01 07  267.01
1967 01 08  205.74
1967 01 09  163.14
1967 01 10  227.45
1967 01 11  240.19
1967 01 12  184.44
1967 01 13  126.06
1967 01 14   98.54
1967 01 15   98.74
1967 01 16  102.75
1967 01 17  121.72
1967 01 18  221.89
1967 01 19  250.93
1967 01 20  176.71
1967 01 21   97.44
1967 01 22   68.94
1967 01 23   15.06
1967 01 24  -59.14
1967 01 25 -100.75
1967 01 26  -96.06
1967 01 27  -76.45
1967 01 28  -53.24
1967 01 29  -25.72
1967 01 30  -12.33
1967 01 31   -1.49
1967 02 01   25.72
1967 02 02   63.01
1967 02 03   66.15
1967 02 04   37.36
1967 02 05    4.92
1967 02 06  -11.04
1967 02 07   29.13
1967 02 08   73.74
1967 02 09  120.63
1967 02 10  132.80
1967 02 11  155.85
1967 02 12  121.34
1967 02 13   87.18
1967 02 14   46.32
1967 02 15   49.35
1967 02 16   93.10
1967 02 17  140.30
1967 02 18  131.00
1967 02 19   90.47
1967 02 20   66.70
1967 02 21   27.17
1967 02 22    4.15
1967 02 23    0.19
1967 02 24   13.67
1967 02 25   39.64
1967 02 26   58.46
1967 02 27  107.52
1967 02 28  110.31
1967 03 01   76.86
1967 03 02   58.68
1967 03 03   50.83
1967 03 04   59.62
1967 03 05   69.66
1967 03 06   78.02
1967 03 07   58.24
1967 03 08  -27.07
1967 03 09  -76.62
1967 03 10  -80.18
1967 03 11  -41.95
1967 03 12 -115.41
1967 03 13 -202.44
1967 03 14 -185.68
1967 03 15 -170.10
1967 03 16 -193.01
1967 03 17 -188.87
1967 03 18 -195.45
1967 03 19 -199.44
1967 03 20 -192.82
1967 03 21 -126.66
1967 03 22  -76.28
1967 03 23  -45.43
1967 03 24  -15.91
1967 03 25   57.70
1967 03 26  133.30
1967 03 27  112.16
1967 03 28   62.99
1967 03 29   26.44
1967 03 30   16.08
1967 03 31   14.12
1967 04 01   30.56
1967 04 02   67.47
1967 04 03   35.67
1967 04 04  -17.37
1967 04 05   -2.03
1967 04 06   58.21
1967 04 07   66.38
1967 04 08    1.11
1967 04 09  -21.74
1967 04 10   20.51
1967 04 11   62.33
1967 04 12   41.88
1967 04 13   11.94
1967 04 14   -8.59
1967 04 15  -66.73
1967 04 16  -85.61
1967 04 17  -72.03
1967 04 18  -81.69
1967 04 19  -66.92
1967 04 20  -88.83
1967 04 21 -106.38
1967 04 22 -109.95
1967 04 23 -106.02
1967 04 24  -80.58
1967 04 25  -39.23
1967 04 26   21.56
1967 04 27   51.77
1967 04 28   24.56
1967 04 29  -36.07
1967 04 30  -78.38
1967 05 01 -122.61
1967 05 02 -151.17
1967 05 03 -154.49
1967 05 04 -148.62
1967 05 05 -117.06
1967 05 06 -102.77
1967 05 07  -90.17
1967 05 08 -127.90
1967 05 09 -155.49
1967 05 10 -175.15
1967 05 11 -194.02
1967 05 12 -188.12
1967 05 13 -173.68
1967 05 14 -174.24
1967 05 15 -182.61
1967 05 16 -151.15
1967 05 17 -117.51
1967 05 18  -97.77
1967 05 19  -82.42
1967 05 20  -51.30
1967 05 21  -26.77
1967 05 22   -2.20
1967 05 23   20.75
1967 05 24   15.68
1967 05 25   22.58
1967 05 26    2.70
1967 05 27  -15.24
1967 05 28   -5.80
1967 05 29  -28.54
1967 05 30  -57.86
1967 05 31  -76.38
1967 06 01  -90.42
1967 06 02 -137.07
1967 06 03 -153.48
1967 06 04 -138.17
1967 06 05 -131.98
1967 06 06 -104.29
1967 06 07  -81.19
1967 06 08  -67.09
1967 06 09  -31.17
1967 06 10  -11.52
1967 06 11   12.45
1967 06 12   37.23
1967 06 13   42.18
1967 06 14   36.53
1967 06 15   33.09
1967 06 16   26.92
1967 06 17   21.45
1967 06 18   21.60
1967 06 19    9.03
1967 06 20   -0.60
1967 06 21  -13.26
1967 06 22  -34.06
1967 06 23  -52.61
1967 06 24  -61.35
1967 06 25  -76.09
1967 06 26  -56.92
1967 06 27  -38.33
1967 06 28  -29.55
1967 06 29  -41.00
1967 06 30  -58.23
1967 07 01  -83.80
1967 07 02  -92.01
1967 07 03  -63.50
1967 07 04  -34.38
1967 07 05   -1.57
1967 07 06   26.51
1967 07 07   26.58
1967 07 08   26.26
1967 07 09    8.48
1967 07 10  -18.49
1967 07 11  -10.92
1967 07 12    8.94
1967 07 13   -2.42
1967 07 14  -26.98
1967 07 15  -31.98
1967 07 16  -28.68
1967 07 17    2.55
1967 07 18   35.71
1967 07 19   41.53
1967 07 20   30.28
1967 07 21  -10.90
1967 07 22  -50.78
1967 07 23  -76.28
1967 07 24  -65.31
1967 07 25  -62.40
1967 07 26  -52.45
1967 07 27  -35.56
1967 07 28  -22.03
1967 07 29  -12.25
1967 07 30   -5.87
1967 07 31  -20.92
1967 08 01  -42.84
1967 08 02  -49.97
1967 08 03  -52.05
1967 08 04  -44.40
1967 08 05  -30.12
1967 08 06  -30.83
1967 08 07  -35.91
1967 08 08  -28.42
1967 08 09   -6.98
1967 08 10    9.41
1967 08 11   24.49
1967 08 12   23.65
1967 08 13   20.45
1967 08 14   32.03
1967 08 15   47.56
1967 08 16   78.97
1967 08 17   97.54
1967 08 18   99.46
1967 08 19  101.22
1967 08 20   97.13
1967 08 21   78.28
1967 08 22   60.78
1967 08 23   59.90
1967 08 24   41.84
1967 08 25   29.69
1967 08 26   35.58
1967 08 27   40.41
1967 08 28   39.16
1967 08 29   29.50
1967 08 30   42.04
1967 08 31   57.22
1967 09 01   54.78
1967 09 02   37.07
1967 09 03    0.75
1967 09 04   13.48
1967 09 05   60.53
1967 09 06   76.51
1967 09 07   72.16
1967 09 08   76.79
1967 09 09   60.78
1967 09 10   48.94
1967 09 11   73.96
1967 09 12  111.17
1967 09 13  107.15
1967 09 14   75.94
1967 09 15  110.58
1967 09 16   74.72
1967 09 17   28.99
1967 09 18   20.96
1967 09 19    5.13
1967 09 20    8.64
1967 09 21   17.53
1967 09 22    0.43
1967 09 23   -4.76
1967 09 24  -20.30
1967 09 25  -22.09
1967 09 26   13.05
1967 09 27   16.19
1967 09 28   -6.49
1967 09 29  -30.73
1967 09 30  -32.98
1967 10 01  -47.94
1967 10 02  -68.00
1967 10 03  -53.69
1967 10 04    2.35
1967 10 05   45.66
1967 10 06   49.24
1967 10 07   71.84
1967 10 08   30.62
1967 10 09  -20.40
1967 10 10  -24.74
1967 10 11    9.91
1967 10 12   19.99
1967 10 13  -12.68
1967 10 14  -41.32
1967 10 15  -58.87
1967 10 16  -52.49
1967 10 17  -30.79
1967 10 18   10.39
1967 10 19   26.80
1967 10 20   56.64
1967 10 21   72.91
1967 10 22   50.39
1967 10 23   48.32
1967 10 24   83.78
1967 10 25  112.33
1967 10 26  107.12
1967 10 27  110.98
1967 10 28   80.47
1967 10 29   45.94
1967 10 30   69.54
1967 10 31   85.13
1967 11 01   81.19
1967 11 02   99.47
1967 11 03   78.04
1967 11 04   41.24
1967 11 05   33.51
1967 11 06   19.66
1967 11 07    9.23
1967 11 08   14.88
1967 11 09   32.61
1967 11 10   22.04
1967 11 11   36.07
1967 11 12   64.52
1967 11 13   87.32
1967 11 14  133.51
1967 11 15  158.82
1967 11 16  118.90
1967 11 17   48.28
1967 11 18  -10.84
1967 11 19  -10.51
1967 11 20   -5.28
1967 11 21   58.43
1967 11 22   91.18
1967 11 23   55.79
1967 11 24    3.44
1967 11 25  -16.29
1967 11 26  -19.51
1967 11 27    9.52
1967 11 28   19.11
1967 11 29    8.05
1967 11 30   17.40
1967 12 01   25.21
1967 12 02   66.54
1967 12 03   87.24
1967 12 04   61.82
1967 12 05   37.14
1967 12 06   13.60
1967 12 07    2.13
1967 12 08   -1.18
1967 12 09   44.98
1967 12 10   88.11
1967 12 11   46.82
1967 12 12  -22.88
1967 12 13    9.45
1967 12 14   40.46
1967 12 15    2.94
1967 12 16  -52.28
1967 12 17  -68.53
1967 12 18 -107.25
1967 12 19 -142.54
1967 12 20 -171.81
1967 12 21 -188.87
1967 12 22 -169.22
1967 12 23 -168.34
1967 12 24 -155.14
1967 12 25 -123.74
1967 12 26  -74.83
1967 12 27  -64.19
1967 12 28  -77.73
1967 12 29  -53.60
1967 12 30    5.51
1967 12 31   35.21
1968 01 01   62.36
1968 01 02   89.61
1968 01 03  114.43
1968 01 04   95.47
1968 01 05   25.85
1968 01 06  -49.99
1968 01 07  -62.19
1968 01 08  -61.99
1968 01 09  -69.32
1968 01 10  -75.84
1968 01 11 -136.68
1968 01 12 -202.00
1968 01 13 -195.65
1968 01 14 -127.14
1968 01 15 -140.63
1968 01 16 -175.90
1968 01 17 -183.92
1968 01 18 -191.95
1968 01 19 -160.45
1968 01 20 -112.00
1968 01 21  -68.08
1968 01 22  -18.42
1968 01 23   22.05
1968 01 24  -18.86
1968 01 25  -64.68
1968 01 26 -125.54
1968 01 27 -225.49
1968 01 28 -287.99
1968 01 29 -312.38
1968 01 30 -285.05
1968 01 31 -246.14
1968 02 01 -245.27
1968 02 02 -218.08
1968 02 03 -170.96
1968 02 04 -126.93
1968 02 05  -97.98
1968 02 06  -68.27
1968 02 07  -42.17
1968 02 08  -17.63
1968 02 09  -23.24
1968 02 10  -55.77
1968 02 11 -121.15
1968 02 12 -163.65
1968 02 13 -186.46
1968 02 14 -205.49
1968 02 15 -278.04
1968 02 16 -337.42
1968 02 17 -359.50
1968 02 18 -349.66
1968 02 19 -304.67
1968 02 20 -235.02
1968 02 21 -154.83
1968 02 22  -71.82
1968 02 23  -22.16
1968 02 24  -18.71
1968 02 25  -52.38
1968 02 26  -69.02
1968 02 27  -65.39
1968 02 28  -62.51
1968 02 29  -53.30
1968 03 01  -16.86
1968 03 02   18.21
1968 03 03   74.56
1968 03 04  120.54
1968 03 05  113.14
1968 03 06   49.70
1968 03 07   -6.38
1968 03 08  -39.07
1968 03 09  -78.09
1968 03 10  -89.25
1968 03 11  -33.89
1968 03 12   27.58
1968 03 13   54.06
1968 03 14   27.18
1968 03 15    5.57
1968 03 16  -23.02
1968 03 17  -50.37
1968 03 18  -64.13
1968 03 19  -33.11
1968 03 20   26.19
1968 03 21   88.00
1968 03 22  112.86
1968 03 23  118.39
1968 03 24  132.11
1968 03 25  138.39
1968 03 26  130.28
1968 03 27  109.52
1968 03 28   85.82
1968 03 29   58.25
1968 03 30   25.20
1968 03 31   -2.36
1968 04 01    4.38
1968 04 02   -3.10
1968 04 03  -11.28
1968 04 04   -7.89
1968 04 05  -12.39
1968 04 06  -40.93
1968 04 07  -42.41
1968 04 08  -58.62
1968 04 09  -28.09
1968 04 10   21.59
1968 04 11   68.15
1968 04 12  101.47
1968 04 13   90.09
1968 04 14   53.99
1968 04 15   32.30
1968 04 16   34.53
1968 04 17   49.78
1968 04 18   41.59
1968 04 19   11.52
1968 04 20  -14.97
1968 04 21  -40.86
1968 04 22  -33.95
1968 04 23   11.70
1968 04 24   32.81
1968 04 25   15.89
1968 04 26   55.53
1968 04 27   70.93
1968 04 28   85.08
1968 04 29  133.86
1968 04 30  167.92
1968 05 01  149.66
1968 05 02  121.22
1968 05 03   67.13
1968 05 04   39.06
1968 05 05   26.25
1968 05 06  -45.31
1968 05 07  -75.40
1968 05 08  -63.54
1968 05 09  -68.85
1968 05 10 -117.78
1968 05 11 -179.35
1968 05 12 -233.00
1968 05 13 -248.06
1968 05 14 -222.92
1968 05 15 -173.37
1968 05 16 -135.81
1968 05 17 -133.08
1968 05 18 -166.97
1968 05 19 -182.49
1968 05 20 -143.39
1968 05 21 -109.42
1968 05 22 -101.00
1968 05 23  -91.32
1968 05 24  -82.86
1968 05 25  -74.93
1968 05 26  -57.52
1968 05 27  -53.02
1968 05 28  -69.10
1968 05 29  -88.18
1968 05 30  -78.33
1968 05 31  -58.89
1968 06 01  -21.31
1968 06 02   -2.83
1968 06 03  -15.22
1968 06 04  -28.13
1968 06 05  -39.47
1968 06 06  -41.81
1968 06 07  -37.04
1968 06 08  -22.34
1968 06 09  -13.19
1968 06 10  -20.92
1968 06 11  -21.75
1968 06 12  -20.84
1968 06 13  -53.08
1968 06 14  -70.13
1968 06 15  -70.19
1968 06 16  -66.63
1968 06 17  -61.53
1968 06 18  -34.29
1968 06 19    9.36
1968 06 20   29.25
1968 06 21   18.63
1968 06 22    2.03
1968 06 23   12.23
1968 06 24   26.56
1968 06 25   24.71
1968 06 26   32.82
1968 06 27   24.07
1968 06 28  -20.12
1968 06 29  -62.07
1968 06 30  -77.11
1968 07 01  -96.05
1968 07 02  -79.97
1968 07 03  -23.52
1968 07 04   29.57
1968 07 05   64.57
1968 07 06   72.09
1968 07 07   59.25
1968 07 08   45.71
1968 07 09   28.69
1968 07 10   24.58
1968 07 11   24.41
1968 07 12   25.22
1968 07 13   24.49
1968 07 14   33.59
1968 07 15   32.77
1968 07 16   34.09
1968 07 17   60.82
1968 07 18   85.51
1968 07 19   98.81
1968 07 20   91.75
1968 07 21   67.44
1968 07 22   42.69
1968 07 23   33.80
1968 07 24   33.29
1968 07 25   25.23
1968 07 26   38.10
1968 07 27   50.33
1968 07 28   53.04
1968 07 29   56.03
1968 07 30   35.37
1968 07 31   -6.87
1968 08 01  -32.46
1968 08 02  -44.36
1968 08 03  -39.58
1968 08 04  -23.88
1968 08 05    5.61
1968 08 06   28.02
1968 08 07   48.25
1968 08 08   48.98
1968 08 09   35.06
1968 08 10   41.49
1968 08 11   48.29
1968 08 12   40.91
1968 08 13   40.17
1968 08 14   59.33
1968 08 15   56.84
1968 08 16   41.38
1968 08 17   -6.72
1968 08 18  -46.61
1968 08 19  -56.75
1968 08 20  -38.42
1968 08 21  -29.60
1968 08 22  -15.88
1968 08 23   -1.27
1968 08 24   -2.75
1968 08 25  -10.02
1968 08 26  -10.03
1968 08 27  -13.71
1968 08 28  -17.93
1968 08 29  -38.43
1968 08 30  -67.13
1968 08 31  -65.23
1968 09 01  -46.32
1968 09 02  -55.53
1968 09 03  -66.60
1968 09 04  -70.21
1968 09 05  -51.37
1968 09 06  -42.12
1968 09 07  -41.98
1968 09 08  -37.14
1968 09 09  -20.27
1968 09 10   24.62
1968 09 11   58.58
1968 09 12   84.41
1968 09 13   65.74
1968 09 14   30.02
1968 09 15    7.51
1968 09 16  -12.78
1968 09 17  -53.08
1968 09 18  -98.44
1968 09 19 -102.93
1968 09 20  -99.67
1968 09 21 -114.61
1968 09 22 -101.69
1968 09 23  -69.61
1968 09 24  -25.95
1968 09 25  -19.78
1968 09 26    0.16
1968 09 27   13.03
1968 09 28    8.51
1968 09 29    5.70
1968 09 30   39.89
1968 10 01   45.78
1968 10 02   36.81
1968 10 03   56.84
1968 10 04   50.66
1968 10 05   45.41
1968 10 06   36.50
1968 10 07   16.94
1968 10 08   13.99
1968 10 09  -47.27
1968 10 10 -118.29
1968 10 11  -69.42
1968 10 12   -1.52
1968 10 13   17.49
1968 10 14   10.20
1968 10 15   25.29
1968 10 16   61.99
1968 10 17  116.77
1968 10 18  113.51
1968 10 19  111.42
1968 10 20  142.94
1968 10 21  152.04
1968 10 22  129.90
1968 10 23  109.67
1968 10 24   97.88
1968 10 25   75.97
1968 10 26   60.75
1968 10 27   95.76
1968 10 28  126.93
1968 10 29  144.74
1968 10 30  166.41
1968 10 31  159.10
1968 11 01  109.73
1968 11 02   89.02
1968 11 03   75.20
1968 11 04   -0.00
1968 11 05  -71.58
1968 11 06 -128.04
1968 11 07 -133.76
1968 11 08  -76.56
1968 11 09  -21.43
1968 11 10  -18.79
1968 11 11    0.84
1968 11 12   -9.66
1968 11 13  -21.97
1968 11 14   -9.77
1968 11 15   14.12
1968 11 16   19.39
1968 11 17    1.46
1968 11 18   -4.99
1968 11 19    0.88
1968 11 20   -0.74
1968 11 21    4.59
1968 11 22   11.08
1968 11 23    1.33
1968 11 24    8.75
1968 11 25   15.55
1968 11 26   40.56
1968 11 27   74.31
1968 11 28  128.09
1968 11 29  186.42
1968 11 30  150.83
1968 12 01  103.60
1968 12 02   59.82
1968 12 03   -2.91
1968 12 04  -35.38
1968 12 05  -35.66
1968 12 06  -34.84
1968 12 07  -26.01
1968 12 08  -42.99
1968 12 09  -29.82
1968 12 10   25.19
1968 12 11   78.66
1968 12 12  120.69
1968 12 13  118.22
1968 12 14  103.49
1968 12 15  121.79
1968 12 16   91.35
1968 12 17   46.79
1968 12 18  -16.19
1968 12 19  -93.48
1968 12 20 -193.93
1968 12 21 -218.94
1968 12 22 -204.61
1968 12 23 -182.88
1968 12 24 -160.15
1968 12 25 -136.89
1968 12 26 -132.74
1968 12 27 -162.93
1968 12 28 -203.17
1968 12 29 -224.08
1968 12 30 -243.06
1968 12 31 -252.27
1969 01 01 -214.33
1969 01 02 -212.96
1969 01 03 -171.98
1969 01 04 -131.67
1969 01 05 -104.47
1969 01 06  -84.05
1969 01 07  -60.54
1969 01 08  -93.52
1969 01 09 -114.33
1969 01 10 -121.36
1969 01 11 -117.99
1969 01 12  -88.74
1969 01 13  -26.05
1969 01 14   23.29
1969 01 15   71.10
1969 01 16   74.35
1969 01 17   63.96
1969 01 18   44.01
1969 01 19   33.46
1969 01 20   20.11
1969 01 21   42.17
1969 01 22   57.81
1969 01 23   50.35
1969 01 24   52.06
1969 01 25   23.99
1969 01 26   51.32
1969 01 27   95.46
1969 01 28  127.60
1969 01 29  165.76
1969 01 30  173.74
1969 01 31  160.72
1969 02 01  157.81
1969 02 02  137.81
1969 02 03  110.45
1969 02 04   96.98
1969 02 05  111.83
1969 02 06   78.73
1969 02 07   50.63
1969 02 08   73.88
1969 02 09   97.31
1969 02 10   81.96
1969 02 11   68.62
1969 02 12   84.28
1969 02 13  131.68
1969 02 14  130.87
1969 02 15  114.89
1969 02 16  136.99
1969 02 17  141.45
1969 02 18  132.02
1969 02 19  108.56
1969 02 20  121.04
1969 02 21  108.39
1969 02 22   65.90
1969 02 23   55.81
1969 02 24  108.77
1969 02 25  133.36
1969 02 26  134.50
1969 02 27  143.98
1969 02 28  119.66
1969 03 01   86.82
1969 03 02   72.49
1969 03 03   90.33
1969 03 04  122.09
1969 03 05   99.13
1969 03 06   97.13
1969 03 07   80.33
1969 03 08   43.30
1969 03 09   35.91
1969 03 10   31.43
1969 03 11   17.04
1969 03 12   -5.99
1969 03 13  -53.71
1969 03 14    1.63
1969 03 15   42.65
1969 03 16   46.55
1969 03 17   55.45
1969 03 18   33.43
1969 03 19   34.95
1969 03 20   90.31
1969 03 21   85.98
1969 03 22   42.14
1969 03 23   46.14
1969 03 24   55.78
1969 03 25   46.46
1969 03 26   31.54
1969 03 27   23.63
1969 03 28    9.42
1969 03 29   30.53
1969 03 30   75.01
1969 03 31   83.64
1969 04 01   94.97
1969 04 02   99.07
1969 04 03   75.43
1969 04 04  139.92
1969 04 05  135.72
1969 04 06  130.47
1969 04 07  161.54
1969 04 08  137.87
1969 04 09   85.57
1969 04 10   74.43
1969 04 11  119.49
1969 04 12  119.41
1969 04 13   91.70
1969 04 14   75.83
1969 04 15   78.39
1969 04 16   94.56
1969 04 17  114.09
1969 04 18   97.13
1969 04 19   52.27
1969 04 20   -5.89
1969 04 21  -50.36
1969 04 22  -64.63
1969 04 23  -47.90
1969 04 24  -12.35
1969 04 25   73.53
1969 04 26  140.57
1969 04 27  140.22
1969 04 28  121.77
1969 04 29  136.53
1969 04 30  152.16
1969 05 01  139.04
1969 05 02  135.63
1969 05 03  156.87
1969 05 04  146.21
1969 05 05  102.21
1969 05 06   36.13
1969 05 07   38.22
1969 05 08   60.25
1969 05 09   48.55
1969 05 10   60.74
1969 05 11   54.80
1969 05 12   38.10
1969 05 13   56.48
1969 05 14   90.70
1969 05 15   77.19
1969 05 16   52.17
1969 05 17   14.63
1969 05 18   -4.00
1969 05 19  -19.21
1969 05 20    9.83
1969 05 21   40.98
1969 05 22   57.33
1969 05 23   47.92
1969 05 24   10.08
1969 05 25  -26.32
1969 05 26  -23.55
1969 05 27   -7.27
1969 05 28   -0.65
1969 05 29   -3.66
1969 05 30  -21.73
1969 05 31  -22.68
1969 06 01   -3.73
1969 06 02   42.47
1969 06 03   84.96
1969 06 04   75.79
1969 06 05   58.81
1969 06 06   40.61
1969 06 07   26.01
1969 06 08   62.57
1969 06 09  138.84
1969 06 10  154.87
1969 06 11  118.62
1969 06 12   81.55
1969 06 13   33.60
1969 06 14  -36.65
1969 06 15  -50.11
1969 06 16   -9.92
1969 06 17   35.22
1969 06 18   62.30
1969 06 19   74.42
1969 06 20   76.75
1969 06 21   76.12
1969 06 22   66.07
1969 06 23   42.44
1969 06 24    2.82
1969 06 25  -46.19
1969 06 26  -79.31
1969 06 27  -98.22
1969 06 28  -96.06
1969 06 29  -98.93
1969 06 30 -103.87
1969 07 01  -84.71
1969 07 02  -61.52
1969 07 03  -35.84
1969 07 04  -25.23
1969 07 05    5.47
1969 07 06   29.23
1969 07 07   61.45
1969 07 08   85.20
1969 07 09   94.31
1969 07 10   85.67
1969 07 11   69.64
1969 07 12   49.68
1969 07 13   13.84
1969 07 14    1.55
1969 07 15    0.94
1969 07 16  -10.50
1969 07 17   -7.92
1969 07 18   16.96
1969 07 19   43.79
1969 07 20   37.16
1969 07 21   11.90
1969 07 22  -20.22
1969 07 23  -35.27
1969 07 24  -32.03
1969 07 25  -16.95
1969 07 26  -11.55
1969 07 27  -15.38
1969 07 28  -18.68
1969 07 29  -57.45
1969 07 30  -78.41
1969 07 31  -90.82
1969 08 01  -84.11
1969 08 02  -69.08
1969 08 03  -51.47
1969 08 04  -47.41
1969 08 05  -75.36
1969 08 06 -103.70
1969 08 07 -123.01
1969 08 08 -118.63
1969 08 09  -71.91
1969 08 10  -31.55
1969 08 11  -29.43
1969 08 12  -31.37
1969 08 13  -33.67
1969 08 14  -14.85
1969 08 15   15.58
1969 08 16   12.42
1969 08 17   -9.46
1969 08 18  -40.65
1969 08 19  -76.75
1969 08 20  -92.91
1969 08 21  -83.95
1969 08 22  -81.72
1969 08 23  -84.28
1969 08 24  -73.48
1969 08 25  -36.27
1969 08 26    1.41
1969 08 27   38.55
1969 08 28   89.25
1969 08 29  109.99
1969 08 30  107.66
1969 08 31   86.80
1969 09 01   62.76
1969 09 02   35.48
1969 09 03   -1.33
1969 09 04  -17.95
1969 09 05  -14.99
1969 09 06  -21.66
1969 09 07  -42.32
1969 09 08  -55.20
1969 09 09  -65.07
1969 09 10  -37.16
1969 09 11  -11.57
1969 09 12   22.80
1969 09 13   40.28
1969 09 14   50.80
1969 09 15   41.46
1969 09 16    8.76
1969 09 17  -26.59
1969 09 18  -22.49
1969 09 19  -22.86
1969 09 20  -33.41
1969 09 21  -47.77
1969 09 22  -38.95
1969 09 23  -24.98
1969 09 24  -17.37
1969 09 25    0.45
1969 09 26   43.88
1969 09 27   48.53
1969 09 28   67.54
1969 09 29   81.87
1969 09 30   80.24
1969 10 01   65.42
1969 10 02   68.31
1969 10 03  109.26
1969 10 04  136.65
1969 10 05  102.57
1969 10 06   87.95
1969 10 07  108.20
1969 10 08  139.49
1969 10 09  106.67
1969 10 10   58.63
1969 10 11   91.18
1969 10 12   54.23
1969 10 13    4.31
1969 10 14   -4.18
1969 10 15  -41.20
1969 10 16  -91.75
1969 10 17 -107.71
1969 10 18  -98.86
1969 10 19  -99.66
1969 10 20  -78.40
1969 10 21  -67.24
1969 10 22  -64.10
1969 10 23  -74.44
1969 10 24 -106.97
1969 10 25 -126.04
1969 10 26 -163.84
1969 10 27 -200.44
1969 10 28 -194.93
1969 10 29 -163.43
1969 10 30 -155.80
1969 10 31 -162.85
1969 11 01 -108.52
1969 11 02  -45.28
1969 11 03    3.01
1969 11 04   65.68
1969 11 05  129.01
1969 11 06  144.56
1969 11 07  141.94
1969 11 08  122.53
1969 11 09   30.94
1969 11 10  -73.27
1969 11 11 -112.50
1969 11 12  -98.80
1969 11 13  -65.30
1969 11 14  -67.43
1969 11 15  -81.80
1969 11 16  -66.18
1969 11 17  -46.47
1969 11 18  -19.52
1969 11 19   51.43
1969 11 20   79.93
1969 11 21   81.74
1969 11 22   78.12
1969 11 23   66.30
1969 11 24   58.14
1969 11 25   49.46
1969 11 26   66.21
1969 11 27   44.37
1969 11 28   69.88
1969 11 29   67.86
1969 11 30   21.56
1969 12 01   13.29
1969 12 02   52.91
1969 12 03   40.92
1969 12 04   23.11
1969 12 05   27.06
1969 12 06   39.35
1969 12 07   87.05
1969 12 08  116.80
1969 12 09  181.47
1969 12 10  181.32
1969 12 11  120.99
1969 12 12   83.28
1969 12 13   35.55
1969 12 14   52.51
1969 12 15   88.37
1969 12 16   63.85
1969 12 17   14.76
1969 12 18  -44.05
1969 12 19  -54.08
1969 12 20  -30.80
1969 12 21  -21.00
1969 12 22  -21.68
1969 12 23  -23.39
1969 12 24   18.49
1969 12 25   78.81
1969 12 26   97.46
1969 12 27   80.23
1969 12 28   94.07
1969 12 29  100.61
1969 12 30  109.63
1969 12 31   94.89
1970 01 01   51.96
1970 01 02  -91.34
1970 01 03 -138.23
1970 01 04  -99.04
1970 01 05  -87.76
1970 01 06  -64.93
1970 01 07  -67.60
1970 01 08  -62.46
1970 01 09  -49.62
1970 01 10  -63.33
1970 01 11 -125.06
1970 01 12 -179.72
1970 01 13 -176.81
1970 01 14 -149.71
1970 01 15 -129.63
1970 01 16 -145.84
1970 01 17 -155.43
1970 01 18 -103.61
1970 01 19  -65.62
1970 01 20  -40.59
1970 01 21  -10.85
1970 01 22   -0.72
1970 01 23   -9.38
1970 01 24  -15.15
1970 01 25  -41.41
1970 01 26  -47.62
1970 01 27  -34.10
1970 01 28  -28.02
1970 01 29  -16.59
1970 01 30   25.11
1970 01 31   30.61
1970 02 01  -11.87
1970 02 02   30.68
1970 02 03   87.64
1970 02 04  110.11
1970 02 05  127.90
1970 02 06   80.39
1970 02 07   67.44
1970 02 08   54.70
1970 02 09   16.01
1970 02 10   -1.53
1970 02 11   15.10
1970 02 12   -4.78
1970 02 13  -55.33
1970 02 14  -80.61
1970 02 15  -44.95
1970 02 16   -3.70
1970 02 17   10.08
1970 02 18    4.72
1970 02 19   -9.24
1970 02 20  -40.11
1970 02 21  -48.63
1970 02 22    5.50
1970 02 23   42.46
1970 02 24   53.27
1970 02 25    3.11
1970 02 26  -47.53
1970 02 27  -91.40
1970 02 28 -132.12
1970 03 01 -133.97
1970 03 02 -138.88
1970 03 03  -94.14
1970 03 04  -55.61
1970 03 05  -40.97
1970 03 06   35.56
1970 03 07   93.95
1970 03 08  113.93
1970 03 09   88.04
1970 03 10   30.71
1970 03 11   -7.12
1970 03 12   -3.65
1970 03 13   28.80
1970 03 14   29.96
1970 03 15    7.14
1970 03 16  -55.57
1970 03 17  -57.43
1970 03 18   -0.95
1970 03 19   38.57
1970 03 20   77.74
1970 03 21  119.05
1970 03 22  110.37
1970 03 23   63.14
1970 03 24    7.44
1970 03 25  -31.58
1970 03 26  -57.93
1970 03 27  -78.79
1970 03 28  -67.24
1970 03 29  -65.44
1970 03 30  -24.49
1970 03 31  -26.31
1970 04 01  -47.22
1970 04 02  -34.68
1970 04 03   15.59
1970 04 04   46.81
1970 04 05   56.30
1970 04 06   90.58
1970 04 07   74.34
1970 04 08   47.46
1970 04 09   74.13
1970 04 10   95.80
1970 04 11   97.86
1970 04 12   84.63
1970 04 13   58.78
1970 04 14   52.96
1970 04 15   70.03
1970 04 16   95.22
1970 04 17  107.60
1970 04 18  109.39
1970 04 19  126.09
1970 04 20  154.00
1970 04 21  155.01
1970 04 22  131.67
1970 04 23   73.08
1970 04 24    6.58
1970 04 25  -34.26
1970 04 26  -26.69
1970 04 27   -6.97
1970 04 28   -7.12
1970 04 29  -25.75
1970 04 30  -42.01
1970 05 01  -55.46
1970 05 02  -52.83
1970 05 03  -29.50
1970 05 04  -18.62
1970 05 05  -12.29
1970 05 06  -13.19
1970 05 07  -12.53
1970 05 08  -40.18
1970 05 09  -54.30
1970 05 10  -12.10
1970 05 11   18.84
1970 05 12  -21.62
1970 05 13  -56.92
1970 05 14  -39.81
1970 05 15   10.98
1970 05 16   46.92
1970 05 17   39.02
1970 05 18   25.48
1970 05 19   31.78
1970 05 20   25.51
1970 05 21   26.27
1970 05 22   50.42
1970 05 23   57.75
1970 05 24   42.59
1970 05 25   27.05
1970 05 26   29.60
1970 05 27   16.54
1970 05 28  -21.23
1970 05 29  -61.71
1970 05 30  -82.59
1970 05 31  -81.89
1970 06 01  -87.23
1970 06 02  -70.08
1970 06 03  -52.57
1970 06 04  -48.97
1970 06 05  -72.11
1970 06 06  -81.18
1970 06 07  -46.44
1970 06 08   -9.95
1970 06 09    2.30
1970 06 10   -3.21
1970 06 11  -25.43
1970 06 12  -27.32
1970 06 13  -15.49
1970 06 14  -16.88
1970 06 15  -25.80
1970 06 16  -24.27
1970 06 17   35.78
1970 06 18  107.05
1970 06 19   95.11
1970 06 20   68.41
1970 06 21   53.75
1970 06 22   63.38
1970 06 23   65.90
1970 06 24   75.63
1970 06 25   50.23
1970 06 26   24.38
1970 06 27    2.18
1970 06 28   -0.52
1970 06 29   32.12
1970 06 30   47.64
1970 07 01   35.02
1970 07 02   21.11
1970 07 03   -0.55
1970 07 04  -14.55
1970 07 05   -2.98
1970 07 06   18.49
1970 07 07   48.59
1970 07 08   63.61
1970 07 09   56.74
1970 07 10   70.39
1970 07 11   85.53
1970 07 12   82.74
1970 07 13   58.96
1970 07 14   40.06
1970 07 15   27.69
1970 07 16   31.33
1970 07 17   59.09
1970 07 18   89.38
1970 07 19   92.62
1970 07 20   86.40
1970 07 21   72.53
1970 07 22   73.69
1970 07 23   70.05
1970 07 24   67.11
1970 07 25   46.94
1970 07 26   44.58
1970 07 27   64.05
1970 07 28   86.98
1970 07 29  101.95
1970 07 30   94.17
1970 07 31   74.39
1970 08 01   66.27
1970 08 02   43.09
1970 08 03   20.86
1970 08 04   32.49
1970 08 05   41.85
1970 08 06   44.82
1970 08 07   59.71
1970 08 08   59.92
1970 08 09   55.64
1970 08 10   44.70
1970 08 11   20.11
1970 08 12   23.86
1970 08 13   45.79
1970 08 14   48.35
1970 08 15   48.22
1970 08 16   48.55
1970 08 17   43.44
1970 08 18   54.11
1970 08 19   61.04
1970 08 20   57.35
1970 08 21   47.17
1970 08 22    6.03
1970 08 23  -39.19
1970 08 24  -70.96
1970 08 25  -65.77
1970 08 26  -49.34
1970 08 27  -28.93
1970 08 28   12.29
1970 08 29   13.36
1970 08 30   18.39
1970 08 31   11.23
1970 09 01   -3.08
1970 09 02  -20.58
1970 09 03    8.56
1970 09 04   19.56
1970 09 05   -5.06
1970 09 06  -28.31
1970 09 07  -73.08
1970 09 08  -91.02
1970 09 09  -86.55
1970 09 10  -97.14
1970 09 11 -112.30
1970 09 12 -104.83
1970 09 13 -101.97
1970 09 14  -75.03
1970 09 15  -56.61
1970 09 16  -53.18
1970 09 17  -55.28
1970 09 18  -66.87
1970 09 19  -64.13
1970 09 20  -50.17
1970 09 21  -40.60
1970 09 22  -56.81
1970 09 23  -74.33
1970 09 24  -55.50
1970 09 25  -44.75
1970 09 26  -36.96
1970 09 27   -5.30
1970 09 28   54.79
1970 09 29   67.80
1970 09 30   43.13
1970 10 01   -1.49
1970 10 02  -29.25
1970 10 03  -27.15
1970 10 04  -53.67
1970 10 05  -78.84
1970 10 06  -46.24
1970 10 07   -9.66
1970 10 08    5.66
1970 10 09    8.90
1970 10 10    8.11
1970 10 11  -25.67
1970 10 12  -34.35
1970 10 13  -50.56
1970 10 14  -57.18
1970 10 15  -40.11
1970 10 16  -19.66
1970 10 17    9.21
1970 10 18   30.40
1970 10 19   25.75
1970 10 20   53.53
1970 10 21   95.89
1970 10 22  109.03
1970 10 23  115.60
1970 10 24  121.37
1970 10 25   99.06
1970 10 26   62.38
1970 10 27   53.62
1970 10 28  100.88
1970 10 29  127.96
1970 10 30   74.35
1970 10 31   28.98
1970 11 01   52.86
1970 11 02   77.86
1970 11 03   57.97
1970 11 04   14.17
1970 11 05   -5.08
1970 11 06  -12.04
1970 11 07    0.17
1970 11 08   34.79
1970 11 09   66.78
1970 11 10   59.20
1970 11 11   20.66
1970 11 12    6.08
1970 11 13   33.05
1970 11 14   31.64
1970 11 15    9.43
1970 11 16   44.10
1970 11 17   46.12
1970 11 18  -26.97
1970 11 19 -117.62
1970 11 20 -154.47
1970 11 21 -177.97
1970 11 22 -215.96
1970 11 23 -239.24
1970 11 24 -192.58
1970 11 25 -151.22
1970 11 26 -145.86
1970 11 27 -110.08
1970 11 28 -112.17
1970 11 29 -185.35
1970 11 30 -261.36
1970 12 01 -220.64
1970 12 02 -126.81
1970 12 03 -100.39
1970 12 04  -88.09
1970 12 05  -70.79
1970 12 06  -36.57
1970 12 07  -18.99
1970 12 08  -34.30
1970 12 09  -39.61
1970 12 10    5.17
1970 12 11   19.71
1970 12 12   22.68
1970 12 13   30.42
1970 12 14   24.90
1970 12 15    2.00
1970 12 16  -80.04
1970 12 17  -82.38
1970 12 18  -14.70
1970 12 19   21.86
1970 12 20   31.79
1970 12 21   82.47
1970 12 22   68.75
1970 12 23   76.92
1970 12 24  149.59
1970 12 25  177.67
1970 12 26  178.41
1970 12 27  210.30
1970 12 28  210.15
1970 12 29  233.47
1970 12 30  226.87
1970 12 31  192.89
1971 01 01  122.12
1971 01 02   42.98
1971 01 03   34.80
1971 01 04    7.46
1971 01 05  -17.14
1971 01 06  -33.76
1971 01 07  -42.68
1971 01 08  -19.85
1971 01 09   -6.07
1971 01 10  -59.80
1971 01 11 -130.18
1971 01 12 -150.25
1971 01 13 -127.73
1971 01 14 -152.89
1971 01 15 -198.49
1971 01 16 -185.96
1971 01 17 -125.00
1971 01 18  -25.75
1971 01 19   41.10
1971 01 20   37.67
1971 01 21   48.14
1971 01 22   21.87
1971 01 23  -51.78
1971 01 24 -113.70
1971 01 25 -156.49
1971 01 26 -162.54
1971 01 27 -169.59
1971 01 28 -172.19
1971 01 29 -207.97
1971 01 30 -220.87
1971 01 31 -191.21
1971 02 01 -157.87
1971 02 02 -200.51
1971 02 03 -216.59
1971 02 04 -174.28
1971 02 05 -159.06
1971 02 06 -125.33
1971 02 07 -103.27
1971 02 08  -67.27
1971 02 09  -58.35
1971 02 10  -88.83
1971 02 11 -122.86
1971 02 12 -150.67
1971 02 13 -119.62
1971 02 14  -68.45
1971 02 15  -12.56
1971 02 16   20.67
1971 02 17   26.03
1971 02 18  -18.58
1971 02 19  -11.21
1971 02 20   49.28
1971 02 21   85.68
1971 02 22  106.49
1971 02 23  154.01
1971 02 24  122.37
1971 02 25   54.87
1971 02 26   16.14
1971 02 27    0.67
1971 02 28   -7.64
1971 03 01    0.20
1971 03 02    9.83
1971 03 03  -12.01
1971 03 04  -63.01
1971 03 05  -58.73
1971 03 06    5.52
1971 03 07   81.43
1971 03 08  101.78
1971 03 09  120.31
1971 03 10  169.85
1971 03 11  197.79
1971 03 12  221.81
1971 03 13  246.59
1971 03 14  240.96
1971 03 15  220.78
1971 03 16  193.12
1971 03 17  169.69
1971 03 18   94.09
1971 03 19   -4.69
1971 03 20  -87.18
1971 03 21 -148.91
1971 03 22 -144.35
1971 03 23  -94.93
1971 03 24  -31.74
1971 03 25   45.27
1971 03 26   98.56
1971 03 27   85.08
1971 03 28   64.72
1971 03 29   48.49
1971 03 30   29.22
1971 03 31   37.25
1971 04 01   23.26
1971 04 02    1.44
1971 04 03   -0.65
1971 04 04   23.72
1971 04 05   64.30
1971 04 06   79.65
1971 04 07   22.36
1971 04 08   -6.74
1971 04 09   40.20
1971 04 10   81.29
1971 04 11  123.30
1971 04 12  154.87
1971 04 13  196.46
1971 04 14  200.71
1971 04 15  161.46
1971 04 16  146.00
1971 04 17  151.98
1971 04 18  148.36
1971 04 19  178.68
1971 04 20  186.83
1971 04 21  130.35
1971 04 22   48.06
1971 04 23  -35.37
1971 04 24  -80.36
1971 04 25 -101.66
1971 04 26 -113.00
1971 04 27 -116.13
1971 04 28 -107.82
1971 04 29  -66.48
1971 04 30  -30.82
1971 05 01    9.90
1971 05 02   28.02
1971 05 03   50.95
1971 05 04   58.73
1971 05 05   55.47
1971 05 06   71.02
1971 05 07   87.75
1971 05 08   57.03
1971 05 09   53.28
1971 05 10   73.31
1971 05 11   92.43
1971 05 12   95.92
1971 05 13  106.02
1971 05 14   92.70
1971 05 15   80.67
1971 05 16   71.61
1971 05 17   63.98
1971 05 18   59.04
1971 05 19   56.47
1971 05 20   81.03
1971 05 21  103.52
1971 05 22  119.23
1971 05 23  121.98
1971 05 24   97.51
1971 05 25   86.73
1971 05 26   71.19
1971 05 27   61.57
1971 05 28   61.39
1971 05 29   63.31
1971 05 30   75.31
1971 05 31   74.31
1971 06 01   85.32
1971 06 02   72.03
1971 06 03   46.32
1971 06 04   41.74
1971 06 05   59.72
1971 06 06   71.75
1971 06 07   67.12
1971 06 08   79.34
1971 06 09   87.33
1971 06 10   58.98
1971 06 11   43.00
1971 06 12   48.72
1971 06 13   39.51
1971 06 14   50.64
1971 06 15   57.23
1971 06 16   53.30
1971 06 17   31.10
1971 06 18   16.46
1971 06 19   -3.31
1971 06 20   -7.50
1971 06 21   -7.04
1971 06 22    1.93
1971 06 23   17.70
1971 06 24    8.74
1971 06 25  -10.40
1971 06 26  -22.25
1971 06 27  -50.49
1971 06 28  -77.24
1971 06 29  -91.98
1971 06 30  -84.65
1971 07 01  -58.54
1971 07 02  -36.71
1971 07 03  -29.66
1971 07 04  -32.92
1971 07 05  -21.73
1971 07 06  -23.21
1971 07 07  -39.57
1971 07 08  -58.42
1971 07 09  -58.90
1971 07 10  -53.88
1971 07 11  -37.81
1971 07 12  -21.46
1971 07 13  -19.58
1971 07 14  -30.65
1971 07 15  -24.64
1971 07 16  -16.59
1971 07 17  -27.25
1971 07 18  -18.15
1971 07 19    9.58
1971 07 20   27.33
1971 07 21   34.25
1971 07 22   36.37
1971 07 23   38.32
1971 07 24   35.38
1971 07 25   43.43
1971 07 26   44.99
1971 07 27   37.52
1971 07 28   41.54
1971 07 29   20.44
1971 07 30    1.85
1971 07 31    5.77
1971 08 01    0.71
1971 08 02   -4.05
1971 08 03  -10.61
1971 08 04  -20.71
1971 08 05   -8.08
1971 08 06   11.09
1971 08 07   12.93
1971 08 08   -1.11
1971 08 09  -18.33
1971 08 10  -52.19
1971 08 11  -59.58
1971 08 12  -33.94
1971 08 13   -0.46
1971 08 14   33.69
1971 08 15   64.77
1971 08 16   77.85
1971 08 17   72.63
1971 08 18   45.07
1971 08 19   24.46
1971 08 20   10.13
1971 08 21   13.71
1971 08 22   20.66
1971 08 23    0.86
1971 08 24  -15.19
1971 08 25  -17.37
1971 08 26  -18.92
1971 08 27   -6.33
1971 08 28   -5.36
1971 08 29  -20.23
1971 08 30  -16.44
1971 08 31   -1.23
1971 09 01    6.37
1971 09 02   43.51
1971 09 03   63.01
1971 09 04   63.92
1971 09 05   66.98
1971 09 06   91.27
1971 09 07  112.88
1971 09 08  120.81
1971 09 09   81.43
1971 09 10   38.82
1971 09 11    2.49
1971 09 12  -37.66
1971 09 13  -72.62
1971 09 14  -77.91
1971 09 15  -68.73
1971 09 16  -32.65
1971 09 17  -30.10
1971 09 18  -54.51
1971 09 19  -55.73
1971 09 20  -35.37
1971 09 21  -28.35
1971 09 22  -21.14
1971 09 23   -6.94
1971 09 24  -43.25
1971 09 25 -118.07
1971 09 26 -159.15
1971 09 27 -161.82
1971 09 28 -110.32
1971 09 29  -42.52
1971 09 30    6.43
1971 10 01   22.48
1971 10 02   17.80
1971 10 03    9.12
1971 10 04   13.18
1971 10 05    6.66
1971 10 06    7.63
1971 10 07   32.80
1971 10 08   66.09
1971 10 09   30.27
1971 10 10   -1.26
1971 10 11  -13.45
1971 10 12  -29.46
1971 10 13   -1.86
1971 10 14    4.91
1971 10 15   16.59
1971 10 16   46.61
1971 10 17   30.66
1971 10 18    6.46
1971 10 19    1.60
1971 10 20   21.73
1971 10 21   28.17
1971 10 22   51.40
1971 10 23   41.08
1971 10 24   27.94
1971 10 25   37.92
1971 10 26   32.54
1971 10 27    1.56
1971 10 28    3.02
1971 10 29   -5.04
1971 10 30  -32.81
1971 10 31  -62.47
1971 11 01  -73.76
1971 11 02  -34.23
1971 11 03  -17.14
1971 11 04    2.84
1971 11 05   16.11
1971 11 06   62.89
1971 11 07   65.42
1971 11 08  -11.66
1971 11 09    4.49
1971 11 10   70.09
1971 11 11  124.53
1971 11 12  152.85
1971 11 13  160.81
1971 11 14  139.20
1971 11 15  115.57
1971 11 16   89.48
1971 11 17   61.63
1971 11 18   91.31
1971 11 19  104.09
1971 11 20   77.51
1971 11 21   72.03
1971 11 22   31.87
1971 11 23   -3.19
1971 11 24  -27.90
1971 11 25  -88.93
1971 11 26 -129.36
1971 11 27 -109.55
1971 11 28  -79.75
1971 11 29  -52.11
1971 11 30  -53.40
1971 12 01  -18.74
1971 12 02   14.05
1971 12 03   12.39
1971 12 04  -14.00
1971 12 05  -18.11
1971 12 06  -34.06
1971 12 07  -42.23
1971 12 08   -4.36
1971 12 09  -11.89
1971 12 10   -3.06
1971 12 11  -10.95
1971 12 12    7.56
1971 12 13   62.17
1971 12 14   54.64
1971 12 15   80.91
1971 12 16   36.56
1971 12 17    0.66
1971 12 18  -47.17
1971 12 19 -142.99
1971 12 20 -207.85
1971 12 21 -187.08
1971 12 22 -144.13
1971 12 23 -116.85
1971 12 24  -87.60
1971 12 25    3.27
1971 12 26   84.29
1971 12 27  173.37
1971 12 28  278.41
1971 12 29  306.93
1971 12 30  260.40
1971 12 31  171.94
1972 01 01  109.51
1972 01 02   49.42
1972 01 03  128.76
1972 01 04  195.36
1972 01 05  200.70
1972 01 06  174.27
1972 01 07  179.11
1972 01 08  194.58
1972 01 09  138.81
1972 01 10   68.16
1972 01 11  -14.92
1972 01 12  -72.74
1972 01 13  -74.14
1972 01 14  -19.83
1972 01 15   27.22
1972 01 16   19.58
1972 01 17   -8.54
1972 01 18    2.78
1972 01 19   12.70
1972 01 20   22.03
1972 01 21   29.57
1972 01 22   11.51
1972 01 23   -1.16
1972 01 24  -12.63
1972 01 25    6.37
1972 01 26   46.14
1972 01 27   83.56
1972 01 28   95.65
1972 01 29   63.11
1972 01 30  -10.45
1972 01 31  -91.05
1972 02 01 -134.94
1972 02 02 -133.63
1972 02 03 -152.77
1972 02 04 -130.69
1972 02 05  -88.70
1972 02 06  -58.16
1972 02 07  -35.55
1972 02 08  -12.58
1972 02 09   22.10
1972 02 10   21.08
1972 02 11   16.23
1972 02 12   22.71
1972 02 13   34.13
1972 02 14   41.12
1972 02 15   41.23
1972 02 16   16.24
1972 02 17  -18.78
1972 02 18  -35.77
1972 02 19  -83.30
1972 02 20 -149.67
1972 02 21 -187.50
1972 02 22 -211.41
1972 02 23 -232.10
1972 02 24 -261.03
1972 02 25 -297.55
1972 02 26 -316.34
1972 02 27 -307.64
1972 02 28 -283.51
1972 02 29 -202.10
1972 03 01 -146.09
1972 03 02 -113.65
1972 03 03 -100.12
1972 03 04 -108.76
1972 03 05 -120.64
1972 03 06 -165.82
1972 03 07 -223.15
1972 03 08 -251.12
1972 03 09 -243.77
1972 03 10 -225.30
1972 03 11 -188.63
1972 03 12 -144.26
1972 03 13  -82.00
1972 03 14  -57.86
1972 03 15  -54.37
1972 03 16  -22.98
1972 03 17   -0.53
1972 03 18   20.62
1972 03 19   71.09
1972 03 20   85.27
1972 03 21   68.41
1972 03 22   68.02
1972 03 23   64.02
1972 03 24   64.10
1972 03 25   46.35
1972 03 26  -12.64
1972 03 27  -57.46
1972 03 28  -89.12
1972 03 29 -120.03
1972 03 30 -117.93
1972 03 31  -67.71
1972 04 01  -55.87
1972 04 02  -71.33
1972 04 03  -87.70
1972 04 04 -112.52
1972 04 05  -95.66
1972 04 06  -62.79
1972 04 07  -41.56
1972 04 08   -9.51
1972 04 09   15.70
1972 04 10   24.76
1972 04 11   75.52
1972 04 12   94.05
1972 04 13   63.12
1972 04 14   14.53
1972 04 15  -30.90
1972 04 16  -53.89
1972 04 17  -56.11
1972 04 18  -39.95
1972 04 19  -10.29
1972 04 20   15.43
1972 04 21   35.71
1972 04 22   38.64
1972 04 23   47.36
1972 04 24   70.30
1972 04 25   70.21
1972 04 26   50.43
1972 04 27   31.49
1972 04 28   36.74
1972 04 29   50.30
1972 04 30   64.70
1972 05 01   72.75
1972 05 02   43.51
1972 05 03   20.49
1972 05 04   27.03
1972 05 05   42.09
1972 05 06   27.03
1972 05 07   16.27
1972 05 08  -27.52
1972 05 09  -69.78
1972 05 10  -73.60
1972 05 11  -47.98
1972 05 12  -52.86
1972 05 13  -54.96
1972 05 14  -81.90
1972 05 15 -119.59
1972 05 16 -123.03
1972 05 17  -63.56
1972 05 18    9.61
1972 05 19   71.31
1972 05 20   78.62
1972 05 21   85.81
1972 05 22  107.61
1972 05 23  116.67
1972 05 24   91.11
1972 05 25   64.16
1972 05 26   45.36
1972 05 27   54.89
1972 05 28   54.29
1972 05 29   33.74
1972 05 30    7.68
1972 05 31  -16.75
1972 06 01  -19.75
1972 06 02  -23.51
1972 06 03  -30.18
1972 06 04  -14.68
1972 06 05    6.80
1972 06 06   26.61
1972 06 07   70.14
1972 06 08   95.22
1972 06 09  122.51
1972 06 10   85.14
1972 06 11   56.41
1972 06 12   51.49
1972 06 13   43.23
1972 06 14   69.32
1972 06 15  108.12
1972 06 16   99.30
1972 06 17   70.96
1972 06 18   44.70
1972 06 19   37.51
1972 06 20   29.07
1972 06 21   26.11
1972 06 22   29.22
1972 06 23   39.22
1972 06 24   58.08
1972 06 25   67.29
1972 06 26   69.20
1972 06 27   56.96
1972 06 28   24.99
1972 06 29  -10.95
1972 06 30  -36.86
1972 07 01  -68.99
1972 07 02  -72.45
1972 07 03  -60.92
1972 07 04  -38.35
1972 07 05  -10.25
1972 07 06    4.26
1972 07 07   13.00
1972 07 08   10.12
1972 07 09   11.85
1972 07 10   29.61
1972 07 11   45.26
1972 07 12   60.98
1972 07 13   62.95
1972 07 14   35.95
1972 07 15   -1.57
1972 07 16  -19.86
1972 07 17  -37.78
1972 07 18  -40.48
1972 07 19  -54.31
1972 07 20  -79.23
1972 07 21  -90.13
1972 07 22  -88.75
1972 07 23 -101.43
1972 07 24 -100.68
1972 07 25  -99.92
1972 07 26  -85.10
1972 07 27  -37.59
1972 07 28    0.18
1972 07 29   18.03
1972 07 30   12.24
1972 07 31    0.81
1972 08 01   -5.58
1972 08 02   -5.41
1972 08 03  -12.79
1972 08 04  -16.89
1972 08 05   -1.44
1972 08 06    7.08
1972 08 07  -15.58
1972 08 08  -30.19
1972 08 09  -41.58
1972 08 10  -47.38
1972 08 11  -28.74
1972 08 12   16.69
1972 08 13   52.19
1972 08 14   82.56
1972 08 15   86.23
1972 08 16   67.64
1972 08 17   46.14
1972 08 18   61.77
1972 08 19   94.25
1972 08 20  103.09
1972 08 21   91.03
1972 08 22   76.94
1972 08 23   81.91
1972 08 24   53.91
1972 08 25    7.24
1972 08 26  -23.36
1972 08 27  -35.19
1972 08 28  -23.49
1972 08 29  -38.97
1972 08 30  -76.52
1972 08 31  -85.14
1972 09 01  -62.70
1972 09 02  -17.51
1972 09 03   23.55
1972 09 04   29.75
1972 09 05   20.61
1972 09 06   13.94
1972 09 07    7.81
1972 09 08   19.02
1972 09 09   16.60
1972 09 10  -13.23
1972 09 11  -36.82
1972 09 12  -41.07
1972 09 13  -37.35
1972 09 14  -46.54
1972 09 15  -85.84
1972 09 16 -158.08
1972 09 17 -192.47
1972 09 18 -170.92
1972 09 19 -115.60
1972 09 20 -104.57
1972 09 21 -105.26
1972 09 22 -122.22
1972 09 23 -134.89
1972 09 24 -154.61
1972 09 25 -174.39
1972 09 26 -187.15
1972 09 27 -158.20
1972 09 28  -85.50
1972 09 29  -13.69
1972 09 30   20.47
1972 10 01   40.42
1972 10 02   65.49
1972 10 03   35.66
1972 10 04    7.90
1972 10 05   12.22
1972 10 06   -3.57
1972 10 07  -20.89
1972 10 08  -11.88
1972 10 09   -7.73
1972 10 10  -26.57
1972 10 11  -38.80
1972 10 12 -100.98
1972 10 13 -166.58
1972 10 14 -157.20
1972 10 15 -102.70
1972 10 16  -62.14
1972 10 17  -45.37
1972 10 18  -26.23
1972 10 19  -37.33
1972 10 20  -31.43
1972 10 21  -19.34
1972 10 22  -53.19
1972 10 23  -58.32
1972 10 24    2.39
1972 10 25   56.62
1972 10 26   47.59
1972 10 27   54.97
1972 10 28   66.99
1972 10 29   49.86
1972 10 30   17.86
1972 10 31   56.55
1972 11 01   70.91
1972 11 02   95.23
1972 11 03  101.81
1972 11 04  120.45
1972 11 05  110.91
1972 11 06  125.16
1972 11 07  122.17
1972 11 08  103.96
1972 11 09   77.14
1972 11 10   54.43
1972 11 11   37.62
1972 11 12   66.64
1972 11 13   94.57
1972 11 14  104.28
1972 11 15  111.35
1972 11 16  111.38
1972 11 17   62.75
1972 11 18    1.78
1972 11 19  -34.40
1972 11 20  -37.96
1972 11 21  -11.67
1972 11 22   32.06
1972 11 23   61.86
1972 11 24   63.17
1972 11 25   64.54
1972 11 26   52.78
1972 11 27   20.15
1972 11 28   17.75
1972 11 29  -31.18
1972 11 30 -109.89
1972 12 01 -200.09
1972 12 02 -205.62
1972 12 03 -194.85
1972 12 04 -184.24
1972 12 05 -179.07
1972 12 06 -147.69
1972 12 07 -123.59
1972 12 08 -133.62
1972 12 09 -124.69
1972 12 10 -118.28
1972 12 11 -107.20
1972 12 12 -169.71
1972 12 13 -268.03
1972 12 14 -281.74
1972 12 15 -225.78
1972 12 16 -177.92
1972 12 17 -124.35
1972 12 18  -81.78
1972 12 19  -35.58
1972 12 20   -1.81
1972 12 21   31.59
1972 12 22   61.13
1972 12 23   67.47
1972 12 24   74.84
1972 12 25  105.02
1972 12 26  106.84
1972 12 27   80.34
1972 12 28   94.82
1972 12 29  109.63
1972 12 30   64.05
1972 12 31   72.48
1973 01 01   62.98
1973 01 02    2.67
1973 01 03   32.49
1973 01 04  115.09
1973 01 05  179.62
1973 01 06  149.87
1973 01 07   87.65
1973 01 08   37.60
1973 01 09  -41.56
1973 01 10  -87.70
1973 01 11  -77.63
1973 01 12  -31.08
1973 01 13   29.41
1973 01 14   65.27
1973 01 15   86.07
1973 01 16  103.51
1973 01 17   89.91
1973 01 18   68.92
1973 01 19   83.00
1973 01 20   76.14
1973 01 21  120.80
1973 01 22  163.87
1973 01 23  208.01
1973 01 24  235.89
1973 01 25  225.25
1973 01 26  183.41
1973 01 27  157.40
1973 01 28  182.94
1973 01 29  244.31
1973 01 30  262.75
1973 01 31  261.66
1973 02 01  247.35
1973 02 02  202.33
1973 02 03  119.68
1973 02 04   71.22
1973 02 05   36.31
1973 02 06    9.54
1973 02 07   -8.75
1973 02 08  -19.39
1973 02 09    0.37
1973 02 10   21.42
1973 02 11   13.46
1973 02 12  -31.34
1973 02 13  -31.79
1973 02 14  -25.00
1973 02 15   -0.29
1973 02 16    1.60
1973 02 17    2.45
1973 02 18   16.80
1973 02 19   72.31
1973 02 20  124.68
1973 02 21  106.24
1973 02 22  114.90
1973 02 23   58.25
1973 02 24  -22.30
1973 02 25  -69.77
1973 02 26  -35.36
1973 02 27    8.43
1973 02 28    3.55
1973 03 01  -39.36
1973 03 02  -34.65
1973 03 03   21.66
1973 03 04   51.69
1973 03 05   43.40
1973 03 06   32.96
1973 03 07   35.33
1973 03 08   79.17
1973 03 09  100.61
1973 03 10   61.07
1973 03 11   90.84
1973 03 12   82.99
1973 03 13   70.80
1973 03 14   45.08
1973 03 15   30.58
1973 03 16   26.51
1973 03 17   13.76
1973 03 18    3.54
1973 03 19   73.79
1973 03 20  107.43
1973 03 21  102.89
1973 03 22   64.26
1973 03 23   23.53
1973 03 24   -1.66
1973 03 25   -9.28
1973 03 26   -6.56
1973 03 27   16.25
1973 03 28   73.90
1973 03 29  118.51
1973 03 30  126.62
1973 03 31  114.70
1973 04 01  108.89
1973 04 02   76.43
1973 04 03   84.43
1973 04 04  120.50
1973 04 05   82.42
1973 04 06   75.85
1973 04 07  109.83
1973 04 08  116.39
1973 04 09   83.57
1973 04 10   58.21
1973 04 11   43.35
1973 04 12   34.73
1973 04 13   48.45
1973 04 14   68.03
1973 04 15   71.35
1973 04 16   65.50
1973 04 17   62.68
1973 04 18   42.18
1973 04 19   37.86
1973 04 20   23.45
1973 04 21   -4.74
1973 04 22  -52.61
1973 04 23  -56.38
1973 04 24  -72.01
1973 04 25  -84.41
1973 04 26  -50.91
1973 04 27  -25.74
1973 04 28  -18.54
1973 04 29   20.38
1973 04 30   48.10
1973 05 01   70.42
1973 05 02   78.45
1973 05 03   81.78
1973 05 04  106.03
1973 05 05  135.05
1973 05 06  143.29
1973 05 07  113.05
1973 05 08   92.67
1973 05 09   61.91
1973 05 10    1.26
1973 05 11  -39.29
1973 05 12  -21.86
1973 05 13   35.09
1973 05 14   33.91
1973 05 15   35.20
1973 05 16   76.55
1973 05 17   90.56
1973 05 18   75.73
1973 05 19   79.77
1973 05 20   99.72
1973 05 21  106.78
1973 05 22  120.19
1973 05 23  124.25
1973 05 24  124.74
1973 05 25  114.01
1973 05 26   62.42
1973 05 27   26.98
1973 05 28   13.22
1973 05 29    3.61
1973 05 30    5.10
1973 05 31   25.58
1973 06 01   46.73
1973 06 02   56.26
1973 06 03   66.94
1973 06 04   70.93
1973 06 05   68.62
1973 06 06   60.12
1973 06 07   48.98
1973 06 08   36.06
1973 06 09   22.04
1973 06 10   14.86
1973 06 11   11.41
1973 06 12   13.93
1973 06 13   31.08
1973 06 14   33.36
1973 06 15   15.23
1973 06 16  -11.54
1973 06 17  -25.47
1973 06 18  -30.94
1973 06 19  -16.96
1973 06 20    5.11
1973 06 21   16.54
1973 06 22   10.21
1973 06 23    2.09
1973 06 24  -13.28
1973 06 25    5.06
1973 06 26   -9.76
1973 06 27  -22.33
1973 06 28  -29.40
1973 06 29   -5.37
1973 06 30   28.44
1973 07 01   26.20
1973 07 02   12.33
1973 07 03   11.70
1973 07 04    6.41
1973 07 05    0.09
1973 07 06  -10.08
1973 07 07  -23.20
1973 07 08  -30.14
1973 07 09  -21.51
1973 07 10   -0.82
1973 07 11   -8.36
1973 07 12  -23.66
1973 07 13  -37.03
1973 07 14  -41.66
1973 07 15  -51.15
1973 07 16  -80.07
1973 07 17  -82.26
1973 07 18  -65.67
1973 07 19  -30.20
1973 07 20   -6.33
1973 07 21    2.26
1973 07 22    1.29
1973 07 23   27.62
1973 07 24   50.21
1973 07 25   67.08
1973 07 26   86.58
1973 07 27   91.40
1973 07 28   96.89
1973 07 29   98.34
1973 07 30   94.05
1973 07 31   86.15
1973 08 01   69.04
1973 08 02   58.13
1973 08 03   47.83
1973 08 04   29.54
1973 08 05   16.31
1973 08 06    9.18
1973 08 07  -16.27
1973 08 08  -33.18
1973 08 09  -42.51
1973 08 10  -41.29
1973 08 11  -29.78
1973 08 12  -22.21
1973 08 13   -7.50
1973 08 14  -16.85
1973 08 15  -15.34
1973 08 16   -8.21
1973 08 17    0.80
1973 08 18   -4.29
1973 08 19    8.90
1973 08 20   36.73
1973 08 21   54.38
1973 08 22   54.78
1973 08 23   69.35
1973 08 24   75.24
1973 08 25   63.27
1973 08 26   47.91
1973 08 27   52.09
1973 08 28   71.61
1973 08 29   72.35
1973 08 30   78.40
1973 08 31  101.57
1973 09 01  111.75
1973 09 02  123.45
1973 09 03  114.18
1973 09 04   90.09
1973 09 05   85.79
1973 09 06  109.39
1973 09 07  107.64
1973 09 08   74.79
1973 09 09   55.04
1973 09 10   55.33
1973 09 11   31.39
1973 09 12   36.90
1973 09 13   46.63
1973 09 14   53.55
1973 09 15   37.27
1973 09 16   29.58
1973 09 17   20.47
1973 09 18    1.26
1973 09 19  -21.68
1973 09 20  -36.20
1973 09 21  -48.66
1973 09 22  -52.65
1973 09 23  -62.80
1973 09 24  -65.14
1973 09 25  -60.51
1973 09 26  -29.45
1973 09 27   -7.13
1973 09 28    6.10
1973 09 29   22.62
1973 09 30   24.29
1973 10 01  -21.81
1973 10 02  -77.90
1973 10 03  -88.54
1973 10 04  -69.19
1973 10 05  -37.48
1973 10 06    5.17
1973 10 07   24.92
1973 10 08   64.51
1973 10 09  103.76
1973 10 10   83.18
1973 10 11   46.21
1973 10 12   -4.23
1973 10 13  -58.87
1973 10 14 -104.93
1973 10 15 -118.73
1973 10 16  -82.30
1973 10 17  -69.14
1973 10 18  -71.43
1973 10 19  -85.10
1973 10 20  -69.82
1973 10 21  -24.05
1973 10 22   41.44
1973 10 23   81.13
1973 10 24   83.68
1973 10 25   75.42
1973 10 26   61.53
1973 10 27   72.50
1973 10 28   64.84
1973 10 29   32.78
1973 10 30  -13.54
1973 10 31  -85.04
1973 11 01 -120.31
1973 11 02  -91.91
1973 11 03  -42.31
1973 11 04  -36.18
1973 11 05  -83.48
1973 11 06 -123.61
1973 11 07 -149.15
1973 11 08 -177.07
1973 11 09 -166.49
1973 11 10 -119.90
1973 11 11 -115.35
1973 11 12 -103.85
1973 11 13  -30.15
1973 11 14   28.65
1973 11 15   32.27
1973 11 16   17.05
1973 11 17  -30.92
1973 11 18  -65.13
1973 11 19  -46.20
1973 11 20  -24.27
1973 11 21    5.87
1973 11 22   70.25
1973 11 23   84.77
1973 11 24  103.11
1973 11 25   11.37
1973 11 26  -63.84
1973 11 27 -119.28
1973 11 28 -163.23
1973 11 29 -162.15
1973 11 30  -79.16
1973 12 01  -21.44
1973 12 02   11.48
1973 12 03    6.55
1973 12 04  -10.75
1973 12 05  -25.76
1973 12 06    7.96
1973 12 07    3.42
1973 12 08   26.27
1973 12 09   69.80
1973 12 10   67.30
1973 12 11   54.33
1973 12 12   18.30
1973 12 13  -23.21
1973 12 14  -26.09
1973 12 15    4.15
1973 12 16    9.84
1973 12 17    4.69
1973 12 18    5.28
1973 12 19   -4.19
1973 12 20   -9.90
1973 12 21   -2.61
1973 12 22  -42.10
1973 12 23  -23.59
1973 12 24   59.14
1973 12 25  101.05
1973 12 26  144.24
1973 12 27  180.71
1973 12 28  182.43
1973 12 29  159.72
1973 12 30  123.07
1973 12 31    8.71
1974 01 01 -122.73
1974 01 02 -195.06
1974 01 03 -177.98
1974 01 04 -134.23
1974 01 05 -166.67
1974 01 06 -252.56
1974 01 07 -295.60
1974 01 08 -331.89
1974 01 09 -333.44
1974 01 10 -323.21
1974 01 11 -326.26
1974 01 12 -325.87
1974 01 13 -335.46
1974 01 14 -316.16
1974 01 15 -234.16
1974 01 16 -150.46
1974 01 17 -110.36
1974 01 18  -78.51
1974 01 19  -62.55
1974 01 20  -95.97
1974 01 21  -85.54
1974 01 22  -54.14
1974 01 23  -36.80
1974 01 24  -46.97
1974 01 25 -108.73
1974 01 26 -129.69
1974 01 27 -168.65
1974 01 28 -198.06
1974 01 29 -188.93
1974 01 30 -132.58
1974 01 31  -56.99
1974 02 01   -2.41
1974 02 02   24.87
1974 02 03   19.58
1974 02 04   10.08
1974 02 05    2.45
1974 02 06   -8.73
1974 02 07   10.14
1974 02 08   28.74
1974 02 09   13.77
1974 02 10  -10.03
1974 02 11   -6.51
1974 02 12   50.46
1974 02 13   81.61
1974 02 14   78.57
1974 02 15   49.17
1974 02 16   59.02
1974 02 17   72.31
1974 02 18   57.42
1974 02 19   29.64
1974 02 20  -22.10
1974 02 21  -36.53
1974 02 22  -53.57
1974 02 23  -43.85
1974 02 24    7.29
1974 02 25   50.32
1974 02 26   67.77
1974 02 27   56.11
1974 02 28   28.86
1974 03 01   49.14
1974 03 02   91.33
1974 03 03  107.93
1974 03 04  116.91
1974 03 05   84.79
1974 03 06   34.12
1974 03 07   18.81
1974 03 08   31.93
1974 03 09   25.05
1974 03 10    8.14
1974 03 11  -35.35
1974 03 12 -100.44
1974 03 13 -116.55
1974 03 14 -122.30
1974 03 15 -111.67
1974 03 16  -99.59
1974 03 17 -100.67
1974 03 18 -125.30
1974 03 19 -126.34
1974 03 20 -124.71
1974 03 21 -139.01
1974 03 22 -194.93
1974 03 23 -240.13
1974 03 24 -249.31
1974 03 25 -211.09
1974 03 26 -165.87
1974 03 27 -131.43
1974 03 28 -111.26
1974 03 29 -100.43
1974 03 30  -61.31
1974 03 31  -17.80
1974 04 01   -4.49
1974 04 02    3.51
1974 04 03   41.64
1974 04 04   63.99
1974 04 05   38.46
1974 04 06    0.17
1974 04 07    7.66
1974 04 08   35.00
1974 04 09   55.63
1974 04 10   53.62
1974 04 11   22.37
1974 04 12    5.54
1974 04 13   38.25
1974 04 14   65.18
1974 04 15   69.99
1974 04 16   70.20
1974 04 17   81.79
1974 04 18   89.45
1974 04 19   79.04
1974 04 20   50.00
1974 04 21   10.38
1974 04 22   27.72
1974 04 23   88.32
1974 04 24  117.87
1974 04 25   89.58
1974 04 26   45.84
1974 04 27    3.38
1974 04 28  -24.83
1974 04 29  -56.32
1974 04 30  -42.24
1974 05 01   -8.81
1974 05 02    1.62
1974 05 03   16.84
1974 05 04   62.41
1974 05 05   97.53
1974 05 06  114.08
1974 05 07  171.01
1974 05 08  182.90
1974 05 09  147.52
1974 05 10  112.74
1974 05 11  118.17
1974 05 12  128.92
1974 05 13  103.58
1974 05 14   64.42
1974 05 15    3.45
1974 05 16  -27.20
1974 05 17  -19.42
1974 05 18  -25.19
1974 05 19  -14.49
1974 05 20  -19.55
1974 05 21  -32.14
1974 05 22  -35.38
1974 05 23  -29.14
1974 05 24  -14.09
1974 05 25   12.49
1974 05 26   30.92
1974 05 27    9.39
1974 05 28  -18.30
1974 05 29  -10.37
1974 05 30  -12.23
1974 05 31  -38.79
1974 06 01  -53.59
1974 06 02  -18.17
1974 06 03   18.45
1974 06 04   54.46
1974 06 05   66.85
1974 06 06   28.15
1974 06 07   -0.21
1974 06 08  -31.08
1974 06 09  -53.40
1974 06 10  -67.34
1974 06 11  -63.82
1974 06 12  -34.93
1974 06 13  -12.73
1974 06 14   11.77
1974 06 15   40.36
1974 06 16   26.25
1974 06 17  -35.25
1974 06 18  -91.32
1974 06 19  -90.40
1974 06 20  -77.40
1974 06 21  -80.67
1974 06 22  -83.34
1974 06 23  -56.26
1974 06 24  -48.50
1974 06 25  -50.32
1974 06 26  -22.48
1974 06 27  -15.11
1974 06 28  -29.87
1974 06 29  -55.34
1974 06 30  -68.51
1974 07 01  -61.22
1974 07 02  -48.42
1974 07 03  -44.28
1974 07 04  -36.95
1974 07 05  -16.36
1974 07 06    4.09
1974 07 07   -4.61
1974 07 08   -8.47
1974 07 09   -6.80
1974 07 10  -11.48
1974 07 11  -31.03
1974 07 12  -48.60
1974 07 13  -19.54
1974 07 14    9.36
1974 07 15   25.89
1974 07 16   24.35
1974 07 17   30.13
1974 07 18   37.44
1974 07 19   37.82
1974 07 20   22.33
1974 07 21   10.43
1974 07 22   11.62
1974 07 23    7.89
1974 07 24   -4.87
1974 07 25  -22.76
1974 07 26  -25.57
1974 07 27   -0.24
1974 07 28   27.12
1974 07 29   27.17
1974 07 30    1.31
1974 07 31  -19.52
1974 08 01  -16.00
1974 08 02  -18.50
1974 08 03  -14.26
1974 08 04  -23.06
1974 08 05  -40.98
1974 08 06  -45.90
1974 08 07  -53.68
1974 08 08  -66.43
1974 08 09  -86.49
1974 08 10  -92.93
1974 08 11  -80.71
1974 08 12  -55.46
1974 08 13  -27.26
1974 08 14  -14.37
1974 08 15  -18.17
1974 08 16  -26.29
1974 08 17  -49.16
1974 08 18  -57.41
1974 08 19  -46.40
1974 08 20  -36.52
1974 08 21  -34.41
1974 08 22  -10.03
1974 08 23   32.45
1974 08 24   49.96
1974 08 25   34.61
1974 08 26   17.82
1974 08 27   36.43
1974 08 28   28.19
1974 08 29   33.96
1974 08 30   47.12
1974 08 31    6.62
1974 09 01  -39.12
1974 09 02  -46.17
1974 09 03  -28.61
1974 09 04  -12.85
1974 09 05   10.62
1974 09 06   12.41
1974 09 07    2.60
1974 09 08   -4.10
1974 09 09   -6.73
1974 09 10  -20.91
1974 09 11   -4.62
1974 09 12   13.97
1974 09 13    5.18
1974 09 14  -23.96
1974 09 15  -39.72
1974 09 16  -45.57
1974 09 17  -60.31
1974 09 18  -60.82
1974 09 19  -92.87
1974 09 20 -113.21
1974 09 21 -126.16
1974 09 22 -119.11
1974 09 23  -80.05
1974 09 24  -22.17
1974 09 25  -46.54
1974 09 26  -69.64
1974 09 27 -123.77
1974 09 28 -179.86
1974 09 29 -196.87
1974 09 30 -182.93
1974 10 01 -128.71
1974 10 02  -73.27
1974 10 03  -40.26
1974 10 04  -39.02
1974 10 05  -45.13
1974 10 06  -23.15
1974 10 07  -11.54
1974 10 08    4.68
1974 10 09  -13.37
1974 10 10  -28.17
1974 10 11   -1.16
1974 10 12    5.73
1974 10 13  -30.45
1974 10 14  -18.83
1974 10 15    2.57
1974 10 16  -28.29
1974 10 17  -64.28
1974 10 18  -72.57
1974 10 19  -37.36
1974 10 20   16.18
1974 10 21   30.98
1974 10 22   59.25
1974 10 23   42.13
1974 10 24   55.74
1974 10 25   69.15
1974 10 26   59.85
1974 10 27   37.51
1974 10 28   -0.36
1974 10 29    8.92
1974 10 30   37.13
1974 10 31   47.99
1974 11 01   53.12
1974 11 02   71.42
1974 11 03   98.84
1974 11 04   75.54
1974 11 05   50.09
1974 11 06   60.60
1974 11 07   95.67
1974 11 08   94.29
1974 11 09   73.12
1974 11 10   42.05
1974 11 11   54.20
1974 11 12  150.77
1974 11 13  166.96
1974 11 14  181.64
1974 11 15  203.83
1974 11 16  205.57
1974 11 17  162.07
1974 11 18  116.21
1974 11 19  101.15
1974 11 20  115.79
1974 11 21   82.22
1974 11 22   34.20
1974 11 23   48.72
1974 11 24   98.41
1974 11 25   91.79
1974 11 26   51.53
1974 11 27   16.71
1974 11 28    1.78
1974 11 29  -31.98
1974 11 30 -124.51
1974 12 01 -201.60
1974 12 02 -168.76
1974 12 03  -86.70
1974 12 04  -46.58
1974 12 05  -22.74
1974 12 06  -27.23
1974 12 07    0.29
1974 12 08   35.59
1974 12 09   44.69
1974 12 10   52.23
1974 12 11   58.09
1974 12 12   50.39
1974 12 13   49.20
1974 12 14   37.17
1974 12 15   17.22
1974 12 16   33.13
1974 12 17   58.14
1974 12 18   81.46
1974 12 19   59.04
1974 12 20   36.43
1974 12 21   40.01
1974 12 22   40.58
1974 12 23   50.16
1974 12 24   92.89
1974 12 25  134.07
1974 12 26  176.22
1974 12 27  176.47
1974 12 28  174.51
1974 12 29  168.19
1974 12 30  146.90
1974 12 31  165.43
1975 01 01  169.24
1975 01 02  130.28
1975 01 03  122.44
1975 01 04  112.32
1975 01 05   99.52
1975 01 06   91.90
1975 01 07   83.60
1975 01 08   56.93
1975 01 09   35.27
1975 01 10  -29.83
1975 01 11  -59.05
1975 01 12  -37.97
1975 01 13  -36.40
1975 01 14  -49.37
1975 01 15  -66.31
1975 01 16  -49.26
1975 01 17  -45.04
1975 01 18  -22.39
1975 01 19   28.36
1975 01 20   18.86
1975 01 21   41.93
1975 01 22   89.86
1975 01 23  113.41
1975 01 24  120.18
1975 01 25  128.48
1975 01 26  129.18
1975 01 27   82.34
1975 01 28   38.68
1975 01 29   -3.03
1975 01 30  -10.62
1975 01 31    2.63
1975 02 01  -12.98
1975 02 02    8.07
1975 02 03  -10.38
1975 02 04  -16.26
1975 02 05  -11.07
1975 02 06  -51.33
1975 02 07 -101.82
1975 02 08 -140.50
1975 02 09 -135.65
1975 02 10 -103.02
1975 02 11  -94.86
1975 02 12  -67.31
1975 02 13  -21.36
1975 02 14  -42.94
1975 02 15  -82.52
1975 02 16  -51.71
1975 02 17   44.58
1975 02 18  103.73
1975 02 19  127.47
1975 02 20   98.69
1975 02 21   72.44
1975 02 22   80.86
1975 02 23  101.68
1975 02 24   95.71
1975 02 25   70.60
1975 02 26   90.10
1975 02 27   76.27
1975 02 28   41.98
1975 03 01    2.86
1975 03 02   21.04
1975 03 03  100.05
1975 03 04  126.29
1975 03 05   57.14
1975 03 06   22.34
1975 03 07   25.40
1975 03 08   28.13
1975 03 09   73.30
1975 03 10  126.18
1975 03 11  154.97
1975 03 12  157.15
1975 03 13  134.73
1975 03 14  100.21
1975 03 15   86.96
1975 03 16  101.77
1975 03 17   90.51
1975 03 18   71.87
1975 03 19   83.79
1975 03 20   78.54
1975 03 21   27.95
1975 03 22   -6.34
1975 03 23  -51.91
1975 03 24 -111.91
1975 03 25 -165.14
1975 03 26 -160.41
1975 03 27 -127.41
1975 03 28  -86.93
1975 03 29  -24.19
1975 03 30  -22.28
1975 03 31  -42.65
1975 04 01  -39.50
1975 04 02  -33.09
1975 04 03  -10.22
1975 04 04  -13.05
1975 04 05  -11.05
1975 04 06  -14.10
1975 04 07  -64.30
1975 04 08 -112.63
1975 04 09 -116.73
1975 04 10  -90.44
1975 04 11  -66.81
1975 04 12  -58.26
1975 04 13  -40.14
1975 04 14  -39.25
1975 04 15  -37.63
1975 04 16  -29.44
1975 04 17    2.86
1975 04 18   42.69
1975 04 19   60.29
1975 04 20   69.93
1975 04 21   75.77
1975 04 22   91.99
1975 04 23   91.73
1975 04 24   93.66
1975 04 25  121.80
1975 04 26   99.14
1975 04 27   64.27
1975 04 28   50.39
1975 04 29   37.89
1975 04 30   38.07
1975 05 01   52.40
1975 05 02   71.32
1975 05 03   98.50
1975 05 04  131.49
1975 05 05  130.44
1975 05 06  114.58
1975 05 07   76.24
1975 05 08   53.71
1975 05 09   55.89
1975 05 10   16.52
1975 05 11  -26.70
1975 05 12   -5.10
1975 05 13   48.02
1975 05 14   30.68
1975 05 15  -15.69
1975 05 16  -31.35
1975 05 17  -47.29
1975 05 18  -66.51
1975 05 19  -56.33
1975 05 20   -7.02
1975 05 21   32.36
1975 05 22   61.64
1975 05 23   64.25
1975 05 24   46.02
1975 05 25   22.33
1975 05 26   11.34
1975 05 27   16.29
1975 05 28   10.42
1975 05 29  -14.64
1975 05 30  -33.93
1975 05 31  -46.72
1975 06 01  -49.37
1975 06 02  -18.52
1975 06 03   27.75
1975 06 04   56.68
1975 06 05   51.50
1975 06 06   28.44
1975 06 07    9.83
1975 06 08    7.84
1975 06 09   15.06
1975 06 10   24.50
1975 06 11   26.74
1975 06 12   42.70
1975 06 13   51.77
1975 06 14   34.23
1975 06 15   23.24
1975 06 16   20.94
1975 06 17    7.08
1975 06 18    8.60
1975 06 19   24.05
1975 06 20   18.28
1975 06 21    8.85
1975 06 22    0.15
1975 06 23  -16.47
1975 06 24  -33.54
1975 06 25  -55.58
1975 06 26  -64.79
1975 06 27  -51.40
1975 06 28  -44.46
1975 06 29   -5.17
1975 06 30   30.35
1975 07 01   47.26
1975 07 02   37.59
1975 07 03    9.86
1975 07 04  -14.88
1975 07 05  -47.06
1975 07 06  -32.40
1975 07 07  -12.43
1975 07 08  -17.42
1975 07 09  -12.68
1975 07 10    8.05
1975 07 11   25.78
1975 07 12   28.90
1975 07 13   41.21
1975 07 14   51.56
1975 07 15   49.13
1975 07 16   47.76
1975 07 17   45.47
1975 07 18   45.16
1975 07 19   44.64
1975 07 20   60.46
1975 07 21   58.93
1975 07 22   42.40
1975 07 23   38.50
1975 07 24   50.54
1975 07 25   48.42
1975 07 26   32.37
1975 07 27   23.64
1975 07 28   16.24
1975 07 29   21.64
1975 07 30   29.18
1975 07 31   29.13
1975 08 01    2.99
1975 08 02  -36.30
1975 08 03  -62.52
1975 08 04  -54.47
1975 08 05  -23.14
1975 08 06  -26.41
1975 08 07  -35.27
1975 08 08  -39.15
1975 08 09  -29.69
1975 08 10   -7.75
1975 08 11    5.27
1975 08 12   21.06
1975 08 13   44.43
1975 08 14   64.61
1975 08 15   63.81
1975 08 16   43.68
1975 08 17   38.78
1975 08 18   49.74
1975 08 19   56.76
1975 08 20   29.85
1975 08 21   -5.20
1975 08 22  -28.78
1975 08 23  -67.79
1975 08 24  -71.31
1975 08 25  -58.04
1975 08 26  -56.36
1975 08 27  -37.90
1975 08 28   -6.63
1975 08 29   -3.47
1975 08 30  -22.01
1975 08 31  -48.50
1975 09 01  -68.57
1975 09 02  -64.67
1975 09 03  -44.50
1975 09 04  -18.67
1975 09 05   -4.42
1975 09 06    2.48
1975 09 07   -0.89
1975 09 08  -30.32
1975 09 09  -59.83
1975 09 10  -82.17
1975 09 11  -55.84
1975 09 12   -8.00
1975 09 13   15.44
1975 09 14   46.98
1975 09 15   61.38
1975 09 16   45.03
1975 09 17   37.57
1975 09 18   28.05
1975 09 19    0.65
1975 09 20  -39.60
1975 09 21  -90.57
1975 09 22 -102.85
1975 09 23 -102.14
1975 09 24  -86.12
1975 09 25  -66.42
1975 09 26  -29.48
1975 09 27  -16.85
1975 09 28   -9.63
1975 09 29    5.50
1975 09 30   26.39
1975 10 01   40.96
1975 10 02   28.76
1975 10 03   31.60
1975 10 04   -0.52
1975 10 05  -51.90
1975 10 06  -70.04
1975 10 07  -79.47
1975 10 08 -129.83
1975 10 09 -130.06
1975 10 10  -67.89
1975 10 11  -21.92
1975 10 12    4.80
1975 10 13    7.80
1975 10 14   35.74
1975 10 15   53.66
1975 10 16   50.55
1975 10 17   47.58
1975 10 18   53.82
1975 10 19   36.50
1975 10 20   17.87
1975 10 21   18.90
1975 10 22    6.86
1975 10 23   -5.58
1975 10 24  -52.42
1975 10 25  -94.48
1975 10 26 -107.19
1975 10 27  -94.16
1975 10 28  -49.21
1975 10 29   11.43
1975 10 30   63.91
1975 10 31  112.37
1975 11 01   95.56
1975 11 02   84.16
1975 11 03   74.03
1975 11 04   77.27
1975 11 05   99.44
1975 11 06  101.60
1975 11 07  119.98
1975 11 08   99.66
1975 11 09  100.75
1975 11 10  113.23
1975 11 11   83.84
1975 11 12   70.37
1975 11 13   69.45
1975 11 14   69.41
1975 11 15   84.73
1975 11 16   87.38
1975 11 17   66.58
1975 11 18   82.14
1975 11 19   58.40
1975 11 20   40.02
1975 11 21   80.02
1975 11 22   64.22
1975 11 23  -24.29
1975 11 24  -28.12
1975 11 25   37.08
1975 11 26   19.49
1975 11 27  -95.65
1975 11 28 -196.91
1975 11 29 -220.50
1975 11 30 -226.81
1975 12 01 -229.87
1975 12 02 -207.32
1975 12 03 -170.02
1975 12 04 -126.65
1975 12 05  -86.74
1975 12 06  -27.52
1975 12 07   11.04
1975 12 08    4.41
1975 12 09  -16.84
1975 12 10  -44.70
1975 12 11  -26.55
1975 12 12   -4.90
1975 12 13    2.75
1975 12 14   -7.43
1975 12 15    7.19
1975 12 16   41.37
1975 12 17   69.63
1975 12 18   22.85
1975 12 19    5.03
1975 12 20   -8.45
1975 12 21  -31.57
1975 12 22  -31.72
1975 12 23   -7.64
1975 12 24    7.86
1975 12 25   17.11
1975 12 26   34.28
1975 12 27   61.51
1975 12 28   54.45
1975 12 29   25.60
1975 12 30    2.98
1975 12 31  -10.31
1976 01 01   12.68
1976 01 02   35.86
1976 01 03   53.24
1976 01 04   23.78
1976 01 05  -26.01
1976 01 06  -30.22
1976 01 07   18.58
1976 01 08   78.99
1976 01 09   76.84
1976 01 10   37.52
1976 01 11   13.86
1976 01 12   39.07
1976 01 13   67.61
1976 01 14   82.62
1976 01 15   86.36
1976 01 16   86.22
1976 01 17   76.57
1976 01 18   48.63
1976 01 19   -6.10
1976 01 20  -53.39
1976 01 21  -39.61
1976 01 22  -37.13
1976 01 23  -77.61
1976 01 24 -103.67
1976 01 25  -85.31
1976 01 26  -37.19
1976 01 27   14.56
1976 01 28   45.39
1976 01 29   62.61
1976 01 30   99.79
1976 01 31  100.95
1976 02 01   69.80
1976 02 02    3.69
1976 02 03  -71.10
1976 02 04 -104.96
1976 02 05  -80.90
1976 02 06  -57.80
1976 02 07  -25.30
1976 02 08   22.11
1976 02 09   32.03
1976 02 10   35.61
1976 02 11   14.71
1976 02 12  -15.95
1976 02 13  -15.18
1976 02 14   -5.03
1976 02 15   80.85
1976 02 16  185.88
1976 02 17  214.52
1976 02 18  191.94
1976 02 19  159.86
1976 02 20  127.38
1976 02 21  130.87
1976 02 22  134.38
1976 02 23   89.16
1976 02 24   20.35
1976 02 25  -50.78
1976 02 26  -65.43
1976 02 27  -39.07
1976 02 28  -23.20
1976 02 29  -15.45
1976 03 01   18.13
1976 03 02   40.57
1976 03 03   54.57
1976 03 04   72.66
1976 03 05   60.42
1976 03 06   80.07
1976 03 07  129.96
1976 03 08  127.13
1976 03 09   99.14
1976 03 10   77.22
1976 03 11   46.82
1976 03 12   28.32
1976 03 13    3.14
1976 03 14  -43.39
1976 03 15  -39.53
1976 03 16  -22.64
1976 03 17  -25.81
1976 03 18    0.36
1976 03 19   32.51
1976 03 20   41.54
1976 03 21   66.70
1976 03 22  101.01
1976 03 23  115.43
1976 03 24  105.00
1976 03 25   91.87
1976 03 26   88.01
1976 03 27   62.99
1976 03 28   39.14
1976 03 29   50.39
1976 03 30  116.62
1976 03 31  147.74
1976 04 01  175.31
1976 04 02  203.61
1976 04 03  177.28
1976 04 04  167.34
1976 04 05  130.45
1976 04 06   93.85
1976 04 07  103.78
1976 04 08   65.26
1976 04 09   79.12
1976 04 10  115.71
1976 04 11  127.97
1976 04 12  102.09
1976 04 13   81.87
1976 04 14   71.65
1976 04 15   74.44
1976 04 16  100.25
1976 04 17   68.28
1976 04 18   50.93
1976 04 19   54.14
1976 04 20   81.48
1976 04 21   76.70
1976 04 22   81.95
1976 04 23   87.24
1976 04 24   86.25
1976 04 25   74.92
1976 04 26   70.55
1976 04 27   35.82
1976 04 28   -1.36
1976 04 29  -30.63
1976 04 30  -27.11
1976 05 01  -24.45
1976 05 02   -2.68
1976 05 03   45.05
1976 05 04   70.20
1976 05 05   79.29
1976 05 06   89.32
1976 05 07   94.35
1976 05 08   77.72
1976 05 09   57.32
1976 05 10   87.67
1976 05 11  110.21
1976 05 12  125.27
1976 05 13  126.90
1976 05 14  120.84
1976 05 15  126.92
1976 05 16  120.99
1976 05 17  103.10
1976 05 18   75.41
1976 05 19   53.99
1976 05 20   46.70
1976 05 21   55.47
1976 05 22   67.95
1976 05 23   65.80
1976 05 24   51.76
1976 05 25   22.09
1976 05 26   -0.67
1976 05 27   -1.53
1976 05 28   -1.06
1976 05 29   -2.50
1976 05 30   10.00
1976 05 31   14.63
1976 06 01   25.80
1976 06 02   35.79
1976 06 03   24.30
1976 06 04    1.86
1976 06 05    8.12
1976 06 06   25.77
1976 06 07    6.38
1976 06 08    4.33
1976 06 09  -12.53
1976 06 10   -5.94
1976 06 11   -6.34
1976 06 12  -10.54
1976 06 13  -26.35
1976 06 14  -33.00
1976 06 15  -28.60
1976 06 16    0.13
1976 06 17   47.87
1976 06 18   66.79
1976 06 19   65.11
1976 06 20   49.90
1976 06 21   20.23
1976 06 22  -22.54
1976 06 23  -74.51
1976 06 24 -111.74
1976 06 25 -143.57
1976 06 26 -172.78
1976 06 27 -203.89
1976 06 28 -197.83
1976 06 29 -139.68
1976 06 30  -66.71
1976 07 01  -22.28
1976 07 02    2.52
1976 07 03   22.25
1976 07 04   51.88
1976 07 05   83.35
1976 07 06   84.69
1976 07 07   77.05
1976 07 08   81.08
1976 07 09   76.47
1976 07 10   72.00
1976 07 11   55.98
1976 07 12   40.54
1976 07 13   31.18
1976 07 14   32.29
1976 07 15   23.56
1976 07 16   21.98
1976 07 17   29.14
1976 07 18   48.36
1976 07 19   87.45
1976 07 20  152.32
1976 07 21  155.20
1976 07 22  115.44
1976 07 23   91.32
1976 07 24   75.61
1976 07 25   90.14
1976 07 26   99.39
1976 07 27   91.37
1976 07 28   75.46
1976 07 29   41.62
1976 07 30   14.42
1976 07 31  -13.70
1976 08 01  -32.62
1976 08 02  -37.91
1976 08 03  -26.54
1976 08 04  -19.53
1976 08 05  -11.21
1976 08 06   21.36
1976 08 07   59.68
1976 08 08   89.11
1976 08 09   92.78
1976 08 10   83.93
1976 08 11   86.80
1976 08 12   81.24
1976 08 13   64.29
1976 08 14   55.72
1976 08 15   56.67
1976 08 16   46.73
1976 08 17   39.08
1976 08 18   28.71
1976 08 19   -2.27
1976 08 20  -54.44
1976 08 21  -87.53
1976 08 22  -77.85
1976 08 23  -13.56
1976 08 24   66.81
1976 08 25  120.74
1976 08 26  127.72
1976 08 27  104.12
1976 08 28   70.65
1976 08 29   29.42
1976 08 30    9.77
1976 08 31   32.11
1976 09 01   32.96
1976 09 02   10.36
1976 09 03   -1.34
1976 09 04    3.91
1976 09 05    7.90
1976 09 06   -1.44
1976 09 07  -19.35
1976 09 08  -11.67
1976 09 09   -6.82
1976 09 10   22.59
1976 09 11   71.04
1976 09 12   98.26
1976 09 13  114.47
1976 09 14  137.50
1976 09 15  114.47
1976 09 16   43.03
1976 09 17  -26.61
1976 09 18  -50.04
1976 09 19  -23.00
1976 09 20  -10.95
1976 09 21    5.84
1976 09 22    0.20
1976 09 23  -20.70
1976 09 24  -13.17
1976 09 25    7.98
1976 09 26   44.29
1976 09 27   49.83
1976 09 28   59.79
1976 09 29   65.97
1976 09 30   68.30
1976 10 01   58.84
1976 10 02   38.86
1976 10 03   27.49
1976 10 04   -8.87
1976 10 05  -28.39
1976 10 06   -6.31
1976 10 07  -13.45
1976 10 08   -9.89
1976 10 09   29.15
1976 10 10   35.29
1976 10 11   18.80
1976 10 12   49.31
1976 10 13   84.23
1976 10 14   58.59
1976 10 15   26.97
1976 10 16   24.71
1976 10 17   14.73
1976 10 18  -39.03
1976 10 19  -76.65
1976 10 20  -79.06
1976 10 21 -136.92
1976 10 22 -132.17
1976 10 23  -95.77
1976 10 24  -78.66
1976 10 25  -84.33
1976 10 26  -46.43
1976 10 27   -3.67
1976 10 28   -3.77
1976 10 29   -1.47
1976 10 30   18.00
1976 10 31   40.23
1976 11 01  -10.45
1976 11 02   -2.79
1976 11 03   60.88
1976 11 04   60.00
1976 11 05   72.42
1976 11 06  152.10
1976 11 07  214.97
1976 11 08  184.07
1976 11 09  126.40
1976 11 10   63.24
1976 11 11   58.51
1976 11 12  105.04
1976 11 13  148.12
1976 11 14  113.70
1976 11 15  103.02
1976 11 16  150.31
1976 11 17  147.33
1976 11 18   74.81
1976 11 19   23.86
1976 11 20  -16.74
1976 11 21  -26.71
1976 11 22   -5.69
1976 11 23  -15.13
1976 11 24  -52.69
1976 11 25  -72.87
1976 11 26 -112.13
1976 11 27 -137.88
1976 11 28 -118.94
1976 11 29 -100.28
1976 11 30 -103.24
1976 12 01  -76.94
1976 12 02 -124.69
1976 12 03 -177.38
1976 12 04 -199.58
1976 12 05 -166.24
1976 12 06 -112.30
1976 12 07 -108.68
1976 12 08  -92.09
1976 12 09  -85.31
1976 12 10  -38.47
1976 12 11   -1.68
1976 12 12   20.01
1976 12 13   31.84
1976 12 14   44.60
1976 12 15   61.32
1976 12 16   54.96
1976 12 17    4.74
1976 12 18  -59.81
1976 12 19  -93.77
1976 12 20  -77.04
1976 12 21  -52.23
1976 12 22  -29.51
1976 12 23  -29.82
1976 12 24  -19.88
1976 12 25   12.06
1976 12 26   43.98
1976 12 27   24.28
1976 12 28    6.51
1976 12 29  -16.71
1976 12 30  -31.21
1976 12 31  -28.82
1977 01 01  -19.50
1977 01 02  -18.59
1977 01 03   -0.17
1977 01 04   44.00
1977 01 05   78.91
1977 01 06   54.46
1977 01 07   28.96
1977 01 08  -21.67
1977 01 09  -74.45
1977 01 10 -105.12
1977 01 11 -108.29
1977 01 12  -75.59
1977 01 13  -51.86
1977 01 14  -34.64
1977 01 15  -46.66
1977 01 16  -95.90
1977 01 17  -35.85
1977 01 18  -20.53
1977 01 19  -59.44
1977 01 20  -98.10
1977 01 21  -94.22
1977 01 22  -55.46
1977 01 23  -37.77
1977 01 24  -50.10
1977 01 25  -52.45
1977 01 26  -83.47
1977 01 27 -107.53
1977 01 28 -127.45
1977 01 29 -152.96
1977 01 30 -173.07
1977 01 31 -153.65
1977 02 01 -101.78
1977 02 02  -51.21
1977 02 03  -42.93
1977 02 04   -6.80
1977 02 05   35.71
1977 02 06   37.76
1977 02 07   69.49
1977 02 08   85.50
1977 02 09   87.61
1977 02 10   49.80
1977 02 11    2.67
1977 02 12  -37.59
1977 02 13  -63.79
1977 02 14  -42.96
1977 02 15   -3.02
1977 02 16   35.66
1977 02 17   54.35
1977 02 18   31.74
1977 02 19   26.18
1977 02 20   48.99
1977 02 21  102.01
1977 02 22  155.84
1977 02 23  201.41
1977 02 24  218.13
1977 02 25  199.80
1977 02 26  175.26
1977 02 27  150.94
1977 02 28  105.65
1977 03 01   93.52
1977 03 02  113.36
1977 03 03  110.29
1977 03 04  146.26
1977 03 05  256.28
1977 03 06  319.97
1977 03 07  309.90
1977 03 08  242.49
1977 03 09  169.93
1977 03 10  135.69
1977 03 11  133.73
1977 03 12  116.30
1977 03 13  123.74
1977 03 14   69.59
1977 03 15   65.49
1977 03 16   38.94
1977 03 17   -1.98
1977 03 18  -15.20
1977 03 19   13.22
1977 03 20   34.91
1977 03 21   31.85
1977 03 22   14.98
1977 03 23   18.25
1977 03 24   64.02
1977 03 25  119.25
1977 03 26  135.32
1977 03 27  104.09
1977 03 28   71.95
1977 03 29   53.29
1977 03 30   26.01
1977 03 31  -34.81
1977 04 01  -73.13
1977 04 02  -50.73
1977 04 03  -57.59
1977 04 04 -101.52
1977 04 05 -115.98
1977 04 06 -107.79
1977 04 07  -48.09
1977 04 08   25.56
1977 04 09   66.78
1977 04 10   67.76
1977 04 11   59.20
1977 04 12   64.78
1977 04 13   76.99
1977 04 14   57.17
1977 04 15   25.12
1977 04 16   21.87
1977 04 17   20.69
1977 04 18   40.95
1977 04 19   77.90
1977 04 20  122.56
1977 04 21  110.20
1977 04 22   70.58
1977 04 23   59.08
1977 04 24   23.47
1977 04 25  -43.17
1977 04 26  -70.41
1977 04 27  -32.78
1977 04 28   21.71
1977 04 29   63.36
1977 04 30   93.60
1977 05 01  110.74
1977 05 02  112.93
1977 05 03  116.71
1977 05 04  120.04
1977 05 05   94.82
1977 05 06   53.06
1977 05 07   20.66
1977 05 08   10.10
1977 05 09   45.75
1977 05 10   73.18
1977 05 11   63.77
1977 05 12   30.48
1977 05 13    4.80
1977 05 14  -32.62
1977 05 15  -80.78
1977 05 16 -114.53
1977 05 17  -87.98
1977 05 18  -37.94
1977 05 19   -2.31
1977 05 20   -6.57
1977 05 21    0.60
1977 05 22    7.02
1977 05 23   13.08
1977 05 24   39.14
1977 05 25   41.29
1977 05 26   27.99
1977 05 27   25.76
1977 05 28   13.01
1977 05 29   -8.17
1977 05 30  -28.55
1977 05 31  -25.41
1977 06 01  -11.13
1977 06 02   -4.28
1977 06 03  -17.40
1977 06 04  -42.44
1977 06 05  -44.78
1977 06 06  -20.08
1977 06 07   -1.89
1977 06 08  -10.86
1977 06 09  -22.90
1977 06 10  -35.91
1977 06 11  -32.98
1977 06 12  -19.49
1977 06 13  -11.01
1977 06 14   -6.79
1977 06 15  -12.12
1977 06 16   -9.54
1977 06 17   -5.33
1977 06 18   15.38
1977 06 19   32.33
1977 06 20   43.75
1977 06 21   50.23
1977 06 22   47.47
1977 06 23   41.96
1977 06 24   42.96
1977 06 25   35.46
1977 06 26   22.70
1977 06 27   -8.86
1977 06 28  -47.02
1977 06 29  -73.10
1977 06 30  -92.86
1977 07 01  -99.67
1977 07 02  -87.57
1977 07 03  -59.72
1977 07 04  -20.02
1977 07 05   15.39
1977 07 06   27.34
1977 07 07   32.19
1977 07 08   55.64
1977 07 09   59.34
1977 07 10   19.70
1977 07 11   -2.65
1977 07 12   -5.06
1977 07 13    6.34
1977 07 14   -1.78
1977 07 15  -23.33
1977 07 16  -53.70
1977 07 17  -68.37
1977 07 18  -65.21
1977 07 19  -56.77
1977 07 20  -33.45
1977 07 21   13.93
1977 07 22   28.62
1977 07 23   22.62
1977 07 24   16.92
1977 07 25   32.90
1977 07 26   39.12
1977 07 27   32.38
1977 07 28   26.90
1977 07 29   22.69
1977 07 30   23.51
1977 07 31   22.56
1977 08 01   -7.12
1977 08 02  -39.45
1977 08 03  -37.03
1977 08 04   -6.93
1977 08 05   18.85
1977 08 06    8.61
1977 08 07  -19.08
1977 08 08   -6.19
1977 08 09   -7.37
1977 08 10   -7.37
1977 08 11  -29.21
1977 08 12  -36.05
1977 08 13  -23.50
1977 08 14    9.42
1977 08 15   22.71
1977 08 16   21.55
1977 08 17   15.92
1977 08 18    2.50
1977 08 19  -12.29
1977 08 20  -44.83
1977 08 21  -63.83
1977 08 22  -64.63
1977 08 23  -67.33
1977 08 24  -52.24
1977 08 25  -30.36
1977 08 26   10.03
1977 08 27   36.95
1977 08 28   39.44
1977 08 29   21.78
1977 08 30    3.83
1977 08 31    2.88
1977 09 01   -4.29
1977 09 02  -19.87
1977 09 03  -43.87
1977 09 04  -62.44
1977 09 05  -46.55
1977 09 06  -24.16
1977 09 07  -30.19
1977 09 08  -32.79
1977 09 09  -10.81
1977 09 10   -1.12
1977 09 11    2.55
1977 09 12    7.08
1977 09 13    4.65
1977 09 14  -52.49
1977 09 15  -91.92
1977 09 16  -86.46
1977 09 17  -74.18
1977 09 18  -51.02
1977 09 19  -42.84
1977 09 20  -39.42
1977 09 21    1.03
1977 09 22   26.93
1977 09 23   35.58
1977 09 24   -5.71
1977 09 25  -46.59
1977 09 26  -46.76
1977 09 27  -42.08
1977 09 28  -33.98
1977 09 29   -2.91
1977 09 30    4.35
1977 10 01    0.98
1977 10 02   -2.92
1977 10 03   -3.03
1977 10 04  -27.36
1977 10 05  -33.06
1977 10 06    9.90
1977 10 07   42.90
1977 10 08   57.23
1977 10 09   35.60
1977 10 10   -4.76
1977 10 11   21.23
1977 10 12   60.61
1977 10 13   28.56
1977 10 14   14.33
1977 10 15   35.09
1977 10 16   24.17
1977 10 17   50.32
1977 10 18   83.81
1977 10 19   82.98
1977 10 20   84.74
1977 10 21   93.80
1977 10 22  129.80
1977 10 23  126.24
1977 10 24  108.51
1977 10 25  193.70
1977 10 26  205.07
1977 10 27  168.86
1977 10 28  173.98
1977 10 29  137.20
1977 10 30  113.16
1977 10 31  134.75
1977 11 01  167.26
1977 11 02  203.08
1977 11 03  199.12
1977 11 04  152.99
1977 11 05  133.57
1977 11 06  113.34
1977 11 07   80.12
1977 11 08   80.81
1977 11 09   44.90
1977 11 10   59.60
1977 11 11  105.13
1977 11 12  176.85
1977 11 13  195.85
1977 11 14  184.78
1977 11 15  162.85
1977 11 16   98.13
1977 11 17   -9.01
1977 11 18  -65.08
1977 11 19  -49.95
1977 11 20  -81.02
1977 11 21 -124.86
1977 11 22 -209.56
1977 11 23 -310.43
1977 11 24 -306.86
1977 11 25 -252.11
1977 11 26 -199.53
1977 11 27 -174.61
1977 11 28 -160.92
1977 11 29 -151.17
1977 11 30 -201.63
1977 12 01 -225.90
1977 12 02 -195.78
1977 12 03 -194.51
1977 12 04 -246.63
1977 12 05 -296.06
1977 12 06 -318.07
1977 12 07 -346.04
1977 12 08 -356.09
1977 12 09 -324.51
1977 12 10 -295.02
1977 12 11 -258.71
1977 12 12 -191.53
1977 12 13 -120.67
1977 12 14  -51.64
1977 12 15   25.76
1977 12 16   63.85
1977 12 17   51.40
1977 12 18    1.60
1977 12 19  -34.02
1977 12 20  -63.12
1977 12 21  -80.16
1977 12 22  -66.52
1977 12 23  -39.21
1977 12 24   16.08
1977 12 25   49.12
1977 12 26   33.60
1977 12 27   64.04
1977 12 28   79.55
1977 12 29   96.25
1977 12 30   95.11
1977 12 31   49.52
1978 01 01    4.14
1978 01 02   13.72
1978 01 03   41.74
1978 01 04   30.75
1978 01 05   29.90
1978 01 06    4.45
1978 01 07  -44.49
1978 01 08  -41.25
1978 01 09   -0.19
1978 01 10   28.84
1978 01 11   21.31
1978 01 12   46.65
1978 01 13   41.05
1978 01 14   21.32
1978 01 15   -0.72
1978 01 16    8.12
1978 01 17   48.19
1978 01 18   81.76
1978 01 19   74.12
1978 01 20   85.12
1978 01 21   99.87
1978 01 22   54.30
1978 01 23   36.60
1978 01 24   57.41
1978 01 25   39.68
1978 01 26  -19.23
1978 01 27  -61.85
1978 01 28  -90.56
1978 01 29 -113.26
1978 01 30 -131.42
1978 01 31 -146.15
1978 02 01 -163.89
1978 02 02 -169.45
1978 02 03 -168.89
1978 02 04 -164.57
1978 02 05 -110.76
1978 02 06    1.62
1978 02 07  100.11
1978 02 08  140.17
1978 02 09  151.85
1978 02 10  144.80
1978 02 11  126.90
1978 02 12  129.42
1978 02 13  113.99
1978 02 14   62.89
1978 02 15   26.89
1978 02 16   28.36
1978 02 17   40.06
1978 02 18   45.74
1978 02 19   66.90
1978 02 20   55.77
1978 02 21   16.90
1978 02 22  -12.93
1978 02 23   -2.96
1978 02 24    0.49
1978 02 25  -14.09
1978 02 26  -40.27
1978 02 27  -25.96
1978 02 28  -38.93
1978 03 01 -167.21
1978 03 02 -257.65
1978 03 03 -266.01
1978 03 04 -200.33
1978 03 05 -165.74
1978 03 06 -120.75
1978 03 07  -40.76
1978 03 08    6.77
1978 03 09    7.28
1978 03 10   -3.08
1978 03 11   -9.72
1978 03 12   31.14
1978 03 13   13.18
1978 03 14  -33.27
1978 03 15  -56.34
1978 03 16  -60.13
1978 03 17  -16.98
1978 03 18   -2.50
1978 03 19   17.00
1978 03 20  -10.89
1978 03 21  -52.43
1978 03 22  -62.42
1978 03 23  -69.09
1978 03 24  -24.59
1978 03 25   13.69
1978 03 26  -31.85
1978 03 27  -68.27
1978 03 28  -88.66
1978 03 29 -102.04
1978 03 30  -48.23
1978 03 31  -19.83
1978 04 01   14.85
1978 04 02   40.63
1978 04 03   72.79
1978 04 04   66.34
1978 04 05   50.82
1978 04 06   52.10
1978 04 07   -1.04
1978 04 08  -54.96
1978 04 09  -42.45
1978 04 10  -15.38
1978 04 11  -31.61
1978 04 12 -103.98
1978 04 13 -123.87
1978 04 14  -98.14
1978 04 15  -94.67
1978 04 16 -102.19
1978 04 17  -67.69
1978 04 18  -16.25
1978 04 19   18.03
1978 04 20   39.79
1978 04 21   38.08
1978 04 22   50.18
1978 04 23   67.78
1978 04 24   75.15
1978 04 25   58.32
1978 04 26   16.91
1978 04 27    9.85
1978 04 28   13.16
1978 04 29   41.59
1978 04 30   50.46
1978 05 01   61.94
1978 05 02   35.85
1978 05 03    4.14
1978 05 04  -22.98
1978 05 05  -49.45
1978 05 06  -73.92
1978 05 07  -78.70
1978 05 08  -43.00
1978 05 09    3.78
1978 05 10   29.24
1978 05 11   68.06
1978 05 12  111.12
1978 05 13   91.77
1978 05 14   69.67
1978 05 15   64.44
1978 05 16   48.66
1978 05 17   20.55
1978 05 18  -11.91
1978 05 19  -49.43
1978 05 20  -71.86
1978 05 21  -41.67
1978 05 22    2.54
1978 05 23   38.03
1978 05 24   68.62
1978 05 25   58.12
1978 05 26   31.70
1978 05 27    0.32
1978 05 28  -15.46
1978 05 29  -18.61
1978 05 30   -3.69
1978 05 31   19.43
1978 06 01   17.08
1978 06 02   16.45
1978 06 03   43.65
1978 06 04   67.34
1978 06 05   56.02
1978 06 06   41.42
1978 06 07   45.14
1978 06 08   98.52
1978 06 09  113.01
1978 06 10   69.01
1978 06 11   36.13
1978 06 12   55.63
1978 06 13   76.89
1978 06 14   80.18
1978 06 15   95.94
1978 06 16  110.23
1978 06 17  100.98
1978 06 18   61.05
1978 06 19    3.10
1978 06 20  -36.16
1978 06 21  -12.02
1978 06 22   26.65
1978 06 23   35.75
1978 06 24   23.64
1978 06 25   15.79
1978 06 26    3.79
1978 06 27   -2.71
1978 06 28   -2.78
1978 06 29   14.29
1978 06 30   49.48
1978 07 01   73.19
1978 07 02   97.17
1978 07 03   84.26
1978 07 04   64.67
1978 07 05   49.52
1978 07 06   35.55
1978 07 07   34.56
1978 07 08   18.29
1978 07 09    1.31
1978 07 10   12.71
1978 07 11   12.68
1978 07 12   -6.13
1978 07 13  -15.11
1978 07 14    2.27
1978 07 15   12.07
1978 07 16   -3.00
1978 07 17   -4.94
1978 07 18    5.27
1978 07 19   18.61
1978 07 20   20.98
1978 07 21   11.07
1978 07 22   -0.99
1978 07 23   -2.16
1978 07 24   -5.39
1978 07 25    1.14
1978 07 26   19.28
1978 07 27   23.93
1978 07 28   14.88
1978 07 29   20.87
1978 07 30    9.50
1978 07 31   -0.54
1978 08 01  -19.23
1978 08 02  -41.96
1978 08 03  -25.47
1978 08 04   17.64
1978 08 05   39.75
1978 08 06   51.09
1978 08 07   61.19
1978 08 08   64.01
1978 08 09   69.92
1978 08 10   58.12
1978 08 11   47.70
1978 08 12   68.56
1978 08 13   81.85
1978 08 14   67.44
1978 08 15   53.56
1978 08 16   46.65
1978 08 17   29.18
1978 08 18   32.03
1978 08 19   42.54
1978 08 20   -6.06
1978 08 21  -78.06
1978 08 22  -98.24
1978 08 23  -69.54
1978 08 24  -68.23
1978 08 25  -54.36
1978 08 26  -16.40
1978 08 27   36.78
1978 08 28   73.33
1978 08 29  111.97
1978 08 30  117.37
1978 08 31   91.55
1978 09 01   56.94
1978 09 02   59.92
1978 09 03   59.97
1978 09 04   57.02
1978 09 05   72.17
1978 09 06   88.24
1978 09 07  103.12
1978 09 08  106.07
1978 09 09   91.80
1978 09 10   85.58
1978 09 11   85.81
1978 09 12  100.66
1978 09 13   98.84
1978 09 14   91.41
1978 09 15   57.57
1978 09 16  -15.77
1978 09 17  -63.07
1978 09 18  -52.08
1978 09 19  -41.08
1978 09 20  -61.75
1978 09 21  -96.79
1978 09 22 -119.14
1978 09 23 -106.04
1978 09 24  -52.16
1978 09 25  -16.04
1978 09 26  -21.29
1978 09 27  -15.74
1978 09 28   -3.09
1978 09 29    1.62
1978 09 30  -17.12
1978 10 01  -17.72
1978 10 02  -18.30
1978 10 03  -10.86
1978 10 04  -30.33
1978 10 05  -26.17
1978 10 06   10.56
1978 10 07   49.46
1978 10 08   85.74
1978 10 09   67.75
1978 10 10  -13.60
1978 10 11  -79.19
1978 10 12 -115.06
1978 10 13 -106.25
1978 10 14  -89.91
1978 10 15  -70.18
1978 10 16  -73.13
1978 10 17  -65.28
1978 10 18  -27.04
1978 10 19   -5.17
1978 10 20   -4.14
1978 10 21    1.12
1978 10 22   27.93
1978 10 23   99.27
1978 10 24  102.85
1978 10 25   72.06
1978 10 26   36.89
1978 10 27   49.80
1978 10 28  102.04
1978 10 29  166.26
1978 10 30  179.84
1978 10 31  136.73
1978 11 01   81.03
1978 11 02   73.76
1978 11 03  104.42
1978 11 04  140.18
1978 11 05  123.79
1978 11 06   95.26
1978 11 07   54.12
1978 11 08   13.20
1978 11 09    9.52
1978 11 10   -6.42
1978 11 11  -15.22
1978 11 12  -43.02
1978 11 13 -100.60
1978 11 14  -72.96
1978 11 15  -45.15
1978 11 16  -60.09
1978 11 17  -97.70
1978 11 18  -99.78
1978 11 19  -88.33
1978 11 20  -96.46
1978 11 21  -67.03
1978 11 22  -46.21
1978 11 23  -68.96
1978 11 24 -109.62
1978 11 25 -145.69
1978 11 26 -109.90
1978 11 27   -0.06
1978 11 28   51.55
1978 11 29   72.50
1978 11 30  113.43
1978 12 01  166.46
1978 12 02  186.37
1978 12 03  197.99
1978 12 04  146.57
1978 12 05   25.10
1978 12 06  -12.62
1978 12 07   42.98
1978 12 08   72.51
1978 12 09   71.20
1978 12 10   80.47
1978 12 11  104.16
1978 12 12  144.95
1978 12 13  172.54
1978 12 14  153.55
1978 12 15  112.32
1978 12 16   38.96
1978 12 17   30.61
1978 12 18   95.79
1978 12 19  140.48
1978 12 20  125.84
1978 12 21  121.66
1978 12 22  157.84
1978 12 23  165.63
1978 12 24   73.58
1978 12 25   -2.98
1978 12 26  -35.52
1978 12 27  -27.77
1978 12 28   14.52
1978 12 29   33.60
1978 12 30   56.01
1978 12 31   60.19
1979 01 01   62.60
1979 01 02    6.08
1979 01 03  -41.25
1979 01 04  -67.29
1979 01 05  -93.82
1979 01 06 -131.86
1979 01 07 -165.98
1979 01 08 -160.00
1979 01 09  -93.89
1979 01 10    6.15
1979 01 11   46.75
1979 01 12  111.25
1979 01 13  152.45
1979 01 14  185.45
1979 01 15  223.97
1979 01 16  248.82
1979 01 17  259.27
1979 01 18  241.96
1979 01 19  179.07
1979 01 20  153.81
1979 01 21  205.76
1979 01 22  226.30
1979 01 23  214.07
1979 01 24  161.21
1979 01 25  113.65
1979 01 26   45.98
1979 01 27   -8.75
1979 01 28  -55.78
1979 01 29  -71.51
1979 01 30  -51.48
1979 01 31  -49.31
1979 02 01  -46.58
1979 02 02  -33.95
1979 02 03   -0.71
1979 02 04   27.96
1979 02 05    8.55
1979 02 06  -24.98
1979 02 07  -45.42
1979 02 08  -53.09
1979 02 09  -47.44
1979 02 10  -74.06
1979 02 11  -79.26
1979 02 12  -52.76
1979 02 13  -12.38
1979 02 14  -31.26
1979 02 15  -45.87
1979 02 16   -3.95
1979 02 17   62.38
1979 02 18   47.78
1979 02 19    4.58
1979 02 20  -12.59
1979 02 21  -35.86
1979 02 22  -58.58
1979 02 23  -56.05
1979 02 24  -35.92
1979 02 25  -39.10
1979 02 26  -59.88
1979 02 27  -94.26
1979 02 28 -107.21
1979 03 01  -90.54
1979 03 02  -64.54
1979 03 03  -35.98
1979 03 04   -1.65
1979 03 05   33.60
1979 03 06   62.50
1979 03 07   56.10
1979 03 08   -1.97
1979 03 09  -23.74
1979 03 10  -20.87
1979 03 11  -13.91
1979 03 12  -24.96
1979 03 13  -36.13
1979 03 14  -24.27
1979 03 15  -33.93
1979 03 16  -15.83
1979 03 17  -11.05
1979 03 18  -35.04
1979 03 19  -30.10
1979 03 20  -14.18
1979 03 21  -13.50
1979 03 22   12.21
1979 03 23    8.45
1979 03 24  -26.97
1979 03 25 -102.09
1979 03 26 -119.80
1979 03 27 -126.65
1979 03 28 -111.58
1979 03 29  -96.80
1979 03 30  -95.81
1979 03 31 -126.77
1979 04 01 -129.46
1979 04 02  -63.24
1979 04 03    3.24
1979 04 04   71.02
1979 04 05  106.28
1979 04 06  110.21
1979 04 07   83.18
1979 04 08   30.03
1979 04 09  -25.19
1979 04 10  -44.19
1979 04 11  -28.99
1979 04 12  -62.49
1979 04 13 -106.55
1979 04 14 -119.13
1979 04 15  -95.29
1979 04 16  -37.92
1979 04 17   12.23
1979 04 18   54.13
1979 04 19   64.38
1979 04 20   27.44
1979 04 21  -11.63
1979 04 22   -9.70
1979 04 23   45.46
1979 04 24   98.11
1979 04 25   86.37
1979 04 26   96.27
1979 04 27   87.96
1979 04 28   70.95
1979 04 29   76.70
1979 04 30   74.36
1979 05 01   50.24
1979 05 02   68.98
1979 05 03   54.17
1979 05 04   36.89
1979 05 05    8.89
1979 05 06   -6.46
1979 05 07    7.48
1979 05 08   29.60
1979 05 09   18.92
1979 05 10  -15.22
1979 05 11  -40.73
1979 05 12  -57.87
1979 05 13  -47.58
1979 05 14   -5.29
1979 05 15   32.75
1979 05 16   75.42
1979 05 17   78.43
1979 05 18   71.12
1979 05 19  139.81
1979 05 20  150.15
1979 05 21  100.81
1979 05 22   56.41
1979 05 23   43.78
1979 05 24   59.67
1979 05 25   54.43
1979 05 26   20.51
1979 05 27  -32.00
1979 05 28  -57.13
1979 05 29  -80.12
1979 05 30  -89.62
1979 05 31  -67.54
1979 06 01  -15.92
1979 06 02   46.23
1979 06 03   68.00
1979 06 04   91.61
1979 06 05   81.85
1979 06 06   30.75
1979 06 07   13.23
1979 06 08   -4.87
1979 06 09   -3.22
1979 06 10  -13.98
1979 06 11  -42.23
1979 06 12  -47.82
1979 06 13  -26.90
1979 06 14   19.23
1979 06 15   64.28
1979 06 16   93.82
1979 06 17  105.00
1979 06 18   88.61
1979 06 19   51.96
1979 06 20   39.98
1979 06 21   56.93
1979 06 22   38.82
1979 06 23   18.43
1979 06 24    2.69
1979 06 25  -17.34
1979 06 26  -42.37
1979 06 27  -45.94
1979 06 28  -15.03
1979 06 29   19.56
1979 06 30   13.36
1979 07 01   -4.81
1979 07 02    5.12
1979 07 03   20.76
1979 07 04   38.65
1979 07 05   61.20
1979 07 06   41.97
1979 07 07    6.43
1979 07 08   -1.40
1979 07 09   15.69
1979 07 10    1.81
1979 07 11  -17.53
1979 07 12  -19.24
1979 07 13  -37.55
1979 07 14  -52.87
1979 07 15  -43.58
1979 07 16  -24.15
1979 07 17  -13.82
1979 07 18   10.35
1979 07 19   52.00
1979 07 20   79.14
1979 07 21   78.26
1979 07 22   80.54
1979 07 23   67.28
1979 07 24   50.23
1979 07 25   36.56
1979 07 26   51.09
1979 07 27   72.19
1979 07 28   61.64
1979 07 29   46.49
1979 07 30   41.35
1979 07 31   49.56
1979 08 01   53.87
1979 08 02   42.59
1979 08 03   41.63
1979 08 04   27.17
1979 08 05   13.87
1979 08 06   14.75
1979 08 07   18.14
1979 08 08   23.63
1979 08 09   18.23
1979 08 10    9.47
1979 08 11   22.85
1979 08 12   40.02
1979 08 13   60.84
1979 08 14   96.49
1979 08 15  123.09
1979 08 16  114.94
1979 08 17   85.07
1979 08 18   65.36
1979 08 19   54.33
1979 08 20   30.74
1979 08 21   -6.70
1979 08 22  -50.18
1979 08 23  -43.21
1979 08 24  -29.60
1979 08 25  -26.60
1979 08 26  -46.23
1979 08 27  -50.55
1979 08 28  -43.16
1979 08 29  -17.58
1979 08 30   27.15
1979 08 31   37.17
1979 09 01    6.64
1979 09 02  -20.56
1979 09 03  -29.78
1979 09 04  -68.99
1979 09 05  -82.18
1979 09 06  -75.78
1979 09 07  -58.39
1979 09 08  -21.75
1979 09 09  -18.09
1979 09 10  -48.08
1979 09 11  -85.42
1979 09 12  -91.50
1979 09 13  -67.76
1979 09 14  -41.85
1979 09 15   -5.28
1979 09 16   15.73
1979 09 17   29.31
1979 09 18   43.76
1979 09 19   33.08
1979 09 20   43.06
1979 09 21   64.39
1979 09 22   78.98
1979 09 23  108.44
1979 09 24  151.16
1979 09 25  162.23
1979 09 26  176.81
1979 09 27  179.67
1979 09 28  170.74
1979 09 29  122.14
1979 09 30   92.79
1979 10 01   85.38
1979 10 02   75.51
1979 10 03  113.68
1979 10 04   93.88
1979 10 05   82.13
1979 10 06   66.07
1979 10 07    0.47
1979 10 08    9.84
1979 10 09   64.10
1979 10 10   39.65
1979 10 11   34.68
1979 10 12   42.05
1979 10 13   33.45
1979 10 14   20.31
1979 10 15  -25.35
1979 10 16  -60.75
1979 10 17  -43.32
1979 10 18   -8.71
1979 10 19   -6.90
1979 10 20   32.02
1979 10 21   61.66
1979 10 22   52.41
1979 10 23   76.71
1979 10 24   96.21
1979 10 25   98.84
1979 10 26  106.31
1979 10 27   98.22
1979 10 28   94.35
1979 10 29  101.18
1979 10 30  104.49
1979 10 31  108.38
1979 11 01  116.50
1979 11 02  109.07
1979 11 03   57.65
1979 11 04  -12.74
1979 11 05  -28.06
1979 11 06   26.55
1979 11 07   58.68
1979 11 08   12.15
1979 11 09  -10.92
1979 11 10  -27.68
1979 11 11  -43.68
1979 11 12  -48.49
1979 11 13   20.07
1979 11 14  110.00
1979 11 15  198.25
1979 11 16  240.67
1979 11 17  238.93
1979 11 18  215.40
1979 11 19  202.27
1979 11 20  189.98
1979 11 21  128.00
1979 11 22   94.29
1979 11 23   35.76
1979 11 24   94.72
1979 11 25  214.77
1979 11 26  173.96
1979 11 27   58.44
1979 11 28  -19.37
1979 11 29  -41.23
1979 11 30    6.62
1979 12 01  150.03
1979 12 02  171.29
1979 12 03  148.93
1979 12 04  148.93
1979 12 05   70.07
1979 12 06   -5.87
1979 12 07  -34.93
1979 12 08  -71.26
1979 12 09 -133.04
1979 12 10 -200.14
1979 12 11 -253.61
1979 12 12 -271.76
1979 12 13 -309.16
1979 12 14 -328.20
1979 12 15 -340.23
1979 12 16 -314.35
1979 12 17 -243.49
1979 12 18 -165.05
1979 12 19  -94.48
1979 12 20  -27.28
1979 12 21   59.99
1979 12 22  119.44
1979 12 23  161.38
1979 12 24  255.00
1979 12 25  308.28
1979 12 26  283.36
1979 12 27  230.04
1979 12 28  154.85
1979 12 29  100.08
1979 12 30   35.45
1979 12 31   -7.57
1980 01 01  -56.72
1980 01 02 -119.17
1980 01 03 -109.68
1980 01 04  -70.63
1980 01 05  -50.70
1980 01 06 -130.05
1980 01 07 -246.19
1980 01 08 -341.33
1980 01 09 -377.95
1980 01 10 -375.48
1980 01 11 -312.73
1980 01 12 -166.22
1980 01 13  -38.60
1980 01 14   32.51
1980 01 15   67.39
1980 01 16   63.30
1980 01 17   33.95
1980 01 18   44.15
1980 01 19   80.48
1980 01 20   88.90
1980 01 21   60.43
1980 01 22   42.43
1980 01 23   10.23
1980 01 24  -74.74
1980 01 25 -134.64
1980 01 26 -204.23
1980 01 27 -257.77
1980 01 28 -291.54
1980 01 29 -254.68
1980 01 30 -209.00
1980 01 31 -181.91
1980 02 01 -107.98
1980 02 02  -42.41
1980 02 03  -13.03
1980 02 04  -15.21
1980 02 05   29.66
1980 02 06   62.10
1980 02 07   93.29
1980 02 08   74.83
1980 02 09   83.80
1980 02 10   52.22
1980 02 11   -3.25
1980 02 12  -44.02
1980 02 13  -98.01
1980 02 14 -134.48
1980 02 15 -186.02
1980 02 16 -204.67
1980 02 17 -174.69
1980 02 18 -139.69
1980 02 19  -89.15
1980 02 20  -63.45
1980 02 21  -48.90
1980 02 22  -44.70
1980 02 23  -20.11
1980 02 24   -1.17
1980 02 25   -8.77
1980 02 26   -0.24
1980 02 27   -3.00
1980 02 28  -37.97
1980 02 29  -41.89
1980 03 01  -23.23
1980 03 02   -2.75
1980 03 03   11.55
1980 03 04   50.66
1980 03 05   54.95
1980 03 06   36.46
1980 03 07   27.08
1980 03 08   47.19
1980 03 09   62.56
1980 03 10   53.16
1980 03 11   16.42
1980 03 12  -17.92
1980 03 13  -12.89
1980 03 14   37.43
1980 03 15   35.24
1980 03 16   31.23
1980 03 17   90.56
1980 03 18  143.87
1980 03 19  133.26
1980 03 20  141.79
1980 03 21  155.03
1980 03 22  146.92
1980 03 23  128.11
1980 03 24  125.17
1980 03 25  136.39
1980 03 26   97.48
1980 03 27   63.47
1980 03 28   53.77
1980 03 29   47.18
1980 03 30   70.71
1980 03 31   78.14
1980 04 01  113.96
1980 04 02  127.03
1980 04 03  120.19
1980 04 04   86.99
1980 04 05   69.19
1980 04 06   68.96
1980 04 07   59.64
1980 04 08   57.26
1980 04 09   39.38
1980 04 10   19.97
1980 04 11   50.48
1980 04 12  128.11
1980 04 13  144.67
1980 04 14  113.60
1980 04 15  124.58
1980 04 16  160.46
1980 04 17  175.14
1980 04 18  142.05
1980 04 19  140.30
1980 04 20  162.87
1980 04 21  195.03
1980 04 22  189.07
1980 04 23  171.63
1980 04 24  143.83
1980 04 25  142.96
1980 04 26  158.99
1980 04 27  126.42
1980 04 28   94.75
1980 04 29   86.70
1980 04 30   97.88
1980 05 01  111.47
1980 05 02  100.00
1980 05 03   72.04
1980 05 04   64.50
1980 05 05   44.04
1980 05 06   45.21
1980 05 07   85.44
1980 05 08   90.14
1980 05 09   79.97
1980 05 10  102.08
1980 05 11  106.00
1980 05 12  122.69
1980 05 13  122.67
1980 05 14  112.84
1980 05 15  111.62
1980 05 16  146.37
1980 05 17  215.91
1980 05 18  206.90
1980 05 19  133.86
1980 05 20   77.06
1980 05 21   50.70
1980 05 22   43.39
1980 05 23   48.26
1980 05 24   63.67
1980 05 25   59.69
1980 05 26   46.47
1980 05 27   22.97
1980 05 28   21.49
1980 05 29   25.02
1980 05 30   49.44
1980 05 31   67.83
1980 06 01   45.61
1980 06 02   24.88
1980 06 03   10.95
1980 06 04   13.05
1980 06 05   39.16
1980 06 06   63.43
1980 06 07   37.27
1980 06 08   15.84
1980 06 09   23.89
1980 06 10   46.07
1980 06 11   45.88
1980 06 12   23.21
1980 06 13   14.78
1980 06 14   33.84
1980 06 15   55.51
1980 06 16   46.52
1980 06 17   37.93
1980 06 18   40.06
1980 06 19   57.66
1980 06 20   79.76
1980 06 21   86.53
1980 06 22   74.96
1980 06 23   50.45
1980 06 24   14.46
1980 06 25  -10.60
1980 06 26  -23.31
1980 06 27  -66.70
1980 06 28 -110.66
1980 06 29 -103.10
1980 06 30  -63.23
1980 07 01  -34.75
1980 07 02  -20.64
1980 07 03  -25.73
1980 07 04  -20.70
1980 07 05   12.07
1980 07 06   24.88
1980 07 07    5.14
1980 07 08   -4.30
1980 07 09   -9.97
1980 07 10  -12.97
1980 07 11    4.71
1980 07 12   10.61
1980 07 13   10.27
1980 07 14    2.50
1980 07 15   -7.10
1980 07 16  -11.00
1980 07 17   -5.11
1980 07 18   20.61
1980 07 19   40.06
1980 07 20   26.12
1980 07 21   19.91
1980 07 22   12.66
1980 07 23    1.19
1980 07 24  -19.31
1980 07 25  -28.27
1980 07 26  -21.84
1980 07 27   -4.76
1980 07 28    5.80
1980 07 29   22.92
1980 07 30   26.90
1980 07 31   30.61
1980 08 01   19.50
1980 08 02  -14.22
1980 08 03  -61.98
1980 08 04  -83.49
1980 08 05  -73.93
1980 08 06  -74.91
1980 08 07  -89.05
1980 08 08  -98.10
1980 08 09  -87.07
1980 08 10  -69.38
1980 08 11  -38.89
1980 08 12   -2.72
1980 08 13   25.82
1980 08 14   44.80
1980 08 15   79.74
1980 08 16   91.55
1980 08 17   82.81
1980 08 18   65.60
1980 08 19   44.31
1980 08 20    6.09
1980 08 21  -23.10
1980 08 22  -53.69
1980 08 23  -81.73
1980 08 24 -111.87
1980 08 25 -123.11
1980 08 26  -87.31
1980 08 27  -59.55
1980 08 28  -42.16
1980 08 29  -32.18
1980 08 30   -9.13
1980 08 31    7.16
1980 09 01    1.46
1980 09 02  -14.74
1980 09 03  -19.48
1980 09 04  -17.94
1980 09 05  -17.99
1980 09 06   -4.87
1980 09 07   -3.50
1980 09 08   35.66
1980 09 09   60.79
1980 09 10   48.68
1980 09 11   -5.98
1980 09 12  -64.86
1980 09 13  -98.32
1980 09 14 -109.19
1980 09 15 -100.90
1980 09 16 -110.33
1980 09 17 -131.63
1980 09 18 -118.26
1980 09 19  -93.16
1980 09 20  -37.37
1980 09 21    5.50
1980 09 22    1.00
1980 09 23   -2.90
1980 09 24   25.35
1980 09 25   44.53
1980 09 26   70.64
1980 09 27   82.88
1980 09 28   65.05
1980 09 29   46.88
1980 09 30   18.94
1980 10 01   22.88
1980 10 02   62.59
1980 10 03   42.33
1980 10 04   39.22
1980 10 05  106.24
1980 10 06  146.85
1980 10 07  141.56
1980 10 08   95.63
1980 10 09   45.49
1980 10 10   65.40
1980 10 11  110.10
1980 10 12  122.28
1980 10 13  122.27
1980 10 14  110.19
1980 10 15  122.25
1980 10 16  145.29
1980 10 17  120.78
1980 10 18   97.17
1980 10 19   84.14
1980 10 20   66.30
1980 10 21   39.06
1980 10 22   11.61
1980 10 23   15.76
1980 10 24   46.62
1980 10 25   53.66
1980 10 26   23.84
1980 10 27   28.54
1980 10 28   52.22
1980 10 29   33.45
1980 10 30   13.82
1980 10 31   16.24
1980 11 01   34.81
1980 11 02   68.80
1980 11 03   51.74
1980 11 04   34.02
1980 11 05   14.26
1980 11 06   20.31
1980 11 07   31.03
1980 11 08   35.57
1980 11 09   89.93
1980 11 10  167.81
1980 11 11  144.57
1980 11 12  120.89
1980 11 13   62.37
1980 11 14   54.50
1980 11 15  117.53
1980 11 16  164.93
1980 11 17  156.24
1980 11 18  118.05
1980 11 19   92.36
1980 11 20   78.18
1980 11 21   83.70
1980 11 22   78.62
1980 11 23   57.94
1980 11 24   67.32
1980 11 25   63.62
1980 11 26   44.59
1980 11 27   40.68
1980 11 28  -23.86
1980 11 29  -91.02
1980 11 30 -106.11
1980 12 01  -89.31
1980 12 02 -128.70
1980 12 03 -171.30
1980 12 04 -212.34
1980 12 05 -260.19
1980 12 06 -287.26
1980 12 07 -261.96
1980 12 08 -233.91
1980 12 09 -218.18
1980 12 10 -199.51
1980 12 11 -172.86
1980 12 12 -176.08
1980 12 13 -186.30
1980 12 14 -106.80
1980 12 15  -81.92
1980 12 16 -139.76
1980 12 17 -229.21
1980 12 18 -281.33
1980 12 19 -309.22
1980 12 20 -303.40
1980 12 21 -284.86
1980 12 22 -306.86
1980 12 23 -310.95
1980 12 24 -309.34
1980 12 25 -263.13
1980 12 26 -199.37
1980 12 27 -146.84
1980 12 28 -130.38
1980 12 29  -95.69
1980 12 30  -93.11
1980 12 31 -108.44
1981 01 01  -83.18
1981 01 02  -84.76
1981 01 03  -91.20
1981 01 04  -60.74
1981 01 05  -25.04
1981 01 06    7.05
1981 01 07   22.28
1981 01 08   25.66
1981 01 09   25.66
1981 01 10   23.54
1981 01 11  -11.95
1981 01 12  -44.52
1981 01 13  -65.80
1981 01 14  -44.70
1981 01 15    5.28
1981 01 16    5.75
1981 01 17    0.72
1981 01 18   31.25
1981 01 19   46.40
1981 01 20   26.63
1981 01 21   24.00
1981 01 22   42.61
1981 01 23   63.03
1981 01 24   83.26
1981 01 25   91.29
1981 01 26  113.67
1981 01 27  122.05
1981 01 28  105.76
1981 01 29   75.84
1981 01 30   54.95
1981 01 31   39.02
1981 02 01    3.21
1981 02 02  -32.32
1981 02 03  -50.00
1981 02 04  -56.94
1981 02 05  -55.65
1981 02 06  -59.05
1981 02 07 -105.72
1981 02 08 -157.39
1981 02 09 -188.17
1981 02 10 -208.77
1981 02 11 -234.48
1981 02 12 -231.90
1981 02 13 -204.97
1981 02 14 -146.78
1981 02 15  -81.25
1981 02 16  -31.60
1981 02 17   -2.83
1981 02 18   25.49
1981 02 19   59.72
1981 02 20   89.74
1981 02 21  112.98
1981 02 22   72.54
1981 02 23   15.63
1981 02 24   28.62
1981 02 25   74.54
1981 02 26   59.87
1981 02 27   84.33
1981 02 28  135.91
1981 03 01  161.48
1981 03 02  162.20
1981 03 03  153.60
1981 03 04  160.88
1981 03 05  156.97
1981 03 06  138.95
1981 03 07  111.62
1981 03 08   70.35
1981 03 09   42.46
1981 03 10   17.61
1981 03 11   51.80
1981 03 12  102.28
1981 03 13  122.71
1981 03 14  120.82
1981 03 15   75.35
1981 03 16   16.18
1981 03 17   27.65
1981 03 18   58.66
1981 03 19   93.72
1981 03 20   46.00
1981 03 21   -0.62
1981 03 22  -47.09
1981 03 23  -87.15
1981 03 24  -95.26
1981 03 25  -81.66
1981 03 26  -42.14
1981 03 27    5.07
1981 03 28   54.63
1981 03 29  105.89
1981 03 30  135.05
1981 03 31  125.38
1981 04 01  169.11
1981 04 02  149.56
1981 04 03   89.62
1981 04 04   65.60
1981 04 05   76.00
1981 04 06   42.41
1981 04 07   -5.95
1981 04 08  -37.69
1981 04 09  -55.48
1981 04 10  -52.87
1981 04 11  -27.04
1981 04 12  -44.48
1981 04 13  -93.37
1981 04 14 -113.82
1981 04 15 -107.58
1981 04 16  -82.10
1981 04 17  -57.64
1981 04 18   13.57
1981 04 19   96.14
1981 04 20  117.90
1981 04 21   71.07
1981 04 22   42.03
1981 04 23   48.27
1981 04 24   43.83
1981 04 25   10.64
1981 04 26  -30.53
1981 04 27  -27.47
1981 04 28    7.94
1981 04 29   32.48
1981 04 30   54.32
1981 05 01   63.12
1981 05 02   66.55
1981 05 03   45.58
1981 05 04    4.34
1981 05 05  -51.26
1981 05 06  -85.11
1981 05 07 -120.51
1981 05 08 -181.51
1981 05 09 -209.74
1981 05 10 -190.89
1981 05 11 -157.34
1981 05 12 -130.99
1981 05 13 -108.88
1981 05 14  -78.85
1981 05 15  -39.81
1981 05 16   -2.54
1981 05 17   32.29
1981 05 18   75.61
1981 05 19  121.81
1981 05 20  169.83
1981 05 21  180.63
1981 05 22  171.95
1981 05 23  150.69
1981 05 24  103.48
1981 05 25   24.76
1981 05 26  -31.90
1981 05 27  -41.96
1981 05 28  -30.92
1981 05 29  -30.83
1981 05 30  -32.44
1981 05 31    8.87
1981 06 01   38.24
1981 06 02   30.33
1981 06 03   30.57
1981 06 04   28.92
1981 06 05   30.48
1981 06 06   40.21
1981 06 07   53.91
1981 06 08   58.96
1981 06 09   60.26
1981 06 10   48.23
1981 06 11   38.81
1981 06 12   31.56
1981 06 13   22.87
1981 06 14    7.82
1981 06 15  -11.73
1981 06 16  -29.72
1981 06 17  -20.61
1981 06 18  -12.53
1981 06 19  -14.69
1981 06 20   -4.39
1981 06 21  -10.51
1981 06 22  -30.81
1981 06 23  -33.92
1981 06 24  -47.88
1981 06 25  -74.13
1981 06 26 -101.35
1981 06 27  -99.37
1981 06 28  -83.43
1981 06 29  -55.48
1981 06 30  -40.45
1981 07 01  -13.29
1981 07 02  -12.06
1981 07 03   -8.98
1981 07 04   -9.46
1981 07 05   -8.82
1981 07 06   -8.40
1981 07 07    6.66
1981 07 08   24.74
1981 07 09   43.99
1981 07 10   70.01
1981 07 11   59.76
1981 07 12   39.86
1981 07 13   20.83
1981 07 14   -5.68
1981 07 15  -21.09
1981 07 16  -25.63
1981 07 17  -28.79
1981 07 18  -18.87
1981 07 19  -10.73
1981 07 20  -13.85
1981 07 21  -19.13
1981 07 22  -13.22
1981 07 23   -2.88
1981 07 24   23.74
1981 07 25   44.52
1981 07 26   35.66
1981 07 27   24.89
1981 07 28   13.41
1981 07 29   -0.40
1981 07 30   -6.93
1981 07 31  -14.41
1981 08 01  -23.80
1981 08 02  -32.28
1981 08 03  -33.36
1981 08 04  -61.59
1981 08 05  -94.13
1981 08 06  -96.33
1981 08 07  -93.21
1981 08 08  -76.92
1981 08 09  -55.21
1981 08 10  -39.73
1981 08 11  -38.19
1981 08 12  -23.34
1981 08 13    9.63
1981 08 14   50.56
1981 08 15   62.15
1981 08 16   45.70
1981 08 17   17.23
1981 08 18    7.53
1981 08 19   18.67
1981 08 20   11.33
1981 08 21    6.57
1981 08 22   21.90
1981 08 23   14.85
1981 08 24    0.84
1981 08 25  -11.77
1981 08 26  -17.30
1981 08 27    0.49
1981 08 28   24.06
1981 08 29   21.34
1981 08 30   26.50
1981 08 31   25.31
1981 09 01   21.57
1981 09 02   58.00
1981 09 03   74.92
1981 09 04   80.46
1981 09 05   92.30
1981 09 06  114.45
1981 09 07  103.16
1981 09 08   95.52
1981 09 09   93.99
1981 09 10   83.00
1981 09 11   77.89
1981 09 12   58.97
1981 09 13   32.92
1981 09 14   25.88
1981 09 15   51.61
1981 09 16   53.47
1981 09 17   24.33
1981 09 18   19.71
1981 09 19   13.92
1981 09 20  -22.84
1981 09 21  -59.54
1981 09 22  -74.55
1981 09 23  -87.03
1981 09 24  -83.84
1981 09 25  -88.26
1981 09 26  -83.32
1981 09 27  -98.87
1981 09 28  -99.09
1981 09 29  -92.94
1981 09 30  -95.71
1981 10 01 -101.00
1981 10 02 -129.70
1981 10 03 -125.07
1981 10 04  -88.02
1981 10 05  -84.29
1981 10 06  -81.21
1981 10 07  -63.34
1981 10 08  -33.25
1981 10 09  -66.12
1981 10 10  -91.22
1981 10 11  -55.07
1981 10 12  -35.78
1981 10 13  -33.89
1981 10 14  -50.07
1981 10 15  -41.77
1981 10 16  -35.43
1981 10 17  -55.95
1981 10 18  -38.38
1981 10 19  -56.87
1981 10 20  -60.14
1981 10 21  -39.87
1981 10 22  -34.47
1981 10 23  -49.65
1981 10 24  -60.17
1981 10 25   -6.82
1981 10 26   19.66
1981 10 27   13.95
1981 10 28   23.37
1981 10 29   20.31
1981 10 30   -2.58
1981 10 31  -26.64
1981 11 01  -31.99
1981 11 02  -12.11
1981 11 03   -8.68
1981 11 04   -5.84
1981 11 05   28.85
1981 11 06   48.23
1981 11 07   63.71
1981 11 08   96.35
1981 11 09  118.10
1981 11 10  116.74
1981 11 11  110.17
1981 11 12   93.98
1981 11 13   50.49
1981 11 14    6.64
1981 11 15   17.01
1981 11 16   36.40
1981 11 17   11.67
1981 11 18   47.52
1981 11 19   61.97
1981 11 20   34.05
1981 11 21   -8.78
1981 11 22  -38.01
1981 11 23    3.16
1981 11 24   90.38
1981 11 25   71.99
1981 11 26   47.56
1981 11 27   73.32
1981 11 28  101.04
1981 11 29  104.02
1981 11 30  132.30
1981 12 01  153.31
1981 12 02  142.20
1981 12 03  129.23
1981 12 04  111.22
1981 12 05   90.93
1981 12 06   70.10
1981 12 07   44.00
1981 12 08   42.99
1981 12 09   12.37
1981 12 10    4.24
1981 12 11   -1.47
1981 12 12  -51.14
1981 12 13 -111.69
1981 12 14 -111.90
1981 12 15  -62.48
1981 12 16   -6.64
1981 12 17   41.70
1981 12 18   87.38
1981 12 19  117.81
1981 12 20  117.95
1981 12 21  135.32
1981 12 22  110.22
1981 12 23   72.84
1981 12 24   45.98
1981 12 25    3.41
1981 12 26  -33.28
1981 12 27  -48.07
1981 12 28  -62.12
1981 12 29  -61.92
1981 12 30  -44.41
1981 12 31   -2.48
1982 01 01   38.01
1982 01 02   33.69
1982 01 03   35.48
1982 01 04   25.14
1982 01 05  -25.72
1982 01 06  -44.95
1982 01 07  -33.60
1982 01 08  -61.05
1982 01 09 -104.16
1982 01 10 -154.35
1982 01 11 -168.09
1982 01 12 -144.22
1982 01 13 -100.66
1982 01 14  -83.87
1982 01 15  -10.30
1982 01 16   27.68
1982 01 17   13.51
1982 01 18  -36.55
1982 01 19  -69.12
1982 01 20    4.59
1982 01 21   59.02
1982 01 22   65.87
1982 01 23   87.42
1982 01 24   36.61
1982 01 25    6.50
1982 01 26   45.46
1982 01 27   76.30
1982 01 28  112.75
1982 01 29  112.54
1982 01 30   80.72
1982 01 31   38.56
1982 02 01  -17.22
1982 02 02  -82.25
1982 02 03  -85.55
1982 02 04 -106.09
1982 02 05 -165.95
1982 02 06 -188.18
1982 02 07 -196.18
1982 02 08 -264.30
1982 02 09 -329.43
1982 02 10 -325.60
1982 02 11 -337.32
1982 02 12 -361.97
1982 02 13 -351.58
1982 02 14 -265.11
1982 02 15 -162.21
1982 02 16  -78.40
1982 02 17  -74.87
1982 02 18  -63.48
1982 02 19  -39.72
1982 02 20  -50.47
1982 02 21  -67.46
1982 02 22  -86.35
1982 02 23 -119.98
1982 02 24 -153.43
1982 02 25 -153.64
1982 02 26 -172.05
1982 02 27 -132.58
1982 02 28  -86.66
1982 03 01  -89.80
1982 03 02  -90.90
1982 03 03  -80.04
1982 03 04  -31.70
1982 03 05   28.96
1982 03 06   69.75
1982 03 07   75.69
1982 03 08   84.90
1982 03 09   97.92
1982 03 10   96.32
1982 03 11  132.89
1982 03 12  107.96
1982 03 13   91.43
1982 03 14   84.97
1982 03 15   34.60
1982 03 16   30.86
1982 03 17   56.86
1982 03 18   60.01
1982 03 19   40.56
1982 03 20   31.11
1982 03 21   31.82
1982 03 22  -21.25
1982 03 23  -90.93
1982 03 24 -114.62
1982 03 25  -71.85
1982 03 26  -19.81
1982 03 27   19.92
1982 03 28   46.45
1982 03 29   45.37
1982 03 30   16.06
1982 03 31  -17.91
1982 04 01  -42.38
1982 04 02  -47.74
1982 04 03  -20.79
1982 04 04   17.63
1982 04 05   62.02
1982 04 06   62.67
1982 04 07   18.37
1982 04 08  -45.03
1982 04 09  -85.18
1982 04 10 -111.76
1982 04 11  -86.55
1982 04 12  -46.78
1982 04 13  -31.23
1982 04 14  -14.62
1982 04 15  -10.01
1982 04 16  -19.74
1982 04 17  -65.66
1982 04 18  -78.30
1982 04 19  -67.57
1982 04 20  -55.19
1982 04 21  -46.58
1982 04 22  -33.95
1982 04 23  -48.87
1982 04 24  -54.54
1982 04 25  -42.00
1982 04 26  -11.06
1982 04 27   20.99
1982 04 28   53.60
1982 04 29   62.78
1982 04 30   61.59
1982 05 01   57.03
1982 05 02   53.12
1982 05 03   47.17
1982 05 04   37.87
1982 05 05   41.50
1982 05 06   33.15
1982 05 07    3.53
1982 05 08   -8.41
1982 05 09   13.11
1982 05 10   40.83
1982 05 11   49.29
1982 05 12   43.58
1982 05 13   27.57
1982 05 14   25.52
1982 05 15   28.61
1982 05 16   62.68
1982 05 17   74.38
1982 05 18   59.64
1982 05 19   41.23
1982 05 20   36.30
1982 05 21   39.02
1982 05 22   55.31
1982 05 23   72.47
1982 05 24   96.14
1982 05 25   63.76
1982 05 26   37.20
1982 05 27   56.04
1982 05 28   49.73
1982 05 29   25.03
1982 05 30   16.39
1982 05 31   39.61
1982 06 01   50.93
1982 06 02   73.51
1982 06 03   77.07
1982 06 04  117.04
1982 06 05  137.39
1982 06 06  141.49
1982 06 07  120.81
1982 06 08   93.45
1982 06 09   98.48
1982 06 10  114.30
1982 06 11  114.14
1982 06 12   89.09
1982 06 13   72.18
1982 06 14   74.45
1982 06 15   56.85
1982 06 16   44.61
1982 06 17   70.90
1982 06 18   77.06
1982 06 19   81.71
1982 06 20   84.43
1982 06 21   61.62
1982 06 22   28.74
1982 06 23   -8.20
1982 06 24  -38.92
1982 06 25  -16.64
1982 06 26   18.04
1982 06 27   40.88
1982 06 28   71.66
1982 06 29   96.48
1982 06 30  112.34
1982 07 01  125.69
1982 07 02  140.72
1982 07 03  129.40
1982 07 04  116.29
1982 07 05  107.01
1982 07 06  108.74
1982 07 07  105.49
1982 07 08   89.87
1982 07 09   88.78
1982 07 10   72.16
1982 07 11   52.99
1982 07 12   20.40
1982 07 13    2.86
1982 07 14   -0.96
1982 07 15   11.69
1982 07 16    2.93
1982 07 17  -13.67
1982 07 18  -28.68
1982 07 19  -47.29
1982 07 20  -49.30
1982 07 21  -37.57
1982 07 22  -19.74
1982 07 23  -14.56
1982 07 24  -18.74
1982 07 25  -20.49
1982 07 26  -21.21
1982 07 27  -15.66
1982 07 28    9.99
1982 07 29   38.72
1982 07 30   33.88
1982 07 31   27.17
1982 08 01   11.91
1982 08 02    8.21
1982 08 03    1.28
1982 08 04   -4.26
1982 08 05   -8.40
1982 08 06    2.10
1982 08 07   36.67
1982 08 08   73.61
1982 08 09   63.94
1982 08 10   47.36
1982 08 11   44.09
1982 08 12   48.62
1982 08 13   68.43
1982 08 14   49.29
1982 08 15   21.34
1982 08 16   -4.07
1982 08 17  -23.14
1982 08 18  -40.97
1982 08 19  -58.63
1982 08 20  -92.82
1982 08 21 -115.08
1982 08 22 -101.40
1982 08 23  -65.37
1982 08 24  -42.01
1982 08 25  -47.62
1982 08 26  -47.68
1982 08 27  -34.54
1982 08 28  -12.26
1982 08 29    0.29
1982 08 30   -6.81
1982 08 31  -10.01
1982 09 01  -23.98
1982 09 02  -20.72
1982 09 03  -19.98
1982 09 04   -5.57
1982 09 05   29.57
1982 09 06   34.03
1982 09 07    0.21
1982 09 08   -3.68
1982 09 09    3.70
1982 09 10    0.78
1982 09 11  -26.50
1982 09 12  -36.84
1982 09 13  -22.24
1982 09 14  -22.04
1982 09 15   11.55
1982 09 16   31.50
1982 09 17    5.54
1982 09 18   -6.05
1982 09 19   -0.28
1982 09 20    6.49
1982 09 21    9.21
1982 09 22   14.74
1982 09 23   30.12
1982 09 24   48.64
1982 09 25   41.40
1982 09 26   18.07
1982 09 27  -29.41
1982 09 28  -45.83
1982 09 29  -11.90
1982 09 30   -0.34
1982 10 01  -15.85
1982 10 02  -25.55
1982 10 03  -32.72
1982 10 04  -35.84
1982 10 05  -42.61
1982 10 06   -2.21
1982 10 07   20.16
1982 10 08   18.88
1982 10 09   29.68
1982 10 10   33.45
1982 10 11   44.63
1982 10 12   74.64
1982 10 13   64.19
1982 10 14   -1.13
1982 10 15  -50.11
1982 10 16  -69.83
1982 10 17 -111.03
1982 10 18 -146.06
1982 10 19 -234.22
1982 10 20 -318.79
1982 10 21 -310.84
1982 10 22 -236.71
1982 10 23 -175.78
1982 10 24 -126.88
1982 10 25  -70.30
1982 10 26  -36.25
1982 10 27   -7.43
1982 10 28   52.35
1982 10 29   89.83
1982 10 30   99.86
1982 10 31   73.99
1982 11 01   31.75
1982 11 02   31.21
1982 11 03   91.70
1982 11 04  125.14
1982 11 05   85.03
1982 11 06   27.76
1982 11 07    9.31
1982 11 08   36.07
1982 11 09   61.32
1982 11 10   64.77
1982 11 11   46.97
1982 11 12   57.99
1982 11 13   65.66
1982 11 14   73.24
1982 11 15   98.27
1982 11 16  111.04
1982 11 17   98.58
1982 11 18  104.68
1982 11 19   90.20
1982 11 20   61.55
1982 11 21   13.08
1982 11 22  -51.00
1982 11 23 -109.87
1982 11 24  -93.67
1982 11 25  -83.24
1982 11 26  -43.02
1982 11 27  -20.00
1982 11 28   -3.37
1982 11 29   18.44
1982 11 30   20.83
1982 12 01   26.86
1982 12 02   71.33
1982 12 03  116.59
1982 12 04   90.85
1982 12 05   40.61
1982 12 06   23.28
1982 12 07  113.25
1982 12 08  149.19
1982 12 09   86.47
1982 12 10   14.59
1982 12 11   23.63
1982 12 12   94.89
1982 12 13  176.97
1982 12 14  167.55
1982 12 15  114.03
1982 12 16   80.00
1982 12 17   83.56
1982 12 18  128.54
1982 12 19  222.92
1982 12 20  206.39
1982 12 21  160.28
1982 12 22   93.92
1982 12 23   29.58
1982 12 24   25.15
1982 12 25   46.22
1982 12 26   59.49
1982 12 27   39.02
1982 12 28   28.34
1982 12 29   18.50
1982 12 30   -4.64
1982 12 31  -51.86
1983 01 01  -84.02
1983 01 02 -118.97
1983 01 03 -128.30
1983 01 04 -115.05
1983 01 05  -48.40
1983 01 06   19.47
1983 01 07   75.06
1983 01 08   69.84
1983 01 09   29.09
1983 01 10   11.05
1983 01 11   34.41
1983 01 12   49.70
1983 01 13   32.19
1983 01 14   14.99
1983 01 15   -4.45
1983 01 16  -11.05
1983 01 17  -12.08
1983 01 18   15.10
1983 01 19   39.41
1983 01 20   42.56
1983 01 21   24.46
1983 01 22    1.96
1983 01 23  -35.86
1983 01 24  -20.13
1983 01 25   11.18
1983 01 26   71.60
1983 01 27  105.52
1983 01 28  115.97
1983 01 29   97.41
1983 01 30   75.42
1983 01 31   66.18
1983 02 01   76.61
1983 02 02   78.87
1983 02 03   67.90
1983 02 04   64.82
1983 02 05   61.26
1983 02 06   66.30
1983 02 07   58.62
1983 02 08   40.90
1983 02 09   24.89
1983 02 10    7.71
1983 02 11   11.13
1983 02 12   28.61
1983 02 13   25.70
1983 02 14   -3.65
1983 02 15  -70.91
1983 02 16 -102.13
1983 02 17  -83.63
1983 02 18  -86.89
1983 02 19  -84.93
1983 02 20  -82.30
1983 02 21  -85.01
1983 02 22  -66.09
1983 02 23  -27.57
1983 02 24   23.10
1983 02 25   23.71
1983 02 26    3.68
1983 02 27   -8.19
1983 02 28    6.98
1983 03 01    0.48
1983 03 02  -18.52
1983 03 03  -28.21
1983 03 04  -31.19
1983 03 05  -62.83
1983 03 06  -90.33
1983 03 07 -124.55
1983 03 08 -140.98
1983 03 09 -133.26
1983 03 10  -99.77
1983 03 11  -83.81
1983 03 12  -40.16
1983 03 13    1.59
1983 03 14    7.24
1983 03 15   10.35
1983 03 16    8.65
1983 03 17  -13.87
1983 03 18  -46.97
1983 03 19  -31.65
1983 03 20  -51.19
1983 03 21  -65.94
1983 03 22  -56.60
1983 03 23  -41.57
1983 03 24  -37.13
1983 03 25  -39.95
1983 03 26  -50.54
1983 03 27  -32.66
1983 03 28   -8.97
1983 03 29    2.09
1983 03 30    9.35
1983 03 31    5.36
1983 04 01  -23.77
1983 04 02  -59.54
1983 04 03  -77.90
1983 04 04  -60.80
1983 04 05  -43.90
1983 04 06  -63.77
1983 04 07  -74.75
1983 04 08  -72.55
1983 04 09  -57.20
1983 04 10  -24.21
1983 04 11   41.48
1983 04 12   54.09
1983 04 13   63.37
1983 04 14   85.64
1983 04 15  104.54
1983 04 16  106.60
1983 04 17  166.21
1983 04 18  214.87
1983 04 19  226.09
1983 04 20  200.28
1983 04 21  168.09
1983 04 22  117.40
1983 04 23   95.26
1983 04 24  113.03
1983 04 25   80.06
1983 04 26   26.30
1983 04 27    0.48
1983 04 28   12.58
1983 04 29   -4.69
1983 04 30   14.21
1983 05 01   73.33
1983 05 02  113.17
1983 05 03  108.90
1983 05 04  104.95
1983 05 05   60.64
1983 05 06   16.02
1983 05 07   -1.75
1983 05 08  -21.57
1983 05 09  -26.50
1983 05 10  -24.12
1983 05 11  -31.00
1983 05 12  -16.18
1983 05 13   -3.15
1983 05 14  -24.78
1983 05 15  -19.91
1983 05 16    9.55
1983 05 17   -5.12
1983 05 18   -5.49
1983 05 19   37.45
1983 05 20   61.27
1983 05 21   70.13
1983 05 22   67.15
1983 05 23   45.31
1983 05 24   55.36
1983 05 25   86.99
1983 05 26   93.00
1983 05 27   63.50
1983 05 28   65.08
1983 05 29   67.46
1983 05 30   46.17
1983 05 31   12.48
1983 06 01   -4.54
1983 06 02  -23.68
1983 06 03  -58.19
1983 06 04  -56.63
1983 06 05  -39.42
1983 06 06  -31.84
1983 06 07  -34.97
1983 06 08  -32.49
1983 06 09  -24.18
1983 06 10   11.11
1983 06 11   37.17
1983 06 12   44.44
1983 06 13   48.74
1983 06 14   63.23
1983 06 15  100.31
1983 06 16  110.02
1983 06 17   92.98
1983 06 18   80.86
1983 06 19   54.06
1983 06 20   36.79
1983 06 21   15.37
1983 06 22  -16.66
1983 06 23  -13.39
1983 06 24   17.53
1983 06 25   19.79
1983 06 26    1.85
1983 06 27   -0.39
1983 06 28    9.29
1983 06 29   29.25
1983 06 30   43.81
1983 07 01   40.47
1983 07 02   25.19
1983 07 03   -7.43
1983 07 04  -10.92
1983 07 05   13.02
1983 07 06   24.26
1983 07 07   46.59
1983 07 08   75.63
1983 07 09   82.94
1983 07 10   64.80
1983 07 11   32.03
1983 07 12   11.95
1983 07 13  -17.36
1983 07 14  -41.29
1983 07 15  -58.77
1983 07 16  -44.44
1983 07 17   -7.90
1983 07 18   20.95
1983 07 19   44.96
1983 07 20   53.00
1983 07 21   40.64
1983 07 22   45.06
1983 07 23   59.03
1983 07 24   79.32
1983 07 25   86.47
1983 07 26   68.70
1983 07 27   44.64
1983 07 28   28.50
1983 07 29   32.04
1983 07 30   35.32
1983 07 31   26.68
1983 08 01   28.15
1983 08 02   22.74
1983 08 03   18.67
1983 08 04   11.76
1983 08 05   28.87
1983 08 06   83.15
1983 08 07  114.06
1983 08 08  120.94
1983 08 09  104.10
1983 08 10   72.62
1983 08 11   30.58
1983 08 12   -3.67
1983 08 13   -9.58
1983 08 14   13.01
1983 08 15   13.28
1983 08 16  -16.67
1983 08 17  -72.68
1983 08 18 -118.27
1983 08 19 -138.75
1983 08 20 -159.65
1983 08 21 -141.11
1983 08 22 -106.46
1983 08 23  -63.27
1983 08 24  -30.70
1983 08 25  -20.72
1983 08 26  -10.83
1983 08 27  -27.18
1983 08 28  -19.89
1983 08 29    7.59
1983 08 30   18.75
1983 08 31    8.23
1983 09 01   14.53
1983 09 02   18.94
1983 09 03  -17.19
1983 09 04  -64.42
1983 09 05  -86.41
1983 09 06  -81.15
1983 09 07  -53.86
1983 09 08  -24.26
1983 09 09  -11.14
1983 09 10  -18.86
1983 09 11   -7.14
1983 09 12   19.82
1983 09 13   21.78
1983 09 14   -1.77
1983 09 15  -52.81
1983 09 16  -87.87
1983 09 17 -103.97
1983 09 18 -110.89
1983 09 19 -102.33
1983 09 20 -100.00
1983 09 21  -99.87
1983 09 22  -90.58
1983 09 23  -88.51
1983 09 24  -89.88
1983 09 25  -80.39
1983 09 26  -35.76
1983 09 27  -13.56
1983 09 28   -1.96
1983 09 29   35.96
1983 09 30   85.31
1983 10 01   76.34
1983 10 02   55.13
1983 10 03   25.33
1983 10 04   -3.40
1983 10 05  -59.89
1983 10 06 -107.42
1983 10 07  -80.55
1983 10 08  -19.99
1983 10 09   20.22
1983 10 10    4.77
1983 10 11  -23.14
1983 10 12  -40.74
1983 10 13  -16.51
1983 10 14   -7.68
1983 10 15   -9.12
1983 10 16   -2.82
1983 10 17   -8.72
1983 10 18    2.36
1983 10 19   39.84
1983 10 20   71.30
1983 10 21   79.44
1983 10 22   71.54
1983 10 23   29.17
1983 10 24    9.09
1983 10 25   43.20
1983 10 26  100.20
1983 10 27   93.97
1983 10 28   67.14
1983 10 29   74.02
1983 10 30   59.56
1983 10 31   79.00
1983 11 01   92.20
1983 11 02  107.99
1983 11 03  108.10
1983 11 04  101.84
1983 11 05   93.43
1983 11 06  106.12
1983 11 07  120.97
1983 11 08  126.92
1983 11 09  119.42
1983 11 10   76.72
1983 11 11   42.24
1983 11 12   30.25
1983 11 13   43.40
1983 11 14   43.46
1983 11 15   43.99
1983 11 16   50.92
1983 11 17   46.23
1983 11 18   39.16
1983 11 19   65.60
1983 11 20   31.15
1983 11 21   51.18
1983 11 22   63.11
1983 11 23   26.08
1983 11 24   -0.28
1983 11 25  -15.31
1983 11 26  -17.23
1983 11 27  -65.42
1983 11 28  -72.75
1983 11 29  -35.24
1983 11 30   -7.81
1983 12 01    3.44
1983 12 02   37.52
1983 12 03   50.88
1983 12 04   23.02
1983 12 05   24.94
1983 12 06   49.08
1983 12 07   38.01
1983 12 08    6.11
1983 12 09  -20.07
1983 12 10  -40.76
1983 12 11  -57.79
1983 12 12  -68.11
1983 12 13  -35.44
1983 12 14  -54.03
1983 12 15  -79.83
1983 12 16  -85.76
1983 12 17 -116.98
1983 12 18 -183.40
1983 12 19 -168.07
1983 12 20 -146.27
1983 12 21 -169.66
1983 12 22 -197.49
1983 12 23 -256.18
1983 12 24 -377.50
1983 12 25 -433.96
1983 12 26 -369.66
1983 12 27 -306.06
1983 12 28 -262.09
1983 12 29 -207.43
1983 12 30 -146.00
1983 12 31 -123.70
1984 01 01  -85.46
1984 01 02  -34.54
1984 01 03   11.66
1984 01 04   64.22
1984 01 05   61.18
1984 01 06   51.19
1984 01 07   34.57
1984 01 08   40.07
1984 01 09   55.21
1984 01 10   77.13
1984 01 11   68.72
1984 01 12   33.74
1984 01 13    0.54
1984 01 14  -46.42
1984 01 15 -113.70
1984 01 16 -173.62
1984 01 17 -244.89
1984 01 18 -312.26
1984 01 19 -321.46
1984 01 20 -285.75
1984 01 21 -226.46
1984 01 22 -173.38
1984 01 23 -109.47
1984 01 24  -62.03
1984 01 25  -24.34
1984 01 26   28.48
1984 01 27   58.04
1984 01 28   39.65
1984 01 29   43.55
1984 01 30   54.06
1984 01 31   57.07
1984 02 01   67.29
1984 02 02   42.51
1984 02 03  -37.40
1984 02 04  -75.37
1984 02 05  -80.51
1984 02 06  -70.76
1984 02 07  -58.46
1984 02 08  -44.05
1984 02 09   -0.01
1984 02 10   44.56
1984 02 11   56.73
1984 02 12   81.72
1984 02 13  105.17
1984 02 14   88.10
1984 02 15   55.27
1984 02 16   56.03
1984 02 17   92.22
1984 02 18   95.90
1984 02 19   97.22
1984 02 20  133.79
1984 02 21  140.68
1984 02 22  119.76
1984 02 23  104.12
1984 02 24   78.07
1984 02 25   16.03
1984 02 26  -64.70
1984 02 27  -61.94
1984 02 28  -73.25
1984 02 29  -61.89
1984 03 01  -19.66
1984 03 02  -18.64
1984 03 03  -67.68
1984 03 04  -88.81
1984 03 05 -116.22
1984 03 06 -112.08
1984 03 07 -117.50
1984 03 08 -109.60
1984 03 09 -103.73
1984 03 10  -71.71
1984 03 11  -78.81
1984 03 12  -89.76
1984 03 13  -83.48
1984 03 14  -59.77
1984 03 15  -47.99
1984 03 16  -47.40
1984 03 17  -37.15
1984 03 18  -38.33
1984 03 19  -32.21
1984 03 20  -29.64
1984 03 21  -52.23
1984 03 22  -53.96
1984 03 23  -34.19
1984 03 24   14.69
1984 03 25   49.17
1984 03 26   56.87
1984 03 27   51.37
1984 03 28   49.58
1984 03 29   49.03
1984 03 30   68.66
1984 03 31   84.34
1984 04 01   82.71
1984 04 02   81.24
1984 04 03   37.21
1984 04 04   31.78
1984 04 05   47.85
1984 04 06   36.05
1984 04 07   52.82
1984 04 08   98.02
1984 04 09  119.30
1984 04 10  113.85
1984 04 11   95.88
1984 04 12   44.18
1984 04 13   23.65
1984 04 14   45.81
1984 04 15   60.68
1984 04 16   63.20
1984 04 17   35.80
1984 04 18   25.86
1984 04 19   23.17
1984 04 20   33.55
1984 04 21   38.44
1984 04 22    1.95
1984 04 23  -53.62
1984 04 24 -100.85
1984 04 25 -136.93
1984 04 26 -148.10
1984 04 27 -132.53
1984 04 28  -88.84
1984 04 29  -35.27
1984 04 30    7.94
1984 05 01   36.00
1984 05 02   62.54
1984 05 03   62.83
1984 05 04   33.71
1984 05 05   -5.90
1984 05 06  -33.05
1984 05 07  -51.66
1984 05 08  -69.06
1984 05 09  -71.95
1984 05 10  -70.02
1984 05 11  -59.95
1984 05 12  -28.12
1984 05 13   -5.61
1984 05 14   26.81
1984 05 15   53.45
1984 05 16   58.23
1984 05 17   23.93
1984 05 18    5.88
1984 05 19   28.79
1984 05 20   56.92
1984 05 21   55.87
1984 05 22   55.05
1984 05 23   66.53
1984 05 24   42.61
1984 05 25   -3.56
1984 05 26  -25.69
1984 05 27  -12.35
1984 05 28   -3.64
1984 05 29   -2.11
1984 05 30   -3.41
1984 05 31   -0.78
1984 06 01  -15.57
1984 06 02  -18.61
1984 06 03  -10.05
1984 06 04   -2.28
1984 06 05    8.79
1984 06 06    1.10
1984 06 07  -17.35
1984 06 08  -20.61
1984 06 09  -26.29
1984 06 10  -41.11
1984 06 11  -31.71
1984 06 12   -0.49
1984 06 13   28.68
1984 06 14   54.39
1984 06 15   59.94
1984 06 16   44.69
1984 06 17   32.10
1984 06 18   26.50
1984 06 19   17.33
1984 06 20   21.69
1984 06 21   67.22
1984 06 22   97.28
1984 06 23   99.82
1984 06 24   90.54
1984 06 25   69.78
1984 06 26   41.57
1984 06 27   33.05
1984 06 28   54.77
1984 06 29   60.64
1984 06 30   67.01
1984 07 01   57.91
1984 07 02   27.95
1984 07 03   23.14
1984 07 04   14.44
1984 07 05   19.53
1984 07 06   -8.99
1984 07 07  -57.65
1984 07 08  -75.10
1984 07 09  -77.02
1984 07 10  -76.49
1984 07 11  -62.72
1984 07 12  -66.65
1984 07 13  -76.78
1984 07 14  -91.07
1984 07 15 -111.95
1984 07 16 -103.76
1984 07 17  -89.12
1984 07 18  -62.63
1984 07 19  -43.76
1984 07 20  -23.54
1984 07 21   -7.52
1984 07 22    8.80
1984 07 23   10.92
1984 07 24    7.03
1984 07 25   -6.40
1984 07 26  -17.92
1984 07 27  -16.32
1984 07 28  -17.10
1984 07 29   10.97
1984 07 30   58.54
1984 07 31   88.39
1984 08 01   81.13
1984 08 02   62.82
1984 08 03   -7.15
1984 08 04  -41.63
1984 08 05  -43.46
1984 08 06  -31.43
1984 08 07  -36.64
1984 08 08  -38.11
1984 08 09  -32.68
1984 08 10  -29.31
1984 08 11  -30.23
1984 08 12  -19.15
1984 08 13  -27.35
1984 08 14  -58.73
1984 08 15  -40.44
1984 08 16    1.64
1984 08 17   43.09
1984 08 18   78.45
1984 08 19   95.75
1984 08 20   84.51
1984 08 21   53.10
1984 08 22   11.07
1984 08 23  -25.20
1984 08 24  -14.99
1984 08 25  -15.39
1984 08 26  -56.30
1984 08 27  -61.03
1984 08 28  -84.65
1984 08 29 -109.52
1984 08 30 -108.73
1984 08 31  -87.36
1984 09 01  -72.53
1984 09 02  -68.42
1984 09 03  -62.72
1984 09 04  -18.93
1984 09 05   34.22
1984 09 06   28.34
1984 09 07   21.18
1984 09 08   18.80
1984 09 09    1.57
1984 09 10   -3.36
1984 09 11   13.84
1984 09 12   39.01
1984 09 13   40.01
1984 09 14   38.41
1984 09 15   50.08
1984 09 16   47.54
1984 09 17   32.48
1984 09 18   12.49
1984 09 19    1.13
1984 09 20  -29.63
1984 09 21  -63.75
1984 09 22  -78.72
1984 09 23  -53.06
1984 09 24  -16.80
1984 09 25  -25.05
1984 09 26  -30.40
1984 09 27  -20.98
1984 09 28    1.68
1984 09 29   22.22
1984 09 30   33.80
1984 10 01   40.55
1984 10 02   42.44
1984 10 03   51.96
1984 10 04   73.14
1984 10 05   79.12
1984 10 06   74.07
1984 10 07  111.97
1984 10 08  102.17
1984 10 09   43.07
1984 10 10    8.15
1984 10 11   18.69
1984 10 12   21.15
1984 10 13  -31.17
1984 10 14  -77.91
1984 10 15 -106.25
1984 10 16 -141.25
1984 10 17 -219.23
1984 10 18 -287.79
1984 10 19 -286.28
1984 10 20 -249.35
1984 10 21 -226.05
1984 10 22 -178.73
1984 10 23 -104.68
1984 10 24  -85.10
1984 10 25 -115.85
1984 10 26 -153.87
1984 10 27 -125.47
1984 10 28  -99.27
1984 10 29  -58.45
1984 10 30  -22.37
1984 10 31    7.60
1984 11 01   45.29
1984 11 02   26.26
1984 11 03    3.18
1984 11 04   57.02
1984 11 05   70.92
1984 11 06   56.51
1984 11 07   52.78
1984 11 08   47.39
1984 11 09   27.00
1984 11 10  -10.36
1984 11 11    6.02
1984 11 12   60.15
1984 11 13   92.35
1984 11 14  114.56
1984 11 15  100.10
1984 11 16   94.89
1984 11 17   73.96
1984 11 18   83.49
1984 11 19   86.86
1984 11 20   97.65
1984 11 21  124.85
1984 11 22  127.95
1984 11 23  113.07
1984 11 24   84.65
1984 11 25   53.28
1984 11 26   58.44
1984 11 27   78.38
1984 11 28   61.93
1984 11 29   15.46
1984 11 30   -9.56
1984 12 01  -29.15
1984 12 02  -63.94
1984 12 03  -53.61
1984 12 04   -4.22
1984 12 05   68.50
1984 12 06   96.42
1984 12 07  104.21
1984 12 08   73.75
1984 12 09   16.73
1984 12 10   43.88
1984 12 11   93.92
1984 12 12   98.20
1984 12 13   86.72
1984 12 14   81.88
1984 12 15   78.88
1984 12 16  -21.24
1984 12 17  -96.97
1984 12 18 -117.98
1984 12 19  -91.88
1984 12 20  -75.32
1984 12 21  -81.17
1984 12 22  -96.81
1984 12 23 -113.56
1984 12 24 -128.37
1984 12 25 -125.17
1984 12 26 -130.93
1984 12 27 -135.19
1984 12 28  -91.82
1984 12 29  -48.94
1984 12 30  -33.68
1984 12 31  -26.07
1985 01 01    8.30
1985 01 02   33.95
1985 01 03   43.31
1985 01 04   33.54
1985 01 05   34.71
1985 01 06   42.12
1985 01 07   60.71
1985 01 08   66.13
1985 01 09   35.76
1985 01 10   -7.64
1985 01 11  -29.22
1985 01 12  -28.02
1985 01 13  -31.21
1985 01 14  -34.41
1985 01 15  -32.57
1985 01 16  -19.38
1985 01 17  -10.62
1985 01 18    3.28
1985 01 19   -3.55
1985 01 20  -17.49
1985 01 21  -45.44
1985 01 22  -77.67
1985 01 23  -92.22
1985 01 24 -102.13
1985 01 25 -107.80
1985 01 26 -117.91
1985 01 27  -87.62
1985 01 28  -75.48
1985 01 29  -67.26
1985 01 30  -36.02
1985 01 31   -0.37
1985 02 01    4.12
1985 02 02   17.91
1985 02 03    3.85
1985 02 04  -30.92
1985 02 05  -87.74
1985 02 06 -121.85
1985 02 07 -144.96
1985 02 08 -152.21
1985 02 09 -140.93
1985 02 10 -160.00
1985 02 11 -176.06
1985 02 12 -168.05
1985 02 13 -161.41
1985 02 14 -153.66
1985 02 15 -158.91
1985 02 16 -151.12
1985 02 17 -110.59
1985 02 18 -108.82
1985 02 19 -116.93
1985 02 20 -104.03
1985 02 21  -90.48
1985 02 22  -69.38
1985 02 23    5.88
1985 02 24   52.85
1985 02 25   73.68
1985 02 26  115.58
1985 02 27  168.85
1985 02 28  149.38
1985 03 01  102.49
1985 03 02  102.24
1985 03 03  105.24
1985 03 04   68.38
1985 03 05  126.50
1985 03 06  187.77
1985 03 07  197.20
1985 03 08  203.25
1985 03 09  184.64
1985 03 10  240.42
1985 03 11  309.04
1985 03 12  306.32
1985 03 13  292.10
1985 03 14  300.29
1985 03 15  257.35
1985 03 16  229.12
1985 03 17  204.63
1985 03 18  175.42
1985 03 19  169.36
1985 03 20  164.27
1985 03 21  165.87
1985 03 22  120.78
1985 03 23   74.35
1985 03 24   56.24
1985 03 25   28.24
1985 03 26  -42.62
1985 03 27 -115.50
1985 03 28 -106.81
1985 03 29  -56.56
1985 03 30  -18.88
1985 03 31   29.99
1985 04 01   92.50
1985 04 02  111.27
1985 04 03   82.50
1985 04 04   42.40
1985 04 05  -13.72
1985 04 06  -61.57
1985 04 07  -49.56
1985 04 08  -20.47
1985 04 09  -53.71
1985 04 10  -95.92
1985 04 11  -71.75
1985 04 12   10.69
1985 04 13   72.29
1985 04 14   93.40
1985 04 15  102.24
1985 04 16  130.94
1985 04 17  109.60
1985 04 18   85.04
1985 04 19   95.13
1985 04 20   94.77
1985 04 21   48.55
1985 04 22   -5.20
1985 04 23  -41.54
1985 04 24  -76.20
1985 04 25  -68.96
1985 04 26  -34.74
1985 04 27  -39.33
1985 04 28  -53.25
1985 04 29  -14.83
1985 04 30   45.26
1985 05 01   69.80
1985 05 02   95.46
1985 05 03  131.44
1985 05 04  113.32
1985 05 05  109.43
1985 05 06  142.43
1985 05 07  179.93
1985 05 08  189.23
1985 05 09  157.90
1985 05 10  124.86
1985 05 11  108.28
1985 05 12   98.73
1985 05 13   92.37
1985 05 14   51.08
1985 05 15   27.32
1985 05 16   38.30
1985 05 17   70.48
1985 05 18   46.33
1985 05 19   20.27
1985 05 20   24.12
1985 05 21   29.78
1985 05 22   15.01
1985 05 23  -18.80
1985 05 24  -64.90
1985 05 25 -101.13
1985 05 26 -123.81
1985 05 27  -77.78
1985 05 28  -13.49
1985 05 29   23.33
1985 05 30   58.13
1985 05 31  107.04
1985 06 01  144.32
1985 06 02  129.64
1985 06 03  118.03
1985 06 04   99.05
1985 06 05   63.19
1985 06 06   44.25
1985 06 07   42.78
1985 06 08   13.15
1985 06 09  -32.19
1985 06 10  -42.02
1985 06 11    1.78
1985 06 12   42.64
1985 06 13   63.89
1985 06 14   73.86
1985 06 15   70.60
1985 06 16   52.81
1985 06 17   54.70
1985 06 18   82.33
1985 06 19   93.14
1985 06 20  103.26
1985 06 21   71.02
1985 06 22   18.67
1985 06 23  -20.38
1985 06 24  -59.55
1985 06 25  -84.70
1985 06 26  -74.97
1985 06 27  -54.02
1985 06 28  -44.08
1985 06 29  -37.78
1985 06 30  -13.90
1985 07 01  -20.36
1985 07 02  -21.64
1985 07 03    9.64
1985 07 04   41.60
1985 07 05   46.15
1985 07 06   45.89
1985 07 07   20.08
1985 07 08  -15.44
1985 07 09  -48.55
1985 07 10  -45.52
1985 07 11  -37.90
1985 07 12  -35.05
1985 07 13  -32.09
1985 07 14  -30.08
1985 07 15  -37.28
1985 07 16  -33.60
1985 07 17  -25.85
1985 07 18   -7.44
1985 07 19   20.16
1985 07 20   19.57
1985 07 21    4.41
1985 07 22    3.37
1985 07 23  -10.52
1985 07 24  -31.13
1985 07 25  -41.67
1985 07 26  -51.83
1985 07 27  -53.00
1985 07 28  -41.73
1985 07 29   -8.20
1985 07 30   17.21
1985 07 31   33.87
1985 08 01   46.06
1985 08 02   68.80
1985 08 03   83.93
1985 08 04   92.41
1985 08 05   96.55
1985 08 06   93.62
1985 08 07  108.40
1985 08 08  112.45
1985 08 09   98.09
1985 08 10   58.97
1985 08 11    2.54
1985 08 12  -12.28
1985 08 13  -38.37
1985 08 14  -49.79
1985 08 15  -42.18
1985 08 16  -69.29
1985 08 17  -61.80
1985 08 18  -45.25
1985 08 19  -42.71
1985 08 20  -40.95
1985 08 21  -43.28
1985 08 22  -47.95
1985 08 23  -60.77
1985 08 24  -62.67
1985 08 25  -60.63
1985 08 26  -56.37
1985 08 27  -31.44
1985 08 28    7.26
1985 08 29   26.73
1985 08 30   25.26
1985 08 31    2.68
1985 09 01    8.42
1985 09 02   -2.11
1985 09 03  -42.28
1985 09 04  -90.14
1985 09 05 -119.48
1985 09 06  -92.10
1985 09 07  -54.91
1985 09 08  -25.39
1985 09 09  -10.35
1985 09 10   -3.06
1985 09 11   -4.78
1985 09 12   -5.82
1985 09 13    0.41
1985 09 14   22.79
1985 09 15   25.27
1985 09 16  -29.26
1985 09 17  -88.10
1985 09 18  -76.37
1985 09 19  -36.35
1985 09 20  -44.65
1985 09 21  -56.18
1985 09 22  -42.13
1985 09 23    2.89
1985 09 24   25.36
1985 09 25   19.88
1985 09 26   17.29
1985 09 27   37.96
1985 09 28   23.21
1985 09 29   28.70
1985 09 30   49.58
1985 10 01   34.30
1985 10 02    7.99
1985 10 03   21.67
1985 10 04  -15.43
1985 10 05  -83.77
1985 10 06  -80.05
1985 10 07  -39.14
1985 10 08   25.19
1985 10 09   34.12
1985 10 10   23.04
1985 10 11   35.49
1985 10 12   37.18
1985 10 13   30.69
1985 10 14   37.44
1985 10 15   46.00
1985 10 16   10.47
1985 10 17  -63.25
1985 10 18 -103.50
1985 10 19  -80.13
1985 10 20   -6.40
1985 10 21   50.66
1985 10 22   43.94
1985 10 23   25.67
1985 10 24   15.39
1985 10 25    7.44
1985 10 26   -1.17
1985 10 27   22.83
1985 10 28   -4.52
1985 10 29  -30.52
1985 10 30  -32.24
1985 10 31  -21.80
1985 11 01  -14.89
1985 11 02  -17.45
1985 11 03   10.13
1985 11 04   70.32
1985 11 05   25.96
1985 11 06  -61.26
1985 11 07 -127.88
1985 11 08 -164.95
1985 11 09 -111.05
1985 11 10  -56.47
1985 11 11  -79.89
1985 11 12 -124.91
1985 11 13 -130.11
1985 11 14 -104.44
1985 11 15  -94.24
1985 11 16 -135.69
1985 11 17 -223.70
1985 11 18 -260.49
1985 11 19 -249.79
1985 11 20 -245.17
1985 11 21 -217.33
1985 11 22 -202.74
1985 11 23 -191.25
1985 11 24 -129.49
1985 11 25  -69.84
1985 11 26   -8.35
1985 11 27   27.03
1985 11 28   46.99
1985 11 29   35.87
1985 11 30   35.82
1985 12 01   78.33
1985 12 02   90.12
1985 12 03   94.74
1985 12 04   71.79
1985 12 05   85.96
1985 12 06   99.49
1985 12 07   43.06
1985 12 08  -50.68
1985 12 09 -111.04
1985 12 10 -113.96
1985 12 11  -81.89
1985 12 12  -49.51
1985 12 13  -54.78
1985 12 14  -77.34
1985 12 15 -109.43
1985 12 16 -106.50
1985 12 17 -104.53
1985 12 18 -128.80
1985 12 19  -96.59
1985 12 20  -61.13
1985 12 21  -29.69
1985 12 22  -24.42
1985 12 23  -39.44
1985 12 24  -49.68
1985 12 25  -66.97
1985 12 26  -96.65
1985 12 27  -62.61
1985 12 28  -32.63
1985 12 29   -8.86
1985 12 30   46.21
1985 12 31   82.02
1986 01 01  123.94
1986 01 02  123.42
1986 01 03  131.08
1986 01 04  135.15
1986 01 05   90.25
1986 01 06   97.12
1986 01 07  180.45
1986 01 08  193.13
1986 01 09  177.87
1986 01 10  186.76
1986 01 11  137.34
1986 01 12  115.78
1986 01 13  100.05
1986 01 14   85.90
1986 01 15   36.38
1986 01 16  -31.19
1986 01 17  -80.02
1986 01 18  -70.05
1986 01 19  -45.59
1986 01 20  -21.13
1986 01 21    0.96
1986 01 22   14.58
1986 01 23   32.23
1986 01 24   35.33
1986 01 25   29.43
1986 01 26   27.73
1986 01 27  -22.33
1986 01 28  -82.83
1986 01 29 -121.74
1986 01 30 -113.21
1986 01 31  -43.93
1986 02 01   14.61
1986 02 02   58.86
1986 02 03   61.06
1986 02 04   27.18
1986 02 05  -31.81
1986 02 06  -40.36
1986 02 07   -1.66
1986 02 08    8.75
1986 02 09  -28.51
1986 02 10  -73.26
1986 02 11 -131.46
1986 02 12 -217.26
1986 02 13 -261.54
1986 02 14 -269.20
1986 02 15 -268.29
1986 02 16 -252.77
1986 02 17 -241.40
1986 02 18 -253.37
1986 02 19 -259.03
1986 02 20 -257.30
1986 02 21 -258.60
1986 02 22 -263.02
1986 02 23 -232.89
1986 02 24 -169.10
1986 02 25 -125.08
1986 02 26 -100.03
1986 02 27  -51.28
1986 02 28   27.63
1986 03 01   29.26
1986 03 02  -34.74
1986 03 03 -103.22
1986 03 04 -171.44
1986 03 05 -242.03
1986 03 06 -213.70
1986 03 07 -133.45
1986 03 08  -56.18
1986 03 09   -8.55
1986 03 10   -0.45
1986 03 11   19.49
1986 03 12   36.72
1986 03 13   13.07
1986 03 14   -4.22
1986 03 15    9.71
1986 03 16    4.10
1986 03 17  -39.53
1986 03 18  -66.99
1986 03 19  -45.24
1986 03 20  -40.20
1986 03 21  -32.86
1986 03 22  -25.60
1986 03 23  -31.27
1986 03 24  -62.71
1986 03 25  -60.08
1986 03 26   12.42
1986 03 27   72.62
1986 03 28   71.15
1986 03 29   46.03
1986 03 30   32.48
1986 03 31    9.05
1986 04 01   -6.71
1986 04 02   24.61
1986 04 03   41.03
1986 04 04   61.36
1986 04 05   64.44
1986 04 06   16.95
1986 04 07    4.61
1986 04 08   31.66
1986 04 09   31.59
1986 04 10   34.95
1986 04 11   11.10
1986 04 12    9.71
1986 04 13   58.50
1986 04 14   61.32
1986 04 15   10.85
1986 04 16  -79.57
1986 04 17 -123.01
1986 04 18 -120.39
1986 04 19 -111.92
1986 04 20 -106.35
1986 04 21 -110.14
1986 04 22 -109.73
1986 04 23  -98.68
1986 04 24  -89.63
1986 04 25  -45.98
1986 04 26   11.54
1986 04 27   32.50
1986 04 28   28.32
1986 04 29   43.03
1986 04 30   50.33
1986 05 01   52.19
1986 05 02   93.25
1986 05 03  142.47
1986 05 04  139.57
1986 05 05  110.64
1986 05 06   56.91
1986 05 07   -3.09
1986 05 08   -4.43
1986 05 09  -32.73
1986 05 10 -104.97
1986 05 11  -96.06
1986 05 12 -100.78
1986 05 13 -112.47
1986 05 14 -131.45
1986 05 15 -131.35
1986 05 16  -64.55
1986 05 17   -5.49
1986 05 18   44.42
1986 05 19   69.81
1986 05 20   89.32
1986 05 21  117.57
1986 05 22  135.17
1986 05 23   57.19
1986 05 24   19.60
1986 05 25   41.79
1986 05 26   20.17
1986 05 27    0.94
1986 05 28   24.86
1986 05 29   83.13
1986 05 30   92.61
1986 05 31   76.94
1986 06 01   86.74
1986 06 02   74.17
1986 06 03   54.76
1986 06 04   58.96
1986 06 05   95.68
1986 06 06  128.48
1986 06 07  128.05
1986 06 08   98.32
1986 06 09   78.01
1986 06 10   58.09
1986 06 11   28.41
1986 06 12    0.97
1986 06 13   -3.01
1986 06 14  -25.09
1986 06 15  -41.26
1986 06 16  -25.51
1986 06 17   -4.23
1986 06 18    7.67
1986 06 19   30.13
1986 06 20   56.45
1986 06 21   66.41
1986 06 22   74.36
1986 06 23   66.14
1986 06 24   41.88
1986 06 25    4.63
1986 06 26   -2.87
1986 06 27   -7.30
1986 06 28  -17.16
1986 06 29  -24.85
1986 06 30  -28.98
1986 07 01  -38.22
1986 07 02  -23.56
1986 07 03   -6.84
1986 07 04   -3.75
1986 07 05   21.58
1986 07 06   37.15
1986 07 07   40.26
1986 07 08   49.48
1986 07 09   55.98
1986 07 10   45.35
1986 07 11   31.92
1986 07 12   30.94
1986 07 13   39.30
1986 07 14   62.51
1986 07 15   72.36
1986 07 16   40.38
1986 07 17    3.29
1986 07 18  -24.67
1986 07 19  -49.20
1986 07 20  -95.98
1986 07 21 -107.52
1986 07 22  -59.31
1986 07 23   -2.75
1986 07 24    5.58
1986 07 25  -19.43
1986 07 26  -13.93
1986 07 27    1.58
1986 07 28   14.79
1986 07 29    6.56
1986 07 30   -8.73
1986 07 31  -16.39
1986 08 01   -3.23
1986 08 02   23.51
1986 08 03   46.13
1986 08 04   51.71
1986 08 05   59.72
1986 08 06   75.04
1986 08 07   87.22
1986 08 08  111.92
1986 08 09  131.73
1986 08 10  119.09
1986 08 11   96.75
1986 08 12   79.77
1986 08 13   40.02
1986 08 14  -16.57
1986 08 15  -64.92
1986 08 16  -98.99
1986 08 17 -103.75
1986 08 18 -112.05
1986 08 19 -148.89
1986 08 20 -173.23
1986 08 21 -154.77
1986 08 22 -112.21
1986 08 23  -66.07
1986 08 24  -30.84
1986 08 25   -9.30
1986 08 26   12.90
1986 08 27   43.94
1986 08 28   58.58
1986 08 29   48.29
1986 08 30   10.67
1986 08 31  -15.12
1986 09 01   -0.58
1986 09 02   22.52
1986 09 03   19.13
1986 09 04    9.39
1986 09 05   10.72
1986 09 06   38.35
1986 09 07   50.26
1986 09 08   42.25
1986 09 09   23.71
1986 09 10  -20.15
1986 09 11  -60.75
1986 09 12  -77.23
1986 09 13  -62.77
1986 09 14  -37.28
1986 09 15  -19.68
1986 09 16  -25.14
1986 09 17  -53.07
1986 09 18  -74.71
1986 09 19  -91.18
1986 09 20 -106.58
1986 09 21 -129.34
1986 09 22 -136.11
1986 09 23 -140.25
1986 09 24 -141.90
1986 09 25 -109.37
1986 09 26  -65.31
1986 09 27  -54.44
1986 09 28  -48.76
1986 09 29  -55.11
1986 09 30  -74.94
1986 10 01  -61.18
1986 10 02  -78.28
1986 10 03  -59.14
1986 10 04  -20.17
1986 10 05  -18.37
1986 10 06  -25.08
1986 10 07  -21.99
1986 10 08  -25.77
1986 10 09  -47.96
1986 10 10  -35.43
1986 10 11    7.00
1986 10 12   38.68
1986 10 13   54.38
1986 10 14   43.40
1986 10 15   28.09
1986 10 16    2.89
1986 10 17  -47.55
1986 10 18  -46.82
1986 10 19   10.90
1986 10 20   50.52
1986 10 21   36.23
1986 10 22   -5.33
1986 10 23  -47.15
1986 10 24  -48.48
1986 10 25   -7.36
1986 10 26  -21.51
1986 10 27  -68.04
1986 10 28  -94.42
1986 10 29  -87.73
1986 10 30  -82.79
1986 10 31  -58.43
1986 11 01  -41.74
1986 11 02  -11.92
1986 11 03   -6.47
1986 11 04  -64.09
1986 11 05 -127.00
1986 11 06 -145.21
1986 11 07 -129.40
1986 11 08 -120.11
1986 11 09  -85.26
1986 11 10  -92.64
1986 11 11  -91.64
1986 11 12  -72.09
1986 11 13  -45.84
1986 11 14  -10.59
1986 11 15  -43.47
1986 11 16  -96.98
1986 11 17 -126.91
1986 11 18 -120.67
1986 11 19  -78.72
1986 11 20  -49.63
1986 11 21  -15.29
1986 11 22   -7.98
1986 11 23    4.97
1986 11 24   42.42
1986 11 25   64.64
1986 11 26   79.22
1986 11 27  162.58
1986 11 28  221.28
1986 11 29  211.08
1986 11 30  198.91
1986 12 01  142.23
1986 12 02   69.50
1986 12 03   74.02
1986 12 04   63.11
1986 12 05   21.72
1986 12 06   48.03
1986 12 07   10.47
1986 12 08  -39.74
1986 12 09  -53.36
1986 12 10  -74.94
1986 12 11  -33.37
1986 12 12   -8.86
1986 12 13  -27.02
1986 12 14  -13.28
1986 12 15    3.78
1986 12 16    1.92
1986 12 17   24.65
1986 12 18   43.95
1986 12 19   31.46
1986 12 20   27.45
1986 12 21   59.50
1986 12 22   34.62
1986 12 23  -29.84
1986 12 24  -46.60
1986 12 25    1.69
1986 12 26   42.34
1986 12 27   61.72
1986 12 28   62.42
1986 12 29   59.77
1986 12 30   64.82
1986 12 31   61.18
1987 01 01   67.04
1987 01 02   29.02
1987 01 03   59.27
1987 01 04  127.19
1987 01 05  138.09
1987 01 06  119.48
1987 01 07   89.99
1987 01 08   70.96
1987 01 09  122.95
1987 01 10  158.33
1987 01 11  152.68
1987 01 12  156.10
1987 01 13  156.44
1987 01 14  191.86
1987 01 15  200.88
1987 01 16  169.37
1987 01 17  116.12
1987 01 18   65.04
1987 01 19   75.98
1987 01 20   70.79
1987 01 21   77.28
1987 01 22  143.90
1987 01 23  180.99
1987 01 24  134.42
1987 01 25   61.04
1987 01 26   75.75
1987 01 27   77.88
1987 01 28   49.71
1987 01 29   32.90
1987 01 30   37.35
1987 01 31   52.76
1987 02 01   89.02
1987 02 02  107.17
1987 02 03   80.48
1987 02 04   57.88
1987 02 05   83.41
1987 02 06   78.53
1987 02 07   46.04
1987 02 08   -0.93
1987 02 09  -28.20
1987 02 10  -61.60
1987 02 11  -65.53
1987 02 12  -33.92
1987 02 13   26.67
1987 02 14   70.52
1987 02 15   69.05
1987 02 16   68.79
1987 02 17   72.03
1987 02 18   67.32
1987 02 19   65.63
1987 02 20   62.27
1987 02 21   60.27
1987 02 22    9.58
1987 02 23    2.44
1987 02 24   -5.50
1987 02 25  -61.17
1987 02 26 -146.77
1987 02 27 -174.85
1987 02 28 -211.76
1987 03 01 -229.05
1987 03 02 -205.82
1987 03 03 -136.58
1987 03 04  -47.10
1987 03 05  -21.19
1987 03 06  -47.92
1987 03 07  -79.05
1987 03 08 -102.81
1987 03 09  -88.72
1987 03 10  -85.46
1987 03 11  -90.96
1987 03 12  -72.48
1987 03 13  -62.77
1987 03 14  -28.47
1987 03 15   17.25
1987 03 16   23.65
1987 03 17   -1.54
1987 03 18   -3.32
1987 03 19    0.10
1987 03 20   21.66
1987 03 21   78.67
1987 03 22   91.93
1987 03 23   77.97
1987 03 24   56.92
1987 03 25   -1.62
1987 03 26  -24.30
1987 03 27   49.73
1987 03 28  131.53
1987 03 29  142.99
1987 03 30  131.90
1987 03 31   98.79
1987 04 01   94.86
1987 04 02  140.94
1987 04 03  135.66
1987 04 04  105.15
1987 04 05   75.96
1987 04 06   24.56
1987 04 07  -25.01
1987 04 08  -34.82
1987 04 09   -4.27
1987 04 10   16.95
1987 04 11   24.26
1987 04 12   89.26
1987 04 13  188.11
1987 04 14  224.06
1987 04 15  231.29
1987 04 16  182.55
1987 04 17  124.24
1987 04 18  108.08
1987 04 19   90.66
1987 04 20   62.73
1987 04 21   30.46
1987 04 22  -34.78
1987 04 23  -88.73
1987 04 24 -111.92
1987 04 25  -84.82
1987 04 26    3.11
1987 04 27   83.63
1987 04 28  133.98
1987 04 29  147.53
1987 04 30  130.59
1987 05 01  129.14
1987 05 02  133.55
1987 05 03  117.13
1987 05 04   56.67
1987 05 05   36.02
1987 05 06   27.06
1987 05 07   36.54
1987 05 08   27.59
1987 05 09   22.54
1987 05 10    5.51
1987 05 11   14.44
1987 05 12   19.75
1987 05 13   -2.22
1987 05 14    2.34
1987 05 15   27.38
1987 05 16   21.68
1987 05 17   -2.10
1987 05 18  -12.24
1987 05 19   15.89
1987 05 20   47.85
1987 05 21   57.63
1987 05 22   75.92
1987 05 23   85.76
1987 05 24   80.79
1987 05 25   83.45
1987 05 26   96.64
1987 05 27  112.46
1987 05 28  133.34
1987 05 29  114.26
1987 05 30   72.29
1987 05 31   48.70
1987 06 01   24.18
1987 06 02   -8.61
1987 06 03  -32.75
1987 06 04  -27.24
1987 06 05  -26.50
1987 06 06  -10.14
1987 06 07   37.03
1987 06 08   84.24
1987 06 09  120.54
1987 06 10  111.28
1987 06 11   85.99
1987 06 12   66.33
1987 06 13   47.08
1987 06 14   32.83
1987 06 15   68.39
1987 06 16   90.16
1987 06 17  113.07
1987 06 18  125.80
1987 06 19  102.87
1987 06 20   87.25
1987 06 21   83.60
1987 06 22   69.93
1987 06 23   51.62
1987 06 24   22.72
1987 06 25  -11.69
1987 06 26  -32.32
1987 06 27  -15.46
1987 06 28    3.17
1987 06 29   23.57
1987 06 30   56.66
1987 07 01   63.03
1987 07 02   46.84
1987 07 03   37.13
1987 07 04   31.57
1987 07 05   32.17
1987 07 06   41.16
1987 07 07   53.12
1987 07 08   54.64
1987 07 09   42.20
1987 07 10   37.29
1987 07 11   28.73
1987 07 12   29.99
1987 07 13   40.98
1987 07 14   38.26
1987 07 15    2.59
1987 07 16  -30.85
1987 07 17  -42.44
1987 07 18  -26.15
1987 07 19   -3.24
1987 07 20   35.02
1987 07 21   46.77
1987 07 22   40.34
1987 07 23    6.40
1987 07 24  -37.47
1987 07 25  -45.94
1987 07 26  -19.28
1987 07 27   13.06
1987 07 28   19.54
1987 07 29    9.25
1987 07 30  -13.07
1987 07 31  -24.72
1987 08 01  -18.24
1987 08 02    0.58
1987 08 03    6.68
1987 08 04   23.87
1987 08 05   32.40
1987 08 06   23.98
1987 08 07   -3.31
1987 08 08  -10.75
1987 08 09  -10.91
1987 08 10   -2.77
1987 08 11   10.55
1987 08 12   11.28
1987 08 13    5.66
1987 08 14    1.82
1987 08 15  -15.30
1987 08 16  -44.70
1987 08 17  -68.80
1987 08 18  -78.44
1987 08 19  -74.99
1987 08 20  -66.99
1987 08 21  -62.16
1987 08 22  -81.74
1987 08 23  -99.58
1987 08 24 -100.29
1987 08 25  -93.85
1987 08 26  -84.44
1987 08 27  -81.38
1987 08 28  -90.70
1987 08 29 -111.47
1987 08 30  -95.09
1987 08 31  -49.35
1987 09 01    6.33
1987 09 02   28.97
1987 09 03   17.96
1987 09 04   -3.94
1987 09 05  -20.14
1987 09 06  -16.99
1987 09 07   13.25
1987 09 08   36.49
1987 09 09   38.03
1987 09 10   30.09
1987 09 11   11.26
1987 09 12   -7.17
1987 09 13   -8.81
1987 09 14   30.54
1987 09 15   58.11
1987 09 16   63.87
1987 09 17   64.53
1987 09 18   37.16
1987 09 19    9.85
1987 09 20   31.33
1987 09 21   43.27
1987 09 22   -8.46
1987 09 23  -18.37
1987 09 24   20.00
1987 09 25   38.16
1987 09 26   15.13
1987 09 27  -20.34
1987 09 28  -39.54
1987 09 29   -1.95
1987 09 30   29.02
1987 10 01   41.38
1987 10 02   34.90
1987 10 03   17.71
1987 10 04   -1.74
1987 10 05    5.25
1987 10 06  -15.32
1987 10 07  -68.19
1987 10 08  -85.87
1987 10 09  -85.45
1987 10 10  -45.54
1987 10 11   11.53
1987 10 12    5.84
1987 10 13   59.77
1987 10 14  136.14
1987 10 15  142.13
1987 10 16  104.17
1987 10 17   53.58
1987 10 18   13.53
1987 10 19   -4.35
1987 10 20   -7.08
1987 10 21   30.78
1987 10 22   98.27
1987 10 23  164.33
1987 10 24  175.65
1987 10 25  137.47
1987 10 26   97.92
1987 10 27   81.74
1987 10 28   71.98
1987 10 29   64.37
1987 10 30   88.17
1987 10 31  119.34
1987 11 01  132.14
1987 11 02  121.93
1987 11 03   76.48
1987 11 04   57.59
1987 11 05   50.43
1987 11 06   25.01
1987 11 07    7.66
1987 11 08  -23.34
1987 11 09  -49.46
1987 11 10  -52.50
1987 11 11  -27.30
1987 11 12    7.28
1987 11 13   36.80
1987 11 14   68.01
1987 11 15  102.03
1987 11 16   87.52
1987 11 17   40.04
1987 11 18  -10.46
1987 11 19  -26.19
1987 11 20   -4.39
1987 11 21   -5.50
1987 11 22  -29.60
1987 11 23  -50.33
1987 11 24  -69.80
1987 11 25  -49.07
1987 11 26  -16.62
1987 11 27   42.83
1987 11 28   95.39
1987 11 29  133.82
1987 11 30  161.86
1987 12 01  161.15
1987 12 02  128.72
1987 12 03  147.65
1987 12 04  149.25
1987 12 05  123.75
1987 12 06  153.04
1987 12 07  179.68
1987 12 08  192.08
1987 12 09  177.69
1987 12 10  161.82
1987 12 11   97.94
1987 12 12   54.05
1987 12 13   55.20
1987 12 14   64.63
1987 12 15  112.47
1987 12 16  109.54
1987 12 17  122.47
1987 12 18  150.30
1987 12 19  152.64
1987 12 20  141.40
1987 12 21  110.67
1987 12 22   75.89
1987 12 23   63.98
1987 12 24  106.26
1987 12 25  160.49
1987 12 26  152.82
1987 12 27   90.64
1987 12 28   60.00
1987 12 29   57.32
1987 12 30   65.56
1987 12 31   81.29
1988 01 01  120.93
1988 01 02  102.03
1988 01 03  126.72
1988 01 04  142.95
1988 01 05  158.43
1988 01 06  161.91
1988 01 07  149.61
1988 01 08  107.27
1988 01 09   76.26
1988 01 10   75.32
1988 01 11   94.90
1988 01 12  113.22
1988 01 13  102.03
1988 01 14  135.13
1988 01 15  190.75
1988 01 16  210.78
1988 01 17  191.14
1988 01 18  162.41
1988 01 19  140.63
1988 01 20  109.44
1988 01 21  114.52
1988 01 22  126.49
1988 01 23   41.58
1988 01 24  -11.61
1988 01 25   30.12
1988 01 26   44.37
1988 01 27   41.66
1988 01 28   79.81
1988 01 29  100.12
1988 01 30   53.16
1988 01 31  -25.54
1988 02 01 -105.78
1988 02 02 -108.11
1988 02 03 -147.84
1988 02 04 -145.07
1988 02 05  -79.48
1988 02 06  -49.37
1988 02 07  -48.01
1988 02 08  -36.04
1988 02 09  -26.12
1988 02 10   -9.69
1988 02 11  -14.57
1988 02 12  -35.23
1988 02 13  -31.20
1988 02 14  -26.70
1988 02 15  -24.45
1988 02 16  -25.99
1988 02 17  -24.80
1988 02 18   -3.86
1988 02 19  -26.20
1988 02 20  -22.60
1988 02 21  -82.31
1988 02 22  -70.20
1988 02 23   22.57
1988 02 24  121.78
1988 02 25  165.04
1988 02 26  200.88
1988 02 27  213.34
1988 02 28  173.10
1988 02 29  138.31
1988 03 01  137.63
1988 03 02  148.22
1988 03 03  152.38
1988 03 04  158.25
1988 03 05  168.86
1988 03 06  169.42
1988 03 07  198.73
1988 03 08  222.54
1988 03 09  191.83
1988 03 10  190.54
1988 03 11  190.26
1988 03 12  107.85
1988 03 13   14.15
1988 03 14  -33.64
1988 03 15  -84.98
1988 03 16 -144.27
1988 03 17  -83.80
1988 03 18  -36.14
1988 03 19  -25.10
1988 03 20   -7.17
1988 03 21   23.11
1988 03 22   48.72
1988 03 23   19.42
1988 03 24  -43.84
1988 03 25  -88.77
1988 03 26 -110.69
1988 03 27 -112.39
1988 03 28  -94.98
1988 03 29  -70.89
1988 03 30  -31.60
1988 03 31  -13.96
1988 04 01   -5.71
1988 04 02   -7.23
1988 04 03   -0.83
1988 04 04   -2.83
1988 04 05  -17.49
1988 04 06   14.96
1988 04 07   35.77
1988 04 08   46.44
1988 04 09   57.76
1988 04 10  114.86
1988 04 11  126.30
1988 04 12   80.62
1988 04 13   61.61
1988 04 14   48.57
1988 04 15   34.52
1988 04 16   20.80
1988 04 17   42.77
1988 04 18   53.29
1988 04 19   41.06
1988 04 20   58.70
1988 04 21   62.91
1988 04 22   43.20
1988 04 23   20.76
1988 04 24   44.85
1988 04 25  124.80
1988 04 26  179.31
1988 04 27  153.50
1988 04 28   93.61
1988 04 29   80.21
1988 04 30   67.03
1988 05 01   49.90
1988 05 02   15.13
1988 05 03   -0.99
1988 05 04   17.16
1988 05 05    5.12
1988 05 06    3.30
1988 05 07   48.73
1988 05 08   55.42
1988 05 09    8.05
1988 05 10   32.48
1988 05 11   77.59
1988 05 12  100.60
1988 05 13   88.81
1988 05 14   78.57
1988 05 15   60.29
1988 05 16   66.08
1988 05 17   65.75
1988 05 18   58.75
1988 05 19   25.70
1988 05 20   -3.33
1988 05 21   10.41
1988 05 22   39.33
1988 05 23   51.53
1988 05 24   67.58
1988 05 25   94.14
1988 05 26  102.74
1988 05 27   76.99
1988 05 28   74.99
1988 05 29   83.67
1988 05 30   76.88
1988 05 31   54.77
1988 06 01   21.13
1988 06 02   12.78
1988 06 03   13.79
1988 06 04   12.28
1988 06 05   36.92
1988 06 06   56.96
1988 06 07   35.63
1988 06 08   30.48
1988 06 09   40.17
1988 06 10   42.12
1988 06 11   25.74
1988 06 12    4.59
1988 06 13   -0.65
1988 06 14   22.47
1988 06 15   59.98
1988 06 16   64.87
1988 06 17   51.88
1988 06 18   50.98
1988 06 19   46.92
1988 06 20   34.11
1988 06 21   19.63
1988 06 22   22.60
1988 06 23   23.01
1988 06 24   21.73
1988 06 25   12.64
1988 06 26   14.68
1988 06 27   10.07
1988 06 28   -3.95
1988 06 29  -20.97
1988 06 30  -29.34
1988 07 01  -29.42
1988 07 02  -20.21
1988 07 03    0.80
1988 07 04   41.47
1988 07 05   64.43
1988 07 06   55.02
1988 07 07   40.58
1988 07 08   45.24
1988 07 09   49.62
1988 07 10   49.29
1988 07 11   53.08
1988 07 12   33.46
1988 07 13   -3.19
1988 07 14  -46.23
1988 07 15  -75.93
1988 07 16  -97.12
1988 07 17  -88.80
1988 07 18  -57.27
1988 07 19  -30.61
1988 07 20  -17.79
1988 07 21  -14.91
1988 07 22  -22.69
1988 07 23  -33.51
1988 07 24  -14.55
1988 07 25   33.30
1988 07 26   66.49
1988 07 27   72.64
1988 07 28   76.70
1988 07 29   57.50
1988 07 30   21.42
1988 07 31    4.00
1988 08 01    7.82
1988 08 02    4.71
1988 08 03  -11.69
1988 08 04  -19.45
1988 08 05   -7.14
1988 08 06   10.69
1988 08 07   23.31
1988 08 08   42.67
1988 08 09   53.29
1988 08 10   39.86
1988 08 11    6.84
1988 08 12  -17.98
1988 08 13  -13.77
1988 08 14    0.34
1988 08 15   30.11
1988 08 16   51.00
1988 08 17   59.14
1988 08 18   57.16
1988 08 19   43.34
1988 08 20   31.81
1988 08 21   27.63
1988 08 22    9.44
1988 08 23  -13.87
1988 08 24  -16.38
1988 08 25   14.19
1988 08 26   39.64
1988 08 27   64.19
1988 08 28   87.59
1988 08 29  104.06
1988 08 30   87.75
1988 08 31   29.40
1988 09 01  -14.51
1988 09 02  -38.05
1988 09 03  -14.95
1988 09 04   36.81
1988 09 05   71.60
1988 09 06   62.35
1988 09 07   38.01
1988 09 08   42.15
1988 09 09   26.41
1988 09 10   -0.12
1988 09 11  -26.10
1988 09 12  -51.03
1988 09 13  -60.95
1988 09 14  -49.92
1988 09 15  -29.25
1988 09 16  -35.12
1988 09 17  -25.64
1988 09 18   -0.77
1988 09 19    7.24
1988 09 20  -11.36
1988 09 21  -41.12
1988 09 22  -80.15
1988 09 23  -91.28
1988 09 24  -86.11
1988 09 25  -67.84
1988 09 26  -35.73
1988 09 27  -13.58
1988 09 28  -16.86
1988 09 29   13.85
1988 09 30    9.44
1988 10 01  -27.12
1988 10 02  -28.60
1988 10 03   11.79
1988 10 04   24.94
1988 10 05   19.15
1988 10 06    7.47
1988 10 07   -7.11
1988 10 08  -34.88
1988 10 09  -98.09
1988 10 10 -133.66
1988 10 11  -93.30
1988 10 12  -33.58
1988 10 13  -33.27
1988 10 14  -18.31
1988 10 15   21.66
1988 10 16   21.24
1988 10 17    8.24
1988 10 18   12.28
1988 10 19  -18.47
1988 10 20  -15.63
1988 10 21   26.32
1988 10 22    5.47
1988 10 23  -59.15
1988 10 24 -108.66
1988 10 25 -105.08
1988 10 26  -85.20
1988 10 27  -58.91
1988 10 28  -39.70
1988 10 29  -39.08
1988 10 30  -34.53
1988 10 31   39.90
1988 11 01   97.59
1988 11 02   67.15
1988 11 03   25.67
1988 11 04   39.04
1988 11 05   82.89
1988 11 06   46.97
1988 11 07   32.94
1988 11 08  -12.97
1988 11 09  -29.36
1988 11 10  -28.82
1988 11 11  -36.35
1988 11 12  -10.02
1988 11 13   35.53
1988 11 14   67.24
1988 11 15   54.58
1988 11 16   48.81
1988 11 17   34.69
1988 11 18   31.64
1988 11 19   52.79
1988 11 20   70.71
1988 11 21   95.63
1988 11 22   43.41
1988 11 23   -2.19
1988 11 24  -28.02
1988 11 25  -77.63
1988 11 26  -58.34
1988 11 27    6.60
1988 11 28   59.40
1988 11 29   76.37
1988 11 30   98.94
1988 12 01  105.54
1988 12 02   76.49
1988 12 03   40.57
1988 12 04  -15.15
1988 12 05 -120.02
1988 12 06 -175.54
1988 12 07 -173.20
1988 12 08 -125.27
1988 12 09 -119.43
1988 12 10 -124.90
1988 12 11  -14.79
1988 12 12   38.60
1988 12 13  -30.29
1988 12 14  -54.11
1988 12 15  -61.43
1988 12 16  -38.05
1988 12 17   38.02
1988 12 18   94.80
1988 12 19  115.83
1988 12 20   95.79
1988 12 21   46.45
1988 12 22  -25.88
1988 12 23  -63.44
1988 12 24  -35.61
1988 12 25   23.26
1988 12 26   75.05
1988 12 27  103.72
1988 12 28  105.71
1988 12 29   90.36
1988 12 30   83.36
1988 12 31  150.32
1989 01 01  173.68
1989 01 02  145.93
1989 01 03  144.59
1989 01 04  148.84
1989 01 05  143.70
1989 01 06  182.97
1989 01 07  218.68
1989 01 08  250.85
1989 01 09  235.52
1989 01 10  207.55
1989 01 11  201.18
1989 01 12  204.61
1989 01 13  202.68
1989 01 14  226.38
1989 01 15  260.31
1989 01 16  261.63
1989 01 17  228.20
1989 01 18  174.48
1989 01 19  129.05
1989 01 20  145.76
1989 01 21  139.54
1989 01 22  130.89
1989 01 23  134.76
1989 01 24  121.60
1989 01 25  118.15
1989 01 26  139.74
1989 01 27  117.45
1989 01 28   86.74
1989 01 29   17.46
1989 01 30  -73.80
1989 01 31 -143.25
1989 02 01 -179.05
1989 02 02 -148.17
1989 02 03  -93.49
1989 02 04 -107.82
1989 02 05 -108.83
1989 02 06  -88.89
1989 02 07  -34.04
1989 02 08    3.66
1989 02 09    9.24
1989 02 10  -40.00
1989 02 11  -79.18
1989 02 12 -163.51
1989 02 13 -162.61
1989 02 14  -78.22
1989 02 15  -31.76
1989 02 16  -34.17
1989 02 17  -11.69
1989 02 18   54.58
1989 02 19   57.44
1989 02 20   68.28
1989 02 21  126.14
1989 02 22  129.83
1989 02 23   52.43
1989 02 24    7.04
1989 02 25   18.97
1989 02 26  -72.01
1989 02 27 -139.23
1989 02 28 -179.73
1989 03 01 -233.67
1989 03 02 -273.92
1989 03 03 -244.33
1989 03 04 -185.97
1989 03 05 -136.45
1989 03 06 -107.67
1989 03 07 -104.33
1989 03 08 -106.37
1989 03 09 -110.70
1989 03 10 -110.79
1989 03 11 -133.90
1989 03 12 -165.46
1989 03 13 -173.66
1989 03 14 -194.50
1989 03 15 -243.44
1989 03 16 -289.15
1989 03 17 -316.49
1989 03 18 -325.21
1989 03 19 -314.34
1989 03 20 -252.93
1989 03 21 -159.10
1989 03 22 -101.68
1989 03 23  -74.23
1989 03 24  -56.82
1989 03 25  -38.91
1989 03 26    4.89
1989 03 27   19.72
1989 03 28   28.94
1989 03 29   38.01
1989 03 30   56.04
1989 03 31   73.62
1989 04 01   64.49
1989 04 02   11.27
1989 04 03  -42.11
1989 04 04  -94.02
1989 04 05 -101.10
1989 04 06  -90.62
1989 04 07  -64.87
1989 04 08  -57.56
1989 04 09  -58.90
1989 04 10  -71.28
1989 04 11  -30.39
1989 04 12   18.69
1989 04 13   71.66
1989 04 14  110.54
1989 04 15   89.87
1989 04 16   41.44
1989 04 17  -11.78
1989 04 18  -42.24
1989 04 19  -34.18
1989 04 20  -31.31
1989 04 21  -42.87
1989 04 22  -34.29
1989 04 23   -0.87
1989 04 24   10.62
1989 04 25   10.45
1989 04 26    1.26
1989 04 27   12.22
1989 04 28  -36.46
1989 04 29 -110.95
1989 04 30 -128.78
1989 05 01  -90.38
1989 05 02  -50.56
1989 05 03  -44.63
1989 05 04  -17.89
1989 05 05   17.91
1989 05 06   23.61
1989 05 07  -11.11
1989 05 08  -51.68
1989 05 09  -56.45
1989 05 10  -58.38
1989 05 11  -78.14
1989 05 12  -64.02
1989 05 13  -17.65
1989 05 14   18.26
1989 05 15   26.48
1989 05 16   51.57
1989 05 17   70.88
1989 05 18   72.86
1989 05 19   30.29
1989 05 20  -14.37
1989 05 21  -54.03
1989 05 22  -68.86
1989 05 23  -19.19
1989 05 24    9.26
1989 05 25   -4.92
1989 05 26  -23.36
1989 05 27   -5.98
1989 05 28   17.65
1989 05 29   31.74
1989 05 30   29.22
1989 05 31   46.15
1989 06 01   21.10
1989 06 02   16.31
1989 06 03   28.14
1989 06 04   22.38
1989 06 05   -1.16
1989 06 06  -16.05
1989 06 07  -29.78
1989 06 08  -50.98
1989 06 09  -55.91
1989 06 10  -45.57
1989 06 11  -34.37
1989 06 12  -24.78
1989 06 13  -25.39
1989 06 14  -12.82
1989 06 15   -9.01
1989 06 16  -26.74
1989 06 17  -38.28
1989 06 18  -22.25
1989 06 19    7.23
1989 06 20   17.44
1989 06 21   10.35
1989 06 22   -4.05
1989 06 23  -28.32
1989 06 24  -81.38
1989 06 25 -116.14
1989 06 26 -104.19
1989 06 27 -104.58
1989 06 28 -106.78
1989 06 29 -104.57
1989 06 30 -111.22
1989 07 01 -103.13
1989 07 02  -94.71
1989 07 03  -68.52
1989 07 04  -30.39
1989 07 05    5.01
1989 07 06   23.11
1989 07 07   21.32
1989 07 08   12.51
1989 07 09   -4.72
1989 07 10   -6.41
1989 07 11   -6.81
1989 07 12   15.99
1989 07 13   41.33
1989 07 14   61.66
1989 07 15   52.06
1989 07 16    7.10
1989 07 17  -15.12
1989 07 18   -5.46
1989 07 19    7.30
1989 07 20   10.70
1989 07 21   26.37
1989 07 22   40.20
1989 07 23   33.91
1989 07 24   20.64
1989 07 25   -6.09
1989 07 26  -47.08
1989 07 27  -53.88
1989 07 28  -38.39
1989 07 29   10.61
1989 07 30   33.44
1989 07 31   13.04
1989 08 01    3.09
1989 08 02    1.83
1989 08 03    5.81
1989 08 04   -1.78
1989 08 05    2.23
1989 08 06   10.48
1989 08 07   37.30
1989 08 08   54.24
1989 08 09   61.65
1989 08 10   43.46
1989 08 11  -10.89
1989 08 12  -54.19
1989 08 13  -74.36
1989 08 14  -74.49
1989 08 15  -69.01
1989 08 16  -75.08
1989 08 17  -71.09
1989 08 18  -47.98
1989 08 19  -16.52
1989 08 20    4.54
1989 08 21   21.57
1989 08 22   43.67
1989 08 23   40.78
1989 08 24   15.83
1989 08 25    8.38
1989 08 26   30.69
1989 08 27   45.41
1989 08 28   46.35
1989 08 29   40.17
1989 08 30   47.46
1989 08 31   45.12
1989 09 01   34.88
1989 09 02   42.40
1989 09 03   35.23
1989 09 04    6.51
1989 09 05  -27.02
1989 09 06  -41.97
1989 09 07  -49.52
1989 09 08  -37.05
1989 09 09  -24.53
1989 09 10  -19.75
1989 09 11  -45.20
1989 09 12  -64.40
1989 09 13  -79.09
1989 09 14  -89.19
1989 09 15 -106.18
1989 09 16  -95.82
1989 09 17  -70.17
1989 09 18  -36.76
1989 09 19   -3.20
1989 09 20   -0.09
1989 09 21    5.33
1989 09 22   -6.31
1989 09 23  -11.59
1989 09 24    0.33
1989 09 25  -28.10
1989 09 26  -31.64
1989 09 27    4.50
1989 09 28   44.41
1989 09 29   67.30
1989 09 30   76.61
1989 10 01   41.95
1989 10 02   31.72
1989 10 03   57.55
1989 10 04   52.61
1989 10 05   18.54
1989 10 06   34.63
1989 10 07   76.93
1989 10 08   54.34
1989 10 09   62.51
1989 10 10   56.01
1989 10 11    9.18
1989 10 12   -4.40
1989 10 13   -3.39
1989 10 14  -11.62
1989 10 15  -28.66
1989 10 16  -57.90
1989 10 17  -52.75
1989 10 18  -28.31
1989 10 19  -23.87
1989 10 20  -46.21
1989 10 21  -53.86
1989 10 22  -22.19
1989 10 23   -8.18
1989 10 24  -42.17
1989 10 25  -18.80
1989 10 26  -14.17
1989 10 27  -15.49
1989 10 28  -48.10
1989 10 29 -110.58
1989 10 30 -150.54
1989 10 31 -115.47
1989 11 01  -74.39
1989 11 02  -36.01
1989 11 03   -5.71
1989 11 04  -11.44
1989 11 05  -20.05
1989 11 06  -22.50
1989 11 07  -28.18
1989 11 08  -52.21
1989 11 09  -49.83
1989 11 10  -52.27
1989 11 11  -10.47
1989 11 12   52.55
1989 11 13   48.64
1989 11 14   13.15
1989 11 15   55.00
1989 11 16   92.19
1989 11 17   73.34
1989 11 18   70.95
1989 11 19   37.94
1989 11 20   -8.14
1989 11 21  -13.71
1989 11 22    8.13
1989 11 23   17.89
1989 11 24    6.52
1989 11 25   13.67
1989 11 26   27.31
1989 11 27   21.44
1989 11 28   21.82
1989 11 29  -15.60
1989 11 30  -32.86
1989 12 01   -8.76
1989 12 02   13.53
1989 12 03   26.68
1989 12 04   -0.57
1989 12 05  -36.03
1989 12 06  -55.08
1989 12 07  -40.08
1989 12 08  -67.12
1989 12 09 -103.65
1989 12 10  -70.32
1989 12 11  -63.58
1989 12 12  -77.79
1989 12 13  -66.96
1989 12 14  -82.38
1989 12 15 -131.91
1989 12 16 -211.99
1989 12 17 -279.80
1989 12 18 -310.52
1989 12 19 -352.62
1989 12 20 -334.95
1989 12 21 -270.80
1989 12 22 -223.69
1989 12 23 -192.66
1989 12 24 -154.86
1989 12 25  -80.15
1989 12 26  -40.99
1989 12 27  -29.53
1989 12 28  -22.17
1989 12 29  -49.80
1989 12 30  -54.20
1989 12 31  -45.47
1990 01 01  -11.60
1990 01 02   28.78
1990 01 03   40.45
1990 01 04   36.67
1990 01 05   78.99
1990 01 06  117.84
1990 01 07  121.01
1990 01 08  142.30
1990 01 09  203.89
1990 01 10  228.34
1990 01 11  199.50
1990 01 12  191.91
1990 01 13  184.83
1990 01 14  172.88
1990 01 15  160.83
1990 01 16  118.21
1990 01 17   63.23
1990 01 18   91.91
1990 01 19  145.42
1990 01 20  154.54
1990 01 21  150.45
1990 01 22  135.00
1990 01 23   99.15
1990 01 24   61.86
1990 01 25   74.19
1990 01 26  104.81
1990 01 27  110.29
1990 01 28  109.28
1990 01 29  115.01
1990 01 30  137.70
1990 01 31  213.81
1990 02 01  247.00
1990 02 02  240.10
1990 02 03  240.26
1990 02 04  235.34
1990 02 05  202.17
1990 02 06  160.88
1990 02 07  137.17
1990 02 08  155.61
1990 02 09  168.61
1990 02 10  134.91
1990 02 11   72.80
1990 02 12  -13.89
1990 02 13  -41.55
1990 02 14  -67.61
1990 02 15  -49.40
1990 02 16   -7.93
1990 02 17   -3.00
1990 02 18    2.65
1990 02 19   16.50
1990 02 20   19.84
1990 02 21    9.21
1990 02 22  -32.37
1990 02 23  -60.92
1990 02 24  -30.82
1990 02 25  -18.47
1990 02 26  -23.21
1990 02 27   33.29
1990 02 28   59.32
1990 03 01   73.28
1990 03 02   94.70
1990 03 03  107.97
1990 03 04  142.29
1990 03 05  121.17
1990 03 06  100.03
1990 03 07  119.10
1990 03 08  122.08
1990 03 09   55.28
1990 03 10    9.11
1990 03 11   27.12
1990 03 12   62.28
1990 03 13   53.32
1990 03 14   21.36
1990 03 15   -4.68
1990 03 16  -58.10
1990 03 17 -111.59
1990 03 18 -120.43
1990 03 19 -147.14
1990 03 20 -174.98
1990 03 21 -203.57
1990 03 22 -234.74
1990 03 23 -268.78
1990 03 24 -265.10
1990 03 25 -202.45
1990 03 26 -151.48
1990 03 27  -79.47
1990 03 28    8.78
1990 03 29   58.55
1990 03 30   54.49
1990 03 31   30.00
1990 04 01   39.67
1990 04 02   42.56
1990 04 03   27.31
1990 04 04    7.60
1990 04 05  -80.66
1990 04 06 -175.02
1990 04 07 -178.38
1990 04 08 -194.60
1990 04 09 -266.76
1990 04 10 -345.83
1990 04 11 -330.84
1990 04 12 -289.35
1990 04 13 -258.20
1990 04 14 -268.99
1990 04 15 -233.87
1990 04 16 -145.04
1990 04 17  -66.28
1990 04 18  -10.79
1990 04 19   14.46
1990 04 20   24.57
1990 04 21   13.99
1990 04 22   -6.25
1990 04 23  -68.34
1990 04 24  -99.27
1990 04 25 -120.63
1990 04 26 -133.35
1990 04 27 -140.09
1990 04 28 -190.56
1990 04 29 -212.88
1990 04 30 -184.31
1990 05 01 -114.86
1990 05 02  -55.59
1990 05 03  -15.04
1990 05 04   11.99
1990 05 05   18.66
1990 05 06   60.26
1990 05 07   65.50
1990 05 08   21.30
1990 05 09   -8.52
1990 05 10   -5.60
1990 05 11   -1.67
1990 05 12  -10.72
1990 05 13    0.43
1990 05 14   -0.75
1990 05 15   -1.10
1990 05 16   23.07
1990 05 17   46.62
1990 05 18   63.23
1990 05 19   28.17
1990 05 20   -2.46
1990 05 21   35.04
1990 05 22   82.77
1990 05 23  131.30
1990 05 24  130.29
1990 05 25  114.33
1990 05 26   89.18
1990 05 27   82.34
1990 05 28   72.49
1990 05 29   49.03
1990 05 30   37.00
1990 05 31    4.55
1990 06 01  -32.89
1990 06 02  -58.60
1990 06 03  -73.85
1990 06 04  -84.48
1990 06 05  -96.98
1990 06 06  -84.62
1990 06 07  -60.35
1990 06 08  -25.25
1990 06 09   15.43
1990 06 10   29.47
1990 06 11   31.38
1990 06 12    1.65
1990 06 13    1.77
1990 06 14   42.45
1990 06 15   86.69
1990 06 16   97.19
1990 06 17   70.45
1990 06 18   47.68
1990 06 19   26.18
1990 06 20   13.24
1990 06 21    6.37
1990 06 22   19.86
1990 06 23    8.89
1990 06 24  -14.29
1990 06 25  -36.77
1990 06 26  -52.86
1990 06 27  -78.61
1990 06 28  -87.48
1990 06 29  -54.28
1990 06 30   -7.37
1990 07 01   11.84
1990 07 02   10.42
1990 07 03    9.73
1990 07 04   34.15
1990 07 05   35.44
1990 07 06   26.55
1990 07 07   17.22
1990 07 08    0.53
1990 07 09   -9.73
1990 07 10   -5.72
1990 07 11  -11.02
1990 07 12  -36.08
1990 07 13  -34.07
1990 07 14    4.89
1990 07 15   16.73
1990 07 16   -1.25
1990 07 17    0.86
1990 07 18   -4.42
1990 07 19    4.19
1990 07 20   25.96
1990 07 21   38.83
1990 07 22   31.93
1990 07 23   21.16
1990 07 24   17.85
1990 07 25    6.59
1990 07 26  -25.78
1990 07 27  -46.88
1990 07 28  -28.52
1990 07 29   11.03
1990 07 30   27.35
1990 07 31   18.19
1990 08 01   16.07
1990 08 02   10.71
1990 08 03   11.15
1990 08 04   25.82
1990 08 05   57.82
1990 08 06   72.75
1990 08 07   65.09
1990 08 08   53.34
1990 08 09   46.19
1990 08 10   36.25
1990 08 11   33.61
1990 08 12   39.63
1990 08 13   64.57
1990 08 14   99.66
1990 08 15  113.61
1990 08 16  113.83
1990 08 17  106.14
1990 08 18   76.79
1990 08 19   53.90
1990 08 20   54.01
1990 08 21   34.70
1990 08 22   -9.56
1990 08 23  -49.48
1990 08 24  -90.09
1990 08 25  -62.62
1990 08 26   -4.84
1990 08 27   15.62
1990 08 28   18.76
1990 08 29    7.05
1990 08 30    7.19
1990 08 31   16.99
1990 09 01   43.19
1990 09 02   61.54
1990 09 03   57.46
1990 09 04   67.82
1990 09 05   54.35
1990 09 06    5.18
1990 09 07  -57.09
1990 09 08  -50.59
1990 09 09  -43.35
1990 09 10  -40.60
1990 09 11  -23.75
1990 09 12   29.44
1990 09 13   82.10
1990 09 14  113.53
1990 09 15  130.12
1990 09 16  126.21
1990 09 17  116.25
1990 09 18   73.38
1990 09 19   23.12
1990 09 20    1.18
1990 09 21   13.31
1990 09 22   34.42
1990 09 23   67.06
1990 09 24   76.82
1990 09 25   57.63
1990 09 26   40.84
1990 09 27   32.37
1990 09 28   42.33
1990 09 29   31.52
1990 09 30   12.38
1990 10 01    5.75
1990 10 02   -3.79
1990 10 03   18.90
1990 10 04   22.48
1990 10 05   11.15
1990 10 06    3.49
1990 10 07   28.61
1990 10 08   55.23
1990 10 09   64.81
1990 10 10   88.49
1990 10 11   91.37
1990 10 12   56.30
1990 10 13   13.64
1990 10 14  -16.91
1990 10 15  -42.26
1990 10 16  -25.73
1990 10 17   27.34
1990 10 18   49.33
1990 10 19   23.04
1990 10 20   27.94
1990 10 21   49.26
1990 10 22   40.37
1990 10 23   26.24
1990 10 24   24.75
1990 10 25  -12.57
1990 10 26  -70.60
1990 10 27  -57.71
1990 10 28  -14.70
1990 10 29   -8.59
1990 10 30  -13.31
1990 10 31  -20.51
1990 11 01  -58.19
1990 11 02  -84.01
1990 11 03 -104.26
1990 11 04 -134.83
1990 11 05 -181.88
1990 11 06 -158.68
1990 11 07 -140.94
1990 11 08 -166.28
1990 11 09 -176.76
1990 11 10 -190.24
1990 11 11 -150.33
1990 11 12  -23.16
1990 11 13  112.41
1990 11 14  141.53
1990 11 15  106.01
1990 11 16   72.46
1990 11 17   46.83
1990 11 18   19.72
1990 11 19   42.45
1990 11 20   28.62
1990 11 21  -37.48
1990 11 22  -63.69
1990 11 23  -29.44
1990 11 24    9.99
1990 11 25   36.36
1990 11 26    1.36
1990 11 27  -50.19
1990 11 28  -88.42
1990 11 29  -99.53
1990 11 30  -74.47
1990 12 01  -23.92
1990 12 02   32.99
1990 12 03  121.36
1990 12 04  193.08
1990 12 05  190.47
1990 12 06  156.31
1990 12 07  126.95
1990 12 08  113.40
1990 12 09  101.65
1990 12 10   97.10
1990 12 11   80.68
1990 12 12   72.76
1990 12 13   33.36
1990 12 14    8.51
1990 12 15   -4.69
1990 12 16  -51.32
1990 12 17 -115.36
1990 12 18 -174.13
1990 12 19 -179.24
1990 12 20 -159.65
1990 12 21 -152.30
1990 12 22 -165.16
1990 12 23 -170.72
1990 12 24 -190.95
1990 12 25 -184.72
1990 12 26 -173.54
1990 12 27 -202.76
1990 12 28 -206.87
1990 12 29 -261.92
1990 12 30 -279.35
1990 12 31 -256.87
1991 01 01 -213.18
1991 01 02 -213.36
1991 01 03 -203.56
1991 01 04 -177.64
1991 01 05 -175.17
1991 01 06 -177.15
1991 01 07 -178.47
1991 01 08 -165.52
1991 01 09 -137.86
1991 01 10  -99.44
1991 01 11  -43.78
1991 01 12    4.82
1991 01 13   25.93
1991 01 14   22.08
1991 01 15    1.94
1991 01 16   12.08
1991 01 17   40.38
1991 01 18   11.12
1991 01 19   18.76
1991 01 20   44.41
1991 01 21   62.53
1991 01 22   37.36
1991 01 23   -1.76
1991 01 24  -40.48
1991 01 25 -115.97
1991 01 26 -194.18
1991 01 27 -243.38
1991 01 28 -228.77
1991 01 29 -253.85
1991 01 30 -251.90
1991 01 31 -200.37
1991 02 01 -114.48
1991 02 02  -45.59
1991 02 03  -36.11
1991 02 04  -15.63
1991 02 05    9.06
1991 02 06    8.00
1991 02 07   -5.72
1991 02 08  -56.79
1991 02 09  -65.71
1991 02 10  -50.50
1991 02 11  -46.26
1991 02 12  -71.37
1991 02 13  -65.77
1991 02 14  -55.19
1991 02 15  -70.48
1991 02 16  -84.48
1991 02 17  -96.27
1991 02 18 -108.60
1991 02 19 -103.46
1991 02 20  -79.36
1991 02 21  -75.11
1991 02 22  -45.75
1991 02 23  -10.74
1991 02 24   -7.71
1991 02 25  -56.62
1991 02 26 -134.80
1991 02 27 -152.46
1991 02 28 -157.69
1991 03 01 -161.96
1991 03 02 -107.85
1991 03 03    2.90
1991 03 04   87.13
1991 03 05  113.19
1991 03 06  148.44
1991 03 07  115.99
1991 03 08   48.43
1991 03 09   49.01
1991 03 10   79.76
1991 03 11   90.61
1991 03 12  141.59
1991 03 13  165.12
1991 03 14  160.29
1991 03 15  125.51
1991 03 16  147.32
1991 03 17  153.35
1991 03 18   93.30
1991 03 19   74.86
1991 03 20   87.34
1991 03 21   81.09
1991 03 22   44.90
1991 03 23  -16.54
1991 03 24  -72.50
1991 03 25  -68.12
1991 03 26  -11.25
1991 03 27   67.80
1991 03 28  127.33
1991 03 29  144.70
1991 03 30  141.35
1991 03 31  161.58
1991 04 01  202.39
1991 04 02  184.69
1991 04 03  121.19
1991 04 04   85.08
1991 04 05   79.55
1991 04 06   74.64
1991 04 07   49.62
1991 04 08   12.92
1991 04 09  -25.19
1991 04 10  -18.05
1991 04 11   29.54
1991 04 12   76.45
1991 04 13   75.37
1991 04 14   47.14
1991 04 15   47.19
1991 04 16   71.10
1991 04 17   47.76
1991 04 18   32.67
1991 04 19   57.55
1991 04 20   83.00
1991 04 21   94.62
1991 04 22   80.09
1991 04 23   49.07
1991 04 24   42.79
1991 04 25   42.08
1991 04 26   27.08
1991 04 27    6.85
1991 04 28   -0.29
1991 04 29   -4.53
1991 04 30  -35.97
1991 05 01  -35.70
1991 05 02   30.44
1991 05 03   70.13
1991 05 04  109.21
1991 05 05  138.94
1991 05 06  126.61
1991 05 07   89.33
1991 05 08   77.46
1991 05 09   90.25
1991 05 10  109.34
1991 05 11  125.88
1991 05 12  125.30
1991 05 13  117.03
1991 05 14  107.42
1991 05 15   97.09
1991 05 16   81.40
1991 05 17   51.30
1991 05 18   43.13
1991 05 19   33.78
1991 05 20   -6.40
1991 05 21  -13.69
1991 05 22  -36.64
1991 05 23  -71.37
1991 05 24  -65.58
1991 05 25  -35.60
1991 05 26  -10.19
1991 05 27   51.31
1991 05 28   97.23
1991 05 29   94.00
1991 05 30   53.83
1991 05 31   27.91
1991 06 01    5.30
1991 06 02  -15.64
1991 06 03  -22.57
1991 06 04  -21.29
1991 06 05  -10.01
1991 06 06   10.34
1991 06 07   33.37
1991 06 08   39.31
1991 06 09   34.27
1991 06 10   32.33
1991 06 11   20.40
1991 06 12    7.91
1991 06 13  -14.60
1991 06 14  -48.70
1991 06 15  -60.58
1991 06 16  -69.17
1991 06 17  -75.35
1991 06 18  -85.65
1991 06 19 -105.34
1991 06 20  -99.12
1991 06 21  -78.45
1991 06 22  -56.17
1991 06 23  -18.51
1991 06 24    9.93
1991 06 25   24.97
1991 06 26    1.35
1991 06 27  -33.78
1991 06 28  -51.02
1991 06 29  -61.64
1991 06 30  -68.58
1991 07 01  -79.63
1991 07 02  -91.19
1991 07 03  -77.58
1991 07 04  -60.71
1991 07 05  -55.06
1991 07 06  -66.06
1991 07 07  -80.20
1991 07 08  -67.41
1991 07 09  -64.97
1991 07 10  -50.34
1991 07 11  -29.83
1991 07 12   -0.38
1991 07 13   20.21
1991 07 14   30.74
1991 07 15   49.88
1991 07 16   60.82
1991 07 17   58.84
1991 07 18   56.08
1991 07 19   42.40
1991 07 20   15.46
1991 07 21   -4.33
1991 07 22    8.47
1991 07 23   20.50
1991 07 24    8.09
1991 07 25  -26.03
1991 07 26  -44.62
1991 07 27  -27.75
1991 07 28  -10.05
1991 07 29   -3.64
1991 07 30   -0.14
1991 07 31    1.06
1991 08 01   -9.64
1991 08 02  -23.96
1991 08 03  -37.64
1991 08 04  -47.01
1991 08 05  -54.82
1991 08 06  -49.52
1991 08 07  -32.43
1991 08 08   -1.42
1991 08 09   -3.18
1991 08 10  -12.96
1991 08 11  -10.80
1991 08 12  -13.16
1991 08 13   -8.17
1991 08 14   10.73
1991 08 15   10.80
1991 08 16   15.94
1991 08 17   23.23
1991 08 18   20.37
1991 08 19   -0.35
1991 08 20  -20.23
1991 08 21  -39.46
1991 08 22  -66.52
1991 08 23  -59.56
1991 08 24   -3.60
1991 08 25   43.94
1991 08 26   14.11
1991 08 27  -10.17
1991 08 28  -33.94
1991 08 29  -33.35
1991 08 30   40.52
1991 08 31   81.76
1991 09 01   60.81
1991 09 02   47.14
1991 09 03   36.03
1991 09 04   47.87
1991 09 05   65.92
1991 09 06   31.84
1991 09 07    8.39
1991 09 08   39.20
1991 09 09   64.86
1991 09 10   65.71
1991 09 11   63.52
1991 09 12   54.31
1991 09 13   63.59
1991 09 14   76.67
1991 09 15   55.46
1991 09 16   36.90
1991 09 17   49.59
1991 09 18   49.75
1991 09 19   34.62
1991 09 20   20.27
1991 09 21   18.27
1991 09 22   13.22
1991 09 23   23.89
1991 09 24   10.85
1991 09 25    1.57
1991 09 26   27.53
1991 09 27   35.53
1991 09 28   34.30
1991 09 29   79.29
1991 09 30   92.81
1991 10 01   70.14
1991 10 02   16.08
1991 10 03  -12.13
1991 10 04  -13.60
1991 10 05   -3.67
1991 10 06   18.76
1991 10 07    0.55
1991 10 08  -33.79
1991 10 09  -25.53
1991 10 10  -49.14
1991 10 11  -75.08
1991 10 12  -69.47
1991 10 13  -68.68
1991 10 14  -58.94
1991 10 15  -61.77
1991 10 16  -73.82
1991 10 17  -89.09
1991 10 18 -105.17
1991 10 19 -129.35
1991 10 20 -171.14
1991 10 21 -169.39
1991 10 22 -173.40
1991 10 23 -169.24
1991 10 24 -113.33
1991 10 25  -84.22
1991 10 26  -48.77
1991 10 27  -25.82
1991 10 28  -47.21
1991 10 29  -37.53
1991 10 30  -45.94
1991 10 31  -64.75
1991 11 01  -78.42
1991 11 02 -108.93
1991 11 03 -150.89
1991 11 04 -162.54
1991 11 05 -146.64
1991 11 06 -132.03
1991 11 07 -124.70
1991 11 08 -123.50
1991 11 09 -123.91
1991 11 10  -86.73
1991 11 11  -31.85
1991 11 12   19.79
1991 11 13   60.00
1991 11 14   95.85
1991 11 15  139.05
1991 11 16  145.43
1991 11 17  122.65
1991 11 18   97.20
1991 11 19   78.07
1991 11 20   32.72
1991 11 21  -34.23
1991 11 22  -62.64
1991 11 23  -56.89
1991 11 24  -18.44
1991 11 25   19.01
1991 11 26   37.80
1991 11 27   11.41
1991 11 28  -56.90
1991 11 29  -85.68
1991 11 30  -95.67
1991 12 01 -124.47
1991 12 02 -111.84
1991 12 03  -35.68
1991 12 04   16.65
1991 12 05   45.99
1991 12 06   85.03
1991 12 07  107.14
1991 12 08  141.17
1991 12 09  155.82
1991 12 10  134.58
1991 12 11  113.91
1991 12 12   85.18
1991 12 13  116.74
1991 12 14  120.22
1991 12 15   94.99
1991 12 16   60.21
1991 12 17   32.76
1991 12 18   -2.18
1991 12 19   11.96
1991 12 20   82.80
1991 12 21  131.65
1991 12 22  128.28
1991 12 23  120.30
1991 12 24  114.50
1991 12 25  125.32
1991 12 26  174.20
1991 12 27  185.89
1991 12 28  165.69
1991 12 29  128.04
1991 12 30  137.87
1991 12 31  174.58
1992 01 01  192.45
1992 01 02  181.47
1992 01 03  170.55
1992 01 04  159.05
1992 01 05  181.92
1992 01 06  168.59
1992 01 07  160.92
1992 01 08  167.28
1992 01 09  180.56
1992 01 10  177.05
1992 01 11  105.23
1992 01 12   38.62
1992 01 13    9.62
1992 01 14   45.31
1992 01 15   75.71
1992 01 16   50.85
1992 01 17   30.39
1992 01 18   17.84
1992 01 19   45.97
1992 01 20   63.46
1992 01 21   26.24
1992 01 22  -21.35
1992 01 23  -29.05
1992 01 24   -2.45
1992 01 25   21.43
1992 01 26   25.16
1992 01 27   20.92
1992 01 28    4.66
1992 01 29    0.53
1992 01 30   35.06
1992 01 31   88.75
1992 02 01   75.06
1992 02 02   68.94
1992 02 03  121.65
1992 02 04  122.72
1992 02 05   50.41
1992 02 06  -12.38
1992 02 07  -31.80
1992 02 08   -6.16
1992 02 09   -1.58
1992 02 10  -34.95
1992 02 11  -18.13
1992 02 12    7.19
1992 02 13   11.58
1992 02 14    5.31
1992 02 15  -14.99
1992 02 16  -57.57
1992 02 17 -108.54
1992 02 18 -168.29
1992 02 19 -209.21
1992 02 20 -217.67
1992 02 21 -170.75
1992 02 22 -119.46
1992 02 23 -108.23
1992 02 24 -121.40
1992 02 25 -136.19
1992 02 26 -122.94
1992 02 27 -106.11
1992 02 28  -46.94
1992 02 29   30.13
1992 03 01   30.87
1992 03 02   -3.72
1992 03 03  -19.27
1992 03 04   -2.19
1992 03 05  -16.94
1992 03 06  -34.01
1992 03 07  -31.37
1992 03 08    5.12
1992 03 09   48.06
1992 03 10   82.36
1992 03 11  100.32
1992 03 12   64.81
1992 03 13   11.08
1992 03 14   -3.66
1992 03 15    3.00
1992 03 16   29.61
1992 03 17   79.45
1992 03 18  136.62
1992 03 19  167.82
1992 03 20  175.70
1992 03 21  175.95
1992 03 22  133.52
1992 03 23  121.50
1992 03 24  137.31
1992 03 25  117.17
1992 03 26   86.39
1992 03 27   49.35
1992 03 28   14.15
1992 03 29   -9.10
1992 03 30  -24.66
1992 03 31  -38.60
1992 04 01  -37.11
1992 04 02  -44.89
1992 04 03  -60.78
1992 04 04 -104.33
1992 04 05 -142.21
1992 04 06 -167.70
1992 04 07 -210.15
1992 04 08 -253.27
1992 04 09 -263.30
1992 04 10 -234.83
1992 04 11 -185.19
1992 04 12 -128.63
1992 04 13  -74.74
1992 04 14  -10.37
1992 04 15   31.03
1992 04 16   34.57
1992 04 17   -9.31
1992 04 18  -35.01
1992 04 19  -33.76
1992 04 20  -18.83
1992 04 21  -36.12
1992 04 22  -69.19
1992 04 23  -88.17
1992 04 24  -90.24
1992 04 25 -100.62
1992 04 26 -106.76
1992 04 27  -76.09
1992 04 28  -54.83
1992 04 29  -51.14
1992 04 30  -35.87
1992 05 01  -17.80
1992 05 02   -8.79
1992 05 03    8.64
1992 05 04    4.62
1992 05 05    1.29
1992 05 06    6.39
1992 05 07   17.30
1992 05 08    8.15
1992 05 09   -4.67
1992 05 10   -7.06
1992 05 11    7.89
1992 05 12   10.02
1992 05 13    2.76
1992 05 14  -45.62
1992 05 15  -89.32
1992 05 16 -110.79
1992 05 17 -119.44
1992 05 18 -120.75
1992 05 19 -155.11
1992 05 20 -159.51
1992 05 21 -169.48
1992 05 22 -166.80
1992 05 23 -141.77
1992 05 24 -123.73
1992 05 25  -77.58
1992 05 26  -24.00
1992 05 27   -0.71
1992 05 28   -4.03
1992 05 29  -27.28
1992 05 30  -22.32
1992 05 31   27.07
1992 06 01   47.94
1992 06 02   23.69
1992 06 03  -16.40
1992 06 04  -57.18
1992 06 05  -66.59
1992 06 06  -44.84
1992 06 07  -34.42
1992 06 08  -56.75
1992 06 09  -63.54
1992 06 10  -36.56
1992 06 11   -5.40
1992 06 12   14.20
1992 06 13   19.85
1992 06 14   40.72
1992 06 15   65.21
1992 06 16   77.54
1992 06 17   76.39
1992 06 18   86.49
1992 06 19  102.41
1992 06 20   93.16
1992 06 21   75.69
1992 06 22   46.48
1992 06 23   22.00
1992 06 24   18.70
1992 06 25   30.32
1992 06 26   56.76
1992 06 27   90.53
1992 06 28  102.22
1992 06 29   78.36
1992 06 30   60.01
1992 07 01   47.34
1992 07 02   54.91
1992 07 03   50.32
1992 07 04   40.15
1992 07 05   28.61
1992 07 06   11.22
1992 07 07  -17.14
1992 07 08  -26.41
1992 07 09  -18.71
1992 07 10    7.52
1992 07 11   11.65
1992 07 12   11.72
1992 07 13   11.27
1992 07 14   15.84
1992 07 15   13.41
1992 07 16   -6.62
1992 07 17  -22.11
1992 07 18  -19.30
1992 07 19    3.64
1992 07 20   25.08
1992 07 21   36.41
1992 07 22   43.27
1992 07 23   47.37
1992 07 24   52.26
1992 07 25   55.95
1992 07 26   39.23
1992 07 27   24.01
1992 07 28   18.10
1992 07 29   -4.39
1992 07 30  -17.65
1992 07 31   -6.65
1992 08 01   11.61
1992 08 02   33.79
1992 08 03   53.32
1992 08 04   57.11
1992 08 05   62.30
1992 08 06   67.12
1992 08 07   55.25
1992 08 08   36.02
1992 08 09    7.41
1992 08 10  -12.34
1992 08 11    2.59
1992 08 12   18.22
1992 08 13   33.96
1992 08 14   57.70
1992 08 15   61.12
1992 08 16   79.77
1992 08 17   81.10
1992 08 18   59.69
1992 08 19   51.88
1992 08 20   73.25
1992 08 21   90.50
1992 08 22   87.88
1992 08 23   85.36
1992 08 24   89.09
1992 08 25   81.81
1992 08 26   63.56
1992 08 27   62.13
1992 08 28   62.66
1992 08 29   41.83
1992 08 30   40.35
1992 08 31   48.10
1992 09 01    9.07
1992 09 02  -30.65
1992 09 03  -62.89
1992 09 04  -70.37
1992 09 05  -61.26
1992 09 06  -45.88
1992 09 07  -44.92
1992 09 08  -45.40
1992 09 09  -37.42
1992 09 10  -54.50
1992 09 11 -113.92
1992 09 12 -164.90
1992 09 13 -185.71
1992 09 14 -193.76
1992 09 15 -169.02
1992 09 16 -122.75
1992 09 17  -89.77
1992 09 18  -50.40
1992 09 19  -25.98
1992 09 20  -23.19
1992 09 21  -15.09
1992 09 22    1.14
1992 09 23    6.95
1992 09 24   39.76
1992 09 25   64.89
1992 09 26   61.79
1992 09 27   46.34
1992 09 28   30.21
1992 09 29   80.46
1992 09 30  119.79
1992 10 01   80.49
1992 10 02   38.32
1992 10 03   23.97
1992 10 04    5.72
1992 10 05    0.99
1992 10 06   34.48
1992 10 07   61.90
1992 10 08   45.27
1992 10 09  -10.47
1992 10 10  -42.64
1992 10 11  -81.73
1992 10 12  -89.47
1992 10 13  -89.72
1992 10 14  -92.00
1992 10 15  -79.27
1992 10 16  -64.65
1992 10 17  -80.01
1992 10 18  -78.78
1992 10 19  -39.30
1992 10 20   14.87
1992 10 21   30.03
1992 10 22   44.75
1992 10 23   83.36
1992 10 24  107.78
1992 10 25  106.91
1992 10 26  101.29
1992 10 27  107.69
1992 10 28  109.72
1992 10 29   55.60
1992 10 30   -0.29
1992 10 31  -56.98
1992 11 01  -71.05
1992 11 02  -45.94
1992 11 03   31.12
1992 11 04   49.21
1992 11 05   39.97
1992 11 06   69.54
1992 11 07  127.87
1992 11 08  182.08
1992 11 09  206.58
1992 11 10  189.28
1992 11 11  133.01
1992 11 12  127.18
1992 11 13  112.65
1992 11 14   71.53
1992 11 15   31.04
1992 11 16   -6.64
1992 11 17  -21.99
1992 11 18  -12.12
1992 11 19  -22.19
1992 11 20  -58.39
1992 11 21  -64.27
1992 11 22   39.66
1992 11 23   92.84
1992 11 24   87.49
1992 11 25   86.21
1992 11 26   82.61
1992 11 27  151.70
1992 11 28  191.16
1992 11 29  156.11
1992 11 30  116.22
1992 12 01   97.91
1992 12 02  116.48
1992 12 03  111.84
1992 12 04  103.78
1992 12 05   55.98
1992 12 06   45.04
1992 12 07   79.16
1992 12 08   79.97
1992 12 09   53.80
1992 12 10    6.50
1992 12 11  -43.45
1992 12 12  -64.79
1992 12 13  -41.93
1992 12 14  -76.90
1992 12 15  -99.47
1992 12 16  -71.50
1992 12 17  -62.34
1992 12 18 -100.13
1992 12 19 -100.95
1992 12 20 -110.21
1992 12 21 -128.38
1992 12 22 -121.98
1992 12 23 -106.00
1992 12 24 -103.80
1992 12 25 -138.62
1992 12 26 -177.26
1992 12 27  -91.00
1992 12 28   11.29
1992 12 29   39.65
1992 12 30   26.66
1992 12 31   -8.65
1993 01 01  -35.44
1993 01 02  -74.19
1993 01 03  -74.69
1993 01 04  -29.20
1993 01 05    1.59
1993 01 06    4.07
1993 01 07   18.67
1993 01 08   37.69
1993 01 09   23.18
1993 01 10   37.90
1993 01 11   70.15
1993 01 12   57.26
1993 01 13   46.94
1993 01 14   68.01
1993 01 15   74.76
1993 01 16  100.44
1993 01 17  123.66
1993 01 18  153.33
1993 01 19  149.39
1993 01 20  114.21
1993 01 21   59.51
1993 01 22   18.07
1993 01 23    6.01
1993 01 24   -2.64
1993 01 25   -1.78
1993 01 26   -9.54
1993 01 27    3.98
1993 01 28   21.79
1993 01 29   52.37
1993 01 30   51.63
1993 01 31   18.39
1993 02 01   -1.48
1993 02 02  -65.27
1993 02 03  -76.37
1993 02 04  -69.68
1993 02 05  -47.23
1993 02 06   27.40
1993 02 07   90.28
1993 02 08   87.16
1993 02 09   57.27
1993 02 10   -8.06
1993 02 11  -38.51
1993 02 12  -56.56
1993 02 13  -75.75
1993 02 14  -98.10
1993 02 15 -116.06
1993 02 16 -144.18
1993 02 17 -173.34
1993 02 18 -206.86
1993 02 19 -195.53
1993 02 20 -163.12
1993 02 21 -129.70
1993 02 22  -88.98
1993 02 23  -50.77
1993 02 24   -8.11
1993 02 25   43.40
1993 02 26  101.70
1993 02 27  143.78
1993 02 28  177.72
1993 03 01  213.99
1993 03 02  204.87
1993 03 03  156.28
1993 03 04  154.51
1993 03 05  148.09
1993 03 06  128.99
1993 03 07   83.42
1993 03 08   13.88
1993 03 09  -62.76
1993 03 10 -120.75
1993 03 11 -122.39
1993 03 12 -126.61
1993 03 13 -177.47
1993 03 14 -231.13
1993 03 15 -214.20
1993 03 16 -182.91
1993 03 17 -147.70
1993 03 18  -83.40
1993 03 19  -21.20
1993 03 20   45.10
1993 03 21  111.96
1993 03 22  162.07
1993 03 23  189.05
1993 03 24  140.99
1993 03 25   72.55
1993 03 26   26.94
1993 03 27   29.84
1993 03 28   61.80
1993 03 29   69.18
1993 03 30   83.66
1993 03 31   89.87
1993 04 01   39.16
1993 04 02  -17.89
1993 04 03  -55.94
1993 04 04  -62.24
1993 04 05  -86.73
1993 04 06 -107.90
1993 04 07  -59.13
1993 04 08  -33.78
1993 04 09  -27.09
1993 04 10  -28.30
1993 04 11   19.63
1993 04 12   52.45
1993 04 13   47.27
1993 04 14   36.35
1993 04 15    1.48
1993 04 16  -19.90
1993 04 17  -20.07
1993 04 18  -36.17
1993 04 19  -26.61
1993 04 20   -4.16
1993 04 21   13.50
1993 04 22   28.30
1993 04 23   21.94
1993 04 24   -1.25
1993 04 25   -5.51
1993 04 26    9.27
1993 04 27   30.97
1993 04 28   25.30
1993 04 29   30.85
1993 04 30   58.41
1993 05 01  101.95
1993 05 02  106.35
1993 05 03  100.25
1993 05 04  108.22
1993 05 05  114.13
1993 05 06   85.77
1993 05 07   41.83
1993 05 08   15.74
1993 05 09   34.61
1993 05 10   45.58
1993 05 11   46.70
1993 05 12   23.70
1993 05 13   14.39
1993 05 14   -5.85
1993 05 15  -32.22
1993 05 16  -41.79
1993 05 17  -53.41
1993 05 18  -46.87
1993 05 19  -28.26
1993 05 20  -19.35
1993 05 21  -30.38
1993 05 22  -46.47
1993 05 23  -58.00
1993 05 24  -51.83
1993 05 25  -28.44
1993 05 26  -12.09
1993 05 27  -29.22
1993 05 28  -55.21
1993 05 29  -76.39
1993 05 30  -93.49
1993 05 31  -88.78
1993 06 01  -77.90
1993 06 02  -72.16
1993 06 03  -72.73
1993 06 04  -69.76
1993 06 05  -24.17
1993 06 06   14.84
1993 06 07   38.80
1993 06 08   59.06
1993 06 09   68.04
1993 06 10   51.93
1993 06 11   19.18
1993 06 12    1.61
1993 06 13  -26.26
1993 06 14  -58.93
1993 06 15  -50.13
1993 06 16  -31.73
1993 06 17  -24.71
1993 06 18  -50.30
1993 06 19  -66.27
1993 06 20  -43.20
1993 06 21  -38.01
1993 06 22  -41.87
1993 06 23  -28.57
1993 06 24  -14.40
1993 06 25    5.21
1993 06 26   38.90
1993 06 27   42.14
1993 06 28   39.15
1993 06 29   42.95
1993 06 30   43.83
1993 07 01   70.31
1993 07 02  116.93
1993 07 03  114.21
1993 07 04   76.20
1993 07 05   29.77
1993 07 06  -23.16
1993 07 07  -55.73
1993 07 08  -88.25
1993 07 09  -94.58
1993 07 10  -96.24
1993 07 11  -91.68
1993 07 12  -68.40
1993 07 13  -54.73
1993 07 14  -58.74
1993 07 15  -56.18
1993 07 16  -71.42
1993 07 17  -96.98
1993 07 18  -93.86
1993 07 19  -65.58
1993 07 20  -25.15
1993 07 21  -13.17
1993 07 22  -29.67
1993 07 23  -30.51
1993 07 24  -30.37
1993 07 25  -34.69
1993 07 26  -34.43
1993 07 27  -36.39
1993 07 28  -43.36
1993 07 29  -65.81
1993 07 30  -94.66
1993 07 31 -101.61
1993 08 01  -89.14
1993 08 02  -68.93
1993 08 03  -52.50
1993 08 04  -42.36
1993 08 05  -56.98
1993 08 06  -81.74
1993 08 07  -92.25
1993 08 08 -106.50
1993 08 09  -88.00
1993 08 10  -67.58
1993 08 11  -45.82
1993 08 12  -21.54
1993 08 13   13.22
1993 08 14   66.41
1993 08 15  112.30
1993 08 16  133.34
1993 08 17  156.59
1993 08 18  172.22
1993 08 19  182.13
1993 08 20  165.22
1993 08 21  136.06
1993 08 22  106.50
1993 08 23   76.15
1993 08 24   48.70
1993 08 25   24.66
1993 08 26    0.47
1993 08 27  -28.34
1993 08 28  -48.06
1993 08 29  -53.87
1993 08 30  -50.43
1993 08 31  -30.37
1993 09 01    2.96
1993 09 02    3.37
1993 09 03  -34.58
1993 09 04  -54.43
1993 09 05  -38.23
1993 09 06   19.79
1993 09 07    6.66
1993 09 08  -37.95
1993 09 09  -60.57
1993 09 10  -46.00
1993 09 11  -31.50
1993 09 12  -12.83
1993 09 13   -6.39
1993 09 14    7.91
1993 09 15   13.04
1993 09 16   -6.94
1993 09 17  -40.56
1993 09 18  -54.98
1993 09 19  -32.09
1993 09 20    2.84
1993 09 21    3.55
1993 09 22  -12.04
1993 09 23  -16.00
1993 09 24  -22.92
1993 09 25  -26.65
1993 09 26  -52.61
1993 09 27  -99.99
1993 09 28  -35.11
1993 09 29    9.41
1993 09 30   16.22
1993 10 01   21.57
1993 10 02  -13.57
1993 10 03   -4.42
1993 10 04  -18.41
1993 10 05  -22.16
1993 10 06   16.69
1993 10 07   46.71
1993 10 08   48.73
1993 10 09   39.21
1993 10 10   -5.38
1993 10 11  -32.88
1993 10 12  -34.31
1993 10 13  -23.53
1993 10 14    8.97
1993 10 15   41.10
1993 10 16   67.38
1993 10 17   66.44
1993 10 18   49.58
1993 10 19   48.00
1993 10 20   45.30
1993 10 21   20.75
1993 10 22    4.77
1993 10 23  -25.44
1993 10 24  -86.78
1993 10 25  -76.61
1993 10 26    0.27
1993 10 27   36.64
1993 10 28   59.20
1993 10 29   80.44
1993 10 30   62.49
1993 10 31   12.61
1993 11 01   30.06
1993 11 02  101.49
1993 11 03   66.53
1993 11 04   22.86
1993 11 05    7.02
1993 11 06   -4.86
1993 11 07   -5.51
1993 11 08  -14.46
1993 11 09   14.32
1993 11 10   18.60
1993 11 11    4.69
1993 11 12   -9.42
1993 11 13  -34.67
1993 11 14  -61.05
1993 11 15 -109.04
1993 11 16  -99.31
1993 11 17  -51.20
1993 11 18   27.91
1993 11 19   56.43
1993 11 20   47.90
1993 11 21   59.43
1993 11 22   73.17
1993 11 23  104.77
1993 11 24   58.95
1993 11 25   64.08
1993 11 26   94.87
1993 11 27   98.79
1993 11 28  104.45
1993 11 29  117.54
1993 11 30  121.83
1993 12 01  144.02
1993 12 02  183.91
1993 12 03  210.44
1993 12 04  205.69
1993 12 05  224.49
1993 12 06  266.88
1993 12 07  257.95
1993 12 08  217.96
1993 12 09  126.05
1993 12 10   92.94
1993 12 11  108.90
1993 12 12   78.82
1993 12 13   68.77
1993 12 14   62.21
1993 12 15   61.62
1993 12 16   55.44
1993 12 17   39.26
1993 12 18    4.70
1993 12 19    3.35
1993 12 20  -18.72
1993 12 21  -51.42
1993 12 22 -111.65
1993 12 23  -75.94
1993 12 24  -23.50
1993 12 25  -12.83
1993 12 26  -41.43
1993 12 27  -80.15
1993 12 28  -81.65
1993 12 29  -65.15
1993 12 30  -48.42
1993 12 31  -26.28
1994 01 01  -17.82
1994 01 02    6.27
1994 01 03   43.98
1994 01 04   52.86
1994 01 05   10.39
1994 01 06  -44.02
1994 01 07  -75.36
1994 01 08  -62.14
1994 01 09  -63.03
1994 01 10  -72.41
1994 01 11  -47.01
1994 01 12   -2.03
1994 01 13   -3.08
1994 01 14  -37.25
1994 01 15  -96.39
1994 01 16  -64.45
1994 01 17   19.33
1994 01 18   54.35
1994 01 19   29.07
1994 01 20   21.97
1994 01 21   41.90
1994 01 22   70.74
1994 01 23  100.14
1994 01 24  130.25
1994 01 25  120.02
1994 01 26   96.63
1994 01 27   51.25
1994 01 28    2.26
1994 01 29  -71.77
1994 01 30 -114.15
1994 01 31  -72.83
1994 02 01    2.28
1994 02 02   20.99
1994 02 03  -24.21
1994 02 04  -24.59
1994 02 05  -25.16
1994 02 06   -6.37
1994 02 07   27.35
1994 02 08   22.20
1994 02 09    7.94
1994 02 10  -29.27
1994 02 11  -73.86
1994 02 12  -69.71
1994 02 13  -98.81
1994 02 14 -131.41
1994 02 15 -131.46
1994 02 16  -96.67
1994 02 17 -101.06
1994 02 18 -129.87
1994 02 19 -144.96
1994 02 20 -107.98
1994 02 21 -125.10
1994 02 22 -242.02
1994 02 23 -322.95
1994 02 24 -326.07
1994 02 25 -282.32
1994 02 26 -231.08
1994 02 27 -178.59
1994 02 28 -107.14
1994 03 01  -48.50
1994 03 02  -16.42
1994 03 03    9.33
1994 03 04   -9.64
1994 03 05  -91.88
1994 03 06 -141.03
1994 03 07 -124.26
1994 03 08 -102.54
1994 03 09  -42.12
1994 03 10  -13.44
1994 03 11    5.62
1994 03 12   78.36
1994 03 13  127.93
1994 03 14  100.12
1994 03 15   69.59
1994 03 16   49.30
1994 03 17    3.00
1994 03 18  -34.09
1994 03 19  -12.81
1994 03 20    8.27
1994 03 21   53.28
1994 03 22   85.24
1994 03 23   93.16
1994 03 24   78.21
1994 03 25   60.56
1994 03 26   96.08
1994 03 27  102.61
1994 03 28   57.34
1994 03 29   35.17
1994 03 30   38.54
1994 03 31   19.52
1994 04 01    4.67
1994 04 02  -27.25
1994 04 03 -106.34
1994 04 04 -144.49
1994 04 05 -151.24
1994 04 06 -147.01
1994 04 07 -119.11
1994 04 08 -100.07
1994 04 09  -68.75
1994 04 10   -9.26
1994 04 11   69.03
1994 04 12   86.80
1994 04 13   50.41
1994 04 14   39.10
1994 04 15   52.52
1994 04 16   76.22
1994 04 17   62.39
1994 04 18   21.11
1994 04 19   10.00
1994 04 20   10.95
1994 04 21    6.39
1994 04 22   13.89
1994 04 23   17.06
1994 04 24  -10.22
1994 04 25  -72.50
1994 04 26  -83.99
1994 04 27  -55.25
1994 04 28  -24.50
1994 04 29   -3.97
1994 04 30   15.03
1994 05 01   21.63
1994 05 02   44.14
1994 05 03   58.59
1994 05 04   90.05
1994 05 05   91.06
1994 05 06   78.45
1994 05 07   78.71
1994 05 08   72.75
1994 05 09   68.69
1994 05 10   68.55
1994 05 11   69.88
1994 05 12   83.29
1994 05 13   78.17
1994 05 14   77.71
1994 05 15   50.91
1994 05 16   16.36
1994 05 17   23.92
1994 05 18   71.90
1994 05 19  126.12
1994 05 20  163.31
1994 05 21  168.92
1994 05 22  121.17
1994 05 23   77.72
1994 05 24   44.56
1994 05 25   15.07
1994 05 26   15.39
1994 05 27   14.66
1994 05 28   -1.62
1994 05 29    2.41
1994 05 30   -9.49
1994 05 31   -8.83
1994 06 01  -18.43
1994 06 02  -27.66
1994 06 03  -14.65
1994 06 04   19.96
1994 06 05   52.14
1994 06 06   53.62
1994 06 07   33.70
1994 06 08    4.23
1994 06 09   -0.68
1994 06 10    5.23
1994 06 11   13.30
1994 06 12    9.97
1994 06 13  -27.28
1994 06 14  -65.13
1994 06 15  -90.71
1994 06 16 -135.95
1994 06 17 -150.11
1994 06 18 -103.61
1994 06 19  -59.55
1994 06 20  -20.89
1994 06 21    8.41
1994 06 22    9.26
1994 06 23   -7.69
1994 06 24   -1.51
1994 06 25   -5.05
1994 06 26   -1.64
1994 06 27   15.14
1994 06 28   22.26
1994 06 29   38.75
1994 06 30   47.65
1994 07 01   61.52
1994 07 02   53.57
1994 07 03   32.13
1994 07 04   17.29
1994 07 05   16.97
1994 07 06   10.12
1994 07 07   -8.93
1994 07 08  -23.36
1994 07 09  -27.72
1994 07 10  -24.64
1994 07 11  -17.89
1994 07 12  -10.35
1994 07 13    3.61
1994 07 14   26.21
1994 07 15   64.36
1994 07 16   86.75
1994 07 17   84.69
1994 07 18   72.45
1994 07 19   62.48
1994 07 20   48.30
1994 07 21   33.26
1994 07 22   12.19
1994 07 23   -3.33
1994 07 24  -13.47
1994 07 25  -18.78
1994 07 26  -16.69
1994 07 27    1.79
1994 07 28   30.85
1994 07 29   47.08
1994 07 30   51.13
1994 07 31   42.36
1994 08 01   35.81
1994 08 02   41.45
1994 08 03   37.47
1994 08 04   30.19
1994 08 05   35.07
1994 08 06   51.99
1994 08 07   70.65
1994 08 08   71.16
1994 08 09   79.22
1994 08 10   65.39
1994 08 11   16.86
1994 08 12  -18.55
1994 08 13  -25.09
1994 08 14  -20.11
1994 08 15  -18.99
1994 08 16   -4.04
1994 08 17  -28.33
1994 08 18  -69.46
1994 08 19  -86.33
1994 08 20  -73.28
1994 08 21  -42.00
1994 08 22    2.27
1994 08 23   30.39
1994 08 24   32.88
1994 08 25   26.02
1994 08 26   22.19
1994 08 27    4.86
1994 08 28  -11.50
1994 08 29  -27.27
1994 08 30  -35.98
1994 08 31  -26.21
1994 09 01  -15.34
1994 09 02  -22.75
1994 09 03  -27.59
1994 09 04  -43.86
1994 09 05  -55.88
1994 09 06  -75.19
1994 09 07  -93.61
1994 09 08 -102.80
1994 09 09 -101.66
1994 09 10  -65.30
1994 09 11  -37.33
1994 09 12  -19.64
1994 09 13   -1.60
1994 09 14   -1.94
1994 09 15   -1.66
1994 09 16   16.14
1994 09 17   13.03
1994 09 18   -0.84
1994 09 19  -30.53
1994 09 20  -41.02
1994 09 21  -32.08
1994 09 22  -51.16
1994 09 23  -71.10
1994 09 24  -87.81
1994 09 25  -88.75
1994 09 26  -64.88
1994 09 27  -39.90
1994 09 28  -56.22
1994 09 29  -63.69
1994 09 30  -68.90
1994 10 01  -84.60
1994 10 02  -40.50
1994 10 03   27.15
1994 10 04   39.41
1994 10 05    0.18
1994 10 06  -24.10
1994 10 07   -8.28
1994 10 08   49.65
1994 10 09   83.52
1994 10 10   62.54
1994 10 11   31.88
1994 10 12   12.48
1994 10 13  -15.90
1994 10 14  -30.08
1994 10 15    8.09
1994 10 16   45.83
1994 10 17   42.23
1994 10 18   51.44
1994 10 19   28.16
1994 10 20   25.99
1994 10 21   68.44
1994 10 22   88.21
1994 10 23   82.58
1994 10 24  100.00
1994 10 25   98.76
1994 10 26   85.13
1994 10 27   67.56
1994 10 28   21.16
1994 10 29  -52.15
1994 10 30  -50.47
1994 10 31   24.62
1994 11 01  105.58
1994 11 02  144.67
1994 11 03  168.42
1994 11 04  116.53
1994 11 05  119.53
1994 11 06  121.84
1994 11 07   88.33
1994 11 08  122.44
1994 11 09  132.11
1994 11 10  146.72
1994 11 11  132.17
1994 11 12  109.83
1994 11 13   86.89
1994 11 14   80.29
1994 11 15   74.74
1994 11 16   55.79
1994 11 17   71.38
1994 11 18   83.63
1994 11 19   64.71
1994 11 20   29.72
1994 11 21    3.40
1994 11 22   -0.32
1994 11 23  -37.41
1994 11 24  -78.60
1994 11 25  -49.15
1994 11 26  -44.66
1994 11 27 -117.23
1994 11 28 -192.94
1994 11 29 -221.04
1994 11 30 -200.86
1994 12 01 -142.84
1994 12 02  -89.47
1994 12 03  -28.62
1994 12 04   -4.64
1994 12 05  -20.50
1994 12 06  -21.33
1994 12 07  -42.40
1994 12 08  -28.20
1994 12 09   11.19
1994 12 10   50.65
1994 12 11   71.52
1994 12 12   90.54
1994 12 13   83.74
1994 12 14   92.18
1994 12 15  101.85
1994 12 16   72.36
1994 12 17   65.98
1994 12 18   90.71
1994 12 19  113.44
1994 12 20  148.63
1994 12 21  148.07
1994 12 22  154.69
1994 12 23  154.25
1994 12 24  149.32
1994 12 25  157.27
1994 12 26  173.73
1994 12 27  200.34
1994 12 28  204.87
1994 12 29  180.01
1994 12 30  148.13
1994 12 31   76.87
1995 01 01   37.06
1995 01 02   38.30
1995 01 03   30.61
1995 01 04   43.26
1995 01 05   97.04
1995 01 06  173.40
1995 01 07  145.80
1995 01 08   72.60
1995 01 09   23.32
1995 01 10  -19.71
1995 01 11  -11.70
1995 01 12   37.59
1995 01 13   75.07
1995 01 14   79.60
1995 01 15  105.07
1995 01 16  146.78
1995 01 17  174.33
1995 01 18  162.13
1995 01 19  118.65
1995 01 20   51.12
1995 01 21  -19.21
1995 01 22  -64.50
1995 01 23  -92.98
1995 01 24 -142.23
1995 01 25 -188.53
1995 01 26 -189.51
1995 01 27 -157.19
1995 01 28 -120.06
1995 01 29  -87.47
1995 01 30  -96.78
1995 01 31  -79.16
1995 02 01  -49.45
1995 02 02  -28.64
1995 02 03   -8.60
1995 02 04  -26.43
1995 02 05  -20.47
1995 02 06   -7.31
1995 02 07  -17.79
1995 02 08  -57.14
1995 02 09 -105.96
1995 02 10 -139.25
1995 02 11 -212.62
1995 02 12 -282.26
1995 02 13 -345.05
1995 02 14 -363.98
1995 02 15 -350.32
1995 02 16 -329.56
1995 02 17 -318.17
1995 02 18 -281.50
1995 02 19 -208.89
1995 02 20 -148.80
1995 02 21 -101.83
1995 02 22 -115.79
1995 02 23 -141.62
1995 02 24 -140.20
1995 02 25 -132.44
1995 02 26 -129.50
1995 02 27 -140.79
1995 02 28 -164.99
1995 03 01 -206.17
1995 03 02 -223.93
1995 03 03 -230.49
1995 03 04 -282.77
1995 03 05 -316.63
1995 03 06 -320.44
1995 03 07 -347.25
1995 03 08 -340.07
1995 03 09 -303.93
1995 03 10 -222.18
1995 03 11 -146.08
1995 03 12 -102.68
1995 03 13  -99.84
1995 03 14  -93.87
1995 03 15  -76.71
1995 03 16  -39.33
1995 03 17   21.30
1995 03 18   50.79
1995 03 19   92.93
1995 03 20   85.53
1995 03 21   30.65
1995 03 22  -26.13
1995 03 23  -52.11
1995 03 24  -60.31
1995 03 25  -67.74
1995 03 26  -68.02
1995 03 27  -43.70
1995 03 28   -2.10
1995 03 29   -2.34
1995 03 30  -15.34
1995 03 31   -7.88
1995 04 01   16.42
1995 04 02   33.72
1995 04 03   63.42
1995 04 04   79.41
1995 04 05   63.33
1995 04 06   17.59
1995 04 07  -22.14
1995 04 08  -48.24
1995 04 09  -43.83
1995 04 10   -9.05
1995 04 11   16.62
1995 04 12   24.95
1995 04 13   27.83
1995 04 14   41.95
1995 04 15   75.87
1995 04 16   90.18
1995 04 17   75.74
1995 04 18   83.56
1995 04 19   62.95
1995 04 20   28.45
1995 04 21   53.71
1995 04 22   83.55
1995 04 23   70.54
1995 04 24   49.78
1995 04 25   67.55
1995 04 26   32.17
1995 04 27  -20.72
1995 04 28  -38.63
1995 04 29  -42.35
1995 04 30  -34.70
1995 05 01  -50.86
1995 05 02  -70.31
1995 05 03  -78.58
1995 05 04  -64.07
1995 05 05    0.58
1995 05 06   88.29
1995 05 07   93.72
1995 05 08   50.77
1995 05 09  -11.01
1995 05 10  -58.19
1995 05 11 -106.14
1995 05 12 -117.19
1995 05 13  -67.36
1995 05 14  -16.52
1995 05 15   21.10
1995 05 16   42.98
1995 05 17   28.69
1995 05 18    9.56
1995 05 19   -2.54
1995 05 20   -9.70
1995 05 21   -7.85
1995 05 22   -7.89
1995 05 23   13.18
1995 05 24   55.91
1995 05 25   93.93
1995 05 26  108.02
1995 05 27  103.11
1995 05 28  108.74
1995 05 29  116.54
1995 05 30  106.04
1995 05 31   86.85
1995 06 01   71.57
1995 06 02   61.25
1995 06 03   46.83
1995 06 04   35.96
1995 06 05   23.27
1995 06 06   35.79
1995 06 07   65.99
1995 06 08   77.66
1995 06 09   41.01
1995 06 10  -15.11
1995 06 11  -50.02
1995 06 12  -52.21
1995 06 13  -29.65
1995 06 14   17.06
1995 06 15   46.24
1995 06 16   29.16
1995 06 17   -1.37
1995 06 18  -29.45
1995 06 19  -48.09
1995 06 20  -63.43
1995 06 21  -66.48
1995 06 22  -61.28
1995 06 23  -47.50
1995 06 24  -38.26
1995 06 25  -46.76
1995 06 26  -71.32
1995 06 27  -75.42
1995 06 28  -73.89
1995 06 29  -75.39
1995 06 30  -42.59
1995 07 01    9.97
1995 07 02   30.87
1995 07 03   23.63
1995 07 04   13.28
1995 07 05   17.55
1995 07 06   32.56
1995 07 07   43.88
1995 07 08   25.93
1995 07 09    6.50
1995 07 10   21.11
1995 07 11   40.66
1995 07 12   21.62
1995 07 13   -6.38
1995 07 14  -33.91
1995 07 15  -62.29
1995 07 16  -58.96
1995 07 17  -51.85
1995 07 18  -41.03
1995 07 19  -26.75
1995 07 20  -12.83
1995 07 21    2.19
1995 07 22   16.38
1995 07 23   15.02
1995 07 24   27.19
1995 07 25   35.18
1995 07 26   39.46
1995 07 27   45.11
1995 07 28   48.24
1995 07 29   72.01
1995 07 30   74.96
1995 07 31   74.21
1995 08 01   71.28
1995 08 02   74.08
1995 08 03   83.50
1995 08 04   76.09
1995 08 05   60.36
1995 08 06   45.84
1995 08 07   35.99
1995 08 08   39.29
1995 08 09   36.94
1995 08 10   51.33
1995 08 11   67.53
1995 08 12   54.11
1995 08 13   32.22
1995 08 14   24.57
1995 08 15   24.30
1995 08 16   20.83
1995 08 17   -4.18
1995 08 18  -54.22
1995 08 19  -93.51
1995 08 20 -125.62
1995 08 21 -146.78
1995 08 22 -129.38
1995 08 23  -97.39
1995 08 24  -72.19
1995 08 25  -66.70
1995 08 26  -50.49
1995 08 27  -23.20
1995 08 28  -15.39
1995 08 29    5.08
1995 08 30   29.96
1995 08 31   31.20
1995 09 01   14.05
1995 09 02   12.68
1995 09 03    3.81
1995 09 04  -16.58
1995 09 05  -19.36
1995 09 06   -1.45
1995 09 07   16.41
1995 09 08   60.90
1995 09 09   97.25
1995 09 10  110.55
1995 09 11   85.87
1995 09 12   31.13
1995 09 13   14.18
1995 09 14  -14.87
1995 09 15  -22.78
1995 09 16  -36.85
1995 09 17  -28.51
1995 09 18   -5.12
1995 09 19   27.74
1995 09 20   24.43
1995 09 21   58.12
1995 09 22   54.93
1995 09 23   31.27
1995 09 24   47.41
1995 09 25   78.22
1995 09 26   93.06
1995 09 27   90.78
1995 09 28   71.57
1995 09 29   48.71
1995 09 30   39.21
1995 10 01   33.49
1995 10 02   23.25
1995 10 03    0.47
1995 10 04   -3.28
1995 10 05   13.42
1995 10 06   45.44
1995 10 07  113.20
1995 10 08  135.23
1995 10 09  104.64
1995 10 10   82.82
1995 10 11   83.71
1995 10 12   60.25
1995 10 13   32.20
1995 10 14   11.85
1995 10 15    2.57
1995 10 16   -6.84
1995 10 17  -29.88
1995 10 18  -33.14
1995 10 19   -9.84
1995 10 20   13.78
1995 10 21   15.20
1995 10 22    4.34
1995 10 23   27.68
1995 10 24   52.12
1995 10 25   46.77
1995 10 26   26.91
1995 10 27    0.09
1995 10 28   -2.33
1995 10 29    1.25
1995 10 30  -18.40
1995 10 31  -38.76
1995 11 01  -67.52
1995 11 02  -89.09
1995 11 03  -97.86
1995 11 04  -88.77
1995 11 05 -113.75
1995 11 06 -131.90
1995 11 07 -119.95
1995 11 08 -144.65
1995 11 09 -145.00
1995 11 10  -64.96
1995 11 11  -16.87
1995 11 12   20.22
1995 11 13   49.74
1995 11 14   -0.71
1995 11 15  -22.98
1995 11 16   14.07
1995 11 17   44.28
1995 11 18   60.01
1995 11 19   57.22
1995 11 20  -11.00
1995 11 21 -124.47
1995 11 22 -168.64
1995 11 23 -182.26
1995 11 24 -240.70
1995 11 25 -266.48
1995 11 26 -291.23
1995 11 27 -316.44
1995 11 28 -329.00
1995 11 29 -336.39
1995 11 30 -312.76
1995 12 01 -273.53
1995 12 02 -239.00
1995 12 03 -204.73
1995 12 04 -181.04
1995 12 05 -179.33
1995 12 06 -209.44
1995 12 07 -263.80
1995 12 08 -296.11
1995 12 09 -287.07
1995 12 10 -217.63
1995 12 11 -161.36
1995 12 12 -113.68
1995 12 13 -100.77
1995 12 14 -104.37
1995 12 15  -61.87
1995 12 16  -40.32
1995 12 17  -23.11
1995 12 18   -0.73
1995 12 19  -15.96
1995 12 20  -36.42
1995 12 21  -56.71
1995 12 22  -76.56
1995 12 23  -85.71
1995 12 24  -91.05
1995 12 25 -120.64
1995 12 26 -100.67
1995 12 27  -73.84
1995 12 28  -60.81
1995 12 29  -35.44
1995 12 30    4.25
1995 12 31   29.16
1996 01 01   18.64
1996 01 02  -31.73
1996 01 03  -99.51
1996 01 04 -201.45
1996 01 05 -230.99
1996 01 06 -191.24
1996 01 07 -144.09
1996 01 08 -139.60
1996 01 09 -164.52
1996 01 10 -117.18
1996 01 11  -83.26
1996 01 12  -89.80
1996 01 13  -98.81
1996 01 14  -89.65
1996 01 15  -31.25
1996 01 16   25.54
1996 01 17   35.86
1996 01 18   22.38
1996 01 19   23.70
1996 01 20   15.87
1996 01 21   29.24
1996 01 22    9.55
1996 01 23  -35.79
1996 01 24  -74.43
1996 01 25  -63.18
1996 01 26  -15.59
1996 01 27   44.77
1996 01 28   87.78
1996 01 29   55.62
1996 01 30  -22.41
1996 01 31  -98.36
1996 02 01 -166.33
1996 02 02 -207.00
1996 02 03 -238.18
1996 02 04 -198.61
1996 02 05  -99.78
1996 02 06   -5.70
1996 02 07   60.29
1996 02 08   90.12
1996 02 09   93.20
1996 02 10   71.88
1996 02 11   94.80
1996 02 12  114.55
1996 02 13  106.53
1996 02 14   76.33
1996 02 15   34.84
1996 02 16  -43.95
1996 02 17  -68.45
1996 02 18   -3.26
1996 02 19   12.80
1996 02 20   46.09
1996 02 21  111.76
1996 02 22   88.51
1996 02 23   25.32
1996 02 24   78.76
1996 02 25  155.88
1996 02 26  105.21
1996 02 27   46.24
1996 02 28   -3.66
1996 02 29  -62.21
1996 03 01 -123.33
1996 03 02 -143.47
1996 03 03 -158.70
1996 03 04 -206.75
1996 03 05 -224.84
1996 03 06 -240.36
1996 03 07 -211.99
1996 03 08 -156.49
1996 03 09 -131.42
1996 03 10  -94.40
1996 03 11  -54.32
1996 03 12  -38.32
1996 03 13  -24.93
1996 03 14  -38.78
1996 03 15  -20.72
1996 03 16  -12.58
1996 03 17  -36.99
1996 03 18  -47.58
1996 03 19  -12.46
1996 03 20   54.07
1996 03 21  144.24
1996 03 22  140.73
1996 03 23   78.88
1996 03 24   29.31
1996 03 25  -13.10
1996 03 26  -69.70
1996 03 27 -130.13
1996 03 28 -137.26
1996 03 29 -152.08
1996 03 30 -216.79
1996 03 31 -245.16
1996 04 01 -214.14
1996 04 02 -168.60
1996 04 03 -130.20
1996 04 04  -97.40
1996 04 05  -38.60
1996 04 06  -24.12
1996 04 07  -47.31
1996 04 08  -66.69
1996 04 09  -69.03
1996 04 10  -49.78
1996 04 11  -44.74
1996 04 12  -52.85
1996 04 13  -32.82
1996 04 14   23.92
1996 04 15   40.85
1996 04 16   42.83
1996 04 17   49.28
1996 04 18   44.74
1996 04 19   43.18
1996 04 20   61.66
1996 04 21   77.93
1996 04 22   59.43
1996 04 23   50.34
1996 04 24   43.44
1996 04 25   28.61
1996 04 26    0.28
1996 04 27  -47.25
1996 04 28  -72.98
1996 04 29  -66.02
1996 04 30  -67.11
1996 05 01  -75.52
1996 05 02  -91.07
1996 05 03 -114.44
1996 05 04 -135.42
1996 05 05 -135.92
1996 05 06 -135.31
1996 05 07 -116.67
1996 05 08  -88.66
1996 05 09  -72.33
1996 05 10 -106.97
1996 05 11 -146.89
1996 05 12 -155.55
1996 05 13 -141.81
1996 05 14 -112.40
1996 05 15  -71.20
1996 05 16  -59.32
1996 05 17  -60.58
1996 05 18  -46.13
1996 05 19  -30.18
1996 05 20  -17.76
1996 05 21  -21.42
1996 05 22  -33.38
1996 05 23    2.15
1996 05 24   47.58
1996 05 25   40.59
1996 05 26   11.00
1996 05 27   13.31
1996 05 28   40.79
1996 05 29   58.78
1996 05 30   59.40
1996 05 31   21.90
1996 06 01  -50.39
1996 06 02 -114.29
1996 06 03 -146.69
1996 06 04 -161.27
1996 06 05 -149.78
1996 06 06 -106.82
1996 06 07  -53.13
1996 06 08  -32.53
1996 06 09  -17.54
1996 06 10   -3.56
1996 06 11   -8.50
1996 06 12    6.44
1996 06 13   10.41
1996 06 14    2.87
1996 06 15    1.51
1996 06 16    5.83
1996 06 17   11.65
1996 06 18    9.89
1996 06 19   -9.44
1996 06 20  -35.31
1996 06 21  -51.04
1996 06 22  -70.05
1996 06 23  -64.57
1996 06 24   10.05
1996 06 25   62.51
1996 06 26   66.12
1996 06 27   48.00
1996 06 28   50.50
1996 06 29   19.86
1996 06 30   -3.45
1996 07 01   15.58
1996 07 02   27.58
1996 07 03   46.19
1996 07 04   43.92
1996 07 05   41.62
1996 07 06   44.57
1996 07 07   52.87
1996 07 08   77.91
1996 07 09   73.52
1996 07 10   44.02
1996 07 11   45.60
1996 07 12   55.43
1996 07 13   43.03
1996 07 14    8.78
1996 07 15  -18.88
1996 07 16  -32.97
1996 07 17  -39.61
1996 07 18  -25.56
1996 07 19  -20.63
1996 07 20  -40.92
1996 07 21  -55.10
1996 07 22  -52.19
1996 07 23  -25.64
1996 07 24   17.83
1996 07 25   47.13
1996 07 26   69.86
1996 07 27   87.96
1996 07 28   95.98
1996 07 29   85.68
1996 07 30   92.76
1996 07 31  111.34
1996 08 01  114.00
1996 08 02   75.30
1996 08 03   21.62
1996 08 04  -21.80
1996 08 05  -45.03
1996 08 06  -75.06
1996 08 07  -91.81
1996 08 08  -92.23
1996 08 09  -91.82
1996 08 10  -70.80
1996 08 11  -35.89
1996 08 12    0.49
1996 08 13   -4.62
1996 08 14  -21.25
1996 08 15  -37.63
1996 08 16  -42.15
1996 08 17  -51.57
1996 08 18  -57.51
1996 08 19  -38.79
1996 08 20  -39.92
1996 08 21  -58.58
1996 08 22  -68.91
1996 08 23  -70.06
1996 08 24  -84.08
1996 08 25  -85.97
1996 08 26  -63.65
1996 08 27  -28.45
1996 08 28   12.99
1996 08 29   38.88
1996 08 30   49.84
1996 08 31   32.79
1996 09 01   -4.44
1996 09 02  -42.48
1996 09 03  -57.59
1996 09 04  -30.66
1996 09 05   12.76
1996 09 06   24.04
1996 09 07    7.84
1996 09 08  -14.78
1996 09 09  -28.98
1996 09 10  -41.19
1996 09 11  -13.03
1996 09 12  -16.00
1996 09 13  -17.66
1996 09 14  -36.88
1996 09 15  -42.60
1996 09 16  -22.58
1996 09 17   -4.53
1996 09 18  -19.45
1996 09 19  -71.46
1996 09 20 -108.86
1996 09 21 -115.79
1996 09 22  -99.23
1996 09 23 -106.94
1996 09 24  -76.35
1996 09 25  -27.30
1996 09 26  -47.56
1996 09 27 -109.35
1996 09 28 -164.43
1996 09 29 -206.19
1996 09 30 -225.27
1996 10 01 -220.50
1996 10 02 -187.05
1996 10 03 -147.27
1996 10 04 -137.85
1996 10 05 -118.20
1996 10 06  -94.23
1996 10 07  -57.73
1996 10 08  -16.83
1996 10 09   17.81
1996 10 10   43.67
1996 10 11   65.69
1996 10 12   65.41
1996 10 13   54.20
1996 10 14   32.57
1996 10 15  -23.25
1996 10 16  -59.94
1996 10 17  -50.53
1996 10 18  -14.42
1996 10 19  -11.38
1996 10 20   -8.79
1996 10 21   16.73
1996 10 22   16.60
1996 10 23   20.44
1996 10 24    6.43
1996 10 25  -10.03
1996 10 26   -8.36
1996 10 27    3.19
1996 10 28    1.85
1996 10 29  -62.08
1996 10 30 -100.72
1996 10 31  -67.40
1996 11 01  -14.52
1996 11 02   18.86
1996 11 03   74.90
1996 11 04  103.53
1996 11 05   71.43
1996 11 06  -23.33
1996 11 07  -91.26
1996 11 08  -91.41
1996 11 09  -39.21
1996 11 10  -24.40
1996 11 11  -26.85
1996 11 12  -22.65
1996 11 13   -9.70
1996 11 14   11.57
1996 11 15   58.93
1996 11 16   69.49
1996 11 17   54.24
1996 11 18   27.67
1996 11 19  -18.43
1996 11 20  -20.59
1996 11 21  -40.83
1996 11 22  -83.84
1996 11 23 -111.36
1996 11 24 -120.81
1996 11 25 -145.86
1996 11 26 -145.98
1996 11 27 -132.23
1996 11 28 -116.80
1996 11 29  -67.70
1996 11 30  -23.79
1996 12 01    6.15
1996 12 02   57.86
1996 12 03  126.60
1996 12 04  142.68
1996 12 05  148.69
1996 12 06   97.70
1996 12 07   96.81
1996 12 08  163.24
1996 12 09  182.28
1996 12 10  158.37
1996 12 11  111.03
1996 12 12   78.67
1996 12 13   42.11
1996 12 14  -28.72
1996 12 15  -90.06
1996 12 16 -152.50
1996 12 17 -159.73
1996 12 18 -158.17
1996 12 19 -159.00
1996 12 20 -215.43
1996 12 21 -251.21
1996 12 22 -216.99
1996 12 23 -298.34
1996 12 24 -392.11
1996 12 25 -356.62
1996 12 26 -258.67
1996 12 27 -210.50
1996 12 28 -232.10
1996 12 29 -274.37
1996 12 30 -253.08
1996 12 31 -189.18
1997 01 01 -109.55
1997 01 02  -90.27
1997 01 03  -65.80
1997 01 04  -29.96
1997 01 05   -0.34
1997 01 06    6.60
1997 01 07  -49.49
1997 01 08  -78.90
1997 01 09  -44.70
1997 01 10   -3.81
1997 01 11    5.09
1997 01 12  -11.45
1997 01 13    5.15
1997 01 14   -6.22
1997 01 15  -37.10
1997 01 16  -58.66
1997 01 17  -45.93
1997 01 18  -52.23
1997 01 19  -70.27
1997 01 20 -117.15
1997 01 21 -178.74
1997 01 22 -211.89
1997 01 23 -193.75
1997 01 24 -183.60
1997 01 25 -223.11
1997 01 26 -249.06
1997 01 27 -240.67
1997 01 28 -199.42
1997 01 29 -156.28
1997 01 30  -71.65
1997 01 31   -2.33
1997 02 01   -9.19
1997 02 02   -3.85
1997 02 03    6.73
1997 02 04    8.35
1997 02 05    8.47
1997 02 06    5.49
1997 02 07   -1.33
1997 02 08  -17.12
1997 02 09  -26.05
1997 02 10  -18.44
1997 02 11  -41.21
1997 02 12  -64.07
1997 02 13  -66.25
1997 02 14  -70.88
1997 02 15  -34.70
1997 02 16    8.74
1997 02 17   27.92
1997 02 18   46.62
1997 02 19   37.02
1997 02 20    7.79
1997 02 21  -40.52
1997 02 22  -63.93
1997 02 23  -61.76
1997 02 24  -55.51
1997 02 25  -18.26
1997 02 26   16.16
1997 02 27  -23.96
1997 02 28  -55.79
1997 03 01  -36.07
1997 03 02   25.07
1997 03 03   90.45
1997 03 04  138.17
1997 03 05  151.83
1997 03 06  148.48
1997 03 07  105.29
1997 03 08   55.70
1997 03 09    1.02
1997 03 10  -67.33
1997 03 11 -129.27
1997 03 12 -245.51
1997 03 13 -352.86
1997 03 14 -399.28
1997 03 15 -362.18
1997 03 16 -285.23
1997 03 17 -207.05
1997 03 18 -106.65
1997 03 19  -21.05
1997 03 20    8.61
1997 03 21   -3.14
1997 03 22  -24.55
1997 03 23  -38.41
1997 03 24  -14.95
1997 03 25   30.39
1997 03 26   84.40
1997 03 27   99.44
1997 03 28   78.10
1997 03 29   33.38
1997 03 30  -19.08
1997 03 31  -33.66
1997 04 01   10.03
1997 04 02   68.71
1997 04 03   71.51
1997 04 04   87.02
1997 04 05   73.07
1997 04 06   48.45
1997 04 07   15.30
1997 04 08  -20.25
1997 04 09  -67.86
1997 04 10 -145.62
1997 04 11 -169.47
1997 04 12 -165.98
1997 04 13 -156.40
1997 04 14 -144.20
1997 04 15 -119.26
1997 04 16  -61.31
1997 04 17  -30.80
1997 04 18  -67.36
1997 04 19 -133.16
1997 04 20 -141.34
1997 04 21 -125.29
1997 04 22 -103.32
1997 04 23  -94.13
1997 04 24  -77.63
1997 04 25   15.38
1997 04 26   73.48
1997 04 27   95.80
1997 04 28   89.65
1997 04 29   95.58
1997 04 30  105.14
1997 05 01  124.32
1997 05 02  137.13
1997 05 03  112.17
1997 05 04   76.16
1997 05 05   41.01
1997 05 06   21.73
1997 05 07   30.10
1997 05 08   33.58
1997 05 09    4.38
1997 05 10   35.85
1997 05 11   93.81
1997 05 12   74.35
1997 05 13   57.08
1997 05 14   59.13
1997 05 15   25.74
1997 05 16   46.30
1997 05 17   35.92
1997 05 18   -6.18
1997 05 19   10.12
1997 05 20   11.06
1997 05 21  -24.41
1997 05 22  -48.88
1997 05 23  -40.72
1997 05 24  -36.64
1997 05 25  -72.85
1997 05 26 -122.38
1997 05 27 -137.29
1997 05 28 -132.28
1997 05 29 -119.71
1997 05 30  -85.02
1997 05 31  -55.05
1997 06 01  -14.42
1997 06 02    4.91
1997 06 03   33.73
1997 06 04   31.88
1997 06 05   11.07
1997 06 06  -15.30
1997 06 07  -22.56
1997 06 08  -24.84
1997 06 09  -47.57
1997 06 10  -56.11
1997 06 11  -30.76
1997 06 12    2.11
1997 06 13   23.01
1997 06 14   41.15
1997 06 15   48.58
1997 06 16   61.66
1997 06 17   69.85
1997 06 18   58.77
1997 06 19   38.94
1997 06 20    5.42
1997 06 21  -22.63
1997 06 22  -27.91
1997 06 23  -47.05
1997 06 24  -87.85
1997 06 25  -99.96
1997 06 26  -88.98
1997 06 27  -73.76
1997 06 28  -70.03
1997 06 29  -39.31
1997 06 30   -9.53
1997 07 01    2.80
1997 07 02  -12.89
1997 07 03  -14.99
1997 07 04   -7.74
1997 07 05    5.30
1997 07 06   20.77
1997 07 07   19.27
1997 07 08   30.30
1997 07 09   57.19
1997 07 10   71.89
1997 07 11   60.16
1997 07 12   67.23
1997 07 13   67.23
1997 07 14   52.19
1997 07 15   45.04
1997 07 16   44.89
1997 07 17   47.67
1997 07 18   53.72
1997 07 19   73.90
1997 07 20   62.72
1997 07 21   39.10
1997 07 22   16.71
1997 07 23    0.55
1997 07 24  -29.52
1997 07 25  -47.45
1997 07 26  -50.26
1997 07 27  -39.05
1997 07 28  -36.67
1997 07 29  -22.95
1997 07 30    5.39
1997 07 31   39.22
1997 08 01   47.94
1997 08 02   29.90
1997 08 03   26.58
1997 08 04   24.26
1997 08 05   -1.02
1997 08 06  -17.61
1997 08 07  -17.81
1997 08 08  -34.96
1997 08 09  -21.26
1997 08 10   15.03
1997 08 11   42.85
1997 08 12   49.91
1997 08 13    9.85
1997 08 14  -59.11
1997 08 15  -76.29
1997 08 16  -77.59
1997 08 17  -83.11
1997 08 18  -76.68
1997 08 19  -67.03
1997 08 20  -71.54
1997 08 21  -90.55
1997 08 22 -116.38
1997 08 23 -122.34
1997 08 24  -82.81
1997 08 25  -29.09
1997 08 26   -4.36
1997 08 27    6.22
1997 08 28   -2.74
1997 08 29  -27.92
1997 08 30  -49.52
1997 08 31  -61.89
1997 09 01  -58.12
1997 09 02  -51.27
1997 09 03  -21.84
1997 09 04    8.46
1997 09 05   24.01
1997 09 06   26.74
1997 09 07   24.28
1997 09 08   23.26
1997 09 09   -5.51
1997 09 10  -47.22
1997 09 11  -83.62
1997 09 12  -92.35
1997 09 13  -60.78
1997 09 14   -4.35
1997 09 15   55.33
1997 09 16   75.61
1997 09 17   82.50
1997 09 18  125.54
1997 09 19  107.99
1997 09 20   77.33
1997 09 21   60.32
1997 09 22   42.82
1997 09 23   68.38
1997 09 24   69.44
1997 09 25   62.41
1997 09 26   83.85
1997 09 27   56.42
1997 09 28   26.26
1997 09 29    2.65
1997 09 30  -22.07
1997 10 01   -3.28
1997 10 02    4.37
1997 10 03  -11.07
1997 10 04  -43.82
1997 10 05  -86.07
1997 10 06 -111.47
1997 10 07 -104.39
1997 10 08 -149.67
1997 10 09 -160.85
1997 10 10 -141.67
1997 10 11 -152.76
1997 10 12 -157.09
1997 10 13 -137.21
1997 10 14 -101.62
1997 10 15  -66.68
1997 10 16  -56.31
1997 10 17  -66.85
1997 10 18  -84.53
1997 10 19  -97.16
1997 10 20 -101.41
1997 10 21 -124.21
1997 10 22 -141.06
1997 10 23 -142.33
1997 10 24 -117.39
1997 10 25 -100.55
1997 10 26  -71.57
1997 10 27   -7.44
1997 10 28   39.20
1997 10 29   82.42
1997 10 30   98.47
1997 10 31  112.59
1997 11 01  145.90
1997 11 02  179.72
1997 11 03  175.07
1997 11 04  178.34
1997 11 05  168.83
1997 11 06  117.97
1997 11 07   83.25
1997 11 08   41.97
1997 11 09   62.15
1997 11 10  102.39
1997 11 11  121.18
1997 11 12  114.12
1997 11 13   60.94
1997 11 14   21.17
1997 11 15   -9.47
1997 11 16  -14.54
1997 11 17  -13.49
1997 11 18   -3.07
1997 11 19  -13.91
1997 11 20   25.16
1997 11 21   42.73
1997 11 22   35.05
1997 11 23   27.11
1997 11 24   50.79
1997 11 25   98.91
1997 11 26  114.69
1997 11 27  115.17
1997 11 28  155.81
1997 11 29  185.72
1997 11 30  146.38
1997 12 01  152.01
1997 12 02  160.79
1997 12 03  131.10
1997 12 04  148.32
1997 12 05  147.84
1997 12 06  141.54
1997 12 07  147.19
1997 12 08  121.35
1997 12 09   46.77
1997 12 10  -10.44
1997 12 11   19.38
1997 12 12   27.97
1997 12 13   39.64
1997 12 14   48.49
1997 12 15   45.61
1997 12 16   40.99
1997 12 17   39.76
1997 12 18   40.68
1997 12 19   34.88
1997 12 20   23.83
1997 12 21   35.51
1997 12 22   59.09
1997 12 23   64.97
1997 12 24   59.24
1997 12 25   62.08
1997 12 26   58.37
1997 12 27   67.29
1997 12 28   89.46
1997 12 29   69.81
1997 12 30   51.36
1997 12 31    8.48
1998 01 01  -13.21
1998 01 02  -29.07
1998 01 03  -17.12
1998 01 04    1.18
1998 01 05   28.76
1998 01 06   30.09
1998 01 07  -29.00
1998 01 08  -88.35
1998 01 09 -122.89
1998 01 10 -132.75
1998 01 11 -135.07
1998 01 12 -128.20
1998 01 13 -123.75
1998 01 14  -82.64
1998 01 15  -40.93
1998 01 16   22.58
1998 01 17   54.27
1998 01 18   37.81
1998 01 19    7.67
1998 01 20  -16.06
1998 01 21  -48.18
1998 01 22  -61.60
1998 01 23  -14.91
1998 01 24   33.87
1998 01 25   52.71
1998 01 26   63.93
1998 01 27   65.23
1998 01 28   72.48
1998 01 29   70.07
1998 01 30   91.19
1998 01 31   82.36
1998 02 01   66.50
1998 02 02   68.62
1998 02 03   72.96
1998 02 04   53.92
1998 02 05   49.17
1998 02 06   34.83
1998 02 07   11.24
1998 02 08   -8.38
1998 02 09  -24.94
1998 02 10  -19.52
1998 02 11   -1.57
1998 02 12   17.15
1998 02 13   51.67
1998 02 14   71.45
1998 02 15   91.09
1998 02 16  115.83
1998 02 17   75.79
1998 02 18   41.95
1998 02 19   95.54
1998 02 20  145.62
1998 02 21  152.63
1998 02 22  155.68
1998 02 23  188.42
1998 02 24  173.57
1998 02 25  139.09
1998 02 26   94.36
1998 02 27   41.70
1998 02 28   17.54
1998 03 01   -3.30
1998 03 02  -33.52
1998 03 03  -43.01
1998 03 04  -36.07
1998 03 05  -34.48
1998 03 06  -47.98
1998 03 07  -43.23
1998 03 08  -75.04
1998 03 09  -78.71
1998 03 10  -40.59
1998 03 11   11.41
1998 03 12   17.33
1998 03 13    2.30
1998 03 14  -26.51
1998 03 15  -88.09
1998 03 16 -109.66
1998 03 17  -71.02
1998 03 18  -24.99
1998 03 19   29.77
1998 03 20   70.13
1998 03 21   76.95
1998 03 22  124.49
1998 03 23  168.60
1998 03 24  201.28
1998 03 25  185.22
1998 03 26  116.15
1998 03 27   61.29
1998 03 28   92.25
1998 03 29  108.92
1998 03 30  112.49
1998 03 31  171.98
1998 04 01  211.53
1998 04 02  224.20
1998 04 03  226.19
1998 04 04  223.36
1998 04 05  215.06
1998 04 06  190.32
1998 04 07  157.47
1998 04 08  108.85
1998 04 09  113.11
1998 04 10  134.73
1998 04 11  114.34
1998 04 12  108.61
1998 04 13  124.61
1998 04 14  167.09
1998 04 15  173.58
1998 04 16  124.65
1998 04 17   89.54
1998 04 18   81.18
1998 04 19   51.59
1998 04 20   25.69
1998 04 21   34.13
1998 04 22   37.88
1998 04 23   29.88
1998 04 24   31.37
1998 04 25    0.60
1998 04 26   17.25
1998 04 27   74.99
1998 04 28   83.22
1998 04 29   99.86
1998 04 30  117.32
1998 05 01  113.58
1998 05 02  134.15
1998 05 03  161.91
1998 05 04  177.99
1998 05 05  173.66
1998 05 06  166.55
1998 05 07  166.80
1998 05 08  162.35
1998 05 09  154.42
1998 05 10  169.55
1998 05 11  163.51
1998 05 12  153.20
1998 05 13  142.13
1998 05 14  146.02
1998 05 15  138.21
1998 05 16  110.29
1998 05 17  121.81
1998 05 18  121.69
1998 05 19  105.55
1998 05 20   83.48
1998 05 21   59.71
1998 05 22   44.06
1998 05 23   25.56
1998 05 24   25.31
1998 05 25   18.12
1998 05 26   35.84
1998 05 27   50.69
1998 05 28   42.11
1998 05 29   27.86
1998 05 30   14.24
1998 05 31  -17.88
1998 06 01  -17.67
1998 06 02    4.09
1998 06 03   11.03
1998 06 04   -0.30
1998 06 05   -2.03
1998 06 06   -6.35
1998 06 07   -1.61
1998 06 08   37.05
1998 06 09   52.72
1998 06 10   34.49
1998 06 11   16.92
1998 06 12   16.60
1998 06 13   34.74
1998 06 14   43.06
1998 06 15   22.23
1998 06 16    8.73
1998 06 17   -8.15
1998 06 18  -23.96
1998 06 19  -23.99
1998 06 20  -24.72
1998 06 21  -23.56
1998 06 22   -1.00
1998 06 23    8.29
1998 06 24  -20.28
1998 06 25  -33.84
1998 06 26  -20.85
1998 06 27  -14.22
1998 06 28  -20.80
1998 06 29  -33.01
1998 06 30  -53.45
1998 07 01  -60.50
1998 07 02  -56.58
1998 07 03  -26.33
1998 07 04   38.67
1998 07 05   85.72
1998 07 06   82.71
1998 07 07   45.63
1998 07 08   14.63
1998 07 09   -4.26
1998 07 10  -26.85
1998 07 11  -33.96
1998 07 12  -22.48
1998 07 13   -9.03
1998 07 14   -1.60
1998 07 15   -5.37
1998 07 16   13.33
1998 07 17   27.07
1998 07 18   38.47
1998 07 19   31.32
1998 07 20   28.09
1998 07 21   50.30
1998 07 22   56.98
1998 07 23   44.25
1998 07 24   15.88
1998 07 25   -7.64
1998 07 26  -33.88
1998 07 27  -65.34
1998 07 28  -73.78
1998 07 29  -79.37
1998 07 30  -64.73
1998 07 31  -35.68
1998 08 01    2.44
1998 08 02   17.38
1998 08 03   18.31
1998 08 04    8.05
1998 08 05   -0.67
1998 08 06    2.48
1998 08 07    9.28
1998 08 08   17.42
1998 08 09   38.60
1998 08 10   40.45
1998 08 11   22.07
1998 08 12   31.26
1998 08 13   51.31
1998 08 14   63.60
1998 08 15   53.02
1998 08 16   15.55
1998 08 17   -7.37
1998 08 18   14.50
1998 08 19   44.75
1998 08 20   61.22
1998 08 21   72.54
1998 08 22   77.60
1998 08 23   65.23
1998 08 24   62.81
1998 08 25   65.68
1998 08 26   75.66
1998 08 27   81.91
1998 08 28   73.13
1998 08 29   76.67
1998 08 30   52.14
1998 08 31   49.65
1998 09 01   58.19
1998 09 02   52.91
1998 09 03   39.09
1998 09 04   20.94
1998 09 05   -4.20
1998 09 06    4.58
1998 09 07   31.63
1998 09 08   51.58
1998 09 09   43.07
1998 09 10   30.32
1998 09 11   28.27
1998 09 12   31.80
1998 09 13   26.69
1998 09 14    6.37
1998 09 15    0.62
1998 09 16   15.84
1998 09 17   66.65
1998 09 18  102.00
1998 09 19  115.28
1998 09 20   95.67
1998 09 21   28.53
1998 09 22   38.10
1998 09 23   86.70
1998 09 24   69.66
1998 09 25   36.85
1998 09 26   10.24
1998 09 27  -18.91
1998 09 28  -37.92
1998 09 29  -61.53
1998 09 30  -89.92
1998 10 01  -90.34
1998 10 02  -91.65
1998 10 03  -72.49
1998 10 04  -45.68
1998 10 05  -44.24
1998 10 06  -38.67
1998 10 07  -33.16
1998 10 08  -25.00
1998 10 09  -15.61
1998 10 10   -5.77
1998 10 11   29.48
1998 10 12   59.15
1998 10 13   76.55
1998 10 14   76.49
1998 10 15   75.29
1998 10 16   81.36
1998 10 17   80.49
1998 10 18   54.41
1998 10 19   36.88
1998 10 20   62.53
1998 10 21   66.88
1998 10 22   28.45
1998 10 23   38.68
1998 10 24   85.15
1998 10 25  129.68
1998 10 26  104.87
1998 10 27   80.88
1998 10 28   73.21
1998 10 29   58.87
1998 10 30   54.61
1998 10 31   56.34
1998 11 01   48.28
1998 11 02   33.08
1998 11 03   -9.33
1998 11 04  -33.74
1998 11 05  -61.84
1998 11 06  -48.07
1998 11 07  -66.88
1998 11 08  -72.13
1998 11 09  -25.45
1998 11 10  -17.43
1998 11 11   -3.17
1998 11 12   21.95
1998 11 13   62.45
1998 11 14   79.60
1998 11 15   51.18
1998 11 16   74.81
1998 11 17   61.63
1998 11 18   58.63
1998 11 19  129.50
1998 11 20  145.79
1998 11 21  139.12
1998 11 22  120.58
1998 11 23  117.95
1998 11 24  104.57
1998 11 25   71.53
1998 11 26   73.54
1998 11 27  108.19
1998 11 28  120.12
1998 11 29  119.94
1998 11 30  151.50
1998 12 01  146.31
1998 12 02  135.46
1998 12 03  173.00
1998 12 04  188.83
1998 12 05  175.47
1998 12 06  174.70
1998 12 07  170.68
1998 12 08  118.24
1998 12 09  162.39
1998 12 10  194.72
1998 12 11  195.03
1998 12 12  179.17
1998 12 13  177.51
1998 12 14  148.36
1998 12 15  105.03
1998 12 16   44.95
1998 12 17  -78.11
1998 12 18 -188.47
1998 12 19 -198.10
1998 12 20 -188.67
1998 12 21 -228.31
1998 12 22 -252.27
1998 12 23 -216.14
1998 12 24 -169.35
1998 12 25 -145.22
1998 12 26 -123.32
1998 12 27 -110.62
1998 12 28  -86.22
1998 12 29  -81.47
1998 12 30 -116.03
1998 12 31 -129.06
1999 01 01 -101.48
1999 01 02  -87.67
1999 01 03 -103.68
1999 01 04 -132.29
1999 01 05 -143.33
1999 01 06 -150.33
1999 01 07 -167.53
1999 01 08 -179.69
1999 01 09 -130.95
1999 01 10  -46.55
1999 01 11   20.87
1999 01 12   75.00
1999 01 13  145.96
1999 01 14  210.60
1999 01 15  219.26
1999 01 16  180.43
1999 01 17  126.17
1999 01 18   90.51
1999 01 19  103.02
1999 01 20   97.95
1999 01 21   87.70
1999 01 22  106.50
1999 01 23  164.50
1999 01 24  170.93
1999 01 25  140.85
1999 01 26   91.89
1999 01 27   48.85
1999 01 28  -19.04
1999 01 29  -45.06
1999 01 30   -1.00
1999 01 31   54.50
1999 02 01  107.10
1999 02 02  131.19
1999 02 03  132.22
1999 02 04  186.70
1999 02 05  234.67
1999 02 06  230.43
1999 02 07  188.49
1999 02 08  177.92
1999 02 09  167.56
1999 02 10  149.81
1999 02 11  119.21
1999 02 12  131.50
1999 02 13  178.12
1999 02 14  201.89
1999 02 15  183.13
1999 02 16  168.22
1999 02 17  141.83
1999 02 18  130.63
1999 02 19  149.79
1999 02 20  182.49
1999 02 21  195.64
1999 02 22  188.98
1999 02 23  183.02
1999 02 24  144.32
1999 02 25   79.72
1999 02 26   76.22
1999 02 27   64.26
1999 02 28   42.00
1999 03 01   37.15
1999 03 02   23.56
1999 03 03  -11.30
1999 03 04  -35.83
1999 03 05  -73.04
1999 03 06  -60.78
1999 03 07    1.87
1999 03 08   54.80
1999 03 09  111.69
1999 03 10  147.83
1999 03 11  173.42
1999 03 12  158.70
1999 03 13  187.85
1999 03 14  218.34
1999 03 15  217.35
1999 03 16  176.20
1999 03 17  173.48
1999 03 18  224.58
1999 03 19  224.86
1999 03 20  207.86
1999 03 21  204.94
1999 03 22  229.15
1999 03 23  190.90
1999 03 24  209.94
1999 03 25  179.10
1999 03 26  131.32
1999 03 27   95.69
1999 03 28   42.66
1999 03 29   34.06
1999 03 30   86.64
1999 03 31  121.26
1999 04 01  168.68
1999 04 02  176.34
1999 04 03  133.09
1999 04 04  120.20
1999 04 05  112.99
1999 04 06   86.22
1999 04 07   69.95
1999 04 08   82.24
1999 04 09  102.17
1999 04 10  134.55
1999 04 11  148.31
1999 04 12  125.04
1999 04 13   57.08
1999 04 14   42.46
1999 04 15   67.10
1999 04 16   61.77
1999 04 17   12.12
1999 04 18  -26.00
1999 04 19  -47.83
1999 04 20  -67.63
1999 04 21 -113.49
1999 04 22 -130.51
1999 04 23 -105.94
1999 04 24  -91.86
1999 04 25  -45.84
1999 04 26  -19.33
1999 04 27   -7.63
1999 04 28   -3.97
1999 04 29    2.15
1999 04 30   25.62
1999 05 01   48.39
1999 05 02   18.81
1999 05 03  -38.22
1999 05 04  -76.85
1999 05 05 -100.75
1999 05 06  -85.58
1999 05 07  -46.86
1999 05 08   -8.54
1999 05 09   30.19
1999 05 10   75.59
1999 05 11   72.55
1999 05 12   36.25
1999 05 13  -20.35
1999 05 14  -85.41
1999 05 15  -90.10
1999 05 16  -45.81
1999 05 17   20.73
1999 05 18   69.72
1999 05 19   82.35
1999 05 20   60.18
1999 05 21   24.02
1999 05 22   29.00
1999 05 23   43.51
1999 05 24   63.91
1999 05 25   50.15
1999 05 26   48.24
1999 05 27   46.05
1999 05 28   28.21
1999 05 29   42.16
1999 05 30   67.00
1999 05 31   65.91
1999 06 01   45.87
1999 06 02   30.95
1999 06 03   23.07
1999 06 04   30.79
1999 06 05   52.40
1999 06 06   75.75
1999 06 07   89.52
1999 06 08   93.70
1999 06 09  119.78
1999 06 10  108.65
1999 06 11   75.62
1999 06 12   61.27
1999 06 13   36.39
1999 06 14   24.33
1999 06 15    6.47
1999 06 16    0.78
1999 06 17   26.40
1999 06 18   47.44
1999 06 19   62.61
1999 06 20   66.99
1999 06 21   70.03
1999 06 22   63.57
1999 06 23   46.90
1999 06 24   44.73
1999 06 25   38.19
1999 06 26   39.44
1999 06 27   32.48
1999 06 28   23.90
1999 06 29    7.76
1999 06 30  -17.84
1999 07 01  -40.78
1999 07 02  -76.83
1999 07 03  -98.80
1999 07 04  -91.45
1999 07 05  -64.88
1999 07 06  -47.80
1999 07 07  -16.51
1999 07 08   -5.09
1999 07 09  -22.54
1999 07 10  -31.25
1999 07 11  -30.14
1999 07 12  -45.06
1999 07 13  -58.04
1999 07 14  -42.47
1999 07 15  -22.11
1999 07 16    2.10
1999 07 17   31.84
1999 07 18   58.53
1999 07 19   63.39
1999 07 20   43.80
1999 07 21   23.79
1999 07 22   23.75
1999 07 23   48.11
1999 07 24   77.24
1999 07 25   90.97
1999 07 26   86.69
1999 07 27   73.30
1999 07 28   61.49
1999 07 29   86.57
1999 07 30   84.70
1999 07 31   57.89
1999 08 01   40.31
1999 08 02   45.57
1999 08 03   66.41
1999 08 04   75.96
1999 08 05   77.43
1999 08 06   88.01
1999 08 07   90.35
1999 08 08   79.29
1999 08 09   54.82
1999 08 10   11.69
1999 08 11  -17.69
1999 08 12  -16.80
1999 08 13  -19.19
1999 08 14    4.67
1999 08 15   22.64
1999 08 16   26.09
1999 08 17   48.64
1999 08 18   79.42
1999 08 19  115.53
1999 08 20  132.18
1999 08 21  119.33
1999 08 22  100.85
1999 08 23   99.05
1999 08 24   77.87
1999 08 25   44.08
1999 08 26   14.52
1999 08 27   -2.60
1999 08 28   27.31
1999 08 29   58.18
1999 08 30   67.86
1999 08 31   53.15
1999 09 01   52.12
1999 09 02   80.27
1999 09 03   98.74
1999 09 04   73.42
1999 09 05   35.94
1999 09 06   13.06
1999 09 07   -7.86
1999 09 08   -8.82
1999 09 09  -29.40
1999 09 10  -56.41
1999 09 11  -57.99
1999 09 12  -38.13
1999 09 13  -14.41
1999 09 14   26.59
1999 09 15   68.07
1999 09 16  101.62
1999 09 17   95.76
1999 09 18  110.19
1999 09 19  129.80
1999 09 20  133.66
1999 09 21  106.03
1999 09 22   91.78
1999 09 23   68.44
1999 09 24   31.00
1999 09 25  -19.39
1999 09 26  -40.65
1999 09 27  -44.20
1999 09 28  -34.74
1999 09 29  -22.48
1999 09 30  -26.97
1999 10 01    5.46
1999 10 02   52.40
1999 10 03   67.73
1999 10 04   88.14
1999 10 05   99.00
1999 10 06   96.17
1999 10 07   80.54
1999 10 08   52.06
1999 10 09   16.18
1999 10 10    6.30
1999 10 11  -10.69
1999 10 12    3.83
1999 10 13   18.26
1999 10 14  -18.46
1999 10 15  -22.75
1999 10 16  -12.21
1999 10 17   -1.71
1999 10 18   38.79
1999 10 19   45.07
1999 10 20    7.44
1999 10 21  -44.53
1999 10 22  -54.39
1999 10 23  -58.74
1999 10 24  -38.55
1999 10 25   -5.28
1999 10 26   24.51
1999 10 27    1.80
1999 10 28    6.64
1999 10 29   17.91
1999 10 30   28.27
1999 10 31   54.77
1999 11 01   61.06
1999 11 02   70.41
1999 11 03  137.87
1999 11 04  144.90
1999 11 05   75.74
1999 11 06  104.27
1999 11 07  130.28
1999 11 08   76.07
1999 11 09   49.84
1999 11 10   26.43
1999 11 11   50.33
1999 11 12   60.82
1999 11 13   14.23
1999 11 14  -11.40
1999 11 15  -14.70
1999 11 16   26.73
1999 11 17  106.31
1999 11 18  151.21
1999 11 19  135.31
1999 11 20  123.25
1999 11 21  101.98
1999 11 22   64.38
1999 11 23   52.03
1999 11 24   90.18
1999 11 25   99.66
1999 11 26   41.65
1999 11 27   -5.14
1999 11 28   22.47
1999 11 29   87.01
1999 11 30  173.14
1999 12 01  183.76
1999 12 02  139.07
1999 12 03   93.19
1999 12 04  115.15
1999 12 05  138.85
1999 12 06  131.74
1999 12 07   94.93
1999 12 08   93.29
1999 12 09  104.88
1999 12 10   56.58
1999 12 11  -21.72
1999 12 12  -99.24
1999 12 13 -136.32
1999 12 14 -143.25
1999 12 15 -107.63
1999 12 16  -95.18
1999 12 17 -116.15
1999 12 18 -112.49
1999 12 19  -76.68
1999 12 20  -52.55
1999 12 21  -55.01
1999 12 22  -41.13
1999 12 23  -42.02
1999 12 24  -73.70
1999 12 25  -73.11
1999 12 26  -68.15
1999 12 27  -70.39
1999 12 28 -102.27
1999 12 29 -116.92
1999 12 30 -120.27
1999 12 31 -146.84
2000 01 01 -173.06
2000 01 02 -155.03
2000 01 03 -119.60
2000 01 04  -82.68
2000 01 05  -65.82
2000 01 06  -47.21
2000 01 07   15.68
2000 01 08   44.40
2000 01 09   35.83
2000 01 10    9.87
2000 01 11  -59.66
2000 01 12  -93.41
2000 01 13  -62.11
2000 01 14  -41.21
2000 01 15  -31.44
2000 01 16  -53.25
2000 01 17  -42.49
2000 01 18  -17.98
2000 01 19  -14.51
2000 01 20   21.59
2000 01 21   53.60
2000 01 22   93.05
2000 01 23  161.41
2000 01 24  219.50
2000 01 25  250.27
2000 01 26  302.14
2000 01 27  347.14
2000 01 28  320.62
2000 01 29  250.59
2000 01 30  196.42
2000 01 31  206.40
2000 02 01  210.29
2000 02 02  181.89
2000 02 03   91.52
2000 02 04   15.66
2000 02 05   -6.22
2000 02 06  -29.03
2000 02 07  -49.67
2000 02 08  -33.40
2000 02 09  -35.05
2000 02 10  -33.46
2000 02 11  -35.19
2000 02 12  -51.79
2000 02 13  -71.71
2000 02 14  -78.67
2000 02 15  -70.87
2000 02 16  -75.23
2000 02 17  -22.65
2000 02 18   29.70
2000 02 19   79.82
2000 02 20   80.97
2000 02 21   32.26
2000 02 22   12.48
2000 02 23   72.55
2000 02 24   95.01
2000 02 25   78.09
2000 02 26   64.87
2000 02 27  106.58
2000 02 28  122.38
2000 02 29  135.54
2000 03 01  126.71
2000 03 02  134.82
2000 03 03  124.48
2000 03 04   99.01
2000 03 05   80.23
2000 03 06  117.54
2000 03 07  127.80
2000 03 08   64.82
2000 03 09   32.32
2000 03 10   22.50
2000 03 11    8.12
2000 03 12   -8.20
2000 03 13  -30.55
2000 03 14  -38.44
2000 03 15  -30.32
2000 03 16    1.54
2000 03 17   17.81
2000 03 18   15.34
2000 03 19   43.55
2000 03 20   52.99
2000 03 21    7.95
2000 03 22   18.40
2000 03 23   62.69
2000 03 24   33.47
2000 03 25   28.31
2000 03 26   54.30
2000 03 27   91.44
2000 03 28  123.74
2000 03 29   87.16
2000 03 30   35.49
2000 03 31    8.18
2000 04 01  -34.80
2000 04 02  -29.39
2000 04 03   22.17
2000 04 04   73.24
2000 04 05   52.63
2000 04 06   16.74
2000 04 07    9.04
2000 04 08  -26.36
2000 04 09  -70.22
2000 04 10  -84.70
2000 04 11 -109.15
2000 04 12 -129.44
2000 04 13 -146.28
2000 04 14 -151.24
2000 04 15 -137.75
2000 04 16  -83.73
2000 04 17  -38.28
2000 04 18    7.50
2000 04 19   36.33
2000 04 20   79.47
2000 04 21   79.21
2000 04 22   43.85
2000 04 23   23.14
2000 04 24    4.21
2000 04 25    0.74
2000 04 26   41.75
2000 04 27   77.33
2000 04 28   55.17
2000 04 29   41.86
2000 04 30   52.63
2000 05 01   47.14
2000 05 02   32.37
2000 05 03    1.08
2000 05 04  -21.51
2000 05 05  -19.64
2000 05 06  -29.34
2000 05 07  -49.43
2000 05 08  -75.77
2000 05 09 -124.86
2000 05 10 -150.93
2000 05 11 -150.32
2000 05 12 -138.14
2000 05 13  -87.32
2000 05 14  -26.57
2000 05 15  -17.36
2000 05 16  -27.32
2000 05 17  -36.30
2000 05 18  -33.95
2000 05 19   -7.47
2000 05 20   35.08
2000 05 21   70.39
2000 05 22   87.96
2000 05 23   56.70
2000 05 24   15.30
2000 05 25    7.15
2000 05 26   15.64
2000 05 27   37.47
2000 05 28   26.65
2000 05 29   18.95
2000 05 30   33.95
2000 05 31   33.77
2000 06 01   21.52
2000 06 02    8.61
2000 06 03   -8.40
2000 06 04   -9.23
2000 06 05   29.29
2000 06 06   92.98
2000 06 07  126.61
2000 06 08  114.41
2000 06 09   92.68
2000 06 10   80.70
2000 06 11   76.93
2000 06 12   75.97
2000 06 13   67.06
2000 06 14   60.40
2000 06 15   60.20
2000 06 16   80.48
2000 06 17   90.05
2000 06 18   77.64
2000 06 19   61.49
2000 06 20   40.58
2000 06 21    5.16
2000 06 22  -33.62
2000 06 23  -66.23
2000 06 24  -76.66
2000 06 25  -76.06
2000 06 26  -78.23
2000 06 27  -94.12
2000 06 28 -117.30
2000 06 29 -113.77
2000 06 30  -88.87
2000 07 01  -76.43
2000 07 02  -85.21
2000 07 03  -94.72
2000 07 04  -82.44
2000 07 05  -49.83
2000 07 06  -22.61
2000 07 07   -7.96
2000 07 08   -6.41
2000 07 09   -1.03
2000 07 10  -10.82
2000 07 11  -20.34
2000 07 12  -24.42
2000 07 13  -17.54
2000 07 14   -3.53
2000 07 15   -9.64
2000 07 16  -17.09
2000 07 17  -25.58
2000 07 18  -21.76
2000 07 19  -21.22
2000 07 20    3.44
2000 07 21   26.56
2000 07 22   23.64
2000 07 23    8.34
2000 07 24  -36.74
2000 07 25  -61.25
2000 07 26  -61.25
2000 07 27  -38.67
2000 07 28    5.96
2000 07 29   45.15
2000 07 30   66.91
2000 07 31   83.07
2000 08 01   87.56
2000 08 02   67.29
2000 08 03   59.84
2000 08 04   32.37
2000 08 05    8.60
2000 08 06  -14.56
2000 08 07  -35.72
2000 08 08  -58.13
2000 08 09  -58.72
2000 08 10  -52.67
2000 08 11  -50.80
2000 08 12  -53.51
2000 08 13  -68.36
2000 08 14  -77.23
2000 08 15  -82.57
2000 08 16 -103.62
2000 08 17 -104.73
2000 08 18  -83.14
2000 08 19  -62.66
2000 08 20  -41.49
2000 08 21  -21.79
2000 08 22  -10.20
2000 08 23  -14.34
2000 08 24  -14.43
2000 08 25  -14.52
2000 08 26   14.46
2000 08 27   54.92
2000 08 28   58.71
2000 08 29   38.58
2000 08 30   -6.36
2000 08 31  -33.26
2000 09 01  -35.66
2000 09 02  -39.52
2000 09 03  -22.70
2000 09 04    3.49
2000 09 05   17.99
2000 09 06   21.87
2000 09 07    6.41
2000 09 08   30.22
2000 09 09   65.86
2000 09 10   81.01
2000 09 11   82.91
2000 09 12   80.71
2000 09 13   91.83
2000 09 14   99.59
2000 09 15   66.84
2000 09 16   15.06
2000 09 17  -61.44
2000 09 18  -97.89
2000 09 19  -78.18
2000 09 20  -81.26
2000 09 21 -101.52
2000 09 22 -135.04
2000 09 23 -169.54
2000 09 24 -160.20
2000 09 25 -160.67
2000 09 26 -173.44
2000 09 27 -180.86
2000 09 28 -157.24
2000 09 29 -116.42
2000 09 30  -71.14
2000 10 01  -78.22
2000 10 02  -96.10
2000 10 03 -103.64
2000 10 04  -95.56
2000 10 05  -70.22
2000 10 06  -39.42
2000 10 07   -9.97
2000 10 08   10.86
2000 10 09    4.28
2000 10 10   26.40
2000 10 11   74.88
2000 10 12  119.54
2000 10 13  161.51
2000 10 14  163.53
2000 10 15  129.44
2000 10 16   82.71
2000 10 17   40.54
2000 10 18   -1.77
2000 10 19   -3.09
2000 10 20   17.04
2000 10 21   48.18
2000 10 22   61.29
2000 10 23   57.32
2000 10 24   49.67
2000 10 25   60.14
2000 10 26   51.47
2000 10 27   52.08
2000 10 28   59.39
2000 10 29   87.72
2000 10 30  120.81
2000 10 31  130.49
2000 11 01   99.04
2000 11 02   59.20
2000 11 03    8.17
2000 11 04  -20.24
2000 11 05  -34.02
2000 11 06  -17.89
2000 11 07    1.74
2000 11 08   -4.30
2000 11 09   32.47
2000 11 10   89.56
2000 11 11  108.56
2000 11 12  106.37
2000 11 13  142.60
2000 11 14  141.34
2000 11 15  121.41
2000 11 16  128.02
2000 11 17  135.68
2000 11 18   81.24
2000 11 19   48.36
2000 11 20   59.60
2000 11 21   73.35
2000 11 22   90.52
2000 11 23   91.98
2000 11 24   76.98
2000 11 25   78.10
2000 11 26   66.99
2000 11 27   23.91
2000 11 28  -28.75
2000 11 29  -42.79
2000 11 30  -24.15
2000 12 01  -28.07
2000 12 02  -20.93
2000 12 03  -15.01
2000 12 04   -9.89
2000 12 05   22.92
2000 12 06   -7.32
2000 12 07  -62.29
2000 12 08 -123.34
2000 12 09 -107.16
2000 12 10  -51.28
2000 12 11    9.00
2000 12 12   20.83
2000 12 13   28.57
2000 12 14   15.84
2000 12 15   12.17
2000 12 16   26.79
2000 12 17   17.36
2000 12 18   -0.10
2000 12 19  -21.90
2000 12 20   -1.26
2000 12 21   23.34
2000 12 22   15.57
2000 12 23   -8.35
2000 12 24  -45.56
2000 12 25  -39.49
2000 12 26  -37.74
2000 12 27  -63.03
2000 12 28  -77.28
2000 12 29  -56.44
2000 12 30  -22.26
2000 12 31  -19.89
2001 01 01  -78.86
2001 01 02 -100.02
2001 01 03  -37.15
2001 01 04   -4.40
2001 01 05   20.28
2001 01 06   16.57
2001 01 07   59.88
2001 01 08  156.74
2001 01 09  186.32
2001 01 10  141.12
2001 01 11  132.41
2001 01 12  133.83
2001 01 13  116.14
2001 01 14   83.04
2001 01 15  109.16
2001 01 16   80.81
2001 01 17   48.79
2001 01 18   59.84
2001 01 19   99.06
2001 01 20  106.68
2001 01 21  111.38
2001 01 22  105.88
2001 01 23  105.15
2001 01 24  107.42
2001 01 25  109.34
2001 01 26  152.19
2001 01 27  188.58
2001 01 28  193.38
2001 01 29  144.84
2001 01 30  100.43
2001 01 31  112.12
2001 02 01  120.00
2001 02 02   99.08
2001 02 03  127.29
2001 02 04  156.03
2001 02 05  147.79
2001 02 06  136.55
2001 02 07  132.66
2001 02 08  148.15
2001 02 09  125.23
2001 02 10  101.98
2001 02 11  105.56
2001 02 12   80.99
2001 02 13   93.25
2001 02 14  104.59
2001 02 15  108.29
2001 02 16  138.88
2001 02 17  138.63
2001 02 18   64.41
2001 02 19    9.74
2001 02 20  -28.50
2001 02 21  -49.00
2001 02 22  -67.40
2001 02 23  -82.68
2001 02 24  -51.08
2001 02 25   20.28
2001 02 26   74.59
2001 02 27  148.56
2001 02 28  180.16
2001 03 01  204.24
2001 03 02  202.24
2001 03 03  174.39
2001 03 04  152.21
2001 03 05   78.94
2001 03 06   36.19
2001 03 07   17.99
2001 03 08  -24.76
2001 03 09  -41.35
2001 03 10  -24.59
2001 03 11   33.86
2001 03 12   63.88
2001 03 13   49.57
2001 03 14   40.16
2001 03 15   42.98
2001 03 16   27.75
2001 03 17   19.45
2001 03 18    3.30
2001 03 19  -44.99
2001 03 20 -106.21
2001 03 21 -172.82
2001 03 22 -238.19
2001 03 23 -270.40
2001 03 24 -254.67
2001 03 25 -213.74
2001 03 26 -162.80
2001 03 27 -125.48
2001 03 28  -97.64
2001 03 29 -105.56
2001 03 30  -72.38
2001 03 31  -10.64
2001 04 01   13.37
2001 04 02   41.34
2001 04 03   97.33
2001 04 04   92.04
2001 04 05   90.50
2001 04 06  102.94
2001 04 07   51.36
2001 04 08   11.64
2001 04 09    2.57
2001 04 10   26.56
2001 04 11   53.51
2001 04 12   27.23
2001 04 13   -7.54
2001 04 14   -7.71
2001 04 15  -25.79
2001 04 16  -64.90
2001 04 17  -63.99
2001 04 18  -36.74
2001 04 19  -27.48
2001 04 20  -44.74
2001 04 21  -28.32
2001 04 22  -20.75
2001 04 23  -47.88
2001 04 24   11.69
2001 04 25   27.86
2001 04 26   -3.70
2001 04 27    7.45
2001 04 28   23.90
2001 04 29   17.37
2001 04 30   -0.36
2001 05 01  -32.15
2001 05 02  -36.09
2001 05 03  -16.75
2001 05 04   -0.33
2001 05 05  -14.89
2001 05 06  -28.80
2001 05 07   -2.58
2001 05 08   22.70
2001 05 09   22.84
2001 05 10   43.15
2001 05 11   77.32
2001 05 12  103.12
2001 05 13  109.33
2001 05 14  102.15
2001 05 15   81.22
2001 05 16   13.68
2001 05 17  -58.14
2001 05 18 -101.30
2001 05 19 -133.65
2001 05 20 -117.15
2001 05 21  -64.28
2001 05 22  -34.73
2001 05 23  -35.24
2001 05 24  -33.15
2001 05 25  -29.54
2001 05 26  -42.71
2001 05 27  -58.50
2001 05 28  -57.14
2001 05 29  -42.20
2001 05 30  -37.25
2001 05 31  -27.70
2001 06 01    3.19
2001 06 02   24.52
2001 06 03   26.53
2001 06 04   15.43
2001 06 05  -42.46
2001 06 06 -104.70
2001 06 07 -104.80
2001 06 08  -82.17
2001 06 09  -64.58
2001 06 10  -51.13
2001 06 11  -36.05
2001 06 12  -14.99
2001 06 13   13.97
2001 06 14   -1.02
2001 06 15  -32.43
2001 06 16  -66.98
2001 06 17  -71.74
2001 06 18  -48.10
2001 06 19  -22.51
2001 06 20   35.48
2001 06 21   85.62
2001 06 22  120.26
2001 06 23  121.74
2001 06 24   94.92
2001 06 25   19.04
2001 06 26  -73.82
2001 06 27  -94.06
2001 06 28  -67.07
2001 06 29  -43.58
2001 06 30  -52.86
2001 07 01  -50.22
2001 07 02  -47.83
2001 07 03  -38.67
2001 07 04  -38.82
2001 07 05  -50.00
2001 07 06  -49.41
2001 07 07  -34.12
2001 07 08  -17.39
2001 07 09   -1.82
2001 07 10    2.55
2001 07 11    8.04
2001 07 12    2.62
2001 07 13   10.69
2001 07 14   17.55
2001 07 15   33.20
2001 07 16   54.78
2001 07 17   54.80
2001 07 18   36.20
2001 07 19   31.35
2001 07 20   11.95
2001 07 21  -14.37
2001 07 22   -9.12
2001 07 23  -28.55
2001 07 24  -60.72
2001 07 25  -79.08
2001 07 26  -79.26
2001 07 27  -46.23
2001 07 28  -36.92
2001 07 29  -47.55
2001 07 30  -43.55
2001 07 31  -28.54
2001 08 01  -23.37
2001 08 02  -27.00
2001 08 03  -18.69
2001 08 04  -26.36
2001 08 05  -38.42
2001 08 06  -64.74
2001 08 07  -65.52
2001 08 08  -55.84
2001 08 09  -63.20
2001 08 10  -72.26
2001 08 11  -75.77
2001 08 12  -55.23
2001 08 13  -28.16
2001 08 14  -12.30
2001 08 15   -9.48
2001 08 16  -11.38
2001 08 17  -12.57
2001 08 18    1.50
2001 08 19   29.43
2001 08 20   14.47
2001 08 21  -20.99
2001 08 22   -6.68
2001 08 23    8.15
2001 08 24    2.43
2001 08 25    2.67
2001 08 26   25.33
2001 08 27   51.20
2001 08 28   80.99
2001 08 29   98.74
2001 08 30  107.88
2001 08 31  102.78
2001 09 01   91.98
2001 09 02   81.31
2001 09 03   81.37
2001 09 04   84.75
2001 09 05   47.58
2001 09 06  -20.21
2001 09 07  -75.89
2001 09 08  -84.34
2001 09 09  -53.76
2001 09 10  -12.01
2001 09 11   24.25
2001 09 12   49.09
2001 09 13   65.53
2001 09 14   60.68
2001 09 15   64.95
2001 09 16   77.42
2001 09 17   82.24
2001 09 18   75.00
2001 09 19   90.81
2001 09 20  111.55
2001 09 21   89.95
2001 09 22   70.86
2001 09 23  121.42
2001 09 24  110.78
2001 09 25  106.23
2001 09 26  111.56
2001 09 27   94.22
2001 09 28   43.85
2001 09 29   15.09
2001 09 30   50.67
2001 10 01   54.58
2001 10 02   -9.44
2001 10 03  -61.83
2001 10 04  -53.19
2001 10 05  -18.84
2001 10 06   20.07
2001 10 07   60.03
2001 10 08   73.80
2001 10 09   61.98
2001 10 10   34.01
2001 10 11   29.46
2001 10 12   31.79
2001 10 13  -20.40
2001 10 14  -48.33
2001 10 15  -47.80
2001 10 16  -24.21
2001 10 17   14.19
2001 10 18   18.20
2001 10 19    1.71
2001 10 20    7.19
2001 10 21   31.74
2001 10 22   16.38
2001 10 23  -27.16
2001 10 24  -67.98
2001 10 25  -65.79
2001 10 26  -17.34
2001 10 27   34.29
2001 10 28   49.85
2001 10 29  117.38
2001 10 30  154.31
2001 10 31  159.29
2001 11 01  133.68
2001 11 02   66.03
2001 11 03   29.55
2001 11 04   29.63
2001 11 05   63.29
2001 11 06   49.28
2001 11 07   35.29
2001 11 08   83.51
2001 11 09   73.92
2001 11 10   49.25
2001 11 11   63.57
2001 11 12   24.07
2001 11 13  -23.33
2001 11 14   27.94
2001 11 15  111.81
2001 11 16  106.89
2001 11 17   33.58
2001 11 18  -12.94
2001 11 19  -14.42
2001 11 20   -9.69
2001 11 21   -6.12
2001 11 22  -10.76
2001 11 23  -46.83
2001 11 24  -68.99
2001 11 25  -84.86
2001 11 26  -93.68
2001 11 27  -74.50
2001 11 28  -18.12
2001 11 29   45.36
2001 11 30   57.00
2001 12 01   17.39
2001 12 02   17.28
2001 12 03    2.17
2001 12 04  -65.42
2001 12 05  -26.19
2001 12 06    0.98
2001 12 07    7.90
2001 12 08   -4.85
2001 12 09  -25.77
2001 12 10  -56.11
2001 12 11  -47.62
2001 12 12    0.18
2001 12 13   27.42
2001 12 14   29.66
2001 12 15   43.61
2001 12 16   57.22
2001 12 17   73.79
2001 12 18   64.31
2001 12 19   55.05
2001 12 20   69.72
2001 12 21   99.09
2001 12 22   99.98
2001 12 23  128.10
2001 12 24  141.70
2001 12 25   90.77
2001 12 26   57.36
2001 12 27   24.64
2001 12 28    2.77
2001 12 29  -66.99
2001 12 30 -129.91
2001 12 31 -150.53
2002 01 01 -112.93
2002 01 02 -116.87
2002 01 03 -103.30
2002 01 04  -92.27
2002 01 05  -84.86
2002 01 06   -8.25
2002 01 07   75.78
2002 01 08   88.63
2002 01 09   74.82
2002 01 10  100.52
2002 01 11   81.67
2002 01 12   53.75
2002 01 13   12.79
2002 01 14  -19.68
2002 01 15  -44.03
2002 01 16  -41.01
2002 01 17   33.55
2002 01 18   84.35
2002 01 19   91.45
2002 01 20   67.41
2002 01 21   64.78
2002 01 22   61.08
2002 01 23   49.49
2002 01 24   32.20
2002 01 25   29.37
2002 01 26   36.69
2002 01 27   56.66
2002 01 28   50.39
2002 01 29   75.61
2002 01 30  101.21
2002 01 31  136.81
2002 02 01  183.77
2002 02 02  200.79
2002 02 03  193.72
2002 02 04  187.94
2002 02 05  188.74
2002 02 06  155.41
2002 02 07  105.69
2002 02 08   40.64
2002 02 09   -8.55
2002 02 10   21.51
2002 02 11   16.33
2002 02 12    1.14
2002 02 13   37.10
2002 02 14   41.82
2002 02 15   18.06
2002 02 16   40.20
2002 02 17   45.29
2002 02 18   24.78
2002 02 19    1.36
2002 02 20   27.79
2002 02 21   42.30
2002 02 22   52.73
2002 02 23   40.45
2002 02 24   33.08
2002 02 25   40.88
2002 02 26   45.23
2002 02 27   31.50
2002 02 28   29.63
2002 03 01   23.93
2002 03 02  -10.30
2002 03 03  -44.73
2002 03 04  -95.94
2002 03 05 -105.50
2002 03 06  -88.39
2002 03 07  -49.03
2002 03 08   -1.01
2002 03 09   28.83
2002 03 10   52.74
2002 03 11   68.64
2002 03 12   63.04
2002 03 13   74.09
2002 03 14   58.64
2002 03 15   15.39
2002 03 16   14.70
2002 03 17   68.17
2002 03 18   65.98
2002 03 19   22.60
2002 03 20  -25.84
2002 03 21  -62.43
2002 03 22  -40.48
2002 03 23   16.11
2002 03 24   55.17
2002 03 25   70.77
2002 03 26   47.14
2002 03 27   14.56
2002 03 28  -66.26
2002 03 29  -80.66
2002 03 30 -106.17
2002 03 31 -148.31
2002 04 01 -195.26
2002 04 02 -244.29
2002 04 03 -254.45
2002 04 04 -260.50
2002 04 05 -267.81
2002 04 06 -284.74
2002 04 07 -282.74
2002 04 08 -264.29
2002 04 09 -251.98
2002 04 10 -177.07
2002 04 11  -96.28
2002 04 12  -33.63
2002 04 13   11.72
2002 04 14   46.25
2002 04 15   25.10
2002 04 16    5.99
2002 04 17   23.62
2002 04 18   43.11
2002 04 19   72.52
2002 04 20   27.37
2002 04 21  -46.78
2002 04 22  -98.88
2002 04 23 -101.93
2002 04 24 -103.33
2002 04 25 -104.93
2002 04 26  -93.32
2002 04 27 -100.29
2002 04 28  -90.73
2002 04 29 -100.87
2002 04 30  -82.05
2002 05 01  -68.15
2002 05 02  -68.29
2002 05 03  -40.76
2002 05 04  -21.35
2002 05 05  -21.78
2002 05 06  -10.65
2002 05 07   -8.90
2002 05 08   -0.68
2002 05 09   -2.40
2002 05 10  -19.06
2002 05 11  -32.16
2002 05 12  -35.39
2002 05 13  -29.57
2002 05 14  -49.23
2002 05 15  -67.90
2002 05 16  -56.76
2002 05 17  -60.17
2002 05 18  -44.06
2002 05 19  -20.66
2002 05 20  -18.67
2002 05 21  -39.82
2002 05 22  -50.85
2002 05 23  -64.48
2002 05 24  -48.53
2002 05 25   -7.58
2002 05 26   29.25
2002 05 27   58.15
2002 05 28   65.96
2002 05 29   71.81
2002 05 30   58.89
2002 05 31   35.52
2002 06 01   26.77
2002 06 02   25.86
2002 06 03   32.83
2002 06 04   58.62
2002 06 05   74.87
2002 06 06   67.31
2002 06 07   49.12
2002 06 08   51.83
2002 06 09   20.80
2002 06 10  -30.98
2002 06 11  -34.11
2002 06 12  -47.15
2002 06 13  -44.39
2002 06 14  -27.17
2002 06 15   -9.24
2002 06 16    2.29
2002 06 17  -13.82
2002 06 18  -25.95
2002 06 19  -47.86
2002 06 20  -48.97
2002 06 21  -13.10
2002 06 22    5.74
2002 06 23   12.23
2002 06 24    6.04
2002 06 25   23.49
2002 06 26   62.29
2002 06 27   63.85
2002 06 28   34.98
2002 06 29   19.30
2002 06 30    6.85
2002 07 01  -24.90
2002 07 02  -52.01
2002 07 03  -53.24
2002 07 04  -33.17
2002 07 05  -13.28
2002 07 06   -5.22
2002 07 07   -0.39
2002 07 08    4.37
2002 07 09    0.42
2002 07 10   -1.10
2002 07 11   -0.84
2002 07 12    9.71
2002 07 13   10.16
2002 07 14    7.33
2002 07 15    7.13
2002 07 16   11.83
2002 07 17   40.53
2002 07 18   77.06
2002 07 19  102.07
2002 07 20   93.58
2002 07 21   83.41
2002 07 22   63.80
2002 07 23   39.32
2002 07 24   30.62
2002 07 25   32.79
2002 07 26   41.63
2002 07 27   40.90
2002 07 28   26.58
2002 07 29   10.76
2002 07 30  -23.15
2002 07 31  -69.40
2002 08 01 -104.95
2002 08 02 -115.25
2002 08 03  -92.83
2002 08 04  -73.27
2002 08 05  -42.31
2002 08 06   -7.84
2002 08 07   10.04
2002 08 08   13.29
2002 08 09   12.42
2002 08 10   25.69
2002 08 11   24.76
2002 08 12   -5.28
2002 08 13  -59.07
2002 08 14 -126.41
2002 08 15 -157.64
2002 08 16 -163.93
2002 08 17 -150.58
2002 08 18 -103.15
2002 08 19  -41.40
2002 08 20   -1.60
2002 08 21   24.78
2002 08 22   50.05
2002 08 23   66.85
2002 08 24   63.64
2002 08 25   38.61
2002 08 26   40.91
2002 08 27   56.36
2002 08 28   52.30
2002 08 29   25.73
2002 08 30    9.65
2002 08 31    9.23
2002 09 01   -3.26
2002 09 02  -43.68
2002 09 03  -42.86
2002 09 04    6.82
2002 09 05   33.77
2002 09 06   51.84
2002 09 07   52.90
2002 09 08   33.58
2002 09 09    7.84
2002 09 10    4.70
2002 09 11   43.69
2002 09 12   83.54
2002 09 13   87.35
2002 09 14   89.80
2002 09 15   73.16
2002 09 16   20.40
2002 09 17  -27.19
2002 09 18  -55.35
2002 09 19  -89.12
2002 09 20 -101.40
2002 09 21 -100.94
2002 09 22  -79.39
2002 09 23  -74.36
2002 09 24  -65.97
2002 09 25  -15.50
2002 09 26   22.33
2002 09 27   41.43
2002 09 28   34.03
2002 09 29   17.44
2002 09 30   10.12
2002 10 01  -18.43
2002 10 02  -61.75
2002 10 03  -97.89
2002 10 04 -106.15
2002 10 05  -68.15
2002 10 06  -35.61
2002 10 07  -15.56
2002 10 08  -10.09
2002 10 09  -27.03
2002 10 10  -23.64
2002 10 11    7.86
2002 10 12   20.09
2002 10 13  -29.18
2002 10 14 -100.17
2002 10 15 -122.75
2002 10 16 -128.18
2002 10 17 -147.17
2002 10 18 -108.03
2002 10 19  -68.97
2002 10 20  -38.42
2002 10 21  -30.00
2002 10 22  -58.55
2002 10 23  -49.52
2002 10 24  -22.19
2002 10 25    9.08
2002 10 26  -11.15
2002 10 27  -70.70
2002 10 28 -104.19
2002 10 29  -77.14
2002 10 30  -62.00
2002 10 31  -73.78
2002 11 01  -94.55
2002 11 02 -117.82
2002 11 03  -58.92
2002 11 04  -21.97
2002 11 05    6.20
2002 11 06   11.30
2002 11 07  -15.46
2002 11 08  -63.35
2002 11 09 -118.33
2002 11 10 -100.08
2002 11 11  -49.94
2002 11 12  -37.58
2002 11 13  -24.18
2002 11 14    1.20
2002 11 15   75.25
2002 11 16  139.38
2002 11 17  160.39
2002 11 18  116.45
2002 11 19   72.76
2002 11 20   45.83
2002 11 21   14.93
2002 11 22   -8.83
2002 11 23  -42.25
2002 11 24  -80.69
2002 11 25 -102.89
2002 11 26  -85.66
2002 11 27  -64.60
2002 11 28  -80.15
2002 11 29  -78.96
2002 11 30  -45.91
2002 12 01  -58.90
2002 12 02  -85.66
2002 12 03  -98.22
2002 12 04 -114.07
2002 12 05 -110.54
2002 12 06  -72.36
2002 12 07    0.07
2002 12 08   51.12
2002 12 09   84.41
2002 12 10  103.45
2002 12 11   85.38
2002 12 12   98.15
2002 12 13   93.72
2002 12 14  103.56
2002 12 15  130.99
2002 12 16  140.00
2002 12 17  134.04
2002 12 18  110.93
2002 12 19  115.89
2002 12 20  125.04
2002 12 21  124.09
2002 12 22  116.15
2002 12 23  139.21
2002 12 24  135.73
2002 12 25  122.87
2002 12 26   86.85
2002 12 27   99.81
2002 12 28  140.93
2002 12 29  119.17
2002 12 30   80.68
2002 12 31   70.10
2003 01 01   51.15
2003 01 02   49.09
2003 01 03   66.30
2003 01 04   67.00
2003 01 05   89.32
2003 01 06  153.06
2003 01 07  150.68
2003 01 08   85.40
2003 01 09   48.75
2003 01 10   47.84
2003 01 11   45.10
2003 01 12   29.24
2003 01 13   -7.45
2003 01 14  -34.94
2003 01 15  -43.71
2003 01 16  -71.13
2003 01 17 -126.85
2003 01 18 -144.39
2003 01 19 -125.45
2003 01 20 -142.93
2003 01 21 -194.89
2003 01 22 -235.70
2003 01 23 -217.03
2003 01 24 -201.09
2003 01 25 -159.66
2003 01 26  -88.41
2003 01 27  -29.04
2003 01 28  -29.75
2003 01 29  -46.40
2003 01 30  -50.81
2003 01 31  -47.44
2003 02 01  -29.27
2003 02 02  -18.27
2003 02 03  -41.85
2003 02 04  -79.35
2003 02 05  -81.50
2003 02 06 -115.11
2003 02 07 -146.55
2003 02 08 -157.13
2003 02 09 -136.28
2003 02 10  -91.93
2003 02 11  -50.81
2003 02 12  -57.16
2003 02 13  -59.76
2003 02 14  -52.49
2003 02 15  -22.80
2003 02 16  -18.11
2003 02 17  -33.74
2003 02 18  -82.05
2003 02 19  -71.75
2003 02 20  -29.44
2003 02 21  -57.20
2003 02 22  -95.36
2003 02 23  -67.30
2003 02 24  -20.80
2003 02 25  -17.93
2003 02 26  -11.88
2003 02 27  -21.63
2003 02 28  -28.85
2003 03 01   -5.14
2003 03 02  -24.55
2003 03 03  -65.90
2003 03 04 -138.36
2003 03 05 -182.03
2003 03 06 -225.68
2003 03 07 -266.21
2003 03 08 -298.02
2003 03 09 -338.89
2003 03 10 -323.10
2003 03 11 -290.71
2003 03 12 -231.73
2003 03 13 -137.00
2003 03 14  -39.02
2003 03 15   -4.93
2003 03 16   -5.36
2003 03 17   -9.46
2003 03 18   -7.34
2003 03 19   -1.27
2003 03 20    6.03
2003 03 21   25.74
2003 03 22   54.61
2003 03 23   60.98
2003 03 24   37.60
2003 03 25  -10.58
2003 03 26  -58.40
2003 03 27 -103.14
2003 03 28 -135.13
2003 03 29 -124.47
2003 03 30  -80.56
2003 03 31  -51.10
2003 04 01  -49.77
2003 04 02  -42.22
2003 04 03   -3.62
2003 04 04   48.85
2003 04 05   69.70
2003 04 06   42.89
2003 04 07   70.86
2003 04 08  127.98
2003 04 09  112.11
2003 04 10   65.50
2003 04 11   39.43
2003 04 12   41.57
2003 04 13   77.74
2003 04 14  102.81
2003 04 15  108.29
2003 04 16   89.14
2003 04 17   89.17
2003 04 18  111.23
2003 04 19  130.36
2003 04 20  168.90
2003 04 21  153.01
2003 04 22   97.41
2003 04 23   80.42
2003 04 24   97.80
2003 04 25   66.95
2003 04 26    7.10
2003 04 27  -33.35
2003 04 28  -58.45
2003 04 29  -94.20
2003 04 30 -105.00
2003 05 01  -70.49
2003 05 02  -52.40
2003 05 03  -20.96
2003 05 04   34.81
2003 05 05   62.23
2003 05 06   38.62
2003 05 07   10.67
2003 05 08   23.61
2003 05 09   64.70
2003 05 10  102.90
2003 05 11  126.70
2003 05 12  129.20
2003 05 13  114.77
2003 05 14   77.58
2003 05 15   39.97
2003 05 16   22.95
2003 05 17   32.56
2003 05 18   35.86
2003 05 19    8.03
2003 05 20   -6.47
2003 05 21    0.35
2003 05 22   -1.96
2003 05 23   17.35
2003 05 24   43.01
2003 05 25   43.13
2003 05 26   47.19
2003 05 27   58.49
2003 05 28   57.37
2003 05 29   37.30
2003 05 30   34.89
2003 05 31   50.29
2003 06 01   49.53
2003 06 02   29.47
2003 06 03    8.25
2003 06 04    2.55
2003 06 05   15.12
2003 06 06    7.36
2003 06 07  -52.43
2003 06 08  -65.65
2003 06 09  -30.33
2003 06 10   19.56
2003 06 11   51.47
2003 06 12   43.01
2003 06 13   45.54
2003 06 14   63.03
2003 06 15   93.75
2003 06 16  125.63
2003 06 17  134.42
2003 06 18  114.63
2003 06 19   64.48
2003 06 20   17.70
2003 06 21  -18.52
2003 06 22  -33.97
2003 06 23  -27.24
2003 06 24  -28.87
2003 06 25  -21.99
2003 06 26  -15.26
2003 06 27  -39.47
2003 06 28  -28.41
2003 06 29  -16.40
2003 06 30   -3.94
2003 07 01   18.44
2003 07 02   21.41
2003 07 03  -21.21
2003 07 04  -50.19
2003 07 05  -60.46
2003 07 06  -71.08
2003 07 07  -74.89
2003 07 08  -70.33
2003 07 09  -75.29
2003 07 10  -87.46
2003 07 11  -78.24
2003 07 12  -84.92
2003 07 13  -92.39
2003 07 14  -69.33
2003 07 15  -34.96
2003 07 16    2.62
2003 07 17   31.28
2003 07 18   -5.49
2003 07 19  -42.94
2003 07 20  -37.81
2003 07 21  -24.35
2003 07 22  -15.77
2003 07 23  -22.23
2003 07 24  -49.39
2003 07 25  -56.27
2003 07 26  -54.35
2003 07 27  -54.53
2003 07 28  -69.08
2003 07 29  -71.76
2003 07 30  -66.67
2003 07 31  -82.90
2003 08 01  -94.42
2003 08 02  -88.41
2003 08 03  -83.32
2003 08 04  -72.78
2003 08 05  -61.60
2003 08 06  -65.24
2003 08 07  -73.68
2003 08 08  -79.25
2003 08 09  -72.10
2003 08 10  -43.67
2003 08 11   15.44
2003 08 12   75.98
2003 08 13  103.75
2003 08 14  123.32
2003 08 15  139.62
2003 08 16  134.76
2003 08 17  117.04
2003 08 18   98.41
2003 08 19   83.77
2003 08 20   60.09
2003 08 21   41.97
2003 08 22   42.37
2003 08 23   55.27
2003 08 24   45.59
2003 08 25   51.32
2003 08 26   42.39
2003 08 27   30.45
2003 08 28   18.59
2003 08 29  -11.59
2003 08 30  -10.90
2003 08 31   -9.28
2003 09 01   13.22
2003 09 02   64.60
2003 09 03   77.57
2003 09 04   54.74
2003 09 05   41.80
2003 09 06   55.38
2003 09 07   74.68
2003 09 08   79.45
2003 09 09   57.00
2003 09 10   32.74
2003 09 11   -7.78
2003 09 12  -45.51
2003 09 13  -74.20
2003 09 14 -126.45
2003 09 15 -141.71
2003 09 16 -121.41
2003 09 17  -98.12
2003 09 18  -89.00
2003 09 19  -72.52
2003 09 20  -69.09
2003 09 21  -42.46
2003 09 22  -24.35
2003 09 23   -9.01
2003 09 24   14.89
2003 09 25   -4.71
2003 09 26  -63.91
2003 09 27  -98.47
2003 09 28  -78.67
2003 09 29  -55.53
2003 09 30  -62.77
2003 10 01  -44.77
2003 10 02   -1.31
2003 10 03   22.02
2003 10 04   29.58
2003 10 05   22.31
2003 10 06   28.04
2003 10 07   42.49
2003 10 08   40.58
2003 10 09   40.01
2003 10 10   38.63
2003 10 11   44.64
2003 10 12   50.64
2003 10 13   64.16
2003 10 14   80.55
2003 10 15   56.31
2003 10 16   -8.57
2003 10 17  -23.58
2003 10 18  -17.98
2003 10 19  -39.52
2003 10 20  -56.96
2003 10 21  -55.99
2003 10 22  -95.30
2003 10 23 -138.88
2003 10 24 -167.82
2003 10 25 -162.28
2003 10 26 -119.23
2003 10 27  -99.08
2003 10 28 -151.55
2003 10 29 -211.24
2003 10 30 -204.85
2003 10 31 -211.51
2003 11 01 -173.47
2003 11 02 -136.35
2003 11 03 -124.10
2003 11 04  -89.20
2003 11 05  -27.91
2003 11 06   24.93
2003 11 07   44.68
2003 11 08   51.48
2003 11 09   41.71
2003 11 10   37.41
2003 11 11   49.16
2003 11 12   64.98
2003 11 13   96.07
2003 11 14  107.11
2003 11 15  114.67
2003 11 16   81.15
2003 11 17   16.51
2003 11 18   -7.56
2003 11 19  -29.86
2003 11 20  -40.61
2003 11 21   -9.32
2003 11 22  -12.31
2003 11 23   21.91
2003 11 24   31.76
2003 11 25    4.73
2003 11 26  -10.20
2003 11 27   38.86
2003 11 28  101.95
2003 11 29   92.73
2003 11 30   48.52
2003 12 01   76.38
2003 12 02   93.75
2003 12 03   58.48
2003 12 04   56.00
2003 12 05   73.07
2003 12 06   89.02
2003 12 07   78.85
2003 12 08  104.71
2003 12 09   98.10
2003 12 10   86.16
2003 12 11   94.16
2003 12 12   92.59
2003 12 13  121.10
2003 12 14  153.34
2003 12 15  118.93
2003 12 16   83.15
2003 12 17   72.37
2003 12 18   50.36
2003 12 19   37.12
2003 12 20   56.33
2003 12 21   89.43
2003 12 22  101.40
2003 12 23   76.09
2003 12 24   60.39
2003 12 25   45.24
2003 12 26   29.68
2003 12 27   58.79
2003 12 28  102.14
2003 12 29  166.95
2003 12 30  171.98
2003 12 31   95.26
2004 01 01   31.13
2004 01 02  -59.73
2004 01 03 -122.12
2004 01 04 -191.09
2004 01 05 -252.68
2004 01 06 -230.13
2004 01 07 -167.31
2004 01 08 -122.26
2004 01 09  -79.71
2004 01 10  -42.03
2004 01 11  -40.67
2004 01 12  -64.03
2004 01 13  -95.50
2004 01 14 -137.09
2004 01 15 -141.57
2004 01 16 -142.91
2004 01 17 -146.13
2004 01 18 -162.90
2004 01 19 -172.96
2004 01 20 -122.53
2004 01 21  -66.19
2004 01 22  -88.29
2004 01 23 -112.63
2004 01 24  -92.78
2004 01 25  -90.85
2004 01 26  -60.47
2004 01 27  -17.05
2004 01 28    7.58
2004 01 29    2.86
2004 01 30   15.32
2004 01 31   10.17
2004 02 01  -13.07
2004 02 02   -2.93
2004 02 03   26.69
2004 02 04   45.23
2004 02 05   79.83
2004 02 06   94.53
2004 02 07   63.30
2004 02 08   57.67
2004 02 09   47.49
2004 02 10   28.82
2004 02 11   32.92
2004 02 12   -4.28
2004 02 13  -33.24
2004 02 14  -59.69
2004 02 15 -100.99
2004 02 16 -109.49
2004 02 17  -67.95
2004 02 18  -39.80
2004 02 19  -29.60
2004 02 20   25.48
2004 02 21   97.64
2004 02 22  125.22
2004 02 23   87.55
2004 02 24   53.78
2004 02 25   32.97
2004 02 26   50.81
2004 02 27   46.72
2004 02 28   36.08
2004 02 29  -15.43
2004 03 01  -39.92
2004 03 02   25.25
2004 03 03   99.37
2004 03 04  106.38
2004 03 05  126.58
2004 03 06  139.19
2004 03 07  118.76
2004 03 08  118.30
2004 03 09  123.52
2004 03 10  104.08
2004 03 11   77.98
2004 03 12   74.26
2004 03 13   81.77
2004 03 14   97.68
2004 03 15   83.84
2004 03 16   34.68
2004 03 17  -40.68
2004 03 18 -121.42
2004 03 19 -194.45
2004 03 20 -210.92
2004 03 21 -183.26
2004 03 22 -121.22
2004 03 23  -78.10
2004 03 24  -49.06
2004 03 25   -2.41
2004 03 26   -8.91
2004 03 27  -64.87
2004 03 28  -44.20
2004 03 29   34.63
2004 03 30   84.84
2004 03 31   46.15
2004 04 01    0.73
2004 04 02   28.69
2004 04 03   63.78
2004 04 04   76.14
2004 04 05   40.66
2004 04 06   28.95
2004 04 07   19.84
2004 04 08    3.46
2004 04 09   34.32
2004 04 10   37.42
2004 04 11   -6.61
2004 04 12  -34.16
2004 04 13  -32.37
2004 04 14  -48.13
2004 04 15  -16.16
2004 04 16   39.25
2004 04 17   79.78
2004 04 18  117.92
2004 04 19  111.39
2004 04 20   54.05
2004 04 21   11.72
2004 04 22   45.71
2004 04 23   68.56
2004 04 24   37.57
2004 04 25   49.48
2004 04 26  121.83
2004 04 27  142.49
2004 04 28   85.35
2004 04 29    9.52
2004 04 30  -24.36
2004 05 01  -59.32
2004 05 02  -92.94
2004 05 03 -107.21
2004 05 04  -85.35
2004 05 05  -50.68
2004 05 06  -16.90
2004 05 07  -21.24
2004 05 08  -32.48
2004 05 09  -28.50
2004 05 10  -42.58
2004 05 11  -64.19
2004 05 12  -68.29
2004 05 13  -28.66
2004 05 14   13.16
2004 05 15   52.38
2004 05 16   85.22
2004 05 17   75.25
2004 05 18   23.32
2004 05 19  -58.86
2004 05 20 -148.38
2004 05 21 -180.24
2004 05 22 -140.87
2004 05 23  -49.27
2004 05 24   26.15
2004 05 25   64.82
2004 05 26   87.20
2004 05 27   87.50
2004 05 28   69.79
2004 05 29   52.49
2004 05 30   62.38
2004 05 31   85.68
2004 06 01   76.43
2004 06 02   40.43
2004 06 03   14.35
2004 06 04   23.15
2004 06 05   26.06
2004 06 06    8.13
2004 06 07  -15.73
2004 06 08  -18.72
2004 06 09   13.29
2004 06 10   42.36
2004 06 11   52.69
2004 06 12   47.04
2004 06 13   47.15
2004 06 14   38.93
2004 06 15   11.38
2004 06 16   -4.69
2004 06 17   -6.11
2004 06 18  -15.32
2004 06 19   -0.61
2004 06 20    8.30
2004 06 21    6.80
2004 06 22   -6.24
2004 06 23   -3.74
2004 06 24   -2.18
2004 06 25  -30.09
2004 06 26  -60.68
2004 06 27  -72.00
2004 06 28  -74.04
2004 06 29  -63.34
2004 06 30  -67.56
2004 07 01  -85.66
2004 07 02  -97.36
2004 07 03  -61.45
2004 07 04  -34.93
2004 07 05  -32.06
2004 07 06  -34.75
2004 07 07  -47.93
2004 07 08  -62.47
2004 07 09  -91.90
2004 07 10  -96.71
2004 07 11  -61.74
2004 07 12  -10.82
2004 07 13   19.56
2004 07 14   33.96
2004 07 15   42.90
2004 07 16   51.05
2004 07 17   47.32
2004 07 18   37.93
2004 07 19   20.38
2004 07 20   14.84
2004 07 21    4.44
2004 07 22   17.98
2004 07 23   32.99
2004 07 24   50.28
2004 07 25   56.68
2004 07 26   46.33
2004 07 27   40.82
2004 07 28   30.45
2004 07 29   14.17
2004 07 30   -6.79
2004 07 31  -21.46
2004 08 01  -38.63
2004 08 02  -38.29
2004 08 03   -8.27
2004 08 04   13.40
2004 08 05   23.75
2004 08 06   20.30
2004 08 07    4.13
2004 08 08  -23.37
2004 08 09  -42.42
2004 08 10  -48.45
2004 08 11  -40.50
2004 08 12  -37.06
2004 08 13  -30.40
2004 08 14  -28.11
2004 08 15    0.67
2004 08 16   25.48
2004 08 17   21.79
2004 08 18   19.85
2004 08 19    6.77
2004 08 20  -20.01
2004 08 21  -16.01
2004 08 22    5.02
2004 08 23    3.43
2004 08 24  -30.79
2004 08 25  -64.99
2004 08 26  -67.46
2004 08 27  -42.38
2004 08 28  -34.06
2004 08 29  -29.41
2004 08 30  -39.38
2004 08 31  -30.13
2004 09 01   -8.52
2004 09 02   -0.50
2004 09 03  -22.29
2004 09 04  -29.26
2004 09 05   -8.91
2004 09 06   -3.21
2004 09 07  -11.62
2004 09 08  -10.32
2004 09 09   37.08
2004 09 10   72.36
2004 09 11   63.98
2004 09 12   39.23
2004 09 13   35.81
2004 09 14   28.70
2004 09 15  -10.01
2004 09 16  -55.18
2004 09 17  -51.65
2004 09 18  -29.31
2004 09 19  -14.97
2004 09 20   22.13
2004 09 21   61.88
2004 09 22   42.11
2004 09 23    6.10
2004 09 24   13.24
2004 09 25  -14.56
2004 09 26  -25.66
2004 09 27   -4.84
2004 09 28  -35.32
2004 09 29  -66.32
2004 09 30  -68.78
2004 10 01  -33.86
2004 10 02   -8.56
2004 10 03   26.41
2004 10 04   41.41
2004 10 05   48.79
2004 10 06   68.30
2004 10 07   79.15
2004 10 08  114.32
2004 10 09  138.63
2004 10 10   73.78
2004 10 11   -7.11
2004 10 12  -54.24
2004 10 13  -72.73
2004 10 14  -70.57
2004 10 15  -29.22
2004 10 16  -35.40
2004 10 17  -36.02
2004 10 18  -14.67
2004 10 19   17.49
2004 10 20   17.02
2004 10 21   40.76
2004 10 22   48.00
2004 10 23   54.00
2004 10 24   30.37
2004 10 25   34.43
2004 10 26  103.06
2004 10 27  152.05
2004 10 28  159.64
2004 10 29  139.77
2004 10 30  102.07
2004 10 31   73.92
2004 11 01   71.22
2004 11 02   97.60
2004 11 03   79.10
2004 11 04   18.45
2004 11 05  -36.84
2004 11 06  -81.29
2004 11 07  -71.57
2004 11 08  -68.34
2004 11 09  -87.24
2004 11 10  -76.54
2004 11 11  -67.02
2004 11 12  -21.89
2004 11 13   60.45
2004 11 14  161.26
2004 11 15  196.95
2004 11 16  177.43
2004 11 17  186.19
2004 11 18  159.06
2004 11 19  107.22
2004 11 20   85.58
2004 11 21   86.02
2004 11 22   62.97
2004 11 23   44.71
2004 11 24   99.73
2004 11 25   98.01
2004 11 26   67.39
2004 11 27   34.64
2004 11 28   64.06
2004 11 29   71.26
2004 11 30   55.03
2004 12 01   54.07
2004 12 02   37.53
2004 12 03   -5.49
2004 12 04    1.61
2004 12 05   73.89
2004 12 06  123.17
2004 12 07  124.70
2004 12 08   84.89
2004 12 09   90.90
2004 12 10  100.07
2004 12 11   65.19
2004 12 12   10.74
2004 12 13  -68.26
2004 12 14 -102.70
2004 12 15 -106.59
2004 12 16  -91.30
2004 12 17  -95.07
2004 12 18  -68.77
2004 12 19  -83.67
2004 12 20 -177.95
2004 12 21 -210.74
2004 12 22 -153.77
2004 12 23  -58.66
2004 12 24  -23.60
2004 12 25  -21.70
2004 12 26  -28.23
2004 12 27  -47.58
2004 12 28  -83.13
2004 12 29  -85.52
2004 12 30  -36.12
2004 12 31   31.07
2005 01 01   58.92
2005 01 02  113.73
2005 01 03  138.36
2005 01 04   76.16
2005 01 05  -75.48
2005 01 06 -222.15
2005 01 07 -277.01
2005 01 08 -263.20
2005 01 09 -239.74
2005 01 10 -213.19
2005 01 11 -168.66
2005 01 12 -160.95
2005 01 13 -170.86
2005 01 14 -187.58
2005 01 15 -193.05
2005 01 16 -177.75
2005 01 17 -130.10
2005 01 18  -63.69
2005 01 19  -26.69
2005 01 20  -24.59
2005 01 21  -28.27
2005 01 22    1.38
2005 01 23  -16.78
2005 01 24  -47.50
2005 01 25  -84.63
2005 01 26  -83.90
2005 01 27  -78.43
2005 01 28  -74.46
2005 01 29  -59.82
2005 01 30  -97.37
2005 01 31 -102.38
2005 02 01 -127.14
2005 02 02 -145.37
2005 02 03 -142.11
2005 02 04 -132.92
2005 02 05 -131.07
2005 02 06  -70.37
2005 02 07   -8.60
2005 02 08   52.42
2005 02 09  111.15
2005 02 10  134.39
2005 02 11  120.36
2005 02 12  107.75
2005 02 13   97.72
2005 02 14   69.37
2005 02 15   19.62
2005 02 16   -3.68
2005 02 17   -8.88
2005 02 18  -28.56
2005 02 19  -41.15
2005 02 20  -62.60
2005 02 21  -51.25
2005 02 22   -1.47
2005 02 23   43.83
2005 02 24   51.78
2005 02 25   60.02
2005 02 26   34.61
2005 02 27   22.82
2005 02 28    3.92
2005 03 01    5.27
2005 03 02    6.40
2005 03 03   39.48
2005 03 04   65.15
2005 03 05   97.31
2005 03 06   72.55
2005 03 07   18.48
2005 03 08  -23.27
2005 03 09  -21.24
2005 03 10    4.75
2005 03 11   26.63
2005 03 12  -27.05
2005 03 13  -65.52
2005 03 14    0.51
2005 03 15   72.78
2005 03 16   28.61
2005 03 17  -56.27
2005 03 18 -130.80
2005 03 19 -168.93
2005 03 20 -168.98
2005 03 21 -151.62
2005 03 22 -128.03
2005 03 23  -91.38
2005 03 24  -94.17
2005 03 25  -72.04
2005 03 26   18.14
2005 03 27  117.83
2005 03 28  144.47
2005 03 29  119.74
2005 03 30   84.46
2005 03 31   94.80
2005 04 01  154.67
2005 04 02  143.88
2005 04 03  120.92
2005 04 04   76.76
2005 04 05   57.49
2005 04 06   63.59
2005 04 07   48.42
2005 04 08   16.59
2005 04 09  -14.53
2005 04 10  -32.11
2005 04 11  -50.23
2005 04 12  -30.20
2005 04 13  -15.95
2005 04 14  -40.29
2005 04 15  -81.23
2005 04 16  -82.86
2005 04 17  -80.15
2005 04 18  -68.04
2005 04 19  -58.90
2005 04 20  -58.64
2005 04 21  -52.20
2005 04 22  -15.46
2005 04 23   -6.07
2005 04 24  -18.17
2005 04 25  -49.17
2005 04 26  -81.05
2005 04 27 -118.91
2005 04 28 -143.33
2005 04 29 -195.72
2005 04 30 -225.25
2005 05 01 -216.09
2005 05 02 -202.87
2005 05 03 -190.94
2005 05 04 -148.75
2005 05 05 -103.98
2005 05 06  -62.79
2005 05 07  -42.71
2005 05 08  -34.21
2005 05 09  -34.49
2005 05 10  -48.31
2005 05 11  -47.42
2005 05 12  -28.87
2005 05 13   -1.00
2005 05 14    2.83
2005 05 15   -2.21
2005 05 16   31.59
2005 05 17   54.82
2005 05 18   65.36
2005 05 19   68.46
2005 05 20   61.36
2005 05 21   71.49
2005 05 22   63.69
2005 05 23   49.56
2005 05 24   22.07
2005 05 25    8.61
2005 05 26   16.27
2005 05 27   19.07
2005 05 28   25.60
2005 05 29   31.49
2005 05 30   34.31
2005 05 31   11.80
2005 06 01   -0.81
2005 06 02   -8.20
2005 06 03  -29.25
2005 06 04  -48.79
2005 06 05  -27.48
2005 06 06   22.08
2005 06 07   57.98
2005 06 08   64.23
2005 06 09   63.22
2005 06 10   48.79
2005 06 11   32.79
2005 06 12   30.96
2005 06 13   45.12
2005 06 14   50.69
2005 06 15   44.25
2005 06 16   27.22
2005 06 17   36.89
2005 06 18   72.10
2005 06 19   76.02
2005 06 20   50.67
2005 06 21   30.94
2005 06 22   16.86
2005 06 23   -2.03
2005 06 24   -5.22
2005 06 25  -16.44
2005 06 26  -26.18
2005 06 27  -36.39
2005 06 28  -53.12
2005 06 29  -70.40
2005 06 30  -50.62
2005 07 01  -24.71
2005 07 02    8.91
2005 07 03   17.20
2005 07 04   31.32
2005 07 05   39.45
2005 07 06   53.07
2005 07 07   68.27
2005 07 08   81.93
2005 07 09   75.06
2005 07 10   67.02
2005 07 11   60.60
2005 07 12   66.30
2005 07 13   64.62
2005 07 14   54.22
2005 07 15   26.85
2005 07 16   -6.05
2005 07 17  -43.43
2005 07 18  -87.87
2005 07 19 -106.95
2005 07 20 -102.58
2005 07 21  -91.60
2005 07 22  -62.31
2005 07 23  -37.32
2005 07 24  -24.45
2005 07 25   -8.64
2005 07 26    0.35
2005 07 27    6.59
2005 07 28   12.18
2005 07 29   20.12
2005 07 30   34.22
2005 07 31   39.31
2005 08 01   30.82
2005 08 02   26.57
2005 08 03   21.65
2005 08 04   39.96
2005 08 05   59.46
2005 08 06   51.19
2005 08 07   29.77
2005 08 08    5.89
2005 08 09    0.35
2005 08 10    8.10
2005 08 11  -13.80
2005 08 12  -48.84
2005 08 13  -56.48
2005 08 14  -47.28
2005 08 15  -50.13
2005 08 16  -43.38
2005 08 17  -25.41
2005 08 18   -3.43
2005 08 19   -5.31
2005 08 20  -10.63
2005 08 21    4.29
2005 08 22   13.00
2005 08 23   21.50
2005 08 24   23.93
2005 08 25   13.12
2005 08 26  -36.58
2005 08 27  -54.49
2005 08 28  -44.71
2005 08 29  -54.91
2005 08 30  -92.19
2005 08 31 -107.81
2005 09 01  -72.56
2005 09 02  -37.91
2005 09 03   -1.68
2005 09 04   34.00
2005 09 05   63.04
2005 09 06   70.29
2005 09 07   45.41
2005 09 08   23.55
2005 09 09   35.46
2005 09 10   36.33
2005 09 11   32.86
2005 09 12   50.05
2005 09 13   45.11
2005 09 14   44.03
2005 09 15   54.86
2005 09 16   70.29
2005 09 17   68.13
2005 09 18   52.31
2005 09 19   27.73
2005 09 20    5.60
2005 09 21   -7.77
2005 09 22    1.17
2005 09 23   18.43
2005 09 24   13.24
2005 09 25   10.63
2005 09 26   32.75
2005 09 27   51.86
2005 09 28   77.67
2005 09 29   71.96
2005 09 30   60.03
2005 10 01   45.43
2005 10 02   26.42
2005 10 03   47.72
2005 10 04   73.75
2005 10 05   82.37
2005 10 06   89.64
2005 10 07   94.01
2005 10 08   74.93
2005 10 09   72.14
2005 10 10   80.86
2005 10 11   62.75
2005 10 12   69.81
2005 10 13   45.48
2005 10 14  -16.57
2005 10 15  -20.88
2005 10 16   -0.38
2005 10 17   72.80
2005 10 18  111.81
2005 10 19  123.78
2005 10 20   93.59
2005 10 21  111.19
2005 10 22  135.85
2005 10 23  100.18
2005 10 24   54.49
2005 10 25   58.42
2005 10 26   60.20
2005 10 27   57.33
2005 10 28   28.31
2005 10 29  -17.62
2005 10 30  -28.46
2005 10 31   10.07
2005 11 01   39.57
2005 11 02   30.13
2005 11 03  -14.07
2005 11 04  -58.16
2005 11 05 -103.94
2005 11 06 -114.04
2005 11 07  -68.80
2005 11 08  -40.67
2005 11 09  -62.44
2005 11 10 -106.27
2005 11 11 -155.40
2005 11 12 -173.47
2005 11 13 -198.89
2005 11 14 -224.17
2005 11 15 -188.91
2005 11 16 -146.66
2005 11 17 -113.17
2005 11 18  -82.66
2005 11 19  -59.84
2005 11 20  -99.57
2005 11 21  -96.68
2005 11 22  -76.34
2005 11 23  -54.15
2005 11 24  -27.12
2005 11 25   -5.62
2005 11 26  -37.41
2005 11 27  -88.96
2005 11 28 -145.53
2005 11 29 -232.15
2005 11 30 -289.72
2005 12 01 -280.17
2005 12 02 -227.48
2005 12 03 -210.74
2005 12 04 -193.59
2005 12 05 -188.58
2005 12 06 -139.06
2005 12 07  -52.72
2005 12 08    4.18
2005 12 09   -5.12
2005 12 10   -5.04
2005 12 11  -13.49
2005 12 12  -29.43
2005 12 13  -69.45
2005 12 14  -82.81
2005 12 15  -83.07
2005 12 16  -97.43
2005 12 17 -134.22
2005 12 18 -210.28
2005 12 19 -239.50
2005 12 20 -190.63
2005 12 21 -112.33
2005 12 22  -81.10
2005 12 23  -24.58
2005 12 24   50.06
2005 12 25   69.77
2005 12 26   49.78
2005 12 27   15.05
2005 12 28   10.57
2005 12 29   16.19
2005 12 30   32.36
2005 12 31   49.65
2006 01 01   82.24
2006 01 02   77.93
2006 01 03   19.31
2006 01 04    6.05
2006 01 05   56.50
2006 01 06   90.46
2006 01 07   95.25
2006 01 08   83.29
2006 01 09  110.57
2006 01 10  129.75
2006 01 11  114.23
2006 01 12   95.34
2006 01 13   93.69
2006 01 14  107.04
2006 01 15   93.39
2006 01 16   66.07
2006 01 17   30.36
2006 01 18    1.07
2006 01 19  -20.95
2006 01 20   -7.76
2006 01 21   31.71
2006 01 22   21.95
2006 01 23  -35.27
2006 01 24  -20.27
2006 01 25   33.93
2006 01 26   34.52
2006 01 27    4.32
2006 01 28   -5.14
2006 01 29    4.63
2006 01 30   43.72
2006 01 31  121.11
2006 02 01  177.63
2006 02 02  192.65
2006 02 03  204.55
2006 02 04  185.68
2006 02 05  216.46
2006 02 06  235.53
2006 02 07  215.88
2006 02 08  172.37
2006 02 09  158.74
2006 02 10  141.52
2006 02 11  127.63
2006 02 12  134.90
2006 02 13   97.66
2006 02 14   64.56
2006 02 15   50.76
2006 02 16   54.95
2006 02 17   59.50
2006 02 18  102.15
2006 02 19  111.84
2006 02 20   60.95
2006 02 21    8.20
2006 02 22  -27.41
2006 02 23  -53.72
2006 02 24  -54.50
2006 02 25  -42.68
2006 02 26  -22.40
2006 02 27   28.65
2006 02 28   41.73
2006 03 01   70.15
2006 03 02   88.59
2006 03 03  101.39
2006 03 04  130.87
2006 03 05  138.69
2006 03 06  127.65
2006 03 07  146.81
2006 03 08  143.88
2006 03 09   53.78
2006 03 10  -18.25
2006 03 11  -10.29
2006 03 12    4.41
2006 03 13  -15.55
2006 03 14  -21.10
2006 03 15    4.93
2006 03 16   31.39
2006 03 17   22.62
2006 03 18   44.42
2006 03 19   50.66
2006 03 20  -15.20
2006 03 21  -76.07
2006 03 22 -109.47
2006 03 23 -110.13
2006 03 24  -95.07
2006 03 25  -82.52
2006 03 26  -76.56
2006 03 27  -69.31
2006 03 28  -39.59
2006 03 29  -30.02
2006 03 30   32.99
2006 03 31   51.01
2006 04 01   -1.13
2006 04 02  -22.04
2006 04 03  -46.10
2006 04 04  -61.09
2006 04 05  -78.99
2006 04 06  -42.27
2006 04 07   10.49
2006 04 08   47.82
2006 04 09   69.64
2006 04 10   38.80
2006 04 11   15.77
2006 04 12   74.05
2006 04 13   86.49
2006 04 14   50.24
2006 04 15   58.39
2006 04 16   93.21
2006 04 17   81.12
2006 04 18   69.05
2006 04 19   92.48
2006 04 20   92.97
2006 04 21   40.19
2006 04 22   -0.66
2006 04 23    2.10
2006 04 24   13.16
2006 04 25    8.17
2006 04 26  -18.58
2006 04 27  -27.93
2006 04 28  -14.85
2006 04 29  -10.58
2006 04 30   -8.18
2006 05 01   -1.79
2006 05 02    8.45
2006 05 03   15.29
2006 05 04   76.98
2006 05 05  139.14
2006 05 06  146.81
2006 05 07  127.71
2006 05 08   97.18
2006 05 09   65.43
2006 05 10   38.84
2006 05 11   28.37
2006 05 12   28.48
2006 05 13   47.65
2006 05 14   54.81
2006 05 15   52.15
2006 05 16   44.22
2006 05 17   59.59
2006 05 18   22.18
2006 05 19   20.15
2006 05 20   34.43
2006 05 21   -6.57
2006 05 22  -66.37
2006 05 23 -111.47
2006 05 24 -143.13
2006 05 25 -177.60
2006 05 26 -204.18
2006 05 27 -215.63
2006 05 28 -205.01
2006 05 29 -182.82
2006 05 30 -163.27
2006 05 31 -123.75
2006 06 01  -88.84
2006 06 02  -70.17
2006 06 03  -48.36
2006 06 04  -51.35
2006 06 05  -63.51
2006 06 06  -65.32
2006 06 07  -66.08
2006 06 08  -63.30
2006 06 09  -34.28
2006 06 10    3.86
2006 06 11  -13.42
2006 06 12  -50.47
2006 06 13  -31.39
2006 06 14    4.85
2006 06 15   23.46
2006 06 16   12.48
2006 06 17   -8.35
2006 06 18  -28.90
2006 06 19  -10.12
2006 06 20    5.78
2006 06 21    0.12
2006 06 22  -21.82
2006 06 23  -38.98
2006 06 24  -36.35
2006 06 25  -14.99
2006 06 26    1.34
2006 06 27    2.91
2006 06 28   -6.14
2006 06 29  -14.65
2006 06 30  -32.71
2006 07 01  -51.90
2006 07 02  -62.97
2006 07 03  -60.03
2006 07 04  -37.62
2006 07 05  -11.58
2006 07 06   -2.58
2006 07 07  -10.83
2006 07 08  -17.22
2006 07 09   -2.31
2006 07 10   27.05
2006 07 11   47.05
2006 07 12   40.65
2006 07 13   33.84
2006 07 14   33.06
2006 07 15   38.98
2006 07 16   38.69
2006 07 17   55.97
2006 07 18   61.13
2006 07 19   51.13
2006 07 20   40.64
2006 07 21   29.95
2006 07 22   55.44
2006 07 23   79.09
2006 07 24   97.08
2006 07 25  124.59
2006 07 26  106.24
2006 07 27   69.75
2006 07 28   43.09
2006 07 29   10.57
2006 07 30  -16.85
2006 07 31  -15.47
2006 08 01   15.24
2006 08 02   42.44
2006 08 03   52.04
2006 08 04   50.06
2006 08 05   26.55
2006 08 06    5.60
2006 08 07   -4.92
2006 08 08   14.75
2006 08 09   18.27
2006 08 10    4.24
2006 08 11  -25.75
2006 08 12  -47.56
2006 08 13  -57.96
2006 08 14  -64.40
2006 08 15  -88.60
2006 08 16 -109.02
2006 08 17 -110.58
2006 08 18 -100.05
2006 08 19  -72.18
2006 08 20  -48.02
2006 08 21  -41.32
2006 08 22  -37.76
2006 08 23  -37.05
2006 08 24  -48.01
2006 08 25  -57.27
2006 08 26  -80.22
2006 08 27  -81.50
2006 08 28  -57.93
2006 08 29  -48.71
2006 08 30  -57.29
2006 08 31  -78.01
2006 09 01  -76.03
2006 09 02  -66.58
2006 09 03  -43.30
2006 09 04  -36.15
2006 09 05  -25.70
2006 09 06  -19.36
2006 09 07    5.17
2006 09 08   28.71
2006 09 09   28.70
2006 09 10  -16.80
2006 09 11  -83.16
2006 09 12  -93.30
2006 09 13  -67.05
2006 09 14   -0.66
2006 09 15    2.52
2006 09 16  -27.32
2006 09 17  -49.31
2006 09 18  -47.92
2006 09 19  -51.80
2006 09 20  -74.81
2006 09 21  -67.02
2006 09 22  -23.85
2006 09 23  -33.68
2006 09 24  -66.63
2006 09 25  -77.84
2006 09 26  -52.70
2006 09 27  -15.54
2006 09 28   14.59
2006 09 29   33.53
2006 09 30   38.93
2006 10 01   32.34
2006 10 02    9.29
2006 10 03   -0.76
2006 10 04    8.74
2006 10 05  -28.89
2006 10 06  -51.57
2006 10 07  -66.42
2006 10 08  -92.85
2006 10 09  -56.37
2006 10 10    1.17
2006 10 11   18.09
2006 10 12   -8.30
2006 10 13    1.69
2006 10 14   19.34
2006 10 15   12.60
2006 10 16   25.59
2006 10 17   57.74
2006 10 18   82.83
2006 10 19   70.83
2006 10 20   42.64
2006 10 21   48.79
2006 10 22   90.69
2006 10 23   92.57
2006 10 24   77.32
2006 10 25   59.64
2006 10 26   -1.62
2006 10 27  -36.29
2006 10 28  -55.69
2006 10 29  -94.78
2006 10 30 -137.48
2006 10 31 -176.46
2006 11 01 -215.92
2006 11 02 -222.37
2006 11 03 -225.48
2006 11 04 -239.05
2006 11 05 -225.22
2006 11 06 -166.67
2006 11 07 -126.05
2006 11 08 -125.65
2006 11 09 -129.01
2006 11 10 -151.32
2006 11 11 -209.49
2006 11 12 -276.90
2006 11 13 -274.30
2006 11 14 -231.38
2006 11 15 -198.02
2006 11 16 -172.75
2006 11 17 -184.06
2006 11 18 -189.56
2006 11 19 -150.19
2006 11 20 -144.24
2006 11 21 -144.63
2006 11 22 -138.29
2006 11 23 -127.86
2006 11 24 -111.64
2006 11 25  -90.38
2006 11 26  -70.80
2006 11 27  -10.89
2006 11 28   37.38
2006 11 29   75.40
2006 11 30   68.04
2006 12 01   34.90
2006 12 02   28.00
2006 12 03   48.63
2006 12 04   76.10
2006 12 05   65.41
2006 12 06   75.68
2006 12 07  108.47
2006 12 08  110.37
2006 12 09  114.92
2006 12 10  117.59
2006 12 11  104.72
2006 12 12  100.89
2006 12 13   97.98
2006 12 14  111.84
2006 12 15  149.93
2006 12 16  170.98
2006 12 17  184.97
2006 12 18  234.47
2006 12 19  228.52
2006 12 20  196.68
2006 12 21  170.72
2006 12 22  136.25
2006 12 23  117.15
2006 12 24  111.85
2006 12 25  124.90
2006 12 26  109.78
2006 12 27   61.66
2006 12 28   42.29
2006 12 29   59.22
2006 12 30   63.51
2006 12 31   81.03
2007 01 01  142.32
2007 01 02  172.57
2007 01 03  215.05
2007 01 04  258.25
2007 01 05  251.55
2007 01 06  199.91
2007 01 07  127.48
2007 01 08  101.82
2007 01 09  117.06
2007 01 10  123.43
2007 01 11  101.40
2007 01 12   96.37
2007 01 13   89.64
2007 01 14   75.42
2007 01 15   74.10
2007 01 16   76.30
2007 01 17   88.19
2007 01 18  115.90
2007 01 19  135.70
2007 01 20  122.45
2007 01 21  111.96
2007 01 22  106.85
2007 01 23   94.27
2007 01 24   85.36
2007 01 25   52.03
2007 01 26   18.38
2007 01 27    2.00
2007 01 28  -27.56
2007 01 29  -97.02
2007 01 30 -126.68
2007 01 31 -119.80
2007 02 01  -83.58
2007 02 02  -16.03
2007 02 03   32.44
2007 02 04  -16.92
2007 02 05  -80.41
2007 02 06  -84.34
2007 02 07  -68.21
2007 02 08  -76.63
2007 02 09  -65.36
2007 02 10  -61.80
2007 02 11  -67.21
2007 02 12  -47.92
2007 02 13  -30.13
2007 02 14  -12.20
2007 02 15   -6.49
2007 02 16   14.20
2007 02 17   61.06
2007 02 18   99.98
2007 02 19  106.24
2007 02 20   45.23
2007 02 21   22.42
2007 02 22   44.38
2007 02 23   38.07
2007 02 24  -31.32
2007 02 25 -113.48
2007 02 26 -132.97
2007 02 27 -120.86
2007 02 28 -115.08
2007 03 01 -116.55
2007 03 02 -145.15
2007 03 03 -151.20
2007 03 04 -163.47
2007 03 05 -163.13
2007 03 06 -157.66
2007 03 07 -145.60
2007 03 08 -124.00
2007 03 09 -121.42
2007 03 10 -118.12
2007 03 11 -127.01
2007 03 12 -168.72
2007 03 13 -199.33
2007 03 14 -211.71
2007 03 15 -225.06
2007 03 16 -216.90
2007 03 17 -173.28
2007 03 18 -169.11
2007 03 19 -112.67
2007 03 20  -13.55
2007 03 21   71.06
2007 03 22  109.79
2007 03 23  142.00
2007 03 24  140.92
2007 03 25  104.56
2007 03 26   56.78
2007 03 27   20.14
2007 03 28   -4.81
2007 03 29  -16.44
2007 03 30  -27.06
2007 03 31  -69.67
2007 04 01  -75.56
2007 04 02  -49.33
2007 04 03  -67.73
2007 04 04  -95.39
2007 04 05  -96.41
2007 04 06  -62.00
2007 04 07  -32.49
2007 04 08  -23.46
2007 04 09   -9.75
2007 04 10  -26.24
2007 04 11  -43.64
2007 04 12  -29.38
2007 04 13  -11.68
2007 04 14   12.66
2007 04 15   60.18
2007 04 16   78.42
2007 04 17   80.22
2007 04 18   93.76
2007 04 19   98.46
2007 04 20   90.34
2007 04 21   72.75
2007 04 22   81.59
2007 04 23  104.28
2007 04 24  129.57
2007 04 25  120.13
2007 04 26   79.52
2007 04 27   75.29
2007 04 28  126.40
2007 04 29  132.39
2007 04 30   74.56
2007 05 01   39.65
2007 05 02   21.37
2007 05 03  -16.91
2007 05 04  -52.45
2007 05 05  -69.59
2007 05 06  -71.26
2007 05 07  -61.62
2007 05 08  -31.37
2007 05 09  -17.48
2007 05 10  -32.76
2007 05 11  -62.23
2007 05 12  -72.03
2007 05 13  -64.69
2007 05 14  -52.66
2007 05 15  -48.95
2007 05 16  -38.57
2007 05 17  -60.73
2007 05 18  -61.08
2007 05 19  -48.24
2007 05 20  -47.41
2007 05 21  -38.36
2007 05 22  -35.39
2007 05 23  -27.67
2007 05 24  -18.28
2007 05 25  -18.38
2007 05 26  -33.18
2007 05 27  -35.16
2007 05 28   -5.78
2007 05 29   34.58
2007 05 30   51.17
2007 05 31   47.82
2007 06 01   16.73
2007 06 02  -15.89
2007 06 03    3.91
2007 06 04   44.15
2007 06 05   54.93
2007 06 06   56.00
2007 06 07   35.11
2007 06 08   31.53
2007 06 09   45.93
2007 06 10   46.91
2007 06 11   30.24
2007 06 12    0.62
2007 06 13  -28.19
2007 06 14  -37.44
2007 06 15  -56.88
2007 06 16  -77.74
2007 06 17  -87.52
2007 06 18  -78.20
2007 06 19  -59.41
2007 06 20  -71.83
2007 06 21  -62.05
2007 06 22  -41.31
2007 06 23  -27.95
2007 06 24  -31.79
2007 06 25  -35.49
2007 06 26  -43.56
2007 06 27  -31.95
2007 06 28  -16.65
2007 06 29   -4.80
2007 06 30   10.11
2007 07 01    4.99
2007 07 02  -13.82
2007 07 03  -19.76
2007 07 04   -7.95
2007 07 05    4.56
2007 07 06   -2.54
2007 07 07  -19.85
2007 07 08  -44.31
2007 07 09  -55.91
2007 07 10  -35.23
2007 07 11  -29.89
2007 07 12  -32.94
2007 07 13  -19.64
2007 07 14    0.12
2007 07 15   11.79
2007 07 16   11.55
2007 07 17   -1.13
2007 07 18   12.88
2007 07 19   27.90
2007 07 20   32.98
2007 07 21   22.45
2007 07 22   19.09
2007 07 23   26.90
2007 07 24   37.86
2007 07 25   31.27
2007 07 26   14.31
2007 07 27    9.18
2007 07 28   16.32
2007 07 29   29.88
2007 07 30   37.54
2007 07 31   23.18
2007 08 01   24.22
2007 08 02   46.30
2007 08 03   58.78
2007 08 04   48.50
2007 08 05   34.72
2007 08 06   26.10
2007 08 07   12.00
2007 08 08   -5.71
2007 08 09  -10.01
2007 08 10  -20.56
2007 08 11  -34.97
2007 08 12  -56.51
2007 08 13  -72.44
2007 08 14  -71.13
2007 08 15  -53.37
2007 08 16  -22.57
2007 08 17   29.59
2007 08 18   63.02
2007 08 19   74.87
2007 08 20   66.39
2007 08 21   42.41
2007 08 22   11.41
2007 08 23    1.04
2007 08 24    7.12
2007 08 25   -6.47
2007 08 26  -16.29
2007 08 27  -21.50
2007 08 28  -24.86
2007 08 29  -19.17
2007 08 30  -18.30
2007 08 31  -19.30
2007 09 01  -20.30
2007 09 02  -14.52
2007 09 03    6.46
2007 09 04   36.78
2007 09 05   49.21
2007 09 06   47.32
2007 09 07   46.20
2007 09 08   56.74
2007 09 09   74.76
2007 09 10   47.71
2007 09 11   30.16
2007 09 12   44.70
2007 09 13   53.79
2007 09 14   56.34
2007 09 15   53.29
2007 09 16   37.29
2007 09 17   14.33
2007 09 18   15.53
2007 09 19   34.33
2007 09 20   21.94
2007 09 21    4.86
2007 09 22   18.03
2007 09 23   78.04
2007 09 24  101.41
2007 09 25   74.75
2007 09 26   37.91
2007 09 27   47.42
2007 09 28   87.06
2007 09 29  108.48
2007 09 30  114.77
2007 10 01   94.28
2007 10 02   34.10
2007 10 03  -14.80
2007 10 04   12.24
2007 10 05   40.00
2007 10 06   20.65
2007 10 07   -2.28
2007 10 08  -23.56
2007 10 09    2.40
2007 10 10   39.69
2007 10 11   81.07
2007 10 12   76.90
2007 10 13   75.43
2007 10 14  104.32
2007 10 15  117.91
2007 10 16   95.45
2007 10 17   71.92
2007 10 18   36.52
2007 10 19   11.17
2007 10 20  -19.31
2007 10 21  -32.21
2007 10 22    9.25
2007 10 23   40.75
2007 10 24   64.63
2007 10 25   53.50
2007 10 26   38.15
2007 10 27   57.37
2007 10 28   81.60
2007 10 29  111.79
2007 10 30  129.81
2007 10 31  122.02
2007 11 01  100.40
2007 11 02  104.82
2007 11 03  124.98
2007 11 04  115.30
2007 11 05   84.33
2007 11 06   53.61
2007 11 07   33.07
2007 11 08   46.16
2007 11 09   69.44
2007 11 10  101.22
2007 11 11   98.82
2007 11 12  100.21
2007 11 13  103.11
2007 11 14   77.21
2007 11 15   52.16
2007 11 16   29.72
2007 11 17   36.79
2007 11 18   39.82
2007 11 19   21.31
2007 11 20    9.01
2007 11 21  -41.74
2007 11 22  -53.14
2007 11 23    2.58
2007 11 24   40.67
2007 11 25   -6.25
2007 11 26  -26.27
2007 11 27  -42.38
2007 11 28  -39.86
2007 11 29  -86.96
2007 11 30  -93.64
2007 12 01  -86.69
2007 12 02 -124.93
2007 12 03 -113.01
2007 12 04    0.33
2007 12 05   65.00
2007 12 06   56.34
2007 12 07   31.03
2007 12 08    4.21
2007 12 09  -27.55
2007 12 10  -31.95
2007 12 11   -2.44
2007 12 12   10.74
2007 12 13  -17.54
2007 12 14  -33.01
2007 12 15  -32.14
2007 12 16  -17.97
2007 12 17   14.09
2007 12 18   35.99
2007 12 19   43.50
2007 12 20   52.80
2007 12 21   65.10
2007 12 22   75.12
2007 12 23   96.85
2007 12 24  117.38
2007 12 25  112.79
2007 12 26  124.11
2007 12 27  153.76
2007 12 28  175.35
2007 12 29  146.24
2007 12 30   47.10
2007 12 31   10.16
2008 01 01   89.70
2008 01 02  169.27
2008 01 03  204.58
2008 01 04  190.22
2008 01 05  167.91
2008 01 06  118.95
2008 01 07   93.72
2008 01 08   78.90
2008 01 09   96.42
2008 01 10  112.22
2008 01 11   96.74
2008 01 12  105.10
2008 01 13  121.71
2008 01 14  131.17
2008 01 15  117.70
2008 01 16   69.37
2008 01 17   10.86
2008 01 18    0.49
2008 01 19    0.37
2008 01 20   25.70
2008 01 21   50.43
2008 01 22   80.47
2008 01 23   39.56
2008 01 24   -8.49
2008 01 25    1.74
2008 01 26   17.38
2008 01 27  101.69
2008 01 28  184.01
2008 01 29  191.16
2008 01 30  168.88
2008 01 31  119.83
2008 02 01  111.74
2008 02 02   96.08
2008 02 03   64.52
2008 02 04   56.53
2008 02 05   70.94
2008 02 06   92.73
2008 02 07   63.77
2008 02 08   31.05
2008 02 09   50.13
2008 02 10   53.12
2008 02 11   32.65
2008 02 12   18.57
2008 02 13   19.35
2008 02 14   24.25
2008 02 15    6.67
2008 02 16  -17.76
2008 02 17  -18.38
2008 02 18   -0.41
2008 02 19   21.48
2008 02 20   39.11
2008 02 21   50.65
2008 02 22   23.38
2008 02 23  -59.03
2008 02 24 -114.60
2008 02 25  -88.68
2008 02 26  -56.69
2008 02 27  -85.29
2008 02 28 -117.70
2008 02 29 -118.52
2008 03 01 -103.26
2008 03 02  -96.99
2008 03 03  -87.15
2008 03 04  -65.82
2008 03 05  -37.73
2008 03 06    9.39
2008 03 07   44.05
2008 03 08   56.29
2008 03 09   34.15
2008 03 10   11.92
2008 03 11    9.87
2008 03 12   -8.15
2008 03 13  -41.57
2008 03 14  -28.87
2008 03 15  -14.04
2008 03 16   -3.38
2008 03 17    3.99
2008 03 18   -1.54
2008 03 19    0.49
2008 03 20   -1.51
2008 03 21  -29.47
2008 03 22  -53.23
2008 03 23  -74.78
2008 03 24  -96.47
2008 03 25 -120.10
2008 03 26 -133.79
2008 03 27 -131.68
2008 03 28 -107.65
2008 03 29  -61.36
2008 03 30   -6.67
2008 03 31   22.66
2008 04 01   12.00
2008 04 02   10.12
2008 04 03   44.43
2008 04 04   59.96
2008 04 05   33.28
2008 04 06    7.68
2008 04 07   11.09
2008 04 08   31.31
2008 04 09   29.58
2008 04 10   14.88
2008 04 11   23.03
2008 04 12   29.49
2008 04 13   47.31
2008 04 14   28.35
2008 04 15   -9.41
2008 04 16  -38.88
2008 04 17  -37.11
2008 04 18  -51.64
2008 04 19  -45.87
2008 04 20  -27.44
2008 04 21  -29.11
2008 04 22  -44.25
2008 04 23  -68.08
2008 04 24 -102.56
2008 04 25 -131.39
2008 04 26  -96.63
2008 04 27  -40.88
2008 04 28  -19.43
2008 04 29   -0.86
2008 04 30   12.11
2008 05 01  -11.35
2008 05 02  -24.93
2008 05 03   -1.31
2008 05 04   23.68
2008 05 05  -11.22
2008 05 06  -73.36
2008 05 07  -83.07
2008 05 08  -41.00
2008 05 09   17.74
2008 05 10   44.87
2008 05 11   83.17
2008 05 12  135.05
2008 05 13  116.58
2008 05 14   72.99
2008 05 15   53.00
2008 05 16   -1.15
2008 05 17   -7.06
2008 05 18    5.17
2008 05 19    0.99
2008 05 20  -16.69
2008 05 21  -22.36
2008 05 22  -49.71
2008 05 23  -43.31
2008 05 24  -16.28
2008 05 25  -37.91
2008 05 26  -80.81
2008 05 27 -109.56
2008 05 28 -106.31
2008 05 29 -100.59
2008 05 30  -80.28
2008 05 31  -67.45
2008 06 01  -17.31
2008 06 02   38.54
2008 06 03   59.95
2008 06 04   79.89
2008 06 05   71.78
2008 06 06   25.02
2008 06 07  -16.45
2008 06 08  -35.55
2008 06 09  -63.21
2008 06 10  -86.30
2008 06 11  -96.41
2008 06 12 -109.42
2008 06 13 -108.91
2008 06 14  -97.58
2008 06 15  -88.80
2008 06 16  -72.17
2008 06 17  -34.53
2008 06 18  -13.93
2008 06 19  -14.22
2008 06 20    3.15
2008 06 21   17.72
2008 06 22   26.02
2008 06 23   30.42
2008 06 24   36.08
2008 06 25   31.13
2008 06 26    7.22
2008 06 27   19.95
2008 06 28   37.16
2008 06 29   32.94
2008 06 30   18.17
2008 07 01   45.98
2008 07 02   65.08
2008 07 03   80.24
2008 07 04   61.20
2008 07 05   11.19
2008 07 06  -28.83
2008 07 07  -39.62
2008 07 08  -28.64
2008 07 09  -13.25
2008 07 10   -8.60
2008 07 11    2.41
2008 07 12    8.67
2008 07 13    9.03
2008 07 14    1.33
2008 07 15  -10.29
2008 07 16   -2.71
2008 07 17   -4.01
2008 07 18    3.60
2008 07 19    6.68
2008 07 20    9.99
2008 07 21   20.23
2008 07 22   23.80
2008 07 23    8.01
2008 07 24   -1.15
2008 07 25   11.78
2008 07 26   20.50
2008 07 27   28.46
2008 07 28   16.64
2008 07 29   -5.14
2008 07 30  -10.84
2008 07 31  -22.44
2008 08 01  -37.14
2008 08 02  -51.95
2008 08 03  -66.96
2008 08 04  -70.00
2008 08 05  -68.49
2008 08 06  -69.74
2008 08 07  -60.94
2008 08 08  -44.51
2008 08 09  -21.67
2008 08 10   -5.60
2008 08 11    5.39
2008 08 12   -2.54
2008 08 13    0.62
2008 08 14   20.57
2008 08 15   19.63
2008 08 16   42.26
2008 08 17   66.57
2008 08 18   67.93
2008 08 19   45.39
2008 08 20   34.16
2008 08 21   39.94
2008 08 22   22.87
2008 08 23  -11.23
2008 08 24  -16.32
2008 08 25   -5.96
2008 08 26    5.48
2008 08 27   11.39
2008 08 28   23.02
2008 08 29    1.61
2008 08 30  -13.12
2008 08 31   10.06
2008 09 01    9.00
2008 09 02   -4.43
2008 09 03  -24.30
2008 09 04  -60.20
2008 09 05  -72.31
2008 09 06  -66.60
2008 09 07  -44.84
2008 09 08  -40.02
2008 09 09  -40.69
2008 09 10   -2.41
2008 09 11    4.47
2008 09 12  -19.86
2008 09 13  -17.69
2008 09 14    5.22
2008 09 15   -9.38
2008 09 16  -15.54
2008 09 17   -8.63
2008 09 18   -8.11
2008 09 19   -0.02
2008 09 20  -20.27
2008 09 21  -50.99
2008 09 22  -54.06
2008 09 23  -67.68
2008 09 24  -68.14
2008 09 25  -35.38
2008 09 26   -5.97
2008 09 27   -0.64
2008 09 28   27.76
2008 09 29   26.54
2008 09 30   33.18
2008 10 01   30.29
2008 10 02   19.91
2008 10 03   41.40
2008 10 04   29.55
2008 10 05   15.72
2008 10 06   22.17
2008 10 07   29.22
2008 10 08   31.59
2008 10 09   31.36
2008 10 10   31.37
2008 10 11   25.83
2008 10 12   40.46
2008 10 13   91.81
2008 10 14   50.90
2008 10 15    1.99
2008 10 16    8.94
2008 10 17   23.92
2008 10 18   19.95
2008 10 19   16.77
2008 10 20   16.98
2008 10 21   34.19
2008 10 22  100.44
2008 10 23  107.87
2008 10 24   48.83
2008 10 25  -18.78
2008 10 26  -60.96
2008 10 27  -57.48
2008 10 28  -17.81
2008 10 29    5.21
2008 10 30   17.04
2008 10 31   45.77
2008 11 01   43.69
2008 11 02   32.10
2008 11 03    5.60
2008 11 04  -45.04
2008 11 05  -66.93
2008 11 06  -86.78
2008 11 07 -100.45
2008 11 08  -96.25
2008 11 09  -44.59
2008 11 10    0.69
2008 11 11   50.71
2008 11 12   75.24
2008 11 13   62.01
2008 11 14   61.95
2008 11 15   56.74
2008 11 16    6.93
2008 11 17  -42.09
2008 11 18  -75.61
2008 11 19  -96.14
2008 11 20  -64.19
2008 11 21   45.87
2008 11 22   53.80
2008 11 23   66.25
2008 11 24   95.59
2008 11 25   84.91
2008 11 26   74.63
2008 11 27   81.02
2008 11 28   75.05
2008 11 29   45.61
2008 11 30  -21.04
2008 12 01 -121.27
2008 12 02 -200.04
2008 12 03 -184.08
2008 12 04 -112.96
2008 12 05  -92.73
2008 12 06 -108.78
2008 12 07  -58.20
2008 12 08   36.11
2008 12 09   77.61
2008 12 10   54.46
2008 12 11   21.14
2008 12 12  -63.49
2008 12 13 -109.79
2008 12 14 -123.92
2008 12 15 -124.44
2008 12 16 -105.56
2008 12 17  -87.47
2008 12 18 -104.26
2008 12 19 -104.70
2008 12 20  -73.93
2008 12 21  -37.79
2008 12 22   48.04
2008 12 23   73.51
2008 12 24   27.53
2008 12 25    4.52
2008 12 26  -43.85
2008 12 27 -117.39
2008 12 28 -154.40
2008 12 29 -157.97
2008 12 30 -189.91
2008 12 31 -211.86
2009 01 01 -176.83
2009 01 02 -116.24
2009 01 03  -49.50
2009 01 04  -22.17
2009 01 05  -49.29
2009 01 06  -48.95
2009 01 07  -20.94
2009 01 08  -10.66
2009 01 09  -12.20
2009 01 10  -24.66
2009 01 11  -23.35
2009 01 12    9.99
2009 01 13   -9.53
2009 01 14    8.72
2009 01 15   26.66
2009 01 16   11.49
2009 01 17   23.81
2009 01 18    2.39
2009 01 19  -29.06
2009 01 20  -74.42
2009 01 21  -68.77
2009 01 22  -20.98
2009 01 23  -19.18
2009 01 24  -52.42
2009 01 25  -35.26
2009 01 26   47.11
2009 01 27   81.40
2009 01 28   63.63
2009 01 29   63.07
2009 01 30   86.37
2009 01 31   77.70
2009 02 01   42.19
2009 02 02   83.36
2009 02 03  141.81
2009 02 04  148.58
2009 02 05  130.29
2009 02 06  106.79
2009 02 07   90.01
2009 02 08   72.77
2009 02 09   79.82
2009 02 10   75.95
2009 02 11   62.84
2009 02 12   37.41
2009 02 13   47.04
2009 02 14   39.22
2009 02 15  125.49
2009 02 16  141.09
2009 02 17  101.75
2009 02 18   65.96
2009 02 19   50.64
2009 02 20  -41.25
2009 02 21  -47.59
2009 02 22   41.79
2009 02 23   96.46
2009 02 24  112.43
2009 02 25  103.22
2009 02 26   58.97
2009 02 27   41.44
2009 02 28   64.04
2009 03 01   37.35
2009 03 02   54.25
2009 03 03   67.27
2009 03 04   70.29
2009 03 05  103.93
2009 03 06   78.10
2009 03 07   -1.93
2009 03 08   14.72
2009 03 09   69.42
2009 03 10   57.59
2009 03 11   -5.33
2009 03 12   24.53
2009 03 13   37.80
2009 03 14   -2.00
2009 03 15  -57.62
2009 03 16  -43.15
2009 03 17  -41.71
2009 03 18  -65.76
2009 03 19  -90.32
2009 03 20 -104.40
2009 03 21 -100.62
2009 03 22  -98.49
2009 03 23 -124.06
2009 03 24 -140.15
2009 03 25 -108.16
2009 03 26 -108.16
2009 03 27 -128.19
2009 03 28  -86.84
2009 03 29    8.66
2009 03 30   67.69
2009 03 31   69.37
2009 04 01   70.18
2009 04 02   42.62
2009 04 03   -0.26
2009 04 04    0.68
2009 04 05   34.36
2009 04 06   56.34
2009 04 07   44.85
2009 04 08   47.34
2009 04 09   97.48
2009 04 10  105.15
2009 04 11   87.29
2009 04 12   51.46
2009 04 13   20.72
2009 04 14    7.62
2009 04 15  -32.52
2009 04 16  -89.60
2009 04 17 -108.88
2009 04 18 -105.46
2009 04 19  -69.04
2009 04 20  -45.31
2009 04 21  -31.02
2009 04 22  -42.90
2009 04 23  -28.08
2009 04 24   -1.04
2009 04 25   24.51
2009 04 26   37.67
2009 04 27    5.09
2009 04 28   -2.48
2009 04 29    9.31
2009 04 30    8.01
2009 05 01  -37.34
2009 05 02  -65.44
2009 05 03  -71.68
2009 05 04  -49.72
2009 05 05  -37.69
2009 05 06  -23.95
2009 05 07  -19.86
2009 05 08  -41.59
2009 05 09  -67.84
2009 05 10  -78.28
2009 05 11 -105.41
2009 05 12 -114.58
2009 05 13 -126.59
2009 05 14 -118.80
2009 05 15  -94.34
2009 05 16  -45.38
2009 05 17   13.25
2009 05 18   24.10
2009 05 19   12.01
2009 05 20  -24.43
2009 05 21  -46.57
2009 05 22  -61.95
2009 05 23  -95.22
2009 05 24 -130.27
2009 05 25 -126.03
2009 05 26 -118.88
2009 05 27  -98.67
2009 05 28  -68.81
2009 05 29  -35.49
2009 05 30  -65.39
2009 05 31 -113.34
2009 06 01 -128.06
2009 06 02 -115.61
2009 06 03 -106.72
2009 06 04 -100.49
2009 06 05  -68.06
2009 06 06  -28.60
2009 06 07   -5.79
2009 06 08  -11.28
2009 06 09  -44.77
2009 06 10  -78.87
2009 06 11  -94.27
2009 06 12  -72.92
2009 06 13  -47.02
2009 06 14  -29.97
2009 06 15  -19.02
2009 06 16   13.21
2009 06 17   30.00
2009 06 18   44.32
2009 06 19   51.68
2009 06 20   42.44
2009 06 21   49.93
2009 06 22   49.97
2009 06 23   40.72
2009 06 24   26.55
2009 06 25   14.07
2009 06 26   21.59
2009 06 27   10.77
2009 06 28   14.31
2009 06 29   19.16
2009 06 30    9.64
2009 07 01   -7.63
2009 07 02   -8.75
2009 07 03   22.42
2009 07 04   39.08
2009 07 05   21.03
2009 07 06   21.62
2009 07 07    9.39
2009 07 08   16.26
2009 07 09   28.00
2009 07 10   16.64
2009 07 11   23.19
2009 07 12   36.89
2009 07 13   55.43
2009 07 14   38.39
2009 07 15    5.44
2009 07 16   -1.53
2009 07 17   29.65
2009 07 18   63.03
2009 07 19   76.02
2009 07 20   93.30
2009 07 21   89.99
2009 07 22   77.44
2009 07 23   75.94
2009 07 24   72.79
2009 07 25   49.76
2009 07 26   42.17
2009 07 27   30.51
2009 07 28   22.44
2009 07 29   29.20
2009 07 30   43.99
2009 07 31   54.99
2009 08 01   37.95
2009 08 02   10.09
2009 08 03  -10.05
2009 08 04  -19.28
2009 08 05    0.76
2009 08 06   29.89
2009 08 07   30.02
2009 08 08    3.46
2009 08 09  -13.37
2009 08 10  -10.05
2009 08 11   -7.10
2009 08 12    4.15
2009 08 13   13.58
2009 08 14   15.32
2009 08 15   14.37
2009 08 16    7.18
2009 08 17    7.78
2009 08 18   10.77
2009 08 19   -0.04
2009 08 20    9.31
2009 08 21   30.34
2009 08 22   45.09
2009 08 23   53.42
2009 08 24   77.74
2009 08 25   67.24
2009 08 26   53.85
2009 08 27   52.65
2009 08 28   40.20
2009 08 29   16.33
2009 08 30    2.82
2009 08 31   13.19
2009 09 01   16.64
2009 09 02    1.19
2009 09 03  -37.22
2009 09 04  -71.30
2009 09 05  -57.94
2009 09 06  -23.42
2009 09 07   27.82
2009 09 08   65.35
2009 09 09   73.65
2009 09 10   79.78
2009 09 11  130.98
2009 09 12  133.25
2009 09 13   95.75
2009 09 14   42.81
2009 09 15   21.51
2009 09 16   16.03
2009 09 17   13.50
2009 09 18   -8.67
2009 09 19  -45.82
2009 09 20  -65.30
2009 09 21  -56.54
2009 09 22  -39.10
2009 09 23  -29.54
2009 09 24   -0.36
2009 09 25    3.78
2009 09 26    3.19
2009 09 27    1.97
2009 09 28   12.56
2009 09 29   31.89
2009 09 30   33.19
2009 10 01    8.20
2009 10 02  -11.00
2009 10 03  -38.04
2009 10 04  -53.98
2009 10 05  -62.01
2009 10 06  -81.59
2009 10 07  -86.52
2009 10 08  -87.38
2009 10 09  -87.98
2009 10 10  -37.84
2009 10 11   26.61
2009 10 12   24.63
2009 10 13  -21.52
2009 10 14  -55.21
2009 10 15  -59.50
2009 10 16  -47.50
2009 10 17  -34.97
2009 10 18  -59.41
2009 10 19  -98.38
2009 10 20 -102.95
2009 10 21  -81.32
2009 10 22  -55.24
2009 10 23  -24.14
2009 10 24  -17.38
2009 10 25    0.33
2009 10 26    5.32
2009 10 27  -36.02
2009 10 28  -37.84
2009 10 29  -32.67
2009 10 30  -24.81
2009 10 31    5.13
2009 11 01   26.84
2009 11 02   71.43
2009 11 03  139.78
2009 11 04  172.85
2009 11 05  153.63
2009 11 06   93.39
2009 11 07   56.17
2009 11 08   23.69
2009 11 09    6.31
2009 11 10   27.33
2009 11 11  107.62
2009 11 12  165.01
2009 11 13  194.25
2009 11 14  175.50
2009 11 15  106.25
2009 11 16   65.24
2009 11 17   88.59
2009 11 18   73.98
2009 11 19   87.51
2009 11 20  127.89
2009 11 21  142.28
2009 11 22  134.81
2009 11 23   95.86
2009 11 24   83.45
2009 11 25  104.59
2009 11 26  113.80
2009 11 27  107.27
2009 11 28   89.59
2009 11 29  111.68
2009 11 30  115.49
2009 12 01   82.28
2009 12 02   70.74
2009 12 03   24.01
2009 12 04  -95.64
2009 12 05 -137.44
2009 12 06 -162.72
2009 12 07 -213.92
2009 12 08 -202.04
2009 12 09 -221.40
2009 12 10 -236.99
2009 12 11 -251.18
2009 12 12 -251.82
2009 12 13 -240.72
2009 12 14 -220.90
2009 12 15 -174.57
2009 12 16 -118.24
2009 12 17  -59.21
2009 12 18  -23.56
2009 12 19  -56.18
2009 12 20  -54.61
2009 12 21  -42.43
2009 12 22  -45.55
2009 12 23  -63.71
2009 12 24 -112.35
2009 12 25 -138.55
2009 12 26 -125.45
2009 12 27 -110.20
2009 12 28 -101.49
2009 12 29 -106.65
2009 12 30 -121.79
2009 12 31 -161.70
2010 01 01 -194.15
2010 01 02 -222.08
2010 01 03 -256.09
2010 01 04 -246.77
2010 01 05 -226.37
2010 01 06 -191.11
2010 01 07 -147.61
2010 01 08  -94.27
2010 01 09  -81.55
2010 01 10  -82.04
2010 01 11  -21.78
2010 01 12   32.19
2010 01 13   50.06
2010 01 14   91.68
2010 01 15  106.61
2010 01 16   68.95
2010 01 17   45.35
2010 01 18   64.09
2010 01 19  100.54
2010 01 20  154.28
2010 01 21  158.15
2010 01 22   88.83
2010 01 23   29.95
2010 01 24  -28.68
2010 01 25  -34.44
2010 01 26  -63.12
2010 01 27  -74.89
2010 01 28  -49.68
2010 01 29  -43.14
2010 01 30  -63.06
2010 01 31  -96.24
2010 02 01 -123.13
2010 02 02 -153.92
2010 02 03 -170.32
2010 02 04 -147.74
2010 02 05  -96.85
2010 02 06  -61.46
2010 02 07  -39.03
2010 02 08   24.64
2010 02 09  108.28
2010 02 10  139.63
2010 02 11  142.69
2010 02 12  149.81
2010 02 13  124.81
2010 02 14  108.50
2010 02 15   92.74
2010 02 16   69.08
2010 02 17   52.48
2010 02 18   25.97
2010 02 19  -39.16
2010 02 20  -61.01
2010 02 21  -72.48
2010 02 22  -91.47
2010 02 23 -103.96
2010 02 24  -87.99
2010 02 25  -44.06
2010 02 26   32.45
2010 02 27  123.65
2010 02 28  184.50
2010 03 01  208.33
2010 03 02  240.18
2010 03 03  237.16
2010 03 04  243.42
2010 03 05  267.85
2010 03 06  258.97
2010 03 07  274.57
2010 03 08  303.56
2010 03 09  309.00
2010 03 10  268.17
2010 03 11  240.11
2010 03 12  242.65
2010 03 13  199.05
2010 03 14  158.07
2010 03 15  138.85
2010 03 16   71.45
2010 03 17   52.71
2010 03 18   96.19
2010 03 19  121.56
2010 03 20  115.09
2010 03 21   30.99
2010 03 22  -19.21
2010 03 23   -4.06
2010 03 24   78.83
2010 03 25   93.16
2010 03 26   58.85
2010 03 27  133.88
2010 03 28  179.51
2010 03 29  187.48
2010 03 30  166.28
2010 03 31  205.99
2010 04 01  228.93
2010 04 02  231.22
2010 04 03  226.55
2010 04 04  194.10
2010 04 05  162.47
2010 04 06  131.33
2010 04 07  109.29
2010 04 08   61.69
2010 04 09   44.83
2010 04 10   87.57
2010 04 11  124.06
2010 04 12  154.93
2010 04 13  135.18
2010 04 14   88.70
2010 04 15  108.81
2010 04 16  152.70
2010 04 17  161.34
2010 04 18   97.71
2010 04 19   69.38
2010 04 20  100.13
2010 04 21  102.09
2010 04 22   88.93
2010 04 23   76.46
2010 04 24   51.09
2010 04 25   52.26
2010 04 26   51.06
2010 04 27   31.71
2010 04 28   21.61
2010 04 29   12.80
2010 04 30   20.47
2010 05 01   26.61
2010 05 02   19.44
2010 05 03  -47.41
2010 05 04 -125.73
2010 05 05 -170.47
2010 05 06 -198.14
2010 05 07 -211.38
2010 05 08 -233.94
2010 05 09 -207.60
2010 05 10 -128.91
2010 05 11  -40.27
2010 05 12   -2.26
2010 05 13   17.76
2010 05 14   45.42
2010 05 15   87.49
2010 05 16   75.48
2010 05 17   27.96
2010 05 18  -22.02
2010 05 19  -54.99
2010 05 20  -76.51
2010 05 21  -94.76
2010 05 22  -87.71
2010 05 23  -53.16
2010 05 24  -79.81
2010 05 25 -111.34
2010 05 26  -93.84
2010 05 27  -76.16
2010 05 28  -97.21
2010 05 29 -103.29
2010 05 30  -90.98
2010 05 31  -59.24
2010 06 01  -15.88
2010 06 02   18.49
2010 06 03   45.30
2010 06 04   45.25
2010 06 05   31.53
2010 06 06   -6.00
2010 06 07  -23.96
2010 06 08  -43.21
2010 06 09  -33.36
2010 06 10    1.74
2010 06 11   45.46
2010 06 12   83.63
2010 06 13   97.16
2010 06 14   88.47
2010 06 15   92.41
2010 06 16   98.04
2010 06 17  100.22
2010 06 18   77.01
2010 06 19   56.51
2010 06 20   50.60
2010 06 21   52.25
2010 06 22   35.86
2010 06 23   26.42
2010 06 24   27.19
2010 06 25   32.07
2010 06 26   14.37
2010 06 27   -7.66
2010 06 28   -2.60
2010 06 29   19.71
2010 06 30   25.25
2010 07 01   20.65
2010 07 02   14.16
2010 07 03   17.89
2010 07 04   -8.96
2010 07 05   -7.55
2010 07 06    6.17
2010 07 07    8.05
2010 07 08   -6.04
2010 07 09   10.11
2010 07 10   32.80
2010 07 11   31.04
2010 07 12    3.96
2010 07 13    4.83
2010 07 14    9.98
2010 07 15    9.21
2010 07 16  -11.26
2010 07 17  -27.01
2010 07 18  -24.04
2010 07 19  -17.41
2010 07 20  -22.91
2010 07 21  -39.08
2010 07 22  -42.68
2010 07 23  -37.48
2010 07 24  -24.36
2010 07 25  -13.09
2010 07 26    6.36
2010 07 27   -1.01
2010 07 28  -10.76
2010 07 29  -20.93
2010 07 30  -52.38
2010 07 31  -54.94
2010 08 01  -57.55
2010 08 02  -51.08
2010 08 03  -32.68
2010 08 04   10.08
2010 08 05   54.58
2010 08 06   67.76
2010 08 07   75.39
2010 08 08  102.33
2010 08 09  109.18
2010 08 10   85.85
2010 08 11   56.40
2010 08 12   33.56
2010 08 13   34.45
2010 08 14   45.39
2010 08 15   69.43
2010 08 16   76.97
2010 08 17   57.94
2010 08 18   35.07
2010 08 19    2.30
2010 08 20  -24.58
2010 08 21  -28.22
2010 08 22  -20.88
2010 08 23  -26.95
2010 08 24  -41.39
2010 08 25  -19.50
2010 08 26   23.30
2010 08 27   24.69
2010 08 28   -5.96
2010 08 29  -32.68
2010 08 30  -36.51
2010 08 31  -15.01
2010 09 01    4.96
2010 09 02   17.89
2010 09 03   25.98
2010 09 04   37.17
2010 09 05   21.10
2010 09 06    6.30
2010 09 07   -1.61
2010 09 08   -7.43
2010 09 09   -7.08
2010 09 10  -18.83
2010 09 11  -42.65
2010 09 12  -49.72
2010 09 13  -40.96
2010 09 14  -46.39
2010 09 15  -57.87
2010 09 16  -88.57
2010 09 17 -113.07
2010 09 18  -85.53
2010 09 19  -30.02
2010 09 20    0.49
2010 09 21    9.66
2010 09 22   45.98
2010 09 23   59.77
2010 09 24   26.71
2010 09 25   31.53
2010 09 26   23.09
2010 09 27   90.16
2010 09 28  107.27
2010 09 29   59.82
2010 09 30   60.35
2010 10 01   80.42
2010 10 02   95.53
2010 10 03   73.91
2010 10 04   58.13
2010 10 05   49.04
2010 10 06   36.70
2010 10 07   21.60
2010 10 08    7.61
2010 10 09    6.39
2010 10 10   -1.41
2010 10 11  -38.33
2010 10 12  -37.76
2010 10 13  -29.01
2010 10 14  -15.11
2010 10 15    0.66
2010 10 16   37.85
2010 10 17   53.32
2010 10 18   48.14
2010 10 19   40.14
2010 10 20   50.27
2010 10 21   40.78
2010 10 22   32.09
2010 10 23   38.19
2010 10 24   48.86
2010 10 25   77.81
2010 10 26   93.83
2010 10 27  122.80
2010 10 28  185.33
2010 10 29  218.75
2010 10 30  228.36
2010 10 31  167.72
2010 11 01   84.81
2010 11 02   33.77
2010 11 03   34.35
2010 11 04  104.09
2010 11 05  111.23
2010 11 06   79.79
2010 11 07   51.26
2010 11 08   41.98
2010 11 09   -5.12
2010 11 10  -41.92
2010 11 11  -35.95
2010 11 12  -35.54
2010 11 13  -33.29
2010 11 14  -54.20
2010 11 15 -100.50
2010 11 16 -148.00
2010 11 17 -205.67
2010 11 18 -243.99
2010 11 19 -249.67
2010 11 20 -216.04
2010 11 21 -182.71
2010 11 22 -187.02
2010 11 23 -182.90
2010 11 24  -95.39
2010 11 25  -51.16
2010 11 26  -78.46
2010 11 27 -101.64
2010 11 28  -91.52
2010 11 29  -62.95
2010 11 30  -34.12
2010 12 01   -5.00
2010 12 02   23.75
2010 12 03   -3.48
2010 12 04  -62.78
2010 12 05 -130.58
2010 12 06 -195.86
2010 12 07 -252.52
2010 12 08 -299.38
2010 12 09 -328.81
2010 12 10 -326.07
2010 12 11 -308.09
2010 12 12 -266.50
2010 12 13 -217.49
2010 12 14 -150.09
2010 12 15 -157.01
2010 12 16 -190.20
2010 12 17 -182.76
2010 12 18 -174.67
2010 12 19 -126.24
2010 12 20 -117.48
2010 12 21 -130.53
2010 12 22 -175.54
2010 12 23 -233.64
2010 12 24 -265.96
2010 12 25 -202.00
2010 12 26 -139.24
2010 12 27  -93.76
2010 12 28  -63.73
2010 12 29  -79.25
2010 12 30  -57.00
2010 12 31  -23.52
2011 01 01   20.80
2011 01 02   92.01
2011 01 03  143.35
2011 01 04  168.48
2011 01 05  133.55
2011 01 06   73.10
2011 01 07    4.10
2011 01 08  -71.53
2011 01 09 -161.75
2011 01 10 -245.09
2011 01 11 -296.37
2011 01 12 -317.03
2011 01 13 -344.04
2011 01 14 -315.71
2011 01 15 -232.21
2011 01 16 -162.74
2011 01 17 -155.86
2011 01 18 -163.26
2011 01 19 -133.74
2011 01 20  -90.56
2011 01 21  -59.31
2011 01 22  -23.41
2011 01 23    6.71
2011 01 24   65.73
2011 01 25   81.13
2011 01 26   66.35
2011 01 27   34.81
2011 01 28   18.83
2011 01 29   40.59
2011 01 30   57.60
2011 01 31   44.48
2011 02 01   47.23
2011 02 02   45.36
2011 02 03   28.44
2011 02 04   -1.04
2011 02 05  -37.36
2011 02 06  -59.04
2011 02 07 -114.67
2011 02 08  -86.32
2011 02 09  -43.70
2011 02 10  -48.24
2011 02 11   -7.17
2011 02 12   20.64
2011 02 13   -7.34
2011 02 14   10.91
2011 02 15   89.40
2011 02 16   99.62
2011 02 17   90.28
2011 02 18   81.29
2011 02 19   43.93
2011 02 20   18.86
2011 02 21  -35.86
2011 02 22  -80.60
2011 02 23  -92.71
2011 02 24  -86.93
2011 02 25 -159.38
2011 02 26 -236.23
2011 02 27 -211.26
2011 02 28 -176.90
2011 03 01 -164.85
2011 03 02 -178.11
2011 03 03 -192.72
2011 03 04 -164.94
2011 03 05 -115.75
2011 03 06  -47.96
2011 03 07  -19.00
2011 03 08  -44.66
2011 03 09  -32.13
2011 03 10    8.31
2011 03 11   39.11
2011 03 12   34.09
2011 03 13    8.93
2011 03 14   17.47
2011 03 15   47.58
2011 03 16   52.80
2011 03 17   21.37
2011 03 18   71.74
2011 03 19  100.51
2011 03 20  143.89
2011 03 21  192.81
2011 03 22  189.46
2011 03 23  147.84
2011 03 24  111.28
2011 03 25   88.69
2011 03 26   69.32
2011 03 27   60.75
2011 03 28   51.86
2011 03 29   42.45
2011 03 30   63.14
2011 03 31   56.42
2011 04 01   30.50
2011 04 02   45.36
2011 04 03   81.13
2011 04 04   89.39
2011 04 05   56.07
2011 04 06   35.29
2011 04 07  131.15
2011 04 08  138.14
2011 04 09   95.51
2011 04 10   46.70
2011 04 11  -17.45
2011 04 12  -79.21
2011 04 13 -126.61
2011 04 14 -155.33
2011 04 15 -178.69
2011 04 16 -225.62
2011 04 17 -257.66
2011 04 18 -225.84
2011 04 19 -174.68
2011 04 20 -139.24
2011 04 21  -80.30
2011 04 22  -29.39
2011 04 23   -9.09
2011 04 24    9.33
2011 04 25   25.48
2011 04 26   53.57
2011 04 27   75.33
2011 04 28   51.87
2011 04 29   19.47
2011 04 30   17.17
2011 05 01   14.83
2011 05 02   20.31
2011 05 03   58.29
2011 05 04   72.43
2011 05 05   76.83
2011 05 06   81.08
2011 05 07   63.69
2011 05 08   38.34
2011 05 09   -2.57
2011 05 10  -29.62
2011 05 11  -32.15
2011 05 12   -5.00
2011 05 13   -4.22
2011 05 14   60.28
2011 05 15  130.00
2011 05 16  137.78
2011 05 17  102.06
2011 05 18   83.38
2011 05 19   98.70
2011 05 20   96.90
2011 05 21   98.78
2011 05 22   98.49
2011 05 23  109.51
2011 05 24  106.35
2011 05 25   93.15
2011 05 26   58.70
2011 05 27   -8.52
2011 05 28  -45.43
2011 05 29  -88.44
2011 05 30 -100.72
2011 05 31  -36.56
2011 06 01   37.90
2011 06 02   78.31
2011 06 03   96.44
2011 06 04   80.84
2011 06 05   22.58
2011 06 06  -15.30
2011 06 07  -12.89
2011 06 08   -7.54
2011 06 09   10.10
2011 06 10   30.83
2011 06 11   48.98
2011 06 12   54.72
2011 06 13   52.10
2011 06 14   56.33
2011 06 15   71.10
2011 06 16   76.80
2011 06 17   64.57
2011 06 18   56.23
2011 06 19   41.63
2011 06 20   28.54
2011 06 21    2.07
2011 06 22    1.86
2011 06 23   23.66
2011 06 24   35.80
2011 06 25   51.71
2011 06 26   62.96
2011 06 27   62.66
2011 06 28   52.48
2011 06 29   33.55
2011 06 30   18.57
2011 07 01   -0.32
2011 07 02   10.83
2011 07 03   16.16
2011 07 04   21.64
2011 07 05   23.26
2011 07 06   26.86
2011 07 07   46.02
2011 07 08   48.86
2011 07 09   33.56
2011 07 10   19.07
2011 07 11    6.59
2011 07 12    3.33
2011 07 13    9.57
2011 07 14    6.33
2011 07 15    9.90
2011 07 16   14.84
2011 07 17    7.66
2011 07 18   -3.18
2011 07 19   -8.19
2011 07 20  -18.51
2011 07 21   -8.30
2011 07 22   14.02
2011 07 23   33.17
2011 07 24   23.47
2011 07 25   14.98
2011 07 26    1.79
2011 07 27  -38.18
2011 07 28  -64.44
2011 07 29  -74.03
2011 07 30  -68.96
2011 07 31  -46.62
2011 08 01  -30.07
2011 08 02  -16.98
2011 08 03   -1.10
2011 08 04   26.33
2011 08 05   21.47
2011 08 06   13.92
2011 08 07   11.28
2011 08 08   14.58
2011 08 09    7.99
2011 08 10  -11.81
2011 08 11  -26.13
2011 08 12  -46.80
2011 08 13  -46.62
2011 08 14  -27.29
2011 08 15   -6.89
2011 08 16    5.81
2011 08 17   23.61
2011 08 18   48.01
2011 08 19   66.33
2011 08 20   77.20
2011 08 21   87.05
2011 08 22   88.86
2011 08 23   93.63
2011 08 24   95.96
2011 08 25   96.91
2011 08 26  118.36
2011 08 27  107.33
2011 08 28   85.82
2011 08 29   60.12
2011 08 30   35.90
2011 08 31    4.80
2011 09 01  -36.00
2011 09 02  -36.29
2011 09 03  -14.61
2011 09 04   24.45
2011 09 05   32.67
2011 09 06    9.04
2011 09 07  -13.15
2011 09 08  -46.33
2011 09 09  -21.49
2011 09 10   31.31
2011 09 11   51.46
2011 09 12   64.22
2011 09 13   85.29
2011 09 14   86.53
2011 09 15  100.34
2011 09 16   99.25
2011 09 17  103.64
2011 09 18  106.79
2011 09 19   99.14
2011 09 20  132.75
2011 09 21  146.96
2011 09 22  108.09
2011 09 23   81.25
2011 09 24   88.16
2011 09 25   78.61
2011 09 26   65.28
2011 09 27   66.58
2011 09 28   62.69
2011 09 29  100.09
2011 09 30   96.21
2011 10 01   95.14
2011 10 02  127.71
2011 10 03  135.33
2011 10 04  102.28
2011 10 05  100.19
2011 10 06   94.63
2011 10 07   55.67
2011 10 08   65.44
2011 10 09   68.71
2011 10 10   20.24
2011 10 11  -11.06
2011 10 12  -19.74
2011 10 13    1.09
2011 10 14   43.28
2011 10 15   19.92
2011 10 16  -26.39
2011 10 17  -12.82
2011 10 18   21.86
2011 10 19   84.52
2011 10 20   70.56
2011 10 21   35.56
2011 10 22   37.31
2011 10 23   52.37
2011 10 24   64.74
2011 10 25   80.11
2011 10 26   77.49
2011 10 27  102.14
2011 10 28  123.10
2011 10 29   99.36
2011 10 30   62.05
2011 10 31   19.36
2011 11 01   -9.88
2011 11 02  -20.80
2011 11 03   32.29
2011 11 04   72.63
2011 11 05   66.56
2011 11 06  104.16
2011 11 07  110.05
2011 11 08   93.39
2011 11 09  105.33
2011 11 10   71.35
2011 11 11   73.59
2011 11 12  125.53
2011 11 13   72.61
2011 11 14   11.12
2011 11 15  -32.81
2011 11 16  -75.01
2011 11 17  -90.70
2011 11 18  -52.97
2011 11 19   -8.44
2011 11 20   41.12
2011 11 21   24.62
2011 11 22   70.39
2011 11 23  106.88
2011 11 24   75.26
2011 11 25   35.72
2011 11 26   75.17
2011 11 27  126.33
2011 11 28   96.41
2011 11 29   60.83
2011 11 30   37.31
2011 12 01   54.96
2011 12 02   30.76
2011 12 03   -5.28
2011 12 04   20.95
2011 12 05   24.14
2011 12 06  -51.78
2011 12 07  -45.87
2011 12 08    2.28
2011 12 09   36.38
2011 12 10   94.06
2011 12 11  134.78
2011 12 12  132.98
2011 12 13   72.35
2011 12 14   14.55
2011 12 15   15.52
2011 12 16   37.46
2011 12 17   54.56
2011 12 18   52.25
2011 12 19   49.49
2011 12 20   48.17
2011 12 21   26.79
2011 12 22   19.10
2011 12 23    6.21
2011 12 24  -23.25
2011 12 25    7.61
2011 12 26   29.81
2011 12 27   69.92
2011 12 28   97.90
2011 12 29  108.43
2011 12 30  102.02
2011 12 31   82.30
2012 01 01   64.66
2012 01 02   62.12
2012 01 03   40.93
2012 01 04   82.62
2012 01 05  124.23
2012 01 06  146.22
2012 01 07  148.26
2012 01 08  142.51
2012 01 09  111.88
2012 01 10  106.69
2012 01 11   80.11
2012 01 12   51.01
2012 01 13    2.01
2012 01 14  -95.74
2012 01 15 -207.81
2012 01 16 -284.11
2012 01 17 -310.92
2012 01 18 -305.49
2012 01 19 -306.64
2012 01 20 -249.45
2012 01 21 -161.93
2012 01 22  -87.26
2012 01 23  -92.96
2012 01 24  -65.13
2012 01 25   -8.60
2012 01 26  -31.75
2012 01 27  -56.61
2012 01 28  -20.96
2012 01 29   52.05
2012 01 30  119.44
2012 01 31  138.57
2012 02 01  145.68
2012 02 02  150.17
2012 02 03  164.24
2012 02 04  157.59
2012 02 05   79.14
2012 02 06   47.53
2012 02 07   31.24
2012 02 08   44.82
2012 02 09   81.03
2012 02 10  111.63
2012 02 11  104.64
2012 02 12  100.97
2012 02 13   75.54
2012 02 14   35.62
2012 02 15   30.23
2012 02 16   59.94
2012 02 17   74.47
2012 02 18   85.84
2012 02 19   72.97
2012 02 20   84.32
2012 02 21  116.47
2012 02 22   84.36
2012 02 23   43.19
2012 02 24   16.37
2012 02 25   56.33
2012 02 26   67.77
2012 02 27   38.13
2012 02 28   57.72
2012 02 29   65.44
2012 03 01   90.44
2012 03 02  101.55
2012 03 03   84.06
2012 03 04   55.28
2012 03 05   89.61
2012 03 06  124.34
2012 03 07  105.48
2012 03 08  158.37
2012 03 09  190.21
2012 03 10  143.35
2012 03 11  100.37
2012 03 12  103.85
2012 03 13  155.19
2012 03 14  153.71
2012 03 15  115.36
2012 03 16   93.09
2012 03 17   72.65
2012 03 18   64.07
2012 03 19   15.45
2012 03 20   10.98
2012 03 21   40.98
2012 03 22   60.39
2012 03 23   87.46
2012 03 24  100.23
2012 03 25  115.78
2012 03 26  129.11
2012 03 27  128.59
2012 03 28  119.23
2012 03 29  100.80
2012 03 30   96.37
2012 03 31   67.26
2012 04 01   45.57
2012 04 02   59.02
2012 04 03   65.69
2012 04 04   13.86
2012 04 05   18.48
2012 04 06   35.67
2012 04 07   27.86
2012 04 08   54.49
2012 04 09   56.97
2012 04 10   45.39
2012 04 11  -24.91
2012 04 12  -98.15
2012 04 13 -114.27
2012 04 14 -110.35
2012 04 15  -97.21
2012 04 16  -93.75
2012 04 17  -97.28
2012 04 18 -104.37
2012 04 19 -105.29
2012 04 20  -99.23
2012 04 21  -77.00
2012 04 22  -47.52
2012 04 23  -30.18
2012 04 24  -43.92
2012 04 25  -81.55
2012 04 26  -96.38
2012 04 27 -142.30
2012 04 28 -114.38
2012 04 29  -66.25
2012 04 30  -47.66
2012 05 01   -5.60
2012 05 02    7.17
2012 05 03    4.44
2012 05 04  -13.01
2012 05 05  -41.70
2012 05 06  -51.94
2012 05 07  -48.78
2012 05 08  -26.40
2012 05 09  -17.39
2012 05 10  -26.22
2012 05 11  -21.62
2012 05 12   -7.16
2012 05 13   20.13
2012 05 14   14.86
2012 05 15   -3.38
2012 05 16    4.91
2012 05 17   11.65
2012 05 18    6.25
2012 05 19   -2.26
2012 05 20   -1.48
2012 05 21   23.76
2012 05 22   36.90
2012 05 23  -10.16
2012 05 24  -42.46
2012 05 25  -31.44
2012 05 26   -9.39
2012 05 27   27.23
2012 05 28   70.55
2012 05 29   83.34
2012 05 30   81.94
2012 05 31   79.33
2012 06 01   72.56
2012 06 02   76.98
2012 06 03   67.06
2012 06 04   62.31
2012 06 05   43.80
2012 06 06  -14.56
2012 06 07  -56.43
2012 06 08  -73.50
2012 06 09  -61.09
2012 06 10  -46.23
2012 06 11  -37.78
2012 06 12  -36.16
2012 06 13  -55.31
2012 06 14  -66.63
2012 06 15  -43.96
2012 06 16   -3.49
2012 06 17   15.21
2012 06 18   -2.39
2012 06 19  -22.47
2012 06 20  -40.34
2012 06 21  -38.50
2012 06 22  -36.97
2012 06 23  -49.60
2012 06 24  -22.97
2012 06 25   -1.00
2012 06 26   17.52
2012 06 27   47.72
2012 06 28   36.22
2012 06 29   30.22
2012 06 30   37.56
2012 07 01   34.81
2012 07 02   34.12
2012 07 03   44.46
2012 07 04   36.71
2012 07 05   20.43
2012 07 06    4.11
2012 07 07  -15.61
2012 07 08  -15.46
2012 07 09    5.88
2012 07 10   20.66
2012 07 11   19.10
2012 07 12    2.39
2012 07 13  -12.68
2012 07 14  -17.09
2012 07 15  -17.23
2012 07 16  -49.90
2012 07 17  -74.36
2012 07 18  -95.92
2012 07 19  -90.80
2012 07 20  -54.07
2012 07 21  -31.02
2012 07 22  -23.85
2012 07 23    0.61
2012 07 24   33.92
2012 07 25   30.78
2012 07 26   22.31
2012 07 27   27.85
2012 07 28   39.69
2012 07 29   36.16
2012 07 30   40.23
2012 07 31   66.41
2012 08 01   69.32
2012 08 02   42.83
2012 08 03   -3.62
2012 08 04  -31.97
2012 08 05  -50.52
2012 08 06  -48.35
2012 08 07  -39.30
2012 08 08  -30.73
2012 08 09  -28.95
2012 08 10  -31.49
2012 08 11  -27.96
2012 08 12  -36.44
2012 08 13  -34.26
2012 08 14  -13.04
2012 08 15    1.09
2012 08 16   19.09
2012 08 17   41.20
2012 08 18   40.13
2012 08 19   35.05
2012 08 20   18.62
2012 08 21   -1.14
2012 08 22  -15.72
2012 08 23  -12.40
2012 08 24  -11.07
2012 08 25  -26.79
2012 08 26  -32.83
2012 08 27  -35.86
2012 08 28  -25.46
2012 08 29  -10.39
2012 08 30  -18.48
2012 08 31  -10.81
2012 09 01   25.74
2012 09 02   62.03
2012 09 03   86.05
2012 09 04   82.79
2012 09 05   67.40
2012 09 06   25.01
2012 09 07  -23.85
2012 09 08  -29.89
2012 09 09  -12.84
2012 09 10   -1.78
2012 09 11   -3.87
2012 09 12   -1.75
2012 09 13    5.15
2012 09 14   10.56
2012 09 15   15.71
2012 09 16   74.64
2012 09 17   97.28
2012 09 18   53.68
2012 09 19   27.46
2012 09 20   10.54
2012 09 21    6.85
2012 09 22   14.70
2012 09 23   44.49
2012 09 24   55.07
2012 09 25   48.35
2012 09 26   33.51
2012 09 27   33.19
2012 09 28   22.73
2012 09 29   20.85
2012 09 30   24.40
2012 10 01   29.97
2012 10 02   27.00
2012 10 03    6.81
2012 10 04   -7.90
2012 10 05  -26.26
2012 10 06  -55.60
2012 10 07 -132.30
2012 10 08 -214.20
2012 10 09 -238.65
2012 10 10 -220.62
2012 10 11 -188.13
2012 10 12 -152.80
2012 10 13 -113.09
2012 10 14  -56.99
2012 10 15  -39.25
2012 10 16  -57.31
2012 10 17 -117.10
2012 10 18 -143.40
2012 10 19 -107.76
2012 10 20  -75.40
2012 10 21  -71.00
2012 10 22  -86.06
2012 10 23 -136.06
2012 10 24 -211.64
2012 10 25 -252.35
2012 10 26 -268.32
2012 10 27 -265.48
2012 10 28 -272.25
2012 10 29 -285.86
2012 10 30 -258.77
2012 10 31 -229.92
2012 11 01 -199.35
2012 11 02 -197.84
2012 11 03 -195.49
2012 11 04 -169.00
2012 11 05 -163.32
2012 11 06 -174.82
2012 11 07 -184.60
2012 11 08 -168.41
2012 11 09 -115.67
2012 11 10  -99.45
2012 11 11 -109.83
2012 11 12 -134.94
2012 11 13  -97.83
2012 11 14  -59.37
2012 11 15  -88.15
2012 11 16  -60.92
2012 11 17  -17.50
2012 11 18  -46.86
2012 11 19 -103.98
2012 11 20 -123.78
2012 11 21 -157.13
2012 11 22 -167.53
2012 11 23 -147.49
2012 11 24 -135.03
2012 11 25 -136.19
2012 11 26 -137.38
2012 11 27 -136.14
2012 11 28 -196.21
2012 11 29 -228.70
2012 11 30 -236.40
2012 12 01 -240.66
2012 12 02 -208.44
2012 12 03 -155.05
2012 12 04 -148.25
2012 12 05 -162.46
2012 12 06 -181.03
2012 12 07 -215.53
2012 12 08 -219.92
2012 12 09 -152.64
2012 12 10 -103.64
2012 12 11  -39.72
2012 12 12   46.23
2012 12 13   94.02
2012 12 14  129.06
2012 12 15  156.66
2012 12 16  167.00
2012 12 17  147.50
2012 12 18  100.40
2012 12 19  -19.70
2012 12 20  -80.17
2012 12 21  -54.09
2012 12 22   -0.51
2012 12 23  -28.62
2012 12 24   -7.66
2012 12 25   37.15
2012 12 26   59.27
2012 12 27   48.90
2012 12 28    6.00
2012 12 29    9.02
2012 12 30   33.65
2012 12 31   53.42
2013 01 01  131.47
2013 01 02  158.81
2013 01 03  124.83
2013 01 04  107.76
2013 01 05  122.56
2013 01 06  131.60
2013 01 07  122.45
2013 01 08   84.82
2013 01 09   63.13
2013 01 10   59.22
2013 01 11   32.50
2013 01 12    6.74
2013 01 13    9.26
2013 01 14   16.30
2013 01 15   -0.44
2013 01 16  -45.60
2013 01 17 -100.97
2013 01 18 -136.21
2013 01 19 -129.96
2013 01 20 -100.20
2013 01 21  -78.39
2013 01 22  -70.92
2013 01 23  -50.79
2013 01 24  -61.20
2013 01 25  -89.46
2013 01 26 -104.01
2013 01 27 -161.11
2013 01 28 -175.84
2013 01 29 -120.08
2013 01 30  -81.51
2013 01 31  -56.97
2013 02 01  -52.61
2013 02 02   -5.23
2013 02 03   31.32
2013 02 04   51.82
2013 02 05   40.15
2013 02 06   28.71
2013 02 07   76.77
2013 02 08   89.98
2013 02 09  103.78
2013 02 10  148.67
2013 02 11  136.49
2013 02 12   96.93
2013 02 13   55.38
2013 02 14   25.54
2013 02 15   -2.55
2013 02 16  -24.56
2013 02 17  -25.92
2013 02 18   -3.80
2013 02 19   71.51
2013 02 20  123.03
2013 02 21  123.73
2013 02 22  138.06
2013 02 23  149.51
2013 02 24  128.56
2013 02 25  116.49
2013 02 26  137.99
2013 02 27  171.88
2013 02 28  169.00
2013 03 01  154.13
2013 03 02  110.17
2013 03 03   81.44
2013 03 04   97.89
2013 03 05  117.68
2013 03 06  106.98
2013 03 07  108.47
2013 03 08   71.05
2013 03 09   -1.92
2013 03 10  -71.50
2013 03 11 -122.05
2013 03 12 -135.75
2013 03 13  -83.18
2013 03 14  -28.53
2013 03 15   68.00
2013 03 16   91.60
2013 03 17   18.17
2013 03 18  -72.56
2013 03 19 -123.19
2013 03 20  -87.84
2013 03 21  -43.43
2013 03 22   -4.31
2013 03 23  -23.05
2013 03 24  -52.21
2013 03 25  -33.42
2013 03 26  -11.99
2013 03 27   11.68
2013 03 28   22.62
2013 03 29   19.91
2013 03 30   21.92
2013 03 31   34.46
2013 04 01   37.57
2013 04 02    5.46
2013 04 03  -60.60
2013 04 04 -131.38
2013 04 05 -139.32
2013 04 06 -123.36
2013 04 07 -117.89
2013 04 08 -117.23
2013 04 09  -79.68
2013 04 10  -57.81
2013 04 11  -74.32
2013 04 12  -96.78
2013 04 13 -116.89
2013 04 14 -179.35
2013 04 15 -265.30
2013 04 16 -264.00
2013 04 17 -205.24
2013 04 18 -143.76
2013 04 19 -137.85
2013 04 20 -154.02
2013 04 21 -143.47
2013 04 22 -172.50
2013 04 23 -189.85
2013 04 24 -212.98
2013 04 25 -237.79
2013 04 26 -240.34
2013 04 27 -246.60
2013 04 28 -264.38
2013 04 29 -265.79
2013 04 30 -249.56
2013 05 01 -175.52
2013 05 02  -91.53
2013 05 03  -36.49
2013 05 04  -36.91
2013 05 05  -64.08
2013 05 06  -80.99
2013 05 07  -82.77
2013 05 08 -119.69
2013 05 09 -161.02
2013 05 10 -175.79
2013 05 11 -133.74
2013 05 12  -49.06
2013 05 13    0.82
2013 05 14   30.22
2013 05 15   60.11
2013 05 16   77.27
2013 05 17   67.85
2013 05 18   39.86
2013 05 19   24.04
2013 05 20   20.15
2013 05 21    6.92
2013 05 22   -7.40
2013 05 23  -31.93
2013 05 24  -36.13
2013 05 25  -10.73
2013 05 26   -1.15
2013 05 27  -27.84
2013 05 28  -31.20
2013 05 29  -51.69
2013 05 30  -74.70
2013 05 31 -119.25
2013 06 01 -145.16
2013 06 02 -113.53
2013 06 03  -55.70
2013 06 04  -24.66
2013 06 05   -7.63
2013 06 06    8.35
2013 06 07    9.95
2013 06 08  -19.09
2013 06 09  -62.55
2013 06 10  -81.44
2013 06 11  -77.76
2013 06 12  -45.40
2013 06 13  -29.17
2013 06 14  -27.73
2013 06 15  -27.51
2013 06 16  -51.09
2013 06 17  -71.87
2013 06 18  -56.65
2013 06 19  -31.98
2013 06 20   11.66
2013 06 21   82.11
2013 06 22  128.13
2013 06 23  118.93
2013 06 24   56.43
2013 06 25   -0.29
2013 06 26  -28.94
2013 06 27  -40.34
2013 06 28  -37.34
2013 06 29  -11.90
2013 06 30   62.77
2013 07 01   93.64
2013 07 02   98.99
2013 07 03   64.24
2013 07 04   47.25
2013 07 05   27.63
2013 07 06   14.52
2013 07 07   22.06
2013 07 08   20.83
2013 07 09  -15.77
2013 07 10  -22.05
2013 07 11   -1.23
2013 07 12    4.98
2013 07 13   -4.16
2013 07 14  -18.01
2013 07 15  -45.62
2013 07 16  -74.41
2013 07 17  -95.07
2013 07 18 -114.04
2013 07 19 -129.59
2013 07 20 -137.01
2013 07 21 -130.81
2013 07 22 -136.54
2013 07 23 -147.01
2013 07 24 -132.76
2013 07 25 -105.32
2013 07 26  -84.72
2013 07 27  -72.92
2013 07 28  -69.55
2013 07 29  -67.85
2013 07 30  -63.74
2013 07 31  -46.31
2013 08 01  -12.99
2013 08 02   24.28
2013 08 03   55.59
2013 08 04   71.25
2013 08 05   54.96
2013 08 06   15.30
2013 08 07   16.31
2013 08 08   31.97
2013 08 09   36.52
2013 08 10   36.81
2013 08 11   16.34
2013 08 12   10.14
2013 08 13   32.58
2013 08 14   26.87
2013 08 15   23.56
2013 08 16   19.55
2013 08 17   -6.71
2013 08 18  -25.51
2013 08 19  -38.99
2013 08 20  -39.28
2013 08 21  -41.78
2013 08 22  -51.33
2013 08 23  -65.80
2013 08 24  -55.16
2013 08 25  -23.06
2013 08 26    4.32
2013 08 27    4.15
2013 08 28    1.16
2013 08 29   12.81
2013 08 30   14.04
2013 08 31    5.90
2013 09 01   26.28
2013 09 02   40.99
2013 09 03   58.41
2013 09 04   77.14
2013 09 05   73.61
2013 09 06   69.40
2013 09 07   92.81
2013 09 08   77.65
2013 09 09   51.72
2013 09 10   32.41
2013 09 11   41.70
2013 09 12   32.50
2013 09 13  -10.25
2013 09 14  -57.79
2013 09 15  -73.25
2013 09 16  -70.71
2013 09 17  -28.46
2013 09 18   -1.23
2013 09 19    8.60
2013 09 20   46.84
2013 09 21   72.20
2013 09 22   47.71
2013 09 23   30.74
2013 09 24   48.48
2013 09 25   73.78
2013 09 26   71.64
2013 09 27   59.60
2013 09 28   23.25
2013 09 29   10.96
2013 09 30    8.79
2013 10 01    8.56
2013 10 02   -8.04
2013 10 03  -43.10
2013 10 04  -21.54
2013 10 05   33.66
2013 10 06   48.61
2013 10 07   27.96
2013 10 08   80.74
2013 10 09  108.51
2013 10 10   84.65
2013 10 11   47.36
2013 10 12    9.14
2013 10 13   12.23
2013 10 14   34.20
2013 10 15    3.08
2013 10 16  -51.84
2013 10 17  -36.05
2013 10 18   25.40
2013 10 19   25.38
2013 10 20    6.45
2013 10 21  -11.46
2013 10 22  -38.06
2013 10 23  -54.51
2013 10 24  -54.57
2013 10 25  -83.12
2013 10 26 -134.22
2013 10 27 -104.82
2013 10 28  -15.98
2013 10 29   32.04
2013 10 30   62.27
2013 10 31   61.55
2013 11 01   36.43
2013 11 02   40.15
2013 11 03   42.66
2013 11 04   43.68
2013 11 05   21.43
2013 11 06   59.16
2013 11 07   95.39
2013 11 08   56.81
2013 11 09   32.52
2013 11 10   -1.28
2013 11 11 -124.63
2013 11 12 -188.08
2013 11 13 -178.52
2013 11 14 -187.82
2013 11 15 -203.86
2013 11 16 -219.92
2013 11 17 -220.37
2013 11 18 -193.29
2013 11 19 -165.08
2013 11 20 -141.82
2013 11 21 -120.69
2013 11 22  -75.78
2013 11 23  -48.35
2013 11 24 -106.25
2013 11 25 -156.04
2013 11 26 -193.33
2013 11 27 -192.52
2013 11 28 -159.16
2013 11 29 -136.06
2013 11 30 -121.81
2013 12 01 -159.29
2013 12 02 -205.03
2013 12 03 -230.17
2013 12 04 -230.04
2013 12 05 -208.36
2013 12 06 -204.36
2013 12 07 -232.25
2013 12 08 -268.94
2013 12 09 -247.27
2013 12 10 -223.59
2013 12 11 -230.97
2013 12 12 -234.26
2013 12 13 -203.38
2013 12 14 -211.14
2013 12 15 -264.66
2013 12 16 -317.49
2013 12 17 -304.92
2013 12 18 -230.97
2013 12 19 -144.70
2013 12 20 -127.12
2013 12 21 -115.76
2013 12 22 -102.29
2013 12 23 -103.66
2013 12 24  -92.93
2013 12 25  -79.25
2013 12 26  -66.92
2013 12 27  -73.43
2013 12 28  -66.47
2013 12 29   -6.26
2013 12 30   54.49
2013 12 31   68.73
2014 01 01   48.49
2014 01 02   -9.53
2014 01 03  -54.30
2014 01 04  -50.92
2014 01 05  -20.27
2014 01 06    4.33
2014 01 07   38.19
2014 01 08   76.59
2014 01 09  116.87
2014 01 10  124.98
2014 01 11  132.46
2014 01 12  110.16
2014 01 13   75.29
2014 01 14   86.56
2014 01 15   41.50
2014 01 16    6.96
2014 01 17  -17.99
2014 01 18   20.67
2014 01 19   10.76
2014 01 20    0.99
2014 01 21  -13.12
2014 01 22  -19.52
2014 01 23  -16.81
2014 01 24  -13.37
2014 01 25  -23.92
2014 01 26  -43.57
2014 01 27  -30.72
2014 01 28   16.41
2014 01 29   58.13
2014 01 30   63.86
2014 01 31   14.89
2014 02 01  -46.12
2014 02 02 -102.48
2014 02 03 -136.64
2014 02 04 -178.26
2014 02 05 -293.37
2014 02 06 -368.28
2014 02 07 -336.34
2014 02 08 -287.06
2014 02 09 -277.26
2014 02 10 -258.71
2014 02 11 -207.85
2014 02 12 -137.96
2014 02 13  -51.20
2014 02 14   30.38
2014 02 15  100.06
2014 02 16   50.15
2014 02 17  -19.93
2014 02 18  -37.66
2014 02 19  -42.84
2014 02 20  -65.88
2014 02 21  -88.72
2014 02 22  -75.30
2014 02 23  -26.35
2014 02 24  -10.36
2014 02 25  -35.34
2014 02 26  -73.96
2014 02 27 -110.24
2014 02 28 -116.57
2014 03 01 -109.10
2014 03 02 -118.47
2014 03 03 -121.38
2014 03 04  -98.40
2014 03 05 -101.31
2014 03 06 -134.56
2014 03 07 -124.37
2014 03 08  -72.03
2014 03 09  -36.97
2014 03 10  -13.20
2014 03 11   22.91
2014 03 12   63.45
2014 03 13  116.27
2014 03 14  119.18
2014 03 15  132.32
2014 03 16  168.75
2014 03 17  130.66
2014 03 18   56.17
2014 03 19  -15.27
2014 03 20  -42.23
2014 03 21  -80.23
2014 03 22  -93.55
2014 03 23  -68.52
2014 03 24  -38.02
2014 03 25  -14.22
2014 03 26   -7.40
2014 03 27   -3.52
2014 03 28    4.55
2014 03 29   20.03
2014 03 30  -26.01
2014 03 31  -65.04
2014 04 01  -67.37
2014 04 02  -43.11
2014 04 03   11.07
2014 04 04    4.65
2014 04 05  -21.32
2014 04 06  -22.62
2014 04 07  -15.81
2014 04 08   30.58
2014 04 09   10.10
2014 04 10  -39.48
2014 04 11 -101.63
2014 04 12 -104.10
2014 04 13  -58.55
2014 04 14  -14.68
2014 04 15    7.89
2014 04 16  -14.69
2014 04 17    6.90
2014 04 18   43.64
2014 04 19   51.89
2014 04 20   36.10
2014 04 21   54.86
2014 04 22   56.86
2014 04 23   36.83
2014 04 24   35.77
2014 04 25   86.72
2014 04 26  108.36
2014 04 27   81.38
2014 04 28   36.58
2014 04 29   28.80
2014 04 30   10.07
2014 05 01  -55.41
2014 05 02 -128.35
2014 05 03 -175.87
2014 05 04 -178.06
2014 05 05 -138.18
2014 05 06  -99.71
2014 05 07  -24.20
2014 05 08   -5.77
2014 05 09  -26.34
2014 05 10  -54.53
2014 05 11  -92.57
2014 05 12 -130.81
2014 05 13 -145.11
2014 05 14 -144.81
2014 05 15 -146.27
2014 05 16 -167.98
2014 05 17 -171.62
2014 05 18 -160.71
2014 05 19 -147.59
2014 05 20 -148.54
2014 05 21 -155.53
2014 05 22 -120.29
2014 05 23  -69.81
2014 05 24  -17.24
2014 05 25   10.58
2014 05 26   19.88
2014 05 27   28.10
2014 05 28   14.02
2014 05 29   18.97
2014 05 30   36.41
2014 05 31   22.16
2014 06 01  -21.44
2014 06 02  -58.37
2014 06 03  -78.31
2014 06 04  -83.56
2014 06 05  -77.18
2014 06 06  -75.94
2014 06 07  -66.32
2014 06 08  -46.85
2014 06 09  -34.73
2014 06 10  -29.59
2014 06 11  -37.14
2014 06 12  -23.76
2014 06 13   -6.41
2014 06 14  -20.28
2014 06 15  -34.94
2014 06 16  -27.79
2014 06 17   -1.08
2014 06 18   -5.90
2014 06 19    3.75
2014 06 20   39.33
2014 06 21   39.77
2014 06 22   29.46
2014 06 23   39.35
2014 06 24   57.12
2014 06 25   87.84
2014 06 26   80.55
2014 06 27   59.23
2014 06 28   29.76
2014 06 29   16.54
2014 06 30    5.01
2014 07 01   -3.18
2014 07 02   -3.30
2014 07 03    8.41
2014 07 04   20.74
2014 07 05   21.82
2014 07 06   16.68
2014 07 07    7.44
2014 07 08    5.48
2014 07 09    5.26
2014 07 10    4.67
2014 07 11    0.25
2014 07 12   -2.99
2014 07 13  -16.24
2014 07 14  -29.51
2014 07 15  -52.50
2014 07 16  -80.09
2014 07 17  -79.74
2014 07 18  -64.97
2014 07 19  -36.02
2014 07 20  -17.67
2014 07 21  -11.75
2014 07 22  -20.93
2014 07 23  -30.71
2014 07 24  -29.68
2014 07 25  -20.59
2014 07 26  -24.25
2014 07 27  -44.51
2014 07 28  -47.56
2014 07 29  -45.99
2014 07 30  -52.05
2014 07 31  -73.06
2014 08 01  -97.42
2014 08 02 -104.01
2014 08 03  -75.46
2014 08 04  -31.38
2014 08 05    3.98
2014 08 06   42.56
2014 08 07   57.00
2014 08 08   50.57
2014 08 09   38.78
2014 08 10   37.49
2014 08 11   49.95
2014 08 12   67.10
2014 08 13   81.95
2014 08 14  101.30
2014 08 15  110.59
2014 08 16  101.89
2014 08 17   81.65
2014 08 18   55.30
2014 08 19   28.44
2014 08 20   -7.60
2014 08 21  -31.45
2014 08 22  -46.14
2014 08 23  -53.92
2014 08 24  -34.35
2014 08 25  -29.47
2014 08 26  -34.99
2014 08 27  -26.89
2014 08 28  -21.39
2014 08 29   -9.68
2014 08 30  -12.29
2014 08 31  -42.03
2014 09 01  -51.41
2014 09 02  -55.69
2014 09 03  -67.49
2014 09 04  -84.06
2014 09 05  -76.89
2014 09 06  -76.95
2014 09 07  -52.53
2014 09 08  -24.77
2014 09 09  -11.44
2014 09 10   -2.03
2014 09 11  -15.39
2014 09 12  -11.42
2014 09 13   -7.41
2014 09 14    5.19
2014 09 15   -7.11
2014 09 16  -27.27
2014 09 17  -14.54
2014 09 18  -10.70
2014 09 19  -11.98
2014 09 20    3.74
2014 09 21   11.23
2014 09 22    3.88
2014 09 23  -13.35
2014 09 24  -23.52
2014 09 25   -9.31
2014 09 26    9.15
2014 09 27   20.74
2014 09 28   15.46
2014 09 29  -10.98
2014 09 30  -49.32
2014 10 01  -78.30
2014 10 02  -77.79
2014 10 03  -68.50
2014 10 04  -50.07
2014 10 05  -17.03
2014 10 06  -64.40
2014 10 07 -127.21
2014 10 08 -119.17
2014 10 09  -87.22
2014 10 10  -63.10
2014 10 11  -53.21
2014 10 12  -54.44
2014 10 13  -45.46
2014 10 14   -6.10
2014 10 15   22.37
2014 10 16   25.16
2014 10 17  -11.86
2014 10 18   -4.10
2014 10 19   25.59
2014 10 20   39.99
2014 10 21   27.66
2014 10 22   18.98
2014 10 23   29.75
2014 10 24   49.48
2014 10 25   36.07
2014 10 26   23.02
2014 10 27    4.43
2014 10 28  -33.95
2014 10 29  -31.73
2014 10 30    8.50
2014 10 31   72.19
2014 11 01   67.83
2014 11 02   39.87
2014 11 03  -14.86
2014 11 04    6.92
2014 11 05   89.32
2014 11 06   95.46
2014 11 07   85.47
2014 11 08  142.98
2014 11 09  123.44
2014 11 10   97.06
2014 11 11   41.53
2014 11 12  -15.63
2014 11 13  -82.76
2014 11 14 -107.12
2014 11 15 -102.26
2014 11 16  -91.21
2014 11 17  -84.09
2014 11 18  -71.50
2014 11 19  -33.96
2014 11 20   -0.84
2014 11 21   19.76
2014 11 22  -12.51
2014 11 23  -60.81
2014 11 24  -56.10
2014 11 25  -81.17
2014 11 26 -137.36
2014 11 27 -115.82
2014 11 28  -90.12
2014 11 29 -127.84
2014 11 30 -122.73
2014 12 01  -78.93
2014 12 02 -102.88
2014 12 03  -82.36
2014 12 04  -46.91
2014 12 05  -72.29
2014 12 06  -69.22
2014 12 07  -75.73
2014 12 08  -64.52
2014 12 09  -50.14
2014 12 10  -40.90
2014 12 11   -5.84
2014 12 12   20.10
2014 12 13   28.42
2014 12 14   57.32
2014 12 15   54.22
2014 12 16   39.57
2014 12 17   -1.45
2014 12 18   17.08
2014 12 19   48.77
2014 12 20   56.09
2014 12 21   35.87
2014 12 22   11.45
2014 12 23   28.47
2014 12 24   63.94
2014 12 25   12.35
2014 12 26  -21.67
2014 12 27  -49.05
2014 12 28  -40.60
2014 12 29  -69.47
2014 12 30  -92.72
2014 12 31  -77.73
2015 01 01  -85.26
2015 01 02 -104.04
2015 01 03  -93.63
2015 01 04 -131.54
2015 01 05 -172.78
2015 01 06 -195.91
2015 01 07 -207.85
2015 01 08 -204.89
2015 01 09 -182.70
2015 01 10 -198.77
2015 01 11 -200.97
2015 01 12 -161.75
2015 01 13 -105.80
2015 01 14  -91.91
2015 01 15  -42.32
2015 01 16   20.05
2015 01 17    7.53
2015 01 18  -10.07
2015 01 19  -37.46
2015 01 20  -69.26
2015 01 21  -58.01
2015 01 22  -32.87
2015 01 23  -23.97
2015 01 24   16.10
2015 01 25   63.83
2015 01 26   48.10
2015 01 27   -7.40
2015 01 28  -94.44
2015 01 29 -140.93
2015 01 30 -171.28
2015 01 31 -215.25
2015 02 01 -226.80
2015 02 02 -264.27
2015 02 03 -285.08
2015 02 04 -272.85
2015 02 05 -247.80
2015 02 06 -234.28
2015 02 07 -167.96
2015 02 08 -160.07
2015 02 09 -177.95
2015 02 10 -196.94
2015 02 11 -166.73
2015 02 12 -149.88
2015 02 13 -173.70
2015 02 14 -239.90
2015 02 15 -322.56
2015 02 16 -282.81
2015 02 17 -199.79
2015 02 18 -166.49
2015 02 19 -173.36
2015 02 20 -199.30
2015 02 21 -165.56
2015 02 22  -99.53
2015 02 23  -29.52
2015 02 24    2.68
2015 02 25   13.23
2015 02 26  -12.48
2015 02 27  -36.92
2015 02 28  -41.89
2015 03 01  -63.25
2015 03 02  -61.07
2015 03 03   -2.83
2015 03 04   66.49
2015 03 05   63.99
2015 03 06   34.45
2015 03 07    4.62
2015 03 08  -51.09
2015 03 09  -61.43
2015 03 10 -106.79
2015 03 11 -121.24
2015 03 12  -40.04
2015 03 13   58.23
2015 03 14  102.93
2015 03 15   91.68
2015 03 16   31.85
2015 03 17   -7.56
2015 03 18  -34.20
2015 03 19  -42.32
2015 03 20  -37.63
2015 03 21  -40.19
2015 03 22  -75.92
2015 03 23  -87.68
2015 03 24  -86.98
2015 03 25  -93.08
2015 03 26  -58.91
2015 03 27  -25.57
2015 03 28    2.53
2015 03 29   21.60
2015 03 30   46.39
2015 03 31   64.53
2015 04 01   45.02
2015 04 02  -10.97
2015 04 03  -51.44
2015 04 04  -34.83
2015 04 05   20.08
2015 04 06   56.27
2015 04 07  102.34
2015 04 08  139.51
2015 04 09  152.94
2015 04 10  152.44
2015 04 11  148.11
2015 04 12  125.88
2015 04 13  136.45
2015 04 14  141.14
2015 04 15  105.40
2015 04 16   83.29
2015 04 17   53.39
2015 04 18   42.57
2015 04 19   60.26
2015 04 20   69.94
2015 04 21  100.72
2015 04 22  145.30
2015 04 23  154.11
2015 04 24  120.73
2015 04 25   63.38
2015 04 26   51.70
2015 04 27   82.02
2015 04 28  107.19
2015 04 29  111.13
2015 04 30   82.84
2015 05 01   60.67
2015 05 02   34.20
2015 05 03    1.74
2015 05 04  -33.92
2015 05 05  -50.77
2015 05 06  -37.29
2015 05 07   -4.77
2015 05 08   43.40
2015 05 09   71.36
2015 05 10   67.31
2015 05 11   53.49
2015 05 12   29.23
2015 05 13   40.55
2015 05 14   75.02
2015 05 15   73.02
2015 05 16   49.26
2015 05 17   56.46
2015 05 18   67.85
2015 05 19   66.71
2015 05 20   88.05
2015 05 21   81.52
2015 05 22  110.82
2015 05 23  131.21
2015 05 24  131.37
2015 05 25  104.63
2015 05 26   65.06
2015 05 27   26.67
2015 05 28   15.21
2015 05 29   20.31
2015 05 30   -3.95
2015 05 31  -27.16
2015 06 01  -15.41
2015 06 02    9.98
2015 06 03    5.13
2015 06 04    1.70
2015 06 05   14.30
2015 06 06   56.06
2015 06 07   74.03
2015 06 08   83.88
2015 06 09   74.66
2015 06 10   51.52
2015 06 11   39.20
2015 06 12    3.33
2015 06 13  -18.19
2015 06 14  -51.78
2015 06 15 -109.49
2015 06 16 -151.63
2015 06 17 -151.85
2015 06 18 -115.74
2015 06 19  -55.37
2015 06 20  -22.15
2015 06 21  -15.14
2015 06 22  -12.62
2015 06 23  -20.54
2015 06 24  -27.59
2015 06 25  -38.36
2015 06 26  -22.10
2015 06 27  -20.02
2015 06 28   -9.23
2015 06 29   13.65
2015 06 30    9.90
2015 07 01    2.45
2015 07 02   17.06
2015 07 03    7.82
2015 07 04   -0.06
2015 07 05   13.97
2015 07 06   52.76
2015 07 07  104.12
2015 07 08  121.61
2015 07 09  131.25
2015 07 10  133.66
2015 07 11  112.54
2015 07 12  101.70
2015 07 13   86.39
2015 07 14   69.51
2015 07 15   70.64
2015 07 16   70.93
2015 07 17   86.96
2015 07 18   63.47
2015 07 19   38.55
2015 07 20   38.28
2015 07 21   49.04
2015 07 22   49.42
2015 07 23   26.27
2015 07 24   -0.33
2015 07 25  -15.87
2015 07 26  -26.20
2015 07 27  -33.63
2015 07 28  -46.35
2015 07 29  -39.53
2015 07 30  -27.56
2015 07 31  -26.91
2015 08 01  -37.93
2015 08 02  -51.88
2015 08 03  -70.11
2015 08 04  -85.30
2015 08 05  -66.31
2015 08 06  -46.30
2015 08 07  -26.87
2015 08 08    4.31
2015 08 09   25.80
2015 08 10   38.64
2015 08 11   45.23
2015 08 12   18.53
2015 08 13    4.85
2015 08 14    5.45
2015 08 15    4.35
2015 08 16  -12.67
2015 08 17  -31.97
2015 08 18  -30.40
2015 08 19  -56.02
2015 08 20  -75.71
2015 08 21 -102.39
2015 08 22 -113.60
2015 08 23 -101.83
2015 08 24  -96.47
2015 08 25  -82.79
2015 08 26 -105.63
2015 08 27 -163.21
2015 08 28 -144.16
2015 08 29  -68.18
2015 08 30  -15.92
2015 08 31   -5.91
2015 09 01   -1.47
2015 09 02    0.77
2015 09 03   15.23
2015 09 04   -2.62
2015 09 05  -31.67
2015 09 06  -38.85
2015 09 07  -34.83
2015 09 08  -13.48
2015 09 09  -20.06
2015 09 10  -47.54
2015 09 11  -52.19
2015 09 12  -55.26
2015 09 13  -93.38
2015 09 14 -116.10
2015 09 15 -108.63
2015 09 16  -85.19
2015 09 17  -51.20
2015 09 18  -66.37
2015 09 19  -98.80
2015 09 20 -122.70
2015 09 21 -149.05
2015 09 22 -169.65
2015 09 23 -193.53
2015 09 24 -153.01
2015 09 25  -90.16
2015 09 26  -32.21
2015 09 27   -6.83
2015 09 28   31.09
2015 09 29   41.83
2015 09 30   39.51
2015 10 01   20.58
2015 10 02   10.39
2015 10 03  -14.63
2015 10 04  -40.25
2015 10 05  -36.84
2015 10 06  -22.95
2015 10 07  -60.53
2015 10 08 -102.91
2015 10 09  -74.55
2015 10 10   12.05
2015 10 11   61.13
2015 10 12   59.96
2015 10 13   50.44
2015 10 14  -15.29
2015 10 15  -37.89
2015 10 16  -13.02
2015 10 17   12.15
2015 10 18   -8.60
2015 10 19  -28.11
2015 10 20    9.64
2015 10 21   49.26
2015 10 22   67.20
2015 10 23   53.37
2015 10 24   26.25
2015 10 25  -23.39
2015 10 26  -65.74
2015 10 27  -86.23
2015 10 28 -100.37
2015 10 29  -90.14
2015 10 30  -74.74
2015 10 31  -15.96
2015 11 01   64.73
2015 11 02   78.37
2015 11 03   63.35
2015 11 04   80.30
2015 11 05   90.81
2015 11 06   87.62
2015 11 07   73.49
2015 11 08  104.57
2015 11 09  126.39
2015 11 10  121.71
2015 11 11  117.23
2015 11 12  116.81
2015 11 13   93.01
2015 11 14   64.49
2015 11 15   51.23
2015 11 16   35.73
2015 11 17   23.64
2015 11 18   24.01
2015 11 19   34.70
2015 11 20   54.42
2015 11 21   44.54
2015 11 22   24.46
2015 11 23   19.01
2015 11 24    6.68
2015 11 25   16.96
2015 11 26   37.27
2015 11 27   11.58
2015 11 28   49.18
2015 11 29   79.23
2015 11 30   70.94
2015 12 01   46.96
2015 12 02   59.73
2015 12 03   68.22
2015 12 04   34.35
2015 12 05   31.48
2015 12 06   47.16
2015 12 07   77.04
2015 12 08   71.35
2015 12 09   92.06
2015 12 10  100.64
2015 12 11   91.15
2015 12 12  124.96
2015 12 13  141.42
2015 12 14  120.67
2015 12 15   71.76
2015 12 16   59.41
2015 12 17   88.37
2015 12 18  174.69
2015 12 19  173.26
2015 12 20  131.99
2015 12 21  134.65
2015 12 22   88.85
2015 12 23   30.40
2015 12 24   16.08
2015 12 25   38.20
2015 12 26   73.58
2015 12 27   69.86
2015 12 28   69.88
2015 12 29   43.13
2015 12 30   39.81
2015 12 31   54.33
2016 01 01   68.95
2016 01 02  100.23
2016 01 03  127.19
2016 01 04  136.17
2016 01 05  166.00
2016 01 06  161.56
2016 01 07  142.79
2016 01 08  123.40
2016 01 09   86.20
2016 01 10   49.80
2016 01 11   49.82
2016 01 12   62.11
2016 01 13   69.56
2016 01 14   19.51
2016 01 15  -32.65
2016 01 16  -33.00
2016 01 17  -33.18
2016 01 18  -47.18
2016 01 19  -89.77
2016 01 20  -90.01
2016 01 21  -64.36
2016 01 22    2.30
2016 01 23   53.37
2016 01 24   74.38
2016 01 25   88.57
2016 01 26   88.70
2016 01 27   93.33
2016 01 28  130.83
2016 01 29  135.66
2016 01 30  111.03
2016 01 31  101.02
2016 02 01  105.18
2016 02 02   79.26
2016 02 03   79.96
2016 02 04   81.26
2016 02 05   84.55
2016 02 06   83.24
2016 02 07   83.92
2016 02 08   89.56
2016 02 09   15.90
2016 02 10  -58.53
2016 02 11  -80.28
2016 02 12  -63.66
2016 02 13    7.67
2016 02 14   80.32
2016 02 15  101.59
2016 02 16  131.04
2016 02 17  213.22
2016 02 18  250.71
2016 02 19  210.45
2016 02 20  132.24
2016 02 21   69.31
2016 02 22   85.06
2016 02 23   47.71
2016 02 24   49.67
2016 02 25   84.35
2016 02 26   99.62
2016 02 27   79.34
2016 02 28   53.07
2016 02 29   10.26
2016 03 01  -20.45
2016 03 02  -22.38
2016 03 03  -48.19
2016 03 04  -73.09
2016 03 05  -59.36
2016 03 06  -43.04
2016 03 07    7.58
2016 03 08   71.05
2016 03 09   94.53
2016 03 10  184.18
2016 03 11  194.68
2016 03 12  162.41
2016 03 13  127.93
2016 03 14   86.31
2016 03 15   29.61
2016 03 16   -7.84
2016 03 17  -22.54
2016 03 18  -81.84
2016 03 19 -104.04
2016 03 20 -115.43
2016 03 21 -138.66
2016 03 22 -121.87
2016 03 23 -102.35
2016 03 24 -101.49
2016 03 25  -77.97
2016 03 26  -51.18
2016 03 27  -35.67
2016 03 28  -73.31
2016 03 29 -127.27
2016 03 30 -194.13
2016 03 31 -217.73
2016 04 01 -169.21
2016 04 02 -104.16
2016 04 03  -84.82
2016 04 04  -25.48
2016 04 05   38.24
2016 04 06   52.74
2016 04 07   -0.16
2016 04 08  -14.29
2016 04 09   10.48
2016 04 10   52.62
2016 04 11   88.66
2016 04 12   75.93
2016 04 13   70.79
2016 04 14   63.92
2016 04 15   28.32
2016 04 16   12.87
2016 04 17   55.39
2016 04 18   89.02
2016 04 19   83.93
2016 04 20   68.94
2016 04 21   26.76
2016 04 22   -0.88
2016 04 23  -12.47
2016 04 24  -14.52
2016 04 25    5.43
2016 04 26   13.18
2016 04 27   22.73
2016 04 28   26.47
2016 04 29   -3.38
2016 04 30    7.00
2016 05 01   49.42
2016 05 02   83.12
2016 05 03   94.33
2016 05 04   56.20
2016 05 05   20.35
2016 05 06   73.19
2016 05 07   82.38
2016 05 08   55.65
2016 05 09   54.35
2016 05 10   50.54
2016 05 11   22.59
2016 05 12  -34.87
2016 05 13 -109.59
2016 05 14 -153.45
2016 05 15 -129.93
2016 05 16 -113.52
2016 05 17 -107.67
2016 05 18  -89.32
2016 05 19  -62.06
2016 05 20  -16.55
2016 05 21   36.29
2016 05 22   63.75
2016 05 23   61.86
2016 05 24   28.77
2016 05 25   -9.87
2016 05 26  -26.36
2016 05 27  -47.89
2016 05 28  -55.05
2016 05 29  -60.70
2016 05 30  -52.13
2016 05 31  -27.21
2016 06 01   -8.76
2016 06 02  -28.81
2016 06 03  -48.91
2016 06 04  -24.40
2016 06 05  -14.87
2016 06 06  -27.95
2016 06 07  -43.84
2016 06 08  -25.77
2016 06 09    4.61
2016 06 10   26.75
2016 06 11   26.25
2016 06 12   14.32
2016 06 13  -27.24
2016 06 14  -43.19
2016 06 15  -32.06
2016 06 16   -3.15
2016 06 17   19.65
2016 06 18   32.46
2016 06 19   13.67
2016 06 20  -24.40
2016 06 21  -49.50
2016 06 22  -35.73
2016 06 23  -22.42
2016 06 24  -46.75
2016 06 25  -70.50
2016 06 26  -60.92
2016 06 27  -29.73
2016 06 28   -1.89
2016 06 29   21.46
2016 06 30   23.13
2016 07 01   21.54
2016 07 02   27.86
2016 07 03   27.46
2016 07 04   28.20
2016 07 05   35.57
2016 07 06   43.59
2016 07 07   48.23
2016 07 08   48.75
2016 07 09   42.44
2016 07 10    0.29
2016 07 11  -56.79
2016 07 12  -96.30
2016 07 13 -125.13
2016 07 14 -146.81
2016 07 15 -146.83
2016 07 16 -144.48
2016 07 17 -151.05
2016 07 18 -128.81
2016 07 19  -94.93
2016 07 20  -64.58
2016 07 21  -50.30
2016 07 22  -61.11
2016 07 23  -72.77
2016 07 24  -52.74
2016 07 25  -46.66
2016 07 26  -43.78
2016 07 27  -34.12
2016 07 28  -25.93
2016 07 29  -27.25
2016 07 30  -25.18
2016 07 31  -48.13
2016 08 01  -49.74
2016 08 02  -44.52
2016 08 03  -47.33
2016 08 04  -36.28
2016 08 05  -14.53
2016 08 06   24.76
2016 08 07   43.26
2016 08 08   28.27
2016 08 09   10.30
2016 08 10    4.75
2016 08 11    3.92
2016 08 12    4.01
2016 08 13    8.84
2016 08 14   15.62
2016 08 15   -0.52
2016 08 16  -40.51
2016 08 17  -69.67
2016 08 18  -76.70
2016 08 19  -72.44
2016 08 20  -60.47
2016 08 21  -35.48
2016 08 22  -27.09
2016 08 23  -61.17
2016 08 24  -83.94
2016 08 25  -93.51
2016 08 26 -114.37
2016 08 27 -137.88
2016 08 28 -167.89
2016 08 29 -169.70
2016 08 30 -150.02
2016 08 31 -129.95
2016 09 01 -130.99
2016 09 02 -110.66
2016 09 03  -72.70
2016 09 04  -51.35
2016 09 05  -50.71
2016 09 06  -51.61
2016 09 07  -48.71
2016 09 08  -41.86
2016 09 09  -38.05
2016 09 10  -48.97
2016 09 11  -21.80
2016 09 12   45.47
2016 09 13   58.17
2016 09 14   59.35
2016 09 15   53.42
2016 09 16   63.22
2016 09 17   67.50
2016 09 18   57.85
2016 09 19   75.92
2016 09 20  105.58
2016 09 21  115.81
2016 09 22  102.32
2016 09 23   71.79
2016 09 24   33.19
2016 09 25   16.81
2016 09 26   26.48
2016 09 27   40.79
2016 09 28   19.90
2016 09 29  -17.40
2016 09 30  -10.51
2016 10 01   45.15
2016 10 02   91.47
2016 10 03   62.33
2016 10 04   34.16
2016 10 05   13.76
2016 10 06   18.79
2016 10 07   34.78
2016 10 08   47.83
2016 10 09   46.04
2016 10 10   40.70
2016 10 11   46.80
2016 10 12   23.68
2016 10 13   -3.41
2016 10 14   13.47
2016 10 15   18.73
2016 10 16   11.23
2016 10 17    4.75
2016 10 18  -19.29
2016 10 19  -19.79
2016 10 20  -36.02
2016 10 21  -55.68
2016 10 22  -38.49
2016 10 23   22.04
2016 10 24   30.99
2016 10 25   91.58
2016 10 26  161.33
2016 10 27  135.11
2016 10 28  109.67
2016 10 29  160.36
2016 10 30  190.48
2016 10 31  203.40
2016 11 01  180.32
2016 11 02  152.89
2016 11 03  108.92
2016 11 04   62.96
2016 11 05   81.95
2016 11 06   67.80
2016 11 07  101.41
2016 11 08  108.25
2016 11 09   33.33
2016 11 10    5.77
2016 11 11   51.64
2016 11 12   49.60
2016 11 13   62.56
2016 11 14   82.37
2016 11 15   62.91
2016 11 16   25.14
2016 11 17   25.43
2016 11 18   48.25
2016 11 19   62.23
2016 11 20   69.44
2016 11 21   71.67
2016 11 22   85.64
2016 11 23   47.64
2016 11 24   47.73
2016 11 25   48.87
2016 11 26   65.44
2016 11 27   70.76
2016 11 28   62.09
2016 11 29  104.66
2016 11 30  119.01
2016 12 01   95.29
2016 12 02   77.57
2016 12 03   45.90
2016 12 04   -8.88
2016 12 05  -65.24
2016 12 06 -128.29
2016 12 07 -155.65
2016 12 08 -146.31
2016 12 09 -150.64
2016 12 10 -184.94
2016 12 11 -195.44
2016 12 12 -158.05
2016 12 13 -134.80
2016 12 14 -110.66
2016 12 15  -52.40
2016 12 16   42.20
2016 12 17   98.80
2016 12 18  140.29
2016 12 19  127.85
2016 12 20  104.76
2016 12 21   99.25
2016 12 22   70.79
2016 12 23   35.57
2016 12 24  105.61
2016 12 25  133.07
2016 12 26  171.26
2016 12 27  180.51
2016 12 28  123.21
2016 12 29  139.48
2016 12 30  109.22
2016 12 31    3.39
2017 01 01   26.28
2017 01 02  -22.67
2017 01 03  -81.00
2017 01 04 -169.79
2017 01 05 -238.16
2017 01 06 -249.81
2017 01 07 -216.25
2017 01 08 -141.52
2017 01 09 -121.11
2017 01 10 -162.47
2017 01 11 -202.79
2017 01 12 -176.57
2017 01 13 -104.91
2017 01 14  -84.38
2017 01 15  -66.26
2017 01 16    9.63
2017 01 17   60.20
2017 01 18   87.13
2017 01 19  141.35
2017 01 20  144.14
2017 01 21  109.87
2017 01 22   96.66
2017 01 23  117.34
2017 01 24  123.09
2017 01 25  142.06
2017 01 26  148.75
2017 01 27  142.63
2017 01 28  141.22
2017 01 29  153.61
2017 01 30  130.26
2017 01 31   50.39
2017 02 01  -73.05
2017 02 02 -148.88
2017 02 03 -218.32
2017 02 04 -242.07
2017 02 05 -268.60
2017 02 06 -305.33
2017 02 07 -306.62
2017 02 08 -263.42
2017 02 09 -186.80
2017 02 10 -125.40
2017 02 11  -89.57
2017 02 12  -62.31
2017 02 13  -51.16
2017 02 14  -39.29
2017 02 15  -22.74
2017 02 16    0.65
2017 02 17   23.02
2017 02 18   21.67
2017 02 19   11.99
2017 02 20   -2.60
2017 02 21    7.62
2017 02 22   10.64
2017 02 23   42.17
2017 02 24   27.31
2017 02 25  -27.36
2017 02 26  -61.45
2017 02 27  -87.48
2017 02 28 -121.46
2017 03 01 -115.70
2017 03 02 -137.17
2017 03 03 -196.36
2017 03 04 -201.94
2017 03 05 -177.79
2017 03 06 -139.79
2017 03 07 -136.28
2017 03 08 -172.87
2017 03 09 -212.98
2017 03 10 -243.92
2017 03 11 -291.14
2017 03 12 -293.97
2017 03 13 -255.72
2017 03 14 -208.61
2017 03 15 -184.61
2017 03 16 -170.79
2017 03 17 -155.03
2017 03 18 -110.01
2017 03 19  -88.35
2017 03 20 -107.73
2017 03 21  -98.66
2017 03 22  -98.30
2017 03 23 -115.90
2017 03 24 -110.83
2017 03 25  -70.04
2017 03 26  -45.31
2017 03 27  -49.37
2017 03 28  -70.33
2017 03 29  -97.56
2017 03 30  -82.37
2017 03 31  -24.04
2017 04 01   -2.15
2017 04 02   -6.34
2017 04 03    5.24
2017 04 04   30.32
2017 04 05   54.40
2017 04 06   77.36
2017 04 07   66.90
2017 04 08   66.73
2017 04 09   47.68
2017 04 10   24.48
2017 04 11   -6.36
2017 04 12  -35.94
2017 04 13  -10.48
2017 04 14   23.23
2017 04 15   29.76
2017 04 16   -5.54
2017 04 17  -39.67
2017 04 18  -86.14
2017 04 19 -148.76
2017 04 20 -137.60
2017 04 21 -109.41
2017 04 22  -88.45
2017 04 23  -69.87
2017 04 24  -42.46
2017 04 25   -5.73
2017 04 26   16.27
2017 04 27   30.31
2017 04 28   66.02
2017 04 29  106.02
2017 04 30  101.88
2017 05 01   94.00
2017 05 02   86.28
2017 05 03  103.91
2017 05 04   61.06
2017 05 05   44.38
2017 05 06   38.29
2017 05 07   39.28
2017 05 08   39.12
2017 05 09   24.93
2017 05 10  -17.13
2017 05 11  -50.02
2017 05 12  -53.29
2017 05 13  -70.28
2017 05 14  -67.38
2017 05 15  -24.97
2017 05 16   21.80
2017 05 17   31.62
2017 05 18   28.77
2017 05 19   35.45
2017 05 20   72.93
2017 05 21  140.64
2017 05 22  176.87
2017 05 23  152.21
2017 05 24  112.68
2017 05 25   93.11
2017 05 26   76.53
2017 05 27   88.34
2017 05 28   85.51
2017 05 29   68.87
2017 05 30   55.66
2017 05 31   55.66
2017 06 01   58.09
2017 06 02   48.12
2017 06 03   63.89
2017 06 04   79.92
2017 06 05   58.45
2017 06 06   40.19
2017 06 07   28.36
2017 06 08   11.49
2017 06 09    4.20
2017 06 10   -5.13
2017 06 11    9.52
2017 06 12   28.50
2017 06 13   35.24
2017 06 14   55.78
2017 06 15   55.89
2017 06 16   49.80
2017 06 17   29.82
2017 06 18    5.22
2017 06 19   20.59
2017 06 20   47.92
2017 06 21   17.73
2017 06 22  -18.45
2017 06 23  -24.52
2017 06 24  -15.29
2017 06 25   21.74
2017 06 26   56.88
2017 06 27   82.05
2017 06 28   95.79
2017 06 29  102.01
2017 06 30  102.92
2017 07 01   97.04
2017 07 02   87.42
2017 07 03   66.50
2017 07 04   41.71
2017 07 05   34.79
2017 07 06   34.39
2017 07 07   49.63
2017 07 08   54.03
2017 07 09   51.31
2017 07 10   30.67
2017 07 11   -5.08
2017 07 12  -38.50
2017 07 13  -36.72
2017 07 14  -16.65
2017 07 15    7.47
2017 07 16   27.02
2017 07 17   25.99
2017 07 18   28.24
2017 07 19   21.83
2017 07 20    8.90
2017 07 21  -14.75
2017 07 22  -40.55
2017 07 23  -48.55
2017 07 24  -65.18
2017 07 25  -58.75
2017 07 26  -39.61
2017 07 27  -23.61
2017 07 28  -12.01
2017 07 29    4.50
2017 07 30  -13.00
2017 07 31  -28.87
2017 08 01  -25.45
2017 08 02  -31.25
2017 08 03  -55.04
2017 08 04  -68.68
2017 08 05  -77.30
2017 08 06  -68.88
2017 08 07  -58.01
2017 08 08  -53.80
2017 08 09  -47.61
2017 08 10  -42.23
2017 08 11  -20.85
2017 08 12    3.39
2017 08 13   18.41
2017 08 14    6.63
2017 08 15    8.11
2017 08 16   18.56
2017 08 17   34.22
2017 08 18   37.31
2017 08 19   12.14
2017 08 20  -16.69
2017 08 21  -26.40
2017 08 22   -2.23
2017 08 23   26.08
2017 08 24   21.66
2017 08 25   28.44
2017 08 26   51.49
2017 08 27   54.95
2017 08 28   39.54
2017 08 29   38.93
2017 08 30   52.95
2017 08 31   64.74
2017 09 01   73.53
2017 09 02   69.70
2017 09 03   35.26
2017 09 04   48.91
2017 09 05   68.76
2017 09 06   71.06
2017 09 07   55.83
2017 09 08   10.60
2017 09 09  -27.14
2017 09 10  -13.94
2017 09 11   19.06
2017 09 12   45.97
2017 09 13   54.61
2017 09 14   53.27
2017 09 15   72.66
2017 09 16   68.14
2017 09 17   14.10
2017 09 18  -50.40
2017 09 19  -85.50
2017 09 20 -110.51
2017 09 21 -112.76
2017 09 22  -96.16
2017 09 23  -94.88
2017 09 24  -99.06
2017 09 25 -125.27
2017 09 26 -121.67
2017 09 27  -75.73
2017 09 28  -36.71
2017 09 29  -37.28
2017 09 30  -42.83
2017 10 01  -27.08
2017 10 02   29.85
2017 10 03   51.84
2017 10 04   73.94
2017 10 05   99.94
2017 10 06   53.16
2017 10 07   19.25
2017 10 08   35.08
2017 10 09    9.35
2017 10 10  -36.32
2017 10 11  -21.83
2017 10 12   52.47
2017 10 13   92.65
2017 10 14  104.66
2017 10 15  121.83
2017 10 16  122.61
2017 10 17  113.93
2017 10 18   79.25
2017 10 19   88.92
2017 10 20  135.32
2017 10 21  117.57
2017 10 22   82.50
2017 10 23   52.03
2017 10 24  120.61
2017 10 25  122.92
2017 10 26   77.38
2017 10 27   45.07
2017 10 28  -32.82
2017 10 29  -90.52
2017 10 30 -127.28
2017 10 31 -170.05
2017 11 01 -183.27
2017 11 02 -190.74
2017 11 03 -201.21
2017 11 04 -160.22
2017 11 05 -116.99
2017 11 06  -67.55
2017 11 07  -28.94
2017 11 08  -45.72
2017 11 09 -100.46
2017 11 10 -159.39
2017 11 11 -208.88
2017 11 12 -239.95
2017 11 13 -224.94
2017 11 14 -179.28
2017 11 15 -135.16
2017 11 16 -140.10
2017 11 17 -164.28
2017 11 18 -149.86
2017 11 19 -129.47
2017 11 20 -115.11
2017 11 21  -30.60
2017 11 22   -5.53
2017 11 23   13.21
2017 11 24  -16.14
2017 11 25   36.63
2017 11 26  154.93
2017 11 27  179.97
2017 11 28  147.14
2017 11 29  129.69
2017 11 30  100.97
2017 12 01  117.49
2017 12 02  144.54
2017 12 03  145.19
2017 12 04  121.52
2017 12 05   39.48
2017 12 06   26.39
2017 12 07   41.41
2017 12 08   10.08
2017 12 09  -42.15
2017 12 10  -39.34
2017 12 11  -88.85
2017 12 12 -102.80
2017 12 13  -48.98
2017 12 14   -0.69
2017 12 15   54.65
2017 12 16   79.91
2017 12 17   52.49
2017 12 18   61.50
2017 12 19  106.45
2017 12 20  106.30
2017 12 21   60.85
2017 12 22   19.68
2017 12 23   21.69
2017 12 24   33.76
2017 12 25  -28.39
2017 12 26 -120.78
2017 12 27 -196.37
2017 12 28 -219.18
2017 12 29 -170.21
2017 12 30 -114.97
2017 12 31  -79.58
2018 01 01  -14.85
2018 01 02    0.30
2018 01 03  -23.19
2018 01 04   -5.45
2018 01 05   55.04
2018 01 06  107.99
2018 01 07   88.61
2018 01 08   89.86
2018 01 09   83.79
2018 01 10   99.80
2018 01 11  132.45
2018 01 12  123.19
2018 01 13   95.06
2018 01 14  106.33
2018 01 15  116.96
2018 01 16  111.33
2018 01 17  111.17
2018 01 18   94.09
2018 01 19   32.19
2018 01 20  -16.97
2018 01 21  -31.06
2018 01 22  -21.76
2018 01 23  -19.06
2018 01 24  -49.28
2018 01 25 -114.90
2018 01 26 -144.89
2018 01 27 -187.06
2018 01 28 -232.33
2018 01 29 -229.88
2018 01 30 -256.95
2018 01 31 -311.55
2018 02 01 -357.90
2018 02 02 -316.47
2018 02 03 -266.19
2018 02 04 -208.58
2018 02 05 -177.71
2018 02 06 -118.99
2018 02 07  -82.40
2018 02 08  -84.58
2018 02 09  -91.62
2018 02 10  -45.99
2018 02 11  -18.73
2018 02 12   35.89
2018 02 13   76.68
2018 02 14   72.54
2018 02 15   47.18
2018 02 16   -4.26
2018 02 17  -78.74
2018 02 18  -83.77
2018 02 19  -61.26
2018 02 20  -55.25
2018 02 21  -55.89
2018 02 22  -10.76
2018 02 23   29.93
2018 02 24   44.87
2018 02 25   34.19
2018 02 26   63.92
2018 02 27   33.48
2018 02 28    7.43
2018 03 01   22.90
2018 03 02   29.45
2018 03 03   32.85
2018 03 04   27.75
2018 03 05   30.67
2018 03 06   33.83
2018 03 07   52.21
2018 03 08  119.88
2018 03 09   94.61
2018 03 10   45.53
2018 03 11   73.60
2018 03 12   96.98
2018 03 13   88.28
2018 03 14   92.38
2018 03 15   82.67
2018 03 16   78.29
2018 03 17  100.23
2018 03 18   83.54
2018 03 19   20.53
2018 03 20  -42.88
2018 03 21  -47.99
2018 03 22    5.41
2018 03 23   45.41
2018 03 24   57.24
2018 03 25   43.23
2018 03 26   11.53
2018 03 27  -38.92
2018 03 28 -110.97
2018 03 29 -143.39
2018 03 30 -177.96
2018 03 31 -234.10
2018 04 01 -265.92
2018 04 02 -252.27
2018 04 03 -230.28
2018 04 04 -186.02
2018 04 05 -118.96
2018 04 06   -3.09
2018 04 07   27.03
2018 04 08   45.60
2018 04 09  109.58
2018 04 10  103.11
2018 04 11   81.26
2018 04 12   55.67
2018 04 13   38.03
2018 04 14   22.78
2018 04 15   40.88
2018 04 16   98.07
2018 04 17  138.99
2018 04 18  121.95
2018 04 19   87.34
2018 04 20   64.44
2018 04 21   67.48
2018 04 22   62.46
2018 04 23   84.91
2018 04 24  127.24
2018 04 25  120.55
2018 04 26   56.91
2018 04 27   43.59
2018 04 28   53.17
2018 04 29   95.16
2018 04 30   97.06
2018 05 01   64.04
2018 05 02   76.83
2018 05 03  104.09
2018 05 04   91.35
2018 05 05   71.49
2018 05 06   44.75
2018 05 07   48.11
2018 05 08   78.13
2018 05 09   87.54
2018 05 10   64.11
2018 05 11   49.38
2018 05 12   53.64
2018 05 13   43.51
2018 05 14   19.84
2018 05 15  -30.92
2018 05 16  -44.80
2018 05 17  -19.34
2018 05 18   -5.57
2018 05 19    5.23
2018 05 20   11.27
2018 05 21   52.50
2018 05 22  107.90
2018 05 23  114.72
2018 05 24   82.86
2018 05 25   58.34
2018 05 26   45.18
2018 05 27   51.10
2018 05 28   83.38
2018 05 29  122.16
2018 05 30  112.77
2018 05 31   86.91
2018 06 01   72.14
2018 06 02  112.17
2018 06 03  136.48
2018 06 04  124.78
2018 06 05   79.79
2018 06 06   28.08
2018 06 07   13.21
2018 06 08    9.36
2018 06 09    3.81
2018 06 10  -21.65
2018 06 11  -63.95
2018 06 12 -108.80
2018 06 13 -108.06
2018 06 14  -84.62
2018 06 15  -45.38
2018 06 16   -6.83
2018 06 17   -2.45
2018 06 18   26.16
2018 06 19   32.21
2018 06 20   13.89
2018 06 21    8.73
2018 06 22   21.87
2018 06 23   43.05
2018 06 24   54.67
2018 06 25   67.29
2018 06 26   89.25
2018 06 27   91.95
2018 06 28   85.44
2018 06 29   61.73
2018 06 30   30.10
2018 07 01  -15.55
2018 07 02  -70.92
2018 07 03  -90.52
2018 07 04  -80.56
2018 07 05  -56.02
2018 07 06  -24.11
2018 07 07    6.85
2018 07 08   34.89
2018 07 09   66.47
2018 07 10   66.91
2018 07 11   39.23
2018 07 12   13.22
2018 07 13   -6.04
2018 07 14  -11.14
2018 07 15  -28.54
2018 07 16  -25.49
2018 07 17  -12.99
2018 07 18   -7.00
2018 07 19  -23.94
2018 07 20  -23.60
2018 07 21  -24.35
2018 07 22  -50.06
2018 07 23  -73.40
2018 07 24  -87.11
2018 07 25  -87.11
2018 07 26  -65.71
2018 07 27  -35.00
2018 07 28  -22.72
2018 07 29  -19.52
2018 07 30   -5.74
2018 07 31   16.21
2018 08 01   26.18
2018 08 02   24.30
2018 08 03    6.04
2018 08 04   18.00
2018 08 05   17.99
2018 08 06   -4.28
2018 08 07   -1.66
2018 08 08   17.94
2018 08 09   35.08
2018 08 10   51.36
2018 08 11   49.34
2018 08 12   69.83
2018 08 13   61.24
2018 08 14   29.18
2018 08 15    8.93
2018 08 16   18.07
2018 08 17    7.87
2018 08 18  -31.62
2018 08 19  -10.75
2018 08 20   48.59
2018 08 21   48.61
2018 08 22   26.66
2018 08 23   30.58
2018 08 24   19.79
2018 08 25   10.39
2018 08 26   12.48
2018 08 27    5.08
2018 08 28    2.19
2018 08 29    1.04
2018 08 30   -5.99
2018 08 31  -51.01
2018 09 01  -77.67
2018 09 02  -89.92
2018 09 03  -98.72
2018 09 04 -136.73
2018 09 05 -157.46
2018 09 06 -159.87
2018 09 07 -138.20
2018 09 08 -120.60
2018 09 09 -145.27
2018 09 10 -155.08
2018 09 11 -150.41
2018 09 12 -161.03
2018 09 13 -137.25
2018 09 14  -80.83
2018 09 15  -50.59
2018 09 16  -48.89
2018 09 17  -81.72
2018 09 18 -108.24
2018 09 19 -117.45
2018 09 20 -107.54
2018 09 21  -63.63
2018 09 22  -22.64
2018 09 23  -26.02
2018 09 24  -33.67
2018 09 25  -60.91
2018 09 26  -81.45
2018 09 27  -94.76
2018 09 28  -84.30
2018 09 29  -56.91
2018 09 30  -36.83
2018 10 01  -10.13
2018 10 02   41.62
2018 10 03   85.28
2018 10 04   64.47
2018 10 05    0.25
2018 10 06  -57.27
2018 10 07  -72.69
2018 10 08  -70.74
2018 10 09  -42.40
2018 10 10    7.95
2018 10 11   25.71
2018 10 12    1.23
2018 10 13   -6.00
2018 10 14  -18.02
2018 10 15  -50.71
2018 10 16  -48.49
2018 10 17  -51.75
2018 10 18  -47.17
2018 10 19  -11.05
2018 10 20   10.49
2018 10 21  -12.98
2018 10 22   -3.61
2018 10 23    4.84
2018 10 24    8.48
2018 10 25  -20.18
2018 10 26  -54.58
2018 10 27  -81.17
2018 10 28 -100.42
2018 10 29  -79.91
2018 10 30  -66.75
2018 10 31  -73.36
2018 11 01  -56.99
2018 11 02  -11.20
2018 11 03    6.97
2018 11 04   -6.70
2018 11 05  -18.81
2018 11 06  -21.51
2018 11 07  -23.40
2018 11 08  -27.68
2018 11 09  -55.28
2018 11 10 -130.23
2018 11 11 -187.39
2018 11 12 -191.22
2018 11 13 -155.57
2018 11 14 -130.31
2018 11 15 -124.65
2018 11 16  -82.35
2018 11 17  -46.25
2018 11 18  -39.91
2018 11 19  -31.48
2018 11 20  -26.02
2018 11 21  -22.92
2018 11 22  -36.05
2018 11 23  -29.54
2018 11 24   -1.00
2018 11 25    3.98
2018 11 26   16.38
2018 11 27   40.01
2018 11 28   54.10
2018 11 29   65.12
2018 11 30   80.06
2018 12 01   91.93
2018 12 02   44.00
2018 12 03  -20.99
2018 12 04  -64.61
2018 12 05  -46.28
2018 12 06   32.79
2018 12 07   62.30
2018 12 08   95.62
2018 12 09  133.20
2018 12 10  169.65
2018 12 11  194.90
2018 12 12  189.52
2018 12 13  145.26
2018 12 14  144.02
2018 12 15   99.68
2018 12 16   92.43
2018 12 17  100.35
2018 12 18   93.50
2018 12 19   89.05
2018 12 20   61.91
2018 12 21   -5.44
2018 12 22  -45.19
2018 12 23  -32.60
2018 12 24  -28.16
2018 12 25  -15.73
2018 12 26   -4.35
2018 12 27    0.74
2018 12 28    4.32
2018 12 29   33.21
2018 12 30   68.07
2018 12 31  127.12
2019 01 01  166.75
2019 01 02  188.71
2019 01 03  163.43
2019 01 04  165.42
2019 01 05  164.04
2019 01 06  139.17
2019 01 07  138.99
2019 01 08  124.33
2019 01 09   98.39
2019 01 10   54.58
2019 01 11   40.56
2019 01 12   15.44
2019 01 13   37.74
2019 01 14   51.52
2019 01 15   40.90
2019 01 16   -6.98
2019 01 17  -47.28
2019 01 18  -82.33
2019 01 19  -90.28
2019 01 20  -90.06
2019 01 21  -81.01
2019 01 22  -62.30
2019 01 23  -45.70
2019 01 24  -35.26
2019 01 25    1.34
2019 01 26   23.16
2019 01 27  -17.23
2019 01 28  -59.32
2019 01 29  -53.61
2019 01 30  -53.04
2019 01 31  -55.05
2019 02 01    9.30
2019 02 02   38.64
2019 02 03   52.61
2019 02 04   63.02
2019 02 05  108.54
2019 02 06   98.13
2019 02 07   91.48
2019 02 08   64.36
2019 02 09   67.62
2019 02 10   71.45
2019 02 11   77.04
2019 02 12   63.57
2019 02 13   20.33
2019 02 14   46.63
2019 02 15   69.71
2019 02 16  105.99
2019 02 17  126.99
2019 02 18  129.23
2019 02 19   66.65
2019 02 20   49.67
2019 02 21   37.35
2019 02 22    6.30
2019 02 23   20.67
2019 02 24   49.68
2019 02 25   49.29
2019 02 26   52.57
2019 02 27   68.99
2019 02 28   61.90
2019 03 01   42.97
2019 03 02   16.63
2019 03 03   22.63
2019 03 04   48.93
2019 03 05   64.12
2019 03 06   58.09
2019 03 07  105.52
2019 03 08  112.29
2019 03 09  154.38
2019 03 10  187.15
2019 03 11  145.64
2019 03 12   88.01
2019 03 13   81.74
2019 03 14   96.81
2019 03 15   89.19
2019 03 16   58.48
2019 03 17   55.69
2019 03 18   74.14
2019 03 19   54.63
2019 03 20   32.39
2019 03 21   56.85
2019 03 22   47.06
2019 03 23   52.55
2019 03 24   46.75
2019 03 25   15.94
2019 03 26   15.47
2019 03 27  -60.51
2019 03 28 -100.16
2019 03 29 -122.35
2019 03 30 -157.45
2019 03 31 -203.02
2019 04 01 -214.00
2019 04 02 -206.95
2019 04 03 -151.68
2019 04 04  -89.41
2019 04 05  -85.27
2019 04 06  -81.58
2019 04 07  -51.63
2019 04 08  -25.53
2019 04 09  -37.55
2019 04 10  -34.80
2019 04 11   16.01
2019 04 12   37.58
2019 04 13   27.77
2019 04 14   18.00
2019 04 15   12.76
2019 04 16  -13.75
2019 04 17  -34.91
2019 04 18  -50.77
2019 04 19  -53.37
2019 04 20  -45.77
2019 04 21   -3.88
2019 04 22   36.85
2019 04 23   37.93
2019 04 24    7.97
2019 04 25  -26.67
2019 04 26  -32.92
2019 04 27  -56.85
2019 04 28  -68.43
2019 04 29  -45.84
2019 04 30  -26.31
2019 05 01  -14.53
2019 05 02  -22.65
2019 05 03    4.72
2019 05 04   26.75
2019 05 05   44.61
2019 05 06   17.09
2019 05 07  -44.82
2019 05 08  -62.27
2019 05 09  -49.29
2019 05 10  -14.28
2019 05 11   -6.12
2019 05 12  -32.61
2019 05 13  -30.01
2019 05 14   -3.85
2019 05 15   -3.30
2019 05 16    1.62
2019 05 17    7.40
2019 05 18   20.74
2019 05 19   24.92
2019 05 20   33.17
2019 05 21  -29.85
2019 05 22  -78.36
2019 05 23  -69.20
2019 05 24  -70.71
2019 05 25  -24.57
2019 05 26   27.11
2019 05 27   31.22
2019 05 28   -9.72
2019 05 29  -57.71
2019 05 30  -58.34
2019 05 31  -49.87
2019 06 01  -35.69
2019 06 02  -27.37
2019 06 03  -34.83
2019 06 04  -56.99
2019 06 05  -66.40
2019 06 06  -54.97
2019 06 07  -50.49
2019 06 08  -66.28
2019 06 09  -83.07
2019 06 10  -62.20
2019 06 11  -13.84
2019 06 12    7.81
2019 06 13    5.12
2019 06 14    4.36
2019 06 15   -0.05
2019 06 16   -6.12
2019 06 17  -23.29
2019 06 18  -34.99
2019 06 19  -57.44
2019 06 20  -65.66
2019 06 21  -80.76
2019 06 22  -62.87
2019 06 23  -41.31
2019 06 24  -35.90
2019 06 25  -45.15
2019 06 26  -39.21
2019 06 27  -21.12
2019 06 28  -22.29
2019 06 29  -23.63
2019 06 30  -28.47
2019 07 01  -38.77
2019 07 02  -25.59
2019 07 03  -20.60
2019 07 04  -60.04
2019 07 05 -102.66
2019 07 06 -101.67
2019 07 07  -72.30
2019 07 08  -42.19
2019 07 09  -27.10
2019 07 10  -25.64
2019 07 11  -11.15
2019 07 12    0.23
2019 07 13   12.04
2019 07 14   19.09
2019 07 15   38.95
2019 07 16   54.97
2019 07 17   58.17
2019 07 18   44.28
2019 07 19   16.94
2019 07 20  -10.53
2019 07 21   -0.09
2019 07 22   23.24
2019 07 23   45.34
2019 07 24   80.10
2019 07 25   97.12
2019 07 26  100.79
2019 07 27   85.42
2019 07 28   66.45
2019 07 29   52.95
2019 07 30   39.58
2019 07 31   28.01
2019 08 01   20.74
2019 08 02   20.72
2019 08 03   -0.35
2019 08 04  -45.19
2019 08 05  -79.35
2019 08 06  -82.91
2019 08 07  -85.01
2019 08 08  -65.41
2019 08 09  -64.73
2019 08 10  -66.93
2019 08 11  -50.12
2019 08 12  -34.62
2019 08 13  -31.92
2019 08 14  -57.22
2019 08 15  -94.81
2019 08 16 -137.10
2019 08 17 -157.24
2019 08 18 -160.42
2019 08 19 -162.33
2019 08 20 -114.85
2019 08 21  -54.78
2019 08 22  -32.65
2019 08 23  -24.09
2019 08 24  -22.34
2019 08 25  -17.85
2019 08 26   -8.37
2019 08 27    2.37
2019 08 28   -8.90
2019 08 29   -2.50
2019 08 30   10.59
2019 08 31   46.33
2019 09 01   74.69
2019 09 02   78.74
2019 09 03   64.82
2019 09 04   53.40
2019 09 05   43.64
2019 09 06   56.66
2019 09 07   79.94
2019 09 08   76.09
2019 09 09   77.25
2019 09 10   96.10
2019 09 11   92.94
2019 09 12   65.38
2019 09 13    4.95
2019 09 14  -53.46
2019 09 15  -70.11
2019 09 16  -62.60
2019 09 17  -35.71
2019 09 18    7.31
2019 09 19   28.82
2019 09 20   56.78
2019 09 21   80.56
2019 09 22   98.91
2019 09 23   87.84
2019 09 24   34.71
2019 09 25   21.95
2019 09 26   22.83
2019 09 27   -0.51
2019 09 28  -17.89
2019 09 29   -2.44
2019 09 30  -13.44
2019 10 01  -37.62
2019 10 02  -38.70
2019 10 03   -4.20
2019 10 04   13.78
2019 10 05   -7.66
2019 10 06  -19.81
2019 10 07  -52.60
2019 10 08  -81.87
2019 10 09 -120.49
2019 10 10 -105.91
2019 10 11  -84.10
2019 10 12  -69.40
2019 10 13  -22.86
2019 10 14   73.48
2019 10 15  130.50
2019 10 16  132.99
2019 10 17  100.69
2019 10 18   73.62
2019 10 19   25.31
2019 10 20    6.03
2019 10 21    6.11
2019 10 22   -7.51
2019 10 23    9.58
2019 10 24   18.54
2019 10 25  -34.82
2019 10 26 -112.62
2019 10 27 -122.00
2019 10 28  -51.30
2019 10 29  -32.54
2019 10 30  -66.92
2019 10 31 -101.50
2019 11 01 -133.23
2019 11 02 -171.36
2019 11 03 -210.17
2019 11 04 -242.01
2019 11 05 -225.90
2019 11 06 -147.21
2019 11 07 -103.89
2019 11 08 -117.26
2019 11 09  -97.75
2019 11 10  -93.79
2019 11 11  -78.19
2019 11 12  -61.90
2019 11 13  -75.37
2019 11 14  -65.80
2019 11 15   11.90
2019 11 16   33.97
2019 11 17   46.17
2019 11 18   35.44
2019 11 19   29.93
2019 11 20   74.70
2019 11 21  109.42
2019 11 22  109.30
2019 11 23   63.85
2019 11 24   34.60
2019 11 25   15.93
2019 11 26   37.50
2019 11 27   38.22
2019 11 28   55.77
2019 11 29   57.57
2019 11 30   54.12
2019 12 01   79.79
2019 12 02   81.83
2019 12 03   41.27
2019 12 04   18.12
2019 12 05   44.09
2019 12 06   69.25
2019 12 07   63.35
2019 12 08   51.04
2019 12 09   49.13
2019 12 10   47.33
2019 12 11   55.71
2019 12 12   44.05
2019 12 13   50.86
2019 12 14   47.49
2019 12 15   27.40
2019 12 16   10.65
2019 12 17   34.39
2019 12 18   26.25
2019 12 19   23.58
2019 12 20   89.73
2019 12 21  137.39
2019 12 22  161.50
2019 12 23  145.56
2019 12 24  100.41
2019 12 25   66.05
2019 12 26   18.38
2019 12 27   -5.36
2019 12 28  -29.30
2019 12 29  -13.21
2019 12 30   40.28
2019 12 31   92.78
2020 01 01   95.54
2020 01 02   21.61
2020 01 03   15.81
2020 01 04   53.05
2020 01 05   64.70
2020 01 06   30.59
2020 01 07   53.80
2020 01 08   64.08
2020 01 09   85.29
2020 01 10   85.34
2020 01 11   94.20
2020 01 12   67.35
2020 01 13   44.19
2020 01 14   20.97
2020 01 15   37.64
2020 01 16   82.01
2020 01 17   93.54
2020 01 18  106.08
2020 01 19  140.02
2020 01 20  159.66
2020 01 21  152.40
2020 01 22  121.86
2020 01 23   90.62
2020 01 24   62.49
2020 01 25   45.61
2020 01 26   17.08
2020 01 27   13.14
2020 01 28   20.74
2020 01 29   53.77
2020 01 30   86.17
2020 01 31   80.27
2020 02 01   69.78
2020 02 02   67.32
2020 02 03   71.53
2020 02 04   93.62
2020 02 05  115.27
2020 02 06   92.73
2020 02 07   44.27
2020 02 08   28.20
2020 02 09  -28.17
2020 02 10  -29.42
2020 02 11  -17.50
2020 02 12   -0.36
2020 02 13   29.39
2020 02 14   92.63
2020 02 15   98.31
2020 02 16   93.49
2020 02 17  109.52
2020 02 18  140.27
2020 02 19  167.31
2020 02 20  193.27
2020 02 21  198.57
2020 02 22  167.80
2020 02 23  102.51
2020 02 24   54.93
2020 02 25   47.29
2020 02 26   49.23
2020 02 27   37.92
2020 02 28    5.65
2020 02 29   11.56
2020 03 01   49.26
2020 03 02   59.96
2020 03 03   49.84
2020 03 04   31.91
2020 03 05   27.68
2020 03 06   58.62
2020 03 07   61.55
2020 03 08   73.69
2020 03 09   92.82
2020 03 10   77.88
2020 03 11   -3.02
2020 03 12  -55.66
2020 03 13  -89.50
2020 03 14 -131.02
2020 03 15 -152.22
2020 03 16 -110.35
2020 03 17  -44.96
2020 03 18   11.14
2020 03 19   33.03
2020 03 20  -23.77
2020 03 21  -77.04
2020 03 22 -152.15
2020 03 23 -199.63
2020 03 24 -191.63
2020 03 25 -158.26
2020 03 26 -129.49
2020 03 27  -74.65
2020 03 28  -45.81
2020 03 29    4.79
2020 03 30   44.26
2020 03 31   63.97
2020 04 01   35.10
2020 04 02  -25.67
2020 04 03  -49.55
2020 04 04  -62.54
2020 04 05  -45.33
2020 04 06  -58.55
2020 04 07  -64.26
2020 04 08  -33.44
2020 04 09  -59.97
2020 04 10 -122.83
2020 04 11 -144.86
2020 04 12 -129.61
2020 04 13 -130.32
2020 04 14 -142.08
2020 04 15 -112.03
2020 04 16  -95.72
2020 04 17  -83.33
2020 04 18  -63.64
2020 04 19  -56.83
2020 04 20  -78.50
2020 04 21 -112.56
2020 04 22  -97.25
2020 04 23  -55.78
2020 04 24   -3.30
2020 04 25   55.92
2020 04 26   74.57
2020 04 27   90.79
2020 04 28  119.76
2020 04 29  139.64
2020 04 30  137.10
2020 05 01  121.51
2020 05 02   95.21
2020 05 03   58.03
2020 05 04   33.88
2020 05 05   11.68
2020 05 06   -7.67
2020 05 07  -19.66
2020 05 08  -16.28
2020 05 09   36.31
2020 05 10   74.46
2020 05 11   70.22
2020 05 12   60.25
2020 05 13    4.09
2020 05 14  -76.85
2020 05 15 -109.98
2020 05 16 -110.01
2020 05 17  -68.41
2020 05 18   -1.05
2020 05 19   29.36
2020 05 20   63.73
2020 05 21  110.43
2020 05 22  135.01
2020 05 23  117.65
2020 05 24  107.94
2020 05 25   98.28
2020 05 26   72.68
2020 05 27   52.69
2020 05 28   43.70
2020 05 29   44.42
2020 05 30   74.45
2020 05 31   83.49
2020 06 01   50.60
2020 06 02   31.54
2020 06 03    8.82
2020 06 04  -27.97
2020 06 05  -41.11
2020 06 06  -35.16
2020 06 07  -28.87
2020 06 08   -4.95
2020 06 09   -7.73
2020 06 10   19.23
2020 06 11   40.68
2020 06 12   51.47
2020 06 13   69.17
2020 06 14   68.07
2020 06 15   58.52
2020 06 16   39.12
2020 06 17   27.34
2020 06 18   10.53
2020 06 19    8.66
2020 06 20   -1.72
2020 06 21    4.79
2020 06 22    6.24
2020 06 23    4.87
2020 06 24   13.59
2020 06 25   26.49
2020 06 26   15.43
2020 06 27   14.75
2020 06 28   27.59
2020 06 29   13.85
2020 06 30    9.06
2020 07 01   13.37
2020 07 02   35.55
2020 07 03   38.72
2020 07 04   37.45
2020 07 05   24.01
2020 07 06    3.95
2020 07 07  -29.60
2020 07 08  -64.79
2020 07 09  -69.92
2020 07 10  -49.69
2020 07 11  -39.31
2020 07 12  -13.19
2020 07 13   -2.80
2020 07 14   24.02
2020 07 15   35.40
2020 07 16   36.95
2020 07 17   36.34
2020 07 18   25.77
2020 07 19   14.99
2020 07 20   -3.12
2020 07 21    2.14
2020 07 22   -0.88
2020 07 23    5.89
2020 07 24   13.29
2020 07 25    8.34
2020 07 26   20.79
2020 07 27   19.19
2020 07 28   34.66
2020 07 29   51.05
2020 07 30   82.21
2020 07 31   71.73
2020 08 01   73.13
2020 08 02   91.22
2020 08 03   94.90
2020 08 04   90.20
2020 08 05  115.45
2020 08 06  144.07
2020 08 07  135.22
2020 08 08  121.48
2020 08 09  115.41
2020 08 10   92.43
2020 08 11   65.25
2020 08 12   53.67
2020 08 13   41.87
2020 08 14    7.61
2020 08 15   -7.70
2020 08 16    6.84
2020 08 17   45.26
2020 08 18   48.72
2020 08 19   29.38
2020 08 20   30.74
2020 08 21   61.41
2020 08 22   65.19
2020 08 23   42.08
2020 08 24   27.75
2020 08 25   28.99
2020 08 26   32.45
2020 08 27   45.88
2020 08 28   67.98
2020 08 29   84.89
2020 08 30   98.19
2020 08 31   97.32
2020 09 01   58.45
2020 09 02   33.28
2020 09 03   23.54
2020 09 04   -7.52
2020 09 05  -38.70
2020 09 06  -21.59
2020 09 07    9.29
2020 09 08  -27.98
2020 09 09  -73.11
2020 09 10  -91.08
2020 09 11  -81.38
2020 09 12  -69.58
2020 09 13  -53.06
2020 09 14  -26.12
2020 09 15   -7.06
2020 09 16    3.99
2020 09 17   15.99
2020 09 18   33.39
2020 09 19   47.99
2020 09 20   53.90
2020 09 21   41.01
2020 09 22   10.70
2020 09 23   20.30
2020 09 24   49.66
2020 09 25   46.14
2020 09 26   26.44
2020 09 27   13.39
2020 09 28   -3.42
2020 09 29  -41.81
2020 09 30  -49.38
2020 10 01  -28.92
2020 10 02   -2.04
2020 10 03   22.42
2020 10 04   16.06
2020 10 05   -9.30
2020 10 06  -15.60
2020 10 07   62.60
2020 10 08  114.30
2020 10 09   95.94
2020 10 10   46.61
2020 10 11   -5.92
2020 10 12  -34.47
2020 10 13  -78.90
2020 10 14 -114.20
2020 10 15 -100.57
2020 10 16  -22.10
2020 10 17   34.35
2020 10 18   28.48
2020 10 19  -26.03
2020 10 20  -82.47
2020 10 21 -120.90
2020 10 22 -135.45
2020 10 23 -141.51
2020 10 24 -147.08
2020 10 25 -128.54
2020 10 26  -59.89
2020 10 27  -68.36
2020 10 28  -84.26
2020 10 29  -73.00
2020 10 30  -51.54
2020 10 31  -51.56
2020 11 01  -41.35
2020 11 02  -42.28
2020 11 03  -27.05
2020 11 04   14.23
2020 11 05   91.06
2020 11 06   77.77
2020 11 07   13.72
2020 11 08   28.57
2020 11 09   39.75
2020 11 10   68.83
2020 11 11  101.81
2020 11 12  107.47
2020 11 13   79.65
2020 11 14   41.00
2020 11 15   14.25
2020 11 16   41.43
2020 11 17   41.47
2020 11 18   97.51
2020 11 19  141.66
2020 11 20   99.91
2020 11 21   97.41
2020 11 22  134.67
2020 11 23  159.62
2020 11 24  172.33
2020 11 25  208.28
2020 11 26  197.82
2020 11 27  160.71
2020 11 28  118.61
2020 11 29  101.77
2020 11 30  107.08
2020 12 01  118.23
2020 12 02  112.75
2020 12 03  112.86
2020 12 04   88.60
2020 12 05   63.76
2020 12 06   87.99
2020 12 07  121.75
2020 12 08   92.58
2020 12 09   25.78
2020 12 10  -39.88
2020 12 11  -65.75
2020 12 12  -48.18
2020 12 13  -40.08
2020 12 14   -9.52
2020 12 15    9.35
2020 12 16   16.89
2020 12 17   53.83
2020 12 18   76.45
2020 12 19   85.15
2020 12 20   90.36
2020 12 21   98.25
2020 12 22  118.56
2020 12 23  139.57
2020 12 24  165.44
2020 12 25  162.24
2020 12 26  141.66
2020 12 27  155.34
2020 12 28  152.10
2020 12 29  126.91
2020 12 30   91.18
2020 12 31  116.35
2021 01 01  225.67
2021 01 02  219.90
2021 01 03  200.58
2021 01 04  191.36
2021 01 05  216.23
2021 01 06  241.39
2021 01 07  236.34
2021 01 08  223.85
2021 01 09  242.80
2021 01 10  256.48
2021 01 11  260.36
2021 01 12  236.80
2021 01 13  186.58
2021 01 14  132.38
2021 01 15  129.01
2021 01 16  110.47
2021 01 17  104.47
2021 01 18  131.80
2021 01 19  180.06
2021 01 20  107.32
2021 01 21   55.41
2021 01 22   82.05
2021 01 23  122.12
2021 01 24   86.26
2021 01 25   46.54
2021 01 26  -40.39
2021 01 27   34.76
2021 01 28  135.30
2021 01 29  104.83
2021 01 30   32.89
2021 01 31    3.22
2021 02 01   24.57
2021 02 02   52.54
2021 02 03   68.74
2021 02 04   69.91
2021 02 05    7.51
2021 02 06 -110.22
2021 02 07 -139.62
2021 02 08 -125.55
2021 02 09 -128.72
2021 02 10 -147.91
2021 02 11 -144.90
2021 02 12 -116.21
2021 02 13  -83.29
2021 02 14  -46.90
2021 02 15  -33.97
2021 02 16  -36.15
2021 02 17    7.41
2021 02 18   52.52
2021 02 19  104.72
2021 02 20  128.37
2021 02 21  130.76
2021 02 22   84.93
2021 02 23   33.81
2021 02 24   52.33
2021 02 25   59.91
2021 02 26   40.93
2021 02 27   92.28
2021 02 28  151.45
2021 03 01  251.79
2021 03 02  230.55
2021 03 03  165.62
2021 03 04  236.33
2021 03 05  290.93
2021 03 06  244.63
2021 03 07  196.91
2021 03 08  174.78
2021 03 09  143.73
2021 03 10  107.58
2021 03 11   90.22
2021 03 12   73.40
2021 03 13  102.81
2021 03 14  157.28
2021 03 15  114.03
2021 03 16   34.95
2021 03 17   35.42
2021 03 18   49.58
2021 03 19   55.51
2021 03 20   78.45
2021 03 21   91.79
2021 03 22   67.77
2021 03 23   80.40
2021 03 24   60.08
2021 03 25   -2.29
2021 03 26  -33.60
2021 03 27  -20.92
2021 03 28    3.90
2021 03 29  -22.63
2021 03 30  -45.43
2021 03 31  -63.70
2021 04 01  -66.11
2021 04 02  -40.60
2021 04 03   -6.38
2021 04 04    2.53
2021 04 05  -16.60
2021 04 06  -61.93
2021 04 07  -88.60
2021 04 08  -80.37
2021 04 09   -7.98
2021 04 10   36.34
2021 04 11   43.03
2021 04 12   60.25
2021 04 13   46.78
2021 04 14    2.34
2021 04 15  -73.84
2021 04 16 -119.55
2021 04 17 -142.62
2021 04 18 -160.73
2021 04 19 -177.00
2021 04 20 -210.29
2021 04 21 -239.84
2021 04 22 -223.24
2021 04 23 -158.78
2021 04 24  -86.34
2021 04 25  -50.22
2021 04 26  -49.64
2021 04 27  -85.75
2021 04 28  -90.41
2021 04 29  -55.15
2021 04 30  -16.25
2021 05 01    7.54
2021 05 02   35.16
2021 05 03   22.33
2021 05 04   27.61
2021 05 05   51.29
2021 05 06   36.17
2021 05 07   33.77
2021 05 08    7.43
2021 05 09   -7.06
2021 05 10    1.36
2021 05 11   12.12
2021 05 12   20.01
2021 05 13   32.77
2021 05 14   37.30
2021 05 15   20.01
2021 05 16   27.85
2021 05 17   55.45
2021 05 18   59.24
2021 05 19   61.46
2021 05 20   62.83
2021 05 21   80.85
2021 05 22   69.28
2021 05 23   29.84
2021 05 24  -12.27
2021 05 25   -5.51
2021 05 26   23.39
2021 05 27   49.89
2021 05 28   32.76
2021 05 29  -10.02
2021 05 30  -17.83
2021 05 31   17.71
2021 06 01   56.68
2021 06 02   77.99
2021 06 03   92.27
2021 06 04   68.55
2021 06 05   32.60
2021 06 06   13.07
2021 06 07   -4.15
2021 06 08   14.43
2021 06 09   46.11
2021 06 10   50.81
2021 06 11    7.27
2021 06 12   -6.80
2021 06 13   -5.06
2021 06 14   31.98
2021 06 15   54.79
2021 06 16   30.47
2021 06 17   16.30
2021 06 18  -12.08
2021 06 19  -17.71
2021 06 20    0.51
2021 06 21   26.94
2021 06 22   50.95
2021 06 23   74.35
2021 06 24   84.85
2021 06 25   63.70
2021 06 26   38.70
2021 06 27   23.52
2021 06 28   -2.53
2021 06 29    3.23
2021 06 30   16.92
2021 07 01   36.32
2021 07 02   59.16
2021 07 03   61.37
2021 07 04   59.25
2021 07 05   72.52
2021 07 06   57.12
2021 07 07   23.68
2021 07 08   11.92
2021 07 09   11.66
2021 07 10   -4.73
2021 07 11  -37.87
2021 07 12  -46.75
2021 07 13  -46.23
2021 07 14  -28.27
2021 07 15  -21.92
2021 07 16  -29.09
2021 07 17  -17.31
2021 07 18   -6.12
2021 07 19   -3.35
2021 07 20   -4.12
2021 07 21    3.68
2021 07 22   -5.53
2021 07 23  -24.45
2021 07 24  -30.03
2021 07 25  -23.17
2021 07 26   -4.88
2021 07 27   15.56
2021 07 28   26.94
2021 07 29   22.20
2021 07 30    9.25
2021 07 31   26.96
2021 08 01   47.91
2021 08 02   54.35
2021 08 03   58.90
2021 08 04   76.60
2021 08 05   99.78
2021 08 06   83.42
2021 08 07   67.43
2021 08 08   57.38
2021 08 09   52.78
2021 08 10   35.59
2021 08 11   13.90
2021 08 12    6.98
2021 08 13   17.78
2021 08 14   48.42
2021 08 15   57.59
2021 08 16   45.87
2021 08 17   26.32
2021 08 18    3.15
2021 08 19  -30.33
2021 08 20  -71.36
2021 08 21  -83.29
2021 08 22  -65.11
2021 08 23  -52.79
2021 08 24  -37.27
2021 08 25  -25.75
2021 08 26    0.47
2021 08 27   20.93
2021 08 28   20.05
2021 08 29    8.34
2021 08 30    8.32
2021 08 31    6.47
2021 09 01    2.02
2021 09 02    6.91
2021 09 03   22.30
2021 09 04   26.59
2021 09 05   34.69
2021 09 06   50.29
2021 09 07   81.80
2021 09 08  117.97
2021 09 09  124.50
2021 09 10  106.84
2021 09 11   91.49
2021 09 12   91.62
2021 09 13   67.23
2021 09 14   29.72
2021 09 15   32.14
2021 09 16   39.39
2021 09 17   17.86
2021 09 18   29.30
2021 09 19   36.60
2021 09 20   26.60
2021 09 21   -4.73
2021 09 22  -22.89
2021 09 23  -10.49
2021 09 24   22.67
2021 09 25   14.55
2021 09 26   23.42
2021 09 27   79.17
2021 09 28  104.85
2021 09 29   79.05
2021 09 30   61.28
2021 10 01   26.00
2021 10 02   -4.44
2021 10 03  -22.90
2021 10 04   -5.42
2021 10 05   21.49
2021 10 06   59.76
2021 10 07   85.01
2021 10 08  134.14
2021 10 09  114.11
2021 10 10   47.75
2021 10 11   74.57
2021 10 12  104.40
2021 10 13   85.71
2021 10 14   71.61
2021 10 15   48.05
2021 10 16   77.39
2021 10 17   88.44
2021 10 18  100.72
2021 10 19  140.16
2021 10 20  136.42
2021 10 21  159.76
2021 10 22  187.55
2021 10 23  156.77
2021 10 24  113.10
2021 10 25  138.37
2021 10 26  124.53
2021 10 27   90.52
2021 10 28   79.32
2021 10 29   75.07
2021 10 30   64.12
2021 10 31   91.23
2021 11 01   93.39
2021 11 02   90.48
2021 11 03   55.66
2021 11 04   -1.31
2021 11 05  -20.98
2021 11 06   -7.63
2021 11 07    3.39
2021 11 08    8.04
2021 11 09  -32.10
2021 11 10  -93.68
2021 11 11 -125.89
2021 11 12  -99.82
2021 11 13  -60.12
2021 11 14  -25.64
2021 11 15  -13.71
2021 11 16  -25.31
2021 11 17  -40.49
2021 11 18  -41.37
2021 11 19  -65.80
2021 11 20 -101.84
2021 11 21  -89.64
2021 11 22  -89.38
2021 11 23 -114.97
2021 11 24  -60.54
2021 11 25    3.63
2021 11 26   -8.78
2021 11 27  -23.90
2021 11 28   18.52
2021 11 29   60.52
2021 11 30   73.79
2021 12 01   44.70
2021 12 02   10.69
2021 12 03   57.56
2021 12 04  -11.29
2021 12 05   47.68
2021 12 06  140.61
2021 12 07  152.65
2021 12 08  144.81
2021 12 09  142.25
2021 12 10   94.87
2021 12 11    5.18
2021 12 12  -42.68
2021 12 13  -20.06
2021 12 14   17.25
2021 12 15   27.18
2021 12 16   42.72
2021 12 17   37.61
2021 12 18  -16.18
2021 12 19  -65.67
2021 12 20  -86.62
2021 12 21 -167.98
2021 12 22 -157.53
2021 12 23 -155.67
2021 12 24 -183.65
2021 12 25 -150.32
2021 12 26 -103.17
2021 12 27  -76.73
2021 12 28  -43.84
2021 12 29  -17.47
2021 12 30  -37.54
2021 12 31  -58.02
2022 01 01  -90.22
2022 01 02 -180.61
2022 01 03 -213.31
2022 01 04 -213.68
2022 01 05 -221.87
2022 01 06 -187.22
2022 01 07 -144.26
2022 01 08 -122.83
2022 01 09  -86.36
2022 01 10  -42.81
2022 01 11  -19.79
2022 01 12  -27.41
2022 01 13  -27.77
2022 01 14  -27.47
2022 01 15  -54.76
2022 01 16  -89.03
2022 01 17 -127.34
2022 01 18 -163.56
2022 01 19 -171.84
2022 01 20 -163.62
2022 01 21 -108.57
2022 01 22  -35.04
2022 01 23    4.34
2022 01 24   40.36
2022 01 25   34.18
2022 01 26  -41.09
2022 01 27  -73.77
2022 01 28  -77.14
2022 01 29  -81.85
2022 01 30  -99.66
2022 01 31 -128.64
2022 02 01 -154.42
2022 02 02 -138.45
2022 02 03  -85.60
2022 02 04  -35.37
2022 02 05  -38.33
2022 02 06  -28.75
2022 02 07    7.18
2022 02 08   -1.09
2022 02 09   -8.10
2022 02 10  -67.71
2022 02 11 -122.15
2022 02 12 -142.13
2022 02 13 -179.43
2022 02 14 -159.40
2022 02 15 -172.53
2022 02 16 -148.66
2022 02 17  -92.58
2022 02 18  -62.75
2022 02 19  -70.66
2022 02 20 -104.45
2022 02 21  -75.72
2022 02 22  -37.88
2022 02 23  -11.48
2022 02 24   31.75
2022 02 25   73.62
2022 02 26  106.61
2022 02 27  127.95
2022 02 28  103.02
2022 03 01   93.47
2022 03 02   97.35
2022 03 03   88.35
2022 03 04   77.10
2022 03 05    9.38
2022 03 06  -70.43
2022 03 07 -139.45
2022 03 08 -181.32
2022 03 09 -177.21
2022 03 10 -122.88
2022 03 11  -66.26
2022 03 12  -57.15
2022 03 13  -50.74
2022 03 14  -23.24
2022 03 15  -24.51
2022 03 16  -39.68
2022 03 17  -21.34
2022 03 18  -28.77
2022 03 19  -11.33
2022 03 20   -1.52
2022 03 21   35.89
2022 03 22   98.87
2022 03 23  116.88
2022 03 24   78.76
2022 03 25   61.00
2022 03 26   62.61
2022 03 27   68.09
2022 03 28   95.02
2022 03 29   90.86
2022 03 30   72.32
2022 03 31   88.69
2022 04 01  120.39
2022 04 02  160.73
2022 04 03  214.66
2022 04 04  163.94
2022 04 05   68.10
2022 04 06   20.93
2022 04 07   17.18
2022 04 08   10.17
2022 04 09  -47.62
2022 04 10  -98.95
2022 04 11 -116.16
2022 04 12  -84.58
2022 04 13  -32.48
2022 04 14   41.08
2022 04 15   81.66
2022 04 16   51.30
2022 04 17   57.86
2022 04 18  117.34
2022 04 19  132.42
2022 04 20  104.39
2022 04 21  123.19
2022 04 22  114.93
2022 04 23   84.41
2022 04 24   69.96
2022 04 25   69.80
2022 04 26   57.37
2022 04 27   34.48
2022 04 28   60.06
2022 04 29   80.10
2022 04 30   77.29
2022 05 01  100.44
2022 05 02  118.33
2022 05 03  121.34
2022 05 04  126.19
2022 05 05   91.97
2022 05 06   38.73
2022 05 07   -1.89
2022 05 08  -64.75
2022 05 09 -109.50
2022 05 10 -109.60
2022 05 11 -126.73
2022 05 12 -121.41
2022 05 13  -95.77
2022 05 14  -93.77
2022 05 15  -96.28
2022 05 16  -83.34
2022 05 17  -54.15
2022 05 18  -47.85
2022 05 19  -82.06
2022 05 20 -105.28
2022 05 21  -78.77
2022 05 22  -46.58
2022 05 23  -37.59
2022 05 24  -34.36
2022 05 25  -30.40
2022 05 26  -34.85
2022 05 27  -59.32
2022 05 28  -79.09
2022 05 29  -82.28
2022 05 30  -78.18
2022 05 31  -78.24
2022 06 01  -92.50
2022 06 02  -83.85
2022 06 03  -59.94
2022 06 04  -49.16
2022 06 05  -54.13
2022 06 06  -57.98
2022 06 07  -64.37
2022 06 08  -64.00
2022 06 09  -49.25
2022 06 10  -15.70
2022 06 11    8.45
2022 06 12   13.57
2022 06 13   28.32
2022 06 14   36.81
2022 06 15   45.76
2022 06 16   67.66
2022 06 17   72.05
2022 06 18   63.94
2022 06 19   40.91
2022 06 20   13.23
2022 06 21   -8.20
2022 06 22  -22.79
2022 06 23  -23.21
2022 06 24  -20.25
2022 06 25  -15.19
2022 06 26  -10.11
2022 06 27  -19.01
2022 06 28  -31.44
2022 06 29  -23.24
2022 06 30    1.10
2022 07 01   36.67
2022 07 02   36.42
2022 07 03   20.27
2022 07 04   16.54
2022 07 05   19.22
2022 07 06   17.04
2022 07 07    0.10
2022 07 08   -4.50
2022 07 09  -35.54
2022 07 10  -72.08
2022 07 11  -76.13
2022 07 12  -90.75
2022 07 13  -97.36
2022 07 14  -83.08
2022 07 15  -54.39
2022 07 16   -7.61
2022 07 17   22.57
2022 07 18   34.40
2022 07 19   33.78
2022 07 20   13.25
2022 07 21   26.16
2022 07 22   53.22
2022 07 23   63.50
2022 07 24   73.86
2022 07 25   78.57
2022 07 26   72.82
2022 07 27   52.75
2022 07 28   42.73
2022 07 29   41.70
2022 07 30   47.98
2022 07 31   49.83
2022 08 01   35.81
2022 08 02   -1.88
2022 08 03  -26.13
2022 08 04  -20.71
2022 08 05  -12.62
2022 08 06  -17.88
2022 08 07  -16.04
2022 08 08  -10.79
2022 08 09  -25.45
2022 08 10  -36.17
2022 08 11  -26.82
2022 08 12   -3.04
2022 08 13   22.02
2022 08 14   32.85
2022 08 15   29.75
2022 08 16   41.88
2022 08 17   71.30
2022 08 18   54.30
2022 08 19   26.86
2022 08 20    1.99
2022 08 21  -14.61
2022 08 22  -26.75
2022 08 23    5.70
2022 08 24   30.05
2022 08 25   46.97
2022 08 26   24.42
2022 08 27   -7.69
2022 08 28  -30.82
2022 08 29  -16.33
2022 08 30   38.55
2022 08 31   68.87
2022 09 01   65.63
2022 09 02   67.98
2022 09 03   80.66
2022 09 04   62.19
2022 09 05   32.40
2022 09 06   20.43
2022 09 07   -0.94
2022 09 08   -6.26
2022 09 09    1.42
2022 09 10   -4.66
2022 09 11    2.78
2022 09 12   14.33
2022 09 13   16.72
2022 09 14    9.59
2022 09 15    0.02
2022 09 16   36.44
2022 09 17   46.34
2022 09 18   -3.06
2022 09 19  -17.34
2022 09 20  -19.40
2022 09 21   24.13
2022 09 22   52.10
2022 09 23   39.73
2022 09 24    3.45
2022 09 25  -17.17
2022 09 26   23.17
2022 09 27   65.18
2022 09 28   61.17
2022 09 29   43.21
2022 09 30   50.17
2022 10 01   51.85
2022 10 02   24.31
2022 10 03   21.27
2022 10 04  -13.67
2022 10 05  -24.90
2022 10 06    4.36
2022 10 07   -6.62
2022 10 08   -3.10
2022 10 09   18.48
2022 10 10   -4.25
2022 10 11  -44.99
2022 10 12  -12.54
2022 10 13   18.88
2022 10 14   -3.24
2022 10 15   -8.32
2022 10 16   22.74
2022 10 17   50.45
2022 10 18   52.25
2022 10 19  116.64
2022 10 20  110.65
2022 10 21   77.69
2022 10 22   55.08
2022 10 23   33.44
2022 10 24    7.67
2022 10 25   56.13
2022 10 26   99.55
2022 10 27   83.15
2022 10 28   92.54
2022 10 29   88.26
2022 10 30   43.75
2022 10 31   -7.91
2022 11 01  -24.34
2022 11 02  -25.15
2022 11 03  -22.57
2022 11 04  -26.80
2022 11 05  -51.72
2022 11 06  -67.90
2022 11 07   -6.76
2022 11 08   72.41
2022 11 09   83.35
2022 11 10   76.26
2022 11 11   86.05
2022 11 12   85.03
2022 11 13   62.35
2022 11 14   -3.30
2022 11 15  -88.43
2022 11 16 -120.47
2022 11 17 -140.08
2022 11 18 -128.41
2022 11 19  -98.38
2022 11 20  -61.65
2022 11 21    2.95
2022 11 22    0.39
2022 11 23   -9.95
2022 11 24   23.11
2022 11 25    4.89
2022 11 26  -82.98
2022 11 27 -150.09
2022 11 28 -173.43
2022 11 29 -202.52
2022 11 30 -186.64
2022 12 01 -130.32
2022 12 02  -65.35
2022 12 03   -5.20
2022 12 04   70.43
2022 12 05  144.62
2022 12 06  168.94
2022 12 07  146.38
2022 12 08   93.66
2022 12 09   37.58
2022 12 10   31.31
2022 12 11   65.09
2022 12 12  108.92
2022 12 13   53.59
2022 12 14  -62.63
2022 12 15 -143.10
2022 12 16 -227.08
2022 12 17 -250.65
2022 12 18 -268.12
2022 12 19 -220.41
2022 12 20 -212.78
2022 12 21 -246.53
2022 12 22 -291.61
2022 12 23 -309.92
2022 12 24 -255.47
2022 12 25 -190.10
2022 12 26  -84.94
2022 12 27  -19.84
2022 12 28   48.36
2022 12 29   81.81
2022 12 30   84.48
2022 12 31   92.58
2023 01 01  113.85
2023 01 02  106.96
2023 01 03  107.40
2023 01 04  100.57
2023 01 05   95.49
2023 01 06   95.50
2023 01 07   94.18
2023 01 08   85.96
2023 01 09   67.75
2023 01 10   42.56
2023 01 11   24.25
2023 01 12   42.24
2023 01 13   82.15
2023 01 14  155.89
2023 01 15  219.13
2023 01 16  229.05
2023 01 17  195.52
2023 01 18  172.19
2023 01 19  155.24
2023 01 20   97.09
2023 01 21   26.59
2023 01 22    7.64
2023 01 23   22.54
2023 01 24   -4.74
2023 01 25  -11.93
2023 01 26   22.55
2023 01 27   -7.17
2023 01 28  -23.24
2023 01 29   10.64
2023 01 30   79.85
2023 01 31   96.98
2023 02 01  108.18
2023 02 02  128.73
2023 02 03  137.88
2023 02 04  176.00
2023 02 05  214.32
2023 02 06  232.77
2023 02 07  219.50
2023 02 08  176.49
2023 02 09  145.60
2023 02 10  166.30
2023 02 11  160.70
2023 02 12  140.46
2023 02 13   92.04
2023 02 14   60.58
2023 02 15   77.29
2023 02 16  126.04
2023 02 17  116.80
2023 02 18   65.11
2023 02 19   34.34
2023 02 20   16.15
2023 02 21    4.33
2023 02 22   19.17
2023 02 23   83.98
2023 02 24  151.01
2023 02 25  170.67
2023 02 26  137.45
2023 02 27  144.73
2023 02 28  199.00
2023 03 01  256.30
2023 03 02  210.55
2023 03 03   90.80
2023 03 04   19.76
2023 03 05   -7.77
2023 03 06  -56.24
2023 03 07 -121.86
2023 03 08 -166.08
2023 03 09 -234.46
2023 03 10 -253.40
2023 03 11 -227.29
2023 03 12 -225.78
2023 03 13 -231.20
2023 03 14 -195.36
2023 03 15 -162.21
2023 03 16 -141.12
2023 03 17  -90.45
2023 03 18    1.66
2023 03 19  105.55
2023 03 20  179.79
2023 03 21  181.19
2023 03 22  159.47
2023 03 23  128.76
2023 03 24   84.72
2023 03 25   50.25
2023 03 26   19.94
2023 03 27  -33.55
2023 03 28  -68.46
2023 03 29  -53.65
2023 03 30  -38.19
2023 03 31  -63.80
2023 04 01  -96.52
2023 04 02 -124.32
2023 04 03  -92.51
2023 04 04  -12.43
2023 04 05   52.48
2023 04 06  109.33
2023 04 07  141.60
2023 04 08   85.25
2023 04 09   46.53
2023 04 10   68.59
2023 04 11   73.46
2023 04 12   29.68
2023 04 13  -20.49
2023 04 14  -60.98
2023 04 15  -82.70
2023 04 16  -89.44
2023 04 17  -82.80
2023 04 18  -82.27
2023 04 19  -96.93
2023 04 20 -139.67
2023 04 21 -161.34
2023 04 22 -124.48
2023 04 23  -54.11
2023 04 24   25.42
2023 04 25   63.94
2023 04 26   46.12
2023 04 27    9.03
2023 04 28   19.85
2023 04 29   29.12
2023 04 30   64.78
2023 05 01  104.41
2023 05 02  132.24
2023 05 03  127.16
2023 05 04   84.69
2023 05 05   68.16
2023 05 06   54.52
2023 05 07   62.89
2023 05 08   72.19
2023 05 09   51.20
2023 05 10   29.20
2023 05 11  -21.60
2023 05 12  -31.69
2023 05 13    7.05
2023 05 14   23.48
2023 05 15  -43.87
2023 05 16  -97.50
2023 05 17 -120.28
2023 05 18 -133.34
2023 05 19 -130.60
2023 05 20  -81.24
2023 05 21  -45.76
2023 05 22  -15.60
2023 05 23   17.38
2023 05 24   25.10
2023 05 25   48.95
2023 05 26   86.95
2023 05 27   82.60
2023 05 28   42.27
2023 05 29    0.53
2023 05 30  -23.36
2023 05 31   -6.57
2023 06 01   34.56
2023 06 02   76.41
2023 06 03   82.51
2023 06 04   77.22
2023 06 05   91.44
2023 06 06  112.16
2023 06 07   96.12
2023 06 08   61.77
2023 06 09   44.56
2023 06 10   55.02
2023 06 11   60.50
2023 06 12   66.81
2023 06 13   43.53
2023 06 14   65.27
2023 06 15   91.32
2023 06 16   77.20
2023 06 17   26.17
2023 06 18  -34.10
2023 06 19  -51.32
2023 06 20  -32.18
2023 06 21    1.14
2023 06 22   22.08
2023 06 23   18.77
2023 06 24   21.69
2023 06 25   30.13
2023 06 26   21.35
2023 06 27   33.56
2023 06 28   36.00
2023 06 29   27.99
2023 06 30   29.58
2023 07 01    7.48
2023 07 02    5.00
2023 07 03   15.61
2023 07 04   18.39
2023 07 05   18.69
2023 07 06   36.14
2023 07 07   72.37
2023 07 08   96.09
2023 07 09   73.51
2023 07 10   44.96
2023 07 11   -5.36
2023 07 12  -48.37
2023 07 13  -67.69
2023 07 14  -77.65
2023 07 15  -79.78
2023 07 16  -56.64
2023 07 17  -26.34
2023 07 18  -27.85
2023 07 19  -45.43
2023 07 20  -37.19
2023 07 21    2.89
2023 07 22   19.31
2023 07 23   37.66
2023 07 24   51.84
2023 07 25   49.68
2023 07 26   36.13
2023 07 27   34.83
2023 07 28   35.64
2023 07 29   30.95
2023 07 30   22.63
2023 07 31   21.74
2023 08 01    9.55
2023 08 02    4.67
2023 08 03    3.48
2023 08 04   10.57
2023 08 05   43.68
2023 08 06   71.01
2023 08 07   73.72
2023 08 08   67.58
2023 08 09   74.11
2023 08 10   76.05
2023 08 11   60.89
2023 08 12   47.49
2023 08 13   30.21
2023 08 14    3.54
2023 08 15   10.00
2023 08 16  -14.95
2023 08 17  -31.68
2023 08 18  -11.68
2023 08 19    2.97
2023 08 20   -8.64
2023 08 21  -10.36
2023 08 22  -24.10
2023 08 23  -23.38
2023 08 24  -26.35
2023 08 25  -15.02
2023 08 26    0.83
2023 08 27   17.18
2023 08 28   32.63
2023 08 29   48.66
2023 08 30   48.34
2023 08 31   63.19
2023 09 01   55.84
2023 09 02   31.32
2023 09 03    9.44
2023 09 04  -14.49
2023 09 05  -14.68
2023 09 06   -5.65
2023 09 07  -13.81
2023 09 08  -22.84
2023 09 09    7.67
2023 09 10   37.41
2023 09 11   52.57
2023 09 12   44.97
2023 09 13   34.66
2023 09 14   84.07
2023 09 15  122.34
2023 09 16  140.22
2023 09 17  112.83
2023 09 18   93.50
2023 09 19   34.09
2023 09 20   15.81
2023 09 21   39.64
2023 09 22   67.38
2023 09 23   54.77
2023 09 24   22.49
2023 09 25   18.54
2023 09 26   27.43
2023 09 27   33.17
2023 09 28   20.16
2023 09 29  -11.61
2023 09 30   -2.28
2023 10 01    8.69
2023 10 02  -23.64
2023 10 03  -27.27
2023 10 04  -33.48
2023 10 05  -39.57
2023 10 06  -25.70
2023 10 07   17.88
2023 10 08   70.11
2023 10 09   68.88
2023 10 10   55.00
2023 10 11   78.11
2023 10 12  111.25
2023 10 13   98.25
2023 10 14   25.42
2023 10 15  -28.29
2023 10 16  -61.78
2023 10 17  -37.68
2023 10 18    1.63
2023 10 19    4.25
2023 10 20  -75.90
2023 10 21 -149.78
2023 10 22 -161.14
2023 10 23 -121.87
2023 10 24 -139.10
2023 10 25 -163.46
2023 10 26 -180.18
2023 10 27 -203.61
2023 10 28 -186.64
2023 10 29 -143.37
2023 10 30 -136.10
2023 10 31 -138.03
2023 11 01 -134.31
2023 11 02 -133.71
2023 11 03 -122.47
2023 11 04  -69.15
2023 11 05    2.92
2023 11 06   68.29
2023 11 07   82.89
2023 11 08   72.09
2023 11 09  104.67
2023 11 10   81.84
2023 11 11   28.41
2023 11 12   43.07
2023 11 13   66.27
2023 11 14   58.74
2023 11 15  117.13
2023 11 16  137.60
2023 11 17   84.67
2023 11 18   31.59
2023 11 19   35.39
2023 11 20   45.58
2023 11 21   47.90
2023 11 22   27.79
2023 11 23  -12.11
2023 11 24  -49.56
2023 11 25  -20.80
2023 11 26   86.77
2023 11 27  119.32
2023 11 28   84.60
2023 11 29   82.82
2023 11 30  134.50
2023 12 01  131.99
2023 12 02  124.29
2023 12 03  129.70
2023 12 04  128.96
2023 12 05  129.33
2023 12 06   91.07
2023 12 07   16.40
2023 12 08  -37.90
2023 12 09  -76.16
2023 12 10  -80.80
2023 12 11  -34.28
2023 12 12   38.93
2023 12 13   37.76
2023 12 14   26.98
2023 12 15   67.35
2023 12 16   90.77
2023 12 17   81.97
2023 12 18   97.16
2023 12 19  131.56
2023 12 20  153.66
2023 12 21  156.79
2023 12 22  168.37
2023 12 23  180.44
2023 12 24  195.17
2023 12 25  187.62
2023 12 26  191.60
2023 12 27  173.44
2023 12 28  144.74
2023 12 29  137.06
2023 12 30  124.41
2023 12 31  101.09
2024 01 01   95.67
2024 01 02  103.92
2024 01 03  143.12
2024 01 04  159.46
2024 01 05  130.33
2024 01 06  110.84
2024 01 07  163.44
2024 01 08  175.97
2024 01 09  137.25
2024 01 10   70.90
2024 01 11   57.10
2024 01 12   76.63
2024 01 13   94.74
2024 01 14   54.90
2024 01 15  -32.24
2024 01 16 -156.75
2024 01 17 -283.05
2024 01 18 -322.39
2024 01 19 -311.80
2024 01 20 -301.97
2024 01 21 -242.56
2024 01 22 -138.52
2024 01 23 -101.61
2024 01 24 -114.28
2024 01 25 -150.89
2024 01 26 -160.32
2024 01 27 -109.87
2024 01 28  -40.37
2024 01 29   39.17
2024 01 30   85.30
2024 01 31   81.62
2024 02 01   71.36
2024 02 02   66.39
2024 02 03   64.10
2024 02 04   33.48
2024 02 05   27.76
2024 02 06   33.37
2024 02 07   68.22
2024 02 08   82.74
2024 02 09  127.88
2024 02 10  154.06
2024 02 11  137.69
2024 02 12   84.35
2024 02 13   49.77
2024 02 14   32.68
2024 02 15   35.98
2024 02 16   24.33
2024 02 17    2.48
2024 02 18    4.05
2024 02 19   73.94
2024 02 20  162.51
2024 02 21  226.19
2024 02 22  212.73
2024 02 23  143.13
2024 02 24   67.82
2024 02 25   27.32
2024 02 26   51.93
2024 02 27   39.10
2024 02 28  -23.83
2024 02 29  -56.23
2024 03 01  -36.25
2024 03 02   13.23
2024 03 03   75.03
2024 03 04   94.78
2024 03 05   93.53
2024 03 06  116.36
2024 03 07  100.06
2024 03 08  116.83
2024 03 09  114.70
2024 03 10  124.37
2024 03 11  123.94
2024 03 12   81.35
2024 03 13    4.22
2024 03 14  -11.78
2024 03 15  -58.73
2024 03 16 -108.04
2024 03 17 -108.29
2024 03 18  -96.42
2024 03 19 -105.00
2024 03 20  -80.12
2024 03 21  -47.79
2024 03 22  -20.64
2024 03 23   11.89
2024 03 24   28.85
2024 03 25   45.26
2024 03 26   42.21
2024 03 27   21.13
2024 03 28    4.85
2024 03 29  -19.84
2024 03 30    4.23
2024 03 31   55.91
2024 04 01   47.19
2024 04 02   56.43
2024 04 03   69.43
2024 04 04   70.18
2024 04 05   84.34
2024 04 06  102.20
2024 04 07   78.10
2024 04 08   43.31
2024 04 09    6.05
2024 04 10   11.81
2024 04 11   56.40
2024 04 12   11.26
2024 04 13  -43.93
2024 04 14  -64.13
2024 04 15  -61.46
2024 04 16  -68.96
2024 04 17 -121.71
2024 04 18 -147.16
2024 04 19 -135.69
2024 04 20 -107.63
2024 04 21  -71.22
2024 04 22  -38.20
2024 04 23   -1.74
2024 04 24   43.68
2024 04 25   42.44
2024 04 26   35.05
2024 04 27   24.49
2024 04 28   -1.35
2024 04 29    0.03
2024 04 30    3.94
2024 05 01    6.54
2024 05 02   42.09
2024 05 03   72.44
2024 05 04   64.18
2024 05 05   42.59
2024 05 06   47.83
2024 05 07   49.13
2024 05 08   56.24
2024 05 09   58.92
2024 05 10   54.06
2024 05 11   65.49
2024 05 12   67.39
2024 05 13   57.01
2024 05 14   69.11
2024 05 15  108.61
2024 05 16   84.70
2024 05 17   36.68
2024 05 18   32.03
2024 05 19   42.82
2024 05 20   50.17
2024 05 21   63.29
2024 05 22   78.27
2024 05 23   65.67
2024 05 24   38.83
2024 05 25   -9.42
2024 05 26  -27.44
2024 05 27   14.65
2024 05 28   45.22
2024 05 29   49.16
2024 05 30   66.70
2024 05 31   81.09
2024 06 01   91.24
2024 06 02   86.96
2024 06 03   63.43
2024 06 04   34.30
2024 06 05   25.77
2024 06 06   24.83
2024 06 07   15.95
2024 06 08   15.09
2024 06 09   20.59
2024 06 10   21.21
2024 06 11   22.62
2024 06 12   23.84
2024 06 13   16.92
2024 06 14   15.75
2024 06 15   11.82
2024 06 16  -12.46
2024 06 17  -17.09
2024 06 18  -14.96
2024 06 19  -14.88
2024 06 20   -4.21
2024 06 21    7.55
2024 06 22   22.58
2024 06 23   25.70
2024 06 24   31.61
2024 06 25   57.53
2024 06 26   88.79
2024 06 27   86.59
2024 06 28   81.27
2024 06 29   67.40
2024 06 30   53.36
2024 07 01   26.41
2024 07 02   -0.28
2024 07 03  -33.51
2024 07 04  -35.67
2024 07 05  -41.49
2024 07 06  -63.17
2024 07 07  -66.47
2024 07 08  -40.97
2024 07 09    0.31
2024 07 10   19.94
2024 07 11   38.47
2024 07 12   58.03
2024 07 13   87.11
2024 07 14   95.89
2024 07 15   85.33
2024 07 16   65.57
2024 07 17   38.55
2024 07 18   23.45
2024 07 19   10.47
2024 07 20  -10.08
2024 07 21  -22.68
2024 07 22  -33.91
2024 07 23  -41.14
2024 07 24  -27.89
2024 07 25   15.84
2024 07 26   64.85
2024 07 27   79.34
2024 07 28   94.85
2024 07 29   96.36
2024 07 30   63.88
2024 07 31   22.96
2024 08 01   -8.80
2024 08 02  -30.66
2024 08 03  -15.22
2024 08 04   24.90
2024 08 05   59.48
2024 08 06   84.90
2024 08 07   82.05
2024 08 08   63.28
2024 08 09   45.60
2024 08 10   43.97
2024 08 11   42.89
2024 08 12   20.31
2024 08 13   20.35
2024 08 14   49.13
2024 08 15   71.68
2024 08 16   78.40
2024 08 17   68.06
2024 08 18   79.66
2024 08 19   57.34
2024 08 20   53.30
2024 08 21   46.65
2024 08 22    9.74
2024 08 23   -4.94
2024 08 24    8.50
2024 08 25   35.07
2024 08 26   59.16
2024 08 27   72.51
2024 08 28   67.92
2024 08 29   45.51
2024 08 30    9.59
2024 08 31  -13.97
2024 09 01    3.10
2024 09 02   26.85
2024 09 03   31.07
2024 09 04   49.35
2024 09 05   94.50
2024 09 06   89.26
2024 09 07   76.85
2024 09 08   62.22
2024 09 09   28.83
2024 09 10    8.91
2024 09 11   23.93
2024 09 12   72.88
2024 09 13   88.78
2024 09 14   96.01
2024 09 15  100.30
2024 09 16  103.28
2024 09 17   98.37
2024 09 18   78.88
2024 09 19   60.91
2024 09 20   59.76
2024 09 21   75.66
2024 09 22   82.73
2024 09 23   61.94
2024 09 24   55.39
2024 09 25   66.67
2024 09 26   53.18
2024 09 27   48.51
2024 09 28   44.12
2024 09 29   38.93
2024 09 30   49.08
2024 10 01   60.29
2024 10 02   51.39
2024 10 03   88.46
2024 10 04  118.70
2024 10 05   77.15
2024 10 06   48.73
2024 10 07   52.78
2024 10 08   56.87
2024 10 09   47.00
2024 10 10   11.51
2024 10 11  -26.82
2024 10 12  -20.43
2024 10 13    5.51
2024 10 14    0.34
2024 10 15  -39.74
2024 10 16  -70.21
2024 10 17  -58.99
2024 10 18  -44.41
2024 10 19  -30.45
2024 10 20   -7.29
2024 10 21   20.98
2024 10 22  -32.69
2024 10 23  -77.41
2024 10 24  -83.68
2024 10 25  -44.65
2024 10 26  -10.03
2024 10 27    8.26
2024 10 28   43.13
2024 10 29   70.85
2024 10 30  108.19
2024 10 31  120.40
2024 11 01  115.76
2024 11 02  108.66
2024 11 03   80.42
2024 11 04   69.87
2024 11 05  102.24
2024 11 06  137.93
2024 11 07  136.90
2024 11 08  123.99
2024 11 09   99.28
2024 11 10   71.45
2024 11 11   64.83
2024 11 12   94.29
2024 11 13   74.98
2024 11 14   80.05
2024 11 15   88.94
2024 11 16   95.03
2024 11 17   41.23
2024 11 18  -56.10
2024 11 19 -128.83
2024 11 20 -174.72
2024 11 21 -211.09
2024 11 22 -223.51
2024 11 23 -200.35
2024 11 24 -173.66
2024 11 25 -181.77
2024 11 26 -210.38
2024 11 27 -225.18
2024 11 28 -205.31
2024 11 29 -178.01
2024 11 30 -169.02
2024 12 01 -167.66
2024 12 02 -151.56
2024 12 03 -132.37
2024 12 04  -97.79
2024 12 05  -72.22
2024 12 06  -34.24
2024 12 07  -28.78
2024 12 08  -27.22
2024 12 09  -42.38
2024 12 10    6.27
2024 12 11   40.18
2024 12 12   51.84
2024 12 13   51.36
2024 12 14   62.15
2024 12 15   34.61
2024 12 16   -5.45
2024 12 17  -55.90
2024 12 18  -70.71
2024 12 19  -47.61
2024 12 20  -56.84
2024 12 21  -70.05
2024 12 22  -68.74
2024 12 23  -46.93
2024 12 24   12.81
2024 12 25   69.84
2024 12 26  103.66
2024 12 27  100.22
2024 12 28  107.80
2024 12 29   98.01
2024 12 30   58.58
2024 12 31   13.72
2025 01 01  -32.73
2025 01 02 -107.79
2025 01 03 -120.97
2025 01 04  -93.14
2025 01 05  -69.38
2025 01 06  -68.91
2025 01 07  -45.76
2025 01 08  -39.95
2025 01 09   54.95
2025 01 10  135.15
2025 01 11  142.43
2025 01 12  160.64
2025 01 13  150.35
2025 01 14  112.48
2025 01 15   63.32
2025 01 16   37.06
2025 01 17    8.13
2025 01 18   26.02
2025 01 19   66.96
2025 01 20  105.68
2025 01 21   92.64
2025 01 22   86.39
2025 01 23   53.93
2025 01 24   -0.94
2025 01 25  -32.46
2025 01 26   -7.26
2025 01 27   21.81
2025 01 28   -4.31
2025 01 29  -41.83
2025 01 30  -81.23
2025 01 31  -88.58
2025 02 01 -103.68
2025 02 02 -106.55
2025 02 03  -75.86
2025 02 04 -100.49
2025 02 05 -133.99
2025 02 06 -145.07
2025 02 07 -148.81
2025 02 08 -136.86
2025 02 09 -112.87
2025 02 10 -100.59
2025 02 11  -73.88
2025 02 12  -60.34
2025 02 13  -69.81
2025 02 14  -81.20
2025 02 15  -87.24
2025 02 16  -79.78
2025 02 17 -102.01
2025 02 18 -136.98
2025 02 19 -156.13
2025 02 20 -130.45
2025 02 21  -86.38
2025 02 22  -29.59
2025 02 23   36.34
2025 02 24   52.55
2025 02 25   68.76
2025 02 26   53.70
2025 02 27   47.32
2025 02 28   26.71
2025 03 01   34.02
2025 03 02   62.39
2025 03 03   91.53
2025 03 04  120.48
2025 03 05  148.89
2025 03 06  151.71
2025 03 07  137.54
2025 03 08  151.93
2025 03 09  178.82
2025 03 10  138.83
2025 03 11   52.35
2025 03 12   35.09
2025 03 13   57.66
2025 03 14   67.49
2025 03 15   77.78
2025 03 16   85.53
2025 03 17   88.23
2025 03 18  118.47
2025 03 19  171.96
2025 03 20  176.66
2025 03 21  136.47
2025 03 22   87.37
2025 03 23   33.36
2025 03 24  -19.62
2025 03 25  -92.49
2025 03 26 -166.56
2025 03 27 -200.68
2025 03 28 -185.14
2025 03 29 -173.05
2025 03 30 -180.02
2025 03 31 -171.23
2025 04 01  -90.21
2025 04 02  -17.11
2025 04 03   -9.20
2025 04 04   -7.76
2025 04 05    5.43
2025 04 06   46.93
2025 04 07   27.97
2025 04 08  -23.19
2025 04 09  -40.53
2025 04 10  -38.37
2025 04 11  -22.36
2025 04 12  -22.33
2025 04 13   -9.97
2025 04 14   -5.25
2025 04 15  -55.45
2025 04 16  -80.28
2025 04 17  -26.95
2025 04 18    6.84
2025 04 19  -15.84
2025 04 20  -36.33
2025 04 21  -73.65
2025 04 22  -96.68
2025 04 23  -64.74
2025 04 24  -12.86
2025 04 25   -0.14
2025 04 26   -3.96
2025 04 27   12.32
2025 04 28   61.12
2025 04 29   78.17
2025 04 30   83.15
2025 05 01   92.00
2025 05 02   95.08
2025 05 03   75.01
2025 05 04   31.02
2025 05 05   -2.14
2025 05 06    9.95
2025 05 07   19.74
2025 05 08   14.30
2025 05 09    5.49
2025 05 10   -3.35
2025 05 11   12.62
2025 05 12   54.07
2025 05 13   62.72
2025 05 14   68.11
2025 05 15   56.77
2025 05 16   48.29
2025 05 17   33.00
2025 05 18   23.39
2025 05 19   24.45
2025 05 20   44.11
2025 05 21   42.76
2025 05 22   49.89
2025 05 23   50.88
2025 05 24   85.31
2025 05 25  125.20
2025 05 26   88.10
2025 05 27   70.59
2025 05 28   38.76
2025 05 29   33.19
2025 05 30   54.34
2025 05 31   52.51
2025 06 01   37.36
2025 06 02   14.79
2025 06 03   22.83
2025 06 04    8.32
2025 06 05   -5.11
2025 06 06   18.76
2025 06 07   32.11
2025 06 08   26.44
2025 06 09    9.11
2025 06 10   23.31
2025 06 11   42.05
2025 06 12   40.06
2025 06 13   51.41
2025 06 14   62.98
2025 06 15   63.85
2025 06 16   38.43
2025 06 17   15.60
2025 06 18    0.12
2025 06 19   -1.42
2025 06 20   12.71
2025 06 21   23.44
2025 06 22   38.42
2025 06 23   65.81
2025 06 24   76.26
2025 06 25   66.56
2025 06 26   36.60
2025 06 27    3.95
2025 06 28  -18.05
2025 06 29  -31.22
2025 06 30  -18.09
2025 07 01   24.95
2025 07 02   40.98
2025 07 03   41.74
2025 07 04   25.46
2025 07 05   15.90
2025 07 06   15.05
2025 07 07   30.59
2025 07 08   58.26
2025 07 09   56.47
2025 07 10   50.94
2025 07 11   74.16
2025 07 12   68.30
2025 07 13   36.34
2025 07 14   23.78
2025 07 15   20.28
2025 07 16   26.73
2025 07 17   53.49
2025 07 18   60.09
2025 07 19   49.09
2025 07 20   22.57
2025 07 21   -0.82
2025 07 22  -28.77
2025 07 23  -55.12
2025 07 24  -74.73
2025 07 25  -96.56
2025 07 26 -107.37
2025 07 27  -83.85
2025 07 28  -76.27
2025 07 29  -66.07
2025 07 30  -50.77
2025 07 31  -29.42
2025 08 01   -2.05
2025 08 02   11.37
2025 08 03   17.62
2025 08 04   17.62
2025 08 05   21.47
2025 08 06   24.40
2025 08 07   30.39
2025 08 08    7.41
2025 08 09  -11.03
2025 08 10   -0.02
2025 08 11   19.35
2025 08 12   25.30
2025 08 13   24.26
2025 08 14   22.97
2025 08 15    5.25
2025 08 16    8.81
2025 08 17   12.00
2025 08 18   -1.63
2025 08 19  -27.75
2025 08 20  -44.23
2025 08 21  -59.39
2025 08 22  -76.03
2025 08 23  -72.23
2025 08 24  -66.74
2025 08 25  -21.83
2025 08 26   24.72
2025 08 27   48.34
2025 08 28   56.16
2025 08 29   59.95
2025 08 30   47.46
2025 08 31   33.15
2025 09 01   24.77
2025 09 02    9.96
2025 09 03  -12.45
2025 09 04   -9.14
2025 09 05   13.55
2025 09 06   38.96
2025 09 07   52.90
2025 09 08   71.16
2025 09 09   70.61
2025 09 10   67.69
2025 09 11   65.97
2025 09 12   55.65
2025 09 13   33.84
2025 09 14   13.53
2025 09 15   12.11
2025 09 16   34.06
2025 09 17   47.08
2025 09 18   59.09
2025 09 19   68.85
2025 09 20   74.43
2025 09 21   61.10
2025 09 22   35.85
2025 09 23   69.68
2025 09 24   64.35
2025 09 25   53.08
2025 09 26   43.28
2025 09 27   43.92
2025 09 28   77.36
2025 09 29   71.32
2025 09 30   61.56
2025 10 01   69.03
2025 10 02   56.02
2025 10 03   48.01
2025 10 04   42.52
2025 10 05   62.60
2025 10 06   68.83
2025 10 07   74.15
2025 10 08   68.80
2025 10 09    5.94
2025 10 10  -37.26
2025 10 11  -21.80
2025 10 12   39.53
2025 10 13   61.20
2025 10 14   89.03
2025 10 15  109.06
2025 10 16  103.22
2025 10 17   72.92
2025 10 18   72.49
2025 10 19  111.68
2025 10 20  137.81
2025 10 21  144.69
2025 10 22  179.76
2025 10 23  197.19
2025 10 24  185.46
2025 10 25  171.91
2025 10 26  142.81
2025 10 27   97.77
2025 10 28   90.58
2025 10 29  113.47
2025 10 30  100.78
2025 10 31  114.71
2025 11 01  116.31
2025 11 02  132.59
2025 11 03  120.16
2025 11 04  102.16
2025 11 05   92.13
2025 11 06   94.47
2025 11 07   60.70
2025 11 08   59.73
2025 11 09   94.77
2025 11 10   82.76
2025 11 11   19.80
2025 11 12   28.85
2025 11 13   57.04
2025 11 14   88.42
2025 11 15   73.90
2025 11 16   87.38
2025 11 17   97.40
2025 11 18  110.84
2025 11 19  164.70
2025 11 20  188.12
2025 11 21  140.29
2025 11 22   61.60
2025 11 23  -20.22
2025 11 24  -71.43
2025 11 25  -93.12
2025 11 26 -103.91
2025 11 27 -106.05
2025 11 28 -137.91
2025 11 29 -161.21
2025 11 30 -151.42
2025 12 01 -163.44
2025 12 02 -139.59
2025 12 03 -103.12
2025 12 04 -115.00
2025 12 05  -37.98
2025 12 06  -31.37
2025 12 07  -48.33
2025 12 08  -84.47
2025 12 09 -106.99
2025 12 10 -130.04
2025 12 11 -192.25
2025 12 12 -316.04
2025 12 13 -347.69
2025 12 14 -304.25
2025 12 15 -259.07
2025 12 16 -205.71
2025 12 17 -191.49
2025 12 18 -190.96
2025 12 19 -200.61
2025 12 20 -183.89
2025 12 21 -135.08
2025 12 22 -127.59
2025 12 23 -138.14
2025 12 24 -130.99
2025 12 25 -113.55
2025 12 26 -107.01
2025 12 27  -95.19
2025 12 28  -71.08
2025 12 29  -82.61
2025 12 30 -127.57
2025 12 31 -123.82
2026 01 01  -66.37
2026 01 02   -9.31
2026 01 03   38.30
2026 01 04   99.91
2026 01 05  206.66
2026 01 06  204.73
2026 01 07  145.24
2026 01 08   98.52
2026 01 09   82.00
2026 01 10   84.97
2026 01 11   33.34
2026 01 12   -0.10
2026 01 13  -11.50
2026 01 14  -22.38
2026 01 15  -99.43
2026 01 16 -110.28
2026 01 17 -130.15
2026 01 18 -144.75
2026 01 19 -167.40
2026 01 20 -166.34
2026 01 21 -158.40
2026 01 22 -155.25
2026 01 23 -161.92
2026 01 24 -169.81
2026 01 25 -206.63
2026 01 26 -213.77
2026 01 27 -160.87
2026 01 28  -54.17
2026 01 29  -19.16
2026 01 30  -26.70
2026 01 31  -73.35
2026 02 01  -83.28
2026 02 02  -96.10
2026 02 03  -85.91
2026 02 04  -35.11
2026 02 05  -10.79
2026 02 06  -28.05
2026 02 07   -7.40
2026 02 08   44.47
2026 02 09  110.28
2026 02 10  180.62
2026 02 11  216.27
2026 02 12  160.04
2026 02 13   89.94
2026 02 14   38.02
2026 02 15  -29.25
2026 02 16  -46.77
2026 02 17   27.69
2026 02 18   14.97
2026 02 19  -50.68
2026 02 20 -151.78
2026 02 21 -226.07
2026 02 22 -252.57
2026 02 23 -231.94
2026 02 24 -184.35
2026 02 25 -123.31
2026 02 26 -113.15
2026 02 27 -140.80
2026 02 28 -171.41
2026 03 01 -187.79
2026 03 02 -192.84
2026 03 03 -148.42
2026 03 04  -63.78
2026 03 05  -29.74
2026 03 06   -6.91
2026 03 07   23.52
2026 03 08  -51.12
2026 03 09 -167.46
2026 03 10 -223.14
2026 03 11 -271.67
2026 03 12 -302.09
2026 03 13 -300.46
2026 03 14 -291.63
2026 03 15 -279.65
2026 03 16 -249.45
2026 03 17 -185.36
