year,month,day,ao_index_cdas
1950,1,1,-2.5114431381225586
1950,1,2,-1.5054999589920044
1950,1,3,-1.1732383966445923
1950,1,4,-1.2505396604537964
1950,1,5,-0.1257430762052536
1950,1,6,-0.03618909791111946
1950,1,7,-0.7822170853614807
1950,1,8,-1.374638557434082
1950,1,9,-1.11006760597229
1950,1,10,-0.5954334139823914
1950,1,11,0.11568813771009445
1950,1,12,0.1471908837556839
1950,1,13,0.45472753047943115
1950,1,14,0.4525414705276489
1950,1,15,-0.1763947755098343
1950,1,16,-0.747154951095581
1950,1,17,-0.627898097038269
1950,1,18,-0.5077784657478333
1950,1,19,-0.5817511677742004
1950,1,20,-0.06204226613044739
1950,1,21,0.5147160291671753
1950,1,22,1.3950715065002441
1950,1,23,1.7386053800582886
1950,1,24,1.6289422512054443
1950,1,25,0.9120327830314636
1950,1,26,0.2661888897418976
1950,1,27,0.4243849515914917
1950,1,28,0.6801930665969849
1950,1,29,0.7984143495559692
1950,1,30,0.73058021068573
1950,1,31,1.1025573015213013
1950,2,1,1.2327709197998047
1950,2,2,0.8984151482582092
1950,2,3,0.7330590486526489
1950,2,4,1.1458429098129272
1950,2,5,1.4276130199432373
1950,2,6,1.3000303506851196
1950,2,7,1.256807804107666
1950,2,8,0.8760331273078918
1950,2,9,0.3612375557422638
1950,2,10,-0.030114218592643738
1950,2,11,-0.09287582337856293
1950,2,12,-0.11002742499113083
1950,2,13,-0.18459388613700867
1950,2,14,0.4165487289428711
1950,2,15,0.7775521874427795
1950,2,16,0.865464985370636
1950,2,17,0.899951696395874
1950,2,18,1.0480782985687256
1950,2,19,1.0413110256195068
1950,2,20,0.9426794648170471
1950,2,21,0.3528577387332916
1950,2,22,0.29244935512542725
1950,2,23,0.4910200238227844
1950,2,24,0.8417198061943054
1950,2,25,0.4027606248855591
1950,2,26,0.21378996968269348
1950,2,27,0.04588991403579712
1950,2,28,-0.5226956009864807
1950,3,1,-0.6091629266738892
1950,3,2,-0.41974321007728577
1950,3,3,0.8480934500694275
1950,3,4,2.342548370361328
1950,3,5,2.0793421268463135
1950,3,6,0.5595656037330627
1950,3,7,-0.4120069742202759
1950,3,8,-1.2119964361190796
1950,3,9,-1.508352279663086
1950,3,10,-1.1076704263687134
1950,3,11,-1.3722721338272095
1950,3,12,-2.102552890777588
1950,3,13,-2.513227939605713
1950,3,14,-2.6764402389526367
1950,3,15,-2.8539748191833496
1950,3,16,-2.0096447467803955
1950,3,17,-0.4624559283256531
1950,3,18,0.6337237358093262
1950,3,19,1.2643091678619385
1950,3,20,1.7478156089782715
1950,3,21,1.7727725505828857
1950,3,22,1.20396089553833
1950,3,23,1.1054813861846924
1950,3,24,0.5872192978858948
1950,3,25,-0.015571041963994503
1950,3,26,0.0826476663351059
1950,3,27,0.2113850861787796
1950,3,28,0.24661682546138763
1950,3,29,0.4297485053539276
1950,3,30,1.3768786191940308
1950,3,31,2.5368895530700684
1950,4,1,3.2795872688293457
1950,4,2,2.4150283336639404
1950,4,3,1.5000468492507935
1950,4,4,1.4160348176956177
1950,4,5,1.333879828453064
1950,4,6,0.7732699513435364
1950,4,7,0.611982524394989
1950,4,8,1.278158187866211
1950,4,9,1.2437106370925903
1950,4,10,0.6079034209251404
1950,4,11,-0.254582941532135
1950,4,12,-0.728286862373352
1950,4,13,0.10131210833787918
1950,4,14,0.8462245464324951
1950,4,15,1.524760365486145
1950,4,16,1.3505535125732422
1950,4,17,0.8160277009010315
1950,4,18,-0.03819634020328522
1950,4,19,-0.11861464381217957
1950,4,20,0.5255540609359741
1950,4,21,0.8562514781951904
1950,4,22,0.9800395965576172
1950,4,23,0.4784991443157196
1950,4,24,-0.06838101148605347
1950,4,25,-0.7418493628501892
1950,4,26,-1.3405193090438843
1950,4,27,-1.3175809383392334
1950,4,28,-1.017083764076233
1950,4,29,-0.43303316831588745
1950,4,30,0.17708954215049744
1950,5,1,0.42935362458229065
1950,5,2,0.3176644444465637
1950,5,3,0.1787719428539276
1950,5,4,0.08642199635505676
1950,5,5,-0.3679713010787964
1950,5,6,-0.741554856300354
1950,5,7,-1.0037050247192383
1950,5,8,-0.762812077999115
1950,5,9,-0.40652820467948914
1950,5,10,0.19435127079486847
1950,5,11,0.3662666380405426
1950,5,12,-0.0520334355533123
1950,5,13,-0.4947187900543213
1950,5,14,-0.9003364443778992
1950,5,15,-1.5386881828308105
1950,5,16,-1.7480549812316895
1950,5,17,-1.6080713272094727
1950,5,18,-1.0498226881027222
1950,5,19,-0.5394206643104553
1950,5,20,-0.2010684758424759
1950,5,21,-0.12736253440380096
1950,5,22,0.03577810153365135
1950,5,23,0.24669431149959564
1950,5,24,0.34650787711143494
1950,5,25,0.8500075936317444
1950,5,26,1.7653992176055908
1950,5,27,1.9809998273849487
1950,5,28,1.7613204717636108
1950,5,29,1.8762682676315308
1950,5,30,1.746791958808899
1950,5,31,1.496433973312378
1950,6,1,1.2159669399261475
1950,6,2,1.0018218755722046
1950,6,3,1.0003888607025146
1950,6,4,1.4469878673553467
1950,6,5,1.8205106258392334
1950,6,6,2.0914440155029297
1950,6,7,2.5174102783203125
1950,6,8,2.7639970779418945
1950,6,9,2.542637825012207
1950,6,10,2.181436061859131
1950,6,11,1.402423620223999
1950,6,12,0.7838058471679688
1950,6,13,0.44187846779823303
1950,6,14,0.0346979945898056
1950,6,15,-0.009277922101318836
1950,6,16,0.04411883279681206
1950,6,17,0.041338298469781876
1950,6,18,-0.13234582543373108
1950,6,19,-0.1312018185853958
1950,6,20,-0.44112372398376465
1950,6,21,-0.35956040024757385
1950,6,22,-0.16139589250087738
1950,6,23,-0.370278000831604
1950,6,24,-0.6612809300422668
1950,6,25,-1.066420078277588
1950,6,26,-1.0785170793533325
1950,6,27,-0.589826226234436
1950,6,28,-0.4079442620277405
1950,6,29,-0.3049819767475128
1950,6,30,-0.037153955549001694
1950,7,1,0.20559488236904144
1950,7,2,-0.06145941838622093
1950,7,3,-0.405569851398468
1950,7,4,-0.6594924330711365
1950,7,5,-1.04519784450531
1950,7,6,-1.1379468441009521
1950,7,7,-0.9038170576095581
1950,7,8,-0.8574185371398926
1950,7,9,-0.7540368437767029
1950,7,10,-0.2482200264930725
1950,7,11,0.08705491572618484
1950,7,12,-0.07409986108541489
1950,7,13,-0.4621325433254242
1950,7,14,-0.7229913473129272
1950,7,15,-1.1959902048110962
1950,7,16,-1.5123162269592285
1950,7,17,-1.406192421913147
1950,7,18,-1.4946799278259277
1950,7,19,-1.5253314971923828
1950,7,20,-1.5380789041519165
1950,7,21,-1.5480976104736328
1950,7,22,-1.2544752359390259
1950,7,23,-1.0119365453720093
1950,7,24,-0.7248116135597229
1950,7,25,-0.35988849401474
1950,7,26,-0.20714443922042847
1950,7,27,-0.45398372411727905
1950,7,28,-0.8061326146125793
1950,7,29,-0.673625648021698
1950,7,30,-0.4519447386264801
1950,7,31,-0.7906701564788818
1950,8,1,-0.7472238540649414
1950,8,2,-0.4161418080329895
1950,8,3,-0.3272778391838074
1950,8,4,-0.5287503600120544
1950,8,5,-0.6600000858306885
1950,8,6,-0.45604920387268066
1950,8,7,-0.8579715490341187
1950,8,8,-0.9712105989456177
1950,8,9,-0.39714986085891724
1950,8,10,0.4323219358921051
1950,8,11,0.8621240854263306
1950,8,12,0.907195508480072
1950,8,13,0.6769809722900391
1950,8,14,0.4516609013080597
1950,8,15,0.1343761384487152
1950,8,16,-0.5903260707855225
1950,8,17,-1.1621003150939941
1950,8,18,-1.4928696155548096
1950,8,19,-1.8410454988479614
1950,8,20,-1.9839060306549072
1950,8,21,-2.1905295848846436
1950,8,22,-2.2962424755096436
1950,8,23,-2.3459208011627197
1950,8,24,-2.0870306491851807
1950,8,25,-2.0890471935272217
1950,8,26,-2.0806708335876465
1950,8,27,-1.4366117715835571
1950,8,28,-0.9171385169029236
1950,8,29,-0.6184988021850586
1950,8,30,-0.2370549440383911
1950,8,31,-0.1800159066915512
1950,9,1,-0.18389739096164703
1950,9,2,0.1817418932914734
1950,9,3,0.5121392011642456
1950,9,4,0.5035723447799683
1950,9,5,0.5476933121681213
1950,9,6,0.5785977840423584
1950,9,7,0.45127883553504944
1950,9,8,0.16826866567134857
1950,9,9,0.16693289577960968
1950,9,10,0.3364299237728119
1950,9,11,0.6559299826622009
1950,9,12,0.9625340700149536
1950,9,13,1.1011282205581665
1950,9,14,0.7901359796524048
1950,9,15,0.38515734672546387
1950,9,16,0.10401149094104767
1950,9,17,-0.07111138105392456
1950,9,18,0.40384483337402344
1950,9,19,0.5390260219573975
1950,9,20,0.062428493052721024
1950,9,21,-0.3556451201438904
1950,9,22,-0.9290323853492737
1950,9,23,-0.9299121499061584
1950,9,24,-0.5170803666114807
1950,9,25,-0.28235211968421936
1950,9,26,0.7705156207084656
1950,9,27,1.7961487770080566
1950,9,28,1.7601364850997925
1950,9,29,0.8279294371604919
1950,9,30,0.01768914796411991
1950,10,1,-0.40520527958869934
1950,10,2,-0.415235698223114
1950,10,3,-0.2688106894493103
1950,10,4,-0.6291085481643677
1950,10,5,-0.5174891352653503
1950,10,6,-0.3376442492008209
1950,10,7,0.3455677628517151
1950,10,8,0.8115445375442505
1950,10,9,1.1764637231826782
1950,10,10,1.2549978494644165
1950,10,11,1.00145423412323
1950,10,12,0.7146741151809692
1950,10,13,0.08045579493045807
1950,10,14,-0.6190133690834045
1950,10,15,-0.6669881343841553
1950,10,16,0.03899987041950226
1950,10,17,0.4194996654987335
1950,10,18,0.13836602866649628
1950,10,19,-0.5680643916130066
1950,10,20,-0.8975805044174194
1950,10,21,-1.3322361707687378
1950,10,22,-1.2143038511276245
1950,10,23,-0.5599254369735718
1950,10,24,-0.3269403874874115
1950,10,25,-0.509680449962616
1950,10,26,-1.2620940208435059
1950,10,27,-1.7756109237670898
1950,10,28,-1.2999522686004639
1950,10,29,-0.8524696230888367
1950,10,30,-1.1567492485046387
1950,10,31,-1.6980916261672974
1950,11,1,-2.004154682159424
1950,11,2,-2.326719045639038
1950,11,3,-2.620589017868042
1950,11,4,-1.6799802780151367
1950,11,5,-1.056308627128601
1950,11,6,-0.5212512612342834
1950,11,7,1.0771766901016235
1950,11,8,1.2450765371322632
1950,11,9,0.4662303030490875
1950,11,10,0.34585222601890564
1950,11,11,0.7301386594772339
1950,11,12,2.4865646362304688
1950,11,13,2.603985071182251
1950,11,14,1.5366352796554565
1950,11,15,0.24297834932804108
1950,11,16,-0.13536086678504944
1950,11,17,-0.01975139044225216
1950,11,18,-0.8952040076255798
1950,11,19,-1.901680588722229
1950,11,20,-3.0408709049224854
1950,11,21,-3.112978219985962
1950,11,22,-2.660930871963501
1950,11,23,-2.0933516025543213
1950,11,24,-1.234495759010315
1950,11,25,-0.7740083932876587
1950,11,26,-0.8627129793167114
1950,11,27,-0.683326780796051
1950,11,28,0.40246284008026123
1950,11,29,1.1119487285614014
1950,11,30,0.46787717938423157
1950,12,1,-0.08047962933778763
1950,12,2,-0.5789653658866882
1950,12,3,-0.6252403855323792
1950,12,4,-0.7514652609825134
1950,12,5,-0.518275797367096
1950,12,6,0.7805824279785156
1950,12,7,0.7315477728843689
1950,12,8,-0.22192001342773438
1950,12,9,-0.18722397089004517
1950,12,10,0.20132414996623993
1950,12,11,0.04642544686794281
1950,12,12,-0.16114941239356995
1950,12,13,-0.6415268778800964
1950,12,14,-1.7387104034423828
1950,12,15,-2.265289306640625
1950,12,16,-2.2677648067474365
1950,12,17,-2.363483190536499
1950,12,18,-1.8841371536254883
1950,12,19,-2.1717145442962646
1950,12,20,-2.3672709465026855
1950,12,21,-2.777493953704834
1950,12,22,-3.8060476779937744
1950,12,23,-4.15326452255249
1950,12,24,-4.33419132232666
1950,12,25,-4.181519985198975
1950,12,26,-4.299957275390625
1950,12,27,-4.3530707359313965
1950,12,28,-3.8420357704162598
1950,12,29,-3.3559460639953613
1950,12,30,-2.905759572982788
1950,12,31,-2.574537754058838
1951,1,1,-2.7181780338287354
1951,1,2,-2.6941981315612793
1951,1,3,-2.322202444076538
1951,1,4,-2.2788197994232178
1951,1,5,-1.9943082332611084
1951,1,6,-1.0891369581222534
1951,1,7,-0.038847554475069046
1951,1,8,0.5261077880859375
1951,1,9,0.6951122283935547
1951,1,10,1.4892641305923462
1951,1,11,2.1294450759887695
1951,1,12,1.8481059074401855
1951,1,13,1.8611291646957397
1951,1,14,1.3663159608840942
1951,1,15,0.601904034614563
1951,1,16,0.9313657283782959
1951,1,17,1.8900985717773438
1951,1,18,1.1887907981872559
1951,1,19,-0.15084631741046906
1951,1,20,-0.5850732326507568
1951,1,21,-0.21845696866512299
1951,1,22,0.27901217341423035
1951,1,23,0.9796439409255981
1951,1,24,1.1586107015609741
1951,1,25,0.184927836060524
1951,1,26,-0.7107160091400146
1951,1,27,-1.6640397310256958
1951,1,28,-1.97215735912323
1951,1,29,-0.854738712310791
1951,1,30,-0.2714317739009857
1951,1,31,-0.11011619865894318
1951,2,1,0.2155683934688568
1951,2,2,0.5535659790039062
1951,2,3,0.8311672806739807
1951,2,4,0.6428198218345642
1951,2,5,-0.1951729953289032
1951,2,6,-0.7973090410232544
1951,2,7,-1.2826080322265625
1951,2,8,-1.5500218868255615
1951,2,9,-2.265854597091675
1951,2,10,-1.4248700141906738
1951,2,11,-0.9743686318397522
1951,2,12,-1.2651965618133545
1951,2,13,-1.2946001291275024
1951,2,14,-1.1443663835525513
1951,2,15,-0.4002740979194641
1951,2,16,0.3859604001045227
1951,2,17,1.1267778873443604
1951,2,18,1.5756779909133911
1951,2,19,0.7619091868400574
1951,2,20,-0.5767790675163269
1951,2,21,-1.166562795639038
1951,2,22,-1.26995050907135
1951,2,23,-0.7698051333427429
1951,2,24,-0.5819703340530396
1951,2,25,-0.5885684490203857
1951,2,26,-0.3006020486354828
1951,2,27,0.10081961005926132
1951,2,28,0.8521636128425598
1951,3,1,1.4149160385131836
1951,3,2,1.0969018936157227
1951,3,3,0.7409871816635132
1951,3,4,-0.44288548827171326
1951,3,5,-1.5550726652145386
1951,3,6,-2.7357656955718994
1951,3,7,-4.019931316375732
1951,3,8,-4.3297247886657715
1951,3,9,-3.8678348064422607
1951,3,10,-3.970172882080078
1951,3,11,-3.8650190830230713
1951,3,12,-3.094515085220337
1951,3,13,-2.805039644241333
1951,3,14,-2.14530348777771
1951,3,15,-1.540818691253662
1951,3,16,-1.9765958786010742
1951,3,17,-2.6605072021484375
1951,3,18,-2.568898916244507
1951,3,19,-2.1510846614837646
1951,3,20,-1.8933765888214111
1951,3,21,-1.818862795829773
1951,3,22,-1.8491462469100952
1951,3,23,-1.4545842409133911
1951,3,24,-1.0152134895324707
1951,3,25,-0.7398125529289246
1951,3,26,-0.37564677000045776
1951,3,27,-0.8828379511833191
1951,3,28,-1.488133192062378
1951,3,29,-1.9691911935806274
1951,3,30,-2.034041166305542
1951,3,31,-1.8304194211959839
1951,4,1,-1.5837185382843018
1951,4,2,-0.9724249243736267
1951,4,3,-0.43087080121040344
1951,4,4,-0.24393485486507416
1951,4,5,-0.34018486738204956
1951,4,6,-0.766230046749115
1951,4,7,-0.4997996389865875
1951,4,8,-0.2347731739282608
1951,4,9,-0.37294963002204895
1951,4,10,-0.7188037037849426
1951,4,11,-0.8882637619972229
1951,4,12,-0.9292463660240173
1951,4,13,-1.0644028186798096
1951,4,14,-1.5686534643173218
1951,4,15,-1.8896255493164062
1951,4,16,-2.128462076187134
1951,4,17,-2.0620951652526855
1951,4,18,-1.7114278078079224
1951,4,19,-1.1997883319854736
1951,4,20,-0.5974864363670349
1951,4,21,-0.3659994304180145
1951,4,22,0.08118538558483124
1951,4,23,0.3969725966453552
1951,4,24,-0.16270431876182556
1951,4,25,-0.4129250943660736
1951,4,26,-0.7729923725128174
1951,4,27,-0.4822778105735779
1951,4,28,0.0344911627471447
1951,4,29,0.1362208127975464
1951,4,30,-0.7177466154098511
1951,5,1,-1.249313235282898
1951,5,2,-1.8336414098739624
1951,5,3,-2.1918296813964844
1951,5,4,-2.65712308883667
1951,5,5,-2.5805797576904297
1951,5,6,-2.0851023197174072
1951,5,7,-1.427381157875061
1951,5,8,-0.9448843598365784
1951,5,9,-0.8101294636726379
1951,5,10,-0.9223513007164001
1951,5,11,-0.7180483341217041
1951,5,12,-0.9249712228775024
1951,5,13,-1.0895248651504517
1951,5,14,-0.34189915657043457
1951,5,15,0.3214913010597229
1951,5,16,0.36767059564590454
1951,5,17,0.299643337726593
1951,5,18,0.5904159545898438
1951,5,19,0.3987749516963959
1951,5,20,-0.11947957426309586
1951,5,21,-0.5183286070823669
1951,5,22,-0.4888123571872711
1951,5,23,-0.5582371354103088
1951,5,24,-0.5493366122245789
1951,5,25,-0.19830547273159027
1951,5,26,-0.6247950196266174
1951,5,27,-1.058313012123108
1951,5,28,-1.3217251300811768
1951,5,29,-1.0185641050338745
1951,5,30,-0.8518897891044617
1951,5,31,-0.6914732456207275
1951,6,1,-0.7433200478553772
1951,6,2,-0.722267210483551
1951,6,3,-1.1335994005203247
1951,6,4,-1.5873842239379883
1951,6,5,-1.952862024307251
1951,6,6,-2.217947006225586
1951,6,7,-2.412292003631592
1951,6,8,-2.4703738689422607
1951,6,9,-2.3173553943634033
1951,6,10,-2.096440076828003
1951,6,11,-1.7723530530929565
1951,6,12,-1.3044028282165527
1951,6,13,-0.6088176369667053
1951,6,14,0.2771260738372803
1951,6,15,0.885672390460968
1951,6,16,0.9184061288833618
1951,6,17,0.7757765650749207
1951,6,18,0.7144246101379395
1951,6,19,0.4959251284599304
1951,6,20,-0.14430849254131317
1951,6,21,-0.4221566915512085
1951,6,22,-0.7118238806724548
1951,6,23,-0.834911048412323
1951,6,24,-0.7273364663124084
1951,6,25,-0.7157559990882874
1951,6,26,-1.060829520225525
1951,6,27,-1.4179786443710327
1951,6,28,-1.5648093223571777
1951,6,29,-1.0990002155303955
1951,6,30,-0.5884112119674683
1951,7,1,-0.2435550093650818
1951,7,2,0.05659887567162514
1951,7,3,-0.009095408022403717
1951,7,4,-0.07626635581254959
1951,7,5,0.011441408656537533
1951,7,6,0.33351361751556396
1951,7,7,0.3118809759616852
1951,7,8,0.13845939934253693
1951,7,9,0.05946436524391174
1951,7,10,0.25854432582855225
1951,7,11,0.43083593249320984
1951,7,12,0.2726733684539795
1951,7,13,0.23244047164916992
1951,7,14,0.22927507758140564
1951,7,15,0.38962623476982117
1951,7,16,0.5881887078285217
1951,7,17,0.7423540949821472
1951,7,18,0.7413320541381836
1951,7,19,0.43384280800819397
1951,7,20,-0.11571706086397171
1951,7,21,-0.4902147054672241
1951,7,22,-0.3202810287475586
1951,7,23,-0.0472092479467392
1951,7,24,-0.018791137263178825
1951,7,25,-0.16591383516788483
1951,7,26,-0.24385906755924225
1951,7,27,-0.2533970773220062
1951,7,28,-0.17975005507469177
1951,7,29,-0.12650804221630096
1951,7,30,-0.0647401362657547
1951,7,31,-0.18681563436985016
1951,8,1,0.04756839945912361
1951,8,2,0.023699527606368065
1951,8,3,-0.2927917540073395
1951,8,4,-0.5468405485153198
1951,8,5,-0.8689162731170654
1951,8,6,-0.738830029964447
1951,8,7,-0.6743770837783813
1951,8,8,-0.8576889038085938
1951,8,9,-0.7394252419471741
1951,8,10,-0.40851715207099915
1951,8,11,-0.24868716299533844
1951,8,12,-0.041875287890434265
1951,8,13,0.13126951456069946
1951,8,14,0.38208916783332825
1951,8,15,0.5974120497703552
1951,8,16,0.4613824486732483
1951,8,17,0.40454310178756714
1951,8,18,0.32014578580856323
1951,8,19,0.2561720907688141
1951,8,20,0.07823912799358368
1951,8,21,-0.23002682626247406
1951,8,22,-0.20881864428520203
1951,8,23,-0.22236239910125732
1951,8,24,-0.2448369860649109
1951,8,25,-0.6717581748962402
1951,8,26,-1.0615527629852295
1951,8,27,-1.2942177057266235
1951,8,28,-1.3942582607269287
1951,8,29,-1.262182593345642
1951,8,30,-1.0400696992874146
1951,8,31,-0.9412134885787964
1951,9,1,-1.025189995765686
1951,9,2,-0.9766330122947693
1951,9,3,-0.6229795217514038
1951,9,4,-0.17018072307109833
1951,9,5,-0.08300928771495819
1951,9,6,-0.2289743274450302
1951,9,7,-0.8054901957511902
1951,9,8,-1.4182296991348267
1951,9,9,-1.7298107147216797
1951,9,10,-1.3479236364364624
1951,9,11,-0.6861287951469421
1951,9,12,-0.36641374230384827
1951,9,13,-0.6162025332450867
1951,9,14,-0.7265787124633789
1951,9,15,-0.3776092231273651
1951,9,16,0.34509050846099854
1951,9,17,0.499985009431839
1951,9,18,0.39480721950531006
1951,9,19,0.2473006397485733
1951,9,20,-0.17939689755439758
1951,9,21,-0.2542453110218048
1951,9,22,-0.6008358001708984
1951,9,23,-1.020300030708313
1951,9,24,-1.3176552057266235
1951,9,25,-1.2481523752212524
1951,9,26,-1.1694960594177246
1951,9,27,-1.4732612371444702
1951,9,28,-2.037787675857544
1951,9,29,-2.4048118591308594
1951,9,30,-2.263516664505005
1951,10,1,-1.8149950504302979
1951,10,2,-1.5596743822097778
1951,10,3,-1.4746776819229126
1951,10,4,-1.2593841552734375
1951,10,5,-1.0602420568466187
1951,10,6,-0.5797452926635742
1951,10,7,0.0031282566487789154
1951,10,8,0.25183552503585815
1951,10,9,1.0747394561767578
1951,10,10,1.5381584167480469
1951,10,11,1.6399983167648315
1951,10,12,1.3251746892929077
1951,10,13,1.0680015087127686
1951,10,14,1.1627185344696045
1951,10,15,0.7168014049530029
1951,10,16,0.2776168882846832
1951,10,17,0.11203351616859436
1951,10,18,0.03560464829206467
1951,10,19,0.03417399898171425
1951,10,20,-0.5154024362564087
1951,10,21,-1.040639877319336
1951,10,22,-0.8387882709503174
1951,10,23,-0.7657238841056824
1951,10,24,-0.4834088087081909
1951,10,25,-0.5639229416847229
1951,10,26,-0.7423995733261108
1951,10,27,-0.49998730421066284
1951,10,28,-0.3358021378517151
1951,10,29,-0.7494397759437561
1951,10,30,-0.9042356014251709
1951,10,31,-0.41993647813796997
1951,11,1,-0.4676172733306885
1951,11,2,-0.24290041625499725
1951,11,3,-0.43366146087646484
1951,11,4,-1.9837394952774048
1951,11,5,-2.7848403453826904
1951,11,6,-1.8431533575057983
1951,11,7,-0.4535863399505615
1951,11,8,-0.6380977034568787
1951,11,9,-1.7045962810516357
1951,11,10,-1.4769233465194702
1951,11,11,-0.44546160101890564
1951,11,12,-0.20581187307834625
1951,11,13,-0.5865373611450195
1951,11,14,-0.8225773572921753
1951,11,15,-0.7715826034545898
1951,11,16,-0.3237471878528595
1951,11,17,-0.10441490262746811
1951,11,18,-0.47981342673301697
1951,11,19,-0.5774713754653931
1951,11,20,-0.10304872691631317
1951,11,21,0.04136953130364418
1951,11,22,0.11789888888597488
1951,11,23,0.3903045058250427
1951,11,24,1.0556384325027466
1951,11,25,1.7450560331344604
1951,11,26,2.7022511959075928
1951,11,27,2.3638992309570312
1951,11,28,1.6703526973724365
1951,11,29,2.006342649459839
1951,11,30,2.3710341453552246
1951,12,1,2.1501476764678955
1951,12,2,1.8682146072387695
1951,12,3,1.975147008895874
1951,12,4,2.506075859069824
1951,12,5,2.711756467819214
1951,12,6,1.939650535583496
1951,12,7,1.0548701286315918
1951,12,8,0.9380822777748108
1951,12,9,1.2817511558532715
1951,12,10,1.2905068397521973
1951,12,11,0.9472981095314026
1951,12,12,0.8563799858093262
1951,12,13,0.11299186199903488
1951,12,14,0.915238618850708
1951,12,15,1.7091803550720215
1951,12,16,1.0594745874404907
1951,12,17,1.0767414569854736
1951,12,18,2.1634514331817627
1951,12,19,2.64699649810791
1951,12,20,2.512716293334961
1951,12,21,2.893200397491455
1951,12,22,3.0568273067474365
1951,12,23,3.2798359394073486
1951,12,24,3.473778247833252
1951,12,25,3.550572633743286
1951,12,26,2.9511008262634277
1951,12,27,2.9090211391448975
1951,12,28,2.3607399463653564
1951,12,29,1.0055935382843018
1951,12,30,1.131975769996643
1951,12,31,1.0809085369110107
1952,1,1,1.4622787237167358
1952,1,2,1.4839576482772827
1952,1,3,1.9774119853973389
1952,1,4,2.6561155319213867
1952,1,5,2.747255325317383
1952,1,6,3.3799712657928467
1952,1,7,3.3673202991485596
1952,1,8,2.940478801727295
1952,1,9,2.6864476203918457
1952,1,10,2.6614530086517334
1952,1,11,1.6527270078659058
1952,1,12,1.6799886226654053
1952,1,13,2.269867420196533
1952,1,14,2.0681257247924805
1952,1,15,2.1341495513916016
1952,1,16,1.9086872339248657
1952,1,17,0.39850565791130066
1952,1,18,-0.7530920505523682
1952,1,19,-1.1608856916427612
1952,1,20,-2.027839422225952
1952,1,21,-2.8440957069396973
1952,1,22,-3.375934362411499
1952,1,23,-3.566432237625122
1952,1,24,-3.2540512084960938
1952,1,25,-3.016300916671753
1952,1,26,-2.2160627841949463
1952,1,27,-1.4982211589813232
1952,1,28,-1.5289006233215332
1952,1,29,-1.292235255241394
1952,1,30,-0.3354242146015167
1952,1,31,0.4012831151485443
1952,2,1,0.10806531459093094
1952,2,2,-0.19036366045475006
1952,2,3,-0.8053150773048401
1952,2,4,-1.1201356649398804
1952,2,5,-1.416507363319397
1952,2,6,-1.4673234224319458
1952,2,7,-1.4620617628097534
1952,2,8,-1.3690948486328125
1952,2,9,-0.9911326766014099
1952,2,10,-1.2985013723373413
1952,2,11,-2.045417308807373
1952,2,12,-2.5085723400115967
1952,2,13,-2.4966812133789062
1952,2,14,-2.2122275829315186
1952,2,15,-1.8879581689834595
1952,2,16,-1.8298659324645996
1952,2,17,-2.1028225421905518
1952,2,18,-2.348703145980835
1952,2,19,-1.9737013578414917
1952,2,20,-1.8295035362243652
1952,2,21,-1.7877781391143799
1952,2,22,-1.8407020568847656
1952,2,23,-1.6283385753631592
1952,2,24,-1.2287689447402954
1952,2,25,-1.195136547088623
1952,2,26,-1.6638846397399902
1952,2,27,-2.3914132118225098
1952,2,28,-2.8708560466766357
1952,2,29,-3.015488386154175
1952,3,1,-2.923375129699707
1952,3,2,-2.946112632751465
1952,3,3,-3.3335204124450684
1952,3,4,-3.804816961288452
1952,3,5,-3.7951488494873047
1952,3,6,-3.7346763610839844
1952,3,7,-2.642568826675415
1952,3,8,-1.4011846780776978
1952,3,9,-0.675132691860199
1952,3,10,-0.5010518431663513
1952,3,11,0.005746060516685247
1952,3,12,0.00022748770425096154
1952,3,13,-0.796220064163208
1952,3,14,-1.2895499467849731
1952,3,15,-0.8155330419540405
1952,3,16,-0.6301646828651428
1952,3,17,-0.6836461424827576
1952,3,18,-1.0222506523132324
1952,3,19,-0.7998105883598328
1952,3,20,-0.96575528383255
1952,3,21,-1.594989538192749
1952,3,22,-1.7052658796310425
1952,3,23,-1.7752259969711304
1952,3,24,-1.7564564943313599
1952,3,25,-1.797006607055664
1952,3,26,-2.3132247924804688
1952,3,27,-2.7380411624908447
1952,3,28,-3.122668743133545
1952,3,29,-2.3719279766082764
1952,3,30,-1.9197678565979004
1952,3,31,-1.748063325881958
1952,4,1,-1.639560580253601
1952,4,2,-1.0073564052581787
1952,4,3,-0.011142829433083534
1952,4,4,0.6189354062080383
1952,4,5,0.29646608233451843
1952,4,6,-0.020736724138259888
1952,4,7,0.28168025612831116
1952,4,8,0.5420235395431519
1952,4,9,0.7676576972007751
1952,4,10,1.3848071098327637
1952,4,11,1.7690129280090332
1952,4,12,1.3450926542282104
1952,4,13,0.6782869100570679
1952,4,14,-0.3580043613910675
1952,4,15,-1.0883184671401978
1952,4,16,-0.9498197436332703
1952,4,17,0.3149089515209198
1952,4,18,1.5745995044708252
1952,4,19,2.0855629444122314
1952,4,20,2.0196187496185303
1952,4,21,1.4835351705551147
1952,4,22,1.3492825031280518
1952,4,23,1.4682153463363647
1952,4,24,1.2081828117370605
1952,4,25,1.3766649961471558
1952,4,26,1.2393333911895752
1952,4,27,0.6964889168739319
1952,4,28,0.0009807447204366326
1952,4,29,-0.611575186252594
1952,4,30,-1.236756443977356
1952,5,1,-1.2691508531570435
1952,5,2,-1.370252251625061
1952,5,3,-1.4882874488830566
1952,5,4,-1.5889651775360107
1952,5,5,-1.2415741682052612
1952,5,6,-1.2193456888198853
1952,5,7,-1.3741159439086914
1952,5,8,-1.1336944103240967
1952,5,9,-0.9433431029319763
1952,5,10,-1.0416733026504517
1952,5,11,-1.1432371139526367
1952,5,12,-1.1455159187316895
1952,5,13,-1.184885025024414
1952,5,14,-1.1314185857772827
1952,5,15,-1.2865978479385376
1952,5,16,-1.1262133121490479
1952,5,17,-0.48215562105178833
1952,5,18,0.28321316838264465
1952,5,19,0.6427611112594604
1952,5,20,0.8435047268867493
1952,5,21,0.530802845954895
1952,5,22,0.3432508111000061
1952,5,23,0.37669309973716736
1952,5,24,0.29429614543914795
1952,5,25,0.03739297389984131
1952,5,26,-0.6442872881889343
1952,5,27,-0.7874499559402466
1952,5,28,-0.7689350247383118
1952,5,29,-0.9878019690513611
1952,5,30,-1.5909245014190674
1952,5,31,-1.531010389328003
1952,6,1,-1.0997580289840698
1952,6,2,-1.0571340322494507
1952,6,3,-1.0482929944992065
1952,6,4,-0.4709720015525818
1952,6,5,0.062075741589069366
1952,6,6,0.3584754168987274
1952,6,7,0.5566694140434265
1952,6,8,0.5225293636322021
1952,6,9,0.3839225172996521
1952,6,10,-4.673029252444394e-05
1952,6,11,-0.2171730101108551
1952,6,12,-0.7909160852432251
1952,6,13,-1.3638116121292114
1952,6,14,-1.2314034700393677
1952,6,15,-0.8583436608314514
1952,6,16,-0.725363552570343
1952,6,17,-1.0445588827133179
1952,6,18,-0.995498776435852
1952,6,19,-0.7924420237541199
1952,6,20,-0.675834059715271
1952,6,21,-0.3419136106967926
1952,6,22,-0.18636688590049744
1952,6,23,-0.0260538961738348
1952,6,24,-0.17305491864681244
1952,6,25,-0.48757171630859375
1952,6,26,-0.5830236673355103
1952,6,27,-0.39336174726486206
1952,6,28,-0.0710003525018692
1952,6,29,-0.0158882774412632
1952,6,30,0.005607531405985355
1952,7,1,0.14742456376552582
1952,7,2,0.5692921876907349
1952,7,3,0.719706654548645
1952,7,4,0.6839784383773804
1952,7,5,0.10917197912931442
1952,7,6,-0.14946386218070984
1952,7,7,-0.10079898685216904
1952,7,8,0.39097291231155396
1952,7,9,0.5955384969711304
1952,7,10,0.1917203664779663
1952,7,11,-0.029902681708335876
1952,7,12,0.07443531602621078
1952,7,13,0.3340892493724823
1952,7,14,0.9832050204277039
1952,7,15,1.401871919631958
1952,7,16,1.389755129814148
1952,7,17,1.1307133436203003
1952,7,18,0.8543530106544495
1952,7,19,0.628626823425293
1952,7,20,0.6047384738922119
1952,7,21,0.45001885294914246
1952,7,22,0.44624561071395874
1952,7,23,0.26889416575431824
1952,7,24,0.2597418427467346
1952,7,25,-0.08500045537948608
1952,7,26,-0.0034808688797056675
1952,7,27,0.379633367061615
1952,7,28,0.44025278091430664
1952,7,29,0.06365785747766495
1952,7,30,-0.4998961091041565
1952,7,31,-0.7996332049369812
1952,8,1,-0.7559159398078918
1952,8,2,-0.8519106507301331
1952,8,3,-0.9747487902641296
1952,8,4,-1.1234869956970215
1952,8,5,-0.8607903718948364
1952,8,6,-0.5776509046554565
1952,8,7,-0.44691431522369385
1952,8,8,-0.738937258720398
1952,8,9,-0.8649235963821411
1952,8,10,-0.7735866904258728
1952,8,11,-0.5925790667533875
1952,8,12,-0.1755187064409256
1952,8,13,0.17201825976371765
1952,8,14,0.1642945557832718
1952,8,15,0.30935752391815186
1952,8,16,0.5242293477058411
1952,8,17,0.3653588891029358
1952,8,18,-0.10689125955104828
1952,8,19,-0.6125364899635315
1952,8,20,-0.5901336073875427
1952,8,21,-0.43954455852508545
1952,8,22,0.013298969715833664
1952,8,23,0.4101369380950928
1952,8,24,0.16546040773391724
1952,8,25,0.4512658715248108
1952,8,26,1.1440397500991821
1952,8,27,1.3834307193756104
1952,8,28,1.3536462783813477
1952,8,29,1.1287320852279663
1952,8,30,0.915319561958313
1952,8,31,1.0745160579681396
1952,9,1,1.2877442836761475
1952,9,2,1.0863564014434814
1952,9,3,0.3898770809173584
1952,9,4,0.06443720310926437
1952,9,5,-0.1416918933391571
1952,9,6,-0.20229491591453552
1952,9,7,-0.13790330290794373
1952,9,8,0.0700262114405632
1952,9,9,0.579622209072113
1952,9,10,0.6663873195648193
1952,9,11,-0.07298065721988678
1952,9,12,-0.7799018621444702
1952,9,13,-0.9954252243041992
1952,9,14,-1.3677771091461182
1952,9,15,-1.4003831148147583
1952,9,16,-0.8457027077674866
1952,9,17,-0.39989253878593445
1952,9,18,-0.47016581892967224
1952,9,19,-0.43760138750076294
1952,9,20,-0.7911788821220398
1952,9,21,-0.828930139541626
1952,9,22,-0.7362247109413147
1952,9,23,-0.6194818615913391
1952,9,24,-0.6027877330780029
1952,9,25,-0.3433385491371155
1952,9,26,-0.4692676365375519
1952,9,27,-0.8973535895347595
1952,9,28,-1.0777688026428223
1952,9,29,-0.738908588886261
1952,9,30,-0.8846744298934937
1952,10,1,-1.5248785018920898
1952,10,2,-1.9476503133773804
1952,10,3,-1.9720433950424194
1952,10,4,-2.0425314903259277
1952,10,5,-2.0641098022460938
1952,10,6,-0.9736212491989136
1952,10,7,0.07702358812093735
1952,10,8,-0.22899067401885986
1952,10,9,-0.4415682852268219
1952,10,10,0.35563406348228455
1952,10,11,1.0485682487487793
1952,10,12,1.3088690042495728
1952,10,13,1.1364983320236206
1952,10,14,0.41599971055984497
1952,10,15,-0.11604583263397217
1952,10,16,-1.0922893285751343
1952,10,17,-1.442427635192871
1952,10,18,-1.4692838191986084
1952,10,19,-1.5378215312957764
1952,10,20,-1.5256470441818237
1952,10,21,-1.1650700569152832
1952,10,22,-0.5808232426643372
1952,10,23,0.12179549783468246
1952,10,24,0.4325804114341736
1952,10,25,0.1364092379808426
1952,10,26,-0.35086968541145325
1952,10,27,-0.864617109298706
1952,10,28,-0.04528171569108963
1952,10,29,1.0189265012741089
1952,10,30,1.2180016040802002
1952,10,31,1.0418869256973267
1952,11,1,0.6323044896125793
1952,11,2,0.3054729104042053
1952,11,3,-0.11620017886161804
1952,11,4,-0.24207425117492676
1952,11,5,-0.46335387229919434
1952,11,6,-1.1658694744110107
1952,11,7,-1.980012059211731
1952,11,8,-2.311939239501953
1952,11,9,-2.0294806957244873
1952,11,10,-1.8180862665176392
1952,11,11,-1.9704408645629883
1952,11,12,-2.0992400646209717
1952,11,13,-2.1812360286712646
1952,11,14,-2.610795021057129
1952,11,15,-3.0587096214294434
1952,11,16,-2.679781436920166
1952,11,17,-2.1029982566833496
1952,11,18,-2.128390073776245
1952,11,19,-1.99268639087677
1952,11,20,-2.2146668434143066
1952,11,21,-2.9498507976531982
1952,11,22,-2.72050404548645
1952,11,23,-1.967857837677002
1952,11,24,-1.9199821949005127
1952,11,25,-2.606511354446411
1952,11,26,-2.9598307609558105
1952,11,27,-2.5761842727661133
1952,11,28,-1.637932300567627
1952,11,29,-1.595045566558838
1952,11,30,-1.551683783531189
1952,12,1,-1.805059790611267
1952,12,2,-2.0292534828186035
1952,12,3,-2.1212830543518066
1952,12,4,-2.131500005722046
1952,12,5,-1.867587924003601
1952,12,6,-1.3106788396835327
1952,12,7,-1.1082478761672974
1952,12,8,-0.5271570086479187
1952,12,9,-0.37515076994895935
1952,12,10,-0.5103751420974731
1952,12,11,-0.9730535745620728
1952,12,12,-1.6738266944885254
1952,12,13,-2.371825695037842
1952,12,14,-1.4676322937011719
1952,12,15,-0.2428663969039917
1952,12,16,0.058552417904138565
1952,12,17,-0.33122357726097107
1952,12,18,0.09172872453927994
1952,12,19,-0.15303224325180054
1952,12,20,-1.1780039072036743
1952,12,21,-2.253736972808838
1952,12,22,-2.595113515853882
1952,12,23,-2.8024754524230957
1952,12,24,-2.4689035415649414
1952,12,25,-2.673063278198242
1952,12,26,-3.184403419494629
1952,12,27,-3.76621150970459
1952,12,28,-3.7384531497955322
1952,12,29,-3.3525850772857666
1952,12,30,-3.126319408416748
1952,12,31,-2.6273977756500244
1953,1,1,-2.43237042427063
1953,1,2,-1.9993839263916016
1953,1,3,-2.3698744773864746
1953,1,4,-2.7634758949279785
1953,1,5,-3.1374313831329346
1953,1,6,-2.844430923461914
1953,1,7,-2.324686288833618
1953,1,8,-1.8277138471603394
1953,1,9,-1.2796369791030884
1953,1,10,-1.0522346496582031
1953,1,11,-1.4846980571746826
1953,1,12,-1.3344463109970093
1953,1,13,-0.379734605550766
1953,1,14,0.4325370490550995
1953,1,15,0.5959516763687134
1953,1,16,0.39723649621009827
1953,1,17,0.3322460651397705
1953,1,18,0.23215502500534058
1953,1,19,-0.12909430265426636
1953,1,20,-0.4715694487094879
1953,1,21,-0.6890915632247925
1953,1,22,-0.18883337080478668
1953,1,23,-0.038323357701301575
1953,1,24,-0.0558752566576004
1953,1,25,0.018516073003411293
1953,1,26,0.5312168598175049
1953,1,27,0.6909106969833374
1953,1,28,-0.19262093305587769
1953,1,29,-1.8283909559249878
1953,1,30,-2.6440370082855225
1953,1,31,-2.744048833847046
1953,2,1,-3.089860439300537
1953,2,2,-3.3251965045928955
1953,2,3,-3.084951162338257
1953,2,4,-2.756132125854492
1953,2,5,-2.40145206451416
1953,2,6,-1.9714622497558594
1953,2,7,-1.0547618865966797
1953,2,8,-0.5134224891662598
1953,2,9,-1.1511870622634888
1953,2,10,-2.5741889476776123
1953,2,11,-3.501770496368408
1953,2,12,-3.295126438140869
1953,2,13,-2.520085334777832
1953,2,14,-1.9616600275039673
1953,2,15,-1.0055030584335327
1953,2,16,-0.3941466808319092
1953,2,17,0.18963441252708435
1953,2,18,0.8244500756263733
1953,2,19,1.336214303970337
1953,2,20,2.6259536743164062
1953,2,21,3.3932809829711914
1953,2,22,2.827488899230957
1953,2,23,2.5116381645202637
1953,2,24,2.845395565032959
1953,2,25,3.389507293701172
1953,2,26,3.516331434249878
1953,2,27,2.652275800704956
1953,2,28,1.7538870573043823
1953,3,1,1.7153468132019043
1953,3,2,1.9893070459365845
1953,3,3,2.1723809242248535
1953,3,4,2.271904468536377
1953,3,5,1.8164737224578857
1953,3,6,2.7302205562591553
1953,3,7,3.0861361026763916
1953,3,8,2.4137978553771973
1953,3,9,1.3444890975952148
1953,3,10,0.97847980260849
1953,3,11,1.2182228565216064
1953,3,12,1.4641239643096924
1953,3,13,1.437501311302185
1953,3,14,1.1756786108016968
1953,3,15,0.6329396367073059
1953,3,16,0.33777058124542236
1953,3,17,0.35266801714897156
1953,3,18,-0.0620250441133976
1953,3,19,-0.37619107961654663
1953,3,20,0.12268813699483871
1953,3,21,0.3265441358089447
1953,3,22,-0.047841671854257584
1953,3,23,-0.11493799090385437
1953,3,24,0.06036975234746933
1953,3,25,0.47599172592163086
1953,3,26,1.233581781387329
1953,3,27,1.2697240114212036
1953,3,28,0.694202721118927
1953,3,29,0.5427454710006714
1953,3,30,0.5519652366638184
1953,3,31,0.1230681836605072
1953,4,1,-0.8030148148536682
1953,4,2,-1.1722121238708496
1953,4,3,-0.7396772503852844
1953,4,4,-0.1951717734336853
1953,4,5,-0.10213828086853027
1953,4,6,-0.6152134537696838
1953,4,7,-1.252393126487732
1953,4,8,-1.4566164016723633
1953,4,9,-0.929943859577179
1953,4,10,-0.6778156161308289
1953,4,11,-0.765777587890625
1953,4,12,-0.8291334509849548
1953,4,13,-1.2045689821243286
1953,4,14,-1.9340497255325317
1953,4,15,-2.428457021713257
1953,4,16,-2.617041826248169
1953,4,17,-2.646536350250244
1953,4,18,-2.0633418560028076
1953,4,19,-0.9665905237197876
1953,4,20,-0.02301543578505516
1953,4,21,0.0375247523188591
1953,4,22,-0.6780784726142883
1953,4,23,-1.0224361419677734
1953,4,24,-1.2724610567092896
1953,4,25,-1.74174165725708
1953,4,26,-2.043889045715332
1953,4,27,-1.9675999879837036
1953,4,28,-1.433811068534851
1953,4,29,-1.2379956245422363
1953,4,30,-1.553421139717102
1953,5,1,-1.5965588092803955
1953,5,2,-1.2720650434494019
1953,5,3,-0.8409188985824585
1953,5,4,-0.5727785229682922
1953,5,5,-0.033239539712667465
1953,5,6,0.08846879005432129
1953,5,7,-0.1228896751999855
1953,5,8,-0.5879458785057068
1953,5,9,-1.3911212682724
1953,5,10,-2.062659978866577
1953,5,11,-2.2307608127593994
1953,5,12,-1.7143616676330566
1953,5,13,-1.42549467086792
1953,5,14,-1.2389839887619019
1953,5,15,-0.9781094789505005
1953,5,16,-0.5798946619033813
1953,5,17,-0.5011023283004761
1953,5,18,-0.647917628288269
1953,5,19,-0.9329337477684021
1953,5,20,-1.219953179359436
1953,5,21,-1.1122400760650635
1953,5,22,-0.7257950901985168
1953,5,23,-0.0710434690117836
1953,5,24,-0.04791228100657463
1953,5,25,-0.016961414366960526
1953,5,26,0.6619936227798462
1953,5,27,1.2279611825942993
1953,5,28,1.5563452243804932
1953,5,29,1.644456148147583
1953,5,30,0.598224937915802
1953,5,31,-0.661298394203186
1953,6,1,-1.322191596031189
1953,6,2,-1.2583060264587402
1953,6,3,-0.9927513003349304
1953,6,4,-0.8056784868240356
1953,6,5,-0.4783180058002472
1953,6,6,0.14852392673492432
1953,6,7,0.510369062423706
1953,6,8,0.3579244911670685
1953,6,9,0.08966708183288574
1953,6,10,-0.015663286671042442
1953,6,11,0.4098860025405884
1953,6,12,0.5502306222915649
1953,6,13,0.3057619333267212
1953,6,14,-0.01212273072451353
1953,6,15,-0.05452945455908775
1953,6,16,0.5378935933113098
1953,6,17,1.4190713167190552
1953,6,18,1.3456740379333496
1953,6,19,1.1261979341506958
1953,6,20,0.6770285367965698
1953,6,21,0.4775945544242859
1953,6,22,0.43285253643989563
1953,6,23,0.24467746913433075
1953,6,24,-0.17134889960289001
1953,6,25,-0.4634558856487274
1953,6,26,-0.7228718400001526
1953,6,27,-0.4593619704246521
1953,6,28,-0.3620002865791321
1953,6,29,-0.390729159116745
1953,6,30,-0.47499147057533264
1953,7,1,-0.5261420607566833
1953,7,2,-0.5884457230567932
1953,7,3,-0.5965090394020081
1953,7,4,-0.2860308885574341
1953,7,5,0.1403835266828537
1953,7,6,0.3893190920352936
1953,7,7,0.4463180601596832
1953,7,8,0.2507871687412262
1953,7,9,0.3995145261287689
1953,7,10,0.6334074139595032
1953,7,11,0.5385866761207581
1953,7,12,0.5550897121429443
1953,7,13,0.5207434296607971
1953,7,14,0.4940224289894104
1953,7,15,0.5676879286766052
1953,7,16,0.48106247186660767
1953,7,17,0.43643027544021606
1953,7,18,0.3709046542644501
1953,7,19,0.3045766353607178
1953,7,20,0.25039246678352356
1953,7,21,0.16230569779872894
1953,7,22,0.1941671222448349
1953,7,23,0.563790500164032
1953,7,24,0.41058847308158875
1953,7,25,0.4068595767021179
1953,7,26,0.7051794528961182
1953,7,27,0.9187043309211731
1953,7,28,0.8595341444015503
1953,7,29,0.6309800148010254
1953,7,30,0.4024680554866791
1953,7,31,-0.0787174254655838
1953,8,1,-0.403408408164978
1953,8,2,0.01987062767148018
1953,8,3,0.8675140142440796
1953,8,4,1.5031503438949585
1953,8,5,1.4441510438919067
1953,8,6,0.8423799872398376
1953,8,7,0.4921538531780243
1953,8,8,0.7561853528022766
1953,8,9,1.1557179689407349
1953,8,10,1.2367968559265137
1953,8,11,1.0714473724365234
1953,8,12,0.79027259349823
1953,8,13,0.1905321329832077
1953,8,14,-0.3452008068561554
1953,8,15,-0.4740028977394104
1953,8,16,-0.9529302716255188
1953,8,17,-1.2320432662963867
1953,8,18,-0.9325231313705444
1953,8,19,-0.4550447165966034
1953,8,20,-0.46454793214797974
1953,8,21,-0.6854053735733032
1953,8,22,-0.7384775876998901
1953,8,23,-0.5558186769485474
1953,8,24,-0.44200265407562256
1953,8,25,-0.44135358929634094
1953,8,26,-0.2143595665693283
1953,8,27,0.25080233812332153
1953,8,28,0.2952543795108795
1953,8,29,0.16393999755382538
1953,8,30,-0.11959373205900192
1953,8,31,-0.08645151555538177
1953,9,1,0.05132780224084854
1953,9,2,0.16234083473682404
1953,9,3,0.004231475293636322
1953,9,4,0.09120230376720428
1953,9,5,0.17713789641857147
1953,9,6,0.28867313265800476
1953,9,7,0.7720059752464294
1953,9,8,0.967769205570221
1953,9,9,0.7899929285049438
1953,9,10,0.697937548160553
1953,9,11,0.3878931999206543
1953,9,12,0.45040395855903625
1953,9,13,0.5181329846382141
1953,9,14,0.10737739503383636
1953,9,15,-0.3254465162754059
1953,9,16,-0.1728997826576233
1953,9,17,0.4695540964603424
1953,9,18,1.0252573490142822
1953,9,19,1.2359012365341187
1953,9,20,1.2689653635025024
1953,9,21,0.9915875792503357
1953,9,22,0.2334856390953064
1953,9,23,0.504932165145874
1953,9,24,1.1551878452301025
1953,9,25,1.4927082061767578
1953,9,26,1.8381586074829102
1953,9,27,1.5488249063491821
1953,9,28,1.0692949295043945
1953,9,29,0.5769769549369812
1953,9,30,0.7605101466178894
1953,10,1,0.7463047504425049
1953,10,2,-0.5242489576339722
1953,10,3,-1.5215336084365845
1953,10,4,-1.4209319353103638
1953,10,5,-1.2595468759536743
1953,10,6,-0.9593957662582397
1953,10,7,-1.060180902481079
1953,10,8,-0.7631886005401611
1953,10,9,0.00029125408036634326
1953,10,10,0.2113368809223175
1953,10,11,-0.3014400005340576
1953,10,12,-0.8710066676139832
1953,10,13,-0.7808653712272644
1953,10,14,0.15993766486644745
1953,10,15,0.4564569890499115
1953,10,16,0.1861598938703537
1953,10,17,-0.4002007842063904
1953,10,18,-0.5162073969841003
1953,10,19,-0.3145335614681244
1953,10,20,0.3686116635799408
1953,10,21,0.23386812210083008
1953,10,22,-0.06987740099430084
1953,10,23,-0.08360429853200912
1953,10,24,0.10825186222791672
1953,10,25,0.5014174580574036
1953,10,26,0.5664135217666626
1953,10,27,0.001981044188141823
1953,10,28,-0.012800714001059532
1953,10,29,0.15868349373340607
1953,10,30,0.3985302150249481
1953,10,31,0.9442532062530518
1953,11,1,0.6476892232894897
1953,11,2,0.2291523963212967
1953,11,3,-0.30871933698654175
1953,11,4,-0.5443054437637329
1953,11,5,-0.020697850733995438
1953,11,6,0.7081336975097656
1953,11,7,1.2907716035842896
1953,11,8,1.372877836227417
1953,11,9,1.0956661701202393
1953,11,10,0.4227197766304016
1953,11,11,-0.0140765979886055
1953,11,12,-0.24582678079605103
1953,11,13,-0.3357146382331848
1953,11,14,-0.2994290888309479
1953,11,15,0.2898052930831909
1953,11,16,0.7084770202636719
1953,11,17,0.33882635831832886
1953,11,18,0.07017720490694046
1953,11,19,-0.24992485344409943
1953,11,20,-0.7625446915626526
1953,11,21,-1.2211673259735107
1953,11,22,-1.1294490098953247
1953,11,23,-0.8210378885269165
1953,11,24,-0.31198981404304504
1953,11,25,0.36403489112854004
1953,11,26,1.0333181619644165
1953,11,27,1.2593934535980225
1953,11,28,2.4372456073760986
1953,11,29,2.399651050567627
1953,11,30,1.8246057033538818
1953,12,1,2.1762571334838867
1953,12,2,2.1425485610961914
1953,12,3,1.5688341856002808
1953,12,4,1.56773042678833
1953,12,5,1.948142647743225
1953,12,6,1.4602632522583008
1953,12,7,0.7843908667564392
1953,12,8,1.0732154846191406
1953,12,9,1.9715386629104614
1953,12,10,1.3302690982818604
1953,12,11,0.43092748522758484
1953,12,12,0.6984663605690002
1953,12,13,0.35723230242729187
1953,12,14,-0.33104634284973145
1953,12,15,-1.483910083770752
1953,12,16,-1.9072555303573608
1953,12,17,-1.3462468385696411
1953,12,18,-1.1080235242843628
1953,12,19,-0.5299240350723267
1953,12,20,-0.0825013741850853
1953,12,21,-0.2646997272968292
1953,12,22,0.23940081894397736
1953,12,23,0.5284746885299683
1953,12,24,0.3823105990886688
1953,12,25,1.2117599248886108
1953,12,26,1.3516167402267456
1953,12,27,0.8429645299911499
1953,12,28,0.6943554282188416
1953,12,29,0.6492695808410645
1953,12,30,0.537946879863739
1953,12,31,0.3075294494628906
1954,1,1,-0.22875264286994934
1954,1,2,-0.5388750433921814
1954,1,3,-0.3461342751979828
1954,1,4,0.21090328693389893
1954,1,5,0.2967889606952667
1954,1,6,-0.15641318261623383
1954,1,7,-1.032239556312561
1954,1,8,-1.2570579051971436
1954,1,9,-0.8936412334442139
1954,1,10,-0.4178878664970398
1954,1,11,0.6865625977516174
1954,1,12,2.2473480701446533
1954,1,13,2.5665180683135986
1954,1,14,2.6085331439971924
1954,1,15,2.8399412631988525
1954,1,16,1.9721708297729492
1954,1,17,0.5359153747558594
1954,1,18,0.20469388365745544
1954,1,19,0.038710497319698334
1954,1,20,-0.31678470969200134
1954,1,21,-0.31201407313346863
1954,1,22,-0.08186066895723343
1954,1,23,0.2007359117269516
1954,1,24,0.38540661334991455
1954,1,25,-0.35533973574638367
1954,1,26,-1.2183585166931152
1954,1,27,-1.7040785551071167
1954,1,28,-1.9429633617401123
1954,1,29,-3.0476105213165283
1954,1,30,-3.495418071746826
1954,1,31,-1.8852628469467163
1954,2,1,-1.332039713859558
1954,2,2,-1.2440941333770752
1954,2,3,-0.3021433651447296
1954,2,4,-0.38294878602027893
1954,2,5,-0.46330854296684265
1954,2,6,0.09545709937810898
1954,2,7,0.8717926144599915
1954,2,8,0.7596485018730164
1954,2,9,-0.2739446461200714
1954,2,10,-1.654752492904663
1954,2,11,-1.8444300889968872
1954,2,12,-1.3842233419418335
1954,2,13,-1.2974940538406372
1954,2,14,-1.182723879814148
1954,2,15,-1.123599648475647
1954,2,16,-0.6701788902282715
1954,2,17,-0.31732529401779175
1954,2,18,-0.09107305854558945
1954,2,19,0.025829343125224113
1954,2,20,0.594810962677002
1954,2,21,1.309450387954712
1954,2,22,1.5053778886795044
1954,2,23,1.339194655418396
1954,2,24,1.8282517194747925
1954,2,25,1.60919988155365
1954,2,26,0.15655897557735443
1954,2,27,-0.9329960942268372
1954,2,28,-0.48711878061294556
1954,3,1,-0.5837512612342834
1954,3,2,-0.6018518209457397
1954,3,3,-0.553622305393219
1954,3,4,-0.24440661072731018
1954,3,5,0.30720293521881104
1954,3,6,0.30565738677978516
1954,3,7,0.06787082552909851
1954,3,8,0.16424226760864258
1954,3,9,-0.3912477195262909
1954,3,10,-0.5302547216415405
1954,3,11,-0.5244211554527283
1954,3,12,-0.6795483231544495
1954,3,13,-0.4477781355381012
1954,3,14,-0.3394722640514374
1954,3,15,-0.13852150738239288
1954,3,16,0.44765445590019226
1954,3,17,0.6530823111534119
1954,3,18,0.8426233530044556
1954,3,19,1.6277332305908203
1954,3,20,2.35554575920105
1954,3,21,2.3778820037841797
1954,3,22,2.0726959705352783
1954,3,23,1.7519168853759766
1954,3,24,1.8101613521575928
1954,3,25,1.1780263185501099
1954,3,26,0.27895718812942505
1954,3,27,0.18402312695980072
1954,3,28,0.5545350909233093
1954,3,29,0.6178970336914062
1954,3,30,0.5467159152030945
1954,3,31,1.1100729703903198
1954,4,1,1.4795833826065063
1954,4,2,1.7464138269424438
1954,4,3,1.8393566608428955
1954,4,4,1.58882474899292
1954,4,5,1.5884565114974976
1954,4,6,1.7590432167053223
1954,4,7,1.5771428346633911
1954,4,8,1.2582520246505737
1954,4,9,1.6324646472930908
1954,4,10,2.063464403152466
1954,4,11,2.3420798778533936
1954,4,12,2.1656885147094727
1954,4,13,2.1500208377838135
1954,4,14,1.7006818056106567
1954,4,15,0.17654629051685333
1954,4,16,-0.4910217821598053
1954,4,17,-0.5723037123680115
1954,4,18,-0.3838462829589844
1954,4,19,-0.7985439896583557
1954,4,20,-0.5201312899589539
1954,4,21,0.08637303858995438
1954,4,22,-0.06081369146704674
1954,4,23,-0.4040447771549225
1954,4,24,-0.6246479749679565
1954,4,25,-0.4099729657173157
1954,4,26,-0.46697086095809937
1954,4,27,-0.9386976361274719
1954,4,28,-1.2163406610488892
1954,4,29,-1.4378490447998047
1954,4,30,-2.0276131629943848
1954,5,1,-2.506481885910034
1954,5,2,-2.363581418991089
1954,5,3,-2.392747402191162
1954,5,4,-2.372596025466919
1954,5,5,-2.376210927963257
1954,5,6,-2.6363518238067627
1954,5,7,-2.955972909927368
1954,5,8,-3.4020578861236572
1954,5,9,-3.3300986289978027
1954,5,10,-2.7270400524139404
1954,5,11,-2.451321840286255
1954,5,12,-2.025252103805542
1954,5,13,-1.4468036890029907
1954,5,14,-1.396738052368164
1954,5,15,-1.348374366760254
1954,5,16,-1.09245765209198
1954,5,17,-0.8881979584693909
1954,5,18,-1.0045357942581177
1954,5,19,-1.1010252237319946
1954,5,20,-1.036238670349121
1954,5,21,-0.9467584490776062
1954,5,22,-0.580071747303009
1954,5,23,-0.7120198607444763
1954,5,24,-0.9779406785964966
1954,5,25,-0.8010300993919373
1954,5,26,-0.9901888370513916
1954,5,27,-1.0208244323730469
1954,5,28,-0.7281326651573181
1954,5,29,-0.6643287539482117
1954,5,30,-0.7008532285690308
1954,5,31,-0.538779616355896
1954,6,1,-0.38872867822647095
1954,6,2,-0.32817965745925903
1954,6,3,-0.788749635219574
1954,6,4,-0.8499921560287476
1954,6,5,-0.9973782300949097
1954,6,6,-1.1718794107437134
1954,6,7,-1.540955901145935
1954,6,8,-1.7949295043945312
1954,6,9,-1.287201166152954
1954,6,10,-0.7358067035675049
1954,6,11,-0.9668742418289185
1954,6,12,-1.2423783540725708
1954,6,13,-0.9427106380462646
1954,6,14,-0.5600860118865967
1954,6,15,-0.31221306324005127
1954,6,16,-0.12687252461910248
1954,6,17,0.01350666955113411
1954,6,18,0.1676083207130432
1954,6,19,0.18909525871276855
1954,6,20,0.6081361174583435
1954,6,21,0.7594260573387146
1954,6,22,1.096435785293579
1954,6,23,1.392019510269165
1954,6,24,1.292349100112915
1954,6,25,0.7998748421669006
1954,6,26,-0.05158088728785515
1954,6,27,-0.5273175835609436
1954,6,28,-0.22289958596229553
1954,6,29,0.2256346046924591
1954,6,30,0.5325693488121033
1954,7,1,0.8924859166145325
1954,7,2,0.5567002296447754
1954,7,3,0.05977151170372963
1954,7,4,0.007517523132264614
1954,7,5,-0.14139282703399658
1954,7,6,-0.34473106265068054
1954,7,7,-0.4704832434654236
1954,7,8,-0.45228034257888794
1954,7,9,-0.16915088891983032
1954,7,10,0.13192608952522278
1954,7,11,0.38074150681495667
1954,7,12,0.9529735445976257
1954,7,13,1.1527634859085083
1954,7,14,0.8853265047073364
1954,7,15,0.9404403567314148
1954,7,16,1.3337230682373047
1954,7,17,1.2523579597473145
1954,7,18,1.000306248664856
1954,7,19,0.9551963806152344
1954,7,20,0.6602596640586853
1954,7,21,0.8673678636550903
1954,7,22,0.7999799847602844
1954,7,23,0.5119515061378479
1954,7,24,0.059668537229299545
1954,7,25,-0.024485891684889793
1954,7,26,-0.2950534224510193
1954,7,27,-0.5494666695594788
1954,7,28,-0.37742844223976135
1954,7,29,-0.11891219764947891
1954,7,30,-0.07847008854150772
1954,7,31,-0.19092632830142975
1954,8,1,-0.5996177792549133
1954,8,2,-0.8060623407363892
1954,8,3,-0.37233033776283264
1954,8,4,-0.3851557672023773
1954,8,5,-0.5400076508522034
1954,8,6,-0.9303662776947021
1954,8,7,-1.1208419799804688
1954,8,8,-0.8984960913658142
1954,8,9,-0.7443000674247742
1954,8,10,-0.4543234705924988
1954,8,11,-0.5393595099449158
1954,8,12,-0.7348504662513733
1954,8,13,-0.8674313426017761
1954,8,14,-0.6416715979576111
1954,8,15,-0.5356255769729614
1954,8,16,-0.770668089389801
1954,8,17,-0.911243736743927
1954,8,18,-0.7207143306732178
1954,8,19,-0.18737107515335083
1954,8,20,0.5000460147857666
1954,8,21,0.3356535732746124
1954,8,22,-0.8156271576881409
1954,8,23,-1.0755051374435425
1954,8,24,-0.12979362905025482
1954,8,25,0.810282826423645
1954,8,26,1.0588136911392212
1954,8,27,1.2576677799224854
1954,8,28,1.673187017440796
1954,8,29,2.0458877086639404
1954,8,30,1.952154517173767
1954,8,31,1.484830617904663
1954,9,1,0.8187099099159241
1954,9,2,0.5216376185417175
1954,9,3,0.8678152561187744
1954,9,4,0.9101400375366211
1954,9,5,0.4541302025318146
1954,9,6,0.2616458833217621
1954,9,7,-0.3419293463230133
1954,9,8,-0.6973768472671509
1954,9,9,-0.4610224664211273
1954,9,10,0.03830491751432419
1954,9,11,0.557853639125824
1954,9,12,0.8085877299308777
1954,9,13,0.8582648634910583
1954,9,14,1.2029297351837158
1954,9,15,1.554059624671936
1954,9,16,1.6752469539642334
1954,9,17,1.5039864778518677
1954,9,18,0.9868494868278503
1954,9,19,0.321097731590271
1954,9,20,-0.23109963536262512
1954,9,21,-0.7027822732925415
1954,9,22,-1.0703259706497192
1954,9,23,-0.6270208954811096
1954,9,24,0.15159828960895538
1954,9,25,1.2779985666275024
1954,9,26,0.9550299048423767
1954,9,27,-0.16239893436431885
1954,9,28,-0.819351077079773
1954,9,29,-0.9968277215957642
1954,9,30,-0.8954681158065796
1954,10,1,-1.2068819999694824
1954,10,2,-1.3072181940078735
1954,10,3,-0.7377051711082458
1954,10,4,-0.4545552730560303
1954,10,5,-1.0020054578781128
1954,10,6,-2.0270564556121826
1954,10,7,-1.8655482530593872
1954,10,8,-0.2187812775373459
1954,10,9,1.6620409488677979
1954,10,10,2.5567891597747803
1954,10,11,2.445159435272217
1954,10,12,1.858162760734558
1954,10,13,0.885364830493927
1954,10,14,0.11862852424383163
1954,10,15,-0.4934817850589752
1954,10,16,-1.3938875198364258
1954,10,17,-0.4560084342956543
1954,10,18,1.4195709228515625
1954,10,19,2.7372426986694336
1954,10,20,3.078162908554077
1954,10,21,2.637691020965576
1954,10,22,2.4702413082122803
1954,10,23,2.065856456756592
1954,10,24,1.7051321268081665
1954,10,25,1.10714852809906
1954,10,26,0.6075635552406311
1954,10,27,0.6132477521896362
1954,10,28,-0.028799133375287056
1954,10,29,-0.28062281012535095
1954,10,30,-0.1656617373228073
1954,10,31,-1.0084930658340454
1954,11,1,-0.7605727314949036
1954,11,2,-0.21846330165863037
1954,11,3,-0.34809327125549316
1954,11,4,-0.9076793789863586
1954,11,5,-0.47215476632118225
1954,11,6,0.6559985876083374
1954,11,7,1.2082244157791138
1954,11,8,1.1380256414413452
1954,11,9,0.5415217876434326
1954,11,10,0.19395387172698975
1954,11,11,0.20542150735855103
1954,11,12,0.029185617342591286
1954,11,13,-0.8605151772499084
1954,11,14,-1.3096923828125
1954,11,15,-0.8675506114959717
1954,11,16,-0.36928024888038635
1954,11,17,-0.10893021523952484
1954,11,18,-0.5816777944564819
1954,11,19,-1.2354934215545654
1954,11,20,-1.9264601469039917
1954,11,21,-2.1805171966552734
1954,11,22,-2.066152572631836
1954,11,23,-2.2697086334228516
1954,11,24,-1.9221274852752686
1954,11,25,-0.4134867191314697
1954,11,26,1.216336965560913
1954,11,27,1.3465193510055542
1954,11,28,1.235867977142334
1954,11,29,1.094833254814148
1954,11,30,0.44957873225212097
1954,12,1,1.0813707113265991
1954,12,2,2.7499618530273438
1954,12,3,3.2982537746429443
1954,12,4,2.6068286895751953
1954,12,5,1.4019055366516113
1954,12,6,1.146013617515564
1954,12,7,0.8271642923355103
1954,12,8,-0.33067625761032104
1954,12,9,-0.6341183185577393
1954,12,10,0.36210888624191284
1954,12,11,1.314672827720642
1954,12,12,1.1348538398742676
1954,12,13,1.203104019165039
1954,12,14,1.0186036825180054
1954,12,15,0.629288375377655
1954,12,16,0.7426446080207825
1954,12,17,1.251784086227417
1954,12,18,1.41260826587677
1954,12,19,1.0425631999969482
1954,12,20,1.7749924659729004
1954,12,21,1.904134750366211
1954,12,22,0.8837018609046936
1954,12,23,-0.7773630619049072
1954,12,24,-1.2600693702697754
1954,12,25,-0.6769710183143616
1954,12,26,-0.3675716817378998
1954,12,27,-0.7850340008735657
1954,12,28,-1.2400994300842285
1954,12,29,-1.7213984727859497
1954,12,30,-1.7277729511260986
1954,12,31,-1.7476452589035034
1955,1,1,-1.9991832971572876
1955,1,2,-2.355637311935425
1955,1,3,-2.4824228286743164
1955,1,4,-3.063866138458252
1955,1,5,-2.9708139896392822
1955,1,6,-2.303144693374634
1955,1,7,-2.258816957473755
1955,1,8,-2.6281614303588867
1955,1,9,-2.0979416370391846
1955,1,10,-1.3150131702423096
1955,1,11,-0.6318099498748779
1955,1,12,-0.3392653465270996
1955,1,13,0.05651453509926796
1955,1,14,-0.4223742187023163
1955,1,15,-0.8584612011909485
1955,1,16,-0.6572412252426147
1955,1,17,-0.4329287111759186
1955,1,18,-0.28561440110206604
1955,1,19,-0.17211085557937622
1955,1,20,-0.20309580862522125
1955,1,21,-0.7449542284011841
1955,1,22,-1.5666700601577759
1955,1,23,-0.6190862655639648
1955,1,24,0.3417253792285919
1955,1,25,0.5404098629951477
1955,1,26,0.045161470770835876
1955,1,27,-0.23953475058078766
1955,1,28,-0.7823598980903625
1955,1,29,-1.1389046907424927
1955,1,30,-1.2802925109863281
1955,1,31,-1.9094294309616089
1955,2,1,-2.695770502090454
1955,2,2,-2.4720656871795654
1955,2,3,-1.731715202331543
1955,2,4,-1.0666487216949463
1955,2,5,-0.8305854201316833
1955,2,6,-0.9450461268424988
1955,2,7,-0.3807774484157562
1955,2,8,-0.486248254776001
1955,2,9,-1.6680325269699097
1955,2,10,-2.5755488872528076
1955,2,11,-2.9556355476379395
1955,2,12,-3.0251729488372803
1955,2,13,-2.555555820465088
1955,2,14,-1.9360008239746094
1955,2,15,-1.5004141330718994
1955,2,16,-1.9349457025527954
1955,2,17,-2.2757527828216553
1955,2,18,-1.6819465160369873
1955,2,19,-0.8960824608802795
1955,2,20,-0.4705347716808319
1955,2,21,-0.522874116897583
1955,2,22,-0.7229593396186829
1955,2,23,-0.6555613279342651
1955,2,24,-0.6556306481361389
1955,2,25,-1.3749548196792603
1955,2,26,-1.5567355155944824
1955,2,27,-1.3467425107955933
1955,2,28,-0.7309080362319946
1955,3,1,-0.9448442459106445
1955,3,2,-1.3881375789642334
1955,3,3,-2.0022788047790527
1955,3,4,-2.096165418624878
1955,3,5,-2.276022434234619
1955,3,6,-2.0354039669036865
1955,3,7,-2.155784845352173
1955,3,8,-1.8145532608032227
1955,3,9,-0.10537495464086533
1955,3,10,1.0253939628601074
1955,3,11,0.8659026622772217
1955,3,12,0.49076491594314575
1955,3,13,0.46996575593948364
1955,3,14,0.3099367618560791
1955,3,15,-0.29261714220046997
1955,3,16,-1.540696144104004
1955,3,17,-2.2389938831329346
1955,3,18,-2.491547107696533
1955,3,19,-2.989287853240967
1955,3,20,-3.300335168838501
1955,3,21,-3.7577366828918457
1955,3,22,-3.7137534618377686
1955,3,23,-3.0454797744750977
1955,3,24,-2.708383798599243
1955,3,25,-2.694305658340454
1955,3,26,-2.177220582962036
1955,3,27,-1.3501067161560059
1955,3,28,-1.1162232160568237
1955,3,29,-0.8527955412864685
1955,3,30,-0.4760012626647949
1955,3,31,-0.48452073335647583
1955,4,1,-0.11647505313158035
1955,4,2,0.5433237552642822
1955,4,3,0.6287880539894104
1955,4,4,0.2511139512062073
1955,4,5,0.3113386332988739
1955,4,6,0.38810446858406067
1955,4,7,0.6993158459663391
1955,4,8,1.2055689096450806
1955,4,9,1.5946284532546997
1955,4,10,1.9791854619979858
1955,4,11,1.5078359842300415
1955,4,12,0.7914530038833618
1955,4,13,0.369683176279068
1955,4,14,0.33427610993385315
1955,4,15,-0.05396905168890953
1955,4,16,-0.4628731608390808
1955,4,17,-0.12215028703212738
1955,4,18,0.19941255450248718
1955,4,19,-0.19963733851909637
1955,4,20,-0.00418156199157238
1955,4,21,0.18210282921791077
1955,4,22,0.11255954951047897
1955,4,23,-0.17017927765846252
1955,4,24,-0.20110726356506348
1955,4,25,-0.3883734941482544
1955,4,26,-0.747616171836853
1955,4,27,-0.8305277824401855
1955,4,28,-0.8947903513908386
1955,4,29,-0.8155114054679871
1955,4,30,-0.47458621859550476
1955,5,1,-0.24311594665050507
1955,5,2,0.24141696095466614
1955,5,3,0.7357359528541565
1955,5,4,1.3527604341506958
1955,5,5,1.7591475248336792
1955,5,6,1.4172495603561401
1955,5,7,1.0081733465194702
1955,5,8,0.7745515704154968
1955,5,9,0.9361550807952881
1955,5,10,0.9093877673149109
1955,5,11,0.38111650943756104
1955,5,12,-0.29524850845336914
1955,5,13,-0.8300249576568604
1955,5,14,-1.049640417098999
1955,5,15,-1.0292065143585205
1955,5,16,-0.8635336756706238
1955,5,17,-0.8632512092590332
1955,5,18,-1.0085161924362183
1955,5,19,-0.8995788097381592
1955,5,20,-0.26250144839286804
1955,5,21,0.2436119019985199
1955,5,22,0.4304908514022827
1955,5,23,0.3181433081626892
1955,5,24,0.4059366285800934
1955,5,25,0.5766710042953491
1955,5,26,0.379269003868103
1955,5,27,0.24450930953025818
1955,5,28,0.35645967721939087
1955,5,29,0.6487734913825989
1955,5,30,0.8588695526123047
1955,5,31,0.5866217017173767
1955,6,1,-0.012147563509643078
1955,6,2,-0.33160078525543213
1955,6,3,-0.44188517332077026
1955,6,4,-0.5894842743873596
1955,6,5,-1.2151215076446533
1955,6,6,-2.0480523109436035
1955,6,7,-2.510303497314453
1955,6,8,-2.3265252113342285
1955,6,9,-1.33125901222229
1955,6,10,-0.5520252585411072
1955,6,11,0.008973571471869946
1955,6,12,0.22188957035541534
1955,6,13,0.3070504665374756
1955,6,14,0.23366130888462067
1955,6,15,-0.08913560956716537
1955,6,16,-0.2844459116458893
1955,6,17,-0.25397154688835144
1955,6,18,-0.2791841924190521
1955,6,19,-0.4156070351600647
1955,6,20,-0.2821164131164551
1955,6,21,0.23433732986450195
1955,6,22,0.6800727248191833
1955,6,23,0.9371532201766968
1955,6,24,1.1156784296035767
1955,6,25,1.1232960224151611
1955,6,26,0.3924087584018707
1955,6,27,-0.018394460901618004
1955,6,28,0.0020484458655118942
1955,6,29,0.19156330823898315
1955,6,30,-0.15975265204906464
1955,7,1,-0.5519328713417053
1955,7,2,-0.39759361743927
1955,7,3,0.4201454818248749
1955,7,4,0.6874991655349731
1955,7,5,0.45721426606178284
1955,7,6,-0.011998300440609455
1955,7,7,-0.5494462251663208
1955,7,8,-0.738639235496521
1955,7,9,-0.7906259894371033
1955,7,10,-0.7293896675109863
1955,7,11,-0.6068320274353027
1955,7,12,-0.18304522335529327
1955,7,13,0.3940598964691162
1955,7,14,0.7188338041305542
1955,7,15,1.0379467010498047
1955,7,16,1.5209403038024902
1955,7,17,1.665742039680481
1955,7,18,1.4378650188446045
1955,7,19,1.4701247215270996
1955,7,20,1.2064270973205566
1955,7,21,0.6227789521217346
1955,7,22,0.3140203356742859
1955,7,23,-0.23423530161380768
1955,7,24,-0.8043201565742493
1955,7,25,-0.9400991201400757
1955,7,26,-0.6078193187713623
1955,7,27,-0.06178056448698044
1955,7,28,0.9234743118286133
1955,7,29,1.474514126777649
1955,7,30,1.4900376796722412
1955,7,31,1.2871090173721313
1955,8,1,1.1084449291229248
1955,8,2,0.8571490049362183
1955,8,3,0.7099345922470093
1955,8,4,0.5995596051216125
1955,8,5,0.7104126811027527
1955,8,6,0.8358529806137085
1955,8,7,1.0436161756515503
1955,8,8,0.9399571418762207
1955,8,9,0.9167932868003845
1955,8,10,0.9305362701416016
1955,8,11,0.6093710660934448
1955,8,12,0.31542712450027466
1955,8,13,0.16776634752750397
1955,8,14,0.25089043378829956
1955,8,15,0.6257734894752502
1955,8,16,0.9849624037742615
1955,8,17,1.1146796941757202
1955,8,18,1.4529845714569092
1955,8,19,1.7413175106048584
1955,8,20,1.1912829875946045
1955,8,21,0.4990999400615692
1955,8,22,0.05606487765908241
1955,8,23,0.025747468695044518
1955,8,24,0.5776475071907043
1955,8,25,1.0712343454360962
1955,8,26,0.7778955698013306
1955,8,27,0.6347770690917969
1955,8,28,1.0491012334823608
1955,8,29,0.7642964124679565
1955,8,30,0.15262706577777863
1955,8,31,0.007345099002122879
1955,9,1,0.8062396049499512
1955,9,2,1.687552571296692
1955,9,3,2.1734135150909424
1955,9,4,1.9345530271530151
1955,9,5,1.6512458324432373
1955,9,6,1.248575210571289
1955,9,7,0.5314744710922241
1955,9,8,-0.0644320622086525
1955,9,9,-0.03309990093111992
1955,9,10,0.30196240544319153
1955,9,11,0.35616204142570496
1955,9,12,0.4613381624221802
1955,9,13,-0.18344542384147644
1955,9,14,-0.48478516936302185
1955,9,15,-0.347925066947937
1955,9,16,-0.5769326686859131
1955,9,17,-0.4752632677555084
1955,9,18,-0.17456792294979095
1955,9,19,-0.5140770673751831
1955,9,20,-1.0169447660446167
1955,9,21,-1.220759630203247
1955,9,22,-1.26803719997406
1955,9,23,-0.6944809556007385
1955,9,24,0.45435044169425964
1955,9,25,1.2945178747177124
1955,9,26,1.1149682998657227
1955,9,27,0.8101063966751099
1955,9,28,0.9265901446342468
1955,9,29,0.7587302923202515
1955,9,30,0.8622019290924072
1955,10,1,0.7595236301422119
1955,10,2,0.8062952756881714
1955,10,3,1.3862767219543457
1955,10,4,1.5423005819320679
1955,10,5,1.0602408647537231
1955,10,6,0.22351519763469696
1955,10,7,0.1660756766796112
1955,10,8,0.8006781935691833
1955,10,9,1.2327518463134766
1955,10,10,0.9020073413848877
1955,10,11,0.39675870537757874
1955,10,12,-0.11475875973701477
1955,10,13,-0.26693421602249146
1955,10,14,-0.10422930866479874
1955,10,15,0.32601508498191833
1955,10,16,0.08110030740499496
1955,10,17,-0.35662350058555603
1955,10,18,-0.6421109437942505
1955,10,19,-0.5312586426734924
1955,10,20,0.23554909229278564
1955,10,21,0.9390817284584045
1955,10,22,0.957345724105835
1955,10,23,0.7017859816551208
1955,10,24,0.7048220634460449
1955,10,25,0.34228622913360596
1955,10,26,-0.527891993522644
1955,10,27,-1.1509265899658203
1955,10,28,-1.5103031396865845
1955,10,29,-1.5802501440048218
1955,10,30,-1.6326121091842651
1955,10,31,-2.1881539821624756
1955,11,1,-2.9038002490997314
1955,11,2,-3.4263410568237305
1955,11,3,-3.160503387451172
1955,11,4,-2.638019561767578
1955,11,5,-2.5949630737304688
1955,11,6,-2.8543753623962402
1955,11,7,-2.496164083480835
1955,11,8,-1.3373891115188599
1955,11,9,-0.6977901458740234
1955,11,10,-0.9746065735816956
1955,11,11,-1.6149532794952393
1955,11,12,-1.442315936088562
1955,11,13,-1.5414657592773438
1955,11,14,-1.7345820665359497
1955,11,15,-1.4770872592926025
1955,11,16,-0.9986963868141174
1955,11,17,0.012915977276861668
1955,11,18,0.5745341777801514
1955,11,19,0.9386100172996521
1955,11,20,0.6021060347557068
1955,11,21,0.08046632260084152
1955,11,22,-0.44128337502479553
1955,11,23,-1.157476782798767
1955,11,24,-1.5427404642105103
1955,11,25,-1.1458628177642822
1955,11,26,-1.166438102722168
1955,11,27,-1.4471955299377441
1955,11,28,-1.6828351020812988
1955,11,29,-0.930008053779602
1955,11,30,0.3603697419166565
1955,12,1,1.265079379081726
1955,12,2,1.3518344163894653
1955,12,3,0.8552652597427368
1955,12,4,-0.36691731214523315
1955,12,5,-0.611059308052063
1955,12,6,-0.4245447516441345
1955,12,7,-1.4340301752090454
1955,12,8,-2.0485448837280273
1955,12,9,-1.5764007568359375
1955,12,10,-1.758876919746399
1955,12,11,-2.5068507194519043
1955,12,12,-2.3212361335754395
1955,12,13,-2.168488025665283
1955,12,14,-2.24082612991333
1955,12,15,-1.6618343591690063
1955,12,16,-1.583195686340332
1955,12,17,-2.0387814044952393
1955,12,18,-2.1075093746185303
1955,12,19,-2.125279188156128
1955,12,20,-1.5851593017578125
1955,12,21,-0.5658009648323059
1955,12,22,0.8799988031387329
1955,12,23,1.3521438837051392
1955,12,24,0.8298318386077881
1955,12,25,0.7858376502990723
1955,12,26,0.9614932537078857
1955,12,27,1.6244194507598877
1955,12,28,2.292374610900879
1955,12,29,2.156444787979126
1955,12,30,1.016669511795044
1955,12,31,0.47542673349380493
1956,1,1,0.3821415603160858
1956,1,2,0.33115676045417786
1956,1,3,1.3757668733596802
1956,1,4,1.325278401374817
1956,1,5,0.10796961188316345
1956,1,6,-0.6465533375740051
1956,1,7,-0.798088550567627
1956,1,8,-1.5935527086257935
1956,1,9,-2.843528985977173
1956,1,10,-4.065927982330322
1956,1,11,-3.7310051918029785
1956,1,12,-2.737410068511963
1956,1,13,-1.780159592628479
1956,1,14,-1.436018466949463
1956,1,15,-1.2718223333358765
1956,1,16,-1.5599701404571533
1956,1,17,-2.3432774543762207
1956,1,18,-2.7763638496398926
1956,1,19,-2.1258389949798584
1956,1,20,-1.7072691917419434
1956,1,21,-1.2455064058303833
1956,1,22,-0.9626878499984741
1956,1,23,-0.7411379814147949
1956,1,24,-1.044880986213684
1956,1,25,-1.6915839910507202
1956,1,26,-1.8898166418075562
1956,1,27,-1.1848289966583252
1956,1,28,-0.2519510090351105
1956,1,29,0.519703209400177
1956,1,30,0.20661480724811554
1956,1,31,0.16909159719944
1956,2,1,0.04998590797185898
1956,2,2,-0.21029183268547058
1956,2,3,-0.9043117165565491
1956,2,4,-1.6058894395828247
1956,2,5,-1.2057976722717285
1956,2,6,-1.259598731994629
1956,2,7,-2.266920804977417
1956,2,8,-2.1739132404327393
1956,2,9,-2.7217957973480225
1956,2,10,-3.624232769012451
1956,2,11,-3.66020131111145
1956,2,12,-3.4438419342041016
1956,2,13,-4.091742515563965
1956,2,14,-4.552138328552246
1956,2,15,-4.5635199546813965
1956,2,16,-3.7931935787200928
1956,2,17,-3.4500954151153564
1956,2,18,-3.655317544937134
1956,2,19,-3.701650857925415
1956,2,20,-3.792125940322876
1956,2,21,-3.6268489360809326
1956,2,22,-2.9984006881713867
1956,2,23,-1.752434253692627
1956,2,24,-0.9162094593048096
1956,2,25,-0.12872378528118134
1956,2,26,0.48410382866859436
1956,2,27,1.2652273178100586
1956,2,28,2.3343565464019775
1956,2,29,3.2266085147857666
1956,3,1,4.4445672035217285
1956,3,2,4.692206382751465
1956,3,3,3.6296396255493164
1956,3,4,2.013834238052368
1956,3,5,0.7644132971763611
1956,3,6,0.6517671346664429
1956,3,7,1.0600733757019043
1956,3,8,1.3363479375839233
1956,3,9,0.6823164224624634
1956,3,10,0.587920069694519
1956,3,11,1.37355375289917
1956,3,12,1.4895036220550537
1956,3,13,1.032968282699585
1956,3,14,0.7553684711456299
1956,3,15,0.28564855456352234
1956,3,16,0.06222238764166832
1956,3,17,-0.2877490818500519
1956,3,18,-0.25921398401260376
1956,3,19,-0.010001392103731632
1956,3,20,-0.005568514112383127
1956,3,21,-0.49596157670021057
1956,3,22,-0.7827664017677307
1956,3,23,-1.00203275680542
1956,3,24,-1.1160433292388916
1956,3,25,-1.3851927518844604
1956,3,26,-1.4441837072372437
1956,3,27,-0.8103820085525513
1956,3,28,-0.8391343355178833
1956,3,29,-1.020447850227356
1956,3,30,-0.6484555602073669
1956,3,31,-0.69577956199646
1956,4,1,-0.6381369233131409
1956,4,2,-0.12095578759908676
1956,4,3,0.06262652575969696
1956,4,4,0.005578932352364063
1956,4,5,-0.5298677682876587
1956,4,6,-1.3370296955108643
1956,4,7,-1.8063427209854126
1956,4,8,-1.8712612390518188
1956,4,9,-1.4228085279464722
1956,4,10,-1.2626222372055054
1956,4,11,-1.4141032695770264
1956,4,12,-1.1849414110183716
1956,4,13,-1.4705547094345093
1956,4,14,-1.7433196306228638
1956,4,15,-1.5678163766860962
1956,4,16,-1.2124686241149902
1956,4,17,-1.0315645933151245
1956,4,18,-0.5373280644416809
1956,4,19,0.004494193941354752
1956,4,20,-0.15263381600379944
1956,4,21,-0.7717201113700867
1956,4,22,-1.3181551694869995
1956,4,23,-1.396507978439331
1956,4,24,-1.0154584646224976
1956,4,25,-0.8482798933982849
1956,4,26,-0.5640435218811035
1956,4,27,-0.21712620556354523
1956,4,28,0.02579767443239689
1956,4,29,0.04648589342832565
1956,4,30,0.18690437078475952
1956,5,1,0.4613334834575653
1956,5,2,0.7607493996620178
1956,5,3,0.8888415694236755
1956,5,4,0.7499678134918213
1956,5,5,0.7665650844573975
1956,5,6,0.7660101056098938
1956,5,7,1.1470078229904175
1956,5,8,1.6470850706100464
1956,5,9,2.026728630065918
1956,5,10,2.3909049034118652
1956,5,11,2.531264543533325
1956,5,12,2.5421435832977295
1956,5,13,2.3737547397613525
1956,5,14,2.124290704727173
1956,5,15,1.8057283163070679
1956,5,16,1.3331135511398315
1956,5,17,1.2483923435211182
1956,5,18,1.494238257408142
1956,5,19,1.6369123458862305
1956,5,20,1.2664854526519775
1956,5,21,0.771610677242279
1956,5,22,0.5336902737617493
1956,5,23,0.7627608180046082
1956,5,24,1.1737024784088135
1956,5,25,1.3013501167297363
1956,5,26,1.5853824615478516
1956,5,27,1.5707799196243286
1956,5,28,0.9640300273895264
1956,5,29,0.711009681224823
1956,5,30,0.9447425007820129
1956,5,31,1.3061988353729248
1956,6,1,1.219577670097351
1956,6,2,1.02187180519104
1956,6,3,0.9280408620834351
1956,6,4,1.2637355327606201
1956,6,5,1.4342328310012817
1956,6,6,0.7948201298713684
1956,6,7,-0.11937160044908524
1956,6,8,-0.497884601354599
1956,6,9,-0.2195044755935669
1956,6,10,-0.06294599175453186
1956,6,11,-0.19728848338127136
1956,6,12,-0.5221798419952393
1956,6,13,-0.4241385757923126
1956,6,14,0.4760954976081848
1956,6,15,0.9325385689735413
1956,6,16,0.712872326374054
1956,6,17,0.4349247217178345
1956,6,18,0.5140644907951355
1956,6,19,0.6761427521705627
1956,6,20,0.6478650569915771
1956,6,21,0.12447437644004822
1956,6,22,-0.2510431706905365
1956,6,23,-0.0824601873755455
1956,6,24,-0.22860531508922577
1956,6,25,-0.4052453935146332
1956,6,26,-0.297076553106308
1956,6,27,-0.010208777152001858
1956,6,28,0.1661095768213272
1956,6,29,0.1051628366112709
1956,6,30,-0.03223689645528793
1956,7,1,-0.036150600761175156
1956,7,2,0.0556190088391304
1956,7,3,0.07705497741699219
1956,7,4,0.19818958640098572
1956,7,5,0.4311683177947998
1956,7,6,0.7320399880409241
1956,7,7,0.6116985082626343
1956,7,8,-0.1365373581647873
1956,7,9,-0.530799388885498
1956,7,10,-0.6219079494476318
1956,7,11,-0.825253963470459
1956,7,12,-1.2081124782562256
1956,7,13,-1.346393346786499
1956,7,14,-1.0152031183242798
1956,7,15,-0.7781553864479065
1956,7,16,-0.8753237128257751
1956,7,17,-1.168361783027649
1956,7,18,-1.1550800800323486
1956,7,19,-0.7878298163414001
1956,7,20,-0.3326245844364166
1956,7,21,0.06384279578924179
1956,7,22,0.47810307145118713
1956,7,23,0.7608792781829834
1956,7,24,0.5718410015106201
1956,7,25,0.07994978874921799
1956,7,26,-0.6054554581642151
1956,7,27,-0.6703382730484009
1956,7,28,-0.21479472517967224
1956,7,29,0.24596498906612396
1956,7,30,0.5860618352890015
1956,7,31,0.9968228936195374
1956,8,1,1.2152564525604248
1956,8,2,0.5109418630599976
1956,8,3,-0.35485512018203735
1956,8,4,-1.026572823524475
1956,8,5,-1.1456259489059448
1956,8,6,-0.31738948822021484
1956,8,7,0.3165656328201294
1956,8,8,0.19013261795043945
1956,8,9,0.10177160799503326
1956,8,10,0.3510264754295349
1956,8,11,0.37216001749038696
1956,8,12,0.06505873054265976
1956,8,13,-0.5041371583938599
1956,8,14,-0.6913626790046692
1956,8,15,-1.141588568687439
1956,8,16,-1.5154744386672974
1956,8,17,-1.657010555267334
1956,8,18,-1.6550989151000977
1956,8,19,-1.5621874332427979
1956,8,20,-1.1152873039245605
1956,8,21,-0.6670980453491211
1956,8,22,-0.57918381690979
1956,8,23,-0.9021391868591309
1956,8,24,-1.5888034105300903
1956,8,25,-1.8774518966674805
1956,8,26,-1.4397079944610596
1956,8,27,-1.0111408233642578
1956,8,28,-0.40186452865600586
1956,8,29,-0.2985316812992096
1956,8,30,-0.5721415281295776
1956,8,31,-0.600757896900177
1956,9,1,-0.30118393898010254
1956,9,2,-0.4229966700077057
1956,9,3,-0.3138613998889923
1956,9,4,-0.16475500166416168
1956,9,5,-0.1667916476726532
1956,9,6,-0.4484340250492096
1956,9,7,-0.6532388925552368
1956,9,8,-0.6739322543144226
1956,9,9,-0.1573645919561386
1956,9,10,0.027673380449414253
1956,9,11,0.173948734998703
1956,9,12,0.2524068355560303
1956,9,13,-0.2429942786693573
1956,9,14,0.13094910979270935
1956,9,15,0.37289130687713623
1956,9,16,0.2298993468284607
1956,9,17,-0.5714577436447144
1956,9,18,-0.7856786847114563
1956,9,19,-0.49552488327026367
1956,9,20,-0.24416370689868927
1956,9,21,-1.1346136331558228
1956,9,22,-2.246615409851074
1956,9,23,-2.313917398452759
1956,9,24,-1.6327266693115234
1956,9,25,-0.6264296770095825
1956,9,26,0.13182935118675232
1956,9,27,0.9413132071495056
1956,9,28,1.6750954389572144
1956,9,29,1.8678113222122192
1956,9,30,1.9468235969543457
1956,10,1,1.9988493919372559
1956,10,2,1.2295701503753662
1956,10,3,0.4972197115421295
1956,10,4,0.08383258432149887
1956,10,5,-0.0064153228886425495
1956,10,6,0.3234756886959076
1956,10,7,0.6763813495635986
1956,10,8,0.351809561252594
1956,10,9,0.5519912838935852
1956,10,10,1.3067681789398193
1956,10,11,1.7732844352722168
1956,10,12,1.934365153312683
1956,10,13,1.5636965036392212
1956,10,14,0.6690657734870911
1956,10,15,0.2955496311187744
1956,10,16,0.9570822715759277
1956,10,17,2.0621023178100586
1956,10,18,2.601083993911743
1956,10,19,2.546812057495117
1956,10,20,2.715167760848999
1956,10,21,2.8150200843811035
1956,10,22,2.3272337913513184
1956,10,23,1.4620020389556885
1956,10,24,0.8331036567687988
1956,10,25,0.5340779423713684
1956,10,26,0.42865273356437683
1956,10,27,0.5276426672935486
1956,10,28,0.9655457735061646
1956,10,29,0.6536678075790405
1956,10,30,-0.10766232013702393
1956,10,31,-0.5137031674385071
1956,11,1,-1.2166152000427246
1956,11,2,-1.9817689657211304
1956,11,3,-1.3655874729156494
1956,11,4,-0.3362426161766052
1956,11,5,0.41627803444862366
1956,11,6,0.8022507429122925
1956,11,7,1.1361980438232422
1956,11,8,1.233962059020996
1956,11,9,1.141623616218567
1956,11,10,0.8496970534324646
1956,11,11,0.6426587104797363
1956,11,12,0.7359680533409119
1956,11,13,0.8773394823074341
1956,11,14,0.3759991526603699
1956,11,15,-0.0013789861695840955
1956,11,16,-0.0510391965508461
1956,11,17,-0.39766547083854675
1956,11,18,-0.862140953540802
1956,11,19,-1.1276881694793701
1956,11,20,-1.2998723983764648
1956,11,21,-1.111440896987915
1956,11,22,-1.2768155336380005
1956,11,23,-0.7108442783355713
1956,11,24,0.553598165512085
1956,11,25,0.5732777714729309
1956,11,26,0.3399641811847687
1956,11,27,-0.5348057746887207
1956,11,28,-0.5994343757629395
1956,11,29,0.4178398847579956
1956,11,30,0.8560406565666199
1956,12,1,0.41321685910224915
1956,12,2,0.1849997490644455
1956,12,3,0.14827914535999298
1956,12,4,0.08186592161655426
1956,12,5,-0.3678968846797943
1956,12,6,-0.49684762954711914
1956,12,7,-0.13530908524990082
1956,12,8,0.5976849794387817
1956,12,9,1.232761025428772
1956,12,10,1.5932544469833374
1956,12,11,1.1378178596496582
1956,12,12,1.2777818441390991
1956,12,13,1.0955897569656372
1956,12,14,0.36129283905029297
1956,12,15,-0.3459411561489105
1956,12,16,-0.44624119997024536
1956,12,17,0.11968226730823517
1956,12,18,0.8629873991012573
1956,12,19,1.0845564603805542
1956,12,20,0.7253702878952026
1956,12,21,-0.35012584924697876
1956,12,22,-0.9178947806358337
1956,12,23,-1.015380620956421
1956,12,24,-1.1558690071105957
1956,12,25,-1.162776231765747
1956,12,26,-1.1172757148742676
1956,12,27,-0.9759913086891174
1956,12,28,-0.6586997509002686
1956,12,29,0.025485699996352196
1956,12,30,-0.5034125447273254
1956,12,31,-1.2693947553634644
1957,1,1,-0.7834879755973816
1957,1,2,0.24632501602172852
1957,1,3,1.04843008518219
1957,1,4,1.8511091470718384
1957,1,5,2.84806752204895
1957,1,6,3.162978172302246
1957,1,7,2.332742929458618
1957,1,8,1.9352059364318848
1957,1,9,1.2083711624145508
1957,1,10,0.6621780395507812
1957,1,11,1.365947961807251
1957,1,12,1.9754189252853394
1957,1,13,1.6279133558273315
1957,1,14,1.2775700092315674
1957,1,15,1.8931896686553955
1957,1,16,2.1825177669525146
1957,1,17,2.1046431064605713
1957,1,18,2.1670446395874023
1957,1,19,3.632652521133423
1957,1,20,5.077530384063721
1957,1,21,4.51495885848999
1957,1,22,3.248908281326294
1957,1,23,1.846448540687561
1957,1,24,0.9965536594390869
1957,1,25,1.4456135034561157
1957,1,26,1.9793027639389038
1957,1,27,1.707154631614685
1957,1,28,1.4305930137634277
1957,1,29,1.683523416519165
1957,1,30,2.080000877380371
1957,1,31,2.8986051082611084
1957,2,1,4.223812580108643
1957,2,2,4.1037516593933105
1957,2,3,2.63451886177063
1957,2,4,1.7490475177764893
1957,2,5,1.5583343505859375
1957,2,6,1.263384461402893
1957,2,7,0.7430084943771362
1957,2,8,0.7084668874740601
1957,2,9,0.7315846085548401
1957,2,10,0.4873288571834564
1957,2,11,-0.5227780342102051
1957,2,12,-1.335291862487793
1957,2,13,-2.03920578956604
1957,2,14,-2.539989709854126
1957,2,15,-3.3514065742492676
1957,2,16,-3.616788864135742
1957,2,17,-3.7811717987060547
1957,2,18,-3.9871766567230225
1957,2,19,-4.068226337432861
1957,2,20,-4.2054266929626465
1957,2,21,-4.473233222961426
1957,2,22,-4.166798114776611
1957,2,23,-3.4945454597473145
1957,2,24,-3.246966600418091
1957,2,25,-3.437807559967041
1957,2,26,-3.8327713012695312
1957,2,27,-3.5529861450195312
1957,2,28,-3.4171090126037598
1957,3,1,-3.617422103881836
1957,3,2,-3.7618589401245117
1957,3,3,-3.7174298763275146
1957,3,4,-3.765843629837036
1957,3,5,-3.4107184410095215
1957,3,6,-2.991939067840576
1957,3,7,-3.176302433013916
1957,3,8,-3.4836645126342773
1957,3,9,-3.6109912395477295
1957,3,10,-3.4733262062072754
1957,3,11,-3.7328929901123047
1957,3,12,-3.750476360321045
1957,3,13,-2.8650736808776855
1957,3,14,-2.0920655727386475
1957,3,15,-1.7533572912216187
1957,3,16,-1.1653023958206177
1957,3,17,-0.6335374712944031
1957,3,18,-0.23481403291225433
1957,3,19,0.10427536070346832
1957,3,20,0.4172491431236267
1957,3,21,0.225870743393898
1957,3,22,-0.7341297268867493
1957,3,23,-1.50533926486969
1957,3,24,-1.250160574913025
1957,3,25,-0.5481380820274353
1957,3,26,-0.4592367112636566
1957,3,27,-1.005515456199646
1957,3,28,-1.48655104637146
1957,3,29,-1.485675573348999
1957,3,30,-0.8222137689590454
1957,3,31,-0.38753148913383484
1957,4,1,-0.0414157435297966
1957,4,2,0.6680656671524048
1957,4,3,1.4109153747558594
1957,4,4,1.2197850942611694
1957,4,5,0.7362048625946045
1957,4,6,0.184249609708786
1957,4,7,-0.6367824673652649
1957,4,8,-1.4926061630249023
1957,4,9,-2.1977345943450928
1957,4,10,-2.448455810546875
1957,4,11,-1.862431526184082
1957,4,12,-0.5463466644287109
1957,4,13,0.8406410217285156
1957,4,14,1.512324571609497
1957,4,15,2.3051137924194336
1957,4,16,2.6843574047088623
1957,4,17,2.50989031791687
1957,4,18,2.122520923614502
1957,4,19,1.4056751728057861
1957,4,20,0.7400451302528381
1957,4,21,0.36597922444343567
1957,4,22,-0.23984090983867645
1957,4,23,-0.8556849360466003
1957,4,24,-0.9130327105522156
1957,4,25,-0.8754550218582153
1957,4,26,-0.4720841646194458
1957,4,27,-0.106339231133461
1957,4,28,0.35993802547454834
1957,4,29,0.3100724220275879
1957,4,30,0.18554818630218506
1957,5,1,-0.5151774883270264
1957,5,2,-1.1644361019134521
1957,5,3,-1.3876638412475586
1957,5,4,-0.9493432641029358
1957,5,5,0.021494364365935326
1957,5,6,0.7786637544631958
1957,5,7,0.510407030582428
1957,5,8,-0.7716283202171326
1957,5,9,-1.9025254249572754
1957,5,10,-2.105062484741211
1957,5,11,-1.7256884574890137
1957,5,12,-1.3115644454956055
1957,5,13,-1.4906152486801147
1957,5,14,-1.9372152090072632
1957,5,15,-2.0668587684631348
1957,5,16,-1.4059568643569946
1957,5,17,-0.9517512917518616
1957,5,18,-0.5476951599121094
1957,5,19,-0.31226658821105957
1957,5,20,-0.32930973172187805
1957,5,21,-0.5962083339691162
1957,5,22,-1.1318706274032593
1957,5,23,-1.648766279220581
1957,5,24,-2.010765790939331
1957,5,25,-1.869096279144287
1957,5,26,-1.6559134721755981
1957,5,27,-1.1247062683105469
1957,5,28,-0.612615168094635
1957,5,29,-0.12574860453605652
1957,5,30,0.5229445099830627
1957,5,31,0.9299089908599854
1957,6,1,1.1185969114303589
1957,6,2,1.2343815565109253
1957,6,3,1.3122719526290894
1957,6,4,0.9856646060943604
1957,6,5,0.2301034778356552
1957,6,6,-0.09724588692188263
1957,6,7,-0.7521719932556152
1957,6,8,-1.491978645324707
1957,6,9,-1.9487636089324951
1957,6,10,-1.8383861780166626
1957,6,11,-1.4768892526626587
1957,6,12,-0.8775313496589661
1957,6,13,-0.7710193991661072
1957,6,14,-0.7167780995368958
1957,6,15,-0.9631596207618713
1957,6,16,-1.339381217956543
1957,6,17,-1.4037400484085083
1957,6,18,-1.062720775604248
1957,6,19,-0.7776176929473877
1957,6,20,-1.1422995328903198
1957,6,21,-1.6218713521957397
1957,6,22,-1.7892149686813354
1957,6,23,-1.5821794271469116
1957,6,24,-1.3799293041229248
1957,6,25,-1.680871605873108
1957,6,26,-1.3581993579864502
1957,6,27,-0.3547849655151367
1957,6,28,0.12217018753290176
1957,6,29,-0.14882341027259827
1957,6,30,-0.41936275362968445
1957,7,1,-0.5508708357810974
1957,7,2,-0.4598385691642761
1957,7,3,-0.2366543412208557
1957,7,4,-0.09254936128854752
1957,7,5,-0.27559590339660645
1957,7,6,-0.8409519791603088
1957,7,7,-1.1629434823989868
1957,7,8,-1.0790846347808838
1957,7,9,-0.8804646134376526
1957,7,10,-1.1063416004180908
1957,7,11,-1.7061327695846558
1957,7,12,-1.8609533309936523
1957,7,13,-1.6594213247299194
1957,7,14,-1.254989504814148
1957,7,15,-1.0144449472427368
1957,7,16,-0.9226788282394409
1957,7,17,-0.755622386932373
1957,7,18,-0.28588414192199707
1957,7,19,0.12872160971164703
1957,7,20,0.2560702860355377
1957,7,21,0.06804056465625763
1957,7,22,-0.05038178712129593
1957,7,23,-0.24929790198802948
1957,7,24,-0.14469178020954132
1957,7,25,-0.05825303867459297
1957,7,26,-0.28059157729148865
1957,7,27,-0.5548753142356873
1957,7,28,-0.622380793094635
1957,7,29,-0.6891053318977356
1957,7,30,-0.5267751812934875
1957,7,31,-0.45389699935913086
1957,8,1,-0.4232712388038635
1957,8,2,-0.7839855551719666
1957,8,3,-1.1829369068145752
1957,8,4,-1.2355200052261353
1957,8,5,-1.0607391595840454
1957,8,6,-0.8476880192756653
1957,8,7,-0.3829823434352875
1957,8,8,-0.07367119193077087
1957,8,9,0.22467643022537231
1957,8,10,0.2687477469444275
1957,8,11,0.11965011805295944
1957,8,12,-0.05534975230693817
1957,8,13,0.07702189683914185
1957,8,14,0.37133869528770447
1957,8,15,0.6815341711044312
1957,8,16,0.8843792080879211
1957,8,17,0.9353886246681213
1957,8,18,0.9172165393829346
1957,8,19,0.8902329802513123
1957,8,20,0.7918452024459839
1957,8,21,0.7029024362564087
1957,8,22,0.6884568333625793
1957,8,23,0.558302104473114
1957,8,24,0.3769291043281555
1957,8,25,-0.09979001432657242
1957,8,26,-0.17479118704795837
1957,8,27,0.013215054757893085
1957,8,28,0.24712331593036652
1957,8,29,0.4174472987651825
1957,8,30,0.2686185836791992
1957,8,31,-0.220380961894989
1957,9,1,-0.6311523914337158
1957,9,2,-0.9178984761238098
1957,9,3,-1.1292951107025146
1957,9,4,-1.1012853384017944
1957,9,5,-1.1125049591064453
1957,9,6,-0.7330387830734253
1957,9,7,-0.015888947993516922
1957,9,8,0.7555521726608276
1957,9,9,0.7476590275764465
1957,9,10,0.4826660752296448
1957,9,11,-0.024373019114136696
1957,9,12,-0.8622640371322632
1957,9,13,-0.7606995105743408
1957,9,14,-0.7270976305007935
1957,9,15,-1.1843663454055786
1957,9,16,-1.8308422565460205
1957,9,17,-2.5367162227630615
1957,9,18,-2.8340883255004883
1957,9,19,-2.584249258041382
1957,9,20,-2.5522148609161377
1957,9,21,-2.4554173946380615
1957,9,22,-2.0760903358459473
1957,9,23,-1.6940100193023682
1957,9,24,-0.892173707485199
1957,9,25,-0.14435523748397827
1957,9,26,0.11431790888309479
1957,9,27,-0.2517061233520508
1957,9,28,-0.4685288369655609
1957,9,29,-0.28452223539352417
1957,9,30,0.045344557613134384
1957,10,1,0.40446168184280396
1957,10,2,0.6030871272087097
1957,10,3,-0.1348084807395935
1957,10,4,-0.5509041547775269
1957,10,5,-0.2855658233165741
1957,10,6,0.11980866640806198
1957,10,7,0.14622166752815247
1957,10,8,0.18095330893993378
1957,10,9,0.18333642184734344
1957,10,10,-0.12080089747905731
1957,10,11,0.07374747842550278
1957,10,12,0.19341738522052765
1957,10,13,-0.012758797965943813
1957,10,14,0.04841986671090126
1957,10,15,0.2692069709300995
1957,10,16,0.7305523753166199
1957,10,17,1.1891748905181885
1957,10,18,1.5655992031097412
1957,10,19,1.9139258861541748
1957,10,20,1.2963584661483765
1957,10,21,0.9354678392410278
1957,10,22,1.6089637279510498
1957,10,23,1.7150458097457886
1957,10,24,1.3348190784454346
1957,10,25,0.8720651865005493
1957,10,26,1.435944676399231
1957,10,27,2.140777111053467
1957,10,28,2.1734087467193604
1957,10,29,2.311962366104126
1957,10,30,2.435720205307007
1957,10,31,2.2208569049835205
1957,11,1,1.2906546592712402
1957,11,2,0.6239180564880371
1957,11,3,-0.7322359681129456
1957,11,4,-1.4418963193893433
1957,11,5,-1.1864266395568848
1957,11,6,-0.9101851582527161
1957,11,7,-1.0994508266448975
1957,11,8,-1.6826727390289307
1957,11,9,-1.871284008026123
1957,11,10,-2.3338043689727783
1957,11,11,-1.9002827405929565
1957,11,12,-1.283135175704956
1957,11,13,-1.333081841468811
1957,11,14,-1.912639856338501
1957,11,15,-2.2243332862854004
1957,11,16,-2.163769483566284
1957,11,17,-1.7327446937561035
1957,11,18,-1.2567425966262817
1957,11,19,-1.4758973121643066
1957,11,20,-1.70863676071167
1957,11,21,-1.201139211654663
1957,11,22,-0.29778778553009033
1957,11,23,-0.43550440669059753
1957,11,24,-1.405043601989746
1957,11,25,-2.164090633392334
1957,11,26,-2.252490520477295
1957,11,27,-1.558132529258728
1957,11,28,-1.3147742748260498
1957,11,29,-1.5521191358566284
1957,11,30,-1.4139618873596191
1957,12,1,-1.3949512243270874
1957,12,2,-0.6075983643531799
1957,12,3,0.560949444770813
1957,12,4,0.8987051844596863
1957,12,5,0.6030530333518982
1957,12,6,0.8579556345939636
1957,12,7,1.8225089311599731
1957,12,8,1.6474841833114624
1957,12,9,1.3695437908172607
1957,12,10,0.2661515176296234
1957,12,11,-1.2503454685211182
1957,12,12,-1.178316354751587
1957,12,13,-0.17839212715625763
1957,12,14,1.1200047731399536
1957,12,15,2.434610605239868
1957,12,16,2.600879430770874
1957,12,17,2.3877224922180176
1957,12,18,1.88510262966156
1957,12,19,2.226973056793213
1957,12,20,2.771568775177002
1957,12,21,2.6413626670837402
1957,12,22,1.5567926168441772
1957,12,23,0.9921090006828308
1957,12,24,1.5575037002563477
1957,12,25,1.5039769411087036
1957,12,26,0.8492816686630249
1957,12,27,0.34215012192726135
1957,12,28,-0.03080793097615242
1957,12,29,-0.7073145508766174
1957,12,30,-1.2122098207473755
1957,12,31,-1.5841131210327148
1958,1,1,-1.7826614379882812
1958,1,2,-2.1496574878692627
1958,1,3,-1.540574550628662
1958,1,4,0.2525419294834137
1958,1,5,1.004991054534912
1958,1,6,0.8471110463142395
1958,1,7,-0.20063146948814392
1958,1,8,-0.7343723177909851
1958,1,9,-0.2699723541736603
1958,1,10,-0.45444339513778687
1958,1,11,-1.7888597249984741
1958,1,12,-3.092028856277466
1958,1,13,-2.761646032333374
1958,1,14,-2.1691880226135254
1958,1,15,-0.5601283311843872
1958,1,16,0.17188996076583862
1958,1,17,-0.02624296024441719
1958,1,18,-0.9831731915473938
1958,1,19,-1.8632010221481323
1958,1,20,-2.4136979579925537
1958,1,21,-3.0624125003814697
1958,1,22,-3.6752243041992188
1958,1,23,-3.9648633003234863
1958,1,24,-4.009969234466553
1958,1,25,-3.90942120552063
1958,1,26,-3.0581979751586914
1958,1,27,-1.99699068069458
1958,1,28,-0.652716875076294
1958,1,29,0.019015468657016754
1958,1,30,0.8523069620132446
1958,1,31,0.9716469645500183
1958,2,1,0.321328729391098
1958,2,2,-0.8155457973480225
1958,2,3,-1.6849271059036255
1958,2,4,-1.834722638130188
1958,2,5,-2.105102300643921
1958,2,6,-2.457091808319092
1958,2,7,-2.773862361907959
1958,2,8,-2.961937665939331
1958,2,9,-3.1093666553497314
1958,2,10,-2.6825318336486816
1958,2,11,-1.856755256652832
1958,2,12,-1.0331847667694092
1958,2,13,-0.6599858999252319
1958,2,14,-1.0653403997421265
1958,2,15,-1.877539038658142
1958,2,16,-2.898642063140869
1958,2,17,-3.9598021507263184
1958,2,18,-3.7976129055023193
1958,2,19,-3.017158031463623
1958,2,20,-2.5338122844696045
1958,2,21,-1.8178136348724365
1958,2,22,-1.4071146249771118
1958,2,23,-1.8107661008834839
1958,2,24,-2.535785675048828
1958,2,25,-2.6884067058563232
1958,2,26,-2.5103297233581543
1958,2,27,-2.4246675968170166
1958,2,28,-2.1739935874938965
1958,3,1,-1.8873205184936523
1958,3,2,-1.231226921081543
1958,3,3,-0.4951454997062683
1958,3,4,-0.3698546290397644
1958,3,5,-0.8239967226982117
1958,3,6,-1.4626129865646362
1958,3,7,-2.373936176300049
1958,3,8,-2.9890682697296143
1958,3,9,-3.558924436569214
1958,3,10,-3.849893569946289
1958,3,11,-4.030118942260742
1958,3,12,-3.8222029209136963
1958,3,13,-3.594780921936035
1958,3,14,-3.554032802581787
1958,3,15,-3.4849276542663574
1958,3,16,-3.395624876022339
1958,3,17,-2.8313510417938232
1958,3,18,-2.385389566421509
1958,3,19,-2.2556402683258057
1958,3,20,-2.241133213043213
1958,3,21,-2.4316189289093018
1958,3,22,-2.7189321517944336
1958,3,23,-2.920140266418457
1958,3,24,-3.0237326622009277
1958,3,25,-2.896317481994629
1958,3,26,-2.4886634349823
1958,3,27,-1.9231759309768677
1958,3,28,-1.7035890817642212
1958,3,29,-1.7928097248077393
1958,3,30,-1.5552797317504883
1958,3,31,-1.3058021068572998
1958,4,1,-1.4068372249603271
1958,4,2,-1.721510648727417
1958,4,3,-2.112743854522705
1958,4,4,-2.2922894954681396
1958,4,5,-2.8781867027282715
1958,4,6,-3.096283435821533
1958,4,7,-2.963477849960327
1958,4,8,-2.595710277557373
1958,4,9,-1.9345122575759888
1958,4,10,-1.4048246145248413
1958,4,11,-0.7026229500770569
1958,4,12,0.12957292795181274
1958,4,13,0.44350510835647583
1958,4,14,0.37708693742752075
1958,4,15,0.8526811003684998
1958,4,16,1.5404009819030762
1958,4,17,1.6951358318328857
1958,4,18,1.762977123260498
1958,4,19,1.1930581331253052
1958,4,20,1.4179422855377197
1958,4,21,1.8214219808578491
1958,4,22,1.039677381515503
1958,4,23,0.18485882878303528
1958,4,24,-0.12370038777589798
1958,4,25,0.008415067568421364
1958,4,26,0.1800670474767685
1958,4,27,0.533381998538971
1958,4,28,0.4895731210708618
1958,4,29,-0.1836332529783249
1958,4,30,-0.6727051138877869
1958,5,1,-0.6443655490875244
1958,5,2,-0.7641193866729736
1958,5,3,-1.4070981740951538
1958,5,4,-2.0981874465942383
1958,5,5,-1.8094061613082886
1958,5,6,-1.1858940124511719
1958,5,7,-1.1365129947662354
1958,5,8,-0.5029661655426025
1958,5,9,0.36272451281547546
1958,5,10,0.5590987205505371
1958,5,11,0.1986396610736847
1958,5,12,0.025549806654453278
1958,5,13,-0.17907868325710297
1958,5,14,0.026261456310749054
1958,5,15,0.927826464176178
1958,5,16,1.5805798768997192
1958,5,17,1.5601178407669067
1958,5,18,1.0495705604553223
1958,5,19,0.8111243844032288
1958,5,20,0.5149590969085693
1958,5,21,-0.1539808064699173
1958,5,22,-0.7543942332267761
1958,5,23,-1.267451524734497
1958,5,24,-1.163558840751648
1958,5,25,-0.5916101932525635
1958,5,26,-0.2937330901622772
1958,5,27,-0.2056742161512375
1958,5,28,-0.021348783746361732
1958,5,29,-0.39344343543052673
1958,5,30,-1.329244613647461
1958,5,31,-1.7734686136245728
1958,6,1,-1.6474854946136475
1958,6,2,-1.3931702375411987
1958,6,3,-1.239317536354065
1958,6,4,-0.8070884943008423
1958,6,5,-0.9265366792678833
1958,6,6,-0.9122633337974548
1958,6,7,-0.919315755367279
1958,6,8,-1.051735281944275
1958,6,9,-1.0458699464797974
1958,6,10,-1.077127456665039
1958,6,11,-0.8919238448143005
1958,6,12,-0.5540198087692261
1958,6,13,-0.3027811348438263
1958,6,14,-0.5137253403663635
1958,6,15,-0.8475691676139832
1958,6,16,-0.9351967573165894
1958,6,17,-0.5761650800704956
1958,6,18,-0.21624039113521576
1958,6,19,-0.2756294906139374
1958,6,20,-0.29673758149147034
1958,6,21,-0.43288421630859375
1958,6,22,-0.8345222473144531
1958,6,23,-1.6550943851470947
1958,6,24,-2.0860342979431152
1958,6,25,-2.094139337539673
1958,6,26,-1.963792085647583
1958,6,27,-1.8088710308074951
1958,6,28,-1.9608557224273682
1958,6,29,-1.9358571767807007
1958,6,30,-2.055037260055542
1958,7,1,-2.124966859817505
1958,7,2,-1.874039888381958
1958,7,3,-1.8319085836410522
1958,7,4,-1.8760453462600708
1958,7,5,-1.6595358848571777
1958,7,6,-1.0793782472610474
1958,7,7,-0.3300289511680603
1958,7,8,0.5752882957458496
1958,7,9,1.1574885845184326
1958,7,10,1.1198375225067139
1958,7,11,0.6678423881530762
1958,7,12,0.45782598853111267
1958,7,13,0.4782997965812683
1958,7,14,0.5264300107955933
1958,7,15,0.5120778679847717
1958,7,16,0.31192272901535034
1958,7,17,-0.12793880701065063
1958,7,18,-0.627056896686554
1958,7,19,-0.8538820147514343
1958,7,20,-0.5067839622497559
1958,7,21,-0.3995550870895386
1958,7,22,-0.6891893744468689
1958,7,23,-1.0459175109863281
1958,7,24,-1.506667971611023
1958,7,25,-1.954753041267395
1958,7,26,-2.226903200149536
1958,7,27,-2.1282546520233154
1958,7,28,-1.6588701009750366
1958,7,29,-0.8620201945304871
1958,7,30,-0.4741586446762085
1958,7,31,-0.41420385241508484
1958,8,1,-0.5085856914520264
1958,8,2,-0.4013536870479584
1958,8,3,-0.32581669092178345
1958,8,4,-0.46386146545410156
1958,8,5,-0.4797419607639313
1958,8,6,-0.21067273616790771
1958,8,7,-0.03177700191736221
1958,8,8,-0.2673876881599426
1958,8,9,-0.6677387356758118
1958,8,10,-0.8910132050514221
1958,8,11,-0.5594308972358704
1958,8,12,-0.12053924798965454
1958,8,13,0.010193923488259315
1958,8,14,-0.3922228217124939
1958,8,15,-0.6285998225212097
1958,8,16,-0.684901237487793
1958,8,17,-0.9925256967544556
1958,8,18,-1.3423587083816528
1958,8,19,-1.5063978433609009
1958,8,20,-1.8677016496658325
1958,8,21,-1.9164743423461914
1958,8,22,-1.4283994436264038
1958,8,23,-0.9317986965179443
1958,8,24,-0.554903507232666
1958,8,25,-0.16875985264778137
1958,8,26,-0.4110804796218872
1958,8,27,-0.8305948972702026
1958,8,28,-0.8736265301704407
1958,8,29,-0.9314465522766113
1958,8,30,-1.0972846746444702
1958,8,31,-1.0926449298858643
1958,9,1,-1.381108045578003
1958,9,2,-1.4542452096939087
1958,9,3,-1.2051516771316528
1958,9,4,-0.46977105736732483
1958,9,5,0.2577466070652008
1958,9,6,0.36971983313560486
1958,9,7,0.45999830961227417
1958,9,8,0.032381266355514526
1958,9,9,-0.31914398074150085
1958,9,10,-0.1929367631673813
1958,9,11,-0.01210329495370388
1958,9,12,-0.44717830419540405
1958,9,13,-0.004743184894323349
1958,9,14,0.41220900416374207
1958,9,15,0.21995556354522705
1958,9,16,0.22481320798397064
1958,9,17,0.8818503618240356
1958,9,18,1.5240310430526733
1958,9,19,1.330149531364441
1958,9,20,1.1019898653030396
1958,9,21,0.5891931056976318
1958,9,22,-0.11267849802970886
1958,9,23,-0.4095746576786041
1958,9,24,0.0076973335817456245
1958,9,25,0.1548810750246048
1958,9,26,-0.07857725769281387
1958,9,27,-0.015456038527190685
1958,9,28,-0.034081581979990005
1958,9,29,-0.9683347940444946
1958,9,30,-0.8133814334869385
1958,10,1,0.3390084505081177
1958,10,2,0.9104390144348145
1958,10,3,1.8193860054016113
1958,10,4,2.1536922454833984
1958,10,5,1.9806785583496094
1958,10,6,1.2630928754806519
1958,10,7,0.9390115141868591
1958,10,8,1.19517982006073
1958,10,9,1.1772099733352661
1958,10,10,0.9534084796905518
1958,10,11,0.879007875919342
1958,10,12,0.9220297932624817
1958,10,13,1.0850235223770142
1958,10,14,1.409544587135315
1958,10,15,1.7569200992584229
1958,10,16,0.3943162262439728
1958,10,17,-0.445430189371109
1958,10,18,-0.1684001386165619
1958,10,19,0.34899455308914185
1958,10,20,0.5591588616371155
1958,10,21,0.5394695997238159
1958,10,22,0.6417016983032227
1958,10,23,0.30853071808815
1958,10,24,-0.20667630434036255
1958,10,25,-0.46586716175079346
1958,10,26,-0.14531075954437256
1958,10,27,0.4212847352027893
1958,10,28,0.6915080547332764
1958,10,29,0.8342946171760559
1958,10,30,0.47796183824539185
1958,10,31,0.4514576494693756
1958,11,1,0.9029515981674194
1958,11,2,1.0012966394424438
1958,11,3,0.09317383915185928
1958,11,4,-0.8541182279586792
1958,11,5,-1.4557418823242188
1958,11,6,-0.7812197208404541
1958,11,7,0.1679319441318512
1958,11,8,0.46838217973709106
1958,11,9,0.15476053953170776
1958,11,10,0.595035970211029
1958,11,11,0.282913476228714
1958,11,12,-0.13748927414417267
1958,11,13,0.41259145736694336
1958,11,14,0.26081255078315735
1958,11,15,0.22454926371574402
1958,11,16,0.36215904355049133
1958,11,17,0.7456510066986084
1958,11,18,0.22360199689865112
1958,11,19,-0.14501643180847168
1958,11,20,-0.13706913590431213
1958,11,21,0.32732143998146057
1958,11,22,0.5139586329460144
1958,11,23,0.3816131353378296
1958,11,24,0.25653374195098877
1958,11,25,-0.2329070121049881
1958,11,26,-1.0206629037857056
1958,11,27,-0.6349831223487854
1958,11,28,-0.3357478380203247
1958,11,29,-0.7725142240524292
1958,11,30,-1.1796021461486816
1958,12,1,-0.6434097290039062
1958,12,2,0.29026690125465393
1958,12,3,0.12472869455814362
1958,12,4,-0.7318097352981567
1958,12,5,-1.5120670795440674
1958,12,6,-1.8848254680633545
1958,12,7,-2.202667713165283
1958,12,8,-2.302807092666626
1958,12,9,-1.929999828338623
1958,12,10,-1.1645458936691284
1958,12,11,-0.3137149512767792
1958,12,12,-0.1409541666507721
1958,12,13,-1.1504181623458862
1958,12,14,-1.8406739234924316
1958,12,15,-2.648979663848877
1958,12,16,-3.2207353115081787
1958,12,17,-3.6083836555480957
1958,12,18,-3.630356550216675
1958,12,19,-3.6975581645965576
1958,12,20,-3.7334446907043457
1958,12,21,-3.7824819087982178
1958,12,22,-3.8141913414001465
1958,12,23,-3.5417184829711914
1958,12,24,-3.018967390060425
1958,12,25,-2.2871391773223877
1958,12,26,-1.4154939651489258
1958,12,27,-0.482009619474411
1958,12,28,0.6238462924957275
1958,12,29,1.1039305925369263
1958,12,30,1.0292507410049438
1958,12,31,1.101025938987732
1959,1,1,0.3316061496734619
1959,1,2,-1.9425301551818848
1959,1,3,-3.0553853511810303
1959,1,4,-3.467207908630371
1959,1,5,-3.4452500343322754
1959,1,6,-3.6382389068603516
1959,1,7,-4.026306629180908
1959,1,8,-3.888789653778076
1959,1,9,-3.957763433456421
1959,1,10,-3.5662033557891846
1959,1,11,-2.697617530822754
1959,1,12,-1.7837361097335815
1959,1,13,-1.543912410736084
1959,1,14,-1.8008432388305664
1959,1,15,-2.1307008266448975
1959,1,16,-2.118403196334839
1959,1,17,-2.1391007900238037
1959,1,18,-1.5022526979446411
1959,1,19,-1.3311049938201904
1959,1,20,-1.5312813520431519
1959,1,21,-2.204972505569458
1959,1,22,-2.702038049697876
1959,1,23,-2.268333673477173
1959,1,24,-0.8421005606651306
1959,1,25,-0.5773994326591492
1959,1,26,-0.8756778240203857
1959,1,27,-0.6361458897590637
1959,1,28,-0.26066818833351135
1959,1,29,-0.17767366766929626
1959,1,30,-0.1319817304611206
1959,1,31,-0.26913997530937195
1959,2,1,0.23975323140621185
1959,2,2,1.4260045289993286
1959,2,3,1.4553775787353516
1959,2,4,0.9679859280586243
1959,2,5,0.8818767070770264
1959,2,6,1.6859818696975708
1959,2,7,1.957023024559021
1959,2,8,2.189321756362915
1959,2,9,2.75478196144104
1959,2,10,3.138760805130005
1959,2,11,3.142805576324463
1959,2,12,3.0027754306793213
1959,2,13,2.8110430240631104
1959,2,14,3.357659101486206
1959,2,15,3.619933605194092
1959,2,16,3.1137964725494385
1959,2,17,3.005483865737915
1959,2,18,3.2963216304779053
1959,2,19,2.7841439247131348
1959,2,20,2.0167806148529053
1959,2,21,2.0324652194976807
1959,2,22,2.3011057376861572
1959,2,23,2.4770078659057617
1959,2,24,2.5799357891082764
1959,2,25,2.7773683071136475
1959,2,26,3.067845344543457
1959,2,27,3.2365713119506836
1959,2,28,3.3888015747070312
1959,3,1,3.31300687789917
1959,3,2,2.6522278785705566
1959,3,3,1.6533918380737305
1959,3,4,0.461991548538208
1959,3,5,0.29257985949516296
1959,3,6,0.6876718401908875
1959,3,7,0.7803220748901367
1959,3,8,0.9607880115509033
1959,3,9,1.4113706350326538
1959,3,10,1.7349090576171875
1959,3,11,1.6691770553588867
1959,3,12,1.4412704706192017
1959,3,13,0.9482420086860657
1959,3,14,1.0019067525863647
1959,3,15,1.5398739576339722
1959,3,16,1.5433526039123535
1959,3,17,1.4050734043121338
1959,3,18,1.7622562646865845
1959,3,19,1.8289971351623535
1959,3,20,1.3385910987854004
1959,3,21,1.1060222387313843
1959,3,22,1.200148105621338
1959,3,23,0.7843741774559021
1959,3,24,0.6315917372703552
1959,3,25,1.0598114728927612
1959,3,26,1.5539138317108154
1959,3,27,1.8044886589050293
1959,3,28,1.7837541103363037
1959,3,29,1.4082040786743164
1959,3,30,1.2756986618041992
1959,3,31,1.7686645984649658
1959,4,1,1.9452346563339233
1959,4,2,1.77420973777771
1959,4,3,1.8388984203338623
1959,4,4,2.133303642272949
1959,4,5,1.9598466157913208
1959,4,6,1.2613698244094849
1959,4,7,0.14915183186531067
1959,4,8,-1.233614206314087
1959,4,9,-1.6554259061813354
1959,4,10,-1.1476877927780151
1959,4,11,-0.6757600903511047
1959,4,12,-0.46827399730682373
1959,4,13,-0.7622711658477783
1959,4,14,-1.328769564628601
1959,4,15,-1.2526941299438477
1959,4,16,-1.4453182220458984
1959,4,17,-1.8388659954071045
1959,4,18,-1.8347307443618774
1959,4,19,-1.4877411127090454
1959,4,20,-1.2683055400848389
1959,4,21,-0.8138682246208191
1959,4,22,-0.16417062282562256
1959,4,23,0.8840917348861694
1959,4,24,1.7955271005630493
1959,4,25,1.6584014892578125
1959,4,26,1.2616666555404663
1959,4,27,1.191940188407898
1959,4,28,1.1183106899261475
1959,4,29,1.118430256843567
1959,4,30,0.7340062260627747
1959,5,1,-0.05562318488955498
1959,5,2,-0.8183146119117737
1959,5,3,-1.5640642642974854
1959,5,4,-2.023817777633667
1959,5,5,-1.7391836643218994
1959,5,6,-0.8450942039489746
1959,5,7,-0.0799364373087883
1959,5,8,0.8038738965988159
1959,5,9,1.1880686283111572
1959,5,10,0.6690465807914734
1959,5,11,-0.26554134488105774
1959,5,12,-0.9268558025360107
1959,5,13,-1.104733943939209
1959,5,14,-1.217173457145691
1959,5,15,-1.2008458375930786
1959,5,16,-1.16385018825531
1959,5,17,-1.1998564004898071
1959,5,18,-0.829418420791626
1959,5,19,-0.22803491353988647
1959,5,20,-0.12306273728609085
1959,5,21,-0.2696925401687622
1959,5,22,-0.320673406124115
1959,5,23,0.06948043406009674
1959,5,24,0.14036184549331665
1959,5,25,0.2712381184101105
1959,5,26,0.21713659167289734
1959,5,27,0.0014507864834740758
1959,5,28,0.19492550194263458
1959,5,29,0.5192478895187378
1959,5,30,0.7839231491088867
1959,5,31,0.9261653423309326
1959,6,1,1.2935943603515625
1959,6,2,1.6846834421157837
1959,6,3,1.5542266368865967
1959,6,4,1.0112996101379395
1959,6,5,0.9728923439979553
1959,6,6,0.9792031645774841
1959,6,7,1.5586506128311157
1959,6,8,1.6380351781845093
1959,6,9,1.2364065647125244
1959,6,10,1.005070447921753
1959,6,11,0.46673083305358887
1959,6,12,-0.32769301533699036
1959,6,13,-0.9331032037734985
1959,6,14,-1.2221171855926514
1959,6,15,-1.353519320487976
1959,6,16,-1.5100260972976685
1959,6,17,-1.2587687969207764
1959,6,18,-0.6493203043937683
1959,6,19,-0.6785911321640015
1959,6,20,-0.7315497994422913
1959,6,21,-0.9077609181404114
1959,6,22,-1.018086314201355
1959,6,23,-1.0652790069580078
1959,6,24,-1.1726781129837036
1959,6,25,-1.0747945308685303
1959,6,26,-0.7599998116493225
1959,6,27,-0.43325871229171753
1959,6,28,-0.16746051609516144
1959,6,29,0.34631940722465515
1959,6,30,0.5465594530105591
1959,7,1,0.713384747505188
1959,7,2,0.8100870251655579
1959,7,3,0.8898640871047974
1959,7,4,0.7016778588294983
1959,7,5,0.4792405664920807
1959,7,6,0.4096251428127289
1959,7,7,0.20019719004631042
1959,7,8,-0.07786937803030014
1959,7,9,0.12141229212284088
1959,7,10,0.051961541175842285
1959,7,11,-0.16237092018127441
1959,7,12,0.10864796489477158
1959,7,13,0.5674927234649658
1959,7,14,0.6587015986442566
1959,7,15,0.38550350069999695
1959,7,16,-0.09201111644506454
1959,7,17,-0.436809241771698
1959,7,18,-0.595478892326355
1959,7,19,-0.8692858815193176
1959,7,20,-0.6644435524940491
1959,7,21,0.10203376412391663
1959,7,22,0.5472412109375
1959,7,23,0.503746509552002
1959,7,24,0.5482277274131775
1959,7,25,0.23956060409545898
1959,7,26,-0.16714367270469666
1959,7,27,-0.3093583285808563
1959,7,28,-0.44310256838798523
1959,7,29,-0.601201057434082
1959,7,30,-0.48226433992385864
1959,7,31,-0.009485248476266861
1959,8,1,0.28569120168685913
1959,8,2,0.0208864938467741
1959,8,3,0.025068504735827446
1959,8,4,0.20786097645759583
1959,8,5,0.23170781135559082
1959,8,6,-0.05794239044189453
1959,8,7,-0.1634048968553543
1959,8,8,-0.2807963788509369
1959,8,9,-0.21940839290618896
1959,8,10,-0.3462771773338318
1959,8,11,-0.7527853846549988
1959,8,12,-1.2342785596847534
1959,8,13,-1.5098518133163452
1959,8,14,-1.7889759540557861
1959,8,15,-1.6156635284423828
1959,8,16,-1.7010509967803955
1959,8,17,-1.865218997001648
1959,8,18,-1.7536579370498657
1959,8,19,-1.566864252090454
1959,8,20,-1.5043072700500488
1959,8,21,-1.5888848304748535
1959,8,22,-1.5621379613876343
1959,8,23,-0.9827969670295715
1959,8,24,-0.14485742151737213
1959,8,25,0.4301510751247406
1959,8,26,0.06879813224077225
1959,8,27,-0.13308177888393402
1959,8,28,-0.29972076416015625
1959,8,29,-0.5122808814048767
1959,8,30,-1.0132980346679688
1959,8,31,-0.9555590152740479
1959,9,1,-0.747559130191803
1959,9,2,-1.2977824211120605
1959,9,3,-1.2286701202392578
1959,9,4,-0.5587224960327148
1959,9,5,-0.01530640758574009
1959,9,6,0.4212529957294464
1959,9,7,0.6682160496711731
1959,9,8,0.977476954460144
1959,9,9,1.2434945106506348
1959,9,10,0.8893833160400391
1959,9,11,-0.002369743073359132
1959,9,12,-0.38730353116989136
1959,9,13,-0.9653324484825134
1959,9,14,-1.5396801233291626
1959,9,15,-1.6194602251052856
1959,9,16,-1.540509819984436
1959,9,17,-1.167996883392334
1959,9,18,-0.24734215438365936
1959,9,19,0.9373849630355835
1959,9,20,1.215512990951538
1959,9,21,0.6026968359947205
1959,9,22,-0.08235464990139008
1959,9,23,-0.009265430271625519
1959,9,24,0.29990077018737793
1959,9,25,0.3769899010658264
1959,9,26,-0.02467936836183071
1959,9,27,-0.7790566086769104
1959,9,28,-1.4285051822662354
1959,9,29,-1.5293207168579102
1959,9,30,-0.5872695446014404
1959,10,1,0.2713507413864136
1959,10,2,0.5871875286102295
1959,10,3,0.6769997477531433
1959,10,4,0.15062646567821503
1959,10,5,-0.6363735795021057
1959,10,6,-1.273681879043579
1959,10,7,-1.6034780740737915
1959,10,8,-2.021097183227539
1959,10,9,-2.020822048187256
1959,10,10,-1.944131851196289
1959,10,11,-1.484860897064209
1959,10,12,-1.2100517749786377
1959,10,13,-0.9567214250564575
1959,10,14,-0.1169305071234703
1959,10,15,0.3395971357822418
1959,10,16,0.10025522857904434
1959,10,17,-0.3103204667568207
1959,10,18,-0.20159326493740082
1959,10,19,-0.3843221366405487
1959,10,20,-0.7506340146064758
1959,10,21,-0.34504908323287964
1959,10,22,0.542693555355072
1959,10,23,0.907156765460968
1959,10,24,0.7223019003868103
1959,10,25,0.6070887446403503
1959,10,26,0.4780164062976837
1959,10,27,-0.7959495186805725
1959,10,28,-0.6912832856178284
1959,10,29,0.36207878589630127
1959,10,30,1.6510498523712158
1959,10,31,1.9017560482025146
1959,11,1,0.9414353370666504
1959,11,2,0.27812710404396057
1959,11,3,-0.09064316749572754
1959,11,4,0.1699638068675995
1959,11,5,0.7016556262969971
1959,11,6,0.8587400913238525
1959,11,7,1.1154747009277344
1959,11,8,1.690364122390747
1959,11,9,0.9796274900436401
1959,11,10,-0.3690028786659241
1959,11,11,-2.3234453201293945
1959,11,12,-3.9102113246917725
1959,11,13,-4.749346733093262
1959,11,14,-4.831923007965088
1959,11,15,-4.6728620529174805
1959,11,16,-4.608389377593994
1959,11,17,-4.951935768127441
1959,11,18,-5.896294116973877
1959,11,19,-5.54542875289917
1959,11,20,-4.061941146850586
1959,11,21,-3.2387092113494873
1959,11,22,-2.547848701477051
1959,11,23,-1.2519874572753906
1959,11,24,-0.6736795902252197
1959,11,25,-0.20981547236442566
1959,11,26,0.16567684710025787
1959,11,27,1.4598464965820312
1959,11,28,2.5630173683166504
1959,11,29,1.9068899154663086
1959,11,30,0.28731539845466614
1959,12,1,-0.3125866949558258
1959,12,2,0.8561134338378906
1959,12,3,0.7603985667228699
1959,12,4,-0.38573208451271057
1959,12,5,-0.802445113658905
1959,12,6,-0.7448563575744629
1959,12,7,-1.6331735849380493
1959,12,8,-3.186285972595215
1959,12,9,-3.1911847591400146
1959,12,10,-1.9073741436004639
1959,12,11,-0.845880389213562
1959,12,12,0.0660388395190239
1959,12,13,0.40764376521110535
1959,12,14,0.9494439363479614
1959,12,15,1.2774291038513184
1959,12,16,1.5112887620925903
1959,12,17,1.2685593366622925
1959,12,18,0.7618785500526428
1959,12,19,0.8805896043777466
1959,12,20,1.2659670114517212
1959,12,21,1.2913421392440796
1959,12,22,0.7853655815124512
1959,12,23,0.5120038390159607
1959,12,24,0.2870849668979645
1959,12,25,-0.1489175707101822
1959,12,26,-0.1347658932209015
1959,12,27,-0.09692169725894928
1959,12,28,-0.1572757363319397
1959,12,29,-0.0061624180525541306
1959,12,30,-0.13956278562545776
1959,12,31,-0.4453001916408539
1960,1,1,-0.5082916021347046
1960,1,2,-1.297547698020935
1960,1,3,-1.734574556350708
1960,1,4,-1.3636057376861572
1960,1,5,-0.4414966106414795
1960,1,6,-0.6369780898094177
1960,1,7,-1.8902453184127808
1960,1,8,-2.5108375549316406
1960,1,9,-2.3203680515289307
1960,1,10,-2.5902390480041504
1960,1,11,-3.2481462955474854
1960,1,12,-3.5090725421905518
1960,1,13,-3.5648348331451416
1960,1,14,-3.7200417518615723
1960,1,15,-3.5233304500579834
1960,1,16,-3.2332944869995117
1960,1,17,-2.738525152206421
1960,1,18,-2.5443384647369385
1960,1,19,-2.4982829093933105
1960,1,20,-2.352954864501953
1960,1,21,-2.3961243629455566
1960,1,22,-1.9506722688674927
1960,1,23,-1.426498532295227
1960,1,24,-0.9574378132820129
1960,1,25,-1.2227369546890259
1960,1,26,-2.492016077041626
1960,1,27,-3.6227123737335205
1960,1,28,-4.107785701751709
1960,1,29,-3.649121046066284
1960,1,30,-3.1848092079162598
1960,1,31,-3.037790536880493
1960,2,1,-2.4158177375793457
1960,2,2,-1.4049773216247559
1960,2,3,-0.7192075848579407
1960,2,4,-0.6767711043357849
1960,2,5,-1.7992485761642456
1960,2,6,-2.6300442218780518
1960,2,7,-2.3788323402404785
1960,2,8,-2.101531505584717
1960,2,9,-1.8285412788391113
1960,2,10,-1.9870669841766357
1960,2,11,-2.076092004776001
1960,2,12,-1.8998961448669434
1960,2,13,-1.303118109703064
1960,2,14,-1.341330647468567
1960,2,15,-1.3981819152832031
1960,2,16,-1.9048917293548584
1960,2,17,-2.088391065597534
1960,2,18,-1.982704520225525
1960,2,19,-2.040034055709839
1960,2,20,-1.8407307863235474
1960,2,21,-1.9183509349822998
1960,2,22,-2.5303690433502197
1960,2,23,-3.1735050678253174
1960,2,24,-3.679548501968384
1960,2,25,-3.6885156631469727
1960,2,26,-3.5435879230499268
1960,2,27,-3.1146931648254395
1960,2,28,-2.5385167598724365
1960,2,29,-1.8762930631637573
1960,3,1,-0.9020329117774963
1960,3,2,-0.37335920333862305
1960,3,3,-0.6818147897720337
1960,3,4,-1.2592459917068481
1960,3,5,-1.5543837547302246
1960,3,6,-1.5198255777359009
1960,3,7,-1.635270118713379
1960,3,8,-2.1074740886688232
1960,3,9,-2.832512140274048
1960,3,10,-3.200087547302246
1960,3,11,-3.1310126781463623
1960,3,12,-2.4442873001098633
1960,3,13,-1.8561954498291016
1960,3,14,-2.0281379222869873
1960,3,15,-2.0347535610198975
1960,3,16,-1.838295340538025
1960,3,17,-1.289101243019104
1960,3,18,-0.846425473690033
1960,3,19,-1.0538004636764526
1960,3,20,-1.1741710901260376
1960,3,21,-1.3761944770812988
1960,3,22,-1.1439071893692017
1960,3,23,-0.8593564033508301
1960,3,24,-0.77414470911026
1960,3,25,-1.0282551050186157
1960,3,26,-1.271875262260437
1960,3,27,-1.3881736993789673
1960,3,28,-1.6866668462753296
1960,3,29,-1.9484409093856812
1960,3,30,-1.9070448875427246
1960,3,31,-1.428504228591919
1960,4,1,-1.4703305959701538
1960,4,2,-1.5738862752914429
1960,4,3,-1.2220739126205444
1960,4,4,-0.6388951539993286
1960,4,5,0.7153217792510986
1960,4,6,1.2038865089416504
1960,4,7,1.0357258319854736
1960,4,8,1.2300139665603638
1960,4,9,1.452756404876709
1960,4,10,1.0031732320785522
1960,4,11,0.5627599954605103
1960,4,12,0.9426493644714355
1960,4,13,1.568404197692871
1960,4,14,1.5510003566741943
1960,4,15,1.2005388736724854
1960,4,16,0.5245762467384338
1960,4,17,0.2918980121612549
1960,4,18,0.4229353964328766
1960,4,19,0.604069709777832
1960,4,20,0.7190583944320679
1960,4,21,0.4081576466560364
1960,4,22,-0.52446049451828
1960,4,23,-1.080335259437561
1960,4,24,-1.4144456386566162
1960,4,25,-2.0827600955963135
1960,4,26,-2.6832382678985596
1960,4,27,-2.8878214359283447
1960,4,28,-2.7616379261016846
1960,4,29,-2.81589674949646
1960,4,30,-2.886280059814453
1960,5,1,-3.0350430011749268
1960,5,2,-2.9684898853302
1960,5,3,-2.7004647254943848
1960,5,4,-2.112013339996338
1960,5,5,-1.2992297410964966
1960,5,6,-0.8785066604614258
1960,5,7,-0.4335058331489563
1960,5,8,-0.2711625397205353
1960,5,9,-0.9156026244163513
1960,5,10,-1.5255216360092163
1960,5,11,-1.614340901374817
1960,5,12,-1.1585496664047241
1960,5,13,-0.6987564563751221
1960,5,14,-0.440657377243042
1960,5,15,-0.6542993783950806
1960,5,16,-0.8673073053359985
1960,5,17,-1.1119813919067383
1960,5,18,-1.0085104703903198
1960,5,19,-0.7731812596321106
1960,5,20,-0.6875976920127869
1960,5,21,-0.5201956629753113
1960,5,22,-0.03418942540884018
1960,5,23,0.5748659372329712
1960,5,24,0.48628440499305725
1960,5,25,0.1303478181362152
1960,5,26,-0.028473930433392525
1960,5,27,0.08807497471570969
1960,5,28,-0.3601379096508026
1960,5,29,-0.5404255986213684
1960,5,30,-0.30661311745643616
1960,5,31,0.027157308533787727
1960,6,1,0.20078402757644653
1960,6,2,0.28186312317848206
1960,6,3,-0.033729780465364456
1960,6,4,-0.07676465809345245
1960,6,5,0.11261256039142609
1960,6,6,0.298294335603714
1960,6,7,0.19919100403785706
1960,6,8,-0.08176038414239883
1960,6,9,-0.19359108805656433
1960,6,10,-0.16568608582019806
1960,6,11,-0.10055186599493027
1960,6,12,-0.24475941061973572
1960,6,13,-0.27080732583999634
1960,6,14,0.155100017786026
1960,6,15,0.7388726472854614
1960,6,16,1.2356338500976562
1960,6,17,1.2616474628448486
1960,6,18,1.0494694709777832
1960,6,19,0.8712818622589111
1960,6,20,0.731292188167572
1960,6,21,0.5100100636482239
1960,6,22,0.17325977981090546
1960,6,23,0.014731794595718384
1960,6,24,-0.1791389435529709
1960,6,25,-0.7441446781158447
1960,6,26,-0.966262698173523
1960,6,27,-0.9491783380508423
1960,6,28,-0.7684447169303894
1960,6,29,-0.6672996282577515
1960,6,30,-0.8042420744895935
1960,7,1,-1.0709009170532227
1960,7,2,-1.15848970413208
1960,7,3,-1.153825283050537
1960,7,4,-1.064527153968811
1960,7,5,-0.9022992253303528
1960,7,6,-0.6659214496612549
1960,7,7,-0.2768736183643341
1960,7,8,0.15400949120521545
1960,7,9,0.10320022702217102
1960,7,10,-0.2989356219768524
1960,7,11,-0.36367297172546387
1960,7,12,-0.14590558409690857
1960,7,13,-0.18341462314128876
1960,7,14,-0.18937022984027863
1960,7,15,-0.1777106374502182
1960,7,16,-0.47757211327552795
1960,7,17,-0.8866640329360962
1960,7,18,-0.7027667760848999
1960,7,19,-0.04744276776909828
1960,7,20,0.2940337359905243
1960,7,21,-0.051897723227739334
1960,7,22,-0.395600289106369
1960,7,23,-0.3234320878982544
1960,7,24,-0.333692342042923
1960,7,25,-0.5670174360275269
1960,7,26,-0.6760497093200684
1960,7,27,-0.6978303790092468
1960,7,28,-0.9995241761207581
1960,7,29,-1.4895910024642944
1960,7,30,-1.8061907291412354
1960,7,31,-1.9554033279418945
1960,8,1,-2.0745062828063965
1960,8,2,-1.9756834506988525
1960,8,3,-1.950290322303772
1960,8,4,-1.9168659448623657
1960,8,5,-1.6351596117019653
1960,8,6,-1.3297666311264038
1960,8,7,-1.2248773574829102
1960,8,8,-1.0931588411331177
1960,8,9,-1.3124500513076782
1960,8,10,-1.6093754768371582
1960,8,11,-1.405503511428833
1960,8,12,-1.0256794691085815
1960,8,13,-1.094430685043335
1960,8,14,-1.0714491605758667
1960,8,15,-0.7610874176025391
1960,8,16,-0.2590499222278595
1960,8,17,-0.001338870613835752
1960,8,18,-0.10704934597015381
1960,8,19,-0.178792342543602
1960,8,20,-0.5413375496864319
1960,8,21,-0.986052930355072
1960,8,22,-0.6744085550308228
1960,8,23,-0.33624380826950073
1960,8,24,-0.6134907603263855
1960,8,25,-0.8507168889045715
1960,8,26,-0.7474169731140137
1960,8,27,-0.45080503821372986
1960,8,28,-0.6127204895019531
1960,8,29,-0.6838980317115784
1960,8,30,-0.7780050039291382
1960,8,31,-0.8349884748458862
1960,9,1,-0.750177264213562
1960,9,2,-0.8143139481544495
1960,9,3,-0.7935826182365417
1960,9,4,-0.7189915180206299
1960,9,5,-0.5166527628898621
1960,9,6,-0.3935903310775757
1960,9,7,-0.24159765243530273
1960,9,8,0.06230676546692848
1960,9,9,0.5675652623176575
1960,9,10,0.5029540657997131
1960,9,11,0.17983996868133545
1960,9,12,0.13045650720596313
1960,9,13,-0.27437418699264526
1960,9,14,-0.9127507209777832
1960,9,15,-0.8961783051490784
1960,9,16,-0.02366500347852707
1960,9,17,0.1057705208659172
1960,9,18,0.09740576148033142
1960,9,19,-0.17215435206890106
1960,9,20,-0.5780842304229736
1960,9,21,-0.9179900884628296
1960,9,22,-0.9157820343971252
1960,9,23,-0.48640692234039307
1960,9,24,0.05495549738407135
1960,9,25,-0.06404931098222733
1960,9,26,-0.5733423233032227
1960,9,27,-0.5113818049430847
1960,9,28,-0.3821653723716736
1960,9,29,-0.7229592800140381
1960,9,30,-1.0860990285873413
1960,10,1,-1.4170986413955688
1960,10,2,-1.136890172958374
1960,10,3,-0.3035968542098999
1960,10,4,0.23033377528190613
1960,10,5,0.2582222819328308
1960,10,6,-0.4002690613269806
1960,10,7,-1.0580487251281738
1960,10,8,-1.7829431295394897
1960,10,9,-1.9283171892166138
1960,10,10,-1.4589475393295288
1960,10,11,-1.2648526430130005
1960,10,12,-0.9945416450500488
1960,10,13,-0.8013155460357666
1960,10,14,-0.6450484991073608
1960,10,15,-0.18713393807411194
1960,10,16,0.015827594324946404
1960,10,17,-0.45507168769836426
1960,10,18,-0.7833495736122131
1960,10,19,-0.6652584075927734
1960,10,20,-0.964982807636261
1960,10,21,-2.097107172012329
1960,10,22,-2.419581174850464
1960,10,23,-2.498502731323242
1960,10,24,-2.3803622722625732
1960,10,25,-2.3130977153778076
1960,10,26,-2.2377941608428955
1960,10,27,-1.7160069942474365
1960,10,28,-1.2179515361785889
1960,10,29,-1.3781815767288208
1960,10,30,-0.9980874061584473
1960,10,31,-0.4903961718082428
1960,11,1,-0.5048512816429138
1960,11,2,-0.6587693095207214
1960,11,3,-1.0358587503433228
1960,11,4,-0.610687792301178
1960,11,5,-0.34420108795166016
1960,11,6,-0.32458725571632385
1960,11,7,-0.016899295151233673
1960,11,8,0.2822197377681732
1960,11,9,0.46153515577316284
1960,11,10,0.3328704237937927
1960,11,11,-0.32324889302253723
1960,11,12,-0.6500594019889832
1960,11,13,-0.9355770945549011
1960,11,14,-1.1266591548919678
1960,11,15,-1.052996277809143
1960,11,16,-0.9928842186927795
1960,11,17,-0.6941359639167786
1960,11,18,-0.25093215703964233
1960,11,19,-0.32026752829551697
1960,11,20,-1.2018133401870728
1960,11,21,-1.7254689931869507
1960,11,22,-1.223425030708313
1960,11,23,-0.43882009387016296
1960,11,24,-0.42894798517227173
1960,11,25,-0.7693597674369812
1960,11,26,-0.916103720664978
1960,11,27,-0.9144716858863831
1960,11,28,-0.31487396359443665
1960,11,29,0.17223294079303741
1960,11,30,0.51748126745224
1960,12,1,0.9435219168663025
1960,12,2,1.6219289302825928
1960,12,3,2.389904499053955
1960,12,4,1.9311888217926025
1960,12,5,1.0575528144836426
1960,12,6,0.4797697365283966
1960,12,7,-0.6874609589576721
1960,12,8,-1.4916050434112549
1960,12,9,-1.9458731412887573
1960,12,10,-1.557673454284668
1960,12,11,-0.9155554175376892
1960,12,12,-0.08177126944065094
1960,12,13,-0.22291526198387146
1960,12,14,-0.7501305937767029
1960,12,15,-0.5629789233207703
1960,12,16,-0.3294142484664917
1960,12,17,-1.059312105178833
1960,12,18,-1.414555549621582
1960,12,19,-1.3638697862625122
1960,12,20,-1.7317105531692505
1960,12,21,-1.7890652418136597
1960,12,22,-1.1991829872131348
1960,12,23,-0.7198825478553772
1960,12,24,0.25386878848075867
1960,12,25,1.0476864576339722
1960,12,26,0.8783475756645203
1960,12,27,0.24481013417243958
1960,12,28,-0.6164987087249756
1960,12,29,-0.5155726075172424
1960,12,30,-0.6283416748046875
1960,12,31,-1.5215182304382324
1961,1,1,-1.6439911127090454
1961,1,2,-1.8767238855361938
1961,1,3,-2.2316112518310547
1961,1,4,-2.0486207008361816
1961,1,5,-1.8962082862854004
1961,1,6,-1.9859760999679565
1961,1,7,-1.7271349430084229
1961,1,8,-1.9255216121673584
1961,1,9,-2.4316437244415283
1961,1,10,-2.7190258502960205
1961,1,11,-1.582267165184021
1961,1,12,-0.7012148499488831
1961,1,13,-0.9397439360618591
1961,1,14,-1.2141627073287964
1961,1,15,-1.0201936960220337
1961,1,16,-1.003359317779541
1961,1,17,-0.8372535705566406
1961,1,18,-0.8196719288825989
1961,1,19,-1.277618646621704
1961,1,20,-1.645865797996521
1961,1,21,-2.495163679122925
1961,1,22,-2.3023054599761963
1961,1,23,-2.031546115875244
1961,1,24,-2.23675799369812
1961,1,25,-2.3123910427093506
1961,1,26,-1.5179592370986938
1961,1,27,-0.6275643706321716
1961,1,28,-0.3950970768928528
1961,1,29,-0.202711820602417
1961,1,30,0.27744174003601074
1961,1,31,0.3441719114780426
1961,2,1,0.05061880871653557
1961,2,2,0.19800794124603271
1961,2,3,0.05628392472863197
1961,2,4,0.057443130761384964
1961,2,5,0.007696923334151506
1961,2,6,0.7148934602737427
1961,2,7,0.9972631931304932
1961,2,8,0.8799154758453369
1961,2,9,0.7092198133468628
1961,2,10,0.6991315484046936
1961,2,11,0.3075855076313019
1961,2,12,-0.1576327383518219
1961,2,13,-0.0023787959944456816
1961,2,14,0.10219129174947739
1961,2,15,0.0019303696462884545
1961,2,16,0.7176522612571716
1961,2,17,0.6823697686195374
1961,2,18,0.6219961047172546
1961,2,19,1.0664416551589966
1961,2,20,1.1290072202682495
1961,2,21,1.0970722436904907
1961,2,22,0.7713943123817444
1961,2,23,-0.16273526847362518
1961,2,24,-0.45052891969680786
1961,2,25,0.21371546387672424
1961,2,26,1.2114633321762085
1961,2,27,2.3759584426879883
1961,2,28,2.874850273132324
1961,3,1,2.7463762760162354
1961,3,2,2.0721797943115234
1961,3,3,1.5098313093185425
1961,3,4,1.291326642036438
1961,3,5,1.1302458047866821
1961,3,6,1.3866839408874512
1961,3,7,1.4359606504440308
1961,3,8,1.308408498764038
1961,3,9,1.2443543672561646
1961,3,10,1.2752926349639893
1961,3,11,1.143354892730713
1961,3,12,1.3334424495697021
1961,3,13,1.1578667163848877
1961,3,14,0.2526801824569702
1961,3,15,-0.5067182779312134
1961,3,16,-1.0077682733535767
1961,3,17,-0.8209183812141418
1961,3,18,-0.37850016355514526
1961,3,19,-0.395944744348526
1961,3,20,-0.5919699668884277
1961,3,21,-0.9120600819587708
1961,3,22,-0.7703748345375061
1961,3,23,-0.15883038938045502
1961,3,24,0.07079018652439117
1961,3,25,-0.058231182396411896
1961,3,26,-0.27428165078163147
1961,3,27,-0.3108193278312683
1961,3,28,-0.3150753378868103
1961,3,29,-0.3937661647796631
1961,3,30,-1.021518588066101
1961,3,31,-1.236862301826477
1961,4,1,-1.1144163608551025
1961,4,2,-1.1227631568908691
1961,4,3,-1.0854430198669434
1961,4,4,-1.1355787515640259
1961,4,5,-1.0727112293243408
1961,4,6,-1.1116656064987183
1961,4,7,-0.7780584096908569
1961,4,8,0.046969421207904816
1961,4,9,0.33151566982269287
1961,4,10,0.33012163639068604
1961,4,11,0.3698192238807678
1961,4,12,0.38884273171424866
1961,4,13,0.15262416005134583
1961,4,14,-0.32643207907676697
1961,4,15,-0.6825059056282043
1961,4,16,-0.2362314611673355
1961,4,17,0.15480713546276093
1961,4,18,0.005103693809360266
1961,4,19,-0.09774082899093628
1961,4,20,-0.1782997101545334
1961,4,21,-0.004436693619936705
1961,4,22,0.5899487733840942
1961,4,23,1.0337592363357544
1961,4,24,0.9113008975982666
1961,4,25,0.5024135708808899
1961,4,26,-0.1036214604973793
1961,4,27,-0.7481791377067566
1961,4,28,-0.8276224136352539
1961,4,29,-0.658419132232666
1961,4,30,-0.40749239921569824
1961,5,1,0.09214801341295242
1961,5,2,0.8497486114501953
1961,5,3,0.9964678287506104
1961,5,4,0.7387335896492004
1961,5,5,0.8085280060768127
1961,5,6,1.2272390127182007
1961,5,7,1.2704758644104004
1961,5,8,0.6927599906921387
1961,5,9,-0.09323173016309738
1961,5,10,-0.21172012388706207
1961,5,11,0.08268311619758606
1961,5,12,0.4039252996444702
1961,5,13,0.19615603983402252
1961,5,14,-0.12463760375976562
1961,5,15,-0.6731171011924744
1961,5,16,-0.8841453194618225
1961,5,17,-0.5048678517341614
1961,5,18,0.08666349947452545
1961,5,19,0.428253710269928
1961,5,20,0.3262399137020111
1961,5,21,-0.07034193724393845
1961,5,22,-0.16329284012317657
1961,5,23,-0.40178701281547546
1961,5,24,-0.8435145020484924
1961,5,25,-0.7410148978233337
1961,5,26,-0.06227731332182884
1961,5,27,0.6207485198974609
1961,5,28,0.752255916595459
1961,5,29,0.1250239461660385
1961,5,30,-0.1316334456205368
1961,5,31,-0.08717573434114456
1961,6,1,0.03841491788625717
1961,6,2,0.4137643575668335
1961,6,3,0.5721822381019592
1961,6,4,0.48776260018348694
1961,6,5,0.3812476694583893
1961,6,6,0.5707104802131653
1961,6,7,0.8600642681121826
1961,6,8,0.8505049347877502
1961,6,9,0.4583771824836731
1961,6,10,-0.09346360713243484
1961,6,11,-0.4375312626361847
1961,6,12,-0.4801710247993469
1961,6,13,-0.30370837450027466
1961,6,14,-0.062087032943964005
1961,6,15,0.633647620677948
1961,6,16,1.7617756128311157
1961,6,17,2.6466989517211914
1961,6,18,2.871999502182007
1961,6,19,2.6498937606811523
1961,6,20,2.2276268005371094
1961,6,21,1.788780927658081
1961,6,22,1.2767596244812012
1961,6,23,0.9171779751777649
1961,6,24,0.8739015460014343
1961,6,25,0.9293266534805298
1961,6,26,0.8486446142196655
1961,6,27,0.6099539399147034
1961,6,28,0.44460397958755493
1961,6,29,0.2410447895526886
1961,6,30,0.23495687544345856
1961,7,1,0.12555043399333954
1961,7,2,0.2406039983034134
1961,7,3,0.018752511590719223
1961,7,4,-0.44462281465530396
1961,7,5,-0.40877509117126465
1961,7,6,-0.11950061470270157
1961,7,7,0.24505402147769928
1961,7,8,0.10673891007900238
1961,7,9,-0.18826612830162048
1961,7,10,-0.13566239178180695
1961,7,11,-0.28011399507522583
1961,7,12,-0.430908739566803
1961,7,13,-0.5716125965118408
1961,7,14,-0.8434316515922546
1961,7,15,-0.771414041519165
1961,7,16,-0.40247151255607605
1961,7,17,0.00675737950950861
1961,7,18,0.21844735741615295
1961,7,19,0.015104870311915874
1961,7,20,-0.3137713074684143
1961,7,21,-0.20565664768218994
1961,7,22,-0.22983311116695404
1961,7,23,-0.6406987309455872
1961,7,24,-0.7405569553375244
1961,7,25,-0.3386189043521881
1961,7,26,0.16163522005081177
1961,7,27,0.5217732191085815
1961,7,28,0.6301733255386353
1961,7,29,0.6778734922409058
1961,7,30,0.5539294481277466
1961,7,31,0.31227821111679077
1961,8,1,0.06447568535804749
1961,8,2,0.008851269260048866
1961,8,3,0.1329706460237503
1961,8,4,0.24862203001976013
1961,8,5,0.1617228090763092
1961,8,6,-0.03623532876372337
1961,8,7,-0.40031537413597107
1961,8,8,-0.48201611638069153
1961,8,9,-0.563688337802887
1961,8,10,-0.4262816607952118
1961,8,11,-0.38894563913345337
1961,8,12,-0.257877379655838
1961,8,13,-0.342414528131485
1961,8,14,-0.32732856273651123
1961,8,15,-0.04681267589330673
1961,8,16,-0.24291446805000305
1961,8,17,-0.5653197765350342
1961,8,18,-0.6232548952102661
1961,8,19,-0.01734982058405876
1961,8,20,1.0063588619232178
1961,8,21,1.1994410753250122
1961,8,22,1.0464494228363037
1961,8,23,0.824186384677887
1961,8,24,0.45012038946151733
1961,8,25,0.12348876148462296
1961,8,26,0.16157516837120056
1961,8,27,0.19648493826389313
1961,8,28,-0.3190578818321228
1961,8,29,-0.397546648979187
1961,8,30,-0.0883939266204834
1961,8,31,0.2774021625518799
1961,9,1,0.6930720210075378
1961,9,2,0.7813396453857422
1961,9,3,0.9668877720832825
1961,9,4,1.0247864723205566
1961,9,5,1.092984914779663
1961,9,6,0.566396176815033
1961,9,7,0.5838109850883484
1961,9,8,0.6873252391815186
1961,9,9,0.4970383048057556
1961,9,10,0.47534531354904175
1961,9,11,0.4302061200141907
1961,9,12,0.32855403423309326
1961,9,13,0.39941975474357605
1961,9,14,0.6334309577941895
1961,9,15,0.860514760017395
1961,9,16,0.8350395560264587
1961,9,17,1.4928115606307983
1961,9,18,2.1731629371643066
1961,9,19,1.9683371782302856
1961,9,20,1.9342756271362305
1961,9,21,1.5806032419204712
1961,9,22,0.9499455690383911
1961,9,23,0.8419675230979919
1961,9,24,1.406739592552185
1961,9,25,1.467136025428772
1961,9,26,0.9043611288070679
1961,9,27,0.13141150772571564
1961,9,28,-0.30135151743888855
1961,9,29,-0.6181678175926208
1961,9,30,-1.2142350673675537
1961,10,1,-1.1760921478271484
1961,10,2,-1.0483945608139038
1961,10,3,-0.7641812562942505
1961,10,4,-0.5054554343223572
1961,10,5,-0.42262256145477295
1961,10,6,-0.24728040397167206
1961,10,7,-0.08128177374601364
1961,10,8,0.008829746395349503
1961,10,9,0.6281058192253113
1961,10,10,1.101741909980774
1961,10,11,0.6143157482147217
1961,10,12,0.22510705888271332
1961,10,13,0.20432014763355255
1961,10,14,0.4349035322666168
1961,10,15,0.49765434861183167
1961,10,16,0.8280981183052063
1961,10,17,0.6590719819068909
1961,10,18,-0.5759800672531128
1961,10,19,-0.7290471792221069
1961,10,20,-0.10994122922420502
1961,10,21,0.8695325255393982
1961,10,22,1.1681257486343384
1961,10,23,1.47780179977417
1961,10,24,1.4392139911651611
1961,10,25,1.0016648769378662
1961,10,26,0.5712567567825317
1961,10,27,0.07580452412366867
1961,10,28,-0.29394155740737915
1961,10,29,-0.12555734813213348
1961,10,30,0.1596505045890808
1961,10,31,0.18313813209533691
1961,11,1,0.2159590721130371
1961,11,2,-0.38909241557121277
1961,11,3,-1.0165671110153198
1961,11,4,-1.0111353397369385
1961,11,5,-0.25184503197669983
1961,11,6,0.11872851848602295
1961,11,7,-0.5635589957237244
1961,11,8,-1.004278540611267
1961,11,9,-1.5234872102737427
1961,11,10,-2.0989878177642822
1961,11,11,-2.320183753967285
1961,11,12,-1.8955345153808594
1961,11,13,-0.19425170123577118
1961,11,14,1.2139230966567993
1961,11,15,1.6080913543701172
1961,11,16,1.9953783750534058
1961,11,17,1.9817049503326416
1961,11,18,1.2348237037658691
1961,11,19,1.0468875169754028
1961,11,20,1.784728765487671
1961,11,21,1.5436702966690063
1961,11,22,0.6576030254364014
1961,11,23,0.0648377314209938
1961,11,24,-0.24745279550552368
1961,11,25,-0.6198557019233704
1961,11,26,-1.0193467140197754
1961,11,27,-0.4774985611438751
1961,11,28,-0.16574107110500336
1961,11,29,0.26677730679512024
1961,11,30,0.7607256174087524
1961,12,1,1.2052648067474365
1961,12,2,1.1001722812652588
1961,12,3,0.40509676933288574
1961,12,4,0.054429661482572556
1961,12,5,0.0033900877460837364
1961,12,6,-0.8843743205070496
1961,12,7,-1.59459388256073
1961,12,8,-2.4644877910614014
1961,12,9,-3.171384572982788
1961,12,10,-2.3643479347229004
1961,12,11,-1.2389887571334839
1961,12,12,-0.6406672596931458
1961,12,13,-0.30532321333885193
1961,12,14,0.0611712671816349
1961,12,15,0.3330410122871399
1961,12,16,-0.38205084204673767
1961,12,17,-1.6487104892730713
1961,12,18,-2.6512269973754883
1961,12,19,-2.9479055404663086
1961,12,20,-2.9744873046875
1961,12,21,-3.1846561431884766
1961,12,22,-2.8727316856384277
1961,12,23,-2.5304830074310303
1961,12,24,-2.6359355449676514
1961,12,25,-3.3706390857696533
1961,12,26,-3.958595037460327
1961,12,27,-3.6065385341644287
1961,12,28,-2.947444438934326
1961,12,29,-2.476248264312744
1961,12,30,-1.87566339969635
1961,12,31,-0.3131673038005829
1962,1,1,0.9097156524658203
1962,1,2,1.2591259479522705
1962,1,3,0.9107939004898071
1962,1,4,1.471044659614563
1962,1,5,1.7925761938095093
1962,1,6,2.246662139892578
1962,1,7,2.1315243244171143
1962,1,8,1.5111253261566162
1962,1,9,1.836966872215271
1962,1,10,2.7642781734466553
1962,1,11,2.3790283203125
1962,1,12,1.9042445421218872
1962,1,13,1.4992326498031616
1962,1,14,1.5945148468017578
1962,1,15,2.0855278968811035
1962,1,16,2.071775436401367
1962,1,17,2.245576858520508
1962,1,18,2.6829400062561035
1962,1,19,2.820246458053589
1962,1,20,2.68051815032959
1962,1,21,1.9642826318740845
1962,1,22,1.8295116424560547
1962,1,23,1.3457986116409302
1962,1,24,0.9110423922538757
1962,1,25,0.8066262006759644
1962,1,26,-0.06217162683606148
1962,1,27,-0.6736367344856262
1962,1,28,-0.2732163369655609
1962,1,29,0.7962308526039124
1962,1,30,1.5135385990142822
1962,1,31,2.2085752487182617
1962,2,1,1.796617865562439
1962,2,2,2.2120883464813232
1962,2,3,2.091611385345459
1962,2,4,1.1362953186035156
1962,2,5,0.156098410487175
1962,2,6,-0.04226544126868248
1962,2,7,0.19818761944770813
1962,2,8,1.2158151865005493
1962,2,9,1.9556328058242798
1962,2,10,1.4508498907089233
1962,2,11,1.15583074092865
1962,2,12,0.3258746266365051
1962,2,13,-1.1799652576446533
1962,2,14,-0.7449742555618286
1962,2,15,0.6534321308135986
1962,2,16,0.5989068746566772
1962,2,17,-0.26856040954589844
1962,2,18,-0.40222790837287903
1962,2,19,-0.6152293086051941
1962,2,20,-0.768835723400116
1962,2,21,-0.756121039390564
1962,2,22,-1.4541172981262207
1962,2,23,-2.184756278991699
1962,2,24,-3.01332426071167
1962,2,25,-3.373440980911255
1962,2,26,-3.4076762199401855
1962,2,27,-3.327516555786133
1962,2,28,-3.0825860500335693
1962,3,1,-2.9641804695129395
1962,3,2,-3.003990888595581
1962,3,3,-3.668757677078247
1962,3,4,-4.417331218719482
1962,3,5,-4.3024492263793945
1962,3,6,-3.922179698944092
1962,3,7,-3.524074077606201
1962,3,8,-2.9971935749053955
1962,3,9,-2.948596477508545
1962,3,10,-3.4753711223602295
1962,3,11,-3.9643068313598633
1962,3,12,-4.18864631652832
1962,3,13,-3.984201192855835
1962,3,14,-3.412149667739868
1962,3,15,-3.322619915008545
1962,3,16,-3.6428894996643066
1962,3,17,-3.6446309089660645
1962,3,18,-3.0046560764312744
1962,3,19,-2.3192694187164307
1962,3,20,-2.2521145343780518
1962,3,21,-2.3304433822631836
1962,3,22,-2.6660172939300537
1962,3,23,-2.872166156768799
1962,3,24,-2.000626802444458
1962,3,25,-1.4531792402267456
1962,3,26,-1.2731494903564453
1962,3,27,-0.8327760696411133
1962,3,28,-0.6491057276725769
1962,3,29,-0.7686294913291931
1962,3,30,-0.8929758667945862
1962,3,31,-0.45117083191871643
1962,4,1,0.636448085308075
1962,4,2,1.4813764095306396
1962,4,3,2.0505878925323486
1962,4,4,2.614992380142212
1962,4,5,2.2983944416046143
1962,4,6,2.359126567840576
1962,4,7,2.745119333267212
1962,4,8,2.5186705589294434
1962,4,9,1.9646306037902832
1962,4,10,1.3470346927642822
1962,4,11,0.9058745503425598
1962,4,12,0.552248477935791
1962,4,13,0.350004643201828
1962,4,14,-0.16505426168441772
1962,4,15,-0.3562454879283905
1962,4,16,-0.10731373727321625
1962,4,17,-0.028232736513018608
1962,4,18,0.6972112059593201
1962,4,19,1.755162239074707
1962,4,20,1.7964503765106201
1962,4,21,1.5341894626617432
1962,4,22,1.3249233961105347
1962,4,23,1.3241102695465088
1962,4,24,0.9941191077232361
1962,4,25,1.0215891599655151
1962,4,26,0.9375777244567871
1962,4,27,1.0977023839950562
1962,4,28,0.7374505400657654
1962,4,29,-0.04569517448544502
1962,4,30,-0.5170802474021912
1962,5,1,-1.0306569337844849
1962,5,2,-1.0296351909637451
1962,5,3,-0.74123615026474
1962,5,4,-0.3361506462097168
1962,5,5,-0.26979801058769226
1962,5,6,0.11061281710863113
1962,5,7,0.293314665555954
1962,5,8,0.08720201998949051
1962,5,9,0.028380459174513817
1962,5,10,-0.09529347717761993
1962,5,11,-0.07510054111480713
1962,5,12,0.0619371123611927
1962,5,13,0.29124921560287476
1962,5,14,0.3072739839553833
1962,5,15,0.4349585473537445
1962,5,16,0.7835065126419067
1962,5,17,0.631824791431427
1962,5,18,0.25282084941864014
1962,5,19,0.4400833547115326
1962,5,20,0.5032979249954224
1962,5,21,0.5313305258750916
1962,5,22,0.37570318579673767
1962,5,23,0.24943716824054718
1962,5,24,0.11934618651866913
1962,5,25,0.1519220918416977
1962,5,26,0.1579688936471939
1962,5,27,0.036319125443696976
1962,5,28,-0.01705494150519371
1962,5,29,-0.032695792615413666
1962,5,30,0.020867295563220978
1962,5,31,-0.21189509332180023
1962,6,1,-0.19069179892539978
1962,6,2,0.3668212890625
1962,6,3,0.8111162185668945
1962,6,4,0.2969236373901367
1962,6,5,-0.26250553131103516
1962,6,6,-0.035547737032175064
1962,6,7,0.18512612581253052
1962,6,8,0.20647984743118286
1962,6,9,0.2291717529296875
1962,6,10,0.315925657749176
1962,6,11,0.3477209210395813
1962,6,12,0.17102347314357758
1962,6,13,0.3431514799594879
1962,6,14,0.8221191167831421
1962,6,15,1.1874089241027832
1962,6,16,0.9882846474647522
1962,6,17,0.6635003685951233
1962,6,18,0.38105225563049316
1962,6,19,0.5842143893241882
1962,6,20,0.980698823928833
1962,6,21,1.2183419466018677
1962,6,22,0.8630149960517883
1962,6,23,0.20031525194644928
1962,6,24,-0.24530085921287537
1962,6,25,-0.32291537523269653
1962,6,26,-0.4179234504699707
1962,6,27,-0.2042708843946457
1962,6,28,-0.31391143798828125
1962,6,29,-0.4923776686191559
1962,6,30,-0.3740445077419281
1962,7,1,-0.5241063237190247
1962,7,2,-0.8632002472877502
1962,7,3,-1.3588814735412598
1962,7,4,-1.6147178411483765
1962,7,5,-1.4736734628677368
1962,7,6,-1.1018857955932617
1962,7,7,-1.0085556507110596
1962,7,8,-1.1167608499526978
1962,7,9,-1.1794449090957642
1962,7,10,-1.3202965259552002
1962,7,11,-1.3583389520645142
1962,7,12,-1.2921782732009888
1962,7,13,-1.350423812866211
1962,7,14,-1.5926753282546997
1962,7,15,-2.0462844371795654
1962,7,16,-2.009568452835083
1962,7,17,-1.5916794538497925
1962,7,18,-1.2083162069320679
1962,7,19,-0.9951246380805969
1962,7,20,-0.9018471240997314
1962,7,21,-0.6272363066673279
1962,7,22,-0.47450757026672363
1962,7,23,-0.3326510488986969
1962,7,24,-0.5216819047927856
1962,7,25,-0.302456259727478
1962,7,26,0.05748782306909561
1962,7,27,0.30195921659469604
1962,7,28,0.37578436732292175
1962,7,29,0.41844481229782104
1962,7,30,0.039086662232875824
1962,7,31,-0.7294409871101379
1962,8,1,-0.8850255608558655
1962,8,2,-0.7014282941818237
1962,8,3,-0.8236050605773926
1962,8,4,-0.6985570192337036
1962,8,5,-0.737835168838501
1962,8,6,-0.44796884059906006
1962,8,7,0.17223455011844635
1962,8,8,0.6134098172187805
1962,8,9,0.6567652225494385
1962,8,10,0.5620411038398743
1962,8,11,0.5235581994056702
1962,8,12,0.6634812355041504
1962,8,13,0.8741595149040222
1962,8,14,0.4600049555301666
1962,8,15,-0.05431986600160599
1962,8,16,-0.27393990755081177
1962,8,17,-0.5675947666168213
1962,8,18,-0.8766502737998962
1962,8,19,-0.9011490941047668
1962,8,20,-0.22550635039806366
1962,8,21,0.5315698385238647
1962,8,22,1.017098307609558
1962,8,23,1.351298451423645
1962,8,24,1.4553951025009155
1962,8,25,1.3157578706741333
1962,8,26,1.2524865865707397
1962,8,27,0.9119398593902588
1962,8,28,0.2039203941822052
1962,8,29,-0.16569559276103973
1962,8,30,-0.2439558207988739
1962,8,31,-0.41851910948753357
1962,9,1,-0.5038776397705078
1962,9,2,-0.14046791195869446
1962,9,3,0.3053421974182129
1962,9,4,0.5360074043273926
1962,9,5,0.7381631135940552
1962,9,6,1.0006942749023438
1962,9,7,0.848091721534729
1962,9,8,0.2260562777519226
1962,9,9,-0.1520930975675583
1962,9,10,-0.12460701912641525
1962,9,11,-0.19599266350269318
1962,9,12,-0.3013598918914795
1962,9,13,-0.7249219417572021
1962,9,14,-1.3344964981079102
1962,9,15,-1.3274562358856201
1962,9,16,-0.9034448266029358
1962,9,17,-0.680579423904419
1962,9,18,-0.9080106019973755
1962,9,19,-1.1530689001083374
1962,9,20,-0.7328837513923645
1962,9,21,-0.04714040830731392
1962,9,22,0.8750379085540771
1962,9,23,1.5431714057922363
1962,9,24,1.3619688749313354
1962,9,25,0.40235498547554016
1962,9,26,0.07426301389932632
1962,9,27,0.19363780319690704
1962,9,28,0.20486901700496674
1962,9,29,-0.2515981197357178
1962,9,30,-0.45047494769096375
1962,10,1,-0.11576779186725616
1962,10,2,0.06105779856443405
1962,10,3,0.06374366581439972
1962,10,4,-0.35332706570625305
1962,10,5,-0.8539576530456543
1962,10,6,-1.0513029098510742
1962,10,7,-1.261690616607666
1962,10,8,-1.373047113418579
1962,10,9,-1.3364739418029785
1962,10,10,-1.286213755607605
1962,10,11,-1.5818331241607666
1962,10,12,-1.8948620557785034
1962,10,13,-1.388981580734253
1962,10,14,-0.36417463421821594
1962,10,15,0.6574782729148865
1962,10,16,1.4866242408752441
1962,10,17,1.9557344913482666
1962,10,18,2.239746332168579
1962,10,19,1.645207166671753
1962,10,20,1.102281093597412
1962,10,21,0.4923262298107147
1962,10,22,-0.2623142600059509
1962,10,23,-0.3475482165813446
1962,10,24,-0.015056602656841278
1962,10,25,-0.15804444253444672
1962,10,26,0.35287585854530334
1962,10,27,0.6367119550704956
1962,10,28,0.5466048121452332
1962,10,29,1.1641947031021118
1962,10,30,0.6411497592926025
1962,10,31,0.12260188907384872
1962,11,1,-0.7439152002334595
1962,11,2,-1.7741992473602295
1962,11,3,-1.2355839014053345
1962,11,4,-1.233811855316162
1962,11,5,-2.121018409729004
1962,11,6,-2.6233367919921875
1962,11,7,-2.405878782272339
1962,11,8,-1.6253678798675537
1962,11,9,-1.1028929948806763
1962,11,10,-0.7928559184074402
1962,11,11,-1.004300594329834
1962,11,12,-1.0876455307006836
1962,11,13,-1.6387356519699097
1962,11,14,-2.0653114318847656
1962,11,15,-2.731154203414917
1962,11,16,-3.487565755844116
1962,11,17,-3.8376970291137695
1962,11,18,-3.124009609222412
1962,11,19,-1.1557599306106567
1962,11,20,-0.33907613158226013
1962,11,21,-1.0848381519317627
1962,11,22,-0.9212386012077332
1962,11,23,-0.4580652415752411
1962,11,24,0.92718505859375
1962,11,25,2.303093194961548
1962,11,26,1.9572938680648804
1962,11,27,1.0713300704956055
1962,11,28,0.6587955355644226
1962,11,29,0.04613576829433441
1962,11,30,-0.5544973015785217
1962,12,1,-0.8612086176872253
1962,12,2,-0.5135528445243835
1962,12,3,-0.180106982588768
1962,12,4,-0.06688470393419266
1962,12,5,-0.2373524308204651
1962,12,6,-0.3661588430404663
1962,12,7,-0.6298174858093262
1962,12,8,-0.3935599625110626
1962,12,9,-0.05401153862476349
1962,12,10,-0.26824432611465454
1962,12,11,-0.7421560287475586
1962,12,12,-0.7025773525238037
1962,12,13,-0.07788592576980591
1962,12,14,0.6253962516784668
1962,12,15,0.5799242258071899
1962,12,16,-0.22190184891223907
1962,12,17,-0.47338026762008667
1962,12,18,-0.4169226288795471
1962,12,19,0.21410761773586273
1962,12,20,1.2388190031051636
1962,12,21,1.1299787759780884
1962,12,22,0.4865219295024872
1962,12,23,-0.09573985636234283
1962,12,24,-0.4303218126296997
1962,12,25,-0.6564010977745056
1962,12,26,-1.4035694599151611
1962,12,27,-2.480844736099243
1962,12,28,-3.217226266860962
1962,12,29,-3.359220266342163
1962,12,30,-3.539496660232544
1962,12,31,-4.159113883972168
1963,1,1,-4.366686820983887
1963,1,2,-3.996950626373291
1963,1,3,-4.016973495483398
1963,1,4,-3.380045175552368
1963,1,5,-2.488538980484009
1963,1,6,-2.3705039024353027
1963,1,7,-2.20803165435791
1963,1,8,-2.9249019622802734
1963,1,9,-3.9941203594207764
1963,1,10,-4.400834560394287
1963,1,11,-4.162126064300537
1963,1,12,-3.843137264251709
1963,1,13,-3.3619117736816406
1963,1,14,-3.0158870220184326
1963,1,15,-2.248760223388672
1963,1,16,-2.5841968059539795
1963,1,17,-3.265249013900757
1963,1,18,-3.928112030029297
1963,1,19,-4.185934543609619
1963,1,20,-4.769234657287598
1963,1,21,-5.009515285491943
1963,1,22,-3.7897250652313232
1963,1,23,-1.9032957553863525
1963,1,24,-1.447455883026123
1963,1,25,-1.1511331796646118
1963,1,26,-1.3849945068359375
1963,1,27,-2.2143747806549072
1963,1,28,-2.767429828643799
1963,1,29,-2.856654644012451
1963,1,30,-3.2197327613830566
1963,1,31,-3.7434206008911133
1963,2,1,-4.037012100219727
1963,2,2,-4.3281025886535645
1963,2,3,-4.525082588195801
1963,2,4,-4.879543304443359
1963,2,5,-4.450408458709717
1963,2,6,-4.079030513763428
1963,2,7,-3.795722246170044
1963,2,8,-3.4303078651428223
1963,2,9,-2.559448003768921
1963,2,10,-1.7741687297821045
1963,2,11,-0.7687064409255981
1963,2,12,-0.28172001242637634
1963,2,13,-0.4439311623573303
1963,2,14,-0.7860496044158936
1963,2,15,-1.2285643815994263
1963,2,16,-1.4209048748016357
1963,2,17,-1.1073849201202393
1963,2,18,-0.9541937112808228
1963,2,19,-1.0186805725097656
1963,2,20,-1.5489177703857422
1963,2,21,-1.8350955247879028
1963,2,22,-1.3908979892730713
1963,2,23,-0.23507004976272583
1963,2,24,0.8076412081718445
1963,2,25,0.9989812970161438
1963,2,26,1.1273783445358276
1963,2,27,1.0657355785369873
1963,2,28,0.40902847051620483
1963,3,1,0.37395164370536804
1963,3,2,0.35081836581230164
1963,3,3,0.44126662611961365
1963,3,4,0.9732139706611633
1963,3,5,1.7841359376907349
1963,3,6,2.1358792781829834
1963,3,7,1.7651180028915405
1963,3,8,1.6093313694000244
1963,3,9,1.9823726415634155
1963,3,10,2.3013925552368164
1963,3,11,1.3691662549972534
1963,3,12,0.3217695653438568
1963,3,13,0.1380418986082077
1963,3,14,0.23709405958652496
1963,3,15,0.45814597606658936
1963,3,16,-0.2472093403339386
1963,3,17,-0.2826809585094452
1963,3,18,-0.442308634519577
1963,3,19,-1.0405409336090088
1963,3,20,-1.4233176708221436
1963,3,21,-1.0776662826538086
1963,3,22,-0.24934984743595123
1963,3,23,1.1853950023651123
1963,3,24,2.534636974334717
1963,3,25,2.745246171951294
1963,3,26,2.6981594562530518
1963,3,27,1.6418964862823486
1963,3,28,-0.020765315741300583
1963,3,29,-0.6446223258972168
1963,3,30,-0.2513429820537567
1963,3,31,0.28192880749702454
1963,4,1,0.1673671454191208
1963,4,2,-0.46177151799201965
1963,4,3,-0.9234297275543213
1963,4,4,-1.0145463943481445
1963,4,5,-1.2477606534957886
1963,4,6,-1.6018911600112915
1963,4,7,-1.60391104221344
1963,4,8,-0.8741066455841064
1963,4,9,-0.4906666576862335
1963,4,10,-0.5364410281181335
1963,4,11,-0.7242726683616638
1963,4,12,-0.506165623664856
1963,4,13,-0.48722970485687256
1963,4,14,-0.6782859563827515
1963,4,15,-0.5463293790817261
1963,4,16,-0.30296221375465393
1963,4,17,-0.16727037727832794
1963,4,18,-0.7219035625457764
1963,4,19,-1.209423542022705
1963,4,20,-1.1437513828277588
1963,4,21,-0.5869846940040588
1963,4,22,0.04372621327638626
1963,4,23,0.583161473274231
1963,4,24,0.38215216994285583
1963,4,25,0.14615267515182495
1963,4,26,0.4633328318595886
1963,4,27,0.894259512424469
1963,4,28,0.9075285196304321
1963,4,29,0.816138744354248
1963,4,30,1.3625123500823975
1963,5,1,1.6590477228164673
1963,5,2,1.8261914253234863
1963,5,3,1.7140531539916992
1963,5,4,1.1347285509109497
1963,5,5,0.7468658089637756
1963,5,6,0.9260875582695007
1963,5,7,1.328526258468628
1963,5,8,1.3987195491790771
1963,5,9,1.0846343040466309
1963,5,10,0.8070081472396851
1963,5,11,1.2287743091583252
1963,5,12,1.9633172750473022
1963,5,13,2.32466459274292
1963,5,14,2.0093183517456055
1963,5,15,1.3422777652740479
1963,5,16,1.1783117055892944
1963,5,17,1.044218897819519
1963,5,18,0.45867472887039185
1963,5,19,0.4607217013835907
1963,5,20,0.5606556534767151
1963,5,21,0.7650191187858582
1963,5,22,1.101422667503357
1963,5,23,0.8060103058815002
1963,5,24,0.3737969696521759
1963,5,25,0.4744129180908203
1963,5,26,0.5980462431907654
1963,5,27,0.12991219758987427
1963,5,28,-0.7649487853050232
1963,5,29,-1.4904937744140625
1963,5,30,-2.0194971561431885
1963,5,31,-2.1233856678009033
1963,6,1,-1.6436721086502075
1963,6,2,-1.4364032745361328
1963,6,3,-1.1190680265426636
1963,6,4,-0.708819568157196
1963,6,5,-0.8896461129188538
1963,6,6,-1.8179019689559937
1963,6,7,-2.2748663425445557
1963,6,8,-2.3531546592712402
1963,6,9,-1.9109196662902832
1963,6,10,-1.2066657543182373
1963,6,11,-0.5964609980583191
1963,6,12,-0.5538167357444763
1963,6,13,-0.49016767740249634
1963,6,14,-0.2634727656841278
1963,6,15,0.011724426411092281
1963,6,16,-0.17585402727127075
1963,6,17,-0.5045711994171143
1963,6,18,-0.49868160486221313
1963,6,19,0.005383634474128485
1963,6,20,0.5046675801277161
1963,6,21,0.7457906007766724
1963,6,22,0.943993091583252
1963,6,23,1.1973494291305542
1963,6,24,1.1053272485733032
1963,6,25,0.60048508644104
1963,6,26,-0.03172105550765991
1963,6,27,-0.538918137550354
1963,6,28,-1.084159255027771
1963,6,29,-1.083690881729126
1963,6,30,-0.8607962131500244
1963,7,1,-0.3128531575202942
1963,7,2,-0.0349309965968132
1963,7,3,-0.08415057510137558
1963,7,4,-0.6211302876472473
1963,7,5,-1.1555408239364624
1963,7,6,-1.471540093421936
1963,7,7,-1.250098466873169
1963,7,8,-0.8140460848808289
1963,7,9,-0.8777045607566833
1963,7,10,-0.9279590249061584
1963,7,11,-0.8957606554031372
1963,7,12,-0.48471304774284363
1963,7,13,-0.24423447251319885
1963,7,14,-0.3224719166755676
1963,7,15,0.002932066796347499
1963,7,16,0.5740086436271667
1963,7,17,0.5909068584442139
1963,7,18,0.3039773106575012
1963,7,19,-0.0726965069770813
1963,7,20,-0.49491024017333984
1963,7,21,-0.5848026275634766
1963,7,22,-0.5943242907524109
1963,7,23,-0.6618399024009705
1963,7,24,-0.5994619727134705
1963,7,25,0.10148930549621582
1963,7,26,0.8918789029121399
1963,7,27,1.0737673044204712
1963,7,28,0.5043185949325562
1963,7,29,0.016389109194278717
1963,7,30,-0.09854960441589355
1963,7,31,-0.5319667458534241
1963,8,1,-0.7560678124427795
1963,8,2,-0.1917039006948471
1963,8,3,0.2781929075717926
1963,8,4,0.31297558546066284
1963,8,5,0.1752961128950119
1963,8,6,0.25989532470703125
1963,8,7,0.17440615594387054
1963,8,8,-0.20621687173843384
1963,8,9,-0.7245558500289917
1963,8,10,-1.2058002948760986
1963,8,11,-1.5501211881637573
1963,8,12,-1.623283863067627
1963,8,13,-1.5814868211746216
1963,8,14,-1.4674885272979736
1963,8,15,-1.204014778137207
1963,8,16,-0.6054431200027466
1963,8,17,0.01778729073703289
1963,8,18,0.40317413210868835
1963,8,19,0.2257208377122879
1963,8,20,-0.2163621336221695
1963,8,21,-0.8498636484146118
1963,8,22,-1.1918530464172363
1963,8,23,-1.1522352695465088
1963,8,24,-0.9058294296264648
1963,8,25,-0.44947731494903564
1963,8,26,-0.20645220577716827
1963,8,27,-0.33005908131599426
1963,8,28,-0.5025761723518372
1963,8,29,-0.7149444222450256
1963,8,30,-1.219118356704712
1963,8,31,-1.6736892461776733
1963,9,1,-2.3570470809936523
1963,9,2,-2.697326183319092
1963,9,3,-2.1678011417388916
1963,9,4,-2.019291877746582
1963,9,5,-1.885282278060913
1963,9,6,-1.2566642761230469
1963,9,7,-0.6186131238937378
1963,9,8,-0.3815985321998596
1963,9,9,-0.45308125019073486
1963,9,10,-0.8134641647338867
1963,9,11,-0.7245065569877625
1963,9,12,-0.22602826356887817
1963,9,13,0.575806736946106
1963,9,14,0.9982910752296448
1963,9,15,0.8632010221481323
1963,9,16,0.7463369369506836
1963,9,17,0.9549729228019714
1963,9,18,1.053362488746643
1963,9,19,0.7348998785018921
1963,9,20,0.513039231300354
1963,9,21,0.9455135464668274
1963,9,22,1.195263147354126
1963,9,23,1.5291966199874878
1963,9,24,1.9195588827133179
1963,9,25,1.6723182201385498
1963,9,26,1.4783616065979004
1963,9,27,1.0748664140701294
1963,9,28,0.7559257745742798
1963,9,29,0.5057209134101868
1963,9,30,0.48571327328681946
1963,10,1,1.2493410110473633
1963,10,2,2.12048602104187
1963,10,3,1.955264925956726
1963,10,4,1.2283705472946167
1963,10,5,0.7972733378410339
1963,10,6,0.8120805025100708
1963,10,7,1.620742917060852
1963,10,8,1.6779170036315918
1963,10,9,1.1444571018218994
1963,10,10,0.4757968485355377
1963,10,11,-0.22778858244419098
1963,10,12,-0.5008324384689331
1963,10,13,-0.4001455307006836
1963,10,14,0.059451624751091
1963,10,15,1.1129714250564575
1963,10,16,2.4661080837249756
1963,10,17,2.87736439704895
1963,10,18,2.747384548187256
1963,10,19,1.7991867065429688
1963,10,20,1.0032869577407837
1963,10,21,1.335866093635559
1963,10,22,1.8012453317642212
1963,10,23,2.063741683959961
1963,10,24,2.3820230960845947
1963,10,25,1.6803048849105835
1963,10,26,0.8617428541183472
1963,10,27,0.28007814288139343
1963,10,28,0.29956620931625366
1963,10,29,0.025216251611709595
1963,10,30,-0.9063505530357361
1963,10,31,-1.8804327249526978
1963,11,1,-1.829455852508545
1963,11,2,-0.8152342438697815
1963,11,3,-0.7960831522941589
1963,11,4,-1.403493046760559
1963,11,5,-2.2483999729156494
1963,11,6,-2.44874906539917
1963,11,7,-1.9410525560379028
1963,11,8,-1.463470697402954
1963,11,9,-1.748144507408142
1963,11,10,-2.549382209777832
1963,11,11,-2.7697510719299316
1963,11,12,-2.304974317550659
1963,11,13,-1.5146747827529907
1963,11,14,-0.8719281554222107
1963,11,15,-0.6786559820175171
1963,11,16,-0.39435818791389465
1963,11,17,-0.28054019808769226
1963,11,18,-0.044625263661146164
1963,11,19,0.15780940651893616
1963,11,20,0.44494113326072693
1963,11,21,0.37416163086891174
1963,11,22,0.5384353995323181
1963,11,23,0.7926446199417114
1963,11,24,0.940299928188324
1963,11,25,1.6001108884811401
1963,11,26,2.207719326019287
1963,11,27,2.6025116443634033
1963,11,28,2.4308295249938965
1963,11,29,1.8908913135528564
1963,11,30,-0.015919804573059082
1963,12,1,-1.617698073387146
1963,12,2,-1.2026240825653076
1963,12,3,-0.34454983472824097
1963,12,4,-0.18364320695400238
1963,12,5,-0.4616793096065521
1963,12,6,-0.3146238923072815
1963,12,7,-0.7011500597000122
1963,12,8,-1.0019605159759521
1963,12,9,-0.5471968054771423
1963,12,10,0.11954931914806366
1963,12,11,-0.46230649948120117
1963,12,12,-1.3972355127334595
1963,12,13,-1.9405100345611572
1963,12,14,-2.4239068031311035
1963,12,15,-2.830453872680664
1963,12,16,-3.250779390335083
1963,12,17,-3.51430344581604
1963,12,18,-3.737560272216797
1963,12,19,-4.220629692077637
1963,12,20,-4.470372200012207
1963,12,21,-3.280066967010498
1963,12,22,-1.519433856010437
1963,12,23,0.12888585031032562
1963,12,24,0.4574448764324188
1963,12,25,0.3463378846645355
1963,12,26,0.5264972448348999
1963,12,27,0.47910213470458984
1963,12,28,0.16498960554599762
1963,12,29,0.08530303090810776
1963,12,30,0.6254433989524841
1963,12,31,1.263867735862732
1964,1,1,1.5292415618896484
1964,1,2,1.7700920104980469
1964,1,3,1.7901231050491333
1964,1,4,1.741139531135559
1964,1,5,1.6732155084609985
1964,1,6,1.5778383016586304
1964,1,7,2.0215625762939453
1964,1,8,1.815287709236145
1964,1,9,1.0989346504211426
1964,1,10,-0.20991700887680054
1964,1,11,-1.4354263544082642
1964,1,12,-1.7589960098266602
1964,1,13,-2.062546491622925
1964,1,14,-2.426426410675049
1964,1,15,-1.9709514379501343
1964,1,16,-0.7798601984977722
1964,1,17,0.6335510611534119
1964,1,18,1.2405132055282593
1964,1,19,1.5738940238952637
1964,1,20,1.434220314025879
1964,1,21,0.2368289679288864
1964,1,22,-1.3779540061950684
1964,1,23,-1.462616205215454
1964,1,24,-1.3353722095489502
1964,1,25,-1.2748016119003296
1964,1,26,-0.6003830432891846
1964,1,27,0.1564214527606964
1964,1,28,1.3996926546096802
1964,1,29,2.457003355026245
1964,1,30,2.204777956008911
1964,1,31,1.8373929262161255
1964,2,1,1.5336130857467651
1964,2,2,1.0468775033950806
1964,2,3,0.9022833108901978
1964,2,4,-0.20787061750888824
1964,2,5,-1.0182133913040161
1964,2,6,-0.6377958059310913
1964,2,7,0.17571179568767548
1964,2,8,0.33949020504951477
1964,2,9,-0.08359614759683609
1964,2,10,0.5775785446166992
1964,2,11,1.0383821725845337
1964,2,12,1.024437665939331
1964,2,13,-0.2776772379875183
1964,2,14,-1.352527141571045
1964,2,15,-2.0414929389953613
1964,2,16,-3.064539909362793
1964,2,17,-3.343282699584961
1964,2,18,-3.370504856109619
1964,2,19,-3.07437801361084
1964,2,20,-2.3152036666870117
1964,2,21,-1.5654569864273071
1964,2,22,-0.662169873714447
1964,2,23,0.27238544821739197
1964,2,24,0.3274470269680023
1964,2,25,0.33338305354118347
1964,2,26,0.452382892370224
1964,2,27,0.23093730211257935
1964,2,28,-0.23652686178684235
1964,2,29,-1.0858486890792847
1964,3,1,-1.677962303161621
1964,3,2,-2.022850751876831
1964,3,3,-1.6679716110229492
1964,3,4,-1.002717137336731
1964,3,5,-0.6069408059120178
1964,3,6,-0.4972958266735077
1964,3,7,0.6354492902755737
1964,3,8,1.334011197090149
1964,3,9,1.09306001663208
1964,3,10,0.07061071693897247
1964,3,11,-0.24015679955482483
1964,3,12,-0.2916320860385895
1964,3,13,-0.005422922316938639
1964,3,14,0.03174830973148346
1964,3,15,-0.14920568466186523
1964,3,16,-0.6592658162117004
1964,3,17,-0.661891520023346
1964,3,18,-0.6993035674095154
1964,3,19,-1.0692962408065796
1964,3,20,-0.9693968892097473
1964,3,21,-0.6119147539138794
1964,3,22,-0.6784992218017578
1964,3,23,-0.4854288101196289
1964,3,24,-0.4032803475856781
1964,3,25,-0.20872443914413452
1964,3,26,-0.06956560909748077
1964,3,27,-0.3736080527305603
1964,3,28,-0.7528786659240723
1964,3,29,-0.8909696340560913
1964,3,30,-1.4071028232574463
1964,3,31,-1.752450942993164
1964,4,1,-1.8314142227172852
1964,4,2,-1.390904188156128
1964,4,3,-0.8916692137718201
1964,4,4,-0.0035118262749165297
1964,4,5,0.3572883903980255
1964,4,6,0.7311957478523254
1964,4,7,0.9077993631362915
1964,4,8,0.6623578667640686
1964,4,9,0.27352869510650635
1964,4,10,0.7104402780532837
1964,4,11,1.6536211967468262
1964,4,12,2.335503101348877
1964,4,13,2.283342123031616
1964,4,14,1.8323607444763184
1964,4,15,1.0278757810592651
1964,4,16,0.48149237036705017
1964,4,17,-0.1147376000881195
1964,4,18,-0.5137007832527161
1964,4,19,-0.8125905394554138
1964,4,20,-0.619977593421936
1964,4,21,-0.2671078145503998
1964,4,22,-0.27464914321899414
1964,4,23,0.43487098813056946
1964,4,24,0.9404769539833069
1964,4,25,1.575506329536438
1964,4,26,2.0303616523742676
1964,4,27,2.108947992324829
1964,4,28,2.141258478164673
1964,4,29,1.910074234008789
1964,4,30,1.5128121376037598
1964,5,1,1.2651958465576172
1964,5,2,0.9198691248893738
1964,5,3,0.8366347551345825
1964,5,4,0.9074888825416565
1964,5,5,0.9034212231636047
1964,5,6,1.003718614578247
1964,5,7,1.3490890264511108
1964,5,8,1.8296985626220703
1964,5,9,2.088339328765869
1964,5,10,1.934063196182251
1964,5,11,1.9233388900756836
1964,5,12,2.2100157737731934
1964,5,13,2.5905098915100098
1964,5,14,2.7442150115966797
1964,5,15,2.586212158203125
1964,5,16,2.00113844871521
1964,5,17,1.3851665258407593
1964,5,18,1.5841342210769653
1964,5,19,2.0173141956329346
1964,5,20,2.237006425857544
1964,5,21,2.2254183292388916
1964,5,22,1.8902838230133057
1964,5,23,1.2044353485107422
1964,5,24,0.6020991802215576
1964,5,25,0.21623976528644562
1964,5,26,-0.14733603596687317
1964,5,27,-0.7078479528427124
1964,5,28,-1.0538471937179565
1964,5,29,-1.0840882062911987
1964,5,30,-0.8640701770782471
1964,5,31,-0.7888067364692688
1964,6,1,0.1862744837999344
1964,6,2,0.1857881397008896
1964,6,3,-1.4862744808197021
1964,6,4,-0.18578621745109558
1964,6,5,0.045836202800273895
1964,6,6,0.7470510601997375
1964,6,7,0.1867647022008896
1964,6,8,0.18578238785266876
1964,6,9,1.4980391263961792
1964,6,10,-0.046447038650512695
1964,6,11,-1.4980390071868896
1964,6,12,-0.3725566565990448
1964,6,13,0.0464470311999321
1964,6,14,-0.18480582535266876
1964,6,15,0.7470434904098511
1964,6,16,0.7509803175926208
1964,6,17,0.7470588088035583
1964,6,18,-0.09313439577817917
1964,6,19,-1.4901959896087646
1964,6,20,-5.992156505584717
1964,6,21,-1.4980391263961792
1964,6,22,0.0936274453997612
1964,6,23,-0.3735217750072479
1964,6,24,-1.4901959896087646
1964,6,25,0.0234068613499403
1964,6,26,0.7509803175926208
1964,6,27,0.1857881397008896
1964,6,28,0.1867647022008896
1964,6,29,0.7451133131980896
1964,6,30,2.9882349967956543
1964,7,1,0.2932882606983185
1964,7,2,-0.06820008158683777
1964,7,3,-0.20152395963668823
1964,7,4,0.08682303130626678
1964,7,5,0.28940051794052124
1964,7,6,0.28652423620224
1964,7,7,0.11369165033102036
1964,7,8,-0.15953980386257172
1964,7,9,0.14943033456802368
1964,7,10,0.36312180757522583
1964,7,11,0.1977180391550064
1964,7,12,0.5018147826194763
1964,7,13,0.7341140508651733
1964,7,14,0.5341870784759521
1964,7,15,0.7738484740257263
1964,7,16,0.8991965055465698
1964,7,17,0.7748047709465027
1964,7,18,1.0213468074798584
1964,7,19,1.1428896188735962
1964,7,20,0.9978548288345337
1964,7,21,0.5984541177749634
1964,7,22,0.4410054087638855
1964,7,23,0.6583855748176575
1964,7,24,0.9911077618598938
1964,7,25,1.3928627967834473
1964,7,26,1.6850143671035767
1964,7,27,1.4846612215042114
1964,7,28,1.434913158416748
1964,7,29,1.7972698211669922
1964,7,30,1.876156210899353
1964,7,31,1.5391713380813599
1964,8,1,0.9786856174468994
1964,8,2,0.47124984860420227
1964,8,3,0.04860977083444595
1964,8,4,-0.09297192841768265
1964,8,5,-0.41772496700286865
1964,8,6,-1.0229623317718506
1964,8,7,-1.1213202476501465
1964,8,8,-1.2673267126083374
1964,8,9,-1.7690364122390747
1964,8,10,-2.364011764526367
1964,8,11,-2.8158745765686035
1964,8,12,-2.8754160404205322
1964,8,13,-2.818610191345215
1964,8,14,-2.907100200653076
1964,8,15,-2.836409568786621
1964,8,16,-2.628598213195801
1964,8,17,-2.409968852996826
1964,8,18,-1.7709293365478516
1964,8,19,-1.0324718952178955
1964,8,20,-0.4924047291278839
1964,8,21,-0.45260870456695557
1964,8,22,-0.7350930571556091
1964,8,23,-0.7152977585792542
1964,8,24,-0.23151439428329468
1964,8,25,-0.308549165725708
1964,8,26,-0.3602438271045685
1964,8,27,-0.5661916136741638
1964,8,28,-0.7602835297584534
1964,8,29,-0.8929794430732727
1964,8,30,-0.9812631011009216
1964,8,31,-0.9271638989448547
1964,9,1,-0.749889612197876
1964,9,2,-0.6750397086143494
1964,9,3,-0.5919857621192932
1964,9,4,-0.6991776823997498
1964,9,5,-0.697477400302887
1964,9,6,-0.8961630463600159
1964,9,7,-0.660632312297821
1964,9,8,-0.3155113458633423
1964,9,9,-0.2135796844959259
1964,9,10,-0.4904581606388092
1964,9,11,-0.7709143757820129
1964,9,12,-1.0358303785324097
1964,9,13,-0.8131608963012695
1964,9,14,-0.5898594260215759
1964,9,15,-0.5575414299964905
1964,9,16,-0.5825206637382507
1964,9,17,-0.28669464588165283
1964,9,18,-0.16117070615291595
1964,9,19,-0.3308447301387787
1964,9,20,-0.4900226294994354
1964,9,21,-0.25276392698287964
1964,9,22,-0.015577325597405434
1964,9,23,-0.17371003329753876
1964,9,24,-0.6941958069801331
1964,9,25,-0.7720496654510498
1964,9,26,0.17924316227436066
1964,9,27,1.183152198791504
1964,9,28,1.621284008026123
1964,9,29,1.9060779809951782
1964,9,30,2.0509088039398193
1964,10,1,1.8068782091140747
1964,10,2,1.418611764907837
1964,10,3,0.9658297300338745
1964,10,4,0.6516715884208679
1964,10,5,1.2226630449295044
1964,10,6,2.0935730934143066
1964,10,7,1.9526277780532837
1964,10,8,0.9162378311157227
1964,10,9,-0.12663546204566956
1964,10,10,-1.1339682340621948
1964,10,11,-1.4013453722000122
1964,10,12,-1.1396011114120483
1964,10,13,-0.34512823820114136
1964,10,14,0.06160498037934303
1964,10,15,0.07723329216241837
1964,10,16,-0.34003663063049316
1964,10,17,-0.5266299843788147
1964,10,18,-0.6471549868583679
1964,10,19,-0.5279667973518372
1964,10,20,-0.050133053213357925
1964,10,21,0.3613033890724182
1964,10,22,0.6580675840377808
1964,10,23,0.466035932302475
1964,10,24,0.29650771617889404
1964,10,25,0.3390546441078186
1964,10,26,0.5672491788864136
1964,10,27,0.9615544676780701
1964,10,28,1.2096108198165894
1964,10,29,0.8669557571411133
1964,10,30,0.1902790069580078
1964,10,31,-0.6317518353462219
1964,11,1,-0.8997725248336792
1964,11,2,-1.0053552389144897
1964,11,3,-1.8070179224014282
1964,11,4,-1.9999897480010986
1964,11,5,-1.5324289798736572
1964,11,6,-0.6234007477760315
1964,11,7,-0.2254631072282791
1964,11,8,0.01798846945166588
1964,11,9,0.4062862694263458
1964,11,10,0.8858203887939453
1964,11,11,1.4355416297912598
1964,11,12,0.9891550540924072
1964,11,13,0.5285899043083191
1964,11,14,0.6655589938163757
1964,11,15,1.0531431436538696
1964,11,16,0.6402115821838379
1964,11,17,-0.5903481841087341
1964,11,18,-1.4627565145492554
1964,11,19,-1.1733343601226807
1964,11,20,-1.2998512983322144
1964,11,21,-0.8864098191261292
1964,11,22,0.12339258193969727
1964,11,23,1.3047765493392944
1964,11,24,1.8610336780548096
1964,11,25,0.8609068989753723
1964,11,26,-0.6712141633033752
1964,11,27,-1.598239541053772
1964,11,28,-2.1557376384735107
1964,11,29,-1.614316701889038
1964,11,30,-1.1941392421722412
1964,12,1,-1.191017985343933
1964,12,2,-1.4054759740829468
1964,12,3,-1.4977647066116333
1964,12,4,-1.2367240190505981
1964,12,5,-0.9382899403572083
1964,12,6,-0.12057831883430481
1964,12,7,0.802688479423523
1964,12,8,2.135910749435425
1964,12,9,2.766505002975464
1964,12,10,1.8907406330108643
1964,12,11,1.1677229404449463
1964,12,12,0.9940178990364075
1964,12,13,0.4778596758842468
1964,12,14,-0.2288174331188202
1964,12,15,-0.6159734129905701
1964,12,16,-1.171450138092041
1964,12,17,-1.4253854751586914
1964,12,18,-1.7264140844345093
1964,12,19,-2.0329272747039795
1964,12,20,-1.773693561553955
1964,12,21,-1.5234527587890625
1964,12,22,-1.887300968170166
1964,12,23,-1.902285099029541
1964,12,24,-0.8436734080314636
1964,12,25,0.3509458899497986
1964,12,26,1.1861233711242676
1964,12,27,0.9916442036628723
1964,12,28,1.173201322555542
1964,12,29,0.9971864819526672
1964,12,30,-0.017134174704551697
1964,12,31,-0.7568483352661133
1965,1,1,-1.6769251823425293
1965,1,2,-2.427508592605591
1965,1,3,-2.985994815826416
1965,1,4,-2.8876020908355713
1965,1,5,-2.1663107872009277
1965,1,6,-0.9291691780090332
1965,1,7,-0.31660670042037964
1965,1,8,-0.2778119742870331
1965,1,9,-0.3505449891090393
1965,1,10,-0.006227236706763506
1965,1,11,0.2991112172603607
1965,1,12,0.29188910126686096
1965,1,13,1.1069022417068481
1965,1,14,1.8664988279342651
1965,1,15,2.0687832832336426
1965,1,16,2.815275192260742
1965,1,17,2.5743019580841064
1965,1,18,1.474927306175232
1965,1,19,0.5520386099815369
1965,1,20,-0.5752124190330505
1965,1,21,-1.1466957330703735
1965,1,22,-1.9637107849121094
1965,1,23,-2.3442013263702393
1965,1,24,-2.406830072402954
1965,1,25,-3.003587007522583
1965,1,26,-3.973349094390869
1965,1,27,-3.818490982055664
1965,1,28,-3.040982484817505
1965,1,29,-2.808541774749756
1965,1,30,-2.707444190979004
1965,1,31,-2.506366491317749
1965,2,1,-2.625654935836792
1965,2,2,-2.460324764251709
1965,2,3,-2.332277774810791
1965,2,4,-2.319211959838867
1965,2,5,-2.495732545852661
1965,2,6,-2.6601104736328125
1965,2,7,-1.9941831827163696
1965,2,8,-1.4236160516738892
1965,2,9,-0.5151873230934143
1965,2,10,-0.7861793041229248
1965,2,11,-1.2656280994415283
1965,2,12,-1.7199337482452393
1965,2,13,-1.522620439529419
1965,2,14,-1.2473695278167725
1965,2,15,-1.1422531604766846
1965,2,16,-0.8779922723770142
1965,2,17,-0.7103904485702515
1965,2,18,-1.9221882820129395
1965,2,19,-2.2102723121643066
1965,2,20,-2.307138204574585
1965,2,21,-2.738541603088379
1965,2,22,-2.6590287685394287
1965,2,23,-1.8734395503997803
1965,2,24,-1.6628549098968506
1965,2,25,-2.73368763923645
1965,2,26,-3.170626640319824
1965,2,27,-3.334591865539551
1965,2,28,-3.5713891983032227
1965,3,1,-3.2537646293640137
1965,3,2,-2.5278337001800537
1965,3,3,-2.3702797889709473
1965,3,4,-2.1714398860931396
1965,3,5,-1.8901411294937134
1965,3,6,-1.6394083499908447
1965,3,7,-1.3224369287490845
1965,3,8,-0.7601107954978943
1965,3,9,-0.051865316927433014
1965,3,10,0.5248024463653564
1965,3,11,0.37270450592041016
1965,3,12,0.266526997089386
1965,3,13,0.7584176659584045
1965,3,14,1.1944714784622192
1965,3,15,0.905295193195343
1965,3,16,0.20977915823459625
1965,3,17,-1.004884958267212
1965,3,18,-1.8892070055007935
1965,3,19,-2.3736085891723633
1965,3,20,-2.559601068496704
1965,3,21,-2.357438564300537
1965,3,22,-1.6476141214370728
1965,3,23,-0.8881269097328186
1965,3,24,-0.5095841884613037
1965,3,25,-0.2048896849155426
1965,3,26,0.035055261105298996
1965,3,27,0.09636778384447098
1965,3,28,-0.2364799678325653
1965,3,29,-0.5661725997924805
1965,3,30,-0.6993739008903503
1965,3,31,-0.49812889099121094
1965,4,1,0.025840329006314278
1965,4,2,0.7037064433097839
1965,4,3,1.2535964250564575
1965,4,4,0.8692276477813721
1965,4,5,0.8968499898910522
1965,4,6,1.5156141519546509
1965,4,7,1.2508478164672852
1965,4,8,1.1669129133224487
1965,4,9,1.2577364444732666
1965,4,10,1.1755770444869995
1965,4,11,1.3244085311889648
1965,4,12,1.4788144826889038
1965,4,13,1.3175227642059326
1965,4,14,1.302486777305603
1965,4,15,1.3734326362609863
1965,4,16,1.5136724710464478
1965,4,17,0.9830551147460938
1965,4,18,-0.06791115552186966
1965,4,19,-0.6979238986968994
1965,4,20,-0.5281614661216736
1965,4,21,-0.10648085922002792
1965,4,22,0.2656969726085663
1965,4,23,0.45713135600090027
1965,4,24,0.49963414669036865
1965,4,25,0.09536738693714142
1965,4,26,-0.3718148469924927
1965,4,27,-0.5139845609664917
1965,4,28,-0.6667956709861755
1965,4,29,-0.730912983417511
1965,4,30,-0.608674168586731
1965,5,1,-0.28055521845817566
1965,5,2,0.05457181856036186
1965,5,3,0.628672182559967
1965,5,4,0.6871228218078613
1965,5,5,0.08943382650613785
1965,5,6,-0.004890000447630882
1965,5,7,0.4438951313495636
1965,5,8,0.6138462424278259
1965,5,9,0.40074074268341064
1965,5,10,0.16769364476203918
1965,5,11,-0.06901994347572327
1965,5,12,-0.5289965271949768
1965,5,13,-1.008884072303772
1965,5,14,-1.0595357418060303
1965,5,15,-0.8912432193756104
1965,5,16,-0.3695237934589386
1965,5,17,0.2206646203994751
1965,5,18,0.5303434133529663
1965,5,19,0.8620787262916565
1965,5,20,1.0629106760025024
1965,5,21,0.9154768586158752
1965,5,22,0.7913225293159485
1965,5,23,0.0858938992023468
1965,5,24,-0.8354182839393616
1965,5,25,-1.020607590675354
1965,5,26,-0.9531890153884888
1965,5,27,-1.3028223514556885
1965,5,28,-1.2908252477645874
1965,5,29,-1.0941704511642456
1965,5,30,-0.845935583114624
1965,5,31,-0.5624683499336243
1965,6,1,-0.42421549558639526
1965,6,2,-0.26413214206695557
1965,6,3,0.4237528443336487
1965,6,4,1.069252848625183
1965,6,5,1.0323894023895264
1965,6,6,0.2331528514623642
1965,6,7,-0.6440726518630981
1965,6,8,-1.2829314470291138
1965,6,9,-1.614852786064148
1965,6,10,-1.6930351257324219
1965,6,11,-1.857544183731079
1965,6,12,-1.8387773036956787
1965,6,13,-1.2776319980621338
1965,6,14,-0.9006096720695496
1965,6,15,-0.5089123845100403
1965,6,16,0.22365960478782654
1965,6,17,1.0103381872177124
1965,6,18,1.368480920791626
1965,6,19,1.3607826232910156
1965,6,20,1.3570693731307983
1965,6,21,1.4270843267440796
1965,6,22,1.4147533178329468
1965,6,23,0.7768447399139404
1965,6,24,0.3875323235988617
1965,6,25,0.11025218665599823
1965,6,26,0.07701390236616135
1965,6,27,0.4540341794490814
1965,6,28,0.4226546883583069
1965,6,29,0.1509937196969986
1965,6,30,0.09734346717596054
1965,7,1,-0.11913814395666122
1965,7,2,-0.17677591741085052
1965,7,3,-0.18216252326965332
1965,7,4,-0.17720630764961243
1965,7,5,-0.2845366895198822
1965,7,6,-0.6360232830047607
1965,7,7,-0.7951812148094177
1965,7,8,-0.5524390339851379
1965,7,9,-0.35989028215408325
1965,7,10,-0.27418264746665955
1965,7,11,-0.5999836325645447
1965,7,12,-0.8628875017166138
1965,7,13,-0.9064088463783264
1965,7,14,-0.995347261428833
1965,7,15,-1.1066854000091553
1965,7,16,-1.0237693786621094
1965,7,17,-0.5583062171936035
1965,7,18,-0.09021015465259552
1965,7,19,-0.11033298075199127
1965,7,20,-0.278723806142807
1965,7,21,-0.5983222126960754
1965,7,22,-1.1278241872787476
1965,7,23,-1.3606306314468384
1965,7,24,-0.9803538918495178
1965,7,25,-0.3104427754878998
1965,7,26,-0.04375441372394562
1965,7,27,0.00981179904192686
1965,7,28,-0.10542996972799301
1965,7,29,-0.3073975741863251
1965,7,30,-0.20580895245075226
1965,7,31,-0.12655045092105865
1965,8,1,-0.06447985023260117
1965,8,2,-0.39480334520339966
1965,8,3,-1.0217082500457764
1965,8,4,-1.390997052192688
1965,8,5,-1.0478829145431519
1965,8,6,-0.3954505920410156
1965,8,7,-0.16413593292236328
1965,8,8,-0.14264309406280518
1965,8,9,-0.43552154302597046
1965,8,10,-0.553027331829071
1965,8,11,-0.5334423184394836
1965,8,12,-0.808038055896759
1965,8,13,-1.2467260360717773
1965,8,14,-1.1743345260620117
1965,8,15,-0.30026042461395264
1965,8,16,0.2493659108877182
1965,8,17,0.45675426721572876
1965,8,18,0.5534674525260925
1965,8,19,0.39215758442878723
1965,8,20,0.32417532801628113
1965,8,21,0.03470567241311073
1965,8,22,0.13927777111530304
1965,8,23,0.7511937022209167
1965,8,24,0.7123315930366516
1965,8,25,0.1367184966802597
1965,8,26,-0.21085302531719208
1965,8,27,-0.2366676926612854
1965,8,28,0.0601220428943634
1965,8,29,-0.08067569136619568
1965,8,30,-0.41868987679481506
1965,8,31,-0.8129370212554932
1965,9,1,-0.880561351776123
1965,9,2,-1.208395004272461
1965,9,3,-1.5861319303512573
1965,9,4,-1.8611897230148315
1965,9,5,-1.893666386604309
1965,9,6,-2.0321455001831055
1965,9,7,-2.3128268718719482
1965,9,8,-2.1749420166015625
1965,9,9,-2.018099546432495
1965,9,10,-1.5826478004455566
1965,9,11,-0.8028056025505066
1965,9,12,-0.280609130859375
1965,9,13,-0.21429197490215302
1965,9,14,-0.08112135529518127
1965,9,15,-0.03482397273182869
1965,9,16,0.051426392048597336
1965,9,17,0.22994282841682434
1965,9,18,0.3516750931739807
1965,9,19,0.4780654013156891
1965,9,20,0.8987765312194824
1965,9,21,1.401618242263794
1965,9,22,0.7867230176925659
1965,9,23,0.0633934736251831
1965,9,24,-0.750741720199585
1965,9,25,-1.6583725214004517
1965,9,26,-1.7067862749099731
1965,9,27,-0.7281960248947144
1965,9,28,-0.23482048511505127
1965,9,29,-0.22039957344532013
1965,9,30,-0.19080783426761627
1965,10,1,-0.149416983127594
1965,10,2,-0.5798755288124084
1965,10,3,-1.281029224395752
1965,10,4,-1.3127720355987549
1965,10,5,-0.999875009059906
1965,10,6,-0.7257938385009766
1965,10,7,-0.6921185851097107
1965,10,8,-1.2121498584747314
1965,10,9,-1.5535435676574707
1965,10,10,-1.9152355194091797
1965,10,11,-1.5959126949310303
1965,10,12,-0.331020712852478
1965,10,13,1.0232540369033813
1965,10,14,1.4890272617340088
1965,10,15,1.6174429655075073
1965,10,16,1.7473200559616089
1965,10,17,1.810355544090271
1965,10,18,1.592996597290039
1965,10,19,0.900794506072998
1965,10,20,0.12617245316505432
1965,10,21,-0.11459357291460037
1965,10,22,0.1582985371351242
1965,10,23,0.2528035044670105
1965,10,24,0.3159830868244171
1965,10,25,0.81355881690979
1965,10,26,1.8025528192520142
1965,10,27,2.363281726837158
1965,10,28,2.651179075241089
1965,10,29,2.590078592300415
1965,10,30,1.8810125589370728
1965,10,31,1.0937532186508179
1965,11,1,0.6628950238227844
1965,11,2,0.038029059767723083
1965,11,3,0.08841169625520706
1965,11,4,0.7010034918785095
1965,11,5,1.1502152681350708
1965,11,6,0.8941317200660706
1965,11,7,0.4352584481239319
1965,11,8,-0.3101136088371277
1965,11,9,-0.6029142737388611
1965,11,10,-1.1484439373016357
1965,11,11,-1.521999716758728
1965,11,12,-1.381903886795044
1965,11,13,-1.6005661487579346
1965,11,14,-2.273838996887207
1965,11,15,-2.229001760482788
1965,11,16,-2.3326964378356934
1965,11,17,-2.670475959777832
1965,11,18,-3.5343942642211914
1965,11,19,-3.6020665168762207
1965,11,20,-3.2302119731903076
1965,11,21,-2.659471273422241
1965,11,22,-2.382812976837158
1965,11,23,-2.362666368484497
1965,11,24,-2.0560014247894287
1965,11,25,-1.1380300521850586
1965,11,26,-0.6711564064025879
1965,11,27,-1.1579053401947021
1965,11,28,-1.6594724655151367
1965,11,29,-1.6822694540023804
1965,11,30,-0.5679970979690552
1965,12,1,0.4026670753955841
1965,12,2,0.7179561853408813
1965,12,3,-0.07303258031606674
1965,12,4,-0.37213805317878723
1965,12,5,-0.9103106260299683
1965,12,6,-1.0136970281600952
1965,12,7,-0.26142850518226624
1965,12,8,0.302703320980072
1965,12,9,0.3983956277370453
1965,12,10,-0.16404183208942413
1965,12,11,-0.7418274283409119
1965,12,12,-0.9742240905761719
1965,12,13,-1.0249879360198975
1965,12,14,-0.7439330220222473
1965,12,15,0.12472432106733322
1965,12,16,-0.18259485065937042
1965,12,17,-0.6640611886978149
1965,12,18,-0.5300994515419006
1965,12,19,0.3983471691608429
1965,12,20,0.6611379384994507
1965,12,21,0.717883825302124
1965,12,22,1.040340542793274
1965,12,23,0.685883104801178
1965,12,24,0.3348054587841034
1965,12,25,-0.037774525582790375
1965,12,26,0.10475745052099228
1965,12,27,0.5312091708183289
1965,12,28,1.5312726497650146
1965,12,29,1.936187505722046
1965,12,30,1.595043420791626
1965,12,31,1.0802751779556274
1966,1,1,0.4767187833786011
1966,1,2,-0.018328411504626274
1966,1,3,-0.4791743755340576
1966,1,4,-0.6869939565658569
1966,1,5,-0.3903771638870239
1966,1,6,-0.29362258315086365
1966,1,7,-0.9480898976325989
1966,1,8,-1.7519503831863403
1966,1,9,-2.6937832832336426
1966,1,10,-3.4965660572052
1966,1,11,-4.166412830352783
1966,1,12,-4.748254299163818
1966,1,13,-4.91161584854126
1966,1,14,-4.984964370727539
1966,1,15,-4.9019389152526855
1966,1,16,-4.468135833740234
1966,1,17,-4.254829406738281
1966,1,18,-4.0871968269348145
1966,1,19,-3.5102486610412598
1966,1,20,-2.9290380477905273
1966,1,21,-2.852853536605835
1966,1,22,-3.0533270835876465
1966,1,23,-3.31125807762146
1966,1,24,-3.9398083686828613
1966,1,25,-4.249629974365234
1966,1,26,-4.558812618255615
1966,1,27,-4.971900939941406
1966,1,28,-5.130366325378418
1966,1,29,-4.385261058807373
1966,1,30,-3.416064739227295
1966,1,31,-3.517810821533203
1966,2,1,-3.9875683784484863
1966,2,2,-3.499134063720703
1966,2,3,-2.9581151008605957
1966,2,4,-2.4741482734680176
1966,2,5,-1.6731269359588623
1966,2,6,-1.331579327583313
1966,2,7,-1.4479594230651855
1966,2,8,-1.372519612312317
1966,2,9,-1.0027225017547607
1966,2,10,-0.38846278190612793
1966,2,11,0.5334391593933105
1966,2,12,0.7805007696151733
1966,2,13,0.07354144752025604
1966,2,14,-1.214077353477478
1966,2,15,-1.9321911334991455
1966,2,16,-2.3264682292938232
1966,2,17,-2.6635632514953613
1966,2,18,-2.7794952392578125
1966,2,19,-3.1103553771972656
1966,2,20,-3.5142321586608887
1966,2,21,-3.0709900856018066
1966,2,22,-1.895842432975769
1966,2,23,-1.0183684825897217
1966,2,24,-0.4660525918006897
1966,2,25,0.4039667546749115
1966,2,26,1.3292357921600342
1966,2,27,1.3621450662612915
1966,2,28,0.8080239295959473
1966,3,1,0.29896649718284607
1966,3,2,0.2669306695461273
1966,3,3,-0.04183623567223549
1966,3,4,-0.5773889422416687
1966,3,5,-0.43801599740982056
1966,3,6,-0.43775221705436707
1966,3,7,-0.8374318480491638
1966,3,8,-0.16473618149757385
1966,3,9,0.5145589709281921
1966,3,10,0.18877987563610077
1966,3,11,-0.693182110786438
1966,3,12,-1.1902151107788086
1966,3,13,-1.1454598903656006
1966,3,14,-0.9470742344856262
1966,3,15,-0.8113763332366943
1966,3,16,-0.9174132943153381
1966,3,17,-0.812584400177002
1966,3,18,-0.920915424823761
1966,3,19,-0.7060266733169556
1966,3,20,-0.5042239427566528
1966,3,21,-0.8336164355278015
1966,3,22,-1.7472034692764282
1966,3,23,-2.212191343307495
1966,3,24,-1.8382329940795898
1966,3,25,-1.2384549379348755
1966,3,26,-0.9412868022918701
1966,3,27,-1.455976128578186
1966,3,28,-1.8330357074737549
1966,3,29,-1.76417076587677
1966,3,30,-1.6980037689208984
1966,3,31,-1.7907854318618774
1966,4,1,-2.6049726009368896
1966,4,2,-3.0174994468688965
1966,4,3,-3.601508617401123
1966,4,4,-4.334264755249023
1966,4,5,-4.329391002655029
1966,4,6,-3.9415018558502197
1966,4,7,-3.450813055038452
1966,4,8,-3.593381643295288
1966,4,9,-3.7386999130249023
1966,4,10,-3.575622320175171
1966,4,11,-3.6706509590148926
1966,4,12,-4.177387237548828
1966,4,13,-4.092712879180908
1966,4,14,-3.178553819656372
1966,4,15,-2.3365375995635986
1966,4,16,-2.0216851234436035
1966,4,17,-1.8258183002471924
1966,4,18,-1.6170932054519653
1966,4,19,-1.5046350955963135
1966,4,20,-1.3802170753479004
1966,4,21,-0.4471013844013214
1966,4,22,1.1565238237380981
1966,4,23,2.188436508178711
1966,4,24,2.2820732593536377
1966,4,25,1.5239207744598389
1966,4,26,0.6775597333908081
1966,4,27,0.2993762791156769
1966,4,28,0.2889738082885742
1966,4,29,0.30002734065055847
1966,4,30,0.5608290433883667
1966,5,1,0.7392683029174805
1966,5,2,0.4932882785797119
1966,5,3,0.5197775363922119
1966,5,4,0.9869832992553711
1966,5,5,1.1339105367660522
1966,5,6,0.8902109861373901
1966,5,7,0.5402122735977173
1966,5,8,0.32890722155570984
1966,5,9,0.6972177624702454
1966,5,10,0.9889759421348572
1966,5,11,1.0569533109664917
1966,5,12,1.5104515552520752
1966,5,13,2.0891425609588623
1966,5,14,2.7182583808898926
1966,5,15,2.8516533374786377
1966,5,16,2.55271053314209
1966,5,17,2.1520040035247803
1966,5,18,1.6868538856506348
1966,5,19,1.7539622783660889
1966,5,20,1.683691143989563
1966,5,21,1.6914829015731812
1966,5,22,1.80230712890625
1966,5,23,1.7413076162338257
1966,5,24,1.474648356437683
1966,5,25,1.0350741147994995
1966,5,26,0.3923974633216858
1966,5,27,-0.1287192553281784
1966,5,28,-0.42900657653808594
1966,5,29,-0.6550290584564209
1966,5,30,-0.5350311994552612
1966,5,31,-0.1521105319261551
1966,6,1,0.2947784662246704
1966,6,2,0.22939661145210266
1966,6,3,0.5679221153259277
1966,6,4,0.7848781943321228
1966,6,5,1.0103082656860352
1966,6,6,0.6120143532752991
1966,6,7,0.17765814065933228
1966,6,8,0.13797150552272797
1966,6,9,0.04861168563365936
1966,6,10,0.16692283749580383
1966,6,11,0.46953752636909485
1966,6,12,0.42905187606811523
1966,6,13,0.5814130902290344
1966,6,14,0.7595287561416626
1966,6,15,0.5430064797401428
1966,6,16,0.15834522247314453
1966,6,17,0.18585681915283203
1966,6,18,0.9352074265480042
1966,6,19,0.938475489616394
1966,6,20,0.46601602435112
1966,6,21,0.06719988584518433
1966,6,22,-0.2086026966571808
1966,6,23,-0.16947558522224426
1966,6,24,-0.013540152460336685
1966,6,25,0.1780039370059967
1966,6,26,0.5903947353363037
1966,6,27,1.019776701927185
1966,6,28,0.6895439028739929
1966,6,29,0.20790694653987885
1966,6,30,-0.05722463130950928
1966,7,1,0.002990866545587778
1966,7,2,0.36011558771133423
1966,7,3,0.7538253664970398
1966,7,4,0.7915717363357544
1966,7,5,0.8276685476303101
1966,7,6,1.0483975410461426
1966,7,7,1.158945083618164
1966,7,8,0.9970038533210754
1966,7,9,0.5388649702072144
1966,7,10,0.038103386759757996
1966,7,11,-0.32530921697616577
1966,7,12,-0.32277441024780273
1966,7,13,0.018955785781145096
1966,7,14,0.2723652720451355
1966,7,15,0.28433340787887573
1966,7,16,0.38769784569740295
1966,7,17,0.6858554482460022
1966,7,18,0.6007846593856812
1966,7,19,0.31797412037849426
1966,7,20,-0.07163570821285248
1966,7,21,-0.14982666075229645
1966,7,22,-0.1629493236541748
1966,7,23,-0.3275597095489502
1966,7,24,-0.48437413573265076
1966,7,25,-0.702457845211029
1966,7,26,-0.7343644499778748
1966,7,27,-0.6820756196975708
1966,7,28,-0.9723320007324219
1966,7,29,-1.375239610671997
1966,7,30,-1.4226012229919434
1966,7,31,-1.0278228521347046
1966,8,1,-0.9219130873680115
1966,8,2,-1.532924771308899
1966,8,3,-2.070234537124634
1966,8,4,-2.277174234390259
1966,8,5,-2.486039400100708
1966,8,6,-2.3902816772460938
1966,8,7,-2.3022918701171875
1966,8,8,-2.134303331375122
1966,8,9,-1.9308693408966064
1966,8,10,-1.4644513130187988
1966,8,11,-0.9325196146965027
1966,8,12,-0.6111949682235718
1966,8,13,-0.10533857345581055
1966,8,14,0.6894309520721436
1966,8,15,1.2332384586334229
1966,8,16,1.1429353952407837
1966,8,17,0.692467451095581
1966,8,18,0.2747589647769928
1966,8,19,0.03082549199461937
1966,8,20,-0.37522920966148376
1966,8,21,-0.8747603297233582
1966,8,22,-0.9129844307899475
1966,8,23,-0.42855268716812134
1966,8,24,-0.021733878180384636
1966,8,25,-0.06824976950883865
1966,8,26,-0.6100627779960632
1966,8,27,-1.5817145109176636
1966,8,28,-2.0348079204559326
1966,8,29,-1.676490068435669
1966,8,30,-1.39195716381073
1966,8,31,-1.1918388605117798
1966,9,1,-0.7195548415184021
1966,9,2,-0.19213613867759705
1966,9,3,0.07598011195659637
1966,9,4,0.3353436291217804
1966,9,5,0.6863299608230591
1966,9,6,0.7266442179679871
1966,9,7,0.6904634833335876
1966,9,8,0.6837107539176941
1966,9,9,0.48897290229797363
1966,9,10,0.02460433542728424
1966,9,11,-0.3774036467075348
1966,9,12,-0.37475812435150146
1966,9,13,0.3947697579860687
1966,9,14,1.1567332744598389
1966,9,15,0.9841068983078003
1966,9,16,0.6389520168304443
1966,9,17,0.5772601366043091
1966,9,18,0.37349504232406616
1966,9,19,1.0876022577285767
1966,9,20,1.8471087217330933
1966,9,21,1.907067894935608
1966,9,22,1.1518181562423706
1966,9,23,0.15901340544223785
1966,9,24,-0.7596398591995239
1966,9,25,-2.054520845413208
1966,9,26,-2.461168050765991
1966,9,27,-2.025581121444702
1966,9,28,-1.5388003587722778
1966,9,29,-1.5885813236236572
1966,9,30,-1.5807253122329712
1966,10,1,-1.1021732091903687
1966,10,2,-0.8982099294662476
1966,10,3,-0.6900743842124939
1966,10,4,-0.1334565281867981
1966,10,5,0.025665219873189926
1966,10,6,-0.6786912083625793
1966,10,7,-0.5805521607398987
1966,10,8,0.20149937272071838
1966,10,9,0.29001715779304504
1966,10,10,-0.04898099601268768
1966,10,11,-0.7018517255783081
1966,10,12,-1.5525479316711426
1966,10,13,-1.8728675842285156
1966,10,14,-1.4330161809921265
1966,10,15,-0.49391835927963257
1966,10,16,-0.008286574855446815
1966,10,17,-0.5835614204406738
1966,10,18,-1.1196149587631226
1966,10,19,-1.5061925649642944
1966,10,20,-2.4726192951202393
1966,10,21,-2.7957074642181396
1966,10,22,-2.988739252090454
1966,10,23,-2.728276252746582
1966,10,24,-1.53932523727417
1966,10,25,-0.6872767806053162
1966,10,26,-0.6700315475463867
1966,10,27,-0.9953233599662781
1966,10,28,-1.2787500619888306
1966,10,29,-0.9960996508598328
1966,10,30,-0.6770734786987305
1966,10,31,-1.4739049673080444
1966,11,1,-1.3942781686782837
1966,11,2,-0.043629713356494904
1966,11,3,-0.03897098824381828
1966,11,4,-0.859237015247345
1966,11,5,-1.5410295724868774
1966,11,6,-0.1982237547636032
1966,11,7,0.13953906297683716
1966,11,8,-0.45833632349967957
1966,11,9,-0.4128575026988983
1966,11,10,0.17741413414478302
1966,11,11,0.8444894552230835
1966,11,12,1.195459246635437
1966,11,13,0.7650015950202942
1966,11,14,0.35258758068084717
1966,11,15,-0.12080423533916473
1966,11,16,-0.9244282841682434
1966,11,17,-0.27891385555267334
1966,11,18,0.6546190977096558
1966,11,19,0.45331746339797974
1966,11,20,-0.11170671135187149
1966,11,21,-0.02781919576227665
1966,11,22,-0.1155894547700882
1966,11,23,-0.25507545471191406
1966,11,24,0.10095371305942535
1966,11,25,1.101915717124939
1966,11,26,1.3246724605560303
1966,11,27,0.7158055305480957
1966,11,28,0.5053180456161499
1966,11,29,0.7132694125175476
1966,11,30,0.9323152303695679
1966,12,1,0.6849336624145508
1966,12,2,0.8695175647735596
1966,12,3,1.2552868127822876
1966,12,4,1.8927496671676636
1966,12,5,1.8151886463165283
1966,12,6,0.5512661933898926
1966,12,7,-0.8380008935928345
1966,12,8,-2.1271896362304688
1966,12,9,-2.8747286796569824
1966,12,10,-3.095282554626465
1966,12,11,-3.4835925102233887
1966,12,12,-3.8597190380096436
1966,12,13,-4.147459030151367
1966,12,14,-3.8417141437530518
1966,12,15,-3.300800085067749
1966,12,16,-2.2628962993621826
1966,12,17,-0.7823350429534912
1966,12,18,-0.10791843384504318
1966,12,19,-0.8421480655670166
1966,12,20,-1.4240769147872925
1966,12,21,-1.6586629152297974
1966,12,22,-2.0177550315856934
1966,12,23,-2.3427915573120117
1966,12,24,-2.323953866958618
1966,12,25,-2.521383285522461
1966,12,26,-2.1904237270355225
1966,12,27,-1.2541931867599487
1966,12,28,-0.9553698301315308
1966,12,29,-0.558475136756897
1966,12,30,-0.10888874530792236
1966,12,31,-0.0528908371925354
1967,1,1,-0.49296972155570984
1967,1,2,-0.8275768756866455
1967,1,3,-1.3052805662155151
1967,1,4,-1.8709325790405273
1967,1,5,-2.163022518157959
1967,1,6,-2.03631329536438
1967,1,7,-1.649897813796997
1967,1,8,-1.2314684391021729
1967,1,9,-0.9870015978813171
1967,1,10,-0.7460188865661621
1967,1,11,-0.05616532638669014
1967,1,12,0.43272870779037476
1967,1,13,0.40830567479133606
1967,1,14,0.06844641268253326
1967,1,15,0.30598554015159607
1967,1,16,0.6902064085006714
1967,1,17,0.36374038457870483
1967,1,18,0.41470667719841003
1967,1,19,0.8252967000007629
1967,1,20,1.3207117319107056
1967,1,21,1.1408381462097168
1967,1,22,0.6686922311782837
1967,1,23,0.24872493743896484
1967,1,24,0.008341743610799313
1967,1,25,-0.6458935141563416
1967,1,26,-1.136553406715393
1967,1,27,-1.6368813514709473
1967,1,28,-2.0670039653778076
1967,1,29,-2.2251651287078857
1967,1,30,-1.903095006942749
1967,1,31,-1.136987566947937
1967,2,1,-0.4185551404953003
1967,2,2,0.2822883129119873
1967,2,3,0.9650397896766663
1967,2,4,1.0207468271255493
1967,2,5,-0.002804412040859461
1967,2,6,-0.856386125087738
1967,2,7,-0.7854133248329163
1967,2,8,-0.18349425494670868
1967,2,9,0.7224233746528625
1967,2,10,0.7563088536262512
1967,2,11,0.42079606652259827
1967,2,12,0.7042876482009888
1967,2,13,0.7159891128540039
1967,2,14,0.7890912890434265
1967,2,15,1.18145751953125
1967,2,16,1.785558819770813
1967,2,17,2.1726303100585938
1967,2,18,2.5732178688049316
1967,2,19,2.5440495014190674
1967,2,20,2.8805532455444336
1967,2,21,2.6070640087127686
1967,2,22,1.5875434875488281
1967,2,23,1.4190460443496704
1967,2,24,0.3741115927696228
1967,2,25,0.2820165455341339
1967,2,26,1.1618082523345947
1967,2,27,2.8583602905273438
1967,2,28,4.30565881729126
1967,3,1,3.9894633293151855
1967,3,2,3.1157901287078857
1967,3,3,2.5231192111968994
1967,3,4,2.368833065032959
1967,3,5,2.599512815475464
1967,3,6,2.552551031112671
1967,3,7,2.7250077724456787
1967,3,8,3.135828733444214
1967,3,9,3.308687210083008
1967,3,10,3.0477890968322754
1967,3,11,3.067898750305176
1967,3,12,3.0730392932891846
1967,3,13,2.117111921310425
1967,3,14,1.6001276969909668
1967,3,15,1.7334496974945068
1967,3,16,1.961045742034912
1967,3,17,2.242128610610962
1967,3,18,2.471426010131836
1967,3,19,2.3676371574401855
1967,3,20,2.316925525665283
1967,3,21,2.5365073680877686
1967,3,22,2.195913791656494
1967,3,23,1.6371121406555176
1967,3,24,1.0604357719421387
1967,3,25,0.3971136510372162
1967,3,26,-0.0654865950345993
1967,3,27,0.17590361833572388
1967,3,28,0.06140739843249321
1967,3,29,-0.5349971652030945
1967,3,30,-0.7218815088272095
1967,3,31,-0.26150453090667725
1967,4,1,0.5419070720672607
1967,4,2,0.829375147819519
1967,4,3,0.5770010352134705
1967,4,4,-0.009094296023249626
1967,4,5,-0.4281241297721863
1967,4,6,-0.48484236001968384
1967,4,7,-0.13970640301704407
1967,4,8,0.23088203370571136
1967,4,9,0.5140823125839233
1967,4,10,1.0489877462387085
1967,4,11,1.6026448011398315
1967,4,12,2.0284423828125
1967,4,13,2.375258207321167
1967,4,14,2.223616123199463
1967,4,15,1.9767098426818848
1967,4,16,1.81683349609375
1967,4,17,2.1032509803771973
1967,4,18,2.378342390060425
1967,4,19,2.995419502258301
1967,4,20,3.0274908542633057
1967,4,21,2.6899795532226562
1967,4,22,2.8061466217041016
1967,4,23,2.9912095069885254
1967,4,24,3.2295141220092773
1967,4,25,2.9455809593200684
1967,4,26,2.4720845222473145
1967,4,27,2.227790594100952
1967,4,28,1.7688862085342407
1967,4,29,1.569518804550171
1967,4,30,1.2633367776870728
1967,5,1,1.190641164779663
1967,5,2,1.8022429943084717
1967,5,3,1.607736587524414
1967,5,4,0.6635552644729614
1967,5,5,0.6313416361808777
1967,5,6,1.135015606880188
1967,5,7,1.0981155633926392
1967,5,8,0.8048000931739807
1967,5,9,0.11344316601753235
1967,5,10,-0.3148232400417328
1967,5,11,-0.4817206859588623
1967,5,12,-0.19099721312522888
1967,5,13,0.04594207927584648
1967,5,14,0.16306138038635254
1967,5,15,0.40574026107788086
1967,5,16,0.6251512169837952
1967,5,17,1.039799690246582
1967,5,18,1.594533085823059
1967,5,19,1.758901834487915
1967,5,20,1.5191930532455444
1967,5,21,0.7185889482498169
1967,5,22,0.35191643238067627
1967,5,23,-0.0021482007578015327
1967,5,24,-0.6278780698776245
1967,5,25,-1.2938282489776611
1967,5,26,-1.586167335510254
1967,5,27,-1.6373602151870728
1967,5,28,-1.7430932521820068
1967,5,29,-1.8062150478363037
1967,5,30,-1.9048367738723755
1967,5,31,-1.901412844657898
1967,6,1,-1.4840526580810547
1967,6,2,-0.605273425579071
1967,6,3,0.10002341121435165
1967,6,4,0.7183936834335327
1967,6,5,1.0680010318756104
1967,6,6,1.2072674036026
1967,6,7,1.0679752826690674
1967,6,8,0.8964039087295532
1967,6,9,0.8002132177352905
1967,6,10,0.4019804000854492
1967,6,11,-0.13641192018985748
1967,6,12,-0.6148812174797058
1967,6,13,-0.672634482383728
1967,6,14,-0.27966272830963135
1967,6,15,0.2852201759815216
1967,6,16,0.5327183604240417
1967,6,17,0.7615336775779724
1967,6,18,1.152028203010559
1967,6,19,1.1503026485443115
1967,6,20,0.9612444043159485
1967,6,21,0.7355291843414307
1967,6,22,0.5104637145996094
1967,6,23,0.47445324063301086
1967,6,24,0.6118425726890564
1967,6,25,0.7629536986351013
1967,6,26,1.166334867477417
1967,6,27,1.590895175933838
1967,6,28,1.9735857248306274
1967,6,29,2.0530753135681152
1967,6,30,1.5151623487472534
1967,7,1,0.8931010365486145
1967,7,2,0.7762100100517273
1967,7,3,0.7302640080451965
1967,7,4,0.9369899034500122
1967,7,5,0.8492217659950256
1967,7,6,0.5950561165809631
1967,7,7,0.5037273168563843
1967,7,8,0.32253605127334595
1967,7,9,0.1619904786348343
1967,7,10,-0.21799242496490479
1967,7,11,-0.6046223640441895
1967,7,12,-0.6959215402603149
1967,7,13,-0.7891786098480225
1967,7,14,-0.789230465888977
1967,7,15,-0.3999103009700775
1967,7,16,0.006764228921383619
1967,7,17,-0.054490525275468826
1967,7,18,-0.2958802282810211
1967,7,19,-0.03749057650566101
1967,7,20,0.4448626935482025
1967,7,21,0.6912375688552856
1967,7,22,0.7979940176010132
1967,7,23,0.8578439950942993
1967,7,24,0.8345624804496765
1967,7,25,0.9929612874984741
1967,7,26,0.9699663519859314
1967,7,27,0.7037625312805176
1967,7,28,0.27550917863845825
1967,7,29,-0.22003702819347382
1967,7,30,-0.33442991971969604
1967,7,31,-0.15727616846561432
1967,8,1,-0.27257099747657776
1967,8,2,-0.7044240236282349
1967,8,3,-0.8676044940948486
1967,8,4,-0.6195390820503235
1967,8,5,-0.5714121460914612
1967,8,6,-0.8198754787445068
1967,8,7,-1.1162009239196777
1967,8,8,-1.3162343502044678
1967,8,9,-1.302213430404663
1967,8,10,-1.0699459314346313
1967,8,11,-0.618918776512146
1967,8,12,0.06665400415658951
1967,8,13,0.6478806138038635
1967,8,14,0.7150872349739075
1967,8,15,0.5232272148132324
1967,8,16,0.6908336281776428
1967,8,17,1.048156499862671
1967,8,18,1.1014102697372437
1967,8,19,0.9108237624168396
1967,8,20,0.5582064986228943
1967,8,21,0.06605182588100433
1967,8,22,-0.330746054649353
1967,8,23,-0.5577859282493591
1967,8,24,-0.3042760193347931
1967,8,25,-0.17046485841274261
1967,8,26,-0.29262062907218933
1967,8,27,-0.4745308756828308
1967,8,28,-0.8554855585098267
1967,8,29,-1.0830968618392944
1967,8,30,-1.0263147354125977
1967,8,31,-0.7177844643592834
1967,9,1,0.009851601906120777
1967,9,2,0.8716062307357788
1967,9,3,1.0249524116516113
1967,9,4,0.5850685834884644
1967,9,5,0.25230512022972107
1967,9,6,0.22690024971961975
1967,9,7,0.11958539485931396
1967,9,8,0.13009488582611084
1967,9,9,0.22245095670223236
1967,9,10,0.46866294741630554
1967,9,11,0.7775907516479492
1967,9,12,0.31720858812332153
1967,9,13,-0.20856690406799316
1967,9,14,-0.6189815998077393
1967,9,15,-0.8072556257247925
1967,9,16,-1.2339658737182617
1967,9,17,-1.8180391788482666
1967,9,18,-1.5658828020095825
1967,9,19,-0.6062602400779724
1967,9,20,-0.10563049465417862
1967,9,21,0.17977507412433624
1967,9,22,0.5851759314537048
1967,9,23,0.9399707913398743
1967,9,24,0.2807735502719879
1967,9,25,-0.26958003640174866
1967,9,26,-0.2964743375778198
1967,9,27,0.27640652656555176
1967,9,28,0.8838015794754028
1967,9,29,1.4166945219039917
1967,9,30,1.8047257661819458
1967,10,1,2.1682848930358887
1967,10,2,2.749859571456909
1967,10,3,2.6551527976989746
1967,10,4,1.5728164911270142
1967,10,5,1.2519071102142334
1967,10,6,1.564253807067871
1967,10,7,1.6648043394088745
1967,10,8,1.063464879989624
1967,10,9,1.030343770980835
1967,10,10,1.704252004623413
1967,10,11,1.9857397079467773
1967,10,12,2.0460546016693115
1967,10,13,2.1721253395080566
1967,10,14,2.0656118392944336
1967,10,15,1.6970150470733643
1967,10,16,1.7204763889312744
1967,10,17,1.5972459316253662
1967,10,18,0.9188358187675476
1967,10,19,0.4301617741584778
1967,10,20,0.11933427304029465
1967,10,21,0.8566178679466248
1967,10,22,2.1413416862487793
1967,10,23,2.0953409671783447
1967,10,24,1.3008167743682861
1967,10,25,0.8604314923286438
1967,10,26,0.7424228191375732
1967,10,27,0.5820043087005615
1967,10,28,0.06500682234764099
1967,10,29,-0.2487771064043045
1967,10,30,-0.713044285774231
1967,10,31,-1.0391252040863037
1967,11,1,-1.6435693502426147
1967,11,2,-1.9411770105361938
1967,11,3,-1.7038215398788452
1967,11,4,-1.826450228691101
1967,11,5,-1.863744854927063
1967,11,6,-2.142359972000122
1967,11,7,-1.5659339427947998
1967,11,8,-0.6881537437438965
1967,11,9,-0.12247111648321152
1967,11,10,0.5909389853477478
1967,11,11,0.7978388667106628
1967,11,12,0.3445332944393158
1967,11,13,-0.3638836741447449
1967,11,14,-1.0198140144348145
1967,11,15,-0.29218780994415283
1967,11,16,1.057120680809021
1967,11,17,1.3124604225158691
1967,11,18,1.3977853059768677
1967,11,19,1.0256677865982056
1967,11,20,0.3272415101528168
1967,11,21,1.3269374370574951
1967,11,22,2.1499805450439453
1967,11,23,2.431743860244751
1967,11,24,1.692085862159729
1967,11,25,0.9642866253852844
1967,11,26,1.0849913358688354
1967,11,27,1.7490274906158447
1967,11,28,2.5426714420318604
1967,11,29,2.2141940593719482
1967,11,30,1.8118385076522827
1967,12,1,0.9552006125450134
1967,12,2,0.7038088440895081
1967,12,3,0.953144371509552
1967,12,4,0.4398186206817627
1967,12,5,-0.7655521035194397
1967,12,6,-2.283360481262207
1967,12,7,-2.703392505645752
1967,12,8,-2.197650671005249
1967,12,9,-1.2733709812164307
1967,12,10,-0.21269255876541138
1967,12,11,0.11396115273237228
1967,12,12,-0.9779756665229797
1967,12,13,-1.4052934646606445
1967,12,14,-0.4919758439064026
1967,12,15,-0.1384011209011078
1967,12,16,-0.17411406338214874
1967,12,17,-0.5994541049003601
1967,12,18,-0.9839489459991455
1967,12,19,-1.331062912940979
1967,12,20,-1.8661662340164185
1967,12,21,-1.3689920902252197
1967,12,22,0.008028415963053703
1967,12,23,1.660136342048645
1967,12,24,1.8522350788116455
1967,12,25,0.624954879283905
1967,12,26,-0.218344584107399
1967,12,27,-0.14833521842956543
1967,12,28,0.31823375821113586
1967,12,29,0.23584555089473724
1967,12,30,0.42093878984451294
1967,12,31,0.4785090386867523
1968,1,1,-0.32559552788734436
1968,1,2,-0.5500811338424683
1968,1,3,-0.22741888463497162
1968,1,4,-0.17374791204929352
1968,1,5,-0.21876828372478485
1968,1,6,-0.40343979001045227
1968,1,7,-0.7222983837127686
1968,1,8,-1.1502306461334229
1968,1,9,-1.8197169303894043
1968,1,10,-1.816421389579773
1968,1,11,-1.7613449096679688
1968,1,12,-1.8576923608779907
1968,1,13,-0.6649706363677979
1968,1,14,0.6928536295890808
1968,1,15,0.7087371945381165
1968,1,16,0.019316455349326134
1968,1,17,0.13421228528022766
1968,1,18,0.30593445897102356
1968,1,19,0.11398950219154358
1968,1,20,-0.07491561770439148
1968,1,21,-0.27230599522590637
1968,1,22,-0.732061505317688
1968,1,23,-0.324370801448822
1968,1,24,0.43030649423599243
1968,1,25,-0.15210190415382385
1968,1,26,-0.24125374853610992
1968,1,27,-0.07661084830760956
1968,1,28,0.37348997592926025
1968,1,29,0.1659967601299286
1968,1,30,-0.5432639718055725
1968,1,31,-1.0610395669937134
1968,2,1,-1.2513384819030762
1968,2,2,-1.6003735065460205
1968,2,3,-1.6935352087020874
1968,2,4,-1.9612246751785278
1968,2,5,-2.8907957077026367
1968,2,6,-3.401880979537964
1968,2,7,-3.4896771907806396
1968,2,8,-2.968510627746582
1968,2,9,-2.550452470779419
1968,2,10,-2.868799924850464
1968,2,11,-3.1266567707061768
1968,2,12,-2.9786570072174072
1968,2,13,-2.630162239074707
1968,2,14,-2.471071481704712
1968,2,15,-2.9112601280212402
1968,2,16,-3.1123931407928467
1968,2,17,-3.118117094039917
1968,2,18,-3.1216845512390137
1968,2,19,-3.1007578372955322
1968,2,20,-3.3453142642974854
1968,2,21,-3.2165157794952393
1968,2,22,-2.8281378746032715
1968,2,23,-1.768648624420166
1968,2,24,-0.8945328593254089
1968,2,25,-0.4073604345321655
1968,2,26,-0.1834840625524521
1968,2,27,0.6250405311584473
1968,2,28,1.462721824645996
1968,2,29,1.5656648874282837
1968,3,1,1.0030335187911987
1968,3,2,0.9317774176597595
1968,3,3,1.1914135217666626
1968,3,4,1.7496527433395386
1968,3,5,0.8627709746360779
1968,3,6,-0.09339762479066849
1968,3,7,-0.29023799300193787
1968,3,8,-0.26320651173591614
1968,3,9,-0.09756476432085037
1968,3,10,0.16275916993618011
1968,3,11,0.4627389907836914
1968,3,12,1.2158926725387573
1968,3,13,2.5064892768859863
1968,3,14,3.2690532207489014
1968,3,15,4.114681243896484
1968,3,16,4.916886329650879
1968,3,17,4.299520015716553
1968,3,18,3.435234546661377
1968,3,19,2.7268056869506836
1968,3,20,1.8170911073684692
1968,3,21,1.0965145826339722
1968,3,22,1.1917004585266113
1968,3,23,1.5395374298095703
1968,3,24,1.7318122386932373
1968,3,25,1.8382227420806885
1968,3,26,2.9298906326293945
1968,3,27,3.4539496898651123
1968,3,28,2.6960227489471436
1968,3,29,1.4080665111541748
1968,3,30,0.3594510853290558
1968,3,31,-0.12496992945671082
1968,4,1,-0.909599244594574
1968,4,2,-1.6620211601257324
1968,4,3,-1.4030407667160034
1968,4,4,-0.20322223007678986
1968,4,5,0.8831914663314819
1968,4,6,1.276091456413269
1968,4,7,1.349511981010437
1968,4,8,1.6352607011795044
1968,4,9,1.5935827493667603
1968,4,10,1.2982676029205322
1968,4,11,1.224940538406372
1968,4,12,1.3974621295928955
1968,4,13,1.4494612216949463
1968,4,14,1.2417815923690796
1968,4,15,0.7934498190879822
1968,4,16,-0.12989109754562378
1968,4,17,0.25417011976242065
1968,4,18,0.8470548987388611
1968,4,19,0.4485475718975067
1968,4,20,-0.19597940146923065
1968,4,21,-1.0111385583877563
1968,4,22,-1.6149334907531738
1968,4,23,-1.5122895240783691
1968,4,24,-0.2756839394569397
1968,4,25,0.905320405960083
1968,4,26,1.3764524459838867
1968,4,27,0.8976081609725952
1968,4,28,0.2239154577255249
1968,4,29,-0.15240144729614258
1968,4,30,-0.5480859875679016
1968,5,1,-1.0819780826568604
1968,5,2,-1.5073081254959106
1968,5,3,-1.4136486053466797
1968,5,4,-0.8598490357398987
1968,5,5,-0.08924297243356705
1968,5,6,0.8975218534469604
1968,5,7,1.646246314048767
1968,5,8,1.7600430250167847
1968,5,9,1.711397647857666
1968,5,10,1.3389055728912354
1968,5,11,0.8694198727607727
1968,5,12,0.3299080431461334
1968,5,13,-0.36309486627578735
1968,5,14,-0.9100368022918701
1968,5,15,-1.4452903270721436
1968,5,16,-1.6537888050079346
1968,5,17,-1.793324589729309
1968,5,18,-1.8342814445495605
1968,5,19,-1.4689821004867554
1968,5,20,-1.059340238571167
1968,5,21,-0.483066588640213
1968,5,22,0.0584699809551239
1968,5,23,0.1290518045425415
1968,5,24,0.08375083655118942
1968,5,25,-0.0361122190952301
1968,5,26,-0.21010802686214447
1968,5,27,-0.3669910430908203
1968,5,28,-0.18991079926490784
1968,5,29,0.12549889087677002
1968,5,30,0.43389126658439636
1968,5,31,0.18514364957809448
1968,6,1,-0.04537685588002205
1968,6,2,-0.12483727931976318
1968,6,3,0.014956816099584103
1968,6,4,0.46226954460144043
1968,6,5,0.8529708385467529
1968,6,6,0.8591354489326477
1968,6,7,0.6684666275978088
1968,6,8,0.8521747589111328
1968,6,9,1.1054470539093018
1968,6,10,0.723511278629303
1968,6,11,0.3900962769985199
1968,6,12,0.40073180198669434
1968,6,13,0.652529239654541
1968,6,14,0.8854801654815674
1968,6,15,0.7810320258140564
1968,6,16,0.573836624622345
1968,6,17,0.7277675271034241
1968,6,18,0.689044177532196
1968,6,19,0.4529283940792084
1968,6,20,0.2035025656223297
1968,6,21,0.1552838832139969
1968,6,22,-0.06528802961111069
1968,6,23,-0.27809274196624756
1968,6,24,-0.3402457535266876
1968,6,25,-0.14407548308372498
1968,6,26,0.24112215638160706
1968,6,27,0.40527549386024475
1968,6,28,0.46552950143814087
1968,6,29,0.3542814552783966
1968,6,30,0.21948052942752838
1968,7,1,-0.28743675351142883
1968,7,2,-0.8804797530174255
1968,7,3,-0.934467077255249
1968,7,4,-0.9302086234092712
1968,7,5,-1.052622675895691
1968,7,6,-1.3558682203292847
1968,7,7,-1.5219182968139648
1968,7,8,-1.3166978359222412
1968,7,9,-1.0049208402633667
1968,7,10,-0.6173862814903259
1968,7,11,-0.17866072058677673
1968,7,12,0.29480016231536865
1968,7,13,0.3648349940776825
1968,7,14,-0.02955869771540165
1968,7,15,-0.18503236770629883
1968,7,16,-0.5572333335876465
1968,7,17,-0.9992868900299072
1968,7,18,-1.093123435974121
1968,7,19,-1.0133774280548096
1968,7,20,-1.1520026922225952
1968,7,21,-1.1481646299362183
1968,7,22,-0.8484518527984619
1968,7,23,-0.8101513385772705
1968,7,24,-0.8566155433654785
1968,7,25,-0.9450861215591431
1968,7,26,-1.0906037092208862
1968,7,27,-1.2160807847976685
1968,7,28,-1.213883399963379
1968,7,29,-1.3150006532669067
1968,7,30,-0.9051777124404907
1968,7,31,-0.2008323222398758
1968,8,1,0.2511833608150482
1968,8,2,0.436127245426178
1968,8,3,0.2557212710380554
1968,8,4,-0.27972641587257385
1968,8,5,-0.6875709891319275
1968,8,6,-0.8232001066207886
1968,8,7,-0.7045009732246399
1968,8,8,-0.5740372538566589
1968,8,9,-0.5153151750564575
1968,8,10,-0.6059061288833618
1968,8,11,-0.49271225929260254
1968,8,12,-0.3136439323425293
1968,8,13,-0.1987350583076477
1968,8,14,-0.2412959337234497
1968,8,15,-0.4182296395301819
1968,8,16,-0.6482123732566833
1968,8,17,-0.8327258229255676
1968,8,18,-1.0322716236114502
1968,8,19,-1.2299658060073853
1968,8,20,-1.0604705810546875
1968,8,21,-0.8996530771255493
1968,8,22,-1.0587698221206665
1968,8,23,-1.4862273931503296
1968,8,24,-1.741268277168274
1968,8,25,-1.586435079574585
1968,8,26,-1.5292526483535767
1968,8,27,-1.438792109489441
1968,8,28,-0.9383946657180786
1968,8,29,0.023093806579709053
1968,8,30,0.4140225946903229
1968,8,31,-0.09594663232564926
1968,9,1,-0.6826279759407043
1968,9,2,-1.1426204442977905
1968,9,3,-1.3961626291275024
1968,9,4,-1.681543231010437
1968,9,5,-1.74239981174469
1968,9,6,-1.5062319040298462
1968,9,7,-1.5847859382629395
1968,9,8,-1.749193549156189
1968,9,9,-1.9301611185073853
1968,9,10,-2.0666983127593994
1968,9,11,-2.237872362136841
1968,9,12,-2.280686140060425
1968,9,13,-2.1263022422790527
1968,9,14,-2.0237979888916016
1968,9,15,-1.4567203521728516
1968,9,16,-0.8083623051643372
1968,9,17,-0.3763605058193207
1968,9,18,-0.3734995722770691
1968,9,19,-0.32766497135162354
1968,9,20,-0.13773220777511597
1968,9,21,-0.432751327753067
1968,9,22,-0.8213149309158325
1968,9,23,-0.9875609874725342
1968,9,24,-1.0193356275558472
1968,9,25,-0.8410403728485107
1968,9,26,-0.8156260848045349
1968,9,27,-0.0818236917257309
1968,9,28,1.0466675758361816
1968,9,29,1.5117400884628296
1968,9,30,0.8778959512710571
1968,10,1,-0.02790014073252678
1968,10,2,-0.7194240093231201
1968,10,3,-1.1867140531539917
1968,10,4,-1.2763073444366455
1968,10,5,-1.0882126092910767
1968,10,6,-1.2669860124588013
1968,10,7,-1.947562336921692
1968,10,8,-2.3130369186401367
1968,10,9,-1.926119327545166
1968,10,10,-1.5415639877319336
1968,10,11,-0.9794937372207642
1968,10,12,-0.12283118069171906
1968,10,13,0.4104287922382355
1968,10,14,0.4100223779678345
1968,10,15,0.2726837992668152
1968,10,16,-0.18653416633605957
1968,10,17,-0.8734560608863831
1968,10,18,-0.9162373542785645
1968,10,19,-0.3549911379814148
1968,10,20,0.10824605077505112
1968,10,21,-0.06975964456796646
1968,10,22,-0.8017050623893738
1968,10,23,-1.1967719793319702
1968,10,24,-1.265502691268921
1968,10,25,-1.4925501346588135
1968,10,26,-1.8210082054138184
1968,10,27,-1.9789329767227173
1968,10,28,-1.5296238660812378
1968,10,29,-1.1525547504425049
1968,10,30,-1.3798598051071167
1968,10,31,-2.080441474914551
1968,11,1,-2.715672254562378
1968,11,2,-3.1922101974487305
1968,11,3,-3.255385398864746
1968,11,4,-3.560925006866455
1968,11,5,-3.9731059074401855
1968,11,6,-4.160242080688477
1968,11,7,-3.91976261138916
1968,11,8,-2.6467456817626953
1968,11,9,-1.7318207025527954
1968,11,10,-1.8866652250289917
1968,11,11,-2.0417592525482178
1968,11,12,-2.199472188949585
1968,11,13,-2.6186583042144775
1968,11,14,-3.6947879791259766
1968,11,15,-4.200677871704102
1968,11,16,-3.740762948989868
1968,11,17,-3.190441846847534
1968,11,18,-2.957489013671875
1968,11,19,-2.725153923034668
1968,11,20,-2.508175849914551
1968,11,21,-1.6445813179016113
1968,11,22,-0.21348769962787628
1968,11,23,0.8035795092582703
1968,11,24,0.833326518535614
1968,11,25,0.07997652888298035
1968,11,26,-0.37051597237586975
1968,11,27,-0.7674166560173035
1968,11,28,-0.7496391534805298
1968,11,29,-0.42280712723731995
1968,11,30,0.2193460613489151
1968,12,1,0.5287191271781921
1968,12,2,1.2280170917510986
1968,12,3,1.738088846206665
1968,12,4,1.4360849857330322
1968,12,5,0.0604562945663929
1968,12,6,-0.9239844083786011
1968,12,7,-0.7200526595115662
1968,12,8,0.11006288975477219
1968,12,9,0.5229403376579285
1968,12,10,1.1192638874053955
1968,12,11,2.4681882858276367
1968,12,12,3.0424442291259766
1968,12,13,2.9261434078216553
1968,12,14,1.9900987148284912
1968,12,15,0.6349745988845825
1968,12,16,-0.2793654203414917
1968,12,17,-1.262898564338684
1968,12,18,-1.6715118885040283
1968,12,19,-1.168857455253601
1968,12,20,-0.8237588405609131
1968,12,21,-1.4438035488128662
1968,12,22,-1.8738421201705933
1968,12,23,-1.7056277990341187
1968,12,24,-2.1633286476135254
1968,12,25,-3.5767784118652344
1968,12,26,-4.418667793273926
1968,12,27,-4.546739101409912
1968,12,28,-4.524483680725098
1968,12,29,-4.458678722381592
1968,12,30,-3.3190557956695557
1968,12,31,-2.3417582511901855
1969,1,1,-2.3425588607788086
1969,1,2,-3.0423827171325684
1969,1,3,-3.544394016265869
1969,1,4,-3.456437349319458
1969,1,5,-3.3108716011047363
1969,1,6,-2.6829545497894287
1969,1,7,-2.3464834690093994
1969,1,8,-3.1324548721313477
1969,1,9,-4.438430309295654
1969,1,10,-4.785376071929932
1969,1,11,-4.498085021972656
1969,1,12,-4.266221523284912
1969,1,13,-4.512953758239746
1969,1,14,-4.560543060302734
1969,1,15,-4.365774154663086
1969,1,16,-4.230876922607422
1969,1,17,-4.033766269683838
1969,1,18,-3.976440191268921
1969,1,19,-4.291906356811523
1969,1,20,-4.25404167175293
1969,1,21,-3.7215378284454346
1969,1,22,-2.8350741863250732
1969,1,23,-2.465013265609741
1969,1,24,-2.1753602027893066
1969,1,25,-1.631896734237671
1969,1,26,-1.2639864683151245
1969,1,27,-0.6978168487548828
1969,1,28,-0.15203739702701569
1969,1,29,0.39823952317237854
1969,1,30,0.7275084257125854
1969,1,31,1.1672981977462769
1969,2,1,0.6598400473594666
1969,2,2,0.1349225491285324
1969,2,3,-0.14768733084201813
1969,2,4,-0.8967629671096802
1969,2,5,-1.8803727626800537
1969,2,6,-2.7230684757232666
1969,2,7,-3.3417792320251465
1969,2,8,-3.4483964443206787
1969,2,9,-3.1480541229248047
1969,2,10,-3.080687999725342
1969,2,11,-3.80918025970459
1969,2,12,-4.920933723449707
1969,2,13,-5.2818522453308105
1969,2,14,-5.074016571044922
1969,2,15,-5.102453708648682
1969,2,16,-5.064086437225342
1969,2,17,-4.964872360229492
1969,2,18,-4.813016891479492
1969,2,19,-4.6029372215271
1969,2,20,-3.5640947818756104
1969,2,21,-2.4329605102539062
1969,2,22,-2.0025622844696045
1969,2,23,-2.2590737342834473
1969,2,24,-2.7280848026275635
1969,2,25,-2.7147161960601807
1969,2,26,-2.694329261779785
1969,2,27,-2.373713493347168
1969,2,28,-1.8058115243911743
1969,3,1,-1.784964919090271
1969,3,2,-2.017481565475464
1969,3,3,-1.9821202754974365
1969,3,4,-2.1011312007904053
1969,3,5,-2.2687723636627197
1969,3,6,-2.352463960647583
1969,3,7,-2.181715726852417
1969,3,8,-2.0356192588806152
1969,3,9,-1.886824369430542
1969,3,10,-1.0610628128051758
1969,3,11,-0.7889779210090637
1969,3,12,-0.7536875009536743
1969,3,13,-0.9302775859832764
1969,3,14,-1.1398544311523438
1969,3,15,-1.3732885122299194
1969,3,16,-1.7639923095703125
1969,3,17,-2.3550374507904053
1969,3,18,-2.853965997695923
1969,3,19,-3.469085216522217
1969,3,20,-3.4070515632629395
1969,3,21,-2.426353931427002
1969,3,22,-1.8845045566558838
1969,3,23,-1.7477729320526123
1969,3,24,-2.0538272857666016
1969,3,25,-1.861721396446228
1969,3,26,-1.3854995965957642
1969,3,27,-0.9766933917999268
1969,3,28,-0.15361030399799347
1969,3,29,0.9654039144515991
1969,3,30,1.501623511314392
1969,3,31,1.223165512084961
1969,4,1,1.2975685596466064
1969,4,2,1.6886892318725586
1969,4,3,1.841607689857483
1969,4,4,1.6622092723846436
1969,4,5,1.2808908224105835
1969,4,6,0.6838628649711609
1969,4,7,0.5621554255485535
1969,4,8,1.1679222583770752
1969,4,9,1.5736210346221924
1969,4,10,1.8159197568893433
1969,4,11,1.7699838876724243
1969,4,12,1.2368547916412354
1969,4,13,1.1511878967285156
1969,4,14,1.1817500591278076
1969,4,15,0.5268909335136414
1969,4,16,-0.13488727807998657
1969,4,17,-0.4169574975967407
1969,4,18,-0.17965611815452576
1969,4,19,0.3684847056865692
1969,4,20,0.7871191501617432
1969,4,21,0.40929216146469116
1969,4,22,-0.024254199117422104
1969,4,23,-0.6604944467544556
1969,4,24,-0.7446064949035645
1969,4,25,-0.7918339967727661
1969,4,26,-1.0151779651641846
1969,4,27,-0.7225243449211121
1969,4,28,-0.7244383692741394
1969,4,29,-1.144860863685608
1969,4,30,-1.7633321285247803
1969,5,1,-2.0409743785858154
1969,5,2,-2.100627899169922
1969,5,3,-1.9304226636886597
1969,5,4,-1.6383841037750244
1969,5,5,-1.3090628385543823
1969,5,6,-1.1437369585037231
1969,5,7,-0.9030113816261292
1969,5,8,-0.5609309673309326
1969,5,9,-0.6988722681999207
1969,5,10,-1.2097148895263672
1969,5,11,-1.4196748733520508
1969,5,12,-1.017936110496521
1969,5,13,-0.4818185269832611
1969,5,14,0.3235549032688141
1969,5,15,0.4881283938884735
1969,5,16,0.3230323791503906
1969,5,17,-0.04748968407511711
1969,5,18,-0.04666471481323242
1969,5,19,0.3648444414138794
1969,5,20,0.1625252217054367
1969,5,21,0.12494270503520966
1969,5,22,0.27522164583206177
1969,5,23,0.26817795634269714
1969,5,24,-0.1926407516002655
1969,5,25,-0.9543851017951965
1969,5,26,-1.3694406747817993
1969,5,27,-1.3496332168579102
1969,5,28,-0.9311308860778809
1969,5,29,-0.7160471677780151
1969,5,30,-0.8283413648605347
1969,5,31,-0.9782369136810303
1969,6,1,-0.8073064088821411
1969,6,2,-0.43714040517807007
1969,6,3,-0.31040990352630615
1969,6,4,-0.13197892904281616
1969,6,5,-0.07940484583377838
1969,6,6,-0.01439767424017191
1969,6,7,-0.24949230253696442
1969,6,8,-0.5110110640525818
1969,6,9,-0.49984821677207947
1969,6,10,-0.3766489624977112
1969,6,11,-0.3513832688331604
1969,6,12,-0.1243748813867569
1969,6,13,0.059726569801568985
1969,6,14,-0.022289276123046875
1969,6,15,-0.2664490044116974
1969,6,16,-0.4176290035247803
1969,6,17,-0.33044102787971497
1969,6,18,-0.043655626475811005
1969,6,19,-0.3457716703414917
1969,6,20,-0.7855708003044128
1969,6,21,-1.1305638551712036
1969,6,22,-1.081736445426941
1969,6,23,-0.6789605617523193
1969,6,24,-0.2092347890138626
1969,6,25,-0.09830853343009949
1969,6,26,-0.43823185563087463
1969,6,27,-0.5334276556968689
1969,6,28,-0.24939978122711182
1969,6,29,-0.0252955574542284
1969,6,30,0.42480507493019104
1969,7,1,0.6116127371788025
1969,7,2,0.732459545135498
1969,7,3,0.8225873112678528
1969,7,4,0.7365580797195435
1969,7,5,0.667786717414856
1969,7,6,0.37547364830970764
1969,7,7,0.1305927187204361
1969,7,8,0.1394738256931305
1969,7,9,0.3838343024253845
1969,7,10,0.7121936082839966
1969,7,11,0.8155683279037476
1969,7,12,0.4164724051952362
1969,7,13,0.12394382804632187
1969,7,14,0.034957561641931534
1969,7,15,0.037357788532972336
1969,7,16,0.21467278897762299
1969,7,17,0.6659722924232483
1969,7,18,0.7066475749015808
1969,7,19,0.6250400543212891
1969,7,20,0.6026922464370728
1969,7,21,0.8161256909370422
1969,7,22,0.881757378578186
1969,7,23,0.5716330409049988
1969,7,24,0.4648497998714447
1969,7,25,0.5796560049057007
1969,7,26,0.47460758686065674
1969,7,27,-0.15675069391727448
1969,7,28,-0.3111559748649597
1969,7,29,-0.07320988923311234
1969,7,30,-0.1796986609697342
1969,7,31,-0.38352563977241516
1969,8,1,-0.8184043169021606
1969,8,2,-0.8814904093742371
1969,8,3,-0.7482688426971436
1969,8,4,-0.7214038372039795
1969,8,5,-0.5104183554649353
1969,8,6,-0.6554642915725708
1969,8,7,-0.7100833654403687
1969,8,8,-0.8801363110542297
1969,8,9,-0.9493587613105774
1969,8,10,-0.8679507374763489
1969,8,11,-0.6082921028137207
1969,8,12,-0.515899658203125
1969,8,13,-0.6963685154914856
1969,8,14,-0.9997845888137817
1969,8,15,-1.0336909294128418
1969,8,16,-0.9518209099769592
1969,8,17,-0.8129690885543823
1969,8,18,-0.6215640902519226
1969,8,19,-0.6268849968910217
1969,8,20,-0.9029850363731384
1969,8,21,-1.1572151184082031
1969,8,22,-0.8532211184501648
1969,8,23,-0.36723238229751587
1969,8,24,-0.08987079560756683
1969,8,25,-0.3841663897037506
1969,8,26,-0.7876017689704895
1969,8,27,-1.0879795551300049
1969,8,28,-1.0682090520858765
1969,8,29,-0.8342676758766174
1969,8,30,-0.5869667530059814
1969,8,31,-0.6455402374267578
1969,9,1,-0.6091932058334351
1969,9,2,-0.3739483058452606
1969,9,3,0.3319898545742035
1969,9,4,0.4254712760448456
1969,9,5,0.20661340653896332
1969,9,6,0.10255208611488342
1969,9,7,0.2421008050441742
1969,9,8,0.22741498053073883
1969,9,9,0.0883689746260643
1969,9,10,-0.04029529169201851
1969,9,11,0.25970765948295593
1969,9,12,0.9425544738769531
1969,9,13,0.5729119777679443
1969,9,14,-0.0863691046833992
1969,9,15,-0.49815475940704346
1969,9,16,-0.8455527424812317
1969,9,17,-1.0195307731628418
1969,9,18,-0.9994808435440063
1969,9,19,-0.36380887031555176
1969,9,20,0.45629575848579407
1969,9,21,0.9388772249221802
1969,9,22,0.8874510526657104
1969,9,23,0.5659935474395752
1969,9,24,0.4007827639579773
1969,9,25,0.06600562483072281
1969,9,26,-0.43715760111808777
1969,9,27,-0.8937082886695862
1969,9,28,-1.0954664945602417
1969,9,29,-1.085849642753601
1969,9,30,-0.7831423878669739
1969,10,1,-0.46445223689079285
1969,10,2,-0.5676045417785645
1969,10,3,-0.9138894081115723
1969,10,4,-1.2320423126220703
1969,10,5,-1.549324631690979
1969,10,6,-1.3555235862731934
1969,10,7,-0.04850555211305618
1969,10,8,0.8845638632774353
1969,10,9,1.475415587425232
1969,10,10,1.033732533454895
1969,10,11,0.49227985739707947
1969,10,12,0.1325342208147049
1969,10,13,-0.3052530884742737
1969,10,14,-0.4648094177246094
1969,10,15,-0.246909037232399
1969,10,16,0.0305524580180645
1969,10,17,-0.17696042358875275
1969,10,18,-0.41267210245132446
1969,10,19,-0.36352303624153137
1969,10,20,0.26821085810661316
1969,10,21,0.3217369019985199
1969,10,22,0.090261310338974
1969,10,23,0.48788702487945557
1969,10,24,1.288029670715332
1969,10,25,2.4027438163757324
1969,10,26,2.058306932449341
1969,10,27,0.8742917776107788
1969,10,28,0.09928051382303238
1969,10,29,0.07450908422470093
1969,10,30,-0.29716959595680237
1969,10,31,-0.7013556361198425
1969,11,1,-0.5550527572631836
1969,11,2,0.2815212905406952
1969,11,3,1.5735119581222534
1969,11,4,2.4534287452697754
1969,11,5,2.3916571140289307
1969,11,6,1.9524881839752197
1969,11,7,1.3332481384277344
1969,11,8,0.5397039651870728
1969,11,9,0.11061537265777588
1969,11,10,-0.08243124932050705
1969,11,11,-0.19991730153560638
1969,11,12,-0.13529688119888306
1969,11,13,0.0468415692448616
1969,11,14,0.49156850576400757
1969,11,15,0.37365812063217163
1969,11,16,0.31889453530311584
1969,11,17,0.7644936442375183
1969,11,18,0.7868165373802185
1969,11,19,0.4031364619731903
1969,11,20,-0.46860939264297485
1969,11,21,-1.0747425556182861
1969,11,22,-1.0953913927078247
1969,11,23,-0.9182924628257751
1969,11,24,-0.6445273756980896
1969,11,25,-0.8103700280189514
1969,11,26,-0.5003101825714111
1969,11,27,0.017140112817287445
1969,11,28,0.1175730898976326
1969,11,29,1.0456894636154175
1969,11,30,0.9054229259490967
1969,12,1,0.16222603619098663
1969,12,2,-0.6167518496513367
1969,12,3,-1.3245725631713867
1969,12,4,-1.592175841331482
1969,12,5,-1.9498547315597534
1969,12,6,-1.875163197517395
1969,12,7,-1.373777985572815
1969,12,8,-0.9292060136795044
1969,12,9,-0.4974529445171356
1969,12,10,-0.4828139841556549
1969,12,11,-0.787990927696228
1969,12,12,-0.9675517082214355
1969,12,13,-0.5394501090049744
1969,12,14,-0.8492789268493652
1969,12,15,-2.029775619506836
1969,12,16,-2.829771041870117
1969,12,17,-2.983020782470703
1969,12,18,-2.566065549850464
1969,12,19,-2.1240837574005127
1969,12,20,-2.6598498821258545
1969,12,21,-3.2588822841644287
1969,12,22,-3.0872743129730225
1969,12,23,-2.679617166519165
1969,12,24,-2.2130393981933594
1969,12,25,-1.3010101318359375
1969,12,26,-0.9708011746406555
1969,12,27,-1.0325753688812256
1969,12,28,-2.1349637508392334
1969,12,29,-3.5117459297180176
1969,12,30,-3.713953733444214
1969,12,31,-2.7610223293304443
1970,1,1,-2.028611183166504
1970,1,2,-2.347921133041382
1970,1,3,-2.8984124660491943
1970,1,4,-3.3838884830474854
1970,1,5,-3.558647871017456
1970,1,6,-3.7747817039489746
1970,1,7,-4.120022296905518
1970,1,8,-4.420501232147217
1970,1,9,-3.9572107791900635
1970,1,10,-3.607130289077759
1970,1,11,-3.551043748855591
1970,1,12,-3.9251370429992676
1970,1,13,-4.102232456207275
1970,1,14,-3.878889799118042
1970,1,15,-3.66329026222229
1970,1,16,-3.3206393718719482
1970,1,17,-2.9368040561676025
1970,1,18,-2.486041784286499
1970,1,19,-1.9101842641830444
1970,1,20,-0.9248101711273193
1970,1,21,-0.4392775595188141
1970,1,22,-0.6205113530158997
1970,1,23,-0.8842845559120178
1970,1,24,-0.5942258238792419
1970,1,25,-0.4671953618526459
1970,1,26,-0.7011275887489319
1970,1,27,-0.9230360984802246
1970,1,28,-0.9392554759979248
1970,1,29,-0.7071628570556641
1970,1,30,-0.6927326321601868
1970,1,31,-0.3629360496997833
1970,2,1,0.06779859215021133
1970,2,2,0.09467657655477524
1970,2,3,0.021282482892274857
1970,2,4,-0.4988062381744385
1970,2,5,-0.09000004827976227
1970,2,6,1.2763183116912842
1970,2,7,0.9414532780647278
1970,2,8,0.37952396273612976
1970,2,9,-0.42321643233299255
1970,2,10,-1.414372444152832
1970,2,11,-2.3904683589935303
1970,2,12,-3.296024799346924
1970,2,13,-4.013538360595703
1970,2,14,-3.5541532039642334
1970,2,15,-2.916424036026001
1970,2,16,-2.3725008964538574
1970,2,17,-1.7868863344192505
1970,2,18,-1.4482816457748413
1970,2,19,-1.6272168159484863
1970,2,20,-1.4600919485092163
1970,2,21,-1.146775245666504
1970,2,22,-0.7932114005088806
1970,2,23,-0.9497747421264648
1970,2,24,-1.6187444925308228
1970,2,25,-1.703118085861206
1970,2,26,-1.8094860315322876
1970,2,27,-1.842308521270752
1970,2,28,-1.41752290725708
1970,3,1,-1.890799641609192
1970,3,2,-3.2644240856170654
1970,3,3,-4.714194297790527
1970,3,4,-5.918200492858887
1970,3,5,-6.364555358886719
1970,3,6,-6.114381313323975
1970,3,7,-5.525080680847168
1970,3,8,-5.3202104568481445
1970,3,9,-5.518637657165527
1970,3,10,-5.115049839019775
1970,3,11,-4.663875579833984
1970,3,12,-4.551868438720703
1970,3,13,-4.027610778808594
1970,3,14,-3.3364744186401367
1970,3,15,-1.91248619556427
1970,3,16,-0.15510788559913635
1970,3,17,0.7510316371917725
1970,3,18,0.9596523642539978
1970,3,19,1.3602721691131592
1970,3,20,1.5251518487930298
1970,3,21,1.306450605392456
1970,3,22,0.9828951358795166
1970,3,23,0.806748628616333
1970,3,24,0.1909358948469162
1970,3,25,-0.28314486145973206
1970,3,26,-0.464789479970932
1970,3,27,-0.38583531975746155
1970,3,28,-0.25076767802238464
1970,3,29,-0.3322482705116272
1970,3,30,-0.3251594007015228
1970,3,31,0.2398354411125183
1970,4,1,0.6510840654373169
1970,4,2,0.2880293130874634
1970,4,3,-0.3509954810142517
1970,4,4,-0.587313711643219
1970,4,5,-1.1889479160308838
1970,4,6,-1.852421760559082
1970,4,7,-2.07499098777771
1970,4,8,-1.9772881269454956
1970,4,9,-1.636907935142517
1970,4,10,-0.9128903746604919
1970,4,11,-0.6284895539283752
1970,4,12,-0.6818423271179199
1970,4,13,-0.46397921442985535
1970,4,14,-0.014396099373698235
1970,4,15,0.5642243027687073
1970,4,16,1.6122801303863525
1970,4,17,2.2698686122894287
1970,4,18,1.9384269714355469
1970,4,19,1.0822573900222778
1970,4,20,0.6566187739372253
1970,4,21,1.1694920063018799
1970,4,22,1.8662364482879639
1970,4,23,2.1109132766723633
1970,4,24,2.135002851486206
1970,4,25,1.4720579385757446
1970,4,26,0.5536069273948669
1970,4,27,0.07613971084356308
1970,4,28,0.4283808767795563
1970,4,29,0.8784915208816528
1970,4,30,1.3534401655197144
1970,5,1,2.144137382507324
1970,5,2,2.1064867973327637
1970,5,3,1.3393487930297852
1970,5,4,0.4494267702102661
1970,5,5,0.16085942089557648
1970,5,6,-0.2814140021800995
1970,5,7,-0.8927652835845947
1970,5,8,-1.1936042308807373
1970,5,9,-1.4984017610549927
1970,5,10,-1.5091965198516846
1970,5,11,-1.5757958889007568
1970,5,12,-1.69819974899292
1970,5,13,-1.1899540424346924
1970,5,14,-0.5749483704566956
1970,5,15,0.0828915536403656
1970,5,16,0.6779075860977173
1970,5,17,1.3427355289459229
1970,5,18,2.0627331733703613
1970,5,19,2.647900342941284
1970,5,20,2.366798162460327
1970,5,21,1.768298864364624
1970,5,22,1.2736339569091797
1970,5,23,0.9120712280273438
1970,5,24,0.8007509708404541
1970,5,25,1.0277310609817505
1970,5,26,1.1876360177993774
1970,5,27,1.1297050714492798
1970,5,28,0.8154796361923218
1970,5,29,0.5674780607223511
1970,5,30,0.5525497794151306
1970,5,31,0.8573856353759766
1970,6,1,0.8505817651748657
1970,6,2,0.6123118996620178
1970,6,3,0.2809453308582306
1970,6,4,-0.17838343977928162
1970,6,5,-0.4800040125846863
1970,6,6,-0.23366723954677582
1970,6,7,-0.08368272334337234
1970,6,8,-0.16245228052139282
1970,6,9,0.04877260699868202
1970,6,10,0.3060862421989441
1970,6,11,0.4009089469909668
1970,6,12,0.34861281514167786
1970,6,13,0.8163178563117981
1970,6,14,1.6817731857299805
1970,6,15,1.7768017053604126
1970,6,16,1.3162537813186646
1970,6,17,0.8902021646499634
1970,6,18,1.143079161643982
1970,6,19,1.4704927206039429
1970,6,20,1.328583002090454
1970,6,21,1.1973507404327393
1970,6,22,1.265696406364441
1970,6,23,1.1907377243041992
1970,6,24,1.2610849142074585
1970,6,25,1.6771042346954346
1970,6,26,1.837918996810913
1970,6,27,1.7361609935760498
1970,6,28,1.2410353422164917
1970,6,29,1.0554296970367432
1970,6,30,0.7286479473114014
1970,7,1,0.45978689193725586
1970,7,2,0.5107614398002625
1970,7,3,0.6517218351364136
1970,7,4,0.9548224806785583
1970,7,5,1.179953694343567
1970,7,6,1.3381431102752686
1970,7,7,1.38495671749115
1970,7,8,0.9615362882614136
1970,7,9,0.8319453001022339
1970,7,10,0.8645225167274475
1970,7,11,0.8868027329444885
1970,7,12,0.8490776419639587
1970,7,13,0.8957129120826721
1970,7,14,0.7513994574546814
1970,7,15,0.5956814885139465
1970,7,16,0.4239065945148468
1970,7,17,-0.1480853110551834
1970,7,18,-0.5955314636230469
1970,7,19,-1.163299322128296
1970,7,20,-1.4213024377822876
1970,7,21,-1.0718482732772827
1970,7,22,-0.6383172273635864
1970,7,23,-0.73212069272995
1970,7,24,-0.8068973422050476
1970,7,25,-0.7534563541412354
1970,7,26,-0.6905340552330017
1970,7,27,-0.6675788760185242
1970,7,28,-0.4918082058429718
1970,7,29,-0.35666361451148987
1970,7,30,-0.04998966306447983
1970,7,31,0.18893273174762726
1970,8,1,-0.14638805389404297
1970,8,2,-0.41787219047546387
1970,8,3,-0.28057968616485596
1970,8,4,-0.5047003626823425
1970,8,5,-0.5356850028038025
1970,8,6,-0.13496963679790497
1970,8,7,0.17338667809963226
1970,8,8,0.42748352885246277
1970,8,9,0.07680770754814148
1970,8,10,-0.29499995708465576
1970,8,11,-0.10037267208099365
1970,8,12,-0.022556433454155922
1970,8,13,-0.21772442758083344
1970,8,14,-0.3585440516471863
1970,8,15,-0.12594547867774963
1970,8,16,0.01154724694788456
1970,8,17,-0.10931932181119919
1970,8,18,-0.7071847915649414
1970,8,19,-0.8068065643310547
1970,8,20,-0.5470393896102905
1970,8,21,-0.5933730602264404
1970,8,22,-0.8971792459487915
1970,8,23,-0.9773687124252319
1970,8,24,-0.8181278705596924
1970,8,25,-0.8155785799026489
1970,8,26,-0.6478437185287476
1970,8,27,-0.09630538523197174
1970,8,28,0.2829784154891968
1970,8,29,0.2795490324497223
1970,8,30,0.500701904296875
1970,8,31,0.5513712763786316
1970,9,1,0.5208492279052734
1970,9,2,0.48470616340637207
1970,9,3,0.6719069480895996
1970,9,4,1.0400751829147339
1970,9,5,0.9414636492729187
1970,9,6,0.39906731247901917
1970,9,7,0.333555668592453
1970,9,8,0.83737713098526
1970,9,9,0.8754814267158508
1970,9,10,0.8988689184188843
1970,9,11,0.5328638553619385
1970,9,12,0.1900607794523239
1970,9,13,0.29862838983535767
1970,9,14,0.11409884691238403
1970,9,15,-0.024619085714221
1970,9,16,0.00680932542309165
1970,9,17,0.18278366327285767
1970,9,18,0.19020883738994598
1970,9,19,-0.17174261808395386
1970,9,20,-0.729436993598938
1970,9,21,-1.2798893451690674
1970,9,22,-1.3220487833023071
1970,9,23,-1.3155038356781006
1970,9,24,-1.624299168586731
1970,9,25,-1.6460078954696655
1970,9,26,-1.2659772634506226
1970,9,27,-1.0027011632919312
1970,9,28,-0.3464887738227844
1970,9,29,1.0582494735717773
1970,9,30,2.006854772567749
1970,10,1,1.7062036991119385
1970,10,2,0.1624513417482376
1970,10,3,-1.0556997060775757
1970,10,4,-1.1932547092437744
1970,10,5,-1.4966011047363281
1970,10,6,-1.746047854423523
1970,10,7,-1.4557204246520996
1970,10,8,-0.651211678981781
1970,10,9,0.29558631777763367
1970,10,10,0.47957101464271545
1970,10,11,-0.3874683678150177
1970,10,12,-0.7024380564689636
1970,10,13,-0.3087654113769531
1970,10,14,0.18803517520427704
1970,10,15,0.5218636989593506
1970,10,16,0.8900505900382996
1970,10,17,1.119629144668579
1970,10,18,1.3255372047424316
1970,10,19,0.4503628611564636
1970,10,20,-0.23106913268566132
1970,10,21,-0.3324039578437805
1970,10,22,0.19457489252090454
1970,10,23,0.7787129878997803
1970,10,24,0.8721049427986145
1970,10,25,0.6025373935699463
1970,10,26,0.29895034432411194
1970,10,27,-0.0276141706854105
1970,10,28,0.273152619600296
1970,10,29,0.7979785799980164
1970,10,30,0.8849241137504578
1970,10,31,0.6783050894737244
1970,11,1,0.2997376620769501
1970,11,2,0.42383021116256714
1970,11,3,0.8310033679008484
1970,11,4,0.6645715832710266
1970,11,5,0.2956174612045288
1970,11,6,0.10844559222459793
1970,11,7,0.5495282411575317
1970,11,8,0.8110078573226929
1970,11,9,0.6906753182411194
1970,11,10,0.7293502688407898
1970,11,11,0.6122453808784485
1970,11,12,0.6062426567077637
1970,11,13,0.4020880460739136
1970,11,14,0.008663691580295563
1970,11,15,0.05213051289319992
1970,11,16,0.16228896379470825
1970,11,17,0.7850486636161804
1970,11,18,1.232446551322937
1970,11,19,0.7594769597053528
1970,11,20,-0.0701175257563591
1970,11,21,-0.7561635971069336
1970,11,22,-1.5550739765167236
1970,11,23,-1.8248746395111084
1970,11,24,-1.5362223386764526
1970,11,25,-0.3396487534046173
1970,11,26,0.661725640296936
1970,11,27,1.1327768564224243
1970,11,28,1.960352897644043
1970,11,29,2.0798094272613525
1970,11,30,1.1676443815231323
1970,12,1,0.6864914894104004
1970,12,2,0.8137416839599609
1970,12,3,1.047387957572937
1970,12,4,0.9358460903167725
1970,12,5,0.32677435874938965
1970,12,6,-0.25568655133247375
1970,12,7,0.1419602483510971
1970,12,8,0.5845297574996948
1970,12,9,0.4212878942489624
1970,12,10,-0.12689851224422455
1970,12,11,-0.5857831239700317
1970,12,12,-0.7851594090461731
1970,12,13,-0.8482082486152649
1970,12,14,0.032620351761579514
1970,12,15,0.7686187028884888
1970,12,16,1.0581282377243042
1970,12,17,0.8004292249679565
1970,12,18,0.5752195715904236
1970,12,19,0.31713998317718506
1970,12,20,-0.007779696490615606
1970,12,21,-0.6495630741119385
1970,12,22,-0.8813942670822144
1970,12,23,-1.4481652975082397
1970,12,24,-1.2651101350784302
1970,12,25,-1.047408103942871
1970,12,26,-1.5726007223129272
1970,12,27,-2.380913019180298
1970,12,28,-2.462552070617676
1970,12,29,-2.5302321910858154
1970,12,30,-2.0631165504455566
1970,12,31,-1.536073923110962
1971,1,1,-1.4925451278686523
1971,1,2,-1.8638664484024048
1971,1,3,-1.8209806680679321
1971,1,4,-0.9971776604652405
1971,1,5,-0.3649842441082001
1971,1,6,0.35992059111595154
1971,1,7,1.5930730104446411
1971,1,8,2.1367027759552
1971,1,9,1.9663169384002686
1971,1,10,1.8728978633880615
1971,1,11,0.2528340518474579
1971,1,12,-1.252366304397583
1971,1,13,-2.003842830657959
1971,1,14,-1.968510627746582
1971,1,15,-1.4656486511230469
1971,1,16,-0.6653885245323181
1971,1,17,-0.3285404443740845
1971,1,18,0.3426649570465088
1971,1,19,1.3013263940811157
1971,1,20,1.4550039768218994
1971,1,21,0.8129979968070984
1971,1,22,0.6139341592788696
1971,1,23,0.5895571112632751
1971,1,24,0.4713183343410492
1971,1,25,0.48256468772888184
1971,1,26,0.2796468734741211
1971,1,27,-0.11920201778411865
1971,1,28,-0.979408860206604
1971,1,29,-1.1003856658935547
1971,1,30,-1.269782543182373
1971,1,31,-1.7064368724822998
1971,2,1,-0.859734058380127
1971,2,2,0.485304594039917
1971,2,3,0.6620247960090637
1971,2,4,-0.9281465411186218
1971,2,5,-2.425828695297241
1971,2,6,-2.8211684226989746
1971,2,7,-2.690924644470215
1971,2,8,-2.0624217987060547
1971,2,9,-1.9417002201080322
1971,2,10,-1.678976058959961
1971,2,11,-0.7346929311752319
1971,2,12,0.4470207095146179
1971,2,13,0.9871839880943298
1971,2,14,0.8928804397583008
1971,2,15,-0.11537820100784302
1971,2,16,-0.6572840809822083
1971,2,17,-0.5923725366592407
1971,2,18,-0.8117595314979553
1971,2,19,-1.4937942028045654
1971,2,20,-1.5216584205627441
1971,2,21,-1.2936747074127197
1971,2,22,-0.8884823322296143
1971,2,23,-0.41402050852775574
1971,2,24,-0.5953038930892944
1971,2,25,-0.7438374161720276
1971,2,26,-0.9163032174110413
1971,2,27,-0.9237645268440247
1971,2,28,-1.2611016035079956
1971,3,1,-1.375476360321045
1971,3,2,-1.1760849952697754
1971,3,3,-1.0849521160125732
1971,3,4,-1.792303442955017
1971,3,5,-2.5015392303466797
1971,3,6,-2.4700539112091064
1971,3,7,-1.878896713256836
1971,3,8,-1.6092063188552856
1971,3,9,-1.30180025100708
1971,3,10,-0.16329236328601837
1971,3,11,0.7515281438827515
1971,3,12,0.808648407459259
1971,3,13,0.24275155365467072
1971,3,14,-0.5124507546424866
1971,3,15,-1.1778780221939087
1971,3,16,-1.4378591775894165
1971,3,17,-0.9675143957138062
1971,3,18,-1.5269798040390015
1971,3,19,-2.3226685523986816
1971,3,20,-2.6810543537139893
1971,3,21,-2.38922119140625
1971,3,22,-1.6449743509292603
1971,3,23,-0.3376232981681824
1971,3,24,0.6914306282997131
1971,3,25,0.37215349078178406
1971,3,26,-0.2355174869298935
1971,3,27,-0.4471183717250824
1971,3,28,-0.5694130659103394
1971,3,29,-1.1604530811309814
1971,3,30,-1.5406043529510498
1971,3,31,-1.172497272491455
1971,4,1,-1.301025390625
1971,4,2,-1.3186291456222534
1971,4,3,-0.5412295460700989
1971,4,4,-0.5392201542854309
1971,4,5,-0.6091546416282654
1971,4,6,-0.7253746390342712
1971,4,7,-0.27891987562179565
1971,4,8,-0.10642695426940918
1971,4,9,0.17935028672218323
1971,4,10,0.8924547433853149
1971,4,11,0.8520283699035645
1971,4,12,-0.040378909558057785
1971,4,13,-0.6618434190750122
1971,4,14,-0.15390866994857788
1971,4,15,0.33261510729789734
1971,4,16,0.18301400542259216
1971,4,17,-0.16469180583953857
1971,4,18,-0.5477355718612671
1971,4,19,-0.5839681029319763
1971,4,20,-0.9980111718177795
1971,4,21,-2.008033275604248
1971,4,22,-2.450354814529419
1971,4,23,-2.4856812953948975
1971,4,24,-2.2773563861846924
1971,4,25,-1.4476836919784546
1971,4,26,-0.14656630158424377
1971,4,27,0.33977025747299194
1971,4,28,0.09822558611631393
1971,4,29,-0.2094980925321579
1971,4,30,-0.16512376070022583
1971,5,1,0.1865236461162567
1971,5,2,0.7349718809127808
1971,5,3,1.2237308025360107
1971,5,4,1.5089222192764282
1971,5,5,1.2057583332061768
1971,5,6,1.2276071310043335
1971,5,7,1.5443941354751587
1971,5,8,1.3621453046798706
1971,5,9,1.1199710369110107
1971,5,10,1.577267050743103
1971,5,11,1.9844658374786377
1971,5,12,1.642772912979126
1971,5,13,0.8417761325836182
1971,5,14,0.43479451537132263
1971,5,15,0.3563896119594574
1971,5,16,0.25158238410949707
1971,5,17,0.3054715692996979
1971,5,18,0.4685042202472687
1971,5,19,0.4911274015903473
1971,5,20,0.7726804614067078
1971,5,21,0.789131760597229
1971,5,22,0.1188495084643364
1971,5,23,-0.7385958433151245
1971,5,24,-1.028973937034607
1971,5,25,-0.8666091561317444
1971,5,26,-0.22440606355667114
1971,5,27,0.5439051985740662
1971,5,28,0.9801700711250305
1971,5,29,1.0202031135559082
1971,5,30,0.48436886072158813
1971,5,31,-0.014037755317986012
1971,6,1,0.4160976707935333
1971,6,2,0.8758996725082397
1971,6,3,0.5741885304450989
1971,6,4,-0.03307362273335457
1971,6,5,-0.6173285841941833
1971,6,6,-0.989579975605011
1971,6,7,-1.4587215185165405
1971,6,8,-1.8543967008590698
1971,6,9,-2.0036981105804443
1971,6,10,-1.9196666479110718
1971,6,11,-1.7811598777770996
1971,6,12,-1.7116003036499023
1971,6,13,-1.8278166055679321
1971,6,14,-1.5725252628326416
1971,6,15,-0.8872810006141663
1971,6,16,-0.316511869430542
1971,6,17,0.28630131483078003
1971,6,18,0.5085288286209106
1971,6,19,0.2578795254230499
1971,6,20,-0.20691649615764618
1971,6,21,-0.7546539306640625
1971,6,22,-1.0999560356140137
1971,6,23,-0.9689790606498718
1971,6,24,-0.5604355931282043
1971,6,25,-0.2998943030834198
1971,6,26,-0.18692854046821594
1971,6,27,-0.14141930639743805
1971,6,28,-0.24797512590885162
1971,6,29,-0.3519934117794037
1971,6,30,-0.46449732780456543
1971,7,1,-0.3988153636455536
1971,7,2,-0.40482473373413086
1971,7,3,-0.4546707570552826
1971,7,4,-0.396868497133255
1971,7,5,-0.23786590993404388
1971,7,6,-0.22212550044059753
1971,7,7,-0.46639126539230347
1971,7,8,-0.5090832710266113
1971,7,9,-0.25682511925697327
1971,7,10,0.0677347406744957
1971,7,11,0.026067523285746574
1971,7,12,0.04616716504096985
1971,7,13,0.3239577114582062
1971,7,14,0.3122265934944153
1971,7,15,-0.37897974252700806
1971,7,16,-0.7854093909263611
1971,7,17,-0.6196706295013428
1971,7,18,-0.33095428347587585
1971,7,19,-0.5141829252243042
1971,7,20,-0.8292018175125122
1971,7,21,-1.1210060119628906
1971,7,22,-1.2916688919067383
1971,7,23,-1.2630449533462524
1971,7,24,-1.485116720199585
1971,7,25,-1.3072658777236938
1971,7,26,-0.9609054327011108
1971,7,27,-0.782270610332489
1971,7,28,-0.9118754267692566
1971,7,29,-0.7932981252670288
1971,7,30,-0.6965227127075195
1971,7,31,-0.6550918221473694
1971,8,1,-0.3491940200328827
1971,8,2,-0.2790483832359314
1971,8,3,-0.2134438008069992
1971,8,4,-0.17015370726585388
1971,8,5,0.26099491119384766
1971,8,6,0.5563474893569946
1971,8,7,0.9244458675384521
1971,8,8,1.4251447916030884
1971,8,9,1.5987823009490967
1971,8,10,1.4334995746612549
1971,8,11,1.1033880710601807
1971,8,12,0.6255159378051758
1971,8,13,0.3578835427761078
1971,8,14,0.43338751792907715
1971,8,15,0.8177588582038879
1971,8,16,1.3285642862319946
1971,8,17,1.436957836151123
1971,8,18,1.3779791593551636
1971,8,19,1.200993537902832
1971,8,20,0.8017215132713318
1971,8,21,0.31865113973617554
1971,8,22,0.21968483924865723
1971,8,23,0.5450366139411926
1971,8,24,0.9559563398361206
1971,8,25,1.324912667274475
1971,8,26,1.4387853145599365
1971,8,27,1.289286494255066
1971,8,28,0.9336754083633423
1971,8,29,0.7796634435653687
1971,8,30,0.8959031105041504
1971,8,31,1.065919280052185
1971,9,1,1.0565977096557617
1971,9,2,1.2516659498214722
1971,9,3,1.4675769805908203
1971,9,4,1.4962702989578247
1971,9,5,0.7775487303733826
1971,9,6,0.4824853241443634
1971,9,7,0.7268123030662537
1971,9,8,0.3532548248767853
1971,9,9,-0.666692316532135
1971,9,10,-1.3723493814468384
1971,9,11,-1.4955317974090576
1971,9,12,-0.9640641212463379
1971,9,13,-0.7888047099113464
1971,9,14,-0.9748530387878418
1971,9,15,-1.1333562135696411
1971,9,16,-0.950810432434082
1971,9,17,0.3870525658130646
1971,9,18,1.014894723892212
1971,9,19,1.0756889581680298
1971,9,20,1.0880109071731567
1971,9,21,0.5793983936309814
1971,9,22,0.31174004077911377
1971,9,23,0.5739853978157043
1971,9,24,0.69938063621521
1971,9,25,0.3347243666648865
1971,9,26,0.012507401406764984
1971,9,27,-0.3142102062702179
1971,9,28,-0.4206711947917938
1971,9,29,-0.2574244737625122
1971,9,30,0.08477962762117386
1971,10,1,0.0731140598654747
1971,10,2,-0.08318991959095001
1971,10,3,-0.2617192268371582
1971,10,4,-0.24750547111034393
1971,10,5,0.27514946460723877
1971,10,6,1.0792189836502075
1971,10,7,1.2500858306884766
1971,10,8,0.8181411623954773
1971,10,9,1.0378649234771729
1971,10,10,1.841229796409607
1971,10,11,1.9018394947052002
1971,10,12,1.5005037784576416
1971,10,13,1.7006218433380127
1971,10,14,1.2393420934677124
1971,10,15,0.8575000166893005
1971,10,16,1.3552050590515137
1971,10,17,2.0265557765960693
1971,10,18,2.0682973861694336
1971,10,19,1.5732783079147339
1971,10,20,1.4509782791137695
1971,10,21,1.718806505203247
1971,10,22,1.6900324821472168
1971,10,23,1.3303390741348267
1971,10,24,1.0203931331634521
1971,10,25,0.45883822441101074
1971,10,26,0.310703843832016
1971,10,27,0.22551597654819489
1971,10,28,0.8179138898849487
1971,10,29,1.8285017013549805
1971,10,30,2.2643978595733643
1971,10,31,2.2935640811920166
1971,11,1,2.1991169452667236
1971,11,2,2.0815184116363525
1971,11,3,1.6012166738510132
1971,11,4,1.2433027029037476
1971,11,5,0.8043820858001709
1971,11,6,0.6966618299484253
1971,11,7,0.843213677406311
1971,11,8,0.02643309161067009
1971,11,9,-0.3983807861804962
1971,11,10,-0.11790482699871063
1971,11,11,0.6655916571617126
1971,11,12,0.8237771391868591
1971,11,13,0.4333893954753876
1971,11,14,0.8398675918579102
1971,11,15,0.5678883194923401
1971,11,16,-0.18325869739055634
1971,11,17,-0.6451796293258667
1971,11,18,-0.15804961323738098
1971,11,19,0.8576133847236633
1971,11,20,1.3469213247299194
1971,11,21,0.7773500084877014
1971,11,22,0.22223341464996338
1971,11,23,-0.1979908049106598
1971,11,24,-0.3449878394603729
1971,11,25,-0.014327644370496273
1971,11,26,0.178679421544075
1971,11,27,0.09202951192855835
1971,11,28,-0.17391248047351837
1971,11,29,-0.6829013228416443
1971,11,30,-1.2693334817886353
1971,12,1,-1.3982043266296387
1971,12,2,-1.3009257316589355
1971,12,3,-0.673279345035553
1971,12,4,-0.1315700113773346
1971,12,5,0.0935630276799202
1971,12,6,0.16189266741275787
1971,12,7,0.36602866649627686
1971,12,8,1.3169682025909424
1971,12,9,1.6617491245269775
1971,12,10,0.7373558282852173
1971,12,11,0.1870879828929901
1971,12,12,0.26612624526023865
1971,12,13,1.1077386140823364
1971,12,14,1.5248745679855347
1971,12,15,1.6521588563919067
1971,12,16,1.5846081972122192
1971,12,17,1.3266023397445679
1971,12,18,2.3674607276916504
1971,12,19,3.6100149154663086
1971,12,20,3.8669867515563965
1971,12,21,3.1019020080566406
1971,12,22,1.3643708229064941
1971,12,23,0.5843167304992676
1971,12,24,1.0228400230407715
1971,12,25,0.9205474853515625
1971,12,26,0.27609050273895264
1971,12,27,0.5087458491325378
1971,12,28,-0.14330066740512848
1971,12,29,-0.8926247954368591
1971,12,30,-0.40611785650253296
1971,12,31,-0.035530298948287964
1972,1,1,-0.28570428490638733
1972,1,2,-1.0908546447753906
1972,1,3,-1.2155402898788452
1972,1,4,-0.47011318802833557
1972,1,5,-0.021094974130392075
1972,1,6,0.4192184805870056
1972,1,7,0.4695621430873871
1972,1,8,0.3672984540462494
1972,1,9,0.43393972516059875
1972,1,10,0.1693507432937622
1972,1,11,0.1563350409269333
1972,1,12,-0.07568768411874771
1972,1,13,-0.43385636806488037
1972,1,14,-0.8998227715492249
1972,1,15,0.5346957445144653
1972,1,16,1.0970220565795898
1972,1,17,-0.08668173849582672
1972,1,18,-0.04856175184249878
1972,1,19,0.484268456697464
1972,1,20,0.49823489785194397
1972,1,21,1.078905463218689
1972,1,22,1.601440191268921
1972,1,23,1.3558601140975952
1972,1,24,0.7225231528282166
1972,1,25,0.7275030612945557
1972,1,26,0.45772263407707214
1972,1,27,0.15939654409885406
1972,1,28,0.33997297286987305
1972,1,29,0.30504143238067627
1972,1,30,-0.49616312980651855
1972,1,31,-1.2795296907424927
1972,2,1,-1.5154861211776733
1972,2,2,-1.8955518007278442
1972,2,3,-2.3465676307678223
1972,2,4,-2.829843044281006
1972,2,5,-3.0997369289398193
1972,2,6,-2.5203733444213867
1972,2,7,-1.4207289218902588
1972,2,8,-0.2616400718688965
1972,2,9,0.7734670639038086
1972,2,10,1.6893723011016846
1972,2,11,1.2889293432235718
1972,2,12,0.7981096506118774
1972,2,13,0.1920384019613266
1972,2,14,-0.025454027578234673
1972,2,15,0.18926607072353363
1972,2,16,1.2180596590042114
1972,2,17,1.2360835075378418
1972,2,18,1.0680837631225586
1972,2,19,0.6790088415145874
1972,2,20,-0.03576105460524559
1972,2,21,-0.33614322543144226
1972,2,22,1.0439821481704712
1972,2,23,1.1334623098373413
1972,2,24,0.22560299932956696
1972,2,25,-0.24756363034248352
1972,2,26,-0.20972540974617004
1972,2,27,-0.2939009368419647
1972,2,28,0.0036188268568366766
1972,2,29,0.03091382049024105
1972,3,1,0.1865241974592209
1972,3,2,0.7050933241844177
1972,3,3,0.4225427508354187
1972,3,4,-0.2237061709165573
1972,3,5,-0.8372653722763062
1972,3,6,-1.8252118825912476
1972,3,7,-2.2885806560516357
1972,3,8,-1.6990329027175903
1972,3,9,-1.6245969533920288
1972,3,10,-0.8981346487998962
1972,3,11,0.2400936633348465
1972,3,12,1.1578660011291504
1972,3,13,0.9764248132705688
1972,3,14,0.4432620108127594
1972,3,15,0.14435330033302307
1972,3,16,-0.028174255043268204
1972,3,17,-0.40964892506599426
1972,3,18,-0.0516231469810009
1972,3,19,1.2261594533920288
1972,3,20,2.0070431232452393
1972,3,21,1.2783540487289429
1972,3,22,0.2863267958164215
1972,3,23,-0.5631560683250427
1972,3,24,-0.7095741629600525
1972,3,25,-0.06648198515176773
1972,3,26,0.26247602701187134
1972,3,27,-0.2961394786834717
1972,3,28,-0.8048929572105408
1972,3,29,-0.6492148637771606
1972,3,30,-0.5257775783538818
1972,3,31,-0.04449412599205971
1972,4,1,1.1199630498886108
1972,4,2,2.358302593231201
1972,4,3,3.0152292251586914
1972,4,4,2.6880791187286377
1972,4,5,1.7492122650146484
1972,4,6,0.8580366969108582
1972,4,7,0.9955745339393616
1972,4,8,1.4823025465011597
1972,4,9,2.122145414352417
1972,4,10,2.07707142829895
1972,4,11,1.296864628791809
1972,4,12,1.0658133029937744
1972,4,13,0.9365628957748413
1972,4,14,0.7148181200027466
1972,4,15,0.5554717779159546
1972,4,16,-0.058347467333078384
1972,4,17,-0.14994344115257263
1972,4,18,0.3225932717323303
1972,4,19,0.8612343668937683
1972,4,20,0.7389015555381775
1972,4,21,0.26245561242103577
1972,4,22,0.0669277086853981
1972,4,23,0.16172979772090912
1972,4,24,0.34033921360969543
1972,4,25,0.6637959480285645
1972,4,26,0.9066527485847473
1972,4,27,1.320831537246704
1972,4,28,1.1426352262496948
1972,4,29,0.024356089532375336
1972,4,30,-0.494250625371933
1972,5,1,-0.49064382910728455
1972,5,2,-0.4277694821357727
1972,5,3,-0.3854111135005951
1972,5,4,-0.5553955435752869
1972,5,5,-1.0068391561508179
1972,5,6,-1.1948267221450806
1972,5,7,-0.7498692274093628
1972,5,8,-0.6172313690185547
1972,5,9,-0.5437113642692566
1972,5,10,-0.3952834904193878
1972,5,11,-0.3172220289707184
1972,5,12,-0.5007324814796448
1972,5,13,-0.5357387065887451
1972,5,14,-0.05309264361858368
1972,5,15,0.4193160831928253
1972,5,16,0.7235473990440369
1972,5,17,0.33243584632873535
1972,5,18,-0.13489297032356262
1972,5,19,0.2347813993692398
1972,5,20,1.0075360536575317
1972,5,21,1.199341893196106
1972,5,22,0.953833281993866
1972,5,23,0.30871251225471497
1972,5,24,-0.1794346272945404
1972,5,25,0.22140568494796753
1972,5,26,0.6900343894958496
1972,5,27,1.099119782447815
1972,5,28,1.4893888235092163
1972,5,29,1.407435417175293
1972,5,30,1.1894378662109375
1972,5,31,1.0010918378829956
1972,6,1,0.9390871524810791
1972,6,2,0.6336949467658997
1972,6,3,0.037352416664361954
1972,6,4,-0.42959704995155334
1972,6,5,-0.4061890244483948
1972,6,6,-0.34963294863700867
1972,6,7,-0.40909668803215027
1972,6,8,-0.7561262249946594
1972,6,9,-1.078531265258789
1972,6,10,-0.9976953864097595
1972,6,11,-0.9356138110160828
1972,6,12,-0.9247882962226868
1972,6,13,-0.9155410528182983
1972,6,14,-0.8656964302062988
1972,6,15,-0.4367222487926483
1972,6,16,0.3921383023262024
1972,6,17,1.230209469795227
1972,6,18,1.4810808897018433
1972,6,19,1.4284605979919434
1972,6,20,0.8984848260879517
1972,6,21,0.29049912095069885
1972,6,22,0.031339358538389206
1972,6,23,0.08706053346395493
1972,6,24,0.29556673765182495
1972,6,25,0.1524985283613205
1972,6,26,-0.027155013754963875
1972,6,27,-0.27761930227279663
1972,6,28,-0.24556228518486023
1972,6,29,0.0649314895272255
1972,6,30,-0.3295964002609253
1972,7,1,-0.7686587572097778
1972,7,2,-0.785762369632721
1972,7,3,-0.45265910029411316
1972,7,4,-0.03406601771712303
1972,7,5,0.37575310468673706
1972,7,6,0.4311227798461914
1972,7,7,0.18893590569496155
1972,7,8,-0.11055998504161835
1972,7,9,-0.1874963492155075
1972,7,10,-0.2884460687637329
1972,7,11,-0.5711525082588196
1972,7,12,-0.7865223288536072
1972,7,13,-0.7011380791664124
1972,7,14,-0.5357775092124939
1972,7,15,-0.6380817294120789
1972,7,16,-0.7076464295387268
1972,7,17,-0.40646839141845703
1972,7,18,-0.22499223053455353
1972,7,19,-0.02543623000383377
1972,7,20,0.00036020975676365197
1972,7,21,-0.23258249461650848
1972,7,22,-0.4894828200340271
1972,7,23,-1.013818383216858
1972,7,24,-1.351711630821228
1972,7,25,-1.236660122871399
1972,7,26,-0.8922296762466431
1972,7,27,-0.7946345806121826
1972,7,28,-0.8247693777084351
1972,7,29,-0.9092360138893127
1972,7,30,-1.2237979173660278
1972,7,31,-1.3361538648605347
1972,8,1,-1.111318588256836
1972,8,2,-0.9731090068817139
1972,8,3,-0.6948539614677429
1972,8,4,-0.46609431505203247
1972,8,5,-0.26204368472099304
1972,8,6,-0.13889698684215546
1972,8,7,-0.037588607519865036
1972,8,8,-0.03594570234417915
1972,8,9,0.30885106325149536
1972,8,10,0.7622128129005432
1972,8,11,0.7073088884353638
1972,8,12,0.5327516794204712
1972,8,13,0.7725492715835571
1972,8,14,0.6026157736778259
1972,8,15,0.479868620634079
1972,8,16,0.6756373047828674
1972,8,17,0.5336573719978333
1972,8,18,0.16596771776676178
1972,8,19,-0.0470181442797184
1972,8,20,-0.3591149151325226
1972,8,21,-0.2986324429512024
1972,8,22,0.0542168989777565
1972,8,23,0.2504710555076599
1972,8,24,0.1475883573293686
1972,8,25,-0.04266456142067909
1972,8,26,-0.22740769386291504
1972,8,27,-0.2826090455055237
1972,8,28,-0.7017887830734253
1972,8,29,-1.1121057271957397
1972,8,30,-0.9948137998580933
1972,8,31,-0.6636221408843994
1972,9,1,-0.4063476026058197
1972,9,2,-0.5581468343734741
1972,9,3,-0.6673285961151123
1972,9,4,-0.7518894672393799
1972,9,5,-0.9031428098678589
1972,9,6,-1.1810699701309204
1972,9,7,-1.5694831609725952
1972,9,8,-1.5851585865020752
1972,9,9,-1.2729572057724
1972,9,10,-0.9091261625289917
1972,9,11,-1.2640677690505981
1972,9,12,-1.5330089330673218
1972,9,13,-1.3141893148422241
1972,9,14,-1.1779546737670898
1972,9,15,-0.9730177521705627
1972,9,16,-0.8416463732719421
1972,9,17,-0.8230195045471191
1972,9,18,-0.9215316772460938
1972,9,19,-0.5229603052139282
1972,9,20,0.0293444711714983
1972,9,21,-0.033680591732263565
1972,9,22,-0.53989577293396
1972,9,23,-1.2517446279525757
1972,9,24,-1.4746075868606567
1972,9,25,-1.5107258558273315
1972,9,26,-1.2139437198638916
1972,9,27,-0.9240038990974426
1972,9,28,-0.7354262471199036
1972,9,29,-0.16331404447555542
1972,9,30,0.38551121950149536
1972,10,1,0.3406315743923187
1972,10,2,0.8839375972747803
1972,10,3,1.360568642616272
1972,10,4,1.2520779371261597
1972,10,5,1.1640299558639526
1972,10,6,1.2223461866378784
1972,10,7,1.0749520063400269
1972,10,8,0.4764929711818695
1972,10,9,0.2201598882675171
1972,10,10,0.8868035674095154
1972,10,11,1.5383481979370117
1972,10,12,1.667385458946228
1972,10,13,0.558982253074646
1972,10,14,-0.31329765915870667
1972,10,15,-0.6820690035820007
1972,10,16,-0.9171933531761169
1972,10,17,-0.758985698223114
1972,10,18,-0.5870054364204407
1972,10,19,-0.2962740361690521
1972,10,20,-0.34669598937034607
1972,10,21,0.1859811693429947
1972,10,22,0.4928726255893707
1972,10,23,0.4026351571083069
1972,10,24,0.8904527425765991
1972,10,25,1.4321101903915405
1972,10,26,0.7785795331001282
1972,10,27,-0.18382622301578522
1972,10,28,-0.5182467699050903
1972,10,29,-0.5931281447410583
1972,10,30,-0.238194540143013
1972,10,31,0.315370112657547
1972,11,1,1.0512573719024658
1972,11,2,1.0682309865951538
1972,11,3,0.5334780812263489
1972,11,4,0.6121723055839539
1972,11,5,1.0204298496246338
1972,11,6,1.2377842664718628
1972,11,7,0.7651552557945251
1972,11,8,0.18241751194000244
1972,11,9,-0.27892929315567017
1972,11,10,-1.1097756624221802
1972,11,11,-1.9372302293777466
1972,11,12,-2.62264084815979
1972,11,13,-2.715548276901245
1972,11,14,-2.6730287075042725
1972,11,15,-3.001331090927124
1972,11,16,-3.006708860397339
1972,11,17,-2.6394999027252197
1972,11,18,-2.1270227432250977
1972,11,19,-2.1849803924560547
1972,11,20,-1.8208404779434204
1972,11,21,-1.6618540287017822
1972,11,22,-1.0282593965530396
1972,11,23,-0.1642921417951584
1972,11,24,-0.06661916524171829
1972,11,25,0.6503217816352844
1972,11,26,1.5997390747070312
1972,11,27,1.5933122634887695
1972,11,28,2.3192715644836426
1972,11,29,3.146495819091797
1972,11,30,2.2518675327301025
1972,12,1,1.1093757152557373
1972,12,2,0.2520439326763153
1972,12,3,0.7667585015296936
1972,12,4,0.9424689412117004
1972,12,5,0.8193362355232239
1972,12,6,0.8970803618431091
1972,12,7,1.161759614944458
1972,12,8,1.7793991565704346
1972,12,9,2.6309494972229004
1972,12,10,2.8385281562805176
1972,12,11,3.0105581283569336
1972,12,12,3.1951375007629395
1972,12,13,3.006889820098877
1972,12,14,1.4116734266281128
1972,12,15,-0.8339860439300537
1972,12,16,-2.043837547302246
1972,12,17,-2.0435454845428467
1972,12,18,-0.2993752956390381
1972,12,19,1.5895285606384277
1972,12,20,2.5919296741485596
1972,12,21,2.4793784618377686
1972,12,22,2.202080011367798
1972,12,23,1.3896359205245972
1972,12,24,0.7971609830856323
1972,12,25,0.47783005237579346
1972,12,26,0.45856812596321106
1972,12,27,0.0554581880569458
1972,12,28,-0.0928121879696846
1972,12,29,1.0713770389556885
1972,12,30,2.6201651096343994
1972,12,31,2.7542917728424072
1973,1,1,2.6931309700012207
1973,1,2,2.9905173778533936
1973,1,3,3.067072629928589
1973,1,4,2.399789810180664
1973,1,5,1.4963074922561646
1973,1,6,0.6900661587715149
1973,1,7,0.03227008879184723
1973,1,8,0.2641456723213196
1973,1,9,0.9787272214889526
1973,1,10,0.9940103888511658
1973,1,11,0.8401007056236267
1973,1,12,1.2724924087524414
1973,1,13,1.177199363708496
1973,1,14,1.1942209005355835
1973,1,15,1.1478362083435059
1973,1,16,0.9124944806098938
1973,1,17,0.7243187427520752
1973,1,18,0.481270432472229
1973,1,19,0.1367519646883011
1973,1,20,-0.22377151250839233
1973,1,21,-0.1613907366991043
1973,1,22,0.5106808543205261
1973,1,23,0.968588650226593
1973,1,24,1.5841443538665771
1973,1,25,2.130300521850586
1973,1,26,1.6569889783859253
1973,1,27,0.774086594581604
1973,1,28,0.7622615694999695
1973,1,29,1.5798105001449585
1973,1,30,1.8036830425262451
1973,1,31,1.9478055238723755
1973,2,1,1.8675671815872192
1973,2,2,1.7086102962493896
1973,2,3,0.930219292640686
1973,2,4,0.5105589628219604
1973,2,5,1.9575010538101196
1973,2,6,2.9147119522094727
1973,2,7,2.3255815505981445
1973,2,8,1.4371659755706787
1973,2,9,1.3850446939468384
1973,2,10,1.5595976114273071
1973,2,11,2.3654308319091797
1973,2,12,2.051495313644409
1973,2,13,0.4340742528438568
1973,2,14,-0.9064200520515442
1973,2,15,-1.0901954174041748
1973,2,16,-0.4001389145851135
1973,2,17,-0.01878206804394722
1973,2,18,0.47859251499176025
1973,2,19,0.9354000687599182
1973,2,20,1.9430564641952515
1973,2,21,2.3902952671051025
1973,2,22,1.2259790897369385
1973,2,23,-0.038067836314439774
1973,2,24,-0.6178306341171265
1973,2,25,-1.0784178972244263
1973,2,26,-1.4663691520690918
1973,2,27,-0.9359011054039001
1973,2,28,-0.6405518054962158
1973,3,1,-0.4952598512172699
1973,3,2,-0.15799188613891602
1973,3,3,-0.04377463832497597
1973,3,4,0.1839720904827118
1973,3,5,-0.09034866094589233
1973,3,6,-0.6579381227493286
1973,3,7,-0.9138025045394897
1973,3,8,-0.4810386896133423
1973,3,9,0.9019654989242554
1973,3,10,1.3413420915603638
1973,3,11,0.6100390553474426
1973,3,12,0.5592924952507019
1973,3,13,0.2241336703300476
1973,3,14,0.06683874130249023
1973,3,15,0.5001155734062195
1973,3,16,0.834625244140625
1973,3,17,0.4713040888309479
1973,3,18,-0.567908525466919
1973,3,19,-1.2706845998764038
1973,3,20,-0.7861475348472595
1973,3,21,-0.1084081307053566
1973,3,22,0.8002787828445435
1973,3,23,1.463064193725586
1973,3,24,1.7612003087997437
1973,3,25,1.8860595226287842
1973,3,26,1.784277319908142
1973,3,27,1.2065486907958984
1973,3,28,0.9995343089103699
1973,3,29,1.9945043325424194
1973,3,30,2.3518364429473877
1973,3,31,1.6892664432525635
1973,4,1,0.8883898854255676
1973,4,2,0.4563618004322052
1973,4,3,0.40402352809906006
1973,4,4,0.5934996008872986
1973,4,5,0.05137408897280693
1973,4,6,-1.2280919551849365
1973,4,7,-1.973279595375061
1973,4,8,-2.0191688537597656
1973,4,9,-1.6949498653411865
1973,4,10,-1.3847401142120361
1973,4,11,-0.8310134410858154
1973,4,12,-0.14554806053638458
1973,4,13,0.13552488386631012
1973,4,14,0.3191757798194885
1973,4,15,0.5100189447402954
1973,4,16,0.4621550440788269
1973,4,17,-0.041823577135801315
1973,4,18,-0.49356263875961304
1973,4,19,-1.4358397722244263
1973,4,20,-2.3472740650177
1973,4,21,-2.350088596343994
1973,4,22,-2.4058871269226074
1973,4,23,-2.6551787853240967
1973,4,24,-2.8328678607940674
1973,4,25,-2.512993574142456
1973,4,26,-2.316718101501465
1973,4,27,-2.0965914726257324
1973,4,28,-2.029115676879883
1973,4,29,-1.9571404457092285
1973,4,30,-1.6417148113250732
1973,5,1,-0.7502769827842712
1973,5,2,0.35850992798805237
1973,5,3,1.082255482673645
1973,5,4,1.058301329612732
1973,5,5,1.0691919326782227
1973,5,6,1.145734190940857
1973,5,7,1.2735499143600464
1973,5,8,1.3576586246490479
1973,5,9,1.3026416301727295
1973,5,10,0.9150566458702087
1973,5,11,0.20377279818058014
1973,5,12,-0.14067219197750092
1973,5,13,0.13344453275203705
1973,5,14,0.826194703578949
1973,5,15,0.9844467639923096
1973,5,16,0.22045211493968964
1973,5,17,-0.7994018197059631
1973,5,18,-1.1362248659133911
1973,5,19,-1.0911654233932495
1973,5,20,-0.860668420791626
1973,5,21,-0.7276001572608948
1973,5,22,-0.9072988629341125
1973,5,23,-0.8328812122344971
1973,5,24,-0.580748975276947
1973,5,25,-0.4281987249851227
1973,5,26,-0.48967444896698
1973,5,27,-0.7781776189804077
1973,5,28,-0.7645452618598938
1973,5,29,-0.4078577160835266
1973,5,30,0.11561416834592819
1973,5,31,0.8416227102279663
1973,6,1,1.44879949092865
1973,6,2,1.590050220489502
1973,6,3,1.3639098405838013
1973,6,4,1.275214672088623
1973,6,5,1.5777415037155151
1973,6,6,1.8655918836593628
1973,6,7,2.133485794067383
1973,6,8,2.1997244358062744
1973,6,9,1.8098348379135132
1973,6,10,1.26164972782135
1973,6,11,0.9709952473640442
1973,6,12,0.5547085404396057
1973,6,13,-0.030764233320951462
1973,6,14,-0.24232617020606995
1973,6,15,-0.3156568109989166
1973,6,16,-0.10135533660650253
1973,6,17,-0.031750984489917755
1973,6,18,-0.315528929233551
1973,6,19,-0.7530097961425781
1973,6,20,-0.8283640146255493
1973,6,21,-0.8576860427856445
1973,6,22,-0.45459964871406555
1973,6,23,-0.12507383525371552
1973,6,24,-0.16441631317138672
1973,6,25,-0.31355020403862
1973,6,26,-0.07047294825315475
1973,6,27,0.19785167276859283
1973,6,28,0.4782542586326599
1973,6,29,0.6023809313774109
1973,6,30,0.6394988894462585
1973,7,1,0.43844911456108093
1973,7,2,-0.14466635882854462
1973,7,3,-0.10482440143823624
1973,7,4,0.1570061594247818
1973,7,5,0.3770805299282074
1973,7,6,0.32742631435394287
1973,7,7,0.20987266302108765
1973,7,8,0.6258665919303894
1973,7,9,0.9505367875099182
1973,7,10,0.8131516575813293
1973,7,11,0.7980722188949585
1973,7,12,0.6888401508331299
1973,7,13,0.2656535804271698
1973,7,14,-0.11031491309404373
1973,7,15,-0.500095009803772
1973,7,16,-0.5929970741271973
1973,7,17,0.0066249617375433445
1973,7,18,0.49296849966049194
1973,7,19,0.5281739830970764
1973,7,20,0.33901330828666687
1973,7,21,0.07166443020105362
1973,7,22,0.22998207807540894
1973,7,23,0.18657974898815155
1973,7,24,-0.045101068913936615
1973,7,25,-0.03941579535603523
1973,7,26,0.3754643201828003
1973,7,27,0.2767965495586395
1973,7,28,0.029276905581355095
1973,7,29,0.1814645230770111
1973,7,30,0.5303935408592224
1973,7,31,0.7202745079994202
1973,8,1,0.7588372826576233
1973,8,2,0.7407171130180359
1973,8,3,0.49553894996643066
1973,8,4,0.4142078161239624
1973,8,5,0.33659183979034424
1973,8,6,0.5193257927894592
1973,8,7,1.1098113059997559
1973,8,8,1.414224624633789
1973,8,9,1.0017379522323608
1973,8,10,0.26080238819122314
1973,8,11,-0.24909421801567078
1973,8,12,-0.4504471719264984
1973,8,13,-0.39997774362564087
1973,8,14,-0.47018101811408997
1973,8,15,-0.7737632989883423
1973,8,16,-0.8735697865486145
1973,8,17,-0.7271105647087097
1973,8,18,-0.41938820481300354
1973,8,19,-0.24239084124565125
1973,8,20,-0.16828866302967072
1973,8,21,0.23118677735328674
1973,8,22,0.8482758402824402
1973,8,23,0.6985706686973572
1973,8,24,0.31084877252578735
1973,8,25,0.52049720287323
1973,8,26,0.8551826477050781
1973,8,27,0.9051433205604553
1973,8,28,0.968865692615509
1973,8,29,0.7451000809669495
1973,8,30,0.43103891611099243
1973,8,31,0.54784095287323
1973,9,1,0.6395731568336487
1973,9,2,0.7135286927223206
1973,9,3,0.680999755859375
1973,9,4,0.4353047311306
1973,9,5,0.17162363231182098
1973,9,6,0.23884959518909454
1973,9,7,0.22177548706531525
1973,9,8,0.10616345703601837
1973,9,9,0.2768147587776184
1973,9,10,-0.02961675263941288
1973,9,11,-0.7292903661727905
1973,9,12,-1.1943851709365845
1973,9,13,-1.2041090726852417
1973,9,14,-1.0943467617034912
1973,9,15,-0.8128186464309692
1973,9,16,-0.6047384142875671
1973,9,17,-0.45467957854270935
1973,9,18,0.0009670013096183538
1973,9,19,0.3554074764251709
1973,9,20,0.42707234621047974
1973,9,21,0.15924172103405
1973,9,22,-0.07688307017087936
1973,9,23,0.3468937277793884
1973,9,24,0.7081787586212158
1973,9,25,0.5441596508026123
1973,9,26,0.5604695081710815
1973,9,27,0.8747560977935791
1973,9,28,0.8157431483268738
1973,9,29,0.5691295266151428
1973,9,30,0.654097318649292
1973,10,1,1.5465786457061768
1973,10,2,1.7746978998184204
1973,10,3,1.2584158182144165
1973,10,4,0.3056567311286926
1973,10,5,-0.5523861646652222
1973,10,6,-1.0538073778152466
1973,10,7,-1.2689621448516846
1973,10,8,-1.5007760524749756
1973,10,9,-1.8454524278640747
1973,10,10,-1.6327155828475952
1973,10,11,-0.2950010299682617
1973,10,12,0.4961336553096771
1973,10,13,0.15395551919937134
1973,10,14,-0.23747427761554718
1973,10,15,-0.6209025979042053
1973,10,16,-0.30108609795570374
1973,10,17,0.7095099687576294
1973,10,18,1.5205843448638916
1973,10,19,1.4223639965057373
1973,10,20,1.072131872177124
1973,10,21,0.5021007657051086
1973,10,22,-0.032097261399030685
1973,10,23,0.08509229123592377
1973,10,24,0.8835738897323608
1973,10,25,1.1052335500717163
1973,10,26,0.5420870780944824
1973,10,27,0.14189143478870392
1973,10,28,1.1895356178283691
1973,10,29,2.235595226287842
1973,10,30,1.8386080265045166
1973,10,31,0.6323064565658569
1973,11,1,-0.45641306042671204
1973,11,2,-1.2977867126464844
1973,11,3,-1.3559670448303223
1973,11,4,-0.8109317421913147
1973,11,5,0.2904467284679413
1973,11,6,1.397670865058899
1973,11,7,2.4835731983184814
1973,11,8,3.221696138381958
1973,11,9,2.694687843322754
1973,11,10,2.2718684673309326
1973,11,11,3.391503095626831
1973,11,12,3.575347661972046
1973,11,13,1.7448400259017944
1973,11,14,0.12274004518985748
1973,11,15,-0.6077849864959717
1973,11,16,-1.0162196159362793
1973,11,17,-1.156125545501709
1973,11,18,-1.2335199117660522
1973,11,19,-0.9305898547172546
1973,11,20,-0.5054374933242798
1973,11,21,-0.7364485263824463
1973,11,22,-0.8513494729995728
1973,11,23,-0.5844408273696899
1973,11,24,-0.8383724689483643
1973,11,25,-1.1362085342407227
1973,11,26,-1.3168535232543945
1973,11,27,-1.2254291772842407
1973,11,28,-1.1700176000595093
1973,11,29,-1.8072372674942017
1973,11,30,-2.0952751636505127
1973,12,1,-1.6573805809020996
1973,12,2,-0.7168827056884766
1973,12,3,-0.36096325516700745
1973,12,4,-1.241281270980835
1973,12,5,-1.543691635131836
1973,12,6,-0.9337488412857056
1973,12,7,-0.3699670135974884
1973,12,8,0.05279615893959999
1973,12,9,0.4970572590827942
1973,12,10,1.0131856203079224
1973,12,11,1.6354660987854004
1973,12,12,1.234696388244629
1973,12,13,-0.11105640232563019
1973,12,14,-0.8879745602607727
1973,12,15,-0.8182000517845154
1973,12,16,-0.7731716632843018
1973,12,17,-1.4149398803710938
1973,12,18,-2.5869946479797363
1973,12,19,-2.7923247814178467
1973,12,20,-1.597637414932251
1973,12,21,-0.829393208026886
1973,12,22,-0.9844676852226257
1973,12,23,-1.1987745761871338
1973,12,24,-0.07023374736309052
1973,12,25,0.809210479259491
1973,12,26,1.1080220937728882
1973,12,27,1.8218458890914917
1973,12,28,2.059854507446289
1973,12,29,1.7911220788955688
1973,12,30,1.7070908546447754
1973,12,31,1.7299538850784302
1974,1,1,1.2717516422271729
1974,1,2,0.5597696900367737
1974,1,3,0.4374575614929199
1974,1,4,0.18506884574890137
1974,1,5,0.4771735966205597
1974,1,6,0.6440271139144897
1974,1,7,0.44318458437919617
1974,1,8,0.29862451553344727
1974,1,9,-0.26752153038978577
1974,1,10,-0.6443662047386169
1974,1,11,-0.8006215691566467
1974,1,12,-1.170090675354004
1974,1,13,-0.7862375974655151
1974,1,14,0.0588783398270607
1974,1,15,0.9108107686042786
1974,1,16,0.833232045173645
1974,1,17,0.5791522264480591
1974,1,18,0.24661409854888916
1974,1,19,0.484701007604599
1974,1,20,0.12167826294898987
1974,1,21,-0.13372942805290222
1974,1,22,0.3542501628398895
1974,1,23,1.1888632774353027
1974,1,24,1.8057684898376465
1974,1,25,1.627830147743225
1974,1,26,1.143325924873352
1974,1,27,0.6981765031814575
1974,1,28,-0.21338142454624176
1974,1,29,-0.7325003147125244
1974,1,30,-1.2060967683792114
1974,1,31,-1.478013277053833
1974,2,1,-1.500351905822754
1974,2,2,-1.2444500923156738
1974,2,3,-0.8634847402572632
1974,2,4,-0.6848646998405457
1974,2,5,-0.9900816082954407
1974,2,6,-1.9566640853881836
1974,2,7,-2.430779218673706
1974,2,8,-2.227348804473877
1974,2,9,-1.5085326433181763
1974,2,10,-1.0983972549438477
1974,2,11,-1.1140106916427612
1974,2,12,-1.197874665260315
1974,2,13,-1.6314631700515747
1974,2,14,-1.8243499994277954
1974,2,15,-1.9657115936279297
1974,2,16,-1.8213599920272827
1974,2,17,-0.8444486260414124
1974,2,18,-0.24723246693611145
1974,2,19,-0.11544835567474365
1974,2,20,0.6975534558296204
1974,2,21,1.2408833503723145
1974,2,22,1.1248031854629517
1974,2,23,0.5205158591270447
1974,2,24,0.7861679196357727
1974,2,25,1.4088009595870972
1974,2,26,1.851168155670166
1974,2,27,2.174527645111084
1974,2,28,2.247354030609131
1974,3,1,1.7562150955200195
1974,3,2,1.0441759824752808
1974,3,3,1.0354171991348267
1974,3,4,0.7236267924308777
1974,3,5,0.3308425843715668
1974,3,6,0.13125954568386078
1974,3,7,-0.05803406238555908
1974,3,8,-0.7625455260276794
1974,3,9,-1.2829164266586304
1974,3,10,-1.4237180948257446
1974,3,11,-1.9901599884033203
1974,3,12,-2.2651071548461914
1974,3,13,-1.9282495975494385
1974,3,14,-1.5141663551330566
1974,3,15,-0.9868627786636353
1974,3,16,-0.09403187036514282
1974,3,17,0.2460050731897354
1974,3,18,-0.5505532622337341
1974,3,19,-1.3185405731201172
1974,3,20,-0.9270437359809875
1974,3,21,-0.8676624298095703
1974,3,22,-1.245755910873413
1974,3,23,-1.9189079999923706
1974,3,24,-1.852453589439392
1974,3,25,-1.999739408493042
1974,3,26,-1.3059773445129395
1974,3,27,-0.9596144556999207
1974,3,28,-1.2812858819961548
1974,3,29,-1.0368582010269165
1974,3,30,-0.32827016711235046
1974,3,31,0.3160676062107086
1974,4,1,0.3493853509426117
1974,4,2,0.08274892717599869
1974,4,3,0.2637830972671509
1974,4,4,-0.07979048043489456
1974,4,5,-0.5467415452003479
1974,4,6,-0.945404052734375
1974,4,7,-1.2022897005081177
1974,4,8,-0.5992405414581299
1974,4,9,0.21395133435726166
1974,4,10,0.8509664535522461
1974,4,11,1.0828992128372192
1974,4,12,1.1231791973114014
1974,4,13,0.9255860447883606
1974,4,14,0.38085076212882996
1974,4,15,0.014417648315429688
1974,4,16,-0.1465742141008377
1974,4,17,-0.12129612267017365
1974,4,18,0.3412894606590271
1974,4,19,0.7908104658126831
1974,4,20,1.00116765499115
1974,4,21,1.059039831161499
1974,4,22,0.9619880318641663
1974,4,23,1.1527467966079712
1974,4,24,1.3336286544799805
1974,4,25,0.9833236336708069
1974,4,26,0.27332109212875366
1974,4,27,-0.24628154933452606
1974,4,28,-0.22949355840682983
1974,4,29,-0.00805391650646925
1974,4,30,-0.12795066833496094
1974,5,1,-0.28149545192718506
1974,5,2,-1.3732497692108154
1974,5,3,-2.538163185119629
1974,5,4,-2.97491717338562
1974,5,5,-2.430185556411743
1974,5,6,-1.2189416885375977
1974,5,7,-0.6444075703620911
1974,5,8,-0.46951207518577576
1974,5,9,-0.4236629605293274
1974,5,10,-0.1738579422235489
1974,5,11,-0.2866373062133789
1974,5,12,-0.3928126394748688
1974,5,13,-0.24233238399028778
1974,5,14,-0.05564885586500168
1974,5,15,-0.22124436497688293
1974,5,16,-0.4231036901473999
1974,5,17,-0.3537287414073944
1974,5,18,-0.1700339913368225
1974,5,19,0.09412210434675217
1974,5,20,0.4728066325187683
1974,5,21,0.3560158312320709
1974,5,22,-0.1089990884065628
1974,5,23,-0.6822359561920166
1974,5,24,-0.4311772286891937
1974,5,25,0.20572663843631744
1974,5,26,0.6564692854881287
1974,5,27,0.7157120108604431
1974,5,28,0.16491807997226715
1974,5,29,-0.5500205159187317
1974,5,30,-0.8853641152381897
1974,5,31,-0.4963527321815491
1974,6,1,0.0931561067700386
1974,6,2,0.5690668225288391
1974,6,3,0.9380304217338562
1974,6,4,1.1981548070907593
1974,6,5,1.4153831005096436
1974,6,6,1.1181660890579224
1974,6,7,0.7665969729423523
1974,6,8,0.6241326332092285
1974,6,9,0.3789519667625427
1974,6,10,0.29075002670288086
1974,6,11,0.35507887601852417
1974,6,12,0.23706524074077606
1974,6,13,-0.1389957219362259
1974,6,14,-0.5430347919464111
1974,6,15,-0.7045685052871704
1974,6,16,-0.5472343564033508
1974,6,17,-0.35746872425079346
1974,6,18,-0.3383437395095825
1974,6,19,-0.45001450181007385
1974,6,20,-0.631415843963623
1974,6,21,-1.0492537021636963
1974,6,22,-1.4649659395217896
1974,6,23,-1.4989677667617798
1974,6,24,-1.0839533805847168
1974,6,25,-0.553746223449707
1974,6,26,-0.3266419470310211
1974,6,27,-0.31892573833465576
1974,6,28,0.07639461755752563
1974,6,29,0.36531585454940796
1974,6,30,0.2037091702222824
1974,7,1,-0.09912338852882385
1974,7,2,-0.27499711513519287
1974,7,3,-0.18363012373447418
1974,7,4,-0.25483566522598267
1974,7,5,-0.4507106840610504
1974,7,6,-0.6454684138298035
1974,7,7,-0.7333924174308777
1974,7,8,-0.39567115902900696
1974,7,9,-0.09454286098480225
1974,7,10,-0.14860807359218597
1974,7,11,-0.3617897033691406
1974,7,12,-0.44112589955329895
1974,7,13,-0.2922185957431793
1974,7,14,0.28557753562927246
1974,7,15,0.3440602719783783
1974,7,16,0.527894139289856
1974,7,17,0.8690112233161926
1974,7,18,1.317292332649231
1974,7,19,1.7233920097351074
1974,7,20,2.0036916732788086
1974,7,21,1.8060810565948486
1974,7,22,1.4414280652999878
1974,7,23,1.5104001760482788
1974,7,24,1.3978424072265625
1974,7,25,1.1429954767227173
1974,7,26,0.6729519963264465
1974,7,27,0.2264392077922821
1974,7,28,0.2581796646118164
1974,7,29,0.4927757680416107
1974,7,30,0.25176993012428284
1974,7,31,-0.24007241427898407
1974,8,1,-0.48404303193092346
1974,8,2,-0.32011374831199646
1974,8,3,-0.04550570994615555
1974,8,4,-0.20159411430358887
1974,8,5,-0.2597789764404297
1974,8,6,-0.09092661738395691
1974,8,7,0.04109664261341095
1974,8,8,-0.069377601146698
1974,8,9,-0.17906536161899567
1974,8,10,-0.19431665539741516
1974,8,11,-0.43111440539360046
1974,8,12,-0.7254742383956909
1974,8,13,-0.8927192687988281
1974,8,14,-0.8087093830108643
1974,8,15,-0.28750377893447876
1974,8,16,-0.06149314343929291
1974,8,17,-0.3364478349685669
1974,8,18,-0.9020125269889832
1974,8,19,-1.4635144472122192
1974,8,20,-1.7290441989898682
1974,8,21,-1.5335041284561157
1974,8,22,-1.0692899227142334
1974,8,23,-0.5409337282180786
1974,8,24,-0.06232278048992157
1974,8,25,0.17525650560855865
1974,8,26,-0.07014957815408707
1974,8,27,-0.677110493183136
1974,8,28,-1.0012701749801636
1974,8,29,-0.8035920262336731
1974,8,30,-0.48601654171943665
1974,8,31,-0.4388777017593384
1974,9,1,-0.5602419972419739
1974,9,2,-0.5551866888999939
1974,9,3,-0.16605424880981445
1974,9,4,0.1351449191570282
1974,9,5,0.1720481514930725
1974,9,6,0.36835137009620667
1974,9,7,0.08287186920642853
1974,9,8,-0.165818989276886
1974,9,9,-0.24525809288024902
1974,9,10,-0.2115270495414734
1974,9,11,-0.1627662032842636
1974,9,12,-0.26354146003723145
1974,9,13,-0.21369172632694244
1974,9,14,-0.3102242648601532
1974,9,15,-0.4205086827278137
1974,9,16,0.005528640933334827
1974,9,17,0.23343214392662048
1974,9,18,0.48441702127456665
1974,9,19,0.615100622177124
1974,9,20,0.8775273561477661
1974,9,21,0.7375474572181702
1974,9,22,0.7091585993766785
1974,9,23,0.3959614932537079
1974,9,24,0.21450749039649963
1974,9,25,-0.11756893247365952
1974,9,26,-0.9215985536575317
1974,9,27,-1.2745893001556396
1974,9,28,-1.1144884824752808
1974,9,29,-1.0321295261383057
1974,9,30,-1.2282354831695557
1974,10,1,-1.2724560499191284
1974,10,2,-1.5867929458618164
1974,10,3,-2.030416488647461
1974,10,4,-2.155940055847168
1974,10,5,-1.9967509508132935
1974,10,6,-1.9259313344955444
1974,10,7,-2.179694175720215
1974,10,8,-1.985701084136963
1974,10,9,-1.5997108221054077
1974,10,10,-1.4022711515426636
1974,10,11,-1.3535792827606201
1974,10,12,-0.7451028823852539
1974,10,13,-0.25295984745025635
1974,10,14,0.13978582620620728
1974,10,15,0.618662416934967
1974,10,16,0.9582324028015137
1974,10,17,1.3290334939956665
1974,10,18,1.2254966497421265
1974,10,19,0.42091676592826843
1974,10,20,-1.2008050680160522
1974,10,21,-2.213102340698242
1974,10,22,-2.27032208442688
1974,10,23,-1.026087999343872
1974,10,24,-0.22586527466773987
1974,10,25,0.32396841049194336
1974,10,26,0.34647661447525024
1974,10,27,-0.8089973330497742
1974,10,28,-1.805666208267212
1974,10,29,-2.1712088584899902
1974,10,30,-1.9270014762878418
1974,10,31,-1.8409663438796997
1974,11,1,-2.0305142402648926
1974,11,2,-2.283252477645874
1974,11,3,-2.283167839050293
1974,11,4,-1.448264718055725
1974,11,5,-0.5021411180496216
1974,11,6,-0.527686595916748
1974,11,7,-0.7032060027122498
1974,11,8,-0.4214231073856354
1974,11,9,-0.17718267440795898
1974,11,10,0.20176810026168823
1974,11,11,0.001492171548306942
1974,11,12,0.13306377828121185
1974,11,13,-0.6630148887634277
1974,11,14,-0.6664363741874695
1974,11,15,0.8475615978240967
1974,11,16,2.0079824924468994
1974,11,17,2.1323063373565674
1974,11,18,1.730883002281189
1974,11,19,0.7754786014556885
1974,11,20,-0.3042507767677307
1974,11,21,-0.7367647886276245
1974,11,22,-0.3274175524711609
1974,11,23,0.01321930531412363
1974,11,24,-0.18634134531021118
1974,11,25,-0.21148888766765594
1974,11,26,-0.5856980085372925
1974,11,27,-1.5800200700759888
1974,11,28,-2.4065797328948975
1974,11,29,-1.6294676065444946
1974,11,30,-0.7511129975318909
1974,12,1,-0.3000733256340027
1974,12,2,-0.32918933033943176
1974,12,3,-0.6717932820320129
1974,12,4,-0.6476143002510071
1974,12,5,-0.6232932209968567
1974,12,6,-0.8350261449813843
1974,12,7,-0.45517393946647644
1974,12,8,0.4172903299331665
1974,12,9,0.8042567372322083
1974,12,10,0.7222124934196472
1974,12,11,0.7290697693824768
1974,12,12,0.8434962034225464
1974,12,13,0.9195406436920166
1974,12,14,1.0078362226486206
1974,12,15,0.8447228670120239
1974,12,16,0.12001995742321014
1974,12,17,-0.9760311841964722
1974,12,18,-1.659477710723877
1974,12,19,-1.2264182567596436
1974,12,20,-0.040274061262607574
1974,12,21,0.40444615483283997
1974,12,22,0.44737857580184937
1974,12,23,0.5280032157897949
1974,12,24,1.3869539499282837
1974,12,25,2.2371559143066406
1974,12,26,2.3462743759155273
1974,12,27,2.1569571495056152
1974,12,28,2.1094868183135986
1974,12,29,1.692696213722229
1974,12,30,1.9426977634429932
1974,12,31,2.7372066974639893
1975,1,1,3.3695425987243652
1975,1,2,3.5670013427734375
1975,1,3,3.3214735984802246
1975,1,4,2.968968391418457
1975,1,5,2.70015549659729
1975,1,6,1.9314504861831665
1975,1,7,1.2142459154129028
1975,1,8,0.4916611611843109
1975,1,9,0.3867780268192291
1975,1,10,0.1951097846031189
1975,1,11,-0.298470675945282
1975,1,12,0.1532767117023468
1975,1,13,0.5579178929328918
1975,1,14,0.4150661826133728
1975,1,15,0.655269205570221
1975,1,16,0.7726846933364868
1975,1,17,1.2026277780532837
1975,1,18,0.8698307275772095
1975,1,19,0.6682971715927124
1975,1,20,1.0228427648544312
1975,1,21,1.8758459091186523
1975,1,22,3.1560580730438232
1975,1,23,3.2653214931488037
1975,1,24,2.8895304203033447
1975,1,25,2.338240623474121
1975,1,26,2.0223515033721924
1975,1,27,2.100567579269409
1975,1,28,2.0866098403930664
1975,1,29,1.2652677297592163
1975,1,30,0.354905366897583
1975,1,31,0.14848592877388
1975,2,1,0.673544704914093
1975,2,2,0.6885656118392944
1975,2,3,0.6049488186836243
1975,2,4,0.5354174375534058
1975,2,5,0.006643218919634819
1975,2,6,-0.4793483316898346
1975,2,7,-1.2176367044448853
1975,2,8,-1.5453895330429077
1975,2,9,-1.433127999305725
1975,2,10,-1.2744050025939941
1975,2,11,-1.1829568147659302
1975,2,12,-1.134520173072815
1975,2,13,-1.017749309539795
1975,2,14,-0.7681373357772827
1975,2,15,-0.1852276623249054
1975,2,16,0.8400010466575623
1975,2,17,1.5444127321243286
1975,2,18,1.6839865446090698
1975,2,19,1.5615476369857788
1975,2,20,1.2566630840301514
1975,2,21,1.1927107572555542
1975,2,22,1.6376993656158447
1975,2,23,1.416378378868103
1975,2,24,1.1890789270401
1975,2,25,-0.05748607963323593
1975,2,26,-0.42279183864593506
1975,2,27,0.3806588053703308
1975,2,28,0.7548729181289673
1975,3,1,0.6325018405914307
1975,3,2,0.4989599287509918
1975,3,3,0.8107948303222656
1975,3,4,1.1452624797821045
1975,3,5,1.7205896377563477
1975,3,6,1.8557300567626953
1975,3,7,1.67225980758667
1975,3,8,0.9611717462539673
1975,3,9,0.19109059870243073
1975,3,10,0.12949064373970032
1975,3,11,0.9714774489402771
1975,3,12,0.7227354049682617
1975,3,13,0.3451487720012665
1975,3,14,0.21467278897762299
1975,3,15,0.47403180599212646
1975,3,16,0.7133037447929382
1975,3,17,0.29994773864746094
1975,3,18,0.010998721234500408
1975,3,19,0.3558882176876068
1975,3,20,0.5188887715339661
1975,3,21,0.7292740345001221
1975,3,22,0.07839495688676834
1975,3,23,-0.9059957265853882
1975,3,24,-0.9996065497398376
1975,3,25,-0.8936960697174072
1975,3,26,-1.2567437887191772
1975,3,27,-1.770434856414795
1975,3,28,-2.1076018810272217
1975,3,29,-1.4805679321289062
1975,3,30,-0.6999619603157043
1975,3,31,-0.42054441571235657
1975,4,1,0.10306095331907272
1975,4,2,-0.31827211380004883
1975,4,3,-1.143033504486084
1975,4,4,-1.6991171836853027
1975,4,5,-1.5490084886550903
1975,4,6,-1.0938845872879028
1975,4,7,-1.172585129737854
1975,4,8,-1.2724392414093018
1975,4,9,-0.9518228769302368
1975,4,10,-0.5553634762763977
1975,4,11,-0.001993899466469884
1975,4,12,0.6024498343467712
1975,4,13,1.0752092599868774
1975,4,14,1.7041072845458984
1975,4,15,2.158261299133301
1975,4,16,2.233572006225586
1975,4,17,2.042712926864624
1975,4,18,1.335663080215454
1975,4,19,0.9123698472976685
1975,4,20,1.0247241258621216
1975,4,21,1.1971181631088257
1975,4,22,1.3485212326049805
1975,4,23,1.2643262147903442
1975,4,24,0.9185038208961487
1975,4,25,0.7727012634277344
1975,4,26,1.1035020351409912
1975,4,27,1.0884664058685303
1975,4,28,0.5304449200630188
1975,4,29,0.050770681351423264
1975,4,30,0.1152421310544014
1975,5,1,0.026591887697577477
1975,5,2,0.18625305593013763
1975,5,3,0.4697321057319641
1975,5,4,0.8120197653770447
1975,5,5,0.8814125657081604
1975,5,6,-0.23952767252922058
1975,5,7,-1.0813449621200562
1975,5,8,-0.9573209881782532
1975,5,9,-0.7803141474723816
1975,5,10,-0.5945256948471069
1975,5,11,0.050586313009262085
1975,5,12,0.37794941663742065
1975,5,13,-0.0564037524163723
1975,5,14,-0.5280893445014954
1975,5,15,-0.28878259658813477
1975,5,16,-0.16154234111309052
1975,5,17,-0.2013435661792755
1975,5,18,-0.2798233926296234
1975,5,19,-0.5527068972587585
1975,5,20,-0.990646243095398
1975,5,21,-0.7616819143295288
1975,5,22,-0.4165657162666321
1975,5,23,-0.2588496208190918
1975,5,24,-0.7652643322944641
1975,5,25,-1.413467526435852
1975,5,26,-1.6610056161880493
1975,5,27,-1.5015770196914673
1975,5,28,-1.5453842878341675
1975,5,29,-1.928781509399414
1975,5,30,-2.149278163909912
1975,5,31,-2.0603606700897217
1975,6,1,-1.95576810836792
1975,6,2,-1.6135388612747192
1975,6,3,-1.5252734422683716
1975,6,4,-1.9012231826782227
1975,6,5,-2.352893114089966
1975,6,6,-2.1419405937194824
1975,6,7,-1.6015560626983643
1975,6,8,-1.496650218963623
1975,6,9,-1.3383245468139648
1975,6,10,-0.761789083480835
1975,6,11,-0.3576195538043976
1975,6,12,-0.09779364615678787
1975,6,13,0.585695207118988
1975,6,14,0.7710156440734863
1975,6,15,0.3946572244167328
1975,6,16,0.05169813334941864
1975,6,17,0.16078931093215942
1975,6,18,0.13132239878177643
1975,6,19,-0.023422827944159508
1975,6,20,-0.3492564558982849
1975,6,21,-0.2008931040763855
1975,6,22,0.5908471345901489
1975,6,23,1.0507795810699463
1975,6,24,1.0435854196548462
1975,6,25,0.9219496250152588
1975,6,26,0.6308385133743286
1975,6,27,0.3220469355583191
1975,6,28,0.2858022153377533
1975,6,29,0.5195954442024231
1975,6,30,0.9022804498672485
1975,7,1,1.1480772495269775
1975,7,2,1.1739221811294556
1975,7,3,0.9964911341667175
1975,7,4,1.0685886144638062
1975,7,5,1.1402291059494019
1975,7,6,0.6461954712867737
1975,7,7,0.3038429915904999
1975,7,8,-0.012832545675337315
1975,7,9,-0.4047877788543701
1975,7,10,-0.5388355851173401
1975,7,11,-0.4910878539085388
1975,7,12,0.008587033487856388
1975,7,13,0.4028257727622986
1975,7,14,0.683032751083374
1975,7,15,1.1269432306289673
1975,7,16,1.5782687664031982
1975,7,17,1.4592978954315186
1975,7,18,0.9489967226982117
1975,7,19,0.47627052664756775
1975,7,20,0.4696196913719177
1975,7,21,0.19462308287620544
1975,7,22,-0.21234877407550812
1975,7,23,-0.6505757570266724
1975,7,24,-0.5356437563896179
1975,7,25,-0.5029516816139221
1975,7,26,-0.34449097514152527
1975,7,27,-0.05182591453194618
1975,7,28,0.14030063152313232
1975,7,29,-0.01698237471282482
1975,7,30,-0.04522682726383209
1975,7,31,0.16176854074001312
1975,8,1,0.23475675284862518
1975,8,2,0.11587800085544586
1975,8,3,0.03107176534831524
1975,8,4,-0.1904941350221634
1975,8,5,-0.5379214286804199
1975,8,6,-0.501481294631958
1975,8,7,-0.06348653137683868
1975,8,8,0.35828590393066406
1975,8,9,0.2582961320877075
1975,8,10,-0.07912945002317429
1975,8,11,-0.5765928626060486
1975,8,12,-1.295496940612793
1975,8,13,-1.7140822410583496
1975,8,14,-1.681321620941162
1975,8,15,-1.308980941772461
1975,8,16,-0.71043461561203
1975,8,17,-0.2831753194332123
1975,8,18,-0.053272269666194916
1975,8,19,-0.2552984356880188
1975,8,20,-0.3879236578941345
1975,8,21,-0.23302607238292694
1975,8,22,0.1309274286031723
1975,8,23,0.48805850744247437
1975,8,24,0.46161070466041565
1975,8,25,0.8100862503051758
1975,8,26,1.3734647035598755
1975,8,27,1.7655656337738037
1975,8,28,1.8249845504760742
1975,8,29,1.8427083492279053
1975,8,30,1.970177173614502
1975,8,31,2.090985059738159
1975,9,1,2.0020368099212646
1975,9,2,1.8838969469070435
1975,9,3,1.3214292526245117
1975,9,4,0.7806529402732849
1975,9,5,0.739644467830658
1975,9,6,0.9458479285240173
1975,9,7,1.8196436166763306
1975,9,8,2.519108533859253
1975,9,9,2.3100125789642334
1975,9,10,1.3044356107711792
1975,9,11,0.4902583956718445
1975,9,12,0.2022780030965805
1975,9,13,0.1981765627861023
1975,9,14,0.8230123519897461
1975,9,15,2.104914903640747
1975,9,16,2.5165529251098633
1975,9,17,1.8736176490783691
1975,9,18,1.4740111827850342
1975,9,19,1.3130775690078735
1975,9,20,1.4333678483963013
1975,9,21,1.5096931457519531
1975,9,22,1.4808412790298462
1975,9,23,1.3324061632156372
1975,9,24,1.412296175956726
1975,9,25,1.003428339958191
1975,9,26,0.644127368927002
1975,9,27,0.7576975226402283
1975,9,28,0.9354424476623535
1975,9,29,0.275068998336792
1975,9,30,-0.4259234368801117
1975,10,1,-0.5720337629318237
1975,10,2,-0.08435971289873123
1975,10,3,0.4469440281391144
1975,10,4,1.289014220237732
1975,10,5,1.2935022115707397
1975,10,6,0.5196720957756042
1975,10,7,-0.23660126328468323
1975,10,8,-0.7016004323959351
1975,10,9,-1.215668797492981
1975,10,10,-1.0364621877670288
1975,10,11,0.030306676402688026
1975,10,12,1.0079597234725952
1975,10,13,1.0853289365768433
1975,10,14,0.2081660032272339
1975,10,15,-0.35662829875946045
1975,10,16,-0.44844701886177063
1975,10,17,-0.14433926343917847
1975,10,18,0.2003757804632187
1975,10,19,0.2589971423149109
1975,10,20,-0.5082502365112305
1975,10,21,-1.3126453161239624
1975,10,22,-1.3745002746582031
1975,10,23,-0.6965476274490356
1975,10,24,0.2848600745201111
1975,10,25,0.8870710134506226
1975,10,26,1.0914369821548462
1975,10,27,0.9054679870605469
1975,10,28,0.607553243637085
1975,10,29,0.7652355432510376
1975,10,30,0.8596691489219666
1975,10,31,1.0607374906539917
1975,11,1,1.7239333391189575
1975,11,2,2.7059571743011475
1975,11,3,3.338334560394287
1975,11,4,3.120652914047241
1975,11,5,2.2496094703674316
1975,11,6,1.8826590776443481
1975,11,7,2.3515186309814453
1975,11,8,2.5599656105041504
1975,11,9,1.7626206874847412
1975,11,10,0.45627719163894653
1975,11,11,-0.8727349638938904
1975,11,12,-1.1909161806106567
1975,11,13,-0.9614078402519226
1975,11,14,-0.42034727334976196
1975,11,15,0.2116459310054779
1975,11,16,-0.3103730380535126
1975,11,17,-1.2588862180709839
1975,11,18,-1.558847427368164
1975,11,19,-1.506412386894226
1975,11,20,-1.5369552373886108
1975,11,21,-1.189977765083313
1975,11,22,-0.4263075590133667
1975,11,23,0.5266811847686768
1975,11,24,2.020143985748291
1975,11,25,2.125744581222534
1975,11,26,1.7271535396575928
1975,11,27,1.283884882926941
1975,11,28,0.36153146624565125
1975,11,29,-0.4924592673778534
1975,11,30,-0.7848494648933411
1975,12,1,0.04258032515645027
1975,12,2,0.4708840250968933
1975,12,3,0.7437857389450073
1975,12,4,0.9590531587600708
1975,12,5,0.668557345867157
1975,12,6,0.5401597023010254
1975,12,7,0.905626118183136
1975,12,8,0.8805907964706421
1975,12,9,0.5861287713050842
1975,12,10,0.3256063759326935
1975,12,11,0.22055883705615997
1975,12,12,0.7685584425926208
1975,12,13,1.261816143989563
1975,12,14,1.207567811012268
1975,12,15,0.4753096103668213
1975,12,16,-0.22183217108249664
1975,12,17,0.12486939132213593
1975,12,18,0.9995123147964478
1975,12,19,1.6810035705566406
1975,12,20,2.9760642051696777
1975,12,21,3.5236868858337402
1975,12,22,2.224475860595703
1975,12,23,1.3242939710617065
1975,12,24,1.4322830438613892
1975,12,25,1.8575276136398315
1975,12,26,2.6460132598876953
1975,12,27,2.7857322692871094
1975,12,28,2.3842639923095703
1975,12,29,2.02606201171875
1975,12,30,1.7869526147842407
1975,12,31,0.9497289657592773
1976,1,1,-0.0537884496152401
1976,1,2,-0.6841500401496887
1976,1,3,-0.9260185956954956
1976,1,4,-1.0870952606201172
1976,1,5,-0.3343130946159363
1976,1,6,0.5346194505691528
1976,1,7,1.8481004238128662
1976,1,8,2.556405782699585
1976,1,9,3.207165479660034
1976,1,10,3.8104493618011475
1976,1,11,2.8233444690704346
1976,1,12,1.0815404653549194
1976,1,13,-0.3905152678489685
1976,1,14,-1.0726200342178345
1976,1,15,-1.5613839626312256
1976,1,16,-1.0731170177459717
1976,1,17,-0.24191495776176453
1976,1,18,0.952135443687439
1976,1,19,2.7351150512695312
1976,1,20,3.194742202758789
1976,1,21,1.746038794517517
1976,1,22,0.20693887770175934
1976,1,23,-1.9470537900924683
1976,1,24,-3.261573076248169
1976,1,25,-2.8407719135284424
1976,1,26,-1.77440345287323
1976,1,27,-0.9687545895576477
1976,1,28,-0.6802153587341309
1976,1,29,-1.6287565231323242
1976,1,30,-1.9588046073913574
1976,1,31,-1.1879701614379883
1976,2,1,-1.0896166563034058
1976,2,2,-1.6512300968170166
1976,2,3,-1.862610101699829
1976,2,4,-0.3087802231311798
1976,2,5,0.34197646379470825
1976,2,6,0.3681500256061554
1976,2,7,0.963327169418335
1976,2,8,1.9323210716247559
1976,2,9,3.1828646659851074
1976,2,10,3.776306390762329
1976,2,11,3.2483460903167725
1976,2,12,3.2459633350372314
1976,2,13,2.9088497161865234
1976,2,14,2.570761203765869
1976,2,15,2.8310184478759766
1976,2,16,2.967897653579712
1976,2,17,2.1128203868865967
1976,2,18,1.3329254388809204
1976,2,19,0.911738932132721
1976,2,20,0.4856891632080078
1976,2,21,0.3069227337837219
1976,2,22,0.9589716196060181
1976,2,23,2.2272839546203613
1976,2,24,3.935011386871338
1976,2,25,4.17167854309082
1976,2,26,3.0403220653533936
1976,2,27,1.6882356405258179
1976,2,28,0.810187578201294
1976,2,29,0.9132813811302185
1976,3,1,1.1665467023849487
1976,3,2,1.0632070302963257
1976,3,3,1.2129658460617065
1976,3,4,0.9439163208007812
1976,3,5,0.45788323879241943
1976,3,6,-0.6211233735084534
1976,3,7,-1.3347357511520386
1976,3,8,-1.1275556087493896
1976,3,9,-0.6947913765907288
1976,3,10,-0.30320894718170166
1976,3,11,-0.015204237774014473
1976,3,12,-0.20805960893630981
1976,3,13,-0.471468448638916
1976,3,14,-0.6287184953689575
1976,3,15,-0.7268243432044983
1976,3,16,-0.46359971165657043
1976,3,17,-0.8504846096038818
1976,3,18,-0.986690878868103
1976,3,19,-0.044853582978248596
1976,3,20,0.5107511281967163
1976,3,21,0.873450517654419
1976,3,22,0.9307623505592346
1976,3,23,1.9533454179763794
1976,3,24,2.730797052383423
1976,3,25,3.0103695392608643
1976,3,26,2.8138439655303955
1976,3,27,2.855408191680908
1976,3,28,2.507857084274292
1976,3,29,1.5595932006835938
1976,3,30,0.7714468240737915
1976,3,31,0.6644322276115417
1976,4,1,1.147955298423767
1976,4,2,1.7717664241790771
1976,4,3,1.6621055603027344
1976,4,4,1.2191678285598755
1976,4,5,0.8971754908561707
1976,4,6,0.4604608714580536
1976,4,7,0.3779837191104889
1976,4,8,0.49968159198760986
1976,4,9,0.8233230113983154
1976,4,10,1.3433253765106201
1976,4,11,1.7198797464370728
1976,4,12,2.1671769618988037
1976,4,13,2.0079824924468994
1976,4,14,1.8233476877212524
1976,4,15,1.5160051584243774
1976,4,16,1.3156574964523315
1976,4,17,1.7225590944290161
1976,4,18,1.6451491117477417
1976,4,19,1.0142886638641357
1976,4,20,0.26937222480773926
1976,4,21,-0.3836513161659241
1976,4,22,-0.9318655729293823
1976,4,23,-1.3970050811767578
1976,4,24,-1.5808486938476562
1976,4,25,-1.6490052938461304
1976,4,26,-2.0560905933380127
1976,4,27,-1.9602510929107666
1976,4,28,-1.5169615745544434
1976,4,29,-0.9024645686149597
1976,4,30,-0.3079121708869934
1976,5,1,-0.2680608332157135
1976,5,2,-0.42469120025634766
1976,5,3,-0.2803226411342621
1976,5,4,-0.045069094747304916
1976,5,5,0.08711686730384827
1976,5,6,0.8355050086975098
1976,5,7,1.482839822769165
1976,5,8,1.618517279624939
1976,5,9,1.006011962890625
1976,5,10,1.094196081161499
1976,5,11,1.9682306051254272
1976,5,12,2.1336870193481445
1976,5,13,1.7838470935821533
1976,5,14,1.3143047094345093
1976,5,15,0.7191030383110046
1976,5,16,0.22135648131370544
1976,5,17,-0.08189428597688675
1976,5,18,-0.27334466576576233
1976,5,19,-0.6595523953437805
1976,5,20,-0.9916945695877075
1976,5,21,-1.0763474702835083
1976,5,22,-0.792279839515686
1976,5,23,-0.8196020126342773
1976,5,24,-0.8771178126335144
1976,5,25,-0.48383191227912903
1976,5,26,-0.3347983956336975
1976,5,27,-0.6124950647354126
1976,5,28,-0.8839075565338135
1976,5,29,-1.1510852575302124
1976,5,30,-1.2416123151779175
1976,5,31,-1.1874253749847412
1976,6,1,-1.1470965147018433
1976,6,2,-1.1188850402832031
1976,6,3,-0.7213470339775085
1976,6,4,-0.01708131842315197
1976,6,5,0.5732702612876892
1976,6,6,1.0421520471572876
1976,6,7,0.7199724316596985
1976,6,8,0.2487715184688568
1976,6,9,0.16142046451568604
1976,6,10,0.10153362154960632
1976,6,11,-0.22269891202449799
1976,6,12,-0.2415769249200821
1976,6,13,0.0023719638120383024
1976,6,14,0.22117306292057037
1976,6,15,0.5642433762550354
1976,6,16,0.40633663535118103
1976,6,17,0.6165210604667664
1976,6,18,1.1743054389953613
1976,6,19,1.2482918500900269
1976,6,20,0.8924770355224609
1976,6,21,0.5168644785881042
1976,6,22,0.2573048174381256
1976,6,23,0.42863866686820984
1976,6,24,0.5922014117240906
1976,6,25,0.4749397933483124
1976,6,26,0.44653379917144775
1976,6,27,0.6638221144676208
1976,6,28,0.705093264579773
1976,6,29,0.5205495953559875
1976,6,30,0.37680551409721375
1976,7,1,0.21131527423858643
1976,7,2,-0.026851924136281013
1976,7,3,-0.5824999809265137
1976,7,4,-1.1259918212890625
1976,7,5,-1.3094234466552734
1976,7,6,-1.3230050802230835
1976,7,7,-1.1144071817398071
1976,7,8,-0.9468171000480652
1976,7,9,-0.5981877446174622
1976,7,10,-0.15210694074630737
1976,7,11,-0.05618520453572273
1976,7,12,-0.09634365886449814
1976,7,13,-0.19076064229011536
1976,7,14,-0.4014985263347626
1976,7,15,-0.4274173974990845
1976,7,16,-0.19917163252830505
1976,7,17,0.13251826167106628
1976,7,18,0.07943522930145264
1976,7,19,0.47146105766296387
1976,7,20,0.8829182386398315
1976,7,21,0.7324303388595581
1976,7,22,0.303379088640213
1976,7,23,-0.032226718962192535
1976,7,24,-0.2931635081768036
1976,7,25,-0.46465399861335754
1976,7,26,-0.6409212350845337
1976,7,27,-0.8470195531845093
1976,7,28,-0.8394660353660583
1976,7,29,-0.6882007122039795
1976,7,30,-0.3517652153968811
1976,7,31,0.16618557274341583
1976,8,1,0.26495620608329773
1976,8,2,0.03719218820333481
1976,8,3,0.4175666868686676
1976,8,4,0.8371678590774536
1976,8,5,0.9139506816864014
1976,8,6,0.6543211340904236
1976,8,7,0.4383440613746643
1976,8,8,0.5247007012367249
1976,8,9,0.3870786130428314
1976,8,10,0.09335177391767502
1976,8,11,0.06860033422708511
1976,8,12,0.36161014437675476
1976,8,13,0.2253085821866989
1976,8,14,0.11487331241369247
1976,8,15,0.09353964030742645
1976,8,16,-0.06502506136894226
1976,8,17,-0.025737371295690536
1976,8,18,0.4467623829841614
1976,8,19,1.41110360622406
1976,8,20,1.781799077987671
1976,8,21,1.4548722505569458
1976,8,22,0.8556660413742065
1976,8,23,0.8627117872238159
1976,8,24,0.9025532603263855
1976,8,25,0.9093737602233887
1976,8,26,0.5846832394599915
1976,8,27,0.2595323324203491
1976,8,28,0.23904536664485931
1976,8,29,0.4315904676914215
1976,8,30,0.6691629886627197
1976,8,31,0.5466564893722534
1976,9,1,0.23934952914714813
1976,9,2,0.29782819747924805
1976,9,3,0.40030691027641296
1976,9,4,0.25749489665031433
1976,9,5,-0.053571511059999466
1976,9,6,-0.2887880802154541
1976,9,7,-0.5419740080833435
1976,9,8,-0.4644639790058136
1976,9,9,0.24459701776504517
1976,9,10,0.15106113255023956
1976,9,11,-0.424929678440094
1976,9,12,-0.6112752556800842
1976,9,13,-0.7840253710746765
1976,9,14,-0.5449305176734924
1976,9,15,0.2516554296016693
1976,9,16,0.4669249355792999
1976,9,17,-0.08144234120845795
1976,9,18,-0.7688397765159607
1976,9,19,-1.1095802783966064
1976,9,20,-1.3086663484573364
1976,9,21,-1.7931760549545288
1976,9,22,-2.0414540767669678
1976,9,23,-2.0122568607330322
1976,9,24,-1.9331507682800293
1976,9,25,-2.0026843547821045
1976,9,26,-1.8319553136825562
1976,9,27,-1.8470747470855713
1976,9,28,-1.9722588062286377
1976,9,29,-1.2595782279968262
1976,9,30,-0.1194559708237648
1976,10,1,0.16688255965709686
1976,10,2,0.07335605472326279
1976,10,3,0.12292318046092987
1976,10,4,0.15494565665721893
1976,10,5,-0.14748288691043854
1976,10,6,-0.23911337554454803
1976,10,7,0.1805730164051056
1976,10,8,0.5496550798416138
1976,10,9,0.48618656396865845
1976,10,10,0.36342576146125793
1976,10,11,0.17301487922668457
1976,10,12,0.2978824973106384
1976,10,13,0.20198954641819
1976,10,14,-0.4410482347011566
1976,10,15,-1.0814738273620605
1976,10,16,-1.2466106414794922
1976,10,17,-1.313118577003479
1976,10,18,-1.3004865646362305
1976,10,19,-1.4941842555999756
1976,10,20,-1.1657872200012207
1976,10,21,-1.3218270540237427
1976,10,22,-1.9632225036621094
1976,10,23,-2.4966068267822266
1976,10,24,-2.4650392532348633
1976,10,25,-2.289196252822876
1976,10,26,-2.4881086349487305
1976,10,27,-2.374040365219116
1976,10,28,-1.9320576190948486
1976,10,29,-1.1527881622314453
1976,10,30,-0.29747480154037476
1976,10,31,0.3947417140007019
1976,11,1,0.8962374925613403
1976,11,2,0.22490888833999634
1976,11,3,-0.7188031077384949
1976,11,4,-0.11617886275053024
1976,11,5,0.3488463759422302
1976,11,6,-0.32355406880378723
1976,11,7,-1.0712121725082397
1976,11,8,-0.9710158109664917
1976,11,9,-1.3198635578155518
1976,11,10,-1.731433391571045
1976,11,11,-1.1716524362564087
1976,11,12,-0.5718663930892944
1976,11,13,-0.10608731210231781
1976,11,14,0.05187622457742691
1976,11,15,0.5491088032722473
1976,11,16,0.8582336902618408
1976,11,17,0.4003657102584839
1976,11,18,-0.027697749435901642
1976,11,19,-0.48605048656463623
1976,11,20,-1.7696071863174438
1976,11,21,-2.188075065612793
1976,11,22,-1.228262186050415
1976,11,23,-0.17934100329875946
1976,11,24,1.0475257635116577
1976,11,25,1.362281084060669
1976,11,26,0.6824936270713806
1976,11,27,0.6444932222366333
1976,11,28,1.291176199913025
1976,11,29,1.6245789527893066
1976,11,30,1.4683228731155396
1976,12,1,1.705352544784546
1976,12,2,1.1247514486312866
1976,12,3,-0.40411612391471863
1976,12,4,-1.2794967889785767
1976,12,5,-0.7953414916992188
1976,12,6,-0.3882730007171631
1976,12,7,-0.6308574676513672
1976,12,8,-1.559970736503601
1976,12,9,-1.2701196670532227
1976,12,10,-0.23406212031841278
1976,12,11,0.2048688679933548
1976,12,12,-0.45987704396247864
1976,12,13,-1.030327320098877
1976,12,14,-0.9568360447883606
1976,12,15,-0.6073663830757141
1976,12,16,-1.2757477760314941
1976,12,17,-2.395936965942383
1976,12,18,-3.6171000003814697
1976,12,19,-3.625488519668579
1976,12,20,-2.874033212661743
1976,12,21,-2.1569323539733887
1976,12,22,-2.506415367126465
1976,12,23,-2.846583366394043
1976,12,24,-3.127906084060669
1976,12,25,-3.6331803798675537
1976,12,26,-3.907362699508667
1976,12,27,-4.603437423706055
1976,12,28,-5.20590877532959
1976,12,29,-5.286663055419922
1976,12,30,-4.76583194732666
1976,12,31,-3.6078906059265137
1977,1,1,-2.4623610973358154
1977,1,2,-1.6539582014083862
1977,1,3,-0.7484569549560547
1977,1,4,0.03952328860759735
1977,1,5,1.0292521715164185
1977,1,6,0.20948666334152222
1977,1,7,-1.0233482122421265
1977,1,8,-2.4161787033081055
1977,1,9,-3.792893886566162
1977,1,10,-4.695708274841309
1977,1,11,-5.333021640777588
1977,1,12,-5.801819801330566
1977,1,13,-6.520362854003906
1977,1,14,-7.310880184173584
1977,1,15,-7.432610034942627
1977,1,16,-7.331215858459473
1977,1,17,-6.16821813583374
1977,1,18,-4.205187797546387
1977,1,19,-3.2908215522766113
1977,1,20,-3.782785177230835
1977,1,21,-3.7632436752319336
1977,1,22,-3.044602394104004
1977,1,23,-2.918710947036743
1977,1,24,-2.7610418796539307
1977,1,25,-2.4600491523742676
1977,1,26,-3.0785913467407227
1977,1,27,-4.038804531097412
1977,1,28,-4.436461448669434
1977,1,29,-4.45924186706543
1977,1,30,-4.506101131439209
1977,1,31,-4.470447063446045
1977,2,1,-4.154904842376709
1977,2,2,-3.7210257053375244
1977,2,3,-3.1794824600219727
1977,2,4,-3.0981552600860596
1977,2,5,-2.745436191558838
1977,2,6,-2.286107063293457
1977,2,7,-1.8205516338348389
1977,2,8,-1.0950889587402344
1977,2,9,-0.8223786950111389
1977,2,10,-0.8672370910644531
1977,2,11,-1.259232759475708
1977,2,12,-1.455483078956604
1977,2,13,-1.1777857542037964
1977,2,14,-1.0217900276184082
1977,2,15,-0.4359254837036133
1977,2,16,-0.43508100509643555
1977,2,17,-0.9787456393241882
1977,2,18,-1.7044051885604858
1977,2,19,-2.002040147781372
1977,2,20,-1.7755825519561768
1977,2,21,-2.0235002040863037
1977,2,22,-2.0556817054748535
1977,2,23,-1.5625947713851929
1977,2,24,-1.8976105451583862
1977,2,25,-2.5330545902252197
1977,2,26,-2.9325156211853027
1977,2,27,-2.9504189491271973
1977,2,28,-2.3019120693206787
1977,3,1,-1.7201646566390991
1977,3,2,-0.30605432391166687
1977,3,3,1.4214673042297363
1977,3,4,2.131924629211426
1977,3,5,2.022822856903076
1977,3,6,1.6188743114471436
1977,3,7,1.6632436513900757
1977,3,8,2.5802698135375977
1977,3,9,3.5267133712768555
1977,3,10,3.6881134510040283
1977,3,11,3.29638409614563
1977,3,12,2.5504610538482666
1977,3,13,1.5974775552749634
1977,3,14,0.36351996660232544
1977,3,15,-0.6431635618209839
1977,3,16,-0.3907754421234131
1977,3,17,-0.5928066372871399
1977,3,18,-0.9053400158882141
1977,3,19,-1.1226059198379517
1977,3,20,-1.148378610610962
1977,3,21,-0.5813435912132263
1977,3,22,-0.4974361062049866
1977,3,23,-1.4024040699005127
1977,3,24,-2.3266055583953857
1977,3,25,-2.397346258163452
1977,3,26,-1.5051729679107666
1977,3,27,-1.0112215280532837
1977,3,28,-1.1024047136306763
1977,3,29,-0.47962337732315063
1977,3,30,0.5740976929664612
1977,3,31,1.3929673433303833
1977,4,1,1.4904841184616089
1977,4,2,1.4837422370910645
1977,4,3,1.814518928527832
1977,4,4,1.3600692749023438
1977,4,5,0.5767610669136047
1977,4,6,-0.12719681859016418
1977,4,7,0.4963417649269104
1977,4,8,1.3527902364730835
1977,4,9,1.7860687971115112
1977,4,10,1.5321358442306519
1977,4,11,1.9926211833953857
1977,4,12,2.5939948558807373
1977,4,13,2.142310857772827
1977,4,14,0.8383606672286987
1977,4,15,0.4444683790206909
1977,4,16,0.5649235844612122
1977,4,17,0.7159876227378845
1977,4,18,0.5376660823822021
1977,4,19,0.6246560215950012
1977,4,20,1.2069963216781616
1977,4,21,2.1062734127044678
1977,4,22,2.7850496768951416
1977,4,23,2.6385462284088135
1977,4,24,2.0006492137908936
1977,4,25,1.4996634721755981
1977,4,26,1.2474018335342407
1977,4,27,1.0581598281860352
1977,4,28,0.8140149116516113
1977,4,29,0.4794008433818817
1977,4,30,0.3788924217224121
1977,5,1,0.8261131644248962
1977,5,2,1.2743842601776123
1977,5,3,0.9441700577735901
1977,5,4,0.3338581621646881
1977,5,5,0.19442279636859894
1977,5,6,0.6822429895401001
1977,5,7,0.9358463287353516
1977,5,8,0.4802999198436737
1977,5,9,0.545435905456543
1977,5,10,0.9175965785980225
1977,5,11,0.9580127596855164
1977,5,12,0.7750644683837891
1977,5,13,0.7089013457298279
1977,5,14,0.45524993538856506
1977,5,15,0.2374698966741562
1977,5,16,0.2191072553396225
1977,5,17,0.11291199922561646
1977,5,18,-0.3512498438358307
1977,5,19,-0.6115145683288574
1977,5,20,-0.4178435504436493
1977,5,21,-0.3956303000450134
1977,5,22,-0.05507615581154823
1977,5,23,0.15753693878650665
1977,5,24,0.08218663930892944
1977,5,25,-0.3597702085971832
1977,5,26,-1.1548796892166138
1977,5,27,-1.6052603721618652
1977,5,28,-1.4085373878479004
1977,5,29,-0.9353633522987366
1977,5,30,-0.46606701612472534
1977,5,31,0.03605075180530548
1977,6,1,0.07480155676603317
1977,6,2,0.05923083797097206
1977,6,3,0.009457586333155632
1977,6,4,0.2560459077358246
1977,6,5,-0.15252119302749634
1977,6,6,-1.1336969137191772
1977,6,7,-1.5967166423797607
1977,6,8,-1.618862271308899
1977,6,9,-1.078658103942871
1977,6,10,-0.5414108633995056
1977,6,11,0.07730104774236679
1977,6,12,-0.13033689558506012
1977,6,13,-0.296804279088974
1977,6,14,-0.19552679359912872
1977,6,15,-0.33045610785484314
1977,6,16,-0.5808050036430359
1977,6,17,-0.7812284231185913
1977,6,18,-0.4797743260860443
1977,6,19,-0.19647906720638275
1977,6,20,-0.04497111961245537
1977,6,21,0.385451078414917
1977,6,22,0.6440871357917786
1977,6,23,0.4428882896900177
1977,6,24,0.5871266722679138
1977,6,25,0.5070770978927612
1977,6,26,0.2868122160434723
1977,6,27,0.028936313465237617
1977,6,28,0.040339283645153046
1977,6,29,-0.09913567453622818
1977,6,30,-0.6885196566581726
1977,7,1,-1.145296573638916
1977,7,2,-1.1620205640792847
1977,7,3,-1.3539152145385742
1977,7,4,-1.677060604095459
1977,7,5,-2.0869362354278564
1977,7,6,-2.0678563117980957
1977,7,7,-1.8561859130859375
1977,7,8,-1.491273045539856
1977,7,9,-1.3685617446899414
1977,7,10,-1.3039199113845825
1977,7,11,-1.2357707023620605
1977,7,12,-1.1576908826828003
1977,7,13,-0.6586683988571167
1977,7,14,-0.2932041585445404
1977,7,15,0.0112722497433424
1977,7,16,0.5875566601753235
1977,7,17,0.9474971890449524
1977,7,18,0.9029374718666077
1977,7,19,0.48634815216064453
1977,7,20,0.27015724778175354
1977,7,21,0.006662121973931789
1977,7,22,-0.2131921947002411
1977,7,23,0.027167227119207382
1977,7,24,0.1051984429359436
1977,7,25,-0.009962953627109528
1977,7,26,-0.152544304728508
1977,7,27,-0.09865404665470123
1977,7,28,0.2886166572570801
1977,7,29,0.4960203170776367
1977,7,30,0.45486482977867126
1977,7,31,0.04405004903674126
1977,8,1,-0.44759947061538696
1977,8,2,-0.9495394229888916
1977,8,3,-1.4316734075546265
1977,8,4,-1.4244693517684937
1977,8,5,-1.2299385070800781
1977,8,6,-1.3867729902267456
1977,8,7,-1.6357275247573853
1977,8,8,-2.1867635250091553
1977,8,9,-2.539005994796753
1977,8,10,-2.971862316131592
1977,8,11,-2.7548677921295166
1977,8,12,-2.7967793941497803
1977,8,13,-2.753544330596924
1977,8,14,-2.5171916484832764
1977,8,15,-2.1579575538635254
1977,8,16,-1.90176260471344
1977,8,17,-1.677430510520935
1977,8,18,-1.3780087232589722
1977,8,19,-1.2538498640060425
1977,8,20,-1.64290189743042
1977,8,21,-2.057675838470459
1977,8,22,-2.187448024749756
1977,8,23,-2.1146233081817627
1977,8,24,-1.8690145015716553
1977,8,25,-1.4178940057754517
1977,8,26,-0.8207643628120422
1977,8,27,0.10952762514352798
1977,8,28,1.024366021156311
1977,8,29,1.5712140798568726
1977,8,30,1.3657773733139038
1977,8,31,1.2110743522644043
1977,9,1,1.286447286605835
1977,9,2,1.578877329826355
1977,9,3,1.984378457069397
1977,9,4,1.9845575094223022
1977,9,5,1.6720871925354004
1977,9,6,1.6029443740844727
1977,9,7,1.72421395778656
1977,9,8,1.6708331108093262
1977,9,9,1.5311963558197021
1977,9,10,1.0226088762283325
1977,9,11,0.8090644478797913
1977,9,12,0.7843277454376221
1977,9,13,0.4821949005126953
1977,9,14,0.18943573534488678
1977,9,15,-0.645761251449585
1977,9,16,-0.9025717973709106
1977,9,17,-0.5548215508460999
1977,9,18,-0.22978518903255463
1977,9,19,-0.4303742051124573
1977,9,20,-0.5410594344139099
1977,9,21,-0.4453849196434021
1977,9,22,-0.40161192417144775
1977,9,23,-0.8128141760826111
1977,9,24,-0.6617749333381653
1977,9,25,-0.25741255283355713
1977,9,26,0.042331255972385406
1977,9,27,0.19221748411655426
1977,9,28,1.0392286777496338
1977,9,29,1.7321696281433105
1977,9,30,1.5198249816894531
1977,10,1,0.6786412000656128
1977,10,2,0.16942085325717926
1977,10,3,0.06951512396335602
1977,10,4,0.1549520492553711
1977,10,5,-0.21090924739837646
1977,10,6,-0.5705495476722717
1977,10,7,-0.7471656203269958
1977,10,8,-0.9769108891487122
1977,10,9,-0.6257193684577942
1977,10,10,-0.715622067451477
1977,10,11,-1.029391884803772
1977,10,12,-0.8892604112625122
1977,10,13,-1.3235316276550293
1977,10,14,-2.066359043121338
1977,10,15,-2.3182997703552246
1977,10,16,-1.5292257070541382
1977,10,17,-0.7919255495071411
1977,10,18,-0.35666367411613464
1977,10,19,-0.2226482480764389
1977,10,20,-0.3451292812824249
1977,10,21,-0.41177335381507874
1977,10,22,0.09074506163597107
1977,10,23,0.8678788542747498
1977,10,24,1.301560401916504
1977,10,25,1.431734561920166
1977,10,26,1.566228985786438
1977,10,27,1.7556127309799194
1977,10,28,1.4269965887069702
1977,10,29,1.295443058013916
1977,10,30,1.8176790475845337
1977,10,31,2.227195978164673
1977,11,1,2.283289909362793
1977,11,2,1.942976713180542
1977,11,3,1.4432951211929321
1977,11,4,1.2208153009414673
1977,11,5,1.4755187034606934
1977,11,6,1.9472219944000244
1977,11,7,2.040156126022339
1977,11,8,1.6233644485473633
1977,11,9,1.1316757202148438
1977,11,10,1.4166241884231567
1977,11,11,1.7725942134857178
1977,11,12,2.1923961639404297
1977,11,13,2.7402565479278564
1977,11,14,2.4947309494018555
1977,11,15,1.7074674367904663
1977,11,16,0.6092398166656494
1977,11,17,-0.8395165205001831
1977,11,18,-1.6285101175308228
1977,11,19,-1.926054835319519
1977,11,20,-2.245483636856079
1977,11,21,-2.1038765907287598
1977,11,22,-1.4800684452056885
1977,11,23,-0.9289609789848328
1977,11,24,-0.7723103165626526
1977,11,25,-0.8113143444061279
1977,11,26,-0.8902477025985718
1977,11,27,-1.1671147346496582
1977,11,28,-0.09099505841732025
1977,11,29,2.11366868019104
1977,11,30,2.238818407058716
1977,12,1,0.8395170569419861
1977,12,2,-0.1332605928182602
1977,12,3,-0.39110252261161804
1977,12,4,-0.6654659509658813
1977,12,5,-1.5182623863220215
1977,12,6,-2.452380418777466
1977,12,7,-3.070897102355957
1977,12,8,-2.823873996734619
1977,12,9,-1.9454296827316284
1977,12,10,-1.701109766960144
1977,12,11,-1.1126559972763062
1977,12,12,0.42072415351867676
1977,12,13,1.6578034162521362
1977,12,14,2.288219451904297
1977,12,15,1.9733883142471313
1977,12,16,1.1359385251998901
1977,12,17,0.4294387400150299
1977,12,18,-0.40577432513237
1977,12,19,-1.3175808191299438
1977,12,20,-2.071382522583008
1977,12,21,-2.2740280628204346
1977,12,22,-1.7905945777893066
1977,12,23,-0.5335006713867188
1977,12,24,1.6629018783569336
1977,12,25,1.883230209350586
1977,12,26,0.8325675129890442
1977,12,27,0.43506309390068054
1977,12,28,0.8964361548423767
1977,12,29,0.880202054977417
1977,12,30,0.8666867017745972
1977,12,31,0.837203860282898
1978,1,1,0.6754898428916931
1978,1,2,0.2671411335468292
1978,1,3,-0.4614163339138031
1978,1,4,-0.4826749861240387
1978,1,5,0.2818780541419983
1978,1,6,0.5368698835372925
1978,1,7,0.34426066279411316
1978,1,8,0.5498403310775757
1978,1,9,0.6090347766876221
1978,1,10,0.4609765410423279
1978,1,11,-0.21537016332149506
1978,1,12,-0.14324085414409637
1978,1,13,0.2750105857849121
1978,1,14,0.39091387391090393
1978,1,15,-0.019751252606511116
1978,1,16,-0.35301798582077026
1978,1,17,-0.009005502797663212
1978,1,18,0.20074200630187988
1978,1,19,-0.18831492960453033
1978,1,20,-0.24970094859600067
1978,1,21,-0.16354531049728394
1978,1,22,-0.44629615545272827
1978,1,23,-0.6718589663505554
1978,1,24,-0.9916706085205078
1978,1,25,-1.0808454751968384
1978,1,26,-1.2481460571289062
1978,1,27,-1.574170470237732
1978,1,28,-1.6598201990127563
1978,1,29,-1.443139910697937
1978,1,30,-1.491660714149475
1978,1,31,-2.074739694595337
1978,2,1,-3.0366976261138916
1978,2,2,-4.21336030960083
1978,2,3,-4.573505878448486
1978,2,4,-4.846462249755859
1978,2,5,-5.291137218475342
1978,2,6,-5.026390075683594
1978,2,7,-4.474093437194824
1978,2,8,-4.039852142333984
1978,2,9,-3.981767177581787
1978,2,10,-4.329134464263916
1978,2,11,-4.769207954406738
1978,2,12,-4.926774978637695
1978,2,13,-4.761119365692139
1978,2,14,-3.8199284076690674
1978,2,15,-3.382359266281128
1978,2,16,-2.6485443115234375
1978,2,17,-1.7524402141571045
1978,2,18,-1.4184420108795166
1978,2,19,-1.4912563562393188
1978,2,20,-1.2841646671295166
1978,2,21,-1.0275084972381592
1978,2,22,-1.179092526435852
1978,2,23,-1.0187739133834839
1978,2,24,-0.5106472373008728
1978,2,25,-0.5715805888175964
1978,2,26,-0.7524059414863586
1978,2,27,-0.8927567005157471
1978,2,28,-1.3616116046905518
1978,3,1,-2.0947916507720947
1978,3,2,-2.6336050033569336
1978,3,3,-3.0552711486816406
1978,3,4,-3.2174971103668213
1978,3,5,-3.134704113006592
1978,3,6,-2.2897918224334717
1978,3,7,-1.2355648279190063
1978,3,8,-0.3652377128601074
1978,3,9,0.34518152475357056
1978,3,10,0.8500760793685913
1978,3,11,0.7288267612457275
1978,3,12,1.0174695253372192
1978,3,13,1.9608261585235596
1978,3,14,2.2543604373931885
1978,3,15,2.103445291519165
1978,3,16,1.584360122680664
1978,3,17,2.0856263637542725
1978,3,18,3.0005578994750977
1978,3,19,3.92604923248291
1978,3,20,4.179638862609863
1978,3,21,2.739109754562378
1978,3,22,1.803619623184204
1978,3,23,0.9959980249404907
1978,3,24,0.9126673340797424
1978,3,25,0.6877192258834839
1978,3,26,0.6198960542678833
1978,3,27,0.7977340221405029
1978,3,28,0.4223659038543701
1978,3,29,0.21348808705806732
1978,3,30,0.19144406914710999
1978,3,31,-0.3912295699119568
1978,4,1,-1.036745309829712
1978,4,2,-1.5153108835220337
1978,4,3,-1.5894415378570557
1978,4,4,-0.9878666996955872
1978,4,5,-0.08206576108932495
1978,4,6,0.22427192330360413
1978,4,7,-0.014239856041967869
1978,4,8,-0.4608614444732666
1978,4,9,-0.20707489550113678
1978,4,10,0.1364639699459076
1978,4,11,0.5156700611114502
1978,4,12,-0.2785559892654419
1978,4,13,-0.9783229827880859
1978,4,14,-1.0062336921691895
1978,4,15,-1.0340640544891357
1978,4,16,-1.0641582012176514
1978,4,17,-0.7254438400268555
1978,4,18,-0.520926833152771
1978,4,19,-0.20634537935256958
1978,4,20,-0.2619907855987549
1978,4,21,-0.8401697278022766
1978,4,22,-1.3523216247558594
1978,4,23,-1.6747456789016724
1978,4,24,-1.8817992210388184
1978,4,25,-1.7086586952209473
1978,4,26,-1.5980881452560425
1978,4,27,-1.9069736003875732
1978,4,28,-2.0766499042510986
1978,4,29,-1.9133557081222534
1978,4,30,-1.9374529123306274
1978,5,1,-1.4923012256622314
1978,5,2,-0.6498477458953857
1978,5,3,0.16346170008182526
1978,5,4,0.3601054847240448
1978,5,5,-0.031377971172332764
1978,5,6,-0.577341616153717
1978,5,7,-0.8376079201698303
1978,5,8,-0.7807761430740356
1978,5,9,-0.37680962681770325
1978,5,10,0.6871393918991089
1978,5,11,1.2660942077636719
1978,5,12,1.0330960750579834
1978,5,13,0.10664643347263336
1978,5,14,-0.4609842300415039
1978,5,15,-0.65459805727005
1978,5,16,-0.8189557194709778
1978,5,17,-0.5794249176979065
1978,5,18,-0.3366195857524872
1978,5,19,-0.08153659105300903
1978,5,20,0.27900177240371704
1978,5,21,0.3483790457248688
1978,5,22,-0.148806631565094
1978,5,23,-0.19826209545135498
1978,5,24,0.4226734936237335
1978,5,25,0.8264826536178589
1978,5,26,0.9577361941337585
1978,5,27,1.147926926612854
1978,5,28,1.2158663272857666
1978,5,29,0.8514809608459473
1978,5,30,0.2305256724357605
1978,5,31,-0.10904724895954132
1978,6,1,0.26150625944137573
1978,6,2,0.7501622438430786
1978,6,3,0.8589953780174255
1978,6,4,0.8472440242767334
1978,6,5,0.9678745865821838
1978,6,6,1.2114381790161133
1978,6,7,1.5517090559005737
1978,6,8,1.853896975517273
1978,6,9,1.6969704627990723
1978,6,10,1.4051841497421265
1978,6,11,1.2933311462402344
1978,6,12,1.2680578231811523
1978,6,13,1.0327365398406982
1978,6,14,0.7562006711959839
1978,6,15,0.5783715844154358
1978,6,16,0.23475727438926697
1978,6,17,0.36848220229148865
1978,6,18,0.7123838663101196
1978,6,19,1.1232097148895264
1978,6,20,0.9229989647865295
1978,6,21,0.3375720977783203
1978,6,22,-0.12696339190006256
1978,6,23,-0.3638976812362671
1978,6,24,-0.44483140110969543
1978,6,25,0.01365345437079668
1978,6,26,0.34691140055656433
1978,6,27,0.35700157284736633
1978,6,28,0.05199316889047623
1978,6,29,-0.5667814016342163
1978,6,30,-0.941217839717865
1978,7,1,-1.3691049814224243
1978,7,2,-1.727880835533142
1978,7,3,-1.9081071615219116
1978,7,4,-1.7169710397720337
1978,7,5,-1.3963634967803955
1978,7,6,-0.9473394155502319
1978,7,7,-0.6881691813468933
1978,7,8,-0.5837166905403137
1978,7,9,-0.3239104449748993
1978,7,10,-0.2036823034286499
1978,7,11,-0.346679151058197
1978,7,12,-0.3683757185935974
1978,7,13,-0.36535388231277466
1978,7,14,-0.5015498399734497
1978,7,15,-0.8839706778526306
1978,7,16,-1.087501883506775
1978,7,17,-1.1327153444290161
1978,7,18,-0.9820083379745483
1978,7,19,-0.6093137264251709
1978,7,20,-0.12965881824493408
1978,7,21,-0.06292638182640076
1978,7,22,0.0613202303647995
1978,7,23,0.2501252293586731
1978,7,24,0.20215146243572235
1978,7,25,-0.13768118619918823
1978,7,26,-0.4003751575946808
1978,7,27,-0.24601371586322784
1978,7,28,-0.06903527677059174
1978,7,29,-0.17162148654460907
1978,7,30,-0.08370442688465118
1978,7,31,-0.13079485297203064
1978,8,1,0.17769141495227814
1978,8,2,0.31327345967292786
1978,8,3,-0.10813531279563904
1978,8,4,-0.9446040391921997
1978,8,5,-1.067600965499878
1978,8,6,-0.6887117624282837
1978,8,7,-0.24548839032649994
1978,8,8,-0.21875004470348358
1978,8,9,-0.2910337448120117
1978,8,10,-0.14893805980682373
1978,8,11,-0.1246941089630127
1978,8,12,-0.05327921360731125
1978,8,13,0.39877161383628845
1978,8,14,0.43696144223213196
1978,8,15,0.37606489658355713
1978,8,16,0.23378287255764008
1978,8,17,0.0622425340116024
1978,8,18,0.012317732907831669
1978,8,19,-0.02516947127878666
1978,8,20,0.4931233823299408
1978,8,21,0.864143967628479
1978,8,22,0.620237410068512
1978,8,23,-0.13038137555122375
1978,8,24,-0.6554514169692993
1978,8,25,-1.0600190162658691
1978,8,26,-0.9933376908302307
1978,8,27,-1.2973628044128418
1978,8,28,-1.683836817741394
1978,8,29,-1.7292190790176392
1978,8,30,-1.5418906211853027
1978,8,31,-1.557252287864685
1978,9,1,-1.6397641897201538
1978,9,2,-1.6096025705337524
1978,9,3,-1.6681630611419678
1978,9,4,-1.8853205442428589
1978,9,5,-1.705174446105957
1978,9,6,-1.5199966430664062
1978,9,7,-1.2554749250411987
1978,9,8,-0.9959883093833923
1978,9,9,-0.6353062391281128
1978,9,10,-0.28191518783569336
1978,9,11,-0.5104835629463196
1978,9,12,-0.39624643325805664
1978,9,13,0.237837553024292
1978,9,14,1.2769354581832886
1978,9,15,1.945035696029663
1978,9,16,1.9411118030548096
1978,9,17,1.6687363386154175
1978,9,18,0.9336808919906616
1978,9,19,0.16413290798664093
1978,9,20,-0.10095003992319107
1978,9,21,0.25180548429489136
1978,9,22,0.6258899569511414
1978,9,23,1.1040992736816406
1978,9,24,1.300611138343811
1978,9,25,1.198355793952942
1978,9,26,0.787096381187439
1978,9,27,0.1004181057214737
1978,9,28,-0.34442338347435
1978,9,29,-0.9108136892318726
1978,9,30,-0.9434377551078796
1978,10,1,-0.5036965608596802
1978,10,2,-0.47768542170524597
1978,10,3,-1.0876219272613525
1978,10,4,-1.2514517307281494
1978,10,5,-1.0571763515472412
1978,10,6,-1.5255624055862427
1978,10,7,-1.8352813720703125
1978,10,8,-1.6064419746398926
1978,10,9,-0.20248878002166748
1978,10,10,1.5615427494049072
1978,10,11,1.9249428510665894
1978,10,12,1.3298449516296387
1978,10,13,0.8284639120101929
1978,10,14,0.7296208143234253
1978,10,15,0.6340919733047485
1978,10,16,0.48745065927505493
1978,10,17,0.5294737219810486
1978,10,18,0.9736250638961792
1978,10,19,1.615496039390564
1978,10,20,1.5079731941223145
1978,10,21,1.4858680963516235
1978,10,22,1.219523310661316
1978,10,23,1.242681622505188
1978,10,24,1.6718777418136597
1978,10,25,1.8215745687484741
1978,10,26,2.3363497257232666
1978,10,27,2.5471832752227783
1978,10,28,2.5488216876983643
1978,10,29,2.908573865890503
1978,10,30,3.091278314590454
1978,10,31,3.2941269874572754
1978,11,1,3.9246127605438232
1978,11,2,4.544460296630859
1978,11,3,3.921071767807007
1978,11,4,3.105269432067871
1978,11,5,2.5659446716308594
1978,11,6,2.306502103805542
1978,11,7,2.254331588745117
1978,11,8,2.9396557807922363
1978,11,9,3.256077527999878
1978,11,10,3.5086708068847656
1978,11,11,3.9410343170166016
1978,11,12,3.82541823387146
1978,11,13,3.5963099002838135
1978,11,14,3.391781806945801
1978,11,15,2.997002601623535
1978,11,16,2.803448438644409
1978,11,17,2.6232738494873047
1978,11,18,2.7764883041381836
1978,11,19,3.242360830307007
1978,11,20,4.008827209472656
1978,11,21,3.689594030380249
1978,11,22,3.3476996421813965
1978,11,23,2.310236930847168
1978,11,24,0.5807603001594543
1978,11,25,-1.2220439910888672
1978,11,26,-2.138439655303955
1978,11,27,-1.4279958009719849
1978,11,28,-0.01791367121040821
1978,11,29,0.6192503571510315
1978,11,30,0.17373228073120117
1978,12,1,0.23931461572647095
1978,12,2,0.38972800970077515
1978,12,3,0.6527510285377502
1978,12,4,0.5397367477416992
1978,12,5,-0.4834820330142975
1978,12,6,-1.6857078075408936
1978,12,7,-2.057481288909912
1978,12,8,-1.2546143531799316
1978,12,9,-0.29826244711875916
1978,12,10,-0.2661878168582916
1978,12,11,-0.1657700389623642
1978,12,12,0.38325390219688416
1978,12,13,1.064119577407837
1978,12,14,1.444882869720459
1978,12,15,0.540966808795929
1978,12,16,0.5031569600105286
1978,12,17,0.6739716529846191
1978,12,18,0.9599789977073669
1978,12,19,-0.12464538216590881
1978,12,20,-0.9371097683906555
1978,12,21,-1.1919063329696655
1978,12,22,-1.5218979120254517
1978,12,23,-1.5513602495193481
1978,12,24,-1.5729628801345825
1978,12,25,-2.6070826053619385
1978,12,26,-3.5877857208251953
1978,12,27,-4.291784763336182
1978,12,28,-4.184138774871826
1978,12,29,-3.693195104598999
1978,12,30,-3.102884292602539
1978,12,31,-2.1201493740081787
1979,1,1,-1.5349195003509521
1979,1,2,-1.6232961416244507
1979,1,3,-1.9221488237380981
1979,1,4,-1.1797055006027222
1979,1,5,0.3335669934749603
1979,1,6,0.7895974516868591
1979,1,7,0.45134565234184265
1979,1,8,-0.1228993758559227
1979,1,9,-0.932206928730011
1979,1,10,-1.7990623712539673
1979,1,11,-2.249600410461426
1979,1,12,-2.2888197898864746
1979,1,13,-2.1949541568756104
1979,1,14,-2.2895822525024414
1979,1,15,-2.3846871852874756
1979,1,16,-1.5906189680099487
1979,1,17,-1.7823385000228882
1979,1,18,-2.783823013305664
1979,1,19,-3.3792779445648193
1979,1,20,-3.8875701427459717
1979,1,21,-4.320122718811035
1979,1,22,-3.958045482635498
1979,1,23,-3.418656826019287
1979,1,24,-4.013781547546387
1979,1,25,-4.38714075088501
1979,1,26,-3.8185057640075684
1979,1,27,-3.105376958847046
1979,1,28,-2.250718593597412
1979,1,29,-1.8428499698638916
1979,1,30,-1.7748785018920898
1979,1,31,-1.4982433319091797
1979,2,1,-1.7437466382980347
1979,2,2,-1.7993617057800293
1979,2,3,-1.5193814039230347
1979,2,4,-1.423775553703308
1979,2,5,-1.2746108770370483
1979,2,6,-1.5962681770324707
1979,2,7,-1.6958249807357788
1979,2,8,-1.6886271238327026
1979,2,9,-1.0644887685775757
1979,2,10,-1.1196011304855347
1979,2,11,-1.45134699344635
1979,2,12,-1.343137502670288
1979,2,13,-0.9395798444747925
1979,2,14,-0.7252894043922424
1979,2,15,-0.33424344658851624
1979,2,16,-0.21457397937774658
1979,2,17,-0.44362953305244446
1979,2,18,0.08294570446014404
1979,2,19,0.7320770025253296
1979,2,20,0.7986568212509155
1979,2,21,0.4225074350833893
1979,2,22,-0.7680103182792664
1979,2,23,-1.6085896492004395
1979,2,24,-1.1836302280426025
1979,2,25,-0.09041378647089005
1979,2,26,0.96457839012146
1979,2,27,1.3699384927749634
1979,2,28,0.8405272960662842
1979,3,1,0.3715441823005676
1979,3,2,0.7366934418678284
1979,3,3,1.127288579940796
1979,3,4,1.2641520500183105
1979,3,5,1.4135637283325195
1979,3,6,1.2071453332901
1979,3,7,1.0896636247634888
1979,3,8,0.7699901461601257
1979,3,9,0.03138719126582146
1979,3,10,-0.22645825147628784
1979,3,11,-0.904143214225769
1979,3,12,-2.146252393722534
1979,3,13,-2.790102481842041
1979,3,14,-2.545898675918579
1979,3,15,-2.666714668273926
1979,3,16,-3.0316433906555176
1979,3,17,-2.964977979660034
1979,3,18,-2.917201042175293
1979,3,19,-2.3876640796661377
1979,3,20,-1.75263249874115
1979,3,21,-1.292007565498352
1979,3,22,-0.5858979821205139
1979,3,23,-0.22702628374099731
1979,3,24,-0.24496138095855713
1979,3,25,0.1471007764339447
1979,3,26,0.3964464068412781
1979,3,27,-0.46620944142341614
1979,3,28,-1.3742798566818237
1979,3,29,-1.351611852645874
1979,3,30,-1.3351795673370361
1979,3,31,-1.6877888441085815
1979,4,1,-2.4375782012939453
1979,4,2,-2.76768159866333
1979,4,3,-2.6912217140197754
1979,4,4,-2.6066977977752686
1979,4,5,-2.954547882080078
1979,4,6,-3.337470769882202
1979,4,7,-3.4373691082000732
1979,4,8,-3.278641939163208
1979,4,9,-3.240858554840088
1979,4,10,-3.3628063201904297
1979,4,11,-3.5751051902770996
1979,4,12,-3.131535768508911
1979,4,13,-2.1137759685516357
1979,4,14,-1.9013158082962036
1979,4,15,-2.0424084663391113
1979,4,16,-1.673613429069519
1979,4,17,-0.999873161315918
1979,4,18,-0.05084434896707535
1979,4,19,0.7341395020484924
1979,4,20,1.0530787706375122
1979,4,21,1.4328569173812866
1979,4,22,1.9567022323608398
1979,4,23,1.8759281635284424
1979,4,24,1.5432394742965698
1979,4,25,1.1230841875076294
1979,4,26,0.6099225878715515
1979,4,27,0.7527039051055908
1979,4,28,0.8167317509651184
1979,4,29,0.25306788086891174
1979,4,30,-0.020250581204891205
1979,5,1,-0.5160180330276489
1979,5,2,-1.084965705871582
1979,5,3,-1.5008565187454224
1979,5,4,-1.5401464700698853
1979,5,5,-1.1070783138275146
1979,5,6,-0.9021239876747131
1979,5,7,-0.970461368560791
1979,5,8,-1.1037261486053467
1979,5,9,-1.03178870677948
1979,5,10,-1.057595133781433
1979,5,11,-1.3475351333618164
1979,5,12,-0.7713759541511536
1979,5,13,0.28177401423454285
1979,5,14,1.079986333847046
1979,5,15,1.1152749061584473
1979,5,16,0.6761945486068726
1979,5,17,0.8207610249519348
1979,5,18,1.8035560846328735
1979,5,19,1.811728596687317
1979,5,20,0.41321390867233276
1979,5,21,-0.42296603322029114
1979,5,22,-0.630308985710144
1979,5,23,-0.03476175665855408
1979,5,24,0.3519574701786041
1979,5,25,0.09375070035457611
1979,5,26,0.00021552892576437443
1979,5,27,-0.4331437945365906
1979,5,28,-0.7781051397323608
1979,5,29,-0.30254846811294556
1979,5,30,0.1024380773305893
1979,5,31,-0.49551039934158325
1979,6,1,-0.8079854249954224
1979,6,2,-0.8079763054847717
1979,6,3,-0.7232253551483154
1979,6,4,-0.40964433550834656
1979,6,5,0.07725521922111511
1979,6,6,0.439412385225296
1979,6,7,0.6291131973266602
1979,6,8,1.0171058177947998
1979,6,9,1.4793668985366821
1979,6,10,1.9492818117141724
1979,6,11,2.1183409690856934
1979,6,12,2.306065797805786
1979,6,13,2.5382513999938965
1979,6,14,2.4190309047698975
1979,6,15,2.280345916748047
1979,6,16,1.5741294622421265
1979,6,17,1.0107778310775757
1979,6,18,0.8775274157524109
1979,6,19,0.706073522567749
1979,6,20,0.838182270526886
1979,6,21,0.9458035826683044
1979,6,22,0.5579196810722351
1979,6,23,-0.03616589680314064
1979,6,24,-0.200467050075531
1979,6,25,0.31624025106430054
1979,6,26,1.0929982662200928
1979,6,27,1.805715560913086
1979,6,28,1.676088571548462
1979,6,29,0.8548044562339783
1979,6,30,0.47156813740730286
1979,7,1,0.44324034452438354
1979,7,2,0.0575447641313076
1979,7,3,-0.4794170558452606
1979,7,4,-0.7824034690856934
1979,7,5,-0.03875972703099251
1979,7,6,1.005338430404663
1979,7,7,1.4184296131134033
1979,7,8,1.1064927577972412
1979,7,9,0.5717848539352417
1979,7,10,-0.000266163086052984
1979,7,11,-0.3005504012107849
1979,7,12,-0.42086008191108704
1979,7,13,-0.740348219871521
1979,7,14,-1.0261573791503906
1979,7,15,-0.757221519947052
1979,7,16,-0.2733951807022095
1979,7,17,0.18474943935871124
1979,7,18,0.6664674282073975
1979,7,19,0.8713473081588745
1979,7,20,0.5487263798713684
1979,7,21,0.26622235774993896
1979,7,22,0.06267953664064407
1979,7,23,-0.18686382472515106
1979,7,24,-0.5040400624275208
1979,7,25,-0.3703950047492981
1979,7,26,-0.20261777937412262
1979,7,27,-0.0013706906465813518
1979,7,28,0.15898257493972778
1979,7,29,0.16591836512088776
1979,7,30,-0.002125607570633292
1979,7,31,-0.2928464114665985
1979,8,1,-0.13460516929626465
1979,8,2,0.3306071162223816
1979,8,3,0.6795474886894226
1979,8,4,0.8036142587661743
1979,8,5,0.6811432242393494
1979,8,6,0.4780184328556061
1979,8,7,0.3330346345901489
1979,8,8,0.03432316705584526
1979,8,9,-0.5096108317375183
1979,8,10,-0.6784657835960388
1979,8,11,-0.8005198240280151
1979,8,12,-0.7895503640174866
1979,8,13,-0.8875051140785217
1979,8,14,-0.8944451212882996
1979,8,15,-0.46929052472114563
1979,8,16,-0.4589672088623047
1979,8,17,-0.9492891430854797
1979,8,18,-1.537781000137329
1979,8,19,-1.7551738023757935
1979,8,20,-1.4483157396316528
1979,8,21,-1.0925452709197998
1979,8,22,-1.0639454126358032
1979,8,23,-0.9768862128257751
1979,8,24,-0.9953780770301819
1979,8,25,-1.3138713836669922
1979,8,26,-1.1889078617095947
1979,8,27,-0.9648789763450623
1979,8,28,-1.0523489713668823
1979,8,29,-1.071328043937683
1979,8,30,-1.1732196807861328
1979,8,31,-1.5901768207550049
1979,9,1,-1.9368106126785278
1979,9,2,-2.0368294715881348
1979,9,3,-1.8106980323791504
1979,9,4,-1.73256516456604
1979,9,5,-1.8136229515075684
1979,9,6,-1.4185035228729248
1979,9,7,-0.7415834665298462
1979,9,8,-0.12137527763843536
1979,9,9,0.4453006386756897
1979,9,10,0.4347805976867676
1979,9,11,0.03442174941301346
1979,9,12,-0.40034690499305725
1979,9,13,-0.5208792090415955
1979,9,14,-0.5068696141242981
1979,9,15,-0.26048997044563293
1979,9,16,0.5755030512809753
1979,9,17,1.3412206172943115
1979,9,18,1.7882181406021118
1979,9,19,1.5672550201416016
1979,9,20,0.6558444499969482
1979,9,21,0.7071686387062073
1979,9,22,1.0646698474884033
1979,9,23,1.0685817003250122
1979,9,24,1.1971677541732788
1979,9,25,1.1510052680969238
1979,9,26,1.2211021184921265
1979,9,27,0.9865649342536926
1979,9,28,0.10073602199554443
1979,9,29,-0.979732871055603
1979,9,30,-1.3916397094726562
1979,10,1,-1.3953392505645752
1979,10,2,-1.5720123052597046
1979,10,3,-1.7603822946548462
1979,10,4,-1.3324241638183594
1979,10,5,-1.3343863487243652
1979,10,6,-2.0794589519500732
1979,10,7,-2.9158518314361572
1979,10,8,-3.4708619117736816
1979,10,9,-3.237041711807251
1979,10,10,-2.188657522201538
1979,10,11,-1.7081776857376099
1979,10,12,-1.6880959272384644
1979,10,13,-1.4224519729614258
1979,10,14,-1.827393889427185
1979,10,15,-2.2794156074523926
1979,10,16,-0.6183602213859558
1979,10,17,0.9347652792930603
1979,10,18,1.539974331855774
1979,10,19,1.6025009155273438
1979,10,20,1.1029609441757202
1979,10,21,-0.02577596716582775
1979,10,22,-0.46894875168800354
1979,10,23,-0.6916371583938599
1979,10,24,-1.3868422508239746
1979,10,25,-1.5706170797348022
1979,10,26,-1.0299164056777954
1979,10,27,-0.852620005607605
1979,10,28,-1.1716794967651367
1979,10,29,-1.535356879234314
1979,10,30,-1.41800057888031
1979,10,31,-1.3745790719985962
1979,11,1,-1.667909860610962
1979,11,2,-1.607802391052246
1979,11,3,-0.1570284515619278
1979,11,4,1.1691057682037354
1979,11,5,0.9492745399475098
1979,11,6,0.04945871978998184
1979,11,7,-0.4878324270248413
1979,11,8,-0.8220268487930298
1979,11,9,-0.7012845277786255
1979,11,10,-0.3395773768424988
1979,11,11,0.3783121407032013
1979,11,12,0.9716454744338989
1979,11,13,0.82327800989151
1979,11,14,0.23777593672275543
1979,11,15,-0.2599027752876282
1979,11,16,0.14155615866184235
1979,11,17,0.6162383556365967
1979,11,18,-0.02977990172803402
1979,11,19,-0.7798266410827637
1979,11,20,-0.44178393483161926
1979,11,21,0.7227493524551392
1979,11,22,1.9373313188552856
1979,11,23,2.7892115116119385
1979,11,24,2.8638875484466553
1979,11,25,2.396763324737549
1979,11,26,1.6402446031570435
1979,11,27,-0.17013558745384216
1979,11,28,-0.2700689435005188
1979,11,29,1.0102876424789429
1979,11,30,2.7804505825042725
1979,12,1,4.593191623687744
1979,12,2,5.039664268493652
1979,12,3,4.579570770263672
1979,12,4,4.453317642211914
1979,12,5,4.7998504638671875
1979,12,6,3.916041612625122
1979,12,7,2.814051866531372
1979,12,8,3.184568166732788
1979,12,9,3.2116787433624268
1979,12,10,3.0845844745635986
1979,12,11,2.1822097301483154
1979,12,12,0.8119720816612244
1979,12,13,0.37551650404930115
1979,12,14,0.2292906790971756
1979,12,15,-0.4608711302280426
1979,12,16,-1.1700026988983154
1979,12,17,-0.9800817370414734
1979,12,18,-0.8315865397453308
1979,12,19,-0.37324589490890503
1979,12,20,1.0551923513412476
1979,12,21,2.061814069747925
1979,12,22,1.7492347955703735
1979,12,23,0.8123561143875122
1979,12,24,-0.10107286274433136
1979,12,25,-0.718559741973877
1979,12,26,-0.5687639713287354
1979,12,27,-0.05043201148509979
1979,12,28,0.10949297994375229
1979,12,29,-0.8281201720237732
1979,12,30,-1.892790675163269
1979,12,31,-2.379639148712158
1980,1,1,-2.5460855960845947
1980,1,2,-2.0846943855285645
1980,1,3,-1.3508607149124146
1980,1,4,-1.3611549139022827
1980,1,5,-1.5022530555725098
1980,1,6,-1.3474879264831543
1980,1,7,-0.802882969379425
1980,1,8,-0.14461007714271545
1980,1,9,-0.31721585988998413
1980,1,10,-1.061260461807251
1980,1,11,-2.296969413757324
1980,1,12,-2.3147873878479004
1980,1,13,-1.6610724925994873
1980,1,14,-1.6555842161178589
1980,1,15,-1.446946620941162
1980,1,16,-1.0752919912338257
1980,1,17,-0.6212967038154602
1980,1,18,-1.115295648574829
1980,1,19,-1.8510483503341675
1980,1,20,-2.213279962539673
1980,1,21,-2.701997756958008
1980,1,22,-2.9854636192321777
1980,1,23,-2.9689366817474365
1980,1,24,-3.705115556716919
1980,1,25,-3.637941360473633
1980,1,26,-3.1088807582855225
1980,1,27,-2.5892493724823
1980,1,28,-2.1914174556732178
1980,1,29,-2.515162944793701
1980,1,30,-3.170320987701416
1980,1,31,-3.4177441596984863
1980,2,1,-3.0113980770111084
1980,2,2,-2.512052536010742
1980,2,3,-1.6972180604934692
1980,2,4,-1.5747718811035156
1980,2,5,-2.255260705947876
1980,2,6,-2.6378040313720703
1980,2,7,-2.549302577972412
1980,2,8,-2.292525053024292
1980,2,9,-2.351170063018799
1980,2,10,-2.2732484340667725
1980,2,11,-2.3691186904907227
1980,2,12,-1.8282296657562256
1980,2,13,-1.033305287361145
1980,2,14,-0.5366799831390381
1980,2,15,-0.08522633463144302
1980,2,16,0.3315863609313965
1980,2,17,0.06090952083468437
1980,2,18,-0.07098440080881119
1980,2,19,0.8659734725952148
1980,2,20,1.0123385190963745
1980,2,21,0.4719303250312805
1980,2,22,0.36861947178840637
1980,2,23,1.003414273262024
1980,2,24,0.9054742455482483
1980,2,25,0.4632658362388611
1980,2,26,-0.5591800808906555
1980,2,27,-0.8945761322975159
1980,2,28,-0.49819469451904297
1980,2,29,-0.5708131194114685
1980,3,1,-0.8069795966148376
1980,3,2,-0.4104229807853699
1980,3,3,-0.023941177874803543
1980,3,4,0.13732512295246124
1980,3,5,0.6027645468711853
1980,3,6,0.9125515818595886
1980,3,7,0.1329389363527298
1980,3,8,0.42790570855140686
1980,3,9,0.46097272634506226
1980,3,10,0.4155251681804657
1980,3,11,0.17469759285449982
1980,3,12,-0.4405609369277954
1980,3,13,-0.9047039747238159
1980,3,14,-0.9164323210716248
1980,3,15,-1.5942139625549316
1980,3,16,-2.5610008239746094
1980,3,17,-3.1876888275146484
1980,3,18,-2.795180082321167
1980,3,19,-2.8331727981567383
1980,3,20,-2.791414976119995
1980,3,21,-2.789839029312134
1980,3,22,-2.7174723148345947
1980,3,23,-2.7007176876068115
1980,3,24,-2.870196580886841
1980,3,25,-2.7414257526397705
1980,3,26,-2.6956512928009033
1980,3,27,-2.587984323501587
1980,3,28,-2.281101703643799
1980,3,29,-2.1336536407470703
1980,3,30,-1.93874192237854
1980,3,31,-1.3963299989700317
1980,4,1,-1.2828798294067383
1980,4,2,-1.2544257640838623
1980,4,3,-1.1907018423080444
1980,4,4,-1.113867998123169
1980,4,5,-1.3403645753860474
1980,4,6,-1.466433048248291
1980,4,7,-1.1828653812408447
1980,4,8,-0.7665155529975891
1980,4,9,-0.5438450574874878
1980,4,10,-0.14609670639038086
1980,4,11,-0.2563871741294861
1980,4,12,-0.32155948877334595
1980,4,13,0.3921511769294739
1980,4,14,0.8139990568161011
1980,4,15,0.7676254510879517
1980,4,16,1.185125470161438
1980,4,17,1.4806632995605469
1980,4,18,1.0384174585342407
1980,4,19,0.502198338508606
1980,4,20,0.004664084408432245
1980,4,21,-0.22710883617401123
1980,4,22,-0.2655915319919586
1980,4,23,-0.4420945346355438
1980,4,24,-0.43738192319869995
1980,4,25,-0.9357858300209045
1980,4,26,-1.4874491691589355
1980,4,27,-1.31036376953125
1980,4,28,-0.9641739726066589
1980,4,29,-0.6252769827842712
1980,4,30,-0.7532398700714111
1980,5,1,-1.0125973224639893
1980,5,2,-1.2657524347305298
1980,5,3,-1.6480681896209717
1980,5,4,-2.341602325439453
1980,5,5,-2.9833054542541504
1980,5,6,-2.9638454914093018
1980,5,7,-2.4477927684783936
1980,5,8,-1.8150808811187744
1980,5,9,-1.4674022197723389
1980,5,10,-1.336150050163269
1980,5,11,-1.1284373998641968
1980,5,12,-0.7846429944038391
1980,5,13,-0.24436752498149872
1980,5,14,-0.20987968146800995
1980,5,15,-0.6657136678695679
1980,5,16,-1.1178888082504272
1980,5,17,-1.0972940921783447
1980,5,18,-0.9071452021598816
1980,5,19,-0.4328751564025879
1980,5,20,-0.3717585504055023
1980,5,21,-0.265598326921463
1980,5,22,0.19215138256549835
1980,5,23,-0.006553285755217075
1980,5,24,-0.8533384203910828
1980,5,25,-1.7047301530838013
1980,5,26,-2.07055926322937
1980,5,27,-1.9294297695159912
1980,5,28,-1.2748206853866577
1980,5,29,-0.6304132342338562
1980,5,30,-0.1626189947128296
1980,5,31,0.41843491792678833
1980,6,1,0.5640863180160522
1980,6,2,0.38659125566482544
1980,6,3,0.2047123908996582
1980,6,4,0.22793488204479218
1980,6,5,0.03746916726231575
1980,6,6,0.11979782581329346
1980,6,7,0.5488417148590088
1980,6,8,0.647817075252533
1980,6,9,0.2194899469614029
1980,6,10,0.16279932856559753
1980,6,11,0.6517248153686523
1980,6,12,1.1318176984786987
1980,6,13,1.4679886102676392
1980,6,14,1.3991011381149292
1980,6,15,1.4082458019256592
1980,6,16,1.6128113269805908
1980,6,17,1.6557376384735107
1980,6,18,1.531227469444275
1980,6,19,1.2481582164764404
1980,6,20,1.062872290611267
1980,6,21,1.0991134643554688
1980,6,22,0.6742321848869324
1980,6,23,0.16298776865005493
1980,6,24,-0.06588687002658844
1980,6,25,0.02173740044236183
1980,6,26,0.5089753866195679
1980,6,27,0.9569347500801086
1980,6,28,0.7533881664276123
1980,6,29,0.28716498613357544
1980,6,30,0.1840014010667801
1980,7,1,0.10139157623052597
1980,7,2,-0.011110545136034489
1980,7,3,-0.12001778185367584
1980,7,4,-0.39084792137145996
1980,7,5,-0.8639929890632629
1980,7,6,-1.0848257541656494
1980,7,7,-1.2942909002304077
1980,7,8,-1.428082823753357
1980,7,9,-1.2440929412841797
1980,7,10,-0.7521123886108398
1980,7,11,-0.4637657701969147
1980,7,12,-0.18305782973766327
1980,7,13,-0.35537856817245483
1980,7,14,-0.7898549437522888
1980,7,15,-1.0203965902328491
1980,7,16,-0.8589372634887695
1980,7,17,-0.6199082732200623
1980,7,18,-0.2654740810394287
1980,7,19,-0.10061295330524445
1980,7,20,-0.2178904414176941
1980,7,21,-0.2949702739715576
1980,7,22,-0.3940325677394867
1980,7,23,-0.5464837551116943
1980,7,24,-0.5440675616264343
1980,7,25,-0.4095504879951477
1980,7,26,-0.4592417776584625
1980,7,27,-0.40875667333602905
1980,7,28,-0.4992096424102783
1980,7,29,-0.9335219860076904
1980,7,30,-1.132063627243042
1980,7,31,-1.0204130411148071
1980,8,1,-0.8589988946914673
1980,8,2,-0.6894094347953796
1980,8,3,-0.4536314606666565
1980,8,4,-0.4511502981185913
1980,8,5,-0.4976996183395386
1980,8,6,-0.42901286482810974
1980,8,7,-0.3668147623538971
1980,8,8,-0.4577229619026184
1980,8,9,-0.7294849753379822
1980,8,10,-0.932218074798584
1980,8,11,-1.0105279684066772
1980,8,12,-1.0218424797058105
1980,8,13,-1.1150578260421753
1980,8,14,-1.1005860567092896
1980,8,15,-1.199424386024475
1980,8,16,-1.063686728477478
1980,8,17,-0.4344691038131714
1980,8,18,0.7110627293586731
1980,8,19,1.6408201456069946
1980,8,20,1.4398542642593384
1980,8,21,0.8872081637382507
1980,8,22,0.2669484317302704
1980,8,23,0.018347976729273796
1980,8,24,0.007275914773344994
1980,8,25,-0.29134196043014526
1980,8,26,-0.1878366768360138
1980,8,27,0.28455379605293274
1980,8,28,0.6815364360809326
1980,8,29,0.5766326189041138
1980,8,30,0.4525282680988312
1980,8,31,0.7844179272651672
1980,9,1,1.037907600402832
1980,9,2,1.227782130241394
1980,9,3,1.0840744972229004
1980,9,4,0.8297070860862732
1980,9,5,1.0319548845291138
1980,9,6,1.2534961700439453
1980,9,7,1.318998098373413
1980,9,8,1.2957454919815063
1980,9,9,1.3847222328186035
1980,9,10,1.0675642490386963
1980,9,11,0.2558926045894623
1980,9,12,-0.4273740351200104
1980,9,13,-0.5396386384963989
1980,9,14,-0.35428062081336975
1980,9,15,-0.3892596364021301
1980,9,16,-0.2279847115278244
1980,9,17,-0.23656992614269257
1980,9,18,-0.16995307803153992
1980,9,19,-0.08766674995422363
1980,9,20,-0.37489646673202515
1980,9,21,-0.5055663585662842
1980,9,22,-0.23799234628677368
1980,9,23,-0.013311002403497696
1980,9,24,-0.05875462666153908
1980,9,25,0.002018081722781062
1980,9,26,-0.033850688487291336
1980,9,27,-0.6371489763259888
1980,9,28,-0.3306414783000946
1980,9,29,0.6896299123764038
1980,9,30,1.187418818473816
1980,10,1,0.8153801560401917
1980,10,2,0.130628302693367
1980,10,3,-0.473456472158432
1980,10,4,-0.3619614243507385
1980,10,5,-0.21310074627399445
1980,10,6,0.40069228410720825
1980,10,7,0.7484160661697388
1980,10,8,0.9408604502677917
1980,10,9,0.46051037311553955
1980,10,10,-0.6054370403289795
1980,10,11,-1.0181769132614136
1980,10,12,-1.1764150857925415
1980,10,13,-1.9416446685791016
1980,10,14,-2.861672878265381
1980,10,15,-2.6689391136169434
1980,10,16,-1.9560831785202026
1980,10,17,-1.3570008277893066
1980,10,18,-0.8417550921440125
1980,10,19,-0.41436120867729187
1980,10,20,-0.659845769405365
1980,10,21,-0.70940101146698
1980,10,22,-0.8454499840736389
1980,10,23,-0.9766390323638916
1980,10,24,-1.0886168479919434
1980,10,25,-1.018433928489685
1980,10,26,-0.9834601879119873
1980,10,27,-0.7905303835868835
1980,10,28,0.23098060488700867
1980,10,29,1.3343960046768188
1980,10,30,1.2557531595230103
1980,10,31,1.0589574575424194
1980,11,1,0.5899637937545776
1980,11,2,-0.1854306012392044
1980,11,3,-1.4899615049362183
1980,11,4,-2.263841390609741
1980,11,5,-2.9009296894073486
1980,11,6,-2.977588176727295
1980,11,7,-1.8703519105911255
1980,11,8,-1.3309236764907837
1980,11,9,-1.9253126382827759
1980,11,10,-2.1056671142578125
1980,11,11,-2.230962038040161
1980,11,12,-2.3534200191497803
1980,11,13,-1.823500394821167
1980,11,14,-0.6451225876808167
1980,11,15,-0.3338474929332733
1980,11,16,-0.40222951769828796
1980,11,17,-0.14825718104839325
1980,11,18,-0.09202764183282852
1980,11,19,-0.6346705555915833
1980,11,20,-0.7540926933288574
1980,11,21,-0.2646961808204651
1980,11,22,-0.23161210119724274
1980,11,23,-0.5053182244300842
1980,11,24,-0.7736237645149231
1980,11,25,-0.5454661250114441
1980,11,26,-1.1596461534500122
1980,11,27,-2.0475847721099854
1980,11,28,-2.553719997406006
1980,11,29,-2.9210011959075928
1980,11,30,-2.499886989593506
1980,12,1,-1.837319254875183
1980,12,2,-1.299971580505371
1980,12,3,-0.8526252508163452
1980,12,4,-0.9108912348747253
1980,12,5,-1.7882673740386963
1980,12,6,-2.553081750869751
1980,12,7,-2.431385040283203
1980,12,8,-1.4421377182006836
1980,12,9,-0.4099825620651245
1980,12,10,-0.029270825907588005
1980,12,11,0.18269425630569458
1980,12,12,0.47480157017707825
1980,12,13,0.9100116491317749
1980,12,14,1.01150381565094
1980,12,15,1.0191935300827026
1980,12,16,1.678463101387024
1980,12,17,1.410014271736145
1980,12,18,-0.0020161669235676527
1980,12,19,-0.49451225996017456
1980,12,20,-1.0817629098892212
1980,12,21,-1.0347484350204468
1980,12,22,-0.40514662861824036
1980,12,23,0.1652158945798874
1980,12,24,0.27477389574050903
1980,12,25,0.5788359045982361
1980,12,26,0.7955914735794067
1980,12,27,1.5879592895507812
1980,12,28,1.8217215538024902
1980,12,29,1.519186019897461
1980,12,30,1.135491967201233
1980,12,31,0.2914745807647705
1981,1,1,-0.2718951404094696
1981,1,2,-0.5852240920066833
1981,1,3,-1.2835203409194946
1981,1,4,-1.5984810590744019
1981,1,5,-1.8015589714050293
1981,1,6,-2.133551597595215
1981,1,7,-1.4648793935775757
1981,1,8,-0.9949641823768616
1981,1,9,-1.3500783443450928
1981,1,10,-0.9624541401863098
1981,1,11,-0.3061538338661194
1981,1,12,0.06811513751745224
1981,1,13,0.15229327976703644
1981,1,14,0.43639740347862244
1981,1,15,0.19792506098747253
1981,1,16,0.23729649186134338
1981,1,17,-0.04598448798060417
1981,1,18,-0.6281649470329285
1981,1,19,-1.226332426071167
1981,1,20,-0.8470500707626343
1981,1,21,-0.6540999412536621
1981,1,22,-0.6124825477600098
1981,1,23,-0.017326608300209045
1981,1,24,0.8924164772033691
1981,1,25,1.3285000324249268
1981,1,26,1.5641759634017944
1981,1,27,1.7125316858291626
1981,1,28,1.4119086265563965
1981,1,29,1.3776942491531372
1981,1,30,1.686461091041565
1981,1,31,2.2370622158050537
1981,2,1,2.4548497200012207
1981,2,2,3.117849588394165
1981,2,3,3.2331840991973877
1981,2,4,2.3303496837615967
1981,2,5,2.104703664779663
1981,2,6,2.3373727798461914
1981,2,7,2.135878086090088
1981,2,8,1.0870912075042725
1981,2,9,-0.5659923553466797
1981,2,10,-0.9576898813247681
1981,2,11,-0.43960389494895935
1981,2,12,-1.5970531702041626
1981,2,13,-1.1678670644760132
1981,2,14,-0.03426770120859146
1981,2,15,-0.032501764595508575
1981,2,16,-0.21101459860801697
1981,2,17,0.077707938849926
1981,2,18,-0.33709636330604553
1981,2,19,-0.624525249004364
1981,2,20,-0.8478898406028748
1981,2,21,-1.0815348625183105
1981,2,22,-1.400506854057312
1981,2,23,-2.4172487258911133
1981,2,24,-3.1204264163970947
1981,2,25,-2.9885993003845215
1981,2,26,-3.229768753051758
1981,2,27,-3.4619863033294678
1981,2,28,-3.3200786113739014
1981,3,1,-3.2276556491851807
1981,3,2,-3.4054031372070312
1981,3,3,-3.759103775024414
1981,3,4,-4.318082332611084
1981,3,5,-4.293953895568848
1981,3,6,-4.217860221862793
1981,3,7,-3.662987470626831
1981,3,8,-2.627798080444336
1981,3,9,-2.043473720550537
1981,3,10,-1.0401886701583862
1981,3,11,-0.09784616529941559
1981,3,12,-0.1611572653055191
1981,3,13,-0.23667529225349426
1981,3,14,-0.4381953179836273
1981,3,15,-1.1431046724319458
1981,3,16,-1.8318345546722412
1981,3,17,-2.4647979736328125
1981,3,18,-3.4596362113952637
1981,3,19,-3.3758039474487305
1981,3,20,-3.212110757827759
1981,3,21,-3.2181825637817383
1981,3,22,-2.619596242904663
1981,3,23,-1.780122995376587
1981,3,24,-1.3652434349060059
1981,3,25,-0.8285588622093201
1981,3,26,0.061241354793310165
1981,3,27,0.5651723146438599
1981,3,28,1.5945050716400146
1981,3,29,2.4619979858398438
1981,3,30,2.7792904376983643
1981,3,31,2.192113161087036
1981,4,1,1.436360478401184
1981,4,2,1.4257503747940063
1981,4,3,0.9622721672058105
1981,4,4,0.7024282217025757
1981,4,5,1.2908929586410522
1981,4,6,1.7646920680999756
1981,4,7,1.4501316547393799
1981,4,8,1.622243046760559
1981,4,9,1.8536444902420044
1981,4,10,1.0580618381500244
1981,4,11,0.06036057695746422
1981,4,12,-0.13147945702075958
1981,4,13,-0.20537036657333374
1981,4,14,-0.14256545901298523
1981,4,15,0.24450981616973877
1981,4,16,0.2516022324562073
1981,4,17,-0.07173938304185867
1981,4,18,-0.3960016071796417
1981,4,19,-1.0913814306259155
1981,4,20,-0.9966980218887329
1981,4,21,-0.6141181588172913
1981,4,22,-0.8263543248176575
1981,4,23,-0.9672978520393372
1981,4,24,-1.0903022289276123
1981,4,25,-0.7497642040252686
1981,4,26,-0.05427626892924309
1981,4,27,0.8655096888542175
1981,4,28,1.676990032196045
1981,4,29,1.8618063926696777
1981,4,30,1.2601429224014282
1981,5,1,0.923399806022644
1981,5,2,1.2535793781280518
1981,5,3,1.0891116857528687
1981,5,4,0.707604706287384
1981,5,5,0.3333727717399597
1981,5,6,-0.059018731117248535
1981,5,7,-0.5612823963165283
1981,5,8,-0.46968239545822144
1981,5,9,0.41488900780677795
1981,5,10,0.6363198757171631
1981,5,11,0.38663041591644287
1981,5,12,0.21471968293190002
1981,5,13,0.22964197397232056
1981,5,14,0.11717668920755386
1981,5,15,0.3002997934818268
1981,5,16,0.4654429256916046
1981,5,17,0.5433913469314575
1981,5,18,0.46929189562797546
1981,5,19,0.4668130874633789
1981,5,20,0.2637515068054199
1981,5,21,0.11434853821992874
1981,5,22,0.22610515356063843
1981,5,23,0.24734820425510406
1981,5,24,-0.05326065048575401
1981,5,25,-0.3339844048023224
1981,5,26,-0.4726406931877136
1981,5,27,-0.48292669653892517
1981,5,28,-0.40976348519325256
1981,5,29,-0.41953045129776
1981,5,30,-0.40293073654174805
1981,5,31,-0.37295863032341003
1981,6,1,-0.6354047060012817
1981,6,2,-0.6684388518333435
1981,6,3,-0.3052855432033539
1981,6,4,0.14998792111873627
1981,6,5,0.42629843950271606
1981,6,6,0.3922710120677948
1981,6,7,0.028180692344903946
1981,6,8,-0.11794418841600418
1981,6,9,-0.11215831339359283
1981,6,10,-0.2567497491836548
1981,6,11,-0.23297563195228577
1981,6,12,-0.150041401386261
1981,6,13,0.3421800136566162
1981,6,14,0.335595041513443
1981,6,15,-0.3184240162372589
1981,6,16,-0.9881883263587952
1981,6,17,-1.2433346509933472
1981,6,18,-1.0940741300582886
1981,6,19,-0.9964612722396851
1981,6,20,-1.0113147497177124
1981,6,21,-0.49161574244499207
1981,6,22,-0.3018381893634796
1981,6,23,-0.85108882188797
1981,6,24,-1.1981019973754883
1981,6,25,-1.2024707794189453
1981,6,26,-0.968088686466217
1981,6,27,-0.6450054049491882
1981,6,28,-0.5299484729766846
1981,6,29,-0.1674722135066986
1981,6,30,0.13834181427955627
1981,7,1,0.583973228931427
1981,7,2,1.26817786693573
1981,7,3,1.8666725158691406
1981,7,4,1.7078957557678223
1981,7,5,1.4229992628097534
1981,7,6,1.2827777862548828
1981,7,7,0.6465423107147217
1981,7,8,-0.0990196019411087
1981,7,9,-0.5265161991119385
1981,7,10,-0.5144718885421753
1981,7,11,-0.16203150153160095
1981,7,12,0.2637382745742798
1981,7,13,0.2656574249267578
1981,7,14,0.5046477317810059
1981,7,15,0.8788900971412659
1981,7,16,0.9766725897789001
1981,7,17,0.9150000214576721
1981,7,18,0.9428064823150635
1981,7,19,0.8221315145492554
1981,7,20,0.5527355074882507
1981,7,21,0.12172006070613861
1981,7,22,-0.14290598034858704
1981,7,23,-0.07594500482082367
1981,7,24,0.45000511407852173
1981,7,25,0.9286515712738037
1981,7,26,0.9428056478500366
1981,7,27,0.8260983824729919
1981,7,28,0.4473300576210022
1981,7,29,-0.015445247292518616
1981,7,30,-0.25975310802459717
1981,7,31,-0.06606171280145645
1981,8,1,0.44310614466667175
1981,8,2,0.7040677666664124
1981,8,3,0.679633617401123
1981,8,4,0.44019871950149536
1981,8,5,-0.09945432096719742
1981,8,6,-0.8201900720596313
1981,8,7,-1.0311133861541748
1981,8,8,-0.9068251252174377
1981,8,9,-0.5443518757820129
1981,8,10,-0.10784617811441422
1981,8,11,-0.13278236985206604
1981,8,12,-0.20350436866283417
1981,8,13,-0.22709383070468903
1981,8,14,-0.3629850447177887
1981,8,15,-0.19150659441947937
1981,8,16,0.32831645011901855
1981,8,17,0.6906694173812866
1981,8,18,0.8283571004867554
1981,8,19,0.9309374094009399
1981,8,20,0.6602603793144226
1981,8,21,0.19649629294872284
1981,8,22,-0.0983104258775711
1981,8,23,-0.30588075518608093
1981,8,24,-0.46495944261550903
1981,8,25,-0.6583157777786255
1981,8,26,-0.8095787763595581
1981,8,27,-0.9024245738983154
1981,8,28,-1.0397043228149414
1981,8,29,-1.3552515506744385
1981,8,30,-1.495250940322876
1981,8,31,-1.4459360837936401
1981,9,1,-1.9587146043777466
1981,9,2,-2.011566162109375
1981,9,3,-1.69386887550354
1981,9,4,-1.496917963027954
1981,9,5,-1.0365928411483765
1981,9,6,-0.9500388503074646
1981,9,7,-0.9922966361045837
1981,9,8,-0.9542083740234375
1981,9,9,-1.2084646224975586
1981,9,10,-1.3851938247680664
1981,9,11,-1.192697525024414
1981,9,12,-1.2679975032806396
1981,9,13,-1.5400362014770508
1981,9,14,-1.5967226028442383
1981,9,15,-1.5395262241363525
1981,9,16,-1.2314338684082031
1981,9,17,-0.7000010013580322
1981,9,18,-0.35809481143951416
1981,9,19,-0.0490553043782711
1981,9,20,-0.07444664090871811
1981,9,21,0.4844020903110504
1981,9,22,0.9248855710029602
1981,9,23,1.2220368385314941
1981,9,24,0.6681008338928223
1981,9,25,-0.3843860328197479
1981,9,26,-1.3817592859268188
1981,9,27,-1.654944896697998
1981,9,28,-1.9066388607025146
1981,9,29,-2.371647596359253
1981,9,30,-2.4568638801574707
1981,10,1,-2.2713661193847656
1981,10,2,-2.5374739170074463
1981,10,3,-3.076047420501709
1981,10,4,-3.0189929008483887
1981,10,5,-2.867565155029297
1981,10,6,-2.5522332191467285
1981,10,7,-2.0829005241394043
1981,10,8,-2.125380754470825
1981,10,9,-2.279775857925415
1981,10,10,-1.8709996938705444
1981,10,11,-1.6626635789871216
1981,10,12,-1.3111008405685425
1981,10,13,-0.9928796291351318
1981,10,14,-0.5574836134910583
1981,10,15,-0.27130717039108276
1981,10,16,-0.004532065242528915
1981,10,17,0.07769928872585297
1981,10,18,-0.11162271350622177
1981,10,19,-0.5339794158935547
1981,10,20,-0.9832324385643005
1981,10,21,-0.8630831837654114
1981,10,22,-0.6788854598999023
1981,10,23,-0.4251183569431305
1981,10,24,0.1830982118844986
1981,10,25,0.3019111454486847
1981,10,26,0.28205427527427673
1981,10,27,-0.37186500430107117
1981,10,28,-0.8925233483314514
1981,10,29,-0.8461355566978455
1981,10,30,-0.4606347978115082
1981,10,31,-0.10314023494720459
1981,11,1,0.30416685342788696
1981,11,2,0.2647135257720947
1981,11,3,0.27365076541900635
1981,11,4,0.5215061902999878
1981,11,5,0.17777381837368011
1981,11,6,-0.27777835726737976
1981,11,7,-0.6499521732330322
1981,11,8,-0.719649612903595
1981,11,9,-0.028022048994898796
1981,11,10,0.7778696417808533
1981,11,11,1.097272276878357
1981,11,12,0.9330134391784668
1981,11,13,0.970674991607666
1981,11,14,1.0936920642852783
1981,11,15,0.9119427800178528
1981,11,16,0.49619048833847046
1981,11,17,0.10373861342668533
1981,11,18,-0.4487038254737854
1981,11,19,-0.9224966764450073
1981,11,20,-1.0479880571365356
1981,11,21,-1.014035701751709
1981,11,22,-1.4415196180343628
1981,11,23,-1.6596320867538452
1981,11,24,-1.3399665355682373
1981,11,25,-0.9057401418685913
1981,11,26,-0.9351228475570679
1981,11,27,-0.7230353951454163
1981,11,28,-0.6532599925994873
1981,11,29,-0.4100489914417267
1981,11,30,-0.1820708066225052
1981,12,1,0.45364418625831604
1981,12,2,1.1277377605438232
1981,12,3,1.0567328929901123
1981,12,4,0.9199329614639282
1981,12,5,0.8890310525894165
1981,12,6,0.4662337303161621
1981,12,7,-0.6203152537345886
1981,12,8,-1.680215835571289
1981,12,9,-2.426288366317749
1981,12,10,-2.5077755451202393
1981,12,11,-1.6977821588516235
1981,12,12,-1.273262619972229
1981,12,13,-1.0318955183029175
1981,12,14,-0.789531946182251
1981,12,15,-0.8304738402366638
1981,12,16,-1.4801695346832275
1981,12,17,-1.7608596086502075
1981,12,18,-1.2050378322601318
1981,12,19,-0.654816746711731
1981,12,20,-0.43580180406570435
1981,12,21,-0.9602662324905396
1981,12,22,-1.4896783828735352
1981,12,23,-1.3822382688522339
1981,12,24,-1.0384581089019775
1981,12,25,-1.1517300605773926
1981,12,26,-1.2230830192565918
1981,12,27,-1.890832781791687
1981,12,28,-2.978846549987793
1981,12,29,-3.459494113922119
1981,12,30,-3.803797960281372
1981,12,31,-3.4911715984344482
1982,1,1,-3.065063714981079
1982,1,2,-3.1234734058380127
1982,1,3,-3.227229595184326
1982,1,4,-2.3406505584716797
1982,1,5,-1.898634910583496
1982,1,6,-2.0519487857818604
1982,1,7,-2.11175799369812
1982,1,8,-1.8925893306732178
1982,1,9,-2.0202457904815674
1982,1,10,-1.7981767654418945
1982,1,11,-1.2493841648101807
1982,1,12,-0.005847875028848648
1982,1,13,1.0718305110931396
1982,1,14,1.1699328422546387
1982,1,15,0.004345062654465437
1982,1,16,0.16876161098480225
1982,1,17,0.8521208167076111
1982,1,18,0.6071818470954895
1982,1,19,-0.5415621995925903
1982,1,20,-1.2996481657028198
1982,1,21,-1.0483137369155884
1982,1,22,-1.1127516031265259
1982,1,23,-1.075364351272583
1982,1,24,-0.8153404593467712
1982,1,25,-0.47335875034332275
1982,1,26,-0.39853808283805847
1982,1,27,-0.021458787843585014
1982,1,28,0.4885537624359131
1982,1,29,0.8253815770149231
1982,1,30,0.3515149652957916
1982,1,31,-0.38305529952049255
1982,2,1,-0.9141674637794495
1982,2,2,-1.6922646760940552
1982,2,3,-2.181586742401123
1982,2,4,-1.2783700227737427
1982,2,5,0.6747919321060181
1982,2,6,1.9056990146636963
1982,2,7,2.354016065597534
1982,2,8,3.2132716178894043
1982,2,9,3.361320734024048
1982,2,10,2.737359046936035
1982,2,11,2.141228675842285
1982,2,12,2.228093147277832
1982,2,13,2.2138969898223877
1982,2,14,1.2800318002700806
1982,2,15,0.38515904545783997
1982,2,16,0.3274348974227905
1982,2,17,-0.2208433747291565
1982,2,18,-0.24349680542945862
1982,2,19,0.7733075022697449
1982,2,20,1.243105173110962
1982,2,21,1.111446738243103
1982,2,22,0.6465362906455994
1982,2,23,0.807827353477478
1982,2,24,0.6141080260276794
1982,2,25,0.37664708495140076
1982,2,26,0.729566752910614
1982,2,27,1.4852757453918457
1982,2,28,2.217313766479492
1982,3,1,2.603848457336426
1982,3,2,2.6760408878326416
1982,3,3,2.156510353088379
1982,3,4,1.745174765586853
1982,3,5,1.8168095350265503
1982,3,6,1.9526517391204834
1982,3,7,1.9406241178512573
1982,3,8,1.6150141954421997
1982,3,9,2.1262614727020264
1982,3,10,2.7653682231903076
1982,3,11,2.4512405395507812
1982,3,12,1.536336064338684
1982,3,13,0.4180869460105896
1982,3,14,-0.5114572048187256
1982,3,15,-1.6990081071853638
1982,3,16,-2.2864511013031006
1982,3,17,-2.0722577571868896
1982,3,18,-1.721215009689331
1982,3,19,-1.2448506355285645
1982,3,20,-0.8103244304656982
1982,3,21,0.1340484619140625
1982,3,22,0.7833474278450012
1982,3,23,1.1905016899108887
1982,3,24,1.6453583240509033
1982,3,25,2.017815351486206
1982,3,26,1.8390897512435913
1982,3,27,1.4583152532577515
1982,3,28,1.5863313674926758
1982,3,29,2.094291925430298
1982,3,30,2.048901319503784
1982,3,31,1.8528038263320923
1982,4,1,1.3913289308547974
1982,4,2,1.008691430091858
1982,4,3,1.0155303478240967
1982,4,4,0.8143551349639893
1982,4,5,0.18107767403125763
1982,4,6,0.17181801795959473
1982,4,7,0.865553081035614
1982,4,8,1.3359086513519287
1982,4,9,1.2208253145217896
1982,4,10,0.8749287128448486
1982,4,11,0.8797842860221863
1982,4,12,0.7202225923538208
1982,4,13,0.9682153463363647
1982,4,14,1.7562986612319946
1982,4,15,2.138685941696167
1982,4,16,2.278090715408325
1982,4,17,1.9965531826019287
1982,4,18,1.7837650775909424
1982,4,19,1.627118468284607
1982,4,20,2.215062379837036
1982,4,21,2.678783893585205
1982,4,22,2.5732359886169434
1982,4,23,2.4220011234283447
1982,4,24,1.9388761520385742
1982,4,25,1.3689730167388916
1982,4,26,1.0374637842178345
1982,4,27,1.3284720182418823
1982,4,28,1.4938817024230957
1982,4,29,1.3702661991119385
1982,4,30,0.6028832197189331
1982,5,1,0.26119551062583923
1982,5,2,-0.06127052381634712
1982,5,3,-0.6504756808280945
1982,5,4,-0.6694824695587158
1982,5,5,-0.7132675051689148
1982,5,6,-0.8367186784744263
1982,5,7,-0.9601182341575623
1982,5,8,-0.8210617899894714
1982,5,9,-0.8099721670150757
1982,5,10,-0.7835348844528198
1982,5,11,-0.8885292410850525
1982,5,12,-0.797104001045227
1982,5,13,-1.0397742986679077
1982,5,14,-1.1652648448944092
1982,5,15,-1.1420350074768066
1982,5,16,-1.0478110313415527
1982,5,17,-0.7708839774131775
1982,5,18,-0.7258971929550171
1982,5,19,-0.5813383460044861
1982,5,20,-0.3372844457626343
1982,5,21,0.25363889336586
1982,5,22,0.7521200776100159
1982,5,23,1.1825867891311646
1982,5,24,1.5188372135162354
1982,5,25,1.4163583517074585
1982,5,26,0.8470306396484375
1982,5,27,0.3504558801651001
1982,5,28,0.5265990495681763
1982,5,29,0.7172435522079468
1982,5,30,0.6367048621177673
1982,5,31,0.0964522436261177
1982,6,1,0.13193343579769135
1982,6,2,0.15309298038482666
1982,6,3,-0.1175512820482254
1982,6,4,-0.41760778427124023
1982,6,5,-0.5011425018310547
1982,6,6,-0.6593391299247742
1982,6,7,-0.7542006969451904
1982,6,8,-1.0001648664474487
1982,6,9,-1.787278175354004
1982,6,10,-2.179027795791626
1982,6,11,-1.9520732164382935
1982,6,12,-1.5708624124526978
1982,6,13,-1.010789394378662
1982,6,14,-0.728624165058136
1982,6,15,-0.8274983763694763
1982,6,16,-1.313010811805725
1982,6,17,-1.580465316772461
1982,6,18,-1.5500693321228027
1982,6,19,-1.7028203010559082
1982,6,20,-2.0049335956573486
1982,6,21,-1.9517439603805542
1982,6,22,-1.5133455991744995
1982,6,23,-1.2454493045806885
1982,6,24,-1.2922751903533936
1982,6,25,-1.6318979263305664
1982,6,26,-1.5850120782852173
1982,6,27,-1.5106056928634644
1982,6,28,-0.9753458499908447
1982,6,29,-0.5115079283714294
1982,6,30,-0.5567057132720947
1982,7,1,-0.6928210258483887
1982,7,2,-0.5244936347007751
1982,7,3,-0.10730105638504028
1982,7,4,-0.09163773059844971
1982,7,5,-0.16755573451519012
1982,7,6,-0.13916483521461487
1982,7,7,-0.4004776179790497
1982,7,8,-0.7909818887710571
1982,7,9,-1.2228049039840698
1982,7,10,-1.311846375465393
1982,7,11,-1.2185156345367432
1982,7,12,-1.127771019935608
1982,7,13,-0.7555137872695923
1982,7,14,-0.3774144947528839
1982,7,15,0.011419077403843403
1982,7,16,0.5133282542228699
1982,7,17,0.9168768525123596
1982,7,18,1.2056715488433838
1982,7,19,1.1164283752441406
1982,7,20,0.6426494121551514
1982,7,21,0.2907398045063019
1982,7,22,0.4225631058216095
1982,7,23,0.44989660382270813
1982,7,24,0.4630112648010254
1982,7,25,0.6377740502357483
1982,7,26,0.7149035334587097
1982,7,27,0.45366641879081726
1982,7,28,0.28151220083236694
1982,7,29,0.34576863050460815
1982,7,30,0.41934865713119507
1982,7,31,0.18243055045604706
1982,8,1,-0.2661697566509247
1982,8,2,-0.7153047323226929
1982,8,3,-1.0730805397033691
1982,8,4,-1.1906520128250122
1982,8,5,-1.118417739868164
1982,8,6,-0.4836483895778656
1982,8,7,-0.1171683520078659
1982,8,8,-0.025273848325014114
1982,8,9,0.3688092529773712
1982,8,10,0.5821046233177185
1982,8,11,0.8116047382354736
1982,8,12,1.1456794738769531
1982,8,13,1.2544372081756592
1982,8,14,1.234565258026123
1982,8,15,1.2427899837493896
1982,8,16,1.0841846466064453
1982,8,17,0.8611552715301514
1982,8,18,0.61809241771698
1982,8,19,0.8524882793426514
1982,8,20,0.7275130748748779
1982,8,21,0.6211400628089905
1982,8,22,0.8036057353019714
1982,8,23,0.9911439418792725
1982,8,24,0.856368362903595
1982,8,25,0.0919390395283699
1982,8,26,-0.3486950099468231
1982,8,27,-0.4805788993835449
1982,8,28,-0.20204178988933563
1982,8,29,0.17069029808044434
1982,8,30,1.0197813510894775
1982,8,31,1.509443998336792
1982,9,1,1.3477052450180054
1982,9,2,0.7423574924468994
1982,9,3,0.08701908588409424
1982,9,4,-0.3712491989135742
1982,9,5,-0.2146364003419876
1982,9,6,0.38961148262023926
1982,9,7,0.8531369566917419
1982,9,8,1.0967622995376587
1982,9,9,1.128143548965454
1982,9,10,0.9753542542457581
1982,9,11,0.6397452354431152
1982,9,12,0.33550891280174255
1982,9,13,0.307174950838089
1982,9,14,0.9895020127296448
1982,9,15,1.2518638372421265
1982,9,16,1.2010377645492554
1982,9,17,0.994723379611969
1982,9,18,0.48051002621650696
1982,9,19,0.371823251247406
1982,9,20,0.6724827885627747
1982,9,21,1.2922743558883667
1982,9,22,1.8530546426773071
1982,9,23,1.3027048110961914
1982,9,24,0.050412122160196304
1982,9,25,-0.4998282790184021
1982,9,26,-0.1643269658088684
1982,9,27,0.0750374048948288
1982,9,28,-0.3942745625972748
1982,9,29,-0.4330712854862213
1982,9,30,-0.2269427627325058
1982,10,1,-0.04957627132534981
1982,10,2,-0.04758288338780403
1982,10,3,-0.2653098702430725
1982,10,4,-0.9146021008491516
1982,10,5,-1.7730551958084106
1982,10,6,-1.6710236072540283
1982,10,7,-1.3800899982452393
1982,10,8,-1.3980120420455933
1982,10,9,-1.8118085861206055
1982,10,10,-1.8376766443252563
1982,10,11,-1.5874247550964355
1982,10,12,-0.8562604188919067
1982,10,13,-0.453109472990036
1982,10,14,-0.22890226542949677
1982,10,15,-0.653999388217926
1982,10,16,-0.9630712270736694
1982,10,17,-0.7445276975631714
1982,10,18,0.013583481311798096
1982,10,19,1.3372620344161987
1982,10,20,1.9317723512649536
1982,10,21,1.3820128440856934
1982,10,22,0.5097507238388062
1982,10,23,0.6731382608413696
1982,10,24,1.1415337324142456
1982,10,25,1.057808756828308
1982,10,26,0.7813196778297424
1982,10,27,0.56270432472229
1982,10,28,-0.11280667036771774
1982,10,29,-0.08283355832099915
1982,10,30,0.36639243364334106
1982,10,31,0.7636080980300903
1982,11,1,1.342421054840088
1982,11,2,1.1597201824188232
1982,11,3,0.271914005279541
1982,11,4,0.3044816553592682
1982,11,5,0.8070353269577026
1982,11,6,0.06808433681726456
1982,11,7,-0.4954161047935486
1982,11,8,0.4566080570220947
1982,11,9,1.7652473449707031
1982,11,10,2.6220197677612305
1982,11,11,2.252284049987793
1982,11,12,1.5426392555236816
1982,11,13,1.7235969305038452
1982,11,14,1.912313461303711
1982,11,15,2.4455554485321045
1982,11,16,2.0777809619903564
1982,11,17,1.0318125486373901
1982,11,18,0.501058042049408
1982,11,19,0.43321025371551514
1982,11,20,0.27927911281585693
1982,11,21,-0.1178613007068634
1982,11,22,-0.5344049334526062
1982,11,23,-0.5658904314041138
1982,11,24,-0.9672338962554932
1982,11,25,-1.5061674118041992
1982,11,26,-0.732739269733429
1982,11,27,-0.48551470041275024
1982,11,28,-0.26616305112838745
1982,11,29,0.5229882597923279
1982,11,30,1.271088719367981
1982,12,1,1.0162200927734375
1982,12,2,0.34917330741882324
1982,12,3,0.06476707756519318
1982,12,4,0.811743438243866
1982,12,5,1.4327057600021362
1982,12,6,1.7455848455429077
1982,12,7,1.7128677368164062
1982,12,8,1.7477784156799316
1982,12,9,1.5061088800430298
1982,12,10,0.4427066445350647
1982,12,11,-0.29818522930145264
1982,12,12,-0.6976994276046753
1982,12,13,-0.4144849181175232
1982,12,14,0.6494831442832947
1982,12,15,1.7376549243927002
1982,12,16,2.2838525772094727
1982,12,17,2.3462631702423096
1982,12,18,2.1538126468658447
1982,12,19,1.513136625289917
1982,12,20,0.3538501262664795
1982,12,21,-0.22047045826911926
1982,12,22,0.2772568166255951
1982,12,23,0.768975019454956
1982,12,24,0.29667842388153076
1982,12,25,0.44725942611694336
1982,12,26,1.1041958332061768
1982,12,27,1.1159337759017944
1982,12,28,0.8304668068885803
1982,12,29,0.18689404428005219
1982,12,30,1.0982269048690796
1982,12,31,2.550330877304077
1983,1,1,2.8307416439056396
1983,1,2,2.3567941188812256
1983,1,3,2.7416350841522217
1983,1,4,3.29502010345459
1983,1,5,3.5765833854675293
1983,1,6,3.7121312618255615
1983,1,7,4.089376926422119
1983,1,8,4.426182270050049
1983,1,9,3.818546772003174
1983,1,10,2.594372034072876
1983,1,11,1.7006146907806396
1983,1,12,1.376878023147583
1983,1,13,1.9445909261703491
1983,1,14,1.7438997030258179
1983,1,15,0.5470177531242371
1983,1,16,-0.6848995685577393
1983,1,17,-1.1257792711257935
1983,1,18,-1.2888851165771484
1983,1,19,-0.8697677850723267
1983,1,20,0.21985818445682526
1983,1,21,0.3801254630088806
1983,1,22,-0.06952871382236481
1983,1,23,-0.025174343958497047
1983,1,24,0.5447360873222351
1983,1,25,1.5906133651733398
1983,1,26,1.6804661750793457
1983,1,27,1.2201849222183228
1983,1,28,0.6835438013076782
1983,1,29,-0.12167230993509293
1983,1,30,-0.8265466690063477
1983,1,31,-1.431414008140564
1983,2,1,-2.074270486831665
1983,2,2,-2.498030662536621
1983,2,3,-2.1852049827575684
1983,2,4,-1.7104196548461914
1983,2,5,-2.665205955505371
1983,2,6,-3.409515619277954
1983,2,7,-3.104902982711792
1983,2,8,-2.545713186264038
1983,2,9,-2.4962897300720215
1983,2,10,-2.3202483654022217
1983,2,11,-1.9734708070755005
1983,2,12,-1.0618268251419067
1983,2,13,-0.6292847990989685
1983,2,14,-1.4128097295761108
1983,2,15,-2.2057087421417236
1983,2,16,-2.6639461517333984
1983,2,17,-2.6782023906707764
1983,2,18,-2.4758598804473877
1983,2,19,-2.2866714000701904
1983,2,20,-1.7823363542556763
1983,2,21,-1.1325843334197998
1983,2,22,-1.0135890245437622
1983,2,23,-1.462738275527954
1983,2,24,-1.348455786705017
1983,2,25,-0.5136327743530273
1983,2,26,-0.020321525633335114
1983,2,27,0.2977442145347595
1983,2,28,0.6049980521202087
1983,3,1,1.4873100519180298
1983,3,2,1.4582738876342773
1983,3,3,0.5904370546340942
1983,3,4,0.47145316004753113
1983,3,5,0.8219327926635742
1983,3,6,0.5570406913757324
1983,3,7,-0.4537961184978485
1983,3,8,-1.3912973403930664
1983,3,9,-1.865470051765442
1983,3,10,-1.7619308233261108
1983,3,11,-1.8366448879241943
1983,3,12,-1.440657377243042
1983,3,13,-0.3090475797653198
1983,3,14,0.34087973833084106
1983,3,15,0.3977833390235901
1983,3,16,0.6033971905708313
1983,3,17,0.615033745765686
1983,3,18,0.5033909678459167
1983,3,19,-0.05720537528395653
1983,3,20,-0.7024729251861572
1983,3,21,-1.4118521213531494
1983,3,22,-1.5142590999603271
1983,3,23,-1.70852530002594
1983,3,24,-1.5994549989700317
1983,3,25,-1.159742832183838
1983,3,26,-1.08651864528656
1983,3,27,-1.4709285497665405
1983,3,28,-1.2982280254364014
1983,3,29,-0.9730117321014404
1983,3,30,-1.167381763458252
1983,3,31,-1.5953963994979858
1983,4,1,-1.8792744874954224
1983,4,2,-1.3653849363327026
1983,4,3,-1.3918800354003906
1983,4,4,-1.6581745147705078
1983,4,5,-1.580657958984375
1983,4,6,-1.5028597116470337
1983,4,7,-1.1855859756469727
1983,4,8,-0.5256403684616089
1983,4,9,0.2808994650840759
1983,4,10,0.3900871276855469
1983,4,11,0.19299434125423431
1983,4,12,0.3760644197463989
1983,4,13,0.3860050439834595
1983,4,14,0.271148681640625
1983,4,15,0.6030944585800171
1983,4,16,1.0120909214019775
1983,4,17,0.6247897744178772
1983,4,18,-0.4006616771221161
1983,4,19,-1.1527223587036133
1983,4,20,-1.5195958614349365
1983,4,21,-1.7147196531295776
1983,4,22,-1.7912365198135376
1983,4,23,-1.9176878929138184
1983,4,24,-1.7335232496261597
1983,4,25,-1.409887671470642
1983,4,26,-1.2305254936218262
1983,4,27,-1.002010703086853
1983,4,28,-0.8116047978401184
1983,4,29,-0.13975781202316284
1983,4,30,0.42756009101867676
1983,5,1,0.7140929102897644
1983,5,2,0.9130085110664368
1983,5,3,0.9488571286201477
1983,5,4,0.7115333676338196
1983,5,5,0.40526676177978516
1983,5,6,0.6815274357795715
1983,5,7,1.040155053138733
1983,5,8,1.1124699115753174
1983,5,9,0.4065902531147003
1983,5,10,-0.4645628035068512
1983,5,11,-1.0233111381530762
1983,5,12,-0.9096943736076355
1983,5,13,-0.14410150051116943
1983,5,14,0.26621830463409424
1983,5,15,-0.5990015864372253
1983,5,16,-1.4868943691253662
1983,5,17,-1.602275013923645
1983,5,18,-0.8284993171691895
1983,5,19,-0.4347684681415558
1983,5,20,0.17739221453666687
1983,5,21,0.6564472913742065
1983,5,22,0.1520570069551468
1983,5,23,-0.3614662289619446
1983,5,24,-0.7978962063789368
1983,5,25,-1.0993796586990356
1983,5,26,-1.2864303588867188
1983,5,27,-1.572526454925537
1983,5,28,-2.0831379890441895
1983,5,29,-2.4705796241760254
1983,5,30,-2.2545268535614014
1983,5,31,-1.9522311687469482
1983,6,1,-1.7710505723953247
1983,6,2,-1.520786166191101
1983,6,3,-0.9848984479904175
1983,6,4,-0.17744562029838562
1983,6,5,0.06260938197374344
1983,6,6,-0.06049227714538574
1983,6,7,-0.1875188797712326
1983,6,8,0.14451956748962402
1983,6,9,1.5178641080856323
1983,6,10,2.5689642429351807
1983,6,11,2.6689703464508057
1983,6,12,2.255495309829712
1983,6,13,1.4124191999435425
1983,6,14,0.35798096656799316
1983,6,15,-0.19856877624988556
1983,6,16,-0.4053310751914978
1983,6,17,-0.26110419631004333
1983,6,18,-0.11179590970277786
1983,6,19,-0.19100840389728546
1983,6,20,-0.4071527123451233
1983,6,21,-0.12362402677536011
1983,6,22,0.5799365043640137
1983,6,23,1.0197336673736572
1983,6,24,0.9184898734092712
1983,6,25,0.3531397581100464
1983,6,26,0.43557503819465637
1983,6,27,0.5294795036315918
1983,6,28,0.47826483845710754
1983,6,29,0.21283237636089325
1983,6,30,-0.07615136355161667
1983,7,1,0.05074192211031914
1983,7,2,0.46951258182525635
1983,7,3,0.9588543772697449
1983,7,4,0.897270917892456
1983,7,5,0.5902566313743591
1983,7,6,0.27630963921546936
1983,7,7,0.41586026549339294
1983,7,8,0.3993071913719177
1983,7,9,-0.01245705783367157
1983,7,10,-0.5185248851776123
1983,7,11,-0.6418123841285706
1983,7,12,-0.27432194352149963
1983,7,13,0.29394084215164185
1983,7,14,0.22500434517860413
1983,7,15,-0.010892895050346851
1983,7,16,-0.3879990875720978
1983,7,17,-0.48098915815353394
1983,7,18,-0.12022937834262848
1983,7,19,0.47869452834129333
1983,7,20,0.9239084720611572
1983,7,21,0.6013706922531128
1983,7,22,-0.23405587673187256
1983,7,23,-0.8020101189613342
1983,7,24,-0.8865079283714294
1983,7,25,-0.4784182906150818
1983,7,26,-0.2612394392490387
1983,7,27,-0.14109501242637634
1983,7,28,0.47730347514152527
1983,7,29,0.8367147445678711
1983,7,30,0.6289600729942322
1983,7,31,0.6264122724533081
1983,8,1,1.0164624452590942
1983,8,2,1.260267734527588
1983,8,3,1.4255073070526123
1983,8,4,1.4818964004516602
1983,8,5,1.5374481678009033
1983,8,6,1.2335774898529053
1983,8,7,0.8403304219245911
1983,8,8,0.7981229424476624
1983,8,9,1.1203144788742065
1983,8,10,1.3615752458572388
1983,8,11,1.2222899198532104
1983,8,12,1.136852741241455
1983,8,13,1.0308443307876587
1983,8,14,1.3390967845916748
1983,8,15,1.9386100769042969
1983,8,16,2.4247357845306396
1983,8,17,2.3301644325256348
1983,8,18,1.9810525178909302
1983,8,19,1.5121890306472778
1983,8,20,0.6470284461975098
1983,8,21,-0.11829177290201187
1983,8,22,-0.13643695414066315
1983,8,23,0.32469943165779114
1983,8,24,0.7831449508666992
1983,8,25,0.9777143001556396
1983,8,26,0.8356943130493164
1983,8,27,0.7706359028816223
1983,8,28,0.458540678024292
1983,8,29,0.3498622477054596
1983,8,30,0.48056700825691223
1983,8,31,0.45462876558303833
1983,9,1,0.6456966996192932
1983,9,2,1.2497656345367432
1983,9,3,1.729767918586731
1983,9,4,1.8527917861938477
1983,9,5,1.4048881530761719
1983,9,6,0.7097070217132568
1983,9,7,0.2417885661125183
1983,9,8,-0.3595725893974304
1983,9,9,-0.7436352968215942
1983,9,10,-0.5487870573997498
1983,9,11,-0.19349516928195953
1983,9,12,-0.11302723735570908
1983,9,13,0.03439325466752052
1983,9,14,0.34226927161216736
1983,9,15,0.4908616244792938
1983,9,16,0.2364165186882019
1983,9,17,0.31069913506507874
1983,9,18,0.4757673442363739
1983,9,19,0.5972998142242432
1983,9,20,0.7052883505821228
1983,9,21,0.3506566882133484
1983,9,22,-0.2625495493412018
1983,9,23,-0.25322216749191284
1983,9,24,0.5905306339263916
1983,9,25,1.0054997205734253
1983,9,26,0.6327741742134094
1983,9,27,-0.25838959217071533
1983,9,28,-1.4560625553131104
1983,9,29,-2.369976282119751
1983,9,30,-2.222633123397827
1983,10,1,-1.0761338472366333
1983,10,2,0.279289573431015
1983,10,3,1.2938153743743896
1983,10,4,1.5109941959381104
1983,10,5,2.243947982788086
1983,10,6,2.662769079208374
1983,10,7,2.346240282058716
1983,10,8,1.6822923421859741
1983,10,9,1.0779362916946411
1983,10,10,0.8440572023391724
1983,10,11,0.8025393486022949
1983,10,12,0.5980972051620483
1983,10,13,0.6019464731216431
1983,10,14,0.6400250196456909
1983,10,15,-0.004584734793752432
1983,10,16,-0.3044741451740265
1983,10,17,-0.01578650437295437
1983,10,18,0.22792315483093262
1983,10,19,0.3465084731578827
1983,10,20,0.4278940260410309
1983,10,21,0.6811805963516235
1983,10,22,1.4086443185806274
1983,10,23,1.9585798978805542
1983,10,24,2.0722455978393555
1983,10,25,2.7105586528778076
1983,10,26,2.488279104232788
1983,10,27,1.9389787912368774
1983,10,28,2.108248710632324
1983,10,29,2.9533116817474365
1983,10,30,3.3713443279266357
1983,10,31,3.0467071533203125
1983,11,1,2.635529041290283
1983,11,2,1.9175695180892944
1983,11,3,1.241429328918457
1983,11,4,0.9744270443916321
1983,11,5,0.9160175323486328
1983,11,6,0.5355433821678162
1983,11,7,-0.4398449659347534
1983,11,8,-1.004076600074768
1983,11,9,-1.3126296997070312
1983,11,10,-1.9041119813919067
1983,11,11,-2.3161768913269043
1983,11,12,-2.3012969493865967
1983,11,13,-2.5095725059509277
1983,11,14,-1.9253339767456055
1983,11,15,-1.2648122310638428
1983,11,16,-0.994086742401123
1983,11,17,-0.6282578706741333
1983,11,18,-0.3442290425300598
1983,11,19,-0.598612904548645
1983,11,20,-1.183234453201294
1983,11,21,-1.2621551752090454
1983,11,22,-0.7340695261955261
1983,11,23,-0.6332478523254395
1983,11,24,-0.4065304100513458
1983,11,25,0.3530760109424591
1983,11,26,0.4506628215312958
1983,11,27,-0.6761812567710876
1983,11,28,-2.325950860977173
1983,11,29,-2.4293501377105713
1983,11,30,-1.7373788356781006
1983,12,1,-0.6768949627876282
1983,12,2,0.06177081540226936
1983,12,3,0.0851854681968689
1983,12,4,-0.11030705273151398
1983,12,5,-0.560077965259552
1983,12,6,-1.0428986549377441
1983,12,7,-1.3757407665252686
1983,12,8,-1.486151099205017
1983,12,9,-1.2618259191513062
1983,12,10,-0.267415314912796
1983,12,11,0.02399318479001522
1983,12,12,0.4020639955997467
1983,12,13,0.7429400682449341
1983,12,14,0.40173637866973877
1983,12,15,-0.6458558440208435
1983,12,16,-0.9969561696052551
1983,12,17,-0.6721691489219666
1983,12,18,-1.1930084228515625
1983,12,19,-1.9901171922683716
1983,12,20,-2.25240159034729
1983,12,21,-1.793632984161377
1983,12,22,-1.177803874015808
1983,12,23,-0.21844150125980377
1983,12,24,1.0669163465499878
1983,12,25,2.0818803310394287
1983,12,26,3.450730323791504
1983,12,27,4.459633827209473
1983,12,28,3.5876238346099854
1983,12,29,1.8749980926513672
1983,12,30,1.9925142526626587
1983,12,31,3.0549087524414062
1984,1,1,3.2260982990264893
1984,1,2,3.293346643447876
1984,1,3,2.621805429458618
1984,1,4,2.8211498260498047
1984,1,5,2.5151541233062744
1984,1,6,1.639261245727539
1984,1,7,0.2837659418582916
1984,1,8,-0.00883868895471096
1984,1,9,0.3670140504837036
1984,1,10,1.4752414226531982
1984,1,11,2.132545232772827
1984,1,12,2.0931248664855957
1984,1,13,2.6540722846984863
1984,1,14,2.885577917098999
1984,1,15,2.4046454429626465
1984,1,16,1.8457444906234741
1984,1,17,1.3521337509155273
1984,1,18,0.7477587461471558
1984,1,19,-0.04067651554942131
1984,1,20,-0.1653820127248764
1984,1,21,0.2605733573436737
1984,1,22,0.18183530867099762
1984,1,23,-0.4332401752471924
1984,1,24,-0.9592210054397583
1984,1,25,-1.833229422569275
1984,1,26,-2.52929425239563
1984,1,27,-1.3918368816375732
1984,1,28,-0.5268345475196838
1984,1,29,-0.5149785280227661
1984,1,30,0.2645200490951538
1984,1,31,0.393521785736084
1984,2,1,0.23047947883605957
1984,2,2,0.8684666752815247
1984,2,3,1.1268022060394287
1984,2,4,1.1381969451904297
1984,2,5,1.5713690519332886
1984,2,6,1.2042207717895508
1984,2,7,0.048070475459098816
1984,2,8,-0.8285049200057983
1984,2,9,-1.2866538763046265
1984,2,10,-0.7118098735809326
1984,2,11,-0.5983467698097229
1984,2,12,0.2159862518310547
1984,2,13,0.5222175717353821
1984,2,14,0.07356610894203186
1984,2,15,-0.40398693084716797
1984,2,16,-0.26662755012512207
1984,2,17,-0.20319615304470062
1984,2,18,-0.4131324589252472
1984,2,19,-0.7567115426063538
1984,2,20,-1.5806370973587036
1984,2,21,-1.7033202648162842
1984,2,22,-0.9513423442840576
1984,2,23,-0.3690212070941925
1984,2,24,0.10040321946144104
1984,2,25,0.016263114288449287
1984,2,26,-0.9161708354949951
1984,2,27,-1.2922160625457764
1984,2,28,-1.4123167991638184
1984,2,29,-1.891442894935608
1984,3,1,-1.7506169080734253
1984,3,2,-1.098479986190796
1984,3,3,-0.7999600768089294
1984,3,4,-0.7604100704193115
1984,3,5,-1.1028501987457275
1984,3,6,-2.020226240158081
1984,3,7,-2.616316556930542
1984,3,8,-2.3175718784332275
1984,3,9,-1.7761753797531128
1984,3,10,-2.137526035308838
1984,3,11,-3.038695812225342
1984,3,12,-3.4346542358398438
1984,3,13,-3.7060604095458984
1984,3,14,-3.5221681594848633
1984,3,15,-3.272153377532959
1984,3,16,-3.243119239807129
1984,3,17,-2.9991564750671387
1984,3,18,-1.9477087259292603
1984,3,19,-1.534027099609375
1984,3,20,-1.880989909172058
1984,3,21,-2.684826374053955
1984,3,22,-3.0845248699188232
1984,3,23,-3.3833765983581543
1984,3,24,-3.077066659927368
1984,3,25,-2.56973934173584
1984,3,26,-2.1762845516204834
1984,3,27,-2.070066213607788
1984,3,28,-2.0236384868621826
1984,3,29,-1.913830041885376
1984,3,30,-1.7820841073989868
1984,3,31,-1.6134796142578125
1984,4,1,-0.7978933453559875
1984,4,2,-0.3321179449558258
1984,4,3,-0.903352677822113
1984,4,4,-1.3163478374481201
1984,4,5,-1.1892728805541992
1984,4,6,-1.6037333011627197
1984,4,7,-1.9348840713500977
1984,4,8,-1.4530854225158691
1984,4,9,-0.7953850626945496
1984,4,10,-0.29632121324539185
1984,4,11,-0.13061721622943878
1984,4,12,-0.23201018571853638
1984,4,13,-0.45700621604919434
1984,4,14,-0.8325148224830627
1984,4,15,-0.8830409646034241
1984,4,16,-0.4934121072292328
1984,4,17,-0.00812652800232172
1984,4,18,0.25723159313201904
1984,4,19,0.7041454911231995
1984,4,20,1.0013617277145386
1984,4,21,1.4964561462402344
1984,4,22,1.6302616596221924
1984,4,23,1.433383584022522
1984,4,24,0.6997247934341431
1984,4,25,-0.18269871175289154
1984,4,26,-0.8252688050270081
1984,4,27,-0.7326585054397583
1984,4,28,-0.29634878039360046
1984,4,29,0.19292700290679932
1984,4,30,0.07267896831035614
1984,5,1,0.09473127126693726
1984,5,2,0.5262174010276794
1984,5,3,0.6033281683921814
1984,5,4,0.14284417033195496
1984,5,5,-0.28972145915031433
1984,5,6,-0.6398947834968567
1984,5,7,-0.7402578592300415
1984,5,8,-0.6337502598762512
1984,5,9,-0.3168710470199585
1984,5,10,0.10794173926115036
1984,5,11,0.5567144155502319
1984,5,12,0.6244511008262634
1984,5,13,0.48287156224250793
1984,5,14,0.1642444133758545
1984,5,15,-0.29547423124313354
1984,5,16,-0.5791310667991638
1984,5,17,-0.305915892124176
1984,5,18,0.36655667424201965
1984,5,19,0.7558282017707825
1984,5,20,0.8571627140045166
1984,5,21,0.9944974184036255
1984,5,22,1.0198067426681519
1984,5,23,1.0437517166137695
1984,5,24,1.1473392248153687
1984,5,25,1.1480001211166382
1984,5,26,1.1388659477233887
1984,5,27,1.1367239952087402
1984,5,28,1.4509477615356445
1984,5,29,1.7141485214233398
1984,5,30,1.4684104919433594
1984,5,31,0.578744649887085
1984,6,1,-0.6122281551361084
1984,6,2,-0.9534661769866943
1984,6,3,-1.2260607481002808
1984,6,4,-1.9193618297576904
1984,6,5,-1.8184638023376465
1984,6,6,-1.2481447458267212
1984,6,7,-0.6254562139511108
1984,6,8,-0.1336883008480072
1984,6,9,0.1639808863401413
1984,6,10,0.4023289680480957
1984,6,11,0.7306492328643799
1984,6,12,1.040397047996521
1984,6,13,1.0045512914657593
1984,6,14,0.5823408365249634
1984,6,15,0.37544289231300354
1984,6,16,0.395343542098999
1984,6,17,0.45516538619995117
1984,6,18,0.5946738719940186
1984,6,19,0.9898893237113953
1984,6,20,1.1576145887374878
1984,6,21,1.2110193967819214
1984,6,22,1.0677741765975952
1984,6,23,0.6450397968292236
1984,6,24,0.2117515504360199
1984,6,25,-0.3244561553001404
1984,6,26,-0.4768110513687134
1984,6,27,-0.4842873513698578
1984,6,28,-0.5477944016456604
1984,6,29,-0.2855285704135895
1984,6,30,-0.16428911685943604
1984,7,1,-0.29609382152557373
1984,7,2,-0.40365707874298096
1984,7,3,-0.36921390891075134
1984,7,4,-0.13256773352622986
1984,7,5,0.18530160188674927
1984,7,6,0.5779584646224976
1984,7,7,1.0115001201629639
1984,7,8,0.8024839758872986
1984,7,9,0.584639847278595
1984,7,10,0.7392229437828064
1984,7,11,0.5860543251037598
1984,7,12,0.5441654920578003
1984,7,13,0.5555655360221863
1984,7,14,0.3664168417453766
1984,7,15,0.3559863269329071
1984,7,16,0.38238540291786194
1984,7,17,-0.11484375596046448
1984,7,18,-0.8398009538650513
1984,7,19,-1.0661470890045166
1984,7,20,-0.7859715819358826
1984,7,21,-0.21173006296157837
1984,7,22,-0.24916140735149384
1984,7,23,-0.47537124156951904
1984,7,24,-0.651543140411377
1984,7,25,-0.7530356049537659
1984,7,26,-0.2334214448928833
1984,7,27,0.2781809866428375
1984,7,28,0.4800734519958496
1984,7,29,0.3935089111328125
1984,7,30,-0.12912586331367493
1984,7,31,-0.5706402659416199
1984,8,1,-0.6524208784103394
1984,8,2,-0.5116323828697205
1984,8,3,-0.4296189248561859
1984,8,4,-0.132139652967453
1984,8,5,0.03912803903222084
1984,8,6,0.02963591180741787
1984,8,7,0.08942541480064392
1984,8,8,-0.06169113516807556
1984,8,9,-0.07343622297048569
1984,8,10,0.2852548658847809
1984,8,11,0.332977294921875
1984,8,12,0.4035640358924866
1984,8,13,0.3986290693283081
1984,8,14,0.6376197934150696
1984,8,15,0.7563101053237915
1984,8,16,0.7770134210586548
1984,8,17,0.7458124756813049
1984,8,18,0.7600850462913513
1984,8,19,0.31449559330940247
1984,8,20,-0.012336012907326221
1984,8,21,0.1556834578514099
1984,8,22,0.3882472813129425
1984,8,23,0.09775428473949432
1984,8,24,-0.2832076847553253
1984,8,25,0.27512288093566895
1984,8,26,1.2325587272644043
1984,8,27,1.478209137916565
1984,8,28,1.893913745880127
1984,8,29,2.055837392807007
1984,8,30,1.7114615440368652
1984,8,31,1.2175264358520508
1984,9,1,0.5526672601699829
1984,9,2,-0.2774679362773895
1984,9,3,-0.6547813415527344
1984,9,4,-0.8292863368988037
1984,9,5,-0.811273992061615
1984,9,6,-0.40585994720458984
1984,9,7,-0.1508440375328064
1984,9,8,0.7407926321029663
1984,9,9,1.469247579574585
1984,9,10,1.2714506387710571
1984,9,11,0.35834574699401855
1984,9,12,-0.3916153013706207
1984,9,13,-0.929378092288971
1984,9,14,-1.199611783027649
1984,9,15,-1.0038480758666992
1984,9,16,-0.7393719553947449
1984,9,17,-0.34048253297805786
1984,9,18,0.12331409007310867
1984,9,19,0.12378610670566559
1984,9,20,-0.6977398991584778
1984,9,21,-1.2893728017807007
1984,9,22,-2.269716501235962
1984,9,23,-2.5898046493530273
1984,9,24,-1.7254234552383423
1984,9,25,-0.7995012402534485
1984,9,26,-0.33820924162864685
1984,9,27,0.27210643887519836
1984,9,28,0.34622472524642944
1984,9,29,0.19140039384365082
1984,9,30,0.04900701344013214
1984,10,1,-0.27035588026046753
1984,10,2,-0.9291043877601624
1984,10,3,-2.096712350845337
1984,10,4,-3.053687334060669
1984,10,5,-3.0873608589172363
1984,10,6,-1.9674683809280396
1984,10,7,-0.5576487183570862
1984,10,8,0.6368721127510071
1984,10,9,0.949409008026123
1984,10,10,0.2792391777038574
1984,10,11,-0.1917394995689392
1984,10,12,-0.15628944337368011
1984,10,13,0.45293593406677246
1984,10,14,0.5376974940299988
1984,10,15,-0.09177786111831665
1984,10,16,-0.14997132122516632
1984,10,17,0.10015582293272018
1984,10,18,0.24178546667099
1984,10,19,0.2886672914028168
1984,10,20,-0.027661330997943878
1984,10,21,0.15351997315883636
1984,10,22,0.7101836800575256
1984,10,23,1.1480967998504639
1984,10,24,0.9485883712768555
1984,10,25,0.6276518106460571
1984,10,26,-0.0741371363401413
1984,10,27,-0.7468998432159424
1984,10,28,-0.6355597376823425
1984,10,29,-0.3683711886405945
1984,10,30,-0.20672670006752014
1984,10,31,-0.5464957356452942
1984,11,1,-0.658037006855011
1984,11,2,-0.340684175491333
1984,11,3,-0.26374948024749756
1984,11,4,-0.6079896092414856
1984,11,5,-1.557424783706665
1984,11,6,-2.4911770820617676
1984,11,7,-2.934873104095459
1984,11,8,-2.7677066326141357
1984,11,9,-2.1294138431549072
1984,11,10,-1.8222041130065918
1984,11,11,-1.6363849639892578
1984,11,12,-1.398590087890625
1984,11,13,-1.735573649406433
1984,11,14,-2.413865566253662
1984,11,15,-3.338266372680664
1984,11,16,-3.362978458404541
1984,11,17,-2.673112630844116
1984,11,18,-2.1075263023376465
1984,11,19,-1.5254842042922974
1984,11,20,-1.187718391418457
1984,11,21,-0.6580503582954407
1984,11,22,0.4576312303543091
1984,11,23,1.7251757383346558
1984,11,24,1.703537106513977
1984,11,25,0.9978081583976746
1984,11,26,1.1636335849761963
1984,11,27,1.7844762802124023
1984,11,28,1.7534716129302979
1984,11,29,0.6291002631187439
1984,11,30,-0.5525389909744263
1984,12,1,-0.49052706360816956
1984,12,2,-0.2825056314468384
1984,12,3,-0.6706497669219971
1984,12,4,-0.702302873134613
1984,12,5,0.060549356043338776
1984,12,6,1.3513991832733154
1984,12,7,1.791988730430603
1984,12,8,2.5756642818450928
1984,12,9,3.564631462097168
1984,12,10,2.4250121116638184
1984,12,11,1.4618273973464966
1984,12,12,0.9066191911697388
1984,12,13,0.8246128559112549
1984,12,14,0.7319011092185974
1984,12,15,0.6330999732017517
1984,12,16,0.5991054177284241
1984,12,17,0.1698656678199768
1984,12,18,0.7370727062225342
1984,12,19,1.3033087253570557
1984,12,20,1.2684674263000488
1984,12,21,0.8832102417945862
1984,12,22,0.4708515703678131
1984,12,23,0.23543746769428253
1984,12,24,0.7590053081512451
1984,12,25,0.7492967247962952
1984,12,26,0.09902328252792358
1984,12,27,-0.7577510476112366
1984,12,28,-1.6415749788284302
1984,12,29,-1.9565740823745728
1984,12,30,-2.1171183586120605
1984,12,31,-1.6518254280090332
1985,1,1,-1.2385507822036743
1985,1,2,-1.606580376625061
1985,1,3,-2.126645803451538
1985,1,4,-3.1726834774017334
1985,1,5,-3.3103532791137695
1985,1,6,-3.7198374271392822
1985,1,7,-3.746880531311035
1985,1,8,-3.363999366760254
1985,1,9,-2.888162851333618
1985,1,10,-1.762648105621338
1985,1,11,-0.791258692741394
1985,1,12,-0.736699640750885
1985,1,13,-2.428093671798706
1985,1,14,-3.1142592430114746
1985,1,15,-2.9712319374084473
1985,1,16,-3.934804677963257
1985,1,17,-4.894994735717773
1985,1,18,-5.693192958831787
1985,1,19,-6.226099014282227
1985,1,20,-5.58100700378418
1985,1,21,-4.224322319030762
1985,1,22,-2.9158360958099365
1985,1,23,-2.17509126663208
1985,1,24,-1.7907397747039795
1985,1,25,-1.7650573253631592
1985,1,26,-1.8425111770629883
1985,1,27,-1.9078353643417358
1985,1,28,-1.655941128730774
1985,1,29,-1.2584683895111084
1985,1,30,-0.7658611536026001
1985,1,31,-0.27517831325531006
1985,2,1,-0.4879608452320099
1985,2,2,-1.5017040967941284
1985,2,3,-1.9681645631790161
1985,2,4,-1.9052963256835938
1985,2,5,-2.3449866771698
1985,2,6,-3.310410976409912
1985,2,7,-3.5408825874328613
1985,2,8,-3.3596513271331787
1985,2,9,-3.434980869293213
1985,2,10,-3.5685994625091553
1985,2,11,-3.4545464515686035
1985,2,12,-3.381338357925415
1985,2,13,-3.559217691421509
1985,2,14,-3.7270658016204834
1985,2,15,-2.656104803085327
1985,2,16,-1.9280023574829102
1985,2,17,-1.173964262008667
1985,2,18,-0.09362748265266418
1985,2,19,0.176875039935112
1985,2,20,0.2074144035577774
1985,2,21,0.4224603474140167
1985,2,22,0.9094663858413696
1985,2,23,1.4150736331939697
1985,2,24,0.819632351398468
1985,2,25,0.1677653193473816
1985,2,26,0.42590755224227905
1985,2,27,0.9503352046012878
1985,2,28,1.019419550895691
1985,3,1,0.7709277272224426
1985,3,2,1.00032377243042
1985,3,3,0.853763222694397
1985,3,4,0.42995694279670715
1985,3,5,0.546593964099884
1985,3,6,1.5521621704101562
1985,3,7,1.9841407537460327
1985,3,8,2.2796006202697754
1985,3,9,2.2447381019592285
1985,3,10,2.2896411418914795
1985,3,11,2.3787622451782227
1985,3,12,2.0551209449768066
1985,3,13,1.4521334171295166
1985,3,14,0.883646547794342
1985,3,15,0.5245519876480103
1985,3,16,0.44535914063453674
1985,3,17,0.8471431136131287
1985,3,18,1.1942061185836792
1985,3,19,1.1433299779891968
1985,3,20,0.8987586498260498
1985,3,21,0.46650344133377075
1985,3,22,-0.2820621728897095
1985,3,23,-0.9349862337112427
1985,3,24,-1.3101367950439453
1985,3,25,-1.3623557090759277
1985,3,26,-1.3871105909347534
1985,3,27,-1.6851056814193726
1985,3,28,-1.6853678226470947
1985,3,29,-0.9817886352539062
1985,3,30,-0.21587689220905304
1985,3,31,0.08691795915365219
1985,4,1,0.0847025141119957
1985,4,2,0.3094369173049927
1985,4,3,0.8349676728248596
1985,4,4,1.0534954071044922
1985,4,5,0.4086834490299225
1985,4,6,-0.2737995982170105
1985,4,7,-0.24603193998336792
1985,4,8,0.3526901304721832
1985,4,9,1.3986605405807495
1985,4,10,2.2724287509918213
1985,4,11,2.437379837036133
1985,4,12,2.46795654296875
1985,4,13,1.9110347032546997
1985,4,14,1.5025218725204468
1985,4,15,0.9270562529563904
1985,4,16,0.837186872959137
1985,4,17,0.833069920539856
1985,4,18,0.5086728930473328
1985,4,19,0.30073830485343933
1985,4,20,-0.0872654840350151
1985,4,21,0.1114988923072815
1985,4,22,-0.14877371490001678
1985,4,23,-0.6715907454490662
1985,4,24,-0.2865217924118042
1985,4,25,0.136491060256958
1985,4,26,0.5229467153549194
1985,4,27,0.7292850017547607
1985,4,28,0.616899311542511
1985,4,29,0.37782230973243713
1985,4,30,-0.3480837643146515
1985,5,1,-0.669592559337616
1985,5,2,-0.4687507748603821
1985,5,3,0.057433415204286575
1985,5,4,0.4182562232017517
1985,5,5,0.16132694482803345
1985,5,6,-0.30643168091773987
1985,5,7,-0.08306603878736496
1985,5,8,0.5623822212219238
1985,5,9,0.8714678883552551
1985,5,10,0.7999415993690491
1985,5,11,0.7381868958473206
1985,5,12,0.57356196641922
1985,5,13,0.44372105598449707
1985,5,14,0.340020090341568
1985,5,15,0.23097273707389832
1985,5,16,0.008025829680263996
1985,5,17,-0.2439844161272049
1985,5,18,-0.22788433730602264
1985,5,19,-0.30362996459007263
1985,5,20,-0.5820010304450989
1985,5,21,-0.6424809694290161
1985,5,22,-1.100182056427002
1985,5,23,-1.5226407051086426
1985,5,24,-1.4805887937545776
1985,5,25,-1.2241215705871582
1985,5,26,-1.3243334293365479
1985,5,27,-1.5642359256744385
1985,5,28,-1.4661625623703003
1985,5,29,-1.5470848083496094
1985,5,30,-1.7619874477386475
1985,5,31,-1.6111494302749634
1985,6,1,-1.4742711782455444
1985,6,2,-1.595259428024292
1985,6,3,-1.7699004411697388
1985,6,4,-1.3304164409637451
1985,6,5,-0.9182782769203186
1985,6,6,-0.4837176203727722
1985,6,7,-0.011327740736305714
1985,6,8,0.36232849955558777
1985,6,9,0.051492031663656235
1985,6,10,-0.24070240557193756
1985,6,11,-0.39677175879478455
1985,6,12,-0.22107136249542236
1985,6,13,-0.26711955666542053
1985,6,14,-0.3220905661582947
1985,6,15,0.14909197390079498
1985,6,16,0.20134314894676208
1985,6,17,0.15096580982208252
1985,6,18,-0.08288509398698807
1985,6,19,-0.11278791725635529
1985,6,20,-0.036831729114055634
1985,6,21,-0.12260271608829498
1985,6,22,-0.07794774323701859
1985,6,23,-0.008725709281861782
1985,6,24,0.033606670796871185
1985,6,25,-0.33921462297439575
1985,6,26,-0.946704089641571
1985,6,27,-0.7714743614196777
1985,6,28,-0.2691075801849365
1985,6,29,0.11025168746709824
1985,6,30,0.7100256085395813
1985,7,1,1.0478202104568481
1985,7,2,1.0471051931381226
1985,7,3,0.7128346562385559
1985,7,4,0.07309272885322571
1985,7,5,-0.389732301235199
1985,7,6,-0.6047894358634949
1985,7,7,-0.4010206460952759
1985,7,8,0.09978814423084259
1985,7,9,-0.16733808815479279
1985,7,10,-0.4494890868663788
1985,7,11,-0.6141577363014221
1985,7,12,-0.9251464009284973
1985,7,13,-0.8476372361183167
1985,7,14,-0.456943541765213
1985,7,15,-0.04912737384438515
1985,7,16,0.17125920951366425
1985,7,17,0.0767868161201477
1985,7,18,-0.3010443150997162
1985,7,19,-0.7167935371398926
1985,7,20,-1.0593020915985107
1985,7,21,-1.014607548713684
1985,7,22,-0.8980388045310974
1985,7,23,-0.8149642944335938
1985,7,24,-0.9062395691871643
1985,7,25,-0.8752011656761169
1985,7,26,-0.7673541307449341
1985,7,27,-1.0002384185791016
1985,7,28,-1.2224760055541992
1985,7,29,-0.7291246652603149
1985,7,30,-0.0668637827038765
1985,7,31,0.398389607667923
1985,8,1,0.711441695690155
1985,8,2,0.7619101405143738
1985,8,3,0.9029767513275146
1985,8,4,0.6323130130767822
1985,8,5,0.38636350631713867
1985,8,6,0.4264739155769348
1985,8,7,0.22047479450702667
1985,8,8,-0.2519078850746155
1985,8,9,-0.7502533197402954
1985,8,10,-0.7946192026138306
1985,8,11,-0.24772417545318604
1985,8,12,-0.24553675949573517
1985,8,13,-0.3491371273994446
1985,8,14,-0.4409218430519104
1985,8,15,-0.4921504855155945
1985,8,16,-0.564828097820282
1985,8,17,-0.7792928218841553
1985,8,18,-0.7353625893592834
1985,8,19,-0.5516256093978882
1985,8,20,0.06753923743963242
1985,8,21,0.6211280822753906
1985,8,22,0.8269550800323486
1985,8,23,0.6588384509086609
1985,8,24,0.23817798495292664
1985,8,25,0.34974101185798645
1985,8,26,0.6484745740890503
1985,8,27,0.36288973689079285
1985,8,28,0.1131712794303894
1985,8,29,-0.34276488423347473
1985,8,30,-0.7251996397972107
1985,8,31,-0.7033469676971436
1985,9,1,-0.5688003301620483
1985,9,2,-0.6565672755241394
1985,9,3,-0.9034649729728699
1985,9,4,-1.0670843124389648
1985,9,5,-1.4884655475616455
1985,9,6,-2.0030107498168945
1985,9,7,-2.089718818664551
1985,9,8,-1.7542431354522705
1985,9,9,-1.5566754341125488
1985,9,10,-1.3644789457321167
1985,9,11,-1.0959131717681885
1985,9,12,-0.6776173710823059
1985,9,13,0.5685468316078186
1985,9,14,1.8417974710464478
1985,9,15,2.97568678855896
1985,9,16,3.317455291748047
1985,9,17,2.500436305999756
1985,9,18,1.3526803255081177
1985,9,19,1.191574215888977
1985,9,20,1.534066915512085
1985,9,21,1.5227991342544556
1985,9,22,0.9609236717224121
1985,9,23,0.5492314100265503
1985,9,24,0.4181724190711975
1985,9,25,0.1051044687628746
1985,9,26,-0.4721931219100952
1985,9,27,-0.719380795955658
1985,9,28,-0.5203908085823059
1985,9,29,0.0033675835002213717
1985,9,30,1.4034478664398193
1985,10,1,2.404371976852417
1985,10,2,2.5041027069091797
1985,10,3,1.6282116174697876
1985,10,4,1.1617358922958374
1985,10,5,0.6825233101844788
1985,10,6,-0.03662436828017235
1985,10,7,0.36205074191093445
1985,10,8,1.499036431312561
1985,10,9,2.2878544330596924
1985,10,10,2.2713794708251953
1985,10,11,1.6589850187301636
1985,10,12,0.7700620889663696
1985,10,13,0.18835395574569702
1985,10,14,0.05989554524421692
1985,10,15,0.36635974049568176
1985,10,16,1.127493977546692
1985,10,17,1.5904390811920166
1985,10,18,2.0685973167419434
1985,10,19,2.0362648963928223
1985,10,20,1.5813534259796143
1985,10,21,1.163562536239624
1985,10,22,1.1634883880615234
1985,10,23,1.0337135791778564
1985,10,24,0.8749276995658875
1985,10,25,1.006232500076294
1985,10,26,0.733031153678894
1985,10,27,0.4275827407836914
1985,10,28,0.3461191654205322
1985,10,29,-0.2046264111995697
1985,10,30,-0.7306103110313416
1985,10,31,-1.0808391571044922
1985,11,1,-1.5031744241714478
1985,11,2,-1.399370789527893
1985,11,3,-1.3998758792877197
1985,11,4,-0.514976978302002
1985,11,5,0.9957278370857239
1985,11,6,1.568645715713501
1985,11,7,0.7242379188537598
1985,11,8,-0.3047263026237488
1985,11,9,-0.17418132722377777
1985,11,10,0.6925356984138489
1985,11,11,1.6230180263519287
1985,11,12,1.7606239318847656
1985,11,13,1.5226044654846191
1985,11,14,1.0246155261993408
1985,11,15,0.8941715359687805
1985,11,16,0.720284104347229
1985,11,17,0.7145784497261047
1985,11,18,-0.22659437358379364
1985,11,19,-1.2889643907546997
1985,11,20,-2.6616551876068115
1985,11,21,-3.3572514057159424
1985,11,22,-3.4626314640045166
1985,11,23,-3.87911319732666
1985,11,24,-4.412869453430176
1985,11,25,-4.559022426605225
1985,11,26,-4.30542516708374
1985,11,27,-3.567359685897827
1985,11,28,-3.178133487701416
1985,11,29,-3.4656615257263184
1985,11,30,-3.8097171783447266
1985,12,1,-3.7832701206207275
1985,12,2,-3.1586291790008545
1985,12,3,-2.6579670906066895
1985,12,4,-2.5299839973449707
1985,12,5,-2.0255980491638184
1985,12,6,-1.452413558959961
1985,12,7,-1.6024413108825684
1985,12,8,-2.1132490634918213
1985,12,9,-2.0779340267181396
1985,12,10,-1.5725561380386353
1985,12,11,-1.390731930732727
1985,12,12,-1.3514504432678223
1985,12,13,-1.6216400861740112
1985,12,14,-2.211357831954956
1985,12,15,-2.5231847763061523
1985,12,16,-2.4283063411712646
1985,12,17,-2.0247764587402344
1985,12,18,-1.784752368927002
1985,12,19,-1.6374855041503906
1985,12,20,-1.0080475807189941
1985,12,21,-0.6033813953399658
1985,12,22,-0.9804895520210266
1985,12,23,-1.455176830291748
1985,12,24,-1.7895187139511108
1985,12,25,-2.156240463256836
1985,12,26,-2.862291097640991
1985,12,27,-2.324488878250122
1985,12,28,-1.2788665294647217
1985,12,29,-1.457939863204956
1985,12,30,-1.3858789205551147
1985,12,31,-0.980039656162262
1986,1,1,-0.7699630856513977
1986,1,2,-1.0294384956359863
1986,1,3,-0.6572961211204529
1986,1,4,-0.37649402022361755
1986,1,5,-1.2071125507354736
1986,1,6,-2.075953722000122
1986,1,7,-2.1801705360412598
1986,1,8,-0.9078673720359802
1986,1,9,-0.12494492530822754
1986,1,10,0.5453000664710999
1986,1,11,1.0373023748397827
1986,1,12,0.43990668654441833
1986,1,13,0.3805248737335205
1986,1,14,-0.4619152247905731
1986,1,15,-1.0796228647232056
1986,1,16,-0.43120890855789185
1986,1,17,0.7526963949203491
1986,1,18,1.5345433950424194
1986,1,19,1.4541743993759155
1986,1,20,0.8501843810081482
1986,1,21,0.9324405193328857
1986,1,22,0.8487799167633057
1986,1,23,0.33963462710380554
1986,1,24,-0.017448842525482178
1986,1,25,-0.17767828702926636
1986,1,26,-0.167816162109375
1986,1,27,-1.1303085088729858
1986,1,28,-2.498966932296753
1986,1,29,-3.712925672531128
1986,1,30,-3.620460033416748
1986,1,31,-3.461822032928467
1986,2,1,-3.0420117378234863
1986,2,2,-2.264756441116333
1986,2,3,-2.07316255569458
1986,2,4,-2.6975443363189697
1986,2,5,-3.364154815673828
1986,2,6,-3.8940913677215576
1986,2,7,-3.79052734375
1986,2,8,-3.05208158493042
1986,2,9,-2.1312458515167236
1986,2,10,-1.6827392578125
1986,2,11,-1.5218464136123657
1986,2,12,-1.7205697298049927
1986,2,13,-2.2977917194366455
1986,2,14,-2.8497443199157715
1986,2,15,-3.136448860168457
1986,2,16,-3.354445695877075
1986,2,17,-3.492949962615967
1986,2,18,-3.587106227874756
1986,2,19,-3.235168218612671
1986,2,20,-3.0298051834106445
1986,2,21,-2.986468553543091
1986,2,22,-2.975402593612671
1986,2,23,-3.325103282928467
1986,2,24,-3.478494644165039
1986,2,25,-3.172060966491699
1986,2,26,-2.653010368347168
1986,2,27,-2.2667670249938965
1986,2,28,-1.3498321771621704
1986,3,1,-0.40657609701156616
1986,3,2,0.4931254982948303
1986,3,3,1.7673271894454956
1986,3,4,2.9184281826019287
1986,3,5,2.3636975288391113
1986,3,6,1.466486930847168
1986,3,7,1.0310618877410889
1986,3,8,1.0084251165390015
1986,3,9,0.9161529541015625
1986,3,10,1.3457964658737183
1986,3,11,1.3635029792785645
1986,3,12,1.2517281770706177
1986,3,13,1.4441626071929932
1986,3,14,1.7265652418136597
1986,3,15,1.3608648777008057
1986,3,16,1.0914415121078491
1986,3,17,1.1250439882278442
1986,3,18,1.456160306930542
1986,3,19,1.6010630130767822
1986,3,20,2.0657927989959717
1986,3,21,2.94374942779541
1986,3,22,4.143307209014893
1986,3,23,4.252817630767822
1986,3,24,3.175719976425171
1986,3,25,2.4123284816741943
1986,3,26,2.3455560207366943
1986,3,27,2.4429352283477783
1986,3,28,2.889162540435791
1986,3,29,2.7496323585510254
1986,3,30,1.863746166229248
1986,3,31,1.1144038438796997
1986,4,1,0.13962049782276154
1986,4,2,-0.5016387104988098
1986,4,3,-0.6517361402511597
1986,4,4,-0.3072481155395508
1986,4,5,0.4739629030227661
1986,4,6,0.6425005197525024
1986,4,7,-0.3157593011856079
1986,4,8,-1.3144850730895996
1986,4,9,-1.6518505811691284
1986,4,10,-1.1231954097747803
1986,4,11,-0.37274613976478577
1986,4,12,-0.2783218324184418
1986,4,13,-0.4562358260154724
1986,4,14,-0.7927297949790955
1986,4,15,-0.8872029781341553
1986,4,16,-0.6170578002929688
1986,4,17,-0.2910512089729309
1986,4,18,0.1620410531759262
1986,4,19,1.1641056537628174
1986,4,20,1.9213138818740845
1986,4,21,1.6185954809188843
1986,4,22,1.3711403608322144
1986,4,23,1.0435043573379517
1986,4,24,0.8033834099769592
1986,4,25,0.9966340065002441
1986,4,26,0.8054570555686951
1986,4,27,0.7520604133605957
1986,4,28,0.5791680216789246
1986,4,29,0.1269354671239853
1986,4,30,-0.06233111396431923
1986,5,1,-0.3214268088340759
1986,5,2,-0.522887110710144
1986,5,3,-0.5962399840354919
1986,5,4,-1.1268254518508911
1986,5,5,-1.4349381923675537
1986,5,6,-1.6851398944854736
1986,5,7,-1.719500184059143
1986,5,8,-1.2396807670593262
1986,5,9,-0.28977543115615845
1986,5,10,0.1681482046842575
1986,5,11,0.41792792081832886
1986,5,12,0.7218717932701111
1986,5,13,1.0464850664138794
1986,5,14,1.2609115839004517
1986,5,15,1.3061339855194092
1986,5,16,1.1668254137039185
1986,5,17,1.0992037057876587
1986,5,18,1.241345763206482
1986,5,19,1.5274913311004639
1986,5,20,1.1727477312088013
1986,5,21,0.6032694578170776
1986,5,22,0.34368661046028137
1986,5,23,0.06806547939777374
1986,5,24,-0.02682679146528244
1986,5,25,0.3350946307182312
1986,5,26,1.1982015371322632
1986,5,27,1.6450411081314087
1986,5,28,1.4106947183609009
1986,5,29,1.0602636337280273
1986,5,30,1.1154756546020508
1986,5,31,1.0196746587753296
1986,6,1,0.6669544577598572
1986,6,2,0.6235352158546448
1986,6,3,0.6316429972648621
1986,6,4,0.539576530456543
1986,6,5,0.46633481979370117
1986,6,6,0.30034589767456055
1986,6,7,0.3660464584827423
1986,6,8,0.5336482524871826
1986,6,9,0.6787798404693604
1986,6,10,0.4412553012371063
1986,6,11,0.45894384384155273
1986,6,12,0.5758962631225586
1986,6,13,0.7720009088516235
1986,6,14,0.9604184031486511
1986,6,15,1.1067034006118774
1986,6,16,1.1152715682983398
1986,6,17,1.065915822982788
1986,6,18,0.76011061668396
1986,6,19,0.6875236630439758
1986,6,20,0.7094542980194092
1986,6,21,0.7084058523178101
1986,6,22,0.44055601954460144
1986,6,23,0.20260339975357056
1986,6,24,0.1673976480960846
1986,6,25,0.14972153306007385
1986,6,26,0.12163051217794418
1986,6,27,0.25655850768089294
1986,6,28,0.3559616208076477
1986,6,29,0.06850744038820267
1986,6,30,-0.4679050147533417
1986,7,1,-0.2565825879573822
1986,7,2,0.2737269997596741
1986,7,3,0.44588619470596313
1986,7,4,0.6905105113983154
1986,7,5,0.48398396372795105
1986,7,6,0.35996168851852417
1986,7,7,0.22407229244709015
1986,7,8,-0.20748211443424225
1986,7,9,-0.6893385648727417
1986,7,10,-0.5647056698799133
1986,7,11,-0.18960827589035034
1986,7,12,-0.21150748431682587
1986,7,13,-0.37350428104400635
1986,7,14,-0.47370806336402893
1986,7,15,-0.3835316002368927
1986,7,16,-0.10565349459648132
1986,7,17,-0.04567468538880348
1986,7,18,-0.025083834305405617
1986,7,19,0.12825708091259003
1986,7,20,0.14793477952480316
1986,7,21,0.10069220513105392
1986,7,22,0.30859115719795227
1986,7,23,0.508957028388977
1986,7,24,0.5118001103401184
1986,7,25,0.31736811995506287
1986,7,26,0.1938941478729248
1986,7,27,-0.10440494120121002
1986,7,28,-0.3340180814266205
1986,7,29,-0.27767494320869446
1986,7,30,-0.29468315839767456
1986,7,31,-0.4084640443325043
1986,8,1,-0.5901778936386108
1986,8,2,-0.5746269226074219
1986,8,3,-0.2000167816877365
1986,8,4,0.1470869481563568
1986,8,5,0.3137405216693878
1986,8,6,0.43419429659843445
1986,8,7,0.2517513632774353
1986,8,8,-0.45319342613220215
1986,8,9,-1.0193595886230469
1986,8,10,-1.1694632768630981
1986,8,11,-1.2088230848312378
1986,8,12,-0.9961696267127991
1986,8,13,-0.890312135219574
1986,8,14,-0.9971395134925842
1986,8,15,-1.0968518257141113
1986,8,16,-1.1117149591445923
1986,8,17,-1.094375729560852
1986,8,18,-1.2176226377487183
1986,8,19,-1.1654942035675049
1986,8,20,-0.9412654638290405
1986,8,21,-0.9050453901290894
1986,8,22,-0.8606909513473511
1986,8,23,-1.0583736896514893
1986,8,24,-1.692762851715088
1986,8,25,-2.278475284576416
1986,8,26,-2.196908473968506
1986,8,27,-1.765651822090149
1986,8,28,-1.2354384660720825
1986,8,29,-0.7732124924659729
1986,8,30,0.3240383565425873
1986,8,31,1.3153667449951172
1986,9,1,1.47858464717865
1986,9,2,1.1368675231933594
1986,9,3,0.4680894911289215
1986,9,4,-0.20199225842952728
1986,9,5,-0.5119197368621826
1986,9,6,-0.7390678524971008
1986,9,7,-1.0382996797561646
1986,9,8,-1.173289179801941
1986,9,9,-0.7372875213623047
1986,9,10,-1.1150104999542236
1986,9,11,-1.6024963855743408
1986,9,12,-1.7606353759765625
1986,9,13,-1.8857324123382568
1986,9,14,-1.7387280464172363
1986,9,15,-1.2149736881256104
1986,9,16,-0.42673957347869873
1986,9,17,0.23683932423591614
1986,9,18,0.7195290327072144
1986,9,19,0.981525719165802
1986,9,20,1.1371768712997437
1986,9,21,1.0711145401000977
1986,9,22,0.8412286639213562
1986,9,23,0.4778444170951843
1986,9,24,-0.229302316904068
1986,9,25,-0.584203839302063
1986,9,26,-0.42983078956604004
1986,9,27,0.32111769914627075
1986,9,28,1.4046670198440552
1986,9,29,2.0965285301208496
1986,9,30,2.3388216495513916
1986,10,1,1.5710049867630005
1986,10,2,0.8719915151596069
1986,10,3,0.5951988101005554
1986,10,4,0.595326840877533
1986,10,5,0.5917954444885254
1986,10,6,0.6038827896118164
1986,10,7,0.7470034956932068
1986,10,8,1.4345557689666748
1986,10,9,1.8834646940231323
1986,10,10,1.4685207605361938
1986,10,11,1.7267818450927734
1986,10,12,2.020369291305542
1986,10,13,2.2332983016967773
1986,10,14,2.348020315170288
1986,10,15,2.220128059387207
1986,10,16,2.348111867904663
1986,10,17,3.0094337463378906
1986,10,18,2.6810622215270996
1986,10,19,1.8808878660202026
1986,10,20,1.5449166297912598
1986,10,21,1.2679452896118164
1986,10,22,0.7113074660301208
1986,10,23,0.7206539511680603
1986,10,24,1.1723780632019043
1986,10,25,0.8489404916763306
1986,10,26,0.5497236251831055
1986,10,27,1.1729596853256226
1986,10,28,1.827253818511963
1986,10,29,1.4794330596923828
1986,10,30,0.5177426934242249
1986,10,31,-0.05499899014830589
1986,11,1,-0.38358548283576965
1986,11,2,0.32936182618141174
1986,11,3,0.8280455470085144
1986,11,4,1.4170364141464233
1986,11,5,1.609145998954773
1986,11,6,1.1229230165481567
1986,11,7,0.19394619762897491
1986,11,8,-0.30157142877578735
1986,11,9,-0.11633432656526566
1986,11,10,0.4340806305408478
1986,11,11,0.5991252660751343
1986,11,12,0.6013962030410767
1986,11,13,0.5260489583015442
1986,11,14,0.756734311580658
1986,11,15,1.843431830406189
1986,11,16,2.2637572288513184
1986,11,17,1.3279634714126587
1986,11,18,0.47353580594062805
1986,11,19,0.3871832489967346
1986,11,20,0.5832218527793884
1986,11,21,0.7868448495864868
1986,11,22,0.22446610033512115
1986,11,23,0.056653063744306564
1986,11,24,0.7547758221626282
1986,11,25,1.191811203956604
1986,11,26,1.4836583137512207
1986,11,27,1.5123600959777832
1986,11,28,1.8493692874908447
1986,11,29,2.2924444675445557
1986,11,30,2.1330246925354004
1986,12,1,2.126570463180542
1986,12,2,2.2927815914154053
1986,12,3,2.2351877689361572
1986,12,4,1.972007155418396
1986,12,5,1.8242945671081543
1986,12,6,1.8043010234832764
1986,12,7,1.0944218635559082
1986,12,8,0.1610330492258072
1986,12,9,-0.05714641138911247
1986,12,10,-0.024383215233683586
1986,12,11,0.058737944811582565
1986,12,12,0.24955977499485016
1986,12,13,0.29619014263153076
1986,12,14,0.528508186340332
1986,12,15,1.169179916381836
1986,12,16,1.0615535974502563
1986,12,17,0.9646984338760376
1986,12,18,1.1054853200912476
1986,12,19,0.022610977292060852
1986,12,20,-1.2627520561218262
1986,12,21,-2.0675747394561768
1986,12,22,-2.17379093170166
1986,12,23,-1.746518611907959
1986,12,24,-1.5990498065948486
1986,12,25,-0.5932941436767578
1986,12,26,-0.3039286732673645
1986,12,27,-0.7504128813743591
1986,12,28,-1.2922816276550293
1986,12,29,-1.3921035528182983
1986,12,30,-1.6936777830123901
1986,12,31,-2.226367235183716
1987,1,1,-2.1984951496124268
1987,1,2,-2.668393850326538
1987,1,3,-2.403721570968628
1987,1,4,-1.7656728029251099
1987,1,5,-2.088700532913208
1987,1,6,-2.682422399520874
1987,1,7,-2.154003381729126
1987,1,8,-1.7357432842254639
1987,1,9,-1.279506802558899
1987,1,10,-0.45887652039527893
1987,1,11,0.03812286630272865
1987,1,12,-0.8921836614608765
1987,1,13,-1.1180100440979004
1987,1,14,-1.3561835289001465
1987,1,15,-1.409372091293335
1987,1,16,-0.5726790428161621
1987,1,17,0.6234980225563049
1987,1,18,0.9635469317436218
1987,1,19,0.5976218581199646
1987,1,20,0.44571569561958313
1987,1,21,-0.36312201619148254
1987,1,22,-1.7212964296340942
1987,1,23,-2.5836920738220215
1987,1,24,-2.0757367610931396
1987,1,25,-0.6675125360488892
1987,1,26,-0.5251262187957764
1987,1,27,-0.8711785078048706
1987,1,28,-1.2238527536392212
1987,1,29,-1.426756501197815
1987,1,30,-0.7833720445632935
1987,1,31,0.04379022866487503
1987,2,1,0.44450643658638
1987,2,2,0.15447036921977997
1987,2,3,0.0918392688035965
1987,2,4,0.19870126247406006
1987,2,5,-0.15688414871692657
1987,2,6,-0.5245042443275452
1987,2,7,-0.2930822968482971
1987,2,8,-0.4558517038822174
1987,2,9,-1.2440730333328247
1987,2,10,-2.141371488571167
1987,2,11,-2.920492649078369
1987,2,12,-3.244925022125244
1987,2,13,-3.2529385089874268
1987,2,14,-3.02874755859375
1987,2,15,-2.7649760246276855
1987,2,16,-2.4852523803710938
1987,2,17,-2.4221959114074707
1987,2,18,-2.029979944229126
1987,2,19,-1.630806803703308
1987,2,20,-1.657222032546997
1987,2,21,-1.5319494009017944
1987,2,22,-1.3752617835998535
1987,2,23,-2.0024118423461914
1987,2,24,-2.1481966972351074
1987,2,25,-1.8745694160461426
1987,2,26,-1.1374452114105225
1987,2,27,-0.12022018432617188
1987,2,28,-0.23199237883090973
1987,3,1,-0.9564382433891296
1987,3,2,-1.658063292503357
1987,3,3,-2.374810218811035
1987,3,4,-1.8542335033416748
1987,3,5,-0.899971067905426
1987,3,6,-0.5731971263885498
1987,3,7,-1.5945295095443726
1987,3,8,-2.6571316719055176
1987,3,9,-3.5071184635162354
1987,3,10,-3.3009822368621826
1987,3,11,-2.2292845249176025
1987,3,12,-1.1030616760253906
1987,3,13,-0.6544974446296692
1987,3,14,-1.1773316860198975
1987,3,15,-1.5716321468353271
1987,3,16,-1.7528761625289917
1987,3,17,-1.876601219177246
1987,3,18,-2.17289400100708
1987,3,19,-2.434431552886963
1987,3,20,-3.0014894008636475
1987,3,21,-3.1999688148498535
1987,3,22,-2.831310987472534
1987,3,23,-2.5884156227111816
1987,3,24,-2.326545476913452
1987,3,25,-1.8724161386489868
1987,3,26,-1.0705296993255615
1987,3,27,-0.28107890486717224
1987,3,28,0.3664659559726715
1987,3,29,0.14495842158794403
1987,3,30,-0.40196797251701355
1987,3,31,-0.8066838979721069
1987,4,1,-2.1823818683624268
1987,4,2,-3.736055850982666
1987,4,3,-3.9742865562438965
1987,4,4,-3.4112682342529297
1987,4,5,-2.5956411361694336
1987,4,6,-1.8211361169815063
1987,4,7,-1.3205387592315674
1987,4,8,-0.7683382034301758
1987,4,9,-0.2375331073999405
1987,4,10,0.29399481415748596
1987,4,11,0.4536062777042389
1987,4,12,0.7364891767501831
1987,4,13,0.8443337082862854
1987,4,14,1.204196572303772
1987,4,15,1.5880788564682007
1987,4,16,1.4725936651229858
1987,4,17,1.0163519382476807
1987,4,18,0.7796159386634827
1987,4,19,1.6214416027069092
1987,4,20,2.2617104053497314
1987,4,21,2.425966262817383
1987,4,22,2.4150044918060303
1987,4,23,2.556577205657959
1987,4,24,2.2589967250823975
1987,4,25,2.086702823638916
1987,4,26,2.114304780960083
1987,4,27,2.02483868598938
1987,4,28,1.68621826171875
1987,4,29,1.0768362283706665
1987,4,30,0.3224862813949585
1987,5,1,-0.07597782462835312
1987,5,2,0.18014633655548096
1987,5,3,0.5624000430107117
1987,5,4,0.7025457620620728
1987,5,5,0.9584559798240662
1987,5,6,1.0211478471755981
1987,5,7,0.9958860278129578
1987,5,8,0.926867663860321
1987,5,9,0.9104153513908386
1987,5,10,1.164706826210022
1987,5,11,1.1117857694625854
1987,5,12,1.058036208152771
1987,5,13,1.2973395586013794
1987,5,14,1.4582468271255493
1987,5,15,1.8745627403259277
1987,5,16,1.5260674953460693
1987,5,17,0.8948303461074829
1987,5,18,0.16517746448516846
1987,5,19,-0.3217358887195587
1987,5,20,-0.4562116861343384
1987,5,21,-0.523647665977478
1987,5,22,-0.37268802523612976
1987,5,23,-0.17922937870025635
1987,5,24,-0.22205029428005219
1987,5,25,-0.35601139068603516
1987,5,26,-0.7201180458068848
1987,5,27,-1.0490262508392334
1987,5,28,-1.0589829683303833
1987,5,29,-0.8515751957893372
1987,5,30,-0.5356622338294983
1987,5,31,-0.3650623857975006
1987,6,1,-0.6251442432403564
1987,6,2,-0.7414889931678772
1987,6,3,-0.7745053172111511
1987,6,4,-0.41968515515327454
1987,6,5,-0.15626323223114014
1987,6,6,-0.027930263429880142
1987,6,7,0.19485901296138763
1987,6,8,-0.36393946409225464
1987,6,9,-0.9500275254249573
1987,6,10,-1.1106817722320557
1987,6,11,-1.0920205116271973
1987,6,12,-0.6275815963745117
1987,6,13,0.34553298354148865
1987,6,14,0.8865100145339966
1987,6,15,0.8061323165893555
1987,6,16,0.4544517695903778
1987,6,17,0.4496769607067108
1987,6,18,0.7454531192779541
1987,6,19,0.8146202564239502
1987,6,20,0.10472844541072845
1987,6,21,-1.1774935722351074
1987,6,22,-1.9528149366378784
1987,6,23,-2.3520946502685547
1987,6,24,-2.4443912506103516
1987,6,25,-2.610112190246582
1987,6,26,-2.3259928226470947
1987,6,27,-1.9954540729522705
1987,6,28,-1.7359691858291626
1987,6,29,-1.2239785194396973
1987,6,30,-0.6475874185562134
1987,7,1,-0.6317680478096008
1987,7,2,-0.8083368539810181
1987,7,3,-0.8112503886222839
1987,7,4,-0.7659686207771301
1987,7,5,-0.625737190246582
1987,7,6,-0.6549966335296631
1987,7,7,-0.6631371378898621
1987,7,8,-0.5595904588699341
1987,7,9,-0.39275166392326355
1987,7,10,-0.19966258108615875
1987,7,11,-0.04219188913702965
1987,7,12,0.11009577661752701
1987,7,13,0.30335354804992676
1987,7,14,0.13597537577152252
1987,7,15,-0.40399792790412903
1987,7,16,-1.1236063241958618
1987,7,17,-1.099417805671692
1987,7,18,-0.7498764395713806
1987,7,19,-0.7608705163002014
1987,7,20,-0.42694905400276184
1987,7,21,-0.041071608662605286
1987,7,22,0.01287335529923439
1987,7,23,0.004710645880550146
1987,7,24,-0.011752156540751457
1987,7,25,0.02739482931792736
1987,7,26,-0.21936780214309692
1987,7,27,-0.5464605093002319
1987,7,28,-0.7296803593635559
1987,7,29,-0.8063234686851501
1987,7,30,-0.7225430607795715
1987,7,31,-0.7403772473335266
1987,8,1,-0.8057065010070801
1987,8,2,-1.1862446069717407
1987,8,3,-1.5685335397720337
1987,8,4,-1.9598021507263184
1987,8,5,-2.1702115535736084
1987,8,6,-2.116651773452759
1987,8,7,-1.739453911781311
1987,8,8,-1.4159473180770874
1987,8,9,-1.5049169063568115
1987,8,10,-1.7930142879486084
1987,8,11,-1.832700252532959
1987,8,12,-1.3621654510498047
1987,8,13,-0.6603041291236877
1987,8,14,-0.11640014499425888
1987,8,15,0.00044223174336366355
1987,8,16,-0.050804831087589264
1987,8,17,-0.0029531887266784906
1987,8,18,-0.25279271602630615
1987,8,19,-0.6353967785835266
1987,8,20,-0.7806969881057739
1987,8,21,-0.4710000157356262
1987,8,22,-0.34135347604751587
1987,8,23,-0.3848188817501068
1987,8,24,-0.17723233997821808
1987,8,25,-0.08616701513528824
1987,8,26,-0.010125881060957909
1987,8,27,0.10456947982311249
1987,8,28,0.23578110337257385
1987,8,29,-0.11052442342042923
1987,8,30,-0.670715868473053
1987,8,31,-1.1224995851516724
1987,9,1,-1.006290078163147
1987,9,2,-0.8497402667999268
1987,9,3,-0.5569263696670532
1987,9,4,0.08197228610515594
1987,9,5,0.05733935907483101
1987,9,6,0.06369901448488235
1987,9,7,0.40583863854408264
1987,9,8,0.531184732913971
1987,9,9,0.3032718598842621
1987,9,10,0.2542848587036133
1987,9,11,0.3055379092693329
1987,9,12,0.881034255027771
1987,9,13,1.137451171875
1987,9,14,0.9620338678359985
1987,9,15,0.6141159534454346
1987,9,16,-0.16029667854309082
1987,9,17,-0.8990764021873474
1987,9,18,-0.909896194934845
1987,9,19,-0.7384282350540161
1987,9,20,-0.5660542249679565
1987,9,21,-0.2946334183216095
1987,9,22,0.405908465385437
1987,9,23,0.9458771347999573
1987,9,24,0.6869485378265381
1987,9,25,0.40282151103019714
1987,9,26,0.8117924332618713
1987,9,27,1.4836403131484985
1987,9,28,1.9421571493148804
1987,9,29,1.4965044260025024
1987,9,30,0.4951283633708954
1987,10,1,-0.3455500900745392
1987,10,2,0.05545007809996605
1987,10,3,1.4122315645217896
1987,10,4,1.521213173866272
1987,10,5,0.8962699770927429
1987,10,6,0.6657907962799072
1987,10,7,0.9186073541641235
1987,10,8,0.6485240459442139
1987,10,9,0.4976576566696167
1987,10,10,1.1153082847595215
1987,10,11,1.5904062986373901
1987,10,12,1.463223934173584
1987,10,13,0.42928698658943176
1987,10,14,-0.4944448471069336
1987,10,15,-0.8685187101364136
1987,10,16,-0.8090952634811401
1987,10,17,-0.6409132480621338
1987,10,18,-1.1424113512039185
1987,10,19,-1.9269391298294067
1987,10,20,-2.3643321990966797
1987,10,21,-2.5429415702819824
1987,10,22,-2.689349412918091
1987,10,23,-1.5755200386047363
1987,10,24,1.0465444326400757
1987,10,25,2.255401849746704
1987,10,26,1.2541308403015137
1987,10,27,-0.0351816825568676
1987,10,28,-0.44153907895088196
1987,10,29,-0.5511351227760315
1987,10,30,-1.0648504495620728
1987,10,31,-0.6724615097045898
1987,11,1,-0.06368269771337509
1987,11,2,0.4721848964691162
1987,11,3,0.9053629040718079
1987,11,4,0.279451459646225
1987,11,5,-0.5971662998199463
1987,11,6,-0.8245204091072083
1987,11,7,-0.6330265998840332
1987,11,8,-0.40775370597839355
1987,11,9,-0.10790500789880753
1987,11,10,0.5523311495780945
1987,11,11,1.0560474395751953
1987,11,12,0.8196075558662415
1987,11,13,0.30646586418151855
1987,11,14,0.06520439684391022
1987,11,15,0.017857272177934647
1987,11,16,-0.47923457622528076
1987,11,17,-1.1231497526168823
1987,11,18,-0.8672749400138855
1987,11,19,-0.47579336166381836
1987,11,20,-0.9243862628936768
1987,11,21,-1.3781770467758179
1987,11,22,-2.178838014602661
1987,11,23,-2.606889009475708
1987,11,24,-2.1265599727630615
1987,11,25,-1.2085801362991333
1987,11,26,-0.7018361687660217
1987,11,27,-0.17553524672985077
1987,11,28,-0.006400995422154665
1987,11,29,-0.9982773065567017
1987,11,30,-2.0959982872009277
1987,12,1,-2.1291990280151367
1987,12,2,-1.8892930746078491
1987,12,3,-1.5797102451324463
1987,12,4,-0.9866806268692017
1987,12,5,-0.6391230225563049
1987,12,6,-0.8618636727333069
1987,12,7,-0.8443397283554077
1987,12,8,-0.7757251858711243
1987,12,9,-0.7540791630744934
1987,12,10,-0.6094432473182678
1987,12,11,-0.9019398093223572
1987,12,12,-1.3482275009155273
1987,12,13,-1.351033329963684
1987,12,14,-1.3866745233535767
1987,12,15,-1.3777215480804443
1987,12,16,-1.2946281433105469
1987,12,17,-1.0999091863632202
1987,12,18,-0.4589569866657257
1987,12,19,0.40728509426116943
1987,12,20,1.0685516595840454
1987,12,21,1.0408282279968262
1987,12,22,-0.025838578119874
1987,12,23,-0.950836181640625
1987,12,24,-0.6513503193855286
1987,12,25,0.37234053015708923
1987,12,26,0.919120192527771
1987,12,27,0.384436696767807
1987,12,28,0.0495813749730587
1987,12,29,0.6688932776451111
1987,12,30,0.6417769193649292
1987,12,31,0.3981659710407257
1988,1,1,1.6875735521316528
1988,1,2,2.319646120071411
1988,1,3,1.7537211179733276
1988,1,4,0.5716209411621094
1988,1,5,-0.48448994755744934
1988,1,6,-0.6900192499160767
1988,1,7,0.06251896172761917
1988,1,8,0.8218024373054504
1988,1,9,1.3455312252044678
1988,1,10,1.6185412406921387
1988,1,11,0.8281852006912231
1988,1,12,-0.15222994983196259
1988,1,13,-0.42319396138191223
1988,1,14,-0.02083311788737774
1988,1,15,0.6239847540855408
1988,1,16,1.5496901273727417
1988,1,17,1.5287048816680908
1988,1,18,0.6967505216598511
1988,1,19,-0.33713871240615845
1988,1,20,-1.1172161102294922
1988,1,21,-1.2179415225982666
1988,1,22,-0.24315209686756134
1988,1,23,0.7000102996826172
1988,1,24,0.5724636316299438
1988,1,25,0.16388733685016632
1988,1,26,-0.6729841232299805
1988,1,27,-0.9413813948631287
1988,1,28,-0.3497685492038727
1988,1,29,-0.31405702233314514
1988,1,30,-0.7316228151321411
1988,1,31,-1.2391825914382935
1988,2,1,-0.7749143838882446
1988,2,2,-0.5273342728614807
1988,2,3,-1.081602692604065
1988,2,4,-1.7604811191558838
1988,2,5,-2.220764636993408
1988,2,6,-1.6635080575942993
1988,2,7,-0.2350587099790573
1988,2,8,0.15818752348423004
1988,2,9,0.3357330560684204
1988,2,10,0.47612106800079346
1988,2,11,0.7637587189674377
1988,2,12,0.2943306267261505
1988,2,13,-0.673475444316864
1988,2,14,-1.461032509803772
1988,2,15,-1.3845703601837158
1988,2,16,-1.003171682357788
1988,2,17,-0.6698537468910217
1988,2,18,-0.39295560121536255
1988,2,19,-0.4071274995803833
1988,2,20,-0.8994905948638916
1988,2,21,-1.9002138376235962
1988,2,22,-2.3030319213867188
1988,2,23,-1.712850570678711
1988,2,24,-1.4765831232070923
1988,2,25,-1.3352195024490356
1988,2,26,-1.4318370819091797
1988,2,27,-1.92332923412323
1988,2,28,-2.3136727809906006
1988,2,29,-2.2996599674224854
1988,3,1,-1.8594945669174194
1988,3,2,-1.4680497646331787
1988,3,3,-0.9536406397819519
1988,3,4,0.025786420330405235
1988,3,5,0.8423508405685425
1988,3,6,1.303733468055725
1988,3,7,1.5779078006744385
1988,3,8,1.1645112037658691
1988,3,9,0.2135377675294876
1988,3,10,-0.6795958876609802
1988,3,11,-1.030835747718811
1988,3,12,-1.003409504890442
1988,3,13,-0.8576756715774536
1988,3,14,-0.9047389030456543
1988,3,15,-1.086599349975586
1988,3,16,-1.4384589195251465
1988,3,17,-1.4583429098129272
1988,3,18,-0.9901022911071777
1988,3,19,-0.10515595227479935
1988,3,20,0.37470361590385437
1988,3,21,0.4159264862537384
1988,3,22,0.9478593468666077
1988,3,23,1.6745678186416626
1988,3,24,2.017193555831909
1988,3,25,1.3680628538131714
1988,3,26,0.3923684358596802
1988,3,27,-0.203225240111351
1988,3,28,-0.8442663550376892
1988,3,29,-1.2670661211013794
1988,3,30,-1.200072169303894
1988,3,31,-0.8628681898117065
1988,4,1,-0.40250924229621887
1988,4,2,0.15246586501598358
1988,4,3,0.4570843279361725
1988,4,4,0.28086432814598083
1988,4,5,-0.22890779376029968
1988,4,6,-0.5654692649841309
1988,4,7,-0.7073108553886414
1988,4,8,-0.3697117567062378
1988,4,9,-0.41378888487815857
1988,4,10,-1.1117669343948364
1988,4,11,-1.408239483833313
1988,4,12,-1.19158136844635
1988,4,13,-0.7493162751197815
1988,4,14,-0.8197113275527954
1988,4,15,-0.9544683694839478
1988,4,16,-0.924362301826477
1988,4,17,-0.881507933139801
1988,4,18,-1.5054596662521362
1988,4,19,-1.6889952421188354
1988,4,20,-1.4834067821502686
1988,4,21,-1.361241340637207
1988,4,22,-0.9040098786354065
1988,4,23,-0.2904646694660187
1988,4,24,0.2592599391937256
1988,4,25,0.4321863651275635
1988,4,26,0.4415130317211151
1988,4,27,0.19008658826351166
1988,4,28,-0.022704659029841423
1988,4,29,-0.1588142365217209
1988,4,30,-0.29570576548576355
1988,5,1,-0.5622829794883728
1988,5,2,-0.6326512694358826
1988,5,3,-0.11326932162046432
1988,5,4,0.0422029122710228
1988,5,5,0.3100750148296356
1988,5,6,0.20328259468078613
1988,5,7,-0.2305285632610321
1988,5,8,-0.3577726185321808
1988,5,9,-0.07442257553339005
1988,5,10,-0.26607343554496765
1988,5,11,-0.8518644571304321
1988,5,12,-1.182738184928894
1988,5,13,-1.369887113571167
1988,5,14,-1.8058587312698364
1988,5,15,-2.34914493560791
1988,5,16,-2.6752817630767822
1988,5,17,-2.7037806510925293
1988,5,18,-1.9524019956588745
1988,5,19,-1.132630705833435
1988,5,20,-0.7153909802436829
1988,5,21,-0.8708986639976501
1988,5,22,-0.9926813840866089
1988,5,23,-1.1677608489990234
1988,5,24,-1.3665459156036377
1988,5,25,-1.0980385541915894
1988,5,26,-0.5195503830909729
1988,5,27,-0.19221282005310059
1988,5,28,-0.35265517234802246
1988,5,29,-0.20273055136203766
1988,5,30,0.05464112013578415
1988,5,31,-0.17148087918758392
1988,6,1,-0.6326441764831543
1988,6,2,-0.5172313451766968
1988,6,3,-0.06066770479083061
1988,6,4,0.22988104820251465
1988,6,5,-0.013776215724647045
1988,6,6,-0.7045792937278748
1988,6,7,-1.4523119926452637
1988,6,8,-1.6601526737213135
1988,6,9,-0.8900439739227295
1988,6,10,-0.2980059087276459
1988,6,11,-0.008392676711082458
1988,6,12,0.32996752858161926
1988,6,13,0.4656778872013092
1988,6,14,0.6328815221786499
1988,6,15,0.8016418814659119
1988,6,16,0.8408576846122742
1988,6,17,0.8188729286193848
1988,6,18,0.700932502746582
1988,6,19,0.4693666398525238
1988,6,20,0.28528910875320435
1988,6,21,0.22296856343746185
1988,6,22,0.3527814745903015
1988,6,23,0.46014872193336487
1988,6,24,0.7476880550384521
1988,6,25,1.1627612113952637
1988,6,26,0.7303215265274048
1988,6,27,0.21151618659496307
1988,6,28,-0.12037251889705658
1988,6,29,-0.4878731667995453
1988,6,30,-0.8692287802696228
1988,7,1,-1.2544689178466797
1988,7,2,-1.5098226070404053
1988,7,3,-1.7100481986999512
1988,7,4,-1.5751900672912598
1988,7,5,-0.7185236215591431
1988,7,6,0.11393605172634125
1988,7,7,0.6127423048019409
1988,7,8,0.5198310017585754
1988,7,9,0.2649405896663666
1988,7,10,-0.03406906872987747
1988,7,11,-0.08229809999465942
1988,7,12,-0.3013060390949249
1988,7,13,-0.4398840069770813
1988,7,14,-0.30316856503486633
1988,7,15,-0.08817969262599945
1988,7,16,0.0272163487970829
1988,7,17,0.1750589907169342
1988,7,18,0.06363585591316223
1988,7,19,-0.28455987572669983
1988,7,20,-0.39732399582862854
1988,7,21,-0.07080105692148209
1988,7,22,0.003361842129379511
1988,7,23,-0.04750274494290352
1988,7,24,-0.14369907975196838
1988,7,25,0.20091599225997925
1988,7,26,0.7788709998130798
1988,7,27,0.5682200193405151
1988,7,28,0.3617604970932007
1988,7,29,0.34003832936286926
1988,7,30,0.30293989181518555
1988,7,31,0.3378084599971771
1988,8,1,0.6025846004486084
1988,8,2,0.9973975419998169
1988,8,3,1.0525752305984497
1988,8,4,1.1382418870925903
1988,8,5,0.9461469054222107
1988,8,6,0.6785100102424622
1988,8,7,0.5016568303108215
1988,8,8,0.4997842311859131
1988,8,9,0.4726352393627167
1988,8,10,0.5728979706764221
1988,8,11,0.8082430958747864
1988,8,12,1.0821051597595215
1988,8,13,1.0263190269470215
1988,8,14,0.9033364057540894
1988,8,15,0.638481080532074
1988,8,16,0.08682287484407425
1988,8,17,-0.19617144763469696
1988,8,18,-0.28795126080513
1988,8,19,-0.3454330563545227
1988,8,20,-0.09458936750888824
1988,8,21,0.38315844535827637
1988,8,22,0.7121666073799133
1988,8,23,0.6356780529022217
1988,8,24,-0.10745330899953842
1988,8,25,-1.246592402458191
1988,8,26,-1.961970329284668
1988,8,27,-1.792842984199524
1988,8,28,-0.9386914372444153
1988,8,29,0.013481704518198967
1988,8,30,0.49611106514930725
1988,8,31,0.3311009705066681
1988,9,1,0.10938200354576111
1988,9,2,0.20262612402439117
1988,9,3,0.05169415473937988
1988,9,4,0.03136396408081055
1988,9,5,-0.273554265499115
1988,9,6,-0.313029021024704
1988,9,7,0.052808962762355804
1988,9,8,0.47090375423431396
1988,9,9,0.3138046860694885
1988,9,10,0.4364568591117859
1988,9,11,0.7811282277107239
1988,9,12,0.9819388389587402
1988,9,13,1.1106507778167725
1988,9,14,1.2837226390838623
1988,9,15,1.3756260871887207
1988,9,16,1.3973392248153687
1988,9,17,1.2651277780532837
1988,9,18,1.4231973886489868
1988,9,19,1.6595308780670166
1988,9,20,2.5236380100250244
1988,9,21,2.7828714847564697
1988,9,22,2.468738317489624
1988,9,23,1.7821608781814575
1988,9,24,1.2865285873413086
1988,9,25,1.1773872375488281
1988,9,26,1.1305526494979858
1988,9,27,1.0480639934539795
1988,9,28,0.8868048191070557
1988,9,29,1.1836190223693848
1988,9,30,1.4352644681930542
1988,10,1,1.5070587396621704
1988,10,2,1.013108491897583
1988,10,3,0.3624042868614197
1988,10,4,0.1925818771123886
1988,10,5,0.7654499411582947
1988,10,6,1.0973050594329834
1988,10,7,1.8352818489074707
1988,10,8,2.602097511291504
1988,10,9,2.6699514389038086
1988,10,10,2.1692702770233154
1988,10,11,1.1595449447631836
1988,10,12,0.5092796087265015
1988,10,13,0.1795826256275177
1988,10,14,0.6449874043464661
1988,10,15,1.3421552181243896
1988,10,16,1.2487218379974365
1988,10,17,0.31446295976638794
1988,10,18,-0.975511372089386
1988,10,19,-1.7265843152999878
1988,10,20,-1.7914806604385376
1988,10,21,-1.7279715538024902
1988,10,22,-1.5117454528808594
1988,10,23,-1.8142602443695068
1988,10,24,-2.009686231613159
1988,10,25,-1.9748988151550293
1988,10,26,-1.4484379291534424
1988,10,27,-0.9916908740997314
1988,10,28,-0.6494218111038208
1988,10,29,-0.5744221210479736
1988,10,30,-0.6551066637039185
1988,10,31,-0.7976616024971008
1988,11,1,-0.8155797123908997
1988,11,2,-0.3572300374507904
1988,11,3,-0.30209439992904663
1988,11,4,-0.3177190124988556
1988,11,5,-0.2864190340042114
1988,11,6,-0.34444451332092285
1988,11,7,-0.7453698515892029
1988,11,8,-0.5891270041465759
1988,11,9,0.11361784487962723
1988,11,10,0.7798768877983093
1988,11,11,1.0854023694992065
1988,11,12,0.710987389087677
1988,11,13,0.24632836878299713
1988,11,14,-0.27552375197410583
1988,11,15,-0.5556887984275818
1988,11,16,-0.7010642886161804
1988,11,17,-0.4670654237270355
1988,11,18,-0.3077898919582367
1988,11,19,-0.6504214406013489
1988,11,20,-0.8923004865646362
1988,11,21,-0.46631163358688354
1988,11,22,0.5653008818626404
1988,11,23,0.6243647933006287
1988,11,24,-0.03977663815021515
1988,11,25,-0.7873361706733704
1988,11,26,-0.8670789003372192
1988,11,27,0.18692557513713837
1988,11,28,1.410317063331604
1988,11,29,1.425415277481079
1988,11,30,1.6141456365585327
1988,12,1,2.2994399070739746
1988,12,2,2.255134105682373
1988,12,3,2.1202352046966553
1988,12,4,2.6229794025421143
1988,12,5,2.370374917984009
1988,12,6,1.6718511581420898
1988,12,7,0.9809429049491882
1988,12,8,1.3516322374343872
1988,12,9,1.6143156290054321
1988,12,10,1.256626844406128
1988,12,11,1.6172760725021362
1988,12,12,1.5575822591781616
1988,12,13,1.2945854663848877
1988,12,14,1.0078951120376587
1988,12,15,1.1308108568191528
1988,12,16,1.0463923215866089
1988,12,17,1.5554752349853516
1988,12,18,1.9662940502166748
1988,12,19,1.9003751277923584
1988,12,20,2.217158079147339
1988,12,21,2.5213048458099365
1988,12,22,2.500788450241089
1988,12,23,1.4827624559402466
1988,12,24,0.13953301310539246
1988,12,25,-0.08448754251003265
1988,12,26,0.6202477216720581
1988,12,27,1.3845425844192505
1988,12,28,2.2762773036956787
1988,12,29,2.328338861465454
1988,12,30,1.6028798818588257
1988,12,31,1.578966498374939
1989,1,1,2.1466619968414307
1989,1,2,2.6407392024993896
1989,1,3,3.1011297702789307
1989,1,4,2.2398693561553955
1989,1,5,1.3839210271835327
1989,1,6,1.3673701286315918
1989,1,7,2.2261481285095215
1989,1,8,2.743403434753418
1989,1,9,3.225837469100952
1989,1,10,4.633193492889404
1989,1,11,5.293295860290527
1989,1,12,5.1649322509765625
1989,1,13,5.1135711669921875
1989,1,14,5.581815242767334
1989,1,15,5.3370490074157715
1989,1,16,4.029534816741943
1989,1,17,3.44382905960083
1989,1,18,3.2105398178100586
1989,1,19,2.3422584533691406
1989,1,20,1.5390102863311768
1989,1,21,1.0189989805221558
1989,1,22,0.7493209838867188
1989,1,23,1.1375820636749268
1989,1,24,1.3130598068237305
1989,1,25,1.41303288936615
1989,1,26,2.3490707874298096
1989,1,27,3.6810994148254395
1989,1,28,4.63290548324585
1989,1,29,4.546926498413086
1989,1,30,3.212674140930176
1989,1,31,2.04006028175354
1989,2,1,1.7970459461212158
1989,2,2,3.1087703704833984
1989,2,3,4.357335567474365
1989,2,4,4.605483531951904
1989,2,5,4.490451335906982
1989,2,6,4.4934282302856445
1989,2,7,4.065028190612793
1989,2,8,3.1250040531158447
1989,2,9,2.6348469257354736
1989,2,10,2.855499744415283
1989,2,11,3.933627128601074
1989,2,12,3.6513609886169434
1989,2,13,2.617969036102295
1989,2,14,2.096632242202759
1989,2,15,2.211104154586792
1989,2,16,2.4937119483947754
1989,2,17,2.8012804985046387
1989,2,18,3.2250006198883057
1989,2,19,3.890718460083008
1989,2,20,3.859321117401123
1989,2,21,3.7057583332061768
1989,2,22,3.7490570545196533
1989,2,23,3.793332815170288
1989,2,24,3.2663745880126953
1989,2,25,2.6684072017669678
1989,2,26,2.182798147201538
1989,2,27,1.5251487493515015
1989,2,28,1.3462399244308472
1989,3,1,1.4145437479019165
1989,3,2,0.9488688111305237
1989,3,3,0.11226368695497513
1989,3,4,-0.31761395931243896
1989,3,5,0.210171177983284
1989,3,6,1.5944210290908813
1989,3,7,2.6772031784057617
1989,3,8,2.8822124004364014
1989,3,9,2.3624560832977295
1989,3,10,2.4357736110687256
1989,3,11,2.72092604637146
1989,3,12,2.270839214324951
1989,3,13,1.6812866926193237
1989,3,14,1.3870588541030884
1989,3,15,0.9194489121437073
1989,3,16,0.7208503484725952
1989,3,17,1.058519959449768
1989,3,18,1.380706787109375
1989,3,19,1.258472204208374
1989,3,20,1.0701472759246826
1989,3,21,1.2917436361312866
1989,3,22,1.863102674484253
1989,3,23,2.051419496536255
1989,3,24,1.7644964456558228
1989,3,25,0.8263626098632812
1989,3,26,0.09655695408582687
1989,3,27,0.2775181531906128
1989,3,28,1.3356376886367798
1989,3,29,2.297441005706787
1989,3,30,2.751155138015747
1989,3,31,2.405902624130249
1989,4,1,1.551697015762329
1989,4,2,0.9466614723205566
1989,4,3,0.939244270324707
1989,4,4,1.3456661701202393
1989,4,5,1.150892972946167
1989,4,6,1.332329511642456
1989,4,7,1.368577480316162
1989,4,8,1.5947513580322266
1989,4,9,1.7752294540405273
1989,4,10,1.8237671852111816
1989,4,11,2.1573688983917236
1989,4,12,1.9281666278839111
1989,4,13,1.167266607284546
1989,4,14,0.10088258236646652
1989,4,15,-0.6499143242835999
1989,4,16,-0.8996216058731079
1989,4,17,-1.5595864057540894
1989,4,18,-2.4071848392486572
1989,4,19,-3.1997287273406982
1989,4,20,-3.532824993133545
1989,4,21,-3.5090999603271484
1989,4,22,-3.222912549972534
1989,4,23,-2.6712357997894287
1989,4,24,-2.135641574859619
1989,4,25,-1.63840651512146
1989,4,26,-1.198439598083496
1989,4,27,-0.9075779914855957
1989,4,28,-0.5642868280410767
1989,4,29,0.3530518710613251
1989,4,30,1.3178496360778809
1989,5,1,1.9862116575241089
1989,5,2,2.093233585357666
1989,5,3,1.5367660522460938
1989,5,4,0.8664003014564514
1989,5,5,0.6796156764030457
1989,5,6,0.5860558748245239
1989,5,7,0.3658343255519867
1989,5,8,0.2752600312232971
1989,5,9,0.5052035450935364
1989,5,10,0.42166486382484436
1989,5,11,0.6022161245346069
1989,5,12,0.35096368193626404
1989,5,13,0.4462503492832184
1989,5,14,1.2966173887252808
1989,5,15,2.0840141773223877
1989,5,16,2.5795414447784424
1989,5,17,2.0867888927459717
1989,5,18,1.4848147630691528
1989,5,19,1.0857517719268799
1989,5,20,0.5301399230957031
1989,5,21,0.5614900588989258
1989,5,22,0.6021957397460938
1989,5,23,0.4710146188735962
1989,5,24,0.19845128059387207
1989,5,25,-0.17895784974098206
1989,5,26,0.01850043796002865
1989,5,27,0.4095871150493622
1989,5,28,0.6544140577316284
1989,5,29,0.710218071937561
1989,5,30,0.6658306121826172
1989,5,31,0.5943577885627747
1989,6,1,0.43930676579475403
1989,6,2,0.11616777628660202
1989,6,3,-0.3645579516887665
1989,6,4,-0.2454359084367752
1989,6,5,0.20284241437911987
1989,6,6,0.30667248368263245
1989,6,7,0.3419193625450134
1989,6,8,0.3776303231716156
1989,6,9,0.30759358406066895
1989,6,10,-0.17705053091049194
1989,6,11,-0.5519655346870422
1989,6,12,-0.7718743681907654
1989,6,13,-0.6211197972297668
1989,6,14,-0.1247742623090744
1989,6,15,0.5218759179115295
1989,6,16,0.8861591815948486
1989,6,17,0.9889636635780334
1989,6,18,0.7303537130355835
1989,6,19,0.634436309337616
1989,6,20,0.7494479417800903
1989,6,21,0.6720703840255737
1989,6,22,0.47975683212280273
1989,6,23,0.6709463596343994
1989,6,24,0.785572350025177
1989,6,25,0.7014173865318298
1989,6,26,0.4857536554336548
1989,6,27,0.3979698419570923
1989,6,28,0.44133836030960083
1989,6,29,0.6938746571540833
1989,6,30,0.9030149579048157
1989,7,1,0.821044921875
1989,7,2,0.6592879295349121
1989,7,3,0.5755290985107422
1989,7,4,0.6855688095092773
1989,7,5,1.1608834266662598
1989,7,6,1.3944473266601562
1989,7,7,1.668637990951538
1989,7,8,1.984061598777771
1989,7,9,1.8800796270370483
1989,7,10,1.373459815979004
1989,7,11,0.8543422222137451
1989,7,12,0.3856942355632782
1989,7,13,-0.19824698567390442
1989,7,14,-0.49804744124412537
1989,7,15,-0.15877588093280792
1989,7,16,0.41652512550354004
1989,7,17,0.6931530833244324
1989,7,18,0.6802940368652344
1989,7,19,0.7491462826728821
1989,7,20,0.6658655405044556
1989,7,21,0.537490963935852
1989,7,22,0.38224202394485474
1989,7,23,0.5542069673538208
1989,7,24,0.6852405071258545
1989,7,25,1.14967679977417
1989,7,26,1.2837897539138794
1989,7,27,1.383182168006897
1989,7,28,1.2346291542053223
1989,7,29,0.8772949576377869
1989,7,30,0.8220614790916443
1989,7,31,1.1719497442245483
1989,8,1,1.4039833545684814
1989,8,2,1.2492265701293945
1989,8,3,0.6195639371871948
1989,8,4,0.04647310823202133
1989,8,5,-0.16794271767139435
1989,8,6,-0.15642401576042175
1989,8,7,0.015769124031066895
1989,8,8,0.026185372844338417
1989,8,9,-0.34406206011772156
1989,8,10,-0.30439266562461853
1989,8,11,0.013465775176882744
1989,8,12,0.48234471678733826
1989,8,13,0.48978182673454285
1989,8,14,0.2752525508403778
1989,8,15,0.37704944610595703
1989,8,16,0.7466036677360535
1989,8,17,1.0277864933013916
1989,8,18,1.6894906759262085
1989,8,19,1.940055251121521
1989,8,20,2.2344846725463867
1989,8,21,2.085099697113037
1989,8,22,1.2970902919769287
1989,8,23,0.7446845769882202
1989,8,24,0.16832126677036285
1989,8,25,-0.4993458390235901
1989,8,26,-0.9838606715202332
1989,8,27,-0.5853444933891296
1989,8,28,0.2963542640209198
1989,8,29,0.8965685367584229
1989,8,30,0.9185822606086731
1989,8,31,0.4643847346305847
1989,9,1,0.06354495137929916
1989,9,2,0.5189872980117798
1989,9,3,0.9245433807373047
1989,9,4,1.1538581848144531
1989,9,5,1.6595324277877808
1989,9,6,1.8528012037277222
1989,9,7,0.8387762308120728
1989,9,8,-0.003205736167728901
1989,9,9,-0.3485287129878998
1989,9,10,-0.08260854333639145
1989,9,11,0.590440571308136
1989,9,12,0.786817193031311
1989,9,13,0.7853731513023376
1989,9,14,0.5685423612594604
1989,9,15,0.1622638702392578
1989,9,16,0.018821969628334045
1989,9,17,-0.4289531409740448
1989,9,18,-0.5463381409645081
1989,9,19,-0.2915310263633728
1989,9,20,0.2820621430873871
1989,9,21,0.5704227685928345
1989,9,22,0.11243383586406708
1989,9,23,0.0851036012172699
1989,9,24,0.8963484764099121
1989,9,25,1.4615528583526611
1989,9,26,1.8139328956604004
1989,9,27,2.043048143386841
1989,9,28,2.0060031414031982
1989,9,29,1.423020601272583
1989,9,30,1.423525333404541
1989,10,1,1.5864731073379517
1989,10,2,1.331455945968628
1989,10,3,0.4394592046737671
1989,10,4,0.12998193502426147
1989,10,5,0.09103017300367355
1989,10,6,-0.10093331336975098
1989,10,7,-0.4313848614692688
1989,10,8,-0.660527229309082
1989,10,9,-0.6110614538192749
1989,10,10,0.5658936500549316
1989,10,11,1.713712453842163
1989,10,12,1.5390909910202026
1989,10,13,0.5273727178573608
1989,10,14,0.19173762202262878
1989,10,15,0.7984052300453186
1989,10,16,1.070439100265503
1989,10,17,0.9553428292274475
1989,10,18,1.4065624475479126
1989,10,19,2.325510025024414
1989,10,20,2.4155666828155518
1989,10,21,2.0590693950653076
1989,10,22,1.8611981868743896
1989,10,23,2.3386642932891846
1989,10,24,3.1843481063842773
1989,10,25,2.543811321258545
1989,10,26,1.6007236242294312
1989,10,27,0.6222196817398071
1989,10,28,0.126288503408432
1989,10,29,-0.027088476344943047
1989,10,30,0.08259373903274536
1989,10,31,-0.05998595431447029
1989,11,1,-0.055576588958501816
1989,11,2,0.05540337413549423
1989,11,3,0.8509905338287354
1989,11,4,0.7637208104133606
1989,11,5,0.47768235206604004
1989,11,6,0.7673055529594421
1989,11,7,0.5135196447372437
1989,11,8,0.5148190855979919
1989,11,9,0.5121487975120544
1989,11,10,0.40691283345222473
1989,11,11,0.4189407229423523
1989,11,12,0.8257734775543213
1989,11,13,0.6997902989387512
1989,11,14,0.42228251695632935
1989,11,15,0.28207674622535706
1989,11,16,0.22844478487968445
1989,11,17,-0.2973661720752716
1989,11,18,-0.7189931273460388
1989,11,19,-0.4259040951728821
1989,11,20,-1.3558694124221802
1989,11,21,-1.951580286026001
1989,11,22,-2.1712121963500977
1989,11,23,-1.601799488067627
1989,11,24,-1.0242042541503906
1989,11,25,-0.6215311884880066
1989,11,26,-0.16624610126018524
1989,11,27,0.17206233739852905
1989,11,28,0.8639233112335205
1989,11,29,1.5016015768051147
1989,11,30,1.0873018503189087
1989,12,1,0.7174089550971985
1989,12,2,0.20722438395023346
1989,12,3,-0.508945643901825
1989,12,4,-1.3886531591415405
1989,12,5,-1.4015452861785889
1989,12,6,-1.0185296535491943
1989,12,7,-1.1850428581237793
1989,12,8,-1.460863471031189
1989,12,9,-2.643502712249756
1989,12,10,-3.4816770553588867
1989,12,11,-3.139094591140747
1989,12,12,-2.6287450790405273
1989,12,13,-2.769472122192383
1989,12,14,-2.399423360824585
1989,12,15,-2.1018247604370117
1989,12,16,-1.8566640615463257
1989,12,17,-1.4766130447387695
1989,12,18,-1.367488980293274
1989,12,19,-1.4549084901809692
1989,12,20,-1.0235801935195923
1989,12,21,-0.21226373314857483
1989,12,22,0.5245499610900879
1989,12,23,1.5668435096740723
1989,12,24,2.380633592605591
1989,12,25,2.5423824787139893
1989,12,26,2.4577579498291016
1989,12,27,1.3540114164352417
1989,12,28,1.1262527704238892
1989,12,29,1.0485186576843262
1989,12,30,0.18024088442325592
1989,12,31,0.16638362407684326
1990,1,1,0.041900165379047394
1990,1,2,-0.32742196321487427
1990,1,3,0.09883850812911987
1990,1,4,0.8376419544219971
1990,1,5,1.1492483615875244
1990,1,6,1.621926188468933
1990,1,7,1.9638739824295044
1990,1,8,2.584845542907715
1990,1,9,2.3430466651916504
1990,1,10,1.4909613132476807
1990,1,11,0.6214079260826111
1990,1,12,-0.3237353265285492
1990,1,13,-0.18352723121643066
1990,1,14,0.6757012605667114
1990,1,15,1.9884300231933594
1990,1,16,1.8980966806411743
1990,1,17,1.0486153364181519
1990,1,18,0.10596439987421036
1990,1,19,-0.02865619771182537
1990,1,20,0.7770547270774841
1990,1,21,1.4721664190292358
1990,1,22,1.9305553436279297
1990,1,23,2.0912482738494873
1990,1,24,1.9044519662857056
1990,1,25,1.497310757637024
1990,1,26,0.9578735828399658
1990,1,27,0.25904232263565063
1990,1,28,0.6234113574028015
1990,1,29,0.529058575630188
1990,1,30,0.09394513070583344
1990,1,31,0.1724821776151657
1990,2,1,0.9822887182235718
1990,2,2,1.7160520553588867
1990,2,3,2.1345531940460205
1990,2,4,3.016449451446533
1990,2,5,3.657414674758911
1990,2,6,3.5979349613189697
1990,2,7,3.9847757816314697
1990,2,8,4.992037296295166
1990,2,9,5.147243022918701
1990,2,10,4.492064952850342
1990,2,11,3.6430819034576416
1990,2,12,2.419966697692871
1990,2,13,1.9019109010696411
1990,2,14,1.6506702899932861
1990,2,15,0.8847373723983765
1990,2,16,0.6902535557746887
1990,2,17,1.5344963073730469
1990,2,18,2.1312220096588135
1990,2,19,2.493441343307495
1990,2,20,3.4422144889831543
1990,2,21,4.046300411224365
1990,2,22,4.174931526184082
1990,2,23,3.9260671138763428
1990,2,24,4.281957626342773
1990,2,25,5.1420769691467285
1990,2,26,5.911143779754639
1990,2,27,5.358923435211182
1990,2,28,4.500412464141846
1990,3,1,3.4939491748809814
1990,3,2,3.095764636993408
1990,3,3,3.615311861038208
1990,3,4,3.9989030361175537
1990,3,5,4.403407096862793
1990,3,6,4.638171672821045
1990,3,7,4.20693826675415
1990,3,8,3.6520962715148926
1990,3,9,3.0653648376464844
1990,3,10,2.6974453926086426
1990,3,11,2.543020486831665
1990,3,12,2.245103359222412
1990,3,13,2.2502334117889404
1990,3,14,2.564939260482788
1990,3,15,2.6396031379699707
1990,3,16,2.5602126121520996
1990,3,17,1.9925613403320312
1990,3,18,1.6808897256851196
1990,3,19,2.224990129470825
1990,3,20,3.1642098426818848
1990,3,21,2.8626041412353516
1990,3,22,2.9069833755493164
1990,3,23,3.22776198387146
1990,3,24,2.724203109741211
1990,3,25,2.5547361373901367
1990,3,26,2.1719915866851807
1990,3,27,1.89785635471344
1990,3,28,2.391522169113159
1990,3,29,3.170966863632202
1990,3,30,3.001457452774048
1990,3,31,1.7471119165420532
1990,4,1,0.8430312871932983
1990,4,2,0.8485303521156311
1990,4,3,1.20075261592865
1990,4,4,1.2580381631851196
1990,4,5,1.1044822931289673
1990,4,6,0.6691333055496216
1990,4,7,0.9426356554031372
1990,4,8,1.7758291959762573
1990,4,9,3.016201972961426
1990,4,10,3.6053988933563232
1990,4,11,3.9220330715179443
1990,4,12,4.159414291381836
1990,4,13,4.060846328735352
1990,4,14,3.813328742980957
1990,4,15,2.502652406692505
1990,4,16,1.2736186981201172
1990,4,17,0.5102005004882812
1990,4,18,0.36831435561180115
1990,4,19,0.04168416187167168
1990,4,20,0.40082406997680664
1990,4,21,0.679263174533844
1990,4,22,0.5549964308738708
1990,4,23,0.3030872642993927
1990,4,24,0.4439224600791931
1990,4,25,1.5747692584991455
1990,4,26,2.6665549278259277
1990,4,27,3.139615297317505
1990,4,28,3.158195972442627
1990,4,29,2.893402099609375
1990,4,30,2.6246402263641357
1990,5,1,2.758352518081665
1990,5,2,2.946584701538086
1990,5,3,3.0399298667907715
1990,5,4,2.6734209060668945
1990,5,5,2.1608827114105225
1990,5,6,1.7562071084976196
1990,5,7,1.1905776262283325
1990,5,8,1.2100517749786377
1990,5,9,1.7835479974746704
1990,5,10,1.825484037399292
1990,5,11,1.0448765754699707
1990,5,12,0.20538336038589478
1990,5,13,0.24034899473190308
1990,5,14,0.6730018258094788
1990,5,15,0.9125069379806519
1990,5,16,0.5848749279975891
1990,5,17,0.28389135003089905
1990,5,18,0.3794718384742737
1990,5,19,0.3739814758300781
1990,5,20,-0.03506140783429146
1990,5,21,0.14477677643299103
1990,5,22,0.2321292757987976
1990,5,23,0.11505129188299179
1990,5,24,-0.17465640604496002
1990,5,25,-0.27775487303733826
1990,5,26,-0.25034579634666443
1990,5,27,-0.1054125502705574
1990,5,28,0.48668673634529114
1990,5,29,0.7490015625953674
1990,5,30,0.6233977675437927
1990,5,31,0.6335484981536865
1990,6,1,1.38425612449646
1990,6,2,2.0756688117980957
1990,6,3,2.1008682250976562
1990,6,4,1.9606287479400635
1990,6,5,1.6353955268859863
1990,6,6,1.0353533029556274
1990,6,7,0.3782319128513336
1990,6,8,-0.05862636864185333
1990,6,9,-0.33497509360313416
1990,6,10,-0.4044102430343628
1990,6,11,-0.09201321005821228
1990,6,12,0.3491268455982208
1990,6,13,0.8869464993476868
1990,6,14,1.2142326831817627
1990,6,15,1.0042678117752075
1990,6,16,0.49800804257392883
1990,6,17,0.04744463041424751
1990,6,18,-0.35894110798835754
1990,6,19,-0.3191642761230469
1990,6,20,-0.08834125846624374
1990,6,21,-0.42593130469322205
1990,6,22,-0.7108676433563232
1990,6,23,-0.6145317554473877
1990,6,24,-0.6418741345405579
1990,6,25,-0.5415368676185608
1990,6,26,-0.25142714381217957
1990,6,27,-0.004486546386033297
1990,6,28,-0.16325095295906067
1990,6,29,-0.4295344948768616
1990,6,30,-0.3293059468269348
1990,7,1,-0.021337173879146576
1990,7,2,0.437118798494339
1990,7,3,0.6149533987045288
1990,7,4,0.24233652651309967
1990,7,5,-0.15006227791309357
1990,7,6,0.2248903065919876
1990,7,7,0.8433772921562195
1990,7,8,0.8883467316627502
1990,7,9,0.910918116569519
1990,7,10,0.9817265272140503
1990,7,11,0.7572795152664185
1990,7,12,0.617848813533783
1990,7,13,0.38682112097740173
1990,7,14,-0.20149998366832733
1990,7,15,-0.7784984707832336
1990,7,16,-1.1077675819396973
1990,7,17,-1.2661521434783936
1990,7,18,-1.1833521127700806
1990,7,19,-1.006829857826233
1990,7,20,-1.1067683696746826
1990,7,21,-1.3415133953094482
1990,7,22,-1.1865054368972778
1990,7,23,-0.9552158713340759
1990,7,24,-0.843170166015625
1990,7,25,-0.8467731475830078
1990,7,26,-0.9136157631874084
1990,7,27,-0.7919061183929443
1990,7,28,-0.7161645889282227
1990,7,29,-0.5556741952896118
1990,7,30,-0.41900864243507385
1990,7,31,-0.3608839809894562
1990,8,1,-0.29455476999282837
1990,8,2,-0.3820742964744568
1990,8,3,-0.47743481397628784
1990,8,4,-0.597980260848999
1990,8,5,-0.4660250246524811
1990,8,6,-0.32351016998291016
1990,8,7,-0.09655742347240448
1990,8,8,0.10913147032260895
1990,8,9,-0.1290818303823471
1990,8,10,-0.2623004913330078
1990,8,11,-0.25454336404800415
1990,8,12,-0.25456783175468445
1990,8,13,-0.04596550017595291
1990,8,14,0.03215343877673149
1990,8,15,-0.5469690561294556
1990,8,16,-1.1849461793899536
1990,8,17,-1.1672409772872925
1990,8,18,-0.8575822114944458
1990,8,19,-0.6944139003753662
1990,8,20,-0.29288148880004883
1990,8,21,0.3604186177253723
1990,8,22,0.466012179851532
1990,8,23,0.27555158734321594
1990,8,24,0.2196234166622162
1990,8,25,0.2934954762458801
1990,8,26,0.41916635632514954
1990,8,27,0.5772005319595337
1990,8,28,0.3235277533531189
1990,8,29,0.020902570337057114
1990,8,30,-0.0949573963880539
1990,8,31,-0.06537278741598129
1990,9,1,-0.10875240713357925
1990,9,2,-0.4290631115436554
1990,9,3,-0.5551654100418091
1990,9,4,0.14568062126636505
1990,9,5,0.281554639339447
1990,9,6,0.3652525842189789
1990,9,7,-0.013302136212587357
1990,9,8,-0.38551169633865356
1990,9,9,0.04015113040804863
1990,9,10,-0.04007004573941231
1990,9,11,-0.6164065599441528
1990,9,12,-0.5464707612991333
1990,9,13,-0.10493019223213196
1990,9,14,-0.049669843167066574
1990,9,15,-0.15940578281879425
1990,9,16,-0.4277290403842926
1990,9,17,-0.19878287613391876
1990,9,18,-0.32229092717170715
1990,9,19,-0.7569889426231384
1990,9,20,-1.3536769151687622
1990,9,21,-1.653892993927002
1990,9,22,-1.8647867441177368
1990,9,23,-1.0026270151138306
1990,9,24,-0.12952913343906403
1990,9,25,-0.14381247758865356
1990,9,26,0.15471093356609344
1990,9,27,0.26700884103775024
1990,9,28,0.49875199794769287
1990,9,29,1.317089557647705
1990,9,30,1.702247977256775
1990,10,1,1.246896743774414
1990,10,2,0.7759308218955994
1990,10,3,0.609663724899292
1990,10,4,0.7830941677093506
1990,10,5,1.2252905368804932
1990,10,6,0.9495372176170349
1990,10,7,1.1314597129821777
1990,10,8,2.1139347553253174
1990,10,9,2.7092039585113525
1990,10,10,2.2594797611236572
1990,10,11,1.3717365264892578
1990,10,12,0.742729902267456
1990,10,13,0.8858240842819214
1990,10,14,1.0944880247116089
1990,10,15,0.4344217777252197
1990,10,16,0.327533096075058
1990,10,17,0.24090301990509033
1990,10,18,0.10733317583799362
1990,10,19,-0.20566101372241974
1990,10,20,-0.6899362206459045
1990,10,21,-0.26776814460754395
1990,10,22,0.18253663182258606
1990,10,23,0.1388910710811615
1990,10,24,0.37019503116607666
1990,10,25,0.5094407796859741
1990,10,26,0.5834475159645081
1990,10,27,0.5005100965499878
1990,10,28,0.47087809443473816
1990,10,29,0.012661844491958618
1990,10,30,-0.3021300435066223
1990,10,31,-0.5733118057250977
1990,11,1,-0.9160209894180298
1990,11,2,-0.8417962193489075
1990,11,3,-0.556260347366333
1990,11,4,-0.21765369176864624
1990,11,5,-0.21963955461978912
1990,11,6,-0.07337088137865067
1990,11,7,-0.29634737968444824
1990,11,8,-0.0931188240647316
1990,11,9,-0.02388484589755535
1990,11,10,-0.06337860226631165
1990,11,11,-0.3113635182380676
1990,11,12,-0.1112109124660492
1990,11,13,0.7237670421600342
1990,11,14,1.6027311086654663
1990,11,15,2.341104507446289
1990,11,16,2.621950626373291
1990,11,17,2.7577414512634277
1990,11,18,2.4221031665802
1990,11,19,1.3193399906158447
1990,11,20,0.323484867811203
1990,11,21,0.3354584872722626
1990,11,22,1.2808128595352173
1990,11,23,0.9406585693359375
1990,11,24,-0.5962024331092834
1990,11,25,-0.346786767244339
1990,11,26,0.6191368103027344
1990,11,27,0.8958917260169983
1990,11,28,0.5349285006523132
1990,11,29,0.4811866879463196
1990,11,30,0.5275020003318787
1990,12,1,1.0662627220153809
1990,12,2,1.3906805515289307
1990,12,3,0.7212214469909668
1990,12,4,0.17619644105434418
1990,12,5,-0.07711368054151535
1990,12,6,-0.3774854838848114
1990,12,7,-0.4776783287525177
1990,12,8,0.4516606032848358
1990,12,9,0.8541516661643982
1990,12,10,0.8236660361289978
1990,12,11,0.8565912246704102
1990,12,12,1.0396473407745361
1990,12,13,1.481885552406311
1990,12,14,1.5190385580062866
1990,12,15,1.440626621246338
1990,12,16,1.6219605207443237
1990,12,17,1.3136844635009766
1990,12,18,0.20723967254161835
1990,12,19,0.0688282921910286
1990,12,20,1.104100227355957
1990,12,21,1.858123540878296
1990,12,22,2.311161756515503
1990,12,23,2.1273317337036133
1990,12,24,2.0481622219085693
1990,12,25,2.4175596237182617
1990,12,26,3.502058506011963
1990,12,27,3.3389534950256348
1990,12,28,2.6011722087860107
1990,12,29,1.7767986059188843
1990,12,30,0.8513997197151184
1990,12,31,0.12938891351222992
1991,1,1,0.406607985496521
1991,1,2,1.2237603664398193
1991,1,3,1.1002240180969238
1991,1,4,0.41777142882347107
1991,1,5,0.20143724977970123
1991,1,6,0.09562940895557404
1991,1,7,-0.0877431258559227
1991,1,8,-0.17605048418045044
1991,1,9,-0.380985826253891
1991,1,10,-0.3452994227409363
1991,1,11,-0.7809419631958008
1991,1,12,-0.9846324324607849
1991,1,13,-0.5329971313476562
1991,1,14,0.06818030774593353
1991,1,15,0.9220675826072693
1991,1,16,1.50071120262146
1991,1,17,1.694972276687622
1991,1,18,1.6463981866836548
1991,1,19,1.5875914096832275
1991,1,20,1.3932636976242065
1991,1,21,1.7884272336959839
1991,1,22,1.641245722770691
1991,1,23,1.953244924545288
1991,1,24,2.155766248703003
1991,1,25,2.3638675212860107
1991,1,26,2.1591439247131348
1991,1,27,1.7717856168746948
1991,1,28,1.0606452226638794
1991,1,29,-0.07266899943351746
1991,1,30,-0.9065866470336914
1991,1,31,-1.2652634382247925
1991,2,1,-1.081398844718933
1991,2,2,0.44023528695106506
1991,2,3,0.6817765235900879
1991,2,4,0.2012137472629547
1991,2,5,-0.3745820224285126
1991,2,6,-0.7782298922538757
1991,2,7,-1.2670667171478271
1991,2,8,-2.045400381088257
1991,2,9,-2.6713175773620605
1991,2,10,-2.65063738822937
1991,2,11,-2.5188844203948975
1991,2,12,-2.522104263305664
1991,2,13,-2.3923683166503906
1991,2,14,-1.7542229890823364
1991,2,15,-1.3120774030685425
1991,2,16,-1.3713531494140625
1991,2,17,-1.2867053747177124
1991,2,18,-0.3827410340309143
1991,2,19,0.3542898893356323
1991,2,20,0.6172821521759033
1991,2,21,0.23640480637550354
1991,2,22,0.09492955356836319
1991,2,23,0.5312246084213257
1991,2,24,0.9333965182304382
1991,2,25,0.837338924407959
1991,2,26,-0.1370726078748703
1991,2,27,-1.478018045425415
1991,2,28,-2.5620641708374023
1991,3,1,-2.142577886581421
1991,3,2,-1.6298450231552124
1991,3,3,-1.1240177154541016
1991,3,4,-0.994736909866333
1991,3,5,-1.627172827720642
1991,3,6,-2.4300014972686768
1991,3,7,-2.450791597366333
1991,3,8,-2.940275192260742
1991,3,9,-3.3805577754974365
1991,3,10,-3.029963493347168
1991,3,11,-2.7710089683532715
1991,3,12,-2.852771759033203
1991,3,13,-2.395303964614868
1991,3,14,-1.3228578567504883
1991,3,15,-0.7895793318748474
1991,3,16,-0.8712954521179199
1991,3,17,-0.3209275007247925
1991,3,18,0.41776585578918457
1991,3,19,0.8257665634155273
1991,3,20,0.7838621139526367
1991,3,21,0.6760668754577637
1991,3,22,1.364245057106018
1991,3,23,1.4841177463531494
1991,3,24,1.0125296115875244
1991,3,25,0.7524182796478271
1991,3,26,0.7386608719825745
1991,3,27,0.5453504920005798
1991,3,28,0.8941923379898071
1991,3,29,1.646831750869751
1991,3,30,2.73260235786438
1991,3,31,3.44626784324646
1991,4,1,3.828399181365967
1991,4,2,3.281395435333252
1991,4,3,3.325411081314087
1991,4,4,3.2463905811309814
1991,4,5,2.672750473022461
1991,4,6,2.4733145236968994
1991,4,7,2.1702427864074707
1991,4,8,1.8721177577972412
1991,4,9,1.571389079093933
1991,4,10,0.8858912587165833
1991,4,11,0.3890700340270996
1991,4,12,0.7017424702644348
1991,4,13,0.8142257332801819
1991,4,14,0.24961096048355103
1991,4,15,-0.6799695491790771
1991,4,16,-1.6984872817993164
1991,4,17,-2.05361270904541
1991,4,18,-1.8624546527862549
1991,4,19,-1.3797898292541504
1991,4,20,-0.6923417448997498
1991,4,21,0.04975974187254906
1991,4,22,0.49058791995048523
1991,4,23,0.36539462208747864
1991,4,24,-0.13825871050357819
1991,4,25,-0.27837398648262024
1991,4,26,-0.2710297703742981
1991,4,27,-0.6091131567955017
1991,4,28,-0.7652168273925781
1991,4,29,-1.0312696695327759
1991,4,30,-1.5901437997817993
1991,5,1,-1.6345348358154297
1991,5,2,-1.365837812423706
1991,5,3,-1.3781057596206665
1991,5,4,-1.3748648166656494
1991,5,5,-0.7796112895011902
1991,5,6,0.07200372964143753
1991,5,7,0.9519188404083252
1991,5,8,1.4003400802612305
1991,5,9,1.7024928331375122
1991,5,10,2.131410837173462
1991,5,11,2.325293779373169
1991,5,12,2.2462849617004395
1991,5,13,1.5540268421173096
1991,5,14,0.8294029831886292
1991,5,15,0.7811999320983887
1991,5,16,0.797639012336731
1991,5,17,0.7207450270652771
1991,5,18,1.163820743560791
1991,5,19,1.9922187328338623
1991,5,20,2.407562732696533
1991,5,21,2.031867742538452
1991,5,22,0.9513872861862183
1991,5,23,0.290842205286026
1991,5,24,0.4604355990886688
1991,5,25,0.4558645784854889
1991,5,26,0.15981534123420715
1991,5,27,-0.33343538641929626
1991,5,28,-0.5177746415138245
1991,5,29,-0.8913564682006836
1991,5,30,-1.255384087562561
1991,5,31,-1.3538976907730103
1991,6,1,-1.4313592910766602
1991,6,2,-1.278267741203308
1991,6,3,-0.9743980765342712
1991,6,4,-0.7277672290802002
1991,6,5,-0.5271345376968384
1991,6,6,-0.418584942817688
1991,6,7,-0.23216845095157623
1991,6,8,-0.29266688227653503
1991,6,9,-0.27295708656311035
1991,6,10,0.017790723592042923
1991,6,11,0.46781182289123535
1991,6,12,0.3914478123188019
1991,6,13,0.17424675822257996
1991,6,14,-0.2519587278366089
1991,6,15,-0.6376798152923584
1991,6,16,-0.6784816980361938
1991,6,17,-0.3598440885543823
1991,6,18,-0.15915998816490173
1991,6,19,0.21930384635925293
1991,6,20,0.23937325179576874
1991,6,21,-0.11154278367757797
1991,6,22,-0.20060263574123383
1991,6,23,0.06038728728890419
1991,6,24,0.3172675669193268
1991,6,25,0.4095267653465271
1991,6,26,0.7133660912513733
1991,6,27,1.0234240293502808
1991,6,28,0.8540247678756714
1991,6,29,0.32360804080963135
1991,6,30,0.0022463114000856876
1991,7,1,-0.27177566289901733
1991,7,2,-0.20807990431785583
1991,7,3,-0.20428906381130219
1991,7,4,-0.41485610604286194
1991,7,5,-0.8691867589950562
1991,7,6,-0.9377862215042114
1991,7,7,-0.8306965827941895
1991,7,8,-0.6554042100906372
1991,7,9,-0.3683221638202667
1991,7,10,-0.42228883504867554
1991,7,11,-0.5125243067741394
1991,7,12,-0.09465168416500092
1991,7,13,0.500273585319519
1991,7,14,0.6998040080070496
1991,7,15,0.5038259029388428
1991,7,16,0.6195034384727478
1991,7,17,0.8592555522918701
1991,7,18,0.6716709136962891
1991,7,19,0.0614447295665741
1991,7,20,-0.2877974212169647
1991,7,21,-0.612554132938385
1991,7,22,-0.805106520652771
1991,7,23,-1.3425742387771606
1991,7,24,-1.3591463565826416
1991,7,25,-0.44577556848526
1991,7,26,0.32298538088798523
1991,7,27,0.5148019790649414
1991,7,28,0.49370166659355164
1991,7,29,0.2862856686115265
1991,7,30,-0.04261939227581024
1991,7,31,-0.47114306688308716
1991,8,1,-0.6303967833518982
1991,8,2,-0.7377918362617493
1991,8,3,-0.5635215044021606
1991,8,4,-0.21648815274238586
1991,8,5,0.19481095671653748
1991,8,6,0.3311651647090912
1991,8,7,0.21169057488441467
1991,8,8,0.2673927843570709
1991,8,9,0.7468456029891968
1991,8,10,1.3782411813735962
1991,8,11,1.8301911354064941
1991,8,12,2.0374207496643066
1991,8,13,1.5578956604003906
1991,8,14,1.22085440158844
1991,8,15,0.8801093697547913
1991,8,16,0.5631163120269775
1991,8,17,0.3956563174724579
1991,8,18,0.8416876196861267
1991,8,19,1.2749701738357544
1991,8,20,1.759382724761963
1991,8,21,1.811968445777893
1991,8,22,1.2034648656845093
1991,8,23,0.6075787544250488
1991,8,24,1.0083647966384888
1991,8,25,1.4210923910140991
1991,8,26,1.800105094909668
1991,8,27,1.5845690965652466
1991,8,28,0.9276577830314636
1991,8,29,0.2967572510242462
1991,8,30,-0.030373364686965942
1991,8,31,-0.1528628170490265
1991,9,1,-0.25238582491874695
1991,9,2,-0.11971201747655869
1991,9,3,0.09439928829669952
1991,9,4,-0.1065317913889885
1991,9,5,-0.760421097278595
1991,9,6,-1.2492622137069702
1991,9,7,-1.6419569253921509
1991,9,8,-1.9672938585281372
1991,9,9,-1.6289020776748657
1991,9,10,-1.0773851871490479
1991,9,11,-0.8164273500442505
1991,9,12,-0.4727364182472229
1991,9,13,-0.2913431227207184
1991,9,14,-0.4273723065853119
1991,9,15,-0.4547100067138672
1991,9,16,-0.26920071244239807
1991,9,17,-0.03395336493849754
1991,9,18,0.973880410194397
1991,9,19,1.6451528072357178
1991,9,20,1.3780282735824585
1991,9,21,0.5883271098136902
1991,9,22,0.1229204535484314
1991,9,23,0.8488119840621948
1991,9,24,1.5249700546264648
1991,9,25,1.1170659065246582
1991,9,26,0.6274845004081726
1991,9,27,0.03007577173411846
1991,9,28,-0.6160461902618408
1991,9,29,-0.34764373302459717
1991,9,30,0.33260852098464966
1991,10,1,0.9531723260879517
1991,10,2,1.0544391870498657
1991,10,3,1.1127978563308716
1991,10,4,0.8131253719329834
1991,10,5,0.5741561651229858
1991,10,6,0.476565957069397
1991,10,7,-0.3741131126880646
1991,10,8,-1.2427526712417603
1991,10,9,-0.38142240047454834
1991,10,10,0.4607214331626892
1991,10,11,0.11336224526166916
1991,10,12,-0.46134164929389954
1991,10,13,-0.4487764537334442
1991,10,14,-0.07582305371761322
1991,10,15,-0.003428675467148423
1991,10,16,-0.360542893409729
1991,10,17,-0.5373508334159851
1991,10,18,-0.34920772910118103
1991,10,19,0.37177541851997375
1991,10,20,1.016459584236145
1991,10,21,0.8453143239021301
1991,10,22,0.9988089203834534
1991,10,23,0.8067336082458496
1991,10,24,0.4935096204280853
1991,10,25,-0.0027008422184735537
1991,10,26,-1.1506083011627197
1991,10,27,-2.0184948444366455
1991,10,28,-2.8224191665649414
1991,10,29,-3.0444681644439697
1991,10,30,-2.40844988822937
1991,10,31,-1.9446234703063965
1991,11,1,-1.4154564142227173
1991,11,2,-0.9769212007522583
1991,11,3,-0.9855628609657288
1991,11,4,-0.35669782757759094
1991,11,5,0.639634907245636
1991,11,6,0.8846142888069153
1991,11,7,0.472057580947876
1991,11,8,0.23769120872020721
1991,11,9,0.8696138858795166
1991,11,10,1.585533857345581
1991,11,11,1.9743645191192627
1991,11,12,1.9639047384262085
1991,11,13,0.7215527296066284
1991,11,14,-0.3160887062549591
1991,11,15,-0.8923344612121582
1991,11,16,-0.5957689881324768
1991,11,17,-0.42484116554260254
1991,11,18,-0.7842903733253479
1991,11,19,-0.7567115426063538
1991,11,20,0.03182423859834671
1991,11,21,0.5066071152687073
1991,11,22,0.47637084126472473
1991,11,23,0.6644584536552429
1991,11,24,1.0295453071594238
1991,11,25,0.616356372833252
1991,11,26,0.6132016181945801
1991,11,27,1.523506760597229
1991,11,28,1.5488840341567993
1991,11,29,0.35393086075782776
1991,11,30,-0.9761172533035278
1991,12,1,-1.4329982995986938
1991,12,2,-1.404173731803894
1991,12,3,-1.517106056213379
1991,12,4,-2.5965616703033447
1991,12,5,-2.2035634517669678
1991,12,6,-0.03977281600236893
1991,12,7,1.1176888942718506
1991,12,8,1.10465407371521
1991,12,9,1.1454991102218628
1991,12,10,1.7025489807128906
1991,12,11,3.100645065307617
1991,12,12,3.657443046569824
1991,12,13,3.475954532623291
1991,12,14,2.726344585418701
1991,12,15,2.737703323364258
1991,12,16,3.84687876701355
1991,12,17,4.704440593719482
1991,12,18,4.414209842681885
1991,12,19,3.721796751022339
1991,12,20,2.237406015396118
1991,12,21,1.7745376825332642
1991,12,22,1.3189655542373657
1991,12,23,1.224630355834961
1991,12,24,0.9243057370185852
1991,12,25,1.356888771057129
1991,12,26,1.4723361730575562
1991,12,27,2.0274693965911865
1991,12,28,2.134544610977173
1991,12,29,1.6018928289413452
1991,12,30,1.5823323726654053
1991,12,31,2.3112311363220215
1992,1,1,3.4583518505096436
1992,1,2,3.717217206954956
1992,1,3,3.3042941093444824
1992,1,4,2.0146524906158447
1992,1,5,0.4185715317726135
1992,1,6,-0.4698599874973297
1992,1,7,-0.8727517127990723
1992,1,8,-0.532448947429657
1992,1,9,-0.09936244785785675
1992,1,10,0.36995160579681396
1992,1,11,-0.2558974325656891
1992,1,12,-1.1377642154693604
1992,1,13,-0.8572455048561096
1992,1,14,-1.0909332036972046
1992,1,15,-1.2001025676727295
1992,1,16,-1.0205293893814087
1992,1,17,-0.7626557350158691
1992,1,18,-0.09127427637577057
1992,1,19,0.16286896169185638
1992,1,20,0.7513408064842224
1992,1,21,1.1125380992889404
1992,1,22,0.9221407175064087
1992,1,23,1.195091962814331
1992,1,24,0.899992823600769
1992,1,25,0.9027664065361023
1992,1,26,1.499685287475586
1992,1,27,1.4536279439926147
1992,1,28,1.2041174173355103
1992,1,29,0.7374793291091919
1992,1,30,0.21590514481067657
1992,1,31,0.491655170917511
1992,2,1,0.9420226812362671
1992,2,2,0.9015779495239258
1992,2,3,0.3709588646888733
1992,2,4,0.09655218571424484
1992,2,5,0.751962423324585
1992,2,6,1.1813406944274902
1992,2,7,1.279203176498413
1992,2,8,1.3283370733261108
1992,2,9,1.5011284351348877
1992,2,10,2.278866767883301
1992,2,11,2.9383351802825928
1992,2,12,2.47993540763855
1992,2,13,1.6481280326843262
1992,2,14,1.1869862079620361
1992,2,15,1.048325777053833
1992,2,16,0.5657088160514832
1992,2,17,-0.2619056701660156
1992,2,18,-0.42679381370544434
1992,2,19,0.3260948657989502
1992,2,20,0.6957135200500488
1992,2,21,1.2859421968460083
1992,2,22,2.3655848503112793
1992,2,23,1.8231459856033325
1992,2,24,1.2981364727020264
1992,2,25,1.217942714691162
1992,2,26,0.6178174614906311
1992,2,27,0.0665588527917862
1992,2,28,0.5648825168609619
1992,2,29,1.297031044960022
1992,3,1,0.9227887392044067
1992,3,2,1.1772855520248413
1992,3,3,1.6401313543319702
1992,3,4,1.6289962530136108
1992,3,5,1.1956156492233276
1992,3,6,0.47857028245925903
1992,3,7,0.2590706944465637
1992,3,8,0.11426179856061935
1992,3,9,0.6679334044456482
1992,3,10,1.6712608337402344
1992,3,11,2.633018970489502
1992,3,12,2.444695234298706
1992,3,13,1.322510004043579
1992,3,14,0.8344115018844604
1992,3,15,0.888190507888794
1992,3,16,1.3022867441177368
1992,3,17,1.5531388521194458
1992,3,18,1.4931319952011108
1992,3,19,1.760901689529419
1992,3,20,2.1964473724365234
1992,3,21,1.9962084293365479
1992,3,22,0.7520930171012878
1992,3,23,-0.5599970817565918
1992,3,24,0.18940964341163635
1992,3,25,1.4135913848876953
1992,3,26,1.71733558177948
1992,3,27,1.6631252765655518
1992,3,28,0.8144145607948303
1992,3,29,-0.7433418035507202
1992,3,30,-2.032590866088867
1992,3,31,-1.9720056056976318
1992,4,1,-1.5062636137008667
1992,4,2,-1.1181405782699585
1992,4,3,-0.8887253403663635
1992,4,4,-0.7070726156234741
1992,4,5,0.029400888830423355
1992,4,6,0.1686619520187378
1992,4,7,-0.5407288074493408
1992,4,8,-0.9611529111862183
1992,4,9,-0.8379109501838684
1992,4,10,-0.9932342767715454
1992,4,11,-1.1171454191207886
1992,4,12,-0.7590300440788269
1992,4,13,-0.8711733818054199
1992,4,14,-0.9569498896598816
1992,4,15,-0.931494951248169
1992,4,16,-0.25238531827926636
1992,4,17,0.5829020738601685
1992,4,18,0.5627654194831848
1992,4,19,-0.09002090990543365
1992,4,20,-0.08619901537895203
1992,4,21,-0.08143201470375061
1992,4,22,-0.48393717408180237
1992,4,23,-1.0439703464508057
1992,4,24,-1.1316660642623901
1992,4,25,-0.7994906306266785
1992,4,26,-0.4469533860683441
1992,4,27,-0.2603332996368408
1992,4,28,-0.14134560525417328
1992,4,29,0.14966602623462677
1992,4,30,0.44994643330574036
1992,5,1,0.4880717396736145
1992,5,2,0.7184985876083374
1992,5,3,1.4005688428878784
1992,5,4,1.8071370124816895
1992,5,5,2.3907835483551025
1992,5,6,3.186002254486084
1992,5,7,3.9391911029815674
1992,5,8,4.089534282684326
1992,5,9,3.6617379188537598
1992,5,10,3.175196409225464
1992,5,11,2.7967865467071533
1992,5,12,2.9422457218170166
1992,5,13,2.707746744155884
1992,5,14,1.9437378644943237
1992,5,15,2.158269166946411
1992,5,16,1.987109661102295
1992,5,17,0.9233225584030151
1992,5,18,0.17537951469421387
1992,5,19,0.4716278612613678
1992,5,20,0.8594058156013489
1992,5,21,0.6325103044509888
1992,5,22,0.10847479850053787
1992,5,23,-0.29015451669692993
1992,5,24,-0.7512544393539429
1992,5,25,-0.4306434392929077
1992,5,26,0.13402441143989563
1992,5,27,-0.07614394277334213
1992,5,28,-0.4587807059288025
1992,5,29,-0.527506411075592
1992,5,30,-0.18443891406059265
1992,5,31,0.12378344684839249
1992,6,1,0.029884207993745804
1992,6,2,-0.21675413846969604
1992,6,3,-0.20151473581790924
1992,6,4,0.4844858646392822
1992,6,5,1.135759711265564
1992,6,6,1.4774619340896606
1992,6,7,1.4421937465667725
1992,6,8,1.02520751953125
1992,6,9,0.5674543976783752
1992,6,10,-0.004331029951572418
1992,6,11,-0.26159992814064026
1992,6,12,-0.10572867095470428
1992,6,13,0.3620925843715668
1992,6,14,0.7923869490623474
1992,6,15,0.9523090124130249
1992,6,16,0.9267174005508423
1992,6,17,0.6501317024230957
1992,6,18,0.422366201877594
1992,6,19,0.07926515489816666
1992,6,20,-0.017958328127861023
1992,6,21,0.17807160317897797
1992,6,22,-0.07803171128034592
1992,6,23,-0.7802239656448364
1992,6,24,-1.711521863937378
1992,6,25,-2.42464017868042
1992,6,26,-2.5758092403411865
1992,6,27,-2.6009068489074707
1992,6,28,-2.870074987411499
1992,6,29,-2.9210493564605713
1992,6,30,-2.49517822265625
1992,7,1,-2.2010715007781982
1992,7,2,-1.9882521629333496
1992,7,3,-1.6644229888916016
1992,7,4,-1.3358209133148193
1992,7,5,-0.9234548807144165
1992,7,6,-0.4089873433113098
1992,7,7,0.080796018242836
1992,7,8,0.5256800651550293
1992,7,9,1.0765615701675415
1992,7,10,1.3576277494430542
1992,7,11,1.3481175899505615
1992,7,12,0.9983000755310059
1992,7,13,0.8138673901557922
1992,7,14,0.6137643456459045
1992,7,15,0.41308119893074036
1992,7,16,0.17325590550899506
1992,7,17,0.23213042318820953
1992,7,18,0.4673231542110443
1992,7,19,0.6105533242225647
1992,7,20,0.38601502776145935
1992,7,21,0.09475186467170715
1992,7,22,-0.08336251229047775
1992,7,23,-0.18360595405101776
1992,7,24,-0.11110695451498032
1992,7,25,0.26541391015052795
1992,7,26,0.7663227319717407
1992,7,27,1.1292411088943481
1992,7,28,1.1000990867614746
1992,7,29,0.7873586416244507
1992,7,30,0.7142632007598877
1992,7,31,0.6568960547447205
1992,8,1,0.5111570954322815
1992,8,2,0.6630011796951294
1992,8,3,0.8372108936309814
1992,8,4,1.1174018383026123
1992,8,5,1.43756902217865
1992,8,6,1.5028899908065796
1992,8,7,1.5392342805862427
1992,8,8,1.4957152605056763
1992,8,9,1.213592529296875
1992,8,10,1.0760345458984375
1992,8,11,1.0899451971054077
1992,8,12,1.176503300666809
1992,8,13,1.376529335975647
1992,8,14,1.5983718633651733
1992,8,15,1.4433953762054443
1992,8,16,1.2109309434890747
1992,8,17,0.9109190702438354
1992,8,18,0.244772806763649
1992,8,19,-0.6484742760658264
1992,8,20,-1.1535531282424927
1992,8,21,-1.2198905944824219
1992,8,22,-1.3216828107833862
1992,8,23,-0.9518888592720032
1992,8,24,-0.3523823916912079
1992,8,25,-0.003204275853931904
1992,8,26,0.15067031979560852
1992,8,27,0.1763470470905304
1992,8,28,0.31909310817718506
1992,8,29,0.29803329706192017
1992,8,30,0.04466280713677406
1992,8,31,0.2194109559059143
1992,9,1,0.18379256129264832
1992,9,2,0.044969961047172546
1992,9,3,-0.061920978128910065
1992,9,4,-0.28286105394363403
1992,9,5,-0.6289190649986267
1992,9,6,-0.3086245656013489
1992,9,7,0.6217389702796936
1992,9,8,0.9440521597862244
1992,9,9,0.3886943459510803
1992,9,10,-0.23635455965995789
1992,9,11,-0.7653010487556458
1992,9,12,-0.72721928358078
1992,9,13,-0.7644449472427368
1992,9,14,-1.3660361766815186
1992,9,15,-1.6968735456466675
1992,9,16,-2.13912296295166
1992,9,17,-2.0639634132385254
1992,9,18,-1.6344903707504272
1992,9,19,-1.4423547983169556
1992,9,20,-1.3678075075149536
1992,9,21,-1.1649945974349976
1992,9,22,-0.9755271673202515
1992,9,23,-0.7409141063690186
1992,9,24,0.07146167755126953
1992,9,25,0.7382555603981018
1992,9,26,0.46393120288848877
1992,9,27,-0.45001059770584106
1992,9,28,-1.1599242687225342
1992,9,29,-1.2988674640655518
1992,9,30,-0.7089983224868774
1992,10,1,0.14328649640083313
1992,10,2,0.38561421632766724
1992,10,3,-0.23167891800403595
1992,10,4,-0.580403208732605
1992,10,5,-0.8045680522918701
1992,10,6,-0.24759280681610107
1992,10,7,0.2801242768764496
1992,10,8,0.6996563673019409
1992,10,9,0.44197383522987366
1992,10,10,0.22429941594600677
1992,10,11,-0.0047941310331225395
1992,10,12,-0.6724960803985596
1992,10,13,-1.1411516666412354
1992,10,14,-1.6284979581832886
1992,10,15,-2.0681817531585693
1992,10,16,-2.2603931427001953
1992,10,17,-2.361506938934326
1992,10,18,-2.0182392597198486
1992,10,19,-1.3872239589691162
1992,10,20,-0.5353195071220398
1992,10,21,0.8918688893318176
1992,10,22,1.69074285030365
1992,10,23,1.3302028179168701
1992,10,24,1.1610651016235352
1992,10,25,1.0678319931030273
1992,10,26,0.14001749455928802
1992,10,27,-1.130001425743103
1992,10,28,-1.350311517715454
1992,10,29,-1.1285914182662964
1992,10,30,-0.5611899495124817
1992,10,31,0.7131466269493103
1992,11,1,0.9631170034408569
1992,11,2,0.6503514647483826
1992,11,3,-0.36217954754829407
1992,11,4,-0.32496505975723267
1992,11,5,0.12342765182256699
1992,11,6,0.7590880393981934
1992,11,7,1.6334625482559204
1992,11,8,2.401052951812744
1992,11,9,2.6953835487365723
1992,11,10,2.594672203063965
1992,11,11,2.353712558746338
1992,11,12,1.397817850112915
1992,11,13,0.27907150983810425
1992,11,14,-0.24556520581245422
1992,11,15,0.6475638151168823
1992,11,16,0.900287389755249
1992,11,17,0.3733684718608856
1992,11,18,0.3731410801410675
1992,11,19,0.05501594766974449
1992,11,20,-0.9472556114196777
1992,11,21,-1.755366563796997
1992,11,22,-1.82658052444458
1992,11,23,-1.346840500831604
1992,11,24,-0.13154266774654388
1992,11,25,1.0704950094223022
1992,11,26,1.9517903327941895
1992,11,27,1.6274369955062866
1992,11,28,1.3121511936187744
1992,11,29,1.4476984739303589
1992,11,30,2.0718674659729004
1992,12,1,2.494170904159546
1992,12,2,2.9506731033325195
1992,12,3,2.864219903945923
1992,12,4,2.2886123657226562
1992,12,5,2.2032525539398193
1992,12,6,1.2483526468276978
1992,12,7,0.16081377863883972
1992,12,8,0.5276768803596497
1992,12,9,1.0829575061798096
1992,12,10,1.2203115224838257
1992,12,11,0.7661530375480652
1992,12,12,-0.029450220987200737
1992,12,13,-0.1775868535041809
1992,12,14,0.8125763535499573
1992,12,15,0.9026061296463013
1992,12,16,0.6765156984329224
1992,12,17,1.283488392829895
1992,12,18,1.8112696409225464
1992,12,19,2.3065109252929688
1992,12,20,2.654550790786743
1992,12,21,2.0592172145843506
1992,12,22,2.390021800994873
1992,12,23,2.7547507286071777
1992,12,24,2.0260024070739746
1992,12,25,1.0411028861999512
1992,12,26,0.7728980183601379
1992,12,27,0.4875323176383972
1992,12,28,1.4914263486862183
1992,12,29,2.3400261402130127
1992,12,30,2.3820548057556152
1992,12,31,2.8368937969207764
1993,1,1,2.897655487060547
1993,1,2,2.441065549850464
1993,1,3,2.081023931503296
1993,1,4,2.009993553161621
1993,1,5,2.7606019973754883
1993,1,6,3.6448862552642822
1993,1,7,3.8363442420959473
1993,1,8,4.074708461761475
1993,1,9,4.5785980224609375
1993,1,10,4.950544357299805
1993,1,11,5.055087566375732
1993,1,12,4.871456146240234
1993,1,13,4.738554954528809
1993,1,14,5.244613170623779
1993,1,15,5.100422382354736
1993,1,16,4.315487384796143
1993,1,17,3.5386528968811035
1993,1,18,3.3217592239379883
1993,1,19,3.7418320178985596
1993,1,20,4.399631500244141
1993,1,21,4.919207572937012
1993,1,22,4.722012519836426
1993,1,23,3.1918067932128906
1993,1,24,2.1746983528137207
1993,1,25,1.5167680978775024
1993,1,26,1.304441213607788
1993,1,27,1.441650629043579
1993,1,28,1.0229941606521606
1993,1,29,1.3935831785202026
1993,1,30,2.5111467838287354
1993,1,31,2.6955928802490234
1993,2,1,3.058985471725464
1993,2,2,2.4645304679870605
1993,2,3,1.7785602807998657
1993,2,4,0.46647167205810547
1993,2,5,0.025448087602853775
1993,2,6,0.27588874101638794
1993,2,7,0.6852849125862122
1993,2,8,0.18183887004852295
1993,2,9,-0.7030067443847656
1993,2,10,-0.8716099858283997
1993,2,11,0.05450080335140228
1993,2,12,0.5630373954772949
1993,2,13,0.24654915928840637
1993,2,14,-0.24018937349319458
1993,2,15,0.4214206337928772
1993,2,16,1.1431885957717896
1993,2,17,1.1021881103515625
1993,2,18,0.6616104245185852
1993,2,19,-0.07421697676181793
1993,2,20,-0.5454493165016174
1993,2,21,-0.5060569047927856
1993,2,22,-0.24040381610393524
1993,2,23,-0.12068363279104233
1993,2,24,-0.28035905957221985
1993,2,25,-0.7977991104125977
1993,2,26,-1.5040512084960938
1993,2,27,-1.4545235633850098
1993,2,28,-0.8118060827255249
1993,3,1,-1.2460027933120728
1993,3,2,-2.287709951400757
1993,3,3,-1.8767259120941162
1993,3,4,-0.8201313018798828
1993,3,5,0.07151235640048981
1993,3,6,0.14633947610855103
1993,3,7,0.1541757881641388
1993,3,8,0.07006769627332687
1993,3,9,0.3056337535381317
1993,3,10,0.5326800346374512
1993,3,11,0.6786739230155945
1993,3,12,1.0195209980010986
1993,3,13,1.6540828943252563
1993,3,14,1.2827225923538208
1993,3,15,1.8375674486160278
1993,3,16,3.7786667346954346
1993,3,17,3.9835205078125
1993,3,18,3.3598976135253906
1993,3,19,3.379295587539673
1993,3,20,2.9904255867004395
1993,3,21,2.6782939434051514
1993,3,22,2.3548848628997803
1993,3,23,2.058183431625366
1993,3,24,1.621259093284607
1993,3,25,1.2237404584884644
1993,3,26,0.6062208414077759
1993,3,27,-0.18695245683193207
1993,3,28,-0.9569859504699707
1993,3,29,-1.5443158149719238
1993,3,30,-1.8337092399597168
1993,3,31,-2.18595290184021
1993,4,1,-2.0277533531188965
1993,4,2,-1.4827486276626587
1993,4,3,-1.196169137954712
1993,4,4,-1.1092405319213867
1993,4,5,-1.0667203664779663
1993,4,6,-1.0632747411727905
1993,4,7,-0.9166598916053772
1993,4,8,-0.7043076753616333
1993,4,9,-0.39437171816825867
1993,4,10,-0.4444288909435272
1993,4,11,-0.3873426616191864
1993,4,12,-0.4459628760814667
1993,4,13,-0.8356161713600159
1993,4,14,-1.0898714065551758
1993,4,15,-0.9760974049568176
1993,4,16,-0.623324990272522
1993,4,17,-0.23589098453521729
1993,4,18,-0.024157147854566574
1993,4,19,-0.11313771456480026
1993,4,20,0.3048330843448639
1993,4,21,0.9935455918312073
1993,4,22,0.5427181124687195
1993,4,23,-0.07706815004348755
1993,4,24,-0.4484308063983917
1993,4,25,0.05223714932799339
1993,4,26,0.1647775024175644
1993,4,27,0.04680279642343521
1993,4,28,0.26016104221343994
1993,4,29,0.31670981645584106
1993,4,30,0.37904125452041626
1993,5,1,0.43268460035324097
1993,5,2,0.23962442576885223
1993,5,3,0.17969834804534912
1993,5,4,0.012304943054914474
1993,5,5,-0.7766122817993164
1993,5,6,-0.9957618117332458
1993,5,7,-0.563748300075531
1993,5,8,-0.04462185129523277
1993,5,9,-0.75432950258255
1993,5,10,-1.469546914100647
1993,5,11,-1.8558319807052612
1993,5,12,-2.3547747135162354
1993,5,13,-2.921983003616333
1993,5,14,-3.283522844314575
1993,5,15,-2.9697675704956055
1993,5,16,-2.28790545463562
1993,5,17,-1.5686061382293701
1993,5,18,-1.255519986152649
1993,5,19,-1.40631103515625
1993,5,20,-1.5708884000778198
1993,5,21,-1.9984681606292725
1993,5,22,-2.4398257732391357
1993,5,23,-2.6937572956085205
1993,5,24,-2.4784927368164062
1993,5,25,-1.9548472166061401
1993,5,26,-1.7239418029785156
1993,5,27,-1.8213735818862915
1993,5,28,-1.8221231698989868
1993,5,29,-2.04256534576416
1993,5,30,-2.064805507659912
1993,5,31,-1.8066126108169556
1993,6,1,-1.7408441305160522
1993,6,2,-1.651738166809082
1993,6,3,-1.3532599210739136
1993,6,4,-1.0750126838684082
1993,6,5,-0.7094076871871948
1993,6,6,-0.2109747678041458
1993,6,7,-0.024679677560925484
1993,6,8,-0.4986962676048279
1993,6,9,-1.3124788999557495
1993,6,10,-1.811822533607483
1993,6,11,-1.736021637916565
1993,6,12,-1.411977767944336
1993,6,13,-0.8710138201713562
1993,6,14,-0.2779238820075989
1993,6,15,0.26458391547203064
1993,6,16,0.43096908926963806
1993,6,17,0.3906477391719818
1993,6,18,0.6812198758125305
1993,6,19,0.7131481766700745
1993,6,20,0.386872261762619
1993,6,21,-0.3656522035598755
1993,6,22,-1.2276726961135864
1993,6,23,-1.4868236780166626
1993,6,24,-1.019134759902954
1993,6,25,-0.06900891661643982
1993,6,26,0.2920926511287689
1993,6,27,0.22331781685352325
1993,6,28,0.03386475145816803
1993,6,29,0.10332268476486206
1993,6,30,0.30010658502578735
1993,7,1,0.2519476115703583
1993,7,2,0.38998815417289734
1993,7,3,0.6847910284996033
1993,7,4,0.6257099509239197
1993,7,5,0.32813820242881775
1993,7,6,-0.18207460641860962
1993,7,7,-0.5570289492607117
1993,7,8,-0.7901259064674377
1993,7,9,-0.9779988527297974
1993,7,10,-0.9051045179367065
1993,7,11,-0.8411941528320312
1993,7,12,-1.020119547843933
1993,7,13,-1.1892396211624146
1993,7,14,-1.2978315353393555
1993,7,15,-1.5362575054168701
1993,7,16,-1.6437852382659912
1993,7,17,-1.5506314039230347
1993,7,18,-1.3730695247650146
1993,7,19,-1.3346165418624878
1993,7,20,-1.2520815134048462
1993,7,21,-1.0393842458724976
1993,7,22,-0.9935557246208191
1993,7,23,-0.810106098651886
1993,7,24,-0.43715670704841614
1993,7,25,-0.01981937140226364
1993,7,26,0.43691837787628174
1993,7,27,0.5664815306663513
1993,7,28,0.48309898376464844
1993,7,29,0.29428642988204956
1993,7,30,0.20232708752155304
1993,7,31,0.21591247618198395
1993,8,1,0.003029617015272379
1993,8,2,0.02646481990814209
1993,8,3,0.0412328727543354
1993,8,4,0.23859956860542297
1993,8,5,0.4911043047904968
1993,8,6,0.3504961431026459
1993,8,7,0.4907848536968231
1993,8,8,0.6312472820281982
1993,8,9,0.6112857460975647
1993,8,10,0.5198451280593872
1993,8,11,0.38696444034576416
1993,8,12,0.04577835649251938
1993,8,13,-0.29283443093299866
1993,8,14,-0.5277978181838989
1993,8,15,-0.4816955029964447
1993,8,16,-0.40084004402160645
1993,8,17,-0.2952970564365387
1993,8,18,-0.32203227281570435
1993,8,19,-0.35069069266319275
1993,8,20,-0.6468641757965088
1993,8,21,-1.0087507963180542
1993,8,22,-1.0287193059921265
1993,8,23,-1.0572808980941772
1993,8,24,-0.89679354429245
1993,8,25,-0.8803555965423584
1993,8,26,-1.1091748476028442
1993,8,27,-1.1924129724502563
1993,8,28,-1.2130111455917358
1993,8,29,-1.3028388023376465
1993,8,30,-1.2873601913452148
1993,8,31,-1.2944927215576172
1993,9,1,-1.3409397602081299
1993,9,2,-1.1272677183151245
1993,9,3,-1.015249252319336
1993,9,4,-1.0273878574371338
1993,9,5,-0.9305478930473328
1993,9,6,-0.7490605115890503
1993,9,7,0.1444072425365448
1993,9,8,0.5942490100860596
1993,9,9,0.05147580802440643
1993,9,10,-0.5315634608268738
1993,9,11,-1.0734434127807617
1993,9,12,-1.4616267681121826
1993,9,13,-1.4364008903503418
1993,9,14,-1.2648552656173706
1993,9,15,-0.9029797315597534
1993,9,16,-0.31150227785110474
1993,9,17,0.2672329246997833
1993,9,18,0.06763242930173874
1993,9,19,-0.6149151921272278
1993,9,20,-0.867599606513977
1993,9,21,-0.25838831067085266
1993,9,22,0.7636799812316895
1993,9,23,1.0637959241867065
1993,9,24,0.6109172105789185
1993,9,25,-0.02893969416618347
1993,9,26,0.203726664185524
1993,9,27,0.2952421009540558
1993,9,28,-0.38375580310821533
1993,9,29,0.1254153996706009
1993,9,30,0.7015650272369385
1993,10,1,-0.10739325731992722
1993,10,2,-0.544283390045166
1993,10,3,-0.6753941178321838
1993,10,4,-1.4006892442703247
1993,10,5,-1.308255910873413
1993,10,6,-1.416763424873352
1993,10,7,-1.6423121690750122
1993,10,8,-1.8724875450134277
1993,10,9,-1.7053660154342651
1993,10,10,-1.4650516510009766
1993,10,11,-1.6368606090545654
1993,10,12,-1.3881293535232544
1993,10,13,-1.0102167129516602
1993,10,14,-0.4477423429489136
1993,10,15,0.2537637948989868
1993,10,16,0.375484436750412
1993,10,17,0.3446933925151825
1993,10,18,0.3867008090019226
1993,10,19,-0.08950050175189972
1993,10,20,-0.14972779154777527
1993,10,21,-0.30714988708496094
1993,10,22,-0.19358280301094055
1993,10,23,-0.18147040903568268
1993,10,24,0.016096994280815125
1993,10,25,-0.03576687350869179
1993,10,26,0.033355098217725754
1993,10,27,0.1843716949224472
1993,10,28,-0.4366002380847931
1993,10,29,-0.7775008678436279
1993,10,30,-0.02440621331334114
1993,10,31,0.32671743631362915
1993,11,1,0.6457582712173462
1993,11,2,0.32590341567993164
1993,11,3,-0.057007964700460434
1993,11,4,0.027969954535365105
1993,11,5,-0.023039432242512703
1993,11,6,-0.2948448956012726
1993,11,7,-0.5530602931976318
1993,11,8,0.6222788095474243
1993,11,9,1.8056069612503052
1993,11,10,2.530115842819214
1993,11,11,2.224971294403076
1993,11,12,1.919658899307251
1993,11,13,1.5750365257263184
1993,11,14,1.3192239999771118
1993,11,15,1.2714961767196655
1993,11,16,1.0354303121566772
1993,11,17,0.8341578841209412
1993,11,18,1.2685885429382324
1993,11,19,1.3153828382492065
1993,11,20,0.522832989692688
1993,11,21,-0.738322377204895
1993,11,22,0.40825170278549194
1993,11,23,1.3034454584121704
1993,11,24,1.4642338752746582
1993,11,25,1.5907630920410156
1993,11,26,1.6055889129638672
1993,11,27,1.6868548393249512
1993,11,28,1.2037981748580933
1993,11,29,0.7574687004089355
1993,11,30,1.3844187259674072
1993,12,1,1.7807469367980957
1993,12,2,1.6345946788787842
1993,12,3,1.5528262853622437
1993,12,4,1.7197151184082031
1993,12,5,1.4205892086029053
1993,12,6,0.9246683120727539
1993,12,7,0.6631898880004883
1993,12,8,-0.021890120580792427
1993,12,9,-0.6919114589691162
1993,12,10,-1.311970829963684
1993,12,11,-1.6071250438690186
1993,12,12,-1.4328490495681763
1993,12,13,-1.0780726671218872
1993,12,14,-0.368681937456131
1993,12,15,-1.1442817449569702
1993,12,16,-1.5373464822769165
1993,12,17,-1.0800812244415283
1993,12,18,0.022253114730119705
1993,12,19,1.2952039241790771
1993,12,20,1.9010757207870483
1993,12,21,1.7630866765975952
1993,12,22,0.49706000089645386
1993,12,23,-0.29264751076698303
1993,12,24,-0.5165930390357971
1993,12,25,-1.1285158395767212
1993,12,26,-1.6490089893341064
1993,12,27,-1.4012525081634521
1993,12,28,-0.6543000340461731
1993,12,29,-0.43088018894195557
1993,12,30,-0.7423441410064697
1993,12,31,-1.2012741565704346
1994,1,1,-0.8707225322723389
1994,1,2,-0.7608180046081543
1994,1,3,-1.0232781171798706
1994,1,4,-1.107139229774475
1994,1,5,-1.8919645547866821
1994,1,6,-3.053757429122925
1994,1,7,-2.8807199001312256
1994,1,8,-2.7000224590301514
1994,1,9,-2.9125735759735107
1994,1,10,-3.073199987411499
1994,1,11,-2.8201093673706055
1994,1,12,-1.9651780128479004
1994,1,13,-1.1268562078475952
1994,1,14,-1.4400832653045654
1994,1,15,-1.8036577701568604
1994,1,16,-1.0282164812088013
1994,1,17,0.36540424823760986
1994,1,18,1.9590309858322144
1994,1,19,1.8791894912719727
1994,1,20,2.4696671962738037
1994,1,21,3.2667415142059326
1994,1,22,3.220738649368286
1994,1,23,1.8960111141204834
1994,1,24,0.9588910341262817
1994,1,25,0.9069849252700806
1994,1,26,1.0050395727157593
1994,1,27,0.8051667809486389
1994,1,28,0.21548481285572052
1994,1,29,0.19139990210533142
1994,1,30,1.18146550655365
1994,1,31,1.527946949005127
1994,2,1,1.5354007482528687
1994,2,2,1.5987573862075806
1994,2,3,0.5031426548957825
1994,2,4,-0.8647699952125549
1994,2,5,-1.1656343936920166
1994,2,6,-1.4505977630615234
1994,2,7,-1.320614218711853
1994,2,8,-0.4825414717197418
1994,2,9,-0.05467204377055168
1994,2,10,0.5377216935157776
1994,2,11,0.8919857740402222
1994,2,12,1.148213267326355
1994,2,13,0.8478073477745056
1994,2,14,0.11094474792480469
1994,2,15,-0.465526282787323
1994,2,16,-0.14721094071865082
1994,2,17,-0.050342559814453125
1994,2,18,-0.2052847445011139
1994,2,19,-0.7651152014732361
1994,2,20,-1.5927822589874268
1994,2,21,-2.277803659439087
1994,2,22,-2.7638351917266846
1994,2,23,-3.2630741596221924
1994,2,24,-3.5026931762695312
1994,2,25,-3.4170265197753906
1994,2,26,-2.9573631286621094
1994,2,27,-2.3592185974121094
1994,2,28,-1.335856318473816
1994,3,1,0.320686936378479
1994,3,2,1.6376237869262695
1994,3,3,1.9769080877304077
1994,3,4,1.5104719400405884
1994,3,5,1.389723777770996
1994,3,6,1.8997477293014526
1994,3,7,1.85956871509552
1994,3,8,2.039475917816162
1994,3,9,2.5001132488250732
1994,3,10,3.27581524848938
1994,3,11,2.996520757675171
1994,3,12,3.1108691692352295
1994,3,13,3.7947747707366943
1994,3,14,3.666154146194458
1994,3,15,2.3927862644195557
1994,3,16,1.3376104831695557
1994,3,17,0.6850089430809021
1994,3,18,-0.041309904307127
1994,3,19,-0.4728284776210785
1994,3,20,-0.28678134083747864
1994,3,21,0.5236556529998779
1994,3,22,1.656511902809143
1994,3,23,2.0279316902160645
1994,3,24,2.015197992324829
1994,3,25,1.832825779914856
1994,3,26,1.0708646774291992
1994,3,27,1.28929603099823
1994,3,28,2.2819955348968506
1994,3,29,2.8682925701141357
1994,3,30,2.5792369842529297
1994,3,31,2.493791103363037
1994,4,1,2.4720652103424072
1994,4,2,2.3574960231781006
1994,4,3,2.874326705932617
1994,4,4,2.493943214416504
1994,4,5,1.2108070850372314
1994,4,6,0.5203054547309875
1994,4,7,0.29978424310684204
1994,4,8,0.05580686032772064
1994,4,9,-0.330695241689682
1994,4,10,-0.2245797961950302
1994,4,11,0.2534165680408478
1994,4,12,0.6652346253395081
1994,4,13,0.6396051049232483
1994,4,14,0.3760412335395813
1994,4,15,0.13742263615131378
1994,4,16,-0.12674832344055176
1994,4,17,-0.6460788249969482
1994,4,18,-1.150161623954773
1994,4,19,-1.4442737102508545
1994,4,20,-1.6610625982284546
1994,4,21,-1.8168408870697021
1994,4,22,-1.581636905670166
1994,4,23,-1.3447569608688354
1994,4,24,-1.304423213005066
1994,4,25,-1.2483844757080078
1994,4,26,-0.5963817834854126
1994,4,27,0.4375837743282318
1994,4,28,1.4855250120162964
1994,4,29,1.920046091079712
1994,4,30,1.7760697603225708
1994,5,1,1.4443861246109009
1994,5,2,1.03151535987854
1994,5,3,0.8312408924102783
1994,5,4,0.9526759386062622
1994,5,5,1.2741256952285767
1994,5,6,1.366121768951416
1994,5,7,1.0297057628631592
1994,5,8,0.2697950601577759
1994,5,9,-0.38644662499427795
1994,5,10,-1.210982322692871
1994,5,11,-1.9109288454055786
1994,5,12,-2.1083648204803467
1994,5,13,-2.2663259506225586
1994,5,14,-2.6878702640533447
1994,5,15,-2.3834228515625
1994,5,16,-1.7093701362609863
1994,5,17,-1.3246557712554932
1994,5,18,-1.0264853239059448
1994,5,19,-0.7141655087471008
1994,5,20,-0.487735778093338
1994,5,21,-0.3872113823890686
1994,5,22,-0.21425826847553253
1994,5,23,-0.3498353660106659
1994,5,24,-0.3952474892139435
1994,5,25,-0.2027936428785324
1994,5,26,-0.12249105423688889
1994,5,27,-0.08122241497039795
1994,5,28,0.7509826421737671
1994,5,29,2.1509602069854736
1994,5,30,2.7980477809906006
1994,5,31,2.6155927181243896
1994,6,1,2.3126578330993652
1994,6,2,2.1697473526000977
1994,6,3,2.268559455871582
1994,6,4,2.1129190921783447
1994,6,5,1.8102577924728394
1994,6,6,1.4590847492218018
1994,6,7,1.2562135457992554
1994,6,8,1.334673285484314
1994,6,9,1.2286202907562256
1994,6,10,1.0276577472686768
1994,6,11,0.9543089866638184
1994,6,12,1.330641508102417
1994,6,13,1.84764564037323
1994,6,14,2.2761149406433105
1994,6,15,2.4157509803771973
1994,6,16,2.406435966491699
1994,6,17,2.2941904067993164
1994,6,18,1.9537179470062256
1994,6,19,1.5582383871078491
1994,6,20,1.2671369314193726
1994,6,21,1.3437682390213013
1994,6,22,1.637985110282898
1994,6,23,1.0490918159484863
1994,6,24,0.5289325714111328
1994,6,25,0.8152146339416504
1994,6,26,1.0715954303741455
1994,6,27,1.270335078239441
1994,6,28,1.279495358467102
1994,6,29,1.128982663154602
1994,6,30,1.061049461364746
1994,7,1,0.6076005697250366
1994,7,2,0.3515962064266205
1994,7,3,-0.018287671729922295
1994,7,4,-0.2161737084388733
1994,7,5,-0.02638537622988224
1994,7,6,-0.0037898984737694263
1994,7,7,-0.09385491162538528
1994,7,8,-0.04046453535556793
1994,7,9,0.0006280899397097528
1994,7,10,0.20389150083065033
1994,7,11,0.34929731488227844
1994,7,12,0.41120126843452454
1994,7,13,0.5214744210243225
1994,7,14,0.40212780237197876
1994,7,15,0.3389362692832947
1994,7,16,0.2323811799287796
1994,7,17,0.43601682782173157
1994,7,18,0.8551104664802551
1994,7,19,0.8172614574432373
1994,7,20,0.5987303853034973
1994,7,21,0.44903799891471863
1994,7,22,0.41863077878952026
1994,7,23,0.16544881463050842
1994,7,24,-0.07466577738523483
1994,7,25,0.10261504352092743
1994,7,26,0.5917212963104248
1994,7,27,0.9022086262702942
1994,7,28,0.7540835738182068
1994,7,29,0.6537127494812012
1994,7,30,0.476679265499115
1994,7,31,0.3164879083633423
1994,8,1,0.24724414944648743
1994,8,2,0.40594980120658875
1994,8,3,0.5190149545669556
1994,8,4,0.4837252199649811
1994,8,5,0.5449897646903992
1994,8,6,0.6951382756233215
1994,8,7,0.7295705080032349
1994,8,8,0.3786390423774719
1994,8,9,-0.11962304264307022
1994,8,10,-0.37900373339653015
1994,8,11,0.052604854106903076
1994,8,12,0.7672318816184998
1994,8,13,1.3095264434814453
1994,8,14,1.4985368251800537
1994,8,15,1.6090824604034424
1994,8,16,1.5893985033035278
1994,8,17,1.7871042490005493
1994,8,18,2.0063681602478027
1994,8,19,1.74186372756958
1994,8,20,1.1854244470596313
1994,8,21,0.6254957318305969
1994,8,22,-0.04907572269439697
1994,8,23,-0.09206646680831909
1994,8,24,0.10710283368825912
1994,8,25,0.31080740690231323
1994,8,26,0.6849854588508606
1994,8,27,1.31721830368042
1994,8,28,1.5035126209259033
1994,8,29,1.3250304460525513
1994,8,30,1.1037209033966064
1994,8,31,0.8482867479324341
1994,9,1,0.9196445941925049
1994,9,2,0.9378212094306946
1994,9,3,0.8697727918624878
1994,9,4,1.258329153060913
1994,9,5,1.3419458866119385
1994,9,6,0.6624332070350647
1994,9,7,-0.4116535484790802
1994,9,8,-1.3239258527755737
1994,9,9,-1.4059048891067505
1994,9,10,-1.03276789188385
1994,9,11,-0.627980649471283
1994,9,12,-0.18365614116191864
1994,9,13,0.024975458160042763
1994,9,14,-0.597419023513794
1994,9,15,-1.021308183670044
1994,9,16,-0.9123755693435669
1994,9,17,-0.6877685785293579
1994,9,18,-0.6819313168525696
1994,9,19,-0.6630855798721313
1994,9,20,-0.7355066537857056
1994,9,21,-0.19625934958457947
1994,9,22,0.4541889727115631
1994,9,23,0.1215810626745224
1994,9,24,0.029616933315992355
1994,9,25,0.5225220918655396
1994,9,26,0.9546443223953247
1994,9,27,0.8489490747451782
1994,9,28,0.4019596576690674
1994,9,29,-0.3083678185939789
1994,9,30,-0.9934086203575134
1994,10,1,-1.6792840957641602
1994,10,2,-2.0547657012939453
1994,10,3,-1.6779450178146362
1994,10,4,0.0752226710319519
1994,10,5,2.011178731918335
1994,10,6,3.5603575706481934
1994,10,7,3.4253242015838623
1994,10,8,2.335620641708374
1994,10,9,1.3294014930725098
1994,10,10,0.309835284948349
1994,10,11,0.1038474515080452
1994,10,12,0.2773228883743286
1994,10,13,0.2554033100605011
1994,10,14,-0.2232518047094345
1994,10,15,-1.266602873802185
1994,10,16,-1.4709371328353882
1994,10,17,-0.79548180103302
1994,10,18,-0.20206567645072937
1994,10,19,0.059416480362415314
1994,10,20,0.40604496002197266
1994,10,21,0.41749370098114014
1994,10,22,0.4588301479816437
1994,10,23,0.2840210795402527
1994,10,24,-0.4900204539299011
1994,10,25,-0.8188531398773193
1994,10,26,-0.5465230941772461
1994,10,27,-0.1523214727640152
1994,10,28,0.22316716611385345
1994,10,29,0.27728238701820374
1994,10,30,0.2854490280151367
1994,10,31,0.48275890946388245
1994,11,1,0.4824112355709076
1994,11,2,-0.4033305048942566
1994,11,3,-0.9564081430435181
1994,11,4,-0.3819831311702728
1994,11,5,0.2485431730747223
1994,11,6,0.501150906085968
1994,11,7,0.048708297312259674
1994,11,8,-1.2318499088287354
1994,11,9,-2.1172800064086914
1994,11,10,-1.7847925424575806
1994,11,11,-0.5277584791183472
1994,11,12,0.7436866760253906
1994,11,13,2.204294443130493
1994,11,14,3.53277325630188
1994,11,15,4.362644672393799
1994,11,16,3.7539498805999756
1994,11,17,2.716822624206543
1994,11,18,2.779081106185913
1994,11,19,3.5042150020599365
1994,11,20,4.176891803741455
1994,11,21,4.444448471069336
1994,11,22,4.001232624053955
1994,11,23,3.6695594787597656
1994,11,24,3.073340892791748
1994,11,25,2.5234525203704834
1994,11,26,3.3093948364257812
1994,11,27,3.6068053245544434
1994,11,28,2.69010853767395
1994,11,29,1.4341773986816406
1994,11,30,1.0772924423217773
1994,12,1,1.110185980796814
1994,12,2,1.3769339323043823
1994,12,3,2.0778677463531494
1994,12,4,3.150043487548828
1994,12,5,3.1982288360595703
1994,12,6,2.631134271621704
1994,12,7,1.747470498085022
1994,12,8,0.9872917532920837
1994,12,9,0.15217669308185577
1994,12,10,-0.288163959980011
1994,12,11,-0.020069945603609085
1994,12,12,-0.08503378182649612
1994,12,13,0.3418750762939453
1994,12,14,0.46031486988067627
1994,12,15,0.04841718077659607
1994,12,16,-0.5390041470527649
1994,12,17,-0.7951961755752563
1994,12,18,-0.6818616986274719
1994,12,19,-0.32655802369117737
1994,12,20,0.25763845443725586
1994,12,21,0.9882344007492065
1994,12,22,1.4234687089920044
1994,12,23,1.4710360765457153
1994,12,24,1.2192906141281128
1994,12,25,0.9470254182815552
1994,12,26,1.0595102310180664
1994,12,27,1.1728547811508179
1994,12,28,1.5192550420761108
1994,12,29,1.4244756698608398
1994,12,30,0.7055081129074097
1994,12,31,-0.014152465388178825
1995,1,1,-0.6108452677726746
1995,1,2,-1.0078375339508057
1995,1,3,-0.2908627986907959
1995,1,4,0.7968500256538391
1995,1,5,1.156813621520996
1995,1,6,0.5911800265312195
1995,1,7,0.5162471532821655
1995,1,8,0.5634914636611938
1995,1,9,0.535149872303009
1995,1,10,-0.21587179601192474
1995,1,11,-1.0161012411117554
1995,1,12,-0.7354192733764648
1995,1,13,0.29519370198249817
1995,1,14,0.9176909327507019
1995,1,15,0.6042574048042297
1995,1,16,0.7791557908058167
1995,1,17,0.42114266753196716
1995,1,18,0.11593902856111526
1995,1,19,-0.6260454654693604
1995,1,20,-1.0393251180648804
1995,1,21,-1.0522407293319702
1995,1,22,-0.9779683351516724
1995,1,23,-0.5641483664512634
1995,1,24,-0.4948303699493408
1995,1,25,-0.8651299476623535
1995,1,26,-1.4433605670928955
1995,1,27,-1.2715816497802734
1995,1,28,-0.8527072668075562
1995,1,29,-0.5574426054954529
1995,1,30,0.2838275730609894
1995,1,31,1.4443289041519165
1995,2,1,2.0057737827301025
1995,2,2,2.369074583053589
1995,2,3,2.575270175933838
1995,2,4,2.327558755874634
1995,2,5,1.2014031410217285
1995,2,6,0.9148660898208618
1995,2,7,0.5686869621276855
1995,2,8,0.8864773511886597
1995,2,9,0.6965678930282593
1995,2,10,0.8678280115127563
1995,2,11,1.5875838994979858
1995,2,12,1.7353737354278564
1995,2,13,1.6396235227584839
1995,2,14,1.320094347000122
1995,2,15,1.3095901012420654
1995,2,16,1.415830373764038
1995,2,17,1.48460853099823
1995,2,18,1.8006408214569092
1995,2,19,1.9922869205474854
1995,2,20,1.5295733213424683
1995,2,21,1.2549022436141968
1995,2,22,0.9269471168518066
1995,2,23,0.6197774410247803
1995,2,24,0.6019783020019531
1995,2,25,0.26777973771095276
1995,2,26,0.522911548614502
1995,2,27,1.7980077266693115
1995,2,28,2.3613297939300537
1995,3,1,1.7693742513656616
1995,3,2,0.7455615997314453
1995,3,3,0.04973262920975685
1995,3,4,-0.1395425647497177
1995,3,5,-0.6060874462127686
1995,3,6,-1.07630455493927
1995,3,7,-2.2490592002868652
1995,3,8,-2.799253463745117
1995,3,9,-3.1161367893218994
1995,3,10,-3.170252561569214
1995,3,11,-2.389279365539551
1995,3,12,-0.6863938570022583
1995,3,13,0.36155208945274353
1995,3,14,0.8184142112731934
1995,3,15,0.2768397927284241
1995,3,16,-0.4693058431148529
1995,3,17,0.16153430938720703
1995,3,18,1.1497812271118164
1995,3,19,1.7638890743255615
1995,3,20,1.829683780670166
1995,3,21,2.2321197986602783
1995,3,22,2.3495466709136963
1995,3,23,2.2424046993255615
1995,3,24,1.8702867031097412
1995,3,25,1.1895769834518433
1995,3,26,1.1226342916488647
1995,3,27,1.2620059251785278
1995,3,28,1.2108075618743896
1995,3,29,1.3827883005142212
1995,3,30,2.224724769592285
1995,3,31,2.441781997680664
1995,4,1,1.683485746383667
1995,4,2,0.5530210733413696
1995,4,3,-0.07766472548246384
1995,4,4,-0.33063825964927673
1995,4,5,-0.8194674253463745
1995,4,6,-1.1756178140640259
1995,4,7,-1.2906535863876343
1995,4,8,-0.9346405267715454
1995,4,9,-0.26120758056640625
1995,4,10,0.3330908715724945
1995,4,11,0.5390263795852661
1995,4,12,0.11849424988031387
1995,4,13,-0.5828014016151428
1995,4,14,-0.7140679955482483
1995,4,15,-1.025388240814209
1995,4,16,-1.0004080533981323
1995,4,17,-0.9055787920951843
1995,4,18,-1.0589172840118408
1995,4,19,-0.814058244228363
1995,4,20,-0.9115359783172607
1995,4,21,-1.3694888353347778
1995,4,22,-2.0375585556030273
1995,4,23,-2.3882429599761963
1995,4,24,-2.910017490386963
1995,4,25,-3.081115484237671
1995,4,26,-2.5853092670440674
1995,4,27,-2.059333324432373
1995,4,28,-1.4742048978805542
1995,4,29,-0.8870886564254761
1995,4,30,-0.4012741446495056
1995,5,1,-0.15470722317695618
1995,5,2,0.1791365146636963
1995,5,3,0.59553062915802
1995,5,4,0.7616849541664124
1995,5,5,0.3085750341415405
1995,5,6,-0.7506173253059387
1995,5,7,-1.7967466115951538
1995,5,8,-2.110325813293457
1995,5,9,-1.8745744228363037
1995,5,10,-1.56040358543396
1995,5,11,-1.2196530103683472
1995,5,12,-1.4189894199371338
1995,5,13,-1.8375024795532227
1995,5,14,-1.4241468906402588
1995,5,15,-0.8997799754142761
1995,5,16,-0.4899951219558716
1995,5,17,-0.3566879630088806
1995,5,18,-0.6880398988723755
1995,5,19,-1.4651825428009033
1995,5,20,-2.1183595657348633
1995,5,21,-1.6750571727752686
1995,5,22,-1.0391595363616943
1995,5,23,-0.8519710898399353
1995,5,24,-0.9785953760147095
1995,5,25,-0.9233845472335815
1995,5,26,-0.8884869813919067
1995,5,27,-0.7964755296707153
1995,5,28,-0.2865558862686157
1995,5,29,-0.11869596689939499
1995,5,30,-0.3376777768135071
1995,5,31,-0.4306681752204895
1995,6,1,-0.32743731141090393
1995,6,2,-0.2333666980266571
1995,6,3,-0.20314744114875793
1995,6,4,-0.5539767742156982
1995,6,5,-0.9808644652366638
1995,6,6,-1.2260658740997314
1995,6,7,-1.198317527770996
1995,6,8,-0.6759132742881775
1995,6,9,0.2641232907772064
1995,6,10,0.6388313174247742
1995,6,11,0.5452762246131897
1995,6,12,-0.23016971349716187
1995,6,13,-0.675918459892273
1995,6,14,-0.3577210605144501
1995,6,15,0.2544320523738861
1995,6,16,0.9687610268592834
1995,6,17,1.1835757493972778
1995,6,18,0.9816842079162598
1995,6,19,0.7327741384506226
1995,6,20,0.5853441953659058
1995,6,21,0.7993545532226562
1995,6,22,0.6166481971740723
1995,6,23,0.06966936588287354
1995,6,24,-0.1827545166015625
1995,6,25,-0.22567930817604065
1995,6,26,-0.4410618543624878
1995,6,27,-0.6908424496650696
1995,6,28,-0.9202244281768799
1995,6,29,-0.9838168621063232
1995,6,30,-0.7715802788734436
1995,7,1,-0.3685629367828369
1995,7,2,-0.05749236419796944
1995,7,3,-0.11758041381835938
1995,7,4,-0.08247363567352295
1995,7,5,0.13872744143009186
1995,7,6,0.10351315140724182
1995,7,7,-0.05498340353369713
1995,7,8,-0.33362019062042236
1995,7,9,-0.8271056413650513
1995,7,10,-1.043053388595581
1995,7,11,-1.112910509109497
1995,7,12,-1.0162878036499023
1995,7,13,-1.0707695484161377
1995,7,14,-1.4361591339111328
1995,7,15,-1.550436019897461
1995,7,16,-1.2720277309417725
1995,7,17,-0.715543270111084
1995,7,18,-0.1967412382364273
1995,7,19,0.11132001876831055
1995,7,20,0.21834520995616913
1995,7,21,0.37169745564460754
1995,7,22,0.6900264620780945
1995,7,23,0.4868355095386505
1995,7,24,0.4426930248737335
1995,7,25,0.6645438075065613
1995,7,26,0.6063930988311768
1995,7,27,0.41470611095428467
1995,7,28,0.17602002620697021
1995,7,29,0.11589328199625015
1995,7,30,0.2342805713415146
1995,7,31,-0.012448081746697426
1995,8,1,-0.31617480516433716
1995,8,2,-0.2352588176727295
1995,8,3,0.055585455149412155
1995,8,4,0.053315430879592896
1995,8,5,0.03285611793398857
1995,8,6,0.17715652287006378
1995,8,7,0.4962281882762909
1995,8,8,0.9713378548622131
1995,8,9,1.1807423830032349
1995,8,10,0.7683921456336975
1995,8,11,0.36371076107025146
1995,8,12,0.8254042863845825
1995,8,13,1.3307113647460938
1995,8,14,1.3766957521438599
1995,8,15,1.330513596534729
1995,8,16,1.1639361381530762
1995,8,17,0.8306316137313843
1995,8,18,0.5388360023498535
1995,8,19,0.6063349843025208
1995,8,20,1.0136895179748535
1995,8,21,1.3183375597000122
1995,8,22,1.4970157146453857
1995,8,23,1.5500530004501343
1995,8,24,1.4766684770584106
1995,8,25,0.7171137928962708
1995,8,26,-0.009992909617722034
1995,8,27,-0.4314478933811188
1995,8,28,-0.5184773802757263
1995,8,29,-0.43406376242637634
1995,8,30,-0.5974792242050171
1995,8,31,-0.8835841417312622
1995,9,1,-1.2169276475906372
1995,9,2,-1.6325404644012451
1995,9,3,-1.7504054307937622
1995,9,4,-1.7552635669708252
1995,9,5,-1.8666975498199463
1995,9,6,-2.1896603107452393
1995,9,7,-2.481217622756958
1995,9,8,-2.5010826587677
1995,9,9,-1.9778705835342407
1995,9,10,-1.4389779567718506
1995,9,11,-0.8972182273864746
1995,9,12,-0.0538223497569561
1995,9,13,-0.028778377920389175
1995,9,14,-0.09389512240886688
1995,9,15,0.1913902908563614
1995,9,16,0.085118368268013
1995,9,17,-0.4797060787677765
1995,9,18,-0.843768835067749
1995,9,19,-0.78714919090271
1995,9,20,-0.3950823247432709
1995,9,21,0.08675981312990189
1995,9,22,0.38904494047164917
1995,9,23,0.4736327826976776
1995,9,24,0.8313486576080322
1995,9,25,1.5349690914154053
1995,9,26,1.5909959077835083
1995,9,27,0.8360728621482849
1995,9,28,0.1874348670244217
1995,9,29,0.10532456636428833
1995,9,30,0.18987861275672913
1995,10,1,0.06342899054288864
1995,10,2,0.060048241168260574
1995,10,3,-0.28562629222869873
1995,10,4,-0.9088324308395386
1995,10,5,-1.265103816986084
1995,10,6,-1.178800344467163
1995,10,7,-0.7277426719665527
1995,10,8,0.10981326550245285
1995,10,9,0.7615848183631897
1995,10,10,0.7906275987625122
1995,10,11,0.37754639983177185
1995,10,12,-0.09246356040239334
1995,10,13,-0.6309859156608582
1995,10,14,-1.072238564491272
1995,10,15,-1.3442901372909546
1995,10,16,-0.6202437281608582
1995,10,17,1.6231162548065186
1995,10,18,2.878567934036255
1995,10,19,2.1935110092163086
1995,10,20,1.5512447357177734
1995,10,21,1.205220341682434
1995,10,22,0.4796854257583618
1995,10,23,-0.17276965081691742
1995,10,24,-0.19272126257419586
1995,10,25,0.48977288603782654
1995,10,26,1.0383983850479126
1995,10,27,0.6862557530403137
1995,10,28,-0.13199160993099213
1995,10,29,-1.1884863376617432
1995,10,30,-1.3399335145950317
1995,10,31,-0.9161350727081299
1995,11,1,-0.7829355597496033
1995,11,2,-1.4048092365264893
1995,11,3,-1.5052932500839233
1995,11,4,-0.8751756548881531
1995,11,5,-0.373844712972641
1995,11,6,-0.050195321440696716
1995,11,7,0.36608317494392395
1995,11,8,0.2150779366493225
1995,11,9,-0.6350501179695129
1995,11,10,-1.1762739419937134
1995,11,11,-0.7422718405723572
1995,11,12,-0.5567029714584351
1995,11,13,-0.7264336943626404
1995,11,14,-1.2467089891433716
1995,11,15,-1.952702283859253
1995,11,16,-1.8601821660995483
1995,11,17,-1.7974562644958496
1995,11,18,-0.6749523878097534
1995,11,19,-0.20849499106407166
1995,11,20,-0.8615353107452393
1995,11,21,-0.8461806774139404
1995,11,22,-0.32426995038986206
1995,11,23,-0.7069709897041321
1995,11,24,-0.7103962898254395
1995,11,25,-0.15647956728935242
1995,11,26,-0.6414240002632141
1995,11,27,-1.2009676694869995
1995,11,28,-0.25665873289108276
1995,11,29,0.419697105884552
1995,11,30,0.34430474042892456
1995,12,1,0.1948440968990326
1995,12,2,0.24813932180404663
1995,12,3,0.12557478249073029
1995,12,4,0.050138719379901886
1995,12,5,-0.23652362823486328
1995,12,6,-0.9565823674201965
1995,12,7,-1.5610438585281372
1995,12,8,-2.063857316970825
1995,12,9,-1.7266894578933716
1995,12,10,-1.4367352724075317
1995,12,11,-2.566581964492798
1995,12,12,-2.6539180278778076
1995,12,13,-1.958700180053711
1995,12,14,-2.036384105682373
1995,12,15,-2.681448221206665
1995,12,16,-2.9981801509857178
1995,12,17,-3.500499963760376
1995,12,18,-4.02278995513916
1995,12,19,-4.353412628173828
1995,12,20,-4.264867782592773
1995,12,21,-4.0358734130859375
1995,12,22,-3.520052909851074
1995,12,23,-2.895651340484619
1995,12,24,-2.7464823722839355
1995,12,25,-2.439944267272949
1995,12,26,-2.418016195297241
1995,12,27,-2.227510452270508
1995,12,28,-1.6095094680786133
1995,12,29,-1.32119882106781
1995,12,30,-1.042195200920105
1995,12,31,-0.9424597024917603
1996,1,1,-1.5974737405776978
1996,1,2,-1.7893099784851074
1996,1,3,-1.9819045066833496
1996,1,4,-2.1634128093719482
1996,1,5,-2.2864151000976562
1996,1,6,-2.090611457824707
1996,1,7,-1.094133973121643
1996,1,8,-0.10444438457489014
1996,1,9,0.1051124855875969
1996,1,10,0.7092769742012024
1996,1,11,0.5839158892631531
1996,1,12,-0.35074952244758606
1996,1,13,-1.0492240190505981
1996,1,14,-1.397407054901123
1996,1,15,-0.11335297673940659
1996,1,16,0.9245254993438721
1996,1,17,1.10236394405365
1996,1,18,0.7273077964782715
1996,1,19,-0.06469449400901794
1996,1,20,-1.0976935625076294
1996,1,21,-0.4970788359642029
1996,1,22,-0.3190532922744751
1996,1,23,-1.1727244853973389
1996,1,24,-2.464646339416504
1996,1,25,-3.6069958209991455
1996,1,26,-3.1327123641967773
1996,1,27,-2.2337522506713867
1996,1,28,-2.422825336456299
1996,1,29,-2.3655154705047607
1996,1,30,-2.1315841674804688
1996,1,31,-2.5168190002441406
1996,2,1,-2.50860595703125
1996,2,2,-1.847339153289795
1996,2,3,-1.3593146800994873
1996,2,4,-1.1708515882492065
1996,2,5,-0.923399031162262
1996,2,6,-0.2962222993373871
1996,2,7,0.1366121768951416
1996,2,8,-0.07581638544797897
1996,2,9,-0.4306682050228119
1996,2,10,-0.5744426846504211
1996,2,11,-1.0709112882614136
1996,2,12,-1.5508737564086914
1996,2,13,-1.2614426612854004
1996,2,14,-0.2502624988555908
1996,2,15,1.1216111183166504
1996,2,16,1.721253514289856
1996,2,17,1.4749565124511719
1996,2,18,0.8751632571220398
1996,2,19,0.939886212348938
1996,2,20,1.8946425914764404
1996,2,21,2.841592311859131
1996,2,22,3.5169975757598877
1996,2,23,2.670259714126587
1996,2,24,1.2517772912979126
1996,2,25,0.42082929611206055
1996,2,26,0.24013225734233856
1996,2,27,-0.2682376205921173
1996,2,28,-0.5826476812362671
1996,2,29,-0.37293726205825806
1996,3,1,-0.3348183035850525
1996,3,2,-0.8774389028549194
1996,3,3,-1.3284523487091064
1996,3,4,-0.8662611842155457
1996,3,5,-0.3356631398200989
1996,3,6,0.17498770356178284
1996,3,7,-0.06637857109308243
1996,3,8,-0.6108072400093079
1996,3,9,-1.1590700149536133
1996,3,10,0.09572246670722961
1996,3,11,0.8995015621185303
1996,3,12,-0.14168909192085266
1996,3,13,-1.5925896167755127
1996,3,14,-2.522052764892578
1996,3,15,-3.011594533920288
1996,3,16,-2.912501573562622
1996,3,17,-2.8046867847442627
1996,3,18,-3.081077814102173
1996,3,19,-2.752228021621704
1996,3,20,-1.9295954704284668
1996,3,21,-1.2740521430969238
1996,3,22,-1.6577054262161255
1996,3,23,-2.5133254528045654
1996,3,24,-2.5580101013183594
1996,3,25,-1.8683080673217773
1996,3,26,-0.7740660905838013
1996,3,27,0.1391638070344925
1996,3,28,-0.5265755653381348
1996,3,29,-1.9440269470214844
1996,3,30,-2.89463472366333
1996,3,31,-3.319511890411377
1996,4,1,-3.3172175884246826
1996,4,2,-3.032545804977417
1996,4,3,-3.3639261722564697
1996,4,4,-4.106167316436768
1996,4,5,-3.7560501098632812
1996,4,6,-2.586803913116455
1996,4,7,-1.9085407257080078
1996,4,8,-1.7699781656265259
1996,4,9,-1.678734302520752
1996,4,10,-1.438754916191101
1996,4,11,-1.2955524921417236
1996,4,12,-1.3097131252288818
1996,4,13,-1.7114425897598267
1996,4,14,-1.7885340452194214
1996,4,15,-1.5255297422409058
1996,4,16,-1.2372452020645142
1996,4,17,-1.4287673234939575
1996,4,18,-1.6193832159042358
1996,4,19,-1.3904801607131958
1996,4,20,-0.8882250785827637
1996,4,21,-0.7684054970741272
1996,4,22,-1.0119662284851074
1996,4,23,-1.0739796161651611
1996,4,24,-0.6121484041213989
1996,4,25,-0.23452018201351166
1996,4,26,0.2579677402973175
1996,4,27,0.14024190604686737
1996,4,28,0.2549181282520294
1996,4,29,0.3283558189868927
1996,4,30,-0.2540509104728699
1996,5,1,-0.47082242369651794
1996,5,2,-0.47568726539611816
1996,5,3,-0.9709445834159851
1996,5,4,-0.8623440861701965
1996,5,5,-0.7713538408279419
1996,5,6,-0.9187513589859009
1996,5,7,-0.43847039341926575
1996,5,8,0.21610231697559357
1996,5,9,0.2510806918144226
1996,5,10,-0.1912718266248703
1996,5,11,-0.6720572113990784
1996,5,12,-1.2772127389907837
1996,5,13,-1.5705015659332275
1996,5,14,-1.765943169593811
1996,5,15,-1.6112456321716309
1996,5,16,-1.2552443742752075
1996,5,17,-0.8074142932891846
1996,5,18,-0.5282071232795715
1996,5,19,-0.31417548656463623
1996,5,20,-0.12990222871303558
1996,5,21,0.05257745087146759
1996,5,22,0.15626870095729828
1996,5,23,0.20035722851753235
1996,5,24,0.24445348978042603
1996,5,25,0.44500836730003357
1996,5,26,0.9525357484817505
1996,5,27,1.2241995334625244
1996,5,28,1.2574031352996826
1996,5,29,1.1426304578781128
1996,5,30,0.9314261674880981
1996,5,31,1.1849350929260254
1996,6,1,1.4116662740707397
1996,6,2,1.3693045377731323
1996,6,3,1.1301313638687134
1996,6,4,0.9152466654777527
1996,6,5,1.0471720695495605
1996,6,6,1.2923905849456787
1996,6,7,1.4900176525115967
1996,6,8,1.6220571994781494
1996,6,9,1.418949842453003
1996,6,10,1.362758755683899
1996,6,11,1.534319281578064
1996,6,12,1.1416164636611938
1996,6,13,0.45897260308265686
1996,6,14,0.025924276560544968
1996,6,15,-0.400228351354599
1996,6,16,-0.6327762007713318
1996,6,17,-0.576741099357605
1996,6,18,-0.750138521194458
1996,6,19,-1.0828208923339844
1996,6,20,-1.492671012878418
1996,6,21,-1.4441505670547485
1996,6,22,-1.1036763191223145
1996,6,23,-0.8084297180175781
1996,6,24,-0.11461310088634491
1996,6,25,0.7598828077316284
1996,6,26,1.1571921110153198
1996,6,27,0.8389579653739929
1996,6,28,0.8624829053878784
1996,6,29,1.2834618091583252
1996,6,30,1.6525324583053589
1996,7,1,1.7826694250106812
1996,7,2,1.289544939994812
1996,7,3,0.6674491763114929
1996,7,4,0.23686055839061737
1996,7,5,0.217157781124115
1996,7,6,0.20503975450992584
1996,7,7,0.30331048369407654
1996,7,8,0.23755663633346558
1996,7,9,0.14649179577827454
1996,7,10,0.26203668117523193
1996,7,11,0.5352512001991272
1996,7,12,0.9644108414649963
1996,7,13,1.0746150016784668
1996,7,14,0.9490842223167419
1996,7,15,0.8131035566329956
1996,7,16,0.7853375673294067
1996,7,17,0.8929014801979065
1996,7,18,0.7308270931243896
1996,7,19,0.8159952163696289
1996,7,20,0.7386434674263
1996,7,21,0.3778190314769745
1996,7,22,0.14966532588005066
1996,7,23,0.18399931490421295
1996,7,24,0.5954605340957642
1996,7,25,0.7756197452545166
1996,7,26,0.8055793046951294
1996,7,27,0.7893123626708984
1996,7,28,0.6500797271728516
1996,7,29,0.9308163523674011
1996,7,30,1.2596886157989502
1996,7,31,1.1944653987884521
1996,8,1,1.1100839376449585
1996,8,2,1.3754884004592896
1996,8,3,1.4613362550735474
1996,8,4,0.9144400954246521
1996,8,5,0.43282803893089294
1996,8,6,0.27301836013793945
1996,8,7,-0.01652611792087555
1996,8,8,-0.039667051285505295
1996,8,9,0.28395646810531616
1996,8,10,0.3286898136138916
1996,8,11,-0.07008571922779083
1996,8,12,-0.3954502046108246
1996,8,13,-0.4154982566833496
1996,8,14,-0.04103423282504082
1996,8,15,0.4111032783985138
1996,8,16,0.5489185452461243
1996,8,17,0.34446951746940613
1996,8,18,0.22363635897636414
1996,8,19,0.15334902703762054
1996,8,20,0.17076776921749115
1996,8,21,-0.3311447501182556
1996,8,22,-0.8819350600242615
1996,8,23,-0.6769658327102661
1996,8,24,-0.26053735613822937
1996,8,25,-0.1659151315689087
1996,8,26,-0.1646532565355301
1996,8,27,-0.09454058855772018
1996,8,28,0.009657268412411213
1996,8,29,-0.15230439603328705
1996,8,30,-0.34935927391052246
1996,8,31,-0.2608482539653778
1996,9,1,-0.5510877370834351
1996,9,2,-1.16032075881958
1996,9,3,-1.5688830614089966
1996,9,4,-2.0741634368896484
1996,9,5,-2.122694492340088
1996,9,6,-2.244114398956299
1996,9,7,-2.3365519046783447
1996,9,8,-2.1599042415618896
1996,9,9,-1.894500732421875
1996,9,10,-1.6422786712646484
1996,9,11,-1.6654002666473389
1996,9,12,-1.4127554893493652
1996,9,13,-1.2620112895965576
1996,9,14,-1.206085205078125
1996,9,15,-1.7066243886947632
1996,9,16,-2.256559133529663
1996,9,17,-2.347325563430786
1996,9,18,-1.7570310831069946
1996,9,19,-1.1963825225830078
1996,9,20,-0.9629426598548889
1996,9,21,-0.8738324642181396
1996,9,22,-1.266779899597168
1996,9,23,-1.4348647594451904
1996,9,24,-1.21605384349823
1996,9,25,-0.6410474181175232
1996,9,26,0.6415603160858154
1996,9,27,1.1327874660491943
1996,9,28,1.0884817838668823
1996,9,29,1.3616098165512085
1996,9,30,1.7480381727218628
1996,10,1,1.5073492527008057
1996,10,2,1.1749001741409302
1996,10,3,0.9083820581436157
1996,10,4,0.794379472732544
1996,10,5,1.3010292053222656
1996,10,6,1.9437670707702637
1996,10,7,2.256354331970215
1996,10,8,2.077880859375
1996,10,9,1.286677598953247
1996,10,10,1.0324715375900269
1996,10,11,1.1684110164642334
1996,10,12,0.9795525670051575
1996,10,13,0.5717019438743591
1996,10,14,0.7498731017112732
1996,10,15,0.3340175449848175
1996,10,16,-0.7856342196464539
1996,10,17,-1.2707350254058838
1996,10,18,-1.202239751815796
1996,10,19,-1.3028781414031982
1996,10,20,-1.492356777191162
1996,10,21,-1.71039879322052
1996,10,22,-1.5647698640823364
1996,10,23,-0.8626149892807007
1996,10,24,-0.3059387803077698
1996,10,25,-0.6667775511741638
1996,10,26,-0.6582990884780884
1996,10,27,0.2068595290184021
1996,10,28,0.78394615650177
1996,10,29,-0.0908932313323021
1996,10,30,-0.859279990196228
1996,10,31,-0.8506683111190796
1996,11,1,-0.12523037195205688
1996,11,2,0.7700645327568054
1996,11,3,1.055700421333313
1996,11,4,1.0830438137054443
1996,11,5,1.9882255792617798
1996,11,6,2.684248924255371
1996,11,7,2.3248989582061768
1996,11,8,1.6977014541625977
1996,11,9,1.3947614431381226
1996,11,10,0.1437930166721344
1996,11,11,-2.2131175994873047
1996,11,12,-1.7030905485153198
1996,11,13,0.16320614516735077
1996,11,14,1.522832989692688
1996,11,15,1.5477656126022339
1996,11,16,1.4464112520217896
1996,11,17,1.424461007118225
1996,11,18,0.9613962769508362
1996,11,19,-0.36690211296081543
1996,11,20,-1.515123963356018
1996,11,21,-2.3402838706970215
1996,11,22,-2.498063087463379
1996,11,23,-2.114267349243164
1996,11,24,-1.3779278993606567
1996,11,25,-1.0285899639129639
1996,11,26,-0.37229838967323303
1996,11,27,0.12298093736171722
1996,11,28,0.21668142080307007
1996,11,29,-0.31550464034080505
1996,11,30,-0.6352925896644592
1996,12,1,-0.48625466227531433
1996,12,2,-1.006454586982727
1996,12,3,-1.6557151079177856
1996,12,4,-0.9141218066215515
1996,12,5,0.18760846555233002
1996,12,6,-0.15768678486347198
1996,12,7,-0.8595847487449646
1996,12,8,-1.1893740892410278
1996,12,9,-1.9902147054672241
1996,12,10,-3.254976987838745
1996,12,11,-3.3561065196990967
1996,12,12,-2.376608371734619
1996,12,13,-1.490641474723816
1996,12,14,-1.7232723236083984
1996,12,15,-1.9080713987350464
1996,12,16,-1.7892504930496216
1996,12,17,-2.0654680728912354
1996,12,18,-1.7500678300857544
1996,12,19,-1.4259514808654785
1996,12,20,-1.7869378328323364
1996,12,21,-1.871598482131958
1996,12,22,-1.2020556926727295
1996,12,23,-1.063957929611206
1996,12,24,-0.932763934135437
1996,12,25,-1.486477255821228
1996,12,26,-1.215437412261963
1996,12,27,-1.235069751739502
1996,12,28,-1.9702118635177612
1996,12,29,-2.949209451675415
1996,12,30,-3.37685489654541
1996,12,31,-3.1476986408233643
1997,1,1,-2.5555408000946045
1997,1,2,-2.0343074798583984
1997,1,3,-1.5226218700408936
1997,1,4,-1.3805387020111084
1997,1,5,-1.2514244318008423
1997,1,6,-1.2278261184692383
1997,1,7,-1.7236438989639282
1997,1,8,-2.6533010005950928
1997,1,9,-3.0634310245513916
1997,1,10,-2.9465081691741943
1997,1,11,-2.3045434951782227
1997,1,12,-0.9642190337181091
1997,1,13,0.3495784103870392
1997,1,14,0.47172650694847107
1997,1,15,-0.18786749243736267
1997,1,16,-0.38122570514678955
1997,1,17,0.06563378870487213
1997,1,18,0.9025570154190063
1997,1,19,1.0806723833084106
1997,1,20,1.5254656076431274
1997,1,21,2.227994441986084
1997,1,22,1.6386361122131348
1997,1,23,1.4975396394729614
1997,1,24,1.5030086040496826
1997,1,25,0.7387859225273132
1997,1,26,-0.035548772662878036
1997,1,27,0.1038256287574768
1997,1,28,-0.00762071693316102
1997,1,29,-0.8802237510681152
1997,1,30,-0.6355789303779602
1997,1,31,-0.008887501433491707
1997,2,1,0.17126546800136566
1997,2,2,0.6067602038383484
1997,2,3,1.2334136962890625
1997,2,4,1.6011121273040771
1997,2,5,1.671872615814209
1997,2,6,1.2247334718704224
1997,2,7,1.8931704759597778
1997,2,8,2.3342642784118652
1997,2,9,1.9585740566253662
1997,2,10,2.237243175506592
1997,2,11,2.464616537094116
1997,2,12,1.6860255002975464
1997,2,13,0.6981643438339233
1997,2,14,0.0296168252825737
1997,2,15,-0.04821430519223213
1997,2,16,0.7910293936729431
1997,2,17,2.2356815338134766
1997,2,18,2.7804834842681885
1997,2,19,2.720172166824341
1997,2,20,2.746309995651245
1997,2,21,2.050931692123413
1997,2,22,1.5618088245391846
1997,2,23,1.6078274250030518
1997,2,24,2.490647792816162
1997,2,25,3.2943382263183594
1997,2,26,3.1500816345214844
1997,2,27,2.7803640365600586
1997,2,28,3.026223659515381
1997,3,1,3.234818458557129
1997,3,2,3.2132561206817627
1997,3,3,2.942392110824585
1997,3,4,2.7576754093170166
1997,3,5,2.3464598655700684
1997,3,6,2.212697982788086
1997,3,7,2.567854881286621
1997,3,8,3.5817313194274902
1997,3,9,3.71171498298645
1997,3,10,2.9205079078674316
1997,3,11,1.3535494804382324
1997,3,12,0.5198690295219421
1997,3,13,0.5962714552879333
1997,3,14,0.4432319700717926
1997,3,15,0.024797756224870682
1997,3,16,-0.625342071056366
1997,3,17,-1.2844483852386475
1997,3,18,-1.4387054443359375
1997,3,19,-2.3017289638519287
1997,3,20,-2.5790491104125977
1997,3,21,-2.19439697265625
1997,3,22,-1.6074706315994263
1997,3,23,-0.6926372647285461
1997,3,24,0.07179993391036987
1997,3,25,1.297265648841858
1997,3,26,2.0483522415161133
1997,3,27,1.8696963787078857
1997,3,28,1.5202922821044922
1997,3,29,1.6918025016784668
1997,3,30,2.104186534881592
1997,3,31,2.3017847537994385
1997,4,1,1.927885890007019
1997,4,2,1.5091328620910645
1997,4,3,0.8939043283462524
1997,4,4,0.4512665569782257
1997,4,5,-0.0044950153678655624
1997,4,6,-0.5514354109764099
1997,4,7,-0.49466371536254883
1997,4,8,-0.30245018005371094
1997,4,9,0.03565417230129242
1997,4,10,0.09993710368871689
1997,4,11,0.2647339403629303
1997,4,12,0.46145349740982056
1997,4,13,0.67571622133255
1997,4,14,0.5638206601142883
1997,4,15,-0.20323112607002258
1997,4,16,-0.6808684468269348
1997,4,17,-0.99186772108078
1997,4,18,-1.194535255432129
1997,4,19,-1.3766144514083862
1997,4,20,-0.9520152807235718
1997,4,21,-0.32022884488105774
1997,4,22,0.12222743034362793
1997,4,23,0.3539893925189972
1997,4,24,0.5370163917541504
1997,4,25,1.0371534824371338
1997,4,26,1.319559931755066
1997,4,27,1.8570436239242554
1997,4,28,2.1226418018341064
1997,4,29,1.4966390132904053
1997,4,30,0.7032749652862549
1997,5,1,0.5567061305046082
1997,5,2,0.10273192077875137
1997,5,3,-0.1142079085111618
1997,5,4,-0.14709290862083435
1997,5,5,-0.037246931344270706
1997,5,6,0.4922449588775635
1997,5,7,0.36255863308906555
1997,5,8,-0.8974089026451111
1997,5,9,-1.8102874755859375
1997,5,10,-1.7245616912841797
1997,5,11,-1.4168726205825806
1997,5,12,-0.9424794316291809
1997,5,13,-0.7520577311515808
1997,5,14,-0.8424991965293884
1997,5,15,-1.1597779989242554
1997,5,16,-1.6054065227508545
1997,5,17,-1.898506760597229
1997,5,18,-2.156571865081787
1997,5,19,-2.096630811691284
1997,5,20,-1.51834237575531
1997,5,21,-1.2100486755371094
1997,5,22,-1.1181097030639648
1997,5,23,-0.9838724732398987
1997,5,24,-0.87465500831604
1997,5,25,-1.0766518115997314
1997,5,26,-1.4484041929244995
1997,5,27,-1.4965752363204956
1997,5,28,-0.803780198097229
1997,5,29,-0.4111255705356598
1997,5,30,-0.6419631838798523
1997,5,31,-1.067336916923523
1997,6,1,-1.3509691953659058
1997,6,2,-1.4863966703414917
1997,6,3,-1.6262998580932617
1997,6,4,-1.6764106750488281
1997,6,5,-1.9622747898101807
1997,6,6,-1.9995510578155518
1997,6,7,-1.4758696556091309
1997,6,8,-0.9121110439300537
1997,6,9,-0.5300278067588806
1997,6,10,-0.33966636657714844
1997,6,11,-0.4694254696369171
1997,6,12,-0.7905097007751465
1997,6,13,-0.8538205027580261
1997,6,14,-0.8778840899467468
1997,6,15,-0.9420493841171265
1997,6,16,-0.8707064390182495
1997,6,17,-0.4193181097507477
1997,6,18,-0.010761013254523277
1997,6,19,0.13600151240825653
1997,6,20,-0.16433334350585938
1997,6,21,-0.35833674669265747
1997,6,22,-0.23867595195770264
1997,6,23,0.06719571352005005
1997,6,24,0.3615356385707855
1997,6,25,0.11160963028669357
1997,6,26,-0.5906434655189514
1997,6,27,-1.185049295425415
1997,6,28,-1.2985565662384033
1997,6,29,-1.0586955547332764
1997,6,30,-0.7710631489753723
1997,7,1,-0.46655339002609253
1997,7,2,-0.21513237059116364
1997,7,3,-0.3242849111557007
1997,7,4,-0.5063351392745972
1997,7,5,-0.5857772827148438
1997,7,6,-0.7816830277442932
1997,7,7,-0.8509272933006287
1997,7,8,-0.6683124303817749
1997,7,9,-0.6827311515808105
1997,7,10,-0.767423152923584
1997,7,11,-0.6980661153793335
1997,7,12,-0.43841761350631714
1997,7,13,-0.3605833351612091
1997,7,14,-0.5936694741249084
1997,7,15,-0.9649466276168823
1997,7,16,-1.0761480331420898
1997,7,17,-1.0684828758239746
1997,7,18,-1.1477155685424805
1997,7,19,-1.0706968307495117
1997,7,20,-0.9472195506095886
1997,7,21,-0.7379254102706909
1997,7,22,-0.3989085853099823
1997,7,23,-0.030371759086847305
1997,7,24,0.20093382894992828
1997,7,25,0.176868736743927
1997,7,26,-0.13981766998767853
1997,7,27,-0.031187808141112328
1997,7,28,0.2313971370458603
1997,7,29,0.39344295859336853
1997,7,30,0.7439693808555603
1997,7,31,0.9296311736106873
1997,8,1,0.6511484384536743
1997,8,2,0.37768322229385376
1997,8,3,0.3112896680831909
1997,8,4,0.36367741227149963
1997,8,5,0.2713494896888733
1997,8,6,0.11681662499904633
1997,8,7,0.0705641359090805
1997,8,8,0.019265703856945038
1997,8,9,0.027882281690835953
1997,8,10,-0.4893311858177185
1997,8,11,-0.8301211595535278
1997,8,12,-0.3257843554019928
1997,8,13,0.522416353225708
1997,8,14,0.8616400361061096
1997,8,15,0.6734975576400757
1997,8,16,0.8284922242164612
1997,8,17,0.9257351160049438
1997,8,18,0.6916745901107788
1997,8,19,0.43001532554626465
1997,8,20,0.636652946472168
1997,8,21,1.0535823106765747
1997,8,22,1.3551405668258667
1997,8,23,0.8805233836174011
1997,8,24,0.20863766968250275
1997,8,25,-0.006851199083030224
1997,8,26,-0.5903351902961731
1997,8,27,-1.1218985319137573
1997,8,28,-1.0990610122680664
1997,8,29,-1.0738497972488403
1997,8,30,-0.9914045333862305
1997,8,31,-1.1458109617233276
1997,9,1,-0.9771860837936401
1997,9,2,-0.5635251402854919
1997,9,3,-0.11815682053565979
1997,9,4,0.2479199320077896
1997,9,5,0.27416524291038513
1997,9,6,0.70826655626297
1997,9,7,1.069440484046936
1997,9,8,0.6641128063201904
1997,9,9,0.007585133425891399
1997,9,10,-0.673460066318512
1997,9,11,-0.606524646282196
1997,9,12,-0.11286526918411255
1997,9,13,0.2263399213552475
1997,9,14,0.3049186170101166
1997,9,15,0.5762252807617188
1997,9,16,0.4161841869354248
1997,9,17,0.004900654777884483
1997,9,18,-0.009577261283993721
1997,9,19,-0.07208216190338135
1997,9,20,-0.2779217064380646
1997,9,21,-0.4325747489929199
1997,9,22,-0.09586523473262787
1997,9,23,0.6214476227760315
1997,9,24,0.8128491044044495
1997,9,25,0.6649194955825806
1997,9,26,0.8344885110855103
1997,9,27,0.5661754012107849
1997,9,28,0.6600549221038818
1997,9,29,0.6751031279563904
1997,9,30,0.22948744893074036
1997,10,1,0.12743262946605682
1997,10,2,0.21780146658420563
1997,10,3,0.345447301864624
1997,10,4,0.8349937796592712
1997,10,5,0.6505115032196045
1997,10,6,0.13449011743068695
1997,10,7,-0.11538898944854736
1997,10,8,-0.5074368715286255
1997,10,9,-0.3982331156730652
1997,10,10,-0.0999273732304573
1997,10,11,-0.654433012008667
1997,10,12,-1.3929980993270874
1997,10,13,-1.7910053730010986
1997,10,14,-1.5646650791168213
1997,10,15,-1.1951936483383179
1997,10,16,-0.4129413664340973
1997,10,17,-0.29270195960998535
1997,10,18,-0.46956682205200195
1997,10,19,-1.1085364818572998
1997,10,20,-1.6185868978500366
1997,10,21,-1.748886227607727
1997,10,22,-1.6886794567108154
1997,10,23,-1.7200528383255005
1997,10,24,-1.8615082502365112
1997,10,25,-1.9922000169754028
1997,10,26,-2.1094107627868652
1997,10,27,-1.6116431951522827
1997,10,28,-0.8418802618980408
1997,10,29,-0.2807920277118683
1997,10,30,0.7241144776344299
1997,10,31,1.5193489789962769
1997,11,1,0.7183428406715393
1997,11,2,-0.7973558902740479
1997,11,3,-0.9832578301429749
1997,11,4,-0.10816352069377899
1997,11,5,1.0523205995559692
1997,11,6,1.0234754085540771
1997,11,7,0.44249722361564636
1997,11,8,-0.5501558780670166
1997,11,9,-1.2410199642181396
1997,11,10,-1.4343374967575073
1997,11,11,-1.3383632898330688
1997,11,12,-0.9678793549537659
1997,11,13,-0.2912439703941345
1997,11,14,0.048555031418800354
1997,11,15,-0.2092806100845337
1997,11,16,-0.18259231746196747
1997,11,17,0.3369712233543396
1997,11,18,0.8626838326454163
1997,11,19,0.7535768151283264
1997,11,20,0.06540396064519882
1997,11,21,-0.5198056101799011
1997,11,22,-0.9646490216255188
1997,11,23,-1.3143000602722168
1997,11,24,-1.6693860292434692
1997,11,25,-2.1853222846984863
1997,11,26,-1.9316834211349487
1997,11,27,-1.368836522102356
1997,11,28,-1.5217742919921875
1997,11,29,-2.132448673248291
1997,11,30,-2.723398208618164
1997,12,1,-2.6030428409576416
1997,12,2,-2.234593152999878
1997,12,3,-2.015408992767334
1997,12,4,-1.1986967325210571
1997,12,5,-0.26418545842170715
1997,12,6,0.05118601396679878
1997,12,7,0.6427075862884521
1997,12,8,1.1308311223983765
1997,12,9,1.0442017316818237
1997,12,10,0.6768629550933838
1997,12,11,0.437843382358551
1997,12,12,-0.12549693882465363
1997,12,13,-0.8356679677963257
1997,12,14,-1.059583067893982
1997,12,15,-0.8103548884391785
1997,12,16,-0.6083171367645264
1997,12,17,-1.2285159826278687
1997,12,18,-1.5339012145996094
1997,12,19,-0.7184531688690186
1997,12,20,-0.18644346296787262
1997,12,21,-0.32408738136291504
1997,12,22,0.0826195478439331
1997,12,23,0.7796857953071594
1997,12,24,1.3600027561187744
1997,12,25,1.7157468795776367
1997,12,26,1.3464759588241577
1997,12,27,0.6905384659767151
1997,12,28,0.6346948146820068
1997,12,29,1.0037176609039307
1997,12,30,1.1424773931503296
1997,12,31,0.8779064416885376
1998,1,1,1.9156494140625
1998,1,2,1.7142668962478638
1998,1,3,1.1988569498062134
1998,1,4,0.3384334444999695
1998,1,5,-0.4720807671546936
1998,1,6,-1.2803361415863037
1998,1,7,-1.8773623704910278
1998,1,8,-3.007061719894409
1998,1,9,-3.9874651432037354
1998,1,10,-4.269002437591553
1998,1,11,-3.9641716480255127
1998,1,12,-3.557288408279419
1998,1,13,-3.297114610671997
1998,1,14,-3.0230586528778076
1998,1,15,-2.592184066772461
1998,1,16,-2.167174816131592
1998,1,17,-2.158369541168213
1998,1,18,-2.2106664180755615
1998,1,19,-2.3873565196990967
1998,1,20,-2.6573421955108643
1998,1,21,-3.008809804916382
1998,1,22,-3.1495327949523926
1998,1,23,-2.912910223007202
1998,1,24,-2.2690489292144775
1998,1,25,-2.0199480056762695
1998,1,26,-1.691247582435608
1998,1,27,-1.050445795059204
1998,1,28,-1.3312536478042603
1998,1,29,-1.879478931427002
1998,1,30,-2.4293670654296875
1998,1,31,-2.726030111312866
1998,2,1,-2.4789552688598633
1998,2,2,-2.0849857330322266
1998,2,3,-2.1986289024353027
1998,2,4,-2.0450193881988525
1998,2,5,-1.4418587684631348
1998,2,6,-1.3037854433059692
1998,2,7,-0.9395284056663513
1998,2,8,-0.3679024875164032
1998,2,9,0.13006596267223358
1998,2,10,-0.06129515543580055
1998,2,11,-0.515653133392334
1998,2,12,-0.8355793952941895
1998,2,13,-1.0602344274520874
1998,2,14,-0.6284414529800415
1998,2,15,-0.18212540447711945
1998,2,16,0.18911343812942505
1998,2,17,0.18358217179775238
1998,2,18,0.030607357621192932
1998,2,19,-0.0780927762389183
1998,2,20,0.42916789650917053
1998,2,21,1.476586103439331
1998,2,22,1.7504358291625977
1998,2,23,1.6642470359802246
1998,2,24,1.50844407081604
1998,2,25,1.8228408098220825
1998,2,26,1.8888356685638428
1998,2,27,0.592052161693573
1998,2,28,-0.39314496517181396
1998,3,1,-0.6940839290618896
1998,3,2,-0.696151852607727
1998,3,3,-0.6770400404930115
1998,3,4,-0.8152974843978882
1998,3,5,-0.5929145812988281
1998,3,6,-0.3954960107803345
1998,3,7,-0.6144964098930359
1998,3,8,-1.1515562534332275
1998,3,9,-1.8538432121276855
1998,3,10,-1.6182981729507446
1998,3,11,-1.1593035459518433
1998,3,12,-1.3055685758590698
1998,3,13,-0.8214706778526306
1998,3,14,-0.034061986953020096
1998,3,15,0.4854051172733307
1998,3,16,0.42955833673477173
1998,3,17,-0.12091431766748428
1998,3,18,-0.6398690342903137
1998,3,19,-0.48636162281036377
1998,3,20,-0.3295784294605255
1998,3,21,-0.494986891746521
1998,3,22,-0.570365846157074
1998,3,23,-0.5007173418998718
1998,3,24,-0.3251941204071045
1998,3,25,1.0465891361236572
1998,3,26,2.143960475921631
1998,3,27,1.9708548784255981
1998,3,28,0.933118462562561
1998,3,29,0.41170722246170044
1998,3,30,0.41668739914894104
1998,3,31,0.4501098394393921
1998,4,1,0.7498018145561218
1998,4,2,0.39487776160240173
1998,4,3,0.24935577809810638
1998,4,4,0.3219444453716278
1998,4,5,0.3151579797267914
1998,4,6,-0.1435503214597702
1998,4,7,-0.5209892988204956
1998,4,8,-0.5790770649909973
1998,4,9,-0.9872813820838928
1998,4,10,-1.0973892211914062
1998,4,11,-0.8320071697235107
1998,4,12,-0.22399011254310608
1998,4,13,0.4453147053718567
1998,4,14,0.4565011262893677
1998,4,15,0.6048151850700378
1998,4,16,0.22221791744232178
1998,4,17,0.08875437080860138
1998,4,18,0.004629879724234343
1998,4,19,0.03597273677587509
1998,4,20,0.01601637341082096
1998,4,21,-0.39406606554985046
1998,4,22,-0.6512147188186646
1998,4,23,-0.4256719946861267
1998,4,24,0.13001257181167603
1998,4,25,0.14403553307056427
1998,4,26,0.28695884346961975
1998,4,27,0.6406805515289307
1998,4,28,0.32228049635887146
1998,4,29,-0.3960995674133301
1998,4,30,-0.2778765559196472
1998,5,1,0.46501606702804565
1998,5,2,1.1918199062347412
1998,5,3,1.6346570253372192
1998,5,4,1.4709770679473877
1998,5,5,1.3448866605758667
1998,5,6,1.3797982931137085
1998,5,7,1.8656337261199951
1998,5,8,1.9698889255523682
1998,5,9,1.8664846420288086
1998,5,10,1.4252625703811646
1998,5,11,0.7922031283378601
1998,5,12,0.35007601976394653
1998,5,13,0.6217146515846252
1998,5,14,0.34700337052345276
1998,5,15,0.2088039368391037
1998,5,16,0.23315881192684174
1998,5,17,0.1737722009420395
1998,5,18,0.22901548445224762
1998,5,19,0.41241753101348877
1998,5,20,0.41319507360458374
1998,5,21,0.5410134792327881
1998,5,22,0.6987147331237793
1998,5,23,0.480599582195282
1998,5,24,-0.03562893345952034
1998,5,25,-0.6091261506080627
1998,5,26,-0.7545672059059143
1998,5,27,-0.929400622844696
1998,5,28,-1.2907825708389282
1998,5,29,-1.3210035562515259
1998,5,30,-1.2295066118240356
1998,5,31,-1.1339738368988037
1998,6,1,-1.273898720741272
1998,6,2,-1.1953297853469849
1998,6,3,-1.1179386377334595
1998,6,4,-1.2966504096984863
1998,6,5,-1.5064393281936646
1998,6,6,-1.304882526397705
1998,6,7,-0.5497473478317261
1998,6,8,0.3646807074546814
1998,6,9,1.404687523841858
1998,6,10,1.6762487888336182
1998,6,11,1.6040349006652832
1998,6,12,1.3972928524017334
1998,6,13,0.6965018510818481
1998,6,14,-0.018818233162164688
1998,6,15,-1.0445396900177002
1998,6,16,-1.5384196043014526
1998,6,17,-1.3755539655685425
1998,6,18,-1.5953224897384644
1998,6,19,-1.831422209739685
1998,6,20,-1.7280687093734741
1998,6,21,-1.2928478717803955
1998,6,22,-0.8832777142524719
1998,6,23,-0.694747269153595
1998,6,24,-0.864067018032074
1998,6,25,-1.223876714706421
1998,6,26,-1.2182496786117554
1998,6,27,-1.1905779838562012
1998,6,28,-1.2343703508377075
1998,6,29,-1.0699653625488281
1998,6,30,-0.6609212160110474
1998,7,1,-0.2505591809749603
1998,7,2,0.353111207485199
1998,7,3,0.8892779350280762
1998,7,4,1.063080072402954
1998,7,5,0.6955530047416687
1998,7,6,0.47564831376075745
1998,7,7,0.9342963695526123
1998,7,8,1.1806315183639526
1998,7,9,1.1455756425857544
1998,7,10,0.8925416469573975
1998,7,11,0.49082550406455994
1998,7,12,0.12619498372077942
1998,7,13,-0.0747825875878334
1998,7,14,-0.4212852120399475
1998,7,15,-0.8271316885948181
1998,7,16,-0.943993091583252
1998,7,17,-1.1677013635635376
1998,7,18,-1.5366714000701904
1998,7,19,-1.832959771156311
1998,7,20,-1.7756152153015137
1998,7,21,-1.7189102172851562
1998,7,22,-1.6782804727554321
1998,7,23,-1.4679958820343018
1998,7,24,-0.89613938331604
1998,7,25,-0.20481319725513458
1998,7,26,0.19725514948368073
1998,7,27,0.3630673587322235
1998,7,28,0.1374386101961136
1998,7,29,-0.18122485280036926
1998,7,30,-0.26269209384918213
1998,7,31,-0.03527829796075821
1998,8,1,0.5121687650680542
1998,8,2,1.1112382411956787
1998,8,3,1.4407047033309937
1998,8,4,1.6912657022476196
1998,8,5,1.9042177200317383
1998,8,6,1.9547209739685059
1998,8,7,1.6213957071304321
1998,8,8,0.7672532200813293
1998,8,9,0.10200537741184235
1998,8,10,-0.32913559675216675
1998,8,11,-0.5184726715087891
1998,8,12,0.09508160501718521
1998,8,13,0.8853793740272522
1998,8,14,1.0663979053497314
1998,8,15,1.1411728858947754
1998,8,16,1.573241949081421
1998,8,17,1.8450608253479004
1998,8,18,1.8040971755981445
1998,8,19,1.5822452306747437
1998,8,20,1.8663132190704346
1998,8,21,1.9605711698532104
1998,8,22,1.350717544555664
1998,8,23,0.46571892499923706
1998,8,24,0.06247789040207863
1998,8,25,-0.08338236063718796
1998,8,26,-0.22589263319969177
1998,8,27,-0.598263680934906
1998,8,28,-1.142554759979248
1998,8,29,-1.2637304067611694
1998,8,30,-1.3963426351547241
1998,8,31,-1.805686116218567
1998,9,1,-1.6092703342437744
1998,9,2,-1.051688551902771
1998,9,3,-0.9500138163566589
1998,9,4,-1.1973761320114136
1998,9,5,-1.388325810432434
1998,9,6,-1.5085891485214233
1998,9,7,-1.4112157821655273
1998,9,8,-0.9841163158416748
1998,9,9,-0.661321759223938
1998,9,10,-0.058468807488679886
1998,9,11,0.3692421615123749
1998,9,12,0.05781833454966545
1998,9,13,-0.675961434841156
1998,9,14,-0.6945367455482483
1998,9,15,-0.2803993225097656
1998,9,16,-0.4288583993911743
1998,9,17,-1.0716218948364258
1998,9,18,-1.5082519054412842
1998,9,19,-1.3030365705490112
1998,9,20,-0.9765276908874512
1998,9,21,-0.7241828441619873
1998,9,22,-0.9639179110527039
1998,9,23,-1.2068053483963013
1998,9,24,-1.4900074005126953
1998,9,25,-1.4740170240402222
1998,9,26,-1.1939854621887207
1998,9,27,-1.1627823114395142
1998,9,28,-1.2819947004318237
1998,9,29,-1.6454081535339355
1998,9,30,-1.902858853340149
1998,10,1,-1.5399147272109985
1998,10,2,-1.3742074966430664
1998,10,3,-1.1662143468856812
1998,10,4,-0.8991885781288147
1998,10,5,-0.40464580059051514
1998,10,6,-0.11165545880794525
1998,10,7,0.13251300156116486
1998,10,8,1.1245588064193726
1998,10,9,2.1714251041412354
1998,10,10,2.0430874824523926
1998,10,11,1.51482093334198
1998,10,12,0.7397935390472412
1998,10,13,0.37322595715522766
1998,10,14,0.4560028910636902
1998,10,15,0.13673032820224762
1998,10,16,-0.2173449695110321
1998,10,17,-0.19842104613780975
1998,10,18,-0.3120368421077728
1998,10,19,-0.301268607378006
1998,10,20,-0.02345108985900879
1998,10,21,0.7902345061302185
1998,10,22,1.4692606925964355
1998,10,23,1.5470250844955444
1998,10,24,1.376408576965332
1998,10,25,1.0578255653381348
1998,10,26,1.0734293460845947
1998,10,27,0.9334878921508789
1998,10,28,0.5775977373123169
1998,10,29,-0.024917708709836006
1998,10,30,-0.8566839098930359
1998,10,31,-1.2907524108886719
1998,11,1,-1.5597013235092163
1998,11,2,-1.8554555177688599
1998,11,3,-2.224740743637085
1998,11,4,-2.068256378173828
1998,11,5,-1.787994146347046
1998,11,6,-1.9235563278198242
1998,11,7,-1.761932611465454
1998,11,8,-0.985429048538208
1998,11,9,-0.07712004333734512
1998,11,10,0.0007237197132781148
1998,11,11,-0.8560550808906555
1998,11,12,-1.7937208414077759
1998,11,13,-2.492915153503418
1998,11,14,-3.3461050987243652
1998,11,15,-3.9196367263793945
1998,11,16,-4.122623443603516
1998,11,17,-3.7465431690216064
1998,11,18,-3.188112258911133
1998,11,19,-2.804978132247925
1998,11,20,-1.3464772701263428
1998,11,21,0.2273976057767868
1998,11,22,0.46785131096839905
1998,11,23,0.49692511558532715
1998,11,24,0.42711371183395386
1998,11,25,-0.02710755355656147
1998,11,26,-0.4720520079135895
1998,11,27,-0.39176058769226074
1998,11,28,-0.42794713377952576
1998,11,29,-0.4678072929382324
1998,11,30,0.08825473487377167
1998,12,1,0.4786648452281952
1998,12,2,0.5998411774635315
1998,12,3,0.35062235593795776
1998,12,4,0.46466076374053955
1998,12,5,0.4346388280391693
1998,12,6,0.32539165019989014
1998,12,7,1.1306506395339966
1998,12,8,1.8783527612686157
1998,12,9,2.4433608055114746
1998,12,10,2.6411073207855225
1998,12,11,2.3515512943267822
1998,12,12,2.2112295627593994
1998,12,13,1.445744276046753
1998,12,14,1.7737128734588623
1998,12,15,2.293607711791992
1998,12,16,2.27519154548645
1998,12,17,1.898504376411438
1998,12,18,0.8513351678848267
1998,12,19,0.43255653977394104
1998,12,20,0.9912845492362976
1998,12,21,1.5513017177581787
1998,12,22,1.3108816146850586
1998,12,23,1.0523697137832642
1998,12,24,2.358515739440918
1998,12,25,3.244442939758301
1998,12,26,2.948173761367798
1998,12,27,1.7727986574172974
1998,12,28,1.0122129917144775
1998,12,29,0.2219376116991043
1998,12,30,-0.5523752570152283
1998,12,31,-1.7331767082214355
1999,1,1,-1.1408812999725342
1999,1,2,-0.28203606605529785
1999,1,3,-0.3624330759048462
1999,1,4,-0.8260317444801331
1999,1,5,-1.138960599899292
1999,1,6,-0.4774646759033203
1999,1,7,-0.2977662980556488
1999,1,8,-0.9633722901344299
1999,1,9,-0.9401007294654846
1999,1,10,-0.996884822845459
1999,1,11,-0.609078586101532
1999,1,12,-0.41168707609176636
1999,1,13,0.31483298540115356
1999,1,14,1.3830050230026245
1999,1,15,2.058892011642456
1999,1,16,1.5755178928375244
1999,1,17,0.8023350834846497
1999,1,18,0.5520999431610107
1999,1,19,0.4087839722633362
1999,1,20,0.13539034128189087
1999,1,21,0.3064543604850769
1999,1,22,0.3943561911582947
1999,1,23,0.7366002202033997
1999,1,24,1.6903327703475952
1999,1,25,2.358459711074829
1999,1,26,2.3274550437927246
1999,1,27,1.5184016227722168
1999,1,28,0.22608867287635803
1999,1,29,-0.8926412463188171
1999,1,30,-1.8770638704299927
1999,1,31,-2.2766308784484863
1999,2,1,-1.5288950204849243
1999,2,2,0.06351310759782791
1999,2,3,1.3178426027297974
1999,2,4,1.4712378978729248
1999,2,5,0.18827614188194275
1999,2,6,-0.11240722984075546
1999,2,7,0.10226868093013763
1999,2,8,-0.2245587557554245
1999,2,9,-0.2549096643924713
1999,2,10,-0.08763056248426437
1999,2,11,0.2931120693683624
1999,2,12,0.3102695345878601
1999,2,13,0.6168264150619507
1999,2,14,1.3662161827087402
1999,2,15,1.2471134662628174
1999,2,16,0.6364809274673462
1999,2,17,0.4313872158527374
1999,2,18,0.8440610766410828
1999,2,19,1.2885605096817017
1999,2,20,0.896472692489624
1999,2,21,0.34326523542404175
1999,2,22,-0.1307564377784729
1999,2,23,0.37680572271347046
1999,2,24,0.9290650486946106
1999,2,25,1.4097741842269897
1999,2,26,1.2376755475997925
1999,2,27,0.09477891772985458
1999,2,28,-0.10919048637151718
1999,3,1,0.01687515713274479
1999,3,2,-0.5476719737052917
1999,3,3,-1.7961307764053345
1999,3,4,-2.42547607421875
1999,3,5,-2.705172061920166
1999,3,6,-3.025393486022949
1999,3,7,-2.952578067779541
1999,3,8,-3.1790990829467773
1999,3,9,-3.7410707473754883
1999,3,10,-3.855550527572632
1999,3,11,-3.6418769359588623
1999,3,12,-3.234541893005371
1999,3,13,-2.6424009799957275
1999,3,14,-1.825087308883667
1999,3,15,-1.162693738937378
1999,3,16,-1.0835398435592651
1999,3,17,-1.6542744636535645
1999,3,18,-1.948622226715088
1999,3,19,-1.3624162673950195
1999,3,20,-0.499902606010437
1999,3,21,-0.48317819833755493
1999,3,22,-0.510519802570343
1999,3,23,-1.195854902267456
1999,3,24,-1.578664779663086
1999,3,25,-0.7972630262374878
1999,3,26,0.007437065243721008
1999,3,27,0.697733461856842
1999,3,28,0.9828293323516846
1999,3,29,1.0757699012756348
1999,3,30,0.6252394318580627
1999,3,31,-0.1545408070087433
1999,4,1,-0.39412859082221985
1999,4,2,-0.32588210701942444
1999,4,3,-0.11031322926282883
1999,4,4,0.8232320547103882
1999,4,5,1.9418318271636963
1999,4,6,2.8320178985595703
1999,4,7,2.8742804527282715
1999,4,8,2.2703750133514404
1999,4,9,1.947780728340149
1999,4,10,1.5471137762069702
1999,4,11,1.487879991531372
1999,4,12,0.868924617767334
1999,4,13,0.15601493418216705
1999,4,14,-1.0636255741119385
1999,4,15,-1.880868673324585
1999,4,16,-2.1765756607055664
1999,4,17,-1.7930988073349
1999,4,18,-1.107165813446045
1999,4,19,-0.36212030053138733
1999,4,20,0.39126691222190857
1999,4,21,0.9171507358551025
1999,4,22,0.6992995142936707
1999,4,23,0.6825974583625793
1999,4,24,0.3189345598220825
1999,4,25,-0.3864842355251312
1999,4,26,-0.9246891140937805
1999,4,27,-0.9171911478042603
1999,4,28,-0.6879526972770691
1999,4,29,-0.12683674693107605
1999,4,30,0.7250797748565674
1999,5,1,1.1509201526641846
1999,5,2,1.2610772848129272
1999,5,3,0.8481787443161011
1999,5,4,-0.1312737911939621
1999,5,5,-0.9361192584037781
1999,5,6,-0.9512340426445007
1999,5,7,-0.8094791769981384
1999,5,8,-0.8709152340888977
1999,5,9,-0.9015530943870544
1999,5,10,-0.5391556620597839
1999,5,11,0.0492156520485878
1999,5,12,-0.10621187090873718
1999,5,13,-0.5720955729484558
1999,5,14,-0.785301685333252
1999,5,15,-0.45273762941360474
1999,5,16,0.23137979209423065
1999,5,17,0.7665928602218628
1999,5,18,1.0045686960220337
1999,5,19,0.8129462003707886
1999,5,20,0.5152231454849243
1999,5,21,0.6751211285591125
1999,5,22,1.228292465209961
1999,5,23,1.1807537078857422
1999,5,24,0.7928164601325989
1999,5,25,0.9529593586921692
1999,5,26,0.6102682948112488
1999,5,27,-0.29574382305145264
1999,5,28,-0.41938692331314087
1999,5,29,-0.045588813722133636
1999,5,30,0.8140479326248169
1999,5,31,1.672229290008545
1999,6,1,1.4139506816864014
1999,6,2,1.2026833295822144
1999,6,3,1.4251902103424072
1999,6,4,1.2875639200210571
1999,6,5,1.0143648386001587
1999,6,6,1.0415664911270142
1999,6,7,1.0062992572784424
1999,6,8,0.5594098567962646
1999,6,9,0.11723475903272629
1999,6,10,0.018607374280691147
1999,6,11,0.008457008749246597
1999,6,12,-0.1414056122303009
1999,6,13,-0.31804904341697693
1999,6,14,-0.03261231258511543
1999,6,15,0.42734768986701965
1999,6,16,0.7271917462348938
1999,6,17,1.2086790800094604
1999,6,18,1.2189249992370605
1999,6,19,1.1736584901809692
1999,6,20,1.2997689247131348
1999,6,21,1.4965870380401611
1999,6,22,1.1358656883239746
1999,6,23,0.7038437128067017
1999,6,24,0.5425049066543579
1999,6,25,0.4136105477809906
1999,6,26,0.03455068916082382
1999,6,27,-0.275172621011734
1999,6,28,0.09304925799369812
1999,6,29,0.7052016258239746
1999,6,30,0.9446788430213928
1999,7,1,0.88326096534729
1999,7,2,0.6393151879310608
1999,7,3,0.29654091596603394
1999,7,4,0.2928115427494049
1999,7,5,0.31977787613868713
1999,7,6,0.34587299823760986
1999,7,7,0.27597543597221375
1999,7,8,-0.0562540702521801
1999,7,9,-0.478006511926651
1999,7,10,-0.5470381379127502
1999,7,11,0.14328493177890778
1999,7,12,0.8629712462425232
1999,7,13,1.0628535747528076
1999,7,14,0.871483564376831
1999,7,15,0.7679210305213928
1999,7,16,0.3658219575881958
1999,7,17,0.14067508280277252
1999,7,18,0.04569987207651138
1999,7,19,-0.17450770735740662
1999,7,20,-0.1546105444431305
1999,7,21,0.08110469579696655
1999,7,22,0.4828401803970337
1999,7,23,0.49685460329055786
1999,7,24,0.23183706402778625
1999,7,25,-0.013282876461744308
1999,7,26,-0.33548954129219055
1999,7,27,-0.7744787335395813
1999,7,28,-1.1891145706176758
1999,7,29,-1.5485013723373413
1999,7,30,-1.7803932428359985
1999,7,31,-1.6193511486053467
1999,8,1,-1.5834710597991943
1999,8,2,-1.5954246520996094
1999,8,3,-1.8548986911773682
1999,8,4,-2.2350423336029053
1999,8,5,-2.3288164138793945
1999,8,6,-2.3756980895996094
1999,8,7,-2.5262818336486816
1999,8,8,-2.4859466552734375
1999,8,9,-2.268372058868408
1999,8,10,-2.073909044265747
1999,8,11,-1.41790771484375
1999,8,12,-0.6201752424240112
1999,8,13,-0.17541971802711487
1999,8,14,-0.4476228952407837
1999,8,15,-0.5987387895584106
1999,8,16,-0.4620804786682129
1999,8,17,-0.6680017709732056
1999,8,18,-0.7063578367233276
1999,8,19,-0.6351824998855591
1999,8,20,-0.5382700562477112
1999,8,21,-0.35573869943618774
1999,8,22,-0.11371563374996185
1999,8,23,0.00499321985989809
1999,8,24,-0.0159506443887949
1999,8,25,0.3670610189437866
1999,8,26,0.7774463295936584
1999,8,27,0.971764326095581
1999,8,28,0.9078704714775085
1999,8,29,1.160254716873169
1999,8,30,1.745990514755249
1999,8,31,2.0491888523101807
1999,9,1,2.194004774093628
1999,9,2,2.3252217769622803
1999,9,3,2.2298409938812256
1999,9,4,1.9911285638809204
1999,9,5,1.5360183715820312
1999,9,6,0.9655482769012451
1999,9,7,0.26890331506729126
1999,9,8,-0.41628551483154297
1999,9,9,-0.689171552658081
1999,9,10,-1.0558098554611206
1999,9,11,-1.4900481700897217
1999,9,12,-1.8100230693817139
1999,9,13,-1.6596486568450928
1999,9,14,-1.1368522644042969
1999,9,15,-1.310294508934021
1999,9,16,-1.737913727760315
1999,9,17,-1.8037537336349487
1999,9,18,-1.7991994619369507
1999,9,19,-1.6239771842956543
1999,9,20,-1.2289094924926758
1999,9,21,-0.6980568170547485
1999,9,22,-0.35763922333717346
1999,9,23,0.24822604656219482
1999,9,24,1.0044068098068237
1999,9,25,1.6463658809661865
1999,9,26,1.233075499534607
1999,9,27,0.8859961628913879
1999,9,28,0.9810660481452942
1999,9,29,1.6634631156921387
1999,9,30,1.350620985031128
1999,10,1,0.47075504064559937
1999,10,2,-0.24756422638893127
1999,10,3,-0.05241064354777336
1999,10,4,-0.05574183538556099
1999,10,5,-0.44947171211242676
1999,10,6,-0.42639124393463135
1999,10,7,-0.21657495200634003
1999,10,8,0.0753539577126503
1999,10,9,0.06699452549219131
1999,10,10,-0.4482508897781372
1999,10,11,-0.7084724307060242
1999,10,12,-0.34469202160835266
1999,10,13,0.05846799910068512
1999,10,14,-0.5633494853973389
1999,10,15,-1.731318712234497
1999,10,16,-1.6948928833007812
1999,10,17,-0.9256781935691833
1999,10,18,-0.6382743716239929
1999,10,19,-0.09570343047380447
1999,10,20,0.4555056691169739
1999,10,21,0.108808733522892
1999,10,22,-0.31863346695899963
1999,10,23,-0.8319099545478821
1999,10,24,-1.3125813007354736
1999,10,25,-0.7154576778411865
1999,10,26,1.2795612812042236
1999,10,27,2.188528537750244
1999,10,28,2.108957052230835
1999,10,29,1.6799932718276978
1999,10,30,1.468850016593933
1999,10,31,1.6390395164489746
1999,11,1,2.0491507053375244
1999,11,2,2.5983731746673584
1999,11,3,2.408082962036133
1999,11,4,1.883968710899353
1999,11,5,1.1818490028381348
1999,11,6,0.8322409391403198
1999,11,7,-0.030591055750846863
1999,11,8,-0.8612517714500427
1999,11,9,-1.0559933185577393
1999,11,10,-0.4352007210254669
1999,11,11,0.13059307634830475
1999,11,12,0.42696064710617065
1999,11,13,1.0406476259231567
1999,11,14,0.5893855094909668
1999,11,15,-0.42299869656562805
1999,11,16,-1.3726178407669067
1999,11,17,-1.4655914306640625
1999,11,18,-1.2877506017684937
1999,11,19,-0.490314245223999
1999,11,20,0.914871335029602
1999,11,21,1.6538851261138916
1999,11,22,1.4647712707519531
1999,11,23,0.9513429403305054
1999,11,24,0.5514166355133057
1999,11,25,0.4170084595680237
1999,11,26,0.8764190077781677
1999,11,27,0.525881826877594
1999,11,28,0.2839963138103485
1999,11,29,1.5757321119308472
1999,11,30,2.7389047145843506
1999,12,1,2.5573341846466064
1999,12,2,1.6849793195724487
1999,12,3,0.7303702235221863
1999,12,4,0.36880412697792053
1999,12,5,1.3361799716949463
1999,12,6,2.5382721424102783
1999,12,7,2.3352396488189697
1999,12,8,1.1299574375152588
1999,12,9,0.4201303720474243
1999,12,10,0.7471382021903992
1999,12,11,0.7671249508857727
1999,12,12,-0.27219897508621216
1999,12,13,-1.384825587272644
1999,12,14,-1.869968295097351
1999,12,15,-1.645622968673706
1999,12,16,-0.31211042404174805
1999,12,17,0.4190548360347748
1999,12,18,0.7925266623497009
1999,12,19,0.8806238770484924
1999,12,20,0.6874028444290161
1999,12,21,0.7284632325172424
1999,12,22,1.3730829954147339
1999,12,23,2.6643569469451904
1999,12,24,3.573282480239868
1999,12,25,3.555476665496826
1999,12,26,2.6359565258026123
1999,12,27,1.1890246868133545
1999,12,28,0.07528320699930191
1999,12,29,0.30190038681030273
1999,12,30,0.9971222281455994
1999,12,31,2.1782119274139404
2000,1,1,2.0364959239959717
2000,1,2,1.531662106513977
2000,1,3,1.4474267959594727
2000,1,4,1.191185712814331
2000,1,5,0.6383680701255798
2000,1,6,1.4203474521636963
2000,1,7,2.8811631202697754
2000,1,8,3.15447998046875
2000,1,9,2.83079195022583
2000,1,10,2.3784685134887695
2000,1,11,1.4265656471252441
2000,1,12,0.7087163925170898
2000,1,13,0.5725727081298828
2000,1,14,1.0281128883361816
2000,1,15,2.1138949394226074
2000,1,16,1.6077791452407837
2000,1,17,-0.036732133477926254
2000,1,18,-1.0910691022872925
2000,1,19,-1.008439064025879
2000,1,20,-0.8172518610954285
2000,1,21,-0.9490304589271545
2000,1,22,-0.6981062293052673
2000,1,23,-0.14752523601055145
2000,1,24,0.4003065526485443
2000,1,25,0.381994366645813
2000,1,26,0.30176475644111633
2000,1,27,1.4970412254333496
2000,1,28,3.180802345275879
2000,1,29,3.885801315307617
2000,1,30,3.479346513748169
2000,1,31,2.6257996559143066
2000,2,1,2.1846468448638916
2000,2,2,2.5115175247192383
2000,2,3,2.6495964527130127
2000,2,4,2.8842427730560303
2000,2,5,2.884141206741333
2000,2,6,2.7375409603118896
2000,2,7,2.8648300170898438
2000,2,8,3.1312785148620605
2000,2,9,3.0187556743621826
2000,2,10,2.518678903579712
2000,2,11,2.313493013381958
2000,2,12,1.7356667518615723
2000,2,13,1.3391640186309814
2000,2,14,1.409665584564209
2000,2,15,0.8321579694747925
2000,2,16,-0.691074550151825
2000,2,17,-1.6474711894989014
2000,2,18,-2.1177053451538086
2000,2,19,-1.4165946245193481
2000,2,20,-0.7853290438652039
2000,2,21,-0.6117863059043884
2000,2,22,-0.6233541965484619
2000,2,23,-0.07712996006011963
2000,2,24,0.11890611052513123
2000,2,25,-0.05929037556052208
2000,2,26,0.033436719328165054
2000,2,27,0.8139688372612
2000,2,28,1.4570214748382568
2000,2,29,0.6776431202888489
2000,3,1,-0.17298147082328796
2000,3,2,-0.7861623764038086
2000,3,3,-0.7563415765762329
2000,3,4,-0.19181641936302185
2000,3,5,-0.31306198239326477
2000,3,6,-0.2549283504486084
2000,3,7,-0.0713849738240242
2000,3,8,-0.31847813725471497
2000,3,9,-0.933491051197052
2000,3,10,-0.8623575568199158
2000,3,11,-0.6532729268074036
2000,3,12,-0.5399344563484192
2000,3,13,-0.6394912600517273
2000,3,14,-1.0098154544830322
2000,3,15,-1.2910624742507935
2000,3,16,-1.2359769344329834
2000,3,17,-0.9032301902770996
2000,3,18,-0.4440048635005951
2000,3,19,-0.09076697379350662
2000,3,20,-0.012211344204843044
2000,3,21,-0.1426738202571869
2000,3,22,-0.13325557112693787
2000,3,23,0.1344047337770462
2000,3,24,0.13412609696388245
2000,3,25,-0.05270552262663841
2000,3,26,-0.12441039830446243
2000,3,27,0.1017061322927475
2000,3,28,0.24983182549476624
2000,3,29,-0.5153990387916565
2000,3,30,-0.8844894170761108
2000,3,31,-0.7839464545249939
2000,4,1,-0.800258457660675
2000,4,2,-0.7874486446380615
2000,4,3,-0.017480220645666122
2000,4,4,0.99831622838974
2000,4,5,1.097037434577942
2000,4,6,0.8380157947540283
2000,4,7,1.370395541191101
2000,4,8,1.3033503293991089
2000,4,9,0.4404383897781372
2000,4,10,-0.3198094666004181
2000,4,11,-1.092806100845337
2000,4,12,-1.4705168008804321
2000,4,13,-0.9914321899414062
2000,4,14,-0.5186660289764404
2000,4,15,-0.4354495108127594
2000,4,16,-0.6972506642341614
2000,4,17,-0.6864164471626282
2000,4,18,-0.795530378818512
2000,4,19,-1.1249715089797974
2000,4,20,-0.7163134217262268
2000,4,21,-0.08529946953058243
2000,4,22,0.16932064294815063
2000,4,23,-0.08597803860902786
2000,4,24,-0.5880984663963318
2000,4,25,-0.49848419427871704
2000,4,26,0.22359424829483032
2000,4,27,-0.03924708068370819
2000,4,28,-0.9035062789916992
2000,4,29,-0.9418758153915405
2000,4,30,-0.905068039894104
2000,5,1,-0.725386381149292
2000,5,2,0.25749725103378296
2000,5,3,1.2383418083190918
2000,5,4,1.8033068180084229
2000,5,5,1.8464391231536865
2000,5,6,1.3304469585418701
2000,5,7,1.5215113162994385
2000,5,8,1.8387125730514526
2000,5,9,1.6628375053405762
2000,5,10,1.4394391775131226
2000,5,11,1.0467784404754639
2000,5,12,0.5738378763198853
2000,5,13,0.14592018723487854
2000,5,14,0.26124903559684753
2000,5,15,0.2526981830596924
2000,5,16,0.28063562512397766
2000,5,17,0.5211256742477417
2000,5,18,0.9324127435684204
2000,5,19,1.581424593925476
2000,5,20,2.32462477684021
2000,5,21,2.54880428314209
2000,5,22,2.4380831718444824
2000,5,23,1.8940811157226562
2000,5,24,1.1336349248886108
2000,5,25,0.4049711227416992
2000,5,26,0.016210870817303658
2000,5,27,-0.07008770853281021
2000,5,28,0.03898975998163223
2000,5,29,0.01924896240234375
2000,5,30,0.02437463402748108
2000,5,31,0.38804522156715393
2000,6,1,0.6322760581970215
2000,6,2,0.8381250500679016
2000,6,3,0.7678214311599731
2000,6,4,0.42311540246009827
2000,6,5,0.6081100702285767
2000,6,6,0.8943238854408264
2000,6,7,0.9914647936820984
2000,6,8,1.0863449573516846
2000,6,9,1.1212716102600098
2000,6,10,0.6559005975723267
2000,6,11,0.8252324461936951
2000,6,12,1.6500844955444336
2000,6,13,2.150076150894165
2000,6,14,1.9895596504211426
2000,6,15,1.532371997833252
2000,6,16,0.9082631468772888
2000,6,17,1.1285557746887207
2000,6,18,1.5755283832550049
2000,6,19,1.6931957006454468
2000,6,20,1.007672667503357
2000,6,21,0.40685421228408813
2000,6,22,0.08555712550878525
2000,6,23,-0.1029181033372879
2000,6,24,-0.2440190613269806
2000,6,25,-0.40493541955947876
2000,6,26,-0.7886110544204712
2000,6,27,-1.0390424728393555
2000,6,28,-1.1034971475601196
2000,6,29,-1.1128095388412476
2000,6,30,-1.2211699485778809
2000,7,1,-1.4019087553024292
2000,7,2,-1.206624984741211
2000,7,3,-0.6986813545227051
2000,7,4,-0.6339598894119263
2000,7,5,-0.5873931050300598
2000,7,6,-0.3955973982810974
2000,7,7,0.17675255239009857
2000,7,8,0.6839075684547424
2000,7,9,0.23244717717170715
2000,7,10,-0.3106408715248108
2000,7,11,-0.19717426598072052
2000,7,12,-0.07425557076931
2000,7,13,-0.17068661749362946
2000,7,14,-0.29740312695503235
2000,7,15,-0.3520279824733734
2000,7,16,-0.14262521266937256
2000,7,17,0.19191348552703857
2000,7,18,0.2293366640806198
2000,7,19,-0.10332430154085159
2000,7,20,-0.5397531390190125
2000,7,21,-1.1234652996063232
2000,7,22,-1.415999412536621
2000,7,23,-1.2792545557022095
2000,7,24,-1.051058292388916
2000,7,25,-0.9954371452331543
2000,7,26,-1.1288442611694336
2000,7,27,-1.2119567394256592
2000,7,28,-1.2939388751983643
2000,7,29,-1.4732822179794312
2000,7,30,-1.5288676023483276
2000,7,31,-1.3196579217910767
2000,8,1,-0.8967074155807495
2000,8,2,-0.3924768269062042
2000,8,3,0.2944638729095459
2000,8,4,0.7297716736793518
2000,8,5,0.8143864274024963
2000,8,6,0.973910391330719
2000,8,7,1.348270058631897
2000,8,8,1.0696711540222168
2000,8,9,0.6824021339416504
2000,8,10,0.4494939148426056
2000,8,11,0.3858734965324402
2000,8,12,-0.009154648520052433
2000,8,13,-0.36980339884757996
2000,8,14,-0.5993388295173645
2000,8,15,-0.6711783409118652
2000,8,16,-0.5735591650009155
2000,8,17,-0.5518813133239746
2000,8,18,-0.6767725348472595
2000,8,19,-0.6190752387046814
2000,8,20,-0.0896984115242958
2000,8,21,0.13751369714736938
2000,8,22,0.2380034625530243
2000,8,23,0.8111962676048279
2000,8,24,1.246913194656372
2000,8,25,0.8830199837684631
2000,8,26,0.2211727648973465
2000,8,27,-0.05316871032118797
2000,8,28,-0.3642827868461609
2000,8,29,-0.34556955099105835
2000,8,30,0.05646862834692001
2000,8,31,0.16898898780345917
2000,9,1,0.32291531562805176
2000,9,2,0.3434569835662842
2000,9,3,0.264682799577713
2000,9,4,0.5271063446998596
2000,9,5,1.1461373567581177
2000,9,6,1.8365343809127808
2000,9,7,1.946534276008606
2000,9,8,1.6001660823822021
2000,9,9,1.026108741760254
2000,9,10,0.7136123180389404
2000,9,11,0.6473889350891113
2000,9,12,0.4445684552192688
2000,9,13,-0.08345706015825272
2000,9,14,-0.12874668836593628
2000,9,15,-0.042967539280653
2000,9,16,-0.009534205310046673
2000,9,17,-0.2392437607049942
2000,9,18,0.024875177070498466
2000,9,19,0.3751702606678009
2000,9,20,-0.13565613329410553
2000,9,21,-0.4628339409828186
2000,9,22,-0.12478096038103104
2000,9,23,0.16063982248306274
2000,9,24,0.18695837259292603
2000,9,25,-0.26475945115089417
2000,9,26,-0.3518717885017395
2000,9,27,-0.04005368426442146
2000,9,28,0.1719052940607071
2000,9,29,0.6778271794319153
2000,9,30,0.8887512683868408
2000,10,1,0.7534559369087219
2000,10,2,0.614206075668335
2000,10,3,0.6285406947135925
2000,10,4,-0.035504050552845
2000,10,5,-0.18651074171066284
2000,10,6,0.6463960409164429
2000,10,7,1.349886417388916
2000,10,8,1.4017417430877686
2000,10,9,0.9808131456375122
2000,10,10,-0.17863401770591736
2000,10,11,-1.5864633321762085
2000,10,12,-1.5518875122070312
2000,10,13,-0.22364585101604462
2000,10,14,0.9440491199493408
2000,10,15,0.9054233431816101
2000,10,16,0.3216060400009155
2000,10,17,0.4746294915676117
2000,10,18,0.6013143658638
2000,10,19,-0.22182340919971466
2000,10,20,-0.6590979695320129
2000,10,21,-0.04980815201997757
2000,10,22,0.2974033057689667
2000,10,23,0.7168023586273193
2000,10,24,1.2474958896636963
2000,10,25,1.1447114944458008
2000,10,26,0.9147505760192871
2000,10,27,0.45956528186798096
2000,10,28,-0.012414244003593922
2000,10,29,0.019329143688082695
2000,10,30,-0.10617030411958694
2000,10,31,-0.14238637685775757
2000,11,1,-0.7560722231864929
2000,11,2,-1.624092698097229
2000,11,3,-2.0960114002227783
2000,11,4,-2.6577370166778564
2000,11,5,-3.113834857940674
2000,11,6,-2.9928371906280518
2000,11,7,-2.5443203449249268
2000,11,8,-2.1296026706695557
2000,11,9,-2.316537618637085
2000,11,10,-2.616082191467285
2000,11,11,-2.4144644737243652
2000,11,12,-1.9024227857589722
2000,11,13,-1.3273558616638184
2000,11,14,-0.4842521548271179
2000,11,15,-0.52157062292099
2000,11,16,-1.080283284187317
2000,11,17,-1.3130617141723633
2000,11,18,-1.1630221605300903
2000,11,19,-1.337158441543579
2000,11,20,-1.2367303371429443
2000,11,21,-1.3982007503509521
2000,11,22,-1.4505271911621094
2000,11,23,-1.0608354806900024
2000,11,24,-0.28510576486587524
2000,11,25,0.08168680965900421
2000,11,26,-0.2900989353656769
2000,11,27,-1.0334051847457886
2000,11,28,-1.6310750246047974
2000,11,29,-1.6428427696228027
2000,11,30,-1.4224992990493774
2000,12,1,-1.2658028602600098
2000,12,2,-0.841201663017273
2000,12,3,-0.7372367978096008
2000,12,4,-1.112650752067566
2000,12,5,-1.0769505500793457
2000,12,6,-0.7460376620292664
2000,12,7,-1.2848138809204102
2000,12,8,-1.5257631540298462
2000,12,9,-1.4159281253814697
2000,12,10,-1.6768651008605957
2000,12,11,-1.7917695045471191
2000,12,12,-1.789730429649353
2000,12,13,-1.1796822547912598
2000,12,14,-0.0665033683180809
2000,12,15,0.16546416282653809
2000,12,16,-0.10343959182500839
2000,12,17,-0.8249838948249817
2000,12,18,-2.066455602645874
2000,12,19,-2.424579381942749
2000,12,20,-2.9046432971954346
2000,12,21,-3.6971793174743652
2000,12,22,-3.8433730602264404
2000,12,23,-4.133424758911133
2000,12,24,-4.2161359786987305
2000,12,25,-4.343064308166504
2000,12,26,-4.207569599151611
2000,12,27,-4.239311695098877
2000,12,28,-4.63521146774292
2000,12,29,-4.688072204589844
2000,12,30,-4.115035533905029
2000,12,31,-3.6063809394836426
2001,1,1,-3.078543186187744
2001,1,2,-2.636380195617676
2001,1,3,-2.621663808822632
2001,1,4,-2.340773582458496
2001,1,5,-2.517064094543457
2001,1,6,-2.6413204669952393
2001,1,7,-2.7836720943450928
2001,1,8,-2.437434434890747
2001,1,9,-2.2219247817993164
2001,1,10,-1.9188112020492554
2001,1,11,-1.8673173189163208
2001,1,12,-1.2984044551849365
2001,1,13,-0.13987897336483002
2001,1,14,0.4583507180213928
2001,1,15,0.3835794925689697
2001,1,16,0.2991594672203064
2001,1,17,-0.1542830467224121
2001,1,18,-0.17155471444129944
2001,1,19,0.44945043325424194
2001,1,20,0.195505753159523
2001,1,21,0.1003868356347084
2001,1,22,0.38078612089157104
2001,1,23,0.7426386475563049
2001,1,24,1.146390438079834
2001,1,25,1.2104624509811401
2001,1,26,0.8143941164016724
2001,1,27,0.11961712688207626
2001,1,28,-0.8867455124855042
2001,1,29,-1.2385975122451782
2001,1,30,-1.8955587148666382
2001,1,31,-2.120332717895508
2001,2,1,-1.0762795209884644
2001,2,2,-0.47882696986198425
2001,2,3,-0.8938719034194946
2001,2,4,-1.2786887884140015
2001,2,5,-1.44728684425354
2001,2,6,-1.7816060781478882
2001,2,7,-1.1059725284576416
2001,2,8,-0.3615712821483612
2001,2,9,0.5171921253204346
2001,2,10,0.8635314702987671
2001,2,11,1.4629021883010864
2001,2,12,2.3615105152130127
2001,2,13,2.883570432662964
2001,2,14,2.939019203186035
2001,2,15,2.461843490600586
2001,2,16,1.8607027530670166
2001,2,17,1.260082721710205
2001,2,18,0.4941961467266083
2001,2,19,0.8058018684387207
2001,2,20,0.6542952060699463
2001,2,21,-0.5352464914321899
2001,2,22,-2.3817973136901855
2001,2,23,-3.3727192878723145
2001,2,24,-4.035172939300537
2001,2,25,-4.85438871383667
2001,2,26,-4.604569435119629
2001,2,27,-3.987654685974121
2001,2,28,-3.1793055534362793
2001,3,1,-3.429551601409912
2001,3,2,-3.244131326675415
2001,3,3,-3.429551601409912
2001,3,4,-3.3959884643554688
2001,3,5,-3.3583178520202637
2001,3,6,-3.205866575241089
2001,3,7,-2.4023022651672363
2001,3,8,-1.3988585472106934
2001,3,9,-0.10202783346176147
2001,3,10,0.9082653522491455
2001,3,11,1.5748705863952637
2001,3,12,1.5748705863952637
2001,3,13,1.0418517589569092
2001,3,14,-0.4264107942581177
2001,3,15,-1.8804540634155273
2001,3,16,-2.437177896499634
2001,3,17,-2.350100040435791
2001,3,18,-2.2996346950531006
2001,3,19,-2.304713726043701
2001,3,20,-2.194261074066162
2001,3,21,-2.19096040725708
2001,3,22,-2.8109278678894043
2001,3,23,-3.567354917526245
2001,3,24,-4.201621055603027
2001,3,25,-3.9519906044006348
2001,3,26,-2.6035754680633545
2001,3,27,-1.058259129524231
2001,3,28,-0.14646458625793457
2001,3,29,0.6571305394172668
2001,3,30,1.1038862466812134
2001,3,31,1.1038862466812134
2001,4,1,0.9155849814414978
2001,4,2,0.623887836933136
2001,4,3,1.086787462234497
2001,4,4,2.351735830307007
2001,4,5,2.7521615028381348
2001,4,6,2.1917049884796143
2001,4,7,1.4243943691253662
2001,4,8,1.008515477180481
2001,4,9,0.4777536690235138
2001,4,10,0.13332712650299072
2001,4,11,0.3610585629940033
2001,4,12,0.900729238986969
2001,4,13,0.8816033601760864
2001,4,14,0.38903820514678955
2001,4,15,-0.17279928922653198
2001,4,16,-0.32786861062049866
2001,4,17,-0.40337690711021423
2001,4,18,-0.2486821711063385
2001,4,19,-0.22573012113571167
2001,4,20,0.42683425545692444
2001,4,21,1.2407832145690918
2001,4,22,1.3954957723617554
2001,4,23,1.0400784015655518
2001,4,24,0.8742392063140869
2001,4,25,1.0272127389907837
2001,4,26,1.4616775512695312
2001,4,27,1.0790163278579712
2001,4,28,0.6199324727058411
2001,4,29,1.0170754194259644
2001,4,30,1.907633662223816
2001,5,1,2.5174999237060547
2001,5,2,2.520155906677246
2001,5,3,2.485060214996338
2001,5,4,2.1721415519714355
2001,5,5,1.7029229402542114
2001,5,6,1.3511320352554321
2001,5,7,1.2471619844436646
2001,5,8,1.3349758386611938
2001,5,9,1.1898506879806519
2001,5,10,0.32447659969329834
2001,5,11,-0.42031192779541016
2001,5,12,-1.3457398414611816
2001,5,13,-1.8227012157440186
2001,5,14,-1.9827914237976074
2001,5,15,-1.602194905281067
2001,5,16,-0.9509797692298889
2001,5,17,-0.3189427852630615
2001,5,18,0.16913199424743652
2001,5,19,0.21090330183506012
2001,5,20,0.004261502996087074
2001,5,21,-0.33104848861694336
2001,5,22,-0.6760457754135132
2001,5,23,-0.7257031202316284
2001,5,24,-0.2646913230419159
2001,5,25,0.19980329275131226
2001,5,26,0.42911994457244873
2001,5,27,0.5522364974021912
2001,5,28,0.7874268293380737
2001,5,29,1.2043962478637695
2001,5,30,1.6315535306930542
2001,5,31,1.9163854122161865
2001,6,1,1.7922368049621582
2001,6,2,1.1962922811508179
2001,6,3,0.6237955093383789
2001,6,4,0.5555510520935059
2001,6,5,0.733087956905365
2001,6,6,0.5555510520935059
2001,6,7,0.19653606414794922
2001,6,8,0.5555510520935059
2001,6,9,-0.4861133098602295
2001,6,10,-0.4622989594936371
2001,6,11,-0.2012004554271698
2001,6,12,-0.09424624592065811
2001,6,13,-0.4115709066390991
2001,6,14,-0.9607135653495789
2001,6,15,-1.301230788230896
2001,6,16,-1.467918038368225
2001,6,17,-1.141707420349121
2001,6,18,-0.5144136548042297
2001,6,19,-0.03480185940861702
2001,6,20,0.08383187651634216
2001,6,21,0.12590600550174713
2001,6,22,0.017124122008681297
2001,6,23,-0.22160622477531433
2001,6,24,-0.27775630354881287
2001,6,25,-0.1769157201051712
2001,6,26,0.004078090190887451
2001,6,27,0.05009054020047188
2001,6,28,0.027969740331172943
2001,6,29,0.2863682210445404
2001,6,30,0.5017611980438232
2001,7,1,0.39706993103027344
2001,7,2,0.3010878264904022
2001,7,3,0.19799397885799408
2001,7,4,0.47514331340789795
2001,7,5,0.8429353833198547
2001,7,6,0.6333826780319214
2001,7,7,0.2589847445487976
2001,7,8,-0.20754756033420563
2001,7,9,-0.3761861026287079
2001,7,10,-0.5604209303855896
2001,7,11,-0.6509953141212463
2001,7,12,-0.4389536678791046
2001,7,13,-0.25079867243766785
2001,7,14,-0.16465164721012115
2001,7,15,-0.2983670234680176
2001,7,16,-0.6389784812927246
2001,7,17,-1.020526647567749
2001,7,18,-1.2949665784835815
2001,7,19,-1.1333606243133545
2001,7,20,-0.5779327154159546
2001,7,21,-0.2728956937789917
2001,7,22,-0.17017239332199097
2001,7,23,-0.26391249895095825
2001,7,24,-0.4478457272052765
2001,7,25,-0.45827820897102356
2001,7,26,-0.16733641922473907
2001,7,27,0.3466620147228241
2001,7,28,1.1333808898925781
2001,7,29,1.423904538154602
2001,7,30,1.2326340675354004
2001,7,31,1.2214027643203735
2001,8,1,1.3006513118743896
2001,8,2,1.673138976097107
2001,8,3,1.6611160039901733
2001,8,4,1.4330158233642578
2001,8,5,1.0204776525497437
2001,8,6,0.7149518132209778
2001,8,7,0.5926768779754639
2001,8,8,0.5843705534934998
2001,8,9,0.6991355419158936
2001,8,10,1.1096291542053223
2001,8,11,1.667547583580017
2001,8,12,2.142470598220825
2001,8,13,2.0159151554107666
2001,8,14,1.5797005891799927
2001,8,15,1.3145517110824585
2001,8,16,1.3977665901184082
2001,8,17,1.5446250438690186
2001,8,18,1.4316529035568237
2001,8,19,0.8265813589096069
2001,8,20,0.32961755990982056
2001,8,21,-0.3474501371383667
2001,8,22,-0.7410023212432861
2001,8,23,-0.8324587941169739
2001,8,24,-0.9779985547065735
2001,8,25,-1.0737674236297607
2001,8,26,-1.024899959564209
2001,8,27,-0.6760925650596619
2001,8,28,-0.6506693959236145
2001,8,29,-1.115391492843628
2001,8,30,-1.1768767833709717
2001,8,31,-0.8644214868545532
2001,9,1,-0.28879547119140625
2001,9,2,-0.24207653105258942
2001,9,3,-0.25463026762008667
2001,9,4,0.28129419684410095
2001,9,5,0.7679768800735474
2001,9,6,0.8379602432250977
2001,9,7,0.4045880436897278
2001,9,8,0.04314817488193512
2001,9,9,-0.19558125734329224
2001,9,10,-0.11565586179494858
2001,9,11,-0.3435874879360199
2001,9,12,-0.6824009418487549
2001,9,13,-0.10122714936733246
2001,9,14,-0.1641390472650528
2001,9,15,-0.8294106125831604
2001,9,16,-1.1110002994537354
2001,9,17,-1.5567597150802612
2001,9,18,-1.9628077745437622
2001,9,19,-1.9101274013519287
2001,9,20,-1.5689961910247803
2001,9,21,-1.3145290613174438
2001,9,22,-1.4940263032913208
2001,9,23,-1.9321593046188354
2001,9,24,-1.98944890499115
2001,9,25,-1.3763179779052734
2001,9,26,-1.182456612586975
2001,9,27,-1.1772385835647583
2001,9,28,-1.1348116397857666
2001,9,29,-0.5206931829452515
2001,9,30,0.6668031215667725
2001,10,1,1.7403866052627563
2001,10,2,2.373929500579834
2001,10,3,1.9806681871414185
2001,10,4,0.9042863845825195
2001,10,5,0.12037184089422226
2001,10,6,-0.2679510712623596
2001,10,7,-0.3029097020626068
2001,10,8,0.649328351020813
2001,10,9,2.3881723880767822
2001,10,10,3.036835193634033
2001,10,11,2.3939950466156006
2001,10,12,1.8295187950134277
2001,10,13,1.4727545976638794
2001,10,14,0.1677280068397522
2001,10,15,-0.9507631659507751
2001,10,16,-1.233647108078003
2001,10,17,-0.8338080644607544
2001,10,18,-0.5949361324310303
2001,10,19,-1.0382866859436035
2001,10,20,-1.1301218271255493
2001,10,21,-0.6634190678596497
2001,10,22,0.0972171202301979
2001,10,23,0.5532512664794922
2001,10,24,0.6572239398956299
2001,10,25,0.6541646718978882
2001,10,26,0.6131032705307007
2001,10,27,0.9381065368652344
2001,10,28,1.432473063468933
2001,10,29,1.2984528541564941
2001,10,30,1.157248616218567
2001,10,31,1.705000638961792
2001,11,1,2.433699131011963
2001,11,2,2.727792978286743
2001,11,3,2.664597749710083
2001,11,4,2.1991283893585205
2001,11,5,1.9028030633926392
2001,11,6,1.3505109548568726
2001,11,7,0.9282665252685547
2001,11,8,0.5245130062103271
2001,11,9,1.7348623275756836
2001,11,10,2.190418004989624
2001,11,11,1.2149415016174316
2001,11,12,0.5368515849113464
2001,11,13,0.5746256709098816
2001,11,14,0.7234334945678711
2001,11,15,0.9014101028442383
2001,11,16,0.7640939354896545
2001,11,17,0.24179139733314514
2001,11,18,-0.1849803477525711
2001,11,19,-0.052451442927122116
2001,11,20,0.22658149898052216
2001,11,21,0.06751181185245514
2001,11,22,0.33669349551200867
2001,11,23,0.26960259675979614
2001,11,24,0.0812418982386589
2001,11,25,0.5489075183868408
2001,11,26,0.403381884098053
2001,11,27,-0.6905145645141602
2001,11,28,-0.6679670214653015
2001,11,29,-0.16105805337429047
2001,11,30,-0.10785360634326935
2001,12,1,-0.0704922154545784
2001,12,2,-0.18257398903369904
2001,12,3,-0.006003035698086023
2001,12,4,-0.34539610147476196
2001,12,5,-0.9739406704902649
2001,12,6,-1.4397094249725342
2001,12,7,-1.639851450920105
2001,12,8,-1.5087785720825195
2001,12,9,-0.9395520687103271
2001,12,10,-0.7770542502403259
2001,12,11,-0.7863612174987793
2001,12,12,-0.8231393098831177
2001,12,13,-0.6414017677307129
2001,12,14,-0.8505922555923462
2001,12,15,-1.811307430267334
2001,12,16,-2.452796697616577
2001,12,17,-2.1623737812042236
2001,12,18,-1.7656513452529907
2001,12,19,-1.4745036363601685
2001,12,20,-1.0447102785110474
2001,12,21,-0.40564215183258057
2001,12,22,-0.09669183939695358
2001,12,23,-0.25065678358078003
2001,12,24,-1.1090400218963623
2001,12,25,-1.3381264209747314
2001,12,26,-1.6443160772323608
2001,12,27,-2.7549092769622803
2001,12,28,-3.2928035259246826
2001,12,29,-3.0354621410369873
2001,12,30,-2.535120725631714
2001,12,31,-1.3813376426696777
2002,1,1,-0.18450304865837097
2002,1,2,0.03818931430578232
2002,1,3,-0.03466510772705078
2002,1,4,-0.48803019523620605
2002,1,5,-0.22754400968551636
2002,1,6,0.91530841588974
2002,1,7,1.7113544940948486
2002,1,8,2.3669381141662598
2002,1,9,2.905810832977295
2002,1,10,3.015096426010132
2002,1,11,2.054797649383545
2002,1,12,1.2565720081329346
2002,1,13,1.3848971128463745
2002,1,14,1.3635910749435425
2002,1,15,1.379918098449707
2002,1,16,1.1401933431625366
2002,1,17,1.0711555480957031
2002,1,18,1.6820911169052124
2002,1,19,2.012698173522949
2002,1,20,1.9883977174758911
2002,1,21,1.3216025829315186
2002,1,22,0.9353753328323364
2002,1,23,0.9160138964653015
2002,1,24,1.0329231023788452
2002,1,25,1.2454506158828735
2002,1,26,1.5597736835479736
2002,1,27,1.6800768375396729
2002,1,28,1.7535320520401
2002,1,29,1.7783141136169434
2002,1,30,1.8787246942520142
2002,1,31,1.841343641281128
2002,2,1,1.8555760383605957
2002,2,2,1.7897266149520874
2002,2,3,1.2089612483978271
2002,2,4,0.8790625333786011
2002,2,5,0.7866454720497131
2002,2,6,0.2406536191701889
2002,2,7,0.5355316996574402
2002,2,8,0.8177675604820251
2002,2,9,0.3461768925189972
2002,2,10,0.18931415677070618
2002,2,11,0.9991567134857178
2002,2,12,1.417017936706543
2002,2,13,2.016176223754883
2002,2,14,2.5560288429260254
2002,2,15,2.851907253265381
2002,2,16,2.941371440887451
2002,2,17,2.413759469985962
2002,2,18,2.050839900970459
2002,2,19,2.1583731174468994
2002,2,20,1.6967047452926636
2002,2,21,1.180931806564331
2002,2,22,0.8159255385398865
2002,2,23,0.252943217754364
2002,2,24,0.2255982607603073
2002,2,25,0.12896256148815155
2002,2,26,0.6328186392784119
2002,2,27,1.2271045446395874
2002,2,28,0.9826169610023499
2002,3,1,1.9010369777679443
2002,3,2,3.0626273155212402
2002,3,3,2.989715099334717
2002,3,4,2.4457826614379883
2002,3,5,2.9930737018585205
2002,3,6,3.6899631023406982
2002,3,7,2.945387601852417
2002,3,8,2.1874356269836426
2002,3,9,1.7726083993911743
2002,3,10,1.008800745010376
2002,3,11,0.9147780537605286
2002,3,12,1.474562406539917
2002,3,13,1.054768681526184
2002,3,14,0.0931646078824997
2002,3,15,-0.6566768288612366
2002,3,16,-0.6989263296127319
2002,3,17,-0.2780921161174774
2002,3,18,0.0892595648765564
2002,3,19,0.05374593660235405
2002,3,20,-0.11813638359308243
2002,3,21,-0.6364535689353943
2002,3,22,-1.8105674982070923
2002,3,23,-2.189771890640259
2002,3,24,-0.9538088440895081
2002,3,25,0.4669269025325775
2002,3,26,1.30330228805542
2002,3,27,1.648738145828247
2002,3,28,1.3749431371688843
2002,3,29,0.6584055423736572
2002,3,30,0.20023979246616364
2002,3,31,-0.022609570994973183
2002,4,1,-0.2810876667499542
2002,4,2,-1.1704559326171875
2002,4,3,-1.391176462173462
2002,4,4,-0.9590246081352234
2002,4,5,-1.2594692707061768
2002,4,6,-1.0621089935302734
2002,4,7,-1.226717233657837
2002,4,8,-1.3679349422454834
2002,4,9,-0.7271525263786316
2002,4,10,-0.20272645354270935
2002,4,11,0.47402897477149963
2002,4,12,1.0466104745864868
2002,4,13,1.502109408378601
2002,4,14,1.7350196838378906
2002,4,15,1.4093055725097656
2002,4,16,0.5828299522399902
2002,4,17,0.007642335724085569
2002,4,18,0.07551613450050354
2002,4,19,0.9156351089477539
2002,4,20,1.8610624074935913
2002,4,21,2.919376850128174
2002,4,22,3.468306303024292
2002,4,23,3.253073215484619
2002,4,24,2.6022963523864746
2002,4,25,2.736647367477417
2002,4,26,2.8133537769317627
2002,4,27,2.1352224349975586
2002,4,28,0.9209908246994019
2002,4,29,0.4391361474990845
2002,4,30,0.4005086123943329
2002,5,1,0.3708808422088623
2002,5,2,0.49470990896224976
2002,5,3,0.7539550065994263
2002,5,4,0.768879234790802
2002,5,5,1.1984093189239502
2002,5,6,1.7065749168395996
2002,5,7,1.6373878717422485
2002,5,8,1.3704943656921387
2002,5,9,1.0416334867477417
2002,5,10,1.0141265392303467
2002,5,11,0.9494765400886536
2002,5,12,0.5288535356521606
2002,5,13,0.4241297245025635
2002,5,14,0.6238728165626526
2002,5,15,0.7399871349334717
2002,5,16,0.620893657207489
2002,5,17,0.1760639250278473
2002,5,18,0.0021329191513359547
2002,5,19,0.06297796219587326
2002,5,20,0.27849286794662476
2002,5,21,0.023139353841543198
2002,5,22,-0.19961746037006378
2002,5,23,0.08306296169757843
2002,5,24,0.18714401125907898
2002,5,25,-0.08159557729959488
2002,5,26,-0.5625613331794739
2002,5,27,-1.054073691368103
2002,5,28,-1.273841381072998
2002,5,29,-0.6388320922851562
2002,5,30,0.13912245631217957
2002,5,31,0.6105735301971436
2002,6,1,0.5315042734146118
2002,6,2,0.27294665575027466
2002,6,3,0.12731541693210602
2002,6,4,0.19567738473415375
2002,6,5,0.6795825362205505
2002,6,6,0.9058658480644226
2002,6,7,0.553887665271759
2002,6,8,0.016835156828165054
2002,6,9,0.06721553951501846
2002,6,10,0.23971134424209595
2002,6,11,0.027403732761740685
2002,6,12,-0.17404165863990784
2002,6,13,-0.4961319863796234
2002,6,14,-0.6918761730194092
2002,6,15,-0.5396661162376404
2002,6,16,-0.5504461526870728
2002,6,17,-0.24200747907161713
2002,6,18,0.36300942301750183
2002,6,19,0.6879881024360657
2002,6,20,0.6726421117782593
2002,6,21,1.119655728340149
2002,6,22,1.8332716226577759
2002,6,23,2.2826595306396484
2002,6,24,1.8859479427337646
2002,6,25,1.0435775518417358
2002,6,26,0.47210392355918884
2002,6,27,0.5422413349151611
2002,6,28,0.9273878931999207
2002,6,29,1.5782605409622192
2002,6,30,2.2354583740234375
2002,7,1,2.2552621364593506
2002,7,2,2.033313035964966
2002,7,3,1.7873579263687134
2002,7,4,1.8079403638839722
2002,7,5,1.433241605758667
2002,7,6,1.0352468490600586
2002,7,7,0.6024792790412903
2002,7,8,0.07229483872652054
2002,7,9,-0.35122522711753845
2002,7,10,-0.7081754803657532
2002,7,11,-0.6794242262840271
2002,7,12,-0.5072615146636963
2002,7,13,-0.41553497314453125
2002,7,14,-0.4542907476425171
2002,7,15,-0.6649448275566101
2002,7,16,-0.9860795140266418
2002,7,17,-1.1209901571273804
2002,7,18,-1.0835652351379395
2002,7,19,-0.951643168926239
2002,7,20,-0.5776151418685913
2002,7,21,-0.15949183702468872
2002,7,22,0.4925667941570282
2002,7,23,1.0198791027069092
2002,7,24,1.6802723407745361
2002,7,25,2.0085065364837646
2002,7,26,2.0423314571380615
2002,7,27,1.7649298906326294
2002,7,28,0.9957160353660583
2002,7,29,-0.11162301152944565
2002,7,30,-1.012769103050232
2002,7,31,-1.4543368816375732
2002,8,1,-1.7800952196121216
2002,8,2,-1.6683404445648193
2002,8,3,-1.196518063545227
2002,8,4,-0.8148534893989563
2002,8,5,-0.7147427201271057
2002,8,6,-0.7605382204055786
2002,8,7,-0.8159722685813904
2002,8,8,-0.5518542528152466
2002,8,9,-0.10094069689512253
2002,8,10,-0.06914404034614563
2002,8,11,-0.0057640983723104
2002,8,12,0.19283902645111084
2002,8,13,0.6745337843894958
2002,8,14,0.4898203909397125
2002,8,15,0.060214512050151825
2002,8,16,-0.37019112706184387
2002,8,17,-0.8040297627449036
2002,8,18,-0.7370089888572693
2002,8,19,-0.7415668368339539
2002,8,20,-0.7435107231140137
2002,8,21,-0.5132339596748352
2002,8,22,-0.2706175148487091
2002,8,23,-0.3128218948841095
2002,8,24,-0.31059274077415466
2002,8,25,-0.1555008739233017
2002,8,26,-0.09038416296243668
2002,8,27,0.2465323507785797
2002,8,28,0.8079912066459656
2002,8,29,1.0366253852844238
2002,8,30,1.3120466470718384
2002,8,31,1.8721277713775635
2002,9,1,2.312117099761963
2002,9,2,1.8972262144088745
2002,9,3,0.7965530157089233
2002,9,4,0.3721093535423279
2002,9,5,0.4058266282081604
2002,9,6,0.5623176097869873
2002,9,7,0.8499817848205566
2002,9,8,0.6048344373703003
2002,9,9,-0.120586097240448
2002,9,10,-0.9424682259559631
2002,9,11,-1.667946457862854
2002,9,12,-1.8065189123153687
2002,9,13,-1.2829277515411377
2002,9,14,-0.6172386407852173
2002,9,15,0.19473671913146973
2002,9,16,0.5168492794036865
2002,9,17,0.5930465459823608
2002,9,18,0.6583116054534912
2002,9,19,0.7308851480484009
2002,9,20,0.23142407834529877
2002,9,21,-0.7360062599182129
2002,9,22,-1.2305623292922974
2002,9,23,-1.2883713245391846
2002,9,24,-1.0675899982452393
2002,9,25,-0.8015045523643494
2002,9,26,-0.6532173156738281
2002,9,27,-0.36823973059654236
2002,9,28,0.07749572396278381
2002,9,29,0.28852301836013794
2002,9,30,0.25125643610954285
2002,10,1,0.2624743580818176
2002,10,2,0.6536937355995178
2002,10,3,0.7744678854942322
2002,10,4,0.4351036250591278
2002,10,5,0.31433212757110596
2002,10,6,0.6889152526855469
2002,10,7,1.2742561101913452
2002,10,8,0.6699927449226379
2002,10,9,-0.5427162051200867
2002,10,10,-1.4270166158676147
2002,10,11,-1.9630746841430664
2002,10,12,-2.3777947425842285
2002,10,13,-2.7978992462158203
2002,10,14,-3.0624125003814697
2002,10,15,-3.717741012573242
2002,10,16,-4.4338812828063965
2002,10,17,-4.910794258117676
2002,10,18,-5.0979108810424805
2002,10,19,-4.849646091461182
2002,10,20,-4.350409507751465
2002,10,21,-3.5160441398620605
2002,10,22,-2.377803087234497
2002,10,23,-1.1479301452636719
2002,10,24,-0.23805752396583557
2002,10,25,0.16875259578227997
2002,10,26,0.6656259894371033
2002,10,27,0.56538987159729
2002,10,28,-0.5769168138504028
2002,10,29,-1.2400082349777222
2002,10,30,-1.287122368812561
2002,10,31,-1.0639578104019165
2002,11,1,-0.45088431239128113
2002,11,2,-0.3312695324420929
2002,11,3,-0.5249311923980713
2002,11,4,-0.9173469543457031
2002,11,5,-1.043299913406372
2002,11,6,-1.4836074113845825
2002,11,7,-2.5333023071289062
2002,11,8,-2.332113742828369
2002,11,9,-1.4867345094680786
2002,11,10,-1.027381181716919
2002,11,11,-1.191709041595459
2002,11,12,-1.4165288209915161
2002,11,13,-1.4630095958709717
2002,11,14,-2.0235674381256104
2002,11,15,-1.89791738986969
2002,11,16,-0.895266056060791
2002,11,17,0.2629053294658661
2002,11,18,0.3241046667098999
2002,11,19,-0.06329386681318283
2002,11,20,-0.14920350909233093
2002,11,21,-0.889765202999115
2002,11,22,-1.7090972661972046
2002,11,23,-2.931434154510498
2002,11,24,-3.4547677040100098
2002,11,25,-2.8478143215179443
2002,11,26,-2.261476993560791
2002,11,27,-1.6768678426742554
2002,11,28,-1.4143043756484985
2002,11,29,-2.025210380554199
2002,11,30,-1.379764437675476
2002,12,1,-0.9115068912506104
2002,12,2,-1.216387152671814
2002,12,3,-1.0209378004074097
2002,12,4,-1.4007527828216553
2002,12,5,-1.9380428791046143
2002,12,6,-2.286158323287964
2002,12,7,-2.653730630874634
2002,12,8,-2.244096279144287
2002,12,9,-1.4658678770065308
2002,12,10,-0.37152186036109924
2002,12,11,-0.030914684757590294
2002,12,12,-0.6857185959815979
2002,12,13,-1.4329887628555298
2002,12,14,-1.7757797241210938
2002,12,15,-1.9715040922164917
2002,12,16,-1.658345103263855
2002,12,17,-1.0620673894882202
2002,12,18,-1.3661742210388184
2002,12,19,-1.9660927057266235
2002,12,20,-1.990229845046997
2002,12,21,-1.9621878862380981
2002,12,22,-1.9361321926116943
2002,12,23,-1.577372670173645
2002,12,24,-0.7343155145645142
2002,12,25,-0.31771522760391235
2002,12,26,-0.5664456486701965
2002,12,27,-1.479695439338684
2002,12,28,-1.9159445762634277
2002,12,29,-2.3383212089538574
2002,12,30,-2.757310390472412
2002,12,31,-2.5674259662628174
2003,1,1,-1.9817380905151367
2003,1,2,-1.9740568399429321
2003,1,3,-1.5788660049438477
2003,1,4,-1.0200892686843872
2003,1,5,-0.8649014234542847
2003,1,6,-0.18860867619514465
2003,1,7,-0.0671902745962143
2003,1,8,-1.389273762702942
2003,1,9,-2.245029926300049
2003,1,10,-1.4846336841583252
2003,1,11,-0.25942209362983704
2003,1,12,1.0948638916015625
2003,1,13,2.1793949604034424
2003,1,14,2.571958541870117
2003,1,15,2.4984724521636963
2003,1,16,2.183694839477539
2003,1,17,1.021828293800354
2003,1,18,-0.1525849550962448
2003,1,19,-1.0703210830688477
2003,1,20,-2.4017677307128906
2003,1,21,-3.544985771179199
2003,1,22,-3.575453281402588
2003,1,23,-2.4867441654205322
2003,1,24,-1.2407760620117188
2003,1,25,-0.4692705273628235
2003,1,26,0.5787398815155029
2003,1,27,1.3725152015686035
2003,1,28,0.18258912861347198
2003,1,29,-0.7599568963050842
2003,1,30,-0.027484595775604248
2003,1,31,0.9944531917572021
2003,2,1,1.5733366012573242
2003,2,2,1.112043023109436
2003,2,3,0.10393661260604858
2003,2,4,-0.5760498642921448
2003,2,5,-0.3712943494319916
2003,2,6,0.5487097501754761
2003,2,7,1.144744634628296
2003,2,8,1.0874850749969482
2003,2,9,1.2734390497207642
2003,2,10,1.2604762315750122
2003,2,11,0.6425809860229492
2003,2,12,0.24595342576503754
2003,2,13,-0.04280509427189827
2003,2,14,-0.39154985547065735
2003,2,15,-0.14736616611480713
2003,2,16,0.4380446672439575
2003,2,17,0.6747059226036072
2003,2,18,-0.03999381512403488
2003,2,19,-0.7067307829856873
2003,2,20,-0.572274386882782
2003,2,21,-0.35051754117012024
2003,2,22,-0.6021899580955505
2003,2,23,-0.5970892906188965
2003,2,24,-0.4324100613594055
2003,2,25,-0.2809651792049408
2003,2,26,-0.6241845488548279
2003,2,27,-0.59405916929245
2003,2,28,-0.3275413513183594
2003,3,1,-0.22670938074588776
2003,3,2,-0.140260711312294
2003,3,3,-0.24619247019290924
2003,3,4,-0.5155207514762878
2003,3,5,-0.20371587574481964
2003,3,6,-0.12854422628879547
2003,3,7,-0.34151479601860046
2003,3,8,-0.24958720803260803
2003,3,9,0.12095892429351807
2003,3,10,0.9172171950340271
2003,3,11,1.1723653078079224
2003,3,12,1.1493672132492065
2003,3,13,0.39195024967193604
2003,3,14,-0.2781766355037689
2003,3,15,-0.431165874004364
2003,3,16,-0.1824416071176529
2003,3,17,-0.2314399778842926
2003,3,18,-0.19247180223464966
2003,3,19,0.4548462927341461
2003,3,20,1.971581220626831
2003,3,21,3.2650952339172363
2003,3,22,3.2026052474975586
2003,3,23,2.438694477081299
2003,3,24,2.4182732105255127
2003,3,25,2.2400975227355957
2003,3,26,2.0913968086242676
2003,3,27,1.9917075634002686
2003,3,28,1.510516881942749
2003,3,29,1.4303637742996216
2003,3,30,1.785122036933899
2003,3,31,2.705907106399536
2003,4,1,2.8608579635620117
2003,4,2,1.7781867980957031
2003,4,3,0.48570090532302856
2003,4,4,-0.18865865468978882
2003,4,5,0.0030743300449103117
2003,4,6,0.3937341868877411
2003,4,7,0.7382319569587708
2003,4,8,1.1150381565093994
2003,4,9,0.9430301785469055
2003,4,10,-0.11112813651561737
2003,4,11,-1.0852760076522827
2003,4,12,-1.5438389778137207
2003,4,13,-1.038744568824768
2003,4,14,0.017446206882596016
2003,4,15,0.6927127242088318
2003,4,16,0.6313806176185608
2003,4,17,0.37390294671058655
2003,4,18,0.5587693452835083
2003,4,19,0.18825556337833405
2003,4,20,-0.4898807108402252
2003,4,21,-1.1850899457931519
2003,4,22,-1.710306167602539
2003,4,23,-2.1526596546173096
2003,4,24,-2.2980551719665527
2003,4,25,-2.0739827156066895
2003,4,26,-1.5286486148834229
2003,4,27,-0.9209213852882385
2003,4,28,-0.5253217220306396
2003,4,29,0.25750651955604553
2003,4,30,
2003,5,1,0.5674185156822205
2003,5,2,0.05382338911294937
2003,5,3,-0.445425808429718
2003,5,4,-0.27603447437286377
2003,5,5,0.5954062938690186
2003,5,6,1.408922553062439
2003,5,7,2.0405633449554443
2003,5,8,1.8273544311523438
2003,5,9,1.4884510040283203
2003,5,10,1.2455486059188843
2003,5,11,1.349306583404541
2003,5,12,1.3782495260238647
2003,5,13,1.5160235166549683
2003,5,14,1.798766851425171
2003,5,15,2.1774473190307617
2003,5,16,1.5755650997161865
2003,5,17,0.7117268443107605
2003,5,18,0.3736993670463562
2003,5,19,0.44778910279273987
2003,5,20,0.5828810334205627
2003,5,21,0.7869070768356323
2003,5,22,1.168632984161377
2003,5,23,1.503354787826538
2003,5,24,1.2329679727554321
2003,5,25,1.0496829748153687
2003,5,26,0.9893990159034729
2003,5,27,1.0374891757965088
2003,5,28,0.6592392921447754
2003,5,29,0.5652485489845276
2003,5,30,0.570137619972229
2003,5,31,0.4126611053943634
2003,6,1,-0.07072395086288452
2003,6,2,-0.42851677536964417
2003,6,3,-0.6631569862365723
2003,6,4,-0.6976620554924011
2003,6,5,-0.3149842917919159
2003,6,6,0.13855195045471191
2003,6,7,0.281504362821579
2003,6,8,-0.09458757191896439
2003,6,9,-0.20763085782527924
2003,6,10,-0.06785903871059418
2003,6,11,0.28215113282203674
2003,6,12,0.19388340413570404
2003,6,13,-0.26562580466270447
2003,6,14,-0.47378847002983093
2003,6,15,-0.4913763701915741
2003,6,16,-0.6027805805206299
2003,6,17,-0.39301803708076477
2003,6,18,0.1513398438692093
2003,6,19,0.752623975276947
2003,6,20,0.687712550163269
2003,6,21,0.5638614296913147
2003,6,22,0.35856813192367554
2003,6,23,0.048199426382780075
2003,6,24,0.2500477433204651
2003,6,25,0.3901109993457794
2003,6,26,0.3272104263305664
2003,6,27,-0.030693944543600082
2003,6,28,-0.7736620306968689
2003,6,29,-1.0289546251296997
2003,6,30,-0.7784707546234131
2003,7,1,-0.48882177472114563
2003,7,2,-0.5800872445106506
2003,7,3,-0.7179317474365234
2003,7,4,-0.7309924364089966
2003,7,5,-0.5972279906272888
2003,7,6,-0.46203556656837463
2003,7,7,-0.3461551070213318
2003,7,8,-0.23612169921398163
2003,7,9,-0.027656231075525284
2003,7,10,0.1213141679763794
2003,7,11,0.2999274730682373
2003,7,12,0.1984821856021881
2003,7,13,-0.08169794082641602
2003,7,14,-0.0494198352098465
2003,7,15,-0.2825763523578644
2003,7,16,-0.5908375382423401
2003,7,17,-0.8215717673301697
2003,7,18,-0.9542224407196045
2003,7,19,-0.6567122936248779
2003,7,20,0.054703302681446075
2003,7,21,0.5616734027862549
2003,7,22,1.2124154567718506
2003,7,23,1.5335499048233032
2003,7,24,1.5484877824783325
2003,7,25,1.12783682346344
2003,7,26,0.653760552406311
2003,7,27,0.46583834290504456
2003,7,28,0.2686847746372223
2003,7,29,0.20351041853427887
2003,7,30,0.8203288316726685
2003,7,31,0.8022152781486511
2003,8,1,0.5467005968093872
2003,8,2,0.4479820728302002
2003,8,3,0.04483813792467117
2003,8,4,-0.43597936630249023
2003,8,5,-0.7990061640739441
2003,8,6,-1.0350947380065918
2003,8,7,-1.1555827856063843
2003,8,8,-1.1961537599563599
2003,8,9,-1.0516278743743896
2003,8,10,-1.1482467651367188
2003,8,11,-1.4181016683578491
2003,8,12,-0.9658556580543518
2003,8,13,-0.21267594397068024
2003,8,14,0.3273252248764038
2003,8,15,0.5888049602508545
2003,8,16,0.6754220128059387
2003,8,17,0.9192343950271606
2003,8,18,0.8861125707626343
2003,8,19,1.0593070983886719
2003,8,20,1.1620503664016724
2003,8,21,1.14320969581604
2003,8,22,0.40063875913619995
2003,8,23,-0.5868743062019348
2003,8,24,-1.159871220588684
2003,8,25,-1.2207225561141968
2003,8,26,-0.9985346794128418
2003,8,27,-0.950696587562561
2003,8,28,-1.1982483863830566
2003,8,29,-1.097457766532898
2003,8,30,-0.4382714629173279
2003,8,31,0.4818980097770691
2003,9,1,1.20937979221344
2003,9,2,1.5742275714874268
2003,9,3,1.8005125522613525
2003,9,4,1.9286938905715942
2003,9,5,1.6408146619796753
2003,9,6,1.0893064737319946
2003,9,7,0.43232429027557373
2003,9,8,-0.04521734640002251
2003,9,9,-0.0817827507853508
2003,9,10,0.06213909015059471
2003,9,11,0.5113404393196106
2003,9,12,0.6559081673622131
2003,9,13,0.846655011177063
2003,9,14,1.1933091878890991
2003,9,15,0.6090554594993591
2003,9,16,-0.24651533365249634
2003,9,17,-0.23953714966773987
2003,9,18,0.3006618916988373
2003,9,19,0.7103341817855835
2003,9,20,0.593618631362915
2003,9,21,0.7338994145393372
2003,9,22,0.6667258739471436
2003,9,23,0.20876134932041168
2003,9,24,-0.2271319478750229
2003,9,25,0.22881904244422913
2003,9,26,0.5850222110748291
2003,9,27,0.355502188205719
2003,9,28,-0.6985831260681152
2003,9,29,-1.4398384094238281
2003,9,30,-1.4619941711425781
2003,10,1,-1.2787795066833496
2003,10,2,-0.9392671585083008
2003,10,3,-0.8961291909217834
2003,10,4,-0.5125518441200256
2003,10,5,0.01896759681403637
2003,10,6,0.5420415997505188
2003,10,7,1.2956116199493408
2003,10,8,1.65849769115448
2003,10,9,1.2705744504928589
2003,10,10,0.6567032337188721
2003,10,11,0.08669301122426987
2003,10,12,-0.7226665019989014
2003,10,13,-1.8044847249984741
2003,10,14,-2.8142199516296387
2003,10,15,-3.297380208969116
2003,10,16,-3.2566006183624268
2003,10,17,-2.9914073944091797
2003,10,18,-3.0940825939178467
2003,10,19,-2.9755146503448486
2003,10,20,-2.6374120712280273
2003,10,21,-1.9274799823760986
2003,10,22,-1.4385946989059448
2003,10,23,-1.4098167419433594
2003,10,24,-1.1165707111358643
2003,10,25,0.2507546544075012
2003,10,26,2.0275051593780518
2003,10,27,3.425403118133545
2003,10,28,2.928720474243164
2003,10,29,1.227372169494629
2003,10,30,-0.5928865075111389
2003,10,31,-1.7117557525634766
2003,11,1,-1.3148664236068726
2003,11,2,-1.1106809377670288
2003,11,3,-0.5345115065574646
2003,11,4,-0.046796493232250214
2003,11,5,-0.2646307051181793
2003,11,6,-0.6742249131202698
2003,11,7,-0.8020517826080322
2003,11,8,-0.8668039441108704
2003,11,9,-0.11317811161279678
2003,11,10,0.7191811800003052
2003,11,11,1.0145988464355469
2003,11,12,1.3014243841171265
2003,11,13,0.8125652074813843
2003,11,14,0.10862281918525696
2003,11,15,-0.38211187720298767
2003,11,16,0.5868865847587585
2003,11,17,1.5307825803756714
2003,11,18,1.4786512851715088
2003,11,19,0.8716257810592651
2003,11,20,0.19066554307937622
2003,11,21,0.48140716552734375
2003,11,22,1.2515658140182495
2003,11,23,2.045128345489502
2003,11,24,2.8451857566833496
2003,11,25,2.316638231277466
2003,11,26,0.971007764339447
2003,11,27,0.9161461591720581
2003,11,28,1.6984195709228516
2003,11,29,2.1925010681152344
2003,11,30,1.3610771894454956
2003,12,1,1.0213520526885986
2003,12,2,1.0216373205184937
2003,12,3,1.0005912780761719
2003,12,4,0.3231692612171173
2003,12,5,0.48066726326942444
2003,12,6,0.5232164263725281
2003,12,7,0.8232054114341736
2003,12,8,0.13713671267032623
2003,12,9,-0.09514613449573517
2003,12,10,0.4532216489315033
2003,12,11,1.0239417552947998
2003,12,12,1.3046886920928955
2003,12,13,1.2392796277999878
2003,12,14,0.35907337069511414
2003,12,15,-0.19400258362293243
2003,12,16,-0.033444833010435104
2003,12,17,-0.08886751532554626
2003,12,18,-0.6318027973175049
2003,12,19,-1.0688451528549194
2003,12,20,-1.2245479822158813
2003,12,21,-0.6159904599189758
2003,12,22,-0.2526431381702423
2003,12,23,0.6110509634017944
2003,12,24,1.3098849058151245
2003,12,25,1.314083218574524
2003,12,26,0.4152144491672516
2003,12,27,-0.4093194305896759
2003,12,28,-0.4567423164844513
2003,12,29,-0.32457679510116577
2003,12,30,0.006310090888291597
2003,12,31,-0.04590688645839691
2004,1,1,-0.5228342413902283
2004,1,2,-0.1861574649810791
2004,1,3,0.06543566286563873
2004,1,4,0.006528184749186039
2004,1,5,-0.3829631507396698
2004,1,6,-0.8575853705406189
2004,1,7,-1.2268211841583252
2004,1,8,-1.3272887468338013
2004,1,9,-1.1210994720458984
2004,1,10,-0.6296250224113464
2004,1,11,-0.20537512004375458
2004,1,12,-0.3522154986858368
2004,1,13,-0.9576902389526367
2004,1,14,-1.9140777587890625
2004,1,15,-2.968390941619873
2004,1,16,-3.8546931743621826
2004,1,17,-4.386655330657959
2004,1,18,-3.889955997467041
2004,1,19,-3.3817903995513916
2004,1,20,-2.7827932834625244
2004,1,21,-1.1909536123275757
2004,1,22,0.285125195980072
2004,1,23,0.6551756262779236
2004,1,24,-0.7755982875823975
2004,1,25,-2.1517493724823
2004,1,26,-3.00813627243042
2004,1,27,-3.0116045475006104
2004,1,28,-3.0191242694854736
2004,1,29,-3.2671332359313965
2004,1,30,-2.557199478149414
2004,1,31,-1.4869157075881958
2004,2,1,-0.9621609449386597
2004,2,2,-1.3053348064422607
2004,2,3,-0.5771459937095642
2004,2,4,0.3921193480491638
2004,2,5,0.4944576323032379
2004,2,6,0.08209400624036789
2004,2,7,-0.33713480830192566
2004,2,8,-0.6075891852378845
2004,2,9,-0.01746363192796707
2004,2,10,0.12652626633644104
2004,2,11,-0.5191846489906311
2004,2,12,-0.6013301014900208
2004,2,13,-1.069461464881897
2004,2,14,-1.8383256196975708
2004,2,15,-2.0961413383483887
2004,2,16,-1.8000491857528687
2004,2,17,-1.466490387916565
2004,2,18,-1.6427701711654663
2004,2,19,-1.906846523284912
2004,2,20,-2.1368539333343506
2004,2,21,-2.4539151191711426
2004,2,22,-2.345184564590454
2004,2,23,-2.464771032333374
2004,2,24,-2.8177714347839355
2004,2,25,-3.202136993408203
2004,2,26,-3.108811616897583
2004,2,27,-3.129934549331665
2004,2,28,-3.04341459274292
2004,2,29,-2.3963794708251953
2004,3,1,-1.6137369871139526
2004,3,2,-0.9084474444389343
2004,3,3,-0.12929432094097137
2004,3,4,0.21383561193943024
2004,3,5,0.16820599138736725
2004,3,6,0.7370468974113464
2004,3,7,1.0981653928756714
2004,3,8,0.48153066635131836
2004,3,9,0.14796972274780273
2004,3,10,0.9194448590278625
2004,3,11,0.763286828994751
2004,3,12,0.2677779793739319
2004,3,13,0.5337232947349548
2004,3,14,1.358744502067566
2004,3,15,2.179391622543335
2004,3,16,2.5619401931762695
2004,3,17,2.5968306064605713
2004,3,18,2.3575639724731445
2004,3,19,2.094677448272705
2004,3,20,1.746342420578003
2004,3,21,0.5586516261100769
2004,3,22,-0.8447157144546509
2004,3,23,-1.603264331817627
2004,3,24,-2.170795202255249
2004,3,25,-1.5501912832260132
2004,3,26,-0.20278286933898926
2004,3,27,0.276262491941452
2004,3,28,-0.27325141429901123
2004,3,29,-0.6112964153289795
2004,3,30,-0.8306328654289246
2004,3,31,-0.8170239329338074
2004,4,1,-0.7290213704109192
2004,4,2,0.1528209000825882
2004,4,3,1.154452919960022
2004,4,4,0.4916093647480011
2004,4,5,-0.6629274487495422
2004,4,6,-1.46530282497406
2004,4,7,-1.8144891262054443
2004,4,8,-1.9623371362686157
2004,4,9,-1.980790138244629
2004,4,10,-1.6880075931549072
2004,4,11,-1.0789850950241089
2004,4,12,-0.21537931263446808
2004,4,13,0.42946499586105347
2004,4,14,0.17071861028671265
2004,4,15,-0.06522005051374435
2004,4,16,0.6571440100669861
2004,4,17,0.9082085490226746
2004,4,18,0.05558024346828461
2004,4,19,-0.4918847978115082
2004,4,20,-1.254830002784729
2004,4,21,-1.3480066061019897
2004,4,22,-0.8032577633857727
2004,4,23,-0.2436591386795044
2004,4,24,0.3635549545288086
2004,4,25,0.45403483510017395
2004,4,26,0.5041291117668152
2004,4,27,0.06233075261116028
2004,4,28,-0.45576125383377075
2004,4,29,-0.5555229187011719
2004,4,30,-0.4361388385295868
2004,5,1,-0.23653541505336761
2004,5,2,0.2309422343969345
2004,5,3,0.9960988163948059
2004,5,4,0.5423728823661804
2004,5,5,-0.3971877694129944
2004,5,6,-0.9398902654647827
2004,5,7,-1.0159794092178345
2004,5,8,-1.1926414966583252
2004,5,9,-0.7837207317352295
2004,5,10,-0.415301650762558
2004,5,11,-0.32287466526031494
2004,5,12,-0.3022938370704651
2004,5,13,-0.23051804304122925
2004,5,14,0.13435770571231842
2004,5,15,0.30360904335975647
2004,5,16,0.4104188084602356
2004,5,17,0.8539742231369019
2004,5,18,0.9757228493690491
2004,5,19,0.8097958564758301
2004,5,20,0.4919091463088989
2004,5,21,0.34338444471359253
2004,5,22,-0.15411803126335144
2004,5,23,-0.6687029004096985
2004,5,24,-0.921446681022644
2004,5,25,-0.3383442461490631
2004,5,26,0.3295894265174866
2004,5,27,0.24580781161785126
2004,5,28,0.05589853599667549
2004,5,29,-0.3133464455604553
2004,5,30,-0.6199466586112976
2004,5,31,-0.6920138597488403
2004,6,1,-0.9688284397125244
2004,6,2,-1.1339349746704102
2004,6,3,-0.6552038192749023
2004,6,4,-0.32805708050727844
2004,6,5,-0.09119213372468948
2004,6,6,0.18840354681015015
2004,6,7,0.38495326042175293
2004,6,8,0.7954685688018799
2004,6,9,1.1184659004211426
2004,6,10,0.807992696762085
2004,6,11,0.2943677306175232
2004,6,12,0.4080038070678711
2004,6,13,1.0922049283981323
2004,6,14,1.6542479991912842
2004,6,15,1.3187617063522339
2004,6,16,0.6613985896110535
2004,6,17,-0.06575500220060349
2004,6,18,-0.3504636287689209
2004,6,19,-0.7457426190376282
2004,6,20,-1.2502270936965942
2004,6,21,-1.6274909973144531
2004,6,22,-1.8389512300491333
2004,6,23,-1.6306312084197998
2004,6,24,-1.2994153499603271
2004,6,25,-0.8770635724067688
2004,6,26,-0.6562937498092651
2004,6,27,-0.4586964249610901
2004,6,28,-0.5351651310920715
2004,6,29,-0.5217154622077942
2004,6,30,-0.5168901085853577
2004,7,1,-0.4767482578754425
2004,7,2,-0.4053976237773895
2004,7,3,-0.2646180987358093
2004,7,4,-0.057535458356142044
2004,7,5,0.17231668531894684
2004,7,6,0.24887511134147644
2004,7,7,-0.06344885379076004
2004,7,8,0.03918159380555153
2004,7,9,0.017967211082577705
2004,7,10,-0.07433580607175827
2004,7,11,-0.048519913107156754
2004,7,12,-0.02421496994793415
2004,7,13,0.19467799365520477
2004,7,14,0.25395628809928894
2004,7,15,-0.08600801229476929
2004,7,16,-0.4573489725589752
2004,7,17,-0.630416989326477
2004,7,18,-0.3050193786621094
2004,7,19,-0.05995714291930199
2004,7,20,-0.2755715250968933
2004,7,21,-0.5034315586090088
2004,7,22,-0.8039999008178711
2004,7,23,-0.7081698179244995
2004,7,24,-0.2438301146030426
2004,7,25,0.02504480443894863
2004,7,26,-0.17170102894306183
2004,7,27,-0.3519695997238159
2004,7,28,-0.3320595920085907
2004,7,29,-0.11779129505157471
2004,7,30,-0.17168711125850677
2004,7,31,-0.31701767444610596
2004,8,1,-0.42138293385505676
2004,8,2,-0.8421897888183594
2004,8,3,-1.0505850315093994
2004,8,4,-1.2388654947280884
2004,8,5,-1.388218879699707
2004,8,6,-1.2948923110961914
2004,8,7,-1.3921611309051514
2004,8,8,-1.5139976739883423
2004,8,9,-1.6336265802383423
2004,8,10,-1.6913708448410034
2004,8,11,-1.442132592201233
2004,8,12,-1.1337709426879883
2004,8,13,-0.8220610022544861
2004,8,14,-0.3297356963157654
2004,8,15,0.14497528970241547
2004,8,16,0.12555991113185883
2004,8,17,-0.6472660899162292
2004,8,18,-1.3110265731811523
2004,8,19,-1.4284981489181519
2004,8,20,-1.0596930980682373
2004,8,21,-1.0138899087905884
2004,8,22,-0.9576473236083984
2004,8,23,-0.667227566242218
2004,8,24,-0.2974085807800293
2004,8,25,-0.09297528862953186
2004,8,26,0.19758965075016022
2004,8,27,0.4903102517127991
2004,8,28,0.49113601446151733
2004,8,29,0.2757108211517334
2004,8,30,0.2880268692970276
2004,8,31,0.12245047092437744
2004,9,1,-0.09650636464357376
2004,9,2,0.07140934467315674
2004,9,3,0.468902587890625
2004,9,4,0.7208677530288696
2004,9,5,0.5215387344360352
2004,9,6,0.24834893643856049
2004,9,7,0.1552078127861023
2004,9,8,0.259775310754776
2004,9,9,0.9003814458847046
2004,9,10,1.2516424655914307
2004,9,11,1.5919158458709717
2004,9,12,2.218623399734497
2004,9,13,1.9026917219161987
2004,9,14,1.624573826789856
2004,9,15,1.7502977848052979
2004,9,16,1.851320743560791
2004,9,17,1.468719482421875
2004,9,18,1.067663311958313
2004,9,19,0.8010364174842834
2004,9,20,0.4718526303768158
2004,9,21,0.1971859335899353
2004,9,22,0.19864949584007263
2004,9,23,-0.018500255420804024
2004,9,24,0.3019675314426422
2004,9,25,0.7293746471405029
2004,9,26,0.6693629622459412
2004,9,27,0.6615726947784424
2004,9,28,0.9858322143554688
2004,9,29,0.9609287977218628
2004,9,30,0.7982123494148254
2004,10,1,0.6141647696495056
2004,10,2,0.3170839846134186
2004,10,3,-0.2290777564048767
2004,10,4,-0.5145610570907593
2004,10,5,-0.2649964690208435
2004,10,6,-0.1466335505247116
2004,10,7,-0.1679401695728302
2004,10,8,-0.5617983341217041
2004,10,9,-0.7682667970657349
2004,10,10,-1.4245758056640625
2004,10,11,-1.2805273532867432
2004,10,12,-0.5784870982170105
2004,10,13,-0.2647729218006134
2004,10,14,-0.4915412664413452
2004,10,15,-1.0499736070632935
2004,10,16,-1.5755953788757324
2004,10,17,-2.041794776916504
2004,10,18,-2.3770592212677
2004,10,19,-2.0402016639709473
2004,10,20,-1.3072526454925537
2004,10,21,-0.5067733526229858
2004,10,22,-0.2889781892299652
2004,10,23,-0.01812725141644478
2004,10,24,-0.0705486610531807
2004,10,25,-0.9234926104545593
2004,10,26,-1.123241662979126
2004,10,27,-0.45394274592399597
2004,10,28,0.1279798448085785
2004,10,29,0.5269821882247925
2004,10,30,1.402702808380127
2004,10,31,2.068575620651245
2004,11,1,1.7290188074111938
2004,11,2,1.0970240831375122
2004,11,3,1.0271849632263184
2004,11,4,1.0200903415679932
2004,11,5,1.244141697883606
2004,11,6,1.2132810354232788
2004,11,7,1.058477759361267
2004,11,8,1.2095693349838257
2004,11,9,1.1490670442581177
2004,11,10,1.14113450050354
2004,11,11,1.3550739288330078
2004,11,12,1.2643847465515137
2004,11,13,1.043537974357605
2004,11,14,1.2742581367492676
2004,11,15,1.8193901777267456
2004,11,16,1.6600900888442993
2004,11,17,1.2825617790222168
2004,11,18,0.5795884132385254
2004,11,19,0.089937224984169
2004,11,20,-0.5801601409912109
2004,11,21,-0.36884865164756775
2004,11,22,-0.336493581533432
2004,11,23,-0.62517911195755
2004,11,24,-0.3186688721179962
2004,11,25,-0.26773786544799805
2004,11,26,-0.6167497634887695
2004,11,27,-0.5141376256942749
2004,11,28,0.10303599387407303
2004,11,29,0.4378443658351898
2004,11,30,0.45076966285705566
2004,12,1,0.7143648862838745
2004,12,2,1.035123348236084
2004,12,3,1.464290976524353
2004,12,4,1.1591721773147583
2004,12,5,1.1190192699432373
2004,12,6,0.8823424577713013
2004,12,7,0.7217882871627808
2004,12,8,0.6071118712425232
2004,12,9,0.1066817045211792
2004,12,10,-0.3656793534755707
2004,12,11,-0.3296830654144287
2004,12,12,-0.7914538383483887
2004,12,13,-0.7800930142402649
2004,12,14,0.30931556224823
2004,12,15,1.3116973638534546
2004,12,16,1.8711299896240234
2004,12,17,2.054530382156372
2004,12,18,1.4665262699127197
2004,12,19,1.3836019039154053
2004,12,20,0.7096290588378906
2004,12,21,0.8395023941993713
2004,12,22,1.3544697761535645
2004,12,23,1.993255376815796
2004,12,24,1.4516233205795288
2004,12,25,0.7368338108062744
2004,12,26,1.836324691772461
2004,12,27,3.0725388526916504
2004,12,28,2.6902682781219482
2004,12,29,2.2984769344329834
2004,12,30,2.7179367542266846
2004,12,31,3.1330630779266357
2005,1,1,3.0897607803344727
2005,1,2,2.7642886638641357
2005,1,3,3.338266372680664
2005,1,4,4.450159072875977
2005,1,5,4.703413963317871
2005,1,6,4.079077243804932
2005,1,7,3.648200750350952
2005,1,8,3.482419013977051
2005,1,9,3.1786956787109375
2005,1,10,2.5875589847564697
2005,1,11,1.7228394746780396
2005,1,12,0.691921055316925
2005,1,13,-0.6050837635993958
2005,1,14,-1.5002260208129883
2005,1,15,-0.9519547820091248
2005,1,16,0.8637508749961853
2005,1,17,1.42637300491333
2005,1,18,0.6898146867752075
2005,1,19,0.7317213416099548
2005,1,20,0.1541476547718048
2005,1,21,-1.4236263036727905
2005,1,22,-2.6208479404449463
2005,1,23,-2.9471890926361084
2005,1,24,-3.1323721408843994
2005,1,25,-3.8187105655670166
2005,1,26,-3.5266520977020264
2005,1,27,-3.0063300132751465
2005,1,28,-2.184833288192749
2005,1,29,-1.939268946647644
2005,1,30,-1.7166393995285034
2005,1,31,-1.5830678939819336
2005,2,1,-1.208748459815979
2005,2,2,-0.44866061210632324
2005,2,3,-0.41754794120788574
2005,2,4,-0.5797536969184875
2005,2,5,-0.854646623134613
2005,2,6,-0.3710695207118988
2005,2,7,0.48431089520454407
2005,2,8,1.0470120906829834
2005,2,9,1.4097079038619995
2005,2,10,1.478600025177002
2005,2,11,1.3057568073272705
2005,2,12,-0.10957735776901245
2005,2,13,-1.5394487380981445
2005,2,14,-1.6781381368637085
2005,2,15,-1.462537169456482
2005,2,16,-0.903014600276947
2005,2,17,-0.8345187902450562
2005,2,18,-1.0622925758361816
2005,2,19,-1.1262507438659668
2005,2,20,-1.3761359453201294
2005,2,21,-1.9686025381088257
2005,2,22,-2.5167806148529053
2005,2,23,-2.86297607421875
2005,2,24,-3.221477746963501
2005,2,25,-3.8819377422332764
2005,2,26,-4.336728096008301
2005,2,27,-3.992791175842285
2005,2,28,-3.2864902019500732
2005,3,1,-2.7257137298583984
2005,3,2,-1.805885910987854
2005,3,3,-0.9061207175254822
2005,3,4,-0.8095957636833191
2005,3,5,-1.2601689100265503
2005,3,6,-1.6760339736938477
2005,3,7,-2.4805068969726562
2005,3,8,-2.840040922164917
2005,3,9,-2.323042631149292
2005,3,10,-1.967219591140747
2005,3,11,-1.7457369565963745
2005,3,12,-1.9743671417236328
2005,3,13,-2.1122758388519287
2005,3,14,-1.7920576333999634
2005,3,15,-1.432802677154541
2005,3,16,-1.1289806365966797
2005,3,17,-1.4171212911605835
2005,3,18,-2.2559592723846436
2005,3,19,-2.599926233291626
2005,3,20,-2.12030029296875
2005,3,21,-1.7095067501068115
2005,3,22,-0.7271444797515869
2005,3,23,0.12826988101005554
2005,3,24,0.03199394419789314
2005,3,25,-0.4087563455104828
2005,3,26,-1.0092313289642334
2005,3,27,-0.8385692834854126
2005,3,28,-0.4996761381626129
2005,3,29,-0.3196362257003784
2005,3,30,-0.34643131494522095
2005,3,31,-0.2967867851257324
2005,4,1,0.3408689796924591
2005,4,2,1.22660493850708
2005,4,3,1.5059349536895752
2005,4,4,1.3697816133499146
2005,4,5,0.5504513382911682
2005,4,6,-0.24970895051956177
2005,4,7,-0.2484552264213562
2005,4,8,0.6302301287651062
2005,4,9,1.180074691772461
2005,4,10,1.1368200778961182
2005,4,11,1.0145636796951294
2005,4,12,0.43972304463386536
2005,4,13,-0.44502028822898865
2005,4,14,-0.6112953424453735
2005,4,15,0.05954667925834656
2005,4,16,0.6785239577293396
2005,4,17,0.3655940592288971
2005,4,18,0.022724471986293793
2005,4,19,0.018995286896824837
2005,4,20,0.12029145658016205
2005,4,21,0.0007731883670203388
2005,4,22,0.24617332220077515
2005,4,23,0.7396893501281738
2005,4,24,0.4928387999534607
2005,4,25,-0.4612371623516083
2005,4,26,-1.8362561464309692
2005,4,27,-2.6967461109161377
2005,4,28,-2.8239805698394775
2005,4,29,-2.393494129180908
2005,4,30,-1.7141064405441284
2005,5,1,-1.1432970762252808
2005,5,2,-0.6476032733917236
2005,5,3,-0.09355087578296661
2005,5,4,0.36374327540397644
2005,5,5,0.13348591327667236
2005,5,6,-0.28108924627304077
2005,5,7,-0.7699333429336548
2005,5,8,-1.559059977531433
2005,5,9,-1.9347628355026245
2005,5,10,-1.6034562587738037
2005,5,11,-1.2279694080352783
2005,5,12,-1.0494544506072998
2005,5,13,-1.1762380599975586
2005,5,14,-1.3096340894699097
2005,5,15,-1.0248641967773438
2005,5,16,-0.7932726144790649
2005,5,17,-0.8032815456390381
2005,5,18,-1.0367565155029297
2005,5,19,-1.2051715850830078
2005,5,20,-1.2974382638931274
2005,5,21,-0.8097131848335266
2005,5,22,-0.4019043743610382
2005,5,23,-0.659024715423584
2005,5,24,-0.8709976077079773
2005,5,25,-0.6664133667945862
2005,5,26,-0.22060517966747284
2005,5,27,0.17613182961940765
2005,5,28,0.06219015643000603
2005,5,29,-0.21187607944011688
2005,5,30,-0.3706931471824646
2005,5,31,-0.39295682311058044
2005,6,1,-0.25702741742134094
2005,6,2,-0.35211947560310364
2005,6,3,-0.48905909061431885
2005,6,4,-0.5658851265907288
2005,6,5,-0.58247309923172
2005,6,6,-0.5887743234634399
2005,6,7,-0.6071406602859497
2005,6,8,-0.6308611631393433
2005,6,9,-0.448962539434433
2005,6,10,-0.46290841698646545
2005,6,11,-0.8748880624771118
2005,6,12,-1.406609058380127
2005,6,13,-2.026230812072754
2005,6,14,-2.358400821685791
2005,6,15,-2.0758402347564697
2005,6,16,-1.5165296792984009
2005,6,17,-1.2986794710159302
2005,6,18,-1.009225606918335
2005,6,19,-0.3431374132633209
2005,6,20,0.16015110909938812
2005,6,21,-0.013013762421905994
2005,6,22,-0.0906601995229721
2005,6,23,0.06199120730161667
2005,6,24,0.3910403549671173
2005,6,25,0.782954752445221
2005,6,26,1.0434062480926514
2005,6,27,1.4055536985397339
2005,6,28,1.4707067012786865
2005,6,29,1.0093238353729248
2005,6,30,0.5819426774978638
2005,7,1,0.34106966853141785
2005,7,2,0.12983281910419464
2005,7,3,-0.012543314136564732
2005,7,4,0.19366276264190674
2005,7,5,0.3349418640136719
2005,7,6,0.46021780371665955
2005,7,7,0.49486812949180603
2005,7,8,0.38871580362319946
2005,7,9,0.2007349729537964
2005,7,10,-0.030079439282417297
2005,7,11,-0.009522062726318836
2005,7,12,0.7180389761924744
2005,7,13,1.2667818069458008
2005,7,14,1.2568460702896118
2005,7,15,1.1332379579544067
2005,7,16,1.0353809595108032
2005,7,17,0.7314503788948059
2005,7,18,0.48093849420547485
2005,7,19,0.19137056171894073
2005,7,20,-0.10497491806745529
2005,7,21,-0.35662907361984253
2005,7,22,-0.540698766708374
2005,7,23,-0.7872570753097534
2005,7,24,-1.241397500038147
2005,7,25,-1.7467155456542969
2005,7,26,-1.8449610471725464
2005,7,27,-1.4445627927780151
2005,7,28,-1.005335807800293
2005,7,29,-0.4775930643081665
2005,7,30,-0.3548876941204071
2005,7,31,-0.30832308530807495
2005,8,1,-0.030832482501864433
2005,8,2,-0.02929031476378441
2005,8,3,-0.3104141652584076
2005,8,4,-0.6390402317047119
2005,8,5,-0.9524551033973694
2005,8,6,-1.187111258506775
2005,8,7,-1.443315863609314
2005,8,8,-1.5880151987075806
2005,8,9,-1.6906806230545044
2005,8,10,-1.4331145286560059
2005,8,11,-1.0743199586868286
2005,8,12,-0.9960840940475464
2005,8,13,-1.2617645263671875
2005,8,14,-1.4625321626663208
2005,8,15,-0.948725163936615
2005,8,16,-0.2178008109331131
2005,8,17,0.2647872567176819
2005,8,18,0.3033446669578552
2005,8,19,0.6692684888839722
2005,8,20,1.2419058084487915
2005,8,21,1.418352484703064
2005,8,22,1.4499542713165283
2005,8,23,1.3623085021972656
2005,8,24,1.342017412185669
2005,8,25,1.4646719694137573
2005,8,26,1.5248934030532837
2005,8,27,1.291293978691101
2005,8,28,1.0957292318344116
2005,8,29,1.207631230354309
2005,8,30,0.968859851360321
2005,8,31,0.43894851207733154
2005,9,1,0.07532088458538055
2005,9,2,-0.0657920092344284
2005,9,3,0.024141835048794746
2005,9,4,0.6375688314437866
2005,9,5,1.1201962232589722
2005,9,6,1.401932716369629
2005,9,7,1.7876653671264648
2005,9,8,1.6044235229492188
2005,9,9,0.8416227698326111
2005,9,10,0.42571377754211426
2005,9,11,0.22173456847667694
2005,9,12,0.4394643306732178
2005,9,13,0.8085306882858276
2005,9,14,0.9356245994567871
2005,9,15,0.7579168677330017
2005,9,16,1.2836507558822632
2005,9,17,1.6336078643798828
2005,9,18,1.786749005317688
2005,9,19,1.4746999740600586
2005,9,20,1.0974524021148682
2005,9,21,0.4443069398403168
2005,9,22,0.00792105495929718
2005,9,23,0.015835413709282875
2005,9,24,0.10801888257265091
2005,9,25,0.33006203174591064
2005,9,26,0.7730116248130798
2005,9,27,0.5366082787513733
2005,9,28,0.3740476369857788
2005,9,29,1.1342716217041016
2005,9,30,1.1961671113967896
2005,10,1,1.3049732446670532
2005,10,2,0.846286952495575
2005,10,3,0.022195611149072647
2005,10,4,-0.13816750049591064
2005,10,5,0.48325589299201965
2005,10,6,0.8610169887542725
2005,10,7,0.8344440460205078
2005,10,8,0.7293431758880615
2005,10,9,0.4757670760154724
2005,10,10,0.40600720047950745
2005,10,11,0.20610855519771576
2005,10,12,-0.16706453263759613
2005,10,13,-0.230881929397583
2005,10,14,-0.6350548267364502
2005,10,15,-1.379421353340149
2005,10,16,-1.5932224988937378
2005,10,17,-1.4190963506698608
2005,10,18,-1.89436674118042
2005,10,19,-1.9183695316314697
2005,10,20,-1.317674160003662
2005,10,21,-0.921062707901001
2005,10,22,-0.6610046625137329
2005,10,23,-0.2819036543369293
2005,10,24,0.20652198791503906
2005,10,25,0.44481006264686584
2005,10,26,0.040265753865242004
2005,10,27,-0.18006229400634766
2005,10,28,0.9445244669914246
2005,10,29,1.8246876001358032
2005,10,30,2.019076347351074
2005,10,31,1.9749711751937866
2005,11,1,1.7088059186935425
2005,11,2,1.5204750299453735
2005,11,3,1.3325997591018677
2005,11,4,1.7372676134109497
2005,11,5,1.8373892307281494
2005,11,6,1.405120849609375
2005,11,7,0.47584623098373413
2005,11,8,-0.061211057007312775
2005,11,9,1.018046259880066
2005,11,10,1.7992273569107056
2005,11,11,1.0402367115020752
2005,11,12,0.20761334896087646
2005,11,13,0.5915689468383789
2005,11,14,0.8135561347007751
2005,11,15,0.2756599187850952
2005,11,16,0.4377194941043854
2005,11,17,0.10262191295623779
2005,11,18,-0.0453370027244091
2005,11,19,0.6858699917793274
2005,11,20,0.9398332834243774
2005,11,21,-0.0138747189193964
2005,11,22,-0.9238066077232361
2005,11,23,-1.5144503116607666
2005,11,24,-1.7323054075241089
2005,11,25,-1.4456967115402222
2005,11,26,-0.8975374102592468
2005,11,27,-1.3707603216171265
2005,11,28,-1.90847909450531
2005,11,29,-0.9239335656166077
2005,11,30,-0.5072044134140015
2005,12,1,-1.2263333797454834
2005,12,2,-2.096766710281372
2005,12,3,-2.6793646812438965
2005,12,4,-3.3985602855682373
2005,12,5,-3.5691189765930176
2005,12,6,-3.453871488571167
2005,12,7,-2.5791709423065186
2005,12,8,-1.0100271701812744
2005,12,9,-0.06829580664634705
2005,12,10,0.15970146656036377
2005,12,11,-0.07846466451883316
2005,12,12,-0.9913662672042847
2005,12,13,-1.642503261566162
2005,12,14,-2.019632577896118
2005,12,15,-2.1307718753814697
2005,12,16,-2.600912094116211
2005,12,17,-2.3453550338745117
2005,12,18,-1.6488006114959717
2005,12,19,-1.3488839864730835
2005,12,20,-1.7064241170883179
2005,12,21,-2.0401453971862793
2005,12,22,-1.6732035875320435
2005,12,23,-2.0598111152648926
2005,12,24,-2.749629020690918
2005,12,25,-2.6071202754974365
2005,12,26,-2.753112554550171
2005,12,27,-2.899303913116455
2005,12,28,-2.9386935234069824
2005,12,29,-2.944591522216797
2005,12,30,-2.1820735931396484
2005,12,31,-1.6212908029556274
2006,1,1,-1.1843047142028809
2006,1,2,-0.6171886324882507
2006,1,3,-0.8235897421836853
2006,1,4,-1.1348328590393066
2006,1,5,-1.6479332447052002
2006,1,6,-1.6443274021148682
2006,1,7,-1.272022008895874
2006,1,8,-0.6555304527282715
2006,1,9,1.2992233037948608
2006,1,10,2.8835363388061523
2006,1,11,3.3390514850616455
2006,1,12,2.5749130249023438
2006,1,13,1.4732182025909424
2006,1,14,0.5014985799789429
2006,1,15,-0.26047632098197937
2006,1,16,-0.8195539116859436
2006,1,17,-0.5661041736602783
2006,1,18,-0.01703433319926262
2006,1,19,-0.2400183230638504
2006,1,20,-0.05574041232466698
2006,1,21,-0.20452237129211426
2006,1,22,0.310501366853714
2006,1,23,0.44976598024368286
2006,1,24,-0.5719448924064636
2006,1,25,-1.4093146324157715
2006,1,26,-1.3887380361557007
2006,1,27,-1.143685221672058
2006,1,28,-0.5835687518119812
2006,1,29,-0.20811349153518677
2006,1,30,-0.41456297039985657
2006,1,31,-1.068354606628418
2006,2,1,-1.5502216815948486
2006,2,2,-2.200622797012329
2006,2,3,-2.728607177734375
2006,2,4,-2.521976947784424
2006,2,5,-1.9497603178024292
2006,2,6,-1.3571172952651978
2006,2,7,-0.5424188375473022
2006,2,8,-0.06070617213845253
2006,2,9,-0.4983794093132019
2006,2,10,-0.5625735521316528
2006,2,11,-0.17515912652015686
2006,2,12,0.2636527717113495
2006,2,13,0.14409001171588898
2006,2,14,0.8844671249389648
2006,2,15,1.9472101926803589
2006,2,16,1.9698858261108398
2006,2,17,1.3551133871078491
2006,2,18,0.9645156264305115
2006,2,19,1.3926291465759277
2006,2,20,2.073481321334839
2006,2,21,2.3754570484161377
2006,2,22,1.6839642524719238
2006,2,23,0.61164391040802
2006,2,24,-0.12085776031017303
2006,2,25,-0.685182511806488
2006,2,26,-1.116952657699585
2006,2,27,-1.7757188081741333
2006,2,28,-2.0289928913116455
2006,3,1,-1.8568596839904785
2006,3,2,-2.002526044845581
2006,3,3,-1.6673247814178467
2006,3,4,-1.1306657791137695
2006,3,5,-0.5793055295944214
2006,3,6,0.05942463129758835
2006,3,7,1.0541112422943115
2006,3,8,1.7582268714904785
2006,3,9,1.4376436471939087
2006,3,10,0.11100466549396515
2006,3,11,-0.7831675410270691
2006,3,12,-0.9029504060745239
2006,3,13,-1.1920247077941895
2006,3,14,-2.0134661197662354
2006,3,15,-2.5992469787597656
2006,3,16,-2.8777809143066406
2006,3,17,-2.8254802227020264
2006,3,18,-2.9300620555877686
2006,3,19,-3.155895471572876
2006,3,20,-3.5057272911071777
2006,3,21,-3.8215925693511963
2006,3,22,-3.6901867389678955
2006,3,23,-3.334841728210449
2006,3,24,-2.800745725631714
2006,3,25,-1.9553338289260864
2006,3,26,-1.500728964805603
2006,3,27,-1.168857216835022
2006,3,28,-0.9125181436538696
2006,3,29,-1.2040501832962036
2006,3,30,-1.3397585153579712
2006,3,31,-1.2019996643066406
2006,4,1,-1.2762997150421143
2006,4,2,-1.6134544610977173
2006,4,3,-1.872523307800293
2006,4,4,-1.6345939636230469
2006,4,5,-1.8376542329788208
2006,4,6,-2.2804930210113525
2006,4,7,-2.377553939819336
2006,4,8,-1.5046391487121582
2006,4,9,0.06663122773170471
2006,4,10,1.2565430402755737
2006,4,11,1.3381919860839844
2006,4,12,2.094228982925415
2006,4,13,2.857022762298584
2006,4,14,2.121128797531128
2006,4,15,1.1497461795806885
2006,4,16,0.5463493466377258
2006,4,17,0.23395921289920807
2006,4,18,0.3190387189388275
2006,4,19,0.5202795267105103
2006,4,20,0.3026452958583832
2006,4,21,0.5621618032455444
2006,4,22,1.1866058111190796
2006,4,23,0.9674066305160522
2006,4,24,0.5745714902877808
2006,4,25,0.28719303011894226
2006,4,26,-0.06258116662502289
2006,4,27,0.030165232717990875
2006,4,28,0.39272281527519226
2006,4,29,0.8938949704170227
2006,4,30,0.7585884928703308
2006,5,1,0.47143644094467163
2006,5,2,-0.05127502977848053
2006,5,3,-0.3931199908256531
2006,5,4,-0.7901366353034973
2006,5,5,-0.5988588333129883
2006,5,6,-0.46109458804130554
2006,5,7,-0.5335050225257874
2006,5,8,-0.7373530864715576
2006,5,9,-0.9089771509170532
2006,5,10,-1.0233350992202759
2006,5,11,-1.0405114889144897
2006,5,12,-0.7553540468215942
2006,5,13,-0.10615427047014236
2006,5,14,0.24556449055671692
2006,5,15,0.013356592506170273
2006,5,16,0.10331802070140839
2006,5,17,0.130138099193573
2006,5,18,0.2087971270084381
2006,5,19,0.3537948727607727
2006,5,20,0.8329735398292542
2006,5,21,1.1015499830245972
2006,5,22,0.5907360911369324
2006,5,23,0.6623985171318054
2006,5,24,1.097534418106079
2006,5,25,1.6981911659240723
2006,5,26,1.7692327499389648
2006,5,27,1.2635740041732788
2006,5,28,0.8068557977676392
2006,5,29,0.33979731798171997
2006,5,30,0.1398109793663025
2006,5,31,0.2258981615304947
2006,6,1,0.5009906888008118
2006,6,2,0.6028628349304199
2006,6,3,0.6637327671051025
2006,6,4,0.5703656077384949
2006,6,5,0.3584096431732178
2006,6,6,0.5439596772193909
2006,6,7,0.733763575553894
2006,6,8,0.43057554960250854
2006,6,9,-0.28874319791793823
2006,6,10,-0.6005194783210754
2006,6,11,-0.2817721664905548
2006,6,12,0.5198926329612732
2006,6,13,1.5223774909973145
2006,6,14,2.436408519744873
2006,6,15,2.5756404399871826
2006,6,16,2.404978036880493
2006,6,17,2.464263916015625
2006,6,18,2.560631275177002
2006,6,19,2.2648751735687256
2006,6,20,1.7532598972320557
2006,6,21,1.4402071237564087
2006,6,22,1.3754074573516846
2006,6,23,1.2421880960464478
2006,6,24,1.0684289932250977
2006,6,25,0.8810177445411682
2006,6,26,0.9542478322982788
2006,6,27,1.1655750274658203
2006,6,28,0.8798572421073914
2006,6,29,0.3968925476074219
2006,6,30,-0.16150623559951782
2006,7,1,-0.5632463693618774
2006,7,2,-0.9067590236663818
2006,7,3,-0.9301593899726868
2006,7,4,-0.5196589231491089
2006,7,5,-0.2630656659603119
2006,7,6,-0.04851861298084259
2006,7,7,0.049908146262168884
2006,7,8,0.1485549807548523
2006,7,9,0.2611435651779175
2006,7,10,0.5528879165649414
2006,7,11,1.0314377546310425
2006,7,12,1.1642522811889648
2006,7,13,1.132922887802124
2006,7,14,0.7720986604690552
2006,7,15,0.454476922750473
2006,7,16,0.38073810935020447
2006,7,17,0.1536630392074585
2006,7,18,-0.2688620090484619
2006,7,19,-0.4799046218395233
2006,7,20,-0.36862072348594666
2006,7,21,-0.032374121248722076
2006,7,22,0.07279545068740845
2006,7,23,0.039299603551626205
2006,7,24,-0.12319432199001312
2006,7,25,-0.19648995995521545
2006,7,26,-0.1730792373418808
2006,7,27,0.03194647654891014
2006,7,28,0.4120737612247467
2006,7,29,0.6444537043571472
2006,7,30,0.4380541443824768
2006,7,31,0.20060943067073822
2006,8,1,0.02114897221326828
2006,8,2,-0.4426824748516083
2006,8,3,-0.66358482837677
2006,8,4,-0.41598618030548096
2006,8,5,-0.2228686809539795
2006,8,6,-0.177387535572052
2006,8,7,-0.020626457408070564
2006,8,8,0.17847710847854614
2006,8,9,0.08283232897520065
2006,8,10,-0.06539779901504517
2006,8,11,-0.345162957906723
2006,8,12,-0.7707475423812866
2006,8,13,-1.156995415687561
2006,8,14,-1.2142683267593384
2006,8,15,-0.8519067168235779
2006,8,16,-0.3733058273792267
2006,8,17,0.22848349809646606
2006,8,18,0.6084941625595093
2006,8,19,0.5759591460227966
2006,8,20,0.4368506371974945
2006,8,21,0.3384121060371399
2006,8,22,0.36851075291633606
2006,8,23,0.1729689985513687
2006,8,24,-0.0003482844913378358
2006,8,25,-0.3218616247177124
2006,8,26,-0.3071041405200958
2006,8,27,-0.2881811559200287
2006,8,28,-0.48644599318504333
2006,8,29,-0.8267521858215332
2006,8,30,-1.0899635553359985
2006,8,31,-0.9038814306259155
2006,9,1,-0.3566642105579376
2006,9,2,0.09658651053905487
2006,9,3,0.521313488483429
2006,9,4,0.5070998668670654
2006,9,5,0.13610027730464935
2006,9,6,0.39942851662635803
2006,9,7,0.8871715664863586
2006,9,8,1.1416287422180176
2006,9,9,1.050437092781067
2006,9,10,1.0784077644348145
2006,9,11,1.450438380241394
2006,9,12,1.7702245712280273
2006,9,13,1.0775913000106812
2006,9,14,0.34353524446487427
2006,9,15,0.4831823408603668
2006,9,16,0.733953058719635
2006,9,17,0.9702106714248657
2006,9,18,1.3778321743011475
2006,9,19,1.7700642347335815
2006,9,20,1.4815012216567993
2006,9,21,0.895591676235199
2006,9,22,0.4520813822746277
2006,9,23,0.4358207881450653
2006,9,24,0.025912102311849594
2006,9,25,-0.3626140356063843
2006,9,26,-0.6300633549690247
2006,9,27,-0.1620170772075653
2006,9,28,0.4051797091960907
2006,9,29,0.059556834399700165
2006,9,30,-0.4949459135532379
2006,10,1,-0.15365025401115417
2006,10,2,0.1533668041229248
2006,10,3,-0.1726081520318985
2006,10,4,-0.11523120850324631
2006,10,5,0.16568301618099213
2006,10,6,0.12383348494768143
2006,10,7,-0.2863772511482239
2006,10,8,-0.7468311190605164
2006,10,9,-1.1040352582931519
2006,10,10,-1.5228952169418335
2006,10,11,-1.2883011102676392
2006,10,12,-0.7153116464614868
2006,10,13,-0.7133405804634094
2006,10,14,-1.2253427505493164
2006,10,15,-2.41569185256958
2006,10,16,-2.975668430328369
2006,10,17,-3.191890239715576
2006,10,18,-2.980978012084961
2006,10,19,-2.630211591720581
2006,10,20,-2.179295301437378
2006,10,21,-1.9095426797866821
2006,10,22,-1.4259241819381714
2006,10,23,-0.8536796569824219
2006,10,24,-0.6019262075424194
2006,10,25,-0.7136439085006714
2006,10,26,0.010939321480691433
2006,10,27,0.8062000870704651
2006,10,28,0.8039339780807495
2006,10,29,-0.3088747560977936
2006,10,30,-1.0627633333206177
2006,10,31,-1.5403536558151245
2006,11,1,-1.487048864364624
2006,11,2,-1.1671849489212036
2006,11,3,-0.6355379819869995
2006,11,4,0.4334624111652374
2006,11,5,1.0085294246673584
2006,11,6,1.2051386833190918
2006,11,7,1.8572176694869995
2006,11,8,2.4116744995117188
2006,11,9,2.125213623046875
2006,11,10,1.9304245710372925
2006,11,11,2.065124988555908
2006,11,12,2.113373041152954
2006,11,13,1.4645575284957886
2006,11,14,0.06204342842102051
2006,11,15,-0.9679652452468872
2006,11,16,-0.8172920346260071
2006,11,17,-0.4216934144496918
2006,11,18,0.16779305040836334
2006,11,19,0.7174951434135437
2006,11,20,0.6005465388298035
2006,11,21,0.486770361661911
2006,11,22,0.2301323264837265
2006,11,23,-0.36937496066093445
2006,11,24,-0.9388490915298462
2006,11,25,-0.5089621543884277
2006,11,26,0.4729291498661041
2006,11,27,0.7713361382484436
2006,11,28,0.683937132358551
2006,11,29,0.4924989640712738
2006,11,30,1.0937579870224
2006,12,1,1.8986183404922485
2006,12,2,1.9944263696670532
2006,12,3,1.8712249994277954
2006,12,4,1.8129496574401855
2006,12,5,1.2836732864379883
2006,12,6,1.1824431419372559
2006,12,7,1.336661458015442
2006,12,8,1.3423852920532227
2006,12,9,1.9716014862060547
2006,12,10,3.5753591060638428
2006,12,11,3.890180826187134
2006,12,12,3.5376243591308594
2006,12,13,3.4969258308410645
2006,12,14,3.5550737380981445
2006,12,15,3.159411668777466
2006,12,16,2.532468795776367
2006,12,17,1.7538251876831055
2006,12,18,1.8326702117919922
2006,12,19,2.0559463500976562
2006,12,20,2.1832194328308105
2006,12,21,2.6278655529022217
2006,12,22,2.15726637840271
2006,12,23,1.4080740213394165
2006,12,24,0.8889157176017761
2006,12,25,0.819105327129364
2006,12,26,1.228346586227417
2006,12,27,1.4461402893066406
2006,12,28,1.5315141677856445
2006,12,29,2.4198594093322754
2006,12,30,3.6400437355041504
2006,12,31,3.778878927230835
2007,1,1,3.8267931938171387
2007,1,2,3.590482711791992
2007,1,3,3.8259551525115967
2007,1,4,3.8895528316497803
2007,1,5,3.98962140083313
2007,1,6,3.9750452041625977
2007,1,7,3.8537583351135254
2007,1,8,3.28426456451416
2007,1,9,2.605226993560791
2007,1,10,3.199690818786621
2007,1,11,3.420440196990967
2007,1,12,3.1442060470581055
2007,1,13,2.762333869934082
2007,1,14,2.6089797019958496
2007,1,15,2.1484198570251465
2007,1,16,1.6857343912124634
2007,1,17,1.7437832355499268
2007,1,18,2.467661142349243
2007,1,19,2.29667329788208
2007,1,20,1.2965185642242432
2007,1,21,-0.17305630445480347
2007,1,22,-0.43207448720932007
2007,1,23,-0.023305702954530716
2007,1,24,-0.3974190056324005
2007,1,25,-0.10016995668411255
2007,1,26,-0.0626300722360611
2007,1,27,0.2754254937171936
2007,1,28,0.5401405692100525
2007,1,29,0.30427420139312744
2007,1,30,0.587129533290863
2007,1,31,0.6699904799461365
2007,2,1,-0.10646747797727585
2007,2,2,-0.6031743884086609
2007,2,3,-1.6210732460021973
2007,2,4,-2.183544635772705
2007,2,5,-1.8350160121917725
2007,2,6,-1.6804312467575073
2007,2,7,-1.7228014469146729
2007,2,8,-1.9511035680770874
2007,2,9,-1.8669815063476562
2007,2,10,-1.6289204359054565
2007,2,11,-1.5289136171340942
2007,2,12,-1.6086268424987793
2007,2,13,-1.9070854187011719
2007,2,14,-1.650579810142517
2007,2,15,-1.232276439666748
2007,2,16,-1.0349422693252563
2007,2,17,-1.2030129432678223
2007,2,18,-0.5288147330284119
2007,2,19,-0.5879946947097778
2007,2,20,-1.4467016458511353
2007,2,21,-1.7403347492218018
2007,2,22,-2.1001739501953125
2007,2,23,-1.9415034055709839
2007,2,24,-1.2326278686523438
2007,2,25,-0.7222873568534851
2007,2,26,-0.31265977025032043
2007,2,27,0.2978383004665375
2007,2,28,0.3861914873123169
2007,3,1,0.11014512181282043
2007,3,2,0.21415944397449493
2007,3,3,0.597264289855957
2007,3,4,0.14323264360427856
2007,3,5,0.008503220044076443
2007,3,6,0.22127917408943176
2007,3,7,0.13091017305850983
2007,3,8,0.5144118666648865
2007,3,9,0.9492422938346863
2007,3,10,1.6488970518112183
2007,3,11,2.336033821105957
2007,3,12,2.0814473628997803
2007,3,13,1.9921045303344727
2007,3,14,1.9122490882873535
2007,3,15,1.6610667705535889
2007,3,16,1.9370783567428589
2007,3,17,2.353259801864624
2007,3,18,1.696467638015747
2007,3,19,0.6397694945335388
2007,3,20,1.2974004745483398
2007,3,21,1.7219241857528687
2007,3,22,1.4316056966781616
2007,3,23,0.8122995495796204
2007,3,24,1.0839276313781738
2007,3,25,1.7018253803253174
2007,3,26,1.6885014772415161
2007,3,27,1.322283148765564
2007,3,28,1.0807113647460938
2007,3,29,0.8485283851623535
2007,3,30,0.9592616558074951
2007,3,31,0.5784385204315186
2007,4,1,-0.22450701892375946
2007,4,2,-0.6381891965866089
2007,4,3,-0.8362936973571777
2007,4,4,-1.229994535446167
2007,4,5,-1.5827075242996216
2007,4,6,-1.8455439805984497
2007,4,7,-1.165615439414978
2007,4,8,0.3284708261489868
2007,4,9,1.7457761764526367
2007,4,10,2.6295523643493652
2007,4,11,2.402409553527832
2007,4,12,1.817834734916687
2007,4,13,1.3433314561843872
2007,4,14,0.8711041808128357
2007,4,15,1.1115809679031372
2007,4,16,1.5904715061187744
2007,4,17,1.3420372009277344
2007,4,18,0.7914444804191589
2007,4,19,0.06238405406475067
2007,4,20,-0.27715274691581726
2007,4,21,-0.3397400677204132
2007,4,22,-0.02602006122469902
2007,4,23,0.7185507416725159
2007,4,24,1.2464112043380737
2007,4,25,1.4284330606460571
2007,4,26,1.7030996084213257
2007,4,27,1.3190522193908691
2007,4,28,0.7803956270217896
2007,4,29,0.4716615676879883
2007,4,30,0.20604127645492554
2007,5,1,-0.3694981038570404
2007,5,2,-0.7662429809570312
2007,5,3,-0.6308774948120117
2007,5,4,-0.3135105073451996
2007,5,5,0.3223227262496948
2007,5,6,1.159155011177063
2007,5,7,1.8552687168121338
2007,5,8,2.072969675064087
2007,5,9,1.8827180862426758
2007,5,10,1.6073375940322876
2007,5,11,1.3564643859863281
2007,5,12,1.0631229877471924
2007,5,13,0.9168344736099243
2007,5,14,1.1699409484863281
2007,5,15,1.5838396549224854
2007,5,16,1.7308194637298584
2007,5,17,1.9892222881317139
2007,5,18,2.033947706222534
2007,5,19,1.9942749738693237
2007,5,20,2.1097047328948975
2007,5,21,1.4808285236358643
2007,5,22,0.6793565154075623
2007,5,23,0.57952880859375
2007,5,24,0.9634348154067993
2007,5,25,1.122475266456604
2007,5,26,0.9494695663452148
2007,5,27,0.538466215133667
2007,5,28,0.2028384953737259
2007,5,29,-0.6101559996604919
2007,5,30,-0.9600290060043335
2007,5,31,-0.9988768100738525
2007,6,1,-1.0293110609054565
2007,6,2,-0.8090460300445557
2007,6,3,-0.9221591353416443
2007,6,4,-1.2484195232391357
2007,6,5,-1.309984564781189
2007,6,6,-1.272775650024414
2007,6,7,-1.3937679529190063
2007,6,8,-1.5119142532348633
2007,6,9,-1.341801643371582
2007,6,10,-1.3696730136871338
2007,6,11,-1.1527315378189087
2007,6,12,-0.843089759349823
2007,6,13,-0.33748435974121094
2007,6,14,0.3637949526309967
2007,6,15,0.824168860912323
2007,6,16,0.904779851436615
2007,6,17,0.688987135887146
2007,6,18,0.35228973627090454
2007,6,19,0.0662580132484436
2007,6,20,0.17194050550460815
2007,6,21,0.18012000620365143
2007,6,22,0.0011210308875888586
2007,6,23,-0.5533289313316345
2007,6,24,-1.191970944404602
2007,6,25,-1.2070740461349487
2007,6,26,-0.8709388375282288
2007,6,27,-0.3838493227958679
2007,6,28,-0.040812499821186066
2007,6,29,-0.20651599764823914
2007,6,30,-0.6163918375968933
2007,7,1,-0.87090003490448
2007,7,2,-0.9470289945602417
2007,7,3,-0.788062572479248
2007,7,4,-0.736664354801178
2007,7,5,-0.776515007019043
2007,7,6,-0.6893929839134216
2007,7,7,-0.709448516368866
2007,7,8,-0.6453937888145447
2007,7,9,-0.3776756823062897
2007,7,10,-0.13839618861675262
2007,7,11,-0.1703091412782669
2007,7,12,-0.38010549545288086
2007,7,13,-0.7902605533599854
2007,7,14,-0.937508761882782
2007,7,15,-0.9615918397903442
2007,7,16,-1.0547810792922974
2007,7,17,-0.7692052721977234
2007,7,18,-0.0806223601102829
2007,7,19,0.002196618588641286
2007,7,20,-0.3004235029220581
2007,7,21,-0.3364174962043762
2007,7,22,-0.44395798444747925
2007,7,23,-0.12339459359645844
2007,7,24,0.1299457997083664
2007,7,25,-0.023551536723971367
2007,7,26,-0.04024053364992142
2007,7,27,0.2312515527009964
2007,7,28,0.5264168977737427
2007,7,29,0.42932942509651184
2007,7,30,0.06696610152721405
2007,7,31,-0.15214979648590088
2007,8,1,-0.1114930510520935
2007,8,2,0.03927599638700485
2007,8,3,-0.05796356126666069
2007,8,4,0.020278941839933395
2007,8,5,0.16086557507514954
2007,8,6,-0.0055646635591983795
2007,8,7,-0.20310328900814056
2007,8,8,-0.6653372049331665
2007,8,9,-1.0629760026931763
2007,8,10,-1.1812626123428345
2007,8,11,-0.8649954199790955
2007,8,12,-0.47012031078338623
2007,8,13,-0.19626405835151672
2007,8,14,-0.236307755112648
2007,8,15,0.014500929974019527
2007,8,16,0.21698695421218872
2007,8,17,0.24250741302967072
2007,8,18,0.1985136866569519
2007,8,19,0.056268468499183655
2007,8,20,-0.42590072751045227
2007,8,21,-0.5264970064163208
2007,8,22,0.05918927863240242
2007,8,23,0.6201933026313782
2007,8,24,1.050607681274414
2007,8,25,0.9062540531158447
2007,8,26,0.27606701850891113
2007,8,27,-0.04107053950428963
2007,8,28,-0.1312277913093567
2007,8,29,0.14754526317119598
2007,8,30,0.47603312134742737
2007,8,31,0.6832361817359924
2007,9,1,0.694329023361206
2007,9,2,0.4033796191215515
2007,9,3,0.385451078414917
2007,9,4,0.37683120369911194
2007,9,5,0.19819092750549316
2007,9,6,-0.14143073558807373
2007,9,7,-0.5300700068473816
2007,9,8,-0.41135144233703613
2007,9,9,0.12599168717861176
2007,9,10,0.4039325714111328
2007,9,11,-0.23949231207370758
2007,9,12,-0.4637316167354584
2007,9,13,-0.2572140693664551
2007,9,14,0.005064351484179497
2007,9,15,0.1074768528342247
2007,9,16,-0.06232920289039612
2007,9,17,0.2931937277317047
2007,9,18,0.6649373769760132
2007,9,19,1.269668459892273
2007,9,20,1.795000433921814
2007,9,21,1.5892330408096313
2007,9,22,0.8328462243080139
2007,9,23,0.14344337582588196
2007,9,24,-0.11619817465543747
2007,9,25,0.12005667388439178
2007,9,26,0.40197426080703735
2007,9,27,0.15121687948703766
2007,9,28,-0.6161407828330994
2007,9,29,-1.2264156341552734
2007,9,30,-0.7240822911262512
2007,10,1,0.9290658235549927
2007,10,2,2.0271542072296143
2007,10,3,1.5915429592132568
2007,10,4,0.23296789824962616
2007,10,5,-0.07299552112817764
2007,10,6,-0.1674160361289978
2007,10,7,-1.0135830640792847
2007,10,8,-1.630811095237732
2007,10,9,-1.924792766571045
2007,10,10,-1.4489445686340332
2007,10,11,-0.6255548000335693
2007,10,12,-0.40109822154045105
2007,10,13,-0.2596246004104614
2007,10,14,0.2122882455587387
2007,10,15,0.5860480666160583
2007,10,16,0.4287228584289551
2007,10,17,0.06026061251759529
2007,10,18,-0.10525795817375183
2007,10,19,0.11411397904157639
2007,10,20,0.03268143907189369
2007,10,21,-0.2103894054889679
2007,10,22,0.28871381282806396
2007,10,23,0.4729086756706238
2007,10,24,0.7979944944381714
2007,10,25,1.60527503490448
2007,10,26,1.8835694789886475
2007,10,27,2.200338125228882
2007,10,28,2.1783719062805176
2007,10,29,1.5785419940948486
2007,10,30,1.1716244220733643
2007,10,31,0.9303392767906189
2007,11,1,0.8213614821434021
2007,11,2,1.2189204692840576
2007,11,3,1.224554181098938
2007,11,4,-0.0655343160033226
2007,11,5,-0.47987592220306396
2007,11,6,-0.11162028461694717
2007,11,7,-0.20962414145469666
2007,11,8,-0.28930366039276123
2007,11,9,-0.3934684693813324
2007,11,10,-1.0963366031646729
2007,11,11,-1.7583461999893188
2007,11,12,-1.9801632165908813
2007,11,13,-1.759114384651184
2007,11,14,-2.0869333744049072
2007,11,15,-1.464781641960144
2007,11,16,-1.0984768867492676
2007,11,17,-0.7958657741546631
2007,11,18,-0.7483599185943604
2007,11,19,-0.5636913180351257
2007,11,20,-0.7329129576683044
2007,11,21,-0.7554571032524109
2007,11,22,0.09758993983268738
2007,11,23,0.7324479818344116
2007,11,24,0.160904198884964
2007,11,25,-0.6458286046981812
2007,11,26,-0.3949299156665802
2007,11,27,-0.21457868814468384
2007,11,28,-0.1704103946685791
2007,11,29,-0.40647831559181213
2007,11,30,-1.0429272651672363
2007,12,1,-1.3476067781448364
2007,12,2,-1.105474829673767
2007,12,3,-0.8019051551818848
2007,12,4,0.015366202220320702
2007,12,5,1.354698896408081
2007,12,6,2.459019184112549
2007,12,7,2.49042010307312
2007,12,8,1.82668936252594
2007,12,9,1.049269676208496
2007,12,10,0.5188177227973938
2007,12,11,0.34249380230903625
2007,12,12,0.367026150226593
2007,12,13,0.8440943360328674
2007,12,14,1.2607252597808838
2007,12,15,0.8977018594741821
2007,12,16,0.23741067945957184
2007,12,17,-0.8948860764503479
2007,12,18,-0.9662396311759949
2007,12,19,0.30391624569892883
2007,12,20,0.5702242851257324
2007,12,21,0.4093482792377472
2007,12,22,0.5791509747505188
2007,12,23,1.7719324827194214
2007,12,24,2.7590997219085693
2007,12,25,2.7749791145324707
2007,12,26,2.2492713928222656
2007,12,27,1.6750015020370483
2007,12,28,1.616148591041565
2007,12,29,1.2781192064285278
2007,12,30,0.6095063090324402
2007,12,31,-0.5977239012718201
2008,1,1,-2.031163215637207
2008,1,2,-2.4679477214813232
2008,1,3,-2.227719783782959
2008,1,4,-0.9083974957466125
2008,1,5,-0.33264294266700745
2008,1,6,-0.3710517883300781
2008,1,7,-0.5667999982833862
2008,1,8,-0.7802849411964417
2008,1,9,-0.8338305354118347
2008,1,10,-0.6033799052238464
2008,1,11,-0.7306477427482605
2008,1,12,-1.0015995502471924
2008,1,13,-0.8202288150787354
2008,1,14,-0.06978563964366913
2008,1,15,0.39666008949279785
2008,1,16,0.7259981632232666
2008,1,17,1.0065993070602417
2008,1,18,1.164941430091858
2008,1,19,1.3358455896377563
2008,1,20,1.2314951419830322
2008,1,21,2.0115630626678467
2008,1,22,3.3867437839508057
2008,1,23,4.300684452056885
2008,1,24,4.597984313964844
2008,1,25,4.458348274230957
2008,1,26,3.542128086090088
2008,1,27,2.4260005950927734
2008,1,28,2.143735647201538
2008,1,29,1.9945002794265747
2008,1,30,1.9493012428283691
2008,1,31,1.554670810699463
2008,2,1,1.9281811714172363
2008,2,2,2.44024395942688
2008,2,3,1.862480640411377
2008,2,4,1.408057689666748
2008,2,5,1.0060853958129883
2008,2,6,0.8036606311798096
2008,2,7,0.4568699300289154
2008,2,8,0.11179710179567337
2008,2,9,-0.4363482594490051
2008,2,10,-1.3341858386993408
2008,2,11,-1.653834342956543
2008,2,12,-1.539160132408142
2008,2,13,-1.4626774787902832
2008,2,14,-1.5614513158798218
2008,2,15,-1.0372333526611328
2008,2,16,-0.16195687651634216
2008,2,17,0.046153221279382706
2008,2,18,0.01945660263299942
2008,2,19,0.7372919321060181
2008,2,20,2.615924596786499
2008,2,21,4.39851188659668
2008,2,22,4.590474605560303
2008,2,23,3.421657085418701
2008,2,24,2.3684918880462646
2008,2,25,2.177180528640747
2008,2,26,1.7002657651901245
2008,2,27,1.2693164348602295
2008,2,28,1.1535547971725464
2008,2,29,1.5522962808609009
2008,3,1,1.3904725313186646
2008,3,2,0.7654852271080017
2008,3,3,-0.027123451232910156
2008,3,4,0.11319199204444885
2008,3,5,0.8754891157150269
2008,3,6,1.162230134010315
2008,3,7,1.0711325407028198
2008,3,8,1.3416938781738281
2008,3,9,1.7255786657333374
2008,3,10,1.7940216064453125
2008,3,11,1.8215843439102173
2008,3,12,1.6940507888793945
2008,3,13,0.7356234788894653
2008,3,14,-0.4555785059928894
2008,3,15,-0.9711050391197205
2008,3,16,-0.665084719657898
2008,3,17,-0.35227322578430176
2008,3,18,-0.07471573352813721
2008,3,19,0.08289649337530136
2008,3,20,0.12529237568378448
2008,3,21,-0.5031949281692505
2008,3,22,-0.5714287757873535
2008,3,23,0.39371588826179504
2008,3,24,1.197803258895874
2008,3,25,1.3122531175613403
2008,3,26,1.0820263624191284
2008,3,27,0.9385523200035095
2008,3,28,0.7543501257896423
2008,3,29,0.4827168881893158
2008,3,30,0.1461755484342575
2008,3,31,0.11862460523843765
2008,4,1,0.0070839934051036835
2008,4,2,-0.5974887013435364
2008,4,3,-0.9496113061904907
2008,4,4,-0.8732583522796631
2008,4,5,-1.4168586730957031
2008,4,6,-2.1420836448669434
2008,4,7,-2.257918357849121
2008,4,8,-1.5584863424301147
2008,4,9,-0.9691106677055359
2008,4,10,-0.9461427927017212
2008,4,11,-1.113539218902588
2008,4,12,-1.390149474143982
2008,4,13,-0.9457768201828003
2008,4,14,0.5054675340652466
2008,4,15,1.7696150541305542
2008,4,16,2.3127434253692627
2008,4,17,1.8361371755599976
2008,4,18,0.4823066294193268
2008,4,19,-0.448840469121933
2008,4,20,-0.5956775546073914
2008,4,21,-0.4351729154586792
2008,4,22,-0.47027695178985596
2008,4,23,-0.3563610017299652
2008,4,24,0.14143498241901398
2008,4,25,0.44432079792022705
2008,4,26,0.32636895775794983
2008,4,27,0.20617236196994781
2008,4,28,-0.4140147864818573
2008,4,29,-1.2655280828475952
2008,4,30,-2.0530073642730713
2008,5,1,-2.5283937454223633
2008,5,2,-2.926448345184326
2008,5,3,-2.6625399589538574
2008,5,4,-1.8239513635635376
2008,5,5,-1.5905967950820923
2008,5,6,-1.4750163555145264
2008,5,7,-1.6761199235916138
2008,5,8,-1.8259141445159912
2008,5,9,-1.632190227508545
2008,5,10,-1.1919188499450684
2008,5,11,-1.0203659534454346
2008,5,12,-1.2976346015930176
2008,5,13,-1.509746789932251
2008,5,14,-1.4119163751602173
2008,5,15,-0.8063175678253174
2008,5,16,-0.9229188561439514
2008,5,17,-1.6976828575134277
2008,5,18,-1.70093834400177
2008,5,19,-1.529292106628418
2008,5,20,-1.3276888132095337
2008,5,21,-0.956960141658783
2008,5,22,-1.133752465248108
2008,5,23,-1.6984663009643555
2008,5,24,-1.4058706760406494
2008,5,25,-0.35541674494743347
2008,5,26,0.23927339911460876
2008,5,27,0.3172813057899475
2008,5,28,0.12232553958892822
2008,5,29,0.4595148265361786
2008,5,30,0.5460591912269592
2008,5,31,0.4030044972896576
2008,6,1,0.233440101146698
2008,6,2,0.07826593518257141
2008,6,3,-0.060589879751205444
2008,6,4,-0.3679700493812561
2008,6,5,-0.1683521717786789
2008,6,6,0.10207472741603851
2008,6,7,0.13438744843006134
2008,6,8,0.42788293957710266
2008,6,9,0.5150654911994934
2008,6,10,0.47030019760131836
2008,6,11,0.2896103858947754
2008,6,12,0.03330576419830322
2008,6,13,-0.26041069626808167
2008,6,14,-0.0014895371859893203
2008,6,15,0.123673215508461
2008,6,16,0.03794891759753227
2008,6,17,-0.02370765246450901
2008,6,18,-0.05576327443122864
2008,6,19,0.038288652896881104
2008,6,20,-0.23865944147109985
2008,6,21,-0.34450390934944153
2008,6,22,-0.009491573087871075
2008,6,23,0.3078532814979553
2008,6,24,0.0024460337590426207
2008,6,25,-0.44476887583732605
2008,6,26,-0.4609612822532654
2008,6,27,-0.5128994584083557
2008,6,28,-0.7755594253540039
2008,6,29,-0.7374943494796753
2008,6,30,-0.9325137734413147
2008,7,1,-1.3409408330917358
2008,7,2,-1.7081568241119385
2008,7,3,-2.163809061050415
2008,7,4,-2.2088170051574707
2008,7,5,-1.6193034648895264
2008,7,6,-0.8691318035125732
2008,7,7,-0.21971812844276428
2008,7,8,0.022786354646086693
2008,7,9,-0.01657082699239254
2008,7,10,-0.19756175577640533
2008,7,11,-0.0544721782207489
2008,7,12,0.5611788630485535
2008,7,13,0.8667821288108826
2008,7,14,0.8583673238754272
2008,7,15,1.1227896213531494
2008,7,16,1.0469799041748047
2008,7,17,0.8571791648864746
2008,7,18,0.4849473834037781
2008,7,19,0.0353226363658905
2008,7,20,-0.07772383093833923
2008,7,21,-0.027704985812306404
2008,7,22,0.005331452935934067
2008,7,23,-0.10795330256223679
2008,7,24,-0.43101373314857483
2008,7,25,-0.8673766255378723
2008,7,26,-1.1395643949508667
2008,7,27,-1.3725579977035522
2008,7,28,-1.507771611213684
2008,7,29,-1.5085945129394531
2008,7,30,-1.3113614320755005
2008,7,31,-1.463079810142517
2008,8,1,-1.4280321598052979
2008,8,2,-1.0313870906829834
2008,8,3,-0.735924243927002
2008,8,4,-0.9138293862342834
2008,8,5,-1.1487563848495483
2008,8,6,-1.074115514755249
2008,8,7,-0.7957008481025696
2008,8,8,-0.5378420948982239
2008,8,9,-0.05801426246762276
2008,8,10,0.433795303106308
2008,8,11,0.2926643192768097
2008,8,12,-0.11354590207338333
2008,8,13,0.015479144640266895
2008,8,14,0.670718789100647
2008,8,15,0.8757412433624268
2008,8,16,0.3557609021663666
2008,8,17,-0.36567121744155884
2008,8,18,-0.4634866714477539
2008,8,19,0.05615727975964546
2008,8,20,0.13583223521709442
2008,8,21,0.5841527581214905
2008,8,22,1.31124746799469
2008,8,23,1.3607040643692017
2008,8,24,0.8853367567062378
2008,8,25,0.49297499656677246
2008,8,26,0.3635513186454773
2008,8,27,0.24206174910068512
2008,8,28,-0.0066353860311210155
2008,8,29,-0.3094739615917206
2008,8,30,-0.5813045501708984
2008,8,31,-0.9217471480369568
2008,9,1,-0.776188850402832
2008,9,2,-0.37224283814430237
2008,9,3,0.15406283736228943
2008,9,4,0.20234991610050201
2008,9,5,0.19998101890087128
2008,9,6,0.28920257091522217
2008,9,7,0.08546016365289688
2008,9,8,-0.1796206533908844
2008,9,9,-0.5775858163833618
2008,9,10,-0.7423844933509827
2008,9,11,-0.6625937223434448
2008,9,12,-0.5153660178184509
2008,9,13,-0.854153037071228
2008,9,14,-1.0930523872375488
2008,9,15,-0.9501042366027832
2008,9,16,-0.4474298059940338
2008,9,17,0.26095929741859436
2008,9,18,0.5415458679199219
2008,9,19,0.5661200284957886
2008,9,20,0.43689343333244324
2008,9,21,0.1192130595445633
2008,9,22,-0.30839186906814575
2008,9,23,-1.2430822849273682
2008,9,24,-1.9089105129241943
2008,9,25,-1.7805180549621582
2008,9,26,-0.828124463558197
2008,9,27,0.13226771354675293
2008,9,28,0.624427080154419
2008,9,29,0.5732855796813965
2008,9,30,-0.39756298065185547
2008,10,1,-1.5708256959915161
2008,10,2,-1.8561614751815796
2008,10,3,-0.9642083644866943
2008,10,4,0.2801056206226349
2008,10,5,0.7537991404533386
2008,10,6,0.6397104263305664
2008,10,7,0.6412262916564941
2008,10,8,0.7624061107635498
2008,10,9,1.3048045635223389
2008,10,10,2.0137858390808105
2008,10,11,2.507524251937866
2008,10,12,2.6054041385650635
2008,10,13,2.5089945793151855
2008,10,14,2.442028284072876
2008,10,15,2.3790082931518555
2008,10,16,2.538923978805542
2008,10,17,2.1795053482055664
2008,10,18,2.0823287963867188
2008,10,19,2.3980958461761475
2008,10,20,2.6605148315429688
2008,10,21,2.566120147705078
2008,10,22,2.3989641666412354
2008,10,23,3.505258560180664
2008,10,24,3.7537176609039307
2008,10,25,3.4518649578094482
2008,10,26,2.5052378177642822
2008,10,27,1.498765230178833
2008,10,28,1.616757869720459
2008,10,29,1.2223752737045288
2008,10,30,0.4436400830745697
2008,10,31,0.8282365202903748
2008,11,1,1.0599026679992676
2008,11,2,1.2740507125854492
2008,11,3,0.8170338273048401
2008,11,4,-0.044522687792778015
2008,11,5,-0.745235025882721
2008,11,6,-0.9358668923377991
2008,11,7,-0.4216464161872864
2008,11,8,0.07769335806369781
2008,11,9,0.11171531677246094
2008,11,10,-0.2511230707168579
2008,11,11,0.09696020931005478
2008,11,12,1.0824854373931885
2008,11,13,1.4189152717590332
2008,11,14,1.1696515083312988
2008,11,15,1.238542079925537
2008,11,16,1.2792811393737793
2008,11,17,1.7491053342819214
2008,11,18,2.181027412414551
2008,11,19,1.61764395236969
2008,11,20,0.2119895964860916
2008,11,21,-0.4102458655834198
2008,11,22,-0.24163243174552917
2008,11,23,-1.1734256744384766
2008,11,24,-1.5208497047424316
2008,11,25,-0.7852946519851685
2008,11,26,-0.04975227266550064
2008,11,27,-0.7010430097579956
2008,11,28,-1.372719168663025
2008,11,29,-1.763249158859253
2008,11,30,-2.30462646484375
2008,12,1,-2.1092960834503174
2008,12,2,-1.4312188625335693
2008,12,3,-0.7657680511474609
2008,12,4,-0.34490156173706055
2008,12,5,0.3120180368423462
2008,12,6,1.0280568599700928
2008,12,7,1.3039692640304565
2008,12,8,0.6484054923057556
2008,12,9,0.8509118556976318
2008,12,10,1.72715163230896
2008,12,11,1.6320371627807617
2008,12,12,1.2833225727081299
2008,12,13,0.06907834857702255
2008,12,14,-0.18332411348819733
2008,12,15,0.9541652798652649
2008,12,16,2.209909200668335
2008,12,17,2.3259828090667725
2008,12,18,2.2098469734191895
2008,12,19,2.3182404041290283
2008,12,20,2.25836181640625
2008,12,21,1.9461256265640259
2008,12,22,1.2118138074874878
2008,12,23,1.6962488889694214
2008,12,24,2.098952293395996
2008,12,25,1.0916465520858765
2008,12,26,0.5057980418205261
2008,12,27,0.01664011739194393
2008,12,28,-0.8567608594894409
2008,12,29,-1.3647130727767944
2008,12,30,-1.614957571029663
2008,12,31,-1.6639012098312378
2009,1,1,-1.8700203895568848
2009,1,2,-2.099100351333618
2009,1,3,-2.0757431983947754
2009,1,4,-1.5755866765975952
2009,1,5,-0.655899167060852
2009,1,6,0.02866991236805916
2009,1,7,0.8652297258377075
2009,1,8,1.4235559701919556
2009,1,9,1.9642411470413208
2009,1,10,2.7932143211364746
2009,1,11,3.2562143802642822
2009,1,12,2.7659659385681152
2009,1,13,1.9978958368301392
2009,1,14,0.9237005114555359
2009,1,15,0.8619229793548584
2009,1,16,1.8711981773376465
2009,1,17,2.278324604034424
2009,1,18,2.4551539421081543
2009,1,19,1.713326096534729
2009,1,20,0.4434989392757416
2009,1,21,0.09243272989988327
2009,1,22,0.36820125579833984
2009,1,23,1.020370602607727
2009,1,24,1.0569794178009033
2009,1,25,0.9081670641899109
2009,1,26,1.5422718524932861
2009,1,27,1.908164620399475
2009,1,28,1.2210935354232788
2009,1,29,0.07433122396469116
2009,1,30,-0.34804707765579224
2009,1,31,-1.3025023937225342
2009,2,1,-2.8697011470794678
2009,2,2,-3.0243611335754395
2009,2,3,-3.177569627761841
2009,2,4,-2.928220272064209
2009,2,5,-1.7176576852798462
2009,2,6,-0.6962286233901978
2009,2,7,0.21198120713233948
2009,2,8,0.20843379199504852
2009,2,9,-0.5879895687103271
2009,2,10,-1.0228776931762695
2009,2,11,-1.485798716545105
2009,2,12,-2.1653554439544678
2009,2,13,-2.4656970500946045
2009,2,14,-2.4361536502838135
2009,2,15,-1.4930877685546875
2009,2,16,-0.4562051296234131
2009,2,17,-0.22013556957244873
2009,2,18,-0.7018018960952759
2009,2,19,-0.21945121884346008
2009,2,20,0.3550010323524475
2009,2,21,-0.0096374386921525
2009,2,22,-0.09331882745027542
2009,2,23,-0.15501593053340912
2009,2,24,0.3828057050704956
2009,2,25,1.532049536705017
2009,2,26,2.5556397438049316
2009,2,27,2.2322793006896973
2009,2,28,2.290402889251709
2009,3,1,2.2964396476745605
2009,3,2,1.9680837392807007
2009,3,3,1.6980640888214111
2009,3,4,0.8458438515663147
2009,3,5,0.49385446310043335
2009,3,6,0.9984866380691528
2009,3,7,1.0088268518447876
2009,3,8,0.11776697635650635
2009,3,9,-0.4725680649280548
2009,3,10,-0.6940101385116577
2009,3,11,-0.6838855743408203
2009,3,12,-0.2155325710773468
2009,3,13,0.10418211668729782
2009,3,14,0.365877628326416
2009,3,15,0.16063329577445984
2009,3,16,-0.09709107130765915
2009,3,17,-0.5230364203453064
2009,3,18,-0.4974629580974579
2009,3,19,-0.5224607586860657
2009,3,20,-0.35339632630348206
2009,3,21,-0.2510351836681366
2009,3,22,-0.09967149049043655
2009,3,23,0.09738067537546158
2009,3,24,-0.06895994395017624
2009,3,25,0.04351364076137543
2009,3,26,0.44605499505996704
2009,3,27,0.2662002444267273
2009,3,28,-0.08116262406110764
2009,3,29,-0.5036680102348328
2009,3,30,-0.1903858780860901
2009,3,31,-0.053677767515182495
2009,4,1,0.31798675656318665
2009,4,2,0.8980141282081604
2009,4,3,0.7953646183013916
2009,4,4,0.43432506918907166
2009,4,5,0.25311946868896484
2009,4,6,0.6036441922187805
2009,4,7,1.0298736095428467
2009,4,8,0.6696933507919312
2009,4,9,0.3728659152984619
2009,4,10,0.6670632362365723
2009,4,11,0.8034939765930176
2009,4,12,0.8089602589607239
2009,4,13,0.15981975197792053
2009,4,14,-0.5592045187950134
2009,4,15,-0.7829939126968384
2009,4,16,-0.5366615653038025
2009,4,17,-0.10761962831020355
2009,4,18,0.16489821672439575
2009,4,19,0.8513672351837158
2009,4,20,1.4360499382019043
2009,4,21,1.6836353540420532
2009,4,22,1.6136614084243774
2009,4,23,1.6923657655715942
2009,4,24,1.8592473268508911
2009,4,25,2.219881057739258
2009,4,26,2.5268876552581787
2009,4,27,2.6295554637908936
2009,4,28,2.4978058338165283
2009,4,29,1.6821120977401733
2009,4,30,1.4500585794448853
2009,5,1,1.7013126611709595
2009,5,2,1.7084401845932007
2009,5,3,2.082824468612671
2009,5,4,2.346935749053955
2009,5,5,2.553712844848633
2009,5,6,2.4200100898742676
2009,5,7,1.7750300168991089
2009,5,8,1.458442211151123
2009,5,9,1.3908288478851318
2009,5,10,1.1190972328186035
2009,5,11,0.6040130853652954
2009,5,12,0.34202176332473755
2009,5,13,0.008256305940449238
2009,5,14,-0.09446831047534943
2009,5,15,-0.2553279995918274
2009,5,16,-0.6388675570487976
2009,5,17,-0.3109394609928131
2009,5,18,0.34277835488319397
2009,5,19,0.9542076587677002
2009,5,20,1.4427553415298462
2009,5,21,1.5876787900924683
2009,5,22,1.488507628440857
2009,5,23,1.4640730619430542
2009,5,24,1.9706350564956665
2009,5,25,2.073974847793579
2009,5,26,2.0084500312805176
2009,5,27,2.0045716762542725
2009,5,28,2.0448644161224365
2009,5,29,1.2234879732131958
2009,5,30,-0.051986437290906906
2009,5,31,-1.081404685974121
2009,6,1,-1.490354299545288
2009,6,2,-1.5620789527893066
2009,6,3,-1.7593533992767334
2009,6,4,-1.7933731079101562
2009,6,5,-1.5692719221115112
2009,6,6,-1.2771600484848022
2009,6,7,-1.371315598487854
2009,6,8,-1.4599254131317139
2009,6,9,-1.4384289979934692
2009,6,10,-1.294801115989685
2009,6,11,-1.0593191385269165
2009,6,12,-0.967194676399231
2009,6,13,-1.152376413345337
2009,6,14,-1.068628191947937
2009,6,15,-0.7042861580848694
2009,6,16,-0.11535380035638809
2009,6,17,0.17124590277671814
2009,6,18,0.019224444404244423
2009,6,19,-0.2168109267950058
2009,6,20,-0.33555230498313904
2009,6,21,-0.7435296773910522
2009,6,22,-1.2589805126190186
2009,6,23,-1.6826497316360474
2009,6,24,-1.7430098056793213
2009,6,25,-1.9423835277557373
2009,6,26,-2.1490862369537354
2009,6,27,-2.1487417221069336
2009,6,28,-2.263622283935547
2009,6,29,-2.4063267707824707
2009,6,30,-2.300419807434082
2009,7,1,-2.136404275894165
2009,7,2,-2.1517481803894043
2009,7,3,-2.0265634059906006
2009,7,4,-1.7507025003433228
2009,7,5,-1.8366167545318604
2009,7,6,-1.866207480430603
2009,7,7,-1.633894443511963
2009,7,8,-1.3066197633743286
2009,7,9,-1.0599815845489502
2009,7,10,-1.0197724103927612
2009,7,11,-1.1309341192245483
2009,7,12,-1.2512474060058594
2009,7,13,-1.4820783138275146
2009,7,14,-1.3915773630142212
2009,7,15,-1.185263752937317
2009,7,16,-1.0661582946777344
2009,7,17,-0.7064537405967712
2009,7,18,-0.5900881290435791
2009,7,19,-0.7579402923583984
2009,7,20,-1.1423866748809814
2009,7,21,-1.6241487264633179
2009,7,22,-1.66130530834198
2009,7,23,-1.4973160028457642
2009,7,24,-1.3269459009170532
2009,7,25,-1.400017261505127
2009,7,26,-1.5109740495681763
2009,7,27,-1.0999122858047485
2009,7,28,-0.7036866545677185
2009,7,29,-0.5912963151931763
2009,7,30,-0.747241735458374
2009,7,31,-0.8861164450645447
2009,8,1,-0.7767156958580017
2009,8,2,-1.1481108665466309
2009,8,3,-1.4636718034744263
2009,8,4,-1.3475979566574097
2009,8,5,-0.8851286768913269
2009,8,6,-0.6650511026382446
2009,8,7,-0.5550615191459656
2009,8,8,-0.26332852244377136
2009,8,9,-0.05330631136894226
2009,8,10,-0.0576862134039402
2009,8,11,-0.02067228965461254
2009,8,12,0.04853745177388191
2009,8,13,0.4124632775783539
2009,8,14,0.5670483112335205
2009,8,15,0.4574986398220062
2009,8,16,0.40751054883003235
2009,8,17,0.6314839720726013
2009,8,18,0.9545432329177856
2009,8,19,0.9716902375221252
2009,8,20,0.6889073848724365
2009,8,21,0.3896782696247101
2009,8,22,-0.22214148938655853
2009,8,23,-0.745205819606781
2009,8,24,-0.8251341581344604
2009,8,25,-0.8460330963134766
2009,8,26,-0.7936357855796814
2009,8,27,-0.6204087734222412
2009,8,28,-0.2329074591398239
2009,8,29,0.7490009069442749
2009,8,30,1.656312108039856
2009,8,31,1.9795618057250977
2009,9,1,2.088106870651245
2009,9,2,1.7513872385025024
2009,9,3,1.158477544784546
2009,9,4,0.8792347311973572
2009,9,5,0.7180500626564026
2009,9,6,0.6923867464065552
2009,9,7,0.7335903644561768
2009,9,8,0.7475264668464661
2009,9,9,0.2722488045692444
2009,9,10,0.038190677762031555
2009,9,11,0.5623860955238342
2009,9,12,0.2687241733074188
2009,9,13,-0.5738532543182373
2009,9,14,-1.12486732006073
2009,9,15,-1.279411792755127
2009,9,16,-0.5272500514984131
2009,9,17,0.36124178767204285
2009,9,18,0.21697324514389038
2009,9,19,0.3349686861038208
2009,9,20,0.9520634412765503
2009,9,21,1.277207374572754
2009,9,22,1.7238579988479614
2009,9,23,1.966592788696289
2009,9,24,2.1126327514648438
2009,9,25,2.61425518989563
2009,9,26,3.0941569805145264
2009,9,27,2.695145606994629
2009,9,28,1.5858875513076782
2009,9,29,0.3297930657863617
2009,9,30,-0.37043195962905884
2009,10,1,-0.40906545519828796
2009,10,2,-0.34577977657318115
2009,10,3,-0.2538457214832306
2009,10,4,-0.21641959249973297
2009,10,5,-0.3568018078804016
2009,10,6,-0.6586861610412598
2009,10,7,-1.2854893207550049
2009,10,8,-2.049506425857544
2009,10,9,-2.4726412296295166
2009,10,10,-2.574204206466675
2009,10,11,-2.665565013885498
2009,10,12,-1.9748051166534424
2009,10,13,-1.0244399309158325
2009,10,14,-0.5909779667854309
2009,10,15,-0.7677077651023865
2009,10,16,-0.8034219741821289
2009,10,17,-0.5166285634040833
2009,10,18,-0.24220597743988037
2009,10,19,-0.8425845503807068
2009,10,20,-1.979499101638794
2009,10,21,-2.9218342304229736
2009,10,22,-3.415001153945923
2009,10,23,-3.2513668537139893
2009,10,24,-2.84411883354187
2009,10,25,-2.4754226207733154
2009,10,26,-1.812376618385315
2009,10,27,-1.6777565479278564
2009,10,28,-2.100898027420044
2009,10,29,-2.4122042655944824
2009,10,30,-1.4794740676879883
2009,10,31,0.3789809048175812
2009,11,1,1.8960840702056885
2009,11,2,2.6888341903686523
2009,11,3,1.330426573753357
2009,11,4,-0.690328061580658
2009,11,5,-0.8436160683631897
2009,11,6,-0.18651437759399414
2009,11,7,-0.47888004779815674
2009,11,8,-0.3320036828517914
2009,11,9,0.2555902898311615
2009,11,10,0.17731936275959015
2009,11,11,-0.15771733224391937
2009,11,12,0.031372375786304474
2009,11,13,-0.24146053194999695
2009,11,14,-0.056787773966789246
2009,11,15,0.6299320459365845
2009,11,16,0.7743718028068542
2009,11,17,1.110146164894104
2009,11,18,1.5570741891860962
2009,11,19,1.1181093454360962
2009,11,20,0.7381352782249451
2009,11,21,0.562397837638855
2009,11,22,0.59395831823349
2009,11,23,0.6152718663215637
2009,11,24,0.3832823932170868
2009,11,25,0.6539024710655212
2009,11,26,1.2322556972503662
2009,11,27,1.0745652914047241
2009,11,28,0.054583434015512466
2009,11,29,-0.62004554271698
2009,11,30,-0.597343921661377
2009,12,1,-0.22724275290966034
2009,12,2,-0.3287339508533478
2009,12,3,-0.3995770812034607
2009,12,4,-0.8421210050582886
2009,12,5,-1.6465198993682861
2009,12,6,-1.4315953254699707
2009,12,7,-1.0048991441726685
2009,12,8,-0.833247184753418
2009,12,9,-1.2399178743362427
2009,12,10,-2.614373207092285
2009,12,11,-3.618389844894409
2009,12,12,-3.7672674655914307
2009,12,13,-3.8459150791168213
2009,12,14,-3.820636034011841
2009,12,15,-3.890272378921509
2009,12,16,-3.610435962677002
2009,12,17,-3.7440028190612793
2009,12,18,-4.2383198738098145
2009,12,19,-4.650906562805176
2009,12,20,-5.341105937957764
2009,12,21,-5.8207573890686035
2009,12,22,-5.503448486328125
2009,12,23,-5.576803684234619
2009,12,24,-5.25643253326416
2009,12,25,-5.051913261413574
2009,12,26,-4.405938625335693
2009,12,27,-3.723783254623413
2009,12,28,-3.696146011352539
2009,12,29,-3.8355588912963867
2009,12,30,-3.969122886657715
2009,12,31,-4.099982261657715
2010,1,1,-4.615200996398926
2010,1,2,-5.383527755737305
2010,1,3,-5.532634735107422
2010,1,4,-5.402942180633545
2010,1,5,-5.180144786834717
2010,1,6,-5.09492301940918
2010,1,7,-4.671464920043945
2010,1,8,-3.9097976684570312
2010,1,9,-3.5002338886260986
2010,1,10,-3.316908121109009
2010,1,11,-2.7762389183044434
2010,1,12,-1.7957810163497925
2010,1,13,-1.3035306930541992
2010,1,14,-1.4690638780593872
2010,1,15,-1.0027505159378052
2010,1,16,0.1630476862192154
2010,1,17,0.5192646384239197
2010,1,18,-0.07963860034942627
2010,1,19,-0.7473258972167969
2010,1,20,-1.3864177465438843
2010,1,21,-1.8052804470062256
2010,1,22,-2.022447109222412
2010,1,23,-2.1384449005126953
2010,1,24,-1.7797651290893555
2010,1,25,-0.9913786053657532
2010,1,26,-0.7283922433853149
2010,1,27,-0.7686202526092529
2010,1,28,-1.677207112312317
2010,1,29,-2.5801522731781006
2010,1,30,-3.230592727661133
2010,1,31,-3.132171154022217
2010,2,1,-2.59633469581604
2010,2,2,-2.300053834915161
2010,2,3,-2.7495431900024414
2010,2,4,-3.8061468601226807
2010,2,5,-4.705652713775635
2010,2,6,-5.205150127410889
2010,2,7,-5.005311965942383
2010,2,8,-4.734269142150879
2010,2,9,-4.459039688110352
2010,2,10,-4.265782356262207
2010,2,11,-4.637675762176514
2010,2,12,-4.757772445678711
2010,2,13,-4.944967269897461
2010,2,14,-5.132242202758789
2010,2,15,-4.730499744415283
2010,2,16,-4.292440891265869
2010,2,17,-4.125115871429443
2010,2,18,-3.9430952072143555
2010,2,19,-4.025702953338623
2010,2,20,-4.320093154907227
2010,2,21,-4.46159553527832
2010,2,22,-4.402802467346191
2010,2,23,-4.590689182281494
2010,2,24,-4.210590839385986
2010,2,25,-3.8180267810821533
2010,2,26,-3.229980945587158
2010,2,27,-3.1176326274871826
2010,2,28,-2.6251158714294434
2010,3,1,-2.1703684329986572
2010,3,2,-1.9992586374282837
2010,3,3,-1.6564772129058838
2010,3,4,-1.2955015897750854
2010,3,5,-0.5119352340698242
2010,3,6,0.13028575479984283
2010,3,7,0.2140769064426422
2010,3,8,0.2291921079158783
2010,3,9,0.7194029688835144
2010,3,10,0.914775013923645
2010,3,11,0.4739803373813629
2010,3,12,-0.08129335194826126
2010,3,13,-0.2708122432231903
2010,3,14,-0.12423902750015259
2010,3,15,-0.05209812894463539
2010,3,16,0.16199584305286407
2010,3,17,1.0309674739837646
2010,3,18,1.3037315607070923
2010,3,19,1.1880316734313965
2010,3,20,1.0627663135528564
2010,3,21,0.45969387888908386
2010,3,22,0.2667772173881531
2010,3,23,-0.20197466015815735
2010,3,24,-1.0789265632629395
2010,3,25,-1.596448302268982
2010,3,26,-1.8997360467910767
2010,3,27,-2.168544292449951
2010,3,28,-2.250589609146118
2010,3,29,-1.5715137720108032
2010,3,30,-1.4319305419921875
2010,3,31,-1.6446903944015503
2010,4,1,-1.240911841392517
2010,4,2,-0.6735476851463318
2010,4,3,-0.41966012120246887
2010,4,4,-0.8124167323112488
2010,4,5,-0.5714621543884277
2010,4,6,0.03975583612918854
2010,4,7,0.12312401086091995
2010,4,8,-0.3922453820705414
2010,4,9,-1.0322983264923096
2010,4,10,-1.2800229787826538
2010,4,11,-0.9295139312744141
2010,4,12,-0.16751064360141754
2010,4,13,0.7806394696235657
2010,4,14,0.9149667620658875
2010,4,15,0.7386083602905273
2010,4,16,0.54361492395401
2010,4,17,-0.07666943967342377
2010,4,18,-0.5691871047019958
2010,4,19,-0.8492036461830139
2010,4,20,-0.8675973415374756
2010,4,21,-0.6253206133842468
2010,4,22,-0.6556965708732605
2010,4,23,-1.212624192237854
2010,4,24,-1.3390880823135376
2010,4,25,-0.9074007272720337
2010,4,26,-0.4718932807445526
2010,4,27,0.4838126003742218
2010,4,28,1.3731393814086914
2010,4,29,1.3334544897079468
2010,4,30,0.8179607391357422
2010,5,1,0.3288273513317108
2010,5,2,-0.04337451979517937
2010,5,3,-0.08987981081008911
2010,5,4,-0.6022292375564575
2010,5,5,-1.1320606470108032
2010,5,6,-1.5743623971939087
2010,5,7,-1.8614082336425781
2010,5,8,-1.737350344657898
2010,5,9,-1.5568387508392334
2010,5,10,-1.3173941373825073
2010,5,11,-0.7876241207122803
2010,5,12,-0.26174119114875793
2010,5,13,-0.3183898627758026
2010,5,14,-0.707050621509552
2010,5,15,-1.0898314714431763
2010,5,16,-1.2558525800704956
2010,5,17,-1.1501052379608154
2010,5,18,-0.9455261826515198
2010,5,19,-0.84043288230896
2010,5,20,-0.5452587604522705
2010,5,21,-0.33020469546318054
2010,5,22,-0.19391192495822906
2010,5,23,-0.033476635813713074
2010,5,24,-0.42941299080848694
2010,5,25,-1.0624470710754395
2010,5,26,-1.9471768140792847
2010,5,27,-2.282264471054077
2010,5,28,-1.7338171005249023
2010,5,29,-1.0088329315185547
2010,5,30,-0.5948416590690613
2010,5,31,-0.36382976174354553
2010,6,1,-0.27874425053596497
2010,6,2,-0.49358639121055603
2010,6,3,-0.6705973744392395
2010,6,4,-0.4666942059993744
2010,6,5,0.1700378954410553
2010,6,6,0.3772967457771301
2010,6,7,0.618938148021698
2010,6,8,0.6239714026451111
2010,6,9,0.7334073185920715
2010,6,10,0.9297818541526794
2010,6,11,1.1740480661392212
2010,6,12,1.4922866821289062
2010,6,13,1.5358978509902954
2010,6,14,1.20526123046875
2010,6,15,0.8256943225860596
2010,6,16,0.40661728382110596
2010,6,17,-0.022702399641275406
2010,6,18,-0.3662257492542267
2010,6,19,-0.7420377135276794
2010,6,20,-0.9424924850463867
2010,6,21,-0.9874050617218018
2010,6,22,-0.654211699962616
2010,6,23,-0.39209532737731934
2010,6,24,-0.10023370385169983
2010,6,25,-0.1738511472940445
2010,6,26,-0.7311328649520874
2010,6,27,-0.9963520169258118
2010,6,28,-0.9320670366287231
2010,6,29,-0.8453124761581421
2010,6,30,-0.6767145395278931
2010,7,1,-0.41946953535079956
2010,7,2,-0.08964097499847412
2010,7,3,0.3339071273803711
2010,7,4,0.3936074376106262
2010,7,5,0.34265488386154175
2010,7,6,0.4491328299045563
2010,7,7,0.1327650547027588
2010,7,8,-0.010097124613821507
2010,7,9,0.1872538924217224
2010,7,10,0.5693180561065674
2010,7,11,0.7634475827217102
2010,7,12,0.6929614543914795
2010,7,13,0.23932386934757233
2010,7,14,0.15283074975013733
2010,7,15,0.18452712893486023
2010,7,16,0.2923019528388977
2010,7,17,0.21660712361335754
2010,7,18,0.15579456090927124
2010,7,19,0.4137883484363556
2010,7,20,0.6996931433677673
2010,7,21,1.0614509582519531
2010,7,22,1.3251174688339233
2010,7,23,1.4015883207321167
2010,7,24,1.0965442657470703
2010,7,25,0.5409998297691345
2010,7,26,0.2528787851333618
2010,7,27,0.14559748768806458
2010,7,28,0.20214533805847168
2010,7,29,0.3164682388305664
2010,7,30,0.32238325476646423
2010,7,31,0.644460916519165
2010,8,1,0.8922269344329834
2010,8,2,1.1573036909103394
2010,8,3,1.292915940284729
2010,8,4,0.9713678359985352
2010,8,5,0.24607954919338226
2010,8,6,-0.751312792301178
2010,8,7,-1.107455849647522
2010,8,8,-0.9424214363098145
2010,8,9,-0.4749765992164612
2010,8,10,-0.38190993666648865
2010,8,11,-0.4696441888809204
2010,8,12,-0.9549930691719055
2010,8,13,-1.516363263130188
2010,8,14,-1.7428003549575806
2010,8,15,-1.4725689888000488
2010,8,16,-0.5729160308837891
2010,8,17,0.001472680363804102
2010,8,18,-0.08559969812631607
2010,8,19,-0.5296699404716492
2010,8,20,-0.6902140974998474
2010,8,21,-0.4037025570869446
2010,8,22,-0.11906011402606964
2010,8,23,0.11108986288309097
2010,8,24,0.43617960810661316
2010,8,25,0.5418739914894104
2010,8,26,0.4790302813053131
2010,8,27,0.5281619429588318
2010,8,28,0.46228229999542236
2010,8,29,0.4128747880458832
2010,8,30,0.513186514377594
2010,8,31,0.6803158521652222
2010,9,1,0.49218568205833435
2010,9,2,-0.1546226292848587
2010,9,3,-0.6859009861946106
2010,9,4,-0.6533492803573608
2010,9,5,-0.7222248315811157
2010,9,6,-0.7638505697250366
2010,9,7,-0.7790231108665466
2010,9,8,-0.7694627642631531
2010,9,9,-0.7012538313865662
2010,9,10,-0.7046031951904297
2010,9,11,-0.511407196521759
2010,9,12,-0.1491708606481552
2010,9,13,-0.12484197318553925
2010,9,14,-0.5476033687591553
2010,9,15,-1.0630980730056763
2010,9,16,-1.2655515670776367
2010,9,17,-1.2260302305221558
2010,9,18,-1.1095924377441406
2010,9,19,-1.4408175945281982
2010,9,20,-2.025367498397827
2010,9,21,-2.674738883972168
2010,9,22,-2.737473964691162
2010,9,23,-2.2883076667785645
2010,9,24,-1.781216025352478
2010,9,25,-1.4641896486282349
2010,9,26,-0.9296320676803589
2010,9,27,-0.2845369577407837
2010,9,28,0.48214957118034363
2010,9,29,0.9095034003257751
2010,9,30,0.6543453931808472
2010,10,1,-0.02081551030278206
2010,10,2,0.26249220967292786
2010,10,3,0.9866893291473389
2010,10,4,1.7077813148498535
2010,10,5,1.731576681137085
2010,10,6,1.7695139646530151
2010,10,7,0.19136972725391388
2010,10,8,-1.6386215686798096
2010,10,9,-2.3307676315307617
2010,10,10,-1.992087960243225
2010,10,11,-1.1637039184570312
2010,10,12,-0.7331109642982483
2010,10,13,-0.32517117261886597
2010,10,14,-0.11673970520496368
2010,10,15,-0.022207604721188545
2010,10,16,-0.16519613564014435
2010,10,17,-0.2752586603164673
2010,10,18,-0.6574499607086182
2010,10,19,-1.131529450416565
2010,10,20,-1.7622753381729126
2010,10,21,-1.9343987703323364
2010,10,22,-2.16972279548645
2010,10,23,-2.5546622276306152
2010,10,24,-2.1915132999420166
2010,10,25,-0.9464170932769775
2010,10,26,-0.08772265166044235
2010,10,27,0.3603050112724304
2010,10,28,0.6320089101791382
2010,10,29,0.8261605501174927
2010,10,30,0.0030077726114541292
2010,10,31,-0.2156417816877365
2010,11,1,1.291020154953003
2010,11,2,2.3806684017181396
2010,11,3,2.336533784866333
2010,11,4,1.6539549827575684
2010,11,5,1.5320696830749512
2010,11,6,2.180784225463867
2010,11,7,2.8065576553344727
2010,11,8,0.7414235472679138
2010,11,9,-0.7677558064460754
2010,11,10,-1.0414907932281494
2010,11,11,-0.47762155532836914
2010,11,12,0.35551393032073975
2010,11,13,1.5068235397338867
2010,11,14,2.4508657455444336
2010,11,15,2.5598440170288086
2010,11,16,1.7194414138793945
2010,11,17,0.25883129239082336
2010,11,18,-0.8052539825439453
2010,11,19,-1.688018560409546
2010,11,20,-2.3209378719329834
2010,11,21,-2.389608860015869
2010,11,22,-2.2316062450408936
2010,11,23,-2.4078242778778076
2010,11,24,-2.704819917678833
2010,11,25,-3.3348522186279297
2010,11,26,-4.057966232299805
2010,11,27,-3.9349660873413086
2010,11,28,-2.85563325881958
2010,11,29,-2.2532010078430176
2010,11,30,-1.3772499561309814
2010,12,1,-0.37172091007232666
2010,12,2,0.1353331357240677
2010,12,3,-0.46421894431114197
2010,12,4,-1.3550289869308472
2010,12,5,-1.506945252418518
2010,12,6,-2.201237201690674
2010,12,7,-2.305548667907715
2010,12,8,-1.6636333465576172
2010,12,9,-0.3628867566585541
2010,12,10,-0.23293253779411316
2010,12,11,-1.0958538055419922
2010,12,12,-1.5732839107513428
2010,12,13,-1.8895337581634521
2010,12,14,-2.1480605602264404
2010,12,15,-2.6504430770874023
2010,12,16,-3.5982916355133057
2010,12,17,-4.548563003540039
2010,12,18,-5.264742374420166
2010,12,19,-4.6953582763671875
2010,12,20,-4.110721588134766
2010,12,21,-4.2295074462890625
2010,12,22,-3.987635612487793
2010,12,23,-3.6920254230499268
2010,12,24,-3.8621366024017334
2010,12,25,-3.827390670776367
2010,12,26,-2.8862369060516357
2010,12,27,-2.5316529273986816
2010,12,28,-2.776395797729492
2010,12,29,-2.9659669399261475
2010,12,30,-3.017768383026123
2010,12,31,-2.9821743965148926
2011,1,1,-3.009777784347534
2011,1,2,-3.076477527618408
2011,1,3,-3.021749973297119
2011,1,4,-2.634139060974121
2011,1,5,-2.7104296684265137
2011,1,6,-2.986032724380493
2011,1,7,-2.9864814281463623
2011,1,8,-2.920463800430298
2011,1,9,-3.193190574645996
2011,1,10,-3.629041910171509
2011,1,11,-3.80566668510437
2011,1,12,-3.297402858734131
2011,1,13,-2.476292133331299
2011,1,14,-1.6211193799972534
2011,1,15,-0.7035161256790161
2011,1,16,0.15202738344669342
2011,1,17,0.06903687864542007
2011,1,18,-0.894518256187439
2011,1,19,-1.898180603981018
2011,1,20,-2.1446425914764404
2011,1,21,-2.2946879863739014
2011,1,22,-2.4114997386932373
2011,1,23,-2.1352100372314453
2011,1,24,-1.0849462747573853
2011,1,25,-0.27161791920661926
2011,1,26,-0.14178982377052307
2011,1,27,0.027733229100704193
2011,1,28,0.4577353298664093
2011,1,29,1.1199605464935303
2011,1,30,1.358320713043213
2011,1,31,1.8407573699951172
2011,2,1,2.097404718399048
2011,2,2,2.765965461730957
2011,2,3,3.5417988300323486
2011,2,4,3.913686513900757
2011,2,5,3.103848695755005
2011,2,6,2.055950164794922
2011,2,7,1.5586193799972534
2011,2,8,0.9890758395195007
2011,2,9,1.1921327114105225
2011,2,10,1.3634244203567505
2011,2,11,1.6642827987670898
2011,2,12,2.1502461433410645
2011,2,13,1.8265458345413208
2011,2,14,0.8339033126831055
2011,2,15,-0.006616589613258839
2011,2,16,-0.8237990140914917
2011,2,17,-0.7263306975364685
2011,2,18,-0.20462775230407715
2011,2,19,0.2832930088043213
2011,2,20,0.8564041256904602
2011,2,21,1.2348016500473022
2011,2,22,0.7593500018119812
2011,2,23,0.7279422283172607
2011,2,24,1.9599350690841675
2011,2,25,3.6661458015441895
2011,2,26,3.411043167114258
2011,2,27,1.4409246444702148
2011,2,28,0.9051134586334229
2011,3,1,0.45589563250541687
2011,3,2,0.3889208436012268
2011,3,3,0.7208232283592224
2011,3,4,0.5235406160354614
2011,3,5,0.6647974848747253
2011,3,6,0.9199666380882263
2011,3,7,1.4315314292907715
2011,3,8,1.7411552667617798
2011,3,9,1.4438362121582031
2011,3,10,1.3498772382736206
2011,3,11,0.8033756613731384
2011,3,12,-0.18050174415111542
2011,3,13,-0.22001194953918457
2011,3,14,1.002921223640442
2011,3,15,1.7991206645965576
2011,3,16,1.9350520372390747
2011,3,17,1.4749321937561035
2011,3,18,0.8557268381118774
2011,3,19,1.0280643701553345
2011,3,20,1.6032114028930664
2011,3,21,2.385854721069336
2011,3,22,1.9855597019195557
2011,3,23,1.3889652490615845
2011,3,24,1.3201993703842163
2011,3,25,1.6189541816711426
2011,3,26,1.7781240940093994
2011,3,27,1.747284173965454
2011,3,28,1.4731098413467407
2011,3,29,1.4564224481582642
2011,3,30,2.233487606048584
2011,3,31,3.008925676345825
2011,4,1,2.891000986099243
2011,4,2,2.578366756439209
2011,4,3,3.110995054244995
2011,4,4,3.882045030593872
2011,4,5,4.105932712554932
2011,4,6,3.466940402984619
2011,4,7,3.3487935066223145
2011,4,8,2.9822394847869873
2011,4,9,3.143702983856201
2011,4,10,3.7712042331695557
2011,4,11,4.0574259757995605
2011,4,12,3.4382128715515137
2011,4,13,2.7172398567199707
2011,4,14,2.251051187515259
2011,4,15,2.492374897003174
2011,4,16,2.86049747467041
2011,4,17,2.46059513092041
2011,4,18,1.847854495048523
2011,4,19,1.842933177947998
2011,4,20,1.382432222366333
2011,4,21,0.8018389940261841
2011,4,22,0.6943517327308655
2011,4,23,1.4328960180282593
2011,4,24,2.0810420513153076
2011,4,25,1.8707085847854614
2011,4,26,1.3565083742141724
2011,4,27,0.7085980772972107
2011,4,28,0.1841709464788437
2011,4,29,-0.6064366102218628
2011,4,30,-1.3417394161224365
2011,5,1,-1.8484370708465576
2011,5,2,-1.7926592826843262
2011,5,3,-1.1074657440185547
2011,5,4,-0.21690276265144348
2011,5,5,0.05163496360182762
2011,5,6,-0.2592368423938751
2011,5,7,-0.9669609665870667
2011,5,8,-0.9679513573646545
2011,5,9,-0.7050487995147705
2011,5,10,-0.5654851198196411
2011,5,11,-0.6786763668060303
2011,5,12,-0.9534807801246643
2011,5,13,-0.7222523093223572
2011,5,14,-0.14856484532356262
2011,5,15,0.06412842869758606
2011,5,16,0.343898743391037
2011,5,17,0.4863947927951813
2011,5,18,0.21689236164093018
2011,5,19,-0.06155669316649437
2011,5,20,-0.05210432782769203
2011,5,21,0.10189389437437057
2011,5,22,0.15235278010368347
2011,5,23,0.198667511343956
2011,5,24,0.2636629045009613
2011,5,25,0.31839561462402344
2011,5,26,0.9083500504493713
2011,5,27,1.4766736030578613
2011,5,28,1.5062294006347656
2011,5,29,1.5490037202835083
2011,5,30,1.3359565734863281
2011,5,31,1.0203710794448853
2011,6,1,0.9583945870399475
2011,6,2,0.584129273891449
2011,6,3,0.20650658011436462
2011,6,4,0.3729906678199768
2011,6,5,-0.1121499314904213
2011,6,6,-0.74090576171875
2011,6,7,-1.1482678651809692
2011,6,8,-1.438974380493164
2011,6,9,-1.5318822860717773
2011,6,10,-1.5426584482192993
2011,6,11,-1.4051592350006104
2011,6,12,-1.3342496156692505
2011,6,13,-1.298174262046814
2011,6,14,-1.1719480752944946
2011,6,15,-1.1296160221099854
2011,6,16,-1.222511649131775
2011,6,17,-1.1543642282485962
2011,6,18,-0.712311863899231
2011,6,19,-0.6687294840812683
2011,6,20,-0.9372996687889099
2011,6,21,-1.2218257188796997
2011,6,22,-1.2597376108169556
2011,6,23,-1.1176663637161255
2011,6,24,-1.0388636589050293
2011,6,25,-1.2293776273727417
2011,6,26,-1.3634918928146362
2011,6,27,-0.9556306600570679
2011,6,28,-0.3945002555847168
2011,6,29,-0.29217249155044556
2011,6,30,-0.5197793841362
2011,7,1,-0.8286291360855103
2011,7,2,-1.06593656539917
2011,7,3,-1.3048369884490967
2011,7,4,-1.6453642845153809
2011,7,5,-1.8439635038375854
2011,7,6,-1.9782543182373047
2011,7,7,-1.92027747631073
2011,7,8,-2.1697516441345215
2011,7,9,-2.042583703994751
2011,7,10,-1.7677083015441895
2011,7,11,-1.2580746412277222
2011,7,12,-0.2965746223926544
2011,7,13,0.40133729577064514
2011,7,14,0.7148427963256836
2011,7,15,0.5118199586868286
2011,7,16,0.19536538422107697
2011,7,17,0.3206024765968323
2011,7,18,0.33411166071891785
2011,7,19,0.28339672088623047
2011,7,20,0.2045992910861969
2011,7,21,-0.014831166714429855
2011,7,22,0.23338556289672852
2011,7,23,0.6500698328018188
2011,7,24,0.8005850911140442
2011,7,25,0.57456374168396
2011,7,26,0.2443353831768036
2011,7,27,-0.0886741355061531
2011,7,28,-0.17618830502033234
2011,7,29,-0.27990129590034485
2011,7,30,-0.32965123653411865
2011,7,31,-0.5611016154289246
2011,8,1,-0.967447817325592
2011,8,2,-1.4099527597427368
2011,8,3,-1.5949727296829224
2011,8,4,-1.4469993114471436
2011,8,5,-1.0460984706878662
2011,8,6,-0.8060635924339294
2011,8,7,-0.9822432994842529
2011,8,8,-1.124158501625061
2011,8,9,-1.0125243663787842
2011,8,10,-1.0286465883255005
2011,8,11,-1.1534547805786133
2011,8,12,-1.2373217344284058
2011,8,13,-1.455064296722412
2011,8,14,-1.7703886032104492
2011,8,15,-1.9999215602874756
2011,8,16,-1.9544235467910767
2011,8,17,-1.897802472114563
2011,8,18,-1.4804747104644775
2011,8,19,-1.0393985509872437
2011,8,20,-0.9688512086868286
2011,8,21,-0.839861273765564
2011,8,22,-0.9708445072174072
2011,8,23,-1.4430952072143555
2011,8,24,-1.712444543838501
2011,8,25,-1.5638542175292969
2011,8,26,-1.202641248703003
2011,8,27,-0.42954733967781067
2011,8,28,0.2754471004009247
2011,8,29,0.8904930353164673
2011,8,30,0.9244475960731506
2011,8,31,0.6773331165313721
2011,9,1,0.5402676463127136
2011,9,2,0.6188454031944275
2011,9,3,0.40418514609336853
2011,9,4,0.12058305740356445
2011,9,5,0.05629324913024902
2011,9,6,0.42560818791389465
2011,9,7,1.1474909782409668
2011,9,8,1.0169227123260498
2011,9,9,0.8264975547790527
2011,9,10,0.8038989901542664
2011,9,11,0.6938877105712891
2011,9,12,0.531174898147583
2011,9,13,0.7232271432876587
2011,9,14,0.8169652223587036
2011,9,15,0.8637022972106934
2011,9,16,0.7616912722587585
2011,9,17,0.8264816999435425
2011,9,18,1.0140430927276611
2011,9,19,0.6554821133613586
2011,9,20,0.26949381828308105
2011,9,21,0.11239060759544373
2011,9,22,0.186891108751297
2011,9,23,0.49730926752090454
2011,9,24,0.7633160352706909
2011,9,25,0.649904191493988
2011,9,26,0.221322700381279
2011,9,27,0.46846869587898254
2011,9,28,1.130182147026062
2011,9,29,1.1071780920028687
2011,9,30,0.9761185646057129
2011,10,1,0.9221034646034241
2011,10,2,1.2867704629898071
2011,10,3,1.8526480197906494
2011,10,4,2.241244077682495
2011,10,5,2.0781519412994385
2011,10,6,1.8487788438796997
2011,10,7,2.029280424118042
2011,10,8,2.121001720428467
2011,10,9,2.0812103748321533
2011,10,10,1.7628700733184814
2011,10,11,1.161721110343933
2011,10,12,0.8201580047607422
2011,10,13,0.5817428231239319
2011,10,14,0.22395093739032745
2011,10,15,-0.015083207748830318
2011,10,16,-0.02192320115864277
2011,10,17,0.3577388823032379
2011,10,18,0.6398810148239136
2011,10,19,0.8993231058120728
2011,10,20,0.8424543738365173
2011,10,21,0.45131778717041016
2011,10,22,0.26850929856300354
2011,10,23,-0.27372950315475464
2011,10,24,-0.6664662957191467
2011,10,25,-0.8979231715202332
2011,10,26,-1.2028695344924927
2011,10,27,-1.0980112552642822
2011,10,28,-0.2632816433906555
2011,10,29,0.9442895650863647
2011,10,30,1.462104320526123
2011,10,31,1.469441294670105
2011,11,1,1.4202100038528442
2011,11,2,0.914214551448822
2011,11,3,0.264212042093277
2011,11,4,0.45807957649230957
2011,11,5,0.7745263576507568
2011,11,6,1.4308116436004639
2011,11,7,1.882279634475708
2011,11,8,1.3017706871032715
2011,11,9,0.35907846689224243
2011,11,10,0.09806838631629944
2011,11,11,-1.0161913633346558
2011,11,12,-0.7033824324607849
2011,11,13,0.8505204916000366
2011,11,14,1.244881510734558
2011,11,15,0.9811516404151917
2011,11,16,0.7492091655731201
2011,11,17,0.6764172315597534
2011,11,18,0.949844479560852
2011,11,19,1.4334890842437744
2011,11,20,1.8706752061843872
2011,11,21,1.5229613780975342
2011,11,22,1.7292875051498413
2011,11,23,2.329099178314209
2011,11,24,2.849452018737793
2011,11,25,3.5194716453552246
2011,11,26,3.3419294357299805
2011,11,27,3.029698371887207
2011,11,28,2.8928678035736084
2011,11,29,2.6152396202087402
2011,11,30,2.4456324577331543
2011,12,1,3.001004934310913
2011,12,2,4.349628925323486
2011,12,3,3.948420524597168
2011,12,4,3.2980728149414062
2011,12,5,3.5713536739349365
2011,12,6,3.7290103435516357
2011,12,7,2.4185056686401367
2011,12,8,1.2704811096191406
2011,12,9,0.9911943674087524
2011,12,10,1.4075696468353271
2011,12,11,1.5525327920913696
2011,12,12,1.9732694625854492
2011,12,13,1.7521591186523438
2011,12,14,1.0828315019607544
2011,12,15,0.5957881808280945
2011,12,16,0.44856950640678406
2011,12,17,-0.017565730959177017
2011,12,18,0.33522069454193115
2011,12,19,0.8364654183387756
2011,12,20,0.8526661396026611
2011,12,21,0.8875887989997864
2011,12,22,1.3780908584594727
2011,12,23,2.5556063652038574
2011,12,24,3.5696306228637695
2011,12,25,3.8241331577301025
2011,12,26,3.472703456878662
2011,12,27,2.613662004470825
2011,12,28,2.6066224575042725
2011,12,29,2.5628767013549805
2011,12,30,2.6614928245544434
2011,12,31,2.864596366882324
2012,1,1,1.830999493598938
2012,1,2,0.940529465675354
2012,1,3,0.9592118859291077
2012,1,4,1.4419453144073486
2012,1,5,0.8236933350563049
2012,1,6,0.18923965096473694
2012,1,7,0.1231372207403183
2012,1,8,1.1712952852249146
2012,1,9,1.7387949228286743
2012,1,10,1.4893944263458252
2012,1,11,1.4552901983261108
2012,1,12,1.1606276035308838
2012,1,13,0.8827651143074036
2012,1,14,0.36488163471221924
2012,1,15,0.4709048867225647
2012,1,16,0.2760583460330963
2012,1,17,0.1842343658208847
2012,1,18,0.7319415211677551
2012,1,19,0.5853586196899414
2012,1,20,0.2612104117870331
2012,1,21,-0.7690559029579163
2012,1,22,-2.0101258754730225
2012,1,23,-2.210998296737671
2012,1,24,-1.7749674320220947
2012,1,25,-1.2923166751861572
2012,1,26,-1.652929425239563
2012,1,27,-2.8368308544158936
2012,1,28,-3.4505257606506348
2012,1,29,-2.905914545059204
2012,1,30,-2.473008632659912
2012,1,31,-2.2751519680023193
2012,2,1,-2.4646379947662354
2012,2,2,-2.29256010055542
2012,2,3,-1.8868348598480225
2012,2,4,-1.5948152542114258
2012,2,5,-2.025719165802002
2012,2,6,-1.9743447303771973
2012,2,7,-2.086287260055542
2012,2,8,-1.8592705726623535
2012,2,9,-1.4881393909454346
2012,2,10,-0.9328814744949341
2012,2,11,-0.17981687188148499
2012,2,12,0.04029824957251549
2012,2,13,0.13952282071113586
2012,2,14,0.3104071021080017
2012,2,15,0.69651198387146
2012,2,16,0.9861600399017334
2012,2,17,0.8220852613449097
2012,2,18,0.3973201811313629
2012,2,19,0.3356817662715912
2012,2,20,0.5985873341560364
2012,2,21,1.5281002521514893
2012,2,22,2.4444611072540283
2012,2,23,2.342869758605957
2012,2,24,1.6511648893356323
2012,2,25,0.6649560928344727
2012,2,26,0.7547479867935181
2012,2,27,2.1783735752105713
2012,2,28,1.9100879430770874
2012,2,29,0.9621301889419556
2012,3,1,0.6530774831771851
2012,3,2,1.1462647914886475
2012,3,3,1.4632598161697388
2012,3,4,1.2463783025741577
2012,3,5,1.398485541343689
2012,3,6,3.0452842712402344
2012,3,7,3.316737651824951
2012,3,8,2.2252259254455566
2012,3,9,2.482290506362915
2012,3,10,2.7996826171875
2012,3,11,1.7404804229736328
2012,3,12,0.43827223777770996
2012,3,13,0.07582778483629227
2012,3,14,0.0972689613699913
2012,3,15,1.0954502820968628
2012,3,16,2.2291173934936523
2012,3,17,2.47544002532959
2012,3,18,2.5435256958007812
2012,3,19,2.5823006629943848
2012,3,20,2.084890604019165
2012,3,21,0.9430066347122192
2012,3,22,-0.4865134358406067
2012,3,23,-1.5278655290603638
2012,3,24,-0.9257370233535767
2012,3,25,-0.2883748412132263
2012,3,26,0.022462183609604836
2012,3,27,-0.32300397753715515
2012,3,28,-0.6560880541801453
2012,3,29,-0.6410287022590637
2012,3,30,-0.2340376228094101
2012,3,31,-0.01826510764658451
2012,4,1,0.22003614902496338
2012,4,2,0.0286630280315876
2012,4,3,-0.20687879621982574
2012,4,4,-0.1925465166568756
2012,4,5,0.15886594355106354
2012,4,6,0.5896153450012207
2012,4,7,0.9053860306739807
2012,4,8,1.3889100551605225
2012,4,9,0.678507387638092
2012,4,10,0.014505546540021896
2012,4,11,-0.21298842132091522
2012,4,12,-0.3904280960559845
2012,4,13,-0.5721232295036316
2012,4,14,-0.6700595021247864
2012,4,15,-0.23270516097545624
2012,4,16,0.4350273609161377
2012,4,17,1.054800271987915
2012,4,18,0.8766562342643738
2012,4,19,0.40872901678085327
2012,4,20,-0.04864737391471863
2012,4,21,-0.11392004042863846
2012,4,22,-0.2530584931373596
2012,4,23,-0.75696861743927
2012,4,24,-1.3250950574874878
2012,4,25,-2.116511344909668
2012,4,26,-2.0900626182556152
2012,4,27,-0.6793718934059143
2012,4,28,0.35750314593315125
2012,4,29,0.7248419523239136
2012,4,30,1.016098141670227
2012,5,1,0.741392195224762
2012,5,2,0.2964168190956116
2012,5,3,-0.2550363838672638
2012,5,4,-0.45639052987098694
2012,5,5,-0.5157901644706726
2012,5,6,-0.6644429564476013
2012,5,7,-0.4455844461917877
2012,5,8,-0.01013326644897461
2012,5,9,0.2964703142642975
2012,5,10,0.2995530664920807
2012,5,11,0.4892220199108124
2012,5,12,0.9037774205207825
2012,5,13,0.7025570273399353
2012,5,14,0.20674137771129608
2012,5,15,-0.0887075811624527
2012,5,16,-0.4318262040615082
2012,5,17,-0.5109462738037109
2012,5,18,0.014666975475847721
2012,5,19,0.5328896045684814
2012,5,20,0.3415108323097229
2012,5,21,-0.09722328186035156
2012,5,22,-0.2072332352399826
2012,5,23,0.17910072207450867
2012,5,24,0.7463526129722595
2012,5,25,0.9675688147544861
2012,5,26,1.181049108505249
2012,5,27,1.1464967727661133
2012,5,28,0.4517357051372528
2012,5,29,-0.1814018338918686
2012,5,30,-0.40593552589416504
2012,5,31,-0.19478899240493774
2012,6,1,-0.407406210899353
2012,6,2,-0.982440173625946
2012,6,3,-1.4000933170318604
2012,6,4,-1.796606183052063
2012,6,5,-1.9105812311172485
2012,6,6,-1.7449028491973877
2012,6,7,-1.6928000450134277
2012,6,8,-1.3102316856384277
2012,6,9,-1.1132746934890747
2012,6,10,-1.2070205211639404
2012,6,11,-1.281970500946045
2012,6,12,-0.919926643371582
2012,6,13,-1.1883906126022339
2012,6,14,-2.0084989070892334
2012,6,15,-1.9057836532592773
2012,6,16,-0.5548507571220398
2012,6,17,0.7460644245147705
2012,6,18,0.8606391549110413
2012,6,19,0.8859508633613586
2012,6,20,0.7940033078193665
2012,6,21,0.24190732836723328
2012,6,22,-0.1086493730545044
2012,6,23,-0.010759363882243633
2012,6,24,0.04100166633725166
2012,6,25,0.004267568700015545
2012,6,26,-0.3118970990180969
2012,6,27,-0.584570586681366
2012,6,28,-0.6675624251365662
2012,6,29,-0.2646673619747162
2012,6,30,0.34119629859924316
2012,7,1,0.3617306053638458
2012,7,2,-0.20440897345542908
2012,7,3,-0.8957200050354004
2012,7,4,-1.3816356658935547
2012,7,5,-1.8220895528793335
2012,7,6,-1.9335966110229492
2012,7,7,-1.5632870197296143
2012,7,8,-1.2117904424667358
2012,7,9,-0.6572628617286682
2012,7,10,0.025819242000579834
2012,7,11,0.59750896692276
2012,7,12,0.6076917052268982
2012,7,13,0.47530367970466614
2012,7,14,0.6438509821891785
2012,7,15,0.9584642648696899
2012,7,16,1.211320161819458
2012,7,17,1.0473366975784302
2012,7,18,0.9007822275161743
2012,7,19,0.9656178951263428
2012,7,20,1.0940170288085938
2012,7,21,1.2510558366775513
2012,7,22,1.5789470672607422
2012,7,23,1.7104039192199707
2012,7,24,0.9279940128326416
2012,7,25,0.0860840305685997
2012,7,26,-0.3869188129901886
2012,7,27,-0.4113451838493347
2012,7,28,0.06581276655197144
2012,7,29,0.40193790197372437
2012,7,30,0.3870048224925995
2012,7,31,0.18272355198860168
2012,8,1,0.055647894740104675
2012,8,2,0.2497490495443344
2012,8,3,0.499103844165802
2012,8,4,0.6432210206985474
2012,8,5,1.0651241540908813
2012,8,6,1.3816927671432495
2012,8,7,1.4471629858016968
2012,8,8,1.4884463548660278
2012,8,9,1.106083869934082
2012,8,10,0.8278103470802307
2012,8,11,0.3434566557407379
2012,8,12,-0.5448827147483826
2012,8,13,-1.0624617338180542
2012,8,14,-1.1303917169570923
2012,8,15,-1.2641160488128662
2012,8,16,-1.4259923696517944
2012,8,17,-1.5269749164581299
2012,8,18,-1.4098358154296875
2012,8,19,-0.69574373960495
2012,8,20,-0.018765509128570557
2012,8,21,0.46911168098449707
2012,8,22,0.6946591138839722
2012,8,23,0.5859009027481079
2012,8,24,0.1748550534248352
2012,8,25,-0.01498481910675764
2012,8,26,-0.28572341799736023
2012,8,27,-0.26384204626083374
2012,8,28,-0.30654478073120117
2012,8,29,-0.6881936192512512
2012,8,30,-0.42995959520339966
2012,8,31,0.45183780789375305
2012,9,1,0.8830230236053467
2012,9,2,1.2284218072891235
2012,9,3,1.6090401411056519
2012,9,4,1.6448700428009033
2012,9,5,1.579196810722351
2012,9,6,1.6597322225570679
2012,9,7,1.4409971237182617
2012,9,8,0.9439780712127686
2012,9,9,0.49827924370765686
2012,9,10,0.6099989414215088
2012,9,11,1.0938267707824707
2012,9,12,1.5504446029663086
2012,9,13,1.984188199043274
2012,9,14,2.0428225994110107
2012,9,15,1.4936189651489258
2012,9,16,0.4295329749584198
2012,9,17,-0.3609240651130676
2012,9,18,-0.7620377540588379
2012,9,19,-0.8850834369659424
2012,9,20,-0.6072473526000977
2012,9,21,-0.3215917646884918
2012,9,22,-0.8867130279541016
2012,9,23,-1.075607419013977
2012,9,24,-1.0700474977493286
2012,9,25,-0.8298348784446716
2012,9,26,0.17376436293125153
2012,9,27,1.4872689247131348
2012,9,28,2.154939651489258
2012,9,29,2.4200682640075684
2012,9,30,2.2114272117614746
2012,10,1,1.0920672416687012
2012,10,2,-0.11136741936206818
2012,10,3,-0.8922653794288635
2012,10,4,-0.9579337239265442
2012,10,5,-0.7825158834457397
2012,10,6,-0.5566019415855408
2012,10,7,-0.5410771369934082
2012,10,8,-0.47666221857070923
2012,10,9,-0.6769225001335144
2012,10,10,-1.1883901357650757
2012,10,11,-1.9161226749420166
2012,10,12,-2.2022876739501953
2012,10,13,-1.8224912881851196
2012,10,14,-1.3875207901000977
2012,10,15,-1.0228060483932495
2012,10,16,-1.280541181564331
2012,10,17,-1.7821239233016968
2012,10,18,-1.3698588609695435
2012,10,19,-0.5954771041870117
2012,10,20,-0.8614424467086792
2012,10,21,-1.8173635005950928
2012,10,22,-2.5375280380249023
2012,10,23,-2.978346824645996
2012,10,24,-3.195488214492798
2012,10,25,-2.9124786853790283
2012,10,26,-2.393035411834717
2012,10,27,-2.0578372478485107
2012,10,28,-1.7900272607803345
2012,10,29,-1.717918872833252
2012,10,30,-2.074550151824951
2012,10,31,-2.459522008895874
2012,11,1,-2.438772678375244
2012,11,2,-2.387732744216919
2012,11,3,-1.4217619895935059
2012,11,4,-0.06088844686746597
2012,11,5,1.0934114456176758
2012,11,6,2.0676803588867188
2012,11,7,2.1998143196105957
2012,11,8,1.5493175983428955
2012,11,9,0.5752077698707581
2012,11,10,0.08651319891214371
2012,11,11,0.9429226517677307
2012,11,12,1.792838215827942
2012,11,13,1.3498960733413696
2012,11,14,1.6353777647018433
2012,11,15,1.8723422288894653
2012,11,16,1.0421116352081299
2012,11,17,0.5071671009063721
2012,11,18,0.754761278629303
2012,11,19,0.4344409704208374
2012,11,20,-0.2405194491147995
2012,11,21,-0.4474555552005768
2012,11,22,-0.3485299348831177
2012,11,23,0.05914785712957382
2012,11,24,-0.1508273035287857
2012,11,25,-1.4208869934082031
2012,11,26,-1.9316091537475586
2012,11,27,-2.0952372550964355
2012,11,28,-2.399290084838867
2012,11,29,-2.8900773525238037
2012,11,30,-2.9313273429870605
2012,12,1,-1.6862702369689941
2012,12,2,-0.7940027117729187
2012,12,3,-0.7238935828208923
2012,12,4,-1.1884303092956543
2012,12,5,-1.3410013914108276
2012,12,6,-1.6819480657577515
2012,12,7,-2.7508745193481445
2012,12,8,-3.9017398357391357
2012,12,9,-3.5854146480560303
2012,12,10,-2.9651360511779785
2012,12,11,-2.2995290756225586
2012,12,12,-1.6482162475585938
2012,12,13,-1.0080443620681763
2012,12,14,-1.1620392799377441
2012,12,15,-0.9987069368362427
2012,12,16,-0.8621270060539246
2012,12,17,-1.1605663299560547
2012,12,18,-1.7161015272140503
2012,12,19,-2.3658647537231445
2012,12,20,-3.2065484523773193
2012,12,21,-3.370929718017578
2012,12,22,-2.547430992126465
2012,12,23,-1.8814566135406494
2012,12,24,-1.7241522073745728
2012,12,25,-1.273114800453186
2012,12,26,-0.588061511516571
2012,12,27,-0.5470663905143738
2012,12,28,-1.0380703210830688
2012,12,29,-0.9807436466217041
2012,12,30,-0.6486886739730835
2012,12,31,-0.6352920532226562
2013,1,1,-0.7676962018013
2013,1,2,-0.4112766981124878
2013,1,3,0.20616158843040466
2013,1,4,0.012398438528180122
2013,1,5,-0.32057633996009827
2013,1,6,-0.44669678807258606
2013,1,7,-0.08069001883268356
2013,1,8,0.6573572158813477
2013,1,9,0.725758969783783
2013,1,10,0.17785309255123138
2013,1,11,-0.941971480846405
2013,1,12,-1.86738920211792
2013,1,13,-1.9319205284118652
2013,1,14,-1.30581796169281
2013,1,15,-0.5356447100639343
2013,1,16,-0.4749343991279602
2013,1,17,-0.7292500138282776
2013,1,18,-0.8899228572845459
2013,1,19,-1.6472010612487793
2013,1,20,-1.9577494859695435
2013,1,21,-2.4447596073150635
2013,1,22,-2.743885040283203
2013,1,23,-2.5508503913879395
2013,1,24,-1.4903736114501953
2013,1,25,-0.2263634353876114
2013,1,26,0.6526350378990173
2013,1,27,0.9869611859321594
2013,1,28,0.5102195143699646
2013,1,29,0.133387491106987
2013,1,30,0.6286880970001221
2013,1,31,0.8474438190460205
2013,2,1,0.9536611437797546
2013,2,2,1.2633012533187866
2013,2,3,1.7483333349227905
2013,2,4,1.3215888738632202
2013,2,5,-0.42065027356147766
2013,2,6,-0.9298027753829956
2013,2,7,-0.8828552961349487
2013,2,8,-0.7119273543357849
2013,2,9,-0.7001023888587952
2013,2,10,-1.0175074338912964
2013,2,11,-1.0885025262832642
2013,2,12,-1.0866893529891968
2013,2,13,-1.0488789081573486
2013,2,14,-1.2595657110214233
2013,2,15,-1.224828839302063
2013,2,16,-1.0925699472427368
2013,2,17,-1.317017674446106
2013,2,18,-2.2080957889556885
2013,2,19,-2.6203718185424805
2013,2,20,-2.568969249725342
2013,2,21,-2.3245463371276855
2013,2,22,-2.0458734035491943
2013,2,23,-1.6820766925811768
2013,2,24,-2.4453909397125244
2013,2,25,-2.4453909397125244
2013,2,26,-2.4453909397125244
2013,2,27,-1.5587067604064941
2013,2,28,-1.6234936714172363
2013,3,1,-1.7236984968185425
2013,3,2,-2.2310054302215576
2013,3,3,-3.0638694763183594
2013,3,4,-3.5823581218719482
2013,3,5,-3.801820993423462
2013,3,6,-3.631749153137207
2013,3,7,-3.339207410812378
2013,3,8,-3.2998013496398926
2013,3,9,-2.754578113555908
2013,3,10,-2.4345693588256836
2013,3,11,-2.1478335857391357
2013,3,12,-1.6337525844573975
2013,3,13,-0.8730555176734924
2013,3,14,-0.8611719012260437
2013,3,15,-1.4337694644927979
2013,3,16,-2.0767037868499756
2013,3,17,-2.8442952632904053
2013,3,18,-4.14731502532959
2013,3,19,-5.192637920379639
2013,3,20,-5.688169479370117
2013,3,21,-5.399164199829102
2013,3,22,-5.240416049957275
2013,3,23,-4.8550214767456055
2013,3,24,-4.600610733032227
2013,3,25,-4.2986741065979
2013,3,26,-4.021385192871094
2013,3,27,-3.5572471618652344
2013,3,28,-2.820951461791992
2013,3,29,-1.820610523223877
2013,3,30,-0.9904789924621582
2013,3,31,-0.8709933161735535
2013,4,1,-1.429488182067871
2013,4,2,-2.4453909397125244
2013,4,3,-3.116276741027832
2013,4,4,-3.567915678024292
2013,4,5,-3.2573418617248535
2013,4,6,-2.3217697143554688
2013,4,7,-1.1746232509613037
2013,4,8,-0.6319186091423035
2013,4,9,-0.32408496737480164
2013,4,10,0.2923024296760559
2013,4,11,0.5445290803909302
2013,4,12,0.17642250657081604
2013,4,13,-0.15359506011009216
2013,4,14,0.191867858171463
2013,4,15,0.49309080839157104
2013,4,16,0.6772476434707642
2013,4,17,1.3235037326812744
2013,4,18,2.3226852416992188
2013,4,19,3.160113573074341
2013,4,20,3.269900321960449
2013,4,21,3.3507142066955566
2013,4,22,3.24436616897583
2013,4,23,2.614424228668213
2013,4,24,1.917575716972351
2013,4,25,1.1168346405029297
2013,4,26,1.312307357788086
2013,4,27,1.3081166744232178
2013,4,28,0.8044132590293884
2013,4,29,0.1656389981508255
2013,4,30,-0.544075608253479
2013,5,1,-0.5811052322387695
2013,5,2,0.624741792678833
2013,5,3,1.6506285667419434
2013,5,4,1.3846226930618286
2013,5,5,1.2395172119140625
2013,5,6,1.2146408557891846
2013,5,7,1.19700026512146
2013,5,8,1.280001163482666
2013,5,9,1.3208703994750977
2013,5,10,1.4649652242660522
2013,5,11,1.4321664571762085
2013,5,12,0.8980802893638611
2013,5,13,0.36044248938560486
2013,5,14,0.1732986867427826
2013,5,15,-0.04975725710391998
2013,5,16,-0.6810281276702881
2013,5,17,-0.5440024137496948
2013,5,18,-0.34944361448287964
2013,5,19,-0.032071780413389206
2013,5,20,0.21870428323745728
2013,5,21,0.02172054536640644
2013,5,22,-0.2208392173051834
2013,5,23,0.07450081408023834
2013,5,24,0.42815062403678894
2013,5,25,0.7085379958152771
2013,5,26,0.8518989682197571
2013,5,27,0.4511219263076782
2013,5,28,0.16331610083580017
2013,5,29,0.20974871516227722
2013,5,30,0.12818504869937897
2013,5,31,-0.2719588875770569
2013,6,1,-0.2731025815010071
2013,6,2,-0.09543666243553162
2013,6,3,0.06871353089809418
2013,6,4,-0.06594142317771912
2013,6,5,-0.24530024826526642
2013,6,6,0.2032957375049591
2013,6,7,0.6681177020072937
2013,6,8,1.103168249130249
2013,6,9,1.2909941673278809
2013,6,10,1.4307042360305786
2013,6,11,1.3755122423171997
2013,6,12,1.1134915351867676
2013,6,13,1.235303282737732
2013,6,14,1.3019481897354126
2013,6,15,0.8103117942810059
2013,6,16,0.7145859599113464
2013,6,17,1.0427234172821045
2013,6,18,1.1542457342147827
2013,6,19,0.7831761240959167
2013,6,20,0.4074200987815857
2013,6,21,0.05148080736398697
2013,6,22,-0.04584497958421707
2013,6,23,-0.1002412885427475
2013,6,24,-0.08928155899047852
2013,6,25,-0.13102391362190247
2013,6,26,0.12427642196416855
2013,6,27,0.46737560629844666
2013,6,28,0.4565335214138031
2013,6,29,0.3927307724952698
2013,6,30,0.721192479133606
2013,7,1,1.0234951972961426
2013,7,2,1.223278522491455
2013,7,3,1.152277946472168
2013,7,4,1.0662174224853516
2013,7,5,0.8363383412361145
2013,7,6,0.3472667634487152
2013,7,7,-0.2773911952972412
2013,7,8,-0.40448620915412903
2013,7,9,-0.21038438379764557
2013,7,10,-0.002911691088229418
2013,7,11,-0.1265028715133667
2013,7,12,-0.14075423777103424
2013,7,13,0.2837020754814148
2013,7,14,0.6478751301765442
2013,7,15,0.796525776386261
2013,7,16,0.7072091102600098
2013,7,17,0.6011133193969727
2013,7,18,0.2649977505207062
2013,7,19,-0.17806021869182587
2013,7,20,-0.5812779664993286
2013,7,21,-0.9086623787879944
2013,7,22,-1.0618360042572021
2013,7,23,-1.161664605140686
2013,7,24,-0.9419613480567932
2013,7,25,-0.5573518872261047
2013,7,26,-0.13301913440227509
2013,7,27,0.023671487346291542
2013,7,28,-0.4138890504837036
2013,7,29,-0.58512943983078
2013,7,30,-0.8125374913215637
2013,7,31,-0.8114368915557861
2013,8,1,-0.7968922257423401
2013,8,2,-1.0078884363174438
2013,8,3,-0.9914177060127258
2013,8,4,-0.7825518250465393
2013,8,5,-0.6756584644317627
2013,8,6,-0.788830041885376
2013,8,7,-0.7123554348945618
2013,8,8,-0.31755977869033813
2013,8,9,0.11183201521635056
2013,8,10,0.19686727225780487
2013,8,11,0.32497647404670715
2013,8,12,0.32520791888237
2013,8,13,0.45411810278892517
2013,8,14,0.4269322156906128
2013,8,15,0.4355137348175049
2013,8,16,0.78657466173172
2013,8,17,1.2385382652282715
2013,8,18,1.1300228834152222
2013,8,19,0.8562020063400269
2013,8,20,0.5054730176925659
2013,8,21,0.29801979660987854
2013,8,22,0.1945914328098297
2013,8,23,0.32787230610847473
2013,8,24,0.25520673394203186
2013,8,25,0.039586495608091354
2013,8,26,0.24918624758720398
2013,8,27,0.2019978016614914
2013,8,28,0.09583938121795654
2013,8,29,0.3989761173725128
2013,8,30,0.8261985182762146
2013,8,31,1.0019371509552002
2013,9,1,0.9560367465019226
2013,9,2,0.7409769892692566
2013,9,3,0.5130665898323059
2013,9,4,0.32950568199157715
2013,9,5,0.4119807481765747
2013,9,6,0.49573877453804016
2013,9,7,0.45223289728164673
2013,9,8,0.24224023520946503
2013,9,9,0.007158725056797266
2013,9,10,0.41145026683807373
2013,9,11,0.8949211835861206
2013,9,12,0.7503652572631836
2013,9,13,0.2608014941215515
2013,9,14,-0.029803141951560974
2013,9,15,-0.25013166666030884
2013,9,16,-0.591708779335022
2013,9,17,-0.5527673363685608
2013,9,18,-0.8180420398712158
2013,9,19,-1.0476665496826172
2013,9,20,-1.4030382633209229
2013,9,21,-1.227117896080017
2013,9,22,-1.2231742143630981
2013,9,23,-1.8170675039291382
2013,9,24,-2.1882495880126953
2013,9,25,-2.0168635845184326
2013,9,26,-1.72598135471344
2013,9,27,-1.5271273851394653
2013,9,28,-1.3304110765457153
2013,9,29,-1.1413918733596802
2013,9,30,-0.9135331511497498
2013,10,1,-0.4973287284374237
2013,10,2,-0.5611528158187866
2013,10,3,-0.48454219102859497
2013,10,4,0.45684731006622314
2013,10,5,1.106124758720398
2013,10,6,1.3595067262649536
2013,10,7,0.7906690835952759
2013,10,8,0.24715633690357208
2013,10,9,0.5289366245269775
2013,10,10,-0.06583894044160843
2013,10,11,-0.9752877950668335
2013,10,12,-1.4838087558746338
2013,10,13,-1.5702238082885742
2013,10,14,-0.8636968731880188
2013,10,15,-0.023044846951961517
2013,10,16,-0.03109261579811573
2013,10,17,-0.6601300239562988
2013,10,18,-1.11641526222229
2013,10,19,-0.9336169362068176
2013,10,20,-0.5876102447509766
2013,10,21,-0.2414042353630066
2013,10,22,-0.16127294301986694
2013,10,23,-0.06522268801927567
2013,10,24,0.16370323300361633
2013,10,25,0.9302129745483398
2013,10,26,1.722630262374878
2013,10,27,1.6438837051391602
2013,10,28,1.5905516147613525
2013,10,29,2.273951530456543
2013,10,30,2.6935665607452393
2013,10,31,2.666741371154785
2013,11,1,2.084268093109131
2013,11,2,1.6529321670532227
2013,11,3,2.1263084411621094
2013,11,4,2.551182985305786
2013,11,5,2.483262062072754
2013,11,6,2.048207998275757
2013,11,7,2.585550546646118
2013,11,8,3.149397611618042
2013,11,9,2.946214437484741
2013,11,10,3.2973597049713135
2013,11,11,3.569835662841797
2013,11,12,3.0996150970458984
2013,11,13,3.299441337585449
2013,11,14,3.794196844100952
2013,11,15,4.468506336212158
2013,11,16,3.899125099182129
2013,11,17,2.5115368366241455
2013,11,18,1.545735478401184
2013,11,19,1.1014447212219238
2013,11,20,0.647962212562561
2013,11,21,-0.3224050998687744
2013,11,22,-1.1666725873947144
2013,11,23,-1.3623378276824951
2013,11,24,-1.0212080478668213
2013,11,25,-0.04480338841676712
2013,11,26,1.6021807193756104
2013,11,27,1.7484220266342163
2013,11,28,1.1673003435134888
2013,11,29,2.3103561401367188
2013,11,30,2.92787504196167
2013,12,1,2.302279233932495
2013,12,2,1.8613895177841187
2013,12,3,1.6324089765548706
2013,12,4,1.0617120265960693
2013,12,5,0.426398903131485
2013,12,6,-0.13662932813167572
2013,12,7,0.3324999511241913
2013,12,8,1.2624006271362305
2013,12,9,0.8834742307662964
2013,12,10,0.3780302405357361
2013,12,11,0.3985973000526428
2013,12,12,1.4162184000015259
2013,12,13,1.9183292388916016
2013,12,14,3.1788949966430664
2013,12,15,4.302807807922363
2013,12,16,3.797778844833374
2013,12,17,3.308058500289917
2013,12,18,2.6209709644317627
2013,12,19,1.7219672203063965
2013,12,20,2.4197423458099365
2013,12,21,3.039945602416992
2013,12,22,2.815291404724121
2013,12,23,2.1387035846710205
2013,12,24,1.292785882949829
2013,12,25,0.6949106454849243
2013,12,26,0.5823813080787659
2013,12,27,0.23855991661548615
2013,12,28,0.07179105281829834
2013,12,29,-0.0863475427031517
2013,12,30,-0.5838906764984131
2013,12,31,-1.197945237159729
2014,1,1,-1.5579843521118164
2014,1,2,-1.317641019821167
2014,1,3,-1.1392087936401367
2014,1,4,-1.6571118831634521
2014,1,5,-1.8362783193588257
2014,1,6,-1.5729796886444092
2014,1,7,-1.3756539821624756
2014,1,8,0.09748994559049606
2014,1,9,1.417478322982788
2014,1,10,1.2399017810821533
2014,1,11,0.49800315499305725
2014,1,12,0.2398037314414978
2014,1,13,-0.0946388840675354
2014,1,14,-0.668268084526062
2014,1,15,-0.526039183139801
2014,1,16,-1.0653290748596191
2014,1,17,-1.7174211740493774
2014,1,18,-2.254714012145996
2014,1,19,-2.4258978366851807
2014,1,20,-2.226860761642456
2014,1,21,-1.8426340818405151
2014,1,22,-1.2631210088729858
2014,1,23,-0.7738654017448425
2014,1,24,0.27573397755622864
2014,1,25,0.1331416815519333
2014,1,26,-1.4318798780441284
2014,1,27,-2.604971170425415
2014,1,28,-2.4076757431030273
2014,1,29,-1.3035075664520264
2014,1,30,-0.14496856927871704
2014,1,31,0.3407626748085022
2014,2,1,0.3307667076587677
2014,2,2,0.10510848462581635
2014,2,3,-0.18308401107788086
2014,2,4,-0.14825929701328278
2014,2,5,0.25759318470954895
2014,2,6,0.4932588040828705
2014,2,7,0.5416706204414368
2014,2,8,0.6076822876930237
2014,2,9,0.5734565258026123
2014,2,10,0.9298993945121765
2014,2,11,1.2831848859786987
2014,2,12,1.0326213836669922
2014,2,13,0.18159225583076477
2014,2,14,-0.9243867993354797
2014,2,15,-0.624828040599823
2014,2,16,-0.1408243477344513
2014,2,17,-0.6824483275413513
2014,2,18,-0.2642786502838135
2014,2,19,0.5376821756362915
2014,2,20,0.7424318194389343
2014,2,21,0.5415586829185486
2014,2,22,0.3199313282966614
2014,2,23,0.45606592297554016
2014,2,24,0.40177223086357117
2014,2,25,-0.7838227152824402
2014,2,26,-1.2049708366394043
2014,2,27,-1.4545475244522095
2014,2,28,-1.7455066442489624
2014,3,1,-1.4629112482070923
2014,3,2,-1.1033072471618652
2014,3,3,-0.7561120390892029
2014,3,4,-0.027621561661362648
2014,3,5,0.5714932084083557
2014,3,6,1.3383307456970215
2014,3,7,1.6022759675979614
2014,3,8,1.488905429840088
2014,3,9,1.8416519165039062
2014,3,10,1.5767420530319214
2014,3,11,0.9509309530258179
2014,3,12,1.1728832721710205
2014,3,13,1.6769686937332153
2014,3,14,2.502443552017212
2014,3,15,2.9584224224090576
2014,3,16,2.4658925533294678
2014,3,17,2.2328813076019287
2014,3,18,2.365696907043457
2014,3,19,2.6225812435150146
2014,3,20,2.9371378421783447
2014,3,21,3.072064161300659
2014,3,22,2.578545093536377
2014,3,23,2.234583854675293
2014,3,24,1.943935513496399
2014,3,25,1.0253715515136719
2014,3,26,0.6791822910308838
2014,3,27,-0.5535840392112732
2014,3,28,-0.7971909046173096
2014,3,29,-0.3386159837245941
2014,3,30,-0.47984978556632996
2014,3,31,-1.0284600257873535
2014,4,1,-0.7069693803787231
2014,4,2,0.12916773557662964
2014,4,3,0.23282630741596222
2014,4,4,0.7714259624481201
2014,4,5,1.4561259746551514
2014,4,6,1.6807857751846313
2014,4,7,1.3770599365234375
2014,4,8,1.2406070232391357
2014,4,9,1.317906141281128
2014,4,10,2.038773775100708
2014,4,11,3.5395989418029785
2014,4,12,3.916699171066284
2014,4,13,3.1259665489196777
2014,4,14,2.010874032974243
2014,4,15,1.480866551399231
2014,4,16,1.6368814706802368
2014,4,17,2.787241220474243
2014,4,18,3.001798152923584
2014,4,19,2.488044261932373
2014,4,20,1.5580048561096191
2014,4,21,0.6453607678413391
2014,4,22,0.2644142806529999
2014,4,23,-0.1495811641216278
2014,4,24,-0.7921956181526184
2014,4,25,-1.2078250646591187
2014,4,26,-1.1317058801651
2014,4,27,-1.066616415977478
2014,4,28,-1.113520622253418
2014,4,29,-1.3690108060836792
2014,4,30,-1.0439927577972412
2014,5,1,-0.764927327632904
2014,5,2,-0.44996127486228943
2014,5,3,0.2767665684223175
2014,5,4,0.7719594836235046
2014,5,5,0.7121403813362122
2014,5,6,0.7701697945594788
2014,5,7,1.3383702039718628
2014,5,8,1.785605788230896
2014,5,9,1.7333177328109741
2014,5,10,1.472652554512024
2014,5,11,1.1158456802368164
2014,5,12,0.893201470375061
2014,5,13,0.8204718232154846
2014,5,14,1.0016840696334839
2014,5,15,1.5220956802368164
2014,5,16,2.001767635345459
2014,5,17,1.8628367185592651
2014,5,18,1.1914515495300293
2014,5,19,0.1653853803873062
2014,5,20,-0.16455090045928955
2014,5,21,-0.06594729423522949
2014,5,22,0.10510478913784027
2014,5,23,0.11506538093090057
2014,5,24,-0.2628006339073181
2014,5,25,-0.6508734822273254
2014,5,26,-0.7808793187141418
2014,5,27,-0.9099431037902832
2014,5,28,-0.7966346144676208
2014,5,29,-0.6282174587249756
2014,5,30,-0.43731558322906494
2014,5,31,0.1317538022994995
2014,6,1,0.5573097467422485
2014,6,2,0.4060128927230835
2014,6,3,-0.15630221366882324
2014,6,4,-0.8951489925384521
2014,6,5,-1.6434446573257446
2014,6,6,-1.5617462396621704
2014,6,7,-1.0457381010055542
2014,6,8,-0.5173118710517883
2014,6,9,-0.673898458480835
2014,6,10,-0.7705255150794983
2014,6,11,-0.35431182384490967
2014,6,12,0.02866976521909237
2014,6,13,0.10097924619913101
2014,6,14,0.06525146961212158
2014,6,15,0.13100171089172363
2014,6,16,0.03563951328396797
2014,6,17,-0.14335277676582336
2014,6,18,-0.3724367320537567
2014,6,19,-0.6959277391433716
2014,6,20,-1.0393800735473633
2014,6,21,-1.1301244497299194
2014,6,22,-1.1656783819198608
2014,6,23,-0.8179303407669067
2014,6,24,-0.44171151518821716
2014,6,25,-0.2773336172103882
2014,6,26,-0.3272005617618561
2014,6,27,-0.5548864603042603
2014,6,28,-0.5241404175758362
2014,6,29,-0.38303041458129883
2014,6,30,-0.5182205438613892
2014,7,1,-0.5959795713424683
2014,7,2,-0.556861400604248
2014,7,3,-0.26501211524009705
2014,7,4,-0.2530055046081543
2014,7,5,-0.3975953757762909
2014,7,6,-0.8377993702888489
2014,7,7,-1.519968032836914
2014,7,8,-1.5377249717712402
2014,7,9,-1.1541188955307007
2014,7,10,-0.6533176898956299
2014,7,11,-0.4439616799354553
2014,7,12,-0.4477194845676422
2014,7,13,-0.5303501486778259
2014,7,14,-0.29124876856803894
2014,7,15,0.045130904763936996
2014,7,16,0.1165853962302208
2014,7,17,-0.21136698126792908
2014,7,18,-0.3562915623188019
2014,7,19,-0.3301492929458618
2014,7,20,-0.015830567106604576
2014,7,21,0.026063447818160057
2014,7,22,-0.011591297574341297
2014,7,23,0.11015420407056808
2014,7,24,0.011601442471146584
2014,7,25,-0.4255200922489166
2014,7,26,-0.8837643265724182
2014,7,27,-0.8613668084144592
2014,7,28,-0.6528156995773315
2014,7,29,-0.7376603484153748
2014,7,30,-0.6929723024368286
2014,7,31,-0.2667211592197418
2014,8,1,-0.23911087214946747
2014,8,2,-0.5392495393753052
2014,8,3,-0.7863106727600098
2014,8,4,-0.8475130200386047
2014,8,5,-0.8468075394630432
2014,8,6,-1.0725598335266113
2014,8,7,-1.320505976676941
2014,8,8,-1.397570252418518
2014,8,9,-1.5115342140197754
2014,8,10,-1.1870174407958984
2014,8,11,-0.7619941234588623
2014,8,12,-0.5237250328063965
2014,8,13,-0.23247401416301727
2014,8,14,-0.3132910132408142
2014,8,15,-0.4484599530696869
2014,8,16,-0.4348534941673279
2014,8,17,-0.2690347135066986
2014,8,18,-0.22953130304813385
2014,8,19,-0.3696869909763336
2014,8,20,-0.370038241147995
2014,8,21,-0.36412513256073
2014,8,22,-0.38020429015159607
2014,8,23,0.05096736177802086
2014,8,24,0.2836509048938751
2014,8,25,0.2900840640068054
2014,8,26,0.49615442752838135
2014,8,27,0.27580761909484863
2014,8,28,0.03144916892051697
2014,8,29,0.11135498434305191
2014,8,30,0.5466678142547607
2014,8,31,1.2481869459152222
2014,9,1,1.2743892669677734
2014,9,2,0.6818166375160217
2014,9,3,-0.10294709354639053
2014,9,4,-0.4525673985481262
2014,9,5,-0.3310132324695587
2014,9,6,-0.4091123938560486
2014,9,7,-0.5752608776092529
2014,9,8,-0.054797183722257614
2014,9,9,0.3538844883441925
2014,9,10,0.1331019401550293
2014,9,11,-0.13963337242603302
2014,9,12,-0.6283569931983948
2014,9,13,-0.5501803159713745
2014,9,14,-0.6301125288009644
2014,9,15,-1.209625244140625
2014,9,16,-1.9244314432144165
2014,9,17,-1.9420028924942017
2014,9,18,-1.4324764013290405
2014,9,19,-0.9752726554870605
2014,9,20,-0.5378159880638123
2014,9,21,-0.05028313770890236
2014,9,22,0.1922713667154312
2014,9,23,0.4753875136375427
2014,9,24,1.4219616651535034
2014,9,25,2.066201686859131
2014,9,26,2.1682839393615723
2014,9,27,1.7581373453140259
2014,9,28,1.4326720237731934
2014,9,29,1.5152525901794434
2014,9,30,1.4180220365524292
2014,10,1,0.6967911124229431
2014,10,2,-0.07857584208250046
2014,10,3,-0.40023165941238403
2014,10,4,-0.8782061338424683
2014,10,5,-2.152186870574951
2014,10,6,-3.4074482917785645
2014,10,7,-3.9927048683166504
2014,10,8,-3.9886317253112793
2014,10,9,-3.3089957237243652
2014,10,10,-2.0101394653320312
2014,10,11,-0.6475327014923096
2014,10,12,-0.2834875285625458
2014,10,13,-1.097284197807312
2014,10,14,-1.9817591905593872
2014,10,15,-2.4520621299743652
2014,10,16,-2.7481017112731934
2014,10,17,-2.810018539428711
2014,10,18,-1.8837980031967163
2014,10,19,-0.633208692073822
2014,10,20,-0.4744148850440979
2014,10,21,-0.30043941736221313
2014,10,22,0.09188380092382431
2014,10,23,0.19630779325962067
2014,10,24,0.18227238953113556
2014,10,25,-0.022141508758068085
2014,10,26,0.3474310636520386
2014,10,27,0.4102739989757538
2014,10,28,0.2024167776107788
2014,10,29,0.10389792919158936
2014,10,30,-0.19940796494483948
2014,10,31,-0.39912253618240356
2014,11,1,0.43923434615135193
2014,11,2,1.2028586864471436
2014,11,3,1.0906788110733032
2014,11,4,1.0150017738342285
2014,11,5,1.120129108428955
2014,11,6,1.0665817260742188
2014,11,7,0.9458034634590149
2014,11,8,-0.13066986203193665
2014,11,9,-0.5492489337921143
2014,11,10,-1.2697365283966064
2014,11,11,-2.19738507270813
2014,11,12,-2.6097640991210938
2014,11,13,-2.6106443405151367
2014,11,14,-2.065484046936035
2014,11,15,-1.595391869544983
2014,11,16,-1.370342493057251
2014,11,17,-1.0226349830627441
2014,11,18,-1.648666501045227
2014,11,19,-1.9653328657150269
2014,11,20,-1.3652170896530151
2014,11,21,-0.9524998664855957
2014,11,22,-0.3911108672618866
2014,11,23,0.6059015393257141
2014,11,24,1.4135421514511108
2014,11,25,1.0115766525268555
2014,11,26,0.37969544529914856
2014,11,27,-0.53107088804245
2014,11,28,-1.297800064086914
2014,11,29,-1.1911038160324097
2014,11,30,-0.8729402422904968
2014,12,1,-0.26664865016937256
2014,12,2,0.26596570014953613
2014,12,3,0.13169780373573303
2014,12,4,-1.0085418224334717
2014,12,5,-0.6831420063972473
2014,12,6,0.3667086660861969
2014,12,7,0.04353754594922066
2014,12,8,-0.7432447671890259
2014,12,9,0.22433561086654663
2014,12,10,0.6838381290435791
2014,12,11,0.3750580847263336
2014,12,12,0.4855838119983673
2014,12,13,1.31789231300354
2014,12,14,0.9054654240608215
2014,12,15,0.7582032680511475
2014,12,16,1.3296300172805786
2014,12,17,1.2915457487106323
2014,12,18,1.0268709659576416
2014,12,19,0.68475741147995
2014,12,20,1.046552300453186
2014,12,21,1.8874431848526
2014,12,22,1.7688562870025635
2014,12,23,0.5652576088905334
2014,12,24,-0.1361803412437439
2014,12,25,-0.2974356710910797
2014,12,26,-0.5373466610908508
2014,12,27,-1.0687777996063232
2014,12,28,-1.28034245967865
2014,12,29,-0.25700852274894714
2014,12,30,1.1503058671951294
2014,12,31,2.3111634254455566
2015,1,1,2.7883999347686768
2015,1,2,2.765923023223877
2015,1,3,1.8364149332046509
2015,1,4,0.9972213506698608
2015,1,5,0.7749186158180237
2015,1,6,1.2469674348831177
2015,1,7,2.2334377765655518
2015,1,8,2.754028558731079
2015,1,9,3.0456998348236084
2015,1,10,2.50581693649292
2015,1,11,2.0913195610046387
2015,1,12,1.9971561431884766
2015,1,13,1.374952793121338
2015,1,14,0.6612495183944702
2015,1,15,0.04380427673459053
2015,1,16,0.08320733904838562
2015,1,17,-0.27629536390304565
2015,1,18,0.03670034930109978
2015,1,19,0.20405292510986328
2015,1,20,-1.0348738431930542
2015,1,21,-1.3747345209121704
2015,1,22,-0.36798161268234253
2015,1,23,0.27091237902641296
2015,1,24,0.5701408982276917
2015,1,25,1.0464693307876587
2015,1,26,1.660796046257019
2015,1,27,2.1878747940063477
2015,1,28,2.024813652038574
2015,1,29,1.2057857513427734
2015,1,30,0.17020855844020844
2015,1,31,-0.8919972777366638
2015,2,1,-1.305738091468811
2015,2,2,-1.4601703882217407
2015,2,3,-0.7964549660682678
2015,2,4,-0.6814488172531128
2015,2,5,-0.8021295666694641
2015,2,6,-0.7624908685684204
2015,2,7,0.3570774495601654
2015,2,8,1.3437923192977905
2015,2,9,1.6610926389694214
2015,2,10,1.4407316446304321
2015,2,11,0.7893151044845581
2015,2,12,0.8688421249389648
2015,2,13,0.6430671811103821
2015,2,14,0.6706973910331726
2015,2,15,0.7686333060264587
2015,2,16,-0.09288128465414047
2015,2,17,0.49202868342399597
2015,2,18,2.0965445041656494
2015,2,19,2.3495266437530518
2015,2,20,1.645736813545227
2015,2,21,1.535273790359497
2015,2,22,2.488100528717041
2015,2,23,2.2574188709259033
2015,2,24,1.7137749195098877
2015,2,25,2.1140334606170654
2015,2,26,2.5870721340179443
2015,2,27,2.7631239891052246
2015,2,28,3.4677679538726807
2015,3,1,3.9996848106384277
2015,3,2,3.1343438625335693
2015,3,3,2.1762404441833496
2015,3,4,2.460151433944702
2015,3,5,3.0707054138183594
2015,3,6,4.187123775482178
2015,3,7,5.5809173583984375
2015,3,8,5.587739944458008
2015,3,9,4.951675891876221
2015,3,10,3.849869728088379
2015,3,11,2.3958687782287598
2015,3,12,1.6576803922653198
2015,3,13,1.393502950668335
2015,3,14,1.0846997499465942
2015,3,15,0.5731111168861389
2015,3,16,-0.13567136228084564
2015,3,17,-1.229868769645691
2015,3,18,-1.4375876188278198
2015,3,19,-1.461927890777588
2015,3,20,-0.8753933310508728
2015,3,21,0.17404751479625702
2015,3,22,0.7092224359512329
2015,3,23,0.8676338195800781
2015,3,24,1.4345073699951172
2015,3,25,1.6942317485809326
2015,3,26,1.3372952938079834
2015,3,27,1.2885526418685913
2015,3,28,2.2533838748931885
2015,3,29,2.978046178817749
2015,3,30,2.92805552482605
2015,3,31,1.8245973587036133
2015,4,1,0.4762963056564331
2015,4,2,-0.12881700694561005
2015,4,3,-0.3042237460613251
2015,4,4,-0.559502363204956
2015,4,5,-0.5823027491569519
2015,4,6,0.6746334433555603
2015,4,7,1.7726472616195679
2015,4,8,2.078601360321045
2015,4,9,2.8323769569396973
2015,4,10,3.711517095565796
2015,4,11,4.366555213928223
2015,4,12,4.416104316711426
2015,4,13,3.9951894283294678
2015,4,14,3.8476147651672363
2015,4,15,3.5621657371520996
2015,4,16,2.524022340774536
2015,4,17,1.3587133884429932
2015,4,18,1.1012135744094849
2015,4,19,1.3419023752212524
2015,4,20,1.3127515316009521
2015,4,21,0.7879202961921692
2015,4,22,0.28643590211868286
2015,4,23,0.03938313201069832
2015,4,24,-0.2676355540752411
2015,4,25,-0.6246495246887207
2015,4,26,-0.6069696545600891
2015,4,27,-0.5996588468551636
2015,4,28,-0.6580540537834167
2015,4,29,-0.5359855890274048
2015,4,30,-0.44782528281211853
2015,5,1,-0.5488139390945435
2015,5,2,-0.6510125398635864
2015,5,3,-0.7052398324012756
2015,5,4,-0.5572472214698792
2015,5,5,-0.19157961010932922
2015,5,6,0.06626023352146149
2015,5,7,-0.22273552417755127
2015,5,8,-0.48442697525024414
2015,5,9,0.05414305254817009
2015,5,10,1.0087989568710327
2015,5,11,1.742893099784851
2015,5,12,1.72321617603302
2015,5,13,1.3421180248260498
2015,5,14,1.3364627361297607
2015,5,15,1.6537373065948486
2015,5,16,1.8802014589309692
2015,5,17,1.6161776781082153
2015,5,18,1.1158385276794434
2015,5,19,1.135133147239685
2015,5,20,1.100599765777588
2015,5,21,1.1101552248001099
2015,5,22,1.5649828910827637
2015,5,23,1.965133786201477
2015,5,24,1.7903112173080444
2015,5,25,1.22813081741333
2015,5,26,0.4406029284000397
2015,5,27,0.17379772663116455
2015,5,28,0.3900493383407593
2015,5,29,0.7552489042282104
2015,5,30,0.669826865196228
2015,5,31,0.2987061142921448
2015,6,1,0.08000598847866058
2015,6,2,-0.1357872188091278
2015,6,3,0.12891124188899994
2015,6,4,0.22648049890995026
2015,6,5,0.5942896604537964
2015,6,6,1.2577714920043945
2015,6,7,1.6727529764175415
2015,6,8,1.9149364233016968
2015,6,9,1.4379855394363403
2015,6,10,1.1139979362487793
2015,6,11,0.9705923199653625
2015,6,12,0.6229740977287292
2015,6,13,0.35547786951065063
2015,6,14,0.27555516362190247
2015,6,15,0.6880034804344177
2015,6,16,1.4749153852462769
2015,6,17,1.8688774108886719
2015,6,18,1.5767172574996948
2015,6,19,1.006864309310913
2015,6,20,0.4282495379447937
2015,6,21,-0.18976262211799622
2015,6,22,-0.777757465839386
2015,6,23,-0.9676694869995117
2015,6,24,-0.8359370827674866
2015,6,25,-0.5102847218513489
2015,6,26,-0.11851048469543457
2015,6,27,-0.03059273026883602
2015,6,28,-0.2798191010951996
2015,6,29,-0.695867657661438
2015,6,30,-0.800974428653717
2015,7,1,-1.032186508178711
2015,7,2,-1.2694114446640015
2015,7,3,-1.3706252574920654
2015,7,4,-1.5885652303695679
2015,7,5,-1.6644573211669922
2015,7,6,-1.576912522315979
2015,7,7,-1.232928991317749
2015,7,8,-1.1685271263122559
2015,7,9,-1.5237842798233032
2015,7,10,-1.6315836906433105
2015,7,11,-1.313980221748352
2015,7,12,-1.0189297199249268
2015,7,13,-0.7627228498458862
2015,7,14,-0.7838864922523499
2015,7,15,-1.1156387329101562
2015,7,16,-1.4008421897888184
2015,7,17,-1.2346413135528564
2015,7,18,-0.7073583602905273
2015,7,19,-0.6564003825187683
2015,7,20,-0.7763686180114746
2015,7,21,-0.5995535850524902
2015,7,22,-0.5199968814849854
2015,7,23,-0.7280594706535339
2015,7,24,-0.8125890493392944
2015,7,25,-0.7095852494239807
2015,7,26,-0.8785825371742249
2015,7,27,-0.8887344598770142
2015,7,28,-0.9192619919776917
2015,7,29,-0.9863098859786987
2015,7,30,-1.0779327154159546
2015,7,31,-1.1773585081100464
2015,8,1,-1.3596948385238647
2015,8,2,-1.667588472366333
2015,8,3,-1.753875494003296
2015,8,4,-1.5043513774871826
2015,8,5,-1.0819634199142456
2015,8,6,-0.5458435416221619
2015,8,7,-0.01023037824779749
2015,8,8,0.5707937479019165
2015,8,9,0.727179765701294
2015,8,10,0.48480284214019775
2015,8,11,0.0655706524848938
2015,8,12,0.19330093264579773
2015,8,13,0.1693018078804016
2015,8,14,-0.32952138781547546
2015,8,15,-0.8302000164985657
2015,8,16,-0.8177855014801025
2015,8,17,-0.7868385910987854
2015,8,18,-0.7252802848815918
2015,8,19,-0.7199674844741821
2015,8,20,-0.8412041068077087
2015,8,21,-0.7446579337120056
2015,8,22,-1.1741820573806763
2015,8,23,-1.8386098146438599
2015,8,24,-2.09555721282959
2015,8,25,-1.8644952774047852
2015,8,26,-1.0305593013763428
2015,8,27,-0.21774689853191376
2015,8,28,0.05856241285800934
2015,8,29,-0.03812256455421448
2015,8,30,-0.3287105858325958
2015,8,31,-0.5654782652854919
2015,9,1,-1.0807627439498901
2015,9,2,-1.2174180746078491
2015,9,3,-1.1611865758895874
2015,9,4,-0.6422313451766968
2015,9,5,-0.06898527592420578
2015,9,6,0.01274365559220314
2015,9,7,0.07503674924373627
2015,9,8,0.10006356984376907
2015,9,9,-0.0003261969250161201
2015,9,10,-0.07713667303323746
2015,9,11,0.1820555329322815
2015,9,12,0.3078155815601349
2015,9,13,0.01677088439464569
2015,9,14,-0.47965574264526367
2015,9,15,-1.1379952430725098
2015,9,16,-1.2872827053070068
2015,9,17,-0.7817994356155396
2015,9,18,-0.07606623321771622
2015,9,19,0.7337344884872437
2015,9,20,0.7924782037734985
2015,9,21,0.3592781126499176
2015,9,22,0.36864662170410156
2015,9,23,0.0028984348755329847
2015,9,24,-0.3738453686237335
2015,9,25,-0.47274723649024963
2015,9,26,-0.4230920374393463
2015,9,27,-0.20973776280879974
2015,9,28,0.1323160082101822
2015,9,29,0.8445038199424744
2015,9,30,0.799285352230072
2015,10,1,0.9169110059738159
2015,10,2,1.3564293384552002
2015,10,3,0.9985328316688538
2015,10,4,-0.048139773309230804
2015,10,5,-0.4830402135848999
2015,10,6,-0.8575950264930725
2015,10,7,-1.421502709388733
2015,10,8,-2.471611976623535
2015,10,9,-2.606851100921631
2015,10,10,-1.8853806257247925
2015,10,11,-1.2938940525054932
2015,10,12,-0.7385036945343018
2015,10,13,-0.5260337591171265
2015,10,14,-0.7782872319221497
2015,10,15,-0.9541299343109131
2015,10,16,-0.7412723898887634
2015,10,17,-0.6984347701072693
2015,10,18,-0.5446256399154663
2015,10,19,-0.5061019659042358
2015,10,20,0.2550864517688751
2015,10,21,1.3662135601043701
2015,10,22,1.5676497220993042
2015,10,23,0.8874040842056274
2015,10,24,0.43410104513168335
2015,10,25,0.2297109216451645
2015,10,26,-0.471597820520401
2015,10,27,-0.7611398100852966
2015,10,28,-0.552215576171875
2015,10,29,0.18177150189876556
2015,10,30,0.7897712588310242
2015,10,31,1.8774824142456055
2015,11,1,3.086299419403076
2015,11,2,2.838440418243408
2015,11,3,1.4781187772750854
2015,11,4,0.34370067715644836
2015,11,5,0.18150600790977478
2015,11,6,1.4054152965545654
2015,11,7,2.85917067527771
2015,11,8,3.333826780319214
2015,11,9,3.9457287788391113
2015,11,10,3.7478373050689697
2015,11,11,2.69958758354187
2015,11,12,1.677162766456604
2015,11,13,1.1980547904968262
2015,11,14,0.801488995552063
2015,11,15,-0.04171047732234001
2015,11,16,-0.5870285034179688
2015,11,17,-0.18228907883167267
2015,11,18,0.24370893836021423
2015,11,19,0.719862699508667
2015,11,20,1.7376890182495117
2015,11,21,2.013446092605591
2015,11,22,2.035135507583618
2015,11,23,2.4045629501342773
2015,11,24,2.5442357063293457
2015,11,25,2.313898801803589
2015,11,26,2.6827051639556885
2015,11,27,3.161911964416504
2015,11,28,3.077284812927246
2015,11,29,2.6621291637420654
2015,11,30,1.8893908262252808
2015,12,1,1.2416359186172485
2015,12,2,1.0914583206176758
2015,12,3,1.037340521812439
2015,12,4,1.8729722499847412
2015,12,5,2.420905113220215
2015,12,6,1.798081398010254
2015,12,7,0.8932165503501892
2015,12,8,1.1832938194274902
2015,12,9,1.6751248836517334
2015,12,10,1.842982530593872
2015,12,11,1.1619458198547363
2015,12,12,0.11513219773769379
2015,12,13,-0.8060424327850342
2015,12,14,-1.2848479747772217
2015,12,15,-1.0175549983978271
2015,12,16,-0.4760472774505615
2015,12,17,0.18350455164909363
2015,12,18,0.7618927359580994
2015,12,19,1.3084707260131836
2015,12,20,2.4448423385620117
2015,12,21,3.837322235107422
2015,12,22,4.502900123596191
2015,12,23,3.938187599182129
2015,12,24,2.519202947616577
2015,12,25,1.9910892248153687
2015,12,26,2.253511428833008
2015,12,27,1.8178355693817139
2015,12,28,0.9392966032028198
2015,12,29,0.863456130027771
2015,12,30,1.5790621042251587
2015,12,31,1.4821768999099731
2016,1,1,0.6229839324951172
2016,1,2,-0.9842702746391296
2016,1,3,-1.7715766429901123
2016,1,4,-2.06243634223938
2016,1,5,-2.392601490020752
2016,1,6,-2.286902666091919
2016,1,7,-2.5300703048706055
2016,1,8,-2.954326629638672
2016,1,9,-3.5460963249206543
2016,1,10,-3.524768590927124
2016,1,11,-3.530047655105591
2016,1,12,-3.58465838432312
2016,1,13,-3.4511730670928955
2016,1,14,-3.544236421585083
2016,1,15,-4.003692626953125
2016,1,16,-4.898095607757568
2016,1,17,-4.554344654083252
2016,1,18,-3.938302755355835
2016,1,19,-2.9180939197540283
2016,1,20,-1.7567448616027832
2016,1,21,-1.0662221908569336
2016,1,22,-0.2357226014137268
2016,1,23,-0.08465978503227234
2016,1,24,-0.35789963603019714
2016,1,25,-0.04550022631883621
2016,1,26,1.1464000940322876
2016,1,27,2.390486478805542
2016,1,28,3.3086397647857666
2016,1,29,3.815145254135132
2016,1,30,3.042886257171631
2016,1,31,2.381089687347412
2016,2,1,1.9051809310913086
2016,2,2,0.8971167206764221
2016,2,3,0.17903679609298706
2016,2,4,0.12199357151985168
2016,2,5,0.6555216908454895
2016,2,6,0.9275790452957153
2016,2,7,1.0790902376174927
2016,2,8,0.536011278629303
2016,2,9,-0.18172909319400787
2016,2,10,-1.1309159994125366
2016,2,11,-1.5273126363754272
2016,2,12,-1.9049952030181885
2016,2,13,-1.7486323118209839
2016,2,14,-1.7491117715835571
2016,2,15,-0.4653639495372772
2016,2,16,1.597775936126709
2016,2,17,1.7783677577972412
2016,2,18,1.3630427122116089
2016,2,19,1.5020290613174438
2016,2,20,1.224303126335144
2016,2,21,0.3966915011405945
2016,2,22,-0.382716566324234
2016,2,23,-0.7681536078453064
2016,2,24,-0.6029868721961975
2016,2,25,-0.6249960660934448
2016,2,26,-1.3580918312072754
2016,2,27,-1.4994155168533325
2016,2,28,-0.8572706580162048
2016,2,29,-0.27882397174835205
2016,3,1,-0.2944953143596649
2016,3,2,-0.8535614609718323
2016,3,3,-1.5905534029006958
2016,3,4,-2.2361767292022705
2016,3,5,-1.4955604076385498
2016,3,6,-0.7777811884880066
2016,3,7,-0.41557925939559937
2016,3,8,-0.39216482639312744
2016,3,9,-0.5103272795677185
2016,3,10,0.32490023970603943
2016,3,11,0.8157277703285217
2016,3,12,0.7830683588981628
2016,3,13,0.9257330894470215
2016,3,14,0.8328272104263306
2016,3,15,0.3223626911640167
2016,3,16,-0.05660838633775711
2016,3,17,-0.36653074622154236
2016,3,18,-0.6347549557685852
2016,3,19,-0.33747225999832153
2016,3,20,0.043945085257291794
2016,3,21,0.4078522026538849
2016,3,22,0.1349686086177826
2016,3,23,0.585918664932251
2016,3,24,1.720627784729004
2016,3,25,2.253110647201538
2016,3,26,2.0134758949279785
2016,3,27,1.9107283353805542
2016,3,28,1.7402698993682861
2016,3,29,1.3519206047058105
2016,3,30,0.9826858043670654
2016,3,31,1.1867740154266357
2016,4,1,1.3119802474975586
2016,4,2,0.8510840535163879
2016,4,3,0.14576168358325958
2016,4,4,-0.2293882668018341
2016,4,5,0.42006921768188477
2016,4,6,0.47552499175071716
2016,4,7,0.10368208587169647
2016,4,8,-0.0050397287122905254
2016,4,9,-1.0879428386688232
2016,4,10,-1.9591981172561646
2016,4,11,-1.8102778196334839
2016,4,12,-1.6155143976211548
2016,4,13,-1.3227213621139526
2016,4,14,-0.9100348353385925
2016,4,15,-0.4338134527206421
2016,4,16,-0.13904310762882233
2016,4,17,0.02847662754356861
2016,4,18,-0.15180666744709015
2016,4,19,-0.6479008197784424
2016,4,20,-1.7077293395996094
2016,4,21,-2.1198673248291016
2016,4,22,-1.9362324476242065
2016,4,23,-1.5411741733551025
2016,4,24,-1.868872046470642
2016,4,25,-2.8172197341918945
2016,4,26,-3.5943214893341064
2016,4,27,-3.290728807449341
2016,4,28,-2.2952375411987305
2016,4,29,-1.5356175899505615
2016,4,30,-0.729883074760437
2016,5,1,0.2885052263736725
2016,5,2,0.8025545477867126
2016,5,3,0.4898711144924164
2016,5,4,0.009170804172754288
2016,5,5,-0.3197298049926758
2016,5,6,-0.5776735544204712
2016,5,7,-0.7820150256156921
2016,5,8,-1.2292617559432983
2016,5,9,-1.3567147254943848
2016,5,10,-0.8999708890914917
2016,5,11,-0.890691876411438
2016,5,12,-0.6170614957809448
2016,5,13,-0.3649844825267792
2016,5,14,0.06229125335812569
2016,5,15,0.3702413737773895
2016,5,16,0.7660133242607117
2016,5,17,1.6366502046585083
2016,5,18,2.191585063934326
2016,5,19,2.1377694606781006
2016,5,20,1.6879404783248901
2016,5,21,1.5039769411087036
2016,5,22,1.189570665359497
2016,5,23,0.7030742764472961
2016,5,24,-0.028847524896264076
2016,5,25,-0.06075945869088173
2016,5,26,0.016296368092298508
2016,5,27,-0.512337327003479
2016,5,28,-1.1362888813018799
2016,5,29,-1.678848147392273
2016,5,30,-2.2558064460754395
2016,5,31,-2.2160868644714355
2016,6,1,-1.8944916725158691
2016,6,2,-1.5512675046920776
2016,6,3,-1.3629090785980225
2016,6,4,-1.2450445890426636
2016,6,5,-1.4229375123977661
2016,6,6,-1.2527562379837036
2016,6,7,-0.786331295967102
2016,6,8,-0.3828674554824829
2016,6,9,-0.1155683696269989
2016,6,10,0.19869022071361542
2016,6,11,0.6766934990882874
2016,6,12,1.048636555671692
2016,6,13,0.9194035530090332
2016,6,14,0.0985984206199646
2016,6,15,-0.6435064673423767
2016,6,16,-0.7469494342803955
2016,6,17,-0.38673296570777893
2016,6,18,0.5954383015632629
2016,6,19,1.7161133289337158
2016,6,20,2.5454635620117188
2016,6,21,2.3548028469085693
2016,6,22,1.8899118900299072
2016,6,23,1.5396974086761475
2016,6,24,1.4977216720581055
2016,6,25,1.218430519104004
2016,6,26,1.2106424570083618
2016,6,27,1.3554518222808838
2016,6,28,1.1196227073669434
2016,6,29,0.6014630794525146
2016,6,30,0.2542364299297333
2016,7,1,0.3888990879058838
2016,7,2,0.7568458914756775
2016,7,3,0.7240920066833496
2016,7,4,0.5520172119140625
2016,7,5,0.4544922411441803
2016,7,6,0.3342752158641815
2016,7,7,-0.14467787742614746
2016,7,8,-0.539912223815918
2016,7,9,-0.5128562450408936
2016,7,10,-0.24511095881462097
2016,7,11,-0.20026342570781708
2016,7,12,-0.3032324016094208
2016,7,13,-0.14578473567962646
2016,7,14,0.24134419858455658
2016,7,15,0.5532845854759216
2016,7,16,0.9294136762619019
2016,7,17,1.1374317407608032
2016,7,18,0.9141988158226013
2016,7,19,0.49331721663475037
2016,7,20,0.20639556646347046
2016,7,21,0.11376620084047318
2016,7,22,0.14087389409542084
2016,7,23,0.006055145990103483
2016,7,24,-0.43202510476112366
2016,7,25,-0.666886031627655
2016,7,26,-0.7002410888671875
2016,7,27,-0.7319694757461548
2016,7,28,-0.6349840760231018
2016,7,29,-0.34019914269447327
2016,7,30,-0.014639073982834816
2016,7,31,0.19704021513462067
2016,8,1,0.2197839319705963
2016,8,2,0.33140242099761963
2016,8,3,0.48979297280311584
2016,8,4,0.4044833779335022
2016,8,5,0.25502917170524597
2016,8,6,0.14590442180633545
2016,8,7,0.1543983668088913
2016,8,8,0.10978978872299194
2016,8,9,0.44323068857192993
2016,8,10,0.8107778429985046
2016,8,11,0.856753408908844
2016,8,12,0.7353090047836304
2016,8,13,0.7753268480300903
2016,8,14,0.7893666625022888
2016,8,15,0.6575931310653687
2016,8,16,0.5540175437927246
2016,8,17,0.3017956614494324
2016,8,18,-0.11852038651704788
2016,8,19,-0.24676688015460968
2016,8,20,0.2104218751192093
2016,8,21,0.49403926730155945
2016,8,22,0.33542656898498535
2016,8,23,0.02990592084825039
2016,8,24,0.12149401009082794
2016,8,25,0.22744829952716827
2016,8,26,0.36193081736564636
2016,8,27,0.8244361281394958
2016,8,28,1.271809697151184
2016,8,29,1.3680449724197388
2016,8,30,0.7643426656723022
2016,8,31,0.4410947263240814
2016,9,1,0.49536779522895813
2016,9,2,0.5392825603485107
2016,9,3,0.18042950332164764
2016,9,4,0.07575363665819168
2016,9,5,0.5722021460533142
2016,9,6,1.3219183683395386
2016,9,7,1.547672986984253
2016,9,8,1.3200994729995728
2016,9,9,1.084757924079895
2016,9,10,0.8702280521392822
2016,9,11,0.4561983644962311
2016,9,12,0.09612661600112915
2016,9,13,0.23083621263504028
2016,9,14,0.23213569819927216
2016,9,15,0.4044751226902008
2016,9,16,0.7989922761917114
2016,9,17,1.486730933189392
2016,9,18,1.6429520845413208
2016,9,19,1.2062653303146362
2016,9,20,0.44826409220695496
2016,9,21,-0.13280068337917328
2016,9,22,-0.07783922553062439
2016,9,23,0.2130373865365982
2016,9,24,0.4246973991394043
2016,9,25,0.41192004084587097
2016,9,26,0.4917890429496765
2016,9,27,0.9910791516304016
2016,9,28,1.7324068546295166
2016,9,29,2.0048298835754395
2016,9,30,1.5230231285095215
2016,10,1,0.48256292939186096
2016,10,2,-0.653523862361908
2016,10,3,-1.3598289489746094
2016,10,4,-1.8455806970596313
2016,10,5,-2.187570810317993
2016,10,6,-2.873140335083008
2016,10,7,-3.3358652591705322
2016,10,8,-3.2550156116485596
2016,10,9,-2.9755055904388428
2016,10,10,-2.885050058364868
2016,10,11,-3.0030908584594727
2016,10,12,-2.6891891956329346
2016,10,13,-2.492248296737671
2016,10,14,-2.644948720932007
2016,10,15,-2.1144778728485107
2016,10,16,-1.465729832649231
2016,10,17,-1.0404231548309326
2016,10,18,-0.8377518653869629
2016,10,19,-0.595114529132843
2016,10,20,-0.4835043251514435
2016,10,21,-0.9788249135017395
2016,10,22,-2.1487464904785156
2016,10,23,-3.528118848800659
2016,10,24,-3.377664089202881
2016,10,25,-1.5479639768600464
2016,10,26,-0.23170195519924164
2016,10,27,-0.32849758863449097
2016,10,28,-1.0634725093841553
2016,10,29,-1.4641791582107544
2016,10,30,-2.0245494842529297
2016,10,31,-2.3761379718780518
2016,11,1,-1.794650673866272
2016,11,2,-1.9489401578903198
2016,11,3,-2.856539249420166
2016,11,4,-3.137291669845581
2016,11,5,-2.533329725265503
2016,11,6,-1.3433504104614258
2016,11,7,-0.344594269990921
2016,11,8,0.16274085640907288
2016,11,9,-0.01620977558195591
2016,11,10,-0.5793615579605103
2016,11,11,-0.35759323835372925
2016,11,12,0.5245171785354614
2016,11,13,1.3434817790985107
2016,11,14,2.270376205444336
2016,11,15,2.847170114517212
2016,11,16,1.9144434928894043
2016,11,17,0.16317187249660492
2016,11,18,-0.706983745098114
2016,11,19,-0.6336159110069275
2016,11,20,-1.2017735242843628
2016,11,21,-1.472669243812561
2016,11,22,-1.1881872415542603
2016,11,23,-1.026655673980713
2016,11,24,-0.9042066931724548
2016,11,25,-0.8023320436477661
2016,11,26,-0.9924411177635193
2016,11,27,-0.7769608497619629
2016,11,28,-1.051819920539856
2016,11,29,-0.9283037185668945
2016,11,30,-0.30652037262916565
2016,12,1,-0.19260165095329285
2016,12,2,-0.29723748564720154
2016,12,3,-0.1512458622455597
2016,12,4,-0.13115455210208893
2016,12,5,-0.2089439034461975
2016,12,6,0.030709777027368546
2016,12,7,0.6437878608703613
2016,12,8,1.0765763521194458
2016,12,9,1.3465781211853027
2016,12,10,1.531383991241455
2016,12,11,1.739923119544983
2016,12,12,1.688378095626831
2016,12,13,1.3152687549591064
2016,12,14,1.1823922395706177
2016,12,15,0.970824122428894
2016,12,16,0.9432153701782227
2016,12,17,1.4321551322937012
2016,12,18,1.718689203262329
2016,12,19,2.776890277862549
2016,12,20,4.301455020904541
2016,12,21,4.741887092590332
2016,12,22,4.511080741882324
2016,12,23,3.8072333335876465
2016,12,24,2.77610445022583
2016,12,25,2.4580912590026855
2016,12,26,2.563786745071411
2016,12,27,2.5845963954925537
2016,12,28,2.494636297225952
2016,12,29,2.325854778289795
2016,12,30,2.4215011596679688
2016,12,31,1.005008339881897
2017,1,1,-0.18355345726013184
2017,1,2,0.05026036128401756
2017,1,3,0.23372362554073334
2017,1,4,0.2589983642101288
2017,1,5,0.49026694893836975
2017,1,6,0.8722991943359375
2017,1,7,1.2184278964996338
2017,1,8,0.9246190786361694
2017,1,9,1.2465534210205078
2017,1,10,1.7589350938796997
2017,1,11,1.546507716178894
2017,1,12,0.3019745647907257
2017,1,13,0.06209324300289154
2017,1,14,0.483065664768219
2017,1,15,0.5665678381919861
2017,1,16,0.054827574640512466
2017,1,17,0.31144049763679504
2017,1,18,1.0655161142349243
2017,1,19,1.756584882736206
2017,1,20,1.721748948097229
2017,1,21,0.9315059781074524
2017,1,22,0.32156580686569214
2017,1,23,0.9479479789733887
2017,1,24,1.5361335277557373
2017,1,25,1.4604554176330566
2017,1,26,0.8909788727760315
2017,1,27,0.8039618730545044
2017,1,28,1.2869257926940918
2017,1,29,1.7412127256393433
2017,1,30,1.7785505056381226
2017,1,31,1.7192476987838745
2017,2,1,1.2652066946029663
2017,2,2,0.8578395843505859
2017,2,3,0.4644356071949005
2017,2,4,-0.06952539086341858
2017,2,5,-0.7970428466796875
2017,2,6,-1.096806526184082
2017,2,7,-1.0074361562728882
2017,2,8,-1.1527241468429565
2017,2,9,-1.7686233520507812
2017,2,10,-1.919215440750122
2017,2,11,-1.2872719764709473
2017,2,12,-0.8005213141441345
2017,2,13,-1.6316072940826416
2017,2,14,-2.2281816005706787
2017,2,15,-1.4521098136901855
2017,2,16,0.019743800163269043
2017,2,17,1.1000834703445435
2017,2,18,1.3384859561920166
2017,2,19,1.7299166917800903
2017,2,20,1.7548273801803589
2017,2,21,1.424268126487732
2017,2,22,1.323528528213501
2017,2,23,0.8540173172950745
2017,2,24,1.6791889667510986
2017,2,25,3.0650527477264404
2017,2,26,2.8914623260498047
2017,2,27,2.2850801944732666
2017,2,28,2.3327183723449707
2017,3,1,2.1298532485961914
2017,3,2,1.5538443326950073
2017,3,3,0.810438334941864
2017,3,4,0.09894143790006638
2017,3,5,-0.29710620641708374
2017,3,6,-0.43826478719711304
2017,3,7,-0.41868531703948975
2017,3,8,-0.0002606365305837244
2017,3,9,-0.03935915231704712
2017,3,10,0.2586362063884735
2017,3,11,1.3289309740066528
2017,3,12,2.055253505706787
2017,3,13,2.92274808883667
2017,3,14,3.548436164855957
2017,3,15,2.8130879402160645
2017,3,16,2.4816081523895264
2017,3,17,2.7258996963500977
2017,3,18,2.6960110664367676
2017,3,19,2.6673429012298584
2017,3,20,2.172065258026123
2017,3,21,1.5735387802124023
2017,3,22,1.175703763961792
2017,3,23,1.7462236881256104
2017,3,24,1.8235433101654053
2017,3,25,2.037067413330078
2017,3,26,1.4677066802978516
2017,3,27,0.40393587946891785
2017,3,28,0.15611675381660461
2017,3,29,0.5796599984169006
2017,3,30,0.576652467250824
2017,3,31,0.7643730640411377
2017,4,1,1.573301911354065
2017,4,2,1.981843113899231
2017,4,3,1.685982346534729
2017,4,4,0.9890226721763611
2017,4,5,0.3876062035560608
2017,4,6,-0.017681190744042397
2017,4,7,-0.30607765913009644
2017,4,8,-0.35987457633018494
2017,4,9,-0.16427308320999146
2017,4,10,0.47564321756362915
2017,4,11,0.7118927240371704
2017,4,12,0.4092131555080414
2017,4,13,-0.0009308392181992531
2017,4,14,-0.451816201210022
2017,4,15,-0.7025683522224426
2017,4,16,-1.0568279027938843
2017,4,17,-1.1919200420379639
2017,4,18,-1.0577490329742432
2017,4,19,-0.7971556782722473
2017,4,20,-0.8532243967056274
2017,4,21,-1.2606635093688965
2017,4,22,-1.4853591918945312
2017,4,23,-1.461413860321045
2017,4,24,-1.1629520654678345
2017,4,25,-0.31955963373184204
2017,4,26,0.6167119145393372
2017,4,27,1.3693925142288208
2017,4,28,1.035549521446228
2017,4,29,-0.3019788861274719
2017,4,30,-0.8522595763206482
2017,5,1,-0.9626413583755493
2017,5,2,-1.321164846420288
2017,5,3,-1.671115517616272
2017,5,4,-1.7022749185562134
2017,5,5,-2.0808329582214355
2017,5,6,-2.404536485671997
2017,5,7,-2.455127716064453
2017,5,8,-2.244922161102295
2017,5,9,-1.8257782459259033
2017,5,10,-1.8841632604599
2017,5,11,-1.9495640993118286
2017,5,12,-1.4306843280792236
2017,5,13,-0.718507707118988
2017,5,14,-0.5297503471374512
2017,5,15,-0.3884892463684082
2017,5,16,0.4402802288532257
2017,5,17,0.6945176124572754
2017,5,18,0.393736869096756
2017,5,19,-0.10407713800668716
2017,5,20,-0.4327832758426666
2017,5,21,-0.33392900228500366
2017,5,22,0.3566736876964569
2017,5,23,1.2906849384307861
2017,5,24,1.665475845336914
2017,5,25,1.1793125867843628
2017,5,26,0.09347345679998398
2017,5,27,-0.6420691609382629
2017,5,28,-0.9904454350471497
2017,5,29,-0.9700402021408081
2017,5,30,-0.6381744742393494
2017,5,31,-0.2653466761112213
2017,6,1,-0.08225356042385101
2017,6,2,-0.36572152376174927
2017,6,3,-0.6587275862693787
2017,6,4,-0.9171682596206665
2017,6,5,-1.1904990673065186
2017,6,6,-1.2337839603424072
2017,6,7,-1.2134718894958496
2017,6,8,-1.0940642356872559
2017,6,9,-0.9080901145935059
2017,6,10,-0.23165348172187805
2017,6,11,0.8261985182762146
2017,6,12,1.0570521354675293
2017,6,13,0.5946826934814453
2017,6,14,0.28341978788375854
2017,6,15,0.48270756006240845
2017,6,16,0.9906737208366394
2017,6,17,1.2556706666946411
2017,6,18,1.1862833499908447
2017,6,19,1.2163282632827759
2017,6,20,1.6237951517105103
2017,6,21,1.7117148637771606
2017,6,22,1.7017545700073242
2017,6,23,1.559453010559082
2017,6,24,1.5120282173156738
2017,6,25,1.4840415716171265
2017,6,26,1.3546143770217896
2017,6,27,0.8101040720939636
2017,6,28,0.20836450159549713
2017,6,29,-0.24706846475601196
2017,6,30,-0.09826324880123138
2017,7,1,0.7379102110862732
2017,7,2,1.102182149887085
2017,7,3,0.9019929766654968
2017,7,4,0.7574987411499023
2017,7,5,0.7574777603149414
2017,7,6,0.7003767490386963
2017,7,7,0.6394122242927551
2017,7,8,0.6575018763542175
2017,7,9,0.47713643312454224
2017,7,10,0.47501885890960693
2017,7,11,0.46102774143218994
2017,7,12,0.6059120893478394
2017,7,13,0.8575653433799744
2017,7,14,1.1312414407730103
2017,7,15,1.1641849279403687
2017,7,16,1.2426908016204834
2017,7,17,1.082993745803833
2017,7,18,0.8224582076072693
2017,7,19,0.8545286655426025
2017,7,20,0.7823624610900879
2017,7,21,0.18112798035144806
2017,7,22,-0.33309969305992126
2017,7,23,-0.3810606896877289
2017,7,24,0.13267330825328827
2017,7,25,0.5093459486961365
2017,7,26,0.7679506540298462
2017,7,27,0.8246068358421326
2017,7,28,0.40984198451042175
2017,7,29,0.1325388103723526
2017,7,30,0.19468224048614502
2017,7,31,0.30873316526412964
2017,8,1,0.38128048181533813
2017,8,2,0.3419444262981415
2017,8,3,0.4375767409801483
2017,8,4,0.5618489384651184
2017,8,5,0.3631890118122101
2017,8,6,-0.05419611558318138
2017,8,7,-0.4222559928894043
2017,8,8,-0.970943033695221
2017,8,9,-1.0906741619110107
2017,8,10,-0.25234588980674744
2017,8,11,0.16056551039218903
2017,8,12,0.44184738397598267
2017,8,13,0.5112336277961731
2017,8,14,0.6188449263572693
2017,8,15,0.7008764743804932
2017,8,16,0.5617830753326416
2017,8,17,0.052791446447372437
2017,8,18,-0.055888887494802475
2017,8,19,-0.018697457388043404
2017,8,20,0.08340559154748917
2017,8,21,-0.18559099733829498
2017,8,22,-0.4352617859840393
2017,8,23,-0.5109053254127502
2017,8,24,-0.6358555555343628
2017,8,25,-0.5151609182357788
2017,8,26,-0.2098911553621292
2017,8,27,0.40567994117736816
2017,8,28,1.014236569404602
2017,8,29,1.0273432731628418
2017,8,30,0.9991884827613831
2017,8,31,1.1766170263290405
2017,9,1,1.0804810523986816
2017,9,2,0.7892093062400818
2017,9,3,-0.08315782994031906
2017,9,4,-0.8912482261657715
2017,9,5,-0.685535192489624
2017,9,6,-0.4500519931316376
2017,9,7,-0.24714751541614532
2017,9,8,-0.2921719551086426
2017,9,9,0.05911752209067345
2017,9,10,0.7110482454299927
2017,9,11,0.7303797006607056
2017,9,12,0.29881322383880615
2017,9,13,-0.42888590693473816
2017,9,14,-0.5400572419166565
2017,9,15,0.10604378581047058
2017,9,16,0.5966526865959167
2017,9,17,0.5511623620986938
2017,9,18,-0.016140451654791832
2017,9,19,-0.4723491072654724
2017,9,20,-1.1174811124801636
2017,9,21,-1.368206262588501
2017,9,22,-1.214042067527771
2017,9,23,-1.275854229927063
2017,9,24,-1.4091641902923584
2017,9,25,-1.6927502155303955
2017,9,26,-1.9301657676696777
2017,9,27,-1.993561029434204
2017,9,28,-1.6988296508789062
2017,9,29,-0.9914842844009399
2017,9,30,-0.37559741735458374
2017,10,1,-0.18552646040916443
2017,10,2,-0.04058217257261276
2017,10,3,0.9313044548034668
2017,10,4,1.6042802333831787
2017,10,5,1.6555548906326294
2017,10,6,1.8813457489013672
2017,10,7,1.7101327180862427
2017,10,8,1.1483761072158813
2017,10,9,1.0667858123779297
2017,10,10,1.074346899986267
2017,10,11,0.813187301158905
2017,10,12,0.6798571944236755
2017,10,13,1.1956645250320435
2017,10,14,1.519497275352478
2017,10,15,1.2863848209381104
2017,10,16,0.8648212552070618
2017,10,17,0.6777899265289307
2017,10,18,0.6174894571304321
2017,10,19,0.05420985817909241
2017,10,20,-0.19135217368602753
2017,10,21,-0.07648131251335144
2017,10,22,0.11014536023139954
2017,10,23,-0.03723122179508209
2017,10,24,-0.06205478310585022
2017,10,25,0.18040648102760315
2017,10,26,0.24115078151226044
2017,10,27,0.7344810962677002
2017,10,28,0.44966208934783936
2017,10,29,-0.46879255771636963
2017,10,30,0.0050475806929171085
2017,10,31,1.1962347030639648
2017,11,1,1.8471553325653076
2017,11,2,2.6840152740478516
2017,11,3,2.9256975650787354
2017,11,4,2.1745777130126953
2017,11,5,1.7985639572143555
2017,11,6,1.4243491888046265
2017,11,7,1.2693061828613281
2017,11,8,1.5812115669250488
2017,11,9,1.5130164623260498
2017,11,10,1.3100783824920654
2017,11,11,0.25250154733657837
2017,11,12,-0.07600709050893784
2017,11,13,0.08870268613100052
2017,11,14,0.007436156272888184
2017,11,15,0.04975777119398117
2017,11,16,0.08673974871635437
2017,11,17,-0.6548033952713013
2017,11,18,-1.8895891904830933
2017,11,19,-2.606902599334717
2017,11,20,-3.260589361190796
2017,11,21,-3.5291688442230225
2017,11,22,-2.9939467906951904
2017,11,23,-1.4255424737930298
2017,11,24,-0.08002913743257523
2017,11,25,0.34184473752975464
2017,11,26,-0.023605206981301308
2017,11,27,-0.8357423543930054
2017,11,28,-1.4940595626831055
2017,11,29,-1.5121824741363525
2017,11,30,-1.2201776504516602
2017,12,1,-0.7138785719871521
2017,12,2,-0.4116138815879822
2017,12,3,-0.6624397039413452
2017,12,4,-0.8295781016349792
2017,12,5,-1.0801019668579102
2017,12,6,-1.4139692783355713
2017,12,7,-1.4280507564544678
2017,12,8,-1.284234881401062
2017,12,9,-1.022748589515686
2017,12,10,-1.4796658754348755
2017,12,11,-1.6178865432739258
2017,12,12,0.11177698522806168
2017,12,13,0.29754334688186646
2017,12,14,-0.9578869938850403
2017,12,15,-0.8044558167457581
2017,12,16,0.3388079106807709
2017,12,17,1.4318569898605347
2017,12,18,2.100600004196167
2017,12,19,2.5842442512512207
2017,12,20,2.343953847885132
2017,12,21,1.141798496246338
2017,12,22,0.4500514566898346
2017,12,23,0.8870115280151367
2017,12,24,0.9709265828132629
2017,12,25,0.7838160395622253
2017,12,26,0.1873060017824173
2017,12,27,0.08210855722427368
2017,12,28,-0.3017561435699463
2017,12,29,-0.6015410423278809
2017,12,30,-0.39009031653404236
2017,12,31,-0.4782792627811432
2018,1,1,-0.3416004776954651
2018,1,2,0.1522875726222992
2018,1,3,-0.27557265758514404
2018,1,4,-1.506369948387146
2018,1,5,-2.889089584350586
2018,1,6,-2.1130974292755127
2018,1,7,-0.32027187943458557
2018,1,8,-0.32145923376083374
2018,1,9,-0.687637448310852
2018,1,10,-0.7690584063529968
2018,1,11,-0.7436720132827759
2018,1,12,-0.28032147884368896
2018,1,13,0.13107696175575256
2018,1,14,1.0411581993103027
2018,1,15,1.8806627988815308
2018,1,16,1.7116326093673706
2018,1,17,0.7821189761161804
2018,1,18,-0.04832862317562103
2018,1,19,-0.8253961801528931
2018,1,20,-1.2974498271942139
2018,1,21,-1.4956353902816772
2018,1,22,-1.2036373615264893
2018,1,23,-0.7797532677650452
2018,1,24,-0.3318943977355957
2018,1,25,-0.030069705098867416
2018,1,26,0.4985543489456177
2018,1,27,0.963109016418457
2018,1,28,0.9760775566101074
2018,1,29,0.5154327750205994
2018,1,30,0.189500629901886
2018,1,31,-0.9806742668151855
2018,2,1,-1.7217751741409302
2018,2,2,-0.6206420660018921
2018,2,3,-0.42221128940582275
2018,2,4,0.6034591794013977
2018,2,5,0.9106483459472656
2018,2,6,0.14307086169719696
2018,2,7,1.1412848234176636
2018,2,8,1.338393211364746
2018,2,9,0.9940495491027832
2018,2,10,1.17055082321167
2018,2,11,1.4613252878189087
2018,2,12,1.6993625164031982
2018,2,13,1.8821624517440796
2018,2,14,1.8152745962142944
2018,2,15,1.5584213733673096
2018,2,16,0.8723780512809753
2018,2,17,-0.20102407038211823
2018,2,18,-0.6308996677398682
2018,2,19,-0.3199186325073242
2018,2,20,0.051204804331064224
2018,2,21,0.1996011883020401
2018,2,22,0.6662061214447021
2018,2,23,0.3091333210468292
2018,2,24,-0.13265728950500488
2018,2,25,-1.2982999086380005
2018,2,26,-2.1262335777282715
2018,2,27,-2.728447437286377
2018,2,28,-3.5731139183044434
2018,3,1,-4.196580410003662
2018,3,2,-4.4255218505859375
2018,3,3,-4.106531143188477
2018,3,4,-3.441185474395752
2018,3,5,-2.8833065032958984
2018,3,6,-2.467336416244507
2018,3,7,-1.8921513557434082
2018,3,8,-1.632516860961914
2018,3,9,-1.6721601486206055
2018,3,10,-1.9884802103042603
2018,3,11,-1.962640404701233
2018,3,12,-1.5882725715637207
2018,3,13,-1.385314702987671
2018,3,14,-1.271418571472168
2018,3,15,-1.5323083400726318
2018,3,16,-1.9551669359207153
2018,3,17,-2.029942750930786
2018,3,18,-1.3773421049118042
2018,3,19,-0.25186243653297424
2018,3,20,0.7444712519645691
2018,3,21,1.4917364120483398
2018,3,22,1.5220601558685303
2018,3,23,1.2337414026260376
2018,3,24,0.8495451211929321
2018,3,25,0.5596408843994141
2018,3,26,1.1387382745742798
2018,3,27,1.743103265762329
2018,3,28,1.530043125152588
2018,3,29,0.21387150883674622
2018,3,30,-0.04497523978352547
2018,3,31,-0.23707644641399384
2018,4,1,-1.0214895009994507
2018,4,2,-1.6872678995132446
2018,4,3,-2.187974452972412
2018,4,4,-2.145376205444336
2018,4,5,-2.146615505218506
2018,4,6,-1.7012264728546143
2018,4,7,-0.7353792190551758
2018,4,8,-0.05503322184085846
2018,4,9,-0.054529041051864624
2018,4,10,-0.12350881099700928
2018,4,11,0.1102454662322998
2018,4,12,-0.11313267052173615
2018,4,13,0.13528017699718475
2018,4,14,0.9832063913345337
2018,4,15,1.0699018239974976
2018,4,16,0.6916730403900146
2018,4,17,0.586277425289154
2018,4,18,0.27733755111694336
2018,4,19,0.4356994330883026
2018,4,20,1.1122366189956665
2018,4,21,1.5112353563308716
2018,4,22,1.7398663759231567
2018,4,23,2.3102407455444336
2018,4,24,2.9181747436523438
2018,4,25,3.384147882461548
2018,4,26,3.0030322074890137
2018,4,27,1.8064168691635132
2018,4,28,1.4624260663986206
2018,4,29,1.6623390913009644
2018,4,30,2.505856990814209
2018,5,1,3.084331750869751
2018,5,2,2.8969759941101074
2018,5,3,2.619633197784424
2018,5,4,2.040825843811035
2018,5,5,1.774416208267212
2018,5,6,1.7189096212387085
2018,5,7,1.4884803295135498
2018,5,8,1.5287251472473145
2018,5,9,1.3562374114990234
2018,5,10,1.1403378248214722
2018,5,11,0.9408221244812012
2018,5,12,1.284333348274231
2018,5,13,1.1366938352584839
2018,5,14,0.6799802184104919
2018,5,15,0.4329448640346527
2018,5,16,0.3957768976688385
2018,5,17,0.548911988735199
2018,5,18,0.7285484075546265
2018,5,19,1.2433843612670898
2018,5,20,1.6055364608764648
2018,5,21,1.1391695737838745
2018,5,22,0.7336028814315796
2018,5,23,0.5995905995368958
2018,5,24,0.2814187705516815
2018,5,25,0.2703549265861511
2018,5,26,0.5971758365631104
2018,5,27,0.8614480495452881
2018,5,28,1.036208152770996
2018,5,29,0.6654568314552307
2018,5,30,0.23028817772865295
2018,5,31,0.20302994549274445
2018,6,1,0.4402787685394287
2018,6,2,0.563785970211029
2018,6,3,0.2491253912448883
2018,6,4,-0.29765191674232483
2018,6,5,-0.525220513343811
2018,6,6,-0.17696115374565125
2018,6,7,0.3467588722705841
2018,6,8,0.6142333149909973
2018,6,9,0.6100746393203735
2018,6,10,0.32782217860221863
2018,6,11,-0.2062782496213913
2018,6,12,0.019949277862906456
2018,6,13,0.5275617241859436
2018,6,14,0.5742953419685364
2018,6,15,0.1394360065460205
2018,6,16,-0.2176404595375061
2018,6,17,0.4426997900009155
2018,6,18,1.317980170249939
2018,6,19,1.737741231918335
2018,6,20,1.642193078994751
2018,6,21,1.308971643447876
2018,6,22,1.175022840499878
2018,6,23,0.9452870488166809
2018,6,24,0.6136181354522705
2018,6,25,0.4795292615890503
2018,6,26,0.1671702265739441
2018,6,27,-0.3164794147014618
2018,6,28,-0.45806384086608887
2018,6,29,-0.49612173438072205
2018,6,30,-0.5610026121139526
2018,7,1,-0.22775018215179443
2018,7,2,0.009869433008134365
2018,7,3,0.3240244388580322
2018,7,4,0.7879116535186768
2018,7,5,1.2322627305984497
2018,7,6,1.3897016048431396
2018,7,7,1.2660478353500366
2018,7,8,1.6325103044509888
2018,7,9,1.4900407791137695
2018,7,10,1.0491057634353638
2018,7,11,0.8781485557556152
2018,7,12,1.0075863599777222
2018,7,13,1.156651496887207
2018,7,14,1.5008571147918701
2018,7,15,1.3303327560424805
2018,7,16,1.052479863166809
2018,7,17,0.7635575532913208
2018,7,18,0.414922833442688
2018,7,19,0.5319453477859497
2018,7,20,0.7164991497993469
2018,7,21,0.6891214847564697
2018,7,22,0.6703133583068848
2018,7,23,0.7907130718231201
2018,7,24,0.6374911665916443
2018,7,25,0.34015223383903503
2018,7,26,-0.23808708786964417
2018,7,27,-0.5085155367851257
2018,7,28,-0.7853070497512817
2018,7,29,-0.7678284645080566
2018,7,30,-0.42921096086502075
2018,7,31,-0.4188803434371948
2018,8,1,-0.45738497376441956
2018,8,2,-0.4970029890537262
2018,8,3,-0.38581186532974243
2018,8,4,-0.25736331939697266
2018,8,5,-0.05451086536049843
2018,8,6,0.5404278635978699
2018,8,7,0.729107141494751
2018,8,8,0.7096577882766724
2018,8,9,0.4429987072944641
2018,8,10,0.3849034011363983
2018,8,11,0.6251434683799744
2018,8,12,0.8973045945167542
2018,8,13,1.5069228410720825
2018,8,14,2.054253101348877
2018,8,15,2.0408334732055664
2018,8,16,1.6722573041915894
2018,8,17,1.5511175394058228
2018,8,18,1.326846718788147
2018,8,19,0.8583284020423889
2018,8,20,0.6398542523384094
2018,8,21,0.6993681788444519
2018,8,22,0.9065015316009521
2018,8,23,0.6383536458015442
2018,8,24,0.45488429069519043
2018,8,25,0.7440811991691589
2018,8,26,0.9301506280899048
2018,8,27,0.9949839115142822
2018,8,28,0.9847041368484497
2018,8,29,0.9829436540603638
2018,8,30,1.549815058708191
2018,8,31,1.7794883251190186
2018,9,1,1.30678391456604
2018,9,2,0.8172234296798706
2018,9,3,0.7385272979736328
2018,9,4,0.09710624814033508
2018,9,5,-0.5337779521942139
2018,9,6,-0.44880765676498413
2018,9,7,-0.39537787437438965
2018,9,8,-0.22246648371219635
2018,9,9,-0.11866263300180435
2018,9,10,0.2747846245765686
2018,9,11,0.7168381214141846
2018,9,12,0.995511531829834
2018,9,13,0.6509706377983093
2018,9,14,0.12361492216587067
2018,9,15,-0.08179129660129547
2018,9,16,0.04194283112883568
2018,9,17,0.26002267003059387
2018,9,18,0.1216764971613884
2018,9,19,0.338530570268631
2018,9,20,0.6708388328552246
2018,9,21,0.6007857322692871
2018,9,22,0.9513535499572754
2018,9,23,1.5277128219604492
2018,9,24,1.9412851333618164
2018,9,25,2.2648427486419678
2018,9,26,2.1304168701171875
2018,9,27,1.4816391468048096
2018,9,28,0.8851576447486877
2018,9,29,-0.06055336073040962
2018,9,30,-0.16763322055339813
2018,10,1,0.20038437843322754
2018,10,2,0.06938141584396362
2018,10,3,-0.18872320652008057
2018,10,4,-0.19952909648418427
2018,10,5,0.17594188451766968
2018,10,6,1.0085408687591553
2018,10,7,1.3858815431594849
2018,10,8,1.8469011783599854
2018,10,9,1.8041632175445557
2018,10,10,0.9459774494171143
2018,10,11,-0.11050991714000702
2018,10,12,0.2783411145210266
2018,10,13,0.7980860471725464
2018,10,14,0.8401170372962952
2018,10,15,0.9446244835853577
2018,10,16,1.5163668394088745
2018,10,17,1.8336583375930786
2018,10,18,1.645423412322998
2018,10,19,1.0899065732955933
2018,10,20,1.3258028030395508
2018,10,21,1.237957239151001
2018,10,22,0.9728747606277466
2018,10,23,0.30190229415893555
2018,10,24,-0.6546503901481628
2018,10,25,-1.4808043241500854
2018,10,26,-1.8775840997695923
2018,10,27,-0.737307608127594
2018,10,28,0.40784379839897156
2018,10,29,-0.30025702714920044
2018,10,30,-1.3801543712615967
2018,10,31,-1.3630297183990479
2018,11,1,-1.468794345855713
2018,11,2,-1.12196946144104
2018,11,3,0.22729569673538208
2018,11,4,0.7254858613014221
2018,11,5,0.7518561482429504
2018,11,6,0.15351754426956177
2018,11,7,-0.23301711678504944
2018,11,8,-0.0496085062623024
2018,11,9,0.2819795608520508
2018,11,10,-0.20667743682861328
2018,11,11,-1.246924638748169
2018,11,12,-1.0673198699951172
2018,11,13,-0.22756041586399078
2018,11,14,0.2702770233154297
2018,11,15,0.08650177717208862
2018,11,16,-0.881696879863739
2018,11,17,-1.5469235181808472
2018,11,18,-1.3687406778335571
2018,11,19,-1.3807300329208374
2018,11,20,-1.5134612321853638
2018,11,21,-1.7652230262756348
2018,11,22,-1.8940346240997314
2018,11,23,-2.2056143283843994
2018,11,24,-2.824681520462036
2018,11,25,-3.451777696609497
2018,11,26,-3.6286163330078125
2018,11,27,-3.0715720653533936
2018,11,28,-1.9452098608016968
2018,11,29,-0.982164740562439
2018,11,30,-0.7136687636375427
2018,12,1,-1.1717298030853271
2018,12,2,-1.0465446710586548
2018,12,3,-0.8962174654006958
2018,12,4,-0.6778935194015503
2018,12,5,0.07504013180732727
2018,12,6,1.160752296447754
2018,12,7,1.2538800239562988
2018,12,8,0.9260237812995911
2018,12,9,0.2420632690191269
2018,12,10,0.46368157863616943
2018,12,11,1.521968960762024
2018,12,12,1.9485119581222534
2018,12,13,1.4653747081756592
2018,12,14,1.0114012956619263
2018,12,15,0.6410399079322815
2018,12,16,-0.20301519334316254
2018,12,17,-0.45933109521865845
2018,12,18,-0.4940892457962036
2018,12,19,-0.6250156760215759
2018,12,20,-1.0624949932098389
2018,12,21,-1.2007019519805908
2018,12,22,-1.1899168491363525
2018,12,23,-0.3521021008491516
2018,12,24,0.07936783134937286
2018,12,25,0.015988964587450027
2018,12,26,0.21667979657649994
2018,12,27,0.5746276378631592
2018,12,28,0.3611292839050293
2018,12,29,0.4342132806777954
2018,12,30,0.12528829276561737
2018,12,31,0.13949480652809143
2019,1,1,0.36761635541915894
2019,1,2,0.5974054336547852
2019,1,3,0.7954825162887573
2019,1,4,0.6520894765853882
2019,1,5,-0.14390237629413605
2019,1,6,-0.65016108751297
2019,1,7,-0.11263053864240646
2019,1,8,-0.5471343994140625
2019,1,9,-1.2970095872879028
2019,1,10,-2.1123993396759033
2019,1,11,-2.052049398422241
2019,1,12,-1.111984372138977
2019,1,13,-0.6173324584960938
2019,1,14,-0.3671531677246094
2019,1,15,-0.1656326949596405
2019,1,16,-0.26495426893234253
2019,1,17,-0.0002632399555295706
2019,1,18,0.37462958693504333
2019,1,19,0.3821227550506592
2019,1,20,0.10564713180065155
2019,1,21,-0.21056802570819855
2019,1,22,-0.8604437708854675
2019,1,23,-1.6262582540512085
2019,1,24,-2.099679470062256
2019,1,25,-2.01497745513916
2019,1,26,-1.0895187854766846
2019,1,27,-0.21815675497055054
2019,1,28,-0.8346912860870361
2019,1,29,-1.5480260848999023
2019,1,30,-1.6981415748596191
2019,1,31,-2.9578287601470947
2019,2,1,-3.315053939819336
2019,2,2,-2.433479070663452
2019,2,3,-1.772318720817566
2019,2,4,-1.428846836090088
2019,2,5,-1.0914784669876099
2019,2,6,-0.8128308653831482
2019,2,7,-0.4416026771068573
2019,2,8,0.3513457477092743
2019,2,9,1.4826351404190063
2019,2,10,2.1258647441864014
2019,2,11,2.1742284297943115
2019,2,12,2.864006757736206
2019,2,13,3.00299072265625
2019,2,14,2.1967692375183105
2019,2,15,1.8604497909545898
2019,2,16,1.708193302154541
2019,2,17,1.5858510732650757
2019,2,18,2.740335702896118
2019,2,19,3.354353427886963
2019,2,20,2.771827459335327
2019,2,21,2.2657597064971924
2019,2,22,1.7792484760284424
2019,2,23,1.6951849460601807
2019,2,24,1.5192383527755737
2019,2,25,1.705102562904358
2019,2,26,1.8839882612228394
2019,2,27,1.5365619659423828
2019,2,28,1.7297592163085938
2019,3,1,1.8270595073699951
2019,3,2,2.299891948699951
2019,3,3,2.3822171688079834
2019,3,4,2.288148880004883
2019,3,5,1.8479632139205933
2019,3,6,1.6970443725585938
2019,3,7,1.8246288299560547
2019,3,8,2.3356781005859375
2019,3,9,2.4978744983673096
2019,3,10,2.4448935985565186
2019,3,11,2.6787896156311035
2019,3,12,2.749498128890991
2019,3,13,2.380486011505127
2019,3,14,1.7155176401138306
2019,3,15,1.0902115106582642
2019,3,16,0.4893091320991516
2019,3,17,0.62434321641922
2019,3,18,1.2379834651947021
2019,3,19,2.029977560043335
2019,3,20,2.2979116439819336
2019,3,21,1.96458899974823
2019,3,22,2.0577588081359863
2019,3,23,1.7771073579788208
2019,3,24,1.320810079574585
2019,3,25,1.6431950330734253
2019,3,26,2.2166264057159424
2019,3,27,2.6609654426574707
2019,3,28,3.1204264163970947
2019,3,29,3.1490366458892822
2019,3,30,2.8973093032836914
2019,3,31,2.328975200653076
2019,4,1,1.2147417068481445
2019,4,2,0.27892082929611206
2019,4,3,-0.02722545526921749
2019,4,4,-1.3168224096298218
2019,4,5,-2.144306182861328
2019,4,6,-2.3450589179992676
2019,4,7,-2.5784506797790527
2019,4,8,-2.391690969467163
2019,4,9,-1.983234167098999
2019,4,10,-1.7779542207717896
2019,4,11,-1.3357179164886475
2019,4,12,-0.47021907567977905
2019,4,13,0.05752570182085037
2019,4,14,0.2566216289997101
2019,4,15,-0.3492145836353302
2019,4,16,-0.584057092666626
2019,4,17,-0.5019036531448364
2019,4,18,0.1633627861738205
2019,4,19,0.9021211266517639
2019,4,20,1.424229383468628
2019,4,21,1.758286952972412
2019,4,22,1.666593074798584
2019,4,23,1.5027068853378296
2019,4,24,0.7705495357513428
2019,4,25,0.39443814754486084
2019,4,26,0.5622401237487793
2019,4,27,0.24537518620491028
2019,4,28,-0.27999863028526306
2019,4,29,-0.4636786878108978
2019,4,30,-0.038021113723516464
2019,5,1,0.05811574310064316
2019,5,2,-0.2522802948951721
2019,5,3,-0.453504741191864
2019,5,4,-0.7336946129798889
2019,5,5,-1.1769068241119385
2019,5,6,-1.5038567781448364
2019,5,7,-1.712510108947754
2019,5,8,-1.7824183702468872
2019,5,9,-1.8541555404663086
2019,5,10,-1.7819050550460815
2019,5,11,-1.446738839149475
2019,5,12,-1.6934397220611572
2019,5,13,-1.6082420349121094
2019,5,14,-1.4706001281738281
2019,5,15,-1.49408757686615
2019,5,16,-1.7439699172973633
2019,5,17,-2.0081567764282227
2019,5,18,-2.188117504119873
2019,5,19,-2.1681625843048096
2019,5,20,-1.8878282308578491
2019,5,21,-1.8215489387512207
2019,5,22,-1.5946483612060547
2019,5,23,-0.5446605682373047
2019,5,24,0.06456146389245987
2019,5,25,0.12737050652503967
2019,5,26,0.16931086778640747
2019,5,27,-0.291488915681839
2019,5,28,-0.9538759589195251
2019,5,29,-1.2814935445785522
2019,5,30,-1.0901533365249634
2019,5,31,-0.6953796148300171
2019,6,1,-0.40282684564590454
2019,6,2,-0.25773847103118896
2019,6,3,-0.16500826179981232
2019,6,4,-0.3421801030635834
2019,6,5,-0.8071150183677673
2019,6,6,-1.0212980508804321
2019,6,7,-1.0035382509231567
2019,6,8,-0.8520903587341309
2019,6,9,-0.7127004861831665
2019,6,10,-0.8447687029838562
2019,6,11,-1.0763086080551147
2019,6,12,-1.2169435024261475
2019,6,13,-0.9209316968917847
2019,6,14,-0.7595610022544861
2019,6,15,-0.5253733992576599
2019,6,16,-0.35161080956459045
2019,6,17,0.09883240610361099
2019,6,18,0.7542691826820374
2019,6,19,0.9789160490036011
2019,6,20,0.6427809596061707
2019,6,21,0.1832553893327713
2019,6,22,-0.21071384847164154
2019,6,23,-0.7128908038139343
2019,6,24,-1.3459906578063965
2019,6,25,-1.574939250946045
2019,6,26,-1.5082731246948242
2019,6,27,-1.2892030477523804
2019,6,28,-1.1706657409667969
2019,6,29,-0.7202082872390747
2019,6,30,-0.2651219964027405
2019,7,1,-0.1410650610923767
2019,7,2,-0.4960481822490692
2019,7,3,-0.7223896384239197
2019,7,4,-0.8890199065208435
2019,7,5,-1.1893008947372437
2019,7,6,-1.3380391597747803
2019,7,7,-1.600103497505188
2019,7,8,-1.7353583574295044
2019,7,9,-1.4471559524536133
2019,7,10,-1.096220850944519
2019,7,11,-0.8445993661880493
2019,7,12,-0.7571175694465637
2019,7,13,-0.7180153727531433
2019,7,14,-0.7125977277755737
2019,7,15,-0.581523597240448
2019,7,16,-0.424908846616745
2019,7,17,-0.2623463571071625
2019,7,18,0.08331958949565887
2019,7,19,0.32038775086402893
2019,7,20,0.1410500705242157
2019,7,21,-0.05502023175358772
2019,7,22,-0.22956785559654236
2019,7,23,-0.5709316730499268
2019,7,24,-0.8767637014389038
2019,7,25,-0.906704306602478
2019,7,26,-1.2846109867095947
2019,7,27,-1.5797662734985352
2019,7,28,-1.694290041923523
2019,7,29,-1.7462410926818848
2019,7,30,-1.6852648258209229
2019,7,31,-1.5623492002487183
2019,8,1,-1.4263373613357544
2019,8,2,-1.293509602546692
2019,8,3,-1.0455601215362549
2019,8,4,-0.7264977693557739
2019,8,5,-0.6802698969841003
2019,8,6,-0.7752463221549988
2019,8,7,-0.9445183873176575
2019,8,8,-1.336749792098999
2019,8,9,-1.5026675462722778
2019,8,10,-1.3920646905899048
2019,8,11,-1.221234679222107
2019,8,12,-1.1705033779144287
2019,8,13,-0.8733773231506348
2019,8,14,-0.5994608402252197
2019,8,15,-0.4238168001174927
2019,8,16,-0.20118467509746552
2019,8,17,-0.367330938577652
2019,8,18,-0.7773889303207397
2019,8,19,-1.0893293619155884
2019,8,20,-1.3612663745880127
2019,8,21,-1.2984899282455444
2019,8,22,-0.7414667010307312
2019,8,23,-0.4638965129852295
2019,8,24,0.091463603079319
2019,8,25,0.8845325708389282
2019,8,26,0.9152559041976929
2019,8,27,0.2802177965641022
2019,8,28,-0.2968030571937561
2019,8,29,-0.6839911341667175
2019,8,30,-0.7006819844245911
2019,8,31,-0.3600090444087982
2019,9,1,0.12098566442728043
2019,9,2,0.6207298636436462
2019,9,3,0.9736278653144836
2019,9,4,0.91361004114151
2019,9,5,0.8350125551223755
2019,9,6,0.4188811182975769
2019,9,7,0.25776174664497375
2019,9,8,0.180259570479393
2019,9,9,0.1464623659849167
2019,9,10,0.5169826745986938
2019,9,11,0.555656373500824
2019,9,12,0.4982314109802246
2019,9,13,0.6992284655570984
2019,9,14,1.070380449295044
2019,9,15,0.8404074311256409
2019,9,16,-0.5127308368682861
2019,9,17,-1.682898998260498
2019,9,18,-1.7197459936141968
2019,9,19,-0.641601026058197
2019,9,20,0.16278795897960663
2019,9,21,0.5173097252845764
2019,9,22,0.6203664541244507
2019,9,23,0.8830114603042603
2019,9,24,1.6713204383850098
2019,9,25,1.532025933265686
2019,9,26,0.5747970342636108
2019,9,27,0.02063429355621338
2019,9,28,-0.3368415832519531
2019,9,29,-0.44051769375801086
2019,9,30,-0.4398888945579529
2019,10,1,-0.407500684261322
2019,10,2,-0.5365091562271118
2019,10,3,-0.35634440183639526
2019,10,4,0.21791976690292358
2019,10,5,0.7516092658042908
2019,10,6,0.8046895265579224
2019,10,7,1.1056208610534668
2019,10,8,1.1623262166976929
2019,10,9,0.8271571397781372
2019,10,10,0.44005918502807617
2019,10,11,0.7688425779342651
2019,10,12,1.1881624460220337
2019,10,13,0.7424913644790649
2019,10,14,0.4266745448112488
2019,10,15,-0.2844189703464508
2019,10,16,-0.571647584438324
2019,10,17,-0.5647040605545044
2019,10,18,-0.8174372911453247
2019,10,19,-1.103224515914917
2019,10,20,-0.9465029239654541
2019,10,21,-0.49727746844291687
2019,10,22,-0.2067946195602417
2019,10,23,-0.3171650469303131
2019,10,24,0.007681807968765497
2019,10,25,0.7499465942382812
2019,10,26,0.4576929807662964
2019,10,27,-0.8082448244094849
2019,10,28,-1.7102242708206177
2019,10,29,-1.7363276481628418
2019,10,30,-0.9789864420890808
2019,10,31,-0.2680688798427582
2019,11,1,0.33000797033309937
2019,11,2,0.22673657536506653
2019,11,3,-0.4803178906440735
2019,11,4,-1.2550463676452637
2019,11,5,-1.0914201736450195
2019,11,6,-1.209315299987793
2019,11,7,-1.567833662033081
2019,11,8,-1.400454044342041
2019,11,9,-1.5107535123825073
2019,11,10,-0.8886080384254456
2019,11,11,-0.8231214880943298
2019,11,12,-1.2978440523147583
2019,11,13,-2.176945447921753
2019,11,14,-2.361051321029663
2019,11,15,-1.276382327079773
2019,11,16,-1.3388656377792358
2019,11,17,-1.2995800971984863
2019,11,18,-1.4700026512145996
2019,11,19,-1.9617506265640259
2019,11,20,-2.205296039581299
2019,11,21,-2.3239681720733643
2019,11,22,-2.2017998695373535
2019,11,23,-1.4223631620407104
2019,11,24,-0.471079558134079
2019,11,25,-0.4444413483142853
2019,11,26,-0.5669143795967102
2019,11,27,-0.6094070672988892
2019,11,28,-0.4769744873046875
2019,11,29,-0.44214630126953125
2019,11,30,-0.5132684111595154
2019,12,1,0.6179731488227844
2019,12,2,2.4021241664886475
2019,12,3,3.0154976844787598
2019,12,4,2.4774746894836426
2019,12,5,2.3452939987182617
2019,12,6,1.7014029026031494
2019,12,7,1.517366647720337
2019,12,8,1.3819735050201416
2019,12,9,0.6434252858161926
2019,12,10,1.0627436637878418
2019,12,11,1.97548508644104
2019,12,12,2.1496262550354004
2019,12,13,1.80276620388031
2019,12,14,0.6705302596092224
2019,12,15,-0.5650061964988708
2019,12,16,-1.1277602910995483
2019,12,17,-1.4645438194274902
2019,12,18,-1.5454145669937134
2019,12,19,-1.4504894018173218
2019,12,20,-0.8813753724098206
2019,12,21,-0.18088781833648682
2019,12,22,-0.06847992539405823
2019,12,23,-0.4095279276371002
2019,12,24,-1.272179365158081
2019,12,25,-2.4510421752929688
2019,12,26,-2.772589683532715
2019,12,27,-2.0697269439697266
2019,12,28,-0.8169587254524231
2019,12,29,0.6134615540504456
2019,12,30,1.897720217704773
2019,12,31,3.1179006099700928
2020,1,1,3.6788523197174072
2020,1,2,3.3937149047851562
2020,1,3,2.7896742820739746
2020,1,4,3.080442428588867
2020,1,5,3.191256046295166
2020,1,6,3.293405771255493
2020,1,7,3.8747096061706543
2020,1,8,3.830347776412964
2020,1,9,2.8021438121795654
2020,1,10,2.8148207664489746
2020,1,11,3.797461986541748
2020,1,12,4.453746318817139
2020,1,13,4.50007963180542
2020,1,14,4.059711933135986
2020,1,15,3.1064679622650146
2020,1,16,2.091200351715088
2020,1,17,1.7686723470687866
2020,1,18,1.334235429763794
2020,1,19,1.6420091390609741
2020,1,20,1.6851850748062134
2020,1,21,1.574548363685608
2020,1,22,1.5809272527694702
2020,1,23,1.5193228721618652
2020,1,24,1.3281314373016357
2020,1,25,1.3424526453018188
2020,1,26,0.8766771554946899
2020,1,27,0.5033569931983948
2020,1,28,-0.06901242583990097
2020,1,29,-0.08328596502542496
2020,1,30,0.7934092879295349
2020,1,31,1.763635277748108
2020,2,1,2.0361199378967285
2020,2,2,1.5881386995315552
2020,2,3,1.2045570611953735
2020,2,4,1.0643815994262695
2020,2,5,1.5470318794250488
2020,2,6,2.1636877059936523
2020,2,7,2.5059003829956055
2020,2,8,3.846958637237549
2020,2,9,5.765374660491943
2020,2,10,5.90976095199585
2020,2,11,4.42197847366333
2020,2,12,2.733200788497925
2020,2,13,1.6555811166763306
2020,2,14,2.0798583030700684
2020,2,15,3.247654438018799
2020,2,16,4.538975238800049
2020,2,17,4.806821346282959
2020,2,18,4.556467533111572
2020,2,19,4.276195049285889
2020,2,20,4.925243854522705
2020,2,21,6.073015213012695
2020,2,22,5.994142532348633
2020,2,23,4.621930122375488
2020,2,24,3.1544137001037598
2020,2,25,1.8362656831741333
2020,2,26,1.7239807844161987
2020,2,27,2.1507468223571777
2020,2,28,1.8483285903930664
2020,2,29,1.741358995437622
2020,3,1,2.338766098022461
2020,3,2,2.927750825881958
2020,3,3,2.731569766998291
2020,3,4,2.1948091983795166
2020,3,5,1.5291792154312134
2020,3,6,1.4774072170257568
2020,3,7,1.9743489027023315
2020,3,8,2.5822219848632812
2020,3,9,3.2185964584350586
2020,3,10,3.948312759399414
2020,3,11,3.9926319122314453
2020,3,12,3.3429644107818604
2020,3,13,2.7280490398406982
2020,3,14,2.9760704040527344
2020,3,15,3.354137659072876
2020,3,16,3.945773124694824
2020,3,17,3.5478994846343994
2020,3,18,2.5910916328430176
2020,3,19,2.444655656814575
2020,3,20,2.912034273147583
2020,3,21,2.9631187915802
2020,3,22,4.093550682067871
2020,3,23,4.380612373352051
2020,3,24,3.9678308963775635
2020,3,25,3.1740996837615967
2020,3,26,1.9339402914047241
2020,3,27,0.3861827552318573
2020,3,28,0.018254593014717102
2020,3,29,0.09016255289316177
2020,3,30,0.38439270853996277
2020,3,31,0.8163535594940186
2020,4,1,0.8282350897789001
2020,4,2,0.2077198624610901
2020,4,3,-0.177949920296669
2020,4,4,-0.19578047096729279
2020,4,5,0.451843798160553
2020,4,6,1.618202567100525
2020,4,7,1.7515805959701538
2020,4,8,1.1724947690963745
2020,4,9,0.9565374255180359
2020,4,10,1.1278103590011597
2020,4,11,0.924983561038971
2020,4,12,1.0721020698547363
2020,4,13,1.6769936084747314
2020,4,14,1.820008635520935
2020,4,15,1.3486976623535156
2020,4,16,1.3374186754226685
2020,4,17,1.6981090307235718
2020,4,18,1.6830682754516602
2020,4,19,0.8204030394554138
2020,4,20,-0.3858969211578369
2020,4,21,-1.0222117900848389
2020,4,22,-0.21583592891693115
2020,4,23,0.536426842212677
2020,4,24,0.6945146322250366
2020,4,25,0.8120808005332947
2020,4,26,1.21744704246521
2020,4,27,1.5218544006347656
2020,4,28,1.5815132856369019
2020,4,29,1.0821174383163452
2020,4,30,0.9053900837898254
2020,5,1,0.7064916491508484
2020,5,2,0.5024698376655579
2020,5,3,0.6378275156021118
2020,5,4,0.6787490844726562
2020,5,5,0.2495766580104828
2020,5,6,-0.03478267043828964
2020,5,7,-0.38743168115615845
2020,5,8,-0.8199068307876587
2020,5,9,-0.9745005965232849
2020,5,10,-1.028935432434082
2020,5,11,-0.5852733850479126
2020,5,12,-0.016130715608596802
2020,5,13,-0.5789009928703308
2020,5,14,-1.0746392011642456
2020,5,15,-0.9639977216720581
2020,5,16,-0.9936951994895935
2020,5,17,-0.7800214886665344
2020,5,18,-0.4076867997646332
2020,5,19,-0.31537753343582153
2020,5,20,-0.22887931764125824
2020,5,21,0.13769406080245972
2020,5,22,0.8258641958236694
2020,5,23,1.19847571849823
2020,5,24,1.1503548622131348
2020,5,25,1.1857354640960693
2020,5,26,1.0269503593444824
2020,5,27,0.845487654209137
2020,5,28,0.5661750435829163
2020,5,29,0.2911015748977661
2020,5,30,-0.6088767647743225
2020,5,31,-1.015882968902588
2020,6,1,-0.8617977499961853
2020,6,2,-0.8365657329559326
2020,6,3,-0.7846787571907043
2020,6,4,-0.611424446105957
2020,6,5,-0.47535163164138794
2020,6,6,-0.07501903176307678
2020,6,7,0.2975192964076996
2020,6,8,0.3417377471923828
2020,6,9,0.003457618411630392
2020,6,10,-0.3545570373535156
2020,6,11,-0.45097625255584717
2020,6,12,-0.3033387362957001
2020,6,13,-0.08962556719779968
2020,6,14,0.35020712018013
2020,6,15,0.5092988014221191
2020,6,16,0.45680615305900574
2020,6,17,0.4086591899394989
2020,6,18,0.33627790212631226
2020,6,19,0.1596541702747345
2020,6,20,0.014608897268772125
2020,6,21,0.09611783176660538
2020,6,22,0.26655083894729614
2020,6,23,0.14644385874271393
2020,6,24,-0.0374368280172348
2020,6,25,-0.04914941266179085
2020,6,26,-0.19087937474250793
2020,6,27,-0.47503161430358887
2020,6,28,-0.5101916790008545
2020,6,29,-0.47562286257743835
2020,6,30,-0.33267053961753845
2020,7,1,-0.1871594488620758
2020,7,2,-0.18712645769119263
2020,7,3,-0.27147772908210754
2020,7,4,-0.1481975018978119
2020,7,5,-0.030239397659897804
2020,7,6,0.18119822442531586
2020,7,7,-0.046230096369981766
2020,7,8,-0.21768103539943695
2020,7,9,-0.5175424218177795
2020,7,10,-0.7469210028648376
2020,7,11,-0.7493921518325806
2020,7,12,-0.5722978115081787
2020,7,13,-0.5083478093147278
2020,7,14,-0.5029630064964294
2020,7,15,-0.3505443334579468
2020,7,16,-0.09738098829984665
2020,7,17,-0.20438380539417267
2020,7,18,-0.5337011814117432
2020,7,19,-0.7168368101119995
2020,7,20,-0.3576366901397705
2020,7,21,0.20433714985847473
2020,7,22,0.0998709574341774
2020,7,23,-0.1751551777124405
2020,7,24,-0.39082831144332886
2020,7,25,-0.6011435389518738
2020,7,26,-0.859524130821228
2020,7,27,-0.7948457598686218
2020,7,28,-0.48391193151474
2020,7,29,-0.6808708906173706
2020,7,30,-1.033092975616455
2020,7,31,-0.8355197310447693
2020,8,1,-0.5499058365821838
2020,8,2,-0.3625788390636444
2020,8,3,0.08491338789463043
2020,8,4,0.5597236156463623
2020,8,5,0.48131263256073
2020,8,6,0.15246234834194183
2020,8,7,0.19418390095233917
2020,8,8,0.19836604595184326
2020,8,9,-0.07968860864639282
2020,8,10,-0.2724108099937439
2020,8,11,-0.5808899998664856
2020,8,12,-0.3863217532634735
2020,8,13,-0.18716250360012054
2020,8,14,-0.1291302740573883
2020,8,15,-0.29728975892066956
2020,8,16,-0.7147662043571472
2020,8,17,-1.2486941814422607
2020,8,18,-1.3721415996551514
2020,8,19,-1.3409379720687866
2020,8,20,-1.16865873336792
2020,8,21,-0.8029060959815979
2020,8,22,-0.14711624383926392
2020,8,23,0.4598553478717804
2020,8,24,0.8770208358764648
2020,8,25,0.6392989754676819
2020,8,26,0.025651728734374046
2020,8,27,-0.8104476928710938
2020,8,28,-1.6746362447738647
2020,8,29,-1.6902756690979004
2020,8,30,-1.1247469186782837
2020,8,31,-0.13108611106872559
2020,9,1,0.5628243088722229
2020,9,2,0.41285058856010437
2020,9,3,0.07862159609794617
2020,9,4,-0.14678329229354858
2020,9,5,0.18761320412158966
2020,9,6,0.824454665184021
2020,9,7,1.1806124448776245
2020,9,8,1.3278768062591553
2020,9,9,1.4348951578140259
2020,9,10,1.6896893978118896
2020,9,11,1.4168423414230347
2020,9,12,0.8905333280563354
2020,9,13,0.3942776024341583
2020,9,14,-0.19293515384197235
2020,9,15,-0.2550290822982788
2020,9,16,0.1431443691253662
2020,9,17,0.3349238634109497
2020,9,18,0.7050215005874634
2020,9,19,1.1253581047058105
2020,9,20,1.7607065439224243
2020,9,21,2.2461841106414795
2020,9,22,1.7098890542984009
2020,9,23,0.5977762937545776
2020,9,24,0.22546659409999847
2020,9,25,0.7959411144256592
2020,9,26,0.4671822488307953
2020,9,27,-0.009734619408845901
2020,9,28,0.18240712583065033
2020,9,29,-0.2865108847618103
2020,9,30,-1.538243293762207
2020,10,1,-1.9136114120483398
2020,10,2,-1.971100091934204
2020,10,3,-1.8243833780288696
2020,10,4,-0.9316946864128113
2020,10,5,0.19855383038520813
2020,10,6,0.704399824142456
2020,10,7,0.23139840364456177
2020,10,8,-0.2588531970977783
2020,10,9,-0.803997278213501
2020,10,10,-0.6560143828392029
2020,10,11,-0.1031448021531105
2020,10,12,-0.0539402961730957
2020,10,13,-0.1344405561685562
2020,10,14,-0.44885048270225525
2020,10,15,-1.2590891122817993
2020,10,16,-1.4418935775756836
2020,10,17,-1.7193185091018677
2020,10,18,-1.581238865852356
2020,10,19,-0.9607264399528503
2020,10,20,-0.5024712085723877
2020,10,21,-0.10947316884994507
2020,10,22,0.4685039520263672
2020,10,23,1.2250962257385254
2020,10,24,1.1042999029159546
2020,10,25,0.7285957336425781
2020,10,26,1.5789477825164795
2020,10,27,2.2713422775268555
2020,10,28,2.034912109375
2020,10,29,1.5853554010391235
2020,10,30,1.249350905418396
2020,10,31,1.1464273929595947
2020,11,1,1.6948704719543457
2020,11,2,2.0599045753479004
2020,11,3,2.3302431106567383
2020,11,4,3.183093547821045
2020,11,5,3.6586289405822754
2020,11,6,2.749281406402588
2020,11,7,1.6967730522155762
2020,11,8,1.1080790758132935
2020,11,9,1.4894872903823853
2020,11,10,1.7981939315795898
2020,11,11,2.303744316101074
2020,11,12,2.6693296432495117
2020,11,13,3.0256288051605225
2020,11,14,2.8142433166503906
2020,11,15,2.225362777709961
2020,11,16,2.009004831314087
2020,11,17,1.714651107788086
2020,11,18,2.268549919128418
2020,11,19,3.0274460315704346
2020,11,20,3.140228748321533
2020,11,21,3.0808186531066895
2020,11,22,2.5832865238189697
2020,11,23,1.8951457738876343
2020,11,24,0.8885042071342468
2020,11,25,1.3199212551116943
2020,11,26,2.180525064468384
2020,11,27,1.2855159044265747
2020,11,28,0.28780582547187805
2020,11,29,-0.15082798898220062
2020,11,30,0.025600748136639595
2020,12,1,0.23595820367336273
2020,12,2,-0.010779719799757004
2020,12,3,-1.1879620552062988
2020,12,4,-1.712633490562439
2020,12,5,-1.3626742362976074
2020,12,6,-1.4676425457000732
2020,12,7,-1.5548279285430908
2020,12,8,-1.108100414276123
2020,12,9,-1.0020800828933716
2020,12,10,-1.3952808380126953
2020,12,11,-2.139488458633423
2020,12,12,-2.6567041873931885
2020,12,13,-2.812560796737671
2020,12,14,-2.85654616355896
2020,12,15,-2.936840772628784
2020,12,16,-2.760270357131958
2020,12,17,-2.259847640991211
2020,12,18,-1.735839605331421
2020,12,19,-1.124576449394226
2020,12,20,-0.8844648599624634
2020,12,21,-1.214013695716858
2020,12,22,-1.7393391132354736
2020,12,23,-1.5109153985977173
2020,12,24,-0.4505673944950104
2020,12,25,0.22609038650989532
2020,12,26,-0.46697771549224854
2020,12,27,-2.7522165775299072
2020,12,28,-3.196988582611084
2020,12,29,-2.5155651569366455
2020,12,30,-2.6017379760742188
2020,12,31,-2.9492270946502686
2021,1,1,-2.9086928367614746
2021,1,2,-2.6846604347229004
2021,1,3,-2.427292585372925
2021,1,4,-3.0693233013153076
2021,1,5,-3.418362855911255
2021,1,6,-3.4356746673583984
2021,1,7,-2.994586229324341
2021,1,8,-2.8947768211364746
2021,1,9,-2.601914405822754
2021,1,10,-1.6105157136917114
2021,1,11,-0.8494658470153809
2021,1,12,-0.649836003780365
2021,1,13,-0.9094394445419312
2021,1,14,-2.1758673191070557
2021,1,15,-2.514583110809326
2021,1,16,-1.7960485219955444
2021,1,17,-1.3015551567077637
2021,1,18,-1.695824384689331
2021,1,19,-1.91875422000885
2021,1,20,-2.2830312252044678
2021,1,21,-2.290348768234253
2021,1,22,-2.0223538875579834
2021,1,23,-2.1243443489074707
2021,1,24,-2.6937332153320312
2021,1,25,-3.5824930667877197
2021,1,26,-3.54268741607666
2021,1,27,-3.201756238937378
2021,1,28,-2.59340763092041
2021,1,29,-2.725834608078003
2021,1,30,-2.8252077102661133
2021,1,31,-2.512636184692383
2021,2,1,-2.577913761138916
2021,2,2,-2.628035068511963
2021,2,3,-2.955080986022949
2021,2,4,-2.9704134464263916
2021,2,5,-3.0553548336029053
2021,2,6,-3.4352893829345703
2021,2,7,-3.8969383239746094
2021,2,8,-4.4149932861328125
2021,2,9,-4.924428462982178
2021,2,10,-5.2850213050842285
2021,2,11,-5.254494667053223
2021,2,12,-4.106182098388672
2021,2,13,-2.8865153789520264
2021,2,14,-1.5406841039657593
2021,2,15,-0.04848051071166992
2021,2,16,0.5470119118690491
2021,2,17,0.5881929397583008
2021,2,18,0.6255776882171631
2021,2,19,0.7392085194587708
2021,2,20,0.2988797724246979
2021,2,21,0.6086540222167969
2021,2,22,1.164111614227295
2021,2,23,1.4559752941131592
2021,2,24,1.873822569847107
2021,2,25,2.689175844192505
2021,2,26,2.713581085205078
2021,2,27,2.5375280380249023
2021,2,28,1.9805214405059814
2021,3,1,0.9993547797203064
2021,3,2,0.2951752245426178
2021,3,3,-0.6634365320205688
2021,3,4,-0.982823371887207
2021,3,5,-0.4749568700790405
2021,3,6,0.539061427116394
2021,3,7,0.9793559312820435
2021,3,8,1.4225538969039917
2021,3,9,2.6031556129455566
2021,3,10,4.167694091796875
2021,3,11,5.536261558532715
2021,3,12,5.2448954582214355
2021,3,13,3.6845691204071045
2021,3,14,2.3290910720825195
2021,3,15,1.3547559976577759
2021,3,16,0.20012134313583374
2021,3,17,-0.32949718832969666
2021,3,18,-0.048704080283641815
2021,3,19,0.5781832933425903
2021,3,20,2.171276569366455
2021,3,21,3.455357313156128
2021,3,22,3.51446270942688
2021,3,23,3.926576614379883
2021,3,24,4.347490310668945
2021,3,25,3.8773844242095947
2021,3,26,3.2157931327819824
2021,3,27,2.891336441040039
2021,3,28,2.9185609817504883
2021,3,29,2.4292562007904053
2021,3,30,1.664932131767273
2021,3,31,1.3529255390167236
2021,4,1,0.8543991446495056
2021,4,2,0.6583821177482605
2021,4,3,0.4718306362628937
2021,4,4,0.5712578296661377
2021,4,5,0.6484827399253845
2021,4,6,0.09935464709997177
2021,4,7,-0.3677978217601776
2021,4,8,-0.30189740657806396
2021,4,9,-0.11244134604930878
2021,4,10,-0.09734508395195007
2021,4,11,-0.4434003531932831
2021,4,12,-0.41679689288139343
2021,4,13,-0.18766221404075623
2021,4,14,0.15269336104393005
2021,4,15,0.443621426820755
2021,4,16,0.4243500828742981
2021,4,17,0.33570796251296997
2021,4,18,0.13639314326476168
2021,4,19,0.06607149554353713
2021,4,20,0.3189168127100557
2021,4,21,0.09301690514903639
2021,4,22,-0.2939638823757179
2021,4,23,-0.7511813882298533
2021,4,24,-1.0091961447418947
2021,4,25,-1.0890660932232599
2021,4,26,-1.1736451164338133
2021,4,27,-1.3480726178031563
2021,4,28,-1.1675101181249221
2021,4,29,-1.2110096084994924
2021,4,30,-1.1477242713176643
2021,5,1,-1.1062446689792154
2021,5,2,-0.8491080718480423
2021,5,3,-0.3277759807961806
2021,5,4,-0.1530270874077004
2021,5,5,-0.24302368890068674
2021,5,6,-0.7112319106136508
2021,5,7,-1.094339157218034
2021,5,8,-1.1371946542673619
2021,5,9,-1.1424271569908775
2021,5,10,-0.7998306625815824
2021,5,11,-0.29625421782903183
2021,5,12,-0.1471904642051154
2021,5,13,-0.31730195455620464
2021,5,14,-0.22981446357310964
2021,5,15,0.09494263381971063
2021,5,16,0.10815927033301702
2021,5,17,-0.0849156748978453
2021,5,18,-0.3345795954408829
2021,5,19,-0.5551587751694617
2021,5,20,-0.25457709718184046
2021,5,21,0.497187247079285
2021,5,22,1.3150126882717899
2021,5,23,1.083044750170351
2021,5,24,0.5053242721119305
2021,5,25,0.09144730129463516
2021,5,26,0.1435891748646494
2021,5,27,0.09426818680306297
2021,5,28,-0.16284345462081112
2021,5,29,0.06732243166073347
2021,5,30,0.6860202942866793
2021,5,31,0.7145658106482637
2021,6,1,0.6192769980923573
2021,6,2,0.7404725732209887
2021,6,3,1.1366496231971133
2021,6,4,1.6076569363777313
2021,6,5,1.9350614889060576
2021,6,6,1.8554296512674868
2021,6,7,1.6716606908981038
2021,6,8,1.4096799124765214
2021,6,9,1.4932747897013237
2021,6,10,1.5616916638546736
2021,6,11,1.4605040777627587
2021,6,12,1.069647775319916
2021,6,13,0.6968774583807251
2021,6,14,0.7913155709726937
2021,6,15,1.2861345564268547
2021,6,16,1.2244370782761476
2021,6,17,0.8660113468760529
2021,6,18,0.48247041490949377
2021,6,19,0.11365361512844711
2021,6,20,-0.22308558685039262
2021,6,21,-0.10512114268840425
2021,6,22,-0.13696341023658257
2021,6,23,-0.4986686738156052
2021,6,24,-0.18705991998488622
2021,6,25,0.4580155651043144
2021,6,26,0.5955418457852796
2021,6,27,0.6220240631710251
2021,6,28,0.8631970868924097
2021,6,29,0.8391204218132684
2021,6,30,0.184711058022739
2021,7,1,-0.39778478896334374
2021,7,2,-0.4024032142030862
2021,7,3,0.10537716237432412
2021,7,4,0.4113285831198405
2021,7,5,0.7058651615072945
2021,7,6,1.4872848611381762
2021,7,7,1.997295318983001
2021,7,8,1.748390952185924
2021,7,9,1.1163585219515464
2021,7,10,0.8382890523112494
2021,7,11,1.1284483252173667
2021,7,12,1.3914346270066336
2021,7,13,1.4994431597928095
2021,7,14,1.7546477215793619
2021,7,15,1.764238375836491
2021,7,16,1.3780042141745785
2021,7,17,1.0656876387748822
2021,7,18,0.8163986932046048
2021,7,19,0.7783950968715612
2021,7,20,0.9077401329514437
2021,7,21,1.001011815840366
2021,7,22,0.8742231433146265
2021,7,23,0.7368040582508601
2021,7,24,0.7010037110382255
2021,7,25,0.2976508743897987
2021,7,26,-0.4873571805323974
2021,7,27,-1.0414390144715058
2021,7,28,-1.0647328367255067
2021,7,29,-0.8691091485061648
2021,7,30,-0.6934604739172195
2021,7,31,-0.7094394889749039
2021,8,1,-0.5130917353800186
2021,8,2,-0.05706674476416408
2021,8,3,0.006119784687970354
2021,8,4,-0.2022511684712883
2021,8,5,-0.4072768313266336
2021,8,6,-0.48974736180380846
2021,8,7,-0.618669133388721
2021,8,8,-0.4401181698962013
2021,8,9,0.019815192760713404
2021,8,10,0.3225086071170847
2021,8,11,0.1548874821577153
2021,8,12,-0.1105110501463228
2021,8,13,0.3116411928404416
2021,8,14,1.031512670260012
2021,8,15,1.4784196930847693
2021,8,16,1.224528191441708
2021,8,17,0.7097044238728021
2021,8,18,0.645141485429885
2021,8,19,0.646831644016334
2021,8,20,0.35240598301968445
2021,8,21,-0.2920574995602565
2021,8,22,-1.0078723426914258
2021,8,23,-1.101995045719881
2021,8,24,-0.8104714171369152
2021,8,25,-0.5794372895928858
2021,8,26,-0.6185423170165854
2021,8,27,-0.5738491588843604
2021,8,28,-0.8281652360212384
2021,8,29,-1.119518657388398
2021,8,30,-1.5600122518859791
2021,8,31,-1.832811142497323
2021,9,1,-1.8568739710219615
2021,9,2,-1.2029562553258568
2021,9,3,-0.557888261822365
2021,9,4,-0.3121437671637067
2021,9,5,-0.048725493687676036
2021,9,6,0.11090121277100078
2021,9,7,-0.12489849620341169
2021,9,8,-0.3743200685607353
2021,9,9,-0.5561173881771104
2021,9,10,-0.864310394952585
2021,9,11,-0.6950686415092107
2021,9,12,0.36587390976916984
2021,9,13,0.8001502713001309
2021,9,14,0.39174754624094915
2021,9,15,0.16442503968236966
2021,9,16,0.24633538602581548
2021,9,17,0.39865372903788904
2021,9,18,0.3198750591667838
2021,9,19,0.02338616216099671
2021,9,20,-0.1257366567372559
2021,9,21,0.269209382473042
2021,9,22,0.9531845610654747
2021,9,23,1.039731522772513
2021,9,24,0.5540429945394904
2021,9,25,-0.06314359358531414
2021,9,26,-0.5930277728370179
2021,9,27,-1.3709605603974013
2021,9,28,-1.3705122851779528
2021,9,29,-1.3685005273226463
2021,9,30,-1.4344626779180425
2021,10,1,-0.8892908074694944
2021,10,2,-0.6207101161449586
2021,10,3,-0.6057492210729193
2021,10,4,-0.39594829079219757
2021,10,5,-0.36567636733024517
2021,10,6,-0.24913731470265593
2021,10,7,-0.3301736942533277
2021,10,8,-0.537962940700354
2021,10,9,0.032711043431650204
2021,10,10,0.3038615624228074
2021,10,11,-0.2493028827153471
2021,10,12,-1.0767616585665818
2021,10,13,-1.1440185216067198
2021,10,14,-0.8673960469901856
2021,10,15,-0.8956580636975383
2021,10,16,-1.3440510712766458
2021,10,17,-1.7356022140332243
2021,10,18,-1.1188862974765976
2021,10,19,-0.27934173559057246
2021,10,20,0.41479787614996405
2021,10,21,0.7319409664709102
2021,10,22,0.9825109132248597
2021,10,23,0.963410478105781
2021,10,24,0.8173137339954001
2021,10,25,1.0572943104465071
2021,10,26,1.53559009238626
2021,10,27,1.6637221618512705
2021,10,28,1.0657983024801843
2021,10,29,0.1607518376934517
2021,10,30,-0.6864016088212316
2021,10,31,-0.6997003006507058
2021,11,1,-0.7069104357243108
2021,11,2,-0.21987828856938246
2021,11,3,0.719168230414406
2021,11,4,1.296036009480117
2021,11,5,1.730878106598604
2021,11,6,1.947889522441909
2021,11,7,1.3248710214170663
2021,11,8,1.0991542138395383
2021,11,9,0.8897021600031602
2021,11,10,0.5034419991173852
2021,11,11,0.058803927547959454
2021,11,12,-0.2966405409688881
2021,11,13,0.018943961705820404
2021,11,14,0.5488935713081713
2021,11,15,0.9545615106944266
2021,11,16,0.632264526685018
2021,11,17,0.4557650089751443
2021,11,18,0.7138490805438187
2021,11,19,0.3712577281360417
2021,11,20,-0.5680437623614359
2021,11,21,-0.8196318374430638
2021,11,22,-1.0547661614323105
2021,11,23,-1.543879331208354
2021,11,24,-1.621739762242331
2021,11,25,-1.0158306327139166
2021,11,26,-1.1008777203758005
2021,11,27,-1.3914057807735358
2021,11,28,-1.076471839272067
2021,11,29,-0.3025938658771854
2021,11,30,1.1411870769754509
2021,12,1,1.8902936944172817
2021,12,2,2.812481168771386
2021,12,3,2.8942046339705896
2021,12,4,2.1223185253404626
2021,12,5,2.739300899974701
2021,12,6,3.1346925693075423
2021,12,7,2.600707875502246
2021,12,8,2.2501503923198114
2021,12,9,1.738257330159972
2021,12,10,1.1419558374268943
2021,12,11,1.4062730930879392
2021,12,12,0.8855951143310027
2021,12,13,0.5486816738815199
2021,12,14,1.3211334538714552
2021,12,15,1.0259976379611255
2021,12,16,0.39908410614386725
2021,12,17,-0.518083664492168
2021,12,18,-0.9530143520464871
2021,12,19,-1.611464353960442
2021,12,20,-1.7280351879173252
2021,12,21,-1.4538670178717676
2021,12,22,-1.5734423139580742
2021,12,23,-1.2169846485877884
2021,12,24,-1.6886352816996428
2021,12,25,-2.335833243953782
2021,12,26,-2.3584487003907633
2021,12,27,-1.8366947980460533
2021,12,28,-1.7086248474096526
2021,12,29,-1.2790092983584156
2021,12,30,-1.242801807171258
2021,12,31,-1.4865668075438938
2022,1,1,-0.909263848359472
2022,1,2,-0.6411860668235005
2022,1,3,-0.9468559496544109
2022,1,4,-0.23075828209679217
2022,1,5,0.7995575037149769
2022,1,6,1.542603109823828
2022,1,7,1.065291046213648
2022,1,8,0.334615809157621
2022,1,9,-0.23064751986456997
2022,1,10,0.12408552788966323
2022,1,11,1.2419644613508156
2022,1,12,1.9258132736775468
2022,1,13,1.313177322079788
2022,1,14,0.24809121166214884
2022,1,15,0.31964930841449646
2022,1,16,1.3021327362620048
2022,1,17,1.2045588135317793
2022,1,18,0.4062431468984502
2022,1,19,0.305056793283658
2022,1,20,0.7818985005671492
2022,1,21,1.4030199906373357
2022,1,22,1.6450692524246209
2022,1,23,1.2781222478014498
2022,1,24,1.2160089762661717
2022,1,25,2.150093385251989
2022,1,26,2.2911948815952523
2022,1,27,1.6733023110688532
2022,1,28,1.8335551466262077
2022,1,29,1.5744635746483873
2022,1,30,0.300675011983303
2022,1,31,0.03878674093395619
2022,2,1,-0.6956146657089257
2022,2,2,-1.7697374589557873
2022,2,3,-1.2499197856277169
2022,2,4,0.47092721412851485
2022,2,5,1.517493191382576
2022,2,6,1.4646310623199847
2022,2,7,1.9711617197984137
2022,2,8,2.1510846904108063
2022,2,9,1.937797333518332
2022,2,10,1.7932431138908194
2022,2,11,1.2429502717554821
2022,2,12,1.6307052165302292
2022,2,13,1.4428381288473229
2022,2,14,1.2776247249298738
2022,2,15,1.776016157924036
2022,2,16,2.2052195376418156
2022,2,17,2.17817652160866
2022,2,18,2.182406500385397
2022,2,19,2.761066754871149
2022,2,20,2.8894470605108102
2022,2,21,2.2483576896513466
2022,2,22,2.771444902054041
2022,2,23,2.4935731218803276
2022,2,24,1.7264119960088737
2022,2,25,1.6498600905356622
2022,2,26,1.4420389432081584
2022,2,27,1.154534379896103
2022,2,28,1.0395247585247125
2022,3,1,0.6938220785253456
2022,3,2,0.530409324377132
2022,3,3,-0.11875171692064816
2022,3,4,-0.2308468934127437
2022,3,5,0.486712805597194
2022,3,6,1.09140945080235
2022,3,7,0.6590398416337152
2022,3,8,-0.26807041895103145
2022,3,9,-0.3060028343720598
2022,3,10,0.10679724510594651
2022,3,11,0.44258891160260483
2022,3,12,0.5185974681733065
2022,3,13,0.14975993773318366
2022,3,14,2.126713843604892
2022,3,15,3.2136838964963848
2022,3,16,2.9654110157568927
2022,3,17,2.686044523030754
2022,3,18,2.075726755232856
2022,3,19,1.251546437423555
2022,3,20,0.5518110678754089
2022,3,21,-0.06335114602157056
2022,3,22,-0.4424813245620709
2022,3,23,-0.21893068353039002
2022,3,24,-0.31316794243510904
2022,3,25,-0.819414830650498
2022,3,26,-1.3044165846918148
2022,3,27,-1.1396652159322822
2022,3,28,-0.98172556963392
2022,3,29,-1.1817306111013135
2022,3,30,-1.4750882191759562
2022,3,31,-1.5656053229221636
2022,4,1,-1.1625004384992097
2022,4,2,-0.8178678944214983
2022,4,3,-0.16780459173272186
2022,4,4,0.4370301101433581
2022,4,5,0.748249405406627
2022,4,6,0.5036078651303388
2022,4,7,0.08665759728265958
2022,4,8,-0.05082997057179656
2022,4,9,-0.4353042464081218
2022,4,10,-1.2049864141289535
2022,4,11,-1.6979550840961017
2022,4,12,-1.290696782844467
2022,4,13,-0.7960168881325977
2022,4,14,-0.43368624486833934
2022,4,15,-0.09878820370285955
2022,4,16,0.4108076835611176
2022,4,17,0.8605288270518776
2022,4,18,0.8809657634183012
2022,4,19,0.6442598528522362
2022,4,20,-0.5548440664065976
2022,4,21,-1.757800847766774
2022,4,22,-1.9489522854856989
2022,4,23,-1.8034539048360678
2022,4,24,-1.6780567018848227
2022,4,25,-1.6355358926348413
2022,4,26,-1.1072786723419483
2022,4,27,-0.8697606141172699
2022,4,28,-0.9348030579358667
2022,4,29,-0.9239168164910955
2022,4,30,-0.639999919668419
2022,5,1,-0.11607674432256596
2022,5,2,0.824485503919917
2022,5,3,1.4682301653150198
2022,5,4,1.8291958269352306
2022,5,5,2.17404940573506
2022,5,6,2.3448533734608206
2022,5,7,2.2783072698847184
2022,5,8,2.3043519455036114
2022,5,9,2.5176328697471004
2022,5,10,3.0226537247314824
2022,5,11,3.337059653121322
2022,5,12,3.4513818146706234
2022,5,13,3.2179247788984964
2022,5,14,2.144018872599918
2022,5,15,0.8332458761267231
2022,5,16,0.21958235365778217
2022,5,17,0.46641818207270114
2022,5,18,0.8387450317096394
2022,5,19,0.8425116471846059
2022,5,20,0.6097858032911768
2022,5,21,0.6028713503140741
2022,5,22,1.1376918916719299
2022,5,23,1.8191796694694047
2022,5,24,1.9309380270583438
2022,5,25,1.65369443532349
2022,5,26,1.0241948213888745
2022,5,27,0.20370231825349477
2022,5,28,-0.617985850418137
2022,5,29,-1.4115957711014793
2022,5,30,-1.9865258689652405
2022,5,31,-2.387001587956288
2022,6,1,-2.5710723481536153
2022,6,2,-2.5910925511087153
2022,6,3,-2.5748397285157956
2022,6,4,-2.2360368029072886
2022,6,5,-1.9306488854710722
2022,6,6,-1.5946644079804704
2022,6,7,-1.2600357549675851
2022,6,8,-0.9052290389003956
2022,6,9,-0.3971446812115879
2022,6,10,0.23132821615594276
2022,6,11,0.7554642162187648
2022,6,12,1.522574932427447
2022,6,13,1.7598758700133645
2022,6,14,1.0297226235288643
2022,6,15,0.21663712816067185
2022,6,16,0.13228988901844915
2022,6,17,0.7182062317305238
2022,6,18,0.9175187093595446
2022,6,19,0.9512513764602883
2022,6,20,1.280974341125547
2022,6,21,1.6645791276034643
2022,6,22,1.615053492543137
2022,6,23,0.8946077632500495
2022,6,24,0.02556699061632255
2022,6,25,-0.4756291790159563
2022,6,26,-0.3611827234572898
2022,6,27,0.010109340675215616
2022,6,28,0.10707379234867628
2022,6,29,0.5481566911954701
2022,6,30,0.3657505353847253
2022,7,1,-0.16907064422001725
2022,7,2,-0.1039994538284613
2022,7,3,0.2374580134412231
2022,7,4,0.6054981119891125
2022,7,5,1.0376938337678139
2022,7,6,1.2209909141381663
2022,7,7,0.9780851410605907
2022,7,8,0.6614099049264694
2022,7,9,0.5016172657754537
2022,7,10,0.18591810983590482
2022,7,11,0.19357990396169827
2022,7,12,0.42011569511856156
2022,7,13,0.4264746447762919
2022,7,14,0.20904519245822653
2022,7,15,0.20281974494371305
2022,7,16,0.2948473476240531
2022,7,17,0.1895329637537096
2022,7,18,-0.1838201333556329
2022,7,19,-0.6792040487295381
2022,7,20,-1.0670364329956856
2022,7,21,-1.149808583140533
2022,7,22,-1.0679073541010555
2022,7,23,-0.9999334934445935
2022,7,24,-0.8094546635699926
2022,7,25,-0.28410732859378646
2022,7,26,0.11125856567013724
2022,7,27,0.042100226433842904
2022,7,28,-0.09615802771644623
2022,7,29,-0.07256540725079183
2022,7,30,-0.06343844785471686
2022,7,31,-0.03197299516844335
2022,8,1,0.07563757457266555
2022,8,2,0.3348409104709537
2022,8,3,0.1918664313861774
2022,8,4,0.4325433824808581
2022,8,5,0.8697374026653261
2022,8,6,1.2214826181032292
2022,8,7,1.0602300070366846
2022,8,8,0.7234726680723291
2022,8,9,0.8521191715483887
2022,8,10,1.1960097466175152
2022,8,11,1.3009095284050483
2022,8,12,0.8813928664463211
2022,8,13,0.19574992535495145
2022,8,14,-0.4754163226454956
2022,8,15,-1.1084424834428142
2022,8,16,-1.123879196628223
2022,8,17,-0.8681419344388437
2022,8,18,-0.8382235167639037
2022,8,19,-0.6990145662034883
2022,8,20,-0.46443634003901335
2022,8,21,-0.4152347970125517
2022,8,22,-0.543406859804698
2022,8,23,-0.7089678481370322
2022,8,24,-0.769495338272879
2022,8,25,-0.4046877773357188
2022,8,26,-0.11034352213136503
2022,8,27,-0.4192021180222548
2022,8,28,-0.9934122659913188
2022,8,29,-1.4511697754515978
2022,8,30,-1.5824153502391567
2022,8,31,-1.444411062055499
2022,9,1,-1.6984712606072097
2022,9,2,-1.9485615161444838
2022,9,3,-1.5629299701324713
2022,9,4,-1.0397410115605097
2022,9,5,-0.4900171340193024
2022,9,6,-0.29623650198133
2022,9,7,-0.38881508341230986
2022,9,8,-0.2441817710587094
2022,9,9,-0.36196667760222595
2022,9,10,-0.59541324516926
2022,9,11,-0.606732089519578
2022,9,12,-0.502835028668049
2022,9,13,-0.6183764176510175
2022,9,14,-1.1499213947858056
2022,9,15,-1.5742276350212003
2022,9,16,-1.6599841581707935
2022,9,17,-1.1319902667699835
2022,9,18,-0.7745506902232592
2022,9,19,-0.5151264479522749
2022,9,20,0.015541586809631185
2022,9,21,0.4157069385678158
2022,9,22,0.23684741216916533
2022,9,23,-0.15080060938526127
2022,9,24,-0.09498012312348307
2022,9,25,-0.26092377212844264
2022,9,26,-0.8692549246779431
2022,9,27,-0.9798362374409545
2022,9,28,-0.6751781570802583
2022,9,29,-0.00162752011237273
2022,9,30,0.5655974089795441
2022,10,1,0.7457142031146846
2022,10,2,0.9460857973857423
2022,10,3,0.9388381697193824
2022,10,4,1.2748279957530309
2022,10,5,1.873910793621297
2022,10,6,2.6482951054142503
2022,10,7,3.0022668210821
2022,10,8,3.1271389033445973
2022,10,9,2.976237015992696
2022,10,10,3.3788611354499993
2022,10,11,3.1164430553311804
2022,10,12,1.7706523296622287
2022,10,13,0.7254894476036727
2022,10,14,0.43199052099039376
2022,10,15,-0.5916270592347342
2022,10,16,-0.9799152982998889
2022,10,17,-0.6742523753425623
2022,10,18,-0.37395879298629403
2022,10,19,-0.27138566366656486
2022,10,20,-0.31609245413194836
2022,10,21,0.18212358885726754
2022,10,22,1.0352347402054523
2022,10,23,1.479551698941155
2022,10,24,1.596923879821131
2022,10,25,1.2436376423763384
2022,10,26,0.9761672353086062
2022,10,27,1.2060745401345112
2022,10,28,1.5642865198557123
2022,10,29,2.2430783786206163
2022,10,30,2.62707147758224
2022,10,31,2.3273244855327837
2022,11,1,1.7345178225738014
2022,11,2,1.2347555466231852
2022,11,3,0.857744176132271
2022,11,4,1.2647470695074714
2022,11,5,1.5990771739664495
2022,11,6,1.202575248399357
2022,11,7,0.7379398503571853
2022,11,8,1.0322536868358956
2022,11,9,1.2951295499801276
2022,11,10,1.5493802956629987
2022,11,11,1.7814357855491822
2022,11,12,0.9761085699541928
2022,11,13,0.3723679967224565
2022,11,14,0.3404426275204222
2022,11,15,0.37237716258142495
2022,11,16,0.2799873616897266
2022,11,17,-0.14685101712865103
2022,11,18,-0.26295161233493913
2022,11,19,0.4556162470932526
2022,11,20,0.6483367705466887
2022,11,21,0.2686373743289774
2022,11,22,0.06389166662704947
2022,11,23,-0.2901276194506236
2022,11,24,-0.719604833116725
2022,11,25,-0.5618748247880491
2022,11,26,-0.23753453742075803
2022,11,27,-0.8608512531582797
2022,11,28,-1.6827827471642962
2022,11,29,-2.017777991178419
2022,11,30,-1.4858619873616192
2022,12,1,-0.9247427069954424
2022,12,2,-1.6920363359161765
2022,12,3,-1.6108452810208587
2022,12,4,-2.424366685379759
2022,12,5,-2.8023155259455694
2022,12,6,-2.582550774862988
2022,12,7,-2.874212863390913
2022,12,8,-3.5219246634685946
2022,12,9,-3.697635743089918
2022,12,10,-4.17868073189026
2022,12,11,-4.153021622419468
2022,12,12,-3.6516465692387254
2022,12,13,-3.150450513803948
2022,12,14,-3.1981238696325542
2022,12,15,-2.9238314355054493
2022,12,16,-2.6639081306550345
2022,12,17,-3.7384877480021306
2022,12,18,-4.151135015095467
2022,12,19,-3.6707494306556794
2022,12,20,-3.325995668349994
2022,12,21,-3.334982365388071
2022,12,22,-3.3975288882167485
2022,12,23,-3.430987014755472
2022,12,24,-3.5192443271358544
2022,12,25,-3.0307362386430228
2022,12,26,-1.8117959694451569
2022,12,27,-0.5463029146540924
2022,12,28,-0.22835741597546255
2022,12,29,-0.27021471214976445
2022,12,30,-0.5097106371221843
2022,12,31,-0.28251188744596334
2023,1,1,-0.19154253051332923
2023,1,2,-0.32179695522499574
2023,1,3,-0.5174457083944374
2023,1,4,-1.2005567174724379
2023,1,5,-1.867195226527533
2023,1,6,-1.7362650451785642
2023,1,7,-1.5071487871574645
2023,1,8,-1.2845867839978007
2023,1,9,-1.3743705187909625
2023,1,10,-1.1505115381931326
2023,1,11,-0.5355144301217746
2023,1,12,-0.8153076390681816
2023,1,13,-1.1788841666499545
2023,1,14,-1.2164117349038983
2023,1,15,-0.8551627175173452
2023,1,16,-1.1690158607815102
2023,1,17,-2.435917657401055
2023,1,18,-2.72660354660034
2023,1,19,-2.123552245016791
2023,1,20,-1.4216929613534983
2023,1,21,-1.077360056050014
2023,1,22,-1.1061098831442153
2023,1,23,-0.45623933211316364
2023,1,24,0.4429520110011927
2023,1,25,0.4236339556167336
2023,1,26,0.7477792751051074
2023,1,27,0.7763534566242237
2023,1,28,1.331508547688026
2023,1,29,1.6672068067606562
2023,1,30,1.4294140441190935
2023,1,31,1.2873907292497255
2023,2,1,0.5161582638476866
2023,2,2,-0.21790327027476153
2023,2,3,-0.4836544494043747
2023,2,4,-0.5336014608375296
2023,2,5,0.7134890650353847
2023,2,6,1.8817689127706703
2023,2,7,2.4516246494441236
2023,2,8,2.514851328251623
2023,2,9,2.2100794537085076
2023,2,10,2.1044862527025034
2023,2,11,2.0299674402163705
2023,2,12,1.9386081276969231
2023,2,13,1.7301597373987965
2023,2,14,0.9430625640883726
2023,2,15,1.0279478303653442
2023,2,16,1.6161854234713817
2023,2,17,1.7558133330969732
2023,2,18,2.0322871138737755
2023,2,19,2.8606236889101204
2023,2,20,2.6186049258337993
2023,2,21,1.2149843464294197
2023,2,22,0.8501316828199351
2023,2,23,1.529250689904606
2023,2,24,2.9166812465357075
2023,2,25,3.2172098547359265
2023,2,26,2.023110478837813
2023,2,27,1.1734312625653593
2023,2,28,0.5798764810669833
2023,3,1,0.5912891858606699
2023,3,2,1.151768537657682
2023,3,3,0.9426043213264093
2023,3,4,-0.5667689453066971
2023,3,5,-1.9853583625157436
2023,3,6,-2.409521525186588
2023,3,7,-2.393737940277567
2023,3,8,-1.7918986613307508
2023,3,9,-1.4378052652708
2023,3,10,-1.0527624526252728
2023,3,11,-0.3702827650052689
2023,3,12,0.21378734834342034
2023,3,13,0.6015867577512574
2023,3,14,0.5979649010636864
2023,3,15,0.3611731992530253
2023,3,16,-0.07617469245791178
2023,3,17,-0.12133203202362018
2023,3,18,0.05571286246094127
2023,3,19,0.46515591251382943
2023,3,20,1.0615176122126508
2023,3,21,1.8349346344785256
2023,3,22,2.1712573605748
2023,3,23,2.0374025365038984
2023,3,24,1.8172192600351604
2023,3,25,1.218160297182082
2023,3,26,0.598311822857936
2023,3,27,0.5989623307389151
2023,3,28,1.0224245542936174
2023,3,29,1.0781174262923365
2023,3,30,1.2600952217084533
2023,3,31,0.9034976469113776
2023,4,1,0.13656170849713953
2023,4,2,-0.37003204222197206
2023,4,3,-0.23371162168197898
2023,4,4,0.19742660515585017
2023,4,5,0.29733753858828454
2023,4,6,-0.01818978728565345
2023,4,7,0.008763250300107397
2023,4,8,0.1590157961693661
2023,4,9,0.5837094749291263
2023,4,10,1.10104630937454
2023,4,11,1.4063600214705054
2023,4,12,0.872515030239235
2023,4,13,0.29445338511215335
2023,4,14,-0.21593694982997605
2023,4,15,-0.6776700894212496
2023,4,16,-0.9372526985371518
2023,4,17,-1.1864481390948372
2023,4,18,-2.0775706515522434
2023,4,19,-2.862417330637357
2023,4,20,-3.257722971889385
2023,4,21,-3.556197749232671
2023,4,22,-3.0092066185777004
2023,4,23,-2.2686152187575406
2023,4,24,-1.9505316002978357
2023,4,25,-1.8977967851265347
2023,4,26,-1.8172890555408232
2023,4,27,-1.8542599882102706
2023,4,28,-1.9801620508595292
2023,4,29,-1.5533630214724075
2023,4,30,-1.4896513915517033
2023,5,1,-1.337845901573214
2023,5,2,-1.1387316562013607
2023,5,3,-1.0164708259057278
2023,5,4,-0.5200182617901034
2023,5,5,-0.1627335533862674
2023,5,6,0.02803674458645545
2023,5,7,0.40369703978992816
2023,5,8,0.8232312904667004
2023,5,9,1.1294014005852409
2023,5,10,0.8505660891342742
2023,5,11,0.7293313833990094
2023,5,12,1.0556269862375645
2023,5,13,1.568727202635197
2023,5,14,2.0383187784293786
2023,5,15,1.914765402362705
2023,5,16,1.7584458337286628
2023,5,17,2.1849626672099984
2023,5,18,2.4581040814470736
2023,5,19,2.729669742580567
2023,5,20,2.512459092839285
2023,5,21,1.8567160169260934
2023,5,22,1.5131141409322877
2023,5,23,1.885180731343959
2023,5,24,1.6862555666890975
2023,5,25,1.3825623864873882
2023,5,26,1.4527409208315596
2023,5,27,1.7940447748067407
2023,5,28,1.7994477811586576
2023,5,29,1.3056515506543585
2023,5,30,0.8724077783787593
2023,5,31,0.35192577795732116
2023,6,1,-0.14752063920088143
2023,6,2,-0.64171540942464
2023,6,3,-1.0736056638041425
2023,6,4,-1.2326797547693167
2023,6,5,-1.4177672843481905
2023,6,6,-1.503038994904415
2023,6,7,-1.6400848776658778
2023,6,8,-1.6469299073647778
2023,6,9,-1.3248425864045654
2023,6,10,-0.8455102496700125
2023,6,11,-0.2311346225888591
2023,6,12,0.43181356894603357
2023,6,13,0.49339993713518104
2023,6,14,-0.02438534977768763
2023,6,15,-0.6368798796281674
2023,6,16,-0.8718401127685265
2023,6,17,-0.9008450823575288
2023,6,18,-1.076910407965802
2023,6,19,-0.8519504510209968
2023,6,20,-0.2771549931985094
2023,6,21,0.5573320999655952
2023,6,22,1.1192209522893148
2023,6,23,1.0624025163304076
2023,6,24,0.4190581325315208
2023,6,25,0.26541171868535823
2023,6,26,0.710236936231432
2023,6,27,0.8876243935304988
2023,6,28,0.8230505113825304
2023,6,29,0.7227313433467787
2023,6,30,0.5684972864589954
2023,7,1,0.1315039220915501
2023,7,2,-0.2614426436689744
2023,7,3,-0.5117525996061552
2023,7,4,-0.44781825850136775
2023,7,5,-0.4386132024511141
2023,7,6,-0.6003029534788753
2023,7,7,-0.7928510568218315
2023,7,8,-1.1060896948392667
2023,7,9,-1.4452853330289672
2023,7,10,-1.132161692391303
2023,7,11,-0.7101795398183747
2023,7,12,-0.6641325231667411
2023,7,13,-0.7417711898937036
2023,7,14,-0.7228813258344279
2023,7,15,-0.37253739342154574
2023,7,16,0.23745219130926892
2023,7,17,0.48462387229561166
2023,7,18,0.5658203718288844
2023,7,19,0.8802734725682716
2023,7,20,1.1272754585118523
2023,7,21,1.121349828502886
2023,7,22,0.5353933065455742
2023,7,23,-0.03746641515002919
2023,7,24,0.017771895918787296
2023,7,25,0.10206050139886311
2023,7,26,0.011223043809615006
2023,7,27,-0.018927174919243218
2023,7,28,0.056031399313622575
2023,7,29,0.186305303333805
2023,7,30,0.0997528508323206
2023,7,31,-0.1747296878731215
2023,8,1,-0.40932225348362744
2023,8,2,-0.6769849758414208
2023,8,3,-0.6123450244606815
2023,8,4,-0.4936056681660407
2023,8,5,-0.9764851883311121
2023,8,6,-1.3021667541451314
2023,8,7,-1.0729118983965824
2023,8,8,-0.8071620476374812
2023,8,9,-0.9112344883414781
2023,8,10,-1.2310897533522256
2023,8,11,-1.5952166859490933
2023,8,12,-1.4888537757097247
2023,8,13,-1.1216854324557533
2023,8,14,-0.6929652886067483
2023,8,15,-0.5019242822083787
2023,8,16,-0.2953911565687891
2023,8,17,-0.6929896685237831
2023,8,18,-1.2531873037996075
2023,8,19,-1.346848380699614
2023,8,20,-0.8067533328500262
2023,8,21,-0.4148794313583417
2023,8,22,-0.48731170108426525
2023,8,23,-0.5938256623046209
2023,8,24,-0.6183971168444815
2023,8,25,-0.13257050693865463
2023,8,26,0.4755270236287056
2023,8,27,0.8692223386827304
2023,8,28,0.6653748765245602
2023,8,29,0.35228443694265227
2023,8,30,0.17314217789509334
2023,8,31,-0.009013580497931693
2023,9,1,0.9339272194958358
2023,9,2,1.940904921886793
2023,9,3,1.8367113798591022
2023,9,4,1.218737023764031
2023,9,5,0.6906729115343418
2023,9,6,0.6747600918849962
2023,9,7,0.8211323116556055
2023,9,8,0.8785847304277394
2023,9,9,0.40655502077507644
2023,9,10,0.3145446239650596
2023,9,11,0.419910942220309
2023,9,12,0.5295034919725706
2023,9,13,0.46443978604963626
2023,9,14,-0.10296249467090239
2023,9,15,-0.7612811153988772
2023,9,16,-0.5849449903473428
2023,9,17,-0.45193169550652246
2023,9,18,-0.16964300002622532
2023,9,19,0.270039770280062
2023,9,20,0.10160299417318099
2023,9,21,-0.12688715505883724
2023,9,22,-0.24336814271406595
2023,9,23,-0.21681485484720261
2023,9,24,-0.036353512574911574
2023,9,25,0.10246447563913771
2023,9,26,-0.10331206629525809
2023,9,27,0.003413694136403832
2023,9,28,0.19441623976770991
2023,9,29,0.10642095904527031
2023,9,30,0.09078124448277043
2023,10,1,0.572901127895747
2023,10,2,1.018005167626395
2023,10,3,1.031279014993411
2023,10,4,0.2685541190392885
2023,10,5,-0.6766097137343391
2023,10,6,-0.7459975311095096
2023,10,7,-0.5587370631419415
2023,10,8,-0.7395762001793401
2023,10,9,-0.5510479057334546
2023,10,10,-0.20170783308067225
2023,10,11,-0.14274447493328027
2023,10,12,-1.0667376071297787
2023,10,13,-1.6668211955163124
2023,10,14,-1.811030713080829
2023,10,15,-1.9575316647131769
2023,10,16,-1.872523059036904
2023,10,17,-0.9156936718791238
2023,10,18,-0.011541017289985621
2023,10,19,0.4794600398462302
2023,10,20,0.6672256899682847
2023,10,21,0.22518354817151875
2023,10,22,-0.03321839522100628
2023,10,23,0.0035517363443489888
2023,10,24,-0.16830710603527416
2023,10,25,-0.23542285269343707
2023,10,26,-0.2927476758470787
2023,10,27,-0.42739570971728397
2023,10,28,-0.7408505699256557
2023,10,29,-0.8324240524153825
2023,10,30,-0.42694816803194746
2023,10,31,-0.5692695355725808
2023,11,1,-0.8659547091151124
2023,11,2,-1.3808060672415459
2023,11,3,-1.111670795692799
2023,11,4,-0.7969496286066814
2023,11,5,-0.025767383238743426
2023,11,6,0.40078713442347536
2023,11,7,0.4673452243455578
2023,11,8,0.2196463180713203
2023,11,9,-0.14874948764397003
2023,11,10,-0.07303150446321471
2023,11,11,0.14475950878627472
2023,11,12,0.24982150965510402
2023,11,13,1.0234260870636624
2023,11,14,1.3253951241941395
2023,11,15,1.134701098822436
2023,11,16,1.5954530520784096
2023,11,17,1.4114653887188817
2023,11,18,1.1578276723246015
2023,11,19,0.765536183930305
2023,11,20,0.24698476650109577
2023,11,21,0.6632935444421196
2023,11,22,0.9300430119828486
2023,11,23,0.4470089137790474
2023,11,24,-0.09322924207930657
2023,11,25,-0.1102332229344813
2023,11,26,-0.26905703117211743
2023,11,27,-0.5314483256165887
2023,11,28,-1.61785571293473
2023,11,29,-2.975316675196084
2023,11,30,-3.2226960679786303
2023,12,1,-2.6367340047296195
2023,12,2,-2.695648270246806
2023,12,3,-3.042032014529271
2023,12,4,-2.9090035842536013
2023,12,5,-2.7183059966100016
2023,12,6,-2.4075323441835867
2023,12,7,-2.4214228868796126
2023,12,8,-2.4212365539963714
2023,12,9,-1.8815737559786276
2023,12,10,-1.0436787126804514
2023,12,11,-0.5216762993004475
2023,12,12,0.6058994335869939
2023,12,13,1.5477608235707656
2023,12,14,1.3190546483852577
2023,12,15,1.2889887295333862
2023,12,16,2.3383619279194816
2023,12,17,2.851893087858222
2023,12,18,2.502762157977115
2023,12,19,2.5107255507742754
2023,12,20,3.3254184782260015
2023,12,21,2.8944611227240573
2023,12,22,1.5389598746341482
2023,12,23,0.993058223132929
2023,12,24,0.5539393997315676
2023,12,25,0.17045350357447137
2023,12,26,-0.3036787354138962
2023,12,27,-0.7579179928824378
2023,12,28,-0.7452130333045123
2023,12,29,-0.9952020070722546
2023,12,30,-1.693994633050758
2023,12,31,-1.8718600914679755
2024,1,1,-1.6475264250470694
2024,1,2,-1.426951947743726
2024,1,3,-1.0258174850561457
2024,1,4,-0.7109809177851001
2024,1,5,-0.8436917268263172
2024,1,6,-1.5249385800527242
2024,1,7,-1.6614489917338888
2024,1,8,-1.4594974664674603
2024,1,9,-1.1770924095214326
2024,1,10,-1.5652771230641616
2024,1,11,-2.406322978213211
2024,1,12,-2.483646425229897
2024,1,13,-2.4611048486854243
2024,1,14,-2.3369531892190976
2024,1,15,-2.513322875291456
2024,1,16,-2.532606424770151
2024,1,17,-2.3853786281053537
2024,1,18,-1.5405026764339491
2024,1,19,0.006277335785385852
2024,1,20,0.8131449075346281
2024,1,21,1.8761994361527148
2024,1,22,2.9153096135913286
2024,1,23,3.4850707594600676
2024,1,24,3.2416588956663928
2024,1,25,2.202185777132668
2024,1,26,1.4492744938931275
2024,1,27,0.9241608916302632
2024,1,28,1.097977058732247
2024,1,29,1.6555793227217925
2024,1,30,2.393252492493764
2024,1,31,3.352133185633836
2024,2,1,3.526617193063712
2024,2,2,3.273264787198561
2024,2,3,2.2250197682679023
2024,2,4,0.677847853484499
2024,2,5,-0.7021792680714223
2024,2,6,-1.2017150191014891
2024,2,7,-1.4505626167435237
2024,2,8,-1.7601663195362278
2024,2,9,-1.916350873771323
2024,2,10,-1.3649029963216117
2024,2,11,-1.0837270801623204
2024,2,12,-1.417631983744962
2024,2,13,-2.0303217653607075
2024,2,14,-2.471186864547882
2024,2,15,-2.094404467459296
2024,2,16,-1.2689622900745634
2024,2,17,-0.4060657614997516
2024,2,18,0.7486697231430448
2024,2,19,1.5517195919139608
2024,2,20,2.0500503989632777
2024,2,21,2.430621363902331
2024,2,22,2.561383596605812
2024,2,23,1.9370181891916414
2024,2,24,1.9196720487248866
2024,2,25,2.2571860065027405
2024,2,26,3.044916423822915
2024,2,27,3.3580528801332035
2024,2,28,3.24117247450983
2024,2,29,2.11713005975783
2024,3,1,0.33664326101634573
2024,3,2,-0.05781241509004727
2024,3,3,-0.24808884214383664
2024,3,4,-0.38209585131210677
2024,3,5,-0.6142157938148722
2024,3,6,-0.5917989202090473
2024,3,7,-0.7373296192083664
2024,3,8,-1.4651578642996903
2024,3,9,-1.894290275345735
2024,3,10,-1.5797403850502645
2024,3,11,-1.289473025278205
2024,3,12,-1.2661601549866022
2024,3,13,-0.7701331905831099
2024,3,14,-0.2233807316579503
2024,3,15,-0.26924881242561555
2024,3,16,-0.9716119457251846
2024,3,17,-1.12473087083294
2024,3,18,-0.810551117590512
2024,3,19,-0.9980572782956539
2024,3,20,-0.3531254139378087
2024,3,21,0.7506953381290226
2024,3,22,0.4114946341547479
2024,3,23,0.08230846734551747
2024,3,24,0.2552200505378705
2024,3,25,0.3349031441454038
2024,3,26,0.19812365802305099
2024,3,27,-0.926543933323198
2024,3,28,-0.8267847208025344
2024,3,29,-0.6963731207234569
2024,3,30,-1.0945608139155953
2024,3,31,-1.4250890306687594
2024,4,1,-1.2521118358633359
2024,4,2,-0.8187101712173872
2024,4,3,-0.12766836693521977
2024,4,4,0.17853478413388324
2024,4,5,0.12282808291607929
2024,4,6,0.5678756029086002
2024,4,7,1.913122193093489
2024,4,8,2.3833910150732462
2024,4,9,2.3604778678048564
2024,4,10,2.577145508567476
2024,4,11,3.430265373066216
2024,4,12,3.9738633980193527
2024,4,13,3.7791820040547237
2024,4,14,3.0456037001204437
2024,4,15,1.8106385654086816
2024,4,16,0.9269809875550331
2024,4,17,0.02748058445571633
2024,4,18,-0.43969758434844247
2024,4,19,-0.6856036303414983
2024,4,20,-0.8451010937673957
2024,4,21,-1.3938151226529893
2024,4,22,-1.7031883439516806
2024,4,23,-1.3992784178929287
2024,4,24,-0.8516138979911797
2024,4,25,-0.9201577280775679
2024,4,26,-0.8395899714247244
2024,4,27,-0.3838855806656674
2024,4,28,-0.14734267789945715
2024,4,29,-0.5053246636703577
2024,4,30,-1.3472555251192957
2024,5,1,-2.2439711832727736
2024,5,2,-2.7177149108305954
2024,5,3,-2.4055457974486067
2024,5,4,-1.2229010536499358
2024,5,5,0.09143454682582197
2024,5,6,0.4015071839450997
2024,5,7,-0.010078687431801441
2024,5,8,-0.3357875277513299
2024,5,9,-0.11861385586665288
2024,5,10,0.3782657227871167
2024,5,11,0.7209492346198457
2024,5,12,1.1658420129052485
2024,5,13,1.3883262705509922
2024,5,14,1.6614186795100714
2024,5,15,1.065870776624871
2024,5,16,0.15753741049833098
2024,5,17,-0.07577420625235777
2024,5,18,-0.3156915241559846
2024,5,19,-0.28626862610494247
2024,5,20,-0.18325841982028576
2024,5,21,-0.27250213693754916
2024,5,22,-0.2984282192292569
2024,5,23,0.04449887609340011
2024,5,24,0.5486038313614704
2024,5,25,0.6345626440217564
2024,5,26,0.40683824099972055
2024,5,27,0.36700689073192716
2024,5,28,0.27669437867652863
2024,5,29,0.2266204650856598
2024,5,30,0.024450566067582405
2024,5,31,-0.5106286183222
2024,6,1,-0.6142949071596405
2024,6,2,-0.2850519114705789
2024,6,3,-0.107850825950312
2024,6,4,-0.2837380427449447
2024,6,5,-0.47700029866177085
2024,6,6,-0.9074202140992903
2024,6,7,-1.2941024987533012
2024,6,8,-1.5357867404947259
2024,6,9,-1.2191107373568089
2024,6,10,-0.5860198691574331
2024,6,11,0.3938744728474557
2024,6,12,1.1226875953013586
2024,6,13,0.6607965426719556
2024,6,14,0.05067343130056087
2024,6,15,-0.42574598740621994
2024,6,16,-0.9787797101282607
2024,6,17,-1.086050249138964
2024,6,18,-0.5592743562595834
2024,6,19,0.36828534091248016
2024,6,20,0.9879893251840578
2024,6,21,1.197890583658642
2024,6,22,1.455084345351126
2024,6,23,1.5579235550294173
2024,6,24,1.2515323884852054
2024,6,25,0.6526098887968285
2024,6,26,0.0871830988128118
2024,6,27,0.1620877873532501
2024,6,28,0.7485762742283377
2024,6,29,1.4784444851820995
2024,6,30,2.126710444793307
2024,7,1,2.4823387267501644
2024,7,2,2.5540741668298907
2024,7,3,1.9266489921849201
2024,7,4,1.0043385698274747
2024,7,5,0.7151454466927614
2024,7,6,0.7116603464594355
2024,7,7,0.46939084725275304
2024,7,8,0.2164073662299909
2024,7,9,-0.13211342266096476
2024,7,10,-0.2548657868923926
2024,7,11,0.032671907475447785
2024,7,12,0.250244011808777
2024,7,13,0.27573511285753327
2024,7,14,0.25239555447020046
2024,7,15,0.12498064416667716
2024,7,16,-0.09714321209143151
2024,7,17,-0.2559839439707617
2024,7,18,-0.23525301780535066
2024,7,19,-0.13748961047710936
2024,7,20,0.084065461176918
2024,7,21,0.2566700487085389
2024,7,22,0.21024797570963064
2024,7,23,0.3360099950013127
2024,7,24,0.679849330869346
2024,7,25,0.9441506470742177
2024,7,26,1.0938714246645134
2024,7,27,1.0190568732690506
2024,7,28,0.9611895674204464
2024,7,29,0.9259417879845709
2024,7,30,0.7995729560348119
2024,7,31,0.326200648644577
2024,8,1,0.18398033858253793
2024,8,2,0.06822418056086385
2024,8,3,-0.1956667515946052
2024,8,4,-0.3882030884383376
2024,8,5,-0.5457326457535318
2024,8,6,-0.5128526610621529
2024,8,7,-0.09934437056965818
2024,8,8,0.5714192822610196
2024,8,9,1.034681165649727
2024,8,10,0.990110740116964
2024,8,11,1.0526434117145629
2024,8,12,1.3261837452164131
2024,8,13,1.4106113218325451
2024,8,14,1.4338603888402026
2024,8,15,1.4669353006367873
2024,8,16,1.7295508473662675
2024,8,17,1.84457773853775
2024,8,18,1.7523904571451638
2024,8,19,1.7680120037444143
2024,8,20,1.5414982772704522
2024,8,21,1.950479685248734
2024,8,22,2.586456470009951
2024,8,23,2.7500693162279775
2024,8,24,2.5008595290828666
2024,8,25,2.477730022161068
2024,8,26,2.125938825212445
2024,8,27,1.910524070975718
2024,8,28,1.6710864944110473
2024,8,29,1.502299533681346
2024,8,30,1.330692231741385
2024,8,31,1.1327635820096331
2024,9,1,0.7381996298300306
2024,9,2,0.1792288045680308
2024,9,3,-0.27474234925228713
2024,9,4,-0.0964599350263679
2024,9,5,0.17609599118704322
2024,9,6,0.5862361072573039
2024,9,7,0.7228371332159906
2024,9,8,0.34398883764719174
2024,9,9,0.3033018477708185
2024,9,10,0.07484910175715037
2024,9,11,-0.269325356502949
2024,9,12,-0.9227505783000387
2024,9,13,-1.1709445957787628
2024,9,14,-1.111872769298359
2024,9,15,-0.788030762943819
2024,9,16,-0.6135343887307233
2024,9,17,-0.9681054184293763
2024,9,18,-1.2149437030350279
2024,9,19,-1.9354808187390824
2024,9,20,-2.5379080440707384
2024,9,21,-2.673567794118724
2024,9,22,-2.305695774190201
2024,9,23,-1.7583942631345988
2024,9,24,-1.4196269339184104
2024,9,25,-1.094669555836251
2024,9,26,-0.7117006449464087
2024,9,27,0.005347421761196897
2024,9,28,0.4097430928301265
2024,9,29,0.2920736140534371
2024,9,30,-0.012153649315950574
2024,10,1,-0.5040138662069588
2024,10,2,-0.7797899164531858
2024,10,3,-1.2269319355816646
2024,10,4,-1.4709138482625919
2024,10,5,-1.6840202439927188
2024,10,6,-2.161551973793836
2024,10,7,-2.4129874616121265
2024,10,8,-2.397051834218093
2024,10,9,-2.090505885305028
2024,10,10,-1.6921463257488882
2024,10,11,-1.5132914720844977
2024,10,12,-1.4148216458892964
2024,10,13,-0.898389343660305
2024,10,14,-0.29890621583290966
2024,10,15,0.04388280684012586
2024,10,16,0.7954264333555089
2024,10,17,1.6355028207007758
2024,10,18,1.6475847094606924
2024,10,19,1.7469893367951848
2024,10,20,2.552457204873669
2024,10,21,3.9539887041244435
2024,10,22,4.775685145737773
2024,10,23,4.49477675627567
2024,10,24,3.4201680704325645
2024,10,25,2.764130680382622
2024,10,26,1.7843988444487766
2024,10,27,1.4667737564158612
2024,10,28,1.7735391866754604
2024,10,29,1.787757022592197
2024,10,30,0.967355359052233
2024,10,31,0.622164978930693
2024,11,1,0.21388410792905505
2024,11,2,0.10314875105950715
2024,11,3,0.19429324456537386
2024,11,4,0.11644529109854124
2024,11,5,0.4626548072302844
2024,11,6,1.0005204443890958
2024,11,7,1.2980593444308188
2024,11,8,0.793846808196795
2024,11,9,0.47247735709204947
2024,11,10,0.22464106714574378
2024,11,11,-0.11508873126763333
2024,11,12,0.4693323981538375
2024,11,13,0.46687615534922033
2024,11,14,0.39065984519066815
2024,11,15,-0.05232993256280694
2024,11,16,-0.005292462423221568
2024,11,17,0.2531692464938132
2024,11,18,-0.4473362230398859
2024,11,19,-1.5044368025879336
2024,11,20,-1.4716164675813215
2024,11,21,-0.9813849329725879
2024,11,22,-0.7992326076949844
2024,11,23,-0.3570894656651293
2024,11,24,0.480103039959647
2024,11,25,1.4550514077652996
2024,11,26,1.182788749205898
2024,11,27,-0.3658488643916358
2024,11,28,-1.379839421124085
2024,11,29,-1.6110806692333466
2024,11,30,-1.5735941109395954
2024,12,1,-1.2494634711273191
2024,12,2,-0.3794474141606697
2024,12,3,-0.11886496958531172
2024,12,4,-0.057894554104983925
2024,12,5,0.010379301254454274
2024,12,6,-0.434910621238611
2024,12,7,-1.030967771518844
2024,12,8,-1.5694470492100239
2024,12,9,-2.0425510780002183
2024,12,10,-2.3130463196944473
2024,12,11,-1.9475404114015915
2024,12,12,-1.5698833022250307
2024,12,13,-0.4369813818444112
2024,12,14,1.2167345507463105
2024,12,15,1.469593032050778
2024,12,16,0.5672230023546154
2024,12,17,-0.11860192667917946
2024,12,18,0.16011760675896577
2024,12,19,0.6618095889534824
2024,12,20,0.5096577395441517
2024,12,21,-0.03137010448077982
2024,12,22,-0.76039649396716
2024,12,23,-0.6285805129422111
2024,12,24,-0.2734784666575289
2024,12,25,0.3862031186975353
2024,12,26,0.5693895443573721
2024,12,27,0.4943879923905855
2024,12,28,0.374702925356846
2024,12,29,0.09351864559332931
2024,12,30,-0.44804163036707384
2024,12,31,-1.1350404571193886
2025,1,1,-1.422428878011705
2025,1,2,-1.7211911747458621
2025,1,3,-2.562563939370108
2025,1,4,-3.3216127787513168
2025,1,5,-3.7952008572852134
2025,1,6,-3.7679146372063688
2025,1,7,-3.0806615298576006
2025,1,8,-2.018220078005854
2025,1,9,-1.7966355853274125
2025,1,10,-1.6701324351625604
2025,1,11,-1.680082637524727
2025,1,12,-0.9760692299386626
2025,1,13,0.9218435253420852
2025,1,14,1.594812537202748
2025,1,15,1.633859347340161
2025,1,16,1.0099978183166491
2025,1,17,0.1687256631681042
2025,1,18,-0.3467665933569293
2025,1,19,-0.7293793745011463
2025,1,20,-0.26901827070188844
2025,1,21,1.1389066290013907
2025,1,22,2.4796018097569585
2025,1,23,3.3317603066649024
2025,1,24,3.438712468979539
2025,1,25,3.242906486632407
2025,1,26,2.973721242391731
2025,1,27,2.2864034451472053
2025,1,28,1.4427275741048973
2025,1,29,0.4203067425939075
2025,1,30,0.46352343284413594
2025,1,31,0.530644527189755
2025,2,1,1.0737651619042399
2025,2,2,0.9911953257667837
2025,2,3,1.602517226588706
2025,2,4,1.6538351147135961
2025,2,5,1.4344973692638714
2025,2,6,1.078637994655312
2025,2,7,-0.28598408656265556
2025,2,8,-1.4942255837820577
2025,2,9,-1.6453074954710234
2025,2,10,-2.3041135730151407
2025,2,11,-2.9891505067989956
2025,2,12,-3.264549593920761
2025,2,13,-4.246121207411268
2025,2,14,-5.195410276065223
2025,2,15,-5.278216098191429
2025,2,16,-4.772373375747401
2025,2,17,-4.416908150147819
2025,2,18,-3.5210873742244346
2025,2,19,-1.6547925959901673
2025,2,20,0.06931553197759495
2025,2,21,1.0110888315845699
2025,2,22,1.6856369853950857
2025,2,23,2.5727506005587295
2025,2,24,2.737711871657829
2025,2,25,1.847030230490075
2025,2,26,0.26499321146573107
2025,2,27,-0.4192040480524645
2025,2,28,0.11778394370982881
2025,3,1,0.46222879418511176
2025,3,2,1.2710864370941832
2025,3,3,1.405685852679027
2025,3,4,1.6926007944196888
2025,3,5,1.8944375210656772
2025,3,6,1.202440233771458
2025,3,7,-0.12560860910523053
2025,3,8,-1.278387944147532
2025,3,9,-1.155001398809323
2025,3,10,-0.8712971307231044
2025,3,11,-0.8823395352175496
2025,3,12,-1.3531076053255975
2025,3,13,-1.0980816202507129
2025,3,14,-0.1778385365939637
2025,3,15,0.3581305864583904
2025,3,16,0.6461281661395366
2025,3,17,0.9314798113370506
2025,3,18,0.9526079348425848
2025,3,19,1.050256350573135
2025,3,20,1.0239303813541791
2025,3,21,0.35123411312529895
2025,3,22,0.029687031719186775
2025,3,23,0.12630227207530015
2025,3,24,0.8017522946365947
2025,3,25,1.0290746951869594
2025,3,26,1.172218142243536
2025,3,27,1.5857303994214789
2025,3,28,1.682471044701121
2025,3,29,1.5458806232874105
2025,3,30,1.2064554940211774
2025,3,31,1.1502739248737637
2025,4,1,1.1385616112591157
2025,4,2,0.7221679074357256
2025,4,3,0.33893777656603796
2025,4,4,-0.2730342587327504
2025,4,5,-0.7228930675289351
2025,4,6,-0.8351266788353012
2025,4,7,-0.8527800494222556
2025,4,8,-0.6560480824097081
2025,4,9,0.16238333002707303
2025,4,10,1.4857107176748172
2025,4,11,2.245059337137955
2025,4,12,2.3294450661445096
2025,4,13,1.7903535823597474
2025,4,14,1.075663525788922
2025,4,15,-0.017481382047574594
2025,4,16,-0.9009695792094053
2025,4,17,-0.8025645860988122
2025,4,18,0.20250914058492978
2025,4,19,0.8636349699085168
2025,4,20,0.6028756334637425
2025,4,21,-0.12185856843625341
2025,4,22,-0.5293575049531829
2025,4,23,-0.7802396337337133
2025,4,24,-0.70887826054394
2025,4,25,-0.6773590536300983
2025,4,26,-0.409851572772256
2025,4,27,-0.00742634634162033
2025,4,28,0.32727050329401536
2025,4,29,1.1217753138573698
2025,4,30,1.6313550687690466
2025,5,1,1.3491823952596915
2025,5,2,0.7589224146326287
2025,5,3,0.6290896037707764
2025,5,4,0.4887122029430728
2025,5,5,1.0619155006516356
2025,5,6,1.567097458263825
2025,5,7,1.4020666214092157
2025,5,8,1.353051158168011
2025,5,9,1.3584392925947661
2025,5,10,1.2181096571125518
2025,5,11,1.0093698485815472
2025,5,12,0.6287296208573345
2025,5,13,0.38573678403044126
2025,5,14,-0.03324339296278513
2025,5,15,-0.21651363349846228
2025,5,16,-0.3314111575711534
2025,5,17,-0.26614212877028354
2025,5,18,-0.4101797474478621
2025,5,19,-0.5306068863559203
2025,5,20,-0.47990392451515895
2025,5,21,-0.14239570900666276
2025,5,22,0.42152812161870346
2025,5,23,1.2647223355684962
2025,5,24,1.5628752657523464
2025,5,25,1.7420595535397632
2025,5,26,1.9816783516084135
2025,5,27,2.198214997834462
2025,5,28,2.215461364435286
2025,5,29,1.8894192518353112
2025,5,30,1.5758680726266185
2025,5,31,1.3792176780828704
2025,6,1,1.4003433820533213
2025,6,2,1.7249369359041538
2025,6,3,1.8034806896039306
2025,6,4,1.9311384710129347
2025,6,5,1.967031269509372
2025,6,6,2.1039205969863706
2025,6,7,1.8420427207440648
2025,6,8,1.5845281238621414
2025,6,9,1.4485390445251358
2025,6,10,1.1271446933087046
2025,6,11,0.3150188286915815
2025,6,12,-0.3825305321633657
2025,6,13,-0.3967224088437324
2025,6,14,0.05019736161959842
2025,6,15,0.49868830023443333
2025,6,16,0.8992049499392332
2025,6,17,1.2479123445259104
2025,6,18,1.1315862170415292
2025,6,19,0.5260503183256884
2025,6,20,0.18483982065651766
2025,6,21,0.38632140635283607
2025,6,22,1.0653922599162593
2025,6,23,1.5541577012124643
2025,6,24,1.529013471083859
2025,6,25,1.2614705498742516
2025,6,26,1.0314877686721866
2025,6,27,1.0485696056948475
2025,6,28,1.3161876524526688
2025,6,29,1.3778231209781755
2025,6,30,1.2384284472666742
2025,7,1,1.2052903280341773
2025,7,2,1.0612907134798122
2025,7,3,1.0064846488348977
2025,7,4,1.2433987913405202
2025,7,5,1.2444040706900608
2025,7,6,1.17271552955816
2025,7,7,1.2097985673596168
2025,7,8,1.2916153016376535
2025,7,9,1.3108716491172725
2025,7,10,1.1747487769924279
2025,7,11,0.8480558771236446
2025,7,12,0.5096109690033905
2025,7,13,0.1186565018026608
2025,7,14,0.24407085412725013
2025,7,15,0.32264383114918316
2025,7,16,0.04332734326973842
2025,7,17,-0.21843815666253774
2025,7,18,-0.320935993471831
2025,7,19,-0.5734970610455122
2025,7,20,-0.39429158805483694
2025,7,21,-0.11329255878143876
2025,7,22,-0.020567757053374314
2025,7,23,0.35454566009743155
2025,7,24,0.9416509492788684
2025,7,25,1.2355422802063492
2025,7,26,0.8362201695629208
2025,7,27,0.012474985377003015
2025,7,28,-0.20519745898839195
2025,7,29,-0.1345034035631372
2025,7,30,-0.13730358416151667
2025,7,31,-0.3273020989989553
2025,8,1,-0.24096974247735464
2025,8,2,0.14080953124579781
2025,8,3,0.2962559890558781
2025,8,4,0.22625836075194558
2025,8,5,0.3127030967655773
2025,8,6,0.40538462080096566
2025,8,7,0.6357740488663068
2025,8,8,0.5910017154085299
2025,8,9,0.21625440483184727
2025,8,10,-0.1956213009150497
2025,8,11,-0.4223135304826398
2025,8,12,-0.5412208571460075
2025,8,13,-0.4387681197433287
2025,8,14,-0.11192389599831352
2025,8,15,0.3572323757449984
2025,8,16,0.10795701117691202
2025,8,17,-0.48116751712642414
2025,8,18,-0.8333648362579197
2025,8,19,-0.9659052722429131
2025,8,20,-0.9481609494805509
2025,8,21,-0.7432304393461978
2025,8,22,-0.4660933189944557
2025,8,23,-0.23971576093707378
2025,8,24,0.26381447775010997
2025,8,25,0.6977756413394156
2025,8,26,0.9440088185874369
2025,8,27,0.811097254761274
2025,8,28,0.9458075244554064
2025,8,29,0.6688755884561185
2025,8,30,0.1857986040399856
2025,8,31,-0.09922825779162744
2025,9,1,0.1143463360999533
2025,9,2,0.4903607783365492
2025,9,3,0.4340896785316523
2025,9,4,0.10613171100887714
2025,9,5,-0.4048689180737014
2025,9,6,-0.9645912593720652
2025,9,7,-0.5736031651721376
2025,9,8,0.28833021099598455
2025,9,9,0.5086479867109396
2025,9,10,0.3359612844828606
2025,9,11,0.3108041166410269
2025,9,12,0.2860051116862143
2025,9,13,0.1239546954067952
2025,9,14,-0.3148733537283806
2025,9,15,-0.7848672355836549
2025,9,16,-1.2055487616672245
2025,9,17,-1.1718731425530262
2025,9,18,-0.9768080687969584
2025,9,19,-0.8259897779614485
2025,9,20,-0.05418102546743253
2025,9,21,0.8791926246108205
2025,9,22,1.1644339285661987
2025,9,23,1.015820732041385
2025,9,24,1.013399065418202
2025,9,25,1.1504785955406305
2025,9,26,1.2394080532889429
2025,9,27,0.37916480455338974
2025,9,28,-0.23721171643428454
2025,9,29,-0.38621581945165673
2025,9,30,-0.5507518662075527
2025,10,1,-0.27958281690657916
2025,10,2,0.09567694172967665
2025,10,3,0.6710330348904872
2025,10,4,1.183535375661268
2025,10,5,1.0421642670326576
2025,10,6,1.1504952435917961
2025,10,7,1.5078855649405243
2025,10,8,1.8414179722289843
2025,10,9,1.6505174660263946
2025,10,10,0.7477551049933956
2025,10,11,0.17251269782152553
2025,10,12,-0.2258578858562494
2025,10,13,-0.4445579958500229
2025,10,14,-0.6038014224481775
2025,10,15,-0.77864048929813
2025,10,16,-0.5996971727440275
2025,10,17,-0.34623045785588624
2025,10,18,-0.6507676855550629
2025,10,19,-1.021915019820097
2025,10,20,-1.0882089442866354
2025,10,21,-0.8038497139604335
2025,10,22,-0.7341619019833429
2025,10,23,-0.58026863050176
2025,10,24,-0.4040433082867793
2025,10,25,0.6122359572351452
2025,10,26,1.487026658834014
2025,10,27,1.0240502108854714
2025,10,28,0.025159405970425583
2025,10,29,-0.6578525757343747
2025,10,30,-1.1645697150722176
2025,10,31,-0.9097752381554535
2025,11,1,0.1974583791600471
2025,11,2,1.319150405324999
2025,11,3,1.5449691777990568
2025,11,4,0.8989245781503711
2025,11,5,-0.2550027301655357
2025,11,6,-0.6131460785160896
2025,11,7,-0.9177954649732133
2025,11,8,-1.4366991090206431
2025,11,9,-1.4662841996257947
2025,11,10,-0.8417067732229374
2025,11,11,-1.2906390689027665
2025,11,12,-1.919232745179078
2025,11,13,-1.6189051290891674
2025,11,14,-1.3101163296099783
2025,11,15,-1.1557709351631467
2025,11,16,-1.933301163674488
2025,11,17,-2.1526392507295764
2025,11,18,-1.421267256149742
2025,11,19,-0.7584220583487764
2025,11,20,-0.044195887444854705
2025,11,21,1.046817389042616
2025,11,22,1.343300713789208
2025,11,23,0.251276403372152
2025,11,24,-0.44389507236783354
2025,11,25,-0.34458106171087644
2025,11,26,-0.15362442923031797
2025,11,27,0.060169384539737324
2025,11,28,-0.009408901036884429
2025,11,29,-0.3018736283144499
2025,11,30,0.2178358512245784
2025,12,1,0.3723917261515682
2025,12,2,-0.10842711634173066
2025,12,3,-0.15293876163310263
2025,12,4,-0.567391344665241
2025,12,5,-1.2256330809193043
2025,12,6,-1.9839067794904084
2025,12,7,-2.239903390196014
2025,12,8,-1.565623731221319
2025,12,9,-0.4610609595569574
2025,12,10,0.8423139442585252
2025,12,11,1.2127885636805558
2025,12,12,0.9571099414802151
2025,12,13,1.5982989913480237
2025,12,14,2.0654062563777047
2025,12,15,1.900431874122248
2025,12,16,1.9444703223012323
2025,12,17,2.847307807773302
2025,12,18,2.4885270053213353
2025,12,19,2.3070265172404345
2025,12,20,1.257387494801268
2025,12,21,1.3282210763256301
2025,12,22,1.5799603913401523
2025,12,23,1.0357361149246382
2025,12,24,0.7064940961394596
2025,12,25,0.2905892718411619
2025,12,26,-0.8993840293951784
2025,12,27,-1.2413586570578659
2025,12,28,-1.9748482962515932
2025,12,29,-1.8610940023202625
2025,12,30,-1.3823610355941518
2025,12,31,-1.095475766709732
2026,1,1,-1.1495447760651354
2026,1,2,-2.184413694475519
2026,1,3,-2.89681330977837
2026,1,4,-2.7056810142414793
2026,1,5,-1.7570113895642614
2026,1,6,-0.24351081049602105
2026,1,7,0.30021842722993863
2026,1,8,-0.6552608747165038
2026,1,9,-1.8474508175650755
2026,1,10,-1.894173788968929
2026,1,11,-1.360056114120789
2026,1,12,-0.9144508292386887
2026,1,13,-0.6019377640673195
2026,1,14,0.029489129523630225
2026,1,15,-0.3358292997749648
2026,1,16,-1.685400654513551
2026,1,17,-1.20007081971237
2026,1,18,-0.7971889010896634
2026,1,19,-1.3449297079470746
2026,1,20,-1.9962912110984468
2026,1,21,-2.4253767453898716
2026,1,22,-2.163687977640062
2026,1,23,-2.367749811223711
2026,1,24,-2.4020436633968503
2026,1,25,-2.9002470203455464
2026,1,26,-3.9190587601333635
2026,1,27,-4.8783040795047565
2026,1,28,-4.703830325489606
2026,1,29,-4.1126438376181005
2026,1,30,-3.431584475311616
2026,1,31,-2.6952747126426857
2026,2,1,-2.5954694140734373
2026,2,2,-3.598557913780197
2026,2,3,-3.8054073060178766
2026,2,4,-3.2954236743366607
2026,2,5,-2.874074272497478
2026,2,6,-3.165246453212376
2026,2,7,-3.543606020197719
2026,2,8,-3.3404327248869996
2026,2,9,-2.728163485132474
2026,2,10,-2.287933856385906
2026,2,11,-1.3970959171849537
2026,2,12,-0.6738363403045632
2026,2,13,-0.491489715116083
2026,2,14,0.4321882142490798
2026,2,15,1.1144488640100245
2026,2,16,0.24801678390246473
2026,2,17,-0.16951319455405273
2026,2,18,0.06745429741909048
2026,2,19,-0.22436213855432283
2026,2,20,-0.44925053221278355
2026,2,21,-0.5655895184809502
2026,2,22,0.061845194569641604
2026,2,23,0.3920937589607117
2026,2,24,0.014577881283465856
2026,2,25,-0.20060201086835494
2026,2,26,-0.20300314585166962
2026,2,27,-0.3164524712402608
2026,2,28,-0.32108452896207107
2026,3,1,-0.5677239803254629
2026,3,2,-0.4268296995379494
2026,3,3,0.7023174295949788
2026,3,4,1.0404352075070984
2026,3,5,0.9873676737487682
2026,3,6,1.3779786138419807
2026,3,7,2.320225315787822
2026,3,8,2.7366291885215395
2026,3,9,3.1602635733208366
2026,3,10,3.31968419406626
2026,3,11,3.518564219200354
2026,3,12,3.595765717646239
2026,3,13,2.949221922242238
2026,3,14,2.089371433866916
2026,3,15,1.1966496819388337
2026,3,16,0.6477910073114594
2026,3,17,0.4455018165721093
2026,3,18,0.9159048133528086
2026,3,19,2.2120914493875112
2026,3,20,2.242883599772815
2026,3,21,2.003478785624981
2026,3,22,1.819668130275721
2026,3,23,2.258031945347898
2026,3,24,2.554384591942233
2026,3,25,2.414107951003256
2026,3,26,2.424970848309278
2026,3,27,2.4115269684401595
2026,3,28,2.9153146935119056
2026,3,29,3.347643759354292
2026,3,30,2.526969092491888
2026,3,31,1.9587057652786897
2026,4,1,1.956636377852027
2026,4,2,1.9679623413328902
2026,4,3,1.9240618345244314
2026,4,4,1.9674129739191297
2026,4,5,1.8259025404405906
2026,4,6,1.1262155466041375
2026,4,7,0.9607768125838335
2026,4,8,1.6771287355978084
2026,4,9,2.1009554657993896
2026,4,10,1.576464393858575
2026,4,11,0.4316112784675338
2026,4,12,-0.2846272158162636
2026,4,13,-0.9621125707797107
2026,4,14,-1.2416527742427272
2026,4,15,-0.7372466123937198
2026,4,16,-0.18094785158239485
2026,4,17,0.018641562340884783
2026,4,18,-0.31279042028107773
2026,4,19,-0.31966734640058303
2026,4,20,-0.35468074651190323
2026,4,21,-0.7657625827103458
2026,4,22,-1.021674427430341
2026,4,23,-1.0088197538157937
2026,4,24,-1.1637733177612395
2026,4,25,-0.9108878169366612
2026,4,26,-0.7593097732169799
2026,4,27,-0.03834048962393826
2026,4,28,0.2872826699805281
2026,4,29,-0.08451226602606397
2026,4,30,-0.3256026750041605
2026,5,1,-0.027305765906705224
2026,5,2,0.5741756092021603
2026,5,3,0.5032143320243573
2026,5,4,-0.21111931581612636
2026,5,5,-0.30608718762491927
2026,5,6,0.0012725882433522484
2026,5,7,-0.2640162523004475
2026,5,8,-0.7809495645769472
2026,5,9,-0.5274104313412776
2026,5,10,0.4691352983099521
2026,5,11,1.0109028931556978
2026,5,12,0.9484830440240367
2026,5,13,1.1736167917274853
2026,5,14,1.467312211172312
2026,5,15,1.492872864229304
2026,5,16,1.1951275037467977
2026,5,17,0.7623190232799009
2026,5,18,0.3759668176061893
2026,5,19,-0.011432366477318465
2026,5,20,-0.08488725925658883
2026,5,21,0.42155235563582727
2026,5,22,1.201606200677566
2026,5,23,1.6497328269063587
2026,5,24,1.7530733075618423
2026,5,25,1.508579774366133
2026,5,26,1.1814564240469159
2026,5,27,0.23627453917069505
2026,5,28,-0.028772812755321685
2026,5,29,0.1254724802672085
2026,5,30,0.17432542767809217
2026,5,31,0.30161347274425604
2026,6,1,0.5334745093767895
2026,6,2,0.97564509254525
2026,6,3,1.6220685593328399
2026,6,4,1.9337716196705554
2026,6,5,1.6440209050777668
2026,6,6,1.2230831246997655
2026,6,7,0.7366658802827405
2026,6,8,0.6987122186819416
2026,6,9,0.7280413727880696
2026,6,10,0.7779634026574074
2026,6,11,0.7239301115185309
2026,6,12,0.1370538439443241
2026,6,13,-0.5368637051601227
2026,6,14,-0.6422746335772769
2026,6,15,-0.054254654596988076
2026,6,16,0.3839314025897437
2026,6,17,0.4678435088808099
2026,6,18,0.19050482357237017
2026,6,19,0.07253136246394214
2026,6,20,0.15338847009251033
2026,6,21,0.0679881111368452
2026,6,22,0.16527767775380742
2026,6,23,0.44393043734543153
2026,6,24,0.3995476906771129
2026,6,25,0.5412192954292665
2026,6,26,0.8921354542470193
2026,6,27,1.038081293346288
2026,6,28,1.2699283197430828
2026,6,29,1.2835811992767305
2026,6,30,1.2249416969070595
2026,7,1,1.4866764743632155
2026,7,2,1.5350317186122855
2026,7,3,1.1596370849344084
2026,7,4,0.7684572094017799
2026,7,5,0.818677596010259
2026,7,6,1.0480359478263905
2026,7,7,1.0035872621226818
2026,7,8,0.8898873292121705
2026,7,9,0.63555059543137
2026,7,10,-0.02512328773774429
2026,7,11,-0.4456638179607905
2026,7,12,-0.4501425454442757
2026,7,13,-0.29854038762592167
2026,7,14,0.027274784786552403
2026,7,15,-0.05591995117048436
2026,7,16,-0.5335492597372534
2026,7,17,-0.7713180926936889
2026,7,18,-0.8228050168402807
2026,7,19,-0.8796730481015531
2026,7,20,-0.8531069002042914
2026,7,21,-0.5489339612381199
2026,7,22,0.11744910912615132
2026,7,23,0.9744744029571993
2026,7,24,1.6716698464975641
2026,7,25,1.6108351874297526
2026,7,26,1.1960768485235898
2026,7,27,0.5681853461866166
2026,7,28,-0.0026422240903654776
2026,7,29,-0.17836861339848104
2026,7,30,-0.22125885968118136
2026,7,31,-0.3547319359161818
2026,8,1,-0.3711626318230905
2026,8,2,-0.21405610009243786
2026,8,3,-0.0250260241995326
2026,8,4,0.25154639256546096
2026,8,5,0.23166919350451298
2026,8,6,0.03220522086973669
2026,8,7,0.18481704387848685
2026,8,8,0.349632825606303
2026,8,9,0.31588194485829113
2026,8,10,-0.06488992470551516
2026,8,11,-0.5185197707608453
2026,8,12,-0.9842165607214203
2026,8,13,-1.110406237395674
2026,8,14,-0.6578180762177771
2026,8,15,-0.45213735742519656
2026,8,16,-0.2650482271945174
2026,8,17,0.20960834181083432
2026,8,18,0.4038416418557613
2026,8,19,0.12738321824021412
2026,8,20,0.1318857412411102
2026,8,21,0.3321504252919902
2026,8,22,0.37332048367623855
2026,8,23,0.2620678313530569
2026,8,24,-0.2256562502129913
2026,8,25,-0.506567561451678
2026,8,26,-0.5911463383897541
2026,8,27,-0.3744609964255794
2026,8,28,-0.007729801879273469
2026,8,29,0.35616619317865544
2026,8,30,0.5991354544777948
2026,8,31,0.5303683510124272
2026,9,1,0.2936445249065881
2026,9,2,0.18672389396619388
2026,9,3,0.1598324542836247
2026,9,4,0.4297790684678866
2026,9,5,0.6761735312413002
2026,9,6,0.9336091531439548
2026,9,7,1.4802455524299494
2026,9,8,1.9715103693994571
2026,9,9,2.3101443816623592
2026,9,10,2.0914170361354025
2026,9,11,1.8138691222377563
2026,9,12,1.746720062959589
2026,9,13,1.6686887063106712
2026,9,14,1.1981181039320619
2026,9,15,1.3952571043131292
2026,9,16,2.6352645427302734
2026,9,17,2.9289378093758844
2026,9,18,2.6088079864145093
2026,9,19,1.9675440935106119
2026,9,20,1.5509460100147774
2026,9,21,1.4078778555890579
2026,9,22,1.0399102551247268
2026,9,23,0.6316731099841718
2026,9,24,0.429211309106786
2026,9,25,0.35212039919448884
2026,9,26,0.18080248480335498
2026,9,27,0.031337796307106994
2026,9,28,0.007513285606333254
2026,9,29,-0.44051962722334426
2026,9,30,-0.2552894185942161
2026,10,1,0.1691683306636551
2026,10,2,0.5139214332323254
