{"type":"FeatureCollection","features":[{"type":"Feature","properties":{"zone":"AE","n_utilities":2,"utilities":["ATLANTIC CITY ELECTRIC CO"]},"geometry":{"type":"MultiPolygon","coordinates":[[[[-74.114,39.75],[-74.106,39.764],[-74.095,39.759],[-74.148,39.684],[-74.116,39.748],[-74.142,39.753],[-74.114,39.75]]],[[[-74.235,39.562],[-74.28,39.513],[-74.298,39.502],[-74.261,39.538],[-74.202,39.615],[-74.186,39.637],[-74.181,39.662],[-74.148,39.684],[-74.235,39.562]]],[[[-74.113,39.76],[-74.111,39.76],[-74.112,39.759],[-74.113,39.758],[-74.114,39.757],[-74.113,39.76]]],[[[-74.126,39.743],[-74.123,39.746],[-74.122,39.745],[-74.126,39.743]]],[[[-74.123,39.769],[-74.122,39.769],[-74.123,39.768],[-74.123,39.769]]],[[[-74.126,39.743],[-74.125,39.741],[-74.131,39.744],[-74.128,39.745],[-74.126,39.743]]],[[[-74.134,39.771],[-74.134,39.77],[-74.132,39.767],[-74.134,39.767],[-74.135,39.768],[-74.136,39.772],[-74.133,39.772],[-74.133,39.771],[-74.134,39.771]]],[[[-74.137,39.762],[-74.133,39.763],[-74.14,39.76],[-74.137,39.762]]],[[[-74.137,39.766],[-74.133,39.765],[-74.134,39.764],[-74.137,39.766]]],[[[-74.143,39.766],[-74.142,39.766],[-74.137,39.767],[-74.137,39.766],[-74.138,39.764],[-74.139,39.763],[-74.143,39.766]]],[[[-74.142,39.762],[-74.139,39.763],[-74.138,39.763],[-74.142,39.76],[-74.142,39.762]]],[[[-74.155,39.708],[-74.146,39.712],[-74.147,39.707],[-74.155,39.708]]],[[[-74.156,39.728],[-74.152,39.728],[-74.152,39.727],[-74.156,39.728]]],[[[-74.159,39.711],[-74.17,39.708],[-74.177,39.696],[-74.185,39.698],[-74.191,39.684],[-74.201,39.684],[-74.19,39.676],[-74.214,39.674],[-74.218,39.645],[-74.252,39.643],[-74.262,39.605],[-74.281,39.616],[-74.338,39.578],[-74.341,39.564],[-74.298,39.539],[-74.305,39.509],[-74.333,39.51],[-74.328,39.522],[-74.326,39.526],[-74.331,39.536],[-74.325,39.539],[-74.335,39.547],[-74.411,39.534],[-74.409,39.502],[-74.372,39.472],[-74.311,39.485],[-74.328,39.439],[-74.418,39.356],[-74.534,39.302],[-74.51,39.342],[-74.558,39.307],[-74.557,39.315],[-74.547,39.32],[-74.539,39.327],[-74.539,39.329],[-74.575,39.329],[-74.569,39.303],[-74.578,39.314],[-74.661,39.309],[-74.615,39.283],[-74.628,39.251],[-74.551,39.293],[-74.648,39.209],[-74.787,38.998],[-74.866,38.939],[-74.972,38.94],[-74.89,39.11],[-74.902,39.173],[-75.029,39.195],[-75.04,39.222],[-75.114,39.21],[-75.139,39.18],[-75.173,39.239],[-75.251,39.3],[-75.288,39.289],[-75.325,39.34],[-75.366,39.345],[-75.409,39.388],[-75.444,39.355],[-75.56,39.455],[-75.512,39.568],[-75.56,39.63],[-75.451,39.775],[-75.332,39.849],[-75.226,39.859],[-75.19,39.773],[-75.12,39.792],[-75.081,39.772],[-75.037,39.79],[-75.04,39.82],[-74.939,39.844],[-74.676,39.878],[-74.464,39.874],[-74.276,39.808],[-74.275,39.737],[-74.22,39.705],[-74.187,39.745],[-74.159,39.711]]],[[[-74.163,39.708],[-74.159,39.706],[-74.169,39.704],[-74.163,39.708]]],[[[-74.165,39.698],[-74.163,39.696],[-74.163,39.695],[-74.165,39.698]]],[[[-74.167,39.686],[-74.166,39.687],[-74.166,39.685],[-74.167,39.686]]],[[[-74.17,39.697],[-74.169,39.698],[-74.167,39.696],[-74.17,39.697]]],[[[-74.189,39.656],[-74.183,39.659],[-74.185,39.656],[-74.189,39.656]]],[[[-74.191,39.651],[-74.194,39.651],[-74.202,39.649],[-74.196,39.659],[-74.191,39.651]]],[[[-74.195,39.645],[-74.199,39.646],[-74.194,39.651],[-74.195,39.645]]],[[[-74.192,39.635],[-74.199,39.632],[-74.198,39.638],[-74.192,39.635]]],[[[-74.202,39.649],[-74.197,39.65],[-74.202,39.646],[-74.202,39.649]]],[[[-74.208,39.624],[-74.204,39.625],[-74.206,39.622],[-74.208,39.624]]],[[[-74.21,39.633],[-74.212,39.632],[-74.215,39.634],[-74.208,39.637],[-74.21,39.633]]],[[[-74.209,39.664],[-74.213,39.666],[-74.213,39.667],[-74.209,39.664]]],[[[-74.215,39.645],[-74.216,39.647],[-74.213,39.649],[-74.215,39.645]]],[[[-74.226,39.6],[-74.228,39.601],[-74.227,39.604],[-74.226,39.6]]],[[[-74.244,39.571],[-74.246,39.568],[-74.248,39.568],[-74.244,39.571]]],[[[-74.249,39.556],[-74.254,39.554],[-74.255,39.556],[-74.249,39.566],[-74.249,39.556]]],[[[-74.25,39.569],[-74.25,39.571],[-74.249,39.571],[-74.25,39.569]]],[[[-74.255,39.585],[-74.253,39.585],[-74.258,39.582],[-74.255,39.585]]],[[[-74.278,39.555],[-74.276,39.563],[-74.273,39.562],[-74.278,39.555]]],[[[-74.273,39.549],[-74.273,39.548],[-74.276,39.548],[-74.273,39.549]]],[[[-74.277,39.553],[-74.273,39.553],[-74.274,39.551],[-74.277,39.553]]],[[[-74.274,39.541],[-74.279,39.538],[-74.274,39.544],[-74.274,39.541]]],[[[-74.278,39.565],[-74.275,39.566],[-74.275,39.564],[-74.278,39.565]]],[[[-74.276,39.569],[-74.277,39.568],[-74.278,39.569],[-74.276,39.569]]],[[[-74.282,39.551],[-74.282,39.555],[-74.278,39.553],[-74.282,39.551]]],[[[-74.282,39.566],[-74.282,39.57],[-74.281,39.571],[-74.282,39.566]]],[[[-74.288,39.555],[-74.285,39.564],[-74.282,39.562],[-74.288,39.555]]],[[[-74.293,39.561],[-74.29,39.566],[-74.286,39.563],[-74.293,39.561]]],[[[-74.29,39.553],[-74.29,39.55],[-74.3,39.564],[-74.29,39.553]]],[[[-74.293,39.548],[-74.294,39.545],[-74.297,39.546],[-74.298,39.55],[-74.302,39.554],[-74.293,39.548]]],[[[-74.312,39.548],[-74.309,39.563],[-74.303,39.554],[-74.312,39.548]]],[[[-74.302,39.567],[-74.301,39.565],[-74.302,39.565],[-74.302,39.567]]],[[[-74.303,39.563],[-74.304,39.558],[-74.306,39.561],[-74.303,39.563]]],[[[-74.328,39.526],[-74.328,39.522],[-74.333,39.521],[-74.328,39.526]]],[[[-74.336,39.519],[-74.339,39.514],[-74.343,39.518],[-74.345,39.522],[-74.35,39.525],[-74.336,39.519]]],[[[-74.343,39.518],[-74.341,39.513],[-74.349,39.518],[-74.351,39.52],[-74.343,39.518]]],[[[-74.345,39.513],[-74.351,39.518],[-74.349,39.518],[-74.345,39.513]]],[[[-74.372,39.475],[-74.369,39.476],[-74.368,39.474],[-74.372,39.475]]],[[[-74.588,39.294],[-74.596,39.304],[-74.575,39.297],[-74.588,39.294]]],[[[-74.583,39.285],[-74.584,39.285],[-74.588,39.288],[-74.579,39.289],[-74.583,39.285]]],[[[-74.586,39.307],[-74.583,39.305],[-74.593,39.307],[-74.586,39.307]]],[[[-74.593,39.283],[-74.584,39.285],[-74.587,39.28],[-74.593,39.283]]],[[[-74.609,39.28],[-74.599,39.281],[-74.605,39.272],[-74.609,39.28]]],[[[-74.611,39.268],[-74.61,39.264],[-74.613,39.264],[-74.611,39.268]]],[[[-74.621,39.301],[-74.624,39.299],[-74.622,39.302],[-74.612,39.301],[-74.621,39.301]]]]}},{"type":"Feature","properties":{"zone":"AEP","n_utilities":96,"utilities":["APPALACHIAN POWER CO","OHIO POWER CO","INDIANA MICHIGAN POWER CO","KENTUCKY POWER CO","WHEELING POWER CO","KINGSPORT POWER CO"]},"geometry":{"type":"MultiPolygon","coordinates":[[[[-86.095,41.173],[-86.467,41.171],[-86.486,41.253],[-86.466,41.252],[-86.466,41.306],[-86.52,41.334],[-86.466,41.337],[-86.465,41.423],[-86.503,41.423],[-86.5,41.493],[-86.464,41.548],[-86.354,41.543],[-86.33,41.577],[-86.38,41.604],[-86.551,41.605],[-86.581,41.652],[-86.82,41.683],[-86.767,41.76],[-85.803,41.759],[-85.896,41.729],[-85.868,41.663],[-85.932,41.574],[-86.072,41.609],[-86.137,41.505],[-86.217,41.565],[-86.208,41.479],[-86.093,41.479],[-86.094,41.41],[-86.059,41.409],[-86.059,41.435],[-85.956,41.436],[-85.954,41.403],[-85.874,41.404],[-85.875,41.436],[-85.702,41.437],[-85.708,41.312],[-85.691,41.313],[-85.693,41.269],[-85.651,41.266],[-85.638,41.307],[-85.548,41.302],[-85.585,41.472],[-85.51,41.524],[-85.72,41.522],[-85.703,41.759],[-84.806,41.76],[-84.806,41.696],[-84.542,41.703],[-84.482,41.643],[-84.508,41.638],[-84.506,41.61],[-84.564,41.605],[-84.559,41.553],[-84.444,41.543],[-84.446,41.521],[-84.569,41.512],[-84.57,41.452],[-84.533,41.444],[-84.444,41.498],[-84.344,41.489],[-84.336,41.456],[-84.309,41.451],[-84.315,41.389],[-84.345,41.365],[-84.422,41.368],[-84.449,41.346],[-84.414,41.309],[-84.44,41.308],[-84.447,41.283],[-84.261,41.216],[-84.249,41.1],[-84.268,41.011],[-84.092,41.047],[-84.018,41.107],[-84.076,41.118],[-84.071,41.143],[-84.105,41.157],[-84.125,41.207],[-84.096,41.248],[-84.107,41.285],[-84.173,41.265],[-84.151,41.328],[-84.211,41.313],[-84.218,41.348],[-84.146,41.345],[-84.156,41.374],[-84.123,41.377],[-84.121,41.307],[-84.088,41.301],[-84.106,41.368],[-84.089,41.412],[-84.126,41.437],[-84.128,41.481],[-83.977,41.487],[-83.979,41.523],[-83.95,41.54],[-83.952,41.597],[-83.986,41.609],[-84.008,41.654],[-83.97,41.657],[-83.918,41.622],[-83.925,41.559],[-83.883,41.542],[-83.882,41.471],[-83.862,41.472],[-83.854,41.432],[-83.884,41.42],[-83.876,41.367],[-83.78,41.343],[-83.814,41.291],[-83.762,41.329],[-83.661,41.322],[-83.689,41.394],[-83.651,41.426],[-83.662,41.401],[-83.641,41.386],[-83.561,41.39],[-83.561,41.349],[-83.516,41.352],[-83.507,41.334],[-83.401,41.38],[-83.36,41.312],[-83.317,41.304],[-83.317,41.27],[-83.417,41.277],[-83.429,41.269],[-83.42,41.254],[-83.295,41.254],[-83.146,41.388],[-82.926,41.43],[-83.078,41.306],[-83.103,41.24],[-83.067,41.234],[-83.073,41.191],[-83.002,41.261],[-82.988,41.235],[-82.942,41.243],[-82.921,41.271],[-82.847,41.258],[-82.807,41.218],[-82.814,41.162],[-82.921,41.128],[-82.843,41.119],[-82.832,41.056],[-82.834,41.11],[-82.798,41.12],[-82.798,41.14],[-82.709,41.104],[-82.724,41.212],[-82.661,41.217],[-82.672,41.195],[-82.644,41.183],[-82.615,41.204],[-82.629,41.106],[-82.599,41.095],[-82.567,41.157],[-82.493,41.153],[-82.44,41.186],[-82.453,41.144],[-82.396,41.135],[-82.408,41.235],[-82.382,41.24],[-82.347,41.125],[-82.361,41.313],[-82.314,41.337],[-82.299,41.261],[-82.294,41.313],[-82.275,41.283],[-82.249,41.297],[-82.266,41.337],[-82.185,41.284],[-82.116,41.321],[-82.037,41.325],[-82.033,41.284],[-82.084,41.3],[-82.092,41.267],[-82.048,41.203],[-81.993,41.233],[-81.995,41.311],[-81.958,41.307],[-81.963,41.217],[-81.992,41.205],[-81.971,41.134],[-81.994,41.133],[-81.962,41.081],[-82.018,41.071],[-82.019,41.052],[-81.95,41.036],[-81.95,40.99],[-81.897,40.989],[-81.919,40.984],[-81.922,40.939],[-81.874,40.949],[-81.865,40.92],[-81.8,40.904],[-81.803,40.844],[-81.75,40.866],[-81.755,40.83],[-81.792,40.822],[-81.785,40.834],[-81.79,40.837],[-81.803,40.837],[-81.812,40.803],[-81.756,40.79],[-81.758,40.728],[-81.699,40.717],[-81.691,40.695],[-81.721,40.689],[-81.557,40.633],[-81.594,40.619],[-81.577,40.588],[-81.577,40.608],[-81.54,40.607],[-81.548,40.632],[-81.519,40.606],[-81.529,40.645],[-81.497,40.665],[-81.49,40.76],[-81.507,40.78],[-81.489,40.841],[-81.41,40.862],[-81.36,40.837],[-81.178,40.838],[-81.191,40.757],[-81.15,40.751],[-81.128,40.719],[-81.088,40.755],[-81.07,40.674],[-81.021,40.687],[-80.998,40.668],[-80.941,40.728],[-80.896,40.709],[-80.884,40.673],[-80.86,40.7],[-80.735,40.71],[-80.659,40.664],[-80.617,40.685],[-80.608,40.654],[-80.519,40.678],[-80.519,40.638],[-80.628,40.62],[-80.668,40.582],[-80.594,40.476],[-80.614,40.406],[-80.632,40.394],[-80.634,40.39],[-80.632,40.387],[-80.518,40.4],[-80.519,39.721],[-80.407,39.718],[-80.39,39.645],[-80.433,39.639],[-80.45,39.596],[-80.493,39.575],[-80.475,39.482],[-80.527,39.431],[-80.579,39.435],[-80.716,39.476],[-80.783,39.548],[-80.823,39.554],[-80.846,39.601],[-80.886,39.58],[-80.944,39.607],[-81.218,39.387],[-81.377,39.342],[-81.42,39.4],[-81.471,39.401],[-81.555,39.342],[-81.57,39.268],[-81.693,39.262],[-81.691,39.226],[-81.756,39.18],[-81.747,39.095],[-81.814,39.079],[-81.765,39.017],[-81.776,38.989],[-81.624,38.986],[-81.627,38.834],[-81.607,38.81],[-81.488,38.768],[-81.481,38.725],[-81.356,38.691],[-81.341,38.66],[-81.254,38.614],[-81.223,38.627],[-81.174,38.609],[-81.129,38.566],[-81.115,38.499],[-81.065,38.498],[-80.991,38.434],[-80.953,38.349],[-80.955,38.272],[-81.064,38.237],[-80.993,38.236],[-80.944,38.194],[-80.864,38.241],[-80.769,38.239],[-80.684,38.188],[-80.533,38.177],[-80.503,38.051],[-80.507,37.941],[-80.532,37.905],[-80.488,37.875],[-80.537,37.835],[-80.555,37.776],[-80.594,37.756],[-80.81,37.754],[-80.856,37.72],[-80.84,37.64],[-80.953,37.64],[-80.967,37.62],[-80.899,37.623],[-80.837,37.55],[-80.761,37.54],[-80.707,37.603],[-80.627,37.591],[-80.561,37.549],[-80.57,37.465],[-80.473,37.338],[-80.179,37.467],[-80.144,37.597],[-80.105,37.623],[-79.967,37.519],[-79.927,37.534],[-79.862,37.612],[-79.799,37.616],[-79.754,37.596],[-79.683,37.48],[-79.582,37.46],[-79.559,37.496],[-79.44,37.564],[-79.445,37.618],[-79.388,37.595],[-79.31,37.726],[-79.218,37.708],[-79.204,37.779],[-79.112,37.807],[-79.002,37.719],[-78.875,37.876],[-78.879,37.95],[-78.832,37.977],[-78.669,37.977],[-78.638,37.997],[-78.565,37.896],[-78.466,37.879],[-78.513,37.782],[-78.713,37.725],[-78.89,37.577],[-78.878,37.56],[-78.916,37.558],[-78.919,37.539],[-78.865,37.508],[-78.935,37.467],[-78.935,37.436],[-78.909,37.426],[-78.937,37.348],[-78.913,37.313],[-78.935,37.245],[-78.97,37.221],[-79.109,37.199],[-79.299,37.233],[-79.33,37.298],[-79.374,37.292],[-79.42,37.199],[-79.481,37.184],[-79.468,37.125],[-79.359,37.118],[-79.36,37.091],[-79.481,37.096],[-79.524,36.995],[-79.443,36.928],[-79.456,36.827],[-79.48,36.791],[-79.558,36.757],[-79.538,36.707],[-79.461,36.665],[-79.434,36.693],[-79.368,36.689],[-79.377,36.649],[-79.37,36.639],[-79.369,36.622],[-79.362,36.608],[-79.36,36.604],[-79.294,36.568],[-79.374,36.578],[-79.371,36.559],[-79.458,36.543],[-79.584,36.607],[-79.637,36.542],[-81.677,36.588],[-81.664,36.599],[-81.68,36.587],[-81.708,36.537],[-81.695,36.468],[-81.742,36.413],[-81.723,36.339],[-81.794,36.362],[-81.918,36.287],[-81.893,36.283],[-81.876,36.207],[-81.839,36.187],[-81.802,36.201],[-81.844,36.125],[-81.813,36.034],[-81.865,36.013],[-81.879,35.938],[-81.911,35.938],[-81.914,35.964],[-81.993,35.947],[-81.961,35.986],[-82.001,36.001],[-82.001,36.069],[-82.015,36.056],[-82.072,36.082],[-82.06,36.11],[-82.087,36.132],[-82.237,36.164],[-82.259,36.146],[-82.35,36.185],[-82.369,36.142],[-82.49,36.083],[-82.485,36.064],[-82.523,36.048],[-82.516,36.07],[-82.579,36.078],[-82.604,36.04],[-82.636,36.066],[-82.776,36.0],[-82.775,35.973],[-82.823,35.922],[-82.852,35.951],[-82.9,35.945],[-83.098,36.119],[-83.12,36.111],[-83.115,36.121],[-83.132,36.124],[-83.152,36.145],[-83.164,36.15],[-83.172,36.121],[-83.22,36.151],[-83.225,36.122],[-83.248,36.121],[-83.228,36.081],[-83.257,36.096],[-83.242,36.049],[-83.265,36.007],[-83.31,36.046],[-83.344,36.038],[-83.345,35.985],[-83.399,36.018],[-83.417,35.981],[-83.472,35.969],[-83.482,35.945],[-83.54,35.965],[-83.568,35.933],[-83.573,35.981],[-83.625,36.004],[-83.623,36.056],[-83.676,36.123],[-83.633,36.1],[-83.638,36.145],[-83.614,36.16],[-83.638,36.201],[-83.593,36.296],[-83.509,36.346],[-83.556,36.378],[-83.657,36.332],[-83.701,36.363],[-83.833,36.314],[-83.873,36.277],[-83.904,36.293],[-83.976,36.288],[-83.974,36.272],[-83.987,36.283],[-83.952,36.402],[-83.855,36.385],[-83.833,36.419],[-83.78,36.413],[-83.79,36.437],[-83.753,36.477],[-83.723,36.47],[-83.701,36.497],[-83.68,36.481],[-83.675,36.52],[-83.648,36.501],[-83.655,36.544],[-83.704,36.546],[-83.645,36.625],[-83.135,36.743],[-83.133,36.784],[-83.075,36.853],[-83.007,36.846],[-82.878,36.891],[-82.769,36.799],[-82.748,36.833],[-82.691,36.82],[-82.634,36.879],[-82.407,36.876],[-82.298,36.905],[-82.328,36.971],[-82.363,36.956],[-82.438,37.005],[-82.749,36.989],[-82.798,37.01],[-82.87,36.973],[-82.994,36.989],[-83.031,36.944],[-83.122,36.947],[-83.123,36.921],[-83.221,36.883],[-83.278,36.9],[-83.311,36.877],[-83.325,36.9],[-83.473,36.843],[-83.53,36.968],[-83.526,37.01],[-83.599,37.015],[-83.511,37.069],[-83.467,37.064],[-83.458,37.092],[-83.48,37.132],[-83.527,37.142],[-83.547,37.198],[-83.515,37.211],[-83.529,37.231],[-83.51,37.248],[-83.558,37.274],[-83.534,37.418],[-83.58,37.497],[-83.521,37.624],[-83.625,37.625],[-83.632,37.702],[-83.694,37.696],[-83.725,37.643],[-83.769,37.652],[-83.778,37.695],[-83.708,37.716],[-83.621,37.835],[-83.585,37.83],[-83.559,37.908],[-83.491,37.896],[-83.419,37.978],[-83.451,38.041],[-83.426,38.087],[-83.45,38.138],[-83.43,38.156],[-83.41,38.127],[-83.416,38.19],[-83.365,38.217],[-83.397,38.24],[-83.394,38.292],[-83.453,38.382],[-83.412,38.396],[-83.364,38.328],[-83.333,38.322],[-83.278,38.388],[-83.283,38.417],[-83.201,38.45],[-83.188,38.496],[-83.139,38.539],[-83.173,38.574],[-83.156,38.619],[-83.246,38.628],[-83.33,38.575],[-83.346,38.601],[-83.668,38.626],[-83.771,38.657],[-83.801,38.716],[-83.763,38.717],[-83.794,38.764],[-83.758,38.768],[-83.753,38.806],[-83.779,38.799],[-83.776,38.832],[-83.746,38.834],[-83.784,38.862],[-83.742,38.865],[-83.814,39.02],[-83.843,39.025],[-83.847,39.098],[-83.7,39.13],[-83.78,39.143],[-83.834,39.246],[-84.007,39.255],[-83.977,39.569],[-83.576,39.545],[-83.604,39.371],[-83.45,39.47],[-83.383,39.336],[-83.364,39.377],[-82.936,39.633],[-82.624,39.386],[-82.413,39.45],[-82.541,39.518],[-82.643,39.605],[-82.664,39.7],[-82.635,39.854],[-82.598,39.877],[-82.708,39.918],[-82.71,39.892],[-82.756,39.882],[-82.768,39.854],[-82.808,39.868],[-82.777,39.846],[-82.822,39.821],[-82.809,39.797],[-82.83,39.801],[-82.83,39.84],[-82.938,39.799],[-82.94,39.771],[-82.947,39.795],[-83.281,39.682],[-83.3,39.767],[-83.346,39.805],[-83.327,39.827],[-83.346,39.848],[-83.285,39.837],[-83.247,39.92],[-83.341,39.927],[-83.305,39.956],[-83.262,39.955],[-83.264,39.986],[-83.347,40.003],[-83.351,40.031],[-83.317,40.037],[-83.294,40.082],[-83.279,40.009],[-83.185,40.016],[-83.269,40.085],[-83.253,40.11],[-83.271,40.131],[-83.317,40.122],[-83.393,40.155],[-83.411,40.194],[-83.458,40.181],[-83.494,40.218],[-83.558,40.234],[-83.578,40.319],[-83.53,40.288],[-83.552,40.354],[-83.597,40.33],[-83.692,40.334],[-83.715,40.274],[-83.663,40.272],[-83.688,40.258],[-83.679,40.24],[-83.885,40.274],[-83.908,40.303],[-83.886,40.361],[-83.941,40.345],[-83.931,40.312],[-83.988,40.313],[-84.004,40.445],[-83.974,40.45],[-83.971,40.472],[-83.995,40.482],[-83.994,40.506],[-83.932,40.51],[-83.936,40.483],[-83.891,40.459],[-83.895,40.396],[-83.855,40.395],[-83.883,40.437],[-83.827,40.487],[-83.828,40.534],[-83.876,40.538],[-83.836,40.56],[-83.85,40.6],[-83.892,40.609],[-83.922,40.521],[-83.956,40.594],[-84.009,40.574],[-84.036,40.59],[-84.033,40.56],[-84.08,40.563],[-84.082,40.581],[-84.169,40.524],[-84.319,40.538],[-84.366,40.685],[-84.415,40.654],[-84.523,40.728],[-84.775,40.741],[-84.802,40.765],[-84.804,40.403],[-84.804,40.353],[-84.435,40.357],[-84.431,40.241],[-84.507,40.239],[-84.573,40.143],[-84.62,40.232],[-84.669,40.237],[-84.654,40.101],[-84.677,39.948],[-84.644,39.942],[-84.605,39.98],[-84.633,40.012],[-84.628,40.046],[-84.619,40.078],[-84.576,40.085],[-84.553,40.039],[-84.596,40.042],[-84.596,40.021],[-84.563,40.019],[-84.545,39.983],[-84.57,39.951],[-84.556,39.894],[-84.502,39.904],[-84.494,39.789],[-84.568,39.776],[-84.574,39.8],[-84.673,39.819],[-84.659,39.76],[-84.732,39.798],[-84.777,39.876],[-84.813,39.874],[-84.82,39.278],[-84.917,39.275],[-85.05,39.364],[-85.195,39.368],[-85.183,39.788],[-85.597,39.787],[-85.576,39.946],[-85.642,39.946],[-85.644,39.998],[-85.678,40.022],[-85.702,39.991],[-85.734,39.999],[-85.755,39.976],[-85.737,39.974],[-85.787,39.965],[-85.766,39.984],[-85.787,39.975],[-85.805,40.011],[-85.787,40.019],[-85.787,39.989],[-85.744,40.006],[-85.755,40.018],[-85.718,40.061],[-85.749,40.076],[-85.749,40.121],[-85.704,40.111],[-85.711,40.135],[-85.672,40.179],[-85.69,40.194],[-85.669,40.198],[-85.811,40.245],[-85.868,40.237],[-85.861,40.465],[-85.768,40.461],[-85.767,40.671],[-85.522,40.677],[-85.525,40.808],[-85.333,40.808],[-85.33,40.946],[-85.417,40.948],[-85.415,40.97],[-85.622,40.971],[-85.62,41.003],[-85.658,41.002],[-85.66,40.97],[-85.678,40.971],[-85.684,41.048],[-85.783,41.044],[-85.802,41.012],[-85.872,41.022],[-85.872,41.043],[-86.019,41.042],[-86.018,41.086],[-86.076,41.085],[-86.077,41.143],[-86.021,41.142],[-86.021,41.173],[-86.092,41.173],[-86.09,41.231],[-86.095,41.173]],[[-82.255,36.199],[-82.257,36.201],[-82.253,36.185],[-82.255,36.199]],[[-80.616,40.291],[-80.617,40.285],[-80.618,40.269],[-80.602,40.323],[-80.616,40.291]],[[-80.607,40.335],[-80.612,40.346],[-80.611,40.341],[-80.607,40.335]],[[-80.619,40.267],[-80.637,40.254],[-80.623,40.262],[-80.619,40.267]],[[-80.658,40.237],[-80.661,40.23],[-80.638,40.255],[-80.658,40.237]],[[-80.667,40.203],[-80.664,40.213],[-80.664,40.218],[-80.667,40.203]],[[-80.731,40.655],[-80.731,40.672],[-80.746,40.672],[-80.731,40.655]],[[-80.839,40.679],[-80.839,40.661],[-80.818,40.66],[-80.839,40.679]],[[-80.866,39.681],[-80.865,39.68],[-80.865,39.681],[-80.866,39.681]],[[-81.835,36.609],[-81.844,36.605],[-81.831,36.608],[-81.835,36.609]],[[-81.887,36.581],[-81.904,36.581],[-81.899,36.579],[-81.887,36.581]],[[-81.908,40.84],[-81.897,40.895],[-81.919,40.881],[-81.932,40.825],[-81.908,40.84]],[[-81.934,36.594],[-81.934,36.595],[-81.989,36.594],[-81.934,36.594]],[[-81.93,36.566],[-81.933,36.562],[-81.932,36.562],[-81.93,36.566]],[[-81.989,37.543],[-81.997,37.539],[-81.965,37.543],[-81.989,37.543]],[[-81.981,40.781],[-81.975,40.782],[-81.981,40.786],[-81.981,40.781]],[[-82.101,36.322],[-82.043,36.382],[-82.104,36.331],[-82.101,36.322]],[[-82.314,40.9],[-82.359,40.894],[-82.347,40.826],[-82.318,40.806],[-82.286,40.819],[-82.241,40.934],[-82.229,40.895],[-82.159,40.897],[-82.187,40.838],[-82.111,40.841],[-82.093,40.861],[-82.139,40.871],[-82.135,40.896],[-82.182,40.919],[-82.136,40.963],[-82.177,40.991],[-82.267,40.974],[-82.332,40.988],[-82.35,40.975],[-82.327,40.986],[-82.314,40.9]],[[-82.097,36.291],[-82.107,36.254],[-82.097,36.269],[-82.097,36.291]],[[-82.128,37.572],[-82.125,37.574],[-82.125,37.575],[-82.128,37.572]],[[-82.224,40.581],[-82.208,40.703],[-82.164,40.762],[-82.127,40.739],[-82.127,40.771],[-82.175,40.817],[-82.212,40.812],[-82.19,40.752],[-82.222,40.7],[-82.318,40.663],[-82.256,40.646],[-82.224,40.581]],[[-82.13,37.59],[-82.133,37.593],[-82.141,37.595],[-82.13,37.59]],[[-82.143,37.571],[-82.144,37.571],[-82.145,37.57],[-82.145,37.567],[-82.143,37.571]],[[-82.135,37.563],[-82.138,37.565],[-82.144,37.566],[-82.135,37.563]],[[-82.157,37.603],[-82.156,37.605],[-82.156,37.608],[-82.157,37.609],[-82.157,37.603]],[[-82.158,37.594],[-82.157,37.593],[-82.158,37.597],[-82.158,37.594]],[[-82.164,37.62],[-82.167,37.622],[-82.169,37.622],[-82.164,37.62]],[[-82.182,37.627],[-82.183,37.625],[-82.183,37.624],[-82.175,37.63],[-82.182,37.627]],[[-82.214,37.625],[-82.213,37.625],[-82.215,37.627],[-82.214,37.625]],[[-82.224,37.645],[-82.223,37.644],[-82.221,37.643],[-82.226,37.652],[-82.224,37.645]],[[-82.305,36.255],[-82.29,36.253],[-82.281,36.256],[-82.305,36.255]],[[-82.311,37.761],[-82.319,37.76],[-82.331,37.746],[-82.311,37.761]],[[-82.327,37.736],[-82.321,37.735],[-82.331,37.746],[-82.327,37.736]],[[-82.336,41.089],[-82.316,41.083],[-82.325,41.089],[-82.336,41.089]],[[-82.367,41.099],[-82.327,41.102],[-82.33,41.103],[-82.367,41.099]],[[-82.34,37.281],[-82.342,37.281],[-82.338,37.28],[-82.34,37.281]],[[-82.34,37.777],[-82.339,37.777],[-82.339,37.779],[-82.34,37.777]],[[-82.351,41.072],[-82.349,41.063],[-82.348,41.071],[-82.351,41.072]],[[-82.354,37.793],[-82.356,37.794],[-82.349,37.787],[-82.354,37.793]],[[-82.369,40.99],[-82.358,40.984],[-82.358,40.985],[-82.369,40.99]],[[-82.364,37.795],[-82.366,37.8],[-82.368,37.801],[-82.364,37.795]],[[-82.375,41.11],[-82.371,41.108],[-82.371,41.109],[-82.375,41.11]],[[-82.385,37.818],[-82.386,37.818],[-82.387,37.818],[-82.377,37.802],[-82.371,37.802],[-82.385,37.818]],[[-82.38,41.033],[-82.381,41.028],[-82.378,41.036],[-82.38,41.033]],[[-82.77,40.74],[-82.76,40.74],[-82.758,40.726],[-82.784,40.725],[-82.792,40.653],[-82.836,40.639],[-82.783,40.649],[-82.755,40.711],[-82.695,40.702],[-82.694,40.735],[-82.642,40.736],[-82.627,40.704],[-82.617,40.726],[-82.554,40.687],[-82.492,40.616],[-82.472,40.626],[-82.436,40.576],[-82.399,40.577],[-82.409,40.625],[-82.38,40.641],[-82.429,40.659],[-82.42,40.725],[-82.444,40.802],[-82.482,40.803],[-82.458,40.813],[-82.478,40.876],[-82.413,40.939],[-82.52,40.941],[-82.52,40.914],[-82.555,40.917],[-82.536,40.824],[-82.579,40.822],[-82.597,40.785],[-82.694,40.783],[-82.734,40.832],[-82.718,40.787],[-82.77,40.74]],[[-82.386,37.26],[-82.386,37.259],[-82.385,37.26],[-82.386,37.26]],[[-82.399,37.829],[-82.404,37.833],[-82.399,37.824],[-82.399,37.829]],[[-82.409,37.836],[-82.407,37.835],[-82.409,37.838],[-82.409,37.836]],[[-82.421,37.848],[-82.42,37.846],[-82.42,37.848],[-82.421,37.848]],[[-82.417,37.251],[-82.415,37.252],[-82.417,37.252],[-82.417,37.251]],[[-82.535,40.972],[-82.453,40.972],[-82.425,40.99],[-82.418,41.042],[-82.447,41.034],[-82.441,41.005],[-82.535,40.989],[-82.535,40.972]],[[-82.424,37.248],[-82.419,37.251],[-82.44,37.247],[-82.445,37.244],[-82.424,37.248]],[[-82.425,37.862],[-82.424,37.86],[-82.421,37.864],[-82.425,37.862]],[[-82.46,37.239],[-82.462,37.238],[-82.461,37.238],[-82.46,37.239]],[[-82.465,37.984],[-82.464,37.983],[-82.464,37.984],[-82.465,37.984]],[[-82.469,37.904],[-82.469,37.903],[-82.468,37.904],[-82.469,37.904]],[[-82.468,37.908],[-82.469,37.911],[-82.469,37.907],[-82.468,37.908]],[[-82.487,37.945],[-82.482,37.948],[-82.473,37.958],[-82.487,37.945]],[[-82.483,37.972],[-82.484,37.971],[-82.485,37.97],[-82.485,37.968],[-82.483,37.972]],[[-82.484,37.232],[-82.487,37.231],[-82.482,37.231],[-82.479,37.233],[-82.484,37.232]],[[-82.496,37.227],[-82.508,37.223],[-82.521,37.212],[-82.496,37.227]],[[-82.509,38.001],[-82.515,38.0],[-82.513,37.999],[-82.509,38.001]],[[-82.572,40.403],[-82.522,40.401],[-82.524,40.42],[-82.572,40.403]],[[-82.524,37.215],[-82.526,37.215],[-82.531,37.213],[-82.532,37.21],[-82.524,37.215]],[[-82.524,38.015],[-82.526,38.023],[-82.526,38.019],[-82.524,38.015]],[[-82.527,38.027],[-82.533,38.03],[-82.53,38.028],[-82.527,38.027]],[[-82.542,37.206],[-82.548,37.203],[-82.532,37.206],[-82.542,37.206]],[[-82.588,40.492],[-82.589,40.485],[-82.552,40.48],[-82.544,40.495],[-82.588,40.492]],[[-82.547,38.061],[-82.548,38.062],[-82.548,38.061],[-82.547,38.061]],[[-82.564,38.079],[-82.56,38.073],[-82.558,38.072],[-82.551,38.071],[-82.564,38.079]],[[-82.697,41.02],[-82.658,41.016],[-82.65,40.984],[-82.558,40.962],[-82.55,41.023],[-82.578,40.994],[-82.652,40.995],[-82.645,41.021],[-82.697,41.02]],[[-82.577,37.189],[-82.558,37.2],[-82.592,37.183],[-82.597,37.177],[-82.596,37.177],[-82.577,37.189]],[[-82.606,37.174],[-82.611,37.171],[-82.597,37.177],[-82.606,37.174]],[[-82.567,38.081],[-82.574,38.082],[-82.572,38.081],[-82.567,38.081]],[[-82.637,40.407],[-82.567,40.438],[-82.613,40.441],[-82.637,40.407]],[[-82.606,38.247],[-82.608,38.245],[-82.613,38.236],[-82.611,38.229],[-82.609,38.223],[-82.608,38.222],[-82.606,38.221],[-82.6,38.219],[-82.606,38.247]],[[-82.591,38.245],[-82.583,38.246],[-82.58,38.251],[-82.575,38.263],[-82.584,38.247],[-82.605,38.248],[-82.606,38.247],[-82.591,38.245]],[[-82.574,38.264],[-82.574,38.275],[-82.579,38.282],[-82.575,38.263],[-82.574,38.264]],[[-82.579,38.291],[-82.583,38.297],[-82.579,38.282],[-82.579,38.291]],[[-82.572,38.312],[-82.572,38.313],[-82.579,38.304],[-82.582,38.299],[-82.572,38.312]],[[-82.571,38.314],[-82.571,38.316],[-82.571,38.317],[-82.572,38.317],[-82.572,38.313],[-82.571,38.314]],[[-82.576,38.328],[-82.589,38.34],[-82.572,38.317],[-82.576,38.328]],[[-82.598,38.348],[-82.598,38.345],[-82.597,38.344],[-82.596,38.343],[-82.589,38.34],[-82.598,38.348]],[[-82.59,40.586],[-82.582,40.585],[-82.59,40.635],[-82.59,40.586]],[[-82.598,38.116],[-82.595,38.113],[-82.592,38.11],[-82.586,38.108],[-82.598,38.116]],[[-82.618,40.523],[-82.588,40.501],[-82.586,40.543],[-82.618,40.523]],[[-82.593,38.38],[-82.594,38.382],[-82.593,38.376],[-82.594,38.372],[-82.592,38.375],[-82.592,38.377],[-82.593,38.38]],[[-82.597,38.409],[-82.596,38.405],[-82.596,38.418],[-82.597,38.409]],[[-82.599,38.392],[-82.6,38.39],[-82.599,38.389],[-82.598,38.387],[-82.596,38.385],[-82.599,38.392]],[[-82.602,38.192],[-82.6,38.196],[-82.62,38.169],[-82.602,38.192]],[[-82.599,38.117],[-82.603,38.12],[-82.605,38.12],[-82.599,38.117]],[[-82.625,38.48],[-82.604,38.456],[-82.613,38.473],[-82.625,38.48]],[[-82.621,37.165],[-82.624,37.164],[-82.634,37.154],[-82.621,37.165]],[[-82.643,37.153],[-82.645,37.151],[-82.641,37.153],[-82.643,37.153]],[[-82.621,38.133],[-82.621,38.131],[-82.621,38.127],[-82.621,38.123],[-82.621,38.122],[-82.619,38.12],[-82.614,38.12],[-82.621,38.133]],[[-82.618,36.115],[-82.621,36.121],[-82.622,36.116],[-82.618,36.115]],[[-82.629,38.171],[-82.633,38.171],[-82.621,38.169],[-82.629,38.171]],[[-82.642,40.407],[-82.641,40.407],[-82.65,40.415],[-82.642,40.407]],[[-82.643,38.162],[-82.644,38.168],[-82.644,38.167],[-82.643,38.162]],[[-82.643,36.242],[-82.647,36.241],[-82.644,36.241],[-82.643,36.242]],[[-82.65,41.07],[-82.649,41.072],[-82.69,41.083],[-82.65,41.07]],[[-82.655,37.151],[-82.656,37.146],[-82.654,37.15],[-82.655,37.151]],[[-82.722,40.414],[-82.72,40.4],[-82.653,40.417],[-82.722,40.414]],[[-82.671,37.139],[-82.664,37.142],[-82.668,37.142],[-82.671,37.139]],[[-82.666,41.005],[-82.665,41.011],[-82.67,41.011],[-82.666,41.005]],[[-82.702,36.41],[-82.688,36.403],[-82.671,36.396],[-82.702,36.41]],[[-82.696,38.542],[-82.698,38.544],[-82.705,38.547],[-82.696,38.542]],[[-82.713,41.061],[-82.712,41.073],[-82.733,41.069],[-82.713,41.061]],[[-82.723,37.076],[-82.724,37.076],[-82.724,37.075],[-82.722,37.075],[-82.723,37.076]],[[-82.719,38.553],[-82.721,38.556],[-82.721,38.554],[-82.719,38.553]],[[-82.721,37.082],[-82.72,37.082],[-82.72,37.083],[-82.721,37.084],[-82.721,37.082]],[[-82.723,37.097],[-82.722,37.095],[-82.721,37.1],[-82.722,37.101],[-82.723,37.097]],[[-82.725,37.093],[-82.723,37.093],[-82.722,37.094],[-82.725,37.093]],[[-82.724,37.043],[-82.729,37.043],[-82.725,37.042],[-82.724,37.043]],[[-82.726,37.065],[-82.725,37.065],[-82.726,37.069],[-82.726,37.065]],[[-82.732,37.044],[-82.732,37.043],[-82.73,37.043],[-82.732,37.044]],[[-82.735,37.045],[-82.74,37.043],[-82.733,37.043],[-82.735,37.045]],[[-82.748,37.027],[-82.748,37.025],[-82.746,37.029],[-82.748,37.027]],[[-82.746,37.034],[-82.746,37.033],[-82.745,37.034],[-82.746,37.034]],[[-82.792,41.028],[-82.747,41.012],[-82.773,41.051],[-82.75,41.062],[-82.831,41.049],[-82.792,41.028]],[[-82.832,36.594],[-82.747,36.594],[-82.759,36.624],[-82.832,36.594]],[[-82.75,37.024],[-82.752,37.026],[-82.755,37.027],[-82.75,37.023],[-82.75,37.024]],[[-82.763,37.024],[-82.762,37.025],[-82.764,37.025],[-82.763,37.024]],[[-82.866,40.596],[-82.891,40.548],[-82.945,40.539],[-82.878,40.497],[-82.827,40.5],[-82.82,40.536],[-82.765,40.551],[-82.815,40.566],[-82.813,40.617],[-82.891,40.627],[-82.866,40.596]],[[-82.79,40.474],[-82.843,40.475],[-82.798,40.447],[-82.79,40.474]],[[-82.791,36.776],[-82.79,36.777],[-82.794,36.778],[-82.791,36.776]],[[-82.811,36.752],[-82.81,36.771],[-82.82,36.758],[-82.811,36.752]],[[-82.842,38.588],[-82.841,38.587],[-82.854,38.612],[-82.842,38.588]],[[-82.857,38.643],[-82.857,38.645],[-82.858,38.646],[-82.857,38.64],[-82.857,38.643]],[[-82.873,38.714],[-82.874,38.712],[-82.875,38.705],[-82.873,38.714]],[[-82.877,38.697],[-82.878,38.69],[-82.877,38.69],[-82.877,38.697]],[[-82.895,38.756],[-82.887,38.755],[-82.888,38.756],[-82.895,38.756]],[[-83.022,40.594],[-82.995,40.622],[-83.027,40.644],[-83.005,40.671],[-83.069,40.665],[-83.085,40.624],[-83.199,40.637],[-83.157,40.563],[-83.208,40.581],[-83.194,40.504],[-83.213,40.468],[-83.267,40.455],[-83.3,40.48],[-83.304,40.516],[-83.354,40.532],[-83.331,40.487],[-83.35,40.44],[-83.404,40.447],[-83.373,40.385],[-83.346,40.417],[-83.277,40.375],[-83.269,40.325],[-83.272,40.39],[-83.247,40.424],[-83.151,40.451],[-83.144,40.543],[-83.066,40.593],[-82.992,40.571],[-83.022,40.594]],[[-83.028,40.729],[-83.019,40.748],[-83.064,40.741],[-83.061,40.711],[-83.015,40.697],[-83.001,40.729],[-83.028,40.729]],[[-83.061,36.249],[-83.056,36.255],[-83.06,36.252],[-83.061,36.249]],[[-83.253,40.251],[-83.207,40.244],[-83.228,40.235],[-83.215,40.218],[-83.264,40.214],[-83.239,40.157],[-83.202,40.18],[-83.142,40.168],[-83.137,40.225],[-83.08,40.253],[-83.119,40.285],[-83.11,40.304],[-83.183,40.222],[-83.214,40.268],[-83.258,40.278],[-83.253,40.251]],[[-83.141,40.684],[-83.12,40.656],[-83.093,40.695],[-83.129,40.718],[-83.117,40.729],[-83.194,40.744],[-83.185,40.709],[-83.213,40.674],[-83.141,40.684]],[[-83.109,40.349],[-83.115,40.33],[-83.111,40.329],[-83.109,40.349]],[[-83.136,36.198],[-83.153,36.184],[-83.14,36.187],[-83.136,36.198]],[[-83.176,40.107],[-83.186,40.096],[-83.163,40.096],[-83.176,40.107]],[[-83.171,40.124],[-83.18,40.133],[-83.176,40.107],[-83.171,40.124]],[[-83.184,40.141],[-83.183,40.141],[-83.184,40.143],[-83.184,40.141]],[[-83.185,40.153],[-83.184,40.154],[-83.185,40.156],[-83.185,40.153]],[[-83.282,36.175],[-83.286,36.189],[-83.286,36.184],[-83.282,36.175]],[[-83.197,36.255],[-83.248,36.232],[-83.274,36.271],[-83.294,36.263],[-83.297,36.242],[-83.324,36.243],[-83.336,36.209],[-83.387,36.188],[-83.405,36.159],[-83.334,36.2],[-83.286,36.189],[-83.197,36.255]],[[-83.218,40.744],[-83.227,40.744],[-83.225,40.73],[-83.218,40.744]],[[-83.326,38.593],[-83.325,38.598],[-83.331,38.596],[-83.326,38.593]],[[-83.33,38.598],[-83.329,38.6],[-83.336,38.6],[-83.33,38.598]],[[-83.337,38.6],[-83.342,38.601],[-83.34,38.598],[-83.332,38.597],[-83.336,38.6],[-83.337,38.6]],[[-83.535,36.302],[-83.429,36.342],[-83.476,36.328],[-83.535,36.302]],[[-83.536,40.422],[-83.558,40.417],[-83.55,40.362],[-83.536,40.422]],[[-83.647,40.518],[-83.646,40.498],[-83.593,40.502],[-83.647,40.518]],[[-83.683,40.52],[-83.756,40.524],[-83.788,40.517],[-83.78,40.484],[-83.737,40.494],[-83.742,40.516],[-83.683,40.52]],[[-83.671,40.5],[-83.673,40.519],[-83.683,40.52],[-83.671,40.5]],[[-83.785,39.263],[-83.786,39.258],[-83.757,39.28],[-83.785,39.263]],[[-83.881,41.25],[-83.803,41.274],[-83.849,41.281],[-83.841,41.311],[-83.919,41.319],[-83.881,41.25]],[[-83.821,40.517],[-83.82,40.517],[-83.822,40.521],[-83.821,40.517]],[[-83.939,40.675],[-83.916,40.677],[-83.915,40.69],[-83.939,40.675]],[[-83.988,41.245],[-83.969,41.241],[-83.968,41.247],[-83.988,41.245]],[[-83.991,41.211],[-83.978,41.212],[-83.978,41.213],[-83.991,41.211]],[[-83.996,41.149],[-83.999,41.15],[-83.998,41.144],[-83.996,41.149]],[[-84.012,41.112],[-84.009,41.117],[-84.011,41.115],[-84.012,41.112]],[[-84.524,41.328],[-84.588,41.328],[-84.587,41.321],[-84.512,41.307],[-84.524,41.328]],[[-84.805,41.53],[-84.911,41.525],[-84.805,41.524],[-84.805,41.53]],[[-84.981,41.401],[-84.971,41.509],[-85.044,41.512],[-85.049,41.44],[-85.087,41.44],[-85.084,41.54],[-85.163,41.542],[-85.165,41.404],[-85.042,41.402],[-84.981,41.401]],[[-85.215,40.077],[-85.25,40.1],[-85.254,40.031],[-85.231,40.032],[-85.231,40.077],[-85.215,40.077]],[[-85.23,41.526],[-85.435,41.525],[-85.436,41.519],[-85.23,41.526]],[[-85.615,40.078],[-85.578,40.078],[-85.585,40.11],[-85.615,40.078]],[[-85.593,40.122],[-85.595,40.117],[-85.583,40.114],[-85.593,40.122]],[[-85.672,40.159],[-85.66,40.135],[-85.585,40.128],[-85.593,40.186],[-85.664,40.197],[-85.672,40.159]],[[-85.66,40.033],[-85.692,40.032],[-85.647,40.024],[-85.652,40.047],[-85.66,40.033]],[[-85.653,40.054],[-85.648,40.054],[-85.648,40.061],[-85.653,40.054]]],[[[-79.458,36.535],[-79.469,36.514],[-79.458,36.543],[-79.458,36.535]]],[[[-85.695,39.99],[-85.695,39.989],[-85.701,39.989],[-85.695,39.99]]],[[[-82.75,39.857],[-82.75,39.844],[-82.735,39.843],[-82.753,39.842],[-82.75,39.857]]],[[[-79.47,36.514],[-79.473,36.507],[-79.474,36.51],[-79.47,36.514]]],[[[-79.37,36.558],[-79.368,36.558],[-79.369,36.557],[-79.37,36.558]]],[[[-79.388,36.709],[-79.385,36.722],[-79.364,36.699],[-79.388,36.709]]],[[[-82.714,40.788],[-82.714,40.787],[-82.717,40.787],[-82.714,40.788]]],[[[-82.695,41.585],[-82.736,41.602],[-82.674,41.624],[-82.695,41.585]]],[[[-82.688,39.898],[-82.7,39.898],[-82.7,39.906],[-82.688,39.898]]],[[[-82.686,39.902],[-82.684,39.899],[-82.686,39.898],[-82.686,39.902]]],[[[-82.695,39.911],[-82.699,39.907],[-82.699,39.913],[-82.695,39.911]]],[[[-82.774,41.54],[-82.785,41.539],[-82.782,41.543],[-82.773,41.541],[-82.774,41.538],[-82.774,41.54]]],[[[-82.807,41.671],[-82.827,41.684],[-82.8,41.695],[-82.783,41.695],[-82.807,41.671]]],[[[-82.826,41.634],[-82.842,41.629],[-82.835,41.657],[-82.799,41.657],[-82.826,41.634]]],[[[-82.806,41.706],[-82.836,41.71],[-82.825,41.723],[-82.806,41.706]]],[[[-82.823,41.658],[-82.819,41.659],[-82.819,41.658],[-82.823,41.658]]],[[[-82.83,41.692],[-82.823,41.692],[-82.825,41.691],[-82.83,41.692]]],[[[-82.849,41.677],[-82.857,41.682],[-82.853,41.681],[-82.849,41.677]]],[[[-83.176,40.182],[-83.178,40.179],[-83.178,40.182],[-83.176,40.182]]],[[[-83.106,41.737],[-83.111,41.737],[-83.106,41.743],[-83.106,41.737]]],[[[-83.774,37.037],[-83.775,37.015],[-83.744,37.027],[-83.692,36.983],[-83.658,36.998],[-83.636,36.963],[-83.566,36.932],[-83.62,36.884],[-83.761,36.894],[-83.76,36.862],[-83.78,36.859],[-83.809,36.884],[-83.863,36.866],[-83.888,36.899],[-83.898,36.879],[-83.931,36.885],[-83.841,36.822],[-83.825,36.842],[-83.847,36.863],[-83.797,36.859],[-83.803,36.807],[-83.784,36.802],[-83.809,36.748],[-83.848,36.772],[-83.887,36.758],[-83.875,36.723],[-83.75,36.733],[-83.748,36.715],[-83.823,36.683],[-83.92,36.587],[-84.048,36.59],[-83.965,36.638],[-83.964,36.665],[-84.012,36.697],[-84.067,36.689],[-84.085,36.659],[-84.14,36.719],[-84.122,36.744],[-84.132,36.787],[-84.224,36.708],[-84.2,36.687],[-84.22,36.657],[-84.207,36.614],[-84.155,36.592],[-84.426,36.596],[-84.396,36.647],[-84.345,36.665],[-84.375,36.741],[-84.352,36.76],[-84.356,36.812],[-84.318,36.834],[-84.346,36.837],[-84.315,36.858],[-84.305,36.945],[-84.257,36.973],[-84.235,36.941],[-84.222,36.96],[-84.181,36.939],[-84.124,36.97],[-84.101,36.926],[-84.119,36.899],[-84.079,36.89],[-84.053,36.938],[-84.012,36.941],[-83.995,36.917],[-83.984,36.951],[-84.074,36.962],[-84.036,37.001],[-83.936,37.006],[-83.863,37.052],[-83.774,37.037]]],[[[-84.127,41.608],[-84.127,41.623],[-84.033,41.605],[-84.046,41.577],[-84.127,41.608]]],[[[-85.044,41.42],[-85.031,41.418],[-85.041,41.404],[-85.044,41.42]]],[[[-85.034,41.432],[-85.015,41.441],[-85.015,41.422],[-85.034,41.432]]],[[[-85.665,40.184],[-85.665,40.18],[-85.666,40.18],[-85.665,40.184]]],[[[-85.76,40.226],[-85.758,40.217],[-85.769,40.21],[-85.786,40.218],[-85.76,40.226]]]]}},{"type":"Feature","properties":{"zone":"AP","n_utilities":16,"utilities":["MONONGAHELA POWER CO","THE POTOMAC EDISON COMPANY","WEST PENN POWER COMPANY"]},"geometry":{"type":"MultiPolygon","coordinates":[[[[-78.919,41.998],[-79.045,41.86],[-79.173,41.85],[-79.173,41.822],[-79.12,41.788],[-79.019,41.66],[-79.021,41.598],[-78.959,41.512],[-78.954,41.686],[-78.873,41.685],[-78.864,41.744],[-78.803,41.744],[-78.801,41.775],[-78.283,41.759],[-78.283,41.676],[-78.204,41.67],[-78.206,41.915],[-78.105,41.913],[-78.102,42.0],[-77.971,41.993],[-77.972,41.914],[-77.871,41.913],[-77.826,41.57],[-77.6,41.572],[-77.604,41.744],[-77.605,41.76],[-77.607,41.881],[-77.61,41.999],[-76.927,42.002],[-76.875,41.597],[-76.96,41.551],[-77.249,41.545],[-77.192,41.545],[-77.19,41.484],[-77.091,41.485],[-77.075,41.466],[-77.131,41.344],[-77.237,41.355],[-77.296,41.265],[-77.444,41.287],[-77.476,41.338],[-77.539,41.367],[-77.597,41.441],[-77.598,41.479],[-77.773,41.477],[-77.768,41.345],[-77.939,41.317],[-77.877,41.241],[-77.637,41.186],[-77.661,41.171],[-77.649,41.127],[-77.608,41.131],[-77.538,41.081],[-77.395,41.107],[-77.328,41.088],[-77.382,41.03],[-77.473,40.997],[-77.462,40.971],[-77.144,41.042],[-77.364,40.847],[-77.71,40.715],[-77.825,40.743],[-77.944,40.692],[-78.132,40.743],[-78.247,40.738],[-78.246,40.755],[-78.011,40.881],[-77.975,40.914],[-77.999,40.941],[-77.812,41.074],[-77.85,41.155],[-77.892,41.161],[-77.901,41.249],[-77.972,41.206],[-77.971,41.174],[-78.007,41.143],[-78.093,41.217],[-78.237,41.23],[-78.646,41.254],[-78.648,41.217],[-78.71,41.202],[-78.71,41.23],[-78.738,41.231],[-78.745,41.345],[-78.817,41.349],[-78.822,41.438],[-78.959,41.453],[-79.021,41.429],[-79.314,41.462],[-79.453,41.547],[-79.487,41.505],[-79.639,41.503],[-79.575,41.634],[-79.558,41.743],[-79.625,41.785],[-79.593,41.887],[-79.625,41.922],[-79.618,41.999],[-78.919,41.998]],[[-77.283,41.544],[-77.261,41.545],[-77.4,41.544],[-77.548,41.543],[-77.283,41.544]]],[[[-80.122,41.197],[-80.12,41.196],[-80.125,41.196],[-80.122,41.197]]],[[[-80.121,41.193],[-80.124,41.194],[-80.125,41.196],[-80.121,41.193]]],[[[-80.052,41.172],[-80.068,41.156],[-80.053,41.143],[-80.087,41.151],[-80.085,41.132],[-80.101,41.13],[-80.122,41.192],[-80.052,41.172]]],[[[-80.0,41.172],[-79.574,41.165],[-79.594,41.081],[-79.564,41.082],[-79.546,41.111],[-79.498,41.11],[-79.487,41.199],[-79.384,41.226],[-79.365,41.202],[-79.366,41.094],[-79.309,41.087],[-79.241,41.169],[-79.21,41.166],[-79.215,40.78],[-79.459,40.521],[-79.453,40.483],[-79.388,40.454],[-79.359,40.478],[-79.357,40.452],[-79.343,40.47],[-79.301,40.461],[-79.271,40.418],[-79.247,40.432],[-79.153,40.41],[-79.118,40.394],[-79.124,40.372],[-79.058,40.381],[-79.028,40.42],[-78.99,40.412],[-78.975,40.396],[-79.041,40.303],[-78.968,40.311],[-78.932,40.268],[-78.696,40.263],[-78.672,40.277],[-78.669,40.331],[-78.537,40.312],[-78.48,40.268],[-78.434,40.302],[-78.107,40.199],[-78.023,40.199],[-78.06,40.129],[-77.925,40.104],[-77.864,40.062],[-77.945,39.937],[-77.886,39.934],[-77.858,39.993],[-77.808,39.98],[-77.777,40.02],[-77.615,40.033],[-77.472,39.944],[-77.414,39.98],[-77.38,39.946],[-77.418,39.858],[-77.397,39.84],[-77.412,39.749],[-77.319,39.791],[-77.32,39.72],[-77.074,39.72],[-77.079,39.667],[-77.115,39.671],[-77.108,39.634],[-77.136,39.634],[-77.09,39.603],[-77.108,39.573],[-77.075,39.519],[-77.093,39.5],[-77.067,39.286],[-77.469,39.09],[-77.527,39.147],[-77.46,39.228],[-77.542,39.266],[-77.567,39.306],[-77.719,39.321],[-77.828,39.132],[-78.347,39.466],[-78.36,39.409],[-78.344,39.389],[-78.367,39.359],[-78.339,39.349],[-78.419,39.258],[-78.4,39.244],[-78.439,39.198],[-78.404,39.168],[-78.572,39.032],[-78.551,39.018],[-78.594,38.971],[-78.629,38.981],[-78.697,38.914],[-78.719,38.906],[-78.717,38.936],[-78.784,38.889],[-78.869,38.763],[-79.0,38.846],[-79.084,38.732],[-79.092,38.66],[-79.132,38.653],[-79.21,38.494],[-79.283,38.418],[-79.477,38.457],[-79.537,38.551],[-79.649,38.592],[-79.726,38.363],[-79.765,38.356],[-79.81,38.307],[-79.789,38.268],[-79.92,38.182],[-79.945,38.132],[-79.927,38.107],[-79.999,37.995],[-80.161,37.876],[-80.228,37.798],[-80.216,37.776],[-80.257,37.756],[-80.252,37.726],[-80.296,37.693],[-80.221,37.628],[-80.328,37.564],[-80.313,37.546],[-80.33,37.536],[-80.282,37.533],[-80.3,37.508],[-80.476,37.423],[-80.511,37.482],[-80.57,37.465],[-80.65,37.539],[-80.738,37.568],[-80.761,37.54],[-80.837,37.55],[-80.899,37.623],[-80.967,37.62],[-81.001,37.681],[-80.977,37.715],[-80.844,37.722],[-80.81,37.754],[-80.594,37.756],[-80.555,37.776],[-80.537,37.835],[-80.488,37.875],[-80.532,37.905],[-80.507,37.941],[-80.509,38.012],[-80.422,38.062],[-80.349,38.206],[-80.443,38.265],[-80.678,38.08],[-80.82,38.24],[-80.864,38.241],[-80.944,38.194],[-80.993,38.236],[-81.064,38.237],[-81.075,38.272],[-80.953,38.349],[-80.991,38.434],[-81.065,38.498],[-81.115,38.499],[-81.129,38.566],[-81.174,38.609],[-81.223,38.627],[-81.254,38.614],[-81.341,38.66],[-81.356,38.691],[-81.481,38.725],[-81.488,38.768],[-81.713,38.868],[-81.765,39.017],[-81.814,39.079],[-81.747,39.095],[-81.756,39.18],[-81.691,39.226],[-81.683,39.271],[-81.57,39.268],[-81.555,39.342],[-81.456,39.409],[-81.412,39.394],[-81.377,39.342],[-81.216,39.388],[-80.974,39.588],[-80.879,39.622],[-80.833,39.721],[-80.519,39.721],[-80.519,40.16],[-80.68,40.185],[-80.601,40.318],[-80.608,40.372],[-80.634,40.39],[-80.594,40.476],[-80.668,40.58],[-80.632,40.618],[-80.519,40.638],[-80.519,40.477],[-80.361,40.477],[-80.296,40.426],[-80.227,40.46],[-80.172,40.457],[-80.168,40.385],[-80.105,40.362],[-80.072,40.376],[-79.9,40.298],[-79.895,40.274],[-79.782,40.319],[-79.768,40.387],[-79.705,40.424],[-79.707,40.53],[-79.765,40.55],[-79.85,40.516],[-79.869,40.527],[-79.87,40.562],[-79.85,40.561],[-79.853,40.652],[-79.968,40.697],[-79.978,40.879],[-80.086,40.874],[-80.073,40.812],[-80.123,40.813],[-80.127,40.876],[-80.16,40.887],[-80.165,41.0],[-80.043,41.127],[-80.053,41.143],[-80.0,41.172]],[[-78.276,40.063],[-78.245,40.067],[-78.22,40.065],[-78.263,40.071],[-78.342,40.062],[-78.276,40.063]],[[-78.247,39.94],[-78.325,39.925],[-78.267,39.904],[-78.247,39.94]],[[-78.441,40.075],[-78.418,40.064],[-78.45,40.082],[-78.441,40.075]],[[-78.516,39.865],[-78.542,39.857],[-78.52,39.854],[-78.516,39.865]],[[-78.575,39.87],[-78.58,39.861],[-78.55,39.857],[-78.575,39.87]],[[-78.815,40.049],[-78.822,40.031],[-78.781,40.089],[-78.698,40.243],[-78.815,40.049]],[[-78.774,39.915],[-78.775,39.959],[-78.775,39.896],[-78.717,39.912],[-78.774,39.915]],[[-78.931,39.723],[-78.907,39.737],[-79.078,39.722],[-78.931,39.723]],[[-79.143,39.722],[-79.114,39.722],[-79.145,39.756],[-79.281,39.757],[-79.33,39.722],[-79.143,39.722]]],[[[-80.078,42.152],[-80.075,42.153],[-80.074,42.151],[-80.078,42.152]]],[[[-80.084,42.065],[-80.084,42.066],[-80.082,42.066],[-80.084,42.065]]],[[[-80.217,42.069],[-80.218,42.068],[-80.217,42.071],[-80.217,42.069]]]]}},{"type":"Feature","properties":{"zone":"ATSI","n_utilities":46,"utilities":["OHIO EDISON CO","CLEVELAND ELECTRIC ILLUM CO","THE TOLEDO EDISON CO","PENNSYLVANIA POWER CO"]},"geometry":{"type":"MultiPolygon","coordinates":[[[[-84.085,41.417],[-84.106,41.368],[-84.088,41.301],[-84.121,41.307],[-84.123,41.377],[-84.155,41.37],[-84.146,41.345],[-84.218,41.348],[-84.211,41.313],[-84.151,41.328],[-84.173,41.265],[-84.107,41.285],[-84.096,41.248],[-84.125,41.207],[-84.1,41.157],[-84.113,41.132],[-84.158,41.145],[-84.232,41.125],[-84.201,41.169],[-84.256,41.169],[-84.26,41.205],[-84.275,41.192],[-84.414,41.27],[-84.451,41.249],[-84.5,41.264],[-84.538,41.32],[-84.635,41.283],[-84.629,41.326],[-84.688,41.359],[-84.628,41.365],[-84.697,41.409],[-84.659,41.427],[-84.656,41.455],[-84.713,41.444],[-84.767,41.4],[-84.745,41.5],[-84.806,41.542],[-84.8,41.634],[-84.695,41.658],[-84.577,41.652],[-84.553,41.702],[-83.426,41.734],[-83.438,41.693],[-83.352,41.686],[-83.335,41.706],[-83.236,41.652],[-83.251,41.645],[-83.251,41.639],[-83.25,41.638],[-83.087,41.607],[-82.957,41.52],[-82.882,41.525],[-82.833,41.588],[-82.788,41.536],[-82.715,41.54],[-82.714,41.486],[-82.687,41.492],[-82.593,41.415],[-82.486,41.381],[-82.012,41.516],[-81.877,41.483],[-81.742,41.488],[-81.283,41.765],[-80.55,41.973],[-80.519,41.978],[-80.519,41.849],[-79.612,41.85],[-79.613,41.617],[-79.829,41.622],[-79.85,41.587],[-79.999,41.501],[-80.0,41.172],[-79.689,41.169],[-79.689,40.645],[-79.775,40.573],[-79.702,40.525],[-79.705,40.426],[-79.771,40.375],[-79.775,40.286],[-79.807,40.237],[-79.783,40.228],[-79.891,40.194],[-79.971,40.227],[-79.914,40.252],[-80.185,40.333],[-80.361,40.478],[-80.519,40.477],[-80.519,40.678],[-80.596,40.654],[-80.617,40.685],[-80.659,40.664],[-80.735,40.71],[-80.751,40.672],[-80.731,40.655],[-80.884,40.663],[-80.885,40.687],[-80.952,40.695],[-80.998,40.689],[-80.975,40.63],[-81.074,40.628],[-81.065,40.652],[-81.106,40.685],[-81.081,40.681],[-81.088,40.755],[-81.128,40.719],[-81.15,40.751],[-81.191,40.757],[-81.178,40.838],[-81.36,40.837],[-81.41,40.862],[-81.489,40.841],[-81.507,40.78],[-81.49,40.76],[-81.497,40.665],[-81.529,40.645],[-81.519,40.606],[-81.577,40.608],[-81.577,40.588],[-81.608,40.606],[-81.616,40.65],[-81.722,40.683],[-81.691,40.695],[-81.699,40.717],[-81.758,40.728],[-81.756,40.79],[-81.812,40.803],[-81.8,40.904],[-81.831,40.904],[-81.831,40.925],[-81.877,40.918],[-81.932,40.825],[-81.922,40.962],[-82.005,40.962],[-82.027,40.947],[-82.031,40.824],[-81.975,40.782],[-82.074,40.821],[-82.051,40.841],[-82.159,40.824],[-82.166,40.792],[-82.127,40.776],[-82.127,40.712],[-82.175,40.738],[-82.173,40.694],[-82.212,40.667],[-82.195,40.615],[-82.149,40.584],[-82.241,40.607],[-82.258,40.635],[-82.314,40.627],[-82.32,40.666],[-82.397,40.667],[-82.353,40.63],[-82.379,40.583],[-82.348,40.563],[-82.342,40.463],[-82.324,40.45],[-82.38,40.435],[-82.384,40.492],[-82.364,40.493],[-82.387,40.501],[-82.387,40.558],[-82.368,40.556],[-82.387,40.569],[-82.532,40.558],[-82.493,40.51],[-82.589,40.514],[-82.544,40.495],[-82.571,40.473],[-82.522,40.401],[-82.572,40.403],[-82.567,40.438],[-82.618,40.406],[-82.649,40.419],[-82.748,40.388],[-82.711,40.367],[-82.643,40.39],[-82.626,40.35],[-82.549,40.312],[-82.613,40.313],[-82.617,40.295],[-82.695,40.312],[-82.704,40.184],[-82.68,40.182],[-82.683,40.16],[-82.733,40.161],[-82.764,40.069],[-82.841,40.085],[-82.82,40.102],[-82.806,40.208],[-82.767,40.206],[-82.787,40.253],[-82.883,40.216],[-82.896,40.292],[-82.921,40.293],[-82.914,40.244],[-82.928,40.226],[-82.949,40.243],[-82.951,40.186],[-82.989,40.19],[-82.998,40.226],[-82.966,40.228],[-82.962,40.279],[-83.018,40.265],[-82.964,40.323],[-83.059,40.353],[-83.042,40.407],[-82.851,40.406],[-82.863,40.376],[-82.806,40.355],[-82.806,40.38],[-82.844,40.386],[-82.792,40.402],[-82.796,40.446],[-82.877,40.43],[-83.155,40.448],[-83.078,40.394],[-83.111,40.328],[-83.08,40.253],[-83.137,40.225],[-83.131,40.116],[-83.186,40.096],[-83.181,40.141],[-83.224,40.131],[-83.26,40.159],[-83.26,40.178],[-83.21,40.19],[-83.197,40.173],[-83.181,40.196],[-83.229,40.28],[-83.324,40.306],[-83.285,40.328],[-83.289,40.351],[-83.44,40.368],[-83.446,40.413],[-83.477,40.437],[-83.476,40.458],[-83.442,40.456],[-83.418,40.388],[-83.379,40.382],[-83.404,40.447],[-83.35,40.44],[-83.366,40.455],[-83.35,40.483],[-83.388,40.475],[-83.363,40.565],[-83.241,40.561],[-83.222,40.54],[-83.208,40.581],[-83.157,40.563],[-83.157,40.583],[-83.188,40.589],[-83.213,40.674],[-83.24,40.662],[-83.23,40.6],[-83.3,40.588],[-83.293,40.622],[-83.31,40.622],[-83.317,40.585],[-83.365,40.583],[-83.384,40.598],[-83.365,40.676],[-83.38,40.718],[-83.4,40.695],[-83.462,40.71],[-83.46,40.688],[-83.49,40.688],[-83.487,40.727],[-83.453,40.727],[-83.454,40.761],[-83.402,40.767],[-83.402,40.796],[-83.356,40.81],[-83.312,40.792],[-83.314,40.773],[-83.371,40.782],[-83.381,40.748],[-83.256,40.677],[-83.209,40.691],[-83.227,40.744],[-83.08,40.726],[-83.019,40.748],[-83.004,40.671],[-82.943,40.671],[-82.919,40.662],[-82.919,40.63],[-82.84,40.62],[-82.792,40.653],[-82.788,40.723],[-82.729,40.76],[-82.734,40.832],[-82.694,40.783],[-82.597,40.785],[-82.579,40.822],[-82.536,40.824],[-82.555,40.917],[-82.52,40.914],[-82.52,40.941],[-82.351,40.938],[-82.359,40.906],[-82.314,40.9],[-82.329,40.943],[-82.356,40.976],[-82.394,40.977],[-82.396,41.016],[-82.453,40.972],[-82.535,40.972],[-82.505,40.993],[-82.499,41.033],[-82.555,41.007],[-82.558,40.962],[-82.661,40.985],[-82.696,41.034],[-82.64,41.045],[-82.634,41.07],[-82.693,41.086],[-82.713,41.061],[-82.763,41.078],[-82.75,41.053],[-82.771,41.034],[-82.747,41.012],[-82.812,41.013],[-82.793,41.042],[-82.839,41.043],[-82.854,41.105],[-82.92,41.106],[-82.919,41.125],[-82.859,41.125],[-82.851,41.144],[-82.937,41.187],[-83.098,41.177],[-83.098,41.213],[-83.191,41.246],[-83.184,41.307],[-83.087,41.288],[-83.101,41.38],[-83.237,41.294],[-83.258,41.239],[-83.294,41.236],[-83.389,41.243],[-83.362,41.315],[-83.372,41.361],[-83.414,41.379],[-83.473,41.332],[-83.566,41.352],[-83.584,41.385],[-83.63,41.375],[-83.68,41.316],[-83.763,41.321],[-83.876,41.37],[-83.883,41.42],[-83.854,41.432],[-83.862,41.472],[-83.882,41.471],[-83.883,41.542],[-83.924,41.559],[-83.918,41.622],[-83.97,41.657],[-84.008,41.654],[-83.986,41.609],[-83.952,41.596],[-83.977,41.487],[-84.12,41.486],[-84.126,41.437],[-84.085,41.417]],[[-80.846,41.45],[-80.793,41.451],[-80.78,41.514],[-80.813,41.501],[-80.813,41.474],[-80.846,41.45]],[[-80.858,41.502],[-80.866,41.501],[-80.866,41.474],[-80.851,41.472],[-80.858,41.502]],[[-81.589,41.278],[-81.625,41.276],[-81.62,41.237],[-81.646,41.252],[-81.661,41.224],[-81.563,41.251],[-81.589,41.278]],[[-81.591,41.327],[-81.566,41.351],[-81.585,41.351],[-81.591,41.327]],[[-81.764,41.233],[-81.774,41.253],[-81.785,41.253],[-81.785,41.228],[-81.764,41.233]],[[-81.698,41.224],[-81.655,41.261],[-81.663,41.277],[-81.755,41.272],[-81.764,41.238],[-81.698,41.224]],[[-81.663,41.225],[-81.662,41.233],[-81.668,41.233],[-81.663,41.225]],[[-81.859,41.236],[-81.864,41.235],[-81.859,41.233],[-81.859,41.236]],[[-81.878,41.291],[-81.889,41.26],[-81.878,41.26],[-81.878,41.291]],[[-81.909,41.323],[-81.879,41.32],[-81.878,41.343],[-81.909,41.323]],[[-81.972,41.339],[-81.982,41.324],[-81.91,41.324],[-81.972,41.339]],[[-82.052,41.351],[-82.052,41.348],[-82.041,41.351],[-82.052,41.351]],[[-83.079,41.457],[-83.076,41.433],[-83.005,41.443],[-83.0,41.458],[-83.079,41.457]]],[[[-82.7,41.585],[-82.736,41.603],[-82.674,41.624],[-82.7,41.585]]],[[[-82.774,41.54],[-82.785,41.539],[-82.782,41.543],[-82.773,41.541],[-82.774,41.538],[-82.774,41.54]]],[[[-82.807,41.671],[-82.827,41.684],[-82.8,41.695],[-82.783,41.695],[-82.807,41.671]]],[[[-82.826,41.634],[-82.842,41.629],[-82.835,41.657],[-82.798,41.658],[-82.826,41.634]]],[[[-82.806,41.706],[-82.836,41.71],[-82.825,41.723],[-82.806,41.706]]],[[[-82.821,41.659],[-82.819,41.659],[-82.82,41.658],[-82.821,41.659]]],[[[-82.83,41.692],[-82.823,41.692],[-82.825,41.691],[-82.83,41.692]]],[[[-82.849,41.677],[-82.857,41.682],[-82.853,41.681],[-82.849,41.677]]],[[[-83.295,40.12],[-83.273,40.134],[-83.253,40.11],[-83.269,40.085],[-83.185,40.016],[-83.279,40.009],[-83.294,40.082],[-83.317,40.037],[-83.351,40.031],[-83.347,40.003],[-83.264,39.986],[-83.262,39.955],[-83.305,39.956],[-83.341,39.927],[-83.247,39.92],[-83.285,39.837],[-83.346,39.848],[-83.327,39.827],[-83.346,39.805],[-83.3,39.767],[-83.286,39.697],[-83.333,39.699],[-83.321,39.631],[-83.371,39.585],[-83.402,39.592],[-83.363,39.637],[-83.377,39.67],[-83.353,39.7],[-83.374,39.737],[-83.468,39.729],[-83.457,39.773],[-83.603,39.784],[-83.615,39.813],[-83.591,39.85],[-83.665,39.847],[-83.654,39.819],[-83.771,39.785],[-83.805,39.746],[-83.816,39.802],[-83.85,39.828],[-83.924,39.829],[-83.922,39.787],[-83.965,39.778],[-84.02,39.82],[-84.003,39.886],[-84.03,39.951],[-84.002,40.038],[-84.03,40.04],[-84.069,39.887],[-84.091,39.903],[-84.144,39.887],[-84.214,39.924],[-84.265,39.895],[-84.293,40.064],[-84.151,40.079],[-84.147,40.102],[-84.199,40.102],[-84.205,40.182],[-84.231,40.17],[-84.273,40.193],[-84.301,40.146],[-84.332,40.146],[-84.337,40.17],[-84.31,40.175],[-84.418,40.194],[-84.454,40.294],[-84.434,40.352],[-84.468,40.385],[-84.4,40.379],[-84.412,40.332],[-84.379,40.331],[-84.319,40.354],[-84.323,40.372],[-84.385,40.367],[-84.342,40.4],[-84.346,40.466],[-84.248,40.425],[-84.237,40.459],[-84.028,40.497],[-84.025,40.469],[-84.003,40.468],[-84.015,40.296],[-83.973,40.268],[-83.918,40.292],[-83.695,40.233],[-83.603,40.271],[-83.536,40.164],[-83.507,40.189],[-83.532,40.225],[-83.448,40.188],[-83.455,40.156],[-83.498,40.151],[-83.505,40.114],[-83.45,40.11],[-83.41,40.185],[-83.384,40.154],[-83.32,40.159],[-83.295,40.12]],[[-83.446,40.032],[-83.45,40.045],[-83.451,40.046],[-83.446,40.032]],[[-83.522,40.01],[-83.505,40.005],[-83.516,40.01],[-83.522,40.01]]]]}},{"type":"Feature","properties":{"zone":"BC","n_utilities":1,"utilities":["BALTIMORE GAS & ELECTRIC CO"]},"geometry":{"type":"MultiPolygon","coordinates":[[[[-77.093,39.5],[-77.075,39.519],[-77.108,39.573],[-77.09,39.603],[-77.136,39.634],[-77.108,39.634],[-77.115,39.671],[-77.079,39.667],[-77.074,39.72],[-76.443,39.721],[-76.411,39.689],[-76.399,39.618],[-76.297,39.631],[-76.266,39.598],[-76.161,39.623],[-76.076,39.544],[-76.099,39.534],[-76.123,39.489],[-76.072,39.475],[-76.06,39.448],[-76.1,39.444],[-76.162,39.404],[-76.282,39.3],[-76.365,39.313],[-76.398,39.229],[-76.442,39.195],[-76.496,39.202],[-76.517,39.242],[-76.605,39.287],[-76.579,39.262],[-76.625,39.274],[-76.612,39.248],[-76.615,39.241],[-76.629,39.227],[-76.63,39.225],[-76.579,39.251],[-76.5,39.155],[-76.478,39.167],[-76.43,39.133],[-76.438,39.053],[-76.394,39.012],[-76.466,38.982],[-76.46,38.907],[-76.52,38.867],[-76.511,38.842],[-76.494,38.85],[-76.498,38.815],[-76.56,38.763],[-76.526,38.724],[-76.517,38.537],[-76.542,38.534],[-76.556,38.596],[-76.579,38.589],[-76.607,38.714],[-76.66,38.764],[-76.696,38.75],[-76.714,38.777],[-76.712,38.814],[-76.705,38.815],[-76.731,38.852],[-76.749,38.843],[-76.783,38.914],[-76.827,38.933],[-76.895,38.907],[-76.863,38.992],[-76.838,38.994],[-76.862,39.013],[-76.854,39.067],[-76.905,39.073],[-76.919,39.043],[-77.011,39.139],[-77.023,39.182],[-77.101,39.214],[-77.069,39.238],[-77.093,39.5]],[[-76.702,38.815],[-76.693,38.821],[-76.699,38.839],[-76.677,38.875],[-76.701,38.839],[-76.705,38.815],[-76.702,38.815]],[[-76.676,38.876],[-76.672,38.888],[-76.676,38.896],[-76.677,38.875],[-76.676,38.876]],[[-76.671,38.899],[-76.669,38.904],[-76.67,38.906],[-76.67,38.907],[-76.678,38.91],[-76.67,38.904],[-76.676,38.896],[-76.671,38.899]],[[-76.638,39.224],[-76.645,39.229],[-76.659,39.231],[-76.662,39.231],[-76.637,39.223],[-76.631,39.224],[-76.638,39.224]],[[-76.664,39.231],[-76.689,39.221],[-76.68,39.22],[-76.662,39.231],[-76.664,39.231]],[[-76.693,39.22],[-76.697,39.217],[-76.689,39.221],[-76.693,39.22]],[[-76.697,39.214],[-76.696,39.214],[-76.697,39.217],[-76.697,39.214]],[[-76.706,39.221],[-76.704,39.214],[-76.701,39.213],[-76.706,39.221]],[[-76.709,39.222],[-76.713,39.222],[-76.707,39.221],[-76.709,39.222]],[[-76.717,39.225],[-76.725,39.229],[-76.739,39.232],[-76.713,39.222],[-76.717,39.225]],[[-76.755,39.247],[-76.758,39.248],[-76.764,39.247],[-76.764,39.246],[-76.753,39.245],[-76.755,39.247]],[[-76.764,39.251],[-76.774,39.256],[-76.78,39.257],[-76.764,39.247],[-76.764,39.251]],[[-76.785,39.261],[-76.79,39.264],[-76.78,39.257],[-76.785,39.261]],[[-76.794,39.27],[-76.795,39.27],[-76.794,39.266],[-76.794,39.27]],[[-76.791,39.272],[-76.79,39.273],[-76.785,39.283],[-76.794,39.27],[-76.791,39.272]],[[-76.778,39.295],[-76.778,39.296],[-76.779,39.296],[-76.785,39.292],[-76.778,39.295]],[[-76.794,39.314],[-76.804,39.317],[-76.811,39.316],[-76.813,39.318],[-76.815,39.318],[-76.818,39.313],[-76.793,39.313],[-76.794,39.314]],[[-76.823,39.319],[-76.825,39.319],[-76.818,39.313],[-76.823,39.319]],[[-76.825,39.32],[-76.827,39.319],[-76.825,39.319],[-76.825,39.32]],[[-76.83,39.317],[-76.832,39.313],[-76.829,39.318],[-76.83,39.317]],[[-76.835,39.316],[-76.844,39.318],[-76.847,39.318],[-76.851,39.316],[-76.834,39.312],[-76.835,39.316]],[[-76.855,39.324],[-76.864,39.331],[-76.867,39.332],[-76.872,39.332],[-76.874,39.332],[-76.851,39.316],[-76.855,39.324]],[[-76.875,39.34],[-76.882,39.35],[-76.875,39.333],[-76.875,39.34]],[[-76.678,38.914],[-76.679,38.916],[-76.679,38.912],[-76.679,38.911],[-76.678,38.911],[-76.678,38.914]],[[-76.683,38.919],[-76.685,38.919],[-76.686,38.918],[-76.679,38.916],[-76.683,38.919]],[[-76.683,38.926],[-76.681,38.93],[-76.681,38.931],[-76.698,38.984],[-76.691,38.924],[-76.683,38.926]],[[-76.756,39.038],[-76.758,39.038],[-76.762,39.035],[-76.748,39.034],[-76.756,39.038]],[[-76.764,39.038],[-76.764,39.039],[-76.765,39.04],[-76.764,39.037],[-76.764,39.038]],[[-76.77,39.041],[-76.774,39.041],[-76.769,39.039],[-76.77,39.041]],[[-76.774,39.045],[-76.775,39.045],[-76.776,39.045],[-76.777,39.045],[-76.777,39.044],[-76.774,39.044],[-76.774,39.045]],[[-76.784,39.046],[-76.788,39.045],[-76.787,39.044],[-76.777,39.045],[-76.784,39.046]],[[-76.793,39.05],[-76.794,39.052],[-76.794,39.053],[-76.804,39.062],[-76.793,39.047],[-76.793,39.05]],[[-76.804,39.063],[-76.81,39.061],[-76.804,39.062],[-76.804,39.063]],[[-76.813,39.062],[-76.815,39.062],[-76.816,39.063],[-76.818,39.062],[-76.81,39.061],[-76.813,39.062]],[[-76.831,39.069],[-76.833,39.069],[-76.836,39.068],[-76.818,39.062],[-76.831,39.069]],[[-76.836,39.073],[-76.833,39.076],[-76.838,39.073],[-76.836,39.073]],[[-76.831,39.077],[-76.835,39.083],[-76.833,39.076],[-76.831,39.077]],[[-76.827,39.09],[-76.828,39.095],[-76.835,39.083],[-76.827,39.09]],[[-76.829,39.096],[-76.837,39.097],[-76.828,39.095],[-76.829,39.096]],[[-76.838,39.101],[-76.841,39.106],[-76.843,39.107],[-76.838,39.097],[-76.837,39.097],[-76.838,39.101]],[[-76.845,39.108],[-76.849,39.109],[-76.856,39.111],[-76.868,39.112],[-76.843,39.107],[-76.845,39.108]]],[[[-76.091,39.535],[-76.088,39.537],[-76.088,39.534],[-76.091,39.535]]],[[[-76.265,39.28],[-76.271,39.275],[-76.26,39.292],[-76.265,39.28]]],[[[-76.371,39.238],[-76.385,39.242],[-76.356,39.262],[-76.371,39.238]]],[[[-76.396,39.233],[-76.389,39.235],[-76.393,39.232],[-76.396,39.233]]],[[[-76.698,38.833],[-76.698,38.83],[-76.699,38.832],[-76.698,38.833]]]]}},{"type":"Feature","properties":{"zone":"CE","n_utilities":14,"utilities":["COMMONWEALTH EDISON CO"]},"geometry":{"type":"MultiPolygon","coordinates":[[[[-89.175,41.36],[-89.164,41.354],[-89.177,41.356],[-89.182,41.364],[-89.175,41.36]]],[[[-89.224,41.384],[-89.097,41.372],[-89.081,41.333],[-89.048,41.363],[-89.0,41.346],[-89.045,41.348],[-89.091,41.314],[-89.031,41.293],[-89.068,41.278],[-88.992,41.28],[-88.991,41.376],[-89.028,41.398],[-89.165,41.396],[-89.166,41.489],[-89.857,41.487],[-89.857,41.35],[-89.905,41.371],[-89.904,41.353],[-90.091,41.327],[-90.263,41.326],[-90.262,41.36],[-90.299,41.385],[-90.298,41.449],[-90.352,41.45],[-90.38,41.477],[-90.352,41.509],[-90.195,41.541],[-90.16,41.63],[-90.247,41.652],[-90.342,41.638],[-90.315,41.734],[-90.183,41.806],[-90.152,41.929],[-90.046,41.93],[-90.026,41.996],[-90.129,42.106],[-90.108,42.154],[-90.145,42.186],[-90.25,42.202],[-90.241,42.255],[-90.301,42.278],[-90.287,42.358],[-90.321,42.413],[-90.315,42.454],[-90.383,42.475],[-90.384,42.507],[-87.803,42.493],[-87.828,42.27],[-87.741,42.127],[-87.68,42.079],[-87.624,41.904],[-87.599,41.892],[-87.617,41.891],[-87.605,41.834],[-87.525,41.724],[-87.526,41.032],[-87.433,41.064],[-87.433,41.013],[-87.365,41.013],[-87.367,41.042],[-87.337,41.043],[-87.337,41.013],[-87.276,41.013],[-87.276,40.973],[-87.249,40.972],[-87.247,40.942],[-87.276,40.942],[-87.276,40.911],[-87.23,40.895],[-87.225,40.725],[-87.192,40.71],[-87.211,40.61],[-87.29,40.568],[-87.401,40.657],[-87.428,40.629],[-87.526,40.631],[-87.526,40.935],[-87.76,40.938],[-87.857,40.98],[-88.131,40.976],[-88.129,40.829],[-88.242,40.83],[-88.245,40.922],[-88.329,40.919],[-88.327,40.669],[-88.39,40.666],[-88.387,40.617],[-88.575,40.617],[-88.584,40.758],[-88.713,40.756],[-88.715,40.826],[-88.931,40.826],[-88.929,40.753],[-88.987,40.752],[-88.985,40.665],[-89.085,40.663],[-89.067,40.767],[-89.088,40.767],[-89.089,40.803],[-89.11,40.804],[-89.172,40.927],[-89.308,40.965],[-89.294,41.104],[-89.162,41.104],[-89.163,41.251],[-89.116,41.249],[-89.116,41.277],[-89.082,41.279],[-89.107,41.291],[-89.106,41.324],[-89.175,41.31],[-89.221,41.32],[-89.236,41.333],[-89.129,41.338],[-89.13,41.365],[-89.224,41.384]],[[-89.078,41.303],[-89.078,41.306],[-89.083,41.306],[-89.078,41.303]],[[-89.092,41.303],[-89.092,41.306],[-89.097,41.306],[-89.092,41.303]]]]}},{"type":"Feature","properties":{"zone":"DAY","n_utilities":19,"utilities":["DAYTON POWER & LIGHT CO"]},"geometry":{"type":"MultiPolygon","coordinates":[[[[-85.005,39.82],[-84.919,39.833],[-84.931,39.863],[-84.899,39.863],[-84.893,39.887],[-84.885,39.843],[-84.815,39.842],[-84.813,39.869],[-84.735,39.893],[-84.723,39.95],[-84.798,40.011],[-84.759,40.13],[-84.691,40.187],[-84.698,40.213],[-84.647,40.308],[-84.705,40.362],[-84.799,40.387],[-84.804,40.434],[-84.765,40.451],[-84.663,40.431],[-84.669,40.469],[-84.737,40.496],[-84.741,40.541],[-84.788,40.539],[-84.798,40.788],[-84.714,40.731],[-84.504,40.677],[-84.627,40.626],[-84.616,40.572],[-84.516,40.576],[-84.502,40.601],[-84.369,40.576],[-84.374,40.481],[-84.246,40.489],[-84.251,40.541],[-84.16,40.586],[-84.028,40.616],[-83.843,40.607],[-83.775,40.527],[-83.697,40.53],[-83.636,40.504],[-83.651,40.418],[-83.602,40.384],[-83.531,40.385],[-83.472,40.354],[-83.376,40.362],[-83.358,40.315],[-83.243,40.295],[-83.186,40.18],[-83.384,40.154],[-83.45,40.11],[-83.504,40.111],[-83.514,40.08],[-83.632,40.016],[-83.667,40.062],[-83.74,40.03],[-83.934,40.043],[-83.972,40.078],[-84.026,39.984],[-84.003,39.886],[-84.02,39.82],[-83.965,39.778],[-83.922,39.787],[-83.924,39.828],[-83.85,39.824],[-83.816,39.802],[-83.805,39.746],[-83.771,39.785],[-83.654,39.819],[-83.665,39.847],[-83.591,39.85],[-83.615,39.813],[-83.603,39.784],[-83.514,39.766],[-83.498,39.786],[-83.457,39.773],[-83.468,39.729],[-83.374,39.737],[-83.327,39.729],[-83.281,39.682],[-83.239,39.696],[-83.215,39.675],[-83.242,39.639],[-83.174,39.57],[-83.153,39.574],[-83.166,39.512],[-83.347,39.411],[-83.303,39.345],[-83.36,39.321],[-83.4,39.331],[-83.405,39.411],[-83.469,39.434],[-83.543,39.35],[-83.554,39.275],[-83.705,39.311],[-83.75,39.265],[-83.771,39.18],[-83.868,39.147],[-83.89,39.28],[-83.941,39.327],[-84.049,39.287],[-84.087,39.334],[-84.111,39.494],[-84.267,39.565],[-84.399,39.587],[-84.45,39.535],[-84.464,39.556],[-84.524,39.544],[-84.505,39.52],[-84.479,39.532],[-84.472,39.486],[-84.531,39.461],[-84.56,39.491],[-84.611,39.479],[-84.594,39.444],[-84.658,39.503],[-84.694,39.515],[-84.632,39.446],[-84.652,39.444],[-84.65,39.403],[-84.704,39.458],[-84.682,39.357],[-84.646,39.384],[-84.576,39.373],[-84.585,39.348],[-84.639,39.349],[-84.574,39.313],[-84.64,39.283],[-84.656,39.298],[-84.63,39.328],[-84.675,39.312],[-84.713,39.328],[-84.73,39.284],[-84.807,39.282],[-84.82,39.49],[-84.773,39.483],[-84.77,39.404],[-84.811,39.386],[-84.718,39.385],[-84.755,39.401],[-84.758,39.455],[-84.737,39.464],[-84.757,39.493],[-84.715,39.484],[-84.711,39.512],[-84.751,39.537],[-84.815,39.527],[-84.815,39.619],[-84.796,39.623],[-84.815,39.631],[-84.814,39.787],[-84.814,39.826],[-84.814,39.833],[-84.879,39.794],[-84.941,39.827],[-84.946,39.806],[-85.005,39.82]]],[[[-84.946,39.806],[-84.943,39.8],[-84.946,39.8],[-84.946,39.806]]],[[[-84.302,40.503],[-84.298,40.496],[-84.317,40.486],[-84.326,40.5],[-84.302,40.503]],[[-84.306,40.496],[-84.306,40.493],[-84.304,40.494],[-84.306,40.496]]]]}},{"type":"Feature","properties":{"zone":"DEOK","n_utilities":10,"utilities":["DUKE ENERGY OHIO INC","DUKE ENERGY KENTUCKY"]},"geometry":{"type":"MultiPolygon","coordinates":[[[[-84.568,38.599],[-84.515,38.594],[-84.5,38.541],[-84.518,38.512],[-84.57,38.504],[-84.571,38.435],[-84.608,38.412],[-84.567,38.361],[-84.596,38.337],[-84.576,38.23],[-84.604,38.227],[-84.61,38.25],[-84.639,38.246],[-84.634,38.31],[-84.673,38.293],[-84.657,38.326],[-84.677,38.353],[-84.716,38.368],[-84.869,38.353],[-84.898,38.379],[-84.88,38.419],[-84.928,38.434],[-84.912,38.459],[-84.952,38.427],[-84.944,38.477],[-84.991,38.489],[-84.977,38.513],[-84.998,38.518],[-84.988,38.546],[-85.011,38.563],[-84.971,38.558],[-84.885,38.622],[-84.852,38.62],[-84.906,38.639],[-84.887,38.688],[-84.797,38.632],[-84.757,38.633],[-84.847,38.68],[-84.813,38.719],[-84.9,38.701],[-84.935,38.662],[-84.96,38.674],[-84.922,38.62],[-85.071,38.613],[-85.138,38.683],[-85.014,38.746],[-85.026,38.76],[-84.994,38.778],[-84.919,38.783],[-84.906,38.732],[-84.903,38.719],[-84.874,38.792],[-84.812,38.787],[-84.83,38.831],[-84.785,38.88],[-84.877,38.909],[-84.83,38.973],[-84.897,39.054],[-84.867,39.075],[-84.894,39.082],[-84.871,39.094],[-84.9,39.118],[-84.877,39.132],[-84.864,39.098],[-84.82,39.106],[-84.809,39.532],[-84.733,39.531],[-84.611,39.48],[-84.578,39.49],[-84.607,39.494],[-84.613,39.523],[-84.581,39.519],[-84.545,39.474],[-84.51,39.478],[-84.488,39.483],[-84.482,39.525],[-84.527,39.545],[-84.489,39.566],[-84.385,39.603],[-84.266,39.606],[-84.196,39.576],[-84.19,39.55],[-84.105,39.531],[-84.098,39.47],[-84.056,39.468],[-84.103,39.426],[-84.04,39.383],[-84.079,39.344],[-83.875,39.327],[-83.897,39.305],[-83.876,39.172],[-83.828,39.111],[-83.847,39.098],[-83.843,39.025],[-83.821,39.023],[-83.812,38.981],[-83.784,38.997],[-83.739,38.952],[-83.686,38.952],[-83.686,38.917],[-83.717,38.88],[-83.778,38.861],[-83.753,38.835],[-83.784,38.831],[-83.754,38.774],[-83.793,38.763],[-83.779,38.731],[-83.822,38.71],[-83.859,38.757],[-83.949,38.785],[-84.071,38.77],[-84.212,38.805],[-84.235,38.893],[-84.297,38.977],[-84.315,38.967],[-84.308,38.921],[-84.273,38.915],[-84.247,38.864],[-84.288,38.83],[-84.262,38.833],[-84.254,38.811],[-84.278,38.788],[-84.328,38.812],[-84.375,38.783],[-84.299,38.789],[-84.276,38.777],[-84.287,38.739],[-84.25,38.736],[-84.276,38.713],[-84.312,38.721],[-84.375,38.666],[-84.411,38.679],[-84.406,38.659],[-84.446,38.66],[-84.499,38.611],[-84.552,38.625],[-84.568,38.599]],[[-84.344,39.036],[-84.341,39.035],[-84.342,39.036],[-84.344,39.036]],[[-84.43,39.059],[-84.43,39.057],[-84.426,39.055],[-84.43,39.059]],[[-84.541,39.099],[-84.542,39.1],[-84.544,39.1],[-84.541,39.099]],[[-84.689,39.103],[-84.692,39.106],[-84.69,39.103],[-84.689,39.103]]],[[[-85.047,38.577],[-85.014,38.563],[-85.067,38.567],[-85.075,38.597],[-85.047,38.577]]]]}},{"type":"Feature","properties":{"zone":"DOM","n_utilities":29,"utilities":["VIRGINIA ELECTRIC & POWER CO","NORTHERN VIRGINIA ELEC COOP"]},"geometry":{"type":"MultiPolygon","coordinates":[[[[-75.473,35.656],[-75.461,35.568],[-75.486,35.401],[-75.528,35.216],[-75.608,35.232],[-75.75,35.187],[-75.634,35.23],[-75.597,35.266],[-75.592,35.266],[-75.575,35.262],[-75.536,35.273],[-75.521,35.269],[-75.522,35.268],[-75.521,35.268],[-75.521,35.267],[-75.52,35.267],[-75.467,35.581],[-75.527,35.773],[-75.473,35.656]]],[[[-75.501,35.685],[-75.506,35.684],[-75.505,35.689],[-75.501,35.685]]],[[[-75.521,35.273],[-75.522,35.273],[-75.523,35.274],[-75.523,35.275],[-75.524,35.278],[-75.521,35.275],[-75.522,35.275],[-75.521,35.274],[-75.521,35.273]]],[[[-75.521,35.278],[-75.523,35.281],[-75.522,35.281],[-75.521,35.278]]],[[[-75.521,35.47],[-75.524,35.469],[-75.526,35.477],[-75.521,35.47]]],[[[-75.532,35.765],[-75.537,35.767],[-75.532,35.768],[-75.532,35.765]]],[[[-78.021,35.963],[-78.025,35.968],[-77.992,35.97],[-78.021,35.963]]],[[[-77.944,35.998],[-77.927,35.958],[-77.875,35.986],[-77.846,35.977],[-77.816,36.008],[-77.788,36.007],[-77.784,35.986],[-77.774,36.006],[-77.803,36.041],[-77.804,36.089],[-77.749,36.112],[-77.804,36.15],[-77.887,36.144],[-78.03,36.214],[-78.11,36.21],[-78.133,36.246],[-78.21,36.253],[-78.135,36.362],[-78.259,36.407],[-78.259,36.544],[-77.709,36.545],[-77.679,36.598],[-77.949,36.706],[-78.042,36.6],[-78.185,36.643],[-78.478,36.657],[-78.549,36.626],[-78.575,36.541],[-78.531,36.541],[-78.533,36.501],[-78.558,36.445],[-78.586,36.471],[-78.673,36.474],[-78.709,36.505],[-78.772,36.513],[-78.8,36.328],[-78.709,36.284],[-78.755,36.221],[-78.832,36.221],[-78.87,36.185],[-78.872,36.145],[-78.935,36.054],[-78.983,36.057],[-78.973,36.108],[-79.0,36.118],[-79.02,36.096],[-78.978,35.993],[-79.104,35.957],[-79.055,35.884],[-79.059,35.842],[-79.145,35.849],[-79.145,35.865],[-79.095,35.862],[-79.145,35.968],[-79.23,35.98],[-79.237,35.959],[-79.29,35.997],[-79.292,36.029],[-79.262,36.035],[-79.268,36.267],[-79.352,36.276],[-79.362,36.227],[-79.382,36.223],[-79.397,36.247],[-79.462,36.249],[-79.462,36.209],[-79.499,36.25],[-79.473,36.277],[-79.493,36.283],[-79.493,36.315],[-79.271,36.437],[-79.146,36.393],[-79.143,36.447],[-79.105,36.481],[-79.178,36.542],[-79.099,36.542],[-79.122,36.679],[-79.176,36.719],[-79.4,36.683],[-79.457,36.857],[-79.386,37.147],[-79.28,37.254],[-79.183,37.264],[-78.983,37.368],[-78.976,37.35],[-78.929,37.405],[-78.817,37.428],[-78.674,37.3],[-78.627,37.35],[-78.413,37.324],[-78.52,37.485],[-78.613,37.504],[-78.602,37.549],[-78.351,37.661],[-78.224,37.866],[-78.158,37.753],[-78.132,37.841],[-78.052,37.877],[-77.964,37.818],[-77.929,37.822],[-77.889,37.761],[-77.784,37.722],[-77.738,37.713],[-77.496,37.824],[-77.398,37.777],[-77.332,37.792],[-77.336,37.756],[-77.303,37.755],[-77.323,37.734],[-77.293,37.74],[-77.292,37.714],[-77.247,37.71],[-77.245,37.731],[-77.241,37.687],[-77.184,37.687],[-77.187,37.658],[-77.147,37.675],[-77.108,37.66],[-77.05,37.793],[-76.926,37.924],[-76.921,37.976],[-76.891,37.975],[-76.898,37.951],[-76.794,37.895],[-76.73,37.792],[-76.682,37.781],[-76.674,37.755],[-76.636,37.75],[-76.628,37.748],[-76.62,37.745],[-76.617,37.743],[-76.639,37.72],[-76.6,37.72],[-76.614,37.696],[-76.579,37.672],[-76.622,37.686],[-76.626,37.674],[-76.566,37.642],[-76.593,37.621],[-76.567,37.64],[-76.504,37.604],[-76.433,37.614],[-76.451,37.589],[-76.423,37.591],[-76.44,37.586],[-76.445,37.581],[-76.298,37.56],[-76.329,37.546],[-76.339,37.505],[-76.313,37.485],[-76.287,37.514],[-76.251,37.446],[-76.248,37.377],[-76.285,37.335],[-76.273,37.309],[-76.309,37.33],[-76.3,37.354],[-76.32,37.343],[-76.373,37.385],[-76.406,37.369],[-76.381,37.293],[-76.407,37.273],[-76.39,37.27],[-76.389,37.263],[-76.504,37.245],[-76.656,37.413],[-76.687,37.419],[-76.677,37.433],[-76.695,37.43],[-76.742,37.49],[-76.805,37.522],[-76.803,37.495],[-76.763,37.483],[-76.586,37.274],[-76.473,37.216],[-76.42,37.223],[-76.39,37.194],[-76.391,37.157],[-76.378,37.149],[-76.355,37.15],[-76.352,37.15],[-76.353,37.147],[-76.348,37.139],[-76.346,37.139],[-76.351,37.159],[-76.361,37.163],[-76.349,37.171],[-76.336,37.142],[-76.324,37.14],[-76.311,37.138],[-76.321,37.125],[-76.309,37.137],[-76.306,37.126],[-76.301,37.126],[-76.301,37.129],[-76.304,37.13],[-76.303,37.133],[-76.298,37.131],[-76.301,37.114],[-76.27,37.087],[-76.303,37.002],[-76.341,37.015],[-76.411,36.959],[-76.527,37.081],[-76.564,37.077],[-76.603,37.114],[-76.611,37.115],[-76.632,37.035],[-76.493,36.964],[-76.481,36.911],[-76.449,36.901],[-76.388,36.896],[-76.385,36.924],[-76.325,36.933],[-76.331,36.964],[-76.297,36.969],[-76.186,36.93],[-75.995,36.921],[-75.781,36.252],[-75.532,35.78],[-75.54,35.774],[-75.544,35.795],[-75.554,35.807],[-75.555,35.807],[-75.556,35.808],[-75.595,35.854],[-75.604,35.914],[-75.686,36.015],[-75.687,35.997],[-75.728,36.005],[-75.714,36.015],[-75.727,36.018],[-75.738,36.049],[-75.735,36.046],[-75.722,36.046],[-75.721,36.055],[-75.741,36.056],[-75.774,36.227],[-75.794,36.232],[-75.793,36.233],[-75.784,36.236],[-75.782,36.243],[-75.789,36.254],[-75.81,36.255],[-75.819,36.246],[-75.813,36.257],[-75.81,36.26],[-75.812,36.266],[-75.802,36.256],[-75.8,36.256],[-75.809,36.296],[-75.816,36.291],[-75.818,36.294],[-75.831,36.294],[-75.833,36.296],[-75.837,36.298],[-75.838,36.298],[-75.83,36.285],[-75.838,36.272],[-75.844,36.292],[-75.854,36.293],[-75.822,36.344],[-75.832,36.375],[-75.845,36.38],[-75.848,36.382],[-75.836,36.39],[-75.85,36.4],[-75.844,36.411],[-75.843,36.411],[-75.84,36.416],[-75.847,36.431],[-75.848,36.435],[-75.864,36.454],[-75.867,36.451],[-75.868,36.454],[-75.877,36.455],[-75.88,36.454],[-75.881,36.446],[-75.888,36.444],[-75.887,36.461],[-75.882,36.46],[-75.879,36.46],[-75.871,36.465],[-75.865,36.463],[-75.861,36.473],[-75.878,36.492],[-75.989,36.495],[-75.955,36.517],[-75.997,36.529],[-76.036,36.593],[-76.059,36.596],[-76.042,36.607],[-76.041,36.621],[-76.064,36.694],[-76.082,36.719],[-76.108,36.73],[-76.066,36.686],[-76.07,36.678],[-76.057,36.64],[-76.059,36.637],[-76.062,36.632],[-76.053,36.634],[-76.052,36.624],[-76.056,36.63],[-76.065,36.632],[-76.063,36.634],[-76.067,36.638],[-76.068,36.629],[-76.058,36.629],[-76.058,36.62],[-76.056,36.619],[-76.053,36.616],[-76.05,36.617],[-76.057,36.607],[-76.058,36.61],[-76.06,36.594],[-76.043,36.561],[-76.032,36.556],[-76.026,36.524],[-76.048,36.525],[-76.043,36.503],[-76.007,36.443],[-75.924,36.425],[-75.933,36.365],[-75.883,36.285],[-75.859,36.283],[-75.868,36.267],[-75.848,36.253],[-75.856,36.247],[-75.87,36.247],[-75.874,36.245],[-75.867,36.245],[-75.87,36.242],[-75.868,36.237],[-75.846,36.229],[-75.853,36.208],[-75.84,36.197],[-75.844,36.193],[-75.848,36.193],[-75.849,36.192],[-75.794,36.072],[-75.86,36.118],[-75.876,36.184],[-75.947,36.257],[-75.946,36.286],[-75.97,36.316],[-75.997,36.313],[-76.018,36.347],[-76.026,36.345],[-76.028,36.349],[-76.036,36.355],[-76.047,36.359],[-76.031,36.339],[-76.006,36.306],[-75.949,36.285],[-75.968,36.264],[-75.957,36.197],[-75.911,36.165],[-76.018,36.187],[-76.129,36.29],[-76.203,36.289],[-76.08,36.199],[-76.099,36.178],[-76.075,36.183],[-76.062,36.146],[-76.165,36.124],[-76.22,36.136],[-76.193,36.107],[-76.216,36.096],[-76.392,36.087],[-76.514,36.006],[-76.579,36.011],[-76.607,36.056],[-76.656,36.037],[-76.688,36.06],[-76.685,36.11],[-76.722,36.152],[-76.672,36.303],[-76.7,36.31],[-76.705,36.33],[-76.709,36.337],[-76.715,36.34],[-76.714,36.312],[-76.77,36.368],[-76.932,36.402],[-76.824,36.363],[-76.777,36.359],[-76.7,36.294],[-76.754,36.185],[-76.711,36.004],[-76.682,35.993],[-76.726,35.947],[-76.948,36.025],[-77.064,36.24],[-77.171,36.103],[-77.627,36.263],[-77.7,36.34],[-77.737,36.314],[-77.676,36.241],[-77.642,36.26],[-77.501,36.118],[-77.419,36.143],[-77.217,36.087],[-77.209,36.059],[-77.328,36.037],[-77.301,36.019],[-77.315,35.993],[-77.279,35.972],[-77.296,35.953],[-77.271,35.931],[-77.264,35.964],[-77.197,35.993],[-77.199,35.934],[-77.092,35.925],[-77.044,35.944],[-77.023,35.891],[-77.046,35.875],[-77.035,35.857],[-76.922,35.898],[-76.893,35.864],[-76.896,35.814],[-76.84,35.844],[-76.829,35.886],[-76.745,35.871],[-76.693,35.943],[-76.535,35.943],[-76.401,35.983],[-76.376,35.931],[-76.211,35.987],[-76.059,35.989],[-76.018,35.946],[-76.062,35.958],[-76.07,35.923],[-76.108,35.95],[-76.124,35.951],[-76.127,35.946],[-76.067,35.907],[-76.013,35.924],[-76.063,35.852],[-76.055,35.767],[-76.104,35.799],[-76.123,35.779],[-76.059,35.767],[-76.041,35.674],[-76.172,35.698],[-76.214,35.598],[-76.298,35.609],[-76.27,35.69],[-76.395,35.697],[-76.415,35.794],[-76.494,35.82],[-76.572,35.799],[-76.588,35.744],[-76.654,35.749],[-76.647,35.794],[-76.677,35.813],[-76.735,35.799],[-76.785,35.821],[-76.778,35.705],[-76.986,35.659],[-76.99,35.629],[-77.091,35.681],[-77.085,35.746],[-77.125,35.722],[-77.165,35.76],[-77.173,35.732],[-77.056,35.65],[-77.088,35.594],[-77.092,35.622],[-77.115,35.625],[-77.09,35.658],[-77.322,35.785],[-77.349,35.774],[-77.332,35.689],[-77.397,35.692],[-77.394,35.74],[-77.365,35.74],[-77.364,35.767],[-77.397,35.791],[-77.445,35.674],[-77.353,35.655],[-77.363,35.633],[-77.299,35.623],[-77.329,35.606],[-77.245,35.572],[-77.404,35.523],[-77.413,35.501],[-77.424,35.538],[-77.451,35.544],[-77.445,35.565],[-77.409,35.564],[-77.434,35.585],[-77.446,35.584],[-77.425,35.598],[-77.486,35.604],[-77.428,35.608],[-77.45,35.655],[-77.404,35.619],[-77.393,35.643],[-77.542,35.692],[-77.562,35.677],[-77.602,35.713],[-77.706,35.808],[-77.693,35.912],[-77.757,35.911],[-77.763,35.933],[-77.781,35.927],[-77.837,35.852],[-77.843,35.882],[-77.827,35.874],[-77.811,35.91],[-77.872,35.962],[-77.954,35.949],[-77.951,35.958],[-77.974,35.969],[-77.984,35.97],[-77.944,35.998]],[[-76.067,36.639],[-76.063,36.641],[-76.08,36.64],[-76.067,36.638],[-76.067,36.639]],[[-76.058,36.611],[-76.061,36.614],[-76.066,36.612],[-76.058,36.61],[-76.058,36.611]],[[-76.949,36.47],[-76.932,36.472],[-76.934,36.483],[-76.922,36.489],[-76.921,36.5],[-76.951,36.471],[-76.941,36.405],[-76.932,36.402],[-76.949,36.47]],[[-76.406,36.146],[-76.401,36.147],[-76.411,36.15],[-76.406,36.146]],[[-76.51,36.221],[-76.5,36.225],[-76.496,36.23],[-76.5,36.231],[-76.508,36.232],[-76.509,36.239],[-76.511,36.24],[-76.512,36.24],[-76.511,36.221],[-76.51,36.221]],[[-76.659,37.223],[-76.74,37.213],[-76.703,37.17],[-76.686,37.198],[-76.653,37.151],[-76.619,37.191],[-76.659,37.223]],[[-76.819,37.243],[-76.918,37.238],[-76.851,37.207],[-76.781,37.21],[-76.819,37.243]],[[-76.991,37.305],[-77.016,37.312],[-77.039,37.299],[-77.004,37.293],[-76.999,37.293],[-76.991,37.258],[-76.991,37.305]],[[-77.073,37.328],[-77.13,37.31],[-77.218,37.326],[-77.191,37.285],[-77.076,37.297],[-77.073,37.328]],[[-77.422,36.05],[-77.417,35.959],[-77.459,35.945],[-77.412,35.933],[-77.393,35.951],[-77.413,35.99],[-77.385,36.007],[-77.422,36.05]],[[-77.427,36.137],[-77.427,36.134],[-77.426,36.134],[-77.427,36.137]],[[-77.593,35.905],[-77.598,35.858],[-77.673,35.853],[-77.63,35.822],[-77.596,35.841],[-77.583,35.819],[-77.509,35.813],[-77.484,35.875],[-77.515,35.866],[-77.548,35.89],[-77.55,35.89],[-77.549,35.891],[-77.593,35.905]],[[-77.522,35.891],[-77.525,35.902],[-77.526,35.895],[-77.522,35.891]],[[-77.544,35.922],[-77.542,35.922],[-77.546,35.925],[-77.544,35.922]],[[-77.548,35.924],[-77.589,35.959],[-77.593,35.912],[-77.574,35.91],[-77.548,35.924]],[[-77.602,35.978],[-77.595,35.975],[-77.603,35.998],[-77.602,35.978]],[[-77.638,36.105],[-77.652,36.094],[-77.653,36.089],[-77.631,36.085],[-77.638,36.105]],[[-77.742,35.98],[-77.758,35.978],[-77.745,35.955],[-77.731,36.001],[-77.66,35.955],[-77.706,35.998],[-77.695,36.02],[-77.659,36.019],[-77.697,36.061],[-77.774,35.999],[-77.742,35.98]],[[-77.67,36.078],[-77.67,36.081],[-77.685,36.07],[-77.67,36.078]]],[[[-75.864,36.245],[-75.864,36.242],[-75.867,36.245],[-75.864,36.245]]],[[[-77.89,35.987],[-77.9,36.007],[-77.873,35.995],[-77.89,35.987]]],[[[-77.361,35.669],[-77.379,35.683],[-77.357,35.682],[-77.361,35.669]]],[[[-77.263,35.563],[-77.261,35.561],[-77.265,35.558],[-77.263,35.563]]],[[[-77.44,35.58],[-77.446,35.581],[-77.446,35.583],[-77.44,35.58]]],[[[-77.773,35.927],[-77.773,35.926],[-77.775,35.926],[-77.773,35.927]]],[[[-75.553,35.798],[-75.553,35.796],[-75.555,35.796],[-75.553,35.798]]],[[[-75.553,35.801],[-75.557,35.796],[-75.563,35.8],[-75.553,35.801]]],[[[-75.558,35.807],[-75.557,35.808],[-75.557,35.807],[-75.558,35.807]]],[[[-75.559,35.777],[-75.56,35.779],[-75.558,35.778],[-75.559,35.777]]],[[[-75.56,35.801],[-75.563,35.801],[-75.56,35.803],[-75.56,35.801]]],[[[-75.562,35.778],[-75.559,35.777],[-75.559,35.776],[-75.563,35.775],[-75.563,35.777],[-75.562,35.778]]],[[[-75.563,35.803],[-75.562,35.804],[-75.56,35.803],[-75.563,35.803]]],[[[-75.565,35.794],[-75.566,35.795],[-75.564,35.795],[-75.565,35.794]]],[[[-75.565,35.777],[-75.565,35.778],[-75.564,35.778],[-75.565,35.777]]],[[[-75.566,35.809],[-75.57,35.809],[-75.566,35.813],[-75.566,35.809]]],[[[-75.565,35.811],[-75.564,35.808],[-75.566,35.809],[-75.565,35.811]]],[[[-75.574,35.775],[-75.575,35.776],[-75.567,35.776],[-75.566,35.775],[-75.574,35.775]]],[[[-75.567,35.778],[-75.566,35.777],[-75.566,35.776],[-75.567,35.776],[-75.567,35.778]]],[[[-75.574,35.79],[-75.575,35.789],[-75.583,35.796],[-75.574,35.79]]],[[[-75.576,35.817],[-75.576,35.819],[-75.574,35.818],[-75.576,35.817]]],[[[-75.579,35.78],[-75.578,35.78],[-75.579,35.778],[-75.579,35.78]]],[[[-75.58,35.799],[-75.58,35.801],[-75.579,35.8],[-75.58,35.799]]],[[[-75.581,35.804],[-75.581,35.802],[-75.587,35.81],[-75.581,35.804]]],[[[-75.583,35.774],[-75.589,35.771],[-75.589,35.774],[-75.583,35.774]]],[[[-75.59,35.818],[-75.591,35.82],[-75.589,35.82],[-75.59,35.818]]],[[[-75.589,35.765],[-75.592,35.762],[-75.593,35.768],[-75.589,35.765]]],[[[-75.589,35.796],[-75.598,35.804],[-75.591,35.801],[-75.589,35.796]]],[[[-75.604,35.839],[-75.604,35.844],[-75.602,35.842],[-75.604,35.839]]],[[[-75.605,35.891],[-75.606,35.892],[-75.604,35.894],[-75.603,35.893],[-75.602,35.892],[-75.605,35.891]]],[[[-75.609,35.883],[-75.611,35.887],[-75.608,35.89],[-75.607,35.89],[-75.601,35.889],[-75.609,35.883]]],[[[-75.602,35.885],[-75.603,35.884],[-75.603,35.886],[-75.602,35.885]]],[[[-75.608,35.88],[-75.609,35.878],[-75.61,35.881],[-75.605,35.884],[-75.608,35.88]]],[[[-75.61,35.893],[-75.613,35.892],[-75.612,35.894],[-75.61,35.893]]],[[[-75.614,35.911],[-75.615,35.912],[-75.614,35.912],[-75.614,35.911]]],[[[-75.612,35.917],[-75.612,35.916],[-75.614,35.917],[-75.612,35.917]]],[[[-75.696,35.938],[-75.66,35.92],[-75.666,35.9],[-75.645,35.91],[-75.616,35.827],[-75.65,35.826],[-75.66,35.868],[-75.724,35.927],[-75.696,35.938]]],[[[-75.622,35.896],[-75.622,35.9],[-75.618,35.9],[-75.622,35.896]]],[[[-75.62,35.821],[-75.62,35.823],[-75.616,35.826],[-75.62,35.821]]],[[[-75.617,35.889],[-75.62,35.891],[-75.616,35.894],[-75.617,35.889]]],[[[-75.621,35.819],[-75.619,35.82],[-75.62,35.817],[-75.621,35.819]]],[[[-75.622,35.892],[-75.623,35.894],[-75.621,35.895],[-75.622,35.892]]],[[[-75.619,35.811],[-75.621,35.807],[-75.628,35.813],[-75.619,35.811]]],[[[-75.621,35.806],[-75.62,35.805],[-75.621,35.804],[-75.621,35.806]]],[[[-75.622,35.816],[-75.62,35.816],[-75.621,35.815],[-75.622,35.816]]],[[[-75.622,35.819],[-75.622,35.818],[-75.623,35.818],[-75.622,35.819]]],[[[-75.625,35.818],[-75.624,35.818],[-75.628,35.817],[-75.629,35.819],[-75.625,35.818]]],[[[-75.641,35.821],[-75.641,35.817],[-75.652,35.823],[-75.641,35.821]]],[[[-75.653,35.823],[-75.657,35.823],[-75.658,35.824],[-75.653,35.823]]],[[[-75.661,35.833],[-75.658,35.838],[-75.655,35.835],[-75.661,35.833]]],[[[-75.657,35.83],[-75.655,35.83],[-75.656,35.828],[-75.657,35.83]]],[[[-75.661,35.825],[-75.658,35.824],[-75.659,35.823],[-75.661,35.825]]],[[[-75.669,35.829],[-75.674,35.83],[-75.668,35.834],[-75.662,35.833],[-75.669,35.829]]],[[[-75.683,35.229],[-75.695,35.221],[-75.681,35.234],[-75.683,35.229]]],[[[-75.738,36.05],[-75.738,36.052],[-75.731,36.05],[-75.738,36.05]]],[[[-75.783,36.221],[-75.783,36.222],[-75.782,36.222],[-75.783,36.221]]],[[[-75.788,36.243],[-75.788,36.242],[-75.789,36.241],[-75.791,36.238],[-75.79,36.235],[-75.804,36.236],[-75.805,36.241],[-75.798,36.24],[-75.797,36.239],[-75.788,36.243]]],[[[-75.787,36.24],[-75.786,36.241],[-75.785,36.241],[-75.785,36.238],[-75.787,36.239],[-75.787,36.24]]],[[[-75.788,36.224],[-75.785,36.223],[-75.786,36.222],[-75.788,36.224]]],[[[-75.788,36.242],[-75.786,36.243],[-75.786,36.241],[-75.788,36.242]]],[[[-75.789,36.241],[-75.787,36.24],[-75.788,36.239],[-75.789,36.241]]],[[[-75.792,36.235],[-75.791,36.234],[-75.793,36.233],[-75.792,36.235]]],[[[-75.792,36.227],[-75.792,36.226],[-75.793,36.226],[-75.792,36.227]]],[[[-75.797,36.215],[-75.795,36.215],[-75.795,36.213],[-75.797,36.215]]],[[[-75.796,36.233],[-75.796,36.232],[-75.797,36.232],[-75.796,36.233]]],[[[-75.801,36.242],[-75.799,36.245],[-75.798,36.24],[-75.801,36.242]]],[[[-75.8,36.22],[-75.801,36.219],[-75.801,36.22],[-75.8,36.22]]],[[[-75.806,36.252],[-75.804,36.25],[-75.807,36.249],[-75.806,36.252]]],[[[-75.805,36.234],[-75.811,36.235],[-75.811,36.237],[-75.805,36.234]]],[[[-75.808,36.124],[-75.81,36.129],[-75.809,36.129],[-75.808,36.124]]],[[[-75.809,36.241],[-75.809,36.244],[-75.809,36.245],[-75.808,36.244],[-75.809,36.241]]],[[[-75.811,36.247],[-75.809,36.247],[-75.809,36.245],[-75.81,36.245],[-75.811,36.247]]],[[[-75.814,36.276],[-75.813,36.28],[-75.813,36.277],[-75.814,36.276]]],[[[-75.815,36.26],[-75.813,36.257],[-75.816,36.255],[-75.816,36.254],[-75.817,36.255],[-75.815,36.26]]],[[[-75.822,36.255],[-75.826,36.261],[-75.822,36.27],[-75.822,36.255]]],[[[-75.815,36.287],[-75.814,36.286],[-75.816,36.285],[-75.815,36.287]]],[[[-75.82,36.292],[-75.818,36.291],[-75.819,36.29],[-75.82,36.292]]],[[[-75.819,36.251],[-75.82,36.25],[-75.821,36.251],[-75.819,36.251]]],[[[-75.828,36.267],[-75.829,36.267],[-75.828,36.269],[-75.828,36.267]]],[[[-75.83,36.196],[-75.828,36.19],[-75.85,36.213],[-75.83,36.196]]],[[[-75.848,36.378],[-75.848,36.38],[-75.845,36.38],[-75.845,36.378],[-75.848,36.378]]],[[[-75.856,36.425],[-75.847,36.431],[-75.847,36.425],[-75.856,36.425]]],[[[-75.853,36.331],[-75.849,36.332],[-75.85,36.329],[-75.853,36.331]]],[[[-75.852,36.29],[-75.852,36.292],[-75.85,36.291],[-75.852,36.29]]],[[[-75.861,36.388],[-75.86,36.386],[-75.861,36.386],[-75.861,36.388]]],[[[-75.863,36.442],[-75.862,36.441],[-75.863,36.44],[-75.863,36.442]]],[[[-75.865,36.241],[-75.864,36.242],[-75.864,36.241],[-75.865,36.241]]],[[[-75.865,36.444],[-75.866,36.442],[-75.866,36.443],[-75.865,36.444]]],[[[-75.865,36.238],[-75.866,36.238],[-75.866,36.241],[-75.865,36.238]]],[[[-75.871,36.466],[-75.872,36.467],[-75.869,36.469],[-75.871,36.466]]],[[[-75.869,36.443],[-75.871,36.445],[-75.874,36.442],[-75.875,36.451],[-75.869,36.447],[-75.869,36.443]]],[[[-75.867,36.449],[-75.869,36.45],[-75.869,36.452],[-75.867,36.449]]],[[[-75.868,36.472],[-75.88,36.467],[-75.88,36.472],[-75.868,36.472]]],[[[-75.869,36.441],[-75.871,36.439],[-75.871,36.443],[-75.869,36.441]]],[[[-75.871,36.406],[-75.87,36.406],[-75.87,36.404],[-75.871,36.406]]],[[[-75.872,36.466],[-75.871,36.466],[-75.871,36.465],[-75.873,36.465],[-75.872,36.466]]],[[[-75.884,36.439],[-75.878,36.449],[-75.878,36.443],[-75.884,36.439]]],[[[-75.884,36.478],[-75.877,36.474],[-75.881,36.473],[-75.884,36.478]]],[[[-75.879,36.483],[-75.878,36.481],[-75.88,36.481],[-75.879,36.483]]],[[[-75.882,36.463],[-75.88,36.463],[-75.881,36.461],[-75.882,36.463]]],[[[-75.881,36.485],[-75.882,36.484],[-75.882,36.485],[-75.881,36.485]]],[[[-75.884,36.488],[-75.881,36.486],[-75.882,36.485],[-75.884,36.488]]],[[[-75.883,36.481],[-75.886,36.484],[-75.883,36.485],[-75.882,36.482],[-75.883,36.481]]],[[[-75.885,36.49],[-75.883,36.489],[-75.884,36.488],[-75.885,36.49]]],[[[-75.885,36.473],[-75.893,36.474],[-75.889,36.475],[-75.889,36.482],[-75.885,36.473]]],[[[-75.888,36.461],[-75.893,36.461],[-75.885,36.464],[-75.888,36.461]]],[[[-75.886,36.472],[-75.894,36.47],[-75.893,36.472],[-75.886,36.472]]],[[[-75.89,36.448],[-75.889,36.449],[-75.889,36.446],[-75.89,36.448]]],[[[-75.893,36.479],[-75.894,36.48],[-75.89,36.48],[-75.893,36.479]]],[[[-75.894,36.467],[-75.899,36.465],[-75.898,36.472],[-75.894,36.467]]],[[[-75.897,36.474],[-75.896,36.475],[-75.895,36.473],[-75.897,36.474]]],[[[-75.952,36.261],[-75.952,36.265],[-75.949,36.265],[-75.952,36.261]]],[[[-75.956,36.264],[-75.951,36.259],[-75.959,36.26],[-75.959,36.265],[-75.956,36.264]]],[[[-75.955,36.243],[-75.958,36.249],[-75.956,36.248],[-75.955,36.243]]],[[[-76.027,36.344],[-76.025,36.344],[-76.031,36.339],[-76.027,36.344]]],[[[-76.056,36.607],[-76.052,36.611],[-76.049,36.607],[-76.056,36.607]]],[[[-76.056,36.619],[-76.056,36.623],[-76.052,36.624],[-76.051,36.624],[-76.056,36.619]]],[[[-76.053,36.636],[-76.058,36.635],[-76.059,36.637],[-76.053,36.636]]],[[[-76.064,36.667],[-76.065,36.668],[-76.063,36.67],[-76.064,36.667]]],[[[-76.107,36.981],[-76.105,36.984],[-76.106,36.981],[-76.107,36.981]]],[[[-78.248,38.956],[-78.254,38.955],[-78.253,38.958],[-78.248,38.956]]],[[[-78.188,38.944],[-78.179,38.963],[-78.149,38.953],[-78.153,38.97],[-78.122,38.957],[-78.181,38.897],[-78.197,38.909],[-78.214,38.904],[-78.215,38.948],[-78.248,38.956],[-78.188,38.944]]],[[[-78.216,38.902],[-78.218,38.9],[-78.227,38.903],[-78.216,38.902]]],[[[-78.201,38.905],[-78.195,38.903],[-78.196,38.901],[-78.201,38.905]]],[[[-78.13,38.932],[-78.129,38.922],[-78.132,38.923],[-78.13,38.932]]],[[[-78.081,38.939],[-78.076,38.912],[-78.128,38.923],[-78.081,38.939]]],[[[-78.075,38.912],[-77.863,39.081],[-77.731,39.315],[-77.565,39.305],[-77.542,39.266],[-77.458,39.224],[-77.517,39.17],[-77.521,39.121],[-77.458,39.074],[-77.339,39.063],[-77.249,39.027],[-77.245,38.983],[-77.147,38.964],[-77.04,38.871],[-77.043,38.718],[-77.083,38.707],[-77.048,38.616],[-77.002,38.655],[-76.862,38.658],[-76.749,38.619],[-76.74,38.558],[-76.712,38.549],[-76.672,38.526],[-76.69,38.496],[-76.768,38.513],[-76.85,38.399],[-76.92,38.391],[-76.856,38.359],[-76.87,38.332],[-76.842,38.255],[-76.925,38.292],[-76.942,38.331],[-76.968,38.301],[-76.902,38.251],[-76.891,38.204],[-76.817,38.168],[-76.552,38.143],[-76.542,38.106],[-76.476,38.068],[-76.456,38.021],[-76.177,37.883],[-76.203,37.814],[-76.267,37.799],[-76.226,37.777],[-76.266,37.761],[-76.22,37.608],[-76.302,37.603],[-76.334,37.624],[-76.361,37.609],[-76.417,37.639],[-76.511,37.643],[-76.537,37.664],[-76.541,37.72],[-76.57,37.734],[-76.573,37.779],[-76.602,37.773],[-76.619,37.784],[-76.604,37.78],[-76.596,37.787],[-76.726,37.836],[-76.727,37.867],[-76.897,37.989],[-76.926,38.076],[-77.049,38.114],[-77.06,38.162],[-77.072,38.146],[-77.215,38.2],[-77.253,38.189],[-77.259,38.237],[-77.291,38.224],[-77.292,38.242],[-77.341,38.253],[-77.402,38.212],[-77.447,38.251],[-77.618,38.16],[-77.626,38.191],[-77.574,38.238],[-77.591,38.274],[-77.638,38.272],[-77.702,38.361],[-77.621,38.385],[-77.62,38.514],[-77.66,38.52],[-77.675,38.551],[-77.612,38.576],[-77.626,38.596],[-77.733,38.58],[-77.687,38.477],[-77.746,38.521],[-77.776,38.499],[-77.777,38.532],[-77.809,38.484],[-78.048,38.376],[-78.084,38.41],[-78.057,38.482],[-78.174,38.522],[-78.141,38.549],[-77.998,38.502],[-77.957,38.516],[-77.842,38.582],[-77.822,38.651],[-77.838,38.663],[-77.871,38.636],[-77.899,38.66],[-77.863,38.707],[-77.833,38.709],[-77.86,38.764],[-77.924,38.768],[-77.927,38.748],[-78.023,38.77],[-78.026,38.796],[-78.13,38.863],[-78.061,38.9],[-78.085,38.909],[-78.076,38.912],[-78.075,38.912]],[[-77.179,38.342],[-77.044,38.4],[-77.016,38.368],[-76.988,38.394],[-77.016,38.444],[-77.041,38.444],[-77.208,38.36],[-77.265,38.414],[-77.31,38.397],[-77.283,38.343],[-77.179,38.342]],[[-77.24,38.235],[-77.243,38.233],[-77.23,38.235],[-77.24,38.235]],[[-77.288,38.641],[-77.288,38.654],[-77.289,38.654],[-77.298,38.619],[-77.288,38.641]],[[-77.305,38.657],[-77.312,38.653],[-77.289,38.654],[-77.305,38.657]],[[-77.32,38.586],[-77.316,38.596],[-77.315,38.605],[-77.32,38.586]],[[-77.351,38.66],[-77.343,38.655],[-77.334,38.657],[-77.368,38.671],[-77.351,38.66]],[[-77.342,38.558],[-77.34,38.565],[-77.353,38.583],[-77.342,38.558]],[[-77.5,38.487],[-77.501,38.481],[-77.485,38.461],[-77.5,38.487]],[[-77.504,38.438],[-77.501,38.436],[-77.5,38.436],[-77.506,38.454],[-77.504,38.438]]],[[[-78.086,38.906],[-78.092,38.912],[-78.086,38.91],[-78.086,38.906]]],[[[-78.228,38.958],[-78.231,38.957],[-78.23,38.958],[-78.228,38.958]]],[[[-76.293,37.127],[-76.292,37.124],[-76.295,37.124],[-76.293,37.127]]],[[[-76.305,36.985],[-76.302,36.987],[-76.3,36.986],[-76.305,36.985]]],[[[-76.304,37.127],[-76.305,37.128],[-76.304,37.13],[-76.304,37.127]]],[[[-76.318,36.999],[-76.32,37.003],[-76.319,37.003],[-76.318,36.999]]],[[[-76.324,37.14],[-76.326,37.143],[-76.32,37.141],[-76.324,37.14]]],[[[-76.337,37.154],[-76.335,37.153],[-76.339,37.153],[-76.341,37.157],[-76.337,37.154]]],[[[-76.36,37.158],[-76.359,37.158],[-76.357,37.155],[-76.36,37.158]]],[[[-76.362,37.154],[-76.373,37.156],[-76.375,37.162],[-76.362,37.154]]],[[[-76.371,37.275],[-76.368,37.275],[-76.368,37.274],[-76.374,37.268],[-76.385,37.272],[-76.371,37.275]]],[[[-76.371,37.152],[-76.372,37.153],[-76.37,37.153],[-76.371,37.152]]],[[[-76.389,37.227],[-76.385,37.229],[-76.384,37.227],[-76.389,37.227]]],[[[-76.399,37.218],[-76.395,37.215],[-76.4,37.217],[-76.399,37.219],[-76.403,37.222],[-76.393,37.223],[-76.399,37.218]]],[[[-76.394,37.214],[-76.396,37.212],[-76.395,37.215],[-76.394,37.214]]],[[[-76.403,37.214],[-76.416,37.223],[-76.404,37.223],[-76.403,37.214]]],[[[-76.404,36.944],[-76.406,36.948],[-76.405,36.948],[-76.404,36.944]]],[[[-76.596,37.102],[-76.598,37.104],[-76.596,37.104],[-76.596,37.102]]],[[[-76.606,37.113],[-76.605,37.113],[-76.605,37.112],[-76.606,37.113]]],[[[-76.911,35.998],[-76.904,35.961],[-76.925,35.989],[-76.957,35.978],[-76.966,36.003],[-76.911,35.998]]],[[[-77.004,37.293],[-77.014,37.303],[-77.007,37.302],[-77.004,37.293]]],[[[-77.184,35.584],[-77.173,35.648],[-77.143,35.644],[-77.145,35.584],[-77.111,35.572],[-77.143,35.518],[-77.184,35.584]]],[[[-77.286,38.02],[-77.364,37.999],[-77.395,38.025],[-77.333,38.072],[-77.286,38.02]]],[[[-77.414,35.5],[-77.403,35.475],[-77.415,35.47],[-77.41,35.465],[-77.416,35.461],[-77.413,35.454],[-77.418,35.45],[-77.438,35.476],[-77.454,35.477],[-77.414,35.5]]],[[[-77.457,35.463],[-77.466,35.462],[-77.454,35.477],[-77.457,35.463]]],[[[-77.584,35.916],[-77.584,35.927],[-77.569,35.926],[-77.584,35.916]]],[[[-77.758,35.998],[-77.751,36.0],[-77.755,35.996],[-77.758,35.998]]],[[[-77.725,35.819],[-77.749,35.82],[-77.768,35.837],[-77.758,35.871],[-77.724,35.87],[-77.725,35.819]]],[[[-78.691,38.51],[-78.633,38.497],[-78.623,38.465],[-78.548,38.426],[-78.486,38.418],[-78.553,38.336],[-78.658,38.287],[-78.637,38.269],[-78.678,38.216],[-78.698,38.106],[-78.637,38.127],[-78.612,38.22],[-78.585,38.229],[-78.439,38.206],[-78.421,38.172],[-78.303,38.104],[-78.218,38.242],[-78.095,38.311],[-77.965,38.266],[-78.001,38.137],[-78.102,38.152],[-78.116,38.115],[-77.914,38.056],[-77.923,38.015],[-78.055,37.983],[-78.111,38.083],[-78.175,38.068],[-78.2,38.011],[-78.306,38.007],[-78.296,37.906],[-78.378,37.925],[-78.42,37.878],[-78.527,37.869],[-78.561,37.908],[-78.523,37.987],[-78.818,38.013],[-78.839,38.048],[-78.907,37.987],[-78.899,37.949],[-78.942,37.94],[-79.005,37.882],[-79.062,37.918],[-79.15,37.888],[-79.171,37.801],[-79.209,37.789],[-79.233,37.813],[-79.298,37.75],[-79.369,37.567],[-79.445,37.618],[-79.44,37.564],[-79.559,37.496],[-79.593,37.449],[-79.659,37.485],[-79.686,37.478],[-79.73,37.557],[-79.671,37.679],[-79.682,37.74],[-79.84,37.75],[-80.037,37.725],[-80.077,37.759],[-80.134,37.757],[-80.282,37.663],[-80.296,37.678],[-80.252,37.726],[-80.249,37.768],[-80.216,37.776],[-80.22,37.808],[-80.116,37.907],[-80.1,37.883],[-80.115,37.818],[-80.088,37.807],[-79.957,37.856],[-79.942,37.801],[-79.856,37.81],[-79.837,37.917],[-79.787,37.917],[-79.693,37.844],[-79.654,37.868],[-79.482,38.086],[-79.386,38.161],[-79.304,38.174],[-79.207,38.231],[-79.072,38.438],[-78.984,38.492],[-79.108,38.517],[-79.121,38.562],[-79.083,38.577],[-79.039,38.53],[-78.925,38.566],[-78.826,38.697],[-78.718,38.766],[-78.723,38.8],[-78.845,38.799],[-78.811,38.849],[-78.761,38.859],[-78.741,38.829],[-78.632,38.844],[-78.619,38.939],[-78.543,38.939],[-78.503,38.968],[-78.489,39.013],[-78.402,38.991],[-78.407,38.949],[-78.445,38.911],[-78.543,38.865],[-78.562,38.719],[-78.691,38.51]]],[[[-79.828,37.65],[-79.799,37.616],[-79.853,37.599],[-79.876,37.631],[-79.828,37.65]]],[[[-81.225,37.235],[-81.285,37.216],[-81.264,37.173],[-81.333,37.149],[-81.267,37.127],[-81.263,37.106],[-81.326,37.067],[-81.461,37.037],[-81.437,37.01],[-81.479,36.987],[-81.474,37.018],[-81.683,36.933],[-81.709,36.977],[-81.781,36.959],[-81.818,37.043],[-81.902,37.139],[-81.762,37.202],[-81.739,37.238],[-81.678,37.202],[-81.556,37.207],[-81.499,37.258],[-81.416,37.274],[-81.365,37.338],[-81.225,37.235]]]]}},{"type":"Feature","properties":{"zone":"DPL","n_utilities":14,"utilities":["DELMARVA POWER","CHOPTANK ELECTRIC COOPERATIVE, INC","A & N ELECTRIC COOP"]},"geometry":{"type":"MultiPolygon","coordinates":[[[[-76.236,37.887],[-76.201,38.077],[-76.315,38.3],[-76.336,38.388],[-76.426,38.508],[-76.464,38.71],[-76.436,38.807],[-76.358,38.812],[-76.264,38.881],[-76.228,38.858],[-76.238,38.831],[-76.205,38.834],[-76.202,38.936],[-76.336,38.906],[-76.332,38.864],[-76.376,38.838],[-76.362,38.939],[-76.311,39.036],[-76.282,38.977],[-76.201,38.963],[-76.146,38.998],[-76.179,39.054],[-76.142,39.096],[-76.078,39.118],[-76.068,39.14],[-76.076,39.149],[-76.042,39.162],[-76.037,39.168],[-76.042,39.182],[-76.064,39.188],[-76.057,39.208],[-76.022,39.215],[-76.008,39.237],[-75.986,39.222],[-75.985,39.245],[-75.931,39.233],[-75.924,39.244],[-75.909,39.234],[-75.892,39.248],[-75.985,39.246],[-76.01,39.24],[-76.057,39.21],[-76.069,39.191],[-76.041,39.167],[-76.081,39.149],[-76.075,39.134],[-76.157,39.095],[-76.187,39.067],[-76.195,38.996],[-76.26,39.012],[-76.274,39.077],[-76.352,39.056],[-76.353,39.14],[-76.321,39.22],[-76.141,39.38],[-76.055,39.422],[-76.036,39.472],[-76.136,39.614],[-76.218,39.621],[-76.266,39.598],[-76.297,39.631],[-76.399,39.618],[-76.411,39.689],[-76.443,39.721],[-75.774,39.722],[-75.728,39.784],[-75.649,39.826],[-75.468,39.826],[-75.405,39.796],[-75.46,39.766],[-75.477,39.716],[-75.56,39.63],[-75.512,39.568],[-75.56,39.455],[-75.444,39.355],[-75.478,39.336],[-75.404,39.257],[-75.4,39.067],[-75.317,38.986],[-75.309,38.92],[-75.182,38.801],[-75.114,38.782],[-75.092,38.803],[-75.062,38.609],[-75.091,38.616],[-75.066,38.615],[-75.078,38.694],[-75.151,38.695],[-75.132,38.636],[-75.103,38.635],[-75.101,38.633],[-75.109,38.63],[-75.11,38.626],[-75.103,38.629],[-75.097,38.621],[-75.168,38.619],[-75.158,38.602],[-75.221,38.559],[-75.195,38.569],[-75.204,38.557],[-75.201,38.554],[-75.2,38.549],[-75.198,38.547],[-75.134,38.594],[-75.064,38.576],[-75.067,38.603],[-75.069,38.604],[-75.073,38.605],[-75.079,38.603],[-75.078,38.606],[-75.06,38.608],[-75.049,38.451],[-74.986,38.452],[-75.0,38.372],[-75.166,38.028],[-75.242,38.027],[-75.374,37.855],[-75.404,37.877],[-75.383,37.894],[-75.409,37.904],[-75.246,38.027],[-75.397,38.013],[-75.377,38.009],[-75.429,37.988],[-75.436,37.954],[-75.411,37.917],[-75.442,37.907],[-75.443,37.904],[-75.448,37.893],[-75.447,37.893],[-75.43,37.883],[-75.417,37.889],[-75.508,37.81],[-75.582,37.693],[-75.566,37.74],[-75.6,37.722],[-75.614,37.692],[-75.616,37.688],[-75.599,37.674],[-75.592,37.673],[-75.614,37.613],[-75.639,37.658],[-75.675,37.615],[-75.65,37.619],[-75.646,37.591],[-75.625,37.568],[-75.617,37.578],[-75.599,37.569],[-75.672,37.482],[-75.671,37.52],[-75.732,37.55],[-75.755,37.507],[-75.734,37.493],[-75.709,37.505],[-75.705,37.487],[-75.723,37.473],[-75.725,37.489],[-75.776,37.494],[-75.819,37.457],[-75.795,37.4],[-75.85,37.399],[-75.891,37.365],[-75.928,37.286],[-75.911,37.285],[-75.873,37.295],[-75.85,37.269],[-75.888,37.207],[-75.868,37.19],[-75.806,37.202],[-75.916,37.112],[-75.906,37.225],[-75.938,37.202],[-75.934,37.137],[-75.934,37.131],[-75.97,37.116],[-76.028,37.266],[-76.013,37.333],[-75.966,37.384],[-75.984,37.426],[-75.95,37.522],[-75.926,37.535],[-75.939,37.57],[-75.907,37.625],[-75.873,37.633],[-75.89,37.651],[-75.865,37.646],[-75.88,37.659],[-75.8,37.769],[-75.718,37.775],[-75.713,37.837],[-75.676,37.841],[-75.693,37.868],[-75.679,37.89],[-75.718,37.911],[-75.727,37.897],[-75.754,37.898],[-75.753,37.901],[-75.716,37.938],[-75.644,37.936],[-75.635,37.953],[-75.762,37.941],[-75.801,37.912],[-75.953,37.907],[-75.944,37.946],[-76.021,37.954],[-76.236,37.887]],[[-75.688,37.55],[-75.675,37.53],[-75.673,37.53],[-75.667,37.529],[-75.647,37.535],[-75.625,37.568],[-75.688,37.55]],[[-75.083,38.464],[-75.096,38.461],[-75.088,38.452],[-75.073,38.451],[-75.083,38.464]]],[[[-75.672,37.535],[-75.673,37.53],[-75.674,37.535],[-75.672,37.535]]],[[[-75.069,38.589],[-75.07,38.587],[-75.07,38.59],[-75.069,38.589]]],[[[-75.071,38.603],[-75.069,38.604],[-75.071,38.601],[-75.071,38.603]]],[[[-75.075,38.622],[-75.07,38.62],[-75.071,38.618],[-75.075,38.622]]],[[[-75.074,38.591],[-75.071,38.593],[-75.072,38.591],[-75.074,38.591]]],[[[-75.071,38.591],[-75.07,38.59],[-75.071,38.588],[-75.071,38.591]]],[[[-75.072,38.625],[-75.072,38.627],[-75.071,38.626],[-75.072,38.625]]],[[[-75.072,38.635],[-75.071,38.635],[-75.072,38.633],[-75.072,38.635]]],[[[-75.076,38.623],[-75.076,38.626],[-75.071,38.622],[-75.076,38.623]]],[[[-75.08,38.642],[-75.075,38.641],[-75.072,38.641],[-75.074,38.64],[-75.08,38.642]]],[[[-75.074,38.626],[-75.076,38.626],[-75.076,38.627],[-75.073,38.628],[-75.074,38.626]]],[[[-75.078,38.643],[-75.073,38.643],[-75.074,38.642],[-75.078,38.643]]],[[[-75.074,38.649],[-75.078,38.65],[-75.079,38.651],[-75.076,38.651],[-75.076,38.65],[-75.074,38.649]]],[[[-75.077,38.618],[-75.075,38.618],[-75.075,38.617],[-75.077,38.617],[-75.077,38.618]]],[[[-75.076,38.62],[-75.075,38.618],[-75.078,38.619],[-75.076,38.62]]],[[[-75.079,38.634],[-75.082,38.639],[-75.079,38.637],[-75.079,38.634]]],[[[-75.076,38.623],[-75.075,38.622],[-75.077,38.621],[-75.076,38.623]]],[[[-75.076,38.631],[-75.078,38.633],[-75.077,38.633],[-75.076,38.631]]],[[[-75.076,38.623],[-75.078,38.624],[-75.077,38.625],[-75.076,38.623]]],[[[-75.08,38.457],[-75.083,38.457],[-75.083,38.458],[-75.08,38.457]]],[[[-75.094,38.622],[-75.101,38.631],[-75.098,38.632],[-75.094,38.622]]],[[[-75.096,38.619],[-75.093,38.618],[-75.094,38.617],[-75.096,38.619]]],[[[-75.274,38.023],[-75.273,38.023],[-75.274,38.021],[-75.274,38.023]]],[[[-75.28,38.011],[-75.279,38.013],[-75.278,38.013],[-75.276,38.009],[-75.28,38.011]]],[[[-75.281,38.015],[-75.279,38.013],[-75.282,38.013],[-75.281,38.015]]],[[[-75.323,37.996],[-75.322,37.995],[-75.324,37.994],[-75.323,37.996]]],[[[-75.373,37.946],[-75.369,37.949],[-75.367,37.948],[-75.373,37.946]]],[[[-75.374,37.939],[-75.376,37.936],[-75.378,37.936],[-75.374,37.939]]],[[[-75.383,37.939],[-75.397,37.926],[-75.399,37.941],[-75.402,37.945],[-75.383,37.939]]],[[[-75.397,37.924],[-75.395,37.925],[-75.396,37.922],[-75.397,37.924]]],[[[-75.398,37.918],[-75.402,37.917],[-75.414,37.936],[-75.398,37.918]]],[[[-75.412,37.902],[-75.408,37.896],[-75.41,37.895],[-75.412,37.902]]],[[[-75.414,37.937],[-75.412,37.938],[-75.412,37.936],[-75.414,37.937]]],[[[-75.413,37.938],[-75.414,37.937],[-75.415,37.936],[-75.416,37.938],[-75.413,37.938]]],[[[-75.425,37.905],[-75.413,37.907],[-75.414,37.904],[-75.417,37.904],[-75.417,37.903],[-75.414,37.903],[-75.418,37.902],[-75.419,37.901],[-75.425,37.905]]],[[[-75.421,37.953],[-75.42,37.955],[-75.419,37.953],[-75.421,37.953]]],[[[-75.421,37.952],[-75.419,37.952],[-75.419,37.95],[-75.421,37.952]]],[[[-75.424,37.897],[-75.426,37.902],[-75.425,37.903],[-75.424,37.897]]],[[[-75.432,37.886],[-75.436,37.889],[-75.43,37.894],[-75.432,37.886]]],[[[-75.427,37.897],[-75.431,37.898],[-75.427,37.899],[-75.427,37.897]]],[[[-75.441,37.897],[-75.441,37.902],[-75.44,37.901],[-75.441,37.897]]],[[[-75.447,37.893],[-75.443,37.904],[-75.443,37.9],[-75.447,37.893]]],[[[-75.584,37.703],[-75.585,37.701],[-75.586,37.703],[-75.585,37.703],[-75.584,37.705],[-75.583,37.704],[-75.584,37.703]]],[[[-75.59,37.699],[-75.588,37.701],[-75.587,37.7],[-75.59,37.699]]],[[[-75.594,37.696],[-75.592,37.7],[-75.59,37.698],[-75.594,37.696]]],[[[-75.591,37.682],[-75.594,37.676],[-75.604,37.68],[-75.591,37.682]]],[[[-75.596,37.699],[-75.598,37.701],[-75.597,37.702],[-75.596,37.699]]],[[[-75.598,37.693],[-75.599,37.697],[-75.598,37.696],[-75.598,37.693]]],[[[-75.597,37.69],[-75.599,37.69],[-75.603,37.693],[-75.603,37.694],[-75.597,37.69]]],[[[-75.614,37.692],[-75.6,37.69],[-75.606,37.685],[-75.614,37.692]]],[[[-75.603,37.691],[-75.605,37.693],[-75.603,37.693],[-75.603,37.691]]],[[[-75.622,37.598],[-75.616,37.612],[-75.612,37.581],[-75.622,37.598]]],[[[-75.629,37.6],[-75.627,37.596],[-75.628,37.597],[-75.629,37.595],[-75.636,37.6],[-75.631,37.598],[-75.629,37.6]]],[[[-75.641,37.602],[-75.64,37.602],[-75.638,37.594],[-75.641,37.602]]],[[[-75.715,37.374],[-75.73,37.368],[-75.692,37.434],[-75.71,37.44],[-75.659,37.463],[-75.715,37.374]]],[[[-75.677,37.507],[-75.679,37.509],[-75.678,37.511],[-75.677,37.507]]],[[[-75.679,37.507],[-75.678,37.507],[-75.678,37.505],[-75.679,37.507]]],[[[-75.682,37.505],[-75.679,37.504],[-75.685,37.496],[-75.682,37.505]]],[[[-75.685,37.457],[-75.71,37.453],[-75.727,37.472],[-75.685,37.457]]],[[[-75.696,37.528],[-75.693,37.527],[-75.696,37.522],[-75.7,37.522],[-75.696,37.528]]],[[[-75.702,37.508],[-75.709,37.511],[-75.705,37.515],[-75.707,37.517],[-75.701,37.522],[-75.702,37.508]]],[[[-75.699,37.506],[-75.698,37.504],[-75.699,37.504],[-75.699,37.506]]],[[[-75.706,37.841],[-75.712,37.842],[-75.705,37.846],[-75.706,37.841]]],[[[-75.715,37.51],[-75.708,37.517],[-75.705,37.515],[-75.709,37.512],[-75.715,37.51]]],[[[-75.717,37.511],[-75.717,37.512],[-75.715,37.511],[-75.717,37.511]]],[[[-75.723,37.515],[-75.722,37.515],[-75.718,37.508],[-75.723,37.515]]],[[[-75.772,37.302],[-75.779,37.3],[-75.723,37.362],[-75.772,37.302]]],[[[-75.728,37.375],[-75.73,37.395],[-75.727,37.395],[-75.728,37.375]]],[[[-75.729,37.513],[-75.725,37.507],[-75.731,37.505],[-75.729,37.513]]],[[[-75.726,37.503],[-75.729,37.503],[-75.728,37.505],[-75.726,37.503]]],[[[-75.735,37.423],[-75.734,37.434],[-75.729,37.435],[-75.735,37.423]]],[[[-75.73,37.86],[-75.73,37.862],[-75.727,37.863],[-75.73,37.86]]],[[[-75.738,37.802],[-75.738,37.807],[-75.735,37.806],[-75.738,37.802]]],[[[-75.736,37.487],[-75.74,37.478],[-75.741,37.487],[-75.736,37.487]]],[[[-75.736,37.509],[-75.736,37.507],[-75.74,37.509],[-75.736,37.509]]],[[[-75.739,37.823],[-75.737,37.823],[-75.744,37.819],[-75.739,37.823]]],[[[-75.738,37.809],[-75.743,37.807],[-75.74,37.809],[-75.738,37.809]]],[[[-75.763,37.783],[-75.77,37.789],[-75.758,37.795],[-75.763,37.783]]],[[[-75.768,37.33],[-75.765,37.341],[-75.76,37.341],[-75.768,37.33]]],[[[-75.771,37.804],[-75.762,37.798],[-75.788,37.805],[-75.771,37.804]]],[[[-75.771,37.786],[-75.785,37.78],[-75.782,37.788],[-75.786,37.788],[-75.785,37.792],[-75.785,37.797],[-75.786,37.8],[-75.771,37.786]]],[[[-75.776,37.329],[-75.789,37.328],[-75.781,37.344],[-75.776,37.329]]],[[[-75.786,37.781],[-75.8,37.783],[-75.798,37.801],[-75.786,37.781]]],[[[-75.798,37.255],[-75.812,37.242],[-75.801,37.298],[-75.798,37.255]]],[[[-75.803,37.787],[-75.806,37.787],[-75.805,37.788],[-75.806,37.796],[-75.803,37.787]]],[[[-75.807,37.786],[-75.806,37.785],[-75.813,37.786],[-75.806,37.789],[-75.807,37.787],[-75.807,37.786]]],[[[-75.809,37.783],[-75.809,37.784],[-75.805,37.784],[-75.805,37.783],[-75.809,37.783]]],[[[-75.829,37.207],[-75.845,37.215],[-75.811,37.238],[-75.829,37.207]]],[[[-75.815,37.782],[-75.81,37.783],[-75.812,37.781],[-75.815,37.782]]],[[[-75.813,37.787],[-75.815,37.786],[-75.817,37.79],[-75.814,37.792],[-75.81,37.791],[-75.813,37.787]]],[[[-75.832,37.271],[-75.837,37.286],[-75.83,37.284],[-75.832,37.271]]],[[[-75.865,37.335],[-75.833,37.337],[-75.901,37.294],[-75.854,37.367],[-75.865,37.335]]],[[[-75.837,37.277],[-75.849,37.275],[-75.836,37.29],[-75.837,37.286],[-75.838,37.285],[-75.837,37.277]]],[[[-75.906,37.316],[-75.899,37.313],[-75.905,37.303],[-75.906,37.316]]],[[[-75.9,37.29],[-75.9,37.289],[-75.906,37.291],[-75.9,37.29]]],[[[-75.91,37.291],[-75.914,37.293],[-75.909,37.303],[-75.91,37.291]]],[[[-75.932,37.135],[-75.934,37.137],[-75.928,37.14],[-75.932,37.135]]],[[[-75.962,37.087],[-75.954,37.107],[-75.94,37.096],[-75.952,37.085],[-75.979,37.088],[-75.962,37.087]]],[[[-76.088,39.537],[-76.088,39.534],[-76.09,39.534],[-76.088,39.537]]],[[[-76.103,39.44],[-76.101,39.441],[-76.101,39.44],[-76.103,39.44]]],[[[-76.252,38.902],[-76.249,38.913],[-76.243,38.912],[-76.252,38.902]]],[[[-76.271,39.275],[-76.266,39.291],[-76.26,39.292],[-76.271,39.275]]],[[[-78.481,35.669],[-78.472,35.66],[-78.454,35.665],[-78.433,35.63],[-78.467,35.619],[-78.476,35.642],[-78.492,35.645],[-78.484,35.634],[-78.506,35.62],[-78.509,35.633],[-78.481,35.655],[-78.494,35.667],[-78.516,35.669],[-78.481,35.669]]],[[[-78.437,35.682],[-78.442,35.663],[-78.428,35.667],[-78.423,35.645],[-78.386,35.645],[-78.375,35.633],[-78.399,35.621],[-78.454,35.665],[-78.437,35.682]]],[[[-78.459,35.708],[-78.432,35.717],[-78.416,35.695],[-78.436,35.683],[-78.459,35.708]]],[[[-78.423,35.652],[-78.416,35.658],[-78.414,35.655],[-78.41,35.647],[-78.423,35.652]]],[[[-78.397,35.659],[-78.414,35.655],[-78.412,35.663],[-78.397,35.659]]],[[[-78.414,35.619],[-78.41,35.617],[-78.412,35.615],[-78.414,35.619]]],[[[-78.416,35.614],[-78.418,35.614],[-78.416,35.616],[-78.416,35.614]]],[[[-78.416,35.606],[-78.419,35.606],[-78.419,35.607],[-78.416,35.606]]],[[[-78.43,35.67],[-78.436,35.675],[-78.43,35.679],[-78.43,35.67]]],[[[-78.432,35.641],[-78.432,35.642],[-78.431,35.642],[-78.432,35.641]]],[[[-78.462,35.677],[-78.459,35.673],[-78.471,35.665],[-78.462,35.677]]],[[[-78.474,35.667],[-78.476,35.667],[-78.477,35.668],[-78.474,35.667]]],[[[-78.483,35.674],[-78.482,35.677],[-78.479,35.675],[-78.483,35.674]]],[[[-78.482,35.621],[-78.483,35.621],[-78.482,35.622],[-78.482,35.621]]],[[[-78.492,35.674],[-78.493,35.671],[-78.496,35.672],[-78.492,35.674]]]]}},{"type":"Feature","properties":{"zone":"DUQ","n_utilities":1,"utilities":["DUQUESNE LIGHT CO"]},"geometry":{"type":"Polygon","coordinates":[[[-80.227,40.46],[-80.296,40.426],[-80.361,40.477],[-80.519,40.477],[-80.519,40.737],[-80.494,40.706],[-80.403,40.709],[-80.32,40.775],[-80.154,40.776],[-80.144,40.603],[-80.075,40.557],[-80.002,40.543],[-80.029,40.614],[-80.023,40.674],[-79.877,40.672],[-79.882,40.652],[-79.853,40.652],[-79.85,40.561],[-79.87,40.562],[-79.869,40.527],[-79.779,40.532],[-79.769,40.557],[-79.702,40.525],[-79.705,40.426],[-79.769,40.321],[-79.855,40.299],[-79.854,40.277],[-79.895,40.274],[-79.9,40.298],[-80.15,40.379],[-80.172,40.457],[-80.227,40.46]]]}},{"type":"Feature","properties":{"zone":"EKPC","n_utilities":24,"utilities":["EAST KENTUCKY POWER COOP, INC"]},"geometry":{"type":"MultiPolygon","coordinates":[[[[-86.044,37.185],[-86.041,37.234],[-86.08,37.233],[-86.089,37.263],[-86.125,37.273],[-86.161,37.35],[-86.065,37.361],[-86.081,37.432],[-86.054,37.495],[-86.119,37.489],[-86.173,37.523],[-86.051,37.565],[-86.027,37.55],[-86.025,37.603],[-86.068,37.6],[-86.089,37.564],[-86.166,37.572],[-86.177,37.555],[-86.233,37.575],[-86.269,37.603],[-86.21,37.714],[-86.142,37.791],[-86.014,37.818],[-86.002,37.865],[-85.966,37.866],[-85.937,37.833],[-85.827,37.869],[-85.748,37.842],[-85.766,37.918],[-85.747,37.962],[-85.772,37.989],[-85.915,38.013],[-85.882,38.041],[-85.681,38.085],[-85.687,38.039],[-85.729,37.999],[-85.701,37.968],[-85.705,37.999],[-85.656,38.069],[-85.556,38.073],[-85.537,38.046],[-85.532,38.096],[-85.429,38.118],[-85.401,38.188],[-85.378,38.159],[-85.327,38.156],[-85.346,38.145],[-85.33,38.131],[-85.281,38.131],[-85.301,38.158],[-85.277,38.186],[-85.247,38.176],[-85.26,38.142],[-85.216,38.15],[-85.18,38.057],[-85.131,38.049],[-85.182,38.111],[-85.171,38.131],[-85.209,38.155],[-85.205,38.197],[-85.091,38.188],[-85.07,38.154],[-85.087,38.134],[-85.065,38.139],[-85.056,38.199],[-85.179,38.214],[-85.181,38.233],[-85.146,38.262],[-85.046,38.258],[-85.077,38.297],[-85.11,38.266],[-85.147,38.308],[-85.109,38.306],[-85.098,38.321],[-85.121,38.336],[-85.103,38.346],[-85.056,38.306],[-85.071,38.323],[-85.048,38.344],[-85.066,38.355],[-85.079,38.387],[-84.986,38.459],[-84.966,38.452],[-84.978,38.43],[-84.957,38.43],[-84.944,38.477],[-84.981,38.482],[-85.027,38.449],[-85.068,38.474],[-85.083,38.448],[-85.065,38.419],[-85.106,38.409],[-85.08,38.398],[-85.11,38.363],[-85.176,38.388],[-85.155,38.433],[-85.176,38.461],[-85.204,38.443],[-85.173,38.427],[-85.2,38.418],[-85.191,38.376],[-85.251,38.398],[-85.331,38.371],[-85.319,38.429],[-85.342,38.453],[-85.311,38.495],[-85.439,38.521],[-85.429,38.526],[-85.427,38.528],[-85.423,38.532],[-85.419,38.535],[-85.415,38.545],[-85.415,38.558],[-85.416,38.564],[-85.417,38.569],[-85.438,38.605],[-85.452,38.709],[-85.415,38.737],[-85.34,38.721],[-85.325,38.6],[-85.333,38.566],[-85.364,38.553],[-85.336,38.529],[-85.31,38.582],[-85.317,38.654],[-85.301,38.657],[-85.297,38.668],[-85.33,38.708],[-85.306,38.73],[-85.257,38.721],[-85.278,38.701],[-85.239,38.707],[-85.187,38.653],[-85.139,38.659],[-85.131,38.621],[-85.099,38.625],[-85.004,38.559],[-84.852,38.62],[-84.906,38.639],[-84.887,38.688],[-84.797,38.632],[-84.757,38.633],[-84.847,38.68],[-84.834,38.712],[-84.81,38.704],[-84.822,38.724],[-84.9,38.701],[-84.935,38.662],[-84.96,38.674],[-84.922,38.62],[-85.071,38.613],[-85.138,38.683],[-85.014,38.746],[-85.026,38.76],[-84.994,38.778],[-84.919,38.783],[-84.906,38.733],[-84.903,38.719],[-84.874,38.792],[-84.814,38.784],[-84.83,38.831],[-84.785,38.88],[-84.87,38.9],[-84.871,38.949],[-84.744,39.02],[-84.691,39.015],[-84.663,38.979],[-84.732,38.95],[-84.725,38.923],[-84.699,38.942],[-84.684,38.917],[-84.639,38.927],[-84.711,38.895],[-84.714,38.864],[-84.621,38.864],[-84.607,38.84],[-84.67,38.817],[-84.615,38.803],[-84.59,38.664],[-84.628,38.668],[-84.628,38.647],[-84.588,38.653],[-84.575,38.608],[-84.534,38.625],[-84.537,38.656],[-84.56,38.658],[-84.546,38.673],[-84.58,38.696],[-84.558,38.716],[-84.581,38.706],[-84.601,38.739],[-84.59,38.76],[-84.524,38.77],[-84.5,38.752],[-84.473,38.776],[-84.552,38.779],[-84.58,38.81],[-84.494,38.806],[-84.528,38.831],[-84.529,38.854],[-84.505,38.86],[-84.529,38.872],[-84.514,38.884],[-84.532,38.908],[-84.489,38.9],[-84.426,38.911],[-84.4,38.853],[-84.384,38.856],[-84.388,38.921],[-84.321,38.883],[-84.393,38.933],[-84.344,38.975],[-84.329,38.957],[-84.351,38.95],[-84.339,38.933],[-84.342,38.949],[-84.323,38.956],[-84.32,38.995],[-84.296,38.97],[-84.315,38.967],[-84.308,38.921],[-84.273,38.915],[-84.247,38.864],[-84.288,38.83],[-84.262,38.833],[-84.254,38.811],[-84.278,38.788],[-84.328,38.812],[-84.375,38.783],[-84.291,38.786],[-84.287,38.739],[-84.119,38.748],[-84.135,38.789],[-84.06,38.771],[-84.088,38.735],[-84.027,38.707],[-84.151,38.636],[-84.166,38.584],[-84.125,38.627],[-84.075,38.627],[-84.097,38.657],[-84.057,38.663],[-84.035,38.694],[-84.007,38.66],[-83.975,38.668],[-83.994,38.586],[-84.052,38.541],[-84.053,38.512],[-83.923,38.525],[-84.022,38.538],[-83.963,38.602],[-83.952,38.653],[-83.927,38.622],[-83.895,38.623],[-83.91,38.704],[-83.892,38.748],[-83.857,38.756],[-83.776,38.669],[-83.794,38.672],[-83.82,38.623],[-83.868,38.658],[-83.891,38.625],[-83.852,38.613],[-83.864,38.597],[-83.832,38.551],[-83.87,38.529],[-83.859,38.508],[-83.803,38.494],[-83.834,38.428],[-83.872,38.429],[-83.845,38.414],[-83.817,38.417],[-83.78,38.489],[-83.745,38.438],[-83.778,38.447],[-83.78,38.437],[-83.714,38.408],[-83.754,38.521],[-83.707,38.54],[-83.774,38.569],[-83.732,38.63],[-83.65,38.63],[-83.615,38.684],[-83.521,38.703],[-83.368,38.659],[-83.323,38.631],[-83.346,38.59],[-83.319,38.57],[-83.247,38.629],[-83.151,38.62],[-83.032,38.724],[-83.013,38.718],[-83.016,38.684],[-82.904,38.708],[-82.89,38.631],[-82.944,38.576],[-82.849,38.567],[-82.851,38.525],[-82.78,38.456],[-82.816,38.434],[-82.814,38.392],[-82.857,38.41],[-82.911,38.374],[-82.891,38.35],[-83.063,38.361],[-83.025,38.316],[-82.959,38.341],[-82.951,38.299],[-82.975,38.284],[-82.945,38.237],[-82.985,38.19],[-82.915,38.173],[-82.897,38.083],[-82.778,38.042],[-82.775,37.992],[-82.753,37.977],[-82.77,37.934],[-82.729,37.955],[-82.687,37.924],[-82.654,37.948],[-82.641,37.923],[-82.56,37.929],[-82.525,37.898],[-82.56,37.853],[-82.614,37.861],[-82.673,37.791],[-82.626,37.71],[-82.64,37.677],[-82.609,37.676],[-82.591,37.639],[-82.601,37.608],[-82.692,37.605],[-82.728,37.637],[-82.745,37.612],[-82.716,37.593],[-82.71,37.534],[-82.733,37.544],[-82.738,37.585],[-82.794,37.589],[-82.837,37.558],[-82.813,37.522],[-82.854,37.513],[-82.842,37.469],[-82.915,37.42],[-82.949,37.433],[-83.037,37.41],[-83.044,37.447],[-83.119,37.494],[-83.063,37.526],[-82.949,37.503],[-83.001,37.528],[-83.012,37.584],[-83.058,37.593],[-83.081,37.625],[-83.134,37.606],[-83.242,37.668],[-83.275,37.606],[-83.404,37.575],[-83.387,37.482],[-83.484,37.483],[-83.514,37.412],[-83.549,37.394],[-83.534,37.353],[-83.558,37.274],[-83.508,37.236],[-83.547,37.198],[-83.527,37.142],[-83.461,37.105],[-83.467,37.065],[-83.511,37.069],[-83.545,37.035],[-83.595,37.026],[-83.549,37.002],[-83.59,36.956],[-83.566,36.932],[-83.581,36.905],[-83.642,36.879],[-83.761,36.894],[-83.76,36.862],[-83.807,36.873],[-83.803,36.807],[-83.784,36.802],[-83.809,36.748],[-83.848,36.772],[-83.893,36.755],[-83.865,36.718],[-83.74,36.73],[-83.919,36.588],[-83.69,36.584],[-83.704,36.546],[-83.655,36.544],[-83.648,36.501],[-83.675,36.52],[-83.68,36.481],[-83.701,36.497],[-83.723,36.47],[-83.753,36.477],[-83.79,36.437],[-83.78,36.413],[-83.833,36.419],[-83.855,36.385],[-83.952,36.402],[-83.962,36.344],[-84.025,36.328],[-84.012,36.288],[-84.033,36.301],[-84.072,36.23],[-84.12,36.259],[-84.214,36.244],[-84.281,36.288],[-84.262,36.267],[-84.343,36.23],[-84.326,36.209],[-84.375,36.217],[-84.441,36.163],[-84.44,36.12],[-84.478,36.097],[-84.452,36.059],[-84.475,36.037],[-84.534,36.077],[-84.543,36.12],[-84.548,36.089],[-84.593,36.079],[-84.601,36.055],[-84.743,36.014],[-84.807,36.09],[-84.833,36.084],[-84.908,36.156],[-84.913,36.209],[-84.879,36.282],[-84.798,36.297],[-84.787,36.326],[-84.74,36.338],[-84.727,36.375],[-84.659,36.395],[-84.787,36.603],[-84.581,36.598],[-85.268,36.627],[-85.235,36.688],[-85.262,36.745],[-85.201,36.801],[-85.25,36.879],[-85.233,36.963],[-85.304,36.995],[-85.286,36.953],[-85.484,36.915],[-85.523,36.934],[-85.547,36.984],[-85.57,36.993],[-85.586,36.964],[-85.608,37.003],[-85.619,37.0],[-85.66,36.898],[-85.716,36.888],[-85.716,36.863],[-85.678,36.874],[-85.67,36.853],[-85.716,36.84],[-85.74,36.859],[-85.943,36.75],[-85.922,36.794],[-85.939,36.811],[-85.972,36.807],[-85.979,36.838],[-86.03,36.836],[-86.051,36.86],[-86.07,36.843],[-86.065,36.899],[-86.097,36.901],[-86.105,36.865],[-86.147,36.897],[-86.136,36.932],[-86.176,36.914],[-86.119,37.062],[-86.077,37.065],[-86.12,37.11],[-86.014,37.088],[-86.018,37.125],[-86.056,37.125],[-86.069,37.148],[-86.014,37.175],[-86.044,37.185]],[[-83.993,36.689],[-84.0,36.692],[-83.964,36.664],[-83.993,36.689]],[[-84.013,36.589],[-84.015,36.587],[-84.009,36.59],[-84.013,36.589]],[[-84.038,36.691],[-84.012,36.697],[-84.051,36.691],[-84.038,36.691]],[[-84.14,36.719],[-84.122,36.744],[-84.132,36.787],[-84.224,36.708],[-84.201,36.687],[-84.143,36.72],[-84.106,36.69],[-84.14,36.719]],[[-84.199,36.501],[-84.164,36.529],[-84.195,36.507],[-84.199,36.501]],[[-84.21,36.625],[-84.207,36.615],[-84.211,36.67],[-84.21,36.625]],[[-84.25,36.592],[-84.271,36.592],[-84.203,36.591],[-84.25,36.592]],[[-84.244,36.508],[-84.265,36.496],[-84.256,36.499],[-84.244,36.508]],[[-84.321,36.433],[-84.306,36.449],[-84.319,36.44],[-84.321,36.433]],[[-84.849,38.948],[-84.846,38.949],[-84.842,38.952],[-84.836,38.957],[-84.842,38.958],[-84.849,38.948]]],[[[-85.167,38.252],[-85.19,38.239],[-85.205,38.261],[-85.223,38.222],[-85.269,38.314],[-85.275,38.283],[-85.238,38.23],[-85.266,38.217],[-85.278,38.26],[-85.31,38.256],[-85.304,38.223],[-85.409,38.236],[-85.399,38.257],[-85.455,38.293],[-85.317,38.312],[-85.321,38.333],[-85.269,38.383],[-85.218,38.353],[-85.254,38.333],[-85.194,38.315],[-85.167,38.352],[-85.147,38.308],[-85.167,38.252]]],[[[-82.724,37.043],[-82.87,36.973],[-82.994,36.989],[-83.031,36.944],[-83.122,36.947],[-83.123,36.921],[-83.221,36.883],[-83.278,36.9],[-83.311,36.877],[-83.325,36.9],[-83.473,36.843],[-83.485,36.86],[-83.487,36.98],[-83.468,37.002],[-83.432,36.988],[-83.426,36.948],[-83.366,36.962],[-83.375,37.017],[-83.289,37.043],[-83.225,37.024],[-83.222,37.003],[-83.165,37.021],[-83.11,36.992],[-83.049,37.03],[-83.014,37.011],[-82.941,37.043],[-82.914,37.025],[-82.817,37.071],[-82.803,37.057],[-82.805,37.08],[-82.724,37.107],[-82.724,37.043]]],[[[-82.793,37.504],[-82.8,37.462],[-82.823,37.473],[-82.793,37.504]]],[[[-82.948,36.969],[-82.931,36.977],[-82.922,36.965],[-82.948,36.969]]],[[[-83.767,38.502],[-83.835,38.517],[-83.807,38.573],[-83.767,38.502]]],[[[-83.964,38.733],[-83.981,38.751],[-83.94,38.781],[-83.898,38.747],[-83.964,38.733]]],[[[-84.22,38.748],[-84.236,38.752],[-84.22,38.792],[-84.154,38.779],[-84.22,38.748]]],[[[-84.316,38.999],[-84.351,38.989],[-84.373,39.02],[-84.316,38.999]]],[[[-84.44,38.914],[-84.459,38.937],[-84.405,38.931],[-84.44,38.914]]],[[[-84.494,38.928],[-84.461,38.93],[-84.461,38.91],[-84.494,38.928]]],[[[-84.54,38.976],[-84.506,38.982],[-84.526,38.928],[-84.54,38.976]]],[[[-84.573,38.827],[-84.555,38.857],[-84.572,38.877],[-84.542,38.889],[-84.552,38.84],[-84.573,38.827]]],[[[-84.547,38.915],[-84.57,38.903],[-84.624,38.926],[-84.588,38.993],[-84.541,38.983],[-84.547,38.915]]],[[[-84.637,39.041],[-84.647,39.057],[-84.624,39.064],[-84.637,39.041]]],[[[-84.654,38.971],[-84.637,38.966],[-84.653,38.966],[-84.654,38.971]]],[[[-84.649,38.935],[-84.654,38.949],[-84.639,38.952],[-84.649,38.935]]],[[[-84.658,39.078],[-84.7,39.069],[-84.755,39.098],[-84.777,39.081],[-84.822,39.105],[-84.728,39.126],[-84.658,39.078]]],[[[-84.671,39.068],[-84.693,39.037],[-84.695,39.043],[-84.671,39.068]]],[[[-84.706,39.064],[-84.702,39.032],[-84.745,39.046],[-84.838,38.99],[-84.897,39.055],[-84.706,39.064]]],[[[-84.835,39.084],[-84.851,39.064],[-84.859,39.079],[-84.835,39.084]]],[[[-84.929,39.055],[-84.904,39.064],[-84.924,39.081],[-84.868,39.094],[-84.893,39.13],[-84.87,39.114],[-84.872,39.133],[-84.853,39.124],[-84.847,39.124],[-84.839,39.131],[-84.841,39.096],[-84.892,39.076],[-84.898,39.057],[-84.897,39.052],[-84.889,39.038],[-84.906,39.055],[-84.925,39.035],[-84.943,39.027],[-84.957,39.029],[-84.929,39.055]]],[[[-84.849,39.146],[-84.837,39.146],[-84.845,39.127],[-84.849,39.146]]],[[[-84.906,38.733],[-84.905,38.733],[-84.905,38.732],[-84.906,38.733]]],[[[-85.301,38.218],[-85.263,38.209],[-85.329,38.159],[-85.364,38.175],[-85.356,38.214],[-85.301,38.218]]],[[[-85.995,38.411],[-85.993,38.489],[-85.916,38.503],[-85.916,38.556],[-85.848,38.561],[-85.826,38.628],[-85.601,38.645],[-85.606,38.606],[-85.497,38.607],[-85.416,38.564],[-85.423,38.532],[-85.47,38.509],[-85.499,38.468],[-85.607,38.439],[-85.655,38.324],[-85.72,38.278],[-85.799,38.354],[-85.913,38.355],[-85.913,38.404],[-85.995,38.411]]],[[[-85.788,38.337],[-85.79,38.338],[-85.79,38.34],[-85.788,38.337]]]]}},{"type":"Feature","properties":{"zone":"JC","n_utilities":8,"utilities":["JERSEY CENTRAL POWER & LT CO"]},"geometry":{"type":"MultiPolygon","coordinates":[[[[-74.696,40.036],[-74.572,40.084],[-74.584,40.113],[-74.533,40.201],[-74.57,40.228],[-74.57,40.3],[-74.489,40.286],[-74.434,40.416],[-74.362,40.415],[-74.403,40.463],[-74.375,40.452],[-74.297,40.508],[-74.209,40.436],[-74.136,40.457],[-73.978,40.396],[-73.993,40.445],[-74.019,40.475],[-73.997,40.474],[-73.983,40.448],[-73.973,40.372],[-73.973,40.332],[-74.031,40.102],[-74.06,40.034],[-74.122,39.981],[-74.109,39.956],[-74.134,39.942],[-74.141,39.934],[-74.143,39.929],[-74.105,39.93],[-74.143,39.889],[-74.129,39.86],[-74.22,39.705],[-74.275,39.737],[-74.276,39.808],[-74.464,39.874],[-74.698,39.879],[-74.696,40.036]],[[-74.36,40.443],[-74.355,40.433],[-74.359,40.444],[-74.36,40.443]]],[[[-73.992,40.422],[-73.994,40.419],[-73.996,40.423],[-73.992,40.422]]],[[[-74.069,39.948],[-74.071,39.937],[-74.087,39.944],[-74.069,39.948]]],[[[-74.366,41.202],[-74.473,41.112],[-74.412,41.039],[-74.362,41.014],[-74.337,41.084],[-74.249,41.064],[-74.273,41.018],[-74.25,40.994],[-74.264,40.904],[-74.339,40.895],[-74.317,40.864],[-74.351,40.807],[-74.303,40.721],[-74.325,40.683],[-74.347,40.692],[-74.533,40.594],[-74.619,40.647],[-74.644,40.637],[-74.634,40.604],[-74.704,40.543],[-74.699,40.427],[-74.808,40.416],[-74.802,40.385],[-74.854,40.349],[-74.87,40.297],[-74.94,40.339],[-74.967,40.399],[-75.058,40.418],[-75.068,40.542],[-75.118,40.574],[-75.185,40.568],[-75.202,40.616],[-75.177,40.676],[-75.204,40.691],[-75.182,40.731],[-75.196,40.752],[-75.108,40.791],[-75.084,40.825],[-75.096,40.847],[-75.051,40.867],[-75.131,40.99],[-74.968,41.095],[-75.028,41.08],[-75.077,41.141],[-75.157,41.15],[-75.13,41.252],[-75.359,41.239],[-75.31,41.327],[-75.343,41.336],[-75.351,41.368],[-75.262,41.375],[-75.25,41.419],[-75.186,41.443],[-75.07,41.602],[-74.982,41.48],[-74.913,41.476],[-74.893,41.439],[-74.739,41.431],[-74.741,41.406],[-74.696,41.358],[-74.366,41.202]]]]}},{"type":"Feature","properties":{"zone":"ME","n_utilities":5,"utilities":["METROPOLITAN EDISON CO"]},"geometry":{"type":"MultiPolygon","coordinates":[[[[-75.503,40.703],[-75.522,40.723],[-75.472,40.733],[-75.491,40.812],[-75.393,40.831],[-75.428,40.89],[-75.334,40.917],[-75.349,40.941],[-75.283,41.0],[-75.251,40.98],[-75.24,41.012],[-75.188,41.02],[-75.191,41.128],[-75.043,41.281],[-75.016,41.346],[-74.96,41.371],[-74.889,41.365],[-74.81,41.403],[-74.814,41.442],[-74.794,41.423],[-74.737,41.429],[-74.739,41.401],[-74.69,41.363],[-74.793,41.322],[-74.86,41.244],[-74.885,41.177],[-74.983,41.107],[-74.992,41.09],[-74.971,41.085],[-75.132,40.989],[-75.051,40.867],[-75.096,40.847],[-75.084,40.825],[-75.108,40.791],[-75.196,40.752],[-75.182,40.731],[-75.204,40.691],[-75.177,40.676],[-75.202,40.616],[-75.185,40.568],[-75.118,40.574],[-75.068,40.542],[-75.065,40.439],[-75.146,40.436],[-75.187,40.471],[-75.259,40.6],[-75.281,40.689],[-75.503,40.703]]],[[[-76.745,40.188],[-76.734,40.216],[-76.59,40.249],[-76.617,40.318],[-76.69,40.317],[-76.743,40.443],[-76.535,40.555],[-76.423,40.495],[-76.018,40.574],[-75.993,40.64],[-75.758,40.735],[-75.648,40.598],[-75.698,40.553],[-75.53,40.447],[-75.561,40.408],[-75.502,40.339],[-75.562,40.249],[-75.665,40.281],[-75.742,40.218],[-75.696,40.177],[-75.713,40.149],[-75.953,40.189],[-76.061,40.258],[-75.997,40.315],[-75.977,40.307],[-75.949,40.354],[-76.036,40.393],[-76.079,40.391],[-76.078,40.367],[-76.151,40.385],[-76.267,40.371],[-76.289,40.321],[-76.272,40.269],[-76.661,40.165],[-76.637,40.091],[-76.604,40.087],[-76.62,40.055],[-76.566,40.046],[-76.522,39.912],[-76.464,39.942],[-76.388,39.908],[-76.431,39.896],[-76.495,39.824],[-76.4,39.775],[-76.4,39.721],[-77.32,39.72],[-77.319,39.791],[-77.412,39.761],[-77.397,39.84],[-77.418,39.858],[-77.38,39.946],[-77.414,39.98],[-77.47,39.946],[-77.502,39.97],[-77.429,40.065],[-77.36,40.018],[-77.362,40.05],[-77.269,40.069],[-77.288,40.123],[-77.115,40.182],[-77.018,40.195],[-77.01,40.149],[-76.933,40.162],[-76.911,40.106],[-76.856,40.106],[-76.845,40.2],[-76.749,40.169],[-76.728,40.182],[-76.745,40.188]]]]}},{"type":"Feature","properties":{"zone":"PE","n_utilities":3,"utilities":["PECO ENERGY CO"]},"geometry":{"type":"MultiPolygon","coordinates":[[[[-75.994,39.953],[-75.935,40.04],[-75.822,40.052],[-75.808,40.096],[-75.765,40.114],[-75.79,40.152],[-75.693,40.164],[-75.742,40.218],[-75.665,40.281],[-75.562,40.249],[-75.506,40.333],[-75.497,40.396],[-75.456,40.402],[-75.363,40.346],[-75.426,40.294],[-75.348,40.254],[-75.334,40.216],[-75.306,40.229],[-75.323,40.255],[-75.222,40.364],[-75.252,40.384],[-75.244,40.433],[-75.203,40.467],[-74.967,40.399],[-74.94,40.339],[-74.722,40.159],[-74.784,40.121],[-74.823,40.126],[-74.863,40.083],[-74.938,40.066],[-75.128,39.961],[-75.14,39.889],[-75.226,39.859],[-75.34,39.847],[-75.415,39.802],[-75.522,39.837],[-75.637,39.83],[-75.724,39.787],[-75.774,39.722],[-76.136,39.722],[-76.064,39.763],[-75.99,39.896],[-75.994,39.953]]],[[[-76.241,39.721],[-76.419,39.721],[-76.418,39.792],[-76.495,39.824],[-76.431,39.896],[-76.388,39.908],[-76.378,39.866],[-76.241,39.721]]]]}},{"type":"Feature","properties":{"zone":"PEP","n_utilities":2,"utilities":["POTOMAC ELECTRIC POWER CO","SOUTHERN MARYLAND ELEC COOP INC"]},"geometry":{"type":"MultiPolygon","coordinates":[[[[-76.701,38.667],[-76.691,38.661],[-76.684,38.662],[-76.693,38.648],[-76.694,38.637],[-76.674,38.618],[-76.678,38.543],[-76.71,38.547],[-76.672,38.526],[-76.685,38.48],[-76.616,38.417],[-76.5,38.359],[-76.46,38.295],[-76.374,38.299],[-76.398,38.257],[-76.32,38.138],[-76.341,38.117],[-76.331,38.099],[-76.322,38.038],[-76.468,38.139],[-76.517,38.141],[-76.53,38.134],[-76.592,38.215],[-76.777,38.228],[-76.841,38.337],[-76.835,38.362],[-76.867,38.387],[-76.923,38.386],[-76.861,38.366],[-76.87,38.332],[-76.838,38.26],[-76.925,38.292],[-76.922,38.311],[-76.931,38.324],[-76.978,38.342],[-77.016,38.444],[-77.207,38.36],[-77.265,38.414],[-77.31,38.397],[-77.323,38.466],[-77.246,38.593],[-77.13,38.635],[-77.122,38.686],[-77.043,38.718],[-77.033,38.854],[-77.147,38.964],[-77.245,38.983],[-77.249,39.027],[-77.469,39.09],[-77.089,39.262],[-77.101,39.214],[-77.023,39.182],[-77.011,39.139],[-76.928,39.048],[-76.892,39.076],[-76.863,39.075],[-76.847,39.042],[-76.82,39.063],[-76.779,39.045],[-76.807,39.008],[-76.852,39.036],[-76.862,39.013],[-76.838,38.994],[-76.863,38.992],[-76.895,38.907],[-76.827,38.933],[-76.783,38.914],[-76.749,38.843],[-76.715,38.841],[-76.702,38.788],[-76.712,38.785],[-76.716,38.791],[-76.717,38.791],[-76.721,38.791],[-76.72,38.795],[-76.721,38.796],[-76.728,38.798],[-76.729,38.797],[-76.707,38.743],[-76.688,38.748],[-76.685,38.739],[-76.691,38.737],[-76.692,38.74],[-76.694,38.74],[-76.694,38.741],[-76.703,38.71],[-76.696,38.7],[-76.701,38.667]]],[[[-76.381,38.385],[-76.421,38.319],[-76.481,38.331],[-76.47,38.348],[-76.523,38.412],[-76.554,38.401],[-76.552,38.421],[-76.645,38.467],[-76.669,38.539],[-76.653,38.558],[-76.673,38.567],[-76.671,38.617],[-76.692,38.638],[-76.682,38.66],[-76.684,38.662],[-76.686,38.666],[-76.7,38.668],[-76.686,38.68],[-76.694,38.707],[-76.701,38.71],[-76.683,38.738],[-76.685,38.756],[-76.66,38.764],[-76.607,38.714],[-76.579,38.589],[-76.556,38.596],[-76.542,38.534],[-76.381,38.385]]],[[[-76.472,38.121],[-76.465,38.106],[-76.474,38.103],[-76.495,38.133],[-76.472,38.121]]],[[[-76.678,38.911],[-76.678,38.91],[-76.679,38.911],[-76.678,38.911]]],[[[-76.699,38.833],[-76.698,38.83],[-76.699,38.83],[-76.699,38.833]]],[[[-76.747,38.213],[-76.747,38.216],[-76.742,38.209],[-76.747,38.213]]]]}},{"type":"Feature","properties":{"zone":"PL","n_utilities":18,"utilities":["PPL ELECTRIC UTILITIES CORP","UGI UTILITIES, INC","CITIZENS ELECTRIC CO - (PA)"]},"geometry":{"type":"MultiPolygon","coordinates":[[[[-75.054,41.753],[-75.05,41.713],[-75.069,41.709],[-75.044,41.618],[-75.075,41.607],[-74.984,41.482],[-74.913,41.476],[-74.895,41.439],[-74.854,41.443],[-74.81,41.403],[-74.918,41.358],[-75.007,41.358],[-75.043,41.281],[-75.191,41.128],[-75.188,41.02],[-75.24,41.012],[-75.251,40.98],[-75.283,41.0],[-75.349,40.941],[-75.334,40.917],[-75.428,40.89],[-75.393,40.831],[-75.491,40.812],[-75.472,40.733],[-75.522,40.723],[-75.503,40.703],[-75.281,40.689],[-75.186,40.466],[-75.227,40.46],[-75.245,40.393],[-75.497,40.396],[-75.502,40.339],[-75.519,40.343],[-75.56,40.399],[-75.53,40.447],[-75.698,40.553],[-75.648,40.598],[-75.764,40.732],[-75.993,40.64],[-76.018,40.574],[-76.423,40.495],[-76.535,40.555],[-76.743,40.443],[-76.69,40.317],[-76.618,40.321],[-76.589,40.248],[-76.719,40.223],[-76.729,40.175],[-76.845,40.2],[-76.856,40.106],[-76.911,40.106],[-76.933,40.162],[-77.01,40.149],[-77.018,40.195],[-77.115,40.182],[-77.288,40.123],[-77.269,40.069],[-77.362,40.05],[-77.369,40.012],[-77.494,40.145],[-77.422,40.192],[-77.294,40.217],[-77.276,40.255],[-77.33,40.276],[-77.325,40.293],[-77.421,40.256],[-77.358,40.313],[-77.437,40.28],[-77.532,40.375],[-77.539,40.397],[-77.406,40.464],[-77.484,40.542],[-77.599,40.489],[-77.612,40.514],[-77.498,40.582],[-77.489,40.615],[-77.288,40.693],[-77.354,40.702],[-77.364,40.847],[-77.144,41.044],[-77.503,40.967],[-77.382,41.03],[-77.328,41.088],[-77.395,41.107],[-77.538,41.081],[-77.608,41.131],[-77.649,41.127],[-77.661,41.171],[-77.637,41.186],[-77.891,41.244],[-77.94,41.318],[-77.768,41.345],[-77.773,41.477],[-77.598,41.479],[-77.597,41.441],[-77.47,41.312],[-77.401,41.27],[-77.296,41.265],[-77.237,41.355],[-77.203,41.332],[-77.089,41.344],[-76.934,41.549],[-76.874,41.536],[-76.768,41.584],[-76.576,41.548],[-76.398,41.57],[-76.341,41.533],[-76.399,41.308],[-76.311,41.309],[-76.283,41.377],[-76.16,41.38],[-76.164,41.425],[-76.094,41.44],[-76.086,41.465],[-76.015,41.46],[-75.96,41.396],[-75.868,41.403],[-75.78,41.496],[-75.879,41.498],[-75.843,41.561],[-75.872,41.583],[-75.768,41.584],[-75.72,41.642],[-75.619,41.642],[-75.617,41.694],[-75.574,41.7],[-75.554,41.772],[-75.286,41.795],[-75.286,41.767],[-75.054,41.753]],[[-76.448,41.276],[-76.436,41.286],[-76.503,41.286],[-76.448,41.276]]],[[[-75.283,40.389],[-75.275,40.384],[-75.295,40.352],[-75.311,40.374],[-75.283,40.389]]],[[[-75.953,40.189],[-75.856,40.183],[-75.79,40.152],[-75.765,40.114],[-75.808,40.096],[-75.822,40.052],[-75.935,40.04],[-75.994,39.953],[-75.987,39.874],[-76.103,39.724],[-76.241,39.721],[-76.378,39.866],[-76.392,39.913],[-76.464,39.942],[-76.522,39.912],[-76.556,40.046],[-76.629,40.056],[-76.604,40.087],[-76.637,40.091],[-76.661,40.165],[-76.272,40.269],[-76.289,40.321],[-76.267,40.371],[-76.233,40.379],[-76.078,40.367],[-76.079,40.391],[-76.036,40.393],[-76.028,40.373],[-75.958,40.368],[-75.977,40.307],[-75.997,40.315],[-76.061,40.258],[-75.953,40.189]]]]}},{"type":"Feature","properties":{"zone":"PN","n_utilities":7,"utilities":["PENNSYLVANIA ELECTRIC CO"]},"geometry":{"type":"MultiPolygon","coordinates":[[[[-75.359,41.999],[-75.279,41.939],[-75.259,41.862],[-75.172,41.872],[-75.072,41.811],[-75.104,41.773],[-75.286,41.767],[-75.286,41.795],[-75.554,41.772],[-75.574,41.7],[-75.617,41.694],[-75.619,41.642],[-75.72,41.642],[-75.768,41.584],[-75.858,41.584],[-75.877,41.563],[-75.825,41.495],[-75.802,41.524],[-75.772,41.506],[-75.836,41.425],[-75.969,41.394],[-75.984,41.466],[-76.091,41.468],[-76.091,41.446],[-76.16,41.431],[-76.157,41.38],[-76.283,41.377],[-76.311,41.309],[-76.408,41.308],[-76.448,41.276],[-76.592,41.304],[-76.686,41.366],[-76.74,41.334],[-77.131,41.344],[-77.075,41.466],[-77.091,41.485],[-77.19,41.484],[-77.192,41.545],[-77.6,41.542],[-77.6,41.572],[-77.826,41.57],[-77.825,41.624],[-77.87,41.625],[-77.871,41.913],[-77.999,41.914],[-78.0,41.999],[-76.608,42.0],[-76.58,42.167],[-76.539,42.167],[-76.509,42.126],[-76.488,41.999],[-75.359,41.999]]],[[[-77.895,41.241],[-77.892,41.161],[-77.85,41.155],[-77.812,41.074],[-77.999,40.941],[-77.975,40.914],[-78.011,40.881],[-78.247,40.738],[-78.132,40.743],[-77.944,40.692],[-77.825,40.743],[-77.71,40.715],[-77.357,40.844],[-77.354,40.702],[-77.288,40.693],[-77.489,40.615],[-77.498,40.582],[-77.612,40.514],[-77.599,40.489],[-77.508,40.532],[-77.459,40.441],[-77.54,40.399],[-77.46,40.264],[-77.366,40.314],[-77.421,40.256],[-77.323,40.293],[-77.304,40.209],[-77.421,40.205],[-77.497,40.164],[-77.4,40.082],[-77.429,40.065],[-77.353,40.004],[-77.472,39.945],[-77.599,40.02],[-77.783,39.999],[-77.814,39.958],[-77.858,39.993],[-77.886,39.934],[-77.945,39.937],[-77.864,40.062],[-77.925,40.104],[-78.135,40.165],[-78.206,40.086],[-78.181,40.057],[-78.267,39.904],[-78.469,39.976],[-78.52,39.854],[-78.58,39.861],[-78.518,39.969],[-78.574,39.969],[-78.612,39.919],[-78.656,39.962],[-78.726,39.897],[-78.823,39.899],[-78.844,39.868],[-78.834,39.838],[-78.931,39.723],[-79.392,39.721],[-79.41,39.736],[-79.379,39.769],[-79.395,39.783],[-79.351,39.787],[-79.417,39.854],[-79.399,39.901],[-79.256,40.088],[-79.214,40.118],[-79.183,40.111],[-79.088,40.241],[-79.251,40.328],[-79.286,40.293],[-79.336,40.322],[-79.39,40.307],[-79.389,40.35],[-79.446,40.41],[-79.384,40.438],[-79.453,40.484],[-79.46,40.519],[-79.248,40.742],[-79.284,40.767],[-79.284,40.84],[-79.215,40.84],[-79.21,41.229],[-79.267,41.212],[-79.386,41.229],[-79.421,41.169],[-79.442,41.181],[-79.512,41.153],[-79.519,41.114],[-79.572,41.097],[-79.599,41.137],[-79.645,41.145],[-79.679,41.117],[-79.695,41.173],[-80.0,41.172],[-80.0,41.49],[-80.279,41.484],[-80.272,41.637],[-80.294,41.653],[-80.312,41.634],[-80.392,41.637],[-80.394,41.612],[-80.436,41.635],[-80.473,41.596],[-80.519,41.596],[-80.519,41.978],[-80.188,42.094],[-80.115,42.167],[-80.092,42.173],[-80.064,42.171],[-80.128,42.15],[-80.151,42.113],[-79.761,42.27],[-79.762,41.999],[-78.102,42.0],[-78.105,41.913],[-78.206,41.915],[-78.204,41.67],[-78.283,41.676],[-78.283,41.759],[-78.801,41.775],[-78.803,41.744],[-78.864,41.744],[-78.873,41.685],[-78.954,41.686],[-78.959,41.439],[-78.808,41.437],[-78.817,41.349],[-78.745,41.345],[-78.738,41.231],[-78.71,41.23],[-78.71,41.202],[-78.648,41.217],[-78.646,41.254],[-78.237,41.23],[-78.093,41.217],[-78.007,41.143],[-77.971,41.174],[-77.972,41.206],[-77.895,41.241]]]]}},{"type":"Feature","properties":{"zone":"PS","n_utilities":4,"utilities":["PUBLIC SERVICE ELEC & GAS CO"]},"geometry":{"type":"MultiPolygon","coordinates":[[[[-73.981,40.928],[-73.926,40.897],[-73.896,40.981],[-73.887,41.136],[-73.971,41.248],[-73.946,41.289],[-73.982,41.322],[-73.753,41.345],[-73.746,41.301],[-73.775,41.27],[-73.647,41.235],[-73.639,41.198],[-73.607,41.209],[-73.587,41.165],[-73.728,41.101],[-73.655,41.012],[-73.657,40.978],[-73.684,40.943],[-73.691,40.959],[-73.733,40.949],[-73.725,40.928],[-73.743,40.932],[-73.746,40.927],[-73.746,40.926],[-73.743,40.918],[-73.761,40.907],[-73.754,40.914],[-73.755,40.919],[-73.756,40.92],[-73.758,40.921],[-73.756,40.923],[-73.757,40.924],[-73.771,40.915],[-73.809,40.871],[-73.784,40.878],[-73.818,40.844],[-73.791,40.804],[-73.855,40.814],[-73.848,40.805],[-73.899,40.806],[-73.942,40.784],[-73.971,40.744],[-73.977,40.712],[-74.025,40.712],[-74.056,40.652],[-74.086,40.652],[-74.071,40.643],[-74.052,40.6],[-74.105,40.553],[-74.24,40.497],[-74.259,40.5],[-74.246,40.522],[-74.311,40.507],[-74.375,40.46],[-74.362,40.415],[-74.434,40.416],[-74.489,40.286],[-74.57,40.3],[-74.57,40.228],[-74.533,40.201],[-74.579,40.123],[-74.617,40.141],[-74.619,40.107],[-74.72,40.049],[-74.731,39.871],[-75.04,39.82],[-75.037,39.79],[-75.081,39.772],[-75.12,39.792],[-75.19,39.773],[-75.23,39.848],[-75.14,39.889],[-75.13,39.959],[-74.938,40.066],[-74.863,40.083],[-74.822,40.127],[-74.723,40.149],[-74.87,40.297],[-74.854,40.349],[-74.802,40.385],[-74.808,40.416],[-74.699,40.427],[-74.704,40.543],[-74.634,40.604],[-74.644,40.637],[-74.619,40.647],[-74.533,40.594],[-74.347,40.692],[-74.325,40.683],[-74.303,40.721],[-74.351,40.807],[-74.344,40.92],[-74.27,40.896],[-74.25,40.994],[-74.171,40.977],[-74.177,40.995],[-74.136,41.025],[-74.076,41.025],[-74.082,41.05],[-74.012,41.046],[-73.981,40.928]],[[-74.087,40.652],[-74.094,40.648],[-74.086,40.652],[-74.087,40.652]],[[-74.11,40.648],[-74.143,40.642],[-74.126,40.644],[-74.094,40.648],[-74.11,40.648]],[[-74.218,40.557],[-74.215,40.56],[-74.21,40.574],[-74.218,40.557]],[[-74.249,40.533],[-74.247,40.528],[-74.249,40.546],[-74.249,40.533]]],[[[-73.702,40.752],[-73.73,40.722],[-73.739,40.636],[-73.747,40.637],[-73.747,40.643],[-73.755,40.648],[-73.75,40.635],[-73.779,40.628],[-73.787,40.62],[-73.786,40.619],[-73.786,40.614],[-73.789,40.613],[-73.791,40.612],[-73.791,40.61],[-73.793,40.611],[-73.792,40.636],[-73.879,40.655],[-73.884,40.628],[-73.918,40.631],[-73.889,40.611],[-73.92,40.608],[-73.884,40.606],[-73.879,40.58],[-74.012,40.575],[-73.994,40.589],[-74.036,40.608],[-74.039,40.64],[-74.0,40.664],[-74.02,40.678],[-73.996,40.703],[-73.969,40.7],[-73.936,40.777],[-73.91,40.791],[-73.884,40.774],[-73.868,40.787],[-73.873,40.781],[-73.857,40.773],[-73.863,40.767],[-73.851,40.759],[-73.854,40.794],[-73.702,40.752]]],[[[-73.705,40.938],[-73.707,40.938],[-73.708,40.942],[-73.702,40.945],[-73.705,40.938]]],[[[-73.759,40.887],[-73.756,40.889],[-73.755,40.888],[-73.759,40.887]]],[[[-73.759,40.913],[-73.76,40.913],[-73.76,40.914],[-73.759,40.913]]],[[[-73.767,40.913],[-73.766,40.914],[-73.763,40.913],[-73.767,40.913]]],[[[-73.773,40.852],[-73.772,40.86],[-73.765,40.855],[-73.773,40.852]]],[[[-73.767,40.91],[-73.765,40.91],[-73.766,40.909],[-73.767,40.91]]],[[[-73.771,40.616],[-73.767,40.621],[-73.767,40.615],[-73.771,40.616]]],[[[-73.77,40.88],[-73.775,40.882],[-73.771,40.888],[-73.77,40.88]]],[[[-73.783,40.882],[-73.787,40.883],[-73.783,40.888],[-73.779,40.888],[-73.783,40.882]]],[[[-73.78,40.847],[-73.783,40.836],[-73.79,40.858],[-73.78,40.847]]],[[[-73.781,40.614],[-73.792,40.608],[-73.786,40.614],[-73.785,40.614],[-73.786,40.619],[-73.781,40.614]]],[[[-73.787,40.86],[-73.784,40.86],[-73.787,40.858],[-73.787,40.86]]],[[[-73.804,40.604],[-73.804,40.606],[-73.797,40.609],[-73.804,40.604]]],[[[-73.802,40.621],[-73.806,40.621],[-73.804,40.625],[-73.799,40.625],[-73.802,40.621]]],[[[-73.802,40.62],[-73.803,40.615],[-73.806,40.62],[-73.802,40.62]]],[[[-73.81,40.599],[-73.812,40.598],[-73.815,40.603],[-73.81,40.599]]],[[[-73.814,40.612],[-73.819,40.597],[-73.825,40.595],[-73.821,40.609],[-73.822,40.61],[-73.821,40.61],[-73.82,40.612],[-73.839,40.616],[-73.833,40.639],[-73.814,40.612]]],[[[-73.829,40.606],[-73.827,40.608],[-73.827,40.606],[-73.829,40.606]]],[[[-73.835,40.607],[-73.832,40.61],[-73.83,40.607],[-73.835,40.607]]],[[[-73.834,40.593],[-73.839,40.59],[-73.846,40.592],[-73.834,40.593]]],[[[-73.84,40.61],[-73.837,40.612],[-73.841,40.605],[-73.84,40.61]]],[[[-73.848,40.638],[-73.846,40.638],[-73.844,40.636],[-73.848,40.638]]],[[[-73.848,40.604],[-73.848,40.605],[-73.845,40.605],[-73.848,40.604]]],[[[-73.85,40.621],[-73.852,40.623],[-73.851,40.623],[-73.85,40.621]]],[[[-73.854,40.607],[-73.856,40.609],[-73.85,40.612],[-73.854,40.607]]],[[[-73.85,40.621],[-73.851,40.62],[-73.857,40.62],[-73.85,40.621]]],[[[-73.855,40.596],[-73.864,40.6],[-73.862,40.603],[-73.855,40.596]]],[[[-73.858,40.633],[-73.852,40.633],[-73.852,40.631],[-73.858,40.633]]],[[[-73.874,40.616],[-73.88,40.617],[-73.866,40.628],[-73.874,40.616]]],[[[-73.872,40.787],[-73.892,40.793],[-73.889,40.799],[-73.872,40.787]]],[[[-73.899,40.802],[-73.897,40.802],[-73.898,40.8],[-73.899,40.802]]],[[[-73.962,40.749],[-73.94,40.773],[-73.941,40.77],[-73.962,40.749]]],[[[-74.015,40.686],[-74.026,40.685],[-74.02,40.693],[-74.015,40.686]]],[[[-74.049,40.566],[-74.049,40.565],[-74.051,40.566],[-74.049,40.566]]],[[[-74.053,40.58],[-74.054,40.577],[-74.055,40.579],[-74.053,40.58]]]]}},{"type":"Feature","properties":{"zone":"RECO","n_utilities":1,"utilities":["ROCKLAND ELECTRIC CO"]},"geometry":{"type":"MultiPolygon","coordinates":[[[[-73.918,40.917],[-73.986,40.959],[-74.002,41.042],[-73.903,40.997],[-73.918,40.917]]],[[[-74.14,41.039],[-74.216,40.976],[-74.285,41.026],[-74.258,41.084],[-74.332,41.108],[-74.382,41.014],[-74.479,41.107],[-74.365,41.206],[-74.07,41.072],[-74.103,41.053],[-74.089,41.016],[-74.14,41.039]]]]}}]}