utc,total,p10,p90,CE,DOM,AEP,ATSI,AP,PS,PL,PE,BC,PEP,REST
2026-06-26 12:00:00+00:00,93417.08397645596,91920.40781371138,94913.76013920066,9663.749693368538,16788.044466734915,16392.456999134753,7433.277697702355,5273.425287451886,4953.022164413176,4640.599020176531,4334.4092833037985,3358.5189265420654,3157.997709614862,17421.582728013087
2026-06-26 13:00:00+00:00,97234.66440448223,95737.98824173762,98731.3405672269,10151.68455529163,17247.73371453419,16883.841847642292,7724.303817586829,5448.341132279541,5201.58749364548,4738.928812977703,4563.365251598607,3541.6305138691605,3407.3204966759636,18325.926768380836
2026-06-26 14:00:00+00:00,101081.61467917918,99584.93851643459,102578.29084192387,10651.796453024925,17865.925449926093,17436.724508294774,7985.82469386553,5648.735254624272,5347.138346356915,4993.880125014009,4911.137739252256,3792.3400348198397,3487.8212108080465,18960.290863192535
2026-06-26 15:00:00+00:00,105136.16501219844,103639.48884945372,106632.841174943,10888.020898973353,18505.68418859718,17996.544676431862,8224.219124074445,5903.503643481545,5597.816931461404,5195.090667940891,5126.460640291404,4034.2341639897036,3738.755791220641,19925.834285736015
2026-06-26 16:00:00+00:00,109557.41247912754,108060.736316383,111054.08864187228,11103.27905997061,19471.686169274726,18753.043930443553,8560.991313400937,6015.317985803186,5958.474059844764,5349.43155882821,5299.740542648149,4265.027075994002,4006.861815599394,20773.558967320016
2026-06-26 17:00:00+00:00,113927.43360092501,112430.75743818059,115424.10976366987,11202.447008743025,20192.5632871022,19243.53772661202,8832.542318135129,6280.533334625197,6291.545812149765,5489.28488717822,5591.440912505009,4712.321749075065,4312.025461092738,21779.191103706627
2026-06-26 18:00:00+00:00,117206.65580340952,115709.97964066471,118703.33196615399,11321.269704323333,21180.11240283762,19493.99894392677,9009.479850651433,6458.655213156984,6695.491835659426,5674.200595447315,5753.523803264686,4817.640540907559,4521.576342124216,22280.70657111019
2026-06-26 19:00:00+00:00,119816.88456865106,118320.2084059064,121313.56073139567,11276.074415507119,22460.334756205124,19707.393423784688,9024.60464215275,6525.084212505757,7164.6733366376875,5717.148210299184,5851.225945548239,5016.179867351346,4639.277049774773,22434.88870888439
2026-06-26 20:00:00+00:00,120940.23737344042,119443.56121069563,122436.9135361849,11303.581562291374,22489.598095818845,19640.702126442375,8994.839322998716,6575.258738286539,7344.206508424819,5758.036254663094,5995.096435200343,5208.032768590533,4904.943056628802,22725.942504095
2026-06-26 21:00:00+00:00,122399.89843804346,120903.22227529889,123896.57460078817,11447.271715088073,22828.139281331307,19489.841632557178,9067.500100058433,6626.507252889473,7439.378099844014,5783.992041020812,6093.489422353958,5339.070429484281,4948.711159562901,23335.997303853033
2026-06-26 22:00:00+00:00,123335.52442607385,121838.84826332946,124832.20058881874,11479.936726063313,22598.850804357022,19218.835342027814,9034.631567951104,6696.216674022188,7699.82943691772,5840.56322169916,6154.247077628233,5456.316316052007,5006.434601434659,24149.662657920653
2026-06-26 23:00:00+00:00,119998.18690472821,118501.51074198383,121494.86306747311,11377.795361568174,22055.324514661264,18875.529320378526,8799.589387854066,6615.378597579089,7407.720006753653,5709.2958445566355,5905.6645710083285,5139.458544941551,4837.291148364098,23275.13960706285
2026-06-27 00:00:00+00:00,117962.6070690603,116465.93090631571,119459.28323180499,11501.926449731312,21767.637557750935,19115.03932191132,8700.799665618832,6455.516093196237,7170.172793472714,5511.244511570304,5697.355635656894,4937.501446052843,4635.798878953745,22469.614715145173
2026-06-27 01:00:00+00:00,115475.46755683259,113978.79139408795,116972.14371957723,11408.070769523789,20996.875713347297,18665.350427722173,8529.38144816328,6433.205065885301,7005.407039128044,5417.054227255198,5569.590077225187,4780.45987243275,4485.547212147147,22184.525704002408
2026-06-27 02:00:00+00:00,113270.40036080834,111773.72419806353,114767.07652355281,11377.466912960877,20640.478030416085,18528.48231842537,8377.019158561796,6245.544653114344,6757.368290431516,5263.531508941229,5407.898476617147,4575.967747526726,4313.712337459007,21782.930926354253
2026-06-27 03:00:00+00:00,107021.90864402307,105525.2324812784,108518.58480676769,11037.153769674407,19520.696802127186,17656.220323324495,8008.073728935789,5939.147726080367,6250.199820578441,4950.952254229115,5171.010790516231,4252.450348434231,3877.0509214055364,20358.95215871728
2026-06-27 04:00:00+00:00,98863.29315670242,96906.40479755666,100951.048101081,10518.697398692771,17856.981819648565,16766.835279841216,7306.640573655502,5446.173951503784,5717.89829202318,4420.9327809740835,4768.106010723008,3904.465046567556,3481.3130701454015,18675.248932927356
2026-06-27 05:00:00+00:00,92881.79988213538,91084.08913213354,94738.90675171361,9973.219044225656,16839.841365077733,16125.001052435264,6879.13429185867,5062.906106480814,5296.807840935338,4189.482370221912,4403.480123142007,3561.9224078096354,3225.0785122629018,17324.926767685443
2026-06-27 06:00:00+00:00,87894.45865704595,86181.19102865369,89671.77856219481,9337.044386533551,16092.1118803623,15385.078108799842,6561.647767923456,4838.9052701242035,4953.98367560813,3959.887282541203,4147.018945696558,3285.592087321971,3004.259875649154,16328.929376485585
2026-06-27 07:00:00+00:00,84974.10993215367,83231.63575750739,86732.13565236621,8976.050153612572,15645.881509205472,15047.701583636252,6367.014637889175,4652.341193880189,4743.759037743022,3844.9524564744293,3947.9135556859123,3171.3593540211427,2861.584148486105,15715.55230151942
2026-06-27 08:00:00+00:00,83259.19997643234,81521.72197173182,85019.58459732276,8691.119753959445,15641.932097536854,14749.16471752122,6238.408709568616,4561.039073329201,4615.6169904111375,3799.3330365069887,3841.595817431312,3046.3858188539452,2770.509209820178,15304.094751493458
2026-06-27 09:00:00+00:00,82301.17130432995,80598.98874534186,84061.43698739415,8504.955927228402,15575.440259155675,14621.916951140964,6258.317236140266,4523.456909193896,4494.038878116367,3715.0942623410733,3850.099144220153,2995.638224012252,2740.5615586952244,15021.65195408567
2026-06-27 10:00:00+00:00,82774.02758165837,81085.04772663178,84560.3388153287,8495.472659644804,15592.625302344484,14870.722162949916,6318.694414717551,4546.778766593932,4432.960794528048,3751.57688881997,3840.230427543435,2981.8344324002433,2732.7449470791375,15210.386785036853
2026-06-27 11:00:00+00:00,83368.13031380223,81604.96118698269,85128.11987678388,8620.678066772101,15941.83046587474,14704.827854943174,6365.451883540063,4512.354373860668,4517.919931331551,3766.103667473788,3859.114608577338,2963.5421478939256,2724.875301613753,15391.432011921152
2026-06-27 12:00:00+00:00,84941.63754097378,83297.82376006925,86618.77872905608,8869.376976616479,15840.945901241266,14858.814019738014,6633.373253456573,4615.162126509716,4583.539376189115,4027.759746027223,3958.2016836869275,3092.7695573003466,2879.9508716852515,15581.744028522868
2026-06-27 13:00:00+00:00,89567.1565283882,87878.84082932989,91296.4162967574,9154.05365668356,16948.248233384318,15622.718573529151,6790.846180946133,4866.904949044907,4788.6966354836295,4338.373032155686,4218.754253085319,3252.281074442015,3076.9314546293776,16509.348485004102
2026-06-27 14:00:00+00:00,93858.5677599988,92109.69833058513,95662.72390726955,9413.238529179323,17599.273143700688,16099.57099003306,7185.828039920163,5242.185097432172,5009.815194505085,4491.346051000833,4497.448840241932,3469.701568988777,3242.2306004034535,17607.92970459332
2026-06-27 15:00:00+00:00,97755.1307342713,95840.81874811667,99702.3292230462,9870.143177769301,18352.83116270433,16772.573101192305,7417.889790845762,5510.528656426595,5313.767899004154,4655.552620658432,4671.564887459577,3665.3187417603203,3442.3551145309343,18082.60558191959
2026-06-27 16:00:00+00:00,100428.22447229142,98353.69327074406,102495.15516097931,10044.759717021794,18903.08980452212,17245.34304055445,7712.070517613463,5778.6261355819415,5443.598212901935,4772.373091531059,4829.456866873445,3779.7149465011307,3427.28773693276,18491.90440225732
2026-06-27 17:00:00+00:00,103151.40052195893,100768.74283456443,105622.76062140611,10557.723610654162,19135.884442904528,17661.92964817464,7962.5038278658685,5926.184825165224,5610.137206305255,4869.378388234892,4935.356800055454,3852.4750467164076,3582.0511840342474,19057.77554184824
2026-06-27 18:00:00+00:00,105955.50398178636,103102.37257047386,108986.91832688065,10958.526798557705,19660.084739962662,18171.259585253967,8065.477066145992,6039.799131825266,5735.136743857667,4944.385704291466,5003.865535398862,4004.974888887599,3656.6008509883873,19715.392936616787
2026-06-27 19:00:00+00:00,107940.7640145159,104997.82870924872,111148.43146963777,11152.228678132606,20249.90271071832,18314.475863629745,8247.367359656346,6057.226240256782,5930.234389352436,5004.741412191307,5034.073597159913,4062.749619178141,3743.582882531996,20144.181261708334
2026-06-27 20:00:00+00:00,109348.79968599562,106341.85074312518,112874.17395417808,11297.366905118204,20649.52633330523,18635.666331652825,8203.097113106294,6144.14306967565,5949.136255019163,4962.846800615357,5194.402513363525,4063.5570399985636,3736.830640279168,20512.226683861634
2026-06-27 21:00:00+00:00,110586.47005011642,107035.11641005195,114564.42160977081,11433.841556833064,20656.117301341434,18494.03602585564,8273.40252338685,6196.86974481562,6098.855189658634,5019.90241694286,5148.997533798607,4142.580405283719,3796.783485423887,21325.083866776095
2026-06-27 22:00:00+00:00,111073.59128987117,107691.04406642524,114781.19102624644,11313.079775238759,20587.38335436343,18992.218545301348,8403.33271434732,6297.962998294845,6244.349529561055,5020.810181029868,5149.904777863156,4177.503795991636,3800.1856294927584,21086.859988387012
2026-06-27 23:00:00+00:00,110197.3751832526,107062.42537512058,113634.4281807917,11476.12099942251,20453.586707708262,18771.14845387528,8344.485958387415,6312.2769482605,6118.42867632166,4831.559293268941,4941.3485203582695,4116.965751532663,3757.6579147211105,21073.79595939597
2026-06-28 00:00:00+00:00,108384.9044055217,105217.82958346322,111873.69435482034,11397.97233569289,20235.23323276113,18556.613228129525,8228.06225761716,6110.033406340292,5952.811737432276,4727.0686837783705,4878.971463485001,4033.6036343913975,3702.571745527408,20561.962680366243
2026-06-28 01:00:00+00:00,107006.39800733031,104046.73743481284,110210.78887472046,11185.09380409811,19708.290671747436,18520.575272459922,8127.4017887742075,5981.996395088272,5839.405468567046,4696.868314364481,4851.745580761846,3992.864590130748,3630.172381825025,20471.983739513238
2026-06-28 02:00:00+00:00,105385.87491515718,102437.13609606189,108612.56153488561,11139.758127351983,19339.831514416783,18036.35090759505,8046.110248558371,5890.055436880306,5845.521402337221,4567.120731733606,4799.656713974567,3978.210462964099,3528.662316209679,20214.59705313552
2026-06-28 03:00:00+00:00,100626.45290823416,97888.57530529368,103751.45561283926,11172.888127965143,18382.464601316,17364.14451488387,7609.776062130015,5488.952674666604,5561.068857142838,4453.679505359994,4404.9918968441225,3717.848775600395,3403.3571267823936,19067.2807655428
2026-06-28 04:00:00+00:00,95122.87083560508,92582.17750752534,97766.5289765622,10617.948605135689,17708.939869095444,16489.98821840129,7251.57315117438,5315.73363028631,5078.021142469845,4133.986187853353,4249.714910676341,3467.4015890118976,3173.3373906129286,17636.226140887593
2026-06-28 05:00:00+00:00,89155.24370572045,86889.59029274943,91470.16369767554,9986.548081852974,16619.29891759967,15802.568721633432,6762.364306398674,4929.744076939443,4764.573919733007,3898.450743449458,3948.8401061988784,3179.3787366862753,2939.4153168904068,16324.06077833823
2026-06-28 06:00:00+00:00,84477.31390344836,82404.46149163556,86699.19544162587,9369.58538985219,15937.870317430881,15223.13913140005,6438.340416463076,4677.085231884749,4525.18822133485,3747.0842216797264,3753.649073174331,2975.6404841726408,2784.2025529585612,15045.528863097292
2026-06-28 07:00:00+00:00,81966.82837482699,79911.15856791013,84095.36754421037,8962.073295597305,15670.91794531533,14841.729372111364,6207.078604060289,4521.421850296266,4423.961918447408,3644.378750217996,3623.99579608512,2843.7586305211235,2678.1051316536955,14549.407080521094
2026-06-28 08:00:00+00:00,80093.0231033065,77995.71555660685,82142.63951595794,8779.584347313275,15414.587328601598,14482.313683833358,6097.442857810424,4436.625745640323,4248.384882993629,3591.047917493699,3528.1939587180477,2761.1125822016297,2599.34907118937,14154.380727511145
2026-06-28 09:00:00+00:00,79511.15500978507,77437.6247177288,81572.86535220372,8577.023845098814,15586.483342395823,14345.634160389183,6102.426644786339,4438.638546317838,4130.876029137157,3549.6652393491286,3505.309202984193,2747.0043047099957,2570.6536453793206,13957.44004923727
2026-06-28 10:00:00+00:00,79717.35109877703,77637.564867061,81793.49921141396,8551.39050134055,15479.407218216447,14531.029811383583,6103.187535453384,4478.9695229292165,4097.622807414465,3572.6039799263945,3528.157518415052,2719.9712776371543,2582.7630249096846,14072.247901151091
2026-06-28 11:00:00+00:00,79763.14086359367,77724.52751912532,81795.36859735967,8601.327474426145,15528.682087673784,14283.104657174606,6123.873213989173,4423.389107729114,4013.132889248894,3645.3953441864805,3546.4385599259363,2698.9623263174203,2594.8895551209544,14303.94564780117
2026-06-28 12:00:00+00:00,81161.16137833318,79311.3740557896,83106.21504441228,8634.569958210783,15550.583162063673,14393.553551020892,6344.790694061819,4472.6848634040625,4010.105042399334,3732.1353892855273,3682.255255850051,2840.558777016722,2767.844264622201,14732.080420398122
2026-06-28 13:00:00+00:00,85643.9158594223,83597.87251765533,87688.85039512585,9136.384468966276,16305.458830148049,15403.834875454355,6485.557439460117,4890.918655651453,4120.987994507116,4009.0239060330923,3879.8737329472456,3042.13471988148,2895.563762404784,15474.17747396833
2026-06-28 14:00:00+00:00,90058.72330615738,87757.45991441817,92448.0887038718,9549.320367952072,16954.933122844828,16098.261624827272,6984.459218574448,5240.545630292466,4199.94183586015,4207.544053251202,4063.9070782826784,3237.408021755541,3027.2639863863847,16495.138366130323
2026-06-28 15:00:00+00:00,95810.16592448876,92988.84597534381,98716.86597572362,10279.10263908141,17863.70939827296,17020.32991633381,7379.152258592245,5477.268942666596,4422.222518033827,4444.87818645948,4415.173279919098,3460.8970364234947,3212.8579808155573,17834.57376789027
2026-06-28 16:00:00+00:00,100587.75663977531,97350.56074196042,103721.62993102087,11291.456901348336,18402.55395021101,17711.880879160235,7791.257966173705,5659.144035258654,4724.8411737012,4553.310002307119,4647.438246944216,3618.9861570355265,3253.9480603920238,18932.93926724327
2026-06-28 17:00:00+00:00,105257.25749878402,101586.16730825153,109025.95083975131,12038.62133774791,19215.630124431067,18265.523526518704,8298.552492978626,5833.512069861468,5140.54934394272,4701.730655820692,4964.020504788534,3736.7663546863205,3490.8554003528793,19571.495687655082
2026-06-28 18:00:00+00:00,110963.10742290522,107025.56810518695,115184.71439393565,13061.106082466535,20172.04464452472,19268.16218708085,8664.323925256462,6066.92150910069,5551.218423887524,4963.808315274347,5158.627443351571,3942.531606108904,3625.752746494288,20488.610539359343
2026-06-28 19:00:00+00:00,114711.89191224927,110342.8262008403,119479.92511914884,13689.088452795813,20651.56213404734,19784.73910844421,9009.569399488968,6322.839900216398,5738.117867939635,5112.487081390221,5317.961163056953,4068.871150910048,3761.9712035122056,21254.684450447457
2026-06-28 20:00:00+00:00,117679.53528119423,112948.1508496181,122508.14878864,13941.350572031053,21186.213282708002,20202.387959795717,9307.521693930126,6421.564530666556,6013.688619033202,5172.29128468424,5510.029268209176,4191.975508972731,3931.2270960329242,21801.285465130506
2026-06-28 21:00:00+00:00,120397.76276749915,115441.8504914733,125386.80343179248,14250.842159988953,21280.028101285865,20338.97629509401,9644.481777649926,6452.610152426661,6163.812238855318,5311.310254279304,5451.974578889148,4345.723074364265,4069.1200328192544,23088.88410184647
2026-06-28 22:00:00+00:00,121752.36207330535,117373.86523638257,126569.28599319325,14666.561636560873,21091.835854910067,20504.511203209335,9784.312487027822,6618.896084453694,6351.978405473505,5264.955972601485,5660.349633953354,4414.798033725112,4121.967882554661,23272.19487883545
2026-06-28 23:00:00+00:00,121256.23649990704,116954.5616636936,125877.77843101826,15130.91162666763,20971.407201403857,20322.31827073618,9507.876370396703,6507.04256086973,6402.7582764751305,5355.272707712253,5446.14884220856,4391.557203972596,4050.5975283963344,23170.34591106807
2026-06-29 00:00:00+00:00,119866.63855154422,115563.81380566431,124392.75997755166,14851.05076612529,20766.323529423902,20335.174280607953,9503.810502710923,6448.691776101053,6391.23076677669,5284.576667832406,5406.221492855266,4420.40146192177,4005.5383218587813,22453.61898533019
2026-06-29 01:00:00+00:00,117108.59978082497,113145.19292786001,121069.01202261502,14477.568186133758,20271.94922468897,20010.54477045975,9420.395058616572,6372.9129195202495,6251.007479714663,5178.101524623185,5171.202091929226,4325.344179296127,3972.827648044965,21656.746697797484
2026-06-29 02:00:00+00:00,114328.51413850317,110575.20323304294,118050.89019385242,14394.420253663191,19433.86989384304,19910.970131572958,9086.883102439366,6238.124530753748,6072.69586551557,5120.03520393998,5082.7375952934,4191.944796543679,3831.9681333940784,20964.86463154415
2026-06-29 03:00:00+00:00,108167.97175368386,104656.45663227586,111570.47222524638,14128.143921021618,18398.167422218496,19179.038342339798,8421.275993045725,5826.662463393043,5690.161205400103,4727.097654229896,4758.493372759527,3962.514459058254,3534.004053085809,19542.412867131585
2026-06-29 04:00:00+00:00,101398.57661144242,97958.43302281633,105023.7270355218,13531.389811481216,17434.32482868662,17641.513107484974,7970.435283014493,5444.155073576569,5314.200536692487,4374.838831489237,4392.2310883597265,3640.59479422555,3302.899477187063,18351.99377924448
2026-06-29 05:00:00+00:00,94956.16478939973,91980.69627975988,98013.06124011372,12662.123409376205,16552.383535193505,16852.48555946326,7524.698707600129,5048.316241241816,4985.221451945792,4072.866914779788,4093.352451847409,3282.6134531579,2948.491043102685,16933.61202169124
2026-06-29 06:00:00+00:00,90832.4194574603,88114.78386007142,93554.0795492036,11915.713546067298,15885.222135589114,16349.00126994781,7275.695812747683,4920.900909545869,4615.823531467264,3968.898415651811,3886.005562833404,3115.079072826075,2813.1858265048427,16086.893374279147
2026-06-29 07:00:00+00:00,88549.81253491167,85904.24396022613,91242.02782093635,11514.72834797724,15535.482540639161,16109.968099518437,7031.702746586916,4786.127042146944,4499.0230160357805,3904.748642069552,3719.382900634849,3005.6082609348773,2725.517372106959,15717.523566260943
2026-06-29 08:00:00+00:00,87209.1356260498,84738.25642975813,89781.66173148516,11095.595800369412,15376.329270167056,16084.793637424877,6992.545134997131,4703.902906139018,4406.972820522559,3824.598550216861,3649.0110976838896,2948.2969582058695,2672.2956938732736,15454.793756449864
2026-06-29 09:00:00+00:00,87503.08232787302,84912.25128472525,90265.2252755434,11166.032528079893,15434.745977494329,16095.96796546806,6862.392544594315,4724.0742362235815,4368.168998312984,3883.469006126814,3660.641624676866,2972.862382155032,2743.178523733382,15591.548541007765
2026-06-29 10:00:00+00:00,89612.80183792369,87061.75466389037,92319.71333828142,11435.472124049073,15870.904999480816,16321.59046024002,7036.698304085351,4912.3517341938905,4423.613538875116,3972.5964354358093,3791.0924236680275,3034.7546352587838,2873.6939193091125,15940.033263327703
2026-06-29 11:00:00+00:00,93887.80113066774,91376.43484164418,96392.69148407134,11849.334090392162,16409.82157081775,16980.595946294132,7308.91107390901,5216.201125143812,4623.619295717964,4340.243868413632,4040.5215121720353,3165.42384512813,3091.859706237826,16861.269096441287
2026-06-29 12:00:00+00:00,99190.04616836437,96359.10898005158,101962.03859091777,12487.983158150844,16742.881727691103,18006.60320297273,7813.229177603053,5462.765220208436,4869.855039135265,4713.203059327885,4365.8608294824435,3414.061850850421,3296.6916922177206,18016.91121072447
2026-06-29 13:00:00+00:00,103866.46923856084,100843.28831560751,107006.48909527603,13003.012141869101,17389.705256933747,18702.62789852205,8403.643978168677,5748.3078540535,5073.431393769717,4960.179422077385,4709.986800574452,3528.34945953852,3507.7356479104815,18839.4893851432
2026-06-29 14:00:00+00:00,109158.08769204594,105830.55871795132,112668.08389983178,14470.617567262196,17585.97965410176,19607.685067748116,8948.247763531028,6025.704159231431,5429.396665863402,5113.917384303066,4888.615068703374,3647.4754891436974,3650.2210279991036,19790.22784415876
2026-06-29 15:00:00+00:00,115539.81066595361,111869.14059176344,119386.67109546374,15629.844191554294,18296.376442386045,20850.438875616215,9504.163092995337,6388.811260929832,5541.317670037321,5374.594328290844,5277.716491033174,3803.327894251045,3792.840149562772,21080.380269296737
2026-06-29 16:00:00+00:00,123267.95400862662,118906.37193111218,127741.4724617793,17046.320483283504,19078.75912321108,21814.267087273307,10511.990044802762,6747.86513719896,6125.30504740564,5647.671563983772,5616.510219265321,4025.027428779813,3907.978239268116,22746.259634154343
2026-06-29 17:00:00+00:00,129868.3118904781,125258.50097497963,134596.23366974434,18090.94306070319,20019.214828683533,23131.922958033905,11068.864243595172,7172.023575282271,6329.821671785992,5757.745336427019,5868.788233780631,4239.063392777374,4134.695260378094,24055.2293290309
2026-06-29 18:00:00+00:00,135019.03709478042,130328.30110000534,139470.2521540044,19165.473164052808,20585.776850178852,23973.152200108852,11614.269897258328,7417.889890088755,6625.844186070802,5971.54790449846,5941.249865946274,4377.125218130878,4283.376665573826,25063.331252872584
2026-06-29 19:00:00+00:00,138720.39723403874,134226.31343672847,142980.41293628735,19879.855624338157,20896.614845882257,24175.620958855678,11919.297706965244,7680.312179728013,7091.546038570527,6053.383827456749,6122.704201682709,4575.699469095334,4376.260372245517,25949.102009218554
2026-06-29 20:00:00+00:00,141063.25039249146,136760.7077250305,145255.1680190567,20334.95032134227,21391.470643658664,24262.461699688596,12042.747348592036,7755.523278702215,7245.8752270551695,6090.443493763072,6260.5187455686655,4780.783333564759,4509.424494069614,26389.05180648641
2026-06-29 21:00:00+00:00,142302.6833652091,137952.97183135658,146443.19554975536,20687.275683587402,21561.207554603956,24288.50765848005,11972.41994231989,7882.898185421349,7415.867040994538,6143.180307867903,6314.181520038355,4890.252687602368,4564.651341212283,26582.241443080988
2026-06-29 22:00:00+00:00,142308.6675408574,138235.35774443293,146439.35766714846,20786.4268608832,21413.38697696806,24245.884771402732,12015.588514149418,7768.602573490451,7427.488320666928,6180.552090878605,6392.594881938062,5022.346071572587,4601.068693380738,26454.727785526604
2026-06-29 23:00:00+00:00,140694.66957518976,136244.73437784304,144892.9782436005,20761.65016798185,21189.354168679532,24079.227550312135,11860.351666852295,7665.095587355763,7389.353527844463,6036.8032468147685,6176.051483229091,4991.620336260098,4461.015894296917,26084.145945562865
2026-06-30 00:00:00+00:00,138356.6245038376,134226.6726958718,142639.73630843783,20587.40339886226,20717.301779809884,23852.17172609507,11762.337838746616,7405.297563071153,7136.2628331016185,5967.317649290068,6008.949616789315,4886.239998698039,4299.4273921686045,25733.91470720498
2026-06-30 01:00:00+00:00,135487.922949654,131348.2351868214,139774.31886362415,20036.743978569764,20408.65690616562,23355.7089679166,11679.526066242019,7282.4166077139525,6951.536065251731,5828.723403730987,5670.442506720394,4644.1270358749225,4091.238785912637,25538.80262555537
2026-06-30 02:00:00+00:00,131153.80142031342,126982.53301905353,135395.58769485733,19697.587017691298,19581.364999018824,22845.936268784368,11098.61280454784,7118.967781269093,6609.289489730437,5558.572198303203,5492.537558455792,4537.589946100593,3997.7315912880354,24615.611765123962
2026-06-30 03:00:00+00:00,122244.53133423714,118345.22580658729,126420.65393786247,18863.26823496766,18564.01929903778,21386.33401917646,10320.924473055293,6683.1694370197165,6074.022420590164,5296.304093238527,5025.3596787266815,4087.507949740919,3584.3618812730006,22359.259847410925
2026-06-30 04:00:00+00:00,112831.93803554904,108519.81078042061,117019.42188409225,17518.156402456258,17278.041080174025,20007.38152949102,9729.711547644487,5961.072675063164,5670.479773963192,4847.993043373362,4587.317429826395,3795.393589595582,3280.219524576242,20156.17143938531
2026-06-30 05:00:00+00:00,105178.73529508183,101093.96306250268,109207.35404291858,16055.608222750017,16456.87332215052,19159.447256604097,9057.108753465965,5572.949753345777,5312.8331643485435,4476.107183596541,4236.422115367731,3436.9831295596364,2920.1825408485493,18494.219853044444
2026-06-30 06:00:00+00:00,100079.50506474539,96229.4203990303,103942.542115793,15107.846425935608,15845.360365038212,18200.76575546951,8720.804689524124,5310.85800103768,4955.735355584628,4319.84039878523,4058.6390657414845,3287.4509584679026,2783.883156436788,17488.320892724212
2026-06-30 07:00:00+00:00,96854.59639286571,93157.53277840714,100445.58608802533,14901.693713116201,15485.84733832968,17570.976172834395,8285.233298322613,5160.941501464218,4791.636409941212,4171.934493160212,3897.301842074639,3108.870458889998,2717.1638240847783,16762.997340647755
2026-06-30 08:00:00+00:00,94192.62944777127,90697.64251167918,97731.9975573967,14257.333519687956,15305.12256490603,17016.58281834511,8046.086093252831,4986.5777995587,4688.130286464689,4070.581780909044,3820.8953009248685,3041.39678894158,2666.8723239833066,16293.05017079717
2026-06-30 09:00:00+00:00,93664.80533652246,90296.07875193852,97213.10752780581,13808.308123705567,15303.601825223002,16714.736184408623,7924.153045301698,4992.812608621434,4607.598062569397,4085.362442055549,3817.5675487552385,3052.4314180682914,2709.580150841101,16648.65392697258
2026-06-30 10:00:00+00:00,95378.2972857247,92151.74686675218,98600.72820995127,13875.280543646444,15677.267934119818,16739.316660015043,8184.793843232448,5167.896464393562,4643.378968298185,4301.1383351733075,3939.7644434080294,3135.368963701701,2860.5882994718713,16853.502830264297
2026-06-30 11:00:00+00:00,99385.97313829153,96353.18139071851,102599.19087945097,14290.18871907895,16123.69122074552,17420.27146178164,8448.030395548387,5431.249915111748,4766.622093777329,4582.694606492605,4141.904510996652,3268.275163636715,3115.4694020639763,17797.575649058006
2026-06-30 12:00:00+00:00,104035.10926985147,101041.62717781216,106965.39056924163,14519.829005572068,16475.28562046706,18293.861963459814,8943.912532439797,5788.270494337895,5080.339072672417,4919.364574029846,4481.713825185305,3464.086906382074,3293.0048113457833,18775.440463959418
2026-06-30 13:00:00+00:00,108856.09058799082,105356.18100411302,112598.8799171126,15250.824804715585,17039.955888206252,18936.213749446415,9294.86206708329,6063.274777540375,5321.566801688497,5229.684277282896,4807.6144479069135,3561.475968697277,3544.4525809671413,19806.165224456163
2026-06-30 14:00:00+00:00,115635.43608276005,111448.43496738219,119475.80432170992,16234.679432226096,17706.849810762782,20297.073987087115,10201.409813288576,6400.036220667077,5648.813323201743,5441.232807471367,5185.546509878996,3761.10169849514,3640.6093856802995,21118.083094000838
2026-06-30 15:00:00+00:00,123463.96239150029,118964.82187477201,127939.14798035672,17249.510770105408,18577.62344403134,21716.05455851049,10855.37267913993,6991.244831048921,5946.076430105533,5677.113444234556,5455.464727695472,3985.3854643374234,3848.180338104564,23161.93570418666
2026-06-30 16:00:00+00:00,131541.7819029931,127082.53580119496,135814.19212304894,18192.1330479121,19722.884562637977,22958.474967955884,11813.388789940607,7402.81957247232,6509.580284223422,6007.378107930245,5829.314553445009,4301.009678328961,4185.907936426452,24618.890401720113
2026-06-30 17:00:00+00:00,138454.40214955335,133966.30028048888,143013.2362933236,19480.473014750773,20565.221020751327,23805.809792780456,12348.87703235403,7721.81980672668,6860.758973161679,6298.362781558775,6176.471103189393,4576.05368368786,4401.243862262349,26219.311078330007
2026-06-30 18:00:00+00:00,144379.08086633807,139814.087242095,148846.6266012809,20246.025492817254,21551.297799500833,24369.86290085217,12588.035939640755,8103.095386967036,7386.713539815504,6606.4857251812,6369.737535946612,4899.439789911296,4703.050231722819,27555.33652398259
2026-06-30 19:00:00+00:00,146993.2863443521,142470.4793026209,151972.54079197932,20670.02612189964,22056.575883930385,24490.08769074125,12634.237043285526,8235.32923765869,7590.674639159934,6656.1350721345925,6586.707484563925,5043.48744721543,4892.794023706913,28137.23170005581
2026-06-30 20:00:00+00:00,149564.70892479527,145089.32191472038,154385.82608892192,20916.377895415513,22191.057757438004,24515.367178257664,12651.50310553088,8464.294013038974,7879.852810783211,6717.888470583842,6659.286249956735,5235.410506497759,5008.611894236207,29325.05904305647
2026-06-30 21:00:00+00:00,150357.36034621223,145890.64088651186,155054.78876123764,21218.430724773276,22596.81230223107,24509.189132346302,12652.542043106097,8378.784481947447,7961.5043010043755,6768.5925046044695,6717.502523580917,5361.461160217215,5082.400973988644,29110.14019841243
2026-06-30 22:00:00+00:00,151236.27528989245,146751.0488721065,155673.8718097742,21356.71534173632,22690.31705663954,24477.817019393744,12638.47290498405,8335.647120732003,8110.864640207476,6800.399610014191,6689.442511198931,5463.063511715289,5094.52203062688,29579.013542644032
2026-06-30 23:00:00+00:00,150386.90965073043,145544.64199501727,154808.93781114783,21362.912159759628,22542.840196066707,24305.695576897746,12751.089789057662,8313.137941688472,8036.4205868329445,6687.407845482208,6616.042971054355,5440.776690653879,4949.862968023236,29380.722925213577
2026-07-01 00:00:00+00:00,147623.04189110524,142473.223078982,152436.2265938652,20847.64637654697,22211.98790766248,23964.791568373377,12708.422117094313,8156.974455830309,7803.266531740869,6512.158860787823,6390.697935196266,5371.811677925929,4789.888349268174,28865.396110678732
2026-07-01 01:00:00+00:00,144932.88010209744,139879.8264326988,149876.02581084368,20479.43490782083,21513.34623416837,23775.04326044914,12542.352770886315,8066.00821131685,7601.978877621361,6392.25922485416,6122.590338381981,5262.589807264111,4505.425385645164,28671.851083689155
2026-07-01 02:00:00+00:00,139758.17705988826,135328.6850385441,144376.89712739133,20100.237386023837,20721.471475858936,23544.728022645642,12152.395330627103,7827.359659177844,7305.040879780581,6091.986985845505,5775.592331819757,5009.745333231753,4273.5330326333915,26956.086622243907
2026-07-01 03:00:00+00:00,131554.0733873531,126602.85755775833,136345.7757975597,19382.256717222223,19523.27435964627,22216.66846005464,11251.561947969709,7245.140501490145,6805.1985214055185,5701.272471696006,5418.227058274265,4459.845471693998,4021.829191104463,25528.79868679588
2026-07-01 04:00:00+00:00,121478.62313502014,116450.84688298513,126063.26979653143,18260.916942960594,18003.098656516424,20534.929675921085,10861.444318044229,6725.71885734607,6296.973411064668,5253.432140804091,5001.459284521077,4124.598962538041,3613.2180455532434,22802.832839750623
2026-07-01 05:00:00+00:00,113441.89205950305,108369.89411398917,118009.13225860114,16766.149646288024,16974.2752066966,19518.92916464987,10327.927358525983,6331.926402087113,5789.042682136837,4907.79071445749,4661.86802668247,3767.7503593542847,3339.190130951663,21057.042367672722
2026-07-01 06:00:00+00:00,107583.78426877917,102751.9695360538,112096.92752746739,15811.373212536739,16350.2031922082,19033.733674152954,9332.43703039568,5872.489913160278,5475.018669625131,4720.949466853181,4418.029971294825,3597.80896689445,3144.432747902951,19827.30742375478
2026-07-01 07:00:00+00:00,103703.62461769552,98930.31877410156,108138.59664394445,15267.627531842423,16005.064264260729,18253.83068047549,8812.512622644574,5653.330926907148,5283.028305131651,4553.656250836206,4256.89648043417,3420.8339451089755,3098.8030441622486,19098.040565891897
2026-07-01 08:00:00+00:00,100252.49386008177,95418.1523942585,104964.82450502603,14521.454156980157,15855.6853354895,17488.680310536052,8454.217311680508,5485.934379657492,5145.427616370736,4493.921560747883,4162.230413684101,3291.310479976406,2958.765167030533,18394.8671279284
2026-07-01 09:00:00+00:00,99953.92199243885,95426.31168083801,104471.43439903716,14287.096185625527,15925.204256734592,17383.78168536657,8512.488688914362,5422.304454295016,5130.769652890152,4468.4122057044015,4199.440740229143,3324.3518228311023,3009.649720813152,18290.422579034832
2026-07-01 10:00:00+00:00,100950.4034266872,96850.04523309646,105306.85561130973,14233.303015700953,16256.442522857098,17021.245841990305,8451.858889342864,5488.608459502917,5210.656915175331,4664.045105373811,4353.305179310325,3422.778907981115,3173.067300520184,18675.09128893231
2026-07-01 11:00:00+00:00,104127.86748635094,100330.87190558863,108125.46188213196,14572.54431381571,16463.86429499952,17625.085354442424,8531.329861619513,5674.404339394218,5392.8081828811355,5029.596065544017,4588.757610245749,3581.7353237957104,3460.233899190681,19207.50824042225
2026-07-01 12:00:00+00:00,108757.08585172167,104659.72643808695,112653.18393968593,14889.298752992345,16893.675205691055,18436.810584701718,9007.329970318677,6031.639349720238,5710.237336850512,5337.060863257122,4926.089456392231,3789.211664094051,3668.143705439471,20067.588962264235
2026-07-01 13:00:00+00:00,114829.83162168169,110665.93940115692,119114.6546408327,15739.796980185067,17592.25944958998,19602.137280345265,9719.509131535253,6398.56658842264,5924.973781005385,5576.138243753615,5297.414022458703,3986.3967523298757,3939.042127658877,21053.597264397038
2026-07-01 14:00:00+00:00,122855.7529148561,118164.86220279889,127114.1478001422,16796.68358172307,18650.839242271373,20965.14807362248,10517.171642611758,6850.254300871503,6415.061532616766,5805.0768421244875,5832.822553755756,4255.758899447008,4209.689292719447,22557.24695309246
2026-07-01 15:00:00+00:00,131433.72096157903,127270.67318420258,135774.38380371037,17923.594513042095,20008.305658402263,21680.37319473188,11218.195525557681,7402.298997185074,6661.986994330434,6231.756814610865,6331.079251268394,4684.674426670717,4579.2299481958735,24712.225637583753
2026-07-01 16:00:00+00:00,140690.08069650037,136242.79760295467,144999.56099177475,18886.58067220858,21258.774962596428,22892.04471720074,12002.861560012727,8115.223525952507,7242.730107417586,6723.087635554807,6769.9574251830945,5077.3017997623065,4870.863222033722,26850.655068577893
2026-07-01 17:00:00+00:00,148053.91364299122,143709.00855721545,152053.55755625357,20285.301902348125,22192.267983674414,23498.42312960553,12469.188876838918,8446.174179821017,7743.646485334503,7007.7946016592205,7321.55361232809,5398.507783181535,5158.536768235839,28532.518319964045
2026-07-01 18:00:00+00:00,152722.50805201777,148735.38680607898,156282.98255264078,20694.783030643124,23357.15122868931,23922.85497923602,12702.347190048002,8643.100759572231,8348.251845460149,7104.400571189417,7432.462571218468,5704.305409957173,5264.863474297048,29547.986991706843
2026-07-01 19:00:00+00:00,155438.33048277834,151665.9509732652,158967.62896812687,21039.703442607675,24055.448692083846,24011.448626024787,12796.078910505577,8723.769382947292,8681.756604168555,7160.1063735760745,7608.851169456523,5858.977274530083,5458.535144341674,30043.654862536267
2026-07-01 20:00:00+00:00,157104.1511936911,153403.63163467476,160529.8197099975,21380.955632949826,24235.343805623354,24215.198245481468,12823.536888173627,8764.44262225866,8836.185309956536,7215.080837005631,7650.25387090498,5981.133550696009,5567.812403400629,30434.208027240373
2026-07-01 21:00:00+00:00,158386.4602661041,154426.25595421568,162025.93175883248,21486.965431138862,24040.48061682012,24290.64595171023,12881.202518229453,8802.836056190417,9107.749880321959,7209.991156510032,7795.870506354742,6116.932637773302,5641.944059125963,31011.841451929013
2026-07-01 22:00:00+00:00,160155.14805084324,155763.61520990002,164006.44418593348,21571.737476713624,24424.466284257527,24289.69868038578,12889.788397980838,8835.994074508633,9356.057403532053,7192.229150837692,7831.147210102968,6200.319714240681,5734.656712233044,31829.052946050397
2026-07-01 23:00:00+00:00,159909.99684409617,155319.4053637933,164114.98619281108,21556.894267643893,24677.50607053022,24235.947066594817,12933.174353320486,8849.880467996263,9215.82491011867,7201.50097458103,7695.502874987026,6177.61149965394,5610.684172401155,31755.470186268667
2026-07-02 00:00:00+00:00,156921.7001650385,152456.07603563686,161250.86599562987,21035.150545259694,24229.139916642278,24050.86638117095,12922.2994660082,8637.28439301028,9159.401060594451,7020.638719803205,7516.227042042281,5973.399959951783,5378.259683968157,30999.032996587222
2026-07-02 01:00:00+00:00,153494.02982340296,148879.56450422807,157843.03007474286,20540.40637012288,23701.90445342738,23762.16869120353,12744.619112326029,8378.931894305702,8862.198962744162,6835.927627451599,7124.766524144811,5771.935917176615,5208.008409352049,30563.1618611482
2026-07-02 02:00:00+00:00,148721.5477195124,144062.2135083539,153124.78748950225,20180.649720169793,22676.00378642889,23502.647145967312,12422.921937318006,8137.839230094965,8388.84218005387,6534.920079484769,7004.883450238067,5541.776734054564,4916.581660182215,29414.481795519932
2026-07-02 03:00:00+00:00,138817.87947808113,134378.33438910692,143131.32184696852,19245.674656577718,21091.016183089134,22277.472206716993,11585.645556448062,7572.048535403942,8072.03168277716,6043.230506140218,6436.440758489527,5076.485719131289,4523.130947681519,26894.70272562557
2026-07-02 04:00:00+00:00,129766.40188573301,124955.39074022142,134727.12398381525,17411.76987681215,20083.435628608517,21436.373304024586,10757.190613660152,6909.663442081977,7366.7819895906905,5713.530304913177,5943.148344325813,4721.705750037611,4263.7399192635985,25159.062712414743
2026-07-02 05:00:00+00:00,121300.3883011196,115916.16788534881,126854.3485199477,16289.526281587918,19001.33409074279,20060.472454141523,10303.524060832213,6392.369752048218,6961.029697887272,5357.785437278823,5597.3118209072945,4404.8729221021695,3936.6553951431715,22995.50638844821
2026-07-02 06:00:00+00:00,115353.78441212905,110013.2398603884,120803.93238016007,15252.715180623063,18334.15849770916,19274.574868644635,9756.178852571948,6201.132319341813,6654.888227143783,5094.567375074125,5242.814261532691,4086.040468434746,3706.2848732790844,21750.429487774025
2026-07-02 07:00:00+00:00,110905.60307801457,105964.5960272647,115809.25196429825,14827.99249967193,18092.977413842007,18859.541921533073,8875.888391206443,6062.3172764142955,6281.453652422465,4896.883521378014,5062.578367879485,3955.9928275201178,3579.8186961788515,20410.15850996788
2026-07-02 08:00:00+00:00,107294.06459685221,102192.75101449947,112178.60981022108,14400.122178620626,17670.896686221982,18048.171792094796,8443.615149758121,5836.93963876145,6224.4041555302765,4830.140932554923,4939.2199555934185,3804.7759544550977,3481.153194537739,19614.6249587238
2026-07-02 09:00:00+00:00,106235.76139214616,101299.9841238621,111256.8799127866,14094.995745824539,17587.754517192898,17728.770289010914,8475.929449801226,5636.937019814433,6126.715722310446,4794.747963784691,4951.874130085454,3776.937525226194,3516.7714189116386,19544.32761018373
2026-07-02 10:00:00+00:00,106556.1174570851,102159.43913569194,111218.86912262804,13954.325082702044,17823.411705599705,17772.420613960938,8379.587319884262,5642.1741031618685,6092.298276077085,4858.46559548524,5056.471456579049,3837.3145659866095,3646.0331966874473,19493.61554096085
2026-07-02 11:00:00+00:00,109007.31571449392,104769.41182147672,113430.09114438786,14233.074585022288,18032.73134551165,18044.22665143203,8575.704398885531,5745.354530725241,6221.829028017674,5178.69310151129,5215.080957637676,3955.5998991525207,3870.8599170212083,19934.161299576794
2026-07-02 12:00:00+00:00,113588.47136142032,109124.10470127244,118329.76296225375,14797.65844232964,18361.232083315823,18826.847091892807,9009.108258107331,6063.504960742699,6555.541431959666,5523.869753438116,5607.089649700563,4123.546882007473,4075.8531689017846,20644.21963902442
2026-07-02 13:00:00+00:00,120949.73547563462,116482.48466039696,125480.83686908068,15182.001453153593,19232.21698821069,20430.306912282893,9783.668190616978,6670.759512601703,6834.216075805383,5882.700365787594,6074.606601963282,4373.156842995704,4263.813514800282,22222.28901741652
2026-07-02 14:00:00+00:00,127697.19137772112,123256.90891061745,131911.6472672213,16127.287437470397,20224.912175947262,21157.00858830859,10347.379764521089,7074.298619946835,6969.65322692832,6231.3118859839215,6530.348053740041,4715.862685246749,4542.400417983889,23776.728521644032
2026-07-02 15:00:00+00:00,137583.99389452452,133445.39736988884,141441.978288498,17570.854721388012,21605.15659636654,22067.967242852937,11287.335283135504,7661.338956971117,7674.831866743455,6601.3701731434985,7054.811873631286,5174.0664160515025,4825.360086409552,26060.900677831127
2026-07-02 16:00:00+00:00,145751.3705078846,142245.4610576159,148815.14722318426,18576.21356763561,22798.352810587865,22936.98075784345,12061.326784041785,8099.798357826301,8389.93688839486,6949.844204917927,7338.056730514063,5603.5091951165305,5028.183121585681,27969.168089420527
2026-07-02 17:00:00+00:00,151819.84204346914,148837.80011116897,154333.15078975988,19768.33441900097,24146.52180207423,23617.88999133195,12399.925397849967,8279.168765268108,8798.465489151893,7172.074932405921,7609.594591772161,5847.498184214814,5206.184583922906,28974.183886476243
2026-07-02 18:00:00+00:00,155803.1534742372,153187.0070427723,158039.5776458411,20492.375201807143,24722.56470528691,23979.990955189467,12593.70377157162,8506.923610145848,9085.607417735246,7220.350570887382,7773.705612941122,6073.688329711059,5343.179071168077,30011.0642277933
2026-07-02 19:00:00+00:00,158182.6119138115,155819.40192296638,160363.42015095943,20846.73384052616,25107.983057139674,24161.388224096023,12669.697511500539,8594.06979254172,9317.329803567482,7267.894070080564,7897.413724731298,6200.108324652647,5495.318389715953,30624.67517525945
2026-07-02 20:00:00+00:00,159647.4878805066,157308.76287161777,161798.10088869042,21075.34739010027,25281.56198810075,24285.473950362273,12662.254079566288,8632.86619464985,9469.477509547036,7322.884463382967,8009.934666261195,6335.621828138755,5583.26153700657,30988.804273390662
2026-07-02 21:00:00+00:00,160938.51564633212,158501.677182651,163129.6314716645,21261.061149753576,25393.22865117385,24280.618760794056,12653.263648922179,8671.935879148063,9669.670542709742,7357.8337753499945,8087.653820112687,6442.3188944155045,5667.94103650197,31452.989487450486
2026-07-02 22:00:00+00:00,161480.17177530433,158763.62206009534,163733.61040769078,21270.368674024092,25567.94910537062,24275.670582974548,12620.548881630499,8689.658796563352,9768.143022433764,7361.31504410465,8095.843632276396,6495.2012500625,5751.030659750556,31584.442126113347
2026-07-02 23:00:00+00:00,160807.98533138688,157582.60391573215,163343.71772228787,20933.91118264954,25591.147645264373,24259.992426559747,12596.167998237288,8707.669773256124,9616.61185759529,7353.579893071776,7964.859452183124,6430.215658646938,5757.199210630903,31596.63023329179
2026-07-03 00:00:00+00:00,158323.77424519823,154945.5687938516,161357.4101650184,20184.77968472404,25232.72611981543,24147.212616221386,12547.206541125895,8618.036535328298,9494.450272286216,7178.693710766885,7727.556877827217,6329.047509885955,5555.287803553881,31308.77657366306
2026-07-03 01:00:00+00:00,154521.26390080078,150770.76319598287,157725.81892875722,20071.60764157189,24635.76634737219,23792.463448007766,12161.172147329566,8310.482021636897,9226.826027104715,6945.226730701049,7475.963499266923,6029.265315035884,5264.954557759488,30607.536165014426
2026-07-03 02:00:00+00:00,149328.37917751077,145247.18367154498,152794.1860283181,19461.682051102343,23548.440090933676,23512.05497099606,11821.7963171242,8102.922760098847,8882.888612991994,6628.973519652748,7088.606190357678,5734.164364079603,5051.072829753994,29495.77747041961
2026-07-03 03:00:00+00:00,139482.43780938405,135476.3911781051,143137.60905533712,18294.97638333796,21963.344769303963,22247.35242230638,11149.199449377007,7610.116476999575,8540.895767604836,6094.572956831668,6580.926616740426,5282.1420417164545,4660.08927187254,27058.82165329323
2026-07-03 04:00:00+00:00,126145.24212717768,120489.57420137426,131703.10345062034,16427.350567180994,20217.23326308543,20565.522414032348,9937.55726605591,6583.231317610263,7388.401179235636,5046.187220642268,5852.94662246524,4857.283392417696,4169.228927531749,25100.299956920167
2026-07-03 05:00:00+00:00,119500.27321831638,112597.54798287383,126409.79056833796,15514.064852851603,19768.21797066127,19247.672095427723,9286.042946117972,6186.427511815495,6901.294393403489,4716.900193587077,5512.297043523033,4533.344067057395,3812.3024978093854,24021.709646061936
2026-07-03 06:00:00+00:00,112545.76413992923,105629.9386887593,120066.39039380789,14599.820274100124,19051.52636269216,18349.423829742755,8493.443107278725,5941.288283539662,6549.7781597756975,4500.071624051662,5217.544154663541,4333.295293609437,3660.3242495994073,21849.248800876067
2026-07-03 07:00:00+00:00,108368.05822537004,101395.25739656421,115666.24435240589,13990.514016505282,18500.89710205146,17993.33442993776,8208.604453974825,5760.544359436264,6188.130578009127,4375.857831798184,5119.811080802083,4129.346909582005,3553.4090582354747,20547.60840503758
2026-07-03 08:00:00+00:00,104331.46949195449,97601.65432674733,110919.71410896251,13232.64476886704,17915.29369914345,17274.171455973486,7948.655553459526,5556.358695683132,5977.447128458403,4306.584399555179,4941.652530146251,3999.541490289969,3496.6811130441233,19682.438657333907
2026-07-03 09:00:00+00:00,102867.64306961239,96587.10968563949,109116.53565500227,13021.752274923903,17889.72770802447,17247.3954107444,7744.518818999597,5347.465115562636,5931.458707075519,4290.439520206575,4935.897493310807,4003.5976437063227,3518.2986038946538,18937.091773163505
2026-07-03 10:00:00+00:00,101963.35450559312,96022.24835138416,108085.00468699566,12762.755922249906,17712.514958390548,16744.01616632253,7632.505344685927,5408.797508272173,5858.737001019173,4364.143492456946,4945.835032460468,3967.4228400153997,3551.0464616665918,19015.579778053463
2026-07-03 11:00:00+00:00,102316.78665678605,96405.73432008385,108462.51864245321,12958.804885754156,17371.062832194413,16701.294599240366,7618.568756209451,5524.029007621153,5876.142103795235,4566.899766563273,4921.690515509115,3970.2848992981976,3648.5619011484587,19159.447389452223
2026-07-03 12:00:00+00:00,106143.58026531611,99781.95174581857,113163.48230132258,12635.046013997257,17885.6595468899,17171.898848284127,8161.225586417197,5708.406356125636,6008.365961624439,4771.768329116976,5331.779726393635,4065.6086873346203,3911.896293044352,20491.924916087974
2026-07-03 13:00:00+00:00,113073.071946498,107344.53707544145,118751.49754827427,13549.865756706165,18601.34978479497,19140.574364294207,8807.76575681951,6246.848797032222,6334.376383130908,5249.329230024794,5697.971055121498,4244.588915964742,4127.930356555654,21072.47154605334
2026-07-03 14:00:00+00:00,119668.41381004655,113966.40497758331,125056.63691138253,14275.72096498529,19691.671318345292,20068.13673865875,9325.261009138689,6734.800128385704,6513.648481138141,5527.6214278320385,6055.201192455293,4649.078421806722,4312.1491312482185,22515.1249960524
2026-07-03 15:00:00+00:00,127607.97970976996,122182.97781112816,132346.05760004616,15645.416376976675,20940.44252433988,20865.26917245933,9988.213074519836,7206.141731964366,6727.157161576068,5851.6426243516535,6396.063565889758,5052.827090688392,4519.076528037743,24415.729858966282
2026-07-03 16:00:00+00:00,135058.11332530703,129954.7419166349,139259.840277913,16738.48606769109,21959.481269010972,21655.47228827632,10595.461789671512,7607.8829784966765,7225.7754957835705,5978.742844778686,6728.791130783022,5436.318228618549,4723.417423536556,26408.283808660097
2026-07-03 17:00:00+00:00,141214.37950094198,136328.41411600143,144761.02080568808,17452.610191837226,23360.35671180033,22279.563471588994,11274.040222871252,7782.852395018678,7681.77682496155,6285.922355310126,7076.011772115011,5739.432298525687,4941.420115755406,27340.39314115773
2026-07-03 18:00:00+00:00,145235.35915651455,141178.64723523756,148484.921241258,18109.55887678334,23891.644732806533,22681.526570152913,11623.805068745,7929.887050568041,8032.9724521163125,6293.290474305449,7229.284060949857,5957.683551708319,5106.401878764458,28379.304439614316
2026-07-03 19:00:00+00:00,148238.08010546764,144226.4385139503,151296.2527955815,18713.172365737133,24326.652318614822,22669.91282679278,11728.576626952088,8054.551275822382,8665.049705097892,6356.588417058834,7366.202738206451,6104.613427963338,5271.291073210006,28981.46933001191
2026-07-03 20:00:00+00:00,149936.60482656452,145955.2327514518,153094.94990137164,19188.882932454813,24424.455187983804,22794.237237181336,11707.619375923226,8105.978223274257,8790.479593221802,6383.049526952045,7467.208163164705,6208.976603367681,5357.676521238098,29508.04146180275
2026-07-03 21:00:00+00:00,150376.5447043572,145621.1569160023,153958.93940111963,18827.229903400104,24488.29347819832,22889.350508840944,11731.793429346842,8119.862743631765,8680.735362514471,6441.690330724378,7541.308740714681,6256.637070463771,5424.817161096129,29974.825975425792
2026-07-03 22:00:00+00:00,150669.1892465286,145198.6354086598,154782.16114870616,18690.520625634268,24608.53994011582,22900.4910716718,11734.047607786595,8152.690476792167,8834.618668637931,6509.37168803965,7425.2648651992195,6247.474137981428,5473.514955100793,30092.65520956893
2026-07-03 23:00:00+00:00,149109.784059963,143282.04842285215,153989.3340393719,18687.253338595077,24290.96411888895,22803.781841992273,11487.545827901447,8038.2066659561115,8773.012384398591,6441.1493242518345,7237.213284289437,6177.751219330608,5453.52096809856,29719.385086260154
2026-07-04 00:00:00+00:00,145372.51617958315,138903.73233578503,150684.77328339743,18334.7272684774,23572.83855546351,22413.17610369086,11118.971317623631,7853.927747661575,8539.250415742677,6280.4098243246235,6936.589556222495,6006.152001142342,5139.48600790417,29176.987381329873
2026-07-04 01:00:00+00:00,141602.7787907512,135048.00072828817,147254.81648065714,17798.58458590004,23179.776145259853,22017.216359040394,10821.844415671938,7601.953462361067,8414.318083564927,6093.798078335104,6566.867600781532,5766.455940816944,4870.855966651253,28471.10815236816
2026-07-04 02:00:00+00:00,136025.00208369974,129658.22394742123,141829.35895991002,17009.929538829772,22380.50714505137,21757.695361755148,10627.001735837535,7406.059116967867,8155.08764840404,5788.887115677116,6262.065601811271,5563.389863850236,4631.926674893592,26442.452280621816
2026-07-04 03:00:00+00:00,126751.61810710773,120914.88626153852,132278.69069501924,15845.67558882726,21076.75925287885,20141.2400091664,9776.538451527354,6894.850869936149,7683.470675198553,5256.050363112743,5931.55155072077,5206.826448450271,4312.768675279129,24625.88622201024
2026-07-04 04:00:00+00:00,116312.17827263688,108542.81923726616,122799.53032309165,14511.017160003994,19663.603612271938,18543.258732612252,8824.698412807693,6247.058968245969,6927.636519648326,5017.181205454166,5404.5367595735,4688.408791407907,3911.7466397517087,22573.03147085942
2026-07-04 05:00:00+00:00,109178.71133226511,101392.24717913731,116377.42705820964,13646.28349524206,19148.293390409384,17586.984783575237,8269.034854122816,5838.9167647855265,6271.13786882748,4709.039114541952,5113.907019252892,4346.430682087173,3671.2555054199597,20577.42785400062
2026-07-04 06:00:00+00:00,102819.15343996248,95490.87733389862,109543.48453398577,12748.958360597566,18023.379379822625,16739.40226320205,7702.013650469953,5374.939576649501,5860.057975849144,4486.528843672038,4862.917092716181,4000.3723600103294,3547.439324180888,19473.144612792214
2026-07-04 07:00:00+00:00,99135.17047262788,92336.1322260143,105954.34869954626,12046.105194293037,17718.903980784875,16373.471303977047,7447.007640499326,5211.704723929246,5632.399519693961,4371.352259452447,4729.301342197031,3796.151039472963,3391.3838935829363,18417.389574745037
2026-07-04 08:00:00+00:00,96576.13854841367,89748.50978742013,103597.16955933455,11502.990400076385,17473.087344850745,15983.90679108154,7231.153805458521,5109.079972248412,5520.758443746957,4315.159325393445,4604.163617528039,3680.2928396133707,3314.5003154696496,17841.04569294662
2026-07-04 09:00:00+00:00,94901.10790146483,88127.46537212255,102073.45876309452,11313.347667986362,17088.634717628007,15785.22204967669,7126.565459907124,5070.459415742602,5454.038098761316,4287.827964858471,4603.557132385469,3570.8298535954214,3252.46322717499,17348.16231374837
2026-07-04 10:00:00+00:00,94730.64616550237,87776.01481808686,101845.20730123231,11167.796643916812,16821.791361597778,15838.59197343123,7207.884192114441,5028.526491725294,5465.274249976954,4354.803824175403,4590.103463731045,3592.2599074289305,3199.0956947213876,17464.518362683102
2026-07-04 11:00:00+00:00,94302.14120946982,86632.20008302869,102029.31676451158,11136.310455909192,16899.266278143343,15716.718423865845,7126.314432883079,5058.39249426553,5217.725165724635,4312.043576163199,4561.856652095574,3557.4416220166954,3334.688465920789,17381.383642481953
2026-07-04 12:00:00+00:00,95246.70753459902,86739.89702847792,104204.03794163154,11016.074799397473,17098.514745398916,15764.126103186914,7087.271588779816,5069.176856786951,5413.814009134582,4123.925870901731,4889.943541169082,3716.5680941951464,3458.647836274583,17608.64408937382
2026-07-04 13:00:00+00:00,101955.87017962954,93073.16224104678,110242.49895392903,11531.05641849314,17789.01703527852,17270.136915740884,7830.294868328045,5484.019246643433,5576.487098498276,4457.627308066384,5095.3633396778705,3948.7271681820066,3610.6427541499907,19362.498026570967
2026-07-04 14:00:00+00:00,108180.82201167014,99261.90026396485,116487.20212692913,12062.889836174,18481.537028886607,18477.362277033775,8089.748593130684,6123.24366637788,5885.804127933764,4978.557196089514,5352.934617687197,4215.63303811968,3764.2777558639095,20748.83387437314
2026-07-04 15:00:00+00:00,115618.24266785798,105656.85157021502,124432.14030722048,13311.599336817011,19525.800047348952,19462.727645596737,8765.208886076256,6441.314590202252,6029.173486876074,5125.705549324623,5708.946365425552,4536.126503114089,4067.7069132406596,22643.933343835786
2026-07-04 16:00:00+00:00,123921.9145845725,113504.67307183087,132961.43162686366,14558.495684281239,20678.93622837257,20585.212921618473,9564.92008975373,6979.809948634392,6276.201025643211,5350.223047898345,6127.275194526977,4835.63960297599,4304.383109626821,24660.817731240735
2026-07-04 17:00:00+00:00,130068.02301789401,119191.9461452014,138951.33630019333,15249.221854381694,21659.812555196546,21557.899574268242,10231.297909412751,7355.176001294489,6539.311103682574,5704.762965671913,6533.397627548027,5186.4312929737125,4572.595834939798,25478.11629852429
2026-07-04 18:00:00+00:00,134585.34798881575,123577.67606524215,143206.8681591775,16062.05444863729,22203.19764519483,22048.4335813508,10648.34201108488,7486.626821907069,6862.358682733257,5767.378415133977,6774.00263463546,5339.893238549969,4669.5790627962,26723.481446792033
2026-07-04 19:00:00+00:00,138260.01264931855,127007.50200561258,146776.09220644293,16386.541410851885,23069.669362026947,22149.47097317658,11057.910170624717,7571.473061587438,7236.50192245534,5826.828826336764,6897.468644279263,5444.836131741334,4767.421750015504,27851.890396222785
2026-07-04 20:00:00+00:00,139486.81057226282,128334.83476074615,148000.6995002856,16734.746193899442,23135.70022639878,22399.29784065993,11074.094123277508,7706.2370041978975,7312.088155376885,5930.418739525093,6989.660052115492,5570.906160238484,4817.795871493155,27815.86620508015
2026-07-04 21:00:00+00:00,140217.04620311325,128456.11384038985,149120.42180674037,16951.31542898398,23265.141227087537,22557.231958195825,11014.19327772493,7786.198218824517,7448.929099139144,5979.608271214181,6824.875159601608,5595.745256984373,4896.927013363662,27896.881291993497
2026-07-04 22:00:00+00:00,139543.7312922714,127861.36372069611,149082.95368776625,16805.938534981924,23187.88419307102,22335.893790424834,10881.552608297934,7599.554793312919,7743.532228670715,5897.484165669476,6694.975878690884,5614.749520359484,4923.271297823129,27858.894280969114
2026-07-04 23:00:00+00:00,136442.0570454759,124449.36173731231,146513.48097802413,16716.724156471897,22598.89065542424,21977.65128259274,10338.89793198307,7366.1749559920445,7667.123609612537,5764.566163363946,6337.88915200688,5518.371899052646,4792.7677853665955,27362.99945360932
2026-07-05 00:00:00+00:00,131837.78916665202,119778.50259333698,142270.00070642302,16256.70255070571,22441.049510133664,21319.0589883375,9878.953021303449,7101.951794170379,7371.140298043237,5634.765539698943,6136.135824106023,5432.075908194215,4439.912995916281,25826.04273604262
2026-07-05 01:00:00+00:00,127673.94531296413,116172.56146225035,137888.01474280906,15520.14354238272,21892.293831184783,20771.185241702573,9481.516629033833,6977.225539277305,7219.297773911486,5471.057726350387,5989.359972165583,5138.747408039677,4286.021922023269,24927.095726892523
2026-07-05 02:00:00+00:00,123040.57263233303,112028.62190550781,131967.56620501968,14719.550905165774,21419.30258004578,20468.354182412197,9172.989808570343,6678.551674465255,6760.987167142129,5163.706684445191,5819.583674339568,4948.757800148693,4153.307460527422,23735.480695070677
2026-07-05 03:00:00+00:00,116717.33765408998,106380.04837705006,125129.07814717619,14292.880250829881,20222.4322944156,19207.49633565115,8805.361452164714,6279.043816959287,6525.014359863426,4954.375849069854,5391.423314749363,4600.834433128914,3956.1944508914753,22482.28109636631
2026-07-05 04:00:00+00:00,112287.01100904532,101373.21927121305,121213.38318382559,13837.201999111458,19290.359820800146,18467.714808802844,8542.767960093364,6054.810611052399,6359.563715214986,4862.679830387162,5284.84684561723,4271.323608572758,3892.6889325792863,21423.05287681371
2026-07-05 05:00:00+00:00,105152.1784493759,95286.96657810034,113622.51526482817,13141.966938367723,18408.43888285825,17405.119697724356,7932.537794585442,5582.607615456836,5934.047131800532,4493.745760111286,4899.7030025313525,3981.92193739126,3643.524522049221,19728.565166499633
2026-07-05 06:00:00+00:00,98396.32274036107,89630.67603427323,106466.36819537736,11982.279017713976,17298.62373835103,16617.762108232746,7400.8851655044255,5302.4540535823035,5531.270380737805,4267.500623278908,4505.010877980657,3693.053182133633,3431.5492759852223,18365.934316860355
2026-07-05 07:00:00+00:00,94607.55943176958,86093.93481713613,102372.00019652331,11325.34572024607,16733.13693347441,16212.493136442688,7155.557910358272,5109.4829892394255,5211.040010754651,4116.697181050277,4388.386764244992,3504.145654170063,3281.2936438537354,17569.97948793501
2026-07-05 08:00:00+00:00,91569.0076953381,83130.81927706739,99329.81178286586,10821.780881248724,16347.475048362581,15689.909182286701,6809.310665473054,4929.211070306865,4988.287101538766,4026.914156408601,4226.69154867684,3386.582770628749,3220.4776913938904,17122.36757901334
2026-07-05 09:00:00+00:00,89888.10559358264,81814.30573667698,97518.38562913636,10537.444731076424,16084.004927762659,15516.88367741248,6605.949803080958,4936.804003872633,4902.943877179071,3971.1658894727275,4165.006566421047,3302.2941059238324,3163.8351708991077,16701.772840481695
2026-07-05 10:00:00+00:00,89494.66723721709,81561.68998079069,96990.43144953623,10418.161886028913,16127.068517961985,15397.61086253908,6683.152923990367,4934.715738002075,4848.121996807907,3933.44427801109,4105.8647092465035,3281.102163306272,3085.3847457668303,16680.03941555605
2026-07-05 11:00:00+00:00,89364.17113002589,81113.18854802784,97424.21315113181,10254.801133646593,16155.464847175654,15631.094781812277,6547.858357303689,4926.215241126468,4547.959285207591,3941.053538246178,4152.067158786905,3214.448572039306,3144.876659661992,16848.33155501924
2026-07-05 12:00:00+00:00,90772.75817813772,82543.02182704686,98890.83266008443,10122.299452166002,16697.928451745065,15807.313144217926,6506.517492226488,4914.220955370474,4730.797525538458,4055.2919559207653,4295.174361525895,3297.872506293392,3201.3896850750757,17143.95264805818
2026-07-05 13:00:00+00:00,95874.04296556684,87139.02104998329,103937.99306740637,10552.869611874898,17082.454340096407,16794.478184854666,7202.377849185554,5267.384477329571,4820.3212618193675,4337.374472118669,4599.075324119379,3565.440514222468,3445.6036582664005,18206.663271679474
2026-07-05 14:00:00+00:00,101734.81993281297,92381.41239962133,109991.5113745207,11443.054241801448,17950.628500135062,17768.073333934262,7766.279886092833,5638.680882920571,5001.665515431188,4681.455152262689,4898.927707738246,3743.3196314573865,3632.486466322598,19210.248614716696
2026-07-05 15:00:00+00:00,108396.79274091759,98211.31702053809,117674.38511958158,12352.662640365068,18401.635731453072,18916.874100765835,8271.446667153596,6061.395335520151,5315.660111094741,5083.741494275925,5119.108903672491,4088.8456402603288,3859.750997767297,20925.671118589096
2026-07-05 16:00:00+00:00,115299.4496759068,103494.83161889526,125733.55585645471,13649.804302067389,19296.051802004953,19890.483642637617,8857.737926780557,6456.8804124264825,5652.638700100783,5302.206409495469,5490.623180978049,4345.476043426393,4034.9972946854705,22322.549961303645
2026-07-05 17:00:00+00:00,121847.80450522079,109112.5603217646,132843.939137273,14687.56310249161,20022.650410256017,21252.153194896215,9647.12829617004,6771.578957669058,5957.138302788807,5441.154736390193,5787.287218349762,4692.72130461837,4262.180095684257,23326.24888590644
2026-07-05 18:00:00+00:00,126983.40248232285,114022.60501532178,138340.4731074402,15611.13018390535,20748.140122576056,21727.632874227675,9959.291094411283,7032.370421268503,6322.0048942983085,5524.7225973693185,5947.8013334506,4871.659073275965,4381.332862136378,24857.317025403427
2026-07-05 19:00:00+00:00,130942.2267880317,117676.81340708953,142446.17323141542,16217.92615233157,21420.71790558511,22204.97292899261,10309.26096475035,7204.693720463871,6538.787923410765,5744.408431049592,6022.030582510548,5025.585035745921,4531.217817358918,25722.625325832432
2026-07-05 20:00:00+00:00,133616.8469438605,120096.65987487668,144877.9250496271,16611.366335927258,21612.358579187076,22593.008322569993,10613.358895472471,7334.38516491829,6792.6802097899335,5830.9636432848965,6171.420604044873,5133.219609124581,4635.593577753967,26288.492001787152
2026-07-05 21:00:00+00:00,135062.30182090416,120602.7276375183,146539.25009040989,16756.066339028486,21811.77318925121,22664.831789581724,10711.000137824603,7389.682439476781,7162.7853978207895,5824.716686547343,6290.023188894525,5173.368271348035,4585.921066649765,26692.13331448091
2026-07-05 22:00:00+00:00,135169.46885209202,120991.75215681446,146913.49411794962,16496.49819785032,21835.558041366417,22791.790948758633,10754.464312092268,7391.795013021803,7040.1046489936125,5945.861452616287,6304.858512499382,5210.385223189318,4578.060648220432,26820.091853483533
2026-07-05 23:00:00+00:00,132581.68263085035,119075.75984803344,144561.47702381242,16459.20489943275,21538.248037890407,22029.991783919002,10481.195820009912,7307.823733965405,6964.8283824336795,5855.735144563378,6123.171143764423,5176.780019356038,4521.845047142741,26122.858618372626
2026-07-06 00:00:00+00:00,129091.6008564545,115577.95192547362,141217.34760918844,15909.71065834097,21375.18355263473,21633.25543744325,10002.217175803873,7070.125788080873,6726.382267444012,5700.488617681074,5973.720133884529,4947.634320876495,4440.78938365385,25312.09352061084
2026-07-06 01:00:00+00:00,125384.67160840664,112106.24865850393,137234.5274382046,15226.412311603845,20480.168546557627,21253.93706864087,9681.36263643077,6894.933145291763,6579.42631074778,5457.495605227684,5765.257824123851,4877.645209115702,4386.416049995998,24781.616900670757
2026-07-06 02:00:00+00:00,121946.79406565618,109439.06226614687,133182.5979609855,14715.42269245586,19833.136462123744,20933.926310228904,9483.110309202106,6678.169465050711,6393.511017779659,5301.467625821482,5630.575422095657,4669.5744132444925,4212.65785621406,24095.24249143949
2026-07-06 03:00:00+00:00,114767.06166966732,102973.14070549684,125245.48930185694,14027.908371966692,18693.626514449923,19665.586711838576,9028.959002643305,6305.030449939614,6138.101640679409,5019.120349010509,5238.049295497295,4357.087839528045,3833.1127022115247,22460.478791902427
2026-07-06 04:00:00+00:00,108005.09407298206,97722.4546670831,118656.06454533391,13553.255598045598,18184.815345514187,18657.65292483198,8541.804744544432,5881.7956069971115,5831.208335562101,4654.003792637495,4978.752703599704,4045.0598246399218,3574.6404322449253,20102.104764364605
2026-07-06 05:00:00+00:00,99913.96757801452,90171.87866426838,109840.06766681076,12218.46398151117,17062.293177684744,17489.756238883085,7875.68906075359,5364.366219065964,5434.222021460879,4342.107592339079,4569.6569671858,3729.329644457138,3207.389233611319,18620.693441061758
2026-07-06 06:00:00+00:00,95012.86922118472,86453.44086009816,104382.95947568736,11608.473508244108,16408.982627790956,16693.190649777007,7447.21424582238,5124.85868763788,5105.425010103878,4151.1230473346095,4301.769712186558,3470.296098241406,3057.0521440777816,17644.483489968145
2026-07-06 07:00:00+00:00,91898.47652715418,83975.33615716752,100977.1828690529,11087.022055668423,15938.875064589496,16383.237517687772,7082.4063278018475,4950.431431403186,4956.420398872316,4046.992487712501,4111.2080459229555,3357.6377989931616,2986.3914103145753,16997.853988187933
2026-07-06 08:00:00+00:00,89442.66580608732,81855.87420295087,98149.62851377208,10478.50197472871,15708.099336056615,16029.837924345586,6969.618618365551,4817.993704277008,4760.79699674042,3991.9807999138848,4030.6342275129637,3228.965150508321,2924.952984694153,16501.284088944107
2026-07-06 09:00:00+00:00,89010.16926929717,81873.23345194726,97294.03613096593,10262.549382493893,15520.508566054274,15909.347517187049,6972.242489506255,4836.928277066771,4755.019105571277,3973.047566800573,4046.3947037866974,3221.9440964510713,2907.9253610127284,16604.262203366565
2026-07-06 10:00:00+00:00,90919.97590291816,84246.40784831636,98840.8014432282,10374.505746545768,16044.612845492682,16052.142083747363,7063.1371552951305,4952.979729308391,4755.833789444239,4127.977088363526,4198.480111559595,3291.0488477593303,3097.64648461013,16961.612020792007
2026-07-06 11:00:00+00:00,94819.0157620439,88470.56664884275,101961.29338433107,10674.846902700168,16661.372594479326,16659.379946707148,7385.750635714093,5151.299031509095,4996.617586786319,4458.938323994061,4400.4666762254255,3407.717760056552,3312.202051538761,17710.424252332963
2026-07-06 12:00:00+00:00,99619.36183035038,93271.18789971083,106830.4919237009,11408.777368397328,17021.3774247763,17537.235329334562,7789.7462370064495,5452.751295750119,5368.41967106111,4753.825805021854,4654.2595649031455,3558.3641431621227,3462.8751499356886,18611.729841001692
2026-07-06 13:00:00+00:00,104883.28379318168,97669.68335575632,112746.90193972726,12355.12694234658,17569.030692669876,18364.88046100028,8490.066906352493,5744.962712385272,5453.975027461374,5041.846220958345,5018.843195430847,3774.6232783565442,3645.1857929148496,19424.742563305208
2026-07-06 14:00:00+00:00,109976.70820246373,101945.62422413292,118261.35530910915,12940.77341601491,18263.363805935616,19169.890117980653,8886.722256917179,6119.38058372181,5712.834081930394,5336.057031245395,5257.448573201056,3985.161521581994,3809.376020283562,20495.700793651176
2026-07-06 15:00:00+00:00,116058.31813114503,106837.07151160967,125345.00449873427,13751.84266307698,19024.78511778197,20057.258876605258,9454.269462452501,6449.82047876341,6014.907549036234,5566.21318842644,5581.968027188137,4185.476051226138,3995.4501886057474,21976.32652798222
2026-07-06 16:00:00+00:00,122800.03402723727,112457.63849783626,133258.6802222891,14702.729847194096,20037.56042461449,21170.441386888204,10226.680452736322,6756.719961363927,6287.517517505837,5791.060169947826,5877.382480350455,4516.795047431985,4244.069258258276,23189.077480945867
2026-07-06 17:00:00+00:00,129144.0143130745,116999.76212439979,140788.94768246255,15674.561395241644,20609.665069619583,22295.835020002167,10609.751203998356,7195.196821722559,6664.5581882557635,6014.296692693611,6097.7835898891935,4735.276989353106,4382.5706355274,24864.51870677113
2026-07-06 18:00:00+00:00,134149.57317716267,121790.77318509726,146068.8407384336,16459.21614342622,21374.30411062862,22777.235190200387,11191.088715954265,7583.400045583569,7095.359018690371,6222.494793997069,6265.250445912215,4970.938012692765,4527.151245982737,25683.13545409447
2026-07-06 19:00:00+00:00,137789.26078302905,125210.17202566683,149765.48481641675,17385.483984671453,22004.841286063747,23107.740333002697,11264.357291823657,7637.902508185317,7255.972768589204,6239.363165933567,6361.811204354109,5133.115123335886,4648.939536870937,26749.733580198477
2026-07-06 20:00:00+00:00,139493.9642985506,126796.6147228319,151410.564866942,17743.098352462115,22212.00739421186,23274.781504639628,11399.553187636016,7693.791443528119,7570.22907171704,6320.108375071278,6441.461107952444,5235.188811477175,4741.038921387204,26862.706128467715
2026-07-06 21:00:00+00:00,140164.79903648503,126646.84189042411,152380.60832196212,17771.839326147856,22194.382122303614,23185.57361555921,11395.094132546845,7818.660704475592,7721.951672508454,6369.87378075947,6484.4687457136615,5328.053286617169,4788.66738582612,27106.234264027025
2026-07-06 22:00:00+00:00,139415.1630352613,125941.26092247976,151975.03534059646,17360.623501028862,22312.199993321872,23204.766893559492,11441.775067547742,7637.941006937949,7608.916320078361,6272.3430366222165,6474.233644254818,5351.75286586997,4838.283925927977,26912.326780112046
2026-07-06 23:00:00+00:00,136359.51226345994,122869.93133668804,149405.22506589277,17053.011584033968,21833.653818042643,22761.58218886565,11069.75053110767,7380.975779565704,7572.9977996875905,6144.425296839075,6283.9979224203435,5398.096097425658,4691.257460407043,26169.763785064595
2026-07-07 00:00:00+00:00,132412.5603955697,119530.1955460684,145385.480567225,16445.09539519642,21278.962053543128,22368.29751203851,10687.27114038893,7178.6221048858015,7370.658040256767,5962.54675404668,6038.019575374839,5169.505844700619,4542.131792711491,25371.45018242651
2026-07-07 01:00:00+00:00,128542.70595670836,116243.70966758707,140885.8037852061,15728.96813842391,20884.979574063724,21732.900891646408,10273.304131444887,7106.129531669236,7175.211011824559,5857.797841755782,5870.883524410924,4929.90372887272,4276.1905235140075,24706.43705908219
2026-07-07 02:00:00+00:00,124469.97103920883,112945.03119434742,136346.86245965047,15294.53706509942,20055.079290514917,21327.28927105337,9993.474935562916,6823.42341649719,6954.091147829305,5507.2278581897235,5579.328405139747,4769.330698239994,4106.25030171059,24059.938649371663
2026-07-07 03:00:00+00:00,116301.54622084564,105731.5818326979,127117.56056304525,14531.34703048515,18996.912345977413,19886.258474923623,9322.948904045577,6292.873359692099,6399.724283155731,5091.524570883236,5211.426782482023,4416.404645715018,3862.2724669634304,22289.853356522333
2026-07-07 04:00:00+00:00,108067.26224210788,99115.40713220746,117613.41384191341,13848.202667707295,17889.35318169494,18596.495528262814,8675.866248100325,5855.069527336898,5896.823891332088,4816.427549557149,4923.310093467474,3967.6711277928644,3479.356945315823,20118.685481540208
2026-07-07 05:00:00+00:00,100417.40529847337,92124.77260147256,109411.23178942547,12688.015891699253,16809.450883684163,17589.252122757793,8128.639079898387,5350.472408500647,5393.708350953599,4507.851424185388,4415.6578681306055,3632.50422755748,3184.4146894649493,18717.43835164113
2026-07-07 06:00:00+00:00,95033.70363099518,87512.33217686246,103251.49747966339,11614.94447349625,16255.245468758163,16849.333640462053,7587.338490146274,5099.123703720355,5097.213589345324,4297.608281446341,4226.766677426385,3429.945595899866,2995.9950667813664,17580.188643512804
2026-07-07 07:00:00+00:00,91567.84230437235,84784.29793142033,99324.13047429739,11012.024129955327,15941.388742261097,16498.005171498142,7298.704899044195,4913.410009608716,4844.7583117812,4158.615054107642,4032.188107435687,3276.959797131794,2855.7654047177325,16736.02267683079
2026-07-07 08:00:00+00:00,89566.68770266029,83081.61604963543,97013.54359880522,10564.837008754681,15527.705003920637,16264.26133016251,7136.5478904249685,4846.107867497574,4732.095577323128,4092.653385151566,3933.495123159214,3144.1703274573056,2822.011720814095,16502.80246799461
2026-07-07 09:00:00+00:00,89044.72880032801,82985.65170651417,95985.20237643053,10353.811448293089,15441.7516787307,16004.473240797273,7164.666103379441,4857.870497037645,4743.263604181669,4114.0452076358215,3947.9748902117226,3162.526465378625,2808.012418624379,16446.333246057657
2026-07-07 10:00:00+00:00,90966.52583367312,85222.74309655972,97506.75480559687,10423.681870061528,15657.776535786092,16235.059876132524,7306.013289108429,5013.751553731752,4757.005244553651,4314.754432755713,4114.804721962293,3278.4225756613982,2962.2539151315395,16903.001818788198
2026-07-07 11:00:00+00:00,94849.718375156,89565.4610748361,100752.63228599737,10826.233640216826,16256.302671276128,16922.473469843044,7632.379399946499,5221.279573442012,4873.999060941777,4611.372966815851,4351.1436729790785,3389.1461281266625,3202.1142321711727,17563.273559396945
2026-07-07 12:00:00+00:00,99630.0290201623,94286.14199527854,105517.09275372016,11496.527217921175,16710.45557694174,17632.009482374368,8008.897572464513,5477.6782866267195,5141.124604481649,4913.620842822455,4637.863461739295,3556.499838559665,3449.6294973660424,18605.72263886469
2026-07-07 13:00:00+00:00,104191.9981147572,97904.62887803891,110728.00305276892,12236.166512915059,17402.033357646127,18246.196574834077,8455.724671044401,5764.173507032043,5303.629922191446,5124.9544316221345,4930.552164758631,3718.8855334704053,3605.5438429287838,19404.137596314093
2026-07-07 14:00:00+00:00,109017.54457178006,101691.00960937061,116951.26828809363,12930.686874157987,18169.88617532691,19083.801496977474,8964.929494647942,6098.461668641833,5478.630906959602,5413.4224229465435,5204.156476941262,3948.187459183573,3693.9211607333273,20031.460435263594
2026-07-07 15:00:00+00:00,115263.32785888253,106906.98655237303,123751.84635805724,13620.352116670443,18929.960884442607,20109.47992742208,9505.404860649141,6511.528208229277,5761.139483779083,5620.888479401917,5558.306786414423,4154.835573036226,3859.143369928737,21632.28816890861
2026-07-07 16:00:00+00:00,122099.83561474632,112508.49661305928,131583.03285963112,14503.323367963892,20042.94121560858,20971.933036298717,10108.058855916086,6780.177543481765,6252.483774074115,5826.5933792703545,5846.987122443275,4400.467083169898,4138.373380073259,23228.49685644637
2026-07-07 17:00:00+00:00,128421.6076009457,117090.5182058883,139077.52477096242,15547.056398483488,20809.156536162376,22164.037675336192,10627.539084848462,7015.548314388944,6601.215187052148,6070.848284242435,6086.877954436327,4660.706489899317,4258.076121831545,24580.545554264463
2026-07-07 18:00:00+00:00,133634.61785179516,121961.82502634777,145165.28077172537,16158.738873927814,21548.181738454612,22903.38206515514,10979.549822593399,7421.865748433654,7171.929849382499,6232.155598435866,6290.360789583977,4842.613998461686,4406.198424048969,25679.640943317536
2026-07-07 19:00:00+00:00,136915.50112702642,124455.41371243833,148714.02682502032,17230.20090042981,21762.881913035926,23292.354204231255,11302.72110783993,7513.730526801374,7344.100793060238,6302.758736022427,6395.985424567611,5026.999968529446,4539.1156220015655,26204.651930506832
2026-07-07 20:00:00+00:00,138899.4569038411,126415.99186119606,150447.72223222812,17556.594107345583,22052.767480036266,23474.198241912647,11311.192532326653,7589.704987437733,7498.527120691508,6330.963142347481,6492.1026984919845,5143.060283604319,4676.769112054558,26773.5771975924
2026-07-07 21:00:00+00:00,140145.97216237115,126982.10365998316,151970.13344431232,17764.01343273447,22486.80179661297,23551.72040874328,11359.717378841382,7637.322163273101,7563.370760175515,6382.852819317995,6597.500232223363,5208.553014082323,4638.977545350394,26955.142611016352
2026-07-07 22:00:00+00:00,139506.9755116916,125961.77735138219,151686.0792767296,17331.101239532974,22361.723503967216,23395.463021332613,11297.618262659747,7596.713355951574,7640.236922215832,6347.362262542031,6571.945326728721,5388.9705912176805,4646.514324975348,26929.32670056788
2026-07-07 23:00:00+00:00,137097.69079206363,124074.47596505325,149375.02714449036,17151.985666633424,22051.046787808227,23184.82438354433,11042.743777324464,7390.874093280515,7353.283679587774,6193.195209034272,6355.531285010839,5325.074676756479,4553.6842413329605,26495.44699175036
2026-07-08 00:00:00+00:00,133077.57179336605,120771.1023586471,145523.63350927748,16661.737649749408,21497.200173446556,22581.346857230394,10642.178184373844,7134.095295255009,7190.423071490261,6025.694168718078,6082.312649072439,5149.396982618912,4426.155285046336,25687.031476364813
2026-07-08 01:00:00+00:00,129602.32878587031,117828.85460196334,141388.85868159242,16089.910034812636,21123.11655420188,21995.893771616968,10250.627645829876,7006.459143426258,7135.04442593692,5943.0948202525215,5904.524932620904,4947.851214018842,4181.878534528309,25023.927708625197
2026-07-08 02:00:00+00:00,124981.13847216102,113647.55768148694,136296.2314124447,15478.619957112265,20239.54553503004,21377.434784180383,9950.046715722996,6834.473756684657,6771.580632915378,5592.384766564229,5631.003639569254,4809.2752620904685,4051.6676974169022,24245.105724874455
2026-07-08 03:00:00+00:00,117013.3259198986,106786.22525279305,127491.5073947905,14883.89385127824,19150.28144195071,19972.96864284511,9419.25365258537,6273.622689978483,6368.789167268947,5239.7391834273185,5193.043339076151,4450.986749620492,3766.9403162293506,22293.806885638434
2026-07-08 04:00:00+00:00,108556.12344634309,99400.34187401536,117474.8745117897,13826.5412035236,17953.621279028815,18673.49384957558,8735.023444595272,5769.167737412933,5888.666635432082,4887.226164143815,4919.229350801855,3988.3142619696173,3443.74150250746,20471.098017352062
2026-07-08 05:00:00+00:00,100335.62158218565,92217.44779267051,108484.30710540205,12572.606977306465,16953.864648609415,17528.07944637214,7963.81221298859,5322.196412995261,5425.836829693877,4533.349220107537,4505.904794433678,3712.8602054828034,3168.0419474827436,18649.068886713118
2026-07-08 06:00:00+00:00,95231.72821198065,88000.9828752767,102522.12982862306,11717.376886222717,16313.291767238432,16834.512614211348,7528.85945229743,5059.0857320227,5139.633304870632,4345.388046415956,4224.823332521444,3448.202811199747,2971.5829247327397,17648.971340247517
2026-07-08 07:00:00+00:00,91859.2834354915,85107.26326357787,98849.93851204304,11139.95363799565,15843.447608378548,16383.270188637816,7314.093085262835,4938.678365056207,4985.485348103012,4226.44863758995,4024.275877012063,3280.566752308366,2829.7322129642102,16893.331722182837
2026-07-08 08:00:00+00:00,89839.57161405073,83477.95980023697,96381.72489587466,10724.570748547465,15576.421865517459,16022.794592617567,7180.6370041553455,4893.933593953359,4787.756225662513,4158.068798844331,3940.924909809913,3159.0261167859235,2788.1268177663737,16607.310940390464
2026-07-08 09:00:00+00:00,89271.47609734841,83341.93460592761,95358.28859444497,10494.88074556617,15439.660421623634,16078.224468652228,7116.58307613978,4870.985305432939,4776.290400259712,4180.424667744892,3952.835932459243,3164.834869050389,2788.399364096968,16408.35684632245
2026-07-08 10:00:00+00:00,91184.28468935475,85684.43613592436,97037.47998066332,10521.868904658753,15687.056950655526,16297.149999760957,7294.4404128684655,4975.539481466654,4805.299079307584,4373.307691897963,4107.66021667241,3274.2707779703223,2954.2114021420625,16893.47977195407
2026-07-08 11:00:00+00:00,95093.98106514939,89860.00370625428,100453.98455553959,10837.16675496186,16249.256996017659,16891.878855646333,7603.686546664184,5209.822367717698,4926.724336296728,4675.303480345979,4366.801175596087,3380.4062719873173,3128.4579969262445,17824.476282989304
2026-07-08 12:00:00+00:00,99556.29992545927,94270.70160049893,105064.38909864015,11548.76312609237,16657.446959750923,17429.740257129084,8037.748214457388,5449.793451372329,5210.020148677359,4995.369073005211,4678.594364465298,3547.882087066134,3424.796203333262,18576.14604010992
2026-07-08 13:00:00+00:00,104339.54394512708,98040.7215458066,110477.91726064254,12360.328313875147,17225.544453380848,18146.01334902191,8417.587640120653,5696.562766179065,5356.061643888484,5190.687963167916,4996.057074539238,3721.6453861831365,3608.2987500278373,19620.756604742837
2026-07-08 14:00:00+00:00,109292.11939577785,101795.11686759983,116512.02690568742,13130.583814780919,18039.22973774098,18892.326961184783,8881.224413251795,5993.6849500176095,5618.478544801442,5492.152744912903,5262.149395704347,3958.793631903642,3677.888392683185,20345.606808796234
2026-07-08 15:00:00+00:00,115645.04367625687,107368.47490440801,123636.61697235059,13650.85906088993,18990.967672044077,19963.021569034736,9399.072196378485,6410.586708267491,5956.56791894519,5726.518395369736,5610.833799274234,4123.404685860288,3866.9849553193435,21946.226714873344
2026-07-08 16:00:00+00:00,122530.6600830993,112593.5597040965,131532.15523128596,14494.620890572614,20123.994283974316,20777.11412883292,9999.894209541755,6680.0347164597515,6405.358156740961,5939.639350278491,5952.752461738985,4417.822440987652,4129.575949288775,23609.85349468308
2026-07-08 17:00:00+00:00,128713.39030523083,117634.41744334756,138471.76504998995,15439.993780430861,20775.447125328134,21878.04164988338,10528.330275724127,6961.7579928373,6846.295216880426,6165.161383080236,6237.869402627862,4742.246352881142,4270.906450685035,24867.340674872317
2026-07-08 18:00:00+00:00,134473.5010607786,123145.49209543911,144840.49073146534,16286.110891613005,21545.79706941943,22611.259959887837,10988.24618748363,7306.3061155101395,7363.071597611535,6425.734840451992,6479.491634950721,4876.252698231224,4452.047818888524,26139.182246730557
2026-07-08 19:00:00+00:00,137233.85992572777,125655.97067091963,148107.40968624124,16755.786492890664,21910.209823632606,23012.05462534796,11140.644612896967,7389.075654499597,7522.070639337847,6425.025571299191,6597.318567077915,5064.757999172398,4616.508262001619,26800.407677571002
2026-07-08 20:00:00+00:00,139375.7128393083,127817.61719761539,150335.0472184575,17095.351964854864,22315.206661206696,23223.64669677038,11229.542901792323,7450.057537180659,7660.343157578416,6471.964291897731,6680.965718315913,5257.8256981077875,4660.043083655921,27330.765127947612
2026-07-08 21:00:00+00:00,140259.4241077376,128276.42407574096,151350.0616637119,17207.589033815755,22485.25890390452,23140.462674849517,11274.092935101075,7570.943803370813,7828.198919940805,6551.681896072528,6725.431813174986,5252.291674781006,4682.2165099253525,27541.255942801276
2026-07-08 22:00:00+00:00,140081.02190803897,127957.08905635115,151582.63898725234,17162.61147884647,22362.92670634604,23113.86635488149,11190.97875637164,7504.61219255078,7894.815491220878,6490.041766681483,6694.4799838383,5370.463665236134,4758.803781704821,27537.421730360944
2026-07-08 23:00:00+00:00,137444.86012796542,124970.22388148485,149342.8663927512,16808.71907060735,22147.968554861014,22692.48353955098,10976.717595064516,7339.846618815787,7658.048540985897,6315.164482520079,6461.553254667898,5356.2229279835265,4641.803679219331,27046.331863689047
2026-07-09 00:00:00+00:00,133483.4658758053,121740.48831304177,145254.50037989905,16336.447442249664,21590.671133837404,22208.7430917527,10519.325030673055,7120.6476994819295,7455.03127494174,6140.71866348875,6127.253509261881,5169.949057980516,4509.493702879746,26305.185269257912
2026-07-09 01:00:00+00:00,129641.73572682688,118340.33512195786,140945.28139695557,15636.107312415124,21187.909414141883,21684.75517071602,10072.436332042433,6976.896760175108,7347.299468758356,6036.090657288207,5946.064595747935,4945.253880466172,4273.119518338789,25535.802616736863
2026-07-09 02:00:00+00:00,125227.13049827972,114657.79016924427,136284.4905837198,15054.854393814725,20294.080342540914,21221.121999253,9726.12527737483,6804.340609098839,7075.969292095428,5732.671309461503,5672.482651401129,4799.876091563362,4091.0382834162056,24754.5702482598
2026-07-09 03:00:00+00:00,117142.34972762653,106947.82868132065,127587.08209928313,14564.66964183717,19238.402976230638,19910.417009582758,9216.355040036009,6240.559676549671,6426.362941475158,5294.010526711012,5265.724043917431,4449.926019159469,3867.5305107475606,22668.39134137964
2026-07-09 04:00:00+00:00,108586.30665346942,98942.14033904819,117980.44688452264,13607.0190305024,18118.464332060397,18607.849121621788,8502.677842306766,5837.606870227096,5966.688552337193,4889.442951725052,4988.809512329643,4029.7565712400287,3488.948798950817,20549.043070168253
2026-07-09 05:00:00+00:00,100557.4789385933,92045.62836579703,109530.45389051344,12283.34349212468,16995.918151952665,17466.200476691585,7902.0359664212265,5419.114627908626,5533.195562419356,4577.5989440251105,4599.055876930246,3711.304370424568,3207.8999066663373,18861.8115630289
2026-07-09 06:00:00+00:00,95574.59313008614,87833.05831530812,103717.86972777998,11459.135156976,16433.703905927385,16681.529179056364,7521.135820462054,5137.909294237325,5277.594022757342,4369.603054847401,4341.039775117037,3450.789963896792,3027.5671763385753,17874.585780469868
2026-07-09 07:00:00+00:00,92177.91028067982,85135.483377009,99393.38343965661,10911.338999929289,15849.45987815193,16323.047102465076,7304.411492394673,5045.831876819217,5068.841765908604,4272.426302050082,4108.955467907339,3284.884920586245,2920.292287807467,17088.420186659903
2026-07-09 08:00:00+00:00,90145.53335871472,83676.7629439908,97247.7101390073,10459.905667439834,15663.156099676817,16029.61678875532,7131.059278859209,4898.274675657955,4937.598246825403,4189.198914822933,4029.6788430399633,3172.9729784365363,2832.2783226474094,16801.79354255334
2026-07-09 09:00:00+00:00,89699.00520945873,83637.7957437108,96147.16059916312,10346.588758538195,15491.833538575724,15925.149390880302,7147.846979177291,4874.840052441079,4851.928791761138,4208.783845022145,4030.22411990112,3181.7226077939586,2875.426340269544,16764.660785098233
2026-07-09 10:00:00+00:00,91707.92299893347,86039.71301618981,97960.23396665795,10311.016556951265,15717.04687462391,16345.277184803948,7338.360818551229,5026.008643327866,4961.130460786096,4420.49386016322,4176.7304012795485,3316.257277211583,3003.0191427254304,17092.581778509375
2026-07-09 11:00:00+00:00,95696.52472503795,90317.77548778031,101496.75996557811,10703.858544099394,16266.587040129009,16901.79899045254,7663.304385358839,5257.3750124776325,5131.7631740829875,4694.758386787617,4449.526428910986,3426.593876235917,3215.038268758588,17985.92061774444
2026-07-09 12:00:00+00:00,99872.4038242239,94054.85942543925,105809.51730676234,11197.405717891359,16713.80643355983,17479.902371916363,8084.860429562399,5485.8058608375,5421.764129180327,5018.586704837175,4755.733815639568,3593.4294480674725,3461.5514543881804,18659.557458343723
2026-07-09 13:00:00+00:00,104465.27167278758,98197.77496038453,111145.31607192704,12065.05695410999,17274.317524388636,17988.441942206562,8476.185792049744,5720.035909848563,5570.966555622435,5240.721221277363,5048.387020809024,3759.5443474085046,3627.709316895407,19693.905088171356
2026-07-09 14:00:00+00:00,109548.89999697104,101686.08174440726,117631.43224637563,12833.880466125755,18153.77252231465,18770.5923191248,8895.041966181383,6023.973148818467,5900.840548796471,5510.828194803479,5405.011747518452,4009.252793635868,3710.6784495966326,20335.02784005507
2026-07-09 15:00:00+00:00,115575.97516241996,106704.91853170356,124262.75623035636,13469.274395855375,19136.589562014604,19662.756464236496,9485.667998005094,6401.764393351503,6143.369491871857,5767.338222652328,5643.680485569564,4156.422767517987,3899.1696623909897,21809.941718954156
2026-07-09 16:00:00+00:00,122363.45586778733,111825.62564205771,132206.14121167504,14020.37233526049,20223.30187076945,20775.121432157117,9965.098421120974,6689.768048741787,6563.505713483181,5970.34623132847,5930.717213574888,4471.380125637003,4169.052801312363,23584.791674401604
2026-07-09 17:00:00+00:00,128306.57040788892,116109.83632875794,139191.41767555798,14729.885625610696,21000.11751025958,21510.165672757685,10562.304031604774,6947.721666982357,6938.941083100087,6191.154081173634,6276.355535461878,4766.751201983307,4403.963949517896,24979.21004943704
2026-07-09 18:00:00+00:00,133873.8297952368,120683.7552510155,145334.23005412586,15623.420147713476,21623.659805895957,22539.654935696686,10974.27425921441,7180.546067309793,7411.663479259829,6383.426289272532,6547.92274383441,4986.230179838348,4521.674978986172,26081.35690821515
2026-07-09 19:00:00+00:00,137409.30250594622,123523.27732255038,149246.14380966595,16478.004954415275,22014.529422225874,22942.668259745078,11159.509252700527,7381.236334382732,7513.512204664041,6397.4327251512495,6701.4689550962585,5168.270466700618,4639.422367016287,27013.247563848265
2026-07-09 20:00:00+00:00,139309.6723628632,124890.85440157863,151388.27373887875,16764.472404916563,22321.194272892604,23089.653340823927,11231.90882496068,7568.953821236977,7772.958845602828,6458.554267759789,6734.2418712107965,5248.65208945339,4707.436720987998,27411.645903017656
2026-07-09 21:00:00+00:00,139849.82781980932,125155.15832119205,152367.76278561103,16956.913326003105,22637.883895377847,23006.419434559255,11146.532795767424,7468.503442648007,7964.525951417407,6510.384749317694,6758.502433447589,5300.275194350265,4737.298762175994,27362.587834744725
2026-07-09 22:00:00+00:00,139355.0895359851,124181.52307188601,152037.77485275432,16806.26622525377,22632.800981132972,22848.706383064222,11143.16721630385,7448.765034650616,7950.287426403852,6417.010099724401,6687.913914509429,5415.774168907459,4784.612041109491,27219.78604492505
2026-07-09 23:00:00+00:00,136365.793671178,122041.9218522171,149663.00469939405,16555.626068960184,22296.468858166754,22530.20178477795,10660.886810373531,7246.588584211967,7726.11781870771,6200.993860938845,6441.678664502728,5348.288422449085,4588.328552656936,26770.614245432287
2026-07-10 00:00:00+00:00,131945.8918878528,118072.7277470832,145385.70891363957,15947.290282913902,21570.704253751446,22040.065349229473,10223.704867737439,7033.464095770121,7492.037895024816,6017.608379243796,6083.976297972676,5160.637824203119,4484.413174951727,25891.98946705427
2026-07-10 01:00:00+00:00,128230.72770341446,114864.99893256975,141373.22076812643,15344.562973212684,21104.031163629235,21429.06002587245,9999.671613162038,6922.997734540314,7412.824892141545,5891.41253484323,5908.95927104586,4937.996659816175,4243.990883341207,25035.21995180973
2026-07-10 02:00:00+00:00,124043.87739761722,110968.09652311433,136552.6761783443,14827.896901006825,20306.175665553583,21090.738379928523,9689.959143080896,6704.952518889511,7042.813157402742,5569.08472123786,5692.5419818801665,4770.469957267405,4112.902567964197,24236.34240340554
2026-07-10 03:00:00+00:00,116261.66066916808,104468.70891561352,127621.13793785943,14414.458967392462,19289.797634369326,19780.73329011115,8894.47308575618,6199.319161406533,6571.320486440093,5223.350942418786,5369.113959147925,4353.914865875607,3805.7230618525705,22359.455214397465
2026-07-10 04:00:00+00:00,107444.9082074658,97028.96817873552,118687.20518103726,13048.67314486844,18115.224543791057,18299.328580005065,8371.116658615807,5771.15035462614,6094.236343669923,4828.315600852345,5043.350555806751,3977.358356748335,3467.2850259290526,20428.869042552877
2026-07-10 05:00:00+00:00,99594.81013749841,90303.00501549609,110004.02194233346,12074.816975558195,17005.987396396467,17165.967110921345,7839.8618830766845,5368.8417323420335,5583.547128669981,4490.894713966636,4569.609665688664,3646.604309026723,3193.7405145976445,18654.938707254023
2026-07-10 06:00:00+00:00,95198.10824081082,86949.88232273798,104812.2353037104,11284.905690071051,16437.97849226521,16639.90792232536,7432.402962190444,5121.732005052952,5312.886125495023,4342.227020463014,4358.723943543362,3459.0135421036434,3025.748067943271,17782.58246935748
2026-07-10 07:00:00+00:00,91694.06627964764,84116.66851291168,100561.25312017289,10826.22745655201,15825.027555552871,16187.680653588723,7195.582441533434,5023.310656204356,5112.394874244412,4219.784983236579,4127.708717022855,3270.5801782775807,2870.835096498905,17034.933666935915
2026-07-10 08:00:00+00:00,89606.03983164551,82528.69134567595,97882.76116750666,10366.054369646801,15609.907566275773,15869.791757856989,7069.731828873879,4838.838520298838,4980.784995536941,4146.933620543993,4040.899500571517,3157.084240550547,2809.2309990294043,16716.782432460834
2026-07-10 09:00:00+00:00,88976.62225344319,82286.76186988967,96762.151902983,10171.788771348463,15500.270979574605,15931.282697241313,7028.0171487685975,4827.165186814014,4890.600013673211,4150.695758654264,4029.663259485994,3169.567194626436,2807.3178200990114,16470.25342315728
2026-07-10 10:00:00+00:00,90832.91585865742,84653.35114902335,98259.7555019366,10209.792114585158,15706.144700013287,16226.188981003808,7181.589153310032,4968.8279772821425,4989.798890106378,4303.610922759107,4174.696418609943,3247.483294234943,2964.1605496163966,16860.622857136215
2026-07-10 11:00:00+00:00,94718.12750295573,88983.34305679968,101854.58271113837,10476.33054980975,16235.659148590776,16757.317208576274,7467.806550254267,5201.3123310632345,5174.37630808826,4596.953765667525,4466.424472229523,3382.115115233095,3166.2907415476348,17793.541311895387
2026-07-10 12:00:00+00:00,98676.39170809896,92780.91524164825,105840.0869896413,10969.889855282696,16660.25455034869,17255.904557265138,7893.19509703163,5439.0531760732765,5546.045737760853,4875.822388579468,4739.093936917751,3542.830158848206,3409.349645084565,18344.952604906695
2026-07-10 13:00:00+00:00,103138.11832217297,96328.05398023744,111179.1433259612,11791.184590907545,17283.62394543635,17744.64046450801,8274.002327688304,5660.977503721697,5598.345473224338,5096.724953021602,4996.466173598369,3704.6715367465954,3594.4107979825876,19393.070555337577
2026-07-10 14:00:00+00:00,108229.05302967128,99722.21736305805,117615.2859073996,12567.912535978327,18134.574304097394,18465.41172222191,8610.640721225018,5914.29458167103,5882.570716856078,5321.014766766065,5356.204763388312,3946.424085394209,3687.8637814082886,20342.141050664657
2026-07-10 15:00:00+00:00,113915.653755002,104300.60716672507,124080.37927623873,13135.672099627842,19072.739354196947,19272.651365536236,9177.218768208611,6257.968369907717,6216.4906275145295,5632.228449143416,5602.431713119149,4128.60746663133,3912.5704848737123,21507.075056242513
2026-07-10 16:00:00+00:00,120615.50983317952,109576.95695557207,131583.7554051992,13844.039844819541,20093.666277169938,20562.47098393186,9564.821674736942,6577.046809793099,6626.8543974917875,5823.258676041396,5890.252938099535,4366.972979937669,4159.077698262383,23107.04755289537
2026-07-10 17:00:00+00:00,126345.18509773767,114047.28933562974,139041.06910586925,14620.473761708556,20811.27560814174,21242.669741390928,10127.686709185604,6898.585076904648,6948.475967568931,5985.652513304693,6158.5019442121,4716.1323881586295,4330.900460576157,24504.830926585673
2026-07-10 18:00:00+00:00,131091.74180330068,117776.13460490335,144268.7358483665,15438.48706499293,21580.08334342766,22042.771688939578,10529.714787165327,7057.443082296271,7345.552299750436,6154.339375544172,6313.566728979468,4909.952213942928,4426.81130097362,25293.01991728828
2026-07-10 19:00:00+00:00,134748.6615952096,120698.89216681327,148278.9803469401,16167.8849043918,21838.318362631293,22567.552755759032,10778.047484183962,7230.761420330396,7447.663417200753,6206.885859036514,6477.287254565812,5103.011526389334,4554.095587654817,26377.153023065886
2026-07-10 20:00:00+00:00,136830.8613230368,122115.9532372567,150447.1408884286,16628.453129104895,22160.692033096355,22720.113151063342,10938.882170355777,7309.139829081021,7667.317579863552,6266.458523979014,6551.904971477875,5188.024025641695,4677.322648179943,26722.55326119333
2026-07-10 21:00:00+00:00,137494.30959550434,122640.72883410618,151647.96109891412,16857.480888313414,22405.725658286323,22616.046986849255,10905.714750500405,7364.434203913441,7803.657103794588,6216.164639236781,6579.643592689477,5239.816569018036,4670.7367404042225,26834.8884624984
2026-07-10 22:00:00+00:00,136475.62855647987,121900.67485010721,150983.07173733966,16554.568382176923,22312.840370912487,22485.96369520264,10643.321091028785,7221.649703560743,7875.427842832486,6102.08637118688,6521.856152809398,5327.835204404463,4667.678847590806,26762.40089477424
2026-07-10 23:00:00+00:00,133277.0319747083,118828.71564463287,148002.82479961865,16419.539178294322,22005.629204487945,21992.722658260493,10223.269506976516,7025.469093459649,7595.9096504660665,5916.495022613427,6341.692075890162,5243.414328169524,4543.127736051256,25969.763520038923
2026-07-11 00:00:00+00:00,128822.03644879925,114357.18165077527,143775.08093933566,15877.670292027335,21355.752323396173,21218.551827264182,9864.364548401958,6816.079758996564,7408.090145169551,5745.245476772146,5981.088173997742,5064.621610824702,4365.710830854261,25124.861461094617
2026-07-11 01:00:00+00:00,125037.88040754522,111392.38872014782,139288.23159137042,15140.118042091675,20908.540770059662,20867.447378154582,9553.848205431219,6733.535913249621,7279.635514388722,5530.588632923832,5783.346253330685,4860.14108423682,4161.269658939963,24219.408954738446
2026-07-11 02:00:00+00:00,120685.59258078429,107946.23179939148,134319.17841608945,14754.800786361351,20063.952908163938,20330.586953954415,9296.367897279895,6451.197360579411,6984.24216624656,5361.4730604456945,5490.390341424266,4672.948306814109,3976.8114754435273,23302.82132407112
2026-07-11 03:00:00+00:00,113697.74226534125,101921.46354701839,126145.09977858757,14251.379941522358,19080.911381415575,19040.17579381024,8642.184090838451,6027.366587036619,6511.100318399642,5045.992613562678,5194.865728052373,4376.759624489562,3753.9159749450255,21773.09021126874
2026-07-11 04:00:00+00:00,104417.47926059182,99141.22233484108,110328.09420177544,12989.441715780482,17811.404149234037,17890.575985713018,7977.128435403861,5580.237603351376,5855.791713338405,4584.222739167673,4818.387185438004,3953.647872915196,3414.1359758370786,19542.50588441269
2026-07-11 05:00:00+00:00,97499.93249444361,92849.6022012041,102957.81927375708,11960.331167201923,16927.54820946465,16703.45733270241,7557.218942665842,5190.398231984511,5498.981742536692,4274.739669414118,4474.172306509836,3639.3563188949142,3171.921232693673,18101.807340375035
2026-07-11 06:00:00+00:00,92214.15228791635,87845.4855141318,97143.08888380113,11211.149003938219,16345.845536364437,15848.767398290813,7050.47421567146,4919.073488544517,5142.651481032256,4078.4476945040587,4239.009414527305,3413.549792574389,2930.9468254664644,17034.23743700243
2026-07-11 07:00:00+00:00,88541.32001865424,84535.74565293724,93353.76476195079,10722.94422046821,15562.30660543021,15380.131631958722,6795.86067514648,4753.123443438992,4987.798063482383,3964.9266208556287,3988.81560602624,3257.557135820224,2838.257236414745,16289.598779612397
2026-07-11 08:00:00+00:00,86087.9905446005,82287.19377680878,90657.27217649588,10181.549720206225,15300.5943471991,15155.874698588688,6624.767352726829,4617.441266499733,4822.336474089597,3890.8564583778148,3890.2186700552656,3062.0673890470175,2739.1619030935244,15803.122264716716
2026-07-11 09:00:00+00:00,85442.34653836672,81761.4271548524,89730.55318156272,9876.79090748858,15261.30487393663,15094.897699460971,6595.460398859652,4622.5478280776415,4765.783777463904,3882.3658154476548,3886.1925206826572,3051.965448745317,2725.1403959698523,15679.896872233865
2026-07-11 10:00:00+00:00,85721.91352314761,82168.76616551829,90258.14111274137,9842.285564456422,15236.936280696456,15172.511418040713,6611.041713145983,4651.362494556234,4778.5485294358705,3955.087073634933,3907.4023368774665,3060.534905171813,2732.0955257139976,15774.107681417727
2026-07-11 11:00:00+00:00,85932.81063992818,82496.96100566901,90509.33257307083,9907.297011076324,15287.264378735097,15207.019333368664,6653.85358136588,4633.728557005687,4610.098958619653,4044.2171874653327,3929.6904075075777,3065.8205221422013,2715.607686128246,15878.213016513515
2026-07-11 12:00:00+00:00,87085.05616304422,83913.01088108578,91225.951191098,9848.935367890099,15621.78621165755,15272.411922002266,6763.206868333052,4692.741031256144,4722.796594543983,4104.364406822206,4093.8172899913097,3208.213176655182,2823.288560320345,15933.494733572084
2026-07-11 13:00:00+00:00,90822.52915257844,87390.92400395252,95235.05613197914,10215.932722265628,15995.190277362613,15912.575085294871,7050.940528738105,4989.270894388292,4850.741464599813,4384.685473864032,4484.367428357189,3340.0405262936893,3089.205845540458,16509.578905873757
2026-07-11 14:00:00+00:00,96518.72248713142,92706.64156126953,101167.57543574748,10887.601334337473,16974.944727519916,16540.27622476342,7492.390484118287,5264.566114787007,5135.737805706737,4681.588037318613,4723.5227017441475,3553.4013999137605,3224.6366630900375,18040.05699383202
2026-07-11 15:00:00+00:00,102933.73615110893,98337.5433758635,108143.35427012922,11800.249074168401,18149.571396118623,17545.70282249354,8062.832791237987,5625.33981611856,5308.641814359479,4928.543683671192,5098.22007751841,3727.9070932525697,3410.9407641499465,19275.78681802024
2026-07-11 16:00:00+00:00,109866.59539572909,104277.61566870361,114890.70216626233,12634.136675993985,19198.935823655676,18378.206943064983,8537.305352770187,6003.073311839265,5955.023141382498,5173.192016465635,5355.467818770113,4136.284257834917,3674.9636915807596,20820.006362371078
2026-07-11 17:00:00+00:00,115846.86532378265,109594.44697138254,120501.19424377468,13336.49975247452,19958.047863130778,19296.64300214783,8815.826412120725,6291.319805918271,6202.471967002561,5409.787322655447,5652.143953307027,4513.646392496601,3907.125155288173,22463.353697240713
2026-07-11 18:00:00+00:00,120586.75469722247,113629.62153234039,125269.32364022669,14019.801692136356,20561.356829493652,20222.079676850914,9216.839675472067,6546.38824250891,6525.900981425884,5534.306324680118,5891.797607725217,4682.6602448024105,4003.527762552021,23382.095659574916
2026-07-11 19:00:00+00:00,124025.19270898052,117186.93903831852,128705.86275731504,14548.609839220575,20891.135792624285,20828.840156777664,9364.003511891058,6763.528324556364,6707.699641330262,5644.962413885571,6006.163224513712,4884.2300545345915,4164.205577852714,24221.81417179373
2026-07-11 20:00:00+00:00,127094.19205735969,119769.3751168912,131789.15639998423,15108.460151396488,21298.38992148646,21066.374548717824,9589.318649926594,6851.499028687424,7098.697335988397,5751.176558457391,6191.782236262922,5026.591972641668,4146.753603099108,24965.148050695425
2026-07-11 21:00:00+00:00,128685.6727529953,121181.81081385649,133179.74887744398,15027.683073864751,21622.353949638167,21290.450664576023,9844.150729600058,6969.696737523511,7300.811337247139,5792.739449314552,6207.750573840866,5072.589192731585,4278.85514147328,25278.591903185363
2026-07-11 22:00:00+00:00,129283.2172140627,121977.69295720727,133148.34982720955,15371.782180692004,21714.52273346289,21148.77517432046,9791.277642077534,6986.877062425717,7408.819446463254,5797.890084796322,6187.269250330828,5172.280934295732,4301.431063265228,25402.291641932723
2026-07-11 23:00:00+00:00,127124.2640555701,119733.64421514835,131355.73295127717,15304.245212764385,21416.101852581498,20874.95488836276,9544.65023514898,6735.639956090781,7287.800005512196,5633.895374046407,5951.413159499187,5142.656803272726,4274.853940983142,24958.052627308025
2026-07-12 00:00:00+00:00,122716.94168129274,115994.30264130607,127229.50569252534,14870.232291002929,20820.768031717696,20075.546184523046,9157.78989784626,6548.658500768375,7041.853016149806,5418.388235988566,5668.0442835903195,4966.121800128133,4131.676168680002,24017.863270897604
2026-07-12 01:00:00+00:00,119551.9132908374,113108.61701307411,123939.18131012493,14239.799938813776,20527.69898574497,19724.795544311353,8972.253230575365,6468.7185136488515,6860.901005430068,5243.413452395659,5433.007923242257,4729.137056977623,4050.433005109404,23301.75463458807
2026-07-12 02:00:00+00:00,115753.92030797043,109209.76393951617,119904.44354121583,14072.061716383203,19753.48896345908,19189.142030697665,8699.597789064686,6136.770770987659,6646.761586416285,5184.367463607605,5272.178953377417,4547.545630245346,3899.787404671606,22352.21799905989
2026-07-12 03:00:00+00:00,108195.58697002548,102859.76638327572,112093.11908039307,13423.91835510352,18657.532466729426,18022.182517578247,8191.616449619699,5771.718907679146,6291.490806712824,4824.759903472273,4938.349478588944,4301.949820919318,3571.310227141193,20200.7580364809
2026-07-12 04:00:00+00:00,100797.10303648072,98608.80089247608,102711.43454263573,12356.445473174826,17662.31357249152,17018.59293812688,7711.9862065327425,5295.010278942002,5702.961086007437,4446.273432538234,4655.470444690415,3914.3356944916713,3334.7195581927103,18698.994351292287
2026-07-12 05:00:00+00:00,93797.7738195623,91687.25247548852,95698.0954030473,11444.770325586509,16590.035169463918,15850.02250960955,6977.647288549859,4870.914886740637,5392.586170830647,4099.459372402404,4367.492056526286,3691.4596433361867,3116.0427477392923,17397.343648777012
2026-07-12 06:00:00+00:00,89077.52627822454,86984.41105174666,91010.04587224795,10818.813071922026,16038.91046109113,15236.130681080083,6636.973967389483,4647.080068282006,5147.529687830859,3944.4292628579115,4110.006491061249,3394.240591050582,2880.7661487623036,16222.645846896914
2026-07-12 07:00:00+00:00,85781.52615643159,83791.33066769321,87673.99175075168,10223.021828529725,15477.939637159583,14856.362745870272,6383.700192692462,4454.042670008364,5056.253841233151,3833.9888040716205,3886.4261514327923,3226.401499300704,2782.899344496546,15600.489441636364
2026-07-12 08:00:00+00:00,83380.2026873088,81489.91018657468,85142.48395639512,9794.9029253038,15098.895370127226,14539.445394786171,6199.43658873722,4371.1919316586445,4898.580705686393,3766.1135742309366,3807.0934711286113,3069.7011865568543,2670.9841521307067,15163.857386962241
2026-07-12 09:00:00+00:00,82790.40103742863,80941.43867039762,84515.55333335862,9563.218963912055,15035.723773690053,14489.74521488277,6166.596454575372,4359.27807828446,4833.55267306044,3759.261026056506,3785.1311832405995,3067.3094539653057,2639.8636413687204,15090.720574392355
2026-07-12 10:00:00+00:00,82817.94162585854,81027.39555957024,84515.39045645238,9509.615855836444,15001.02825692566,14548.403262444754,6153.728288532421,4388.128995337976,4740.0572393843495,3784.1377771329703,3823.9992004295186,3048.8472021074895,2647.458867597708,15172.536680129242
2026-07-12 11:00:00+00:00,82385.09456571063,80618.87295765142,84088.18208436717,9487.80883432467,15033.4377566013,14523.799823609095,6167.9181338966655,4352.894117656447,4529.2873994402935,3872.243748921445,3746.702793597882,2979.276336275392,2576.4744299872696,15115.251191400183
2026-07-12 12:00:00+00:00,82851.1822411381,81091.70649180854,84521.619303079,9216.143375832155,15209.476300150129,14674.083442373589,6256.46884771809,4444.908264613498,4490.965234089242,3937.080461362282,3833.1600213018446,3058.589383930922,2546.2942567023965,15184.012653063952
